0.6109,-7.1978,0.4623,6.5872,-4.6491,6.9167,7.3562,-9.0663,-9.2871,2.2578,3.0359,-2.7937,-1.637,1.2658,-1.9372,2.3767,-9.2638,-4.9082,8.0733,-6.3964,-7.717,-2.0297,8.2875,9.7022,1.7021,6.6167,3.0904,-6.4426,-9.0183,0.7724,1.2787,4.2199,5.2023,7.2092,3.4991,-6.3538,6.1491,-4.9782,-3.8958,2.4859,4.181,-1.0917,5.2624,-0.6331,1.9787,-2.9866,1.5865,8.0125,-1.6958,-6.6411,-2.5717,7.4308,-3.8584,-0.4901,8.9629,-6.9763,3.8965,-5.8945,5.4309,-7.1252,5.1744,6.5798,3.8015,-1.4383,-0.7298,2.2055,8.7133,-1.3414,9.8835,8.9515,3.2214,8.86,-5.8502,-5.5821,-3.289,2.9103,-1.4848,9.8523,-7.8914,4.4354,-4.8407,2.7704,0.7606,-6.9203,6.4316,-8.6458,4.2653,7.1169,1.1354,-8.0226,-8.5435,-9.9874,8.1648,1.6255,3.8557,8.1565,4.4312,-1.9711,2.4082,-3.641,-6.9606,7.2707,5.8176,-2.4053,-0.1879,8.0707,3.4745,-9.8038,0.8371,-3.3293,-7.8223,3.3332,-0.1615,-6.2148,9.9899,9.8884,8.1748,9.8769,0.5556,2.8686,6.2778,5.2322,9.9689,-1.6495,8.3998,8.835,-0.7227,-8.8571,-7.634,2.017,8.0137,8.8356,-9.9473,1.8389,5.8765,-1.8085,7.6476,-2.6895,5.0755,5.594,-3.7897,-6.5171,-3.6668,-9.0902,2.2297,2.1817,-5.5895,0.94,-3.4675,-7.0253,-1.6912,1.3683,-8.7661,-8.8467,-9.5992,1.8497,9.1728,0.0788,-1.2506,4.3229,6.4024,-0.2686,6.9422,-5.6658,6.9302,2.5344,-4.3765,-5.7602,-2.0928,9.9366,-9.2892,-7.0463,7.5129,-0.6796,-9.8742,-0.9699,-6.3525,-0.4221,-7.1169,-9.9438,0.0917,-3.4798,3.2543,0.3741,-7.849,-3.6543,-3.2533,-1.0222,9.4574,8.8846,-8.8799,7.6918,0.1757,5.4158,-7.4891,1.1921,-3.0721,0.3525,5.4409,-2.0325
-9.305,4.8155,6.9225,-7.7607,-1.6682,-8.7898,-8.2779,-3.4397,2.5843,9.2623,-5.3972,3.3163,-1.3692,7.7846,6.2064,8.7938,-7.3777,3.7578,7.5721,-9.1672,9.3728,0.8619,-6.7184,-0.5842,3.4438,8.223,4.389,0.3391,-9.382,-3.5414,-2.2697,6.654,9.5207,4.2954,-7.7799,-2.0595,6.6762,-5.8792,7.0081,-4.1304,7.4239,4.8897,-3.8001,3.4812,4.8443,-5.4894,-4.9348,-0.1085,5.9768,3.3336,-8.7697,0.7933,-3.8117,5.5876,1.0173,-3.3083,1.1026,2.2588,-3.2319,-1.1466,8.044,7.153,2.2665,9.54,-9.4457,-2.6617,-7.9829,-6.7316,-7.5061,6.5289,-4.3666,-3.2515,0.019,-6.2023,3.9336,0.35,4.3905,2.2141,-6.3551,2.7067,-1.6295,-3.1044,-7.4937,-2.972,5.6722,-7.3056,0.529,7.3171,4.6015,7.5718,8.5759,9.4125,9.0661,-6.758,-2.3327,3.218,-8.245,1.1814,7.1138,1.6677,-8.2169,6.3188,0.4319,9.0918,1.1817,-1.2955,-6.0284,-6.2917,-5.2564,-7.0462,-9.0005,-8.2309,-8.3717,-4.0396,5.2571,1.2674,3.6977,6.1271,7.8613,-5.9914,3.6724,-6.5756,4.5789,0.1571,3.1971,4.0002,7.7023,4.9956,-1.5684,9.5917,7.153,3.0501,-1.4256,8.5194,7.5389,-4.3623,1.5907,7.3452,4.5472,-4.6872,-9.2884,2.3712,0.7795,-3.3918,2.5359,8.3251,-9.9365,-7.5745,-8.909,-0.9905,-0.3188,7.3729,-5.642,2.0859,7.1051,-3.5124,5.7207,6.3561,-7.3181,9.2908,-0.763,-2.5133,-3.516,-4.5363,3.1179,8.9333,2.4338,-2.8706,0.171,-8.331,5.4018,8.0048,0.6471,6.6439,-7.833,9.89,5.7887,7.6973,3.528,-4.0977,0.4842,-0.2084,-4.3671,3.3695,-7.5966,9.6108,0.5032,7.4796,-6.1786,5.2663,-4.0129,-6.7141,-9.596,-4.3197,-2.5959,-5.7224,7.697,-7.5231,2.5914,0.1715
-9.4007,-2.6579,-2.3259,8.8896,4.5155,0.3836,2.2178,-1.0835,-4.9041,8.5406,-8.7833,9.6034,5.1312,-1.9126,-1.127,-6.4588,2.1772,-8.4483,9.8543,6.4824,2.4718,2.1705,1.5628,-2.1773,-2.4435,4.9787,-7.56,5.1853,2.1592,-4.4426,8.1619,-9.8582,-1.2904,-6.2457,-6.509,3.2542,-7.7169,3.2138,0.1697,-0.3532,8.0266,-8.8461,1.04,-3.2161,9.344,9.3529,9.2477,9.8909,2.8105,-1.2772,-9.4033,-9.1622,3.1991,-5.4405,-5.3881,-2.9452,-1.2983,1.8553,-1.9058,-5.3888,4.0568,0.272,3.1972,-4.6385,-2.2107,1.6004,9.5878,1.0135,-7.508,9.2693,5.6873,9.198,3.1364,-5.8147,-7.3377,7.1128,2.6284,2.1911,4.4472,7.3045,-6.5916,-1.5946,8.5965,-5.0881,-9.274,-3.3904,-4.0919,5.644,7.9654,-9.5156,2.0902,-4.5876,6.6458,7.2445,4.7089,-3.7452,8.4919,-5.2322,-4.4254,8.3176,-1.2702,-0.8496,-6.0213,-8.8472,0.6703,3.0796,-5.1483,-0.8917,-8.4283,-6.8153,-0.1973,-8.5001,-8.8766,-0.0222,2.9603,-6.3602,9.8087,4.6147,-0.3761,-2.4924,9.3356,6.6174,-7.4037,6.9883,9.5538,-0.1456,-6.5406,7.1841,5.0335,2.4002,4.4772,-5.713,1.1884,-6.1008,-3.3791,0.7818,-0.7201,-6.1125,5.5258,-5.3613,2.7188,0.092,-0.6818,7.1526,-3.0325,0.0528,-0.543,3.029,2.5784,-4.3865,3.2541,-0.9515,-3.3321,7.3833,8.4007,-5.0393,-0.3518,2.4548,3.4735,1.9589,-8.1975,2.8288,2.9155,-5.7665,-2.6565,-9.9976,1.5605,3.9828,3.1127,-1.9285,-9.6258,8.9261,-3.118,-4.8455,8.2175,3.8565,-9.5802,-8.3503,-8.5473,2.2553,9.6555,-7.0432,7.509,0.4536,-9.7465,-7.3099,0.1748,-7.5993,7.862,3.4188,-6.8826,-0.2606,1.7236,1.5352,0.2375,-5.9421,-3.1384,-7.0298,1.3813,-3.0804
-4.419,-1.5738,-7.28,1.8845,-0.9666,-7.1258,-3.0039,-4.3502,2.6723,9.0609,-2.1129,-1.9807,7.3079,-7.876,4.5623,-2.5148,-7.7686,2.9034,-4.5644,-4.9502,-2.8868,5.5348,-5.9229,6.8796,-1.1231,8.7597,-0.0952,-3.6698,6.0283,7.9112,9.4191,-8.6888,-3.1879,6.0638,-0.4875,-3.4374,8.703,-0.3632,3.0767,-2.3653,1.2334,8.8747,-1.5557,6.5613,-9.3983,8.9833,2.0239,8.2973,7.883,2.0076,1.4436,-1.598,-6.3404,2.7294,-2.572,-2.8958,-0.2869,7.6041,-2.2787,-9.0681,-8.2219,8.5302,-6.1403,-1.1758,-9.4792,7.5159,-0.9332,6.7569,-9.2375,-4.9712,-0.7383,5.7756,8.1808,-2.2338,-0.1157,-4.7926,4.8861,-0.9552,9.4716,-5.5912,-6.2791,8.2902,-7.9592,5.1788,6.8263,-0.2926,-6.2387,-6.9551,0.3965,1.5709,-8.5608,4.0967,-1.2438,9.1086,6.1594,-3.643,7.9112,-5.8923,-0.0363,9.8506,-4.968,-0.5296,5.7086,-6.8654,-8.5744,3.1358,-8.4014,-8.7661,3.2853,2.6948,8.9688,-2.1533,-6.879,-5.8498,-4.1513,9.1466,-5.6739,3.1814,4.1656,4.6391,-8.2157,5.4136,-0.2267,0.5495,1.3024,8.2989,-7.1673,5.0601,3.1124,-8.837,8.1822,-5.6395,-1.9899,-8.7729,-1.4248,-2.9572,-8.0313,-0.9297,2.9954,5.9091,3.2467,0.1912,-8.9804,-4.9818,9.2397,3.9249,-0.5038,-5.0917,9.093,-4.0851,7.0653,-1.2162,-0.5554,8.4496,-0.9479,5.9883,-6.7116,-6.6768,-9.1343,8.4024,8.5938,-5.1607,-4.4477,-1.619,-1.8366,-1.9349,-1.9624,0.3385,0.3208,-1.1703,0.228,-4.7491,-0.2353,-2.3674,7.4586,0.3186,6.6453,-0.8277,-7.6641,-2.9859,-0.6964,-9.3841,-9.873,-5.5524,3.7881,-1.1761,2.0944,9.6237,7.2039,7.0217,6.7175,9.5756,6.2936,3.2122,3.0648,-5.3225,-7.2939,-2.6307,-3.1338,-9.6544
1.4393,7.2439,-2.5267,8.4895,2.0948,1.7747,-6.2924,-5.3063,-4.207,-0.4685,-1.1728,6.2974,2.2218,0.0512,8.0288,-1.3706,1.3828,0.8813,-1.5155,-0.5873,-5.7747,0.9141,4.0539,-3.1937,6.9145,6.3363,0.5296,5.8355,5.4425,2.2862,4.3578,-7.3119,6.6781,8.5954,-5.8361,7.5276,-7.4361,-2.8942,4.5838,-1.6482,-1.9995,7.1561,-0.8133,2.2629,-7.7451,-5.7479,0.1266,-1.8849,-7.1296,-9.6315,-5.8546,6.9012,-7.8717,3.9503,-4.5444,0.8075,5.3098,-0.94,-2.6838,-1.8891,-9.3191,-8.7468,-9.742,-6.3671,2.5453,5.3826,-8.2385,6.9356,2.6898,-9.1702,-2.4641,-3.1066,-3.6449,-8.7274,3.4249,-4.1176,9.291,9.1069,-7.4434,1.7044,-3.8804,6.3996,0.1581,-9.0066,-8.565,1.4254,2.5024,-1.0931,-1.2016,2.9265,-5.3528,9.1672,6.6703,3.5742,-5.8095,-4.0564,2.4986,-4.7929,1.8,-1.6952,5.044,5.9466,0.4159,-6.3128,6.2882,0.1672,6.3947,5.4415,5.8174,3.8855,0.0185,-3.6616,3.8692,6.3221,-6.3319,-8.6475,-3.1033,2.9105,4.2846,-8.7686,-3.1895,9.8295,-8.4454,-9.5421,-7.6894,-0.5282,-3.5654,-0.7608,-0.5677,0.1401,-5.6401,6.2403,-0.9999,7.9245,5.55,-5.9514,-5.3412,-7.566,-6.7909,-3.066,8.317,-0.3194,4.0361,3.1978,-1.7843,-3.6635,1.8924,-3.0457,-3.2967,-8.4771,-3.8096,8.6174,-9.4614,-1.8542,-9.6321,-6.734,0.9412,-8.7485,3.1475,8.4914,-0.9548,-9.4913,3.4634,-5.8331,6.3738,5.7835,9.9878,7.3181,6.8935,-2.7379,-2.9408,-8.9887,8.2567,5.0883,-4.7753,6.7258,-2.9913,-5.5656,-0.6739,3.5717,-0.8502,9.8256,-1.1269,-3.1881,3.7858,-1.64,-8.7255,5.5001,-4.7518,-2.0767,-1.2482,-4.9541,4.9925,5.8527,-9.5916,-5.0327,-0.8592,7.0642,9.3119,1.1014
7.916,1.9792,6.5481,-2.5788,6.2396,5.862,2.0103,-4.7679,3.9552,-0.6556,-0.6612,-0.0908,4.0975,8.5391,-6.6763,-9.9757,3.1859,-8.2967,-9.0577,6.6744,-6.6996,-3.9544,4.0892,9.2402,-3.5583,7.8951,-4.068,8.686,7.343,-4.203,-1.0171,-4.945,-2.7289,-0.9394,9.9775,-6.2934,-2.1773,-1.3859,-1.054,5.9688,4.816,4.9157,-8.9449,-0.2907,-5.9739,1.7841,9.4563,-8.9724,-9.2096,4.1472,-8.6532,-6.7147,-2.7034,-4.4411,-9.282,2.2829,3.6852,-7.2001,2.4019,9.7079,-0.1146,-4.9443,3.5255,8.1492,-7.9215,3.4808,9.8976,8.1203,5.1027,-6.2213,3.7503,-5.5238,-2.384,-5.4802,-6.7683,-2.9107,2.2889,8.7902,0.6337,-0.3077,-4.1983,1.2915,5.5414,-2.3305,2.1515,1.7138,9.9396,-1.017,3.4754,-1.0651,7.0631,6.7827,2.3353,7.379,-5.9769,3.0402,-3.5054,8.4539,-0.8065,-0.8304,-8.5152,9.2292,5.3149,5.542,-0.7084,7.547,-9.3026,-2.795,5.5747,-7.8759,0.3979,1.1499,0.0674,0.6054,-8.6716,0.6183,8.0662,6.2415,-1.6854,2.9381,9.1604,7.1239,5.9136,-2.6302,-8.1938,7.8277,-6.6379,7.1369,1.8737,-4.6965,9.7521,-6.768,7.7725,1.6074,5.1455,2.2094,-5.9034,-5.3263,9.8984,-1.9455,-1.6004,-2.9086,3.1214,7.0552,4.7114,-6.6653,0.86,7.6151,-0.5061,8.5315,-5.3172,-4.3137,0.4927,5.6743,7.1477,-3.1038,-2.9842,2.9576,-3.6406,-3.1509,-8.8149,8.0884,6.1699,9.2301,-9.305,-9.8803,-5.0913,-0.564,2.77,1.8007,0.3349,-9.5795,0.8258,3.401,0.4999,-7.6451,9.4378,4.7248,-2.2855,7.7941,-5.5761,-2.3752,3.2039,3.2581,-5.9172,7.8021,8.3259,-6.3149,1.4468,-5.1441,9.771,-8.8039,-3.1431,6.3452,4.5209,-2.6253,-8.8681,9.9995,6.6576,5.0226
0.1152,-0.7257,7.3191,6.1622,-8.1586,7.6056,-3.5128,7.5971,-4.7285,-9.6863,2.1319,-1.2338,-6.5995,9.5036,-8.9273,-8.1725,3.2139,-0.3639,-0.4308,-7.9604,-7.9041,-0.3815,-0.137,-5.3806,7.8112,-1.9374,0.7398,-8.1118,-5.6101,7.8688,1.9748,-6.9513,-7.2951,-0.5095,8.7949,5.3931,6.4592,-0.7269,2.9016,5.0865,8.6532,-1.506,-4.2494,6.9403,5.8937,-2.8299,8.6507,-3.599,3.8402,-0.704,-0.7739,-5.0531,6.4174,6.0999,9.8665,9.9364,0.8937,-8.708,-9.6301,-4.2829,0.0495,-8.7375,-1.5418,-4.2892,6.8814,9.2069,5.6989,0.2244,-0.4815,-9.4239,-7.0573,8.7591,-6.7036,-4.0443,0.2118,-7.4031,0.4854,-1.9339,8.1578,-9.1011,1.0198,6.946,5.8003,-1.1745,0.6458,-9.1049,8.7753,1.7328,6.1075,-3.0036,9.2043,6.7311,5.3604,-6.5267,0.9911,-0.8475,2.4566,1.1416,-0.9755,-3.4297,1.2215,7.7932,-7.9975,-0.3819,9.7033,-6.76,-2.8437,-7.5256,9.5889,1.2321,3.5093,0.4472,2.2085,-0.8583,-8.5303,-5.9818,5.4552,6.0222,-8.4383,3.8678,-9.1736,-7.3855,0.7542,-7.4909,-2.1588,-0.0141,-9.3299,1.1126,-1.3638,-7.721,-6.1515,-5.1605,6.2164,6.8386,7.1218,9.001,-2.4343,5.3915,-4.7541,5.4628,9.8235,9.9222,-4.8183,-9.694,8.6629,2.1675,-6.0444,9.0846,-8.5167,9.7991,8.7653,-1.0165,2.2908,2.2947,2.0553,3.8048,7.0276,-7.7998,-8.6567,-3.5711,-7.7689,-6.9905,7.6713,1.158,5.2666,-8.3486,5.7578,-1.7705,3.2936,-2.8338,4.306,-6.47,4.8213,8.852,-4.1788,6.8876,6.0889,0.9546,2.7729,1.2825,-2.1574,8.8045,4.7572,-7.8732,3.6151,-3.0618,-4.5743,-6.9116,2.7838,9.2549,5.4581,2.7809,-0.6014,5.7337,-4.1555,9.3244,2.1911,8.8226,-9.6921,5.7657
2.2551,5.1978,-0.3206,-1.2895,8.6149,-3.6754,8.4847,1.791,-4.5752,1.9991,-8.4719,-1.6281,4.2785,-0.1658,4.0785,1.9845,-0.8516,-2.4973,6.581,2.1682,-8.7152,9.3141,6.3538,1.7033,5.8627,-6.2167,2.7669,4.3391,-4.2262,-8.0112,-4.2207,-3.5878,3.7061,9.1303,2.7248,-4.2292,7.4913,-1.5372,-4.243,0.1053,5.7688,3.3182,5.5971,5.0877,7.348,9.931,-0.0745,9.424,-8.7619,-1.2602,8.4397,-8.0691,9.9059,0.5228,-4.415,5.635,2.8664,7.7612,-9.7122,4.3311,4.1154,6.2701,3.5,3.1212,-4.3295,-9.0418,-2.9763,7.9528,-1.3978,1.4439,0.6833,6.3256,2.096,-0.5283,2.7138,-9.5307,8.4939,-0.8412,-4.7694,-0.289,9.5521,5.2468,8.1077,5.8759,-4.4763,-5.1342,-7.8434,4.0296,9.6156,-5.943,4.6892,-6.0666,7.2808,4.2127,-4.4517,-9.0959,4.5911,8.9838,-2.1948,-7.0353,7.9085,0.0651,-5.927,5.4404,9.0699,-0.8925,-7.7508,-9.2867,6.1605,-4.1145,0.4958,2.3973,9.8654,2.3185,-4.2769,1.2786,1.7188,-0.0709,7.1933,1.1768,0.571,-5.3387,-6.8571,6.3146,7.8472,2.4239,-1.6421,3.3217,-1.7139,-9.014,-9.4168,-6.5917,-0.9093,7.4222,-5.1966,-9.6758,2.4987,8.4383,-1.5313,-1.5713,-7.1867,0.1258,-8.6607,-4.125,3.8302,5.3316,1.1521,7.7039,9.9843,7.9944,-0.5418,-7.9057,3.574,6.2903,-3.5448,4.2562,-4.3984,3.756,6.9819,2.6649,-4.778,-4.1605,1.7509,5.6284,-3.39,5.5564,-1.8893,3.7823,1.1854,-1.1804,1.5427,-5.3041,7.0274,-4.7705,-6.0945,-7.3648,-2.9568,8.4639,9.2325,0.7923,-6.146,7.0691,-2.6632,-0.4712,2.7415,0.4828,-1.5527,-4.1449,-1.3061,0.5891,3.5757,8.6506,8.6508,3.0862,9.3712,3.7519,0.1122,-5.5301,5.1268,-0.6393
-9.6291,3.3587,-6.7196,-0.3358,-0.2442,-2.6568,-5.3474,-1.7069,-3.6189,-3.4616,6.4806,5.7486,5.6383,-3.6365,7.6682,6.9246,3.4223,-9.6808,2.3053,-4.6028,2.1425,-7.5602,-3.714,-8.2562,0.4747,-3.0608,3.5835,7.7876,-3.9241,5.5921,-0.2679,-2.5078,-3.5744,8.4012,-9.8532,4.9704,2.7831,-9.6599,-5.6992,-2.4914,-1.4084,3.6918,-1.7818,-3.6477,-0.0054,5.8652,2.7989,-8.2493,-1.861,9.3903,-5.7251,8.4006,-9.9099,5.4111,-3.5587,-7.1886,-3.7108,-3.5815,-0.652,-1.6415,-2.623,2.2285,-4.3214,-1.0041,6.0943,-0.053,-9.5482,3.016,5.3974,3.4784,1.0052,-6.9646,-0.6325,-6.0898,-8.1632,-0.4568,7.5605,-3.2265,-4.4505,-4.8749,3.0028,-4.9406,9.7526,-4.4226,-0.7469,7.8208,4.369,0.679,-5.4296,5.498,-7.7799,-9.2662,-4.0996,-3.5265,-4.078,2.4835,-3.2752,5.1801,-9.3689,0.6022,8.0361,-7.878,4.9463,5.9877,-9.3406,7.0242,0.4022,-2.2627,-4.0066,0.5777,5.5282,-9.1894,7.9543,1.2722,-0.8843,-5.5375,-6.7778,-6.1228,8.9661,1.5646,-4.4356,9.1944,6.0023,3.2836,-0.147,-1.0533,-6.8202,-7.4742,-6.0549,-9.2741,2.2534,8.1434,-4.1821,-4.8883,-3.427,-9.3498,-8.2513,-2.2627,3.7109,2.359,7.883,-5.2525,8.993,-5.1503,-8.607,-7.4837,-0.9402,-8.8298,-2.4246,4.8136,5.5876,4.4998,6.1196,9.0138,-4.8698,0.0389,0.0751,7.0578,4.3088,6.1326,3.2001,9.8218,-5.0961,-9.1748,-2.5891,-6.9065,7.5216,4.8104,8.4099,5.4578,9.5409,-9.2721,4.0235,-1.693,7.4935,-4.8849,-4.7137,5.5061,7.0767,-2.3904,-0.2835,-3.1004,-6.9003,9.0861,-5.5754,0.3276,4.9311,4.1835,-6.7804,0.8678,-5.5886,6.557,4.2952,6.3051,0.2849,2.4034,7.4104,7.5058,3.5284,2.2206
7.8917,-1.7728,-4.0635,-3.444,6.6289,-2.7095,7.7726,7.1667,4.0234,2.3337,3.3286,7.9954,2.7729,-1.6218,6.9099,8.6667,7.0893,8.2528,7.2989,1.8525,4.1472,1.8947,8.1145,-3.7568,-2.7862,-2.8005,-7.0396,1.5077,-2.8249,5.117,2.2647,4.3066,-1.836,-4.2499,9.5873,-7.5738,-7.7788,-1.1776,-0.5147,-4.0479,1.0747,1.4533,-6.6236,-5.2987,-6.7654,-8.8552,9.9281,1.4205,-2.9342,-8.4007,3.1844,-3.4672,-9.3555,-0.3984,8.8349,-5.0457,-8.5998,1.5325,4.0717,0.2694,9.6962,-1.6675,-0.6387,-8.9492,2.6365,8.8257,-0.8398,4.309,2.9767,-4.1774,-4.1532,-7.0255,-4.427,9.8291,-4.6579,-8.6236,7.2426,-4.0824,-7.3881,-9.0589,-6.8308,6.8018,7.181,0.088,4.7362,8.9583,-3.9662,1.6063,-3.389,-3.0104,0.7246,-9.2522,0.3263,0.8932,-1.5886,-5.6522,-5.1925,7.5781,-3.8856,0.4835,-9.9263,-6.12,0.3215,-7.1108,-6.3951,1.3533,1.2411,-7.5494,5.4041,5.8704,1.2699,4.3858,7.0281,-6.3948,5.3938,-5.4673,-8.8574,0.0409,-0.736,2.8395,-1.4192,5.4338,9.9217,9.9207,-1.1489,-4.1268,6.177,-8.1608,-7.9716,2.2959,-9.6005,5.6646,-4.4852,4.2963,-6.6346,9.0166,9.7492,5.4152,-7.5397,-9.0674,-1.2179,2.4379,6.4486,-9.6248,-0.4196,7.2923,3.8382,-8.3792,-8.4709,-3.5464,4.2493,-1.9779,8.742,-5.1281,-5.1077,-4.5005,-6.2658,3.9203,-8.8244,2.2753,-6.9888,0.8969,-7.2516,-7.7452,6.3085,2.4764,-1.6243,7.1504,0.7252,-6.707,-6.0539,-4.552,6.3188,2.0457,4.4079,-6.1608,-8.3264,5.9327,3.7121,9.3754,1.729,-5.5031,-6.8467,-7.5131,-2.9906,-7.0461,9.1488,-3.3773,5.8542,7.1865,-9.3758,6.1795,-6.8452,-2.2566,-1.1896,5.2096,0.5641,4.572,8.5855,5.9191
2.9546,-8.7561,5.2518,0.2869,9.0966,0.73,-2.8957,-9.5625,0.8316,6.1516,-9.4878,-4.2632,-2.2139,-8.5701,-4.0209,-8.5892,-4.136,-2.5328,3.0191,7.0037,3.9375,2.6159,4.9673,-7.0426,-2.6861,7.1287,-3.8431,-0.526,-9.9402,-3.0038,3.8998,-2.1824,-1.2186,-8.7004,5.148,1.7737,1.7238,5.4287,1.2432,9.707,6.8344,6.8809,-6.9252,2.6781,5.1605,-7.2495,-0.0214,4.7278,4.131,-0.8209,0.4595,-2.1725,0.6158,6.5775,-5.5632,-6.0592,-5.2595,-7.3679,2.8694,-2.4916,4.9389,-1.3719,3.953,6.8846,1.5555,2.7887,7.0586,8.8552,-1.8519,1.7393,2.8603,6.2625,4.37,-8.0004,6.1708,-5.0776,-1.4307,-2.9795,8.1111,-2.0786,-2.3981,-5.1758,-1.0318,5.7562,3.9723,-0.1447,-5.3767,-4.2722,-9.2276,-1.1719,9.0299,-3.1402,1.5079,-2.9931,-1.0288,-1.0545,-4.1588,3.7692,1.1293,-5.4535,6.3364,-3.0477,0.0991,1.9056,1.7356,-1.7179,-4.6243,7.8091,5.5977,-4.2558,-8.6232,7.1002,-3.8202,0.2927,7.9543,9.1029,8.2592,1.6899,7.9651,7.4143,3.5458,9.5863,0.2701,-1.3266,2.1109,0.4916,-6.6185,5.4819,-5.8862,-3.1851,0.4652,-6.8536,5.2086,9.3547,-7.5974,6.0009,-8.1146,-7.657,6.0952,-6.6868,3.5203,-3.7552,-4.7383,7.8928,6.404,5.5134,0.5568,6.355,0.6236,-9.4532,-2.5168,5.7736,-8.5471,8.1747,-8.4572,-9.4537,9.8385,2.998,-0.5831,4.7453,3.9972,-7.8364,5.339,-0.1002,-5.1814,9.155,3.6101,-7.1252,-2.9239,7.6296,2.0455,-9.4412,-4.8656,0.8897,-5.0833,-7.2379,8.7222,-4.5893,4.6479,-8.6563,-4.722,-6.2821,1.5806,-6.0691,5.5623,-8.8721,-9.4683,-1.4229,-0.312,-2.3553,-7.0151,1.3731,-6.1968,5.2522,5.1557,6.0213,4.0281,5.1854,7.5297,-6.2005
1.8753,9.3659,-2.3465,6.7988,-5.6655,4.6722,0.4488,-5.6087,8.2976,-3.1122,-3.3999,-3.1873,9.495,-9.1552,-9.5941,-6.5722,-8.466,9.9356,-0.8554,-9.9047,-1.3007,4.0658,-4.9677,-5.3306,-9.2008,6.0515,-2.7071,-6.9551,7.1036,5.748,0.4301,-5.3341,-0.32,9.4723,-0.1483,-6.5003,-3.6354,4.4704,2.9643,1.6567,-0.6712,9.341,-7.0306,1.0664,4.4155,-0.8877,8.5966,8.562,-3.5803,-5.3705,-2.7476,-5.9695,-6.1996,-4.6356,-4.0785,9.3844,4.4322,1.2418,-2.104,-4.6677,-4.7397,-2.5901,-1.5266,-1.6761,-4.7687,6.6821,-2.4998,4.1377,-5.1831,-9.0557,0.2882,3.6005,1.5544,-3.7174,-7.2665,-3.9467,-6.992,-0.7099,6.1036,7.2005,8.8236,1.4342,-4.576,1.2445,4.7886,4.3667,5.1327,-4.0267,-6.3294,7.9468,6.2498,-0.9514,9.2342,-0.0081,5.1851,6.9707,-1.1743,5.8586,-1.4632,-7.8158,0.6363,-6.211,5.3676,-3.9366,3.823,-9.9402,-5.8112,5.3976,-4.0113,9.6273,1.2665,-5.707,-4.102,-3.9134,-5.1852,8.9144,-3.6977,-2.3468,-7.8033,-3.2885,8.7212,1.3586,9.6142,5.9062,5.8346,-1.4458,-6.7334,-0.2539,-6.1149,9.2434,0.4519,-5.7409,-7.8054,-0.5791,-0.0379,8.456,0.8755,-3.9385,9.6202,-8.8606,4.8925,-8.9515,-6.3651,9.0131,-3.8036,-1.4845,-5.9184,-7.3001,-4.1953,7.6414,-9.4157,-3.4657,-2.6328,2.3364,-6.0743,-7.8441,1.6021,-4.7493,-8.5477,9.8344,3.1891,3.3038,-9.5815,-3.535,-3.9879,8.9179,7.1705,5.5864,3.8816,-5.7895,-4.7872,8.3766,-8.7504,-6.5921,5.6717,-7.1273,-8.2906,6.3232,-7.2077,8.9284,0.2543,5.1494,-9.2133,4.3604,-7.7064,9.8983,-7.6149,-1.9081,-2.7504,-1.2201,6.0768,-5.665,4.6821,-5.7677,5.0482,3.6882,8.7511,-0.499,2.3709,-1.9023
-6.0226,-0.7983,8.5784,-8.3167,8.5596,4.0151,9.0106,5.1661,5.9497,0.1654,-2.7323,-8.6522,0.3622,3.7134,-3.4008,-9.5162,-9.936,-9.7668,7.4742,-3.2221,9.633,0.934,-2.756,-3.8075,2.8612,9.0247,-5.2037,4.708,-5.6673,8.09,-8.7052,-8.5977,-2.3526,-3.1036,-8.0191,-7.0207,-7.5195,4.5016,-3.4288,-5.2267,2.281,4.3991,8.7592,-3.4319,-8.0435,2.8708,1.822,-8.3968,-2.3586,1.8505,-6.496,-4.3398,-6.0837,4.0408,-4.2751,-7.2267,8.0385,-5.7006,0.4106,0.8501,4.1824,-4.6065,-5.9,5.5879,-1.1004,-2.4931,-5.8685,0.7843,2.4802,2.7955,-4.8878,4.2166,-4.7334,-2.5002,7.767,-8.7077,-6.0637,6.8266,3.1443,-1.6971,-6.6316,-0.3853,0.4092,4.5128,-8.8143,-1.4774,-2.1496,1.5084,4.1273,2.0422,3.0769,1.0478,3.1594,1.7098,7.0115,8.1053,-3.8131,-4.5218,8.658,-1.3183,0.9847,4.637,-5.0874,0.2179,4.5909,5.3421,-1.3261,8.0011,-4.9894,-6.211,-4.5097,5.9412,0.3787,5.8689,-2.6856,-4.6613,2.8091,-0.011,-6.9395,-3.6464,-1.969,8.3441,9.3622,-2.875,-5.2283,0.9235,-1.8793,-7.6111,-9.437,-0.4212,-9.9496,-7.8932,9.8453,-2.4584,3.6667,6.1144,-1.1328,4.479,-1.7322,8.0374,4.3304,2.1441,6.3216,-3.0241,2.0284,-8.5844,-5.3206,-9.6263,-0.4217,-6.8314,9.7887,-4.5399,-3.3777,-2.5205,-1.9372,6.3968,-5.5609,-7.4781,-8.7463,-3.3459,1.5503,2.4252,-8.1431,3.6211,-5.7466,3.1898,6.3267,-0.019,8.8501,-9.3279,-9.8869,4.3839,-2.7918,-8.6363,-5.5569,-4.9064,4.682,-2.3357,-8.7158,8.0598,5.6973,0.4149,-4.1552,1.3618,6.5981,8.6539,5.7737,7.5939,0.5833,7.6219,-7.1223,7.7949,-0.4035,-5.3038,-3.3649,-6.1019,-2.6858,-7.8109,0.7147,4.4008
2.8318,-3.5922,6.013,-9.4721,3.5674,1.6212,3.4424,3.1212,9.3487,-9.757,-1.2565,-5.4274,3.8776,-3.3817,3.5234,-6.8233,-2.3373,-1.2436,1.6534,-7.9123,-5.8816,-3.0386,-0.4287,3.6639,2.7537,-5.1035,7.2189,-9.8902,2.6518,3.0149,-0.5418,-5.493,6.133,5.3143,-8.0629,8.0465,6.5854,-0.8564,-4.6732,-0.8205,-3.3083,-2.0579,1.2871,2.8503,-4.8063,-2.5396,-5.9469,0.9102,-2.4299,-9.2981,-9.4837,-7.8602,9.6267,1.763,-7.8286,3.9876,5.4438,3.8169,5.8213,7.2657,-0.3742,-1.7663,9.1009,4.9495,-3.7861,3.688,-8.627,3.3611,4.8441,5.2107,-4.5434,-2.0562,-9.2701,4.1466,5.1701,9.7785,-0.4631,1.2342,9.3283,6.072,7.4845,-3.7811,1.4022,-1.6454,6.8112,-7.9135,-6.2321,-9.7256,-8.63,8.1366,-3.5836,-2.4739,7.1007,7.737,-5.3567,-9.9374,-3.6571,7.9348,-9.1747,3.4677,5.7063,-7.5462,2.3242,6.3808,7.2856,-3.3882,6.7399,7.5658,-7.6111,1.663,1.999,1.1121,1.359,-3.2282,-5.6702,-7.7156,-8.1839,7.4432,-5.6353,-2.1548,1.1728,6.5463,-0.0253,-0.4234,-8.2871,-2.5142,8.9622,5.9806,-6.0834,8.7059,-6.858,9.6847,7.9558,2.4201,-4.0177,-7.9761,1.9501,-2.2811,1.6217,-3.8447,-5.9262,8.5295,-7.2987,6.1327,-7.395,-4.4873,-4.029,3.9077,-9.8766,6.9896,7.3927,6.3261,-6.1891,4.095,-6.8699,-4.5107,-8.3807,-2.9947,-9.2917,-5.5078,-7.7287,1.2591,7.7888,4.5116,-5.4904,9.379,4.0967,0.6717,-3.3433,7.41,-6.0566,-2.9705,-2.9005,-5.4193,-8.7278,-2.163,7.5711,-9.79,-8.1536,4.7055,-5.9001,8.9759,9.4968,2.9105,0.6856,2.5321,-0.4276,5.4124,-0.1949,-2.0114,3.0767,7.3686,9.6484,-0.4339,-5.7571,-8.9364,0.1237,-0.3538,1.0882,6.8385
2.4019,3.9278,-7.3766,5.7084,-0.9516,-8.7889,-7.6036,3.7655,2.1094,2.6832,-8.7622,3.1125,-4.1435,-2.7031,6.0937,2.8718,3.51,5.3311,-1.7124,-9.2543,-3.5018,-1.4975,4.3829,3.7334,8.2251,-8.0022,-8.2675,7.9968,-0.6324,9.0674,-1.3222,-4.344,-7.2523,5.8756,-0.9204,3.3829,-0.2396,-9.4343,0.9865,-8.4875,-8.4881,-0.4377,6.2403,-4.9804,-8.6842,-0.6856,4.5387,8.8867,-4.4022,-2.8172,4.2774,-7.2122,8.7672,-5.9438,7.2946,-5.9749,-4.8079,2.1005,-1.845,-3.7754,-0.722,-0.8094,-1.4038,5.5924,-5.521,-3.9679,3.2584,6.4548,-4.7204,-2.4334,2.9525,-2.4014,-4.6708,-2.4296,-0.4088,3.5293,8.2461,3.5672,5.8013,-4.3307,7.9971,7.2632,-0.8369,-9.9795,-9.932,5.3025,-8.7343,0.5246,-3.8746,-2.0946,4.6319,-1.5202,0.8657,-2.9145,-8.4432,-6.3641,5.0674,-0.0966,-0.9369,-7.0122,-4.4738,-9.8551,7.8276,-9.6812,3.2371,0.5557,-8.1054,-8.0312,-7.1833,9.3479,6.2864,-4.8931,-0.6319,7.7223,-3.7832,6.5077,-3.6623,7.6121,5.3471,-1.551,7.8938,-5.3192,5.3503,0.2658,8.3659,1.0186,0.8955,-8.5251,4.0097,-8.24,8.1208,-0.009,5.451,-8.2,-3.8996,4.2195,-8.5152,0.3989,-4.2948,-6.1873,-8.3956,5.3633,-9.7987,9.9666,5.6365,-6.2078,6.8242,-1.5312,1.5397,-1.9235,9.6918,-4.7991,3.9181,-4.0923,1.1973,-4.3508,-7.2092,5.2144,8.4381,-0.9473,4.1724,4.7374,4.3678,-1.1452,4.0516,7.8361,-5.474,2.8089,1.8347,4.576,5.1996,6.6426,-2.2451,5.2166,-9.8646,8.4748,5.0737,-0.1342,-5.7711,6.7113,0.1397,-3.3377,3.4248,-0.9539,-4.2288,7.6081,4.5783,-6.2386,-6.2115,-6.4711,-7.4972,-4.9644,3.7178,-4.4978,-0.0797,-0.8642,4.5165,-4.2622,-1.2949,-0.056
-2.685,9.5377,-2.122,-7.8346,1.6461,4.1053,9.3978,-7.4861,-4.6575,6.0487,0.131,1.385,-1.2191,-4.4394,-5.3327,-2.6251,2.6725,1.3735,3.4497,8.7971,2.0656,1.9034,9.6532,1.9099,-3.3111,1.4639,-8.2177,-3.6059,-7.0076,6.1978,-8.882,-0.3292,-3.0459,-4.0119,-0.8899,-1.9127,-4.1094,-7.673,4.1028,1.49,-7.0061,9.9089,1.9688,1.9095,5.2701,2.5743,-7.9551,-1.7971,8.5843,-0.6307,9.1906,4.4844,3.1639,7.3427,3.4838,9.6291,-4.0318,-8.7087,-5.7378,-8.9528,9.0715,0.5047,-7.6668,4.2324,5.6406,7.0965,2.7446,-3.6927,1.6992,8.2855,-9.8802,-5.5037,-8.9362,-0.0256,-9.9397,-8.5092,-1.902,6.4681,2.7398,-1.1056,-2.8912,1.0802,-4.4648,1.8217,-7.7875,5.1161,-3.5232,4.564,4.0743,-5.1201,4.5027,6.2948,9.5428,-8.2055,2.3899,3.61,5.0857,-2.3026,5.2535,9.7516,-2.5147,-2.725,-8.2856,1.0607,0.6111,6.2627,8.0679,-3.0853,7.6344,-9.0832,-9.5258,-8.4822,-6.8182,-9.0576,0.2863,6.5206,-6.2264,7.541,-0.4748,-9.7617,-5.0663,4.1023,-1.4943,4.8933,6.8638,-4.8527,-2.6076,-1.8398,8.716,5.6499,2.2091,-7.3961,-5.3975,-5.4769,7.4747,6.4855,9.1583,-0.8778,-4.8283,8.5467,-6.5882,5.1052,3.2458,4.2556,4.4111,-9.5124,0.1353,7.4332,5.3534,0.205,6.4623,-1.3571,3.5334,-4.9337,-9.5843,-8.7584,-4.0338,-5.2745,-8.7333,4.353,-8.176,-5.0548,-1.6854,9.1547,-1.2081,-6.4067,-1.4769,1.0123,-9.3337,7.065,7.3787,6.6212,-2.9212,2.548,-5.6114,-1.7286,-7.2097,-9.185,9.9258,-9.0004,-8.9697,-8.4533,6.9606,5.7789,-9.6377,1.8924,-3.547,3.6299,0.1616,8.0079,-8.44,-6.4297,-2.2979,3.2228,0.6893,1.0473,-6.0207,-5.9531,-1.7569,8.4558
-1.1962,-9.1215,-0.916,-1.9945,-5.0613,3.9986,7.6528,2.7892,-4.5843,1.593,-3.1797,5.8078,7.5015,2.402,-2.0897,-4.3074,-4.2452,-6.5921,-1.9611,6.5268,5.981,2.0226,1.0894,-1.4855,-2.8185,6.2861,-5.8028,-7.7867,-8.7744,-7.2046,0.0354,6.6678,5.5175,-8.3092,4.8365,-1.0859,9.7952,6.2485,-4.6309,-2.083,1.5583,8.5993,-3.4525,-4.1391,6.501,6.345,2.7297,-4.6248,-6.7615,4.1369,3.3174,3.1173,-2.7564,-9.3589,7.4557,-4.8678,-1.891,-9.9059,1.2257,2.0506,3.9644,5.9152,-1.6505,5.7295,-6.8943,8.674,9.5869,2.0438,-0.7351,1.0873,5.0546,9.2037,-9.2333,5.273,9.1129,3.8506,2.4954,1.8243,1.1532,-3.241,2.0126,-2.2578,7.5675,7.4095,-6.9076,1.4788,-1.7432,-5.2778,0.4184,-7.4577,3.9427,-6.4043,7.9137,3.4377,7.9247,8.2058,-7.9342,8.4993,8.9144,1.8146,1.4003,-8.6679,4.2411,-1.9072,3.6538,-4.1029,2.1411,8.6068,-5.5663,6.8147,-3.4429,-3.7235,9.0182,0.7303,1.6592,-9.4733,1.1722,1.7418,0.0979,9.8573,-9.7193,5.7323,-4.6216,4.6683,-1.5497,-0.0993,-5.6363,8.2755,4.393,5.6213,-6.2087,2.7704,-8.8201,-2.2441,-2.1498,-5.247,-6.3553,-6.338,1.9396,9.8405,-1.285,4.4926,-0.6333,1.9077,6.6588,-8.2978,1.4755,-6.1551,-4.2533,3.2288,7.3293,-2.1657,0.879,-4.1219,-6.7156,-4.6674,6.6568,-4.2092,7.6157,7.4026,-9.1475,-7.1992,-4.4814,-7.4618,-1.5396,-3.3674,6.1012,-1.4619,-4.9978,6.8052,1.7992,9.3807,-8.3153,4.5208,-4.3303,-1.1781,3.6908,9.7685,-5.5161,2.5333,2.7036,-9.5271,-1.5787,0.2327,0.2905,0.0049,2.102,2.6595,5.6541,-6.3181,9.1713,-2.0221,6.299,-4.198,6.3105,2.1262,1.7487,3.1812,2.3652,6.8402
-0.599,-7.2193,8.321,9.0575,6.7596,7.1406,9.8478,-7.994,9.1374,-8.8784,5.5324,-4.4993,-5.1955,1.1973,-3.9465,1.104,-1.9377,9.4095,-1.1995,4.131,-5.8936,3.2025,-9.8131,1.081,-6.9383,-2.2227,-0.9344,-3.1092,-8.0935,1.1811,8.905,-8.717,2.7978,3.2198,-0.075,-4.6438,-9.298,1.5523,-4.581,-2.0268,6.8453,9.5089,-7.7382,8.4309,8.4697,5.7682,-1.6482,5.9559,0.2929,0.5749,8.4127,-8.919,9.669,-3.854,6.3727,1.2848,-3.4619,-3.3883,7.0666,-4.0697,1.4694,-3.1409,7.9978,6.5722,-7.335,8.0038,8.2017,8.7018,-7.8899,3.584,-5.7543,4.4414,2.7077,-6.7942,5.8922,4.9115,-4.0225,0.9683,-6.1181,4.4247,3.735,-7.5735,-7.4303,-0.9208,7.0945,-4.0629,-2.6766,-9.1533,-5.8974,0.9006,3.5255,-0.4244,-6.4574,4.0885,-4.5466,5.5649,9.3113,3.4529,0.0474,-0.1343,-7.7716,3.0818,0.1953,-9.4014,-7.0246,-1.6205,-1.8129,2.1298,-0.4589,-6.9268,1.2894,-8.3602,0.7578,-8.2126,8.0384,5.676,2.7291,7.4658,-4.6213,-1.2978,-7.0581,8.0109,-6.1581,5.9251,1.8326,9.9994,4.0542,-9.824,-9.8757,-5.7808,4.6605,-8.209,2.9886,-5.7782,3.6258,3.198,7.4221,9.4734,6.0427,5.9841,-6.587,-8.0397,-1.9641,-4.3176,-0.8211,-3.5577,-8.5476,8.2384,3.8044,-1.5867,-1.0515,0.251,-3.9092,8.7616,1.4731,-4.0212,-2.141,5.4898,-9.9449,-6.3395,-0.0164,3.9222,8.1066,6.1355,-8.0616,-6.667,8.2465,4.0951,-9.2759,-2.7863,-7.2905,-2.5678,-4.7983,-7.1532,0.8724,-4.6008,-7.7181,-5.0426,3.4993,2.3994,-4.5206,-0.8278,-1.2372,2.6491,6.0484,4.9587,-4.7509,7.3538,-0.8189,0.1077,-2.084,7.5036,7.6798,6.6786,3.6826,9.6586,6.9257,-1.2434,4.8321,-4.8396
-5.6836,-6.3138,-6.0023,-5.3555,-4.1452,-1.8765,3.3742,-0.2765,5.2398,9.6106,-7.7884,5.283,6.9626,-9.9545,-7.5415,6.8015,7.592,1.9789,7.1526,-2.8162,-7.8034,-0.6804,-9.7348,-4.395,6.2205,-7.3696,3.2866,0.2628,-2.9693,5.4131,-6.0756,-2.42,-2.5043,8.8139,-2.2648,-8.4853,7.5175,9.9855,3.0894,-1.0811,-5.989,-2.349,-1.438,-3.228,-3.2775,5.3837,-0.8718,9.7112,-4.7316,-5.8746,-0.4852,-3.1834,6.0043,-4.6728,-3.217,-6.7638,-8.5758,0.3763,-6.146,5.5485,-4.2198,-3.4612,3.5275,-4.8488,5.543,5.0738,4.7231,1.4079,4.1814,-0.4984,2.5713,-4.8473,-2.8425,2.3343,-5.3862,8.8767,5.6896,-1.4871,1.8644,0.738,1.3382,1.772,-4.1432,-1.1418,6.0755,-0.1369,2.3598,9.499,1.9463,4.869,-3.9118,4.8046,5.7939,6.5667,5.6306,-5.0023,8.4667,1.3152,5.3468,-3.5,-0.6655,1.5439,-1.0149,9.6353,-1.3654,0.6405,8.5856,9.0703,-1.0804,-1.0858,3.8498,4.2726,-8.2255,5.2262,2.5856,-2.2077,0.0059,2.256,6.4687,3.2059,1.5181,2.4583,-4.3831,-7.9726,-3.8321,2.8477,-9.6427,-3.9215,8.6542,2.3847,-6.2563,8.7064,8.6094,-7.6321,-1.0643,9.8107,9.0766,-8.1559,3.5973,-8.7181,6.5688,-0.5713,-7.1074,8.5608,8.1946,4.9004,-0.1933,-0.4344,7.263,-9.4898,9.7306,-6.2125,-7.7548,-3.917,-2.2062,-2.1431,3.923,8.2922,-9.1996,7.3866,4.8353,-7.0065,3.0984,-9.1866,-6.7132,-0.7708,-1.5406,5.5477,-7.4321,-5.2946,4.407,-2.4076,-9.6174,4.4282,-5.2551,-5.5997,-7.3984,4.801,5.2099,3.4377,2.9196,-7.8305,-1.5992,-1.2968,-2.1694,-1.1048,1.6291,5.9795,3.5312,-2.6908,-2.9716,-9.2222,5.8009,5.3057,4.1422,4.0033,6.4799,-7.345,-5.3923,2.1526
-3.2128,0.8036,4.3182,6.0918,9.8787,7.9762,9.3693,7.7758,-2.814,3.5905,8.8255,3.0629,9.9398,0.2212,-3.3549,1.8175,-8.3914,4.7836,-5.4564,0.6707,-4.9705,6.7947,-2.4272,3.0072,6.1778,5.7252,-7.1244,-5.9536,3.0103,-8.3876,8.5721,-8.4039,6.3947,-4.2268,0.4707,-7.3495,-4.2875,-6.8704,8.8595,6.9165,-4.8624,1.9527,9.2884,-6.9257,9.9707,-9.6071,1.7118,4.082,4.346,-0.8026,-8.1036,-4.5772,-7.2906,8.1175,-0.2634,5.0197,-7.0804,-6.6804,-8.6702,2.7049,-7.0151,-7.5724,-8.3286,4.9326,1.8584,-2.8936,7.5836,0.4256,9.9679,-8.3458,-2.338,-0.8236,-1.9424,8.6816,5.7319,3.1005,8.6968,9.6153,9.3135,-1.908,6.0463,0.0466,2.4386,-7.3209,1.8221,6.5923,3.0608,-6.4665,3.8244,4.6067,2.2265,1.8559,9.7444,2.5401,4.197,2.5708,-9.5201,8.1045,1.5978,-6.3021,-5.0868,-3.9984,9.702,8.6292,8.0949,7.9547,5.6866,4.7046,-8.7423,9.4476,-1.0478,-5.4774,-7.1903,-3.697,2.2821,-9.1991,-9.4188,6.1994,1.3887,-0.8538,-8.2544,-3.1194,7.5022,-3.2182,0.8746,8.6024,8.5118,4.6607,-7.7588,4.5745,-2.5242,-7.2998,5.9076,-4.0395,7.0055,-9.8354,-2.4606,8.8473,-3.9665,9.516,-1.3323,-7.6075,2.6947,4.0548,-0.9302,3.165,4.4904,-9.0366,-2.8617,8.5731,-2.5041,-6.8405,-7.8499,1.2031,-1.9228,-7.2169,-9.9149,4.1835,0.0061,3.8609,-8.3833,-2.1345,-9.4163,-7.5783,-5.9513,1.91,3.996,-3.4896,-2.032,-7.4673,-2.0356,6.2272,-1.5766,-3.0924,-5.3585,-3.9621,2.2569,-5.4378,-5.7044,-6.6729,-3.2518,0.5704,5.7266,-9.0472,8.1907,7.8268,5.7981,-9.3303,-3.8886,9.9989,2.6982,4.5916,5.5264,-3.527,8.0016,-8.6,1.2213,8.1711,2.3266,-5.1615
9.4331,7.1588,-8.6096,2.9488,-2.9665,-1.3343,8.11,2.1694,1.0526,-6.2402,3.3914,3.7477,7.4767,8.9618,6.3863,9.4037,-5.5157,6.2393,3.1637,-5.9945,1.4486,-2.5202,3.0486,-4.4069,1.4724,-0.358,-1.1595,-3.3828,9.8846,7.5834,5.0791,-8.5952,-0.3025,-8.5721,-2.335,9.7128,-6.8824,-5.9358,4.2332,-1.2737,7.8171,7.9751,-8.582,-2.3407,-1.941,2.6577,3.7721,1.3629,0.0411,-2.0791,-8.1676,-8.7509,-8.663,9.2451,2.6928,-2.432,-3.8745,3.743,-9.243,2.3707,2.8109,3.7246,7.1035,4.2353,0.4054,-0.6706,-5.285,-5.687,6.1679,4.8887,-2.4992,-7.162,6.2347,-0.4396,-8.21,-1.4153,2.9089,-1.7489,1.6651,-7.7961,-3.7525,8.4855,-6.0405,-2.1646,4.99,4.7689,8.9115,4.0954,2.7156,-2.491,-8.8527,1.6933,2.7275,-3.0284,3.8251,7.5983,-4.8848,-2.767,-8.5709,-2.9534,-1.0079,9.5832,3.5695,8.3978,-8.9932,6.3,-7.2694,4.5631,-7.2746,-2.7005,0.4639,4.2124,-5.5329,2.6978,8.3553,-1.2481,1.9469,-8.837,-6.5882,-2.9214,5.4201,-6.9723,7.6464,-3.5262,-0.9227,-5.559,-3.3551,-7.9379,9.5373,-0.3624,8.8155,6.295,4.1349,0.1862,5.0001,-0.1043,3.5016,0.1567,-8.6398,1.9973,-1.7073,5.7222,0.8158,6.879,2.9385,2.527,-0.2369,-7.072,-4.5645,-4.1138,-9.2225,-8.6106,0.0186,7.8228,6.4658,-6.7062,4.0931,-3.3359,-2.7915,-1.4375,3.9468,7.2709,-9.2995,7.8915,9.5921,-8.0676,3.6932,5.7798,-7.949,4.7685,-1.682,-1.5537,-3.6317,-4.9133,9.6725,-2.4451,-3.5045,8.2167,-3.9113,3.5633,-9.6845,5.3851,8.4018,-6.9932,-9.5747,5.9431,-5.0559,0.5823,-1.5995,4.2611,8.7412,-3.5134,-2.8376,3.6276,-0.6363,-2.4717,-4.1046,-0.8364,-7.4316,-7.2382
7.3101,4.5952,-2.0334,-7.9535,2.9279,5.0238,-7.0059,-9.62,-3.0178,-2.901,-1.7903,-2.5736,9.943,5.4523,9.7775,-7.3186,-6.5823,-6.6589,1.1461,-1.8615,2.5945,-4.1699,6.0236,3.403,7.1447,-4.9272,3.8969,-3.7565,-0.5085,7.9753,-4.8083,-6.0416,-0.2288,9.4739,-9.5025,-9.8168,9.9223,1.3269,-7.4207,5.024,0.3493,9.7513,-6.5077,3.0035,-8.4006,3.0943,2.3376,5.205,1.8577,5.8787,0.2738,-9.1643,9.4873,3.7254,8.73,-3.1148,5.2876,1.8104,1.7452,1.7165,0.1318,1.0932,7.5202,3.8056,4.61,-0.3595,7.9884,-5.0743,8.5256,-0.4672,2.1421,7.4074,-1.2614,3.7708,-6.755,1.3949,-0.5535,-9.2249,3.8935,-8.3292,8.393,1.0307,-0.426,-9.7489,6.2094,-6.2509,7.7042,7.0204,-2.1957,3.8837,-4.0188,0.8478,8.1149,6.1371,-7.8289,2.8909,7.6534,3.7081,0.68,-5.9644,4.5367,-5.5419,0.9567,6.6242,-8.6125,-2.6667,-2.1479,-7.0391,2.0836,-9.3153,9.5747,1.5282,-7.5573,4.8039,-1.0449,-5.1547,-8.0343,8.6071,-0.2742,3.0297,3.0696,-5.6857,-9.6986,-5.9974,2.3979,-5.6358,6.3968,-0.1544,-5.1439,3.5411,-6.6705,6.294,-8.0925,3.6427,-8.029,2.2372,-3.058,-1.3743,4.4235,9.8837,-2.9234,4.7438,-9.6062,1.8725,-6.8424,7.3889,-8.2394,-3.319,6.8204,-1.7813,9.8855,-2.5706,-6.498,-9.6013,5.6266,-0.4326,9.8551,-7.2286,-7.2655,7.2824,-7.7118,7.6136,8.8652,7.1528,5.2594,3.9596,1.13,0.9434,-9.8846,3.4585,-9.6858,7.8253,0.4441,-5.3873,-0.7111,3.9515,4.3438,0.8939,1.9328,7.5999,-6.082,-0.2766,-2.5848,-3.6883,1.9956,0.6368,1.3783,2.1939,-3.2581,6.8807,1.6714,3.3733,4.5818,6.7068,0.8708,1.3627,-9.4188,4.317,9.786,2.8266
6.82,3.6586,9.1181,0.0755,7.8774,6.7747,7.8181,5.4978,-7.0615,-6.3473,-1.7336,2.3707,-2.8487,7.9921,6.2,-0.9138,3.0215,3.706,0.8886,-8.3208,8.736,-2.4795,-3.2715,-1.9339,5.7034,-1.0438,-6.4348,9.8777,-7.4996,1.1151,-6.8878,-3.6253,-1.2777,-8.5967,2.8998,0.0618,-2.4923,-2.0161,-8.1177,-2.4732,-8.3668,3.0025,-5.1836,1.0755,8.4096,-8.1717,4.8306,-7.6888,-6.4313,-0.3758,-0.0493,-2.6893,-5.2117,-8.5069,-8.5769,-4.7364,2.1678,0.4033,1.8561,-5.4299,-1.6104,8.3216,0.9069,7.4622,-1.6923,-7.7353,2.1736,-1.603,6.2211,5.724,8.795,-6.8195,-2.3928,-9.771,7.176,-1.332,-1.8371,2.8563,3.5016,-2.1393,9.2053,4.7621,-8.9516,-1.0756,-1.2485,1.1043,3.608,7.6476,8.5229,2.078,-7.903,1.3291,-6.208,7.4103,7.4299,-2.0096,-4.705,2.7881,0.7524,9.3453,-2.9051,-4.4745,-0.9063,6.7034,-1.6243,-8.2674,4.7568,-6.8904,-7.7268,4.4057,-1.6113,9.6814,-7.3571,5.4168,9.0358,-0.3228,-8.7574,-9.3656,9.0665,7.4212,-5.574,9.2499,-7.9539,-5.7701,-5.2673,-2.9965,4.7634,0.079,3.2375,6.734,7.724,-1.469,-0.1737,-6.4646,-1.6584,7.973,-7.1882,-6.1607,3.3431,-4.073,4.8382,8.4674,-6.8749,6.1409,9.6464,5.5003,-7.6823,5.6553,-5.0164,-9.2664,-1.5846,-9.1489,-4.9312,2.3636,4.0292,3.8253,-7.0966,-3.9729,0.867,-2.8465,8.9193,-4.178,1.6712,-6.4377,5.1654,9.9145,4.0723,-3.2114,7.0663,-5.9238,5.8683,8.5041,-6.2794,5.6376,7.4921,-5.1423,7.97,8.9316,8.7859,-4.1998,-8.6363,6.0803,7.083,-4.9024,-7.9513,2.6941,-9.8992,5.0893,2.4132,-0.2012,8.4184,5.641,-1.185,7.6062,-0.6862,-1.2414,1.4667,8.8892,3.7879,-0.7676
-8.5987,-9.8192,-0.8854,0.1375,8.8241,7.7604,6.317,2.8579,-9.043,-4.3741,7.0826,8.0526,0.6531,-1.6512,-5.8432,8.6458,5.2438,-2.5328,-2.3636,2.304,-6.4561,5.1166,5.896,-4.7658,-2.7393,-8.66,5.6568,-6.6301,-7.88,2.8225,-0.9642,9.9531,0.7269,3.2838,-1.7426,-7.8997,2.5107,-1.7958,4.3515,-1.3657,1.4402,-8.1218,-1.3133,-3.3664,-1.7468,3.8816,-5.6259,6.1098,1.2661,-8.8149,8.2893,8.7092,-6.1476,5.1112,8.6492,-3.5651,-9.2802,7.3707,3.3277,3.3464,-6.8127,6.0792,8.4611,6.4563,-6.6947,-6.5563,-4.832,0.1572,7.5489,8.9357,-0.8563,4.7543,-7.4616,-3.5258,-3.3174,-0.0937,-7.8042,-2.542,-6.5161,-5.6172,8.7898,-2.8952,9.8162,-9.2204,-6.6139,8.1461,4.1911,-6.6591,-4.6695,6.2116,-7.7283,1.2471,8.0222,4.9366,-8.6019,3.2304,-7.5297,6.4673,-0.8283,5.5087,6.5069,7.0171,3.6216,-8.3739,-7.7091,4.5824,-3.091,-1.2449,4.3484,-0.2336,9.8797,1.5573,-4.8697,3.8433,2.8963,0.4974,9.9278,0.8651,1.5345,-1.6265,4.7379,8.616,7.5493,-3.5555,-9.434,8.2877,-1.5951,-5.8089,-3.7857,1.4378,5.8603,6.6148,0.8291,-7.6116,7.7153,-2.0541,-8.1901,-7.1225,-2.2748,-4.8528,-4.2143,-8.4877,-3.6902,4.9383,8.4216,-1.5541,1.6598,6.2996,0.6022,-6.6981,-3.3612,0.9278,8.1619,0.4741,5.4952,6.2514,-4.879,-3.881,6.6836,-9.282,-0.9498,-7.1505,-8.3168,-4.8367,8.9984,4.5834,-7.7107,-0.4349,4.85,2.1073,-0.6589,-2.5883,5.8486,-1.5985,1.6539,-6.7486,-6.7058,1.9421,7.3038,3.8202,-1.9959,-7.6841,5.4991,-3.2718,-5.8101,-2.466,-9.9031,-1.4215,9.4935,-7.7248,-5.2872,3.322,-5.6364,6.4227,-3.113,0.2971,6.7995,-0.8987,-1.6763,-8.821
2.1335,-4.6493,2.6017,-2.5689,-7.8083,-5.3949,-7.3649,9.8714,-8.0374,5.7738,-6.9794,-3.5755,3.8487,9.2528,7.8141,7.7118,5.4618,6.1268,1.4422,5.1312,-6.0588,-7.6804,-7.4545,7.9433,1.657,4.7614,-5.8887,7.3074,-2.9096,3.333,8.7604,6.0763,2.1227,-6.3806,-2.1991,-7.8566,-6.6879,8.1853,-8.4399,5.3827,7.0348,1.2338,7.3608,6.9788,9.0089,-0.7415,5.4514,-4.3244,-1.08,2.6154,-9.0631,3.5685,4.2635,-9.1445,0.5856,-3.3708,-4.5561,-7.088,-1.8856,-3.9566,-0.4564,-1.8159,2.7685,-6.2537,-7.4811,-6.3942,2.3339,-3.6597,7.1288,-5.8344,-4.6799,7.0239,3.3498,-4.9635,6.2807,-7.7567,-4.593,-0.6617,-4.653,6.165,1.8534,-4.1076,9.0689,-5.0419,-6.7518,-1.6443,5.7228,-0.6252,-0.7244,-0.0943,-9.7176,8.0053,2.8818,5.112,6.8852,-0.0856,1.7129,-7.906,-4.3231,6.1994,9.1521,-1.7862,5.4572,5.8134,5.723,-3.9411,0.127,-1.9913,9.0464,-4.941,-7.1409,4.2399,1.0401,-7.7059,7.1399,-8.7367,8.673,-1.8702,-4.322,0.5345,-6.3275,4.0371,-2.2971,-8.1596,7.4044,-2.4883,6.2554,-4.6916,1.2105,8.6476,-3.6475,-2.6722,1.692,-3.5556,-1.9516,-0.7675,3.4588,1.3405,5.5039,2.3912,-5.9323,8.0044,-9.5232,2.1166,-7.1313,-7.4406,3.311,-8.3881,1.9119,-6.66,9.4604,-5.9082,-0.4635,1.4715,4.5001,-9.2461,-5.6646,-5.8877,5.9598,-8.4552,6.6887,6.0394,-5.9978,6.0475,-7.5539,-5.8975,-1.2093,4.8874,5.322,8.214,1.3395,6.4599,-4.3562,1.3829,-3.5837,-5.4084,3.5561,4.488,-2.8702,1.0994,8.1567,6.9659,-8.9916,-2.555,-1.0141,9.3697,-5.9843,-6.0176,-1.5902,-1.8153,4.9424,9.9315,7.8605,-7.9103,-4.9214,6.7931,4.5734,-5.2001,8.8175,-1.4955
-4.8171,-0.6016,4.4854,-3.1293,9.9511,-0.4629,-9.3609,-6.7921,-2.5742,6.6526,4.8177,-0.1448,6.334,4.6056,-7.8497,-1.9645,-7.4161,8.9333,-7.5032,-8.0572,5.6641,8.7553,4.2273,-3.8792,-8.0521,3.1754,-5.4356,2.8794,-7.0218,-0.8523,-2.544,-5.1363,3.5624,9.576,8.9485,-7.9875,-4.5802,3.2656,8.9721,6.8197,-4.4261,-0.7612,1.2923,2.5007,-9.6227,8.6674,5.0533,6.1785,9.0954,3.3127,-5.7028,-1.1204,8.2041,4.0057,-1.7062,-2.6389,-4.9741,3.8896,4.1932,0.6795,5.855,7.5232,-5.7122,-9.9534,-4.5985,-0.571,-9.3527,-5.1628,2.2447,-2.8013,-9.2161,-4.5535,5.7119,-5.2278,-1.1681,-9.4798,9.1405,-6.7873,-6.3453,-0.0782,9.2023,-5.2339,-5.0484,-3.7228,2.4548,-3.574,2.0991,-7.4015,6.6325,9.2484,-1.3238,-9.9245,7.3027,8.8083,-5.8704,2.023,-8.0055,-5.6147,-9.1022,4.4433,5.9413,4.6745,-0.8731,-0.3448,-1.3762,-5.6892,-9.6344,7.2719,2.9402,-8.881,7.6139,0.8584,0.1247,-0.992,-0.2393,0.1432,4.2473,1.7181,5.1017,4.9036,-8.2363,9.4435,5.147,-0.7653,4.5015,9.6922,-1.2849,1.4837,-2.946,1.7121,-5.7775,-8.279,3.9227,7.415,0.3536,0.2378,8.9548,4.8356,8.0448,-5.1215,-8.5397,-7.3337,6.1637,3.4701,2.4232,6.8001,8.7627,-1.7435,-8.0492,-4.1223,1.2785,-3.8854,-1.9975,6.7388,-5.2088,1.5939,-3.3458,1.9653,-1.1193,-7.9171,-6.1848,2.0287,-2.3844,-7.3089,4.4919,-9.0323,3.7057,2.9247,-0.3197,-1.4941,-6.545,-9.9937,-5.6855,0.228,-2.328,1.4236,-5.0302,7.0063,-6.7053,5.7733,9.4236,-5.4548,9.9567,9.0641,5.0012,-1.5958,7.3329,4.6143,-0.9798,8.1597,8.1043,-2.3875,2.0511,5.5435,3.4876,0.4895,0.4274,-6.7631,-8.6471,2.0783
7.3204,3.279,-2.9952,2.2603,-9.6193,-0.1764,0.3726,-5.4147,9.491,-2.1626,0.657,9.176,-0.8191,0.4156,-5.9153,-4.6684,2.5305,-4.5402,0.2638,-3.5098,-8.8627,-5.9558,6.2901,6.7836,8.5414,-7.732,-2.7552,-7.7414,-5.9399,0.9267,-3.1838,-4.9739,-7.1298,7.4524,4.3574,6.7565,3.9664,-5.9573,5.8475,0.5881,1.2282,-6.2236,7.2483,-4.1795,2.8636,-9.3886,-5.0673,-6.4672,-3.9834,5.1216,-7.1698,-2.8976,-4.7181,-4.7788,1.9711,-9.7265,-3.2469,9.5396,-0.4997,3.9762,-2.9459,-8.427,3.7911,0.593,-6.5194,6.0009,5.5449,-1.6148,-2.7614,2.3107,-1.2792,-8.9883,6.6707,4.5398,3.2592,7.5733,-1.3539,-9.0852,6.4087,-0.427,0.3455,-5.8668,1.1503,-7.5256,-9.2638,-1.7572,-5.3605,-9.7818,2.2764,8.4581,-3.303,-9.4685,-1.0593,5.6165,-0.0839,-3.4225,2.3868,7.7223,-8.3222,3.5372,-1.4066,2.4705,-1.738,9.6718,8.4521,4.4251,2.0748,-9.8375,9.9889,-5.8408,3.4134,-6.8846,0.5231,-1.7134,7.1977,-9.5922,-8.0565,-1.3099,3.3025,6.1492,3.5707,4.3983,-8.486,-4.1432,-2.0342,-2.8253,-0.8336,-0.9017,3.6728,-7.9383,0.3164,4.3382,-6.8957,-7.998,2.8296,-6.5841,-2.5222,-5.6424,6.8072,-5.7622,2.395,-1.0443,-7.2487,9.7051,-2.3785,5.569,8.6383,6.0089,7.7016,-2.337,-2.7882,-5.8726,-0.8987,7.307,-8.2563,-7.6827,0.7755,5.6092,4.2036,-7.8848,2.0768,-6.2079,-4.0845,0.9134,1.5919,9.8423,1.198,1.8082,-9.2775,-7.3935,9.7074,-0.4683,5.7245,-4.4121,8.743,-4.4208,6.7773,8.1933,-2.3805,-3.2485,3.6891,-9.5639,-3.6257,-3.4589,-1.9482,5.0258,-7.7875,0.2937,3.3326,2.5336,7.5372,-3.9356,-7.0225,8.5669,-1.6662,-6.3306,3.9617,2.0907,-9.5003,-1.0257
7.1233,-6.451,-9.7352,-1.8165,-4.5093,-4.88,-3.5346,-5.6721,9.5113,9.7151,8.5557,2.3895,9.0747,0.3043,-8.7678,-7.5943,-0.6788,-0.4265,-6.0717,9.3108,4.2747,9.9889,-2.2431,-1.8169,8.0599,0.3263,8.3261,8.5789,6.4394,6.4759,-1.0309,2.9483,-6.1192,-1.4067,5.4474,1.5845,3.8854,-4.5783,4.3389,-5.0022,-0.9406,-3.5616,1.3429,8.727,0.8006,-1.0906,1.2327,7.5054,3.2668,-0.622,6.0929,4.6882,-7.0697,-3.8146,4.1795,8.9394,7.3597,2.8986,2.393,7.2314,8.7567,8.6828,9.6812,3.5654,8.0415,-7.6747,3.4631,7.0683,-5.4612,7.9745,-2.8006,-5.4105,-3.3412,-0.994,-3.9688,2.9215,2.4364,-9.0945,-6.4493,7.504,-1.7654,9.2608,4.4373,-7.2245,9.3999,-2.7521,-7.2849,-4.7776,7.5575,3.4338,9.6613,6.1188,7.7923,9.9627,7.2565,-2.5865,-5.1606,-5.3427,8.3515,-9.5986,-0.6559,1.6788,6.0616,6.8272,-6.2712,3.0455,6.7956,0.1989,3.4835,-5.0644,5.3816,-7.7998,8.6177,7.3039,0.2756,1.2399,1.1047,-5.4845,-1.4659,-1.7939,-3.7588,1.5925,-2.6702,-9.9349,9.3518,1.9754,2.6305,-1.1611,-3.5823,3.7106,-7.8821,-7.2845,-7.2154,-6.2016,-4.6759,0.3577,-3.8822,-2.5653,-5.8534,-3.171,-5.5368,7.0165,-5.42,8.2322,-2.8617,-6.0643,3.0392,8.0369,3.6181,3.5291,4.728,4.0956,1.602,7.4495,9.0165,-1.9258,-4.5274,9.2235,9.5033,-8.6298,6.2211,-4.8994,-5.895,-1.2015,-3.9006,-6.6225,-0.1325,-7.0695,9.0817,1.453,9.7835,-6.2051,-2.167,4.0495,8.2272,4.4139,1.6143,1.4413,9.0695,-6.9394,4.9549,-3.1919,3.754,5.9382,5.7496,8.0668,4.2653,9.0648,1.265,-4.5068,-6.6862,-3.9638,4.2179,-7.994,2.8574,-5.1476,-6.449,8.4282,4.232,-3.8726
0.6486,-5.9405,-6.0425,0.6117,5.5077,6.9351,-8.5595,-9.6062,-7.7506,1.603,7.1453,0.85,-2.6766,7.7171,-2.7121,-1.269,-7.0159,-9.1604,-9.884,5.8181,-1.8952,-1.6541,-5.1211,4.9291,8.3068,1.581,0.7505,-9.7853,4.0279,-0.2019,-8.7896,-7.9165,1.4363,-6.6357,-5.6248,8.2439,7.5055,-6.3816,-7.7952,5.0847,-2.7496,-0.4831,7.0895,-2.3839,9.5896,-6.791,-2.4433,1.081,9.0022,8.6517,-6.7242,0.9071,6.1934,6.2941,6.3039,-4.5204,2.8803,7.588,9.2553,-0.4659,-0.778,-1.7085,-6.3983,-0.5276,-7.0337,1.0939,1.7343,6.8621,8.018,-4.1954,1.917,-7.9839,-9.7087,-9.6003,3.2827,-8.947,-8.0297,2.7658,-5.5288,-4.2154,-8.3148,-6.392,-6.9906,-5.147,6.9381,0.6088,-9.917,1.8161,-8.7151,-3.1175,7.7071,0.7881,9.0455,-9.8837,-8.7359,-1.0441,9.0067,4.8839,0.3219,7.9716,-2.1534,3.8672,7.0033,-2.2611,-7.6785,3.683,3.8634,1.3001,4.3696,1.3505,-5.9095,6.2914,-3.4896,8.0256,5.7268,5.6029,5.1671,2.2273,-2.6548,-6.1881,-9.0682,0.0873,6.7073,-4.4108,-3.8137,6.4174,-1.1964,-4.8101,-7.6981,-3.3837,2.8154,4.1738,0.1327,5.9544,-1.2489,2.9469,0.4607,-3.622,4.4762,-6.6873,8.0545,-7.6761,-9.2743,-1.7814,5.0144,-4.5704,-7.3221,-5.9145,9.7361,-8.3798,7.6546,-5.6098,-1.8923,2.3306,5.5611,-1.7748,-3.5201,-3.8689,-4.3107,7.7882,2.1034,5.0071,-3.8233,-1.3911,0.4772,-5.8752,-6.9129,-1.678,0.9149,7.0174,-7.7352,-0.0901,-1.5064,9.3615,-4.0063,6.3377,-6.9017,0.0338,-2.4365,-2.3229,1.7298,8.0537,-9.9035,6.3004,2.8362,9.2752,-0.2085,-3.3106,0.1508,6.0361,-0.2568,9.8578,9.7075,-3.4706,8.0905,9.6829,-9.3622,-1.6479,5.6764,4.7815
5.1126,-6.5464,-6.0554,-6.3467,-9.6613,5.1305,-9.4707,6.1518,7.9109,-6.7158,-2.7717,-7.5378,-4.44,0.9527,2.6081,8.2657,-7.232,-8.205,4.8647,6.7207,-1.6593,6.0312,-7.9785,-7.1109,-8.6641,9.6396,-9.4578,1.3781,4.5587,-0.6692,3.4511,8.7806,-4.3952,6.4379,-2.3639,-8.2513,-4.6921,-7.1753,5.4117,-4.763,-1.7973,7.0731,-7.8534,-7.9246,-9.3919,5.215,2.7381,8.093,1.6726,1.4669,-7.3436,-3.809,-6.7146,-2.1633,-9.1725,4.9732,-2.5958,-3.2398,-7.1107,5.051,-1.9972,-6.6552,-1.8376,4.9791,2.925,8.9908,2.3418,8.7578,-0.8133,9.2724,0.6559,-1.9255,-9.8204,9.8038,-0.7883,9.7286,1.7103,-9.5951,-3.0712,8.6036,-1.507,2.9164,-0.2877,-2.2126,2.2283,0.1609,6.4832,3.243,-5.5196,1.6565,-0.1961,-5.1203,9.2103,-6.5489,-2.4289,8.4198,1.7099,8.7274,7.5101,-9.5029,-1.062,-3.2028,7.6977,8.1395,7.0479,7.243,7.681,-8.7702,0.2256,-9.0478,-8.5736,-5.1516,6.1339,-5.0542,9.0422,-8.5926,-8.9296,-1.3182,5.1571,-6.6137,8.9166,-4.4106,-9.9965,-7.4086,6.7223,2.1828,-0.4233,-2.4924,-6.9531,-1.8425,-7.6134,-5.1603,9.8246,7.8021,-9.038,-4.2595,-0.8123,-5.5803,-4.3665,9.2422,-8.3228,6.1957,-3.3883,7.1545,-8.2913,-3.3317,-4.219,0.1372,-6.0518,-0.9108,-1.4343,-8.2736,-8.4385,-8.3548,-7.4119,1.813,-5.4632,1.3128,8.546,3.9498,-7.1311,-4.3894,-4.0115,3.3933,3.2681,-1.5952,0.1733,-8.5664,7.155,-1.3855,-4.9964,-7.9558,6.3581,5.0191,4.5947,-4.8911,-0.9502,-0.4611,-8.369,5.067,-0.4423,-0.6703,0.4087,-9.9231,6.4475,2.0156,-5.7425,-6.0401,2.9625,3.4912,-7.7292,-8.8679,1.7554,9.792,-0.8071,8.5188,-0.5894,5.3444,-8.1693,-5.7035
3.8103,-3.4054,2.8501,0.8108,0.5887,9.0104,7.2223,5.0043,-4.5696,1.4118,-0.4466,-4.311,2.8483,-2.3238,-3.8399,7.3573,-8.0457,-9.9549,-1.9029,9.4677,-0.357,-0.8461,-9.5745,1.6168,6.3296,7.0549,0.6234,-5.0638,8.8184,7.6451,0.5074,5.7541,3.386,1.3624,-1.18,-5.7083,-0.0282,6.5216,-3.9936,8.5053,3.3408,-1.0464,7.2065,-6.8194,-2.8304,9.1799,-0.8396,6.9282,1.6742,-1.5266,1.3386,9.3787,3.043,-5.3903,-4.6862,1.0378,-7.9458,0.0212,-0.6042,-1.5838,-5.6442,0.2059,7.8107,0.8481,-9.7565,4.5133,8.4359,4.6811,3.5383,9.8954,-1.4039,3.0255,-7.4452,9.0226,2.5853,-9.2229,-8.1161,-9.7234,-2.6192,-5.2525,-1.3583,-2.9672,-0.5886,4.8368,8.9437,-6.3312,1.9139,-9.3871,8.5517,-5.1077,4.0624,-1.6017,3.8873,3.4417,0.3157,2.7177,-5.2225,4.9977,5.3868,-8.2711,-1.0743,7.5844,-4.2867,9.5992,-5.6898,-8.1143,-7.4879,-3.672,9.5423,-2.9144,-0.112,-3.2972,-4.1617,-9.953,6.0023,9.1585,1.7994,-7.465,4.475,-9.5978,5.0341,-3.7292,-5.5987,1.9167,-6.6571,-7.9323,-0.6934,-7.2342,4.027,4.2165,2.0356,-5.8706,-8.1806,-7.4324,0.2447,-9.456,-8.1961,-6.2304,4.6959,-9.2427,7.7182,-2.296,9.6131,5.2784,-9.8782,8.3784,-7.7152,-6.4356,3.2192,7.5444,9.8284,4.3979,0.7318,-9.554,-0.3237,-6.0828,2.4488,-6.3252,9.9916,-9.1897,-3.8865,2.2463,2.027,9.6566,6.5407,-2.6802,-9.4193,-8.2784,-5.1202,-7.5407,-2.0231,-4.0674,-7.5889,-2.4238,9.9045,-2.6538,5.6722,4.5081,-3.0043,-5.7081,1.8626,7.0115,9.5493,9.1272,-3.5864,9.1044,6.8248,3.9279,9.2845,-7.3549,1.4951,8.7588,-1.5849,2.6796,3.9197,3.2973,-5.9788,-0.6796,9.031,-5.8481
7.0758,-5.1605,-4.384,-9.2086,-3.5819,-7.6765,-5.0156,3.5841,-9.0944,5.4603,6.1027,1.6703,-5.3075,2.7825,2.4762,6.3658,-6.6986,-7.7064,9.0135,-5.0847,5.8875,0.7394,-9.6272,8.5532,-2.6251,-3.4819,-1.6439,3.4444,7.6577,5.8977,0.3215,-4.3502,-9.8331,3.4007,2.5551,-7.9336,9.2697,4.3823,-6.175,-3.902,-9.0051,-2.5173,9.7538,3.7405,-1.7489,5.1048,0.1261,-4.9753,-0.4822,9.8654,6.4227,1.2397,8.0353,4.5947,-1.9025,2.6223,3.866,-8.2158,-0.4986,7.621,-4.6902,8.3684,-9.6542,-0.6811,-3.5888,-3.2318,9.6915,2.3056,-5.0802,-1.1987,-6.3075,-5.6704,6.5896,-8.2794,-1.4592,-9.5728,4.4613,9.8585,3.4596,-1.6739,-0.7809,-9.7711,-0.7389,-9.1652,6.4955,6.1693,-3.8874,1.4564,-8.5435,6.7239,-8.2585,-3.0781,-5.2455,7.1773,-3.5484,-3.1919,-4.9497,8.7041,-1.3961,-6.0439,0.287,3.2532,-4.9054,-9.0171,-7.2565,-9.754,-7.2556,0.7217,6.2371,-0.1948,7.7401,6.2913,4.1124,1.0832,7.8519,-4.4456,6.5812,-2.0932,-5.1218,-8.8335,4.2054,-0.7052,-3.7811,-6.4328,-5.9504,-3.2375,-4.8081,-9.1223,-9.7326,-2.7294,3.6693,2.2033,7.6791,1.441,-2.1399,-3.4259,7.7496,-9.9479,-4.8307,0.5076,7.5939,-9.7496,5.9961,-1.1541,-3.2318,-6.008,1.5313,5.2803,1.7997,-8.6856,-9.8908,-8.0232,-4.2249,2.9086,3.1687,-5.6846,-4.6621,-5.2953,3.5547,9.298,-4.9044,-0.9031,8.644,5.7432,5.9546,8.359,-3.8701,-0.6295,1.5777,-5.2136,-2.0097,-3.633,-8.476,2.1286,0.9648,5.7281,-2.4508,-4.4612,-3.185,-3.9328,3.6733,4.747,7.196,8.6786,1.4761,1.4729,9.6792,-7.5233,0.6613,5.9684,-3.8874,-3.7133,-6.6542,-8.5151,-7.6759,9.2332,-8.2157,-0.4271,-5.2225,3.1177
3.5087,3.8494,3.6226,-2.3889,-8.7425,-1.2076,-6.2708,6.7858,6.5596,7.5093,-0.5429,-1.869,4.1024,7.4303,-4.6303,0.4666,4.0641,2.4911,-2.1366,-0.3569,9.6906,-8.2087,3.1344,-8.2553,3.0012,2.8317,-6.7611,2.7047,-1.2083,-4.2162,-5.9881,1.399,-0.4185,-5.2221,7.1648,-6.5605,-6.5323,-3.9979,1.3968,5.0691,-2.5786,1.3391,-1.4954,3.4704,4.5439,2.2078,4.203,-4.3819,3.0501,-5.0776,-0.944,3.6613,-2.3479,-5.1836,0.7779,5.954,1.4446,9.7673,-1.7777,1.6436,-9.5839,-3.1884,-9.717,-7.4545,4.8071,7.4121,1.4654,1.2231,-9.4216,-1.6764,-5.2245,-8.1146,-7.112,8.4834,-2.392,7.2144,-8.1542,-5.3109,0.9055,-4.0829,-1.615,3.1292,-9.422,-0.8135,1.6796,4.8458,-4.3085,3.0004,-6.7772,-6.8081,-5.9601,0.2175,6.9882,1.0845,-0.6527,4.9216,-8.0744,2.7313,-2.5871,-3.1026,8.4798,-1.384,-6.4539,8.3286,-2.7031,-2.4468,3.6601,4.387,5.5693,7.9504,-2.0133,7.644,0.6733,-4.6463,-8.9431,-6.3472,0.0645,9.7726,9.8379,1.1113,1.5428,3.1875,9.0002,4.6719,2.3398,-0.5994,4.6588,2.1673,3.3917,7.9611,4.7228,0.1379,2.2038,-6.7456,7.5305,-2.4944,2.9752,4.5728,-7.3486,4.8622,4.6946,8.4244,-7.1559,-3.2168,2.6089,-8.5403,-4.7989,7.6849,-3.2401,1.3184,-1.851,-1.2944,-0.7876,-2.6504,-5.1704,8.54,-2.1637,-5.2405,2.5826,5.2547,-0.9873,-4.9898,-6.8713,-3.6322,9.6702,-9.585,8.3094,5.6012,-7.9775,-2.8332,0.3281,-6.2248,-3.374,2.5116,6.9155,-6.9432,7.5398,-3.7248,7.293,7.111,4.7289,9.3233,8.3096,5.1914,-6.6484,-2.3036,-9.4047,-6.2316,7.0679,-0.597,-7.5249,1.6877,6.3924,-5.7423,-0.1993,-3.7565,-1.9217,-7.6049,8.3597,-6.229
-2.3909,8.6927,3.5533,1.2812,-4.2656,3.8112,-3.0088,-4.6148,-4.2761,-8.1865,7.2945,-2.2212,-1.7159,9.7207,0.1149,5.5269,-6.9319,6.1959,1.3777,2.6388,3.1521,8.0005,7.2836,5.7962,5.2973,-6.9333,8.867,-4.1812,4.5573,9.5754,-8.3687,1.3148,-5.4683,5.1063,3.4005,-1.1756,6.6011,-7.8181,-7.9667,0.8845,6.9755,6.774,-4.9982,-6.4221,-1.0515,8.6442,-2.8181,7.2325,-5.5571,5.8279,3.002,7.4511,-8.4129,-7.2247,-6.7921,9.4882,-9.2205,-1.4166,7.1369,0.3689,6.8345,-3.2271,4.0034,-0.0639,-4.1817,-4.8946,-0.2952,9.2753,-4.5813,6.6845,1.4363,-3.4492,-4.1311,3.3982,-8.3858,3.4537,-8.4741,8.6032,-6.4196,-4.1034,-3.1789,-0.5657,-2.9341,-3.0706,3.2057,0.273,-0.1471,5.2379,-8.9559,7.6681,0.4211,7.2455,5.8758,-7.937,1.6013,9.9128,-2.3323,6.7975,-9.6371,9.1812,-6.6605,-6.3821,6.7731,-3.4369,8.526,-8.2591,8.1439,2.2446,-8.3788,9.756,-7.9229,-9.2349,-8.7244,2.9159,-4.2246,-9.1733,8.8357,-9.7734,2.3462,-9.9455,9.5847,5.052,-7.5291,-5.4687,7.8879,-2.845,2.9611,-7.5504,5.8768,-7.0152,-7.9425,-7.7488,0.7338,3.8638,8.5918,1.6072,2.2208,4.545,2.5248,3.7238,6.3123,-1.5776,2.4574,1.1192,-4.6166,3.3023,-8.1578,-3.3117,-3.0389,8.9517,3.6222,-5.496,2.429,-4.6211,-1.048,-8.1729,-8.2886,8.7575,1.3611,-6.9709,-0.5471,4.2806,-1.6841,1.5944,-9.1326,-4.1309,2.3964,3.9645,2.8354,-9.5573,-6.4041,1.346,7.8954,-5.6286,-0.2802,-3.4941,-6.0385,6.5654,-7.6539,0.7927,7.7432,5.1994,-9.2901,1.3454,-7.8062,3.8461,0.4045,-2.9686,0.7572,8.9513,-8.3312,-2.3272,3.568,-5.6175,-1.1807,7.6753,1.2041,-7.5964,-9.068,-1.3003
-5.941,-4.9951,-6.7162,-4.3831,1.2406,-9.8836,8.2106,-3.287,-2.7332,-8.476,-5.1951,-9.2038,-3.7975,2.4024,-8.9806,1.8698,-4.6004,2.853,6.4135,2.1284,1.8069,0.6261,-3.5865,-2.8045,-2.056,9.8186,9.3937,-1.6423,-8.5932,-9.6983,0.3572,3.0616,-5.5475,6.5744,7.6149,-3.7157,-7.552,1.0258,1.8905,-7.7859,-4.8797,-4.0619,3.6025,0.7246,9.6726,5.7425,4.0042,7.135,-2.5171,7.2163,-6.7749,-4.7242,-7.0218,4.6487,-6.6337,-2.8053,3.9455,4.069,7.1421,0.2922,-4.3841,-6.6388,-8.8082,-2.373,5.4829,-1.5644,-9.5691,9.8241,5.5839,8.0997,-7.1907,9.4902,-3.6569,-2.2651,-3.0824,-6.3358,-6.1601,6.4328,9.8976,6.88,2.3411,3.0025,-0.9432,-3.5504,-6.6767,7.2606,-0.0773,-3.273,2.0821,-6.4499,7.514,8.2621,5.8569,-3.4791,-5.0158,3.8455,3.3052,-2.2538,6.3565,-1.078,-8.0069,7.5027,-4.1395,-4.2324,-8.0996,-9.6067,-9.2798,-4.1314,3.8166,8.2628,-2.038,-7.5361,-1.333,-0.7444,6.5728,5.4215,9.6481,-3.4473,7.3441,3.2062,8.7752,-5.1726,7.3053,1.5499,-4.9201,5.0741,9.8865,5.5399,4.4599,-2.7466,4.0311,-1.3947,-1.5509,5.0651,5.334,4.626,-0.0318,9.6256,9.4651,9.315,2.4452,-8.9078,6.098,6.9661,8.012,6.0272,-1.957,-9.4579,3.5191,-2.9269,7.3717,-6.9082,-2.487,5.6833,-1.5091,9.6218,-0.0004,9.8709,-4.0728,8.489,5.6085,-0.2138,-6.6942,1.0237,-9.1668,-8.69,-4.2818,9.7691,4.2786,-2.7171,0.342,2.949,-7.4645,-9.0751,7.9918,-6.6159,9.4828,8.2161,-4.7216,2.7779,5.6122,4.2597,9.8329,-3.7199,-6.0953,5.0734,-2.7154,-6.8792,6.3973,-8.8745,3.868,2.9326,1.3026,-6.7189,-9.7135,-2.1939,-2.685,-8.1097,-8.6951,2.879
-0.1654,2.8819,0.9255,-5.8357,-0.7068,-7.6509,-8.7665,0.9676,-1.92,-6.1776,-9.5589,-9.0766,-4.2054,2.5827,-9.9162,8.0123,-4.0167,4.9394,-2.5268,-3.8573,-6.8071,-1.4065,9.0874,-7.9332,1.7884,-1.4976,2.7477,7.5565,8.3726,-6.9596,6.1987,-7.6899,0.7543,-5.2126,2.549,-1.4781,8.3365,-9.4669,-7.6655,4.46,2.8863,8.0031,-2.124,-0.5597,-9.3818,7.3891,1.4771,-3.3364,8.8497,9.965,-0.0864,2.3094,4.9044,3.293,7.2344,1.9027,-4.7069,6.3158,-6.4836,4.5395,1.2684,-4.5488,-4.8085,0.8829,-1.3734,3.6897,1.9232,5.6269,9.4867,2.4406,2.5939,0.0892,6.8641,1.8228,3.3573,-0.0471,4.9258,-4.3955,9.1459,4.7746,8.2757,-1.5203,-6.4216,0.0374,-1.6976,-0.729,2.2903,4.469,0.2917,-6.8399,1.9065,3.0077,2.3974,-9.6183,2.1285,6.8375,-1.4823,0.4263,6.6567,-6.8891,2.2728,8.8607,-2.3142,3.8752,1.5637,-5.3073,0.185,-1.6151,3.1381,-8.8928,0.1653,-0.8167,6.4144,-5.7644,-8.0149,9.402,-6.7717,5.46,2.2469,2.6125,2.8516,-7.2368,6.8479,2.8518,-4.6052,0.4102,-6.046,-1.1059,-6.3684,4.2493,-8.2784,3.795,7.2974,9.7766,-5.1029,-8.2119,8.922,-6.5385,5.0759,2.499,8.2404,4.1881,0.9699,7.3003,8.3844,5.8379,-8.5189,5.6379,-9.9987,1.2962,-0.062,-7.4096,-4.0757,2.6824,-2.2953,6.7519,3.5226,-2.1616,-7.852,-1.409,2.6803,-1.5931,1.0112,6.6361,5.6296,-4.9905,-9.6963,-3.5143,8.0092,8.822,4.3394,-3.9496,-2.4446,0.0781,0.1139,8.341,9.8644,-9.5308,-6.6731,-4.1179,1.5,8.2527,9.6402,6.4271,0.9901,-4.0701,-6.5724,-8.3065,-6.3978,-5.5492,8.4968,-2.4906,7.2368,0.0146,3.0657,-5.6026,4.7377,-1.685,-9.0558,-7.8964
8.7576,2.3669,-4.8276,4.955,5.227,-2.9059,5.208,-8.1209,5.8906,8.8087,-9.8746,-7.1661,-8.572,-1.2693,-3.562,-8.6814,6.2797,-2.5199,-1.3415,-5.808,2.1948,-9.6492,-2.36,0.271,6.5974,3.7577,-1.3066,8.0241,2.8129,1.3396,0.6198,-7.6499,7.4134,-0.8411,7.1169,6.4259,1.9704,6.3007,4.8935,5.0324,-7.6676,-6.8231,7.7422,-8.3239,-8.9043,-3.5992,-5.747,2.4712,1.5991,-9.5446,4.6774,9.8966,-4.206,3.7332,-5.1479,-6.6793,3.1875,-3.6065,5.0524,6.2015,0.2723,-8.8742,7.6181,2.7719,9.9493,5.3524,0.8016,-7.0821,9.0008,9.1148,5.8433,4.2571,9.4049,-2.478,4.597,-2.572,-2.4081,-0.3122,-5.1186,3.7973,-6.6852,-7.0611,-3.6972,-4.7856,-6.9717,-4.5318,-7.1051,4.5444,2.6314,-9.3397,5.7189,0.5346,3.3676,-1.5197,-9.2463,6.8377,-8.9797,-9.7877,-7.2804,-3.7215,8.6594,-2.1044,5.841,3.295,-3.0211,-1.5306,-9.9646,-3.8373,0.6111,-0.1303,6.3581,-8.5973,8.8984,8.9915,9.7966,2.5818,-2.0877,2.1892,9.5617,5.9427,6.813,-9.5901,-2.9895,5.3157,2.9469,4.3943,-1.9877,5.996,-4.4605,3.6618,-9.2547,9.0938,-1.5459,-7.6702,8.7761,-2.5672,-3.2288,-2.81,7.1185,-3.0931,9.7339,0.288,7.4482,-6.9179,6.1781,-5.7758,7.7421,-2.8026,-3.5445,1.8855,-6.1274,-6.9483,-8.0793,9.8388,4.9534,8.5985,1.464,-3.5067,-7.049,-3.3054,-5.4568,-6.2849,5.3264,-4.711,2.6085,-4.9192,7.7995,-5.2048,-4.1309,6.6279,-5.2906,9.7929,-4.4776,-1.1609,1.7722,-0.0681,4.4919,3.7584,-6.0965,-2.4618,-2.8621,3.8198,-2.0576,0.3707,3.2389,-2.2524,9.9952,-3.449,4.6523,-1.611,3.404,4.4465,-9.0511,-4.392,-7.4544,9.7959,1.2657,8.2198,-4.4102,-6.4043
0.9857,6.7111,0.6799,2.0249,8.3915,0.3883,-6.8375,2.7103,3.2335,-2.9157,-6.2411,-6.4885,2.8457,-6.4506,-3.6805,-5.624,-6.4934,0.5767,-7.0892,1.8194,-2.4445,-4.3419,5.9013,1.8843,-5.9544,6.9383,-4.6373,0.5119,-6.6791,-2.6635,2.799,1.9228,-2.4134,1.3005,1.9747,9.4299,-3.6907,7.7652,1.0636,7.3982,6.0244,9.5288,9.5483,7.5973,3.449,2.3057,1.1661,7.3834,7.6692,-4.9151,2.4668,4.3432,-4.3781,5.6379,6.1033,1.3158,-8.3641,0.1375,8.4399,-5.2756,1.7309,6.9308,8.4841,4.7431,4.0724,-6.6917,9.489,-9.6022,-8.2838,0.8869,-2.5968,-3.1447,-7.0231,5.3923,-7.7268,8.7349,-7.1004,-9.9287,9.8781,4.0844,4.1661,0.1046,4.6133,1.9576,-3.3241,-8.5052,3.0431,6.3577,2.6891,7.1526,3.2576,4.9653,5.7649,2.6232,-9.0894,3.2648,9.4212,-1.7345,7.4752,9.0652,-1.4753,5.1756,7.4408,0.4478,6.399,7.657,0.2358,-3.2518,9.5162,-6.1974,2.9579,-8.589,-5.6096,5.6555,5.3023,-9.559,-3.5402,3.7704,-6.3511,7.1896,8.6062,-0.5761,8.1348,4.0984,1.7437,7.4252,7.8467,7.7053,5.9562,-1.9027,-6.048,-1.9051,-6.6357,-2.0843,5.2128,3.5471,-9.8649,-1.4833,5.12,-3.0026,-6.5561,-1.4926,5.4282,-0.0584,-2.8394,6.7579,8.3339,9.2803,-4.268,5.7857,-2.5732,-9.411,-0.1892,5.0389,4.4041,-2.1192,7.2687,4.4186,6.5861,7.1371,2.9231,8.5314,-3.2083,-9.4047,-0.3689,1.7835,5.3977,-5.9703,-4.2,-0.6967,-5.6192,9.0137,-5.9139,-9.1999,3.9902,-4.395,-3.3983,-2.7198,8.0355,1.8825,3.1474,-0.9595,-2.1659,4.8415,-1.8511,-5.8288,-4.3877,4.9717,-0.2578,-6.2218,3.9893,-3.7818,-5.3846,3.4824,4.6491,-7.1081,-1.7598,7.2764,-5.0182,3.2686
0.3375,-0.5658,9.5025,2.4226,9.0011,-9.2607,-6.8211,-8.5832,-9.908,6.7757,1.5649,1.6593,-4.6655,7.124,-7.717,-0.4955,-7.1575,-3.8294,-6.786,-4.5415,0.2968,7.1221,9.2301,9.9698,-5.3967,4.125,4.1456,-6.3457,2.4803,-2.7667,7.5101,0.7703,-2.0207,8.3847,6.8757,7.0432,0.518,-4.9748,-3.7576,2.1842,9.498,6.3683,3.7975,-5.3347,0.8502,-5.9526,4.3546,0.7643,3.5299,7.3151,7.4861,-5.7663,6.6079,-9.265,-5.7851,-5.9531,9.7437,1.944,-4.0674,1.0471,-7.6941,0.0846,-9.6788,1.3004,8.6726,-9.3695,-5.7578,2.5609,4.6044,-3.3335,7.9051,-7.6056,5.9704,-5.9694,5.8248,8.1353,-9.4213,9.3532,5.9112,6.5361,3.4971,-6.6238,2.3816,-4.706,1.4406,4.4025,8.2106,-2.8509,-8.3595,4.7566,7.3373,-6.55,8.9173,-5.2772,2.777,-2.0328,5.5477,-4.8113,-3.0503,-1.82,-0.6593,6.0474,2.6406,-0.7061,-0.7656,-2.7048,2.075,-8.8525,-3.2134,0.8323,-1.4796,6.5151,4.4659,-5.2883,-4.1711,-4.5954,7.8357,-1.4175,8.8398,6.9512,-2.5275,-2.4357,7.4498,-6.6951,-8.229,2.466,-8.9436,7.9568,3.3252,-4.8015,-7.3424,4.7237,-3.768,-8.8802,-1.5504,-1.5619,-0.9,0.8125,7.2726,3.4337,3.2044,8.042,-1.8988,3.1742,8.1741,7.538,-5.4053,-7.597,-4.1239,-3.785,-7.6604,9.8023,-5.9185,-1.5496,0.5897,3.2886,4.1369,4.1312,-8.4907,2.686,0.7154,-9.5719,-1.9551,5.9699,-6.4818,5.5112,-5.568,4.5879,-6.507,5.0726,-3.6711,7.4075,0.4927,-0.1663,-3.764,-7.4777,-4.1094,-7.5737,-0.5143,-4.0308,9.5097,7.4452,-0.8303,-4.4452,9.5245,9.6306,-8.7474,8.9967,-0.2785,-7.3991,-3.3932,0.594,8.4134,7.5792,3.2237,1.7558,1.5423,-3.6894,-8.865,-8.6011
4.5328,3.4894,-3.4132,-8.2781,3.616,9.2178,-6.3955,1.3437,0.5057,-7.1267,-4.6675,9.3891,-1.452,3.4345,1.9982,3.3192,0.7228,-7.2958,-0.1166,-9.5852,0.0858,-7.7276,-8.4151,7.1216,0.6546,-5.7492,-3.2043,8.0154,-5.4922,0.337,1.6748,-1.2966,6.1471,2.1685,-9.9594,-5.7896,6.1843,-7.4027,2.8014,-5.6012,1.8718,1.0204,-5.1209,1.6003,-2.2788,1.5836,1.8131,3.4345,4.1787,0.0802,7.181,-4.656,6.5193,-9.27,6.2868,8.3968,-4.5474,-6.1466,0.46,9.5492,-3.361,6.3734,4.4725,8.2277,2.8519,5.2363,1.8842,-7.803,0.8652,2.5697,-2.1921,-7.4061,9.6758,-2.6778,-3.6156,-7.0351,3.6413,1.5141,-0.356,-8.94,5.0901,8.2448,-5.4866,-7.9124,-8.7021,2.0597,-0.2581,2.2948,1.66,0.7035,-8.5332,-9.5966,7.3414,-0.1416,0.4048,-8.777,-4.8772,-1.718,-6.4234,5.6822,-3.9019,-9.5422,0.0195,9.1385,8.426,0.2524,-5.3871,-0.1842,9.7062,5.1581,-2.0902,4.8112,9.0829,6.7462,-4.2218,8.6356,6.5947,-9.9967,0.324,-5.6942,6.8002,-7.0032,3.4803,1.2324,-9.9992,2.6934,-9.6969,-8.8375,7.4195,-8.7872,5.2178,-3.5336,7.1285,5.568,-5.543,7.3398,1.5405,3.5178,8.6824,2.0739,5.52,-6.8781,5.8882,9.9786,8.1798,-3.6681,4.8382,-6.3748,4.236,-2.613,-5.6573,7.2656,-7.0131,-0.483,-3.7611,-2.9062,3.8052,7.7893,2.0376,-0.7965,-7.8279,-6.4076,-2.0712,-8.125,6.7647,-9.7002,1.278,7.1503,-9.5603,-7.0138,-3.3326,-4.6888,-8.4278,2.6769,-4.0445,8.8957,5.9504,-6.682,9.6907,-6.2567,2.3135,-9.7041,-6.0522,9.7767,-5.7716,-2.4673,3.962,-6.8387,3.4813,-2.7604,-2.4036,-3.1009,1.117,-1.9154,-4.7089,5.2842,-5.9878,5.8771,-4.4124,6.3681
-8.5294,-5.1782,6.2241,3.8308,-6.5847,3.1724,4.5939,5.7931,-0.0716,-5.743,-3.1486,-5.262,6.5405,-1.0758,4.666,-5.0809,3.5383,7.3779,5.6159,-3.4252,-8.0327,-6.1553,-0.6085,-3.049,-2.9372,-6.4961,0.5728,9.6775,-0.7196,1.4141,3.1577,9.1589,-1.9097,-5.6257,-4.5581,-9.0227,-5.0426,-4.6907,-9.3321,-5.8513,-2.9226,-1.4588,1.2239,9.5953,-7.7855,-0.3924,-8.6474,-1.2602,-6.3798,-5.8915,-9.6404,4.5576,2.5541,6.3952,-2.1606,3.5337,-5.3769,4.3039,-9.7438,4.8933,9.8079,1.7861,-1.8861,9.1562,-8.1398,5.5695,-1.311,-0.8261,-5.5106,-3.6982,-0.8808,0.3753,-5.9895,-6.3648,-0.6536,-4.9952,-2.0786,-2.5012,-7.1304,-5.6584,-5.0534,4.8711,0.7272,5.486,7.3484,0.0366,-8.771,-6.5936,6.791,-8.4761,2.4692,9.7687,3.695,5.9468,1.0192,-5.3277,0.4093,9.5631,1.4707,-3.5536,8.1026,-9.1316,-7.8953,-4.2844,8.445,-4.7647,-3.2372,-3.1723,-9.1051,4.2466,4.8659,-7.8355,0.7157,-0.6627,-0.685,-2.1801,1.6426,-2.1203,-8.4014,8.4247,-8.2547,1.5063,-4.4076,8.2687,8.1827,4.5191,2.082,6.4465,1.2375,9.352,3.4151,6.0208,-3.8952,7.2589,5.8901,-4.846,7.6035,-6.7044,-8.6599,4.5664,-2.5257,-8.0128,-9.8525,5.434,-9.8975,-3.4561,2.7472,-1.0964,-7.3448,-3.0145,8.9101,2.2409,-5.1593,6.2027,2.1803,9.7709,-3.0522,-5.6264,8.788,-3.3785,-3.6154,-6.5037,-4.782,2.9108,9.1331,-3.7169,4.7951,7.328,2.8032,2.7363,3.7952,7.5646,6.7809,-4.0466,9.3276,-5.7371,9.0198,0.2969,-1.9038,-1.2995,-3.8721,5.56,5.6948,5.3718,-1.3696,-2.9542,1.0055,-6.7898,-6.3273,-9.5646,-9.0471,-6.5053,9.7394,3.5608,-2.719,-6.9207,4.0594,-7.9584,-8.3355,9.3378
9.4213,5.5022,-8.1624,-7.3655,2.7408,9.1586,-4.3727,3.3759,-5.4689,8.8989,-0.292,-2.4528,-2.7161,8.4657,-5.0518,1.6531,-6.4014,6.545,2.0915,-4.2252,4.6094,-3.4754,-6.2247,-1.8188,-2.0695,-4.2886,6.9566,3.0908,5.29,-9.1516,-5.2284,-7.815,1.0524,2.0287,4.8929,-7.379,-4.7199,8.8413,6.8435,0.4288,0.5212,7.7566,-0.8826,7.4176,4.2463,1.4488,2.7012,6.1626,6.4729,0.8212,-2.5655,-9.9407,0.0175,0.8137,-8.1558,4.04,-2.7628,1.9922,4.9984,3.0743,4.6966,6.6036,-1.4017,-9.7917,-2.6099,9.9504,-3.6537,0.4347,-9.7291,-8.5923,-3.6937,-7.9804,9.2424,0.7799,-9.8653,4.3344,-7.8821,-1.0598,-6.2191,-1.2976,4.6644,5.6393,8.2332,1.9009,7.0356,1.9319,-1.538,-2.1583,6.784,5.5956,-6.0258,2.079,-6.0149,8.47,-5.7881,6.6698,-1.4437,3.8302,-6.3257,7.0908,-5.4592,-3.8231,2.361,4.0128,9.6298,4.2015,-3.001,0.4803,-7.1457,-9.3764,9.1649,-0.7899,4.9232,6.3526,-8.6011,-7.3496,-7.0997,-2.1461,8.4609,-4.3808,-1.664,-7.8046,-7.5399,2.0797,-3.7512,-2.3216,3.3878,-4.6909,-3.0816,-3.1621,8.479,1.3693,-9.646,9.4234,7.3715,-5.0506,-0.5083,0.2198,0.6839,1.6145,7.5023,-7.5772,-0.2221,-3.803,1.1496,-6.6756,-5.1946,0.3019,3.1087,-0.5582,8.4133,-3.5631,7.7907,-0.4323,7.0226,5.3775,4.6079,9.3576,-6.4062,2.5905,4.0594,1.1272,3.2893,7.7632,8.8399,7.3863,-8.157,-9.8565,9.8944,-0.7425,-2.4484,-4.5437,-1.4504,8.999,1.291,3.2141,1.8731,-4.0729,8.9611,-1.3971,-0.7308,4.9446,5.1286,-1.5753,4.9223,4.7898,-8.3678,-7.7614,-4.2835,-6.884,0.6611,5.2409,-5.9937,7.7413,0.7563,8.2022,7.6611,0.9991,-3.4614,9.2718
-2.7695,8.4276,5.8686,-1.6944,6.9967,-3.2472,2.2454,-5.4951,-4.7179,0.8427,-3.7066,-7.4623,7.7139,5.2261,-8.3588,-6.8878,6.7559,3.606,6.4832,-7.9609,3.3317,6.0278,8.6255,9.5753,9.2979,-1.5675,3.6892,-6.1979,1.0352,5.6622,-9.7687,9.8233,1.2272,4.6887,-1.0951,-0.557,-6.3163,1.2073,3.5597,-7.1754,-6.2423,-6.623,6.0126,-6.6887,7.1787,-8.9818,-4.3858,-6.3064,6.6474,-5.6249,5.6965,-8.3652,-5.0723,-1.1318,9.3048,-4.5061,-7.4891,6.4602,-7.4352,3.9027,9.0074,-7.674,-9.5329,8.7368,-1.6379,-9.1516,-7.0656,1.0643,6.0705,-1.6486,-0.0294,-7.0558,-1.2242,0.1701,-4.6118,1.3549,7.9437,2.3892,8.8283,1.9052,-9.7731,-8.4414,-3.4073,-6.9753,-5.9345,-6.1552,5.2858,-2.6211,7.1313,-9.3565,2.0456,-8.1251,-1.2582,-0.91,4.2683,-4.0187,6.2852,-9.6393,1.2826,4.6467,-3.2233,3.5654,3.8392,-3.3656,4.6906,-9.1585,-8.7839,-0.063,5.2373,7.6561,2.098,-9.9575,0.8008,-6.0346,0.3894,8.5229,-5.0143,5.015,-9.7778,0.1846,-5.3581,4.9975,2.9351,-7.7798,1.3184,-3.7458,-4.9289,2.8886,-8.6767,-0.1812,8.6016,7.3845,0.8708,4.6346,-7.459,-3.2278,0.6339,-7.8495,-4.4173,3.2719,4.7061,3.2098,-5.7263,3.215,7.3007,7.5352,-9.72,2.8059,-3.1354,6.9988,-1.3132,4.8157,1.0885,-9.6806,-0.9975,2.5449,5.4744,-7.8579,-0.8406,-2.9444,-2.3606,-7.2146,-2.3778,-0.0943,0.6558,4.5166,-2.167,6.3323,-7.4391,7.5675,0.3918,-2.2726,1.954,-6.4081,-5.9031,-6.997,0.5762,-3.4601,1.5764,6.3902,3.3988,4.8661,-6.4677,3.2445,-4.2468,5.6139,-8.6003,9.1171,-2.007,0.2283,-4.0265,-0.9981,-4.7821,1.3039,-0.6019,-3.7413,-8.2811,5.6448,-2.3034,0.0193
-4.4971,6.1838,5.1292,3.6352,6.931,8.4584,6.8874,9.0901,-5.5882,2.1214,-7.8207,-1.5937,9.4534,2.6684,-6.551,0.8837,1.3699,0.7003,-3.9422,-9.7821,-6.871,6.1487,-7.207,-0.8432,-2.182,-8.4881,3.184,9.1754,-3.2493,-5.1404,-3.0353,-7.8674,7.7043,4.4589,-2.7488,-6.8981,7.0721,1.3576,-4.7331,-6.0424,4.2253,5.4375,-5.5822,3.9215,-2.0926,-3.2278,4.6952,-3.1405,9.629,0.5037,-2.2542,9.3883,-5.2557,8.2362,1.0729,-1.9415,7.6587,9.7201,5.0549,0.2564,-4.2071,-3.0705,5.4061,-3.0278,-2.3623,0.0135,5.5937,0.7473,-4.9205,8.023,6.825,6.4314,-7.1454,3.7654,4.6484,4.9672,7.6971,4.8541,-2.5781,-7.9439,3.931,9.131,-2.6916,6.7739,5.9293,0.6536,-8.497,1.1215,2.6067,-4.0788,-6.5221,1.5084,-2.8351,5.4066,4.2685,5.6257,-1.0716,-1.0706,3.1616,5.5634,5.6479,-6.6784,5.0399,-1.9264,-9.9457,-8.9217,3.8097,-3.7849,-0.0549,-0.6332,-4.4053,-0.85,-1.0047,-2.5267,5.5769,8.4664,-0.1534,-1.4575,2.2537,2.8658,-2.4794,8.0109,-2.0169,1.295,5.7504,9.1935,0.9627,-0.484,6.8166,4.616,4.7901,5.3496,0.2154,2.4351,-1.2248,4.4129,0.4233,9.7377,-5.4087,8.5344,7.0155,-9.5838,4.9747,-7.4477,2.6994,5.6102,-5.5161,-2.1306,1.1882,7.315,-6.2276,-1.0765,9.7623,-1.2527,-3.425,-8.604,-6.3721,-4.0132,-3.8809,6.522,-1.2042,-3.1621,-9.6706,1.6295,-3.873,8.2978,0.9889,-6.0547,7.2687,-9.1264,5.3931,-8.3778,2.2339,3.7247,1.0867,-8.8197,-0.7204,-7.4501,1.7291,6.7913,6.9032,-3.6686,9.3546,-0.6569,6.6196,0.082,6.2879,-2.6352,6.0177,-2.3002,-0.2638,0.1435,8.4507,-6.8548,7.8373,4.4269,-4.0791,-0.0862,-9.5319,-7.513
4.9847,9.2306,2.6556,1.3432,-7.4237,3.1506,-1.1541,4.1767,9.5861,-2.8742,2.5211,8.5506,-4.444,5.9739,-1.9498,2.6573,2.2671,-3.894,5.2264,7.728,-1.5279,3.2412,2.2292,3.0531,-3.8667,8.0019,-0.674,6.6308,-5.0433,7.4751,3.7511,0.7244,8.9172,7.7831,-9.3075,9.495,-1.9288,-5.6806,1.4388,8.3969,-4.9351,-6.3908,0.0449,9.9505,-6.8655,3.736,1.7262,6.6197,0.7448,-4.5696,-8.8347,-9.6055,1.535,-2.1037,4.1738,6.0266,-7.2707,3.5756,8.4687,8.9484,-7.8749,-4.3654,3.8393,-6.815,9.2021,-3.3655,-5.3321,5.2114,-6.5258,2.9627,7.1029,-7.2915,-5.5049,3.4054,7.95,-9.0315,-6.1608,3.3662,-3.5818,-0.7187,-2.0353,-6.3309,6.7224,-1.3189,3.9074,7.8165,-2.0459,6.0785,2.5363,2.028,-4.2083,1.9617,4.1056,-9.6627,-8.656,3.7868,2.9369,-9.3179,8.5115,-9.8444,3.3591,-7.7082,-6.2289,1.9736,-5.7512,7.5657,8.7505,-8.6115,-6.8071,-3.2229,-4.9158,6.6727,-1.1815,8.6791,9.4143,0.719,1.5448,6.1653,-7.1803,-0.2717,9.0358,9.5205,3.6144,-2.8397,-2.4744,2.469,-9.9699,6.3196,6.3568,-1.234,9.7184,2.0295,2.0544,-4.3335,7.2243,6.3721,-8.9723,8.8077,-1.2943,-0.335,2.3988,-2.1205,-4.3045,0.8,3.1354,-0.2339,6.2899,8.9561,7.3118,-6.7865,3.2092,-9.9219,6.1706,5.3537,6.738,-9.9185,8.301,0.5377,-4.6707,8.8653,8.3183,-7.3227,-1.359,-2.8751,-9.5191,0.185,-0.1688,-8.3698,6.1217,-1.6537,-8.302,-0.3791,0.9906,9.0868,3.0131,-6.3242,8.9535,-0.6336,-1.0471,-4.1286,9.0518,6.8935,3.9498,-9.531,0.9247,2.7109,-1.4953,2.2857,-5.4983,-2.6538,9.3152,8.5077,-3.1704,-5.6301,9.8626,-3.2269,9.9549,1.5162,8.1363,9.3151
6.3063,-9.4196,-3.5455,1.7524,-1.6226,-1.8939,-0.5369,0.0723,2.8349,8.2613,1.6862,-7.4069,-1.09,1.3803,1.1459,-1.1426,0.7555,-9.6102,-0.1869,0.5761,0.1362,0.8738,-5.6732,2.7837,4.5226,4.9271,-2.9959,3.1364,-4.8113,7.2457,-5.6343,-6.389,2.9213,2.606,3.924,-6.5348,-8.6762,3.757,3.5266,-5.1073,-8.6432,-5.7125,-2.489,-6.4714,7.1929,-7.6014,-3.7269,-1.0053,9.9091,-4.8438,-3.334,-5.8205,-0.9072,3.3521,4.4495,-7.8404,-9.5507,-0.3042,-4.701,-6.7575,3.036,-0.0968,-7.1798,-2.4468,-6.261,-0.8471,5.58,3.6454,-6.6716,2.0142,-7.8417,9.1479,-6.8941,6.7278,8.9231,-8.9213,3.9421,0.434,0.3611,-0.635,-3.5656,2.8482,0.7971,5.6732,2.8477,8.7296,-8.7253,0.6862,-0.5239,-3.0264,-2.1948,6.4253,-5.8139,-0.1611,-8.0143,3.8911,-8.8829,-1.6507,2.2902,-1.2099,-4.0038,8.6792,6.4346,-1.4288,4.2868,-5.6906,-0.158,1.1764,5.2451,0.554,8.4734,1.1228,-0.7454,-2.8805,-9.3837,-6.5668,1.3025,7.2985,7.2695,-5.5291,9.4491,0.6061,0.4746,-5.8668,5.7687,-9.1835,-1.6585,-3.7212,-6.0719,2.8518,9.9237,-6.2565,-8.648,-3.2112,-4.6905,-5.8499,-8.5167,6.8683,-8.7124,4.9524,-7.9038,6.2698,0.1265,-6.8882,7.9797,-8.0561,4.3442,-5.0569,-1.2946,9.4514,1.1392,-6.3276,2.3781,6.0561,-9.3382,6.176,5.8782,5.3165,-6.9465,6.3972,5.5439,5.906,2.7249,4.0153,-2.6232,7.6752,5.4466,-9.7649,-2.5013,2.2573,-3.8121,-5.7851,5.3597,7.0025,-9.8534,-1.4931,0.5902,8.9601,4.1574,-0.9247,-9.4531,1.8671,-8.0533,9.0608,-6.3919,-0.1723,2.7559,0.3377,7.0795,-9.5759,2.6005,0.1663,-3.955,5.5461,8.6478,9.9102,4.7142,-6.2837,3.2295,1.6641
-3.5294,3.8636,-5.1452,-8.6462,-2.9772,9.1557,6.9765,-3.5215,-7.3813,-2.3484,8.8542,3.401,4.0629,9.9541,-1.4557,-4.248,5.4578,-2.6555,6.2774,-1.3951,4.0025,6.0257,-7.1773,-6.0195,8.0582,1.759,-0.6502,-6.6533,9.8115,0.1297,2.7582,-7.4077,5.756,0.4942,6.2645,9.7742,-8.2243,-4.2228,-2.2158,1.073,7.774,-4.8603,-3.9197,9.7184,-5.5541,-2.688,7.3208,3.3383,-8.9235,3.6223,-7.2789,0.876,-9.7018,-3.9943,-3.9275,-2.1512,-9.0561,-5.9534,-0.1627,3.6525,9.0356,-1.9678,5.6468,7.8062,0.6828,6.4212,3.1342,4.5069,-9.3386,-0.4207,0.1748,-7.8116,-4.6125,-6.9407,1.8602,-4.8191,4.4013,5.9036,-3.8367,6.5117,1.9883,-0.7662,9.5574,-1.5992,-4.233,-1.3247,6.3896,-1.3098,3.6264,7.3509,6.7635,-4.982,0.4513,-4.3103,-1.1484,-2.5778,6.4443,-3.1546,-1.6457,-4.8981,-3.2398,3.9498,9.7349,4.4688,-9.0584,-5.4374,4.6023,0.7869,1.1522,-4.5205,6.7741,1.888,7.9739,6.7721,7.0651,2.1332,-1.1602,9.7535,-6.4195,1.0274,7.3193,-6.2329,-9.6321,-5.5349,-0.4846,1.5526,9.9404,-5.0667,6.5177,-8.0877,-2.067,3.8652,-1.0611,-7.4855,0.6822,6.6455,3.7888,2.4217,4.4157,7.7021,8.3509,-7.1882,-0.9256,-2.9004,-1.3714,-1.9005,5.2772,-5.9821,4.4414,-6.1016,2.9878,2.296,-8.5158,3.3897,0.4653,3.8306,1.139,3.2055,-0.6942,-4.3316,4.3119,3.921,6.7343,3.3205,1.1881,7.2289,-0.7145,-6.8763,8.8033,5.1505,-1.2788,-0.4531,-5.2284,1.7063,7.0498,-7.9783,0.7529,-7.4181,-1.4799,-5.1683,-5.648,-2.8786,-1.0579,-9.5676,8.0373,9.3285,6.0979,-9.7629,-6.7795,3.8255,7.8295,-0.5903,-3.1531,-9.1322,4.3678,-1.6252,-0.22,9.9128,9.259,-8.7709
5.1772,5.0945,9.1508,-8.4209,7.7448,6.7162,-3.641,8.4827,5.0943,-5.1944,-7.8907,0.4561,-8.1908,-4.6663,0.1069,4.0695,9.0334,-5.2544,-2.7304,6.9732,-8.6104,-4.3161,0.3133,-1.1358,3.6467,-3.9277,7.4525,3.8174,2.7001,4.4156,5.11,-4.37,-9.301,5.0736,1.0364,4.9739,-7.2309,-2.6289,5.6168,9.2762,6.854,-2.7468,0.6765,1.6219,3.4035,-0.3329,6.1932,-5.9872,-1.8209,-7.2042,8.5242,-9.0762,-3.9836,9.5065,9.975,-5.4618,-6.8063,-9.599,7.1027,4.6798,-7.4533,-2.6165,9.4762,-8.2102,-1.9171,1.7749,-1.507,-5.9342,-9.1037,1.1255,-2.9105,3.1517,0.6642,-7.7383,-4.4849,-3.1296,-2.2074,1.4752,3.9812,-2.493,-8.0446,-1.707,-5.3173,-1.7768,5.7034,1.5199,4.011,0.8439,1.519,7.5654,0.8403,0.5236,3.1351,0.6214,4.9347,4.2375,-2.0786,-0.3504,-5.63,-7.2845,-9.7711,-2.4434,3.622,2.0879,-7.5439,5.0261,7.9311,4.1205,6.1808,4.843,7.7377,-8.1668,-1.5206,-7.8115,-9.7675,5.2335,5.5962,-6.0032,-3.143,-9.397,-5.7565,1.8671,-9.0425,6.7148,-1.5025,-3.5799,3.6544,-9.0891,-4.6602,9.3961,7.0294,-3.8973,1.1369,9.4355,-9.85,8.1709,5.5635,6.0465,9.9356,2.9789,0.8975,7.2993,-4.9517,-6.5558,-1.8028,7.738,1.4407,3.1355,9.9832,1.7207,-6.8199,6.6083,4.0142,-0.1271,-2.3682,1.8797,-1.1627,4.2108,-3.8975,7.6513,-2.9444,-8.4144,-9.5057,-0.2422,4.792,0.637,-3.554,7.9538,3.2415,-7.8159,-2.5831,8.8906,3.4231,-1.2952,5.6204,-0.6315,6.8813,6.318,3.0638,-1.7399,5.0182,7.0116,7.588,-7.3449,-3.6269,-3.425,7.7914,-5.0782,-4.8032,7.8246,3.7617,4.147,-8.5279,4.3497,9.5207,-5.9818,4.8415,6.5441,0.718,0.1803
-3.4706,-5.1376,1.4982,9.2176,3.6654,1.1075,-3.2762,-8.2588,-3.2401,-5.7629,8.0353,-9.2879,8.7102,6.5931,-0.4964,-2.5804,2.9293,-4.5031,9.9585,-6.0448,5.6859,-2.6187,3.1928,-3.1575,5.3476,3.6314,-3.2369,4.3217,-3.241,0.2376,-0.1957,-6.5095,9.8509,-1.2239,-8.6409,-6.6755,6.6308,5.7337,2.927,9.6298,-4.6019,6.498,8.4604,-6.7961,7.3875,0.9142,3.0817,7.9118,-8.6199,-1.2456,2.0468,7.2033,1.9319,-1.6242,1.2638,7.4699,2.8884,7.0545,0.118,3.082,-6.1792,4.8309,-9.599,-2.9137,-8.0715,-1.8708,2.8378,-6.0439,7.9651,-4.5624,0.9467,-3.5,1.3149,-9.7346,6.0105,6.6446,-7.3419,-6.2609,4.8536,-9.3487,9.4313,4.5429,1.3484,-6.448,8.9984,-2.4573,3.9543,-1.597,-7.6327,-0.5462,-0.2541,-1.3553,0.0016,3.5941,-5.8428,9.1314,7.5711,8.4343,-3.4243,-3.3484,5.2248,2.8822,5.1547,-9.2417,-7.4659,6.3843,-2.3071,6.3637,4.2092,2.6698,-7.1693,5.5297,6.8905,-4.9759,8.8893,3.8896,-5.7173,-8.2377,1.7685,7.6494,-4.4312,4.1009,-7.435,9.0137,3.1516,6.4788,-4.1747,-9.4447,4.1715,-5.7132,4.2544,-5.0512,-4.9365,-1.5689,6.2411,1.7075,4.4417,4.4517,9.8041,-4.6123,7.5554,-3.8795,-6.692,-1.2421,-1.1878,-7.2812,-7.2669,-9.6106,-1.652,2.1715,-2.1585,-1.9185,-9.1553,-9.9956,-0.5276,9.4935,-3.9015,2.6683,8.3797,6.9469,-6.2683,-0.3544,4.7137,-4.5948,-9.3437,-8.1646,-7.5797,-9.5227,-4.1562,-0.2591,-5.6887,-3.6348,-1.8919,9.7261,8.5175,-5.4422,0.0668,2.5863,7.2821,-5.7385,2.5637,-5.1507,-0.7409,1.4496,-9.3781,-8.317,-5.8632,2.8765,4.1753,-6.4607,2.1082,8.6095,-2.9052,2.5576,1.2533,-5.3628,9.1908,2.632,-4.1476,-8.596
4.3946,-5.6424,9.0249,-6.7211,7.3738,-5.5925,-1.3333,-8.895,2.0075,-9.3246,2.5344,1.4826,-4.2558,-5.5873,3.9177,-8.963,0.8348,2.5631,-9.2821,4.4777,2.759,5.3117,-7.9022,9.7342,8.0838,5.1269,1.9196,-7.4725,-3.4512,0.0354,2.247,7.3191,0.5188,-9.9706,4.7804,1.1167,-3.8235,-2.4591,-3.3464,2.0469,-1.6165,-9.6883,8.525,-3.8392,-2.1999,4.2778,-4.6162,-7.1325,7.6823,6.7191,7.8634,-5.0601,1.2861,0.7337,-9.1245,-1.0395,2.3802,1.1321,8.4131,6.732,9.7013,0.1711,8.8712,5.1397,1.7391,-0.0512,-4.7264,-7.5298,-9.6174,-5.9229,2.7092,-5.501,-7.3901,-4.4908,9.1518,6.7651,-9.3507,-6.5828,2.2405,-9.4394,5.0434,-8.5773,-4.7328,5.4752,-2.3256,-7.6968,-8.5063,-8.2103,-2.5627,-0.6747,3.8917,7.377,6.7448,-6.0348,9.3099,-8.5031,1.6842,-1.6648,-3.3931,2.7716,2.9661,-0.0688,1.2698,-4.3567,6.5929,4.8672,-6.234,-8.4951,9.589,3.7799,7.3268,-0.4199,9.6974,-1.894,1.428,8.3726,-0.1425,8.5648,8.7762,7.1809,-6.7025,-3.8136,9.6712,1.4494,7.0031,-6.9343,-3.1369,9.8898,0.7093,8.3479,3.4063,7.5055,1.5691,8.2435,8.3983,5.0297,2.2941,4.7809,-8.4312,-7.5792,-6.8184,-0.1828,-2.1583,8.8945,7.5153,-6.2833,2.5434,9.6654,-8.1479,8.6329,-7.4703,4.0099,3.9498,-8.506,8.4218,6.2697,-4.3615,4.0062,-7.3702,-3.3359,8.3952,4.4265,3.5676,-1.9705,0.1937,4.7374,4.6442,-9.2564,-6.5869,-6.4151,-1.2506,-1.03,-8.7446,-5.9234,-8.0971,-4.297,4.1225,3.3624,2.0888,-5.7817,-3.6519,2.5156,3.7265,-9.9638,-3.9717,8.8314,5.4044,-0.9155,-0.8535,3.6191,7.4893,1.1532,-6.2668,-7.8671,2.351,-9.1335,6.0948,9.8845,-7.1389,0.6835
-2.9199,-1.0983,-9.2342,2.3499,-9.9077,-5.2631,-4.6527,-4.1122,0.9725,7.1487,8.0743,8.6466,3.4256,-6.5551,3.6274,6.8184,-0.0775,0.3555,-2.4602,-1.8359,-3.9063,3.4098,-9.7825,2.3897,-3.1667,0.8366,-3.3123,-0.8121,-5.6234,-0.7506,6.691,9.6133,-0.7836,-4.9823,7.5599,9.0325,-1.7992,1.5742,7.4396,-7.6207,3.1232,1.702,5.148,4.9918,1.4186,3.6812,0.6448,4.2652,-4.2093,-0.8088,5.4527,-3.8509,4.1073,2.6868,-4.9409,2.086,-3.7123,8.0199,3.4168,-2.5963,7.5717,-6.9533,-0.8697,4.0748,4.7056,-4.2196,-7.7071,-3.0935,6.3562,-6.8481,-6.5269,8.1878,7.8051,-7.1777,-1.6467,-8.3478,-6.6302,3.1957,-3.5375,-6.2142,2.0065,-2.9252,6.9988,-3.7419,-2.7323,4.9631,7.9691,1.3841,-1.6617,-3.2344,-1.729,-6.4774,0.6495,8.8682,-3.2184,8.3657,6.577,2.7533,0.4455,-1.7603,-8.5811,0.8687,-2.4832,7.8376,7.913,5.162,0.5591,4.0106,-9.5325,-5.4355,4.45,3.3059,4.5545,-2.8235,-1.8533,5.8025,-1.3036,6.2772,-4.5771,5.5185,0.9611,3.1397,7.7786,7.8561,9.8813,-2.9691,-1.349,2.8922,7.6285,-9.6863,4.6592,-8.7147,-0.9678,8.6511,-3.9723,4.0794,-9.386,1.198,2.0694,5.3256,-3.7792,-3.5376,-4.5271,2.7505,-8.7792,4.5914,2.8708,5.6232,4.9026,-3.1718,5.172,2.0751,1.3069,7.0526,-1.446,0.622,2.8449,-2.5052,6.2473,-0.1498,-9.5587,3.1753,2.0751,7.2553,6.3795,-9.5773,9.6972,9.0667,-4.1311,-0.2631,4.4051,-2.2336,7.1452,5.9968,-0.8917,1.5585,-9.8778,3.0286,-4.5815,-4.0162,-9.017,8.2102,7.6582,-4.5028,-9.9604,-7.0121,-6.2272,-0.1642,6.6434,-7.7736,5.3607,-1.7057,-9.0811,0.7582,0.1662,-5.6449,-2.3027,-0.512,-9.8187,9.5297
-0.2003,1.8479,3.4039,5.3305,-5.5078,-0.4754,-5.0999,-8.4535,9.5088,9.2971,-5.5457,8.819,-2.2107,3.7093,1.5274,-1.2472,1.049,3.2612,4.5143,-8.8177,1.4607,-0.2931,-3.9537,-4.9055,4.5942,-7.0481,8.5851,-0.5959,-1.1021,-6.8641,1.0646,-5.3056,2.0126,-9.9303,0.013,2.8277,-0.3167,0.2483,-4.345,5.1005,-2.0432,5.3704,0.4331,4.4876,3.4236,-3.4092,-7.7254,-5.9779,7.4263,4.6772,2.0921,-4.1115,-8.4711,7.2823,8.0571,-0.3952,-5.0696,9.879,-1.1999,-6.7137,-8.412,8.2031,4.6458,7.6668,6.3835,-1.7609,7.9945,8.2848,2.3276,1.8196,-5.2479,-7.2935,-6.0232,-9.5242,5.4686,2.1996,7.4627,-6.2887,2.5191,5.1598,-3.7215,7.4424,-7.2506,-9.9901,-3.9124,-0.1868,-6.2087,-4.9122,-6.9808,9.4258,-5.5328,3.0627,-7.9299,-0.0192,-9.6954,6.3652,5.9163,1.9643,-6.1305,7.2825,-3.6711,4.3863,7.7043,1.9832,-9.3461,-8.8764,-6.4745,6.0318,6.3572,8.9683,0.1867,6.4727,9.2362,5.3965,5.3176,1.3637,-1.1989,8.8536,8.0776,-1.2853,-1.8029,5.7059,4.3961,-3.285,-9.6594,5.901,-2.9296,-0.9791,-8.5228,-6.2715,-0.7203,2.5576,3.9798,1.143,8.3988,0.9697,-1.4873,6.0079,2.262,-5.7523,-5.3028,-3.5816,3.2625,6.1173,-5.016,-7.7067,8.1545,-0.151,2.5887,0.3554,-4.6502,-9.5954,1.9239,-7.3333,6.7303,3.079,9.7014,-5.8727,6.5917,-7.9769,-7.6009,7.7305,0.5009,8.8205,6.9577,4.9507,-7.3615,-0.9179,-6.671,2.6694,-5.1822,-7.3115,-6.5271,-9.6557,9.0828,2.9026,-3.6385,7.7602,5.633,-2.1745,9.7109,4.1752,-6.6979,3.6069,-7.2394,-2.867,-0.3517,-5.9532,-2.17,-3.0178,0.0487,9.636,-8.1316,9.9682,8.5336,5.8925,7.7786,5.6375,-2.5054,-1.3614
3.0751,4.3846,2.8965,9.6079,-5.214,7.434,9.5787,8.0546,-5.4513,-4.0902,5.4519,2.7942,-8.4989,-7.2854,7.0399,0.4517,6.4127,3.1843,0.4195,-3.3222,3.7276,-3.4777,8.45,3.7982,-0.4049,9.8894,8.4151,-8.5093,9.0663,-4.3389,6.6059,9.8783,-6.8941,-7.5614,-8.3946,2.745,7.4378,-1.3637,-7.4922,4.1964,5.1132,4.1175,4.4829,-4.4953,-5.0073,1.8171,5.3947,-2.8887,-7.3967,1.1676,-7.0884,9.5261,8.9999,2.2046,-0.6722,-0.2115,-6.2659,7.0056,-6.3394,8.9425,-3.5492,-2.806,-0.2321,5.762,-4.1475,-6.5732,5.106,-0.2275,-1.2653,6.8189,2.2988,4.9444,7.4284,0.9252,-6.0243,-4.7843,6.7288,3.7142,-9.16,-7.136,-1.7362,-0.9456,-3.9651,5.6702,2.331,4.4387,-6.4464,0.5391,-1.3042,-2.9045,-9.0527,-5.0575,-4.242,-1.1191,5.7566,4.0896,3.7743,8.6063,-4.9017,3.2919,-2.4051,-0.3319,5.2363,3.1751,-7.053,-7.3442,8.9136,-3.6146,3.9787,-9.8144,-9.3235,-4.1043,-2.052,-9.0114,5.3646,8.4466,8.2838,6.8508,-1.0219,-1.9957,7.7631,-0.8552,2.9583,-9.4537,-8.2667,8.8116,5.3741,3.7574,-5.2952,8.7045,7.4018,-0.081,8.5814,-5.0721,-7.4789,7.3211,2.7093,-0.0066,-7.3293,4.8508,-2.9613,-4.7835,-8.8935,3.1086,-6.0618,7.5149,-9.2668,-1.5776,-8.4104,-6.6163,-8.6812,-2.7821,9.9146,8.0632,-8.4572,-0.1853,-1.2763,5.3375,8.9266,4.9393,-2.0286,4.2081,-4.1386,-4.7283,1.818,4.256,-6.2254,6.7623,2.9681,8.9199,-5.3931,3.0328,9.1019,6.3548,-9.0195,-6.5095,-9.8394,-0.2007,-1.3314,-1.7106,-5.2808,3.7871,2.4016,3.1434,6.3032,-2.7447,4.6765,9.9217,-8.2251,2.0276,7.7576,-9.2509,-7.3608,8.2078,-1.021,6.022,7.1977,4.5785,-3.9271,-1.9838
-0.7376,-6.2368,-6.8757,7.3055,8.6728,-2.15,-3.7026,9.2522,7.4778,-8.5799,0.1425,-4.9872,0.2033,-4.2687,-5.178,-3.23,-4.9863,-9.6316,-5.3886,5.1525,-9.2642,5.5046,-5.2478,3.5147,7.5849,-3.3383,2.035,-4.7131,-7.1396,-0.465,9.315,-5.6369,3.6407,-3.2433,2.1147,2.021,3.5728,5.3888,3.186,-8.5735,9.6849,5.4721,6.0375,1.2237,6.7525,-5.681,0.1785,4.7179,7.5344,-2.8025,2.8518,-1.3143,6.5878,-0.8595,0.7024,1.2344,-6.6813,-8.9079,4.8782,1.8121,8.4369,1.4009,6.9207,-7.1399,8.9778,2.0185,5.8034,9.0219,-1.1354,9.8328,4.8447,-3.5362,-6.6592,3.6993,7.3961,-4.9348,3.7416,-6.1706,-7.1946,2.5386,-7.1095,-2.2854,9.804,7.576,7.5549,-1.9908,-7.8861,-6.4708,-0.897,1.1265,-5.2347,9.0953,-5.7753,9.9325,8.2945,-4.8906,-3.302,8.3059,-5.1443,-0.1753,3.5122,4.5869,9.4764,-2.0537,-2.4753,-5.5178,5.8304,-2.7097,-1.8067,-6.7733,7.8348,-0.5639,-8.4305,-5.795,-3.198,7.7558,-0.8593,-1.4843,-1.3032,2.9809,0.91,3.848,-2.2448,6.1707,1.646,5.4865,-2.5702,-1.3993,5.4805,6.0353,4.7483,-0.3823,-2.5372,9.0345,-4.8257,6.9611,-8.3743,2.2546,-2.893,6.5031,-4.1404,-9.12,-4.0591,-5.2021,-8.629,1.6795,-0.9613,-9.7508,-6.7706,-2.3766,-0.699,7.4966,-8.6967,-2.5394,-8.5439,-4.2688,0.792,-7.0632,6.739,-8.3523,4.3007,-3.4325,-3.9957,5.8548,-0.3702,-2.5216,-3.3721,-2.6988,4.396,-6.2243,4.9122,-5.8691,1.4122,-4.1726,3.2182,-8.0504,-8.6371,6.873,-7.3605,4.4132,0.4385,-8.0551,2.231,-3.5243,-7.1829,9.2337,-3.5989,2.9248,0.7349,7.6716,0.2633,7.0945,4.381,-7.0596,-8.0219,-9.3065,-0.3,-3.7388,1.0267,-3.9144
3.8293,9.0912,-5.5099,-3.5703,-2.3137,-4.7629,9.3336,5.9096,9.8949,9.2655,6.0036,-0.9848,6.6617,-5.9369,-6.1238,5.8983,5.0954,-0.8508,2.1757,0.3518,0.453,8.96,6.8722,-4.3748,4.9367,2.0374,6.7754,6.3978,7.1167,4.2434,-5.6321,-8.6186,2.4087,-5.4804,3.6234,3.0325,5.1148,8.6892,4.6524,3.0356,-8.6119,-9.8307,5.3388,9.919,-8.8643,-3.936,-3.7158,-2.4487,-5.8587,-8.5271,-9.3815,1.2663,-2.7714,-3.3472,9.0337,-0.4362,-7.7542,1.5455,-9.2002,6.6177,-8.6444,7.6607,0.797,4.1976,-6.1411,-4.8697,1.6404,4.9357,-4.043,-5.0112,8.3144,1.2192,-3.2437,-9.7362,-2.4054,-8.3282,4.948,0.5807,1.4635,-9.462,3.0576,-0.1225,9.9934,2.0,-8.2325,-1.3105,-1.5097,-6.9069,-1.9027,0.8927,-1.3318,-8.1348,-1.6914,5.7882,3.3331,-0.8445,-1.5982,3.0441,0.0508,-0.2703,1.4931,3.3495,7.0964,-6.8856,-1.9491,0.2104,2.3999,-7.3662,-5.5697,7.6847,4.4451,2.9347,2.0102,2.6879,8.6197,9.6384,0.6947,-3.4769,-6.9168,2.4748,0.0297,-4.4285,8.8757,6.0165,0.6427,9.5261,2.0122,0.1373,8.7298,-5.4759,-5.0089,-1.9219,8.1256,-4.3503,9.607,-8.4481,-6.7812,4.5531,-5.3703,-6.8277,7.5394,-1.6941,-0.3,-3.6468,2.626,4.3033,-5.2126,8.5389,-3.6919,-7.3628,-3.8817,8.5887,8.1996,5.8115,-4.398,4.8129,-3.3111,-3.1933,0.1416,-2.9143,-2.1856,9.4661,-8.1976,8.7458,9.2511,3.2782,3.006,-9.0465,-3.3683,-0.0393,5.8054,-8.5401,-0.6452,-8.8226,2.1147,-2.4075,-6.5827,0.9683,-5.0428,-6.864,-8.3425,-1.5935,-8.9574,-5.0595,-1.6831,5.5544,-4.7456,-0.0299,2.8624,1.0023,-9.3003,2.2394,4.6613,1.9858,1.4514,4.4747,3.2998,-0.2186,-7.5094,6.6837
6.9596,1.4976,4.1433,-6.8399,-1.5222,6.4817,-5.4858,-0.3301,1.0245,-7.2904,6.1796,5.2294,-9.1678,0.4757,2.366,2.4791,-8.9668,-6.1881,2.9861,-0.2563,4.3619,-2.6938,4.9704,-4.5138,-9.4606,-2.7338,6.277,-0.3464,4.8013,-5.6382,-1.1454,9.5612,0.9647,2.0867,9.0134,3.2348,0.4863,5.38,7.7098,9.1661,-2.0511,3.4075,-3.9821,8.6996,-2.7522,1.6652,4.1008,6.143,-5.5497,8.0967,5.0133,8.9381,-7.4171,-7.2193,-5.666,7.9289,7.3625,-5.9386,3.4736,-8.5714,-1.2532,3.8143,0.1496,-4.5749,0.9391,0.2122,9.1358,-1.3157,0.17,1.1736,8.396,5.3078,-1.686,-5.0231,-0.3726,5.2773,-6.1761,4.6271,9.3629,8.4069,0.3913,-7.3077,-8.6446,-8.7899,-3.5925,3.9191,-0.7774,5.0737,-2.9252,-7.2283,-8.2817,-7.9236,7.4358,2.1744,-2.0676,-9.6263,-6.6019,-1.8981,-0.9695,4.2294,7.7079,1.6552,7.6053,6.6516,3.098,-6.3623,9.4244,1.8117,5.9332,-7.4404,9.2241,6.5644,7.2027,7.7133,7.3538,4.4743,3.3928,-2.5366,-3.1858,-2.7077,-8.7151,-8.4698,-8.7904,-2.9311,1.1414,-1.6857,2.3042,2.4287,-4.1435,-9.4914,-2.4969,3.9294,5.6924,-4.4475,2.6716,0.146,-0.6101,-0.5912,5.9191,3.2942,-8.9122,-9.6769,-0.7357,0.5695,8.3431,-2.4043,0.4683,-9.8495,-7.0633,-8.7575,-2.0723,-4.1833,9.4502,0.4262,-8.2473,6.6754,-6.9073,4.1624,-0.2533,-4.0503,0.8902,7.6301,3.0973,9.1613,-4.7705,8.1457,0.7165,-8.5599,-6.5428,-4.7607,-8.9601,5.9354,-6.8229,9.8667,4.4626,0.9012,-0.4741,-9.2911,8.527,-1.2043,-3.9909,2.6658,-9.8837,-7.4011,-2.4242,-6.0834,-3.0138,6.7991,-5.0264,-0.2814,8.5936,3.7944,-2.8953,6.977,4.4179,-7.9249,-0.1022,-8.2443,-8.9571,-2.8262
5.6291,-8.6953,5.4059,-1.9182,8.9663,-6.0039,1.3788,1.1267,-0.9035,-8.1459,-5.1141,6.6762,-2.1935,6.8572,-6.4466,-1.968,-3.5339,3.7411,6.9378,-1.1941,2.8916,-8.5562,2.9555,9.3937,-4.8352,-5.966,8.2851,5.5379,-9.5151,3.1412,2.0076,-0.1197,-0.0865,-5.2595,-1.817,8.254,-6.2212,5.9943,8.7932,1.6869,4.3992,4.279,6.1874,0.0819,1.2311,6.9247,8.4187,2.0478,1.4313,1.7055,6.3198,6.198,-4.6443,3.6665,5.1355,7.9549,6.594,-6.6903,5.3088,2.3026,-4.7666,-6.5713,-5.5928,-1.569,7.2995,7.9783,9.4649,-5.2539,7.5052,-5.3931,-8.3764,8.4588,-9.1304,-9.1285,5.1504,1.3276,5.4977,5.3515,-5.7846,-3.8879,-1.6822,-3.3974,-9.7223,7.2917,-0.0078,-4.5952,6.9606,-1.6161,-4.6539,-4.2106,-8.0473,8.6231,-2.9977,6.8453,1.3307,7.6725,-2.3269,4.9202,-3.3623,-5.812,3.7462,-7.7608,8.1931,1.4889,3.9488,6.7397,9.8451,-9.7234,2.8381,5.4349,-8.8772,-9.4147,-2.4837,1.7497,7.153,6.412,0.0354,-3.2008,-9.7319,8.8996,-7.824,2.5907,-8.0769,-6.5817,4.1508,-7.9626,0.7753,7.6602,9.7004,-1.8644,-2.8716,-7.6407,-1.069,3.7399,0.7812,0.0829,1.0486,-3.3502,4.2723,-9.5625,1.0892,3.2845,0.3636,6.5443,0.3091,-2.8619,-7.8556,0.4385,5.4585,-2.9194,5.4138,7.1412,9.0362,-2.6295,0.72,3.6615,-2.2528,-5.1468,7.5196,-4.0359,0.9744,4.2144,3.7582,4.5838,1.5313,-9.6682,-9.2488,2.9941,-5.8718,-4.509,-3.5002,4.5975,6.614,-7.6397,-8.3584,5.4523,-7.13,8.1682,5.0803,-3.0321,-1.4531,-3.3258,7.6151,-2.0956,-6.1548,9.1402,-4.5379,-8.8667,-5.1861,2.0899,6.536,3.5704,1.4245,-5.9452,-7.4364,8.9089,-1.4922,6.3838,9.9847,1.7493
-6.1173,-1.8487,6.8574,9.8232,-1.0754,4.0891,-2.7086,5.6453,7.7736,9.6939,-2.3116,-9.1367,3.6469,3.1862,-2.849,1.4199,-1.0215,6.9722,-6.848,-9.6191,-5.771,-6.2229,-6.7214,-6.6355,-5.1301,-1.7562,5.9792,-5.56,-8.9761,3.6789,-4.7885,-6.5611,-9.2961,8.5201,0.8081,-5.0169,7.942,0.9349,1.9116,1.4539,2.0988,3.9996,9.3168,8.5989,4.1552,4.4849,-2.4421,3.7191,-5.4752,6.3405,-4.1088,5.6133,-5.9926,3.1866,3.7641,-4.9733,-8.6563,6.8514,2.8746,-9.5326,-8.5066,-0.6471,-3.8502,-9.1644,-8.4261,2.1568,-1.6296,6.2619,6.6288,-6.6858,-1.2034,9.6619,8.7941,-7.4259,-1.8604,2.6176,5.8556,5.2037,1.1274,-2.5735,4.5588,8.1028,6.9678,3.1231,4.9605,6.1079,-9.1912,-3.4422,8.0536,1.2422,-4.4347,2.4411,7.3071,5.1013,-9.2352,-3.8266,-3.4498,-2.9034,1.0051,8.0066,7.9195,-9.0941,6.3156,1.9583,-4.449,-7.4978,-2.2558,-9.5417,4.4372,-0.6144,-2.3941,-4.1933,-8.1474,3.6365,-8.535,6.1021,-9.2944,7.4293,2.7414,6.0126,-6.9974,-2.7175,4.3185,5.6326,-0.0251,0.7731,3.5085,-4.0503,-6.3065,4.4686,-0.2688,7.8048,3.3633,-3.9524,-9.4144,9.2664,3.9768,7.6418,-1.6276,-9.0774,-9.8868,6.0145,2.7317,3.7481,-3.2092,4.5423,-4.4287,-1.8101,3.9572,-7.012,-7.9957,5.4301,-6.1886,7.954,-6.8829,4.7213,6.0243,6.2214,-6.5126,8.5472,-9.7021,-3.8981,7.4111,-4.6532,-4.332,-9.7108,5.3935,-1.3049,-0.5301,4.9489,-2.2396,7.2614,-1.4148,-0.3276,-1.1668,-2.1505,9.9481,5.4495,2.626,8.4118,4.6409,-1.6524,8.2686,-2.0786,-9.3547,1.3573,2.8629,-9.9069,-8.1358,6.9269,-4.2527,3.2432,-0.0433,8.9938,-6.8303,-1.9063,-8.1901,-4.5565,9.3803,-4.9926
0.3366,6.4453,7.3504,3.4537,8.2908,-1.667,-0.4678,-4.7422,-2.1601,8.4925,-5.4804,5.7751,5.2291,5.2673,-9.913,6.443,-1.3089,1.1906,4.9301,-1.2267,0.5026,-8.0355,-4.1954,8.9248,-2.3082,1.9352,6.3033,9.1415,-7.3879,-9.1419,8.7196,-3.8935,-2.9404,-4.8198,-8.8642,-9.7967,-5.7129,9.9459,-8.2068,4.8688,6.6104,-4.5325,1.017,7.0013,8.3577,8.7187,4.5837,-6.7291,7.942,-3.6706,4.1305,8.7873,-8.8498,2.1179,-2.0009,4.2619,-5.73,-9.0735,-3.6461,-8.7513,0.0612,5.5436,2.0128,5.68,9.1159,6.0813,8.1086,7.8203,-6.2669,-2.1075,6.3733,7.9601,8.187,0.4145,-6.3874,8.5953,-1.1413,-2.1743,-4.9807,9.721,-7.5474,8.9804,5.1634,-6.9356,-0.8501,8.1176,-6.7651,6.5877,7.6951,-5.903,-4.6231,-7.9789,-5.7872,-2.6556,-8.2116,8.0716,2.8595,5.0596,7.2279,4.6326,7.3982,2.951,-1.5058,4.3837,-8.1233,-5.1222,-5.9164,-3.3064,-9.011,-9.542,3.4011,8.7922,8.9153,8.4144,-8.02,-1.8589,-0.6525,2.5485,-7.3246,9.2338,-9.1571,-7.1397,1.0946,-2.8353,-2.3408,7.0388,-5.7114,-0.2341,5.2085,-8.0076,-8.2493,9.0626,-0.4553,-7.1132,7.5598,-9.8666,-2.3774,-1.67,6.4891,3.2024,4.3963,-4.9675,-1.5933,-8.1145,1.9146,1.6551,0.079,-1.5959,-6.2384,-8.8725,2.6716,3.6208,-8.1103,-3.4254,2.1144,1.4457,1.1387,7.8763,-3.5625,7.1961,3.5036,-0.5789,7.5901,-5.4618,6.5844,-0.13,-7.2889,8.3747,3.7587,-4.7993,-2.4779,1.3098,7.4822,-3.5129,3.5389,7.9651,4.0543,6.9499,-0.6595,-4.1934,-8.5794,0.6336,-4.6257,-5.8398,5.8568,-9.0133,-3.1393,-9.9286,-0.2327,3.1355,-4.9276,-9.8702,2.585,-6.6385,5.6861,1.976,8.7382,-9.8398,-2.2905,0.9872
-5.2449,5.0602,2.8731,8.4374,0.262,0.5006,-9.4724,-8.9788,2.4688,-3.1191,-2.9931,-5.0586,-9.7909,0.8547,-1.9625,9.2274,-3.0681,8.3256,-7.0039,-3.0127,6.899,-3.5817,-0.7613,9.7525,-6.7505,5.7078,8.6959,-3.4524,8.8842,-4.1387,3.0112,4.7016,8.019,7.8393,6.9312,-1.4259,4.052,-1.1288,-2.492,-0.5488,-2.9888,1.0015,-5.9295,1.9889,-9.2884,-9.0078,1.1788,7.9241,4.9639,-1.5168,6.5449,-8.2437,0.6427,-3.9768,-5.9275,2.1607,5.5347,-0.2708,-3.08,-1.1321,-2.5256,7.5573,4.1949,0.13,7.2341,4.6432,-6.0417,7.2405,3.9186,1.4845,-9.7905,5.4987,4.5833,-6.3689,-7.0496,-0.3717,-5.4659,-1.134,-4.5607,9.8153,-6.2609,-8.5742,-0.3256,-4.3247,-7.1837,-5.1567,-1.1843,-4.7714,0.0856,-0.3445,-0.9236,2.01,3.4754,-7.8527,-8.0679,-2.977,4.5242,-4.5802,-3.3421,-8.1549,-5.1351,8.8623,-4.544,-3.8938,5.7971,3.0804,-6.3584,7.0774,7.6983,1.8641,-7.8326,-5.1114,-6.9086,1.7836,8.9744,-5.7105,-3.4155,-0.176,1.9668,9.3615,-1.6535,9.3898,1.8132,8.7178,-7.9402,-1.6394,8.346,-2.9068,8.7326,-1.4523,-2.4439,1.7056,6.1544,1.633,-9.7658,-7.3048,-4.1156,3.0096,-8.0221,-3.3897,-7.3773,7.4091,-1.8422,2.0844,-7.8183,9.0632,4.8796,2.9603,0.4134,0.9839,5.8618,7.9774,2.3971,-0.1775,4.0118,-5.229,6.2054,7.6338,-7.7227,7.7295,5.3201,8.6994,6.6977,-3.2701,9.0875,-6.7494,2.8934,6.0033,-4.6398,-7.6074,9.7469,2.1642,-9.031,4.7208,8.2355,-7.2729,1.775,-1.4403,0.138,-8.7081,8.7625,-7.4893,5.9245,-5.5378,3.2624,4.3326,7.3391,1.5104,-6.3767,1.5584,0.4472,-1.3617,0.304,-8.9601,3.5349,1.3904,0.5931,-1.1862,-4.0096,-4.1347
-5.9494,8.5123,-2.0354,2.057,6.7741,-3.9791,-6.1766,0.3137,-0.8922,2.2456,1.117,-5.4356,8.9121,4.197,3.6315,-6.0617,5.1726,8.0631,-6.9096,8.8641,6.346,1.2231,-1.7613,2.9864,9.9637,-5.1381,-6.4024,5.0638,-6.0347,5.6191,-9.2333,-2.5375,-0.2512,5.7446,9.6019,6.9819,-2.656,-4.6007,-2.1003,-2.5483,-1.9654,-9.8068,-5.445,-2.7429,-1.7682,9.8442,7.535,-0.5092,1.5131,-3.7218,-3.7185,-6.9243,5.857,1.6704,4.7344,0.8001,1.8618,-0.4406,-5.4015,-3.9376,4.3078,6.081,-6.1229,-6.5253,6.9942,2.8086,-7.2986,-8.1314,-4.6193,4.9567,3.6961,-1.2927,7.8803,0.2555,-1.5189,3.3251,9.4721,4.7234,8.9775,-5.5176,-7.657,4.5659,3.518,-9.7215,-6.1619,-8.8472,-7.8201,-7.2706,-7.2869,1.4802,-7.8182,-4.8567,-9.5799,-4.3185,-6.6051,9.6637,9.0168,6.9714,1.2399,-5.5366,-1.2801,0.4043,7.4673,-4.0368,0.943,-4.8589,0.4768,-0.2104,-9.9524,8.7806,4.3823,-0.6884,0.1312,0.6994,-6.2107,0.5357,7.5917,-0.1171,-4.882,7.3957,-9.1878,-6.2738,-2.5248,-0.2066,4.1965,2.6305,7.5439,4.1867,-1.2116,-1.6171,9.407,-7.7274,9.1435,-4.1499,-1.9014,0.2771,-0.0926,-3.0342,-6.4693,7.8749,1.2618,-7.9297,-9.5849,0.9326,-7.1093,7.8047,-5.0757,8.6824,-2.1128,0.4556,-5.823,-3.5594,-8.768,2.6386,6.4147,-8.9132,9.8595,0.2492,5.6724,1.0163,-7.9135,5.4444,5.9236,6.9438,-8.5366,-1.9815,5.8088,-4.8196,-2.0274,6.4485,-0.0995,-1.102,2.9988,-5.351,9.8156,4.0938,9.1569,8.073,6.6847,-6.6448,-2.9051,3.2558,2.8021,3.3833,4.1441,-1.4331,6.9273,-7.5246,4.5044,0.728,-3.721,-9.3463,8.097,-7.2377,5.6446,-7.467,5.284,2.6062,-0.5242,-4.4023
8.6243,1.7729,3.7915,-9.7048,3.5677,2.5357,4.1423,3.3643,-7.8193,-5.8706,3.0402,-9.0051,-8.2007,9.2863,8.7447,-8.9037,-3.9206,-4.6993,5.1597,4.7286,-7.6818,2.346,-9.3443,-7.2314,-5.3777,7.4534,3.6385,-9.8949,9.8209,-5.4092,5.2813,-5.9211,-1.0307,-0.895,-0.4454,5.1197,0.2098,-1.9501,6.76,-3.3067,-3.3147,-2.88,-2.9151,-3.6057,8.4088,1.8297,-9.841,-3.278,5.5513,8.865,7.8856,0.927,4.8278,3.7259,0.6026,7.4374,-7.3425,3.8408,-2.2161,4.148,-5.5359,-0.9194,6.3391,9.8238,-0.5184,4.3469,-8.0022,-4.5799,-0.098,-1.4123,0.2993,0.61,3.8603,2.4014,9.3323,-6.4775,8.3259,1.1357,0.5791,2.6381,-3.8783,-3.0402,6.9605,6.721,4.3075,4.7783,7.892,5.9139,-9.8907,8.984,-3.1883,-2.0439,-3.5195,-0.9728,-9.0723,-3.1121,-2.9105,-3.4431,-7.9553,6.3175,1.118,-7.9892,-4.5896,2.0202,3.8947,9.6957,-0.2555,-9.1071,0.6193,-8.0793,-7.4031,3.7404,-4.2395,7.6907,-5.9801,-1.2461,-8.1571,7.1967,-1.4672,3.6928,-9.0918,-2.2355,-3.9222,-3.3476,4.2515,-1.6298,5.2393,-4.7173,-6.3924,-0.2027,2.8643,-4.3648,-0.1035,-5.7759,6.3112,2.5116,3.4025,-1.7749,9.0045,9.7184,-3.148,-2.3003,-1.8501,0.0093,5.9089,1.0748,-8.1759,7.6425,-3.4227,0.4726,-0.0165,4.025,2.78,-4.7275,-4.383,2.4046,-2.8245,-8.0269,-2.5062,-5.3008,6.967,3.4073,-1.4146,-4.2795,9.341,-8.6129,-9.2552,-9.8563,9.1512,-0.8246,8.0987,3.3951,6.8759,-8.6548,7.7049,-6.7844,-4.4367,3.8277,-4.9996,7.27,3.3829,-1.7908,0.4099,8.0386,2.0238,7.1864,3.7904,2.0752,-3.4716,-7.6624,4.9359,-9.7974,-3.6693,-9.9665,-1.9714,-4.6322,-9.9656,-1.2665,2.9106,8.7069
-4.1188,0.7896,5.0651,-5.951,-9.825,8.917,8.2624,9.4752,-5.7223,-5.5396,5.0776,6.9209,3.0798,1.7554,0.0528,-2.7544,-0.2313,-7.5487,-6.1428,2.9979,-9.7534,-2.0806,-5.6549,-5.967,4.2557,-2.6299,6.6899,-5.4499,-1.4884,-1.9374,9.8698,-2.007,9.9663,-8.1804,0.3013,-1.8008,-4.901,-9.6789,-0.1719,1.5486,-0.0947,8.9976,-7.5178,-9.9998,3.4533,7.0197,-5.4238,0.9746,-7.7771,9.595,3.5517,-8.1477,1.1999,7.1909,-0.888,-1.6655,-1.1732,7.9705,-0.7305,1.9626,-2.755,-2.001,-1.2698,-1.769,6.342,3.6772,1.156,5.0542,-9.9661,6.4571,-0.3619,-5.4949,8.6348,-1.7331,3.119,-6.3805,-9.5126,-2.0804,6.9289,0.0854,-9.3822,1.2713,-3.1369,8.424,-5.3986,7.3506,8.8731,-0.5688,-7.1939,-8.7073,-2.0984,-1.3762,-0.4156,9.7344,-1.4769,-3.1783,7.2366,-9.3166,1.2492,5.3199,-5.5293,4.7916,5.6145,7.9558,-6.6334,-3.8442,3.6418,-4.135,-6.0567,-4.1192,-0.465,-5.9361,9.8568,9.2032,8.6108,1.7113,2.6923,-8.2912,3.6313,-2.5546,2.7658,-8.5151,4.2226,-2.5917,-7.6242,0.5023,5.2515,-1.4699,-6.1748,-0.1329,1.9447,-6.9301,-4.6469,3.8973,-2.8939,2.0398,0.4408,2.2095,0.8626,6.1519,7.7493,-4.9381,-8.5138,2.8756,-3.7367,-1.9973,-2.1762,8.6257,0.8977,-8.1324,3.2783,7.895,4.783,1.1764,3.5629,2.3082,-1.5948,3.598,-0.2582,7.1518,6.3572,7.6235,-7.2887,4.6458,4.0695,-0.3604,0.9136,6.51,4.1098,4.2739,1.6013,-8.8933,3.2992,-4.5499,-8.8271,-4.852,8.5838,0.6579,8.2515,-8.2944,-7.2441,-0.2982,5.3825,-9.6234,2.6591,-1.1962,-5.5983,0.5601,-3.5809,-4.0829,-2.9406,7.8137,8.8018,3.6533,2.016,5.5219,-5.9891,-6.3325,-5.3015,-3.9847
-7.6282,2.0361,-5.112,6.2664,7.1217,-6.656,5.3433,5.317,-5.6684,2.4623,-7.2198,-9.987,7.2438,2.373,2.2615,8.2692,5.6488,-2.0279,-4.7956,-2.9315,-4.7876,-4.3542,-5.1316,3.7025,6.8564,3.001,-0.2418,9.7835,-6.6102,-0.328,-6.9911,-6.5543,2.5412,4.0554,7.1598,-9.994,0.6039,0.7234,-6.4236,4.376,-4.8703,2.2771,-5.9859,-6.4862,2.9405,2.9667,-2.4213,-1.6669,6.7459,6.4869,2.4403,6.8279,2.4261,2.9299,-6.6839,-6.5164,4.5047,-1.4873,-1.353,6.9208,-4.8728,-1.8405,-2.6727,-4.2656,3.5316,8.3852,-5.7058,9.5623,-1.8223,-1.4533,9.7224,8.1243,-0.8081,0.6004,5.8608,-4.2765,-1.8473,-4.5421,4.6124,1.6401,-3.4554,-9.5829,2.4264,0.2515,6.0737,7.0228,2.6812,7.9052,1.0283,-9.4634,-4.5346,-1.1076,-7.5801,-0.2407,3.49,3.2915,-7.9978,2.2988,-7.9029,-9.1281,-8.9262,-1.8548,-4.56,2.8986,-5.5189,9.4478,-3.3648,7.7074,0.3973,-6.3704,-5.3388,-3.6656,5.8649,9.3938,-3.8378,1.844,3.3861,2.0626,-7.427,0.0541,-6.457,7.3727,-9.83,-5.2875,9.6619,4.375,3.0669,9.3576,-0.4178,-9.6317,5.2854,8.5458,3.5287,8.5768,3.1966,-1.9868,-0.0439,0.526,5.9171,5.8587,-0.6892,5.6812,7.0366,3.8946,-0.211,-1.1866,-9.5473,-1.3563,-5.6182,-9.4759,-5.635,-9.7274,-6.4594,2.7459,-6.5633,1.5487,5.7746,-8.9223,-3.3038,-8.5857,-5.1279,8.3963,0.7149,-0.5052,8.0085,-0.8812,9.3266,5.8677,7.6915,-2.5975,8.7841,-7.0574,-5.3559,2.2461,3.9374,-2.8919,7.5406,-0.2307,-2.578,7.4254,9.0882,7.4387,8.1018,-1.6056,1.1637,6.2666,2.7941,-9.9292,2.7167,7.7927,1.1054,-1.7092,-9.782,-2.0681,-0.366,-2.2864,6.1905,3.764,-9.7932,-6.8965
2.7272,2.7712,1.6698,1.2477,-2.8538,-4.464,2.9853,-3.7502,-0.9215,-6.3376,6.8876,-3.2297,4.9967,8.8275,-4.6589,7.552,7.3442,-7.7115,5.5256,-4.9883,5.7013,4.7797,6.7509,-2.4702,-8.1713,-8.9942,0.6096,-0.8553,-3.5827,3.4322,-6.7765,-9.7372,5.8877,-5.7544,-7.2422,-2.4197,8.6818,-0.1704,0.671,-1.2609,3.9889,3.741,-9.1881,-1.7501,7.6599,-8.9587,-4.1758,-3.7944,5.0735,-6.9433,6.6839,0.3402,-4.9436,4.5979,-8.5507,-1.9899,-9.7593,-1.2139,-2.4238,-5.5699,-4.3206,0.284,-6.6716,3.0327,1.8457,8.8417,-1.7272,8.6346,-7.6832,1.852,-5.9801,-7.9504,8.2419,-7.9823,-3.9091,3.2727,9.2465,-9.1918,-5.1988,0.192,-0.9196,6.9791,4.9578,-7.6282,-6.5204,9.9134,-1.2765,6.4293,-0.5501,-0.4047,7.975,-3.4008,-6.0553,4.7926,-9.5518,1.888,6.3119,5.0307,5.6699,9.879,9.178,-1.138,-7.2638,-5.6985,-8.4829,-0.6445,-2.4147,-9.2368,0.5827,-5.6877,-0.9599,1.0907,-2.9982,-7.4016,-7.558,-8.3833,8.854,8.5823,-8.9887,7.2444,-8.2167,9.3497,0.0032,6.7521,6.738,6.8822,-1.9288,4.9379,8.4104,3.4325,-1.7252,8.1351,0.0972,1.6299,0.1771,7.381,3.0047,-7.3612,-7.8638,-4.0457,2.6569,9.1106,-8.0382,-8.0982,-4.6187,-4.0024,-8.46,0.7801,7.9932,-9.1259,-5.615,8.7758,0.6678,8.3562,5.8305,7.3066,7.8609,-4.5148,-2.0058,2.4948,6.4158,-6.4584,-8.5988,-4.5728,8.9528,6.1077,3.9546,7.9068,-6.9548,-9.0102,-4.2034,1.3161,-6.7997,2.2445,2.1022,-8.9164,-1.1602,-8.4457,2.5278,9.5349,-5.5783,-4.4604,-2.2145,-5.7481,-8.5753,-9.4075,-5.2795,2.2557,5.0222,-5.3765,-0.5187,-7.4266,-3.299,-1.5246,-8.1714,-5.2247,9.1521,-5.2854,6.2051,-8.5894
-5.6873,1.4075,6.5933,-3.8668,-8.8745,2.2095,-0.6619,-3.3096,-7.2408,-9.3122,-4.5351,-7.1199,3.4118,-9.669,0.6221,-4.5385,2.6715,0.3188,-0.3387,-3.0718,5.7808,-1.4463,-5.6169,3.7266,-7.507,1.0093,-3.1735,-7.9589,-5.9961,8.4995,-2.9794,-7.5851,-2.9884,9.9256,-8.2037,-8.173,5.7278,9.7995,6.095,-9.0985,-8.7095,-4.5216,-8.6675,9.9522,6.687,5.8971,-9.8556,-9.9705,-8.3072,-9.9609,0.3868,6.9335,8.8536,7.4142,-7.8911,3.2989,9.1613,3.3589,6.8276,0.3071,-0.9663,-5.9501,7.8768,2.8137,7.5509,-7.3343,3.6176,7.2484,-3.9033,8.8434,-2.1892,8.0269,-1.1061,-7.1059,-7.6322,8.7239,6.7586,-4.2338,6.0732,9.223,-9.1802,1.1573,-9.9947,4.4057,4.666,-3.9609,-0.0362,-4.1221,-4.4528,8.1284,-2.352,5.1706,-9.4658,-7.5641,9.5073,-7.2698,5.0177,1.8938,-4.5718,2.74,-7.2718,0.9275,-1.0044,2.2294,-1.8727,4.3122,8.5035,8.8535,4.2974,-3.3075,-5.7651,2.8761,-4.8301,4.7195,-2.4399,4.5331,8.9689,7.4,-4.6497,-3.9524,8.7915,4.1726,-5.2828,-3.9282,8.8373,-9.9157,3.7077,0.2025,3.6541,4.0665,3.5548,5.1145,3.1882,-8.2808,-0.1504,2.3597,-2.2338,0.5787,-7.594,7.0183,-7.5351,-7.5325,-2.5832,0.1833,4.7741,-5.8871,-8.9051,8.7698,-3.5684,1.003,0.6257,4.0441,-4.7744,-6.4974,-2.915,8.8073,3.8953,-6.1513,4.6145,2.3393,4.6115,-0.6219,7.8155,8.2951,8.4153,8.9969,2.9169,-0.4818,6.8504,1.7248,-2.2637,-6.401,-3.4758,-6.2693,3.2507,-0.8111,-7.5934,-3.7344,-0.0037,3.5282,-3.947,8.7419,-0.3385,-4.8071,-2.3499,-9.6534,-7.4762,-8.3543,3.7825,-6.8936,7.8565,-3.4625,-6.5369,-9.0285,4.9419,0.1511,-8.1471,-9.9693,-6.4007,2.0795
-0.1578,-6.5713,-2.1167,3.7994,0.8742,1.0883,2.3555,-8.2136,9.0502,-8.5848,2.1182,5.0581,-2.6459,8.0149,-8.0657,7.471,0.0803,6.2701,-3.6479,-2.4448,-1.0352,5.9956,0.8989,-2.2464,5.9739,7.544,-9.9183,-3.1517,-9.4672,-6.3585,6.7326,6.8895,0.6786,7.8017,-7.6767,-5.5467,9.9319,-0.2496,8.3126,-3.5491,-7.5772,-8.182,-5.1676,-1.9004,-3.5528,5.7208,6.3119,2.7441,7.9336,-5.5865,-6.1614,7.9607,5.6109,0.1304,-6.5657,1.887,-6.7591,-6.9234,-1.7477,0.393,1.7145,3.9609,5.2078,1.3691,8.1138,-5.169,-4.551,2.5595,7.2961,1.6334,-7.6215,-7.99,4.3319,4.8081,-4.8533,2.553,-3.7153,-6.7527,8.994,-3.7738,0.3049,-1.1188,7.4651,-0.0909,2.0175,-2.4383,-6.8323,0.792,3.4634,-3.8139,3.8344,-0.2413,-0.0931,-9.6883,6.1887,-7.225,6.6743,6.2978,-0.8981,0.0573,5.2142,9.2742,-9.5734,-1.7837,7.8908,8.9813,-3.1293,-3.4874,-7.3207,8.82,9.6043,0.0649,3.7393,-3.3058,-1.5823,-2.9055,5.2904,-0.9554,-1.2787,1.8906,-4.9663,9.8839,3.4659,0.2278,4.1936,0.4275,9.3601,-0.7843,5.5599,-5.7239,9.3752,6.9584,-1.4147,2.1548,3.7301,-0.4432,-3.909,9.1865,1.2396,3.7975,9.8122,0.8014,7.0872,-4.5699,1.7404,8.9635,4.6577,-1.086,-9.6411,-8.6832,-4.7508,-2.9812,7.755,8.7627,-3.403,8.035,0.3349,9.5707,0.0561,4.3551,0.471,-6.6002,1.271,6.2587,-1.9616,5.904,-4.116,-6.4457,0.4159,0.5618,7.8751,-8.4346,-4.3828,3.7362,7.1077,0.6617,6.659,3.4915,-7.7847,-4.3804,-0.3665,-8.6153,0.6357,-8.7861,3.3008,-4.0863,1.8263,-9.5236,-5.2791,-8.9881,-5.9776,1.6522,1.3848,4.6819,0.5081,-6.3434,5.3641,-8.1755,8.3094,0.4563
3.6203,2.0382,-0.7996,-6.3792,-4.7327,1.2815,2.4539,9.5718,0.7771,4.1172,-9.8499,-3.6058,8.8143,-6.8831,3.7613,-3.6992,-9.2245,-5.4565,8.4921,1.3352,1.8771,-6.3678,8.465,-0.672,-4.9452,9.442,8.3395,-8.5117,1.2345,-3.9497,2.6486,2.7396,-0.7482,6.4367,-6.0377,-8.7872,3.0752,2.2456,-9.1363,-4.5036,-2.1628,-8.4567,3.2811,-6.515,3.1258,-6.4869,-2.8078,4.5921,8.5522,-3.478,-7.5496,-9.543,7.8397,3.8282,-5.2316,3.6181,-4.859,-5.4917,-8.9783,1.222,0.0009,3.7072,6.4212,-8.8871,-1.6515,-2.7102,4.0125,1.9531,8.5356,8.453,-9.7821,-3.1686,4.3713,6.125,-8.6371,-1.8457,-9.5976,7.9936,-2.2266,-4.9747,2.0878,8.3405,-9.7729,3.0197,6.8606,4.8213,-4.3328,-2.482,6.1526,3.8427,-2.0927,-0.0363,-8.3487,-0.8553,8.0257,-4.1563,-4.8802,6.0097,4.8439,-4.0743,8.2649,6.4957,-6.9282,-3.7972,9.1252,-4.0553,9.8611,-8.2024,1.7749,8.4055,7.9205,-2.1289,-8.0002,3.5668,-9.0096,-4.6011,7.2292,7.5181,-3.6155,7.1804,9.9648,-4.8738,7.767,-7.5117,-5.6589,-5.8994,9.8101,9.887,1.566,-7.7205,4.0207,-7.5277,2.6023,5.0867,8.9622,3.9141,-2.303,4.5224,6.6263,5.6186,1.0625,2.627,4.9332,2.4831,9.6782,-7.9969,-9.245,3.6422,-5.3166,-4.2733,-3.5926,-6.7775,-2.3962,9.6341,2.8884,5.5413,7.583,3.0469,-2.705,-8.192,-6.4454,-0.8571,-3.2926,-4.5724,6.266,9.2257,-6.6845,-1.8651,4.7216,4.1655,0.778,-1.5364,9.6015,-7.7265,-6.5077,7.3776,5.2419,5.9466,1.6855,3.1385,0.1285,0.8191,-0.8809,7.7672,4.5451,0.1419,-0.2604,4.6199,3.3517,-2.8602,2.1275,-2.9798,-4.184,-1.9091,-8.1614,1.3569,-2.2335,3.8926,7.7169,6.412
9.4054,-2.9201,7.2186,4.9017,1.4739,0.5662,-3.3775,0.7421,1.0823,-6.003,6.2293,-7.4409,-9.9971,0.8002,2.93,-3.8981,-7.7284,8.357,-1.4798,3.3467,-4.8709,-5.3966,-0.6908,-9.9577,-6.2232,6.3268,2.5189,-7.077,4.8677,6.2054,-7.8163,-0.4884,-1.9463,8.8833,-9.0951,-6.4954,-7.0797,-7.6015,6.2609,-5.1369,0.1314,7.3153,2.2414,1.8558,5.0077,9.1694,-9.0709,4.1341,-3.8117,-8.0724,0.5239,-4.6155,-9.6982,-8.2201,-7.7856,-6.5971,7.8548,4.3102,-2.3774,8.6348,-4.7131,-1.729,8.4885,4.2513,-0.4538,4.6013,-6.889,4.3424,-2.3951,8.2031,-7.9811,-6.684,-4.1006,6.4538,-1.7615,7.5469,4.0028,-8.5341,-2.4523,7.6131,-7.0764,1.0223,-1.0243,-5.1592,7.4506,7.9009,-6.0933,6.3465,-5.9973,9.1664,6.2637,0.9026,-3.817,7.2075,5.0274,-8.5109,-2.8427,-7.2125,2.2146,-0.5528,4.0657,1.9455,7.3733,-5.1659,7.4902,-9.6257,-5.9087,8.1403,5.4479,8.2236,8.0059,-7.5269,-1.4841,-7.4515,7.3148,-6.9395,1.5618,-4.2025,-2.2084,4.3188,1.1781,-8.5166,-8.2439,-4.244,-1.0754,7.8688,-5.7389,7.7127,-6.6136,-3.4399,2.9737,-3.2867,-2.5842,2.3494,1.1438,-8.2848,0.3889,-6.8905,4.6591,-1.9345,-6.7008,-8.1877,9.4298,2.9779,3.1933,-4.9418,5.2492,-4.3472,-1.5538,6.6294,-7.4149,0.4493,1.4126,2.7956,5.4809,3.6175,3.424,6.7792,1.1353,1.439,-7.3853,-8.5907,-2.7143,-2.7072,-8.8658,9.6319,-3.8374,-7.5406,-7.9208,2.2182,2.506,-6.6686,9.692,8.5206,-8.5593,-5.6407,-5.0809,1.8516,6.6041,-1.3895,-7.6281,6.5857,-7.0783,1.0513,-7.4056,-3.9542,1.0717,-6.9609,-4.7731,9.0597,7.4831,7.6679,4.1519,-1.7014,-1.684,9.025,2.0451,4.951,-6.8883,9.3293
8.6941,-8.7929,-8.6483,9.2112,-8.4144,-1.7769,8.63,3.6887,3.7142,-6.7861,2.9052,8.604,0.3828,-6.0743,-2.7641,-9.4341,-6.1898,8.8876,6.9293,1.3022,-1.2922,0.8701,9.0669,0.4612,-6.8605,-8.2222,-1.6978,2.455,-8.519,7.3786,-3.3079,4.4655,-7.1494,-5.4582,-2.7989,-9.6788,5.8481,-6.9464,9.1381,0.8027,4.1067,7.2401,-8.5558,2.6012,0.7043,-3.5148,0.2603,-0.0653,0.9216,-9.9061,0.8825,-2.2986,-3.2474,-9.8419,-1.4463,0.5924,4.5032,-4.7689,-8.6629,8.5299,8.9717,7.0345,4.4921,7.5356,7.8453,7.3093,7.5087,-3.3195,8.6593,1.7401,4.4003,1.3539,0.2555,-2.1556,8.8854,-8.4345,1.9237,4.6887,8.2942,2.3178,-1.3031,1.1949,-1.0449,-5.9008,-2.2203,3.0199,0.2479,-4.5429,-2.8354,-3.5626,0.7199,-8.6348,7.623,1.1207,-4.2419,5.4008,1.9235,7.88,1.8831,-4.7524,2.6664,-8.8234,9.061,0.4081,8.3166,-2.8419,-9.0676,-6.7565,-3.7023,-9.1311,4.9722,4.3002,6.8051,1.6162,5.4897,8.5858,-4.146,3.4565,-8.1273,1.2644,-1.5394,-0.5842,-5.063,1.9357,-4.4974,-4.1617,-1.4664,-2.8985,-5.8695,1.4929,-4.3546,-3.5978,-7.9616,9.1473,-8.7525,7.2871,5.8116,7.291,3.0494,-4.267,-0.8794,9.6011,7.1229,-4.2413,6.7338,1.0257,1.4553,-9.393,-7.7695,4.0084,-6.4525,2.2953,-4.3529,-2.1211,-5.1405,5.5499,-5.1941,-2.4176,-9.0657,3.0485,7.919,-3.8755,-2.5273,-2.4665,-6.7041,-7.755,-8.6185,5.7913,-3.3643,3.9652,-8.2712,2.1653,-1.4615,4.6681,3.8288,-9.0272,2.2872,-1.5695,2.0476,4.4037,-3.1309,2.0013,-1.5057,4.6037,7.5718,3.9323,5.3689,0.7471,-7.7722,-5.915,-3.179,4.8882,-1.3796,-2.6438,-0.7566,-8.323,1.962,3.9077,0.2553,-6.2242
-9.6205,-6.984,-5.2084,-5.1499,-3.6522,-8.6122,-8.7839,-5.1792,4.3734,8.2968,5.1397,0.743,-0.3754,5.7603,-7.1837,3.1183,-5.1965,-2.115,7.5765,8.8004,4.3015,7.4549,-8.5329,-3.9676,9.2666,-2.768,4.1669,3.068,9.9987,2.3566,9.0832,-1.4484,2.2005,0.4513,1.337,1.5298,-8.6872,-0.5996,2.5178,-8.0459,-9.8537,-4.238,-3.517,-9.4391,9.9706,8.2622,-3.0772,0.8972,-8.8174,0.5055,8.6053,-6.0954,8.87,7.0099,0.4894,-8.4253,0.0266,4.8165,7.1239,5.908,2.6954,4.1003,-8.71,7.2252,5.1172,-4.7578,-9.2751,7.6606,0.8571,4.1158,-1.0463,3.6294,8.2706,4.3692,8.8467,9.7386,4.4165,9.915,-3.1362,1.3252,4.4925,-5.6275,-0.2508,5.8803,3.5177,-4.2892,9.432,8.2294,3.8716,1.4933,3.6752,-3.2543,-9.4416,-3.1542,-6.4573,8.2309,1.6709,-1.3058,4.8396,-8.0116,-6.6562,5.0368,-8.4645,-3.3736,-0.7915,-6.925,3.0666,-1.2165,6.7096,5.7937,-5.6551,-6.0956,6.4071,5.9444,5.6746,-0.1022,-9.1981,-0.2653,7.2682,-4.4954,1.8558,-9.1979,-8.7116,4.0687,5.0416,0.517,6.8617,8.1689,0.6599,6.6308,-4.3524,3.8748,-3.8318,1.349,-3.9718,5.7184,2.6691,-4.4488,-6.2251,-3.7201,6.1342,-5.1435,3.8677,3.976,7.3861,-4.2915,3.8825,2.5055,3.6259,8.4151,-8.1888,-4.6557,-0.2453,-5.6563,8.245,-6.4544,1.4519,3.4124,-3.3825,-9.5752,2.3727,8.2863,-0.203,7.874,-4.504,-0.9208,-8.2131,-5.6544,3.0732,8.2581,-1.8613,3.4953,9.1293,9.9497,4.758,8.6939,7.1699,-1.3748,9.7249,1.4274,3.1534,3.167,0.4372,-1.8743,0.9877,-0.5561,9.2181,9.3034,2.2688,-5.8862,8.0941,-0.4653,4.8695,1.7459,-1.7471,-1.1224,-6.0101,-6.8484,-8.2585,-2.0378
-1.2716,3.8612,8.6315,-4.386,5.3507,-9.9843,-9.6012,4.8627,1.7433,-6.441,6.5136,6.0176,4.7441,-4.4922,7.622,-9.6886,-8.0589,-8.3005,-6.0734,1.1034,8.3199,5.3493,3.1512,-5.4298,2.2737,-5.4642,-2.4815,-2.4403,6.2021,-9.1589,4.3359,-9.7402,-8.3643,-8.5762,5.6829,3.5942,-9.4994,-6.6318,-4.1316,-9.1346,0.0,-1.4152,-6.1886,-7.0552,8.2555,6.0022,9.0142,8.0369,-3.117,0.5956,-3.1665,8.3153,-5.6872,5.4193,-9.407,6.3571,7.8876,-5.3887,7.1089,0.1382,-8.4054,2.8825,4.6628,-8.7576,-5.216,4.55,-1.9419,0.0654,1.6484,-6.5696,4.8799,1.1961,9.716,-7.3026,-8.9516,8.3549,2.2583,2.25,-7.9015,-7.6495,6.99,-9.3835,1.5336,-0.7683,0.8798,-6.8083,2.3965,-3.1027,-1.5449,-0.7592,-7.5997,8.3872,5.9006,3.551,8.2785,5.3274,7.9189,-7.3676,3.5702,2.1125,-4.6587,-8.5726,1.5952,5.4326,-9.8764,6.9851,7.8073,-5.7382,-9.8338,6.1799,-5.9669,-3.771,-7.7054,-4.8525,-0.5603,-8.8915,9.3531,-3.9733,-3.863,9.0101,6.6607,-3.2877,-5.1379,6.7894,-5.7795,-6.3269,0.7273,-0.9159,1.3958,-2.5319,5.1434,-1.4256,-8.8105,9.7273,-5.9851,-1.8855,2.5069,0.7153,8.6822,7.737,-3.1194,7.1944,7.7748,7.0744,-3.0653,-6.4398,-0.5571,-4.2721,9.9162,-7.1141,-1.3219,1.3826,-9.8906,-5.0128,-2.8252,-0.4257,-3.7665,-1.4875,-3.1566,5.9489,-5.2841,-4.5398,7.0683,1.5249,2.8249,-1.9604,-9.5635,7.4717,-7.9521,-2.145,9.9032,2.2302,3.286,2.9273,-3.3357,7.882,-1.3015,-2.6597,-4.0186,6.0311,3.5635,-9.7052,1.7992,5.6216,9.7013,-6.6368,-4.8841,6.0732,5.5779,9.992,3.8599,-1.1018,-6.4159,-6.2334,4.282,-8.8823,7.145,4.3587,9.8958,-6.8033
-5.7034,8.0569,5.8798,-5.9196,-1.6118,-3.5277,-1.1957,0.7313,7.2861,-8.5774,0.3312,-8.4016,-1.3276,7.0234,-0.5824,1.9219,-8.6487,0.8103,-7.2224,1.9003,-2.5948,1.3304,8.5256,1.5009,-3.2926,-8.1592,-1.6395,-0.1568,-2.5254,-9.1318,3.9442,-3.8478,-3.7502,6.7727,-1.5183,3.6291,6.1927,1.6507,6.5868,7.6266,-8.7956,1.1556,6.9184,-1.663,-7.3961,-9.0987,-4.9554,4.106,9.1495,6.7992,-4.7341,6.3441,-5.5895,-6.3856,4.2498,2.0825,3.7576,-3.431,-7.4692,-6.4349,0.9607,-2.7007,-6.2243,0.6412,1.522,-4.7648,-4.2447,5.3847,-2.5331,-9.9183,-0.5701,-5.963,5.139,4.53,-1.5451,-3.0623,7.6029,-0.6798,-1.6934,-2.9022,-7.6587,1.0679,-3.137,5.8636,-4.1339,4.2749,-4.6008,6.8622,8.9782,-3.1083,2.8265,-0.9308,1.2057,-6.6534,0.8856,4.676,-0.7283,-1.5986,-8.3659,4.7396,1.4904,7.3606,3.4545,-5.3251,-5.1239,0.3833,-2.9858,-6.1492,8.3644,-6.5819,5.8334,-3.2066,9.9099,5.0972,-7.1054,-5.0623,8.9531,-8.8736,-6.0682,5.1859,-3.471,-9.6993,-5.0232,-9.1301,-4.4795,0.1207,-0.7161,-1.9467,9.5234,6.957,-4.7075,-0.2133,2.4009,-1.3035,0.1643,3.8904,-0.5759,-0.401,-6.2058,6.3461,-6.2607,3.6098,3.4883,5.5114,2.7519,2.1204,-7.6455,7.8157,0.7208,9.7494,7.8552,5.0837,-4.9678,-2.2733,8.7833,-0.6657,6.2074,3.6509,1.4451,7.847,1.906,-3.255,3.7025,3.7391,8.2831,-9.2833,-7.2187,-3.2441,7.743,8.0037,3.8598,-0.4055,-9.1133,-6.5544,-7.3259,-8.737,-4.3919,-8.0049,9.3182,0.7575,-4.9799,-5.6311,-3.1198,7.8068,0.3392,-9.3494,1.8732,-5.7371,6.6843,5.9231,5.3757,6.0891,-8.5424,-5.2692,-5.5739,-5.696,5.5229,6.2517,-1.0275,-4.2041
9.2868,-3.8347,6.2029,0.5451,-7.0492,3.6777,3.237,-0.8784,8.2399,-6.7585,-5.7389,-8.1053,7.4087,5.2291,0.7834,7.3249,-4.3225,-5.9959,-7.8766,7.4199,-8.6571,1.1416,-6.6332,5.8308,-3.7513,-2.6046,-3.4125,0.7548,-2.163,2.6468,8.5518,-2.6508,9.141,5.3053,4.5424,-7.6374,4.1363,-4.2295,-1.1089,-9.6259,1.4273,9.8064,4.9078,-1.2455,3.263,7.8439,0.239,4.0716,-1.0965,-8.3647,-7.3226,4.2135,8.7874,-7.0596,-4.5586,-9.0381,-2.9209,2.6617,2.1461,-3.9203,9.0425,4.2996,-3.8569,-8.1724,2.8841,3.1136,-8.5027,-3.0072,4.4703,2.8048,1.3828,-9.0375,1.7715,-8.9521,5.8509,-2.3376,-5.5376,3.8293,-9.2836,5.2983,-5.256,-4.4062,-4.3588,-9.4009,5.6991,1.4201,-9.0752,6.8798,6.4849,-8.1599,2.4006,0.8413,0.9876,5.6589,-1.3149,7.6243,-3.2266,8.9035,4.1114,3.3714,-8.2273,3.6098,1.1757,-7.4443,-8.2159,2.049,5.9431,2.8727,5.6279,1.9893,-4.4403,7.3154,7.9987,-7.8223,-9.0912,3.1958,9.6615,8.9761,8.3677,2.522,-2.9646,-0.3044,-7.1749,8.5557,-1.4442,4.0779,-5.5552,-1.6694,0.1032,4.9199,-2.5698,-6.0247,-6.5966,4.1387,7.2842,-8.9067,0.2943,-8.083,-0.487,6.3553,-4.5311,-7.735,-3.1417,1.571,0.2648,-4.5005,-0.299,6.1385,-0.6189,-7.1716,2.3958,-7.4069,7.875,8.6273,-6.2778,7.8578,-0.9559,-3.7029,-5.5606,2.43,-4.5567,-0.4598,-8.8425,-7.609,-1.0743,-3.6777,6.7713,3.3802,-9.8223,-9.6195,2.8809,8.2494,8.3895,3.3465,6.5589,-8.8461,-4.9276,-0.1668,2.8893,2.4213,5.0602,8.8271,4.9798,-2.4146,2.2564,4.9484,2.531,9.7948,-9.0059,-6.5911,9.7175,2.1422,2.3124,2.0265,3.6035,-4.3149,5.4096,7.4967,9.1374,-0.5287
1.3814,-5.6947,-4.9488,-8.4855,3.0587,6.1325,-8.7164,-0.0749,-0.1302,6.1889,-9.3419,3.5984,-3.7709,-8.3518,1.2781,5.4335,5.9239,8.6407,0.3279,3.7724,6.7169,-0.3841,-7.593,-2.4156,-1.0119,-6.2867,-9.4212,-4.2947,-2.7333,-5.2168,6.2914,8.6539,-5.2646,-4.5712,9.309,8.0025,1.5015,-8.1389,-9.7235,-4.3983,0.54,-0.374,-4.2504,-2.7879,5.0707,-6.0304,5.4004,2.9383,2.391,5.0038,-9.5985,2.0362,9.2998,-7.6406,-5.8133,4.6976,-9.9802,9.6549,4.8847,-1.4146,-5.0871,-4.0069,-1.9594,-5.4395,2.3593,-0.5191,8.302,-4.2015,-4.1437,-3.4756,4.0584,-3.4673,5.6351,4.7312,2.4545,-3.785,4.9758,-3.3449,-0.0626,5.2366,-0.8682,-2.7431,-1.9622,8.5584,8.9161,-9.7392,1.512,3.5371,2.8237,-5.8543,-6.1228,2.3762,5.1616,0.6839,6.9254,-4.3405,-1.3901,7.6166,3.2939,1.1951,-2.7108,-4.09,-5.0608,9.6545,7.6493,0.0098,5.0318,-5.9609,7.5605,-0.9794,5.6326,-4.3559,-9.0581,-5.1816,-5.0317,3.9539,-6.0123,5.5671,-6.0439,6.1806,1.8757,-8.7595,-1.5406,-6.1666,4.4762,-4.615,-3.8118,1.2938,1.9532,7.3785,9.7196,4.5071,8.4627,-6.4656,1.2831,-6.1459,-9.742,5.8955,3.4309,-9.0515,-9.5443,-3.6203,-3.1067,7.1658,-4.7666,-6.2297,3.7861,6.3432,4.1906,6.8607,-5.5539,2.9066,-1.0676,8.9441,2.2161,-3.193,4.8514,1.474,-4.5418,0.6021,-8.2671,3.1989,3.7167,-2.2836,5.477,-6.3105,3.3369,6.0561,3.8614,6.4873,-6.5426,0.85,-0.3609,-3.8054,-2.5346,1.6703,4.6396,-4.6982,-5.9895,7.555,4.8573,7.9821,8.3311,-0.0004,8.9037,-7.1746,8.8028,-1.4649,2.9898,2.69,-6.8635,0.3084,9.3465,-1.5607,5.2743,1.5904,-7.9028,-6.0545,-7.1676,7.7171
-5.8102,-5.7035,-3.0101,1.7758,7.2999,5.7264,6.3233,-4.2059,-7.0652,3.6988,-9.9252,-3.2636,-7.9862,2.2047,-0.2583,8.1886,1.4599,-3.4553,2.644,4.5308,1.012,8.7169,-7.7033,4.7149,2.8353,1.1317,-0.8207,-9.2107,9.9822,-6.2926,2.0496,4.0055,2.6628,-6.0517,4.5295,-0.0319,7.9225,-5.9862,6.4966,7.1119,9.2455,2.427,2.8075,2.1957,-5.1883,8.3618,-5.2747,5.7523,-0.7264,-9.4836,3.1219,5.4598,-6.7595,-1.6231,0.0387,9.8383,-4.1636,5.2091,-1.7497,4.9703,-1.6299,-9.6369,1.414,4.3859,-1.0849,-0.4976,-2.8064,4.9563,-3.2193,5.5409,3.0412,9.8296,-9.3937,-9.6511,7.0554,-7.2311,8.4289,7.142,-7.8189,1.3296,6.9703,-3.9982,-5.4127,-1.3232,-8.062,0.812,-7.4351,3.3169,9.2892,1.8655,-3.9663,8.7184,6.4133,3.6279,4.83,6.3333,5.1097,7.3859,1.1172,-0.2015,3.7005,2.7021,-6.301,-2.395,-8.8805,8.7546,9.5322,5.6927,1.3659,7.9885,8.3441,-0.7279,-1.344,-7.9436,-9.885,-5.0283,-3.9182,0.3609,1.7031,-7.7036,6.7216,-5.3958,5.3745,3.2662,-8.486,6.6759,2.0984,6.8711,9.3697,-5.5472,4.6655,-7.2697,0.8469,0.5874,3.9914,-3.078,1.9184,9.9372,-4.0862,0.0865,2.375,-3.5965,-8.2285,-5.4838,-3.7799,-5.3966,1.3218,-1.618,-4.5586,-5.9314,3.0857,2.0592,7.8208,-9.0923,9.6077,-4.681,6.0916,-3.1473,6.7466,0.0441,-7.0604,-0.6334,3.2283,6.4277,-8.298,4.4883,7.1359,-8.0177,-5.3448,4.9114,-8.5066,3.715,6.1892,2.4645,2.93,0.125,-3.4418,9.9038,6.0048,-4.5368,-7.54,6.7891,3.7571,-2.2574,7.6539,0.83,8.398,-2.3638,-1.8705,-3.8366,-1.2419,-5.8125,-3.4745,-7.6193,-8.5097,-1.4576,9.2072,8.0065,5.0444,8.1823
8.9211,7.7749,0.8111,6.7377,4.1564,4.5083,-7.3971,-7.8596,0.9945,-2.2234,-1.7887,3.827,-0.4815,1.1461,-4.301,-2.586,2.7225,3.3321,-7.8104,3.3384,1.6056,-5.4044,3.3293,-9.636,5.3258,-6.0602,4.1875,3.1744,9.7288,8.6395,-6.6793,-7.4354,6.4766,9.7485,-3.0662,1.8539,-5.735,-7.9053,-9.4019,5.9388,7.8482,-2.4568,-7.3346,-1.5505,-8.9162,-2.2571,-1.8587,1.4139,3.4427,-7.6545,9.2797,2.4109,3.2548,0.4614,-0.3534,-9.3022,5.0379,-1.8952,-2.9202,2.2339,8.7365,-5.1375,-9.6213,1.8825,-8.5372,7.1542,-7.0839,5.1484,-8.5688,-7.1013,0.9262,0.4862,5.9819,1.2661,4.52,1.2832,-7.9821,7.4416,-9.5703,8.4461,-1.3919,-6.1669,-9.2026,-5.1454,1.3204,1.4225,2.87,-5.7505,1.7915,2.1795,-2.4875,-6.206,-2.1474,-3.4599,-6.837,-7.486,5.8532,3.0553,-3.6189,9.0926,0.5431,-3.754,2.0717,-1.9571,2.9209,0.5619,-0.0953,-6.276,6.5613,2.3934,-9.9611,-5.3616,9.4682,7.27,-3.7122,0.9134,8.9135,-8.4051,8.6253,-1.3082,8.7407,-2.3363,-4.4562,-2.4724,3.5325,-0.7531,-9.9124,5.2745,0.6134,-2.3681,6.4451,0.4662,0.2823,5.8988,-4.8487,7.5989,9.2289,-5.9002,9.8124,9.5238,3.6998,-9.6256,9.4331,1.0621,1.7295,-4.165,-2.3067,9.5034,1.1322,-6.5292,4.4819,-9.4597,4.2356,-0.6341,6.8193,-8.8934,-0.8115,-8.0471,6.7089,3.7642,7.8073,7.6917,4.6041,-7.3736,4.868,-1.3974,6.2858,-1.8017,-7.4102,-1.3612,3.6515,8.714,-8.9473,-1.0543,-0.6787,4.2551,-0.6285,-1.1041,-4.04,7.7968,-9.1178,8.3333,1.6764,9.925,-9.8549,3.4821,-2.0185,-6.5495,5.899,-5.1959,7.3791,0.3067,-9.256,6.2892,0.9157,5.6725,-7.6585,7.5439,-6.1895,-8.1157
-5.073,9.2881,-7.8061,1.8343,2.6,4.4943,-5.1628,3.9658,-9.5008,1.7527,-1.2965,-7.8204,-2.1278,-5.4464,8.4097,-6.9361,-6.804,4.3821,4.7377,-2.6608,-4.595,-0.3341,5.772,-2.264,1.3274,-6.938,9.1835,-5.675,-2.5245,2.302,1.024,-0.3657,-5.0041,-2.9834,-0.3964,-8.1665,-9.3691,-7.9774,0.3964,-4.908,7.0984,-2.7447,1.1223,3.6918,-9.2515,-1.0665,9.8721,0.2514,5.3267,0.8486,-8.0828,-1.6289,-0.2704,-5.2509,-7.9349,5.2448,-7.4641,-4.8259,-8.6465,1.264,-9.9448,7.166,9.2279,-8.0046,7.2516,-8.7102,5.3619,5.6961,0.6477,-6.3147,9.6048,8.3908,-7.9372,2.4386,0.0238,-6.7969,3.1588,-6.4265,4.6187,-1.8761,-4.5691,-6.2083,0.0471,3.0971,4.7931,-6.7142,-1.0383,-2.7804,3.9101,1.8962,-8.9325,-8.9096,-8.8399,-1.5408,8.2086,5.0633,1.9219,-1.6643,4.1274,2.1099,-9.5987,-8.2132,-6.5396,3.0079,-7.2067,-8.0235,-9.1532,9.3257,2.1218,-5.2461,2.7223,8.968,7.7337,0.7384,-0.7157,-2.7896,1.2172,-3.0096,-3.1502,0.5324,-0.8349,0.8141,-5.6883,-4.3368,-3.7947,7.1794,5.4136,0.8983,8.5455,-1.2749,-7.2744,-7.5541,2.7544,-1.8389,-3.9755,7.7242,-0.3855,-8.1092,-3.4157,2.9629,4.5412,7.6706,2.6771,-8.3566,-7.9217,-6.9119,-9.4758,-8.9621,-0.2543,7.9119,8.9752,0.8305,-9.2118,-8.6133,-1.362,-1.126,-5.1679,7.7395,7.7619,3.0179,2.3944,6.5658,0.5828,-1.0641,-3.7582,0.2818,4.8719,-3.7349,8.211,-9.6906,-0.0594,9.9618,7.772,2.2015,-3.8479,-5.2068,5.1288,-8.0521,-2.2781,0.543,2.4665,-0.6104,-0.8203,-9.2857,-8.9893,-2.4806,5.2413,-6.5073,-9.9038,-2.163,7.8261,9.3414,8.6589,-6.381,-8.3645,-4.9104,-8.5229,6.0762,4.2943,-3.8692
-5.6798,-5.8308,-3.164,-2.9207,-4.9492,6.413,0.5472,5.9856,-4.0466,-8.1814,1.539,6.7974,-9.0479,7.9346,5.1185,9.6835,-8.3377,1.1824,5.204,9.089,4.6657,2.6118,1.9719,9.7511,8.1025,-2.8429,2.0669,-5.2345,-3.7525,-4.9936,-2.4733,2.3962,-5.4088,-0.4614,-5.8333,6.9542,1.4413,-2.3902,7.8654,-0.9888,-8.0578,3.3437,9.3885,-8.9676,-5.8291,-7.3296,-8.9777,1.8317,-8.5943,3.6371,1.6637,-7.4812,-4.3664,-7.9909,-0.7526,9.7769,1.4257,6.3436,7.3509,9.4001,-0.9199,3.0544,6.5499,-4.7881,-5.4335,-0.7787,5.0985,-5.0192,-4.7554,-7.9311,4.9534,-8.6891,-8.9345,-6.2709,-7.6,4.822,-9.0179,7.498,0.029,2.8177,8.8345,5.6066,4.8631,-8.206,-4.4854,-5.7106,-0.6584,3.3614,0.8015,5.0758,9.4009,9.3307,-5.3387,-0.6319,-7.459,-1.3506,9.9262,-8.9545,1.729,1.3144,-3.8068,-8.7455,4.5655,3.9915,-3.0036,-9.5608,-2.6223,5.2097,-1.9897,-7.4114,4.9286,8.1466,-7.3939,-1.1348,8.3407,-9.0759,7.094,-6.4974,2.7259,0.3292,6.2946,-6.1651,-5.3156,2.6188,4.5467,2.1795,9.9923,-5.8187,8.8462,-8.3049,-0.9919,-3.6785,-5.2705,3.0955,1.5761,-5.685,-6.5276,-7.7634,-3.3128,-6.1329,8.1472,-5.4814,-1.2431,-4.0848,-9.1195,-2.8464,-2.0444,-4.9852,-9.9106,9.1251,-5.4,2.5065,7.6642,-1.3356,9.4405,4.2578,-2.8448,-5.9272,-8.7976,-7.8635,1.0272,-2.1803,0.6676,1.2629,8.5008,2.5276,-1.7733,1.3869,4.2037,4.8494,-1.1221,1.6076,-7.6042,5.9003,8.1986,3.0379,7.6289,-5.8834,-9.9935,-3.1477,-6.1309,0.9646,0.9081,4.0327,-6.2124,2.1964,2.0689,-1.9411,7.707,-2.4828,-1.5083,-5.9822,-1.7109,8.4116,5.9828,7.1088,3.5646,2.9922,-0.2876,9.6827
7.4148,-6.2387,0.6571,-8.684,-6.4091,-8.0691,8.0378,-4.2429,2.7737,8.8868,-3.605,7.8817,-7.6655,-2.6388,4.2865,3.1798,-3.5311,2.0629,-0.8364,3.1148,1.0336,-6.6204,-9.7128,9.8703,-8.7088,2.3069,2.9166,-8.1338,-5.293,-6.4327,-8.4986,8.296,-9.0256,-0.6004,-6.6972,-0.4219,0.7637,5.6201,7.4294,9.073,-4.981,1.2576,-1.6939,-9.5446,0.0428,7.9605,-0.7265,-0.3572,-7.2143,0.4729,0.4249,3.8203,1.4647,0.7779,-1.0291,-2.713,-4.4553,-7.4166,6.2651,-7.2361,-8.5827,-7.7444,-2.8035,4.1968,3.3532,5.7686,5.3891,5.3996,3.2874,-3.6087,-6.9898,-6.4057,-7.8806,-4.3162,5.2773,-2.1016,5.6086,6.7768,-4.6487,-2.5861,0.7513,-3.7646,0.885,2.7699,8.1172,-2.071,1.7295,9.1359,2.6574,-5.3948,-5.7992,-2.4639,-3.0857,-0.1664,3.0238,-6.1843,3.1545,7.3573,-0.5185,-8.8659,-7.8305,1.2488,1.8045,-6.738,1.7226,4.7767,2.3853,-4.4845,-3.6665,-9.3841,-3.8184,-8.8191,4.7422,-7.1605,-9.7757,2.3021,-5.3081,-2.7106,5.8507,-7.9918,8.1997,6.8381,-7.4762,-3.0428,-5.8405,-5.8223,-6.4815,1.0611,7.9582,-1.8076,-7.3384,1.4297,-3.8445,-8.8316,1.8863,-9.609,-8.9242,3.7577,0.7344,5.9914,7.8435,-1.8578,-2.5784,8.295,-0.0323,-4.5334,1.3866,2.9041,4.4565,2.772,3.3676,8.4508,0.6035,9.149,8.0234,-2.7362,-3.411,-3.0418,5.7106,1.8798,-6.3816,-1.7648,1.0308,4.1005,-7.6049,-9.2307,9.2624,1.8289,-9.0894,7.3449,-8.99,-8.962,-7.4641,-9.5175,1.2828,-2.7377,8.2114,-2.6092,-4.776,6.9239,-7.5383,-4.5091,-1.0529,-1.6412,2.5026,-1.4695,7.2027,2.3715,8.326,-2.9667,7.2677,-5.4446,2.4895,5.9063,-8.3472,8.7828,9.8762,4.3565,-9.802,-8.3777
-3.4253,3.5222,5.4928,-8.0202,-1.1439,0.9325,5.9954,4.36,7.0348,3.8572,-6.7973,-7.2536,-5.3788,-6.7642,-7.2895,-2.5614,0.5003,-2.2168,9.9992,6.7025,1.3311,-9.2898,4.1375,2.097,3.7678,7.5847,-5.9952,-7.4653,-7.0057,-9.1129,3.0293,-7.3254,-2.113,-6.1875,8.8635,-0.927,2.0937,-7.6732,-5.6597,6.1397,3.0198,-4.6204,-4.7658,-9.422,0.2252,4.6589,-0.7299,8.9523,2.5531,-7.8996,0.4436,-0.5013,8.8489,-3.7138,-4.9416,3.585,-7.7026,-0.9164,3.4636,8.8427,1.9945,4.4601,-2.6237,9.6032,9.2072,-8.6472,3.4391,-0.7581,6.5387,-3.8941,-8.3635,-1.3556,1.3746,8.3175,-6.6633,-0.3023,-0.6177,4.2575,0.512,2.6737,8.0431,-7.7298,-2.616,-0.532,6.24,-9.5759,-7.2171,-4.7608,-3.5122,5.7702,-2.489,-6.9506,-8.2525,0.7738,-6.8736,6.5169,-6.7429,4.5757,-5.0906,-5.0137,4.5045,-7.3628,3.343,-8.9145,1.0448,8.5282,-4.9959,-8.2296,6.752,-1.8459,2.3838,0.7866,1.7075,9.4244,-8.6803,6.8965,1.7705,7.9707,3.4466,3.7727,9.8074,-0.4898,-8.3034,6.8233,6.4082,-3.2582,-6.9589,1.1619,-8.4124,-7.286,3.0841,4.4494,5.7055,-0.028,0.3824,-0.583,-6.22,6.2876,9.7064,-7.3121,-8.1822,-6.6247,-9.9581,-3.1221,-4.0098,-6.4384,0.1657,-2.7451,1.1281,8.3994,-1.8471,4.3515,-8.5263,-3.6611,3.4161,3.3756,-1.2668,-7.6145,-6.0388,9.7657,6.8439,5.3011,-7.4883,-5.3306,-5.8262,5.5847,7.3117,8.058,8.5463,4.5415,5.4628,-3.2153,5.3571,-5.9595,3.5687,-6.0731,-1.3393,1.046,5.3483,-6.7738,7.5588,-4.2083,-9.7407,-3.4751,-9.764,-9.2204,4.4366,3.7763,2.4714,-3.7775,-0.2818,-6.1428,9.1984,-1.8637,4.0772,-4.6131,-4.0965,7.4967,1.6008,-3.3706
-5.4914,-8.6367,8.5914,2.3309,6.7418,-9.2577,-9.2681,7.7441,4.2291,-0.2333,-4.7761,-8.707,-9.4097,6.271,-7.7297,7.1355,-7.7375,-0.6061,-6.1677,-3.56,8.8688,1.2082,-7.4786,0.4965,7.3799,-0.8524,1.2423,-2.5141,-6.995,-6.4877,-8.8759,6.0791,4.9333,8.5158,5.05,-7.0706,-5.6971,-1.3835,-1.768,-2.3184,-0.1247,-4.4292,3.4559,-7.35,1.2911,8.9375,-4.9361,-9.3208,8.1299,-5.5206,7.7196,1.3382,-8.4755,-7.3112,3.8506,2.9272,-1.173,4.6519,6.347,-4.8234,-1.4077,3.2021,-9.4417,8.0265,-2.8624,9.3997,4.7928,-0.7882,-1.9579,-5.2106,-8.5221,-6.1302,6.1,-0.4726,5.0633,-6.6494,-6.2319,-2.0694,5.6795,-9.2664,-2.5255,7.5766,-0.9081,-1.014,9.7097,8.9424,-7.9134,6.2673,-6.5365,-7.0344,3.7419,1.1276,6.9964,8.7425,-3.1607,7.2324,-8.4883,-0.0575,-4.9262,9.0497,3.5711,-7.7719,2.1213,5.9538,3.3968,2.0357,-4.4378,-0.943,-3.9647,1.4749,8.5997,0.2931,-9.205,-5.6434,-8.9228,1.198,-0.2481,-3.9047,1.4295,-0.4924,-3.9423,6.1265,-3.7583,-2.8083,0.7174,-9.5892,-6.9727,8.4836,-1.5257,-8.5599,8.9811,3.3781,7.9722,-7.0735,-7.8567,-2.9915,-7.9265,7.3857,-3.6394,3.7179,2.9834,5.9802,8.4476,-3.1913,-2.5286,-9.527,-4.2981,-1.109,-8.3473,-6.005,6.3961,5.5634,-8.5731,5.665,-9.3625,5.233,-9.2949,5.8481,-7.2801,-6.6628,-5.94,-1.559,0.652,0.9804,-7.4349,-6.0522,1.8955,-6.9479,5.1733,6.3725,-5.6076,-0.0288,4.168,3.9308,-5.1741,-9.7666,5.2805,5.2964,0.172,9.9763,-4.566,-8.7258,7.1717,-8.8433,1.7126,-2.7293,-2.5795,6.2023,-5.9233,-4.4008,-9.4417,2.8327,-3.1397,-5.9795,2.917,-8.2818,-8.7267,9.8446,0.2798,-7.477
5.2775,3.2381,-8.4187,-7.1502,-1.0935,-7.5214,5.517,1.4088,-3.7852,-0.0463,-8.813,-3.0348,7.4686,-8.1209,6.6363,2.7338,6.7601,3.2995,-1.45,-8.3123,-9.3979,0.1196,6.5058,-2.2225,-3.2397,-1.0111,2.0394,8.9924,2.1171,-5.1123,4.2262,-5.3349,0.4488,-1.8562,5.642,8.0344,3.179,-6.3128,8.2886,7.7203,4.263,-4.2433,0.3011,-2.6477,1.6084,1.0296,1.5646,-8.6835,-3.7343,7.9108,7.9732,-8.308,2.247,5.6209,-0.2849,-3.9586,7.5523,0.4375,-4.3751,-7.5072,-5.6831,-7.4012,7.3016,-5.8508,-4.3228,-3.8429,-9.5089,2.8257,-2.5544,-7.4876,3.3075,5.948,-4.5005,-0.4953,5.935,-1.9445,-2.7569,-0.7296,8.5875,2.972,4.7153,-5.2191,-1.0284,-6.3136,-5.9973,-0.4867,6.7689,-4.6747,3.4177,-1.5176,-7.1142,1.4616,2.6596,2.4089,3.9098,-6.4938,-2.5306,4.621,-9.4603,2.3902,-8.7743,3.2223,9.0413,-1.2513,5.504,8.2315,1.0339,9.4975,8.113,3.9995,-1.3903,7.8148,0.7788,0.1304,-7.121,9.1022,0.1664,-6.2532,6.2561,-3.5498,0.1131,8.2191,-0.6759,5.1215,-8.5832,8.5173,9.6806,-3.0049,-3.0975,8.6162,-9.8716,1.2965,-8.1573,2.9554,-9.936,7.0688,1.2465,-1.9564,0.3457,-8.1749,-9.1573,-7.5494,-7.3728,7.3024,-7.8021,5.9518,-6.7023,6.0214,4.8468,-1.6514,3.9098,3.6472,-8.1995,1.6225,-1.8371,-6.2113,-2.0757,-2.3956,-1.4608,8.5657,4.9943,7.0828,-3.8134,-7.8463,-7.5625,-5.7252,5.3812,7.5663,5.5296,6.6254,7.1094,-8.7113,1.1634,2.1089,-1.9764,-9.2237,-0.6286,8.8624,8.6133,3.3842,-3.2138,-6.9717,0.7468,4.5061,4.3432,0.1334,6.978,-9.9575,0.6587,-7.7432,-8.669,-9.5476,-4.507,7.6519,-7.4406,-9.8884,0.5671,6.5357,5.6763,2.5398
-7.5872,-4.0072,7.6523,-5.2349,7.6092,5.3973,8.1047,1.5711,-1.629,9.5009,-6.6039,5.7974,2.7173,8.2485,-7.6993,4.7674,-7.5288,5.7637,0.2321,6.6644,3.8348,1.3894,-0.2546,0.5679,-5.3537,-4.7709,-4.7594,-1.0295,4.8197,-0.7737,-4.9231,-8.5197,5.8781,2.8142,0.1988,7.0338,-6.3261,-7.0305,7.1825,-2.7736,-4.3279,6.4906,6.2766,-0.4019,-1.778,-0.2155,-3.9098,-6.0592,-2.9263,-6.1343,-0.9066,-8.7586,-1.1976,-3.737,-8.3875,9.5411,-6.6895,7.7619,-3.6633,-0.4353,3.199,9.1172,-6.0768,-5.7531,0.9722,7.1138,-9.3455,-0.7303,1.8065,2.1054,7.462,-0.711,-1.5769,-9.1489,8.001,0.0751,-6.1931,0.4231,-7.1593,6.7123,-7.3754,3.9156,-7.5655,4.5901,9.1441,-2.2903,-8.9095,0.6689,-1.5955,-9.1138,-9.1601,-1.7143,-8.1431,9.3982,7.6123,-5.4543,-7.735,-8.6668,-0.0044,1.6869,6.4801,-7.0931,5.0063,-2.5066,-5.6807,-8.724,4.2068,4.5328,-8.1938,0.9666,-7.7266,-3.232,9.9494,6.186,-6.7353,3.8796,-4.4772,1.7149,8.3923,8.0495,-1.2307,-0.3702,-0.2436,0.9302,-6.8513,-7.6379,8.9161,-1.4835,-2.6643,6.4388,-4.4324,7.4479,-1.2802,-5.4741,-1.6887,-8.6018,-8.213,6.5049,-5.9822,7.5103,-7.4064,-3.1284,3.197,-2.0313,4.3214,-8.6727,-5.3399,6.8908,-4.0819,0.8045,1.1204,-5.2503,3.5983,-4.3264,-1.3225,-7.7753,-2.5669,-9.2988,1.1074,-4.5456,-2.9529,9.5952,1.5847,-5.8882,-6.1898,3.5462,8.8662,-2.8393,7.8968,-1.341,4.8612,-1.4728,-4.9105,-6.3393,-6.9699,-3.8323,-1.4154,-5.7689,-8.6196,-9.8248,-1.7286,6.3952,7.3325,-4.1619,-6.4166,6.5772,9.4978,5.2995,8.6359,9.5699,-2.7047,2.3673,-2.5883,-2.8608,-9.6853,-8.8782,2.0158,4.4776,9.0585,-9.7716
6.6939,1.231,8.433,-4.0612,3.7239,7.2471,-7.3002,3.1283,-6.862,9.7087,-7.6966,-5.3827,0.3101,7.3718,8.1961,-7.7764,2.6318,3.8855,-0.2633,-8.5288,6.6414,-2.892,-7.251,-9.969,8.5437,8.5067,-5.1015,1.3668,0.5956,0.3813,5.0154,5.8217,-0.3575,5.8471,0.1338,-3.6892,1.5321,8.4134,3.9246,-4.7597,7.7447,-1.4394,1.3031,2.3644,8.6027,0.1993,4.3937,6.1685,-2.8607,-0.6948,-3.4003,1.0896,7.2113,7.3408,7.2629,6.2033,0.4026,-4.1742,3.5603,2.6235,7.3983,9.6028,5.5967,3.2121,-3.844,8.7905,-2.7341,-2.3071,3.7689,8.6755,-9.3135,5.594,6.5805,-0.427,0.4522,5.5096,6.6809,-2.324,-5.8204,9.9565,7.8979,-7.3581,-8.1465,-7.007,-4.0347,9.4557,9.6688,-1.1721,5.5976,2.3833,-6.2407,3.3681,-3.1004,0.7655,1.5612,-7.3338,-8.5124,5.0047,-9.72,-5.0709,-8.0046,-4.1427,-0.0508,-7.1366,0.5553,0.1232,7.3271,-1.7733,-2.754,7.8138,-1.2389,6.3686,8.4732,-4.5149,4.6845,3.8204,-5.9533,6.5307,4.1962,9.2874,-4.9223,-0.1889,1.9229,2.8716,-4.907,-2.7836,-0.0509,-5.1686,-5.2477,-2.3507,-3.6834,-6.9143,6.9782,-6.3712,-2.1918,-5.5897,6.4804,5.8504,6.4924,7.8307,-9.3317,6.5943,5.2056,-3.5296,-0.2473,-8.8708,8.3996,-7.2036,9.9593,-5.9193,4.0927,0.6876,7.8866,3.1694,0.0822,8.6995,-1.0749,-2.6127,5.2972,2.2108,8.838,7.6205,-8.6682,1.8928,0.202,1.943,-1.5239,2.6924,-1.3795,-4.9352,-4.3423,8.0184,6.2844,5.1987,4.2696,2.6728,-0.6215,1.4819,1.8388,-4.2539,3.9815,8.2583,-3.408,5.2232,2.3871,9.4798,2.8049,2.3054,-6.6833,0.3168,-2.5197,6.3139,8.0774,0.767,7.4822,-8.2012,6.7792,7.5385,-6.8875,-5.2542
8.4022,-0.9228,-1.478,-7.0685,4.5939,-0.312,-2.1329,-5.3812,-8.915,3.4405,5.8773,9.9416,3.6768,-3.4719,-2.0663,6.4349,7.9473,-3.0274,-0.0167,4.4896,1.7026,-5.0513,4.9162,5.9151,4.0071,-9.8146,-1.9317,8.3784,6.6164,-3.1743,-9.7669,-1.9483,7.9685,8.7418,9.2747,1.1859,9.6149,-5.3234,9.9044,9.6817,1.1518,6.2876,-2.6401,2.6932,5.3618,-4.4484,1.0615,-3.5228,9.303,9.0297,4.9908,-1.7409,-0.3493,-3.5345,1.6014,-3.6369,3.088,-8.5635,6.8068,-8.6471,6.3212,8.865,-4.7987,-7.3647,9.5036,1.7401,-5.8555,5.0751,0.6435,2.5108,4.9303,-5.759,-1.1306,-3.2684,6.5216,-8.2972,-4.4063,-9.6564,2.6946,2.6812,-3.2453,3.1182,-0.9897,1.1064,6.7293,7.9753,-5.4993,9.0349,7.1948,-3.002,-4.0256,-1.1964,4.9026,-8.507,-1.0722,2.2015,4.5426,4.8162,-8.2485,5.3358,4.2295,0.9917,-1.6956,0.7081,7.4618,-6.7354,-3.3238,-7.1111,-8.9372,7.5186,4.9624,-1.2669,4.3959,-5.413,-9.5114,3.5554,-3.1174,-5.0934,-2.1588,8.0854,9.2786,-3.1075,-1.7494,0.5296,-6.4521,-4.6591,0.3911,0.8975,-5.7941,1.4582,-5.0512,7.685,-9.1327,7.727,1.1469,-3.1019,-5.5949,4.0587,5.5423,-8.011,-3.1162,-3.7272,0.6532,3.4803,1.399,6.7805,0.7199,-9.0095,0.4653,-5.1834,-6.8815,-1.2806,-6.4017,-9.4661,-7.6173,-3.6404,7.623,-2.5047,0.3425,-5.9736,-8.4022,-2.2096,-5.2776,-9.6336,-3.5725,-3.566,4.1954,-6.0482,5.7816,6.5228,3.5382,1.0499,-9.8127,9.2472,-6.4992,7.7677,8.3406,-7.782,5.3307,0.9571,-9.8941,1.0275,6.5025,-4.774,5.8501,-9.5786,9.3429,4.3939,-3.6066,-1.6518,-6.2028,5.5387,-6.4654,8.236,-0.0801,-1.5574,-4.986,-9.3399,6.4732,-4.1472
-0.6841,6.3617,-0.1415,8.7916,-8.4382,3.1259,-8.0138,-1.1875,1.9822,3.9986,-5.7521,-3.2564,-0.9442,0.9764,-3.4142,3.6713,-2.5931,-1.0283,-6.4112,-1.4842,8.3904,4.3982,-5.2099,0.35,-2.1885,8.1176,0.078,-3.2593,-0.0967,5.849,-1.1274,-7.9594,6.2903,1.3069,-7.0474,7.6856,-3.8054,5.1909,1.0851,8.906,-6.2302,-3.1541,-7.7165,7.1841,2.5666,6.3203,-7.3736,-3.5575,1.2449,-5.6315,-5.3581,7.8409,2.0364,-2.2769,-7.2743,-9.3798,9.9735,-6.6287,8.1752,-3.5207,2.8006,8.6436,7.568,9.5336,-5.1644,9.8397,-6.1556,1.0965,-9.2625,-1.8705,-8.1204,5.3924,9.6522,4.0764,0.0547,7.0096,4.2927,9.0172,0.2161,9.9939,-6.5128,-7.3256,-4.1591,-7.6179,-9.8916,4.7386,8.7036,-2.6723,6.0434,-6.2612,3.4737,2.2183,3.822,-5.607,6.8991,-4.4319,0.5217,1.0703,-8.8412,-5.6492,-5.1233,3.5491,-9.0984,3.5591,-2.9945,1.2696,8.4222,0.4988,-4.0453,-6.5226,-0.7364,-0.8733,7.0847,2.2,3.6221,-1.6315,-4.5341,7.4017,8.4507,-0.4408,8.7144,-8.3537,5.992,-6.4861,3.8191,5.7604,8.0198,-1.0782,-1.891,-8.8159,-0.8085,3.284,6.1889,-8.73,4.6161,-5.8792,8.4852,8.8051,8.8196,-8.9963,9.6926,-7.4351,-4.5179,7.3148,2.3416,6.1086,3.683,-2.1494,8.0656,-0.7783,6.0812,-6.4474,5.4323,-2.5464,-6.5877,-7.7662,6.9981,9.0205,2.7057,6.0089,4.8711,-1.3885,-1.5735,-9.2204,-9.5998,5.1276,9.279,4.6058,9.7812,-7.3631,-8.6371,7.4091,-9.7668,-2.815,-5.8214,-5.0737,-2.2028,8.9185,-9.1766,1.5201,-1.0124,6.2893,-8.4768,-3.5926,4.5926,-7.5665,7.1767,-7.4804,-6.6925,6.2029,-0.3886,3.5357,1.796,1.4091,2.406,-0.8497,-6.6008,5.7278,-2.9153,0.9579
-1.8872,-0.8221,3.5724,5.6203,-7.076,2.273,-4.1073,-8.4394,1.6342,7.5481,-2.3899,1.8145,-0.044,4.5245,2.7617,-0.7452,-6.6789,4.8816,-1.3801,-8.0264,5.1281,-1.5693,6.2569,9.9584,-5.2875,-9.3671,1.7107,7.9258,-4.8317,-7.4408,6.7909,-2.973,9.7904,-6.0105,7.1456,-7.5073,-3.0817,6.2251,2.311,-1.1712,-3.7605,0.233,-9.8457,-1.858,2.3261,1.1499,-0.6076,-2.1854,-0.9255,-9.0354,-4.55,4.2273,-2.5667,-1.7162,0.1704,-9.0984,-2.4698,0.2532,-8.5915,7.1178,-5.9782,-5.6493,-8.716,1.327,-7.0705,-1.8305,7.7135,2.4302,-0.6185,2.0259,9.4106,5.7272,-9.003,-9.899,5.3732,-8.8225,-3.1497,3.3438,-2.5807,-9.3661,6.8497,5.0062,5.6475,-9.1223,-4.0327,4.4943,6.7185,-2.1235,-8.2226,-4.3432,-8.1728,3.3118,-0.886,-6.4571,-0.0048,-7.9834,-7.2851,-0.6444,-7.2477,-6.7596,8.934,-4.9163,-2.9827,-8.191,8.3375,-6.1065,-0.2166,-8.5066,0.5525,-4.3632,-9.9864,1.1999,-0.7445,-3.0952,-2.0523,8.0262,-2.6574,0.3018,-9.9802,-3.9876,-1.7878,9.1714,-7.8776,4.2091,6.3995,2.4666,-4.2194,-8.5083,5.1268,-9.7509,4.3464,2.4904,5.3893,2.8959,-6.4792,-1.4947,-4.5639,-1.4091,1.7765,7.9898,0.0139,5.8359,-0.2499,5.9895,-0.3886,-4.158,2.4528,-6.1027,3.7191,-9.7189,3.1619,-2.067,4.1467,-9.1939,-8.612,9.9583,5.2202,-3.7352,4.8185,3.3626,3.3562,-5.5294,-6.1503,0.2912,9.5964,-8.2522,-5.9657,-8.1258,-9.5204,-7.9511,2.1968,9.3932,-7.7545,-2.4892,1.9263,-3.7762,9.2935,1.815,0.9693,-4.7739,0.193,2.6755,-9.3047,-6.5224,5.5421,7.9227,3.8993,-2.9978,3.5748,-9.3151,1.9147,-4.4284,-1.737,-2.5044,-5.6881,2.5845,-2.013,-9.8224,6.6419,-1.5074
2.1969,-4.5377,-8.2082,-6.3419,1.0827,-8.9,-1.7524,0.9032,1.6105,-1.4398,2.9784,6.0432,6.5537,0.5926,6.0349,-4.6533,6.1368,-2.0679,-8.261,9.2743,2.2361,-3.0483,0.379,-5.4629,0.2281,-9.3407,-5.1201,-0.4778,-2.9585,-5.4008,3.0515,2.1404,2.1492,2.0594,1.7871,0.9294,-0.356,-8.0664,6.528,5.3795,8.514,-1.0046,-2.3947,2.9176,4.3645,-9.2709,-7.4623,5.3868,-5.5958,-4.6391,3.0423,7.0625,0.6368,5.1877,-0.3332,9.1794,2.1864,-8.8264,0.5555,0.4191,9.182,0.744,6.3032,-8.2149,-2.6312,1.6097,1.9668,-8.734,-4.03,8.0004,-3.5552,0.8833,-8.7179,2.3508,2.262,-8.613,-4.6684,-9.8759,9.0182,2.3046,5.1166,-6.6501,5.9322,2.94,-4.6269,8.2894,-6.7488,-6.2142,5.7707,3.176,3.6393,-4.5615,7.2012,7.4822,5.8266,7.9474,1.8337,3.6753,-8.5145,0.5138,-6.9937,5.2777,-7.0588,5.4504,-4.4789,2.241,7.6507,1.6898,2.6905,2.8059,9.3357,-4.0803,-8.6052,-4.0105,1.633,5.5996,-0.1433,4.5811,0.0801,-4.3336,0.6657,-3.8551,1.2815,4.5126,-6.6797,-1.5954,9.8272,-5.297,3.9064,-0.6181,-5.7085,3.5526,1.0392,7.5813,6.7799,4.7733,7.9783,8.7495,4.7896,3.397,5.8841,-4.9563,6.2631,5.8888,3.3775,-7.8756,-9.2293,-2.4716,2.9632,-8.8752,-8.5046,3.0263,7.3848,-9.9014,1.7706,-0.9952,-9.3026,7.6604,6.4005,-3.4991,6.1293,-0.8912,1.4063,-5.8671,-7.2198,-4.8603,9.0839,3.3625,-3.7693,0.5225,1.8004,-4.9808,8.3581,0.4478,4.1429,4.1921,6.0392,9.6582,-1.8256,-3.3782,1.5958,-1.3511,3.3413,-9.6406,-1.1664,-5.8297,-6.0396,6.2432,-8.8879,-6.7861,0.401,-5.9135,-7.3814,-3.8734,3.4415,-6.9801,3.4898,1.4419,-4.4339,0.6097
3.7383,-8.5913,9.4473,9.3641,-7.1368,6.616,-2.2151,-4.0713,-0.8046,-1.9519,-3.8575,-2.2849,7.6103,7.8948,-9.3372,-7.8278,-7.3532,-4.9218,5.5426,-8.3095,-9.2906,4.9614,4.8835,3.1813,-6.3556,7.6354,-3.5,5.7406,-4.1154,2.9331,-4.5686,-0.0971,1.4291,-1.7876,-9.7209,2.7756,9.6078,-6.3411,-4.4717,1.1092,7.3022,4.48,8.9201,-7.1663,9.3079,-4.5235,-0.9989,5.6149,-6.9545,1.9478,-6.2022,8.2922,2.4513,6.7366,-6.5873,2.6375,-5.0425,-9.3121,1.6843,-9.749,8.8149,0.7565,-5.255,-8.7368,6.2859,-7.5947,-2.3327,-2.6115,4.3879,0.2265,1.4812,9.2911,2.5242,-1.2609,6.2122,9.8481,9.9409,6.7457,7.9322,-2.9679,-7.7083,-5.8755,-9.0008,-3.7465,-8.7845,-1.4912,-1.0116,-2.9936,-3.8769,-3.1823,4.0239,-7.3361,-8.7001,-5.4898,-3.4057,-8.0694,-9.9228,-6.256,-0.4996,-2.8698,0.2899,2.9542,-0.0005,4.9408,-1.9818,-5.7272,0.2373,-7.3051,-5.6206,9.6705,5.9935,5.1584,-6.0114,0.0935,8.2558,7.7345,-6.6124,7.2569,7.1526,2.8146,4.0834,-1.7639,3.4424,-3.8279,9.4937,-6.4522,1.8307,-7.5205,-6.783,-6.8575,-4.5933,7.384,6.4193,-1.2057,-8.3358,-0.9002,-9.4282,-9.0224,9.7673,4.0981,8.5253,7.3358,-3.2273,-1.2305,6.8052,-7.8457,-6.513,2.4227,5.3014,-5.1013,-4.6515,-2.9004,-9.6342,8.9841,-4.7119,-0.3953,-9.7875,9.6375,-7.1178,8.4498,-7.7083,-8.3888,0.3587,0.9526,-4.802,-0.348,-5.6131,-1.5468,-5.2637,2.3633,9.8001,7.847,-6.0052,8.3747,2.1075,-3.5169,4.6632,3.5685,3.9567,2.4695,0.4602,0.5704,0.6682,6.0067,7.7769,1.4536,-0.0459,-4.5172,0.4213,2.4131,-6.9067,0.4314,9.0927,9.4874,-6.8155,2.428,-4.1035,2.2643,-0.6838,2.49
-3.6541,3.1287,-0.3789,-7.4341,-0.6876,-2.7042,-6.3403,-6.9326,-9.2555,-6.1684,1.9584,-7.461,-1.9356,7.8723,3.95,8.9218,6.9584,4.0147,2.6202,2.0635,8.9349,6.0739,8.0881,-2.6333,7.5779,-7.5059,-6.3991,-2.4594,-4.234,-9.9477,-1.6483,7.0929,-3.4567,8.3502,-6.5335,-5.839,8.2927,-6.1044,-5.5228,3.4332,4.4551,2.5847,-3.4339,-7.2329,8.4068,-1.8802,-3.761,8.4772,1.9451,0.7836,-4.9962,3.5182,0.4653,-5.1007,8.4379,-1.0398,0.4551,7.6931,-1.5987,3.4084,-1.0698,8.7131,-9.2116,1.8283,-0.9517,5.7554,-2.2785,4.8842,-0.2376,8.4705,4.0906,5.1,-1.6946,8.4053,6.8596,-0.7536,0.0699,-4.7712,-2.9767,6.89,4.188,-1.4079,-5.252,1.7715,-7.5604,-3.0236,-6.3759,-9.9568,-0.0208,-0.5225,-8.4398,-0.7668,-5.3133,-0.0468,-7.8508,-8.1426,-3.2878,8.5442,-0.9133,-5.941,4.4964,0.4702,3.2192,2.8657,-9.9364,-6.2008,5.5607,8.3579,0.1993,8.618,-0.2036,-9.363,8.5366,9.9297,9.8634,-2.8309,-7.5042,-2.7381,3.043,5.3344,-7.6293,4.3852,-7.4689,7.6093,-9.9113,9.1408,6.3425,-3.6396,-0.3491,0.0671,-2.3828,2.6503,5.5602,-7.9781,-6.2561,2.3759,6.6809,-1.2851,-5.904,-9.3658,5.0812,-8.3179,-7.4775,-2.2922,6.4971,-7.5654,8.6855,-3.4782,-3.4831,1.6763,4.3442,6.8961,-5.2694,3.6273,-5.3141,9.1012,-3.8708,2.6858,8.3514,6.672,-0.7803,-2.3185,0.0073,7.5433,4.9494,0.1195,9.8888,3.998,-7.398,-6.9005,-6.6064,-7.1018,-6.7649,8.8015,9.0642,5.0054,0.2438,-0.0348,9.4923,8.0041,1.5313,7.2474,-4.9903,0.8131,7.5794,7.022,7.6272,-4.9803,-0.6091,2.6035,-9.6636,-6.5285,-4.2737,-6.0373,0.8072,-4.1427,4.6376,-4.8995,6.699,2.6458
8.8964,-4.3574,9.2124,8.6117,-2.6918,3.0753,-6.7919,-6.6453,-1.4923,-6.3869,-4.9318,-3.036,-0.9742,5.1954,7.3961,-4.8543,4.1048,6.3527,6.063,-8.5042,7.5233,1.9248,9.2128,-3.5345,-0.3364,-9.4202,-9.2802,-6.5759,-4.5388,-6.0718,-0.2712,4.6353,0.4422,-1.7656,-2.0623,7.1815,-2.6833,3.7892,9.5082,5.63,7.5567,6.6225,-3.4241,6.1658,4.8678,-9.8214,-7.2269,8.3862,-7.8402,1.7121,5.7504,9.7749,-8.913,-7.0567,-5.7011,-6.1429,-7.9475,-4.8292,-2.2747,6.4874,5.9552,-9.2671,-0.1762,9.7902,9.3048,-2.2064,9.1784,6.6481,-5.2701,4.6182,8.3723,2.9741,7.3603,5.1091,-0.3224,9.6869,-8.3507,2.265,-3.2528,-7.7523,-4.0985,9.6599,-7.2357,3.6988,-5.3518,-1.53,-4.9133,-7.8917,-7.2507,4.8527,6.5052,-9.8861,1.1402,3.6483,5.0012,3.9428,7.3771,0.643,6.2712,0.3143,-8.5799,-0.589,6.8424,-9.9655,-0.155,5.6355,-1.0498,-6.1123,5.74,-2.3516,3.0086,-2.4815,1.1546,3.3186,-3.66,-8.4802,9.5135,-7.3934,7.3068,-7.1858,-3.3573,-1.6412,1.2647,0.2675,1.6335,-0.669,6.624,-3.8663,0.4983,-5.3302,1.4593,-1.6138,-1.1168,1.2402,5.3378,-2.9895,1.7562,-9.634,3.7012,-2.9855,7.0125,3.1253,2.695,9.1304,0.331,-5.2266,-9.3111,9.291,-3.224,6.1296,-3.784,6.8372,-8.8792,5.4887,-4.5934,-3.5021,-3.756,4.3017,3.2719,2.1568,4.5809,0.4156,2.1996,6.0336,-3.673,0.2348,5.2815,-0.1385,8.8681,-2.2641,-0.427,9.8421,-1.1894,2.2121,-9.1999,5.5728,7.6333,-2.367,-8.6776,6.8323,-1.4109,-6.357,-8.2218,4.7064,-3.3684,8.5264,5.9393,2.1091,-2.6927,-2.6541,-4.4855,3.7317,-3.471,4.0326,-5.0351,9.0968,5.9137,5.645,0.7582,-2.3075
3.5993,2.392,-9.7937,-1.658,1.9002,2.4808,-4.7098,5.6755,-3.3606,3.1026,1.0055,8.786,-7.8036,-8.8644,1.7942,-5.5167,6.0809,1.053,-0.3635,4.0714,-1.4835,-1.2871,-4.0598,-8.0401,7.7981,-7.1973,3.0848,-5.0043,9.3875,4.6263,-8.3459,-9.1936,-1.4536,-3.9906,-7.8553,1.8335,-4.6035,2.2134,2.1222,9.7855,-0.664,-2.1413,7.8222,8.508,-2.4586,-3.1885,4.4769,-3.8615,1.0273,-0.127,3.8596,6.3919,8.5287,-4.6193,4.5682,-9.2809,2.5874,0.4858,-0.3025,1.4237,-6.1614,2.6165,-9.7492,-7.6357,1.1966,0.9139,-6.3345,0.2559,-1.3891,-3.9017,-2.7088,3.5903,-7.4888,-4.9227,-7.5156,-2.6416,9.0144,-7.9801,-5.3868,2.3293,-9.7681,2.7205,-3.7788,-4.654,-3.7581,-8.5176,-4.1915,-5.1495,-5.9696,-8.6757,1.5576,-9.6964,-5.6265,2.2874,-4.8147,8.5029,7.4683,4.3154,-5.8362,2.3929,-6.1351,-3.1537,-0.7209,6.5674,-8.8553,3.3674,2.2764,2.0674,6.1825,-8.9388,4.3401,8.3475,4.4349,4.7897,-0.5955,-8.4613,-0.6126,-2.5299,-4.7623,3.3197,-1.9181,-5.6603,9.3989,-1.2598,-7.6051,2.4399,8.4748,2.1235,9.6363,-6.2459,5.9703,6.5453,-2.5503,7.9396,-8.5451,0.736,3.2953,7.3676,9.0909,-6.1872,-6.5206,1.4385,2.2638,4.3286,-1.8179,-6.4599,-5.0427,-5.5545,7.9441,-9.8362,7.9294,0.634,-4.3245,7.7124,-5.1949,6.5098,4.0974,-9.149,0.8032,-4.0349,4.0707,2.9136,2.2938,-8.8515,-8.0385,-6.2035,-9.7209,-5.8694,2.2449,-6.6605,6.5987,3.0957,4.4127,-9.0481,6.9028,5.0072,2.5611,8.8625,-5.8553,5.2654,-6.4748,-6.1791,9.4228,8.7021,-5.985,-0.4859,-0.502,-0.8993,-2.8686,5.617,-5.5108,-0.1071,3.501,-2.9399,7.9591,-1.0252,0.871,-5.3869,6.3274,9.6805
-7.6179,-2.2329,7.8865,0.3709,8.7518,-6.8177,-4.3455,1.9361,-6.9276,7.054,6.2184,-1.114,-4.587,4.2206,-4.9261,3.3894,-4.9112,2.0991,5.3673,0.663,-5.0341,-4.4904,7.155,9.0923,3.4377,-8.4601,0.0944,9.3821,9.9938,-3.9077,-6.1851,9.3472,-9.9136,-4.2253,-8.8084,-9.3242,6.0339,-2.6294,8.6244,8.5918,7.5218,-8.1078,-6.0706,8.8982,7.7705,9.7422,1.7555,-7.1599,0.9089,7.1167,-5.5123,0.562,-9.6316,-5.5061,0.8042,2.7319,4.7982,3.4249,-9.9841,1.0509,-4.3473,0.7527,-3.1083,-3.6003,-2.7149,-1.1741,-7.8533,9.4944,-6.2305,-0.5219,6.161,-2.025,-3.9753,3.2952,0.1249,9.4824,-5.2269,4.5667,0.5206,4.5651,1.7179,1.3803,5.5988,8.6837,-5.5459,-6.2124,3.8813,8.8974,-1.1786,6.186,9.4485,6.7531,1.4044,-6.0447,-9.8106,4.1784,-1.1216,-6.6059,-3.0862,0.2269,2.9026,9.2626,2.2698,3.5169,1.239,4.0094,-5.2241,4.9672,9.7886,4.6724,-4.3444,-4.8504,8.5388,-0.8682,-1.4407,-9.231,0.0261,-8.6356,8.1753,-7.845,9.18,1.2625,4.0217,-4.6307,-4.1015,-7.9211,-9.3818,-4.4763,2.2159,-4.0413,-4.9886,9.6963,1.7957,-7.9962,-7.5513,5.7239,2.6949,-8.136,-1.3949,3.6906,-8.1286,-7.2613,4.2682,6.6586,7.4558,9.4553,-5.566,3.6637,-4.3932,-8.4051,-4.7,-2.1407,-5.6118,1.4587,4.895,-7.9981,-2.1436,-3.3073,7.1944,-2.7677,-4.6741,-7.3709,-4.259,6.1054,-5.8464,7.5492,9.4612,-3.6127,-1.8432,2.5627,8.7886,-7.2871,2.5206,-5.8397,9.27,1.4471,3.2759,-3.6297,-6.9449,7.2738,0.167,2.7261,3.9931,0.5796,6.0944,-4.5431,5.0431,-3.7793,2.5601,6.705,5.4826,6.6373,6.1743,8.72,5.7361,8.8731,4.4978,-3.3475,8.1446,0.9028
-1.6654,1.5855,-5.2993,-4.7724,-5.4322,6.185,-5.9203,-2.1081,8.855,-9.5563,8.7465,6.4507,7.8718,2.372,3.3336,-1.1385,2.0662,4.072,0.4504,0.2143,-6.155,1.0243,-3.5905,-8.4819,-4.1916,2.4881,-7.1051,-9.8036,-0.2821,5.3812,5.044,2.1995,6.4293,-9.0946,-6.0318,-2.6951,-8.0606,2.5065,9.5608,-1.7862,-6.1068,4.5011,0.6257,-6.1306,6.5247,-6.4211,-5.4153,-2.0351,4.653,7.2629,9.7,3.7551,-5.9251,-2.8419,-3.9483,7.9093,-0.5316,-0.5744,2.5871,-3.3519,0.8012,-4.9247,5.8352,-8.3681,1.0836,6.7196,-8.7984,-6.0512,1.6507,8.2522,2.0993,2.3859,3.0716,-9.6341,7.1536,5.7772,-2.5535,-0.3921,-0.95,1.2934,7.6842,6.1961,-5.7216,1.8867,-5.8199,-4.9593,-4.3588,-0.752,1.5802,9.3508,-6.5322,-1.3027,8.9004,-9.2636,3.1521,6.5907,8.2461,8.6525,-7.6333,9.3848,2.5846,-6.1744,3.8349,3.9074,8.8989,7.6592,6.2992,9.3742,-0.5996,6.411,8.4225,-7.4397,6.9273,-2.1778,-1.5614,1.3752,-6.4897,2.0198,-0.2162,-2.4525,2.1376,-0.8583,-6.5137,1.6375,5.7422,-6.638,8.1484,0.9965,-0.3525,-7.9594,-1.5245,3.2742,-5.0756,-4.6506,2.8152,6.4899,5.5717,2.2627,1.3805,4.1294,-4.7632,5.264,-6.8601,-3.8821,3.6445,-2.2372,8.2193,8.3412,2.4915,-5.24,-9.6128,-1.7025,-2.1762,7.8668,8.8506,-2.2905,-0.2761,-0.1244,2.535,-0.8967,1.494,4.3909,-0.2697,-1.2343,6.9983,-4.4845,2.4492,3.4947,0.3029,1.6634,-5.2633,5.8918,2.6869,8.3029,0.9333,-0.6613,0.7166,8.9471,-7.3132,1.944,-9.7628,0.7767,-7.2579,-5.3257,-5.9722,0.9986,7.6753,3.5511,9.2469,-8.9723,5.5724,-8.4144,-2.5115,-4.5408,5.9349,6.267,3.1281,-4.3521,1.6022,-3.356
9.5557,-2.8152,-9.1802,3.0281,-5.5178,-2.7819,3.8518,-3.4717,-8.4734,-4.401,7.0942,3.8222,-8.641,-0.0635,-2.2822,-6.1123,4.7335,-6.8711,-5.3462,-0.8796,7.4158,3.8631,-8.459,3.1388,1.0261,6.4419,5.0145,-4.2904,-4.4116,2.5072,9.8131,-7.8069,-2.8035,-3.9094,-7.7994,-1.639,-5.7429,4.7903,-8.2596,-0.6521,-2.9142,-1.7778,6.6046,-8.9181,-3.6807,-5.4349,2.6665,4.0139,-7.3496,-6.1902,1.0738,9.1577,-8.3448,8.8061,-6.929,1.6574,-3.6504,-2.2592,-0.6498,0.6386,2.3909,-8.9915,4.202,-7.3247,2.1853,1.5163,3.982,-9.4378,-5.7683,-8.1713,1.2331,2.9539,1.172,2.2395,-8.3802,1.0625,-3.616,3.3757,-1.3793,3.5225,-5.3574,-7.0122,-2.7352,-9.718,-2.8451,-7.378,-0.2354,4.6842,-0.6415,2.4535,8.5705,-5.3503,-8.9454,-2.3667,0.4352,-3.9685,-0.9215,-0.4097,-7.4225,1.3291,-0.3083,-1.5063,3.2875,3.1615,4.3189,8.8299,2.3183,6.2249,-0.3783,5.5616,6.608,-4.3472,0.3397,-3.894,-0.9776,-3.0374,4.1657,-2.0257,-5.3172,-3.8245,6.2468,9.9795,1.4252,0.2583,-9.9754,3.7157,-1.4618,9.1936,-8.415,-3.1189,8.1711,5.6273,1.2992,-3.1641,4.2535,1.0081,-4.0364,-2.8661,2.269,7.605,8.4547,5.5221,-1.4081,-2.5359,-4.1685,1.6667,8.4292,-8.6482,-7.0383,-4.9402,-2.3533,-3.6199,3.0562,-1.1839,-6.3791,4.6983,9.2862,-4.6656,-0.1774,-7.7399,2.5833,-6.9865,-0.3636,-9.9626,2.8031,-4.9167,-8.6977,-4.3117,-9.6617,4.1562,6.9302,8.7994,-5.524,-5.3203,4.935,1.2899,1.9384,-7.629,-1.3637,-0.2362,2.4179,-5.9391,-0.5995,-5.6632,-9.0933,-7.7147,0.4678,-9.3615,-7.0759,8.7941,6.1718,-7.5234,-0.335,-8.9237,5.3385,9.1573,5.9269,-2.8809,-4.7936,0.7818
-2.1194,-7.8246,3.1426,0.9267,5.6714,3.255,3.7443,2.1359,-3.9584,-9.9726,3.5752,-1.6605,1.8969,3.0324,-8.9319,-2.5889,5.6324,-2.4147,-0.6058,3.1091,-1.4196,9.1649,-5.4118,-4.7477,-9.4903,-0.1517,8.2981,-1.4559,5.2926,-3.4605,4.2892,0.8815,1.2536,-0.6126,-6.0158,-8.9497,-2.9845,7.9257,-4.7563,-4.4845,3.5917,-8.3531,1.741,-6.965,-8.1631,7.3666,7.9132,0.9289,6.4175,9.4547,1.8082,-8.5644,-4.9286,-4.2955,4.5617,7.8521,-0.9742,-6.7415,-1.1756,2.1387,-5.6093,8.8127,6.5294,1.8372,4.6264,-7.6702,0.6399,0.4258,1.1501,-7.0028,0.8707,-7.4699,-3.8927,-9.5307,0.3685,8.9208,-9.5032,5.282,-6.261,8.8348,6.7708,4.537,8.0652,-7.7329,5.9933,-1.8391,-1.5509,-3.0679,6.5794,5.1575,-9.5651,8.6846,-6.6956,-4.8004,-8.0916,-8.2509,4.273,-4.3836,8.5856,3.4462,6.3167,-6.8564,4.8451,-2.8974,-3.3439,7.2068,-0.6447,6.2794,-4.0262,-2.1158,-1.5346,-1.7613,7.551,5.1283,9.5523,7.4338,8.8483,2.0759,-5.6885,-8.386,-9.606,2.9669,4.3949,1.6391,8.7084,-8.7372,8.877,2.6187,-7.4902,9.6415,-3.0137,-4.6277,-1.8871,6.1501,-2.92,-8.7144,7.7806,7.5576,1.749,4.3198,-4.0034,-4.4619,-0.0588,-4.7522,-8.1371,3.9384,4.9457,-0.3671,9.0676,6.1246,-7.4274,-2.4527,2.497,-0.9684,9.7976,-3.9002,2.9678,-8.852,3.6452,-3.312,-1.2677,-2.032,7.9088,-8.0831,6.2937,1.087,-2.3628,1.2126,4.877,-7.5729,4.7887,-6.6277,5.339,-0.1955,-1.0121,-0.1259,-4.5883,1.5861,2.2154,-7.2342,1.7414,-0.1783,-7.1489,6.3429,-9.0017,3.2235,-0.2758,6.4089,4.22,-8.1956,2.8706,-8.8409,-9.6358,-3.5238,-3.7523,-2.4475,7.1135,5.5178,0.1918,9.3487
-0.9948,4.3035,-9.368,0.4026,-9.8244,-8.8223,-9.3938,2.0276,-6.3074,-5.9533,-7.4942,-3.857,4.6964,-5.8636,0.931,-0.2267,-2.8544,-0.749,-8.3655,3.2841,-5.161,6.1799,6.8506,0.0137,1.8358,2.8741,-6.5622,-3.5989,-8.3138,5.0668,3.1279,8.0149,-3.9843,2.9767,-2.8135,-8.5695,-3.9057,-0.7588,-7.6656,-7.6488,-7.8747,3.9239,-5.2645,4.9839,8.6412,-5.1062,-6.7857,8.3848,-7.851,4.4439,6.7939,8.8715,7.7159,5.5048,2.7149,-5.2712,-3.85,8.8295,-4.9916,8.3239,-0.339,-9.0433,7.2253,-1.9424,-5.5647,7.0003,4.8508,5.9112,-4.7426,9.0925,4.9025,9.2078,0.0092,7.6202,6.5445,0.5115,-5.8196,2.4038,-9.9162,6.0125,-2.6619,-3.9202,9.4289,-4.7726,1.2387,1.1575,2.6064,-1.9281,-6.9257,6.2758,1.7839,4.3117,-9.3401,9.3459,4.2287,9.3437,-8.9179,5.9506,-3.2085,-8.764,-2.6244,-9.4876,-7.2094,7.3214,-3.8626,-3.6772,-3.3562,7.5344,5.2855,2.5732,-9.7726,1.4398,7.1312,-5.8175,7.2574,-3.1447,-1.0285,1.2413,-9.8309,-8.1849,3.3496,9.3587,2.5702,7.5824,8.6223,-0.8969,-7.5214,-4.0593,9.1386,6.6233,-0.2257,-4.4137,-3.295,-8.591,9.885,-4.2939,0.3416,6.2938,-8.296,0.4294,-2.6099,-9.2476,-0.2093,-8.229,-3.5524,-9.7158,-8.4584,0.7538,0.2017,0.6791,0.8313,-6.3523,7.7252,9.5057,-6.3393,0.8354,-7.5902,-3.1214,0.8683,-9.1021,2.0816,-7.0538,6.6005,-7.2819,-4.8082,-9.3127,-4.2931,8.3556,7.6534,-5.5549,6.3861,6.9811,0.5075,-1.2124,-3.5019,4.2815,9.5213,9.1914,2.0898,0.2466,9.8758,-5.5916,6.0874,-4.4496,-4.3322,-5.8218,6.5152,-6.9411,0.3907,1.8137,5.6199,8.9118,-2.6358,-9.2057,-0.0151,7.7775,1.9319,-2.6142,-0.611,1.4493
-7.2426,5.9844,-4.4468,-0.6274,-9.9173,-9.5935,3.6881,-4.4168,-1.3345,-8.9675,-0.9654,-2.1342,-9.6412,0.8987,2.42,-7.5676,2.702,-0.4764,-1.885,-0.6474,-5.0195,-4.5194,-0.9502,9.377,8.7494,-1.5663,1.1056,-9.9993,4.758,2.5731,-7.7035,5.3841,2.6917,-6.9141,-1.3316,-1.3136,-6.1799,2.6067,-9.6665,-4.8388,4.3609,5.1263,1.6232,2.6904,-5.0257,-4.7685,-9.9776,-2.6011,-6.6665,-4.8215,5.2041,-3.316,4.9522,5.8161,-5.2672,2.5404,-9.6534,-3.824,4.3797,4.9993,2.0862,2.2755,0.6875,-1.9857,7.7504,-7.2073,-8.4406,5.5099,2.2207,-6.3003,-5.2107,4.407,2.5424,6.7683,-4.8559,-2.4153,-1.0593,8.9598,-2.1916,9.9149,2.1519,1.5358,1.03,9.1494,-9.9132,-0.9991,6.4808,3.3775,-4.6064,-9.2588,-9.632,4.7839,9.8932,-3.2575,5.5612,6.1393,-3.3247,-6.2619,2.6612,-9.522,-1.2269,-2.8875,-4.0741,0.2988,-0.5928,-3.495,1.5374,7.1339,-2.567,-5.1253,1.7327,-2.5458,-4.8928,1.9661,-5.6215,-2.0888,0.9428,5.4772,-5.9134,-0.3615,-2.5463,3.114,0.8466,1.7715,-7.1418,-9.9387,-8.3741,-9.035,-4.3135,-5.7547,-9.0174,9.0415,-1.2022,2.1762,7.9816,4.675,9.8787,-1.849,9.6282,6.9807,6.3582,8.672,-8.1409,5.8454,-0.3535,0.6679,5.3575,1.536,2.0994,-9.0493,-0.7742,4.1456,3.4373,8.2689,-3.7692,-5.4817,8.0497,-3.1758,8.6607,1.2275,-2.6999,2.4031,9.8608,7.0137,6.3035,1.5089,-0.3193,2.9729,-3.0651,-4.9996,0.0428,-3.297,0.1797,5.6007,-9.5781,5.195,-7.8886,2.865,2.0048,3.2716,-6.6995,6.6431,2.3262,2.4201,1.4847,-7.2753,-4.4192,-8.7917,-6.6279,0.132,-4.6185,5.172,-0.6969,-3.564,0.6683,8.6254,-7.107,-7.5988,-0.0074,-5.8795
-4.435,-5.6932,-7.5019,-5.926,-7.9773,-3.5038,7.5768,2.6555,7.0736,6.9948,-5.1081,-9.4357,6.7076,-5.2804,-9.7387,9.9266,8.7356,1.7826,5.5953,2.4135,-6.5361,-6.1641,0.097,3.0823,1.6844,-2.3482,8.1996,8.6617,-0.5474,6.1665,2.2974,2.6208,6.6307,0.8794,-7.5381,-8.6108,-6.4008,-1.5453,-6.8709,5.0936,6.0128,-4.1246,-1.8876,5.0708,-1.7923,-5.2918,6.3798,-0.444,-6.1746,-3.4795,6.3011,4.0935,6.7959,9.604,-6.1951,-5.4504,9.5313,-8.5867,1.458,3.2936,4.1281,-6.6189,-3.8025,7.8402,-3.9574,-6.2063,-1.3963,3.4799,-5.8291,-9.1326,-0.7589,4.547,-0.844,4.1077,9.3151,3.999,0.7654,3.9721,-9.8873,-2.2545,9.4486,-6.4353,-9.9436,6.7215,-1.6933,-8.0658,-1.6961,-6.6219,8.1499,-4.7586,-4.258,0.0374,-5.0146,4.0573,7.1527,-7.7605,4.3422,7.3856,0.4398,-3.8328,2.2104,-8.7479,7.6594,6.1399,-5.1395,4.147,-3.7936,-2.7808,-1.2398,4.1918,-3.1509,9.7377,7.8313,-6.5613,-0.9599,9.5222,7.8395,2.006,-9.4871,1.1438,-7.9123,-4.5202,7.4232,-6.6352,0.4848,5.3858,0.1053,1.2569,-9.1694,-1.9122,-2.8847,1.6426,-9.9491,-1.7082,-7.0143,1.2145,-3.5738,-2.9851,-5.1763,5.9421,3.5557,-7.9401,1.8764,5.6743,-7.9026,-9.9661,-1.1113,7.803,9.4468,0.8918,-6.3853,1.5409,-0.2639,0.4627,-8.7338,-6.0085,2.9095,6.047,-1.8691,0.2491,-7.9191,-9.9382,9.2888,5.6118,8.2538,6.6761,-5.2855,8.5426,3.1776,-2.9035,5.7953,6.8689,4.0154,6.3691,5.84,2.1835,-5.4348,7.5462,8.9338,-0.6787,2.9929,9.9806,-9.6897,-8.1863,-5.1738,-8.3178,4.2052,-4.0582,3.3839,-7.9269,3.4914,5.3025,-3.2406,0.0261,7.3587,6.9464,-4.3484,-3.6901,2.0432,1.8949
4.931,-2.9047,3.3012,-8.5879,2.1023,-8.5296,-5.4102,-9.3197,-1.0644,3.134,2.5047,3.8642,-1.3488,-5.3811,1.4177,9.7849,-7.4402,4.2273,1.2949,-6.5413,-9.0981,0.6533,3.1903,-0.3091,-5.7781,2.2614,0.0851,2.5924,6.8224,8.7585,5.1597,3.1038,6.7944,0.913,-5.8183,-9.4002,1.3586,-8.6938,3.8461,-0.74,-5.5497,-7.589,9.6727,5.9981,-8.9084,2.288,8.7127,8.5,-5.8377,1.0075,2.4771,-1.2757,-9.9096,-8.0746,-5.5466,1.9509,5.4489,-1.5778,9.4132,-7.2507,-4.9373,-2.6303,0.0473,-4.9216,8.9804,3.3154,3.9295,-4.3094,-4.4808,-7.7391,-2.2566,6.0732,8.5372,-0.4972,-3.2808,-3.9093,9.3351,4.0643,-5.9317,7.6932,-6.1948,7.8388,4.0568,-7.012,-7.8604,3.5795,-7.2166,-1.8689,-0.4488,-9.1646,3.8697,-0.9702,-1.1041,0.6142,-6.7484,-6.1418,-9.9212,-7.7216,9.5628,-0.9685,7.1446,7.7466,-7.4741,2.3896,-2.2438,-8.4904,9.468,7.4477,-5.4126,5.7944,4.6067,6.3107,2.7161,-5.4941,-4.4669,0.2285,-5.5788,6.5497,6.9438,-4.6008,2.6821,1.1393,4.4793,-4.6322,3.5945,6.0383,-6.212,-4.9544,4.2319,4.7328,-8.0653,-7.5068,7.3386,-4.5207,-1.985,5.3039,9.7732,4.3561,7.785,7.7263,-1.2543,8.5462,4.7473,6.9143,6.5237,-4.7395,-2.7658,-0.4468,-4.8069,-5.1083,1.7318,8.1098,3.2396,7.8167,-2.6047,-3.827,1.2031,1.0295,3.2634,4.5445,-6.8288,-3.7682,-5.8064,1.1539,7.5088,5.9542,-5.2983,-0.586,6.4876,6.2916,-1.0839,-1.802,6.2319,-8.7301,-6.1493,5.5753,0.114,8.7379,-4.4402,8.5166,2.1135,9.0405,7.3972,-2.4736,-5.5847,6.891,-4.3363,7.4449,8.3341,-9.9374,-4.7665,-2.601,-5.0837,-0.2287,-6.1979,3.5256,-0.5408,-4.3536,-6.0167,-6.1753
-9.0365,3.9878,7.5197,2.7433,-9.3959,7.873,-1.7443,1.7648,-0.7737,-5.0869,-2.1186,-8.5386,3.6168,1.0374,-0.2653,9.5943,7.5129,9.0667,1.3806,2.1361,-3.5412,4.1205,4.1468,4.1673,9.6388,4.1601,-6.6138,-0.8556,9.7475,-8.182,6.9859,-5.9379,7.9423,4.9271,-9.3996,-2.6643,7.6744,5.5556,-3.4791,9.7813,2.7187,7.8898,3.1971,7.3036,6.9253,4.2973,-8.8138,-6.8651,0.5838,4.8049,-3.2983,-5.5605,9.8876,5.25,-4.7619,6.7228,5.304,1.415,3.3525,-0.7024,0.1584,-0.3527,-6.5028,-8.1864,-7.231,8.4755,-8.8167,-0.61,5.8214,-2.8233,4.8425,-4.0421,-2.8766,-8.6378,6.7941,-9.0123,-7.8512,-1.344,5.7587,-0.3391,2.1383,3.2536,-7.4332,-7.0644,0.6388,-8.7203,-5.6465,-9.0911,-2.7607,1.3396,2.9791,-5.9509,3.5389,-1.1972,-4.2397,3.7772,-3.8982,-8.2095,0.0215,-1.2074,6.6088,0.4914,-8.8228,1.4097,-6.194,-6.9098,4.763,-2.1154,-6.6591,-7.2583,-3.7238,-6.9275,3.2899,0.4954,7.0183,1.8808,1.2735,7.1101,-8.4754,-6.4587,-3.7514,5.2367,2.3055,-9.1589,-7.8858,0.1471,5.4906,2.2201,-2.0756,-9.0475,-1.8872,9.8148,9.756,-9.2059,-7.2689,4.6007,3.5849,-9.3044,1.5185,4.2866,-3.5433,-7.4306,-5.181,5.5312,1.4807,7.1008,3.8501,7.8049,3.7775,-9.3134,-1.8497,9.6628,7.4757,7.1466,5.3909,-7.4171,9.8512,2.6267,5.8764,5.9951,0.1013,-7.0868,-2.6629,7.0016,5.3349,-0.6592,8.4181,0.396,-5.2201,3.9734,1.6881,-6.0608,-9.3617,9.693,-5.2941,8.6557,-5.4038,-6.3868,-9.2094,-8.8514,6.6574,6.7417,4.4356,1.4007,2.7886,-6.8443,-8.3846,-0.4835,-0.7268,4.4851,-7.7986,-1.3112,-7.3509,6.3877,7.2711,1.3427,-5.1976,-6.6316,-5.1954,-3.6421
-7.2668,-6.5707,-3.3476,-2.7183,-9.388,-0.1966,-2.8464,6.7464,5.1837,7.0095,-1.5551,8.4816,-1.8617,2.7104,5.464,-1.8154,-5.9759,3.0744,-9.7836,-3.246,5.1759,-7.5244,0.0739,-3.2783,5.5387,6.5901,8.2049,4.2048,9.2129,8.5035,-1.2863,-4.249,2.8907,-7.2714,2.6555,4.3318,-3.9969,-4.2527,-9.6832,9.8167,-4.6491,-1.3031,-2.0937,5.2796,1.6044,1.87,7.0764,7.956,5.9209,6.6558,-1.0214,-9.0982,-6.6364,6.8295,-3.7584,-7.1672,-1.719,4.4062,7.6877,6.9757,-6.0743,-8.742,-9.1282,-5.7736,3.6429,8.6249,7.662,2.3652,8.266,-9.7387,-1.3972,-8.4408,-3.5988,6.4407,-2.9242,0.5684,8.0663,5.8059,-7.2267,6.8799,-0.5991,-6.6073,-2.5644,-6.4821,6.2961,2.1464,7.7412,0.0979,-4.684,-0.7262,-2.7364,2.1795,-8.6717,-7.7653,4.972,1.0068,3.4576,-3.3833,7.7556,4.6307,1.3233,-5.0901,4.8956,-6.2684,-3.1432,6.6069,4.9983,-8.6169,-0.0942,-3.3646,7.4258,-8.0351,-6.7951,8.4453,2.862,-9.2935,-6.7828,-8.7738,9.3577,4.1627,2.4968,-1.4043,-6.6425,7.0475,6.7346,-4.3915,-9.9641,9.4188,-7.78,-6.6791,-6.8488,7.0031,-4.1507,-7.5225,-3.4768,7.7361,7.6594,8.3573,0.3248,-1.6572,8.0617,-7.3534,-0.8558,-0.1459,2.5676,2.0173,-5.5178,-4.3186,5.5124,-5.1995,-3.756,9.8154,3.4939,2.7158,-5.766,-4.5133,8.4138,2.1615,3.0268,8.0043,-4.6152,0.7024,1.9334,6.3304,1.1127,-2.4633,7.8037,-4.0818,-7.4194,9.955,-5.7557,4.8931,9.2607,-6.8994,-6.2521,-8.4716,-5.9785,7.207,9.6248,6.9689,2.1634,8.5717,8.6761,-3.2288,0.1191,-8.6715,-7.8655,-1.6095,7.2313,9.6004,3.177,-0.8098,-3.6511,-9.1571,-6.2093,-2.5314,-1.7027,-4.1593,3.0464,-9.0761
4.8378,-1.4812,-0.451,6.1404,3.5043,7.3999,-8.3027,3.8774,-8.9449,-3.0268,-1.7147,-9.8273,5.7357,-1.9244,3.8335,5.6178,-6.5055,1.1604,8.9886,3.3413,-3.3165,3.2429,-4.4174,-1.8459,-4.7842,-7.0307,-8.1709,-8.9754,-3.501,3.8905,9.6116,6.0829,-6.2985,5.4009,-7.2373,3.0954,6.7304,3.4873,9.8103,7.5682,-6.361,8.3053,-4.3982,-8.2496,-5.9223,-6.7278,-9.2211,-6.7067,-6.6821,-4.2074,7.8672,-4.8968,-4.9993,3.6684,-7.1162,-2.8595,8.3911,4.0466,-4.7689,-0.1621,6.3703,-9.8795,6.1976,4.4921,-9.0026,-8.5012,-9.3156,-8.5692,-6.7075,7.786,-2.4361,-6.297,8.7105,8.0782,-4.4205,3.2017,5.6308,0.0239,4.9251,4.9973,-6.5929,7.9482,-7.2639,4.5532,-7.1448,5.3747,-0.0928,7.4597,-2.4474,-5.3054,8.9744,-1.2224,9.373,3.1845,0.2894,-0.7519,7.8617,-9.15,-8.0436,-8.316,1.0253,-3.2124,2.1381,0.5693,-4.9162,4.163,0.4918,-9.6621,-9.3087,-5.2003,2.522,4.5933,-5.7859,4.0117,-6.3899,-9.8688,2.6301,-4.9017,6.5026,7.351,-3.3047,-5.3456,4.4703,2.5956,-5.8851,-1.301,-9.2223,7.9386,1.5911,-1.4164,-1.4937,-2.911,7.0967,4.5603,1.9247,0.7051,-0.3795,-6.5459,-4.425,-4.9604,1.3492,5.7784,-0.2635,0.4174,-1.6051,1.8845,7.146,-9.6288,1.564,1.1487,1.5377,-1.3841,4.9133,3.9781,-5.4916,-6.2287,0.5649,6.0928,-6.6398,3.2667,-5.8127,9.374,3.3201,-0.1772,-6.5479,4.1264,6.9951,7.9851,-4.6418,-7.1705,-5.3234,-1.5827,3.453,-9.1099,7.0083,-5.9945,1.4685,2.1702,1.0287,-0.901,-4.8547,2.4673,1.9461,3.1311,-3.0224,2.4582,5.5066,-9.7995,2.9682,7.7046,3.6723,1.2209,-4.8204,-7.3442,2.781,-3.8492,2.3454,0.378,6.7292,-5.9261
1.56,6.1604,0.5189,-8.7556,1.5549,4.168,3.3209,-3.291,-8.9889,0.1529,6.7823,-1.8988,6.9638,-2.3352,9.3711,-3.4073,-1.4057,-7.0619,1.4934,8.4154,-4.0167,-4.7942,-3.6429,-0.0164,2.9212,1.0567,-2.103,-3.0146,8.1761,2.2479,4.0284,-1.9342,9.0991,-4.9958,5.3268,0.1625,9.9993,-0.5966,5.3332,2.1502,2.9867,7.9343,0.2522,-5.9334,6.0251,6.6125,-8.1662,-9.081,1.7999,-8.7867,-2.0116,-9.3884,-9.2876,5.0679,-4.6855,-3.2514,0.2722,8.723,-6.026,-2.5646,9.5833,2.2714,0.655,-1.9121,0.5982,8.2688,8.9784,-2.3549,-7.2191,3.8568,2.3191,9.1722,-0.3239,9.3361,9.3232,9.6405,-2.5916,2.3398,-6.3791,9.6401,-3.8349,-2.3883,-0.774,-0.4897,4.345,-9.9028,-9.6449,0.0668,-0.508,-3.1712,-9.9337,-9.8583,-0.7413,-5.8869,-9.6722,-9.0158,-3.9682,2.6964,-1.45,-9.9239,-7.0961,-0.2025,-9.5603,1.5105,6.7453,0.2305,6.0388,5.9547,4.6918,-5.7128,1.7022,2.8155,4.438,-9.0227,-2.4696,-8.0959,-6.658,-3.1806,-2.8102,-5.057,-7.7605,-4.2683,-5.7904,1.595,8.538,-4.2158,-8.535,-4.2472,-2.9536,-8.5076,-2.4238,8.2865,-5.129,9.5437,-9.6818,9.9168,1.2782,5.4206,-1.2532,-3.4979,-0.9914,2.1762,-6.6091,-8.7842,8.8221,-8.5791,-0.5126,-3.32,-7.472,9.1825,-9.8439,-7.5339,2.3815,-8.5398,-2.3601,-2.9947,2.488,5.5168,-2.1993,-1.6381,-8.1755,3.6191,1.2538,7.2792,-6.2886,7.5186,-9.9191,2.0315,-3.4813,0.09,8.1521,-6.1174,9.4237,-0.0675,-4.8232,7.5146,-7.8632,-4.1659,7.3757,7.9047,-7.6564,0.3051,6.6667,-3.97,-1.2718,6.9167,5.7446,-2.4327,-3.355,-4.2746,-3.5389,5.2363,0.4336,9.6295,-0.617,-9.1465,0.704,-0.8152,3.7769,7.4129
8.5812,6.6887,-4.8621,4.2899,-1.7244,8.4581,7.4709,-7.1567,1.7367,5.5212,-1.3333,-3.7905,3.6737,-8.0369,1.5952,1.5898,3.404,-5.5342,-6.8499,6.4006,-2.2831,0.8521,-7.4965,4.3282,-8.821,6.9346,-0.5745,5.4454,-7.9435,9.9694,3.0283,-0.0164,-4.4652,-7.062,-0.7626,-7.6878,5.8863,5.6895,-2.2668,-7.781,-5.1062,7.4123,2.1965,-7.9176,-4.7573,-6.032,-8.4018,2.0768,5.284,-1.5946,3.2503,7.1497,2.7131,-1.9239,7.6057,2.8179,-1.2197,-9.3756,5.0757,-5.3128,-5.7402,8.6365,-2.341,7.8594,-7.1845,0.073,0.2853,-4.8332,-3.4163,-3.2584,8.32,1.9061,-7.949,9.5559,-8.5078,4.4757,-2.9286,-9.8092,3.0722,-8.7475,0.3066,0.0621,-9.9545,5.0198,7.9397,1.5871,-0.0741,-4.3146,-9.014,3.9442,6.4151,2.8777,-1.87,5.8032,3.2396,8.7032,9.366,3.9807,-6.5513,-9.4272,-7.3427,5.3045,-5.3577,7.096,0.5701,8.0649,4.0121,0.7564,-3.0187,-3.5084,-6.8246,-7.4808,-4.572,3.125,-6.5344,5.3058,-6.1509,9.6659,0.2593,-9.9184,0.1969,9.6987,0.5152,-9.5512,-9.3674,-3.4719,-1.9272,-3.2592,-3.3693,4.001,-3.6204,-8.7658,-7.8135,6.7869,3.6599,2.8299,-1.1941,6.9142,-2.1211,-4.8121,1.428,0.5388,7.4206,-3.5463,-9.28,6.5439,6.0546,9.6738,8.8597,2.7855,-9.1089,-9.8088,5.9764,-9.0294,-0.813,-6.1148,-4.0905,-3.0577,3.3386,-5.3206,-8.6915,-4.8134,7.0817,-3.4742,9.9181,0.5625,5.814,-0.4148,-1.5865,0.6627,1.9705,7.1717,2.3038,1.2909,4.1965,2.4855,1.6331,9.2727,-5.2317,-1.6519,-5.6795,1.3676,-5.8395,-0.3834,-7.562,-7.3666,-7.8611,-3.865,8.4305,2.3642,-3.7064,4.0972,-4.2597,-3.152,9.2358,6.9314,-3.7374,-0.5681,7.696,-8.4994
-0.1418,4.5555,2.6038,-5.313,-3.3061,-0.8373,-9.5444,8.498,5.5037,-0.0768,-2.3531,-3.902,-3.5918,-2.0701,8.8291,-6.2387,-8.8449,2.2068,-7.6005,3.3417,-3.4468,-0.124,4.6301,-3.4164,-7.6602,-3.6769,9.8953,2.1234,2.3869,-2.3579,6.751,9.3231,-2.5526,-1.6231,8.1944,4.7207,-4.0016,9.1122,3.9705,-8.0042,4.1038,7.7201,-0.8975,8.5482,-6.7973,-9.9973,4.6723,-3.6589,-8.0585,-6.4557,6.373,-2.109,4.2419,-7.2972,-8.9026,-7.4047,6.3518,7.2873,1.9681,6.1498,4.3348,-0.6874,-1.5572,6.9482,1.8539,-7.1709,5.5593,3.3645,5.91,6.8132,2.6202,6.0509,-3.6198,-3.3978,4.8638,4.2213,0.9473,-5.6074,2.4103,4.0702,1.4888,-9.8527,1.0403,0.9798,-1.8083,9.463,1.8782,6.7489,-5.0475,0.8604,-0.6774,9.8236,8.7278,0.4432,8.8025,-7.3002,5.3406,8.8648,-4.9084,9.7241,-7.251,-2.3457,-1.3807,2.9876,4.4557,1.0581,-3.7504,-4.0269,6.391,4.3603,4.4343,-3.7153,-3.459,0.5178,6.0454,-1.9506,-0.8457,-4.3467,-2.1696,-0.1186,-6.9499,3.65,8.8555,8.4144,5.906,-0.0523,-0.815,-3.0088,7.5603,-5.6629,0.7928,4.1895,-8.164,-2.3363,-2.4322,-2.2645,-7.5581,-7.3299,5.182,-0.3096,8.1543,5.5568,-8.5463,-9.5848,-7.689,1.9981,4.305,-3.8904,3.6247,5.8759,1.8238,-7.6373,8.4359,-8.6535,-6.2237,9.6098,9.9009,-0.3763,6.5508,-2.828,9.5488,5.2985,-6.3143,-7.8851,8.9944,8.5646,-3.5921,-9.4121,-1.8257,-2.9044,-9.6858,9.14,-8.914,0.4961,-4.6782,-9.9208,-7.4081,-7.6748,4.6507,9.6394,-2.3202,-8.4617,-5.1043,1.0401,-6.6228,-3.0809,2.3996,8.7558,-5.5468,8.5333,-9.8284,-3.1323,9.1503,9.936,-5.7516,5.1841,6.1541,-4.9452,6.5791,-0.6997
0.5804,-9.7325,-4.3974,-5.2783,9.2787,-0.9853,-2.734,3.2216,2.4336,-7.9122,-3.6965,9.2867,-7.5594,-5.6388,-8.804,-6.402,2.7863,8.1896,6.0295,-8.5947,8.069,0.9597,-6.8841,8.9132,-4.7338,8.5279,-6.5739,4.9988,3.3898,-9.8263,4.3767,9.7788,-6.9257,6.8563,-1.1414,-9.8056,-4.2815,9.6538,-5.6632,8.5864,-8.5974,3.338,-8.6153,5.2719,9.9598,4.2717,-4.3633,-6.1087,2.6758,-1.0101,-3.0629,-0.9693,-0.5403,7.2529,-6.1552,-1.8038,-5.9269,5.3533,-9.9968,-4.2626,6.6261,-8.1474,6.4375,-7.0989,-6.3222,-5.7065,-9.0488,8.1494,5.9399,-8.3898,9.8643,-7.6758,6.9743,-4.5658,4.2357,-9.9399,-3.4434,4.9535,-8.3449,-2.7449,7.1566,-0.7126,-2.2941,8.8464,-8.6304,-3.0902,4.0176,4.966,7.5399,-4.6849,9.0362,-1.0807,6.8648,-7.3287,-5.1301,0.8391,4.7676,-4.9285,-0.5375,-6.2947,4.7234,-4.639,-0.4543,-3.2005,4.2962,9.8246,9.0683,0.6937,2.297,7.3683,-0.1404,6.3663,-9.2758,-8.7153,0.533,-5.1891,-3.078,-1.3067,8.9123,-9.7917,5.2218,7.9131,8.6741,-3.678,7.5411,-0.7302,-0.2653,3.874,-6.117,-7.3198,6.042,-1.5463,-0.705,4.5434,-7.5454,-5.3208,9.8813,4.9539,-3.3707,0.4713,-4.1693,-2.2907,-9.9826,7.3261,-0.4555,2.8192,-0.1742,7.4988,-8.4064,-0.5442,-5.6347,3.4339,-3.4406,2.4498,0.1231,2.2475,8.5825,-3.1798,5.5224,-1.7147,2.0448,4.0439,-5.2233,1.1512,7.9226,-3.9407,7.3036,-4.0809,8.2633,5.2009,0.3129,7.559,3.0163,-3.6242,9.0404,4.0364,-5.4729,0.9378,2.5501,-8.7964,6.34,-1.6764,7.0121,9.7735,-6.1843,-9.1938,7.3566,9.2724,3.5278,-3.5799,-7.0455,9.7715,-1.2577,-9.2836,-4.5682,-9.9242,-7.2533,0.7509,5.5773,-6.2138
-4.714,2.9969,6.9038,5.5638,6.057,5.7546,8.9435,0.9749,8.3715,5.9593,2.7337,5.6684,2.5089,0.392,-8.6329,-7.4885,-4.0988,5.8933,0.0493,9.6554,9.8762,4.8823,9.9736,-6.9189,-8.2252,-3.8264,1.5205,-9.6224,2.0531,4.1836,-7.1548,7.8084,1.8131,7.9057,8.8289,1.803,-0.7134,3.9507,6.0734,-5.867,9.7763,-8.5254,2.3628,9.4319,9.2306,-6.0261,1.2698,-1.4015,-7.0266,-8.3327,-7.8454,-5.1943,-0.4659,-6.6569,2.0094,8.76,-3.5943,0.0005,-6.3821,-5.8409,-6.725,5.2033,-2.3896,-2.2915,-4.4642,-7.5262,0.4043,-1.2097,3.9545,-2.006,0.2307,-9.1745,5.6622,-0.066,3.2559,-6.9125,-9.8461,-2.9569,-0.6791,-1.1183,9.2366,2.1157,-9.3238,6.3618,-2.9705,-3.4694,-7.7432,-2.069,0.9576,-6.4417,-8.9908,5.5725,-7.517,6.5024,-3.6911,-5.8326,8.6059,-4.3917,9.8399,5.8379,9.9678,5.0946,-1.4898,-8.6384,2.3438,-7.9842,0.9126,-8.7221,4.7589,-8.4463,-2.0837,2.999,-4.1047,-4.8485,3.4331,7.5487,-8.4133,-9.1167,1.3395,-1.6239,6.9702,4.3155,4.3407,-1.1479,8.7838,5.5834,-3.7289,4.287,3.0261,-6.4052,5.3578,5.7462,9.3786,-3.2648,1.923,-5.0126,-5.7487,-3.7117,-2.1663,2.2383,8.9183,-9.2245,-7.0965,-2.596,-7.7638,-1.244,1.657,2.6913,-3.2824,4.8749,9.2124,9.5532,-9.2378,-8.2971,3.9565,-9.702,-4.1741,3.4815,1.291,6.1544,2.6994,1.6232,8.0212,-8.9795,-1.4953,4.3339,2.1924,-0.0681,-0.7445,-2.2553,-5.9501,3.9678,-9.2547,5.5617,-8.7639,8.5171,6.9846,1.6947,-9.2691,1.4075,6.4455,7.2564,2.1004,9.1048,-1.3388,-2.537,6.5719,-9.1835,1.1375,3.5529,0.9426,7.1268,0.1147,-7.3364,-0.4309,5.2901,5.0141,-7.3965,-6.192,8.0253
-7.0261,-2.5322,-3.2723,-7.5175,-0.9134,-5.9569,-4.2232,3.0091,-9.7837,-2.185,3.54,-3.954,2.3061,8.0942,2.9423,9.8422,1.1114,8.4506,1.3101,-3.3419,2.3026,3.3937,6.5799,8.303,2.2039,-5.7253,2.3,2.7474,5.8076,7.3984,6.284,-3.0747,6.2097,-2.8689,3.4856,9.2314,-7.0347,-1.0653,-6.4757,-5.9862,0.3768,4.5242,-4.1014,-4.9378,-1.0602,3.9894,0.3436,8.5478,8.2322,0.4461,-3.7504,-7.1859,1.6432,7.7542,-1.0835,-5.1231,-6.2582,2.6691,-2.6319,-3.6259,8.9137,3.9024,-3.3946,-6.3228,6.9659,3.1693,6.136,8.0919,8.9036,-0.2614,-2.9784,-5.4522,2.5925,-7.6241,-1.7827,1.5556,9.9127,-8.3612,2.0516,-7.1571,6.7617,5.7113,-3.8578,-4.4885,8.159,-3.7698,1.5354,1.5648,0.9373,-8.4188,-8.0963,-4.387,3.8882,-7.1941,-7.2831,4.5627,1.7662,7.6338,-3.9913,-5.0229,-9.0023,7.1599,2.1462,-1.3709,5.9431,-7.7617,4.2478,-1.0244,-1.3722,-2.5087,6.1433,9.5877,8.0257,0.5495,-1.8023,-0.7605,1.5826,-1.3449,-9.2569,6.867,-7.6379,7.4553,1.1787,9.6027,-5.6687,6.1261,6.1577,8.2554,4.0531,9.5329,-0.403,-6.4555,-9.3272,5.4368,-2.4883,5.2553,7.0688,-9.8448,-6.6928,-3.9022,-7.475,-3.4655,1.5135,1.9007,-3.9279,-0.0879,-5.8896,7.7278,7.4507,-4.3142,-3.1711,-4.6891,-6.9583,-8.6123,-8.3686,0.071,1.3072,-3.8718,-1.5116,-2.0751,3.8142,-2.1977,0.7922,6.5003,-6.5031,-6.7678,2.5669,4.9712,-4.1479,2.4109,0.8162,-9.0277,5.9583,1.367,0.1673,2.8426,6.1244,4.2994,2.3294,-4.0872,-2.732,-9.7768,6.5354,5.103,-3.9087,-0.6073,-9.7682,7.3678,4.4352,2.3757,5.1129,2.5267,-9.7833,0.8178,7.3359,-6.1572,7.8912,4.1279,5.7071,-7.3682
5.2794,-7.9209,-9.4879,-5.454,2.6712,-0.0617,-9.2093,0.087,8.0557,5.7942,-4.4267,-4.1944,4.6631,7.5658,-1.9649,-3.3396,8.8547,-0.5155,9.6869,3.4622,-1.8627,5.0462,-4.0427,6.7921,-3.5366,2.0956,-9.2551,8.2692,-9.6035,-9.9506,-7.8201,-7.9528,-7.195,-5.7473,-3.6528,-4.0042,0.9169,3.4133,3.5887,5.496,4.558,-6.8146,0.3429,-6.5458,-1.4475,1.531,3.7056,-9.9848,-6.9044,-4.5548,-4.194,-2.4616,-2.5041,-4.7137,8.2836,-8.9416,-3.0032,-9.2602,8.6558,-2.6301,4.4967,-3.6209,5.7027,-2.5554,1.2707,-3.0688,-5.1576,-0.6806,-4.2231,-6.1453,6.344,-5.6552,5.9963,-1.9698,5.089,1.1089,6.1961,-4.2938,2.1351,-5.3779,7.1548,-7.0278,-0.1603,-1.6578,-8.9811,1.0512,-1.1442,-7.1402,-5.3502,-2.7375,0.8468,-0.2647,-0.421,-3.0436,0.9517,-4.2735,7.0447,2.1708,4.074,2.6353,-1.1736,7.54,8.4155,-9.5677,-3.3192,6.0126,0.9572,3.6302,-1.5269,-9.7433,2.638,-8.5692,-4.169,2.1744,-3.1996,-9.7468,5.032,-5.2087,-2.2442,3.2742,6.4467,0.7947,-7.3124,-2.4734,8.636,-8.2859,7.1863,6.0947,0.7483,-1.9861,-8.9833,2.929,-2.8468,-9.105,-6.6785,-1.1014,6.4804,-4.4136,-0.026,-3.3905,1.8423,2.4516,-9.8606,7.1976,-1.3574,5.5525,1.57,-8.6459,-1.7051,4.7115,-5.8415,-4.1463,-9.5936,-5.5885,1.3422,2.1557,-1.7848,-0.5814,-3.8061,9.5419,-6.1531,2.7376,8.7026,-9.5378,7.5519,3.9704,0.4632,-8.8413,0.3402,-8.5504,-3.3035,5.419,-1.1406,6.6544,-2.3402,-3.4573,-5.7087,5.8048,-8.8947,-2.2562,6.4596,7.1702,-4.1115,6.8589,-7.4612,5.8094,6.1423,0.0167,8.1417,8.087,4.2534,3.7016,-8.4965,0.4353,3.3746,7.7768,4.1291,-4.4979,3.565,-1.8912
-9.1514,1.8285,-2.4524,6.0779,3.0363,-6.8148,8.5918,-2.3354,3.5875,3.9417,5.6846,5.09,1.1962,-4.3812,-5.2159,4.821,7.7618,3.7405,-3.047,-7.6674,7.3854,-5.1471,-8.6826,1.4309,2.6199,2.5142,3.7924,-6.3008,-2.9871,8.3491,-3.9046,2.3477,8.4608,-7.9691,4.7395,7.4489,0.6071,2.9492,2.6978,1.7643,1.1793,2.3902,-5.4268,8.9615,2.2246,4.7217,0.6489,-0.9008,-0.765,5.834,9.5605,2.0931,0.8165,9.2462,-0.688,8.6816,-3.6589,7.3803,-2.9954,3.3718,-7.5227,1.4184,0.6551,5.9086,5.0639,-1.674,-8.8221,-0.851,-8.9303,-7.7121,-9.613,6.1278,2.459,-1.7426,-8.752,-6.0394,6.2861,7.9471,-5.8424,5.8783,5.1231,-6.8631,1.9773,6.0565,-4.031,-6.3561,-8.1661,-3.1666,-8.8343,-4.7732,-2.7666,-1.4477,-7.3681,9.9741,0.4654,3.5913,0.6349,-0.5039,4.651,-0.2892,-7.3691,-1.6924,-4.8619,-9.0389,-8.6545,-8.7789,-4.7595,3.7554,-0.3578,2.4534,3.3543,9.2645,-4.4127,7.2095,4.181,8.9936,3.1466,9.1976,4.9655,0.2561,-8.7266,7.6668,2.4869,-9.5449,-9.5,-5.5723,-1.9553,3.7462,-4.8836,8.9748,0.3862,-5.4951,3.0679,6.0603,-3.3953,-6.4257,-9.6361,9.2612,-1.1979,5.8603,-8.9289,7.7084,-7.6729,7.6715,0.3178,-5.7979,9.9647,-4.2624,-6.1649,7.4633,9.8633,-7.3531,-4.0651,-1.4508,-6.3449,7.5281,2.6209,8.0029,9.2747,5.846,0.0079,-5.6963,-7.2149,4.761,-8.7408,-2.9875,-5.2077,-9.1743,-7.0468,-0.4616,0.8288,-9.6748,-7.1249,-7.5551,7.7904,8.7901,-1.4843,2.1183,6.856,9.7141,-2.706,1.168,1.5094,-5.496,5.1596,-5.2998,7.5316,-7.5171,-1.8297,7.2387,-1.6053,-4.1075,1.2541,7.9517,1.4619,-0.4462,-6.2161,6.0953,3.3928,-9.2372
-7.6243,0.6254,-7.0276,9.7494,-1.2777,-5.9123,6.4075,-8.4913,-5.2496,-6.3527,8.8529,-4.3897,2.3666,-4.0924,-7.515,-9.6805,1.5512,3.7133,1.6997,-8.8957,-4.5207,9.7578,0.0067,-0.2803,9.075,4.454,9.9274,-6.976,4.4072,1.5813,2.6021,4.8958,5.2955,-9.9245,2.2484,3.103,-5.4956,-0.1936,-3.2814,-6.9457,0.759,-2.8647,9.6209,-3.0208,-0.5629,2.2135,5.9051,-8.7789,-6.2132,1.8363,-4.7182,6.7257,1.0491,-6.4163,-7.132,-9.0427,-7.593,3.0618,0.8329,-5.8293,-7.3236,-4.6492,1.5855,-2.6248,3.4466,-7.781,7.1179,-1.8124,1.9461,5.0131,6.4785,-3.8707,-9.8693,4.0739,-1.188,-6.2886,8.0198,-2.1574,5.5558,8.5971,4.1505,-5.0711,-2.4718,-3.401,1.4727,6.6123,5.5539,0.5743,-2.7813,-0.8103,5.8887,9.142,-9.0543,7.9577,-2.5529,-9.8068,-0.9864,2.4947,-4.0161,-8.0484,8.0705,-6.9918,-8.6882,-8.8241,7.0942,-8.6472,0.1451,6.3007,8.7548,-4.3457,-8.2642,-5.6468,9.7309,-4.7087,7.3505,3.9528,-3.0033,2.5669,-7.7708,4.2327,3.0136,6.0728,-8.8338,9.9281,-5.8763,5.4642,-1.5736,-1.6026,-6.264,-4.2982,-1.1861,-5.94,-0.4161,-2.7295,8.2736,8.8237,3.6504,-6.3169,-6.9553,-1.1572,3.7817,-5.0676,-0.1178,-6.6296,-4.3166,-0.826,-5.0417,7.7256,2.0191,4.4938,1.4728,-4.276,-6.9176,6.3429,4.9416,-1.7339,-0.3892,8.8252,5.4624,-5.9104,-5.2172,-1.0286,0.7631,3.0489,0.3811,-1.6659,-5.4741,9.5393,-7.7736,-8.6467,-5.384,-9.6641,8.0442,8.0667,9.5519,3.9762,-9.761,-5.2788,-9.7396,4.6141,3.1432,8.4024,-5.6025,-6.1758,7.9658,5.2622,5.9528,-5.9332,1.2756,-8.4089,-4.0721,-2.2367,-6.6971,-8.4272,4.1343,-1.1872,-0.9403,-3.3803,9.5219,2.9178
-8.7494,0.4283,-9.6872,3.6906,7.6174,-3.5156,4.4106,-6.1712,4.9762,-4.1384,4.1991,5.5156,6.7872,6.7691,-7.1906,7.7547,-9.5561,7.2539,-9.7151,-4.7046,3.6426,-1.6188,-9.3612,8.2728,-2.5218,-7.3255,3.1639,-8.2591,8.8416,-5.1012,-7.1643,-3.4887,5.5183,8.4313,8.3692,-5.9237,-8.5023,-0.232,-9.9063,2.0525,-3.7724,-0.9132,9.7589,-3.4182,2.6521,1.2053,2.097,6.4024,9.9214,5.8907,8.2446,8.228,8.7156,-0.2708,8.114,2.6542,-8.1041,1.0832,5.7148,-1.7144,2.5241,7.3228,-3.486,6.8657,-8.3894,-7.3316,8.6476,-2.0114,4.1503,-9.9406,9.7878,-6.1102,-9.7011,3.4782,9.0687,9.7714,-1.3601,-7.643,5.1893,0.3055,-1.2204,-6.1858,-3.3897,7.0289,7.6811,4.8988,-1.2227,9.3042,-9.8258,-8.0966,-6.3784,-4.4378,1.6231,0.7703,7.61,-4.8123,3.1591,5.4668,-3.5141,4.9586,4.0102,0.523,2.6484,4.2742,-1.614,-5.8521,-1.7821,-2.4208,-6.9805,-2.4984,9.9842,-1.2605,8.8411,8.2601,1.4698,6.5689,1.8503,4.0305,1.898,-8.9715,3.6008,1.4806,2.8079,-3.6788,-0.0811,3.8975,-4.5123,-7.3228,4.709,-8.6827,-8.3339,8.0812,3.8563,-2.1923,-2.5363,1.3838,0.1506,-5.1733,-5.5504,-3.5879,3.4771,-9.2536,1.5305,-8.1775,-7.8388,0.6169,-1.7205,7.926,2.7789,-6.8092,-4.2341,-1.8906,-6.4737,6.3451,-9.7678,8.394,6.3355,0.7327,0.5241,-7.4917,0.3314,1.52,-9.8569,7.238,-0.6323,-8.6751,7.9623,-5.3482,4.0095,2.3731,-5.444,6.5757,9.1355,5.4359,5.1549,-5.8008,-9.0114,-6.2505,-0.3744,-8.2908,-6.4027,-3.261,-1.4344,3.3073,-0.2372,9.59,6.1768,-9.3229,-0.554,-4.3385,-5.7947,-1.2017,-6.143,1.645,-1.6773,8.2835,0.1801,-3.9932,8.4869,-4.1723
4.6162,-4.2935,-8.9349,-6.7104,6.7354,-5.5725,-7.0376,-7.5583,7.8474,-5.8011,-4.0083,7.6494,-8.16,6.7984,2.8786,-0.3792,-3.0467,4.6674,8.2139,-7.573,1.1719,6.9932,-4.9628,4.4704,7.4108,5.4662,-4.848,6.8481,7.0437,6.1612,-5.0689,6.1885,5.6743,4.5679,-1.5306,-0.961,-7.7389,4.1359,3.7404,9.8899,-7.1566,9.6595,-0.1829,-9.7551,-7.4489,8.5521,-1.9692,5.1665,6.6343,4.2437,7.7559,7.372,7.4871,6.8785,-9.7623,-6.9549,0.2611,7.808,1.6119,-3.1051,5.1375,8.926,6.6351,-9.9652,0.9599,7.8015,-9.33,7.0553,8.4174,2.6211,3.1539,-0.986,8.5093,-3.2435,3.7519,-2.0484,3.5603,-3.7639,-9.6219,-5.1065,5.2462,-7.3634,4.7208,4.8257,-0.4795,-2.9342,1.8073,1.9253,-6.9448,-4.4606,-7.8703,2.1757,-7.7495,2.6599,-4.4679,-6.6171,-3.2005,-6.2896,2.1872,-8.5658,-8.0129,-7.2719,-3.246,8.3599,8.4258,0.9485,9.5864,-7.3629,-4.7694,-5.5013,5.4026,-2.4035,-6.118,-0.6171,-7.0616,4.0917,0.5115,5.6714,9.5907,-2.6993,9.7877,-3.6244,0.5502,8.6672,0.8959,3.9962,-8.0862,7.0175,-7.0499,5.5698,-7.3071,3.6714,-5.3334,3.9236,-9.5687,-0.6782,-0.8572,-6.7407,-6.6791,-3.8581,5.269,6.8535,1.1143,5.0804,-6.6357,5.9523,6.0979,-3.096,9.9969,-5.9112,1.7628,1.383,-1.9064,5.7142,4.4691,-2.6427,-2.6339,8.1998,-8.0364,2.4508,-2.0245,-5.7504,-6.9004,6.2094,-9.0689,6.1559,8.604,0.9981,7.3709,7.9213,3.8573,4.9065,-5.3999,-7.8772,3.834,7.0654,-2.6927,4.5011,-2.8411,-7.5355,2.3154,8.0598,4.1631,-2.2819,-2.3994,7.0955,-9.7886,-6.6188,-5.5913,-7.4429,8.9335,1.8243,-2.7873,-5.6623,-3.7534,-7.5349,8.7492,-3.3498,0.4485,3.2398
0.5037,7.9363,2.0876,-3.1689,-8.6906,6.4415,-4.8835,4.2563,-2.971,5.575,0.5841,-5.3862,-8.6434,-3.2035,6.9423,1.6246,6.5403,-6.703,3.8659,0.2575,-0.6939,0.5214,-9.6208,-0.2113,5.0397,-3.5487,-1.43,-3.3656,-9.6756,-6.2565,4.1248,-8.0445,9.09,-0.2183,2.3555,5.5446,2.4904,6.3925,-5.7319,6.2675,0.5663,-0.9913,8.3004,5.1671,8.4697,-2.6666,-8.4262,4.4575,3.225,-6.1877,-1.5944,1.8629,-8.8549,-6.46,6.9232,0.7257,6.3822,-6.3293,9.7719,3.6633,9.5723,-2.065,-1.0657,9.4198,0.7222,-7.9212,9.9055,9.4785,-3.7187,-0.5345,0.1232,3.5644,-2.7943,9.9821,-7.4729,5.4855,1.3338,2.0416,9.243,-8.896,2.5298,1.7677,-1.6725,6.6829,9.6692,7.8722,0.098,-7.3306,8.1765,0.2324,-9.5045,8.9716,-2.4925,3.8093,7.2434,-1.0798,-1.1537,-3.6612,8.5038,-5.8979,-1.5973,-2.8891,-2.496,2.3671,8.7801,-0.0829,2.1497,7.027,-8.1846,1.6442,1.7151,4.2715,9.3601,1.3746,-7.0468,7.8956,-7.8221,-6.4311,-0.6989,-0.3569,-7.4501,8.0703,2.8138,1.1595,-3.6767,-8.5293,6.3711,-4.9234,-4.8158,-8.5457,6.9262,-6.3366,3.2447,-2.1333,1.4097,3.5567,-2.0734,-7.9364,-0.8088,7.3358,-4.1428,-0.6843,-5.2536,-0.3771,-4.0042,-1.7224,-6.9837,-4.5393,-2.1759,0.6264,8.4591,-1.9218,0.8031,-0.6764,8.6521,8.5325,2.882,-9.263,0.8948,6.3874,-8.6163,-9.3417,-0.9024,4.5061,-7.2925,-1.0742,-1.5977,-6.1689,-2.349,5.5636,-6.7132,-3.6171,6.4801,-7.2695,3.6924,0.1581,5.9529,9.4957,6.5521,-8.2834,-4.9738,-3.1149,6.3549,-3.1377,-0.7873,0.0277,7.1153,-0.021,5.7769,3.1046,8.0155,-5.0768,6.1192,-1.5185,-6.192,-3.4682,7.5679,-6.1241,-4.5657,-0.3456
-9.1111,6.0451,-2.5128,-4.5726,-3.4557,-5.7134,-8.5529,5.4653,-8.8231,4.5439,3.4944,-5.769,0.5897,-0.5275,-7.7291,-4.2286,4.5892,-4.8337,4.3211,9.5506,-3.4325,2.6021,-2.303,-9.0193,0.4915,5.818,-4.4961,-6.8,-7.8685,-0.2368,6.9633,-9.9181,-4.4949,-8.9619,0.5518,7.4488,-9.8832,0.7643,-0.4109,-4.7736,9.8679,-3.369,-6.8616,4.5907,4.8383,-4.246,-7.7807,-4.5635,-9.6017,4.8038,-3.128,8.972,-5.9596,-3.7995,-2.8877,-1.7882,1.8899,-8.3457,5.1515,-6.0793,-5.4203,-8.0697,-7.1371,-2.8979,-7.2075,6.5432,-8.5071,-4.0481,7.8363,9.0086,-7.7572,-8.1677,-5.3208,2.8173,-3.4283,-1.2595,8.0455,-8.5896,-0.1068,-0.3439,-6.6005,-6.1498,-2.8594,-9.0568,-4.7074,-9.6304,-4.8562,3.1946,4.2455,-2.7817,0.7055,-5.2172,4.1099,-9.512,-0.044,8.3185,0.7787,9.334,-5.3429,-2.7225,6.7562,3.8325,1.4774,4.3447,9.2275,-8.6644,-5.762,0.7223,-4.9943,4.2265,8.9677,4.5327,-7.3413,2.5548,6.1168,-6.0679,6.394,-0.5792,-8.8568,3.7246,-6.3744,-2.0222,-3.2712,-9.8347,-9.1682,-8.4898,6.6648,6.8842,-8.01,-3.4366,-7.4794,-4.1552,2.5477,-9.0936,0.3308,-6.8388,2.2504,5.6907,-5.7853,6.2708,-5.7718,2.4814,8.0757,7.2895,-8.5772,6.4935,-8.6038,0.6231,-3.4665,5.6837,1.5952,-6.2441,-9.9232,-0.8658,-6.714,-3.2507,-8.0258,9.0646,-7.5208,5.4992,0.247,9.0506,1.3417,2.6405,2.3214,-7.6993,-8.4987,5.3738,3.3919,5.2648,8.6106,-7.7493,-8.8893,-2.0373,-3.1516,-6.9015,-1.042,-2.4297,-4.6691,-2.4413,3.8417,3.5387,9.1246,-7.6817,7.9896,5.7101,6.3607,-2.7854,-2.883,4.0369,2.1861,-3.3857,-2.9354,1.6884,9.1495,-3.4361,8.7113,-0.6569,-3.6138,-7.4633
0.0027,6.7064,-8.0904,4.5705,3.392,3.95,9.28,-1.7049,-4.3102,-4.4231,-2.596,-9.9593,-0.3335,-3.0256,5.7242,7.1562,-8.1854,2.9752,-2.0173,-9.0991,8.1512,-3.8651,-7.8623,5.4565,-6.1323,-4.7096,4.2951,-1.4557,-3.1074,-8.8805,6.2391,-8.5267,-3.1305,-8.3036,6.54,7.6751,-8.5682,0.3067,-3.2258,5.3088,7.8468,2.9106,-4.2336,-1.1648,4.9635,1.6333,6.1157,-9.0228,8.0286,-7.71,-4.1106,4.3604,5.6646,-0.2067,1.7894,-7.4339,-9.117,5.7906,6.0573,5.5851,3.4329,3.3719,-5.3869,-0.7372,8.8476,-6.7952,-3.7157,-5.1367,8.6709,5.6137,8.0773,-0.7056,-5.5444,5.5038,4.4981,5.0039,-9.4945,-7.2095,-5.3151,8.7252,-7.2956,8.1834,1.7882,0.7924,9.3497,-0.1461,5.8261,6.1298,5.4194,5.9846,-8.4008,-1.0276,-8.4675,-2.4134,-4.1782,2.0899,5.2747,-4.3845,8.3429,7.5055,-9.2607,0.9753,-6.12,-8.8932,-3.9015,-4.3928,-8.0986,-2.3793,1.5738,-0.6873,-3.7989,2.2601,2.9202,0.8559,-1.1871,9.0435,2.4892,9.609,-3.7386,9.3436,-0.7042,1.4815,1.9684,-1.1522,-4.2697,-9.3891,6.4372,-3.0633,-6.07,1.1248,8.0695,-8.4099,-1.1322,5.2063,7.0204,-1.6687,3.8732,7.7156,-6.7245,-9.8365,-9.4584,-3.8854,-0.117,-9.3806,2.8507,-9.6811,6.9384,-1.2375,9.6561,-5.4952,3.5154,-8.8869,0.9472,5.1302,9.7812,0.4551,-7.0813,9.8938,-2.8781,2.6873,8.8549,-3.6127,9.7642,0.2103,6.6793,-1.8306,-4.8634,-6.7513,-3.7187,-0.7733,-0.913,-7.9175,-1.6696,4.4327,3.0597,1.0532,7.3629,2.0565,8.6535,-8.1817,5.4013,-1.7458,7.2213,-5.9492,9.1571,-3.9769,-9.5045,-2.4151,-9.302,2.0683,-5.8093,4.0592,3.4585,4.2185,-8.7261,-2.371,1.5305,-9.0077,-0.258,7.8476
2.1342,-5.0222,-4.8384,-7.3407,3.5066,1.2781,-9.1075,-1.3784,-9.116,-0.3623,6.252,-5.6271,3.7144,6.5293,-7.3741,-4.9165,8.6969,-1.5663,-2.2474,-6.6495,9.0643,7.4457,9.3376,3.3096,3.9972,-1.7862,5.8333,-7.9729,-8.6526,-7.0846,-8.8186,-5.6942,2.6199,-6.2251,-5.6255,9.625,6.2676,-0.1078,5.9536,-6.9597,5.0605,-9.835,-2.6258,-4.0233,-7.7237,-0.0521,6.1604,-3.4409,1.4413,-7.3866,-2.5787,-5.7703,-0.6645,3.0541,3.1993,2.342,-0.2031,3.5544,3.2217,3.4001,4.3267,-4.6443,6.2668,0.6444,-3.8087,-9.5777,6.6962,3.443,-9.5289,-7.6153,-6.1679,-4.2185,-2.0599,4.3301,7.6912,-8.029,-6.6095,-4.9258,2.9456,-6.6011,9.9519,-9.7671,-1.5917,-1.783,-2.8423,4.4604,1.0212,-0.0886,-9.9584,3.9351,-7.5181,0.0429,-8.7653,5.6433,7.0865,-4.5276,8.9065,-0.696,-0.0809,-4.0925,-2.544,1.3129,2.4995,6.0999,0.7895,6.5506,6.8999,-8.9706,2.7419,-3.6655,9.6526,-0.8247,-4.3652,3.3994,5.8064,-6.3625,-7.156,-1.0042,9.7108,7.6859,9.9221,-3.8456,-5.3994,-9.9421,9.4555,4.6624,9.8379,-8.2678,-3.2902,-5.5086,0.6929,-9.996,1.7844,6.0836,6.5492,-6.4543,5.4514,9.1812,-1.808,6.0148,-2.6757,-1.6014,-5.0233,7.9047,-6.5076,4.4215,9.7046,2.3946,-2.7769,6.1476,0.2919,8.1975,-8.4714,-2.8535,9.4786,8.4238,2.4841,0.9677,3.3819,0.5858,-6.6216,-3.1874,9.7444,-7.3745,9.0297,9.273,-7.3227,9.5286,4.8706,-3.3018,-0.8437,-7.4216,4.382,-6.7886,1.3548,-3.4492,5.2485,4.3613,-8.5516,-1.6158,8.1973,-2.1327,1.1398,2.4507,-2.5966,5.8184,6.513,-3.2296,5.5729,-8.1644,0.4696,2.6536,-7.5464,3.1382,7.0195,3.7447,2.6615,-1.8669,-4.17,7.1562
7.2268,-8.9988,1.3889,8.056,-8.6859,8.0429,-9.9202,-5.2541,-4.2903,9.4057,-1.4297,-7.4094,-9.6072,-4.3401,9.3606,5.4589,4.5719,0.4448,6.4435,6.7611,9.6948,-8.6979,2.1978,-1.8953,7.7437,-1.5278,4.9468,9.3807,4.2863,3.1497,3.0983,-5.3798,9.1126,-0.3795,2.3682,-2.5801,3.7066,-4.7972,8.669,-2.6764,9.608,-7.2497,-1.4501,8.2264,-6.8083,-6.5538,8.9937,-8.9983,6.0025,5.8623,6.6329,-4.2905,-7.8735,-7.9593,6.1032,1.1543,-7.0998,6.1134,-7.4972,5.7259,-5.34,2.5058,5.4876,-5.1184,-6.7579,-1.9401,-7.9955,-8.6729,-4.9682,6.3784,-5.6699,3.4734,-9.8026,-7.9646,-6.834,4.147,-6.6966,6.0462,-1.3293,0.7619,-5.1152,5.0822,9.8592,-4.6066,5.3185,-4.2669,4.8662,7.0519,6.2545,0.9929,3.1403,-5.9063,-0.6934,-3.5542,6.1513,6.9298,2.9031,-3.2304,-3.8775,-0.8152,6.79,8.4581,0.2858,-2.9147,-6.0083,7.4598,0.3012,-6.9267,-2.8346,-6.5229,-6.8612,8.1469,0.2997,-8.8928,3.4832,-5.9469,3.2619,9.7881,6.2509,-6.5661,7.3765,2.8655,8.7518,1.2668,-4.5611,5.3777,7.3261,2.4544,4.9787,2.5428,1.9343,7.1985,-5.9056,4.3138,-5.7472,5.8878,9.8792,5.2839,7.4292,8.3395,-3.7825,2.5924,7.5395,-2.0491,1.8479,-0.7486,1.0695,6.1805,-2.1809,0.7148,0.3272,-9.1354,9.4903,6.0848,0.6111,-1.6862,-8.4804,8.0469,-8.771,6.2393,1.5503,-8.4347,6.5966,-9.592,9.6148,-7.3965,-3.1283,-3.55,-9.6281,3.9795,3.7592,7.2546,-0.1335,6.6036,-5.1624,-5.5027,9.1508,-0.1435,9.7955,0.383,8.0923,-6.5679,-5.6599,-5.6405,-7.5367,1.7584,8.4206,1.0312,-0.9227,6.9551,-0.8618,-4.3822,-4.1729,-4.3788,8.4991,-3.4003,-5.4615,-7.1651,3.7886,-9.3519
8.4194,0.7822,-3.1668,1.7628,8.8889,-4.0962,-2.345,-0.9941,5.547,-3.8171,-1.687,0.6729,0.0979,6.3421,-3.9876,-8.6677,-5.359,-0.9089,5.7774,-8.4045,5.3067,-2.6899,1.8752,-6.451,-1.874,3.7682,2.0052,-2.2195,-1.8483,1.5681,-9.8935,-5.5277,7.9038,7.9553,-9.0706,7.5613,3.6672,2.0761,6.384,4.789,0.5414,-0.1438,2.4392,-2.9952,-8.7677,-2.3781,-9.4151,-8.3672,8.737,-4.638,-8.7393,9.7481,-8.1591,-1.3851,4.6216,2.8896,4.3214,-0.9453,-1.9852,7.8467,2.5349,4.8238,-8.0304,5.025,6.597,1.0579,-6.4968,8.4561,4.674,3.1875,6.0772,4.3536,-1.1325,-1.3003,-0.5953,-9.3227,-3.4546,-0.9409,4.1863,-5.8209,-0.3498,-6.197,-0.7917,-8.8192,-9.8352,5.1074,-0.8879,8.5849,5.1152,0.9654,-3.4946,-6.6253,4.4981,5.1924,9.4578,4.0026,-5.8761,-9.5536,3.958,3.7763,9.7586,0.04,-2.8026,9.1441,-3.956,7.2615,-9.755,-6.3893,0.3493,-7.5693,4.3246,-7.6088,-1.5437,7.4684,9.9748,-0.7065,-2.9292,-2.7367,-2.8983,9.6937,3.7158,0.5387,3.1301,-3.2522,-5.0022,3.3517,5.7967,-9.6829,-8.1415,-1.3544,-2.9383,-8.902,-4.5408,-8.7112,8.0925,3.614,1.3408,-3.937,9.9885,9.0157,2.7787,8.1468,-2.4877,-5.3145,-6.0441,9.0602,9.3794,-1.4523,8.877,-0.128,-0.7656,6.7735,-8.658,0.5965,-8.2573,5.6515,-7.1281,-6.1138,7.8353,3.9857,-4.9607,4.6481,8.1566,6.6082,0.2068,-6.4265,-5.0889,7.1202,7.5973,0.7444,-4.0654,-3.9426,-7.4142,2.6065,-1.9739,3.9226,7.1547,4.0031,1.9371,9.4224,4.6178,-1.8816,-7.762,6.3567,0.3844,2.4374,-5.6702,7.2318,-2.5016,-2.3441,1.3516,1.7382,-0.2423,0.6633,-1.1749,9.8959,-3.9889,2.586,-1.5425,3.6464
-7.7294,-2.7437,-4.7573,-4.6141,-2.8132,-3.3651,9.1485,8.3567,-4.6828,9.1966,0.6474,8.4181,-9.5744,-1.2297,0.9239,-7.0853,0.0664,-0.6651,3.6252,9.4238,7.9744,3.1314,7.5711,5.6211,1.4691,-6.2779,0.8625,-5.2463,7.1442,2.7364,7.7766,8.1689,0.3292,9.8292,5.5,-2.921,-3.7181,-8.1301,-4.1849,8.151,-6.2516,-6.1362,4.504,-2.4067,-2.232,-1.2325,-0.1719,-9.723,-0.0172,-2.9112,2.8998,9.2126,0.4415,8.5223,7.6365,-7.0376,-4.4555,-8.4614,4.2097,4.1207,4.8008,3.3247,-9.8696,-9.0334,-5.3809,-4.9883,-4.1247,-4.033,-9.5931,-6.5164,4.6212,6.9853,-6.5576,-3.5052,-2.271,-7.8941,7.7296,-4.8705,-6.7938,5.3177,1.759,-9.2813,-9.5417,1.2458,5.582,-3.0396,7.0439,8.5743,-8.1575,-5.7584,-6.1421,3.9627,4.8384,0.5617,-6.1824,8.5145,3.1094,5.9099,5.0716,-8.4484,-5.4523,0.111,9.7913,-5.8252,-4.5961,6.7985,7.3078,-5.7392,-2.1021,1.7467,-4.48,-0.5442,-6.5083,5.9902,-4.7537,3.2322,-1.974,-6.703,9.1098,-7.9026,-5.662,3.8784,-6.4657,9.8679,-7.9722,-7.3892,-6.1661,7.7548,0.2432,3.8969,6.3739,-7.0521,6.712,9.6609,0.3313,-1.3785,5.1638,9.6686,-1.1268,7.4334,-1.7611,-7.3166,8.5001,-5.0374,-0.2173,-8.1716,3.1476,5.6013,-1.9757,8.9636,-7.7536,-8.7971,-2.5264,-2.6066,-7.8825,6.0496,-8.3107,-2.3782,9.2181,2.4608,-4.0196,5.5112,-4.5432,2.495,5.0551,-4.81,4.9187,8.3476,5.6789,2.2502,-2.4241,7.8117,-2.4001,-5.2053,-2.7568,-9.4422,7.0068,-8.62,6.3775,7.7747,4.2609,-6.1655,-7.3512,-6.0123,9.4285,-6.7871,2.4991,-5.4328,-3.0906,-6.5925,-6.1621,2.5659,4.0154,3.7261,7.0207,-4.3121,3.9789,-7.1649,7.0775,4.8849
-2.3805,-1.6669,-8.8412,8.9871,-1.8726,6.5075,-7.8572,1.2445,-7.7887,-0.2288,5.8576,6.9223,-5.0931,-0.7372,-6.8672,7.8304,-0.2417,-2.3362,7.8348,-0.8693,-5.4927,-6.394,-0.8694,-7.1807,3.8973,2.133,-3.0339,-0.981,-9.9796,-9.4001,-3.1128,-1.1853,-9.7529,1.099,-2.1731,1.6408,-5.3632,8.6891,-6.2978,8.2037,-5.7022,-3.5269,2.5066,8.6583,-8.9131,-3.3473,6.3285,5.6351,6.2506,0.359,-7.1959,-6.7828,-7.9302,-1.5763,-8.8847,-8.714,6.6988,6.7383,3.7768,1.9884,7.6133,-9.93,5.1799,-3.488,-2.8658,5.2395,5.2496,-0.2588,-7.7477,-9.0801,-7.7405,1.3332,8.018,5.7578,9.4288,7.9763,9.9181,5.5674,-0.3344,-9.7378,-7.1175,-3.0219,-0.3186,3.9531,3.4786,5.6206,-6.0286,3.0159,6.5505,-5.1114,-4.2822,1.135,-6.9061,5.3554,-9.4749,-8.2218,-6.2714,4.5453,9.4375,-6.3504,-4.1694,-7.3021,-7.2908,6.5063,4.3683,-0.823,4.5695,3.582,-8.4477,-6.9301,1.8353,-4.1393,-4.4542,6.6107,-8.0055,-8.6896,0.9846,8.3496,-0.2893,-4.3227,9.3676,-4.2992,8.7017,-4.6992,5.1661,-9.2482,-4.4284,4.7467,-3.9522,-1.1873,4.783,-7.0735,3.1307,-8.3215,-7.0044,1.8197,5.6466,-0.6091,-1.6776,7.5915,-1.8928,5.3596,-9.875,6.4829,3.0887,9.8995,-2.5832,-8.3527,4.0221,-0.1625,-1.4547,-3.9242,-4.3265,8.1569,-9.5591,-4.5087,7.3915,-5.2365,7.4594,-1.0537,-3.4477,-6.7463,-8.3819,-3.0315,-1.3998,7.3991,4.6576,8.7507,2.6317,-5.4327,0.5026,6.9798,-1.2041,1.976,1.6394,7.37,6.5083,-0.8015,-6.2258,2.3711,8.4979,-8.0903,1.3397,-0.2379,5.4813,5.7898,-6.196,-3.9745,3.5395,0.1643,0.985,5.0395,1.557,0.0705,-7.6403,-2.9593,-4.9843,-2.0332,2.3063,-4.0761
9.0321,6.9679,0.2854,0.6968,-5.8094,-5.561,-5.3367,8.3978,9.0029,7.8782,6.0477,4.3822,2.1231,-6.0128,-4.5019,6.5655,-8.5266,-6.2363,-8.9357,6.4555,-3.321,-2.9736,-9.9132,3.6351,7.4909,5.7415,-8.1872,4.4647,5.8483,-4.9929,9.8346,-6.1831,-8.9788,-5.2737,2.7447,8.9163,-3.6376,5.9068,-4.3699,7.8591,-0.0911,5.2427,1.8604,5.6079,6.7129,5.9438,-7.4605,-0.5238,0.6178,-4.4629,3.267,3.8162,1.3154,5.7821,0.4099,1.3189,7.2166,-0.2867,-2.5842,-6.6179,1.8645,-7.4469,5.7378,2.1624,-1.9569,-1.3592,4.9898,-7.6781,4.4799,-5.8777,-7.6303,5.8257,-5.512,-4.58,-0.2231,-3.935,-8.3094,1.4517,-8.3169,-1.2786,-5.2171,-0.852,-7.3404,-3.479,4.9201,7.4891,-4.2797,6.6175,-3.0173,2.0155,-7.8067,-5.3705,-8.8831,0.0523,9.1197,-8.9918,-6.6249,-0.6253,9.4328,-4.2404,2.3203,7.398,4.5379,1.8552,-8.9536,1.8816,-9.4387,-0.6939,7.955,-1.5214,-2.3178,-6.0346,-8.5885,-6.5286,-1.4798,-2.7025,2.9885,-7.1914,7.2782,2.2254,-3.5026,9.5515,0.6014,0.3725,3.5376,5.9609,-8.2287,-6.6452,-6.9992,9.362,-6.6271,-1.3219,8.1416,2.5643,7.8976,-7.7725,-2.3627,1.5669,1.5954,4.057,-8.4923,-1.9439,1.6906,9.8547,2.8441,-4.4696,0.9039,9.1442,2.8718,1.6426,-3.3573,-4.3854,5.6573,0.5042,-0.7601,7.2595,-0.4192,2.49,1.3017,-4.9841,1.3948,-1.6326,-7.8951,-6.0935,-7.3489,0.3757,-4.7985,-0.4319,-6.6066,-5.8133,-8.8807,-8.9396,-7.6121,3.7909,5.552,-4.5184,-6.313,2.4256,7.5218,-7.5579,5.3983,1.2783,3.6237,5.6941,4.9464,-3.7183,-9.4872,-6.5538,-2.7023,1.9709,-7.4303,-0.6936,-3.8102,9.9826,1.9252,-9.1575,5.2692,2.3303,6.8317,7.3584
3.3845,-4.7829,3.3563,4.8531,-7.9131,-0.1354,-0.8693,-7.7839,-7.9338,2.9467,8.7136,-7.3006,8.1766,6.9738,5.7658,4.8901,1.3262,-6.2254,5.2164,-3.1972,-9.3916,-5.8121,-7.7464,-2.6747,9.9805,-4.4003,-5.9831,1.1882,-8.0707,-4.4562,-8.4493,5.4864,2.9423,2.8131,2.9152,-1.8148,-0.8935,-1.4466,-6.6248,4.1819,-5.2017,-6.0093,-9.6472,2.7696,6.1895,6.8903,-6.6575,-4.1627,8.3314,1.7961,-5.3449,-2.3419,0.4235,8.7728,-8.9559,-5.32,6.2746,3.3662,2.7105,-6.0574,1.1114,-4.2089,0.2401,9.8669,0.0967,1.8086,1.3756,6.4924,4.2176,-2.906,8.7122,8.4904,4.3549,-8.028,9.2025,-9.3712,-6.5904,-3.9558,-1.2608,-8.98,-7.6985,5.482,5.0425,1.4192,5.2617,0.3184,-6.6368,2.9851,8.1334,1.7502,6.624,-0.1383,8.4973,-9.1716,-2.6379,-0.52,-8.1613,6.3893,1.7376,8.7888,-2.598,-9.844,-3.2225,7.8954,-4.3504,-0.0514,8.1368,-1.201,-2.1243,-7.9284,-7.33,3.9953,4.7897,-8.6746,-0.4491,7.7324,-8.29,1.8848,-5.0144,4.4072,1.7715,-3.0801,-1.5029,-2.2861,8.4018,7.3256,-6.814,-9.3969,-9.0366,1.8654,-1.3306,-0.725,4.6844,1.59,-1.9592,-5.7492,7.9376,9.7089,7.2316,-0.6616,8.9025,0.7339,-7.7308,-9.0066,-3.7733,6.7813,3.1873,5.8802,-5.697,-2.5171,3.0257,5.6072,0.2378,-8.4687,-8.9183,5.3297,2.0795,-8.0132,1.9844,-3.2477,-1.1202,-9.6822,8.1429,-0.1708,8.8046,-6.2621,-8.0328,-1.9965,6.6384,-1.2418,4.3928,-9.1637,4.5416,-6.5538,-6.575,-1.7876,-1.3594,-3.5509,-7.1373,-5.467,-0.2675,-1.0192,5.212,1.0531,-7.2707,-7.3507,2.6826,-0.8677,3.4933,-0.3375,-7.6442,7.2457,-2.0824,-5.906,3.9013,-8.9182,2.6129,-2.7946,8.2531,5.5751
5.6589,6.818,-7.7355,6.554,6.883,1.7085,9.3771,-3.5129,7.0511,-0.8827,2.7484,-2.9916,4.633,-2.3114,-9.8832,-6.8125,-1.7605,-9.7431,-8.949,-3.5952,-8.2255,-6.3483,-7.0485,4.5754,1.0076,-0.5786,4.0846,-6.6028,2.9066,7.2441,7.2532,5.0689,2.1842,4.0949,2.472,-8.1119,3.66,3.7819,2.5475,9.2827,-5.2768,1.1721,7.2582,-5.778,8.9854,2.6812,4.2025,-5.8863,3.4737,-8.42,4.7784,3.5474,4.1789,3.7439,-4.8278,2.519,-7.2928,5.6634,6.8269,9.4608,9.1206,-8.5443,7.1311,5.0781,8.3406,3.5795,1.5434,-9.3644,2.1635,5.939,-4.3029,7.1242,5.808,9.5159,-2.6034,-7.9106,-9.506,7.5305,5.5264,7.9024,-1.8943,-9.1208,-8.71,-5.0985,4.895,-6.8726,2.9141,7.6547,9.6875,1.4651,0.072,6.4809,-6.5399,-7.2284,-5.7685,2.0814,4.3683,7.7082,-4.9959,-5.2026,-2.8999,5.5268,9.9727,6.1063,-0.7223,0.5658,-1.1146,-6.9156,-7.5445,3.731,5.9582,-2.4601,2.1087,1.9407,7.088,9.5099,8.4577,2.4226,-9.3311,-5.6286,-3.8729,-5.7147,9.8703,-4.1168,-0.6067,-9.2748,-6.479,7.2956,-2.174,-8.9388,-1.2033,7.0585,-0.6057,-7.6753,1.813,1.2237,7.88,-4.5424,2.7841,7.0949,-2.5075,4.8737,-0.6093,8.1314,-1.9162,2.5023,7.4413,7.6713,2.4466,-1.9534,4.9433,-0.0679,-8.8874,-6.6969,0.1983,3.1293,4.5665,-7.062,-9.8917,7.6296,-1.0176,5.5478,0.436,-3.8928,-8.4665,-2.5647,2.6719,3.9185,5.0121,7.404,-5.9337,6.263,7.1353,-6.7049,1.64,-7.7269,-4.104,-7.9895,-0.2395,-6.4684,9.3514,-8.4784,1.5674,2.7638,4.7536,-5.8346,6.5209,2.3353,-0.0429,9.6117,4.8021,-7.5628,-6.9865,5.4975,-7.6576,0.8781,9.4778,0.7711,-3.6628,3.4589
5.4601,1.235,-3.0312,-3.839,8.0367,-0.2905,-2.8694,3.6696,-5.462,-2.1227,3.4039,5.6105,-6.8247,-6.373,5.7239,-8.4986,-3.0829,8.7744,-6.6313,1.7299,2.8431,3.8331,-8.5101,-0.1307,-1.8555,4.8468,-5.862,3.2612,2.8562,-7.0566,-5.1177,1.7318,-8.9415,7.1896,3.9816,-6.1004,3.8817,-0.1296,-0.4842,-8.3219,-5.0391,-2.473,8.6156,-9.1141,4.2446,-7.989,-0.1964,-3.7551,-5.7134,-8.5283,0.753,7.5473,-7.7078,-4.0279,-4.8993,0.7971,-4.4767,5.2685,6.834,-6.3791,4.1919,5.7478,-2.0989,-2.8852,-0.1246,-9.549,-8.5421,-6.0676,-4.3555,-0.3028,-9.1695,-1.3452,0.2163,9.8469,-5.301,-4.1178,5.8634,-7.9633,-8.7069,2.0964,9.375,0.6454,-2.4586,-8.9105,7.085,5.0231,1.1734,3.7057,-4.1182,-4.1227,8.3149,5.2958,-6.0527,9.3754,-2.7533,-7.1478,-9.0796,7.862,6.0263,-4.4756,4.2413,8.0787,-0.8885,9.8751,2.015,2.2526,8.8278,-9.9767,8.0622,-9.7914,-2.2397,-4.2169,7.9394,-5.707,-4.6506,-8.6535,3.8596,-2.2206,-4.6732,0.2599,1.8049,-8.3564,-7.4658,7.0302,-4.1578,8.6141,1.7021,4.573,4.1327,6.1089,2.6176,-2.965,5.9511,2.7881,-7.7064,-6.6032,6.9643,5.2058,5.8694,7.0963,-8.9794,-3.9664,-3.9172,-1.6473,-2.1264,-3.7049,-1.1215,-4.585,-2.4073,4.5411,-8.8164,-5.8211,-4.4047,2.1555,-2.2921,1.9596,-1.2472,2.8576,-4.5391,4.8106,9.3598,9.2174,7.4911,-5.7836,-4.2669,-5.4467,-0.0283,-0.5361,-0.6344,-6.4394,8.5898,-0.0987,-4.5245,-7.7543,4.417,4.0198,-6.322,2.6107,2.8171,5.791,-0.7108,-5.2004,-0.3934,-6.8477,0.5337,3.6127,7.9843,-1.3686,-1.652,-2.1315,8.4109,7.4983,7.8548,-5.2642,-8.3869,-6.548,4.8488,-2.0154,8.597,-7.4659
-2.5599,2.454,7.0129,-7.725,-3.9939,5.5434,1.4967,-2.4904,-3.3857,-1.3406,6.995,-9.8062,9.4575,2.9896,5.1406,-0.9389,-3.4482,-3.3746,-7.3354,-5.3647,5.2307,9.4269,-2.0867,4.1627,3.7888,3.8219,-5.3653,-2.5148,5.5386,1.1662,-1.4845,-1.7052,5.9265,-5.6565,-4.2933,-3.5838,-4.433,-9.8091,9.3913,-6.2784,-2.2777,-7.8875,1.6095,-5.394,0.9704,-9.1568,7.5702,-3.884,1.0946,2.7381,3.9495,2.6628,9.6012,-4.3485,-3.9418,-5.5763,-3.0845,9.9288,-9.9244,2.1085,-3.7992,-3.0147,-5.6141,-0.7455,2.5609,6.932,5.2698,-3.8892,-8.5641,8.9436,-9.708,7.4119,6.6672,2.4602,7.7854,-1.373,7.5663,9.8944,9.8211,0.42,4.7662,-8.5834,5.786,5.8474,-7.3029,-2.6137,3.5252,9.8532,-5.9183,-1.2078,-0.0851,6.4308,-0.5411,-5.7838,3.1777,8.2922,3.1126,-6.5656,-6.5711,3.2637,-1.9049,-8.517,-2.8146,7.5723,-7.1479,4.8425,-9.7292,-5.5615,-2.0174,-8.1926,4.5022,-5.3764,-1.6962,3.5637,8.7955,7.0993,-3.1655,-5.6847,3.0818,-9.8851,-4.2281,6.6374,-9.413,3.6557,-4.3922,2.2946,-4.4043,8.6462,-1.5303,-1.5171,4.4969,3.9049,-9.9313,-4.7886,-2.6039,-4.1869,-3.7261,-3.4644,3.7342,4.9837,-0.926,0.6712,5.4958,-5.7203,-3.3283,8.4941,-9.8927,-6.6659,-2.4434,-7.0155,-4.7622,3.5367,3.1266,0.1707,-5.2465,9.3115,-2.4017,7.9837,-1.368,-9.8393,-4.0333,-5.0697,-9.4179,-9.6819,-2.3323,-3.0533,-9.0558,5.0205,-2.1743,7.503,0.7355,5.2032,-8.887,9.5215,5.1229,0.1098,1.1146,-9.1396,4.6929,9.7666,7.5275,1.6489,5.1554,2.1905,-2.1697,5.9187,-2.7793,-6.7161,-7.9548,-4.2857,-1.4532,-8.8867,9.1185,9.6362,-3.4345,-4.9625,-8.1011,-3.7036,-1.673,-9.7339
-5.0668,9.7388,-6.7414,-6.1815,-2.9725,0.1256,-8.912,-5.9359,-9.251,5.0524,2.8322,-4.4346,-8.8281,1.8181,4.8787,0.468,-2.9826,9.712,-7.546,1.0914,-7.742,-0.3139,2.8663,-7.4645,8.3326,4.5047,-5.772,-2.1805,-2.5847,9.2282,3.0445,-1.1348,4.2433,0.6124,3.8445,0.2825,0.148,7.4775,9.2405,3.0188,-1.6563,7.702,3.11,8.8217,6.1456,5.2328,-9.3832,-4.7547,8.5115,-9.5512,5.1823,-0.5266,-5.3902,-8.6483,-8.6185,-0.8277,1.2722,6.3688,2.9847,-3.711,-1.0374,-2.7528,-1.5351,-6.4743,8.5655,-0.2413,-5.7722,-2.7992,7.3592,4.8892,3.0219,-3.2137,-8.808,-8.9748,7.5694,6.8581,-6.3228,6.0281,-5.1738,-3.7509,-4.2123,-6.0301,-2.4679,-4.5453,-3.6745,-7.0057,-8.6014,9.5587,5.9304,9.422,-4.4918,1.4069,-3.3854,3.2016,6.9939,1.9384,4.7701,-9.0621,0.2368,2.0129,-7.9977,-8.0081,5.3983,-8.5172,-0.7585,3.642,4.0694,-7.8358,2.8454,0.1145,1.9827,-1.2778,4.784,-9.8034,2.2009,1.9443,-4.7875,-7.6007,-3.0158,-6.0298,0.2965,2.6379,4.7089,6.5448,5.2926,-6.2409,-7.8907,1.6726,8.2944,-2.5041,1.5531,0.1992,-9.5399,2.1738,8.8614,0.6115,1.4419,2.6965,6.9602,7.9829,-4.8456,1.303,9.2353,0.9217,-2.5048,-9.9918,-6.2636,-3.8765,-0.0876,7.3491,-3.9051,3.1918,-0.168,9.542,-9.4874,8.6521,4.5781,8.6,4.9206,6.934,-6.5918,1.6401,3.8359,3.589,-6.2343,4.4072,-3.4684,-9.8492,7.7248,6.1083,-3.9355,-9.8836,-4.8257,-0.9355,4.1617,7.8843,-9.7649,5.5083,-2.7469,-5.8191,-4.7368,-8.9905,6.0284,7.2431,7.5615,2.1266,-7.0203,-0.5373,-0.179,4.5104,3.0683,8.4394,3.0269,3.5615,1.9392,1.7981,1.0803,7.43,-4.4493,2.4068
9.131,6.2124,0.3278,-9.2007,5.5751,-6.0474,4.9929,4.7963,8.4304,-9.0055,-5.9048,-3.5568,-0.9036,3.6107,-6.3558,-4.6204,-0.6971,-7.8657,9.6245,-4.045,-6.6725,1.0506,-1.0395,8.2961,-2.8366,-9.2641,8.7624,-1.7407,-9.5632,-2.0494,5.6261,1.5229,2.5612,-0.8491,-2.1233,-0.9429,6.5773,2.2972,6.6816,2.4558,3.2991,-3.4094,4.1546,7.1117,9.5453,-2.4275,7.7411,6.4801,7.6809,6.7743,-5.4599,-4.1421,2.4135,0.3356,-6.128,0.3068,-0.0396,-2.9878,8.6363,1.2313,5.1601,3.8872,2.6493,2.6247,0.2183,-4.7879,-8.758,2.2729,-2.1958,0.5883,-5.8061,-0.4346,-5.1779,-3.7532,9.3886,6.8983,1.0553,3.1995,7.7201,2.7698,-9.8459,-7.0008,9.0738,-9.7437,-8.3565,2.7561,1.4089,6.745,-4.5927,4.2029,-7.3941,9.155,-8.7527,3.4494,0.4631,-6.093,1.0646,3.8812,6.429,-5.0952,3.2886,3.2581,4.939,-8.2527,4.3024,-6.0214,8.589,8.5953,5.5872,-4.126,-1.9755,9.9737,-7.4919,-7.7099,3.4938,1.7041,7.891,-4.3632,6.196,-9.8817,-9.4816,-1.9349,8.0659,-9.9674,1.1367,-7.3831,6.5745,2.6062,-7.7517,-9.207,-1.5249,-2.5008,1.6743,-0.7894,0.665,4.8331,4.3404,4.2961,7.7719,6.2614,2.4302,2.5618,-8.8068,-1.5943,-2.2552,-9.8505,3.2996,1.786,4.1412,7.6553,-7.1078,5.4831,-9.5666,-0.9414,-6.5875,3.1282,-3.6943,-7.8684,-7.6308,-6.0924,4.6986,-2.5015,-5.8003,5.7178,1.953,0.7598,3.2012,-0.6471,-5.8207,-8.4696,5.6582,-9.9654,2.2094,-6.435,-7.5002,5.4658,9.9093,-3.0127,-9.8143,-9.5887,-4.0192,-7.7584,5.264,-4.0283,-9.6453,-1.7684,-8.1141,3.7165,9.9103,-2.8777,6.7954,1.7428,2.5781,4.2748,4.7124,-1.7162,5.074,-7.555,9.3291,3.4209
-8.9667,-8.4941,-9.1353,8.4226,-3.4612,0.0174,-9.6841,6.5688,9.6787,0.5578,-4.1903,6.1,-8.746,5.8021,-2.3844,-8.9935,-8.6843,-7.9904,1.1268,2.5075,-9.1199,-9.6177,6.4912,-7.4312,-1.9396,2.9961,-4.4013,9.0978,1.2206,8.4151,-1.577,7.7405,7.0515,-6.925,6.6863,-3.8214,-4.2036,0.8118,-4.3989,-1.9039,5.1292,5.4963,-6.2555,9.3928,-4.622,2.3276,6.1503,1.2023,7.3312,-1.4394,-0.616,1.9927,7.7337,-1.192,-7.8105,-9.7126,-5.8714,9.413,-0.7702,6.0532,-6.8046,-4.1649,-6.0279,-9.0047,-6.4545,3.7901,9.7357,-8.6805,0.4798,2.7328,-1.2228,2.6374,-0.3287,-3.6709,-3.2216,4.6233,1.7171,-6.8101,-6.2167,1.9766,-8.5222,-9.3795,5.6655,0.1963,-3.0862,6.4809,3.2073,7.8284,4.9352,-2.8554,-0.4003,9.572,2.7893,-3.8775,7.562,-1.4629,-2.3343,-3.9714,-8.178,0.0834,-1.4196,-9.0806,7.7051,-5.3805,6.404,-0.5478,7.0867,-5.157,8.0621,3.7521,-2.7224,8.5429,-0.2765,9.0261,-4.8636,4.8166,-0.9771,-3.7222,-5.8361,-6.4373,-0.6714,7.4283,5.9861,-8.1358,-6.6308,5.6986,5.8841,-3.3348,7.22,9.2132,-2.0844,7.8055,9.6303,4.2263,-5.4634,2.701,6.5467,-4.9894,-8.1067,-9.1705,-0.8625,0.7787,-1.5713,-9.3464,9.8701,-7.4512,-3.5879,0.4637,-2.0026,7.7651,-0.9832,-1.9669,-9.4858,-8.3902,-0.6972,-4.1729,3.5614,-5.279,-2.389,-1.1934,6.325,2.3203,6.4636,9.4708,-1.4163,-5.2115,-5.24,0.933,9.1987,-2.0997,1.0105,-0.3401,7.0201,0.4824,1.3049,-7.1898,0.5024,-3.2595,8.5108,4.9394,-5.0558,-7.6552,7.9218,-4.8165,3.6521,-8.5163,8.023,-3.7545,-2.3274,-1.4215,0.5217,8.4714,7.4447,9.2943,7.2686,-6.6621,7.3758,0.5747,1.6441,6.5632
-7.1649,-0.2593,3.3255,-2.0836,1.0788,-7.0823,-4.8556,1.2378,-0.2241,7.4996,6.4456,6.5432,8.7229,7.7103,-5.9286,-4.0865,-9.3289,-0.8704,1.8474,-3.829,-0.7285,3.5189,-8.884,-8.3668,9.8448,8.7075,-1.0465,-8.3287,-4.5382,-6.7189,9.5858,-8.7449,-6.6754,-7.9594,4.7739,5.2005,1.2416,8.015,-4.008,-8.2827,-1.3261,-7.1383,-5.923,-1.9069,-2.8967,9.7861,8.2044,9.657,-9.2846,-1.6397,-8.5515,0.7265,-1.7842,2.0471,-2.4932,9.0076,4.0915,8.4996,-4.2645,6.0054,6.9784,-3.7466,-5.3157,-4.737,2.1884,6.2234,-6.6654,5.5479,9.562,-4.5546,2.2613,-8.7977,0.1278,3.5793,-1.7729,-8.7184,5.8849,-2.1246,-4.4807,8.5862,-1.3759,-5.4593,-7.621,-3.0301,2.7398,7.4744,9.0357,-3.1862,-4.4783,-0.0696,5.0102,-8.3595,5.187,-5.4738,3.4095,8.2668,-8.4083,5.5881,-8.4649,7.0261,-6.8758,8.0024,9.6498,-8.5427,-5.5605,-5.7818,4.3339,8.1574,5.5979,9.6356,9.482,0.0061,-4.7055,-8.0425,-0.9826,-7.9422,2.6413,-0.4298,-4.3677,-0.3463,-8.8838,8.137,9.9294,-7.613,2.2704,-6.9919,8.5013,-2.3733,-6.8116,-7.2081,2.8165,9.3806,0.4054,-5.1907,-1.9063,7.3973,-9.3235,4.8828,5.7643,-2.429,-0.0809,-8.2748,8.4467,-3.2746,2.5268,-4.8048,9.6745,-5.5692,5.8624,1.3361,-7.5986,4.7369,9.5264,-6.5836,8.5711,9.9849,-4.1892,0.8007,4.6681,7.7764,-0.8839,-0.8244,5.1118,-9.0502,-1.0574,1.1546,-0.4482,-6.9501,1.9406,7.2441,5.7725,-7.5957,-0.6623,6.9447,-0.5421,0.9267,-5.012,4.7959,9.9146,-4.9628,9.9615,0.4195,-7.1703,1.0209,-2.8228,0.7593,2.651,8.1632,4.8194,-6.8724,8.2315,1.0982,1.9506,-3.5121,5.452,-1.6064,-8.6948,-7.6062,6.6461,5.5494
4.1559,5.7518,-3.0712,-3.0443,3.1466,-1.0841,3.6287,-5.5216,1.4634,-8.3522,1.1794,2.503,-1.9082,-0.5993,-2.2659,-1.7798,4.0018,5.4093,4.7599,6.4948,-6.2093,-5.4455,-3.5279,9.6696,0.7804,-8.1979,0.3245,4.8702,3.0694,-7.8356,8.9694,-7.9293,-4.9036,-5.1142,-0.278,1.1664,9.4029,-0.3942,4.5569,-6.5559,-6.6352,1.0611,8.1541,-6.2597,1.3503,-9.3651,1.9463,4.6573,2.2712,3.0638,7.432,1.6119,7.711,-1.6708,0.621,0.5629,-6.2946,-7.5302,4.0666,6.6415,1.0484,5.8678,9.2898,7.9777,-1.6238,1.0791,5.2992,8.9059,8.8885,-4.1182,-5.8446,6.3281,-6.9243,1.1771,6.8719,5.789,-0.6922,0.3969,0.1754,3.8145,-2.217,2.238,-8.2114,1.3321,4.3732,8.1034,-9.8286,7.0873,8.3865,0.9124,7.6957,-1.9972,-1.7884,5.5224,3.6768,1.5591,-6.5246,6.0842,4.5724,-5.6272,-4.627,-6.3945,-6.5929,-4.7499,-7.6686,-2.6264,-6.7992,-7.9575,3.3952,0.1277,9.56,-2.2826,8.952,-3.939,5.6005,-3.716,-8.6165,-8.8744,5.3743,0.4185,6.3495,3.1555,7.7586,-7.663,-8.3199,8.5167,-1.0079,0.0752,-5.2421,7.8046,4.573,-7.1665,-9.0402,-4.2501,-2.7924,-2.3816,-2.9163,-6.884,9.3153,-1.1908,-6.0321,-7.1309,-1.9617,3.5699,9.3323,1.7262,5.9334,6.9206,-2.2592,-5.239,5.2772,-0.4868,-0.805,3.4706,-3.9391,-4.2999,6.9886,0.4127,-1.6379,-6.7906,-5.0685,2.1688,-6.6522,0.0202,8.0036,-5.2469,-1.8957,6.0018,2.1716,-7.5254,7.5031,3.4302,-3.2795,8.5748,-0.1089,-6.0402,-3.5576,-4.7668,6.9837,-7.2587,5.4361,7.4852,-2.4818,-6.9558,7.5305,-5.1598,-6.1035,4.8295,-5.536,-7.3316,-0.9502,9.5326,5.2813,-4.58,-8.8427,5.9161,-9.6246,5.0478,-5.6837,1.3449
-2.4552,3.142,7.1467,-1.6856,9.4188,-8.8881,-0.3961,4.969,9.439,-0.8378,0.1764,-3.8928,-0.7014,0.2716,1.6724,7.7099,2.1998,-7.8379,4.976,-5.204,-1.7229,-8.7068,-8.5244,7.2134,7.0415,-9.3758,6.0652,9.7418,4.2907,9.2925,-3.0415,-8.6149,7.7971,-9.7616,-0.2891,4.3203,-4.9488,-9.6808,-6.1152,4.8252,-8.1016,-7.1605,-6.6753,6.4526,6.533,-6.728,-8.5976,8.1933,3.51,5.4917,7.4997,0.4147,-9.6532,-9.4984,-1.0509,-2.0289,-4.9763,0.5904,2.2215,3.8133,6.0737,7.6228,-0.5674,6.3897,9.9477,-9.7681,-3.0219,-0.701,-1.907,-4.2991,-7.8094,3.938,1.2062,-6.3911,4.4985,-7.6575,6.6976,-0.0361,4.6837,8.1698,-0.3952,5.0411,-5.1975,5.5779,-0.7515,-8.5511,8.0594,-7.1521,-8.0008,-4.5475,0.4102,-7.8696,-6.8295,-3.7576,8.2721,-3.584,-7.9689,-1.4744,-0.591,-9.909,1.3528,-3.0179,-7.5476,7.8534,-6.7159,-9.2407,-9.1707,8.4359,0.996,-3.5759,-0.0557,0.3125,-8.0231,-1.8292,5.5512,-6.4633,-6.1027,6.2643,-2.5432,-4.7908,-5.7394,8.3274,4.4814,7.5286,-0.6583,4.9474,8.0702,3.541,4.4926,6.7646,-3.3833,1.7604,-1.2719,-6.5777,7.8902,-4.6631,-2.268,-6.7778,1.4773,3.1779,6.1569,4.0259,1.2418,3.8324,7.6502,-5.9487,2.5207,3.9727,9.4282,-0.8704,-7.721,1.692,-5.0486,0.916,6.7934,0.5381,2.9969,7.2292,3.4273,-2.5791,-3.5741,-7.2749,8.9032,-1.6216,3.4809,-9.4257,-1.1418,3.0433,8.7651,-8.6483,5.2053,6.6587,-0.3823,4.0099,4.7037,-8.3889,2.0189,-4.1482,-9.9251,7.6462,-1.1639,-4.0955,-3.723,-9.5889,7.5448,6.18,-9.2194,-1.6231,8.9606,2.5126,6.8639,4.2821,-3.6692,7.9671,9.1767,8.6302,-6.0813,6.1224,-3.8326,8.1494
-8.4528,9.3642,5.0886,-5.7062,4.0565,1.0152,-9.4331,-7.4973,8.0939,-4.0542,8.6382,-8.6725,1.6371,9.9314,5.5382,-4.5168,2.4248,-4.6467,5.631,-2.2876,3.2542,-6.1654,2.523,1.9172,2.2629,2.7225,-4.3734,-6.3835,4.6843,1.7599,-2.8233,-4.0797,5.185,-1.2464,-0.1982,-9.0321,7.2239,8.6605,1.4919,-9.3104,3.701,-2.3572,-3.5624,-1.4804,9.8492,8.8344,-3.0477,9.6497,-1.8241,-8.3204,2.8103,-6.4326,-1.5155,0.2592,-9.175,-6.2503,-9.5101,7.639,-8.0329,-3.0104,-0.3263,2.8559,-9.5877,-4.149,9.2175,9.8763,9.4738,-8.5758,1.0233,2.9269,-5.9155,5.6756,3.0032,-6.3999,5.4675,5.3271,0.8273,-3.9599,0.2354,8.2223,-0.1976,0.9097,8.0763,-4.5307,-0.5965,5.7175,3.3062,3.0464,6.6169,8.9562,-6.9379,-8.589,9.0919,-2.0697,-1.8619,-6.6682,-0.4394,4.6029,-4.8878,6.6193,-9.0427,-3.0377,-2.1096,-8.0226,4.0013,-1.7182,6.3129,9.0345,-2.3561,-3.1304,2.603,-6.365,-7.138,4.7466,-2.3562,2.1617,-3.7654,-1.4907,7.5222,-3.4605,2.2393,0.9433,1.8505,-4.5299,-4.9652,-0.5733,-7.6411,-6.5558,-7.9292,-3.7259,-3.1301,5.7289,-3.799,-9.9576,6.4876,-5.1295,-3.3408,-4.1361,0.2042,-9.4106,-4.2912,0.8561,-4.0749,7.4031,-0.4256,-4.1249,4.4205,-6.6849,9.9422,7.1777,-9.5374,4.7064,-8.9601,-8.3404,3.8278,9.5678,6.0069,-9.1009,-6.4041,8.3249,2.449,-7.0419,2.6286,-9.6575,6.8321,-7.5234,4.5016,-6.3268,-1.3397,6.6372,-0.6103,3.1343,-0.475,-1.423,-4.3358,-5.1441,2.3482,3.1656,-5.2688,8.0697,1.2714,5.3623,0.0424,0.9194,9.9429,6.3348,-9.3932,-7.0027,-6.0705,9.26,-1.5989,5.4136,-8.7142,-1.6672,2.6659,6.0309,-3.1757,6.2768,3.4142,-6.291
1.0598,0.5578,-3.2983,4.5554,-2.583,9.1956,5.6478,-2.2911,9.8315,6.7042,-9.2448,0.8691,1.5058,3.5772,-7.6861,6.8951,2.0702,6.7481,-2.1454,-2.8932,-1.5334,-3.6407,-7.4166,1.6686,4.3317,-1.2958,3.414,-6.3031,-9.8651,-0.8343,-8.5631,6.2876,6.7831,-3.41,0.5993,-7.7777,1.3609,9.4415,-4.3084,-3.0745,-8.705,-8.3833,-5.6425,-0.3025,-5.6405,-2.7166,2.2217,-1.4696,2.624,4.0959,-5.3527,-0.0944,-8.3968,-2.7508,-9.2154,-3.0332,-0.9953,-0.8116,-8.6578,3.9832,4.5193,8.8214,3.7508,9.7847,5.0378,-5.0028,-9.7606,4.4235,6.5191,-6.6547,-5.7485,7.1572,8.5911,-3.8094,7.0696,-1.2356,2.8888,-2.8656,9.7293,6.1739,-2.0295,-6.3627,-3.2735,-9.419,5.5568,-4.7596,2.8336,3.5164,-0.0744,-8.1858,-9.1833,-5.9441,-6.7592,4.0714,-0.0046,1.8773,-1.3617,7.8969,4.4938,-0.6041,2.6299,-9.2065,-0.0541,7.1566,4.7143,7.8306,1.2809,-2.3435,-0.2482,-4.2809,6.2427,6.0064,2.0251,-8.8053,5.8755,4.9074,-1.1039,-4.3445,-2.9295,8.9841,2.1832,-9.8153,-5.4384,-8.8747,5.0252,9.5536,-4.5878,-8.4949,2.7656,-4.2167,9.4853,-0.35,-2.6061,-5.2044,9.3136,-9.7234,-7.6903,7.2754,9.0678,5.2423,-9.8932,-4.6837,-5.565,8.2984,5.4199,-7.9483,-2.552,8.0303,-2.2126,3.4867,6.5361,-1.0945,8.7261,-5.7219,-4.4213,-1.2194,6.869,9.1039,8.1282,-6.5222,-1.504,-8.2534,5.5147,6.0546,5.6206,3.6807,3.5917,-7.2141,-8.1266,5.1774,-4.8743,0.9177,4.0547,2.6477,-9.8137,0.5519,7.035,6.4797,-0.0335,-4.2775,2.2132,1.0003,5.5954,9.499,-5.5175,-3.8943,8.4133,-1.8136,-5.8421,5.9202,-2.2537,-2.56,-0.6883,-7.6076,2.5432,-7.4338,-7.6216,-1.9164,8.4767,-4.2112
4.9317,-0.9918,-9.5603,3.7567,1.0282,4.5988,1.0649,6.3329,4.3614,6.4921,-4.7494,1.1786,-1.6944,8.3297,-9.4909,9.0123,2.7831,-9.4706,-1.4811,-7.5667,3.2431,-8.8213,-4.5153,-3.4333,-2.8998,1.8618,9.2147,-7.4676,1.7618,8.98,8.2589,6.2798,-5.1725,6.3537,-3.4236,-5.5742,-8.314,1.6824,3.1777,-2.4385,9.3703,5.5197,3.0208,0.1158,-8.9887,7.6319,6.3532,-7.8088,2.2412,2.608,-2.8279,1.5209,-7.1497,3.9392,-6.8927,-2.2977,1.6116,0.6348,3.683,-9.1916,5.7641,4.3033,-7.0025,2.2488,-3.9778,5.9098,1.6755,7.9083,2.4364,6.5872,-0.6663,4.0574,6.4367,-4.1319,-4.6513,-3.6207,9.0884,0.4634,3.4643,-2.5857,-3.4387,-0.5435,-0.2192,-3.9994,-3.9136,-1.5641,1.7886,8.2989,6.6894,3.1278,1.2917,-9.8759,7.9309,0.9621,2.8152,-4.3248,2.5203,0.4358,4.9609,3.5094,5.3993,4.4117,8.2879,2.5583,5.8508,5.0422,-0.9338,-7.4414,7.1069,-6.1639,-7.3336,-6.7857,-1.0626,-6.3545,-7.8265,5.8981,-0.7837,-0.4732,7.968,-2.0701,9.3317,-2.6631,-4.012,1.5061,3.0121,1.4669,8.4649,-1.3474,8.3373,-6.8848,-8.5328,-8.9338,9.2644,0.2532,-5.6109,-4.216,1.8884,-9.6984,-9.8138,7.2864,-5.5324,-9.4269,-0.7391,4.4602,-0.8772,-8.1832,-8.6123,-0.3658,8.4464,-7.4078,8.5628,0.7169,1.5479,-6.5094,1.0829,-9.6658,-0.1045,-5.4167,8.1006,-7.3195,2.28,-9.2202,-0.5543,-9.1917,8.1133,2.5706,-9.2536,-5.2279,6.9697,-7.5767,3.8935,6.3208,-7.672,-7.6614,-0.0169,3.2015,8.777,1.8126,3.1698,-8.8812,-9.7466,-7.9292,0.049,-0.2398,5.0952,-3.9428,1.2999,-7.6491,-3.1466,1.4082,-5.5081,8.0495,1.2878,-8.7746,7.8575,-1.8481,1.5672,-5.039,-9.2053,3.9033
-2.1175,5.239,9.2579,-7.1967,-8.84,-2.6601,-8.108,-9.9111,3.5826,0.1089,0.4465,-8.0334,-7.8172,7.5563,-4.9636,-9.2781,4.2473,-0.8268,-5.7013,-9.2356,-9.1881,-4.6938,3.6943,0.034,-8.2064,-5.8951,-9.3628,2.5752,8.612,2.4973,-3.7304,5.5755,0.4193,-6.1896,-8.2279,6.4256,5.1992,-8.4079,-9.0937,-2.8543,5.835,0.3955,-3.8144,-6.298,9.9168,5.5098,-8.2764,-0.5224,-9.537,0.1995,-2.9223,-2.3771,-5.7805,-5.2157,3.0404,7.7915,-9.1818,5.2824,-0.5774,-4.846,-3.4166,2.2055,-1.7802,-9.9357,-0.8931,-0.5904,7.5089,5.164,-2.7954,0.0374,-2.3738,-3.6709,-2.1695,3.7551,6.0452,4.2056,0.07,-1.2286,4.7081,-9.3156,8.9708,-0.6433,6.2868,4.4732,1.3579,8.7308,1.0058,7.7629,9.6699,0.8377,-5.8589,-9.1587,-6.2293,-7.4984,9.8787,-0.0531,-9.5889,-0.6216,6.0733,4.8989,7.7544,4.8763,0.4922,-9.8131,1.3653,0.3178,-3.5374,-6.5531,-6.9573,-7.2235,2.7866,8.536,-4.9976,5.6514,-9.3173,-3.725,9.47,-8.186,-1.969,-7.271,-0.2886,1.6837,7.0778,-0.0946,9.3836,0.1077,-2.7802,-5.5415,-6.1333,7.4201,7.717,3.3653,5.7505,0.2097,7.6701,-1.6209,9.2629,3.2183,9.1237,-8.1005,1.6479,-7.6526,-1.0816,-8.9994,-4.8145,7.5145,3.1317,3.4476,-2.243,-0.2971,-4.5948,-0.5741,-4.4481,2.9837,8.3115,-6.7169,-5.713,5.4436,-7.4202,-9.9032,-3.9402,-6.089,6.1965,0.466,6.1207,-9.6769,-6.843,8.8125,-6.9749,6.7819,2.6554,0.4613,-7.1727,-3.0563,4.0638,-0.8353,9.5686,4.5955,6.1307,-7.0917,-0.1858,2.7437,-5.2158,-1.5516,-8.9567,-1.8195,-3.827,-5.7985,-0.656,5.2219,-8.4818,-1.0487,-0.3469,7.0784,-7.7394,-7.0084,-3.7151,-5.2645,0.9153,-6.8846
-8.512,1.1996,8.9452,-8.7184,-9.7558,2.1348,0.7487,7.7725,-9.8985,6.5832,2.4335,-4.7657,-3.4159,3.4963,-4.3444,2.0924,2.4825,-1.447,7.9637,-8.6786,3.3293,-5.4558,-9.3004,-1.4531,6.5391,6.0338,3.0341,-2.1449,4.9501,2.8473,-2.9919,-2.0891,9.9674,-0.5432,6.7963,-4.3894,-7.7009,6.7093,0.8567,-1.6242,-4.8231,2.3259,0.0539,-8.4275,-4.5194,9.7539,-0.7045,0.3322,3.9115,9.8512,-2.9151,-8.5109,-2.087,7.2023,8.0819,2.2867,5.2446,-4.4808,8.7318,4.957,-0.5785,-2.8263,1.5845,-0.5891,-9.7904,4.6641,-2.1269,0.6985,7.1989,-4.9287,6.4941,-3.8756,-0.7769,-1.7332,5.296,1.9017,-3.7476,1.2925,9.4548,5.448,-2.5281,-6.0394,6.1606,5.2242,3.2659,2.2334,4.8513,-4.3553,4.8419,-6.0777,5.302,-6.1497,9.2605,-1.1495,6.612,7.3335,-3.7218,7.0198,-3.7815,0.1912,-3.3503,-3.7423,7.4099,-2.0092,-7.9482,0.7241,3.9379,4.9052,-1.5826,6.4575,4.5387,2.1221,-3.6596,-6.557,-1.2134,-7.5999,7.2668,7.6306,-7.921,-9.7178,5.7168,7.6732,7.2434,-2.1342,-7.8575,-4.1281,9.565,-8.7759,-9.8034,-6.7304,-6.4089,-7.0966,-8.1162,-9.597,6.522,0.673,-1.2615,-5.3111,5.3737,3.8577,-9.1162,9.34,-9.3277,-7.0325,-6.5432,9.0059,9.7106,0.0056,-5.3817,0.2479,3.8935,8.6244,5.4627,7.2722,-4.9938,-5.2033,5.6001,-9.3181,8.8094,-1.5988,3.1338,-3.2078,5.9392,8.5945,8.2196,-9.8269,1.9604,-9.8115,-6.2066,-4.6893,-9.3664,-7.6487,9.2801,5.8442,-1.379,-7.4011,0.1322,1.6026,5.6002,6.3129,-0.7559,0.8046,-6.1617,1.9569,8.8614,-9.0172,-3.3788,5.9281,5.7132,-4.3522,-0.4987,7.1161,-5.0031,6.7833,5.8284,-7.4116,1.4818,-5.6578,8.38,7.4374
-1.595,3.7738,-6.3004,5.925,5.2227,3.9692,3.2955,-6.1182,6.2351,8.2435,-9.0562,3.271,8.6997,4.3616,-6.5395,4.3635,7.424,-9.0697,3.5812,-7.5884,4.1315,3.1221,-6.5421,-8.7382,-4.2997,4.0171,-9.3973,5.2805,-4.9602,-5.9037,2.7225,3.9086,-1.5036,6.7796,-1.6649,6.373,-6.0932,-4.4295,4.3661,-9.1416,-6.9592,9.7987,-8.5166,1.3343,-1.8424,6.5095,2.4098,5.6907,-7.0724,-1.8036,9.3959,-4.0103,-2.3957,-2.6473,-4.4964,-0.324,6.7842,1.4694,-6.2943,3.1816,-7.6889,-7.9429,0.0607,6.9353,9.0333,2.1239,-8.651,-0.6085,-2.787,9.7138,7.6786,-2.4204,-1.9594,-6.6888,-4.7836,8.1953,0.1048,0.9602,2.1576,5.5127,6.5235,5.3148,3.1897,1.8287,-9.6407,7.7351,3.8599,7.0373,-4.3464,-0.9891,-2.2904,-2.3517,-1.0085,6.5357,-1.9536,-5.8677,-7.6941,2.0489,0.0407,-6.039,-1.2525,-4.2533,6.3077,5.5392,-3.163,8.4594,-4.7521,-4.5557,7.7828,4.3838,-8.9962,2.2655,-4.4206,-1.147,-7.5407,6.5241,-8.3595,5.2193,-8.8176,3.2331,1.5096,-7.8713,-0.9565,-1.1539,-2.4852,1.1585,1.6781,1.0542,5.6951,4.117,1.3666,-8.4905,-3.0467,0.2961,7.8328,4.1446,-7.4104,0.9659,3.8004,3.8162,7.1713,1.415,-4.056,-1.5575,-4.4548,-5.407,6.0008,5.466,-0.5121,-9.16,9.837,-8.0198,4.8012,-7.0651,4.2466,5.8389,-6.2749,7.7127,-6.0534,-8.3732,-9.8508,-7.6975,-8.1322,9.4827,2.7818,3.3153,4.1188,8.8396,-6.6026,7.721,7.0287,7.3787,7.1266,8.0979,-1.0682,-9.7767,5.1773,3.6111,-1.2582,8.7029,8.8043,4.1964,-9.5277,-8.1816,-1.5201,4.4693,-6.6554,-8.4681,-8.3102,5.8675,-8.9676,1.1256,9.6373,-4.176,8.7009,-3.9142,-0.0664,-6.7697,5.488,7.4012
4.0062,5.0376,-1.9858,9.0141,-0.9329,6.3086,9.8544,-8.9138,9.3804,9.7635,5.2912,5.2672,7.1365,7.5734,7.8647,-7.7762,6.5999,-7.3444,-8.6923,-7.7157,-5.234,3.1855,7.1919,-5.9471,-6.539,3.6908,6.3016,0.8416,-0.4267,-6.1529,3.5146,-2.4762,0.9845,3.2505,-7.4264,-9.7659,9.492,-0.1194,-5.2587,2.8985,-7.9362,3.7818,-1.2471,8.9505,-0.6458,-5.8085,3.5246,2.1112,9.9783,1.1258,-0.765,0.4411,5.3216,3.3589,1.6361,5.482,-3.5206,9.4953,8.8206,-8.4426,-3.228,-1.9515,-0.1201,2.8166,8.8567,-4.8224,1.7399,-1.3556,-9.4414,-0.723,5.1487,6.1007,-5.4897,-4.1347,-9.6211,-8.5993,1.5921,-2.7324,-1.2721,-5.5957,5.7238,4.0861,-7.0865,-5.2049,6.5335,9.7834,-7.1867,8.9161,-5.4468,-6.5043,0.7201,1.4633,7.7447,-1.9692,-1.9795,-9.5083,-3.8209,8.3642,-1.0716,4.8664,-6.6078,-3.9556,3.2185,7.3072,8.3921,-4.6904,-0.1001,3.0023,-1.3124,-9.0141,-1.1985,-2.5634,5.7803,7.4284,-0.6535,-7.1182,5.3253,-7.8822,-0.6692,9.7909,5.663,6.5706,7.988,-0.3393,7.2627,-7.6649,0.9013,-2.8346,-2.756,9.9987,4.6041,5.3546,4.803,-9.7248,0.1001,-3.2179,-0.8394,6.1285,5.4034,-4.682,-5.2554,-7.1592,8.8323,6.5667,5.8874,6.7506,1.5483,9.1227,-5.783,-2.6422,-8.0469,1.18,9.1437,-7.5639,-7.3439,-5.8067,-1.2771,-8.1547,4.5529,6.1789,-1.6214,6.3146,0.2528,-0.7703,-7.0287,3.5969,-3.7585,5.2575,2.4647,-4.9505,3.8329,9.2501,5.3905,-6.8819,-0.6201,4.024,6.0924,6.0788,9.6202,-1.3411,-9.1391,-0.5632,1.4609,-1.9716,8.8772,-8.811,4.0445,8.3666,-8.2134,-1.8781,7.0417,-5.296,7.4519,4.9688,2.3793,9.8458,5.2435,8.1682,-0.6739,-2.5557
2.2393,3.1384,3.3923,8.3174,-5.5381,-7.0499,7.7256,4.7077,8.1494,8.7595,8.6067,-8.0946,1.4476,5.5196,2.2112,-8.4108,8.3539,-2.2302,-1.7609,-4.1013,-5.6552,-1.8083,-2.5848,-9.8316,-3.6798,7.6188,-9.465,-7.7648,8.0924,-9.8434,8.4078,9.2294,5.3301,-7.4739,8.0657,-1.7046,-2.7392,2.2863,1.9181,0.6423,1.1018,5.9165,-0.2863,0.1243,-0.9842,-4.6105,4.6665,-0.6593,-2.9632,9.4181,9.1366,-0.7211,-8.571,-3.9536,-6.1303,2.0387,-5.8427,-8.9365,-2.4812,2.5938,-8.5098,-5.5308,-5.271,-8.6398,9.391,-0.5943,6.7258,-9.3469,4.7976,-7.3296,3.6894,-9.3567,2.3684,-1.9944,-3.7404,-3.215,-1.803,-5.2601,8.9044,-4.8702,5.1613,7.6347,4.6851,-1.7843,9.617,-5.6952,9.998,0.2352,-3.8768,7.3979,4.5976,3.0414,4.0504,1.1414,6.8169,-8.3645,8.5968,1.8479,-8.3986,-5.2489,4.7826,-3.9074,-6.6672,2.1514,-8.0857,-5.468,2.6088,8.1194,4.3841,-4.6364,-9.3129,-3.695,2.1659,0.2381,-2.5221,-0.1879,-0.1804,-9.9068,2.9155,-4.6924,2.215,-3.1483,2.429,-5.5486,0.7717,-4.1771,8.4869,-1.0099,3.8107,-0.8962,8.1371,9.5536,5.7279,-9.2135,-7.3422,0.6416,-7.2483,5.2337,-4.6655,5.3825,2.2285,3.5204,-1.9398,-3.8584,-5.5464,-5.1296,-4.2505,-9.8081,2.6975,-0.744,-5.4241,4.4528,-9.533,-0.5663,-2.3652,3.9917,-9.4145,2.0717,-1.1748,-8.1533,-4.8967,4.2411,2.4652,9.4748,-5.7908,1.4763,-6.3727,6.6935,-7.3552,2.6765,2.0568,-0.7982,4.8666,9.6087,-9.5084,0.0146,-9.715,1.371,8.9802,2.7356,3.3317,-6.5136,-5.9011,-8.1647,5.8015,3.4452,-4.9598,9.9474,7.6662,-4.7807,-3.4756,4.5039,8.9497,0.8986,5.1064,-1.2752,-9.2302,9.4392,0.9735,-5.5287
-7.7372,7.7734,2.1363,-6.349,-4.9261,-1.1915,3.1755,9.571,-8.1208,0.4646,7.807,3.5694,-3.9506,5.3805,-0.8254,4.1526,-1.401,5.2012,-5.9183,1.5719,6.0861,-2.7693,2.2813,-9.4677,-0.7725,3.093,4.5965,-3.191,-1.4188,5.5371,4.7527,4.0605,-1.832,9.1753,-9.1003,6.853,-2.7484,-4.5949,0.6846,-7.0889,-3.8194,9.3976,2.2706,-9.9768,-4.3868,3.2409,-7.4679,7.2289,0.9527,-2.583,6.3478,8.7002,8.8347,-9.4198,-4.1593,3.8764,9.1797,-7.1568,8.7592,7.0783,4.8229,-2.6768,-9.0064,-1.4698,8.0659,7.4012,0.2344,5.8942,-1.1132,8.7694,2.8549,8.4395,9.6039,0.537,0.2661,1.4546,0.8468,7.2664,8.109,0.1277,1.5693,1.7317,8.5746,-3.5943,-1.8502,6.6617,5.3622,5.3155,-5.095,-5.4067,5.7906,2.4827,5.4912,3.5053,1.2721,-0.6968,0.0253,7.5553,1.4028,4.6458,3.0163,0.3418,6.4321,9.5424,-4.9114,5.2291,9.1816,2.4247,-0.4856,0.2498,-5.6738,-8.6131,0.172,-0.7147,4.9779,8.5622,8.312,-3.772,4.6936,2.6081,4.2207,1.888,5.3144,-4.6359,4.8917,-2.9216,-5.8645,9.8732,3.2227,-1.27,-3.1272,-5.3089,5.1746,2.2307,-4.6914,6.3123,-2.6014,-1.1673,-9.8586,-5.7659,6.2641,-7.6589,-2.973,7.777,7.0755,-4.0639,-6.7623,-7.0558,8.8637,0.1979,-3.2004,-1.4847,9.1467,5.8472,1.4531,5.1015,2.4211,7.835,4.8111,-5.8994,-6.6598,1.3814,6.4016,-9.0235,7.586,3.0866,4.9083,5.0777,6.7174,8.5074,4.1595,3.9833,-7.1233,-5.3796,7.9979,-4.7894,2.6278,-1.1092,-4.1263,4.0781,-7.1997,2.3096,-1.7509,8.9737,5.7608,-8.7304,-9.0398,6.0192,0.9716,6.0388,8.4166,-3.0208,-4.8397,8.432,-8.4603,2.6975,-2.0267,-8.5382,7.8388,-2.6611
4.0389,-1.3025,-0.7841,-8.4061,2.8978,-0.3806,7.4765,-4.2042,3.3346,4.3586,-7.295,5.0761,-2.4053,4.1422,7.6403,-4.4521,3.9694,-9.6562,0.8837,-8.8314,8.8751,9.773,-0.0677,4.7219,6.6799,8.9109,4.6213,4.0039,-1.0284,-3.9641,3.5553,-2.5131,1.8192,-2.6371,-9.8319,-6.8826,-7.7948,-8.1277,1.6582,8.8051,8.8311,-7.2265,-1.7519,-9.9516,6.7007,-6.9969,0.7002,-9.7488,7.0563,-0.1832,7.2037,2.6021,-4.1333,-3.8643,-6.4736,9.5068,1.5034,-7.6558,3.0343,-8.8148,1.1268,-5.9966,5.4811,3.4813,-7.2324,-4.727,1.1801,8.9536,1.0658,2.7659,5.8538,3.4497,-8.4617,6.5408,8.183,7.907,5.1468,6.365,-2.5412,-9.8605,9.4743,5.3818,-3.4151,7.0221,-3.6181,0.1489,5.871,-0.6958,3.9342,1.1107,-8.2938,-9.7842,7.7504,-0.1371,8.896,-8.5877,-9.4724,-3.6434,9.455,1.3459,3.459,5.3797,0.1868,2.0994,-1.4786,4.7556,6.1303,-2.3621,-9.8731,-7.613,-9.1844,4.7795,1.8129,-7.6233,3.0827,-1.9062,-4.4446,-4.3602,0.1153,8.8086,-6.1541,-4.9602,-1.983,-1.6404,-8.3302,6.5206,0.2943,-7.671,-5.8432,6.1528,3.849,0.2456,-6.9509,6.3121,-1.7739,7.46,-6.3018,2.7712,0.1283,3.7911,-5.2879,3.5499,-9.959,-2.9917,4.1911,2.399,-2.2899,-5.2908,3.2682,8.7216,7.4587,-7.4564,4.526,-8.8203,-1.1544,-8.5329,-6.8332,-2.3836,4.4646,8.2772,-2.2827,1.5483,7.7421,0.1496,-2.7328,-0.2197,8.8058,-5.9042,-2.1948,6.5332,-0.9767,-5.5324,-9.8509,-6.9354,0.0638,-8.5661,-6.0811,6.4041,-5.5019,8.7938,-8.0843,2.6464,6.0083,0.9971,8.6955,6.4015,9.2109,-1.9666,3.3911,9.7782,6.4816,9.504,-3.6186,7.4905,-1.9759,-5.4675,6.3688,9.9379,2.6365,7.9953
3.167,0.7366,3.9146,5.0289,2.3019,-4.2932,1.7767,5.5327,4.9953,8.6923,-5.6003,3.0954,-3.5279,-7.0646,-5.1749,7.5733,-6.1618,-8.4178,-8.4081,1.5276,9.2631,6.5589,-3.1073,0.492,1.9072,1.5751,2.9197,-1.3996,4.0436,-7.9921,-7.691,-0.1781,-1.4388,5.4799,7.1389,6.6032,-1.2104,-9.6662,7.0557,-5.4546,8.0894,-3.4824,-1.1598,-9.6516,-3.0078,-6.1249,5.9329,-1.4403,1.7657,-0.9229,-1.4884,-2.175,-2.0452,-8.7759,-1.1379,-2.8639,-7.6604,3.92,-9.8475,3.231,1.6201,2.3705,3.9069,7.0903,-5.1741,-2.5211,7.884,-0.4613,0.9032,4.0627,3.6832,-1.6572,6.4154,-8.4398,0.5799,-1.2612,-1.3765,9.3664,-7.4183,4.5795,-5.4108,3.4709,9.0281,9.498,6.4808,-1.5642,9.6324,4.9778,0.7971,8.3857,-0.1417,-2.8572,-7.5817,-2.522,-8.0926,-0.3162,-0.2446,-0.1699,-3.2724,1.1564,-0.1381,-7.9088,-4.7094,-1.609,-5.4625,-6.9365,-6.8392,0.7452,0.4037,-1.1828,-9.3802,-5.6817,-9.1459,-7.8602,-5.0423,0.5766,1.7183,-2.301,4.4157,2.9054,-9.6728,3.9987,7.068,4.7721,-4.2361,-7.0488,3.5682,-1.3792,-3.8757,-3.1844,-8.5685,-6.5402,8.7832,2.0296,3.9362,-5.244,-0.6939,-4.2888,5.6522,-6.7959,0.8395,6.5642,5.2574,-7.1749,-1.8366,7.6511,-1.2929,-3.0955,-1.1086,-6.4783,-1.6924,0.8003,9.1237,-0.7522,-8.1232,3.4608,-1.1707,-1.2381,7.5904,-4.4414,-3.9328,4.3859,4.3112,5.8931,7.5959,9.6281,9.9005,1.6439,9.9277,0.6208,0.5922,3.2543,-8.0523,9.9862,9.1789,-7.3511,-7.7748,-7.2776,-0.9289,2.4216,7.0121,0.3283,-6.8537,4.8567,0.4969,2.7182,-5.3634,-1.4681,4.4876,6.2494,-2.0648,7.3237,-4.7156,9.5812,3.6299,-0.0814,-6.5045,-7.3698,-3.565,6.6192
-3.5832,9.147,6.7917,-9.4414,9.7047,9.8003,7.6404,-3.6502,7.988,9.9464,-3.8256,-1.152,-0.4191,7.4833,3.2893,1.7204,5.2075,4.5401,2.8878,-0.1479,6.1632,-3.0041,-3.0684,5.6183,6.9861,-0.9446,-4.5224,-9.4003,8.3872,-1.8141,6.738,5.3732,-7.021,-6.6821,-3.7054,-2.9634,1.1589,-2.7437,4.4781,-3.2297,-6.4687,-0.7068,2.8054,7.7267,7.6124,-6.3076,4.5732,5.7419,-7.6343,-5.5113,6.1556,-6.6786,7.9452,-1.1915,9.1382,-3.9925,-9.9742,3.2361,3.2938,0.8902,5.4728,6.7157,0.5285,6.3623,2.8484,-2.7028,-8.1445,2.599,5.4017,0.4396,-0.8496,8.3778,6.9101,-9.5864,-4.4233,0.9324,3.5032,3.8426,-4.9191,7.5545,8.0074,-2.6647,-0.3815,-4.9879,0.6927,-5.0952,-1.5282,8.8394,0.249,0.9906,7.6239,7.0339,5.6318,-4.7929,9.1984,7.1146,-4.9519,2.6444,8.6437,-6.1411,-1.1201,-2.9115,1.6177,4.8793,-0.4075,7.9999,0.0106,-4.0886,2.3021,-6.0932,-1.4224,-8.3941,5.3882,9.1948,-8.2602,5.6997,9.4455,-4.5373,7.4022,-3.563,3.2784,9.7038,-0.6931,-4.1383,3.9003,8.6785,5.0666,8.6797,4.2676,-3.4486,-3.0477,-8.7489,8.2587,8.7146,6.8821,-5.7736,7.9814,-7.8436,-5.3489,-0.6667,-5.9771,8.7475,-5.4873,-0.2666,-2.6611,-8.1891,4.2849,-2.3951,5.3399,-4.6279,-4.0053,0.1278,-2.3534,-2.5612,-1.4931,-5.878,6.2228,3.1484,-8.4943,7.8855,-7.1263,-4.0489,-8.4864,6.4017,-9.2153,2.4298,-0.5289,-9.2405,-3.4223,9.542,2.0544,-4.0714,2.0238,-2.4681,6.6611,0.125,1.7559,5.5995,-5.8457,-4.9463,9.1093,2.5907,7.838,5.2852,-6.4084,-3.8785,4.1707,-2.5726,0.0891,-5.1477,8.8423,-8.2466,4.6641,-9.4336,-9.6932,0.8185,5.1181,-2.3999,0.4114,-6.0516
-9.4033,6.1143,4.6935,-4.7137,-7.1165,7.8149,4.0492,7.0969,-0.8493,-1.4625,-1.7015,-3.6018,9.3429,-1.4006,7.7568,-0.5672,-5.0884,6.8582,1.353,-3.7642,4.0809,0.5005,-5.1673,5.6371,1.4973,-4.5297,3.348,8.5525,3.8834,-4.5633,-4.8146,-9.9089,0.9962,-6.3592,-4.2356,4.8344,-5.1173,1.8111,4.5246,6.4968,7.9442,-3.9579,2.8712,-6.1132,1.9953,-9.123,4.5372,9.4015,9.844,-2.0225,-8.4549,-3.2619,3.394,-3.632,6.6665,-4.8306,3.8574,-9.3589,2.2873,-9.2685,-2.1957,-8.9969,5.0383,-2.2548,4.4231,7.2973,-6.3169,-5.4235,-4.5238,-4.9328,-8.1753,-1.9138,6.2176,-5.2078,3.5119,-1.1261,1.9784,-8.2373,8.9843,0.806,9.6779,-1.4196,-2.9308,8.4522,-2.3932,4.0142,-2.5475,-2.4549,-6.115,-7.1173,4.2521,1.1675,-1.7938,1.9768,7.4266,3.3583,-4.5747,-2.4208,-3.5654,-2.6517,-2.9798,2.5394,-9.692,-4.5018,-9.9193,-6.847,-2.9607,7.9189,-9.3698,-6.1776,-7.6428,-3.9454,-5.0127,-1.1285,-6.7352,4.6495,7.9911,6.0712,-4.2886,-2.1862,6.34,2.9824,-6.8821,-5.0309,-6.7296,4.2367,5.2902,2.5089,-0.211,5.4894,-7.8873,0.1495,-5.9673,4.9632,1.0703,-7.5459,-7.151,-8.1558,8.3173,8.5088,-0.3165,-8.9999,8.0005,8.2132,-1.4162,-5.656,-7.4163,9.8093,6.3922,2.0184,-2.9325,-3.5345,-9.6867,-6.4186,-5.0135,7.495,-4.5844,-8.1433,-8.7121,1.2696,-5.7291,0.8068,-3.0658,-2.3313,2.8198,-5.1509,5.4716,0.1299,2.0559,-3.683,4.946,5.3954,5.7619,-5.6376,-1.962,2.3632,4.6837,7.9843,3.2692,5.7849,-7.0208,2.8928,-6.7176,8.6092,5.2179,-8.8436,-1.8563,7.5223,4.4246,5.448,3.2856,5.611,-0.7041,-3.9781,3.9401,-5.7338,1.36,6.4048,5.1221,2.078
7.3573,-2.8144,0.37,-2.3528,-3.764,9.4343,-6.2475,-0.6939,-8.7533,-3.715,7.5074,8.5885,0.5191,4.0524,7.6046,8.4009,-5.2822,2.0632,5.3339,5.2624,-2.7889,9.5125,-9.2598,-6.8329,-2.2439,-6.3748,0.0847,7.6525,2.7423,-7.1017,9.3285,-2.1776,-4.3945,-7.6988,9.2208,4.121,-3.435,4.691,-9.4443,1.1102,-7.6054,7.1598,6.6912,-8.8268,-1.3563,-0.1029,-4.8793,2.5534,1.6912,-3.8953,8.1448,-3.5282,0.6255,0.6961,7.4771,-2.0899,-0.0106,0.6944,3.9524,-3.4495,-9.976,-0.595,8.6723,7.222,9.4469,-0.9593,0.3769,7.6887,4.7911,-3.4142,4.0843,6.0628,4.3496,1.4709,-7.4453,-8.8152,-0.3548,-2.6253,9.6185,5.6916,-4.1685,9.8388,-0.6739,-7.0268,5.8115,-0.857,5.2839,-9.6227,1.9407,2.5614,9.6573,5.6237,6.1511,-6.8012,4.0037,-6.8816,-3.6202,-4.7628,1.9369,0.692,0.2146,-1.9031,-0.0095,0.5195,1.6237,2.124,5.2355,-0.2952,7.6063,1.8011,4.5916,2.7933,9.9462,2.8476,1.9527,-6.4002,-6.8826,-0.0387,1.1085,3.8426,-0.9037,-2.534,-7.1063,0.0452,6.3084,-6.1208,-0.4842,-3.9576,-8.2949,1.1424,-3.1791,-7.0711,9.8623,6.3355,6.091,9.6299,-4.011,-4.2735,7.98,-8.2502,-4.4101,-7.2018,5.374,-0.5922,6.4155,5.2154,-4.3004,7.402,1.9575,-9.1124,-3.4352,0.0233,-3.428,5.521,-9.1974,1.1453,5.8735,-4.6843,-2.056,-6.7675,-1.5002,5.0295,-9.9045,1.054,6.0088,6.9704,7.8564,-9.2899,-4.9037,5.4351,-0.7187,-8.1017,-9.5425,0.9933,2.3972,-0.231,-6.0684,-5.1414,5.2813,2.6344,-5.0895,-4.143,-8.9185,-2.8502,-8.4737,5.6712,-7.0049,7.685,-2.9952,2.801,5.0236,3.6461,0.6643,-7.1868,9.5053,4.932,-0.1871,-3.8671,-8.3343,7.2038
-2.9718,-3.7515,-4.8375,-9.952,3.4303,0.1968,2.1621,5.828,2.9142,-6.658,9.9311,-0.6765,0.7917,-4.8307,8.8178,6.701,-5.3588,-2.861,-4.0533,-4.2294,-9.3279,2.4583,0.5306,5.272,0.4332,5.9936,9.9683,-3.7665,-4.5492,1.633,8.0395,-2.9894,-2.4701,-5.8487,-6.6245,-8.404,-0.7555,2.7257,-7.9771,-7.4221,-6.7603,9.6173,5.9594,4.7774,0.2809,-2.6477,4.1705,-1.9405,5.6222,-3.5549,-9.596,-5.3158,8.3708,-9.9202,2.8145,-1.1371,0.806,-6.1899,-2.6812,2.9417,7.1751,6.1381,-8.3364,-5.8626,0.178,5.6202,-8.1745,-9.0071,-0.2726,8.0712,2.4556,-6.2774,4.5057,-9.6137,9.8816,-3.4618,-1.8413,3.5974,8.6221,1.9502,-6.8788,-0.591,9.3838,6.2148,4.368,2.1003,3.5757,-8.5703,-2.4269,-5.4577,-8.7217,4.9975,-9.7392,3.8221,-0.926,9.1105,5.8871,-6.538,-7.1595,7.9809,-7.8735,-7.9969,-6.507,-6.9437,9.3022,-7.1415,-0.6744,-1.7174,-3.2783,4.1392,-4.3311,-1.4838,1.5605,-9.5721,0.3587,6.2039,8.42,3.2551,-4.6914,3.5778,3.4695,8.7985,6.1895,3.7739,3.2112,-1.0136,9.4268,-5.7159,-2.9932,5.8302,-3.5852,-3.793,-0.0204,-6.8974,5.7809,0.3722,0.74,-7.1641,4.1814,9.8494,-3.8336,0.0212,-2.6632,6.8723,-1.8583,7.0561,9.0939,9.2802,-5.2348,0.4823,8.9951,-6.8687,-0.4558,-0.5158,-9.6599,-4.6659,2.7894,-4.1078,8.721,9.728,2.0843,-9.9455,-1.871,-0.5998,-1.8203,-3.7587,4.5184,0.3867,8.4063,-2.5587,-8.606,5.615,-0.33,7.3077,1.9433,7.0404,4.2228,-8.3927,-7.0885,-4.5234,3.8906,-0.9748,4.1532,6.6845,2.537,-2.577,-8.2126,7.2773,4.0138,-0.8481,8.6181,8.9837,-7.183,-5.8313,7.8748,-8.3767,1.6313,-6.4041,-6.8056,8.6155
8.3397,-3.2696,4.5719,7.065,-4.8354,0.6541,-2.0843,3.5757,7.1566,5.3142,1.4845,-2.282,1.1592,-2.2255,-4.004,-6.9935,-9.8634,7.901,1.9283,0.2838,-8.6374,0.3257,3.2212,-3.2472,9.3418,-4.8532,-9.8386,-3.055,6.9698,-7.2804,-1.518,9.2637,3.3989,-2.135,-0.8545,-8.4141,-3.7597,0.3054,5.7441,-0.509,-0.0558,3.3488,-6.5006,-4.4226,4.6833,-3.7974,5.6808,-1.5382,7.1137,-9.5626,0.5351,-2.2661,-5.9957,6.5517,7.8533,5.3022,7.7488,-0.3975,1.1278,-6.1095,-5.5116,-6.372,-9.5908,9.0885,9.778,-1.7144,6.3338,-4.2047,-2.5781,5.4819,-8.0542,-7.1191,-2.7359,8.7875,-7.3979,7.7988,-9.7859,-2.2591,4.275,-4.5022,9.1009,3.7684,-2.2505,9.6423,-8.4613,-9.0006,4.67,7.1819,2.253,-0.6462,-4.5816,-4.1903,-3.7257,4.651,-7.2967,-9.197,-6.9603,-3.8873,-7.4044,7.8651,2.7175,8.0377,-3.9119,6.0144,7.389,8.2191,-6.6352,0.6296,2.1084,0.2254,-5.7645,-4.1424,5.0645,5.475,-8.8053,5.5777,6.4759,-0.9887,8.2442,1.0917,1.9968,7.5011,-4.8639,-7.4209,8.9545,-6.8673,-8.4332,-5.2927,8.1593,-5.0932,2.1824,-2.0987,7.7381,-6.8472,-0.696,2.7671,6.3203,-1.1242,1.6917,3.9825,5.1893,-7.0657,-6.4644,-7.0443,7.6104,-1.6295,-8.6622,-4.9546,-3.8695,-9.4847,-8.3812,1.7251,-7.9878,6.4727,-3.8212,-1.5274,7.3788,0.89,3.1363,3.5536,-8.2087,-1.742,4.7503,-4.724,-7.5161,7.5495,-6.978,-3.9613,-6.0681,-0.7113,-4.831,-0.664,-5.5016,-4.247,-0.116,-6.271,6.2029,-3.7487,8.5565,5.7423,4.9665,0.0367,-6.5648,6.8312,8.231,7.6624,3.351,9.9481,7.6588,8.6587,-3.2492,-3.7433,8.5338,-9.6123,9.9206,-3.864,7.931,0.9163,-5.221,9.3568
6.088,-7.3063,7.7798,7.6439,8.2269,-8.2307,3.9305,7.0057,2.9622,-1.821,-1.493,8.8052,4.7955,-5.3313,1.3256,5.3426,9.9935,5.1319,1.0499,2.6338,-6.0202,-6.1058,1.3529,8.9875,3.6128,-7.126,9.0326,-0.3458,-9.1156,-5.1043,-3.1742,-0.7282,7.3626,-3.933,6.5534,-3.8043,-7.1577,-2.3476,0.9615,-5.5731,-2.8769,-8.563,5.3335,-9.9602,9.0105,-0.1813,5.9184,8.8305,-3.6731,8.9636,-6.2619,6.5321,-5.6248,9.7184,-5.5954,5.8012,-5.5581,-6.0325,6.5017,-9.2536,-0.383,-4.5394,9.0104,-7.7183,1.0956,3.5095,4.4089,1.2035,-6.803,6.0535,-2.5972,5.487,-4.7692,0.7408,2.3174,-8.88,2.7687,-8.0825,-5.3581,-4.1245,7.1902,9.1465,-9.0473,-6.2822,3.8269,3.8876,-0.6342,4.9735,9.8895,7.5884,2.3345,-4.0589,-2.5972,-1.1322,-0.2291,8.4212,-4.0115,0.5363,5.6089,-1.1078,-2.0796,-2.3645,9.3236,5.0886,-0.3485,-4.5996,-0.2878,8.8117,4.0272,3.1053,-6.423,0.6051,-3.7617,7.5189,7.6544,0.2711,3.7386,1.8574,1.3794,-8.7267,9.5849,1.0613,-8.6571,1.9851,7.2421,-9.7893,-6.7927,6.6378,-7.1506,6.0249,2.7308,0.266,-7.1771,1.7385,-3.9337,-7.9875,4.4383,-6.9359,0.9607,-0.6122,-2.1076,2.4825,-2.8945,-2.66,7.5215,7.4706,7.2951,-5.7494,-9.3034,-0.0842,1.5289,-3.1946,-0.8902,-4.4322,-6.9228,4.6705,-0.6001,9.3473,-4.5496,-9.5811,-0.8499,-4.003,9.4099,-3.4804,-1.2435,2.1857,-3.2903,9.9742,-1.3058,-9.0303,-3.013,-2.289,0.2856,1.1133,-7.195,5.6243,2.3532,0.9811,-3.8207,8.4318,2.3668,7.073,6.9951,5.0546,-9.2255,6.9955,-1.4431,6.7779,9.0819,6.9392,-0.9524,-1.4426,9.785,6.1977,-5.2354,-6.9793,7.3907,-2.5723,-2.0767,-8.1774
-1.3451,4.0918,-3.4434,-9.2625,-1.6626,-3.4368,2.2775,9.9731,0.515,7.9841,1.2059,-8.6953,-3.5984,-5.2808,0.8817,8.9784,8.3659,-5.4733,4.8005,7.4233,2.9599,9.6651,-3.0889,-4.1516,-8.2234,2.972,2.6727,-5.0266,-6.1032,-4.3805,1.1081,9.7804,8.2858,1.6482,4.4142,9.115,-9.8317,-7.0162,6.3294,6.111,-7.0897,8.7135,6.0841,-6.7394,2.2902,9.9178,0.653,0.7224,-4.8268,6.4273,-7.9595,-9.9754,-8.8539,-0.2691,-8.9963,4.3426,-7.7389,-9.36,-8.97,0.0851,-9.4508,1.9873,-0.9435,-9.6816,-0.2544,1.633,9.477,-4.4625,1.3024,-7.2169,-2.9812,-3.7678,7.9632,-6.6041,-9.3503,8.322,0.6782,7.3125,-7.3123,-0.6982,-4.2682,-3.8617,9.0968,-5.1793,-6.885,0.6951,3.1993,6.3798,-9.8479,0.1873,-0.5754,2.5576,9.9128,9.7472,-6.7113,-9.3742,1.415,-7.9329,-2.477,-3.8672,5.4016,-5.846,-8.6827,-9.5261,8.9927,-6.7497,-0.7976,-0.7899,-4.9114,4.0363,-1.5271,-7.0908,-4.2459,6.9996,-6.3694,-3.5755,-9.1277,-7.7187,-2.0452,8.574,1.2019,-1.5167,6.9071,-9.4263,-8.4675,6.5082,4.7323,9.2644,-3.2759,-7.7736,-8.8413,4.2547,-9.9931,-4.2599,-5.3415,-7.8768,9.9943,5.675,0.4358,3.3585,9.2145,0.3741,-5.9177,-9.3299,-6.9347,5.7445,-4.9131,-1.4924,6.0462,-9.1569,1.1558,-7.8538,-6.1779,-3.4097,-8.9416,4.4725,-6.1099,6.8622,8.3265,5.4359,8.449,-4.9266,-2.642,-2.807,6.9749,5.1919,8.0739,-9.0994,9.2605,-0.5237,7.0065,-3.0524,-5.1091,9.656,-8.292,1.4321,-9.0168,-1.957,2.1623,-5.9013,-2.8442,-0.0293,5.5312,-7.499,2.4278,0.5691,-6.702,-1.5249,2.0631,-5.3978,-0.3123,3.1881,4.2911,-0.192,9.8234,-3.7798,5.5517,4.3654,-8.5774,5.5305
5.2145,-8.9052,-6.093,-0.184,-8.1873,6.5677,-8.1514,-9.5041,1.2331,-7.038,-6.4339,-1.1681,-4.3697,0.3955,-6.978,-3.4699,-5.0728,4.1855,-1.9874,9.1456,-7.199,-4.9111,8.1162,-9.4055,3.8176,5.9458,9.9514,4.2559,1.9944,-4.2061,0.9998,-1.1416,2.5235,0.363,-2.4882,5.5796,-3.4285,-8.1569,-6.826,6.1942,-8.2792,-8.1958,-7.8509,-1.8078,7.3098,7.1447,-2.5041,-4.3836,1.6048,9.5774,-4.2827,3.9538,-3.2841,3.5075,4.805,-6.854,-6.6291,0.8992,9.4132,0.2857,3.4222,-5.1749,-7.7707,5.4755,1.3256,7.1383,-3.3496,-3.8757,-6.7883,-0.5869,-8.3993,3.3965,-2.5107,7.3446,-9.8913,9.7755,-5.9538,-5.386,3.3924,4.9741,-6.8617,-9.5671,-1.1139,-6.4624,-4.3098,2.9464,-4.865,2.1744,-8.0202,8.8899,5.4102,-9.8781,2.5144,-9.1145,-1.0405,6.7642,0.2465,1.0209,6.5423,-0.2129,-9.3373,-2.3518,-4.2262,-4.6104,-8.8673,-4.1401,-8.4959,8.9439,-5.8508,1.509,-0.905,5.9116,-8.0139,-6.6466,5.0025,4.9129,6.3938,-6.8894,-2.0374,-8.4115,-0.0383,7.7447,-8.7621,3.7859,5.894,-3.8732,2.6496,-1.1556,-4.8261,-3.6636,-7.9895,-9.6603,4.2031,3.2398,-9.3787,-7.1575,3.16,1.717,-9.259,-2.3051,5.3882,2.8879,6.1873,-8.8862,-1.5183,-2.6778,-3.1196,-9.4903,-3.0261,-6.7246,0.0757,0.0589,-9.3291,8.1974,-5.9113,1.769,-4.2731,6.7177,-2.506,-3.0006,-7.5184,8.2273,3.7327,6.2207,2.5963,1.4093,-6.1827,-1.2194,-1.3483,-9.6394,3.0771,-1.8631,5.3167,-8.6868,-9.6034,-5.2832,-9.8996,7.7886,9.994,4.8505,-5.2408,3.3765,-0.6739,-2.5011,-7.6021,-3.8093,3.3223,-8.3064,-4.1662,-7.9277,-0.3083,-4.0938,5.1464,0.0403,5.3729,-4.5885,-5.8545,0.2405,5.1682,-1.367
-6.3524,-9.6628,1.0225,8.412,-1.0508,-5.8783,4.1865,-5.854,-8.8952,-3.5911,2.4872,7.7169,0.9995,0.2336,6.4554,9.1894,-8.4445,6.1859,-9.7547,-4.942,8.7872,-2.2912,5.7945,2.3679,-7.35,2.2851,-5.0292,4.5174,1.5277,-8.1413,9.6329,3.3801,-4.472,-1.7042,-4.7713,-5.7012,-8.6782,4.6166,-9.4316,7.8224,9.5079,9.7055,-4.955,9.2975,-3.8432,1.0836,-0.7767,9.115,5.7574,3.4071,-0.7777,-1.9744,-9.6359,-1.2891,-8.4568,9.1152,5.1373,-3.8103,-0.3848,-6.2249,4.1841,-9.3414,-4.6206,-4.6438,6.334,-2.1176,9.2282,1.7091,4.4674,4.7829,3.4694,0.259,9.266,-4.9596,-6.2639,6.8824,9.5711,7.651,-1.4783,-6.3671,6.6188,8.5802,-0.7416,7.5168,-7.4543,8.172,-3.7155,-0.029,2.3946,-5.8236,-1.5391,8.4088,-0.7381,9.5998,-9.6337,-8.2932,4.9454,4.2774,-4.7097,4.6785,0.5382,-5.2685,-0.8843,-0.4721,0.8237,3.9738,-4.5239,2.0667,5.2301,-6.5468,7.9218,8.6629,-6.0892,-3.4933,4.3809,6.5951,-3.8952,9.1081,9.4204,9.5751,-2.8374,3.5537,0.2674,-8.9158,1.1105,3.4463,-3.5132,-5.4422,-3.8421,-5.7607,-0.5133,-3.3908,6.3741,3.515,-3.095,-2.6882,0.358,5.3084,6.4563,0.1535,3.5229,0.7968,8.8134,-1.7418,7.4772,-9.0532,-1.8742,-5.8744,9.0486,-4.8737,3.0358,-3.3209,7.0542,4.1051,-5.3653,1.1729,0.1478,-0.156,-7.9143,-1.5449,8.8143,-7.3216,-5.9032,2.1675,-7.4379,-4.4738,4.6565,4.9637,4.7169,0.1752,-6.3726,-7.5578,4.2638,1.4251,5.3364,-4.2148,-2.3129,6.8046,3.5027,-0.948,7.1637,-4.5828,9.8457,4.3053,-4.7897,3.8491,9.9677,8.7371,7.0834,-7.2077,8.8386,-1.1448,2.5464,8.4574,7.1751,2.9805,-2.6976,4.1471,8.7852,8.111
9.6954,-1.9514,3.8975,5.4259,-3.5302,6.9633,-6.2683,8.4943,-7.9068,-9.567,-3.1436,8.7746,-1.5353,-1.2979,2.3506,8.7594,-4.3179,-8.1858,-6.2748,7.5108,8.6753,-0.5911,-1.8679,4.6473,-0.8573,5.9501,4.6464,4.1313,-1.9033,6.2794,-1.6848,6.1527,-3.6401,4.434,-4.8241,-9.3942,-9.6378,4.0813,3.3838,8.9253,-1.7613,-2.6979,3.9501,2.2906,-6.4348,8.785,-3.9766,-4.3937,-1.7915,7.8948,9.3717,-2.612,8.4222,-8.2487,5.268,1.7139,-9.2371,-6.5029,5.5118,2.5154,-9.7632,-6.2535,6.5186,6.4352,5.1936,3.1631,-9.2176,-5.2221,-1.0689,-9.2664,-8.4339,-6.8506,-5.4367,-6.4852,7.376,-3.5376,-1.9994,-5.6243,-7.9147,5.2236,-8.2647,-6.2839,9.2155,3.1393,-7.8105,0.8886,-1.0336,9.0091,-9.3753,-7.8385,7.3811,-1.9027,-9.8672,5.5058,4.4599,6.3623,-6.2486,-3.7653,8.3013,-2.2057,8.3747,-8.6315,9.3616,-9.2091,4.4679,6.2257,-9.3338,-9.0455,1.8664,0.7781,9.2185,0.8473,6.3264,-5.9204,-1.8319,5.7127,-8.9179,-4.5724,2.3629,-7.2689,6.989,7.1173,-9.8945,-0.6249,1.7241,2.8538,-6.8532,-0.0706,8.2318,-8.1003,-0.0381,-7.847,2.9643,-4.2674,9.3908,-8.5136,3.2968,-7.4259,-6.04,-0.5373,6.7057,1.5887,1.4938,8.4213,2.6528,-3.3506,3.7458,-9.0506,-3.4503,3.669,1.86,1.8523,-6.121,-2.1553,6.8206,-5.2586,9.7113,4.763,-5.0773,-8.4691,8.831,-9.5309,-4.6423,-4.3387,6.3089,1.3999,-2.3656,-7.4895,7.002,1.7532,0.1367,-1.8673,8.2662,3.567,-1.9763,-1.6166,-0.2805,-8.2443,8.0722,2.9075,-4.0079,-2.8682,7.1979,-7.2649,9.1713,4.0112,-2.2917,6.7614,8.9423,-9.9201,-9.1348,6.6855,4.7718,-1.0027,-8.8213,6.7808,-3.3012,4.1124,6.6171,9.5775
-3.2637,-9.191,-4.6774,9.421,7.9938,4.1615,9.3424,5.7998,8.166,-6.69,0.1363,-2.0146,-0.4664,-7.5447,-9.3903,9.8385,-6.6047,-8.4292,3.0976,-7.8581,1.5592,-3.5309,2.8238,-9.0583,-2.524,7.8188,-3.3394,0.1629,3.4649,0.023,4.5897,7.9237,-3.3089,-0.373,4.6765,8.0606,-9.6389,4.6409,-4.1579,6.2419,7.3173,4.5638,8.2336,-8.9855,-8.7487,7.9698,0.7716,9.8381,1.5772,-6.2976,7.3342,7.4426,2.9138,-1.1392,-7.0339,-5.2981,-6.3161,7.508,3.9755,-6.4896,2.4599,6.2135,-6.9876,3.9463,-8.1131,-9.1875,-8.3469,-1.4024,8.0005,7.0532,-0.8058,-9.277,-1.3651,7.2844,-4.284,8.419,-5.8104,-8.4936,-9.36,9.075,-6.9568,-8.8323,-6.9117,-5.5222,6.7447,9.0101,3.6549,-1.1386,-5.2473,5.4227,7.062,0.4275,-1.6657,-0.6062,3.8817,9.8061,-3.9542,6.0618,0.2523,0.8561,9.1741,-3.6234,0.8199,9.8374,-5.6104,1.349,-6.5762,-7.8269,-8.7222,-7.5298,1.8811,-3.6032,-8.6608,-0.6043,8.7619,-0.8415,7.2632,2.2375,1.7091,0.5365,2.0021,-0.8852,-9.9695,5.9626,-0.6145,1.2798,0.3367,-1.0497,7.9454,9.3928,9.0459,8.2459,-2.7907,-4.3906,-5.0265,4.2555,9.6102,-9.0628,5.5576,-2.245,-6.1073,-0.5479,1.3232,0.0631,0.3629,2.0096,-4.6953,-7.0614,1.4997,1.5332,-2.4606,-4.5616,1.8937,-3.1607,7.5643,2.9165,0.8917,1.5267,7.8533,-6.0522,-5.7017,1.9405,-2.7717,-9.8825,-9.6935,-9.7516,-7.2013,9.5228,2.3227,-4.9383,-2.4319,-9.8461,-0.3334,-1.8297,0.5001,-4.7713,8.1946,0.0015,0.9353,4.7774,3.9968,4.6647,5.5633,-2.2599,-3.4375,6.6328,2.7699,-0.7076,-2.0695,-1.5489,4.7244,7.9882,-6.0953,0.1514,-9.2177,-3.8348,-6.9524,8.9176,-5.0407,-3.4174
-9.1634,-8.3546,-8.2183,3.2618,0.0087,-2.0891,1.5713,5.7714,7.7313,-8.8303,0.2789,7.0565,-1.81,2.6269,-3.2355,3.316,9.3169,-9.2968,-8.2501,5.9525,5.291,-1.3107,-3.304,-1.7209,5.2055,-3.6441,-9.5786,-2.8514,8.4603,0.562,0.4824,5.3357,3.3175,9.6691,-2.3041,-6.4166,4.2702,9.9385,6.4064,6.5764,7.1175,6.1769,3.5118,2.0044,6.3552,3.4343,0.4255,4.2053,-2.8909,-4.7269,2.1002,3.3277,-5.8838,-6.736,2.2224,5.652,-9.9424,-8.7094,-7.0467,-9.549,2.292,1.3215,9.1163,8.301,-0.2969,8.5365,8.6754,2.0401,-5.3756,7.1822,9.4369,9.183,-9.8996,0.8829,4.3289,7.8754,-1.6682,-6.0213,9.8226,-0.9058,9.9345,-5.3571,2.7766,-3.6864,2.6571,-0.1953,-6.097,-6.0956,6.0986,-4.7419,-8.2225,-9.1234,3.8691,-3.7152,0.2036,2.3618,-9.5933,2.7516,-2.8868,-5.4768,-7.9224,3.4493,9.1933,7.1849,2.2898,2.667,-8.8057,-0.9285,-5.265,0.4831,-1.6952,2.159,1.3734,-9.1639,5.0301,-9.7258,8.3549,7.4441,9.7332,-0.9739,4.2045,-7.9623,7.5782,9.0432,-4.1952,-8.2765,-6.5937,-1.8066,-8.3766,-2.2985,-7.0921,-5.7926,-4.8018,4.2723,2.2487,9.4997,-5.3131,-8.6051,5.1227,-7.5898,-2.593,-8.5697,6.1395,-4.6164,-7.5656,-1.5457,-4.4729,-1.4408,9.0481,-4.7829,7.8596,5.2297,-7.4413,-7.9736,3.0027,4.2896,8.3608,-7.4232,-3.547,1.5065,8.5635,9.9251,8.4884,-6.396,-7.3773,8.468,-2.2315,3.9888,-6.4255,8.4766,6.991,-3.7708,9.6809,-0.2067,5.8039,-3.8962,-2.5007,-4.1978,-6.8849,-6.5019,0.778,6.4308,6.1202,7.0183,-1.0112,-7.4585,-8.2418,1.2487,-8.0408,2.7706,-3.7573,2.5587,-0.592,-1.2441,9.8309,-7.4731,-7.2742,0.0928,4.5361,5.9745
-7.9374,-4.6173,3.7061,-8.4827,3.8583,9.3613,-2.25,-0.6373,-3.5335,2.7939,-4.6911,0.4386,0.5745,7.4116,-0.285,7.8821,9.5804,8.8171,-2.7179,8.0298,6.9609,5.891,-7.6392,-5.9851,6.9693,6.3,7.8298,-0.8736,-8.3111,-1.4662,1.6971,-5.7644,-9.0785,-4.0575,-1.45,-2.2269,7.8436,-5.905,-1.6523,6.7468,3.5559,-7.6256,6.6185,-5.5059,-9.1958,-7.8245,0.0142,-2.4954,-4.4411,-1.5448,5.2815,6.9239,2.161,3.8839,5.0796,-1.4138,3.3269,9.5284,-1.2717,-5.0754,-1.0676,-5.3931,-1.6445,-1.292,5.9814,-6.6109,1.1901,7.6115,0.6365,-1.9104,6.8662,-2.3235,4.8447,1.6872,-7.9278,-3.5419,-0.0531,-8.7721,-7.531,-3.9322,-3.8247,-0.9435,-7.9414,2.2961,1.6605,8.1449,3.8076,7.0021,5.2298,-5.3655,4.3938,9.7357,-3.1031,8.9269,4.283,-1.1967,-3.4549,-6.726,-7.6406,-5.1398,6.4217,3.3491,5.2962,-4.7967,-7.852,-6.0806,-9.7299,-3.0602,-2.7879,8.0517,-8.7594,-3.2326,-9.8712,-2.566,-5.8349,-3.058,1.2574,-1.1364,3.7816,4.576,7.6368,7.6834,5.1027,-8.8762,-1.9861,-1.5207,0.8965,-2.8577,-4.5723,6.6075,4.467,5.1954,2.4303,-1.4617,1.6601,2.7266,8.9061,-8.5892,-8.0381,-5.2728,-9.2871,-7.7959,6.7404,5.2014,-4.7989,-8.4061,2.7487,-6.6857,0.3892,6.4078,4.709,4.4282,6.3782,-8.3883,-6.9993,-2.4377,8.8479,-3.625,-5.7024,8.9352,9.1518,-0.5393,-6.0204,9.8827,3.8805,-0.7378,3.6493,-9.8671,-6.3362,5.4271,1.4355,4.6698,-1.1796,4.4085,-0.8546,6.1597,2.0411,3.0121,-0.5495,-0.5171,8.7036,-1.7919,-7.8568,-6.7622,4.4207,-2.315,-9.0318,-8.3342,8.6792,1.1184,-9.3152,-3.2978,-0.688,6.3099,-5.1594,-9.003,3.9842,8.1906,-5.9888,-5.6437
-3.0692,5.3132,-7.0459,-2.9608,-5.9723,-2.2586,1.778,-5.552,-6.7565,-1.356,0.5039,1.0191,-8.7007,7.4387,7.681,3.163,5.705,3.9187,4.4421,-8.5034,-4.5947,2.0591,-9.3034,-7.1811,-9.7066,1.8593,-0.4814,-1.1849,1.4143,-4.0216,-1.0947,5.4444,-6.4926,-7.9021,-8.8611,1.3349,7.9625,-1.9828,-0.6316,4.75,5.0658,-8.9813,0.4287,-4.7619,3.8859,-9.758,9.3016,6.5616,0.9981,3.7838,9.8694,-2.6528,7.2808,-7.619,-5.5606,-7.4076,4.391,-4.6873,-1.4727,-5.7303,-2.7749,-2.0618,-8.9121,-3.6603,-2.4322,3.3952,4.1515,8.3055,4.143,4.045,5.9674,6.3257,3.2913,8.5465,-0.8536,-3.6977,0.6555,-3.4317,8.5729,-9.5727,-1.115,9.9651,-8.051,-2.5158,3.6341,-4.9999,6.416,4.1952,5.3655,8.2188,-1.6227,-5.0813,0.4869,0.6061,-5.5961,8.4677,4.6696,4.7445,-7.8696,-5.3378,1.8377,-5.9014,-1.1692,5.3983,-5.4581,-5.2337,-2.2855,-5.8824,7.9269,-5.3049,2.6596,3.8143,9.8117,-0.9499,-6.0388,-3.9338,-1.1019,9.0026,-3.4618,-1.2575,3.9618,1.0573,-3.4486,-2.939,-9.2265,2.6063,-0.9426,-4.4637,3.3791,2.9935,6.5622,-9.4527,2.3628,0.3046,6.0097,2.0788,5.514,8.1078,4.3228,0.014,5.6366,8.647,-8.9516,-7.9676,-8.5589,-6.9426,-2.5776,4.1426,6.3278,4.1183,2.3128,-4.859,9.2273,-0.4289,2.4934,9.7916,-5.2574,-1.1997,0.157,-1.4742,4.4296,-3.1172,-7.8327,9.1736,-0.3463,-6.5477,0.8836,-8.7168,-0.7222,-4.8032,2.2953,7.0081,-6.8159,-4.6977,6.4217,5.1185,-7.5982,-5.8762,-2.4991,-2.7392,-0.9865,6.052,-2.204,8.712,6.6592,-9.4755,8.3068,-1.6252,-3.6764,7.0165,2.7573,-7.3887,-2.1566,0.9552,-5.1575,-6.4666,-6.9703,3.1618,8.037,7.1683
-3.4727,-2.4202,-5.4309,-4.8111,-6.1435,1.2054,0.6944,-2.4443,4.4176,4.9802,-4.3587,3.2195,-4.1563,1.1124,9.7191,6.4601,-8.4512,-1.8596,8.7641,3.956,-6.5622,6.2385,2.7738,7.0896,-4.6489,8.4065,8.557,2.5527,4.8808,-2.6678,1.6594,5.8138,-2.9753,-8.9021,-5.7814,-2.5853,9.473,1.33,7.341,-7.8164,-0.8235,-4.4584,1.0465,-1.5275,-9.5537,0.399,5.6996,-3.2078,4.2457,6.7017,-2.0675,7.8476,-4.0025,-6.8089,6.1063,-1.0809,4.8685,-5.0414,6.917,-5.2104,-6.1519,-7.2426,-7.9814,-3.741,4.6176,-3.2496,-3.2699,-3.53,-3.0456,-2.1384,8.6701,7.2038,7.7778,8.3797,3.5256,-6.2158,4.6927,-7.4189,-7.9483,-8.3632,-7.7896,-7.3053,5.06,-1.4695,-0.6717,-6.3887,3.5066,9.3338,-7.2393,2.2737,2.5435,2.3722,9.8189,-9.13,5.661,5.4695,-2.498,-4.095,-6.2286,-9.834,2.9619,-3.1084,0.3191,4.0523,-1.1176,4.8534,8.4818,-6.6638,2.1763,9.2666,8.1373,8.0449,-1.0563,-5.4103,9.2371,-1.6147,7.092,-7.8754,2.9308,-9.8137,3.7435,-4.912,-2.0975,-3.2645,1.8441,-9.1745,-6.4559,-1.8713,-8.8045,-1.2901,-8.9387,4.9923,-2.1516,-0.7153,7.8144,6.1971,6.4653,-9.7405,-8.3436,3.0737,-1.7401,8.965,-7.2594,-5.8369,1.5228,-0.2335,1.837,6.309,-5.2661,0.4144,9.0008,-7.466,-2.5751,-8.4497,-7.9329,6.968,-1.8287,-4.0191,-1.3299,0.8416,4.3761,-8.5639,-0.8497,-4.6616,4.3936,-3.239,-7.1935,8.6889,-2.6255,-1.3179,6.6315,-0.2819,-7.2594,-9.6057,-3.3963,-5.288,2.7994,-1.0281,-6.6458,7.4324,4.1472,5.4746,9.3269,-6.5063,8.9795,-2.0933,8.9297,-8.0764,-1.5664,4.0046,-4.3843,6.223,-2.9035,5.9912,2.0466,3.1981,7.2929,1.4665,-4.7559,-2.8417
5.4176,-3.1537,8.683,-5.5233,-0.3117,3.6395,-9.7118,-6.8678,9.1562,4.0783,2.6602,5.3574,0.266,0.547,7.1853,1.7406,7.3855,8.9155,-1.2256,-8.0362,1.9805,6.2801,-7.6081,4.6744,1.7517,8.876,-5.2067,-9.994,-9.8179,-4.1866,-9.4639,-8.5899,-5.8488,9.749,9.6922,5.4551,-7.5586,9.4087,-4.0037,6.574,8.666,-2.9013,1.1653,2.7842,-8.2441,-2.8549,4.0195,-9.9643,-2.7514,-1.4923,6.404,-3.8829,-9.953,4.7789,-8.8646,5.364,8.2088,1.574,-1.7912,-8.6374,4.5125,3.125,1.1641,-1.6743,-3.6672,4.3532,5.3789,9.3408,-3.5929,-9.945,-3.2659,6.0476,-4.6944,6.6017,2.2405,-2.7982,-1.94,-1.5218,-2.1242,6.3308,6.5628,9.8784,-9.0912,-6.1477,-0.3372,-5.0127,5.5932,-7.4914,-9.3236,-7.5703,6.0816,5.5468,-3.1403,1.4328,-3.2303,-6.4608,4.9212,-9.241,-1.9851,8.564,9.8649,-8.7813,-3.7506,0.1317,6.2381,4.6314,-9.442,8.7823,-3.0417,3.144,7.7908,8.013,-0.3522,0.2376,5.569,-1.849,8.1781,2.5212,-4.4244,-8.8002,-8.461,-0.1753,6.254,-7.0303,-9.5983,-9.0835,-2.1114,-2.471,-7.1408,-2.0566,-9.2341,-8.6508,-8.7859,-2.6862,9.1447,2.0517,-5.9937,1.1135,-6.7939,0.2558,-0.0462,-0.4033,7.3246,-9.39,3.809,-0.5949,-9.2926,1.1794,7.7654,0.6235,4.9712,4.8574,-6.1463,-0.8356,-4.3993,-9.2609,4.7943,-8.0041,-5.2591,-0.3207,-1.6308,4.6694,5.549,0.9622,-4.3786,-9.5358,6.9542,1.251,-2.1799,4.6886,-5.5974,-5.3675,8.3875,7.1517,8.6293,-5.4573,-2.2829,-4.0327,3.4723,-2.8152,-2.8155,4.7293,-1.2917,-3.8473,-1.3274,9.6551,4.7658,-4.9768,8.3738,-1.2977,-5.0317,9.5616,-9.9545,-1.4781,4.1195,9.3341,-2.64,4.815,0.4407,-8.6009
-1.9025,6.9372,0.6743,-5.1183,-1.1161,-5.5056,-5.5648,0.5941,2.922,-9.486,-9.7716,9.5768,8.5936,1.0353,-0.9944,6.3351,-7.6588,2.5502,-7.8131,8.0282,7.7713,6.0685,-9.2502,-6.8629,6.7728,8.1471,-2.1661,-9.3037,2.8139,-8.7151,-9.7309,4.0151,3.3389,-4.2432,-9.5222,2.0441,9.6335,-8.1194,1.8871,9.6568,-6.4691,1.5162,-6.2193,7.7034,9.6794,3.9948,9.243,1.6868,-7.3431,1.8058,-8.1878,-6.4874,5.2959,0.3585,-5.7063,6.3431,2.2844,6.2337,-2.1879,-5.2847,7.4699,0.542,3.8024,-8.8085,3.8049,-5.3667,8.9541,5.3333,-3.1203,4.0774,8.9663,4.8625,-0.8338,-9.0598,7.362,0.6085,1.5878,2.69,-6.9127,9.0305,2.713,6.6957,-8.5406,-6.9484,-8.8677,-9.6476,-7.8367,5.2439,-0.7545,8.9888,-4.0307,1.3197,-8.1797,-5.5289,0.2674,-7.0764,-5.835,-2.6209,1.4407,-9.8365,-2.6515,9.663,8.7202,-4.1446,9.8137,-8.539,3.1295,9.9773,-9.5969,3.929,-9.8563,6.1399,-0.9929,1.7439,-4.324,-2.8378,1.3246,0.7405,2.7169,-7.168,-9.9434,7.9773,7.375,-5.8825,-8.8184,-8.1491,0.0816,5.4817,-1.0345,-2.5764,7.8097,-3.227,-2.9952,-3.7431,3.4338,1.4799,-5.1391,-2.7829,4.4357,-3.8817,-8.7886,2.6715,-8.0768,-5.5035,-2.3243,-3.9531,-6.363,-0.7603,0.5078,4.8411,3.2168,8.8288,1.3911,2.9998,-5.5846,4.2021,-9.9285,1.5035,8.1249,0.4566,-0.3127,-7.5594,5.1681,5.72,-5.2888,6.2779,9.1219,7.1801,-4.0803,-1.9409,-2.903,5.3442,7.9317,-8.7895,-0.636,6.9563,-8.4705,0.2977,6.4621,0.8557,3.1286,-6.7261,8.6008,-7.81,8.8054,-4.343,-1.8805,1.9597,8.7732,0.6998,8.3141,9.5187,-9.31,4.8447,-3.7916,7.0553,-4.9649,4.2404,-2.8105,7.2926
4.2585,-6.7542,-0.1,1.5069,2.4937,2.6319,9.7856,-8.9788,8.0044,7.5119,-9.5238,9.0652,1.4301,1.1502,-8.8993,-1.3638,-9.8496,-3.4689,6.6825,-9.1397,4.1019,-5.7358,8.4375,-9.494,-8.7953,-3.4554,-6.099,3.8639,-7.4324,-9.1968,-7.6593,1.2111,3.8644,-4.1318,0.4928,6.84,1.2146,0.8497,-5.4114,-8.7936,1.9734,3.1613,6.8727,-6.5125,7.2626,-4.6273,5.663,-9.2085,2.1593,0.0369,-9.5895,-8.0687,-2.6482,4.5635,-4.4899,-0.1402,-6.2153,6.5142,6.0629,3.4552,-7.0748,1.4525,8.8406,7.6178,-5.3509,-5.3203,8.3073,-3.0041,-4.1727,-8.927,-3.7852,7.562,5.3694,-5.2211,9.5367,6.2561,5.5487,4.8966,-2.6114,-6.6275,5.1552,2.9174,-2.1492,8.4801,6.9915,4.4891,3.7964,7.0268,2.8894,8.6991,1.2679,7.724,-1.9326,3.4596,-4.3787,6.4851,-9.728,5.8846,-9.5192,-1.6382,6.9896,6.3711,2.0945,-3.0298,-4.4456,6.0284,2.2855,-0.8925,-6.4738,3.7744,0.6899,-3.3804,-1.1656,2.3848,9.403,-3.3286,0.3171,2.9891,1.5428,4.2633,2.9889,-6.1618,-1.648,-2.0963,-9.1453,-5.2504,6.2044,-9.9674,6.2882,1.5958,6.7154,1.4537,-1.4226,-4.3949,-6.649,-5.7879,4.6981,-9.4203,3.2793,1.0135,-5.4807,-4.2,-5.5856,9.9874,9.3054,1.6115,2.215,7.9942,1.4305,-5.9974,5.3678,7.8407,7.0272,-4.7558,-4.6352,-7.3922,9.9815,-1.0992,8.9742,-7.3774,-8.0765,7.1546,-5.4041,2.7285,9.2929,-0.9441,-0.2262,-2.7701,1.5514,1.7657,-4.7996,8.8331,4.9367,-3.8892,8.2597,3.7209,-5.2659,8.1674,3.363,-0.6179,2.0834,7.3523,-4.4336,8.6171,3.1726,8.3642,4.4893,8.5039,-0.8632,8.3312,-1.1266,-9.4387,-3.1462,-7.0272,-8.8455,-3.2714,-9.0818,7.019,8.7593,-3.3483
-1.0258,-1.6291,3.8177,2.1095,2.0163,5.5804,9.0996,5.5656,-8.195,4.5887,-8.65,8.8982,-6.7304,7.5706,-2.2493,-7.9165,4.2722,-4.2961,-7.3652,-6.0947,7.1356,8.992,3.9137,-9.3055,-0.8544,-7.647,-6.8755,1.923,-7.2604,-4.3933,-1.4103,8.1211,-6.1682,6.3816,5.326,9.6123,-1.0145,1.2925,-9.9595,-1.2196,-2.5696,5.9067,0.9401,2.8334,-8.3516,7.5462,-9.0053,1.5904,4.5578,-7.3736,6.5712,-2.7656,-4.2957,-9.5842,-2.5995,-7.3995,0.6969,7.7681,4.9375,7.2847,-9.5257,4.087,2.17,-8.9798,-1.7652,-2.7979,2.7101,9.4952,2.2109,-3.3505,2.9428,5.7387,6.8099,-5.2455,5.3141,-7.1594,1.7297,8.166,-7.919,3.3251,-6.3197,-1.3868,9.1834,-4.6415,0.9102,-5.9234,-1.159,-2.2832,-0.8488,-1.3408,7.8465,2.7739,-6.1135,-5.6793,7.5907,-7.5063,-0.561,5.8794,-9.711,0.4333,6.6311,2.8142,-1.2721,2.5171,1.6555,-9.1758,6.4959,9.6367,7.1889,2.4569,-3.6097,5.5446,-2.8612,0.8482,2.7976,2.046,3.5646,3.2734,9.7727,4.4331,3.0405,0.4596,-4.5286,6.9171,-1.7949,-8.0008,3.8382,-2.721,-8.3323,4.7159,1.7104,-2.2384,-5.0148,-3.8168,-5.0566,-9.023,5.815,4.5906,-6.6814,-8.574,8.6698,-1.4315,6.2455,6.1462,1.9755,-0.4373,-5.2416,-6.3421,2.4487,5.167,3.8363,4.1999,0.5533,6.6242,-4.4897,8.406,-7.2823,-8.5009,-4.9254,-9.2777,7.9947,7.6033,-8.9535,-6.7773,-7.2792,-6.0929,2.2354,9.4188,-0.9635,-6.0282,-4.8891,0.8779,0.5368,-9.8349,-9.3684,7.4032,3.3456,9.0034,9.3061,-1.3246,3.0207,-0.6494,-5.3162,0.166,8.9574,6.4565,-9.944,-8.8083,-8.4981,5.077,-7.2856,9.9855,9.8887,-8.5271,3.3647,1.2959,7.6584,1.0063,4.5831,-3.9481
2.9182,-6.1181,8.1059,2.918,-3.3484,-6.626,-7.6819,-1.4258,0.1555,-0.7167,2.0727,2.6912,9.7632,2.2206,9.0745,6.4743,2.2418,-2.2205,-6.8225,8.0021,-3.5706,-8.8778,8.7155,0.6978,0.596,9.6934,-9.1079,-0.8533,-0.8932,9.4717,-4.5547,9.2835,3.7067,-6.6103,7.4667,5.4889,-4.7805,1.1621,6.3767,5.5611,5.9244,5.6061,0.6051,1.6529,0.713,6.8473,-8.0354,-5.9962,9.3745,-9.1061,9.8018,-3.3673,2.675,7.8661,3.7551,-4.0351,-0.7663,-2.5117,-7.2717,-1.3471,2.0068,2.0642,-0.4288,0.9111,0.0606,-6.2283,9.0866,0.2235,6.5588,8.2672,2.983,7.9483,4.7325,9.6484,0.2528,-4.5636,8.8927,5.9399,-2.7759,0.5828,-0.8724,0.852,-6.8253,-0.6375,-5.0032,9.2718,3.538,-4.086,-1.2514,-5.3605,-7.6862,2.3233,8.794,6.4849,4.3917,-8.2599,1.0205,8.8175,-1.6997,-8.1958,-2.2108,4.7933,6.8406,9.9135,7.9662,-7.6628,-9.7118,9.6118,-0.6795,-1.0818,-9.2603,3.6274,1.0918,8.0282,-5.6945,-1.9369,3.2102,0.8678,-6.8044,1.5736,6.388,-5.9416,9.6693,-5.7681,0.5418,-7.6395,-4.0384,-7.8878,-4.6952,4.1424,7.1175,-0.623,-3.3803,-3.0849,-4.3546,3.6799,7.809,5.116,7.15,8.5846,1.7393,4.9143,7.754,-9.3135,-0.7266,-7.2012,8.1059,-2.2059,-3.9031,7.2332,1.0492,-4.5083,-0.1077,-0.067,-0.3275,7.764,1.0669,-7.2975,3.0909,6.9165,-9.4887,9.4973,-9.492,-5.6452,5.2663,-9.2089,3.0259,-3.2515,-5.0994,-9.4526,4.5098,-8.6724,8.4929,5.5725,3.028,-3.5975,0.1498,-4.0932,-0.5086,-9.8673,-5.8612,-2.7028,8.8106,-2.339,8.453,-7.1925,-4.9375,-3.2063,-2.8991,8.0652,-0.8511,-6.7819,0.2439,-1.0572,9.3796,7.4222,-4.8889,7.5381,-4.3461,5.823
9.4888,8.9171,6.1612,-5.646,-5.4885,0.2645,-8.8857,6.472,-1.1868,-1.9317,-5.357,-7.8964,-5.2501,-9.9672,-4.2373,-6.9232,-5.2041,-8.6203,7.7191,-6.6943,-4.2086,9.564,7.3105,8.7434,5.4927,-6.0529,-9.2911,8.319,-7.741,1.8441,-0.1571,2.157,6.8552,-8.9845,-2.4793,-8.7478,-1.6134,0.7727,-2.9048,1.6928,6.6654,0.2396,9.2567,-6.1449,7.1251,8.0219,9.7305,9.3693,7.4981,4.5723,-2.2169,7.5859,-3.7471,-5.101,7.5428,-4.7909,7.9587,-9.7876,-8.9126,2.4022,0.4543,-0.236,9.1935,0.2461,3.022,6.6085,-7.9637,2.8111,4.0896,4.145,4.9684,-5.4864,-4.3225,4.6879,6.1217,-1.5908,9.1679,7.178,5.3945,-9.6107,5.7431,6.7769,7.1488,0.537,7.9218,-7.7548,-0.5896,-2.2539,-6.2772,-3.8861,-2.0582,3.8001,8.9521,7.162,9.8382,-4.503,-6.4491,-0.9472,2.2137,2.6331,-3.5663,9.7515,2.4644,1.9336,8.285,1.914,0.7119,-8.9877,7.3906,-2.4992,2.8935,9.9778,1.2619,8.1237,-1.539,7.1078,-1.2005,1.2196,-9.6139,0.8731,0.7421,4.4144,-4.741,-6.4681,-4.4048,9.4586,-5.3773,6.0926,1.3869,-2.7951,9.7701,-5.8981,-5.1283,-7.7923,-6.032,7.5565,6.1035,1.7673,-1.3342,-7.1081,-6.2675,-3.506,3.1639,-2.6329,-0.0295,1.8834,-1.8632,-3.5977,5.3042,-3.3321,-2.2953,2.091,-3.0569,5.2497,-2.0481,-0.8648,6.4754,9.8282,1.8074,-4.5886,-7.8405,4.2129,-2.6601,-2.3502,-0.5331,7.7956,9.0475,-8.2585,7.8225,7.9879,-8.1343,-7.8627,8.9146,-9.8799,-9.6331,-4.9292,-7.1207,3.7789,6.6354,6.936,2.2119,1.0515,2.7236,-2.95,5.062,2.0513,8.665,-5.8801,2.9488,-3.1497,0.9229,7.8445,6.1643,1.0881,4.6702,6.2813,5.3474,2.2733,-3.6174,9.5231
-9.416,-1.8569,7.3599,-9.8217,-5.3236,-7.1552,8.9014,-0.4307,-6.7526,2.2272,2.3614,-1.0442,-9.0578,4.7518,-1.5593,-4.2871,9.5436,9.8734,2.9141,5.4493,-2.5791,5.0971,-2.8318,0.8452,5.4835,-6.8957,4.5957,-6.4228,-8.7837,8.6891,0.7588,0.4878,2.2655,1.7124,-4.027,8.3063,-8.6381,-6.4778,5.427,-0.3568,4.6424,-2.87,-9.5419,-7.5212,8.6651,-5.9382,-8.8616,0.1309,-1.531,2.3908,-3.7722,5.6798,5.8935,3.7149,-6.5418,7.8914,-4.6884,-9.42,0.5294,0.2985,-2.8297,-4.42,-3.782,-5.4005,-4.3382,-4.9406,1.8645,-7.2336,-7.5038,-6.285,-1.9128,-9.5599,9.401,5.2701,-1.9767,-4.5437,-1.9952,2.165,3.2074,-5.7057,0.2399,6.0887,-5.3279,1.9572,-6.7381,-4.8594,7.2491,0.8208,4.2193,-7.7433,-9.6022,-4.8108,7.4017,3.057,-1.1673,-5.9911,-0.5327,1.2889,8.7163,2.805,7.2388,1.5067,-3.0152,8.7147,-0.0711,2.9569,-4.093,-9.4424,-6.8825,3.3663,4.0771,7.5483,4.8234,0.1914,3.2229,7.411,-3.2508,6.0854,0.2681,2.5392,-5.2739,1.9945,-9.7199,-2.7576,9.6604,-5.727,2.6108,7.0981,-5.4998,-6.663,-2.611,-4.8902,5.0327,2.0963,-1.3168,2.1447,9.4981,8.1347,7.4999,4.0631,-4.2983,5.0769,3.8343,-0.3437,-2.9757,-9.7899,1.9301,9.3037,-5.9911,-7.1565,8.2946,7.2376,-8.8147,0.0096,9.9746,7.8755,-1.3884,-1.7042,2.0434,-5.9577,-7.8767,-0.7842,-7.5849,5.5832,6.9726,1.8738,4.1512,-8.6385,8.3329,-9.6109,-0.5102,4.4728,1.7627,8.465,-2.1783,-2.6592,-1.8225,-5.1301,7.1631,-7.539,-4.8484,0.3365,2.1022,-1.8394,5.8586,2.6779,3.8275,-8.572,-8.6034,2.1052,0.9992,8.8662,4.5529,8.878,8.6779,9.6147,-8.2636,-3.4513,2.1125,-7.3832
-7.5997,-6.7624,-6.2768,-3.3497,5.6173,-2.8127,-9.3356,8.8775,0.0374,2.0517,-2.5822,9.681,1.3324,-9.2505,-5.8654,5.7698,-1.1632,0.9018,-9.8301,1.8352,8.0326,2.084,5.7097,5.6793,-1.6625,2.1502,5.2462,-7.3444,5.6196,-2.0175,-0.6087,3.7693,-3.0322,-1.7468,-9.4792,8.2313,7.0665,-3.6571,1.4122,0.2549,-0.3601,7.7327,5.6329,-4.3386,-4.9962,-2.7353,1.4143,-0.029,-4.6138,-0.8251,8.3012,-0.633,-5.2189,4.9238,7.2778,8.172,-7.6784,3.6968,-0.423,-2.9392,1.4906,0.0845,2.9686,4.2774,3.3466,9.6126,-6.5733,8.8086,7.8843,2.6317,-1.5765,-4.8589,0.2335,-5.326,5.02,9.6309,6.9297,-9.1564,-7.9921,4.5737,4.8534,5.9208,2.423,6.8148,-2.0474,0.9101,9.4796,-7.1518,-9.7455,-3.199,-1.6807,-9.4606,4.0358,6.8506,4.13,6.4115,1.0814,6.2754,4.6739,2.9824,1.8882,2.0607,7.6165,-0.1536,0.2436,3.1393,-9.1952,3.3277,-7.4303,-8.8138,4.8954,-1.5751,8.4714,-1.1934,5.5134,-8.7878,7.1434,3.2225,-5.1721,3.1444,-5.6368,-8.3783,0.8007,6.4438,-8.9211,2.6881,0.934,5.7198,-2.8252,-8.4391,-4.4179,5.2601,2.9965,0.5226,2.6632,-8.3097,-3.4935,-3.1828,1.226,-9.7348,2.9453,1.4084,3.0601,7.8736,5.8883,-7.6321,-3.9604,-5.0841,7.0544,-2.576,-9.7152,-4.6473,1.9811,-6.8363,8.6969,-9.3648,6.0669,0.1451,6.2999,-2.636,-2.7541,8.8196,2.437,-9.7959,-8.8083,3.9379,6.7657,-2.8034,5.4257,-7.5088,-4.6167,-5.5196,-4.6205,6.2343,2.0528,3.6161,4.8543,-8.54,1.7396,-9.8255,8.4407,1.1991,-9.9886,-3.9365,-8.314,-5.9373,6.049,-4.1041,0.0133,1.656,4.5799,-1.0615,3.1189,-8.1884,7.7542,1.9646,-7.7444,-3.5536,6.3609,-7.0707
-8.7903,3.7294,9.3092,-8.4535,9.436,-1.194,3.1957,6.7488,7.3963,-2.2052,1.4776,-6.7116,2.9046,3.1354,1.4444,-2.3466,1.2162,1.3475,-5.9414,0.8833,-6.6773,4.2872,-7.1144,-2.299,1.6787,9.7385,2.4103,-4.2678,-7.4382,-1.1286,9.1802,-2.3868,-3.1789,9.3504,5.9093,0.8225,-0.7852,-3.8846,-9.4915,3.6826,8.0393,9.6712,-4.9037,-5.4025,-6.8991,8.9159,8.0946,3.3467,6.3318,-8.773,9.0314,-7.8182,-4.3172,1.0122,0.7143,-4.2027,3.5867,-9.4005,5.686,2.5572,0.2177,4.8407,5.8831,9.6287,-2.702,8.0683,-6.9143,-6.472,-9.2258,1.1037,-6.3428,8.0195,-4.5048,0.3823,-9.736,8.9943,-1.6649,9.0771,0.3116,-8.2605,-4.0105,3.4301,-9.7395,-6.6333,9.1988,9.1821,9.0288,0.0968,-7.727,-1.7822,4.4484,-4.383,6.3403,-6.7381,2.1988,7.1137,2.9984,9.1577,8.1049,1.0224,4.2876,-4.7029,0.8118,-2.1276,-3.8534,-0.7052,0.3948,7.4632,-9.1953,-6.8512,-6.3603,-0.9293,5.6098,-1.4212,-1.3656,-6.4713,-7.5097,-2.6023,-1.8427,-6.0323,5.4279,6.7834,-0.4401,3.632,-3.7685,-1.702,-8.4218,-3.3229,-2.5975,-5.1449,6.8247,-6.532,1.3409,9.3112,6.0054,2.2796,0.9747,1.2531,8.1873,-0.4375,8.1821,-9.5283,-9.9159,2.2449,5.7785,-5.8105,2.0157,2.1244,-2.1543,0.6885,5.5525,-0.4529,-5.6416,-4.3522,2.742,-2.3104,2.9716,-1.6532,-3.6948,-2.6682,-3.7065,-6.0338,-4.1126,7.5705,-4.0545,9.7301,-9.6786,-7.6221,-8.0349,-2.7803,8.114,3.4246,7.4081,-4.9011,-4.2227,-9.2245,-0.1308,2.3072,2.5013,6.849,0.7802,-1.7188,1.6931,-7.6475,8.2897,6.2473,9.7874,9.5692,-9.1686,6.4128,-1.6802,-5.0219,1.6976,1.0147,-4.0352,-1.1479,-6.6407,-2.8565,-5.4666,-4.8777
8.265,1.7558,-8.587,-9.5798,0.9012,5.2715,4.645,-1.8448,6.7418,3.2493,4.0122,-8.3813,-5.7217,5.7872,7.5126,3.3827,-6.0398,4.8291,5.1584,9.2848,9.264,-4.7723,0.7171,9.3247,6.6837,6.6366,5.0258,7.36,-7.1542,-1.7343,0.0014,-2.3385,-8.5691,2.093,8.9887,9.8793,-3.871,-2.1553,5.5512,-4.2627,-8.9519,-4.6137,2.5622,-8.7266,7.9749,-4.7712,6.7264,-3.6941,-1.1542,7.2608,-5.3179,1.9518,4.9921,-0.1277,-4.6008,-9.028,3.4142,8.5607,-2.3536,-3.0048,-5.3692,-3.828,-8.4252,5.6497,3.6674,-2.3925,-3.1852,-4.403,9.4413,9.914,-9.7534,-1.846,-2.335,-9.5469,-3.164,-9.2783,-1.6461,0.5586,-3.557,2.1915,3.4598,5.5725,-0.0157,2.318,-3.5554,-1.8597,-5.1024,6.2374,5.0761,-1.5711,9.6721,-4.3847,-3.7859,-6.1865,-0.0979,-9.971,-8.1331,6.8484,-2.1938,8.3095,3.2334,-0.7166,-1.281,-1.4731,1.8886,0.7021,-4.5384,5.2035,-6.5992,3.2945,5.2037,-8.0921,-3.646,-8.0754,-2.5144,6.3968,9.1324,4.2417,3.0339,-4.7158,2.6922,-4.2913,-3.6398,-5.3396,-1.5307,-6.9259,-7.3064,-9.9167,5.6231,-8.1777,-8.3338,-9.7494,2.7746,4.1423,8.6253,-2.7398,7.8838,3.7158,3.3325,-4.57,-2.0405,8.6238,6.5521,1.565,-0.1652,-1.7186,2.9631,-6.1119,9.409,-4.7151,0.6473,-4.1182,9.8233,-4.3198,-9.6972,-0.9043,6.8249,-9.3195,4.3498,-1.7379,-4.7407,3.9613,-5.195,1.0741,-6.2521,2.9004,-0.3201,-3.7514,-0.6623,7.5479,-9.3706,9.7644,-6.0096,1.4614,-9.8581,-6.8034,9.3513,1.0238,6.4346,-2.0075,6.8125,2.4318,5.6957,-2.8003,-6.4643,7.3534,3.969,-2.4535,-3.0397,5.1909,-6.868,-0.3265,4.4111,-9.021,7.2042,0.1916,-7.3939,6.4822,2.328,6.7376
-0.3816,0.7989,-6.1751,7.2717,2.8547,5.1626,-5.2207,-7.8637,1.1139,1.4341,-9.0694,6.2115,-0.1018,5.8007,-9.0067,2.4921,7.309,5.1554,-5.6323,-1.726,-0.068,-8.4979,-5.4511,1.6043,-9.756,0.3869,-4.8319,-2.7357,0.1696,4.9971,4.3772,-7.8673,0.7865,1.932,0.6419,2.6088,4.7859,8.5343,7.4146,-1.106,-1.7937,6.9554,7.5505,8.0167,5.8488,6.7165,-1.7445,-6.8425,0.8232,-6.2338,-2.1453,6.2093,9.5382,7.7187,7.6573,-6.2691,4.4329,4.8209,-7.9111,-8.5267,-1.9015,-7.7716,-8.1133,6.3359,8.3653,-1.1491,-9.18,-8.7748,6.8872,-4.197,4.1028,6.3775,-0.286,6.0955,-1.4816,-9.2112,3.4173,1.4169,-0.456,-7.9164,-3.0836,-4.5208,-8.6978,-9.6716,3.8463,2.4974,1.1414,-7.3314,6.6763,-2.5277,-5.2295,-9.8071,2.1109,-9.0477,-9.4089,3.9029,-2.011,6.5545,5.0588,-2.92,-1.258,7.4223,-3.8642,-7.8414,5.3565,1.1527,7.48,4.8309,5.836,5.6787,5.7059,-4.1724,2.7559,-0.1311,0.997,3.1862,-6.3538,8.06,-0.4713,8.4294,-6.1914,-2.4433,5.6613,3.2838,7.9643,2.5812,-5.4656,-6.8977,4.9084,-0.8477,-7.9637,2.689,1.3586,5.0302,2.9862,5.6641,-5.4486,0.5744,2.4459,-2.2365,4.7801,-6.4702,0.7258,4.2483,-7.0248,-0.5597,5.1402,-2.2153,6.7587,0.7621,-1.5188,-2.6675,-9.6535,5.7351,9.7003,8.0496,5.152,4.454,4.8914,-4.6389,8.387,1.2291,0.3295,-7.8448,-1.0925,8.4382,-2.1547,8.0239,1.1275,5.1114,-0.1628,4.8313,-9.4744,3.7884,4.4736,-0.0547,2.2349,-4.0223,7.2676,5.6317,-9.4122,4.8464,-9.4512,6.6436,5.3187,-3.9959,-3.1079,0.7334,7.9717,7.2846,-7.7318,-4.2841,-1.6441,5.7076,-1.2959,-3.4893,-5.6253,-7.061,4.7786,9.7378
-1.424,1.1131,-9.4537,-7.1106,-1.3186,-1.2688,-5.3031,5.0231,0.0974,-6.4299,7.3461,1.0773,-2.3933,8.6807,6.6405,-7.3488,-7.4895,9.6634,0.4704,8.1823,4.6283,-4.4539,-4.5997,0.6583,-8.5024,3.9163,8.9889,-1.6488,7.5324,-3.3595,9.4437,-0.828,1.5897,-2.4333,9.4036,-0.296,-7.4125,-8.9205,-0.5915,1.6786,-1.4059,6.2972,1.0402,0.7219,2.2505,-8.6385,6.6557,-7.5768,-9.2284,-8.7211,-6.4339,6.6631,5.0765,-5.8386,8.9892,4.7666,-0.3809,-3.6143,7.4584,-1.4773,3.6386,-1.8301,-2.3015,3.6608,-1.9794,1.6776,2.6274,3.335,-5.1126,-3.2064,5.1469,-1.9718,-0.614,-9.9121,-3.6232,0.7982,7.7979,-2.5206,1.4837,-5.4768,-1.681,-1.0912,3.9539,5.6089,7.3695,8.3085,-9.8514,9.2429,-5.4944,-9.047,9.8365,9.3349,-7.1757,-5.255,-4.2337,3.201,1.418,-7.2807,-5.3958,3.5035,0.3207,-0.2735,4.0152,-2.6477,-8.6987,4.3383,8.88,8.8898,-1.6102,-3.2184,3.2609,-3.8577,-4.4651,3.599,-7.2125,-9.7285,-7.0545,6.6339,3.878,9.5468,1.409,-0.7391,9.0675,8.4625,7.959,-2.0532,7.3038,-1.9038,6.3351,6.2951,8.8632,-6.2789,-1.0022,8.8311,-7.4794,8.2199,8.6043,-5.602,6.5246,8.3677,-3.2566,3.9759,-6.631,-9.7858,-0.3368,0.4976,-9.7929,-5.684,-3.6605,-5.5037,1.9803,-5.7287,-0.2346,8.8032,-8.9521,-3.4133,-7.4837,2.8728,6.7511,-6.2817,-3.0175,-7.4804,8.4818,9.0149,4.0481,1.4446,4.6281,4.9203,5.3926,2.8673,-6.9181,-8.1313,0.9344,7.9874,6.6266,5.0443,-9.2036,-8.3556,-6.1163,5.8764,-6.2154,-8.3656,7.2994,-7.2349,-3.4982,1.8419,-7.3287,8.7212,3.4146,6.5777,-0.856,6.3465,-5.138,-6.3439,-3.0971,0.0605,-7.2166,8.2798,-3.34,1.5716
-8.1532,-6.8583,3.1736,-6.5742,-2.6044,-6.1065,3.6009,-8.2429,-3.5115,-7.725,1.8107,-1.0335,7.5158,-6.2623,-5.9465,1.6284,4.8414,-4.0031,-9.6061,-0.4068,6.6898,-3.719,-1.6968,-0.6819,-0.425,1.2298,-7.0382,7.7745,0.8402,-0.2212,-1.2305,6.4177,5.7676,-4.8552,8.2267,-2.4138,-9.1933,-1.1672,-2.4342,2.4274,-1.4228,-3.2983,-8.5346,-3.3527,6.1891,2.4113,-1.5989,4.8591,6.4578,-2.8749,-8.0136,-1.7131,5.0029,1.166,-1.1206,-2.2607,8.4189,-4.23,2.8429,-8.9934,-8.8579,4.2085,-6.7087,2.6331,-5.1789,6.1498,9.1664,-4.6413,2.9292,3.9454,-8.6273,2.6309,1.3115,3.4717,-1.3556,-7.5444,1.5877,-9.4885,-1.3608,7.9504,-4.7349,-2.5228,0.0624,4.7536,-6.2431,4.4996,-8.4093,-4.7731,3.1738,1.4939,6.2225,5.7092,4.609,4.5619,9.6781,-1.4315,-3.5316,-3.9178,-5.1312,-9.3059,-8.9832,1.7388,-2.1125,-7.4111,-4.9491,-7.317,9.3785,1.8457,1.0077,8.9953,5.0014,-8.2472,-4.3209,6.0196,0.7511,-3.7013,2.8463,-2.9333,-2.1919,-8.2851,5.0949,-9.4199,5.1692,1.5567,-7.5378,4.673,7.2123,5.6274,-7.3456,0.3459,-6.2821,-5.5726,-5.2049,-7.3844,-9.3594,-8.5306,-4.4708,1.3468,6.9321,8.7511,-4.113,-5.9425,-1.0309,9.3522,-0.0206,-1.4473,8.3191,-1.7742,5.6112,9.3008,8.2265,9.2269,5.9984,-6.3178,5.7824,-1.4048,0.5268,3.6001,2.3911,-7.9692,-8.1321,-8.3909,-4.0679,0.501,7.5864,5.2346,-8.4014,4.4002,9.6424,3.1095,-9.7689,0.9097,5.6842,1.2877,-7.3768,-9.8566,8.0159,1.3687,7.4106,-3.0582,7.5592,5.6456,-8.3672,-0.9913,5.5409,9.0858,-7.1224,6.0162,-9.8292,-5.2454,7.3516,-5.8025,-7.9809,-2.0967,4.2758,7.7979,7.4864,9.7432,7.0081,8.644
3.2866,0.2083,-1.8497,-7.2231,3.9309,7.8687,3.0755,5.8735,7.0296,5.4207,-3.6462,2.5148,-4.2013,6.2164,0.5063,2.5075,-3.1113,-4.4158,-3.9254,1.7633,-4.9178,4.7234,-5.9725,3.4671,-6.7088,-0.9099,0.8356,-1.666,-8.8473,-2.2275,-1.7593,5.3001,1.0793,-9.1442,-9.8325,-5.88,-2.581,8.5556,-3.0094,9.99,-2.0496,-5.1873,-6.7471,-1.5837,0.238,3.3959,0.8436,1.4043,3.0549,0.7998,-0.134,9.368,-2.1485,6.222,4.8545,1.5741,-2.1036,9.4048,0.3874,-1.9866,-5.0404,3.974,-5.4637,6.1621,7.0894,-1.5159,-2.3902,-7.4036,7.4152,-7.3905,-3.6677,3.9329,0.9947,-0.9599,0.8752,7.536,0.3548,8.1601,2.3838,8.2072,-7.1613,0.0482,-6.0071,-0.9277,-1.9567,-8.9424,9.6032,4.5587,9.7755,-0.9096,5.3848,7.8962,4.1739,9.0395,9.4642,-1.2785,6.1882,-3.6678,9.2295,6.43,-4.6188,6.0212,-3.5744,5.0035,-4.0741,-1.9767,9.962,-5.9435,-3.609,-0.1828,5.6628,9.7724,7.2072,-0.906,-9.6707,-7.9264,-1.6148,-4.4642,5.3096,-9.468,-4.9713,-4.1708,3.7231,3.7546,2.3595,8.5112,7.1785,-6.202,-0.4517,-4.8147,6.069,-7.4976,-6.3317,2.6432,-1.1856,-4.1139,2.3853,8.8744,1.485,6.03,-3.4429,1.1816,0.8751,3.3891,-6.5927,-3.7046,-3.7037,-8.0988,-1.3909,4.213,-4.845,2.3116,1.8137,2.524,-0.8421,-5.0645,-7.0293,0.441,6.008,-4.4016,5.1046,3.6267,3.8794,2.7686,2.5127,-4.2463,3.586,9.9727,0.1066,3.9646,-5.2932,-4.7708,-9.3251,8.0837,-2.2677,-5.4012,-8.5901,0.7639,0.9726,9.5543,-7.4659,8.3625,-5.1493,2.2218,-7.579,1.7101,8.8919,6.76,7.3182,7.4319,-1.6896,-1.4198,8.5704,-2.6794,-6.3734,5.7681,9.9325,2.9467,-0.4765,-6.3128
3.0499,4.293,3.9131,-8.0972,7.683,2.8895,9.3533,9.8206,-2.8551,-0.6127,-2.8251,6.2222,-8.1122,-0.7182,-5.5923,-4.9292,3.9525,4.9049,-3.0306,9.4137,8.3943,-4.6926,-1.2968,-4.5325,-0.0257,-4.9195,3.5532,6.0188,8.9156,-0.1758,-9.7518,-0.0025,-5.104,7.652,9.0838,0.9371,7.0,4.8093,9.8193,-9.7562,2.9089,-7.9734,-6.7831,2.3517,8.0144,9.8221,-7.4823,4.4865,-5.6398,0.9912,6.1527,-8.0064,2.0775,4.8088,8.6729,-4.7963,-6.6323,-3.115,2.1174,-9.2161,5.1757,-9.8604,9.0902,-2.3423,8.6535,3.6883,9.9888,-1.4906,-2.8391,3.952,3.7484,-8.5843,-9.6315,8.5703,-2.4622,-2.1266,-2.4036,3.0867,8.0149,-8.3027,-7.9483,-1.3024,6.5951,-5.0959,4.8968,-0.9673,3.4587,7.1287,8.0813,-9.6564,-2.3241,5.1714,9.1261,5.4171,-0.4899,9.3353,-5.7402,-5.2936,4.3914,2.3777,-1.1702,8.6643,-3.3772,-2.2371,3.6497,8.7107,6.7712,-1.9357,7.6755,-7.209,-6.0939,-9.9262,3.2632,1.2718,-8.9223,2.1531,-9.3682,-2.1884,7.8442,-1.0733,-4.6732,-6.5757,7.7244,0.45,-2.6389,7.1365,9.8738,5.7723,4.8209,-4.5692,8.2841,-6.871,7.6078,-1.8688,0.2609,7.0709,3.9597,-7.2761,-2.6751,-4.7788,1.721,-8.2704,-7.5562,-9.5973,5.1658,9.4857,7.4792,9.738,2.9117,9.5673,-0.3632,9.5428,-4.6677,3.5357,2.8782,8.062,8.2163,-8.6765,-4.1662,1.6234,-7.6491,7.7584,1.5293,1.2456,5.8576,-8.6135,-9.8805,-4.8088,-1.064,-7.1819,7.4771,2.5184,7.1982,-2.3369,8.9176,-7.1047,-9.015,2.2285,0.3994,-5.3439,3.8377,-2.2443,8.3849,-9.4748,9.9752,-5.941,-9.1867,-5.6658,6.5164,8.894,9.4257,3.0203,-5.1766,6.0865,8.7184,-6.6703,-1.896,3.2176,4.7698,9.1511
3.2244,3.6135,0.3183,6.5121,3.1335,6.8943,-4.4793,-5.4597,-4.6323,-0.3775,2.4199,8.212,2.2118,-1.0497,1.6183,-0.0768,7.7362,2.8525,-2.7181,8.5473,-7.7073,6.0755,-1.5704,-7.0775,-5.8034,-6.9492,-8.349,-8.0579,4.4277,0.8419,7.8867,-1.7835,1.0681,3.2646,-9.3164,2.4764,-2.5046,-1.3256,-7.2136,-0.2261,-6.6764,-9.4515,-3.7244,-2.4845,7.0041,4.6349,-1.3591,-7.1228,-5.7181,-0.6009,-4.8339,9.3767,-3.5634,1.0592,-4.591,7.5941,6.5361,8.2511,3.1103,-1.6414,-1.4757,-3.7901,-1.1722,7.862,9.1889,-4.0794,4.0605,-2.7193,-7.3805,-3.905,0.8335,-8.0623,-9.7903,-5.1766,-8.0262,9.1641,-6.7158,6.1863,-9.5675,7.7703,-7.1155,-2.3507,8.6912,-5.4209,6.3569,0.2014,-8.5164,8.5209,-2.0337,-5.9391,0.9175,-5.1403,5.3468,5.0515,1.5902,-1.2857,0.2989,-9.5436,5.8054,-4.4177,-2.4697,4.8074,3.6722,-8.2708,-7.3895,-0.4805,-3.2928,2.8461,7.3906,-4.2252,8.372,-1.0074,-8.7958,-1.6376,-6.4322,5.6068,-5.0486,-4.813,-6.8871,-9.7755,-1.0544,6.4626,-3.9209,9.8434,-6.258,-0.0913,8.8615,5.2087,9.555,8.366,8.2913,9.6165,-4.092,2.8346,-1.2022,5.3369,6.6614,5.7345,-9.3433,2.8785,7.3688,-7.7852,-0.2878,-9.5773,-4.5759,-5.6321,5.4445,-1.243,-8.7887,-0.1372,-6.6341,3.2343,8.942,-0.7955,-2.4468,1.2213,-9.3496,8.862,-2.3711,0.0731,-1.7279,9.339,4.5365,-7.4914,-5.1403,3.7186,-9.8377,1.5603,-1.5684,1.9262,-9.8119,6.3346,-4.6093,8.5326,3.8524,7.5826,9.2434,0.8826,-2.9403,0.0308,1.9924,8.6735,-9.903,-6.1325,1.8604,-1.8988,-4.7173,3.5979,3.1213,1.7962,-4.0415,-3.5054,-8.1798,-3.6291,-2.6736,-3.7759,-3.674,4.8848,1.2797,-6.5744
6.2042,-4.2407,6.9354,-3.7691,-6.5002,-0.2348,-4.2511,7.7366,8.3256,0.6049,-4.9049,4.6333,-2.4875,8.958,-3.4503,-1.49,9.2677,5.0743,0.9572,-5.9147,3.4807,-0.8058,-5.3326,-1.7533,-0.8428,-0.157,5.7962,-2.1238,2.4914,0.4113,0.86,-3.0918,-9.6273,0.799,-2.3769,-1.4874,5.8599,6.3122,9.45,2.8486,-7.407,-0.2607,6.432,-6.9199,-4.0762,-7.4929,-4.9458,9.3319,7.3235,-5.074,6.7626,3.9805,7.7316,9.4603,0.9247,6.3875,0.834,9.3789,-5.1589,-9.5383,9.3712,-7.0815,5.2704,5.4595,-2.8498,7.1769,-1.5391,-9.9504,-7.9708,1.1554,-3.1054,6.5904,9.0934,-6.1023,4.9839,9.1562,1.0382,-0.9983,-1.2203,6.1709,-9.9258,3.463,-8.3774,-9.1496,-5.6851,-1.2588,4.2716,4.9738,3.6423,3.6894,7.6003,-4.9736,-0.1089,-7.2611,-8.3943,-7.29,1.217,1.3117,-1.9372,9.4791,1.5139,3.0204,-0.4471,8.4309,6.4167,-3.6948,7.6514,0.1603,0.7954,4.8249,-6.6874,-5.7212,-1.4389,3.9634,0.008,-6.4432,-7.6922,5.7196,-3.0666,9.3254,-4.8554,-2.51,-3.2873,-2.195,-8.9413,8.9174,0.1676,-2.1301,3.7317,1.2239,-3.4771,2.5023,-9.0263,8.2226,-2.797,-2.9564,6.4004,-1.8322,9.9013,8.7485,-8.5009,-1.512,6.0508,3.1449,-7.596,7.1241,-9.3212,2.04,3.2814,-2.7538,-6.6749,5.616,3.6144,-6.642,-5.2089,5.9768,-4.883,5.3185,-4.6355,9.7133,-1.0009,-7.4803,5.3843,4.8828,-9.1271,-6.1494,-8.1657,-4.9135,-2.9009,7.104,-0.8035,0.2639,-2.13,-5.368,-0.8766,-6.9776,8.2046,-6.9426,9.8864,4.9815,1.5764,-4.5766,-0.8476,-4.4752,-5.6566,7.6337,-5.4974,8.4651,7.7393,-6.1517,-5.5611,5.4291,3.6959,-7.248,1.7274,7.5736,-3.2655,1.9631,-1.8578,-1.222
0.7306,8.4092,7.1684,7.5806,5.9263,-8.9108,6.7104,-0.4216,-6.1466,8.4014,5.8211,9.9213,-0.7174,4.939,-6.8702,2.1649,-0.5246,-1.3716,7.9204,0.2574,-6.9611,-5.0358,5.0735,-1.5908,6.2051,9.3683,5.2382,-7.8467,2.304,9.818,1.2213,7.0305,-8.0572,7.3382,-1.2353,-1.3097,0.8337,-3.523,-9.3691,6.6324,-4.9201,-7.2123,1.8869,-2.5099,5.6279,6.4281,-1.6676,0.718,-6.7422,-5.8136,6.6321,-9.5656,-5.7585,2.0956,-7.8887,-2.3038,4.384,4.3712,8.6252,2.0414,3.0253,9.1224,-3.8027,9.3938,8.4455,-4.9389,8.2096,-5.966,9.2547,-3.9426,3.7765,-0.0566,-9.911,6.3895,-4.8011,-6.086,-8.4919,-8.5135,-1.8469,7.0081,-1.7057,5.968,4.5087,-7.7387,8.6024,-6.6322,-6.2759,9.3569,-1.6784,1.5407,1.963,9.4288,8.0623,-5.5401,7.9836,-7.5169,1.9606,-0.4738,4.657,1.303,0.0248,-5.3385,4.5788,-8.4265,-7.5644,-2.0508,9.6765,6.1505,-5.1986,-5.1161,3.27,-2.5807,-6.0965,-4.224,8.0259,8.5931,-7.9979,-0.8648,-8.2852,6.584,7.0779,4.2804,0.36,-5.572,-0.9702,-3.0161,-2.2368,-9.2773,9.4302,-5.2938,-7.3847,-2.3435,8.1012,6.1922,-9.4595,1.6976,-9.6955,-2.1786,-9.1449,-8.1563,-6.8238,8.4414,-8.0096,-2.3226,0.0104,0.5954,-7.5089,5.8622,-7.044,-5.082,3.492,3.1559,1.7381,0.8479,-2.0879,9.3335,2.128,7.9877,-1.2808,0.0871,-2.1019,6.5433,-7.1853,-6.1134,-0.2817,6.775,-7.03,9.3782,-0.6301,0.3133,9.9746,-5.9769,-5.8806,-9.3759,9.808,2.3257,2.3462,6.9072,-3.1903,-4.7375,-9.6356,4.9488,3.238,-2.1251,1.5402,-7.2027,-6.4682,-1.6182,-4.3134,1.6362,6.9704,8.2114,0.5863,-4.8816,-7.3705,-0.5562,-9.4713,-9.7482,-6.9756,-9.1477
3.5984,7.0824,0.1678,-2.7342,9.2862,1.4156,6.3088,-8.4384,-9.3691,-1.6559,-9.2352,-9.1481,-6.8136,-8.6385,5.1541,-0.6073,7.1847,7.8645,-7.998,-8.8991,-7.5357,7.362,-7.9358,-8.1773,-5.9174,-8.7578,-8.2836,-1.8346,-7.7967,-3.19,2.7314,4.4867,-6.2832,-3.6373,-2.5084,0.0592,1.8871,7.4267,1.4376,7.4782,-7.9183,-5.0058,0.1673,1.5706,0.3433,-3.8329,-0.8387,-4.7301,6.9238,-1.8822,2.8878,2.9577,5.9083,0.3597,-2.6897,-4.427,-9.9073,-1.8596,5.1965,8.7131,4.0567,-0.4628,6.0777,4.0623,6.7174,5.2542,8.2518,-1.9616,-0.3036,-6.503,6.9874,-4.5357,4.2249,9.4439,-4.8878,1.1178,3.1996,8.4933,8.7201,3.9147,3.4302,-5.5741,-3.0197,0.306,1.5762,1.6499,-8.9866,-4.4757,-9.4262,9.3983,-3.7513,4.1372,-5.2141,-1.6071,9.8682,1.5595,-3.8697,7.1747,2.2333,0.7596,9.4376,-7.3503,-7.2617,8.4586,-8.1965,-8.8436,4.9219,4.2581,-6.3159,-6.1887,6.9644,-9.2219,-0.7155,5.7913,-6.8043,-0.9027,-0.585,-8.8955,-3.7468,5.7267,-1.7951,5.8562,-1.7141,-3.0686,-1.8167,6.5081,-0.7413,8.6763,-8.888,-2.4046,5.1878,-2.8872,9.8866,6.5076,-5.4813,-1.6328,-2.3171,-5.5074,5.5985,-9.5181,-4.3332,-4.4955,-9.971,1.7418,-8.0033,-6.2551,-5.5763,-1.0517,-4.7498,9.098,-1.7783,7.4606,-1.9681,-6.8399,9.5729,-1.5195,2.1171,9.305,-6.8811,2.8997,-7.5919,-5.0214,-3.4816,-3.2829,8.251,-0.7462,4.642,3.5506,0.7229,-8.8496,3.9932,-2.3652,-0.7406,7.0225,6.9666,-8.5457,6.0548,-9.3488,-4.8215,4.4854,-0.3488,8.7637,7.4694,-1.3615,-1.9856,0.5813,-5.8072,-2.9035,-3.8222,4.2815,2.9703,-3.5727,6.7914,-0.4623,-5.8041,-0.4882,6.7617,7.5638,7.9682,5.2448
3.923,4.6116,-6.2485,1.2864,-5.0282,6.894,-9.7074,6.6177,-6.4407,8.004,-8.5765,8.402,-4.1789,-3.5217,-5.1611,0.6615,-3.4749,-1.5434,-3.4618,-2.3343,3.1129,-0.6899,-8.8011,3.2511,3.8221,3.7093,-1.9213,-4.3501,4.246,3.3392,3.0268,5.6032,8.6925,3.6969,-2.6289,9.9956,-4.8794,-9.0439,2.3694,-6.7332,-8.1606,7.6618,5.3867,-3.3533,-7.7473,-9.4046,-8.5632,0.1317,-7.2966,-7.9638,2.8636,5.2702,-4.9872,3.6214,-3.5695,9.5389,8.3983,-6.5161,-0.5343,4.4355,1.8867,0.9264,6.9261,3.5491,-0.4872,2.85,8.6558,6.9279,2.0103,-9.5568,-6.0397,8.5191,-7.712,1.4707,2.3815,0.3663,-6.6944,-4.8009,4.7346,1.2513,-6.6283,-4.0856,7.8046,-2.6081,5.8516,-1.4453,8.7742,-7.1488,-8.2747,-0.6093,4.1968,7.2061,6.2098,5.8262,0.0152,0.6826,0.9131,8.6968,-9.017,3.8686,-6.3267,0.9718,1.973,0.4286,2.0282,-4.0189,0.7232,-4.9351,-2.1909,1.8108,8.95,-7.7478,4.3589,-6.1013,-5.5624,-8.3204,-3.0158,0.2254,-6.3782,-6.1773,8.4115,0.2845,-7.8964,2.8673,6.4486,1.1525,-8.5531,1.0609,-0.3156,1.9092,8.6818,0.6936,7.3754,5.2171,6.3567,-4.3057,-7.8417,-4.2009,6.7477,9.244,-5.11,4.9537,-9.3125,6.7903,8.5659,-2.3227,8.1231,2.0528,-2.6811,7.4765,6.705,-3.8255,4.5396,1.4422,5.9502,1.0041,7.5208,-8.4357,1.129,0.1694,-6.2239,-4.8795,4.6393,3.5417,-4.2497,9.0704,-7.0986,-9.9875,-3.4574,4.0214,6.9169,3.2576,-9.3226,-8.0722,7.4202,-1.7392,-5.8114,-3.5429,-6.3671,3.1202,9.9164,7.3688,-9.0374,8.9583,-7.0749,-4.533,-5.664,-2.571,6.0421,-8.7966,8.7141,4.9565,9.6829,-0.0828,-3.6404,6.4235,-9.1959,-3.3419,3.8116,7.4811
6.0886,-4.9866,2.9861,-4.1008,1.6047,9.983,-1.6381,6.4768,0.1173,6.9942,-2.8634,2.156,-0.9763,-2.1782,7.9444,4.3415,5.2875,6.185,-2.3261,6.0915,4.8281,-4.1503,-7.9312,-4.6924,8.1642,6.6715,5.9099,5.3637,5.3747,-8.7815,8.1345,-4.7507,1.1845,-2.4214,5.6436,-3.3397,3.0443,6.2038,-4.2228,4.1295,8.0557,-7.2216,-5.9852,-4.2381,8.6202,-2.2475,-8.7493,-2.2504,9.2687,0.1395,2.5267,-7.623,0.5006,2.1274,7.2359,2.6473,-6.8379,0.567,-2.8447,-0.3311,-6.8544,5.2712,-1.0391,2.3615,9.7009,-1.3713,8.8325,-2.8615,-7.0445,-7.7921,8.8134,2.1379,-3.3011,6.8561,3.9963,-6.5453,-8.7595,-4.8426,4.757,0.1957,-8.3028,-8.5653,1.7209,6.7201,3.524,-2.3012,-4.5689,6.972,-2.9502,-3.5377,-5.7173,-8.2279,-3.6839,0.9091,-2.8691,-0.1646,-9.7907,-6.4601,-6.4993,5.8999,3.7374,-0.4568,0.8704,-3.4448,0.2388,9.2327,9.6103,-3.6133,7.5551,-3.1278,4.8256,8.4703,-6.7716,-3.694,-0.563,-2.9082,-5.6808,5.2612,2.6049,2.1305,4.6986,5.3958,-5.0172,-1.3906,-6.0236,-0.9257,9.8442,-9.8048,-0.0582,6.5075,9.5322,-0.1409,1.8424,-8.3031,4.2633,-7.5915,-5.4194,5.7577,-2.2109,-5.1133,-3.592,3.7072,-9.6575,-0.0175,8.0522,-8.6572,-0.4072,-1.6523,-1.4328,-9.2209,-8.5062,-9.9287,0.4465,-0.0703,-5.7622,-8.1042,-2.1597,8.556,5.7303,-3.5178,-9.97,-6.3195,-2.2008,-2.4502,-4.7655,4.9622,6.2051,8.2518,4.2042,-2.6771,-3.6102,-7.4941,-6.3984,3.2597,1.5835,2.526,-7.3898,-3.5363,-4.5212,-1.123,6.0019,0.6047,5.6629,-8.5268,-5.0097,-3.9156,-6.907,-4.4195,-4.2816,-2.6566,-1.7575,-4.4146,-6.1207,-2.5882,-4.1627,3.6503,2.4582,-2.1431,-6.8831,5.8292
9.0388,-3.4877,-5.7085,-6.6329,-2.4803,0.91,0.7946,7.104,-3.9592,5.3828,-4.8089,5.7349,3.3199,4.7571,9.8695,6.473,-4.0687,-7.1697,-1.7711,8.5773,1.6415,0.0736,-3.6947,-8.627,2.8988,-2.2968,-5.9361,-7.5134,-3.0087,-7.6326,-7.8529,-4.3068,-3.3413,-0.7348,5.9047,-7.6714,-9.0706,7.7703,3.7888,3.0501,1.8043,4.931,-9.9289,-8.1189,-0.6794,-9.5839,1.7602,7.0199,3.3749,8.5238,-8.3991,6.7197,-0.1637,2.0267,-1.8633,7.9779,-8.506,5.687,7.0466,9.3525,-4.1812,-7.7059,3.303,-7.7292,4.2818,6.0825,3.2663,7.0744,-6.0351,3.9642,-9.2621,-7.0452,-8.6502,9.7296,-1.9053,-6.3042,9.1286,-3.4949,-9.186,-5.1869,0.0895,4.8894,-0.3037,-7.9218,-4.0958,-1.3918,6.0864,8.849,5.1517,-5.2112,7.5546,-0.5574,5.8543,-9.5557,-2.0087,7.5369,3.2994,-1.6018,4.557,0.2049,2.8323,-6.6885,-1.9808,-7.9983,1.7501,-7.2617,-2.1268,-7.6397,3.5586,0.4511,5.2379,-1.6271,-5.6921,-5.7091,4.2728,5.3128,3.7301,-6.1075,-0.2078,8.247,-3.4292,-4.0439,-7.9692,1.5555,-4.5663,6.8495,-2.9516,-1.0321,-0.4192,3.6853,-3.6254,3.8874,-3.2313,-1.7842,-6.5253,3.6435,5.9661,-3.7433,-3.1925,9.2748,-9.6929,-6.7058,-5.0902,-6.1981,-1.9314,-6.3359,-6.7924,1.9554,-0.607,-6.2933,-7.6743,-7.7363,-3.3638,-6.8791,-2.8534,-4.1283,2.0397,5.7444,8.3548,-3.1069,-2.3406,7.7074,-4.1678,-9.2033,-2.5469,1.7586,6.7048,5.9776,-7.1433,1.8816,3.598,-6.3835,-5.9594,4.9731,8.4422,-5.6615,7.5902,-0.1261,4.2673,-9.8913,-1.7893,-2.4596,-3.6525,-4.4823,4.8117,-7.2859,-4.8186,-5.4766,9.3582,-9.6004,-3.9723,-7.7936,1.886,4.6786,-1.6299,2.7798,0.0029,-7.9273,-9.6671,3.7477
7.6589,-4.7548,6.9252,-0.7682,-4.3735,-4.9118,0.0913,-4.6329,5.5141,0.0527,-6.6954,1.4874,1.2827,4.1101,1.8845,4.0701,8.2746,1.8423,-2.0546,-2.2506,-4.5722,7.9247,7.6514,8.9407,-7.0543,3.3814,6.445,-2.2735,2.561,-6.6743,-5.8226,7.1244,-6.7234,3.3475,-1.8233,-4.3784,-1.7199,-8.2278,6.8932,2.7,5.0627,-2.9715,1.8574,5.0542,-3.364,-1.5841,-5.0953,-2.1012,-4.3046,1.1751,6.5441,-6.3557,-0.1052,2.5646,-8.283,-8.9307,-0.3565,-3.8387,-4.9119,9.52,-2.7578,-4.1797,4.2849,9.4146,3.3931,2.2376,-6.0733,-7.0581,4.5393,-7.7907,5.664,-1.8716,2.4975,-2.7998,-4.3429,7.6014,-5.94,6.1148,3.8121,-5.9496,5.7721,5.8066,-0.7146,5.0948,6.0101,7.0341,-2.6658,2.9266,7.3927,-8.4139,-4.1435,1.9946,0.6935,-1.1916,-3.9118,5.3401,9.1737,7.7366,-4.9041,5.0915,8.3673,1.9375,5.5847,-3.4248,-0.105,1.1428,6.5474,2.8195,1.6807,-0.02,-0.4034,7.5461,3.1093,3.4357,-7.902,-4.1231,3.6278,3.3923,5.2787,-7.4397,-7.3663,-5.7511,-3.0677,-8.7324,-3.422,8.6026,4.5749,0.7293,2.7503,2.2743,1.9592,2.03,7.8115,-8.5497,7.9512,-8.607,-4.1783,-6.1496,7.4742,8.8468,3.6981,-8.1217,-6.0523,-9.6173,-8.3066,2.31,3.9573,9.7456,1.7099,5.6949,-7.1291,-6.5435,-7.4177,-2.0332,6.0319,6.8448,7.1179,7.6208,-6.1838,7.1015,7.9076,-9.3139,-8.8015,7.621,7.8952,-7.5121,2.9336,-2.8437,5.5271,-8.7809,6.9286,2.244,-4.3717,-0.5736,-8.6169,6.4707,8.4366,-4.2352,6.2388,-7.1655,-7.3247,3.3665,0.8414,1.351,3.7817,2.8743,-0.2683,-4.9498,-2.473,7.2638,3.6641,6.2704,6.4203,-3.1674,-5.8583,-4.0622,-7.2211,5.7168,3.8353,-7.8683
-9.5195,-3.5579,5.3042,3.126,-1.0801,-1.4669,6.7572,5.25,-2.4789,-1.8196,-4.4059,0.1489,7.1964,8.9812,-4.6679,6.3278,-5.9984,-5.5372,-6.3034,-0.2653,0.5249,-2.2183,2.6747,8.6452,3.024,6.8607,1.9351,3.4204,3.8586,2.556,-8.5665,4.9071,-1.212,-6.7258,3.0287,4.5073,-9.9372,9.1453,5.4094,8.673,9.8991,-0.3381,2.6334,-1.5554,6.4548,3.0994,-2.2158,6.8586,-1.2237,6.2324,4.3025,6.7938,-9.893,0.2384,-4.7219,2.1354,-8.4518,-9.0915,-9.5673,2.4651,-7.1279,7.8839,2.3645,5.5832,2.9233,-6.127,4.7982,8.6861,0.5169,-5.6064,4.4167,0.6959,5.9654,-2.0059,-6.0415,-9.896,1.1782,-3.1189,3.1769,-0.4616,0.6714,9.6361,-3.6402,5.3447,8.4879,-3.1263,-1.0753,-3.1388,-9.2886,8.9228,-2.9408,2.9713,8.6987,4.7079,-1.0438,-7.2986,-0.4246,-3.6714,-1.6395,9.2462,0.6641,2.1035,-1.8471,-3.3951,1.5646,-7.045,-5.1935,7.9643,-3.4095,-9.2027,1.6498,-3.9894,8.8568,-8.7387,-1.6037,-0.2862,5.372,0.1612,-7.8925,-0.0029,-8.6592,-2.6252,-4.4909,4.1065,4.1902,5.9981,-7.0742,-9.0582,1.508,-5.4996,-6.208,6.8182,-4.6717,1.1828,-4.8086,5.0901,-4.6698,1.1148,8.9734,2.1904,3.7651,-1.1045,-7.0173,4.1824,-7.9485,2.9784,1.392,-0.9231,-8.4769,-2.8317,2.5999,7.3635,-3.5191,1.3175,4.368,-8.0486,-2.3707,3.7373,3.3129,-4.8638,-9.4478,2.2564,9.4452,9.1452,-3.0062,-2.6943,1.642,8.1573,9.8119,4.2828,-7.3651,8.3476,-1.4399,-3.3401,7.5805,2.7674,1.9923,5.4365,8.1394,-1.8979,-3.1789,-0.5584,8.4783,1.2463,-1.215,-8.3881,-0.0347,-6.3142,6.5208,-3.6185,-4.5399,9.4126,-2.8972,-9.9425,9.6949,-7.4234,9.3201,-3.6346,7.3567,-2.416
4.0973,-0.6381,-3.6595,-7.406,4.7604,8.0123,9.836,6.9507,-0.3511,-6.912,7.5668,-1.4565,-6.2375,-1.231,3.803,4.69,2.8752,-0.9315,4.2118,-9.6358,0.9701,1.5183,-2.7446,-3.7476,1.4984,9.402,-3.5441,-8.5719,-2.9835,4.2428,-0.5109,-0.3347,-3.357,-8.5723,1.8069,1.63,7.2746,-4.8453,-7.7099,9.4653,2.4727,8.2227,6.7242,7.4504,3.7107,-1.1889,-9.389,-8.1872,1.5229,-4.9649,9.1527,1.6478,-9.3745,8.7807,0.3398,0.1515,-4.4125,-4.0644,7.3596,3.6087,9.1982,8.8996,5.087,-6.021,6.6586,-9.979,2.3182,-7.4699,-6.481,5.3871,8.3397,-5.0426,4.8424,7.3585,8.5154,-5.6513,8.6255,3.624,-7.0049,-4.6318,-1.6019,0.4836,4.7279,-0.3128,3.5981,-0.5478,-0.0412,2.5391,3.0578,-2.8513,-4.7476,1.2558,-7.1001,-7.0003,7.8604,-8.7551,-4.0957,9.2418,-1.8616,9.8641,0.1251,9.7242,3.2104,5.0112,-3.1758,9.5932,6.532,6.4477,-9.0028,-3.3123,-1.9511,-5.816,5.7857,-2.0443,6.3387,-2.4257,7.5734,3.8775,5.57,-0.2121,6.3724,2.0897,-3.2267,-8.2382,7.5034,4.534,9.8579,-8.531,-5.9956,-6.6644,4.9369,-7.0457,-4.9045,-6.5545,3.9894,5.1621,6.76,0.5798,-2.5286,-4.3636,9.7723,4.7115,-2.0962,6.6989,9.2621,9.9481,6.4928,-7.7056,9.5822,-4.7162,-3.181,0.7217,9.175,6.8165,9.3098,-6.5982,-5.8971,0.1524,-9.434,-5.9017,4.4784,-3.1798,-7.1626,-5.7258,-4.4585,-4.2268,-1.6727,8.2923,0.5419,4.403,-7.3565,-1.4887,1.065,-5.0572,4.2164,5.1089,6.9947,8.9555,9.4267,9.7595,1.4877,-4.3054,-3.0887,-6.6067,-6.5215,-3.0092,-1.1437,8.474,5.3846,0.5224,-4.1629,-6.9441,9.5366,4.2168,-5.3893,-9.907,9.6094,-4.3655,-2.1866,-7.6373
-3.8375,-0.4356,-1.2638,-7.9482,9.7781,-1.1427,7.1664,6.0079,3.2869,1.0706,7.3614,9.8858,-7.2282,-1.8375,-4.1937,8.2438,-1.8301,-6.2258,-6.4404,3.6745,1.4796,3.4602,-5.4083,-1.9411,7.5921,-8.8761,3.8568,-9.5265,-2.6762,4.3238,-6.5281,0.227,5.5359,8.9226,4.932,-6.0985,9.2213,3.9412,-3.944,-9.034,-6.3537,0.1094,2.3823,6.2954,4.3532,8.0701,-0.4573,-7.085,-7.3885,5.2593,-6.0636,-8.745,2.1017,-7.8635,8.7239,7.6889,4.2872,4.7631,-9.106,1.4613,-9.3921,-8.4936,4.6861,0.9721,-6.088,1.0371,2.4362,-1.1322,7.8036,-7.6471,3.8665,-1.0266,-3.8825,-2.8323,-4.2511,1.8863,5.8256,-7.2745,3.2081,3.0233,-7.7806,9.5875,-4.9694,2.9086,-0.1013,-6.6652,2.8199,0.9988,-4.3258,-3.7628,-6.1087,2.9134,0.401,2.5745,-2.1532,5.7665,-8.4173,8.7171,-2.33,2.032,-9.3468,-0.7819,-4.3985,-0.7551,-0.5746,6.4025,2.003,-6.1362,3.5717,5.4804,-7.8209,-2.6385,-4.9899,-2.1334,-0.4374,1.0699,5.2372,0.2448,1.7368,-1.8036,7.9504,-3.3376,9.6483,6.0932,4.4871,7.3175,-0.4624,9.4026,-8.1263,0.4303,-1.2331,-7.3641,-1.5379,-9.5799,-3.9415,0.0765,-9.2705,-5.1998,-3.7646,-6.0504,4.2422,1.4384,4.2912,8.6851,0.8702,-7.0894,5.6174,-5.2519,2.0505,1.4356,-4.832,8.9795,2.4012,8.228,9.5276,0.4851,7.4707,-8.5231,-9.0555,-6.4519,-3.3897,-1.4197,-4.5791,-2.1032,4.6529,-3.3356,-9.8421,2.08,-7.8497,-4.7833,5.7535,-4.3055,-2.0122,3.0638,-9.2286,-0.0903,3.5379,4.8622,6.8225,0.403,9.9304,-3.7687,0.701,1.0056,-8.173,5.6175,2.3237,-2.3819,1.4368,7.8074,5.0194,-3.9913,0.7905,-4.315,-1.4159,3.8475,-9.401,6.8452,6.4972,2.6333
-0.9706,7.3747,2.9984,-5.1782,1.7974,-9.6695,5.4653,4.9084,1.1964,7.7118,-3.467,-0.9233,-4.5057,-7.5085,-2.414,4.7073,3.1005,-7.939,-6.703,7.5285,7.9184,7.8899,0.2946,-2.8121,7.1202,4.5318,-7.2408,3.5225,-8.4975,3.8439,7.1329,-7.1424,7.9044,3.4775,-9.3518,2.6981,9.2565,-8.1259,1.6491,-8.6374,7.0146,6.766,-2.1403,6.767,2.671,0.9307,5.7373,2.2199,8.673,3.8376,-3.2506,-1.6428,-9.2447,2.6289,3.1267,8.807,2.0407,-0.8884,4.5831,5.7551,7.6719,9.4065,6.151,-5.3349,3.5499,6.9059,2.7994,-6.868,7.9772,-8.2609,2.5421,1.2463,-9.5594,7.1607,-6.0438,-8.0301,-7.2485,-3.4256,-8.3025,-8.5782,-4.1512,-0.9911,4.5663,-2.8995,-2.8305,-4.2926,-8.6658,8.3241,4.5283,0.2883,-7.2345,8.0606,1.0493,-1.6855,1.4789,8.5036,8.7347,-8.9352,-5.7311,-7.8553,4.0555,-8.7209,-8.6121,-0.7514,4.3388,4.5108,9.3679,-1.1519,-5.5029,-4.4824,-3.4339,3.842,-3.3507,-5.4215,-3.4542,-2.5529,-1.2928,-7.3866,6.0678,-2.3712,-9.6446,-1.1117,1.3558,6.8504,-3.1823,0.8373,-1.5275,2.0136,-1.1347,8.4878,2.2967,0.5276,-2.8206,1.1353,4.1216,-9.387,-7.2316,9.4602,7.8367,-2.8673,-4.5598,-7.4626,8.9367,7.5387,8.3723,5.5762,-5.3561,7.0991,3.5824,8.5557,7.3587,-4.7565,-1.9115,-8.7395,4.11,-2.1241,6.1499,3.9779,5.8191,9.6792,4.6234,5.3001,-0.6194,4.5092,-3.9065,-4.0063,-2.2977,-3.455,-7.6942,7.1745,-6.4165,7.2068,8.6095,-4.0316,-8.4363,1.2039,5.3389,0.8864,6.6463,-2.5234,-2.5767,-5.141,-9.7068,-1.9826,-9.5703,5.53,-8.4457,3.2557,5.7921,-4.2339,0.063,-9.8826,-5.402,0.828,-6.2762,-3.7305,7.462,4.3468,5.4677,3.978
-0.7936,-2.0902,-0.2626,0.1509,-6.2164,-1.8856,-8.4509,-7.8369,-4.1472,5.9675,-5.2054,-5.6886,2.946,3.5337,3.4168,-8.8169,7.4,-8.119,-5.3441,-1.6563,-4.8651,2.6754,-9.9829,-3.8291,-3.2825,-4.0095,5.0286,0.8029,0.1748,6.3929,-8.0582,-6.5949,-3.6526,7.2152,7.8924,-9.9823,8.5138,7.1109,-7.9779,-0.0315,-3.9022,-5.2848,-6.0014,-1.9496,5.8917,-9.5814,7.3674,-6.135,-6.1818,0.786,8.7954,-1.236,3.7326,-9.4593,-3.7251,-5.1881,5.2296,-4.657,-7.8896,-5.5419,-9.5743,6.6567,7.1572,-7.9029,0.6089,3.6625,7.5743,6.4679,-1.1864,-1.2758,-9.9548,3.6293,5.8263,-3.9559,-2.1537,-9.2537,-5.1195,-5.8942,9.9024,6.838,6.845,-1.1769,9.4263,-3.6824,-2.1496,-7.5616,-7.7745,6.3122,8.0343,2.8162,-1.2182,-4.8278,-4.4595,1.9186,-8.5334,-5.3813,0.0748,-9.4708,2.4461,-8.3956,-7.5703,-1.7186,0.3964,4.2482,8.0106,9.947,5.3213,-3.6781,7.2193,-8.4372,-4.1113,5.1587,-4.8487,-9.5014,8.4483,-5.43,9.5436,7.9296,-6.5113,7.9081,7.9693,9.5886,-9.3584,-5.1037,-5.9404,6.964,-2.5126,-2.0365,0.4753,-9.6075,-6.8179,4.4462,0.2708,2.5549,8.3982,8.3588,7.8052,-7.8934,-0.8616,-7.6314,-0.3608,-6.597,4.7968,-4.9604,4.8411,6.9975,-9.2648,2.697,9.7018,-1.4472,-0.6558,-1.1841,7.9221,1.9825,-1.4998,-5.7718,-8.3389,-5.093,-6.7538,-5.2893,-8.6033,2.7848,9.0699,-7.7519,8.0689,-6.4861,6.6616,4.6634,-5.529,-2.3378,5.6509,-1.1597,0.0889,3.2795,4.8608,5.6415,8.5374,-2.5242,6.487,-1.3734,-4.8946,-4.13,1.2264,7.8808,4.4155,-9.8056,-4.5496,5.0473,0.7985,-0.376,-6.9223,-3.3975,-2.1996,0.2709,-6.5455,5.783,1.9737,-3.8651,6.6936,3.4477
1.8776,6.1536,-8.7942,-9.1347,0.6506,5.3691,-6.8895,-5.4167,7.8374,2.5279,4.0226,-2.7662,-7.1631,-8.2869,-2.1908,-0.3634,5.9435,-8.7081,3.7961,-9.5893,8.0898,-9.8205,-9.4354,-8.8138,-0.9724,8.0254,9.5776,-9.7425,-8.3927,0.4761,9.8169,5.748,-1.8255,2.8023,7.2289,5.4305,-0.9908,6.4358,9.6236,-3.3108,-2.4157,3.6471,3.3274,-1.0439,6.2597,-5.1305,-4.3647,-7.8298,-0.4868,6.0162,-9.9815,5.977,-9.1909,7.6964,-8.5259,-6.8941,6.9671,-2.7792,-2.5583,2.7246,-7.4931,-7.8072,-6.7289,-2.178,2.1569,-0.0213,3.7157,8.23,-3.7636,0.4054,0.1735,-0.1254,-7.7641,-6.3835,5.2654,1.1953,-9.1138,-0.5878,9.0643,3.4529,4.6019,3.0788,7.1101,-8.0062,0.3313,5.7378,3.8907,-2.0502,-5.4274,-6.1573,7.2782,-8.8934,5.9313,6.3957,8.7864,1.9572,-5.3676,2.4564,-2.2401,-0.5178,-6.2437,1.8346,-3.416,-8.8337,6.8221,-0.5091,1.0419,8.8573,-9.668,-8.298,-4.7464,-4.9767,-9.3448,1.6412,2.5016,2.0453,-1.785,-5.7229,2.3771,-4.9326,-3.8011,1.2898,6.487,7.3381,2.8905,-7.2388,0.379,-8.8887,5.0161,-9.7333,-5.7002,9.4417,8.0577,8.347,-3.3825,1.2056,-4.3148,-0.3369,9.8655,0.6561,-3.1454,7.2482,-4.4284,-9.9684,0.4685,-5.2943,-4.0427,9.3307,-6.1342,1.1423,-1.4845,0.3525,6.3055,7.754,4.5667,-5.6899,9.999,-4.7799,2.5395,-9.5235,1.2952,-5.0324,-9.5786,2.5609,-5.567,8.8076,5.7371,7.2154,7.8206,-6.9974,-7.9873,-4.8252,-1.1648,9.4093,0.96,-4.6271,-3.716,-9.3754,-5.5614,7.5578,2.9049,-9.4502,-2.1309,8.0894,4.2328,0.5748,-6.9282,6.241,-5.6501,8.8017,4.0742,-8.6567,4.7051,9.2699,-3.3411,-7.6249,6.9785,4.1839,-3.3465,-0.3847
-8.5336,-5.0003,7.7417,5.705,-5.2652,-2.7871,-5.8703,-0.5618,-0.217,-5.2118,2.2956,0.1497,-5.6524,5.4076,-4.9512,-2.181,8.52,-5.0003,5.5888,4.5349,9.903,6.3189,3.4587,-2.4436,4.1441,4.8471,9.2037,-5.0055,6.3476,3.559,-4.9161,-6.2495,5.4323,8.4913,-7.0425,-2.9283,0.7565,1.885,0.0924,-2.7575,0.0722,-4.799,-1.8595,9.1551,4.3156,-7.4296,-8.218,-2.8452,-3.3795,-7.7236,7.7005,6.6346,-3.8701,-7.0308,9.0431,3.3981,-6.8165,-3.5166,-8.2468,1.9465,-5.2122,9.6434,1.9173,6.2847,6.6966,-2.4603,6.087,-7.3417,6.2738,-2.7408,-7.7588,-3.0402,-5.9007,-0.9857,-1.0564,9.1849,9.4721,5.3819,5.3397,2.1262,3.0051,3.969,-5.6618,-0.4292,5.97,-3.4602,-4.0434,-8.2488,-8.1141,5.7333,-5.5415,-1.7172,-4.4283,-8.4491,5.1217,2.5724,2.6419,1.1739,-5.8843,-6.946,-7.2173,-3.4849,-6.4415,3.6987,-5.1037,-2.2952,9.0299,-2.7659,4.7787,-1.4975,8.3282,-8.4326,-1.3003,1.0681,-4.1719,-0.3863,7.1609,5.1267,7.6732,-2.132,4.5278,-2.5213,5.4877,8.0371,5.1317,-6.636,-9.9713,5.8098,-3.8609,-6.2159,-4.6717,-0.5649,-7.3749,6.6768,-8.0123,2.4375,-4.2218,2.2232,-9.6699,1.6705,-5.2708,3.6184,0.3104,-6.1605,-8.0437,8.6841,4.8042,-6.6291,3.2487,4.7428,-9.7366,-4.7416,-8.8148,4.5853,3.3535,-8.8681,-8.409,7.765,-9.8698,-3.2926,6.7,-7.6759,-4.5476,7.9815,-3.8381,-0.3294,3.801,7.3935,0.4995,4.1963,5.8638,-4.1478,3.6458,2.5153,-5.5078,-1.707,9.2611,7.9177,-9.8147,1.8992,-5.0063,-3.7217,-9.8996,8.079,-2.929,8.214,-2.5141,-2.9405,-5.69,1.1957,8.7954,-6.2794,-2.1533,7.5283,-8.778,-7.5099,9.2206,-9.0482,-8.5007,6.9547
6.1978,6.3834,0.5045,7.7951,-3.7279,8.3794,6.0188,-6.8399,-4.2688,9.5013,-0.1666,3.4994,7.8128,-5.9484,-3.9973,-7.3214,6.7838,-4.6158,2.0813,7.4045,-3.0684,9.155,9.2447,8.8677,1.1395,6.8963,9.6282,7.1528,3.6265,2.0817,-6.2161,-4.2639,-4.4079,-3.932,3.5183,-2.117,7.6503,5.504,-4.689,5.8446,-8.524,5.8279,-4.8645,0.7634,-9.9502,-5.024,-5.1801,5.614,-5.8902,-8.0525,-1.4356,-9.1329,0.6964,6.0993,-3.0091,0.2424,1.8343,6.9111,9.6832,-8.9368,-7.5699,3.2693,-1.3327,-5.3808,-2.7732,-0.8405,-5.0517,0.3235,-2.5875,-5.7062,-8.5882,-8.9669,-7.0552,2.6916,-6.0344,9.0773,2.3552,-9.3905,-4.7267,0.6375,2.552,-9.4693,4.8053,-1.1654,-2.4085,1.6282,-1.6777,-1.4608,3.504,-6.5221,1.9586,4.0028,-4.2306,7.9241,6.076,2.1999,-1.3042,5.9848,3.243,-7.8796,2.6483,-2.9719,6.2345,-7.6953,8.2663,3.5361,2.7495,-7.159,-8.2037,6.2102,-9.33,-1.2662,9.0583,3.296,-4.5265,0.7867,-1.6002,0.0667,-5.0215,-6.6909,-5.7631,2.4792,-8.8112,2.0446,5.7145,0.8871,-7.1916,-1.3475,7.2498,5.5237,-5.5181,-8.2362,8.9992,-7.1315,2.4328,-0.4562,4.9898,-3.2116,-0.6596,-7.5407,-6.0674,-6.3399,-4.054,-8.2011,9.6265,-6.5814,6.5734,-2.6683,-3.6193,5.0563,-7.3819,-6.0184,9.7359,-9.8276,1.9006,2.0241,3.0269,9.3548,8.1234,2.4693,5.5404,-3.7162,-0.2395,-8.9413,2.9613,7.0975,-6.8832,0.3137,-1.5873,-4.6953,-9.1145,-5.4997,4.8323,-2.6531,-8.13,-9.7371,3.6311,7.2241,7.1817,-1.3137,6.4845,-6.9022,3.5478,-5.1368,2.4477,-9.8215,7.1231,-2.5889,5.3644,-7.4402,4.1248,8.8261,-6.9435,-5.0749,-9.0218,-5.6813,-9.8537,6.6992,0.4294,6.787
-1.3106,-9.5492,6.2046,9.3835,-7.9549,5.0183,3.8304,-7.4987,1.6587,-2.6542,5.6988,9.5442,-0.1922,1.0622,8.6549,-3.81,7.5008,0.1573,9.7087,3.9009,-9.7345,-0.5743,-9.7347,5.2548,3.2044,-9.3629,4.4459,-8.0956,8.6592,6.0023,-1.1714,0.1451,2.383,3.4782,-4.3561,-0.0609,9.5864,-6.704,-3.799,-2.0093,0.4473,-5.4087,5.6919,-4.1081,-3.3978,-1.0871,-0.9996,-2.3868,-7.7489,4.5149,1.8032,-3.6169,5.2269,-0.945,-5.4572,6.0207,-3.0214,9.0562,-9.2091,5.3435,1.1217,-7.7938,8.5787,-0.1288,-5.039,-1.6402,0.3494,7.706,4.7388,-3.3098,-6.5549,0.3714,5.2859,-1.1694,3.4146,7.3961,3.8234,-6.7967,4.8977,-2.8185,8.0657,7.5116,5.8004,7.4417,6.194,-4.2818,6.4376,3.6561,-6.8304,-8.0357,-9.1782,-5.6954,1.3375,2.8144,3.6406,-6.4131,4.9334,-7.2133,4.0007,-1.2774,-4.7425,2.1799,8.6936,-9.6013,7.1774,-7.0707,5.7636,7.3897,1.4006,4.4702,9.1687,7.5248,0.5966,5.8867,3.4008,-2.3304,5.893,-6.0445,-9.5223,-4.0113,5.3756,2.6477,-7.3188,-1.4357,-3.4487,-1.8943,-6.7065,1.3652,-3.9874,0.1408,-8.8712,-5.8266,0.1311,6.3844,4.6206,9.0258,-2.2905,-2.7555,-2.8184,8.7544,-8.7177,-4.4076,-1.7463,8.0538,-0.5958,-8.5377,-6.4749,1.3588,1.0084,7.6833,-6.9665,4.9822,-5.8326,9.2686,-5.7369,6.7582,-2.4166,6.8728,6.1568,-3.1531,-2.7009,6.5246,-1.1067,1.5411,-2.5803,1.0055,8.3367,4.5525,2.2379,-1.7918,-4.8686,5.7043,-4.0269,8.9739,6.9597,-4.0585,5.2135,7.3803,4.2876,7.765,5.3474,-8.185,-1.0243,-6.3774,9.9293,-0.8827,2.4125,1.5483,-9.7346,-6.2691,-8.0125,-9.2414,-5.5863,-7.6837,4.3504,-7.3983,7.699,6.5785,-0.6752,-3.8404
-6.0625,0.6731,4.1665,9.2951,-4.091,-8.1812,8.2876,-5.4882,-0.35,-0.6322,5.3615,7.048,1.5788,-3.3907,-2.7334,5.0559,6.0356,7.9037,1.541,-1.5794,-5.8969,9.575,4.4868,1.3707,-9.2841,3.5989,0.6375,-1.4698,-8.3642,-6.6819,3.7027,-4.7485,9.9603,8.7016,-6.5968,-7.0244,3.8108,-3.6829,-8.0289,-9.3871,-4.2909,3.6105,7.269,-5.2309,8.353,0.4281,-3.8927,9.6781,-5.4088,5.2691,2.4006,2.8476,-9.482,-9.4145,4.2436,-0.0879,8.7202,2.0983,9.8028,-0.0365,-2.079,-9.8685,-9.1176,-3.217,0.127,-8.0937,-1.2876,5.9744,9.5814,4.8718,2.9734,4.3307,-3.5021,0.5174,-7.9525,-1.8877,-3.9905,8.4137,7.2326,4.0588,-8.1598,4.8487,9.4072,-9.1551,3.3237,2.7384,-0.8714,-3.1532,0.287,-3.9588,0.7598,-4.0581,1.3851,2.6664,7.8567,-5.7472,8.6879,-4.5755,-2.1836,7.4886,-0.8631,8.1576,-4.9575,-1.4117,-4.1923,-0.6739,2.757,7.6206,-4.5384,8.261,-2.1704,0.4011,7.7808,-5.2188,-9.7007,8.8365,2.0244,8.5066,4.1751,-8.9313,0.8373,-4.6809,-7.0643,9.3007,6.9543,-9.0311,9.2999,6.0785,-3.1285,-1.3221,5.3055,8.6728,-9.0412,6.894,-8.1878,4.4008,-0.6383,-2.3714,-3.6511,-3.6131,4.6635,8.8976,9.0942,1.0958,-3.3456,8.8786,-8.96,4.1283,-5.6493,-6.2316,7.7168,2.079,5.2053,2.5633,-7.4287,-3.5178,-5.7223,-7.7066,-2.3761,-6.8129,7.0458,-6.2252,9.8584,-1.381,-4.1619,-7.66,-4.6821,-0.0288,-1.2145,-1.4836,-0.9246,2.0455,7.334,-3.6081,7.2646,8.8587,-8.0853,-5.068,-9.8847,-1.7391,-3.3555,-8.8872,-3.8974,6.6553,9.9248,-3.7957,8.9968,5.1142,8.688,6.8343,-3.4923,-3.3028,-3.4973,-4.6373,2.2003,-7.4705,-9.2709,4.7063,8.5296,-6.6534
4.5295,2.5502,-1.0877,-5.5074,1.3639,-2.7837,5.4134,4.023,6.9373,-6.0504,6.4068,8.8118,-0.6131,-8.706,-1.3574,5.5521,2.9141,-2.1507,-1.1714,-7.7956,-2.1479,-5.6305,-4.1299,-2.6416,-2.315,-9.4474,-9.1594,-8.8233,-2.9764,-7.8728,4.8298,0.7953,3.1458,6.9246,1.5794,9.4073,-7.6597,7.9679,0.7705,6.8747,-6.0689,5.5192,-7.4976,-7.8338,1.259,-4.1601,-6.8064,-3.8106,8.7503,1.2248,1.4311,-5.5491,3.1093,-4.2803,3.4529,9.401,8.2708,-3.8439,0.7741,8.3071,9.5651,1.343,-3.6742,-4.3353,-0.9531,6.731,-4.3325,-5.1837,1.4104,-6.9994,1.9104,-1.8765,9.3954,-8.5667,-4.3673,-7.2377,3.0379,-0.9626,-9.183,-9.7627,7.0753,-4.7524,-7.5264,-5.7477,-3.7242,-3.6146,9.4876,-7.6039,8.0941,9.4076,7.332,-6.9546,1.2018,1.7893,-4.0615,-5.0707,-1.683,1.5096,0.9932,7.5842,-4.6823,5.0229,8.9238,-0.1734,-8.8414,0.9928,7.5211,-9.7823,-1.1934,-1.607,-9.2059,-8.9447,-7.8614,-0.7349,-4.8727,7.2044,2.0617,8.0536,6.2791,-5.4677,-8.2838,-0.2287,-7.5414,9.1842,9.4467,-9.7131,8.3457,-4.9528,-1.7455,-4.0684,-5.7204,-4.7755,-8.0607,-0.9366,9.1541,-7.4968,-5.5013,-1.5349,-5.9171,2.1146,3.4166,-0.1577,-3.1178,9.1189,-7.7524,-6.9086,-2.0761,-4.4667,-4.1892,3.5377,-6.8254,-8.9442,-2.6254,-1.561,-3.0055,7.9499,-8.1738,0.226,7.2286,3.3121,-7.4975,8.5242,-5.7924,5.5634,-6.4332,-9.2965,-6.8631,-9.0286,-8.0615,-1.5859,-7.2517,-9.684,-9.5467,9.9467,-0.8293,-6.2399,6.4387,1.293,-4.0002,7.5902,-9.681,9.2644,4.6902,5.4741,-2.5142,6.351,-1.6634,-5.8839,1.8426,9.6296,2.7733,6.0412,0.375,8.6289,7.879,5.8552,-5.9574,-8.4904,8.9476,9.2998
-3.2379,-8.6381,-1.1729,-4.3855,7.8159,3.3761,-8.522,4.1375,5.0127,8.4771,-5.3971,-6.3433,-6.382,-4.9804,-4.3519,-1.9271,1.8697,9.8946,6.3575,6.9126,8.0461,3.8095,8.0776,0.6761,9.8803,6.8392,8.6419,-9.9435,9.0565,-4.3326,-8.6673,-8.0766,-0.2549,-0.6394,-9.4153,7.0489,-6.457,0.8048,-3.2903,-0.6332,-0.4679,-2.8909,-0.8625,5.5236,4.4892,-5.6893,8.5818,1.0516,-5.9913,-6.2248,-2.0522,3.8016,6.0384,9.7447,2.0288,0.3459,-4.7391,-9.8721,6.2849,4.6737,0.0845,-9.615,-9.6623,5.9662,4.5736,-9.2608,9.9171,2.8875,2.0882,-1.8556,-2.7605,1.2725,7.4,-0.2925,4.4481,6.0836,9.7594,-4.8766,6.0183,5.5737,5.5787,5.8816,4.6072,7.9023,-3.665,4.6937,-8.5416,-8.0082,-6.4974,8.2562,2.2556,2.6289,-2.6809,2.637,-3.4406,0.0924,-9.3953,2.6039,7.9054,-5.6658,-8.6142,9.3042,7.7336,-2.0177,-9.4028,-0.2077,-9.5597,6.4729,7.233,1.6334,2.7438,-8.9315,4.9063,7.9857,6.9536,-7.1845,-1.8785,-7.4415,9.8549,4.8167,8.8363,-5.7051,-8.9474,7.3418,5.4077,-9.7658,5.6543,-1.6547,-2.5861,4.0844,6.3824,6.7333,3.8522,8.3087,-1.0651,7.7542,-7.3536,-4.9733,-3.7312,4.4805,-1.9312,7.319,8.2006,1.4461,2.3888,1.8502,-1.0789,9.2012,5.5371,4.3208,-3.4223,-7.6936,-8.9599,-8.325,8.4214,-2.4714,-1.7955,2.4264,5.5455,-9.3958,-9.9321,1.5837,-5.929,-1.7564,6.377,4.1396,6.6588,7.5826,5.9967,-2.4217,4.8325,9.2017,-5.6705,-3.9836,3.9935,-7.4654,8.2368,-1.4077,-5.1921,-1.6566,5.9412,-7.748,-6.6381,-9.804,2.2533,-3.6641,9.611,-8.8827,4.4352,-0.4409,-3.6074,-6.925,6.0002,-1.8891,-4.7895,-4.1593,-5.0454,-8.7678,8.4551,-0.1676
-1.1222,-1.193,5.27,-7.4398,8.7836,0.9362,4.4878,-2.5534,-8.8892,4.1152,9.3951,4.9762,4.3007,-5.4851,-2.6301,8.769,-0.0433,-6.3211,-8.8701,2.27,8.507,0.0564,-4.0788,5.1641,4.3056,3.6825,-4.1047,-0.703,2.9472,-3.5076,-5.9893,0.7149,-2.9251,-4.9577,9.0284,2.7263,9.7821,-3.2716,-9.2827,-9.7773,-9.2612,-4.1713,-0.6277,8.4999,-2.2445,-3.1025,-0.6195,7.933,-6.7485,-4.6497,-6.4035,-0.0751,8.0363,2.8199,1.4904,0.1992,-7.3615,6.6591,9.5776,-6.7267,2.0921,-5.3078,5.6596,5.3949,-3.4314,4.8519,6.683,4.5896,-7.857,4.8153,5.6366,0.4635,-8.7753,-9.4056,-8.9806,-7.3228,8.7043,7.8049,6.095,0.4121,8.5827,-7.598,4.9894,4.4075,2.0434,-3.5171,7.1292,-6.391,-5.196,-3.7206,3.7574,8.2425,7.0895,-4.8784,-7.5862,-5.1855,9.971,-6.0281,8.0639,-6.9217,8.3381,3.5682,-6.4902,5.4534,6.7438,8.1472,-0.0293,-9.3764,2.8787,-2.9862,2.526,-7.2024,-4.3509,-3.8578,8.064,-8.1627,3.8071,-6.6744,6.0192,-1.4287,-8.484,-9.1831,-9.6677,4.9407,9.9672,1.4578,-7.5182,0.9142,-2.6113,-0.6631,-7.1084,5.5618,5.0053,1.2945,5.0335,-9.7739,-8.1813,9.1439,0.7215,-6.4756,3.3445,6.4821,5.5987,3.58,-4.8885,-2.1437,5.1358,8.6442,-5.9414,3.0369,-0.5032,6.162,-6.7077,-8.2063,-7.6649,8.506,5.5181,-2.9289,-8.1084,5.9618,-0.1474,-3.4981,-3.8296,8.9439,-0.1779,0.0501,0.565,6.4796,0.8076,5.0362,-5.0024,-8.8198,7.5392,0.3037,-9.4576,-7.3713,7.4484,-7.322,5.525,-0.6657,-2.4406,8.3729,2.8816,-9.1812,9.4635,-4.597,9.4937,-0.1587,6.9735,1.9033,1.238,1.5692,3.2148,-8.229,5.8499,7.3757,6.7295,8.2446,-6.4873,8.7969
-4.4958,2.2444,4.1261,1.9356,-2.0674,0.5139,4.4059,-0.4768,-8.2131,5.5239,-7.1103,0.3126,-0.9513,-7.4192,-9.5249,-0.0279,6.8115,1.7657,2.4963,2.1896,-6.0527,2.7181,7.5049,-6.8396,3.532,9.864,5.7372,6.2561,7.6225,-2.1183,6.9933,0.7493,-1.9693,1.0066,8.3556,-2.194,2.6885,-8.0919,-6.0506,9.4612,5.4983,-3.7194,5.6145,-8.4934,-4.2942,7.642,-5.6198,-1.2317,0.8356,-3.8268,9.4755,-8.6165,-9.7716,3.0081,5.3015,4.6142,-4.4559,-8.7274,6.0746,0.1747,7.3772,6.706,-8.2553,-1.6818,1.7834,6.5719,3.3001,-6.9215,4.3142,-5.937,-8.9025,-4.4645,-9.8601,-7.6157,3.2666,5.8967,-9.7702,-3.7449,7.0227,-5.2754,-6.682,6.3797,-9.4922,-1.6971,9.3907,8.1364,-6.5592,5.948,0.4275,8.7253,8.6348,-5.1494,-1.5171,0.1809,-0.1222,7.447,3.7152,-6.2179,0.0059,-7.8969,-4.9574,6.3344,8.1885,8.6398,-1.935,9.3151,-0.4183,-4.4614,7.6769,6.5726,0.0631,-9.509,-7.9337,1.9806,3.0473,-1.2205,7.1992,8.2651,-9.3906,4.0592,-2.9094,4.6136,0.4497,4.0223,5.1255,8.1363,-4.0677,-6.4051,-0.7524,9.0047,-9.2534,-6.3097,5.7126,-2.6216,5.8287,9.8755,-6.5241,2.8761,-6.8389,0.4022,1.8774,5.8325,-1.1272,-6.7681,-6.1406,-4.2163,-4.4234,-2.7853,7.813,-6.0337,-6.172,6.306,-0.0328,-7.8757,-0.781,-3.7075,8.1544,-8.9521,9.2909,-7.4101,4.555,-8.8598,-7.9098,0.8886,2.6447,4.4552,1.7887,4.6324,-6.3193,-0.4402,4.7706,-0.8377,-4.4811,-8.0618,-5.9554,-1.2099,8.1855,0.3331,-5.2021,6.0819,4.9426,1.5339,-2.794,-4.1679,-4.3009,4.5966,2.964,-1.709,-0.7632,7.1143,2.907,0.3644,9.0674,9.7435,-1.7495,-8.1778,-4.2373,7.5407,1.61,-5.1077
1.02,-9.1267,8.0542,-2.7397,8.287,4.6658,-1.7887,-2.4312,5.919,6.4622,-9.5073,2.0137,-5.2605,-3.143,-5.457,-8.0484,8.0654,2.154,6.5348,-5.9845,-5.666,-6.4249,-9.493,4.0869,-3.7504,9.0878,-9.4726,-3.1801,0.6485,7.6547,5.6522,5.8411,6.3714,-8.9671,-6.839,-5.7089,6.5987,9.7966,9.9354,-7.8537,-9.7171,-1.4179,-0.027,-2.0833,2.8496,2.5007,2.6101,-6.104,-2.3853,-7.7105,-5.8134,5.6302,-8.5279,5.3232,2.0026,-3.9498,6.6111,-3.6015,-9.6793,4.1606,0.173,4.485,-2.2587,-0.9995,2.4626,-0.5323,5.7489,4.4498,-4.7422,-7.6481,7.2461,-9.047,-0.7618,9.665,-8.645,0.6502,6.1188,-4.8852,-9.1524,-4.1793,8.433,7.8929,2.5201,1.9107,-2.1708,-7.5616,5.8781,-9.2253,-5.7958,8.5688,-2.7361,-0.7417,3.3482,-3.0632,5.6035,6.6385,8.091,-3.8665,4.4664,7.7884,-5.1274,-2.1982,-8.2943,3.3391,5.3827,-4.6018,-0.8174,2.6051,-0.0393,8.6137,-9.0014,2.2671,-1.498,0.3276,-3.202,9.3398,7.8646,1.7284,8.1821,5.472,9.6685,2.173,4.7193,-2.0427,9.8086,-6.5106,-0.6817,2.1452,-0.4553,6.921,-3.1473,5.9219,1.0794,4.3749,-9.9467,-1.2859,3.9636,5.9839,-3.9589,2.1529,3.9087,-6.5112,-5.9051,9.2005,-3.184,-3.5121,3.812,7.1722,-3.6637,7.1049,1.5017,7.2171,1.6538,-1.5255,1.0172,2.7554,4.9817,2.9241,2.779,2.1503,-2.7625,6.9844,-0.5815,-6.4126,-7.6089,7.1998,-0.7062,-7.0499,0.8905,6.6656,-2.1955,6.7161,6.6529,-9.9486,-0.4369,-1.0,8.5276,-0.1072,8.8454,-6.475,2.6547,5.0614,-8.9108,-9.645,5.1954,-2.9789,3.5603,-3.1113,3.6646,3.1509,7.61,6.6095,-4.8778,-1.0064,-3.4546,-4.0931,5.2163,-5.5743,8.1776,6.1402
-9.2746,-5.7485,-9.4201,2.5071,4.0202,3.1113,-3.4842,-3.741,6.405,-1.5793,1.3746,3.8762,6.4327,1.2613,-8.3545,-7.5976,3.2435,8.2458,-3.0466,-7.3699,8.1446,-2.8225,-2.6944,6.5136,-7.6996,-4.415,-0.4193,-6.14,-2.2024,3.5688,-7.0408,1.9605,9.3938,7.2866,-4.9934,9.4308,-1.7878,-8.1743,-6.3158,-9.3881,4.3746,-2.892,0.7193,-6.4687,8.8344,6.0762,3.2117,-0.7498,-0.3461,3.9932,5.2047,-9.6211,-1.7988,2.1598,-6.1528,-3.2591,-7.0145,-3.966,4.0161,9.3069,2.7995,-1.9459,8.5308,4.9944,1.8205,3.7612,-2.9638,-8.1335,4.6324,-9.2361,7.2344,-5.7652,-6.5358,5.2099,0.7658,-5.8114,6.4743,-3.8401,1.2534,-0.7256,-4.5234,-9.5235,-7.2976,-2.7259,4.0542,-1.3595,-3.072,-0.0034,3.501,4.9765,-3.1713,-3.1141,4.047,5.5026,2.0398,-1.9487,-5.4878,-6.4482,9.3456,-9.509,-9.4636,-1.2041,6.9947,-0.7555,7.8256,-2.9562,-3.7537,-8.4376,6.1098,2.7964,-7.2042,9.585,5.2998,6.3888,7.2077,-8.6803,4.3299,0.0953,-1.9272,-0.9678,6.4264,8.5755,5.668,1.6757,-4.4507,-2.6332,-1.1383,-2.8511,-4.9811,1.7755,-4.2915,-2.3991,-7.0516,-4.5466,9.7729,0.6945,1.7509,-5.8522,-0.7406,9.1926,-2.008,-5.8305,5.0222,-5.8312,-7.9711,6.2723,-6.7112,-5.8161,-0.9422,-9.3844,7.5675,7.6843,1.654,-9.7171,5.846,-9.5835,5.7883,5.0405,-9.7928,5.4607,8.1901,-1.2554,-5.9424,-8.704,6.4611,0.4506,-3.3804,-2.9247,-9.8971,-5.2835,0.7486,-3.8407,2.0744,3.0873,0.6606,2.0326,-0.4356,8.6089,-2.454,-0.4038,-2.2877,3.603,5.1365,6.4557,1.4843,-3.1987,6.2994,0.6138,5.8316,-2.8286,6.7382,-3.7972,-0.0239,8.4751,6.4054,5.0528,6.3449,-6.7211,5.5195,9.1212
7.4723,-4.8662,-3.0612,6.841,-8.6029,-4.5829,-2.379,0.0601,-8.9079,5.7179,-9.3663,-6.9746,-5.6095,6.2666,2.8781,5.1127,7.9128,8.3437,8.53,-5.2086,-4.0473,-1.8434,-2.9857,-9.9135,-5.8469,-7.128,-4.8316,0.0549,-7.9904,1.0538,-4.448,1.0773,3.2718,2.4566,-7.692,2.5229,7.4912,1.7498,-0.1861,-3.3137,-9.3672,3.5197,-3.7315,5.3169,-5.6264,-4.6339,4.2501,-8.2985,1.7656,-9.3187,6.5771,6.9295,-2.9544,9.6156,-1.4698,-5.8862,3.5359,1.1693,0.0562,-9.5829,4.8409,-5.7811,-3.4184,0.1435,-4.6279,5.5109,4.9539,8.9297,1.7679,-5.2813,-6.654,3.7217,0.5636,4.5007,2.6039,-8.9424,5.2681,4.6368,-9.7916,6.7611,3.3244,-5.1743,-9.5235,-7.6402,1.3651,-4.2536,9.8378,-6.0035,1.5857,-5.9082,0.526,8.95,-0.7533,3.9086,-0.6749,6.8613,-6.1342,2.4044,-1.4345,8.1981,2.6906,-7.9051,6.4567,-0.6608,-2.9389,-2.6731,0.211,-6.4085,-7.9908,2.7842,1.1596,-4.9478,5.8081,-4.7952,7.6685,2.32,-3.2206,-1.4851,8.5936,6.1254,4.4922,-4.0736,1.3536,-2.6073,-2.5992,-5.1988,8.8278,6.6317,-7.1776,0.7206,8.7512,8.2907,-9.6402,-8.8034,5.8775,-1.2793,-9.0767,-6.8296,-9.9009,4.1111,6.4151,-3.1522,-4.8071,-4.1881,-1.3064,-4.574,6.1407,3.4443,-8.4628,7.3917,1.6338,-0.0036,3.4584,8.4352,7.205,-7.6223,3.9632,-1.7962,-5.4084,-9.9572,-9.3477,0.3806,4.8746,-0.6999,-4.7113,-3.5573,2.9149,-4.5698,5.74,3.5719,-6.7247,-5.641,3.0373,4.4689,0.9023,-9.9461,-3.1715,5.4119,3.0695,1.3246,-7.2041,6.6514,9.0039,3.0985,-8.0799,4.7673,2.4634,-8.4365,0.8758,-8.4321,-5.3438,-6.5784,6.6387,0.2111,-2.228,-3.0586,-3.126,3.3193,8.2649,8.6762
