5.2041,9.8349,8.4692,6.4841,-6.1429,3.5876,-0.9906,0.2148,0.8501,-0.2796,-6.9162,-3.8518,7.6027,-6.9195,-3.4009,-8.5771,-2.4957,0.6722,-3.2827,-8.3273,-6.4574,3.9074,-6.2092,5.7007,-6.9308,-1.4638,-3.8303,-0.339,3.1441,-8.5732,-2.3739,-3.9763,7.0793,-3.7237,4.4439,-4.3054,3.3402,-0.1003,-0.1913,-4.1953,2.3259,-3.8539,-0.9235,2.3494,-5.2397,-5.6989,7.2831,-0.1342,-0.8199,6.5347,-9.959,-2.2717,-0.8179,2.3838,-1.0442,-6.4758,-4.9036,-9.0156,-0.3809,0.233,-2.0793,7.4094,-1.915,-8.1528,1.638,-1.5459,9.5455,-4.2139,-5.1138,4.1209,-0.6773,-2.4303,-4.5233,9.9407,-8.8413,-4.5393,-5.7608,-8.5378,0.9246,-4.1455,-3.7912,6.0807,5.6755,-0.875,-7.1836,-5.3859,5.0458,-6.3276,-0.9519,-0.3804,3.5728,5.6315,-1.541,7.208,0.4292,-6.9527,-5.9272,-4.9592,-5.8584,1.5898,2.0045,-9.8968,7.076,2.1548,-6.6661,1.5339,3.5785,-3.7231,-0.0604,-1.2329,-9.3836,-4.3967,6.208,-2.3155,-1.4928,5.1213,9.2698,1.6882,-6.6595,7.7849,4.8394,-8.2293,-8.6687,-3.3439,5.4866,-0.3247,4.4729,-0.9895,9.936,8.4869,-1.8442,5.787,2.3335,1.5843,-3.2671,-2.6384,2.4216,3.893,-5.5948,-1.0607,3.0157,5.216,-8.8283,-5.682,8.523,4.9243,2.2096,8.7728,6.2154,7.8898,8.3509,-2.9401,2.5908,1.2088,-3.852,-5.3811,-8.7472,-8.5575,-4.0291,-5.5147,8.9456,-5.0637,1.2741,-8.8326,-0.3897,-3.4148,9.862,-3.8733,-8.5463,4.0351,-2.1834,-0.691,-1.7597,-7.3474,5.7497,-7.1374,-7.8966,0.7238,-0.4168,-6.9928,-8.5998,1.1168,0.5972,8.2412,-0.2118,0.1227,3.6114,-3.9926,4.5985,-8.194,4.8518,8.9886,-3.2795,6.818,-2.1461,8.1491,7.5336,-0.2936,2.6485,6.361
3.2616,1.6416,-3.5866,-5.9202,-1.7228,9.8615,0.3486,-1.6654,7.6879,0.6974,-7.5355,-9.4484,9.4979,-7.8048,-2.5415,-7.4082,1.7195,-7.186,-8.1093,7.003,5.3859,-3.1254,-6.3998,4.4907,-5.5191,2.0549,-8.8401,1.2055,-0.5252,-7.772,-9.5743,-2.9895,0.0134,1.3644,-4.0104,-5.3102,7.4276,7.904,-9.3996,4.2596,-7.7679,0.848,4.0911,-8.4388,-3.6158,8.4042,-0.9554,-4.864,-2.6598,-7.0901,-1.0924,8.1293,7.498,3.0225,-2.115,-8.913,-5.098,6.766,-9.799,2.5611,-5.1808,-7.4998,-1.715,-9.6547,-9.6206,-5.8265,-6.3488,0.8655,9.234,1.3002,2.255,0.8101,-9.415,-8.9725,6.784,-4.3097,-5.0368,-4.352,9.1186,-4.9558,1.6577,1.708,-7.2991,-3.9856,2.7504,6.0013,3.7798,-7.5942,-0.0868,0.0461,-1.5524,-3.5198,-4.9867,7.3539,-1.473,-3.1922,-7.6223,4.6574,-3.6449,1.12,-0.5306,0.0552,8.4798,1.9969,5.4761,-7.2101,9.507,2.8215,0.613,-1.2767,-8.7863,4.8477,1.9088,-7.2726,3.6737,-8.5262,-7.7804,4.9605,5.2383,-5.1005,6.4259,5.6448,-7.9849,-9.5623,9.9847,-2.562,-0.8489,-8.7256,-9.543,1.7542,2.3661,2.762,8.8792,2.6786,-0.7139,7.8404,7.4456,3.638,6.2418,-5.9654,7.2704,-7.084,-5.6301,3.4591,0.2449,0.6345,-1.4935,2.8009,1.6701,7.2579,-5.2869,-4.5909,7.1203,1.5767,-9.8486,-2.1242,-5.7536,8.9116,-8.853,-0.8226,-0.0419,-5.1727,6.8184,-6.2238,2.719,-2.2014,-4.8077,-5.802,7.2089,-6.0157,2.49,2.0768,-2.0311,2.2207,-1.4256,8.8601,5.956,0.1889,0.8753,5.57,-4.2631,-6.1491,8.8726,8.5305,-1.9133,6.0727,-8.0908,8.8299,3.2794,7.7076,-7.8295,8.0802,-4.4581,2.2671,-1.536,-0.1561,-6.7023,-0.6782,-4.079,0.9333
-2.2203,-8.526,9.1381,3.4775,-5.8225,-8.371,8.1499,7.6519,6.0837,2.1082,9.5659,-0.4418,5.2945,9.7051,7.0998,-2.4301,4.7526,5.9651,9.4223,4.1115,3.9089,-3.0521,0.4759,0.7284,-8.747,7.1017,9.5143,-0.7147,7.7141,5.4799,-3.2118,9.7284,9.8415,2.3133,-1.7616,6.1076,2.7721,7.738,9.6527,3.8266,0.1152,-0.7043,5.2532,2.7798,-6.9373,-7.7694,-3.773,5.527,-6.6188,1.8759,5.0449,4.3731,-5.6323,4.8899,-0.293,-5.5145,-6.5147,-9.939,6.3097,1.5276,9.8532,1.3817,6.3903,0.0502,9.2316,0.1109,9.3549,-0.551,-1.935,3.1516,3.4098,-3.427,-9.8024,1.2078,8.7728,7.2882,-0.9964,-5.1547,0.9681,7.2635,3.416,-6.9807,-9.86,3.0166,1.5357,-6.3913,-7.7746,0.5198,4.555,-0.6438,-2.1749,3.58,-3.3778,3.1688,-3.1983,4.7791,7.2123,9.9181,-1.9262,-4.6458,-4.8919,-3.6501,-9.9755,1.2983,2.8532,-5.7392,3.0612,2.7894,0.1043,2.0434,1.6885,3.2777,-6.1222,-5.3083,6.6257,-5.8958,-2.7571,1.8446,9.9885,8.9525,-1.9269,-4.3503,9.7147,0.3027,-8.8178,1.2781,-9.1392,-8.2587,-0.6938,3.6104,9.2446,3.8373,-3.401,3.7034,8.9852,4.7811,8.6197,-3.6727,-9.8241,1.9402,-8.9467,2.9856,-8.6945,-8.5043,-3.2479,2.2738,-5.1596,-8.8888,6.607,-1.4234,6.885,1.516,-2.768,8.2019,-4.0882,4.3927,-5.7216,-8.3199,-4.6566,5.6862,-6.2945,2.0757,-3.1452,-1.646,8.7213,9.823,7.7864,1.4779,3.1006,-5.5631,-2.1291,-1.1155,-4.4599,5.14,-2.7417,3.5779,9.1762,-7.896,-9.7921,-4.4431,-7.8931,-9.4795,-3.7065,9.588,-0.5254,3.4488,0.8903,-3.6889,-3.6216,4.5998,0.9147,-9.8518,9.1102,-0.378,-6.4635,-8.7006,5.6097,-0.3461,-0.2998,-8.6665
-2.0613,-3.6452,5.2658,-4.5518,0.1394,9.4047,-3.0569,0.8241,-4.4816,-8.072,0.7536,2.9598,8.0491,-1.1789,7.4488,-5.3107,7.654,6.8975,-6.1168,-8.8691,8.5098,8.4591,0.8719,-0.7427,6.3402,-0.3545,-8.3246,6.9812,-2.6094,7.9761,5.8678,4.9955,2.3526,-3.2242,-5.9032,-5.0485,4.9078,2.4248,1.8889,-1.2763,3.563,-9.2064,-3.3165,-5.8219,3.8106,7.7005,-6.2811,9.2314,0.5922,4.4374,-6.0799,8.3644,-2.9329,-5.9899,-1.5207,1.9434,-4.6529,8.7323,0.7473,-9.2161,8.6069,-8.9734,-6.1977,5.5565,1.8559,7.2387,-7.2811,-4.9176,-4.9835,1.0989,2.7223,-6.2483,6.0036,3.8443,-2.909,-8.8252,4.2279,-9.4691,-3.1894,8.8634,-7.6185,-3.3096,-0.4902,-6.6066,-8.7007,-3.112,9.984,-6.6966,-4.1265,-7.6911,1.7081,-1.5503,-0.476,-2.8862,-2.7242,-5.3746,2.5078,7.7109,1.172,4.2856,1.2115,-3.9385,-6.7827,-1.5474,-4.112,3.2025,2.4504,-8.8033,3.8894,-9.8698,-9.2826,-2.5877,1.5554,1.7812,7.5731,4.0574,-2.9027,4.0888,3.2914,6.4878,-7.7887,8.4138,-3.5059,8.099,-9.1973,1.9214,-7.4551,-1.8399,-6.5305,-3.4324,8.6525,0.5355,0.4744,2.606,2.7519,9.768,-6.4796,-8.2045,-4.6248,7.4023,0.7352,1.3152,6.3325,-9.6217,-6.5157,6.6502,-4.2687,-6.9027,-8.9314,6.1627,-7.1284,-5.5946,-5.3772,-8.7743,8.2923,-4.0781,-6.4823,-8.8893,4.1012,-6.1431,-1.5327,6.3208,-2.7765,4.1694,0.4621,-3.7476,2.6343,8.3552,-6.127,5.6098,5.3696,6.8205,-9.2175,-7.9406,6.9215,-3.0123,-9.3124,-9.9348,-2.9648,8.392,-5.4847,-8.9754,-2.9275,-4.263,-9.9151,-8.0359,2.7088,9.9504,-1.6325,0.2952,-3.5288,-9.7687,-7.7346,-9.3254,-9.9868,-3.1198,5.0627,-5.0094,-2.2974,4.4547
8.2145,-1.4146,-6.711,-1.167,-1.9038,0.2542,9.5455,2.0523,0.1686,-8.8077,4.1635,-2.5658,-4.5294,6.2528,0.9681,-4.6024,8.7213,3.5,-8.8874,9.5109,9.9561,-9.0104,-8.5128,9.0379,-6.676,-8.6256,-0.3069,6.1045,2.811,9.7107,-7.9129,6.8,5.045,-9.8832,-4.3329,-5.0372,4.4841,-5.2849,-0.5987,-3.8386,-8.1482,8.8418,-9.4376,7.1221,-2.9631,-9.7601,2.6901,5.4656,-9.6987,-7.8066,9.5527,-6.9766,8.8446,0.083,6.8393,3.5829,4.3329,3.0842,-5.5386,0.0633,3.264,5.6218,-0.6661,7.3221,-8.663,-0.5914,-8.186,4.0713,8.4972,8.2933,-7.7795,-0.9111,9.2348,-7.6067,0.1072,7.9813,8.7269,7.2444,7.3045,-1.8217,9.7054,8.6166,2.867,-0.367,3.8639,1.7834,-8.4563,3.265,-8.8487,2.2692,3.8491,-6.816,-2.609,-5.7815,7.9761,2.1658,-8.4995,-9.9439,-3.1307,-5.4545,-1.1377,-5.8386,7.8817,-5.6825,-6.6314,-5.3281,-9.7913,-9.3888,-6.3666,-6.0275,5.545,8.063,3.5015,-2.245,3.3521,6.4949,-5.6502,4.2536,2.6564,-2.5678,6.6619,8.2668,4.0633,8.4826,3.1432,6.0588,1.9761,-0.4442,0.3918,9.8409,0.1152,-1.2275,3.6599,0.0509,-0.6775,0.3716,-1.2963,7.0649,-5.1874,6.492,9.5639,-5.834,5.7478,0.9629,1.4715,5.8645,-7.3863,-6.9378,-2.1814,7.6017,-0.1369,-6.7193,-8.2138,1.2984,-5.2384,3.2366,9.2988,1.7574,2.9648,-2.8283,-6.6324,-3.4368,-3.1086,-2.5376,-7.2864,-4.607,0.2604,0.1206,-9.6224,4.6276,-5.5995,-2.3928,-5.9901,5.3796,-1.6499,5.3185,-4.0954,-6.0466,-6.4323,-5.3402,6.3927,-0.6712,-2.1308,-7.7242,-1.3208,3.5224,4.0412,8.2015,1.0298,1.607,4.2144,-5.0209,-3.4619,-4.2367,-8.7849,3.2087,-9.7947,-7.183,-7.6038,-0.4545
-1.908,-3.7732,7.2677,3.4271,-6.707,-8.2524,-5.6247,9.12,4.6688,3.4688,-5.1795,1.8633,-3.7264,1.2622,-7.639,9.978,-5.3108,7.9862,5.0317,8.4706,-6.9079,-1.3085,0.9846,4.7251,5.0233,-0.4743,-9.7477,-3.8898,-2.1598,1.7184,7.9553,1.0798,-8.4593,8.7373,-1.4328,-2.1648,9.8255,7.1975,-7.9138,-5.8333,-1.6624,-8.3079,8.2101,-9.7988,9.9161,3.4548,9.3217,-9.0764,9.419,-9.7171,5.7564,-0.641,-3.0155,-0.3181,-9.4067,7.1493,9.8238,-2.3216,2.0903,1.0583,8.7134,7.6105,-3.8083,2.7877,3.7133,-1.374,-5.0631,7.708,9.9535,-3.4603,4.1104,3.8212,0.0808,-1.3881,-8.9168,3.7931,0.1013,-9.0547,8.6183,-6.8051,-0.0675,-1.2513,-8.9979,-0.9573,-7.7391,-0.3063,5.6932,1.3853,8.6636,-6.3167,-2.9163,1.3432,-0.4869,6.6152,-2.1054,5.1474,-5.0691,2.4033,0.8164,-6.1134,2.0117,-0.4156,7.0658,3.7134,-8.5881,-2.159,-2.9287,4.6265,-5.2618,3.7389,7.8548,-6.0211,1.3854,-4.1285,6.0642,-6.9381,-2.9276,1.3112,6.9205,-2.3081,3.2268,-8.79,-8.0008,7.5853,-7.0642,-6.6262,8.7989,5.876,8.7043,7.2357,-6.7574,0.0044,2.5574,1.2189,4.0667,-1.212,0.629,-9.4575,2.2387,5.029,5.2182,7.2029,-3.5217,-8.6377,-2.4502,1.8296,6.8481,4.1714,4.8439,9.8304,-8.0111,5.7036,5.3734,2.3397,-3.0351,-9.4762,1.5593,-7.6293,1.0632,9.6799,5.1938,6.5218,8.5944,7.8607,5.5718,-4.3997,7.625,-1.5311,-6.4852,-1.8767,0.831,1.9795,-0.5117,-3.6584,-8.0984,1.2102,-6.1176,-9.5396,-9.3488,-3.5955,4.2533,-7.4999,3.3128,-1.0017,-0.673,-2.8788,-9.9093,-0.295,-4.2983,-1.3624,-5.4953,0.0337,3.8626,4.7168,-1.8806,4.1,2.299,-2.7628,-5.9384,-8.2453
-0.835,6.3448,-3.322,4.6139,-3.1262,5.3251,-1.8689,6.9411,1.6042,5.3686,-2.2754,-9.6215,8.6482,4.8962,-7.4674,-2.9566,-1.4465,-9.7702,5.0519,2.6999,1.1235,-9.8983,2.9206,-1.1614,5.4433,5.4412,-5.7212,-0.1111,0.978,7.1534,-4.4037,-4.5897,2.8599,-8.2837,-3.3206,-4.5851,-8.6618,-6.7969,-3.8893,-7.5146,1.4447,6.0149,8.3629,-5.9745,-5.2876,-5.5949,7.2281,-6.0848,-9.9726,8.0845,-5.0837,3.8165,-8.3128,1.391,9.3497,-8.43,8.865,-9.8106,-3.048,-0.789,-0.8661,-4.3751,2.7492,1.5742,2.4064,-5.6507,-7.3585,7.5358,3.0799,-7.2308,8.841,-8.6003,8.6063,1.8747,6.1587,7.4301,-0.3961,4.7053,7.1294,7.8628,2.3662,7.9734,-6.7943,0.4286,-9.0399,-0.9531,2.1663,1.2183,7.9619,-3.2365,-2.6668,9.2615,2.0867,-5.494,0.326,6.9689,4.4666,1.4143,3.5665,-2.0535,-0.078,0.5182,-7.0533,-1.992,-4.274,4.8149,-1.4083,-1.8427,-7.3943,2.4241,-4.1231,4.1115,7.8349,-9.4933,-7.8706,-9.7089,4.6026,-4.2429,-2.8856,8.7616,8.9282,-2.21,8.4496,-7.9911,3.7903,-0.1634,-0.3927,4.041,-8.6567,-7.7723,-7.4669,-6.316,-3.8184,-0.0039,6.8197,4.4307,6.0652,-9.754,2.1985,7.5715,6.0447,-7.2947,3.9525,-5.0376,-6.1933,-1.5785,2.6992,5.4338,-5.381,9.5991,7.0407,3.6113,6.0938,9.6563,3.6734,-8.2762,-2.0466,2.463,-1.3193,-3.4337,1.9972,-6.3311,1.6329,7.793,-0.9895,-1.6553,4.0303,-3.7872,0.1416,-2.7764,-4.4513,-1.383,2.7091,0.6068,7.8463,6.6993,-8.0181,-6.3969,-7.5282,-9.0308,1.9336,-1.5602,-7.072,-2.6988,2.8584,-7.7433,4.8938,3.4066,2.0278,8.9195,6.2497,-3.7382,1.4592,-5.5639,-8.8742,5.554,-5.2334,3.1513,7.3501,-0.8876
-2.7912,-8.5167,-9.4765,-6.9755,0.2192,4.3409,6.2406,-8.6226,-7.1734,1.8533,3.1459,7.2041,3.412,0.6942,-5.3062,2.8554,9.077,-3.4977,1.7145,8.8656,3.3915,6.1529,6.8058,-8.2672,-7.9069,-1.2461,3.3497,-9.0867,-0.9649,-6.0873,8.0048,-6.8041,-4.5754,-6.0825,-3.5142,3.0175,-1.3899,7.0453,5.3278,-3.2211,9.2922,3.8208,0.3847,2.4277,1.4969,-5.9154,-3.174,-0.0636,3.6755,-1.2359,-7.553,3.9804,6.6992,-6.1989,6.0181,3.564,-3.5311,5.0793,-0.8224,-3.689,-4.357,-7.9275,3.0524,-1.1882,6.8743,5.3152,2.0262,-0.8885,-1.7453,-3.4544,-7.4609,-2.5611,-0.0001,1.7641,-5.5617,-8.9072,6.1594,3.2582,5.6795,-8.9451,1.7605,-0.105,6.3728,0.7326,-6.1877,1.1234,-5.0457,4.7432,3.0338,-1.6619,9.0976,-8.4821,5.451,-3.3703,-6.4339,9.195,-5.9352,-2.4557,0.8544,-6.51,-3.0374,-2.0187,-7.2299,5.4394,8.5549,-2.1899,0.2968,0.662,6.7359,3.4286,-4.0367,7.5559,1.4003,-2.5626,5.3721,-4.889,-3.4561,-4.5438,-8.5385,-2.6918,8.4763,5.7589,-1.7619,-6.3314,-1.4468,-3.5212,6.8472,3.0869,-0.8601,4.9335,-1.202,0.8477,-4.7834,-7.1465,9.1766,-5.2988,-1.1141,-2.5514,-3.7773,-5.0829,-3.0848,-0.9976,-2.8054,-1.2796,0.3224,-7.8688,-8.9128,-0.0346,-0.6029,-6.688,0.8496,-0.5825,-0.0449,4.7643,-9.412,3.8428,-5.2542,-1.7866,6.1595,-1.9121,6.1711,4.8714,-5.142,-7.3642,4.2705,-3.5804,-1.1484,3.7243,-7.9386,-0.3324,-0.9192,5.8485,0.9972,1.3393,8.248,-1.3657,-0.8622,-7.5756,5.0896,-3.5392,-3.159,-6.8942,4.5885,2.0168,4.9876,9.662,8.749,0.542,-7.5455,-0.5692,9.7376,-8.8612,2.8177,-6.468,-4.0808,-8.5644,-4.1575,7.3839,7.4773,-6.6833
-6.4151,0.5682,-3.0736,-7.2909,6.8103,2.7251,-4.1165,9.9768,2.4815,-0.4926,-8.1208,6.4417,-5.5895,-0.4238,-9.6588,1.1151,-8.5486,-5.4095,-4.9937,4.6866,-5.443,-7.5808,-8.185,-9.1333,4.1231,-6.8025,7.8434,-0.3424,-7.2024,5.1768,8.8168,-3.402,1.9464,-6.483,-4.9399,-3.7776,8.658,3.9239,2.1932,-1.4858,-1.2764,7.1324,-8.1034,-8.5179,-8.2027,-2.7555,0.0354,4.3937,-3.6966,-1.9424,1.5048,0.0504,-1.2977,2.0531,6.0323,9.1095,-2.2684,5.85,6.6717,7.2351,-9.1296,-6.4999,8.3096,3.6816,8.9099,6.9532,-5.4595,-1.6888,-4.2921,-5.6204,9.6774,3.4494,-2.3174,-2.8029,-1.0442,-2.3586,-9.6528,-9.7313,-3.8847,0.7127,-7.5164,-5.5846,-3.707,-3.1916,5.3942,-6.9802,-2.4153,-8.1012,-5.4002,-4.5313,2.2503,5.7175,9.3272,-4.8077,6.1327,-1.3366,-6.0012,9.9445,-9.4949,-8.4597,-0.333,5.6448,2.7456,-1.7017,-4.0536,9.4094,3.4222,1.9951,-7.1383,-9.7596,-6.2845,1.6503,-9.6802,-3.4309,1.1908,-3.9442,8.8098,2.0641,6.6993,3.1957,8.8981,4.3757,0.3261,7.6282,-3.8023,-1.5546,-1.4283,-8.9732,-7.9195,-3.343,0.0934,0.356,8.3888,1.6344,0.2134,7.4127,2.6301,0.4214,-5.1296,-7.2162,8.568,6.9599,2.3698,-5.6034,1.2492,5.2573,9.9847,9.2812,-9.5852,9.3229,3.4902,2.6398,-7.7819,-0.0909,5.5457,8.7847,2.9838,9.9464,6.3784,4.6928,4.9112,9.6186,-6.3235,-8.8787,-0.9464,-4.8757,5.9838,0.4456,-2.5905,2.0362,-4.6549,-3.1202,-5.991,-7.8934,-3.2172,-9.6139,-8.3798,2.4224,-8.5427,-1.5356,-7.4016,-2.3322,-1.651,-0.0421,7.4393,-2.1912,5.2625,-4.2536,4.2232,-0.3648,3.7938,9.1525,2.4083,2.674,7.9004,1.9181,-1.5255,4.0888,-5.973,0.8926
3.6943,9.3706,-8.3338,-0.7618,-0.1485,6.8868,1.6288,2.863,-9.824,-4.9249,0.6988,4.3006,-8.1619,1.7449,0.6264,-6.5565,-3.0307,-5.6075,-2.7571,-7.1147,0.3436,9.1012,-2.2441,-3.4692,-4.9825,-8.6083,-2.161,-1.6844,5.9052,-0.7594,6.2395,8.508,2.3313,6.6301,-2.2103,-2.1259,-0.9625,3.5658,2.0369,-3.4824,6.1048,7.8389,1.8568,0.261,6.4041,0.226,3.2893,-2.9474,0.6244,-8.9555,0.6092,3.2919,5.0148,6.0533,-8.812,8.2543,5.9475,8.2621,-4.7255,-3.3764,2.7998,-6.6171,-8.0089,-3.8848,8.1652,8.5963,9.215,4.7412,-1.0266,-8.9,-7.6783,-8.102,-3.7442,3.5772,-1.3141,-0.6267,8.073,1.8439,9.0118,0.0867,-0.0864,7.2974,7.9102,7.3923,-6.2053,-0.2431,-7.1562,2.2731,-3.3542,-8.7847,-9.1529,6.5421,-7.9065,0.8736,-7.2326,-3.3174,8.2299,2.0449,2.4424,5.179,0.1362,-7.5133,-1.5863,-6.0543,3.066,3.3775,-0.2968,2.3239,-3.4506,3.5283,9.1381,3.1311,-6.3176,6.8814,5.3477,-9.2407,-2.1731,3.2269,-6.0372,-8.0932,-6.5257,-1.2655,3.5919,-6.4101,9.2721,3.6878,1.437,6.011,-5.6111,-4.8413,-1.0322,-5.6959,4.7369,-6.6545,-8.9206,-0.5037,-3.8774,0.5088,2.8623,-0.284,-2.2366,1.0649,8.7048,-2.5187,-7.6924,-6.5491,-7.4495,-4.8159,8.605,7.1951,2.4311,6.2087,0.5007,-0.7306,-6.104,0.9468,-5.7966,-7.2908,-6.3201,-5.4885,0.8691,-4.3157,0.4319,-5.0192,5.9794,1.9227,8.1684,6.4248,-9.1533,-0.6219,2.1138,-8.0882,-3.9708,-5.5251,-0.9891,2.9981,-4.3329,2.5932,9.4939,-8.3801,5.9691,6.4605,-0.9096,-4.1244,-1.8512,1.1123,5.293,6.0589,-6.613,9.6162,4.9375,1.4229,-2.3855,1.4189,-0.029,6.8118,7.6192,8.2266,-4.0351,-9.9535
-8.9098,1.187,2.7509,8.7446,9.8598,9.7125,4.7687,9.2415,-0.2239,5.2098,7.3029,8.7484,-6.9362,-9.0438,-7.5612,3.4285,0.2405,-7.8591,-7.1834,7.4143,-5.0162,-2.9434,7.0377,6.4789,3.5115,3.0706,0.458,-2.8208,-9.4087,4.9586,-8.2863,2.2661,9.9926,2.6532,-4.3921,-6.3501,-7.973,3.0002,-0.1587,6.0337,5.9655,-7.925,-4.0795,-2.5446,8.0598,9.0563,5.0833,4.1674,-1.8096,-5.3209,-1.4923,4.5436,-5.2191,-4.7622,9.0138,-3.0661,0.0434,6.3252,-0.8097,7.9383,9.9011,5.4812,-2.9557,-7.7388,2.8767,6.8366,-7.0949,-5.7288,5.9988,5.2333,-8.8731,-5.152,5.7529,2.4527,8.9381,-0.6815,5.5879,5.6714,5.1204,-5.3925,2.6051,-3.4577,4.6011,-5.0974,-3.3455,-4.4768,-7.2255,-2.8362,-1.7807,8.4578,-3.4134,6.5989,-9.4504,4.6331,-3.0407,-2.5488,1.7038,-7.4587,6.6595,7.4778,4.5225,-9.9127,1.0023,-7.0438,-6.8938,-8.815,-2.9893,7.242,-5.0626,-7.646,8.5762,8.1411,4.8482,-7.5141,9.3646,-3.5872,3.8299,3.9621,-0.0115,4.8752,-4.2875,-9.0488,3.3893,3.6645,-6.4,-3.712,-1.634,-6.7801,5.3252,-1.8005,0.0653,8.1246,-5.0647,8.38,4.1519,9.4115,9.7543,1.4454,-7.0712,1.8272,0.9357,-7.4858,-1.4291,8.0804,3.2508,6.6028,5.5028,-0.6062,-1.5939,2.5062,1.6328,3.8576,6.9455,3.5454,-5.0764,-9.1398,2.8246,6.0514,-7.8047,-6.6301,-1.7322,-6.011,-2.3931,3.4874,-1.8022,-4.499,7.7911,-1.4364,-8.6822,-5.7544,6.5209,-1.5901,7.7811,5.5387,7.9639,4.1021,9.1883,2.1571,3.4467,-7.9705,4.0845,1.1296,-4.2454,9.0044,7.7564,2.4908,-8.0774,-3.2152,5.1706,-4.0629,-2.012,-7.9597,3.2533,4.8655,-1.4449,-3.1894,3.0984,5.027,6.5204,-8.8416
-2.5734,8.3666,-3.0954,8.5268,3.4753,-3.8532,8.3212,4.1631,2.3499,2.1459,7.3904,-5.8372,-8.3234,-2.8897,-4.0863,-6.853,9.1078,-9.1103,-1.9395,8.8915,-2.084,-7.592,2.7645,0.8789,-5.4777,-0.551,2.1508,-6.8263,5.8117,9.128,8.7331,-3.2549,-8.9654,0.0861,-6.2869,6.8034,-0.2696,1.3008,-9.0093,-7.067,8.0587,9.1495,-8.2258,-1.9603,1.4495,-8.758,-4.1392,-7.1842,6.1478,-0.9881,0.9411,-1.0219,7.8502,0.9592,0.5108,-1.4702,1.7463,4.1147,-5.6722,-2.2274,-3.7077,-7.796,6.1956,-0.9781,5.2586,2.7885,-5.2176,3.3912,9.9947,-7.9716,-7.5955,1.1382,-3.5294,1.937,0.2223,-8.1055,8.7676,4.8173,-6.3331,-7.36,-4.1025,-4.9312,-9.2425,-8.9528,6.292,-9.5116,-7.4516,3.5183,9.221,-0.0311,-9.6659,6.7126,8.2611,1.8623,-5.8185,7.239,7.5579,-1.3248,-4.3483,8.7168,-4.9864,-7.8115,-7.9632,0.3365,-0.9143,-2.3136,2.0464,0.5124,0.9469,7.9412,-6.9616,-2.4792,-0.5892,-8.2865,-9.8217,-1.3261,8.7339,7.7498,4.6164,-5.6971,-2.1638,8.1428,7.9998,-2.6183,-3.1837,8.9314,-1.1703,-4.4386,6.2557,-9.6447,3.524,6.9198,4.9069,-0.7825,-6.6004,-7.871,8.5026,4.9853,2.8464,-8.6969,5.6897,0.8392,6.8919,-9.2181,2.7052,-2.9838,4.9814,-4.5318,-2.9878,5.6316,-4.6898,-5.9159,9.6703,-9.3032,3.3841,4.471,0.1441,7.6677,2.7566,8.3012,-5.1691,-4.5547,-8.1803,6.4264,2.6715,-0.1133,-5.3055,0.0225,5.4046,6.5199,4.8222,4.6658,-9.1645,-7.9706,7.8791,6.6474,8.7652,3.8764,8.7819,7.3867,-6.711,7.4001,-1.231,-6.2865,-9.403,-2.804,-6.2841,-8.9665,-1.2616,8.9364,-9.2146,-3.8223,-0.7535,-8.5651,1.9871,9.7502,2.4695,4.5188,-0.3034,-2.6744
-8.1786,-8.89,2.2255,6.4029,5.2876,-2.9135,1.5473,-9.4975,-0.1567,8.3941,6.0493,-5.0475,-5.0506,0.0024,2.0547,-8.6748,-4.6372,5.3476,-8.1623,9.068,-2.0463,-4.2333,-5.5959,-4.2339,0.0499,-4.6704,-6.7408,-3.7123,1.1768,4.5697,8.5598,3.5932,2.6774,8.5449,-9.3037,6.1396,-5.19,0.5027,-7.873,-9.5634,-3.6181,8.261,-2.5284,-7.0864,-4.2388,1.1337,2.2728,-3.5193,-5.9564,-4.5742,5.8862,-3.2314,8.9515,5.5264,-8.0159,-7.0376,5.1369,2.2986,4.8292,-0.8455,8.4568,-5.9894,4.1127,9.3863,4.2033,7.3756,2.9546,6.5132,4.4768,-2.6351,-7.6705,-8.2359,-9.9593,-3.5474,-7.274,-7.4041,5.1238,7.7909,0.3397,9.1138,-9.3952,-0.3874,-8.7354,-5.6799,1.8363,1.0679,-4.9197,-7.7055,6.356,-4.9709,3.5333,-6.3652,-3.2163,-0.509,-9.4058,2.8311,-1.5384,0.5531,1.2482,2.6481,-8.1819,0.8583,-5.2623,-9.4642,-9.8399,-2.669,2.2007,-3.9785,3.3384,1.2497,2.0603,9.3057,-3.0772,2.1378,9.927,9.5406,-1.3079,-5.0524,6.1414,-4.3981,-7.7668,4.6626,-8.1359,-8.2347,9.1434,8.4282,-3.994,4.7609,5.9305,4.0359,-5.3019,-1.677,8.5594,-8.7401,-1.0121,-3.0739,9.3101,7.2479,-2.8095,-9.8356,-8.6365,9.5609,6.0972,-7.7153,3.8422,-7.1868,-9.9459,-9.6775,0.1987,5.5172,-5.0109,6.7598,1.4679,0.9741,6.491,-5.2218,-9.8216,6.0235,6.6026,4.9627,2.8282,-4.1557,2.7041,4.105,-7.7241,-6.7106,-9.8521,1.6532,2.5461,-8.1484,5.9787,-4.2832,-7.9103,-7.9406,-1.005,7.2251,-7.5458,-0.0001,-3.4683,3.1304,-5.8075,3.6209,-4.4243,-0.5294,2.2815,6.2694,0.1849,-7.1519,-2.8301,-0.9632,-3.28,4.161,1.3716,-1.1849,6.2583,1.566,7.7689,-9.8821,2.3246,5.3131
-8.3069,-7.3684,4.4901,6.1023,6.8949,8.9964,-8.2858,4.3148,1.1317,-0.2771,-8.5012,-2.2241,-9.3981,-8.1337,5.5906,-5.9905,0.0756,-7.0555,9.1444,-6.2089,8.4216,4.9505,-2.5249,9.0313,6.8245,4.6022,1.1259,-2.8518,6.3674,8.2327,8.5807,1.8649,5.5116,6.8297,-1.5545,6.5782,-2.7239,-2.5685,-0.494,9.0582,-2.8864,5.348,8.6657,-1.1931,-6.0687,-7.8387,8.3084,2.5545,1.5678,-9.2014,1.9641,3.5173,3.4127,-8.1415,8.9367,7.8534,5.8666,7.8415,-0.8375,-6.5696,-7.3026,-6.1352,9.8926,6.4503,6.9623,2.9308,-7.2394,3.8968,-5.9336,-0.1854,9.8679,4.8386,-9.1397,-0.8568,-6.5325,-0.9459,3.2409,2.7,-3.3303,1.4643,-4.6732,-8.5906,-1.5113,-3.2958,2.4689,9.2831,1.9022,4.6701,-3.8841,3.128,-6.1474,6.3997,-4.5458,-9.7741,6.0579,-9.3661,7.117,8.2162,5.338,-3.0763,5.6379,-7.3061,-2.4211,-2.8698,7.2703,1.292,-7.4857,2.5281,9.0915,-8.8337,-9.224,-4.5304,7.9859,-4.2149,2.8989,5.8854,-2.3328,-3.0086,-7.248,-8.6471,-9.6068,2.997,-7.6385,-2.2761,-3.0286,-6.3748,-9.19,-4.6451,-6.7401,-5.9854,-3.8023,-5.3772,-6.3597,6.3791,-7.0358,-3.7942,-5.7576,-4.9814,2.4808,-7.717,-3.8675,-9.4459,-0.4231,-5.6026,-5.7198,-3.8924,3.1314,4.2538,9.714,3.2887,-0.7516,9.0635,7.8179,0.7334,-2.7098,1.4058,-7.7507,-9.8149,-6.0759,-1.3841,8.6398,-5.8199,7.5889,3.9105,-3.2208,-8.2337,-1.6162,-2.131,7.0089,7.3956,-0.3193,-1.4034,1.0138,1.5188,-9.1672,3.5952,-7.6547,-8.4054,-1.1137,-2.5628,-6.3876,-9.5992,8.3717,-1.9974,-8.7707,-1.1433,7.8381,-7.3314,4.4739,5.9251,8.0956,-3.5901,-0.8587,6.6263,-9.6017,3.0475,8.0427,3.5999,-0.1915,-0.7608
0.795,-6.2215,-5.0774,5.7534,1.1125,-5.5459,6.9881,-8.8507,4.8564,-5.3395,7.3065,-4.8061,3.0729,-9.0247,-9.5122,-2.6594,7.1754,-6.9291,2.1011,-9.399,-5.8657,-6.3547,-2.433,-6.7043,1.7783,-8.2322,-7.058,0.1065,3.1304,2.0215,-2.5589,-4.5246,-0.2914,3.8457,6.0258,-4.0937,-9.4062,-2.8941,8.9222,5.8717,-0.6125,6.1229,-4.9408,7.3052,1.4002,-8.7119,9.9121,-0.9692,2.2072,8.7404,-0.2282,-2.9076,-2.7087,-1.5858,1.2529,-1.3325,-6.5301,9.0091,4.3936,-5.5869,-4.1623,3.1852,-2.9376,7.3012,-1.4265,-0.3001,-2.9714,-6.5687,9.6993,-0.6128,3.2046,0.3956,5.0842,-8.2243,8.8825,2.4573,9.099,-5.0696,9.4834,-4.0578,2.5801,1.4433,-9.7818,6.1622,-8.735,-0.4808,6.1706,-3.3773,-6.067,-2.8953,-8.0416,-2.859,-5.5792,-3.9543,1.2107,-9.3439,-9.2705,-4.912,0.0475,-5.0939,1.2968,4.5842,1.3613,8.1696,5.3816,3.5,4.457,7.269,-4.3594,5.4575,3.5926,-8.2945,3.3713,4.5113,-1.417,-9.1698,-2.9837,9.0354,3.248,-0.5311,9.9541,2.4238,-1.8078,-5.1907,6.6397,-8.8758,5.1906,0.4574,-5.5078,8.9712,4.4147,-1.4503,-5.0636,-6.494,-4.216,3.9783,-4.7868,6.7003,-2.5316,-6.1396,-2.984,3.7164,-2.9185,0.1642,-8.4166,4.1043,-2.389,3.9792,-8.2368,-1.415,-3.775,9.946,-0.6639,-3.1453,1.7428,-8.5308,4.209,-2.8714,6.1115,-2.0645,-7.2977,-9.2652,-5.1455,-8.6558,1.3061,-6.5143,4.0718,2.1137,9.9464,7.2042,3.9045,-0.9616,8.6882,-1.4925,0.1946,2.8011,8.3143,0.4161,-5.0308,1.6602,-6.1002,7.5505,3.2554,7.6798,0.614,-5.3541,2.9571,1.1797,-4.6722,-9.1868,-1.0294,0.559,-6.914,1.2456,6.1437,5.3033,3.5759,-3.8234,2.7133,2.0832
0.5297,5.7409,-4.8518,6.5599,3.2073,-4.5533,-6.8411,8.6057,1.196,-2.8724,-2.5225,7.4503,-2.2613,-7.7627,3.0068,6.2767,2.0252,-0.9688,9.2202,4.0679,4.0713,-5.5938,-5.5766,4.1613,-6.7307,9.151,-0.1157,0.45,-1.094,7.682,2.5917,-8.9812,3.502,7.0189,-8.0011,5.1363,8.1766,-7.2497,-0.9528,-0.9184,0.9136,8.3563,-4.6752,0.1032,-3.0734,-6.8664,-2.955,2.5311,9.7139,9.6902,-8.4501,-3.1877,-0.5219,6.667,-6.0253,9.5835,4.9294,6.015,-0.3651,8.8237,-5.0943,-0.8599,1.1761,-9.7073,6.5596,0.3836,-5.319,2.7044,-5.6856,0.3248,-9.5448,-5.5155,-0.3135,8.5524,5.3975,4.4683,-9.8725,-2.9866,4.7574,-2.5927,3.2228,8.5285,-7.5277,-8.5184,1.8868,5.9308,2.9479,-9.9312,9.5821,1.4267,7.1969,-9.1968,4.9389,8.5527,7.3695,0.1977,0.692,1.6254,-3.5428,0.4824,1.3223,4.7912,0.1137,5.6813,6.6419,-0.302,-6.6276,-2.8115,-4.281,-5.44,-2.5279,6.8509,7.2481,3.0535,7.709,-7.8512,-0.4662,8.2564,4.0462,-1.514,-2.3058,-2.2661,-2.1104,-3.3891,-0.5652,5.4057,9.2351,-7.6162,-3.0601,-8.1399,-1.9142,-3.046,-3.3447,-1.748,-4.2375,9.8206,-6.4661,5.0019,9.1894,-3.5727,6.363,-9.883,8.5433,9.9532,0.5369,2.9951,0.4262,-1.4739,3.2937,-9.186,6.3185,-2.9706,7.2036,-2.1994,-0.4306,0.8546,3.149,8.6102,2.557,4.3697,-4.5285,-8.7545,-3.5446,-2.8044,0.8196,-4.398,7.3336,-7.8123,9.2649,-7.8071,1.2929,8.3175,-6.4465,4.3346,4.5137,-2.8367,-6.5557,-9.96,7.4259,3.501,7.9988,8.174,4.8851,-9.0067,-3.7121,-1.7764,-5.6862,-5.3751,3.4907,-1.5137,-1.9662,4.2776,0.1137,3.4537,4.2477,-4.349,-9.0059,-8.0322,7.3403,-3.8734
0.2557,-8.3931,-9.3593,-4.3553,-1.3851,3.146,1.8142,9.492,2.6516,-5.8995,2.9468,-3.7641,-3.6228,-0.068,2.688,-2.9274,-2.8973,8.2652,-8.2134,1.5514,-9.6763,-4.3167,3.0564,-9.3777,0.8476,2.2958,-4.9189,-1.8532,7.0702,4.3697,7.5131,1.633,1.875,0.3931,4.9212,-6.6381,9.249,-1.4836,8.0359,0.2823,6.15,-6.4342,-0.7049,2.3931,5.9122,-4.4438,6.0062,-0.6087,-2.6324,-9.5206,-9.3909,0.5443,8.7631,3.5366,-5.6898,5.7603,-6.3034,1.9277,1.0248,-3.0463,-8.7206,4.9064,-5.3469,-8.8978,7.6861,3.8163,-4.6084,-8.2624,-2.4948,-7.2747,9.2657,-5.6442,-4.3712,9.5987,-4.9548,3.8289,8.1093,-7.1978,-3.6024,2.0223,6.109,-7.9753,9.5676,-4.4029,-0.374,-7.7373,6.3363,5.9822,-8.6432,-9.9158,-4.4655,-9.2934,7.6106,9.076,4.6588,-4.6877,-6.7752,7.3887,-9.5207,-1.1483,-4.7757,4.5853,1.4857,-4.3366,-1.1825,0.5054,9.3101,2.6564,-4.6598,-9.0989,7.0062,9.8616,7.7212,-0.4805,0.0523,9.5059,-5.9173,9.3517,7.0416,0.7177,5.908,-9.3947,-5.9567,-9.7865,6.9868,0.1005,9.6127,-2.9858,-4.6807,6.5495,1.3933,7.1315,-8.5818,6.6522,6.8041,-1.0395,4.7312,3.7543,-3.0198,-0.3487,-4.4171,4.9024,-4.4494,-5.658,-0.2052,4.6742,-1.9366,-8.9749,5.4179,-0.4414,9.8179,-2.9761,-9.3375,8.2357,3.6566,-5.8983,-1.554,-8.9624,-6.6541,6.7828,-2.6278,4.9036,-2.6634,5.2818,2.5712,5.4439,-4.1609,-3.0831,-4.7924,-4.9728,3.1778,-2.066,5.632,7.6132,-7.8566,7.1684,9.995,-3.9345,1.5063,-4.1491,5.0463,6.1109,8.2448,8.1119,-2.7272,-7.4854,4.5835,-0.5073,5.9899,7.0569,4.512,3.4272,7.0891,-8.4131,-5.5321,-6.7803,7.5845,2.9329,7.5185,-8.6553
-3.9808,2.7123,1.563,-5.6713,2.4036,-4.189,-1.0369,1.1888,-8.2785,9.0564,6.7475,-0.2283,-3.8166,8.9339,8.4259,2.0699,5.8421,-6.0558,-5.5088,6.1811,-6.4592,-3.0091,2.955,5.5399,3.2388,4.7408,3.8335,7.3148,-1.3133,3.4322,6.7934,5.0412,-1.2407,-0.2294,9.8168,6.3197,-3.1011,-6.107,-6.2786,-1.0709,0.8015,0.7137,5.8018,9.2839,5.2886,4.1697,7.3355,8.8177,6.0237,8.1991,1.1513,2.7425,9.6749,-4.8018,9.3151,1.562,4.5594,-1.6077,-8.5404,7.4913,-7.8811,-3.6843,8.1875,-8.1408,1.2449,0.4618,-8.7896,-0.4246,-3.1019,-9.2169,2.773,1.3827,-0.1784,-0.8962,-9.3042,5.7587,-9.2179,2.8164,-9.1656,3.9487,7.3635,-2.7342,-4.3819,3.1236,9.2014,0.9618,-5.4164,8.1861,6.7896,-9.4552,-3.2834,-7.4362,-4.0466,-0.3167,-6.3804,-3.512,2.1056,-6.5268,7.0277,-2.1648,1.2077,2.486,-4.8354,-5.1823,-1.3742,-8.9292,-6.926,-1.8507,3.251,-4.5219,-6.7606,-7.5894,-5.0982,6.7311,2.2352,-9.4905,2.5589,-5.6305,-0.3573,-9.3028,-1.8924,0.7537,-3.0046,3.1636,-1.4255,9.374,1.9827,9.6459,4.6301,-8.8323,-3.1829,4.9543,-0.935,8.4143,-6.488,5.826,7.2068,-4.2435,0.1212,-0.4886,-8.5675,-0.3648,-2.5462,3.4154,3.7038,-8.4906,-2.1866,2.2999,1.8349,-6.3834,7.5692,-8.7358,7.4477,8.861,-8.3922,6.3675,-6.765,0.998,-6.4812,8.252,5.3692,0.8155,7.0672,-8.9265,1.3815,-4.4645,0.5621,5.1104,-1.2598,-3.9383,8.7732,-0.9788,5.2971,2.5676,-7.1879,5.4941,-1.9524,0.1012,-4.2276,-6.5459,5.5524,-2.1643,3.5057,-1.5388,4.6528,-1.1317,3.7888,-2.4939,5.1098,-7.555,-1.54,-9.5638,-1.0721,-6.9218,-7.5702,1.1093,8.4273,-5.7671,4.8592,-9.1058
9.7635,4.7462,-4.2333,9.398,1.63,9.8501,7.448,-2.7791,9.4881,-9.2597,3.9238,9.7607,-1.1836,-6.4541,9.6983,-7.6837,8.4131,-8.3553,2.2825,-7.9052,-6.8526,-1.6105,0.4387,-2.7576,-8.8334,3.7901,6.0444,1.5092,3.0157,0.699,-4.8579,2.005,-7.0902,2.6466,-8.5447,2.6049,9.8867,-5.7112,5.2559,-2.1711,-5.3513,-5.2722,-7.68,0.7168,-9.2692,-3.8812,-7.0995,-4.7198,2.2037,2.021,-1.3352,1.1959,-5.1014,2.6734,1.9708,-2.1692,8.6019,3.0201,4.0225,6.9432,2.3684,9.6707,8.0215,0.7729,7.9804,-0.779,-8.8798,0.9606,-9.5735,-6.3632,7.8796,-3.6261,1.3352,1.1661,-0.311,0.3762,-5.0681,8.4152,3.6998,7.6006,-6.6343,-2.8825,7.7385,-9.1524,-3.7355,-6.6464,3.7949,3.8522,-8.5706,-8.6423,-9.1352,6.6001,-3.911,7.2231,-2.5705,-1.3088,6.2103,-2.7375,8.7467,6.614,3.3182,4.8328,1.5642,-3.1246,-0.9401,-4.6317,-6.2151,-7.6228,-7.2997,-2.8288,-1.7326,6.8046,-1.3833,0.9137,1.2272,1.6458,-7.8892,-1.208,3.6992,9.707,-7.1644,9.3049,-3.0568,8.2634,-6.262,0.2338,4.1041,-7.1081,3.7861,-2.8892,0.2801,-2.7723,1.4702,-3.6901,5.1477,5.9905,9.1176,5.8165,-2.512,6.2389,9.5065,-0.3682,2.5835,8.0004,-0.4643,5.2267,2.8174,3.0706,-8.3646,-8.6589,-6.1386,4.1627,-6.1914,6.0345,-5.0519,-7.8652,-6.4274,3.9159,4.3426,-8.0008,7.388,2.3213,-0.4052,-4.8857,3.5288,-4.3649,2.2117,-4.6366,-7.9649,-6.2742,-6.8889,6.8665,8.7757,-5.7136,-5.7284,-8.6551,-4.7174,3.4705,-1.062,-2.9065,-0.0401,-6.627,7.497,-8.5299,-3.4662,-0.4128,-6.1413,3.4374,-7.8651,-6.11,-7.8511,-5.8793,4.8735,0.8823,7.7492,2.5386,2.417,-3.5567,-1.7616,-8.1476
-6.1975,-2.9327,5.1893,-2.5398,3.9363,6.2994,-4.6623,-7.1285,-4.4341,5.1042,8.5636,-8.8847,-5.6851,-0.1204,1.3652,0.9287,9.9409,7.7426,-4.735,-0.7381,0.5603,-9.7969,5.8937,4.5408,-4.5286,-5.3046,-4.6716,-4.3287,9.6628,-4.4497,-8.4029,2.7386,-6.773,5.1353,-0.2646,6.6858,5.5887,5.9427,-7.389,-1.1719,-2.6269,-0.4865,8.2664,-9.5155,-1.4354,9.3738,-3.7302,-4.0248,-8.5471,-9.9878,-9.8109,-0.0953,3.9444,-4.6012,1.5138,8.7851,9.8963,-5.8613,-3.3713,0.6389,-9.9279,7.5294,5.1737,-8.735,6.671,7.9027,5.6786,-1.4343,-6.9127,-2.7972,9.1648,8.6972,-2.2667,-1.2864,-0.5517,0.3848,3.6575,-7.3045,-2.7464,5.1275,-2.4288,-1.8369,-7.9941,-3.0317,-8.082,-5.2287,7.2833,6.24,-0.7903,-7.2676,9.5137,4.992,-2.2153,-2.5484,-4.0414,9.6543,0.4856,-4.4922,3.2889,0.3941,3.8565,-9.2729,-8.4277,-3.9442,3.8743,-3.5912,4.9044,8.9814,0.3672,2.4633,4.0244,-4.3532,-8.5289,-2.2016,-5.6599,0.1761,5.75,-2.8399,4.4252,-8.6779,-1.8205,4.5534,4.8405,-9.2677,5.8273,-4.3703,7.1498,6.3749,-5.5705,-2.5072,3.2834,2.6313,8.7614,-0.6153,-5.7262,8.6091,0.34,-4.4493,4.9388,4.4948,-7.7168,-0.7884,2.3281,8.4889,1.8538,-2.3983,0.7568,4.9122,-8.2942,6.0008,6.4751,-3.7788,8.8699,-5.6717,7.3632,-5.2616,8.6954,-5.4733,-2.0442,9.9288,-1.1001,-6.7273,-3.4915,-7.8106,4.2926,-9.2622,-1.1961,8.4975,-2.1581,5.5249,-8.5181,0.1474,-9.3264,-6.4792,2.2982,3.8899,6.3591,-9.3759,6.469,-9.0354,1.3762,-7.5439,7.8747,-1.3279,7.707,0.7785,-3.7101,-8.4175,8.0787,-6.1729,-0.0554,5.9483,-4.4464,-5.8311,-6.17,5.8264,6.9776,9.3155,2.2931,0.4052
-0.328,-4.7936,-7.3481,3.2605,8.8024,-2.3261,4.6959,6.6652,-5.3849,-3.6081,0.5495,-5.9744,-2.236,7.6909,1.692,2.0333,0.3814,-5.449,9.654,-2.7707,-6.1162,-9.1913,-4.1027,8.5122,-8.2856,6.2063,-6.286,-6.8553,-6.4562,-0.825,-6.1296,-6.4873,-9.6807,0.45,6.3165,-3.4427,-2.6761,4.7753,-1.109,5.3619,7.6357,0.0188,7.0338,-5.3378,-7.9782,5.008,-3.2648,-2.6515,8.2521,-2.9992,6.2769,8.626,-3.2259,-2.8634,-3.7751,-1.0363,-7.277,5.6694,-9.0583,2.2104,-5.3936,-4.8908,-5.4042,-4.9161,0.8702,2.8578,4.8717,3.2547,-8.7977,8.6247,-2.933,1.8451,4.8179,1.7591,1.0388,9.1604,0.7884,-5.2159,-5.6296,-3.3109,-8.4681,3.1855,-9.5544,9.7664,-3.6179,9.2021,-8.9901,-0.146,8.8072,1.8605,-9.1808,1.0725,0.9357,-2.7744,6.1839,-1.3092,8.4548,-8.3429,9.0498,8.2585,-6.9755,-5.9699,-4.2192,-7.2856,5.9065,1.4108,7.7501,-2.7363,-9.2591,2.5651,-0.5411,8.8963,6.5251,4.7097,6.1138,-0.0136,-8.3561,-4.1295,7.8744,0.1743,-6.2712,3.5815,9.7544,1.645,5.5437,-6.6281,3.6487,-7.8527,0.5237,-7.1303,-8.0174,9.3993,-3.2818,6.8316,7.0908,-6.4462,-9.0192,-9.7069,6.2525,-2.8115,-6.158,9.4781,-3.2604,-9.0729,-6.5396,8.26,-6.2581,6.1731,6.1311,6.6508,6.2205,-9.9756,-7.1144,9.7911,1.9416,-2.6106,-5.1016,-8.1521,3.0712,9.1673,-1.7883,9.4328,-8.8356,2.063,-5.4634,-5.3956,2.1469,5.0339,1.3292,1.8408,-6.385,-4.3558,-9.5219,2.2057,-8.6062,1.5737,2.1715,4.6446,8.5048,-0.5603,-0.4421,9.7161,6.0933,0.0695,-7.5326,-0.161,-1.2811,5.494,4.5966,6.1843,-4.9724,-1.8335,-8.5965,1.6755,4.4671,6.4368,8.0023,3.6519,-9.4157,8.6831
6.9823,-3.6564,-6.1761,-6.0821,-5.9408,-9.7541,-1.0008,0.4544,-8.7878,-1.7141,-1.5333,-9.07,7.9361,-3.94,-8.1338,2.1523,3.5956,-5.7141,-5.0572,3.6213,7.5363,6.8577,-0.7293,-2.8426,-8.5463,-4.1459,-8.8545,-9.3398,-1.2838,2.1726,-7.9433,-8.8639,-1.7545,-4.7477,5.6299,-4.9242,-3.6911,2.0249,-0.454,-0.198,-5.0718,-9.5417,7.7562,7.6866,2.403,6.7698,6.077,3.8326,6.018,6.7587,2.7508,8.308,6.9228,0.1159,-9.2987,-3.1196,5.9187,1.2085,-3.106,4.7606,0.5042,-8.3863,6.6175,7.6609,1.3904,-5.4052,-9.2395,-7.9693,1.107,-6.7901,0.1707,-4.7129,-3.0771,-4.3152,3.0164,4.1779,4.6566,2.8099,-2.554,-7.3275,-9.8565,-7.6534,-5.5147,7.0665,-7.0198,-3.3484,2.8289,-7.7552,8.862,-3.013,-4.3365,-1.6881,-4.0016,-4.4707,3.3903,-3.1372,-5.4004,-9.6241,-8.0163,9.4921,0.4174,-5.3208,-1.6838,-0.8696,2.5149,-7.3707,-1.0009,1.9978,-0.2823,-2.3991,-4.465,-6.9283,8.8915,3.1423,-4.534,-5.7309,8.9246,-9.2222,8.9079,0.5285,-4.9141,3.8356,0.5081,3.207,6.3069,-3.8637,8.4685,6.8823,8.462,-7.1337,3.173,0.115,-6.9905,3.5427,0.2111,-7.3975,-4.9613,8.3659,-3.9232,-3.3879,-1.2282,7.9641,4.404,5.861,-0.7458,-0.3674,-8.5188,-9.7782,1.7657,-7.3804,0.5626,8.9369,-3.917,-9.5278,9.4213,7.7558,3.6342,-2.1737,4.207,-1.1329,-1.6116,0.7119,-6.1012,-0.7696,0.5147,1.264,-5.9491,-9.6259,-2.3665,3.7013,-8.3736,5.9857,-4.054,-4.7919,9.0385,4.5964,-6.0599,6.8403,-4.6788,-4.6011,-0.2589,7.3004,-4.4846,-4.2896,4.1732,9.0139,-7.3774,-8.8264,-4.4821,4.7179,2.7934,-5.9519,5.3496,-3.413,-0.381,-5.9801,2.8341,-8.8805,3.2971,7.0952
-4.2239,3.1073,-6.2516,9.0184,7.4836,-4.6392,6.8726,6.2874,4.5327,6.1996,1.0328,-0.1895,-0.6147,8.5364,3.0347,-4.7579,0.8363,-2.4106,5.638,-6.7901,-5.3516,-6.2358,-7.9281,-3.5397,-8.2371,0.0909,4.6129,0.1098,1.4964,-3.3122,-4.8679,-2.6666,-3.8597,-1.4947,5.7737,3.4702,-6.2749,-1.0868,-4.6721,-3.4231,-5.8754,-3.8786,-0.5698,7.7648,9.9007,-3.0647,7.6985,7.1884,-7.3918,-9.5919,0.892,-4.5887,3.2366,7.0532,-0.7098,-5.8783,9.4623,9.9976,8.9783,8.4195,-2.4062,-8.1981,-4.0048,-3.756,-3.2997,-6.353,-9.1677,-1.0514,8.506,9.0915,7.7122,-5.6932,3.8105,2.3449,-9.4626,-0.7803,1.2374,6.9512,0.1614,8.9402,8.1304,-0.3889,9.7135,-7.569,-8.317,-7.2798,1.3288,-5.6397,-7.8919,-1.9198,-9.1371,8.953,0.8445,-1.0163,0.1975,5.8362,-9.0481,-3.9209,-7.5824,6.7875,-4.2236,3.6582,-2.0714,-1.4616,-2.6544,-3.9537,9.461,-4.3806,-6.213,9.1301,0.8627,2.1789,-7.2185,-1.3381,-6.3415,6.0374,-4.5815,-9.1488,-0.0043,-7.4715,-8.3542,5.219,9.0266,9.6695,3.1264,-0.2686,4.6855,8.0674,7.7553,-2.361,4.5182,-0.7639,-2.6975,-1.1036,-3.6865,-9.1564,-8.3452,1.1146,7.9886,2.0749,-2.9105,-8.6538,-7.5201,-3.45,2.9546,-7.8613,-5.1664,-9.8896,-5.6716,0.9007,0.693,-2.9358,2.1835,2.4756,1.6385,2.0008,-9.6934,-8.6827,-0.8105,5.9508,-9.794,2.846,4.2883,3.4819,6.6632,-2.2931,-4.7839,-7.1221,6.9,5.6706,9.6655,-0.0285,3.3074,-1.7062,-7.7687,9.5575,-1.2459,-1.4687,-5.9461,-0.9784,-0.6334,8.9085,-6.5213,-6.6623,4.2477,2.6112,5.7636,-5.8297,8.0347,-2.2782,5.9181,1.775,-8.9137,-3.8789,6.9992,-3.2387,-8.2552,-4.0157,7.0899,9.1239
3.6062,-5.6661,-0.294,-9.9242,4.9891,-7.4428,1.7244,7.0872,9.9371,-9.3542,-6.9292,-2.1133,9.4032,6.8565,4.261,2.6879,0.8808,9.769,-0.5165,-4.7362,-7.3912,8.2442,-3.4812,9.2386,-7.8195,-3.0371,0.8269,-1.6711,8.579,-2.374,-8.5052,-6.5449,-9.1329,-6.1257,3.4444,7.5383,4.1227,-3.3291,5.0494,3.2125,-7.3512,-5.6263,9.0735,-3.7529,3.567,-8.846,7.0904,-9.3992,6.1545,7.0169,-5.3208,-1.4014,-7.7276,-8.2212,6.1414,6.5713,-5.4575,3.9093,-1.3888,-2.092,1.2773,1.246,-4.3752,-6.3452,-8.3696,-0.1092,7.8343,2.7811,-0.5882,5.6739,8.4932,-0.3282,3.6584,6.7035,0.0605,5.6129,8.2949,-5.2022,-5.1473,-2.8041,-0.2995,-3.9056,-4.0077,1.9629,7.7088,0.5158,8.411,8.4035,-7.1996,7.787,9.531,0.4417,-1.0138,-0.3656,-2.5772,-9.2191,7.0536,-4.2576,2.9561,1.2215,7.8827,7.0474,-1.714,5.0107,5.1655,2.3724,3.0776,-1.6908,-0.4473,-0.9173,6.0974,-4.4698,-8.0603,5.8613,2.0989,-3.6037,1.5604,4.7366,-0.9628,-7.6486,-5.5849,-8.2678,-1.2309,0.3986,-4.4195,4.4103,6.3315,4.3154,0.0771,-9.6335,-4.9217,-0.7194,0.6473,-5.9992,4.3492,-9.9462,8.2988,1.1876,1.0734,4.6707,9.8717,-1.2555,-2.8456,0.7124,7.4649,-5.2879,3.4683,-2.7886,7.7047,8.605,-7.1573,8.8441,4.9791,-6.6145,-5.0763,-0.8555,-7.8961,2.1261,-1.3874,4.8977,-3.0369,5.7299,1.728,-3.4517,9.6073,-7.2533,-9.7993,9.4461,-1.224,4.8897,-3.5086,-6.7612,6.8349,7.0667,5.0303,-3.1866,-1.5796,-9.5874,-8.6686,-1.0131,2.8978,-6.3102,3.4314,-0.5673,-7.8,5.8686,1.6338,-6.0889,-2.6941,8.2708,3.5876,4.5611,9.4658,-6.4843,-9.5748,4.0018,0.4693,-8.0928,-7.7355,0.2533
-0.6213,-9.7315,-9.8681,2.6925,3.5493,-9.857,-6.4273,7.2735,0.8977,7.3519,1.6149,8.5518,-2.2648,-8.0992,0.2994,-7.7749,-2.952,0.8865,4.9742,6.0472,-1.4133,5.4771,0.5445,-6.4659,-6.1484,1.7381,9.3678,3.0892,4.1054,-6.2489,-2.7538,7.9511,4.5356,-4.233,5.8722,-4.1347,8.2779,8.291,2.0986,2.6171,6.2396,8.7202,0.6026,-8.812,4.2783,1.4194,-9.2334,2.3771,-5.447,-9.8446,-9.1151,-2.806,-9.0239,9.0316,-0.2816,-5.7926,-6.8867,5.1532,0.5518,-7.0032,-4.7615,-0.9017,-7.5137,-3.0241,-4.6559,-1.9572,-2.0003,9.9065,1.2942,-3.6592,-4.4966,-9.0141,2.4776,7.4233,-0.737,-4.2822,6.5225,-0.2543,-8.8379,-6.4661,7.6919,-7.8706,1.4952,-1.9644,9.0509,4.4237,-4.002,0.5933,7.048,8.5541,-3.4386,-0.656,-3.4901,-8.7651,6.8899,-2.9885,-3.167,-3.4533,2.9846,1.6768,-1.9563,9.0792,9.7084,-4.9953,5.022,-4.0589,2.2695,-1.2534,-5.2451,-6.1822,-6.5452,-5.868,-3.5939,7.1975,7.7737,-3.3389,-5.2077,-9.3782,4.1592,7.1479,3.3832,1.2956,2.0442,6.0333,2.1912,9.4455,-6.587,9.6954,9.7347,2.0274,-8.4742,-1.0594,-0.2971,-5.859,-1.5624,-4.2094,-6.5956,-1.8633,-8.8842,-2.4623,6.9575,-0.1211,-4.4239,-7.5377,0.89,-3.4495,8.2865,5.2722,-6.5141,8.8476,1.369,-8.9695,-6.6358,3.4586,4.3698,6.1727,9.5998,-8.9287,-4.3136,0.9175,-3.8988,3.6857,6.4769,-0.873,2.4972,0.7577,5.9906,-8.1012,-2.732,9.1143,2.7663,4.0623,-6.9527,3.0736,1.6166,6.1898,-7.3156,-7.7457,4.0949,7.054,-8.628,-3.8343,-6.8638,5.7504,-2.0494,-6.5693,9.4471,7.0164,2.1149,-2.7165,-1.9031,2.1524,-5.3742,5.4435,-0.3916,-7.7236,-5.8729,9.5941,-4.1891,3.0334
6.8885,-4.3186,7.4285,9.2983,3.9572,8.505,-5.5275,0.9767,-5.9954,2.4422,-9.5937,-2.9443,-0.4892,-4.3747,1.1317,-4.0256,3.096,-0.8709,-5.1202,-2.4484,6.9056,4.9643,-1.7114,-7.3848,0.9305,-3.3275,-3.8033,2.3956,0.4416,-2.1882,1.5382,-4.6318,3.1829,-8.6978,-5.4385,4.6083,4.9096,0.8019,-9.5687,-9.8501,7.7191,2.0891,-5.7705,2.3377,3.0313,5.1811,8.2603,7.8162,7.0711,6.7111,4.4647,-3.1344,-7.8974,-2.0606,-1.134,-5.5367,-6.0194,4.1161,-0.1147,3.3448,-5.0624,6.2889,4.9524,-3.8447,4.629,9.9504,3.8893,-5.8864,-4.7313,2.8276,-1.7574,-6.67,-5.6406,-0.037,7.4288,-9.0975,-2.5372,-9.6437,-1.5464,-8.2408,-1.6453,-1.1379,-0.4388,7.3559,7.1378,3.4987,6.8752,8.1214,-2.9757,2.6326,1.1518,-4.2157,-4.8239,-2.3287,-8.2143,-4.8677,1.1209,1.9478,-3.4999,-8.0316,-7.8306,7.8766,3.8762,-0.5806,-7.2837,4.1892,-0.0562,-2.0804,8.0329,3.3816,-1.1058,3.8325,-9.4595,7.9278,-3.4673,-2.1842,1.4268,-5.123,-2.9831,-8.972,-3.1735,6.2069,5.7163,0.8191,-7.0389,-6.1546,6.0257,3.0764,9.1144,-9.0571,-5.1397,6.4721,-7.5631,-1.95,7.2596,-0.5391,9.0851,7.966,8.5705,-2.8907,8.8071,-4.8673,-6.6202,-9.3862,-7.2061,4.0875,3.5968,0.9658,-8.8961,8.0175,2.711,0.5522,-6.2408,0.9875,4.0326,2.4989,-3.3618,-0.6377,6.5958,9.0073,8.9252,-9.9232,-9.2411,1.6707,8.9401,2.1595,0.6486,6.4476,2.5923,1.1476,1.891,-5.427,-0.9258,-1.8637,-0.4002,9.3043,2.966,-6.8733,0.7364,6.5877,-6.4849,7.3156,-5.772,1.0564,-7.0135,0.0329,-4.3585,7.424,6.0788,-2.95,5.9642,-6.1603,-1.0911,1.3962,-9.2394,-2.1948,2.7898,-6.2524,5.623,-1.9337
7.3977,4.5583,5.5853,9.5757,-8.7127,9.507,1.5716,5.2019,-9.1781,-0.5996,-9.6954,-5.9301,-6.2939,-9.3202,-4.8928,1.1558,-4.045,4.2462,-8.1814,2.2448,-9.9515,-9.8605,-4.298,-7.5606,-1.0099,-2.4583,-5.1712,-3.3536,9.3445,-5.8523,8.5607,1.0212,-7.4423,-1.72,-3.4411,-6.5131,8.1824,7.8721,6.3856,-2.9153,-7.153,2.8011,9.9355,7.2647,-8.3294,-1.8581,-5.4403,-7.749,-8.3617,-0.6716,-5.7345,-6.596,4.0207,-5.528,-7.9616,2.4019,-6.299,-9.389,-3.9699,9.3286,-7.7195,-6.606,1.165,-2.1063,8.9985,-6.7392,6.0758,-2.0762,-6.4305,7.8344,0.7853,0.3712,-8.7819,-2.2416,-8.9389,-7.0111,4.921,5.0645,3.269,3.4834,-7.8161,2.3738,-0.8613,1.4364,-1.3872,-3.447,4.3093,-2.0253,-0.16,-1.9747,-6.9815,1.2531,-5.1904,3.747,7.8485,5.0725,-4.0118,-6.3255,9.7381,-4.9771,-4.4359,5.3876,-7.4705,8.2204,5.3386,-9.778,-1.7191,-4.6889,-4.9561,-6.1625,-3.1245,-2.7333,-4.5852,8.4733,3.0885,-1.5546,-8.6128,-6.9157,-5.4333,-9.1535,-3.0709,-2.4765,0.9377,-0.6502,-3.2608,8.0149,1.5522,3.6901,-6.1065,-3.0725,-6.8426,-2.6687,6.3484,7.6086,4.2442,-4.6827,6.4722,2.6277,8.0509,6.527,-5.9949,0.0555,-3.8748,9.7628,4.1963,-1.7884,7.533,-6.2463,2.3132,-7.1976,-5.1199,-1.7905,9.2672,8.8076,1.523,3.1277,-6.2559,-5.0496,8.1655,0.7696,6.1693,9.1572,-1.5893,9.6615,5.4443,-4.5926,-0.1089,4.435,3.8574,0.2894,4.8401,-3.134,4.1134,-5.9654,2.9693,4.7528,2.88,7.0293,8.4466,5.8411,2.4475,-8.1362,2.0139,2.8305,9.7208,-3.3715,5.5305,3.1892,1.9327,8.3246,-6.4734,-2.6357,2.2934,-9.267,0.9993,-3.1643,9.745,9.5668,-9.3809,-5.4777
7.8785,8.9277,2.026,-2.1432,6.905,0.1526,9.636,-8.4595,-1.5924,-4.4441,8.809,-7.7718,0.0304,-6.9419,1.4966,5.7411,-9.6446,-4.7105,2.1804,-8.9361,-2.8654,6.1485,9.1601,3.0002,-1.5864,-7.8567,5.3811,-6.231,4.3698,0.6402,8.2793,-8.3528,2.1364,-4.4277,6.8854,-3.1764,-2.8226,-0.7259,-7.3587,-9.1293,-3.9936,-3.7927,-8.1134,-0.6882,2.8125,9.3762,6.2787,6.1715,5.0441,7.3989,-0.1568,-5.8244,-3.3782,-8.5597,5.0706,3.4,-5.8889,6.2873,-9.2451,2.7755,-7.6409,2.0091,1.2972,6.2846,3.7934,-2.4165,-4.6504,4.8403,2.6587,9.8318,-8.1373,8.7618,-2.5338,-5.5612,7.393,5.5471,7.1324,-9.4715,-4.8099,-8.097,-7.844,4.5314,4.5953,-5.6604,-2.6674,3.1603,-1.5104,0.4144,-8.0733,3.8491,-8.1236,-0.841,-2.8639,-0.8748,7.8986,-7.3626,-9.4331,5.0401,-6.7108,2.8859,-4.0043,1.005,-2.0844,-9.4046,1.3913,7.2607,9.4797,-4.3158,-2.6997,-8.4431,-5.3786,0.1282,-0.2554,-4.4748,-0.8548,-4.0956,-2.2484,8.2443,-6.3982,-9.6565,-8.8299,-3.6654,3.904,-9.6057,-4.2405,-5.7356,-4.4549,-5.0777,8.0706,-2.4604,7.7527,-3.5633,-6.6781,-6.1317,8.5515,9.5064,-8.177,-1.3752,4.5589,5.4972,6.7394,-6.9169,-4.5894,9.4392,-5.6248,-8.6979,4.0653,7.2589,-7.7457,5.4468,0.6107,2.3206,-5.5569,-6.7629,1.5015,-1.3466,-5.728,-4.8425,-7.7159,9.248,-3.4175,7.7316,2.4868,-5.4729,-4.6252,-6.8698,-0.3811,7.4566,8.679,5.9397,6.1023,-2.749,-1.6424,-3.8567,-5.2234,7.1128,-3.4808,-8.9664,-5.0923,-2.1903,-0.8827,4.9691,7.0833,-3.3984,8.9122,1.7888,9.9942,0.994,-1.9816,-0.7438,-0.8503,6.7292,-3.5938,9.1257,9.0085,4.2603,6.0408,0.1762,-0.2461,5.8533
4.4378,4.4325,0.1267,1.2127,2.9785,7.6811,-5.2808,3.8373,-5.3652,4.7668,3.2456,8.74,8.1506,-7.5932,-2.7749,-6.1363,-9.1376,2.9475,-7.1508,0.4727,1.7999,9.477,1.6555,-2.7788,-7.0054,-4.271,0.8588,4.7551,8.5751,4.143,5.9522,9.9559,-5.3456,3.0162,3.6087,0.6331,0.5586,-6.6684,9.5826,-3.4808,3.3391,-1.7497,-9.0428,-8.5785,7.0662,-0.9189,-6.5996,8.6009,-2.2835,9.2594,9.5508,3.9698,-3.7266,2.0918,3.1043,2.1489,-5.6874,0.2887,8.2257,3.4535,-6.8049,4.2396,-3.3857,7.5154,-7.349,-6.6173,-6.8397,5.9694,-7.2718,-1.2491,1.1444,-6.9196,-8.7074,5.2553,0.2786,-2.6205,4.2181,-8.5366,-4.479,7.1516,1.278,-6.865,-6.5781,5.2457,-8.6537,6.5694,6.2123,9.2915,-1.3422,0.1978,1.7936,8.887,-9.8457,-7.4007,1.3891,-0.705,4.9679,1.1815,0.148,-2.6722,-6.7107,-7.1873,-6.7313,2.8155,-1.3291,-1.7036,-9.9479,6.1976,-0.6099,3.33,3.2765,-3.8416,-5.8073,-0.8016,7.6648,5.7129,-4.4443,-0.9846,1.2029,2.3963,4.2738,-6.6949,2.2699,4.2253,-4.5614,-7.238,3.5995,-6.9407,7.8788,-8.7001,-6.6277,0.0375,8.5281,-4.1746,5.8722,-3.042,2.6583,-9.4204,-8.0144,-6.1982,-8.1989,8.7678,-2.9031,6.0103,2.5447,4.7483,-3.602,-2.2774,9.4135,0.2584,3.0585,7.2756,-9.2543,6.367,-6.7244,0.2066,6.9678,-4.5718,-0.1566,-5.6732,-7.5541,1.9894,5.4324,-2.6839,1.7847,-9.9907,9.6447,-3.6801,6.3724,1.0668,-4.5589,8.2513,1.8681,7.5214,-5.3439,-2.1612,9.0391,9.9882,-6.1193,1.6451,-6.4563,-8.0598,1.9156,7.2259,1.9513,5.0798,5.0387,-8.3169,-7.769,-4.3422,-1.2675,3.4331,6.4939,-3.2327,-0.2977,-2.4494,7.2668,5.2145,-6.9058,-6.8594
7.8749,4.4133,-6.581,-0.9402,5.5525,7.964,6.07,-8.3337,9.4634,0.8257,-6.0805,-6.7341,2.8161,1.5588,-2.8925,9.4599,-9.6224,5.5143,-9.4352,9.0465,2.9735,-9.8528,-4.1285,8.5366,7.3721,-1.0634,7.7105,2.5956,-2.5543,0.8028,0.3654,-7.113,2.9004,-2.6113,6.7923,-1.1542,-4.0504,-3.5115,-2.8516,-2.638,4.8962,8.5496,-8.3789,-0.7668,6.8674,6.3766,-9.852,-5.6974,-7.3593,4.9457,-3.4824,5.3804,-3.2798,-3.166,-8.4884,6.7055,-2.4967,-2.0076,0.6283,1.6155,-1.0452,9.2584,-0.2585,8.8479,-8.255,2.5253,-1.6869,-1.8909,6.6195,6.3972,6.3787,-1.0896,-7.8951,-7.6162,8.9082,4.6028,-4.2294,2.3797,-9.5791,0.5831,-0.8943,-2.4125,2.5761,9.4102,-3.5841,5.9813,8.5919,3.9276,4.2842,4.2269,-9.534,-9.2376,5.4995,-5.4366,-1.6255,-2.0629,-6.3296,-0.7976,9.4169,-2.8743,-6.8082,3.4483,-5.8583,-7.5118,-7.6624,-8.0195,-6.857,-4.8734,-1.4846,8.8549,1.7603,-7.3398,9.0574,2.2784,9.0826,-3.2637,-1.8101,-9.6332,-4.2422,2.2419,-6.2124,2.9126,-5.8098,-0.8955,0.8713,4.6685,3.1213,-2.9206,-5.9614,7.0837,0.0169,9.6496,-2.1952,-9.6868,-1.8893,-2.8094,9.617,-2.0465,3.1274,-4.8098,8.7679,3.4364,-0.3313,-3.3177,4.6437,-7.7822,-6.6378,-1.4892,0.9778,0.1994,8.4117,2.576,9.4777,-3.447,7.7059,9.2001,-3.5498,7.8865,-1.7217,8.8652,9.1146,8.8297,6.1821,3.6476,9.2714,3.0357,7.7242,2.2809,-2.9818,4.4713,-4.8714,-6.3199,0.4154,-1.2016,-4.1433,-7.9893,-0.2419,-8.6533,-0.5141,1.2357,-5.6121,-1.1209,7.5542,3.985,-8.294,-0.0255,-9.24,9.2826,7.2716,-0.2911,-6.6358,-0.0702,-1.7113,-6.9784,-0.9176,2.1525,3.4197,2.8035,3.6338,-0.3206
-4.1994,6.7317,-2.2982,-5.9674,7.7427,-2.8031,-4.0289,-2.8153,-9.4871,-2.8338,7.3129,0.7022,7.5175,7.6752,9.9563,-4.9313,-9.492,-3.2919,-4.7783,-3.122,3.9558,-6.5362,-8.6218,4.8567,-1.5816,8.6684,-9.2138,0.3873,-3.3782,-5.6539,-1.9364,-2.681,-4.3613,1.5407,-9.0161,-0.6662,-3.9338,-8.2487,6.0537,-8.0576,1.7993,8.3889,5.757,-2.2215,3.8453,3.3941,7.361,-6.461,9.6487,0.7332,6.2656,-8.1981,2.9067,0.8065,3.5641,-5.5452,-4.5515,-1.2453,2.8007,1.6677,-0.9546,-0.8284,-6.1955,2.086,9.9543,0.7119,2.0557,-3.5847,-5.7462,4.8996,-9.1357,-9.8187,-3.8647,-3.6748,1.7481,7.6271,-4.0992,7.0129,-9.5235,-4.5944,-0.2807,3.4823,7.6012,-4.3,-9.6176,9.6682,-5.2742,3.3006,-7.28,-5.0556,8.1207,-4.8703,6.01,-9.3924,-1.5771,-5.9274,-8.5491,-5.0386,4.7169,-0.679,5.3936,-6.3859,3.8468,4.4674,7.9849,-7.365,8.5415,9.3833,-9.1072,0.7097,9.4733,1.8848,-0.9651,-7.9075,-2.3195,1.6998,-6.3533,0.3728,7.6331,-8.9731,9.2806,9.1079,3.3314,9.1505,-1.9653,-9.001,0.3057,-7.5361,3.1681,-5.8467,1.1843,6.5838,8.5213,-1.4649,-4.6065,-8.7786,-1.4612,-7.3649,3.715,-0.9243,3.1722,0.7546,-9.0088,-3.8933,-8.3286,-0.0573,-8.3352,1.7965,7.2026,-5.5933,6.525,9.175,-6.7784,8.4739,1.8002,-6.7944,-1.282,-6.898,-8.3217,9.3736,9.8398,4.3966,-2.5948,-7.8746,-6.8829,-8.1515,0.443,-7.4204,3.9588,-8.8658,2.2265,-5.7839,3.1869,-4.6272,-3.827,2.5502,-4.6488,-2.3424,5.5922,-2.2428,-4.0864,-4.2674,-8.8923,-6.1359,-9.2232,-6.6457,-0.0542,2.8961,1.8634,2.9669,6.0077,-1.5602,5.8413,-4.0407,-4.4581,-0.5111,-1.5556,-3.9404,8.5658,7.9746
9.7894,-7.9237,-7.3036,-9.6976,-6.4454,-5.1989,-6.9469,5.4388,-5.3086,7.2193,-6.3051,-7.9418,4.6841,-1.5848,-7.8623,-6.858,-4.869,-7.797,7.1385,8.6108,-0.7084,2.9342,-5.2798,-2.256,9.3395,2.6557,5.6545,5.662,9.4199,3.6047,-2.0627,-3.0032,-8.6755,-1.7301,-2.2771,0.9688,-5.5614,9.7373,-5.2042,-7.418,0.7136,7.6186,-7.6355,0.1317,5.6893,-6.1384,-0.661,5.3386,2.0664,-4.4448,4.4003,2.5777,2.0528,9.729,6.7965,4.2416,-3.1313,-2.1448,3.0778,-2.9795,-1.1157,3.4209,-2.1767,3.8725,-9.3304,-5.9339,2.5108,3.6601,-3.4001,3.5802,-6.5835,-1.497,7.9063,3.6566,-1.9707,-2.0169,-2.506,0.6149,1.7841,5.9573,-9.96,-5.2977,-5.8073,3.7434,9.3395,2.6335,-9.3956,0.8644,3.6883,-2.1097,-1.1945,1.3524,-4.6754,-2.1801,1.8384,2.9178,-3.3577,-9.566,6.5083,-5.3641,4.9419,-4.277,-2.9371,-9.5383,-8.4338,-9.5851,8.4698,-0.978,-8.3145,-2.3126,6.4661,-6.0561,8.179,-8.6361,-3.7069,-1.5713,2.2471,-4.1371,-3.5985,-7.4803,-6.7766,4.5605,3.5495,-3.2479,9.5256,-9.3113,2.9962,-5.9683,-5.2459,5.3308,-2.1696,0.2805,-0.9643,4.9893,6.4823,2.5471,-5.0728,1.4228,4.0112,-4.6573,-9.9642,1.4211,-9.6227,-3.0692,4.6558,-1.1036,3.5538,0.7483,-3.8963,-2.5805,-7.388,-1.0727,3.3854,-6.9587,7.9575,-2.6917,9.2528,7.1873,2.2512,5.5624,1.3932,3.573,4.726,5.073,9.3467,9.5411,2.2332,-1.6047,-3.3143,4.7005,7.8236,-7.6659,0.6294,8.4276,0.8418,0.7529,-3.6764,-7.1247,-2.8801,-1.3565,-1.3565,-4.3706,-7.3106,-0.8513,-0.2672,-5.1298,3.4382,0.0694,-4.8839,3.2854,-8.8344,6.8836,2.9261,-2.5601,0.1845,-9.3554,-6.2045,3.7503,-8.1418,-6.4978
-8.1907,-5.727,-4.6,-6.3479,-0.6266,-3.7102,-8.7208,-1.9173,-1.3411,2.3864,0.8445,-9.5536,6.4979,-5.8031,5.2995,4.3368,0.2949,4.5251,-9.8285,2.4542,-0.0403,-8.0094,-7.3355,4.2014,0.7905,6.1608,8.4017,-4.8076,8.4086,9.1546,-2.6627,-8.8185,-3.5787,-7.5614,5.2903,-4.919,0.0243,-9.0929,-8.0098,5.5624,1.0544,-4.1813,-6.9141,-0.2257,9.8093,-6.8412,-7.9086,-1.4948,-4.7234,3.4817,-5.7498,-2.9063,7.7231,-6.4173,4.0767,6.7207,0.0742,5.6469,0.9308,-8.0285,9.2112,4.7774,-1.1975,5.0246,5.7698,2.9969,0.5221,-3.4936,-6.8151,0.7864,-5.0447,-7.5722,-3.6955,-2.8162,5.8379,-2.0811,3.3448,-7.3113,-7.6678,2.1266,5.2296,-8.6122,-4.5167,6.1029,-3.1587,-9.4563,2.5755,9.7656,3.5828,-2.5174,-7.6643,4.273,8.1915,-6.8217,-1.4098,3.2808,-9.0745,-9.2795,-7.1315,-5.7182,7.1901,-0.6765,0.7028,9.8748,-4.8831,6.3674,-7.3141,-5.9183,3.8083,4.3669,4.2407,-7.6352,2.1134,6.3251,-6.2769,7.3225,-3.8144,8.4022,7.2358,-6.8483,-1.2637,-5.143,5.617,8.5998,-4.6347,4.0359,5.1441,-2.3659,-3.3223,8.2682,-6.2742,-9.0856,-3.7628,-4.5122,5.3932,-3.0674,6.2274,0.3739,-8.8137,4.2962,9.6461,2.9857,-8.8254,-3.4814,2.5147,7.4665,7.2458,-6.6513,-0.0337,-4.1314,-6.2554,3.2215,-5.1918,4.1854,-9.6012,2.2295,-1.4057,-0.2159,2.6759,-9.7204,-7.4467,5.8681,4.6198,9.7944,-3.1979,9.842,1.5616,-9.9305,8.2906,3.8916,4.3515,-8.4579,-2.9457,-9.3646,-9.4899,9.9958,4.433,9.1375,8.3716,-7.6456,-6.598,-1.5474,-9.1551,-4.3958,-8.4008,2.9512,4.7271,4.6399,-4.3913,3.3718,2.1704,5.8206,9.9915,-4.3234,-3.2982,-6.032,-6.7808,-7.6722,6.3253,-1.3206
1.4377,-1.6884,-7.0735,-4.9704,-1.7059,1.2011,-0.7269,-9.3755,2.2353,-7.1781,4.438,8.2608,7.0241,2.2464,7.0443,9.6427,-2.5105,6.559,1.3304,9.2003,-7.9145,0.5601,-2.6164,-3.6814,1.6095,4.3599,-8.2521,-7.0343,-2.8285,-7.6744,-3.8428,-1.7478,-6.2462,5.9874,-8.5175,-3.6931,-9.0621,9.6736,-7.4593,9.3039,-6.713,-1.3191,2.2425,-7.5632,0.5864,7.5045,-8.6603,2.2023,-8.834,7.3658,1.004,9.638,-6.2696,-8.0778,7.548,-5.8449,8.2245,-0.344,-3.2927,0.5635,2.3763,-6.0687,-8.0477,5.5182,-4.037,0.3693,-5.3185,-4.4341,1.4098,-7.3274,-8.3489,5.8306,-2.2998,9.2212,-8.7498,0.0749,-9.1725,-4.2016,-8.2145,6.5441,-6.7244,9.903,-5.2662,9.0269,2.5577,5.8785,-4.3933,0.9618,-7.9156,9.2093,-0.357,0.7314,5.0424,-5.8007,-7.1885,3.4691,-4.4444,2.3183,-7.8011,-6.3208,-6.9556,-4.5483,3.8287,-3.8798,-2.3129,-0.9165,-9.922,3.4052,-8.3089,5.7344,-1.944,-4.5617,1.2053,3.0084,3.6761,3.3963,5.7678,5.342,9.6735,7.4207,8.1042,2.245,3.6178,1.4992,5.4689,-1.7939,0.9188,3.1754,-7.4532,2.8489,-7.8039,6.6481,4.7682,4.5889,-9.6835,2.7718,5.4612,-0.3735,3.1551,1.2353,5.5271,7.4432,-4.7499,0.9726,-0.2524,-8.2897,7.3124,-2.4643,-6.7012,-0.7515,-5.0579,0.89,9.9644,-4.2399,2.1012,5.7928,2.5924,-7.8221,5.7027,8.7589,6.3177,-9.7783,-2.402,5.6609,-9.1625,-4.6537,5.5789,9.2461,1.4221,-3.9808,3.0231,8.4319,5.9472,-6.1202,9.4001,-0.515,-4.6754,4.9575,7.3195,-4.8904,1.0199,-6.6079,5.1835,6.5969,-8.2765,5.7937,8.9065,-4.9863,-8.4452,6.9256,1.7786,-7.1837,-2.5281,0.8366,-0.5349,3.671,7.3943,-1.3413,0.7905,5.2753
-0.1687,0.9634,9.6398,-1.1068,-8.638,-0.9099,0.5676,-2.803,4.8658,-9.7758,0.2349,-7.5593,-0.1426,-0.0302,-9.8472,-8.0668,-5.353,7.7944,-1.3672,2.3499,-6.7467,5.0608,-0.6394,-3.72,1.2375,1.3378,-2.6716,-8.3047,-8.5728,-4.9382,8.0644,7.631,0.5296,7.7491,-3.2164,3.5014,8.0896,1.5942,9.6231,5.8495,-9.4171,3.4048,9.7858,-2.4024,-4.1762,-9.9852,6.5371,-1.5442,5.3193,-7.2307,0.4531,8.7411,5.9423,-6.2466,0.9485,-2.9636,5.1455,9.5362,9.2229,2.0452,0.6331,3.4734,-6.1515,-8.7064,2.82,3.708,-6.641,-3.9653,-0.4607,2.1078,-6.787,-9.5602,-7.5941,-1.7155,-4.9623,-1.7026,-0.6743,7.0658,-3.4153,4.616,2.7135,-8.8304,9.5758,9.6408,2.5002,-7.4927,0.3411,3.2303,8.1265,-0.8846,9.6724,8.3013,-5.0085,7.8682,-3.0721,1.8489,-8.6295,9.1325,-7.1322,-4.5419,5.9696,-4.4034,6.8209,-0.4097,-7.3591,6.5329,-0.1954,1.4846,-9.5537,-7.9934,4.5513,-9.5343,-5.5618,-1.9307,4.054,-0.3381,-2.8881,-5.9104,-0.7121,9.9814,4.7863,-5.0796,3.2679,8.4833,2.3949,-6.1001,7.7139,-1.5701,0.7209,-0.2344,-6.1572,2.7074,-6.6217,-5.8064,-0.1208,-7.2296,3.0547,4.3532,-9.7423,-3.5385,6.1285,6.3317,3.2213,4.036,-2.5364,2.2675,1.1036,8.6348,8.2475,-3.68,8.8598,7.3865,-0.2349,-9.9755,6.0221,-3.1519,7.1726,9.904,-7.3869,-6.618,-2.0228,8.7342,-5.8087,-9.6616,-1.1511,-6.2675,-8.3087,9.5359,7.9459,4.005,-6.677,8.9509,8.572,-5.3614,-2.7559,1.8171,-1.7949,9.5035,4.3962,8.8095,9.6142,9.3578,5.9612,1.1177,2.9972,6.0199,-6.5299,5.1292,9.8117,0.0363,-9.5163,-3.7607,-4.7563,9.4756,-4.777,9.4776,1.5272,-4.0795,7.6615,-0.9462
6.1293,-3.8307,-4.0858,5.2189,-9.6654,4.0784,3.3806,-4.2471,1.9878,-0.2584,-1.2819,-2.4592,-7.731,-6.5408,-8.5692,6.9208,-5.9964,6.5782,-6.2707,-9.0927,7.7383,-5.6042,3.94,-6.0213,-3.9465,-5.3962,8.3232,-9.2476,-1.7545,-8.7834,5.7233,2.017,-7.3086,-6.2132,9.4313,-7.8239,-2.1842,7.3834,-2.8745,-9.8877,6.7156,-7.9234,5.0888,-1.4959,-9.2301,-8.2812,3.9824,-4.847,-9.0042,0.5251,-9.489,0.5807,7.9951,1.0003,2.5482,-9.9093,-7.882,-1.5173,7.3371,1.4457,1.0862,-0.1245,6.0792,0.123,1.6806,9.0998,2.4124,-1.7136,-8.1125,9.6547,1.3496,6.5392,-3.3046,6.445,1.7753,2.1238,-6.2306,7.6609,9.16,2.5532,5.176,3.4454,2.4499,4.8156,7.9629,-9.6922,8.4046,-8.1611,-4.1614,9.4026,7.6975,-5.8097,-3.4619,-9.4812,-6.5393,-5.2622,-8.9507,4.2275,8.372,-1.7263,3.4206,9.2098,4.459,1.9899,8.6938,9.7151,-4.724,-6.6709,2.5435,7.8619,-1.5575,-8.2382,5.8129,-0.2392,-7.9091,8.6775,-6.5346,3.251,-3.1591,5.3784,8.0033,1.1953,-5.9012,2.597,3.8373,1.0741,8.5856,-9.2677,-0.6804,-1.022,-4.7325,4.1948,7.5304,5.9931,-1.1413,-9.3231,-9.7637,1.7832,5.242,-3.124,-8.4231,9.3441,-7.217,7.9313,0.891,1.9722,-5.5813,-0.3272,7.3119,-6.1989,5.6305,7.1933,-5.6373,2.6009,2.2205,-1.6427,0.3745,-8.0756,2.1835,-8.3306,9.5662,-2.1952,-3.648,-5.7499,0.9483,-9.5195,-1.9243,-3.4334,-3.1857,6.2518,4.9769,0.5674,3.6062,-0.497,-2.8979,1.2629,-1.8324,-2.8495,-5.7968,0.2089,-0.2354,-2.5789,7.9619,7.4738,-5.2394,-1.3154,6.5602,8.2392,1.7926,-6.7567,-1.6699,3.635,4.3171,9.8615,4.6984,-5.5612,5.896,4.311,2.1429,8.7243
1.5012,-8.4822,6.7175,-5.6077,-5.1052,-8.8534,4.2429,9.374,-0.8207,5.7289,-4.5462,-2.9489,4.1389,7.2495,9.0439,-8.5515,1.9562,2.0987,-9.5057,9.2263,4.2175,0.4477,-1.7996,2.1539,-6.6042,3.1156,9.5171,2.4642,-7.1226,-6.4338,-5.0061,-7.7362,-2.3835,6.0357,-2.4027,8.1654,4.6443,-8.438,-1.3723,7.7904,-7.9985,8.1896,6.4267,3.5132,-8.1935,-3.7695,8.8516,2.9657,3.9056,-2.4317,8.0564,-6.7484,-2.3643,1.8778,9.0704,-6.0153,3.1287,0.717,1.2556,4.9663,1.9922,6.6257,9.9646,-0.4639,0.863,-6.8179,1.8084,-5.7526,-5.8133,4.1229,-5.716,-3.2597,-1.4174,-0.9315,5.3492,7.4428,2.9153,-1.3985,2.3159,-8.6171,1.5158,9.3707,-7.9234,1.5696,-6.0952,-5.2498,-6.3557,2.1622,7.2101,-6.8382,-2.2623,9.7515,1.6595,-1.0074,-9.2101,-6.7945,-1.1297,9.1226,0.5127,7.9173,7.1306,-2.7622,5.9103,-9.0092,-5.6891,-8.1289,0.4397,6.7932,6.2183,-7.6081,3.5936,-2.8299,-7.379,-3.6861,-4.2943,-5.2831,-9.9852,1.2598,-5.8453,-8.5402,0.3971,-8.0016,-1.3995,3.9117,-0.8161,-5.3199,1.315,7.2578,-2.153,5.2443,-7.2323,6.8669,-7.2948,-5.7328,1.7863,3.4727,2.8328,2.8924,0.6713,-5.178,6.6792,-9.1994,-2.7647,5.1834,7.1652,-6.9769,-3.5881,2.877,-8.5962,-3.8293,-4.4139,7.4429,6.011,0.7512,-4.6328,-0.11,1.4917,-5.7803,5.2142,7.7759,3.5416,-5.4138,9.5022,-0.6597,8.3017,-1.1984,-7.2439,-3.378,3.2038,4.1907,6.6752,-2.0387,9.632,-4.8809,-8.1433,-5.7245,-1.725,3.044,3.5675,8.3955,-4.7736,8.6947,6.2679,-7.8393,8.2379,-2.3845,7.2399,-9.206,6.3106,-9.5511,6.3671,-0.9107,-8.2823,-8.1882,-1.4062,-8.5124,-3.6777,7.3472,-0.7742,0.0517
-2.0871,2.5158,1.7008,-9.0634,7.1993,8.094,-5.3884,5.3172,5.7608,6.434,-9.6076,8.8514,4.6737,-3.381,-4.5463,-1.956,-8.4441,-2.5783,9.781,5.626,-8.8073,7.459,1.157,-2.6854,-0.7699,2.5001,5.9535,-9.2358,-1.1357,5.9707,-9.031,2.8444,8.4833,3.8776,-5.0057,-4.3725,-7.2092,6.9622,-1.2621,2.7396,-2.2704,3.6964,1.5764,-3.683,1.2109,-7.6278,2.1933,6.7946,8.395,0.4145,-0.0217,-1.0634,2.0947,0.1105,6.1792,6.4495,-2.1898,-7.9446,3.1738,5.3056,-3.2358,5.3868,4.518,9.9572,0.2486,-3.3472,-9.4694,3.2915,-0.7308,-9.44,6.7282,-3.1613,-8.5117,9.2894,5.683,1.4554,-8.77,2.2421,-8.4362,-2.9494,0.1168,0.7988,-9.5474,8.9344,-6.9018,-5.8279,-9.7376,-5.7704,2.5048,7.6671,8.2541,0.9631,7.1326,0.3409,-8.6019,9.5931,2.2966,-5.0437,-6.7076,-0.8714,0.282,-7.2156,-8.0299,-8.9345,-2.9979,-5.904,-2.7037,-5.0246,4.3317,-3.334,-4.7005,6.6182,7.5391,5.0389,-6.7499,3.5527,-6.84,2.2446,6.3558,5.4674,-1.4112,-0.7695,-4.5998,-6.9946,2.1108,-3.7271,-4.087,-6.2275,4.9761,-5.7679,-1.1529,7.4166,-6.0839,-5.6049,-1.3039,-8.5522,5.8672,1.9253,5.554,-8.5,2.1321,5.1589,7.5647,7.7909,0.5566,8.5129,8.1032,8.3659,5.584,-2.1782,-8.2174,-3.1386,0.137,8.0478,-0.9063,3.8193,-1.7939,6.0897,7.8656,-1.2398,0.7298,-0.231,-7.231,6.0668,-0.5493,9.6954,6.3174,7.2266,-7.5905,-8.0492,-2.9902,5.7629,-1.9603,-3.8305,-2.1616,-1.74,6.5534,6.977,-8.5397,8.778,-0.1947,3.4811,8.4999,-8.3462,2.9244,-9.0513,3.8386,-3.5863,-1.2201,2.8184,2.876,7.8339,6.1823,-6.2191,5.0861,-2.2968,-9.3165,0.8213,-1.1824,3.5279
0.886,-3.6035,0.554,9.0358,8.7486,-9.7918,-2.6331,-8.4752,-1.7129,-7.9853,-6.7389,-3.9617,3.1603,0.9842,-1.4968,5.8362,-5.3491,8.6396,-6.168,2.1764,9.5656,2.2097,7.4016,-9.4612,-3.3365,3.9903,-7.9873,7.4085,4.5427,4.9323,-5.2531,-0.1409,8.7559,8.3359,-7.5057,1.0165,-1.2137,2.9714,-3.0841,1.2601,-3.407,7.3991,1.1235,-5.9627,1.5122,3.1244,-1.673,-0.5575,-9.8036,-0.9621,-5.7898,-4.6361,8.7872,6.8431,5.453,2.6986,-5.4364,-0.1987,-3.0165,6.7899,-7.4246,-5.8714,8.7721,8.565,-6.7959,-5.6128,0.9132,5.7995,-6.5916,5.5613,-8.4246,-9.246,5.7461,-8.4915,-3.29,-7.0073,-8.0962,6.7145,-2.0779,4.1507,8.0615,-8.2222,-4.7115,-9.9045,8.1443,0.2123,6.8831,6.2477,-6.248,4.3255,7.4587,2.3509,9.6195,-0.5205,-6.6178,7.9394,3.6433,6.1558,-5.4306,6.5008,6.3344,0.2111,9.7086,-1.0138,6.4659,2.9607,3.4594,8.9735,-8.1255,2.8007,3.2952,5.1561,3.9389,-5.1198,0.9572,9.0229,2.1784,9.9218,-0.3146,-8.5603,4.3185,-5.5271,2.7209,6.9811,-8.3765,5.9339,-2.1174,-6.799,-8.9301,-8.6589,8.1514,-4.391,2.2648,-3.3818,-4.3105,-8.6018,1.6032,7.8047,1.7445,5.2301,-6.2045,-9.7416,9.4699,1.8977,3.5338,2.4931,-6.9753,-0.8291,-7.0804,-6.0181,3.0308,-3.9197,2.6855,-0.3596,-6.1966,1.5538,-4.6193,-7.3519,6.1823,-9.1739,-6.7672,-2.0812,4.8453,3.0576,5.2285,-8.9846,-9.2071,0.5104,-4.5325,6.3609,-0.0681,5.6036,-9.4179,4.1141,-4.46,-6.2035,1.0979,7.9799,-9.9554,-1.9838,9.2547,2.83,-2.2118,-1.3791,3.0861,3.9975,2.3549,3.7191,0.3954,-0.6965,-9.1038,-3.8576,-0.578,0.9126,-4.67,-9.3874,9.1122,4.3474,4.1833,-4.909
-7.7951,-0.5339,-7.9502,-8.1751,6.3288,-2.1358,1.4134,0.0153,-2.115,2.1093,5.2284,-9.8922,1.8341,7.8109,-2.4783,7.6752,-6.8791,-6.5672,-4.1871,-3.1782,9.0011,-2.8366,-6.5833,4.2991,-6.1615,4.9387,2.2146,3.2004,7.8613,-6.9067,-7.8166,9.9287,-4.0998,4.6845,-9.7647,-5.8044,-2.4816,4.7067,-9.1877,-9.434,3.7512,4.8496,-2.1417,4.1492,-9.0352,6.0752,-2.355,-3.8854,-7.7636,5.3009,4.7638,4.918,1.4192,-0.474,4.5619,8.1705,-9.2785,-4.4821,9.8957,-9.2547,-9.9535,3.3999,3.9818,3.6421,1.2426,-7.1322,9.6862,-2.9997,7.8403,-2.951,-2.2834,-8.3741,-1.3868,4.0676,-2.7987,-7.1674,5.5119,-6.5471,-0.0322,-5.8245,-7.5638,0.4805,0.4345,-3.7941,6.6942,0.2129,-6.5663,-2.1765,9.1235,3.1623,-1.8178,-5.4133,-9.5422,8.917,6.621,8.5492,-6.6364,-7.132,4.87,-6.3255,9.3865,-2.6749,-2.843,0.5429,-8.4161,3.976,-9.0655,-9.9022,-3.1968,-3.1529,-2.9565,-4.7923,-1.4341,6.6668,1.8961,8.2208,-8.8951,5.6109,-1.8626,-0.5703,-3.3994,6.3886,-4.5926,6.0312,-8.6383,7.587,1.8674,8.3653,-7.1312,-7.1886,7.2125,5.5354,-7.524,-4.057,1.5153,-0.6517,2.5564,3.3232,-0.4033,-6.4776,8.9813,6.023,-6.347,-4.9623,-5.2209,-7.4017,-6.4565,4.2245,-7.1129,-8.8561,5.8377,-1.7037,-4.1064,0.2503,-8.4306,-1.3267,8.7585,6.7827,7.6045,5.6406,-1.329,1.4625,-5.2086,-6.5357,-2.6812,9.7005,-4.0238,6.9518,-0.3784,1.6553,8.9423,-4.1339,8.5595,-0.0147,1.4597,9.3144,-4.7936,7.0244,-9.7206,-1.3776,2.4491,5.8844,-1.1973,-7.1445,5.8651,-4.3846,-7.5749,-6.6855,5.2024,-8.7341,3.2495,-5.6593,3.0667,-5.9548,-4.9566,-3.0127,2.7337,-1.9296,-6.7388,-6.1171
-8.919,9.4649,8.5761,4.7228,9.8617,-4.9075,-1.4363,-9.5749,7.7971,-5.8821,5.4813,6.8994,5.4899,4.727,-5.8016,-0.5181,1.9318,-0.6568,-6.5567,-0.1223,7.8837,0.1922,3.3237,-3.0371,-6.5043,6.2636,6.6177,9.8914,9.1329,0.2183,6.4062,-0.7074,-2.4786,6.9733,7.9351,-9.5999,-8.5393,-8.7656,-4.6273,4.0172,6.8486,-2.8275,4.5683,-1.7255,-3.8396,-0.5494,0.4161,-3.5199,0.2765,-9.332,-0.7481,-6.1011,-8.5267,6.8786,2.7062,2.6028,-6.1953,-6.5762,-3.604,-8.6083,7.617,5.092,-4.7563,-3.5732,2.1202,-2.1398,6.0414,-5.1013,-7.8824,-3.0697,6.957,-7.6975,-1.9312,-1.084,-3.6113,9.6962,-7.6779,-3.5205,1.4862,3.038,7.4604,-4.5802,-0.7297,0.953,4.366,-3.5046,-5.6878,-3.2842,-2.4748,-8.958,-1.6359,-0.0209,-8.7044,6.754,-8.0752,0.1315,7.1343,-0.7752,-0.7602,-5.0581,8.7453,5.6431,3.8296,8.7665,3.3664,-7.5421,6.0027,3.5892,-6.8802,-1.1678,-4.4739,-3.2143,-6.5264,3.3897,-4.5636,4.1498,-7.2585,-1.2874,5.9189,5.7606,0.2409,-1.4389,4.1994,4.4235,-2.1749,5.097,-0.8242,-8.7327,-0.7097,-7.4379,4.1851,4.7194,7.3154,6.7937,-7.2252,7.5848,7.8762,-3.0103,9.9353,6.4514,-3.4394,-6.5411,-7.9006,-1.6301,3.118,8.5846,-2.0757,-5.4206,-8.6182,6.2435,9.3155,5.1774,-8.493,-0.7684,-3.3579,-4.0846,-0.3616,3.2012,-9.3174,-0.858,2.7647,-2.4335,-8.1139,-9.7211,-3.1968,1.327,-9.3939,7.2731,-5.1105,-3.1962,1.4026,5.2684,-0.6942,7.6387,-4.5629,9.9253,-2.2972,6.5384,-4.2398,-9.5359,-7.9331,-5.8508,-4.5475,6.1121,-3.128,8.3146,-0.2112,-6.6751,5.6998,0.3859,3.588,4.6547,-3.2151,-5.0353,-8.9307,6.4083,-0.0237,-6.2647,9.7354,-9.1213
-8.9273,8.6382,-3.1532,-8.6927,-4.4864,-6.0043,0.027,1.2359,-6.4836,8.9244,-1.5481,3.3665,8.0992,2.8338,8.4412,3.3905,-5.4495,0.5371,7.3408,6.6005,-5.5653,5.2028,3.2714,-3.1776,-8.115,-2.2484,-2.8245,2.4697,-7.5595,-8.7484,4.3996,5.1084,9.713,9.3953,-8.6441,-1.7537,1.9306,-6.5165,-9.3992,2.4769,-6.4745,5.2507,-3.0777,-6.2702,0.711,2.7773,1.9941,-2.7557,-6.4795,-1.1661,-2.8576,4.1239,-7.606,-9.6888,-0.3998,6.2458,6.3588,6.4622,8.7941,-0.5055,5.2605,6.3991,-3.6695,-5.2128,9.5503,-8.133,-1.0439,-7.8268,7.5483,-6.0228,-5.0416,7.8367,3.7615,2.036,6.8483,-3.7131,-7.3263,-7.86,-2.0779,5.4237,7.333,6.6847,5.1517,-0.1467,-6.1691,-0.9734,-3.5274,2.4123,-2.7171,1.4215,-5.988,3.4585,4.6456,5.3355,4.3772,-0.219,-1.0094,6.6863,0.3654,2.7848,-0.2963,-0.2244,1.352,6.709,4.2028,-9.1358,8.3589,0.2418,-8.7753,-0.7824,3.6965,-2.3485,7.4143,-3.7174,-7.0613,3.787,-9.5168,3.514,3.991,-2.4391,-4.8592,1.3199,-5.5421,8.6151,9.5981,-2.4953,-8.9307,-7.0018,9.1988,9.0055,8.0844,-1.2981,9.3894,0.0722,-2.8072,-9.6652,-8.6762,9.3779,6.146,6.1654,1.4463,-0.9369,3.6684,-2.29,-0.2585,0.2635,-0.4288,-8.9293,3.3411,3.6191,-0.9548,1.3773,-1.1469,9.6848,1.0497,-5.4732,-9.7228,-8.0557,3.3438,-8.2265,1.8206,5.3028,-9.3305,8.9926,-9.3884,-8.3119,-3.4696,2.347,0.6952,-6.1032,-9.587,7.1098,-9.2469,4.6744,-4.0054,2.0549,-1.3422,-8.0081,-2.5165,8.2774,-7.3218,-5.8554,3.2366,-8.9781,-2.4801,4.1582,2.0716,-3.6313,-6.8633,9.2955,7.6158,8.5434,-0.6015,-5.1985,4.0531,-1.8121,3.4582,-6.3896,5.0794,0.1348
8.6369,-7.3476,1.0251,-0.3571,-4.856,-0.441,-9.8534,-0.4712,0.0103,-4.5161,-2.5243,0.6808,1.5005,-9.8485,-6.8079,0.7473,2.8748,-7.4372,9.3149,-9.1647,-7.6797,3.113,4.1342,-5.4235,1.6255,6.8155,-8.9606,3.576,-6.8729,2.2869,1.6579,-5.6915,1.0212,8.8252,-0.6087,-6.3084,8.9809,-2.8282,0.4682,4.2602,8.2842,-0.4907,-6.6575,3.7922,-9.2054,3.0654,-1.5396,-5.0202,-0.9554,-8.4045,5.6251,8.3666,7.8376,-5.2713,4.9629,-4.5698,0.6375,-0.8329,6.1913,-3.2684,2.5486,-3.3455,-6.2149,5.4897,-9.5736,2.0937,-3.3596,6.2209,5.8656,8.0266,9.8438,1.653,-2.7131,-6.7476,-4.3386,5.9087,0.4993,-3.8072,-8.1481,2.5137,-7.605,-5.4159,9.3717,-2.096,9.135,-4.4259,-2.6792,4.1933,9.165,-2.3758,-4.433,-0.0422,5.4095,-5.4841,1.4144,9.9447,9.5315,8.3224,4.4704,1.7879,-8.8275,-8.1406,6.6323,-3.423,7.8112,-8.9469,-3.3384,-8.3538,-1.0169,-9.2214,-1.1234,8.3515,7.3428,-2.7116,-8.6826,6.8873,-9.0685,2.7812,5.7017,7.5382,-2.0713,-3.959,-4.3088,9.2653,-9.6968,-9.9675,1.6822,3.3318,-4.985,9.3804,-0.2222,-1.1967,6.6134,1.3296,7.7926,4.2893,3.4549,2.0917,-1.6761,6.9616,3.632,-1.1102,5.6284,-7.6234,-6.3897,-5.8611,8.5139,2.2811,7.9734,7.3698,-3.596,-3.1775,-1.8677,-4.2134,0.1578,-8.0911,0.631,-0.9996,-8.6245,9.0449,-7.5288,-8.0488,-5.4943,3.0215,1.1668,-3.3568,-9.1336,-7.6119,-9.3514,-0.8126,-6.0226,4.9491,8.8559,-0.8227,5.0722,7.518,6.174,-7.9773,6.3851,6.4047,-0.3452,-3.7841,-3.6535,-4.3917,-9.6212,2.215,1.7777,-4.5958,7.4153,7.7662,3.5103,4.3176,-1.3051,-0.7319,2.8766,-7.9256,1.4039,-3.7533,-5.9291,0.1602
-8.9767,4.7059,2.5721,9.8195,-1.3979,-7.3266,-6.2674,8.3667,-5.6331,8.1583,-9.0154,6.606,9.0326,6.1644,1.7912,-1.5827,1.4429,1.404,9.0396,-3.8283,-2.7874,-7.6167,5.2805,1.0203,3.2394,-3.3147,-9.2099,3.4255,5.5375,0.8456,8.0128,9.8797,-4.7214,8.3628,1.6791,5.8185,-5.5946,-2.2794,-5.5177,-8.7138,2.3921,-3.1583,-0.2553,-9.5059,4.0496,-8.4724,-7.8529,1.2371,5.876,2.1878,-5.225,-8.5902,-1.4921,-9.4792,-8.6554,-1.9378,-1.9699,5.9766,5.166,3.3014,-9.3117,-0.105,2.8887,-6.7441,5.1963,-4.696,-0.737,-1.632,-7.9731,4.8652,0.5761,1.4483,1.3437,0.3495,-0.1629,3.0808,4.5535,-9.8008,-9.8785,-6.769,-8.1313,-3.7253,-8.4143,4.5724,-9.2733,-4.9321,7.269,1.1996,6.9486,1.9125,7.6737,-4.7365,7.8291,8.0835,-8.3558,8.5494,-2.7177,-2.1968,-4.7662,2.9326,-9.2273,-5.9428,-8.4182,-0.8756,5.1697,-6.0165,-3.6224,3.5177,-8.2908,9.5181,2.2671,2.816,-2.5572,-9.6912,-4.5923,3.2205,8.4881,-5.8267,-7.0943,2.9397,-0.0935,-3.225,-7.8537,2.3945,-2.7257,2.5771,0.0808,-3.2129,-0.5447,-3.1829,-3.4231,2.8346,-0.1212,-5.4156,6.2805,-3.0756,9.208,7.3669,-5.6911,5.5012,1.3141,-8.2405,-2.169,3.9766,-0.4415,0.6291,3.7432,-7.0813,-8.5378,3.3435,4.8055,9.4179,9.8389,7.493,7.9858,1.8808,-2.1973,6.3178,-5.8271,4.7453,1.2995,-6.3903,-7.6428,-3.8463,-1.6112,-6.7539,-4.3169,1.7294,-6.0439,-6.5797,-0.0129,-6.1441,-6.6628,-6.8549,5.6977,6.2064,1.5467,-8.9997,-4.8343,-6.7737,-9.2444,1.0148,-7.8789,0.4245,-4.1035,-2.4365,0.7384,-6.9157,-7.3322,5.0567,-3.7257,-1.2174,0.7433,1.9653,6.3707,9.8461,4.2311,8.5558,-9.4318,6.4713
-5.6395,2.5468,1.12,5.2406,-6.3527,-7.3564,0.6039,9.3936,7.1483,1.5966,-0.0352,-2.5978,7.0412,-3.9489,-8.1398,1.9273,-9.7586,-1.4603,-3.8323,4.2835,-0.7754,-2.5752,3.3302,-8.5076,-9.1086,-4.1767,5.8474,8.8235,-2.3915,-9.5357,2.8721,-1.0698,-6.1153,-5.5124,3.2217,-3.388,9.216,-8.8589,0.1088,8.0862,-7.577,0.0606,-2.343,3.7807,-8.1,6.4546,-4.5923,1.0409,-0.0186,-5.7285,2.0517,-8.4718,-5.7418,-9.3734,-0.6745,5.8289,0.7892,2.1647,-8.246,-0.7359,4.8235,-7.8115,2.0646,9.5884,-0.2619,5.2732,2.172,-4.0958,-8.4053,-5.9486,5.9983,6.2506,6.9992,7.7865,6.4099,-8.7618,3.0017,2.5296,-5.5152,9.043,-4.6346,0.3245,-4.8848,6.0961,1.7471,-5.5566,-1.8151,-6.2438,-5.1974,3.8586,7.3349,3.6098,-6.209,-0.5027,-3.4166,1.8603,7.3731,3.3404,-5.3576,8.7697,-2.666,-2.7579,8.0943,-0.6895,-9.0872,-4.9304,7.8415,-6.0908,-4.2777,6.3192,9.1488,2.3734,-9.9544,6.196,-8.3549,-2.1815,-8.0934,-4.4522,-6.7717,6.4768,7.2245,3.088,-6.5298,5.1184,4.5974,5.1821,3.6549,5.1299,0.331,-5.0349,-1.3186,-5.1035,6.577,8.2054,-7.6274,-9.2826,1.681,4.8532,-1.2929,8.2947,4.6194,7.9997,-9.2971,6.5467,8.55,-6.2492,4.7635,8.4575,-9.4009,2.1456,2.8884,-6.9459,-1.0483,-0.3035,0.9084,-2.2078,-4.5333,0.4647,-6.134,6.6877,9.3648,-7.751,-0.5034,7.8739,-6.0057,3.5278,6.8855,-4.1446,-0.3667,-7.6153,0.2928,1.052,-7.0749,1.29,8.4333,-9.1309,-5.279,-0.0727,-8.9066,-0.0419,8.5005,2.4363,-9.2455,8.3045,-4.6871,8.148,-5.0094,1.0362,7.7642,-4.7989,-2.4403,-1.4422,5.2993,-2.3925,-4.1223,-8.4876,1.5269,-1.5098,5.517,5.1012
0.9571,1.0608,5.2051,-1.6695,-3.1939,4.4068,-0.4593,4.8593,3.3736,-6.6684,-2.1892,0.6855,-1.4629,-4.8234,0.07,2.2564,6.6019,-9.1748,-7.189,6.646,6.5353,6.5226,6.4935,3.5675,-1.8849,-4.1384,-0.1265,-4.98,-2.6872,-8.337,-0.2452,9.1621,-5.2904,-1.5548,-5.344,-0.4336,-2.2019,7.2319,-4.0521,-3.0607,-5.7928,0.4745,-5.9769,-2.0513,-9.0637,-9.9439,9.7734,2.6112,-8.7681,-4.3436,3.5647,0.2385,-5.8365,8.3213,7.2675,-5.5837,8.9188,4.0705,-3.5552,6.2612,-1.1777,-2.1102,7.304,1.0292,-6.8054,-7.2139,9.7096,-7.6724,6.6754,9.0534,5.9975,-1.008,-2.5873,4.8226,-9.7757,3.6438,-9.1232,-9.7795,-6.2674,-1.8987,3.0309,1.5023,-8.9552,-2.0599,6.1435,-7.4397,4.2975,6.4513,-2.1487,6.3523,9.0514,4.2964,-1.5089,9.2407,-6.2372,-1.8714,-7.7838,1.981,-9.6717,9.1807,2.732,1.5494,3.7209,-7.0346,6.7381,0.6613,-9.1296,-2.0645,0.7868,4.7637,-0.9997,-4.7073,2.9059,4.2637,3.7974,8.901,3.062,6.9225,5.6103,4.8878,2.1235,-2.5906,-5.3371,-1.1917,-7.1091,9.1021,4.3625,0.6364,-7.545,-7.4855,5.6496,5.9485,-4.6387,-6.6032,5.9382,7.7461,7.2635,6.6707,-0.6904,-6.8276,-7.8159,6.3968,-6.5927,-3.9399,-2.1329,4.4995,3.1884,3.5756,0.9779,1.0264,-4.4888,7.6864,-5.8382,-4.0485,-0.4787,9.8478,3.3641,8.0437,-3.7943,9.7954,-2.7893,-2.2815,4.2642,0.1133,8.9291,-2.7211,-6.0578,1.2593,7.8888,-3.1772,-8.1903,6.9411,-0.728,-2.8056,-2.707,-6.7486,8.9429,-0.918,-9.6273,7.3586,0.763,2.403,-7.2503,-8.7667,-1.0965,4.7263,-6.5482,7.5834,-1.8863,-4.7025,-4.2127,4.7522,-1.9649,8.6375,-8.0098,0.4795,2.1087,-0.0352,3.4812,-8.4348
7.512,4.3307,4.3697,-2.9776,-3.6384,-2.2993,-1.2339,-2.7231,9.3061,-2.9814,-9.599,5.5955,-4.5673,2.9822,-5.5576,1.574,6.7541,-9.502,-4.0275,3.4902,2.3919,-4.1212,4.0667,-1.8901,-3.5739,-8.9323,-9.9615,-5.2044,2.8037,-5.4808,-2.42,1.8699,-7.9973,6.349,2.5863,-1.4819,-0.2238,7.0066,-5.9746,7.2092,1.4968,-7.1581,-1.7835,-9.845,7.3145,-9.1205,4.5108,-5.6956,4.2566,7.3951,-2.3055,2.2279,7.6309,-6.0256,2.1745,-6.0728,-0.9551,7.8405,6.6033,-7.3767,-7.7393,8.7095,-7.2459,-0.8135,-3.163,-3.4418,1.8729,3.9599,-3.1284,4.097,-3.1041,2.6118,7.2976,4.3685,7.0589,7.3419,-2.4295,-7.0728,-0.6026,-0.0986,5.5729,1.3315,0.8662,9.5424,7.9372,-9.7363,-8.5928,8.4107,-3.6701,9.8384,8.928,-6.6023,-3.4832,2.8954,-0.3301,-3.3203,-6.4778,-5.5998,-5.3476,-0.0099,7.71,-6.8483,-6.8499,-8.9384,-3.2361,-7.1604,1.4125,-8.5564,-9.5275,5.8159,-9.7486,-0.5521,-5.342,-6.9629,-3.9748,-1.2459,7.0789,-4.5255,-8.8864,-5.0723,5.0647,0.9166,-6.9441,5.2221,7.2143,4.4838,5.9506,4.5198,-7.8163,-4.8079,-8.0939,8.0171,-5.6554,-8.1998,0.1926,7.0376,-0.3432,-4.1079,3.1215,9.2213,5.4541,1.8267,-9.6573,1.6817,-9.3949,0.7337,-7.9538,-4.3226,1.4899,-2.4244,5.0008,2.1594,-4.8771,-4.1577,0.8989,-8.8108,-9.8624,-2.3576,-0.1991,-3.6247,-6.9363,-0.3266,9.1817,2.7648,-0.0714,7.8127,-2.9115,-3.7808,-1.0288,4.1407,9.9085,-5.9074,5.9516,-0.8305,7.5663,-4.0126,-7.7464,-2.7376,-2.6772,3.707,9.0265,5.1518,1.3133,-5.5981,7.3164,5.5358,1.0352,-2.6874,8.3238,-5.2112,6.8406,9.9832,9.5641,-5.6384,6.3221,1.8304,-7.3375,-8.4085,-5.3048,6.2282
5.5085,5.6601,-2.8339,7.6319,-2.4838,-6.3875,1.4137,8.1572,-8.0347,1.0919,7.8195,7.7554,9.7186,4.9187,-7.2591,-1.2274,5.408,9.9654,5.6592,-7.2729,-3.7913,-8.4693,-2.462,9.7172,4.9015,6.5556,8.041,-6.4417,-5.2906,0.1902,1.6495,6.7917,4.7473,-0.5083,8.1185,-9.4928,-0.2931,-5.3309,-4.9226,4.0992,-8.0161,4.0781,-6.6573,-4.1672,-8.4276,-9.3247,9.0477,4.0703,0.1007,-1.1595,9.1472,-7.691,-2.2016,-8.942,8.3364,1.9663,0.7223,-6.8216,-5.4785,2.9709,-8.7565,-7.4832,9.0742,5.8403,0.4621,7.8688,5.8339,-4.8687,-4.3999,-1.2714,-9.274,5.995,-2.7751,-5.5097,-0.9133,-0.387,-5.1587,-5.6168,8.3756,-1.6869,5.8322,-3.0632,-0.9145,0.9043,-3.2271,3.6688,-7.777,2.0528,9.342,6.7985,-9.3153,4.9464,8.6066,6.3677,7.1978,-9.3085,1.3823,-1.6185,8.0408,-8.4031,-7.9677,8.8367,7.7309,7.4934,7.6536,-1.9193,8.1382,-7.6537,-6.7332,-5.818,-8.9815,-4.2024,-7.6351,0.6522,9.3306,0.0589,0.2156,-1.2235,1.5147,5.2103,-9.464,-6.9214,-1.4148,5.9427,-2.8709,-4.1376,-3.8303,6.9529,3.2519,2.5316,-4.4754,4.714,-4.8602,-4.4627,-0.0602,-6.7159,-5.2693,-1.7353,-7.1256,-3.1034,8.1529,-1.8765,4.8027,-4.9745,-0.7254,8.2506,-3.1443,-8.5589,-0.2803,1.9525,1.2167,-4.3421,-1.567,-6.0003,-8.0822,6.6097,-9.3935,3.284,-5.851,-8.8843,2.7112,-2.1869,1.6287,6.2035,6.9973,5.8151,-2.5057,3.0889,-5.2185,-3.1405,7.662,-3.1356,9.5938,4.0761,1.1997,2.4742,6.1661,-2.3388,2.3472,8.8539,6.2996,-8.3913,-0.0293,-1.5543,3.2922,-0.5623,-2.1134,-1.6538,2.6663,-6.3476,-5.8205,5.8947,-4.8621,5.6183,7.3933,1.3477,8.1997,2.4474,-9.7075,-8.9483
-1.6374,-8.9116,-6.0499,6.3954,-2.1168,-5.2194,-7.3568,0.9649,-5.0124,-3.2002,-7.8667,5.4855,-1.8817,4.5102,-4.4819,-3.5125,0.8886,-9.2566,-8.1183,-2.5571,6.9359,6.5208,-4.2571,9.9631,8.1466,-3.5403,4.6272,0.2795,-3.5416,-9.152,-1.6243,-7.7893,-8.282,1.7948,-0.1948,-2.6723,2.0897,2.526,-5.861,0.9022,-5.072,-9.0972,3.1073,-5.7751,-4.9105,-9.2323,-8.9035,5.7174,-6.7407,5.5214,0.6871,-4.9415,1.9173,-3.3549,-0.789,5.7699,9.5243,-5.5475,8.6642,0.7857,-3.2547,7.8825,5.5211,0.0815,6.5687,-9.3631,3.9117,-5.1912,3.1489,4.2194,-6.9128,-2.7623,-2.3315,-0.5957,-1.4108,-1.6836,3.0348,-9.3815,8.3945,-3.5112,-0.3739,-0.1926,-3.2967,-1.0193,6.7416,2.992,-9.1303,-3.606,4.6309,-5.985,5.6511,-5.5755,-8.5923,-5.9196,8.1452,-0.0233,8.2599,2.8586,3.6124,-0.2182,6.9127,-1.2722,-4.7948,6.5822,5.6638,-5.2503,9.3718,-1.1583,-3.3681,-8.0565,-7.682,9.6868,9.9107,-6.8268,9.3629,-2.2802,-9.4053,-8.747,4.1643,-4.7295,6.6446,0.1,-5.3824,-4.9388,3.7269,-4.6755,-9.6329,-5.8522,8.3705,1.1618,9.5881,0.8388,4.4625,2.2173,5.4089,-3.8013,-7.1132,-3.5948,-4.7617,8.2032,-7.8056,2.073,6.922,9.1184,9.7899,-7.6739,9.1428,0.3678,8.9946,6.0121,2.8133,-6.5448,-5.0548,-4.8622,-0.6306,2.7258,6.1033,-5.9853,7.3634,7.5166,3.615,1.3051,-9.0392,-3.7484,-9.5701,-3.5548,-6.991,-2.2487,3.0422,-4.3189,-3.1998,-4.8783,1.9204,-5.6595,5.7502,3.7265,-5.997,-5.2256,-9.4421,9.7016,-5.1338,3.0156,-8.1599,4.3877,0.8887,-4.1145,2.5142,8.5279,-5.5244,-8.9127,1.8604,1.3833,-4.084,0.3623,4.741,-0.148,0.0041,-0.9212,-8.7697,-4.4236
6.6783,-7.314,-3.7324,4.3906,-3.7788,-7.7279,-8.3052,0.128,-3.9131,7.8537,-4.9417,8.8571,-1.9949,5.5662,5.8565,-6.8271,-6.2855,-8.4675,-8.3763,-8.4142,-4.5104,1.0091,-5.2232,-8.258,-1.456,4.8347,7.8906,-2.3663,-5.5214,-2.6757,-8.005,-5.134,8.6342,-6.5448,-4.0568,7.1203,6.3649,8.0899,9.3822,5.0018,-7.8775,-6.5938,-7.5825,-7.0028,-9.3375,4.1724,-9.2684,-0.7788,-1.2851,-8.2671,-9.251,3.9324,6.8751,-2.4162,-4.4933,-3.8948,-3.9548,-9.6451,-1.4418,3.9874,9.8149,-5.8785,-7.2833,0.7936,-3.6641,2.0519,-8.2592,2.9861,0.8376,8.9606,-0.5792,-7.1332,6.897,-8.6328,3.8114,-3.7659,-4.9281,3.9272,1.9453,-1.0667,4.0225,6.5238,0.4696,-5.1547,-9.9325,4.8008,-0.5338,-0.4804,-7.321,2.0799,0.407,-6.7374,1.4114,-1.689,-5.3376,8.0666,4.0234,-7.1257,-1.9966,2.8025,4.5509,5.9491,-5.7678,1.7726,-2.7393,-0.6277,8.8253,-8.0235,-6.701,-4.4756,-3.5185,-9.1217,6.2276,-7.0121,1.8925,6.7985,-6.2379,-9.4883,-8.6081,-5.6333,8.8891,-9.6642,1.7781,4.7712,-7.9112,5.3246,4.8858,5.3068,-6.6393,-3.3507,-2.7498,-8.2454,8.6149,6.8501,-6.1431,-1.0684,-7.6849,-9.5117,-8.0263,2.8058,-2.6326,-1.2361,-7.4796,-1.3344,4.0229,3.7438,2.2987,5.9674,-8.5587,-9.6326,-8.6179,4.3867,-9.6276,-1.5889,-6.4773,1.8276,-2.0817,1.1741,-7.8223,5.5524,5.3404,-7.982,2.713,4.1658,4.6454,3.0203,1.7781,4.0597,3.3067,3.2161,9.7569,-3.8695,7.012,3.4714,9.783,-0.3453,-1.5814,3.4835,7.0374,3.3817,2.2406,-0.4294,-5.2974,1.8347,9.0839,7.4707,3.0893,-5.264,8.3375,4.8667,-2.6467,-2.5971,2.1979,4.5332,-3.6372,-8.3149,2.0772,3.0202,-8.5394,-9.6383
2.2509,-4.5073,-0.7249,-0.513,5.3084,8.0329,0.1994,-2.0979,-6.4127,-1.9371,9.5691,-3.2633,3.2395,9.9239,5.7523,-8.8484,-8.6946,6.0518,0.25,-7.6103,-5.0188,-4.4411,-3.3537,-1.5721,-0.3751,-0.9481,-8.657,1.2451,-8.2805,6.8388,-7.5319,-4.6877,5.5697,-0.7214,-9.3963,2.0337,-5.3611,5.804,5.2496,5.3272,0.1095,4.742,-1.5424,-9.4063,-4.5097,-1.4966,8.2404,-4.2761,-7.0461,-9.7749,4.0251,-8.6907,-9.0216,9.8639,-2.5736,2.2478,-9.615,-1.4561,-4.7798,-5.8704,-5.9902,7.1569,-2.2291,6.0258,3.7392,0.4871,-2.6316,-7.9689,-5.4832,6.4652,-8.9411,-9.667,-0.4045,3.6702,0.6938,1.2797,-8.3362,0.9617,8.4565,6.4233,-9.0059,-9.0373,4.5999,1.6529,-1.208,1.6461,8.6807,-2.6765,7.3272,6.1707,-6.4214,5.5431,6.9477,8.4444,-6.3165,-9.1596,-5.2415,3.1003,6.9441,-1.7515,6.025,-5.78,1.4541,8.6876,9.6274,3.3446,-3.0723,-9.4027,7.2467,-0.5355,5.4046,-7.6342,1.5995,5.4446,-2.2728,-3.3854,6.1262,-8.5672,-3.1707,-0.7339,2.1874,8.8761,-4.8395,9.3582,5.2717,1.0355,3.4643,-1.3362,5.2016,1.0731,-2.2845,1.1545,2.0567,-3.6448,8.1389,-0.0164,-0.4136,-0.9981,6.1956,6.144,-5.3668,-0.9629,-7.4552,-2.644,-7.8367,-9.329,0.6874,-9.3119,-1.1427,8.2418,-0.0654,-9.0242,2.5756,-6.5259,5.89,-6.7577,-7.7511,-2.495,-2.6534,4.6697,-9.8121,9.7783,-1.7209,-2.2532,7.4808,3.1331,-4.1427,-0.6385,-4.4241,-2.8418,-7.4862,6.6297,7.1705,3.4951,6.8669,5.4717,5.9668,-2.6428,6.9637,2.6921,-6.9838,-1.7215,-3.4317,-6.8794,7.2556,5.5342,8.9867,0.791,-3.8405,-3.0743,4.2149,2.5426,4.6598,5.2461,8.1226,-5.1009,-1.3623,-3.5423,-5.9213,-7.3687
-2.46,1.0806,9.5813,-7.7702,-0.1446,-4.479,-0.1472,-8.4245,3.8058,-0.6505,-4.3249,-1.168,9.1716,4.9494,0.5514,6.0816,1.3803,-5.3936,-3.7899,-5.9747,-0.8164,2.6619,3.7728,-0.1393,1.2303,-7.0622,-9.1118,-3.9461,-2.1582,-7.9855,1.569,7.4954,-2.7733,-1.0862,-4.159,-8.6194,6.7355,1.1055,5.5864,-1.5532,8.9765,-2.8145,5.7809,7.429,7.8409,-4.9854,4.5336,3.3333,-2.0887,-0.2569,-1.9264,-9.4312,-6.6907,3.6653,-9.4706,-6.2854,5.0008,8.0008,-4.9224,2.7365,4.2749,3.1934,3.6889,-0.964,-0.7855,9.3806,-9.81,-0.0309,7.1875,-3.6708,7.2232,4.4031,-1.8637,-6.6589,1.9966,-8.133,-2.6821,-2.5179,7.1363,-8.5604,-1.9666,-3.8539,-0.8848,-2.9288,0.2975,-6.8787,9.6665,-7.1553,5.466,9.0487,2.6584,0.2908,-4.0881,0.6075,-3.5162,-5.9197,-3.0272,1.3172,-6.0556,-8.91,2.4059,-6.1218,-1.2104,-0.0111,-5.5983,6.1907,7.5108,-8.1501,4.5896,7.6206,2.4267,6.7204,-5.2374,6.6127,-3.6229,4.5276,3.339,8.5546,-0.2965,-0.1115,3.8761,-6.1918,-7.0985,-4.3495,3.0132,-7.2496,-2.0581,2.6192,8.8365,6.703,5.6405,7.3279,2.2916,-5.0046,8.104,1.9768,8.4321,1.5593,0.1954,3.4267,5.1766,-4.6311,-8.9847,9.3183,8.2917,0.4939,0.0567,-2.4746,6.3729,9.0424,7.5361,5.4073,-4.1673,5.1986,0.654,4.561,5.7025,-1.8989,-4.5998,4.2776,1.4625,-3.322,-2.1026,8.2032,6.4907,5.8113,0.8107,-0.0591,7.8084,0.2389,-6.1194,3.4708,-5.182,2.2334,-7.2825,6.888,9.0472,1.2846,-1.6556,-0.2088,-0.2589,-8.3804,-6.1781,8.7658,-4.5159,-2.1205,2.3128,-1.4902,-9.6517,4.8191,9.5686,7.8692,-2.4327,7.9619,2.6355,8.9384,7.2426,-0.6505,6.7476,-2.842
-2.7892,0.9657,9.9351,-5.5826,9.0389,-4.43,-8.9124,9.3048,4.04,-9.8572,-5.3571,-6.5409,-5.0661,0.6064,-0.2894,6.5033,-8.8345,8.0692,1.3123,-9.9523,0.5566,-8.4932,9.3398,5.1246,-2.0665,6.3624,6.2301,2.4329,5.3664,6.2489,-5.4136,0.6182,4.0421,1.5919,2.3802,-1.6876,7.0171,1.2201,7.5203,-2.4278,7.2403,-2.5853,6.9936,9.6107,-3.9846,-8.381,7.0583,2.5635,-2.8723,8.685,3.5139,-2.1584,-2.2613,-9.3138,9.2687,-3.7876,-6.0763,5.9854,5.7015,-0.1003,4.007,7.9298,-2.8638,8.1793,-2.281,-2.9579,1.0795,3.546,-7.4079,-7.0856,-0.7513,-5.5689,6.3595,3.4147,0.8144,3.2584,-8.021,-6.2702,0.4306,-3.1354,-4.5177,1.4061,8.4655,7.7882,-3.0317,-7.8692,-0.2801,0.9257,9.3344,-0.7728,-9.6092,-3.131,9.3804,7.4794,8.305,-7.9724,-9.2038,5.4832,0.4057,0.0882,-9.1997,2.6982,-5.1263,-7.8411,-3.9959,-1.1075,3.4476,1.9676,-8.8336,7.709,-8.7609,-8.8495,-2.2633,4.7204,-9.0225,-1.026,4.1281,1.5173,-2.4171,4.8377,4.3023,8.0072,9.3292,-3.5501,-4.2683,8.9993,5.3067,9.8077,7.3425,-1.4654,-4.0373,6.9014,3.9809,2.0908,-0.7958,8.1132,0.1341,9.037,0.5347,4.2953,-9.7038,0.9822,-1.6094,-2.8412,3.4627,1.003,8.8499,-8.4743,-7.4879,-6.1515,-2.5788,-7.1295,-7.8727,-5.845,-8.9783,-1.5293,9.0454,0.415,-8.2772,-9.35,2.0292,-7.6279,-4.774,8.032,-3.394,1.8248,-4.5795,-0.9547,-8.2619,8.8548,-3.7791,-9.6161,-9.4373,-4.4897,-9.915,8.0385,7.7958,-3.3634,-1.3792,-9.5521,-9.9192,-5.4144,4.8183,-6.217,3.3503,-9.6108,9.136,-9.3353,-8.7208,3.648,-8.9131,8.9708,3.3042,7.3795,4.7092,2.4591,-7.0151,0.3902,-8.1634,4.1773
1.0434,-8.8227,-9.5084,-4.2673,-4.7973,-5.2818,-0.0338,-3.878,-7.9711,2.2346,-4.2869,7.486,-7.8229,-7.083,-0.7683,4.569,6.9011,-2.5397,8.2481,6.2376,-6.0584,2.8321,2.86,-2.044,3.0375,9.719,1.9182,-4.3133,-8.1604,3.2543,5.4511,2.3066,4.9182,-0.2964,1.0279,0.4863,7.2536,7.8658,8.3183,-9.2457,-0.0578,-3.5865,9.391,9.322,7.6523,-1.8075,-1.9909,-9.3126,-5.8566,-8.3456,-6.4973,6.3014,-2.6334,2.2629,-8.5826,-6.617,7.6509,-1.4087,5.948,8.501,-5.4881,7.0,-4.8669,-5.9624,3.5715,-0.4964,-7.8294,4.0325,-9.4642,-6.1772,-9.0485,-8.0951,-5.8371,-1.7025,2.0586,-2.8045,5.158,5.6618,3.6467,8.694,9.3075,-3.581,4.3678,7.968,-4.4588,4.8406,-0.4597,9.7047,-6.4515,2.9568,-4.4068,-7.5265,1.5878,6.648,-5.0174,-4.1518,-8.7818,-3.7226,8.3354,-8.9877,-0.4775,1.1084,-7.7307,-2.0805,2.6322,3.3549,-2.264,-8.0578,-3.9961,-6.7606,-9.3055,-5.3942,-6.7383,4.5551,-2.0543,1.2117,-6.5593,9.0404,3.3755,-3.4761,3.5819,4.3382,-2.7604,8.6248,5.251,-2.6415,-4.9083,9.8802,4.7602,-9.5435,-2.6053,3.4481,-1.1079,9.175,-5.4756,-1.2197,-3.4158,5.8502,0.8853,-0.9844,-2.0423,-9.5808,8.4743,3.6501,-0.0134,-6.6039,2.2597,-6.6508,3.9154,-4.9297,8.3488,5.5956,-2.3767,-8.3719,8.0961,1.8042,-5.9403,2.1117,-8.2162,3.3729,6.281,-1.8337,-7.9123,6.3025,-3.1707,-0.6373,2.7578,-1.8651,-8.0607,-3.3376,-9.8136,-3.9274,0.7343,8.0758,-5.0738,-2.2133,-3.0945,-4.5443,3.6072,8.5152,-2.1106,4.0697,2.6745,-1.5894,9.5599,1.2182,-6.5757,4.5066,0.125,-5.7989,-1.5289,0.5456,-3.8226,-1.6438,-0.6242,4.027,7.6326,-0.3322,-8.6037,-7.0387
7.6637,0.5683,-2.9522,5.0945,-1.452,-9.9506,-2.7516,-7.982,6.4657,8.1482,5.1573,-8.2501,4.3889,4.4698,9.3692,-7.1108,-8.9186,8.3937,-6.4605,-2.552,-1.2233,-8.4268,-1.6561,0.057,9.0472,-2.0323,1.0808,4.7247,-4.8234,-3.7214,7.7201,4.8366,8.5072,-1.7985,1.3984,8.5596,-6.8364,-5.6277,-3.3819,5.5859,-3.6402,-5.1666,9.8536,-1.0608,-5.9953,1.1784,2.9465,-9.4498,1.9693,6.1211,4.9448,-9.5584,9.4724,9.6346,6.9762,1.0636,0.5917,4.37,4.3547,1.0272,-4.4287,-5.2636,-4.1625,-6.4153,3.7654,4.2365,-5.1284,-8.1977,5.5667,9.164,-6.7931,7.7811,0.1736,-4.7552,0.8376,-3.8514,-3.5587,-8.154,9.8572,8.7155,4.3919,2.3538,-1.8143,-5.8762,4.9367,-1.7412,-9.7552,8.6362,-8.804,-3.3027,-5.0506,9.4303,0.154,5.3053,-9.7305,6.6665,-8.3601,9.7126,5.4679,2.0246,-3.9148,-7.3189,8.9232,3.9346,9.2844,-1.0074,-0.9156,0.8007,7.0502,-1.1328,-7.2062,-3.6123,-5.2047,7.4289,5.6919,-9.241,-1.2925,4.7708,-8.5554,1.7884,-7.6015,-9.2767,-6.1768,0.8751,9.3558,1.8527,-5.7443,-9.2168,9.8721,-5.1088,-4.6232,-2.2903,6.9019,0.503,-9.1666,1.214,-0.4189,0.5523,6.9287,5.6692,-9.4284,-5.0933,-6.6786,-7.9855,-5.6944,-1.2074,-2.2887,2.1448,5.9025,8.0578,6.8253,7.2601,3.8199,-8.8286,-3.0929,7.803,-8.7246,7.9858,6.6426,8.6677,5.1507,-1.2952,6.1132,-1.7958,5.3873,8.9308,5.9449,4.1829,1.3849,-2.6364,2.2571,1.9722,8.132,0.0803,4.0445,3.9986,-0.83,7.6694,4.8753,5.1395,9.7636,-1.4543,-8.4152,9.2176,-8.3851,4.3605,-7.5719,6.1016,1.3165,-4.067,-0.1151,7.7561,-6.832,-9.2119,0.0901,-6.6527,0.4399,9.9904,6.7715,-1.8078
9.8114,-1.1146,-4.5845,-5.4401,2.9242,3.7513,4.4553,7.4631,-0.1104,-7.7845,-9.2681,5.0832,-1.8306,6.0425,7.0695,9.5,4.1465,-1.7827,4.0226,3.8012,-3.9057,9.047,-5.9376,0.2507,-4.2809,-6.3202,5.8881,-5.9163,1.792,-1.8939,-2.5105,7.712,2.3912,-8.1808,3.1357,4.3972,5.7998,8.9908,4.8783,-1.9409,3.6928,-3.508,-3.5474,-9.2728,4.6164,-4.556,8.1674,-1.7142,9.4745,8.9712,4.1918,-8.9252,5.2464,-0.1085,-0.0895,-1.1004,4.8179,9.2278,6.582,6.9685,3.4914,0.3442,0.7285,7.2339,-8.2036,-2.2605,-2.4906,-5.0358,4.9374,-0.7305,9.2604,-9.2018,-6.4648,-1.5726,-0.0109,-7.094,-4.9074,2.4539,9.4144,-7.986,1.7716,-9.1728,-7.6249,-2.8375,2.7262,9.2872,-8.1659,-4.4298,2.916,-3.1088,8.7661,2.1011,-8.747,3.4476,3.2663,-7.5589,8.336,9.6739,-9.7785,2.3953,2.002,3.8471,-7.5594,9.4088,9.0517,4.5291,1.7515,9.4805,-1.4523,-9.6217,-6.8278,7.5192,-2.0207,9.4585,7.5928,-2.8235,-3.8343,-7.4651,-7.0916,2.4869,-3.1728,-6.2405,6.9882,4.0596,1.7714,-8.3739,-2.8218,6.1298,3.7647,-6.5765,3.9171,-5.449,-1.5786,-4.9073,8.6257,5.7498,-5.2408,7.327,-6.0963,-1.2458,6.3842,6.6529,-1.357,-6.203,-1.7277,-3.8004,-9.3569,-7.7984,-3.6085,9.0371,8.4764,-5.8359,8.5283,7.2772,2.2464,-9.3282,-6.8332,4.8993,4.5596,-9.2095,-5.354,-1.8219,7.2263,-1.9101,-4.3699,3.4568,-5.9419,7.4361,0.2045,-0.8931,3.8785,-9.9379,-1.1703,3.4407,4.5068,9.5318,-0.8751,-6.6295,-0.2855,-3.299,5.9287,-2.8891,-8.6128,-8.1334,-0.7942,-7.3708,-5.291,1.2558,4.5438,9.6912,-1.1375,-7.7438,-9.4477,-9.6028,6.3857,-8.3627,-3.0127,-7.8159,-4.5602,-2.5142
-7.611,-1.5018,-9.7388,-7.0953,-0.5833,6.3569,-9.4969,-7.9364,6.3572,-7.6461,-2.2554,-8.4803,-4.5206,0.5625,8.8512,1.5678,-1.9809,0.9272,2.2919,-0.576,-1.3289,-6.488,9.9977,-7.5675,6.5349,-3.3823,9.0955,8.0949,-9.266,-0.3289,-1.4815,4.9421,6.5524,-0.3994,2.1973,7.5732,9.3346,-7.1922,0.4524,-0.8195,-6.0632,-1.704,4.1931,1.3298,-9.7646,9.4754,-1.6215,0.332,4.2604,5.6782,4.5568,0.2435,5.0792,0.8617,-7.483,-0.285,9.2102,2.1414,-0.7271,2.4902,-4.9252,5.2646,3.9151,3.8809,-7.2478,7.5826,6.7263,-3.4602,9.5389,-0.3482,9.0864,-5.4003,-5.9822,0.0597,9.707,-4.7892,9.7586,7.6079,8.4223,1.4945,8.9111,-6.8099,-9.2088,-6.4145,-0.8375,0.4475,-7.9823,-8.8596,5.8563,-1.6208,3.9809,7.498,3.541,-2.6314,-9.418,0.4244,6.8944,8.511,-4.1395,2.0294,-4.549,-6.2167,5.49,-4.5695,7.9462,7.312,-1.258,-2.7768,-1.2971,-2.0257,5.6244,-6.2946,-3.3769,-9.2684,-4.594,-1.3766,4.8061,1.8612,-2.2803,6.1882,-7.5952,-3.7475,4.1306,-0.4612,1.9085,-1.678,-4.9995,-0.192,7.2088,-1.2033,-6.1489,5.0242,-3.1825,8.9446,-4.5289,-8.7695,-7.2418,-1.8078,2.1783,0.5785,-3.9482,-9.8231,-2.4801,0.7061,1.8767,-7.1721,-6.6198,-5.0013,0.5347,-1.5634,5.6762,6.9164,-8.3679,8.3431,-9.0242,1.7502,9.1801,-5.3691,-3.4551,-3.5459,9.4957,1.587,-7.3722,6.5395,4.8437,1.3676,-3.5845,-1.5428,4.3088,3.7101,1.3298,1.7759,6.7625,3.7358,-8.7532,-6.0274,8.4964,-3.7841,1.6155,8.5654,9.0282,6.0956,-4.7717,7.1492,3.5736,2.5784,-9.1998,-5.1409,7.318,5.6507,0.3621,-1.4254,5.7228,-6.6137,-0.6585,-7.8874,-6.7189,5.8399,1.8342,2.1161
-9.8042,4.9369,-6.693,6.6979,6.6698,-3.5878,-7.4102,-8.8098,2.2733,-5.9899,5.5901,-1.4064,-1.5644,1.3107,7.5387,3.2094,-5.1178,-1.2446,9.3228,-7.7987,-4.798,3.9797,2.7736,4.2214,-1.5527,-1.385,-6.2079,-0.1472,-5.622,2.8408,-1.8559,6.1552,-8.6215,-8.0516,-2.3702,5.9791,2.5429,9.6413,-7.3032,-2.7264,6.3313,1.8269,9.7976,-7.1327,4.2583,2.1052,-9.321,-6.3465,-7.446,9.1391,3.6314,-7.8106,-5.0802,2.2356,-2.7205,-6.6388,7.9021,-7.7175,-2.747,-7.866,5.5154,-9.2153,1.3408,6.7951,1.6192,-9.4276,0.4812,6.8859,-0.4706,-8.8836,-3.0545,-2.0088,-1.255,3.4089,7.4323,3.8204,0.8748,0.8107,-4.4256,5.171,6.5965,-1.6668,-3.0464,-3.7094,-1.0352,-8.8208,9.3679,0.5596,1.4111,-9.4613,-1.4794,9.2152,-9.5298,6.9519,-9.4273,0.8358,9.9659,0.1673,5.8335,0.6489,-9.5335,-7.4405,-9.9315,3.3523,-6.3216,7.8369,-7.8114,-9.119,4.2667,3.9746,6.7209,1.7245,8.2066,4.0878,-9.8272,-3.0608,-5.4601,0.5889,1.2312,2.8716,-0.4706,6.6599,-1.4481,-4.472,-5.4773,9.7711,-0.5563,-0.708,1.8493,-2.6214,2.9012,-2.3998,-0.3695,-0.9463,0.6399,-5.4047,-5.7724,5.8415,-7.8335,7.6845,-5.6475,4.6323,6.8729,4.115,1.2,3.1316,2.3348,3.8458,9.4231,-8.1547,4.2583,-4.0005,-4.3395,-2.9547,-5.3968,-6.0947,0.4842,-6.0058,-6.8348,2.8793,-7.9314,-9.021,-9.1906,-2.1158,7.501,1.3989,5.4019,-8.9007,-3.7233,-5.6825,-8.7126,-7.741,8.2425,0.2655,-2.1665,-4.2093,3.0161,-8.2456,8.4175,-9.1997,7.65,6.6969,-3.582,9.8032,2.8488,-9.8834,-5.5773,4.8876,3.2466,-0.9672,8.7945,-4.6799,-6.0034,-2.9314,3.9821,0.7296,-0.3119,-6.6592,-5.9426,9.6477
7.7839,9.6769,-6.3331,-5.2567,-4.9659,-2.9502,3.1472,-5.0944,2.8896,-8.1672,8.8393,5.3438,8.0054,5.268,-4.44,-7.5284,0.5753,5.6595,2.9726,-6.8518,2.2847,-1.3833,-3.9686,7.3091,-1.341,-1.9653,2.1843,-4.9792,5.431,-3.9545,2.9289,-5.1353,-8.8247,-3.4257,9.2318,0.6081,9.8426,1.06,1.2443,-8.7881,-3.2806,1.2153,1.395,3.6568,7.6333,1.9701,-2.7,4.2435,-2.6081,2.3916,3.2205,-8.5634,5.7274,0.9695,-9.3705,0.0638,-7.9683,5.1596,-9.6444,6.1149,-7.5874,6.507,9.4247,-8.8679,-6.5629,-8.8602,8.4674,-9.1042,3.5244,-8.3363,-9.8429,-7.6143,-3.9253,-5.7022,-5.9699,-4.0333,-4.0148,4.8412,0.2809,-9.4926,5.365,5.1436,-7.3083,-2.1547,7.8113,-5.8028,-2.5744,4.1322,-4.1458,-2.1165,1.1981,4.3372,1.4492,3.2396,8.011,4.4872,-3.1605,-4.1613,-9.2858,-9.7366,7.3054,-2.6325,-8.1513,-4.034,5.2885,5.2641,0.0553,-5.7085,4.6264,-7.1856,-8.9771,-1.9993,-1.1605,7.4035,-1.9676,1.2053,-0.7623,9.6369,2.0728,3.1526,6.267,-3.5676,-3.6255,-5.1153,-3.2028,-3.1209,-6.176,-1.7696,0.7776,3.5318,1.424,0.0213,-3.9406,-7.2615,0.0877,-4.3406,-0.7563,9.0131,-9.9925,-2.6171,-4.8839,-0.3231,-0.611,-1.4168,-3.0112,3.2541,7.1358,5.7048,0.8608,-0.6198,-2.7985,-4.8231,7.3945,-1.5257,-9.1501,9.8802,7.7476,7.8547,-3.6062,-8.4279,8.2125,-3.8022,-1.8727,-5.6839,4.644,5.6521,-8.9654,2.5675,4.9341,8.8004,4.5766,-4.1153,-6.7409,6.2573,-8.2945,-0.4503,-2.3163,-0.3725,9.6334,8.7558,9.5446,-6.3385,8.9539,-4.5784,-8.0016,-9.8926,-2.0435,6.3468,-5.2092,-6.9371,-6.4043,0.8378,6.8029,-8.4493,9.8214,0.569,-4.2092,-0.2838,-6.5199,8.3469
6.826,7.1641,2.3856,-7.6116,5.1543,6.957,5.2926,0.6815,-5.4923,-7.7196,6.9564,0.4378,-5.5438,6.6356,-7.2332,5.0923,2.9282,-0.6828,-7.525,2.1893,7.4359,-9.5535,5.3838,6.0194,-0.0785,-3.916,6.9107,-4.0867,8.6862,-7.4921,-0.5679,-9.6873,-3.9391,-6.5828,-3.1089,1.1605,3.1984,-5.0181,7.7249,2.7765,2.6595,-3.5164,3.189,-6.8156,5.1038,8.3276,-1.0446,-4.9352,2.3701,-7.9729,4.0771,-6.4229,-5.3788,4.2003,-3.6911,-9.1915,3.4387,8.0731,2.4498,-9.7989,8.9665,0.1892,-2.2689,-2.3437,-1.9039,-8.6764,3.2134,-0.3802,-9.4507,-4.5308,-1.0212,2.6356,5.2954,7.3987,-1.9325,-9.3967,6.49,-1.869,0.3988,-5.105,1.2077,3.2555,0.1181,9.0177,8.6718,8.3892,4.312,2.4508,2.6652,-0.5097,1.3465,3.009,8.0035,7.4638,-6.7022,0.7491,4.7967,-5.2913,-7.6612,6.2354,-8.6434,6.2366,-1.891,0.3475,8.7629,-2.5424,7.8383,-1.8065,-6.5138,5.9203,6.2723,-0.6858,-4.8441,-1.2278,-2.5541,-5.8995,6.8112,8.8967,-6.4124,6.7302,2.3033,-8.9014,-7.1636,-1.6478,0.7787,1.8988,1.5171,8.3545,-2.3887,9.3605,3.5008,-3.2979,-0.3682,-8.0889,8.4177,-8.4586,-8.201,-6.4598,-9.9059,3.1982,-5.1083,6.0527,3.5165,-1.9579,5.5041,-0.8722,6.9619,9.0141,-5.6106,-8.8476,-6.7048,1.3046,-0.823,-2.8725,2.4302,3.0659,-3.3592,0.2697,3.2896,-8.4632,-0.479,-9.0952,4.9671,4.7318,-8.4709,-4.7963,-3.5245,4.5263,-6.1488,-4.4523,-0.7265,9.978,0.4503,0.0653,5.2149,-8.539,1.152,-8.0932,2.9521,-9.8113,-9.6616,-9.0991,9.7902,1.1078,-0.8877,-2.112,-8.9224,2.3679,2.2007,5.1151,8.5083,5.8631,9.2222,-7.0395,-1.8903,-2.3855,-5.2639,1.0382,7.5985,7.405
-8.0392,0.1608,3.7868,9.8451,1.1648,-0.3298,5.9739,8.3553,5.4833,-8.4956,-9.83,-8.4628,1.3487,1.669,-8.8146,-1.4698,6.422,6.2366,9.3423,1.3766,-3.5477,-6.4776,-2.7584,-1.5829,9.351,1.4616,0.9362,-4.2932,-1.9273,-2.1524,2.4858,-0.8939,-7.2019,-3.391,-3.1721,-4.7746,-9.388,8.3081,-5.2018,-2.6986,7.0826,2.0372,-1.64,6.6402,-3.8975,-6.712,4.7907,0.6029,4.1516,7.295,-7.6299,2.2653,0.205,-6.8825,2.493,-9.9892,9.9665,3.0716,-9.5134,5.494,7.5783,-3.413,4.5041,8.221,6.411,-9.3488,-4.0988,-2.1122,-4.974,8.2131,-9.6762,-6.1202,-8.0861,-8.348,5.6974,2.4181,-1.8764,-4.9485,-6.3741,9.1679,-2.7642,-2.7797,-8.5591,-3.1785,0.8165,-2.8703,8.2587,-8.9756,3.6988,-9.9437,0.7562,6.1719,5.4713,-4.9268,7.8774,4.1256,2.1491,-6.1709,-3.9052,-5.6469,-2.9726,6.0999,-7.3072,3.4782,-7.9052,-2.4107,-9.405,-8.7763,0.8266,-1.3024,4.929,-8.4956,8.6407,1.7409,-0.3383,8.9394,-0.4818,3.8459,2.0744,4.1976,9.2337,-2.8473,-1.4421,-4.528,-0.8838,-7.1282,7.374,0.2282,3.2188,9.8932,6.0586,0.9078,2.1873,2.1635,-4.6311,6.4133,6.1884,-1.799,-7.7056,-1.0305,1.4343,9.6418,6.7371,7.3402,-1.9662,9.0948,-8.294,-8.0295,3.093,-7.0469,0.032,-6.8492,2.1454,9.4675,8.2273,6.0827,2.1503,3.5163,9.8475,-5.7626,5.9026,-3.8912,-3.7564,-3.0629,-5.7567,-5.7552,-3.5163,7.5643,7.5987,-5.0581,6.5262,7.8607,-1.5605,-1.9089,9.1392,5.6366,-5.7445,6.693,-3.6834,1.8445,-0.3703,3.7467,-0.1876,1.1863,-2.4036,-4.9628,-0.9585,-8.2365,-0.2209,9.7235,3.4506,7.4425,-5.8501,0.0431,9.6372,-6.3426,-5.0335,9.1801,-2.3716,8.8598
2.1424,1.3236,-8.6381,4.4658,-6.2847,-2.7353,1.1437,-8.7912,7.1819,2.6057,-2.958,7.8176,8.3404,7.0979,-8.3687,-9.8811,-9.7197,3.8694,5.315,0.2356,9.5151,3.2127,-3.651,-1.6544,4.7988,-5.6308,2.1059,5.8463,-7.5272,-7.1306,-8.3517,4.0274,-6.088,-2.4202,3.5048,5.3471,-1.7538,-3.8223,0.2415,-0.4025,-7.3446,5.9242,-5.2107,-8.1246,-5.0623,-7.6186,2.9669,8.1119,7.0134,-3.9532,-2.7792,-3.3177,6.3965,-8.9248,-3.0827,-7.6579,-0.3278,5.4139,-0.2704,-3.0943,3.3889,8.8576,6.8437,8.3502,6.3089,-6.8668,-4.6293,-4.0291,-2.0038,-0.0837,8.1663,-2.2509,-4.8993,-9.3737,-2.6104,3.2414,-5.1595,5.2473,3.6081,-8.6742,-5.2739,-9.8486,7.2901,-3.2342,-1.3334,-6.084,9.0839,6.4691,-3.8527,-2.0316,-4.6441,-4.2077,2.1394,-8.206,-4.3629,3.3196,5.7935,-6.0376,-3.5398,-6.4197,-6.0835,2.3983,-8.8078,-1.3938,1.8756,6.9551,-6.6624,-1.4631,0.8425,-0.2042,-0.822,-5.6678,8.8688,-8.0665,-4.0985,-8.7438,7.2962,-5.0262,3.1423,5.1992,-7.4923,9.5057,-3.4028,8.5405,-5.5546,-8.012,9.3342,-8.8892,8.7201,6.8371,-4.3336,-9.8294,9.8409,1.8136,8.9635,-5.1883,3.4395,6.8744,6.4133,-8.5091,0.8163,-6.8305,5.0112,1.2069,5.458,-3.2665,-9.3853,-9.9315,-8.2308,5.8442,0.8268,2.2847,-8.9982,4.7019,2.4354,3.7542,7.4232,2.014,9.1941,5.3508,-8.3795,-1.5309,-6.5718,0.4792,7.7322,3.9802,2.5045,-2.2044,-7.6759,6.0973,-7.1389,7.5804,3.5792,7.1301,-9.5848,5.4782,6.2882,-5.7298,9.737,-7.2811,-9.9932,-0.4804,-9.7458,-3.9838,-0.2871,-7.825,4.1028,-3.8723,8.0369,0.8368,-6.8409,9.3072,8.01,1.2332,7.3882,4.2868,-2.9128,-0.9021,7.95,-7.933
2.1275,2.9341,-9.0601,2.2532,7.3406,4.1831,-5.7579,4.1403,0.9958,8.6137,-2.837,4.0476,-8.2286,6.5445,2.5078,7.8792,-3.452,-5.414,-0.5543,-4.2966,-2.6993,7.6637,-3.9126,8.1313,5.6868,-4.4216,5.3668,-8.1951,3.9084,-6.6067,1.5455,-1.4301,5.5426,-3.1375,7.6197,-0.2612,-5.2184,-4.1737,3.6218,-8.818,3.5274,4.8094,-8.2485,-8.7891,8.2675,-1.321,-6.2854,5.8578,-8.1561,-3.3529,-3.8604,-0.9394,-1.8776,6.511,-1.2475,-0.2882,-0.7306,7.144,4.0307,-0.4916,5.7395,1.2853,4.4262,3.1253,-2.1118,7.2401,-0.1388,-1.7024,-8.9083,1.476,5.1226,9.0636,-0.4195,0.8696,0.643,-3.0597,0.597,-2.3861,5.0909,7.3106,0.1548,7.14,-0.2406,-9.0006,-0.4091,-0.8866,2.2032,7.3226,-6.7905,-1.7515,-7.1735,9.2817,3.1841,9.5654,7.344,1.7881,-4.577,-1.6436,5.456,8.8582,0.9883,2.4057,-3.5863,4.5118,-4.9242,9.9173,-2.986,9.8902,-6.6258,-2.5066,0.669,-5.4536,1.7467,0.2811,-2.868,-5.3698,-9.6908,-5.2683,5.6819,-9.7787,-9.2013,-7.4438,-6.1898,-0.446,-7.7675,2.0448,8.4888,1.3867,-2.3832,-4.452,-7.2939,8.4305,-8.7975,5.2866,-4.2839,2.3519,-1.698,-4.6969,5.0299,-3.2531,3.5206,4.066,3.3556,-4.7379,-6.2018,4.9103,3.0622,-7.6074,3.6495,-2.6536,-2.8194,3.9299,8.7285,-5.1144,3.8172,8.77,4.8151,-2.918,5.2616,4.3098,-7.0399,-7.602,0.6769,5.3667,-4.5024,7.3364,-8.9387,-3.7412,-7.9396,3.9879,1.2371,-0.0639,-8.7417,1.3762,7.8127,-6.7121,8.4371,-8.0461,6.2199,2.9717,-3.5923,6.855,-9.5651,4.5185,7.7499,-5.1303,6.084,-1.7413,-4.8172,7.4401,-4.0688,9.226,-7.1822,3.0465,-8.8703,-1.2672,-3.4603,-7.2968,-7.054,-6.001
-9.0426,-7.0257,5.1139,-9.6061,-3.688,-6.7268,1.2529,0.5945,-8.6702,5.9978,0.4257,0.0973,2.9321,-3.7429,2.0411,-8.7367,-6.9688,4.8172,-6.5768,6.9686,4.1332,1.4361,-7.9214,-1.3716,7.145,7.1138,-8.3798,-0.1562,-3.8604,-9.0473,-0.7871,-7.5343,-4.3688,-4.4658,-0.1888,0.9638,-2.8489,8.3994,5.9294,1.1029,3.0811,-7.2031,-8.2314,5.8004,-5.0948,9.8898,9.841,-8.0474,-1.9122,1.7307,-7.0411,7.6071,9.926,-2.6208,-0.636,8.4657,9.8241,6.5255,6.8082,-3.5939,1.0137,2.5231,-1.5611,-8.8423,-8.2114,8.9914,-8.8527,0.4779,7.8365,-7.9474,-3.1178,-5.0036,-5.8449,-9.5171,-7.4435,6.3322,-5.3301,-0.0085,-0.2953,-3.9863,5.9269,8.5309,3.3571,-8.1305,-2.2337,0.0659,-1.3651,-6.2012,0.8504,3.5743,7.9697,-9.7875,-3.9198,7.9412,6.3467,4.3795,-3.6147,8.6928,0.4457,-4.9956,-8.7254,1.7459,-0.4485,8.1315,6.7121,4.837,4.2387,-2.9358,-6.2607,9.6573,3.4399,1.8866,9.5929,3.063,4.2609,0.2365,3.4169,-1.5837,1.7814,1.8059,4.7112,-9.5382,-4.1428,4.6598,3.6211,3.6475,-8.8852,2.5807,5.399,-4.0959,-8.1552,4.8963,0.3291,-3.424,-1.8638,1.0468,-2.3691,1.6466,7.1669,-6.2626,5.2846,7.9852,-0.1622,8.988,-4.6273,-1.7889,4.8719,9.4958,-1.2849,0.7067,9.4604,9.2384,-3.8169,4.5134,9.656,2.4549,6.9132,2.6987,-9.7508,-0.3365,-4.8119,-3.8196,-2.6601,-4.3853,-3.5054,3.3444,-7.6394,0.6726,1.8299,-0.9927,9.8026,6.0278,3.2645,-6.9198,-6.0988,-3.1626,3.089,7.7122,-8.799,0.1006,-7.9915,2.2772,6.7733,7.8153,-5.4921,2.0128,2.838,-7.7582,3.3046,4.201,-3.924,-0.0859,6.6603,-4.8986,9.6885,3.248,1.6877,7.1834,3.7025,-9.091
-6.3223,9.9265,4.4294,-4.0811,-9.147,-6.3432,-6.6882,-7.0481,9.5235,-7.2868,-3.0754,6.0014,6.5328,2.8109,-7.9106,-3.2899,-5.2535,8.4635,4.5064,7.94,7.8517,7.6384,-4.8596,-4.8476,-5.9789,-7.7001,8.4448,4.7689,-3.3173,9.0868,-2.5789,-5.3793,-8.8355,8.2718,-0.522,-7.5713,7.1571,-9.5027,7.2435,-7.5992,2.3895,7.446,8.2624,3.182,-9.227,-7.4529,-5.9883,-2.7138,4.2701,8.784,3.2372,-7.3359,-0.13,-8.0116,7.6347,-5.9205,4.32,6.348,7.4983,-3.2046,6.1134,-2.8376,-1.0672,5.0367,-7.0197,-1.4622,7.2375,7.7491,-8.958,8.5464,9.3336,-3.7207,3.7481,0.9627,-3.2717,-4.3147,7.8556,-9.8486,7.2613,-3.0257,2.4615,1.3731,8.691,6.1362,-5.2734,5.3637,2.2661,-9.2406,-1.679,-4.3971,-3.1219,-9.9974,-8.8379,-2.2297,1.3266,-2.3261,5.5074,2.3413,4.7137,2.9821,-0.8395,-8.8392,-5.164,-8.5002,-1.1168,1.0939,9.4544,-5.3446,4.3792,-9.9868,-5.2676,-8.0544,-7.8072,-6.548,7.8084,2.1308,7.16,9.9342,7.2753,-5.4732,5.7953,-8.9567,1.5035,-6.8357,2.5044,-7.8607,6.6283,-8.1217,3.2842,-3.484,-1.7072,3.1511,-0.1654,6.1585,3.9497,8.0542,-4.9354,2.3707,-4.7997,3.8418,0.6388,2.835,-9.7445,7.109,0.4041,0.7539,6.5732,-3.1793,-2.7547,-3.7384,-8.0001,6.3705,-3.1631,5.8215,2.145,3.5944,-7.158,0.0511,-4.2221,8.7205,-6.3958,-1.016,3.6983,-1.9023,3.0106,-7.1785,3.9434,6.7203,-9.7366,9.6339,-6.6093,0.1572,-8.251,-8.8457,2.6337,1.4592,-6.324,-0.8221,3.5207,6.9076,-3.3106,-3.6384,-8.2868,4.2778,-0.9975,5.4226,4.651,-3.5969,3.8919,-5.3164,-9.0047,4.3649,-7.1884,7.5053,9.0549,6.1236,-7.9368,-6.7773,-4.6296,-4.1196
-7.7618,8.5151,-5.9058,-7.8704,-4.8195,-4.7463,-7.3617,5.8717,4.506,-9.4239,4.2726,1.5118,-3.6075,-2.8739,-4.3275,7.0128,4.4436,7.5201,7.271,3.752,6.9463,-9.2585,-2.0098,5.9439,-4.5581,-5.5865,-3.5597,3.0911,2.682,-7.1039,2.2203,5.3694,-4.5438,-7.4813,-4.6596,-2.9524,-4.392,-5.7859,-2.4963,8.8035,-4.2105,-7.148,-5.1833,6.705,8.091,-3.2326,9.8989,4.8628,-8.6816,7.2132,1.9506,-1.8251,-8.4888,-2.8596,-1.3505,4.8397,5.4364,3.802,-8.9915,9.9163,-3.7292,7.3173,-9.2565,4.4117,4.1239,1.1253,-3.677,-6.2447,-0.7427,-9.0931,-5.5784,3.4547,1.3896,7.8652,7.9842,-7.612,2.3634,-2.5076,-6.7519,3.8017,-3.5909,4.7788,4.4464,6.389,7.5943,-0.4333,0.439,-9.7866,6.192,-0.9984,-8.8017,0.1075,-7.2096,-6.1591,8.4008,8.2435,-9.2269,0.4034,-6.0616,9.1073,2.6275,9.2002,-1.5576,-4.8339,-0.6522,0.8121,3.4157,8.7785,8.9859,7.8584,-0.3446,-3.7302,0.8433,-7.4574,-8.4238,3.9529,-5.8781,5.9605,-6.5452,-7.4705,-9.7381,-2.3838,-7.2227,-6.9786,7.11,0.7104,-0.6674,0.5285,-3.7088,-3.1437,-0.6639,5.3972,3.9854,8.1052,2.9627,-5.4853,6.4851,5.2661,-3.2567,-8.0387,3.5851,-4.8126,-8.6629,8.1693,-0.062,3.3917,2.6242,-7.4012,-7.8414,-2.2145,-5.4532,-0.5702,-9.1724,9.4211,-2.1451,0.9271,-0.2016,-2.1398,-7.738,9.5393,-5.1657,6.1827,8.5589,1.1437,-5.0224,-8.1454,-4.4389,2.4013,4.8682,7.4761,0.7737,-4.932,-8.3707,2.7006,1.9991,9.5492,-7.6212,-7.1469,0.1836,1.3883,2.5036,3.0857,-4.2064,-6.8575,0.0749,-4.1651,-5.0258,-0.7708,8.9312,5.9872,-2.5816,6.4523,3.9396,4.7874,-2.4521,5.7176,-2.8556,-6.0027,-4.4624,8.6935
-3.5776,-0.6426,-8.9946,-3.4431,-3.6665,-0.049,-7.1869,2.0514,6.2688,4.5373,-4.9437,-9.7287,3.3548,-8.2866,-6.568,4.3259,-5.8032,6.223,5.195,7.3264,5.3418,-7.9333,-7.6189,9.7412,1.0384,5.3709,-4.787,-9.8735,8.6522,-5.315,1.4898,8.4709,-9.0392,-1.9441,0.7927,6.7371,0.4498,-4.3649,2.1669,1.2759,-5.8933,0.903,4.4849,-7.1492,-5.8177,1.4785,9.4938,9.3923,-8.5026,-8.7772,-3.456,5.6971,7.3501,-4.4177,-0.0387,-1.0449,0.0409,-1.5941,-6.8529,3.7003,9.6555,-0.4098,9.8776,-0.4774,-4.0786,1.6619,-5.6862,8.238,-6.0112,8.4589,4.6419,-2.3532,-2.9183,-3.0109,-5.584,-2.6002,7.403,-6.9806,2.1255,2.9372,-5.5159,6.7453,1.7638,6.5537,-4.6619,-5.4741,5.1508,-5.8081,-0.7841,9.8612,-4.6896,-6.2388,0.1555,-5.9912,6.4916,4.0829,3.7781,-7.5257,0.7609,-0.6074,-7.714,-4.5878,-1.7747,9.3394,-1.2399,0.1333,4.4198,-1.173,0.0859,7.2106,-9.6873,-0.273,-3.0902,2.1074,4.5282,2.229,5.4357,-9.2976,1.6156,5.7343,-3.1762,5.9817,-4.2913,-0.968,0.3898,-5.1019,-9.0698,2.7975,7.2317,8.2507,6.9826,-1.8012,-7.9866,-5.7376,-4.8892,0.5667,0.5674,-8.1404,2.3985,9.5886,9.5338,-0.5818,-3.9609,0.3903,5.0723,8.8733,1.43,-0.7758,2.295,-9.8059,-3.8017,8.2898,-3.2814,4.2994,8.1642,3.6562,-7.0066,1.651,-1.946,6.0534,-5.5782,4.4255,3.0879,-2.1517,-7.8383,4.5248,3.9718,9.1586,-0.6787,-9.6863,-4.8602,-3.041,-4.0293,-5.487,6.3381,-7.0476,6.7569,-0.8909,7.5082,9.1627,5.1799,5.0995,-0.4074,0.532,3.7085,2.6655,1.6356,-0.1812,5.5313,-0.117,7.2495,-0.9083,-0.3125,-4.5578,-8.324,-4.5377,-4.3644,1.6278,8.9824,8.6352
8.8319,7.6039,-6.9319,8.8624,-4.5619,-9.1583,6.1707,-3.9239,-0.5875,-2.4849,-7.1331,-1.4088,-8.733,0.0363,-5.421,2.387,-4.1525,-3.2187,-8.0804,4.3813,-0.0147,8.0855,7.4889,-1.3677,5.0713,9.8974,-9.9761,8.9577,7.7664,0.5953,0.0395,1.0929,1.9792,-2.6701,-3.4535,-9.0242,-0.2804,-5.2419,8.362,-7.1398,-9.9701,-5.0333,7.9562,6.3196,5.9801,9.1077,-7.1013,9.2305,1.1216,-6.0341,-5.468,-6.8122,9.646,2.0944,9.3218,6.3633,2.5172,2.9239,0.5234,4.8462,-0.1161,9.1052,-3.0133,4.3814,9.774,-3.6864,8.3782,4.7671,6.2833,1.2482,3.5197,-8.0338,6.4052,9.8345,9.0887,-8.6237,9.7896,-4.4049,9.9793,1.2712,-0.9341,2.2356,-9.0181,-8.431,-4.1191,-0.3654,2.6971,-3.148,-2.5675,-4.1919,-9.2522,9.0667,7.2911,5.0665,-6.8588,8.4286,9.8382,-3.2621,1.1601,3.2044,-5.0447,-0.401,6.5425,5.3629,-1.6122,8.0955,1.5111,-9.2549,8.0831,-5.3485,9.6733,-5.9983,-8.6233,5.086,-3.0024,-9.5237,-0.6713,-4.6853,7.6114,5.6424,2.8324,-6.3419,4.1242,2.3841,-2.4356,-3.1312,2.8377,1.4327,-4.2683,-2.2288,3.3492,-1.1879,7.551,-4.0579,-1.2633,-2.446,-8.3456,8.6809,-1.0567,7.165,9.0238,-8.4056,4.5787,-6.4853,-1.0785,-6.8938,-1.5023,-9.2514,-7.7624,-5.6582,-3.4542,-1.596,-2.4739,-6.097,-6.9666,2.8541,5.2536,7.2447,-9.3906,1.0984,-9.4069,7.3427,9.7346,9.8089,7.8984,-4.4604,-7.7897,1.0205,6.9563,-1.9199,-0.5623,-9.4914,8.5917,-1.8827,0.9712,7.7302,-4.8349,-6.5935,2.066,9.192,9.0423,-6.7733,-6.4216,8.76,8.4275,-1.0229,-0.6519,0.557,8.5387,5.1321,8.241,1.005,7.7869,-8.1292,1.1425,-6.9693,-0.0584,-1.2595,2.7467,-1.4722
-7.4277,7.6011,-0.4819,5.6045,-9.3976,1.1225,9.6113,0.8292,-7.2793,-1.1165,-5.5832,-1.638,8.4005,2.2451,-2.045,8.3986,2.1381,8.991,-6.1195,7.1922,9.8706,3.1222,6.2465,-2.8851,-8.94,-0.8338,6.5102,6.7223,-9.9883,6.5916,5.2137,-2.3982,-0.528,-5.9015,-4.0252,6.8111,-6.2563,6.8352,8.6456,-5.802,8.4623,7.2877,-6.5995,8.2612,2.8335,2.2894,-4.6249,3.2029,4.6754,-3.543,4.63,-1.6223,-7.881,-3.2347,-1.8932,-2.885,-4.8475,0.9297,-8.9625,-5.5858,9.8108,-1.7708,4.0588,-1.943,-4.8813,5.0107,2.0619,1.0452,9.8245,-4.9159,1.9665,7.0108,-1.8562,-1.5995,4.1571,6.3945,-5.7564,-8.7249,7.8435,-8.8283,5.9312,5.6521,-9.9298,-9.7106,-7.5017,4.3653,-7.7146,-7.4904,6.0969,-9.9842,-0.5461,3.9098,-6.9568,-9.3887,1.2627,7.1447,-3.8767,7.1546,7.4501,9.3353,-7.5307,-9.9809,6.7378,-3.4659,-5.2791,-7.103,-3.3119,1.2151,1.99,-6.0282,1.2438,-2.3601,-0.9859,5.6368,5.7476,-9.6882,3.3442,-9.6272,-6.9793,4.6128,9.2537,-4.0135,-1.5178,-2.258,2.3374,2.3318,-5.3239,-7.0928,9.6565,7.1663,0.0848,-4.8849,-8.2066,0.9503,-5.8856,3.6606,-3.7018,-2.3096,-4.2715,7.5963,-8.7933,9.3595,-3.2664,-4.4201,-7.5224,-0.0193,8.5282,1.364,5.7769,-7.2065,-7.6646,-8.2367,8.7324,8.1561,-7.1856,3.9393,7.6436,1.8806,-8.9679,-7.2474,3.9439,7.1713,-7.5795,3.6623,-4.703,4.9264,0.3887,0.7824,5.0335,3.4478,3.4909,6.3273,-7.088,-1.43,3.4047,-1.5235,-4.6503,-7.0617,-9.695,1.8767,-3.7518,0.2611,-4.6723,5.6336,-8.4729,-3.8321,2.7867,-1.3034,-9.9399,-0.6467,-2.2422,-9.6279,-7.6004,0.7235,9.7742,-2.5634,2.9523,-3.635,-3.2814,-9.7498
-5.8995,-3.8658,1.298,-6.1534,1.4335,9.0183,-1.7399,-7.6853,-6.1951,-7.9106,0.9284,-3.7609,4.0089,6.9931,-0.3227,1.5774,0.6048,2.2444,3.0124,7.1282,-8.6841,-7.8911,4.9463,6.3378,-3.2931,6.1605,-8.6147,-4.0861,3.049,-4.7306,1.6933,3.4796,-8.2358,2.2951,2.4616,4.9292,-9.2299,8.7443,6.789,6.0835,5.0927,9.3144,-0.6175,-4.7355,6.7533,7.904,8.6831,-9.5247,-6.2876,-0.2082,5.3778,-6.96,8.7478,-2.9935,-0.5278,-4.2679,-1.4828,-1.1638,-1.7646,5.0164,5.7931,-3.3712,-3.5901,5.7562,4.7769,9.718,-1.5336,2.9292,-4.0739,-1.4577,-4.7125,-3.1931,-6.0688,9.4776,-8.5037,0.2158,4.9515,9.5778,-8.0337,5.4455,6.3718,-8.8488,4.9492,5.7351,-2.2874,-2.2901,3.3561,-9.6736,-6.0867,7.3132,-8.4544,9.0472,1.1998,5.2195,3.6693,-0.3116,-3.4052,0.0256,0.7631,6.8714,0.1641,4.6404,0.2862,-7.041,1.2166,-6.2748,-4.1827,-3.0964,8.3985,-5.8327,2.839,7.3076,-9.6983,-9.2117,6.3958,3.0653,-7.992,-1.7536,1.8139,5.9576,1.4103,3.5625,-5.5917,-2.0081,2.3272,4.1132,-3.8777,-5.5744,7.5495,-8.9788,-6.8853,-8.4284,4.4075,-9.35,-3.8201,9.6726,3.5591,7.8343,-5.7568,7.7983,4.5827,-1.5331,-6.6785,4.8809,8.2054,6.0991,1.5444,-0.3579,9.4439,-3.2346,-8.8032,-1.8333,-9.212,7.8008,-1.0965,-3.2227,-4.2684,-6.3845,-6.193,6.9976,-9.6524,-1.5348,1.0246,-3.678,5.2267,-4.4717,6.8081,4.9923,-7.9098,-3.9246,-4.3672,-6.2218,0.9498,5.0381,0.8895,-0.1343,-8.2754,8.8127,-3.25,-8.1904,-7.0605,6.9068,6.5306,5.044,8.0863,-4.7625,-5.1679,4.0262,-9.0686,-2.6476,-0.5018,5.5748,6.0705,-9.7539,1.4752,-8.3563,-2.0188,2.5133,9.39,-6.4163
4.5388,8.7727,-9.6879,-2.6318,7.9955,5.3838,9.5188,4.4347,7.1293,4.6263,-9.1347,5.2945,0.0855,-4.7268,-7.5148,-3.4803,4.1756,1.1754,-8.4895,-5.4194,-3.3504,0.6843,2.2971,-1.0046,8.1513,-4.2566,-0.8063,-3.7176,-0.5177,1.4725,9.3073,0.0599,-1.8735,8.0139,-7.1226,-7.4177,3.0547,-3.584,3.8588,2.6496,-3.5797,-4.7469,6.7534,-7.3424,5.8623,-9.7084,3.2308,2.0382,9.646,-7.3407,7.9119,-4.1227,2.1321,-4.7175,-0.4896,4.3374,-4.8513,-7.9931,-2.573,8.8596,7.7112,-2.1327,-8.331,-9.8545,1.919,-1.4772,3.7583,-0.981,3.5669,8.6689,5.8215,-4.5027,-7.2799,-1.5871,6.3729,0.4539,-6.3302,-3.6096,4.92,-9.9468,4.9214,7.0433,-5.4852,-3.2247,-7.4373,9.7005,1.7492,7.7162,-8.2861,9.2992,-4.9201,-6.1333,-3.4077,0.2158,0.8547,-0.7448,-3.5342,3.78,0.705,-2.9818,0.4269,-2.5673,-1.5902,0.3661,-2.6531,9.3295,9.8018,6.8396,-0.9057,-2.9054,9.9429,-7.3581,-6.5462,-1.6216,-6.6798,-9.0976,-1.0344,0.3897,0.6833,-3.3952,-5.7828,-3.1262,-3.2805,9.5239,2.8126,5.1679,6.3022,0.9035,7.9949,1.7529,-9.8332,-3.6185,4.7201,3.1534,-0.8215,5.3535,-4.4719,-2.5097,-0.4823,-3.0347,-5.3194,8.423,-8.4145,4.5497,-6.3565,-6.9297,0.4231,-6.0595,-5.8012,-9.6849,-1.1579,5.1967,-6.6686,8.806,-0.2684,-6.1614,3.9536,-4.3971,-1.5019,-4.4205,5.7607,9.0306,4.8437,-6.0502,-3.3328,4.9719,-5.8626,9.4864,0.072,1.0403,-4.7532,-4.4833,2.0037,3.9984,-4.6011,-1.9348,-7.4045,-2.2597,1.861,4.7781,3.2853,9.123,9.1446,-3.5815,9.0796,-3.6351,8.6271,6.2513,4.2577,0.3482,0.1224,1.603,-4.228,6.8299,-2.0054,-6.1877,-1.4705,-8.632,-8.7322,-4.2242
-1.5909,-9.6749,0.197,-0.339,7.3282,-2.1542,4.2746,8.2195,-1.0817,-2.373,4.3049,-5.2345,4.9837,3.9316,-5.0538,-9.4789,-4.4401,-8.2019,0.2685,-8.0578,-9.1347,-7.7502,9.2207,2.4055,8.4171,-7.8235,-1.727,5.4702,7.2351,4.3128,-2.4976,-4.1553,9.2791,2.6128,-6.4752,-8.1531,-7.9459,1.5111,1.9645,7.9678,-3.2177,-5.9755,-9.3891,-8.7894,0.6524,-1.3293,9.9847,4.9097,3.8308,-8.8808,3.0021,3.3217,-7.626,-6.6321,-0.5714,5.582,4.8183,-0.5963,3.2488,8.5807,1.6172,-6.9796,-4.3672,2.421,-9.5097,-0.7029,-3.0285,1.9042,-1.6962,3.3068,-6.4517,-6.949,-8.7764,3.3644,-6.4215,4.2277,3.1058,-4.6237,8.5694,-7.5889,-3.9805,-1.0352,1.5973,-2.8323,-2.9535,-6.1747,-3.8928,1.5087,-6.3834,-6.8863,-0.8507,0.52,0.0419,-5.0208,-6.2561,-9.478,-6.7952,-1.1008,5.885,8.4455,-3.4317,-3.581,6.213,2.9209,9.1111,6.7213,-7.5889,-2.3305,-2.4787,0.0227,6.2933,2.9918,-8.0561,5.5764,-8.8905,-1.108,8.5056,-5.2056,-2.9884,-1.5601,-7.1652,9.1223,-9.844,8.6091,-0.6704,-9.3095,-7.403,-0.5886,8.1252,0.8105,-3.3045,-2.6627,7.186,-6.9818,-7.8315,-5.6618,7.6564,-8.3112,5.4471,-3.3354,9.7891,-1.0121,3.1195,-6.3864,3.1428,5.9296,1.6666,7.4188,-8.6508,0.5535,8.2344,1.6819,-1.8338,7.751,0.5287,-0.0643,7.7967,9.744,5.5579,-0.0024,7.3605,2.8793,-8.4657,-2.4285,6.3821,-4.3485,7.9798,-9.21,5.2056,4.4671,4.0252,7.1914,3.3741,-9.3964,4.9909,2.7737,-4.5315,4.5055,-7.1135,9.0082,-8.027,3.4371,-6.8127,-0.8425,1.807,-4.7668,-4.2525,1.5607,1.8758,-6.6168,-9.482,-7.8055,8.5174,-4.1226,-2.7622,-0.1383,-2.3521,8.9356,-6.5624,-2.2762
1.9265,7.2879,6.4333,-8.5816,-8.5247,-2.8583,9.8519,-1.5246,-6.7635,-5.8552,7.8232,-4.14,-7.4483,8.9457,6.6952,-3.3079,-6.4041,0.3097,-1.43,-2.0257,-9.2425,-0.2317,-0.0793,4.151,4.4185,3.4302,-5.9277,9.9292,-1.2058,-6.6452,3.263,-9.1342,7.7442,-9.1536,-8.2855,-0.5352,2.843,-3.6965,5.7015,5.8806,-8.5484,7.5921,6.866,9.9473,4.6051,7.7839,-5.705,-6.1309,8.4093,7.6412,5.8838,2.885,8.4081,1.7825,9.2467,-3.9072,-7.3967,-8.8136,5.5623,5.466,0.2145,-4.1391,-6.459,-4.2345,7.6919,-2.768,9.7984,8.9015,-9.3245,-1.4131,4.0298,-2.3439,2.6801,-3.5152,-5.7813,6.3156,-2.4378,7.2397,-0.4581,0.114,-3.7917,-4.2692,7.1425,2.0211,-1.2331,-3.7555,3.7234,2.3184,2.0057,-1.5255,-2.061,-6.2853,9.7553,-9.6406,3.6536,-1.5028,1.9559,7.0303,-4.5324,-1.0868,-1.3229,-2.6464,-7.1178,5.8572,3.5839,-3.3996,-3.3527,6.0796,0.9103,-2.459,-2.3802,7.4975,-0.8685,0.874,9.6118,-1.8582,-2.2352,-4.0673,8.5566,-8.6758,-8.9477,-3.3153,-5.637,-2.7696,4.0132,-3.0968,2.9136,-8.4836,1.2882,9.6124,4.5984,-5.4643,6.6211,8.2218,7.593,-4.2044,-3.9214,-5.4653,-4.3175,-1.3524,7.0073,2.0153,2.1866,-7.1627,-9.6414,7.7339,2.4032,-8.5489,-5.4345,-1.9095,-2.3246,-4.8002,-4.2279,5.381,3.3559,5.9049,0.8451,-9.6996,-7.9123,-4.9835,-5.9917,-4.8291,5.0588,-0.6399,2.72,-8.1258,6.7266,4.3324,9.9728,7.7936,5.1539,2.1278,4.2841,3.1533,4.6915,0.9613,-6.5136,-1.3212,6.7761,0.966,7.6515,3.4866,-5.7646,1.8226,-0.7335,6.4764,6.4709,5.0498,-7.217,5.9057,-7.9907,-3.3267,-1.9704,5.9187,-5.1644,-9.0824,5.3986,5.9945,6.3458,4.0128
9.8427,-0.9152,-8.6567,-1.2571,-6.6009,-1.4179,1.043,-2.3925,-2.4937,7.0235,-3.2293,-9.6683,-8.717,-6.5069,-9.5385,7.5936,9.4766,-5.5818,-8.9244,-9.8693,4.8104,6.1362,-1.6928,-0.6941,-8.2917,-8.9392,8.6441,3.5656,3.3725,3.6912,1.1244,-8.626,-0.023,-9.8984,-7.4874,-0.0241,-3.5179,7.2874,4.58,1.4149,-4.8863,6.0481,-7.7457,-6.2697,4.7543,6.4295,-5.4463,4.8031,-8.4354,-2.4028,-9.8903,-2.1656,2.4409,6.6009,5.737,-8.9337,3.9054,0.6292,3.5692,-0.6884,6.2407,-3.6578,2.7761,-5.5965,-1.8947,-5.2294,-4.7647,-9.1144,-9.5488,6.6046,9.7666,-2.6195,0.4004,4.078,5.9246,4.3334,6.9825,-4.3477,8.7756,-2.2573,-1.15,-2.5814,-5.9791,-0.5094,-8.7337,-6.5782,-2.7372,-1.3822,8.2298,-6.6788,4.6285,1.785,0.5768,4.5635,9.1205,-7.6264,3.9763,-6.2345,-8.8205,-1.9387,8.3235,-1.3336,3.6248,-8.2623,9.03,5.6676,-2.0133,2.7401,-9.7354,9.0051,7.2398,9.1607,-9.1206,-7.319,5.9201,-6.8843,-2.1621,-3.4279,4.6969,2.3713,-4.733,2.0725,-1.8467,-5.9613,2.44,-4.4002,-7.1801,1.1937,4.1727,9.7396,-2.7506,-8.0038,5.9494,0.1613,-6.8611,-8.1282,-6.5162,1.8432,-4.5886,7.7782,3.0107,2.799,-3.09,-1.2998,9.5659,2.2432,0.9244,9.8878,7.2633,-7.4382,6.6503,-3.5641,5.6817,-8.9772,-0.0795,6.2428,1.3001,-4.9334,1.728,-4.4223,-6.4782,-9.8129,5.6055,3.8928,-3.747,8.8067,-8.2873,1.633,1.2237,-6.6884,-6.6944,5.6319,-7.831,4.0492,-6.5755,6.4094,6.0521,0.9385,7.2504,0.4234,-6.4751,-2.1327,6.6621,-4.1999,5.2103,3.6154,-5.873,-9.775,3.7855,7.5856,3.0489,-0.5103,-4.7277,3.6821,4.1547,-2.1445,-5.7449,-5.9435,-5.6081,-9.6351
7.1943,-2.6612,3.1372,-2.727,4.1129,5.2364,-1.9313,-8.7867,-0.173,4.6891,6.0757,-1.4974,3.3686,9.4443,0.5955,4.6659,-2.462,6.8647,8.3662,-1.1451,1.7166,5.4452,1.9956,7.9832,3.8866,0.6297,0.457,-6.3794,-5.6137,0.7286,4.6425,-1.1388,-4.9662,-0.5527,-2.0191,-4.0128,-9.6213,-9.5352,-7.1486,-7.2429,9.2034,-5.4874,9.3482,7.6849,-2.0876,-3.4126,5.6636,-3.2583,-2.0744,-5.3023,-7.6176,-3.9157,-2.3952,-2.985,5.1887,0.5799,7.2268,1.1059,-1.9205,-8.206,4.3242,-7.6949,2.6852,2.0889,-1.0449,-9.1228,-0.5425,6.4179,3.5976,9.1607,-0.7967,-5.2393,8.2235,-5.9143,-0.8243,4.608,-4.5518,6.08,-6.7994,1.8323,-6.0188,-5.4083,3.701,7.8058,-9.5535,-9.4354,6.0901,7.0698,-2.1884,5.7696,-0.6726,2.5149,-7.0873,-6.8326,-6.152,9.1276,4.9597,2.9414,-7.0576,-7.1781,6.2582,9.3117,-6.2969,9.5909,9.8948,3.6233,-6.0406,-9.2063,4.5985,4.6554,7.9778,-1.9963,0.219,-7.7876,8.7965,8.1761,8.4661,0.4444,0.8608,2.2537,9.2643,8.0447,2.5645,-9.6556,7.4244,-5.398,-4.7158,2.3738,-3.2146,-3.6974,-2.1862,2.2325,8.4947,-2.1373,-1.9502,0.5083,-7.902,-8.8582,-8.1594,-6.3792,-5.758,5.1116,-4.3342,4.0161,-4.7825,-5.9446,2.8986,-1.0352,8.0368,2.7142,7.9002,-6.9532,-9.1461,2.2026,-4.3144,-7.2718,-5.9617,-3.1306,-9.78,8.586,6.87,-5.7103,-3.8887,6.984,-0.1238,-1.4342,-6.189,4.2377,-0.5827,7.6567,-8.3488,-0.2152,8.1596,-4.5144,-6.4688,-0.6298,7.596,-0.6538,6.6103,8.6973,7.366,1.4854,-1.9223,8.527,-0.1124,-2.3216,-0.5081,6.5634,-3.4464,-5.3725,-7.5316,-2.6659,6.1464,-5.7159,-6.3705,6.0763,-1.0981,-8.0938,4.1117,0.0029
-3.9033,-8.7533,-8.7994,6.3758,-8.1748,5.1591,5.0952,-2.4263,-0.7531,-2.6599,-2.7359,9.075,2.6623,-7.4558,9.0215,7.2501,3.6679,-1.476,4.7905,7.5589,-6.9474,-3.8961,1.1989,2.8572,-2.0312,-3.9101,5.4349,2.5957,-9.0919,6.8596,2.1362,-8.368,-2.0064,9.2362,1.3242,0.4654,-0.0317,8.8433,0.2582,8.5349,-9.4753,7.6172,-7.5148,5.4724,0.8162,1.5103,-7.0568,-6.0012,-1.2217,5.9478,-2.1336,-4.9158,5.6589,1.5183,1.8219,-7.5638,7.4074,7.4501,4.014,0.579,9.5349,-3.0778,2.3242,3.6602,3.9623,-5.2444,3.391,5.7243,-8.4594,2.5342,8.5001,6.347,2.675,-1.742,3.8721,-0.2461,-8.0576,-4.586,-6.2116,-3.0559,-3.8415,2.2459,-9.2706,-2.07,8.5849,2.5553,-8.0199,-5.2581,-7.8191,3.7145,-2.536,9.7114,-7.0852,-2.2734,-8.7315,6.8663,-4.8521,8.5518,7.1446,-0.5529,-0.9132,-8.9564,-0.0769,2.5301,-8.3156,-6.0029,-5.3932,-2.6487,7.6374,-4.9761,-9.7729,9.9542,-2.5527,-1.4785,4.0964,5.0684,7.5637,6.9975,-4.2575,-4.4854,3.2683,-0.606,8.8435,-5.4653,-1.8452,-5.7054,-8.1868,-7.6363,4.7802,-1.5437,-9.474,9.9025,-4.896,-7.568,0.0699,5.0761,0.0141,0.0609,-0.6954,8.0899,-7.4343,3.6698,-7.1065,-4.6255,-5.3949,4.4349,4.3998,-4.6172,2.9317,2.1162,0.8404,1.0675,-4.3893,1.5843,5.9554,-6.0963,5.8947,9.1299,-0.0815,2.3442,2.1037,3.2048,8.3423,3.5213,-9.9415,-8.1324,5.4797,-6.175,-8.6956,-2.6427,-0.1596,2.5745,0.0158,1.8735,-2.0758,1.1416,-1.6603,5.9214,-7.9889,-7.7385,-8.1706,6.1947,7.5482,6.6202,2.2725,-2.7237,-0.9525,-0.4157,9.3845,-2.8862,1.3691,8.9207,-4.1982,-2.8867,-0.6835,-9.809,4.1345,2.5682,-1.3885,-2.3727
6.9206,5.3456,4.968,-5.6106,-3.1118,4.2657,0.7806,-3.1248,4.3757,-4.2327,1.1927,-1.6782,-8.2686,-9.4961,3.0289,-7.2004,-5.3505,0.9464,-7.2157,-8.0617,8.5044,-2.0753,-0.0101,-3.4212,0.6849,9.6575,2.7915,-9.3316,3.0609,-3.6765,-7.1604,-8.7858,-3.9104,-7.1371,-2.1574,-0.97,-3.8493,-5.5883,8.053,-7.8899,-6.2367,-4.0731,-6.6084,7.4474,0.2361,-9.0104,-6.2167,-0.9325,2.9107,6.0801,-0.1103,-4.3532,-7.5344,-2.7008,8.7956,-9.4423,4.4229,8.4451,0.1381,-2.4855,2.0763,9.5558,2.2683,-7.7975,-6.4166,-8.7869,-3.1974,5.0674,6.6648,-3.1971,4.3206,5.3778,-3.8537,0.5142,-0.1041,9.4262,8.4342,7.4683,-5.7086,-5.6687,-9.0141,5.4392,-0.7012,-9.6105,-6.3811,-0.5303,6.5622,0.195,-2.9169,-5.4021,4.734,8.8842,-6.0587,2.9323,-1.6421,0.7542,3.537,5.844,-6.0804,3.8585,-5.569,-6.9877,-0.1538,-7.0334,-1.8381,-5.6612,-5.4161,-9.1055,1.3612,5.4786,-1.1463,-1.394,8.0113,-2.5438,9.4884,6.4402,-7.8203,4.3492,3.2662,-2.3839,0.8899,-0.847,-4.8115,0.4375,-0.4478,9.6828,-8.33,9.7007,-7.0754,0.0973,6.2504,2.0712,-8.748,2.5874,8.0585,0.3467,-1.8469,-7.1266,-9.8565,2.266,-2.4126,-5.5136,-8.9355,9.3779,-7.489,7.7279,2.5295,2.7677,7.1876,-9.0023,3.8291,-1.7099,5.6237,-5.255,8.6958,-3.2207,-5.9281,7.7055,-9.9843,-6.9287,-9.0983,-9.8816,-1.4869,-0.6178,-5.0961,3.539,-9.8718,-7.8347,1.6134,3.3679,-7.8361,-4.2238,-0.1829,6.1872,9.1856,-7.5798,-6.9534,0.0901,-8.4768,-5.3439,3.4618,-6.3333,4.3414,8.172,0.8472,2.0936,8.9972,8.5621,5.2743,2.1932,-6.272,-3.9329,8.1623,-2.3611,-8.0172,4.4891,-7.0106,0.242,8.801,7.757
1.7046,-9.0034,-6.9285,3.2395,3.5086,-1.0139,3.17,-7.3323,-8.0572,9.5562,-6.6483,9.5528,-2.6486,-1.519,9.0948,-7.8763,-6.9373,-9.4147,0.9163,2.3645,3.444,-9.9751,8.7291,-4.2765,2.6822,0.7691,-7.7772,-2.6427,-5.854,-6.3898,1.1166,0.6104,2.5243,-3.3186,3.5124,-6.0803,0.4378,7.82,-8.9833,2.93,-7.9531,7.8947,9.8257,5.6903,4.3725,-2.0953,-2.0107,-6.3126,6.4194,3.3049,4.7474,6.3255,2.2613,6.5446,-3.2466,-6.2134,-9.3211,2.4937,6.7428,6.4351,4.5098,-7.5559,-2.3558,-8.8047,-4.5483,-7.3782,-6.86,-8.9885,4.4583,3.6055,8.5339,-5.5598,-0.6587,-8.1729,3.6376,4.5239,-2.3243,8.6834,-9.604,8.2418,-5.4672,5.0185,-2.9652,-8.8862,-6.7905,2.5982,-5.2708,-9.267,2.8391,0.3908,8.0012,-6.7119,-9.5003,9.6013,8.5735,8.6989,9.2999,6.863,-0.8968,8.8799,5.4383,-1.8244,7.3087,-2.1004,9.4424,7.2855,-1.8814,-2.6661,7.8538,5.8468,7.1875,-6.1014,5.7057,4.3734,-2.2678,-0.4187,-2.9558,3.6546,-7.784,8.7226,9.3945,-8.6724,-3.1983,-1.0736,-9.3001,3.8097,-2.7468,-1.5561,3.1757,-5.6262,1.781,2.0732,1.5954,2.318,4.5635,9.3419,-7.684,3.508,-6.2294,9.7524,-9.4958,-1.7435,-9.1899,-6.2788,-7.8717,7.2152,-6.1898,0.425,-7.3643,4.8487,3.3876,-6.4382,-9.9527,-3.5638,4.2595,5.578,5.1681,-1.5928,8.6856,-0.0786,-6.7181,-1.422,-6.7406,6.5337,-9.9907,-1.7375,1.6071,4.4297,1.8464,-4.6487,2.1392,-1.014,-3.7836,8.6276,-2.8038,-7.2911,-1.5343,3.0118,6.3191,6.3945,1.5986,-9.9449,1.5438,-9.7817,3.5135,-2.5405,-0.7785,-3.0026,9.6973,3.8834,5.5091,8.3616,-3.8902,-8.3125,6.1244,-8.5353,6.2464,-8.2773,7.8658,5.1362
-8.7869,-9.82,-0.1351,-7.1729,9.6758,-0.5413,9.267,9.7095,-5.8755,-5.4549,7.3676,0.126,7.2188,-0.4706,2.5466,6.2039,0.5533,-0.6095,3.1991,-1.3731,-3.8747,3.1419,-4.3984,4.4044,6.9617,2.5108,-8.8961,-2.8005,8.7664,-8.7558,-6.7665,-2.488,7.7753,-9.0983,3.0506,-8.0283,3.5445,-6.4677,-3.4237,3.0909,-6.9777,1.8132,5.7176,9.1105,1.5831,-9.6805,-8.7078,9.4082,2.1472,2.2113,-0.0591,-3.5616,-5.5533,2.7786,9.6942,-6.789,8.2235,7.8085,4.5247,7.556,1.7538,0.6883,5.06,-7.326,7.0457,-8.6535,6.3354,2.9054,0.7805,-6.8862,4.46,9.5798,-2.727,4.1447,-6.3353,3.8488,-5.6078,1.4078,-2.5915,-6.9769,-2.2255,5.7171,3.5054,-5.4628,9.0264,9.7499,6.9347,-6.3383,-3.3625,-2.355,4.7711,2.9635,8.8221,5.1585,-5.9185,-5.8015,0.1967,1.7641,-5.1033,5.2108,3.5995,3.635,6.0756,3.0474,3.9649,9.1809,-9.0245,-9.4563,-5.4714,-0.7702,1.4727,8.5486,0.808,4.4023,4.9103,4.4257,4.1031,-9.0367,-4.538,2.0191,7.1177,6.414,-9.2607,1.0026,-9.6647,-7.4634,-5.8,-1.0883,7.5133,-8.7954,4.5444,-1.6392,3.6366,-8.0981,6.1898,-5.838,-0.3678,-1.1685,9.1219,6.9795,4.825,2.1978,-9.4308,-7.2586,5.2423,-5.0363,-8.0474,-5.882,-2.7001,-0.4551,-6.0029,-4.5526,9.0844,-4.8617,-0.6734,2.1583,6.5862,-1.7125,-8.6857,-0.8244,5.3656,-6.8854,-2.4296,0.3814,-5.9546,-8.9643,2.5921,8.6684,-8.1475,2.9439,-4.8551,7.1629,-9.5089,-0.0508,-3.706,6.1448,-0.7876,9.1903,4.8894,3.7421,8.938,-9.0904,-5.6879,-2.5859,7.5498,-9.325,-6.4428,7.0099,-7.3821,-3.303,5.4001,4.1771,4.3745,5.8503,5.9216,5.3155,5.3789,-4.7737,-6.8148,-4.5494
4.1568,5.3461,7.5687,-4.4408,-7.9909,5.9548,5.385,8.3929,-2.674,-7.2803,1.2122,-7.154,4.2183,-7.3845,-8.5434,0.7037,5.8672,4.75,9.12,7.3573,8.4415,-8.9502,0.3629,-0.9013,7.6276,-8.8244,8.5017,-8.2601,-2.2746,-3.0355,-9.3633,3.2358,8.8111,4.3186,-8.155,-3.1391,-9.0361,-1.3654,0.6883,5.0437,-2.0517,-4.9918,4.6291,-8.5616,-9.3378,-1.0099,-2.407,5.0069,6.8619,-7.3649,0.3793,7.3204,-5.711,5.368,-6.1173,1.1134,0.2887,-6.2225,-8.209,8.4826,-5.8065,4.3258,-8.4217,8.3245,8.2628,-9.1912,2.1153,-0.8051,6.1929,-5.8715,-6.3866,-7.9475,2.4266,3.8554,9.5168,9.3267,-9.5251,6.7253,3.8129,-6.2497,8.2932,-3.0169,6.3689,4.7873,-5.2647,2.9086,7.1548,7.7723,8.1848,-8.5638,6.9399,2.3833,5.4489,-1.5505,1.1638,6.8729,-1.9336,-9.1852,6.2028,3.375,-4.5096,1.1788,-3.973,4.6555,7.5655,-2.175,-0.0076,3.6208,-6.1958,-8.9213,0.6989,-0.4914,5.6337,7.4693,-8.3663,8.3212,-1.2824,2.0692,1.7534,1.6387,-9.3661,-4.687,2.6056,7.4524,1.007,2.0612,0.983,-2.5584,-1.5164,1.2413,-8.4767,-2.8476,-2.9976,-5.7287,0.6358,-8.9307,-0.4556,-1.3322,-4.3015,-0.3015,4.7865,-3.1121,-0.7829,-2.236,-2.6316,1.12,-3.1114,-0.0424,6.3923,3.0018,-4.2058,6.8973,-2.7428,7.685,-1.3946,2.7975,-4.1103,-0.4223,3.5227,0.4888,0.2146,-6.1259,-9.9634,1.62,6.3481,7.1923,4.8283,-7.4229,-7.4931,-4.5903,7.78,9.0466,7.688,-0.713,8.0645,-9.7102,0.2146,-2.4822,4.2176,5.5433,-3.5099,-8.802,9.5572,2.4678,-1.0175,-6.4489,4.521,-4.8908,0.7376,5.9299,1.6394,8.5669,-9.4958,4.6453,-1.2014,2.5831,3.4334,-9.3689,3.7424,-9.8373
-1.6011,-5.8705,-2.3191,7.5866,1.8065,7.5169,6.9623,2.6311,7.6899,8.8152,-5.2644,9.5641,-7.6562,-0.061,-4.3399,-8.8806,9.6651,-3.8333,-1.2047,4.552,5.3288,-4.4228,2.2633,9.6475,-6.0681,2.2555,-8.3283,-4.7752,-5.5656,0.0535,-3.9289,-4.5903,-7.0151,-4.0544,8.777,-0.4983,1.2,-9.0846,-3.4776,-5.096,0.6984,2.0406,5.924,-6.5366,-7.3318,2.6205,3.5142,-9.7466,-5.1987,2.3586,-4.1696,-7.9212,8.9596,9.4075,-6.0658,-2.2066,-8.7201,-1.8854,7.1036,3.7737,3.4244,-3.8023,-0.5371,7.968,2.7356,7.7704,5.789,-2.0356,4.8948,-2.1418,-5.2996,4.883,4.5746,9.8734,-8.7024,-7.1974,-1.8311,-5.321,5.3725,6.0941,-8.4342,8.6401,7.0116,2.6072,8.9525,7.2101,0.2299,-5.0373,0.0922,-0.3089,-8.0228,8.7817,-4.2533,-6.4067,-0.107,9.7343,1.49,8.2241,0.0229,-1.5671,3.5635,6.7871,5.4122,-4.264,-3.7101,-9.9502,-5.1195,8.7888,4.2096,-8.596,-2.447,-8.3809,5.9092,0.5,-9.9912,5.3522,2.5613,-3.941,2.8788,7.0125,-2.7233,-7.2543,3.5751,-3.8107,-1.0471,-9.1326,-6.2007,-2.0893,-4.9814,-4.2634,-8.1192,-8.2184,8.416,-0.4557,-0.973,3.3223,6.6164,7.364,-4.4167,-3.4046,3.0543,6.4745,-3.7192,-6.1907,-8.935,-3.9971,8.7516,1.7743,3.6584,6.5375,0.5956,-4.8596,1.5689,9.6202,2.1894,-4.3755,-3.2279,9.5447,-1.1232,-6.4716,3.9407,-5.6504,2.8896,-6.9425,8.8206,8.7983,1.7036,-1.4489,4.5609,-6.0414,0.2689,-3.9862,8.2359,-7.1867,-1.5874,-6.1095,7.7742,-9.607,3.1562,1.6888,1.0416,8.3704,1.9565,6.571,9.9938,-1.9932,-3.7297,-2.0267,-8.0554,2.6816,9.2028,-4.6643,6.8256,-4.9702,0.5683,5.6441,-3.5634,3.3372,-8.0038,-2.753
-8.0329,-5.7032,-4.9881,-9.1106,2.5422,2.3806,-0.6919,-5.2521,-5.0144,8.3292,-4.029,6.9356,-8.7282,-9.717,3.1503,-1.6975,-1.5949,7.0358,3.7449,3.2277,-3.9249,-7.9351,-1.3015,1.5764,3.03,7.6964,-4.4819,6.0098,-5.6662,-1.0038,-9.4893,3.2027,-1.5487,-3.6313,9.7998,8.0447,7.2328,7.1683,2.1436,-9.2676,-8.7865,8.1416,3.1964,-8.8032,2.1149,2.273,-4.272,0.4498,0.5418,9.654,4.001,3.0245,8.8528,-7.4957,-6.0094,-9.622,4.8194,1.9243,2.5683,-1.8824,-9.4487,-7.3031,-6.9947,2.5544,-1.9191,8.1025,4.2637,3.8404,5.0515,-5.1104,-1.6035,7.9036,-0.9076,-6.8403,4.9141,2.4215,8.1612,-5.9092,-6.9248,-6.1743,3.1792,-6.7118,-9.5442,6.9564,-3.8779,0.8017,4.8876,-1.8147,5.0514,-9.1663,-0.3658,-2.8728,4.0648,-0.4124,2.2483,6.7848,5.9033,-7.5058,-5.5672,-0.1222,-1.3337,-2.7039,-7.1894,-3.4098,-4.9698,2.2845,4.2574,-4.3951,5.0069,9.4274,2.7955,9.0541,1.3653,-2.6106,7.9411,-6.8594,8.2777,0.0633,8.2461,-3.5166,-9.5721,6.1157,-2.2662,2.9609,8.5339,1.6221,-8.1133,5.4389,4.7198,-0.4059,8.7815,-3.0111,5.1217,0.8232,-2.7171,8.2783,-2.308,-3.892,-0.1311,9.0162,-4.1458,1.5303,6.9366,-8.8984,-4.4894,5.4972,-4.6019,-5.1536,8.3569,-4.2518,5.1154,-2.1307,2.5131,-7.934,-6.1256,-8.6464,2.8482,8.6152,-4.4796,-9.8399,1.3332,9.3818,-8.537,7.3352,1.4032,-3.9108,1.4357,-2.9278,4.7709,9.6507,-4.0725,-2.5536,-3.206,6.4853,8.3609,-0.6021,-7.0016,4.4646,6.9225,3.1748,-0.0648,4.3019,-1.6865,-3.0031,4.0531,0.2529,3.3533,5.8562,3.1501,-4.9944,-7.9152,-3.5585,0.5148,-6.3809,-6.6947,-4.7282,-1.5404,2.752,-2.6613,-3.5663
-6.9331,-3.71,3.4587,-0.7812,-4.0013,2.692,1.0947,-0.483,-9.2666,-3.2362,3.6432,-9.0118,6.5656,-5.2441,-5.0469,6.776,-4.4145,4.6034,-1.0755,-0.5675,-2.7913,-1.3083,-4.8722,2.2079,-7.8211,-6.5082,-1.9407,-7.6305,4.1434,-1.3761,-9.3184,-3.7972,7.9052,7.993,1.073,-9.097,0.3679,5.6436,-0.9514,-7.44,7.9885,-3.0479,-7.5842,7.7007,5.2605,-3.1345,1.321,8.8826,-1.9372,-7.9484,0.1495,5.0548,5.5197,2.2747,4.0887,-4.5173,8.3475,7.8918,6.5387,-8.0415,-9.9582,-6.9438,-2.7496,4.7163,-0.0131,1.2764,-5.7997,6.8018,-2.6549,5.4515,-9.2625,1.2255,7.4716,0.1693,-2.2671,-1.2083,-5.1129,-2.7628,4.201,5.2424,-0.7451,-5.2151,4.1108,3.0543,-6.6564,0.9545,4.2933,-9.045,1.0667,-6.4927,1.0404,3.8352,7.7847,0.4166,9.5751,-1.6527,-3.6153,-7.7301,8.5443,-3.5204,6.2888,9.9752,-0.8185,3.1106,-5.499,8.9444,-2.0645,9.9752,-0.5931,5.0509,-6.7111,-3.093,-4.8451,-7.7829,-9.3652,6.5363,4.5507,-4.3818,2.9336,-1.8667,-2.8658,-0.8991,-4.4789,-0.3499,7.2364,6.1774,-1.2242,-9.3739,6.5908,9.7775,6.2146,-5.737,-8.903,-7.175,-6.4452,3.3502,9.798,2.4242,3.1375,1.074,3.618,9.3048,5.5963,-0.7589,8.9741,-2.0158,-2.0123,-5.6244,-6.5239,-7.2339,9.0249,3.4871,-0.0468,-1.8865,3.7855,6.5078,-8.9529,-6.2754,-5.0033,9.322,1.083,-1.2352,-2.7826,3.8036,6.5013,2.5909,3.3865,7.7681,-0.1148,-2.9853,-2.0954,-7.4944,3.6446,-2.4595,-0.426,-2.4433,-1.7183,-9.4157,-9.5047,-9.2566,7.5127,0.5521,8.0065,2.1648,6.9146,-7.191,-2.24,9.1793,3.9408,-8.5994,-2.3498,0.5239,1.2426,-0.1539,5.87,8.8249,-1.1893,-6.843,-2.4518,5.6087
-1.4149,-4.4663,-0.2323,4.8948,-8.5659,-9.3252,0.8986,3.8091,5.8342,-8.5721,5.7674,2.9711,3.0157,-3.6822,1.7892,4.5484,-9.3077,5.9254,0.5489,-2.8478,1.1623,0.1318,0.2376,5.0781,-0.3962,9.4262,-6.923,-0.4903,-3.4093,4.8498,-5.3236,6.2958,-0.4058,-7.8838,4.6097,-4.133,0.6989,6.6248,4.1297,-5.7088,-6.6849,-6.2359,6.364,-9.6027,4.646,-0.1753,-0.511,0.5477,-2.727,-5.727,9.7455,3.6771,-7.4643,9.2914,-4.067,7.64,-0.7318,3.0839,-4.3437,-1.4122,8.2898,4.369,4.0154,8.9448,-3.926,3.0245,9.7817,4.9635,-9.0788,-5.9619,-1.2491,-7.445,9.3677,2.4291,4.6884,-5.3922,6.4534,7.6316,9.5346,2.1866,-3.6942,-3.1371,-2.3735,5.366,2.5601,1.9207,7.1103,-1.173,1.9124,1.1745,4.0596,6.2997,5.3339,1.1054,-1.8403,-8.906,7.5654,9.2845,-2.0671,-9.0997,9.1347,9.2269,9.145,7.3983,7.548,3.8124,-9.6973,8.1724,6.0684,-7.3565,-8.4374,-2.0668,2.4935,8.8136,-9.0856,-6.2333,7.6208,6.5971,7.1542,-9.0933,1.0136,2.9991,-2.267,-2.0558,3.775,-7.0289,-3.2511,-6.5339,-6.8202,-9.8754,3.2457,-4.9702,1.6809,-3.752,8.2953,-9.1911,3.1563,-3.4641,8.5752,-8.1682,-8.0834,1.1112,7.4704,-9.1944,-9.0429,6.8536,-5.7802,-1.017,-8.0203,6.1918,3.7525,-7.9083,-5.6771,-2.1207,8.0119,4.7922,-5.8088,5.1403,-5.1274,1.5311,7.8846,8.2332,-1.3865,3.5192,9.3073,-1.8128,-8.7816,7.0029,-3.9161,-5.0789,-0.1325,9.0321,-0.151,-0.9721,-2.8709,1.303,-9.1383,3.0116,7.919,2.8937,-9.9577,6.4211,2.9687,-4.9812,5.8232,-2.9721,-2.8819,2.0461,4.4717,1.7935,5.0905,4.2031,-6.8257,-4.0912,5.9876,-2.7351,8.6914,9.9777,-9.057,-4.835
7.786,4.0174,7.5623,4.3055,-7.8067,1.8881,7.6819,-4.688,-7.8346,3.4953,8.3225,-5.7119,-0.3518,1.54,-2.3712,-5.2152,1.6303,-8.4602,8.661,-5.3999,0.4897,-4.693,2.4735,5.4221,-7.2849,-0.9785,5.9726,5.0468,-0.0166,-4.5885,-9.0482,-6.49,-0.8589,5.3833,0.5343,6.2392,0.355,8.8839,-5.8406,9.2484,4.3452,8.1792,-1.0628,-6.6965,7.6624,-6.5301,-1.0338,-9.9046,8.0876,-4.4427,-6.1534,3.9236,4.0785,3.2105,9.2248,9.5111,-7.1295,-6.49,-2.1051,-4.4579,-3.1645,-9.842,-4.2106,-1.1448,7.2631,-8.2462,-8.5746,-5.7043,1.8027,-9.7419,2.8412,-1.4364,-2.0726,-4.819,-4.5276,-9.4743,-2.165,-1.7502,-5.2318,-9.7699,-1.4611,-2.2902,0.426,5.9714,-5.7394,-6.9759,6.9523,7.7674,8.7328,-5.3481,-3.7817,0.5623,2.8408,-2.0329,-7.1675,-1.0421,2.573,3.0112,-2.4332,-9.073,8.7445,0.568,8.6626,-4.3928,2.4474,5.924,4.1052,-8.9938,-4.1246,0.515,9.2857,6.6536,-4.5063,-1.9978,-4.1113,9.8095,-4.611,1.5295,-4.3005,3.8464,8.7476,-4.6418,7.5557,7.1086,2.235,7.9765,5.4399,8.5756,-0.4284,-9.9031,7.0256,-5.9475,9.2869,0.4036,7.2893,6.0288,5.6746,-6.9244,-8.6573,-2.651,6.1167,4.8683,9.6096,9.1693,-4.1053,-9.9783,0.6017,6.8068,-7.5751,-2.6996,-6.5551,7.4177,-2.2909,-4.5717,0.2141,1.4544,0.1814,5.5047,2.4524,8.3129,7.5387,-2.5122,2.4102,-2.9091,6.2778,-6.6639,-0.4466,2.7855,4.6415,-2.9869,8.5324,-5.2178,-8.0696,-9.9408,-7.1593,-6.6359,-4.5825,-2.3841,-5.0277,-4.0673,-9.8958,-3.3765,-6.6658,-7.4575,9.7777,9.9898,2.1587,-4.1897,-4.8288,4.4298,2.312,8.9727,0.1609,7.0862,-7.3133,-7.1393,-8.0407,-5.439,6.4951,7.4942
2.5611,4.9888,-5.2917,1.4012,6.9235,6.1456,0.6902,-5.9638,1.2191,-4.9691,1.6963,-8.2559,-2.8781,7.7676,5.0524,7.7512,5.5751,-0.1775,-0.4998,1.2439,8.7949,-8.3043,-5.1444,8.6209,1.7224,3.2951,-4.6796,-3.9788,-2.7088,2.6145,3.3385,-7.5288,0.415,-1.2618,-5.1193,5.8632,-7.6397,1.5038,-5.1204,5.3476,6.6386,-1.1783,-5.1973,7.925,-6.4326,-4.3127,0.8533,8.8888,-6.2116,-2.6461,-1.5457,-7.8344,-6.0829,-2.9431,5.4666,6.6755,-8.7469,-2.6659,6.7527,3.6481,-2.5431,0.4374,-4.5865,-4.3477,-8.9204,-8.0785,-2.756,5.3925,-1.5673,2.329,-1.8612,7.675,-1.307,6.7226,6.1987,9.3906,-9.9082,6.2992,-0.7845,8.9217,-5.3853,-5.4784,3.3479,-3.6027,9.5346,-2.7064,-0.3445,7.1484,0.6173,8.4078,-5.6294,3.5254,-0.4198,-4.9712,0.2756,5.4982,-9.1344,-3.0537,1.338,0.7105,4.4894,2.2747,0.3479,2.1847,-2.1947,5.1459,-5.7302,5.2183,-6.4934,-9.7832,3.8929,0.1694,4.7051,3.9535,3.4761,0.6887,-0.9508,-5.8485,-7.7254,6.6332,-2.2251,5.4379,-0.9387,6.6946,-5.4064,5.5312,-0.1808,-3.2981,7.5013,7.5556,-5.8971,-1.1586,-9.1752,-3.5084,-2.1084,-3.1576,3.5731,-9.1997,4.8556,6.7784,-1.6402,5.1038,1.9885,9.3956,1.6099,4.2183,-7.1817,-8.1172,1.6824,-8.4586,-2.9483,6.9691,-8.8041,2.6135,-2.4503,8.6109,-6.4987,7.1053,2.7059,-0.5797,-3.0913,6.9268,5.422,-9.0063,4.4402,-8.1014,-8.38,-5.1569,1.2835,-0.2882,-7.2389,0.4081,-1.0646,3.8202,-5.033,7.4485,-2.3036,3.4284,-7.2934,7.3946,-5.6948,8.7099,9.3189,7.5988,-3.2663,-8.6028,5.3577,0.4308,4.2368,5.1697,-3.684,9.2502,-3.5578,-0.2483,-9.0768,-2.1243,-6.4917,-4.2193,-1.3054,6.7538
9.0488,-5.1113,2.3481,-5.8822,-2.755,-3.2007,6.2246,-4.3328,-4.4026,6.6966,8.0378,-2.2431,0.4987,-2.2924,9.9318,0.7064,9.6381,0.3454,-7.8379,-0.0031,-0.5199,0.3317,-4.0526,5.9221,1.5976,9.8548,7.6314,-4.2819,1.4016,7.9766,7.0054,-1.5757,7.2798,-2.1823,5.8268,6.0473,-0.1231,8.8833,3.8778,-1.0542,-3.4228,7.4674,5.2111,-6.9512,-8.9522,3.1963,5.5019,-6.8423,-0.2449,-0.8886,-5.1249,-1.8861,4.3709,5.4785,4.6359,-8.2287,1.3203,4.3608,-7.5101,5.9052,-8.0688,-9.0234,-1.9084,0.7005,-6.5302,-6.4196,4.803,2.5457,0.1755,-4.5646,5.7017,-6.994,-6.4854,0.9614,-2.7525,3.9102,3.4558,2.1294,-3.7056,9.0181,-7.8836,7.7436,-7.2823,0.8489,8.7673,2.2833,-8.8368,-6.8411,-3.5092,-3.7655,-1.5174,8.2924,0.925,-8.8405,-5.3506,8.4645,0.8187,-2.7235,-0.2002,9.4342,-0.2719,7.6652,-5.4324,6.3222,-4.698,8.2325,-8.8667,-0.8005,-1.0166,-7.6573,-4.9662,-4.3118,4.3158,4.4821,1.5035,7.344,-7.721,3.2539,-7.0486,-2.3747,0.6688,-7.0977,-0.3841,-3.9069,-5.456,4.7411,9.1298,3.7661,-4.0347,-6.1893,-5.8418,-3.3495,-3.5165,0.4243,6.822,-4.0853,0.3723,-5.6868,-2.0504,-1.8026,8.0232,4.6376,7.5524,4.7377,0.8062,-0.7304,9.0934,6.5621,1.5211,4.2097,2.7271,-1.9779,4.0578,6.1675,8.6671,-3.6323,2.5723,6.7902,8.8238,2.6819,6.4261,0.847,-3.549,-4.593,8.0438,-1.4277,-8.2255,-4.9887,2.1282,1.2067,5.0617,-9.723,2.4083,4.3402,-7.7252,5.6324,6.0335,-2.8509,3.8213,7.3218,7.1068,4.3319,-5.7429,9.9665,-2.5645,6.8294,-1.6793,-7.0033,-6.3612,6.3514,-6.5853,4.6671,0.811,-6.6217,-0.2386,6.7071,1.7752,-1.4161,-8.3971,0.7203
3.186,2.1964,2.6494,-2.0755,0.6925,6.6839,-1.6122,8.5208,6.4106,2.4864,9.1717,-1.2164,4.6008,-5.3589,-5.1882,-9.6243,-8.2232,9.2829,7.8953,5.2768,-4.6247,5.6835,-0.3573,6.8023,1.7165,7.5664,-9.9291,9.9267,5.457,3.6929,4.2903,-9.0522,3.8193,-5.3564,0.4701,-3.3889,-7.1922,-9.0114,-6.4625,7.7831,-4.2114,-9.2756,7.2998,3.7229,-5.3413,7.4179,-7.4254,8.6225,-8.4649,2.1361,3.7943,1.4086,-3.2043,-5.3735,-5.6289,1.9294,1.4337,2.6992,6.0846,-3.0496,-5.7527,-6.5109,3.9061,-7.9222,1.0307,7.5147,-6.1044,-2.6462,-8.6623,-6.8494,5.6484,-7.7685,3.9092,2.9588,4.4432,-9.4944,-0.7486,8.8668,2.712,2.1786,9.5709,-1.7118,-2.7586,-4.267,2.422,7.9246,-6.4316,5.993,9.0839,4.814,3.2179,9.1118,-8.4636,2.858,-5.4325,-0.0382,-6.5779,6.2768,6.5452,3.4232,4.2999,-6.9244,-8.6791,5.3612,-9.3702,2.6135,6.4315,3.699,-2.872,-0.011,-2.0587,0.0226,-4.8855,3.9564,-2.6637,-5.7344,5.7069,9.3666,4.4361,-0.0949,-3.7314,9.3575,2.7327,5.872,7.28,4.0028,-4.0525,1.09,-8.0508,-8.8423,7.912,-0.3666,-7.0484,9.0576,1.6153,-7.7689,-7.4384,-7.6445,9.8176,9.6224,-8.4825,-3.493,3.3677,7.0619,-6.0762,6.366,-6.6316,-4.7242,8.3556,4.284,4.1479,-8.9995,5.3735,-7.2068,-5.5203,-1.1348,2.7836,-7.1472,4.7708,8.1776,-4.0469,4.6015,6.8022,-5.8724,-0.4943,3.0574,-3.7895,7.7297,-3.6435,-7.7264,6.7948,2.3884,5.5968,1.8467,-4.5248,-7.1851,-5.3336,4.1292,-4.7576,2.2698,-5.6041,-5.5091,-8.3241,2.771,6.7505,-6.4431,0.7193,3.0199,-8.567,-4.0371,-4.0756,6.7519,-4.2572,-4.0452,-2.8991,-3.7102,8.5333,-1.7166,9.7633,-2.7291
-0.3717,-2.0824,2.7852,-6.2712,-8.2964,5.1309,-0.9818,-8.698,-9.394,-3.1693,-0.2973,2.7888,-5.9459,8.5824,-8.8958,6.3711,-3.7113,9.771,1.3592,-8.4404,2.3836,4.6914,3.6187,3.7691,6.689,-7.51,9.1278,3.0044,5.4516,-0.0932,0.9907,-7.5332,-0.5834,9.1852,1.7023,-9.7773,-8.6871,-7.783,-1.2934,5.173,6.971,1.7243,6.784,8.1805,9.753,-0.824,4.3967,8.0521,-7.1268,-2.4153,9.9552,1.8785,-2.6584,7.9838,4.2991,-5.5975,6.0683,9.9556,-3.5362,4.6979,6.3419,7.7046,1.361,8.9913,-3.7446,-7.4509,1.0665,6.4148,7.2164,-1.4033,-9.6553,-6.4472,-6.7678,-2.655,9.5539,-3.7863,3.6135,-6.164,-8.8342,-8.2438,1.6149,-3.2622,8.1103,-2.0263,-7.2117,-1.1915,-2.2007,6.9486,7.206,7.3291,2.2729,4.5305,-3.278,-3.132,-4.7385,-5.5144,-6.7155,-6.8757,5.4622,1.4277,-4.6693,-3.2599,9.1642,4.4124,8.9378,3.1888,4.3454,2.9697,8.3166,1.3184,8.0637,-0.8846,9.0221,0.5648,-0.9723,-0.28,-7.7571,-2.8903,0.3503,0.9287,-8.8035,1.1466,-4.1693,-2.5158,-4.414,-6.1203,-6.587,3.6376,2.8597,3.8403,2.1571,2.0367,-2.1055,3.3759,-9.7344,-2.939,7.812,3.2556,7.431,-0.493,-4.6209,5.2892,7.4314,1.1085,2.0382,6.5137,-7.2697,-2.7951,0.9554,-0.9356,5.7831,1.0484,3.0204,8.818,6.6239,0.2451,1.0693,7.7345,-8.448,-7.9261,0.5365,-1.4195,6.6769,8.237,-9.7088,1.6102,-8.7766,-1.68,0.2253,-8.4414,-8.479,-2.677,-1.3614,-0.2833,0.5059,-6.9077,4.3517,-8.6397,0.4301,-7.0341,-7.1225,-7.973,-2.8101,2.4344,3.9464,-0.4873,-4.9579,8.2201,-8.9007,8.8351,4.2456,-6.7303,8.9187,2.7772,-5.3335,8.246,-5.7646,3.5254,-4.0134,2.0558
-4.6489,-3.2663,-3.3959,-4.7286,9.7633,-6.8238,5.971,-2.3477,-8.2109,3.5782,-5.8868,1.6677,-6.4847,7.7546,-2.0473,6.1656,5.4006,9.6758,3.7849,8.1109,-6.2212,-0.9318,8.5199,6.3021,-8.7867,-2.7468,1.7123,-3.1438,5.3324,-0.4096,-1.0139,1.4594,-4.4547,-4.6166,6.3983,0.9921,8.9559,-4.9317,6.6198,8.655,-6.4225,-8.82,5.0651,2.0085,1.3631,0.1926,-6.5309,-8.24,-4.8982,-6.3514,7.5178,-5.3918,-9.8344,8.0953,2.1634,-3.4065,-5.2734,7.9781,2.2842,3.9601,-6.5311,0.4206,-1.974,-4.5212,3.3259,5.8226,1.3507,1.0553,8.1139,4.5563,3.3774,4.1522,3.2961,2.5056,6.897,-4.567,5.7319,-1.4938,-0.622,-9.8832,-0.945,-5.2837,-9.2261,-6.2812,-3.7373,-7.3013,1.9518,-8.2993,3.3945,-3.4365,2.6257,9.2836,-3.2423,0.9779,7.8504,0.9189,-5.7932,-9.4813,-8.4022,-7.9569,0.783,2.5141,-6.1855,-0.1536,1.1703,-2.1632,-8.4663,0.6262,-1.9462,-9.3371,-5.4751,-9.3722,-4.9629,-1.0782,-5.1872,9.6586,4.313,4.0244,-2.8325,6.7951,-9.8865,2.7547,-8.4745,4.4765,-9.8609,-0.8259,7.6793,7.6545,-7.5118,-7.5725,-8.3299,0.9264,-0.972,9.5347,6.8083,2.4436,8.0705,0.9815,-9.5212,-5.5635,-6.6419,6.1433,1.1226,1.5294,-2.7143,-5.5237,8.2176,-3.146,2.5679,0.666,-8.6161,6.2985,-5.6076,-8.2879,8.7798,-8.0044,-2.3525,-6.1322,5.6684,-5.8457,-9.9128,3.3734,6.0186,4.8997,3.5871,1.5355,-9.9049,8.4362,-8.8811,7.2121,0.2274,-3.9994,8.6039,-1.9494,3.4561,-9.2128,-2.7149,-6.5115,-5.6055,-5.655,1.5758,5.6523,-6.4294,8.8023,8.8551,-3.9942,9.3424,-1.7818,5.4223,-1.5737,-5.674,-4.2302,-9.1843,-8.7792,2.4614,-2.6519,-1.0969,5.5955,4.1681,5.6597
-2.5419,-1.7036,6.1936,3.1956,4.2455,3.2776,-4.7307,4.7059,-2.0343,6.9902,-3.8967,-8.5568,5.1458,-5.9522,-4.4155,-8.9744,8.6641,-8.8108,-9.6908,-6.5263,-1.8724,-8.0229,1.642,-9.0048,-2.3278,8.7576,-5.0285,-2.5221,0.183,5.1391,-6.2409,-3.9993,3.5931,1.6323,5.6781,7.2948,2.5655,7.9353,-4.8631,6.3208,-2.4228,9.6303,-7.0257,-3.0904,-3.453,-9.0203,0.7005,9.547,-1.7538,-0.1877,1.0027,8.7834,6.3736,5.0317,-6.7332,-0.1138,-8.2256,-9.7521,-5.0475,-8.0839,-4.9567,4.5827,1.1559,-9.9216,7.3307,9.3111,0.8993,2.788,-4.3705,-0.1222,-5.3069,-7.8767,-5.7746,2.994,3.9752,-8.0663,4.5296,-1.9327,-0.6042,3.9074,-4.6291,-6.833,-1.192,4.7029,9.731,-2.354,0.0044,-4.0845,7.777,-1.2397,-4.1425,-1.7056,6.0144,5.105,5.2471,0.1008,-9.9941,-7.3542,9.9391,1.9343,-8.5937,-5.2686,-0.2092,6.1046,6.7487,7.9757,9.1321,3.3481,-9.2627,8.2798,-2.343,-2.8618,-3.0861,0.5118,-9.2307,6.3157,-0.5496,3.9891,7.1402,5.7132,1.0517,-7.4715,-4.4143,-7.3282,5.437,-2.7606,-5.8683,-5.3769,4.465,7.7628,-7.9496,-1.4218,-2.8534,7.7957,0.9016,5.4373,-0.7102,2.0155,4.6317,-7.8879,-5.0318,9.5155,-9.4222,-5.7537,-3.5777,-5.334,7.0171,-7.695,-2.0126,-0.7171,0.9064,-4.1287,-6.1339,-0.898,-0.751,0.3304,8.3748,-6.8231,6.7128,8.469,1.5917,3.6987,5.4606,7.1321,-4.3993,-4.1642,7.7997,-2.5171,-9.935,2.2999,3.0738,9.1796,5.7883,-9.3953,6.4255,2.3491,-6.8279,-8.6894,6.7388,6.7515,-7.4241,9.8123,0.2032,4.9279,3.1152,-9.411,5.4541,-2.3646,0.4886,-0.9959,6.4001,4.7727,2.5803,-0.3436,0.6261,-2.2753,-0.055,-5.8275,7.0473,-9.0286
7.2822,-7.2214,2.8272,4.8779,-2.1724,-0.0555,-0.9802,-1.9375,1.3362,5.0101,-9.0598,-3.0038,9.0343,9.8158,8.6828,-0.0937,-9.554,-9.6748,-6.8469,3.9786,8.4027,-2.1309,0.1829,7.3833,3.4309,7.7904,-7.0671,-2.4921,-5.5138,-7.1968,-5.1493,-9.2976,-9.1653,-0.7576,-8.7591,-7.0908,-1.687,-0.5036,2.339,-2.833,8.5518,-7.9858,6.6937,-4.9424,-0.9066,0.6622,3.7747,-4.6559,-1.6694,4.7097,-8.0964,-7.4628,-4.7085,-4.0755,-9.0561,-4.2216,1.066,-9.5718,5.4307,-9.1876,5.34,1.2154,5.508,3.2205,-2.6377,4.2132,-5.5472,8.4824,4.8908,8.2076,0.8398,-2.016,2.9903,-5.4975,-5.4738,-2.2821,7.3139,-9.8662,7.9467,7.4741,5.9276,6.4221,0.0577,-3.8618,-1.6024,9.1203,-3.8999,2.9067,-9.1193,-4.8581,9.7331,-1.7386,-8.018,3.6165,-5.3714,3.2873,-1.5598,-3.2995,0.7622,-7.8927,2.2263,-0.7278,8.4256,-7.3793,3.7979,8.8555,0.2045,1.3475,-5.1104,-8.7948,-0.5822,-5.2077,-8.6835,-5.8993,5.3028,-7.1997,-5.3174,0.0307,-8.588,7.2795,8.0653,2.8253,-5.4453,-0.5332,0.7655,2.9499,6.5916,2.6192,-4.633,-2.0571,8.5938,1.9377,5.937,1.1208,3.9033,-0.9807,0.0269,-1.5626,-5.6136,7.0444,9.7337,-9.2214,0.3066,3.2517,-4.6057,-6.7116,-6.4641,-9.5713,7.6779,1.8617,-2.9631,-0.7567,7.9673,2.4485,-3.299,2.4512,6.9067,5.6598,4.6332,-6.2794,-1.3825,9.6564,8.5611,-7.6842,-6.1081,5.7339,-2.2325,1.568,9.5233,-5.8312,6.8403,6.5931,7.8938,-3.4215,-6.8644,-8.5912,2.3951,1.765,5.0671,-2.2158,-5.1655,-2.6288,5.0841,0.2962,6.6943,7.602,0.6455,0.567,-7.7772,8.3993,9.5417,6.65,5.0652,2.937,8.573,-5.2484,9.5777,-6.5866,5.953,5.8593
-0.3042,4.7327,-0.1211,-2.6962,-9.3716,9.9907,-5.4944,1.9829,-0.4515,1.3961,0.4769,-1.7162,-5.5457,2.3297,4.5752,5.1232,-0.0432,0.8893,-4.3277,5.7066,9.6558,5.761,-4.0701,4.284,7.7679,-2.9536,2.7457,-3.4278,9.0761,3.9931,5.2776,-1.9268,0.5802,-1.5222,4.8402,5.6283,-0.4546,3.9025,5.8497,2.3047,-5.641,0.7324,-8.4426,5.9966,7.151,9.0945,-7.0282,-4.3413,-7.9944,-5.2421,-8.2442,5.8491,-4.0582,-8.7554,5.5683,-5.4841,4.2781,6.5132,3.2189,-7.7268,-5.7645,-4.9452,-6.2672,-9.2841,-2.3924,-8.2935,9.9137,2.1997,-4.9487,4.9076,1.1858,6.5289,-6.9398,-8.6582,0.3989,-8.4486,2.367,-6.4221,-3.8899,8.5922,1.2552,0.7157,4.9879,-2.6342,7.3894,-5.8716,1.1275,-6.9603,7.8945,-4.8949,3.4847,9.891,2.1811,5.3692,8.0263,-1.1272,-3.5334,-9.1225,9.9775,5.5526,6.7335,2.723,-8.7112,-1.181,3.261,-3.3464,-5.7182,2.9404,-2.7973,5.3531,-5.5533,-8.5241,-8.7717,3.8783,8.4626,6.9029,-2.9484,4.2093,3.9967,7.1796,-6.7248,2.6701,-4.539,-0.1708,6.8936,-9.0988,1.6613,8.9509,-2.8659,-7.1596,7.7537,-8.804,-0.8286,-7.3512,6.1534,4.5436,5.4366,8.2158,-3.2326,-4.7409,1.2311,7.7283,7.0301,9.3536,-8.9448,3.2455,6.7063,-8.3697,-6.6313,-2.0531,-0.5108,1.7018,-4.443,4.9682,0.8519,9.4582,-2.9967,-4.3451,-4.2695,6.5711,-8.1696,1.9958,0.4085,7.4902,6.9098,4.9214,4.1765,5.0772,5.955,9.0038,0.1695,5.651,-2.697,9.767,-0.2232,3.4803,-4.1692,2.208,8.321,-6.1649,9.5474,-0.2397,1.8001,-8.4129,2.7807,2.4482,9.8711,-9.1238,7.0825,8.5523,1.6744,1.2997,0.036,2.5319,-2.3724,-4.4772,-0.2902,4.8363,-3.7129,3.4096
-4.8275,-8.101,4.3684,0.589,0.3925,2.7793,-7.357,9.5306,-4.6716,-8.4486,9.0579,8.3471,-5.6667,6.9642,-6.3776,-7.6841,6.9443,4.8671,-7.6799,8.6357,-7.264,-5.6714,6.3244,9.6422,1.0213,3.922,5.0911,-0.9737,0.6583,5.4789,9.4715,-3.4819,-6.2931,-4.8932,9.1745,-5.7299,8.6779,-6.2777,9.2359,-0.559,-3.6534,8.4737,7.6931,-8.5986,8.3172,-3.2961,3.0062,-3.0759,-5.7637,9.4834,-8.9915,2.138,5.0697,3.2185,2.1194,0.4447,7.2469,1.6606,-0.124,-8.8393,-9.4789,9.5831,-2.1122,-6.9845,-7.1095,-9.3987,9.6573,2.6111,0.7845,1.0264,-1.5045,7.4477,-7.0728,2.0681,1.1255,-3.4747,-6.8522,3.8976,3.1755,1.359,-4.452,0.7402,-5.4578,6.8762,-0.6022,-8.8584,0.853,-4.3563,9.1084,4.6671,4.539,-7.3031,0.8746,-4.4916,2.0517,-4.222,3.2238,4.33,2.3052,0.6367,-1.5946,-7.7988,5.4151,-7.0704,8.2773,-3.5537,5.1741,7.7346,-7.6515,-5.0526,3.5016,-0.2395,6.2321,5.8832,4.6225,-3.0477,9.7109,3.4781,-4.4149,-2.2819,-7.6302,-8.1717,-0.253,-5.8366,0.9809,-8.8713,-7.0172,-1.2814,3.2492,-6.1113,2.6031,2.8398,-6.9193,1.5551,-1.6617,6.3749,-1.651,6.1301,4.3298,7.9389,-3.2092,-8.7982,-8.4746,2.1233,7.1877,2.3129,-4.9994,9.2064,-9.1212,-1.9919,-9.9317,-8.3493,8.2224,-9.1028,0.0974,-2.1826,-9.9517,-2.63,-0.3375,-5.6839,0.8265,1.7741,6.1875,-6.8465,-5.3616,0.4061,-0.6863,2.8494,1.6185,1.4615,5.6316,-4.5954,-2.8374,-6.382,3.1043,-0.8435,9.2602,-8.0347,-5.747,3.8475,1.9397,-4.2787,-5.8805,-1.7304,-5.0772,4.1108,8.8176,7.1079,-1.4048,7.0144,9.7823,-3.9391,-7.4965,5.9288,7.9479,-1.2795,-3.2015,9.6898,-5.2033,0.6338
-5.9267,6.9474,-0.5282,8.4772,-6.5418,-8.1715,0.3129,1.2157,7.1975,5.1118,5.7527,-5.9018,-1.802,3.3053,-1.8967,-4.4062,-9.8862,-5.74,-3.6256,5.1091,-9.8444,7.5993,-3.9336,4.063,5.5442,-4.5677,1.7482,3.6695,-8.3694,-1.685,3.1997,-6.6553,-2.8939,6.6521,4.605,4.3016,8.1066,-9.1501,-7.3461,-9.6303,-3.6289,6.6724,-5.7154,2.5778,-3.9994,0.1481,7.7189,5.5308,-8.365,-7.784,-9.4931,9.79,1.0683,-4.0389,-3.5977,-7.0208,6.6502,2.4959,3.7419,7.7122,6.0632,1.525,-6.0162,-9.4651,2.3996,-0.0436,8.9347,-6.3608,6.1005,5.9605,5.1843,-1.6408,-6.7252,-7.2146,-3.7098,-9.7817,8.7035,2.4638,-7.411,-7.5414,4.346,5.1442,3.0429,4.7396,1.5632,7.3844,3.0358,-2.2249,-6.8298,-9.1347,9.2745,-7.354,1.2501,-5.9524,7.8105,-8.9765,5.2879,2.4202,6.8339,-5.3121,-9.8528,-6.9341,-3.0159,-7.3416,-8.4625,3.8746,1.4502,-5.8172,0.635,5.2026,-7.7759,2.7163,-9.7884,0.8154,4.2346,8.3714,-5.0974,4.3766,5.0619,4.0612,-9.6746,0.8696,-3.5409,1.9278,6.3076,9.3257,0.2976,3.058,1.3705,-6.4003,2.76,-5.0833,-9.2102,-3.8132,-0.991,-1.3874,-3.5148,-5.0803,-4.7014,-2.5506,-1.3652,-9.9068,-3.5844,-1.2897,-0.2574,8.9771,4.144,4.688,3.0216,8.1227,-4.1145,-0.3204,9.2832,-7.4156,-2.3091,-6.81,9.5126,2.665,4.6278,9.4536,-4.6258,-8.6566,5.9903,8.1021,9.4187,-0.8273,-7.1094,-8.6919,-8.1859,3.65,4.6093,-8.3317,-0.9548,6.4892,-6.1618,-3.428,0.3657,5.4969,5.6254,0.1265,1.9643,3.6323,7.6201,-4.0553,-5.2905,-7.7088,-6.6589,8.9716,8.2216,9.8535,-7.9258,-1.5724,-6.5157,5.7066,-7.5208,8.6688,9.7774,6.3075,-3.4503,9.8665
-7.3558,8.8144,8.168,-1.2176,-4.5046,9.5369,8.1902,-8.6394,-4.798,3.2358,9.4879,-3.2948,-2.6559,4.3005,-8.7947,-9.5872,-4.4109,3.5877,-6.7603,-0.3791,1.7559,7.3223,5.2303,-4.2435,-7.7643,7.1141,-4.9204,4.3257,-4.3815,-6.6659,2.6006,-3.6747,-0.9493,4.7397,2.7581,-3.9948,1.516,-4.8265,-6.4144,0.2172,6.2413,-4.516,-8.8672,2.8447,0.5002,1.1209,7.2918,4.2605,5.6102,-5.4516,1.1902,-2.6148,-9.9172,8.134,-8.4301,-5.7167,8.4508,-0.3617,-4.4368,1.0812,3.8862,-4.9716,4.1505,1.6107,5.5256,8.258,2.2827,1.0951,-2.3348,-2.0837,5.7447,-0.6118,-4.9831,-1.067,5.7349,2.7458,2.7159,2.136,-2.6203,1.7442,0.606,5.4317,-6.2969,-7.0163,-9.3856,8.2322,2.9056,-7.1425,-5.29,6.6213,-7.0168,7.1278,7.6428,-1.4579,8.7486,-9.9687,6.3551,-1.8678,-5.8217,7.7671,-4.7387,8.5923,-6.696,-5.3645,4.3126,-2.3521,7.4484,-7.9634,-3.7733,-8.2598,8.8948,9.2961,5.1112,3.9338,-9.3425,1.4757,3.7417,-4.2191,1.6789,6.4762,-9.7433,-9.688,-3.1454,-0.9795,-6.5935,-8.593,5.7123,-6.0685,-3.579,-9.8461,5.6686,-9.511,-2.2547,-3.7452,5.3548,5.9804,-5.2409,7.6526,-4.3679,-2.4124,6.3096,2.3462,-3.08,6.0107,3.4289,-2.8499,-6.8588,2.5361,7.9085,0.1823,-2.3517,7.6859,-0.4099,1.682,5.1318,-0.455,6.7688,9.1507,9.2,9.1753,4.087,-0.858,3.8396,1.6014,3.1228,-0.5611,1.8924,0.2592,2.4428,4.2904,-7.2605,2.4136,3.7835,9.2377,4.5844,4.1452,9.7937,5.708,-1.7104,-4.9207,-3.8009,-3.0952,5.9428,6.4477,2.5232,-9.532,9.0005,-1.605,-7.2938,1.0224,2.9918,2.3836,-9.1184,6.8339,-6.724,-8.2807,2.8521,4.1398,2.4141,5.5506
-7.6991,-0.2364,0.6591,8.1495,3.7489,-5.2158,0.9269,8.1347,5.5563,-4.6278,7.2657,5.5605,-2.7911,8.6035,-3.263,-1.2792,-1.8637,-5.5132,3.9674,-3.4377,2.6325,-0.4925,2.1248,-9.6486,3.1987,8.6654,-3.9121,-0.8518,7.9045,6.9599,0.1193,3.0219,7.7724,3.253,4.2636,-6.8611,8.7747,9.0907,3.9826,-4.5623,-6.3016,4.2507,-0.2447,-3.6927,6.5959,8.2346,-6.5994,-0.691,-8.7326,8.5496,-7.5694,8.5811,1.1355,9.9949,-8.0469,-2.7341,-1.7495,3.4173,-6.6429,7.3896,6.5639,-4.4567,5.6951,4.2006,7.7077,-5.9206,-6.3947,-4.2418,7.2742,4.7742,-4.3602,6.4604,-2.779,5.7484,5.3012,5.748,6.2994,-5.1066,-3.7072,8.5777,-3.1047,0.2469,-7.8167,1.6044,-9.4076,8.4787,2.5279,7.1222,-6.5314,-1.5355,4.6167,-9.1992,0.7716,-7.9264,-4.413,-9.2629,-0.0927,7.514,3.1072,-5.628,-9.8486,5.3861,-4.2487,9.6553,-9.446,5.4821,8.6852,0.5685,3.1564,-4.1853,-4.3424,7.0038,-5.4742,7.5422,3.8544,-1.0128,0.2285,6.2328,5.3936,0.3475,6.7858,-0.035,0.7228,6.8981,0.001,-9.937,-0.7216,-9.7591,1.7572,-6.5882,-5.9133,4.9123,0.2571,-7.4933,-8.3121,2.5075,-3.5922,-5.9401,5.5307,4.762,0.1536,-0.0122,2.1762,-2.376,9.2526,8.9901,-0.4637,-3.4892,-0.2182,-7.649,7.2826,-8.7579,-9.6762,-9.1523,5.4749,9.0811,5.0575,0.1695,-2.5833,-5.8851,-5.8894,5.9181,-0.1056,2.7958,0.2574,5.3876,8.8144,-4.8441,5.9631,-5.0994,-0.5455,-9.3845,3.3464,-0.0803,-1.307,-0.8218,3.6341,-6.9293,1.2438,0.5119,3.4542,3.9569,6.5422,-4.6898,-8.8865,4.4868,-7.8021,-8.5131,2.0404,2.8833,1.7311,9.4649,-2.656,-7.8608,6.2462,5.8527,0.3297,-0.4649,4.9701,5.1418
-1.9985,-3.7629,0.22,-3.7466,7.0965,-6.5334,9.091,-7.9085,-8.5863,2.0762,-5.9001,4.606,-4.9768,9.4658,3.4373,-0.4793,4.6102,0.5934,7.4826,7.7975,1.2768,3.8908,4.8213,-6.0575,2.5117,-6.0552,-1.1759,-9.6012,-4.6483,2.0298,3.7585,9.2181,-0.5828,1.2903,-2.8524,2.2106,5.6139,5.5597,-4.9111,6.9668,6.9927,7.0786,4.3396,-6.4972,-6.4149,-4.3891,-4.7858,5.726,-3.7147,4.3951,0.9647,6.0435,1.0313,-5.3237,-3.8816,-3.0918,4.7478,-8.3094,4.7374,-4.8231,-6.7886,4.4517,5.8463,-6.8774,9.7136,-6.3251,2.2426,7.8876,-5.8874,4.9269,-6.5409,6.845,-8.5964,2.2268,-0.6164,4.1571,7.0853,-7.5272,-0.2225,3.2327,5.4577,0.7845,9.5402,2.6166,1.5003,1.6034,-6.979,8.2107,6.1832,8.2198,3.1106,3.4907,9.9868,6.7886,-8.3868,-2.5084,-2.4837,8.8915,-5.6647,-0.1134,-0.957,7.8848,1.1632,5.3519,0.0587,8.4709,-6.9492,-0.5611,3.4006,4.6747,-8.3808,2.8034,1.3474,-5.1786,-3.2082,7.8237,4.5256,4.0555,-6.6954,9.2833,-0.028,5.8941,8.5864,4.2447,-9.9186,7.9568,2.7439,0.6791,6.0332,1.7301,7.2207,-3.9412,-8.514,-0.8489,3.7158,-5.9214,-4.6497,5.8945,0.0468,-3.5444,-8.0992,8.6103,-0.3676,6.4558,5.84,-4.1743,-3.0356,9.7342,-3.0644,2.0449,4.0381,-0.7828,9.506,5.2144,-9.1286,-1.7115,-3.1283,4.0772,-8.9123,-7.6385,3.4233,2.2182,-3.1232,6.6939,-1.2663,-4.4967,2.4051,-0.8118,-3.823,4.223,6.0633,-6.469,-7.7078,-1.2088,2.9505,0.9085,-2.231,7.2122,-5.6668,-6.6525,-1.3816,-6.0665,9.2715,6.8514,4.8153,9.3561,-3.8781,5.8159,-3.9464,4.9393,-8.2624,3.9283,-5.3415,-2.5835,-1.2171,-1.2879,-8.8812,-2.6366,-8.5755,9.1333
3.9338,9.1401,3.5471,7.544,7.0232,3.8123,-3.1671,8.2828,-0.9565,-3.1319,-7.8864,-9.8036,8.4071,-7.775,-5.1496,7.0349,2.5505,5.9862,7.4213,6.2568,7.3448,8.3718,1.6963,6.9246,-3.5981,-2.4227,-5.4554,1.7723,7.1591,-6.8941,-6.3167,5.1013,2.7442,3.0029,9.3553,-1.3895,7.2085,6.6151,-6.3927,8.4315,-6.2645,7.5834,7.6039,2.0785,0.8948,8.683,-6.5557,5.7148,1.095,-8.4386,2.6353,4.0033,-7.7443,-0.7737,-7.4488,-3.909,1.7634,-1.0709,-8.2806,0.0218,1.8491,9.6797,3.2015,-0.5807,2.556,-8.299,9.3445,8.2407,3.5686,-4.674,-9.1944,-2.1123,-0.8592,-3.8147,-8.9998,4.805,-8.5534,-7.7619,-9.8387,-5.3204,3.1491,-9.7131,6.1892,-7.9265,6.5708,-5.4512,-0.0389,5.789,2.0819,9.9004,-1.216,8.0212,-7.3744,-1.0809,-7.3484,3.3528,3.1213,-1.869,3.9646,-4.5813,-2.0439,1.5559,1.3132,0.9925,2.0166,-5.4419,-5.7384,5.2812,3.5517,-1.8724,-9.6913,0.7225,-3.1643,8.8433,8.5617,-5.5276,-8.7492,-1.1301,-7.836,7.8384,4.4647,7.6735,1.1219,-3.2932,-4.3458,8.5173,6.8532,4.2019,-1.6268,8.332,-1.0869,6.2838,-5.0305,4.3266,2.6126,9.8141,0.1349,8.0997,-6.5518,3.2161,-3.9673,6.2163,0.7403,-1.3883,2.2339,-5.2884,2.2264,-6.0577,5.9072,2.9349,-8.2257,6.3948,2.3219,9.6348,-3.4198,-8.8033,6.2019,2.9445,-5.3485,-4.0953,4.3612,7.7319,-3.3441,-8.1926,-6.7113,-3.2207,-9.0164,-0.6916,-5.7761,6.4011,-4.8578,-0.6798,2.0343,-2.9109,-1.498,-7.6654,2.0603,-0.3984,-5.1809,-9.8569,-5.4966,1.707,4.2211,-6.0119,9.815,-3.6473,-0.2657,-3.6415,-3.8865,3.943,4.9151,9.9484,-3.8275,-2.6906,7.0187,8.3191,-2.7511,-4.9649,1.1307,3.0873
0.4853,-6.324,-3.0363,-7.2746,-1.4563,6.8018,9.3152,-7.5781,-2.7331,-9.7544,-9.6243,5.6349,4.0885,-3.769,0.3008,-9.8063,-3.2398,-3.1119,7.5581,-4.463,8.7865,-2.2194,6.5418,1.9656,6.945,1.7392,-7.9881,3.4293,4.2583,-2.7482,8.254,-2.4554,-8.9402,8.1234,6.8654,-5.7966,-8.5893,-1.3733,-6.926,-1.6564,-7.0132,-4.9022,9.5935,-5.142,7.2922,8.6891,-5.1428,1.4815,9.9777,-5.7663,9.6455,5.6921,-8.1789,-2.4312,0.0097,-6.4913,-0.4441,-2.6724,5.6885,-7.4903,5.7379,5.0748,4.1421,3.9433,7.6192,-4.5307,6.5943,1.3249,9.4856,7.6794,-6.8426,2.3619,4.0031,-7.5466,5.0414,-0.2994,-0.3,-0.6646,-1.6392,2.2648,8.9634,-8.1365,8.9001,2.868,9.7659,-6.8801,-5.6571,-0.6025,-5.6882,-5.9822,-9.2885,0.9803,-7.7891,-4.5594,-8.9149,-5.5062,-7.2677,0.8353,-3.4134,4.1902,-1.893,2.613,-1.5089,0.5109,0.1829,5.3557,-6.4902,4.95,-5.139,-1.1373,6.1408,-4.8827,-3.6446,-7.3402,5.0206,6.6703,-8.813,-2.78,-0.5054,-0.6206,-2.5906,3.4227,7.9305,0.0878,-5.7589,-8.8177,7.6941,2.6337,1.9525,-7.0835,-8.2645,5.227,1.1554,7.2255,-8.3329,-0.5719,0.5237,4.8176,2.5639,-5.569,6.023,-2.7689,-2.84,1.3355,-6.6595,0.4837,-3.2701,-6.5244,-9.3453,-7.8855,6.4394,1.7411,1.8474,9.6009,-1.1567,-0.8457,-5.8411,-1.4883,0.9608,-1.228,-9.9077,0.601,-8.4595,-4.8978,2.7919,-3.8182,0.6492,7.7089,8.0066,1.5935,-8.3587,7.4281,6.0509,-1.3675,-8.3964,-7.9207,-0.8032,7.569,-2.4758,-1.1273,-1.5454,-3.0931,8.5113,5.9405,0.9173,-3.2529,-9.1261,-6.3461,4.1874,-9.6623,8.6683,-2.223,8.1475,-3.4027,-4.1605,-9.1562,-5.5441,2.1002,-9.1966,-8.7737
-1.4258,-2.2979,-2.1893,4.4701,9.0331,-8.3458,8.8019,4.2119,6.5603,-0.5612,3.5128,5.8018,5.7097,-7.8932,-9.797,8.6583,-6.7591,5.9446,-0.2317,4.5324,6.3575,4.0718,9.6751,-8.1574,6.6771,1.5053,-3.6536,-2.1209,9.9492,-6.7283,-7.5005,1.074,8.2957,-4.4713,5.0535,-5.5907,4.2501,2.2957,-4.8137,-1.2843,-9.8818,-0.3408,8.0775,-0.3494,1.5747,-9.7263,0.4393,-9.6648,-1.7522,7.9037,-3.177,0.7353,-0.8199,-5.5692,2.4216,7.4467,7.903,1.4617,-5.3547,-6.1636,-4.6261,-8.5467,-9.5548,-1.444,7.7357,2.6732,-6.3712,-5.28,0.5188,-0.1259,2.5705,-1.7361,-7.6325,-0.1874,-3.0294,-5.7455,8.3656,7.0525,-9.9761,1.0227,6.1088,-8.4715,0.6119,1.0875,-5.3093,9.2888,8.7111,3.4181,-7.9286,7.0688,-3.7174,-3.3043,8.6102,5.0001,-1.8437,-8.2685,-6.5498,-2.7212,-1.3776,5.4387,8.9055,0.1869,8.972,4.1619,-1.4237,7.4692,-8.1073,-3.0639,7.2683,8.2413,5.9631,-2.243,3.5297,7.6831,-6.5354,-6.7725,6.4564,-7.4213,-2.8575,-4.3421,-0.7185,-2.9843,-0.2699,0.2497,-0.0887,0.9197,-9.4621,5.7966,4.8639,4.0218,-2.1351,4.3644,5.1424,-4.4597,0.9174,-2.4255,4.0729,4.6264,-4.9435,-5.7575,4.0198,-5.8159,3.1093,-0.9634,8.5891,3.8344,6.6003,0.6934,1.9112,-5.2323,1.8074,-7.7599,-2.7083,5.692,-4.8801,5.7586,7.3021,-6.5953,-5.1153,7.6275,0.5335,-2.4795,2.3464,2.0735,4.5733,7.2992,-0.539,9.288,-6.1476,-9.5763,0.1476,-2.9968,0.7021,-5.5624,-8.0241,7.8853,-8.0144,-8.6084,1.8238,2.3044,-6.5689,5.2167,-4.1545,-1.4836,3.6396,-2.1713,4.4341,7.5399,6.8066,-2.5469,-9.5478,3.8498,-5.4255,-7.7343,5.149,-9.5069,-9.9077,-0.6257,0.0341,-6.3193
-1.2582,0.2937,3.028,7.1688,-6.4573,7.5498,2.9983,5.8633,2.1269,2.8609,4.7707,1.8184,7.8549,5.772,4.1534,-2.1137,-1.853,-2.301,-5.1232,-3.8878,4.2212,1.2911,-0.4683,-8.6119,-1.5288,8.7144,5.3183,2.0541,8.1328,-4.1519,5.7307,-4.9786,3.4993,8.6929,-6.7701,7.3323,0.1501,-7.5574,0.8507,-0.3934,-1.8855,1.282,0.6802,0.7122,1.8656,-5.1697,-6.0445,-7.6958,-9.5578,-2.6191,-0.4601,5.1431,0.8785,-1.8388,5.9754,9.5921,-3.6423,-6.4478,3.9638,-7.6555,9.8156,-4.1632,3.4484,-3.9281,-2.7464,-5.2557,-2.9299,-3.4142,1.5756,1.581,5.0816,6.6352,6.9993,-3.6117,3.7124,5.2434,-9.4408,-9.057,3.0597,2.4848,-0.5263,3.8566,-4.2944,4.4706,-2.1248,-0.2336,3.621,6.1935,-8.3636,2.5863,2.3333,0.7833,-2.3727,3.0304,0.7334,-9.2415,7.0547,-7.6312,-1.2683,0.2046,7.8155,-8.8513,-8.0874,4.021,6.8045,1.7879,5.297,-3.6251,4.1577,-8.7085,4.1772,-0.008,-6.5583,9.123,6.1631,-8.8003,-1.7679,-0.2094,-8.0384,-9.1959,-0.111,7.658,-9.7531,5.4679,-5.9407,7.7417,-6.9819,-7.0368,-1.425,0.4812,-4.6829,7.0691,0.6489,-9.9698,0.9191,-3.6015,9.4879,7.0051,-3.7466,0.4518,3.0901,-9.3726,-1.153,2.3791,9.0484,3.9181,1.5696,-6.843,4.6998,-1.4386,6.3204,3.7966,-0.3371,-5.409,-4.9046,-0.6865,9.9221,1.4268,2.5288,-6.5965,9.0176,2.6661,7.028,5.5724,7.6252,0.1287,-2.9326,1.7618,-1.5679,7.8175,-7.6268,4.8773,2.6574,-2.6611,-3.4973,-6.5543,1.805,-9.7376,9.4781,-6.5745,7.0947,5.4815,5.0339,5.3863,-5.4531,5.0489,-3.6479,8.6016,5.9478,-7.4515,-1.5718,-4.2983,-0.9335,-7.3843,-7.6775,-8.6555,2.1114,-3.3247,-6.0365,-2.6719
-5.7221,-9.5514,-4.2905,5.0925,-6.4467,-8.2855,2.0691,-9.6045,-5.9518,-7.8569,1.1593,-7.8778,5.8507,-4.3763,5.6704,-9.2034,6.9623,9.2813,4.2434,5.6158,-5.2092,7.0821,-7.661,-3.8076,0.5478,8.5168,0.723,-5.6003,9.9868,1.8936,4.1472,0.9146,-6.7072,2.3859,0.0128,-8.9622,-0.1217,1.1196,-2.1783,-3.0041,1.073,-0.1497,9.4455,-0.0061,6.2203,-9.9641,4.917,-4.6013,0.0508,2.9591,-0.2729,-4.3442,-2.2951,4.7692,-9.7811,-9.5352,4.1991,9.0621,-0.1547,-0.158,4.9243,-3.6447,1.3362,-3.6188,2.9121,0.4572,-7.1547,-2.1967,6.7205,3.4994,9.1354,4.2032,7.0942,-1.6378,-0.3905,-7.9364,9.1983,2.1125,5.136,9.2975,-0.7597,8.2881,2.2212,-7.3351,-4.4024,-5.1323,5.4772,2.4791,-1.6182,1.3446,-7.7975,-4.9419,-3.444,-2.9975,-0.6618,-3.8848,8.4516,1.8991,2.039,3.448,-0.8564,-5.3671,7.6212,0.7339,5.1761,-5.0387,-9.6215,4.6121,8.4166,9.8472,-3.3083,4.2318,-2.3212,5.2517,0.0259,-7.2836,4.9138,7.7271,1.5034,5.6642,7.4396,9.1232,9.3406,-9.8602,4.2546,0.1369,7.6638,8.5213,-6.8539,-1.4698,-1.8859,9.5507,-3.0141,2.8013,8.128,-1.2922,2.4415,-6.4614,-3.9466,-0.7868,-7.3707,-6.2835,-8.0416,9.6524,9.8029,-9.4903,6.4407,-4.1766,-6.5885,-8.7994,-0.4343,8.034,2.1531,-2.5759,2.7822,6.3885,0.0859,2.4423,0.329,6.9042,7.5109,7.331,4.7081,-2.6725,-8.4283,-1.5049,7.071,7.3427,8.809,-6.0239,7.5444,-1.9151,-9.8154,0.2282,0.4938,0.2273,-0.7392,2.1962,-3.8789,8.1793,-9.1211,-1.6143,4.2087,8.9705,-6.1426,-6.8724,-3.0227,9.995,-2.4512,-1.452,-8.8875,-3.6304,4.5703,-1.2794,6.1418,5.1482,-1.7122,-2.623,9.6845,9.4621
6.5785,7.5867,-5.571,2.9141,-3.9308,6.3407,-6.9279,7.2224,-2.7083,4.2246,-8.3246,-5.9783,3.6549,7.5668,-7.9809,-7.8402,9.4765,9.9638,-5.3703,8.2657,3.0015,-8.2575,-1.2523,-5.3734,3.3847,2.2589,5.3485,-8.1873,-7.5976,-5.061,-5.3774,9.4659,-8.5895,-9.8636,9.3879,-1.6714,8.7415,5.2697,-5.8969,-1.075,4.1911,1.7936,-5.0089,9.7422,-2.137,2.4548,3.4742,-8.497,3.5189,4.6035,4.6095,-7.744,3.0176,6.6444,-2.7466,-9.7981,7.2722,-5.3891,-4.434,7.9154,-5.8559,-8.5823,-9.5887,-8.3778,7.946,3.8504,-7.9333,-9.722,3.085,4.8754,-4.8636,-9.7181,5.4113,-8.8531,-0.5656,-3.6656,-5.0672,6.3441,1.3353,3.446,8.1058,3.6826,-3.4026,2.4361,7.3285,-5.018,-6.0902,2.8167,-5.6876,6.9492,-5.3352,5.9374,3.0315,-2.5635,-0.362,9.021,1.6985,-4.3178,1.2267,-0.1094,-4.097,9.2385,-4.9514,0.1175,-2.0732,7.1687,9.1385,-9.4525,-2.3722,-0.1649,5.7259,-3.9106,-9.0431,-6.8541,3.2689,7.1608,-9.6953,9.9877,-0.0807,0.6045,-0.7041,-8.3528,8.2873,6.1975,-6.4873,-8.8059,9.0668,7.8158,-6.5271,1.4992,1.3555,-3.3923,-8.2252,2.2213,2.9525,-1.237,6.5259,-9.2972,-9.1337,2.166,6.0936,2.5938,2.6246,-7.8727,9.7129,-4.2692,4.1052,-6.8436,1.2005,-3.863,-1.9627,4.5922,-6.688,-0.9172,3.6458,7.0864,9.6997,-3.6696,4.4006,6.5802,-0.8176,-5.462,-4.3687,-2.5589,8.4706,3.1028,-0.108,-1.3903,8.4678,-2.3077,9.7323,3.0179,9.0132,3.9005,0.8787,-9.1589,1.812,8.2286,-3.6704,-7.3048,2.1539,7.0859,-1.7474,2.4196,-4.7698,0.5539,-7.6776,0.4809,-7.7435,-6.9956,3.5265,-3.3232,-5.1204,-5.8749,-1.5251,-1.9416,-4.0229,5.002,-1.5991,2.4131
7.1047,5.6975,-6.1527,-0.9149,0.2948,-3.9857,5.8137,0.0308,-7.1059,-1.3897,-3.4303,1.6478,8.6711,-4.9889,5.1862,1.4953,-1.3883,-0.1321,-5.7076,-1.74,9.7439,4.0415,-8.0714,-1.5504,-0.5429,-2.7968,-9.0673,-6.1976,-7.8723,5.2552,-6.0348,0.7116,-0.2423,0.2521,9.569,9.4026,-9.4475,-4.626,-0.2245,-3.2574,-6.8496,-1.6932,8.2757,5.4195,-2.9485,-1.9667,1.6987,-8.9828,6.0243,5.002,3.7506,-7.3665,-5.3813,2.8239,0.3338,-9.6714,5.7869,-0.8126,0.8636,-5.4879,-0.7034,-5.9603,-1.3528,-1.6524,-4.8598,-0.6636,2.4993,-5.2927,-8.937,-2.2624,-9.9052,-9.3663,-8.5667,7.4992,8.2481,-8.3732,3.8497,-7.1114,-2.302,9.2402,-0.8633,-6.9267,3.9054,1.8065,2.1893,0.4986,2.9506,3.4188,-8.0987,-3.2926,0.6024,7.9728,-0.7572,1.1672,1.0616,-7.8123,3.2359,-9.1902,7.811,-6.9325,0.4084,4.8058,5.0727,-6.0166,-7.9816,7.4942,-4.1637,-5.0259,0.3029,3.6885,-8.7268,1.0443,-7.5408,9.6018,-1.8236,1.2181,-1.9693,8.5057,-0.8127,-0.3174,4.0654,-9.0906,-2.0597,-9.6601,9.7876,-9.284,0.0164,-0.3996,-3.4394,-5.422,0.0588,-6.2774,-4.6382,-5.169,8.4544,-2.9927,2.4063,2.4696,0.9469,-4.7265,-7.0823,1.6647,2.4552,-0.0398,-0.5034,4.352,7.2473,6.7707,-3.4834,-4.5884,6.2965,-9.9954,5.583,-0.5564,-7.0275,6.7068,3.6212,-3.2049,-7.2554,-3.09,-4.4695,-0.8309,-2.7445,2.7947,-7.2569,6.7906,9.3136,-2.7311,-7.7136,-0.6972,-0.7784,5.4593,-8.6583,-7.2857,-7.2576,-0.4459,3.5746,-3.5888,-6.0799,4.0019,2.5888,-9.8243,-3.4142,-3.8365,2.4322,6.7186,-1.7515,9.6051,-4.1866,1.2333,-5.5268,-3.2929,-8.6278,-9.3678,8.5561,-9.6249,-9.3708,6.4545,9.3107,-2.5219
2.8923,-0.1678,-0.9948,-0.0039,-4.2033,8.6628,-7.0996,8.8054,-9.5804,8.023,-9.5272,-9.3948,0.4729,6.0618,4.6259,-2.6385,2.0011,-0.5404,1.5352,4.6309,4.1243,6.2494,-7.7719,8.806,-7.8663,9.2135,6.1755,-2.9205,-4.9328,-7.2665,6.2962,-8.5235,3.4929,6.5226,8.6363,-8.3824,2.95,-2.3737,-4.6912,8.2789,8.1973,-0.5511,-3.697,-1.0322,9.5723,5.7063,-7.5476,-7.124,5.9374,-1.322,0.0278,-5.4976,2.5809,2.4076,-4.7511,-8.723,9.034,0.3605,-4.2659,-5.1489,0.7259,2.4973,7.9692,-9.1296,-1.9125,2.4759,1.5056,0.2872,-9.9852,9.2635,6.1661,0.4343,-4.0586,-5.0979,1.9303,-9.4998,8.3809,-9.3352,4.1718,-0.8639,-5.0112,1.8152,-3.7058,5.7039,-5.7073,-3.641,7.9433,-5.5384,9.72,8.1295,7.0532,-3.3136,2.2067,-8.9635,-0.1155,8.0426,6.1919,0.1896,-7.9088,6.8486,8.4097,-7.2262,-3.3666,-2.2583,-4.4696,1.4124,-9.4254,-6.9612,6.8855,1.456,-6.6848,-2.6239,2.2705,0.6863,5.4262,6.2678,8.1949,-3.3227,-6.3139,0.8842,8.9331,1.7014,-4.0973,-2.6776,-8.3506,-9.0362,9.8451,-4.9804,3.9261,-8.1036,-3.3562,9.8009,-0.6081,0.5531,3.7892,-0.7472,7.9596,-4.7779,3.5154,-3.4396,0.1137,-6.3138,9.933,-8.9108,-3.3627,-6.1602,7.9257,-6.0152,-8.1897,8.0215,-7.1028,-4.661,4.1751,-5.0703,-1.7112,0.393,2.5607,6.5206,9.3932,-4.9293,0.6614,3.3033,4.1322,8.1629,2.8793,4.6583,6.948,9.2752,-7.5979,3.0543,4.1598,8.6216,5.1201,-0.8399,-5.2413,-1.4522,-1.3916,-2.4109,-6.516,-3.007,-1.2031,-1.0142,-2.3076,6.5346,0.9471,-4.6612,-2.5839,-0.1351,9.3842,8.6224,-2.8621,-7.4084,3.8438,3.7092,8.7161,-2.9285,6.5373,7.5531,-6.6248,-3.5234
2.1865,-9.2355,-7.7792,0.4973,-3.4954,3.086,-0.2233,0.8926,-8.9597,6.3524,-7.1391,3.0386,-8.468,4.5351,-3.0799,5.3344,0.2785,4.2333,4.6396,-8.2586,4.5186,4.2301,0.6258,5.7884,1.7033,6.3137,7.2362,0.0939,-2.9196,9.4701,-4.5151,-0.1514,-4.2393,4.3387,-3.1621,2.5309,-9.9848,7.7079,-2.2637,2.0227,-3.3951,-6.3576,-9.3354,2.7794,-9.9287,-5.2191,1.062,-1.8217,3.2395,4.8453,6.1919,-9.604,7.9525,9.0685,-2.6407,-7.2531,-5.4846,6.3228,2.6028,3.5669,1.8271,1.7046,5.5744,-0.7399,-7.789,-5.5587,-3.7826,5.7904,4.9062,-0.3052,9.2426,0.6608,7.0194,-5.2121,0.4835,1.5015,-7.8217,2.0126,4.4108,7.8049,3.9347,9.1779,-9.577,-7.2068,-0.5439,-9.3849,3.9622,4.8861,-3.4341,-0.2858,7.0336,-4.7319,9.8347,-8.9609,-9.0492,4.7642,7.3008,6.1622,-2.4856,9.992,8.323,7.9339,-0.9392,-0.7021,9.356,-2.5128,1.8478,2.3415,-6.243,-0.5438,-7.2954,9.1627,-5.1564,-9.1072,-3.889,0.5384,6.6863,7.7938,1.6664,9.5274,-8.94,4.4622,3.7369,-2.8677,1.3159,3.5199,9.9592,0.9403,9.0292,-8.3711,6.8363,-6.5951,-8.0819,7.1878,-8.2636,-2.6478,5.6375,-6.7088,-1.6231,1.3301,-8.7628,4.992,-4.7224,6.9915,9.0981,8.2199,9.6871,-5.4004,4.7663,8.8508,5.663,9.9335,6.0606,-3.6084,-4.9919,3.7609,-3.6988,8.5919,-2.508,6.2303,5.8998,-7.1774,-7.6596,7.6873,-3.8177,-3.5014,7.4913,-9.4388,7.4685,-2.0105,9.9534,6.0472,-1.1501,9.5334,-4.0794,-7.6544,-5.3195,-2.7196,-3.4199,8.6823,7.3647,5.1871,-3.4715,6.1078,6.1215,8.6624,0.2829,-3.6289,7.93,9.9561,2.8754,-5.4402,8.3247,-7.8052,2.6072,-9.7805,1.9442,3.8145,7.3621,-3.9065
-9.4071,-8.7058,7.603,7.4941,6.3072,6.3399,-4.7881,-6.9077,-7.1895,-6.8558,-1.0822,-1.3594,-0.5949,4.6652,2.0065,1.6269,-8.4074,-9.4365,2.2498,-2.8771,9.3435,7.9944,-9.3948,-0.4303,0.9521,2.012,8.92,-8.768,-8.5879,-1.7636,-2.4309,-8.5657,-9.6022,0.0083,4.5932,5.0941,-4.1954,6.0114,6.8217,-7.859,-0.9565,9.0618,1.0135,7.773,-2.989,5.6521,-6.57,-8.3472,-9.5194,9.328,2.404,5.2552,2.5405,5.3016,-0.1033,8.9334,6.7656,-0.0148,5.0708,4.0554,-3.8042,4.8535,-7.3524,-7.2057,-0.369,-0.3857,-0.3836,-9.0164,-1.7836,0.2077,5.41,6.2584,-3.8165,-4.9347,-6.0396,-0.506,9.5337,8.7364,-0.0035,-1.385,0.6809,-2.2934,-0.7602,6.8766,-3.4478,-5.8108,1.888,8.9527,5.4543,-3.6717,1.419,1.2291,0.3737,7.2684,-1.5589,-4.2168,-1.0421,7.855,1.1425,6.365,1.6194,9.5099,3.1777,8.5179,-5.9951,-4.41,5.5128,-5.3672,-9.6891,-7.1249,-8.0231,9.5647,9.3091,5.6898,-5.533,9.3908,1.2814,3.1096,7.3203,0.0853,2.7264,-4.7903,9.5509,1.016,5.2252,5.5199,2.3317,0.9069,1.0119,4.5322,6.7846,7.9213,0.7048,2.355,7.5233,9.0078,-1.5393,5.6847,-4.4682,2.1568,2.8226,4.1046,4.8268,-7.887,-1.2128,2.4051,-5.7416,-0.374,-1.9438,0.4535,-7.7808,8.5006,4.4461,-8.1695,8.7899,5.3059,-4.5896,5.3247,-4.1761,7.1748,-5.2245,7.0102,-1.2458,6.3635,3.5207,6.143,-5.3425,2.5223,8.4114,0.8634,1.132,0.097,2.4124,-3.1311,1.6437,-1.1487,7.6307,9.3113,6.9334,-0.5536,-9.159,-1.3656,9.381,6.0745,9.7496,4.9697,4.9917,7.9843,9.0402,-0.4407,-0.096,7.5194,-1.087,6.3979,-6.6525,-2.9414,-1.8002,-1.503,4.3582,6.3354
-7.0265,-4.221,5.4313,-5.4379,7.1636,-9.8894,-6.0828,-4.7735,-9.788,-6.0113,4.343,3.5331,5.3697,4.0794,7.8896,-1.4813,-9.4863,2.9038,9.9778,8.1766,8.6642,7.5765,0.8043,-8.8281,1.8984,-2.4052,0.6933,-9.3291,4.2127,5.0531,-8.5282,9.7759,-6.7288,5.1314,-5.0692,9.2823,-2.6019,-4.17,-5.974,-7.846,-0.6691,3.7012,2.8109,-4.2987,7.7577,1.0365,0.4821,-4.4196,-8.3493,9.9898,-1.4326,-2.8077,-4.6019,-1.7293,-4.994,7.6777,-6.9089,0.5283,-7.7918,-9.5254,-5.1187,-3.6601,8.5046,-4.7162,-6.1321,-1.6305,2.0996,-6.9534,-1.4059,-2.539,-9.9808,0.3124,0.5022,8.7687,-9.6092,5.8667,-8.0556,9.0431,3.1149,1.6449,-0.3927,-6.5748,-6.5018,3.7678,5.7851,8.89,-6.1085,-3.2917,-3.3391,1.2259,2.893,-1.0569,4.2587,-4.8876,2.0788,-1.5035,3.8808,-7.3398,-3.3693,3.8625,6.578,4.2899,5.6544,-9.654,-5.4653,-9.3487,-0.0238,-6.4799,2.9809,1.8322,1.1979,2.8148,0.1899,-8.9628,4.7235,4.7472,-7.1974,1.4976,-6.7045,3.4921,-1.0969,3.6038,-1.2733,5.0235,4.3667,-2.0218,5.8689,1.7842,-2.3805,-6.929,1.8333,8.7546,-2.1253,1.5139,-6.0846,-5.646,4.2694,-3.2937,-8.3845,6.2293,3.6107,-4.7322,-8.1753,-8.6761,-3.0381,5.1331,-7.4451,7.8184,2.0358,7.0342,-3.1246,6.4832,2.5789,-6.393,3.5401,6.393,4.3357,8.4032,-4.7381,4.3274,6.0195,-4.5797,2.2038,-8.6979,8.8502,-9.9809,9.5434,-7.3014,2.1846,3.2179,-5.4045,-3.7555,-6.4121,-5.3449,-0.0468,3.7893,-3.5643,5.0868,4.1221,-7.2986,5.5032,-6.9552,-1.5114,1.2065,8.4604,-1.5108,-2.2872,0.4462,9.9325,3.1155,-9.7055,-7.4807,-9.3778,6.4145,-0.3553,-0.0808,2.3978,-0.2016,5.4319,4.7094
6.0746,-8.1775,9.8838,7.082,-5.002,5.5055,0.6105,-8.3074,7.0143,-2.0674,1.7469,-7.5953,4.2401,-2.2533,2.2933,8.9395,-0.9862,-2.8698,5.5122,-6.2768,8.6359,5.2929,-7.2673,6.6632,7.5343,0.3908,5.3197,-1.1402,-7.6635,-9.2465,6.9939,4.2945,1.8555,-4.9815,-9.8089,3.6825,3.4163,-7.2491,-3.516,-1.4974,-6.2465,-8.8368,-8.4395,2.0161,0.7324,3.2042,3.7342,2.2115,7.1735,-3.9033,-9.8344,5.5256,-4.5077,-9.2022,-9.0781,1.2833,-7.646,0.3119,9.8269,2.2903,-3.2174,3.3541,-2.6285,5.6865,4.9208,1.0186,6.3588,1.8404,-7.1759,8.9907,-5.7166,-0.4077,7.135,-4.9113,-5.0669,9.2813,-3.6039,5.5423,6.2722,-8.6858,-1.1905,8.7831,-3.538,-0.6248,-3.6153,-4.9641,4.2094,1.474,-5.7855,1.0639,-1.0541,0.0098,-8.6017,3.1251,0.3035,7.7149,-6.7361,1.1098,-3.1371,7.6743,8.5052,3.4268,-3.4254,-1.8149,3.7641,5.1329,-3.6889,3.677,-7.3393,-8.2627,0.4513,9.2157,3.2549,-4.6753,-6.9184,6.5691,8.0114,7.7611,9.2025,5.131,-0.5044,-1.1322,0.3164,-1.8197,-0.9802,5.7101,6.5709,-1.6542,2.9136,-7.1041,6.351,-7.2017,6.7998,-4.9825,4.3057,1.7596,-2.7478,5.5847,-7.5338,-1.9426,-3.4567,8.5605,-7.0147,6.9972,9.7967,-1.6298,-8.6155,-9.8592,-4.9174,-4.77,1.4818,4.1192,-0.7902,-9.1577,9.5184,8.7696,4.096,-4.7419,9.6309,-3.8542,-9.2032,0.2021,3.6329,-8.9402,-6.6053,-9.9871,5.0536,9.5565,-5.1163,-2.2432,-7.106,7.9906,-2.1391,5.9387,-6.983,1.1184,-8.1443,-0.0719,-6.8143,7.6723,-5.3329,-8.9313,-3.0236,4.4319,-0.4477,5.3702,2.5215,-7.2126,9.6728,-6.4976,4.7058,2.6263,8.087,-6.9042,2.5793,-5.4414,9.884,-6.9561,8.5271,5.3709
-6.9599,-0.0079,-7.2523,2.334,-7.8813,-5.7074,0.3,0.2184,-3.0184,2.5209,7.0116,-3.0895,8.9649,7.1826,9.602,-0.5604,-6.9624,8.4746,4.2017,-8.7475,5.9004,-9.3923,-7.5286,2.5039,-9.6936,-1.4616,-2.1368,2.0349,8.6387,4.8347,-0.812,6.9225,-4.2177,2.445,-0.1703,-7.8743,-1.1056,-1.3382,-6.6798,3.7963,1.9719,-9.6881,6.3885,9.4205,1.501,0.1904,9.3667,8.8119,-9.9951,1.5979,-9.0686,-2.6097,-0.8126,-9.138,-8.9505,-1.1566,2.8004,-8.8051,3.6644,-3.0091,-8.408,-2.9454,-1.6315,-5.6776,-2.7573,-4.0139,-2.8475,-2.9889,-7.3232,8.7884,-6.2338,9.4638,8.282,-6.1928,3.862,7.3256,-2.4291,5.7547,-6.992,7.4151,-2.3905,9.2796,-6.2419,3.0408,-4.4203,-7.7913,9.9731,-8.2653,0.9355,4.451,-1.3325,2.1008,-7.5388,-3.0864,-7.9908,-5.9557,-0.7574,-3.3592,-5.2225,-1.536,-9.6353,7.4685,5.7788,-7.0192,-5.1276,-0.1179,1.5928,-5.8255,3.3434,-0.1077,-0.8333,6.2267,2.1546,-4.5129,5.8868,9.3367,6.0302,-4.1532,-6.8304,2.7865,-1.837,-7.5003,-6.1367,0.5516,-6.7906,5.6508,1.087,3.269,6.3803,3.3938,6.1818,3.4595,-1.1239,-1.702,-3.8835,-2.7082,4.5726,3.4181,-4.7016,5.2009,1.1658,7.1432,-0.8967,6.4166,2.1692,-0.5302,-0.0203,-7.977,9.0015,2.9233,9.6638,5.3998,-1.2209,7.8766,-0.1803,-6.3711,-1.3517,-7.0709,-3.9928,-0.0784,-2.3952,-4.6094,-1.2682,-0.3852,1.0267,2.4612,-9.1385,6.1174,6.3083,7.7546,-9.4312,3.4959,1.5399,-6.9376,8.9615,0.6442,2.7571,-7.9323,8.4686,-4.5654,-1.968,6.8439,-5.2011,7.6145,4.6068,1.6699,0.1653,-1.2171,-5.8613,3.2649,8.1493,5.7685,-5.6759,-4.7381,-4.3324,-2.4541,-4.2558,-0.737,3.9194,4.2616
7.6845,-2.8559,9.6403,8.1567,2.2672,1.1082,0.3862,4.1572,-9.9605,-4.2326,-8.4228,0.1611,1.7567,7.1057,1.0196,9.1426,-8.6207,6.1263,-5.6219,-5.2942,-5.7938,2.2929,3.0317,3.1582,1.8186,6.1754,5.3234,3.3549,-4.0873,6.9998,-2.9972,-0.6007,4.5249,-5.4997,2.0878,-4.0053,-5.5877,-1.793,-9.6485,2.9608,-9.1876,5.8555,7.2968,-3.1102,3.0369,-0.7127,-9.1463,-0.0914,2.8343,2.5814,-9.4888,-1.3758,7.8352,1.7451,-5.435,-6.9359,5.9192,6.451,-8.7888,2.2302,-2.7184,6.2278,-9.3695,-3.6263,-6.533,-0.3627,4.3495,-4.434,-9.9042,9.9037,7.2945,6.4733,-6.6225,-0.3391,9.1107,-3.1779,6.0876,2.4521,-2.0523,9.5907,5.3955,8.8416,0.2499,-6.2479,4.7666,0.915,8.5311,8.8883,-6.4321,2.0353,-0.2699,7.98,2.6305,-3.3241,-9.5986,-0.4162,-4.7621,-5.6579,-4.1479,-5.5628,6.8945,6.6214,-9.477,0.9903,4.6229,-7.0434,3.3763,-4.9277,1.5777,9.4728,4.1705,-6.3512,8.4539,-5.1334,-4.0502,-5.8684,3.1733,-3.0099,8.6715,-1.1203,0.2475,-7.4585,0.3909,6.8138,-6.0712,-7.3012,4.677,-8.476,-7.395,-9.6034,7.9698,-0.5329,4.9242,2.4983,9.5353,-9.2871,-2.8324,5.3874,3.2506,-2.5294,-2.0223,-6.5937,8.6743,0.8953,-2.9474,-3.8795,0.1035,-4.2206,-0.0327,4.0592,-0.0767,8.5093,-6.9335,-5.9739,-4.1844,-6.2967,-2.6467,-2.1186,5.6272,-1.5763,-0.477,3.5809,8.0921,-1.0485,-7.3235,8.3717,6.9962,9.4488,8.9893,-3.3615,-6.5687,6.1615,-1.3288,8.4743,4.885,9.6852,5.3143,2.887,-6.0986,-8.9903,1.4885,0.9842,3.4827,6.7826,7.5109,-7.2142,-6.2976,-9.2163,3.3065,9.2591,7.7976,6.0599,2.2845,-4.0165,9.3294,-7.075,-9.4018,9.5763,1.3122,3.6953
-3.9406,9.2031,-2.4264,7.8672,5.7615,-6.4979,0.9595,3.8422,-3.3088,-0.3588,-8.4935,-8.5622,-9.9685,-3.525,-6.7319,-8.2524,7.6763,4.3758,-1.3001,-3.4296,9.8409,-7.4397,3.3371,-5.239,-1.2073,-3.8528,3.873,-0.4001,-8.438,-1.6582,-7.5896,-0.8537,-9.6574,-2.3452,6.4268,5.7606,6.4535,7.6318,-5.1441,-8.2516,1.4076,0.8622,1.3123,-6.26,-8.2187,0.6522,-1.8519,1.7894,-9.6797,-8.2481,4.361,8.7686,-8.9561,4.8379,6.1571,-3.2674,-3.4189,-9.5135,3.5715,4.2352,-9.8035,-1.0387,3.6851,-0.531,7.1683,6.901,7.216,0.3506,-5.2638,6.7926,1.6956,-0.9471,4.5789,0.3437,-4.3727,-8.1559,-8.4732,-9.131,7.7252,-6.7195,-2.5553,4.9055,8.0468,-8.6125,4.7197,-7.3555,7.3124,-1.8267,-3.8236,-2.4219,-4.5718,7.8538,-1.7297,-6.6753,-9.7512,9.2498,1.1672,-0.2402,-3.1207,-4.7477,-8.5725,-4.5329,9.7587,-6.699,-8.8255,-9.9022,3.6434,-7.4461,-4.4576,-8.9037,-8.3915,-2.9842,4.5737,-6.5329,3.3255,2.4929,8.656,-5.6034,9.504,-9.6261,-4.9421,3.53,-3.7919,-3.8631,-4.3262,-6.2119,-4.6826,1.2254,-4.4678,0.4151,-2.6894,0.6904,-9.5299,-1.8515,-8.0058,5.9837,1.0304,1.8146,-8.6742,-2.4915,-9.9565,9.3509,-7.2145,9.7818,8.9767,-3.6168,-8.3612,1.3309,-6.1018,-7.9509,6.2159,7.8191,-5.5495,0.1609,-9.944,1.5086,-0.6291,-1.9045,3.9371,-7.3403,1.8394,9.9652,-6.9962,8.8409,9.7765,5.7528,-0.5324,-0.2006,9.2305,2.7725,7.8931,4.8318,-6.5123,9.452,-5.2625,-4.7489,2.3924,-7.6619,3.5065,-4.72,-2.2618,5.642,1.5719,-5.4104,-8.8377,9.0527,-9.5092,3.5303,8.8717,-6.4732,-5.743,5.9287,6.9677,4.0756,1.023,-1.6411,1.9362,-4.3313,9.8206,5.042
-8.8311,8.5951,-0.3798,9.1021,-9.0191,5.5653,-4.3399,1.9876,2.9434,-7.4901,-6.8498,6.3502,-2.8823,9.167,-3.8185,2.9704,-8.4913,-9.5993,-6.211,0.6375,4.9174,0.8011,3.3038,-4.8396,4.9826,-1.5674,-1.1895,-8.4933,7.8992,8.5465,-7.3602,-6.8109,-0.0482,-9.0977,3.0961,2.9607,3.4435,3.1063,-7.5039,-3.8204,-7.5986,-0.6105,-5.5199,3.4105,8.9347,-6.1031,3.1867,-4.0683,5.3404,-8.5884,5.5048,-8.1314,8.6559,-4.8329,-8.0004,0.3645,-4.3865,-1.2813,3.9361,-4.8047,-3.0144,-7.1688,7.8226,-6.0976,9.1644,1.2297,-0.6955,-1.139,4.4443,-4.4604,-0.5408,-3.7521,-5.5187,-1.8184,8.8225,-3.6421,-4.7937,1.9974,-4.8936,-8.4376,-0.5264,-4.3619,8.2433,-8.1972,1.7536,5.2242,9.013,8.6419,9.7219,7.497,-5.4352,-5.0927,-7.2153,-4.7579,-1.9669,5.6399,-9.2291,6.9271,3.8752,-2.6595,8.6885,0.9094,7.7755,-2.8547,0.5038,6.797,8.3627,-8.4278,6.1339,-7.8652,-9.5215,-2.7096,3.3515,-2.8267,-8.6162,-0.7467,9.1772,1.368,-8.9994,-7.2851,-3.9563,2.8661,3.5808,-6.3237,2.5131,-0.9277,-9.9491,8.8023,-3.3736,9.8217,3.6778,0.5197,4.7024,0.7051,8.8444,7.9784,-2.3126,2.3249,-6.37,-3.7058,-0.2637,-1.5712,1.5045,2.3754,0.3468,8.7193,9.8967,-7.2508,-8.6533,0.0733,-5.4259,3.6495,-8.9601,-8.5623,-8.8586,-5.0536,-6.4319,9.6993,-3.2907,-0.703,-9.6166,-5.4484,-4.1242,-1.3359,-3.9166,-4.564,1.5682,2.6398,0.6215,9.3961,4.3417,0.1288,5.3338,-6.5861,1.9136,1.8796,-2.6478,-6.7048,-7.3765,-3.4807,-9.5381,4.4839,0.4681,-0.6544,-0.5692,8.6397,-3.5717,5.7197,-4.1819,-0.41,3.7591,-1.6491,4.1683,-2.6962,4.3523,7.955,7.6813,-1.7284,-5.0756,-7.6132
1.4287,-1.882,-1.2479,9.4012,-9.3184,-9.3587,4.5169,-0.9871,-3.6484,-2.5303,-9.4261,-8.8389,3.1705,9.0165,8.6733,4.7768,-6.5605,-1.4238,-5.9922,-4.2302,7.8689,-1.8132,9.4955,8.99,0.6205,-9.0173,-1.3761,3.1225,4.4557,-9.6249,9.481,-2.389,-7.9543,-6.1134,1.8058,-9.9438,-6.9069,7.9661,5.9462,8.7949,-5.9885,1.6103,-0.9089,-4.9835,9.7023,-1.8342,5.4892,7.1272,-2.6924,-0.905,6.3462,-2.6216,2.551,-1.4708,-4.7702,1.9409,-6.1426,2.1641,6.9345,-1.0402,-7.0264,1.0304,-4.9458,-9.0694,-1.4179,7.8896,-0.1519,-3.8651,-8.7903,-7.116,-6.0519,7.4542,1.1203,-4.1865,1.791,-1.7943,4.0672,-5.5071,0.6167,-0.91,4.6231,-5.2159,-0.1538,-5.4289,-2.57,-3.0601,4.6814,1.3692,-7.6546,1.9975,0.2303,-7.5422,-4.6844,-7.5613,8.1498,7.7497,2.1443,-4.3138,9.9803,8.1422,1.381,-2.6553,9.8986,4.5742,7.205,2.8506,9.8636,8.9529,-8.8519,-8.7792,2.1511,2.7602,4.1966,3.2607,7.2665,-1.8806,-8.2241,-4.7836,-1.3764,4.897,-2.9719,-8.5003,3.8218,7.5339,-2.6587,4.0641,8.5963,3.7105,-9.5319,-7.9983,8.6165,-6.4819,8.6779,4.9498,5.9349,-4.7527,6.4411,-0.5626,-2.6538,-4.859,-4.0249,4.014,2.6448,9.55,1.3096,4.6522,-9.9069,5.7436,-8.4555,2.4387,-1.0368,8.6351,-8.1516,6.7316,9.3275,9.3641,-5.3473,1.3491,1.7537,-7.4026,4.5172,4.0488,-0.0666,8.308,-1.8972,5.2671,0.1103,7.0559,-0.1054,8.5474,-4.1239,-8.3745,2.4378,2.928,-1.1773,-6.7229,-3.8411,3.3945,-0.8636,6.3602,-3.0705,-1.9637,-2.3868,-5.8551,-8.5508,7.7418,5.8827,-0.7506,2.6199,5.1797,-5.2983,-0.1155,-7.0347,0.6009,1.4194,-0.8611,4.5667,7.2481,-1.8792,9.2348
4.9627,9.8879,-4.6688,-4.9708,6.6608,2.3948,-3.846,-8.0855,-7.5461,-0.8089,-4.6158,3.4992,-8.2975,9.3413,4.3831,-6.2613,9.085,-0.184,-3.5054,4.9256,-9.8073,-8.9966,-2.1547,-8.2091,-7.6814,-0.1708,9.5217,8.6917,1.6547,7.847,3.1095,-0.5459,-8.7601,-2.1085,0.2378,-9.4295,0.0307,0.2508,7.0996,-6.8236,-2.0736,-7.3332,0.2626,-8.8012,-9.0386,-8.0244,7.3191,7.2318,-2.9402,9.4166,1.2226,6.7505,-4.6244,-1.7734,-3.0301,-2.7639,-5.7821,6.3596,-3.1544,7.8398,4.9835,-9.2708,-9.7437,9.4163,0.4458,-0.9463,2.6138,-1.7942,-6.5633,-6.69,-6.1215,-4.0527,-0.3837,3.7585,9.7348,8.3775,1.8429,6.992,2.0736,2.6053,-6.2758,7.1615,9.4686,5.2109,0.2201,0.0773,8.4473,-4.5249,3.4892,9.7335,7.5745,5.9284,-5.1922,3.3505,-9.5707,-4.6294,-2.4913,1.0982,5.1282,5.1007,-3.2548,4.1172,-3.5587,0.7647,-6.5747,6.7861,2.2156,2.6516,0.9107,8.2309,-3.6216,5.4162,8.6077,2.0553,-6.0911,1.1177,-7.8042,-4.7648,-3.173,-5.492,9.9922,0.2744,9.4217,-6.4593,-7.4865,-9.3048,-6.1411,-1.8915,6.8364,-5.376,7.7337,2.9677,-5.9762,-1.5576,-1.6867,-7.2554,2.4053,-5.8974,-1.5923,-2.2254,-7.5455,1.4503,6.8812,-9.7823,-4.8035,-4.7594,6.3017,-1.5936,-0.5279,-7.7216,4.0063,-8.3462,8.0699,-8.2117,-9.107,4.7212,7.8744,-3.4736,3.1229,4.0421,-5.2362,8.9319,0.8755,7.5955,7.2156,9.8308,-8.5335,-6.0119,-5.7555,-0.1787,2.235,-0.1596,6.1013,-2.3827,1.7025,-5.2794,-9.4484,-0.33,4.0168,8.5922,2.2419,-5.5544,7.1417,-1.5338,4.7402,1.6702,-0.0074,7.0418,3.0779,-4.1072,7.4861,2.9258,7.2706,5.1914,1.1745,-9.5935,-4.0676,-3.9088,-3.565,0.8212
3.9194,2.5728,8.4359,-6.6214,2.788,-9.0996,8.9523,9.8175,-8.996,-8.211,8.4,6.4498,0.4117,-7.7869,-6.1949,3.5965,8.5553,0.9549,-5.9147,-6.8668,1.5628,-0.9582,9.4785,-9.319,1.1618,-0.7255,7.6536,-8.5379,6.9323,1.7743,-8.6643,4.9077,5.0308,-5.5226,-8.6666,5.6339,-6.8455,-7.7689,-0.1734,7.5726,-3.5346,-5.3197,0.5353,4.1879,1.006,-4.2951,5.8342,9.5921,-4.0289,1.0367,-7.9331,-0.8864,7.4239,8.9511,1.2925,8.6387,-8.8502,-4.7853,-1.934,8.9317,-8.9512,-1.1545,3.2763,-5.0259,3.8651,-1.4857,-1.7747,-6.2412,-0.6673,-5.2833,2.0691,-3.6572,0.9857,-7.2928,6.7312,7.0469,8.035,-9.8485,4.7374,4.4898,-3.52,-4.296,-9.209,-7.933,-6.0953,-5.4646,3.4984,7.7482,-5.2565,-9.4872,-9.2449,3.2776,-1.7518,1.1152,5.4067,8.9034,0.0481,8.152,4.8007,1.8644,0.9379,6.1353,-5.115,-0.9712,-4.5436,-8.134,4.6012,-1.0579,-5.3313,3.1969,-5.4286,9.7224,-7.674,-9.2352,-1.1356,9.4901,-5.9037,4.4247,-6.6833,7.7009,7.7375,-5.9024,2.4491,-3.3986,6.0549,6.8479,-5.1227,5.0692,-2.777,-0.8549,-5.4953,3.0703,-8.2393,5.3109,-2.8443,4.2929,-7.2521,-2.5056,-5.7848,-6.6087,9.7697,8.1202,-4.3598,-8.3683,-8.9712,-2.7541,-0.2903,6.8674,-0.5024,6.473,5.0869,4.9976,-1.0352,2.4608,8.9211,9.2301,4.7145,-8.1116,-5.6418,-0.9614,5.843,-1.8693,6.78,6.5166,-0.5794,-3.8511,6.1557,7.723,9.2742,0.745,-8.2109,1.4147,1.5246,-8.2143,7.4499,3.21,2.0659,0.4202,9.3392,-1.7196,-1.2928,9.0941,4.5995,0.3204,-3.3545,8.0962,6.0876,-8.7303,1.3882,4.3651,5.5833,-6.8906,-6.9087,-3.9099,-9.2661,-6.4465,7.8872,-7.1047,-9.2623,0.322
1.2744,-0.6515,9.7102,2.0101,8.5635,8.4367,-0.6875,0.4488,2.7793,-0.0715,2.4038,-6.8594,-1.757,4.8097,-1.5464,9.3405,8.0376,0.5306,1.6509,9.6333,-7.0289,-9.4738,6.1959,3.6298,-8.5376,-8.0351,-2.5015,-7.4163,-5.2162,6.3959,-6.793,-7.6842,-9.8621,4.8178,9.5614,-5.4876,-5.4902,5.6159,-5.2945,-3.6285,-3.9767,-5.8687,-0.2876,-7.7515,4.8383,3.2629,4.3597,-4.7901,-4.0473,1.0889,8.6542,-8.8051,-0.4437,9.8968,0.5176,-9.4892,5.3659,8.7652,7.7551,9.9884,-8.8642,-2.5633,2.7667,-7.1927,-7.4422,-1.9296,-3.653,1.1747,-2.0226,3.1357,4.7362,-3.382,-8.839,8.3182,7.5827,1.4196,7.6613,8.1117,-7.8408,-0.7908,3.5581,6.1768,6.2781,-2.5521,4.2458,-9.3368,8.7289,-8.2122,-5.9108,0.7299,6.8857,8.0906,-8.2719,-7.9899,-1.2641,-6.5863,-6.585,5.396,9.9789,4.225,-8.252,-6.2002,5.5862,6.5371,-3.1768,-0.1524,9.8811,6.3046,6.6878,-4.9766,5.9067,-3.9569,-2.0078,9.6674,0.0984,-5.3536,-9.5849,1.156,1.1629,-4.4578,-6.8069,2.5964,7.4792,4.9784,-0.8641,8.2834,-9.7312,5.7246,-3.3512,-7.4359,3.9975,6.0757,9.0578,7.9569,-0.9027,-8.0226,-8.486,9.753,1.9827,4.2995,9.002,2.1727,8.5228,6.9341,-1.1249,6.1072,8.7457,-0.3706,-6.8783,6.3277,5.9159,-3.5608,3.6068,-2.7542,-9.8178,6.3831,-0.6654,-8.5564,6.3763,-9.4799,1.5999,-1.7628,1.2839,-5.0885,9.974,1.2463,-9.3343,5.4277,-0.6989,-7.7054,3.996,-2.6391,-3.0671,8.5113,-3.3639,1.8408,0.4593,9.9964,-9.7012,9.7148,1.9128,-3.2889,-6.0072,9.8638,7.5026,-0.7088,3.5114,-9.4392,5.6029,8.9704,-2.2706,4.98,-7.5378,6.475,2.2731,8.9515,-7.7961,-1.8771,-8.7267,-0.8888
1.0888,7.4795,2.2324,8.5326,-4.5186,-6.1785,2.2536,-5.8866,-9.7448,9.3727,-7.0015,7.0844,-5.1197,-1.648,-8.7373,-7.3983,7.9091,1.9598,3.9244,-6.0692,-1.5476,-7.2299,-1.5129,4.3939,-7.3698,-5.2395,3.1038,-4.5714,7.8486,9.6897,-5.7021,0.4,4.2436,1.4898,-0.2796,-1.6855,2.4671,-1.4767,-0.0647,-8.8028,1.1789,7.594,-4.8137,-5.556,8.0223,-1.7303,-2.5612,8.0215,7.6345,-6.3909,-0.5322,5.1179,-8.9593,-6.435,8.317,1.1421,1.3628,-8.9908,5.7194,-4.354,-4.4749,2.4499,4.682,-9.1141,8.3939,7.9767,5.2706,-2.626,-8.075,4.1566,2.6561,8.26,1.4927,-5.6975,1.965,0.1178,-0.1544,6.8255,-7.1664,-4.748,-2.6845,6.1164,3.8352,-8.93,-2.7121,-7.8016,-4.6222,0.1046,2.6554,4.0549,2.43,-8.3308,5.8117,3.4728,-8.6986,0.4494,5.1252,-1.1075,-0.1495,-7.114,-6.8554,1.264,8.576,-2.5215,2.9927,-1.6741,4.4696,-9.2178,-0.308,-4.9075,0.8711,5.2258,8.7713,0.3763,2.3226,6.9434,1.5881,-9.918,-2.8965,-9.7334,-5.7069,6.9676,3.5446,3.4046,8.4655,4.0135,7.2235,9.2825,-7.3303,-9.8965,8.4505,6.2874,0.5396,8.7782,-8.6208,4.6068,-0.2591,-3.4417,-8.5262,4.0986,-2.1677,-6.1365,-8.2787,9.492,-3.3421,-9.2185,-1.855,3.4707,-8.1949,7.5362,-7.4745,-3.3677,9.4446,-9.085,-1.6894,-0.4945,8.6751,-4.3548,8.5689,-7.6111,-7.9957,-7.3791,1.4738,5.4294,-3.1059,-7.4338,5.4869,-6.6437,5.7867,8.1452,-7.7865,7.6062,4.1308,9.5399,8.3871,1.4583,-2.4483,4.4146,9.2629,8.7684,-8.5838,-0.2251,-3.5791,9.7462,6.3887,-7.2768,-6.6672,3.0615,-1.6773,7.5449,-1.258,1.3019,8.5997,-5.9669,6.2335,7.6086,-4.4438,4.9568,4.1527,0.2515
9.806,-8.2746,8.0541,-4.5014,2.2045,-5.8867,0.1177,-9.3719,-0.5569,1.8091,-4.6621,-3.0043,-5.6001,-8.4586,2.3894,3.533,-2.4225,6.6158,-8.0088,0.7319,9.0211,6.7865,6.3634,6.6287,-6.1841,2.9891,-9.6865,9.8695,1.8727,-0.6197,8.1343,9.4509,-7.0141,8.9368,6.5466,-4.5088,-7.877,-2.6083,-2.6889,-8.8871,-7.0385,-0.5836,6.6398,9.0888,8.8786,-0.3049,-0.1087,-7.3697,-9.5692,2.8309,7.3766,-6.6832,-5.2705,-2.1796,-7.7166,6.8135,4.2078,1.1503,2.2688,5.5402,-1.8593,-0.0302,-8.4273,6.8482,-0.2216,-5.5363,3.4992,4.827,-6.1503,-6.5853,-6.1974,-5.1769,-1.0823,-3.8257,0.9462,0.0066,-1.1265,6.7761,-2.1155,5.6305,-4.5482,1.8183,4.8524,-3.9417,9.8739,-3.3773,-4.5454,-1.9676,4.5979,-2.8314,-4.6385,-4.9723,5.5027,1.1949,-9.5738,4.6631,2.2602,-8.2713,3.2143,-2.7293,3.6663,-7.4132,7.1556,2.9659,-1.1811,6.7723,3.4925,1.0827,5.8337,-5.4371,6.7991,-8.895,8.832,6.5314,9.6407,9.7921,0.7598,0.5017,-1.0415,-1.6138,2.726,-9.6666,8.1745,9.498,7.2506,1.7407,-1.4125,4.3162,-0.5078,6.9929,8.6695,0.5223,-6.4227,-0.5481,0.2017,-1.352,4.906,5.3397,9.793,-8.7188,-1.6531,2.4837,1.5341,8.7399,7.8776,4.795,-9.1501,8.4757,6.857,-9.072,-7.413,3.6949,4.5053,7.4339,-4.3097,-6.7447,-7.6307,-4.3195,2.7959,0.6269,-3.0718,4.0729,5.6257,9.1983,9.7252,5.3628,4.2958,-2.8184,-0.508,8.5109,7.1007,2.7492,-6.2675,1.797,9.9151,-6.1119,7.7569,-5.6629,-2.1365,8.6807,-5.1714,-2.5258,-6.9957,0.9987,-2.9767,2.3643,-0.8492,5.3475,-7.957,-9.856,-4.9119,6.1861,-4.3485,9.5868,-0.7701,-2.673,-5.6694,7.6968,9.7653,-9.0217
1.9369,5.4656,2.2039,-5.0715,4.8781,-5.0173,9.2686,3.3095,-1.0318,-8.9829,5.0193,-6.9047,-8.208,-6.045,-7.9779,1.35,7.8231,9.4833,3.7681,-6.6751,-0.3776,4.5285,-9.7911,3.4311,-7.0973,-4.0295,2.5983,9.6038,-4.1684,-5.1939,-1.4049,6.0026,5.4933,9.9388,2.5679,-9.0461,6.0178,8.356,-3.3439,1.2544,3.8741,8.871,8.9087,1.1746,7.2755,4.3465,-1.7358,2.8408,-1.2312,5.6108,8.7917,-6.4469,8.9504,8.5262,-1.576,-4.3016,8.7554,-2.884,8.5981,2.3278,-3.4303,-0.6334,8.3594,9.4756,9.2766,-4.0333,0.1957,-0.4526,8.5137,-8.5409,-4.781,-1.3371,5.1749,-7.8467,-1.3802,-0.5836,-3.8145,9.5931,7.8199,6.4633,-3.7324,0.2427,-9.9625,-9.5435,3.7252,-6.2305,6.7877,4.7409,-3.2656,-1.4789,6.1422,5.6367,3.5872,2.5273,-9.1251,-0.6187,1.7028,-7.9237,2.0546,-0.5822,-9.3036,1.9405,-9.7284,7.219,1.6227,-1.3981,-0.2148,9.9657,4.2464,-6.4713,-8.2437,-3.9534,1.2685,-0.1022,-2.5991,-8.4467,-9.8713,-3.7759,-9.8189,6.0983,4.2315,6.6383,-4.2672,-1.8999,-5.0265,-2.2811,-1.8043,1.7134,-0.6374,-1.2282,-1.4989,-0.3455,3.4978,-6.5402,0.2998,-0.5197,7.6076,-0.8294,9.5802,7.5581,7.5235,-4.6834,-5.1855,-0.1958,4.547,3.9345,1.1691,-4.0361,3.6594,9.3438,-0.4678,8.4989,6.1421,-6.6706,6.7388,1.4552,-6.9615,5.0486,2.0556,-7.1893,0.7904,8.5294,-0.382,2.0823,-3.626,-7.0133,-5.3253,9.6625,6.6888,-9.6669,8.9773,7.9366,-1.9876,9.4782,2.0033,4.7408,-5.39,-6.8028,9.2683,-6.8248,-5.508,2.1981,-6.6309,6.5088,1.433,-5.7348,-1.7245,1.342,8.596,-3.958,-4.7275,4.3298,-9.9587,-0.1914,4.9207,-1.2853,-8.9407,-4.6008,1.1962,8.8642
3.8133,4.824,-8.8905,8.434,-0.9075,-9.4233,1.0003,7.0278,-7.8764,-8.5,9.9914,-0.9794,1.2241,4.668,-4.7666,-4.2652,-9.6906,7.7601,1.7137,-8.4121,2.7726,9.4053,1.256,-6.5427,-6.0581,-8.5911,-3.4657,1.8922,6.8723,9.6205,5.6602,-4.1837,-5.6884,-0.8847,8.6565,9.3616,3.6805,-2.7179,7.7291,0.7457,-7.6306,8.256,5.1434,-8.7351,-6.1068,-0.7376,-1.9664,5.1192,-6.2279,9.9254,-6.3236,7.1267,-0.5747,8.1989,-7.6499,-8.9108,3.8761,3.8845,1.5489,-9.875,-6.4133,2.8918,8.9544,1.3927,7.405,-2.5677,-1.1858,6.729,1.9933,-1.1007,4.9087,3.7467,5.5396,-3.1201,1.6649,5.884,8.8062,-9.3177,3.5312,8.9707,2.2805,5.1507,6.4006,7.8954,3.6014,-3.752,-4.6539,-5.2019,-9.6537,6.8885,-3.2371,-1.4004,-7.2139,7.7992,-8.0119,-2.5751,-4.3675,5.9961,6.2574,6.5198,0.1105,0.7018,-1.8622,4.0792,0.1596,-3.2919,-7.4625,8.3727,4.8986,-5.324,4.3766,7.3624,1.1543,-9.2258,7.4585,-6.6659,-9.6899,3.7631,-6.1797,-4.096,4.5998,7.4778,2.6056,5.1242,3.5427,4.9335,-9.3475,-4.9078,-9.2285,-9.974,2.2949,-5.7465,-0.7979,-8.4977,7.9487,2.7712,-1.8791,-8.3781,-1.0499,-2.3681,-2.4767,4.0175,-3.5765,-3.3188,6.9496,8.3556,-3.6709,1.5643,-5.8741,0.1112,9.6204,-9.3699,1.9475,9.9975,-5.148,5.2259,0.0116,6.816,-4.5033,8.268,-3.9548,3.6527,0.1054,-7.5279,-5.7801,0.644,6.2972,0.025,-3.7432,-2.6994,4.5649,-9.2751,-0.0973,-8.1432,4.6251,3.6,5.797,4.5441,1.5413,9.9663,-1.1799,-7.4186,-4.7503,-5.5573,9.0071,8.8819,4.3768,-9.6025,9.8216,0.8279,-6.5742,-2.9645,9.4504,-4.5802,-6.63,0.0757,-9.9849,-1.266,2.1799,2.3237
2.2458,7.5942,5.8523,9.8577,-4.6324,-5.2863,-3.2013,4.6599,4.1908,2.5463,-0.9103,-9.6376,-4.6263,-0.0345,5.4784,-0.2095,4.0558,0.6876,-2.2492,5.1909,4.372,-3.2876,2.6142,5.1436,-7.6742,-7.4986,-8.2795,-1.7852,-3.1315,-7.2587,-3.3943,5.358,1.6468,7.8274,1.5912,8.7568,9.9323,5.7395,5.193,-8.6076,-6.0902,-9.3143,-3.897,7.1307,-4.8688,8.3176,-5.3778,-0.3715,-7.4642,9.0707,6.1802,-7.5693,-4.5488,-0.9398,2.5853,2.2663,-1.8188,-5.8448,4.3634,-5.2719,-4.3177,-0.051,5.9301,-4.9052,2.3527,-2.8195,-6.3531,-7.3656,-2.6249,-8.4405,-7.3417,-4.736,-8.4181,6.0502,6.8261,-9.3768,-4.8491,2.5628,-9.4195,-6.6685,3.6078,-8.7861,-0.8446,-6.3075,7.0709,0.1797,-7.2933,1.6658,9.7695,-2.8225,-6.1664,-5.6932,2.4285,1.5503,-2.1115,-1.3503,-3.5089,4.3739,-5.6497,-9.0382,4.6843,-2.9264,5.4688,0.7859,-6.4702,0.3581,5.3121,-3.7889,-8.0547,6.8517,-4.0722,-7.0228,6.0612,-1.7166,3.5964,5.6438,1.7418,-7.1206,-0.3448,9.5546,1.527,-3.08,-3.3673,-6.6121,-5.4056,-3.0052,-3.3621,9.9058,-6.2066,6.8635,-3.1873,-7.2239,-8.5599,3.574,8.5637,1.5316,6.5736,0.4885,-4.7331,8.5718,4.3717,-8.5496,4.4276,3.5378,-2.5607,6.7728,0.7501,-4.1718,2.8972,-0.8011,-9.6518,4.5394,6.7021,6.0574,4.5976,-7.5776,-2.5061,3.4602,-0.7536,5.7953,-9.4089,-6.5507,-4.0824,-3.2954,6.5614,-2.092,4.002,0.7519,4.4355,1.7504,-0.117,-2.5564,-4.581,2.0254,-6.2142,5.8053,-3.5967,-3.9518,3.0187,-8.6077,0.5175,3.2854,2.7817,7.2531,5.34,8.3056,5.5428,-5.2816,2.0496,3.9656,4.9699,-2.6495,-4.5384,9.2109,-1.4147,-5.285,8.0392,-2.1711,1.9081,-2.0817
-3.8864,-5.9635,9.9918,0.6018,-1.9852,-6.2898,-7.1277,-9.2315,-5.2094,-7.4707,0.7803,-8.5285,8.3327,-4.8652,6.0477,0.0769,-7.5145,-3.1967,-0.4936,-1.4619,8.4505,-1.2775,3.1445,-4.5852,-6.1063,-8.0212,3.8685,-5.311,9.7269,-1.2356,-0.7791,-6.6166,-6.9574,4.681,-3.0276,4.0984,-5.3487,4.4211,4.8766,5.0982,-9.0199,-5.2602,-1.3864,-2.1116,-3.9458,3.2214,-4.2991,-5.6823,5.1804,-5.8105,-1.9916,2.279,-8.3683,-5.0919,-6.7911,-7.6226,4.811,4.8789,6.7707,-2.6066,6.382,-3.2019,-3.6944,7.1602,0.7427,9.3895,-7.0444,-1.6928,3.4861,9.7132,-2.28,1.8941,-5.841,-9.215,0.8323,9.8906,-3.3846,5.5101,-0.6691,-2.1019,-6.027,3.3423,-3.5422,9.4131,4.3573,3.5049,-0.2569,9.6028,-3.4244,-9.692,6.1228,-6.7594,4.6956,-9.6748,4.5871,-4.7616,9.6159,3.8697,4.3001,-5.6119,1.8271,-9.1001,-0.5083,8.7147,-9.4929,5.2406,2.6776,-2.8823,-2.2863,-0.0974,8.3195,5.9056,2.5036,8.719,0.8844,-0.7171,-1.9291,-6.3493,8.3045,4.6003,3.7078,-8.055,-8.5969,8.2261,-6.422,9.291,-7.6272,8.8305,-6.8921,1.171,5.2796,-0.8563,-5.9957,-8.0895,2.764,-8.9429,-6.6675,9.2698,-4.5311,5.3462,-2.8268,1.8112,-5.0869,-1.6525,5.1193,-2.2552,-0.2066,8.6449,-1.8982,-3.1828,-1.8259,-7.4043,1.5821,-3.3569,-3.2405,-5.8322,2.0485,0.385,-8.5175,1.7637,-8.3381,-6.985,5.9042,-6.3769,9.258,-6.2279,-5.3983,0.3345,9.659,-8.8099,5.3105,0.0475,-1.8801,-4.7351,-3.0223,9.4225,-8.4844,1.3932,0.4047,-4.8685,-1.1357,-3.2891,8.4193,6.1437,-7.2612,6.494,-9.5581,-5.9604,-9.7313,4.9251,6.1923,7.818,-7.8797,-5.5959,-7.1564,-8.5151,9.3367,1.2139,2.3133,-7.2867
-6.3837,-5.6812,-8.4135,-2.8922,-8.5057,-5.1568,5.3694,0.7929,9.662,4.9975,5.3167,-5.4343,7.2862,3.7247,-1.141,0.7638,1.8056,-5.7,-5.7407,5.3719,-8.3373,-4.1866,7.5084,1.6631,-6.923,5.54,-4.7747,-7.8775,8.6676,1.7553,8.808,5.5192,-2.7488,-8.7481,-2.9676,-3.8721,-5.0881,-4.0291,7.2189,-7.2595,4.9112,-5.7296,8.4931,5.7971,-5.2141,-7.1769,3.4439,-6.9239,2.6094,-5.7496,1.0487,0.9953,-3.2086,9.514,-1.3051,-1.4562,0.7969,-4.0096,-7.8746,-2.8463,-4.9697,-7.654,6.6821,-0.3043,1.6769,-0.9946,2.6159,-4.8077,5.0935,0.0851,-1.4421,4.7402,-2.7115,-6.1335,6.136,6.6131,2.9533,4.8137,-6.2948,-5.4577,-0.9112,-3.8946,-2.1635,-2.7247,-7.192,0.3431,5.2608,2.4792,6.0229,-9.5673,-3.5129,-2.9691,8.4828,-4.4506,-4.8227,-7.2146,-4.1572,6.4447,-1.601,-4.1493,8.2645,8.8108,-7.3463,4.0209,-4.6799,6.7152,5.4511,0.6563,3.581,-0.0078,3.1628,-4.2487,1.229,2.8427,-9.4151,7.6996,5.0668,-1.9568,-4.7463,-2.0015,-5.8212,6.8343,-1.1109,-6.4399,-3.0356,7.4084,7.4705,-9.9808,-2.8178,-8.2769,8.6041,2.4212,4.8538,8.3789,-8.7472,-8.0876,-7.2695,-4.9984,-1.1839,5.607,5.9148,7.8468,-1.2159,0.0779,0.3346,4.0496,-1.5626,-1.2987,-2.7996,9.3695,-7.555,-5.9922,8.9252,-6.5612,-7.6519,-5.5673,-8.8834,-3.8019,-0.9075,7.2954,-3.8552,6.6137,-8.0757,-7.1797,-0.2104,8.921,4.2702,-7.1961,-0.4525,8.2323,-7.2939,-2.2134,0.8604,-8.3779,3.6819,-8.2649,-5.6558,1.2455,6.6279,-1.1253,4.8381,7.8385,2.7503,0.9518,8.1769,2.1541,0.2041,5.1111,4.6486,6.8781,7.9655,6.1605,7.8451,5.957,-3.0375,-5.8116,-3.9101,5.715,9.077,9.5648
-5.7704,8.0216,-5.6033,-3.9826,8.9929,0.9293,5.5145,-9.7303,6.0613,1.3657,3.3941,0.317,3.7581,-0.4174,2.3088,8.1257,2.9391,-7.2865,1.7623,3.0811,1.1138,-0.725,-0.8069,-5.6313,-0.7575,-5.8546,1.754,5.5599,-1.2167,-0.2542,-3.6843,6.777,-0.8432,8.9467,-8.8513,5.8838,-3.7418,-0.4383,3.7439,-9.7835,0.9918,8.3953,-3.3843,4.7389,3.173,-1.3031,0.8996,-3.7496,-6.958,7.4008,9.4199,-3.4234,9.4061,-9.0555,1.8869,-1.8593,8.2669,-8.2647,7.099,-9.5902,1.8274,1.0764,9.2611,9.5053,-9.6389,-6.6272,-5.9081,-0.4667,-8.8203,6.6352,5.6198,6.3056,8.0454,5.0386,-8.1763,-8.6763,0.985,-5.0893,6.0267,-1.8405,-3.1242,8.0522,-7.9468,2.7098,-4.5021,-3.0081,-7.6813,-3.6295,-4.2293,1.7141,4.7303,-0.3694,-2.4562,9.8311,8.0664,-3.6801,8.4681,5.6215,-1.0143,-8.1324,-8.2904,7.8361,-2.0848,-6.1224,3.4031,7.9042,-9.5707,8.1686,1.8357,2.9049,7.9191,-7.6753,9.9654,-2.2001,7.0466,-2.658,5.9288,-1.2247,3.9749,-4.0008,-7.4744,2.0309,3.8873,-7.9138,-5.3058,8.4027,4.3839,-9.275,-0.3645,9.7342,-1.5168,9.6608,6.0054,-9.4587,-0.8484,-2.0266,9.7401,-4.0624,-9.819,-1.3501,-6.9364,-6.8674,-9.9451,-1.1465,1.8405,-0.9721,-1.279,5.1979,-6.6778,6.1698,-6.307,-5.9628,-9.0886,-3.2481,-8.0631,9.372,6.1203,8.8396,1.7957,-9.8743,3.629,9.8522,-0.1225,7.9971,-8.4758,3.5058,7.4841,-8.7045,-7.0422,6.4701,3.2916,1.1127,0.1536,9.1791,5.4724,9.2365,5.0718,-8.7227,-6.3582,5.9324,-3.551,-4.3489,9.6828,-1.3366,-8.1902,-2.52,-8.0293,6.2739,-9.9456,-2.6791,-0.3562,-8.2598,5.2975,-9.3478,-7.4303,-6.4444,1.6128,-0.319,2.5446,-0.3756
-6.2038,-2.5398,-1.5438,-7.7126,4.258,6.5212,0.0836,3.4869,1.1726,-2.8957,5.1985,0.9854,8.4995,-8.7695,-7.6569,8.7974,-7.4547,6.4083,-8.6371,-2.9464,-8.9048,-5.5889,-4.0201,-3.3757,-0.2115,4.6849,9.4054,-1.0918,-8.7081,2.082,-9.8775,9.5683,-8.9141,5.4126,-6.8617,-2.1345,0.8324,-0.2429,9.2176,9.418,-5.3448,7.0936,-4.6758,-3.0347,2.3217,0.5531,-8.3179,-1.6035,9.1933,-6.3979,8.6725,8.0912,1.6882,5.4994,5.6531,-2.6706,7.5912,-5.3329,-0.5855,6.0511,8.5054,-2.8496,7.1582,9.4963,6.2576,-5.2317,3.0469,-5.4973,3.915,-2.4169,9.2486,0.0711,2.304,-2.6806,-8.052,-4.3465,8.4083,3.563,-7.4995,8.3563,4.3338,4.1786,-6.7757,7.6129,9.086,-2.7736,-7.302,-8.2392,1.576,8.4657,-9.6496,9.4583,-0.7594,2.2123,-4.8087,6.585,1.9219,8.3427,-3.899,-8.487,-0.5529,-4.1463,0.1568,2.5106,-5.8063,-9.2946,7.8915,-2.8005,-6.0651,9.3101,5.6503,-3.7372,-5.856,2.91,1.5535,-6.9036,-4.231,3.9781,4.1636,-4.2924,7.4668,-7.4088,0.8975,9.6793,4.8113,-5.8594,9.5821,-9.5145,-5.8706,-7.3377,-5.3433,-3.5649,-1.1993,0.8559,0.8821,-9.4618,2.5989,7.2245,-5.7563,-0.9895,2.7082,4.226,-1.3545,8.5232,-6.023,-8.4281,-8.6177,9.4484,-4.7211,8.7738,4.062,7.8258,0.9454,9.9652,7.04,7.544,-0.622,1.848,6.301,9.7654,4.233,0.3141,-7.3951,-1.8752,-3.5871,-7.7289,-7.3843,-6.7309,2.3931,-9.0607,-6.5118,3.4624,-5.9265,2.6729,-4.6337,-4.6955,6.6242,-5.2675,7.7318,-9.8943,-5.6859,-3.2227,2.0179,1.2305,-4.8939,4.7304,-6.2001,2.6443,1.8598,2.7671,7.7811,-6.6698,0.0389,8.0027,9.5841,7.3084,9.0977,-6.6921,-6.3985,-1.1094
5.2075,8.2626,-3.8888,7.0537,-7.5788,7.1134,8.8572,-6.6216,7.0674,-9.9085,-6.1055,8.8477,0.6991,-7.2806,2.4447,9.9195,2.0641,-0.7286,6.1675,1.8611,1.1059,-8.4157,-8.2525,-2.4805,7.0902,6.187,-0.1068,2.4457,-5.2706,4.3069,9.4851,4.5831,0.4815,4.8237,-6.7667,-4.0962,0.9298,7.0577,0.1687,-7.6683,6.7385,2.102,6.7963,-1.6069,3.685,6.7446,6.1404,9.3443,-4.8805,-5.6435,1.3817,9.1708,5.232,-1.4212,-6.5484,5.5126,-6.4379,0.4629,-5.3523,-9.5121,-0.3951,-6.4625,4.2587,2.1583,9.0192,-1.0611,-2.5155,-0.482,-8.9922,-2.5384,-8.1954,9.8808,-0.0083,-6.899,4.9063,4.7791,-6.7548,-3.9877,-2.3683,-9.3298,3.0851,8.914,6.7514,-5.9278,7.8318,-4.062,-2.6662,-2.2296,-3.6627,6.1308,-4.1897,4.0458,7.5581,4.1629,-5.9433,5.8318,-6.1072,8.6675,-5.3858,-1.4764,9.3878,-9.4052,5.3338,0.5517,-6.1972,-3.0274,5.833,-6.367,-5.9848,5.1514,5.9706,-6.5985,3.4434,4.4072,5.8525,-8.6298,-7.3169,8.6756,3.2809,-1.0764,-6.0924,-1.014,-2.001,9.8241,2.6652,-0.8945,7.0781,7.969,-9.338,-3.4467,-6.1885,9.007,-5.9317,6.0962,-0.5303,-1.9011,-8.7793,7.0008,3.377,-6.6381,-0.8788,-8.5502,7.4477,5.6666,-7.7776,9.6318,-0.1169,8.1979,1.541,-9.1259,-2.1694,0.8802,3.3163,-1.1048,-6.8681,-0.2784,-2.6026,6.3187,-4.3262,-2.5064,0.615,-0.8251,-9.7983,-2.6225,4.2765,0.3435,-1.6598,-6.0485,0.1144,-1.9543,-9.7571,0.6594,-0.4395,-4.2799,4.6659,2.4024,-3.6334,5.4605,6.0812,9.6175,-9.5988,-2.4784,-9.0979,-1.7253,-3.3374,3.797,1.8515,-8.7156,-3.2378,-1.9007,-7.9927,9.7352,-0.3878,-6.8949,5.9036,1.8937,8.6953,8.0377,8.513,4.5622
7.3231,-0.9441,-0.8843,7.4306,-0.3149,3.2543,6.4392,7.3191,1.0757,-6.1811,7.5471,2.5866,-0.2502,-4.307,0.3342,8.037,5.3445,-8.9936,-5.3814,-2.5893,-6.4795,9.8891,-9.3965,-8.548,-3.6354,-8.1699,6.2455,6.2718,2.7144,-1.3737,-4.814,2.5938,9.9568,3.3063,-0.4536,-5.6681,5.8668,-1.4409,3.9135,-9.2308,9.7742,-7.9177,0.4613,-7.5611,-1.1543,-0.59,-2.374,-8.7335,8.103,6.1153,-7.2888,-8.4452,0.1658,-9.1163,9.2032,-8.1508,-0.4298,-0.1864,6.193,9.9427,1.9389,2.5376,2.3121,-4.5539,9.051,3.2934,-8.8642,-4.1585,8.235,7.1646,8.3151,-6.2493,-5.4046,-2.5513,-8.0073,-8.2379,9.2397,-1.0441,-3.8683,-7.7614,0.4536,-2.6508,2.1322,-5.3689,6.4024,-6.0612,1.8531,0.4998,-6.5842,5.9862,8.3292,3.0218,2.1745,7.8908,9.4232,-3.6594,-8.5241,-5.9013,-5.5565,4.6245,-2.1038,7.1613,8.3744,4.078,-8.1567,3.4764,-9.0646,-8.9521,-3.4864,1.3593,7.6761,-7.9694,4.436,-9.3946,2.7045,2.888,-0.4628,-5.1212,2.4535,9.895,5.5569,1.296,3.3904,3.8968,-6.1291,4.7509,-4.4652,-5.0486,-0.343,0.6798,0.4379,-7.4098,4.9242,-1.8457,-3.3227,8.7621,-3.639,-1.5974,-3.5309,-3.6661,2.4956,3.1745,5.3375,0.699,1.9552,3.8025,8.4835,9.6382,4.4265,-9.2388,2.7531,3.9059,-9.8588,6.1755,6.4985,-2.431,-5.5225,2.6032,-5.4847,4.4415,7.4373,2.7108,-0.534,-8.1194,-1.2967,2.1851,-8.5354,-1.8996,8.1022,-1.464,-5.904,6.0851,8.6947,-9.4026,8.7535,1.163,0.5226,5.3159,8.5794,7.5365,-1.3378,-3.0147,8.6839,1.5789,-5.8474,1.9882,6.3088,-5.9851,-9.2534,3.499,6.0149,-3.3778,4.3672,-6.3389,-7.6009,8.5476,5.6417,-1.7746,4.8022,9.9536
-9.2072,-2.7179,-9.5595,-1.4407,1.3999,-2.311,1.2048,9.9503,-8.3992,-5.3438,1.6568,-8.8416,3.0507,-2.3314,-3.5855,3.7335,1.3097,7.0498,-1.6837,2.3229,-3.3192,-4.6318,-1.4149,-6.4141,5.3515,-6.2535,8.9382,-6.4762,8.7778,-0.298,-0.6356,6.1172,0.7651,-7.6558,-5.1202,3.2098,9.5575,5.5883,5.3901,8.9824,8.22,2.8117,6.3678,-6.284,9.634,-2.1832,0.5751,8.3572,-5.9771,0.5264,-3.4975,1.725,-2.2303,0.727,5.4276,1.8178,3.6423,2.417,-8.6721,-3.8352,3.167,7.6513,5.8304,-2.4048,-9.3071,-4.0054,-6.8533,-6.7978,-3.0263,4.3351,3.2793,4.7283,-7.9058,-2.2643,9.356,-2.5856,4.5238,4.3425,-8.615,5.8164,-3.9358,3.564,-1.7835,9.0812,-5.2341,-8.0247,-8.8427,-4.3067,5.4117,5.7635,6.6265,9.4033,-6.5013,-0.9206,4.9336,5.5805,-1.4623,-8.4853,2.044,0.3444,3.1462,4.5549,-2.1036,-3.4375,7.9666,-2.6154,2.0221,-6.2664,-5.9195,6.4064,5.9513,6.902,4.1646,0.9829,-7.2392,1.4603,-4.5491,4.3812,0.4437,-5.2345,4.6525,-1.9476,1.3191,-2.8811,8.3358,-4.1392,3.5467,5.3869,3.2816,-8.2968,2.2735,-4.4388,2.6158,8.3243,3.2606,6.8571,1.9146,-2.6138,-6.4388,-9.6435,-8.5749,5.4226,6.3708,5.2264,1.3624,-7.1882,-4.4984,-1.12,-8.0747,1.5357,4.3261,7.5974,5.4885,2.2483,5.1284,-2.4505,2.3373,-4.242,-4.929,8.1122,8.0629,-6.2528,-5.8921,5.8873,-7.4735,6.9025,-9.9326,-7.4201,-8.8738,6.582,2.1717,9.2165,-2.4641,-6.036,4.42,2.748,-5.5281,5.659,3.9755,0.6581,-1.5332,-9.1705,-0.935,7.2872,1.4319,-0.4523,-5.1129,4.4319,-4.7405,9.1719,-9.6528,-0.7169,5.1285,-5.2859,-3.9357,7.5418,-0.9773,5.4952,-3.9074,-4.6901
6.4576,8.5422,-1.9652,-2.844,-2.6887,-0.225,8.0344,2.4467,3.7529,6.8998,1.2953,-0.826,-2.0518,8.0567,7.1708,6.1898,7.344,4.9606,2.083,9.539,-5.9156,7.2712,-5.1269,6.3914,-7.7757,1.3586,7.0189,-6.6645,-0.2777,-7.8523,-4.4136,-4.2391,7.7282,-4.7695,-4.2026,8.4571,9.5702,-4.5962,2.5347,9.6542,2.1214,-1.0201,7.9136,-3.7551,-3.0621,7.6665,2.275,-2.609,-1.9264,5.0742,3.6525,-1.4753,-5.4533,2.537,6.9821,7.5346,-3.695,-3.4118,5.6831,2.2012,6.729,-7.7435,9.3173,-4.6723,-3.8331,-4.9487,9.9142,5.2783,-3.8571,-0.8145,-9.4274,5.8368,-7.4426,-6.4868,-8.3764,5.2521,-1.3323,7.4763,8.7082,-8.7717,-1.2265,-2.4337,-7.8402,7.5108,-8.7966,-1.3248,7.118,2.7582,2.1154,-3.465,-1.816,5.1573,-0.2142,-3.5973,9.8034,4.7734,-8.5807,-6.5319,-0.877,-9.6824,-2.0512,2.7243,-5.8232,-2.0849,-6.4632,-8.2029,4.8865,3.5019,-6.005,7.516,6.8561,-5.07,6.1085,-2.5273,-2.0165,4.3032,-1.1748,-3.1524,1.1014,5.6033,-7.3244,-5.5879,3.8931,-9.6988,6.6665,8.652,-2.7801,-1.7359,1.3201,3.6019,-4.2576,-8.3678,5.8625,3.4153,-5.184,3.7736,3.5336,-6.5752,5.4114,-5.2753,4.7216,2.9203,3.9445,-4.9705,8.7798,0.2621,2.5948,9.6772,7.5566,-2.798,9.0892,0.902,-9.5241,-1.5082,3.6133,0.2342,-7.9787,-3.3262,-9.3334,3.4372,-2.0864,-1.3937,9.3322,0.9765,3.6173,-0.6101,-0.4611,1.3188,-9.149,-0.8273,3.2509,3.2707,-9.2645,7.5978,-7.1387,5.6896,-1.6979,6.653,3.7568,0.4865,9.4774,-6.7808,3.4596,-1.1213,6.2254,2.1793,-2.3591,8.663,6.0363,-3.5204,-0.5016,-6.8601,4.5607,-9.1383,9.7961,-1.0101,8.1936,4.3518,-4.0053,-9.5068
4.7048,5.8063,-5.449,-3.3019,-6.8379,-1.4843,0.6724,9.9303,-1.6467,-5.2917,1.2987,2.3843,-2.3097,-5.8856,5.8114,7.3936,8.0918,6.0954,-4.0654,0.5194,-3.4856,4.657,9.2184,5.7408,5.9905,-5.5243,8.0152,7.791,-6.5534,-7.3126,2.0353,-7.6604,-9.7008,3.4685,-7.4651,-2.2612,8.9769,4.365,-4.7973,-1.7008,-1.1542,-2.3748,1.1679,-3.3303,-4.2923,-0.9537,-7.2209,9.949,1.893,7.55,-8.58,5.5471,-2.6299,5.8323,6.9382,3.2655,-0.4317,9.2404,-6.4897,9.1901,-3.3822,-7.8897,-6.5592,-5.1479,8.4084,3.8474,4.4248,-6.628,-1.4662,5.9563,1.887,-8.3618,2.9479,-9.2334,-7.7903,4.0948,0.445,1.9002,6.6146,-0.6373,-1.3099,0.1937,-5.0996,1.3375,-5.2606,-6.8522,3.7842,-2.7067,-7.8361,9.4203,0.3884,-7.8035,2.6134,-4.7854,2.1677,5.2701,-2.4042,-4.8641,5.9808,-0.3814,9.8103,-7.1779,5.0734,3.7025,-7.1005,-6.6051,2.4026,-2.7327,8.3841,-3.8403,-6.7661,-6.1248,6.8918,-0.7083,6.2087,1.0914,8.0159,-6.8546,3.3802,8.7298,4.9871,-0.3741,8.7456,7.1209,-4.0062,-8.2858,0.7305,-9.7378,-9.8732,-0.2053,-7.3667,-5.0865,-8.4929,-7.0241,2.7147,-3.4997,6.4652,2.6093,2.6675,8.3801,-3.4052,4.4986,-9.1436,-4.9672,-9.1847,-3.0316,2.6258,8.7771,9.3692,9.372,-6.7935,-6.7102,-8.1391,-3.4534,3.3329,-8.9833,-8.7547,-3.8757,9.0026,-2.7092,-3.3203,4.8382,-4.8017,-9.9454,6.0264,-7.3159,4.548,6.6826,-6.9709,5.645,9.2892,-3.7106,-5.6821,-0.5997,-0.128,0.5691,5.5161,-1.1097,9.2829,3.2148,5.5797,-8.6565,-1.2435,9.0586,0.8707,7.6805,1.7214,0.3074,1.784,4.0004,-7.3122,1.2317,3.7149,5.5778,2.3218,-6.7391,9.1298,-1.2359,-9.9601,2.5429
-0.2402,4.8025,0.5048,-0.5331,-2.3239,-4.233,6.5696,-3.0749,-6.6512,-0.1239,4.3614,3.1629,-6.1807,-1.3407,6.4612,-0.566,-6.067,-2.0563,8.7997,3.43,5.4482,5.5093,-7.6267,5.702,-2.4806,-4.0406,-7.6549,4.4151,-2.7454,1.604,-4.3623,6.8205,2.1744,9.749,2.8855,-9.4872,-6.5375,-1.786,3.8392,-9.9833,-0.1432,3.6441,-8.3927,2.8897,-2.9426,2.3505,4.829,5.3593,-9.7964,-4.7436,5.8584,4.4607,7.6782,3.1973,-6.0504,-9.7851,6.1994,-9.6907,2.2754,7.3353,2.0516,-6.6772,-5.6928,7.7359,-6.2867,5.7333,8.362,9.8421,9.1615,-5.9755,-0.5301,-2.366,0.8044,-8.622,-8.3432,1.3125,8.6704,1.6981,6.5885,1.6046,9.9151,3.8173,-4.6185,6.4961,-2.7056,2.3955,-2.3336,6.1238,-7.2051,-9.5985,-2.8202,8.4587,4.1471,0.5202,-5.4592,0.1867,9.0099,8.7531,3.0259,-6.8515,-1.8038,-6.2561,-5.9241,-4.143,4.434,-4.623,1.1341,-3.5141,-7.2202,1.7646,3.1576,-2.8427,2.8366,-9.3642,-9.808,4.6423,3.3788,-7.1407,4.2764,4.1958,-1.7128,6.6931,1.7164,2.2925,2.3828,-6.5289,-1.5519,-3.8216,6.1851,6.6214,-6.2886,-6.5426,8.5783,-3.3578,4.2676,-8.8908,-4.6677,1.9546,0.7585,-5.0968,-8.3552,-3.3846,5.5027,7.2707,-1.9857,-5.8184,-6.641,-4.2533,7.523,-8.07,1.5187,-1.438,4.6457,-3.2482,-2.8853,6.6368,-4.6301,-2.8832,-7.1762,2.2371,1.9709,5.3796,0.8832,-5.6924,8.0746,3.3661,-1.6223,0.6641,-7.4021,1.9615,-8.7635,-0.4479,0.1366,6.9338,0.8216,-9.583,2.0596,8.9688,-4.3617,-0.6445,-1.4007,-9.38,-2.482,-1.3769,-9.4384,-3.6551,7.0316,-1.9482,1.5923,-0.5699,4.6741,-7.4432,-1.4811,-7.573,7.3249,-4.9478,-0.7195,9.6388,3.4276,7.4359
2.2322,2.2205,5.9164,8.836,-6.5928,6.6456,-9.8541,-5.8729,7.7054,-2.1432,4.2186,-7.3521,-4.1632,-8.833,0.6853,-9.5351,6.1945,8.587,9.567,7.2263,0.6197,-0.482,-4.5268,4.6914,-3.6324,-8.1715,9.4818,-9.2772,4.5096,-3.6549,-3.3357,7.8949,5.2743,-0.0226,0.0657,-5.3298,2.0879,-2.7677,-1.5614,9.8691,-0.7713,-7.843,-6.7723,-9.3521,1.0199,2.6767,1.0678,1.7207,-5.6564,-7.8312,-2.509,9.3824,-0.2161,5.9182,8.592,-1.34,-0.0574,-6.2443,-2.352,-6.4045,-8.4227,-0.3061,-3.4596,-1.5341,8.3382,6.8952,-7.8946,1.9316,3.2085,5.5389,9.3505,6.877,-8.6562,-4.8157,-0.7789,9.6093,-3.9328,-3.9065,-2.2872,-9.6447,-6.8071,-0.4008,-4.1171,4.3467,8.3696,5.2994,9.4014,-0.7742,1.5104,9.1015,-0.257,7.9633,-4.6798,-5.6849,1.034,5.9135,0.5904,-3.1292,9.5781,4.3915,-1.9374,0.042,0.1434,-9.7943,4.6008,2.7326,-4.0144,-9.4245,3.4645,5.825,-5.5488,-4.4947,-5.3942,-1.1095,-2.0633,-0.9164,0.2584,8.2431,1.0472,-5.1525,8.4987,-5.4343,-1.8758,-1.0835,-7.9182,4.9954,4.9075,-2.4152,-8.3638,4.5165,-5.1793,-0.4044,8.8187,0.5645,-2.4638,-9.7399,0.7025,-4.9089,-2.0419,-3.002,0.5712,-5.8877,-0.3773,-0.0505,-7.891,9.2876,-7.7405,7.5224,-2.2213,5.1308,6.7697,8.1992,3.4895,-0.327,-8.0421,-8.5324,9.9947,-5.4995,-4.3259,0.6453,-4.3162,-6.6412,1.4131,-6.4522,7.115,9.1598,2.3564,3.5096,-8.4383,-1.0579,-2.841,7.9806,-5.9601,-6.6992,-9.7364,-3.067,4.9619,8.6738,5.3656,-4.3489,-9.0949,-1.514,5.2459,-6.3837,4.6001,6.022,-1.3194,0.7948,-7.4138,-1.662,2.6626,-2.6527,3.259,-1.5961,-6.785,-6.6147,9.401,8.2414,-8.587,-6.7817
0.3749,-0.7573,-8.3939,-4.0475,-2.8045,9.0002,-6.3554,8.638,-0.1502,-1.2132,-9.6306,3.5175,4.6309,3.3944,3.2468,-4.9345,-6.2817,1.4104,-1.1327,-9.0528,-6.7061,-6.6627,8.8375,9.2713,5.1916,0.3106,2.7558,-5.3347,-4.8811,3.4965,2.6468,-5.4752,0.9651,-9.0327,8.976,4.1514,-0.9719,-5.9994,-4.303,-2.4234,6.4686,-5.8987,-2.53,-4.5121,7.0352,-3.6281,-4.5545,1.6022,-7.9779,-6.3079,-2.0688,9.1633,0.499,4.8988,4.1628,6.403,9.1079,-0.5075,-4.1798,-7.809,1.9402,5.5721,-5.3566,-8.9909,9.7092,1.2127,1.9656,1.8912,2.0963,-6.4239,4.1963,-8.416,-7.5549,-1.0945,9.7764,-9.3843,4.0912,-4.5572,8.2631,-8.3145,-2.5818,4.0153,4.5982,7.3816,-0.0086,-7.3805,0.3091,-7.3358,-2.5467,2.0625,-4.4433,-9.2323,-1.8281,8.2325,3.9781,-7.0724,8.8868,1.9166,5.5702,3.0659,2.5353,-8.7695,9.7152,-9.2585,2.6275,-7.4986,6.444,-0.8846,8.6854,-3.2372,-9.5122,6.7317,-9.3512,3.3943,-0.4931,7.715,-3.8193,-2.2057,3.5245,1.1343,1.5887,9.7415,9.2069,-8.2123,-1.6258,-9.6527,-5.2518,-8.4469,0.4323,1.6664,-5.8569,-5.6378,1.8669,-4.4104,8.378,1.5227,7.033,-0.1706,5.9074,-5.0168,0.4964,-9.8458,-1.3235,5.5808,-8.0497,-2.284,-0.8001,0.8694,-0.0545,-1.6819,-6.9833,0.9819,-1.1449,-2.1531,6.3794,0.6551,-1.3928,3.9091,0.8542,-4.7279,-1.2821,-7.5991,-9.3468,-9.1227,7.8107,-2.795,3.2414,-0.0131,-4.2227,3.85,-6.2153,-8.5462,-2.561,0.8967,5.369,-8.1794,3.0437,1.2895,-6.405,3.612,5.7466,3.8897,1.234,0.7597,-9.05,-7.4977,-8.2527,-7.9835,7.1522,-5.0387,-9.9539,-8.6697,2.2139,1.0444,9.5897,6.7818,-4.094,7.4142,-8.3162,5.1483
1.1714,7.3936,1.613,-7.3891,-8.5958,1.1757,4.3118,2.3839,8.9669,-4.0175,9.6091,-1.2173,0.6404,9.0708,-7.1199,6.8955,-9.204,2.8878,-2.0062,-7.1954,9.4645,-2.6492,5.1781,-9.4699,-2.2859,-0.3165,7.1621,6.43,1.4993,2.4816,-4.795,-3.2094,7.3864,-4.3474,-8.2693,2.8214,3.3937,6.7789,5.3582,-6.4408,9.5438,7.2721,-6.6948,-5.4309,-4.6709,-9.7154,-9.2431,6.064,-2.9814,7.9918,4.7325,4.5951,5.2108,7.4508,-2.8452,-3.371,-8.861,-7.0225,-6.9328,4.4941,-1.9565,-4.2306,-3.5238,4.055,-2.3989,4.1845,-1.1654,-6.592,0.567,-3.412,-5.6446,-1.149,-4.6818,5.4348,-5.6385,-2.1902,1.672,6.8022,-7.4861,5.4439,8.531,-5.4347,1.1637,-9.168,-3.1093,0.0517,3.6233,-0.3243,1.9205,3.6735,-6.8153,7.4848,-2.6606,-7.0682,4.2791,8.27,-2.4878,2.1244,0.9921,-6.2045,8.1699,5.3761,9.4616,-3.6308,6.897,-9.6123,9.4432,6.3098,1.5004,-1.4202,-8.0486,-2.6156,-0.5828,-2.0223,-0.5909,-4.5376,-1.6441,6.0808,7.1488,2.1286,2.2053,-4.7314,8.7135,9.0846,-9.8708,-3.4058,0.9328,2.8945,3.3056,-8.5999,1.1498,1.716,0.5206,-3.9226,3.9389,7.4181,-4.7198,9.1847,6.0483,-0.7995,-6.603,-6.2812,-5.6357,3.1216,-2.2317,-9.0021,-9.8026,-6.4614,-7.5143,5.2135,-7.2604,1.9669,5.7257,9.0693,7.4207,3.7439,-3.7524,6.7345,-4.1579,-0.1095,-3.5218,-0.8605,-0.9903,-2.7951,-0.4178,4.1837,-7.967,-9.2384,-4.1388,4.0815,-6.9374,7.4876,-0.1017,-6.8744,-7.3582,-0.1772,3.0136,-4.4252,-8.0434,9.0584,5.9711,-2.0404,3.4047,-3.0318,-8.653,7.6632,8.1738,-9.2503,2.9462,-9.4456,9.0387,0.9895,0.2117,-4.7596,7.0382,4.6246,1.4661,-1.7183,5.638,0.0221
-5.8818,-7.6017,1.5186,-9.6425,0.6907,2.2541,7.7572,-7.647,7.9918,-2.5673,2.8326,-6.7589,-0.6659,8.6839,-8.5747,0.9618,6.9066,8.6648,-5.8307,-6.4597,2.2669,-5.9926,1.0349,-0.9626,1.5409,-6.2579,-5.3747,1.5799,0.018,-4.2057,-5.3371,-0.0012,-0.2673,8.6944,7.7321,6.2161,4.0966,7.4676,-9.1879,-8.7208,1.6043,-2.2211,1.603,-6.5452,-7.837,3.5142,-3.302,3.9986,7.373,-6.4767,-6.3248,1.9641,-7.6449,-9.7214,-7.536,-5.7146,-3.1563,-6.8757,-3.3978,6.7889,7.935,-3.9723,1.7727,-9.9885,-3.9397,5.443,3.5789,-5.4901,2.3089,8.6267,-2.4834,6.7566,-9.5309,-7.4572,-1.3029,-7.9772,-6.236,-6.6637,-5.0282,6.9875,-5.1626,5.3277,-3.3112,-5.1822,3.3477,9.3848,-2.3355,-1.0206,9.3583,9.0476,4.7584,7.7159,8.3994,-2.2789,-8.4342,7.2816,4.7562,-7.0889,-5.4438,-8.1419,6.2774,0.8269,9.6109,-6.6657,3.4468,-1.9288,-5.878,-5.0911,1.1248,-6.5297,8.3525,9.7859,4.4627,0.9413,-0.959,5.7771,-6.9052,-1.8904,-0.1569,5.4286,4.2461,-2.7359,-0.0752,1.4497,2.3473,2.154,7.4342,6.808,7.2951,8.6748,0.9614,-3.8252,9.2128,7.3781,9.8022,-0.4131,5.0133,-7.7487,4.6905,8.4865,7.244,5.1658,1.2817,9.441,3.2719,2.6179,-7.5677,-8.9167,-6.2205,-9.914,4.3227,9.3703,5.9152,8.0123,-9.2837,8.7043,9.737,-7.2237,-5.4547,-5.4711,3.9419,-4.9763,8.946,9.573,2.6911,6.8291,-4.8608,-7.578,-8.8441,5.1991,-7.4395,5.0931,-7.2771,2.2063,3.8828,8.843,2.0238,6.6618,2.1378,6.8026,9.0381,-7.6317,-4.1102,5.2827,1.1641,2.323,-9.2923,-9.3611,-6.4853,6.4684,-4.2674,3.1856,-3.5326,-2.7652,7.6615,6.5169,9.6681,5.7389,-1.2846,1.0113
3.0435,0.5651,-5.7303,1.9637,-2.4936,-2.9067,-3.2625,-3.1405,-0.2022,-1.2171,-1.3296,-8.5929,-2.0819,5.261,-7.5936,6.729,5.3697,-2.6456,-8.551,-7.2159,2.8661,6.3525,2.7771,6.5222,8.3254,-1.0216,-3.5568,-4.1668,9.3377,2.1113,-4.399,-7.311,5.9742,-1.5717,7.6312,1.082,9.0432,-6.4536,6.5884,-2.2557,9.0914,-6.571,-9.006,-3.8789,9.2753,6.131,9.211,-6.8072,3.5683,8.4335,-5.3883,4.2454,-5.8063,-7.7544,6.0058,-1.5874,-1.1671,-3.7948,-1.7337,-8.3016,-8.9121,9.2526,-1.1241,-8.7875,8.8321,9.4669,0.8683,-9.0661,-3.7815,9.1604,0.59,-1.1209,-1.5559,-4.5717,-5.2878,7.7821,2.9519,8.0178,-4.8423,4.6325,4.3794,5.6679,-2.9603,1.114,-3.5847,-0.1917,-9.375,-7.9753,-8.1413,-6.2071,-5.4207,-5.177,-8.4526,-8.5735,-2.7778,6.9146,-7.1314,-7.7595,8.3584,5.5355,-2.3377,-9.6,-2.1302,9.8365,8.0948,-8.5276,4.7703,5.2298,-5.2847,-7.3925,-8.3664,2.739,-9.124,-6.4665,-1.6839,-0.5821,5.3713,-4.7901,-9.844,-7.3129,-4.5317,-9.563,4.6521,6.4171,7.8971,-7.8978,-5.0811,-9.6793,-6.9236,-0.6643,-8.9947,-0.2152,8.3833,-0.4659,2.2445,-5.9267,7.5668,0.2758,-0.029,6.55,-1.6069,-7.4758,7.1592,1.6035,-4.7146,7.3818,-0.9454,-9.8781,-8.0584,8.1329,9.5779,-8.727,6.3754,1.4252,3.8172,-9.6175,-4.4123,-3.7908,-1.626,-3.1957,-5.1778,2.1286,-7.7351,-4.9206,5.9409,-2.1044,3.0231,-5.5284,-4.4203,-9.1422,-4.1927,8.2568,4.0253,-7.4589,2.7715,5.2631,-1.2691,-3.6973,-0.2416,-3.9074,2.7066,1.194,4.4618,-6.518,-2.6209,5.4488,6.9645,-6.9081,6.4266,-0.1752,-7.187,-1.8726,-4.8034,-3.0933,-5.073,-8.0815,-7.8039,-7.8599,-3.8865,9.7938
-3.6666,-0.4541,8.7483,-5.5679,9.711,5.1079,-7.3655,1.2698,7.221,6.2446,8.1732,4.8489,-5.7272,-7.681,1.1246,2.0137,0.1913,-7.6852,-5.933,-8.0076,-3.1802,4.1692,1.5011,3.2136,6.5074,-8.2773,4.2641,9.4034,9.4894,-0.5723,-5.3569,3.7843,-9.8802,-7.5618,-1.7022,-2.1866,-2.0978,0.304,-9.0817,-8.6475,9.0367,-3.0043,-6.6923,-8.9829,5.762,-5.0507,-7.0464,3.2513,-3.484,7.8335,7.5822,5.9974,-6.6411,-3.1285,-5.2395,5.9848,2.4261,-1.0979,-8.0533,-1.3848,-3.506,-4.3577,-9.44,0.8667,-4.3859,-5.2195,-0.6171,-4.1583,4.6061,7.9584,3.6043,6.651,6.6686,0.9416,0.1154,-9.8932,1.9546,2.4469,0.3649,9.9018,8.8169,6.656,-0.0082,0.7003,9.0523,7.0762,5.0501,-8.6555,1.2353,2.3878,8.7951,1.1051,6.636,8.6656,-0.3985,3.6972,0.6739,-1.5412,-3.6548,9.7817,-9.0322,6.5573,-6.1259,-4.8617,5.0594,7.75,0.5484,2.8916,6.6776,-9.3127,5.1396,9.4374,5.2943,-5.5547,-0.6227,-6.7676,9.1963,6.3714,6.9538,-3.9758,6.2025,-7.5881,1.1474,-8.4632,3.1712,-4.5406,4.1485,3.8516,7.755,-8.2532,4.9864,4.1903,-3.3618,6.5752,9.7962,3.2608,-1.6004,6.2911,2.5368,-1.8341,-2.6257,4.0899,0.4034,7.7914,9.7983,4.2763,-8.3849,-3.9782,1.2378,-8.2207,9.1389,-6.8365,9.6477,4.8113,-8.9189,-4.308,6.2692,-1.0986,-0.5178,5.589,3.3047,-8.7893,-6.3895,6.7872,-5.1514,6.9176,-9.9168,5.6656,-9.5847,6.8985,-3.2301,7.5098,-5.167,-7.5682,5.981,1.4413,5.1768,-5.6626,-0.01,-2.2622,7.8761,-8.2509,8.8344,7.469,-0.6222,-6.5671,5.6668,0.1618,8.2718,5.681,-1.2594,4.7232,1.306,7.0471,-7.5495,-9.1566,-3.9929,0.7528,5.7373,-7.2797
9.2419,1.9031,-5.2445,4.0968,-7.965,-1.1537,-8.5888,-9.5037,1.3884,-5.0186,0.2211,-1.6752,-1.4613,6.0867,-5.825,-7.2027,-0.1991,-2.8479,-5.2864,2.8553,-3.6884,-7.6484,2.5621,0.0843,4.3623,-4.0578,2.5915,0.2188,4.1861,3.155,2.3184,-7.5638,7.6643,5.367,-7.7831,-6.9585,-3.4661,-2.2655,9.6057,-7.3528,-4.2056,1.9799,-6.1715,-3.5454,1.6573,-9.549,4.3384,1.4759,-8.8464,1.8898,-7.99,-0.2699,-6.0076,-3.7368,-5.7353,2.7584,-2.2233,7.4698,1.829,-6.7961,1.9497,7.8942,-2.0665,4.6995,-5.8899,-0.3105,-5.2091,2.6617,0.1954,-0.9474,2.6241,-5.6066,-7.1042,2.0782,9.486,-4.6575,-4.5885,-4.4787,-8.127,4.8351,0.4589,-3.7696,-6.6069,-1.2251,-4.278,7.8994,-3.7027,-0.656,6.5868,-5.76,8.6751,8.4765,6.8528,0.6904,-0.9505,1.4826,2.9503,3.0572,7.9956,2.4229,-4.3459,2.8193,-4.0919,2.5359,-1.1995,-0.0794,6.2637,-4.7034,6.9841,6.6326,-3.8844,-0.5792,-7.4539,-3.9398,-4.5315,6.2638,-9.3308,-3.7124,-4.5777,-9.5668,-1.7354,-7.7445,1.8372,9.039,1.4814,-4.102,-0.9961,9.4388,2.7335,9.6464,-7.8957,8.2949,3.0161,-1.5841,-7.6307,-1.7337,-5.9161,-2.8493,-9.125,-5.0896,-7.1787,8.2145,-5.8765,-3.6212,4.5011,-0.6724,-7.2247,1.3164,-7.7553,2.3433,5.7717,8.0368,2.7913,2.0467,6.1839,-7.2652,7.3806,2.8116,3.9788,1.3939,2.8226,4.7235,-8.6625,4.4482,-7.1144,-1.9882,5.7992,-5.0047,7.5246,4.1165,-9.3633,-5.7529,-5.6133,1.928,1.1931,9.0608,-0.641,-2.6244,-3.0298,-3.7683,2.4454,-3.4935,-8.7259,3.2667,4.3585,-2.2416,-9.806,6.7837,-4.7925,-3.6802,3.6586,8.9391,-4.5457,-4.004,-1.5071,-5.703,-8.6916,-4.2328,-7.5824,7.8068
1.8404,2.3972,-2.3313,1.1869,-9.9127,-3.0592,-5.1615,-9.6211,8.2781,-1.3698,6.7756,0.6386,-2.6582,7.996,-3.1002,-5.6411,-2.4275,4.8622,-0.6328,3.0116,0.9601,-1.9358,-1.1255,5.9076,4.5112,-9.1048,8.1367,-4.9236,-5.9983,6.0149,-7.4683,2.6928,5.8195,7.2913,0.2978,8.3205,9.6077,-8.1609,1.6926,-4.4059,-1.1439,0.0507,1.0072,-4.428,1.0312,-9.7012,9.3234,2.8531,3.821,-2.9905,4.0627,0.2785,1.8917,-9.9815,4.6001,0.5854,7.105,-7.0136,-9.4472,8.3233,-5.7797,8.2525,4.0758,-8.8031,-1.6392,-2.1214,-5.1478,4.2722,6.2593,-7.4083,-7.799,-5.0548,-8.7122,5.1354,2.0686,7.9834,7.0087,8.1459,-1.2612,1.1882,-9.9447,-5.8397,-8.7665,3.1286,8.7477,1.6,-0.1056,0.5675,-6.5768,-9.17,3.3559,9.1145,8.3879,9.3832,-5.9858,7.1933,8.0426,-7.6808,-0.1595,-5.6905,1.1122,2.5456,8.3503,-5.7767,-0.5723,-0.5726,-5.833,-4.5445,-6.3806,-7.1831,9.406,8.2629,6.1895,-4.7262,-6.5267,-7.0124,0.8594,8.5604,9.5797,2.1859,0.8393,-0.0128,3.6141,-2.3243,5.4904,6.2085,-0.964,-7.8265,4.7547,-6.035,5.0224,2.7949,5.7351,-6.9512,-5.2905,4.8755,-3.8976,4.4097,-1.245,-9.6444,9.1394,0.4103,3.1177,-7.843,7.6348,7.0414,8.4056,6.2284,-1.6955,8.3823,1.6045,-8.4905,-2.2571,-0.2506,-6.9082,5.5314,7.1647,-1.8037,3.0898,-1.4179,5.9227,-8.2371,9.3896,-7.4575,3.439,4.5316,5.6588,5.4471,-6.4454,-5.6068,5.3765,-6.8402,5.9888,9.31,8.2924,-4.8251,-5.7384,-9.4237,6.8229,-8.9186,5.0535,-6.283,7.6016,8.2496,-0.6325,-3.2317,-3.438,-3.3808,-7.2644,1.3281,-9.7107,-7.2491,1.16,-0.8652,2.8628,-9.2449,-2.6098,-3.5019,4.149,7.1685
8.2841,9.243,2.6471,-5.4264,-2.5768,-8.9153,-4.6398,3.2438,-1.8657,7.4239,6.3728,-8.5979,1.3058,-6.0401,-8.4134,0.1071,1.1604,-1.661,8.8984,8.1676,-8.641,-9.2439,5.3889,7.3328,-6.6105,-0.3682,3.8925,-9.7549,-7.0731,-8.4646,-3.7216,-7.1327,1.8779,-1.9511,5.3805,2.1042,6.0041,-4.6107,-3.3453,-0.5946,-7.0198,9.329,-3.6197,6.4799,-9.4449,3.4717,-9.9029,3.5315,-0.6077,4.315,6.8177,-6.7186,1.4664,-2.6165,-6.3817,-7.1859,6.7431,9.6031,-6.4926,5.6445,6.5584,-2.5203,-8.5439,2.9312,-5.7105,3.9293,7.2307,-7.899,-9.5001,1.5207,-7.0146,-4.0043,5.2554,-3.4194,3.8133,-9.1102,-1.6865,9.8679,-1.4334,-0.21,-6.7279,-7.0827,-1.1012,-9.6179,-1.2406,4.5692,-7.6102,5.2255,-2.056,5.8795,-8.3482,6.1838,-1.6066,-6.0429,-4.7142,-6.2245,-7.7628,-1.5784,6.8842,-3.0307,2.5729,6.2958,-4.6267,7.4688,-9.1526,8.9046,-7.07,4.3878,3.5597,8.7586,-9.7427,-8.493,6.8283,7.4934,9.0326,9.0687,-4.4587,-8.4791,-7.853,-3.2146,1.112,7.9669,1.908,7.4654,5.6452,0.4605,2.1921,-5.4487,-9.4046,-8.0856,-6.1291,0.4781,-4.8994,-7.1909,-7.5434,-8.8077,-7.8162,7.8293,8.9075,9.3363,-6.0098,2.0298,-2.7762,-8.6872,9.9368,-7.0039,1.3703,1.1865,-1.8784,0.5487,-3.9318,2.5082,-0.602,2.9937,-4.8249,3.2411,5.8142,-6.5019,-2.6309,5.5399,-4.1156,5.0845,-9.3931,2.3135,-1.9823,-5.3557,4.9223,4.342,3.7753,-9.6412,-3.9981,-4.8242,5.5466,7.4833,-9.1754,-1.539,3.4363,-6.6658,-1.6164,-4.67,-1.0552,6.089,-2.2852,-9.4194,-6.936,-7.0126,-9.059,0.5634,2.0323,-4.0567,0.8861,7.5952,-0.4479,-0.1945,4.1103,8.2497,-0.3023,0.3148,7.4,-9.1629
-7.7967,-8.8146,6.4584,-7.2073,8.0714,-8.7768,-1.2717,0.2723,-2.598,-4.497,-3.3618,-2.5263,-9.8138,-4.3285,4.9387,4.8385,-3.2405,-6.8269,7.6737,7.4551,8.5793,-0.7754,7.6243,5.1941,1.7846,-2.7276,3.6561,3.5624,5.6783,9.2505,0.6784,-4.8607,9.675,-3.4117,-8.5687,-6.4522,-4.3026,5.3658,-1.3572,-1.2421,-7.6891,-1.8294,9.1083,7.3786,-2.2906,-4.5481,-4.927,-9.6776,9.1753,9.8664,-5.479,-2.7925,-1.5382,1.2937,1.6847,8.6187,-5.5585,7.9681,-3.45,-9.5642,-5.808,-7.5965,-2.9543,2.6144,9.2753,8.1823,-2.6783,-8.6159,-0.2753,5.0561,-2.5969,4.1151,1.7975,9.0242,7.9291,5.3375,-0.2223,7.5165,9.7082,-0.0713,-1.839,-6.9369,-5.7501,-3.2874,-7.5306,-3.6451,3.6293,-1.2168,-6.8825,5.8395,2.5079,-1.5461,-5.8222,-4.3601,9.9526,2.4707,8.079,-2.3997,2.9678,6.7159,-4.0359,-7.9399,2.9617,0.1903,-3.5175,-4.2524,2.4239,1.6278,-1.984,-1.1236,8.4659,-3.1224,2.679,-1.4526,7.3694,4.3921,-9.6926,4.3433,-4.8107,-1.6166,-6.6107,-6.7339,-2.3312,-3.0662,-0.1734,-9.3208,-6.2598,3.8042,2.7341,7.0359,-6.4794,-8.9273,-7.8684,-1.9474,-5.0298,5.8084,-9.7737,2.3271,2.7222,5.6739,-8.3372,-6.2516,1.3494,-4.4889,2.546,2.1733,5.2891,8.0621,4.8895,-0.9377,6.0304,-5.9795,1.7503,-8.8592,7.9526,2.7013,-0.0756,4.9667,1.0745,-8.9566,1.8491,9.8165,-6.0472,9.5173,-9.441,1.2931,-8.341,-2.8657,1.2731,-3.6915,3.2563,1.0968,-0.5673,-0.2146,-1.4491,7.2955,-3.4714,-0.6409,5.4561,-0.5925,5.3532,2.7653,4.2636,-9.0665,-5.9327,-7.5531,4.5701,-0.3914,-0.9263,-1.7332,-5.5459,-7.4541,6.0195,-6.246,9.9262,6.1105,-5.4913,2.6993,-2.2622,4.0655
1.1217,-5.2624,7.0793,2.8396,-5.1568,-9.5004,6.711,-9.8146,5.0442,4.5533,-3.3915,-1.6691,-3.4303,4.4477,2.9233,-8.8123,-9.7657,0.9646,-0.4403,-8.7728,1.1679,0.7723,-9.0585,2.7775,-5.1483,-1.479,-9.9743,-9.9506,-5.4601,7.2026,2.7694,1.3578,-3.4984,-9.1876,9.778,6.246,4.2637,-2.7911,-2.8112,7.3861,-8.7523,0.0151,6.3726,9.4296,-6.4749,0.5838,4.7221,8.3381,4.5048,-9.4335,-0.1141,8.1837,2.7425,6.1259,4.1256,-0.2259,-9.7275,-3.6571,-1.2182,4.3976,6.3063,3.5064,7.0912,-6.6671,-1.1746,9.9653,-3.2408,3.4441,-9.3688,-8.9103,-7.5896,-1.7532,-5.1148,7.2102,4.1996,-2.8997,-1.2765,-8.5672,-4.7747,-0.3893,-1.1373,7.1651,-6.5519,3.4746,2.1244,-5.9498,9.1617,-5.338,7.4858,9.7537,-2.0734,-8.9811,4.86,-2.3261,7.3419,-1.9638,-4.6355,-3.9213,1.5217,-2.9968,-2.8698,1.2601,0.636,-7.6498,-6.4576,-5.0973,7.4198,-6.0021,-8.3622,-1.1994,-7.567,0.2885,5.1143,-2.7548,-2.6521,-3.1738,-4.4847,4.9448,5.8362,1.7066,5.3866,-6.4389,3.2354,1.7222,-9.6946,0.7581,-5.5931,-4.9,-5.9774,6.0331,0.1793,7.854,-9.9642,-4.6868,-1.5753,9.2263,2.4257,8.9668,6.9799,2.5268,-5.0016,7.0717,-2.571,-5.2272,-4.44,4.7794,-2.5995,7.8728,6.7914,7.1984,-6.796,-2.8182,-3.2602,6.9356,0.4704,-5.825,1.9859,-4.6888,4.9404,3.5022,-8.1251,-4.9824,0.5402,-5.6579,-2.1233,7.1509,9.2117,5.3493,7.9402,3.5314,0.8688,9.0526,8.8407,-5.0834,1.023,0.0817,7.97,-1.9887,0.9439,-7.0559,-0.9121,-5.4244,0.6132,3.8201,6.8936,-2.2734,-4.5316,7.8064,-0.3175,2.3474,3.7396,-1.4172,-7.0368,-0.1273,-6.8377,-6.3198,-6.2634,-8.2877,-1.1093,0.7696
-7.0211,-1.4911,2.457,-7.0364,-8.2585,-5.0243,5.5683,-4.6335,9.6363,3.1134,9.9721,-4.4763,3.1243,5.1787,-3.0196,7.8319,-7.3823,2.4127,-9.7046,-6.2856,4.863,-2.0779,-5.246,3.357,-9.8654,4.8751,8.2336,7.6132,-1.8319,-6.445,8.1387,-6.5891,-7.7521,-3.436,1.7518,-1.5325,1.4633,-8.5232,5.6352,9.5918,7.5134,-4.4748,8.2997,-3.3765,5.8294,-8.2883,-3.9632,2.4815,-6.3991,2.0031,-0.6544,-1.355,5.0616,0.1918,4.1213,9.356,1.7305,9.5399,3.0515,-9.6601,-3.8557,1.3265,4.3362,-5.628,-2.0764,-9.939,7.2091,2.194,7.8368,4.0353,-9.488,-0.3291,-8.5885,7.9628,-1.9688,2.1292,-9.0944,-9.955,-9.6102,-9.9221,-3.7372,-0.6164,-8.4268,2.9453,9.7441,8.906,-6.9959,3.4381,-5.5539,-3.9703,-2.6966,4.3912,2.2597,2.9849,1.5605,5.8428,-6.5997,1.7371,-3.8298,9.2068,-9.9446,9.0535,5.8356,-6.7678,-1.908,1.7276,-2.394,5.9143,6.7802,9.4515,-0.4525,-9.5323,-8.9599,8.2168,-7.124,-4.3169,7.4172,-0.6701,-7.5395,-5.3671,1.6949,2.4499,4.0119,-9.9458,2.5284,2.9828,8.5044,0.547,-1.8111,-9.9384,4.4727,-0.9425,6.7129,-1.1189,6.3111,3.5379,-4.3563,-3.5777,-5.565,9.4877,7.1727,-3.3799,2.9624,4.5671,-7.8441,6.2676,-4.9688,2.8813,-8.9167,1.8362,8.8566,1.6885,-0.8899,0.1677,-7.4782,5.3269,3.9378,4.7212,7.6269,8.6118,-5.0203,-4.8719,7.3918,0.9776,4.3368,-9.4504,5.8728,4.429,-1.0929,-2.447,-8.2774,4.5311,-4.5702,9.344,1.0919,5.0985,4.9149,2.3921,3.969,2.3595,9.5316,-1.3472,8.9278,-8.9561,2.914,8.5471,0.8414,6.8387,1.1663,3.9815,1.8657,-7.7336,-7.1474,-0.8558,-0.4388,-6.9708,0.8088,-0.4951,7.8966,-5.2137
3.7112,-4.7731,9.5452,-5.3483,1.0614,-6.2654,4.2109,-6.3085,0.0826,4.417,-7.9793,-7.0476,-1.6951,-0.3037,-1.9125,-2.5353,-3.2402,4.503,4.8108,0.3233,-3.1235,0.4137,8.9559,7.5165,0.2568,2.1824,1.905,6.4094,2.5133,-7.5792,-3.8633,6.3075,1.1983,8.6887,1.3616,1.5905,-8.8097,-6.4264,-8.336,-7.2463,-5.4227,-9.3621,-0.6388,8.184,7.028,-9.4123,8.3736,-5.0021,-3.3354,-8.2155,5.5786,-8.2248,0.5184,5.6709,-1.8639,-0.073,-5.7975,0.2315,1.8168,2.0426,2.5355,7.0916,-6.0425,8.6343,3.6381,-5.4294,8.6038,-9.0817,4.7811,-9.5766,-8.3095,3.4065,-2.9732,-9.9065,5.0395,-9.4805,3.0653,-3.8232,-3.7369,2.987,0.2155,2.5488,6.1352,-2.5145,-9.9913,-7.6875,9.4302,-2.4178,-8.6846,-5.7739,-2.4336,8.8967,9.7943,-0.9287,-2.3491,-7.0346,-2.2767,3.073,2.2055,9.3496,-8.8341,8.0618,3.9653,-8.2172,5.7222,4.4495,-7.5443,0.8428,-5.5713,-1.822,-7.9273,0.2031,-4.466,1.527,-9.9387,-3.1449,-5.2679,-4.4473,5.6697,4.7238,5.7935,5.0839,-6.9012,-5.0784,0.0589,-8.9744,-7.5231,3.9307,9.4826,-4.0933,8.5863,-2.8359,8.8228,1.2141,-1.32,-7.6934,9.2246,0.5255,-7.6524,4.6598,-4.1544,1.8164,7.6964,-6.8881,-2.9882,2.0494,1.8303,-8.6927,-9.7726,-7.6751,9.9718,4.3984,-4.0188,6.6889,-3.7385,5.3328,9.841,5.4047,-7.9707,-9.9007,-3.0629,-5.978,0.3648,-5.4325,-6.3279,-6.7039,-9.0997,9.807,-1.7613,-5.5006,1.7582,-0.5468,-4.1177,1.3645,-8.341,6.2987,2.3281,6.0394,-5.4174,8.6861,-0.8784,1.5499,-8.4073,6.8685,-0.1438,4.5254,-4.9164,-4.6623,-0.1846,-2.9172,1.8582,-0.864,4.6275,4.9041,-6.3971,-9.0747,-9.7943,9.3874,3.5043,7.5023
0.7287,7.7944,-7.823,7.6908,-1.5704,-8.7367,-4.279,5.4698,5.3887,1.0097,-5.3276,-1.906,7.8802,-7.83,4.8974,1.6033,-9.1067,-2.8905,7.7903,8.7631,0.0605,4.0123,0.7199,-9.4447,4.7023,0.1435,-8.3111,5.7953,-0.0558,-5.4445,-6.9815,3.7886,7.2439,0.1343,-7.699,-5.0534,0.7472,7.8138,3.671,9.6755,1.6191,-4.6219,6.3978,9.3071,-7.4974,8.9244,-6.978,9.845,8.4345,-8.4168,3.9658,1.5809,-8.5693,8.6784,3.3684,-3.0827,5.1678,2.4049,7.818,4.8736,-3.8029,-6.0545,-8.3152,9.2106,-6.6696,-2.1369,-2.672,-3.676,-1.1248,-8.0282,8.6335,-0.0338,-9.482,-5.4668,5.6012,5.1751,6.0167,-4.499,3.5486,-8.6709,-7.174,-9.1916,4.4742,5.0272,-7.4032,3.4256,-8.031,9.9597,0.5879,-1.0113,-2.26,3.5522,-3.5994,0.1655,-4.7555,-0.7526,7.9113,-4.4726,-3.1584,7.6459,3.9542,-3.2483,-4.075,5.8431,-1.4419,3.4075,-8.826,-2.633,4.4324,1.2105,-7.7697,-4.626,5.0825,-9.0586,-3.2896,-7.5751,7.1403,-0.6519,3.3044,3.484,5.009,4.3448,4.4445,5.5568,5.7942,8.9186,-3.0308,-9.721,-6.2014,2.9489,-9.3082,9.0226,-0.2462,-3.1246,2.3439,5.7475,-8.7714,1.1366,3.6121,-3.5714,-1.4022,-1.9116,-4.8087,-4.1311,6.0001,7.7389,5.8328,-1.3088,-1.5228,8.0644,6.9216,-5.3449,8.2148,-7.7963,-6.4747,7.434,8.8863,8.1953,-4.8801,-8.1589,3.1688,-5.3924,-2.317,-9.6633,-3.1332,-9.215,2.0786,-6.833,-8.2902,3.15,0.8991,-7.5202,4.5565,-6.1393,7.1872,-4.958,-6.3362,6.8435,8.2127,1.9078,-4.4926,7.7709,-5.658,0.248,3.8405,6.0643,-1.3409,7.4836,0.279,-5.2814,-8.2503,-6.4094,-0.0236,-7.4634,-2.6505,-0.5304,5.6438,5.1061,4.8434,0.8786
-7.3891,-3.1295,8.5239,-1.6835,4.9236,6.2767,-5.3037,0.2619,-8.1221,5.8316,-7.8683,-5.5339,-4.9071,0.5791,9.6248,-5.1616,-2.913,3.9302,-6.1374,-8.6171,-9.2026,-1.8589,4.0236,-9.5005,-5.5579,5.1109,9.3875,5.8209,2.4772,5.9531,0.1443,-7.7689,-7.5299,-2.1787,3.8469,2.8948,-6.2404,0.8042,9.028,8.6464,-7.4985,9.5603,-6.319,-9.7818,5.6279,1.2397,-4.167,-1.1884,-6.6339,-7.7662,4.0151,7.9854,8.4007,-1.8953,-4.4447,-4.4248,3.0295,5.2058,-7.7494,-8.5592,-9.0482,3.8639,4.8042,-7.3532,8.7743,-6.5276,-8.7208,-7.78,7.6405,3.7198,9.9664,-7.2327,1.5007,-6.4137,9.2007,1.7104,3.4921,4.8516,6.9718,8.5601,9.3895,8.6113,-9.6438,-4.6558,-8.0227,2.6704,-6.2889,7.2055,-5.9721,-0.502,-3.4574,-8.1338,-0.9834,3.9506,-3.4633,-7.9658,-0.8098,-3.8054,7.673,-0.7348,8.0455,9.1887,6.336,1.47,-1.0119,5.7177,-6.3109,0.5238,6.3963,-2.632,0.9748,7.1162,-8.7513,-9.6376,2.5528,-3.8279,4.1997,8.8354,7.7571,-5.1617,4.3905,-4.7997,-6.9655,4.2114,-2.2651,3.225,6.2074,3.0352,-1.1027,-8.5805,-4.6024,-6.8452,6.7541,7.9464,-9.5294,-2.3429,-9.3835,-2.1243,-6.9476,7.0439,-7.5163,2.9235,5.2783,-2.9634,9.7567,9.278,-0.6212,-3.3602,9.9735,0.3743,7.866,-2.1403,2.5129,-7.1451,8.8862,-6.3395,2.7669,-2.0904,7.9852,-5.1428,-3.2127,9.6036,-5.7244,-1.7265,3.057,0.5414,-5.1311,-0.629,-6.2465,-4.9343,-1.7262,1.2112,8.5198,-2.353,-2.2404,-1.9734,5.6685,9.6657,-2.257,-1.545,-5.2882,6.3469,3.5486,2.4556,3.2705,0.7251,5.4493,-3.6292,-2.925,-4.5172,3.0888,3.0897,8.8452,-8.6432,9.0966,2.0287,8.828,2.5132,6.641,-0.8842
-8.4323,-9.5607,-9.999,-3.1086,-4.9795,0.0736,6.4067,-2.7731,-5.8828,-1.7444,-9.4851,-3.5338,-9.5246,1.6307,-4.3905,-0.9373,-9.3151,-8.3303,9.1468,6.1314,-8.1679,5.7542,6.4259,9.2766,-6.7957,-7.4558,5.8968,-2.5139,-1.4477,-8.2861,6.6045,1.6711,6.5945,3.3021,8.6024,-9.9861,3.9572,6.3783,-2.7948,3.1079,-7.0399,8.8694,2.8828,-9.2668,-8.9272,8.3359,2.8809,-1.8709,-2.4353,2.788,1.6252,-0.6353,5.7214,-6.169,3.0935,-0.5362,-1.8475,1.0873,-8.3451,-5.5879,-8.8899,-9.1286,4.0291,8.1265,-7.6772,5.0281,0.1105,4.7435,-5.5987,1.0455,-1.2323,-2.7089,-2.3802,-1.7387,4.6953,4.9071,5.9676,8.6317,-6.0508,1.5267,-5.3095,8.7116,-3.0668,9.1779,-3.1201,-1.6609,-3.5034,-2.4677,-3.237,-1.1025,3.42,-8.1736,-9.2005,-1.7267,-8.9166,0.9632,-6.6108,-4.9615,8.3057,-8.858,-0.2553,-3.1768,2.7363,2.6625,-1.3317,-8.5472,8.5678,1.8028,-2.0151,-7.6093,3.41,4.9588,3.449,-6.3569,1.4941,-7.0898,-4.2899,-6.3871,-7.4144,0.3932,8.7179,6.7275,-7.2826,-4.2263,-9.4135,-5.4409,3.8303,-5.2384,-7.1324,-2.7671,-8.0,-3.662,9.3528,-0.7962,-1.2176,-8.3621,-6.501,2.5406,7.3409,-5.5116,6.3828,8.2682,-6.1312,4.4408,-1.3057,1.1789,0.446,-1.5854,-9.2708,7.8143,7.1865,7.2857,-1.2555,-8.8008,-7.5699,2.5719,-3.492,-4.5051,-1.3416,4.9019,-8.4288,0.2256,-0.0099,-6.9615,2.0965,7.8843,-0.9868,0.8913,3.6787,1.9595,3.0827,-5.9288,-6.9611,-3.5044,0.3505,-5.5116,3.9901,9.1397,-6.9023,-8.6598,8.2733,9.3904,2.7877,9.7056,8.9327,9.2097,-6.1836,4.2026,7.0933,0.1687,-2.2792,8.3115,-1.1637,9.5125,-4.8392,0.4918,-3.6874,-2.9611,3.2107,2.9504
9.1157,-4.1382,-7.0874,6.0391,-6.2628,-2.5964,-7.9569,6.9985,6.6972,-5.358,0.1839,6.2509,2.0107,7.4496,2.4217,0.0244,-9.5194,8.1062,3.6449,-9.3662,-8.8945,-9.6099,3.9203,-6.1555,6.3007,-1.7399,5.7995,7.8674,-4.9499,0.618,5.6519,-5.9085,3.4626,1.8964,-7.7971,5.1365,-0.3365,7.9023,-3.5963,-7.9849,8.473,2.81,-9.8725,-1.4714,9.4725,3.2576,5.504,-8.9353,-1.827,-9.9626,3.6976,8.9678,-5.6106,-8.7533,-4.2553,7.9047,-2.8542,3.7567,2.0447,-4.379,3.7624,-8.0494,-5.4906,4.6179,-4.7981,7.1351,0.0479,-1.0281,7.2254,-5.5579,0.698,-5.2077,-2.4024,0.6567,-8.7593,7.21,9.0134,-1.5809,0.2416,-4.5425,9.6555,6.2765,1.4262,-8.2163,-0.2437,-4.7906,-2.6111,3.6993,7.5523,1.1496,7.9457,-1.1974,0.1482,-2.7577,-3.3427,-5.9058,8.043,-7.0057,-0.6444,1.432,2.0699,5.5666,2.0026,-4.5185,1.23,5.2336,6.6261,6.0825,-7.8478,8.6002,-4.6539,-7.3626,1.8732,8.8772,7.6476,2.8737,-6.3241,-8.1788,-8.0178,1.6709,-1.2189,-5.5216,-6.7765,5.383,7.8528,0.7105,3.3871,7.648,9.2974,3.7625,3.5806,-2.8829,-6.6444,-6.2908,6.1823,-9.2424,-3.2877,-7.1439,-0.1212,-8.4742,8.5102,-0.9893,5.5498,4.8938,6.432,7.838,-3.1469,2.2521,-6.5134,-2.8379,5.2102,3.6134,9.0533,-7.6929,9.8812,6.1411,-5.6542,-0.3326,-6.407,2.2936,-2.7936,4.0858,-9.1207,-5.7135,8.4639,-0.2211,1.6099,-7.1563,2.445,2.9723,1.1083,8.5872,-7.5583,9.9144,6.9627,0.3035,-7.3404,-2.3498,-0.9354,1.4467,8.7334,-7.154,6.3564,-2.1961,4.5168,-1.8754,-3.5988,8.7436,1.7301,-5.4366,7.1928,5.3793,-9.2991,9.6157,-5.0981,5.8549,9.0377,3.3248,-3.8404,6.9818
6.3901,5.3667,-7.048,-9.0112,-3.2507,-8.2257,-1.2393,-4.0105,-1.0485,-5.8895,8.9261,-6.5181,-4.5086,-4.9583,1.8225,7.6662,-0.5954,-9.0414,4.46,3.6713,4.1388,-5.0551,-3.6545,8.2914,-6.9148,7.7654,-3.6321,2.9367,2.8553,9.2503,-2.3334,-3.5928,-7.1689,4.9662,-7.0662,-8.4197,8.6366,-8.454,5.4504,-3.1744,2.6708,2.5127,-2.4609,3.1668,2.0489,-2.3491,-1.5609,-9.2829,-7.8116,-0.2558,-0.35,5.9129,7.4657,-2.4759,2.6526,-0.7925,0.9907,-1.3887,-7.2085,-1.5665,-0.2887,9.7788,2.4001,-8.8708,-8.4861,6.8433,0.1205,-4.3817,-3.6403,5.8654,-2.4272,-7.9122,3.6998,-1.4833,5.7432,-7.7898,-1.9876,3.0494,-9.849,-1.2808,6.7182,-6.1739,-6.4786,4.7196,2.6729,-0.4834,8.5921,9.9599,3.405,-8.9969,6.1788,-2.5533,-2.9919,8.6333,-2.1105,-3.8668,1.2211,8.4178,-0.8543,-7.4111,8.9694,2.3869,1.0051,8.409,-2.8179,0.6582,6.0466,2.7504,8.5315,-9.789,-4.3187,9.5212,-8.6714,-4.5383,-6.4415,-6.9531,4.5769,8.6195,-1.4616,6.9708,7.528,-7.0108,-2.0238,7.1284,-2.6663,-9.7417,7.7783,5.1315,8.9006,6.8994,-2.761,-5.3224,-7.4891,-8.3296,-6.918,5.4984,-6.2959,-7.0958,-1.4671,0.5634,5.3813,3.7574,6.4757,-5.4173,-5.2626,5.6013,6.0414,-5.4568,-6.4266,-8.8517,9.2744,5.1745,-3.1898,-8.9012,-4.9458,2.3174,-9.4656,-6.3801,-0.0763,-2.3885,9.2128,-6.7229,3.401,-5.9247,-2.3937,5.714,4.0761,-7.4489,-0.5989,-6.1675,-5.6766,-0.8009,-7.3704,-0.5311,1.2135,-7.3431,-3.0005,-3.5996,-0.4427,1.7289,-0.034,2.8223,2.8157,-8.9367,8.2642,-4.4088,-9.7394,-8.714,7.5249,-4.2266,-9.0352,4.69,7.0853,-9.9787,-3.1068,5.7154,9.592,2.424,-9.5127,7.6537
9.3883,9.4729,2.7375,-0.3463,-7.38,8.8142,-6.6286,-3.8841,3.2801,-1.1957,-8.4549,5.511,-5.8602,-7.7194,4.2278,1.5104,8.4001,9.9328,6.9209,6.7656,-6.3602,-2.0094,3.9406,-5.2607,5.9841,-4.5883,4.5992,-9.9831,-5.5529,-8.1703,-2.8996,-5.2446,4.832,-2.7327,-6.6907,1.283,2.7948,8.5297,1.1441,-9.0724,3.6441,-6.4607,-0.0112,7.5795,2.3861,-5.8113,-0.2429,-4.276,-4.2384,4.8992,8.3997,4.15,8.406,3.3283,1.7895,6.6156,6.0553,-0.5801,-6.1957,1.233,6.2003,-0.0697,-0.5773,4.1198,-1.7305,3.229,0.8975,-8.7007,-6.7843,-3.5636,-6.8063,-5.0188,9.5275,4.9853,-5.5331,-5.0967,6.2723,-1.763,-7.5023,-3.0765,1.8969,-8.2562,7.3757,-8.8167,-4.6054,-8.8086,-7.0757,9.9,9.1378,-7.6721,6.5913,-2.7043,-4.3059,0.3654,-9.3966,0.2729,-6.0677,-7.7062,-0.3562,4.5296,8.2659,1.2319,-7.402,-0.7473,3.2683,-0.5471,8.1305,5.7062,8.0549,2.8059,6.1131,-6.6821,-9.9465,7.221,-2.4079,0.2874,-1.5408,-9.1558,1.9943,3.4323,-2.5513,8.2168,5.4435,-6.5716,3.6596,4.1673,6.3707,-3.6924,-8.4632,-5.0732,-5.8555,3.7469,-8.107,-6.2758,6.0511,-6.6516,0.8762,-0.5861,6.4543,7.1715,3.5977,5.8231,-6.3778,-6.7939,-1.6373,-2.819,8.2669,-7.5521,-1.9216,5.1421,-3.7929,5.5853,4.0349,-1.018,-0.0234,-1.0072,-9.62,2.3374,6.9211,-6.2138,-3.5946,2.747,1.0686,-7.2221,-3.8641,-5.2322,-4.9207,4.4289,4.0202,6.7194,-5.3103,-2.8352,3.4721,-2.0198,5.7146,-5.4017,5.6779,5.8046,-1.7361,3.3445,8.3835,-9.0627,3.3113,1.1114,-9.6702,5.1561,-3.6457,-5.2287,9.6493,2.1536,0.3401,3.235,2.3989,-0.9252,-9.5914,-9.9558,-3.4615,9.9966,7.0926,-5.3258
-4.2739,-6.8851,2.4845,-2.3791,-5.8231,1.6102,4.3222,-9.9111,-9.3493,-0.4818,1.4382,2.964,-3.4738,8.1507,6.5619,-5.8254,3.1932,5.6175,-4.2854,3.9469,-3.0269,8.4352,3.0116,6.6711,-0.8253,-8.4137,1.3999,6.922,9.8242,0.6803,-8.581,-8.7915,7.9054,-0.3908,-2.7529,8.442,-6.6879,-2.7727,9.4728,-2.8397,-1.9626,6.1989,4.6065,6.5391,-2.0857,0.4117,-8.5583,-2.3577,2.0821,8.5641,6.0585,9.4421,0.7533,4.0481,2.6917,-7.0003,-9.4023,4.796,-6.1421,8.5723,1.4519,0.0928,2.3758,3.135,-5.3935,-1.0453,-2.0261,4.9507,-1.725,-5.051,2.7098,5.1771,2.1561,3.4812,-1.3788,-8.351,-6.2978,-3.0971,4.4187,-5.1105,5.748,-2.714,-7.3769,1.3842,-8.2732,-2.288,-6.9981,-9.8434,6.897,-9.281,-8.5872,0.7386,1.4836,-9.0175,6.8457,-8.5689,6.3629,5.5229,-5.2767,-8.2326,8.2897,-7.0077,9.514,7.149,-3.2161,-2.9298,-2.8595,-2.3532,5.0269,6.9291,6.3785,1.9235,4.4764,9.137,-2.5169,-7.5495,6.6876,5.1867,-5.016,9.817,-3.6504,-6.6885,2.2201,-8.0411,-0.9637,-5.8296,0.5533,6.556,-8.4441,1.6346,-9.1629,-5.8221,0.3246,0.9313,4.6007,8.6047,-1.8761,-0.8772,-4.4376,-8.0903,9.1292,-1.253,-3.4251,7.2074,5.7975,5.5412,-6.2236,4.6155,9.0867,5.9469,-0.2754,4.4687,2.6789,5.0848,-5.1375,7.537,-8.2954,6.613,2.3498,-6.0587,-1.4434,-9.9238,9.3738,2.2566,0.3534,-5.8771,-4.2427,4.0437,-4.7096,-6.991,2.8429,-6.9357,-7.6441,6.1043,0.1768,8.1559,-2.6698,1.8326,-1.5976,-9.9296,9.1199,6.0892,4.4184,-7.9808,1.1784,-2.7605,9.0618,-3.961,-0.2293,-8.217,-8.4689,7.7768,-3.5002,-2.4315,-3.1724,-4.6984,7.8954,1.2817,9.8702,-5.1286
6.1184,6.0431,3.3649,-1.7547,2.6974,-6.1912,-7.2229,3.5876,-8.932,-3.158,8.3993,-7.3544,-6.237,7.94,-7.5282,-3.7209,-8.8672,8.7274,8.0894,-0.2938,7.8272,-4.2687,-3.0765,-0.8999,-6.5705,9.6303,2.2947,6.3125,-0.1731,-4.5345,-1.3599,-3.4616,-0.6839,-3.3698,-5.0507,0.5691,-4.5916,-3.8143,8.2162,-6.8659,-2.7314,3.2383,1.2123,7.7899,6.9502,-3.0347,1.2851,7.2536,7.1503,-8.544,-9.8835,-3.7894,0.3391,-5.1427,9.1041,-2.4889,3.6195,2.5007,-3.1866,7.3279,-2.8314,-4.7226,-6.0259,8.5453,0.7011,-8.2637,-9.2481,6.0378,5.835,-3.7363,-1.2338,2.1994,3.4297,7.1534,-2.5429,3.5775,3.9856,-9.0998,-0.0363,-7.9615,5.5239,-6.1497,-5.9609,1.107,-4.6864,2.9608,0.4808,-7.4766,5.1346,1.0097,-2.1078,1.3029,-7.3354,8.5287,-0.0482,-8.2289,0.55,-7.0874,9.8015,3.5815,5.0502,0.0682,-7.9882,2.0772,-9.6518,5.0903,-9.7881,-0.4226,-0.4687,3.6305,-5.9381,-4.3803,9.8463,-0.7014,-0.4889,-6.5348,0.7777,-8.6663,-8.1644,-6.9339,0.4311,4.9024,3.1945,7.3402,-1.1906,3.7023,-7.4644,-2.3293,0.5591,8.0622,3.5183,-4.75,-2.3631,7.5591,0.7365,-0.0509,5.6793,-5.631,9.6284,8.0619,-8.0424,2.6893,2.3719,-9.5464,3.9571,-7.5431,-9.8046,-0.6273,-0.4373,-2.848,5.1198,3.3007,5.9787,-8.8279,-3.7519,-5.6876,-9.1119,-2.9654,0.0591,2.8699,0.547,-7.4557,4.321,6.0466,-2.614,-5.6414,5.9569,-4.6949,5.7381,1.1332,4.6882,-6.8505,5.7221,2.3708,-8.1728,-1.8069,-5.2929,-1.3583,5.6077,-4.2669,-8.0127,7.9571,-7.5081,-5.0147,5.57,3.3361,5.9656,4.7969,3.2675,7.8833,-9.2711,7.1705,0.4301,-6.0018,-4.2243,5.3328,-9.6255,3.4263,-1.1101,-8.1287
7.8649,-6.6856,-4.4928,-8.6254,1.7685,7.5885,-1.3919,-9.0451,4.1636,-5.5922,6.069,9.7715,-2.9019,4.3706,-6.7555,-1.0228,2.341,-9.6488,0.9324,-1.313,0.1348,4.3877,-2.352,0.0418,-1.338,-7.6952,0.3089,-1.4793,6.1468,0.0412,-0.2389,4.4006,4.9534,5.7532,1.0278,-0.1408,7.8785,-5.4788,-8.1655,2.9187,-0.9378,-4.5146,-8.7052,7.9562,-4.5444,3.4361,-8.9712,3.0578,-4.6594,2.1477,6.3097,8.2799,-6.9299,1.2431,-1.0705,8.4254,0.7096,-8.8215,4.5191,-8.1392,4.312,-2.2292,1.7765,-5.9428,6.9298,-2.303,-3.1784,2.2871,2.9629,-1.9765,6.89,-4.5004,4.9471,-8.7767,3.2408,-5.8137,1.1997,8.969,1.4865,-5.8731,4.1357,-4.1862,5.4639,3.6027,4.2775,-2.8245,4.8255,9.2934,-2.467,5.4095,-0.9853,4.2718,7.4187,4.6965,-9.569,-3.7333,-2.7957,-7.1654,-4.0934,3.731,0.7497,-6.4782,-7.5158,7.8762,3.7308,2.8488,-8.36,-1.9726,-7.8601,2.5284,-2.8326,-1.7176,3.3769,-4.6587,-6.3398,6.4773,-5.2323,-6.8191,4.6814,1.5281,-2.1696,-2.4788,0.454,1.9536,-6.3751,6.4698,-6.1704,4.5875,5.9781,5.9803,-0.3161,-1.5566,-3.33,-1.9803,-6.5173,0.5433,6.9275,0.8015,0.0207,-7.7668,-9.2679,5.0231,-8.6152,-6.4803,8.2508,-2.6328,5.4976,-0.1953,1.2487,1.2163,4.0175,-4.8101,-5.9002,-9.8235,-9.0577,3.8333,8.4266,-0.6877,8.9321,8.4392,8.3328,5.9052,-3.9999,-9.4922,-7.0202,-2.3035,-0.6551,-3.2947,8.4593,0.2104,-1.2829,-3.6003,-4.8323,2.2069,7.4621,3.9706,7.3152,7.2163,-5.482,6.6395,0.2673,-0.6164,5.9037,9.3569,-5.9844,-3.2777,-4.3047,9.3323,-8.6089,-1.6028,-3.831,-1.5448,-9.3465,-0.655,5.444,1.8964,2.0103,-4.0735,-1.9144,-5.3346
2.8284,9.0765,-7.6384,-1.2595,-7.9552,-9.4427,-8.8985,2.9832,-1.8616,9.9633,-0.5351,5.1848,-7.5435,-4.3074,-8.4299,-8.2602,-3.1074,-5.9873,3.3667,5.3408,-3.2805,-8.1898,1.9943,-0.9584,-2.6231,1.9333,3.8975,9.7614,4.467,-6.8947,2.0577,6.4612,0.6902,-2.4224,8.5306,7.3904,2.7388,-0.6664,8.4828,-3.5487,-3.6962,2.4784,-3.5517,4.9322,0.8912,-1.9321,-9.0082,-6.535,8.104,-9.7746,-1.4282,-2.0283,-6.9995,6.8949,8.6548,9.2263,-4.7398,6.6716,0.6334,-7.2216,-1.8198,7.0912,1.0166,-5.5456,-2.7645,-9.535,0.0428,-5.2724,0.5368,7.7891,9.8314,7.6681,0.3184,-3.5876,-2.8752,-1.5076,-7.9088,-5.2314,-3.0951,9.5237,-6.5528,5.7831,5.9963,-0.7794,-9.5171,-5.5987,6.2607,7.7484,-2.6424,-2.027,7.5492,-1.7017,-3.3326,-5.288,-7.4407,2.7831,-3.0077,7.0201,-0.6705,6.1769,-9.9479,4.7751,1.0636,-7.0393,0.1886,3.4723,-2.4499,8.8564,1.4771,1.5869,-6.4499,3.2768,7.829,-4.008,3.1001,4.909,9.2658,-0.9403,-8.8302,5.3654,5.3412,1.2204,9.2562,2.9626,-5.7181,3.406,-1.4077,0.5522,4.1769,9.4061,-2.055,1.8654,4.4142,-3.0855,2.5895,-7.5724,9.8613,-7.3472,2.1139,8.8594,-2.8627,-0.3848,-6.4749,8.2437,9.9531,9.5197,-3.4637,-3.4401,0.7187,-3.5261,0.2535,-2.556,9.4211,-8.9747,0.3218,-1.4918,0.6421,0.6681,-7.3463,8.8193,6.9619,-4.7253,-7.6414,1.3474,-9.9814,-1.9604,6.8355,-7.9692,5.4929,-5.7083,7.037,-5.0546,3.7622,-1.3589,5.4577,-5.3405,0.1257,8.376,-4.5696,-3.084,-8.4936,1.8144,9.9974,9.8624,-7.7586,2.7107,0.6666,0.7546,0.8341,3.5688,-7.86,-2.7126,-6.4915,7.2624,-4.7584,-6.1418,-2.2633,-8.8889,-6.3548,5.3605
-0.1547,-3.5539,-3.5267,4.4514,-3.3201,-5.4589,0.6196,6.8369,-2.3711,6.6585,-4.834,5.4632,-6.3339,-9.8245,3.2757,-0.3071,-0.2472,6.1575,4.7302,-8.6688,4.0587,-5.5623,-0.6029,-3.7875,5.0826,1.9823,0.7629,-8.5079,-7.8239,9.0835,1.8609,3.0022,-0.0027,2.473,-4.9674,-2.3941,-9.297,-0.1976,-9.0126,-6.5191,1.3474,-1.2158,2.2853,-8.8574,1.5301,0.8179,-0.1951,4.3246,5.3648,4.9509,7.6555,6.1207,-3.9324,7.0601,2.9373,-6.5568,-6.1245,0.8623,6.585,1.3489,5.4368,-4.7617,-7.7666,-2.8007,5.9016,9.0863,-3.7991,-7.6738,-6.2358,4.8428,-0.4468,2.0982,8.0349,-0.0643,-7.3118,1.6153,-2.9041,6.4322,-2.8406,-3.1568,-7.6611,5.648,-5.4303,2.6313,4.6897,5.2659,4.8588,0.5194,2.6224,-2.088,-7.3967,-2.2912,-0.4754,-5.306,7.0749,9.7948,-5.5944,-1.9441,-9.0097,5.7062,-3.3374,2.3234,-3.1558,5.9592,3.6986,-9.7856,1.5903,-7.9639,-5.8324,9.3495,-3.5734,-6.9635,-6.5142,-7.3735,1.8006,8.6113,-1.6188,9.6164,-2.9037,-7.7353,5.1929,-0.5136,7.8636,7.321,8.775,7.9901,4.5289,-0.7138,-8.2573,-7.2809,9.6935,1.7899,-7.241,-1.1992,-6.5072,-1.5936,-5.4641,-8.6177,-6.681,4.6843,8.5382,4.0205,-5.8784,1.9353,4.2973,-2.5065,-4.3629,4.9691,-1.207,2.1085,-2.967,-5.8726,-9.5358,-2.9445,-1.0667,-9.8426,-6.9609,-6.755,1.0847,-2.9116,0.4902,2.0025,7.7062,-0.7957,3.9052,-4.2928,9.7649,1.8346,-0.3894,-4.4818,-7.3811,9.0513,1.618,-4.8696,5.5642,6.0867,4.4324,-3.988,-3.9934,6.5135,-0.9283,7.4488,5.6637,-7.3034,-3.1005,-3.5861,-8.0312,-6.3897,0.0073,-5.2002,8.8161,-8.3732,-8.9571,-0.5439,-5.3843,6.6662,-4.5143,7.1275,-1.5787,8.4714
9.28,-9.0257,-3.8291,-2.5307,-4.5516,-2.5772,-4.7429,-9.9421,-1.0156,6.2705,-4.2216,-7.1191,3.3921,-0.8649,5.0873,-6.9384,-0.5629,0.1527,4.18,2.6106,9.4501,-7.0575,5.3691,-6.6071,-1.9611,-3.1894,9.8203,5.0765,-3.8532,-6.8712,-2.3582,-6.8967,0.8697,-5.0227,4.1448,6.1867,7.6359,6.1271,-8.6252,2.5474,-9.0427,4.2945,9.7954,-9.2429,-1.8781,-5.8372,7.3275,1.0805,-9.4454,4.9095,2.0355,9.8826,3.1627,8.761,3.4526,7.7443,2.9522,2.1992,-0.202,0.1529,4.4531,-8.8949,8.4943,-6.8825,0.1584,6.3522,-0.0331,-1.7671,0.9658,8.0899,0.3458,9.325,-7.6566,-8.0628,-3.9922,9.9553,6.3287,-9.8193,-3.8182,0.2452,-8.1589,9.4163,2.1323,-0.5284,1.8163,-5.1023,-9.6078,7.2488,-6.5627,9.0822,3.1026,1.5487,5.6816,9.5737,8.3655,7.1676,-9.1598,1.9348,1.5066,-6.7695,-0.0737,1.4208,4.7388,6.0442,-1.1554,2.971,-7.1603,9.2382,-4.5159,4.0186,-3.2502,-3.3495,9.4528,5.7649,-7.3996,9.2493,9.521,6.8013,4.2279,5.3516,-2.8276,-6.8005,-7.0622,-0.55,2.8243,-3.8498,6.7352,-6.7902,6.0187,4.1951,-1.9207,-1.2985,6.3301,-7.2534,3.0532,8.3948,-0.308,2.1435,0.7369,-0.8536,-7.8888,8.8842,4.7953,3.645,7.8433,1.1132,4.2492,-8.516,-0.1294,-4.8307,5.8659,5.9171,-6.8604,8.9176,6.4749,-2.618,5.5134,1.7732,-0.1693,-7.1891,9.0073,1.1941,-6.08,-4.3879,-0.6493,-0.2242,6.0045,1.5984,3.2032,-8.5858,-6.0739,0.9518,4.8346,-6.9444,4.5367,-1.1397,0.7423,-7.8285,1.4715,6.6626,-8.0367,-2.7021,0.4779,5.2225,-4.9347,-8.8942,-8.249,-2.9673,-7.8745,8.0517,1.1867,7.9762,-6.4394,9.8635,7.8115,-2.558,8.3861,-2.8214,-6.5583,-6.508
5.018,0.2645,-0.8861,5.5226,8.2583,-7.3337,5.93,-8.8106,7.3794,-5.096,0.3161,5.309,6.1542,-4.7417,-7.6973,-0.3453,9.7461,-2.1233,-9.2509,-1.7001,8.937,3.9615,-7.7938,9.0994,-2.7335,7.9575,5.4351,0.3904,4.9388,-7.7655,-6.9734,-7.8349,-1.9719,-4.1736,6.4557,-9.4357,-3.4786,-9.8629,-9.7209,-8.7046,4.4843,-8.8018,3.4109,-4.9214,-9.9591,-3.8942,-5.1144,-1.7615,3.6568,0.3518,0.2104,3.1742,0.1184,9.8644,-4.3302,-6.09,4.3864,9.2811,-0.6222,4.3516,-0.7561,0.4774,4.6926,7.2021,0.0474,5.9786,9.9754,3.9578,-4.6038,-3.726,5.8483,-7.5582,4.7467,-4.9645,4.8098,9.4942,0.8465,7.13,1.5193,-2.3882,3.3357,-6.0019,-5.7606,-3.0393,2.531,-0.1471,-0.2367,-4.1326,-9.2718,-5.666,-8.182,-0.2952,0.2991,-1.356,1.0553,-8.9928,3.868,-5.5912,7.8107,4.7536,8.8291,5.1887,1.3987,-6.3446,8.9887,8.7376,7.5544,7.4002,-4.0693,9.4369,3.9299,-0.4154,-5.7956,0.9481,8.48,-1.7364,4.1589,-1.1871,6.1151,-4.6441,8.9907,-9.4642,-6.847,-6.4826,-1.2608,1.6534,-0.6756,6.7963,-6.4146,-3.6513,-8.9209,-7.1115,-0.2191,-6.1738,2.5692,7.0072,0.4099,9.5775,-1.6931,2.5156,7.2477,3.8003,2.6014,1.4482,-6.334,9.247,1.2137,-4.6081,-2.7055,-2.4408,0.0396,7.7875,6.2112,9.2422,3.9735,-8.3568,8.0553,5.2319,-1.9633,-0.6616,0.1833,3.3265,6.2528,-8.1938,-7.0374,-3.9012,8.7557,6.7839,-9.6195,-1.3209,-5.0637,-5.7826,-3.1625,-1.1533,2.6271,-8.9443,5.9248,4.2638,-2.8091,0.2496,7.8781,9.0193,2.5686,0.8955,3.334,4.7747,-6.9047,6.7859,8.8922,-3.2123,2.2852,6.3579,0.5451,5.5155,8.9035,1.6341,-7.4821,8.061,6.1741,-6.1585
3.0321,-9.9951,-8.135,1.2724,0.6621,3.084,8.5569,-3.9392,-2.2392,-2.3745,0.0499,2.8286,7.9965,-1.2617,-1.1114,-6.5915,-6.2699,-0.4506,2.7631,0.8754,7.1424,-2.4767,-6.6199,-3.8517,5.1523,4.4477,-6.7593,-4.8868,9.266,6.6339,8.8022,0.0887,9.1373,7.7547,-0.8855,2.8308,-1.5452,-3.4132,1.8472,5.5419,8.6536,3.5284,-8.0605,7.0222,7.6324,-3.7421,4.6457,-4.5383,-9.6084,4.7932,-3.5947,-0.7095,8.6251,6.3158,-2.3018,-8.2235,-1.3034,3.9915,-2.0926,-7.5028,8.6081,-4.4551,-8.7651,-5.9472,2.7907,-3.4696,3.2876,9.4592,0.6001,4.3433,2.8178,2.0599,-8.614,5.9767,8.343,-1.8319,1.8162,-6.4761,-9.9599,0.9223,-9.3706,-6.0449,4.8321,-1.3293,-2.585,5.1074,1.1417,-9.9222,-5.9575,4.6042,7.156,-0.9297,-1.5858,-5.4133,2.7669,8.5192,3.0873,1.0791,6.1698,1.1799,-1.1335,4.8588,1.8221,-3.7884,-5.1123,-2.8774,1.5566,-8.0875,-2.4323,-8.4093,-3.7863,6.1442,-0.7742,1.9417,-0.2784,-6.6251,-9.3235,-5.7967,-3.656,1.312,1.4309,3.8005,-0.298,9.8765,-2.7607,6.1443,2.7076,1.369,-2.0282,-1.9643,-9.7383,-3.8242,7.3054,9.4854,-2.4509,-5.6171,1.6033,-8.9406,-1.1249,2.2506,9.3972,8.8873,4.6153,-5.556,7.7116,3.6007,7.0866,3.8019,-5.7414,6.537,-9.3831,-2.8258,0.8764,-5.7226,4.881,-0.4804,8.3034,9.8063,-4.0595,9.6965,6.3572,-3.8069,-7.1056,-9.1353,7.0594,0.9002,4.6583,-9.6958,-9.5832,-5.7621,-4.7916,-2.464,2.0734,4.7961,3.2287,-2.0212,-2.4367,-6.3245,5.9916,7.2177,9.2601,3.1331,0.2034,-4.8945,1.5471,3.4363,-1.9598,5.4722,3.0015,2.5173,-2.6847,-8.2596,9.5538,9.5845,6.1339,-5.8187,6.0664,-5.0638,-4.8948,-2.0758
7.0148,0.143,-4.4809,3.2357,-4.0006,-8.6151,-1.3333,-7.6417,0.3854,-6.0155,-0.1135,-9.5018,6.0675,-0.836,5.8702,6.6794,-9.2873,-6.4995,-6.3213,-3.3556,-5.0085,-4.1552,6.5243,-1.6016,-2.9784,-0.4759,-2.4395,1.021,2.4724,-2.4641,-7.9566,-4.5839,-4.4748,8.3889,8.9556,-8.3689,7.5142,-3.4697,-7.2438,3.7749,-1.857,-4.9685,5.5492,-0.8381,0.313,9.8395,6.9394,-7.7617,-1.1113,5.0567,-2.401,7.6289,-7.1169,-9.6649,-6.8797,5.6147,-7.8979,-1.3612,9.3163,-1.3682,5.2192,5.6156,1.9419,9.8692,9.058,1.9188,-7.1394,7.6247,1.6133,-8.7107,6.76,-4.6265,5.7126,-8.0314,-4.7514,6.69,-7.3007,9.6445,-2.2161,6.3954,0.9834,2.9899,-5.7017,-9.0812,-2.053,-7.9159,4.1044,-8.6574,4.3265,1.9111,-1.1109,7.1007,4.423,9.7339,7.9016,1.4348,-2.0489,0.1049,2.5646,-7.2573,8.3096,0.0192,0.6615,1.8003,6.3633,3.0651,-1.4656,-3.6818,1.2847,-1.1116,5.0197,-0.1767,9.201,-5.2388,-6.0248,0.0935,-0.8716,-6.526,-2.5379,-7.8257,1.92,2.4819,8.6849,2.0743,7.7837,-5.0031,7.8796,-1.3569,4.9604,-7.3986,-6.9256,-1.2767,-3.2959,1.7211,-0.7707,0.6096,6.1729,6.1709,-9.0232,3.4597,8.0919,8.275,-5.3565,-5.6035,-1.4339,-7.3671,-3.3829,4.0713,-7.3766,-2.0385,6.9945,5.773,7.5846,-4.9081,-2.0475,-3.7104,3.7265,-4.4588,-8.2745,-4.1354,3.4168,5.7481,8.4503,5.8906,0.0861,-6.0096,-1.6634,-7.1646,-7.4085,-1.2931,-6.2434,-4.4377,0.7981,4.5742,-5.5688,2.7725,-4.4745,4.4075,-0.7459,5.3976,0.2676,0.0769,4.6913,-1.8825,-3.6812,3.4272,-0.1802,2.5816,-9.278,9.39,0.2016,5.7661,-1.331,7.6512,-5.1021,-4.5114,-8.3307,9.7723,0.2506,-3.3053
1.3837,-2.3011,-1.4666,-2.6578,5.6247,-0.9389,9.5173,2.8211,9.2956,5.5404,-6.8631,2.7548,3.338,-5.6409,-5.661,-4.0456,-7.0816,-0.9756,5.4081,-1.0213,0.5633,7.3099,4.7622,0.3499,-7.8099,5.2157,0.3555,8.5858,7.4735,8.2758,6.1263,-2.3694,1.1833,4.019,-7.0306,-2.1486,7.132,-9.2744,9.5997,-3.4454,-1.2763,8.81,-5.7605,0.2155,4.3081,-5.5656,-4.5165,0.0762,-6.9939,9.8142,3.0518,9.2061,-6.6414,-1.8178,5.5737,1.2619,-0.7897,-8.7212,-7.9072,9.4272,3.6233,-8.7571,0.3397,9.5837,0.194,-1.7956,-2.8267,6.0755,6.8218,9.4765,-4.3342,-9.9915,6.1691,7.3301,-6.8034,-5.899,8.3586,1.3108,9.622,8.2209,-9.4484,0.7545,3.1549,-7.4589,5.9571,6.2519,-0.3821,-2.191,5.833,5.7206,3.29,6.5994,3.4046,-2.6184,-7.3445,-4.6087,7.144,4.8364,-5.0463,-7.23,1.6338,-4.2682,7.2581,-8.9261,3.5866,7.5011,-4.4354,-2.4567,-3.3135,4.5248,-0.4325,4.5909,-3.4796,-2.9861,3.6841,2.5493,-0.7143,-5.8229,2.9122,-4.4337,-2.7979,-8.9582,-9.4429,9.4178,-1.0109,3.3284,-5.1287,0.0726,5.8483,-5.8761,0.4563,0.0526,-5.0564,-5.9949,6.6284,-7.5015,4.346,2.4745,8.8379,3.196,6.4528,-9.0281,-0.7332,7.9646,5.5131,2.3651,1.9277,7.1733,-1.9518,-9.9711,8.4922,-4.4697,-0.6041,3.7364,0.3493,5.3478,-8.5552,-4.0262,7.1485,-8.2062,1.4043,-6.9218,4.8189,-5.9063,0.1769,-1.156,1.2149,-2.2997,9.4996,6.2365,4.6287,9.7263,-4.7327,-3.2343,-5.085,0.2036,-8.5123,2.6974,4.1473,6.0833,-1.9338,5.2502,-7.4583,7.0351,7.438,-4.0338,-3.3428,9.1207,2.5722,1.699,8.2339,0.3541,-8.1335,2.1614,7.1054,2.2335,6.5069,3.1464,-0.0636,-2.6168
-2.9327,-4.7205,-6.4424,8.8755,-2.9305,-3.4757,3.7988,2.9335,4.6943,6.1724,6.5673,5.7758,-4.6842,0.6071,-7.4373,2.7827,-2.5234,-3.7202,-2.1773,7.9653,2.9704,6.9218,6.0144,-5.9165,-3.2535,0.1068,8.5599,-9.4762,5.5721,-8.7267,6.058,9.1521,-5.756,-5.017,5.0112,-2.2074,3.3803,5.8808,4.8064,-3.7089,-8.9572,3.6578,7.2145,-1.5411,6.7867,-4.7083,-4.4591,4.0533,5.0771,-9.1977,0.5454,-6.2128,-0.8839,-9.7849,6.9659,-7.9211,-5.7337,1.6288,8.606,4.4124,-7.6804,8.3527,9.7221,0.1463,4.2351,-5.6928,-0.6155,9.4938,3.9807,6.9947,8.5185,-6.6755,3.9144,6.1166,-4.2786,-0.2554,-9.4348,-2.7343,7.6668,0.4208,-7.8923,0.7199,6.7827,0.6892,5.1817,6.9622,-0.5629,1.6032,8.9857,4.7477,-5.8443,5.0408,-9.4234,3.1901,8.5762,2.222,-2.1229,-8.1895,-5.2538,7.8403,3.6938,-9.2053,-4.1855,-3.468,4.1139,-4.7937,-7.0724,5.3387,-7.6501,1.1825,1.3742,2.2227,5.3604,-4.216,-1.4754,-0.1457,-2.0987,-0.6809,3.5164,6.2651,-4.0992,4.3402,-0.922,2.5032,1.3962,2.7318,0.5161,7.9138,-7.6108,4.6825,7.4842,-1.8505,5.732,-5.2743,7.3947,-9.323,-0.3654,9.9353,3.8196,4.5349,1.6353,0.778,2.8247,2.3827,2.136,6.5884,-6.6661,6.7691,-9.2569,-4.6592,5.6166,-0.0369,-3.5956,8.0859,-0.8021,-3.5816,3.3847,-3.4573,-4.6146,-8.9008,-3.3498,-2.906,-8.4472,-1.6783,9.0958,2.4885,-3.3909,7.4092,-5.0815,4.5651,-0.9042,5.6981,-8.1789,5.4504,0.0781,-1.8738,8.445,9.0914,8.8799,-4.6751,6.2027,2.5278,-2.3906,7.5296,-1.8384,9.6887,2.9125,4.951,-0.2318,1.0634,5.2301,-4.7136,6.1725,-5.8154,0.7333,5.2191,-9.8843,-4.2905,-0.3743,5.0189
3.2856,0.6793,-8.8021,9.2407,6.0675,-0.2508,-3.3651,5.4563,3.4195,-7.8439,7.8172,-6.9195,7.6273,0.4173,2.6643,-7.5447,-8.5031,6.1076,-1.448,8.5927,2.6235,0.3934,3.0484,-5.3247,7.2689,-4.5552,-6.2862,3.0556,-1.4207,2.3599,-5.457,-0.0778,3.0878,-7.4621,2.4624,2.2915,-3.9769,-6.1126,-2.2454,0.8926,6.2628,-8.3636,9.9517,6.837,2.6341,-6.2744,-2.7601,-8.7156,7.365,8.2804,6.0242,1.0574,7.841,7.2215,2.7024,9.1432,-3.7641,9.6852,8.0051,7.5443,9.6008,9.1971,2.0003,-3.781,-5.9135,4.3566,7.185,-2.6968,-5.9689,-4.5533,7.3759,3.7304,-5.1044,1.4171,-5.9749,7.5459,3.6268,-0.5545,9.4721,-4.1563,-6.3898,-7.6448,9.716,-6.1853,8.0445,-2.4045,-9.968,-9.1321,1.6875,6.103,-0.094,1.0706,6.437,-5.4441,-2.634,0.7688,0.0391,1.3893,-4.3151,1.962,-4.4918,-4.951,7.3868,-3.278,8.3707,4.0093,-9.2098,-6.457,-2.3622,5.7294,4.5799,8.2236,-9.947,6.1536,-6.9316,2.6792,-6.9463,-6.699,-1.3608,8.2509,9.6368,-9.027,-8.7288,5.0391,-8.3639,-3.518,3.6245,1.5622,8.8187,9.1152,2.1753,5.7125,8.474,8.3102,-9.168,-5.5158,9.9597,-7.1787,-9.1351,-1.8908,-5.7647,8.4316,0.5437,-2.3513,-2.8642,-1.1176,-5.5449,6.8484,-7.2736,7.4611,-3.5323,8.8302,2.7627,-5.2765,6.9416,-9.902,-1.0043,-6.4262,-6.8002,-4.9264,4.8567,4.7066,-7.8849,0.0412,-1.5599,-2.5044,1.6937,-6.4046,0.575,8.0848,-4.9244,2.9135,-7.5191,-8.2491,-9.7397,-2.983,8.2035,-7.5226,-8.61,9.4391,7.3323,-6.7442,-4.5887,-3.9364,3.7655,-1.6995,5.385,7.0254,0.401,-0.8373,5.1239,-9.9351,0.8138,-8.1219,9.0988,-9.2117,0.5333,4.5998,9.4249,3.0753
-6.1329,8.5422,6.9929,-2.2764,7.5112,3.4374,6.8757,1.2684,8.8763,-1.7195,-5.077,-3.5921,9.587,-2.1786,6.8885,-5.8006,1.1558,8.3437,-6.9473,4.841,-7.2568,0.8477,-3.4438,-3.3819,-1.0602,-9.308,3.9082,-7.5029,2.6155,4.7292,0.3362,-4.152,-9.9192,-3.3464,-3.2448,-6.4434,7.0082,-5.2061,-1.7876,7.3267,3.2799,-0.9208,4.6815,-1.7929,6.9649,2.4441,-5.4739,-4.6409,-8.3918,-0.3202,3.8294,2.1164,-2.5088,-9.0326,-5.4586,0.6281,1.2622,4.3416,2.2091,-6.0889,-5.9855,5.7588,-7.095,7.9118,-2.4865,-7.3999,-4.3534,6.6246,7.7352,3.8464,4.2657,-3.4919,5.1044,-0.3504,2.4949,-2.5414,8.038,-0.6449,-7.2682,-5.1589,-0.5233,2.7384,-6.9994,2.9323,4.8559,1.0584,1.0355,4.024,-3.4829,7.3363,2.5081,-2.6819,5.0035,-7.472,7.6401,3.5035,1.6434,-6.6399,1.3217,0.1953,5.2459,9.83,0.5336,7.0612,-1.0119,-5.5595,-5.7611,1.5753,-4.6097,1.9794,4.6548,-2.36,-4.0752,2.8774,9.7152,-6.9755,6.4579,0.0904,-4.9099,2.2764,9.6985,6.8027,5.8413,-2.4624,-5.7295,-3.2922,-9.9463,-2.2439,-2.3078,6.1701,1.114,-1.6687,-5.8797,-0.7866,3.6264,-4.4005,-4.3633,7.9761,3.2141,2.8689,9.7432,-4.1757,-1.2742,8.1654,-6.7329,-0.5416,-0.9891,-3.4725,0.7693,7.4011,0.9961,9.0739,7.8105,5.329,5.4215,5.8753,-1.8946,6.2959,3.6463,9.3831,-4.272,4.0899,1.2637,3.5278,-1.5966,4.9887,6.9185,-5.5369,-6.9107,0.2192,-4.4066,1.218,0.0461,-2.1004,6.4075,0.4504,-0.1871,3.4695,-7.8741,8.6165,8.3759,-6.5329,4.5105,-2.0032,-1.6255,9.2594,-3.025,-3.5381,2.049,8.7013,7.8703,5.5789,-5.4077,7.6113,-9.398,4.4157,-5.402,-5.4928,9.9888,1.4775
6.3606,-5.8992,-7.6313,-1.9348,-5.9044,6.2555,-6.038,1.3544,-6.9146,8.1866,3.6802,-2.8471,-7.5292,-4.3004,-8.5435,2.0548,1.5539,4.7266,9.5643,-2.7085,3.8024,-8.4163,-7.6221,-7.3671,-1.422,-1.9142,7.148,1.1766,-7.1953,6.2984,-1.8849,-0.9462,8.3311,3.9272,9.9799,2.2259,2.2884,-4.504,-1.1588,-9.2115,3.3377,-3.869,-0.6802,-2.6496,-5.73,-5.7746,7.242,8.3236,-7.2381,1.5935,6.3653,-6.9876,-7.5314,2.702,-3.0497,1.1267,-0.9919,6.0991,0.4357,6.201,6.5871,2.8347,-2.885,0.4804,8.1824,-6.2412,-1.2663,-7.049,2.3254,4.901,4.6303,0.0794,-1.5591,-5.9285,3.2815,-4.2451,8.422,8.526,-5.9233,4.4226,-0.235,-9.3046,9.465,-4.5325,2.0928,-6.2778,6.3977,-4.2207,6.1225,1.0153,5.4779,-1.6803,3.2994,3.9065,-9.0651,2.913,2.1244,7.0602,-8.6191,-2.7654,5.143,-0.8885,7.8518,-7.0004,7.5958,1.7269,3.2581,0.1762,-9.7573,-6.226,-2.1337,-9.4372,5.2645,-5.6968,8.5322,1.8403,-1.4937,-8.1387,0.0353,-9.2821,5.9071,9.32,8.2811,-1.4547,0.7363,-4.5801,-6.7304,4.8645,-4.7782,4.7865,-4.2641,1.0989,-5.5606,1.7944,-7.7757,3.7414,-0.2625,3.4952,-7.0518,-1.929,1.9711,2.5879,-0.709,1.6972,3.993,-2.1395,-8.9527,6.2645,3.7454,5.5458,3.2169,-7.9778,8.702,-8.6832,2.3203,-2.8867,1.2344,1.0954,-5.7299,-4.927,7.2887,-5.9044,9.3923,0.9506,-8.9481,9.7609,1.055,7.3226,3.1383,7.1939,-8.9661,5.0324,9.1743,1.1636,-8.086,8.8992,-1.193,9.8562,-7.2089,-0.8433,1.7224,3.3114,4.7719,-8.0283,2.881,7.1576,6.9494,5.1124,-8.6884,-8.2451,-8.302,5.1736,8.1548,9.1501,3.3513,-4.9446,8.1893,5.6502,-0.5444,0.2291
-9.8709,7.6065,-1.8914,5.2725,-8.7539,9.7784,9.4223,-8.0777,-3.0081,0.6202,7.8468,-9.7852,-4.9953,6.9101,3.5249,-8.3447,1.4036,5.4811,4.5149,2.5719,-1.2489,-4.8934,5.7559,-3.6547,1.4846,1.6227,9.758,9.9256,-6.5382,-5.1525,2.1546,-8.3144,3.2719,-7.3504,3.6227,-8.2182,-6.7664,4.544,1.6874,-5.9085,-2.591,1.6084,5.0052,0.3154,-7.5368,-5.1884,9.8012,-1.3926,-6.6447,4.7471,2.6931,-3.1543,-6.9969,-1.5113,7.8267,8.6447,7.393,-4.6695,6.5297,3.9373,6.2123,6.8737,-2.6604,-3.6117,-6.4815,-5.9832,7.1375,-7.4927,-4.7368,-9.4205,-0.8193,-8.6505,2.2641,8.8571,-3.472,7.7305,4.6616,-4.4987,-7.8219,-2.8009,-1.5963,-9.6626,6.0249,-3.6487,1.9389,5.6553,2.998,2.9892,-4.2162,4.8063,8.6273,-3.7483,1.9858,-2.3258,7.6959,-0.601,9.8101,4.4205,-3.3848,0.7394,0.8493,4.0561,6.536,-7.2236,-0.1517,-5.5238,9.1256,7.4808,3.7362,-9.3983,-5.5095,-1.6735,4.735,-4.6653,-5.0656,0.3694,4.2403,9.4434,-0.7147,5.4118,5.3232,-9.4664,-7.6741,3.2255,3.6236,-9.2208,8.6417,-8.2858,5.1809,4.6717,3.1051,-1.6515,-1.3347,-7.5965,5.8321,-8.5069,-1.3422,2.4983,8.9727,-5.1702,-0.9599,-5.5004,2.4248,4.194,-4.5531,-7.46,-8.4288,3.5574,7.267,7.1587,4.7237,8.4592,-0.4924,0.7197,-4.8328,-0.3773,-2.5907,-2.5841,-9.5331,-3.7935,7.1,-4.0853,6.115,-0.0544,-5.5565,-6.6918,9.8686,5.4692,7.2877,2.1671,2.9138,4.9725,-7.8576,8.9053,-6.5217,7.1211,5.5821,-9.3456,2.3047,-3.974,2.4194,-3.681,8.7264,-4.7767,5.9456,-1.9247,-8.9898,-5.1481,-0.6691,1.6637,6.519,-7.4981,-3.1832,8.9253,-9.4,5.4679,1.7121,-6.0611,4.5232,-7.5467
8.1029,6.2112,-9.4626,5.3231,5.1393,9.461,-0.2239,-9.1401,-9.8097,-9.3927,-7.4899,-1.3992,4.7359,-4.6271,8.1864,-8.0288,1.007,-2.9133,8.4624,-3.5048,4.7794,-5.5292,9.8431,7.7691,1.7409,7.7371,-8.2576,8.6316,-5.253,-3.1296,-8.738,-6.2672,0.0852,1.5251,7.0353,0.2318,-0.834,-1.2105,1.4274,-2.4284,6.0944,-1.349,5.8046,-6.0007,0.9947,3.0461,4.9796,8.2813,-8.1027,-9.9278,8.2561,4.2677,-7.8847,-2.5181,-9.9582,-9.7105,-3.4916,-4.3511,1.7117,1.2874,0.7489,9.6713,9.2926,3.3552,-1.7021,7.6297,-8.2559,-1.4433,4.3268,6.1168,4.1635,-3.2504,-5.4055,9.3119,-5.4373,3.4066,-7.8955,-2.4629,-2.6015,6.9625,-8.983,2.2789,6.6509,2.1213,0.7168,-1.4716,6.2587,1.7773,3.3677,7.3451,2.2441,-0.2727,-6.1962,4.6894,-2.5394,-8.9658,-1.0023,-7.1959,-2.9249,6.3704,5.2426,-2.4001,-3.7325,1.9218,-4.9206,-2.5743,-6.3299,5.0807,-2.2741,-5.1994,-2.9792,6.1199,-7.6348,-0.0929,-2.8879,7.8855,2.5856,-0.2312,3.6169,1.8766,-1.8601,2.6399,1.4481,5.9821,-5.4648,4.4514,7.8517,0.7344,9.2049,-6.8156,1.7477,-7.2724,6.9066,-1.632,2.9832,9.9541,-8.9167,-4.4818,-2.3418,2.9428,-9.5823,-8.6306,5.3004,5.7418,-1.4426,9.6387,6.4981,-7.0885,-7.6432,6.0479,-2.7212,2.7359,-0.225,-5.7611,5.9044,6.171,-7.9922,-5.9398,0.2195,5.4881,8.9668,3.6501,6.3151,1.7433,5.3955,8.4391,-3.2806,3.5863,3.9116,0.7737,-0.2148,-3.0242,9.9778,-6.1541,-6.525,9.2631,-6.3944,4.7091,-2.0453,1.2176,2.7561,-1.424,8.3765,-9.2632,6.1466,3.0389,-1.6664,-3.0277,4.8604,1.3139,7.9608,3.2085,-2.4133,-2.4684,2.3551,-7.428,-2.0639,-4.0936,-0.5599,-5.563
1.7562,-2.0218,-2.5723,4.7235,-4.0057,0.1655,-2.1662,8.7398,-1.7039,1.5981,-5.4889,9.8925,3.1752,-2.4048,-3.9703,8.0779,5.3293,2.8855,-7.1383,3.1538,-9.0961,5.9739,8.9245,-5.3078,-2.3014,-2.7804,8.8249,-2.0893,0.6456,-3.4255,-4.5489,2.9398,-5.7543,-2.7617,4.9877,5.0002,7.156,-9.0316,-3.8217,-7.6748,-6.0058,-0.9966,-8.1555,-2.7532,8.735,-2.1644,2.9619,0.7838,0.1116,-9.9677,-9.8486,-7.7329,-9.772,-6.321,-7.1853,8.6624,1.1358,2.4073,7.7164,9.7873,-3.6899,4.9135,8.5641,2.6185,5.5918,-5.0212,2.656,1.6951,-5.3697,-3.2706,0.4828,7.7058,-9.0426,-2.3617,5.6872,6.5985,5.9158,0.3394,-7.1426,-7.735,-5.9212,2.1261,-2.0227,1.1306,-0.5932,9.0918,-8.9145,7.3077,9.5106,4.8354,1.8549,7.6028,-4.9128,3.5926,2.076,-7.2173,6.9925,9.3092,-1.9356,-7.3861,6.1754,-3.2189,-4.4337,-7.5821,3.9057,4.0618,-2.6524,-1.0223,9.2675,-7.8894,-8.9774,-1.3742,6.0522,-8.3025,-1.5072,3.2365,0.3306,-7.2543,-7.0836,2.905,2.8291,2.3011,4.9363,5.0035,-5.1954,0.224,3.0805,3.1302,9.247,-2.3586,-5.2483,-9.3496,-7.8698,6.9792,-2.3764,7.0791,-8.0025,7.489,-0.3478,2.041,-3.5925,4.2532,-0.0697,-8.0445,9.5031,-3.1453,-2.3127,-2.3121,3.0109,-6.9285,-4.1424,9.1797,-8.0536,2.6076,2.9346,3.2372,5.0693,7.841,-8.703,0.587,4.9139,6.7589,-0.1034,-0.572,-4.9966,-5.3582,1.0085,-0.6945,6.1463,8.4972,0.5953,1.7701,-0.8644,-2.6716,1.1809,-3.7738,9.3969,-0.5403,-5.5609,-0.9281,8.8566,-8.0835,-2.0982,5.1034,4.7522,7.0404,5.3472,2.3815,-0.2248,-6.6684,8.9372,-0.4582,0.3483,9.3518,1.6867,-7.8097,8.9159,7.2969,4.3261,-0.8968
3.8341,4.14,-5.4752,-5.8601,-2.1058,1.5013,-5.6032,-2.98,0.4655,7.8969,6.7275,3.2067,8.4938,1.1158,9.3891,-0.4278,-0.8197,-9.5914,-7.5793,1.1521,1.5899,1.4805,-0.3017,1.0513,-8.0751,-9.5661,-9.3593,7.2904,-2.0848,-5.0989,5.412,-1.294,-2.533,6.3512,-0.3864,5.2806,3.7618,0.575,8.5782,-9.5507,4.9838,-9.2126,-4.0039,-1.7386,3.5212,-3.6206,-5.0702,3.7883,8.2084,-0.1391,-5.758,8.3304,-0.189,4.1622,0.5576,-6.9691,-0.8495,1.6701,0.6789,3.4967,-1.0283,-0.3465,2.573,9.5342,-5.6155,-4.4121,5.8251,-5.3092,3.6758,-6.82,-8.5448,-9.0743,-3.7942,7.8214,-2.925,-5.0266,-9.3638,3.151,-4.6913,-0.3883,2.3065,-5.0289,-8.5623,1.9753,3.4576,5.1175,-0.5271,-4.2768,-0.9565,-8.8512,9.9788,-6.8571,3.6262,3.1491,-6.4495,-0.727,9.2622,-5.5126,-3.5082,2.5872,7.6749,-4.9565,6.8971,-7.1067,6.7715,2.4382,-1.9029,-6.09,8.1412,-8.7321,-9.6721,7.0443,2.9424,7.1328,9.9843,4.2951,-7.3349,5.1241,-2.3961,-5.6156,-2.7637,8.5893,-7.7646,-3.3736,-5.8646,-5.0789,-1.5868,3.4462,5.7556,-2.2999,-2.8754,-7.4359,-8.5941,-1.3835,-1.4551,9.8428,-7.6171,3.2246,-4.548,7.5444,6.4304,-6.7043,-4.5674,-2.8304,6.016,-5.2333,-6.12,-0.2705,6.2212,-7.6206,1.961,0.9994,-7.6566,-7.4384,8.1816,9.7722,-5.3496,-6.487,5.5641,-6.8006,-6.6626,-4.6259,5.9539,5.7254,3.2005,-1.9636,9.0769,6.2316,1.5872,-7.8088,9.3962,2.1758,-9.1963,2.2899,-6.6899,-4.0391,-7.7309,-4.7486,2.8244,-7.8066,9.9098,-6.6146,-8.9369,5.3275,3.2881,0.9424,-7.4731,1.038,-7.6865,1.7279,-0.5644,5.0078,-8.1635,-8.0722,-2.7413,3.7109,7.8935,9.7934,0.3649,0.5699
0.7481,-5.1032,3.8145,-9.4797,-1.5177,-9.4321,-7.2482,-5.1151,-2.1718,5.5865,-6.5257,1.953,0.8497,-0.6215,2.6173,1.1587,5.1135,-3.3228,-3.2283,3.6216,-0.6547,-4.5947,5.507,-9.2988,3.8082,-6.7677,9.2743,-0.8825,8.3974,-2.2211,6.6447,-9.8523,-3.3877,2.2409,-5.9924,-1.2995,-1.0359,4.6423,-5.9326,-7.5365,3.93,-7.5528,-9.7189,-6.3937,-6.1372,-7.1468,6.6064,-0.7538,-8.6435,7.389,8.8738,3.5761,-2.2268,2.9699,-8.7779,-7.5691,-3.1924,-4.8382,-0.394,2.7327,-4.7152,-3.4646,4.2714,-2.9913,-5.5988,0.1198,7.2609,6.2312,6.9252,-6.063,6.9378,8.6232,-8.5173,5.3306,1.0241,9.2768,6.5663,5.4002,-4.7331,5.4827,2.8238,4.6923,-4.6871,2.4472,-0.1804,7.6777,5.155,4.2829,-0.1856,-1.82,2.6123,-8.0792,-9.7518,0.0502,1.2363,-0.4973,8.4882,-6.3583,7.379,-9.1008,2.1899,-9.7011,1.3408,7.1327,-1.6994,1.1607,5.3614,-1.1892,5.712,-3.4516,6.4425,8.408,5.5605,-1.7561,-4.4641,6.5372,-0.6512,2.2748,-9.8083,-7.3822,-0.4612,4.0598,8.7927,5.6337,-1.3066,-8.1102,4.6359,-0.8235,2.8323,-6.6211,5.9038,6.7815,-0.3116,4.8079,-9.3514,-6.3387,-7.3203,-2.4192,-7.5164,-6.561,4.4435,-8.8922,4.2992,-3.6144,-5.0429,6.4596,7.2837,3.647,-0.0328,-2.8092,3.138,-2.9802,0.0441,1.6548,8.2153,-9.1277,-8.7537,-2.4777,7.5822,-8.6378,-2.8636,7.6972,-1.4904,-0.7547,-9.3829,1.3844,-2.3,4.9669,9.651,-2.5581,-8.106,-4.598,-4.5066,-2.464,-7.8077,6.1973,-6.8973,-8.6544,9.1248,-4.4506,0.5521,2.9095,2.2089,-0.0078,9.277,8.9585,8.6748,-9.2108,1.2941,-9.9874,-1.5481,7.4543,-3.3225,-1.7044,-2.2192,3.8854,8.3115,9.2394,7.121,3.6434
-5.682,6.6572,-7.6485,-5.7286,1.9286,5.2263,4.8266,2.7412,-0.5795,-9.7045,6.7573,-6.6161,-7.0534,0.2982,-7.0501,9.4709,6.9593,4.0238,-4.0783,2.1634,6.0109,-6.7075,-0.4411,-4.6277,9.7925,2.935,2.0662,-2.0821,-7.4674,4.3357,2.5796,9.5328,-7.0655,3.4708,3.6703,-3.5334,-5.8332,-9.9991,1.7986,4.8644,-4.6867,0.7224,-3.4601,-2.9603,-2.5262,9.3104,-6.1583,3.1808,1.4893,-1.6326,-7.4995,9.3096,-9.1881,3.7462,2.3378,-4.8105,-3.2351,1.2038,-8.1625,-9.901,-2.308,-0.4331,-4.0457,0.8831,0.9115,0.6531,-7.6884,1.5612,9.8057,7.1986,-0.7091,-1.818,3.1725,1.6178,6.2497,0.5479,-4.9393,-6.0194,3.0408,-1.6294,5.0183,3.9516,1.2578,-0.0967,1.0649,7.3607,4.8116,-5.2395,-9.8131,0.9861,9.8954,-0.5883,2.7237,9.1198,-9.6439,6.765,4.1914,-1.264,-4.8811,2.0177,1.1002,-3.549,9.6197,-6.875,-8.2031,2.5072,-2.4054,-1.2469,-1.1432,5.656,-0.5084,-2.0218,-9.3408,7.8015,4.2195,4.2476,-7.7211,-9.0747,9.0981,3.851,7.7031,8.1575,-8.0807,4.1276,-2.8177,0.6759,9.9769,1.0185,1.4962,5.3294,-7.3535,8.5552,-3.8002,-5.9767,7.0302,4.9295,-4.3723,-0.6889,-4.4241,7.3743,1.0518,-9.4978,-5.8019,7.5264,-2.2193,-6.4521,8.0659,4.4686,3.2357,0.5149,4.4081,6.2944,-9.1306,2.8884,-9.5126,0.0604,-8.9503,8.0276,-3.0911,7.9005,-5.4356,-3.6389,-5.8263,-3.7722,2.7455,-9.017,-7.8611,1.6187,1.879,-4.463,6.2262,-6.0534,-7.2395,-7.7909,-4.8637,-4.5512,3.2415,9.6161,-1.9805,-5.0881,3.5047,2.6976,9.8164,-9.6796,7.6115,-9.0379,0.3277,4.3548,-1.9943,-5.0492,0.7122,1.9253,2.2547,2.7783,2.0168,7.1827,9.8875,-6.8008,1.5391,-3.1346
2.7175,9.2785,1.3209,-0.4133,2.9754,2.4484,-2.2089,8.7233,0.5446,-3.8151,-2.9481,-8.788,-1.8033,-3.947,2.1212,1.0656,3.5779,-1.2681,-0.4163,3.9096,-9.8803,7.1065,3.1821,-1.9269,5.5606,-9.0464,-9.0894,4.4771,-3.671,-5.0064,-6.2167,-6.0637,-8.8906,9.5114,-5.9053,-8.7042,7.2444,9.4807,3.8654,8.4789,8.272,6.0408,9.579,6.0158,3.0769,-6.6784,-2.741,-8.1229,-5.6534,-8.3733,9.3139,-1.3901,-9.2076,-5.4097,1.6385,9.7782,-3.4865,0.7424,-5.6302,-3.9317,-0.7671,1.1139,7.7244,3.5104,8.0684,9.434,-7.1303,4.5936,8.2626,-5.9118,1.6951,-9.1768,-7.5344,4.6205,2.9537,3.154,2.1437,-7.967,-3.863,-0.1306,4.1011,-9.0626,-4.3842,-0.3106,-2.7597,6.1,6.0226,-0.5815,-6.1611,9.6486,-2.6506,-2.6438,2.7812,-8.1489,-0.0929,0.5238,-3.5639,-7.8854,-5.3341,-2.8762,-5.8977,3.034,-6.0858,0.3249,-6.6529,-5.8399,3.6365,-7.0837,-0.1627,-9.8998,-2.783,-6.7735,-7.639,8.8918,-8.3879,-9.5441,-3.846,-9.5655,-4.773,-9.9017,1.3923,8.0546,8.2332,-6.676,-5.9864,0.6592,-5.114,8.7385,5.4049,-3.8752,2.5922,-2.8541,-2.8928,-0.7115,5.8377,1.1402,-9.4449,-8.824,5.6722,9.8241,3.3315,-2.5546,-3.896,7.1275,-8.2245,5.5211,7.0243,2.4483,-1.7068,-6.782,-4.0849,-8.8135,9.8444,-9.3184,5.0507,3.9565,5.5809,-4.8097,-8.7557,1.839,7.758,-5.5464,-6.3698,3.1578,-7.7481,1.4677,-9.7187,8.0506,-8.9396,4.0087,-3.1862,-0.0267,-4.4298,-5.1302,-7.5235,9.2758,0.1734,6.4938,7.4956,-5.7897,-5.9438,3.5231,-2.3303,-5.7646,-5.292,-5.3976,1.2747,2.6678,-7.6839,6.1436,-9.0097,4.8187,-9.0239,5.8396,8.6867,-6.5121,2.9646,-8.6457,4.1333,9.1068
6.7196,-2.8468,-8.9153,-8.6729,-6.5428,-8.1292,4.8559,-6.6821,9.1224,5.2931,-1.7144,2.1072,4.7709,-0.5658,1.0055,-0.9009,2.2169,4.6362,0.9414,3.5526,4.4753,4.9205,6.7398,5.7346,1.6973,7.9267,-0.4609,8.0248,-7.6152,-7.2152,7.569,2.2155,-3.4336,-1.7374,0.3904,-4.7179,1.4287,-0.1098,-3.4033,9.0716,-3.3778,-4.553,4.8377,4.2318,-9.6352,2.0465,-8.9031,1.3372,-6.0519,3.8759,-3.9687,3.1273,-2.4876,0.2811,-8.0076,6.4897,-8.2176,-2.639,-1.423,-2.4662,2.2928,9.9869,3.6335,7.7046,8.7819,-4.848,9.0224,-5.7459,-2.1697,-5.2979,-8.5556,-2.2756,-5.2619,5.5966,-0.546,5.0921,4.4015,1.527,-2.6918,8.1751,1.9724,2.7501,-1.6103,0.0281,-2.1101,-6.9205,-0.9293,-1.8524,-3.9199,-6.0708,-3.5636,5.5214,-2.2718,7.6653,5.1615,-3.3128,8.3082,-0.5422,-4.3258,0.7595,0.4125,-7.7546,1.7533,8.4103,7.9989,-1.8822,-5.9859,-9.8951,3.8454,1.7067,-1.4151,5.038,-9.2699,-2.7591,-9.0145,5.5913,3.2276,-4.9022,4.3613,0.9882,6.557,9.9691,-3.7294,-1.9827,7.1175,0.491,1.3327,-4.5889,-8.3761,-4.301,0.3642,5.0781,3.0563,9.9963,-6.4866,4.5711,5.21,-6.3658,7.6279,-9.8001,-9.3173,-3.9158,9.8496,-2.1647,-6.3823,4.3311,-9.3701,8.229,-9.714,-7.4067,-2.5986,-9.3809,6.0411,6.342,3.0234,3.6156,0.5475,-7.742,0.0499,-3.8692,-1.8363,4.4542,-0.6447,-6.5849,-0.0321,6.9655,9.6286,-6.0852,-8.057,5.5748,8.3875,-9.1109,5.025,6.5312,-1.5767,-8.0658,-5.9947,7.3699,-4.6941,-4.6517,-2.3649,1.9125,-0.024,5.4533,8.3607,-3.7854,2.5999,-8.5322,-4.4149,8.4329,-2.5707,2.694,0.3252,7.9549,-1.3215,-1.9435,2.5609,-1.9828,-0.2336,5.0449
-3.1469,-4.741,3.7975,-1.6143,-7.0373,3.7271,-1.6082,-5.0759,5.514,8.0257,4.183,9.9764,0.1655,8.7322,5.7373,9.7717,0.697,3.0867,-1.5846,5.0597,9.0472,-0.961,-9.6376,0.3906,-0.544,0.0861,1.8982,-0.2741,-7.8317,2.5946,4.2064,3.3641,-9.8872,7.1926,-5.8383,7.8839,-2.4875,-4.3941,-0.2424,-7.3048,-7.1723,-2.5575,2.9458,8.4319,4.9599,5.1224,-9.472,7.3064,-4.0525,9.4362,-2.657,-6.4949,-3.8023,-9.0205,-9.1206,-4.4561,4.0775,0.472,4.3198,-5.7267,-1.5591,3.1672,-2.6565,9.9443,-5.9889,-8.1362,-1.254,-8.7407,2.5854,2.3715,-0.6017,0.3518,-9.8589,4.2323,-7.8612,4.8106,-5.183,8.8883,-2.0432,1.8698,-4.4691,6.5473,-9.8298,-9.4967,-3.5031,-8.0448,-2.8895,-0.6922,4.1746,3.4895,9.1638,-4.7659,3.1971,-3.1858,-7.8931,-3.3094,5.7111,-8.6439,-8.479,4.5374,6.6796,9.3347,7.4514,-1.9944,-0.0694,8.1608,4.612,4.0869,-9.6135,0.5146,1.0999,4.0425,5.0154,-4.8269,-3.0552,1.11,-0.3289,2.7776,-7.1399,8.9269,-1.8247,-2.3179,2.4314,0.8743,1.1638,6.3552,7.6227,-1.8444,-1.2442,3.5648,-0.829,-9.4574,-3.6202,-8.8163,-0.0468,9.4632,6.7359,2.6406,7.0771,-5.3079,3.8231,-7.8025,2.4194,-9.1407,3.0248,1.2737,-4.7551,3.296,6.4717,0.4331,0.6718,-6.2815,-3.3389,8.6468,8.9164,-5.752,-2.4327,-7.4266,8.8852,4.7197,-1.9621,-0.596,2.9548,-8.8139,-8.8239,-8.4682,-1.7643,-7.8847,5.3669,6.5218,2.1577,-6.7198,3.2828,-2.2324,-2.1444,1.6267,0.9093,-6.7083,3.7323,6.5867,-6.8573,-9.9151,-9.6672,-3.0572,-9.2591,8.2259,5.7925,8.356,-2.5731,8.5337,-0.6924,-9.9254,-8.4351,8.4207,-0.0798,-5.2722,6.543,4.0237,-6.7946,-6.4964
-1.9651,6.9931,2.8524,7.0845,0.4036,9.6144,5.2363,0.6576,-2.9506,6.2409,0.4555,-2.9792,-6.1034,-2.4331,-8.7071,3.4468,-6.9255,-8.3934,7.5608,7.3862,-5.7155,4.2019,4.0243,9.7077,9.7803,2.4577,-2.55,0.4732,4.7142,0.8865,-9.3829,6.1011,7.5677,3.2437,-0.2348,-8.3663,2.7613,-5.1483,-2.6587,5.5729,2.418,6.0045,-4.3294,-0.1454,-6.0869,3.2,4.5128,-7.7043,-2.747,-7.5007,-1.501,-4.1049,-9.1948,8.9509,1.6971,-8.5922,-6.7013,4.1524,1.7039,1.1291,4.5663,-1.2006,-7.9903,-0.7981,-8.3466,9.1916,-2.6451,8.1227,-2.1371,-9.1292,-6.6507,7.2983,4.4632,-8.5445,-2.8469,4.4022,-0.2859,1.1827,-9.2015,3.5408,-9.5701,5.1935,4.2374,2.4872,-0.2872,6.2929,2.2899,-1.0044,-1.3136,5.8452,-2.043,-8.985,8.5582,2.0175,-0.061,-0.0487,8.2351,-6.6853,4.5622,6.0247,-6.5481,3.6259,1.9751,7.5207,6.1571,-2.1405,9.3081,-4.5541,9.4293,-4.8617,0.8396,-3.9768,-1.6261,2.7497,-3.9957,5.5406,-6.2546,-9.6422,-1.9268,2.0012,8.5933,0.0806,-6.8811,6.7194,2.8285,2.1061,-5.7546,1.6078,6.4294,7.3004,-3.7381,-4.2917,-5.6151,-6.284,-4.7865,-0.8868,-6.7041,8.4051,-6.0758,-7.8931,0.8501,-4.896,8.9577,1.5662,9.8547,8.4383,0.4209,0.2055,-8.9248,-4.7255,-1.3214,6.9587,6.2385,-9.6314,8.9466,1.827,-7.3594,-3.9298,0.667,-5.3585,-4.8673,0.8689,-0.0631,-5.4259,8.2025,9.832,-2.4781,-5.6991,-5.026,-8.0931,0.6007,1.6821,4.9697,-6.2923,3.7509,-1.8938,-7.8431,-1.7141,7.0093,-2.7975,8.4461,-9.0042,-8.9653,3.0386,5.3903,3.0032,-3.012,-7.6359,5.1919,-0.7518,-2.6527,7.2189,-4.4581,-6.1336,-8.3334,6.6157,-8.4489,-7.1482,8.5279,-0.0088
4.2049,8.2775,3.3962,-9.987,-1.5091,-6.5073,-0.9968,4.2241,-3.3183,4.248,0.5158,-5.1058,-4.9048,-5.4376,1.0985,-6.8076,1.4726,-8.3847,8.3261,-3.4809,4.9715,9.0946,-0.2256,-0.2276,-5.3168,0.0178,-8.0983,-7.2939,-1.3289,6.883,8.9451,4.4613,9.7717,-5.5014,-5.3596,-8.2809,0.7451,2.8838,-0.1372,-0.7394,-5.3065,8.4718,-6.2414,4.5792,5.5318,4.2988,9.3395,7.035,6.4626,-4.505,0.1885,-4.769,3.7836,-6.0487,-2.7376,1.8824,5.1117,7.3303,-8.7276,0.2914,4.0824,-2.4245,3.6657,-0.193,-3.6257,1.0199,-7.3453,-8.3939,-0.5162,7.35,-7.0821,-6.6635,6.3403,-3.6702,-1.357,4.2108,-3.0053,6.015,-5.6579,1.1245,5.9885,5.694,-9.1539,9.6238,-5.7843,-5.9721,7.6475,9.21,9.3509,7.0775,5.7849,0.9964,0.0795,4.1012,8.3909,-1.0841,-1.1629,1.66,6.9417,-5.2112,-4.7767,4.9987,-8.1335,-9.7439,8.3223,2.8136,6.5873,-5.3051,1.2752,-8.704,1.3617,-6.4432,-6.392,-4.6905,1.0243,-8.1131,-5.7366,9.6408,-8.3045,-9.9442,-3.9222,8.2912,9.1318,-3.9901,-2.4222,-2.9752,-9.1569,6.8645,-5.4843,0.8198,3.6245,9.8942,4.4697,-0.5491,-3.5113,-5.8296,-9.0089,-7.88,-3.0119,-1.9497,8.8822,-4.2199,-9.0821,2.5574,2.878,2.3192,9.1396,-2.8109,4.5522,6.5764,5.5788,6.7829,7.2733,1.5807,-7.6411,-1.9582,-9.9709,-6.2077,4.9648,-8.4368,-0.0794,-2.5318,-2.704,-9.9743,8.2502,8.8817,1.0525,7.0986,-6.4902,-1.947,9.1089,-5.6523,1.0032,-6.2658,-7.6155,3.4295,5.0435,-5.9886,2.2809,9.6808,-6.3795,2.3028,-4.3208,-9.9231,9.5269,3.2563,2.2567,-8.107,-9.8026,-4.1668,1.1524,9.0722,-4.752,-0.1177,8.2621,9.1824,8.5143,-4.3389,-3.4265,-6.8051
-3.1198,6.7693,-7.4785,5.9438,4.6755,9.9851,4.0049,4.9345,-3.0224,-3.7605,9.0262,-1.6438,2.0471,-4.6444,0.4808,-5.8599,8.3798,-1.0559,3.4685,-0.4347,5.7822,-7.3764,1.1236,2.5357,8.4014,3.9577,6.5388,1.538,2.8129,2.4748,-5.9524,2.7049,-9.9717,-7.9572,4.1596,-8.4561,-6.2465,7.9066,4.0301,5.1476,9.5009,1.1897,-8.6481,-4.948,-3.1437,4.2831,7.7958,1.136,1.8983,-0.7924,-8.2595,6.7445,-4.8114,6.8939,4.545,9.8069,-7.0749,6.4855,4.7655,-4.943,-5.7327,1.5643,-5.4863,6.9643,9.8252,-4.4029,5.9388,1.0288,5.4802,-5.5459,2.4843,8.3865,-8.5733,7.1635,9.3441,6.0404,3.154,2.5569,5.7892,2.381,-1.5631,-3.452,-4.2058,-5.1003,7.1694,9.8636,5.0318,-9.0692,7.712,3.7101,6.3143,-0.3196,6.5709,1.8016,1.1016,0.0305,-6.5649,2.069,-8.8467,0.4534,1.3888,8.6845,-0.9591,8.8847,9.6406,-1.5518,-6.0785,0.7055,5.4612,-1.3485,8.0159,5.9093,-5.1502,2.204,2.8169,-5.8083,7.7122,7.215,9.9104,-2.6597,-0.6801,2.7009,0.7428,3.6187,7.588,-8.1526,1.1502,-1.7944,7.1505,9.707,-8.9246,6.0809,3.0167,0.6815,2.5026,-4.4064,-3.3609,-6.1195,-5.6826,4.3075,-8.9572,2.2931,-3.3273,-0.0172,-9.0698,0.9477,1.1703,-1.6357,3.5838,-5.4223,-5.1047,-1.7894,4.8043,1.6319,-7.4964,1.2231,-3.821,2.2768,6.785,7.2396,2.5197,6.3799,6.1364,9.684,6.0147,-0.0937,0.7864,6.8611,9.1583,-6.3673,-2.8976,2.9114,4.8067,8.8504,1.7165,1.0804,-6.262,-4.8761,0.2612,4.4397,5.4519,8.1282,5.325,1.337,6.9701,-6.639,-5.2498,1.0921,-3.5323,3.3645,-1.1455,-0.2094,-9.0368,-9.5402,-2.7095,-6.4387,0.4218,-7.1864,4.9295,0.9247
-7.4544,2.9665,-5.3394,1.1803,-0.766,-7.0954,-9.0302,3.4348,-6.0255,-7.3618,8.2626,-4.78,-3.6634,4.8224,1.0268,-9.9989,8.2548,9.5739,7.2771,8.6795,0.3927,-6.6878,-9.4368,-7.5497,8.1529,-3.7323,-5.368,0.965,7.435,-1.6592,5.8876,6.5578,-8.3097,1.1352,0.6095,-7.5775,-7.5304,7.6455,-1.2053,8.5462,-7.8047,-0.0663,-9.2038,-7.3024,5.643,-5.2482,8.4909,4.9862,-6.9301,6.0904,8.4529,1.4519,1.8135,-4.6753,3.126,4.2914,-1.8166,9.1857,-3.2832,-8.4889,-2.2541,-7.257,-3.3948,-4.3522,2.4292,-9.8348,-5.3779,-6.6046,1.7577,2.4646,2.2776,9.9849,-4.8542,-8.0757,3.0408,-9.4907,-0.6626,3.1535,4.6244,-8.8311,-9.7195,1.1818,-0.9676,-8.6666,4.549,-6.1185,-5.482,0.0214,-4.6734,-5.8843,-8.5748,2.4966,-2.92,-5.4384,-5.8848,2.1621,3.1932,8.9348,-7.705,-6.5258,1.6447,-3.8232,9.6483,-2.5738,-3.2735,5.4331,3.8295,-4.3297,4.6831,5.3557,7.7569,8.7549,6.0676,-8.0945,0.3962,-8.7245,7.2303,-2.9755,3.1644,-4.9707,1.4223,-0.4381,3.0441,-9.3539,-3.7759,-6.4656,-3.2304,-0.7865,9.8201,-6.4071,3.6482,-5.1885,-1.9536,3.2973,7.6253,6.2517,5.3173,0.8997,-1.3886,2.0856,-9.1316,4.7207,-4.2649,-7.9957,-8.5897,-4.3133,5.6895,-9.1074,-3.4913,4.8065,5.4986,-5.3112,-6.47,-5.5089,7.9183,-4.383,8.0853,1.1927,-8.9865,4.4784,5.6307,3.1844,0.7884,-2.2845,-9.2003,4.156,1.9159,-5.9724,4.1818,-2.9519,5.3033,9.0412,8.4569,0.2716,-2.4951,-8.3163,-9.5729,5.9176,-9.1099,-6.876,-9.6764,-1.4199,3.374,-3.6896,-3.3746,6.4776,2.0568,-1.4404,-9.9165,-0.8073,-2.4763,4.6181,-0.9338,8.5774,5.8739,0.5207,5.509,-4.2628,6.0406,2.254
3.5283,7.1156,-8.7493,8.6762,-0.7745,8.7289,-9.2211,0.002,-1.5079,-8.4008,5.6898,8.6252,-0.4318,6.1406,-1.8867,9.8484,9.986,7.665,-9.8242,8.962,-9.6253,4.0836,-8.8026,7.5238,-9.0372,8.1294,4.9359,2.9322,3.4773,6.2048,5.1428,-8.6758,-1.8497,7.2652,8.696,7.55,6.2583,-1.8385,-1.7967,-3.319,6.6881,7.1163,-9.9594,-9.6796,1.3025,-5.3353,1.9938,0.0406,8.2556,-9.7452,-9.2116,0.9369,1.0634,-8.2603,8.7154,-6.528,3.6514,8.1992,-2.3198,-1.5402,1.1834,9.6004,-2.7068,-7.7283,-2.9625,-7.8735,6.6329,4.1256,-9.4439,-3.1074,5.9129,5.4643,3.076,2.4077,6.4983,8.1181,-8.3244,3.1541,1.3081,7.7304,-0.5574,0.1785,3.5309,-4.0893,-9.5116,-6.1177,1.9979,1.6363,3.6722,-4.5946,-1.143,1.3504,-4.106,-3.1742,-2.5339,-9.7071,-6.42,9.0827,6.8089,8.3075,-2.1248,-4.0629,-0.9511,-4.4381,-0.3585,-6.8026,5.7583,6.3126,3.5573,-8.2504,-1.3802,1.3956,-6.4364,-7.9856,6.81,-2.6093,3.11,9.9814,1.4481,4.4649,-6.3577,-9.4112,-4.9886,4.4178,2.6917,7.114,-6.5518,-6.898,-8.8698,3.2947,-7.4424,3.6986,8.9539,3.9439,9.3177,5.8426,4.4619,-9.5947,9.8318,8.0054,-3.519,-1.3999,-2.8928,-1.0564,5.8341,5.0358,-3.3863,-1.8475,-6.4523,-7.6885,-4.5107,6.295,-4.7482,-2.265,5.9067,8.3906,-9.293,-2.1655,-0.2147,9.215,1.5729,7.517,7.2005,5.8581,-8.2164,8.1516,3.7452,-1.666,-0.7919,8.1187,-9.3601,7.4617,-5.9802,-3.1089,-9.9564,1.525,-9.481,6.3227,5.5436,-9.2854,5.362,6.9888,-2.306,9.4343,-2.5559,-7.7057,0.1421,7.6017,3.1632,2.7351,-3.1494,9.9109,-8.9186,-4.4662,-2.9154,-9.9688,1.2561,-0.2464,1.7841,-6.6328
-4.913,0.0148,-5.014,0.0287,9.4976,-0.9114,-8.5574,4.9537,6.5276,1.1816,2.696,-7.3614,1.7718,-8.6915,5.0976,7.2293,-5.9944,9.9727,5.7468,4.9027,2.1172,7.8756,9.2582,-8.8476,-4.186,-2.6116,-9.0311,4.5825,3.066,-5.7397,-1.4164,-9.2075,-7.3684,-3.3336,-4.1367,-5.8954,-0.621,-2.0357,3.6702,-8.4659,7.2067,-6.5739,0.5369,-0.8123,3.7991,7.4477,1.0707,-5.6082,4.8632,4.6649,0.0967,-3.3758,-0.5984,1.7448,-3.2755,-7.5601,1.483,8.5268,-5.9506,2.415,5.0054,3.8556,5.6109,-4.5503,4.6287,-5.8093,4.1276,0.2052,-3.9112,-4.1616,-0.5597,9.246,6.1769,-5.4437,-6.0459,-9.9542,4.8858,-0.6862,2.4512,-4.0487,8.1439,1.1661,7.0078,-4.5297,4.4711,3.9821,-7.8121,-4.2593,0.6504,1.9996,-8.7304,-6.7807,-1.3722,-0.9868,-1.6266,2.5185,-7.2974,6.3067,-6.3273,-8.1796,0.4304,8.5749,-1.5345,1.8016,8.0619,-3.7335,0.912,5.0294,5.8132,-5.0125,-3.8961,-9.2484,9.3691,-1.2536,-8.4592,-0.0163,9.8893,1.3571,-6.9137,-9.2533,-3.2426,5.3083,7.8997,-7.7508,-1.4552,-1.9377,-7.1965,-6.7792,3.6475,-7.4292,-0.0334,-5.4702,-2.1141,9.7746,7.5888,2.0111,1.0368,-4.5195,-2.8945,8.766,6.2599,-7.2333,-8.1699,4.1758,3.7434,-0.1733,-5.1607,-6.7968,-8.7196,5.9833,-3.1374,-1.3984,-1.0411,-3.2856,3.8103,-3.9219,-3.0357,-6.4402,-0.6052,-7.7236,-3.404,3.9427,6.1335,1.1946,8.9217,-1.4676,1.5481,0.0703,3.3321,-0.3847,2.8392,0.0268,-8.4301,1.3542,-1.3742,-3.9307,4.6833,-2.6385,0.5913,-9.8523,-4.3562,5.2882,-9.1341,-8.1504,-0.7688,-8.6609,-5.2206,1.6732,8.2338,-4.5339,2.9694,0.0936,-6.4432,-8.9969,8.2255,8.0544,2.7829,-9.119,-3.621,-2.7631
-5.9682,8.4567,3.7452,-0.1391,1.2473,-4.8757,2.9969,-5.8795,2.6874,9.5238,-4.833,6.138,-6.873,-6.4211,3.212,-1.2791,4.7562,1.6786,7.424,-0.3403,-1.4711,-8.8395,2.1366,-2.529,-7.8805,-4.8952,-6.3978,-0.856,9.2488,8.3994,5.9931,6.871,0.8786,4.0163,-5.2763,-6.5955,-0.349,7.4017,-2.9544,-1.7756,-0.443,-1.5015,-9.8013,-4.0341,6.457,1.7881,0.6845,-1.723,-5.6963,-9.1236,0.8255,-4.7466,1.9985,-5.6764,-1.3098,-8.2638,-4.6313,0.8683,7.0428,9.6868,-5.4642,-8.9102,8.1635,7.3016,3.6163,6.7383,8.2652,-3.4366,-6.7739,4.7011,-7.0516,-7.045,-2.8323,-1.6471,5.7017,-8.1209,-8.0646,-1.6727,1.9305,-7.6762,-3.5319,2.0467,-1.1981,1.2579,1.5708,4.161,-1.4377,-4.357,7.6543,8.4016,1.0001,-9.8481,-3.1424,3.0471,-0.4911,-8.3933,-5.8436,9.8946,1.1489,-1.8826,-4.1484,-4.8768,5.4896,-6.9801,3.2148,-0.2971,2.8135,9.3653,-0.6573,-7.9008,-1.0711,1.1365,5.6733,8.1033,1.1158,-3.4344,0.3626,0.5012,-6.4912,0.9696,-8.5351,6.3787,-9.2301,-1.6286,3.028,-8.353,5.0295,3.3914,-9.6996,-7.305,-5.9084,-6.5492,1.6352,-1.5235,-0.6325,0.1775,-1.8008,1.855,8.7981,-3.0019,-7.2307,-7.99,-2.9408,9.5673,-8.4417,-7.7351,-8.2843,-7.6243,-0.3707,-0.9681,4.9582,1.8373,-8.1556,-2.1875,9.2909,-0.4419,7.9461,9.9234,-4.5979,6.391,-3.2139,9.895,-3.9598,5.046,2.549,-7.6321,-5.7348,-0.5023,7.1966,0.1493,-8.3238,-0.6252,-4.2971,-3.7499,-9.0318,4.691,4.4253,-8.8715,3.1228,5.7816,4.35,-7.1241,-0.7371,-8.2599,-7.0831,5.9953,8.7964,-5.5618,-2.1201,-1.8223,0.9275,-6.8019,0.6897,9.9576,9.5407,3.482,-2.0623,3.8727,-1.6072,9.5865
-3.0573,-6.7608,-4.8143,-3.1715,-1.9708,0.1193,6.6444,-6.7649,3.3504,1.2728,-0.7667,-7.633,3.8289,-0.8762,1.5359,2.0284,9.9505,5.5294,6.1503,-2.867,8.6279,4.297,0.2903,9.0993,-8.0131,-0.0506,-9.934,6.1161,-7.1861,0.9392,-4.9405,1.1145,9.1301,1.1941,-7.3537,-2.5692,6.4051,-5.4418,-5.6729,0.8658,6.8177,-8.9105,8.4806,-2.0873,6.9529,-4.7113,-2.8902,4.5343,-3.5131,-9.4917,7.4758,-6.5908,-0.8298,4.6606,-5.7985,9.688,-9.7684,-5.4131,-1.9927,0.0692,-1.4574,1.0755,2.1187,-9.0026,6.8221,6.4928,9.2984,8.4997,-3.9036,9.0343,-5.444,-1.3246,4.0538,-4.0432,0.5125,-9.1999,7.2901,7.1333,-2.8309,-7.4003,-4.3979,4.3906,9.8238,-4.3405,4.4303,-0.786,-5.5332,6.6858,4.2066,9.1392,-9.6548,5.8875,-6.2945,9.8223,-9.049,-9.7582,8.0869,-8.6206,-0.6963,-4.0761,3.953,-9.8337,-4.3873,-3.9409,1.0601,-6.3981,-1.3478,-7.2157,-6.4606,1.3454,-3.7018,2.1507,-1.8962,-9.4849,6.6797,4.8714,-8.4661,4.395,-2.7833,-5.8722,-2.0659,7.3521,-8.2885,5.3861,-3.2749,4.509,-2.3372,8.8683,1.0113,-6.5796,8.6557,-2.4389,3.2821,-7.3905,7.3132,0.4341,-8.0451,-1.6178,0.1931,-8.4143,-3.0449,8.2459,-1.3043,-5.0545,7.4198,-2.3693,-0.5813,-9.6341,2.7066,-1.7536,-4.1693,1.2911,3.6937,8.0928,-6.4147,7.0117,-3.5735,3.0618,4.3656,-2.7182,4.7005,-5.3003,5.2024,9.789,4.0674,-2.1644,9.1647,-3.9208,7.3008,3.6053,-8.9768,-1.5247,-2.2925,-6.0797,7.181,2.5318,-6.1139,8.453,-4.4162,9.179,1.3028,-4.6092,-7.3892,4.4915,5.3957,-9.4044,2.0544,-0.9251,-5.0509,3.7364,-7.2359,1.5296,9.0799,-3.9151,-1.7796,8.5457,0.7481,-0.7382,1.7476,5.0071
6.9278,-5.7467,6.3925,6.6561,-2.791,3.842,-9.0707,1.3073,-6.4322,2.9359,0.6786,1.497,-3.2989,-5.6641,4.9391,7.5254,2.5151,8.3486,5.6473,-8.8218,2.6547,3.8653,6.0495,3.4959,6.8204,7.1543,-8.0468,9.1611,-5.59,-2.0066,-5.5768,2.9937,-2.7037,0.8175,-8.3172,-9.4007,-4.3337,9.9204,-8.3563,-9.2594,5.8671,-5.8155,4.8241,-4.3924,-1.7701,-3.8436,6.2197,-5.1836,-2.2484,2.0578,2.9308,-8.3328,-1.0722,0.5726,-5.7074,5.6637,6.6827,1.1103,1.4888,-1.303,7.7136,-8.1103,6.9177,0.9472,-3.0396,5.705,8.2206,-1.3297,6.6959,-9.0791,8.0797,-2.4366,-5.8433,7.3408,-0.4746,-0.7435,-1.5364,9.6129,8.7202,-6.3153,-1.1046,-2.8191,6.7479,3.3481,-2.0344,4.7656,9.5503,-7.484,-5.7003,-0.6114,4.2941,-9.3105,3.9246,2.3668,5.7886,-6.7784,8.8266,1.3466,-3.2028,2.6745,-4.925,0.465,4.2417,-2.0979,-9.2173,9.9584,-8.1668,6.0218,5.3319,4.681,-3.1183,3.8676,-8.7593,-5.314,-4.1888,-9.0937,-4.9519,7.1172,-4.1517,-7.1918,2.9006,9.3423,-9.3115,3.4644,-5.8379,-7.8875,-4.7208,6.0578,-8.4166,-8.0619,-7.7882,-9.0475,0.8868,-5.9901,-9.6073,-5.7007,0.3261,8.6641,8.2564,1.9191,-7.9598,-1.2212,-5.6788,3.506,4.4342,-3.0952,6.9378,1.8374,2.2633,-3.6976,1.9848,-4.0256,-1.841,-0.0142,-4.5193,5.2364,8.1885,5.1529,-1.7863,4.1894,-3.3862,-7.9895,4.0319,-1.2603,2.5921,5.3699,1.7332,4.9061,4.7858,0.1017,0.1544,9.166,-7.4489,1.1992,-8.9156,2.6994,0.3945,2.1398,-9.031,7.8711,-7.2854,3.0852,-1.4679,5.1591,8.7961,9.4557,3.8268,5.0686,-9.337,-6.2523,0.8182,3.1844,-4.4632,-8.5959,-6.5394,-6.8003,8.7688,0.4548,-0.0745,7.4111
-4.4994,8.9236,8.2449,-7.1099,-5.0292,-1.9125,1.182,2.4851,-2.1924,1.6175,-5.6521,1.3531,-6.6805,5.4434,-3.9843,6.2287,-0.9499,6.6376,8.8486,3.0217,3.0147,6.1218,-4.2195,-2.2746,7.7878,0.7742,3.4013,4.7994,-6.0513,9.8042,-2.8028,-5.7513,-7.897,9.298,8.4962,1.2393,-8.8507,-5.386,-3.6451,-8.1219,5.1789,-4.2576,-8.1645,-2.9768,-1.1688,-2.5219,7.4278,-5.8917,7.9493,-6.3226,3.2063,-2.8159,-9.1335,-4.3399,-6.0078,-3.9955,-3.0135,-9.3391,-3.2289,6.9983,7.8231,-8.9236,-6.896,-7.7917,3.0843,8.3908,7.028,8.8388,6.3948,-3.5564,-5.3293,-1.5034,0.3276,7.1559,-5.7485,2.9634,4.2393,9.4257,-5.7088,-9.1857,1.8268,-9.2613,9.2139,-6.7388,-6.4439,7.2964,9.319,8.1056,7.6839,3.2273,-5.3447,8.4158,1.9009,7.1708,5.7501,7.5711,-5.7168,-5.74,-6.4827,2.6803,-2.4525,-8.3611,-9.1982,-1.8246,1.1606,9.4782,-6.8318,-4.3599,-8.6031,-1.036,-4.4827,3.8386,-8.8163,-2.5693,-0.0365,-5.529,3.7252,-4.6693,-4.1786,3.2544,0.8923,-2.0905,-5.5697,6.7588,8.2327,-6.8885,-9.9369,6.7174,6.6481,0.2176,-3.803,-2.6569,1.9923,8.182,1.0712,4.1371,2.1708,-3.6181,-5.1679,-3.9757,3.0697,2.5708,9.0774,3.9134,8.125,8.6561,-4.6693,-6.5055,-6.2354,7.4389,4.8081,-8.9142,-4.2346,-7.7702,8.7726,-9.1001,3.2854,-0.7697,7.5104,7.8313,4.719,4.2408,1.7011,2.123,-7.1665,-5.3556,6.3024,-3.2834,-7.6848,0.462,-6.9772,-0.6765,5.7554,-0.331,0.0754,1.8427,3.0375,-6.66,1.6365,3.0144,-6.5616,1.3837,-3.5857,-7.1216,5.2155,3.9341,4.8071,8.1333,-9.9737,4.1033,-7.7856,2.1496,-2.088,9.8027,-2.8202,6.5489,-9.7815,3.6453,5.8131,-8.6983
-6.1735,-7.8048,-5.4388,1.2905,0.7019,2.9889,3.3142,-8.1649,-6.1035,7.7878,8.531,-4.8365,-9.9021,-9.2319,-7.3034,-9.0797,6.944,-2.6958,5.2298,8.6502,6.2407,-6.1761,-3.6472,2.7099,-2.7932,9.7358,-0.0252,-3.6195,-7.1317,-5.0573,9.0977,7.4177,3.2735,0.9822,5.1863,7.0171,-6.6236,7.4295,-4.3916,6.0021,-5.3321,7.3645,-6.7719,-5.214,8.8829,6.5973,2.8548,-8.4615,7.3803,8.3544,-3.4131,-8.7168,6.5352,8.6113,8.3948,8.9773,-6.2482,1.7817,-0.3856,-7.4182,0.7136,-8.0391,2.7634,0.2587,4.6588,5.1019,7.7875,9.6267,6.4043,8.6133,6.194,-4.4997,7.1504,0.7774,-8.0608,-2.4558,9.3646,-5.8469,-7.2213,-8.444,-0.6973,-9.8076,4.3471,3.1925,-5.9064,4.4152,-3.8069,-0.2069,9.7306,-6.8495,-5.8155,-4.1856,4.1781,3.0661,-8.7071,9.9654,-6.5933,8.4495,7.2127,-5.259,-8.1026,7.6816,0.6708,-4.7534,3.6583,5.7937,-5.9241,-7.0017,-3.5441,0.8659,7.4565,-2.3887,-3.8775,-0.1761,-3.63,3.1481,-6.8331,8.5263,-3.3296,1.0066,-6.2269,-6.2251,3.8393,7.4082,-2.7257,-4.6224,3.9989,0.0477,-2.0921,-8.733,-9.3561,-5.9111,-2.1002,-1.3943,9.9001,4.609,-0.9606,5.8794,6.3787,-6.4751,-0.6523,-3.9633,6.0043,-3.9911,-8.4277,0.0778,7.5018,3.5032,2.7919,-7.3931,0.1998,-7.9202,-4.7881,-1.108,7.4061,0.7324,9.3025,-5.6393,-8.8085,1.741,9.2795,-7.8744,-4.8537,6.2492,-8.8436,-9.2724,-0.8414,-7.281,-0.0152,7.389,-1.6095,6.5315,5.9386,5.7114,1.0004,-6.109,9.0919,9.1977,3.1535,0.7359,7.2662,-3.6192,5.0839,-7.7568,8.6096,-4.183,-4.1732,-6.9337,4.8352,7.3136,2.3913,-7.539,6.2653,-9.1023,-3.1483,4.9982,-3.3807,0.373,6.0622,6.9884
-8.467,0.0497,-0.231,-2.0859,-9.2491,-9.778,-0.8251,-7.2492,1.0124,7.8103,8.0824,-4.7521,-1.3256,-0.4696,-2.0861,9.7068,4.8501,-9.2414,-7.2581,-5.6751,-0.6282,0.9303,-9.7287,0.3812,8.4049,-0.0288,-4.5097,7.5345,5.2172,7.5323,4.9111,-2.724,-3.6113,-9.2789,-4.4692,-8.1509,-1.5634,-2.9621,-4.8946,-9.4492,-2.0064,-7.2712,-6.308,4.28,-8.9373,6.2726,6.2937,-4.3409,-1.7259,-9.9861,-1.6034,-7.1763,-5.838,-7.3976,7.7391,0.2158,9.1586,-8.1849,-9.4041,9.9258,-4.8331,-8.4139,-8.5739,-8.1578,9.9157,0.7513,-6.2004,-8.2465,6.118,-1.9203,9.1889,-7.7951,8.3875,-6.6766,-5.854,7.8161,-7.6587,9.9177,7.9282,-6.774,6.7507,8.1277,-0.3748,2.816,3.3094,-3.0641,-0.921,-1.9073,-8.0669,0.0069,9.1741,-1.8646,9.6261,6.4361,-6.6073,0.7069,-8.6874,-4.3329,6.9468,2.2804,-7.5185,-9.684,-0.5566,-4.2234,5.5504,8.7667,9.7664,-7.9729,-8.8787,6.2596,4.0084,6.2752,-1.7014,-9.2331,-2.6831,-3.3182,3.4556,-1.7023,5.2429,2.1466,3.1254,1.9648,-1.1999,8.7423,-2.3445,3.5701,-9.8857,0.287,-8.7015,5.9012,5.3574,-4.4193,6.6466,-9.5035,0.2395,4.8448,-0.3201,-2.9441,-0.2543,-3.4486,7.4076,9.1685,4.8288,8.8272,-9.0753,3.918,7.0337,-4.3872,7.7337,-7.9191,3.2466,-5.1571,9.349,-5.411,8.5792,5.0485,-2.7153,5.8598,-6.2777,3.6789,3.686,1.0698,-5.9667,-6.7475,3.4593,-4.5799,-0.9275,-2.4367,-0.1021,-6.7167,-8.6227,1.3507,0.7504,9.3784,4.5804,6.8979,7.7599,-5.9198,8.6523,0.2446,7.9019,-5.7654,-7.7984,-7.9302,-7.3549,-6.3945,8.1298,-6.2013,-0.2671,3.3544,4.5947,1.5303,1.0264,-8.1666,-8.0775,6.9122,9.3095,-3.4724,-2.2016,-7.9471
-2.2083,7.5378,8.8887,9.4786,-3.0791,1.823,-0.5144,9.9704,-6.0866,-0.7142,-6.929,4.0196,3.1749,-5.0524,-5.2641,8.7543,-6.0548,0.6019,3.0353,-4.1859,-3.3998,6.0433,2.9754,-9.0775,-4.5159,8.894,-1.8263,4.3606,4.1441,-3.5657,5.2179,7.6956,-9.3556,6.8754,3.188,0.6595,6.8667,9.525,-3.1928,5.5818,1.4057,-4.2949,5.9244,-5.823,-7.3033,-2.3598,0.3984,-7.17,-5.0392,0.3874,-7.0938,-6.5045,-7.4134,-6.2712,-3.2659,8.122,-7.0125,-8.9855,-6.5162,-9.4748,-0.5019,-5.5438,5.2048,1.1936,-8.0762,-6.707,-5.2426,-5.3818,-1.2314,8.9829,9.2064,-2.9574,6.7859,0.1859,5.6259,-1.3885,-5.0192,-9.2051,2.6852,-7.2571,-1.931,-2.0669,-7.283,7.9892,7.4992,-5.5358,-3.4594,-9.6011,5.5398,-5.2632,4.911,-1.0056,-2.1537,-7.1693,-4.5927,6.7627,8.9421,-1.678,-6.1465,7.4583,-3.6126,0.7534,9.9287,-6.8655,8.3135,-9.4191,0.1922,6.5054,-6.1045,-4.8826,4.0036,-3.4973,-0.3169,-1.7603,-6.5081,-6.1867,1.1505,-8.2274,9.7837,-9.1596,-1.0316,-1.4688,-3.0056,-7.0001,5.3405,-3.6718,7.6033,2.6706,-5.3266,4.4379,-2.3974,-2.7798,6.8414,8.8986,3.1082,8.4766,-9.7997,-5.264,2.1293,-3.3249,-3.689,3.9198,4.1803,-5.8845,-9.9236,-9.8479,5.8392,-9.0682,-1.2791,5.6992,4.129,-3.2171,-9.5413,3.1752,6.9475,-0.8219,9.8548,4.768,3.1232,-9.3781,-4.5612,1.4924,-7.0768,-1.318,8.9052,5.6763,-6.571,5.6265,2.1615,3.6536,-7.0601,-4.1373,-7.5802,-6.1073,6.4186,-5.0143,5.3618,0.1081,-4.4749,-3.5779,4.8178,-9.9362,0.9755,9.7978,-1.261,8.9884,2.7576,-6.2245,6.2893,9.846,9.0281,-9.103,4.9014,-7.5095,-1.5096,0.0984,-9.2533,-4.0669,8.887,-4.0288
6.9278,-3.3653,-9.0184,-3.9408,5.5048,-5.9482,4.1786,-4.7963,-1.9285,-2.1873,1.3573,-1.2867,6.8413,-8.692,7.4291,-1.1526,-4.8817,6.8386,-3.1087,9.4853,4.1772,2.842,2.899,4.2477,8.8615,-0.1572,1.3647,5.6816,3.5253,-0.5534,9.68,7.8783,-0.3074,-8.9234,7.6794,-4.7501,-3.3825,6.7395,-6.1087,0.4548,1.1679,4.8368,-1.2137,-1.09,6.912,6.7426,1.8686,-3.1804,8.2329,5.6412,-1.2589,0.8504,0.4772,-1.8828,-3.6083,2.1609,8.6561,-9.8781,-5.5305,-0.0043,-0.6173,4.1322,6.4189,5.5058,3.9907,-5.708,-9.5239,-5.6044,3.3166,-6.781,-4.6826,2.4108,-7.169,6.0773,-6.2282,2.4436,-3.8182,-5.3122,6.4934,-0.7377,-4.0596,5.3742,7.2826,-0.3384,7.2345,9.3144,-9.7624,8.6528,1.595,-5.6948,8.6343,9.9349,-1.3087,6.8087,7.4006,-7.4797,2.4012,2.4567,7.1365,6.5051,4.3236,9.9552,-5.0493,-6.2873,1.5053,4.0105,-7.9703,2.057,-6.4922,8.424,-6.899,5.3905,2.1347,-3.557,-7.1132,-3.7939,4.6339,-0.9511,-7.6855,-5.6608,-2.355,7.5446,4.3276,-4.1646,-1.3708,-3.6145,8.1827,2.8157,-0.8432,-4.5058,2.5561,-2.2617,-1.1544,-3.968,-7.7694,-2.8117,-1.2899,5.1496,1.5729,1.6147,-4.0364,-8.9407,-9.3995,8.9564,4.3311,-4.3663,-3.5503,7.0206,9.0882,7.7309,-4.8841,3.3302,-2.2017,2.4514,-5.737,1.2081,3.8004,-9.9729,-0.2654,4.9498,-3.0266,6.6325,6.7023,-9.6761,9.0107,7.2383,-3.7517,0.9805,-2.1867,9.3647,-8.186,-0.277,7.2354,6.0947,-3.7435,-4.5488,7.8761,-5.825,5.0116,5.0285,-8.749,-7.1659,-6.6148,2.1565,6.5485,3.5586,9.4138,4.2837,-9.661,-0.12,1.4043,-6.3868,-3.1148,-1.4327,5.9228,-9.8626,1.0538,4.8398,-8.2605,-4.4959
-8.8189,9.3348,-7.0958,-8.7854,-2.7932,-7.301,3.8983,-7.3219,5.6863,-9.2748,4.4565,-3.3555,-3.1064,6.0313,9.5189,-2.9343,-8.0849,3.1519,-0.4654,-5.5931,9.5107,-3.7878,-2.1817,1.9208,-3.0285,-5.5913,-8.8011,-1.6811,-4.3261,0.7996,-8.4065,-7.0663,-5.2284,-7.4421,2.3611,7.9088,3.7826,2.2993,-9.7238,6.5002,9.4462,0.5133,0.8196,-6.6343,4.9903,-4.869,-0.9061,6.1443,1.2542,1.3042,-9.9146,5.6053,-2.1417,-2.2737,8.1621,8.7455,-9.6856,9.6007,-3.7994,7.7933,8.5816,-9.9481,-8.7014,-5.3949,1.0053,-2.7412,9.1258,3.7365,-8.6782,9.5064,8.1487,2.556,-0.0691,1.6676,4.0319,-0.2073,3.4302,-4.2273,-7.4807,-6.4138,0.4026,2.2604,-3.201,-8.1611,3.4611,-6.9185,1.3471,-5.1515,-1.0637,-9.0822,-5.0694,7.9656,1.0043,-7.5902,9.5145,7.9102,-9.8273,-8.5148,-0.3081,3.6484,0.5634,0.1905,2.9538,-8.4664,-4.017,-7.4708,8.8949,-4.3851,8.6021,1.371,-6.067,-6.7847,-3.4665,4.5182,6.7648,3.3554,-2.2473,-4.263,6.8939,-7.1418,-6.304,-0.7536,-2.5427,-6.5196,3.8404,3.9339,8.7536,-3.1888,8.2031,7.6751,7.409,-6.8444,8.4972,-5.2702,6.2012,7.0605,-0.4745,-6.0076,0.1823,-2.6636,-1.5858,2.9719,-5.7474,3.5608,-1.1816,5.9399,8.6736,-2.2338,3.4099,9.1294,2.2032,2.3781,-0.2802,7.6126,-7.9659,-7.7748,6.5787,-6.1674,-7.4631,1.5359,3.1297,-1.3248,8.655,-3.3911,7.1862,-4.0963,-1.2782,2.3371,-5.7855,-9.4276,-7.3083,0.2786,-8.3925,-9.361,4.1274,-4.1273,8.6643,4.264,1.0533,2.6874,7.3077,-6.2831,8.9187,-2.795,7.7398,0.8494,-4.737,-1.036,-4.2703,-6.9126,9.6516,-2.0532,4.4036,-1.8991,-1.1593,1.9027,3.0173,6.5406,-6.7475,-8.4897
9.2691,4.1003,-2.8702,2.7059,-6.1895,-5.4607,-4.261,0.0772,-1.0566,0.0901,-7.6784,6.6937,5.3705,-0.2941,8.2052,2.7261,-5.8185,9.8538,-5.0835,-9.0714,-6.5985,3.4647,-2.8518,8.5057,-3.7214,-9.2838,-3.0748,-4.1165,-8.7654,5.2972,7.7141,2.2731,8.386,9.4333,7.0217,-4.2851,5.5604,-2.6142,-3.2197,9.6746,2.5539,3.4546,-9.5808,6.8105,-3.2478,-8.2698,-0.6171,7.7843,6.1986,8.3601,-6.8479,9.5773,-8.0265,4.6909,-6.6623,-9.2695,3.3653,-1.5097,8.973,4.8569,4.2927,2.7541,4.1912,-0.2606,-6.6837,0.4443,1.0767,-1.2926,6.7114,5.6651,9.0307,-8.3064,-5.3447,-3.4273,-4.1605,3.4941,-6.3388,8.4364,-5.1738,-0.3705,3.0694,-6.7899,-7.047,2.154,0.179,2.5337,-2.9536,7.3022,8.7904,4.4505,-6.3351,-8.4671,3.0213,8.5228,7.3917,-1.8752,-7.4753,-6.5083,-4.5709,3.4739,0.4812,-7.5096,2.1183,9.265,6.0043,-8.4516,-4.7343,-4.6909,-8.067,8.1734,9.0473,-6.7069,8.4458,-2.2491,7.101,-1.3827,-1.9952,-7.3012,-8.9167,8.1289,-2.1456,-0.6806,-2.6641,7.4568,7.5343,8.0604,6.7836,-7.9752,9.5585,-0.5687,-1.4948,7.0477,1.8707,-9.737,2.6817,0.8556,8.5041,-6.0424,8.6459,-1.9024,0.9309,6.2956,1.7895,6.8097,-9.351,-9.8977,8.0771,8.0447,-0.0398,-6.4703,-9.6515,9.3077,-4.943,-2.6811,6.1372,3.1458,-3.8745,-4.2889,2.7146,9.6866,-8.3494,8.2353,-3.0,9.3779,-0.4285,9.3282,9.8929,2.9427,-6.5671,9.175,-3.8519,-3.3219,-2.2441,1.7653,-1.611,6.4243,6.8293,-4.224,4.4294,-9.0028,-3.5769,-8.258,8.7448,-6.872,-0.4088,-8.2512,-4.6133,-4.1527,-1.6094,-8.9041,5.5631,-8.5996,-1.8455,8.668,-4.6388,9.6455,-5.1906,7.7793,-8.3509,-9.1088
6.0632,-9.9065,3.3205,0.5951,4.1463,0.6886,-6.4133,-8.2564,2.6123,8.9825,-2.5544,8.6709,-3.1865,7.3173,3.8935,-1.2947,-0.5251,-9.6622,-9.6573,-7.8874,5.3068,4.8642,-4.4968,9.2283,7.7337,0.9273,8.201,8.8468,7.4473,0.8161,-2.9577,-6.2611,-5.4539,1.4989,5.8741,-5.5167,9.9767,-0.3418,-0.5113,2.3254,-6.2492,9.4329,-3.6923,0.8829,-0.2245,0.7174,0.8577,-6.5431,0.5563,5.7168,8.3488,7.1127,9.2734,-1.1656,-8.2836,1.9686,-6.0908,-0.5885,-9.5513,7.256,4.4998,0.1665,6.7737,-7.4487,8.6062,7.4306,-8.7629,3.5886,0.6292,-3.8082,-8.9542,-0.3097,-8.9314,-6.9976,3.7709,6.0248,-8.6592,9.4131,4.8512,-2.5812,-7.1314,7.3814,3.0337,2.4524,1.3843,5.5226,1.9303,6.8214,-8.1873,3.5302,-0.5603,5.4525,1.0026,-1.9387,0.1991,-5.8067,-9.9515,6.2714,-2.7897,4.9225,2.0614,-5.0617,5.1439,6.8065,4.2054,-0.1373,-4.2944,-6.8908,-8.0249,-8.2105,1.9666,0.7012,-6.9343,8.9861,-1.8149,-1.3263,-7.232,-9.1377,3.0477,5.6137,8.5923,8.6844,-8.3212,-9.978,-8.7446,-7.3437,-9.0719,5.0891,-3.6098,-1.1444,4.8047,0.5378,9.9672,-3.4979,-1.7076,-7.1862,0.2826,-4.6724,-2.6979,-2.0843,8.4128,-3.1675,-5.7642,9.4903,-7.9301,8.5616,3.9042,-6.0294,-5.0649,-6.0886,-2.2052,7.7959,9.2315,0.1249,1.444,4.0511,0.1049,2.1813,5.8013,-0.1141,1.9483,5.9779,8.0387,9.2217,-2.6011,4.299,-9.5606,-7.6275,-4.4218,-9.4851,2.1042,-7.0733,-7.2309,-3.4232,5.4985,-8.3413,0.627,4.5922,-8.9661,5.0284,9.3993,6.5417,0.4346,-5.5104,9.1056,3.785,-7.1434,4.684,-6.6558,4.4756,2.5692,-6.3612,-0.3188,-8.9759,9.676,7.0799,-5.4423,-2.0694,1.2214,-0.8762
-7.9799,-5.7244,-6.7901,-5.0756,-1.6037,4.6268,-0.6304,2.8523,-8.9638,-4.1008,8.4429,8.9034,-9.7761,2.1047,-2.426,7.0557,2.6948,-1.4724,-6.9768,-7.844,6.6166,6.2568,-6.1978,4.0846,8.1379,-2.7343,-0.5109,-4.6315,2.7373,6.8348,2.8639,-7.2438,8.486,4.0626,8.4729,-9.9384,-0.4083,5.7852,-2.0292,2.7428,-4.2487,-0.2172,-0.9494,-6.0954,-7.6351,5.7972,-3.6887,2.8511,9.713,-8.8608,-0.7687,-7.3916,9.5465,8.7388,1.3085,-6.4559,0.0135,9.3647,8.6955,-0.2877,-7.3612,-6.6497,-7.2799,-4.6635,-8.6377,-7.4212,-9.9823,-4.4543,-3.696,-4.6589,1.2659,-4.0289,-1.3845,8.2052,-3.4777,-7.9511,1.597,6.5037,-6.752,6.2087,0.2001,-1.3402,7.8647,-6.0236,-7.2804,8.7962,1.8117,-6.4984,3.6378,-9.5151,-4.9916,5.3741,4.2264,8.4515,4.3568,-0.1652,-9.9422,1.2388,7.9541,-1.4299,7.3194,0.4568,1.9908,-0.0996,-5.5977,-8.1211,4.8409,-5.1362,9.471,-1.4042,-9.044,3.3469,8.1174,1.2077,1.8291,-3.9677,2.1885,7.8148,-7.1012,8.8297,5.3724,-8.7654,9.2782,0.7053,-9.6203,-8.3433,-9.4521,-4.3699,-3.2956,6.4263,-9.0009,2.4357,6.622,4.7775,3.9153,-5.5991,-0.9668,-1.2396,-5.9301,-3.1312,0.6051,1.3652,0.7323,3.1013,-5.7588,-3.4019,8.493,-0.6047,5.6952,6.5361,-1.3469,-6.0411,0.9309,-0.061,-5.9447,-6.8472,-7.1165,2.5267,-1.6864,3.6981,0.243,-3.9735,-6.4256,7.2207,-4.6884,4.5808,1.0991,-7.9797,1.5327,9.3724,-0.0719,-2.7294,6.3677,7.1187,9.2615,-3.2464,-9.0253,-2.5681,-9.9249,-5.1392,-5.3648,2.304,-0.4071,-6.1622,7.0321,-8.3044,8.4901,-0.3103,-4.7162,5.8787,8.7879,-2.3345,-3.3172,-7.2994,-6.5814,-4.8318,-5.1951,2.8548,2.245,6.0601
-7.8606,8.9023,-5.1882,-4.243,-2.7009,6.8509,5.7864,-3.2922,1.7544,-5.211,1.9721,4.2404,6.9576,2.5445,9.229,-2.2404,-4.3688,0.1937,-5.542,-1.33,2.7021,4.2813,5.5101,-5.0156,-9.7658,-2.8116,8.0385,5.474,9.543,-5.0987,7.6129,6.2556,1.6739,-1.4817,-2.3235,2.4165,-9.9155,-9.5636,-2.1338,7.578,9.9534,-5.071,9.0199,-6.8758,4.1294,5.867,-2.1331,-7.904,-6.1358,7.3044,-1.9474,0.9451,-0.9999,-1.4337,9.5507,-0.5072,1.1142,3.1408,4.3385,-1.8024,-8.2244,-5.532,-8.4271,-1.4301,-9.9592,-6.7293,-5.0229,-0.8639,-7.2141,-2.3528,-6.7394,0.1802,2.7935,4.2546,-6.2064,-6.9189,-3.2097,2.0653,-1.9678,0.3873,-4.148,-8.0407,-2.0377,-4.7576,9.3655,-1.2659,-2.9108,6.1827,-9.5335,9.6001,4.7408,-7.2386,2.6377,4.4668,0.3732,8.3276,-6.5953,1.5687,-7.1496,2.358,-3.8967,-4.9754,3.6711,4.5571,-8.5727,-4.6129,-1.7449,-3.3012,1.2076,6.7462,4.4476,-0.2365,8.0466,-0.4845,-9.1557,2.189,8.6258,1.1101,8.2369,8.8557,-3.2661,-2.1851,-2.5211,-4.9286,3.5296,-5.7696,-5.4828,-9.4366,9.38,-2.373,1.5559,3.097,1.9584,-9.182,-1.7548,-1.6946,1.5593,9.3872,-2.5096,6.1938,-4.9242,5.7327,-0.7355,2.4658,7.6937,-1.0131,1.2426,-8.5549,8.1619,-6.3183,-0.9879,-5.4358,4.3978,1.425,-0.9847,3.0208,-7.6615,-6.7081,5.9669,3.8929,3.3043,1.8021,4.3078,7.6136,6.8013,-4.3493,2.796,9.1986,-3.0071,-6.3392,-3.3777,-0.4827,-8.08,1.6714,-3.0953,8.4271,-9.4879,6.7754,-4.9601,9.2668,3.6513,1.4701,-6.9029,-5.2252,9.0346,0.8739,-6.9763,-5.537,-3.7459,-0.4443,1.9261,1.8857,3.8945,-5.876,7.4208,3.3134,-7.0211,4.2774,5.542,-3.844
1.8234,-4.1806,9.9776,8.3761,-1.6605,5.1277,1.2363,2.0184,-0.6754,-3.1712,-7.7412,-5.8959,-5.7077,-6.6708,2.8938,-5.8714,-5.002,-9.736,2.0675,-4.5358,-5.1991,3.4529,-2.7363,-6.3459,0.9042,1.0552,-5.3883,6.491,8.5061,8.8386,-3.874,-7.6474,9.8444,4.8353,-1.3964,-6.9404,-8.2356,-6.2872,-7.4282,4.8304,-9.9725,-0.5346,-1.0763,-8.6338,-2.6162,3.9073,-5.623,5.2478,2.1759,-7.3391,-7.0012,-4.6671,-4.6762,4.273,5.649,6.3627,-9.3092,9.6612,-7.2865,4.8332,-9.4563,-0.1823,-7.9445,8.0469,-1.4932,-6.4601,-7.2295,-3.5066,4.5405,-3.9197,-0.6829,1.109,-8.6218,-5.6183,7.2209,4.0548,7.4396,9.616,9.0565,3.4698,7.6136,7.3972,0.3633,1.3032,2.5108,-1.3681,1.1069,-4.9716,-3.5085,-6.4589,9.3564,-5.7732,-3.7707,-9.4151,-2.4529,-0.0863,8.0941,-8.6775,8.7481,-1.5022,-4.1191,2.8585,-1.3803,0.417,-8.2829,-5.8623,9.5392,1.1571,-6.2518,-2.9033,-8.719,6.232,1.6382,-3.294,4.4027,-5.2684,9.8542,9.376,-7.2408,-6.4436,1.0262,-8.0119,7.1491,3.3398,5.2565,-4.9669,0.7049,7.817,-3.3642,-9.6099,0.2816,4.5038,-2.6679,8.9427,8.0747,-7.5044,-8.1136,6.0501,9.9845,-4.6619,3.896,-6.8496,-4.9581,-3.6222,7.4557,5.5827,1.4395,-7.5577,0.0679,-1.3548,7.2656,8.0168,9.9784,2.2464,0.6556,5.9352,-6.4543,-2.8084,-1.7281,6.6949,5.3569,-8.526,3.2661,-4.3345,6.3514,-1.3368,0.2025,5.4197,7.677,-8.4099,9.9061,3.5142,2.6686,2.4618,-5.9296,-1.8351,0.0833,6.9441,-3.0242,4.5107,8.1644,-4.7117,-4.3477,-6.1332,-4.0457,-3.7379,4.6645,-0.5408,7.9023,7.8676,-0.9661,-7.745,3.0645,4.6219,-6.4842,-4.0524,6.7085,4.0507,-4.28,-8.7782
4.0226,-5.5099,8.8085,6.939,-9.2486,3.3876,6.5669,7.5749,-1.6183,9.9374,-0.1311,0.6945,9.1105,-0.0762,-5.8777,-7.5442,-4.8463,3.0045,-9.9537,-3.7185,3.6719,-0.3167,-7.8163,-9.0348,-9.3733,7.4667,0.1299,-8.6272,-9.7635,-9.0182,-6.4294,4.7722,3.6601,9.6939,7.8131,-7.2035,2.91,9.8698,7.3248,-4.0679,-0.6767,7.1034,-2.4323,1.7291,-9.8245,-3.9048,-9.0167,-5.0006,5.886,-0.8465,3.1945,-5.5446,-8.8522,4.3893,-3.4991,6.9453,3.4047,-8.1588,-1.1284,-1.763,5.9665,9.4332,-7.1029,-4.8603,-3.1008,6.4503,-3.2571,6.974,-2.1554,-9.1983,9.392,-7.2873,-0.521,-1.3131,-5.8907,-7.4464,3.088,-6.9387,-5.9487,-2.6965,-6.9033,-3.0618,-5.7503,4.3498,-0.6542,7.0571,0.1681,3.8221,7.0335,-6.2937,-7.0513,-0.6301,-8.8307,4.3491,-4.6623,8.0546,-9.003,7.6882,5.1593,-8.0886,-6.5264,-8.6059,-2.1428,2.2602,9.6919,-6.8298,-2.5673,3.0787,-7.7608,0.842,7.1493,5.9289,-8.0203,-8.3302,4.0618,-1.369,9.6071,-9.4973,0.0497,-4.9844,-0.2845,-7.1317,7.7189,-6.7021,8.8022,-9.6723,9.8614,4.8669,-0.2539,-5.3837,7.7916,-1.2506,8.9039,-2.1734,-3.2915,-9.4955,4.0063,-6.2407,-4.2524,-6.6565,-7.8586,-2.7542,1.3292,4.5768,5.9295,-4.1707,4.5354,2.187,1.6702,-0.5696,1.1834,6.6184,2.0833,-4.4117,7.4194,-2.9774,-7.1474,-2.9347,0.9271,0.3361,-7.181,-4.8097,-7.8137,-6.6286,-1.5884,8.8943,3.9757,-8.724,5.7536,-2.0949,-6.8772,-2.9888,8.7027,2.3662,-9.3243,-5.0469,9.4556,6.0236,-9.7624,-6.4648,9.0488,-8.3417,-7.7312,2.491,1.2086,-5.6751,4.0391,-9.6635,-6.0463,-8.1078,5.5382,-1.5801,-8.1486,-2.6282,6.4439,-9.5179,-0.3465,-4.7169,-4.2784,-5.5409
5.551,-7.1839,-2.3677,-0.6124,3.0582,-6.4991,3.2212,8.0763,-7.6219,-4.2788,-2.6279,-6.6329,-8.6806,-9.9624,7.4959,-8.1111,-2.0767,-5.5963,-3.1896,1.9643,-1.9963,-6.4567,-9.5953,4.5438,0.3357,-5.4742,7.6495,-4.3675,-6.4222,5.6251,-8.9602,8.4585,-7.3641,-1.8198,-7.3862,-5.162,-4.3035,-5.2805,3.7006,5.8099,9.6688,-6.4093,-6.9227,-8.2341,-7.1871,-0.7853,0.7027,9.8477,0.3215,3.6113,0.0947,4.3347,8.7921,-5.324,3.5604,5.9371,7.1496,-6.3773,3.7442,0.6244,-0.1532,9.8729,0.3713,4.5402,-0.248,6.2146,-5.7138,6.4389,-6.0591,1.5388,-2.0176,-2.0159,-7.0486,1.6797,-9.4276,-0.4513,-2.8339,5.0421,1.1708,-3.576,-6.3554,-0.239,1.9185,3.6237,6.6046,9.081,5.1999,-9.6832,-5.6083,-1.3935,9.0566,-3.4316,-0.1907,2.7103,8.6427,-1.4069,6.2123,-1.5226,8.0721,-9.1351,-9.2927,-9.5828,3.3428,6.5512,8.5616,-8.382,2.3742,1.099,-1.5708,4.5811,-5.6518,4.3702,4.0758,3.4699,-4.7955,3.2144,6.5175,-6.2415,1.476,9.0295,3.695,-3.2938,-1.9328,-2.6691,-1.6136,-0.4357,-8.6486,-4.0019,-4.1129,-8.8161,-8.3928,-8.2087,-3.3369,-3.7363,-2.0679,-1.6975,4.5092,-5.3122,2.8884,0.4133,-3.6559,-0.5985,1.787,-7.856,1.1337,-7.7912,-7.8902,-8.0986,4.9938,6.9038,6.7766,7.7262,5.4052,2.7723,-6.5133,-6.2107,0.9578,4.4093,-5.3661,3.5766,-0.5182,2.2684,-4.3148,5.8054,2.1389,-8.2505,0.1338,-4.9115,-0.2725,9.8356,7.0945,-5.8848,-5.062,3.8103,1.2324,9.5531,-1.3592,8.3573,-4.0239,-6.1298,2.8867,-5.7901,-5.7992,6.227,-5.9076,0.9248,-4.6303,9.8206,7.3863,-7.6085,7.226,8.2724,1.7883,-3.1705,6.4403,-8.1906,2.5599,4.104,0.3405,-7.9615
4.3256,-9.8423,1.2947,-5.5406,-0.8812,9.1489,7.0898,7.6965,4.0664,2.2864,1.6777,4.9331,8.2922,3.3619,8.8467,-9.3979,-3.4152,-0.4857,-2.8769,-1.7064,9.3494,8.6516,-2.6838,5.8749,7.1442,4.9501,-7.6059,3.4527,-5.5276,-8.674,1.1366,7.5751,-0.8381,8.5422,-0.263,-4.9626,-3.4879,4.6272,-1.79,7.8155,-7.9311,9.9451,-7.8303,1.0076,5.6892,1.3092,-3.5533,-5.9157,7.5858,-3.8211,-0.9458,9.7108,-1.0204,8.4492,1.9582,-8.2312,-1.9821,-0.2079,-9.6599,-5.8215,-5.3605,1.2697,8.0281,9.5241,4.5896,7.2868,-4.6973,1.5105,-3.2715,-0.929,-9.8711,4.2047,1.7712,-8.6234,7.8467,-3.0008,9.5427,3.2591,6.6415,-0.9226,0.9799,4.5953,4.3841,-2.691,8.8031,-2.0158,-9.5825,7.5252,1.3976,8.6085,2.0379,0.7664,3.5096,-3.9727,1.9141,2.4609,6.4583,-1.7667,-7.8009,-3.943,7.2369,-1.2334,-9.9192,5.3016,-8.9512,0.4628,7.7156,-5.0042,6.7164,2.3745,0.9291,-7.4346,-3.0628,-1.9867,7.3507,9.8071,7.1185,9.2801,-1.607,3.8543,-7.1998,0.1853,3.9378,-6.3372,-7.998,4.1152,0.2157,-5.6915,9.913,8.7619,-4.3155,6.4859,-2.4999,0.7712,-9.2993,9.1723,-3.5797,-2.7565,-0.6577,9.1645,-9.4794,5.8368,-8.5759,5.146,-3.4214,3.4962,-4.5253,5.68,4.7449,7.3154,-7.3124,0.6078,-2.4247,-2.0587,5.4732,-2.0514,2.9791,-0.5004,-5.774,8.1158,-7.4678,-6.0111,-1.0903,1.8881,4.6878,-1.796,3.7601,1.9231,-9.9116,9.6275,3.6091,5.8062,9.2186,-8.8512,6.044,5.3445,-7.905,-1.2775,7.4745,6.6567,-2.0625,9.8243,3.6343,-2.876,-8.7279,7.2625,7.4503,-7.686,-1.6158,-1.3981,5.9688,-7.6827,-9.9943,8.1021,6.5732,5.5734,-8.4428,1.2239,5.1735,-0.391
-7.3419,-5.9403,0.3537,-1.1783,2.8249,8.8624,-0.1934,-8.0148,-5.5119,2.8609,-5.6554,-2.6656,-2.0253,-6.1187,-6.5964,-5.9244,-5.5081,-5.6287,-2.4755,4.8237,5.9981,-6.2052,4.6391,-8.3021,7.9228,-0.3405,-5.7571,-9.7737,-5.4553,-6.7222,4.2504,4.9232,-5.3451,-2.422,0.1954,9.7181,3.5789,1.3482,-6.8881,9.9786,-4.4328,2.8623,-1.7738,-3.7833,-2.4535,-7.1224,-9.7524,-8.8462,8.3925,-9.8074,-9.5023,-9.3393,5.8783,0.9773,-5.5426,7.4425,0.1475,9.3916,1.3471,-2.2527,7.4889,-5.0085,-3.9554,6.7423,-9.7954,4.7453,-5.5499,-1.1648,1.39,2.1889,-7.6172,-2.7,-7.6572,6.5642,0.9432,2.5678,-8.6354,-9.8603,5.0189,-8.6014,0.6111,3.6662,-8.5897,-6.6523,-9.1514,-5.6777,0.5434,0.4813,-5.8181,-5.7543,7.2312,6.7822,6.7309,6.6501,-7.0399,2.6368,5.3805,-5.3021,-6.6665,-2.4294,4.0681,-7.7532,-7.0148,-9.4714,5.0957,-1.5887,-4.6493,1.3752,-4.3878,-6.8198,-0.0265,9.3606,0.213,-5.6242,-0.3411,-6.8923,1.1496,1.6293,5.5596,-1.5169,-2.846,-1.2303,1.5138,8.9448,-3.1672,8.7861,5.3476,5.1265,-7.7489,-4.4495,0.7042,5.7259,-6.0329,8.2751,-9.1817,-5.1465,-8.7652,0.0589,3.4533,-7.3909,-0.9076,-3.8133,0.108,2.451,-8.342,3.2384,4.1922,1.0555,6.0398,-3.3006,-9.5164,5.6484,1.5117,4.2105,9.8629,8.7069,9.9425,3.1419,-4.9502,8.5578,6.7032,-3.991,9.8835,7.2142,-1.8136,-0.9973,-3.4689,7.2218,-3.815,3.5269,-2.9887,6.4354,6.5044,-8.639,5.2682,-2.5914,-5.9191,0.1993,-3.4529,-7.2251,4.6288,-6.2961,8.3525,0.4436,-9.202,-1.2018,-3.4067,4.7309,5.4014,-5.1805,-5.1939,-2.5969,-6.1781,9.685,-4.3141,6.8292,8.2205,-9.7426,5.4725,-5.8287
7.335,1.5471,-4.7913,-5.7059,-5.6849,-5.6792,5.3894,8.5567,5.4944,5.6319,-6.4028,9.6875,-1.4613,0.512,6.1213,2.1765,-9.627,0.1014,-4.6698,0.8448,-5.2866,-8.9799,8.3154,6.9638,9.9815,4.6,-9.1105,4.531,-3.7098,2.9031,8.2201,-7.2281,-3.2733,6.2358,4.5571,-3.6467,-9.4432,4.4602,-9.478,-7.4739,6.0425,3.2378,6.155,-6.3265,-5.283,-3.7476,-3.2341,-4.7785,-0.6503,-0.6723,5.1026,5.7535,-3.7423,-0.8742,6.1831,9.3709,5.4232,-5.3581,-3.2108,-6.3201,-4.8206,8.5791,-3.1247,-7.2753,-5.0383,-1.7974,-9.7431,2.2318,3.0168,-9.121,6.9189,-5.6906,-8.2199,-4.5535,-9.6091,-6.1686,-1.7176,1.9192,3.5771,-8.8102,7.3164,-4.3215,-0.465,3.226,3.0116,2.4341,-9.5038,-5.6789,-8.7397,-4.2159,6.5585,-1.0666,5.9711,-1.9774,9.7793,-1.1435,-5.4732,-7.0725,-0.4798,6.2653,3.1963,5.2395,6.9544,4.1846,4.8734,-5.0188,8.7757,4.783,-9.1577,-8.7793,3.0662,3.1685,-9.4089,3.0136,8.9967,-4.6841,-3.3201,-1.8461,0.9358,9.7337,3.8077,-3.9508,5.8069,-8.4923,7.8549,5.7955,8.5487,-3.7845,7.9719,-2.3539,8.4277,2.4685,-7.1434,-9.3356,5.6141,-8.7463,1.1865,-6.6867,6.0681,-7.6428,1.0007,6.7046,-3.3626,9.3539,4.6028,6.8257,-3.0873,-9.983,5.8792,-2.3893,5.8112,-7.2194,-4.4486,-6.2595,-2.5562,9.8732,2.9416,4.7578,-3.189,4.7267,-7.6001,5.1721,7.6265,-3.853,3.3833,5.742,-0.534,-9.783,1.0543,-2.9361,-7.4809,-2.4164,-5.9429,3.7437,-9.0332,-0.0759,0.2653,0.8777,7.3424,6.4496,1.1738,-5.3093,8.0303,-4.8519,-1.9664,8.7605,-7.7433,-0.7614,5.0678,0.4884,6.6688,-3.4444,1.4544,8.1774,-3.5276,4.514,-9.0131,-0.1785,5.471,-2.7309
