-7.0273,-7.625,-0.426,1.6794,-8.1201,3.0036,-8.8188,7.3222,0.2417,-0.6605,2.5579,4.4193,-4.616,0.7914,6.5776,8.4825,6.3112,-7.6272,8.0533,5.5444,-3.851,-0.494,-3.4301,-3.3726,-9.6456,6.9009,-4.275,7.6321,0.552,5.6427,-1.5609,-3.4757,5.6107,3.1648,-8.1235,1.0423,4.8693,2.7853,8.0265,7.6783,-3.9672,-8.6783,8.7595,3.0811,-9.8745,0.4035,-7.3829,9.0997,3.6109,6.07,4.0205,-9.1676,4.3549,-9.596,-0.8118,4.1771,-0.636,-3.347,2.0333,-9.8511,-0.0688,-1.4395,4.4468,-8.323,5.3247,9.9741,7.2036,4.8989,-6.6651,-9.4327,-6.2939,0.5744,-2.0935,-4.5613,7.3763,6.1156,-8.9502,-1.0982,-7.26,-8.1515,-2.4023,-8.0441,-5.0712,-5.5524,-9.7642,-5.764,-0.4258,-8.5104,7.0687,8.8867,-1.0537,-8.1334,-9.3748,-5.3039,9.5618,3.2469,0.1666,2.7435,3.0419,-2.5843,8.5869,-6.0232,8.0397,7.8023,-7.2742,9.3531,-0.203,-3.046,8.9609,6.7591,6.1975,-2.3003,-5.8575,0.2069,2.407,7.1096,2.8171,1.6889,8.9552,9.0197,6.3813,-5.4581,8.1294,-8.2457,0.2646,-4.2989,-9.9426,-0.7517,5.5881,-1.371,-6.7206,-9.666,3.9546,-3.1544,-1.0521,4.4412,9.5802,5.1004,1.0244,0.2428,2.3257,-7.7732,-9.4822,5.3272,-0.8571,-3.6699,-4.7171,0.4752,3.8663,1.3074,1.7809,-9.9266,4.7646,-6.539,1.1521,6.2355,0.6697,-5.8589,1.4105,4.6123,-8.9166,-4.7595,3.1191,-5.8862,-2.8733,8.1177,-8.8794,-7.6329,-1.8079,5.6683,-1.6023,-7.6556,4.6298,0.1059,5.0606,1.2824,7.6686,4.7685,-9.8236,-3.671,-3.5564,-4.1188,-8.4649,4.3158,-2.2759,-4.5084,9.252,-5.7934,6.9348,-5.3885,6.3683,-5.9647,-9.2178,-3.3808,-7.1736,-5.278,2.1943,3.816,-2.9472,9.4843
4.9453,-1.503,-1.2725,0.844,2.3102,0.0609,2.3407,1.7973,-1.9146,-5.8336,8.6631,-7.3264,0.7926,5.3186,4.3378,-4.7516,-0.2415,5.7148,-8.0553,-8.6736,6.1504,-1.1493,1.4487,1.9411,9.1753,5.285,5.5913,-6.1982,5.6687,4.4537,5.6092,-6.7575,5.958,1.0306,-5.9912,-3.4321,7.1794,9.0125,9.1542,-8.9045,-7.4497,3.1554,-9.4616,-6.3577,-8.6554,4.1503,-8.8756,3.0007,5.6698,9.4127,3.7854,-9.0914,-2.2455,6.3114,-5.1308,1.4801,-3.0426,8.0507,0.4705,-5.3545,-4.7861,8.2547,-5.9431,3.9144,-5.6136,0.7407,0.3514,3.6976,-9.2108,5.2444,-8.3842,-7.3392,-8.2959,-0.6529,-0.0963,3.8789,3.0789,-6.0352,6.8102,5.9214,-9.9987,2.5656,4.1936,-3.9018,9.261,9.1127,0.9232,2.1871,3.2834,-3.1446,1.1247,6.5165,9.9893,-4.5096,4.3109,-6.1853,5.441,-5.4624,3.9853,-8.5816,0.509,7.6408,-4.755,2.3543,6.3028,-4.7287,-4.3336,-4.9328,3.7055,0.97,5.4858,8.2894,8.1986,6.056,-0.7838,3.9617,0.5167,-5.0294,8.3449,8.1058,-4.8034,-3.8267,5.1731,-9.8642,-1.1343,-8.0831,8.2194,4.1085,0.0667,-8.4361,7.8963,-3.0443,5.6474,-4.203,9.5024,-6.7307,-9.7438,-0.8733,-6.4988,-3.1579,5.2699,0.4445,8.9729,-7.4945,-1.5858,-2.5063,7.8944,-9.7346,5.8321,-4.5894,-3.6453,2.5395,9.1772,8.8326,9.8535,7.6338,-8.5786,0.3546,5.6663,4.0518,-5.9095,9.2767,4.5952,8.2607,-7.4737,-7.7057,-5.4984,6.2809,4.2617,9.2359,3.1316,6.1188,-6.1392,5.8184,-0.7483,7.5613,-8.1384,8.3544,2.1065,7.9728,8.7905,4.9343,3.7664,3.197,-4.1912,-8.8452,-8.8102,6.5071,-1.7726,-7.8971,-3.8196,5.1501,4.3226,5.5447,9.1388,-3.2599,7.4402,4.0885,3.5254,5.4522
-6.1159,9.1159,6.7511,1.4915,-6.5265,9.4356,3.7806,1.1927,0.0759,0.8118,-7.2696,1.6513,6.8957,-0.6982,-5.3727,6.5481,-7.8918,-0.975,3.6779,-7.4381,-2.7341,-3.917,-2.3652,-5.0378,-4.5164,8.9453,0.3793,-3.0893,-6.0951,1.8427,-0.0056,7.5893,4.8287,-1.0537,-2.255,7.8889,2.7838,2.1924,7.0958,0.7339,-3.9771,-1.1167,-9.9032,8.8397,-2.7932,3.4624,5.4512,-9.0739,-1.3987,2.5415,-7.1793,-7.2526,1.4526,7.1506,0.77,-1.7115,-2.5003,7.3106,1.8615,-9.0509,4.3316,5.3256,-3.2979,2.9367,6.2661,-1.2396,-5.8691,-2.2455,1.1464,-9.6135,8.86,-1.323,6.0653,2.5654,2.9171,0.1669,-7.1732,-6.8486,2.5676,9.5322,8.0454,4.3666,-4.3636,9.9771,0.329,-3.9647,-4.1059,-6.8965,-8.2546,-7.2472,-6.7566,-0.1395,4.608,-7.7718,-2.0313,4.5071,0.4815,-4.9532,-3.1215,7.5958,-8.6527,-9.0129,4.8528,-1.8915,-3.3608,4.5886,-8.7953,9.3065,-2.9192,3.3011,4.6172,-9.7467,3.1848,7.106,0.0342,-1.5039,6.6737,-6.3869,-1.1156,9.1626,2.518,-3.4613,5.3062,-3.8914,7.4254,-0.8207,-5.1586,8.2645,5.1236,-0.6586,1.5156,9.5594,7.9286,8.3605,2.9807,-3.6914,-0.3399,-1.8089,4.1937,-9.6272,-1.1366,2.2601,3.8014,-1.1937,8.6523,2.9433,-7.9363,3.0832,-0.751,-2.8141,2.2963,-3.5151,-8.2626,-2.4365,0.3784,-1.7709,6.9397,-6.8344,-7.5038,-9.3932,-9.3602,5.3607,-5.3859,-0.213,9.0912,-5.0328,-6.1033,0.9635,-1.8197,6.6685,-2.8992,-7.1109,-3.4043,2.2874,-6.5168,3.6889,2.23,-9.0439,-6.7371,7.7143,-1.7437,4.6816,-5.9874,-5.3024,1.3061,6.0686,7.8788,6.394,-5.1475,-0.7673,-2.0952,-7.6225,-5.6472,5.2163,-2.5077,2.3756,2.3526,-3.5834,-7.4632,0.2827
1.6233,-0.8375,-1.7143,8.3048,-0.9288,-0.0912,-7.6764,-5.2895,3.704,-5.8646,-9.5165,4.3801,-0.3647,-4.5087,6.6279,-9.2999,-1.2486,7.3954,-2.3907,-4.6947,-5.0839,5.023,1.9354,0.9093,-6.7748,7.6839,6.1653,-2.659,1.9913,-9.9986,-3.0572,0.8481,7.4599,-5.5927,8.9663,0.1752,8.2355,8.3329,-1.498,3.6061,-5.2796,-4.7313,9.2639,-0.9357,-7.345,-4.7363,5.6722,-9.0441,-9.8219,9.236,-5.8069,-7.9188,6.1356,-0.8061,6.1196,-2.7685,6.6642,-5.878,-2.2733,-3.7053,3.0701,0.9255,-2.7497,8.12,-8.1961,8.6784,3.779,-3.7705,1.4356,-0.9715,-7.002,-4.0607,-1.111,-4.4577,-2.2547,4.6154,1.9061,7.7932,9.4323,6.1079,-4.6291,-5.7989,4.7258,-2.952,8.8064,-7.0794,0.0101,-6.6334,1.5725,2.4021,0.8733,0.366,-2.8468,-6.6282,-6.8588,3.1679,-0.9846,-3.8282,7.2207,1.8369,-2.3364,-3.7479,-8.1079,8.9704,-8.1856,-1.0747,-2.2292,2.8803,-4.6075,-1.5284,0.4541,9.3296,1.4335,8.6507,-0.3803,-3.9172,6.035,9.9087,-1.526,-3.2021,0.977,7.4161,-1.3105,-1.539,-8.9861,8.3522,-0.564,2.121,2.7321,-5.4561,0.2573,5.7857,4.7513,-4.6782,-4.7733,6.59,-4.2496,0.3571,4.0616,-5.5679,0.303,-8.3598,7.9365,8.3883,-4.9223,2.5053,-4.8573,8.267,7.9609,-0.0835,7.9684,4.7359,-5.1173,-6.5048,-6.443,-7.1832,-0.5586,3.1308,6.0748,-8.4108,-2.5764,-9.3037,-4.8302,-7.4726,5.5343,9.1735,6.3952,-8.8672,7.8628,0.7494,-5.9014,4.642,-9.4941,-1.6544,0.0047,3.9365,4.9447,9.4457,2.4385,1.8077,-9.415,-3.9965,4.3156,-9.5178,0.1254,-9.6782,-4.9283,-0.4746,3.8865,-6.297,-9.4638,7.7009,7.5331,-3.8983,-5.169,6.4091,-2.1949,9.9736,5.2197,0.7419
-1.4969,-4.8385,-9.0811,-9.3947,-7.9336,9.0238,-4.262,0.0035,1.8057,3.6838,7.4043,-4.3589,-2.3952,4.5516,-2.9597,1.7214,-3.6948,-1.6199,-3.4047,4.3592,3.2273,-1.8764,5.3765,4.4059,-5.3129,-8.4154,-9.2206,9.5845,5.2727,9.7928,-8.6379,-6.1676,-5.4967,-9.5584,-9.9308,7.7228,0.7423,1.9475,-7.3617,4.039,5.0731,-0.9199,2.0019,6.9671,2.4383,2.5341,3.304,-7.6159,-7.9817,1.3549,7.5859,5.7021,0.0062,-4.5659,-2.4887,4.1423,-7.4859,6.0192,-9.0444,4.8577,-7.0605,6.015,1.7685,6.334,-3.7187,-2.9472,-1.8213,-0.5157,-9.9248,4.6935,-7.9194,-2.2692,-9.4898,-9.082,-5.0368,5.3225,6.3525,-8.8374,-4.4771,-7.6708,-4.9854,-9.1275,-6.7616,4.2928,0.6023,3.1903,3.9935,-6.9918,4.0289,-3.9242,3.7228,9.136,5.6992,1.349,6.5643,8.2265,-7.467,4.634,8.8819,-8.6297,-2.161,-7.3648,-4.8175,8.5697,8.929,0.2045,-5.0156,-7.1448,-7.7933,0.3527,1.0347,-0.7359,9.2075,-0.1708,-7.8436,-7.7371,0.1058,-5.4635,-8.5716,-9.6155,2.7755,3.686,4.5567,-5.1323,7.2718,3.8697,-8.7209,-5.5666,5.6716,0.5233,-3.39,-2.3032,1.7783,6.547,-2.4379,1.0733,8.404,-6.4068,-4.8186,-3.5627,-3.2024,5.2061,-4.5608,-6.6363,-8.2463,4.629,5.0505,9.258,4.2015,6.1939,7.6542,-8.4186,0.8845,1.6136,-0.7198,-5.5295,-6.4672,7.6675,8.2447,-2.2096,9.1007,-3.5349,-1.6081,5.0393,8.938,-4.0823,3.0044,-3.8722,3.8628,-1.9896,9.9777,-1.8103,-3.7661,2.4651,-5.1646,5.4714,-4.5334,2.2757,-8.5739,-1.0526,-4.0267,0.0718,-2.3551,7.7611,-9.9228,-6.8067,1.3914,3.2428,5.6407,1.2121,3.3986,2.4057,7.5394,7.4349,-5.7947,-8.1831,-1.1148,9.327,0.9856,-7.8735
-5.4186,-0.6052,4.3378,5.155,1.7351,-7.8307,-5.3465,6.6599,-0.5775,-3.7885,-7.1993,4.3623,5.7858,0.059,4.7534,1.7201,7.3781,2.9251,8.8108,-1.907,-8.2635,2.8993,6.2813,8.0795,-7.6553,-0.5659,-8.8638,-3.4391,6.9817,-7.8159,1.5885,4.1748,2.7641,8.8724,5.3229,-7.9841,8.6576,1.6788,2.6487,5.4598,9.5581,2.9589,-2.7865,-9.7555,-8.7455,-5.7063,7.0678,-9.585,3.8918,-1.7472,8.7656,-1.2089,-3.655,-2.6541,2.769,9.3949,-1.0833,4.784,-4.3675,4.6587,-8.0415,2.1482,-9.3629,5.8392,3.2266,-8.0505,0.9817,5.9943,8.9006,-7.9656,7.8394,1.7096,-4.8765,-1.8139,-2.9839,5.4659,7.9497,4.0156,9.8886,-7.1573,-6.3402,3.3322,4.4656,8.3502,-6.2527,-3.4996,-2.2436,-3.6223,-8.5684,-5.4227,-6.3273,-9.0297,7.7902,-4.5179,7.2779,-1.5524,-2.8903,-6.3384,6.3623,9.9692,7.2947,-7.5081,-5.8319,8.5081,-0.0282,9.2271,8.2775,-9.0117,-7.0227,-9.1329,-0.6948,-8.3942,-9.4409,7.8793,-3.1882,1.4932,-8.6262,0.8053,-5.1133,-7.1652,-3.5554,-0.7589,-5.3548,3.7915,0.2413,0.0918,-0.0628,4.9946,-4.7251,-1.4651,-1.752,5.7149,-0.4128,0.1019,2.0781,-9.5152,2.9967,3.2926,-9.2754,-2.857,-3.4686,7.5526,9.9909,-0.1801,-2.8467,4.1709,0.4247,0.8389,6.9853,5.1661,8.661,5.8549,-1.4118,-3.5257,-6.069,6.5447,-5.1185,-8.0099,4.9059,-8.4431,6.9581,-6.2635,-3.2327,5.4951,0.188,6.9311,7.6266,9.9113,-1.0784,-1.6157,-6.3364,1.5957,-9.1494,7.9107,-1.4281,-9.1336,3.2777,3.7947,4.9327,2.8817,-5.1181,-4.4538,-2.6922,7.3934,5.2458,6.5236,-9.6138,5.1584,3.7935,-5.8161,6.5211,9.0786,8.6113,9.5808,8.4964,-1.9848,-1.6764,-5.1104,0.055,-7.1513
3.5213,-9.2873,-0.7718,-5.2118,-1.7591,9.1511,-9.3515,-3.2021,6.1922,9.3563,-3.6628,2.2273,-7.0422,3.2903,-2.6015,-5.3813,3.0075,4.9407,-8.2281,1.7816,2.3184,-9.5678,-2.1259,7.7055,-6.3774,-7.1754,-5.6675,9.9127,5.9824,9.552,-9.2387,-6.602,-8.9565,-5.3915,2.4558,-6.0646,1.8277,-1.0385,8.7693,-5.8095,-4.0441,-0.8434,4.8492,3.3684,8.4207,-4.9445,9.0417,-2.5484,-8.2895,-9.1214,-3.7629,-4.2743,2.6305,1.6408,8.6678,-6.824,8.2362,-0.0585,5.1844,3.0222,-8.5231,-6.4944,0.1968,-5.965,4.9778,-8.1441,9.7133,7.1273,-4.5845,5.1729,-4.3653,0.9742,9.669,0.5919,-0.0234,6.2462,-9.1862,9.0151,-5.4124,-3.5458,-9.0392,-2.0014,6.5796,3.1626,-8.4568,1.1812,-4.8771,4.809,4.3941,-7.7165,-2.6162,-6.4614,-1.1332,6.8751,2.7564,8.0719,-6.5704,4.3993,-6.0805,8.9281,-9.8604,-4.9342,0.2471,7.325,-8.5572,-5.3838,-2.6125,0.6173,-4.8872,-0.2603,-5.1245,6.2636,-4.2337,7.5807,5.5295,-4.479,6.6463,0.8698,5.0092,9.8158,8.1999,-5.7705,-9.4146,8.211,5.2326,3.7057,-1.3966,-2.5818,8.1167,6.3279,8.7147,-7.092,-3.5776,3.1128,-0.1163,-7.8377,-2.9915,3.0379,-9.4714,5.4065,1.4535,2.3231,8.1812,-1.6008,-5.8031,8.3323,4.9321,-8.5929,8.506,5.1717,6.3524,5.6675,6.2713,5.4849,-0.41,-3.6482,4.2968,0.8598,-1.962,4.7679,-8.9578,1.3634,4.4878,3.4012,0.9793,4.4139,9.3966,3.6366,-7.8796,-0.9784,1.9423,-0.2397,-3.1985,5.531,9.2011,5.5574,-8.5019,6.766,6.4229,-8.1912,-9.7765,6.1247,-4.4593,0.3898,-0.3987,6.395,1.963,8.0661,1.4746,8.8944,3.3196,-4.8397,-5.1538,8.6262,-4.158,7.1074,-8.0241,-1.0809,2.7069,8.9975
9.3237,-2.9815,7.5219,-5.9305,6.5566,5.3373,7.782,8.5856,-3.8997,-0.9046,8.5425,-5.3137,6.1701,-8.5047,4.4869,-4.8028,0.2843,5.6915,6.803,-6.404,-0.706,-5.281,-3.4798,-5.8801,-6.2362,2.2358,9.6735,-5.8708,9.3319,3.7158,1.8039,-5.9376,-9.7932,1.0067,-2.1069,0.6851,3.5733,-5.8983,-0.6966,-9.2102,-6.1084,7.7063,3.8712,7.9961,1.9806,2.6582,9.2015,5.323,-8.7926,-4.1921,1.0096,-3.2467,4.1431,-7.2465,8.8095,-6.4719,5.2952,8.0564,2.6714,-0.8504,-1.0808,-0.8714,2.7336,-4.6306,-5.4493,8.6316,6.7351,-9.8833,-0.1468,4.9914,-1.1032,9.2305,-0.4377,7.9704,4.3725,-9.7722,7.6924,-0.6839,-2.0958,9.4254,-2.3787,-5.4624,4.6044,2.6095,1.5984,-0.3791,6.3574,4.8036,2.5788,5.4603,8.4714,-3.1441,1.9621,5.5382,2.7566,-1.0689,0.2336,-8.5611,-4.3877,-5.0471,-7.9868,-7.1864,-1.3137,-1.175,-3.564,-1.6985,-7.6578,1.5036,-5.5459,-1.9709,-7.9239,-8.8433,7.0916,-7.0188,-0.5296,6.9399,2.8513,-3.6095,4.0868,8.4273,8.8397,4.4798,-7.2736,-5.4289,7.8652,-1.5628,5.3781,7.2062,3.7432,-0.334,-7.8577,-9.3374,5.3985,-9.8869,5.5117,2.3174,1.1027,-8.8029,-8.7048,8.8784,-9.0906,-0.3382,-6.7401,1.8186,0.8087,-6.9165,0.4302,4.7548,-7.101,8.2512,7.8387,6.2017,9.1174,-5.383,5.5444,-8.8152,-4.0021,3.0588,-5.1446,-0.654,-2.6541,-8.8469,2.2393,5.551,9.4179,2.8141,-8.9005,9.1068,0.8063,1.75,4.7951,-3.5512,2.7011,3.2902,3.6019,-7.1287,-9.9943,-2.7074,-0.763,-5.6709,9.4101,-8.6185,-0.2073,3.9526,0.9821,-4.3502,5.0544,-7.066,-5.4709,3.7942,-2.5887,-7.213,5.3942,-8.2671,-7.3439,1.64,7.8074,-0.8639,-3.0723,9.1746
8.888,-1.7533,4.7926,5.34,5.9748,-1.167,2.5491,1.7879,-6.6084,-1.5095,9.8249,-0.5911,-2.9369,-4.8264,-0.9783,3.2213,-8.3812,-9.94,-8.9693,-1.8194,6.6732,-4.8942,-5.1557,5.1126,7.1555,-7.6019,-4.3007,3.5652,0.632,9.0486,5.8709,-9.7744,2.6133,-9.1746,-1.7026,-9.9444,-7.1591,-7.1485,-4.5063,4.8585,5.9481,9.9425,6.0628,8.8834,-2.5203,-1.9791,2.0608,0.6916,6.999,7.3213,9.0765,5.4144,-9.3055,-4.2777,-5.0539,-6.009,-2.0574,0.7008,6.0448,1.8081,-6.3839,4.8072,4.1833,7.7855,7.9777,0.5931,-1.539,2.6911,2.685,1.5886,-1.8233,2.4092,5.7525,3.9805,-3.3739,-6.3955,-9.6825,-9.1801,-8.3066,-9.0676,-0.109,5.524,0.3599,-9.8573,-2.6704,-3.3022,-6.686,-5.1773,-7.0508,-6.0882,-8.9121,-3.4295,-8.7897,-3.4234,-7.6356,8.2727,-9.4761,-3.0493,-1.0803,-9.9231,8.2297,9.1414,6.8961,-1.1237,-9.8014,0.3703,-4.0497,7.6317,1.0218,-4.4554,4.6704,-9.2201,-7.827,-4.669,5.0008,5.8354,-6.2952,-7.2117,-8.9676,4.4363,6.9255,8.9119,-9.6491,-1.2897,6.164,1.9734,-4.3304,0.6179,7.3899,0.323,-1.1877,4.2518,4.107,2.7871,-6.106,-2.3996,5.1517,0.1686,-9.0141,-3.4562,9.1228,-2.2126,0.4499,2.7539,8.2813,-9.6231,3.2623,7.9074,-2.5212,7.8994,8.5993,9.7014,-2.6102,9.1783,-6.7377,5.5898,5.4793,-0.1039,-7.5849,-2.1409,-3.1077,-9.1932,-9.0478,3.2845,-2.2643,-9.0632,7.408,-3.6178,1.9211,-7.6254,0.0934,-6.8711,-6.1119,-9.6952,-8.7717,1.0015,8.464,6.6086,5.1734,-4.273,-9.8712,-0.73,2.2689,-9.9811,9.3779,-7.6016,-8.1355,0.4309,2.1279,8.5843,-3.0418,5.7085,6.9266,2.1286,-2.3695,-5.844,3.0343,8.1674,-9.3206,-8.2812
1.015,0.7535,3.3709,-4.6358,-9.8498,2.3857,-7.256,-0.1964,-1.1012,-9.6125,-5.9619,5.3126,-7.2181,-8.3439,-4.918,6.4705,-8.1053,9.7294,3.9604,2.7048,7.4958,-8.9168,1.9254,-6.2222,-0.343,-5.8434,4.9819,5.7447,0.834,7.0484,1.3317,-4.85,6.1872,-4.9227,-8.4174,-8.956,0.4183,6.0012,-5.2294,0.6708,-9.6273,-3.6515,2.3644,9.6145,-9.1228,-6.0559,2.8915,5.35,6.6153,-9.9734,4.808,-4.2002,1.98,-0.8881,-5.0346,4.3413,-6.8118,3.6794,7.8219,-2.7502,-8.4243,1.6058,-3.9081,1.2664,-2.8149,0.2619,-7.0551,-4.9901,3.0996,-2.7233,0.5151,6.6965,-8.3972,2.3712,1.015,7.4777,7.4382,3.2457,-4.3124,4.3998,-1.0947,-6.7031,-9.111,8.0779,-6.1722,5.0251,-8.0292,4.4755,4.2209,5.0371,-1.0905,6.5844,5.6699,1.4111,7.4077,-9.2039,2.3,3.2037,7.3648,8.3966,-6.554,8.625,6.0212,7.3977,2.9823,8.2737,1.159,6.7391,-0.4579,-2.3983,7.2526,-0.0656,-0.9727,1.2108,-0.393,0.6608,3.0807,-5.3694,3.9897,3.3962,-5.5407,0.3752,-7.3202,4.6264,-5.751,1.3561,2.1045,-9.9807,9.4331,-4.6363,8.5028,3.0717,-9.0271,-0.9559,-4.3298,-6.0644,1.9742,-9.8498,-3.9569,5.4303,1.1961,-7.1076,1.815,-8.713,-7.8612,6.3674,3.3442,-6.4035,1.7005,9.3958,4.4179,6.4558,-0.112,-9.5407,4.7172,1.0578,-9.7115,2.0544,-0.307,7.1962,-1.2169,-7.818,9.3587,-0.198,-3.405,1.6277,-7.2999,0.093,-0.1252,-4.1385,4.8423,-6.2827,-2.193,-3.4517,5.547,0.8888,-8.7979,1.8092,-2.2538,5.5005,-9.7122,-7.9262,-4.9276,-0.2548,-3.1245,-7.6106,4.9893,-5.8294,9.6558,-0.5729,0.2299,4.763,6.0733,-7.0833,3.5737,-4.4904,-8.5057,-0.9968,6.3936,6.419
-6.9967,-0.5745,1.6724,1.8821,-6.5939,7.4487,1.83,-7.8205,-2.2543,4.6909,-1.3082,-5.0772,-2.1999,-8.8365,7.8664,9.0208,-3.3913,-6.5988,0.911,-2.3462,-0.9931,7.7072,3.7874,-6.0279,-9.4919,4.6152,-3.4899,-0.9436,-5.369,5.9283,-9.6584,-0.0176,-1.5265,9.2241,4.4692,4.3699,-2.5632,-4.377,0.6634,5.6669,-3.3058,3.0855,2.0486,1.4718,2.4489,-1.6791,2.4462,-1.9728,-2.5927,-6.097,-0.7526,9.8927,8.9134,7.102,-9.3642,5.582,-5.6681,-9.5851,-5.5619,-5.2591,-9.3298,-2.9701,-3.1333,4.8794,-7.867,1.018,7.3717,-0.2393,1.7336,6.9851,-8.3437,-8.6404,-7.817,6.5363,7.4216,-7.8441,1.0478,3.1474,7.4951,-2.6701,2.4096,-1.455,1.3196,3.1353,-4.2531,3.2729,7.234,8.3382,-0.2811,-5.1199,-6.8472,1.2129,-4.657,6.7848,8.7572,-9.828,5.9645,8.78,-2.8493,7.0496,-0.4633,0.5221,-0.8936,8.7949,4.3425,7.0772,-8.2759,-9.8164,-9.7349,0.1104,5.0677,7.7611,-0.2205,-5.4382,-3.9193,1.2428,-9.317,-9.2131,-1.5534,1.3897,-3.7585,-6.8989,-3.6967,-2.1993,-0.6559,3.9944,4.3312,5.2367,1.7251,-9.2862,-7.768,-0.254,3.7361,-7.052,6.7881,-0.5889,9.2127,8.8829,-2.0969,8.9545,2.0725,3.7489,-8.5565,1.0997,-9.5944,-7.9251,0.0465,-5.9709,4.7777,4.2337,-2.3302,4.4644,0.4797,-6.0619,-4.9167,5.3682,-4.6203,5.2357,7.2183,-9.8929,0.0895,-9.814,-8.3711,2.5928,2.967,3.6527,-4.6644,6.2614,5.4732,6.2965,8.2155,-6.2829,-3.6454,-1.7565,5.2221,1.348,-4.0315,4.3495,-7.5509,-5.1941,-5.4955,5.0834,-7.0714,7.0504,-2.0991,3.4217,2.2019,8.4246,-4.8971,0.4615,5.3084,7.3636,-2.9255,7.318,1.0803,-2.5759,2.7918,7.1589,-0.2334,0.2808
2.4655,4.3347,-4.5279,7.8734,5.1156,1.6563,4.581,1.3509,-6.5869,2.0196,-9.2002,3.3847,6.1243,2.0319,-6.3702,-1.5738,-4.5175,-6.7551,-4.5064,7.391,-2.6536,5.6094,-2.4162,1.9116,-9.8452,-8.5945,6.4664,2.1571,-5.2176,0.3601,-6.5638,9.204,6.2972,-5.307,2.1692,4.1781,7.3513,-6.4385,9.89,-5.9869,0.8659,-6.9818,-4.331,-9.6081,-6.7268,-6.1466,8.4935,-3.722,-1.0453,7.995,-8.1679,-1.119,8.4393,6.4367,-5.4799,8.6756,-0.5657,-0.0331,3.5811,-8.3696,-0.2903,0.3933,9.7575,8.624,6.1348,-3.1548,-6.4307,-9.1414,-9.0519,6.5057,9.3103,-5.3122,9.05,9.0627,-6.163,3.9594,-8.0148,-0.4166,9.8207,2.7618,4.1721,-7.649,3.1233,0.1561,5.0129,-6.0833,4.1344,9.2138,-3.1535,8.9594,-5.726,-4.7054,1.5714,7.1427,0.2352,7.7165,3.0071,-9.8509,3.2773,5.1833,-5.1806,9.3725,1.1043,4.4116,-6.1023,-3.6659,-8.2101,-2.2018,8.4656,-9.7379,-8.4419,-0.3649,6.8328,-6.0985,-7.7882,5.0092,-0.3699,-3.5019,5.0053,3.7568,6.7775,-5.9919,7.5173,0.0682,-4.5606,-3.5963,0.2204,-4.588,7.5929,-3.7378,-1.7636,4.1662,-6.459,2.6889,1.7294,2.5893,-4.9967,8.0517,7.8891,7.0097,6.8698,3.1055,-0.4455,-4.0473,2.0363,-7.1765,-5.0428,-6.3693,-3.2183,6.0229,0.6276,-6.3254,-2.6999,1.1281,-7.2181,3.6492,8.5796,-1.867,-1.7334,-9.2911,2.6853,-7.0598,-0.6948,2.8388,-8.5373,-1.6088,3.6872,1.6169,6.1285,-8.7096,-5.1845,-1.5294,-8.8042,2.2879,-4.3548,0.4077,3.4106,8.8612,-6.2863,1.5394,-5.2992,-4.9558,9.9621,-8.2887,-1.0495,4.4487,-2.4581,-9.98,-4.0409,-0.9815,2.1131,-6.2118,4.3818,8.336,-1.7928,-0.4377,-2.9582,3.4495,-6.1625,7.3926
8.9471,9.1397,9.4821,-5.0432,9.2992,-5.0866,6.7591,-7.259,-2.2913,-8.6955,2.9501,7.4544,-2.5236,8.5085,6.9478,6.018,9.0412,0.6793,-8.9874,-1.5499,-2.6957,8.5183,1.5585,9.6102,-0.6273,-4.3827,7.3695,-3.2004,9.06,-3.1162,6.7535,9.5695,-4.4114,-0.8528,3.7099,1.352,-6.6489,-8.1318,9.6734,-2.6647,-6.4017,4.0756,8.8102,-1.3743,8.9099,6.9522,-4.5108,-3.9705,-1.9341,-7.1853,-7.7608,-1.6784,1.3964,7.1926,9.2013,-1.6567,-0.3838,-6.0078,0.6737,-5.2177,-1.4605,-2.5585,-7.8032,-7.0858,4.0089,-8.2384,2.3135,-9.9537,9.8703,3.3019,-7.4652,3.0263,9.727,2.8608,1.5254,4.5472,0.7812,-3.1262,-6.6279,6.0524,-6.0847,-5.3371,1.6179,0.693,1.0035,-7.3649,1.0053,-3.8489,-3.4424,4.1193,2.7608,-6.5445,-4.7819,-2.5841,-2.4928,0.4458,4.2581,5.7711,-3.5142,-6.198,-9.676,-2.6418,8.8363,-4.9183,-3.4874,2.8693,2.4609,-0.8793,3.0369,-1.0441,-8.2827,2.0525,3.9295,3.3477,4.4047,3.0853,-0.0481,-0.9707,-1.2586,4.4711,2.449,2.7383,-2.9542,9.698,-1.0937,1.2187,-4.7334,-3.2511,-8.8096,4.0065,9.6715,-2.262,2.2269,8.4927,2.2067,3.7072,4.6985,5.6575,3.0599,-0.5873,9.1523,1.5844,-5.3387,-6.2361,1.223,-6.4021,-5.2471,1.7469,4.225,5.1661,8.1504,-3.569,2.8434,-9.9953,-3.0297,-5.6237,-9.6774,-8.626,6.5717,-8.842,1.7342,0.484,-7.6639,2.9618,4.0392,-0.2206,4.2321,-6.5276,-8.7817,4.208,4.6207,9.8413,3.0851,9.3706,5.3646,-7.4025,-0.5646,6.1279,-7.2788,6.1897,6.0688,3.9264,1.8096,4.4868,-1.3972,-8.4836,-0.9694,-6.8295,-7.8188,-3.5836,-3.5153,-8.3355,4.2776,7.8544,1.4009,2.5907,9.7522,-3.9036,3.3739,-6.6249
-0.1922,2.7511,-0.5452,-6.2408,-1.5394,2.506,0.2898,5.9441,5.3444,-6.4435,-6.3825,5.307,-2.2376,2.8371,-8.2854,6.9083,-5.6129,-1.1775,-1.1321,-7.0179,8.0436,-6.6906,-9.0674,-7.4287,-3.2986,6.0931,-1.5093,6.9273,8.9157,4.2483,-5.2754,-5.1725,-4.8431,-6.6108,3.501,-0.8247,-9.2979,6.5085,-6.2192,-0.4219,5.008,2.4352,7.3295,-7.0557,9.0857,4.8622,5.8101,1.6005,0.694,9.0587,-1.7558,-9.3894,-3.3438,7.4268,2.5035,3.5992,-6.8774,6.1919,9.8217,2.7535,9.5726,1.7051,6.7288,7.3469,-1.9995,2.9081,6.3069,2.3612,1.1104,-1.8844,2.9661,9.6959,0.2261,5.3249,8.1025,-9.8727,0.1759,9.441,5.2986,-7.0475,4.9026,1.7382,-4.8341,-6.85,1.3103,-1.3213,-4.5243,9.3271,-9.5404,4.8745,9.0889,-9.1781,-5.2349,6.9737,3.4677,0.8225,6.5014,7.1937,3.5461,5.1409,9.6791,4.6796,-5.3851,-8.7489,-4.0681,5.1768,0.0204,5.9343,1.324,-4.4058,-8.3631,-9.2548,8.266,2.2859,5.5344,-0.3886,-7.0099,-9.9193,4.5951,9.4068,9.3669,8.8556,-7.4248,-7.4374,5.445,-4.7385,2.1345,-4.7594,-6.5065,-9.7073,-6.1834,1.9849,-6.9026,4.9383,-1.1119,-1.9902,-7.6815,-4.8976,-4.1321,4.794,-4.5772,-7.391,-1.2633,-5.2481,-8.6873,8.906,9.8295,-3.4981,-6.7537,-5.6283,-0.3446,3.02,3.5811,4.3046,6.3095,1.3232,0.2735,-3.3204,1.4671,-1.5884,-4.7417,-2.4893,8.7231,-2.4803,1.0646,-5.3118,-9.891,-8.1954,6.4629,-5.9561,-4.5997,-2.1081,-2.1654,-8.9618,2.6629,-4.2934,-1.3601,-5.1676,-2.0835,-7.1797,-8.2611,4.2122,6.1064,-1.0609,8.1829,-1.4697,8.4824,4.6995,-4.6147,1.1968,-7.9587,-9.3225,9.9006,7.8439,-7.173,1.0022,-7.4087,4.0602,-9.2401,9.6097
4.1849,4.342,3.2619,-3.1207,4.876,-4.0653,-4.4279,4.4142,7.0964,-5.0674,-6.8012,-1.8974,3.0667,-5.4976,-7.1302,9.3557,2.7228,9.545,6.4212,-4.935,4.1447,6.6346,-6.2485,0.3112,-3.6943,2.7519,3.893,3.8237,-7.3612,9.0513,4.5494,-9.2849,2.2218,5.3811,3.1965,4.4707,4.7028,-4.7731,-8.4516,6.6589,-8.1208,6.2234,4.1736,3.6166,1.1653,-9.2751,-4.9049,-7.0455,-8.3457,-2.4443,-0.6821,-1.9724,-7.5359,-8.482,5.723,-2.7206,2.003,8.5151,-5.2895,-0.6829,0.2406,3.215,6.305,-1.8861,6.6971,7.8402,7.2009,2.1326,-8.5723,-5.6703,-6.3735,6.4784,8.2779,-9.4843,-7.348,2.4673,-8.1671,2.8168,-9.5895,-4.1199,0.9876,6.3362,-7.6796,1.2571,-6.9293,-6.0043,-9.3105,0.9332,-2.7733,-3.5359,-2.9916,-1.3929,9.6586,1.1676,8.4757,-5.2763,4.9118,9.2005,-4.1044,5.0682,-3.6721,-6.6366,1.4406,6.5532,4.9778,5.1963,6.3338,-3.1472,5.7923,-0.7369,-3.8435,-7.2387,8.7109,7.616,7.2684,4.8334,-1.7707,-8.116,-5.0644,4.516,-9.7915,-0.3893,-8.2528,-1.0838,5.9763,-6.9264,-2.0154,3.4391,-7.9327,-6.3131,-4.6304,-1.7589,-0.9039,0.8935,1.3535,-7.2299,-4.7752,9.3416,-7.7414,6.7581,6.499,8.2172,0.0225,9.5317,-2.3964,-2.2433,0.8616,-6.4763,0.0632,-1.5548,-8.6135,2.9095,-9.903,3.9292,-9.5798,-1.3559,-1.4797,-0.7268,-0.3652,3.3045,5.595,9.7208,0.5495,-6.4463,8.9225,-3.0536,4.1994,-8.7162,9.0114,6.944,5.1514,7.3559,-6.0773,2.8327,3.2411,-0.6368,-9.5354,-3.6658,3.9375,2.3191,8.5493,-7.1596,-3.3586,-2.7674,2.2614,-5.857,-8.7402,1.5808,-3.6408,8.0371,7.5645,-2.5001,-1.4314,9.7226,6.6762,-8.3362,2.3786,8.6032,-1.7888,6.3726
6.4761,-6.076,-3.3786,7.4698,7.5318,-8.7667,4.0798,-9.5249,9.266,9.0429,-8.1327,-2.3835,-1.9701,-9.5841,1.4935,-1.4915,9.0551,-3.5981,2.4779,-5.1797,-4.6242,-6.3209,-1.9806,-5.2107,-9.2548,-4.1703,-1.6,-4.7626,-1.1842,8.6486,8.1745,0.892,-9.765,4.2817,4.0659,9.7641,-9.2896,2.871,-4.3316,6.6695,-1.2841,-8.7659,0.951,-9.9313,1.4454,-2.0036,5.8442,8.0719,1.6127,-2.7459,-8.9214,0.2416,0.1705,6.4215,1.3889,-9.394,-6.1305,1.4834,-0.3701,-9.3868,-5.5874,9.9778,-9.2845,-6.2399,-7.1727,4.2567,-7.3641,6.8234,2.3074,2.1509,2.9316,1.0506,7.9443,-3.2928,2.0003,2.2804,-9.039,3.4881,-6.5336,0.5624,6.4309,1.65,2.9995,-6.8429,6.4134,4.5626,-3.6958,6.6094,9.5154,-0.9886,7.5032,0.1245,-8.1705,-6.3753,2.4405,-9.6567,-7.9613,5.8198,-8.0738,-2.2989,6.149,-4.9292,0.8261,3.5743,6.6518,5.2443,-5.6118,6.4554,2.9123,0.9075,1.2336,7.6995,-5.4933,8.2962,-7.4223,-7.5448,0.2247,9.5077,8.1722,3.2222,6.7851,-0.2645,-7.5092,9.5075,-5.7061,2.3383,3.5259,-0.3168,-7.0993,8.3754,-2.9598,-2.7629,1.3757,8.3305,-7.0541,9.5303,8.4824,-4.4534,-0.8531,-2.4456,-5.4794,-8.1187,-4.4738,-8.5333,4.3942,-5.3024,-7.7922,9.3416,-4.1939,-7.6897,-5.4004,-2.3546,1.3429,4.2784,7.5358,7.6403,-1.7528,3.3481,3.1903,0.9498,1.7787,-1.054,-1.1334,-6.9256,2.0914,-4.7386,-7.7387,-5.4049,-6.4022,-8.2179,-6.4809,9.9406,3.682,-5.1142,-3.3983,6.4332,7.6254,-4.6672,-9.3478,0.8786,7.5257,-7.1604,-4.2079,-1.3704,2.7796,-2.8486,-4.6223,1.0254,-7.9962,-6.5502,8.2193,-0.661,-0.3559,0.4559,1.989,-4.8518,-3.6578,-0.3735,-8.2771,-6.3494
9.4557,6.0805,-8.3238,0.8781,4.6745,3.6039,-8.9264,-6.8289,9.6633,0.0439,-5.7462,-4.5857,5.0779,3.6634,-5.7454,1.6334,-5.1464,4.4096,9.8021,0.4361,7.5464,4.2222,-0.6786,7.6254,-4.2182,0.8569,5.6101,7.7497,-7.2708,-2.0672,-6.5285,-3.378,-4.1614,6.5415,3.3052,5.7369,1.2023,7.8328,3.8864,1.5049,-3.1501,-1.3756,-7.1238,0.9257,2.9281,-0.1616,0.9582,2.8093,8.5611,6.4298,-2.6544,2.093,2.5641,2.7379,-0.971,9.4758,6.0497,9.2827,6.0007,-1.8701,7.2684,0.9495,-9.9317,2.3794,7.2838,2.0066,-4.595,1.2542,-9.4264,8.2988,1.237,8.0084,-6.8903,4.2395,-8.1641,2.9603,-7.9593,-4.9127,4.2272,0.6416,-4.7886,1.458,8.1706,4.7164,3.894,-4.7472,-3.8993,6.2709,-7.7505,7.9859,5.4591,-4.5554,-3.6421,-8.9591,9.8957,-4.0214,-6.6392,2.761,4.6604,5.2244,0.3505,5.2532,3.4216,-7.7259,-7.5228,7.1471,9.8333,-5.5312,-7.6162,3.6224,-7.8912,5.3325,-5.5158,-2.9892,6.2553,-2.5512,3.87,-0.7813,0.2318,8.2628,0.7004,6.1785,-7.5772,-6.966,0.0944,-3.7152,3.4535,9.7507,-7.2869,-3.6325,6.8439,6.2668,4.0514,9.6382,-8.049,-5.6387,-4.4452,6.5101,3.1692,-2.3065,-4.2629,6.8496,3.5864,-7.1721,7.7789,8.6628,-6.0158,-5.4448,-9.0453,7.29,-8.3375,-5.9949,-8.892,7.0397,-8.9371,-5.6407,1.7657,1.9846,5.8566,3.6651,-5.4916,4.7986,6.7268,9.0007,5.6422,-9.9542,2.2028,-4.9504,7.7629,-0.7629,5.4899,-9.4256,5.3146,1.3622,9.3057,5.5918,0.2606,3.8262,3.1471,9.619,-5.8578,3.487,-1.736,7.4008,-0.5312,-4.5891,-7.3255,-5.5719,-2.9383,-5.3809,-1.0871,6.4457,5.4847,0.3055,-7.6933,-5.2882,-3.4272,-7.6003,-1.1357,9.3517
6.5073,-7.1244,9.1074,-4.5541,-9.5373,-0.2112,7.0636,5.5098,2.1132,-8.8736,9.3624,-0.0355,-5.9423,9.3562,4.639,9.0165,5.9553,-9.1188,9.5598,4.8203,-9.0336,1.8835,2.801,-4.9382,-2.5849,-1.9382,8.0233,4.6071,2.2958,-6.5907,-7.7706,7.9434,7.3725,5.1654,-9.5805,8.5906,-6.4774,-3.6134,-0.8372,3.9018,-2.9686,-4.529,5.7344,5.4802,-3.9164,3.3188,-3.3566,0.837,-3.5048,-5.3152,4.0589,-7.5042,-9.0929,-3.8425,-9.0545,-7.0178,3.9474,0.4794,5.5512,5.0598,3.6131,-0.6342,-2.7003,-5.3735,-9.0047,2.241,-6.7372,7.9189,-7.4278,7.4906,6.0155,2.2913,7.8106,-9.4903,1.312,-9.3413,-3.9046,9.0914,5.8147,-5.2527,-0.7947,9.6715,5.2485,-6.6845,-8.1193,-6.3121,-1.8853,0.0622,3.3808,-4.4577,4.1168,3.5059,6.4784,-6.1559,-1.0457,-3.4406,5.8318,0.8346,-5.5287,-3.3299,6.342,3.8949,1.2063,0.9042,-3.4994,-6.239,7.1379,-1.2267,9.966,-2.8373,0.2229,6.9735,-7.325,-2.183,3.3997,-4.6986,-7.9544,0.6779,-7.283,-7.0602,6.2248,-2.4835,0.9584,-7.3394,-1.3305,-4.7567,-7.3969,4.9026,-3.5125,-4.3237,8.7901,-8.1349,5.0752,-6.1593,-8.8414,3.7138,-0.2822,5.9931,7.1716,-3.7678,-8.6833,-6.0209,-0.9481,-3.2444,-5.0919,0.5379,5.8888,7.1012,1.533,-5.6579,-0.899,-6.8094,-0.2144,-4.9188,-1.479,5.6096,9.1498,-5.2057,4.2028,-6.193,8.5179,6.8098,8.2402,-3.4881,-4.5594,8.0336,-5.9846,5.9249,7.6718,4.9883,-6.6116,-9.6803,-9.7091,-5.875,0.5376,4.2439,8.3793,3.6591,2.1959,7.901,6.8111,-1.6682,2.6851,-8.2282,-1.7155,4.1484,4.6426,-7.1304,-0.6649,-0.1743,4.9339,-6.2827,-2.2334,6.1281,4.7599,4.0263,9.2492,4.225,9.2734,-4.1269
-2.6652,-5.2596,-1.3007,1.4892,-6.1776,-9.7374,-0.5291,7.9152,9.4168,-0.4137,-0.5502,-4.1479,-4.4712,-7.003,9.5692,-9.841,-1.4015,0.0806,4.9178,-1.9756,9.4784,-5.6328,3.0108,6.6934,4.0648,-4.7094,-7.0605,6.779,-6.0268,-5.3047,-9.7712,6.4124,-5.4668,2.439,9.4432,-0.1393,7.4953,-5.4432,-9.4292,-5.3306,2.4551,-4.6233,-8.9498,-9.1249,-7.8773,9.4016,9.0606,-0.0922,-5.3466,4.4515,-2.2802,0.5993,-6.859,6.2255,-9.8417,1.6509,-1.5809,3.1916,4.218,-4.8587,-3.1846,-9.3244,-0.5746,-6.7527,-7.0212,6.613,8.0894,-8.2617,1.6708,-5.4415,-3.8638,-6.2897,-2.7977,7.5901,7.3572,-4.4521,2.3764,-0.6341,-3.6045,8.0269,-6.9319,0.0519,0.8953,-8.2676,7.559,-4.3541,2.4091,-4.0502,-5.4285,-4.5627,8.7618,-9.5416,-7.2552,2.1036,-3.3263,-6.0731,9.726,-0.1626,9.6163,-0.6087,-2.7309,7.3929,6.6615,5.276,-6.5969,-9.2071,-9.4637,-6.2317,-5.8548,-4.7513,-1.0048,3.9782,5.6606,-1.2337,-9.7987,7.4647,7.9612,7.2713,-4.8634,8.128,-4.6359,5.1354,-1.1014,-0.8372,0.1717,0.3747,2.7963,7.411,-8.2221,-7.552,8.4078,-4.7233,-6.3197,8.542,5.0255,-4.4721,7.5208,7.148,1.8688,-4.1197,-9.6924,-1.517,6.305,-4.9783,-9.1993,-2.5639,2.3931,0.7304,5.1242,3.0959,-2.3345,6.3231,-3.4005,4.5782,-5.2708,6.812,8.9998,9.5338,8.7989,-9.2231,-8.2287,-0.325,-7.1596,-2.5414,-4.8422,-9.3194,2.9555,-6.0395,3.5468,7.141,0.0919,4.0178,0.5006,-9.8587,-5.8167,-9.2651,-1.27,7.0292,-3.2695,1.0705,-0.8416,3.6365,3.1694,9.6247,9.6767,-8.1434,1.604,3.3848,3.4271,-0.6242,-1.3068,5.5553,8.9511,3.6064,-1.177,-2.1792,2.2599,-9.8873,-9.2847,-0.8993
-4.0116,6.3936,6.5859,4.9054,9.3546,-2.0237,6.3761,-2.1736,-6.4637,1.7519,9.4681,4.8074,-4.9472,0.1767,-3.4298,7.2813,9.7145,-6.3237,-3.1557,8.182,7.9595,-7.748,4.9721,-0.6291,0.6463,-4.5312,5.6974,8.6423,-0.831,-5.2492,0.1821,-8.7263,6.3922,-2.3905,-5.615,-3.6633,9.4604,9.7317,-4.5781,-5.0133,8.0319,1.3823,-6.5766,3.9311,-3.4589,-4.2661,-5.4251,-0.8721,9.7855,1.2717,-5.9521,4.1606,-8.1589,5.2964,-0.2725,-6.4573,-7.4741,-9.3052,-1.342,-9.453,-1.0873,5.1352,-0.8183,-4.5229,-3.5658,-0.4821,-8.9879,-2.119,-9.8988,-2.7066,-6.9916,6.4562,-6.5932,-0.4229,-6.6822,4.7002,-5.0632,-6.7508,1.1342,5.0266,9.7198,-1.8264,2.7275,-4.3915,4.6831,0.3392,-2.1656,8.1831,6.106,-1.6775,0.504,6.3615,-8.8351,-3.4141,9.5601,8.5193,9.5605,5.6173,-2.2815,3.7687,3.9342,2.1762,7.365,4.1192,-5.588,8.2066,0.9234,0.5453,4.7495,5.4742,0.6944,9.9108,-4.1377,4.0845,5.9102,0.4166,1.9587,8.7787,-8.2233,-6.0085,5.4079,9.8757,0.9788,-2.9746,-2.3089,3.1648,4.3597,-2.6574,-0.2447,9.8057,1.2511,-4.5733,2.1559,6.6887,-7.1612,-2.357,0.3606,-9.496,-1.8383,-4.198,7.5288,-8.7655,-9.0613,1.6919,6.8397,-4.3341,5.3704,-3.0074,2.6323,-0.8815,4.2694,1.185,9.8694,4.3531,-0.1202,7.8743,-8.257,0.1332,2.2373,7.9344,6.8962,1.0641,2.5764,-3.651,-0.4343,8.9098,6.2485,6.735,5.1375,3.0237,4.0613,6.1432,-0.1101,5.7494,0.5251,-2.8206,-1.9228,9.1952,-3.0897,-8.877,4.6102,4.2946,-2.6116,-5.6526,0.3851,9.5139,9.6641,0.4738,-6.0283,2.1789,3.3859,-7.5323,2.9298,4.9299,-8.591,-4.2621,5.767,-6.3627,8.898,6.4825
8.8222,-4.4394,3.307,7.0269,2.4609,6.3262,0.3146,9.0537,-3.7116,2.676,0.9742,9.7829,7.792,2.5069,-7.645,7.2789,7.5119,8.9021,2.205,-0.2777,-1.81,-2.3734,0.0629,-5.9223,-8.2096,5.7509,5.6351,5.6509,3.9275,-5.6409,0.6916,-7.0061,5.1619,9.9993,-8.5418,-4.767,2.3738,3.6983,-5.8398,-7.0274,-8.897,4.86,-5.396,2.1822,-7.6758,-4.8262,-2.0239,-0.3656,-7.6251,4.8895,-5.2285,-7.979,6.3989,-0.5364,9.0654,-0.0306,-4.8808,-5.941,7.5945,8.1147,0.9789,-9.1584,6.244,4.6459,7.5087,9.578,-2.652,-6.6836,-5.2736,-3.6788,5.5923,-7.4296,4.713,9.2596,4.3786,5.0308,0.0414,-2.226,-1.0784,3.5902,-1.6963,-5.4213,7.031,-1.36,-5.3758,-6.579,-2.5525,-2.9746,8.5906,-7.7763,-4.3094,6.4316,5.6865,3.1857,1.2967,3.7761,1.9383,3.3263,0.1746,0.4728,-9.4677,9.3474,5.0769,7.6572,9.4544,0.6553,-2.1024,0.3853,-2.5402,-7.4515,3.9918,-7.4936,-8.0328,3.572,-9.9235,-8.9922,7.1962,-1.8843,5.0483,-5.8168,-3.8016,-0.3994,-6.7654,-7.064,-8.2064,-4.0345,-9.7391,-4.1219,2.8939,-3.1009,-0.6112,9.8247,-7.8209,2.1899,-6.0432,-8.8262,-0.5253,5.2344,6.3272,-7.2456,-0.3408,-8.0004,7.5461,3.6859,-1.7743,6.4696,2.8031,-8.8298,-1.0411,8.5381,-8.2084,-9.0398,0.6876,-0.9958,-7.1769,-9.1066,6.4972,-1.4861,3.8581,6.6135,-3.9418,-2.4604,5.3804,1.6239,7.3586,2.5311,-0.7364,1.259,2.7997,4.2087,-7.9177,3.0951,-7.076,2.6457,-0.3623,-2.8756,2.4323,-9.808,8.5672,-5.1849,1.8018,0.8761,-1.1075,9.6649,-7.6291,-0.338,4.1114,-9.4054,0.6423,7.7946,-9.7653,-8.5501,-6.7656,7.0464,3.3058,-1.6398,-2.7163,8.9506,8.1776,0.2542
0.3258,6.124,-2.7544,-5.2314,-5.0087,-6.3784,3.7723,-7.7541,-6.1597,-7.96,6.4862,-9.7062,-8.3672,7.172,1.3944,-6.0289,2.2793,-0.9315,1.259,6.518,5.1821,5.158,8.6919,-9.4933,-4.3585,-8.522,-4.8905,-4.9609,4.2418,1.8753,9.7121,7.6403,9.9,5.1762,5.6638,1.4304,-6.4758,0.2218,-3.0038,-8.462,9.4827,1.6232,3.6574,5.2911,2.6078,-8.0398,6.0529,-3.0219,-6.8745,1.1395,-6.3106,0.8425,5.1612,-5.8726,1.4231,-4.1326,6.551,-3.528,-6.157,-5.9245,-8.6767,-1.8817,5.9264,2.0917,2.3553,0.7387,7.1796,-0.3709,9.9701,2.1166,-6.7944,-1.7836,-7.2162,-3.0507,-5.0435,6.6005,-7.6976,-9.3175,-0.2237,-1.314,-8.2076,-8.6727,-3.943,-6.792,-3.5085,3.6687,9.1758,2.1017,0.816,1.8311,-4.2042,-9.1631,4.824,-9.6185,-4.5496,9.4923,2.53,4.9763,-6.811,-3.7236,-5.381,-0.7658,-4.0386,7.8709,-8.0327,1.9003,0.3578,-3.62,2.3768,3.109,-6.8828,3.5292,8.8351,-7.0095,6.8559,-7.4979,9.5193,-3.5067,-6.2877,8.736,-5.5119,-0.3562,-8.2423,-6.7649,1.8561,1.3231,-3.1527,4.4169,-8.5504,-7.5528,-9.9679,-3.006,-6.1126,-7.5103,-1.9441,5.1506,2.4801,-0.8251,1.1158,-2.8608,-4.7258,8.1448,1.4323,-3.7581,7.5099,3.7522,0.9972,-2.091,-0.58,-6.6634,0.4053,-0.6627,6.41,-6.5721,-8.803,2.2311,-8.3202,6.9558,7.2315,-0.1743,-4.0787,1.1356,5.0593,-1.6839,9.3772,-7.9472,6.7512,-8.0621,-8.4086,6.6053,-8.5224,-3.9524,-4.5248,-3.0104,-2.6245,0.895,-2.3914,-6.1816,3.6963,-2.1432,-6.9917,-8.073,-9.0349,6.3083,-5.7015,7.7569,-8.9283,-0.8547,7.1684,-6.3095,8.2262,-0.2403,-9.4894,4.6609,8.5754,5.8953,6.5169,9.6225,6.7288,9.2203
1.3632,-5.9568,7.4286,-9.8033,-2.2848,4.388,-5.2948,5.6825,3.3552,5.4711,-9.7986,7.0445,-0.5189,-6.6251,-3.8996,-8.2516,-5.7345,0.1803,3.5732,9.0164,9.9459,-0.5764,-6.3674,-9.443,8.1899,-0.5544,3.9318,-5.2804,-9.6744,-3.6288,4.1565,-4.5566,7.3462,-4.4523,-7.8662,-7.8524,-3.8186,-0.2093,6.0718,-1.3745,9.6273,7.5782,-2.2641,4.5806,5.3605,8.9421,4.1576,8.906,-7.4603,-8.6539,-8.5055,9.999,4.7905,5.2217,0.2756,5.0183,-7.851,-6.2,-6.0694,-2.2443,-7.4226,4.2415,-7.1982,6.3513,8.041,-1.4899,-0.3207,0.7884,2.8449,-9.8834,1.7543,3.6985,-8.9989,-7.5283,-6.6013,9.3567,-7.3824,-2.0818,8.0474,8.8345,9.1359,9.1497,6.4604,-9.0094,0.7089,-0.7509,-7.5251,8.3909,9.4061,3.8247,-2.1285,9.6396,-7.8151,3.4324,6.3218,0.2028,-6.5853,7.5897,-2.0374,-3.5252,-4.1043,-0.0307,-6.4176,9.808,4.3488,2.2608,6.1296,9.4865,-2.6828,5.1166,5.8538,4.5013,8.6462,2.8326,-2.2529,-4.6956,-1.7993,-2.7945,1.9849,-1.5854,4.278,9.547,-3.076,3.7284,-1.0966,-1.5626,3.3965,-7.6472,3.1643,-0.9018,5.7611,-6.8744,-9.9401,-4.5218,-4.3246,-3.5968,7.5875,7.8493,-8.3156,-7.5009,-0.275,-3.4812,2.0015,-7.4861,-2.3351,1.2374,-2.883,2.9395,-5.6845,6.1483,-1.9611,-3.7141,-8.0966,5.7538,-6.3017,7.2696,9.9643,2.7298,9.3502,-1.6112,1.4661,5.3978,0.879,1.7375,5.6305,0.1066,7.0911,6.6021,7.4486,3.5047,3.6763,1.5981,-0.1063,4.2142,-7.391,1.3322,3.9674,4.861,-9.7058,-4.6779,2.6634,-0.6204,-5.519,-2.2348,-0.9414,7.0112,-4.0191,-6.3334,5.3953,-0.1409,0.1704,-1.9096,6.9178,7.137,-2.2521,-6.3681,5.9962,-9.9211,-7.9075,-8.158
2.6344,-6.5746,6.5823,-4.693,8.7049,8.0351,4.191,-4.9489,-9.4365,6.8491,-9.2383,6.9255,-7.6725,-3.4767,-5.0264,-2.2068,-3.9577,-3.2919,7.1821,1.5447,3.5971,-7.9639,0.0228,-7.6701,2.1773,0.5356,5.6205,-1.6995,-9.6998,8.6136,3.5127,1.2773,3.5401,-4.1072,-8.3821,-5.936,8.495,-8.8685,-5.3438,-6.6583,-3.4172,-7.1921,9.0659,1.5998,-9.3736,-1.4771,6.0775,-3.5842,5.221,-8.2533,-2.2211,0.9387,6.234,-6.6777,-9.1711,-3.7358,-4.5421,2.7069,-8.4036,-3.4304,-6.8307,0.4519,3.2852,2.8585,-5.2714,-1.2697,0.4303,-0.5356,-6.6851,-8.7738,-7.7138,0.4909,3.2561,2.7121,-1.0509,-2.6604,3.5022,-7.9253,3.882,9.8987,6.0916,-3.1483,0.2861,1.3693,-9.1183,6.4352,-2.0384,8.4333,-7.0095,-1.369,-2.45,-2.18,-1.3435,4.24,3.4318,2.836,6.3245,-8.4768,-0.3942,-7.7992,-8.6878,-1.1886,-1.5014,-3.9111,-8.1018,0.3711,0.9518,-2.7235,-3.6202,-5.0063,-6.8498,8.3791,-0.132,4.1951,-6.5406,-8.6786,-9.7014,0.3106,5.2048,-8.5495,-6.4737,-9.948,-1.2751,-8.9678,-5.7586,-8.7957,-2.3993,-8.9656,8.4376,-3.6503,4.6232,1.275,-7.8466,-8.0492,8.1284,-9.3027,3.3125,0.0407,-2.6211,8.7191,5.6176,-0.0966,-7.0306,-5.3471,-7.2895,1.9833,8.6239,3.9663,4.6079,9.4767,-3.1311,1.9967,0.761,-0.9137,-8.5323,-0.0528,-7.7976,-9.0346,8.3595,2.174,5.1598,0.5478,-3.7817,5.7217,1.3228,3.5194,-9.9313,8.1062,6.5948,7.22,-0.7742,-3.1023,-8.777,7.2559,3.3664,1.9131,1.2812,-8.7979,5.0549,-0.5135,4.0734,7.1753,-8.8032,-8.1049,2.763,5.6207,4.2257,9.2718,4.3397,6.2338,-0.1597,-5.3216,5.4313,6.7647,-4.1954,0.3813,-2.6536,-7.7225,-7.5943,5.2171
4.1825,-7.9323,-5.0038,0.295,-7.1733,-2.3744,-4.927,-7.6732,-9.1471,6.4955,5.9275,-3.621,-1.4444,-4.8435,-0.0072,-4.1913,-1.0938,3.5844,-0.8094,-8.653,0.1154,5.7247,7.1052,6.368,8.6154,4.1121,-5.2869,-1.7672,-1.702,-7.7049,-8.2868,7.0848,-7.7846,4.8263,-0.5378,-9.0441,-6.2476,-6.1793,-7.8501,2.4282,-1.6878,-5.4493,9.7877,-9.7812,4.4409,1.3488,-5.9196,-7.7547,6.7455,-1.0802,-7.9744,-0.0454,8.8911,0.7755,-6.4047,9.5874,-3.7266,-2.7929,-0.1539,7.515,6.4709,-5.0608,-0.0194,-1.1577,-4.3769,-9.2856,3.6216,-3.9103,1.6123,6.5513,2.039,-1.9064,-5.332,8.1934,6.7323,-7.3197,0.0482,5.9893,0.6493,3.3133,-2.126,-0.6823,-5.5309,-9.596,-4.9751,-6.9135,-4.8843,4.8898,-0.3189,-7.8273,1.0929,-6.2356,-2.6497,7.0631,0.2093,-3.2163,-3.6572,-0.9643,9.5079,2.9736,-5.1745,-8.2411,-5.1621,1.2157,9.4388,6.6096,-1.2234,-5.5878,-5.1859,7.5712,9.3347,7.3064,2.0636,-6.6963,-1.3936,-5.8101,-3.038,3.2903,6.2213,-8.363,-0.5747,-8.3762,-7.1821,-1.8271,9.1232,-0.5412,-5.5922,-3.8979,7.8268,-6.8811,7.5973,0.7694,-0.2834,-3.7701,2.616,5.056,3.7395,-7.6157,-4.0098,-3.9872,4.6116,2.7632,0.2468,8.1642,-7.9666,-8.958,4.8975,0.2074,4.8573,-6.6415,7.1938,-6.1703,6.7025,-3.0024,-6.1931,-5.1326,4.3513,-9.7236,-3.1983,-3.7672,5.5475,-8.0295,3.3152,1.427,7.5821,1.8311,5.4001,0.0828,-5.5636,-3.2183,5.749,6.2561,5.6021,-2.9636,-1.1034,6.0326,-0.234,2.2353,5.1866,-4.4334,-8.1566,-6.3709,4.2293,4.5644,8.9029,-7.6775,1.3366,-7.1676,-1.5536,1.328,-3.3194,3.3676,9.1635,-5.1837,-4.3265,-3.3651,-3.2684,6.5223,-2.4324,-5.7258
9.966,-8.0961,-7.0639,-5.8148,4.7503,0.9108,-9.2869,8.7071,-2.5752,7.5434,-4.568,-5.086,0.318,4.0602,-0.8684,0.3626,-9.9266,2.7618,4.3812,-6.2547,7.811,-2.349,7.4912,-1.5207,9.5735,-7.2247,4.8445,9.666,2.8748,2.169,-7.1864,-2.7292,5.7044,5.8167,4.3539,2.7252,2.7961,-1.9569,-2.6314,-9.0857,-5.4154,-8.4779,-2.118,7.3677,9.3638,-8.258,-6.2809,-3.5857,8.7081,-9.9057,2.5268,9.969,-4.3199,-8.6131,2.5613,-8.5415,6.9605,4.0606,-6.0967,-9.7154,-4.8637,-8.7201,5.5824,1.3189,6.6307,9.8306,6.9474,3.0127,-3.8779,5.8346,-3.7775,5.8489,8.2326,-5.6559,-0.3529,8.5239,1.0909,-3.2139,8.6814,-2.9979,8.5531,-8.3267,-5.9244,-0.395,2.3216,5.0252,7.2437,-0.7881,-6.8566,4.2432,5.5803,4.8456,0.0252,1.5335,7.0547,2.6232,5.3882,-3.007,9.5678,5.5156,-2.8625,9.0828,2.0615,-9.5236,5.1849,0.4813,7.219,4.3163,5.3827,7.2841,-7.2836,-7.1185,-3.8238,-1.4121,-5.3816,-8.646,-8.1962,-3.4708,6.0718,5.2949,6.7986,1.6359,-4.3565,-4.2264,-6.4023,5.3667,-5.4086,-0.4684,7.3982,-5.7601,4.6928,2.8058,8.2307,7.2956,2.1854,6.4434,3.6945,-9.2751,-0.5035,-4.0951,-7.3941,1.9755,1.0586,-3.2165,-5.8872,7.0726,-9.3514,5.1124,3.1979,-4.2584,-9.6546,5.3071,2.6523,-1.8378,-9.7655,4.4146,3.6221,7.6954,-9.9342,7.7588,-6.586,-7.425,-7.2563,-8.9792,-8.1031,3.056,5.0752,-0.7664,6.7342,3.9013,5.8552,4.7157,4.2322,-6.369,2.6546,-4.6338,0.7581,-0.1637,-3.5354,-2.8533,0.3406,9.2551,9.427,-4.8759,-7.4406,2.9286,4.257,2.6182,-8.4284,4.8479,7.8191,1.0859,-5.9946,6.4551,1.9449,-6.5296,5.3053,-6.7266,5.7847,-7.1128
-5.0519,-4.646,-7.5964,7.7783,-5.4358,-8.1952,7.7719,-3.679,7.7228,8.6557,1.1349,-0.244,2.3055,0.6166,-2.2216,9.1251,0.9798,-2.7373,-1.773,9.9474,1.8603,5.5793,1.6308,-4.237,6.201,-6.2423,-4.4811,0.1249,0.5364,-5.1437,5.6217,-6.4163,-6.362,8.1136,-3.6254,-8.3483,0.7855,4.3883,0.1401,-9.0027,-5.5628,7.8858,1.2763,-3.5324,-8.3016,-8.0055,-1.1128,-4.6493,8.2158,4.2645,5.489,2.3644,-2.4436,-1.3344,-9.3269,3.7567,4.7029,-7.5169,0.3478,-5.0044,-6.7652,9.2929,9.889,-2.2638,-4.8455,9.6792,-7.9315,-4.2898,-9.5603,0.5562,3.884,-3.3696,2.4263,1.4396,-6.1506,-4.4072,-1.9691,8.1683,-4.4766,-3.1369,4.268,1.8733,-1.8872,-4.1915,-3.1264,-7.6957,3.6039,-2.1954,2.9124,8.1502,-4.1794,-8.8228,3.0289,0.2726,7.6638,3.9382,-3.0543,8.1013,-3.854,3.1268,-5.0799,8.1918,-5.316,3.6479,-7.8342,8.9324,-8.0519,-9.8494,6.4,-9.8927,-2.8765,0.9302,-0.139,-2.0002,-1.4346,4.9396,-6.6132,-1.7746,-6.2562,2.7281,-5.4555,-2.7423,5.9087,4.4622,7.3193,2.1044,-3.0715,1.5348,9.7863,-3.9217,-8.5253,-9.5978,-7.5887,-4.6054,-7.6758,-9.1622,6.3604,-1.7004,-1.1383,5.8151,-7.4172,-7.4303,5.1504,3.6816,-5.149,2.7718,2.1711,8.0568,5.426,4.2044,8.6097,6.7624,-3.1422,-3.808,-8.3497,5.1014,-5.1554,-7.4177,9.7457,4.3034,7.9652,6.1051,-3.6575,7.3169,9.343,-6.1817,-2.632,7.0634,5.0533,-2.1959,5.7286,-2.4096,2.4341,-1.0686,-8.1536,4.0542,-7.9994,-6.6142,-9.8157,-5.7894,-8.6195,-4.3234,7.1974,0.877,-6.8975,-0.3397,-4.3484,-4.7898,-7.5022,0.478,5.1683,6.1641,4.8869,8.7649,9.2648,-9.8005,2.0374,8.4361,5.4582,5.7735
9.1339,-6.5514,7.5725,7.366,-9.764,1.221,-6.9362,-0.4733,-3.5639,8.8,-3.05,0.5013,8.2158,0.6749,7.8839,-4.6136,-9.1449,6.1145,-6.6361,8.1353,-4.9782,-6.6905,-7.616,-0.4291,2.3227,6.2678,0.871,3.3715,9.2292,-6.6933,2.1905,-9.4536,6.1777,4.3465,2.8167,5.7929,-5.2052,-7.4734,-4.7278,5.7665,8.6089,-6.4671,0.2676,8.9394,-1.9767,2.492,-7.4834,-8.2902,2.6212,6.8948,9.1694,0.4495,6.1154,-4.593,-3.9518,-9.4162,4.9819,-0.9088,9.7175,-6.8664,2.0097,-3.8965,-1.1588,1.8774,6.9269,0.6959,-0.0243,-1.6744,1.3703,4.6423,-6.6423,7.0011,-3.3661,1.3696,0.6364,-4.0709,1.7713,-1.7892,3.5723,6.6943,5.7914,6.9398,-3.9407,6.7988,-1.5823,8.7468,-3.2794,-4.9049,2.1385,-7.5543,6.2952,-8.1637,-7.1913,6.7717,-2.0658,3.2385,-9.318,6.8043,-0.1008,9.0439,2.0751,3.3513,3.0415,-2.2074,-9.9086,2.9068,7.0798,7.1538,-1.7807,-7.0569,4.3298,9.442,-2.3592,3.9793,3.7732,1.594,-6.4809,-2.4675,-0.3078,5.9976,9.7025,-1.6622,-6.1153,5.5501,9.5171,5.1449,-3.6441,-5.6018,-8.0846,-6.3248,-9.2368,-1.1658,7.4292,-4.2609,-5.1042,5.5491,-8.4186,5.9396,-9.4547,-9.2709,9.3623,-3.0227,-5.5935,-7.8182,-5.9293,-4.3501,-9.8274,3.6998,-0.0335,4.9791,2.9054,9.3432,0.9104,-1.7789,-7.2365,0.9353,6.6587,-5.1348,-7.5138,4.7389,7.8657,-8.4974,-0.2704,-8.2385,-4.4809,9.693,0.0798,-2.0418,1.5537,-0.5836,8.2162,-6.8574,-7.4686,0.2678,-7.8919,6.3597,-1.1104,9.6279,-5.7915,5.9356,-6.965,6.9619,-2.1394,9.58,9.7439,6.9807,9.8205,4.8952,-7.4724,-4.7789,-0.9083,7.6766,-4.1145,6.5516,2.6565,2.7014,1.1594,2.941,6.035,3.3786
1.5252,-5.4819,-2.8889,-1.848,9.498,9.4247,-9.6472,0.4617,8.1259,-3.8751,-6.531,4.6305,1.0731,7.0278,-5.4485,3.7652,5.7894,8.7887,-1.327,0.1191,-4.1303,5.748,-5.8311,-2.438,5.7587,2.7308,-4.9445,5.6176,-3.5653,8.838,-9.9214,3.8282,-2.6963,-6.6211,-7.0772,0.3196,-8.8907,-6.2645,-7.7689,-4.8102,9.0266,-1.6863,-5.9984,9.0585,-6.7778,1.3383,-1.0435,-9.8724,5.2322,-3.3496,7.7611,6.4737,-8.4942,0.6047,-7.8381,1.6294,-7.5061,3.2044,7.3611,1.4576,6.0125,-5.897,-6.1365,3.0817,-4.5904,-8.3398,-8.7689,4.5339,8.7275,-7.3156,3.7948,-7.6971,-0.5232,-5.828,9.5163,-7.6303,9.1458,-3.1041,-6.9248,-0.3807,8.5349,-4.091,-4.8381,1.7896,-3.1546,-9.1058,4.8088,-9.5472,2.3132,-8.527,-3.8855,0.9331,3.4902,-1.3599,-4.3531,5.4166,7.1707,-9.8838,7.3199,-4.3186,4.8076,-6.6694,-6.082,9.6462,-1.294,1.8562,-8.8456,-8.5064,3.8287,8.9325,-7.3757,-1.6254,-2.6889,3.2811,-3.1841,9.7697,9.3438,-8.6075,5.1737,8.039,-3.7666,-2.2303,-8.2201,-1.7914,6.0136,-0.9078,-0.9057,2.5352,-3.9698,7.221,7.0889,-7.5109,7.0634,-1.2345,2.8787,-0.8306,-3.1594,-8.107,-5.8502,2.2857,-1.4028,7.0956,-8.9655,-0.9075,-3.5503,4.3992,-7.162,-9.6835,-5.0075,-0.3228,-0.2307,8.8327,-0.3132,-5.9327,6.7408,4.8525,8.8668,7.7873,5.6515,-7.975,1.5208,-4.4612,-4.1743,-7.088,-2.1249,-5.0057,-5.274,7.5352,9.2773,-4.5781,-2.1816,2.834,3.2127,1.8132,-7.4101,-3.9391,-6.0535,6.7603,-6.335,0.0847,-6.153,-7.5193,-2.1055,5.9807,4.6897,-0.6455,8.5371,7.2292,-1.1226,9.3965,8.5924,4.6555,5.7433,2.2996,-7.0139,7.8426,1.2355,-9.3523,5.2913,-4.2036
-5.3004,-3.6897,3.0507,-3.5391,-7.5932,-7.0349,5.2186,1.5882,-8.9528,-5.1074,-0.6604,9.8682,5.9796,-2.9593,-6.9252,6.0588,2.1749,-2.4128,2.738,-5.9504,8.2409,-8.7751,-7.3683,-4.2188,4.9718,-5.7481,-6.9787,-8.2949,4.5693,-2.6668,-9.4102,-3.5107,8.0275,-6.8652,5.3579,0.0701,-6.6585,3.8999,-1.0696,6.8696,-0.4744,1.801,6.2159,0.782,-2.4907,-1.7785,7.6758,5.6802,0.3586,-7.6258,0.3156,2.8439,1.0192,9.0127,-3.712,6.263,0.5728,8.4536,9.2984,-3.3761,-5.515,5.4267,-5.3864,-3.4898,5.6458,7.8098,3.1265,5.2105,-5.6473,-1.18,1.9783,7.4286,-4.0244,2.5978,7.6941,3.5023,-8.4673,-8.6086,6.8735,5.3162,4.8613,-7.4975,-0.287,9.9627,7.7417,9.3404,-5.5258,-9.0976,-7.1013,9.6695,-3.686,6.2248,3.5315,2.4121,-3.5108,8.6638,5.1516,7.7069,-6.2007,-7.8956,-8.6882,-2.5242,7.0073,-1.4103,-1.3953,-4.2825,5.4383,6.6639,-5.4665,-9.5348,-0.0235,9.9527,-3.2839,2.2606,6.5522,-2.2997,-7.4209,-3.9,-8.9201,2.2152,-0.3576,-5.2693,9.2171,-5.0774,2.2163,-1.3185,4.4027,-4.4716,4.0644,-9.2953,-9.8655,1.3797,6.8721,-6.417,-9.1674,-5.8477,-8.4131,-2.5072,2.2892,7.8994,6.4577,-9.2044,8.8442,-7.2972,6.6546,-3.8579,-2.7121,4.2644,-9.8168,8.7223,3.1607,-3.6175,-3.6814,-0.4688,5.6285,1.6357,-7.6005,4.2364,-2.2265,-4.6572,-1.0736,5.3544,-2.2265,-6.9229,-2.3088,-2.605,2.2577,3.6104,5.2187,0.4621,-7.4104,-2.6146,6.335,3.8234,-8.9931,7.2186,-4.0289,-6.4927,9.6483,1.5755,-2.3097,-9.0812,2.1233,5.7263,-2.0832,5.0281,9.9221,9.1264,-1.5869,1.2281,9.6527,-7.8435,-4.5381,-1.2104,-5.7931,-2.9463,6.0727,-8.927,2.0842,-7.8802
-8.3607,3.6411,2.3496,6.5543,-6.5095,-5.7793,8.0695,-6.7063,2.4779,-0.1,1.5414,-6.7698,-9.5553,0.466,7.0782,5.9877,-4.9384,-4.4775,7.614,-7.7361,0.9061,4.7423,-0.9714,2.0046,7.1402,-5.2045,7.5135,8.4207,3.7851,-6.8613,-4.5201,5.18,6.3225,7.6282,-6.48,4.0084,-5.1435,7.5584,5.7906,-3.5235,-7.1562,4.9052,-7.4182,3.5913,-2.0279,-7.5565,0.6271,-3.181,6.6544,-1.3567,-8.4094,4.7807,-0.4636,-8.1705,7.9604,-9.0396,5.2899,-9.7121,-6.4317,1.0564,-6.5582,-2.9161,7.7435,6.5785,5.4317,-3.1821,-3.8558,-0.5826,5.8568,2.801,6.6017,-3.1161,6.6861,-8.708,3.318,-5.1971,3.4355,-6.9695,-5.0135,4.1713,8.9201,8.9714,-2.8373,-8.9486,8.5046,8.6276,-1.5673,-3.7105,-8.9941,2.7902,-5.8064,-5.0343,-9.4034,-8.2883,3.6264,-1.1003,9.4317,-4.3907,-5.0972,-1.9184,2.4686,-6.8993,0.711,2.3717,-4.1774,-5.6271,-6.9035,4.1795,4.5243,-3.409,0.7889,-3.041,2.5766,8.1336,7.2973,-8.6578,0.2647,9.749,-7.2261,6.4052,-7.4724,5.4437,-4.8179,-2.7707,-3.2281,-6.6266,-6.2766,9.8495,-2.5787,9.018,0.2276,3.8905,1.9156,-8.1519,6.029,4.9999,-7.9137,-0.2313,-3.1386,3.6829,-4.1429,2.0743,-6.8971,-2.494,-8.2308,-5.7602,3.0288,6.9405,-8.8902,1.8207,-5.4635,-2.0011,-6.8769,2.0182,8.7669,8.1249,-8.1324,8.7589,-8.9751,-2.5694,-0.4961,-4.6604,7.0813,4.5185,2.4103,8.0368,-1.7251,7.0505,-0.9522,-0.9408,0.4777,-6.7202,2.6824,-2.7716,9.3527,-0.6489,5.9197,-7.1611,7.0886,2.0333,7.4174,-9.8907,-2.0519,8.5008,-9.3063,8.8365,7.8978,2.0574,-3.5709,-0.4052,0.8029,-8.9312,1.9033,3.5588,-3.1371,-0.0661,6.4216,2.9276,-1.9725,-0.3006
4.4431,0.3908,8.0916,4.6456,-5.8305,-5.2388,-8.5367,-1.1307,4.3543,-2.5785,4.425,1.1994,-8.6505,8.744,-9.0017,-0.6583,-9.8435,-1.0878,2.0164,0.6649,7.1404,-9.8961,0.5515,0.8236,6.9553,-3.0638,6.4352,-7.1922,-6.8317,-3.0252,1.804,-5.8017,9.9008,8.4271,2.2252,5.9535,-5.6608,1.5691,7.1794,-4.9213,-4.3524,-7.9197,6.4362,5.1654,-0.397,0.7326,-1.1504,-0.3563,6.5854,4.1196,9.5203,0.9213,8.807,-4.5576,-0.9664,-0.0952,-1.2552,-8.3149,6.2655,-8.5764,-8.037,-3.037,-0.788,9.1567,-6.574,-9.4211,0.0214,2.3954,-1.9649,-6.5117,5.8313,-8.1559,6.5602,-5.278,-9.2618,-5.0731,5.1569,5.9465,6.748,7.7115,-6.3163,-4.9034,9.3126,9.5199,-1.1611,-9.8791,-1.1792,-8.5607,-6.1557,8.3217,5.5912,9.7574,-6.6028,6.7223,2.4069,7.4072,9.6213,-3.708,1.4411,-0.1591,2.2817,-4.6233,-0.72,-7.0843,-7.8407,-2.3505,-8.1495,-7.3527,0.6413,-0.0524,-7.4197,-6.1686,-8.7413,-0.8984,-4.506,-9.5676,1.662,-1.6645,5.6061,1.8754,-6.6751,5.3853,2.0164,-9.3988,-5.2573,7.9547,-3.31,-9.8231,-6.4167,9.4564,-4.1374,-9.0469,-9.2795,-9.5011,-7.9671,-0.9365,-7.0189,4.3754,0.6899,-2.209,-2.3174,6.6264,4.1954,-7.2716,2.1451,5.1747,-8.8628,-7.9306,-1.8522,-0.9238,8.6063,0.7264,4.2311,6.0981,9.3995,-0.3269,-5.2738,-0.9881,6.6052,-5.3126,2.7006,-8.7664,-6.7703,9.6862,-5.7173,9.9886,3.9286,-3.2705,-2.6947,4.2567,-0.2271,-0.2056,-8.326,7.048,8.6125,-0.2873,5.0911,-6.6843,-9.3597,-0.2111,-3.1056,-8.0604,-4.189,-0.8754,5.8076,0.5822,-0.1488,7.5251,8.6243,1.4974,-3.7949,-8.5141,-0.3038,2.7233,-8.3914,-9.6997,-6.8511,-7.2415,-6.0924,5.7251
-9.8462,1.8155,3.246,-3.5467,-8.2343,7.6556,-4.8467,-3.4988,-9.8297,-9.2698,-4.2839,0.4461,-8.045,-8.1377,-5.5274,-1.2946,-8.1577,8.2659,-1.9414,9.9235,6.0189,2.5326,1.5155,9.9222,-9.4084,7.0294,9.0127,-6.0503,2.4173,0.1616,-1.9245,8.1335,-2.6781,0.0279,6.9764,-7.8973,7.2889,-4.0086,9.4981,7.9794,4.0998,1.5165,-0.2427,-8.1784,-2.5675,0.4169,-2.2064,-7.7097,-9.4806,-5.2485,-4.479,6.0962,0.924,-9.3308,-3.5542,-4.025,-8.7805,-4.4582,-9.8608,-6.7367,-1.0538,-3.3905,-1.9923,-2.3541,-7.3667,-3.6734,-4.6607,6.7166,-4.0141,-4.8806,-9.7379,7.0207,5.7677,-1.2863,-6.731,-7.7084,1.6201,7.9649,8.899,-8.6542,-6.5562,-8.4035,3.558,-2.0999,9.7524,1.8782,2.9393,2.5014,7.5842,5.4375,8.2766,-7.8212,-4.0006,5.5462,8.5405,-1.8088,0.9768,-6.364,-7.6374,7.984,2.882,-5.596,5.1075,-7.9479,-0.7835,3.5399,5.519,-3.6989,-6.7229,4.9426,8.8535,5.7822,-2.7,-4.5602,5.492,4.6051,4.6088,7.7913,3.082,2.5811,0.349,-7.1594,8.4659,5.4802,7.6378,-9.0,-2.1643,6.9401,5.8744,-1.753,0.1258,-9.8357,4.5214,-7.1867,6.3801,0.807,-7.7321,-5.2648,6.4067,5.1495,-6.2269,-4.4977,-1.9626,-9.8568,6.2574,-3.0558,0.2953,6.9935,-1.1917,3.3088,-7.3127,0.8812,7.7311,8.9093,-6.8024,1.9515,0.3788,-6.6437,-4.2556,1.7712,-1.2739,-1.8665,-2.1446,3.5911,-6.6764,6.6489,3.0276,3.1392,8.3934,-2.7782,-6.8677,1.0063,-6.4583,-6.1303,0.3875,-1.2211,-3.4503,-5.2611,3.1733,5.3282,-1.4152,5.4772,-6.5432,0.4937,-8.8613,6.2519,8.2239,7.8032,-8.2344,0.7804,9.8941,3.3339,2.6527,-5.8296,9.9358,7.0312,5.5347,-8.5988,-8.079,-4.1385
-7.8449,-9.6894,1.4785,-8.8956,-7.9526,-0.9117,-4.6614,-2.5617,9.1839,7.4519,-2.7211,4.2328,-2.2455,-6.7718,-9.1427,8.6937,9.4432,3.715,7.8154,-0.6788,8.7868,4.9841,-1.9147,-3.468,8.5223,7.5329,6.6712,4.7797,-6.7683,-1.4087,-3.658,7.2214,-3.0787,-7.7082,-9.5426,-8.742,7.1763,-2.6514,-4.7333,5.5903,9.2353,-7.0978,-0.5017,-9.7126,6.991,2.0782,-1.8454,-6.2123,4.379,6.9772,0.4866,-2.0829,3.3837,-7.7924,8.3285,-8.2435,-3.5327,-3.3652,3.456,8.4781,2.4264,-0.9836,-3.2444,-8.3209,1.773,8.6714,-8.2027,-0.6733,-9.2923,-2.9137,-8.7722,-8.838,-1.6087,1.7958,7.5058,2.7664,-0.5681,-8.8165,-8.7143,-6.0471,3.4241,1.1529,4.8638,-8.8736,6.5252,-5.4848,0.3454,-1.8289,-6.3808,-7.5739,-6.896,-6.5883,-4.6374,-4.2271,2.6726,8.3371,-7.0681,-4.3651,6.3287,9.4638,-7.3263,7.1449,4.8375,1.9262,5.6299,-0.4809,-0.685,8.421,-7.035,-8.1819,-5.7389,-7.7694,3.809,6.8358,6.7895,9.3966,-5.2021,-4.8108,8.8683,-8.4741,6.2448,-3.0587,-0.7126,5.1479,8.9522,-8.5417,2.9615,2.3723,4.3706,5.3603,4.6062,0.4421,4.6088,7.2324,8.8762,-2.5611,5.0615,-1.4927,-8.723,8.1335,0.4163,-9.6232,-4.9859,-0.7555,7.5508,-0.878,-6.4975,-6.9496,-3.5756,5.7286,3.8382,-3.8936,2.9498,2.0568,5.3759,-8.4633,1.1419,6.5404,5.2694,3.2262,4.2197,-8.4371,4.749,-2.0074,8.1605,2.2467,-7.8679,-5.0488,-3.1124,7.3115,-6.114,-0.9204,-7.8081,-4.8697,3.5374,-0.4732,-1.8584,-7.4954,-5.7342,6.6683,7.858,-8.4917,7.2907,-9.6349,6.8749,-0.3849,8.6102,7.3696,6.0905,4.7047,-0.5609,6.1632,-2.1132,-0.9359,2.0911,-6.8586,-9.4232,6.797,-7.5235,0.6898
3.735,6.1964,-7.1588,-6.6375,-5.9126,-7.417,-5.3647,6.296,-7.4019,2.9532,-1.3992,-4.1976,5.0966,-4.7315,0.944,2.1894,-1.669,-3.4008,5.6408,0.6525,-0.6189,3.9927,8.8216,-3.9077,-0.9486,-2.789,4.0863,-0.4169,2.3392,-6.5093,-7.6944,4.6133,-0.3116,1.0442,-0.6977,6.348,-0.6313,-6.1445,-7.5617,0.9251,-3.792,-4.6922,6.5612,-5.4798,-9.9342,-8.5421,3.2639,-5.6211,-1.7226,3.0415,-4.1892,4.6542,-2.5549,-3.8003,-5.1663,-2.8168,7.7024,-7.9772,6.4357,-5.8545,4.5309,-4.1789,7.6079,3.7246,-8.9042,-6.5548,-2.0854,-8.4336,9.739,-7.3508,4.5823,-2.6169,-9.4073,-0.0959,6.2501,-5.1678,-0.1822,-9.9276,-1.4968,9.0957,-9.0418,4.3298,2.1624,1.6534,3.479,-8.3032,1.0819,-3.756,9.5711,-5.2668,7.609,-8.6676,6.7965,-6.9784,3.5589,3.7157,-6.3304,1.0452,-9.7586,-1.0399,3.2563,-5.1706,-2.8276,-1.8626,-7.7094,-2.3878,-9.7093,6.6861,-3.6646,8.0377,-8.6168,4.5497,6.2661,-7.328,6.0081,-9.8076,-6.4735,-2.813,5.0604,7.867,2.4104,-6.9857,-3.9231,-4.8439,9.4285,7.412,-4.6253,4.9235,-2.8854,-5.2505,-9.196,-3.8678,-5.8851,-1.1449,-3.714,-4.0876,-2.9368,-1.2914,-6.3402,9.8673,-9.3259,-0.3317,1.0143,-5.809,-7.3894,2.3217,0.7398,6.7557,-1.09,-4.7661,0.6971,-0.72,9.0803,6.0923,-2.3188,-3.7915,4.9053,8.9607,-5.5889,2.0272,1.7281,-9.6305,-8.6421,1.8414,-8.1471,-4.0719,2.6136,-5.808,-6.8048,1.4792,-3.7241,-5.4681,-6.1124,3.3152,-5.644,9.8635,2.0575,3.8919,-4.918,2.3729,6.4321,0.7024,5.107,-4.9663,-9.8196,-9.4768,6.4263,-4.7724,6.3606,5.8295,6.742,-7.6221,7.2652,3.6814,9.2987,-7.6549,3.615,9.0968,8.4331,9.9639
6.2541,7.148,5.6389,7.1028,-2.6921,-6.2252,-2.6462,6.1223,-2.1427,2.8493,7.2358,2.6004,-8.7107,-9.7882,5.9872,6.1464,3.6583,-5.6883,9.9575,7.0656,8.478,7.3886,-2.9893,1.5943,0.0737,6.7159,6.1484,-3.5079,-1.8194,7.8612,3.2888,5.5393,-0.8311,-0.8826,9.5848,-0.6712,0.6398,1.9141,-9.6393,9.3015,-2.6735,-5.9261,-1.6139,-7.1554,2.9415,2.201,-3.53,9.8691,-2.2533,-9.2414,-2.9216,-4.9124,0.6428,-0.3351,-2.8381,4.8949,1.9544,2.2439,-5.1215,-1.6239,-8.3241,9.6407,-2.3595,0.4375,-2.5493,5.3888,-3.1678,-6.7463,-6.1197,3.8639,1.924,-4.8446,-6.0439,8.5586,4.9323,1.2292,-4.3596,3.4814,5.1902,7.1413,5.7619,-2.3218,-8.6822,6.9811,3.2524,-5.0897,-0.7224,-3.7873,-4.5027,-1.599,4.0658,8.079,-8.4679,-2.6446,-2.2222,0.4531,-8.4455,-5.7497,0.2039,4.217,-0.5189,2.2268,-1.8344,3.6767,-5.9615,1.1769,-4.3258,2.4478,-7.8048,-0.4151,0.8763,-9.3181,-8.9825,5.7715,2.9055,0.2903,-9.7539,4.3063,6.6804,-8.4364,-6.7493,5.9366,9.4212,-0.3487,6.9969,7.7367,-1.6978,3.9085,-8.0795,8.6461,-0.0417,-8.0476,-8.8643,4.8166,2.5886,-9.9646,2.3013,-5.2311,3.2498,9.252,-3.3673,3.042,-1.367,-9.43,-2.9115,-7.6249,-6.1564,-6.4462,-8.0309,-5.4535,-7.7074,5.2218,7.0482,-5.7521,2.6307,0.3308,2.9273,-6.3516,-0.2585,-4.2709,-8.8169,-4.1878,7.9137,-5.3358,-0.1451,-1.5074,3.9868,1.1971,-8.1267,-0.5647,-8.9756,-8.5753,-6.2077,-4.6194,1.0642,-2.8617,9.465,-6.4301,-4.5482,2.0486,-8.9862,2.2749,-0.6838,-7.3798,-8.0013,-3.4081,-1.7326,-1.197,0.4955,6.7246,5.0268,-0.3839,-0.2119,4.6081,3.4157,6.6169,-5.9778,-4.0764,-6.7071,-3.1757
-0.642,1.277,7.805,6.694,-0.9134,8.652,-4.2017,3.6249,-8.6679,-2.9846,2.6715,-3.3142,2.7898,-8.8442,1.7011,-7.1309,-6.8687,-0.8284,-0.3053,-8.908,7.4445,7.8956,4.3343,-9.8755,-4.7337,-8.8798,-9.4165,0.2081,-4.4904,8.4865,5.4597,-9.7285,-7.6454,-9.148,-6.2061,9.8983,3.3918,-0.7832,2.6122,-4.5401,9.837,-5.1435,-1.7186,-7.1777,-2.4077,-8.854,-5.7113,2.3242,8.9305,-2.4703,-2.1749,-2.5384,7.3963,4.6299,-2.9619,-1.9608,1.0207,-8.5992,2.3651,4.0506,-0.4925,8.9171,-3.9234,4.4808,-2.2703,4.4245,3.888,6.9557,4.9908,6.3483,1.7596,-1.1981,-3.5115,9.7747,-8.2606,1.2164,-8.543,-2.0851,-1.4595,5.9619,-7.9479,2.9298,8.6103,5.557,2.7334,6.7164,7.0329,8.5198,-9.6178,4.7528,8.0378,-2.3812,6.0432,6.3035,3.6042,-1.8926,-9.8175,0.8179,7.5439,7.3854,-2.6631,8.3894,3.0628,-2.1396,-0.4208,-6.0471,2.0063,-1.6002,-3.6962,9.9729,9.8298,-4.5888,1.4912,1.9232,-0.9054,7.6045,-4.4607,9.9118,7.5497,2.4676,7.0006,-2.2812,-2.6733,-6.8068,-3.141,8.9902,2.0131,-2.4377,-6.4764,6.4335,-1.4084,-1.7809,6.3521,-8.386,-2.8471,1.0863,0.4524,-2.2896,8.8111,-1.1403,-7.8792,4.1837,-1.2112,-4.0925,-1.4775,-6.6419,-3.2967,-7.1608,7.5198,8.2818,9.0307,6.3672,-0.706,4.1592,-6.328,-5.4982,-6.7207,-0.9295,4.5283,9.7743,8.4813,4.5663,4.9072,-6.0277,-6.7247,2.114,9.615,5.0873,-6.5232,9.6435,0.0495,-9.6757,-6.332,7.126,4.0046,-1.1494,-3.2332,2.0457,5.6348,-3.7269,-6.5211,-6.6788,-8.082,-6.0301,-1.0877,6.471,2.103,8.3661,-5.0915,-4.4525,1.7917,3.1486,-3.9207,3.8262,-4.5722,-8.9612,-7.5537,-0.5012,-7.4049,-2.0737
7.8235,6.8793,-0.5954,7.1671,-8.0253,5.1209,-2.7651,7.9711,-5.9326,9.3614,-0.4923,-4.6711,4.4962,-3.8437,-4.675,3.6237,7.1777,-1.0526,2.8816,8.5983,-4.6859,-8.7752,5.4704,1.9314,2.2042,5.3759,0.3095,-5.9438,7.4089,9.3602,1.9272,-6.3658,3.9176,2.445,4.2427,-4.4939,-8.1404,0.8709,-9.0625,6.5694,8.6167,-9.4489,9.3465,9.3529,4.5003,-1.292,-7.0879,-6.3103,1.0133,-0.8842,1.5287,6.147,-2.4108,3.0227,-5.8938,-8.5411,-5.699,6.7381,-7.9894,4.1035,3.6527,7.8689,3.7432,6.1259,-9.2565,-7.9087,5.0375,1.6206,-9.5901,5.4247,-5.6803,-5.5165,3.59,5.712,4.9638,-2.1317,-3.5657,9.8589,-5.1089,7.8639,4.805,3.4967,-4.902,-9.5779,-4.4427,1.9761,-5.5037,-2.3262,-6.1469,-0.1836,2.7957,2.4773,-5.7584,0.0372,-9.6013,-2.9105,-6.5953,8.4329,-5.9809,-9.172,-0.359,0.8147,9.0202,1.5062,-9.2479,7.6445,7.5508,-2.8867,6.9218,-0.2541,-4.7642,6.0723,5.1807,1.1687,-1.0196,8.1024,0.378,7.7179,-0.5246,-7.9056,9.1049,6.8036,1.397,-8.6034,9.3947,1.7197,-6.5244,6.8902,5.2436,-6.841,-8.5942,3.5588,6.985,9.1829,4.5983,-5.1432,-4.0054,-7.3385,4.1793,5.4557,-5.8394,0.3053,5.2172,-9.5707,-0.4624,3.0803,2.2865,5.447,9.8791,0.1263,4.5857,-7.5497,-7.5775,-2.1978,-3.1226,8.4939,1.5889,7.7778,5.5941,0.2722,-9.8011,1.7786,-4.7404,-1.8007,1.9872,-4.4926,3.8357,7.8349,8.3018,7.8875,4.7292,5.0538,0.6471,8.1557,3.9049,-0.2908,6.7929,8.5381,-1.2681,9.0413,-5.3529,7.3228,0.4283,7.6593,-8.9564,-4.5284,3.0946,-3.3119,-3.5076,-9.1097,-3.5906,3.0828,3.3345,-0.1657,-1.0713,-2.0645,-6.6332,-4.501,-6.7495,-9.8703
8.3894,4.0155,-8.6879,-7.0363,7.7545,-6.0482,9.7848,-7.5971,-6.8783,4.1295,3.8674,4.8053,-2.2668,-1.3828,-6.4717,-6.5149,-6.6975,6.657,8.3507,-9.1017,4.4052,9.3151,-7.6059,-2.6366,5.8164,-9.6159,-2.057,4.9769,1.5026,8.8433,-7.1629,-9.2421,-8.3814,-3.6015,2.2423,0.0871,9.7368,-7.9047,4.6758,9.04,9.6544,-9.9559,4.9946,-3.3342,-8.8071,2.6533,6.2003,-8.1768,1.3472,-1.9057,5.5093,-9.1241,8.0052,-2.3641,4.669,-7.2826,-7.4641,5.0201,3.9732,7.5956,-8.0977,2.4356,1.3187,4.0705,0.4379,-9.4877,7.0898,1.6151,9.3327,-2.1264,-7.7837,5.197,-2.4446,3.0978,-0.0421,1.6057,8.5537,-9.047,9.6166,-0.7069,-2.7195,2.214,2.8415,0.6688,4.7105,8.489,-5.0399,-7.0957,1.9084,-5.7048,-5.3497,7.5187,9.1281,6.0232,-9.7843,-4.7935,9.3766,3.0337,5.0227,-3.4193,-3.7645,3.6111,0.0457,-5.1438,-2.9321,5.6815,0.6571,-3.9723,7.9111,-9.6183,4.0242,5.4619,9.2673,9.1376,-2.4071,6.5835,-6.6023,8.616,6.7094,2.081,-3.1696,0.6932,-8.6563,0.6997,8.9048,-3.299,6.8385,6.0646,0.6442,4.4559,-5.9519,-4.548,7.3164,-3.8087,-5.0106,-5.9425,-4.8452,-6.5287,-5.0012,-6.1943,5.131,-4.5372,-3.7962,-8.2134,-0.8713,-1.3065,-3.383,-9.6953,-3.1451,6.3437,0.7107,-4.8086,1.1666,-9.7778,-4.4152,-3.5173,7.1556,-3.9338,9.6867,7.2395,2.1643,0.6777,-7.7274,1.6764,9.6031,-6.1489,-8.4924,7.6504,7.9625,-2.8082,3.181,6.9664,-3.2131,2.1413,-6.3731,8.4587,0.3898,-6.4649,-7.4679,4.6576,0.8586,5.5134,-0.2091,1.0506,-6.4207,-5.0449,6.0029,6.7555,3.5317,3.0658,9.9124,6.3447,6.5903,-6.4707,7.8353,-9.3477,-1.1119,-9.6731,5.1487,1.2546
-3.9749,-7.1929,9.3289,-3.0194,2.5169,6.927,-3.0006,-1.886,-1.6963,1.343,3.8446,-9.9033,4.6782,-8.2719,5.1767,7.5508,6.853,-5.6338,-2.5606,-5.3996,3.1159,3.3626,-3.6177,-7.1364,2.6751,-3.5563,-5.9192,0.3481,-8.2163,-1.3185,8.8197,-8.3903,5.9505,0.0169,-5.4023,2.1183,-7.7148,-4.2505,-8.8925,-8.5094,2.6467,-7.5019,-2.2275,-7.5778,3.6226,9.6647,-9.5229,-1.2408,-1.2773,-9.872,9.1195,-3.3336,7.6268,-8.479,-0.6569,-8.9421,0.5403,-3.2286,9.2845,0.6312,-4.3842,-9.9622,7.82,-0.8665,-0.067,-6.166,-2.8893,2.7779,5.6239,0.8706,1.9444,9.2193,9.6982,-8.1603,6.6298,3.1221,3.7817,-4.9772,-0.4447,6.5388,-6.6526,8.8044,-5.8996,4.0952,5.6341,-1.5947,9.3094,-5.8155,2.6303,-5.3802,-3.9315,-6.6251,-2.1017,-8.1542,-1.6259,8.4851,9.5037,2.102,0.4873,-5.4629,-3.6954,9.1065,-6.1261,-0.6143,-3.6703,-2.8852,-3.9233,9.9842,-5.2357,-5.7272,1.5379,6.1063,-6.9347,5.9375,1.1357,8.2232,2.1024,8.3007,6.1115,7.0141,3.3228,-4.319,-6.0567,0.6798,4.0353,8.5432,9.5903,-1.6613,6.4651,4.1381,-3.5642,2.984,8.5347,-0.5262,1.2632,-5.4916,-5.9157,4.6977,7.1878,-9.8346,-8.6394,1.3425,-8.1118,7.2014,0.2392,-1.0658,5.8012,9.9926,-7.795,3.5352,5.7044,-0.2932,-4.8583,-6.2286,-6.537,-2.9011,-9.0923,6.3348,-4.8572,0.9593,0.3758,-4.6385,-9.0607,7.2552,9.3011,-7.2821,8.2376,-4.5471,3.3533,8.3327,0.6914,5.206,-2.8297,-4.8083,9.9082,5.5123,8.8846,-8.5996,-6.4254,-2.899,-6.9471,8.8901,9.848,3.397,-9.3069,-5.091,-0.1919,-6.5939,-6.8022,-0.1393,8.9825,-8.6924,3.7804,5.1734,6.7217,-7.6938,7.6828,3.2244,8.2599,-1.6649
2.2424,6.4127,8.6253,-3.2208,7.0147,-7.7429,8.2683,7.5085,-3.1332,3.8337,-5.7726,-5.0597,1.0347,7.7606,-4.1391,-5.2839,-7.9418,-4.0687,-0.5064,4.518,-0.4243,7.5136,-7.7332,3.7473,3.2887,2.4097,6.2222,-0.3791,6.8883,2.0873,-8.9741,9.4713,-8.4007,3.3177,-1.2097,6.9925,-7.903,-4.3628,6.968,-1.2406,-3.3899,2.3302,9.4843,-6.6691,2.9014,-6.453,1.6222,1.7764,8.6435,-7.6807,2.5383,2.171,4.7279,-3.4987,-1.2844,-7.4854,1.3071,-6.3845,8.3989,-7.4681,-5.8918,-7.0173,-5.2655,-5.7198,7.5692,1.7565,-7.1219,-9.8063,1.3904,2.4995,-5.5892,5.7041,-6.7267,-8.0052,-8.3646,-1.8604,3.8398,1.1528,3.5684,-2.6361,-3.8272,1.4879,5.0079,3.1551,-4.6026,-9.63,3.2176,7.1918,-0.5187,4.5882,-8.5954,4.0521,-8.0848,2.1942,-8.1436,-1.1929,4.6526,-7.7478,-4.124,-8.6048,5.1132,2.2434,1.7173,-5.9108,-9.5259,8.6764,-1.2343,4.5532,-7.6393,3.4645,-4.13,4.7349,3.5,2.4885,4.6855,5.1707,-3.0051,-1.7632,-2.5099,5.731,7.4476,-4.6954,-1.6935,8.3075,-5.7223,3.6167,3.4129,6.9259,1.2094,8.212,-0.506,-3.4316,-1.7733,7.2335,8.6984,0.0461,3.1532,9.3153,-0.613,-2.1624,9.8542,-1.3284,-5.1141,8.6416,-8.0397,-6.5542,-6.03,2.5742,-8.4041,1.8809,-8.3263,-9.2231,-8.0907,8.1939,5.6423,-0.3328,3.1333,-6.9128,3.0924,5.0511,-7.2179,0.082,0.0807,4.8494,-2.3793,6.2904,-8.9993,-8.0525,3.7824,-6.7411,3.0419,-6.943,0.1537,-0.5771,-3.4869,0.0561,-4.3956,-8.2,-0.934,-1.8803,-6.7091,2.4056,8.7596,-5.7151,-3.4875,-7.991,-1.841,-4.5938,-1.5482,-5.4487,6.3484,3.5352,1.0359,-6.2034,-5.0117,-0.8318,-8.3751,4.2254,4.6861,4.5103
3.1886,-0.4108,6.9211,8.0987,-7.4816,2.0313,-3.9893,-8.7327,1.3522,-1.6341,6.1666,9.4337,-0.8533,-9.7367,2.5722,-8.1582,-4.4544,-7.3246,-8.5524,2.5587,-5.1844,1.3911,1.0491,-1.2521,1.2292,8.1884,6.3423,-3.5902,-0.8822,-7.6532,0.4932,7.5668,-8.707,2.2421,5.6471,-6.1509,3.7176,-4.7052,9.4612,-5.8725,-8.3713,-6.5118,-7.4168,4.6134,-8.06,-5.8463,9.9246,-0.6871,-8.1319,1.9202,6.7692,1.1098,-7.4056,4.7709,3.5595,1.892,0.6236,-4.5823,-4.8265,9.3557,5.6364,-4.09,4.4097,5.3452,8.4887,7.6908,-2.1833,-6.2207,-1.1219,-4.6683,0.4502,-0.6837,2.0605,-8.7435,-9.0966,-8.9934,-9.9895,-2.7793,8.6149,5.9977,-6.1082,-7.8544,1.9373,3.7178,7.4324,-3.3908,1.2726,6.7105,4.8175,-0.2997,1.6825,1.3399,-8.3013,-6.0315,2.6119,-7.6563,-4.9222,-0.0743,4.9563,-8.0842,-4.2833,-7.048,-4.5307,-5.8314,-1.2083,-2.9444,2.8362,-4.7775,-1.0707,3.8595,5.0757,-6.9442,-0.1034,-0.0993,9.1676,-0.0751,2.2835,-7.3769,-9.1524,1.1319,-8.0904,-1.6311,7.9469,1.4241,0.5834,-8.5635,4.4207,5.0872,0.388,3.5295,-8.322,3.0961,6.6056,2.7681,-1.823,-7.9037,-9.7379,9.2183,-6.2905,7.4121,-6.5957,0.5643,-4.5514,6.6179,4.3915,-8.6897,5.5828,-0.0751,7.9629,-4.7325,6.8216,4.5618,0.5535,-0.7437,-7.816,-0.7158,-0.7237,-0.2081,-4.0234,-5.5028,2.5233,9.7487,5.096,8.8249,6.9851,3.5749,-8.0436,-3.8609,-5.8814,-0.1371,1.6769,-8.5212,0.2086,1.9243,0.2688,-8.6913,7.2376,8.7623,-5.3197,5.8969,6.3958,7.2754,-1.433,-0.6881,4.4949,1.2781,9.6004,-8.4845,-4.4764,-1.3791,-1.8642,-2.8164,7.0994,-9.2439,-7.265,9.0484,9.5759,-8.1959,-9.8251,-3.6686
-9.0969,-2.6106,-4.4045,-3.1046,3.3842,-4.367,-8.7303,-4.0377,4.1909,-8.5038,0.7447,-1.5015,3.3043,3.0277,-3.5572,9.8168,4.1613,1.0729,-9.5608,-0.3596,5.0603,-2.8388,0.5461,1.7418,-9.9879,-2.5574,4.7919,1.0355,8.1423,-5.1495,7.1637,4.7113,4.6638,2.1797,8.9535,8.4862,-0.6427,-7.8866,0.0237,2.1134,3.158,1.6961,7.8581,8.3439,-7.7527,2.5719,0.7551,-3.9724,-7.536,2.7942,7.6979,-0.1931,1.5478,-6.5327,-0.6034,7.3166,0.5774,-3.3363,9.076,-5.1862,1.4215,8.6482,-9.1398,-4.6776,-9.1607,-2.9488,4.2828,2.5542,-1.5147,-2.5873,-8.6743,1.0586,2.7583,8.8362,6.374,-2.9251,-0.756,4.875,5.5089,-2.2242,8.4589,-6.8157,-3.5408,4.6306,-6.6028,-0.5128,-4.1251,0.3547,0.8197,4.4836,-0.2977,8.2867,-9.3141,0.3904,8.9,2.1412,-6.5955,3.3799,6.6497,7.189,6.7665,-5.0015,-4.2752,4.0796,8.7757,-2.2706,-3.5422,-2.7254,-0.4716,3.1873,-5.85,5.9206,5.3249,-4.1359,-9.2642,-4.0123,8.8849,0.9442,-5.5142,2.6399,-2.1908,4.2338,-3.2036,9.4258,-1.2187,7.2525,-4.7881,-6.6602,-7.8017,0.3998,7.3556,-1.3484,8.3553,9.3692,3.2429,-7.3876,9.982,-8.0568,-1.3478,6.924,7.9767,0.6774,-7.2335,-4.568,-0.3185,2.3578,4.9076,7.5553,-1.2254,-8.7822,-2.9197,6.2539,-6.8807,-7.8146,-0.6762,-9.3822,6.7108,-4.2954,9.8163,3.2572,3.9861,-0.9708,-0.8244,-5.6463,5.1464,1.044,-7.3282,-6.3763,-5.0028,8.6691,-8.5463,8.5366,-2.5414,3.3046,-4.0049,8.0922,9.5719,-6.9016,-5.0693,6.363,-9.3236,7.6065,-1.243,0.3023,-7.8656,5.3137,-7.3937,-9.8176,-5.8659,-0.2409,3.8388,-0.7528,-7.7533,9.1569,3.5989,-3.3247,-7.3291,7.4503,2.1201,9.9022
0.9614,-8.9577,0.2819,0.0982,-3.2206,-8.0588,8.2219,-7.3598,0.6136,-8.9886,1.4559,-7.0102,-4.6132,-9.761,-5.8468,4.1697,-7.7375,-1.8493,5.0546,9.0912,0.8798,-2.5711,-8.0778,1.3473,9.7735,3.5608,6.3358,2.1694,-2.7868,4.7337,7.4037,2.7678,-2.5098,-1.06,-3.1088,-5.527,-7.6718,-7.0534,-8.425,-0.0307,5.2837,-3.9959,-8.8599,0.6548,0.7921,9.9813,-3.2741,5.4433,9.8902,-8.1038,-8.8103,2.1513,-8.4414,-7.9469,-7.3152,-8.7365,3.8215,-2.144,9.494,0.6945,0.7295,-9.5215,3.1484,1.1743,5.3223,-9.8089,9.6811,0.5856,-5.1731,-2.0646,-7.8971,-8.8054,-6.4626,9.8918,7.113,-3.3913,-5.9401,-1.5476,-1.4315,-9.0573,3.604,5.9822,6.6208,-5.7669,-8.8598,9.4384,0.0246,0.0456,-1.9366,-6.8704,-2.7615,9.5164,-7.3275,5.3061,6.0615,9.0264,0.9896,6.3988,3.7231,-4.6271,3.508,-0.9153,-8.7895,-8.715,-5.7516,-4.0387,5.4232,3.6092,-2.7051,2.1099,-3.6449,-0.1787,-3.2458,1.8698,5.0105,-2.8543,-1.1206,1.3935,2.576,-8.658,-0.5403,6.1246,-0.469,-7.7268,5.5221,8.6072,-0.4756,-7.4542,-3.0246,2.2243,3.2251,-0.1374,-3.0148,4.5492,-7.6004,9.3507,5.6243,4.9587,8.9448,6.657,-3.5075,-6.7967,-7.6446,4.7696,0.0711,-4.9201,4.8038,8.8772,0.1273,5.1818,6.8752,-8.039,9.4534,-6.1676,4.022,1.0107,-7.1052,-0.0034,-8.8998,-7.3136,3.8323,-8.8734,4.78,-3.7673,-5.5745,9.5514,6.1434,7.6255,0.3936,-5.0733,-1.9127,-9.5508,0.7418,8.3851,4.8314,0.0624,-7.3806,-7.9506,-4.4624,-5.7676,1.5491,8.3867,7.3141,-4.5617,-4.7716,0.2338,-3.2922,3.6986,-9.1316,-2.2151,-8.822,8.0893,3.6082,-4.5529,-5.0355,9.3705,9.8479,5.8392,-2.3184,-2.9434
-4.3637,9.2852,2.8544,2.6087,-2.9577,9.1159,-8.4289,3.3078,-7.0104,6.9028,8.0142,4.331,-8.9621,3.6616,-1.4647,9.6861,5.8366,2.9561,8.4143,8.7537,8.346,-8.9892,3.1287,0.0311,-5.3207,1.3251,-8.8896,-9.6667,1.318,7.9024,8.5257,3.4672,6.1436,4.3989,9.434,3.8052,-2.1588,-2.4669,7.9549,3.2252,5.5551,4.8673,4.1172,-7.9799,2.9714,-0.5941,7.5155,-2.8104,-0.3461,-5.3265,-4.2104,-7.883,3.1949,2.6324,0.1008,0.6552,-2.638,-4.2592,-7.884,-9.2419,1.7369,-4.9952,4.5961,7.7115,-0.2029,4.1137,5.0543,4.3074,8.0492,9.5838,1.2834,9.4162,-4.1445,4.6312,6.9773,-7.4438,-5.5349,0.2762,-5.2043,2.5482,-4.5608,8.1349,9.1585,5.7275,-1.7064,2.1556,-6.7201,-3.5555,4.3776,-0.3626,-5.8737,-3.6037,-5.6551,-1.0942,9.0412,-0.0566,-0.9597,-1.0815,1.1525,-5.3793,6.1818,-7.3473,9.3266,-4.6208,5.3891,4.8099,5.4705,-7.7955,9.307,-1.407,9.7611,-4.2789,9.4918,-3.5096,-4.7327,-8.9027,-5.1658,1.4535,-8.2639,9.7313,-6.7182,7.2254,-0.7432,-4.2539,2.0904,-2.2929,-8.9059,-8.7384,-8.3636,-7.4105,7.975,-7.997,9.6082,8.0998,-5.1719,9.2609,-3.348,-9.1812,3.2401,5.898,9.6962,-4.588,-8.6001,7.4413,1.1515,-0.2948,4.1909,1.49,5.9232,0.1631,8.3677,4.5682,5.8561,1.9412,-0.5107,-1.732,4.77,3.9371,-1.6645,5.34,7.8905,-7.232,1.6375,2.7717,-6.8927,9.5241,3.4822,0.2697,0.1151,-0.0921,9.111,-6.1432,8.2262,4.0717,0.3237,-9.4099,3.1076,3.0815,8.2416,-1.6846,-3.2054,4.5115,-5.6532,7.2875,0.0642,4.8718,-1.9806,-2.0724,0.5997,9.65,-3.3749,-0.536,3.6281,5.3691,6.0636,-4.7161,-1.641,0.8215,-5.9944,1.1104
6.1804,-7.6064,-1.8198,0.6317,-3.1586,5.6455,-1.3494,-3.2948,-5.2423,9.8061,1.4089,5.9876,-0.4549,-3.5249,-3.7625,-8.5634,8.4871,-9.3868,3.3601,8.7067,-7.8889,9.72,8.923,5.3751,6.442,9.4767,9.2868,9.0963,4.1821,3.4938,-1.852,3.7026,9.7661,-4.2715,1.3296,9.6978,-2.8939,9.9127,0.5088,9.5221,-9.4391,-9.2094,5.9509,7.663,-6.7811,0.3648,-3.9119,0.1736,5.7521,3.9431,2.1491,3.5342,3.0899,2.9715,4.9471,4.8741,-3.4877,9.5242,8.2645,-1.4482,-6.9594,8.5819,1.7301,4.685,-4.2985,4.9222,3.7437,7.2736,-1.729,-3.8334,8.5358,-4.5267,-6.06,1.6147,9.1221,5.4413,7.9598,0.5827,-1.0048,6.8439,7.1461,0.2813,-7.0795,-1.193,3.804,3.5585,4.2404,4.6322,-9.4275,-7.31,-9.1603,-7.7951,0.509,5.7684,7.5796,6.665,6.3137,-1.3461,-1.2697,3.5036,1.0966,5.0049,4.1521,-2.1081,5.0185,9.1198,5.9575,7.868,-6.521,-7.8812,-9.0331,-8.4183,-9.8735,5.2246,9.4823,-9.9259,0.0986,8.7849,-2.7523,4.0937,-8.5808,-3.4937,-8.7896,1.5349,-7.2746,1.7049,4.1369,0.1026,3.2086,8.2014,1.4587,-0.5531,-3.8566,1.4757,7.5234,1.5623,8.7157,-1.485,-4.5248,-1.3792,8.3511,5.3416,-2.4163,2.5421,8.7659,4.4543,-8.3014,-4.9507,4.1213,6.4353,-0.3558,9.8525,6.944,-0.3458,-2.849,6.6848,-3.2588,-8.6749,0.5414,5.9163,-8.3104,4.9312,8.2878,8.2116,5.2249,0.5847,-7.6778,3.5508,-2.9994,-9.2044,2.9256,4.5162,6.8392,0.1487,-0.3071,-0.0842,-7.9397,8.9615,6.9102,8.8749,8.7678,-5.6991,2.1371,3.8586,-0.2475,9.1937,-4.596,-3.5177,8.3285,5.3508,-2.1247,-4.69,-7.7415,2.708,2.0762,0.2032,9.8437,7.7925,-6.4024,2.2078
2.8447,-0.3486,6.1016,-7.3966,-1.223,-0.8911,6.2988,-2.6791,-2.8608,-3.8419,5.9105,-5.3527,-2.3651,3.2014,-7.6816,6.6856,-4.7702,5.894,-1.4392,5.0645,5.4474,8.179,3.1478,3.2522,-2.1047,-2.5148,-1.3889,7.5125,7.094,-0.5079,1.1061,-6.4105,-7.025,3.2357,-7.8895,-8.5853,-3.1631,2.0789,-0.6974,5.3437,3.8278,9.1432,1.0257,9.9179,2.8044,5.6987,3.495,-2.2571,9.5845,6.4937,-8.8113,-3.097,-8.4938,-9.9306,-9.8334,-3.1,-1.7219,-0.2291,-0.2557,3.2146,-4.9832,4.121,0.7297,-0.1221,-3.3711,-2.2171,-8.553,-4.0209,-3.4329,-5.0871,-9.7191,-4.9511,-1.6015,7.4219,5.9432,9.9377,-7.0622,3.0867,-7.6884,-3.0109,-1.0344,-4.1186,-8.3589,1.559,-5.0287,-0.3278,-4.5606,-6.992,-2.7986,2.8275,1.5948,7.7855,5.2233,8.2712,-0.0238,1.2066,-5.9815,9.2116,0.6496,-1.9064,7.2664,6.0562,-7.1639,6.4701,-0.8804,-3.0864,0.4655,3.9045,-2.8879,-6.5846,1.1582,-3.9678,-1.2195,-8.9222,-0.6425,-6.3441,9.2672,1.7311,0.0511,-3.8597,8.1318,3.6781,8.4236,9.9591,2.6767,-7.5456,-0.1443,-5.4721,-8.9171,-4.6003,2.5845,7.48,-9.2006,-3.8827,-1.8629,-9.4471,2.3232,-3.4581,3.007,-7.7544,0.514,-9.3654,-1.5853,7.354,9.3678,8.9165,3.1144,6.8717,6.2892,9.273,8.5786,-8.5091,-2.0152,1.4615,-5.1404,-3.9806,-0.6361,-4.0949,-2.7487,-5.3787,-5.1123,0.0396,8.289,-1.2805,-7.7655,5.7772,-6.7507,-9.9823,-1.8119,1.2703,-5.8092,-5.2017,5.4211,0.3795,4.4291,-6.2727,-8.364,-3.8797,4.2515,6.2058,5.2193,-6.142,-4.4352,-4.6028,7.5155,9.1912,8.5289,8.369,-2.9509,8.3996,7.8069,-8.1844,-1.8193,2.6486,4.1191,3.0396,-2.9767,0.4744,-4.5105,7.9876
-3.715,3.4013,5.6157,-5.9484,-2.9754,-7.5554,0.9115,5.6364,-4.3883,-1.0501,-8.4979,-1.0103,-7.5939,5.6711,-0.9515,-6.1468,-6.64,6.7673,-2.5575,3.8145,5.0905,-5.1599,4.882,-6.2349,-3.0052,-6.9257,-3.8438,3.9676,0.0927,-7.478,0.4929,0.1407,2.3374,4.4488,6.3659,9.13,-5.0599,0.4984,-9.3603,1.8938,-4.1413,5.6691,-7.3146,-5.5911,-0.7513,-6.9573,9.5032,-2.6867,7.0538,3.3282,8.3627,-6.2498,-6.3427,-7.4842,-6.1949,-1.1423,5.21,-0.2148,5.9967,3.6116,-7.3414,-8.035,-0.9892,-8.5398,-1.3146,9.9954,-0.2523,-9.4919,-4.783,-0.0374,9.616,-3.3122,4.8686,7.2479,-9.4284,-3.6246,7.7134,5.0994,1.8873,1.4751,-2.1516,2.7589,-7.4225,9.5897,-3.3192,5.4758,-2.9898,8.8692,-4.3103,3.6943,-0.6395,-4.8883,2.3394,-4.401,0.6416,-7.2572,0.7545,-6.9006,5.4547,2.247,2.5141,8.9416,-5.497,-4.5187,-9.9399,5.0518,-8.6594,-1.8607,-3.9435,8.2916,-6.9294,-8.1914,-2.4035,9.1879,7.8788,-2.2176,3.6266,3.6144,-3.2103,-2.1503,6.1649,0.2492,3.5199,1.7405,3.4893,-1.1238,5.7433,-4.8897,7.2487,-2.7174,0.8751,-7.01,4.9622,9.2293,-9.7584,-4.9366,-3.5943,3.6342,6.7742,2.503,-3.706,0.1008,-6.1362,4.421,3.1571,3.9944,8.7688,-6.5077,-7.6962,-0.2843,1.5326,-6.7416,1.575,7.4579,-3.1699,1.9228,7.0084,0.9803,-8.4633,-1.6947,0.7837,7.0576,-4.8388,6.2969,-6.8294,-9.3237,-1.5829,-4.4289,7.9151,-9.3321,0.2806,-2.3893,-5.5322,-6.6089,5.4134,6.0729,-5.0335,-2.2915,-9.4014,-9.4299,5.0287,8.3381,-4.8427,-3.754,-6.6728,0.9229,4.3804,3.7549,9.5609,-3.5458,7.3704,8.9009,7.2075,-8.6627,6.131,-8.4303,-4.9688,-4.6737,9.4917,-5.9148
-5.8126,1.4639,-1.8858,9.3368,-8.4014,-1.7564,4.8351,-4.1647,-1.4502,5.8469,-7.2537,0.5633,7.7353,-6.2087,9.7884,4.6361,-3.5121,-9.4982,-7.5509,-4.5858,-0.7091,-4.7502,1.1166,1.48,3.563,-8.7429,-8.5334,8.9936,-8.8327,0.6889,-7.9351,-2.0435,-0.5749,1.7258,0.7836,-7.8882,-9.0674,5.6502,0.5486,8.2073,3.8053,9.0286,7.4104,-5.7466,4.0777,-3.8131,2.9333,-3.209,7.6225,-3.9548,-1.74,2.7897,2.8376,9.9517,-6.9783,-5.8458,7.4625,9.6785,-3.5753,1.6758,-4.6336,-9.0087,2.5451,9.399,-1.7745,-2.239,3.961,5.8642,-3.7762,-4.6751,-1.9304,6.6143,4.5512,-8.9448,-7.8279,3.1168,-8.9188,5.6753,9.8301,-2.3452,-2.7408,5.8587,0.8741,0.4878,4.5933,8.0106,9.6147,-2.4526,9.451,-2.8329,4.3666,-2.0906,-8.3227,4.8903,-9.1958,0.7018,2.7811,-0.989,9.1885,-4.5418,-4.5291,5.7094,5.2509,9.6958,3.9536,-5.3195,-9.0782,-9.5644,1.3498,4.4708,-0.4305,-7.2903,9.5811,4.2311,-5.2533,-5.1909,-2.2853,6.3132,0.3135,5.8669,7.9531,-9.9583,1.962,1.4123,2.6425,-1.4679,-4.988,6.05,3.9986,-6.2624,0.2312,-7.5214,-1.3619,6.565,-9.4023,8.2462,2.1379,6.7237,0.9518,8.1529,9.0828,-2.0144,0.4391,-5.8549,-0.3256,-8.2165,3.0319,5.3337,-4.04,-9.3536,0.6782,-3.5258,1.1914,3.0022,-3.3328,2.774,-2.5185,-2.1495,-4.0426,-6.5407,-2.5933,-1.5648,3.2178,5.6315,5.2944,-5.267,4.6066,-5.6811,-2.455,-1.0557,-3.2847,-3.6568,7.4514,6.2461,-9.4482,4.8981,-9.1,-2.0169,-9.8084,4.7371,1.7277,2.7378,-8.4763,2.116,-7.1635,-8.6146,-4.744,-6.1069,-2.4023,6.6581,-1.2312,9.3228,0.2149,2.7781,3.6138,-8.5063,-0.7068,3.5388,5.8227,-0.4686
-3.1717,7.4501,-9.9781,-9.3914,-3.4279,-6.3296,-1.0776,-6.7739,1.4355,8.6512,8.2365,-3.1459,3.1355,-4.2403,-5.9224,2.1146,8.7368,-3.9964,-0.7837,3.9347,2.6711,9.9398,-1.4126,-0.5134,-5.811,6.129,7.1946,-3.7007,-3.4467,-1.6983,7.1854,0.1424,1.9702,5.5802,0.7004,1.9478,8.6115,2.7754,-8.2772,2.5966,8.2592,7.0271,-2.8189,4.7116,-9.919,-1.4236,-8.1741,7.5813,-9.1299,9.4569,-0.8003,2.361,-3.733,-8.7124,6.703,9.6295,-3.5427,9.1756,4.8367,-6.304,-4.5271,4.3016,3.0653,-5.8373,-9.0205,-7.8961,0.6189,9.1785,-5.92,8.0188,5.879,-9.4763,4.0531,-1.0243,-2.6105,-3.0163,2.3583,4.1767,6.6596,-7.4052,2.6436,6.3355,8.4659,9.4732,-5.2106,7.7397,-0.2647,-2.9958,-1.6812,7.0755,-3.6133,-2.2241,5.3335,3.2059,4.69,4.3535,3.8642,-7.9222,-7.9783,1.0083,-5.8253,0.1728,-3.035,7.8649,6.403,-3.3478,-7.8218,-0.9924,3.406,-0.7972,-9.0034,8.1775,-2.9643,0.2055,-5.6154,9.1114,0.3496,8.5981,-0.7293,0.8803,-4.3296,9.642,4.0971,1.1808,9.0856,5.9808,3.457,9.4481,-9.6549,2.424,3.4077,9.3436,6.5488,5.6877,7.4836,-3.3798,7.3245,-5.6217,-6.7999,-3.581,7.2638,8.1855,-3.776,-8.4521,-8.355,-2.0193,-6.5194,5.8493,-0.3812,-0.4176,4.3585,1.613,5.4239,3.2191,-1.8891,-2.8426,-4.0677,5.1508,5.581,-6.9319,7.988,6.8291,7.856,4.179,-7.8104,8.8354,-7.8497,0.7194,5.5298,-6.7804,-9.5592,0.5065,0.2725,-6.5114,-6.4126,2.8178,-2.839,1.6231,6.7943,-5.3048,-7.9023,6.0619,-8.1397,-2.5367,4.4477,1.2894,-2.884,1.0113,5.926,-1.9155,-4.4939,-5.2557,-7.9382,5.3842,-8.4462,2.7462,-1.8514,9.2792,-7.1574,-6.0922
8.2829,-0.3161,8.5363,9.809,2.0352,8.878,2.1039,7.0245,8.8801,5.5911,-4.1985,3.8559,-4.9851,7.8637,-3.027,-9.0732,0.486,7.7245,3.7663,-3.8576,4.3804,-1.6587,-5.1283,2.9046,-3.8176,4.3443,-8.5213,4.0851,-5.9029,-5.8446,-8.6772,-2.1974,-3.9885,7.3488,3.6882,8.4107,-2.9205,7.5152,5.4062,7.6467,-9.5051,-7.2389,-8.723,0.3951,9.8839,5.8703,-7.4868,-4.7012,-2.2724,-3.7908,6.0065,7.4405,9.9221,-4.1344,4.3094,-3.0419,2.3813,-9.5598,-5.7177,3.5551,9.9742,-7.4644,6.7419,-0.0685,-1.0508,3.013,4.931,0.8722,-9.5499,-5.4822,1.0426,1.9489,-2.041,7.1878,-6.3138,4.2534,-0.0861,1.7564,-3.7638,-1.7734,-1.8211,-4.9269,-5.0308,-2.1917,0.4824,1.7989,9.0044,-9.7156,-2.9837,1.8955,7.9668,8.6732,7.372,-9.4539,-2.4466,-7.6809,1.201,1.1033,0.9336,4.5889,2.4709,-8.6174,-2.0749,-6.959,5.0208,5.8583,4.2347,8.3432,-0.5483,6.687,6.8647,4.6232,4.5807,3.2612,-9.333,-9.2176,-6.1706,-8.6604,-8.8628,5.9867,-5.721,4.1055,-9.0018,5.255,5.4181,1.4682,-2.5326,-3.5664,-0.9748,-6.0841,2.0786,2.616,-7.934,0.2381,3.2288,8.0932,-0.5561,-3.04,2.3416,1.463,-2.096,-5.0154,-0.7066,-7.5185,7.7241,-7.4718,4.6228,-7.5594,8.0205,8.8575,4.8642,-1.2345,-2.4483,-2.4647,-6.0718,6.6923,-6.1264,-1.877,7.5648,5.858,-8.3884,8.0124,-1.5003,-5.7009,-8.6874,9.8009,-2.8143,2.3906,5.8817,2.0473,-2.4813,1.4037,-3.8798,5.2205,-3.0147,3.0385,0.9066,2.4313,6.5543,-1.9372,7.2794,-5.8552,9.9762,-5.9158,-0.1109,5.8266,5.682,-2.4506,-7.1932,-7.8997,5.6329,5.8633,3.8975,-1.166,9.4096,-2.2684,-1.6058,-7.7094,7.1427,8.1758
-5.7766,2.5543,1.0288,-5.773,6.537,4.0974,0.1605,6.8351,-1.2698,7.5895,-0.8213,-1.8386,3.6724,7.6805,-8.7158,-0.4035,8.1222,-5.1507,8.0988,2.3625,0.9911,6.3439,-8.0291,0.9508,2.3833,2.2215,6.671,8.5858,4.7351,-4.0152,-3.7097,-7.071,-2.6432,8.5418,-1.2908,7.4539,-8.5924,-8.9029,-1.7815,-8.0215,-5.7273,-7.9942,-8.9933,1.4899,5.337,-0.1336,9.445,3.008,7.2233,6.3386,-2.5102,-0.8842,-8.4538,2.6071,2.1239,4.8715,8.3672,9.6588,5.8296,-5.1368,5.2413,-4.1759,5.746,-8.4471,-2.5736,-5.0229,-7.5204,9.6137,-8.3947,3.9891,8.3498,6.1156,6.9201,-0.3411,7.2622,2.0093,-9.4675,-2.6552,0.7542,5.4459,5.9718,-5.8053,7.0246,-9.2142,9.8399,3.4715,-4.6024,8.5172,6.3824,3.4663,-5.7142,-2.7703,1.3797,-0.9895,2.6098,-0.3598,-7.6258,4.357,-7.6869,-6.2222,-2.9687,-7.052,-5.6285,7.2089,-3.0338,-3.2959,-2.9998,4.1278,-1.55,2.6405,1.3957,1.477,7.4794,-0.2312,1.7082,3.875,3.9634,6.9923,-8.7244,5.9502,-8.827,-6.2691,-7.3756,-4.2183,4.3048,2.1471,-4.1452,9.7499,-0.4765,3.7114,-1.1089,2.4015,9.3978,-0.4415,-9.1465,4.5057,-9.085,0.5953,1.8446,5.8246,9.7978,0.5641,-6.0228,-8.4512,-7.6864,8.7207,5.4759,-3.2639,-2.4335,-8.6717,-4.1605,-6.0175,4.1129,1.0316,4.142,8.7553,6.6806,-6.0344,-0.4372,-6.8625,0.7559,6.1441,4.4511,-7.2729,-7.2327,7.6492,1.5744,-5.7581,-6.2447,-2.3186,6.2029,3.6082,7.8279,2.9634,9.3673,-8.4381,5.816,-7.3784,-7.745,-7.6914,3.5091,-8.6374,2.6911,7.3725,2.8472,4.9729,-4.8028,-4.337,-9.4805,5.9756,8.1675,2.3433,8.9832,5.3005,1.2199,-1.8473,4.2722,-2.8323,-5.9656,3.2776
7.9915,7.3451,-6.7613,0.1396,-5.1167,8.4027,-0.9554,-2.7625,-9.7723,5.7926,4.9719,-1.7184,-2.6443,-5.495,-5.8813,-7.9262,-6.6268,-8.9826,-2.7251,9.6713,4.6084,-4.8537,4.7278,5.6295,-5.7523,9.3199,-2.0906,1.9484,8.2569,8.3499,4.9761,-5.0112,-6.0334,8.601,-0.1819,-8.0511,-9.389,5.6543,-4.8425,-0.7531,-2.2182,2.9642,-6.0442,-1.3063,7.2119,2.1042,-8.7082,-3.9158,-7.4163,5.9038,0.8738,2.0599,9.0164,9.6207,5.9501,-3.0191,0.9754,0.398,-6.1684,-9.0737,1.2291,-7.444,5.0214,-4.1934,6.8796,6.3718,-9.9506,-4.4878,-7.7208,-0.6602,7.343,-9.8433,-0.6652,-1.5295,-3.7678,4.3468,-2.5148,-6.3564,0.3069,-1.1534,-1.5496,3.7637,-3.6443,-4.1793,6.3424,3.4351,-4.9527,3.2964,0.3348,1.2493,-4.2254,8.223,6.3187,-7.9496,-5.6319,-1.6318,-5.1732,-9.7033,-5.8231,-4.4168,-9.7819,-0.2042,-8.0277,-3.0631,-7.5121,7.7937,8.0666,3.8888,-0.3762,-5.9459,-3.4112,-7.8851,-2.4811,-4.2498,-9.0177,-9.1993,-6.7153,5.5512,-4.3075,-6.379,-0.9164,-8.4324,-6.2369,3.7151,3.0508,-6.0849,-5.3672,4.0141,-9.002,-1.637,-2.1444,-1.5456,0.9207,-8.3967,0.8548,5.1712,1.7249,6.8267,9.5086,8.8126,4.841,-8.443,-3.2659,4.7995,-6.3454,-5.7817,2.3454,-2.8932,3.855,7.9156,8.0537,8.3375,9.3314,6.6039,2.3201,-9.648,-8.1538,-5.5685,-0.791,7.7579,0.7219,8.0858,1.7625,0.362,-4.6564,-6.9732,3.8445,-6.0911,-7.7967,9.0141,-4.5897,-2.9745,6.6032,5.2726,9.8621,7.4258,8.4298,-4.736,3.502,8.2943,-0.6965,-8.1163,5.7318,8.7477,-3.2874,4.8106,9.0097,-0.6033,-6.6025,0.5953,1.7209,9.8336,-4.3512,3.1779,1.7459,0.623,1.3253,-5.8654,6.6291,-2.3946
1.5923,6.5857,1.9778,-0.9252,-8.2015,9.889,9.9732,-9.1072,6.6652,-9.337,-9.4245,-2.1099,-5.699,-2.5386,-3.3569,8.4812,5.656,7.5229,-8.7147,3.0356,6.8772,-7.4345,-1.7452,5.3465,8.9095,9.6038,3.0604,4.465,-4.5151,3.3255,5.5391,6.5401,-3.8572,-7.9107,5.7291,8.6534,-1.0202,-4.0398,9.9572,8.5597,5.8764,-5.1017,-0.4636,-9.7479,-3.1835,1.2166,9.4059,-6.8861,6.1223,9.4182,-3.42,7.1311,6.3781,9.0111,3.148,4.5822,-0.1477,-1.0881,-8.4343,2.8115,3.5962,2.2672,-4.9319,-2.4204,-1.2971,6.7169,-4.547,-5.2422,4.6623,-3.749,2.5692,5.9997,3.5221,2.2133,4.9985,-1.5184,6.0766,8.1747,-1.2744,-0.8463,-1.6964,1.9784,-1.192,3.3224,0.0038,0.4353,-7.5753,3.8064,9.3609,-5.1479,0.9995,-0.1202,-8.6934,-8.3072,6.5991,-8.1727,-8.7132,8.2506,8.9664,6.7465,-4.5042,-2.0986,4.6041,2.3222,-7.7767,1.4294,7.2468,8.9186,-8.5633,-0.4944,-9.3589,-3.3628,9.6996,-4.5305,-6.1718,-7.9916,3.0294,7.6588,-2.5401,-2.8032,4.842,-5.7665,-4.9431,-8.2234,5.466,-4.4817,7.3049,-0.9288,-2.8246,-4.459,9.0435,5.5836,9.0766,8.1385,2.7777,9.0203,-1.716,9.3488,2.5833,6.1678,9.5386,-4.3954,1.024,-8.6709,-7.4313,-4.7252,9.3113,-2.4635,-6.3508,-1.6096,6.5902,5.114,-5.5051,-6.2833,-2.0,1.5332,-4.3537,1.321,-2.8308,6.5233,3.955,2.8489,1.5579,5.2258,-2.4359,0.2001,-4.9853,-8.7682,2.4924,-4.0308,3.2989,2.7061,-3.9796,-9.9729,1.1411,5.7913,-6.0758,-4.0885,5.4432,-7.1758,1.804,-9.7244,8.1949,-2.0086,5.7094,1.7147,-8.3273,-9.6194,9.6516,-2.6454,3.3166,6.6828,4.8051,9.084,-2.6856,-1.4453,7.8183,-8.88,5.6981,2.9907
0.6206,-9.0423,9.4328,8.9343,8.2518,-1.553,0.3782,0.6982,-8.7316,8.1041,7.9066,3.3516,7.6122,8.0083,2.8076,-7.708,-9.4253,-1.7723,4.9318,2.603,-1.2105,3.2183,0.809,1.4055,-6.944,-5.8157,-2.1486,-8.9532,-0.0962,-0.8041,-3.286,-1.2957,5.1278,-7.3456,-2.1289,-9.6879,7.6399,-2.8983,-7.0915,8.4923,-5.544,8.8789,-8.3865,2.5896,1.2835,-6.332,1.56,-7.2244,-7.6777,4.3552,-0.3406,2.9551,0.774,9.9114,-5.6345,-7.3787,-4.1287,-1.976,-2.1742,9.1342,-7.382,4.1074,-3.5313,-8.1653,-2.4948,-4.4274,-4.9521,1.0557,-6.4903,7.8897,-3.4694,-9.6418,-4.4701,-2.6962,-9.1888,-4.2288,-4.5108,7.8637,3.298,0.7025,-4.9415,7.768,5.7303,6.2925,-2.9572,3.3426,1.5914,-7.6276,-6.3203,1.9761,0.631,-6.8977,1.2555,5.5732,9.7394,1.6613,-1.1432,-5.7848,8.805,-0.2613,-5.4274,6.7172,8.3443,-9.9911,-6.8563,-3.3161,-3.1975,8.6449,-5.0057,3.9972,2.7087,-1.6867,-5.6263,-1.1393,7.4648,4.6814,0.8489,-2.7126,2.1538,-6.0239,0.6893,-8.3912,-1.4859,-5.1556,8.9909,-0.0312,5.2237,0.5447,-7.5768,6.265,-8.2887,1.0262,-2.9657,9.2765,-9.5629,-2.4475,2.3893,6.6028,6.0366,-0.8895,-1.7684,6.2187,-7.1949,9.7097,-9.3533,9.3502,5.6468,-6.6105,-2.5489,2.1179,4.783,-0.9284,2.3283,0.1956,-4.6207,-3.14,7.9567,3.4513,8.9439,-4.3828,-6.0504,2.2757,-5.5958,-9.8076,-3.308,5.6475,-7.9854,-8.8922,-2.5412,-6.4469,9.814,-3.7408,-8.3417,-2.4662,-8.2692,6.1552,-7.1719,8.4697,5.8594,4.0057,9.0312,-8.7846,5.4095,-5.0635,-1.63,-2.9328,-1.0874,6.5989,6.1726,-8.8895,-0.8657,-1.9878,-3.0337,-8.608,-3.356,-9.857,9.2486,-5.4356,7.4236,0.7641
-2.8976,-8.4083,3.595,7.6673,4.9125,8.2635,4.9447,4.6201,-3.9366,-7.4825,-9.0849,2.8644,-2.6359,1.3446,-2.2504,-3.703,2.9082,6.5095,-5.0052,-2.8434,-8.841,0.9132,-1.33,-2.042,-3.0604,-6.6116,6.9731,-5.5974,-9.9382,1.1978,9.6226,1.953,-3.007,7.1472,-6.9785,-9.0698,9.9616,5.1028,5.9302,-1.9823,5.2451,-8.6622,3.1672,-7.4786,5.9559,3.9268,-4.0176,-2.151,-2.7648,4.3181,-6.0105,-6.423,5.3255,-9.8884,-2.2039,-9.9511,1.7676,6.1853,6.9872,5.2517,-8.8087,-4.236,-7.5483,-2.1523,1.283,9.7634,1.6628,-1.5416,-4.4056,-1.7039,-4.2864,-7.4869,8.3609,-9.2335,3.2177,-0.2171,8.0472,-0.0748,4.5463,0.472,-0.6323,-0.9195,-0.9668,-0.42,-3.4578,-3.8953,3.7518,2.3672,4.4391,9.2416,-6.3322,-1.813,-4.828,-0.261,-5.3554,5.9665,-0.8593,0.1765,-9.3931,-4.0441,8.3537,-6.0066,-7.3191,8.2156,1.428,8.119,-5.6031,7.2429,6.4447,0.9678,0.5295,-5.0233,9.8576,9.5013,2.8474,0.5301,-0.3881,0.0106,3.728,-5.6814,7.414,5.7633,9.9252,-5.3301,-7.1016,0.9729,-9.0235,-1.5832,-7.61,5.7843,-1.6587,9.6135,9.7007,-5.3126,-2.7818,-7.4137,8.8902,2.6002,-4.5956,-9.8717,8.575,9.5651,-8.4574,0.3454,-3.0535,-0.5864,4.0044,1.9664,5.9337,1.9669,0.9076,-9.8896,2.8238,9.9025,-6.2416,6.4808,-5.6437,-6.9695,-1.6684,8.2967,-2.7931,-7.9878,6.0802,-4.832,-3.0754,-2.5212,-7.4727,-3.2984,-6.5549,-8.8803,0.4694,-5.4576,3.9399,-6.1628,0.6888,9.811,-2.4656,0.425,-1.2422,6.1253,-5.8914,-2.4792,-8.7288,-8.3438,0.0256,-9.2128,6.2802,1.4557,-0.2377,6.3099,6.4766,8.1181,-1.7573,-1.0132,7.299,-1.9197,-6.9928,-6.8506,-9.3735,1.0321
-2.7284,-8.2157,1.748,-8.6297,-8.784,-3.7649,4.1897,-5.3515,6.8646,-5.4289,6.5164,-5.4363,-2.2015,-3.9517,-8.95,-6.3643,-5.646,-4.8354,-5.1317,-5.0663,1.0071,-4.5721,2.8229,-1.6543,-3.555,5.5662,1.8727,-8.8153,-2.6789,-8.7642,-2.4115,8.1274,4.2922,2.4856,9.9407,3.518,8.035,-6.8045,-7.1992,-0.3249,8.6692,3.2273,8.1483,7.7597,7.5182,-7.8878,-7.5254,9.081,-8.0199,-2.4562,-3.658,-7.893,-4.8445,7.7047,-8.2779,1.3058,5.4892,8.7012,8.6388,-0.4139,6.5932,4.0016,1.0142,8.3189,3.3435,-5.897,6.391,-3.7022,2.7759,-6.433,-8.2013,1.3167,2.3068,6.336,-7.7416,0.6484,-3.9685,5.9969,0.3963,-5.5201,4.9386,9.454,-2.025,-5.0594,-1.5704,3.8829,-9.6757,-0.3293,6.0797,6.1139,0.475,2.1824,-1.3531,4.9908,1.0232,8.8192,1.1142,5.5521,-9.7688,4.8897,1.0192,-6.4405,2.8821,-3.5897,0.8422,-2.0799,-1.3284,-5.9891,-8.3307,-8.7905,4.9943,3.644,-0.9161,-1.2524,-7.5708,1.4085,-5.2974,9.9837,-0.8814,9.3365,8.4257,5.9282,-5.9215,4.3664,8.9524,9.0618,-2.8915,2.0094,5.558,-1.6184,-4.8406,3.8471,4.7218,0.2427,-2.3585,-4.7831,4.263,5.8395,7.878,-5.1742,8.6427,9.0983,0.2045,5.4753,-5.9822,8.3553,-3.2142,-7.697,3.6321,-0.1083,-8.8921,-3.4166,-5.2299,-5.7865,-0.6869,9.6645,5.4911,-0.8385,-9.8409,-1.172,-3.2145,-3.7681,8.8876,9.047,1.2553,-0.2026,-4.7444,5.4679,2.9211,-1.6059,-5.7161,-6.1229,-6.0011,-8.7072,8.1681,-4.9533,5.7128,-5.1517,2.2824,-8.1777,3.3599,-3.6295,6.326,3.4263,-2.7713,-5.2559,9.7775,0.0086,6.4234,-7.3549,2.6616,2.148,3.7397,-1.5937,5.1145,5.5692,9.9934,2.9803,-2.1126,1.3083
-9.1636,-7.6758,-7.3508,-1.5242,-5.121,-2.9622,5.2038,3.4874,-7.6289,-4.7986,-0.8836,-7.5462,5.694,2.6485,0.5681,7.7028,-3.7116,-5.0038,-6.8674,2.551,3.0488,3.9448,-3.767,9.8902,9.5488,8.3575,-6.2119,-0.3471,4.6648,1.9674,-0.1657,8.36,3.7809,-4.2812,-4.7158,-9.7385,-1.3294,-8.4652,-9.8056,4.8953,-9.9358,0.9434,-4.5708,7.2789,1.3934,5.9021,-1.9465,9.6946,-0.5237,-2.038,-0.27,-5.5291,8.8416,0.556,2.324,-5.2353,-8.2691,2.6869,-6.0219,-3.6077,2.5864,7.4898,-4.1552,-0.2442,0.4308,6.335,-1.9489,9.789,-1.7583,4.4768,-6.1681,4.6574,-8.8101,2.5372,-3.5751,5.1178,-5.4097,-5.9879,-7.7081,4.5438,8.4793,-3.0772,-3.5824,5.0093,6.5952,7.3057,7.4258,6.8976,0.4844,7.0877,0.5201,-9.5206,-8.4663,-6.121,8.1295,-5.6696,-5.404,-8.1236,-5.5014,1.7374,1.5679,-0.507,7.6293,-0.0924,-8.9238,0.8915,-4.4481,-2.9361,5.237,-1.9066,9.3084,-5.3646,-4.4218,-3.2613,9.3419,4.7935,-0.4864,-1.9939,1.3021,-0.1814,0.9956,-9.7808,-2.4074,2.2199,-3.8244,7.5228,-7.1857,-0.5756,-3.5696,-1.8587,3.0919,-6.3674,-5.2007,3.6746,-4.8882,6.4717,-8.1718,-5.9379,5.243,-9.8268,-2.0819,-8.815,-3.2295,-0.6131,-0.2507,-9.2383,-0.0892,7.41,8.1603,-3.1874,-3.7183,6.6823,4.9576,7.004,-2.0814,6.6638,7.4596,-9.1092,8.1456,-3.6298,-0.0099,-2.3175,-5.4261,4.226,-1.6928,-8.56,4.3947,5.5339,0.8714,-5.148,9.001,-1.3414,9.1,-9.8156,-5.0332,-3.2069,1.1607,8.5014,-7.5062,6.3893,-0.0441,-2.9358,-2.0816,-8.2871,-6.825,1.2085,-1.0287,-1.5558,-2.7103,3.0776,4.9968,9.0894,-5.1883,8.7232,6.794,-8.894,0.2178,5.5842,0.8028,6.0366
6.8936,-4.9104,1.9144,-4.3472,-7.2093,-5.5058,0.1832,-6.6055,-7.0436,7.9337,8.0014,-9.9664,-1.95,-9.0454,-5.6577,-8.1079,3.011,6.8927,8.9507,6.0195,-2.3026,5.208,5.8834,-4.3824,-9.6212,-5.7321,7.5082,7.3116,-6.4625,-0.6239,2.0427,-5.8449,5.8679,3.5028,0.86,2.8097,-3.872,-3.3671,9.8888,-7.5714,1.0579,-4.1119,-2.376,-9.6717,0.7778,-8.238,4.1925,4.5111,8.752,7.1207,0.6709,-8.1049,-7.0907,0.0468,2.5738,-9.7786,-7.6895,1.9902,-9.3064,8.2919,3.5601,-6.3222,-6.164,-4.1872,-0.4475,-4.9858,6.101,6.7314,-1.0183,9.6784,-5.6239,9.714,-2.5222,1.2048,7.7505,4.9054,-8.3348,7.9012,0.1938,6.834,-8.1054,-4.549,0.273,-3.7528,6.3101,-0.8676,4.7938,8.9376,-3.1046,-5.8539,-2.8395,-1.2408,-4.5837,-6.378,8.9387,6.4055,2.2741,-4.8467,-1.3886,-0.9306,0.0501,-7.0407,2.884,0.212,6.332,1.7824,-9.0137,8.6851,-6.4984,4.923,5.0014,0.861,2.197,4.2722,6.5539,-5.0103,-2.9127,5.7162,3.9056,9.1534,-2.599,5.0835,-4.0757,6.6589,-5.701,-2.7326,-6.8219,-2.1861,1.359,4.3326,-7.0541,9.1142,-8.2184,-5.1161,-9.8884,7.1338,5.0136,1.3291,-5.5099,0.7188,3.5246,-0.6123,-4.6883,7.6407,8.3003,-9.3033,-4.388,-5.4483,1.4964,4.4627,4.5589,2.2297,8.0948,-6.0074,-3.5821,-7.3594,9.7242,6.3605,-4.401,9.3838,-1.6224,6.2861,6.4962,0.4887,-2.7592,9.1727,-2.1494,-6.2881,5.817,3.3914,-9.605,4.5729,3.3778,6.2658,-3.8534,-9.5368,-5.6625,0.2453,-4.3944,-8.0823,-8.5154,3.4076,-2.7343,6.6646,-4.0676,-1.9341,2.659,-1.5163,-1.5999,-1.5391,-6.0852,-1.9707,-8.4863,1.0195,0.4709,-3.3502,-5.5126,7.0835,7.5968,-7.6777
5.6092,3.4234,-4.8594,-1.1957,-1.1274,0.3387,-6.3876,-0.7363,8.8612,5.055,7.2477,9.9084,-5.7482,-2.3262,-3.0066,-4.3018,6.501,3.3764,6.7326,-2.9309,-2.0034,-7.209,2.4011,4.9802,-4.5209,-2.1608,-4.3814,-3.0731,0.1103,-9.7513,-9.0465,-7.1774,6.1601,3.2489,-5.1487,-7.1214,5.9925,6.3383,1.4222,-4.0528,-3.019,9.2071,-7.6416,3.4633,2.0905,-4.1142,7.2518,-5.7558,0.3017,8.4123,2.7273,-1.9628,-6.2131,2.2717,-7.3131,4.2088,4.1562,-9.7529,9.1447,0.0988,2.4699,0.5563,-6.7155,-6.9435,5.4264,-9.15,-6.4582,7.7604,-3.919,7.7036,-6.352,-2.3876,8.6005,-3.3098,9.9399,-2.9766,-3.5979,2.8073,4.5661,-0.6814,0.1062,2.3296,3.8293,0.1146,-2.8377,-8.0016,2.2964,0.889,8.5228,-0.2797,9.8952,-3.3916,-1.7248,4.7181,9.369,-5.0067,-0.9745,-0.5631,2.4766,-9.8029,-7.8067,-4.0081,-8.1087,6.8281,3.0802,-1.762,2.4634,5.5287,-9.4003,4.8697,-7.3153,8.2288,-1.9464,5.5083,9.4677,3.7784,3.9573,9.5148,7.8589,5.919,-3.2929,1.1141,6.653,9.23,-5.8875,-0.9621,1.7298,4.0771,-5.824,-5.1593,-3.9883,5.0961,6.3814,1.9119,8.3118,8.9882,4.9228,0.8345,5.6629,8.5845,-6.6095,8.7449,-4.7867,-8.391,0.7458,0.0028,-1.3108,6.5025,2.0445,-7.1798,9.6953,7.4339,8.2333,3.3366,-5.7698,-8.894,-2.2087,-8.8518,-7.6861,9.8414,-5.0211,-8.6914,-5.3866,4.0144,0.3902,1.2159,5.2193,-3.621,-2.4291,-9.8491,1.1415,6.0776,-6.0519,-8.2434,-4.2372,7.0369,1.2281,-1.9811,1.6431,-0.0847,-0.4152,5.0637,3.8408,3.6686,5.6446,8.1003,3.0712,8.3431,3.1662,-5.8259,9.8846,-4.222,-8.0088,-4.4583,-7.4465,-5.8027,6.0815,-8.7062,-0.0236,-2.4016
-2.7881,0.0029,-0.8484,-5.0261,-7.4009,-7.5324,-6.9115,-3.1697,2.7971,-3.0457,5.0895,1.4419,9.5918,-7.3151,-5.2062,9.8143,4.8458,7.1895,9.8789,-6.2043,0.3099,9.0683,5.1878,-5.5436,-4.3399,0.0558,3.8956,-8.7304,-7.7464,-9.638,-4.8664,2.7744,4.8083,-7.3458,-9.3755,-4.909,4.2806,3.3288,-8.6726,-8.7423,-5.859,-4.4027,-0.3019,8.2129,6.7568,-8.9815,-6.8156,-4.7469,1.0596,2.8403,-7.9089,5.088,-9.8292,-3.2913,-7.9564,-7.0281,3.2096,-3.2298,6.5197,1.3924,-8.6622,-0.2992,-0.3689,3.0705,4.86,1.9785,-1.9623,-1.7401,-8.3719,3.9143,7.2425,-8.2684,-6.1621,7.7508,-6.0886,3.5211,3.5511,2.1243,-3.5887,8.1094,-0.2902,4.2569,-1.3784,-0.0921,6.4117,4.1289,5.9239,1.3055,-7.6571,3.5832,-8.5125,2.4129,-5.2062,-3.7203,-9.0869,-3.0499,2.1452,-6.2735,-6.5787,-9.5385,8.6617,3.9409,-4.5607,-9.9834,1.8484,5.2185,5.754,0.8896,-9.1815,-3.2468,-5.0991,-1.3785,-0.5749,-4.4412,3.9265,-7.804,-9.6918,-3.9033,6.0048,3.1896,2.1529,-9.8742,-6.4514,4.6683,-1.8372,-7.8478,2.8724,6.4234,-4.3988,6.2277,-6.8597,-1.0882,-2.0067,-7.3018,3.7989,1.1188,-0.633,2.4871,5.7377,-4.402,4.0075,-3.4612,5.4443,0.6028,2.2998,-1.4343,6.2792,9.642,-1.9388,2.0613,-1.48,-6.7206,3.5139,-7.7749,7.8818,8.5978,-3.4593,0.7029,2.4537,-4.9102,-3.5936,6.9649,-9.0211,2.9672,-7.9678,6.1526,3.1271,4.0933,-6.9408,-4.3271,-6.169,-2.6065,0.5996,-1.0768,-5.8917,-1.8341,-6.6762,7.3889,2.3419,1.5049,-2.4656,-6.2983,-8.077,1.7718,9.0238,0.5503,3.7441,1.7246,8.2289,9.0592,7.0001,2.177,9.6504,1.0726,-0.1409,-1.8461,-1.4632,-8.1531,-7.9002,-6.1468
-3.6092,7.1264,-7.1777,6.2789,-0.6567,-7.6663,-5.8039,-7.2692,5.6258,-7.0172,-1.5123,5.7633,-3.7324,-8.6316,2.5488,-9.2978,-2.8462,-6.0798,7.1717,-4.0048,1.6203,-4.7481,3.0936,8.2811,-7.127,-4.8592,-8.2764,6.9705,9.3264,-8.1948,5.9979,-1.5438,5.9425,-5.8185,1.1912,4.4764,3.8339,4.4465,-9.9141,7.5838,6.3908,-9.3655,5.1602,3.3993,-1.1048,0.889,5.2308,5.6577,-6.9407,9.2442,2.3352,7.8253,2.7363,0.0607,-0.6027,8.7726,0.0254,-0.6479,-9.9771,9.3392,6.7312,-2.6348,3.3837,8.9836,-9.525,-7.2134,4.4613,5.1992,5.5238,-3.6938,4.5633,-9.0221,-9.2713,-0.3666,3.3064,-6.8275,7.5326,-3.9968,-8.2833,2.7405,2.8428,-1.049,4.8842,-0.6859,-7.4669,0.4391,7.1114,-0.6305,-6.3978,-1.9444,8.5562,2.284,8.1408,5.2495,7.9491,-7.5157,-2.6758,-8.2853,-3.9935,-4.727,-6.9271,-5.0296,-1.7035,-4.1992,7.8259,-1.892,-5.4961,-1.3793,-9.6875,-3.7869,-0.7854,5.1932,-6.4462,6.5189,-7.9388,-3.0498,6.3167,-4.3064,3.9247,-5.0656,-9.7924,-6.422,2.039,9.8917,4.9725,-3.0224,-7.8757,7.8309,-8.683,3.914,2.1356,3.4679,-6.8714,3.538,-1.714,-0.1103,-3.95,8.4547,6.4027,6.6618,9.2912,-1.8251,7.1556,3.0856,6.5599,2.5417,9.5366,3.9561,5.8349,2.241,3.8854,-2.8334,-0.0896,-6.6581,2.2735,-1.8117,2.5583,7.9473,-7.3241,0.2743,5.2142,0.5687,4.4029,7.8021,-3.3242,3.3538,5.8722,-4.5766,1.8285,-3.6082,4.4191,4.7918,0.3691,-0.9903,5.2045,9.7229,-5.2273,-3.0307,8.3339,-5.2292,8.6015,-6.2267,2.2309,-7.0943,3.0672,3.9381,-1.4013,-0.9274,9.8163,-6.6438,-9.5041,2.2682,-4.8976,-5.4083,4.0424,-7.1755,-4.2665,-9.1215,-1.3355,-2.5105
4.8378,-3.1461,2.3102,0.2008,1.3829,-9.0958,-7.5334,-6.0425,2.0933,2.8616,5.46,1.4779,-7.7237,0.2434,9.0137,0.3454,-4.6189,3.0778,-5.448,-8.9676,-7.3404,-0.0085,1.03,4.789,-1.7288,-4.0334,8.5445,5.4513,2.5516,6.2943,2.3984,2.8779,-9.0249,9.5784,-2.6714,3.5431,3.4684,-6.5704,-6.1203,7.9798,-3.2956,6.0591,2.3728,9.4996,5.1978,0.9958,-2.4573,2.1671,8.7013,0.8158,-8.21,8.7281,-8.7221,0.7552,-4.2396,-6.7845,6.1378,-0.1413,-7.0759,-4.9169,6.7949,-8.368,-5.2669,-0.881,9.9295,7.8046,4.7787,-4.0006,-5.784,-2.0085,8.0895,-7.2369,8.0318,-4.5209,-2.0557,-4.2031,-3.6532,6.3868,4.5833,4.7858,1.4819,9.9079,8.6429,-9.6555,-5.6169,6.2353,-6.9377,-3.8058,6.7669,4.4772,6.5455,-1.0835,0.391,5.4363,-6.2595,8.8636,-2.2795,2.008,2.4971,3.9911,6.7309,-0.7323,8.2061,7.9816,-0.8741,-4.784,6.2485,5.0172,0.7432,-2.9806,-1.6764,-1.858,3.1234,-1.0743,-5.4835,-7.5689,1.6126,5.5327,9.2832,-0.953,6.9832,7.0583,-4.8789,8.7749,-8.2849,-3.0215,-8.8451,2.2818,1.494,-7.6262,-1.3253,2.9157,-9.0924,0.7513,0.8709,1.3301,3.3313,-3.5873,8.4079,7.6362,-3.7759,-5.3778,-6.03,-5.0918,1.6241,2.0639,9.7247,9.0879,0.584,1.5671,7.179,-4.2908,2.401,8.6969,5.7153,-9.9033,8.35,-9.2472,-6.6021,5.7292,6.4967,5.1172,5.0365,0.5657,-0.7754,2.3135,-2.6867,8.887,-6.8844,2.6622,-3.0398,5.1871,-3.8872,7.6432,-0.3393,8.7373,-8.5007,6.0236,3.5266,-3.2423,0.8582,5.4528,6.564,0.5249,4.7478,8.7334,-4.2506,3.499,9.0407,-8.4068,3.4798,4.5357,1.7218,-2.9662,-8.5765,-0.5299,2.1307,9.0134,-7.0543,3.589
0.5604,-6.8799,-5.9566,-0.979,1.5415,-9.27,7.2908,1.4875,6.3403,-7.8712,-7.8491,4.5262,6.684,-3.7906,-6.9406,-4.62,0.98,-3.8032,-2.9603,-3.1757,-6.1072,-9.1493,1.397,6.868,-3.8321,-8.9706,5.3972,-9.0458,6.4103,6.8346,-6.7845,-7.5747,-3.2854,-2.7688,8.2095,3.4815,-8.0237,-4.3011,8.0174,9.2947,-5.5786,4.0409,-1.5954,-8.7945,1.3074,5.5571,7.7634,8.3748,-7.426,0.7987,8.0196,-0.5796,2.9589,7.912,-0.1912,0.173,-6.97,-6.8205,-6.2693,-4.835,-1.3611,5.2215,-4.3797,5.2269,9.6736,9.3997,9.3528,0.1719,5.4067,-3.7817,-5.9187,-0.8569,1.3514,-1.4152,8.0287,-9.1389,-0.1264,0.8873,5.8365,-6.8575,-8.8894,8.8307,-6.4084,-4.4684,6.1145,-4.5783,-2.3085,-1.1872,-5.2982,8.5799,8.2745,9.5724,-3.7689,-5.5395,1.3659,-5.1741,-6.0498,-6.731,-4.3566,3.8908,-7.7965,9.4349,-1.4821,-7.3952,9.0595,-9.4198,-5.299,5.7492,-0.8029,7.5301,-7.0988,6.0621,-8.7553,-1.6905,9.4697,-0.3806,5.9882,-2.3754,3.7328,-6.3825,-6.6862,4.8729,-1.0775,-9.5556,6.9829,1.0193,-1.4034,4.9583,9.904,4.1724,-3.69,2.05,-2.0901,2.093,0.001,9.6347,-5.7882,-5.1048,3.1988,0.1776,-5.0843,5.9105,1.1075,-1.5457,-4.2259,-2.823,-4.4156,-9.1182,9.3552,2.1627,2.5971,-2.4262,-7.7422,2.3356,8.446,-3.8238,9.8316,-7.9636,9.3227,-5.1118,3.9938,1.3236,-0.2867,-2.014,-8.5355,5.0611,2.0286,-4.0669,-8.2881,-0.7463,-4.8826,0.5996,7.6319,-7.2621,-2.4303,3.948,1.5676,-5.2866,-5.6523,2.7838,-1.0827,-2.92,6.1427,-8.4898,-6.1977,3.0182,7.8824,-2.1193,9.851,-3.2009,3.3524,9.992,-5.3807,5.3445,7.1505,-1.7648,9.065,6.133,-3.9654,-8.863
7.6277,-3.173,-9.9082,-3.3085,4.5125,-4.1344,7.6604,0.0401,-2.1362,-0.4161,-0.8914,-5.9655,-2.4141,-8.36,-2.5638,1.259,-2.0473,-6.8761,-6.1645,0.3493,7.4701,-9.4709,-2.1292,-9.4783,-2.046,0.9979,0.9874,6.1515,-1.9699,3.2028,0.0,1.769,6.1164,3.2688,2.4318,-4.4864,2.8852,-1.9331,-2.3052,8.2768,-4.9326,-1.2804,-0.2464,9.798,6.0071,-9.2812,-7.484,1.6869,6.6401,1.5112,-4.2419,1.9649,5.0438,9.2036,-4.3409,-6.4106,-1.9669,5.0151,-1.5529,6.0063,1.8566,-9.6636,0.1477,8.6654,-7.0463,1.029,3.1444,-4.7334,-7.4315,-7.6424,-7.6181,-2.7625,0.7991,-6.279,-9.3433,2.7306,3.8208,1.3538,1.2384,-5.7967,5.6827,6.9971,-0.8409,2.6593,-2.5564,-1.5338,-9.3286,-0.5953,7.9058,1.0241,-6.9468,-4.6752,2.156,-5.9332,-5.9981,2.6362,1.2487,5.9394,2.8299,-4.7026,-0.0368,9.8438,2.0723,1.6753,6.5595,6.7067,-7.604,-7.0268,-8.154,3.9193,0.9268,-9.7355,5.379,-0.859,6.7085,-3.7717,5.4747,2.1405,7.2863,5.839,1.4125,5.1927,-3.767,0.9206,-7.0684,2.3352,6.3484,-0.6677,-9.766,9.7986,9.7313,6.9255,8.1438,-4.2604,2.8094,-0.423,8.4924,-9.1276,-9.1805,4.2633,5.213,-2.6787,1.9621,4.662,7.2873,-7.274,0.5552,-6.7957,-6.9092,-9.7241,3.5042,-5.7342,-3.8604,1.1706,-2.6037,-9.6038,-7.063,9.6905,-8.5778,7.0847,-1.8342,-0.0557,-0.8611,8.9288,1.5807,2.8024,6.4738,8.342,6.0635,0.1157,-7.3132,5.5391,-6.495,3.3125,-7.0306,-3.2439,-5.3917,-1.3839,4.4131,-0.5456,1.4338,-3.107,-0.2455,8.7249,-2.6133,-5.345,0.831,7.1918,-9.2192,9.2689,-4.2105,-4.1636,6.7756,-2.3226,4.1468,4.9538,9.0014,0.7509,-8.6494,6.9982
1.3881,-5.2597,-6.4473,4.1486,-6.9642,-0.2341,-9.5513,7.7707,-4.4603,3.8057,-1.8909,-1.5881,-0.2423,6.1876,4.6243,0.4276,7.8823,-7.9835,8.4526,-9.989,5.2363,-9.409,6.3332,6.3353,1.1268,-3.6428,7.1547,-2.4486,1.6939,-8.1895,5.9392,-5.4648,-4.0468,4.3628,-6.7011,8.267,1.6144,-2.3176,3.7168,-4.0607,3.129,9.6152,5.7623,-1.0973,-5.1572,1.9694,-4.9933,-9.9805,-1.8757,-6.1485,0.0829,7.8418,-4.7003,-4.3143,1.1962,-1.5806,-8.7983,-0.735,-9.3746,-9.5348,-2.2631,-7.8251,4.094,-6.0982,-1.1937,7.6243,-2.3761,3.9936,-1.2911,-8.4263,-2.9438,8.8825,-0.1791,2.7213,5.3174,-8.9578,-3.6014,8.7577,-2.7519,1.3216,9.1002,1.5821,-2.9223,8.8113,7.8147,6.0167,-7.339,-1.5947,-1.4109,0.828,7.9338,1.4453,4.5023,8.2082,-6.4029,6.3945,1.6415,4.5433,9.9987,7.5321,1.2614,-2.6298,-5.6147,-4.5652,6.206,-3.7907,0.0975,1.9644,5.7067,-8.5488,-0.194,4.2528,-3.1402,3.5182,-7.1085,-8.9053,-9.8384,1.0299,4.9762,4.3006,-9.4722,-2.2177,5.1384,8.565,4.178,1.2309,-0.8675,-6.085,-9.3923,-7.0485,5.9495,-5.1818,-1.3756,5.0861,3.9431,6.989,-9.0777,-5.1683,-1.9099,-4.6702,-7.0396,-7.8789,5.6594,6.1536,7.7627,-2.7182,-6.3537,9.3161,2.9134,-4.4718,-9.8431,-4.5181,2.5766,2.2656,-2.0147,7.4248,-2.5401,-6.2002,1.027,3.1955,8.0615,-7.0197,1.6642,0.0457,-4.2531,7.6095,7.508,1.897,-8.4786,-2.4004,7.5784,-1.509,-6.0485,-3.7714,-4.0574,-7.3611,-1.5082,-9.0261,8.0386,7.6991,8.6564,4.4473,-2.1781,3.7294,-1.957,2.8979,6.0891,-7.4003,9.3793,8.9909,5.6468,1.3148,7.6677,7.9366,6.2833,0.9071,-9.9531,0.3569,8.7707,-7.0296
-9.3898,-7.3361,-8.6532,4.3178,1.9368,6.5477,-2.6203,-7.7739,7.917,-4.9694,-0.4233,4.5103,1.9232,-0.2726,2.8556,0.884,0.7833,1.838,-0.4691,5.6432,9.4044,-7.9334,-9.8315,8.2321,-9.2061,3.1327,4.0648,-6.9347,-0.0008,-7.1714,-0.5579,-1.5569,-0.1361,1.0794,2.7262,4.4377,4.5965,5.664,-5.3683,0.2644,-5.5691,7.2485,-9.6286,9.7444,8.1382,5.5996,-5.4468,5.7773,8.3943,7.5643,0.4097,0.7344,-1.692,8.9409,-9.8179,-4.5164,-4.5056,4.66,2.2495,-9.8675,3.3917,-8.6977,-7.7841,-6.4017,-1.7988,6.9797,0.4628,3.8465,8.1071,6.7861,-3.5158,8.0708,7.8039,2.1551,7.4771,-8.9123,3.7558,1.439,-0.0662,-0.2134,5.8354,-4.3426,-1.9653,-8.208,-7.0738,2.7952,1.8102,-8.6852,-7.2143,1.4581,9.6187,-4.308,6.2286,9.5125,1.2124,8.4072,-1.49,-3.5973,-4.1429,3.8279,2.4472,-3.6791,-9.5548,9.6964,4.2737,-5.9992,-8.2158,4.1257,-5.5915,-3.3906,9.4141,5.1758,2.0232,-0.0298,4.3751,7.2956,0.6128,2.2206,5.7423,1.5518,9.5383,0.0184,6.8895,-7.9305,3.9099,6.0455,9.2241,2.1198,4.2288,7.2316,-7.4346,5.3548,-2.8858,-9.4843,6.4296,-2.8687,-1.3459,2.9477,2.4831,8.054,-1.0401,5.7945,-6.1089,-4.85,1.9332,-2.524,-5.0324,-9.6392,-3.378,-2.7337,1.9182,4.4025,7.5404,4.5887,5.1729,-1.8514,-7.7728,-0.3966,0.2135,9.0737,-7.506,-7.794,-5.6352,-0.2267,-3.1665,9.8063,2.3795,8.134,-2.2704,-1.9322,-9.1759,3.0905,-8.5107,-3.0939,6.1719,7.5916,-5.1297,-4.3037,0.1925,3.0045,9.5676,-7.6927,3.8391,-8.6599,0.4911,2.6748,-1.674,-0.581,6.6648,7.0262,-0.5541,5.1504,-2.8687,1.2906,7.4891,-0.3913,5.0826,-6.6643,1.1261,-0.7081
-5.1891,-5.1104,-7.9739,-6.3043,7.7072,-1.3197,9.0075,-2.3653,8.351,-7.8031,4.3672,2.6429,4.8522,-0.1855,0.4474,3.5465,-0.5315,3.3569,6.7825,3.4141,6.1815,0.5123,3.5178,2.7007,2.6743,-1.3142,-1.8687,-0.5932,3.792,9.2803,4.8595,-3.3748,0.4116,5.0806,-8.7595,6.3215,-5.2428,-1.3916,-7.3672,-8.2228,8.6749,3.1443,-2.9359,3.7725,-8.0942,-7.7855,2.5537,8.9274,9.817,3.844,-7.9522,8.794,5.7151,2.1907,9.1572,9.6631,2.2017,-2.5206,-8.9606,6.3264,-9.2893,5.2708,1.3889,9.0585,-5.2546,7.811,-9.7736,-4.4357,-1.5223,2.345,-6.7385,-9.2195,-7.1351,0.3072,2.9855,5.6278,4.7989,-0.9391,7.6699,-5.0691,3.8889,3.8741,0.8725,6.4489,-4.4747,2.3765,2.2117,-0.7743,-6.3306,2.1553,5.6315,1.4703,7.8007,-0.7101,-5.955,-9.0647,-3.5447,-1.5001,9.5503,3.0429,1.4913,4.7636,2.5428,-3.5348,-0.3216,-4.4588,-7.2154,-4.4576,-1.9435,1.5586,4.6954,6.3205,0.6786,0.4723,7.9358,0.248,4.4032,8.7367,-5.0319,1.8564,-2.2488,6.1894,-1.5394,8.1592,-7.1946,4.3214,-4.3361,8.3256,-9.8153,7.398,-8.801,-7.8863,0.8624,-8.9573,-1.1995,1.3215,-3.5497,-5.0288,6.1326,9.1649,-9.8698,6.454,-5.1482,-8.6243,0.2656,-4.8612,-2.297,-1.8488,3.385,-4.962,-5.6656,-8.6207,6.9309,-2.9112,4.257,6.3048,-9.3504,-3.6808,0.5018,-9.7291,4.3863,2.6416,-7.5896,3.0738,1.7863,8.7264,6.3898,9.5717,8.3631,-5.7858,9.0563,6.0231,-4.7127,-2.5069,-2.8229,-0.2766,-8.1471,4.7245,-2.8197,2.087,-9.3277,-7.1962,6.5048,5.0019,-1.7078,-1.2434,-3.5714,-0.2324,3.2452,1.2884,1.1871,-9.7964,0.8082,6.1555,4.9814,3.0879,3.5567,-9.3135,-7.8944,7.943
-5.7522,9.2131,1.8294,-7.0565,3.1701,8.0693,-9.7739,-2.3424,-3.026,-2.3983,8.5854,-8.0197,-4.5729,-0.0078,2.5345,-9.562,-5.286,4.3504,-9.7063,2.3624,9.9732,-0.8409,-0.3293,-4.7061,-6.1474,0.4348,2.3629,8.0176,6.6533,-0.4645,9.0643,9.8583,-1.7947,-2.5037,0.1676,-0.6192,-8.2394,4.1181,5.2799,4.6882,-4.1715,-4.1027,-1.5632,-2.5013,5.8634,6.0073,-6.59,7.8837,-7.0605,-0.3948,-8.3823,-0.0651,2.8536,-8.8514,-5.0329,-9.0383,-5.81,-7.9613,-4.5764,3.0568,2.3884,2.4787,-4.6063,0.7606,3.7326,0.2018,-7.1804,8.4347,6.8611,4.0011,-6.615,3.3726,1.6091,-8.2838,-2.9445,2.7681,-2.4473,-0.8947,-8.3564,-7.347,-5.6409,-6.5496,-4.5176,5.7885,7.0489,-8.1428,5.9657,4.2806,1.9215,-4.04,-1.0781,-9.4418,2.3038,3.5493,3.4476,5.1491,8.4963,-1.2016,9.4949,-3.2291,2.1189,-5.0378,-4.7752,0.539,5.7098,-2.9908,0.6836,2.6472,7.6806,8.6064,-9.9092,6.2101,-5.1711,-9.6242,-6.8747,-5.244,1.0127,1.1489,-3.472,-4.6672,-4.7738,-5.8152,6.2209,2.3322,-1.7119,-1.3042,-8.8483,7.7397,5.1538,-3.3479,3.0301,6.2332,-4.6069,7.9843,-3.0121,-7.0285,9.1414,0.3062,4.7092,-1.7033,4.831,-4.8345,9.5159,0.7979,8.4584,-2.0364,-0.447,9.2134,0.6764,6.2505,-1.4524,-8.1253,-3.2864,5.4721,-7.0109,-1.3736,-0.4077,6.0334,1.8278,8.3874,5.5634,-1.9601,3.2043,7.4781,5.6384,-7.0324,-5.5469,6.133,2.0542,8.5788,-1.842,-6.2094,0.1986,6.2116,-0.1599,2.432,1.1845,-4.2527,0.2457,1.7845,-1.7628,2.577,-8.1117,0.8494,-5.124,-0.6481,-1.5154,-6.2563,3.3449,7.7621,2.4373,-6.2683,7.0989,-0.0373,-9.5467,-7.3091,7.2076,0.2315,8.6995,-8.9385
4.5169,5.1329,3.4357,-5.1671,2.9332,-2.578,-3.2329,-9.9947,3.6776,7.1907,-7.4304,6.766,0.6958,-2.0937,3.0089,-4.5792,-2.5718,-1.0067,6.0821,-5.0506,-9.3501,-4.2044,0.0713,-6.2555,6.0104,-6.7884,6.8001,9.5043,6.1466,8.8058,-3.6807,-9.3436,-8.1196,5.1297,5.1189,-3.3152,-4.1088,-1.1519,-4.3378,1.4581,-9.7804,-8.2772,-5.5139,-2.9839,-5.7143,2.7358,-4.7451,-2.2655,8.809,-7.2271,-8.0605,-1.3101,-5.1036,-5.1225,8.4283,8.0346,6.09,8.8644,-2.532,-5.6536,-7.5492,-4.1908,-9.0935,5.2037,1.1165,1.3088,-1.454,-1.7275,2.7486,-7.67,-5.3609,-9.1655,-2.6181,-3.0511,0.4727,-0.0024,-1.0367,9.4163,-6.7827,6.862,9.702,-9.4891,9.0025,-5.8944,-9.7445,1.0351,3.2216,-7.5173,-1.8887,-0.0887,7.7616,7.027,-5.3102,-6.3979,6.1418,-7.787,6.5524,-2.124,-4.3109,4.9406,-1.8608,3.0152,-3.9572,-3.1029,-0.5309,-2.807,4.6602,-8.7588,-1.0152,-0.0528,1.7345,2.238,-4.7052,7.1687,-7.2713,-4.562,-5.6486,-4.8485,-6.822,-0.3121,9.9497,6.6209,9.057,9.001,-4.323,3.8217,-0.6033,4.5377,6.224,3.3141,-9.8306,-7.205,8.8078,-7.6576,8.0661,-6.0767,-3.9344,9.012,-1.6045,5.9801,-8.4585,1.2784,-4.5765,2.8727,0.0157,-5.4546,-6.5212,9.6525,-4.7114,-6.7067,1.1176,-1.0763,7.7349,-7.039,-7.263,3.819,6.2291,-8.874,0.5,6.3171,4.0034,8.0272,-5.7698,-4.2533,-1.1603,-0.472,-2.768,-2.6737,-1.5478,7.8056,4.9002,3.6546,-7.0084,-9.53,2.9218,-3.4792,8.5402,2.0429,1.9894,-0.1421,-3.5242,-9.0279,5.1347,-8.5903,4.6703,6.3051,-4.6607,-7.7094,0.8046,4.7684,-6.7172,-0.0163,-0.0107,3.3726,-5.349,-4.7858,-3.5979,-7.6448,-2.1307,-5.6102
-6.1742,-6.8221,0.5565,-5.3314,-4.4455,9.9671,-1.4036,7.8148,8.3561,2.7319,-1.5695,-4.2162,1.7578,-9.0198,-4.4489,8.3605,-2.7577,-5.5944,-2.8335,-1.605,7.7443,-8.7848,-0.8299,-0.2621,8.7128,1.3889,8.7824,4.3399,5.832,5.7052,2.9147,8.503,4.2607,2.1359,-9.067,-9.3889,3.0926,6.2016,-6.0968,-3.2244,3.3591,6.0687,9.3062,6.2701,1.9636,8.4203,9.9405,-6.6267,4.5518,6.5918,-3.1874,-2.8163,1.4146,-9.4378,8.0669,8.595,7.2246,-9.3171,-2.3842,3.1966,-4.2972,-2.4732,-3.8697,-2.7088,2.3574,-2.3027,-6.7761,1.4149,-2.0106,7.6726,6.8989,-7.7702,7.0356,-6.62,-5.5403,5.6229,-8.4697,-6.9043,-5.565,-7.4583,9.2328,-4.6253,3.4469,-4.8353,2.6196,-8.605,-6.5615,7.8409,-9.6246,-0.6942,-9.6712,4.7827,5.624,9.7109,-2.246,7.388,0.2046,2.4872,-7.5741,-9.7583,-0.8739,2.5734,-7.8357,-8.9372,8.1198,-3.5757,7.8108,6.5092,-9.0289,-1.3467,-0.0457,7.2532,1.6232,1.5745,-4.9628,-9.1247,-6.7653,-3.5664,-9.7281,-9.5873,-5.9607,6.9037,-1.172,5.9974,-2.6602,6.8437,7.3682,1.2886,-5.5198,6.6596,-1.4943,-0.0886,6.0033,-7.5463,-2.2488,8.997,-9.4524,9.369,7.4132,-1.5989,7.5078,-8.3293,-7.6135,1.7808,9.4207,4.083,4.5581,-5.4691,3.8368,-6.5622,9.1363,-3.8177,-6.0366,1.4213,-0.491,6.1125,5.717,-9.1539,4.4853,6.3961,-0.9811,9.6649,-0.547,-6.4985,0.0125,-6.8145,-3.8071,-6.0282,-1.6776,-8.7388,7.3509,5.8359,6.5456,8.2879,-8.3126,6.4486,3.0892,-9.2581,0.9229,-8.017,1.4374,9.455,5.5106,3.9924,-4.7218,-4.0961,3.6479,-5.2284,-7.1795,6.7833,-1.4905,8.0303,6.8525,7.2926,-9.5067,-7.4916,-1.8143,-2.0817,5.7041,5.9332
9.4854,9.977,0.4893,9.484,-4.5703,-2.4425,1.5493,8.6572,-5.3283,3.4044,6.2404,1.5644,-2.6081,-0.1282,3.3315,-5.9418,2.0868,-5.757,-2.4174,-9.489,4.7533,-9.5056,0.8558,-4.2798,9.4829,4.7716,1.5345,-1.4765,-6.3133,8.1958,5.859,-0.4876,5.5092,-6.4768,3.8781,-8.853,-7.2216,-8.2325,2.672,-8.982,8.0537,4.1896,8.5105,-5.5555,-0.111,-1.7897,1.9028,7.8287,3.1449,8.5718,-6.6793,-5.6591,0.1337,2.7497,3.9464,-7.7013,-0.6855,2.6337,-7.8148,1.9497,6.8135,-4.0507,-5.394,4.187,-2.7383,0.4783,2.997,-7.5617,-3.9319,3.278,1.2691,-0.2586,5.5251,-0.2263,5.6581,9.2077,1.3533,-5.504,-0.1672,-0.8471,4.8281,-6.8204,-7.4423,1.134,-4.5777,2.8208,2.7418,5.9273,8.4308,4.858,-8.2117,5.8137,-4.5708,-8.494,1.1077,-2.1683,9.0689,7.515,-9.871,9.633,9.8744,2.1687,9.1099,9.8618,9.7118,5.3966,-4.5991,-8.1723,2.5485,-8.7198,8.0157,-8.7845,7.3392,-8.4254,-2.5945,4.6859,1.3137,-7.9207,-5.0649,-6.2864,-7.564,-9.3597,-9.6524,9.4161,-6.2304,-4.2986,-4.6346,1.8214,9.0189,-6.7838,1.337,-3.6986,-0.9176,-2.8651,-3.0765,-3.7247,6.8774,-8.5523,-4.5072,-7.8911,2.0837,-8.7949,6.5112,-9.683,-1.8184,-6.9384,-7.22,5.2968,-1.0763,8.7734,-3.1121,-6.3751,5.4497,-8.1027,3.661,-5.471,1.1418,-9.0977,-8.492,9.8654,-4.3116,-8.224,-3.7677,8.4148,-4.7585,6.5338,-2.6934,8.691,-1.9161,-9.341,8.4146,1.674,-9.0232,4.5088,-7.5132,9.8836,-1.8516,-8.7489,-1.2693,6.2292,6.434,-2.5728,-8.8992,4.0563,-5.4856,-8.7069,6.7164,-2.6329,-7.2042,-9.7554,-5.0465,-2.3349,-3.1192,0.2626,-0.4888,7.5697,8.6983,2.8186,-2.0077,-5.6708
3.6072,-6.2367,4.0335,4.7822,-7.7329,5.1611,6.1877,-8.9901,7.9096,-0.8036,-3.2179,3.1048,8.6745,-7.3344,-8.901,-9.0753,9.2526,-1.5715,-4.313,-3.8198,8.1283,-6.5301,-7.6347,-4.9955,-1.2824,-7.0123,-9.4955,2.7235,9.4851,-9.9193,-9.5875,5.3039,-9.6935,3.456,4.9409,9.8219,3.6546,1.4424,-6.1557,4.4016,5.8364,4.5383,-8.6881,-8.6038,-0.0855,1.8195,-3.4961,-4.1375,8.9552,6.0891,-6.327,4.4524,-4.2602,-9.1015,-3.9527,-2.5501,-2.3458,7.8866,-6.9984,1.0935,-7.6305,-8.9479,0.421,3.3777,6.853,-5.1662,3.4968,-2.4233,-9.1805,4.6739,6.4306,-3.5735,-0.1714,-9.481,7.0016,-3.3873,4.4361,2.1017,-8.0463,5.0873,6.7782,-4.5243,-6.9331,6.3593,1.216,2.0769,-9.3967,-3.4416,-5.1457,2.141,-7.0415,9.1473,5.0066,8.6038,-5.6681,-8.005,-0.0332,-0.7533,-3.9011,4.3109,8.3404,-3.8255,-5.6685,-0.404,-8.1223,-1.8388,-3.5249,1.9162,1.185,-1.0387,8.9922,0.9386,5.253,-3.1588,-7.9293,5.2178,-3.1989,8.6233,-5.6386,-8.4263,-4.055,-1.2249,-6.2167,7.4479,6.4111,0.6734,0.4556,2.113,-6.0093,5.3064,-9.4985,-0.666,-8.585,-0.7411,7.5847,6.1635,1.8206,-6.99,5.7832,6.1956,7.2642,-1.4124,-9.5919,3.2002,-6.0153,9.1768,-1.101,-8.6601,-7.7658,7.4294,6.8924,-7.2034,8.7162,-7.3325,3.099,6.6231,8.2286,5.2659,9.6894,3.7146,7.9886,-6.6358,-3.1602,4.0358,-8.4503,-8.9608,7.2411,4.1592,-1.346,7.3906,-3.4289,-1.818,-8.8891,-2.9596,-9.9989,-4.3682,2.8563,-1.1002,-8.4704,-7.0123,0.3623,4.3507,3.9841,4.3743,9.7325,0.7279,4.6357,-0.4887,3.7924,6.2247,-8.302,7.2969,-5.4976,8.4128,-4.9421,-6.2546,1.0471,-0.9356,-8.2072,-7.069
-0.0937,1.693,4.7848,6.3718,-6.4337,8.9799,-5.1731,0.1599,3.7032,4.8742,9.1552,-7.4608,3.6559,-8.8814,3.5752,-9.8701,2.0159,-5.9979,-6.4795,5.148,6.2745,6.0676,2.6993,1.8584,-6.4574,-6.4577,8.1134,-8.3645,0.0546,2.2773,-0.3927,-0.2902,-0.6297,3.0168,3.0412,-2.389,-3.2813,1.9056,0.5337,9.9858,8.1172,3.9427,-2.2602,-1.8542,-9.5356,-3.5486,4.0441,-4.005,3.9997,2.6338,0.8428,-3.503,-2.1448,4.6529,-9.2275,1.7055,1.814,-0.2934,-7.2732,7.7544,2.2176,4.1082,4.5865,-9.6774,6.5695,5.8726,-0.4677,-0.5369,3.2626,-8.2803,-4.2372,7.2195,3.5193,7.8558,-8.2584,5.5399,-8.9163,-0.3327,-7.908,8.2066,-5.0548,8.5947,3.7219,-8.2535,5.6916,0.1854,-5.4806,-3.7506,8.4517,-4.9424,-0.2583,-1.7039,-8.5817,-7.4855,0.9065,-0.1646,6.0754,0.2651,4.5802,3.4235,-2.9669,-9.3055,5.6105,6.7411,-3.1828,7.3551,4.2618,8.2194,0.0987,7.1253,-7.4392,-5.4751,-5.3996,-3.4344,2.3978,3.0874,0.8047,-1.8891,3.3244,-1.9224,-6.1691,-9.8044,-7.5735,-3.5374,-9.8309,-7.1252,9.8356,7.2616,3.5615,9.5047,-5.8417,-5.5788,-6.7539,-6.8276,-9.2792,-4.0921,4.7894,1.5829,3.829,8.7394,-7.8863,3.662,3.291,-6.666,9.3412,-5.4054,-0.3487,-8.4765,4.9963,9.7377,8.8115,-2.872,-0.7074,4.0168,4.7802,-9.7072,1.63,5.6031,-8.0545,-5.4805,-8.2317,6.3124,9.9623,-4.4304,-4.574,1.1322,1.6406,-5.9683,1.9059,-0.7482,-0.9903,7.8161,9.7734,8.2762,5.9759,-2.6237,-4.7928,-0.2489,2.0585,5.7479,-1.2721,-8.923,5.6814,1.9611,6.0683,7.6573,-0.0282,-0.7404,9.9014,-1.9701,-2.0765,-6.4998,6.3041,0.7293,-6.0003,0.9352,-4.3571,-6.4847,-0.3199,-8.3405
-1.1785,8.1388,-0.4849,-1.3131,-5.5094,-4.1709,4.4021,-5.3804,9.4587,8.2396,8.7434,-2.98,-1.9304,-6.909,9.887,3.9962,-5.8818,6.5212,-7.1156,-7.3139,9.6005,8.8705,4.4881,-8.7794,-1.0074,0.7531,-9.5202,-1.5589,-3.6921,5.216,-1.7539,9.538,6.1331,-5.4156,-7.3131,-0.1966,-2.348,-7.8215,9.4304,-9.6479,8.2099,-7.108,-7.646,5.6549,-9.9833,-8.9229,1.2758,-9.6848,-8.527,5.2141,7.3572,4.9996,-2.1988,0.466,-3.4655,1.925,-4.4398,0.1314,-4.9713,5.2213,4.7167,-5.8284,-1.6923,-3.6001,-3.8878,-5.7659,9.7868,6.9666,5.901,-5.551,-3.8501,-1.4157,-8.7967,0.5431,1.1753,-3.3502,0.0434,-3.8683,2.9183,-7.9989,-8.6511,-1.0982,-8.2946,3.5085,-3.9934,-2.8384,9.605,-0.4692,8.9721,1.3209,0.1533,-6.3249,8.9355,1.9634,-8.2016,3.6873,1.9548,2.1834,5.8376,9.579,0.6307,1.1011,-6.8754,-7.111,2.2819,4.0541,-6.8821,-8.6089,-7.6186,-2.318,2.9765,-9.5508,3.1667,6.0369,8.2154,8.585,0.5362,8.2906,9.9563,9.9186,-2.7457,-7.9415,-7.3313,8.381,-8.7772,3.2501,3.5859,4.0212,4.2739,5.6146,-5.8133,-9.6574,3.1171,3.056,2.4397,-3.2033,2.0979,-2.272,0.2268,-4.1904,-4.5831,1.9582,-3.47,-9.8033,-2.8749,4.3396,-7.8964,2.8273,3.141,-5.3557,9.1829,-7.8613,1.9756,9.4854,4.7033,-7.7328,-5.4055,8.4055,-2.2869,-0.2474,-5.9154,5.6848,0.4295,8.7319,-1.0278,-3.0551,-6.1877,6.2842,1.7554,-8.3016,-3.5994,-4.2643,-3.0049,2.653,4.9112,8.0299,0.8054,-7.0599,-7.83,1.6023,4.1223,7.157,2.8063,1.7418,-0.229,4.317,7.7142,5.4455,6.3486,7.7054,8.5795,6.8812,7.1561,8.4378,4.4067,5.8969,9.8115,0.9811,1.0121,-1.9792
-3.527,3.4355,8.2915,7.4768,0.6973,-7.82,7.8092,1.8202,4.9651,-7.9636,-4.7042,-1.0659,5.4236,8.3611,-4.1669,-0.2591,-5.6707,0.12,-1.261,-7.3074,-1.3225,7.9459,-0.3773,-7.6591,-9.291,-8.5701,-3.2069,-7.8745,8.7762,9.2217,-0.414,-2.21,-9.0796,5.3788,-9.7614,-2.2252,7.3159,7.7773,-7.3852,-3.6641,9.1805,-3.4386,-9.2912,-2.5087,2.7442,-5.3242,-1.8119,-5.7169,3.9914,-3.969,-1.367,-2.6661,2.2843,0.8675,7.6133,-8.0428,9.7013,-2.0627,-1.2115,-3.4467,-0.0187,9.2736,3.305,7.6103,-0.3279,-3.0275,-6.428,-2.9376,-0.8449,-5.4253,-4.199,-6.0839,2.0965,-3.5674,-7.6224,3.1075,9.6147,-1.5057,0.55,7.1774,-2.1574,6.8656,2.2875,-6.9887,-6.2787,-2.2791,-0.3817,7.3792,-8.2902,-9.6231,0.9422,5.0133,3.966,4.5491,-7.9699,-5.3878,-1.2807,-8.1352,-1.3283,6.0279,-6.2449,-8.5047,8.3793,3.5641,-7.1191,8.153,-5.3773,-2.4315,-0.0972,9.1516,-9.8186,-7.5884,-0.9976,-6.5182,4.6511,-2.0315,-1.6794,-7.3792,-0.2237,-5.8214,4.2903,-6.6033,-6.2187,-6.2302,-6.2141,-7.6806,-1.239,9.308,0.9958,5.998,6.3308,-6.9894,-9.498,2.5595,-2.7874,9.2439,4.2554,-7.7115,3.2338,3.6206,6.2556,3.0078,6.7929,-1.9304,-1.7943,7.2936,-6.5024,-8.4836,-3.6988,8.1955,1.4974,-1.0713,-7.32,-2.6265,2.7694,-5.7734,3.8258,3.9593,-6.1172,5.1516,-0.3872,9.8015,-7.3671,-8.2736,8.1024,4.7281,-0.2727,4.3842,-5.5295,0.3053,5.9187,-7.2811,4.7971,-9.2126,8.7929,8.3339,-5.6243,5.9254,2.8712,0.5884,-9.4351,9.9186,6.3156,-7.7782,8.4343,0.4825,-0.8258,-9.3532,6.3005,9.9585,-2.8661,5.4359,9.0274,-2.2419,-4.6454,-0.0134,7.6319,-4.513,5.404,7.8358
2.1386,-7.9372,5.0424,-5.1201,4.5682,5.2124,-4.703,7.0497,9.8282,6.3381,-9.476,-3.7304,-1.0282,6.0266,4.5723,5.0741,-2.4699,8.8053,8.2264,-0.4255,-3.3037,-0.5491,-8.6643,5.409,-0.8956,-3.8442,-9.819,-9.6991,2.5792,-6.0339,-7.2005,-6.4062,5.6139,5.4236,2.3734,-6.3166,-1.8341,9.0889,5.2972,-4.3808,-2.8182,6.7021,-8.8172,9.9417,-6.7333,-5.8006,-3.4277,2.9588,-8.4987,-2.8418,6.6582,4.1217,8.3016,-1.0211,-0.8304,-5.0686,8.4562,4.527,-2.4022,0.8567,-1.3201,-3.0811,-5.2443,2.2088,6.2976,4.2202,6.7457,-5.2009,5.2638,0.7506,3.1375,8.2812,6.3579,-2.0822,-3.4293,-1.3337,-8.4888,-4.9773,0.434,-2.0196,-3.7532,-7.5991,-4.6716,8.2574,-2.6893,5.0646,9.9547,1.565,2.7905,-9.6821,1.5677,-7.2018,-2.8153,0.5988,7.8877,-5.6405,2.9323,8.5645,-3.8162,0.4261,4.8106,9.2326,8.1337,-8.1854,9.3935,2.5847,-7.1297,-2.6304,-1.1944,5.1361,-5.7584,-7.3546,-3.3501,8.7392,8.1664,-0.5488,3.7913,0.6831,5.0198,-2.6002,2.398,-7.2792,-0.228,5.6018,-0.8692,-7.5425,8.1737,7.184,3.8644,9.1229,2.8939,2.5785,9.1513,8.0308,-2.6989,0.6085,-1.5931,-6.0523,-6.9092,-2.452,1.8135,5.7519,8.5557,-5.8463,2.4826,0.3422,-9.7939,-7.5029,2.4556,6.6669,5.0356,1.6783,4.8046,-6.004,5.1656,-0.2289,-7.9581,0.5958,2.6058,-7.7918,-0.3402,-7.3898,8.6495,-5.4883,-1.323,-5.4771,-3.916,7.1438,3.9413,5.2382,-1.142,-7.9834,-5.1463,-3.0287,3.8563,-6.1448,-0.4848,-8.5766,3.6686,7.2208,1.4751,-2.679,7.8356,4.359,7.241,-3.9547,1.2746,-6.4177,1.9192,1.9077,1.4053,3.2768,9.9841,9.8405,4.5114,-9.1034,-8.093,-7.5599,-1.9478,-6.846
-8.8077,1.4992,3.3662,-2.3339,-8.3083,-7.8164,-8.6916,7.5726,7.9944,-1.455,9.7977,-3.7814,5.4619,7.7998,-6.6863,-1.4256,1.2276,-9.0658,0.2012,-5.6983,-4.4247,9.6057,-0.8462,8.2968,4.1061,1.7279,0.2835,2.3581,1.6903,-1.5387,-4.2118,-6.7488,-8.8681,8.5595,2.1783,-2.4493,-2.3539,-5.7586,2.7805,-6.5239,2.3581,0.6125,-4.9699,-0.9954,0.758,6.125,6.5529,1.9321,1.1262,-6.8898,-9.3124,2.0584,9.193,4.7142,7.9406,-4.1951,0.095,7.6141,-9.8036,-7.7118,-2.967,-2.2851,-1.9139,0.6386,1.2208,-7.3198,-0.8909,8.3593,1.0788,-5.8615,-6.6702,0.0307,9.4881,-9.8151,-4.5394,3.6227,6.035,6.2709,9.9278,0.6102,5.7042,-8.8685,6.317,6.5635,-0.3063,9.3972,-7.8837,1.4254,4.5935,1.3137,5.262,-9.9557,-4.6918,8.7361,1.9542,-2.8515,8.8978,9.5845,7.5023,-7.9971,-9.5918,3.8893,-4.1847,9.0783,5.3687,7.464,0.5797,-3.0694,-5.0534,-5.1215,2.5399,-6.6681,-9.2422,-5.1404,-4.7659,-7.4139,-7.7247,0.7551,-0.9775,9.0609,6.9832,-2.3253,-5.8522,0.1269,-2.3744,-5.5318,8.22,-9.1097,-5.3671,5.1401,-0.5779,4.6991,-2.137,-7.1684,-1.5777,5.8371,8.6254,-9.9144,3.4539,-2.0551,2.8078,4.0676,4.9802,1.2086,-5.798,-3.6128,-9.8061,2.0118,2.3262,-8.5558,7.2026,7.8364,-3.662,-8.2705,5.1176,-8.4046,-0.7651,6.3939,9.113,2.4824,4.8118,5.9286,-8.9322,4.725,-1.1579,7.0921,4.5471,-6.9515,0.0955,5.673,-5.4947,-4.4307,-5.302,7.5122,9.0023,-7.3957,-3.2764,-5.2687,0.7314,-3.5664,-6.0761,-3.7405,-2.0006,-3.419,-0.4253,9.2548,7.8302,3.6918,-5.5461,7.6415,-9.651,-3.9495,0.1793,5.0127,2.0945,6.3393,1.5314,9.2615,-2.7452,7.1835
5.0193,9.3232,1.0215,9.1271,-4.9329,4.1542,5.9319,0.4168,-7.7746,-4.1234,-1.0942,-4.7054,9.902,0.9072,-4.3713,3.2968,-8.645,6.4539,5.1202,-9.6527,5.8195,-9.5949,4.0747,-6.4697,2.1802,3.2326,-9.8095,-8.7823,0.4479,-4.7202,-2.7558,2.1708,9.5482,8.1285,-5.9048,1.3056,-1.6299,0.9538,9.7173,-8.0884,-0.8022,-3.766,-5.7635,-1.3654,-4.4215,-9.0272,7.8332,-6.4157,-3.1214,-9.8311,1.4437,2.458,-9.0398,-0.2657,6.2804,-9.8992,3.0678,-1.1033,-8.3285,2.1327,-6.4722,9.7728,3.0108,-6.2226,4.7229,8.8842,8.2163,4.321,-6.6075,-1.86,-1.1746,-7.3407,-6.5526,-4.4803,7.3374,-5.4945,-7.9994,7.2993,4.1141,2.7119,-4.9928,-8.1574,9.5871,1.0299,6.1306,-0.0419,1.8324,2.2499,-3.5777,7.9229,-2.0873,2.5401,-4.0017,3.6556,-9.9691,1.4517,8.3373,-5.2978,-6.4721,1.3047,-7.284,6.0556,-5.0036,-9.9645,5.4023,-3.5077,7.5679,7.3343,5.3845,-7.2208,1.3311,4.8603,-8.8685,-2.249,3.0836,8.0402,-1.8451,-1.2131,5.5442,8.4185,1.7551,-9.6325,1.8866,3.6595,9.905,-5.0437,-8.8579,9.7517,-0.0761,7.9988,-5.8909,0.7578,6.5266,-6.4169,7.0543,-4.7516,-8.7441,5.9405,4.0026,2.2093,5.908,6.1327,9.4392,1.9925,-4.9719,5.7065,-9.9557,0.5414,-7.0343,6.3518,5.4405,-0.6086,-5.4759,-1.4875,-2.1315,9.3474,0.4314,-8.4412,-5.4539,-1.9968,-4.2468,-8.0902,-9.6857,-3.5708,0.9483,5.885,4.4028,6.6385,-3.9263,-5.0763,3.0412,7.7878,5.011,-0.306,-8.9245,3.1095,7.285,-8.4323,9.4232,0.1001,9.4286,-4.9698,5.8747,4.1109,-4.184,-6.6864,-7.1211,-5.2453,0.5515,-3.6612,-8.3876,-6.8218,9.8166,2.965,4.0776,2.6293,-2.1928,5.2313,5.4585,-8.4695
-5.4681,-1.1188,1.8338,-9.2632,2.592,-6.2139,4.7535,-4.1764,3.6409,-2.1247,6.395,2.4081,-4.8178,-7.8395,3.1617,-6.8687,-4.5146,5.9183,6.1867,-0.1382,7.9026,7.9934,9.2722,-2.4041,-7.7997,-1.1978,1.7097,-6.112,7.6286,-7.6305,3.1365,2.2898,-9.9386,6.4836,-3.3592,-2.343,4.6064,-6.9885,9.3645,2.697,9.8798,0.3086,4.1357,-9.6353,-7.4246,0.0112,-0.9944,-7.6003,-3.9031,-7.026,8.5476,-7.5406,2.8658,4.5042,-7.5865,-1.3434,-0.6143,9.8984,3.8754,3.2778,9.8699,-8.5611,-9.3659,4.8071,-6.4357,-3.0089,9.213,-6.239,0.0001,5.3305,5.7184,7.5254,-7.4286,6.0256,-0.3857,4.6036,-0.7878,6.6491,-7.9344,5.8392,-2.4476,-2.5044,5.6894,5.0115,2.0367,0.1577,6.9116,-6.1389,-0.0475,-9.348,-1.4602,1.2074,0.3367,-2.1401,-4.7849,6.8796,-3.6119,-8.1558,7.2851,-1.3231,-6.8085,-5.4461,-6.78,-8.8855,-7.6404,-4.5245,-8.5862,-2.5913,-1.6166,-5.031,-8.2981,-5.5228,7.3469,3.5923,-5.736,5.8361,3.3484,2.0774,-9.2054,6.7239,1.9514,9.2221,7.3505,0.4345,9.0829,0.9882,-1.6146,2.2912,7.7883,-5.6139,3.2225,-3.4278,-0.4708,4.4388,-6.2904,7.7746,-8.817,-0.6471,7.0598,-5.814,4.3823,-7.2588,-7.1353,4.9212,5.253,-8.0537,-4.1662,7.1463,2.0829,-2.5805,-7.1153,-2.6165,4.6115,-4.4551,-8.9409,-8.4304,-9.1907,9.4754,3.1755,-0.5927,-9.7062,3.7796,4.1529,2.5444,1.1751,0.7202,5.7428,-0.8884,-2.4981,-3.8151,-1.9413,2.6558,1.767,8.625,-7.0726,4.3135,4.7753,2.4018,4.9904,-5.2615,9.8599,0.232,8.4451,-2.1109,-6.0205,-7.6593,0.964,2.1195,7.0857,-7.0653,1.376,-1.8796,-2.2987,-7.0123,4.928,-3.8819,-0.9099,8.0231,-4.5171,-8.5436
8.0686,9.3684,-7.2744,-6.2179,0.793,-7.2107,9.4168,2.5633,-3.3792,-6.689,-4.2152,1.6212,-2.3237,-3.6011,-5.6066,-1.6711,5.7453,-8.1054,9.6157,-4.9556,0.4347,-7.2572,9.6832,2.6564,2.4314,5.6418,-1.041,5.5945,-0.7028,3.0255,-5.1794,9.5165,5.6772,4.5311,-7.6918,5.365,6.9387,0.9244,-9.1911,6.6516,-6.7599,-5.8202,6.5672,-1.5667,1.3688,-3.4366,9.2247,-8.1154,1.0139,-7.6881,-0.1416,-8.7283,6.6069,-8.4843,-7.2611,0.5631,6.5112,1.0287,-9.9652,5.528,6.4237,-4.2083,8.5014,2.2068,3.6145,1.765,-1.0529,-1.6225,6.2444,0.0559,-3.6562,-8.2614,-1.1069,6.8176,-8.1972,2.2353,5.1942,-9.248,-4.5583,8.6279,-2.8094,3.3339,-1.4883,-3.0737,-4.2418,1.8625,0.0212,5.135,-2.9332,-5.8545,-1.2383,0.2291,-3.041,-6.6283,-7.2174,6.1204,4.9979,-5.8477,9.3116,7.162,-2.835,1.8311,4.0315,-1.0694,6.145,9.7654,4.7688,-6.1457,4.8277,4.5697,5.4517,9.8947,5.079,2.5033,5.6969,-3.1951,-8.9291,-5.646,-5.7564,4.0904,3.8137,9.4176,-2.9785,2.7114,-4.1382,3.1986,1.4424,5.1006,-1.0673,-2.1005,-2.0074,9.7415,0.796,-8.3835,6.3091,1.8389,0.5575,0.6255,-4.2651,6.2666,0.3221,4.4046,-1.3848,-7.2588,-7.9331,-0.2318,2.9975,-7.8353,8.1284,4.2538,-0.8121,-8.7288,-4.234,-8.3958,1.0613,-1.692,7.8022,-3.0697,8.6105,2.4258,-2.7116,-6.2394,-2.2367,-5.5945,7.7119,8.729,4.4442,-3.6772,-9.3926,-1.6713,6.3823,3.4112,7.2534,-5.3644,0.2133,4.9698,-7.6171,-4.0646,9.8462,1.8783,-2.5311,5.2329,6.8447,2.7111,5.2874,-2.0821,-0.065,-6.489,6.5513,7.6587,-5.7881,1.8497,1.5162,8.661,7.3065,-3.2695,-8.0011,-4.8643,-3.1921,4.7449
-1.2321,2.6234,1.693,2.4116,5.3103,-3.7014,-1.7951,5.9642,6.9487,-3.9139,6.618,8.8805,-7.6642,8.8017,3.8337,-9.871,-4.0036,-3.6616,9.3667,-7.3547,4.2563,-2.6675,-2.2252,-0.981,-5.6536,1.1235,1.0033,-0.6787,7.1084,-9.717,3.9629,6.0722,6.9594,-3.5428,-3.1583,-7.7044,5.6779,-1.4316,8.2011,-8.0926,-7.5532,-3.0252,8.1528,5.1553,-0.2096,-9.2907,3.1311,8.0978,5.6971,6.7594,-3.3908,8.4725,-4.6959,-0.2992,2.4651,-9.9961,6.209,7.0522,-2.193,3.2853,-6.6728,-8.1019,-2.6275,0.4823,-7.1697,-0.6796,-1.6052,-3.0933,-7.5097,2.8777,7.0103,5.4771,5.9742,0.7817,5.4542,-6.2694,-5.6434,-4.9571,-3.5411,-2.2618,0.4754,-5.3968,0.2596,2.0301,4.1026,-4.2845,9.7771,7.102,1.2134,-9.7509,-6.2231,-1.2817,7.6268,3.2512,3.3961,-7.7859,6.0969,8.7759,-3.2323,-5.7245,-5.521,4.1353,3.2829,-1.8532,-1.2765,-4.9684,-1.2762,2.5016,-7.7071,-0.9377,8.0016,-1.4393,-7.6588,6.0759,-2.7143,-9.8436,-1.9449,-8.4688,-2.4323,-2.0869,0.965,-4.3873,9.7875,6.1631,2.5696,-2.4038,4.985,-0.1873,-1.9632,-1.3529,2.9782,-6.4524,1.0879,-0.0288,-6.1525,-8.3533,8.0813,9.8855,8.5285,-1.7376,4.3128,-6.1582,-7.8742,9.0396,3.0423,-9.9351,-8.9855,-2.4756,-4.6354,-9.8287,-9.5353,9.0406,-2.0414,-3.5654,-8.5276,-3.1995,-6.3604,9.9004,-3.041,-6.3603,5.4011,7.8162,-6.0967,6.3177,-1.9132,-2.3786,-9.7948,-3.1286,-0.228,-6.0926,8.6286,-0.068,6.2199,-8.4044,0.0437,6.9475,3.9667,-7.9642,4.7035,0.6673,2.926,9.003,1.5532,-2.3417,2.0619,-8.3642,5.3167,6.8756,-0.2706,4.7152,5.9269,3.515,3.6102,-1.3942,2.1804,9.1221,-4.014,8.2475,-7.4106,3.9384
9.4272,9.4806,-4.3253,8.7151,2.344,-2.2949,1.2862,-1.6337,-8.1566,-6.4785,-8.1814,-7.5106,5.3601,9.7336,0.6895,4.7805,-5.4648,7.1293,6.7919,8.5109,-9.0103,-6.7296,8.2715,4.5916,9.8946,-8.0075,-4.6998,-6.7761,3.9771,2.0582,-7.3041,-2.9329,1.1298,-1.8532,7.8204,-4.781,-8.8295,6.0639,8.5236,-5.0438,-7.5921,8.075,-1.7524,-7.3603,-0.9594,-8.7495,1.1213,-0.8738,-1.7473,-6.5229,0.7245,-4.7686,-5.3967,-5.6283,-6.9692,-4.738,3.9686,-6.8008,-0.6862,-4.4783,-5.5565,-4.6371,-7.8341,-9.502,-8.1152,-9.1992,-8.3552,-7.1291,-5.0812,8.557,-1.8303,6.0254,-2.9759,3.6816,-5.9089,7.7124,3.2832,-4.419,1.0773,9.2729,-3.3071,-8.7856,-0.2572,-6.9768,-9.9266,-1.8481,-4.6734,8.3085,0.138,9.9265,-1.4569,1.0217,0.6515,-7.6277,1.6389,-3.8948,8.0768,5.7357,-5.3783,1.982,6.2763,9.5021,0.3212,2.1636,-7.9003,-8.3385,9.4096,6.5647,7.5891,-3.4876,-7.2764,4.8291,4.6956,-4.855,-0.3257,-2.1211,-2.2319,-4.38,-3.5402,3.0115,-3.194,-5.6107,-9.2001,1.8298,-6.3025,-3.8828,-8.4861,-9.5695,1.4758,5.9884,8.6987,-4.5293,9.385,-5.7721,7.0355,-2.5231,0.5219,8.8933,8.8866,9.7718,-1.8866,-0.3096,4.9958,-6.4358,-0.6514,7.8213,-9.8727,4.5697,9.865,-5.8784,-0.3995,-4.9254,-6.5285,-7.9515,-7.8648,2.9352,8.3201,-6.2579,-1.7632,-6.8036,-6.4819,-2.8799,0.0392,9.137,9.1164,8.9289,6.8182,-4.3881,-2.4053,-0.3408,-1.6874,2.4237,7.4393,3.7277,1.4221,-5.5653,8.1499,-2.3318,-0.7041,-7.2183,0.0377,3.3941,8.4378,5.4198,0.4017,-5.7639,2.1459,-7.5315,8.7116,-9.0804,4.7664,9.9402,7.7022,1.4894,-3.4702,-5.1535,6.762,-5.5624,-0.7625,-0.1578
3.3649,3.3029,3.881,7.8915,7.6089,-0.0286,-9.5978,6.7801,-1.1327,-4.5991,7.3424,6.7833,-3.5812,-0.8452,-3.9848,-2.7753,-7.2914,2.4045,-0.1169,0.7881,-4.2167,-6.1813,5.7695,9.7005,-9.7513,1.8038,1.3151,9.3887,1.3385,8.3078,-2.7018,-8.3219,-6.6517,7.9553,-8.9315,8.7579,2.7647,9.0973,4.1952,-2.2205,-9.0709,2.2897,-4.9204,9.0923,-9.1697,-6.6507,9.714,5.4672,-2.045,2.3676,-5.1556,-0.1859,-1.3835,-9.8348,-8.1202,6.8357,5.5646,-5.0686,5.4563,7.8357,-2.5811,0.1963,-7.8709,-1.2084,4.1699,-8.256,-3.4151,0.6505,6.9751,4.8211,-1.8972,4.4344,-3.8445,-2.9761,-4.6076,-7.6153,7.4634,-6.3297,8.9093,6.8752,5.1433,5.5692,-9.2847,-5.019,9.3612,2.7437,3.7445,0.1815,0.5921,-1.649,-7.0656,-9.5325,9.3755,1.0499,9.1898,-6.2469,-8.0446,4.9838,7.9874,-2.6339,6.5061,-6.2731,8.4052,-3.0326,8.9898,6.6269,7.194,-4.1721,-5.6636,5.6641,-0.9037,4.8313,3.7693,-5.6938,1.5358,9.477,0.9197,-9.3893,-6.113,-7.1833,-8.5354,-4.0598,-0.6973,-1.5482,-4.1325,-2.0604,-6.7489,-6.9977,9.6199,4.7302,9.5579,-3.3451,-3.1036,7.5876,-3.7886,4.7494,6.7405,2.9597,-3.0135,-8.5996,5.2028,3.9645,8.0757,9.7617,-9.5233,-4.2737,8.4751,-7.3852,1.2003,9.8379,-1.495,-3.7966,-5.0807,-7.9564,5.6226,4.4731,-3.1727,-1.6033,9.1288,1.8311,-1.5935,-2.4291,-9.9591,4.0946,-9.5808,6.0429,8.2125,-5.8057,-7.5064,-2.3065,-1.7473,-3.7188,9.2671,0.2484,6.3615,-7.4682,9.9885,-9.5213,0.092,8.2788,-2.7346,5.7584,-8.8713,-1.6899,-0.2203,9.188,8.8821,3.0843,-7.3315,-3.0562,-6.0563,-8.5174,6.2879,8.6137,3.3238,-6.7123,6.1163,7.3451,7.4317,-6.6686
3.1875,0.4809,2.2085,-6.6465,2.8081,-5.0568,2.8166,-7.5933,8.1963,7.1108,8.0042,-0.8261,1.5216,-9.5398,3.775,-5.2194,-4.794,3.5789,-9.7788,9.2882,-9.5098,9.217,6.3626,-7.0718,-3.8552,9.7113,9.7291,-2.6953,-0.5078,-6.2467,5.323,-4.076,-3.9272,-1.171,2.6821,-8.5415,0.512,-8.5701,1.363,6.2965,4.6963,9.7896,-6.0505,-3.7653,2.4179,8.6903,9.8395,9.7763,6.528,2.9908,-4.7381,3.7668,-3.9279,-2.0163,6.6347,-7.2503,7.2373,7.8716,7.5312,2.5315,-5.8313,4.4926,-3.9886,1.6539,6.0267,-0.7638,-6.2842,9.8024,0.7502,7.7327,-7.9189,4.1739,2.047,-9.5364,-6.5182,-0.7758,2.775,-5.7608,-5.4913,0.8903,-3.5137,4.6013,-1.8209,-6.0504,7.3097,-8.0787,2.0571,1.3354,8.1613,-5.8062,-9.841,0.2194,9.2486,5.9662,-3.0918,7.873,5.129,6.6443,-8.9204,1.1216,-8.1169,-7.5478,9.6353,4.976,-7.1432,-2.8766,6.6935,-4.5083,2.7979,-0.1728,-9.8341,-0.4424,7.4482,-0.1316,-4.8253,8.6761,-7.8846,-3.0433,-9.9909,-8.5836,-4.1604,-6.1181,-9.7654,0.9676,-9.3456,-7.0192,3.3673,-1.4742,0.8652,-4.7385,-3.7987,4.8243,0.7029,-2.0312,-2.124,3.2922,-2.7098,-1.368,-4.0831,-5.4701,-1.127,3.9738,6.244,8.9239,-3.6203,-2.0165,3.2967,-3.5428,-5.2721,7.5732,0.5388,4.1259,-2.1403,-0.564,-6.1561,2.5672,3.7445,9.0916,9.9189,-3.7467,9.0697,-9.403,3.563,3.2025,-1.0946,0.2794,-9.1929,9.656,-2.8813,-7.9551,-8.3269,5.5434,-0.2247,-7.4848,-6.4655,-5.4793,-0.2919,-4.1605,8.6711,-1.6195,3.1613,-2.8516,-1.2659,3.517,8.2705,6.6483,-7.9998,-7.6232,9.9768,4.2202,-9.7206,-6.3145,3.345,-2.1589,-9.5723,-2.325,4.2923,0.1905,7.4226,-4.1187
3.5147,-6.8938,7.1757,-4.0683,-6.803,-0.1101,-2.0826,-7.6664,-2.1666,3.9993,4.1737,-9.8707,1.7267,7.6367,-2.1586,-0.269,4.6404,-8.3694,1.3627,7.6383,-1.0453,-3.8017,4.0023,-0.1184,-8.9827,-5.779,3.4921,7.6992,-8.1481,0.0081,3.3539,-7.7158,9.7007,7.9812,-6.2132,-7.2906,-7.0265,-7.2047,-0.8462,3.5614,7.2984,-8.1753,-0.7367,-6.5896,4.9281,3.1395,-5.4982,-6.536,8.6482,0.9918,2.9347,-3.2483,2.1393,-4.1562,2.6426,2.0677,4.4729,2.5849,-8.4596,-5.7024,7.8576,-0.0755,-9.7152,9.4143,-9.306,6.5735,-1.4202,-3.2155,3.3791,-2.2691,4.5987,-8.0306,9.0813,4.3594,7.0519,4.294,-1.6685,-8.2892,1.4654,3.5477,-8.6124,-8.6169,1.7214,-2.2103,1.5471,2.4492,-3.6428,4.762,-1.3857,3.5326,-6.7926,8.4247,4.1245,0.5547,-6.7535,3.8871,0.8283,-9.9146,-7.4781,-8.5439,9.8418,-8.5159,9.134,-6.6234,-2.6397,5.1836,-1.9266,-3.5256,3.7055,1.309,9.9515,3.6228,-0.255,0.9443,1.5358,9.618,0.4108,9.0274,-5.4479,8.8675,-4.8701,0.1499,-0.7477,0.4222,-2.1111,7.0127,7.1819,-6.9276,8.855,9.6868,3.5525,-2.966,9.9914,3.6784,9.5806,7.2672,-5.5523,9.9538,3.8213,5.2323,-0.115,-3.0678,-2.6132,0.5093,-7.7838,-7.4258,-7.8504,4.9235,-4.9822,-4.0629,-4.22,7.1024,-9.5322,5.8903,-7.5216,7.964,-9.8916,4.4927,8.824,2.3625,-9.3637,2.7048,8.4591,-3.0297,8.8965,7.1078,2.3986,2.6469,-2.6211,2.524,8.7718,1.1386,-8.5405,-4.7239,4.6179,5.506,-2.3279,5.6524,-6.4638,-3.2223,-3.6173,1.7465,0.5776,2.5471,-1.8326,-2.826,5.3434,8.2318,-6.165,5.3366,3.1162,5.0612,9.2432,7.1496,4.4451,5.0718,5.161,8.9382,4.0925,-4.1001
-8.8389,8.7535,7.3681,-3.4856,-5.2988,-6.0313,-5.4574,-3.9235,9.5081,-2.058,9.6373,5.1073,5.1233,2.3713,-8.1481,-3.7516,7.4686,-0.2783,-4.2442,-1.1497,-9.9518,0.6663,7.2805,-9.0824,4.7874,7.383,5.7566,7.7751,7.3271,4.0622,-9.9241,3.1939,-8.0362,3.357,4.2172,-5.6389,2.4341,8.4617,8.175,5.2758,8.4767,-1.5666,-1.7301,1.62,-5.9712,7.958,2.6684,-6.2029,7.6382,0.9953,-8.2157,-5.1456,1.1951,-7.9098,5.1703,2.9579,2.681,-3.785,2.5464,6.1933,1.2802,-2.2521,8.7913,4.8937,1.1573,9.7939,-3.9781,-9.2,-0.2117,-7.2843,1.3494,-7.062,-3.9016,-2.0904,0.8897,2.8321,1.2102,-4.722,6.0398,-0.2534,-8.2917,-9.5579,6.1669,-2.6031,-0.763,7.1298,9.1418,-0.9374,8.5139,-8.1317,1.7309,8.4707,-9.261,9.4439,5.1664,2.8302,-8.2398,-0.0473,0.3047,9.5488,-6.4993,-4.7763,2.8915,-2.8852,-3.043,-9.0102,4.992,-5.8417,-9.1678,-6.9855,6.0198,9.6166,1.4457,-4.5949,1.2465,-6.3872,-4.5132,8.7324,-6.8294,0.802,5.3852,3.4114,8.6503,-0.5966,9.2136,2.2531,-0.9613,-7.0528,-3.3789,-7.7376,6.6724,1.2771,6.2427,7.1564,-9.5004,-5.7974,6.1792,6.2766,3.6083,0.9924,-9.3983,9.9707,9.2778,-4.1499,-7.648,-3.4518,-6.8774,4.2341,-6.7164,0.5286,2.3578,1.0615,-0.8028,3.4797,6.3665,-5.8979,-3.6846,2.5294,4.4813,-0.3424,-7.0693,-3.4944,-8.6606,-5.9028,-4.1034,-6.4862,-4.3394,-7.2571,1.503,-2.0398,-5.9317,5.4516,-1.6573,6.9195,-5.0772,1.7958,-5.1042,5.2127,0.0604,0.5638,9.6003,-7.7668,-4.2532,-0.2632,-5.1865,8.7861,1.7396,-5.0752,-5.5108,-9.3098,4.5557,-5.9062,6.5815,3.2106,3.2123,-4.9733,-4.9256,7.2582,-3.2155,8.7288
-1.6554,0.4574,-8.6374,-6.7067,0.5505,8.5611,1.5487,3.3965,6.5606,-6.5993,-8.0392,5.669,6.0873,8.7152,7.4308,0.0478,8.4338,9.2049,-3.6162,-6.3141,-0.4291,4.4929,6.3525,-9.4546,-9.9679,9.6178,-3.7334,-9.5504,3.3975,-4.3957,8.7139,-1.5648,4.006,1.5691,2.5712,6.3502,-0.0248,-9.531,-3.1265,9.1877,-4.7137,-7.5138,9.225,4.2988,-4.9732,-5.0588,-9.5533,-5.2303,-8.2644,6.0891,-5.9679,4.7825,-8.0415,-7.3391,2.0684,9.6251,6.7501,-0.2089,6.2211,-4.951,-9.5442,2.5942,8.9018,9.6194,4.4134,0.0087,4.1415,2.1197,2.3,9.8191,2.9117,-7.1943,8.9908,1.532,6.9399,-3.7967,4.6623,-1.2573,4.4713,-0.518,9.9311,-1.967,-7.367,-9.0984,-6.8873,7.4734,-1.6872,5.0775,-2.0046,7.9618,3.3722,3.1107,-1.0504,-2.8318,7.0724,-5.5305,-7.3269,-6.7029,-0.0928,-3.8205,4.5599,2.8567,0.5489,-9.9238,3.0325,-8.2827,-3.4342,-1.3497,-8.7426,-9.6499,-5.9421,4.8747,-6.9074,-9.2431,1.8709,3.867,-6.9187,3.3585,3.4807,4.4911,-1.3733,-0.8071,1.854,-3.0505,8.1399,-5.6184,-8.9783,2.7841,-8.6053,-4.3878,8.7272,7.9841,1.6684,-0.6541,6.9039,7.9367,-6.0635,-8.2381,-3.218,2.4182,8.8309,-5.1843,1.5533,-3.8334,-9.2048,9.4655,2.834,-7.417,0.2169,-3.7132,-9.6355,9.52,-5.6226,-7.5552,3.5036,-9.5694,7.3017,1.8863,-9.816,0.2508,4.4589,8.5486,0.9435,3.6924,1.836,-1.7426,6.8253,-6.2706,-6.0121,9.8791,-0.3308,-2.8378,3.8185,-3.005,3.0643,-9.2448,-5.9355,-0.8674,9.0586,8.4941,-3.9113,6.8297,6.2483,-9.1018,-3.7375,-6.0546,-6.4478,-8.6966,-3.4616,-9.4378,9.0987,-3.3115,-7.8326,-7.0035,-7.3699,-7.215,1.7861,1.6195,-7.5813,9.4971
-6.1457,-9.755,-8.68,-3.3309,0.4949,7.5574,3.8917,5.5131,-7.1408,-1.3544,-2.1971,1.47,0.2344,-4.6989,-2.647,-8.1928,8.484,-8.3393,8.8912,0.749,8.3516,-0.9151,-1.8796,-0.4016,1.0366,9.7196,-3.6885,9.9096,6.9477,7.8102,1.482,6.57,-0.1522,6.669,-2.3885,8.1191,-0.8089,-7.6305,-7.6571,-0.3608,-6.1082,9.8484,5.6227,3.0016,-7.1575,-1.175,-6.3347,-8.5563,-3.7635,-0.9458,0.858,-5.6601,7.76,1.6673,-5.5132,8.4531,8.1085,-7.0878,7.1225,-7.1911,6.1539,-0.5949,4.5148,0.9138,-6.7665,-7.3129,-5.6981,6.8927,1.1613,2.4808,3.4419,1.8057,-0.5367,4.0134,7.2196,6.0603,-9.4176,5.8473,-7.1478,-5.8754,-3.4709,4.6394,-5.9574,-7.5909,3.1115,-3.3349,-1.2433,-9.2783,-8.588,6.3689,1.4222,-2.5879,9.4619,-9.566,0.1819,9.3626,-2.1846,-6.343,8.2546,-7.3472,-5.6216,8.1144,-3.0336,8.9157,-2.0812,0.0092,2.6842,4.7943,1.1774,1.0106,1.951,-2.3406,-9.7083,-8.2941,-6.9278,-6.9473,-9.0875,-1.3746,-8.4143,-0.9678,5.9267,-3.5494,-1.109,-7.2022,-3.4413,6.3852,-8.9967,8.6877,1.2236,0.9886,5.7195,-2.1026,-7.3382,6.216,-7.2895,1.1072,-4.7149,-6.0492,-4.1072,-0.5802,-1.8692,-0.042,-3.8954,0.5535,1.3374,5.7861,9.9655,1.4519,-4.9023,1.4838,7.864,8.1897,-4.4993,0.1438,4.0906,-7.6121,-7.1644,1.8138,-3.5735,0.4396,7.1546,-4.4428,5.6141,8.5826,5.8964,-4.3084,-9.7481,-8.4294,-7.0241,-9.4868,-7.0884,7.6282,2.8202,8.7832,5.4172,5.4815,1.527,2.1749,-2.4852,-8.428,5.0599,1.596,-2.2982,5.3877,6.993,-2.4439,-3.102,6.8177,9.7501,1.9501,-2.9251,-3.9354,-6.0778,-3.2785,-8.2611,2.9683,9.2725,-0.3986,4.8744,6.5745
2.1868,-2.7723,5.3188,-0.2552,-4.6222,-7.1419,-7.9319,-8.1281,-9.4617,3.6219,1.6734,8.2022,-4.3101,-9.8067,7.7842,4.0145,0.7512,6.6742,-5.3663,5.8372,8.4951,5.6339,-6.7343,-0.6346,8.4151,7.5416,-0.2084,-9.3302,6.3547,-8.563,2.4486,-4.2096,-3.1062,-5.1026,-6.2312,-5.6515,2.2085,-2.7411,-1.581,1.5126,-1.8107,4.538,-1.0409,9.5554,5.3461,0.4266,-0.6917,5.0973,-3.6023,-0.686,-0.0089,6.3452,-2.5199,-2.6203,4.3633,3.1782,-7.1644,2.2489,-3.5131,6.7559,-6.5776,7.9017,1.4214,-7.8707,-7.2551,-8.4458,9.3019,3.2207,-4.569,2.4181,-6.5425,7.6868,-9.5638,8.048,-7.5702,7.0856,-9.4971,-5.1521,-6.5393,-5.8526,-3.1635,7.4548,9.1028,-4.0334,7.9513,4.4908,8.8481,2.5611,2.5345,-1.4384,-5.5677,7.4985,9.1682,4.5583,3.4007,-9.7192,3.2944,-9.3905,8.5812,-7.6453,2.5404,6.5008,5.2441,4.6527,7.965,-7.8745,1.6727,6.5148,-6.1505,-9.6807,-2.0746,1.9739,-0.5619,-7.4047,-8.6936,-3.1072,-9.0442,9.9657,-7.5456,7.7135,6.5199,0.6539,0.7357,2.8987,4.6606,-5.0274,-9.5749,7.4806,6.4508,9.2016,4.1201,-1.5721,-9.716,-1.1972,2.3668,1.3992,-8.0167,-3.8044,9.5761,-3.1113,1.6639,-1.1831,6.7192,8.0398,-1.5538,0.982,1.8178,9.9234,-6.6482,-5.3883,-7.387,-3.0294,-9.4862,-5.6401,4.0705,-6.3603,4.9215,-1.7886,2.4002,5.346,1.7497,-1.4494,-6.4085,2.159,-5.6284,6.3621,-1.5018,-0.2299,-6.9508,1.7664,-2.8774,5.185,-4.653,5.3167,-4.012,-8.6561,3.932,0.9968,0.6185,-3.8434,-9.0122,-8.6992,2.2683,-1.3581,0.2681,-3.3387,-4.2434,-5.4067,4.8343,6.7025,-8.9309,8.5862,-4.1187,-3.5778,-5.4947,1.1029,5.7565,4.788,-3.4253,6.5053
5.1634,-6.9972,6.6716,-5.7725,-6.6323,2.2968,6.9406,3.4692,6.385,1.8301,-0.1336,8.9426,9.2739,6.1545,-8.0716,-1.386,1.1766,-2.6242,4.9935,6.857,1.157,8.5662,1.1178,2.0137,-0.2368,-1.0014,-5.5193,7.8689,-9.3125,-2.5333,-2.2973,0.0194,-4.9807,2.9775,9.8294,3.5059,5.3158,1.4123,5.592,5.6914,-8.8085,2.857,5.2554,-9.7816,7.1228,6.6724,8.3711,0.6375,6.6799,1.4186,-9.8138,4.571,5.4354,-9.4652,-0.5696,0.4451,4.6065,-5.6926,-6.1898,-7.4194,8.5413,-9.1248,8.2392,7.5863,0.577,-8.1849,3.1104,-8.1078,2.3425,-4.0782,-7.756,0.1007,-9.913,5.0813,7.1991,-7.2319,1.39,3.1117,5.8339,-4.6027,-5.1296,5.238,2.5835,-0.0258,-3.8117,-4.5456,-9.1402,-3.5001,5.5787,-3.666,3.9929,-1.3963,-2.259,-0.5708,3.7268,-8.4563,6.4491,7.8201,-5.6675,-8.6638,-3.0892,-7.3778,7.5275,-3.1767,0.5015,4.2335,-4.5972,1.4725,0.1244,-1.9258,-0.8456,0.9757,-4.0735,-7.312,-4.7045,-7.175,-1.6882,-3.5465,-6.4785,-1.1497,-9.5291,-0.6404,3.7275,-3.4079,1.6302,-8.4903,-7.754,-9.333,-0.992,0.6747,-3.7265,9.8102,-9.9791,-1.6015,-8.0748,1.5762,8.1868,-7.9194,4.7973,-3.949,1.463,1.8107,4.5692,-4.4402,-9.1512,7.0189,9.1309,0.8829,8.1143,9.4489,6.3428,-4.9461,5.8137,-9.9307,-6.1167,-1.9962,-5.2418,6.7555,0.6598,7.6371,0.3544,3.4706,-6.5643,-0.1376,-1.9386,4.5614,3.7188,-9.6626,-1.288,-3.7256,-0.3455,4.5441,-2.6919,9.8998,2.78,5.3829,-2.3003,-5.8633,6.9317,-0.9762,2.8215,4.7558,0.518,-0.0756,-6.4461,-6.7548,-2.2653,-0.0676,-7.5346,3.5993,-9.4305,5.4328,0.6189,-1.7897,-1.9371,-7.6328,-1.8055,0.3577,1.6222,-2.8349
-5.8668,-8.7892,9.0224,-0.0452,5.4597,7.6224,3.2703,1.4596,-2.9694,-1.1628,1.9584,1.8058,3.9419,4.4512,1.7215,-2.2369,-6.4419,-6.7711,-1.1994,-6.2604,5.7655,5.2569,-0.725,9.1056,-9.8177,5.9839,8.8279,5.9672,-8.8978,-2.3047,-4.5021,6.5595,4.1916,1.2449,7.3429,6.7943,8.1761,-6.0332,-2.2869,2.1027,8.1485,5.551,5.3185,-6.6629,5.2964,2.6353,6.7153,2.0262,6.3453,-6.5229,-1.6002,3.7343,4.4934,7.7411,1.9774,-8.1756,2.8205,5.7473,-3.4435,-5.0814,-0.9142,2.5314,8.9005,8.2547,0.7071,-4.9259,-0.9846,6.0229,0.0132,-8.9154,5.2716,7.478,-5.5397,9.2721,-4.7215,8.1046,-0.4036,7.092,-4.6304,0.5408,3.4405,2.9651,1.7087,-6.5221,-7.7159,-8.9613,-2.1051,5.5467,-6.6902,-2.7522,7.6224,5.6735,2.3939,-3.2522,6.1706,8.4774,-0.3135,8.2944,-4.3832,-9.3371,8.7063,-3.8563,8.6952,-5.1135,-5.9926,-0.2582,8.082,8.1895,9.2944,5.6468,-2.0751,-3.7831,-1.8483,6.7517,2.8195,9.6244,8.464,1.5813,1.3611,-4.5026,-7.3895,0.0617,8.1473,6.8578,9.1225,7.7176,-7.191,0.5173,2.6642,9.5552,5.1459,-4.3039,4.639,6.1677,5.3986,-5.7217,2.5903,0.1165,-2.9683,1.9678,5.0487,-9.081,3.387,-5.5476,7.6861,-1.1848,-7.9821,4.3013,-7.3064,9.6664,7.2251,4.9412,5.7286,8.5258,-9.0336,2.4584,-9.2786,-1.7894,4.0339,6.8369,-9.4149,-0.607,5.55,4.1274,1.8038,-7.1159,3.4071,2.5802,-6.0586,-1.4282,6.2729,-6.7782,7.3253,-1.161,5.1029,0.8476,-1.8015,1.547,-2.3417,9.1105,1.266,0.9711,3.6695,-5.5098,-9.0497,5.8715,-8.9376,1.1166,2.398,-3.5926,-7.4957,7.8561,1.3521,-7.5362,-7.3081,2.9786,-5.2929,-7.9746,7.4784,3.413
-1.5651,0.2672,2.0996,8.4471,7.9917,-3.7735,-2.691,6.7536,1.1855,3.3892,-6.9512,4.2037,-6.5926,-3.034,3.1489,-4.6594,-6.161,7.6651,-4.2679,6.5292,9.0351,3.4937,0.4026,0.779,-6.1818,-9.7427,2.4158,4.0689,-3.0766,-7.0708,9.3772,5.7857,-9.1756,0.6648,-6.3816,-1.5984,-3.0599,3.3889,8.7594,7.0781,-3.016,9.8605,0.9164,-1.7685,-3.1562,4.5367,2.7555,-4.3591,-7.9432,9.6211,-3.1863,9.519,-9.1676,-8.3426,-0.199,-2.4653,5.2131,-5.8082,-5.2563,1.9943,8.8238,2.8652,9.1168,1.3253,5.1688,4.5517,-9.2641,-4.0784,-6.8859,1.6112,-9.99,4.5871,-6.7355,8.028,-7.6294,6.274,-1.0714,-6.7435,8.9727,1.1733,-3.533,-8.7806,-3.195,-7.7785,-1.1956,2.4225,-2.5415,1.7148,-3.3318,9.8112,-8.168,5.2397,-2.4349,-5.1138,-8.3202,-9.5171,-8.1438,7.1696,8.8241,2.5184,-1.1508,1.4068,7.5768,1.8879,-8.7032,0.0354,-3.2811,-7.8985,2.6023,-6.4316,-3.4991,5.9981,7.3946,-4.2963,1.3038,9.5629,6.8981,-4.8909,-6.7029,7.9771,5.9602,-3.3452,-7.6592,-4.9837,-4.8274,-0.9578,-4.7826,-6.4161,-1.4451,9.1582,-1.5041,7.5417,-5.4158,-9.9143,-4.881,-3.1998,-9.9416,-5.0148,-2.172,-6.4232,-3.4938,8.9821,-3.1148,3.5785,0.9642,2.3084,5.8589,0.7751,3.7611,2.3632,-0.0148,-1.1085,3.9715,0.9556,4.5988,8.6327,-0.6756,5.3503,-4.3333,7.8969,8.4257,4.9114,0.4514,-2.6907,-8.2868,-4.1689,3.2948,5.9034,-6.936,5.2415,3.5367,0.3573,3.2492,6.3099,1.1306,9.492,6.2164,6.2682,-7.3555,-0.587,-5.8679,1.8734,9.4899,-0.9375,7.5898,-8.6197,5.8953,4.9957,-0.6764,1.3779,-6.3199,8.6244,9.424,-5.1787,-3.5459,-0.5014,1.1939,-1.1833,6.1467,-9.1401
4.2442,2.5809,5.8667,8.0737,0.8882,-2.6486,-0.5292,-9.9487,6.4322,-7.6732,-1.3784,6.3289,-4.4002,6.3573,-3.9788,6.3833,8.783,-0.941,3.0027,-4.6641,5.8634,0.2314,6.5005,5.5845,-3.8704,-8.8475,8.0772,-9.1635,7.3317,-4.1112,2.7958,-5.4052,-9.6027,-4.0775,8.1029,4.1781,0.3937,3.2436,-2.3604,7.4354,-8.3857,-5.7164,-5.5719,1.1152,-6.915,-3.6246,1.4255,-9.705,2.5105,-6.1578,8.5655,-7.5697,-9.0058,-0.6451,-4.7794,3.3663,-9.7954,-2.4166,7.886,-2.3545,-1.7248,4.3333,9.2616,-5.8315,-5.8685,7.3883,8.6891,-9.8168,9.1796,5.3871,7.5609,-1.0685,-3.9454,-5.198,-4.8376,2.142,-3.4756,-4.5832,0.668,-9.3502,6.8475,2.7211,4.6489,1.4771,5.591,6.3291,0.7718,4.1714,-4.4208,-4.0932,-2.4438,0.7895,-6.6123,6.1613,5.2689,-5.8823,9.5858,-4.7152,-9.7875,-6.0485,-9.3275,1.4667,3.6472,0.9282,-2.7299,8.0501,-5.6034,-8.1398,1.4299,-3.6045,7.3743,8.7755,7.2173,5.2759,2.9534,-4.4582,-6.5387,-9.414,-5.9685,9.984,-7.0269,-1.5079,-7.058,2.1461,-7.7539,-6.3748,-9.4028,3.8481,7.0242,4.2606,6.5165,4.4026,-1.8795,7.7333,-6.6498,0.0694,8.6101,-2.8077,-8.7225,1.6215,-7.208,-8.6899,1.3363,-7.3067,7.1608,4.1605,-7.0772,-0.6245,6.728,-8.2852,4.3234,-6.372,-7.9445,-4.2007,8.3427,-0.8454,-0.8804,-8.136,7.4326,4.4028,0.6375,-0.5428,-5.9593,-9.0673,-6.9241,6.8643,-6.1352,-7.7409,-8.7299,-0.9619,7.0402,7.9335,1.436,-7.6062,-3.7282,-8.6927,5.072,-3.6536,-5.2895,-5.3625,1.728,7.7389,5.9938,8.4793,-3.4413,-3.14,-4.3628,-3.4701,6.135,4.1432,1.4612,2.7783,-3.4544,-0.2671,-5.2402,8.1261,6.808,-7.654,0.4051,8.0957
-3.8983,-4.039,0.8357,-1.9681,-2.5695,3.7395,-4.8207,-4.2826,-7.0112,3.4986,-7.4222,2.0399,-8.6148,-8.2764,5.377,8.0473,-0.6233,7.9368,1.227,2.5548,3.6456,-7.6766,8.3077,5.0701,-9.4646,6.6435,5.0802,1.6453,-2.6447,-1.3002,-9.7037,4.6672,0.2653,1.2722,8.0704,-1.0675,1.0079,-7.4626,4.0124,-7.3444,1.9919,-3.8501,2.2699,6.97,0.6099,-2.2877,-4.1064,9.4638,1.7027,8.2711,0.0124,0.7795,0.5117,-6.541,-7.1173,4.2609,5.3411,2.9116,5.489,5.4417,9.0308,9.505,-8.6256,6.6513,-5.2583,-7.2131,-8.742,5.5927,-3.5067,-5.3648,-6.2216,8.0964,8.8045,5.398,8.1673,-0.2808,-0.929,-7.644,6.1661,-1.8225,-9.3762,0.5116,5.7245,2.2534,-3.0857,7.5154,3.2178,7.7108,-3.0318,-6.4593,8.1029,9.1301,2.2993,-3.0611,7.8077,9.8687,-7.6283,9.5332,-1.1551,-7.4135,5.4712,8.8694,2.9265,4.0976,1.2074,-3.5296,1.0023,-6.8271,-2.0864,-2.6352,7.4381,-3.756,-6.401,4.3256,3.622,-3.9535,-0.5136,-3.4604,7.9718,6.0276,-3.0214,1.4492,9.4008,8.7549,-9.2784,-9.2463,-7.4301,2.2226,-7.3003,1.1102,1.1967,-7.0422,-6.4379,6.3367,8.6326,9.9481,-0.4455,-3.3352,9.7306,-8.0981,-9.575,-4.408,6.9578,9.1188,4.5445,-5.2299,4.5925,-9.6234,9.8508,1.3462,3.1866,-4.1746,7.6683,-7.671,-5.7522,5.7683,-9.0266,-4.6379,1.2629,-4.9456,-7.1857,8.6905,6.0554,8.2724,5.0083,0.5975,6.0291,-2.8957,3.1447,3.0311,-0.6433,-8.4258,-7.0928,4.7942,-3.5428,5.3531,-8.1278,-7.9123,-4.2518,5.1007,3.6314,-5.8839,-7.6821,2.0555,1.6966,6.4664,-9.9591,-5.9696,-8.5992,6.2558,3.7674,-0.974,-9.2364,5.0814,-0.0998,-9.3425,1.4939,0.1323,-6.6497,1.6643
-0.1458,8.3396,4.531,6.7173,-4.2152,6.2281,-6.6334,-0.7492,2.3386,6.3353,9.0689,3.7579,-2.9653,-6.2834,4.0102,-1.2292,-0.5723,-9.8018,-1.0799,4.0124,-4.2906,-1.3122,6.9762,-5.7241,9.9807,-4.2048,-4.0668,-5.2528,5.2251,0.5704,-8.5317,7.6529,-7.3057,-8.8249,3.9181,1.3423,1.2735,2.8027,8.4533,-3.9311,-8.5512,1.5642,8.6314,9.4492,9.9291,-7.146,-9.8686,-3.7719,4.4462,2.3264,7.566,-6.4663,1.0848,0.5669,-9.8705,8.1424,-2.049,-4.3415,-9.5365,-1.9595,6.2219,8.4509,-2.3354,0.1829,-4.2453,-8.8024,3.1275,0.1632,6.6573,6.114,-4.2729,2.7732,2.7217,9.0878,2.8997,-0.4756,-7.3931,4.9038,-4.9374,-7.3557,-3.9597,5.1398,6.2861,8.8527,3.2509,2.933,-3.0795,5.6962,-2.1962,6.7658,-6.6765,6.8123,6.3765,7.2291,2.0856,5.8849,-9.9581,5.6953,4.3536,0.9497,-1.3734,-8.8463,3.5812,4.04,-1.3868,-2.44,0.6277,-9.0092,-5.6075,-0.8621,-0.3172,-9.3242,-6.1984,-8.9446,-6.6835,3.2547,8.0504,-7.9894,-5.7035,5.7958,6.5148,3.9691,-8.4656,-3.1791,-7.1791,-1.9062,8.4097,7.455,-2.5571,-5.3393,8.5828,8.7973,-5.1844,9.6046,-3.3604,1.2318,9.0327,-4.2151,1.6887,1.3988,6.0534,8.8475,6.3942,9.8892,5.7807,-5.9647,9.8595,-7.6356,-9.0454,9.4919,5.1872,-7.7221,4.6725,4.7099,6.6063,7.093,5.8741,2.7944,1.4991,-1.4628,-3.7801,-1.4583,7.4555,-1.01,-7.9529,-2.7317,9.3522,8.2238,-0.5953,-3.9672,-0.7271,-0.4224,0.4104,-3.3814,8.0258,-1.4581,7.5349,-2.6084,4.7231,-5.1172,4.3281,-7.5116,7.903,-7.4889,-3.9548,-9.3702,9.8302,-8.4617,-8.4409,-4.9899,2.6473,0.0653,1.5349,8.5656,0.2377,-7.1233,2.3311,-3.8015,7.7375,0.8222
-8.0061,0.6865,0.6963,4.2855,-6.1678,8.3889,-6.0388,1.6069,6.8495,-9.569,1.9228,-9.3748,-5.9934,-0.3624,5.448,-6.9287,-3.5678,-6.162,0.901,4.7475,7.7044,-4.3489,3.8181,0.8367,0.0219,-7.6631,-2.549,8.4715,0.1263,2.4819,4.7718,6.2223,8.8332,-1.5433,0.3434,5.865,0.0273,1.3769,-9.1327,3.7916,-7.0751,-0.724,-7.7155,-3.9322,3.2395,-4.5721,4.8049,9.1609,1.6028,7.194,-6.1034,0.9498,-8.4566,8.2482,-1.8939,3.3068,-6.1693,7.6673,4.5667,6.0931,9.5735,-1.9186,0.4645,0.5288,8.3637,-4.2904,4.2051,5.0296,-0.9022,5.9547,5.6163,-7.3968,-2.9476,-6.5367,-8.9342,9.7444,-8.0749,-3.6246,2.076,6.1309,-9.7648,-5.6364,1.9512,-8.7824,5.4815,8.2768,-6.001,4.2073,6.8818,-6.4305,-5.558,9.7602,0.236,-4.5283,9.1436,-9.4744,-4.1805,-8.9811,-9.3163,7.8733,7.9219,-8.2301,-6.7822,1.0119,6.222,-3.2566,-9.0157,3.9571,-5.26,0.4895,4.1809,-6.9548,6.9452,2.5966,-6.0916,-6.4995,0.4985,9.3295,-8.3162,6.7886,-9.5388,-3.7278,-6.3752,-4.8329,9.1741,4.2564,-8.8878,1.863,0.8948,-3.7543,3.1449,1.3131,4.4307,-8.6753,-1.5669,7.0142,-6.1594,-6.9722,-0.186,-8.4497,2.9603,-8.0148,-1.53,6.1657,-3.9336,-0.6309,8.7836,7.5233,-6.3549,9.2511,-4.9464,5.882,-5.3132,3.2772,4.551,-2.7754,-5.8343,-8.8394,-0.6463,2.615,-5.5425,3.2058,2.1418,9.7768,9.5627,-2.9866,4.8915,1.1885,-0.3409,9.7584,-9.1073,3.4067,-8.8413,7.3543,-1.3498,2.8326,8.2821,-0.2567,-8.1611,1.2575,-3.6421,-2.8132,6.7175,4.571,4.9264,-5.117,-3.7135,7.7169,7.5844,-0.8744,-2.256,-0.6021,-4.434,9.7977,0.2133,-6.9982,-1.9119,-0.5723,-5.0461,-9.133
-8.962,1.5687,7.0289,-5.3383,-6.5341,-1.9673,-6.2801,-8.1981,6.45,-7.1164,1.1562,-4.2698,-1.4532,6.8553,0.5615,-9.0035,-8.2053,-9.583,1.3397,-5.176,6.9283,7.1285,-0.7908,-6.2893,1.4557,-2.4547,4.745,9.8027,5.6113,4.2497,9.3999,-3.5823,-1.6251,-9.5635,3.4856,7.4515,3.3579,0.0161,5.732,-9.5522,1.4827,-3.9368,-2.6466,-5.0619,9.6513,-4.5749,7.535,-1.909,-1.6767,-3.4464,0.0085,2.383,8.2446,-5.2061,-3.9173,2.8586,-7.9429,-3.9835,1.1188,-8.365,2.9646,-4.1874,-4.6477,6.0259,0.8362,5.2613,1.0656,8.0216,-8.5757,9.2717,0.315,-0.4181,-1.6172,0.0003,-1.3462,-4.5069,0.9312,7.5299,3.5101,0.939,8.5674,-3.4886,-0.1443,5.0109,3.9992,-3.7771,-4.5049,2.3586,-5.0591,2.0818,-2.0077,2.5051,-7.3223,9.9972,9.8355,2.4492,-4.6936,-8.2099,1.0983,6.7062,-9.8827,6.3264,1.3916,2.8312,-1.8791,3.1739,4.9974,3.6324,-0.242,-6.001,-4.9681,-0.4605,9.0882,9.4465,1.2785,-9.6454,-3.9859,-9.8114,-7.2411,1.6568,0.503,-6.323,3.6844,9.3528,9.5985,9.549,-2.4577,4.796,-3.5026,3.4116,-4.4911,-1.845,-1.8319,-6.8069,-4.165,-1.3282,-2.4044,-0.4891,-0.1829,-7.5687,5.9348,-4.0999,-0.1111,-6.2724,-7.8174,2.7873,3.2231,9.4521,-1.4612,-4.436,5.7043,-6.8958,7.0969,-5.289,7.7051,-1.474,-0.5012,-9.2823,-4.529,-3.6044,8.3436,6.1191,0.1872,4.0637,3.4789,2.3931,2.136,3.753,9.5387,-6.0083,4.6519,-9.0662,-0.6773,9.7876,7.6671,6.3362,8.0884,4.4118,-2.8775,-3.2492,8.303,-5.3263,9.1647,-4.5983,-8.8329,2.1986,6.4336,8.7275,3.9481,6.3776,2.7855,4.4325,-7.7567,4.6492,-5.6656,-1.4416,-0.5031,-9.5083,-5.6165,-0.0879
-0.3049,-5.5278,-1.7559,-4.318,-6.9721,-3.0787,7.3985,-6.5979,-4.3276,-7.6118,2.4004,-5.6526,6.3434,0.4131,7.2055,-7.1114,-1.8319,-6.2626,2.671,-2.414,-1.5479,9.6373,-9.7194,6.1248,-7.1433,-5.0954,-5.2294,-2.1,0.2383,4.6098,0.0748,-0.9499,-5.9954,9.365,5.7807,-0.9703,6.6051,-8.2223,2.5957,-2.0271,-6.895,2.5587,7.8679,8.852,-5.0184,-0.1446,-8.2254,-2.2353,5.7847,3.032,-9.6145,9.0875,7.3401,-8.5682,-8.256,8.5986,-6.6699,-2.452,1.0241,7.7895,7.4815,5.363,-8.8717,7.1471,-1.0809,-7.6455,-1.3302,-3.5571,7.8824,9.6914,3.6096,2.7022,9.8849,9.8252,-4.2435,-6.7894,-1.3417,-3.2899,-4.1428,5.862,0.4864,-3.2973,-0.9885,-2.1663,-2.2217,6.6241,3.2351,2.7987,3.6851,-7.0927,-5.8548,-7.8288,2.3154,-1.5816,3.9114,4.4548,4.7961,1.9809,-8.4181,6.9321,-5.6765,-1.7998,0.2163,2.1177,4.7144,-2.4478,7.3417,-9.7637,0.4883,6.7593,7.7441,9.7602,-1.4353,6.5081,-7.3833,-2.6481,-9.5299,-2.2658,7.2574,8.3221,6.9057,-5.8119,0.9076,0.334,-6.0097,-5.5829,-8.0946,-9.0706,-3.2086,-6.2507,-7.1611,-1.5339,-2.7612,8.2427,5.216,0.9931,1.8656,0.4248,0.0001,-5.9516,-4.2954,-6.8916,4.096,-3.4403,1.521,-8.1549,6.8532,-1.1186,6.7579,8.728,-7.713,-0.2874,-3.9406,-3.8868,1.0718,5.6066,9.3231,-7.0683,2.1052,5.4373,0.264,-9.3432,2.5388,-3.1178,6.8076,-3.0498,9.0095,1.206,4.6292,9.4298,-9.2239,6.7209,0.2411,-1.6442,-7.9587,3.9148,-0.9547,-0.1128,-9.1178,-3.768,1.1421,4.826,-4.9196,3.2351,-5.8498,1.5823,4.2956,-7.6689,-9.0552,7.5279,5.2915,0.472,-2.9517,-5.3207,-1.2607,-5.9649,-3.7117,-8.3491,7.5811,-3.6636
-7.7688,-3.7164,7.4761,-7.9847,0.1058,6.893,1.4495,2.5667,2.6433,-1.6104,4.8203,9.9848,-8.0086,-4.3251,-7.3154,-0.3766,-7.4228,-7.6557,2.9066,-6.2514,4.5571,6.394,-2.6976,3.0327,-3.7116,4.8809,2.8091,1.0525,6.9816,-0.3755,-2.0187,-5.5165,-7.6258,-9.2667,2.072,5.2097,-3.6363,6.2488,-8.8463,-0.7697,9.7576,-2.4667,-8.574,2.9098,4.5552,-4.5109,6.2329,-3.352,5.4944,-2.5397,-4.4095,-3.9449,-6.7845,1.0217,-0.3021,4.5626,-1.3818,7.0935,-9.4431,-0.9808,2.2623,9.2649,-8.7882,4.064,6.7662,9.355,8.4207,-3.1759,8.6143,-7.9535,2.0288,2.8528,7.8157,-2.7426,-4.1959,0.3546,-9.8317,-8.728,7.5633,7.9261,5.6322,9.5932,5.5778,-1.7207,6.0718,7.76,7.3318,-2.5867,-6.6088,8.1791,6.399,-8.4248,-7.8408,-0.4485,9.5286,4.9373,-1.6558,3.9101,-2.0763,-8.896,-5.3877,7.1855,5.2657,0.0656,-5.6339,7.3582,-1.7058,-0.8744,-7.1309,2.3118,5.6085,6.1893,6.9641,-0.2396,-1.6324,-6.6484,-8.041,-0.3667,-7.6821,-0.5353,-6.6455,-7.5049,-3.1086,3.6725,9.748,-2.6183,-6.1008,-1.2776,7.6713,-5.1124,1.1177,-1.3713,6.242,9.4609,-1.9631,-5.0603,-1.529,6.2957,0.7042,8.9003,-1.5037,-8.4781,7.8532,0.9458,-5.9342,-6.9238,6.6659,-1.3057,3.414,3.7539,2.8459,-0.8091,-7.7544,-0.0082,1.9674,7.595,0.57,-4.3826,-0.2417,9.618,-1.9786,6.88,-8.2963,9.643,9.8944,4.1027,-4.2765,-9.7273,1.2716,9.83,-4.1085,1.8376,0.5333,-7.7793,-8.1384,-5.4371,-6.0189,2.3905,1.5266,9.9909,6.9918,1.0371,9.226,8.3739,5.2139,1.4167,1.8184,-3.8171,9.6247,-5.1268,-4.9363,-8.427,-7.4314,-0.3845,-7.8108,4.26,-6.2509,9.2348,8.9291,-0.5547
8.8763,0.217,2.5235,-8.2409,8.8034,-4.1147,-4.8441,4.4825,-8.1271,6.1998,4.398,6.225,-3.8911,4.8627,7.3261,6.4733,1.84,-2.0103,9.1029,4.9812,0.7687,9.2572,-1.642,-6.1313,2.5947,-6.8031,-5.4749,-3.2685,-3.6401,5.834,-4.8795,8.1685,-3.8553,-6.115,-0.9816,4.3113,5.5291,-3.5935,1.1209,0.124,8.3369,8.7875,-1.7564,-2.0662,4.9616,-8.7375,3.5611,-4.1694,-2.2199,7.8769,-8.2941,-4.6998,-6.4649,4.2256,-7.2243,5.679,5.7743,6.5113,-4.0542,8.0803,-1.0261,-6.6945,4.8004,-8.4382,-0.0502,-3.3472,-8.5027,-6.6698,5.1587,3.256,-5.3795,2.4932,3.6773,8.9752,7.8202,3.8489,4.101,9.1339,1.4651,-0.8721,-1.9194,-3.3221,-6.7224,2.5339,-6.817,9.0376,-9.1313,5.2271,-0.4675,8.4027,-1.2457,8.4757,-9.9155,9.8477,6.1938,-6.8576,-1.54,9.17,-0.8204,6.3617,-1.2401,3.4858,1.934,0.1515,0.2213,6.4237,-7.5757,2.6184,-2.0853,4.45,6.8571,7.0226,3.761,7.7522,8.1551,7.7437,3.2087,9.1291,4.5895,-6.0887,9.15,5.4343,-6.097,-0.6534,7.749,-6.5208,-2.6053,-7.8848,-6.7769,8.3601,-1.1632,-5.2639,-1.9822,-6.8769,-4.6745,3.8234,8.9107,-8.7744,9.8711,-8.6121,7.8261,9.4258,-4.2561,7.992,-3.5245,9.3037,-5.7079,3.9898,-2.0938,-7.4201,2.4543,1.5091,7.1853,1.6852,-1.9178,-4.1451,-9.5814,1.7392,9.8123,4.2426,-4.005,4.8848,-2.9202,7.4822,5.1027,6.4338,2.7856,-3.5334,-1.0864,-7.5831,2.6041,6.9857,5.0926,-8.9825,-8.1819,-7.4823,-9.167,9.4145,-1.5728,-1.6472,1.044,6.9857,-1.2918,4.1206,-1.0943,-7.5807,8.1219,0.9303,7.7324,4.7624,-8.4539,-5.1087,-6.3233,9.7848,2.6367,3.3132,1.6552,6.396,9.6817,0.8621
0.4265,3.2815,4.3762,5.9908,9.707,3.5738,8.5081,-9.0126,-5.6169,-2.1836,-7.3764,8.0737,8.389,5.4152,-7.362,0.2613,-9.7252,-7.1066,8.0106,-6.7091,0.8821,6.2331,-0.2955,7.0774,-0.0774,8.7267,-1.7124,-4.6751,-5.5522,-1.1425,-3.6309,2.0555,0.6378,-5.8259,-2.4932,-7.9455,9.8828,3.2081,9.2889,-4.8669,8.1292,2.268,-2.1758,9.8617,8.5171,2.9938,1.1089,-6.6002,8.8939,-0.4579,-9.3112,-2.4137,-9.6575,-7.2433,0.5763,-0.0256,-9.248,-9.9099,5.1,-5.2039,6.4662,-0.3975,-4.7446,-8.6421,9.0684,-0.9698,0.9204,-0.8117,-0.5317,-6.4571,8.5556,1.2079,-5.2167,-2.0165,-4.5724,3.7422,6.3766,-5.9175,-3.9004,-1.4657,0.1084,-3.1012,-9.0593,8.5015,-9.2552,-8.7211,8.9809,-6.465,-3.216,-2.2271,-9.2088,4.1534,-9.6963,-5.8505,9.602,9.4063,5.673,8.4067,0.7239,-4.0804,-3.6097,6.3834,7.2517,2.6606,-1.7905,1.7998,4.0332,-4.385,-1.9962,4.8905,-4.8293,-8.9403,9.9012,8.691,-9.101,-1.6851,-3.9919,1.8245,1.244,-5.5336,1.9978,-6.9612,-6.9704,-4.8352,9.6317,3.3637,9.4646,-2.6496,0.1621,7.8038,-3.5036,-6.022,4.7899,1.4092,-5.2567,-9.5293,7.2395,3.222,0.2988,-3.7578,-4.4782,3.0066,7.2398,7.8463,1.7433,4.3634,3.28,-1.8175,-0.6976,-4.357,-0.1079,2.1142,6.7094,1.3008,-0.7779,-7.6353,-1.0402,4.4695,-0.2101,-1.4331,8.7511,-3.1004,5.3982,-7.6557,-5.9852,8.4126,0.4382,-4.922,-0.995,1.5378,4.4394,2.9513,1.4395,4.8434,-0.7782,-4.8125,-7.9607,-6.1145,4.5382,-8.763,4.1587,-0.2444,-2.596,8.039,6.8003,-5.7361,-6.1265,7.4156,0.9374,1.89,-2.4426,0.5322,-6.764,1.8469,-6.9094,-7.2049,2.0236,0.3137,-0.1232,3.4258
-0.0103,-9.2426,8.7455,-8.3403,7.1816,-2.2138,-8.3524,-4.5461,2.0825,-9.1876,4.6095,4.5011,6.0417,9.63,-9.0126,-9.8166,1.523,-0.5756,-7.4817,-2.6692,-0.0069,4.8674,-1.1396,-0.3913,9.4643,4.4374,5.6349,0.9918,-5.693,0.2984,8.5246,-7.3142,3.339,-4.4329,-0.3949,8.5563,8.8275,-4.5767,-8.4805,-6.7979,7.2587,8.0327,-3.054,-5.6318,-6.0174,5.5311,-2.5737,-0.6534,9.2832,3.0025,1.0505,-5.9908,3.7057,0.5437,-7.0491,-3.5784,-6.3749,-2.493,1.5995,-7.1935,-6.3656,7.8556,3.7018,-0.1509,8.9583,-2.0998,-2.1586,-2.9772,3.2366,0.3442,7.3403,2.5201,0.984,-2.6709,-8.2771,-3.3134,-8.101,2.3436,-9.3989,9.2822,-6.046,9.1956,-3.4768,-7.6626,-4.7048,-0.7284,-2.497,-0.3881,4.224,-2.736,-5.3987,7.7484,6.0309,9.7785,-9.0697,-5.6818,2.4983,3.0141,-6.7424,-4.2687,-3.2945,-6.8889,-4.3781,-9.7008,7.225,2.9443,7.1658,2.89,5.2411,1.6969,7.0872,9.9033,4.0609,-3.1304,9.8927,4.9512,1.6323,-6.169,-6.2119,-8.6386,-7.055,2.7886,-3.0231,-5.5369,0.664,9.7966,2.8267,8.0929,2.4007,5.4963,-2.8755,-1.3188,4.2307,1.91,7.8307,-2.0396,1.9823,-7.122,-3.9181,6.6295,0.6775,0.9018,-3.5588,3.5609,7.9528,4.955,-2.4699,-0.7344,1.5149,-4.3569,9.7327,8.8422,-5.229,8.0655,-3.0217,-1.7453,-2.553,2.9333,-1.4697,-0.8956,-9.409,-4.4374,-9.4913,-9.8711,-4.096,-2.1517,-6.1344,8.7401,4.3468,-0.7889,-6.9731,7.9005,-0.1622,8.3925,1.8981,3.5889,3.7159,-5.6775,-6.1008,-8.0467,2.5738,-8.1616,-1.1428,6.3578,-1.6478,6.1389,-5.3901,-8.5448,-8.7931,-7.8464,4.1301,5.3451,6.1802,-7.5132,-4.0614,9.6019,8.8416,1.3021,4.0457,6.9214
0.9816,-6.913,5.1126,-3.12,7.4005,-6.5234,2.763,-3.4291,7.256,-8.398,1.7654,6.8781,-7.0221,-1.8638,6.2378,6.9527,-4.3893,7.8784,9.4263,3.2619,8.0297,-6.599,-7.5544,-1.9119,6.2064,-6.3629,3.4838,-5.7847,4.6446,-9.7732,-0.7933,-1.5422,1.8426,-4.3107,4.2903,-1.7545,1.8656,3.2893,-8.8848,5.8851,-8.8165,1.3691,4.9238,-7.1765,9.3102,6.4162,7.4323,-2.3259,5.1963,-1.6015,-2.5697,5.0732,-2.7386,-2.5573,6.4121,9.602,8.263,0.7734,-6.0018,-7.5757,-9.1694,1.7613,2.3792,-7.6217,2.3744,-5.1558,5.5035,-0.0035,-4.2886,-0.7539,6.6884,-4.8614,-2.7225,-9.8878,9.509,-9.2953,7.9299,-3.8118,-0.3433,-2.6572,0.65,7.3369,6.5901,3.36,-2.3926,-3.3228,4.5837,7.056,6.682,-7.1175,2.532,5.8329,9.326,1.8075,3.501,-0.9943,7.1205,4.7275,-9.7872,-5.0003,8.4425,3.3075,5.87,-6.7206,-6.9273,8.2893,-0.0199,-1.9281,8.0406,6.8336,-5.7825,9.8856,-0.2299,5.8681,-1.4286,-9.8418,-3.3147,-3.7776,-5.2871,-9.9044,8.0834,-0.5561,2.9718,9.5443,0.5234,-1.5279,-0.7747,2.9036,-6.1363,-9.1978,4.9715,-7.1004,-9.2736,5.9983,-8.8556,-5.6448,0.1012,5.3526,-7.5668,-9.6611,4.153,4.243,-3.9598,7.1751,-2.3957,-2.946,-0.6146,0.7645,5.5003,-0.9397,-4.0573,-1.2811,-2.4862,-3.6848,-8.8077,9.2227,4.8206,-9.4574,-9.4095,3.5176,-8.5976,9.9979,2.8789,9.4399,-4.1564,-1.6146,4.3804,5.3802,-9.3192,-5.502,-3.8887,7.3753,9.1872,-1.1911,4.0619,-6.985,-3.2736,-1.2486,-1.8766,-3.9008,3.0101,-7.4471,6.5133,6.1166,4.4112,-4.5461,9.4743,-0.549,-8.4469,-0.1288,5.6678,7.8636,-4.6903,0.8929,0.596,2.7515,9.8277,-4.9975,-6.8292,9.3361
1.4766,-0.9495,-4.7059,-5.7798,-1.9229,-7.7253,4.0917,7.8749,-7.866,-6.2859,-9.704,-1.8614,5.9842,-0.4236,1.7974,-7.568,-3.2708,1.0653,0.5509,5.583,-3.4039,2.2508,-6.4371,-8.325,4.6119,-0.2106,-7.7673,-4.4074,-9.3362,-2.5413,-4.8079,-7.4473,5.768,0.2816,-6.3515,7.704,-6.5327,-4.4565,-2.3551,2.8865,7.3336,-3.4753,-2.2483,0.4138,9.4905,8.1046,-4.4804,-6.3166,8.8639,8.421,-7.2747,7.7869,-5.9624,-3.4856,-2.0715,-5.0228,-4.7572,2.5054,-6.7744,1.7531,-9.0675,9.1073,5.8778,7.2415,-6.1417,2.7996,-7.963,6.4153,7.3342,-1.1406,-3.2876,-0.264,-0.5822,5.5202,7.8797,7.238,-1.6424,3.7146,3.4908,0.1639,-9.7568,-7.1777,7.2114,-3.9216,-7.6396,-4.9369,8.6952,0.1009,-2.7024,-2.459,-9.4633,-5.9896,-2.4279,4.0062,6.8345,-6.8775,4.1376,3.9412,-3.954,6.3509,6.6105,-4.5475,7.9347,-8.3069,0.9368,4.7917,1.5605,-3.9747,-7.7853,7.0576,7.6235,8.3952,-8.5224,4.3117,5.7314,-3.6272,8.0849,-9.5073,2.4823,-5.3224,9.2631,4.2023,3.8618,-6.6731,9.2653,0.3531,-8.2898,0.3248,8.5901,-2.7524,-3.493,-9.1721,2.7021,-8.8064,-8.3543,-6.195,-1.5727,-9.9813,9.8939,6.7105,3.1359,-7.7389,-3.0026,-7.0326,7.7593,-9.6041,-3.42,-2.6009,6.1282,7.3708,8.811,-8.0565,-4.6848,5.1487,0.61,8.2265,0.5517,-3.4082,6.4875,-4.6053,-0.8972,7.1352,-2.3486,-3.2218,1.9993,0.5683,1.2325,-1.6758,-4.6617,-5.4516,-6.9341,2.2552,-6.8585,-2.9755,2.9658,6.8687,-8.2124,1.8813,7.2505,5.3138,-9.6953,-5.0016,-8.1453,-1.2088,-8.7738,-1.0595,2.8707,-8.2392,1.4971,0.1226,1.5157,7.2034,3.7128,1.5894,1.0078,-7.7092,-4.9553,-6.3275,5.8849,-8.468
6.443,2.5983,6.8687,-8.2657,-5.0427,-5.43,-3.0783,-3.7972,-4.6325,-9.4616,-7.4439,-4.2878,-9.4355,5.8267,6.7841,-3.8597,5.4198,9.0111,-7.0132,-6.414,-6.854,4.4323,-9.014,3.5266,-7.6266,3.8592,2.9723,-1.1418,-4.0295,5.2916,5.4734,7.9992,-3.569,-1.6129,-4.9162,-0.0146,-1.8929,-5.0678,-0.6769,-5.5598,7.3635,7.7554,-6.7938,-0.5276,-7.3204,1.3908,-6.1916,-4.2009,1.6199,5.4793,1.4197,2.8281,5.6564,3.0702,6.84,2.2809,-4.3967,2.7095,9.9559,6.2949,-8.8084,1.5898,-3.6876,6.6592,-7.6905,-9.358,7.3374,2.7854,-6.065,1.0807,4.0374,-4.268,6.7103,-3.4263,-5.9739,-5.8008,6.521,-3.3271,6.3121,7.1807,1.7545,0.0954,3.257,3.2023,0.5891,2.5877,8.8363,1.3114,6.0361,6.105,-3.3427,3.1403,-3.1487,-8.8449,6.8183,4.096,7.9093,-9.5145,7.2838,-1.3981,1.982,-2.3736,-6.9516,7.379,-2.0306,9.4244,3.298,-2.3064,2.7263,-1.9745,7.3283,-5.9408,-4.217,0.8719,-9.1037,6.8281,1.4736,1.6063,-3.202,0.5847,3.395,-6.3778,-6.6197,-6.6598,-6.5742,-2.1785,-7.2641,-0.5984,6.8735,-6.5035,-8.1926,-6.1215,-3.7317,-4.8078,-7.8972,-4.5275,-0.045,-6.5245,-2.9279,-8.4463,-9.3135,-3.4711,-9.977,5.6785,7.4308,-3.7176,0.6665,-1.9975,2.5095,0.7405,7.373,-4.8313,-8.4603,-5.7361,-3.1599,5.5018,-7.3321,0.2636,9.5868,-0.7965,8.985,9.1162,-9.6532,-2.491,-3.4489,-9.2097,9.2116,-8.3811,4.9448,2.5427,4.3481,9.4893,7.6359,-6.6046,-3.7133,2.2472,-5.0885,-3.8971,-8.7318,-6.9043,-9.1645,-2.2117,-6.4655,3.4851,-6.6088,5.1268,3.4145,-9.9511,7.9154,-0.3659,9.641,3.673,-6.743,5.2744,0.7827,-6.9093,5.721,-0.4848,-4.4194,-2.3445
0.7248,-9.901,0.0441,-6.0538,9.412,-6.9645,-6.6862,-2.0407,-1.7371,4.3815,-5.0331,-6.9466,9.0683,3.4915,6.7007,4.4393,-7.5747,-8.1409,-0.8334,3.7529,-0.4362,7.9995,7.272,5.3741,-6.8038,2.8008,-5.7588,2.1739,6.7967,-4.0278,4.6136,0.6989,2.5181,-0.8412,-1.9798,4.6237,-6.9698,-8.7474,-4.919,-6.2666,-1.6859,-6.2596,1.4221,-7.0621,-7.6813,-1.0469,8.811,4.2093,3.3558,-5.1683,-8.6072,3.0268,2.1514,9.6503,-9.3014,1.9313,3.2498,1.2526,-0.4908,-2.3425,-8.0832,9.184,8.0869,8.217,-1.4882,-8.1568,0.8301,5.1071,-5.3659,-3.5752,3.844,1.2689,0.0531,-2.3104,0.8097,-7.374,-8.4797,3.6231,8.7185,6.2409,-2.2221,-2.4315,9.3359,4.4238,1.2861,-6.0527,-7.9077,4.7308,-2.3754,-0.5766,-4.9171,-3.7362,6.6461,-1.5545,-5.5267,4.9184,8.3586,5.7643,0.9471,7.099,-5.7272,1.6256,-9.1653,-2.8634,8.673,8.6618,-9.642,-9.2699,8.7733,6.6635,-8.2372,2.6826,3.8206,-4.8769,-4.4495,-4.7256,2.7736,2.2248,-8.1213,-1.8578,-0.4536,5.424,2.2741,3.765,0.6261,9.7918,-0.1332,9.3593,3.9694,-3.0837,5.7394,-7.7084,8.3447,-1.162,2.5703,-3.8246,-6.2797,6.2063,3.2689,9.2964,5.9171,-4.8601,9.4859,-5.6044,1.3198,-2.7754,-0.7194,-3.1505,-8.2736,5.8842,3.4854,-0.1346,-1.4018,3.7189,-2.6504,-2.5901,-2.1108,-1.6415,-1.9387,7.7922,-3.1189,7.5351,6.2586,8.7999,4.3882,-7.4353,4.4489,5.234,-9.7095,-4.0635,-1.1619,9.5472,-6.7069,8.5981,0.6139,-1.8311,6.6145,-7.1846,-0.4006,-6.2442,8.1304,-8.5436,0.7355,-3.6407,6.9363,9.3769,-6.3777,9.4105,-5.1025,1.3519,-5.942,4.6664,-4.6921,-2.092,2.4611,8.1868,-5.4431,9.7393,1.8156,1.2768
9.6139,4.6789,3.4947,-3.8545,6.9352,-8.1024,0.3934,-6.8365,-3.158,8.2077,-8.3849,0.8961,-5.1125,-9.9294,-0.1438,-5.6938,3.2113,-9.8972,6.5774,-6.5415,-3.4372,0.9824,6.6136,-8.1821,2.4315,-3.0019,3.5423,-0.6717,6.8403,-9.9011,0.8022,9.0516,-9.426,-3.6324,0.9523,6.0596,-9.0843,-1.5651,-2.5588,0.0844,6.6642,-8.6093,6.8065,5.977,0.9344,0.3007,-1.1804,1.7157,-6.8115,-4.3018,6.4137,2.7628,7.2047,-9.5154,-1.6562,4.9674,7.5261,9.207,2.5403,-2.1442,7.0182,-5.3148,-3.9362,-6.8561,2.5562,3.2062,5.8473,-2.6494,-8.7013,7.3258,-0.1822,0.0857,9.9153,4.1663,4.8527,3.8322,5.8385,3.1072,4.1563,5.1628,-5.0707,-1.8581,2.9458,-3.0742,-7.6094,9.1886,-0.6362,-4.819,-1.5069,-0.8287,-2.9202,-2.4343,-5.4306,-0.8281,9.404,-7.4462,-7.0929,2.1139,0.2375,-9.9429,0.9036,6.0717,6.8297,4.3168,4.1105,-5.9824,-9.4334,3.8114,-5.345,-9.0267,2.2787,9.2411,-4.5391,7.1432,-8.5237,8.0986,2.8142,1.5548,-4.2311,7.412,4.1269,-9.1211,3.6034,5.3957,2.5948,1.5145,-5.626,5.7768,-4.244,0.911,-4.0074,-7.2858,8.7896,3.54,-8.1099,-5.34,-1.578,4.2227,-2.3321,-1.2728,2.7134,-7.5802,-5.3582,-5.2885,-7.8884,3.3812,2.5731,-6.6203,-5.484,-5.0894,0.3967,8.8849,7.9116,-3.0635,1.392,-7.9351,-9.8278,-9.8507,3.2865,1.5607,6.6564,3.3226,-9.7092,1.089,-7.8694,4.9699,-5.6046,-3.4944,-4.4312,3.7177,0.5522,2.2072,2.7947,7.8027,-1.8018,-4.2121,2.4723,8.6068,0.8769,0.2195,3.6791,6.6533,7.2155,-5.886,5.3551,7.255,0.6576,-2.3126,1.4677,-7.6573,5.8516,9.4971,0.2403,5.5358,5.8811,2.1014,5.0589,8.7893,0.1983,-1.2845
-7.7663,-8.461,7.2932,1.836,-3.6031,-8.6608,-9.7797,-4.672,3.3368,-0.7446,1.6603,6.7502,-0.0928,8.1777,6.5634,-9.4267,-8.8944,-5.1505,8.5969,4.6336,3.9717,2.7693,-5.8084,1.0591,1.5821,0.9034,-7.636,1.1366,-2.783,-2.3254,-1.0807,8.6301,-1.2369,-9.7962,-7.2209,-5.8267,-4.3862,7.0114,-3.9293,0.6487,4.7806,-5.8539,-8.3561,6.4813,-3.2874,-1.8884,0.2225,1.0574,-9.1791,-6.7243,8.5975,-2.8964,5.9494,8.4401,-4.9208,-0.4948,1.3661,4.0202,-0.5951,-0.8832,2.5639,5.2829,7.3147,-6.0509,9.3998,-2.4128,2.0402,-9.8567,-5.4637,-3.2922,6.4531,-1.9947,-7.4794,-0.0971,4.0565,3.8876,-7.7719,3.866,-3.9627,6.9861,-4.3429,6.5057,3.7055,-1.5427,5.2694,2.6755,8.6527,-1.6298,6.1358,-7.9859,-4.8191,3.2146,7.9261,6.6519,0.8447,-7.8572,-8.4881,-7.8023,-8.8728,8.7044,-2.4476,5.8453,1.7271,7.1711,-8.5835,-8.675,8.3584,-1.4267,9.3905,-3.2977,-5.2475,0.7358,3.2337,3.8706,6.4615,0.2267,8.6469,4.7545,7.2001,-9.5061,6.2212,-8.6475,8.897,-8.4494,5.5613,-6.442,3.3539,2.8611,-5.4248,7.9446,-4.1125,-6.6287,-8.8297,7.3159,-8.3831,0.2666,-6.9615,1.2379,9.6399,-0.9754,7.8874,6.4408,-2.4761,2.6723,7.3757,-3.3307,5.2396,-0.1714,8.1102,2.48,8.8792,0.7102,3.6096,-0.9083,-9.3953,-4.542,9.2163,4.8499,6.7051,-5.9286,2.0185,-3.4915,-1.5536,0.1672,3.7525,9.728,-6.9091,-3.768,-3.7233,-0.0912,0.3125,-9.8038,3.6577,7.169,-8.2238,9.859,-5.3555,7.6681,3.7279,8.4357,-6.9487,-5.1135,-0.9944,0.9892,-0.5883,-1.1883,9.4726,-9.7789,9.885,-4.2802,-5.4784,7.7187,8.2291,-2.0975,-7.8911,-0.1349,-6.4063,9.3266,8.9213,1.9375
8.0049,6.4667,3.301,5.1869,0.6781,0.3037,4.4293,-9.5076,-9.4388,9.4123,3.8689,0.1217,-8.6159,3.0707,-8.3806,-4.4352,-3.3782,-7.2377,-3.0099,1.9401,5.6738,-4.1399,-1.1369,5.4755,-8.3394,-4.6963,-2.2192,-7.4524,6.6385,4.0269,7.4988,-8.5345,-2.8112,-9.6208,8.58,-5.0327,7.2933,-4.5116,9.3965,-9.7254,-0.8483,2.3435,-7.9382,6.5571,5.4319,-1.1475,1.5137,1.7626,9.6627,-5.491,8.3341,-6.519,7.5603,-7.4995,-5.2416,2.8637,6.3686,0.0702,-0.9565,-5.0375,1.2413,-5.5113,-6.3177,9.6307,9.8224,-9.4263,5.9845,-3.383,-3.7548,-0.0086,7.122,-4.2636,1.5189,3.3627,3.8251,-9.0863,-9.3712,-1.1718,-2.7603,-0.9418,4.2909,-5.7011,2.2819,5.0643,0.5038,-2.0494,-0.5204,5.7163,-8.9226,-5.7789,-9.8857,5.5479,9.495,-8.408,9.9348,5.6048,7.6243,8.82,-5.2465,3.4578,8.6555,-6.3965,4.6336,-6.8321,-0.7675,-0.5146,4.6971,9.7848,4.1974,-3.8919,8.1699,-0.0918,-8.6682,-9.871,2.7391,-2.9842,7.808,4.3277,3.9168,7.4463,1.6313,-6.857,-4.0982,-9.169,-6.6714,2.9353,-5.0861,-5.1674,-1.5559,-4.8634,5.0768,9.2986,9.0978,9.1755,-4.5484,-6.2285,-7.9025,-0.2073,-3.9618,5.4158,1.5606,1.897,-3.9917,-6.0247,3.1635,-2.3178,4.0084,-4.0796,1.8768,-9.1625,7.0512,7.8473,-6.8285,-8.6523,-4.1819,4.5361,8.1273,6.6823,-1.9101,-0.9209,-2.3113,-4.312,-9.1733,-3.5133,-5.5292,1.8629,0.892,-0.5525,-7.1815,5.0192,5.3807,1.2422,2.1739,1.7031,5.2604,0.3731,-0.6528,2.6175,7.4431,6.7756,6.5017,-5.9546,3.6997,8.3271,-1.4949,5.2218,5.0926,5.9134,-9.4456,-3.9135,-5.4815,-1.9833,2.6175,-6.7783,-9.5632,0.5913,-9.9805,4.6214,3.0811,4.6314
5.2646,-5.3919,-7.1714,-3.5195,-7.2654,6.1881,-2.8978,-0.7743,-6.2742,-9.7059,-0.4857,-8.2988,-8.5782,5.872,-6.7708,-5.2056,-9.672,5.7231,-7.0671,7.9825,5.9299,0.128,-3.2248,-5.6255,-1.5232,-7.5707,8.8677,5.9994,-5.7355,4.5169,-2.1571,-3.0587,9.7203,-4.7534,-6.263,-0.0858,-9.0041,-2.6818,5.6927,4.6201,8.4767,-6.7256,5.6412,-4.9524,-7.9869,-0.3209,-5.571,1.1117,5.6247,4.6949,3.8751,-7.1769,-7.7782,-6.6947,9.158,6.6242,5.347,8.2737,-5.7356,-6.0869,-9.595,2.5324,6.0134,6.7697,9.8348,-7.2442,-3.1193,-2.7332,8.4628,5.3839,0.3364,9.8622,-2.6197,-9.3897,-1.6035,1.5095,3.8078,7.0295,4.7521,0.7884,2.8129,-1.8379,-3.2313,9.6456,-5.8634,3.6395,-7.5812,6.9235,-6.5049,-0.1371,-2.3145,-4.9172,-7.3292,0.0595,-2.9481,1.1145,1.6667,0.4392,-6.6542,7.5937,-5.458,6.3979,2.5924,3.2824,-6.4381,-7.2037,-4.6422,-1.4307,4.5221,3.0996,-2.1196,-9.2185,7.234,6.1956,1.5129,-9.1996,-6.3555,5.4315,8.6062,9.8555,2.8334,7.2202,9.8247,3.1731,5.9763,1.5482,1.441,2.7503,-3.5238,-8.053,-0.2328,-0.5674,-4.5834,6.0812,-4.0543,7.0908,7.3895,6.8666,9.6311,-9.8215,2.0177,8.7047,1.9704,6.4356,-2.3952,-2.5925,-6.2452,-4.7477,1.8259,8.5139,-0.4859,-9.6569,-8.9469,-8.7221,-4.1357,1.2166,0.9822,0.995,-9.473,-0.3054,-0.7905,6.3888,7.723,9.8869,3.3991,-5.2642,9.0475,8.2496,5.3108,-6.8791,9.1692,7.8191,0.6558,9.7187,8.9251,-0.9477,-9.8004,-2.0223,-3.3146,-1.0087,-3.2461,-1.1166,-5.6757,-8.0821,1.94,-6.2832,5.4275,7.8664,-4.8795,4.3743,-4.1474,-0.1517,8.2992,-2.4277,-9.5534,-1.4493,3.5183,8.0661,-3.8811,5.6604
1.2017,2.5657,2.704,-8.2104,-2.574,0.9798,-7.0707,6.2132,7.5531,-3.0112,3.5614,3.0002,7.6553,-5.8479,6.4981,-8.0646,1.6708,-3.6944,-2.3836,5.3909,4.1451,1.4418,7.8682,8.9999,0.3156,-7.438,-6.4682,6.3129,-4.6475,-6.005,-1.8331,9.7395,4.7194,6.9766,-9.6266,-6.541,-6.8209,-6.9944,3.4878,-3.6376,0.2247,9.8202,-4.8923,-4.1939,5.7026,7.4922,5.1749,-2.4806,5.283,9.9602,-7.2135,-9.0717,4.1467,7.7909,6.0891,4.2648,-3.0464,-3.3866,-1.1333,-8.883,9.5789,3.8112,-8.3379,-3.4763,9.3984,3.3968,-1.0142,-0.9764,6.3604,-7.057,-5.2643,-6.872,-2.5806,4.2561,6.2537,5.1602,2.3528,-9.3766,9.903,1.3787,-7.3405,-9.0928,-9.4963,-0.4098,-0.9479,1.8058,4.8432,-6.9973,3.5197,9.8032,3.0288,-9.7759,-8.4633,-8.0901,-1.8812,-3.609,-5.135,0.8792,5.2456,1.5652,7.9617,-4.2658,0.2192,-7.2217,-8.8172,-1.1685,-4.6604,3.9951,-4.9005,-8.0165,3.3967,-3.0037,9.8042,-1.4292,-3.2833,9.6974,7.6835,6.8929,8.1158,-7.6112,-5.1973,1.2026,3.6496,7.5497,-4.6616,9.6811,-4.5798,-1.9464,-5.0748,6.6216,1.7808,-5.8257,-4.4061,-1.7106,-3.5774,9.4108,-1.1727,9.6278,-4.2816,-3.1727,7.9408,8.7283,2.6756,-3.8043,4.8138,2.0164,3.0322,6.4096,3.9921,-6.573,7.0385,6.8913,4.1951,-9.6876,-5.1398,0.0563,-6.3645,-3.9579,-9.0885,3.8409,-4.3775,2.3754,-7.3616,5.4908,6.3361,1.6954,-6.0352,1.3689,-3.7702,7.4558,9.2827,0.4904,-8.0933,-0.1278,-1.6635,-7.6913,2.6321,9.6718,-7.1803,3.401,-1.6402,-1.0642,2.7184,-3.9924,8.901,3.452,4.0044,3.3177,3.3102,4.9842,-9.7339,-6.6838,-0.9254,-6.0956,-5.4208,9.6866,1.358,1.1924,-3.7854,-5.0928
-6.195,0.1179,6.3459,7.3162,-8.4317,7.6682,3.7849,-8.4088,-4.0832,3.4585,3.3159,9.3996,-5.2254,7.3238,6.3733,8.6605,-9.0261,6.8477,-3.191,8.5881,6.0817,1.4841,1.4312,-9.4292,3.2888,5.7952,-7.7064,5.5764,7.0035,-7.6999,-6.0071,7.0786,8.7798,-5.6533,7.8597,-2.0617,4.0518,-6.9384,3.827,-7.8696,6.4562,-8.9972,-5.0391,0.39,-8.1729,6.1973,6.8996,1.1137,0.4382,0.2763,4.9899,-0.8563,-9.227,-9.0004,4.4381,-3.9763,3.9957,7.2437,4.5015,7.7533,1.2073,-2.0579,-4.4066,-0.1327,9.7358,3.2898,-9.1027,-1.21,-2.3533,6.3869,8.5167,-1.3958,-9.9728,-8.209,-9.7915,-5.33,-0.1162,-3.4951,-7.9992,-4.9259,-4.4194,-3.159,-2.4798,-4.8061,-1.9017,5.174,-3.379,0.8342,-0.8392,-2.8894,4.7358,-9.5172,-3.269,1.563,-7.0727,8.356,-3.5788,1.5876,-3.7052,-4.0641,9.9095,4.9705,-4.4459,2.0467,0.3357,6.5552,-0.0099,7.4166,7.3931,-8.7673,7.0933,-7.0932,3.5199,-4.8335,-7.0151,-9.2301,-3.5406,-1.5398,-2.9074,-8.4633,1.6533,-3.6093,-4.1947,-0.2823,3.4175,3.1365,9.2243,-3.7624,3.377,8.9114,7.1157,-6.9834,4.8299,0.6315,-7.6387,-7.4783,4.8785,1.0126,-1.7067,8.6582,-0.0205,-4.6202,1.9256,3.6377,-9.6644,-6.5482,-8.743,2.1167,8.2124,8.5832,0.301,2.9014,5.4161,3.5489,-1.4026,-5.1592,8.9371,-9.7763,-3.2573,-4.2432,-4.5904,-4.3964,8.6326,-6.3004,6.9282,7.1309,9.708,3.842,-6.1637,6.914,2.3686,0.9412,7.9388,-7.1463,-2.0449,-4.1762,-4.6856,6.8028,-7.5641,-6.0438,-6.6782,4.1658,3.1646,1.3576,-3.5901,9.315,-9.7874,-3.3641,-2.2779,-0.5525,3.88,-7.5413,-3.0281,-8.7654,0.9737,-1.1993,-0.094,-1.2438,1.6429,8.9737
-3.7429,-6.3423,-3.8409,8.6663,-5.1313,-9.6852,1.5018,-9.4375,-5.5784,-4.1981,-4.2728,4.3558,5.8971,-5.597,8.6726,5.0407,2.8444,9.3552,2.692,-7.7694,1.2029,-8.8219,-6.0037,-3.0858,9.7564,9.1855,-7.2315,-7.8985,-2.4909,9.2774,9.4522,-4.3111,-6.3876,9.0995,-6.4179,9.885,1.055,4.7242,-5.5746,2.838,-3.8884,4.0177,0.3895,1.2777,-1.3863,-2.8559,-1.313,-7.0438,9.0471,0.6155,-0.6208,1.9887,-2.839,-8.7853,-5.6741,-8.5045,-7.8899,6.2811,9.0805,7.5197,-5.7393,4.4095,-2.8443,2.358,0.4116,4.9574,6.5407,1.1599,-6.7594,-3.7327,0.9851,9.159,9.2244,3.7407,9.1674,-7.2225,-3.3969,-4.4984,9.1465,-0.8018,6.5492,-3.4512,-2.6531,-6.6021,8.8308,5.2036,-5.8776,2.6054,8.949,6.0595,1.6475,0.4553,1.2269,1.3975,9.6485,-3.5406,8.1459,-4.2307,-7.2786,-1.9748,2.019,-6.9074,-0.4918,1.0551,3.6576,-3.2579,-5.2113,5.5034,2.4784,5.7366,9.0359,-2.5104,-5.3946,5.5823,-2.2418,-2.353,-7.6728,-0.4579,7.9061,2.7098,-7.341,-6.5991,0.1979,0.9293,-9.8787,-5.8846,7.8627,-4.8062,-2.589,0.4157,-6.65,6.6973,9.5025,6.1852,-2.8205,-9.0054,4.2362,4.2653,9.1731,5.6714,4.5292,3.105,3.5926,3.4817,2.0186,-5.0488,-0.7982,-8.9053,1.1572,0.3493,6.2842,0.1391,-3.3511,7.99,-2.4023,-7.421,-0.4746,-7.5195,1.933,-0.4606,9.89,-8.5156,5.0945,1.8683,-6.4559,-7.7682,-6.7833,7.5826,8.4245,8.9712,-3.84,-5.019,-6.6659,0.0938,-3.9799,8.0179,1.4188,-8.2344,-2.5427,7.9651,-1.0142,9.3805,5.0258,-4.3179,4.1574,3.789,-4.5952,-8.5915,0.5031,-9.703,-7.8548,7.492,-1.4651,-3.7879,8.8025,0.4016,2.1448,-4.7175,8.3883,-8.0676
-5.4656,-1.1419,-0.4957,-2.8443,0.9235,-5.3631,-9.2363,9.1661,2.1246,3.6801,-3.5045,-0.044,4.4762,-6.7254,-4.4311,-4.2596,-7.7806,6.4801,1.8015,6.6679,-4.5513,-6.2765,-5.1559,6.5804,-6.1288,-0.9432,-3.4974,-2.7383,-0.2723,7.1063,-0.2564,-0.9043,-4.4913,-2.4178,-2.0001,-6.0842,-5.3512,7.0801,-5.9914,6.3511,-9.0875,-7.6229,-5.3339,-0.8995,-7.2439,6.7876,-3.142,6.166,5.4035,-2.4824,8.3028,8.3678,-2.757,4.0607,-4.7419,-0.6518,8.3267,6.3062,8.6609,0.4023,7.4373,-1.4183,7.9334,-7.702,5.6988,-3.9858,-4.9253,-8.2466,5.7257,-5.7816,-3.3713,4.3782,2.4902,8.8765,0.2713,0.6603,-5.341,-8.2591,-9.7775,-0.2919,-2.3201,9.6472,-8.4074,-4.8403,-7.4631,-0.3175,-5.4405,-7.685,-5.469,-9.4344,-7.159,-5.1463,0.0792,6.8405,-7.4671,-3.4302,0.7935,-4.0581,-1.7093,4.2929,1.8032,-2.4459,5.954,-6.1888,0.2272,5.8289,0.1702,-9.6554,-4.1266,-1.7942,4.7845,-2.5637,-3.0328,-9.979,-5.2922,0.6806,-8.2425,2.9078,4.7617,-9.9058,5.1577,2.9286,0.4604,0.8699,1.1141,-8.9508,6.3093,6.054,-8.0512,-4.7834,5.1807,5.789,4.6374,-5.2889,-3.3435,4.1403,6.1619,-2.4231,-3.3036,4.3603,-5.7844,-4.4956,-9.0948,3.9176,-2.5271,-7.2885,-7.1386,7.1828,-5.2284,9.3849,4.8193,-1.2172,9.9286,-9.0529,8.5448,5.1136,3.9464,8.8959,9.9739,-0.5602,-0.5318,5.4789,9.8212,-5.3133,-1.4924,1.6091,-0.2591,4.7084,6.1863,5.1963,5.1645,3.0231,2.771,0.8787,-4.5684,-7.1293,9.638,-3.6506,-4.2441,-6.4288,-2.8957,6.4079,-9.8845,5.7655,-3.5605,-1.0759,-0.4117,5.9802,-7.4208,7.3784,-0.4547,-1.766,8.1803,3.1431,3.9526,-2.7017,2.9758,-9.6046,6.3292,-9.6842
-3.5594,7.6232,-8.6543,-9.9002,8.4881,-1.3933,4.8142,8.6642,1.1918,6.9721,1.6006,-1.6538,-3.1753,-9.1054,0.3156,-0.0515,-4.6566,7.8895,-9.3285,9.2388,-3.0602,-9.8668,-2.4699,1.6072,-6.8932,-9.2862,3.9015,1.9446,-1.4554,-3.2012,1.5156,6.7727,5.8262,-8.028,-3.0057,-6.9405,-7.0695,4.5598,0.5175,5.6212,4.376,0.9142,6.931,2.438,6.1677,8.7316,1.2788,5.3845,5.7375,-6.985,-4.4583,-1.2901,-2.0853,7.0577,8.24,0.2451,9.0262,-9.2148,6.425,-9.8139,1.2463,6.6428,1.5797,-7.2164,-7.557,-4.0553,1.8786,-6.8293,-8.4176,-7.2445,1.6877,1.3092,-4.3105,-7.317,-6.3669,-1.241,-2.6687,-3.7242,5.1616,3.2283,1.9695,4.9268,5.5518,8.5611,-8.2451,-5.8446,8.651,-5.043,9.5096,2.6146,6.7935,8.9128,-9.4711,0.2772,8.0747,-2.1586,-6.2483,-1.2696,-6.8889,9.7963,-5.9056,0.7597,0.0778,9.7641,0.5317,9.3203,-6.0675,-9.5321,9.8569,-9.982,-6.0482,-1.9151,-6.9957,9.0376,2.3318,-1.2061,-7.5128,-1.2231,4.0712,-0.9742,7.6124,-7.8783,-1.3883,-6.1278,0.0609,-3.1099,-9.6359,-4.8936,8.0805,-0.6507,9.1895,6.1284,0.7206,9.9547,6.7626,4.6159,7.0445,-0.9494,-0.5292,6.7776,5.2269,8.2506,-3.5469,8.7925,3.6819,-5.3856,-4.2622,-9.9937,-3.409,5.6378,8.2855,-2.607,-7.2427,3.168,-8.0426,-5.1028,7.6885,8.0654,6.7004,-5.8558,9.0363,4.2433,-6.8393,-9.5756,-2.433,7.9348,6.8351,3.1012,9.6039,1.837,5.0006,4.8051,1.0792,-7.5223,-3.9817,7.7244,-5.6014,4.8956,-3.1635,-9.6487,-5.7753,7.9362,7.2969,6.9253,-1.0787,-8.543,4.0493,-5.2031,8.364,-7.7978,-8.3127,9.1238,-9.3962,-6.5106,9.2307,2.5956,6.2602,6.7937,-6.0272,2.5611
6.842,3.1997,3.5199,4.5125,-6.0012,6.5663,6.2165,-9.8232,-3.0469,-1.2935,-6.0997,-2.873,6.87,-2.8654,-8.2154,4.1972,1.3775,1.0343,0.8948,-9.4561,-3.241,2.1043,8.9437,-8.4636,-0.9353,1.5573,-4.6607,-6.0342,-2.9271,7.001,-9.222,9.1108,4.5197,-4.3861,-2.3585,-9.7852,-4.0106,8.1529,-9.2931,-1.3391,-6.2185,-1.86,3.4842,1.093,-8.9847,-1.2554,5.6764,9.149,-4.6262,6.2423,-8.3536,6.3786,-8.1153,5.1035,8.1016,3.0419,-9.9961,2.919,2.2383,-3.5319,0.4554,7.1237,-0.9028,1.5399,0.9085,1.3808,-2.1007,3.3619,-3.2199,-8.0677,2.2216,-2.77,-8.5974,6.7836,-4.2149,6.6981,1.9313,-7.3376,6.3001,-3.0256,6.0658,-6.8378,4.5227,0.1782,2.9761,-9.6615,9.6868,9.1813,1.1561,1.84,1.3458,-0.0072,-3.4998,7.3049,-4.7333,8.0117,-1.4413,-5.0344,-3.6352,3.462,4.2663,-3.2838,-6.0803,-1.8133,-3.5396,4.4655,6.7312,5.9971,-7.4673,-1.3064,-8.6615,-7.3964,-4.9983,-0.2104,-3.4306,-8.9467,4.8455,1.7166,9.8801,7.8893,6.3315,-3.2932,-1.9905,-0.3547,-1.089,-5.5715,9.8299,-7.9508,-5.0869,-9.9652,-9.6856,1.1564,-2.0234,7.1518,8.1641,8.0841,-4.0155,7.7751,7.853,1.3321,8.6195,-5.1305,4.8046,-9.5052,9.7769,-3.4074,9.8743,-3.7739,2.6829,9.0005,-2.1303,0.4397,0.7998,-7.073,-0.3488,5.0009,-4.047,-4.6891,2.3712,6.9061,1.0144,6.9112,9.4593,8.4043,4.8334,1.414,6.039,-4.3297,9.5194,-8.3079,-9.359,1.9463,-2.6191,6.6053,-6.9345,2.0266,9.9023,3.4676,0.0637,-3.4479,-7.3818,-6.376,-0.6851,-6.1577,-8.5291,-3.6784,4.7719,5.7362,2.037,0.6422,9.2404,0.9537,6.579,-9.1096,2.0172,-6.5648,5.6137,2.2494,-6.3273,-6.7761
6.2395,2.841,4.3841,8.3269,-2.088,-2.2191,-0.3417,-3.037,-3.7736,1.6988,-8.6544,0.9193,4.6624,5.0023,3.8133,0.8641,-3.4809,-5.8841,7.476,-6.4446,6.0186,-0.1395,5.0434,3.6052,4.1013,4.8262,-7.7843,-1.122,-1.9258,2.4281,-7.9502,1.6836,1.481,1.8434,-8.1481,-5.8689,-3.8114,-2.6453,-9.1971,9.1794,-7.4084,5.6932,7.3026,0.2872,-1.5161,-7.1336,2.5064,-8.3416,-1.5,5.6198,1.5162,-7.4459,0.6548,-8.8569,7.3807,0.811,0.8326,6.4728,1.9158,3.4781,9.1552,-7.9974,-3.3272,3.3605,-3.8462,-9.0433,2.8546,6.8667,8.9234,-3.7811,4.9741,-8.2783,5.5143,-0.4417,-0.9747,-1.0459,4.4126,1.565,-0.8221,6.3855,8.7396,1.17,-9.9791,-3.86,-4.06,-2.7584,8.5708,0.7528,-9.9929,2.9525,-4.5735,-4.915,-5.8157,-9.8397,9.2169,-9.0392,-3.1376,4.9366,-0.8279,-3.7604,6.7626,-6.2388,-9.8294,6.9811,-2.9483,3.5363,3.0518,2.1848,9.8648,-8.7949,0.2386,1.5567,-1.1027,3.2897,3.9484,-6.1788,5.942,-7.5253,-9.9471,-0.6171,-2.0884,-0.9365,-3.3536,0.3123,1.7607,-7.3354,8.3236,7.1503,4.3017,-7.5286,-9.703,-9.6508,-2.6576,-3.6223,4.4547,-3.6488,-5.8521,4.7705,-0.5093,-0.1901,-1.1155,4.543,2.2014,3.4643,6.1734,-7.9144,1.5166,1.5313,-3.6404,6.6345,3.9474,2.0884,-1.885,-7.5491,-1.5693,-9.1789,5.7031,6.4313,1.4753,5.6321,3.7206,-1.2404,-8.059,2.6135,-4.8426,-1.2455,8.4502,-7.777,3.0116,8.4931,-4.8876,-7.6477,-9.1263,-8.6321,-1.5768,-9.9936,2.9548,-4.4382,-4.1951,9.9147,-9.5629,8.6698,-2.4977,-4.3764,1.7185,3.6669,0.987,-3.9304,9.4167,8.176,3.6274,8.4405,1.687,-3.2862,4.9254,7.5486,-3.6758,5.0543,-3.4861,-8.2036
5.0135,6.5725,-9.9624,8.4875,9.003,9.6995,-2.9855,-0.5014,8.6119,4.8123,-0.0885,-8.2586,1.7396,2.9327,9.6127,8.8151,7.2879,-8.9512,-4.5736,-2.9256,0.695,-4.745,-4.8431,7.1808,9.9385,-1.3485,-3.3003,-0.4159,9.5324,-6.576,-5.2402,1.3241,-3.6181,4.6829,0.7183,-8.3271,5.7068,3.3808,-7.632,-9.413,-9.5973,-2.6479,5.5735,-1.3213,8.1236,-8.6026,-2.0879,4.6824,4.5312,-2.0524,-9.7423,-2.3435,4.658,5.2851,0.262,-1.8717,5.7703,-0.8732,-2.46,-8.7679,-8.3438,8.653,-8.4528,-7.6139,-9.8122,7.0225,-0.2607,-6.0977,4.622,4.3829,8.7465,-7.9012,1.4948,-4.5957,-2.2618,-3.1393,-9.6734,-5.713,0.8015,3.3794,-2.2694,2.8775,-1.2585,-1.9084,4.5384,-9.5007,-9.6647,-5.5082,-7.7622,-7.416,-1.8871,7.3457,4.2144,3.5534,-7.3429,4.1953,7.3806,-3.2507,8.7432,-2.3806,-1.896,3.2526,-1.4133,-3.2678,0.4863,-3.6092,-4.392,9.6571,0.4589,8.0188,-7.9698,-8.8847,8.5457,1.9854,2.4968,-4.7887,-4.724,-3.1163,-1.891,-2.3683,-8.1419,-6.0904,4.0033,3.0098,6.4572,-1.9708,-3.7764,4.4787,-7.2782,-4.5711,3.7608,-1.3458,-5.9418,5.5844,5.2308,-2.1872,-5.6435,3.4747,0.3566,9.5624,-7.3024,5.5182,-6.8416,2.7179,4.2405,-1.1409,-2.5937,-6.9125,-4.1051,5.692,9.6302,5.7341,8.3259,-3.3104,3.9309,9.8316,1.0358,7.6798,-4.4218,3.0945,-8.2967,-6.5051,3.581,-6.7627,-4.3424,9.7495,-5.1434,-4.5731,1.9977,-8.006,-3.2165,-1.6823,-1.1118,-5.268,1.0551,2.3016,-8.5757,-9.9356,-9.9632,-1.798,-5.4771,-6.9528,6.9129,-3.1472,-2.3873,-5.2481,-5.8054,8.4416,-7.5859,1.7878,-1.2759,0.177,-3.3462,4.1616,-9.6378,-9.0223,1.3525,-1.4405,-8.3316,-1.0857
-9.7481,-8.5011,3.044,8.8048,5.3672,-4.8182,-4.5694,-2.4895,-8.289,-8.8977,-9.7801,-2.9951,-2.1192,-4.9396,7.3512,-6.9775,0.714,-3.1143,-7.1448,-2.6445,-7.2107,0.6916,-1.1495,-5.9638,-9.0644,3.8748,1.192,0.1712,9.4822,6.71,6.3587,-4.2898,-9.966,5.6589,-9.3929,-7.6087,-0.7001,-3.0001,-0.3104,-5.9084,9.1105,9.0187,-8.1372,8.563,-6.4953,-0.1596,-0.0147,-9.7582,-7.1205,9.6016,5.3734,3.0066,-0.5003,-2.5207,0.0869,3.7894,0.3598,1.7164,-5.578,-1.2547,9.1382,-9.7572,-4.4093,4.7881,4.8396,5.7961,-8.0426,-4.0834,8.4795,-6.952,-4.6935,8.8724,-8.4932,7.0495,-5.7106,1.9328,7.7073,9.3327,-2.112,0.3386,-7.201,7.3777,0.5694,-0.5506,-8.7623,-2.9327,4.6656,4.6087,-5.0419,-9.7316,-1.6781,-1.6073,3.1356,-2.8265,-0.264,3.6077,-7.8022,-8.3415,7.6211,-0.7535,-1.186,5.6023,0.1755,0.3192,-2.3718,-2.9106,-5.6002,-9.7469,8.6707,5.3273,-5.3958,3.6478,-0.3234,5.1307,4.5241,-4.4423,0.3713,-6.4098,0.7215,-4.4339,-0.271,-9.3602,-5.0381,1.6187,-7.7971,1.6063,-9.2003,2.0849,7.8334,4.0341,8.2696,-3.9347,8.5521,1.5625,-9.4331,2.2505,3.4403,5.6876,-8.1346,4.821,8.6264,-9.7586,0.7923,1.2917,-5.5738,-6.274,9.972,2.5868,-2.4542,2.8416,2.8921,9.2354,9.1773,-6.456,-8.5021,8.6895,1.1695,-6.9616,8.8413,-8.6624,9.594,-9.1217,-1.8257,4.4544,-4.2639,-5.1997,9.1974,1.3978,2.3673,-5.6349,-8.5495,-4.3347,4.1249,-7.3879,6.0049,1.1009,-9.0538,-0.5036,-5.1086,3.5181,4.916,-1.2747,-2.5004,-0.5483,-9.6584,-5.4772,-8.5463,-4.8998,4.7793,-9.916,-1.3791,-8.6767,3.7192,-0.3134,-3.3239,-6.7481,-9.5384,2.718,0.2671,-7.1717
-7.5053,-0.5999,2.5132,-8.2275,-6.2333,-8.3083,-2.0938,4.8611,-7.0941,1.8519,2.696,9.1669,-2.3346,9.8627,7.4999,-8.3652,-6.0822,-0.4935,2.5784,-5.5444,7.6711,0.3559,-5.3982,6.0142,1.65,0.0432,-1.9748,7.7706,4.5369,6.7637,-0.3765,9.4782,6.178,-9.1157,5.2498,-8.8859,9.6564,1.6075,1.2717,9.7252,3.273,5.2425,5.34,6.1586,6.9475,-0.7738,-6.2366,-2.1331,-5.7501,5.5507,-0.3146,8.5626,-6.1232,-9.8876,-6.9332,3.1409,4.7095,8.1052,7.645,-2.2458,5.7147,-2.5742,9.0787,6.6652,7.9994,2.2028,0.8274,-6.3302,-0.0962,8.1999,9.7496,-5.5677,8.7509,3.3639,-7.8175,-7.2126,9.6662,9.7038,-4.7701,2.8285,5.7487,0.4174,-4.9906,4.884,5.1891,-6.1198,1.1387,-7.6794,-4.3833,-5.1937,-0.5422,3.7711,-6.9973,5.5657,-3.042,5.4006,-3.4119,0.9589,1.4902,-0.9803,9.2689,-2.7319,-9.4961,-5.9087,6.1756,2.8964,2.3308,-9.2631,-3.1921,-1.729,-2.4822,2.3888,5.4042,-9.3395,2.3974,1.0572,7.7702,-0.3943,-7.6787,5.5242,-3.4536,3.7353,-4.7639,5.7192,1.7893,-6.1075,-8.9499,8.8355,-7.5096,8.7353,3.3161,-9.3604,5.0692,-8.5177,4.8746,-3.7761,3.8787,-3.428,-1.6966,7.3068,-1.226,-7.2652,2.0527,-5.3249,1.251,-1.6613,1.7292,6.2702,6.1065,2.3887,-7.7864,7.5183,4.569,-2.4162,4.7281,7.219,0.0536,-1.7072,0.5949,0.3197,-6.1162,2.2763,-6.0067,-5.7688,-4.1532,-5.2428,-8.0846,-0.2985,7.355,1.2699,7.7757,-6.7764,-4.522,9.9583,-9.7858,-0.3389,3.8185,6.785,7.4753,2.9398,5.1917,-9.2384,8.3701,8.8212,8.9697,2.2357,-2.1602,9.8609,0.3484,-6.9261,-0.7796,4.3034,-5.3469,9.0359,-9.5385,-6.0522,1.5816,3.7107,3.4465,-6.4064
-5.8276,9.6253,-8.0574,-3.499,0.2006,1.6159,6.9649,-3.2257,6.903,3.452,4.0139,-7.4806,-1.2415,2.5279,0.9377,9.3062,-5.6584,0.534,9.1459,-6.3367,-6.6182,5.4774,-9.4688,7.161,9.8122,8.9369,2.1931,-2.2223,-7.3044,-3.4366,4.8415,3.2224,4.2065,6.537,-7.3614,2.7381,9.6986,4.9239,3.166,-5.5988,-6.9456,-8.2893,8.8844,6.7484,-5.5462,-4.9725,-9.3129,-4.0322,-2.9586,-0.1678,8.4504,9.4046,-4.9521,8.8179,-3.9207,-2.1817,-7.6807,4.7375,2.2984,-1.3637,0.9872,1.9212,-1.7336,-9.9683,-4.7175,9.0372,2.2541,3.2281,7.6058,6.6062,2.4844,-1.0234,0.3671,1.7464,4.1487,-7.6807,8.4505,-5.2963,1.9311,-2.4281,-1.58,9.7545,-2.09,3.7338,-6.4566,2.6671,6.0999,8.5691,5.1914,-4.5226,0.9308,-7.8269,-6.2316,-1.1506,6.3793,5.9215,-8.7562,-9.5257,-9.9964,-3.8414,-9.9438,6.4442,-5.3498,-1.0601,0.4548,4.3993,-3.6346,-6.1684,-9.1643,-7.33,1.5904,-8.6369,-8.8397,-3.2763,5.0586,9.6742,7.3799,0.5398,1.8849,7.1896,9.1021,7.0339,9.3611,5.7693,-5.6391,1.58,6.5128,9.4681,0.4566,-2.5107,7.3674,-2.0795,4.9337,-1.4934,4.6674,-8.3574,3.4061,6.1,0.6157,9.7317,9.4848,-3.4699,-6.8833,7.9823,1.8683,8.5045,3.4024,-8.4185,-3.5397,0.343,0.8441,-1.4899,9.2179,0.7105,8.9045,-6.9428,-7.1106,6.6861,5.2164,-7.3806,-0.921,2.0711,7.1664,-5.4745,-3.7935,-2.2766,5.3568,6.8342,-1.0213,5.4294,9.162,9.4142,-7.5001,-2.2035,-9.282,-6.7588,4.1664,5.732,-5.1069,-0.045,-8.6541,-5.7446,-4.4367,6.7461,5.91,0.3977,1.7895,4.8267,-4.5623,-8.8004,2.9232,7.2591,2.7634,-8.5389,9.8893,8.6974,-8.7943,-1.8322,-1.6787,8.9971
2.3601,-4.222,-1.1861,9.3219,-6.4404,-9.4334,-2.0136,-5.4398,7.33,3.0544,1.0238,0.0153,4.3625,1.2031,0.5272,6.4607,1.8643,-1.9637,6.705,-3.4023,1.816,-3.7211,8.4318,1.7299,7.7829,-6.4502,9.1133,-5.373,-7.0374,-1.2813,-3.0275,8.0613,8.7023,1.2009,8.2857,5.8405,8.6857,4.8032,0.5129,-1.958,8.2812,9.0063,8.3696,-2.2608,8.7595,5.4285,-5.5237,6.9305,5.2886,-4.4373,1.1284,8.6449,-1.9319,-0.6212,8.0267,-3.2447,0.6976,-5.6642,-8.5566,-7.0451,-2.7559,6.2027,-2.5261,-8.1317,-1.1683,-1.7876,-6.0832,-6.6292,-2.9644,4.06,9.8366,5.5473,7.6218,-4.2074,-7.5195,-4.6504,-4.6638,-3.03,-3.5693,-9.1382,9.3927,-7.1713,-6.1232,-0.0093,-7.8322,-9.6315,2.6412,9.2813,7.019,-2.0878,-7.5636,-6.9469,0.9986,-4.4406,8.5279,7.8404,1.9656,3.1208,-1.4872,4.1657,-7.5918,-8.8481,-4.3645,7.2106,1.5555,-3.7788,3.8999,7.4301,7.3521,8.3528,6.139,-9.078,-5.0541,-7.0775,9.5111,-2.1503,7.5196,6.346,-4.0155,4.6769,-0.9169,-9.2381,-4.0532,-8.1337,5.7407,5.684,-4.346,-5.5123,3.0009,3.8786,1.7987,-4.7218,9.7985,-5.8887,-1.9374,-0.4178,-0.0195,-9.75,1.6974,3.3458,-6.1043,-3.7947,7.1783,-9.0277,-0.1286,-3.6826,-0.186,-0.4642,-6.393,5.1853,-4.4068,-1.5933,4.1974,0.0566,9.4314,1.8617,-1.7481,0.5292,-7.746,-4.3284,0.4241,3.2294,-4.686,-4.5735,-9.0772,-9.3492,6.3005,2.6499,6.0113,5.501,-3.4402,-4.1131,0.1043,-5.1389,0.6846,-3.577,-1.4344,7.8549,-3.1391,-2.1173,3.2584,-9.4355,-1.9717,3.3691,0.4336,-3.7317,-3.7848,1.8766,0.9526,3.7756,-7.8982,7.663,6.0532,-4.5088,9.7542,7.404,-4.109,-9.1083,-6.8599,-3.8648
8.6935,3.6039,-3.3139,4.0236,-4.3772,-7.5647,3.8432,-9.1541,5.218,3.6234,5.88,-6.4656,4.4119,-0.9152,2.3058,4.9147,-7.6269,-4.8256,2.2403,9.2983,8.7244,-9.5657,7.8719,-1.6766,-1.0265,2.895,-9.1845,-1.1881,0.133,-2.6965,-5.3157,-0.1527,-8.5215,-0.705,7.0493,7.2289,8.9815,7.1385,2.8117,-3.6755,0.3725,6.4561,7.0196,7.2749,-6.4761,9.8971,-6.1386,-1.7159,4.9746,-3.3598,-4.4475,7.8223,8.6433,-8.2751,2.8916,3.6125,8.6475,1.3787,7.6988,-4.0648,6.1888,-5.0309,-9.6236,-1.4088,-1.211,8.205,-4.5199,-7.7591,8.3149,-0.0946,7.5073,4.5636,3.1856,2.7369,-0.1923,6.9943,-2.3858,-7.0592,-1.4943,-2.0922,-6.3648,-8.73,-5.1274,-7.8094,-0.8204,0.8585,-3.8816,8.0925,-5.7336,-4.227,-2.3988,-3.1722,0.7588,-1.4559,-6.3262,-9.4545,6.6493,-4.3473,8.5327,-3.3787,-5.6118,-6.5424,1.7265,-5.193,-3.6393,3.5895,-0.1386,-5.1803,-2.124,8.7704,6.1763,-8.8685,6.7951,0.3072,5.9154,6.7109,7.0779,-5.5516,4.5049,4.5283,-7.526,-0.1501,-7.8294,-4.4176,-4.1417,-0.7892,9.3699,6.8937,-9.1297,5.8538,-4.3002,4.594,7.8634,0.989,-2.2582,-3.6382,1.405,1.1267,5.7539,-2.9118,4.3309,-5.0066,5.4217,-7.1249,-6.0238,8.2299,-9.1647,-5.6722,7.4288,-5.2793,1.2036,5.3039,-0.8989,8.4644,-7.1926,-8.1332,4.2537,-6.9929,-9.7676,-6.0202,-4.1451,0.3462,3.2635,-6.7241,1.3353,6.4993,-5.2976,8.186,6.3248,7.5243,3.588,0.3573,6.6339,-6.2918,-8.4663,-8.968,-7.1741,-0.7601,1.1813,-8.7583,-0.6919,0.5581,2.2513,-5.9245,9.2663,-1.0443,9.8518,3.3874,2.9362,-0.4072,9.2894,-6.0142,0.9348,-7.9796,-8.0611,-4.5559,8.1757,1.9799,-6.4904,6.7006
-2.7354,-5.6818,7.0623,-5.6161,2.6329,-7.5922,-9.7077,-4.0095,4.8198,-3.0418,1.379,-2.7022,9.5262,2.3374,-9.8917,-0.3953,2.7694,-6.8883,-5.2355,-2.4817,-0.1875,3.9343,4.5092,-4.678,5.9964,4.7677,1.3366,3.206,8.4182,-0.4681,-0.3215,9.4048,5.717,-1.7373,3.9413,-2.7456,2.0309,-5.7148,-7.7936,3.9222,-1.0934,6.7976,1.8521,4.4395,4.243,-9.6971,-2.2959,8.5103,-9.8318,0.0691,-1.56,-2.4913,-5.6857,-6.7252,8.2426,-5.6378,1.3227,-2.5675,-8.2907,-9.1704,-6.3893,3.5977,6.3987,1.2376,-8.9873,7.6401,-4.1049,1.861,6.5081,-2.3772,-8.5185,-6.3459,-0.8273,9.551,2.9346,0.4584,2.1558,0.2768,-6.105,4.2595,-5.2613,3.2035,3.8021,0.9337,1.0866,-9.6656,5.1926,1.8147,-2.9543,-9.2089,-2.9819,-2.3275,9.1699,3.7157,-9.2486,-6.648,6.6377,9.9882,2.9259,-6.51,4.402,-8.7173,4.7061,7.2665,7.3199,3.9588,7.4932,4.4629,6.8529,-0.551,0.2907,-9.2887,-5.8822,2.8052,9.2766,1.9887,1.3319,6.3787,5.1783,2.4433,3.9792,1.7828,5.9656,8.7352,8.2212,-2.1009,-7.1399,2.5161,-9.3023,5.3294,-2.7032,-8.3951,-0.7566,8.173,-9.3311,-4.4108,8.9947,0.4435,-8.8704,-3.6983,0.6258,-5.9538,5.599,2.6969,-8.3107,-9.5418,-7.0575,5.5962,4.5181,3.9776,9.2372,6.9226,-4.9794,3.9709,2.6614,4.3363,-2.4855,-9.4062,-8.3524,7.7005,2.611,-5.3081,7.1086,-7.2897,-7.9875,6.608,6.1509,5.9492,-9.9917,-8.2451,-2.291,2.7362,4.2225,-3.7144,5.7105,-5.1377,-8.9155,5.9694,-6.2227,-0.6991,-8.7855,-9.7586,-6.3306,7.2456,2.8105,-7.9731,5.7202,7.2489,5.6632,-9.7619,3.3381,2.813,2.7886,4.5992,1.0517,-1.3993,7.6667,7.2099,5.4666,-6.5703
-0.2051,4.1143,-6.4826,-0.783,7.9608,-4.1162,9.2278,-2.9321,-4.595,-6.2159,-5.7735,1.6606,-2.8935,-8.1574,-4.8077,8.7307,2.5541,1.8555,-2.5217,-9.4058,-6.5253,1.7313,-9.5184,6.9408,6.0469,-0.2743,-2.52,2.9365,-2.5583,-7.0198,6.5914,-9.7099,5.5422,-1.748,0.9394,-1.2101,3.1237,8.5761,-0.5199,-3.8865,-3.5149,0.1333,7.5639,4.9287,5.2192,7.3907,-2.3816,4.5432,3.5789,2.593,2.1049,-8.0896,5.8952,-4.9676,7.5697,-5.2971,-5.55,-3.9641,4.6543,7.6376,2.3269,2.4282,2.7933,-0.4188,-0.4449,2.6848,-8.2057,-9.0847,0.639,5.6857,-9.9344,-1.0827,-0.5983,-4.9792,0.7592,5.7225,5.7351,0.4588,-0.9666,-6.5518,7.884,-5.227,7.567,-7.3608,-1.8809,5.0188,1.7502,-8.3894,0.838,-9.5059,3.6476,5.1684,3.3989,8.0849,-2.8209,-1.0831,4.8776,-7.1821,1.447,9.9581,0.077,-9.2699,-6.5481,5.8995,-9.561,2.4507,-0.4558,9.1992,-8.288,6.0949,-7.5067,-6.7045,-4.0336,8.5087,-5.1567,-3.3732,-4.2101,9.1409,-5.4913,2.9032,-7.0357,-2.1932,2.7978,-3.3906,-6.3145,-3.8571,-3.9901,-4.1167,2.2182,-6.3826,5.9357,-2.9632,5.7319,-0.9661,2.1884,-1.4295,-5.043,7.1454,2.796,4.3662,5.3088,4.0762,-0.8188,-3.1419,-5.0568,8.4408,7.1747,-6.9227,6.5823,-4.7179,2.1933,3.7812,-6.5971,6.6895,-4.466,-3.3173,3.5328,-9.7024,-4.3939,4.473,0.378,-1.4149,-3.5309,0.1252,-5.8997,-0.0383,6.8805,-7.6148,-8.4162,-1.4853,4.8989,3.3609,5.1286,-3.8333,-7.3399,-7.4741,8.8609,3.626,2.0616,-9.9496,-2.6004,5.6367,0.3903,-4.1642,-0.8231,4.8404,-0.1764,0.6996,5.1309,-7.5449,-1.1159,3.6687,0.0016,-0.2776,1.8443,-6.0993,-2.6354,-5.7001,6.4437,-7.9886
-7.5744,-2.4976,4.4319,2.0885,-7.6137,6.0154,0.3993,-9.7115,7.7784,-8.9398,3.7787,2.6282,7.8383,-9.7979,9.1053,1.7057,0.3186,-9.3797,-2.6656,-4.3089,-0.4912,-6.0373,-4.5336,-7.2061,-9.7909,7.8965,-5.5581,-2.403,-2.159,2.9315,0.6392,-4.8611,1.7426,-3.7189,-3.9605,3.1307,-5.5423,1.204,2.7478,-9.1274,-1.5629,2.3836,7.8467,9.3381,-0.4848,-5.2091,-3.2917,-0.3234,-4.4991,-5.6395,-2.8756,-8.9986,-4.7975,-4.7843,5.4345,-5.2179,-6.2876,8.4126,7.097,-4.8693,-0.7626,-0.0467,-1.1656,9.1278,-1.9695,2.7967,-5.4965,9.3317,4.4325,-9.7807,-5.9321,-9.2415,7.2944,-7.8113,-0.1135,-4.6827,8.523,1.7401,-3.9357,-3.7428,4.0608,-7.9933,2.5976,-9.9279,-4.6448,-8.9449,6.5886,-3.5683,-1.8828,2.6005,3.1156,0.9973,-3.9585,7.8227,-9.0148,8.981,9.4211,-8.2069,-1.4394,5.8413,4.1046,-5.0458,5.6809,-0.0518,-1.3824,-1.3089,7.2317,-1.3098,-6.3761,-4.4158,3.3187,5.5043,9.5334,-2.0097,3.8593,-2.2759,-0.7781,1.5758,8.1816,-7.1427,-3.1864,-9.2754,-5.5824,-1.5322,2.4247,3.671,-6.9398,8.1807,5.4615,8.9873,3.3298,-6.6631,1.0837,-9.6351,0.9181,-3.1894,4.2467,1.5334,-7.874,-0.168,-5.4031,-8.7619,3.4377,1.188,3.1737,1.4665,6.0453,3.3914,9.4631,-0.0072,-2.1549,6.0394,3.6941,-2.7865,9.876,-9.4277,-4.0712,-5.4692,-3.5759,8.6251,6.5993,5.7607,-8.1857,-0.371,6.1409,0.3717,-6.9587,-4.0622,-4.0369,5.4713,6.4121,6.1032,-1.0541,-6.4867,4.7737,2.79,2.4155,4.9743,-6.8893,0.5459,-3.0226,5.3481,5.9757,-8.2518,-8.5274,3.0176,-7.0106,8.4804,-1.3676,-3.0404,9.3508,0.7035,4.6891,-9.0051,-0.5308,-6.6367,-5.0821,7.5924,-8.6048,-5.5186
-5.9173,7.5321,-4.4353,0.649,2.007,-8.2727,-1.5452,-6.2118,0.0012,9.0443,9.485,2.5606,0.3201,-3.1062,6.7032,-6.0181,6.3649,7.2614,5.5051,8.3019,7.2915,7.1342,-3.12,-7.7532,-4.0255,1.7657,-5.1254,8.3128,-7.0451,1.1604,0.3196,-0.3164,-4.3549,1.4693,9.1587,4.1597,-9.3379,1.4932,-4.5696,-3.3233,-1.5604,3.9852,-4.4572,-5.4255,1.986,0.8493,-7.3781,4.4422,-8.4304,-5.4438,-1.0574,-1.555,-1.0246,-1.3997,-7.0287,-0.519,-5.7947,-1.1463,-3.1136,-9.2457,-7.2178,7.8543,3.4137,6.7516,-2.8219,5.5652,6.2432,7.1062,6.3495,-8.7341,-1.6247,-2.927,-5.1338,7.9176,1.9611,6.991,-0.6794,-5.6948,3.182,3.6503,8.6954,-6.2851,-2.8562,4.4825,-0.7441,3.7013,-9.735,-6.3477,-3.9993,4.8114,-5.3429,-2.161,9.397,7.3886,5.1632,-9.5794,-7.1866,5.3171,7.6772,9.7367,-1.2752,8.3619,-7.9659,-7.3997,-6.0387,-0.693,2.8695,-4.316,-2.6495,3.3239,-3.3421,-1.7067,0.964,6.0966,6.8676,-8.7342,-9.3405,9.9408,-8.6611,-5.313,1.0557,5.5899,2.5487,5.3362,-3.0718,8.5816,-7.756,5.0596,-6.4557,-1.4719,6.6916,6.9926,8.8252,-9.6959,9.1802,-8.2763,3.7076,-4.6331,-0.3203,5.3033,9.1621,7.71,-8.646,-3.542,5.9796,-7.9959,-0.4335,8.42,-2.2398,-6.8432,8.0084,-3.8948,6.5327,-1.4305,-7.2199,3.8716,-6.6485,-2.2527,-3.3807,5.6394,2.8486,9.0203,2.8842,7.552,-6.8369,-7.2939,-0.4735,-5.3759,-3.6392,5.6617,7.9482,0.3303,-5.4605,-1.9097,3.9693,9.9052,2.0684,7.9674,3.599,-9.6053,6.5935,-8.513,6.1841,-9.1001,-6.9912,-8.2077,-8.9908,4.0097,9.984,4.2134,6.815,-1.0699,5.9203,8.5358,-0.1507,-9.405,1.8734,3.8912,-7.0127,-5.438
-7.2653,6.0375,0.9135,-7.2983,4.4465,-0.3168,6.5219,-7.4573,6.7292,9.5379,2.024,5.2691,2.2432,3.0111,-6.9358,-2.1906,-8.3414,4.6058,6.1534,-9.8536,-0.7102,-8.3304,-1.6964,-3.7121,4.2639,4.2616,8.3901,6.6631,-3.8188,-5.4281,-2.3197,-2.3236,-4.4186,3.8081,-8.2115,8.3365,-8.5325,-9.3311,2.9352,-1.3298,3.7419,8.0334,-5.0243,0.265,-7.9574,-0.6841,2.6931,-0.8109,-7.5679,-7.7255,9.6536,0.5425,9.2339,6.0661,-6.3022,-9.3742,8.7665,8.3586,-7.3445,-3.6291,-7.6932,-4.5455,-4.0984,1.0845,-0.3778,3.6321,6.4244,-5.6498,-1.447,-3.2767,1.9981,0.5156,-5.7081,-3.9099,-3.1214,-9.9298,-9.6688,6.1673,5.9634,9.5293,4.1418,-6.9969,0.3014,-4.3467,2.9844,7.0801,-4.3133,2.8538,0.1922,-7.4075,4.5393,-5.3496,7.9721,-1.859,-8.1155,-4.513,-2.2038,-9.6262,-6.1042,4.4849,-8.5115,4.2135,7.9496,9.1646,-0.2619,-4.4895,8.2992,-3.3119,-2.8018,-3.8329,-1.7292,5.828,-0.5596,-0.6517,-9.1757,-4.7465,-8.2137,1.821,-3.7643,-0.8794,6.3526,6.6935,-2.8065,8.8897,9.2639,-8.6952,-1.341,9.0758,-8.6878,8.2129,3.875,-0.9599,7.877,3.9908,-7.5037,-6.8102,4.5024,-0.9292,0.2088,2.933,-4.9448,-6.5405,3.4102,8.6014,0.2214,-1.3066,7.9293,1.181,-3.514,-4.738,0.8777,-1.2016,7.3908,2.2445,-8.4184,-7.255,2.5744,5.3206,-8.6033,-4.7549,0.9674,9.5228,8.4223,-1.6975,2.5812,-3.9865,1.9592,1.0619,9.1253,5.5875,3.7893,-2.6082,-4.2726,-4.2788,5.1125,-2.288,-5.5102,-3.9645,3.856,-2.0088,-3.7149,9.4694,9.0329,1.8647,5.8178,-3.4558,3.8993,-0.8261,-7.9738,-3.8868,7.1337,-1.9187,4.4762,-9.0773,-6.2332,1.9882,6.7225,-6.5949,9.5382,1.3786
7.9247,-1.0983,6.8687,-4.9579,-3.4239,-0.358,-4.115,4.9917,3.016,5.6875,-6.8335,4.6419,5.2938,-9.3496,-5.4015,0.6563,-3.2169,3.5423,4.8453,8.6223,4.4729,-1.0753,-8.9835,0.5627,2.9802,6.0982,1.069,7.6612,-9.4915,4.1135,8.7539,-0.1913,-9.5001,8.9094,-6.9717,1.1013,0.2118,4.4839,-6.7739,0.2415,4.5661,-3.5284,7.635,3.5626,0.2632,-2.4746,-5.9097,0.1048,-1.5801,-6.0448,7.148,-1.535,6.7119,-3.3122,-3.1268,-2.8394,6.1776,3.9453,-6.9702,-8.6413,-9.2891,8.2254,-1.8374,2.2882,-1.4472,4.1362,-1.9241,-8.7646,8.4862,-3.5054,0.3654,-9.6852,8.1734,-6.1875,5.3861,6.6348,8.5978,-2.5572,6.8612,-3.6201,5.4266,-2.645,0.0173,-1.1624,-3.3278,3.4943,5.9931,-9.185,3.3865,-5.4548,2.388,5.1233,3.4341,8.0407,-1.0607,-5.555,-2.8891,-6.2149,-1.7182,-8.0748,9.9773,-5.807,8.3542,-4.1941,5.3154,-4.5082,-1.5337,9.7368,8.9206,3.2994,8.5064,-6.6849,2.3012,-9.4376,-3.9815,-4.219,-4.6426,2.3371,8.4599,0.3285,8.1181,6.0481,1.6253,-1.7614,-7.126,3.6682,-6.1562,-9.3554,-1.3822,-6.0916,-5.5817,-8.3195,7.0746,-6.2236,3.7073,3.1432,-9.2982,-5.3143,-0.5373,0.5496,-0.6857,-3.3321,5.4067,9.7751,7.6648,-0.2653,-3.0905,-2.0142,-6.2646,8.1503,-3.2196,-7.7767,9.3073,-9.147,-8.0616,5.2066,3.6231,-7.8433,9.4084,7.9139,3.87,3.3439,7.8872,-8.5358,1.5891,0.3774,-4.1613,-5.9114,-6.3686,5.3403,-7.8811,0.7074,-0.1584,-7.0719,0.8643,-1.09,-2.6261,-5.9729,6.7142,-8.4494,5.8147,6.62,-8.4542,-4.0558,5.2628,0.9145,2.6666,7.1981,-0.6586,-8.1076,4.48,7.8532,-6.6364,-1.7718,2.3553,4.6825,4.5967,7.5999,-3.7514,5.6844
-5.9984,0.4947,-0.2614,0.5301,9.4863,5.3089,-5.3045,-4.4669,-1.5895,2.1464,-4.5,-6.0706,-7.0558,4.8178,4.1574,-1.8999,7.496,-2.2316,6.2714,1.7523,-6.7646,5.9333,-5.617,-8.8299,-7.5125,3.3765,0.9476,-4.3767,-8.1982,0.6417,-0.4786,-8.967,8.8628,-8.1073,0.3351,-6.5056,-4.0477,2.3852,-5.1605,3.2476,3.2933,-1.3022,-7.6986,-9.039,7.877,7.562,-5.3921,-6.1591,8.2474,4.3474,7.0717,-5.4928,-3.8138,5.8405,-6.9641,-3.7779,-1.9099,-9.3761,-0.0834,3.4332,5.8844,-6.1158,-6.1891,9.6222,-7.9507,-0.664,9.556,8.9553,-1.9691,-7.4454,5.7926,8.8494,6.8111,-4.2861,-7.5819,-5.4556,6.8237,6.2191,7.9308,-6.9773,-9.4493,-4.6173,-0.3291,-1.1337,5.3572,6.5152,9.0607,-1.553,0.4561,5.0837,5.3896,-1.1407,0.39,3.6262,-7.4179,5.4776,-5.9757,-1.9308,-0.7819,-1.1601,0.8621,-7.8136,7.6604,-2.7708,-7.1884,-6.3534,-3.4033,7.4248,2.3021,-0.3638,4.731,-3.4097,4.2211,5.5147,-1.5848,1.4398,-0.1541,2.1657,9.4858,-7.1208,1.6646,-2.5604,1.8418,5.0444,1.4054,-4.0975,4.3759,3.1859,6.0289,-7.9909,2.2916,-1.2299,-4.6512,-0.0362,-5.7104,-4.4738,-9.6671,9.9751,-5.3613,-1.5272,-5.1388,3.3929,-2.9874,6.9961,-8.6419,8.5333,4.9491,1.2117,-7.1827,-2.9205,5.9382,-6.3284,9.2971,-1.9918,8.7087,8.0993,-1.4103,3.6166,2.9779,-2.5291,-8.044,6.6262,-9.8813,-6.4517,7.7186,-6.148,8.0833,7.5806,-7.1348,4.3846,6.6461,-4.0201,-4.5501,3.1607,-8.0796,-1.7027,-8.9682,9.358,-9.3933,-4.3495,7.0775,0.9385,-9.616,6.611,-1.6275,-5.4552,-9.0424,3.6986,5.8746,0.7114,4.3773,-2.4313,-8.6293,-8.1485,9.9322,7.6137,9.9718,6.0031,-0.5317,0.8334
2.0743,1.6913,1.8784,8.9753,8.2433,-4.3505,9.1525,-4.4396,-9.1768,0.4577,4.9631,-8.8064,-2.2275,-1.1948,4.8993,6.7065,-2.0233,6.0226,4.5095,-8.5639,-3.5786,-7.2785,6.6269,5.0291,-2.8613,8.2086,3.0927,-9.414,6.1639,-0.373,0.205,9.9497,-9.669,7.4205,8.3289,4.2111,-8.633,3.3426,4.7488,-6.1983,-1.6783,7.3612,-2.3229,6.2761,9.1552,-0.8963,-4.6192,5.5071,-3.718,8.7497,-4.7692,-7.0516,-5.2649,-2.0157,-2.823,0.1053,7.2121,-6.9308,-8.4678,3.7732,4.2178,-3.5121,1.165,1.5634,-9.9191,-0.4868,-1.766,-2.5676,-0.8659,-6.4092,5.3187,7.5741,-8.5528,-9.569,5.6059,7.4334,3.3068,6.9032,-1.4351,-3.6143,3.1578,4.7954,4.3759,-0.8087,3.4171,-4.3888,0.985,0.5972,-7.2134,-5.1415,-1.3615,3.1906,-3.0192,-5.3638,2.2711,-6.9134,-4.1864,-6.9259,-4.5225,-1.2645,-3.4023,-2.9035,-2.897,-0.9245,-7.7889,-9.5555,-2.7042,5.4439,-8.4358,-4.8541,-5.5619,3.3582,0.8819,8.0948,8.9529,-7.6848,4.9966,-7.2808,-5.1155,7.1981,1.8638,1.4485,9.9134,5.7373,-2.924,2.2776,-9.7724,2.8445,-8.13,9.0134,2.1141,-8.3806,-7.1835,-4.8921,-1.173,-0.4334,4.222,1.426,-4.527,8.3847,-5.872,1.5071,-8.5751,-2.7768,3.4683,-1.3209,-6.974,8.7492,-3.0955,-5.5047,8.6147,5.8387,9.1229,9.421,5.8495,9.5584,1.2492,-7.2179,-3.4644,-6.35,3.1793,-2.0688,0.0537,-9.6512,-4.5711,9.4175,-0.3884,-5.096,-3.1564,7.0564,3.6061,-4.2177,-7.2101,7.9187,-1.1018,-4.9857,-3.6303,9.696,-6.1716,-3.9089,-0.6968,7.7359,7.9415,7.3379,-3.774,-2.243,2.1649,-2.1227,2.6569,1.8583,-4.2538,-5.0124,-8.5783,-4.9399,-5.9172,-7.6351,-6.0275,-4.0042,-7.0207,8.6419
-3.0176,-4.7064,-5.2632,-9.8972,-7.624,9.8466,-5.8515,-6.5195,-1.3334,-4.0159,1.6429,5.0275,-6.1095,-0.7259,-8.2765,8.3134,7.169,5.152,4.8086,-8.475,-5.3503,-5.0453,3.1438,-7.2835,8.0976,4.3018,3.7499,-6.3499,3.3855,7.4717,-4.6899,-7.2841,8.2121,-7.4891,-9.0041,3.5671,-3.7411,-9.2939,9.3295,4.3024,-8.4217,0.3238,-5.2284,-9.154,-5.8869,-0.0316,3.8565,-2.3207,-1.4512,0.1789,-6.0371,-5.3486,7.8066,6.3687,-1.3999,-6.7187,5.0606,8.2725,-3.153,1.6126,-5.457,-0.5291,5.0679,-6.4875,-9.5593,-0.1079,3.3805,-2.8082,3.8877,-3.7354,-3.8308,-0.7665,-3.8401,-2.6029,9.9517,7.1783,9.0723,-2.197,-4.6679,-6.3042,8.7309,-0.6361,-3.6291,6.0002,-7.9722,9.2844,-0.6214,3.5566,-5.8554,-3.1246,1.1904,-2.9017,-2.9674,-2.2286,8.7102,-5.4982,-9.9146,9.067,-7.262,4.8812,-3.5072,4.39,1.6941,4.1766,-9.8793,-6.1277,-8.1191,-0.7806,-9.2611,9.3081,2.2931,5.8487,-5.8153,-9.4536,-1.4959,6.1313,-2.0386,1.2269,8.5055,2.6213,-5.7303,5.9699,-8.5779,-3.3959,4.9953,-6.9574,3.8753,7.6147,2.3861,9.7066,8.4378,-2.4694,0.805,9.1886,-3.4955,6.9586,-9.1057,-9.2141,1.88,-6.1049,-1.1791,1.6357,-8.1285,-4.7823,-2.5855,0.8536,1.8473,-3.9273,-0.9064,4.6902,0.018,6.8311,3.1957,6.8759,1.4575,4.0747,1.2223,-0.0876,6.3533,-4.5071,3.0735,5.7908,-8.1405,-3.3471,1.9403,-0.0939,-6.003,9.3642,-5.5811,9.2698,9.0819,9.917,8.5244,-2.1716,6.5069,-7.7741,-5.7699,4.7783,5.0353,0.0532,7.5686,6.5351,-3.1279,-0.9038,7.043,7.8935,0.9199,-4.9297,-1.8014,0.1543,-5.2469,3.2441,-3.4372,3.2015,2.5202,-3.7778,-3.4181,-1.9352,-7.8442,5.0538
-6.0841,3.2896,-0.7942,-3.4708,-7.1643,-2.3574,5.5515,2.144,9.3224,5.5006,-4.1577,-7.5007,1.0647,-4.8098,-7.8055,-1.8344,1.6761,-0.1633,7.7794,4.4571,1.6972,9.4289,-7.8392,0.3983,5.1183,3.9098,-2.7153,0.7168,-6.1529,4.7116,-1.9161,5.7392,-2.5123,5.7876,0.326,9.6506,7.5135,1.5489,9.3107,5.3157,7.7317,-9.4823,-1.2239,-9.9623,2.7318,0.4142,9.9067,-9.4188,-9.135,5.8203,-7.3168,2.0384,4.5612,6.9469,-5.5082,9.5868,7.1317,9.0168,9.656,3.1243,-2.7062,9.1293,-0.579,-7.9059,1.724,-5.9404,4.2038,-9.3064,-8.1904,-1.2638,9.3416,0.8527,-9.8346,3.0758,8.8635,-6.6283,4.5539,5.0485,-2.1668,-5.9407,-0.2228,-5.2607,9.6377,1.9069,-2.56,-5.9148,-1.1499,-9.0305,-9.4211,-9.4162,-8.4694,5.2023,-3.894,0.9542,5.3034,-5.7072,-0.4009,6.8156,-6.6394,-5.3027,-8.9748,-0.0696,-6.2209,-4.0292,8.6222,1.9145,1.2247,-2.0661,-1.7407,8.725,3.4316,9.5979,-5.7463,-7.1117,-1.9485,-6.4898,-6.029,1.3029,-3.8815,-0.9424,7.49,-9.1904,-5.5471,1.4112,5.3255,7.1621,6.62,-0.6825,9.1379,-0.4599,9.9567,-1.2471,-0.7953,5.8904,5.446,-0.9463,-2.159,-0.6608,-3.6185,-4.5519,-9.3548,8.041,2.6402,3.877,-2.3836,-2.6317,-7.9781,-3.5648,-8.0479,0.4614,9.7457,1.6247,-3.0715,-9.4315,1.2355,-7.5465,1.7157,-7.6314,5.2687,-0.412,-2.7981,4.9349,5.4911,7.315,4.9816,-6.511,3.4591,-8.9849,5.5614,3.1936,4.3536,7.3428,6.9793,-0.7079,-7.3444,-4.899,-1.1967,-7.5536,0.2719,-5.8305,-8.6586,1.0786,6.2427,-3.8352,-8.4467,1.133,-6.6176,4.4711,5.7411,-0.4827,-0.8141,2.3338,0.6017,4.3547,-7.2011,8.3425,-6.0794,-5.075,1.7868,-6.1047
5.9607,9.1019,7.1,9.7051,5.2754,6.6053,-1.0949,-2.6659,-7.2706,-1.2881,-6.5121,9.7275,6.0437,4.5231,-9.3682,-0.6126,-0.9064,-1.9181,-1.1639,8.6482,7.3977,-1.5023,-7.5835,-2.4125,6.9257,-7.5335,2.5228,1.8639,-5.9763,-4.5099,5.8013,5.0116,-2.1,-3.6629,0.4049,-4.7171,-9.0993,-8.9019,-9.7082,-6.6523,-5.8147,5.7287,-1.3319,-6.6847,-3.279,0.2833,0.6586,7.3158,-2.1323,-9.9692,6.1267,-0.2855,-3.432,-9.6643,-4.2673,6.93,8.9031,9.7061,-8.9933,-9.1283,3.4514,6.1962,-1.18,6.0704,-7.174,-8.4646,-5.6288,-5.8904,3.1496,-8.8397,9.8131,-4.4276,8.6385,1.0722,-4.9822,-8.5131,-4.7789,-9.5995,-3.813,3.6239,-1.3178,-0.6118,-6.2086,-2.0437,2.8207,2.3789,0.356,-2.9917,7.3474,1.0691,0.3542,2.7192,-4.4426,-2.8575,-2.2236,1.7977,-4.9867,-8.7285,8.0192,6.331,8.019,0.4306,-3.5288,-7.6742,6.0981,1.5908,-9.3556,4.3751,-1.5752,-8.4604,6.0534,0.8877,7.4653,0.0781,1.2562,-4.8469,1.4853,-4.079,5.495,-7.987,-9.7133,3.311,-3.8219,-4.3324,-0.3767,1.5716,-2.6757,-8.3847,-7.2851,9.8113,-8.5637,4.4118,-4.4868,-9.558,6.6582,8.0212,-8.0061,-5.6836,-2.947,3.1355,-5.5052,-9.9813,8.7158,4.0918,6.6818,2.646,8.9078,-4.1015,-6.2414,-9.3109,5.1979,-7.2946,7.0224,-4.5089,-7.6774,-8.2041,3.1797,-2.2204,-7.2918,7.6602,-0.902,-5.412,-9.5586,5.5486,3.0868,-1.9613,6.3592,3.8911,-4.6579,5.8855,-0.0589,6.6554,-7.755,5.2974,-9.7973,-6.4464,4.6875,-8.6661,-7.7676,4.873,2.6454,7.7438,-9.3088,-3.0621,-8.5456,5.0622,-8.5177,7.4884,1.7577,3.6257,-8.5335,-1.6136,0.2517,5.8512,5.4333,-0.3083,5.3764,6.5844,-4.5752,2.2779
3.4338,-5.6365,3.0026,9.9748,1.3305,-0.1033,-4.4138,-0.9725,-5.1454,-8.1908,8.4947,-0.0779,1.019,2.4818,5.7403,-6.9478,0.698,-6.0036,1.6556,2.0126,-9.5926,5.182,7.5807,0.9547,4.6869,1.5997,3.1718,3.6089,1.3552,-9.727,0.9805,-5.3692,-6.2442,3.4533,-8.0778,7.0025,2.5145,3.8162,2.9512,4.6972,9.6454,4.3853,7.6014,0.8644,5.0638,-1.4235,9.9858,4.253,0.092,3.9068,-9.0901,1.1318,-8.0369,-5.2082,5.0063,6.0445,0.1328,-6.0916,-2.561,3.1026,2.6835,-8.1913,-2.5901,8.6203,-4.5089,8.7578,5.7348,0.2268,-2.4299,-1.2148,-3.1874,6.6543,7.0687,0.3971,-9.7938,6.9927,5.0814,-0.8174,-1.8641,6.8011,-3.1043,-9.0143,9.0046,-8.6409,1.182,-6.7184,-9.9748,-4.5093,6.4994,-5.6413,-6.9506,7.2254,-5.5026,-8.4838,-0.5255,-9.5444,-9.8266,-3.1537,-5.6529,2.9653,6.9282,0.6677,-3.1023,8.6505,-7.7286,-5.2546,2.4162,4.6425,7.9424,4.1884,8.9577,-0.9072,3.2727,-2.0367,2.368,7.2824,-2.8853,9.4574,5.4076,2.6796,3.9669,-1.481,5.4955,-1.0795,-6.0935,-5.199,-6.0797,-5.3447,-0.5677,-9.6547,-7.176,6.9469,3.0751,6.6311,7.0565,5.9765,0.9263,-0.2549,8.3963,7.572,-5.7647,-3.4416,5.1489,-2.7643,3.597,-7.9295,4.7492,7.4756,-1.4709,-2.4779,0.381,-5.6958,-6.255,-1.7053,-9.244,8.4406,8.2142,0.6095,3.2653,-1.7167,9.8298,2.5339,-4.9461,-1.2319,-4.1898,6.5731,9.9532,5.3364,-3.3165,8.3834,-5.9361,3.9021,9.0592,-3.3864,-2.9248,-6.0397,7.6636,2.6115,6.5495,-0.1227,-1.3874,-4.0555,0.9428,8.6099,-2.21,-9.6824,7.2757,9.8123,-2.3563,-2.5455,3.0524,-7.2821,-5.4929,9.3279,-3.1739,-1.2291,-1.489,3.0228,-8.8686,2.5961
-7.7079,9.2825,-3.5943,-4.9519,5.0427,-1.7243,-4.5574,1.6293,-1.3512,3.5377,-9.3761,-7.5795,1.9058,0.5461,7.5461,0.8027,4.1142,0.9724,4.0741,7.9695,-4.3491,-2.5049,4.0787,8.322,-6.2432,0.4434,3.6982,2.624,7.1281,8.7964,-1.3314,-8.6015,-7.1866,9.4079,-4.019,-4.9562,-0.738,0.8596,-0.8,7.7777,-3.7586,2.1823,-9.1028,-7.6632,7.5794,3.0957,-4.8388,0.4818,-4.0426,-7.1601,-3.4035,3.9862,-5.0025,0.6486,-1.1643,-9.0785,-5.1131,6.9867,1.2996,-8.7316,-4.1449,1.1795,-0.2673,-2.1994,-6.0232,-2.3514,1.7071,4.087,-9.2891,4.8941,1.4357,0.6987,2.69,6.1956,9.4772,-5.6792,3.0425,6.3912,0.9574,-8.4456,3.4915,5.8313,-3.1878,-8.4577,6.1241,1.0203,-7.9823,-1.6965,-6.936,3.4499,9.4431,-7.5308,-5.4502,6.7026,-5.9941,-1.8153,-3.2602,-4.6324,7.5884,0.7953,-4.6323,-1.614,5.2868,7.1788,-6.6273,1.1013,-6.3157,-2.4656,-7.3371,8.0618,7.281,-6.1832,9.3602,-4.6337,4.1262,-8.5504,1.3182,4.899,-3.8061,-8.9081,-2.6526,8.9004,-1.824,4.4024,2.7721,-0.7947,-5.6936,1.354,4.256,9.9978,2.9958,7.9729,3.4943,-8.8892,4.7023,9.9885,-1.104,-2.9453,9.7937,8.8561,0.9285,-1.4078,9.3041,9.7116,-2.845,-5.8058,-7.431,9.1912,9.2982,3.7085,-7.7203,-7.2499,7.6044,-6.1739,-7.7671,2.3932,0.0264,0.2465,-5.1943,1.6784,-6.7001,4.3696,-9.6379,-0.1918,0.7644,-2.1879,7.3069,5.2821,3.894,-9.3579,-1.7415,1.1034,4.8046,-7.0779,-9.938,-6.0169,-6.4475,8.5252,0.508,-2.1935,6.2384,6.6804,-5.5681,7.5896,6.6538,0.7798,3.8956,-1.2541,-3.6638,5.4371,0.8613,-3.7265,-4.3884,5.4136,-1.4167,2.7782,1.1353,-4.3329,0.0659,-4.233
4.885,3.3467,7.4929,-6.8095,-4.8066,-5.6854,7.1973,1.5811,-2.6547,-9.6928,2.6996,-8.2482,7.8062,-7.3789,7.3804,-7.0337,-5.4406,-8.6199,3.5405,-3.9178,-7.7829,7.9693,3.2829,-5.6766,3.9688,-0.4783,-0.525,-5.0997,-8.5818,5.5482,-3.2248,0.7873,-4.0448,-1.2164,0.7766,1.4365,-3.9891,-2.0647,-2.4421,6.9376,-5.1358,2.4769,-8.3838,-5.9978,7.1106,1.3918,-1.4366,-7.7916,-2.2982,-4.7456,-0.4579,-7.9962,-0.1228,-1.9616,7.6217,7.2836,7.1382,-2.8562,1.6378,6.0689,-6.9897,7.6661,1.4428,-7.1229,3.3386,4.463,-2.0844,-1.3294,-8.4424,-1.7454,6.3868,-2.969,6.614,-3.977,6.2968,2.241,-1.7458,9.0653,9.6189,-4.8683,-4.1422,1.7268,3.5002,1.9136,8.462,4.8287,-1.3394,5.3602,-6.2022,-6.8601,5.4691,9.0882,2.7062,-8.1653,-1.1717,-6.112,-7.3189,6.8283,-2.1438,-6.3671,9.9329,-1.9425,-5.3039,3.9168,-5.9168,-3.0694,-5.0649,-3.8273,-5.4488,9.7694,-8.1936,-0.2303,-7.8118,-4.2101,-7.479,-3.975,-7.9352,6.134,3.4974,4.8672,8.0523,5.7617,8.9334,-7.5098,3.2837,3.4364,-6.6147,9.5457,4.7787,-6.8727,9.5805,-9.0087,8.296,-9.9734,-9.4951,-8.3384,-3.3229,-7.4857,1.3708,-9.6586,-6.8747,6.4601,2.7251,5.9483,-7.4817,-5.2203,5.2794,-7.5783,8.9348,-4.8034,-7.5267,-4.1395,-4.0197,-6.4587,2.6833,1.4328,-9.3659,1.1669,-4.7826,-5.9413,4.2577,3.3361,-9.4383,-2.5271,-5.7689,-1.7568,6.7536,-2.9794,-9.7158,-7.7797,-5.0542,-9.7275,6.5304,9.3955,0.6127,7.4984,-5.2166,-2.872,9.719,-4.8827,3.3714,8.1999,4.5921,-1.1325,-6.796,-7.057,-0.2853,-8.6457,7.3466,1.7069,-1.6693,6.1054,-2.3802,-2.6445,6.8074,6.9659,-1.9113,-9.4989,-0.1676,2.3347
5.968,5.1938,-7.0581,8.6164,3.4463,4.0465,-8.8224,-5.8737,5.393,7.1618,-8.1113,-3.5363,-1.4117,-5.6474,1.8945,5.3109,-5.4662,-0.7245,-1.3312,8.7519,-8.8113,0.0682,-5.9973,1.8894,8.5086,-5.4237,9.2678,5.6315,-7.1855,9.5547,7.3685,-6.3881,6.5847,-5.6824,1.4114,-5.269,4.2824,-2.5256,6.208,9.3931,9.118,-1.5142,3.2001,-3.8518,8.4408,-9.0909,9.5212,6.2594,9.9138,3.0305,1.2791,8.3866,9.1354,-3.2701,0.6047,-8.3489,8.7552,4.4276,4.674,-9.7405,-5.6023,7.3982,-1.2757,6.3759,0.4646,7.8607,3.5247,-3.7925,-7.5584,-6.3402,-1.2914,-6.7341,0.034,-8.9137,5.7804,3.8081,9.8769,5.9411,-9.4981,8.9847,-4.8495,3.8992,1.9766,-5.5793,1.9342,0.3894,-5.7891,-9.2893,-8.8745,-0.45,-2.8524,-3.4384,-5.5552,-5.8841,8.9437,-6.3277,5.5222,-5.7246,-2.0696,-9.3075,-4.7458,0.5543,3.1544,-5.081,5.6248,2.1911,6.1321,1.8291,-3.6174,-3.5676,3.4014,9.5286,-8.6236,2.3135,5.364,-9.5087,-4.8153,1.1238,5.1936,-6.1125,2.6264,2.0267,-4.8616,-5.9882,-5.9186,2.6058,7.7918,9.3004,9.082,-9.6399,4.2678,6.5427,0.9462,1.5448,-4.5249,7.0182,-4.9011,-9.2485,3.7082,-4.1353,-4.9419,-4.8087,6.27,4.9035,6.0547,-1.7066,-3.8477,-9.2543,8.7176,-2.7423,3.3985,5.3457,0.977,-8.0218,8.1793,-6.4581,1.9265,4.8151,7.2703,6.3015,9.4797,-4.198,5.8399,6.8243,-9.1907,3.0993,5.5987,3.0073,-3.5491,-9.2093,9.7429,-2.8236,3.9803,-5.8955,5.5255,7.2209,-2.8104,-7.8886,-4.5556,-9.8035,1.4914,3.3338,3.195,-5.9179,-0.6151,6.5544,-6.4999,2.4448,-1.3929,-8.1329,0.3531,2.4743,5.2112,-1.8417,4.6748,4.5874,-1.6381,-1.5717,5.0485,9.1415
-6.9377,5.3795,0.4246,-2.8878,-6.1804,-1.0876,3.0783,-4.2288,1.1393,8.4893,-3.1064,-8.9001,1.5468,-4.6263,0.3002,-0.4249,1.2991,-5.8129,9.9993,-6.541,7.1628,-8.4701,-0.5373,-3.6309,-2.6919,1.9143,-8.5673,-8.3105,-0.3337,-3.9146,6.6236,-4.829,-1.1012,-2.8204,2.9869,4.6812,5.972,-2.197,3.1303,-7.0348,1.0655,8.1136,3.5952,-5.5162,-7.956,0.0148,9.7031,2.863,1.0905,7.1637,1.6133,1.8188,-8.0812,7.0604,-6.3498,-1.7114,-5.4156,9.3687,-6.3244,9.6261,-6.0331,-0.2248,-5.2363,-4.8142,-3.5791,8.2626,-9.6121,-5.8257,-1.7003,2.6184,9.5968,-4.4104,-6.3845,1.9859,-5.6956,-9.3412,-5.7816,8.2607,-6.1662,2.4522,-9.8582,7.8693,2.8021,2.9187,-8.7531,9.9847,4.3132,3.049,5.7158,-2.2187,-2.0692,9.1651,1.3257,-9.2977,-5.2636,8.3103,9.4849,3.5825,2.1634,7.5925,-9.2634,4.8437,-4.4132,-8.2671,0.8406,1.2953,6.1517,-6.7186,-4.1472,8.8961,-5.6903,-0.8645,5.536,-2.0687,8.3694,-1.2831,4.1804,-4.689,-0.0417,-8.0113,2.0531,-3.0332,-5.8398,-3.3744,6.2848,0.6081,-0.9493,0.1403,2.8005,-2.9776,-1.7123,-6.0543,-2.9851,-0.4585,-0.9584,9.2518,6.8718,-1.0322,2.7477,-8.1415,9.6953,1.6014,7.5919,-3.5732,3.4558,3.4248,-3.6706,-2.9183,-8.222,-9.0493,-4.9822,9.7063,-7.1241,4.9431,-1.9263,2.3049,-3.1953,0.5637,-7.9407,-5.8283,5.4376,3.4322,-9.8128,2.3189,2.733,8.108,-2.1572,4.9428,-5.9954,-8.747,-6.9177,-8.2688,-9.8144,6.3231,-3.106,5.0093,-6.4143,6.6742,-0.8351,5.1532,-0.6306,-5.154,-9.6161,-1.718,1.5373,-0.5691,6.8295,9.4153,2.4166,1.5783,-0.7061,2.4149,2.1231,1.416,3.8214,8.0973,-3.0248,-3.99,-5.9966,-1.8443
2.0585,-6.3818,-5.9394,-8.0039,3.575,6.8654,0.2087,6.4072,2.0264,8.6998,1.4731,-1.9816,1.0059,-8.9725,-7.477,-6.7012,0.4001,-9.2469,0.3349,-7.6878,5.3023,-0.8667,-4.833,-0.3482,-3.9137,-5.5464,4.6177,2.1772,2.4575,-9.4386,-6.4922,9.4725,7.8988,-7.6487,-8.8738,-1.945,-1.959,5.4199,5.4574,5.9379,3.3277,2.0495,1.7981,9.2247,-0.7812,3.7038,1.2936,2.4898,-8.273,4.9418,-6.3258,-1.2944,-6.8725,-3.6136,5.5262,9.0724,2.6495,3.4172,-0.7858,1.1041,-7.7363,0.5581,-7.0437,4.8109,-0.5103,-0.4597,6.2595,-9.2239,-1.318,-1.5982,-5.6228,0.4911,-2.3201,7.7274,6.3444,-3.1657,1.0776,-5.5311,3.2303,0.6231,7.1021,-7.7085,-1.6094,-2.0695,9.3916,-7.1606,-0.1698,-3.9347,9.6233,4.1076,-3.06,-7.869,3.7592,4.9916,-3.1197,-9.1949,-5.8538,-6.1431,-0.7525,5.0883,8.3199,-0.6832,-7.47,-1.4559,9.8054,2.0223,8.5875,7.8306,1.0413,-5.1206,-9.033,-7.2054,0.8474,-5.6637,3.137,7.2643,-3.2642,1.4507,-4.4602,3.7323,-2.7301,2.3406,-7.2216,-1.2174,7.6993,4.2732,7.8652,-5.7762,9.505,8.815,8.6731,-9.8497,9.1168,4.8238,-1.2599,-0.05,8.7164,8.0251,-4.5384,7.9376,2.5756,-0.0886,0.0373,-2.1182,-8.571,1.5592,8.734,1.1788,8.25,-8.5336,6.8046,9.2941,-8.898,-3.2447,-7.0963,6.9272,5.696,-4.6899,-1.2763,-1.6781,8.4432,3.3062,8.4033,-2.9086,-5.4871,-0.8106,6.4134,-2.6187,-7.6033,-7.8918,8.7585,-2.6687,-8.9468,-2.801,-1.8547,-1.5802,-4.7572,-9.0527,-0.12,-4.4706,-7.4582,9.8299,-6.3282,-2.6422,-3.0964,-6.9632,5.8118,0.8379,6.3503,5.9247,-3.1942,-9.0586,5.7727,1.7903,5.2386,6.1775,5.1485,-3.9561,-5.5928,0.9846
9.9122,1.5095,6.6016,-5.069,-8.4499,-7.9173,3.3614,-2.1208,7.9181,5.9546,-0.1849,-5.5761,-5.2923,6.9744,2.7221,-6.2959,1.8945,4.0555,7.9492,7.1117,-6.0995,-7.9448,-1.8395,-9.4833,0.6018,-0.0608,-6.7246,8.275,-6.7416,-6.9851,0.8406,-0.4089,-9.6506,0.8038,-3.2122,-6.9524,8.746,-7.6469,0.7121,-4.8481,6.4415,4.5387,-0.2459,-0.322,-8.261,-8.5216,1.6262,-4.2861,-9.5514,7.1604,9.0794,5.1886,-2.7386,-5.1365,3.3751,2.2971,7.4515,2.1535,7.751,0.0798,5.3749,-5.4828,-4.8653,5.3123,2.105,6.9918,-1.8661,-4.8291,2.7411,-9.1699,-9.0085,3.3325,-3.5274,-9.893,-1.1901,7.0565,4.0006,9.336,0.4486,-7.1709,-3.1633,4.0748,7.3238,-0.6906,-5.3408,3.583,-8.0186,-4.9636,2.3395,7.8243,-7.6576,7.2048,-5.8679,-6.6136,-8.8911,-2.5937,-6.7924,9.8458,-3.2965,9.0719,6.1573,4.6264,5.1929,-5.0321,2.3547,-3.3331,-1.9064,3.5544,-8.5462,-0.6278,0.5491,6.5673,2.0414,4.5386,5.0039,-2.5345,-0.2087,6.9471,6.3605,-0.0555,-3.8623,-6.7322,8.4464,5.8777,4.7542,9.5808,-2.898,-5.6098,-8.725,-0.3084,-2.4633,-4.1035,-8.7246,-3.1727,-6.4697,-6.1118,1.4948,7.5294,0.4559,-6.5454,-4.4999,-3.1765,3.9468,0.8079,-8.64,-4.259,2.0817,1.0704,3.3006,-8.277,-2.075,6.85,3.0421,8.7297,-9.9711,-9.4152,-3.1416,-3.1171,-5.5013,4.2462,4.3216,3.5761,-9.537,-5.8255,-6.3611,-2.9182,-3.8299,4.0333,7.255,6.7827,-9.2149,-7.8861,-2.6282,2.7623,-4.4612,-3.0176,1.4065,4.9815,-7.2858,8.8496,7.882,6.551,2.5095,2.5291,-6.3357,-2.3987,-5.1117,3.7816,7.3619,8.6847,4.927,-5.9103,3.8843,3.9304,8.9876,2.8841,-4.096,-4.9559,9.5313,-4.4116
6.978,-9.1667,0.2351,6.8628,-7.1716,7.6098,4.8957,0.962,-6.3043,6.7006,-4.2982,0.2974,8.4591,3.5709,-4.5363,-2.6512,-8.0284,2.5914,0.3135,7.5022,-1.0308,4.7694,-6.2231,9.467,8.371,-0.2999,1.1596,2.0797,-7.3066,7.8015,6.5803,4.143,-0.3093,0.0528,0.5867,7.1821,-7.1146,9.8691,6.3768,3.2027,2.4395,0.8548,-0.9004,-7.7606,-8.4528,-4.7322,-3.6732,-5.8095,7.1057,-1.0935,2.7599,-1.4473,-0.1309,6.4929,3.6622,-0.6572,-0.1412,2.1952,3.8403,-3.9162,-3.3063,2.9145,-0.2599,3.7733,-0.0941,-3.6056,-7.9613,-6.6242,-3.2608,3.3395,0.1808,7.7172,-9.1708,-1.3238,-8.5897,-6.0386,-4.7185,-4.2959,-3.1437,4.4062,-4.9408,4.5793,2.4706,-6.6946,-0.6689,-3.1936,-6.8186,-5.3105,9.6345,3.3781,7.4688,8.2239,0.3778,-4.2259,1.278,-7.3367,5.6232,9.6802,-6.4315,2.7197,4.3671,6.9198,4.5385,-6.2658,-5.0806,-6.2561,-1.4157,0.5539,-7.0694,3.9168,9.4229,2.8463,1.7287,8.2459,-7.3194,-3.1162,8.6464,4.2681,2.852,1.7205,4.6044,-4.5396,3.6856,9.1305,7.2323,3.1216,-3.9904,-0.549,-3.4444,-7.3159,-4.8034,8.4744,7.7927,4.6358,-1.9548,-7.9053,-1.3845,3.1343,-0.2051,7.5237,8.7596,-9.8191,-4.4181,7.2808,-2.6331,7.1875,8.8194,-9.2231,1.4082,-5.662,-9.7411,-4.4659,8.1831,6.663,3.2982,9.4546,-7.4298,-2.3024,-9.3008,-2.0642,9.5412,-0.0929,0.675,-9.5266,-0.4095,-0.3673,7.9523,-8.5794,-2.8984,5.2008,0.3632,9.621,-5.0412,7.5934,1.701,5.2647,-3.163,0.4602,-1.3134,-4.0234,5.702,1.1812,-0.4289,-4.7854,4.2534,4.6954,-5.5585,4.5921,6.0328,5.4533,-9.0085,-1.9675,6.166,2.1912,0.3568,-4.7577,-3.308,3.2942,-7.0345,-1.4872
-0.1589,5.6428,0.2246,4.306,-8.7591,-7.7825,-7.8093,5.0623,5.3616,-1.0299,2.1961,-4.8336,2.5939,-8.0661,-8.5527,-7.7244,-4.8808,0.0477,5.5909,6.7501,7.297,2.7035,7.7746,-7.3195,4.28,-3.3219,0.9434,-4.8295,9.5372,-9.4429,-7.0161,4.3982,9.0653,-2.4795,6.859,-0.6887,-0.0824,1.2113,2.7188,1.8565,-4.9115,2.3764,8.3693,-5.6755,-0.7439,-4.2972,-4.0341,9.6234,1.7315,-8.1784,0.203,2.4326,6.6485,2.5301,7.6213,6.7413,-6.2122,9.3095,8.0254,-6.4747,-2.1407,-8.7245,-3.2694,3.0811,-8.196,-9.8022,-1.2382,6.1633,3.9203,1.9849,2.4986,1.4304,5.2052,-5.8939,-9.7748,-5.1813,2.2146,3.1818,-5.3463,5.6369,1.5295,9.7072,-3.2621,-5.7684,8.2786,8.5334,-2.2461,-5.9786,-4.9893,-0.8667,-9.3793,-6.6355,9.634,5.9816,4.5548,-4.0185,2.9651,-1.2789,7.203,0.1666,-4.8096,-7.1847,3.3092,7.253,-1.021,-4.8678,-4.7579,2.8141,5.5374,-5.7653,-2.2734,3.2688,1.6097,2.1403,-0.6993,4.835,3.1438,7.395,-1.0171,-8.8125,7.9125,4.2178,-0.7941,-4.364,-0.654,8.4928,9.6693,-6.9497,9.4893,0.0538,-2.4381,-2.4685,-0.5695,9.3669,-3.2579,6.0734,4.2294,-9.197,9.9252,8.0476,-4.4299,6.1812,-5.7489,1.7986,7.0672,7.5052,-3.4346,7.5767,4.9034,5.712,8.7614,8.4568,6.7121,1.9916,4.8239,-8.8925,-4.7096,2.4197,-2.9595,5.3284,5.2199,0.557,7.9198,1.2877,8.8602,-5.4596,6.9417,4.5723,0.4282,-3.9808,-1.5652,-9.5986,-0.2345,7.0816,2.4862,2.1593,9.1632,-5.0491,-1.6642,0.1531,-6.0603,2.4379,-3.6081,-2.9574,-2.3908,7.9558,7.8221,5.7839,4.8556,-7.4438,-7.7592,-5.4426,-1.6684,9.5387,2.8834,4.0545,-1.3055,8.8391,1.4375,5.384
8.2544,-2.1451,8.6766,-1.3317,9.2174,4.836,4.5936,-9.0665,4.2074,8.6785,9.0871,9.0368,-1.8027,3.4289,-3.5508,0.2183,2.4075,4.9645,4.1284,-4.6301,3.93,-9.1171,8.9049,-5.699,-1.7861,-5.3563,4.0543,2.1396,-9.0124,-5.5121,-8.7993,-0.9182,2.4358,-4.3833,2.7631,1.6693,2.4317,-7.1961,0.432,-1.824,-2.2987,-9.7645,4.0815,-2.7973,7.2152,-7.7021,-3.1075,5.0123,4.6281,2.2281,3.1297,4.4749,8.2936,6.9208,-3.1917,2.628,5.657,9.9789,7.4672,7.5722,-4.3276,-4.0773,2.9978,-8.6983,6.0892,2.3665,0.0064,1.3494,0.6977,5.5459,-4.3206,4.2521,9.2458,-6.3025,-6.5621,6.1392,-3.423,8.6309,2.226,-7.1442,-3.601,7.2674,5.6148,0.8463,5.0912,7.6284,8.3861,-5.1473,-4.1322,5.3407,-6.3784,-4.0978,6.2714,5.301,-9.7239,-2.9052,9.2714,2.3224,2.3697,-7.8941,8.5496,4.5356,4.6594,5.4161,1.1246,-8.3966,-8.1397,-5.3561,2.3302,9.4846,6.4635,4.499,-0.689,9.6817,6.8225,4.1467,-6.0591,-9.6304,-6.6895,7.6716,1.7864,9.6786,9.999,-8.7959,3.9183,8.3019,8.4849,-5.9484,2.9856,7.511,5.4093,8.8871,-9.2745,-3.4464,-8.3079,-2.7746,-4.9477,5.26,-8.8085,8.4055,-0.2845,-2.5869,-7.3231,6.4779,7.1058,-2.8671,5.1205,3.125,8.825,0.4329,9.246,9.8465,3.8677,8.2843,-4.8174,-7.8553,9.7527,6.7992,1.7371,-9.566,-5.4393,2.9033,4.3588,4.7093,5.047,-8.7325,1.3924,-5.8072,-0.1165,1.3497,-0.3371,3.9796,6.9909,4.3821,-5.1041,-1.246,-3.6694,-3.767,1.6621,-0.7894,2.8664,-7.3831,8.2467,-8.8018,4.6406,-3.83,6.2952,6.0366,-4.2172,-6.9076,9.195,-4.9235,5.0979,3.0972,-7.093,-0.9715,0.0276,-5.7114,-6.9155,-3.0601
8.6374,0.5437,3.5245,-0.603,1.4585,3.8723,-7.7597,7.594,6.0352,-3.2114,-7.1142,9.2389,4.7126,-1.3507,-1.5454,-9.5328,4.7282,5.706,-0.1346,-9.0138,2.8427,-9.9182,9.5716,2.1484,1.0031,-6.9491,9.8114,5.1305,6.8906,-6.1718,8.0683,-2.3505,-9.8378,-5.3174,8.8602,-7.6807,-6.8409,-0.5833,-4.7963,0.5061,-6.9931,-0.8935,-3.643,-1.388,5.7227,-1.8033,0.8881,4.327,7.2379,6.7301,1.4429,0.6691,7.4959,-8.9231,1.4909,-5.7042,2.4995,-1.1027,3.2071,9.1517,-2.8875,-3.5826,2.9862,-3.4898,-0.5543,-4.5537,0.7586,-8.6175,-0.6376,5.9456,-5.8487,7.6472,-2.225,9.9175,-6.6768,-6.6045,-8.0543,-9.2307,-4.3416,-3.0884,-0.4028,-0.7652,6.6168,5.6658,0.1319,3.3377,-2.9999,-7.0363,8.3079,-1.9392,5.6338,-8.1141,-6.275,-5.6622,-2.5284,-5.3896,-5.4746,9.6133,3.9143,-9.0069,-1.6757,-0.8657,0.8678,7.5451,-5.0393,2.2624,-8.2159,-2.0456,-9.047,0.5522,-5.9449,0.1953,-5.5683,7.1766,-6.279,-9.0573,9.3469,3.4997,1.561,8.2573,-5.8934,-1.224,-8.0367,2.6152,-5.8053,-7.5359,-0.6368,-9.1372,0.6152,8.2253,-7.8109,-8.8026,-8.6502,-1.5233,5.4155,-7.0257,-9.1864,2.6479,-1.5436,-0.3202,-4.8612,1.8715,6.5493,-2.0143,4.0277,3.3217,7.4639,2.8274,-0.8253,-0.8493,-5.5358,3.5732,-4.3172,-1.2652,-0.466,1.066,-8.3839,6.1869,4.7762,2.4848,6.9258,-1.0384,-4.45,1.5693,-4.2664,4.6041,2.2365,-0.8358,-8.3883,5.7592,-8.0992,-9.2959,-6.1218,-7.0069,-4.1854,-9.3432,-0.7961,3.7203,6.7079,5.6665,6.1901,-5.6436,4.2149,8.1251,8.2637,3.3878,-1.5933,5.975,8.8657,7.1093,-2.6852,-6.3924,-0.2056,-5.1993,4.3344,-9.6359,7.0144,2.4706,4.4477,4.1586
-9.5065,-4.9678,8.0954,5.4615,1.578,-4.9071,-9.7818,1.9773,-0.3915,-2.5454,-9.8497,-1.1742,4.4131,9.0374,9.6952,1.341,7.8544,9.8193,-8.4032,7.6126,-5.7123,9.2577,-4.0948,1.3187,3.2393,-1.5935,4.6073,-2.0772,-4.8074,7.1207,-4.2966,1.2722,-0.0713,-0.5899,5.2149,-7.6083,-9.935,7.7572,-1.8614,-7.1939,9.1657,4.0774,8.0811,-0.0727,-9.2002,8.9193,5.7455,2.7231,3.7844,6.0659,3.4161,5.5876,6.5498,-2.0738,-9.1394,5.459,-3.1166,9.6292,-4.9803,-2.4728,0.5869,7.9985,3.2087,5.7949,-4.5182,-9.5357,8.0716,4.0223,2.8633,6.9411,3.355,-3.1396,7.8347,-0.9586,0.2475,-4.0475,8.2261,5.9317,1.9294,-4.2879,4.8577,-1.8238,3.5556,9.2127,-5.1832,-9.1551,-2.5272,6.3306,-4.7869,8.1063,-8.7924,-7.1681,-0.7968,-2.4361,5.4036,9.1105,-2.6273,7.8301,8.2357,4.0965,-9.8242,-1.6632,1.0907,0.1448,-4.7639,-4.4429,-2.3155,-1.4199,-0.5462,2.9933,-1.5322,-2.3893,3.212,5.9328,7.9623,7.2374,-5.9916,-8.1744,7.4852,-0.407,-8.3378,-0.648,-2.4625,3.8874,-2.0858,4.6225,-1.3557,-1.0737,-6.2872,-2.0564,-3.1703,-8.0899,0.8959,2.3267,-1.6874,4.6143,7.6541,-1.527,3.2483,-4.7228,2.7408,-4.6712,-1.3486,-0.0664,-0.2628,7.5102,6.2153,1.9931,-0.0457,-1.2079,0.4328,8.7415,7.6522,-1.8174,-0.4555,-7.2943,-6.1807,5.4482,0.137,-2.5663,-1.4519,-7.3584,1.9811,-4.4729,7.4285,6.5164,9.5307,-9.7427,-6.8508,1.1569,-1.9939,5.3648,-1.2278,-0.0284,2.8052,1.4136,9.8171,2.7108,0.367,1.2907,-4.1386,-8.9402,8.0478,2.4598,1.2944,2.9515,-4.2853,-0.3693,6.5488,-6.735,-2.7383,-7.4642,3.267,7.9952,-8.8266,4.8162,-3.0337,7.8689,-2.0956,0.7975
-6.4512,-3.4818,-9.2252,1.3214,3.648,-1.195,3.1091,0.7089,-8.7336,1.0421,7.1333,-4.1411,-0.0889,-9.9352,2.6598,4.4653,6.7437,6.2565,-9.9558,-4.1458,-5.9627,4.5396,-1.5325,5.5479,4.256,7.2637,1.5603,2.3607,-2.9679,7.8177,3.2352,-2.907,0.8703,4.9277,0.7003,8.8782,4.6682,3.1068,-3.7435,-3.09,-1.3405,-3.3359,-5.7145,-3.1372,-0.4301,2.7809,3.3663,1.0802,1.8571,-0.7146,4.6262,-7.5019,4.6153,-9.1155,-6.1676,5.0173,5.077,-5.979,7.3016,-6.6707,-9.2711,-7.805,-9.5919,4.7504,4.801,1.5225,-2.2936,-8.629,2.9893,1.5128,-8.9871,-0.9072,9.2759,-2.3361,-7.2549,5.2078,-3.1482,7.5347,3.9986,-0.6645,-9.8284,-8.9182,-6.8922,1.9287,7.4777,5.6482,-4.6061,-2.647,-1.9329,1.9754,-7.3558,-0.8666,8.2648,-7.9567,-7.1545,-6.2088,-8.0838,6.6369,1.2484,-3.0314,3.8573,4.1367,9.3694,3.3284,-6.2962,0.3123,6.2026,-0.6332,4.6329,-4.8513,-1.4366,5.6917,-8.2952,-1.6873,2.3735,-8.3115,-0.6404,8.2099,9.2416,8.7283,5.0893,-6.3872,-7.3397,-0.4088,-0.3385,-4.4204,-2.6526,-6.1484,2.4042,8.1972,0.8156,-0.6975,7.0717,0.238,1.9771,7.766,-5.027,-7.3158,1.6563,6.4261,-8.0396,5.6783,0.0313,1.3794,9.4467,4.5922,8.483,9.073,-5.4717,-3.0079,6.952,4.7216,2.3389,7.9563,1.2349,2.6039,-4.0426,-0.3733,-8.2497,0.5985,-2.1149,3.1221,4.6661,-3.5956,7.4536,-1.7218,3.951,8.5219,6.77,5.7059,2.6197,-7.3481,1.7663,4.2411,-8.7242,8.101,-5.9316,9.2236,3.8031,8.8508,4.6335,-1.4277,0.1617,0.3355,4.9526,-5.1182,-3.9792,-1.6875,-2.4483,-0.2941,2.4733,-2.1597,0.0042,-0.9332,7.9073,6.5192,9.8921,0.2963,-3.2589,5.8033
-1.8152,-1.1445,-0.9001,-7.8984,7.8302,-0.3212,-0.1952,-1.8273,-5.3155,6.1236,-4.9295,0.0632,0.621,2.4669,1.716,-2.5524,2.3516,4.3576,-1.2572,-8.7631,-2.1256,6.2556,7.932,-2.8489,-0.7177,-8.3451,-9.524,0.2072,8.0672,-6.9732,-5.5947,-8.1388,0.2883,7.4754,6.6746,9.7115,-5.614,-6.9818,1.5603,-2.6251,-3.2502,8.7431,0.6998,9.8378,-5.0265,4.309,-5.1252,3.6701,9.9475,-9.375,4.9476,6.3241,-7.8215,-3.8886,0.7748,7.7748,-0.7028,9.0199,4.1678,7.6859,0.6227,8.0135,-2.8778,5.4563,-1.9026,-2.2033,2.7914,3.1058,0.1554,-7.0651,8.9718,-5.0203,5.8528,-2.087,-0.3854,9.1193,9.243,7.5489,-8.7511,1.9897,3.2702,2.1975,3.8404,2.6791,1.1,-0.4046,2.7104,-1.3599,-0.8592,8.32,4.4444,-7.5042,6.312,0.8697,-2.3633,-7.5045,-7.5992,-6.7274,5.0337,5.8518,-7.6775,-2.0472,-8.4594,-5.6001,-6.3775,-6.4286,-4.1043,6.1561,6.1143,6.7315,-8.443,-0.2153,-8.7087,-9.6087,-1.2294,-4.116,-0.3188,4.387,-6.9261,-5.5661,5.1151,-2.9741,-8.9852,0.588,3.7113,5.2986,9.4108,-8.015,1.1071,-3.8628,8.5649,-8.1573,-5.3964,2.6284,-1.112,7.8155,9.0805,7.6373,6.1718,1.5764,-8.2355,-9.5588,9.9241,4.794,-8.0683,2.8622,-3.221,-9.6275,3.5271,5.8431,2.9142,-1.1228,-7.466,3.5001,-6.7861,-8.2232,4.8479,2.8324,-5.0205,2.4292,-0.628,-7.9841,7.1227,9.6114,2.182,7.1363,-3.7186,5.4387,9.7254,-1.0881,-5.2019,3.6337,-4.2952,7.3716,-6.882,0.1816,-6.0687,2.0947,5.4514,2.8198,5.2966,4.148,-9.8966,-0.817,0.8157,-6.8561,-8.3524,-0.7143,8.5275,0.1714,-7.2975,7.5114,0.9712,-1.7072,8.9359,8.7661,-2.8484,-1.5437,7.1859,3.8201
-9.1424,9.2468,-8.2069,-9.6904,-6.1623,-1.2306,8.6872,-2.3644,8.8091,-6.5285,-4.9687,-8.9231,-8.8797,3.8292,8.1353,-9.22,-9.2294,-6.2575,7.2052,-2.268,0.4776,-8.3825,9.3411,-9.1143,-9.0181,4.9549,1.6778,0.3355,5.0157,7.611,9.0578,-8.3602,3.5506,-8.1787,1.1497,-2.8196,-8.7869,-0.2188,3.9652,-1.1926,1.2997,6.6278,9.7954,9.6831,-1.5645,-8.3789,-7.6026,2.9934,-2.8634,1.1194,-3.1019,-5.1404,0.2622,1.0187,3.3603,-8.8909,0.9528,5.0887,-0.4496,7.8777,-5.7248,-4.318,1.3338,0.5265,2.5941,-3.5543,-1.5693,7.743,-8.8947,5.9924,4.1652,2.5539,-4.0414,-6.3576,-1.4058,0.6145,9.2569,5.8694,1.7865,-2.5662,-2.5221,5.7765,9.9938,7.0071,-1.4389,-3.7377,-8.4676,-2.0253,6.1931,-0.9538,-0.6249,-5.5755,-6.4311,-5.9029,-2.4559,-5.1081,9.6951,2.2597,-9.7021,9.2188,-4.1735,1.3777,6.7132,6.1556,1.3318,8.3046,5.7472,-6.3132,2.8585,6.8943,3.5298,8.5476,-4.7305,6.4577,-9.0502,8.4603,-5.112,7.6417,3.0855,8.8361,-2.6175,-5.8275,-5.8308,-0.0574,2.8849,-8.4663,-4.7347,4.8696,-0.8082,6.1209,0.5598,6.2561,4.476,1.6357,-4.181,5.2402,-6.7434,4.0887,1.3147,-7.3763,9.0302,9.0437,3.3688,-6.5468,4.2338,5.9439,7.6484,-2.0774,3.1326,5.0484,1.0257,0.9948,-7.4317,8.5282,0.6136,-3.3191,5.4192,-1.3697,-1.2745,8.7869,2.7071,5.9281,5.7725,6.7474,-2.733,-1.2441,1.2065,7.327,-6.7272,5.985,8.7371,0.7074,2.5388,-9.5394,6.4149,4.4064,2.5028,6.6867,-2.9872,-0.1419,7.1513,-7.0521,4.6397,8.4389,-4.7232,-2.8505,-2.837,8.3785,-5.7626,6.7168,-8.3601,2.1707,4.8546,6.1113,0.9635,-9.0922,-9.7984,0.9881,-3.6849,5.9978
0.2261,-0.6419,5.7164,-1.0029,-0.1809,-1.6827,8.4154,-4.9429,-6.0289,4.5555,9.8746,7.643,-2.4277,-5.8841,-2.7774,9.6103,-3.9743,-7.8172,4.0097,-7.7877,9.5956,-8.2595,-7.1419,-7.7372,-1.7977,-7.0451,0.1891,-9.439,5.8808,0.078,7.0951,4.8677,5.7251,-1.5452,-1.6125,-6.9463,2.0546,1.9905,-3.1189,-8.2465,3.1784,-4.9063,3.5548,-2.5075,4.4843,-2.2255,-8.4202,-5.0891,-8.8175,-7.072,8.0672,-2.2438,-0.4184,7.1807,5.6566,-1.7327,-7.3878,-0.8473,5.8706,-0.4311,7.9984,-4.2797,-2.2004,-8.9192,-9.3096,7.7146,9.9912,-4.4703,1.6095,-0.2397,2.654,-9.3926,-3.4786,-6.1523,-2.6679,7.8344,-5.3915,5.6494,-6.6839,8.5176,-1.7683,-8.3246,7.9316,-2.1035,-7.9642,-6.5471,4.6128,1.8629,6.865,-6.9674,-6.9249,-2.8207,4.8749,-3.8641,4.0084,4.6655,9.6698,-7.1574,-3.6668,-3.7607,7.2185,9.2601,-0.5807,-0.4105,2.1837,-6.8858,-1.4788,2.2933,8.8769,6.5184,4.0772,0.8014,-5.3871,9.5632,-1.1085,0.7445,0.4065,-0.6895,2.4622,6.9917,-3.6099,3.2685,-2.0807,-8.9497,2.5413,9.0774,-6.6875,1.2617,-6.6022,-6.1481,4.9067,-2.4739,-6.7487,-9.2085,6.4247,5.3306,-4.5385,-0.0907,-3.3861,-7.2293,3.0849,-9.8663,-7.8211,9.1756,5.046,7.4827,3.9206,-1.7084,-9.4729,-6.8781,9.913,-4.2192,9.7198,-5.1851,-0.4403,6.4552,-6.4204,-3.5514,-9.7729,9.057,8.6593,-3.4596,5.3187,-6.5536,-6.912,-5.7356,8.8603,-6.1622,2.71,-8.728,-2.6576,0.6792,-9.4375,-7.8696,1.2426,3.9035,-2.4479,-1.1364,3.8281,5.6426,1.3604,7.7214,8.6871,3.0609,8.9921,3.4241,6.0152,7.8189,-9.8789,-2.8297,3.0085,1.1388,-2.7846,8.4155,-7.4837,9.895,-1.9599,4.3065,3.1435,-6.88
-4.1881,-2.9392,-3.5573,-6.0554,-4.0609,-8.3509,-3.7742,7.0187,-2.9311,1.5624,-0.4786,6.801,7.6806,9.4007,-8.9206,-2.6871,8.1082,9.7176,-2.5547,6.1964,3.5299,5.5772,-7.055,3.5333,9.4752,-2.1658,8.0443,2.8728,3.4663,1.7121,-8.8134,-2.4088,5.73,8.4352,8.7153,-0.6422,-1.9231,-8.1239,-4.5119,-9.2901,5.8461,9.2416,1.7279,1.2055,-2.1348,-3.8261,-3.0438,7.1433,-7.4802,-5.903,-9.9718,6.2642,-4.0569,3.3315,-8.1356,-5.4709,-0.6184,-1.8556,3.4245,5.026,1.7639,8.6073,5.0266,9.8544,-9.4758,9.6806,7.3404,7.4047,-4.3547,-7.2865,7.7861,6.0351,-0.8915,-3.7161,-0.486,4.2514,-9.6293,9.6032,8.9382,5.9908,6.3321,2.5621,6.6485,9.5503,9.1036,-0.2618,5.4512,2.6643,-0.0232,4.6785,-4.0466,2.5978,-6.8832,-4.6173,-7.4637,-5.6602,6.9745,-7.838,-3.2857,7.1707,5.7681,-0.3829,5.4833,0.4096,-0.4733,-2.5234,-7.8976,-8.9891,-2.9924,-9.0263,6.9167,-0.9498,-4.1553,-0.5642,-7.307,-8.2912,-8.8763,-0.1589,-9.4528,4.0025,4.8058,-2.2083,-7.6887,-4.134,3.5161,8.8556,0.7783,-1.5375,1.3721,8.8619,9.1762,-3.2175,0.84,5.4894,-9.1231,-1.3522,7.9693,3.1087,-3.7344,-7.4584,-3.9644,-4.9992,-6.1115,-0.2309,7.0515,6.2516,5.998,-3.0553,4.2481,0.5886,8.4705,7.5782,9.6164,-9.1592,-5.8848,-3.6583,4.11,9.5113,7.1366,-9.61,9.0531,2.2374,-4.9352,-1.5993,9.9426,-2.4169,-5.7086,6.9633,-7.3901,-6.2331,-3.0935,-5.5572,-8.527,-5.3828,7.8008,2.924,7.3079,6.6418,-8.4081,1.9509,0.6369,6.9537,-7.529,4.0142,6.2022,-9.4213,9.7935,-0.7218,0.058,-3.2378,-4.8712,0.1921,-0.1146,-6.9926,3.9356,7.4722,7.3574,-5.6246,9.1507,-3.3407
-8.4472,-9.1742,7.3083,-1.4662,7.7342,-2.6668,-7.3038,2.9531,-3.8532,8.6291,4.3646,-0.1659,5.6003,6.4757,-1.0041,-9.8745,-5.5682,8.2144,-7.8078,-8.0514,5.1906,4.9792,-0.9192,-3.2414,-1.5472,9.6723,-4.5106,9.0034,-9.5132,-6.2837,-1.7873,-0.6415,1.54,2.2678,-3.9395,8.9233,7.6298,-6.9745,9.3831,1.8527,1.2872,-2.2155,-1.8903,8.4021,9.7224,-5.9075,1.1106,-6.3533,-2.7136,6.4881,8.565,-6.9371,0.2376,-5.702,8.4627,-3.0595,3.5505,-6.6593,6.8779,-4.7284,-7.5127,-9.118,7.1888,4.0861,3.1384,2.875,1.7547,7.9662,4.8561,-8.5058,5.3213,6.5667,-5.8702,1.4813,3.2504,-1.0853,-3.7151,-9.8074,1.7261,1.7101,9.4243,-4.8401,-3.9842,0.5583,-8.6585,-5.2411,4.0824,4.5541,7.6531,-7.6626,-5.7545,-7.7545,7.2251,8.8603,6.276,0.8407,0.4694,8.0593,5.4091,1.1586,-3.2383,9.9879,5.4942,-7.6609,0.9481,8.9838,3.0321,4.0315,6.4014,-3.3744,3.7343,8.1307,3.5188,2.0963,-9.1519,-6.0599,8.9738,8.5447,1.471,-5.2979,2.9295,-6.0268,-5.2461,-6.187,1.32,-2.4129,-6.9124,-1.2875,1.4838,5.3063,-0.0327,8.6965,-0.618,0.8726,0.3731,0.6055,4.4152,-2.2112,9.0644,-4.7272,7.2394,3.5629,-7.3868,8.2425,3.4078,8.6608,-6.1909,7.6035,8.873,0.4777,-4.9642,9.6487,-7.6213,4.2951,1.4982,1.0541,-7.8323,5.6864,6.5094,9.7466,-7.1698,0.433,-5.9647,-4.9028,-7.0588,-1.3362,9.8221,-1.261,3.8254,3.6422,-4.234,6.0351,-3.1571,-6.3025,-5.2812,7.4839,9.9556,-3.1295,8.9216,-6.0758,0.9543,-1.3438,-8.451,1.5029,5.5569,3.8733,-5.5903,-6.0778,2.0994,-2.9769,-7.0234,-3.996,7.5369,-8.0034,5.9141,-1.2686,-9.3397,-1.61,0.9034,4.8321
0.2546,0.9022,-9.7021,-1.208,8.3198,-0.5557,4.0648,-8.4528,0.4597,7.0133,-0.3085,-8.4455,-3.2157,9.6409,8.9866,5.0233,9.9979,-1.9006,-1.7077,-2.0184,5.0899,-5.4939,7.331,5.3991,0.9798,8.2914,1.8038,-9.2104,1.4355,7.2687,8.6419,3.1665,-9.1466,-6.0211,-3.7793,-1.801,-3.5315,-6.113,-2.7698,2.4554,1.8076,-9.9152,-6.7025,-8.0741,-1.4151,-5.6971,5.197,9.6784,1.7425,-7.971,-1.4319,4.802,4.5863,-9.3123,2.2108,-3.181,-8.6116,-5.0125,-0.6578,4.7297,8.0097,6.3831,6.5593,2.9114,-3.3342,-6.1141,7.2677,-6.2976,6.5975,-0.2441,1.261,0.2266,-0.1456,-5.4933,-2.044,-9.2846,-9.8128,-1.9747,-3.5117,-2.5462,-2.6318,0.5288,-1.944,3.6289,1.4188,-5.6467,1.8591,-9.8744,-0.5864,4.5315,0.6334,6.6981,-3.0278,-5.8363,-2.6564,-7.1367,8.1392,1.3684,2.719,-9.0634,-7.1618,-3.9106,-3.8447,6.3446,-1.0493,-2.3759,-1.7431,3.5768,4.5565,-9.6161,-4.704,-4.1166,4.0942,6.7853,-8.5165,2.6372,-2.1144,-0.4086,-4.9687,0.1874,-6.5962,-8.7554,-1.5266,-2.7854,1.6357,-8.0341,-8.9722,9.6243,-4.1026,1.8046,7.883,2.6296,-5.0528,0.0533,0.2851,-9.4715,2.4139,2.699,6.5751,6.9389,-2.9668,-8.8353,-1.0697,7.937,9.703,9.6281,9.8802,8.2105,-6.8783,-5.5278,2.7788,0.6336,-5.3281,5.3752,8.9466,7.7205,-3.8561,1.6953,-9.7261,5.2538,6.7032,-5.125,8.4662,4.4519,4.2417,-1.0921,-2.8613,-8.6182,-2.2799,-1.7732,7.8813,-1.876,9.3525,6.8607,-8.073,2.7537,-2.4201,2.8936,-4.3619,-0.4841,5.0373,9.1977,8.6494,9.6324,-1.5169,2.5754,2.6498,-7.1377,4.7807,-1.1356,-9.1626,5.7311,-4.1036,-2.2508,2.4796,-4.5943,-2.6062,7.6528,-9.6736,-3.1625
8.5911,0.6429,-3.7592,9.2533,-6.1839,-0.4855,-1.4694,1.054,-4.4144,-6.4871,-2.9406,4.7523,-7.5441,2.8445,-2.3846,-1.1418,5.381,-7.6058,-5.3421,4.6129,8.7932,-1.2016,-7.2875,-3.6702,-8.118,3.1249,4.3535,-1.614,-0.0119,-3.3058,5.6318,-8.7532,0.3083,-2.4994,4.5264,-6.6656,-9.9084,-8.0097,-3.7271,3.1859,2.9275,7.439,8.0539,-1.4895,6.2428,6.5693,-1.0547,4.5295,-2.6157,5.8617,6.8439,-6.3355,8.0567,6.9105,5.778,-5.3567,9.3434,4.1185,8.1324,-5.4059,2.8757,2.9542,2.1979,8.6381,-7.8041,4.1653,-2.383,-0.4273,-1.1871,-1.6709,-9.7787,-7.5174,4.1738,4.7287,-8.2971,8.5539,0.4977,8.402,-9.8657,8.5432,-5.8914,3.6139,9.6594,-0.2823,-6.3816,-0.9942,-5.8337,-5.2656,5.9332,-4.5274,9.6425,5.196,-6.2774,-3.9484,-7.3955,7.6178,-8.2878,-5.3217,-4.2379,-8.5087,9.942,3.7801,-0.4223,-0.6633,-8.4248,4.5226,-8.7638,-4.3055,4.7734,-2.4438,9.7604,8.1751,-7.648,-9.8692,-5.7297,7.5801,-3.408,-7.8456,-3.3748,-3.5602,1.0996,5.5986,1.6533,-7.8132,1.347,-9.0389,8.1036,-6.4212,5.7966,7.2618,-7.5516,-2.8574,9.1066,-1.2873,8.0233,-5.2766,-8.428,7.9154,2.3243,8.7309,-3.4088,-5.5849,-5.7101,-2.6102,-5.6489,-4.7748,1.6314,-3.1708,0.8488,0.2922,9.7376,-6.3485,-9.2226,0.1177,-7.6688,0.2195,0.6921,-1.3184,-7.2758,-8.4128,0.5261,8.8721,3.0498,-2.7162,-7.3176,1.7038,1.7983,-4.4254,-5.4226,1.7067,-9.4002,-9.8493,6.3882,-7.9876,9.0072,1.3276,-0.9949,0.1905,-1.885,-9.653,-4.0049,-7.3306,7.8502,-0.685,-3.4057,8.3311,-4.0416,-2.036,-7.7712,9.8594,0.4908,2.3874,0.8422,1.614,-9.2938,-2.9754,-0.1951,-0.6523,6.0547,-6.7976
1.6959,-1.9634,3.0603,0.9559,-5.2554,6.6774,5.1566,-1.5876,2.1014,8.1876,4.769,5.5981,-5.5734,4.1268,-6.5643,-8.5649,-6.4721,3.0887,-5.9753,-4.2303,-9.0985,2.1257,1.2158,7.6577,-0.3711,-3.6114,7.7492,-7.7216,-6.9005,7.9559,9.2234,-7.9241,4.0491,-0.633,1.9875,-5.4125,0.0842,-7.0228,-9.9299,2.9269,2.5568,7.3614,-4.6075,8.8556,-9.1826,-1.1056,-2.2015,-3.5867,8.3468,-0.5769,9.4216,7.1407,5.9259,2.073,2.1334,-0.2827,-1.862,-6.3955,2.5244,3.4065,-8.8056,8.4924,-8.2475,-1.4866,-6.6509,-2.6906,1.4586,-4.2935,-9.0611,-4.2044,-6.0106,7.3105,3.6686,-5.3004,-0.9182,-6.1205,6.1906,-1.3839,6.3108,3.7545,-6.3159,-3.2657,4.4903,-3.7413,2.4977,2.9734,-6.2384,7.2351,-8.4063,9.4763,-8.701,-0.3467,6.3148,1.8526,9.5074,9.8019,5.3704,-0.4128,0.5708,9.5349,-4.555,-0.7536,0.9981,3.9457,2.7313,3.3864,-4.8289,4.4526,7.7019,-0.66,-4.3543,7.4932,-4.142,8.9564,1.8302,6.813,-3.5861,-6.0833,8.4502,3.6566,8.6931,-7.1151,6.0989,-7.901,0.5717,3.3393,-2.6267,0.0526,7.1343,-7.7192,-7.02,9.5261,7.8831,-7.8004,-0.8478,-9.1278,7.4036,9.3627,7.4201,9.0347,-0.4229,7.8621,-7.7614,-4.7272,-9.6485,-7.1864,8.1197,9.8414,3.0039,6.8223,2.5055,-5.0296,7.0228,1.1435,4.9486,3.5426,1.8764,-9.8966,6.9645,-7.5459,-1.8957,2.418,1.5529,-3.0697,1.3081,4.6403,9.0724,2.3031,-5.2245,0.1303,1.8895,-6.2204,5.1256,-4.2939,-4.3015,0.4391,6.227,-4.4668,2.339,3.4759,0.7518,-2.706,-2.8628,6.5824,1.71,1.1444,-2.1802,0.3064,9.5244,9.4866,0.4221,-3.1092,-7.8806,1.7846,-3.7838,5.2132,1.9251,2.0891,7.4654,1.2123
-6.3543,1.8573,-8.7896,-3.0274,-2.412,8.2675,-1.6053,-4.1621,3.5106,-4.0839,1.1777,-1.5468,8.7428,-4.1273,-7.4819,-8.9998,7.6176,-5.0786,9.175,2.4038,0.6562,9.4058,3.4661,-4.069,8.9305,-6.6843,4.3642,8.2801,3.8237,-5.186,-1.979,3.8297,-9.9983,7.545,-1.0555,2.3389,-3.7296,-5.8861,0.8466,-5.225,7.012,-3.2764,-0.6404,-8.1045,8.8103,-8.389,-7.4842,-6.2352,5.8447,7.7378,6.0899,-7.0093,-2.0026,-6.1675,8.2675,-8.7315,-9.4438,6.7168,7.3518,8.8627,-3.607,-7.7643,-6.8866,6.7107,-0.968,-6.7212,-6.0462,-4.9337,-0.0587,-5.6106,5.3816,-6.9364,-4.126,-8.384,-4.8306,-0.4887,-0.0698,-8.8016,5.0702,8.5406,-8.9952,-0.5132,5.9294,-6.762,1.1838,-7.1077,-4.0655,-4.5666,-7.3392,-4.1673,-4.519,5.6376,0.0528,-5.4697,-8.9109,-4.0428,8.7008,-3.0908,-1.2929,0.2645,-8.6995,3.953,2.8451,-1.3427,5.5736,-4.2709,-6.6099,-0.2766,-7.2425,6.9629,-4.4058,-9.8464,4.1499,-2.7981,8.5865,-5.0825,7.1329,3.5736,-1.0425,5.2225,9.3785,-0.1462,5.5779,5.7087,-3.2283,8.0873,3.373,-4.5778,6.3246,4.2024,1.2378,2.5238,2.415,-6.4881,-1.7584,-0.1571,-9.9146,8.3713,-2.9969,5.8867,-5.2769,-0.5418,3.4158,-9.0449,5.7242,-0.4934,-9.251,-3.3761,-6.9075,-8.9121,4.7404,0.0721,7.0369,-5.1688,-5.258,-9.6218,-1.377,-4.4346,4.219,4.4402,-0.9597,2.4647,9.0127,-9.3743,2.6208,-7.8604,2.9791,0.7419,-4.4624,-9.6977,7.4916,9.5604,-1.9517,7.7698,-3.7591,-5.052,-6.7581,2.5833,-7.1099,-0.3857,9.2624,7.4439,3.3099,4.6568,2.2683,1.2483,4.9227,-6.485,0.3483,8.3134,-1.6496,1.7355,-7.4164,-1.2686,-9.5248,6.8518,-9.5674,-0.5849,9.1174,-1.5876
-4.8937,9.9617,5.2467,5.0068,-4.6708,-3.2137,3.8645,7.7354,-3.73,-5.2229,5.8819,7.9831,5.2321,1.3953,-5.3414,-0.7291,-1.0728,3.767,4.4693,-3.1542,5.4797,-2.0962,-8.0302,-5.2446,8.2485,0.648,1.7502,6.8599,5.9753,-5.377,-5.1857,1.6337,-1.5295,6.9116,2.7997,7.6496,6.1593,9.7604,1.5702,-8.3048,7.0112,-3.4066,-5.7527,-7.3038,-3.7733,6.0173,8.5731,2.1373,8.6061,4.3801,-2.8663,0.738,5.4773,-0.685,0.6002,6.1134,-7.264,2.2532,-4.669,0.3401,2.4386,-0.8508,-6.8828,-1.232,6.6102,8.686,5.5918,-9.4769,-3.8089,-3.7564,3.7394,-7.9578,-7.3699,-6.3366,-2.0205,-4.3148,5.6844,-7.9457,2.9441,7.9218,4.6011,-7.983,-3.0322,5.3261,-6.872,6.0829,-4.7949,2.5747,3.8381,2.5599,-7.0288,9.8495,7.7944,-1.614,0.5107,8.1834,-2.5937,-4.7633,-7.0493,2.3308,-0.7054,-0.6538,-3.6925,1.9148,7.8341,-8.7385,-4.1969,9.0471,-1.3652,9.7192,-9.571,8.5477,6.8874,-9.9575,0.9151,-2.3576,2.6738,-0.4605,4.4701,2.2057,-5.9698,-7.2331,-8.7062,-9.9624,9.8915,0.0042,9.616,-6.2999,-8.2487,-1.1566,4.424,-5.1422,-3.4379,7.629,-7.572,0.2436,0.6642,-3.8757,6.9854,-8.0723,-4.7296,-6.9722,-8.376,5.0621,-9.7082,8.1574,-1.1796,7.3678,3.0983,8.5609,5.2854,1.7885,9.5905,3.6034,5.7984,-0.6988,0.7038,0.9843,1.565,-4.4745,-8.9705,-1.7142,5.7652,-3.9826,0.7419,-8.7138,9.5946,-9.5928,9.2598,-0.0522,6.8534,-7.2038,6.4612,-4.5154,-3.6418,-7.2448,0.6515,8.0065,9.5666,8.0925,9.2525,-3.5409,-0.3421,2.2185,1.6268,8.9135,4.7753,-8.1254,-8.8637,8.4538,-0.6371,7.6561,8.261,4.8651,1.0209,-0.3827,2.9205,4.8895,2.9656,8.0838
6.0608,-8.4437,4.4892,-7.4061,-3.3974,-7.8521,-4.8463,9.5844,-7.5475,2.9036,-9.8585,-7.3714,0.1806,-3.5652,-3.1969,-7.723,-0.2992,8.1797,-4.7428,0.8261,6.2643,8.0414,2.4707,5.0188,-1.274,6.08,4.3889,-3.8122,-2.3377,3.5941,-7.9973,4.5379,5.662,-1.7287,-2.7796,7.6259,5.6123,3.34,2.5485,9.7932,-9.4418,-8.23,5.3858,6.2091,1.5209,-8.4722,-1.4531,-0.2754,-7.2316,-9.2181,0.1176,6.7407,-3.6078,2.9145,4.9151,3.9064,-5.5135,-9.4093,-2.7545,-1.3963,-8.2842,7.2428,5.5589,4.5547,6.6047,7.029,7.0964,0.3391,6.7686,2.9215,-9.0954,2.2992,4.0377,-0.514,-3.6576,4.8519,-2.8416,-4.563,9.7041,7.6017,5.9773,-4.4468,-7.4873,4.4332,8.7404,2.5727,-3.6992,6.7495,5.698,-2.0068,-9.879,3.1791,-1.6004,-3.6238,-7.4165,-8.6502,-5.8808,-6.2355,-3.6976,-8.6667,-9.4522,-9.0375,-3.1883,-0.2842,0.1483,-5.9067,1.0391,9.4288,3.9552,1.5703,7.1194,-9.0522,-9.7336,5.148,-5.2112,3.8053,9.8946,1.0696,-2.1529,-6.0644,1.7164,7.1668,4.1534,0.5295,-1.7461,7.7436,6.4346,4.9138,1.1133,-4.735,-7.0315,5.788,-2.4599,2.6571,8.0162,2.9048,-7.9739,-2.3987,-2.9857,9.7461,-0.2011,-8.334,-4.6335,-2.1275,3.7099,3.1779,-4.1114,-9.8738,7.4585,-6.6431,-3.1826,-3.0471,-4.369,5.1015,4.8107,9.5652,7.2315,1.662,-3.4489,-3.7447,0.9365,4.8072,-3.0325,-1.743,5.8665,3.062,-2.9014,5.7757,3.9788,-0.605,1.4034,0.2796,4.3111,-2.0302,8.5318,-9.2312,1.1261,3.0871,-3.2511,0.6352,5.109,5.3605,2.4542,6.2729,-5.1309,-5.2061,-8.9986,-5.5148,-2.8342,-9.5305,9.9258,-5.1421,-4.7713,-5.7683,6.8551,7.7022,-5.7482,-0.7876,0.2095,1.0882
-4.3273,7.2136,8.8915,-6.1639,7.3736,7.1523,-8.7923,8.5482,2.4278,-6.9907,4.0072,4.4856,-4.5273,6.313,-1.2224,0.355,-5.277,-6.8489,-0.5457,9.8668,-7.4248,8.7992,-3.8019,3.9095,-6.8014,-2.0755,-4.6209,8.4234,-8.4926,-6.4819,-2.2132,6.8009,5.4611,-0.6924,-0.8853,4.38,9.2081,7.0513,6.1307,-5.0971,8.8431,-6.2999,8.1949,0.1571,6.7079,-3.189,-4.1439,2.1656,4.1485,-2.4732,-4.994,9.0432,0.0557,-8.8513,-1.7301,-2.6908,0.5538,-0.6628,4.0304,-7.8019,-9.3395,-7.3605,-7.7512,-3.7801,5.4255,-8.405,-5.9148,-0.9885,-6.2363,-4.7534,-9.5672,-8.1381,3.7012,3.1349,4.4361,-2.3591,8.4002,-0.8813,-7.9924,8.7649,3.8876,9.2306,-9.1739,8.0528,8.5561,-0.5142,-9.4191,5.6224,8.0236,0.868,-3.4032,3.9435,1.2219,6.7211,5.1233,-3.6008,4.1052,-9.9946,-7.3429,-6.6405,8.4381,-8.3719,-0.6233,8.6587,-6.1924,7.1872,0.6518,9.7999,1.5394,8.8751,-8.4516,-5.1282,6.6641,-5.6215,2.7646,8.6067,-0.2796,8.514,6.3859,-4.5382,-8.4871,-2.5038,6.48,-5.9515,-2.5845,2.2218,8.7415,-5.0084,-9.3267,6.9072,-8.4982,-0.6341,-7.1956,5.1203,3.3927,0.5537,5.6334,5.4121,-6.7044,-8.8789,-5.2608,7.0376,9.8614,6.1193,-3.6008,0.0182,4.1582,4.2324,-9.945,-6.6121,-6.9856,5.9434,2.1463,-4.3804,-8.8074,4.8519,-6.1695,9.3392,-2.0511,-6.0837,-2.071,9.0653,9.4302,-0.2267,9.2348,5.38,9.7005,-4.9287,-1.1049,7.4036,-4.5134,8.4169,-7.435,7.4112,-5.8394,7.4862,-4.7534,4.3992,-1.552,7.2447,-8.9145,5.6175,-4.8295,1.5986,8.6879,-5.2833,-8.8058,-8.5482,-6.9168,1.6723,6.3415,4.0817,7.2576,0.287,-2.8889,9.4354,9.6467,8.234,-2.516,-7.4771
0.0049,-5.6809,-5.4465,2.253,7.1719,7.5665,-1.2463,8.5496,9.4379,4.7342,-1.6236,-0.5427,-7.0104,-0.9493,-7.2968,0.6014,-6.5162,9.8116,-8.9346,-7.0221,-6.2213,-7.9285,7.9732,-4.4984,-6.2473,2.3092,5.4159,2.3193,-0.086,3.0678,-3.6406,9.7158,7.6505,-4.4259,6.4222,9.8184,5.3628,5.4318,-5.306,7.4545,-1.0312,-3.4405,-8.8333,4.2244,3.3331,-4.6879,7.3669,-2.7811,8.206,4.0137,-7.1407,0.6914,3.1434,-7.2808,-9.9107,7.9984,-7.3782,4.3742,-0.5143,9.1123,6.7895,9.2071,-3.3626,3.9102,-6.3942,4.4293,-3.2252,3.773,-9.6774,3.2774,-1.6208,-2.5912,5.5055,3.113,-3.4073,-8.4022,-3.5506,-8.5096,-6.8537,4.498,4.1541,-1.7972,-5.2749,7.5886,-1.3651,1.7364,1.16,-2.7033,-9.9392,-7.4213,-0.5359,-2.9458,1.5479,-9.5794,-5.7753,-1.1119,-8.526,7.3792,9.8253,-5.8472,7.3777,9.8694,-0.7989,5.5451,-5.9231,-6.6183,4.2022,-5.583,0.0812,2.8241,4.2593,-8.5336,-8.3557,-9.6685,6.3987,-8.2859,-2.8807,0.0856,2.8883,-8.8728,5.4575,0.4426,7.4971,-4.269,2.8338,7.8105,-8.9233,6.099,4.6884,-9.1543,0.8816,-7.7369,-3.3174,-6.8063,5.752,-1.8914,-0.2591,9.141,-1.4819,-6.0428,5.089,2.9592,5.7345,6.4557,-3.1327,-2.9742,0.1812,8.1564,-7.3658,-8.7879,-4.42,7.6964,-4.2566,-3.5909,-6.1105,3.3613,1.1048,-0.5598,-7.0621,2.1271,-7.2434,8.6915,6.8185,-3.6047,-2.0753,2.9281,-9.4856,-3.9599,1.3126,9.8324,7.0887,8.7416,5.6051,-2.9933,3.2509,3.5861,-8.7289,0.3765,-5.9692,7.8956,-4.2693,4.6784,-1.5353,-3.9651,1.4245,-2.7884,6.9568,-9.6845,6.7791,7.4849,-9.9695,-6.6062,8.1214,-3.4073,-8.5828,-8.827,-8.1859,9.9554,0.5045,4.5057
-5.2006,6.4458,2.9172,-4.1073,4.786,-7.9139,1.9904,-4.1022,-4.2263,-3.4715,7.9913,-3.3606,5.5552,-3.5334,4.5552,-2.8568,4.2238,0.5155,3.8513,0.8355,6.6475,7.7095,-3.3184,2.1649,-2.7253,4.9061,1.4522,7.9948,-0.469,4.3459,-2.4463,5.1586,5.4482,1.5477,-2.9162,1.9257,4.1992,3.7187,4.3265,-4.42,-3.0922,4.5448,8.3756,6.075,8.0087,2.4421,1.944,-0.261,-7.5039,6.6807,5.8437,3.1798,-7.1651,7.2001,-9.9628,2.7754,-3.3776,-5.6697,9.7994,-5.9143,-3.5077,0.4708,5.7976,6.412,-4.0273,1.2316,7.948,-3.1322,7.0584,0.0715,-3.6961,-8.6855,-6.3855,6.7504,1.5174,6.9291,-7.2387,4.52,-4.7299,7.5813,6.0467,-1.4145,-5.5103,-7.4014,-6.9433,6.3561,7.5638,-7.4036,4.454,5.2032,3.3817,-3.6402,4.8468,-9.331,-1.1607,5.8005,2.4514,9.7122,-4.6493,6.0997,5.1592,8.18,-4.698,-1.8392,-3.5773,3.6387,2.4317,0.5619,-1.5604,-1.6949,9.4026,-5.1046,5.899,-2.8154,1.669,0.4288,0.2686,-7.5063,1.6354,-7.1537,-5.2866,-2.0962,-6.1101,-8.2132,-9.0537,-2.9847,-1.8418,-5.834,0.6005,-7.5935,-7.6693,1.5686,7.728,-0.6443,-9.9286,2.9051,-7.4674,-6.0242,9.0226,-9.2156,-9.9201,4.2719,-9.9884,-1.3998,1.977,-7.099,-7.4576,-9.0245,0.6287,4.225,3.7347,-7.2048,-8.6341,-7.4225,-7.9455,5.6186,-8.9009,7.9513,0.9404,-1.0256,-3.3124,2.2706,-3.1854,6.2767,-4.7181,-7.8321,-7.9962,8.0505,-0.6065,9.946,2.3852,-4.2823,-1.8394,-7.7128,-2.2519,1.2517,6.918,1.7331,-1.0155,-0.033,0.142,-5.3434,6.2081,-4.032,-3.1713,-1.9439,7.0306,-6.7148,-4.4695,9.9432,-2.458,-3.2908,-8.4856,4.7654,-9.9793,-5.9674,1.9969,7.8923,-4.5202,-8.6892
6.8007,5.9049,9.4545,-7.513,2.9879,5.1349,0.3349,4.4269,-8.2949,-6.2046,0.2178,-0.7526,9.364,2.4078,3.6107,-5.4421,6.7046,-7.6927,1.606,-5.2329,7.7559,5.3941,-4.9263,-3.8125,-6.6477,4.4801,-8.3615,-9.107,-4.5009,5.5009,3.5861,1.9659,6.9133,-1.5916,-3.9506,0.8809,-9.7338,-3.68,-7.7816,-8.6195,7.9998,-5.0033,-7.4629,-0.6224,2.783,-8.802,4.0738,-9.9364,3.6651,-6.1749,-8.3676,5.3736,7.8548,-2.2258,5.622,3.8878,-2.2853,9.8628,-6.885,5.4301,3.3405,7.1616,2.6416,9.8503,-0.3027,-7.1646,7.7822,1.0165,-8.1119,-7.9937,-4.8304,-2.4646,-9.0192,1.0819,6.5872,6.6554,7.3217,0.7862,-5.1823,-4.283,-2.565,-3.8848,2.3375,-4.6076,5.0887,4.694,2.819,-8.2271,-7.6798,-6.7253,-6.2182,-2.4686,1.6054,4.7528,-9.3889,1.1209,2.5078,9.0174,5.6253,2.0533,-3.7174,6.2732,-1.5002,3.5628,5.953,4.2108,-0.3731,4.7255,-3.4737,-1.5301,-9.218,1.3893,6.323,5.6872,-8.7337,-2.1199,-5.9091,9.1458,-0.4351,3.5828,-0.4813,8.0426,-4.3464,-7.8726,6.5992,-0.2044,9.1468,-9.4746,-0.5286,5.2646,5.3945,1.163,0.5724,0.5938,8.3967,5.2601,-2.4727,-2.6093,5.453,0.2305,0.8356,0.759,-7.1678,8.7781,7.4926,1.2172,2.5415,-7.5319,9.7776,-8.1586,-7.327,5.4672,-2.493,4.0842,4.476,-7.5395,-1.7969,-7.4085,5.2144,7.9394,7.1427,3.0301,2.8699,-1.2304,-1.8222,-3.8247,-4.6002,0.1729,7.7262,-3.1859,-8.0655,-8.586,-2.9149,-2.5647,-9.063,-3.0969,9.3192,0.8988,-6.9616,-7.2911,-3.1991,9.8752,3.3428,8.5838,-5.3743,-3.0533,7.7549,2.6817,-8.6946,9.0751,-5.8035,-0.8992,-3.4073,-6.9345,-8.1727,4.899,8.0393,-5.5768,8.1241,6.5898
-6.2643,-0.3063,5.8198,1.8371,-7.3057,-3.3797,-7.8846,8.7441,8.1305,9.439,4.643,9.0444,6.2815,2.3842,4.3132,-8.0327,1.5761,6.5791,-3.7924,8.9821,-9.6864,7.728,7.0709,-9.234,8.8974,5.0889,4.6796,6.4662,-6.9092,9.547,-4.1582,3.2406,-9.2695,-6.7266,-1.5392,-1.5355,-0.7784,0.1792,3.0671,-0.2681,2.0344,-9.6151,-4.6726,-9.072,5.3705,2.107,-8.3313,8.6571,3.356,5.0838,-7.3674,-8.7852,-3.862,3.0936,7.3991,8.8471,8.8372,-2.2547,-5.0718,2.3865,7.4757,5.7969,4.769,8.526,5.6945,-7.1588,4.6652,-2.5861,-1.0302,1.9918,-4.2467,-2.2529,3.2312,9.4096,-7.2208,-2.0422,4.6644,-5.9743,-7.0609,8.8446,3.9032,-8.6965,7.6774,7.6336,4.6586,3.08,-3.1571,0.7781,3.2162,-8.2341,-9.7395,-1.7116,8.8861,-7.6619,-4.7976,7.8882,2.7658,0.2148,-2.618,-1.7182,-0.4801,0.2603,4.4259,7.6586,-0.4015,1.6555,5.1356,2.2896,1.8805,-2.0234,3.3357,3.1505,5.5488,-9.1802,-3.308,9.5532,1.7062,-7.8492,-1.2044,-5.9481,-1.6392,0.4395,-9.6257,-4.9294,-3.6968,9.9684,-5.1966,-1.2628,9.2932,7.1109,-5.9402,-0.9035,-1.797,-4.6931,-3.3902,-0.8677,5.4051,6.8706,-1.2272,2.6764,6.2968,-2.9254,-4.4332,0.8565,6.3829,9.7138,-4.6301,-5.7076,-9.8858,-5.6613,2.6791,2.3136,-6.8884,5.225,5.3425,1.0801,-8.9666,5.5354,4.6923,-5.9672,-8.5013,-1.727,7.6248,5.9831,3.774,8.5917,2.6149,-0.9724,6.143,-8.0953,6.188,-6.2934,-8.2231,1.8539,4.1656,-3.5813,0.7644,-3.1831,-6.4104,-6.4803,2.9827,8.3057,-3.9288,8.505,4.2921,-6.968,8.7802,0.1686,-9.6505,4.1104,3.4575,4.8735,0.7702,1.2636,5.748,-8.6844,-6.9789,9.3227,8.4366,-9.0333
-7.9573,-3.8181,-3.2645,7.2099,3.9874,-3.8944,0.0938,8.2587,-1.5375,-6.6123,1.242,5.7251,-9.5572,-6.8855,8.8929,-2.2989,-2.6001,-8.7149,-9.7171,4.1401,-2.7685,7.2806,-7.7643,-7.3172,1.305,-7.1192,-7.8146,-4.2898,-1.5422,-6.0367,8.2276,-3.9385,-1.4039,1.2479,-8.77,5.6355,-8.2672,8.7097,-7.1097,6.8925,-3.4725,8.0374,-0.5234,3.5855,0.597,-8.4985,-5.0635,3.998,-3.4517,-3.4222,7.1995,-3.4593,8.7305,-8.5304,-0.0167,1.1935,4.8533,0.8958,9.5325,3.4458,6.105,0.3866,-8.691,-0.6951,2.5582,4.9328,-5.6958,-8.0866,-7.8544,4.0512,4.6309,-0.3662,-0.7174,-1.2323,-9.0457,9.4725,-7.8304,5.0686,-2.5269,-6.0599,3.823,1.6494,-0.1123,3.4339,-1.2229,-9.955,-3.8644,-5.2074,-7.5289,-1.1317,4.0853,6.3421,-0.482,-1.4981,0.9071,6.1276,0.3687,7.9917,1.1448,-0.8952,-6.2476,7.0686,-6.8373,-5.4287,-0.9217,4.9621,2.6855,3.6667,-3.29,1.6805,-4.9817,7.0179,-9.1504,-2.2155,-7.7952,-6.2534,4.7096,5.8684,7.6457,4.9507,3.9468,-7.1384,-2.0716,-6.9759,-8.8983,5.5832,-5.5179,6.6947,9.967,-8.4783,-4.6105,-7.9857,8.4518,-3.0599,-5.0925,8.4368,5.0529,1.1183,7.4191,-2.1186,5.4754,8.8862,-4.2419,4.7051,6.5882,-2.0779,-4.3035,4.3286,2.1679,-4.2254,3.3408,-8.3928,5.5078,-7.5419,-9.9142,-0.3363,-4.3104,-2.3795,0.7939,-0.38,4.5973,-5.2342,4.6581,-6.9895,4.9009,-5.0972,-1.007,-9.0505,4.4137,9.3302,-5.6516,-3.4773,-5.0444,9.0735,-3.082,-5.4169,-4.3151,5.0315,-8.3351,1.0395,-7.4637,-4.7446,9.4251,1.8089,7.8864,7.6907,0.8645,4.3812,-0.7243,-7.334,-2.7678,-3.4305,4.3112,-3.6926,3.2409,4.709,4.8275,-1.2465,9.6221,7.3773
4.8679,-5.5031,-4.1136,-9.9267,-7.8687,-2.7031,-4.4088,-3.3518,-4.8919,1.2646,-6.2181,6.7031,0.6645,-8.2833,-8.9572,-9.7643,-9.1208,0.9053,-6.3907,8.9551,1.6427,-3.4588,7.7379,-1.9956,-9.7351,-4.2651,-3.855,3.5525,8.5278,-3.7339,-1.9745,-0.2343,2.5454,-4.9787,5.6584,-6.6739,-2.1533,-5.3274,7.5777,-7.3165,1.9251,-1.7244,-0.2739,-7.4528,8.8208,-7.123,-2.8009,-3.8894,-7.1302,-8.8417,-6.086,6.2265,9.1447,-9.2141,-7.3862,-1.1996,-4.5451,-3.507,7.5083,-2.7485,-4.6221,-4.9433,-9.5097,7.3767,-6.8566,-5.9101,4.6827,8.3951,-6.9672,-3.3011,-7.1515,5.6096,-7.7776,3.2006,-0.9393,6.7554,1.1408,-2.046,2.6494,-4.7686,-2.3096,-8.6195,0.9661,9.2992,9.5796,6.4616,6.1252,4.9139,-0.717,1.2237,2.8282,7.8347,-9.7386,-3.9681,7.547,9.4786,0.995,6.3591,-8.6076,7.7735,-1.5878,-4.7522,3.1894,-3.9397,-7.5821,9.4672,-9.6975,8.049,-9.8191,8.65,-9.9271,-5.3512,1.934,-0.3077,3.3691,0.0659,-6.2323,-5.907,-3.753,-8.8763,-7.0624,3.9139,2.337,-2.3129,5.8,7.6947,4.1625,9.9544,-0.6189,8.0023,6.2545,7.1264,1.2359,-8.5004,6.8021,-3.61,9.4052,2.9204,7.587,-3.3831,8.2439,0.4681,-3.001,-3.1766,-1.9906,0.296,-9.9668,-8.1487,-7.1551,0.8989,-1.0454,-0.1696,-8.6528,8.0737,-6.1905,-2.4475,7.8406,-6.7755,8.6881,-0.2749,3.3713,-3.1228,-3.0278,-1.0564,1.8452,9.703,2.46,-2.9752,-4.1248,7.2835,-4.8238,9.6965,4.0021,-6.6556,9.1528,-2.901,-0.0716,-6.0016,-3.5314,4.5568,5.9603,5.5852,-2.5792,-9.0568,2.695,2.5081,9.9138,-0.5305,8.3949,7.5174,-5.8231,-8.8775,-8.0491,1.533,3.5847,-3.7094,9.5763,5.4809,0.7067,2.1921
-5.8539,-0.4491,2.872,1.585,-7.6748,4.5033,-7.9737,4.8662,5.5108,3.2565,0.0904,-1.9107,5.4735,1.2634,-8.9633,-7.1827,4.1382,-5.9713,-8.719,-5.9779,-1.3602,2.6679,2.542,5.3185,9.3566,-9.6998,-6.1193,-1.6789,2.2603,9.3974,-8.0677,-9.3196,-0.2544,-8.1376,-4.4405,-9.1346,0.5368,-6.4221,9.7794,7.183,9.6566,5.1793,-5.6006,-6.5555,-3.7448,4.0207,4.7677,1.635,-8.3091,-7.9889,-6.486,-8.4412,-0.6556,-6.7233,0.1729,-6.9267,-7.7004,0.444,-4.2994,-8.2222,6.3695,-1.1036,-9.5724,4.2244,0.2207,0.8449,0.6918,2.7536,-2.469,-2.2946,-6.3511,9.5718,9.0631,2.7564,9.4506,-5.4307,0.6707,8.5154,-3.3065,1.506,9.6121,3.1786,3.4718,-8.5749,-7.309,-1.8687,-1.9884,-2.3382,6.0211,-2.2759,9.778,0.3171,-6.9101,-9.7089,-4.8333,5.6558,-1.3549,-0.8102,4.2075,2.4133,-4.2769,-2.4574,-1.7353,-4.8526,8.8823,-7.2607,5.5592,6.6748,-0.9197,8.6481,0.6877,-6.0464,-7.6558,1.4775,-2.0243,-1.3009,5.1,0.8818,9.0333,-7.3668,-6.0924,-1.5826,-2.3741,4.7752,-8.51,1.0711,7.1174,1.3553,-4.6201,5.0812,8.9035,-5.853,-7.3021,-3.4181,-0.0795,-1.1461,-1.6163,-0.5639,-1.7767,-8.2458,3.6604,-0.6716,8.8013,3.7908,-6.1839,-5.7493,9.0325,-8.0749,-6.4374,-7.5662,-5.5224,-7.5711,-3.6169,-6.1668,-7.2623,4.4117,-5.7126,-3.7611,2.349,9.426,-2.8886,-2.4614,9.4688,-8.9358,-4.4682,-4.1045,-2.7382,1.172,2.7724,-7.308,8.6427,9.0316,-5.6841,-4.1194,3.1255,3.6946,0.6469,0.5588,9.6482,-0.5571,4.0027,8.0391,8.5996,-2.0789,-9.3384,4.7307,-0.613,8.6145,-7.1622,-5.58,-6.6381,8.4286,-5.7223,4.6121,2.6563,-2.4251,-5.6573,-1.5358,7.8224,4.6212
5.9527,-1.9673,9.6037,4.2614,-8.4572,-8.2946,6.3102,-6.6334,9.2909,0.4476,1.466,0.6436,2.1548,-7.5372,5.3732,-1.8832,3.6265,0.0394,9.2101,-6.0412,-8.9606,1.2318,2.0616,-1.4635,-1.8918,0.3093,8.4434,-7.4445,-9.424,8.2131,-3.6479,-0.356,2.6502,5.7509,5.7856,-9.857,8.4269,2.949,-5.0279,-5.4655,-3.0859,-0.7051,-1.3011,-7.5706,9.3352,5.5522,1.0307,0.4906,-2.8261,0.4146,-0.4175,-7.6967,3.076,-7.6586,6.3393,9.2405,6.7103,-8.3078,-3.1782,-5.2874,0.2214,9.1144,6.9934,-0.8634,-5.1569,6.2306,1.8662,-1.1424,-3.5663,-4.8661,-6.2485,-1.8707,2.3957,-8.8176,-9.8402,-4.0256,-9.2739,-8.9189,-8.3919,9.856,4.7238,5.3294,3.0012,4.8988,5.917,-5.2051,0.5534,-7.7697,1.3441,-3.9235,-4.6354,-8.9479,-6.4366,6.1574,-3.294,4.766,-1.165,-2.7271,3.0614,8.0688,0.6775,6.5792,0.6405,-9.67,7.6991,-0.7773,8.5219,6.4854,4.6185,-0.8125,-3.8246,7.7138,1.3927,4.3244,7.9813,5.2989,6.2978,-8.8629,5.099,-0.4583,0.9293,3.3854,-5.9538,-6.4833,-2.9961,-3.8683,0.3322,4.8224,-4.8944,8.9671,-7.162,-5.1471,8.6378,1.5651,5.7223,2.7324,-0.803,-8.1007,3.5097,-0.622,-0.0419,-1.0647,8.1979,8.6057,7.2967,-1.3365,3.7628,-7.4629,6.4454,1.3581,0.5083,0.6507,3.6876,7.4255,-5.2496,9.0556,-0.3374,-0.9572,-3.1383,7.9922,-9.4169,1.0475,-3.2598,-9.1821,-3.7849,-2.0204,-7.5205,-3.2393,5.3508,6.9584,2.6576,-8.862,2.7777,7.0453,-7.0511,-7.2225,6.6359,-6.9666,0.235,-5.3529,1.499,4.4066,4.2778,0.3063,-2.1049,-3.0956,3.8108,9.3287,0.9824,-8.8751,1.369,9.8752,7.0114,-4.3947,2.6639,5.6519,4.902,8.6705,7.1106,-2.0471
-2.1772,-2.8849,-6.186,5.1403,5.3996,-8.3062,4.5138,-1.9539,6.5485,-7.8972,-5.1489,-6.2946,8.9983,-2.4766,-0.0026,-7.616,-1.4286,9.7142,-4.3261,4.3214,-0.815,1.2262,0.2456,-0.0022,-5.6117,-5.1704,-5.6863,6.3697,-7.3989,-1.0403,6.777,-8.6787,-0.6411,9.7456,-7.2911,-6.7685,9.8982,-2.2409,5.1838,7.1105,-1.8769,2.0724,3.9243,-0.7077,1.1887,9.0235,0.4373,-6.133,4.0192,5.1384,2.612,-7.5479,4.0272,7.0965,-6.3918,-4.9693,9.5949,-9.2289,-9.9897,-0.5986,8.7284,0.1288,-6.287,-5.018,-7.6797,-7.5945,-6.238,2.9949,-8.4754,9.1837,2.7114,-1.0168,7.4191,0.9543,-1.6843,0.7778,8.0037,5.8971,-0.4118,-0.8307,0.7801,1.4357,9.1046,5.5219,-0.4055,9.7291,3.7117,-3.3668,-2.5924,7.0727,6.3359,-9.2127,-5.2805,-9.9778,-3.7625,-2.6449,-9.6102,-1.5311,-6.2873,-9.3542,8.5877,3.0499,-5.9669,0.5947,-5.3995,-9.2359,8.2986,0.4705,5.07,-6.6238,-3.6115,-1.2118,-8.4895,8.2229,3.6216,-5.36,-5.6514,-8.4199,-5.9803,-2.0331,-1.769,0.7323,-3.4018,6.3159,-1.9333,3.5104,0.1748,1.7072,0.1234,9.0981,-8.3155,-3.0284,0.4517,8.06,5.2121,-3.7739,4.9873,4.4484,1.9188,-1.7873,-3.8457,8.8808,8.5483,7.6178,-0.3377,4.6424,-5.709,-4.0499,-0.094,6.2486,8.3113,2.3342,4.1804,1.1533,9.8825,-5.6859,-5.8912,3.7267,-3.8203,-9.7867,-7.6326,9.3262,-8.0052,-7.9244,9.2762,-4.1016,-0.3453,7.2604,4.91,-9.3322,-3.4515,9.9332,2.6759,2.2398,-4.0718,-2.0505,9.9711,-5.2475,8.6678,-1.8979,1.2845,-6.7094,-2.6257,-0.2505,-0.9651,-7.3697,8.305,0.5301,8.3105,8.349,7.5819,2.7776,-9.9408,-0.6446,-5.6764,-2.7504,-3.151,-4.6648,3.3874,-4.7463
0.7093,-5.8462,2.3297,2.4279,1.6822,0.25,-2.0389,-1.2898,-4.1541,8.6343,-7.4435,2.3277,5.7057,7.2462,4.969,1.1581,-7.9981,-7.6079,3.0206,2.3808,7.0831,9.2821,2.3372,2.05,0.8149,3.2933,2.0137,-2.2447,-5.7945,-1.0059,1.2566,1.8976,-6.7152,4.5194,-1.2729,-3.8123,8.4125,9.5384,6.3113,-5.7309,2.5032,-2.3194,-1.7471,1.685,8.3583,-6.0978,-3.6954,5.699,5.0019,9.5951,-4.4537,-0.4636,-8.3627,-3.4565,9.6774,-8.7884,8.6552,-7.0772,1.5022,-1.0518,1.2332,8.9822,2.5315,-4.2298,7.2183,9.7561,-0.3819,4.5071,-8.8327,-4.6684,4.8447,3.1771,-1.9564,3.4921,-2.9769,2.4382,-0.0051,2.3411,3.6587,5.133,0.7256,9.1981,-6.1786,-8.5942,-6.4929,-2.4248,-3.8449,1.3313,-4.0774,-2.1313,3.6576,-4.3647,6.8732,-0.1637,-0.9019,0.1415,0.3808,-3.8447,-3.879,-2.8167,-6.4596,9.8168,6.8132,4.0252,-6.3441,-1.5432,-7.3764,-8.0645,4.5745,-5.6461,-1.2678,-8.8773,1.5934,7.1008,8.7415,-7.6728,-6.8151,7.0548,8.4346,-1.042,-4.6372,-7.1399,9.3379,9.8915,4.624,-7.7941,9.7441,-8.5553,-8.563,6.1591,-8.7057,-5.6748,1.3001,-3.2066,-7.3197,7.2107,-0.2566,4.8575,-0.7973,-8.2813,9.7558,4.6475,1.3931,3.0458,-2.6625,-0.12,3.0851,4.31,1.8901,-5.6852,-2.019,-1.6055,0.8915,-1.5419,-1.9851,5.582,-8.7072,3.5025,-0.2083,-3.5014,-8.3121,-4.7426,8.805,-1.5471,-3.1321,2.2524,7.0102,3.0564,0.1679,-5.9467,-1.043,1.996,-0.1397,-6.5702,5.4166,5.8464,1.8524,7.1383,6.9481,1.4699,9.8693,7.4326,8.3737,4.9275,1.4687,3.5914,-6.4943,-6.8175,7.0446,-4.846,0.9972,-1.533,-2.16,3.9131,6.0449,3.2586,-9.5187,-2.0439,-2.6374,2.5494
2.3886,1.4879,-2.157,-3.5405,-7.4118,-4.5065,7.0642,8.3239,-4.3322,-4.3325,-8.5292,8.8331,8.6459,-9.237,4.9115,9.3105,7.0899,2.8903,-1.3024,3.0027,-5.452,-8.8081,-3.0789,-3.176,-3.9445,-0.2047,-1.4128,8.6991,-7.9309,-4.9217,-3.9418,-5.12,-5.221,7.736,0.6434,-3.098,-4.6028,9.0278,-7.2672,4.7214,5.0283,6.2739,4.26,0.4548,1.2794,-5.0512,5.7417,-8.2278,5.2732,4.7903,0.2541,6.9383,-7.733,8.2016,2.718,-2.1882,-8.3263,-3.1306,5.2833,9.6146,7.4471,-1.585,-4.1977,5.2139,-6.3794,8.5351,7.3246,8.6951,-7.9832,1.704,-8.531,9.0221,-8.193,6.5337,7.3755,8.1647,-9.3347,-7.6387,2.6509,-1.6833,-6.6523,-1.4896,-1.15,-4.6015,2.2349,-3.9448,4.6429,-2.8531,-0.894,9.5767,-7.4945,2.1402,8.101,-0.231,-1.2904,7.6981,0.7411,-0.1945,-4.4369,-0.5599,-5.426,5.3909,-2.9957,9.3562,-3.7822,4.9934,4.7778,-8.6497,-9.2995,-4.2015,6.2927,-5.4872,-4.7124,6.5411,-1.4571,-8.504,-0.5126,0.7627,-4.1787,-2.7201,-8.9443,-4.8556,2.0617,-3.1952,8.7411,1.6815,-2.7068,-2.5123,9.7286,-2.237,-3.1035,-1.9128,-3.5299,8.3757,-3.6805,-7.7206,4.382,-8.4501,0.2607,8.0043,-5.957,-3.9014,3.8908,7.359,-5.3181,6.639,3.4548,-2.3743,8.2475,9.4253,2.9117,-6.1227,-2.627,-9.069,-2.6265,3.1035,-3.9655,-9.7228,-8.3971,-1.5077,4.9538,-8.325,-6.7443,5.0416,9.1464,6.9356,1.023,8.9847,-1.1826,3.0956,8.8114,-2.2325,8.1238,3.4695,6.2436,9.266,-3.0135,0.9262,-3.376,4.3799,-7.9046,9.8832,-0.2826,-4.9343,-6.453,3.2993,-5.0368,-6.1032,4.0093,-3.5875,5.6429,8.795,6.914,-4.9996,-4.2079,-0.7687,4.2422,3.8452,6.3077,8.1733
-2.1935,1.1157,-1.0927,0.8779,-0.5051,5.4242,3.0913,1.8636,8.8107,3.2701,6.8706,1.642,-7.4765,5.0674,6.7846,-1.336,3.4001,-2.3287,-8.839,-4.7411,7.0385,0.7795,-6.3543,2.9825,3.266,-2.2821,-1.1534,9.7736,5.4847,6.8383,1.1758,-8.4916,-8.1223,0.0193,-3.6273,-6.1636,1.5275,-3.5617,8.6198,2.2376,8.7204,2.198,3.006,8.1728,-8.2016,3.0983,6.75,1.7742,-5.1055,-6.951,-8.0369,-4.223,-0.2645,-0.683,-9.8266,-3.0512,-3.9716,6.8509,-9.1459,-7.433,-4.2388,-8.1536,-3.6945,7.1119,6.44,2.3974,9.6686,-1.7564,6.1462,-0.0274,5.3681,-5.2854,5.4472,-8.6969,-7.8862,3.2897,7.6073,7.4076,7.2759,-8.4991,9.2209,3.3997,6.9607,-8.5776,1.541,-4.976,-8.2572,-7.571,-2.3602,8.1735,3.9627,-2.5359,4.0583,9.309,4.4811,-2.4333,-6.7731,6.4497,-9.8073,0.5289,6.6573,4.4553,-6.3049,3.7674,-0.9296,0.6587,0.6883,-0.3405,3.9811,5.5441,-4.515,-3.3632,-9.5391,7.9213,-9.7046,-3.0263,2.2859,2.0671,-3.9124,1.1322,-9.0667,8.4435,-0.2859,0.1844,-5.0838,-0.5781,7.9204,-3.6483,3.1142,-4.1361,2.2171,-1.5477,3.3534,-3.1867,4.7188,-8.5969,3.6804,4.4004,-1.3414,-2.9451,6.4813,0.2528,5.5798,8.9552,3.6652,3.255,8.7671,4.8347,-6.22,-2.2581,-8.1527,-6.3385,7.6415,6.2624,-8.9774,-4.2927,-5.3182,7.7077,-4.1464,2.7596,-1.3747,-7.8292,8.9684,-9.8519,-6.491,9.9415,-9.6071,0.7185,-5.3675,-4.8154,-1.2682,-4.9705,-2.2844,-5.8946,3.668,6.0535,-5.8191,-4.6693,7.0338,6.9664,4.1104,5.0432,-5.2146,-2.0018,8.0532,-8.331,8.8049,0.7823,-1.3542,-8.1147,3.6122,8.135,0.3909,4.9644,-5.539,5.4614,-4.2058,-1.2895,-7.7175,1.1113
0.3023,-1.6208,-0.3583,8.1844,5.6006,-2.0794,7.7778,-3.4484,2.0901,9.4056,-0.4934,1.0398,9.5314,-9.7488,1.0895,0.0753,4.1237,-1.2335,6.7827,0.5708,0.8598,8.9358,5.7199,4.8068,-8.389,-7.4157,3.3164,-9.5018,-2.5412,-9.5606,4.0244,-5.5408,8.5928,-9.5765,-4.9372,7.3481,5.8751,3.244,-2.6709,-9.806,-5.3933,8.419,1.2748,1.4721,2.62,6.6954,-3.9668,-7.8355,-5.1606,-0.7804,8.8701,-0.3783,8.2693,4.1627,-7.0383,-8.4888,-1.091,0.8347,9.3398,7.4309,-5.5551,6.8052,-5.4065,2.5365,5.7574,-9.6189,-1.0441,7.883,2.1503,-4.5586,2.0367,-6.8531,1.4156,-1.535,-2.1462,-9.962,8.4102,7.775,-9.6916,-5.6771,-3.6398,-4.7958,6.8805,6.6477,-4.8379,9.1485,-7.0513,-5.9672,7.3608,-9.2588,0.7312,3.6496,3.5104,8.0768,-4.8051,-8.0807,5.4184,-9.5108,7.5468,0.9923,1.292,4.688,-7.9191,4.4364,4.7811,2.1921,-9.5925,-9.53,-8.4188,-9.1705,-2.7944,-8.8492,6.9129,-2.3152,1.682,4.3273,-7.5555,-2.7371,7.9696,-3.5525,0.1663,7.2566,1.3592,5.1353,-0.7918,-1.0145,1.3896,4.0808,-4.6256,-5.6266,-9.8338,5.7034,-0.1767,5.6465,9.8376,6.2929,0.1455,-3.3864,9.6005,-5.7896,-8.9608,-4.6953,6.619,3.3336,-8.1153,-6.9251,5.8879,2.7514,-9.1803,5.0535,-9.9815,7.9736,2.5507,5.6709,4.5589,0.9695,-3.8207,-8.6586,-8.113,1.93,4.5134,-7.3242,-5.6207,-2.5349,7.8074,-9.8922,0.8618,-4.0895,1.6063,2.339,1.5297,9.8193,-6.7243,-5.1208,-5.2543,-9.6553,-4.8922,2.2738,3.6405,-1.3907,2.1122,1.9418,1.6795,3.8772,1.2226,1.95,-6.5931,2.5457,6.5221,0.1599,7.4841,-9.5199,-4.4862,-0.7043,-2.9697,4.9279,8.8761,-5.0036,-9.4213,6.8108
-1.8424,-3.6192,7.4495,9.6639,-6.8139,7.6538,-4.7168,9.7833,6.0251,4.2235,0.6302,-3.4873,-2.7321,-8.515,-1.0738,5.5532,-7.2043,-3.0381,-4.0215,-8.4057,0.568,-5.6254,-9.996,1.1986,-2.7201,1.5529,-4.3041,-9.4432,-8.6287,-0.3951,3.7232,3.7404,2.8586,4.2121,5.9057,-6.971,-5.0384,-9.3656,3.0696,7.1836,-2.3567,-6.2504,-8.651,4.2329,7.3717,-6.2247,7.9077,3.5201,-2.4188,7.5973,4.3027,0.3604,-5.0606,-1.1874,-3.7314,-0.5023,7.7365,8.1103,5.165,-6.4863,-9.1226,9.8406,3.8643,9.2113,3.6205,0.6218,8.5268,-7.4139,6.5727,3.5499,0.3455,3.5822,7.2307,-4.8049,5.9959,4.2572,6.2188,7.6878,-4.8747,6.3583,3.9863,-5.8486,6.7962,9.3175,-6.1727,3.4912,3.9962,7.093,-3.9444,8.0695,0.3943,7.2543,4.3956,5.5314,-7.1397,3.7496,-1.3849,-7.6699,2.4,0.7191,7.4636,2.7095,5.0606,9.843,-9.99,3.2389,0.7248,7.1248,-9.6025,-0.3741,-7.3182,9.784,-2.4136,-6.1913,2.4651,6.5284,-1.0552,9.8419,0.5479,-1.3107,5.2511,-6.6921,8.0384,-7.6115,3.3223,5.9243,3.0155,-8.3739,9.1269,8.5351,-2.4584,1.2714,5.589,-9.0747,2.482,-3.5822,-1.5707,5.8475,8.4919,1.6089,7.98,4.8149,-4.6616,5.1766,9.4669,8.3344,-8.4856,5.3069,1.3398,-3.7372,2.7604,8.9954,-7.6918,-0.8219,1.4094,-6.9182,-5.3548,3.4813,-8.2265,5.7096,-6.8613,2.1376,7.3396,-4.3176,-5.6437,-1.0859,-3.763,-9.6073,-8.5044,-2.42,6.9343,8.4756,1.3436,3.5911,1.9697,-7.0079,-0.0353,1.4305,-4.6007,8.0757,-4.277,8.8707,1.0971,7.2437,-3.1876,-8.4238,-7.1478,-2.1432,-5.2881,1.0074,5.9416,-8.1169,-1.4169,-0.3414,5.5949,9.9233,1.1203,4.399,1.6682,-6.362
-5.6125,2.4884,-5.528,0.6886,2.9161,-0.4022,3.0715,0.9559,2.6539,8.2535,3.1428,6.4129,-0.9369,-1.2591,9.9995,5.3398,-7.6716,-1.1088,3.0866,-2.7462,-8.1967,0.6898,-6.5678,-0.126,-1.8022,0.3789,-1.15,-2.4513,0.6604,4.0151,-8.8197,-8.1473,-1.6987,-7.781,6.7893,8.7362,1.484,-7.6834,0.5669,8.3439,3.7487,-5.4492,-2.6005,-8.7165,2.7001,-7.5473,0.8093,-6.1125,-5.6732,-0.8563,-4.0777,8.6046,-7.0816,7.0567,8.9452,-4.8937,3.3044,1.0034,-4.0832,7.2447,1.8167,1.4482,-9.0015,-5.8824,-1.6396,-3.0984,8.2836,6.6733,4.991,7.5765,-5.5815,6.3747,-8.1252,-0.3402,0.1571,-0.2345,-0.6677,-1.6472,4.0634,0.5044,-7.3766,3.8663,0.8271,-5.3762,-3.9444,-8.688,-3.6004,9.4309,-7.7142,-5.2559,-9.2929,5.2999,-0.7082,-8.0042,1.9455,3.516,6.1732,-1.1082,-3.7921,1.5333,-9.9074,-6.5616,2.0452,-2.763,-8.0439,8.2125,9.6822,-5.7403,7.5118,-0.8499,8.2339,-9.17,7.2873,-7.2631,-5.8181,7.0551,-6.7062,-8.5221,6.8097,-5.5928,8.5741,6.4593,-5.4895,4.521,5.7944,5.4939,9.4334,-9.2154,6.7628,3.7644,7.2356,3.1451,3.7136,-9.497,3.6281,-0.2571,-4.0688,4.5584,3.4913,4.8566,-3.9471,4.5661,-3.5664,-1.1449,-1.0158,-9.1382,-6.6986,-1.0031,8.4643,1.1739,-5.1496,7.8848,-0.8105,6.4354,3.8672,-4.5678,4.6711,8.0143,-0.025,-6.8451,-9.7526,-0.0028,9.307,3.1304,-1.8991,2.6731,5.7637,3.7098,-3.1619,-1.6089,-5.9585,0.0337,8.9485,6.6218,-9.3345,-9.1728,2.1512,-5.6069,-3.9599,1.1648,-8.8489,-0.3852,-6.0342,6.1162,8.7346,-2.6243,5.807,-2.035,-8.161,2.0256,-3.7375,-0.162,6.388,-7.0211,8.5878,-8.0196,7.3689,4.9731,-5.9209,7.1873
7.6845,-3.1779,-0.7265,2.8563,4.8021,5.3453,9.3438,-0.898,1.7309,2.3464,-8.5642,0.3075,-1.8212,1.2343,-6.4331,3.7023,-7.8897,8.6814,5.4909,1.3802,-9.197,0.2522,2.7462,-1.2411,1.404,5.9396,-9.5442,0.5756,2.5481,-2.2685,-8.202,-4.0234,-9.6835,0.5602,4.4171,7.0166,0.634,5.1028,-1.2316,-3.5668,-6.6786,-2.494,9.9292,1.2988,7.2137,-1.5203,9.0235,5.8409,8.8239,-8.6193,6.6459,-5.7484,-1.3924,5.1424,8.7364,-4.5382,7.0154,7.2261,-6.9365,7.9663,-1.1923,-1.1045,7.2249,9.0992,-2.5803,5.5907,6.4153,-8.7435,-4.7294,1.4468,-4.8584,-0.7263,-3.7847,-0.4725,8.129,5.0115,-9.7673,-8.7868,-1.5462,8.4664,0.1695,-5.9766,0.2962,5.2177,-9.3742,-8.1696,4.2584,-3.5675,-4.9617,-9.9106,-7.5484,-0.659,0.6801,-5.411,-4.6275,-1.6635,-0.7478,3.3443,-3.8109,8.7731,9.0516,7.0875,-9.6857,-8.5154,-7.4172,4.9471,9.4188,9.8108,-1.5825,8.1209,-1.2954,3.123,-3.365,2.0313,2.4393,8.4661,0.3565,-3.9617,-8.8236,-7.7803,-8.6798,-1.8511,-4.6273,9.7067,5.3788,5.1702,7.8866,6.9736,4.1314,-9.9566,-3.7036,-6.1044,9.905,-3.7882,5.9513,2.9968,6.0548,6.1625,0.0155,-3.8781,5.63,7.3583,6.1726,0.871,7.3413,-4.756,-8.1164,-3.4037,2.8349,-0.0703,2.9581,-0.1303,2.8158,-1.2797,6.927,-8.9215,-5.5456,-8.6348,-5.5886,-7.9463,6.9906,-0.562,-5.4542,-2.8184,-6.0621,2.3753,0.663,3.0793,2.7313,-2.1199,1.3015,-0.8342,-3.4709,6.9708,-0.8093,-5.8609,-4.8621,0.3515,6.751,0.9972,-0.481,-3.3827,-7.7856,-6.9978,0.9289,-1.1494,-1.1803,-0.9929,-4.0779,7.1247,-8.1262,-0.2526,-7.4842,-1.2516,-4.048,4.3163,-2.7114,-2.155,2.3036,-1.5949
6.6428,-3.8915,-8.0838,8.4173,-3.6522,-4.9098,8.0627,2.237,-0.8286,-3.3265,-9.6077,-0.4487,-6.7372,2.3869,-7.7903,9.4503,-9.1274,-7.613,-0.1589,3.9785,5.1355,8.6822,9.4841,-6.2811,9.5185,1.3807,5.1253,-8.982,6.7521,-0.7257,6.1094,-6.4951,-3.2181,1.2919,3.9457,9.6415,9.9708,6.3738,5.7193,4.3997,-1.3673,-8.3687,-8.1418,0.492,5.1156,2.2223,1.2974,9.209,-3.3907,2.7762,-4.8821,7.5099,-1.6981,-7.4936,6.574,-6.5064,-2.7411,8.8859,-8.1352,-8.5779,-0.2699,-8.3756,7.1657,3.5191,8.5478,5.4167,7.8936,6.3874,5.8946,-5.1249,-2.9333,-7.6494,2.101,-3.2532,5.1208,-5.2445,1.2181,-6.6351,-6.9888,3.7797,2.6057,-1.8527,4.0795,9.0319,9.6901,8.6679,-6.0854,0.1176,-1.7648,-1.8625,9.6476,0.1227,4.047,-9.5629,-1.1236,1.7093,7.2328,-7.0061,-6.6904,-7.0565,-8.844,-6.2242,-1.216,-4.8389,8.9987,-5.2191,4.4645,2.1932,2.3618,-1.472,8.5374,-1.9364,9.1305,-7.4415,-9.9465,6.3308,-7.8385,3.3148,-9.5659,4.2314,0.9756,8.3443,2.8865,9.7437,-2.2708,-5.6705,7.6387,-3.4628,6.3149,-4.8394,3.1771,3.7756,0.5167,0.72,4.3402,9.3659,9.3255,9.128,-4.2058,5.7238,-0.3237,7.8262,2.3719,0.0148,-6.9859,-5.1488,0.929,-0.4231,-9.0247,0.639,9.2568,-6.0851,-2.6199,4.1072,2.3219,-8.4558,5.604,5.5118,-0.2807,-6.9509,-9.4585,-4.0504,9.4744,5.3611,-5.4007,-3.7354,-6.7146,2.7312,-2.8934,7.9416,5.487,-7.3428,-7.1538,2.3148,-0.0921,-0.7001,0.3867,2.2522,2.9895,-6.4025,-2.2285,-5.097,4.5928,-1.5302,-0.6618,-3.5788,-2.8717,-8.0864,-3.9525,7.7908,-5.1425,5.5766,5.3612,9.7865,8.359,5.1637,-0.6606,-7.441,-9.6323,-4.7389
5.0646,-0.5191,9.8574,8.3443,8.0846,5.0008,3.752,-7.7744,2.072,-5.6562,8.3121,-0.7329,-0.5527,6.9755,4.1324,-1.7622,-7.3013,9.0362,-0.2819,6.641,-1.3092,3.7215,-1.2477,-2.5246,8.9985,-3.2245,-2.3163,0.778,5.6497,8.9714,-2.4467,3.7717,0.8119,7.4087,-8.6235,-4.8796,-7.5468,9.4855,0.5251,0.4828,-6.7212,5.158,6.8763,-1.8304,0.7256,-4.8615,-0.4593,-2.481,8.6072,5.1541,-6.2782,7.5145,3.898,-6.1129,2.459,7.404,-0.8961,4.7047,8.45,5.233,5.5188,9.4053,8.3687,-8.7868,-7.8836,0.2773,-6.3304,8.2783,7.869,1.3007,7.5495,7.6021,3.6525,8.8299,-9.1314,-1.0895,4.361,1.6968,-7.084,-9.6275,-1.124,1.7825,8.4654,-3.5077,8.2895,4.5162,6.0297,6.1087,6.2498,-8.0166,-4.169,-6.9182,-4.162,-3.0239,4.3887,1.7828,2.1513,-9.0465,-7.2706,-4.3205,-3.4235,-6.8722,-1.8996,-2.983,8.0439,9.4432,-3.5036,8.6235,-0.309,8.9273,7.6481,4.6526,8.7866,8.117,-3.6174,-7.5912,2.5517,-2.9026,-7.4596,3.5563,9.8334,1.8573,4.0344,-9.515,0.2433,-1.9111,-6.6706,-6.1904,-4.0792,-4.2919,3.5511,-6.1308,-2.183,6.9283,9.084,3.3873,-3.5858,-5.2813,-1.0066,8.6063,-4.9644,7.806,-4.7596,7.9132,-7.1324,-8.9014,-4.7525,-5.6664,-5.4737,-1.5296,6.1414,9.1691,-2.1333,4.2444,-6.3588,7.4158,8.1996,4.9949,-8.9472,3.0497,-8.4982,6.6875,-0.8574,1.2611,2.1615,-5.6136,-5.3557,-0.2347,2.8946,0.243,3.0496,-8.4274,8.6626,9.8246,1.7079,-6.7169,-4.4552,3.4382,7.2476,-4.5683,-0.9349,4.4622,1.8346,-0.5942,6.0225,-8.3904,-1.6473,-8.6151,3.0698,-8.8767,-3.7714,7.39,-4.4346,1.3232,-3.5864,-6.8773,1.2333,-8.8514,0.1022,5.2706
-8.3123,-1.3488,0.0819,3.3464,2.885,-4.5501,-6.0914,-0.365,4.4433,-2.838,-4.1701,9.2105,7.8234,-5.9635,4.8229,-7.9311,0.2603,-4.1505,-0.3835,8.7337,0.8335,-0.3888,-9.7719,5.6496,3.2101,-0.9291,-5.1251,-5.467,-9.3172,7.3433,3.64,-6.3151,2.7384,-2.3373,-1.6678,-6.2166,-7.1718,3.4786,7.6578,7.6373,-8.717,0.6115,-6.3541,6.1837,9.8777,-6.9927,-6.0106,7.2971,7.858,-5.4922,7.2945,3.784,-1.0101,1.9811,0.0391,-8.2153,9.5786,6.1625,-0.8484,-2.4553,-7.404,9.6447,5.6251,8.2311,-1.2294,-8.3012,2.8447,1.5272,-3.1981,-8.183,0.4055,5.2428,-8.6744,2.031,-9.6603,-2.5487,2.4326,6.0891,-4.1191,3.2752,-0.0366,0.2168,-3.2607,-3.1813,-4.3461,8.9375,9.7929,8.9762,-0.6415,-7.9343,2.4675,3.029,6.0214,-2.4156,4.3233,7.7624,-8.9024,9.5796,7.2266,6.637,-3.5315,2.4454,-1.9293,-7.2437,-5.7427,-7.8311,4.4685,6.9282,-3.2957,8.6686,4.5881,7.2969,-3.2589,-8.7912,8.3609,-7.238,-5.2476,-8.3731,-8.7119,5.254,3.7607,9.1732,8.5532,-9.4323,-9.7567,3.6721,4.0654,0.8269,0.5505,0.6276,7.6128,4.7154,-1.7122,-5.572,2.7827,-3.3415,-9.9337,7.4426,-2.3336,1.965,1.1051,-4.3508,7.5795,2.9806,-9.279,-0.1627,6.4385,2.3459,3.9746,-6.3464,0.2056,6.1522,-2.9126,5.0483,0.522,-6.5512,7.202,4.068,6.3021,4.5775,0.131,-0.7194,9.7709,-1.1982,6.8924,9.6667,2.3017,6.8031,-5.6196,-0.3743,-7.9255,-4.7666,2.7363,1.8022,-7.2326,5.1233,-9.2208,-6.5501,4.077,-7.9305,1.4412,3.4529,4.2643,0.4891,-3.7299,6.4355,1.7299,2.1118,-1.7553,1.1049,-7.2922,-5.3577,4.3823,5.1075,-8.4237,-4.1809,-4.1128,-8.8478,7.3281,-0.0389
8.63,-9.4077,-7.0436,0.7426,5.0231,6.6421,1.1276,7.5459,6.968,0.3582,-9.4636,9.0411,-7.1268,-9.8097,-3.1385,7.8756,7.5572,-5.3861,4.6533,-2.0533,-7.101,2.4298,-8.4706,8.4132,-6.6769,1.3614,-0.7352,-9.0623,8.327,-0.7011,8.5279,5.3437,-0.6302,9.5853,-6.1719,-8.0577,-0.5508,-3.6141,-3.906,3.8125,7.801,-9.8682,2.3144,-9.2896,-3.8308,3.0935,5.0244,-0.8981,-6.3802,-4.3985,-7.9265,3.2805,1.2585,9.6797,-7.5459,2.9708,-1.9576,8.5508,7.257,-3.0827,-1.0129,-9.3464,-2.1418,-7.3913,0.0137,-9.9342,9.3135,-2.6719,1.2508,-3.4256,-3.4541,5.5356,-2.2641,-6.0468,-1.4495,-3.3616,-4.4016,4.505,2.9165,-4.3485,-8.1697,6.7736,1.1433,6.6912,1.1099,-5.0228,-1.2084,-9.5925,-3.5579,-0.7098,-7.6946,4.5624,-9.2669,4.878,-6.0529,8.8399,-4.4087,-0.7946,8.8257,0.9305,9.1647,4.0395,-8.09,9.0201,7.5554,5.2152,-9.8546,-1.1063,-9.1334,-9.7093,5.596,-8.385,2.1664,-3.2012,-5.6171,7.8314,-8.5532,1.8297,-7.4267,0.7697,-5.0175,-9.6629,4.6579,-8.9505,8.0493,-6.2126,-4.5992,6.7572,-3.9394,2.5961,-1.6378,9.602,-5.8789,2.9986,-1.3285,-7.4181,-1.3118,5.8071,-5.2021,-3.9886,-6.8762,-4.142,-7.6744,-0.3494,-5.5201,-5.7301,-2.8406,-6.9887,-0.6219,-3.8896,1.2391,2.3244,-2.566,-7.2208,7.4261,-1.0197,-7.7423,-5.424,9.6416,-9.0321,-9.0695,-5.5236,4.4181,-4.2528,-1.6326,5.081,5.0863,3.6988,6.5262,7.2866,-0.8513,8.9682,-6.1287,5.0592,8.5612,8.6766,-6.8475,-2.3529,-0.7801,-4.1304,6.2744,-7.3031,-4.5212,-2.6127,5.6595,1.7138,9.1558,1.9379,-2.4095,-6.844,-0.4354,7.2794,-6.7929,-1.1829,-3.3785,4.7207,6.3376,-7.2473,6.7234,4.7461
9.5026,9.8117,6.239,-3.8412,-5.2437,5.3225,-6.2998,2.0267,2.8077,-4.7362,7.604,1.3194,2.0678,8.4719,-5.7354,2.417,-7.4203,3.7918,7.1006,-7.0244,-0.1243,-4.7046,0.0348,0.0063,6.3194,2.8474,9.8184,-1.5277,5.7284,1.1329,0.8426,-6.6119,-9.4557,-6.0327,-1.2627,4.5656,-6.0171,-1.8838,7.8117,-2.0184,-5.8199,0.2975,2.4458,-7.5239,-2.5514,-3.4237,-5.0683,-7.5309,0.8493,2.4825,4.0932,-6.3514,-5.8914,-1.6058,-5.7343,-7.8691,3.0473,-7.9034,-8.8413,8.3287,3.2891,-9.8621,-9.6499,-7.5778,0.9378,-8.0817,5.7522,1.2069,-3.1805,-7.4546,-8.5912,4.01,8.1995,-4.1724,5.3121,3.0758,4.4042,-1.3792,-1.6757,-5.6523,-5.223,-9.8521,-4.8345,3.3852,3.4224,-3.5571,-0.0108,-2.6319,-8.3536,-7.7525,-1.7505,9.8448,-8.5411,-0.6114,4.4351,-3.3762,6.6159,-9.9772,-2.3277,7.2971,-2.8453,4.0813,9.2607,4.975,7.1676,-0.1944,-9.0061,8.8396,5.9379,-9.7611,-4.0509,1.0751,0.696,2.9334,-0.4938,-2.5653,1.1991,-8.9651,0.7937,1.3844,5.4835,5.1911,-9.8818,6.871,2.42,-3.7106,-7.2314,-4.0036,8.1505,0.6249,3.8866,-3.6279,-2.4193,-7.678,5.3333,-4.9208,-0.859,5.4155,0.7874,-1.77,-5.6135,-8.1406,-4.8444,5.9094,-6.9987,-5.4295,-2.1878,8.3954,9.0297,-4.4787,4.6444,-7.3505,2.6176,3.9441,-9.5653,-5.6713,-9.2918,-3.8829,-7.6216,8.772,1.4656,2.0549,6.6652,7.8193,4.7552,-6.0605,6.5171,-3.9864,-6.2964,-9.9189,-8.6541,1.2819,-4.9077,-4.3857,4.0412,9.2609,-1.6994,9.2444,-5.1038,-4.098,-5.3467,-9.8617,-4.8124,-7.0459,-7.1599,-5.0089,2.3229,0.0815,-0.277,9.2424,6.203,-6.4034,1.6575,0.3704,-6.9439,7.0608,-3.3107,-5.8899,5.8841,-5.8684
9.9635,5.5407,-1.0129,-8.2648,-0.2008,-0.6279,-2.0446,9.5279,-8.0307,-3.0327,-6.9848,2.7041,-7.3164,1.4311,5.8945,-3.6201,-2.0554,-7.9258,-7.0031,5.4705,-0.6134,2.7371,-5.8168,4.7016,-9.3827,2.565,8.5396,-8.9656,1.3122,-3.9131,-8.1204,0.1993,-4.8522,7.3297,3.6567,0.5274,-2.4295,0.1968,6.5576,-8.9476,-0.6046,3.186,-8.6602,-7.381,6.4963,-9.5165,3.3943,-3.3991,-9.7511,-6.8476,5.5163,-1.5473,3.5978,4.4101,-0.7938,9.2873,9.4672,-5.5002,-0.3244,-3.0352,8.228,-0.722,5.9739,6.1052,3.6369,2.5849,1.7163,-1.2854,1.0051,9.5071,-6.0031,-5.4725,-3.0786,2.0707,4.7236,7.7741,-2.7335,-7.3842,-1.5486,6.6978,-7.3203,-3.9356,0.0538,7.0252,-2.0902,-5.1746,7.7263,-9.5639,7.5168,-3.289,-4.3126,-6.5385,4.1409,9.3801,7.1235,-0.3994,-5.0292,2.8468,5.1598,7.9707,3.3735,8.4439,-0.8712,1.7834,9.9102,-2.5714,7.7909,-3.3431,1.9544,-9.7492,-1.4709,-7.0676,-7.96,1.8397,-5.5964,-7.8588,9.4492,7.052,-8.8272,-5.2028,1.6069,-6.8413,-0.6764,3.0823,4.0044,-4.0603,5.046,9.9927,-3.1956,7.0082,4.0381,9.8785,-0.0099,-3.1191,0.236,5.0387,9.4353,-7.5044,3.174,0.0831,-9.9136,0.8479,1.6483,-0.1266,3.0024,-8.0634,-8.2585,8.377,-4.0965,-1.7128,-2.5245,1.6632,7.3223,-1.0874,-2.3903,7.7137,0.61,-4.4491,0.0454,5.9159,-5.4968,-1.6637,9.5028,7.6996,-7.02,7.7732,1.1686,-5.7453,-3.6556,3.4109,-5.9887,-9.7967,1.2194,3.4249,7.8341,0.7117,-4.4822,-7.7237,-0.4216,-5.7821,-1.7541,-0.0494,0.2052,-5.184,-4.4717,6.1212,6.6769,-9.4441,-0.5473,1.8968,-3.2189,3.7442,2.6593,9.9713,-0.7597,-4.3143,-7.7104,-9.717,-6.7531,-3.5079
-8.6458,-4.9135,-0.3371,1.3592,-6.5865,8.2519,-3.0812,-0.1599,9.6326,-7.9544,-0.1651,-8.0145,-5.9838,-9.9288,-3.8266,-6.1433,3.6925,-7.8873,-6.2027,6.3766,-2.7773,-4.8038,-5.2394,-5.5217,-8.6829,-7.214,-6.7747,9.1888,-9.6583,1.5489,-8.6289,-6.0676,-1.3881,0.9803,8.9251,2.016,-9.2211,4.0012,3.3283,0.8194,-4.3061,-0.7231,-3.9483,1.2127,-3.8949,9.686,4.8167,0.5049,4.3955,-8.2744,-4.3339,1.6067,2.0114,-1.2809,-1.9167,-3.474,2.1245,9.7944,-8.898,7.0026,-5.8556,0.7372,8.1817,9.1801,6.2354,9.553,8.3771,-1.13,4.1844,-5.2625,6.6188,7.9579,2.7478,8.8938,-4.4924,1.393,5.4801,8.4184,-0.2113,1.2707,-7.5563,1.9634,9.1665,-9.2177,1.2244,-8.2485,4.9212,0.5131,-7.5467,-9.1235,5.7061,-5.4555,8.8987,-9.8921,-7.1931,3.6347,3.0864,-4.0646,7.8259,1.9059,-7.4254,-2.1251,-7.8996,-0.3913,-8.2685,-5.0067,-9.751,0.7176,-4.9403,5.778,3.0683,-0.2778,3.3367,-4.6943,4.4565,-0.3674,-9.956,8.4145,8.4944,1.0982,-5.7216,-5.627,-3.0463,1.8778,-6.7007,0.6394,-2.1684,1.3567,5.8687,1.4825,5.4723,-8.0546,0.5083,2.7915,-5.7381,1.0569,-6.4792,-4.3966,3.2263,-8.5084,-7.8935,3.9233,0.7366,-3.8828,6.5159,-5.6234,-0.2438,-5.5888,7.8468,-8.1587,-1.7257,0.1267,-2.095,-7.0037,7.1388,-0.3798,-3.7527,-8.319,6.0726,0.2717,-2.3451,7.1465,1.6258,8.9444,-3.2338,7.6403,-5.3853,4.2173,8.663,-5.3317,5.6358,-5.5853,4.0507,-0.1333,-8.2836,7.8101,1.6532,-5.5308,-4.2442,8.3368,-3.7394,0.0901,4.8382,-2.0254,-0.4728,-0.9593,-7.0204,-8.8489,-4.9533,6.1319,3.9843,-1.7473,-0.7747,7.6197,2.7919,3.2434,-3.8431,-6.3015,1.5381,6.5969
1.5984,-9.1263,-0.0887,-7.2836,8.5508,-8.4404,9.9494,-0.8336,-0.0492,-0.9631,-7.9616,-5.9367,-9.1651,6.8512,-7.2246,-0.5988,-2.2626,3.9192,-8.5698,0.7146,4.6722,4.3916,9.0094,-1.1595,5.1156,-2.731,6.9077,-3.124,-5.4833,-2.5016,3.4288,-8.2808,-0.123,-6.8053,8.9175,-2.8191,-7.0717,6.8345,-6.8548,0.8669,7.0508,-6.8189,4.8559,-7.3577,2.2598,-7.6193,-3.1059,7.2046,-2.6971,-4.2229,9.4347,8.3885,7.9489,-7.2238,6.6708,-7.6062,7.2673,-9.326,-3.8163,8.9653,0.9468,-9.8084,-5.1626,8.2512,-6.8995,-5.3542,-7.1345,-1.8662,4.0276,0.3951,-5.1101,5.1588,-3.7295,6.7513,-1.31,1.769,7.3783,4.1143,-4.515,0.5798,-6.8453,-7.4476,2.3081,-1.519,-5.4294,1.267,0.8607,2.1352,2.8622,-5.1593,-4.2041,9.3714,-4.4781,5.1954,5.7288,-1.9858,3.0177,-8.9638,-8.4392,-5.6441,1.6321,8.853,-7.1213,-6.6952,1.6401,-3.8591,-0.4733,6.0959,0.5824,9.8194,-1.772,-3.9408,6.6937,-8.4763,-2.6399,2.2203,-2.066,9.4392,-1.2212,8.4108,-6.9452,-5.7693,-7.438,7.8552,2.1153,-5.7181,7.8699,5.4419,0.4468,-1.9064,1.0346,0.6997,7.6851,-1.8225,-0.4721,-9.2718,-0.3364,-0.2659,6.8436,6.5265,-2.4855,-1.1098,-0.4844,2.0397,-0.2685,7.8184,-2.0973,4.3377,1.0034,-0.7802,2.8491,-3.9235,-8.1448,5.1349,9.1344,9.8692,0.3694,-2.2762,-5.6282,0.5439,-8.4486,-7.158,3.8136,3.8963,0.8984,-7.6805,-1.5611,-1.1381,8.0322,-7.4346,-7.1386,-5.355,-4.4977,4.3604,-9.7591,-0.2492,-7.0337,-3.0532,4.4256,-2.9144,-4.5052,-3.5689,9.1663,-6.9614,-7.1519,-5.1384,9.9591,3.6284,0.0313,-0.838,5.8131,4.9826,2.7837,2.4692,-8.6909,9.9612,-4.7411,4.3556,7.1026,9.9701
-0.4003,-2.4334,3.4807,-2.028,-7.505,-7.8789,-3.8549,-3.2158,6.4971,-1.6207,9.3247,4.9111,5.7708,-2.8656,9.7875,6.5759,-9.7815,-7.7199,-3.8916,-2.6964,-4.5446,1.3965,3.7452,7.0117,7.325,-5.4485,-7.3276,-6.4606,4.0142,-0.9533,-2.491,9.9267,-2.3113,9.3599,-8.2893,1.223,9.2808,9.1976,6.2824,6.7651,8.0303,-2.3197,3.0402,6.1719,-9.8427,-8.8974,-0.9864,3.9902,3.1511,6.3078,-7.0077,2.7049,-8.7961,4.0182,5.3353,-0.4204,-6.9488,9.7954,1.4436,8.0286,-2.8851,3.127,0.4011,3.848,-1.6397,7.4965,-8.7968,-9.6385,0.6856,1.8361,-9.1814,3.5241,5.4883,0.4762,1.7282,1.1614,-6.4751,6.1152,7.8247,1.1319,4.3249,0.1314,8.7346,-5.0934,1.1873,-4.4037,-2.7174,-2.3415,-6.3392,-8.4141,0.195,4.0949,7.2422,-8.366,9.5139,1.9136,2.4172,-9.3274,5.1041,0.88,-1.7061,3.0269,2.9504,-9.9623,-5.8132,3.0414,5.8012,-9.5602,3.2684,-0.2727,-3.2408,-9.6842,-9.3054,0.751,-4.8965,3.5093,2.0571,7.7179,-5.7619,-5.4618,-2.1854,3.2126,1.9698,8.5474,-7.3983,3.0278,-0.1484,-2.3362,5.0566,6.8283,2.8368,1.8225,2.856,-3.9201,2.989,-1.69,-4.3369,-4.266,6.6894,-0.613,5.3922,6.2022,9.5857,3.2348,-5.6755,-9.1196,-9.0962,-0.1388,3.5275,-6.5442,4.2587,-2.4184,6.5611,-9.8329,-3.275,2.6231,-1.453,4.8208,0.3355,-2.213,-2.6256,-0.2458,-3.9825,-4.0755,4.9399,-8.0855,-4.9488,5.1422,4.7017,5.7077,-5.4138,-2.0202,-6.1298,7.1125,8.0152,-8.2026,2.1305,-6.2128,-7.0903,1.3172,-8.0138,1.7558,-0.3657,0.0024,6.9413,8.235,-8.6397,-1.9792,1.1858,-8.2423,-8.002,2.2139,1.0742,-7.5575,5.828,-2.5096,9.7209,-5.3567,0.608,-6.1781
-3.7828,5.3514,-1.9553,5.0117,-6.1192,2.4172,3.1194,-5.6311,0.7445,5.249,-9.024,7.2001,7.7052,-5.3288,-2.9585,-8.1633,-3.926,4.2124,-1.0214,-8.2328,4.1144,0.8889,-5.9716,6.1556,1.3209,-7.8083,-3.6648,-4.8448,-6.1218,-0.0742,-5.0772,-1.736,6.1822,-2.4665,-1.6866,-2.5953,-8.9089,9.5883,-5.4163,-3.501,-7.8088,0.0337,4.0275,2.6344,-6.0242,8.4321,-1.5441,-1.6114,-9.6728,4.8442,4.3099,6.8394,-7.7604,9.9448,5.7129,-4.1015,-3.0973,8.2446,-1.767,0.0612,7.0087,1.3579,0.3738,-1.8754,5.933,-8.9582,7.8493,4.2155,0.9155,-9.9317,9.8505,-5.5502,-4.672,-1.4532,-3.4523,-1.3129,-8.6426,6.2269,8.8178,7.6914,-6.292,-0.6349,9.5256,-1.7466,6.1634,-9.1478,-5.01,9.0826,5.5217,-8.489,-0.0861,6.1204,-2.2224,7.3486,4.9941,-2.6264,3.2935,8.7194,-6.5253,9.4318,8.5113,-2.6026,-5.3305,9.6308,-4.454,1.0234,1.855,9.2812,-1.1536,0.299,-7.6313,-4.9305,3.5925,0.9097,-2.1299,2.0065,5.9342,-0.7334,-5.6243,-7.1269,6.261,3.0436,-9.0877,2.0192,6.9979,-3.3936,6.5143,6.4582,-3.8479,-9.9264,2.5762,-7.4888,-2.378,6.6741,-0.4706,-9.9024,1.2662,-7.2358,1.0312,9.7515,-7.1594,0.5329,-4.0812,-4.253,-1.2553,-6.2391,9.0154,-3.5359,2.7039,-8.7915,3.3424,-5.6581,-8.7289,-3.6852,-9.6967,-5.7193,-8.8211,6.7492,-5.5481,5.2663,-2.8035,-0.0976,-8.4939,0.0041,-4.4131,3.7466,6.4618,7.2943,-3.8377,6.8806,1.4764,5.3201,5.173,-8.4693,-2.3553,-4.3235,8.3505,4.6703,8.5845,-0.358,-5.7118,-7.1862,1.5082,9.351,0.0585,4.0245,8.3911,0.7561,7.2609,-0.134,-4.182,3.0554,5.0827,3.5473,-0.1986,-1.2732,5.4834,1.4058,5.3067,0.9921
9.7904,0.6098,1.4521,-6.3659,3.7074,-1.9113,4.8368,1.8493,3.6831,2.4092,5.4723,-3.1835,8.4004,6.8879,9.8513,-5.2824,6.9094,4.7321,7.3762,0.8692,0.3635,-9.8048,-0.2338,7.2828,2.7748,2.462,-1.8499,-8.7276,-6.6289,5.0107,-7.6532,2.4417,-2.842,-7.1029,-2.0589,-8.7117,-9.2676,2.6235,-0.0873,-2.2689,8.1582,-4.4439,1.8098,3.2231,4.3831,-6.4175,-6.6036,-2.105,5.1521,-4.5282,-3.7397,3.625,4.0786,3.6535,-5.3588,6.7267,0.3269,0.1714,0.2091,0.064,8.7281,-3.9403,4.2057,4.8158,7.2349,2.1318,-7.5923,-3.6715,-5.5888,0.1692,-4.9273,-8.2304,5.8733,8.2821,-8.1157,-0.2137,-7.0515,-2.3725,-1.4762,3.4425,-3.4219,1.9583,3.4961,6.7383,6.1988,9.7584,-9.0037,3.3675,-0.6105,0.0666,7.5706,9.2752,1.0295,-0.8652,-7.5227,2.2296,-2.3883,1.8575,-2.2976,0.0269,4.4646,-7.7472,7.6888,-2.1141,-8.923,1.7846,2.2565,2.1725,9.221,-9.2471,0.596,8.9405,-4.768,5.8152,7.6785,-2.6817,1.2393,-8.0359,3.2388,-8.6135,4.6215,-6.4158,0.3987,-1.0647,-0.7268,5.0849,3.4468,2.6157,7.9104,7.8807,9.9996,-9.4849,-5.7751,4.2404,9.4137,-1.6524,7.0743,-0.7714,-0.1596,4.6422,-3.2968,-0.4806,-4.9106,-7.8244,-0.963,0.3377,6.0353,7.2639,8.085,6.2485,-5.4088,-6.3018,-3.9702,3.8404,-1.4296,0.3294,-7.1026,-7.9079,-7.1622,4.347,-7.9296,0.4057,2.9287,-1.3187,-3.09,1.8883,-1.7254,-6.9206,-3.1845,5.1516,0.8525,-3.847,2.8961,-3.8322,-6.0919,-8.0909,6.85,-0.5741,-2.0328,8.0645,1.7993,-6.8343,-1.1145,0.0717,-6.7327,-0.896,8.7322,-2.239,-9.4648,-6.6084,-1.9922,9.1715,-8.5356,-8.8487,6.7189,1.8586,7.7664,-9.2332,-4.8961,1.2358
-7.0875,-3.0692,6.681,-4.6448,1.6349,3.7095,1.3409,-3.1921,-5.2343,6.4091,4.0284,4.1631,1.9725,2.0343,0.278,6.7199,8.3541,6.4656,-2.3419,0.1117,-0.4016,7.4362,7.0095,-2.8935,-0.6458,-5.3111,-5.5654,2.7293,-0.6966,-0.634,-1.8619,1.2011,5.5218,-8.4675,-6.0109,2.1123,7.4771,8.6025,1.9262,3.4094,-3.7695,5.2091,1.1554,-0.3984,6.5185,-0.1361,2.4062,-6.5838,3.4923,-5.0125,9.6039,7.5949,1.457,4.9472,-7.5648,-5.4056,5.0493,3.2728,-9.4871,7.8238,4.243,0.7665,9.4512,-7.9303,7.4751,-0.3473,6.1092,-0.7466,-5.6438,-9.5382,-4.1134,6.9485,9.3972,-4.4209,-1.0753,-0.9385,4.9048,5.5648,-6.941,-7.9937,1.7077,7.819,-2.3371,8.2293,-6.8061,7.9453,5.9186,-1.6682,2.1499,-8.7625,-7.6247,0.9689,4.8019,8.185,1.2176,5.3349,-0.9803,-3.0728,7.8495,-1.1975,1.2083,6.6273,4.6993,0.7735,-4.171,-2.8949,6.4731,-1.9659,-7.8323,1.687,9.5906,0.4452,8.4573,-4.5763,-6.8893,2.017,6.8629,-3.197,-4.224,6.3812,-0.7152,9.4534,2.8917,1.9193,-5.1294,-5.1664,-6.7564,8.5835,-8.0851,-5.818,6.4462,-8.2031,-2.0367,-9.7799,-5.1721,-3.2357,-0.8658,7.5867,-3.1646,-0.2364,-4.1924,-3.6746,-8.232,0.8801,-7.8493,4.5544,6.9229,-5.7056,-0.8356,-9.3898,-1.4511,0.5942,-0.8199,-1.3345,6.166,9.9346,2.4874,-1.6959,1.0114,9.6255,3.1854,-3.3894,0.7432,2.84,8.3454,3.5342,-3.1965,-8.1552,5.9532,3.7001,-1.2424,-0.8603,-3.7193,-3.5991,-3.2341,-4.4607,7.3225,9.7716,-8.2291,3.5194,6.0825,-9.1641,3.9055,-1.0617,-7.5702,8.3078,-5.2311,-5.6541,-8.2755,0.5199,-3.7782,-6.3511,-1.7485,5.0008,8.9692,7.8157,7.1174,5.2619,-6.6064,6.5132
1.6974,-3.3833,0.0861,-9.5154,-3.4263,-1.1922,3.4737,-5.4304,-1.8414,6.2808,1.0075,7.4401,-6.1025,0.1578,-2.2772,2.4244,1.0731,2.1384,-0.1782,-9.5324,7.2184,-6.2649,-4.6454,7.5911,6.9885,-5.4347,-8.1697,5.7109,-5.4374,-1.7295,0.6687,-0.3662,7.123,-9.0997,-0.7,-7.3496,-7.1982,-1.5035,0.4424,4.1017,9.0413,-3.1262,7.4333,-9.8326,0.5404,-5.1297,-8.669,4.6563,-6.4227,4.7022,2.8583,3.6072,3.8801,5.8348,8.5467,1.8355,2.1699,-2.1579,6.956,-6.1318,9.3581,-1.8684,9.3003,3.3236,0.0029,2.4538,8.0564,-0.9375,-3.1915,-7.0006,6.3725,3.3498,-3.5811,-5.6501,9.8449,3.6246,7.1504,4.0118,-7.1502,-6.8125,-5.0882,1.3635,0.4206,5.3217,-0.3347,-7.7213,-0.4892,7.36,3.8934,-5.7687,9.8984,-8.0964,4.2236,-4.9444,-1.1547,-7.9042,-3.4392,7.8001,-3.2614,8.2263,-6.3968,-0.49,-1.7843,-0.512,0.8291,6.426,-3.3509,6.8744,1.4381,-0.1878,-4.6631,7.9968,-7.8475,8.2173,-2.3016,-2.3588,-8.8545,2.4543,6.9424,-5.8653,-3.2682,5.886,7.4288,-6.7523,-4.1444,-7.3297,-1.55,-5.6311,4.2547,6.359,-9.7191,-3.1587,0.3921,-3.2383,-2.3685,-0.3682,7.8057,9.0319,-6.9983,-0.7042,8.264,-4.415,6.9146,-8.0014,-8.7795,-1.3805,2.9931,8.4248,-1.0401,-6.3291,-7.5605,-0.604,-0.6711,8.723,-5.2598,8.4072,-7.3152,5.8958,-2.2066,-7.9318,5.1629,5.2812,3.5188,8.1026,0.0457,-0.3793,5.5177,-6.6402,3.8283,-1.1246,2.8293,-8.9713,7.6666,0.1761,-7.2783,-0.3212,0.8973,2.7369,-6.2641,-1.8077,-1.7614,9.9923,-8.194,-9.9498,-9.9938,-6.2776,-0.3991,8.0936,4.9191,-7.7415,9.4231,-3.1002,-1.4676,-9.6315,0.6113,5.7907,7.2141,4.1601,-5.8989,-2.2923
-3.7158,-9.0021,5.387,-9.8312,-5.6939,-6.3919,-1.6248,-9.9062,9.4996,0.1079,8.0036,-3.7804,-1.7854,-5.6309,-8.6458,-2.6581,-3.1882,3.02,-7.6637,4.5536,0.4398,-9.3795,-2.4654,-2.5218,-9.188,-7.8214,2.996,-3.1755,6.5826,-5.9318,-7.0198,5.4952,-9.1816,-2.8222,5.0901,-0.2539,5.0734,4.1769,7.2239,-8.7017,9.5856,5.8013,-1.348,-7.9452,0.2718,-1.8441,1.9907,7.6821,1.8633,-5.401,-1.037,5.8345,-6.4851,0.202,5.7358,-7.1893,3.8236,-0.0092,-8.6485,-9.984,-9.5328,-3.7299,0.523,-6.3273,3.684,-8.4099,4.3991,-6.9986,-6.3046,0.8682,-8.4763,-3.4842,-4.7405,2.2538,4.0147,3.6849,-3.855,-5.5207,8.8504,-1.1194,8.7159,9.1145,2.878,-7.2352,2.6901,-1.9445,-0.3748,-2.6825,-7.8675,0.0672,0.1821,7.1553,0.7949,6.3868,-9.3537,-9.7628,-7.0434,-1.4246,-3.3556,-2.5774,7.107,7.249,6.883,-3.392,-0.4603,-7.5996,-6.5264,-8.6876,5.1817,5.3069,-1.265,3.9695,-2.6257,4.6314,1.6257,8.6922,7.2422,9.8261,-4.4889,-5.8302,4.0324,3.9606,3.2544,6.2681,6.7577,-6.2313,3.9988,8.4672,-2.0102,-2.7559,-8.5958,-7.5138,-1.8423,0.517,9.7981,-9.6396,-7.5177,2.4672,2.955,-8.7249,-9.7155,1.6808,9.1109,0.9021,6.3058,-1.7775,-5.8694,2.1123,7.1666,9.8601,0.2772,-5.038,1.0954,-3.5802,-2.9607,4.9447,8.7874,6.2753,-6.8959,1.2748,-5.6647,0.3482,-9.2078,-0.4645,7.8224,6.977,8.0186,-3.8098,-3.1543,-8.7662,7.9072,-3.3582,-4.1641,-7.1223,-5.5711,-4.006,-3.8804,6.0092,-6.2557,8.8623,-9.4923,-9.3545,0.1707,4.4661,6.8024,-8.1877,-1.3336,7.9134,0.9718,7.4633,7.9218,3.8154,-6.1141,0.8161,-6.0832,4.1177,8.0588,-3.7281,2.5874,0.7469
8.0704,5.0194,9.9454,7.2879,-9.5753,-8.9009,4.7509,1.4816,-1.4399,-4.1669,-5.2351,-7.4795,5.1863,-6.6579,-6.7185,-4.0438,-4.3499,9.0772,-4.4044,9.7432,-6.7624,2.4984,8.4324,-7.4292,9.4971,-6.8741,8.3611,-6.3168,-4.9121,-0.6916,3.4218,-4.9669,-0.6477,4.9277,3.4593,1.4279,4.7006,-5.4781,8.1038,3.9819,9.3043,6.9019,-1.5942,-4.8014,-0.6304,-1.647,3.6797,6.8121,4.0932,4.9015,-3.9364,8.4881,-8.9343,9.9457,2.9862,1.6754,9.8168,5.6976,9.5518,-5.807,0.7696,6.9968,3.4657,-3.3003,0.2746,3.6205,-0.3403,3.9499,3.9448,-3.5538,2.4149,0.9836,3.933,0.8382,2.0201,6.9594,1.5238,6.4374,-5.3835,-4.5887,9.1247,-3.1112,4.0312,-7.1761,3.5309,0.1761,-9.5887,-9.0508,-0.5842,-1.8976,-8.6366,5.987,-2.4331,-8.2732,2.3544,1.9146,7.0332,6.73,-6.1008,-2.6527,-2.9997,7.6441,2.2338,2.4681,7.7188,-6.3943,-3.7509,-0.3563,-4.5639,-5.9248,-6.426,4.1659,-0.8636,4.0921,-8.7299,5.5185,9.5341,7.1691,0.378,-7.8247,-7.8674,2.1392,1.5739,3.1027,3.0803,2.2121,-8.3081,-4.884,6.7491,-1.1016,4.867,1.647,-2.3089,5.2906,-3.461,5.2487,6.4266,3.4867,-8.7961,2.789,3.086,1.9986,4.4634,2.5621,5.8873,5.2854,-2.5395,9.2864,-6.1085,4.7149,4.4679,3.6837,-2.029,6.7911,-3.2638,5.5644,-6.267,0.73,0.5512,-4.2974,1.9756,8.6977,3.9266,-6.0905,-5.771,3.4912,-3.2106,4.7941,-0.385,1.2145,-9.6809,8.2243,-5.4552,-5.0389,1.4186,-2.2065,-6.9225,7.7517,-0.0092,-3.7115,7.9328,-3.1649,8.9057,3.4499,3.7275,-2.9665,-0.6752,-2.3754,9.8305,-0.3351,-7.9007,1.4763,-5.8098,5.3942,8.7238,9.0004,-3.5592,0.6614,6.7109,3.7581
-4.4123,-8.7825,3.1083,-4.6778,0.3783,9.8733,8.7486,4.9765,-4.8004,-9.6024,7.4393,3.5946,-8.9035,-8.7627,3.9173,0.0541,4.9346,-8.8389,6.9733,7.1419,9.1534,2.8202,6.4602,-2.5086,8.1878,2.1707,-9.3284,-3.1465,8.6964,-3.9043,8.8273,-2.807,-4.5454,7.7122,6.3444,2.3358,4.2619,-8.5333,0.6472,4.709,-3.4332,-7.2339,6.0154,-4.7643,3.7101,-5.7875,5.0217,-5.3818,-6.2874,-1.1255,-6.7154,-6.3077,-3.3386,2.6358,-6.6479,-0.1186,4.6106,-6.097,3.9718,4.1318,-6.0599,-5.275,9.575,-0.8442,-2.9329,7.4096,-3.1455,2.3942,-5.6121,-8.1419,0.7681,8.7025,-4.0352,4.8167,-3.51,-2.9867,7.6234,5.921,-1.6517,-8.3845,3.8141,-5.3908,1.1387,-6.4662,1.6417,5.3966,-9.4153,-2.52,4.225,3.1955,6.1522,9.7816,-2.9798,6.9002,1.8853,8.089,-9.0596,9.5568,-8.8428,-1.5031,5.8775,-7.302,8.8443,3.6452,-8.101,6.06,7.1882,4.2928,9.3046,4.3084,-7.9055,8.8339,8.6318,-6.9513,-0.8232,-5.42,-6.9124,-1.9594,2.6931,8.2784,0.1004,4.4332,7.881,-0.6789,1.6214,-5.7585,-7.3387,-3.0309,-6.9798,9.0957,-3.6743,-0.2092,-3.1973,5.1578,-6.5451,-6.1271,1.3806,-6.4255,3.7628,5.3243,-2.8835,-2.7522,-9.9864,9.9153,-9.0177,3.0185,-5.1092,-8.6162,8.2512,2.0312,-6.0243,-2.2499,9.6484,9.9574,4.4466,2.2613,-5.2857,4.0874,-3.4474,-2.7278,-5.6304,0.3062,3.0666,4.145,-1.2874,-4.9835,-9.025,-2.5054,-4.999,-6.3939,-5.0497,-5.2004,4.8373,-2.3357,-8.365,-8.1341,-2.7935,-0.6758,6.7923,-0.3172,0.8619,4.6122,8.394,2.3956,-9.2372,-8.9229,-0.6726,5.7372,-7.507,4.6957,-3.3713,1.6591,1.8031,0.7792,4.3455,2.4797,-3.5741,6.6367,8.3866,8.296
3.1803,5.0394,-6.1886,-2.2768,4.6737,-8.0078,1.4349,-7.9018,5.1692,5.9895,4.7669,9.0158,-9.8008,-0.9557,1.7163,8.4021,2.764,6.0744,2.878,-3.769,-3.5792,-3.9467,1.7871,3.4261,-7.3405,6.4008,-6.5284,-0.568,2.5217,-5.7654,6.9621,1.7918,8.9026,-8.6869,6.0489,-9.0942,4.9912,7.7686,3.8827,-1.1766,7.8497,-3.7669,-9.4252,5.5393,2.2891,-7.8318,0.3098,-8.8619,-1.0378,3.5259,-6.3622,-7.9187,-0.5666,-0.8397,-6.3941,-7.3719,7.7746,-9.1206,-7.131,1.0957,-0.4418,-4.3412,-1.7083,-1.8225,-7.5222,-0.4689,-7.1478,1.4466,7.7004,-8.2406,-0.1459,8.623,-0.6602,4.2219,-6.4905,9.6226,3.4193,-0.5519,-0.4159,-3.8751,3.2149,2.2346,8.6901,1.6735,3.426,-3.5692,-7.6368,4.0873,-3.5351,4.2669,1.3133,-4.2763,-3.308,-9.5971,8.3497,-6.0216,-2.6549,6.4832,-6.9573,-6.6189,7.0659,-3.682,0.5208,3.8553,-6.1646,-4.195,2.7638,-6.4855,4.125,4.7173,5.4875,-3.3531,2.0612,-7.5052,3.2803,-8.1785,3.7548,9.6947,-3.5289,-4.4487,8.7062,9.6689,6.4942,3.4097,9.2318,7.0957,-0.5395,-9.7155,6.1236,-8.3995,8.89,-5.5227,-1.2272,-3.4371,-1.0432,6.0918,-6.1963,-6.0371,-4.7171,7.6692,-3.145,2.4429,-3.965,-9.3075,-7.3708,-9.8736,-6.0494,3.3757,-9.6791,-6.6558,5.522,-3.5791,-9.6973,-9.5925,0.2707,-6.5655,-1.3309,1.5093,-8.9728,0.8358,-0.36,6.7982,6.391,-2.1418,-9.8847,-6.4467,-8.5824,-0.3961,3.751,9.3094,1.8044,-9.0648,8.4057,5.2271,-0.0047,1.9551,-8.7634,7.0551,2.3722,-1.6749,-1.6612,-3.7131,0.7174,-9.372,6.7272,-6.2847,9.0973,-5.8056,-7.3671,0.1598,-8.6275,1.6629,2.2555,6.5643,6.9751,9.2758,3.619,-1.9063,-7.8728,3.4652
1.3415,8.5638,6.162,-1.4076,5.4664,6.9974,6.4847,6.2084,3.6506,9.3142,0.669,9.5876,-8.058,3.1203,-1.1083,-6.4416,-0.9509,5.8524,2.2346,0.5946,9.9741,-2.8533,-7.5485,8.5588,-5.416,-2.1183,2.2671,-2.3906,-5.0528,4.2055,-5.1973,-6.2224,-1.8171,4.5579,-0.2506,8.9873,-0.4876,0.4928,-1.091,2.3015,3.5699,-2.1177,7.4883,-2.2081,0.6392,-3.425,-1.6675,9.9584,-6.9854,2.4145,0.3323,6.9081,-2.8122,-6.4559,1.8401,-0.7864,-7.8263,2.0197,-7.9014,2.1331,2.352,1.535,-9.4786,-2.939,-8.6761,1.2777,-3.4653,3.5377,8.0139,8.3061,-0.7178,-2.68,-2.3596,2.6553,4.0145,1.5781,7.3377,-5.9118,0.2316,-1.2299,7.3735,2.4496,4.973,-1.0788,5.2156,9.3267,-5.4463,1.3414,-7.284,-1.2223,-6.7936,7.2157,9.6942,4.8653,3.6383,-1.8514,-7.1085,2.6362,2.0018,-5.3157,0.0917,6.0513,8.7674,-9.1152,-8.0312,-3.9338,4.9031,2.3562,-9.9989,0.1572,7.3635,7.4864,-6.3399,-0.8241,-5.8551,-7.5337,5.2457,-4.7871,-9.2274,-7.5977,1.7367,5.9106,-8.2333,-3.9622,7.6402,9.8235,3.284,6.8754,5.3381,-2.4554,1.0076,-2.5706,-8.1131,3.6022,-1.7016,-4.1584,5.1895,2.967,-9.8379,-9.3604,-1.1923,1.6984,2.2454,4.6803,-9.0946,9.8771,6.8033,7.5621,-2.4707,-5.8311,-3.2867,0.5643,-7.2896,-9.2487,0.7151,0.8632,-1.0658,-7.0237,3.9328,8.7556,-5.9022,5.8166,-4.3895,-9.3961,1.7811,4.6157,-5.5052,7.1133,9.899,-0.9941,1.4072,-7.6056,-6.0695,-3.2553,-1.3122,3.9785,8.9761,1.6257,-8.7174,-0.1958,-9.4776,9.987,3.0598,-2.7137,-6.9699,-0.5374,6.4565,-1.9852,-0.059,-2.2044,4.5687,-1.1119,2.9257,-4.1689,-4.6912,6.0433,8.2909,0.6194,-8.6415,6.3703
9.6489,-6.6096,-6.6609,4.5797,5.9484,6.4606,-7.3226,-8.8154,-8.707,-3.0116,9.3447,5.9785,-7.3641,7.9159,1.2237,7.8668,-2.397,-3.8242,-4.8953,-6.8328,1.42,8.733,-5.395,-4.8748,-6.976,1.0405,0.6568,6.123,-1.8769,0.947,1.8331,1.8399,0.2791,8.5545,-0.1217,7.4049,9.2332,-9.7089,9.5906,2.6315,8.7072,4.0142,-5.0272,-2.2962,-9.9769,0.1262,-9.881,0.8874,8.5657,5.4354,5.9981,3.6096,-4.8539,-5.6766,3.1515,-9.1225,9.0179,2.4453,0.4588,3.372,-9.3273,0.5683,-8.7082,1.8721,-2.1772,-5.74,-1.4853,-1.8768,-9.8772,-0.8899,8.6642,4.5479,2.6891,1.2094,-9.8529,-7.004,-3.257,0.0638,-4.8681,0.2869,0.965,-2.7413,2.3083,-1.9309,-6.4307,2.7715,1.5435,-5.416,9.4651,-1.6988,3.0895,-5.7479,-7.2592,1.5422,8.1208,-2.9584,-8.3953,-0.7961,-1.8123,-4.703,9.3847,3.3729,7.0057,3.7347,4.9273,-4.3205,-0.0741,-9.2402,-5.0363,3.9122,4.2206,6.9657,3.1129,-3.5353,9.9973,5.0371,-7.7355,3.5424,0.9267,4.569,-5.384,-4.9886,4.4046,5.9771,-4.9285,-1.3893,-9.4101,-4.8549,5.6071,7.4435,-6.2767,-6.0481,-8.2403,-5.5374,7.4205,5.7132,-6.4463,1.5844,5.5611,-3.4363,-6.1595,-6.638,4.134,-0.9707,3.2265,8.5708,-2.5087,-7.6789,5.9438,-7.0832,-8.7213,-9.411,6.4229,-3.1554,6.9412,-0.619,1.7656,-5.9823,-0.6012,1.5238,-1.3229,-6.9221,0.3481,-3.3799,-0.7406,1.3617,5.4275,-6.0988,-5.5458,8.082,4.3429,-8.8005,1.7191,4.5449,-3.8387,-6.906,7.4341,-4.5024,5.1478,1.6247,1.5231,6.9054,-1.5381,-9.2093,-7.2578,8.1772,4.5294,4.8945,-4.4712,-9.0509,-2.803,-0.9012,-3.9725,5.2284,-2.249,1.1669,7.0009,-2.6687,-9.4655,-1.0833
1.5085,6.6789,6.2668,6.9885,5.547,1.8367,5.2737,-3.8569,-1.5503,2.5359,9.6239,-9.4737,0.3993,4.791,-9.0772,5.6486,-0.0938,2.5553,2.6972,-8.939,-6.613,-4.778,-2.7015,-8.1632,-8.7243,-1.3974,-9.345,6.2092,-0.7019,3.4336,9.8891,-2.0339,-3.2713,7.8778,0.8493,5.099,4.4679,-0.3054,5.5946,0.276,-4.2086,8.4682,7.794,9.7302,-8.5881,-0.1112,-8.1949,-5.1056,0.2386,-0.658,-2.8537,8.8135,3.6676,-3.5414,8.2318,6.3045,9.6516,-3.9173,-6.5262,-4.9588,1.9984,-2.0272,-2.306,-5.4439,2.0069,1.6484,-9.1058,5.1966,-0.7683,-5.1858,-4.3663,5.0904,6.8322,0.4865,6.6276,7.6209,0.1693,5.9073,3.401,-1.9103,0.8639,-6.7506,2.186,4.8217,0.6706,0.3255,5.7215,-7.4489,3.3856,-7.2897,-4.5921,-0.2024,-0.8046,-4.0952,-8.7348,-6.2431,-2.7212,-9.4604,-8.7565,-6.7023,-5.6779,-1.8836,-9.5165,3.1975,-8.1812,-1.4297,2.8325,2.8803,9.289,-1.347,8.4548,7.1922,8.5735,6.1685,2.1436,7.1382,9.1896,5.8673,-5.4566,7.9419,8.8256,-7.8027,3.6507,-8.5008,9.772,8.2898,-4.6839,-2.9666,0.872,3.6888,9.8092,5.0412,-3.5631,-3.2175,-6.8273,6.3592,-9.3271,-7.1581,-9.6246,0.7812,-7.1168,1.2248,-1.8188,4.1593,0.7656,-4.8187,0.9094,3.1366,3.0624,2.6198,7.0634,8.5119,6.2418,-0.7945,-6.9661,5.9357,3.6169,-9.5932,-1.6002,-7.8888,8.0098,7.2976,7.5971,6.8203,8.2967,-6.5653,8.6226,9.7563,7.431,-9.1586,0.1798,-3.6934,-4.9283,4.8434,-2.9543,-4.3914,-3.9519,7.3136,-8.749,-0.9875,-1.5094,7.4029,1.5969,2.0585,-9.6978,-9.2309,-4.8732,-3.3912,4.0756,-9.336,1.3442,6.7367,0.0276,2.2269,3.0406,6.5943,-2.6343,9.1936,-3.5098,-8.9178
3.3951,8.2214,-1.1115,1.4105,9.4632,-8.3134,5.2238,7.9549,7.0438,-6.9774,2.7953,0.5483,-7.3764,1.3147,2.5331,7.9737,-4.188,3.9781,-9.0959,6.479,4.8923,-9.1278,6.024,4.1335,6.317,2.4788,-0.03,3.1648,-3.827,-4.4687,-0.3421,5.9266,9.1144,9.5984,5.7691,0.3674,-6.0752,6.3367,3.8041,-5.0067,2.0159,2.8257,9.9983,-7.6677,-3.5556,-7.318,4.8286,-6.8801,3.1012,0.3457,7.3573,-2.5322,2.5063,9.4802,2.1056,-0.4848,2.2424,-4.6176,-7.991,-3.6573,-3.7161,-8.2524,4.1674,-9.7899,0.997,-3.655,-0.9407,0.2789,-7.0438,6.5903,-7.3548,-3.9218,2.27,3.5075,-3.4739,-2.3354,-8.8434,2.8503,4.0391,-9.2542,3.5844,9.7133,-0.5789,2.2031,6.7986,0.9591,-3.6047,-8.5448,-3.5108,-1.8727,-3.8276,8.997,-4.6688,9.4241,9.9241,4.2573,1.5316,9.9604,2.872,-1.0111,-4.9104,0.4034,3.9236,-6.9544,0.1351,-8.0023,-1.5408,-4.2946,-4.6975,-9.1854,-6.6172,0.4454,2.0508,2.6434,-5.3667,-1.1322,4.0458,3.3001,3.7275,3.9,3.8081,3.3103,6.778,9.6337,2.7852,8.5289,-7.7892,-4.1411,8.1657,-6.1803,9.8308,-3.6022,-9.1307,1.9767,6.9729,-7.3865,-3.0073,-2.4852,-4.7083,3.6533,-3.3897,9.2597,0.8542,2.9418,-3.6803,8.5393,1.0308,-1.1226,-3.7117,-2.0392,-5.125,4.7082,-9.6136,-4.7802,9.3697,0.4299,1.7399,-4.3796,-6.3771,-6.6937,4.7826,3.1681,-1.1569,-2.0497,3.5235,2.8313,-1.5869,1.2039,5.0823,4.5394,-3.1808,2.6456,-5.2759,7.7305,-6.652,-8.7696,3.9294,-0.4099,1.1537,7.4585,-1.1504,1.9353,-0.8689,-0.1854,-8.4059,1.3251,9.547,3.4083,-0.5992,-9.9397,2.8189,-5.1382,-9.9452,6.4476,-2.1764,2.5361,-6.1961,5.5566,-0.6431,3.7859
-2.8941,4.9113,-2.3536,-1.7514,0.8579,1.7507,1.5975,-7.3396,3.4256,0.0443,7.9924,6.533,1.31,4.3066,-2.1831,-6.5758,9.6628,-5.4812,7.1614,-2.8683,-0.1616,-0.2428,-8.5517,1.3232,0.1151,8.058,-7.4099,-5.1462,4.8679,5.3609,2.3326,-5.9127,-8.2082,5.9144,-1.8668,-7.3702,5.9221,-4.4514,-9.7458,5.49,-1.0068,3.1458,8.2373,6.6972,6.8669,-1.1012,-2.0189,3.8326,2.141,8.7028,1.0763,-4.8423,7.9707,-6.6537,9.2011,6.6493,-5.2437,-4.1569,-4.7038,5.9434,-1.9793,-2.0417,6.661,3.5607,3.7772,3.0438,-7.9674,7.7309,-7.5908,5.5463,-8.0769,1.1341,-9.454,-7.384,0.8709,-9.6843,5.7453,-3.9822,1.1064,-3.1909,-1.071,-6.9185,-1.2473,-2.9396,3.3863,-6.2131,4.9579,-6.9428,-6.8996,-9.6516,-8.9207,8.7802,-2.2342,4.1054,-4.6418,5.0053,-8.0763,-7.3595,3.0307,6.4934,-8.835,-9.4963,-8.6595,-0.2091,-2.1623,-5.749,-8.2545,-8.9333,0.1595,8.4464,4.6954,-5.1221,8.9676,-1.2168,1.0346,3.4761,5.4289,-1.3979,3.7133,4.5259,2.5597,-1.6696,5.2181,1.47,-6.0222,-5.8705,-9.8578,8.2462,-2.3232,1.4087,2.9994,5.8208,5.5151,3.474,-3.8222,9.4212,-8.884,0.9475,9.2465,-7.9069,6.4634,9.2572,-1.7772,2.1379,-3.4457,-8.8127,3.4417,8.5807,9.412,9.8551,-4.8939,5.8781,-3.6762,-2.7141,-4.833,-5.3383,0.2005,-9.3984,-1.3993,-2.8653,2.7538,7.6213,-3.8962,-4.3846,-9.5706,8.293,7.5912,7.3604,7.2857,4.96,6.8261,4.7721,-8.926,8.9295,4.4326,7.922,2.0801,-9.6514,-7.9352,7.6488,-3.7249,-7.3666,8.5068,3.5228,1.9655,-4.119,4.1759,-7.2552,8.7601,3.9153,-3.7764,5.558,8.6066,7.8204,3.8727,-7.4217,9.9243,-1.7528,4.0599,-7.8568
-9.9867,0.0243,-3.9934,9.9598,8.9827,2.3559,7.0202,8.4365,6.4421,7.8375,3.2884,2.5856,-4.254,3.8318,-2.0568,-4.7476,-0.1778,-7.1479,0.1932,-0.5866,1.8331,-2.7149,9.4835,-7.3903,1.0985,3.8777,2.5821,4.5631,-1.261,4.9741,2.0444,-0.3187,-9.5012,-3.7833,-6.4511,-0.6796,-0.1189,-9.1821,2.7044,0.8352,6.3007,6.1115,1.0616,-5.9015,7.8034,-8.5158,0.5026,1.6473,4.374,-2.3537,7.702,1.1355,-5.9978,-5.2101,-2.9007,-5.2793,-5.0901,7.1968,3.9466,4.656,-7.8031,4.723,-6.0907,-3.1165,5.2403,7.777,-2.9104,0.056,5.1273,9.9138,3.8055,-0.3209,6.5714,5.9751,-5.1841,-8.4868,9.4048,4.1033,3.8123,-3.3692,5.8904,9.6235,-4.406,3.0304,8.9457,6.5169,-8.8911,-4.6768,-3.3879,8.5048,9.9686,-5.3792,-9.6933,-8.3379,-3.023,6.2546,-1.929,-1.893,-7.8488,-2.9741,9.3537,-9.8622,0.3304,1.2568,-8.6203,-5.6191,0.0282,1.3081,0.1442,8.3516,2.8814,3.3889,-9.8653,8.8842,8.263,4.8619,7.8104,-1.7965,-0.4389,9.7435,7.5585,-3.8781,-2.0615,-7.1506,4.0122,-3.3995,-0.81,-4.9068,-3.7724,6.9239,-2.7371,1.1172,7.0765,7.555,6.1001,-8.5723,-7.5368,5.8962,5.6877,-9.1857,-8.6291,-6.1857,6.1018,-1.8177,0.8184,7.5013,-3.5422,3.5175,-9.5485,1.6207,-6.6234,7.9481,-9.6018,-7.9511,9.1359,-8.9843,9.7217,8.8305,0.4473,9.9304,2.6433,-2.0354,-6.1038,-3.0717,-0.1683,-8.9599,-6.6783,-1.526,-2.3554,6.6086,-2.211,-0.9121,6.8818,-6.5484,7.8653,8.8717,8.6205,-7.9686,-4.7908,-5.4164,-5.6687,9.5777,0.978,-7.18,-7.0514,4.1404,-7.8821,-1.7794,0.6121,5.9702,8.5365,9.2216,6.7457,-7.3116,1.4022,7.4906,-6.4016,-4.459,6.3752,-6.3103
9.8062,-8.2458,5.9569,2.0387,3.7464,4.1137,5.5186,-1.4993,-7.5893,2.8417,8.0255,-7.1299,-0.8849,-9.4333,-8.0271,1.0313,3.0921,-4.5411,-8.7175,-0.2282,-4.6716,-5.6683,4.5085,-9.0925,-3.5765,9.2714,-5.3428,7.9534,-1.5823,9.3452,8.5838,2.1708,4.6938,2.8946,-1.5786,-4.5722,1.5462,-7.5234,0.4852,-7.6953,9.6477,-5.659,-2.4322,7.276,8.4647,5.2016,3.6751,-7.2078,-8.3642,-6.7824,5.1005,9.07,-4.7499,-0.466,0.1394,5.0145,5.5335,9.3418,4.8591,-8.2756,-5.5049,-4.3079,-5.1911,7.7974,0.6711,-8.8239,3.3028,7.4207,7.7392,9.3511,1.7633,4.5743,7.9547,8.4569,-7.1318,7.2383,-6.0977,2.5854,-7.2065,9.7566,-7.0086,4.9646,-7.1992,-0.6779,3.9947,9.5213,0.2245,-6.1013,3.2436,6.4491,-6.5294,9.4156,6.9423,8.8429,3.5854,9.9842,6.4764,4.8754,-6.5821,-3.3288,1.3162,-0.0736,6.6154,2.986,-0.4852,2.7666,4.6625,-5.0447,2.9043,0.8964,-6.4268,3.7302,5.6049,7.7902,2.7251,9.9388,-6.0368,2.8333,-8.9747,-2.5541,3.8648,-4.7853,-7.5397,-7.8447,1.5147,5.1673,6.6809,-8.1036,-8.3681,6.5958,-9.4887,-6.7341,7.8283,9.2329,1.4124,5.6451,-6.6959,8.3681,0.0385,-8.0783,-6.866,-6.149,3.211,3.0819,9.8277,2.0172,-7.5258,9.9115,-4.8791,-0.3631,5.3601,-3.5017,2.4329,-8.3088,3.2426,-9.2717,-7.6874,3.7446,2.6709,-0.7182,-4.7391,-0.7562,-7.9238,-9.4945,-3.2239,1.2044,-5.6863,7.1767,4.3755,0.0234,2.3459,-9.8731,6.8812,7.3486,-1.665,8.6758,6.0937,8.8064,-3.6198,-3.8805,-0.3175,3.2563,6.9623,-3.9884,7.6537,-2.6345,1.1796,-1.1133,1.6728,-3.8965,-3.8882,3.9653,1.1589,3.3284,-5.5991,3.5514,6.3205,-4.5063,0.6046,9.7762
