2.1304,7.6824,-9.6255,6.8296,2.6914,3.9284,2.7438,-1.6526,-1.1698,-8.4127,-7.2681,6.2171,3.9399,-5.62,0.5093,-2.3202,-6.4351,6.9137,-4.2108,8.6568,8.8582,1.6379,-6.1589,8.2189,-7.6205,0.67,0.9558,-8.6717,8.4051,4.8121,-6.1937,4.3777,-0.3553,-4.1757,-4.6235,-7.6706,-3.1214,8.8879,7.6418,7.3129,-6.6709,6.2974,-4.2557,4.0849,0.2107,4.9596,2.0241,5.4901,6.7482,4.3233,-6.3279,-2.7595,-7.5165,-6.3214,3.0012,-4.6025,-6.2046,5.8959,-7.7305,-4.2331,-5.3867,9.4999,1.2872,-7.6225,-3.4584,-0.6918,9.8599,2.6642,-6.8345,-2.3618,-3.8998,0.2339,4.9205,-5.1432,2.8909,2.9731,-1.5249,8.0276,-2.2213,-5.8586,3.5751,9.4092,-6.473,0.6794,-7.5222,5.3686,6.4048,6.8137,-5.3603,0.2468,-6.6504,8.0896,9.5269,-4.8161,-8.7673,8.2571,-6.1572,-0.103,8.1815,4.48,2.9721,4.4487,5.2746,-8.8057,6.0126,7.5236,7.6059,7.9603,-3.4785,5.9844,7.0942,-4.3794,-3.4892,-5.6365,7.2164,-5.9789,6.5604,0.7531,-0.1086,-1.6692,-3.7911,-4.2277,1.5766,-3.4387,-9.3841,3.6827,9.6236,-2.5999,3.0844,0.639,-4.288,8.1104,1.5907,2.8963,-4.9601,-1.8187,8.1427,-2.1379,-2.6075,3.0199,1.6181,1.2503,4.2612,-4.8924,7.7497,0.0629,-2.4159,7.7933,5.2877,1.3054,5.215,3.0342,-2.3588,-8.3514,3.2341,-6.6043,-7.7853,-3.4151,2.4994,-5.3096,-7.4761,1.1506,6.571,-2.0806,-3.936,-1.2024,-6.37,-0.1564,2.1014,8.843,1.2892,-9.9713,-2.6923,1.8732,0.0152,2.1657,5.3225,7.9355,-3.1879,-6.9388,-9.9759,-2.3821,-3.4545,-7.8991,2.3328,-6.3106,1.1305,3.4047,3.1075,1.3835,8.2004,-7.6942,-1.5587,5.067,4.6892,4.6692,5.031,7.9963,4.1863,6.8432
-4.4088,3.4952,-4.4376,3.5538,-7.2736,-3.961,-4.7813,0.2146,-0.6633,-4.0428,-4.6055,-9.818,4.082,-6.2565,3.1388,3.0593,-3.2048,6.2218,9.8404,-0.0271,7.4579,3.5245,3.1739,-5.8787,6.2175,4.0957,-5.9078,0.8096,0.3253,4.2164,6.938,1.0577,-7.7011,8.9938,-9.2468,-3.9039,-0.4708,5.8321,-0.544,-4.0477,5.722,-6.5111,-3.8755,-4.5811,-6.3054,-3.4793,4.1126,-2.1564,-3.7847,-7.9281,4.6249,-6.3052,-3.9699,2.7399,9.0185,2.4375,-2.8041,3.1585,-6.7358,5.7295,-0.0382,-4.9579,-1.7258,-5.8412,3.0085,9.2271,-1.8192,5.6842,-5.9531,-4.4009,-9.0221,5.3293,2.7086,-7.1362,-2.5372,1.449,4.0759,-3.491,7.7544,-4.2686,-8.0004,-5.1271,2.2337,-3.3207,1.3055,-3.3333,1.4095,1.8252,9.1961,-3.4486,-5.8633,-7.216,6.8033,3.3289,-2.0558,3.1713,-9.0735,4.803,5.1251,5.5143,6.5749,-4.2273,-4.8343,-7.4501,-0.8744,-5.2368,-6.8401,-9.0912,-3.2025,6.4671,-5.7946,-8.5185,8.5051,6.6126,-4.223,-5.2299,8.9859,6.6285,-1.4386,-3.3078,-0.313,-9.2409,-4.7214,-8.9503,4.8597,7.1748,-7.7564,-0.1849,7.7638,3.6048,-6.528,-2.4259,-4.8261,4.749,8.2857,4.2751,-4.1771,-1.9964,7.4101,-0.808,6.1134,0.973,-1.9539,-5.1937,0.2567,-2.1959,9.9715,-8.4408,-1.2264,-5.5989,3.6392,2.1079,5.2438,9.5655,0.1847,6.312,-7.9879,4.4406,4.0733,-0.4115,0.152,-0.6253,0.7539,-7.4078,9.3429,6.3042,-3.1642,5.2949,7.5684,4.5481,8.1435,4.3123,-1.895,-3.7087,0.3093,-1.207,2.7088,2.0378,8.3832,-8.0942,8.7806,-5.1369,7.7242,9.089,6.5803,-8.5928,-2.3431,-6.0147,-0.8262,-4.788,-5.5853,-7.7255,4.5665,8.3409,6.8824,1.0884,6.1318,5.8385,-6.4601,-4.3828
-2.6584,-9.9009,-2.679,1.3964,-4.8903,0.7919,-9.1532,-6.0741,-1.424,5.6878,-5.9825,8.4313,-4.1127,-8.0697,-4.3465,1.5056,-2.1773,2.1201,3.6128,2.3275,-8.9309,-9.4153,-7.0806,-6.055,-7.3298,7.4498,-4.5382,-6.3173,-8.8188,0.9973,-8.6086,5.6213,-7.9274,9.5069,9.3402,7.4828,3.3404,3.5171,-8.5992,-0.7152,-3.5156,3.8925,-5.8478,1.9674,-5.4295,4.681,-4.3281,6.6694,7.5644,-1.365,9.6049,5.5198,9.6509,-8.1585,-1.7189,0.2744,-0.1953,-9.1145,6.3673,0.506,4.1525,7.253,-8.7586,-1.7731,-0.7569,-1.7812,1.5571,0.5486,-5.6405,2.4998,4.8474,-5.4996,7.0201,-9.3461,-0.3637,-7.4874,4.0751,-8.7532,9.3684,2.12,6.9328,2.8712,-8.2987,-5.081,3.8801,-0.9626,0.6771,9.3055,-7.0777,-4.0367,9.4892,6.7342,2.8521,7.7919,-6.2654,-6.3883,-9.209,8.8328,-2.1646,1.6682,-4.7574,2.2087,-9.4811,-5.8121,9.2859,-9.6174,9.1754,-0.9683,2.2524,9.9273,-0.2367,8.6263,6.0773,-1.9055,8.0978,-9.5466,7.3653,-6.4682,8.0137,2.1577,-9.0289,-7.7297,4.8808,1.1036,-5.3389,-5.2242,8.8946,-8.4836,-1.6777,6.3622,-9.2552,7.3261,-7.1134,2.8554,-9.5029,1.8837,2.5131,8.8029,8.1733,6.8885,-1.1032,8.1253,7.3722,4.394,-0.3511,-1.0873,-7.4713,-8.1164,3.0617,-8.4769,3.6844,-8.4012,4.3498,-7.1259,-5.9037,4.2306,-1.6824,4.3784,-9.1877,6.9136,7.2251,-1.6376,1.3374,-4.0237,8.3396,2.7281,0.0134,-0.9552,3.7091,-1.1688,9.9937,-0.5306,7.497,-9.5035,3.8728,-8.3958,-9.4781,-8.3305,4.6209,1.442,-1.0952,8.845,3.5485,6.8641,2.737,9.8693,-8.8187,-1.6923,-6.9492,9.4152,-0.2618,-2.9249,-7.3498,-7.3758,-1.2147,-9.7864,4.5348,3.9971,5.1253,2.0009
-5.5057,-7.1092,3.5802,-4.3772,3.1477,9.2724,5.1544,7.4412,3.1548,5.5489,6.0383,2.6751,-6.2301,9.6613,-0.7537,2.0067,9.7016,4.83,-0.2294,-1.4713,8.0313,3.8284,-2.5074,3.8349,8.2212,4.2883,-2.3154,5.7912,0.1518,-4.1524,0.1464,1.5681,-9.6764,5.1987,-5.9007,9.0492,2.5658,6.9784,-0.0284,-7.8485,2.3936,-5.8468,7.1536,6.9204,5.9174,3.6341,3.8239,-3.9566,-9.4202,-8.6605,-4.9038,-3.0034,4.3782,-6.8499,7.427,-7.65,-5.4462,-7.8836,-4.6408,2.8858,-1.4932,4.7717,4.6609,-5.6588,2.9989,8.7033,2.8954,6.8813,-5.4879,-0.3344,7.2766,3.8001,-6.0399,-5.8052,-6.4289,6.8693,-3.0559,1.7006,0.2172,6.4253,-6.4435,9.534,-5.6081,-4.9974,-0.9701,-6.22,-1.9408,-6.6379,3.3321,-4.6129,0.7562,6.8726,-0.9001,9.8064,1.9748,-8.6972,7.0788,3.1868,0.0808,0.1111,-3.2214,-1.9359,1.2336,-7.1156,9.3691,-5.7261,6.8031,7.1289,1.8854,-8.0752,-5.3729,0.6928,-8.6054,-7.2343,-4.1047,6.2046,6.1625,8.4233,1.0447,-8.3727,5.9521,2.4044,9.917,-0.3332,-6.0514,3.4542,7.9006,8.5931,2.0186,-0.2424,5.7206,9.8626,-3.1785,-8.6023,9.3354,3.8357,3.1099,-7.0567,1.9505,-7.5181,4.6725,2.1249,-6.2963,6.9815,9.5172,-8.2103,-2.408,-2.8834,-0.3715,0.3088,-4.7602,-0.8842,-1.7168,6.8618,2.432,1.4631,7.7565,-3.2054,-1.1651,-1.8584,-3.3341,1.6895,-9.5037,8.9165,-8.2293,-3.9621,-5.9519,-9.9092,-1.5338,8.8672,2.1649,4.5636,-4.9625,7.3789,-5.4742,-6.3035,-3.001,-3.4841,-9.0332,2.3844,-0.6106,-5.7784,-0.912,-8.3353,-4.0639,-2.2791,-9.6077,-7.0485,2.8872,-7.5579,9.2747,-3.5352,0.2278,-7.3349,5.26,1.8848,-5.5115,4.3868,-5.7183,-5.6204
-4.4255,3.3526,1.1898,-1.5487,-3.9351,-2.7287,0.0323,2.1998,2.2399,5.1381,5.6688,6.7184,-0.7205,-1.7263,-5.7395,-4.7988,-3.2011,3.3104,-7.6397,-1.4538,-4.1736,3.2492,-5.3602,0.5042,4.7977,6.9082,8.6772,4.2217,9.4396,1.6499,6.5143,6.5042,-0.706,-8.5561,6.3797,8.45,-0.6557,-3.2958,3.9739,-3.368,4.091,-7.9331,2.799,1.9954,-1.1286,-9.7942,8.8519,-5.2855,4.6533,7.8355,1.6234,-9.5968,5.149,-3.6874,-7.0266,-7.4222,-6.4405,-9.6577,7.8011,-8.5861,0.4608,-5.3304,4.7071,-1.1827,4.2829,3.9123,-0.0724,-1.9575,8.5228,1.6754,-9.9631,3.1966,0.8503,9.5467,-8.1848,0.2141,-9.0405,-4.082,-9.6394,-3.7423,-9.8011,-8.8514,4.1673,0.4311,8.8923,2.9989,-2.4368,-0.6119,-5.0197,7.5583,-1.4821,7.6979,1.7762,-4.8903,-2.2066,-2.26,-5.0562,0.3077,1.6903,-4.1384,-1.7546,-5.8002,-2.0426,-9.3822,4.8669,-2.6489,7.3676,5.1848,-4.5153,-4.806,-2.4147,-3.9828,7.5207,-5.8642,9.0928,9.2258,3.6485,3.7711,4.9477,7.6406,-1.5738,-1.2337,2.8422,-2.853,4.2459,1.5838,1.7071,-6.6178,-7.4081,2.5546,2.9246,5.5339,-3.8431,-4.2964,0.92,-9.7327,-5.1322,8.7557,5.6044,-2.89,8.317,8.6047,-9.7629,-9.2688,8.4514,4.4267,0.2014,-7.2394,-9.2158,2.0973,-1.3336,4.1274,5.8271,3.1899,0.8091,7.9036,2.4083,6.5995,-0.7215,4.8116,9.3958,7.1527,9.8213,3.0402,-2.4552,-1.8227,-7.9177,2.0749,6.625,2.3378,4.8389,-7.7066,4.215,9.2307,1.5172,0.767,4.1449,-9.3592,1.9712,6.442,5.7188,-9.7217,7.0612,-5.9307,-8.7492,5.2417,1.741,9.292,-3.3725,-7.6648,-7.7984,-0.7044,8.901,9.0175,-0.8729,-4.0785,-4.6812,-6.7265,-5.0502,-2.6342
3.229,-9.8756,6.5153,4.6889,-3.8889,4.6014,-2.2302,-8.9093,-2.5227,4.2586,-0.4039,5.1114,-8.7587,1.1224,-9.9375,-3.9645,6.3082,-3.9783,-3.2906,7.7864,8.8107,-2.5401,5.5522,4.4088,-1.0276,0.1138,7.839,-2.9549,7.8785,-8.0826,-8.4772,8.5363,2.0267,7.1556,0.3423,3.3942,3.8221,5.6623,-6.1226,9.1749,3.1031,1.3765,-9.4721,-3.4453,9.6829,-7.4109,7.8493,3.5336,-1.2846,-1.1603,-3.732,-4.0206,-5.6499,4.7852,-1.6775,-9.865,-7.9246,-3.2731,-9.7973,7.2486,-4.7547,-9.2431,-2.3575,-5.2282,6.1509,-2.5058,-2.6464,-4.1023,-5.9406,1.3942,8.478,6.5995,6.0461,-8.2128,3.4076,-1.0881,1.0833,-3.855,3.2726,-2.5162,-1.4815,8.3112,2.1172,-7.1099,5.515,-1.9942,7.6875,4.1735,9.9199,-5.6269,-4.4918,1.8967,-0.5021,-0.6452,-6.4821,9.2935,2.8729,-5.4944,-1.0883,1.0623,-7.9665,4.103,3.1337,4.2916,3.946,-6.7627,2.255,3.2974,-7.5882,0.3794,-7.3114,-5.0955,-6.4991,0.7518,-0.1428,-7.0902,0.2812,0.2353,-2.5392,-9.7205,9.9462,-4.1626,9.0577,-2.0015,-5.5648,-8.3569,-0.4433,-3.9077,1.7555,4.9136,5.6391,-9.8541,-9.9423,-5.1222,1.9638,5.2022,-3.5806,-8.8897,-5.0106,6.1622,8.2032,1.6318,8.3678,-7.9435,-1.5612,-2.6954,-9.7242,9.5733,7.818,-2.7404,1.4006,-0.2089,-9.015,-2.0433,-4.8914,2.8028,8.1786,2.2398,2.6401,-2.9,-7.8471,6.2817,6.6845,-3.0403,4.3845,-4.7775,7.9475,1.4884,1.9603,1.6838,2.1596,6.0024,-7.05,-9.4484,5.9899,5.9884,-9.2258,-6.6621,5.6632,4.928,-1.4582,-3.5736,-4.5656,-2.0233,0.4753,-9.9206,-4.1306,-3.4934,0.3794,-1.1297,-8.8388,0.6885,9.4321,-2.4712,0.5636,9.1386,2.5032,-2.1427,-0.4783,4.0731
9.9549,-2.0443,7.7671,1.7344,-6.7191,4.7771,-0.3129,5.2645,4.6141,2.5304,0.0694,9.4227,8.0781,8.7014,-9.4563,-5.965,-1.9675,1.1074,-5.8637,-2.5259,-4.3083,0.2226,8.4043,-6.8267,-4.8518,5.552,-9.5305,-2.6797,4.6197,3.845,0.5248,2.6208,-5.3322,7.3263,6.4675,8.0359,-8.9665,6.0052,-2.7301,-4.9984,8.9095,-5.8482,-1.0777,-0.8393,-3.8229,2.6135,6.3273,-5.8021,2.1548,-1.8253,7.3657,-9.8244,7.2652,-4.2596,-0.1299,6.1431,-1.4843,1.5093,-0.8032,-9.0203,-5.0018,8.8147,7.2709,-7.1731,6.8517,3.4474,-8.8177,-3.8913,6.2028,-8.9863,6.5371,0.7429,0.9443,-0.7899,3.3635,-5.2556,6.406,8.3885,-4.0602,-3.7877,-3.4089,-2.4776,-9.2996,-6.9528,-4.5974,-5.2184,-0.7386,5.6953,-4.5356,9.4897,4.1669,-1.1691,-2.7851,7.691,-0.1431,1.9553,-2.8642,6.5725,-6.3621,8.9635,-7.5219,-8.2606,8.616,3.5743,6.6171,7.9156,-5.2476,-5.9285,3.7017,-1.7436,2.5411,-7.5431,6.4256,1.8165,-3.7973,2.7786,-6.7045,8.3211,4.0174,-5.2278,1.1635,-0.1738,6.8641,-8.854,8.4996,8.4409,2.5159,1.5792,-5.3759,-3.5138,3.6767,-2.3661,-5.3332,-7.602,-4.4834,-4.631,0.5039,5.4932,3.3157,7.8777,-6.0506,4.9625,9.2654,-0.3162,7.8238,-0.7696,-8.6042,7.2673,1.2788,-2.6724,7.8567,8.7147,3.8306,3.7254,-5.0593,7.911,-3.2451,-4.0473,5.3737,-8.9449,-1.635,-2.102,-4.7787,-7.8935,-0.8148,1.4875,1.6788,-2.1619,0.0826,8.4363,8.063,-6.1745,0.8822,-0.7847,-2.8966,-2.3998,-3.0876,-2.8213,6.7327,-7.9549,-0.3169,8.7896,-5.4541,0.7037,-4.1949,6.3594,-5.7051,1.9959,-3.4066,3.6578,-1.716,6.9945,-3.0343,2.0439,9.5729,-1.9317,8.6743,-1.4298,6.1821,-3.1001
-3.2689,6.2997,-2.0724,9.772,-7.4159,6.7073,3.9021,8.4422,5.5559,2.1638,9.1769,0.5045,-5.1545,-0.6097,-1.6034,2.5008,2.016,3.3734,-2.9583,-6.8848,3.6713,-0.3043,5.1403,-0.5701,6.4641,3.6413,0.5835,-2.9744,-0.5468,-0.0311,-0.4199,1.8611,4.2071,2.787,-5.8177,-8.0748,-1.5674,-8.1078,-7.4272,-3.9432,-7.4214,-6.9769,6.4103,-1.1506,-6.032,0.2213,-0.5421,-7.6361,6.4104,-4.8193,6.9273,6.8164,-4.6977,-3.0444,1.8419,8.877,7.7236,-0.4236,-2.6288,-2.462,6.882,2.6266,3.348,-2.6585,4.0709,5.4546,-0.1904,1.6855,5.3578,-3.8614,-9.5035,3.9358,7.2847,-7.0648,-2.5054,0.7466,4.2638,-8.305,8.2021,-9.427,5.6692,3.4213,-3.0937,-4.3135,3.9599,3.182,-0.4341,-5.0955,-3.2449,-1.1091,-6.682,6.5052,6.6849,-3.4508,5.1713,4.9577,5.1189,-7.3883,0.3047,6.9968,6.5115,1.2061,5.0175,1.9686,5.3521,5.5026,-3.6539,-5.9864,-8.9826,-3.1939,-8.9557,-2.1901,3.5258,-0.953,2.2469,3.7,-1.7355,5.3696,-6.3055,-1.2417,-4.1682,-8.2646,-6.1207,-0.562,-4.9194,-4.0143,2.6346,1.0737,2.8951,9.0833,6.3382,2.8772,-1.5536,9.3567,1.4443,5.4071,-0.1684,1.9525,0.4106,4.3399,9.4867,-2.3958,0.9273,-5.3382,-6.8641,0.7968,1.2775,-4.203,6.2133,9.52,-8.7732,-0.6634,-7.1848,2.1394,3.0156,-3.8814,-9.3748,-6.993,9.6072,4.9973,-5.8064,9.0043,-7.8319,-6.1388,8.3083,-0.5158,1.6678,-5.4616,3.8849,5.766,-3.7936,3.0191,-8.5282,1.4352,8.5517,-3.1527,-8.7361,4.482,0.6581,-4.7316,-5.3517,-7.5437,-7.0799,-8.68,-3.9902,2.9444,-2.5327,9.3299,-1.6137,-1.4421,-5.8416,5.7145,7.902,-2.3929,9.5305,4.061,-4.8779,3.9844,5.1392,-6.2533
-0.5217,-4.458,-0.7697,-9.0953,6.6626,0.2668,3.3714,-0.4243,6.1205,-6.7101,-9.4258,3.4498,-9.5413,8.3851,-2.6415,9.8906,-2.7329,1.9059,4.2123,-2.9027,-9.0092,9.9304,6.4205,-3.0502,6.3658,2.4432,1.3545,-9.3759,-2.0179,-5.9787,-4.7559,-0.1215,-6.6313,6.0007,3.9294,-0.6818,1.184,-0.209,2.5142,5.4221,-6.9489,9.9207,-2.928,-9.9265,2.9869,-6.1951,-2.1093,7.801,5.9063,-0.2126,0.1546,8.6163,3.6914,-9.1354,-5.7741,-2.0517,-8.3353,7.6295,-4.2441,4.2703,4.4532,1.2436,-3.8036,4.7284,3.3106,4.4688,-3.3546,9.2299,3.8392,-4.3321,8.4495,8.7541,-2.6146,8.7318,-9.9953,-2.6087,3.4154,1.9736,1.0411,2.567,-1.168,-2.2648,-7.8773,7.5696,-9.4426,-3.5345,-0.4349,9.6351,3.75,-1.5686,4.2532,2.7708,3.1994,-9.4328,-0.0373,-3.6262,-1.4757,5.6487,-5.111,-9.8718,-7.2818,2.6654,-9.7758,-0.2119,-3.9468,0.7962,-2.2441,-1.0732,6.3827,-0.9683,2.2312,-4.0339,9.7175,6.2125,6.3245,0.7081,4.209,0.1865,1.4219,8.5002,-8.1374,5.642,-9.212,6.172,9.1016,-0.3884,6.2094,8.3587,6.7765,-2.8583,5.868,1.8035,-5.7694,-8.1806,-8.2356,-8.4895,3.4796,8.3878,4.3837,-4.3616,9.0851,4.9468,8.5982,-0.6604,-8.9102,6.1311,5.0722,-6.32,-2.3606,9.3001,-7.329,-8.0657,0.9334,3.2676,8.7222,-7.3662,-0.8129,2.7999,3.5118,-6.9464,-3.8398,-1.9484,8.5585,-9.1425,7.3401,-9.8651,8.0348,3.0499,9.8461,-6.6863,-6.8262,6.3714,7.0157,-8.2898,-9.1799,-8.6577,-4.5405,1.5985,0.8484,6.0904,-1.0443,-4.4705,4.3685,-9.617,5.1542,9.5407,2.9085,-8.8758,1.3353,-6.5179,-0.2849,2.3546,-2.2932,8.366,-0.4618,-9.3663,1.7572,-4.3282,7.095,9.3507
-8.896,-5.8983,-3.0569,-9.3365,0.6132,-9.9242,-0.4891,-1.4069,0.4349,0.9744,2.7128,-3.5859,-0.4355,-0.8584,7.6882,2.6428,-0.3522,-1.7705,9.7749,-6.1347,8.806,-6.9637,-4.0487,0.2601,-7.7033,-2.4106,2.8914,8.8055,-4.8378,-6.7754,-6.1326,-6.5706,-7.7029,-0.9764,-5.2831,-5.5811,-5.6893,-5.6054,5.543,6.2893,0.271,-7.2227,-6.4626,-4.4768,6.5325,6.3829,-8.1069,9.9038,7.1157,-1.9782,-9.0891,0.8439,-3.5535,-7.6357,3.077,-3.3646,-8.6009,-9.1669,3.3558,-5.8806,7.3594,7.1461,9.5447,8.0967,8.1673,-1.2556,5.8107,6.5756,5.084,-5.073,-1.881,-2.0247,-8.5403,-2.036,3.6552,-1.4945,-4.1394,4.6219,9.7072,-9.0135,-8.3725,4.3549,-2.672,-5.926,-7.9848,-0.9223,-2.0708,8.3579,8.9309,-0.7505,-7.2668,-8.0306,1.2091,-7.4954,-7.0256,-9.8763,-5.2122,-9.2743,7.8289,-1.152,3.695,-7.5762,-0.7755,-4.7324,-7.1432,3.7444,-4.6158,8.5595,5.8796,-5.5029,-1.6995,-7.2654,-9.5144,-8.3704,8.8677,5.2083,7.2238,3.1544,-0.6575,-6.6995,-7.8456,2.5799,-0.4338,-0.5042,0.6347,6.3124,6.5503,-8.9139,5.6657,4.6782,8.978,6.6974,7.6595,5.866,2.1524,8.0659,-3.3558,8.1224,7.6512,-5.5293,3.2014,-5.365,-4.271,4.0929,-4.352,0.3354,9.5284,5.3849,-9.5604,0.7134,6.4875,4.8876,-5.3609,-6.197,-7.8946,-5.3441,-2.6444,-7.4372,2.6128,0.5783,-7.1741,5.4416,-5.1628,1.179,-2.599,4.4803,6.18,8.301,4.4854,5.3229,5.7245,9.2251,-0.6832,-4.4658,8.3768,-4.3057,-4.8152,-1.6257,1.6246,1.1938,4.8554,-0.2321,1.1054,7.1122,-0.9897,-5.8338,-9.1072,8.4929,1.086,8.3674,-8.2272,0.3142,1.775,7.6471,1.064,-4.3548,-5.0028,-5.6894,-3.0556,9.6026
-2.3158,-9.7083,-0.385,-1.0734,-0.3445,6.3789,-3.1134,-5.0843,8.9379,2.431,-2.5801,7.9414,1.8327,-8.4025,4.1644,-6.8294,3.061,-7.8718,-2.5968,-3.7132,-3.2553,1.0388,-4.4259,4.0999,-0.6323,-4.4521,1.4847,-9.3129,-5.8377,-2.0207,-6.5598,-8.7855,-9.0239,0.6553,3.0878,6.7995,-2.9088,1.6372,-5.24,-8.7823,-9.3524,-9.815,6.743,9.0744,1.2649,-6.3996,3.5359,8.374,-5.1434,0.6117,0.651,8.019,-7.7575,1.1792,0.7776,8.6863,5.4561,0.345,5.8321,-3.0857,-1.3105,-5.931,2.1545,2.3695,-5.4357,2.3198,-5.1517,-8.8542,-6.8078,-4.333,5.0329,-6.1,4.5085,6.5433,2.7371,-6.757,-7.7166,1.0135,7.7929,-5.0062,3.9571,4.4437,9.1172,-3.5176,8.4475,-8.2172,3.0331,-5.9247,3.0018,9.5532,-9.5761,1.1404,-6.6253,7.0688,-4.8165,-6.7936,-7.1783,7.1799,-4.1528,2.2071,-3.7304,-3.8618,-4.3953,6.9496,6.3214,-4.7908,8.6727,-4.5735,9.8842,-8.6243,8.4802,0.5351,2.716,-4.8682,9.2274,2.8764,-4.0967,7.4084,1.1511,-5.3218,-9.5382,-2.9399,-2.6618,8.8502,-8.0195,-3.9229,3.4507,-1.5087,-1.3866,-6.2518,-9.5209,-6.9758,7.172,7.1319,6.3336,0.2734,-9.7156,7.7974,9.4223,5.5289,-7.4149,8.9665,-7.4612,0.4954,2.3156,6.9957,6.1392,-3.4517,-5.3032,-1.8659,-2.3349,2.8615,7.6549,-9.7172,9.2038,9.8458,8.6731,3.9627,6.0914,8.9745,8.579,7.7346,-8.5407,1.6494,-6.8933,2.4363,0.6506,-9.2604,8.5586,-2.4023,-9.1111,-0.7619,-9.7083,-1.933,-4.504,-6.9805,1.0571,-0.7127,-8.1313,7.8005,-7.5157,-5.091,-9.1315,9.5132,8.2669,-1.9596,1.5613,6.0472,5.4737,-1.9691,4.4706,7.4104,-0.8966,9.9918,3.2668,6.4738,1.2754,-2.168,7.8573,-2.7132
-8.4888,-1.0423,-4.0964,9.7837,9.2921,0.3412,6.1502,0.9461,-5.8046,2.6458,-3.8034,7.466,6.9161,-4.3333,-3.8287,-8.3339,6.4583,-3.725,-6.8171,-8.5348,-7.2209,5.5265,-9.7342,-7.3632,0.0195,-3.6462,-6.6626,-0.6066,6.1663,-0.3177,-1.249,4.5998,1.1333,4.5224,-7.0082,-8.7875,-0.5749,8.2215,1.7835,-6.2208,-8.8204,3.6661,-7.0039,4.7862,-0.1283,6.6687,-8.8071,-3.714,-3.7425,3.0674,-3.1012,7.4295,4.533,4.4682,-2.5767,6.0334,3.8201,3.1366,-2.1119,-8.7341,8.0489,-4.857,-0.1046,6.0975,-7.533,-6.4722,8.1021,1.9322,-9.6902,-6.6372,9.5491,1.5893,-6.9696,-3.6861,-4.2025,-2.4344,-5.7345,-2.2153,8.9345,2.8982,-4.1814,7.8592,-0.6568,5.0684,-5.9995,-4.941,-9.9942,5.872,4.1405,-4.2401,-9.011,8.0418,-0.6124,5.6284,-8.4541,5.9006,-2.4516,2.2351,1.9036,6.8304,3.8358,2.1707,2.7848,-7.1757,-3.8892,-0.0067,1.7354,8.8332,1.9802,6.2299,4.727,8.6636,9.5235,7.517,8.9569,-5.7512,-4.4882,-3.1484,5.0676,-2.564,0.5896,5.4555,-8.3645,6.0747,-5.1132,-4.9455,7.1196,9.7798,-8.7763,-0.7115,3.9586,-5.2354,3.8514,6.99,9.6855,0.0245,-2.1279,-8.7085,-7.0041,6.5793,3.1414,-2.0991,1.1403,-3.3248,0.8656,-4.3478,9.6233,-7.3014,9.9686,6.8235,-8.8387,-8.6094,2.0306,9.7696,9.4743,-0.175,5.7528,-7.7154,6.5301,-4.3285,0.6956,-8.5621,5.6202,-2.802,-6.541,1.2318,-4.9077,6.163,3.8399,-8.657,-0.8814,-1.2846,3.8945,-4.6285,-3.2373,-5.2796,-5.6933,4.0113,-3.1018,0.2577,3.6525,-8.1299,9.1795,9.6832,3.9801,7.8951,-3.2436,-2.0925,-0.2268,8.3271,2.5755,1.7165,1.5804,9.6099,-9.1967,-8.6872,-9.0769,5.9638,6.4859,-0.9241
-5.5436,8.8282,-7.8469,1.7936,9.0262,-9.5261,-2.6029,-4.0044,4.6712,0.2358,4.4127,1.4596,-3.851,6.4117,0.6703,5.1579,5.6183,-5.7965,-2.3921,-4.9391,-9.4996,0.3557,7.5033,-4.1871,-7.8849,-0.0485,8.6011,-8.1348,1.8279,0.4396,9.816,-9.9366,-1.1172,-1.8462,3.2483,6.4386,-9.5627,5.5462,9.4124,-6.6725,-6.8221,-5.7613,3.188,-6.102,-8.0216,-0.6845,9.7415,-3.5744,8.3825,7.208,-1.9107,-2.3552,0.4207,5.0479,-7.012,-3.0885,7.0588,3.9406,-2.5892,4.0608,-2.2648,8.4395,4.3465,4.3606,-0.923,8.8532,-0.1239,-8.7098,-1.0327,-8.1193,3.5481,8.1057,-9.7427,3.0561,7.9473,6.74,7.6059,-3.6983,-9.8512,-7.4744,-7.5198,0.7767,8.3233,-7.9535,-6.0444,-9.9722,-2.0857,-5.9127,7.5447,1.8356,1.9803,-8.1769,5.2416,-3.5794,4.8237,-9.7029,0.8836,0.3879,8.7319,8.6779,1.5636,5.3279,-9.6156,9.3818,-3.9942,-2.2799,8.342,8.8509,-5.9821,-6.1886,-5.3185,5.8204,-0.2819,0.6185,7.4887,2.4983,1.8081,-6.5683,3.0372,-4.0058,-7.416,4.4918,-8.4219,4.5454,-5.2235,-8.1309,-2.8937,9.4162,-0.0773,-4.7514,-8.5688,-4.8818,1.5833,2.8446,3.5549,-0.9757,1.7009,1.2449,5.2747,6.1758,7.0844,-4.9594,-9.8668,-0.8934,-6.9274,1.5114,8.0477,-1.5796,3.1144,-2.9833,7.3303,-7.0651,-7.7136,-7.9515,4.9978,3.1771,-2.428,2.365,-6.9705,-8.3833,8.475,-1.0632,-2.8665,7.2794,0.4049,6.9357,7.2323,3.1267,0.6989,-8.6071,-6.3559,9.4605,-3.1403,9.0328,-2.668,-1.6542,1.2168,-3.7827,2.3583,-9.953,-2.2738,-9.2888,1.2865,8.0452,-9.4994,-0.4024,-1.0526,-5.5467,-0.1095,-8.5679,-9.5398,-3.5045,2.3185,9.5945,-0.1716,-1.3861,-0.4152,6.0664,4.9327,7.5255
-5.4569,6.3698,2.7738,2.5098,7.3197,-2.4469,9.612,-3.3775,-9.0106,1.2656,0.8938,3.4564,2.3619,-8.0517,6.5891,7.5813,0.2939,8.9742,1.7672,9.9892,-1.6079,2.1659,7.3236,8.576,-7.0506,-6.0625,-8.193,-0.6925,-8.2512,4.8098,-1.2325,-3.8938,-6.3177,4.7924,-1.5025,-3.8348,-9.5493,-5.5956,5.3246,-7.3522,3.7708,-8.6164,-5.6618,-1.3557,-6.5056,-6.3777,4.3635,-3.9281,1.6749,0.5603,-3.4396,-4.7861,1.8807,1.4971,-7.8842,3.0433,4.1218,-3.1494,-4.3078,-4.6749,3.3079,-9.0933,-0.3034,2.0462,-5.7614,-3.7732,-5.5704,-5.9761,8.3708,-6.8148,7.2794,0.2248,5.1573,6.5739,4.4617,-6.8194,8.7728,-8.6282,2.028,6.0602,2.1511,3.3953,3.7097,-2.1788,-0.2591,-8.0123,-0.6742,-5.6931,-8.9115,-6.9458,-6.0945,2.8877,-6.6996,-1.6536,3.4049,-9.3432,6.0589,3.0098,8.7743,-1.3124,-8.2358,-4.3606,-2.5925,8.0098,5.0808,3.0457,-2.8587,3.5422,-4.9343,-0.328,-1.9854,1.874,5.648,9.3214,3.6338,5.6888,6.002,-3.9045,8.9233,6.7106,7.4159,7.8581,-5.4214,-6.5019,-0.047,-1.1936,-3.9137,-9.2796,-2.5354,-4.6263,-4.1454,-2.057,9.844,0.6768,-0.8554,-7.6844,9.2389,3.0369,-1.5421,7.2418,8.6438,3.4721,-6.2499,7.3862,-2.8282,3.5319,4.8151,8.0687,-0.5894,2.3111,2.9772,2.0169,-8.0342,-6.0048,1.7257,2.077,-7.002,-3.9888,7.8597,-8.926,-5.3872,-3.5951,8.5,-7.3166,1.5822,-4.5396,-9.9008,-6.6321,4.8095,-3.2108,5.7623,-1.5102,-8.6563,6.4913,3.6963,6.6197,5.7665,8.8019,-2.1284,8.3724,1.607,-3.367,3.0219,6.919,-0.4657,-5.4488,-7.5361,-5.1953,7.9496,-0.222,-7.9732,-4.6847,-0.39,7.3727,-6.6377,-5.4717,-5.3736,-5.4321,4.7223,3.0862
0.9236,6.3994,2.8763,6.2766,-2.4764,-8.2284,-6.9177,-1.1748,3.9857,-9.9179,-9.4362,-1.072,6.8059,-9.3601,0.6944,-3.8987,-7.6661,-8.9596,9.4761,5.6804,-0.0845,-5.0939,8.2506,0.4788,-6.8386,-1.8013,-9.8696,0.3731,-8.5394,-8.5179,-1.7092,9.7141,7.6522,3.044,3.0206,-2.2453,-8.6649,-2.8647,0.6488,-6.2376,-9.3883,6.8953,9.4756,-9.9727,-6.8381,-3.5736,-0.9718,2.3839,-8.8375,-9.2634,6.1652,6.6964,1.0826,-8.5333,6.209,8.8723,-9.8583,-4.8487,-6.3575,6.586,7.5821,5.6152,-9.248,-5.8094,4.1113,-3.692,4.282,1.9465,-6.3362,-4.9226,-3.9237,-6.0399,-5.3948,-4.1575,8.9625,3.0793,2.4611,6.3578,0.7988,-9.2214,9.2483,4.3693,1.533,-2.4333,3.9861,-7.1808,-6.2399,-3.1359,1.0356,8.7419,-9.5336,-7.0552,7.6952,7.1337,9.0796,-9.7925,7.1548,0.4978,0.9638,-2.9083,-4.974,-6.3966,-0.4309,-4.5892,-3.9526,2.0025,1.7282,0.2061,-2.1459,-4.6579,-2.3655,3.1489,8.5089,-0.2864,9.5159,-2.0599,0.8661,9.6238,-4.355,1.6731,6.8093,-3.1104,2.3716,6.9568,6.9271,-0.6556,9.7793,3.157,-7.3632,2.209,-2.7976,-2.7544,-4.8725,9.4964,8.5372,6.3899,4.8231,-6.3555,6.9337,-4.9194,2.9916,5.3933,4.1026,7.9056,-8.9805,-8.2801,-4.7144,-2.6533,2.8699,2.7991,7.7827,-8.2563,2.5274,1.0961,-2.7536,0.5705,-1.7441,4.8647,-7.1668,5.4276,4.8641,-0.3695,-5.241,4.3725,-1.3523,2.1231,-4.9653,-5.9336,-1.3848,1.369,-0.7057,-5.9711,6.6892,-2.4636,8.5274,-1.5742,4.7529,-2.4526,-1.1324,-5.5632,6.235,4.6559,0.2886,8.2017,-3.997,-7.826,7.7332,-3.507,-9.8679,6.2804,-5.9752,-4.4707,-0.0149,2.385,1.1405,-3.6467,1.4769,8.3739,-4.749,-9.4731
-2.1729,-3.4728,-0.9838,6.8095,8.376,2.8839,8.8543,8.9697,-9.3057,-5.2594,-7.7356,-9.5587,3.5931,0.0088,0.1413,-7.6568,9.584,2.7685,-8.4822,-2.4931,1.6667,-1.6901,7.2468,-6.5166,3.7439,1.5356,-4.1211,7.9548,-4.7181,-1.9843,0.8417,2.712,-6.0791,3.5862,-9.683,-8.1444,-2.3795,-4.3078,3.2917,7.5877,9.436,6.8346,-4.2142,-4.1985,-0.6833,-7.8153,6.3404,5.4575,-4.7288,-0.6214,-5.6797,-6.5785,3.413,3.5,7.3665,3.2142,7.67,6.8685,0.6406,-0.948,-7.1414,1.5169,-7.3767,-7.5106,-2.7832,-2.5327,0.836,1.8995,2.1215,-6.1006,-9.4701,4.1589,2.3696,-1.0137,-8.6822,-9.7772,-2.684,-3.9003,-1.0913,-2.5391,5.8114,-9.1662,-7.8869,6.5211,3.7162,-8.824,1.9937,-3.7889,6.2013,-3.1918,-4.0304,-0.4,3.0236,-6.9717,-2.056,-7.1626,-4.8194,-4.0195,5.8353,-5.1758,-5.7472,-9.9104,-5.7552,-9.5305,4.5396,2.803,-7.0982,-7.2995,0.5946,9.7848,7.1133,-4.7215,-7.1201,5.5391,-8.166,-7.7935,-2.399,3.7659,-2.0577,3.3575,-8.2718,-2.6093,-6.8002,-7.0872,2.8951,-8.2137,0.203,9.2465,-8.5562,7.1702,-7.6677,9.7083,-3.4061,7.4937,-2.0662,-8.4859,3.9247,-7.2773,4.5054,7.9414,4.6284,9.7606,6.6822,0.6375,2.8129,0.8121,8.958,3.5484,-3.9828,8.6038,-9.6824,-1.6931,7.6396,4.7032,-1.7178,5.2351,-6.9154,-5.2304,-9.1186,-5.2149,6.1884,4.1698,-4.635,1.0761,-9.727,9.571,-5.9176,8.0812,-3.5361,-4.186,-0.4684,-6.5873,-3.7668,4.6503,9.7968,-3.3913,-5.5434,-1.7668,8.1577,-0.8511,8.9936,7.7005,8.5537,-6.007,5.7567,0.0321,-3.8058,4.4623,9.1887,-8.169,-4.2978,3.8326,-6.4623,-5.1224,-1.0983,-9.8251,-9.4226,-5.1549,-5.1516,0.5738
3.2917,3.6873,7.7968,6.6332,0.1134,-8.3282,-0.5778,8.6352,7.1787,6.3083,5.5294,1.4037,-2.4029,4.5041,-3.8571,-8.8254,3.4784,5.9744,-8.3738,-6.4433,2.3461,-4.7916,-3.0133,6.0827,1.9007,6.8896,1.9027,-1.0363,-2.6439,-6.9958,-7.5382,-0.5278,-2.7209,-0.1135,-5.9777,4.8611,3.122,3.0581,-7.6301,-1.9924,5.2851,2.0221,1.5373,8.7634,4.1204,-6.1172,-4.6738,-5.2925,5.6858,-0.574,-1.539,2.1045,5.0831,-3.4973,8.5303,-5.9808,-6.7933,-4.0424,7.261,7.3291,-2.0551,-3.3512,5.9536,-4.2993,7.1169,3.3067,2.3788,-3.8294,-1.4087,6.0623,-3.0873,4.6305,7.1002,6.5969,6.8017,-2.9609,-0.3051,-3.1698,-1.7684,4.5941,-5.4208,-4.0107,8.2612,-0.9772,9.1858,-2.63,-4.6562,-9.1083,9.8791,-7.5247,1.9677,2.5784,8.7132,4.3434,-2.565,8.4026,-5.8076,-6.8731,1.9268,-4.2337,3.8408,-7.2803,-0.8059,-0.2967,-7.9586,-9.6827,-2.6741,8.7704,1.4686,-5.4587,-7.3527,-9.2449,-3.5656,8.0703,5.2259,3.5224,-1.8602,3.7972,-8.8729,-9.4717,4.4315,3.5468,-4.1297,-5.962,-3.2928,-0.0829,-4.8235,-3.653,5.8999,-5.5263,-1.1574,-3.5755,2.5781,0.8803,0.906,-5.9578,9.0279,-5.714,6.5248,7.3928,4.1381,-0.7959,3.9729,3.5675,4.0828,-9.9701,6.9071,2.9239,-3.5362,-7.5487,6.1986,-5.7962,0.4289,1.7655,2.8005,-9.6915,-5.2229,6.7113,8.8921,-7.4826,-2.7075,6.2237,-4.1595,6.6048,-4.5647,-3.4911,-4.0224,3.0005,3.8284,-7.8953,2.5308,-9.1269,1.6146,-0.2318,-6.2683,4.1378,-1.1749,-4.5045,4.7839,5.1539,-0.5112,-7.8064,1.718,0.7273,-7.0935,7.1525,0.7128,8.7121,1.1093,4.4814,-5.7668,-6.9294,7.2224,-1.2264,2.0822,-8.112,-9.5283,8.0155,-9.801,-5.6657
-0.6297,-7.8907,-7.563,-4.7249,7.6794,-4.2965,-1.5776,5.3926,-9.5002,-0.2287,0.618,-8.1183,-9.7868,8.5183,-7.9158,-3.1517,9.6436,3.1539,2.5934,-1.9628,-5.3025,5.085,7.1559,-8.1443,5.1336,7.782,-1.8838,3.7952,8.5408,-4.6882,-7.3653,-6.9647,-7.6707,4.5945,-5.396,-3.9595,-6.1315,-2.5799,7.1153,3.1366,-1.669,-2.256,-8.5113,-0.1059,2.6263,3.0464,9.5566,7.585,-1.4027,7.689,0.3298,8.4717,3.5025,-4.3463,-1.6187,4.763,2.3213,0.5967,-2.6375,-3.3318,5.9033,6.2996,4.5196,0.3159,-2.1188,3.298,8.1753,-3.097,-2.8575,1.9172,-3.6845,-7.8385,9.5863,4.8944,0.9108,-0.0876,3.0807,3.2922,1.713,0.4111,-4.9358,1.222,-0.595,6.9519,5.1958,8.5643,3.6125,-9.6537,7.643,1.37,-1.0739,-3.4112,-8.4361,-6.7486,0.6955,9.5971,2.6835,5.7934,-5.1313,2.0152,-9.57,9.5371,-7.0121,0.7512,4.7924,6.2681,5.3227,-7.5228,-8.0642,-6.3885,7.6379,-1.8306,-7.9438,-6.7944,0.3127,-2.0827,0.1197,-6.501,0.2816,2.7947,-6.8452,6.6459,4.7563,5.3415,1.8174,-8.6072,-3.4961,8.1419,8.1173,-4.5321,-7.1869,-8.2541,-5.7848,9.5863,7.2809,-1.0894,-6.4732,0.3857,8.8806,-0.8661,-1.1604,-0.7981,2.4852,8.2644,-1.2823,9.3805,8.1316,3.8123,6.4059,8.7632,3.9134,1.0416,-7.8657,-0.6777,5.66,8.5393,5.8708,-5.1436,-4.1245,-8.5497,-3.2842,8.1729,-3.0199,4.8029,2.3422,-5.2154,8.3266,-0.1153,2.1208,-5.4107,-3.2834,-1.597,-4.3626,8.1813,0.4583,1.4763,-1.136,8.4536,-4.3607,2.1579,7.9057,3.9609,9.4325,3.4134,4.6475,-6.8023,-0.9379,3.5139,-7.8487,5.7325,3.5778,-1.531,2.4493,6.2428,-3.9182,-4.2266,0.1906,3.0943,-1.7433,5.5121
-2.3453,9.9782,7.6561,-8.9293,-1.3595,8.9975,2.0473,-7.8551,4.715,-7.1282,-3.4412,-5.6592,9.6839,-8.2818,4.1199,6.0759,-9.5174,5.2151,5.515,-6.6782,-8.2803,-0.9373,-1.7132,7.9231,-7.1077,-3.1263,-4.1172,2.3457,2.9585,-6.1217,5.6452,-8.5729,5.8687,3.6642,-5.6711,-4.9872,0.993,-8.9227,-0.9168,1.0976,0.056,5.9041,4.17,8.0271,8.003,4.3994,1.6243,-9.1978,0.7048,-7.0954,-0.248,-9.8831,5.6474,8.3142,-0.0196,-4.731,-1.853,-5.0405,-9.1102,3.751,9.9183,-2.6378,-2.9014,9.0072,-2.7497,-8.5034,-9.4473,-1.4359,0.7605,9.4906,4.7042,5.1445,7.7965,-0.7029,9.3042,-9.5285,3.2387,8.4475,9.5735,-2.0317,6.2113,-8.3163,-8.4101,-4.7237,-9.9914,4.6794,-9.9196,-2.6023,8.148,9.074,-2.5254,5.6876,-3.9037,4.6516,0.8967,-2.051,-8.0241,-8.0098,8.9664,-0.979,-3.7727,-2.9287,1.426,2.4373,-7.6344,3.3226,-2.6038,-6.1214,7.2469,-9.2979,0.4793,1.2932,-2.0003,7.7142,2.7994,5.291,-0.4868,5.037,-5.3737,1.6523,0.5902,9.5336,5.9793,8.87,-6.2728,9.7298,-8.4952,-5.2585,-4.9553,0.0676,6.4386,-6.0875,3.7275,-2.6721,-5.6871,-2.6207,4.0354,7.6166,-3.9614,7.9834,8.542,-9.7342,-4.9386,-3.0744,-5.2316,-1.266,-4.9363,-6.0139,-9.128,-2.6868,1.287,-8.8106,1.494,-0.5428,-2.0033,6.5788,-8.1207,-6.2921,9.1203,-5.7218,8.3664,3.5196,1.7812,-2.8081,-6.0721,0.9147,5.7485,9.4915,-2.1486,8.5426,-0.3206,-8.341,-0.748,8.1957,2.4238,2.2712,2.534,-6.6098,-2.8801,8.0702,4.5796,-0.544,-4.5889,0.2123,2.9807,2.5112,3.3963,-5.9005,-5.5193,8.0133,-2.4258,5.5845,-3.2656,3.8368,6.536,-2.8031,-8.8741,-4.2618,6.6672,-6.6623
-3.6962,4.7645,6.0667,7.3271,-8.5307,-9.317,5.3847,7.1786,5.024,7.1255,-9.1877,-1.0583,3.6281,5.4343,8.5274,-6.9413,-2.4389,0.6361,-1.1697,-0.6743,-6.0625,2.7065,-4.7519,-5.7766,9.174,9.524,3.6091,8.6205,-5.8797,7.269,-2.7222,2.6594,-9.0139,-2.9588,5.7898,-6.4725,7.4886,-9.0772,-4.1612,6.633,-2.5684,4.4271,-7.6957,8.559,-6.7262,-7.0613,-6.0149,9.5484,9.5607,0.3314,-9.274,-4.4821,2.1811,7.8858,-8.7912,-9.3179,-7.7518,-3.0375,-8.7196,4.9539,9.1599,1.1285,5.2644,7.8461,-3.5047,0.1719,5.779,8.0812,-5.0959,-1.5425,-6.8299,-8.351,-6.3238,4.1293,-7.0028,-3.2586,2.6477,9.9766,0.6175,0.5484,-3.7023,-1.5564,4.9843,6.3009,-2.7751,2.5017,1.1492,-3.5468,3.5964,-9.9793,-4.746,-0.305,2.713,-8.7469,-0.2053,-2.965,1.1187,8.005,0.5217,0.0738,-0.976,9.1344,-1.7252,3.5307,7.3171,-1.5268,5.6027,3.8749,7.9135,5.158,-7.4048,-1.7484,-9.818,-0.2325,-8.1088,6.0703,3.0579,1.3026,2.5561,-9.3464,-2.2468,7.7385,-5.855,-8.893,-7.2489,3.4649,9.769,-1.19,4.6449,9.1888,9.3118,-1.077,9.0522,-7.4532,-6.1649,-7.1378,-4.2229,2.3366,-9.8083,4.5202,1.8519,6.3864,-7.286,6.7715,-9.9273,6.2504,5.3192,-8.2582,0.5793,4.5198,-3.2836,0.6348,-1.4837,-8.8631,-5.1968,3.6147,-6.5263,-2.984,-1.8861,4.7252,-1.8624,0.4769,5.1221,-7.8708,-1.6135,-9.1711,-8.8203,-7.1146,-0.2912,-4.8162,6.622,-7.8903,6.3576,-9.5566,6.5372,6.9113,7.9871,-6.2853,-7.7202,-0.511,2.0461,7.4912,7.3119,-8.0159,8.9929,-2.807,1.4619,0.5013,-5.5564,-1.7939,-8.6191,-6.7141,-5.7538,8.6397,-1.7165,-3.7219,-3.0483,8.1757,1.1118,4.2407
5.945,3.0024,-7.8714,8.4045,7.8785,-6.8894,-7.9209,-0.0904,-2.1017,-2.7735,9.2223,-9.5276,5.8761,0.8286,7.9007,8.696,4.6289,-3.6337,7.6722,-5.5006,3.9329,-6.6972,-7.8877,-0.8576,-7.3114,-4.175,-2.7766,6.0446,-6.4109,3.4224,6.5219,-0.7641,-6.7864,-5.4147,-8.2143,-3.6594,-9.3182,3.1837,-6.4109,-1.0383,4.4119,1.6599,-2.8493,-1.6832,7.0219,1.4371,9.5986,8.4534,-2.6207,-9.7204,0.5903,7.4565,-3.8859,-1.3271,-1.2495,-6.796,-2.7474,2.0274,-1.6896,2.9134,6.5503,-6.818,-8.4627,2.6233,-8.0145,9.2753,-1.8624,-7.8682,1.7317,-9.4685,-2.9209,0.6985,-6.7334,0.7011,-7.8582,1.3809,-7.0296,4.1615,9.8978,-5.5612,1.2518,-3.0845,-8.1573,-1.3824,-8.3647,4.7724,-5.7616,3.9476,5.9904,7.0859,-7.1705,-1.411,-8.3901,4.3865,2.8133,-0.0728,3.7318,-7.9855,1.4077,-3.4753,-9.8695,-1.949,-0.4989,2.5428,2.9902,4.3288,-2.6902,8.1794,2.9689,6.6387,5.2228,0.8766,-8.8235,-2.8212,-7.2103,-3.4864,-6.2587,-5.6784,-4.5476,3.7514,-9.1034,-3.3354,-8.7766,-7.3014,-8.8946,-9.8788,7.5878,-2.6474,-7.9521,1.4053,6.6617,0.6963,-2.8565,7.6697,-0.1321,6.9556,4.4329,-3.5342,7.8598,-4.2313,5.5388,2.3154,-1.6511,-7.1653,7.0237,4.1207,-6.8699,-6.9746,-6.2969,-8.7382,-3.847,6.7285,-3.8394,1.0702,-1.7887,-3.5483,4.5696,-5.3206,-4.6767,4.2949,-8.7351,-2.5441,5.6573,6.6912,9.3313,-1.6521,0.271,-8.8426,-6.1555,9.0204,-1.7592,9.5358,3.9414,-3.6324,6.5933,-1.4207,-8.1237,-8.8705,-7.3096,-2.0286,-6.4979,1.1538,-3.171,-1.0851,1.5768,6.705,-4.4456,9.764,6.2246,-1.7735,-7.0232,-1.643,4.071,-4.2705,-1.0603,-3.9196,1.1523,2.4016,-0.6605,-5.4028
-2.6029,-0.414,-3.2807,0.6808,-9.7612,0.5037,3.1706,8.2249,9.3066,6.4603,-7.9358,-9.9716,-8.9239,0.0351,-0.38,7.2411,4.9575,5.0534,-8.08,-3.3615,0.4741,-5.523,-1.2559,6.8727,-1.6893,-8.5111,3.4502,-2.4379,-0.6642,2.2943,5.5223,-9.153,9.4083,1.5396,7.7468,1.6851,3.0413,-3.0369,-1.884,2.9835,-7.5405,-4.6031,-4.1833,8.6481,-2.3942,7.5664,-5.175,-9.6133,2.1535,-9.9141,4.0871,0.1179,1.0557,1.8537,-6.9863,7.9136,0.6201,-0.5932,-4.1347,-0.6789,-8.4228,2.836,6.4745,5.6176,-3.3702,5.7958,-8.0395,-2.8461,6.139,-1.1876,6.902,-9.8517,-5.2719,-2.1487,8.2313,1.0106,7.4894,-6.8973,0.5011,7.1127,-1.1021,2.8996,-8.1047,-8.0542,5.221,-6.2443,2.2417,-4.5927,-4.2176,1.7386,-7.8634,9.8104,0.853,1.0921,8.8791,-4.881,2.1198,6.3893,-3.4874,1.4212,3.6765,9.6057,-4.7983,0.1795,-8.7799,-8.5981,9.1387,9.9256,4.1744,4.8556,-9.6192,9.9618,1.9189,5.9991,4.94,-8.3482,-8.3999,8.1722,-3.4452,2.8968,-4.8227,-2.062,-6.8987,4.3736,-7.4985,-4.5752,1.6486,-1.1249,5.9454,-0.5005,1.6021,-5.2531,9.5575,8.871,-8.1149,4.5251,3.8907,-9.193,2.9665,-1.5752,7.4974,-1.1057,-0.1132,-3.6199,-1.9571,-2.0532,-5.1552,2.9204,3.832,-1.3224,-0.5886,7.6928,-9.9401,-1.2069,3.6618,-9.3941,-2.2029,-8.3461,-3.266,4.0841,-9.0965,-2.2812,-5.9294,-5.0454,2.0514,5.4115,-2.6876,7.2927,9.5766,1.3426,5.4542,-2.3331,-3.4369,-7.7745,-6.8447,3.117,-6.7233,1.6448,-4.27,9.9211,6.7209,-4.8634,8.1259,-3.0239,1.1766,0.8108,-9.3386,-3.3597,-9.8215,4.1954,0.9499,5.7345,-8.3368,9.9041,8.7185,4.0286,8.6107,-0.342,-6.646,-8.7026
-4.3782,-9.9547,0.1205,-4.9803,4.1896,6.2109,-2.2223,7.1613,5.7148,-9.0231,-1.4986,0.0252,-6.4271,-8.8622,-7.1952,4.4538,-5.1902,1.0274,6.4357,-7.7055,4.7411,-8.2488,-3.978,7.5045,0.8188,-7.977,7.2106,-9.9036,-7.3615,-8.093,0.5119,4.6784,-5.3817,9.4803,8.1323,9.6224,2.5039,0.3317,0.3373,3.3078,6.1162,5.6519,7.396,5.6478,-0.899,2.948,-9.9572,-7.2369,-4.2723,-1.453,0.5949,-9.147,0.024,8.6355,-1.1238,-0.5029,5.2832,-7.737,-8.6472,-4.3493,2.0371,-7.3857,7.2433,3.0562,-0.9461,3.7976,-4.4522,3.4829,7.5857,9.4337,-9.9822,0.0874,-7.236,-4.534,-8.488,4.456,-2.7461,8.7462,-9.4739,2.2053,6.752,-8.8202,-3.0161,7.7588,-5.7489,0.6426,-1.6408,-8.2485,-4.2288,-5.1081,0.3797,-1.0105,2.7482,-9.4924,-0.1611,-5.9463,-2.5074,8.726,6.7292,-8.8946,4.1371,-6.067,-0.5072,1.1497,5.7596,2.9762,-6.8198,6.0939,8.1448,8.59,-5.1394,6.301,7.7069,-1.3004,-8.8085,3.7525,-6.4058,1.2,9.3929,-7.8021,6.8347,-2.0876,-0.7359,-6.3122,-5.1894,1.6064,-6.5744,5.7165,8.608,0.9727,-9.2244,6.6055,8.2838,-6.2702,-1.135,-7.0644,-9.2516,6.2796,3.1074,6.5007,7.8357,-1.0951,9.0036,-6.4318,8.0962,3.0084,4.0945,-9.1578,2.9581,-1.7899,-8.7802,8.2243,1.5245,-3.4105,9.9153,-8.0261,1.6505,8.4774,-4.5071,-4.1354,3.5266,5.5683,1.4133,3.7729,8.7075,-9.4849,-1.1831,7.53,-1.2071,5.8351,-9.8218,3.3738,5.9179,2.7392,-2.9792,0.6781,7.9878,-3.4572,-8.7236,-6.6941,-9.816,-8.1776,-9.2675,7.9358,5.7858,1.5469,9.5171,-4.3643,-8.6016,4.2801,-5.2984,-2.9999,-6.7373,-5.4558,7.242,-2.1719,-5.535,-7.8048,5.875,-5.6024
3.1552,-7.623,-4.3458,0.3885,8.1255,6.9884,9.493,0.9645,-1.043,1.2777,7.893,-4.8482,7.1555,-6.6511,-4.9498,-1.8054,-7.485,0.9157,-1.3652,-7.5143,1.8737,-8.312,-9.1138,-0.4821,3.2017,-8.8719,2.4429,-0.4652,3.9342,-5.6646,-3.9392,-7.7928,9.0933,-7.6952,7.3713,-2.4778,4.5116,-9.3753,7.2855,-5.2075,2.9499,3.4797,0.2978,5.9682,-6.8485,4.0917,-5.7445,-2.0903,9.9803,9.3397,2.9143,5.8157,4.111,9.1102,-8.0754,1.9065,6.2621,-3.413,2.437,4.087,-5.0873,0.0103,-8.8795,4.3401,-6.3213,8.8675,-2.4412,1.355,8.1102,-3.2111,3.0384,6.4259,8.3162,9.0028,-2.8939,3.7677,6.6439,-2.6207,-9.5939,9.9079,4.516,-5.573,7.682,-5.5181,-9.8379,-5.235,-2.6689,-1.7828,-5.6496,8.2618,-4.5088,-0.0929,-6.1295,-3.093,-8.3487,2.1882,1.3787,2.5334,8.7805,-1.3633,-9.881,6.3053,-9.5715,9.3673,5.181,-7.8061,9.0869,5.4637,-1.7613,7.7259,-7.2002,-5.1473,-0.0728,8.1885,-3.7098,3.317,9.9947,5.4105,6.8709,4.9315,-5.9119,5.8953,8.8823,-0.4017,2.8735,2.0263,-2.6671,-3.1865,-7.4029,-2.7743,-5.9434,-8.5772,9.4351,6.6148,0.3573,-6.9305,3.9587,-0.452,-6.19,-6.8574,-7.755,2.0913,-7.0221,9.4976,-2.2045,-0.8181,4.3131,-1.0525,2.7115,5.3477,9.7265,7.8534,4.4808,4.4787,5.2243,-8.7977,-0.1978,3.9335,8.7495,8.0819,8.6202,-8.546,-7.534,3.1943,-0.2937,7.8733,-6.402,8.141,7.8387,-0.2009,-5.5791,1.2472,9.2764,-8.2306,-5.3786,2.5199,-9.7508,-0.2417,1.3973,-9.9051,5.378,4.7259,-2.4658,-0.48,4.1822,-2.0076,-7.6898,-6.0691,3.9788,-0.5555,3.0255,-2.2625,4.5232,3.4832,9.2761,4.0148,-5.493,5.6246,9.4957,2.1693
-9.0648,-3.7114,7.6367,-1.4048,-9.683,-2.4279,-3.5036,-6.3649,-6.0134,2.3611,-4.5948,-5.6886,-2.6979,6.3051,7.1229,-2.6476,-2.8821,-9.0995,3.1005,-5.148,-5.1521,-6.3351,6.4275,-9.6958,1.8287,-6.9263,-3.5422,-8.6314,-8.9822,2.6444,4.6565,8.8297,-0.206,4.635,-8.4535,-6.3023,-8.829,1.7981,9.5037,-1.1106,3.6681,5.3775,4.8291,-8.308,-1.488,2.8032,3.9596,-2.8786,-2.4848,-9.5794,9.8345,2.7664,0.7141,-9.0454,7.1555,-8.0832,-5.579,-2.55,-2.4437,-8.6083,0.3692,9.2436,-4.8734,1.0489,-2.6882,-8.1562,-4.8779,-7.4765,-1.7072,-2.1857,5.2458,2.3377,4.3159,-7.6117,-4.8558,9.5679,-2.9544,6.5454,8.3597,-2.6793,8.7508,-0.93,-0.8798,4.751,3.7508,6.4298,-5.5196,-5.4138,-8.6299,-4.7877,-2.2387,6.2404,-0.9144,-2.1418,-2.9685,-4.2372,-1.3172,-6.1825,-1.1761,-8.5319,6.7298,3.0328,1.156,8.1581,2.5867,3.5788,1.6105,-3.9427,2.3941,1.6325,-6.3985,9.4432,-8.9517,1.8293,1.4422,-7.6683,0.7372,5.7014,7.4369,-8.4534,-7.7133,1.3924,1.6759,8.2197,3.0121,-9.6393,1.5606,-6.5836,6.2753,9.5028,-3.613,-1.6951,-8.9654,-9.178,-4.9505,5.6907,-3.9609,-2.0286,-6.229,7.5722,-8.9862,8.6363,-8.6059,-8.9263,-0.3423,-5.999,6.4344,-1.9775,-3.3225,8.2473,-2.6671,6.044,5.4163,5.9067,-6.183,-2.1393,7.0526,-7.633,-2.4087,-5.4634,9.016,0.9517,4.5434,-9.6272,9.4826,3.0686,-8.8824,-3.395,-0.4536,4.7375,7.523,3.4899,-1.4968,2.3715,-7.6171,-7.2208,5.5204,4.6454,-0.3141,-8.0042,-4.5285,5.6684,3.5204,-0.2996,3.3864,-9.623,-6.7898,1.1584,2.338,-8.7663,-7.2005,-3.3655,-7.2972,-7.9248,8.1657,9.4706,4.1004,3.2844,6.7337,8.029
-7.6679,-9.3884,-6.3246,4.3457,-9.1677,-8.3835,-3.4761,6.0367,1.2786,-8.8104,-4.9619,2.6642,-4.2343,6.3271,9.6516,0.7981,-2.0065,-7.249,0.3487,-6.4937,-9.9649,-8.8757,-1.6264,-8.0909,1.1357,-2.9037,3.37,-0.3508,5.0899,-2.7402,7.632,9.3834,1.0194,-4.0923,8.5554,-6.6111,-0.118,3.7405,8.4341,4.0367,-0.9636,2.9086,4.9854,4.7735,4.0163,6.3488,-2.0857,4.2717,-7.5261,-3.9999,-1.9021,4.852,1.1181,9.0694,5.1943,4.6013,-3.9812,-4.117,-1.8122,-0.6374,8.5243,-8.7348,6.4209,2.3139,6.8387,2.3965,4.8078,3.9825,-5.4478,3.6073,3.2043,6.3716,-5.6076,6.1178,-6.6936,-8.3303,-2.4158,-1.5527,-8.9755,6.8111,-4.2138,-7.6552,8.5857,7.8428,1.9718,-9.3303,5.951,-8.7291,-1.8118,5.0949,9.8649,-5.7194,8.1604,1.1867,-2.9321,2.3746,4.0342,-7.2307,1.4728,-1.7887,6.0912,-5.6322,-8.2222,6.3753,-7.149,1.494,3.1241,2.8883,1.8008,-4.4831,2.726,6.0966,2.1566,-1.9159,-7.3497,-6.0254,-4.3811,5.005,-6.4085,4.5579,-8.6165,-6.7763,6.5318,-2.1404,-0.2561,5.8468,3.2706,5.157,0.2752,-8.2548,2.5466,-7.6572,7.18,-1.1364,-1.2887,6.9209,-6.206,-4.2611,1.406,-6.5993,-3.1334,7.4643,-5.9746,6.7717,-6.3444,-4.1679,7.9791,8.2749,2.9375,-6.0718,-5.7497,-6.7805,6.6267,-0.4424,0.8678,-0.2941,7.6571,6.1658,-7.8862,0.5261,6.2904,2.6434,-6.7704,-4.838,-7.9209,8.6668,4.1118,-3.4645,-9.5939,8.1395,6.5422,-4.0704,-3.2936,-7.3325,5.5261,-4.1333,-4.6038,-4.037,-4.9127,1.9789,-7.3359,4.9598,6.4759,-8.2712,-7.8672,3.7265,1.6985,-4.0965,7.582,-5.6757,6.1124,-2.9138,-1.2455,5.65,-0.0822,-8.8279,0.9704,5.3693,-9.3184,1.241
9.9146,-4.7772,-6.6485,-8.3276,0.1901,8.6473,9.4826,6.6642,7.2399,-1.8033,1.1516,-5.1959,-9.1202,2.3693,-9.9571,-2.5944,1.7538,-6.361,-2.2859,9.7157,1.5763,1.3111,0.2054,-5.4494,2.4255,-9.9225,-8.2322,0.6934,-2.1695,-4.7233,-2.9885,-7.9289,1.7516,7.7302,4.967,8.9641,-7.8366,2.5402,-8.0199,1.8488,-1.6227,0.5379,-9.9847,3.7192,-9.7509,6.0658,-9.9695,-6.8884,7.0665,-9.4953,8.2425,9.9941,-4.0589,2.7082,-3.8531,-0.9105,-1.5406,4.9957,-8.4856,-1.3808,-8.3159,-9.7658,9.7679,1.6881,-9.4106,-2.4196,4.8163,8.2659,-1.9936,-6.4527,-5.7495,-8.6497,9.8449,-2.6055,9.4612,4.1457,4.756,-7.1681,5.8092,8.3343,7.129,2.8874,3.5465,5.3608,5.3082,-7.4133,0.1674,-6.258,1.3758,9.2594,-9.6503,7.2212,-2.5804,6.9774,-4.6807,3.7783,5.9356,-9.075,-7.3426,-0.9193,7.5584,-9.9037,6.298,-4.9471,6.6873,-5.4324,-9.1406,-6.7495,-6.5189,-8.4423,-1.4843,-0.0179,8.0505,4.9425,6.9038,-3.1186,5.8697,-5.6672,0.0628,1.3672,4.4965,-8.3689,-1.7694,-2.0378,2.8377,-0.3049,5.8965,-5.4234,4.2479,3.3263,-7.4306,0.8846,4.467,4.2998,-7.2248,3.2108,-6.9717,9.0018,-0.9481,-2.4145,-4.9288,-8.5503,-8.1204,0.146,-8.4076,-1.4978,-5.6424,-0.5275,5.2897,8.3153,9.8316,7.1874,-1.9038,-7.7886,3.0796,-2.9209,8.2498,-8.3729,4.3011,-7.8997,-8.3974,-9.9984,-6.798,4.9985,2.5769,-7.4606,1.8321,2.7057,9.2073,-1.2908,9.5286,2.2294,8.2348,-4.6105,0.958,-7.4498,-4.8681,0.2085,6.9277,0.9093,-5.3129,8.286,-3.3117,7.7246,-6.7096,-3.7553,-7.4667,-6.991,6.6199,-8.2943,0.9405,0.426,3.2657,-8.8003,0.962,-6.0246,7.2491,9.554,-9.056,-3.649
1.9432,-9.1441,-9.5998,6.4016,-6.839,9.2139,4.7124,-6.9762,-1.0513,1.2931,-2.8182,5.4062,-6.0721,9.5526,-3.2142,5.3986,6.9382,1.5238,-9.9324,2.7546,-8.1722,3.0616,-9.9547,-1.2809,1.5079,-5.3469,5.8055,-4.1833,-7.9745,-8.5724,6.8065,-7.4548,-5.3058,-5.4972,5.0361,7.9145,6.6989,-0.7322,3.6744,3.0884,-2.9134,8.9324,-5.4794,-3.5528,3.4293,6.6817,7.5326,-6.0,-6.4051,8.2672,-3.7811,-2.8368,2.5862,-0.3539,4.9835,8.6521,1.8615,-1.5628,-6.1203,-4.2429,-8.7173,8.3479,-6.3219,-5.5217,-6.4802,-8.9707,-9.8261,-5.5169,-2.1858,3.4368,1.293,-6.1362,-2.0779,-9.4821,5.3029,-8.3522,-8.5269,-1.298,-4.2254,-0.5582,8.3671,2.7548,-7.5175,2.5603,-0.4738,2.8164,-1.265,1.4395,5.7244,9.4615,8.8909,-7.2682,3.7602,8.2414,-4.8558,4.1073,-8.1433,-7.7653,-5.8302,-1.4099,8.8353,-9.6457,6.0182,-8.3936,-2.5728,5.7319,9.4881,-6.6054,6.7928,-5.3569,6.5915,4.0391,1.5194,3.0039,5.6193,3.3107,7.437,6.0466,9.4632,5.0611,-0.6111,-1.1613,4.0323,-8.6269,8.5683,-3.696,1.2611,3.8998,9.7301,-6.9323,-8.4194,-4.1999,-4.5151,-2.094,-0.7154,4.0757,-2.5353,-1.7442,-1.0648,-8.4699,9.4192,-0.6745,-5.2248,4.6899,6.7953,9.7323,-2.9087,-9.3725,-8.396,-8.6668,-4.1055,1.0771,-0.9985,-4.2802,0.3491,-1.5718,-8.0575,4.0248,-9.1923,3.7914,-3.7793,-8.5585,-2.0936,8.5794,3.741,8.4215,1.5531,2.8199,-9.8905,-7.1357,7.5054,3.3599,3.9536,-2.5203,0.5814,8.2848,-2.1582,-3.9537,-9.3732,5.4166,2.1947,-4.6744,7.7989,-6.3777,1.0375,-9.9322,-6.7186,5.9395,-1.4842,7.0879,6.7143,3.4473,-6.0006,-3.6974,4.4533,0.8815,-4.0414,3.5093,-2.6149,5.5498
-4.5461,-5.2929,-0.7211,2.3106,-0.5449,5.643,-8.3794,9.4062,1.8713,-3.6252,-3.821,4.0865,7.4502,3.9783,-2.3875,0.8211,-7.8033,-8.1395,-8.1136,4.6193,-3.8038,5.2048,9.2869,-2.9364,8.2709,-6.8955,4.6353,-4.7945,-3.2108,1.3186,0.5395,1.9246,-4.6332,7.9283,0.4447,-4.1102,6.5664,5.5137,-5.7021,-5.8216,-5.1575,7.9919,6.1363,-6.5612,1.3357,7.7556,-0.8661,-9.4409,-0.8147,5.4256,-8.9801,-8.9507,1.3482,7.2311,0.8187,-5.1472,0.0679,-0.9999,1.8906,-7.5193,7.9302,-4.5827,-7.5296,9.7501,-4.3812,0.7947,4.3621,-7.8756,-3.4054,-4.1839,-3.9354,7.2249,9.7784,6.9074,-3.5262,9.8067,3.1912,-3.7311,-2.6815,-2.1764,1.8314,8.2185,-4.3776,0.3754,-5.0604,-9.0104,7.1466,-1.1627,1.9707,3.5447,-5.9959,2.3342,-4.3998,-0.4206,9.7756,-9.0312,-6.156,5.8081,-5.5132,-6.1565,-0.8764,4.8146,8.178,-3.7504,-1.3947,-0.9923,4.2875,1.921,2.6594,-6.542,-3.8122,9.3407,2.4363,-5.6245,7.5324,-8.1672,9.5016,7.4328,-3.9082,-2.8054,3.3998,-5.4441,-5.0171,-6.1165,-9.3818,-4.5969,7.5637,5.116,-1.5126,-5.7461,0.8264,-3.2788,8.4715,8.0612,-4.7065,-5.4147,-4.2681,-8.4563,3.2442,-0.5488,-9.656,9.7387,-7.6345,3.0439,5.1767,1.9156,5.2127,1.7215,-3.617,6.9284,-3.9964,-4.8769,-4.9191,3.1047,9.4729,0.9166,4.4984,6.4159,2.6071,-9.378,2.7897,8.0741,1.3345,0.8168,7.4244,4.8545,-1.0972,7.9585,-9.5747,6.2857,-5.7575,-9.5184,-6.9048,9.7918,-1.6966,5.4081,-7.3754,8.2245,7.5919,7.0833,3.6135,-5.9654,-4.0938,-7.3902,-0.4855,8.2222,-4.3515,-7.7995,-8.4074,-1.6386,-7.5026,1.2158,2.9586,8.0758,-4.56,-3.9236,-6.8046,0.4948,-2.8658,5.0148
-2.7594,-6.9933,-9.1142,3.8129,-3.3382,1.1053,-9.4196,7.7527,-0.4411,8.0512,-8.8239,-8.8874,6.0197,3.2274,1.3389,-3.3155,-5.1071,-6.1139,9.0804,-8.7922,2.073,9.3678,-5.3296,8.3772,-5.1661,2.8345,1.2163,3.3014,6.3459,-8.7089,4.3823,-6.0393,9.9072,-0.8902,-1.1435,-8.6714,-3.2964,-1.9351,-1.0732,-2.8209,-5.5545,-3.3182,-4.9594,4.0878,0.8725,-7.964,-2.9866,4.2917,-6.1601,9.7011,6.9156,2.0844,8.5843,1.2784,0.8584,-6.0931,0.1,8.5565,-0.5233,-7.7292,7.7668,8.9664,4.1044,8.3993,1.0306,3.2051,-0.731,-8.132,8.9413,-1.8797,3.5524,-9.6623,-2.492,-1.4278,5.1677,9.9766,4.572,3.3139,-4.9933,-3.4496,-7.1993,-3.5252,-1.9618,5.673,-0.216,1.6808,5.4597,5.008,3.2398,4.3388,3.9655,-8.0368,6.5259,-4.8548,-1.3635,-7.4781,6.4587,2.0494,2.7114,0.6677,-9.5061,-5.8763,8.6038,-0.9264,-4.9999,-6.9247,9.4831,-6.2804,9.5235,-3.0896,2.0074,-9.1098,5.3336,-0.7028,-9.8502,2.7574,3.6949,-9.7588,-5.2788,-0.8657,6.2675,-0.7185,-0.8744,1.7949,4.6427,-9.4887,5.5028,6.5684,3.794,2.647,1.6376,6.1394,-9.0278,-8.0384,5.4409,6.1716,7.9201,2.4776,3.9688,-2.0213,-8.2537,-7.2748,-8.2396,-4.1734,2.9259,0.8815,-8.3716,-3.0206,6.4742,-1.8029,-9.897,-6.3914,7.6908,5.8513,-0.7065,-8.9223,5.1497,3.3966,-1.2086,-2.5442,3.6817,4.4323,-7.875,2.579,7.8774,7.4305,5.5865,2.7476,2.898,8.413,1.5041,-8.1834,-4.643,8.7599,4.5294,-9.1421,-1.1475,9.8563,1.9206,-4.5588,2.2206,0.8467,2.4433,5.5904,0.6768,9.3504,2.9096,-4.0154,1.5957,-1.2856,-5.8331,-6.2778,6.1307,8.8183,2.8937,-9.4697,-6.0423,7.504,6.8009,6.8046
-8.863,7.4515,-2.0926,0.1268,-9.4198,0.8226,-7.131,-1.4754,2.239,2.2804,0.0276,-5.298,-6.6652,-2.2974,6.2708,-2.4204,-9.5587,9.5144,8.2565,-5.8904,7.1466,0.5182,-3.8854,2.5232,-2.8428,6.1549,1.7701,-4.5327,-1.2588,-0.8534,5.3346,-0.7786,8.3945,5.7638,1.5391,9.77,-8.2632,-0.8267,-7.8853,-0.5011,-1.9222,3.9536,0.4666,8.3338,2.3874,-3.5588,-5.0351,0.6627,0.537,8.626,1.1913,-8.617,-1.8376,-1.5853,-5.4846,-0.3054,-0.5523,0.5873,-8.0606,-4.9662,6.5848,-2.0288,7.4432,4.3609,6.0195,0.6404,-0.5557,-7.6002,5.3927,4.6215,8.902,-5.0712,-6.795,-5.0486,7.233,-1.5703,-9.8048,3.6634,-5.741,0.5863,-8.9731,2.1021,-4.1293,8.7667,-7.6996,0.4324,-6.701,-8.0263,7.8155,2.611,-4.1413,-2.5443,-7.8765,-9.3331,2.1508,6.2097,-5.9222,-6.6553,9.8999,-1.1915,-3.3778,7.7067,4.7573,-8.122,3.9539,-2.8257,0.0028,-3.1021,8.1325,-5.1052,-5.456,-1.7062,7.0152,-0.1738,-2.0824,4.4601,1.1061,9.9227,2.3298,-9.4929,-7.5073,0.7488,-8.4331,8.1756,5.5513,5.5933,-1.2709,8.5215,-7.3673,0.0327,-2.6877,-9.7892,4.7939,3.3312,2.941,-7.621,-1.2157,-6.5935,0.9826,-1.3219,-1.8649,-1.9591,-3.6981,0.4719,4.3776,-3.8377,4.4777,7.3586,3.8254,-9.8799,1.3071,5.3664,6.736,-1.5776,-5.8324,-9.3311,-4.2243,6.8636,-0.994,-8.2238,8.2266,-4.4353,-9.487,-1.0731,-7.4981,1.3106,-3.0437,7.2599,-4.6495,0.1049,-2.8222,5.2033,-3.8282,-8.1385,6.2039,8.0719,-6.819,1.5883,4.056,-0.1229,1.395,-3.249,8.4854,3.9656,5.5238,0.4683,3.5752,7.0879,1.6525,0.5569,4.4729,8.4724,8.2621,-5.5989,8.3595,-9.5512,0.5876,-7.6578,3.3932,2.6157
-0.9962,-7.1277,-0.0513,1.0361,3.5373,0.2989,2.218,0.4435,-2.6838,-0.0282,1.9868,-8.4316,-2.5657,-6.4436,6.6648,-4.2929,-3.5494,6.4607,-5.7167,2.7739,3.8222,-6.1983,3.7441,-0.7834,2.2683,-1.5034,5.5202,-1.2294,9.7659,-9.8027,8.5016,-2.3859,1.8071,2.2156,-7.5813,4.5432,-1.923,-9.1259,3.0624,-4.0445,-6.1474,2.9943,9.8208,-7.9992,8.3396,-2.3816,1.8921,-2.4769,9.5743,4.0496,-7.1804,8.5124,2.6481,2.4645,-0.1746,3.5266,-0.1352,0.3959,-3.6303,-2.173,9.4769,-5.079,-8.7226,8.8604,-3.315,-5.2762,6.0421,-6.6185,3.3596,-0.7799,-5.4409,-4.2454,3.3904,7.1329,-9.6826,0.0044,5.7212,9.7801,0.3325,-5.9363,1.9606,5.1888,3.6353,0.1638,-4.5203,1.9533,1.0744,1.3007,4.8939,-2.1021,1.1495,-6.7708,-4.8279,-2.3783,-7.4614,-1.8624,2.7995,-6.8903,9.3987,9.6672,-2.4992,9.4219,1.1142,1.5735,0.1476,5.7889,5.8082,0.6139,-8.2697,0.0434,7.7174,6.1893,-8.8565,-6.0258,5.3236,1.7234,-8.7412,9.1342,5.1857,-1.1765,5.3607,-6.0409,7.6098,2.4278,5.5499,-7.7642,-2.9838,-0.0322,0.6851,-6.4644,1.4694,-8.2713,-2.563,-9.8079,-1.8515,7.7228,-4.3961,7.2353,0.1944,-2.345,-8.6916,0.4019,-3.3284,3.5372,-1.978,-0.6176,4.995,-8.4728,-3.2448,-0.118,-5.0395,2.843,3.2383,5.7709,-4.005,2.584,-2.8893,-8.4404,2.1204,-5.0035,5.2676,-6.4671,0.4652,-2.2844,7.2174,1.1242,4.2527,-5.0667,8.3029,-7.6922,-2.7319,-9.7597,7.0419,1.3401,-7.7311,2.2028,-6.4796,-9.9924,-0.4369,-1.9164,2.9757,8.1522,1.1697,5.9249,3.014,5.8011,7.0841,-7.4489,6.7394,5.6352,4.671,-8.4809,0.783,2.2905,-7.4844,0.0723,9.3873,3.2302,2.1373,1.4698
-4.8808,-0.2613,8.8514,-4.8191,9.4889,7.1662,4.0384,-2.6328,6.0138,3.6001,-8.406,1.0776,-7.5011,-6.834,-4.0734,1.7029,-6.3737,-4.4228,-4.2317,-7.4239,-0.5281,7.0205,2.1245,4.9123,6.9437,-0.7545,-3.6863,0.5984,-3.0903,-4.6866,-9.91,1.8003,-4.7324,9.91,-5.3933,8.0878,3.7729,-8.9886,9.9125,-0.8982,-7.4401,8.2245,-2.3091,8.5919,-4.3642,0.8808,-5.5058,7.2832,-1.2887,9.6847,8.2729,-9.6528,-0.6926,6.4925,7.3274,-3.4815,-7.6008,9.2255,-9.4752,-8.1957,4.4782,8.0829,3.3213,8.7245,-2.9517,0.5118,5.0815,-7.4112,6.6259,-9.5958,4.8801,-1.6531,2.9534,7.5578,-0.0677,9.4936,-6.9443,1.3367,5.3514,5.7376,2.4467,-7.8942,-3.4401,1.5192,4.369,-7.1839,-8.0422,-0.292,-2.0162,-6.719,4.2222,9.6362,-2.7689,8.5396,7.3786,5.7478,-6.6745,-0.8972,5.3048,4.1393,-8.7487,-6.2365,5.7751,0.852,-4.8322,-0.558,6.3814,-7.5234,-7.764,-2.0958,-2.4513,-0.0713,3.1318,-4.9901,0.3851,-2.4025,-0.9208,-7.6702,7.8898,9.6129,5.7359,-1.4987,-8.6762,-1.9751,3.1402,-7.211,0.5757,-5.9122,3.6835,-8.2158,5.6104,1.2819,-4.6873,5.2079,3.0377,-4.1527,-0.704,2.0682,-9.2148,-7.5478,6.5404,1.9046,3.5284,1.6989,-3.2644,-8.0156,7.1198,4.2426,7.7235,-6.5929,4.4642,-6.6036,-6.5238,-5.0964,-1.2112,-4.7613,-0.2319,-1.1187,7.6738,6.0898,5.6689,-0.7573,-7.16,3.187,2.3946,4.1982,5.3518,6.6986,7.3705,6.2485,-0.5694,4.8813,-7.8724,-7.0632,6.0456,-0.2985,-0.5644,-5.775,9.0289,-3.5389,5.4464,2.4957,0.9645,-9.7541,-5.8216,-0.8016,9.545,7.4491,9.6866,4.3102,-9.28,-1.8551,6.6689,0.1603,-1.8118,9.9751,-7.8401,-0.7992,-0.0587,-3.8116
9.1639,-1.5602,-8.2087,2.4493,3.8723,0.5792,1.5613,-1.5683,-0.7759,5.9437,9.4335,3.659,-8.3768,-8.5685,-2.993,3.1054,7.1089,-5.4126,-4.9521,1.9667,-7.1022,-5.0633,9.1639,-6.945,-6.2762,-3.2479,4.0577,1.6172,-6.3454,9.1337,-5.5352,6.7357,1.0873,5.6926,3.7282,7.1411,-5.7081,-2.8996,-8.5003,2.2733,-1.071,7.7114,-2.3608,-5.21,-3.8079,-5.4114,8.4389,-1.0332,6.5768,-6.7141,3.2432,-0.8497,2.9367,-9.0951,0.9382,-2.391,-9.1111,6.3012,-6.9977,1.6531,-6.6097,1.8917,-0.4816,3.8659,6.3262,-2.5569,2.5088,9.7488,-6.541,-9.0446,4.9793,3.9137,-9.4227,-8.8688,-8.1444,8.5317,7.2198,-7.3387,-2.202,-5.5987,1.5977,-4.6503,-8.0635,-1.6288,6.7512,9.0533,-1.381,-2.7288,-9.542,-9.5375,4.8483,3.7098,5.6353,-4.6561,-1.822,-1.4975,8.4565,-1.3599,0.9783,5.2421,5.3087,-6.7707,0.625,0.5302,-3.1467,-6.9634,3.953,2.9101,9.3684,-6.8598,6.5237,7.5705,-6.2624,5.5416,-9.8808,-4.0828,-9.82,5.1178,-4.839,-0.2421,5.0031,6.8614,-3.1146,-3.4842,-1.2963,2.898,5.4137,3.587,-4.0827,-8.9526,-3.3022,-0.761,-5.3228,-2.8947,8.3606,-9.4642,2.6033,8.7486,-0.1913,5.7399,-5.9728,-8.8587,5.6873,2.2702,8.6694,-2.8556,2.0078,-1.5747,7.8282,5.064,7.32,-6.3445,9.0732,2.8897,8.4368,-5.6192,2.0419,2.3971,8.6776,5.2738,6.9608,0.7037,-5.9127,1.5031,1.8641,0.0736,5.0719,-3.1886,0.4949,9.4213,-0.8403,8.0398,-8.5728,-0.5577,0.14,-8.356,2.4646,-3.137,8.7891,6.8517,9.8592,3.5642,0.098,-9.2209,-3.5916,0.999,-5.848,9.9835,-0.7415,-8.6565,-8.1967,2.5122,1.6702,5.6286,-2.6455,0.3099,-1.7835,-0.8173,-2.6992,7.9412
-4.3885,9.1144,-9.2794,-1.0304,0.5762,4.0195,8.4523,-5.0163,-8.1973,9.1277,-4.8584,-8.3951,-1.9968,2.0729,4.4883,-8.1823,-7.7347,-6.7985,-2.8747,-9.5415,2.7585,-5.6652,-8.336,2.1943,-8.4592,-5.8427,2.4725,-0.4172,0.9341,8.2973,0.6891,4.482,4.7144,-7.5633,-6.1348,-4.6282,-6.456,-2.4907,-9.1651,-3.2063,-8.501,7.2978,7.053,-7.7002,-6.4696,6.2638,-0.0758,0.8415,-8.7462,-5.0218,3.9796,1.0955,2.7217,0.5882,-3.5023,5.7413,1.9217,-9.8264,4.5358,-5.6161,-8.4802,1.8457,-9.3809,9.9811,-3.4615,6.5887,-8.0429,-9.6306,4.1225,-4.7473,7.6166,-0.8028,-4.6952,3.144,-4.3711,9.067,-1.4877,2.2997,9.8687,2.6055,0.5342,-9.5188,-7.3423,-1.0786,-0.7697,-9.8407,-6.8873,6.9182,5.729,6.2125,2.2362,-9.8906,0.9229,-8.1203,-9.7213,5.6401,-3.384,-9.1887,7.6537,-4.2352,-9.6783,-3.6048,-6.0589,0.281,-4.7092,5.7057,-3.1028,-0.9329,-7.8092,-5.6122,-4.8028,0.3199,-7.6571,-1.1909,-7.3822,8.28,-9.9499,-6.8917,-8.3302,-6.5232,1.6351,-2.3174,-2.6921,-9.5372,-4.7859,6.3945,0.3025,7.5114,0.2469,3.7848,-7.8907,-8.2617,-5.7756,-8.4886,-4.0994,-6.5021,-0.4057,8.4752,-2.4805,4.3765,-1.9804,5.2815,0.3336,9.631,-2.5116,-5.2211,-8.6499,-8.889,-2.2723,3.0019,-2.901,8.5522,-2.6196,-0.9903,-7.4849,-4.0626,-2.03,-5.6899,5.4506,0.2722,-9.9945,-7.603,-1.5354,-6.6854,0.0776,8.3128,-3.2562,1.6281,5.9697,-7.2938,-1.1826,0.0712,2.9293,-0.4359,-1.1518,4.1385,5.3964,0.1166,8.8169,5.5047,-2.3405,-9.7109,0.7269,-9.0283,9.4438,9.8929,-3.9593,-9.1668,-7.2791,4.8362,8.5951,-6.4876,-4.0118,9.7264,3.5319,9.9288,7.9209,5.5918,4.832,-0.5786
-0.789,6.752,4.3314,-1.6766,-1.3086,3.0583,9.244,-5.459,8.2879,2.6057,-9.5265,1.5143,7.9643,8.2037,-8.1889,9.8284,6.5603,2.9046,-0.376,1.1548,-6.6897,-7.1348,-3.0747,-0.9124,-4.1387,-3.1434,3.4446,-2.2582,3.0986,3.9436,-1.5516,-7.8738,1.0365,6.6332,6.8591,2.3871,-5.6676,-1.4742,4.4334,-0.4468,9.5321,0.7705,3.1566,-3.1193,1.9678,-8.0093,5.2633,-6.3402,-2.9778,-5.0996,2.9281,-7.3109,-7.4916,-0.3953,-2.5768,-8.1506,-4.4904,-7.2292,2.1034,7.7266,1.2215,-1.4014,3.3882,6.1117,0.2665,7.5839,-3.1493,6.4567,9.7013,1.3025,9.6962,-8.3173,5.3777,-2.077,7.4479,-6.9248,-1.1538,4.5548,5.7977,-7.401,4.627,-6.1578,-5.8579,-9.847,3.0093,-7.8767,8.3944,4.9447,-2.6851,-8.4494,7.5113,1.3126,-3.074,7.1935,1.8337,5.5792,4.3233,-4.3197,0.0452,-0.9387,-2.6083,4.3506,3.9526,-0.5625,0.5704,-2.9228,0.0006,-4.2595,7.5027,5.3637,2.3124,8.2206,8.7613,7.9075,-1.3958,-8.3772,5.5927,4.5979,0.0077,-3.1385,4.5853,2.6233,8.7809,6.2048,-9.7221,8.1441,-8.6969,7.232,-8.9981,-4.3315,-5.675,-3.6442,-1.5011,8.468,-4.2352,0.9177,9.5535,2.2397,6.8417,-9.0511,-3.7494,-8.3842,9.5771,3.4554,9.348,7.9136,-1.2974,-5.4899,-4.5237,6.8428,1.3025,8.1813,0.784,9.9905,-4.2352,0.9458,-2.6408,3.3959,-5.3706,-2.1702,-2.4139,5.934,6.688,3.9654,-2.4524,3.8462,0.8535,3.2365,-3.8278,9.1158,6.5313,7.636,-7.0389,-0.3253,-9.2351,-8.8407,8.4624,2.3029,-5.5783,-9.1273,-9.8197,5.499,-0.5001,0.1104,-5.9802,-2.3994,-6.8953,-2.5698,3.9977,4.9077,-3.2615,6.1901,9.3593,6.9795,0.7675,6.3063,-4.3688,4.3021,1.8211,-1.8045
2.2063,-3.1195,4.8913,8.317,4.0515,4.5,-5.6903,1.632,-5.843,5.5729,7.0129,-5.8671,0.9382,1.4394,7.8783,9.6198,8.3027,2.4721,-8.4872,-4.2785,-8.5217,3.9808,-0.0034,-6.5233,-4.0238,5.6729,-9.4968,-1.1036,-6.9604,-5.977,-0.8323,-6.0738,6.9235,9.8945,6.1236,3.5006,-8.6031,-0.7499,-0.7517,1.1141,-5.414,3.857,-6.3386,2.2452,-6.92,7.0969,-8.9432,-9.7544,5.8345,6.5611,5.048,4.9376,-2.1658,-7.5793,-3.2542,-8.2021,0.8363,9.8946,0.9701,-8.6121,0.7239,-6.5048,8.9801,-6.2419,2.0303,-2.239,-9.3953,-9.2488,1.154,3.3415,9.0508,7.2679,-7.6212,-6.3913,-3.7771,4.9219,-5.4345,-1.7328,2.1104,1.3437,-5.8462,2.7271,9.2673,-1.4083,2.9035,3.464,1.8648,5.1866,-9.8222,0.6765,-8.7723,-0.869,8.7152,-8.8009,2.8487,-5.3384,-3.7152,0.9416,7.9033,-0.3448,6.2629,-4.614,-4.6089,6.7688,-8.4368,9.9395,8.9008,-9.2405,-9.1386,-9.0178,-0.5573,4.7867,-8.7332,3.9938,5.4593,-7.0632,-4.7624,-5.8748,1.0672,2.9687,7.5149,7.5383,-4.7141,-3.0471,2.5031,9.9283,-7.711,9.4134,-2.4082,-7.7853,8.9571,-2.8297,-1.6478,3.6693,5.1952,-5.1882,-4.2861,-5.9011,-0.1822,-2.0699,-2.6547,5.5038,-2.565,-7.0747,9.3648,9.9478,1.2244,4.581,6.3717,1.5945,2.6197,-0.5488,5.2054,5.8506,7.6356,-4.1275,6.393,1.06,3.9041,-0.3475,-3.8836,9.9321,-4.6063,8.2562,9.9377,-9.6987,5.7177,8.7576,-4.6506,-6.6436,-9.5687,-5.0772,-9.9755,-0.8495,-4.1936,9.3364,8.6425,7.7267,-7.6663,5.9763,-8.4871,-8.6799,-1.7782,-4.7343,-9.5097,-2.6426,-5.6264,-7.6217,-2.4684,5.8385,1.3713,4.6749,2.506,6.3983,-4.2677,1.3457,-0.7658,0.2161,-5.9227,1.0991
7.0117,-0.0003,-5.2721,7.4087,-8.764,7.5083,6.1665,-5.2262,-9.3587,-8.8014,-9.4268,9.2836,8.9664,-8.6959,5.6038,0.9069,-8.1219,7.5025,-5.1948,6.1304,2.6547,-5.2992,-3.1084,-1.9616,-3.3583,6.3185,-1.9676,-2.9474,-2.8096,-6.3345,-3.4511,-6.8272,-2.4709,-1.9187,-8.012,7.0363,0.8415,4.3099,-6.2995,-8.9237,7.9851,4.303,1.1755,0.1485,6.2507,-7.2872,-4.8863,1.712,-2.4276,-2.4027,1.3304,2.5348,-9.9412,2.0883,-8.3748,-0.2121,-6.3117,4.7335,4.1554,-7.4453,2.455,6.155,9.6583,2.0259,-1.2638,9.657,8.3115,-0.4058,5.6484,-4.396,6.0611,-5.1303,-5.903,2.7406,5.3753,6.7246,0.9498,-7.5939,4.8574,6.0726,5.2759,-1.2144,-2.3019,2.6016,4.4245,9.0064,-1.702,9.656,-9.7783,-7.2784,-8.8395,8.3312,8.766,1.5628,6.832,-8.1061,3.6636,1.11,3.8687,-7.8342,-4.5659,-8.2793,-3.9777,-3.142,0.4979,-8.1682,3.4164,-6.8079,0.9363,0.0956,4.1303,2.9139,2.6078,3.4336,0.9235,-9.3706,9.6094,-3.7246,-2.6107,1.1449,3.2271,-5.3639,8.5775,-4.9336,7.2575,-8.899,9.2153,0.1928,-5.8237,-2.9375,-8.1782,0.3751,5.0598,-2.7206,8.3598,-7.551,0.7859,3.0892,8.9703,7.6706,-6.9986,-5.4654,5.3789,-0.0424,-5.9384,-5.9666,-7.3935,-7.2207,5.6685,0.7015,-2.3762,2.4004,-0.0259,-9.1961,7.8805,-2.0166,5.6158,-5.2345,5.7935,6.5778,4.3153,2.5116,-9.8675,-8.3307,-0.3469,-5.5463,-9.3066,4.8575,-8.5384,3.326,1.1277,1.6166,-8.3885,1.7013,7.8774,-5.5247,8.8997,6.8775,9.1847,1.3043,7.9004,-6.5414,-7.8157,1.6027,0.5308,4.9796,0.0143,-4.5627,-5.7391,6.0556,4.3503,-4.205,-9.3222,-4.3019,9.2414,-7.1495,9.2056,-2.7944,0.4416,-9.6496
2.2144,-8.2524,-4.8027,-1.3559,4.9428,3.6672,-8.0613,1.7854,-5.8223,-0.4375,-7.3515,7.2066,7.6389,-1.5351,-5.8416,6.1883,-0.2354,-8.8324,-4.5336,6.1737,0.3306,4.6421,7.6973,-6.6787,-2.0595,1.0075,-4.2933,1.7727,-7.8145,-2.2877,-9.0187,-9.5322,3.731,7.0153,4.3884,-6.671,8.3589,6.9974,8.5777,4.069,6.0218,-7.8255,-6.823,-3.6779,7.9899,2.7683,7.4677,-6.5837,-9.0963,7.4425,-4.9992,-8.6174,5.7359,5.0941,-1.7472,-0.6531,6.968,-5.0905,4.5178,-0.8649,3.1441,-2.5665,-5.4827,5.6643,4.2689,5.2457,-4.9539,6.69,2.1813,-8.694,0.9659,-2.0458,-5.0449,-2.5127,-1.6072,-9.9024,-5.9738,-8.8512,-8.1956,-5.8017,9.2177,-8.9215,3.1624,9.7323,-2.5605,-9.1371,-5.1083,-6.193,-0.5239,8.9827,-3.4876,0.9624,-6.3258,6.7443,2.6319,-0.754,1.7583,-0.2011,-0.4852,-6.8883,-0.8011,4.9627,4.7434,3.9519,-8.3125,7.2103,-9.4415,3.9156,-1.59,5.3547,5.5643,7.6981,-2.5907,-7.1332,9.8835,0.8179,-1.5834,8.8799,8.1618,0.2601,5.7844,8.471,-9.512,-6.2398,1.2506,-2.0862,-8.0268,-7.9438,7.042,3.0219,0.0724,4.3381,9.1259,-0.0054,6.2218,2.053,4.3422,5.4114,-7.9337,-8.9759,-1.8856,-3.6586,-3.7437,-0.3633,1.0772,4.989,6.666,7.452,-0.1758,4.5044,6.9481,-2.1504,-7.5381,6.2832,-5.0559,7.5241,9.6864,-0.9208,-5.7144,3.4768,1.6226,0.2909,-5.1159,8.4467,-6.0046,-5.8941,9.4452,-4.0419,1.5088,6.7017,-8.0621,-3.487,0.9922,-4.9832,2.1134,5.3258,-5.0607,-4.302,7.2574,-9.9244,9.8903,0.8435,1.5804,7.1302,-1.4831,7.0535,1.028,9.1533,2.8781,-7.1586,-9.4392,1.8574,-1.7909,-7.609,7.1651,-7.1076,7.0123,0.5681,-0.5603,-2.398
-2.0907,8.3818,-6.9583,4.9153,1.1429,0.2201,-8.2182,-5.537,-3.7765,6.72,6.4924,9.7002,-6.7822,3.0574,-5.506,9.301,4.9122,-8.0536,0.5926,0.6186,2.3487,2.5795,-3.5143,-0.6588,1.8306,-4.3844,-8.3019,0.5623,3.2609,4.8811,5.339,-9.4834,-0.5092,1.0375,6.1784,6.9129,5.9993,-8.1682,3.5151,-0.9442,4.7962,2.615,-6.8357,-4.2132,3.8842,7.671,4.3275,-7.6202,4.755,7.8851,5.2856,-5.7452,4.4424,-2.7234,-6.07,-5.346,-1.7085,-9.3675,-3.2216,5.3234,9.5476,9.7762,-6.0599,9.835,5.7712,3.3056,5.5567,5.0998,1.6073,7.7408,-0.9651,9.1827,-1.7643,6.2947,1.6862,-6.8452,-6.1378,-5.7514,-0.4219,0.4657,-5.4148,3.6744,3.4741,-2.9643,-6.6613,-5.2678,8.3125,5.1491,8.3164,9.0396,-7.4458,-8.6863,7.6352,-2.8407,8.2025,7.9157,-9.593,4.1251,3.7436,4.6702,9.921,9.1742,4.3462,-9.3028,-8.3965,-3.9314,-6.716,0.9832,-8.0094,9.7305,-3.5429,1.1615,8.6818,-1.8253,-1.8275,-4.1245,6.3646,9.6231,8.8683,-9.5871,6.9325,-4.8905,4.2137,-6.6012,-3.0905,-0.6611,5.2452,3.113,3.3703,9.628,-9.6006,-2.6175,5.2846,0.785,1.2934,-6.7533,4.7938,7.2082,8.367,5.251,1.2087,3.3846,-4.1735,3.6786,-7.2884,9.1074,-9.752,-3.4627,-3.7366,6.3392,8.3674,-9.0479,9.5449,-5.6099,-5.7971,0.3079,-5.5913,9.4135,6.9916,9.9159,-3.8752,6.0453,-4.2115,-5.137,9.1964,-4.117,4.3147,0.2592,-6.538,6.4016,-7.4747,-7.1675,-2.315,5.2786,-1.6217,-3.1896,-5.8804,8.4248,-4.6608,9.4833,8.1116,-3.823,0.365,-5.3601,9.7339,4.9585,-9.2286,-5.1136,-6.5429,7.5099,1.1422,-6.0378,-8.6583,-5.1449,-4.263,-7.7643,9.0058,-0.0338,6.9203,5.1327
-9.1444,1.7875,7.1413,-3.9053,-0.2194,-9.197,-1.5369,1.5609,4.3306,-0.9518,6.2998,-2.0733,6.3359,-4.2422,3.6442,-4.3192,-0.783,8.3948,4.7725,-3.988,6.7915,-6.0744,-4.6008,-7.1372,-2.6191,1.1541,9.6716,-8.7677,-5.8824,6.9675,0.1373,2.4953,-2.3737,1.9373,-7.0023,-8.6849,2.8776,9.4108,-9.4618,-0.646,-0.5792,-2.3188,0.5748,6.5632,-5.3427,8.7708,3.2459,0.8647,-7.375,-0.9765,-1.3089,6.6971,9.8954,-4.5361,3.1728,-9.2248,6.2046,6.0925,0.312,-9.0118,-8.9359,0.65,3.534,-4.6194,6.3582,-2.0944,-5.5088,-0.4017,3.4815,-9.0422,6.7735,7.9802,-2.8883,-2.9437,-7.1825,4.4574,8.6339,6.3549,-6.4943,-7.9524,6.2593,-2.9919,-3.6744,9.9948,-2.9597,7.2876,6.2486,6.3903,-8.2338,8.5929,1.8313,4.1207,-9.0428,8.5595,-1.3196,1.9945,3.6171,8.2873,1.9571,6.4089,-6.6178,-6.9867,6.8171,-6.9515,-2.888,-9.1427,0.4789,0.28,4.3354,-2.0033,5.779,2.4681,9.3386,-6.0371,-9.0557,-5.5117,1.1012,-8.382,2.6785,2.4522,0.8179,1.7556,4.0006,-9.5126,9.5877,-5.2546,1.2995,9.7111,9.3288,0.372,-7.2618,-5.0155,0.2646,2.4807,-1.7869,-8.9128,9.9761,-9.6992,6.8643,-3.0792,8.4345,-9.9871,2.7185,7.0878,-8.3563,-5.7878,6.2441,1.1833,-1.7521,-1.8088,1.1788,-3.7601,1.2276,-7.62,-3.8025,9.706,-3.0887,6.466,8.0259,-2.5198,0.6214,5.9873,3.9307,-6.5695,6.7511,0.6502,-7.4564,-9.6786,7.8756,-0.7392,0.3689,-7.5439,-0.7592,6.8836,-5.7675,-1.1947,-9.4313,-4.5346,7.9664,-7.0199,5.8814,3.5812,-1.8067,-3.767,-4.8771,7.6438,8.5102,2.5176,7.9925,8.1073,3.637,8.3569,-5.1894,-8.1826,6.8199,-0.8677,3.3704,6.1201,3.8641,-6.4405
2.8337,0.5708,5.7097,3.3277,-2.3864,-2.3316,8.4211,-1.5964,9.4562,5.3061,2.1345,9.012,1.0541,-7.1217,6.7566,-8.6394,-3.8226,-2.6241,-5.3707,9.7022,-6.4993,2.5571,-9.9985,-0.8412,8.4057,2.6774,9.7043,-5.8744,-5.999,3.8859,6.2886,2.1324,5.9455,-1.7722,0.8475,8.5009,-7.1159,9.7104,1.5865,-7.5823,-0.267,4.967,1.3887,5.5955,-6.8788,2.2859,-3.4678,-7.393,-5.1552,-4.7916,9.9974,-1.2438,-8.1032,-1.5426,8.3174,-8.2767,2.7043,7.4293,-6.6475,3.1884,-1.895,-9.9478,-1.8981,7.4381,-5.7974,-8.2577,-5.1894,0.8165,9.4174,9.9186,8.5339,2.6772,2.6025,1.9825,-6.229,3.501,4.4664,0.0133,-0.6211,2.974,-6.9501,-2.3707,8.3329,6.4807,6.5319,-2.2606,-3.8037,3.9732,-7.2431,-0.8569,7.1909,6.872,-8.2287,7.8,6.2731,7.0945,5.7469,2.0125,9.9755,-7.2701,-6.8784,9.073,-8.3337,9.7805,2.4405,3.8123,-1.4709,0.388,-3.4923,-3.3802,6.9837,-7.1077,3.618,3.6607,9.0651,1.2076,-9.1124,8.7185,4.4191,2.5485,-5.9898,-1.2567,1.3291,-8.6148,-6.6601,-3.022,-6.8638,-3.099,8.192,-3.7336,-6.4454,9.6356,-5.1449,-9.542,2.7949,1.0926,9.969,-2.3714,-8.6878,-3.6433,0.7281,-7.4594,-9.1858,-6.7024,-8.2893,-0.926,-5.5136,-1.3359,4.1017,3.0593,-3.066,-1.891,4.3718,1.2584,0.7019,0.5098,3.0687,5.1272,-2.3311,2.6352,-1.8276,-8.4725,-3.3489,-9.4643,0.2554,5.6215,-9.2453,-3.0581,2.6482,8.4605,8.9488,-1.7636,9.3391,-8.0721,5.4718,-6.43,2.5341,3.2403,0.4553,3.8831,-5.6791,5.8848,1.9965,9.943,3.8192,-4.8845,2.9308,-2.1249,-7.5793,1.7089,-5.0789,6.7198,-7.8597,9.0481,1.969,0.3036,6.8357,-0.5476,4.6125,5.1873
-5.7657,2.608,-9.9739,2.895,-6.173,-1.6826,3.8591,0.1435,3.138,-0.7853,-5.8796,2.9185,6.6233,7.552,-9.8796,-2.1609,0.7833,8.6329,6.1239,2.3475,2.4082,7.7187,0.5824,4.5616,-6.5966,-4.4619,-6.8757,9.4889,-9.0257,4.4196,0.7969,9.7658,1.5336,-6.9566,-4.7167,-4.3382,1.886,1.9605,1.4537,-5.8977,-7.1754,-0.5972,8.9371,3.4153,-1.9477,-7.7721,2.6876,-5.1562,3.406,5.7765,2.8621,2.2965,7.3713,4.4061,9.9103,7.2145,8.629,2.8056,7.4282,8.7983,3.8734,2.5249,-5.9489,-5.9897,0.4914,-8.0769,3.0153,3.4625,-0.7845,0.782,6.3288,6.1817,-1.8154,7.0643,5.7967,-9.0541,6.3949,9.1429,9.5441,-5.712,5.28,-4.6239,6.4288,8.8383,-7.6641,5.6927,9.3457,4.172,-5.176,3.6541,-8.1413,-4.7173,-2.1808,0.854,9.1243,-4.1509,0.9911,0.2229,1.6107,-2.8775,3.6654,-8.7425,0.7093,-8.0826,5.0146,-2.564,-1.6733,8.899,-1.3459,-5.2568,4.4896,8.5281,0.3939,-7.2341,-7.1315,-2.1234,4.9979,-3.7225,-2.56,2.0661,6.3159,6.3817,-8.5596,5.1327,6.3809,-4.9863,-7.6858,-9.9585,6.7486,0.4516,9.3449,-1.7581,-6.975,2.4466,5.5557,-1.0169,9.0539,4.8147,9.294,-4.7988,3.6344,-0.2344,-2.3716,-1.4178,-2.5644,7.136,6.3286,-7.463,-2.4333,-9.3424,6.9207,0.6034,4.119,-8.65,-5.8779,-9.3669,6.5458,-6.6216,8.3608,-8.342,-9.8798,-1.5784,0.4357,3.5353,1.9206,7.1498,1.7889,-4.5288,-1.5339,-2.4652,1.3895,-1.5831,1.8723,-1.8964,3.6655,0.2929,5.9901,6.2396,3.7925,-1.915,6.3791,4.372,1.8835,-8.9769,3.6888,6.9421,9.2538,4.2636,-5.2231,3.7926,-2.7063,9.2116,9.5326,-1.9205,9.8992,-5.2859,-9.5341,-0.3591,-7.0429,-6.8287
4.0292,-3.6339,4.5361,8.4876,4.7022,-4.0977,-3.1456,-7.5465,4.4285,8.673,3.0737,8.1728,1.6971,-8.1506,-0.9833,-5.4868,0.6852,0.8705,-6.6216,2.7939,-1.7008,-0.6076,-1.071,-6.2748,0.9846,5.2459,0.4046,2.9454,0.8879,9.8192,-4.9388,-5.884,-7.5124,5.6585,-6.18,5.3985,2.384,-8.7738,-9.6894,2.8244,-6.5972,1.8101,-8.376,-3.7611,-6.2506,-4.764,0.2812,-1.912,1.4102,2.9671,5.5004,5.3178,-4.7646,5.3801,3.5998,-8.4516,-5.6976,-5.308,5.6723,-1.9009,-5.9438,-1.8858,2.588,2.53,-2.5399,-5.5297,-0.7521,-9.237,-2.1134,-7.8948,-3.9975,-0.6053,-5.8618,-9.8925,7.933,-7.4222,-6.6907,-4.6218,3.8173,6.299,-5.2985,6.9364,-7.1175,9.3264,0.8525,-5.3481,-2.0622,-1.1539,-6.1837,-9.483,0.8127,-6.9511,-2.3395,-4.9649,-8.2766,-4.8103,9.7328,3.3917,7.0284,0.0086,-8.8588,4.7972,-7.1477,4.9153,-9.3769,4.5135,5.6444,3.9863,0.4834,6.3158,0.8053,-6.9961,8.4203,-9.4091,-5.6665,-9.1055,-2.5428,-0.6634,-8.1848,1.9672,7.9503,-4.8151,-1.7349,7.9869,-6.0603,8.8806,2.9424,-6.7802,-1.0919,2.8529,-7.4352,5.1443,-1.2719,-7.6505,1.6356,5.5986,8.3269,3.0528,1.3965,0.9398,-8.5111,0.7634,3.1868,-3.0647,2.6127,9.6672,-7.4134,-4.7612,-5.8479,6.9026,-8.6769,1.96,-9.9772,8.2386,-1.093,-9.9261,-0.675,-6.1578,-2.8156,5.1177,-0.5671,2.5793,5.3827,1.5208,9.435,-7.21,-6.2798,-0.1192,-8.0666,-7.6722,5.5478,8.4559,0.5269,-3.3201,9.5498,3.5949,-2.9704,4.0223,-3.6061,-7.6605,-3.9716,1.8556,-3.4087,3.6944,-8.8108,3.3102,-2.8294,-4.7901,6.4638,0.0245,-4.1585,6.0101,3.0257,-7.6892,-7.8192,7.9396,0.4057,5.0574,-5.0171,-5.6732
2.5939,7.4827,-5.6166,-7.6235,-6.8945,-3.2675,7.2228,-3.3403,-1.1096,4.0873,-3.2958,8.9847,-1.3794,-6.6282,-3.6234,1.6811,9.2365,-7.2166,7.887,8.9013,4.3817,-9.8167,1.0793,-9.3181,0.738,1.0084,9.511,8.3776,2.26,1.5076,-5.5408,8.613,-1.6482,7.3189,2.5255,7.5029,3.3229,-3.3051,-0.0693,-3.7788,2.2513,7.6364,-1.915,0.0736,5.663,-1.5553,1.3462,0.1726,-1.8235,9.563,1.2231,-4.8383,8.6478,9.8534,-3.0829,0.1216,-0.0197,1.6549,3.5052,-2.2257,3.0494,0.2881,0.8638,4.5922,4.1971,0.0193,4.9349,4.2864,0.4128,-4.9684,6.6111,1.9835,-5.1452,-2.812,1.0023,0.1477,-1.401,-5.1873,-2.4598,8.8787,9.9294,4.8258,-9.2609,-7.7941,7.9925,-9.7433,-0.473,-5.4391,-8.1383,-8.3745,4.0089,-5.1791,-2.5105,4.8473,-3.8285,-1.7715,1.8707,1.7535,1.8749,-3.7148,-8.3304,8.9348,2.1933,-6.4609,2.6332,-8.9199,8.3874,-9.8075,-2.0073,3.5127,-0.2627,1.9948,8.8145,-3.6903,5.6399,0.9384,-2.0399,6.0731,-3.2963,-2.5461,-7.9518,-7.2778,0.6894,-3.0938,-0.3253,3.7545,1.4052,2.7263,5.7615,3.4175,-6.0189,-0.5609,-1.4488,1.9459,6.9106,7.6045,9.7429,3.7098,5.9035,-7.3407,-0.3671,3.4211,6.9565,6.1032,4.1096,8.6433,3.312,-9.7963,9.1372,-6.2453,9.7818,-1.7538,5.3048,0.7936,-6.2333,-3.7046,2.9786,3.036,0.0937,-6.7718,-2.8731,5.9029,-1.0015,0.8679,-3.0212,-4.8907,-3.1311,7.5351,3.0596,3.912,-9.0566,-8.612,7.3967,0.0727,-4.099,0.2573,8.0583,-7.3014,-3.2813,-9.3968,-8.4691,0.1457,8.3322,6.9776,-5.3824,2.9612,1.684,-8.1854,0.1894,-2.5977,3.104,-6.7187,-1.2539,-4.2618,9.5403,-4.2472,3.2828,2.8987,5.3586,3.0296
0.4788,7.9564,-4.2023,1.6963,-6.8448,-5.2822,-7.7549,-5.813,6.9206,-1.8328,-4.882,4.2691,4.8268,-7.4866,-2.237,1.1747,-5.6431,8.0879,3.7136,1.4076,-6.449,-9.9114,5.9239,0.3478,1.3552,-7.3557,-0.9758,0.9224,-2.3305,0.4661,3.9436,-1.5912,3.0409,1.5699,5.4848,1.6735,3.9233,7.0891,-0.6246,-5.9792,-5.5028,1.0978,5.1427,8.6004,6.8406,5.4875,5.3831,1.0688,-8.1264,5.5518,4.3956,5.8763,5.2033,0.7392,6.3134,2.5041,-1.6139,4.8975,7.4842,-0.0674,8.6195,-3.5488,2.5665,-9.1039,1.0214,5.8043,7.8958,2.5335,-6.8791,-4.3436,-7.5354,8.2144,-8.9464,4.4044,5.6241,-7.4686,-3.07,6.6537,7.7076,9.0571,-4.0442,-1.8357,-7.8466,-4.624,-5.7511,-5.7362,0.6364,-8.5792,5.8194,-4.5815,4.0487,4.4899,-8.3631,6.3531,7.6173,8.9471,8.0779,-0.7486,9.6144,-0.7873,-8.9196,-0.5629,9.9098,5.9064,-5.1257,8.6594,5.0408,0.187,-5.8804,-3.6546,7.7449,-0.417,5.4794,-0.5686,-2.8013,2.0589,2.9667,8.4477,5.8191,-3.4219,6.0872,4.2544,-7.2673,-9.8136,-4.8895,7.3996,-7.0139,-2.7769,-8.5738,2.7459,8.8731,-1.4676,3.5355,-4.8483,8.1282,-1.4264,-5.9982,-2.5279,-0.4427,-5.8108,-1.6827,5.1965,-6.2381,2.9057,3.0928,-0.5613,-3.1555,4.1409,4.8911,-6.5422,-4.2167,7.0417,1.9948,-9.7751,-5.3026,0.0039,-9.4187,-9.2485,7.8969,-6.7936,-5.8152,-1.959,-4.2091,5.0257,-8.4168,-1.1723,5.4133,-4.2796,0.7349,-0.3365,4.5059,-4.183,5.0534,7.9331,-4.0898,2.0192,7.026,-8.728,1.0924,4.7921,2.0668,-5.1564,-3.832,-0.0325,-4.3165,-5.0026,4.5941,6.4051,-2.555,6.6682,8.7568,2.5075,-6.324,7.3987,-2.1678,1.7329,-3.4963,9.575,5.2285,6.6048
8.6816,-6.8707,-6.4426,-5.5329,-8.8602,8.1372,9.8441,2.1086,2.0551,-2.4006,-4.0271,-0.347,4.9205,-6.946,5.5258,2.8983,4.5073,-8.3987,-3.0865,-0.1206,7.0434,0.8585,7.0405,7.1199,-2.0654,5.7346,-3.7301,-8.0912,-6.5025,-6.7783,-2.8894,7.7127,-2.9554,7.681,5.5522,4.3247,-0.0914,6.4167,-9.9839,4.2524,3.4422,8.0295,1.728,3.0228,-8.3289,-6.3715,-8.7724,-7.4534,-5.2365,4.5789,7.514,2.5399,-1.6688,-6.1385,4.9266,-5.8733,-6.9626,-1.605,9.6761,1.8738,-9.922,-2.4013,7.8262,-8.8691,-8.2585,8.8888,5.2218,6.1707,9.0516,0.878,-3.6425,8.5491,2.6265,-5.0439,6.421,-4.9533,-4.843,-5.8696,4.4962,-4.2842,2.4594,4.204,1.7885,1.4898,-8.16,-7.2599,3.1723,1.7562,-8.1796,9.6917,0.6671,-6.5396,3.2988,0.0927,3.0431,-1.867,-5.4877,2.6944,1.0038,-5.8689,-9.4359,-0.1616,-9.1964,0.599,9.9824,2.5032,-1.201,9.5376,-5.8331,9.1975,-2.2987,-7.4109,-0.0386,-4.0028,-0.6939,5.023,-1.4566,7.0496,-0.2818,-2.4723,9.3739,-7.0432,-0.282,-9.6024,-2.3109,-9.9931,-1.7888,8.8139,4.7956,8.4462,7.8643,4.0945,-3.3791,-4.6702,3.7781,-4.1522,8.632,-3.9844,1.0386,2.6988,4.7159,-5.9621,1.6312,5.2729,-6.3242,0.1695,-6.6302,8.4279,2.437,-2.9663,-9.4231,3.8101,5.4959,-1.2647,-9.5904,-1.551,-3.9768,-1.4824,-9.4554,-6.4108,6.9975,3.9495,-5.7712,-4.4462,-5.3087,5.4292,-0.8789,8.2641,-4.3612,7.6369,-7.2497,7.6777,-4.3198,-2.1438,-0.6657,5.1611,-8.0777,2.2803,3.5328,-0.8386,-8.3722,7.4131,-5.2629,8.6083,-3.0161,6.7827,2.0996,4.7645,0.4756,-1.963,6.9821,-5.7632,0.5459,-9.6906,2.269,-2.0677,6.7462,-2.1154,-2.9721,0.3913
-7.046,-8.8479,2.1341,-5.9282,-3.3555,0.2839,0.6206,-3.9122,6.0787,5.0864,9.891,-3.0801,-0.2908,-6.0687,5.7631,6.6458,2.916,-4.2732,-2.8002,4.797,-6.6211,-7.2342,1.6225,-8.3613,8.4457,9.2248,-8.8496,-4.084,6.1419,1.68,6.9716,3.5849,4.1999,8.8717,5.8771,0.2832,5.5342,3.9461,8.8971,-3.6251,7.9508,0.6831,-2.7402,1.9816,4.2964,-1.4305,-4.3727,-8.3228,-6.4195,-5.8598,3.9653,-4.5277,-0.2953,6.2969,4.2624,0.3104,-8.9563,8.0762,-0.6407,0.5116,-2.4866,1.338,7.3905,-8.7758,-2.7792,-6.6717,-5.6407,4.912,3.7288,8.4241,2.642,-3.401,-9.3478,-2.4151,-1.7978,-5.9666,7.2365,5.6513,7.0989,-9.9774,7.9553,-9.9604,-0.0409,5.3889,-7.3669,6.1499,0.6283,-8.7342,2.6805,4.8962,-6.0679,1.8639,-4.1381,3.471,-7.4649,-4.9016,-7.9804,-5.2697,-0.5907,-8.5267,-6.3033,-8.4961,-8.6041,3.2262,0.4177,2.7761,-9.1032,9.1371,-4.9865,-2.1807,-2.6212,-0.8303,-9.9427,6.1821,1.3881,-8.6893,-2.0597,8.9704,-9.6266,0.3184,0.6842,2.4439,-1.052,-6.5337,7.174,-1.0449,-7.7625,6.2521,1.2484,7.3163,8.908,0.8106,9.4478,-7.175,6.6891,7.5249,4.4709,5.3282,-5.657,9.0928,6.0869,-2.6469,-1.3192,-8.4858,-7.6018,5.0423,-3.1934,-7.7585,-0.9713,2.179,9.4029,9.4502,8.801,1.8009,5.2445,-1.0229,7.5579,-3.0838,-2.5931,-0.3773,-8.1913,4.9583,-2.6494,-6.1359,-9.3201,8.9634,8.4934,9.3836,-0.7781,-6.0643,-0.6779,-3.2671,8.0417,6.135,6.7172,6.9382,4.4955,6.9122,1.4347,5.6113,6.4293,2.1757,0.5659,-5.567,-5.6173,4.9542,-6.1494,-1.0604,9.7301,-7.9809,4.8685,9.5207,-3.2854,-6.2704,5.0719,6.0213,4.6109,0.8761,-8.8211,7.6434
-9.0287,-5.0097,-7.8599,2.8389,2.668,-9.4236,-0.184,-9.4839,6.069,-2.5008,-4.7967,7.6892,-1.9901,-1.0385,-7.083,5.7102,9.6652,-2.896,-3.0227,0.926,5.2677,3.5133,-8.3713,-7.2633,-8.518,-5.465,-6.1167,3.1418,1.2528,-1.3904,-2.5058,9.0729,-0.098,1.9172,8.944,-7.4565,-8.5322,6.5756,-2.6045,2.3565,-7.7158,-2.847,3.7879,4.9725,8.5193,-2.8924,0.2237,-6.0394,-8.8674,-9.5905,9.0915,9.011,-4.015,0.1599,0.4905,-6.2484,-7.7161,-3.273,7.4548,3.8872,5.8641,-1.8708,1.9827,2.8418,8.3845,-9.2507,-1.8617,0.9552,6.537,3.9951,-8.8329,-8.9282,-7.6411,3.3908,-8.0442,-7.8595,-6.8632,3.0316,-8.119,-0.8403,1.5649,-3.5103,-8.0512,-9.6601,9.8157,-5.5579,-3.5319,4.9254,4.5699,-6.5609,-9.6933,6.9092,2.1241,-7.0948,-1.4015,6.4856,-5.163,2.434,-2.295,-9.809,-6.8078,7.3233,0.043,5.283,-3.4676,-6.6281,-8.0102,8.5955,7.0661,-5.1159,-5.8788,3.3117,-1.0054,8.0204,5.5102,5.2651,-7.8785,2.4563,-2.8583,2.1651,-4.0613,-5.5761,-3.1405,-6.2167,9.9211,-8.4718,7.6467,-7.3983,-9.9503,6.4666,7.5636,1.9617,-3.0051,6.0224,5.836,-5.2022,-5.9059,-2.7512,-1.3068,3.4504,0.4867,-7.8104,-9.1506,-3.8486,6.4918,2.0401,9.4808,-5.0134,2.8238,5.9386,3.0312,-9.3926,-8.0041,8.4206,7.3307,-1.086,-4.053,1.5152,4.1887,9.912,0.0414,-6.4351,-9.0429,-8.8478,3.1986,-0.9879,3.3142,5.8976,1.5475,-3.8253,-7.1713,0.0224,1.2854,6.1641,9.5416,-1.0824,-2.8296,7.8407,-1.1443,6.9454,4.8634,0.1066,-0.2903,-4.4069,-8.0102,-4.4225,8.7057,-6.5009,4.7501,-7.4849,-4.8813,-2.395,4.7791,8.6315,-7.4631,3.843,1.0555,-1.0537,0.6715,2.3623
-6.3436,3.7602,2.9204,-4.6906,-8.2688,-0.8873,-7.5773,-8.0445,-9.8065,-7.6506,-5.9108,4.0951,-2.5276,-3.892,-1.2509,-8.7811,7.7268,7.0478,-6.8316,1.0164,8.9228,9.8299,6.3469,0.4136,-6.9592,-0.6366,-6.8785,-7.5342,-4.8671,9.5453,-0.8641,9.7876,-2.038,1.482,-6.8694,-2.1321,-3.0463,4.9031,-9.8903,-6.7032,-5.5487,8.7385,-0.9977,6.3867,-7.4968,8.0504,6.1989,4.8857,-8.7999,9.4543,-9.6306,-0.2902,-1.7621,8.7764,8.4171,-3.7351,8.2531,8.6871,4.8917,5.8583,-4.9307,-0.1114,9.7919,0.4568,7.1195,2.5682,2.7032,-8.8242,8.0998,6.7639,-2.5566,6.1868,8.0432,-4.1604,9.2026,-3.684,-6.7056,5.6716,8.1275,8.0703,9.1841,6.9195,-1.4056,9.4992,2.3039,-2.3621,-4.1285,-5.4469,-5.2463,-7.3148,-1.0802,9.4223,-2.391,8.3747,-0.0897,7.1441,-3.6273,-7.8321,0.019,-2.1918,-0.256,-4.758,-8.4971,1.7136,6.9883,4.4787,6.6404,6.5832,6.0641,3.8008,4.4204,9.7921,2.26,7.2956,-2.1587,7.071,1.0086,8.4859,4.6273,-6.5069,-4.4615,-3.8946,-7.2721,-2.1524,6.0517,1.6892,-2.6233,5.1397,0.8916,5.7704,2.3264,7.3834,6.7606,6.2499,7.2767,6.6239,-2.853,-2.3219,4.7194,1.5116,1.4618,8.9074,-0.6456,8.0734,0.5539,5.9647,8.4801,-1.4786,8.3186,7.6891,-6.3554,-0.5239,-5.7238,-6.0819,4.8219,5.5826,2.2327,4.7545,-5.2614,3.5264,-1.8418,3.6856,-7.1824,-9.9035,1.7021,9.7059,-1.1698,0.8867,3.4596,-1.6384,-0.9989,5.0263,3.3658,-2.5518,5.8207,4.0693,1.2124,-0.9871,-2.6974,-7.8266,4.0389,4.1583,4.1649,-2.795,1.627,-3.2544,7.7722,4.3471,6.9819,-3.9391,-7.5032,7.0246,-9.8666,-2.529,9.7168,7.639,5.2161,-9.4938,2.7085,9.1747
6.7031,6.0136,2.7472,2.3058,4.3802,0.9718,-2.7152,7.4405,8.835,7.2044,-1.5288,6.0215,-5.5195,3.9183,-4.734,9.0701,5.713,-9.4656,-7.5826,2.4956,4.5522,-5.1753,1.2984,-1.553,5.4064,-6.943,0.379,8.3774,9.1109,-2.1283,-0.5214,8.2156,5.1586,3.3764,-3.4639,-7.4357,-3.7453,2.3823,-4.3425,4.6212,-7.0864,1.4465,-4.8336,-2.8826,-8.3898,-8.948,8.7307,-9.6315,-6.9924,-7.748,-3.3293,-4.7346,-4.0006,1.2583,-5.0222,1.7477,-1.1282,-9.7824,-8.8403,-6.4835,2.9568,4.9299,7.0124,-3.5308,-8.2827,-7.6052,-0.0185,-7.6194,9.1029,-1.0317,-0.6728,0.5009,7.9025,5.9196,0.1375,-4.4739,-9.4619,0.7422,3.6107,-8.8552,2.8129,1.9646,-4.8133,7.5947,8.1559,4.8912,-7.0321,9.6917,-6.4272,8.7892,1.3701,1.3763,-5.0448,1.6621,6.6949,-9.6343,0.1555,4.3973,2.1472,-0.3381,-3.6516,3.204,8.8167,3.1292,8.2349,9.9954,-8.7553,4.3373,-8.0177,3.8119,-3.3535,-3.4947,-7.6841,-6.2672,0.744,4.9168,-0.3815,-3.5517,-9.5714,-4.6966,-5.043,1.0947,5.8183,4.2321,1.5661,-5.8031,-1.6001,1.4913,3.0916,-8.4868,-2.5164,2.6415,-4.3513,0.9465,1.2564,-5.5706,0.0051,-6.5125,7.4076,0.3087,-9.2491,4.5657,1.9757,9.2559,7.3477,-6.9068,6.5337,7.3436,-7.9363,-8.175,-2.1812,-5.2514,-7.338,7.1443,8.2531,0.9907,-4.2864,-2.6524,-9.7931,-8.5052,3.2593,-8.6906,3.4499,-5.0657,-8.4671,-1.0555,-8.9658,1.0857,-6.7302,-7.7606,-7.3643,1.9773,3.7263,9.5466,1.1843,-9.3152,3.3081,3.9593,6.39,-8.7114,6.5753,2.6893,7.2993,-9.2095,2.9492,-5.1226,-5.282,7.4381,7.9376,-4.6514,-8.5634,1.087,-9.7809,-5.0536,7.2667,-7.1538,5.5844,7.2063,2.8698,9.9545
-5.6649,-4.3206,-6.7507,-4.8665,-4.7585,2.047,2.4412,4.0089,3.1355,-0.3815,6.4329,-4.5425,-6.1812,4.4717,2.33,6.323,-4.1035,1.479,4.8778,-5.1025,8.5944,-8.7228,5.2225,-3.617,-3.5692,2.9139,-0.7341,-5.6397,8.3406,-7.6554,-7.2946,5.0798,-1.2717,9.7038,9.2788,4.8218,-0.2865,-6.3037,6.2558,7.574,-8.5766,-5.7018,8.7534,8.8059,5.5002,-9.1633,1.5042,-4.1767,-7.9294,3.9914,5.9373,3.9838,2.1454,1.3307,-2.115,-3.9469,-7.7643,3.5423,6.5967,-2.0576,6.7662,-6.3375,-0.726,-1.1076,7.2129,-7.822,4.9741,5.8908,-4.8602,-0.2094,-9.4415,7.4514,2.487,7.4402,-0.7392,-1.5207,9.5039,4.4951,-2.9919,7.0103,4.4064,-3.2238,3.3765,-5.0256,-8.8144,6.1998,9.2462,3.0332,-1.4521,1.1536,-2.6417,5.5802,5.8703,-5.0611,-3.9418,-9.4204,-5.0852,-1.0979,-9.2959,-6.7007,0.1103,3.3288,2.9971,-1.6789,-1.3038,-9.6498,2.2471,1.1033,-3.9149,6.0795,6.2263,-2.7153,0.3198,-7.7593,2.0712,6.5631,-4.6756,0.3236,-7.1237,1.9864,5.2264,-0.3724,4.3303,9.9602,4.4904,6.9658,-0.1587,0.447,-8.0438,1.9623,0.5624,2.8962,-8.5539,6.9645,4.181,6.6967,4.075,-0.3033,-9.6184,9.735,-2.9678,-4.5718,9.6316,-2.4233,0.3354,-9.0926,-6.9852,-7.5127,8.3353,5.638,-7.8481,6.7514,-4.7189,2.6969,2.7445,-0.0685,-5.7604,-3.9713,9.4512,-7.1779,0.1111,5.1096,5.9551,-4.9962,8.3868,2.1911,-6.4557,-4.7904,-0.8182,-8.2658,-7.9627,5.5139,-3.2126,5.6829,1.465,-8.9762,-2.3503,-7.6647,-2.9569,2.133,5.1741,-6.5461,-6.833,-6.4651,-6.9671,0.776,4.941,8.6193,-5.4109,0.218,-9.423,-5.9495,-7.2203,-9.917,9.7453,-4.8819,1.5695,9.8523,8.7194,7.4193
-4.5495,6.5182,3.4629,4.2414,0.5969,2.2107,8.1047,-2.9912,8.3151,-0.5851,-8.328,0.1118,-9.9235,-6.1179,9.7709,0.7474,9.3404,-0.8043,-8.7674,-3.3724,-3.8736,-6.4122,1.8912,-6.7888,-5.8621,-6.9539,6.6728,7.2764,-9.1733,-8.6964,-9.3479,-1.2533,-4.0891,-6.6602,6.4778,-4.215,9.0728,3.3034,0.926,-3.22,9.1912,-5.8101,-0.4954,-2.5535,-7.8747,-9.8632,6.1087,0.245,-2.3677,6.341,5.3538,3.4836,5.0779,-1.3272,0.1947,-6.412,-1.5613,-2.9411,-9.5123,-3.0379,-8.9257,-1.3733,-4.0685,-7.0594,6.6514,7.2408,9.548,-1.8048,-5.0779,0.1495,2.3423,3.1062,-4.0097,-8.2916,-5.0241,1.735,-6.3514,-0.2226,-9.2386,-2.0857,-8.2825,-1.6582,-8.5179,-7.7183,-2.5051,2.6086,-4.5318,-6.1253,0.0541,4.393,-1.937,1.8749,-8.378,-3.5193,8.3241,-9.1636,6.63,1.9762,3.3126,6.7373,6.3716,1.4574,-1.3918,-7.9039,-2.8255,1.2783,-2.9076,-3.8786,0.858,7.2325,8.6568,-2.6499,1.2715,6.9821,-2.2185,-4.1167,-6.6291,0.8253,-0.3495,-5.477,0.0328,1.6035,0.3466,-0.1021,-2.7744,-1.3578,-3.4973,-2.2219,-4.0843,2.1321,-0.1537,-7.4758,-3.1238,-9.6601,2.5736,0.4516,7.9124,-1.7236,-3.4371,-4.7169,-2.9503,-7.9293,-8.0822,-8.8095,-1.25,5.2988,-6.7666,-3.1665,7.312,4.8679,0.5544,8.3778,-5.3167,-4.7729,-5.8984,0.7642,-4.5454,6.1156,-2.6668,-5.0816,2.5206,-8.4346,1.2111,-1.0887,4.6817,7.0643,-6.7026,-0.291,-5.2317,6.6366,-1.752,-0.9923,-6.3759,3.754,0.4982,-5.6248,-7.4449,1.4335,-4.5179,-5.0677,-8.0906,4.2395,1.8532,5.8535,4.3317,-7.3904,1.8519,-3.9249,-2.5075,-4.1515,-9.7354,-1.3596,-8.2841,-7.2581,-7.5309,3.8746,8.7398,5.1188,0.3261,7.8342
-2.4191,-4.174,-5.5979,-2.2787,-1.8867,-6.2303,-3.5004,5.8593,-4.7184,5.8651,1.6189,8.6326,7.4952,8.2126,3.6091,-3.1917,-6.3509,-0.7979,-0.5187,-4.2907,-2.5997,-3.3552,-1.9283,3.4516,5.4336,4.9125,-8.107,-1.8836,9.086,4.9732,6.0193,-2.9122,-3.5711,1.9129,6.7269,-3.6457,7.6261,-4.9676,8.7967,7.0118,-5.014,-3.3024,0.6393,-8.7329,-8.2784,4.3405,-1.8359,-3.9804,9.0465,-7.6401,-0.157,9.5821,-7.6514,-2.8292,-4.5286,5.9522,-9.4833,-4.2668,9.7591,5.6369,7.5849,8.4719,3.7425,4.979,8.0509,-9.5301,-9.987,-8.9841,-4.388,0.9844,8.5084,7.2943,-4.9515,7.6197,-7.841,-9.1116,1.5335,-8.3161,1.4351,4.8502,5.2129,3.2945,-3.7152,-8.6379,-0.8622,-5.2664,-1.9312,3.0053,-0.64,7.8686,-0.1892,-5.9542,-4.5597,-7.4704,-7.7156,7.6548,-1.7456,3.5697,-5.1183,1.371,-3.1235,-1.0185,-3.5644,-4.4025,8.7426,-7.8766,-4.5901,3.094,-7.2558,3.4591,9.1066,6.9079,0.6931,1.0254,-2.938,-6.4059,-6.3632,8.104,-3.9261,-8.4814,1.2354,0.5231,-7.8268,4.4,7.7623,5.083,-7.7239,-9.3903,8.3003,1.786,4.9056,8.1773,-2.0844,6.6591,7.8839,6.8182,5.1038,4.4927,-1.4061,-2.3553,-5.8059,-6.3997,-9.7412,2.2463,-1.3728,-8.4309,-3.1127,9.7147,6.6324,-6.7625,-4.4488,2.7939,-7.5794,-5.7143,-2.3551,5.0404,5.4295,7.1986,-0.8763,-2.8138,0.4938,-3.3469,-2.5307,4.5264,-7.9741,6.4326,2.0045,-8.1636,-2.5174,3.0239,-5.99,7.5372,9.1634,-7.6182,7.3741,-8.9,3.5107,5.6929,8.0407,-6.8094,7.8696,5.8671,-0.9013,2.7761,-4.9222,-5.5295,3.8723,5.4099,-6.2704,8.1806,-3.7339,6.031,-4.7591,6.5808,7.408,3.9559,-7.6639,-9.3534,-9.1108,8.1493
1.399,6.2172,5.6276,-2.7857,-4.4588,4.6735,6.0563,-4.2799,3.6301,-3.5984,-9.9608,8.3017,-6.8726,0.5105,0.2904,0.0987,-9.4715,-6.9772,8.4948,-1.4718,-5.6627,-5.1248,-2.8939,-9.4562,2.6581,9.7045,-6.0124,0.0755,0.6487,-3.6551,0.8579,-8.6572,7.9717,7.6791,-7.948,8.3821,-5.4812,-3.702,5.935,3.9766,6.764,-3.39,0.3451,8.3935,8.668,1.8258,-3.8773,-1.2399,7.0834,5.3666,-7.5018,0.0499,-7.3083,9.8249,7.6518,-6.4528,4.5688,2.5621,2.2716,-7.9955,-3.333,2.833,8.8516,0.1201,-3.6388,-3.896,-2.8875,2.9221,-4.7745,9.24,-7.6263,-8.6755,7.6691,3.4432,-9.6286,-0.7517,5.244,4.7423,0.4505,-1.17,-2.8836,8.2695,-2.21,-2.47,-6.5508,9.6776,-9.7086,-9.4837,-3.8922,4.914,3.2428,2.6408,1.8572,-3.3503,-4.0037,8.6155,-0.4581,1.1415,-2.4436,-4.6544,3.7469,-8.025,4.6702,-7.0789,-2.9375,8.1006,-6.2113,-7.6466,-6.6518,2.3433,-8.8679,-6.4003,5.7695,-0.6249,6.4366,4.8871,1.0416,7.9787,0.1442,3.6652,-5.3813,9.7871,-5.8364,9.8833,0.9519,4.7916,-7.9757,-3.2016,4.7219,9.0222,-6.3506,-6.8552,-9.042,0.0674,0.562,-2.6931,-7.0327,-8.5844,-7.0203,-8.8785,-6.1139,7.0077,-1.5313,8.9655,5.1134,6.0489,-4.0919,3.0,-5.7426,-4.8516,-8.1843,-0.0648,-3.8978,-5.6821,-3.6838,0.8877,2.2937,2.8957,7.1338,1.7355,8.8508,-5.8143,-2.3729,-7.5738,5.8679,6.2679,8.5557,-0.894,-7.832,-1.5901,-6.0504,-7.1945,-5.7654,4.6744,-3.3237,2.7236,-4.4941,9.1691,6.2897,1.4104,-9.4902,2.6235,0.4977,4.1803,1.9072,-6.9904,-8.1609,-1.5283,-3.413,9.835,2.0281,8.6241,7.8886,9.2806,7.6332,-2.4348,7.1071,-7.5114,-7.9267,0.2813
-5.3638,-7.3315,-4.384,8.0336,4.1632,1.9279,1.0898,9.8428,6.9544,-1.3511,5.6102,2.1745,7.0698,-2.6539,4.2744,-7.4211,8.6522,4.2018,8.5924,0.0738,-1.7205,-3.82,-3.3866,-9.8767,-6.5693,9.4215,-0.0513,9.2284,-1.8314,-0.7967,-1.9171,3.0874,-2.2256,0.4178,-6.0104,6.031,4.2799,-6.3614,2.3709,-8.309,6.9382,-4.5652,4.4971,3.5674,-3.7299,5.9143,9.1568,5.5018,-5.5928,-7.9556,6.4668,7.5978,-9.7207,8.7409,-9.4975,-4.5026,6.2021,4.7198,6.9267,2.7826,6.0868,8.7197,6.037,-1.145,-7.0621,-9.6424,-1.0466,-3.3284,-1.0174,-4.2575,-2.8435,9.119,4.9272,-3.4617,-2.5443,6.4461,-5.7242,9.9163,8.1807,4.8005,7.1462,-4.0115,8.2116,0.591,2.1924,-2.8322,-3.9813,-0.1613,-2.192,-1.4957,6.9885,-3.7998,-1.0958,-5.4104,2.816,5.9926,-3.8444,1.419,-6.2267,5.8778,0.8788,2.2217,7.6525,-1.9565,-7.5138,1.6335,0.5923,2.5823,9.1973,9.3633,1.4573,-9.1584,7.7489,-6.1224,-0.3131,6.7802,0.0491,-9.1015,-3.8645,-8.4986,7.8852,-1.6356,7.4438,-0.545,0.4839,4.2904,3.1865,9.7608,9.8102,-2.2177,7.9006,-9.4927,-4.1305,7.7901,3.0548,-6.6852,-0.1459,-4.3206,0.8332,2.8647,-1.2388,-9.3424,-6.6491,9.477,-5.5312,-3.1338,4.3921,3.2838,-0.9807,-0.5904,-8.4574,-3.4322,-1.3261,-4.339,6.6963,-2.5049,1.974,9.6221,7.0205,-6.4823,0.5496,0.7958,-6.8745,7.5043,6.4158,-8.1007,9.7987,7.3281,8.9146,-7.4052,3.788,5.2969,-6.8172,6.9811,0.8695,2.5977,-4.7711,-4.2288,-2.1952,7.7408,5.3035,-6.3703,-7.0405,5.3588,-4.1677,7.6255,3.024,-6.8766,8.9593,8.2056,6.0232,3.1595,1.1399,-7.1556,-3.5675,-1.0112,7.4264,1.8118,-2.2026,3.0113
1.5763,-1.7674,9.4741,-8.797,6.1763,5.486,-7.4651,-5.4224,4.8033,5.0232,-8.8219,-2.6643,1.3473,-6.2985,2.8886,-3.5591,4.9149,-2.6683,-7.7052,2.8695,6.5253,3.4854,-1.8275,1.5127,7.3948,6.0958,0.1543,3.327,4.465,-1.9098,6.0267,3.4799,8.6438,-2.6996,6.3853,4.6744,-6.6852,0.3407,-8.9085,0.5824,-6.6974,3.7419,7.3458,-6.0117,-2.0437,1.004,1.7917,3.7041,7.0143,-4.0871,0.9729,6.3015,-1.9296,-3.5368,-0.3241,4.2187,1.1666,4.8492,5.1518,-2.2672,-5.7782,-7.1699,-1.2359,8.7394,-1.4683,-0.9753,7.9265,2.123,-0.2678,1.9819,-2.5306,-6.6658,-4.9393,6.7744,-0.6395,-7.2002,-4.309,-7.9505,-2.1148,-8.7907,9.9717,1.8999,4.0771,-9.7746,-6.6031,-5.9072,2.2014,8.3036,2.5465,-3.7168,-1.8747,4.0037,-5.9702,-7.5392,-2.5345,-0.6018,9.2689,-0.7682,4.705,-5.8052,-7.3771,3.2817,1.299,8.6244,1.4601,-8.5729,8.2296,7.4805,-7.0124,-1.2526,-6.4437,-2.3637,1.8253,-2.9618,-6.9565,-8.3528,-6.6977,-1.1921,5.3978,3.8874,3.7853,-4.0752,-9.8883,-5.3062,-2.9415,6.8945,8.797,-7.046,-6.1791,-7.8216,-5.5442,-6.0694,1.2387,7.2439,8.1464,-9.3736,-7.6087,2.3795,-6.719,-9.9197,2.7161,3.2651,9.7641,-2.628,-6.0958,4.96,-2.3521,5.758,-8.0046,-4.521,-9.2881,-0.6477,-5.6086,6.5405,3.4369,4.9275,-1.8565,-5.0596,6.2895,-5.3188,-2.2386,-2.0196,-0.5761,8.5125,-2.7977,-0.212,4.4414,-1.3242,-9.5371,-1.3795,-3.1693,-4.0289,-9.5514,-9.8703,-6.6965,-8.5176,-6.4192,1.9651,6.0628,2.7391,-7.0515,-6.6013,0.4577,-9.453,-8.8511,5.0606,6.3927,1.62,7.2975,4.2336,5.4192,-9.1258,0.4336,-3.9265,3.5795,4.7171,-7.6822,0.0952,-9.7228,-5.2741
3.2973,-2.6242,-6.0678,1.828,5.7094,-8.6292,4.1334,7.7173,-2.111,-3.015,-8.0042,3.1733,-7.6595,-5.9038,2.3594,-2.6244,-8.0612,8.2306,-7.8957,-3.9858,-7.0257,-7.9163,2.7745,-7.2204,-9.0817,2.8779,-8.978,-0.4585,-5.4483,8.6777,1.975,-6.015,-6.1412,7.5303,-2.6221,5.3736,-7.6781,-3.3191,7.8703,-0.6125,-5.296,2.7494,-3.1978,-3.9428,-9.9046,9.5248,2.0007,-4.1548,3.3631,-8.2858,5.9034,-0.4026,-0.6375,4.5492,-5.9456,-4.063,-5.253,-9.3522,5.2135,-4.2813,0.3625,5.3472,-9.2928,-3.0827,-4.5612,-5.1301,4.4236,-6.3811,-5.8198,-7.5615,-4.4781,4.6418,6.4305,4.1013,-7.0875,8.8023,-6.098,-9.3912,5.3899,-0.0925,4.9521,0.4628,-3.0583,9.6258,-4.2886,-4.8915,7.8407,2.0556,-0.6968,-9.6104,-6.9509,-6.9815,0.7185,-9.9301,5.1429,-9.1403,0.8073,8.7978,3.9747,-9.9802,2.046,-6.9344,8.3857,-0.9245,7.1919,-8.4538,-1.7241,8.444,7.6893,5.6013,-0.46,-6.6611,-0.8621,-3.706,-6.6225,6.9606,6.6696,-5.943,7.2462,-2.4092,-3.0728,-7.3034,0.242,-1.7848,2.6428,-8.3742,-3.5175,7.2013,-3.75,8.2204,-3.2413,1.5647,1.9171,-2.4122,3.3355,3.0141,0.9521,-0.7627,-1.564,5.2375,-3.1141,-5.4933,4.0555,-8.5586,-8.1889,-8.2634,-6.8947,6.6456,4.3479,8.8875,-1.1079,-1.186,-9.6988,5.3265,3.7591,3.4232,-6.802,9.7419,-2.4407,5.6232,-5.4013,9.5886,0.2376,-6.3112,-4.9315,4.1877,-4.7806,5.3507,7.3704,4.8024,-0.5453,2.4011,9.5545,8.4037,4.0461,-3.0124,-3.7706,6.0726,-0.0062,5.6153,-9.3463,1.8577,-6.4978,3.1887,4.2433,-8.0807,-1.9999,-6.6657,9.2577,-9.9162,8.7092,5.8108,5.0604,1.1744,-0.0398,-3.1466,-5.4527,6.0568,9.5335,0.8206
0.2875,-0.2173,-6.8082,5.3714,9.2355,-0.7975,-7.4483,4.6157,-7.5042,3.5299,-2.416,9.615,-6.1812,2.2921,-3.9453,-7.6577,-9.1307,-7.5036,3.8965,-7.4783,-8.9799,-2.1149,-9.5224,-2.4186,-2.37,5.3156,3.596,5.8996,-4.1157,-6.9087,1.1836,-5.8398,-6.0713,3.9448,-1.7035,-3.6802,3.6165,5.9557,-3.9677,-3.8368,-6.0755,0.8765,2.2053,9.3578,6.461,9.7027,0.6133,-2.3598,-9.4515,-8.1396,-5.4122,-0.184,-2.1047,-5.3013,9.7239,3.6225,-0.7317,5.7941,-2.5916,0.4438,-0.5075,4.5002,1.1162,-4.8029,9.3683,1.98,-3.7828,4.7347,-9.377,3.4458,2.5278,-4.4296,1.952,-1.79,-0.4824,-0.4453,-7.6742,5.1779,-6.8368,6.8747,1.9759,-3.7469,1.8416,-0.315,-5.4361,-2.3147,1.5034,-4.4372,-0.2435,5.925,7.8779,7.6952,-7.2795,-3.2403,0.3722,-4.177,6.1789,3.1867,-1.9024,7.7387,-2.9571,-3.557,-0.8485,-4.6584,-9.2211,3.1751,2.7389,-5.1538,1.9046,-8.2882,1.0139,9.3857,8.702,4.4603,-8.9581,-6.1182,8.499,1.8443,-3.2685,6.8813,-6.5935,2.9989,-0.5663,4.7254,8.0469,3.613,7.7448,-6.1204,5.5512,-4.3857,-8.8548,-7.4954,7.2614,-6.5314,-7.8871,-0.3751,6.4003,6.0178,-4.5331,5.0634,5.2409,3.3356,0.7603,-6.2327,7.8505,1.2988,9.2817,-7.4308,-6.5447,1.8685,5.8093,-2.3264,-1.8844,-8.0604,-3.8531,-2.3503,-8.7113,-9.4623,-4.0878,6.3482,-1.07,4.9963,5.0779,9.2421,-6.1805,-7.2064,-2.7822,-1.8947,8.6503,-7.1747,-7.9985,-2.0421,-5.4285,3.2145,-9.3912,-8.7367,-8.2153,6.8614,6.7675,4.293,4.607,4.9778,-6.8624,-7.3868,6.2137,-6.5778,-4.0662,-3.9297,-8.3643,-2.3886,2.7839,-0.1212,-4.4431,-6.6757,6.7643,-6.4891,-9.0981,-1.9814,-1.9146,-9.1346
5.6128,4.8965,1.6628,5.8717,-8.786,-4.3154,2.194,-9.7219,-0.7368,-2.6296,4.5039,5.9782,-7.8728,-4.6793,2.2177,8.6601,8.425,-2.6511,1.1875,-0.4361,4.7977,-6.9861,9.689,0.4674,0.4672,5.5228,-1.9942,-3.789,-5.1463,-9.702,9.3806,-5.7921,-4.0589,1.548,8.3679,0.3997,-9.5456,0.916,1.4707,-7.1851,-9.3161,-5.6025,-0.3232,9.6652,3.3437,2.1868,1.7949,5.4379,-9.2623,-4.1367,-7.3017,8.3807,2.2995,0.6392,-6.4927,4.8182,-7.9941,-6.2886,-6.238,-8.9232,8.0998,1.4657,-8.2995,-7.9268,0.5725,3.8917,-9.9424,7.8021,-1.3389,-1.7368,-7.4817,-7.8655,7.2239,-1.6246,0.6553,6.4734,0.7696,8.2137,0.8964,-9.7279,-9.0281,-3.3982,-5.6833,-7.3012,8.9615,-4.3477,-2.3986,-7.3471,-0.2468,6.2019,-6.6576,-9.8898,6.7441,-8.6166,1.7045,-0.3728,-0.9083,-6.7797,9.6552,-8.9943,-0.965,2.0847,-1.5669,-7.8822,9.6938,-2.4196,-5.2317,-8.8555,-0.4216,-5.3857,0.1929,-9.4913,9.0713,9.9588,7.027,-5.5748,5.2079,6.5299,1.1006,-9.3313,2.6629,-5.4178,-2.6733,3.1012,2.2341,0.0716,-9.7486,-2.7883,-0.9695,5.5272,-2.0467,-8.2315,4.5205,-2.6907,-5.8628,-4.9085,8.0831,4.5452,-0.9547,-7.8456,3.5514,-9.8871,-0.9431,-4.1636,-0.1409,-3.1859,4.0505,-3.7561,-7.0603,2.09,2.4444,-6.6621,-3.4246,9.949,-5.7583,-8.6264,5.7933,-4.15,8.3561,3.8222,6.9346,-5.4229,5.4109,6.9479,-2.3561,4.4035,0.2884,-8.624,6.8958,-0.5154,-6.3195,-2.4382,0.3442,-5.9046,-8.9747,3.1793,0.4337,7.2041,-6.0777,-0.927,9.3406,-5.6239,-9.2351,-3.8373,6.9082,7.8265,-6.0127,-1.1187,-8.4926,2.042,-9.6024,-4.7733,6.7193,1.1594,-0.2853,-2.1802,-4.5587,-0.0179,-6.6759,5.3527
-8.2343,5.7628,4.9675,3.1298,-0.6477,2.3005,4.5903,-1.6093,8.1211,7.9822,-2.1109,-0.4334,-2.0405,-9.8977,-6.8835,3.8327,-9.6526,2.2571,2.423,5.6392,-0.7951,9.0818,1.5913,-1.5007,7.9301,-5.1105,-7.886,-7.0616,1.1454,-4.5876,-7.4116,-2.1764,1.0113,-9.0487,-6.6402,-8.5822,7.4343,-5.7369,-5.2737,8.2399,0.0311,8.6724,-6.3906,4.5343,4.2133,9.0245,-0.7984,5.3235,7.0877,0.5533,-8.7646,2.7854,9.0312,7.6935,-9.9916,-5.369,3.3657,-4.7789,1.6524,-7.3358,2.1208,-1.2509,3.9948,2.2032,9.7627,2.0345,-0.8643,0.066,8.7872,4.5463,-8.0209,3.3046,1.768,1.7716,-7.008,-7.8692,-4.3822,4.1992,-0.6477,-3.0558,-7.3499,0.2989,-6.829,8.3088,-8.2151,0.0418,6.019,-2.8429,-5.4229,4.5944,8.9107,-4.2175,3.0097,-4.2293,2.9064,-5.4873,9.7827,-5.9571,3.7979,-9.4801,9.9924,0.0715,-9.643,-8.133,-1.0907,7.9784,-8.5664,6.0793,7.9345,0.5257,-2.7871,-9.6155,-6.977,8.3373,-9.6107,5.0407,-9.062,1.2952,3.9897,3.5218,5.3797,-6.2907,0.571,-3.4669,-6.2214,-1.418,4.4313,7.3326,6.7697,1.5257,-7.1405,-8.7813,8.1508,3.085,3.8278,5.6549,-7.1584,-1.7405,-1.8284,8.9764,0.8407,-3.786,3.0426,5.8236,0.8718,7.4985,0.1421,9.3898,5.1026,0.7114,-8.6064,-6.7795,7.1569,6.197,3.796,-9.5735,4.0408,2.1811,-3.3482,-3.624,9.9501,-2.1884,-8.8874,-4.6486,6.4056,-8.1545,9.6656,8.7657,-0.9548,4.23,-1.7967,0.4049,-7.7584,-3.4067,-1.7579,2.8505,9.4001,7.8976,-5.6752,-6.6071,-7.5713,-7.2584,-3.5703,-5.2858,-8.0077,-5.4044,-0.324,-3.2141,-2.9775,4.2868,9.1843,2.8107,4.5413,-2.1165,-7.7675,1.6325,-7.8362,3.8678,9.2486,5.4061
7.1255,-8.4623,2.7377,5.4113,-8.772,9.4155,1.8448,9.759,4.4049,-9.3673,1.6826,0.2351,-2.5971,-9.6824,-8.2265,0.094,4.7821,-6.1234,-0.5805,2.4814,0.8558,0.9105,-7.7306,5.6479,-2.9172,-9.3334,8.1594,8.5494,-9.7844,-5.2267,6.8193,-3.0831,-4.3397,-1.0297,-6.164,2.9662,3.7034,3.5789,-9.0535,8.4259,-7.44,-0.7656,3.2447,8.5965,4.5483,-9.0343,-5.4075,-8.8888,2.3335,3.4117,6.0647,6.8581,2.1608,6.7275,-3.4354,-2.2383,-1.8043,4.5616,2.2944,-6.5218,9.5758,-0.7599,0.0116,-0.0532,4.2031,-6.4818,7.4317,0.7459,-7.4502,2.6564,-0.8092,-5.403,-0.8092,-1.9664,-6.6544,-0.8776,-5.6951,-7.295,1.5913,-4.9303,9.4587,-4.1731,-3.9453,-2.5047,-9.5185,9.4507,-8.1864,4.255,-6.2329,-2.9122,8.1276,-9.1641,-3.6152,6.7475,-4.3948,5.207,-7.9387,-0.628,-0.5426,-8.1196,2.5424,-3.9402,-9.9811,8.8091,-8.6717,3.5995,4.0941,4.0025,1.1629,1.4457,-7.5459,6.6584,-0.9162,-2.7702,9.9475,9.3151,-4.2174,0.4265,-5.9488,2.8995,3.5606,-1.492,0.5263,2.9246,-6.1238,9.1056,-5.992,-6.3105,9.4708,-3.1824,1.0985,0.0487,3.2954,-3.1168,-6.6096,0.9699,6.533,7.1031,-8.2744,2.4579,-9.5077,4.7541,-2.9734,-1.1596,4.201,8.3895,-3.233,3.4879,0.6174,4.9349,0.414,2.3556,-4.6566,9.9745,2.0309,-4.8424,-7.3752,5.8502,-1.8156,-0.7197,-2.1151,-3.2666,-8.9216,-9.8731,5.9665,3.4924,-4.5397,3.9796,7.9867,-7.4956,4.7718,-1.2111,-3.4472,9.4037,-8.3295,5.7974,-6.1342,1.0676,1.3476,-5.0481,-4.814,0.4708,6.025,-4.6394,-1.4927,-9.395,-6.369,0.0709,-9.4706,2.6584,-2.4831,-9.1959,-1.2038,3.4631,-2.7512,4.8693,-1.9232,8.1513,7.3207,-7.7665
2.7653,-1.7739,6.696,-1.0397,1.8798,0.4803,-7.5174,-2.6719,4.8998,4.6549,8.07,-2.3683,-4.9312,2.1692,5.7583,0.8551,-7.828,2.4315,1.4997,-1.0763,2.0003,5.8544,3.9059,0.9,-6.3775,2.2409,-4.2136,7.365,-2.0399,6.6491,3.6764,7.8259,-2.1637,1.9994,1.5641,4.1356,8.9366,-6.6601,-4.0091,-6.4426,-0.9506,-0.1599,3.6515,8.7825,-5.8546,7.0607,-7.0842,3.8962,2.7374,7.7062,-9.6216,3.0492,-5.1026,1.9009,-1.8247,-9.724,-0.1739,-0.0832,-9.3264,9.6838,4.3125,2.4772,-2.4383,0.7146,-7.4537,-1.1455,-6.6318,6.3897,6.6193,-6.575,0.4177,-8.7649,-7.558,-7.6094,3.3918,-0.3401,5.2818,4.6907,0.1935,-0.1306,-1.03,6.0321,6.8435,5.6308,-0.9231,-9.4128,-8.6084,-0.7528,-9.3483,-1.6577,4.4338,-3.1959,3.2013,-7.9887,4.6706,-4.6137,-8.3643,-3.5891,-7.3806,-0.9379,5.7704,3.6461,-8.8703,5.3477,3.3866,-0.0057,6.8023,-4.6303,9.2418,-6.9845,6.1748,2.2011,3.2969,-3.9452,-9.6294,-2.9774,4.8611,-2.2324,-3.9639,-6.9245,-2.3766,-8.7079,9.5711,-6.1276,1.8082,8.5163,-8.7253,-9.9327,4.1222,-9.0551,-0.6567,-6.9273,-9.7335,-6.6307,-1.2922,1.2715,-0.0184,-8.7838,-6.2811,-0.6134,1.179,5.522,-6.4295,7.8294,1.2006,-0.1042,-8.1371,-1.3113,-8.2351,-6.4196,5.1053,-5.2273,-6.423,-1.8069,-6.8481,-0.3727,7.684,-2.3569,9.0483,-6.1717,-4.0934,-1.9152,-5.1189,0.4601,5.041,-8.5862,-2.9294,-9.2035,5.4395,-4.1865,7.9825,1.6603,-6.4896,0.625,7.5734,-9.5467,-7.0972,0.1194,3.8193,0.5709,1.6065,-2.3437,9.4388,-6.6198,0.8316,5.7253,2.4695,7.3876,1.7311,4.3496,5.7289,3.5657,1.4737,-1.5959,4.8264,0.7884,4.357,7.762,-3.6384,-4.6078
3.5264,1.5697,3.8767,4.0245,5.3943,-4.1374,-5.9488,-8.8608,0.7121,1.5038,-3.0487,1.8134,9.4611,4.7804,-1.5126,7.0107,1.8096,7.9336,-1.757,8.6145,0.263,-7.5751,4.8582,-4.3213,-4.826,8.4601,-3.9106,7.7046,9.5333,-7.2514,6.1069,4.1402,-6.6904,9.8558,-9.6481,1.3444,2.7721,5.4493,1.7148,4.1719,-0.3916,7.5771,-4.0002,8.4077,-3.9333,-3.5304,5.4919,-7.7719,-1.6526,-7.4905,-8.7535,3.4795,-0.9464,6.6395,-7.1022,-7.7837,-7.3686,7.7146,-9.6624,2.3863,-8.2545,-6.1026,3.5954,7.7814,-0.5777,-1.5581,-3.9296,4.7776,3.9411,-7.91,8.6667,8.1152,3.5982,5.0696,9.7107,-7.7129,-3.5445,4.4226,5.5717,-5.5,-0.3003,8.4773,5.7628,-2.1394,7.7575,-8.611,-7.774,-2.7579,-1.2996,0.6318,-2.4702,0.051,-0.8883,-5.0916,1.2638,3.7492,-0.9902,-8.6948,-2.3113,-1.4227,7.0927,-8.3172,2.1892,0.4158,7.1086,-9.6278,4.6999,-6.886,-6.6706,5.4244,-8.0955,-5.9116,4.6416,-1.0553,-8.2383,-9.7663,-9.4644,4.4537,-7.273,-3.3442,4.5229,7.7021,9.0176,6.1638,-1.9137,4.9737,1.723,-3.0992,9.9054,1.0958,3.1303,-5.4949,1.3655,-9.0538,-9.7216,7.3854,-4.854,5.9847,-6.5622,-8.8565,5.4374,3.7419,1.7007,9.1505,-6.0415,-2.5852,9.9533,-8.731,-4.9613,7.394,-2.5227,-5.4585,6.7979,-0.2761,-4.4457,2.4837,2.1483,-4.9911,-2.7793,8.1118,6.6496,-2.4256,-4.7824,3.494,4.9496,-5.3718,1.6848,5.7253,-1.1207,-4.7885,-2.3245,0.7426,-6.2798,2.6687,-3.7361,-5.9228,4.6431,9.0382,7.033,1.782,5.426,7.0392,-0.0608,8.1222,-1.372,0.0341,5.4128,-5.6102,-8.731,-5.9036,-4.8005,7.117,-9.0259,8.1325,4.2866,-9.7704,1.3857,5.2958,2.006,-0.2241
-8.8987,9.4813,-6.1181,-7.9833,4.4948,-1.9435,7.2329,-5.675,-2.2728,9.163,-8.0319,-3.4907,-4.9961,-0.3679,2.9913,9.4548,4.3487,2.3006,9.9258,-1.5708,8.0226,-7.6589,-2.7994,7.0291,5.2748,-0.285,2.3951,7.1874,-6.0576,4.5762,1.4582,-4.3649,3.0136,-7.935,-3.8465,4.7873,9.9025,1.3503,5.597,4.849,4.8332,-9.5829,-8.5005,9.0051,-4.9661,-7.9894,9.4551,-6.8597,3.7882,-1.5499,7.8439,4.8103,0.8379,5.1922,-4.5139,-4.9174,-6.3218,-9.2799,5.1538,3.8162,8.328,-2.0286,-3.0899,6.4251,-1.53,-7.8457,3.3516,7.6965,-4.0779,0.7417,5.4704,5.9406,5.6838,-0.1404,-8.1946,-0.3438,0.0877,1.4473,7.4195,4.9553,-6.7703,6.7419,-7.022,-6.7603,-6.7068,-3.4258,9.343,5.141,-1.5783,-2.4717,8.0413,4.3139,7.1791,1.8022,9.8439,-7.4437,-3.0929,-8.6439,5.1406,-2.6582,-4.0681,-3.7314,-6.1804,-7.726,0.4051,-4.0758,-1.441,4.8086,-0.4781,-7.5375,-1.2764,-1.6696,4.5973,-5.1336,-8.7289,-0.2967,-8.5481,5.9458,1.811,3.9322,-0.7449,6.1052,6.7461,-1.507,3.253,8.86,7.2911,3.2738,-1.5259,-9.3286,-1.8553,2.3202,0.5916,5.9648,8.3736,1.168,-9.8713,-8.1546,3.1357,1.1467,-1.5658,4.4907,-1.5452,3.2048,-5.1456,-0.9488,-8.8503,3.2522,-8.3102,0.1061,4.4681,-6.1197,-2.5065,7.5357,-6.902,-9.5225,6.6703,-3.0507,-4.1227,-9.2775,-0.6586,1.0099,-4.958,9.4293,-6.722,6.8243,-9.4677,-1.2889,-7.9053,-5.4559,1.5176,2.967,4.9599,7.433,0.3081,-3.2795,3.6027,1.0396,9.585,9.3267,-1.6311,1.8194,-8.9105,3.0563,9.236,5.8887,9.8412,-0.385,-8.043,0.2042,1.7845,4.5452,3.2873,-2.8804,5.4625,2.3892,7.576,3.7557,-3.7879,3.1813
7.2277,-6.577,-7.8046,-0.1677,8.3918,-1.5904,-8.4309,-7.8253,6.8955,5.7038,-4.8979,7.5128,4.7481,8.5358,-9.8587,7.8404,-5.7166,4.639,2.635,7.2663,-7.6968,-8.3162,-9.5241,9.756,-4.2197,-3.8631,4.0762,-9.0943,-5.8749,-8.4224,-8.6299,-7.7832,-9.0388,8.1365,5.353,-0.0945,4.0361,1.6651,1.4348,7.5196,3.1463,5.6107,3.1183,-3.2241,-5.3138,-9.6726,1.1909,3.1658,-9.3966,5.6089,-4.2697,6.4646,-0.8931,-9.4915,3.1296,9.0838,-9.3025,6.0185,3.0133,7.9737,8.4711,7.8373,-0.1735,-9.3663,9.812,-6.1154,-0.2072,-1.8899,-4.1341,-2.1533,-3.0702,-0.8559,-3.1101,1.4015,5.2843,-0.9721,2.7882,-3.3342,3.1596,2.7192,1.409,5.6615,6.038,-9.679,7.5016,2.1792,-9.1896,1.8813,-7.9655,-1.8179,2.4125,-2.489,-2.1408,-8.5017,-6.0035,5.6007,-9.4812,8.5117,-5.5795,1.4555,-7.5932,-1.1432,6.3997,4.3863,-2.0002,1.3329,-3.0614,-5.3252,-4.1785,-2.3004,0.0233,4.5017,-0.1684,-4.2773,7.2755,2.3215,-8.0384,9.5047,6.6653,6.0287,-1.2485,6.5157,-7.784,-2.5083,8.4172,9.8891,6.7969,3.9143,-4.1464,9.577,9.4498,5.4657,-6.0759,-3.712,0.0808,-9.5367,7.4219,4.4559,-1.2356,-2.0695,-4.4874,-6.9496,-7.7717,0.855,6.8899,6.4914,-6.4332,4.7106,4.9854,6.7169,-8.2603,3.8778,-5.7108,3.3237,-2.0632,-8.5622,6.1848,7.8932,-4.7756,0.3,-5.0329,8.8073,2.0536,4.8176,9.346,6.5882,-6.7809,0.9204,-4.1294,5.1938,-3.8927,-5.5306,8.676,1.002,0.2902,-7.1733,4.9915,8.5537,-3.6174,1.1615,5.8347,-6.197,-3.7477,5.9679,4.3822,-8.1655,8.174,-1.5808,-4.1071,7.5337,-2.7999,0.6377,-4.655,3.3348,-7.4724,3.3645,9.3633,-9.1518,4.9943,-6.3122
-8.0432,4.3267,-0.5853,-4.4738,-2.2245,-3.9887,-5.7442,3.8598,1.331,1.2992,-5.9117,-6.3512,1.7375,9.329,4.4815,1.4759,-3.0317,9.024,-2.5742,5.4894,-4.8021,-4.6763,-0.5052,-8.1952,7.8933,9.74,-4.4268,5.763,1.0059,-6.7963,-6.6646,4.0573,1.4949,5.2812,-9.3618,1.6959,-0.2869,-0.261,-5.4668,-4.992,-8.3465,9.1602,3.5217,-2.1122,7.4848,1.6,6.2622,-1.9893,-1.0189,-2.9836,1.612,8.1673,6.7061,5.7889,-3.773,-9.7124,-8.8972,-6.6572,9.784,7.0862,1.2601,5.8275,-1.5811,9.8836,-0.0328,7.8512,6.7615,0.6657,-7.1184,7.392,-4.4056,4.9535,-1.0901,-1.923,0.29,3.8171,-0.5441,0.3002,-7.624,6.8749,5.0239,-5.2807,5.0617,8.0716,-5.6085,9.6611,8.9437,-4.0774,5.924,1.7485,-8.2695,-8.0148,-2.3175,-6.5422,8.99,5.0669,2.5543,-9.5414,-6.9052,9.3784,9.9678,0.374,5.662,-0.2223,0.4131,7.5781,6.3131,9.2416,7.011,2.7407,0.9245,5.0296,-8.9673,-9.4322,6.4946,-4.9395,-0.3745,9.085,4.0081,-0.4008,6.3861,9.8812,-5.9358,-3.5124,7.3764,-0.3718,5.2383,-9.5441,-7.7931,6.074,-4.2044,-1.4549,1.6183,9.9145,7.5249,0.9142,-4.9202,8.296,8.9867,-7.6551,1.8933,8.9502,4.0774,2.1872,-9.1589,-5.8435,-5.1555,-2.4566,2.6744,9.9267,4.4822,7.3514,-2.2676,0.341,3.7236,9.4217,-5.4787,-8.0263,4.4382,-8.8934,-6.7188,-2.1218,-4.2422,1.8227,8.5631,-7.9737,-9.8241,-9.7078,-9.3459,4.5112,1.393,-4.3228,9.6931,-3.6964,3.2263,1.1405,4.6537,2.0128,3.7769,-0.2316,-7.0034,-5.6342,7.813,-0.5111,8.0981,-7.446,2.794,7.5093,0.0617,6.2796,-2.416,-7.1447,2.8487,8.2366,8.6675,-4.4793,0.4173,9.8287,3.4447,-0.026
-9.6787,1.8587,3.4501,1.4899,-1.3541,-1.717,-4.7285,1.0715,0.263,7.4584,-5.3126,-5.8202,-1.8766,6.7043,-4.953,8.5706,4.3668,-6.6457,4.4498,9.7065,8.2711,9.3534,-4.3846,-6.9168,3.5094,9.9828,-3.7872,-1.1329,3.1362,-8.4069,8.8512,5.9238,6.4033,-7.1973,8.6063,7.3177,0.7632,0.1326,3.3749,-7.4639,-9.321,0.339,8.8473,-4.573,-7.4478,-1.1504,3.1621,-0.2069,6.5181,-9.2208,3.7562,5.4457,-3.5269,7.4768,9.1519,-1.1053,5.0499,0.0538,5.0158,0.6029,-5.2175,-9.5394,-6.6276,-2.7616,-0.7496,2.5544,-7.0391,-5.1596,7.1474,9.0081,-6.153,-1.4987,-7.4346,0.4842,3.9362,-5.681,1.2591,-0.1469,0.0474,3.1267,4.5809,-9.8282,-3.5897,-4.0669,6.6725,-9.9274,-3.3839,7.2814,-9.4563,-1.8136,7.6374,5.6935,-2.034,6.523,3.385,8.5365,9.0332,8.3902,0.3463,6.7345,0.2002,-6.597,5.6149,8.9574,7.0966,2.3644,1.3491,9.035,-1.8134,-8.7632,0.9266,-7.6508,3.8729,-0.6161,6.2525,1.6885,-4.6265,-8.4962,6.3325,-2.3143,-3.2154,-2.8243,-5.1661,7.277,6.6353,7.9538,-6.6613,-0.0785,7.494,2.4278,7.4691,-7.7214,-1.0221,1.2596,9.2241,5.4734,8.5087,-6.9319,0.4551,-9.9283,4.9817,5.7831,4.2627,5.1324,7.3894,7.4139,-7.771,-8.7515,8.389,5.9648,-4.4305,9.2854,-1.5455,-6.0036,-7.3896,3.614,-1.1463,4.7306,-5.6047,5.2436,8.6394,-9.2581,2.4516,-7.5324,-8.9189,-2.7219,-2.3547,1.1069,-9.0428,1.2565,-2.5964,9.1649,0.8253,-3.0706,-4.2921,3.1473,-6.2939,-9.8859,-2.0187,1.8639,6.9636,8.0248,-1.9225,-7.9905,9.7177,9.3764,-2.856,2.8565,5.5641,1.217,-1.0842,1.8169,-1.9765,-4.5514,-6.4905,0.7843,-9.2982,6.4966,-0.6237,3.357
-1.7404,-6.38,2.4046,9.9622,-2.0224,8.9385,-4.5084,3.1353,9.4528,-4.7289,9.5581,7.4706,-8.9224,5.9699,-7.9442,1.1271,-5.8894,0.4533,-5.0643,-4.3729,3.0744,7.078,-1.7708,-1.5221,-8.7467,-1.0922,-4.7279,-0.3662,-7.8346,-5.1818,8.8981,8.3537,-5.2715,-9.2494,-7.8597,6.4325,8.4917,-3.6183,1.8393,2.3355,-0.2943,-1.7731,3.0547,1.5366,-0.6305,-6.9937,1.2874,-1.8226,8.7136,-8.6727,3.6602,2.1532,7.422,6.1254,-2.7246,-8.4819,4.3927,-6.0035,4.2179,0.6097,-2.0422,6.5284,7.9617,1.8641,8.2572,-4.5854,6.1204,-7.0035,8.0082,-3.8062,0.386,-4.4627,0.5111,6.0146,-9.3103,-0.0509,-8.8644,-3.3666,-8.1982,-0.2909,-7.5423,9.5077,-0.3622,-7.5831,5.4838,-3.2593,-5.7878,1.1324,-9.4774,-7.859,-0.2671,9.6942,-3.7234,-8.9121,8.9336,6.1334,1.9523,-5.9609,-7.7177,-3.4607,-3.1732,-2.2781,-9.4196,-0.7825,3.3989,9.9204,2.2092,2.9364,1.9615,-9.3714,-9.4977,-5.1065,-2.5719,6.1078,-2.2768,9.2998,-2.1915,-0.8007,-1.7072,-6.1877,-0.1256,-1.7585,5.3097,6.8922,-9.0841,-3.81,5.751,2.2344,9.5682,0.6407,-0.8279,-0.9277,-3.9492,9.1953,-4.0218,0.5864,-6.8274,4.4712,0.287,-9.19,-2.435,3.7154,9.4187,-0.1819,-1.1346,4.6053,-8.8339,-0.6547,7.3314,1.1789,7.016,2.1452,0.3886,-8.1104,-3.417,5.3454,9.6423,-0.4789,2.2946,1.4764,-7.413,1.6644,6.205,-8.9747,4.5365,-3.4652,9.4047,-6.1076,-0.5552,1.8137,-0.3271,8.515,1.04,7.5199,-0.421,-1.9323,6.3623,-9.8155,-2.695,-8.6705,9.8996,-0.8541,6.145,2.9275,8.6422,-6.5253,2.7246,-8.2686,7.1081,-4.0767,7.5028,1.7798,2.448,-5.5073,1.0975,0.1868,2.0529,9.2733,1.418,0.9984
8.9464,-5.5188,-6.222,-4.4955,6.5565,7.4582,-1.7646,2.237,6.5361,-2.8575,-9.86,-0.3494,-8.603,-8.8327,-6.2161,-4.5053,6.5103,0.4345,1.9085,-4.1249,-5.649,-4.4142,8.2729,-7.5662,-0.7185,5.2554,-6.5462,8.9046,-8.5723,3.1472,6.3812,9.3944,-1.2358,-7.1434,0.1073,7.5264,0.8402,-8.2457,-1.2248,-9.3923,-3.0441,-9.1342,7.2528,-0.5114,1.3185,2.9004,-2.0644,-7.0396,3.8892,4.7254,-6.9304,-5.3206,9.7925,-5.455,-6.8492,3.0442,-9.7524,-4.7292,-1.919,-4.5742,-3.3478,-2.8812,-5.2947,-3.8922,-7.9043,8.8454,7.241,-6.2553,-3.4273,7.4536,4.5565,5.6449,4.3672,-7.8658,-6.2971,0.506,-5.6468,9.3832,7.2094,4.3429,4.4995,2.7147,-8.1502,6.8825,5.8093,5.9669,2.1137,0.4503,1.7257,-0.4099,6.6249,8.7835,-0.2743,-7.8306,-0.4133,-4.7349,-6.166,3.4078,7.4018,7.7759,-8.5622,-6.3126,-1.3258,5.6006,6.0104,7.0878,-6.5358,-6.2031,-2.6018,-8.8798,9.1752,1.5488,-1.8982,-2.0039,9.9112,0.0576,7.0358,8.7272,-3.4356,9.6055,6.629,-5.9947,-1.1514,-3.4302,3.2871,6.7805,-5.5317,-7.4581,7.5429,-1.8332,-2.7654,6.7923,-4.4724,2.605,-3.7531,-7.7998,4.0452,-4.3893,9.5083,8.2349,2.9781,-4.6486,-9.9389,-9.7871,7.881,8.9672,2.4386,-4.1989,1.6957,6.1763,1.6334,7.6177,-4.5483,-4.968,9.4513,9.0403,9.4559,-3.679,-3.5714,-7.9247,6.2854,-5.3041,-8.9771,-3.8917,7.588,8.0447,0.3179,-9.078,-8.4132,4.7565,8.3768,-7.8759,5.7108,-8.7555,6.9203,5.9636,3.0533,4.6279,-4.1945,-8.4555,-1.2163,8.972,9.2878,-9.1243,-2.6204,-0.5376,1.1506,-7.1092,-0.1681,3.3827,4.1625,-0.9517,-5.8137,-4.751,5.8367,4.5439,6.6865,9.2697,-2.8837,-5.8497
3.9048,-2.7032,9.5372,8.3634,-3.7513,-2.4098,-9.7322,0.9786,-1.6064,-7.9151,-1.9158,-4.476,-7.8028,0.8889,-6.6586,5.8776,-5.855,7.4139,-4.1068,-6.7172,2.5359,8.849,0.7181,-7.2659,-5.3013,-9.0624,-7.0077,9.0859,-3.7318,5.0842,-2.5332,7.4436,0.8683,8.7276,3.6254,-9.4274,-5.2926,4.2359,-2.4851,9.9673,2.9797,3.8471,5.8621,-0.3798,-1.7764,-9.2379,-0.4815,-3.1691,2.6446,3.1619,-1.4676,0.9772,-7.7241,-6.5108,-8.4497,-4.6734,-0.0906,-2.9957,4.9673,-7.2107,7.6548,-4.2419,4.8578,3.3665,-1.0399,-1.5178,-2.409,-8.9745,-3.5775,6.6607,-3.8133,9.5101,-7.2749,0.895,4.8464,-0.0506,0.1234,2.7706,-8.196,-7.5862,-8.3458,-9.3166,7.1132,9.8307,9.9853,-4.1284,5.9608,0.9095,3.8613,-8.8743,0.9939,-7.4434,1.0575,6.8925,-3.5764,-5.2013,-3.6133,8.1048,-1.8961,-9.9461,3.375,8.0747,-8.0672,9.0209,3.8042,-1.6694,-0.6209,-2.2273,6.8202,-6.1974,-1.9019,-5.415,-5.9276,9.5191,-2.3478,6.5384,5.0891,9.7418,-3.3777,5.6129,0.2327,-1.0859,7.7248,-2.5233,-4.5633,6.5759,-2.3157,-3.6908,-1.3748,-7.0568,4.2367,-5.498,3.2284,3.82,3.2368,5.0887,-1.9918,-5.2741,-9.1903,5.6068,7.336,-8.7107,-5.2027,-0.2826,8.5006,5.3775,-1.2072,-3.4664,2.8777,-4.7432,8.3392,-4.7407,-5.8786,-2.0542,2.3235,-6.5695,-0.5084,-2.339,4.1164,6.1268,2.5204,-6.1096,3.7134,-0.1504,9.4995,-1.5261,-8.1222,-3.9744,4.3628,-3.4864,-5.7305,4.232,-3.9064,-5.6038,0.6092,-8.9751,-9.824,7.6354,8.918,-2.4263,-5.6604,-6.5327,9.4798,4.5461,4.4925,-7.7292,9.8512,3.8735,8.6626,2.9524,-2.341,-4.1111,0.072,7.707,-7.9569,-7.3194,-0.589,6.7341,-3.0105,-7.3949
-1.0765,-4.5803,1.1171,-9.0461,0.1096,6.6138,-3.5761,7.6539,-1.4034,-9.5271,-2.5653,1.5503,4.9031,-8.2294,4.3231,-7.9667,-6.9089,-6.6897,2.3086,8.7585,-0.1655,-7.1244,-8.6044,8.2358,-5.5115,-7.632,5.9854,3.9952,9.3033,4.8286,8.2477,7.445,4.4059,2.5029,-1.4093,-2.0402,6.2562,-4.7133,6.6652,1.4717,4.4292,-6.1404,-7.8043,-5.735,-3.0402,9.9058,-1.0386,-8.7766,9.2971,1.2855,4.7448,8.4543,4.0592,6.9761,0.2971,-9.6197,6.7311,-5.4119,1.5374,-7.0326,-6.8134,4.2939,-0.5926,-6.5945,-9.6526,5.0149,5.6814,-2.0475,-9.7837,-4.145,2.9116,-5.045,3.4733,-6.4303,-2.9261,0.0664,1.5265,-7.7144,-3.3523,-6.6359,-6.0764,8.8026,-6.4929,-7.4735,6.8758,8.5797,-7.5327,-9.3006,1.8339,-9.2793,0.245,-0.2571,-8.608,-4.4643,2.7874,-9.3439,-1.4356,-0.3681,-3.1609,2.4459,2.64,7.1971,-5.0634,8.1999,-2.5747,0.1025,4.5634,-2.8649,3.1382,-3.8453,-1.9436,7.2263,9.1439,4.7057,-9.378,6.5945,-1.5189,-5.4791,-2.6385,-6.8004,7.4533,-3.0738,2.3632,-1.9519,9.7786,-8.9471,1.6743,6.1024,1.4781,-6.9255,-1.401,2.673,-9.6461,4.1266,0.3091,-6.8723,9.5437,1.2769,9.7753,-5.5625,-5.1924,9.5073,-3.8114,4.3977,5.646,-4.6781,3.682,-9.5188,4.584,-7.2468,7.6691,-9.3337,-2.6484,-9.1041,-9.3546,8.5678,3.1478,-7.9963,8.701,-8.2492,0.8635,8.1115,-3.4576,-2.5594,-2.0881,-0.6084,0.4101,9.4653,1.9211,-5.0272,-8.474,-4.0507,3.9368,9.7788,0.5769,7.527,3.8463,-2.3546,6.3415,-6.2754,-9.6325,-0.6328,-9.3328,-0.3051,-2.5428,-7.0652,-8.3449,7.7497,-2.4609,-5.2806,8.6479,6.8684,0.1719,4.0462,-8.1232,-7.6525,-4.8135,8.8605,-9.3154,-5.9535
2.6451,-4.7356,7.1985,-7.7607,7.7351,-3.631,-8.7526,-6.4193,0.0384,-9.6465,-9.9869,5.6807,1.3523,-3.5867,9.5027,-5.7396,-4.1814,-5.6242,5.7934,-5.3751,3.6239,4.355,7.5793,-2.5686,2.7668,6.3831,-6.0615,-8.7513,2.5462,9.4389,-8.7553,5.5254,-8.9013,1.6859,-8.72,7.2474,3.1975,-7.1368,-2.1181,-3.9727,-6.4258,-5.2494,-5.7757,-0.6085,4.7944,9.7673,5.3417,-9.088,7.4091,-6.0526,2.6945,-1.6105,7.2183,-4.4068,-1.3338,-5.9103,-3.0635,5.6949,4.044,-4.539,-3.2069,-8.4265,1.3288,1.8428,7.8798,-1.5316,6.4081,-8.6423,-9.0876,0.5691,8.4247,6.3377,-3.4873,0.9276,-2.3871,6.8252,-9.4781,-9.1371,-3.0009,-8.2496,9.7455,-4.3773,-7.7732,-7.2289,-7.3285,-3.7384,-9.4295,-7.0974,-0.4732,4.4784,5.6816,-4.2808,0.7226,8.8524,-6.1941,-1.7795,-6.8661,2.8751,6.7234,1.0329,0.5583,9.4399,7.9812,-5.1249,1.7713,-9.939,-6.0717,9.7583,-9.8452,8.4382,0.1502,6.1436,3.1327,5.648,8.5857,-1.3854,8.2192,-4.1914,-4.4939,-4.6893,0.4469,2.8848,-9.1212,-1.458,3.7364,1.5855,5.4768,7.1369,6.4671,-4.3907,-9.2048,-7.483,-4.5587,1.2249,-3.0401,6.9361,-7.3512,9.0671,8.1557,-3.0184,-9.8314,6.6302,9.9186,-9.5659,-7.4222,7.3501,8.74,-9.9037,6.3913,-5.0594,3.9765,-6.4525,1.0675,-9.7985,3.2106,-7.029,3.5518,-3.3266,-3.1207,3.615,3.7493,-7.4246,-9.7947,5.6958,-1.6361,1.6705,-0.6905,-3.1865,5.0028,2.3942,-9.8203,-2.5424,-7.6842,-3.4615,9.8395,6.3575,-7.8626,6.9742,4.0067,-7.3545,-1.5258,7.0236,-6.1222,7.2938,-5.0534,8.7893,-6.2196,6.4667,7.8451,7.7133,2.6419,-7.3661,2.767,0.0181,-1.6608,6.7701,-2.4709,1.491,5.5375,-6.6062
5.5442,-7.2195,0.8745,3.1955,-2.8308,3.3931,7.8028,-7.2737,-2.7366,7.497,8.9208,7.1187,-1.1899,-2.3216,-7.098,-5.4583,1.3313,1.802,-5.9103,2.2734,6.7218,3.0747,-5.1618,8.3522,-4.3105,-2.6873,-0.9524,3.069,1.8675,7.1289,-2.233,1.6138,-8.7232,-6.2743,-9.7938,-7.4938,0.2879,-2.8864,9.5524,-7.9235,5.1553,-4.2723,8.3545,-7.2106,-3.4663,4.8447,-9.2549,2.7787,5.3482,-1.5936,4.7395,1.8773,3.212,-0.531,-9.5883,-7.8989,-3.5283,-3.4194,8.3311,9.8349,8.7695,1.7948,-2.1993,4.8417,-1.6042,-0.4226,3.224,-0.5838,-0.2233,-8.108,5.5376,2.8964,-1.1731,-1.9002,9.4334,8.8868,-5.2347,1.0306,-1.5006,7.677,8.8095,9.3599,-4.5784,8.307,7.9897,-0.9547,-1.8272,-0.5009,-6.4538,-0.614,-6.6585,2.1548,-2.2273,-2.2723,-6.1959,-0.0905,5.5039,-7.8544,7.7313,5.9098,3.5388,-6.7634,-3.3366,-3.4591,-0.8019,-7.7505,4.6684,5.1745,-2.533,-2.3567,-1.957,7.2679,0.7123,7.8788,-0.8986,1.9421,-8.3842,-5.4154,-2.6338,1.7365,-6.0019,-1.8832,4.8856,2.5293,0.9548,6.2056,2.3765,-4.205,6.6894,-4.2391,-6.509,-7.2911,-5.6056,7.5571,7.8312,5.0059,4.1877,-7.8472,0.0455,2.9125,7.4156,0.682,-5.1795,7.5475,9.3278,4.3684,-0.0313,2.7307,8.4274,2.3908,-0.6986,-5.6579,-9.4804,2.1658,-4.5415,0.8405,2.5565,-9.7172,-3.56,6.7676,8.9599,8.0293,-7.5792,-3.2636,2.6807,-3.5164,5.8656,8.393,-6.1187,2.0919,5.7721,-1.3068,-9.6826,-4.3241,0.6843,-9.8457,1.2034,-4.93,3.0693,-9.5014,4.6603,2.3969,-8.8773,9.4411,-9.3274,-4.0236,-8.2532,1.3783,-1.9002,-9.9615,1.826,8.6585,3.4274,6.0275,-6.9127,-9.2625,-5.4579,-9.9159,6.9016,-2.3223
8.0498,8.9881,1.6896,4.0476,8.0974,-3.6638,2.6299,-9.4544,-8.4392,-7.9439,-8.7284,4.7722,6.1431,-9.2099,6.845,-7.6402,7.26,-9.561,-9.3305,8.6559,-1.5958,1.5247,6.6987,-2.2033,7.5853,9.2182,3.4977,-1.643,3.1099,-1.2012,-4.1362,-0.5141,3.4478,3.9675,-5.5208,-7.9123,-8.2866,-3.2321,8.1587,0.3241,-8.1452,-5.5736,6.1467,9.1286,-0.7063,7.677,-2.7516,7.209,7.1161,5.3952,1.6334,8.1815,6.4134,5.1608,-7.5578,-5.0538,9.4988,-6.3555,-0.6366,-1.4247,8.4381,3.7426,2.9425,3.238,1.5237,-0.6032,-8.8156,2.4044,-5.9427,-6.0791,-1.443,7.9725,2.1296,-2.8467,-8.4213,-5.0976,7.0802,0.4859,4.6621,0.2998,2.8757,9.8906,4.3465,9.0733,1.4911,9.9798,3.7584,-8.1255,-4.1159,-9.7164,6.6454,-9.9589,-2.2024,-8.5689,2.5949,-4.6841,3.8676,6.7235,8.2714,-3.9869,-7.8761,-8.628,0.229,-9.5818,5.4576,-6.817,-1.0073,9.6258,0.1001,8.6151,-0.7209,-2.0238,6.3052,8.5647,-1.8128,-4.7516,3.0761,1.1973,0.3623,-2.4716,8.958,0.9121,4.1461,1.3376,-9.2771,-9.0309,7.214,-5.9798,4.5531,-7.1307,-2.4502,-7.9663,0.7298,-6.2175,7.5399,1.1479,-3.0185,-2.3235,-1.554,0.5212,-9.2927,-9.0251,-9.4412,-6.2138,-6.0931,0.4127,-1.8366,2.0424,-1.2729,0.5285,-9.7103,7.9177,2.0984,-7.8595,-6.7944,7.9984,0.9835,3.4231,-2.4764,-9.0577,-8.0235,1.5005,-8.1325,7.2487,5.9535,2.8362,-1.3532,6.1895,-0.4556,8.4119,0.579,1.0302,-2.9372,7.0646,5.7927,5.9615,-2.8817,7.7722,-0.3504,7.3833,2.5663,8.4731,2.7326,0.8515,-8.8821,4.018,-2.4041,0.6752,-2.7026,7.9908,4.2113,-2.9669,-1.1991,3.0971,3.9009,1.978,6.599,6.677,1.4385,-7.958
-5.6986,-3.8055,-7.4085,-9.2251,4.7762,-0.7931,6.8885,7.6783,-7.5208,-3.641,-1.3332,5.0421,0.1421,-1.7841,-7.4297,9.8596,1.654,0.8959,-5.6481,-9.1125,-6.1365,0.7392,-1.777,-8.7433,-4.1973,4.0014,8.0818,-6.777,-2.1247,-0.8522,-3.1846,-0.7197,-0.5079,6.0983,-5.5648,4.9842,-4.999,-2.3039,9.5878,-8.5596,6.6255,-6.6467,2.5244,4.1657,-6.9907,-1.3291,2.4825,3.2365,5.3559,1.4189,-8.4283,-1.8154,-6.8039,5.0286,-2.2839,-0.2217,-0.939,-5.869,-9.0527,-2.0711,8.0341,6.7905,1.1052,2.1571,7.706,1.1537,-2.2729,8.9858,3.3794,-2.9628,-7.889,-5.2953,-7.045,4.6014,4.4946,-5.4792,-7.9953,-2.4461,-1.4239,-0.1581,-8.0572,-8.6061,5.4426,-9.8437,-8.6336,-5.9081,3.1845,2.5195,1.7962,9.8815,-2.3227,-1.4992,-3.536,3.8514,-1.3222,8.2487,5.9015,-8.0835,2.225,-8.6126,7.8715,-5.7423,5.0486,-1.3882,-4.3745,3.2191,-3.7035,-6.1427,-9.1132,-2.3935,-6.0886,0.6039,-5.6172,8.5285,-9.3656,-0.9589,-7.6008,-8.3642,8.0672,-9.4729,0.9115,0.3557,6.4727,9.1024,9.001,-2.209,-1.7353,-1.4277,8.8081,2.3932,2.9469,9.1829,-2.3107,5.8581,7.3431,-5.5421,-8.8389,4.9352,-1.8292,-1.3484,5.0893,8.1072,1.6951,-4.5099,-7.4186,3.8438,-4.4742,8.43,-9.2483,0.8281,-7.8313,7.0041,-2.2672,-7.2347,-7.8074,-8.4785,-1.7066,-2.6513,5.1302,5.9253,-0.833,7.2953,-1.0008,3.5413,-0.7514,-2.2119,2.4259,-5.6488,1.4112,0.4016,0.5412,-5.3083,5.7952,-3.4985,8.5823,-1.6935,-8.1618,-9.6305,-0.9307,-8.552,-0.555,-0.2663,-5.7619,-6.4146,-0.983,0.8308,2.6856,2.4999,2.516,-6.2647,-9.499,2.1658,-6.9858,-3.9494,3.2474,-1.1742,-2.1531,-7.0948,5.7272,-1.1729
-7.8742,-4.8288,4.0175,6.3173,8.9838,-7.6637,-9.4097,-7.2674,-9.6015,1.6336,-5.2797,3.9002,4.9617,0.0765,2.6396,-4.4158,-6.5635,4.0824,2.0392,-0.8442,4.3443,-3.8873,-9.1428,-4.003,9.1303,-7.1541,4.853,-8.6312,-1.4378,-5.2811,-3.5674,-8.9928,0.8965,-4.2014,-6.3498,1.7415,3.4658,9.569,-0.1215,5.4251,-4.4671,7.2917,-2.3423,2.1129,-6.0765,-0.4261,-4.794,2.9595,8.1629,5.9343,-6.2009,6.6636,6.7525,6.336,-9.2523,-7.5627,1.2764,-5.0608,6.9672,2.7457,-3.2869,-7.2341,-2.1405,1.5563,-8.8394,-9.8113,-3.385,6.7617,-2.7092,7.4552,-7.3034,-6.5997,-4.9074,-4.3204,-5.7019,-3.4254,8.7439,2.905,4.9598,0.9871,-9.0456,7.1135,3.7981,1.404,8.0262,-9.7195,-1.4447,-1.9186,-4.2352,0.1073,9.9939,-4.5796,4.2123,4.8494,-4.4538,-4.7365,-9.2268,-2.3095,-6.2627,-5.9638,-7.5859,-5.1954,4.9739,2.5212,-1.2525,-8.027,1.4922,2.5916,-3.0322,2.9896,0.2074,8.6044,0.4419,5.3706,-8.3663,2.7652,-2.7017,-1.9784,-0.9264,0.4216,-6.7963,2.8686,3.1211,9.2861,-4.0483,-0.3029,-9.4899,-7.6892,2.5845,-9.5869,1.4908,2.3262,8.6886,-3.9071,-5.2318,9.3136,3.4614,3.193,-5.964,1.3152,4.5078,-4.2212,-5.8198,-5.9969,-4.8708,2.8938,7.167,4.1895,5.608,-3.2703,-4.0883,-3.1735,-6.7851,7.3149,3.2773,7.1822,-6.2848,2.9096,-5.51,7.1804,3.9788,-1.0657,-2.323,-1.5817,-1.0777,-9.3396,-3.8264,-4.707,5.599,-5.0407,-5.2707,-2.3915,9.6518,6.6056,-0.5959,-1.9563,6.0371,-2.5397,-5.2135,3.0388,2.3397,5.5042,5.1396,6.3157,-5.189,3.7517,7.1602,-1.2966,3.7367,3.112,3.2096,-0.0844,9.7026,-9.6515,-5.3122,8.3571,7.6897,-2.0654,-0.8814,-1.4127
-9.9774,7.9465,4.1965,-5.915,-7.095,-9.794,5.6279,6.4366,6.4133,9.4309,5.748,-5.1779,-0.1469,-0.1697,8.1357,5.325,3.4301,6.7375,-6.9589,6.1794,1.6596,6.7002,-4.0808,-5.1079,4.3555,-2.5865,4.8864,2.5175,-1.3131,1.4997,-5.7476,-9.3386,-6.293,8.8806,0.3286,-7.5153,-0.6459,-7.7079,-4.1847,-4.2766,9.1779,8.4733,-7.3759,7.7082,7.2614,-7.9988,6.1824,-5.5308,-1.9913,7.8323,4.5967,3.8597,-9.8256,-9.6865,-7.3886,-3.546,-2.4128,0.9558,4.1777,-3.7943,2.7461,-5.8482,-6.9118,7.0291,2.3342,6.6564,-8.7568,9.2091,-6.0026,-6.7891,-4.1966,9.0619,-6.4434,1.2122,1.5286,1.8706,0.777,5.2464,9.0815,8.8873,-2.1824,4.564,-6.0904,-6.0483,3.4677,5.25,6.5997,-8.9215,-7.0965,-2.5743,6.1882,1.9898,-9.7159,6.6124,2.6677,8.9602,-8.6499,8.8164,8.7603,9.6758,-6.8911,7.5418,3.7564,-3.3474,1.8814,3.0099,-2.8824,-2.6032,-4.9063,0.5778,-7.801,1.6746,-6.3691,9.704,4.2294,9.5155,-8.3944,-4.7148,0.9759,1.8591,5.1626,2.5457,1.2299,3.1075,1.488,2.2857,5.8507,-1.0695,-0.2064,3.9975,-3.4217,9.7757,8.2877,-9.7684,-0.7423,-7.232,0.5889,-2.9467,6.0173,-0.9682,-1.096,-5.4772,-2.2231,-1.7359,-5.0656,1.874,8.733,-8.6572,1.6244,-2.0911,3.3362,-6.8289,-6.7026,-6.527,-6.7846,1.2248,9.5636,-0.5348,4.0301,-5.0723,0.845,5.7206,-5.7068,-0.9177,-5.3557,-3.9409,-5.2327,-3.7578,2.5395,2.1955,-2.243,5.6296,-2.0123,-3.5764,6.0229,-2.7058,8.2055,8.3496,-1.7543,9.4721,1.9354,9.5615,-9.1219,1.2534,5.9034,-4.7888,3.3022,-0.9126,1.6638,-7.8026,2.3558,-9.9608,0.0213,5.3267,7.5297,6.9737,8.0129,-9.0887,2.5535,9.0844
-0.9424,-8.8546,9.8886,-8.7333,-9.551,-2.5945,-9.4836,-5.3328,-3.7647,-3.0365,4.4176,-8.1214,1.6541,-4.8278,1.8723,9.4939,9.9487,0.2179,6.4021,-9.4927,-0.8858,9.0751,-8.1269,7.3998,9.6563,-8.8773,-1.7082,-4.8323,4.1459,1.8207,0.9687,-5.5635,2.9096,-1.8504,9.5942,2.0456,5.0434,7.244,-2.2185,5.4294,2.736,-0.0482,-6.8912,-6.6997,-1.7216,-1.9567,-4.3713,-7.2409,-8.7325,-3.116,-5.6216,2.5217,-1.7528,3.232,5.9592,4.7319,9.6817,-6.5725,-7.4378,7.6627,3.9652,3.2926,-6.9764,1.3385,4.3948,-8.6805,-7.0839,4.9775,4.408,-0.8125,2.4858,9.8856,9.2176,-9.1967,-8.9213,-9.2374,8.0208,3.5403,2.6382,-7.3595,2.9545,-4.5618,-1.3085,-3.556,3.5765,1.2732,-9.4311,0.3933,-8.8171,5.2721,-5.7405,2.1521,-3.2065,7.7202,2.0458,5.0266,-6.601,5.5782,9.0038,1.1596,8.2648,8.2405,-6.5253,7.9261,-7.9814,-8.8256,-1.8988,5.4177,9.0957,7.379,-7.6434,-2.3151,3.932,2.2723,-7.8415,-5.7443,-6.5162,1.215,2.0829,-3.5798,1.901,1.1096,-2.0409,1.3832,-4.6638,-3.7596,5.7418,5.8274,-9.1791,-8.1738,0.4091,-3.4162,3.8937,-9.0334,-6.5386,0.8776,8.2401,2.2476,-7.053,-7.9299,7.4221,8.8201,-8.0075,-8.0622,4.9465,1.8098,0.8389,0.3088,-0.5974,0.8243,9.1922,-9.5676,-0.2137,-3.0016,-3.8672,-9.6339,-4.3132,-4.6829,-6.7627,2.8141,9.4951,-2.7931,5.4331,8.35,8.0413,-7.3633,8.1385,-9.0205,1.9947,-6.1464,-7.3294,0.6477,1.3519,-4.7035,0.0716,9.8635,-4.9972,8.1478,-3.8463,-8.3869,-2.8175,7.937,4.3964,-4.9526,-5.3642,-8.424,-4.9809,3.2687,2.6538,-9.2398,-8.8501,-9.5929,0.0514,-2.3105,-1.3263,0.7792,3.0078,-0.2449,6.3197,-3.8678
-5.7339,-5.3657,5.1455,0.8318,2.0736,7.9655,-2.6462,3.1052,-9.3508,-2.1561,2.0715,3.8201,-2.8961,-6.0621,-2.1808,1.3636,6.2752,-2.7523,7.2421,-3.4794,-9.0731,9.4386,-5.1723,8.1531,-1.1724,7.395,-6.0259,-4.7493,7.2172,-8.6314,-5.975,-0.6417,-1.2743,-0.4108,-3.5805,6.3876,-1.6321,7.9079,8.6499,-2.5816,-2.1799,-8.5826,-1.0828,6.5156,1.0754,1.6942,5.709,-8.7349,5.6223,0.5235,-7.8774,-9.5981,-7.1974,-0.3783,-2.0057,-7.0458,-6.1119,2.2075,-2.9702,-0.2928,0.9766,0.5654,-2.1906,-6.6353,-9.4265,-4.5885,9.4425,-9.5439,-9.1587,4.3669,1.1256,9.2809,-5.4379,-5.969,-5.5977,-9.8725,3.4593,6.7208,0.0002,-3.4427,-8.9162,6.8137,-3.0265,2.442,3.7535,-7.0654,5.7691,-6.6962,0.0415,0.9521,0.276,-3.6103,1.5522,3.7473,-5.9267,-5.0615,4.813,-3.8686,-2.5045,-6.8614,-4.957,-4.2188,-3.3511,9.3209,-0.8643,2.0451,8.4099,0.2521,4.5991,6.308,-6.0768,7.2086,1.0077,0.7051,1.3233,6.3019,3.5451,-1.222,-8.5063,5.307,1.8089,-7.5958,-6.7895,5.3259,-5.34,7.0672,-6.3138,9.4026,1.6124,-2.3252,2.8961,-0.7977,-1.8748,-6.3031,-5.2215,-9.5721,8.3988,4.5605,8.6308,6.2229,-6.8011,-7.8605,0.4013,2.0046,9.3567,-1.849,-5.5276,-5.2953,6.657,-9.0654,-6.3345,-3.2367,1.0769,7.4634,-5.9233,1.8766,-5.4141,6.8642,-0.0801,3.0475,-4.1673,-2.384,7.7916,-9.2257,9.0699,9.0677,-6.6861,-1.7225,-1.5828,7.7093,-6.6419,-0.5805,-3.8389,-6.784,3.3263,-7.13,6.7384,-8.9471,-3.7263,2.682,-9.5489,7.6566,-2.2825,1.8854,5.5355,-5.75,1.7129,-4.6389,-0.1814,9.4437,-9.3745,8.9915,8.3649,-0.3156,-7.9916,-5.1918,-2.511,-2.2197,9.425,7.6385
1.6756,1.989,-8.2726,4.0696,-0.5323,5.8054,-5.4475,1.4146,5.7642,2.3093,-2.1937,-8.668,-9.3142,0.6219,-0.5386,-7.0258,-6.7954,-0.1255,9.7422,2.7403,-5.6938,7.8831,-1.4507,9.3082,0.5701,-0.9409,3.908,-1.9428,0.9119,5.8704,6.2807,9.0056,9.9354,-4.9341,-8.0785,-9.3247,-2.5432,-7.1351,-8.6763,8.6533,7.4248,8.042,-0.5769,-3.8422,-9.0948,6.1589,-2.1699,1.2965,-4.9004,0.4111,-6.3283,-3.2416,2.3779,9.4176,6.4504,5.4875,8.97,-5.7769,9.5553,-8.6987,-5.5566,-6.9485,9.7975,-6.1765,-0.8324,-2.7772,-2.6679,-6.173,5.337,-3.1894,7.3538,-5.1459,-0.1498,-6.7311,-9.7209,-2.7538,0.1684,3.8616,-2.8726,0.6192,-1.0232,1.2414,-4.1416,4.5768,7.8297,3.7632,5.096,-8.3278,1.36,8.3875,5.741,-4.1514,4.4209,5.9734,-5.8642,-5.8208,-7.4152,1.628,-9.6009,-1.2966,-9.8928,-5.148,9.4282,-8.8824,-9.2845,7.5966,-6.1549,6.4324,-4.8669,-4.1019,0.593,8.5192,-9.9129,5.3878,-5.8735,-3.8725,0.0428,-2.3834,-0.6687,4.9084,6.8911,-7.2033,6.042,0.7602,2.3697,-2.9796,-6.3715,8.3401,-8.0607,7.7853,7.7289,7.7992,7.7041,-3.1306,5.5765,3.4451,3.3605,-8.8289,5.0327,5.8419,-9.3612,-1.6207,1.7211,-3.0682,-6.9543,1.6676,5.4752,0.3744,-2.1472,-6.3257,1.6813,8.6726,4.9473,7.1908,1.4236,-5.7468,7.9092,-6.8089,6.2571,5.6505,-1.5143,-0.7331,-6.5171,-5.2911,0.7185,4.7111,-0.1304,2.7156,8.8404,8.7173,4.0213,9.1117,-3.9546,3.1104,-6.08,7.4242,8.9251,1.9544,8.5542,-3.2648,-6.6734,-7.3892,-1.2512,3.7006,-9.1392,2.0082,-5.1581,2.0802,6.9055,-0.3498,3.2469,9.7982,4.256,5.5768,8.7622,-8.0773,1.5619,-2.7679,-8.1085,-9.4642
7.2188,-2.6795,0.7794,1.352,3.23,1.2023,4.7447,-0.5524,-3.2759,8.3239,-2.7586,-1.8775,-2.2788,-4.8755,-9.3103,-8.5274,7.5531,9.1819,-7.6855,7.7072,-2.778,8.2342,5.3604,-8.2649,-1.0921,8.8318,-4.0211,9.083,-5.6997,-7.8975,-6.7332,-6.4325,5.5836,-6.7259,-4.3473,-3.5267,1.4527,9.9953,-1.0424,8.5832,-3.2242,1.9773,-8.1618,-7.2921,-0.1008,8.3135,-0.124,-1.7454,-8.8068,9.0157,-3.005,6.5589,-7.4476,9.994,-7.3875,3.3538,-1.0156,8.8892,1.5247,2.8671,6.2752,-3.2808,6.8466,5.7729,-0.8197,-2.8301,-1.0294,2.9729,-1.804,-8.637,-3.5235,-1.7856,-2.1521,3.8468,-3.1739,3.939,1.1045,9.3579,6.6293,-8.4842,6.7705,1.1321,-0.1338,9.195,-5.8797,5.1706,-2.0934,0.7386,6.2002,9.8675,-2.6657,3.2212,5.3955,-5.9663,-8.848,-1.4504,5.3026,-3.9561,-5.5492,-9.0874,6.9321,8.7291,-8.6401,-2.6768,2.6226,-8.2142,-4.6025,7.2766,3.1912,-3.8129,-8.2897,4.9296,4.8645,-4.5834,-5.1828,-8.4226,-1.2909,-8.2361,7.9878,-2.6708,8.4166,1.2747,7.2756,-6.8894,0.5941,3.1733,2.821,-2.6204,-1.3829,-3.9208,2.2265,-0.2374,-3.6969,-1.1425,2.5661,6.635,5.9961,7.0116,6.0835,-4.2757,-2.7121,1.9592,2.6161,-7.343,6.3905,8.5834,-7.6378,9.9875,-7.312,-0.4002,-6.9493,-4.0961,-3.0703,8.9002,3.4756,1.1353,8.7692,7.9883,-5.2931,7.6046,5.3796,-3.6826,-5.2189,3.87,-7.2794,1.4232,8.7335,1.8525,0.6568,2.3848,2.8265,0.2157,2.0838,-9.8648,-3.1147,-2.5087,-1.4631,9.5461,-7.5828,-8.4334,-8.5755,7.461,-0.2729,3.6861,6.058,6.8713,-8.6001,-5.5208,3.1401,9.0443,1.5113,-5.0945,0.6027,-7.7791,-8.3011,-9.7389,-7.0131,-0.9891,1.5892,-5.1701
-5.2393,5.9392,9.4763,-0.1946,-4.6404,5.4752,-5.2404,3.2589,6.5596,3.1944,-4.9227,4.7787,6.0175,-4.4742,0.3531,1.0897,1.1454,4.5367,2.0238,-7.7816,6.4743,-1.2939,2.5951,2.8133,1.4886,5.8126,6.2648,8.7591,5.7286,1.6918,-6.7973,-5.3171,3.051,5.5277,2.1846,9.9648,-7.4219,-2.6504,0.4991,-2.5465,6.0272,-7.4578,6.2622,-5.9279,-8.1265,-1.4761,-8.5371,5.1599,-1.7087,-9.073,0.6166,3.0051,4.0766,-7.7238,-7.988,3.9696,-5.5201,5.6302,-2.2552,-1.2831,9.0662,-2.1511,-4.5425,-9.2425,1.3553,-8.1635,5.7731,8.221,-2.4312,-8.6281,-8.4761,1.9065,1.8178,3.1313,9.6241,2.199,4.1398,-2.7449,5.9214,-9.518,1.0333,3.6937,4.8535,-4.4379,5.8587,-8.4061,-0.3161,7.2589,4.9756,6.0808,-9.6874,6.5403,6.0554,-9.9625,-9.3663,5.9722,-5.721,-3.102,0.3468,2.8856,-7.9912,4.3619,1.0193,8.8483,4.0851,9.4654,-3.2834,1.5511,2.0091,6.6143,-4.8941,-1.3329,8.9731,-7.8911,-9.8255,4.2169,6.5482,2.5024,7.4047,-5.0351,5.4032,7.3357,-1.4518,-0.3338,-5.9729,2.713,8.0784,-6.3666,-7.5404,6.5708,-6.5887,8.0808,7.3094,-6.315,-4.881,-5.4511,-7.0703,9.4389,-3.1204,6.2183,-9.9038,-0.239,7.5783,6.0411,-7.336,-5.03,-8.6246,9.4751,-5.2054,-0.3802,-6.9847,4.0227,3.0273,-1.1573,-5.3086,-1.4182,7.5204,-2.6556,9.4944,4.65,-0.2234,8.844,-1.3426,5.8307,-6.4685,-0.3128,-1.7887,-2.2474,-1.4622,6.4203,7.1581,0.3718,-6.9274,8.3637,-3.1095,-2.7589,3.6358,-4.5428,1.4105,-8.0956,-9.4358,-3.2069,5.4096,1.5765,9.6137,5.1442,-7.7811,9.0307,7.6574,-0.4391,-9.2623,-4.0934,8.0356,0.5275,-5.3154,9.3091,5.706,4.6808,7.6084,7.6784
8.4297,-3.9389,-4.8982,-2.9313,-0.2396,1.9247,1.433,-0.0429,4.5147,5.9561,5.3134,-4.8617,-0.3194,4.7902,7.1908,0.9833,-0.4732,0.3011,-1.9006,-9.9131,9.6944,1.3834,-4.0111,-6.1278,-1.5293,6.4718,-6.2798,3.1029,-7.9697,-8.2813,4.1865,-6.9786,-7.9852,-0.8723,-8.2055,5.907,-4.9788,4.7752,2.7671,9.6432,-1.7744,7.2579,-3.1197,9.3606,7.2434,-6.3152,-5.2217,-9.5598,-3.5027,7.127,-4.9898,2.3428,1.4786,-4.1365,2.8551,-0.8698,7.9516,-0.0838,-7.2508,3.5129,9.8167,5.4826,-5.6789,-2.3641,6.8955,-0.3741,7.0069,-0.2418,-0.9086,-2.4738,-7.2807,3.5541,-1.1036,-9.6622,-4.5582,-8.2976,1.9941,1.3547,-7.7949,-8.1357,-7.8666,2.7422,-4.0088,-3.3069,-9.4401,-3.7893,7.9785,-6.8496,0.7918,3.3638,9.4331,-3.2938,-2.524,-3.6715,-2.7045,6.4999,-8.6522,1.6174,2.8458,-1.209,2.8634,-7.7596,-4.8342,3.07,2.997,-8.2179,-7.1188,-8.2423,3.6455,5.9522,-9.1345,-9.6404,3.6968,-9.7014,-2.8171,-5.2935,-2.3744,4.4692,-2.6463,3.4804,2.8012,7.6494,8.3875,-8.2239,-8.6045,-4.5206,-7.3069,1.5265,4.4925,-3.3838,9.0466,-8.9447,1.0897,-8.2035,-0.4424,0.3582,-9.1367,-7.1979,5.2304,-2.8658,9.2595,-9.3412,1.1169,2.3654,4.4331,-6.6432,-2.8865,-6.8362,-9.0457,-9.5588,4.5017,-7.622,1.7613,-6.3278,3.412,0.758,-2.6358,0.2737,8.3379,-9.2081,2.9553,-6.468,3.8622,5.822,6.7556,4.3766,-5.4707,8.8292,1.9799,8.6939,-1.3181,-7.3221,0.5699,-2.803,3.2922,-7.8625,-7.3303,-3.0201,-1.2157,-9.2337,-0.1487,-0.6629,5.2159,-7.5763,8.0348,6.8308,-8.2879,7.9926,-9.8457,5.4201,3.9677,-3.4154,-7.1774,-6.8579,5.1822,4.2909,-4.7193,-0.5313,6.3693,-6.179
3.704,-4.6598,2.569,-0.9029,1.3798,3.5501,7.5857,-1.0998,-5.8251,-9.3236,8.1527,1.8581,2.1853,7.9168,8.9396,-6.5095,2.3918,7.68,9.318,-9.9141,1.2134,-4.0828,5.4817,4.3897,-5.9868,3.7865,1.8067,-5.0591,6.8713,-0.344,-1.4406,3.7349,7.082,5.808,-6.7568,-0.504,-6.6959,1.1515,6.978,-0.7623,-8.8355,-1.3027,0.047,-9.7827,-9.3105,-6.1499,-2.9655,9.8388,6.9839,3.6607,-0.074,-2.6689,5.6661,0.2782,-6.2617,3.2538,-6.1592,9.8585,-5.6092,-9.7937,-9.2713,-8.5447,-4.41,2.6368,8.0485,6.8332,1.7984,8.9326,-5.0982,-9.4913,3.4444,7.3638,-8.9041,-7.6707,-3.8686,7.1361,-6.997,-6.9025,-3.6996,8.9175,-4.0332,-8.4552,-9.4294,-5.1957,1.5286,6.8119,2.188,4.0605,-6.9423,7.6767,3.094,5.3248,8.0208,-4.2766,9.0638,-8.041,-2.5925,0.151,-9.6665,9.3041,9.3975,1.165,0.1437,7.1067,-2.0151,-3.0692,-6.0575,-1.4159,-9.9291,-7.6367,-0.8064,9.8534,-2.196,3.5714,-4.1897,-6.2314,2.3526,-2.0657,2.0214,-1.9917,3.225,-2.1073,3.251,-6.4427,1.7713,-7.1096,-9.9109,8.2602,5.7245,2.5282,-0.7061,1.5831,4.7597,7.6881,2.2462,-2.5135,-0.4167,6.8401,3.551,6.2869,3.5629,1.4465,-3.8197,-2.1856,-6.2622,8.9203,-0.1837,9.0533,0.2125,1.7887,-2.0538,8.5372,1.5287,-3.0613,0.5846,-5.9627,3.8318,-1.7884,6.7951,-9.6678,-5.5801,-7.4726,-5.7879,5.1047,-4.3881,3.4272,-3.3158,9.5424,2.6666,-7.3278,-3.3419,2.9964,9.3324,2.193,9.3802,-2.6253,-3.3536,-7.8636,-6.1988,9.4746,1.5586,-8.7269,-1.0123,-3.0278,4.9858,3.1523,-0.9549,-0.5125,6.0351,6.6323,9.8319,-4.4849,-0.6972,-4.3945,-3.8292,5.5947,2.3404,3.9104,-5.3254,-7.0512
-1.2758,-9.3591,1.9891,1.9842,-3.6332,-3.6056,3.8758,-8.8083,-0.9486,-8.9495,1.307,-7.8058,5.3629,7.7357,9.2393,7.0885,-2.8549,4.318,2.684,-1.6686,-8.2571,-4.7973,-5.2937,2.4635,5.3133,2.2618,-9.4289,5.665,-4.2996,-1.4289,-4.8646,5.7922,-5.3473,0.4306,5.8906,4.8786,6.4957,3.3687,2.2248,-1.3139,-0.6268,6.0373,4.7787,-7.3128,9.9545,-5.6188,8.3297,-4.5513,-9.8563,0.1269,-2.439,5.5032,-8.3868,-4.6515,-8.6618,-3.7739,-5.1049,-3.3551,-7.8516,5.6439,8.6578,4.5814,-5.078,9.8113,6.7006,-1.6995,2.2299,-8.3619,9.3412,9.7222,-2.3648,9.915,-4.5949,-1.3544,1.6319,-0.8625,-6.9979,5.8436,7.6753,6.352,-1.5545,-0.9452,-1.4065,0.4452,-6.9087,-8.2912,3.0086,4.2665,-4.3602,6.8619,-7.9916,0.4694,-8.2027,-0.5106,6.6017,-2.8296,-5.3916,7.8679,2.6098,9.248,-3.2757,4.9965,8.2138,3.4228,-1.5369,-3.8558,9.9855,9.0996,-0.2769,2.3414,1.2476,-2.7845,4.2963,6.1856,-6.6217,0.5141,5.2329,-1.5877,-6.7765,1.1095,2.5569,9.9769,-4.9868,-9.9436,8.4103,7.9088,6.5171,-8.5122,-1.6422,3.4527,-2.9558,-0.9934,7.8708,6.5128,0.5093,1.7841,1.7032,-7.603,1.1657,-8.9255,2.0296,-5.2507,-7.6449,-6.9636,8.7743,-3.0658,-0.614,4.6105,-5.8857,-1.0168,-4.1011,9.3541,1.2453,3.8076,8.2048,-6.9649,-8.9174,-7.9893,6.9692,-6.6003,3.9193,-8.491,9.9358,6.207,1.6248,2.6133,9.5444,5.1526,-1.9315,0.0691,9.0291,8.3081,3.6427,-4.445,-5.2352,-1.372,8.9427,-5.7645,9.7833,-8.1488,-9.3965,-2.4385,9.826,-2.9147,5.0627,1.7771,-4.0269,4.6947,1.8665,-9.1325,4.82,-9.6866,1.213,-8.1875,-6.1877,-0.0256,-8.5414,-5.2712,-3.8376,-5.5579
2.0412,-0.9431,6.2549,0.3697,2.4935,-8.8778,-8.6165,-5.5763,-8.8267,3.6867,-9.9106,3.4612,-5.1353,3.1344,6.1254,-5.8396,4.135,-5.6907,-5.0004,9.9744,8.789,-1.3454,-3.9912,8.5156,-2.0604,2.6011,1.4339,-7.0404,-6.608,-0.7783,-4.8723,-0.2715,2.903,3.4599,6.6917,7.0059,4.1886,0.1947,6.837,1.7007,-1.5861,-8.3555,-3.9414,-1.6028,6.2614,-1.5515,6.5292,-4.7954,-9.9519,-4.9122,7.1502,7.6789,9.7504,4.7951,8.6317,7.4952,-1.6016,1.6613,0.4451,0.7508,-2.6086,-2.5989,0.2173,2.9237,-1.6422,-5.8341,-9.6729,-5.7545,0.3687,-3.5285,4.2193,8.2581,8.7387,-1.1273,4.2183,-3.7968,4.1216,-6.8394,-3.6148,6.2992,-4.0913,1.1218,-1.1608,0.3915,8.3515,6.0776,-0.8299,-7.2843,-5.04,1.877,1.9867,-7.8617,9.043,3.4727,3.0275,-8.8003,-8.4814,-6.0813,3.4018,-3.8877,-1.9502,-0.8047,-1.4462,9.1283,-3.5655,0.3942,-0.1942,4.1564,-9.6063,-3.9986,-8.9113,-4.1922,9.1998,-7.3294,3.1846,-8.0484,-0.3733,7.3061,-7.2898,3.907,-9.798,-0.1708,-0.3147,-1.8961,1.109,-3.6305,2.6631,-1.2714,-6.041,8.1889,-4.4412,2.4735,1.15,0.6338,-9.1358,2.7224,4.7158,-1.8898,-8.2861,-4.173,4.2151,-0.4582,1.4143,-9.917,3.0244,7.4799,4.757,-1.8807,-2.8271,9.8008,-6.1387,3.9847,0.5586,3.4589,6.9808,1.3561,-5.3947,-1.4262,-6.4959,-6.637,5.0368,-2.2345,-6.8353,8.4292,-1.3868,2.3422,9.5628,-9.8012,-6.3009,-5.4901,7.8082,-3.8649,4.5339,-4.0253,2.4732,-3.2538,0.3855,5.3338,1.8765,-8.7956,-7.3627,5.7387,-5.6251,4.636,8.5398,-9.0981,9.5718,7.2429,-9.0787,2.367,8.0975,8.981,-3.4013,6.7956,-1.599,1.3598,7.4473,-0.7062,4.7532,3.7058
1.8142,0.5336,-8.7462,5.1587,4.506,8.216,-7.3042,7.777,-3.1115,-2.8167,8.7285,-4.2825,-7.8348,-0.8477,4.1993,-5.4124,3.9748,-1.6923,-2.4075,-7.2537,7.1658,6.3513,-4.0556,-4.5493,-9.7624,3.9861,-9.0736,-1.7091,-6.5462,6.9627,-2.7331,-1.3824,-1.9405,-2.6204,5.0082,6.8094,9.286,-9.794,2.9985,-1.9153,-1.0678,6.6078,9.4389,-5.322,8.7289,4.3756,7.8321,1.5685,6.3634,-6.7653,-9.2885,4.5438,-7.0495,-5.6072,-7.7418,9.6091,4.8185,-5.5434,-1.7941,4.8555,9.2435,0.8372,-1.4755,-4.1991,-7.4244,-1.0136,2.2848,0.2716,-8.8785,-8.8117,-4.0685,4.8174,9.4457,-3.1101,0.1756,6.6855,-4.5907,6.7371,6.7938,-7.5451,1.7827,-2.3088,-9.5748,-4.9909,4.9336,0.6272,6.9678,-5.7916,9.0365,3.9685,6.0861,-8.7244,6.3781,-6.9647,1.3721,2.7802,-5.6405,-7.0746,-3.2715,-0.7757,-3.1593,3.7699,-9.61,-4.2242,-6.556,7.8587,-1.9067,-1.4859,3.7214,-6.0097,-5.9983,-4.0039,-7.5934,0.9106,4.3784,9.4728,-3.3028,5.188,-8.2517,2.01,-7.101,5.3104,-5.7256,-0.374,-2.095,-1.8858,-1.8492,-4.9496,-1.4793,-0.7954,0.9216,4.8374,0.2096,-4.0089,0.3461,8.2471,5.7597,5.7891,4.6638,-2.8326,-0.8047,-8.7654,3.1915,-6.587,-7.754,-5.1632,3.9017,9.78,8.4316,-2.36,-2.558,3.4424,-6.1126,9.056,-2.0275,8.3692,1.4796,6.7645,-1.1744,-8.5988,9.1599,-2.8024,5.1835,0.9123,6.2748,-7.9039,3.0976,2.3616,7.9459,-7.8141,-5.1788,8.4644,4.6882,5.2806,6.2707,4.4164,2.1118,4.0514,-6.1983,6.9709,-0.7703,-4.5459,-9.1047,5.9228,-1.4831,-3.0589,2.3679,8.3471,-8.1041,2.9472,4.7256,4.1439,3.5528,2.7563,3.35,-2.8877,8.006,-8.2495,2.7001,-3.1311
-6.9145,5.9511,-7.3835,0.602,-4.82,3.8699,-9.3094,0.9562,-6.007,-8.0246,-7.0223,1.8706,-1.622,-6.8981,0.0412,9.2332,-6.4283,0.8819,1.8749,6.2814,-2.3772,-6.2727,3.6198,-1.862,-2.3327,-3.3297,-4.9055,8.3006,0.3723,-9.7928,-2.6085,3.2187,8.5936,-0.5944,2.8758,2.0435,-6.7697,2.8624,3.4831,-8.791,9.0634,2.1181,8.7131,3.6837,-0.2474,-9.7708,-7.9837,-8.1005,4.0992,-5.3751,5.1517,-4.0,2.5638,0.2416,2.5564,5.5344,1.6639,4.1625,-0.8844,-0.3148,6.3702,5.0328,-7.1087,9.9291,0.3593,-3.2195,9.5542,-5.3389,-9.9583,-6.5909,-7.7445,7.6747,-5.8554,-1.6987,6.6931,-7.6361,6.4265,4.6349,-0.5324,8.0023,3.8505,3.2577,4.6155,3.9801,7.9771,-3.6063,5.9094,8.734,5.952,6.8173,1.6011,-6.3518,7.4993,-5.4329,-7.344,5.1722,-0.3809,-5.0311,-0.4825,-6.9262,5.8427,-0.8307,-1.7471,-6.2874,5.848,-6.5755,1.3823,-1.4831,-1.0527,-8.0939,8.3486,-6.9033,1.8797,-9.6999,1.931,4.137,4.2994,0.0361,-3.665,-3.0101,-3.2296,-6.9619,9.8319,-7.796,2.2015,-8.559,-4.6871,-9.8502,7.9167,1.3055,-4.3948,-7.2604,1.9412,-9.2818,-9.5641,-5.9774,6.1562,-7.6623,8.9036,-0.9223,9.1811,9.1202,-5.4507,1.1828,-7.376,5.754,5.5654,2.6161,6.5088,1.8634,2.1785,9.6873,-6.5415,8.0646,9.7084,-1.8901,4.6409,-7.5308,0.5991,-3.9728,1.0178,-5.859,-7.2726,-0.9972,-3.583,-8.8076,-2.3956,-6.7376,-7.1269,4.9285,8.4329,-6.8479,7.6918,4.1382,-0.9083,5.4189,-7.7737,3.2981,3.7029,-7.0193,0.7828,0.0938,-4.9083,-7.8504,-9.9328,-2.0358,-9.6643,8.9916,-8.3927,-0.0759,-9.663,4.9185,-7.7175,0.952,3.2225,9.722,-1.3818,-1.6395,0.1407,-9.3928
4.7927,2.0267,8.1648,3.7664,3.3794,3.6321,-7.7966,7.1185,1.3669,-5.5272,-9.4944,4.4779,-1.1398,0.9265,1.1484,2.3447,-1.6047,-4.9272,5.9413,5.3515,-8.4958,-0.389,-8.2918,3.753,0.7369,-9.8292,6.2717,7.1245,-4.0537,5.7529,7.6109,-8.7723,9.4457,4.0201,6.8751,9.287,0.0315,6.9896,-9.2357,-6.2731,-9.3609,2.3217,4.1713,-8.4522,-2.7027,-3.844,9.9793,-9.5468,4.4557,7.2692,6.4748,1.915,-5.5159,9.2186,-1.566,4.5519,-0.8443,-0.8436,0.6633,-7.3947,-5.2701,6.7846,-4.7832,-5.989,2.2076,9.837,5.4477,9.2516,-6.4527,7.5562,-3.9938,-9.3889,3.4221,9.9164,-5.9853,4.2264,-0.7629,-5.8192,-8.6651,4.4015,-6.7696,-8.2596,-1.2958,0.7337,-7.5926,-7.9142,-6.9927,-3.6642,-6.9061,8.2081,1.3887,-5.814,3.314,-3.8356,-8.5886,-4.2215,1.6337,2.9845,-4.2424,-0.3782,6.0137,-1.2732,-6.1106,0.4743,-9.238,9.8892,-3.3561,8.3236,-6.7359,4.9984,3.2759,-5.6607,-1.1074,4.3955,1.1024,-4.3613,-0.2712,1.6994,1.7326,-9.217,3.7248,8.4423,-2.4511,9.1527,-6.0159,5.7556,-0.1641,-1.9233,2.5313,8.4161,-6.1826,-6.5973,1.258,-1.0515,-3.0924,-6.6695,5.7538,-8.1019,-4.3615,-2.2394,7.4071,2.0827,0.6096,5.6062,-5.7197,-3.5923,-9.5857,5.8819,5.2304,-1.9461,-4.5484,6.2586,-2.3682,-7.0168,3.2565,5.254,-2.1687,-2.0706,-4.2472,8.3051,7.5946,8.3434,9.5962,0.138,-6.9152,0.4709,-9.418,-0.4001,-3.928,-9.9174,-4.3034,5.0211,-6.2604,-0.3719,4.5413,0.6937,7.547,-8.9703,1.1592,-7.3095,0.461,-3.2035,1.4605,-9.9264,-2.8546,2.5743,5.0983,6.5489,-3.7279,8.4028,-6.9763,9.8628,9.8074,2.872,2.8352,-4.4646,-4.5879,6.4893,7.8845,8.719
8.6756,8.8488,2.2337,-0.8848,9.5681,-2.431,5.3486,9.6909,6.0287,-4.18,-2.0317,-5.8012,-6.3739,-5.0739,-7.8092,9.1296,-1.1403,-2.228,-6.4341,-4.5798,-5.6011,6.1855,-4.5546,2.6672,-6.6258,6.9752,7.4103,-5.3394,-4.9633,9.5335,-2.4555,5.8328,5.8292,4.807,-1.2667,-6.4306,-6.4194,-2.4534,9.3054,-8.0518,6.6917,4.3262,0.2843,-3.0623,-3.5948,-6.1045,3.5461,-9.8758,8.4404,-7.4763,4.1707,3.1494,-5.4724,3.4086,-0.0478,9.8491,-9.7208,-3.4364,-3.9756,-4.5143,1.7932,3.9304,-1.0203,-7.5092,-5.8395,-0.7117,-8.7102,0.5481,-3.3179,8.1474,5.7788,-1.0497,-2.3133,3.2519,7.3853,-3.4723,-8.7545,9.3357,-8.7251,-9.8907,4.1598,-5.0897,-0.8384,-1.0355,8.1852,4.4458,9.9486,-0.4563,1.8736,5.5827,-4.2852,-7.1128,1.2531,-1.1884,7.7154,-9.0185,-0.0769,2.0416,8.1649,-1.5409,0.8179,-9.0954,9.5373,-6.6866,-3.0151,-0.4649,-8.7432,-5.7528,-5.6273,0.2235,1.1363,-1.3981,5.12,-7.8945,-3.852,9.0973,-9.0931,-8.9373,-7.043,-2.0121,-1.3809,-3.1801,-5.915,0.7574,1.8232,0.5631,2.8996,6.7641,5.6914,3.4343,-2.0251,1.9252,4.8234,5.0718,-6.7624,7.2082,7.7574,-2.5725,-0.3072,-1.2979,-9.5917,7.6564,1.737,-9.9738,-1.0682,3.7223,-4.8464,-3.7387,-6.6631,-2.9456,8.4207,-4.7861,2.3953,6.1311,5.4493,-7.9833,-1.4552,-7.0654,5.2425,-9.1852,-2.1493,-6.2975,-0.5441,1.1834,0.1399,-8.4022,-3.7911,-4.9832,8.4443,-1.646,-2.4913,-1.4798,-5.5886,8.5299,5.5702,2.1679,3.0677,4.8205,-4.6609,8.5933,-9.6014,6.2694,-1.0911,7.8039,-2.5858,-8.3119,0.0072,6.2509,4.9717,3.5449,-2.9933,-8.1615,-6.9724,-4.4759,3.1818,-3.3795,6.7271,-0.7199,-5.9334,-9.2958
4.4698,-1.3083,-7.0755,8.7631,-0.356,-2.3492,-8.1223,-4.8617,5.3225,7.0035,7.237,-9.7694,8.6514,-0.0023,6.5776,4.0632,4.9812,-4.6037,6.4925,-0.1598,-2.3859,-0.5885,5.5579,5.0157,1.9123,-7.3018,-9.5283,-5.5776,-4.9263,4.0311,0.2422,9.9002,-6.0065,8.5542,3.2499,6.8051,-8.264,9.22,2.6463,-1.5339,-5.1847,9.7849,7.0902,-6.6884,0.8797,-2.609,7.2395,-1.0184,9.2593,2.3223,-9.6503,-6.1675,-4.4081,4.9876,6.2546,-1.4295,3.9184,-8.3389,9.309,-7.3091,8.8896,-4.2955,-2.4968,-4.8436,-3.8521,-1.5434,4.6428,0.8592,-2.6651,-9.808,-5.8326,5.8574,0.8473,-2.3534,-0.4281,6.2923,8.4372,-6.6771,-5.069,-0.9497,8.3846,4.3164,-3.089,1.5456,-1.01,-2.3827,-4.1637,8.7131,2.6546,-8.3504,3.446,-5.8718,-1.9189,7.5816,-0.1602,-2.9828,-2.995,-2.2465,-0.6117,-5.6059,-8.1246,-0.0457,1.7973,-3.5182,-6.8148,8.7562,-0.417,5.5204,-9.3064,1.6362,6.2355,-9.0533,-8.4413,-2.5753,-3.2375,-0.5971,-8.6864,8.6789,9.947,-9.8293,9.1186,-4.7672,-8.5612,9.1852,-1.2357,6.9157,-1.9751,-8.7912,-8.0276,-7.4232,-6.8542,-8.9008,0.3127,-6.374,4.6774,-7.386,-8.4895,5.3133,-2.6959,-5.1099,-4.266,-7.4919,-0.8211,9.2603,7.2645,-1.959,-3.97,2.2027,-0.8272,7.8719,-0.3998,-7.1493,8.4416,-9.3081,2.8737,-2.341,-9.3411,-7.0373,-4.2612,-7.1121,0.9623,7.344,7.3327,-0.2572,-8.8642,6.607,7.5004,-8.9306,2.9028,-1.9084,4.0812,-2.8197,-9.6597,-0.8086,9.1044,7.0336,2.2786,-5.4787,-1.2226,9.7862,-6.9176,6.0402,-5.9985,-4.8549,-5.5361,7.8201,4.5464,-1.181,9.3105,7.7482,-3.1289,3.8059,-9.6577,-0.7631,0.297,9.9489,-1.3472,-2.1141,9.562,-2.839
7.6406,6.4677,-6.4868,6.9261,1.3656,5.0847,-1.4856,2.437,-8.3681,-8.5305,-3.6428,-2.8696,-7.705,-2.0488,-5.5908,4.3598,0.0,3.6005,-8.3885,3.9903,5.2088,-9.0063,-8.9589,8.7407,5.1731,9.6186,2.322,-9.808,0.4772,9.9107,7.869,-1.3581,9.1048,5.18,-4.9399,8.3272,6.3666,-7.1318,0.8214,6.4498,1.1863,5.7455,-8.5948,1.1197,8.3896,-5.8493,4.6373,8.9276,-8.7853,8.3969,-2.0099,-4.905,-2.8022,9.636,8.042,5.9937,-5.2938,-6.7053,-0.4881,-6.694,0.697,-5.8726,-9.6418,7.6127,9.682,5.7937,-8.3247,5.4259,-0.5672,1.8989,-8.2647,-1.954,6.3952,1.0306,-1.122,-6.8344,-5.1956,2.0603,8.9442,5.0586,-6.0313,9.3966,-3.9399,-4.5704,-4.7699,-7.9672,-3.5034,0.5032,5.7521,6.0872,-8.3926,7.149,6.4568,-4.7857,-8.7531,-3.9474,4.1204,-6.6254,-8.4017,8.8254,-9.8104,-7.4852,9.3342,-6.8036,0.9863,6.9163,1.8256,3.7169,1.8535,1.6514,-0.667,-0.3197,-9.4157,-6.1171,3.5365,-1.7228,7.8607,5.5397,-7.7998,4.0402,-8.625,-7.4407,7.0913,5.9379,-6.947,6.6207,5.0373,-9.1138,7.3591,0.5255,-9.0579,2.7376,-1.133,9.8738,-5.4517,3.765,-0.2466,-3.7652,-6.377,-0.395,7.4581,-8.6901,-3.9172,-4.549,5.0861,7.77,-4.1279,7.4214,-0.2285,8.8372,1.9744,0.9131,-7.6197,-1.1917,-3.2811,-8.9423,7.487,-3.2662,-7.2453,8.8636,7.4471,-7.4078,7.3096,1.2683,3.4124,3.058,1.9221,-7.2312,3.4177,-5.9043,6.8137,-4.9781,-4.5899,7.4711,-1.8745,6.1131,2.9249,7.4845,-1.7892,8.2356,-7.7254,9.7718,-7.0194,8.781,-8.6479,1.4278,-4.4728,9.485,0.6878,1.2223,4.9724,-7.7555,-2.7661,-3.954,4.5596,0.5441,4.7993,-6.2116,2.6437,2.8671
-2.7866,9.7364,-4.2643,-2.7545,-3.7204,4.9557,-3.6633,1.2425,3.7207,0.6825,8.4357,-3.186,-3.4945,5.2586,-6.5104,9.3261,-1.7841,-7.4571,9.4884,-1.7205,-4.9937,2.8783,5.9395,-0.632,-1.8622,-4.0927,-9.1451,7.1801,-4.203,2.2621,-3.5229,-8.1373,5.5309,5.4114,-8.6245,7.8919,-8.4629,-1.697,-8.0933,1.4389,-6.8016,1.1441,-1.1089,-2.389,-1.1872,-4.9964,0.9223,5.7878,-1.299,-4.2443,0.2588,7.1335,-5.7065,-1.2527,2.994,8.3878,3.6952,-1.5206,3.8682,-1.6505,-2.7161,8.6251,3.8495,4.0743,7.9668,-8.1438,8.7763,1.6555,9.61,-8.315,9.0103,7.611,-5.0828,-4.2019,-6.3912,-5.0693,-0.076,6.2119,9.0218,-0.7875,2.7061,-4.8791,9.2868,-1.3797,-2.174,1.6883,6.8032,-0.1301,-6.8415,0.2573,-9.1038,3.9447,-9.0138,4.5401,-7.4818,7.7735,-6.5213,0.6135,-3.3359,-5.0795,-4.5775,1.816,2.1595,7.1797,3.4135,-4.6654,-2.0517,-0.1555,5.5346,-3.311,-6.6535,-5.7153,9.7862,1.4633,1.8996,4.2215,7.9304,-3.7086,-1.1748,5.2568,2.2311,-7.207,-7.7989,-0.7697,-1.8602,7.4416,3.9885,2.133,-3.646,-1.1521,-2.7336,3.955,0.0101,-8.6559,4.6758,-1.6861,-5.0608,-2.5262,-5.5076,0.2722,0.5649,-0.736,1.4,-9.3878,-3.0187,1.4731,3.5079,-5.6498,6.1843,-7.8117,5.5289,-9.6063,-0.7583,-3.8609,1.9122,6.7247,4.072,6.1105,-4.9633,-4.1031,-7.2189,-4.5464,9.5038,8.8533,1.4379,-5.083,9.6169,-9.1401,7.9374,0.9253,2.4372,-5.1353,-4.5941,7.3308,6.9512,-0.9952,-2.1394,-2.8415,-3.0965,-4.8138,-8.5719,1.4453,-9.0867,3.8476,-4.4874,-8.7325,2.6244,-3.9653,0.6984,-4.1402,-5.3241,7.7381,6.9812,0.0289,4.1647,-8.3635,9.6323,8.5542,-0.9403,4.7347
8.4299,0.6093,-7.2591,5.2381,7.9752,2.8123,2.673,2.525,0.0658,-8.0378,-6.4621,-5.7994,-5.521,-1.053,-6.6538,-2.8938,3.6919,-5.4063,-5.8993,-9.5803,8.44,5.5782,1.0164,7.8378,-2.566,-6.7228,2.612,-8.4159,7.277,3.8745,-1.4066,0.0708,4.6868,6.6635,-1.5541,-1.738,6.562,-6.1887,-4.2712,-2.9316,5.0347,9.6768,2.801,-6.6308,-5.8221,-9.0298,6.5091,-1.9412,3.603,-7.6353,7.0004,-8.1982,5.2124,3.8089,2.4038,0.8917,0.8588,8.2117,-2.5165,-1.6976,6.3505,-4.9448,-5.7004,-0.0968,-7.2311,9.9461,8.6271,9.5863,-1.1409,-9.1871,-6.2456,7.5113,3.1349,-8.3546,5.4086,9.9462,2.8351,-1.3028,-2.0038,-5.7161,-8.9224,0.6892,-4.8439,-0.3087,7.195,-8.1187,1.8039,7.4875,-7.7099,6.5804,8.7653,-5.8091,-3.2224,3.2098,5.1288,3.5194,-2.5178,9.3381,5.655,-9.122,-6.8183,-8.9501,-8.5752,-0.3497,1.4182,-3.2954,5.1434,-0.1135,0.0134,2.7483,9.6005,-0.6359,-1.5937,3.5228,4.0247,1.7917,5.4138,-8.867,5.9083,2.5687,0.1478,2.4738,9.9667,-1.5359,5.0236,-9.245,-2.5981,-2.1566,-5.972,-7.6379,7.8597,-4.7445,2.7889,-0.412,2.4722,-1.207,-5.4344,-8.6088,9.8674,2.242,9.2243,8.2844,0.0659,-6.0792,-6.6067,-2.0834,-7.339,-1.0735,-8.8991,-5.6933,4.5489,-2.4385,-0.7479,-5.1462,-9.6949,5.8302,-5.0517,-9.1187,-6.4144,2.5579,-8.0842,7.1773,-1.9292,-3.1816,5.9907,-0.8842,-2.9678,-4.2708,-5.4054,7.368,-4.3883,-6.8402,6.5814,-6.5823,-1.0263,-5.8232,2.765,3.2954,-6.9132,-0.7923,-3.0473,0.2325,-2.3238,-7.0465,-9.0402,-7.7159,-1.9425,-3.643,-7.7782,-9.5126,3.3361,2.953,-8.0782,0.0906,-2.5144,9.4128,-5.2,-5.9118,7.8612,0.3764
-3.437,-8.3995,0.7565,-9.429,6.7166,-8.2647,7.4008,6.2699,1.7155,7.5853,1.3444,-1.5612,1.1573,2.8794,-2.6591,7.5186,-1.9629,-5.1655,6.1896,0.3893,9.0313,-8.1071,8.9211,5.1216,1.0336,7.7768,4.563,-2.2362,-4.4635,0.7183,-6.2833,6.3954,4.8245,1.3135,4.0467,-0.7105,0.3829,0.4679,4.6537,5.9573,6.5525,6.6963,3.7289,6.3075,-1.9622,-4.8694,7.6434,-0.8861,8.4476,8.8509,5.9201,-2.4115,9.2211,-1.7343,9.8599,2.5037,1.178,-4.6052,4.555,9.307,-4.6096,-0.2433,-7.0786,-8.3441,-7.9596,2.679,-8.6247,-2.0446,3.6388,0.903,0.8763,-3.7568,-0.2606,-9.089,9.2971,-8.2564,7.7854,-5.1601,3.9701,1.1454,-0.7644,0.8336,3.7134,-1.0179,1.7686,-7.3663,2.7116,-9.1419,-5.5285,4.9676,6.438,3.2182,-3.7208,-6.4885,-5.931,-4.8486,-3.8941,-2.206,5.2872,-6.1725,6.115,-9.2476,6.4287,6.2377,-6.1452,-6.4408,3.3293,-7.986,-2.1753,7.7633,0.911,-8.729,4.8667,-7.5735,0.8676,-9.9015,-5.141,-1.9248,5.7549,-8.8817,-8.1392,-5.6904,8.9396,1.1369,8.2405,2.5734,-3.1719,-4.5212,-1.0958,8.4594,7.0632,-5.9207,-3.2651,7.8964,3.9816,-5.6889,0.7005,7.783,5.9028,-1.0962,4.8652,-6.7788,7.8347,-7.4813,-7.0034,6.9559,0.201,-4.4902,5.0353,9.727,0.2536,-8.227,-3.0708,6.1755,-0.7436,7.0416,9.025,-6.6835,0.444,2.7727,7.0847,1.4682,9.0822,8.4925,6.1285,8.1064,4.491,3.3721,-1.7232,-5.9226,5.8877,-0.0662,8.0168,-2.4964,8.4142,3.9499,9.441,5.5166,-5.6559,-9.9453,9.0473,7.3738,3.4166,4.7249,-7.8457,7.7685,0.3395,-6.0115,4.0324,-8.1987,-8.5672,4.0006,-5.5119,4.5046,-5.9826,-4.1512,0.5381,-2.4143,0.4882,-9.1127
-7.3274,6.4958,-5.662,-5.1335,1.7251,-9.1912,-0.2505,3.3966,-4.94,0.2636,5.8814,-6.0844,2.3061,-9.0503,2.0839,7.5028,0.9643,-7.4902,0.7877,6.1023,-4.5982,-9.1544,6.8488,6.9052,-9.5706,4.416,-9.3919,9.6799,-1.5988,-0.5541,6.9825,-3.5014,4.5352,1.5287,-8.2178,-7.6681,-1.3373,-5.9458,6.61,-4.4107,8.7535,-2.5397,9.7367,-1.23,-3.6949,-3.3246,-9.2236,-1.5757,8.0112,-5.3836,-5.5699,-0.5338,-7.4156,-6.3346,4.8594,1.4489,-7.7843,0.9247,-6.467,-9.5307,-4.6187,-8.8589,-0.7894,-8.0586,9.4445,3.3455,5.8902,6.5055,-7.3442,-7.3136,3.3364,9.3205,9.5821,-0.3625,8.9395,7.9823,9.0089,-0.5379,-7.8476,9.8143,5.0056,-1.1345,0.0256,-0.1882,-1.1682,-1.1752,-5.3376,-9.4673,-2.4625,0.3439,-5.4708,7.4668,-6.4026,-1.2022,5.8951,9.6012,8.8755,-7.5276,6.9496,3.9162,5.4068,3.3716,-0.0342,-3.2014,-6.4295,-7.7046,-6.6305,3.1917,-6.281,5.2618,6.2378,-8.418,-7.5981,-5.4529,-6.7612,-5.5317,-2.6381,-1.2934,-7.1695,0.3335,7.0747,9.1412,-6.7543,-3.4455,-6.4791,-2.8241,-1.1304,-3.9502,7.471,2.2347,3.1,-6.9404,-1.5516,-0.786,-2.1708,4.1302,-8.3766,-4.2391,3.9133,0.2817,-1.2543,7.7354,-6.5582,0.2152,8.4318,-1.5761,6.5984,-2.9388,7.3404,6.498,-6.4414,4.0826,3.2926,6.8151,3.5007,4.5288,-4.3123,7.5027,9.0193,2.3607,5.4577,-1.5041,6.8238,6.0308,0.4071,-2.3002,-8.669,-1.6939,-0.0439,8.8939,5.6366,-9.0931,3.1755,3.7308,5.734,6.6602,-0.1365,-5.1529,-5.0733,-8.2313,2.4698,-8.6473,6.1171,-5.9172,2.8667,-3.5688,0.1432,-1.9987,9.2934,-3.849,6.1166,3.0906,9.6481,6.7665,-6.9544,6.7834,7.789,-5.157,-9.3889,-2.0147
-8.2768,1.7157,-2.969,-2.1207,-2.1246,1.2829,-4.8048,-7.4955,-5.5988,5.6851,-1.5794,1.8558,-4.7497,-5.4322,-1.7467,-8.3162,6.2802,-3.137,-4.5311,5.9532,5.2033,-0.6345,9.263,2.5081,7.9671,0.2438,2.5184,-4.5681,3.9018,-1.3278,2.8803,0.0604,4.0407,-6.776,7.1142,3.9975,-3.1022,2.6095,-9.6594,-1.3164,-1.8818,-1.6514,-0.7265,-3.9202,5.4358,-3.3446,-3.8415,-5.9681,8.5031,-2.9228,-7.2715,5.9962,9.0542,-1.5525,-2.1425,-9.0236,7.078,-2.3234,6.0392,-7.7821,-8.9787,-1.8928,-7.0419,4.2657,-3.3001,4.2562,-8.8573,-5.3891,7.3333,-0.0723,-0.9873,-4.3939,-9.406,-6.472,5.5784,-2.5907,-4.2187,-3.1771,9.1308,-5.7481,-8.6878,7.9447,-3.9607,2.8679,-1.2105,-9.4438,1.2979,7.3974,2.7378,4.2474,-1.3222,-1.2724,-2.813,5.3882,-3.1949,-1.7296,-1.8626,-7.522,-2.4639,-4.9697,-6.6003,-2.7838,-5.5421,-9.0355,1.8505,7.6243,0.5619,2.7409,-5.567,-5.8451,4.055,0.023,5.6183,7.7487,-5.5101,-6.6072,-6.426,-1.4004,-7.3177,4.3084,-2.954,5.6969,-3.8861,9.5775,-3.0855,-0.1527,6.0296,-4.5067,-1.4851,5.4079,-2.0171,5.7156,8.9214,-0.1604,-5.3143,-7.9313,-8.1839,3.0593,-8.2836,-5.1906,-5.9074,3.3895,2.3007,-3.8861,6.7597,3.0538,8.9427,-1.5498,-7.6936,4.3308,-1.91,-2.3628,-7.7867,6.2085,-9.3148,3.2884,-0.3445,-9.9962,2.3396,9.6028,6.9633,-7.1097,7.3289,6.8998,8.8685,5.5216,-6.4418,4.0957,9.4932,7.5289,6.7273,7.0305,9.6558,-8.5281,-5.2579,-4.4144,-6.716,8.9706,8.4286,0.5314,9.6783,-9.1437,-1.6762,-9.8695,4.1875,-6.5945,-4.5147,3.4894,-2.6736,-2.3068,7.8261,3.8375,-4.9106,-4.0975,9.4592,8.5749,7.965,-2.1619,4.8901,1.005
-4.5319,8.2449,5.6174,2.2593,3.6887,2.7441,-5.617,5.1688,2.4435,4.3177,-0.7601,4.8201,3.123,-4.1842,7.6495,-6.4604,-8.0353,0.2702,-7.2625,-9.7465,8.8283,9.075,9.8094,8.8312,-5.8085,-3.6799,0.8577,4.791,-7.667,-0.1748,-4.8452,-6.3162,2.1588,0.8422,8.8879,-6.057,-5.7033,7.7552,-3.4684,3.3548,7.7288,-0.9719,8.3629,-8.7427,-3.7103,-4.2564,7.9316,1.5155,5.5963,-7.9083,-3.1727,6.5348,-9.7543,-7.2339,-4.7241,1.4182,5.2866,0.7416,-6.6506,-7.1559,0.1933,5.0716,-1.6308,-5.5243,-2.4663,-7.8435,-4.6391,6.1793,-1.1452,3.1163,-3.3722,-6.8779,1.7602,1.2121,-0.4505,-7.4932,7.9552,3.9477,-1.2849,2.2772,-0.9123,-0.661,-3.3743,-0.6369,-8.3116,1.8398,7.4844,-4.5601,1.8136,5.7157,-5.092,-6.8206,-0.106,-3.4031,-0.753,9.1226,4.976,-5.0923,5.5102,4.6255,-8.8054,-2.4407,3.9637,-1.0552,-1.4382,-8.5876,0.3375,-6.5379,-5.5158,9.7551,-3.6803,8.256,0.0781,-6.7606,-3.6036,-6.7037,-6.4108,1.9706,-7.1806,0.1206,7.6626,-3.6864,8.0246,7.0076,1.487,-4.707,2.7683,-8.8641,6.2125,1.0233,8.604,-3.7777,-3.372,-5.4742,-7.9095,-9.3596,0.5097,7.3015,-3.862,-2.7285,8.2647,8.1936,1.63,6.2957,1.4578,-3.0906,-6.7524,1.8869,4.08,-9.8142,1.3591,8.2501,-3.274,-4.8924,2.867,-4.9992,-1.4129,-2.1567,-9.405,-8.4169,0.2518,-5.1283,-0.1895,4.1689,0.4514,2.8622,6.3433,-5.8029,7.1928,5.1689,8.9552,9.7715,1.6804,6.9487,6.017,8.6298,1.7937,-3.8301,8.3577,-5.0087,-4.8665,-5.4346,-5.6423,-0.9777,7.3317,-8.8208,5.6863,7.84,2.0369,7.5654,4.9447,0.9012,1.4364,-9.0065,-8.1492,-4.8116,-6.5054,-6.9672,-4.1097,-1.7345
-8.2549,-5.8512,-1.4232,-8.1071,-2.9384,-8.8642,-9.1349,-3.2237,-2.9494,-7.8619,8.1751,6.9187,-8.1541,3.2328,-9.4046,-5.4718,7.281,8.3969,-1.8589,-5.1598,-2.3451,3.6221,-5.7766,-7.772,-9.4461,-7.8587,-5.7614,6.7169,-0.8703,-4.8178,6.466,-5.6435,-7.7086,5.0473,3.35,-5.1511,9.6367,3.3202,5.6941,8.2337,7.6336,-7.3426,1.9581,-2.9438,6.5745,-9.2297,-9.7414,8.8745,-5.8844,-0.1705,2.9486,-2.0018,1.3736,9.6122,-5.16,0.1824,-4.6,-1.0589,5.2662,-1.7764,-1.3396,5.257,7.9479,0.3493,8.85,9.1237,-5.6614,-2.0273,2.9192,1.266,-4.9849,1.111,-1.6377,-8.7509,-4.6035,8.7384,-0.0225,-7.0952,-1.6927,4.3841,5.2091,-9.1188,9.6918,7.2296,1.4186,1.8645,8.6544,0.8726,2.8218,0.1881,-6.6398,8.3647,-7.7903,7.6642,-9.8936,2.0833,-0.6249,-0.4704,4.853,-2.2698,-0.1078,-1.2657,2.0955,4.5283,2.2723,-9.7336,-3.9032,-1.8652,-2.7519,-7.8259,-8.7793,-5.1719,1.6243,-6.9414,-4.7226,8.2829,4.2762,-7.9969,-3.6761,9.3102,-4.5178,-7.2532,-2.4397,-6.8084,2.85,-4.1164,-8.5463,9.7795,-9.2298,-7.1831,-9.4136,-9.3285,2.3062,-3.0877,-0.5063,3.8867,2.7048,7.5039,-8.5448,6.9432,2.2913,1.5184,-7.148,-2.9319,1.8491,1.86,3.4802,-7.5095,-9.2086,-1.914,9.5531,-2.8909,0.1742,-2.679,9.108,4.0973,-7.6047,-5.1192,9.3453,-1.2312,0.2456,-3.9421,-9.7728,-1.3654,-8.496,7.9036,1.3799,6.4631,5.8829,-3.6635,-3.1862,5.0282,2.0587,8.7407,-4.8708,-7.0492,3.7945,3.5408,-8.465,-5.4786,-4.8478,-6.5153,9.513,-1.134,-6.3762,-6.6214,5.8717,9.6893,7.7858,0.8639,-3.5409,-1.6283,3.3546,-8.5199,3.1199,5.2055,2.6435,-2.3828,9.3865,0.7748
0.8659,5.7457,0.7605,-0.6957,-5.5239,6.0494,2.8871,9.2175,-2.0366,-7.5561,-9.387,3.1445,-7.6319,6.8527,4.1944,6.4759,8.6902,-9.9738,6.1264,7.7357,6.468,-6.1534,-1.3762,5.1569,8.8048,-9.8907,-0.552,7.5998,1.9427,-4.155,4.8035,-3.9019,-7.5012,7.8574,-8.2552,-8.1015,9.2524,-9.2169,4.5804,-7.919,-7.6439,5.4402,-8.4995,-2.9039,6.9635,9.2776,-0.969,-6.6671,2.866,0.143,4.6582,-3.309,-3.4552,-5.5945,-7.7902,-7.6746,6.3525,5.4267,4.4479,-3.1828,-9.9974,-3.6835,-7.7938,6.5735,-8.02,6.6538,-5.4516,-4.3964,-0.4159,4.837,6.9474,8.7216,0.3667,9.6049,-6.4185,-6.8142,-3.4282,5.5447,-2.247,-4.6121,-0.3272,-2.1854,-3.431,-9.282,-9.2653,-5.0484,9.7917,-8.3458,6.684,-0.5738,-0.1339,-6.0052,9.6521,-5.6783,8.8742,6.288,-3.5367,-7.8711,7.1411,5.0062,2.1156,-0.6286,-0.9122,-2.4376,4.7792,-0.2207,-1.7258,-2.6973,2.5365,4.8435,0.4454,1.2961,-2.6249,0.9681,9.0276,7.3258,-9.2451,9.7811,9.8581,-4.9388,9.0008,7.1676,-5.554,-3.2672,-2.4027,-9.454,-6.0445,2.7401,-0.9167,9.6668,-0.4295,6.0534,8.986,-7.2813,-3.7999,-9.0994,0.0342,4.9938,9.921,-3.8086,-7.341,2.5677,-8.921,9.3313,-9.1381,9.4985,7.393,-7.3433,7.3648,9.2567,-8.9447,1.5496,5.3933,3.5402,-1.2095,-5.2693,4.4594,3.719,-1.4972,1.1416,1.9791,-4.8097,3.366,4.8226,-0.3244,-6.8932,5.8119,-6.0315,0.2542,9.5738,1.1373,-4.9039,5.3964,6.4436,-8.1279,-7.8118,-0.3926,-8.2416,-9.62,1.9206,-7.6778,-1.0221,-6.489,4.2277,-2.4715,3.8344,6.729,0.2002,7.8475,2.3697,8.4134,8.7996,8.2015,-3.4494,4.7155,6.1588,3.5397,-9.7794,4.9441,2.0632
-5.8627,9.0426,-4.3919,-6.39,-2.5026,-6.5222,-1.725,-5.5634,-2.5033,6.0884,5.2369,-9.926,-7.7713,-3.551,5.869,4.1479,7.8621,3.2784,-1.7022,-4.6908,-4.0695,-6.52,5.0898,-9.5373,-2.4088,3.0562,8.8093,-0.7913,-4.1478,0.5167,1.9527,-8.006,-5.2718,-6.5762,-1.3161,9.8155,-6.0585,3.3641,9.1163,-2.9438,-7.362,-6.3636,7.4853,4.9808,2.612,-0.375,5.2862,-9.8268,-4.5596,7.9156,5.4149,-2.98,-8.1437,6.0539,-1.2072,9.7892,1.4395,4.535,6.0595,-4.2859,-0.0666,-0.7195,-5.2611,4.1027,8.8512,0.0909,1.0388,9.9982,-8.5431,-0.076,-3.6239,-3.0534,-0.0131,6.9721,-4.4116,-7.3525,-6.8103,-7.1521,0.6072,-4.7591,-0.549,7.8098,3.8575,8.68,0.4072,-3.6494,-5.5589,-0.4554,0.2537,3.6126,3.185,0.7511,-0.1573,2.0742,-0.3723,6.8074,3.4144,8.083,4.1542,-3.4399,4.3977,2.457,8.8413,-9.1284,3.2306,3.5209,6.7363,6.8364,8.6215,9.718,2.9065,1.22,9.0886,-1.7993,-3.1095,-3.1973,-0.353,-5.2271,3.1654,4.2798,9.8542,8.6533,3.4748,-3.4472,-0.6873,-4.7691,1.6821,3.9379,1.4736,3.6827,1.0798,-2.1187,3.0985,-9.3956,-8.5226,-0.1909,-9.9208,4.098,4.6965,3.3512,-4.6551,-7.7734,-5.6051,-5.128,-3.2874,8.14,4.5264,-9.4201,-2.0741,-9.327,-4.3153,-4.7401,-3.5418,-5.3641,1.7208,-0.5253,-7.0631,5.6631,-4.5602,-1.514,-9.9266,9.1634,-1.3079,9.517,-9.596,-4.2028,4.841,6.8373,-4.8257,-3.029,7.5048,-9.1379,7.5401,8.9277,-6.6682,8.303,1.8221,-5.674,0.1321,-6.5006,-8.4157,-7.3584,1.8284,3.1989,-2.5117,8.7882,9.1834,7.0314,-4.3518,-7.464,-2.5407,-0.8582,-9.5322,-2.9335,-2.5097,8.5811,-5.9334,-7.5919,1.6087,8.7642
-3.9419,7.7654,-4.5967,0.7455,-2.6592,8.0293,7.4577,6.872,-6.1101,-3.2897,-2.9098,-4.5057,9.0232,0.3248,-8.5049,-9.0791,-1.1666,-9.1502,-3.8807,9.7162,-5.2822,-6.401,-1.9767,-4.4341,1.5392,-5.6044,-4.1819,7.2348,2.1616,-9.2496,-3.549,4.5658,-7.4621,5.7866,8.3164,9.3111,3.8061,-8.9102,6.3376,8.854,-8.047,-3.5794,-9.4523,2.0476,9.6767,-4.9906,-9.4254,-3.735,-9.5565,-2.8213,-6.0353,5.3373,-5.5212,-2.0326,8.0184,-1.4794,0.5903,6.6017,2.8152,0.1482,-3.9082,5.4693,-4.8934,2.3918,-2.47,-6.2436,-0.41,4.2839,-4.5848,2.0158,-8.7062,-0.9402,4.5995,9.8895,-2.1998,-9.0018,5.7627,-3.447,-8.662,2.8643,2.7958,3.7062,-6.522,3.2166,-4.706,2.3129,2.4497,9.1577,3.4981,-5.6501,-3.1232,-8.7584,-2.5313,-5.4811,-5.0848,9.2483,9.1523,8.8296,-0.1465,8.1041,4.902,0.4097,-0.6892,-6.6613,3.3473,8.2527,-3.5825,-9.8864,-6.0992,-2.0795,6.5111,-7.3323,9.0256,-4.4254,-8.772,-9.3986,-4.2929,-1.5659,1.3003,-9.0482,-0.9562,2.5987,-0.6155,-4.3564,3.3114,0.6673,8.1042,-0.7949,-8.542,-9.3731,0.7389,-4.7725,8.5176,-3.587,7.6303,-7.5909,9.9754,-8.4044,8.9979,-2.8348,0.6438,-9.2386,-3.8367,5.3546,4.8029,2.825,0.5509,8.1719,-0.2485,4.4789,-8.0516,-4.0229,-6.2605,9.6844,-3.5534,0.1979,-8.5311,9.3989,-8.1835,1.5644,-8.7008,6.6152,4.063,1.715,3.8893,-8.2124,-3.0421,1.8728,4.311,-7.2233,0.08,-6.7313,3.9938,-6.3247,0.0945,-6.948,-7.5643,6.2437,3.7304,9.9262,-8.3627,3.0249,6.9052,6.3364,7.5655,2.4164,9.0204,-6.0215,6.7958,-9.806,-9.8891,-1.6565,-8.17,-4.6216,-5.5439,-6.5958,9.3301,8.1753,7.9047,-0.1176
3.1705,-9.5962,9.4638,6.3855,-0.9469,-6.9085,3.9278,-0.7058,-0.7501,2.3159,-1.5273,-4.9552,-7.0155,9.1166,-9.8363,-7.38,7.1803,-3.3394,-1.9082,0.3422,3.9691,5.6402,7.576,4.3802,4.5719,-5.6344,-2.0658,-3.3194,7.8497,1.3716,-8.1269,2.7762,3.085,-6.9955,-3.4405,2.0195,-2.4668,-7.6731,-6.6039,-8.4732,-1.1928,9.8861,1.3048,-1.8251,-6.0991,8.3931,0.3535,9.4341,-0.1174,-7.7168,3.1423,-1.892,-7.5458,9.719,3.8574,-7.4019,7.1914,4.234,1.1092,-6.9332,-1.6835,8.4343,9.634,-0.2999,7.262,4.9508,1.4783,-9.8574,6.7241,-0.371,-6.6586,-5.839,9.8452,8.1711,-0.5989,-9.5626,-0.0355,-9.9289,-5.499,-2.1995,-6.8766,-4.4622,-9.2646,-6.9945,2.02,-7.4093,0.357,-4.6307,5.4688,-6.5986,9.3364,-8.6557,-2.4242,1.0456,8.8922,9.1645,7.2745,7.1732,-6.0363,8.4745,7.958,-7.7705,2.1525,-9.7872,8.15,7.3702,8.0317,-4.2698,3.6241,2.572,1.2962,4.5858,-8.1977,-1.1694,1.4506,0.7863,-3.2525,-7.618,-3.5048,-0.614,-6.6715,-2.149,-6.5081,-7.8734,-7.2401,-4.7048,2.6655,-6.727,2.1747,-2.164,6.7086,6.9209,5.6977,8.8516,-3.1937,4.7526,-6.7725,7.4632,-9.3592,7.4452,9.8307,-4.7956,5.7867,7.2893,4.887,-1.2756,6.4603,-9.1628,3.2637,4.2335,-8.7939,-5.7445,7.4529,4.1664,-8.2337,-6.5704,-2.9865,-2.5855,-2.7764,-0.527,2.0579,8.6713,8.1773,3.7896,8.5004,6.903,-8.5675,-3.1177,-5.8579,-0.6198,-5.5879,6.8254,-1.4287,-8.2969,-7.4667,8.8932,-3.5833,3.5674,-3.1894,-5.9655,6.6216,5.6385,-1.6942,0.6927,3.0639,-4.9182,-2.1734,-6.1814,1.0669,-4.4484,-4.5323,0.6414,-7.8097,8.833,-2.3425,-0.7179,-2.375,-4.5268,-2.3988,7.1741
6.8591,-9.1007,-6.4319,-1.5208,5.644,-8.8806,9.874,0.8746,5.211,8.6438,-8.267,7.7846,-4.3589,-0.5807,-2.8644,5.125,-7.0409,2.375,-8.9936,5.0405,-1.0455,8.4627,-6.7989,9.3952,4.2705,-3.9289,7.214,1.6034,9.2407,6.7924,-0.7545,-1.7496,5.8446,-7.7114,7.9586,7.4503,7.2124,-6.4858,7.5782,7.2094,8.4977,4.5725,-3.8849,-5.9605,-3.3863,3.4415,-3.912,-9.7005,0.3982,-6.5953,-2.9637,0.7352,-1.1941,6.0908,-8.4363,6.9551,-0.1541,-2.5204,-6.0007,-1.205,7.9343,-5.937,3.7146,6.5248,6.3894,-0.7204,-9.4559,7.071,-6.402,-2.9992,-3.7348,-1.9728,2.2975,-3.9288,3.5778,-8.7859,-9.6689,-4.5026,-2.1645,-7.1519,-5.1176,-3.6145,7.8179,4.5059,0.5505,5.9405,2.7355,-4.2743,9.043,1.7394,8.9097,5.4931,-4.781,-8.6244,-1.2899,0.0424,-1.8344,2.9737,-6.4718,-3.3382,-5.9405,-0.4118,3.5301,4.4533,-8.0424,-3.3521,5.3622,-9.7029,-3.5537,6.4256,-3.7071,-7.2589,5.8289,6.2165,-0.0106,-0.3306,-6.0762,1.6044,-6.0526,-5.7269,8.2498,-6.1013,7.2684,5.9325,-7.3422,5.2907,8.0061,7.9481,-8.6752,0.4224,-6.4106,7.4065,3.4509,-3.0728,-1.5266,7.5212,-4.4776,-5.3599,2.0777,-7.8733,3.5249,-5.3442,9.7482,6.6382,-1.4744,0.1419,-8.3914,0.6839,-2.3513,9.4788,-3.8938,-2.2982,-7.9625,1.6617,-8.3483,-3.853,7.3869,-9.0278,7.6855,7.2249,-9.8097,-2.9117,1.1788,5.5554,-5.6421,1.5206,3.3337,-7.3511,7.771,-6.7735,6.724,2.225,-7.2018,2.5566,1.4766,-7.246,-6.6111,7.5242,9.058,-5.9609,1.1606,6.0988,-3.3394,-4.8298,-3.5513,-4.6141,-9.7413,7.4884,-9.7803,7.0004,-2.4226,-5.376,8.7195,5.965,-7.9056,-1.6305,0.5463,7.449,-7.3742,8.6724
2.5191,-5.3753,8.5046,8.9249,7.1373,8.9967,8.1222,-7.4825,-1.2176,2.9073,2.0703,-7.8717,5.9893,1.3274,0.7832,9.8561,7.8724,-6.2774,1.5546,4.5837,-3.1589,-6.2811,8.0523,-9.6345,-6.1846,-5.4077,1.7359,4.617,-7.9507,-7.2643,2.9554,-1.0587,4.9246,-2.3578,-5.7603,-9.4318,-7.162,8.3217,0.9652,8.0244,-7.6889,-0.3763,8.3464,7.9665,2.7356,3.2499,7.0284,9.264,9.6034,-9.774,1.7874,1.2573,-7.6018,0.4109,-7.9994,-9.0516,4.3269,-9.6702,-2.0702,6.5941,-1.3773,-3.1798,-9.6384,7.9958,-9.2463,-2.4023,-4.129,3.4502,3.5328,-9.0294,0.1539,-0.8807,0.418,1.6248,5.3751,1.9295,4.014,1.9578,4.1796,4.0102,-2.7404,1.6908,9.671,3.3187,-1.511,-6.1361,3.1285,1.2722,6.6787,-4.5281,6.9647,-5.8061,3.0305,3.392,9.2771,1.2214,-4.3827,-8.214,6.3012,1.9926,-0.0826,-0.3294,3.8252,-2.189,-1.6944,-3.4858,-8.0431,-0.5355,-8.3608,-7.3936,-3.2934,1.7624,5.5054,4.4978,-1.8434,7.962,3.5128,7.9701,-8.9356,-0.3694,-9.6358,5.1182,8.4102,7.0771,3.8208,4.6019,-4.88,0.4038,-0.5329,-3.8222,1.6396,6.9113,-6.8298,-7.0961,-0.4995,9.4339,5.9116,-4.6953,6.8628,-3.0667,-7.4356,4.6804,-7.4761,4.3956,1.8802,8.5972,-5.2532,0.1444,5.1497,-4.1639,2.0443,-0.3256,3.8183,6.8184,0.1689,8.9771,6.5314,9.0399,6.311,-8.6991,4.3983,-3.795,-0.3058,3.5718,1.5238,2.1806,6.5262,8.9642,0.4093,6.8192,-0.846,-4.1854,1.6243,-6.8204,-4.1219,7.9342,-8.886,-0.9427,-9.3122,-7.0177,9.5865,-2.3984,0.0013,2.5992,0.5017,-0.465,-3.0718,-6.9185,-0.748,8.6511,-5.1664,-8.0719,-7.6638,3.2298,7.5914,9.6444,5.9826,-0.8745,-6.2624,6.4144
6.9368,-1.383,-7.714,5.2886,3.1711,2.0173,-1.91,-1.781,2.1076,2.6909,-6.2574,-5.304,-6.9506,2.8028,-2.6721,3.6349,6.0205,-7.8275,-3.4766,5.9826,3.6906,8.9456,3.425,-0.0942,3.2395,-0.9922,0.0831,5.8625,5.8569,-7.828,-3.4005,6.279,-5.5756,-6.18,-0.3866,6.7821,-3.3854,-4.9264,6.1451,4.6582,7.6748,6.4063,-5.1445,5.5748,6.9078,5.6758,8.7767,8.4246,3.6021,1.4169,-5.0681,-1.5444,-3.6344,2.7332,1.0783,-9.2408,1.8526,-9.7023,9.0831,3.6094,8.6653,8.8587,-1.4774,9.3457,2.8325,-6.893,-1.5719,-5.4489,5.429,8.124,-0.8881,0.8684,2.6402,6.3607,7.7221,8.4037,-5.1257,0.161,4.5106,0.246,5.2164,-7.3447,-5.4873,8.7964,-3.0756,5.9159,-9.6894,8.1466,1.0597,3.1532,6.1222,1.9083,9.9597,-7.6621,-1.9417,-9.6989,-6.3974,-4.9945,1.7206,-9.3054,-4.831,-6.9853,-4.6113,-4.9585,2.411,-5.5687,-2.8288,7.7308,-7.1394,-0.5029,-9.699,-7.9103,5.3305,7.778,1.9094,-1.9515,7.3378,8.1774,-6.5014,0.6689,-2.3883,3.3829,2.6634,-0.6467,-3.3873,0.1189,4.6838,-0.4679,-4.5299,-9.6333,-5.3477,4.0679,0.6995,5.342,9.5472,6.5362,-0.0726,6.3964,6.2682,1.6639,7.7136,0.1818,5.6215,-6.4378,7.8303,0.7958,3.2856,-6.1041,5.0889,1.3182,-3.9043,-4.5598,7.5724,0.1899,-0.4779,4.862,-1.9412,8.1131,-8.0396,8.5388,9.8657,-2.7018,-5.645,-4.6496,4.9152,1.2353,0.0603,-8.1717,-6.0569,-0.538,-0.0009,-6.5723,3.6114,6.2403,5.4499,-8.0154,3.6114,5.0745,-1.2884,-7.7502,-9.4088,7.2652,9.0246,-2.2424,-3.2898,0.6199,-5.9207,6.3575,2.57,5.2544,2.3269,-4.1551,1.6679,-6.9897,-5.728,0.0146,3.0244,9.2147,8.0473,-0.1343
-8.0731,-5.2359,9.4937,2.5372,-0.8717,-3.3808,-8.9526,-4.3134,-0.9717,-7.015,3.5117,-9.1341,-2.9849,2.6383,-6.9002,-5.6015,9.4828,5.8481,6.7902,-4.3305,8.1013,-0.9317,-7.5089,-9.6564,-9.6833,-5.7582,1.5455,-1.6183,6.8234,-9.4171,-2.0489,2.456,9.9548,1.7707,-9.1394,1.6133,-2.2866,0.9904,-9.0715,-5.961,-8.3801,9.7521,-7.9609,5.8651,8.2766,-4.2401,4.0177,-9.4174,7.8496,-9.3499,6.2041,5.4023,-3.3336,4.5784,8.09,-9.2951,2.25,5.4073,-1.5255,2.1925,3.7876,-2.8889,-8.535,1.1776,-5.9916,-7.39,-1.4761,-2.5801,-5.6794,-1.8212,-0.2097,-0.949,4.4919,-6.4985,6.5867,7.4013,0.5887,8.3479,3.2876,3.855,-6.8393,7.8052,-8.9235,-1.3321,8.6679,5.5481,1.2028,6.071,-5.0831,8.3846,2.9299,-3.4381,-7.3152,7.1474,-2.9144,-7.1231,0.9798,1.3091,-9.0347,9.7108,-6.0224,-9.8459,-7.1319,9.6309,4.7571,-0.0156,9.8688,3.2308,5.2177,-0.1074,4.048,8.312,-5.6533,-3.6747,-3.0701,-2.7765,-7.4253,5.2291,9.2616,-8.4362,8.3019,-4.7266,-5.6061,9.5441,5.8056,-5.5405,-6.3693,-9.8647,-3.3065,7.0467,7.6133,-5.1963,1.5597,0.8427,-9.851,1.8511,-4.4703,8.9971,5.2723,-3.6344,-6.4351,-7.3142,-4.3759,-5.0983,-0.2081,-1.9465,1.4118,-2.467,-7.3212,2.9208,-7.7499,0.8743,7.5187,7.9398,9.6444,-5.446,4.196,3.0804,-5.4188,5.494,-6.9144,-9.7093,-6.1471,-5.1723,5.0245,-6.3579,-0.3374,-6.319,-9.4882,8.4901,0.1452,3.6489,6.4383,-2.3519,-8.7258,3.7777,6.1717,0.5759,7.4485,-8.4883,-3.715,-7.7261,-0.0726,-2.1027,3.584,-7.6758,4.5811,5.0002,-5.9587,-1.2378,4.1624,0.9288,-0.001,9.6626,3.8133,8.7082,-8.6803,-1.0263,6.5756,-7.7822
5.8046,-0.2734,-3.1726,-4.7168,-8.4845,2.0504,-0.6246,0.4492,7.5421,-4.1874,-8.6727,4.1023,4.5216,3.2518,7.6969,-7.7139,-3.4297,-8.4751,0.958,-5.4596,9.1006,5.7571,5.9566,6.9286,-0.3877,-2.3049,1.1873,3.0426,-5.7425,4.4879,-1.782,1.4096,7.4285,-3.4698,8.0678,8.318,3.4008,7.1778,4.1863,4.919,5.2107,-9.2638,-3.1213,8.2662,1.9779,-0.6561,4.6742,-9.6721,1.2161,0.4907,7.7161,4.7255,-2.7953,-1.9501,-8.2692,2.0474,6.0525,-9.0768,-7.5445,5.0865,1.1519,6.2064,3.9802,6.2695,6.0501,8.9,0.428,3.4801,0.3794,-1.9492,-7.2267,-4.6556,2.3776,7.7847,6.9506,2.2771,-5.1245,-6.9326,-1.1089,8.8275,-9.1967,1.8156,-3.9639,-5.08,4.7344,-9.614,1.0893,-1.1302,-4.9901,-4.3284,7.5562,9.3031,-0.1672,-8.5247,-4.5636,3.2623,-6.9946,-1.4412,4.6521,8.4674,7.752,3.5239,0.9225,-3.2009,9.44,-5.63,4.12,-3.6788,-8.7709,-7.6947,-3.0138,-2.5531,8.4737,1.0892,5.5551,4.0996,-2.1825,-5.4247,-8.3021,5.546,6.6101,-6.4148,1.5087,-5.81,-0.0935,-8.5904,8.3169,-9.6917,2.5671,0.2504,-0.3119,-8.7334,-9.4178,4.1491,-9.6557,-7.4256,-0.8678,-5.0968,-6.0212,-1.0494,9.9865,-5.2257,-8.1351,0.1677,-9.3104,9.505,-2.3919,2.6702,-4.0978,-3.6959,6.0744,-8.6458,7.8432,-8.7736,-9.6626,0.3781,9.4317,-9.5187,9.0697,2.0907,-7.7077,-6.602,0.3619,3.3491,0.0831,-5.7109,8.6143,4.7276,-5.3628,-2.0167,-9.9959,-5.1847,-6.9236,-8.9848,4.0011,2.3928,-6.4293,4.5001,-1.2791,4.9245,-4.9119,7.4903,-5.9775,-9.6252,1.3087,5.6097,-9.8599,6.7252,9.2127,-7.8494,-4.8668,5.4836,5.9974,3.1055,-4.9826,-6.8859,2.5269,-4.6278,-6.9323,-0.0573
-2.3947,-4.4497,7.6363,4.4295,-3.3423,5.1425,9.8034,2.4966,4.1777,-7.113,9.5049,-9.4714,-4.7646,-5.2064,5.7729,3.981,-4.5924,3.369,0.2399,4.0871,0.656,1.5617,1.7415,-1.1572,-1.4401,-2.0919,7.3456,-1.277,7.9819,9.4972,1.8572,5.7777,0.3719,-5.3577,1.9529,5.9553,2.1273,-2.0023,0.3542,1.8935,4.8512,6.5908,7.6518,-4.1955,7.8548,1.9766,-2.8457,5.3647,-8.5646,7.8149,9.4251,-0.2277,-6.0566,2.3955,-2.4881,-5.5488,-8.5577,-9.121,-3.0929,3.7534,5.0781,-7.7808,-0.5836,-8.3108,8.481,0.3537,7.9746,-9.5639,-6.5831,8.8884,3.1956,-7.0392,2.2224,-0.9335,7.5303,-0.4726,-3.0141,-2.0839,-7.5965,-3.9226,-2.8996,-6.342,7.2115,8.0028,1.4278,4.3466,-2.997,-5.1621,-1.0159,7.0166,7.5193,2.0112,3.1762,3.3222,-6.4783,-9.7894,6.4745,5.3248,7.3399,-9.8711,-4.3046,-9.2787,6.862,2.2225,-9.9546,-2.7181,8.104,8.4642,-7.8201,-2.8906,6.0422,-7.2865,-3.3785,3.7348,-7.0387,4.023,8.8378,5.0417,-7.3635,2.674,7.6793,-4.1629,7.1085,-8.3934,-8.2019,-7.2092,-4.5404,9.7583,0.6746,6.6077,8.5093,-4.9038,-9.1004,6.846,-9.3312,9.0947,8.5281,-7.2873,5.8553,4.9515,9.5783,0.3077,0.1408,-6.482,1.9446,-1.4032,2.5839,-4.9541,-4.0836,-9.3987,-4.6747,-3.3427,2.5832,8.0827,4.9252,7.0642,-7.5285,-8.9599,4.989,5.2943,2.4363,-3.8858,5.2649,3.6769,-2.7171,5.7484,-1.8538,3.4314,-4.5352,7.9769,5.7106,2.7302,-2.0339,-1.5825,3.0786,2.3894,-1.4487,7.44,-7.9267,9.0359,-5.0744,-0.2415,5.5708,6.2694,-2.9426,5.2022,2.9801,-5.6185,-5.4159,3.3915,9.7505,9.606,-6.1691,8.9779,-8.0584,6.5607,3.3403,-3.7421,5.5738,1.7677
0.7855,1.9176,4.1419,3.4763,-2.5578,3.0093,1.3473,-4.1963,3.3554,-4.6985,2.2768,2.8789,-3.4652,-7.2519,-9.82,8.3476,6.2338,5.326,-8.7502,5.3492,5.2476,9.0239,8.9102,7.6348,-8.0923,7.5685,1.6158,7.1478,-9.9708,7.4909,7.6934,-5.1559,4.7928,7.7062,3.9172,-3.0411,-2.1727,8.5934,1.7762,3.3833,2.8881,1.9883,2.1056,2.0106,7.0371,4.5689,-3.4949,-6.6112,-6.7319,-9.3239,-4.7588,-6.0752,-6.5864,5.6854,-7.5618,-9.0308,3.0861,2.6534,9.5846,5.8031,4.4331,1.9707,-3.6867,-9.5484,2.5716,-8.4731,2.1775,1.5286,7.8856,-4.036,-1.7647,2.8932,-3.4388,-1.2899,7.6143,-7.5121,-1.4546,-7.7641,6.0767,-6.0367,-5.1837,-0.0972,0.1745,8.3554,6.0352,6.8756,-5.8431,-7.325,-3.9381,-4.7475,4.5032,6.5445,-1.9433,9.5501,8.6718,-6.2022,9.6509,4.5474,5.278,-0.76,-9.4256,8.5034,-8.1151,6.6811,-4.1693,8.5608,8.3664,-0.3298,8.5763,6.8805,7.5961,0.4984,7.7161,5.3642,8.8298,5.6862,5.414,5.8204,0.7486,-0.6174,-3.4881,0.8697,6.6563,3.3682,-5.3461,-6.6207,3.0876,-0.3961,6.933,-8.6699,0.3238,2.9495,-4.8505,2.0998,-7.9927,-2.8991,7.2542,5.7007,-2.3697,8.2756,-5.7819,7.1447,6.5225,7.0845,8.8049,-8.0745,-1.7576,7.6727,4.7911,4.3014,6.9774,-3.4293,-9.5582,1.6725,0.8376,-1.6388,5.1106,8.996,7.5884,-6.3533,1.711,-4.4591,2.5294,6.3112,0.6716,5.8912,-4.5777,-8.328,-3.2265,-9.0165,9.6583,1.0862,-0.4627,3.3402,8.6267,8.2756,-6.8154,-2.4914,-3.1433,5.5302,4.8366,-0.235,-8.6139,5.6466,8.6138,-9.4761,-2.7056,6.0407,5.3064,5.047,-8.3877,3.1231,-0.4208,-9.7905,0.2415,-5.6984,-0.0788,1.5605,4.0406,-6.3813
-8.4999,3.61,-2.9125,4.773,-3.2936,-1.8805,4.1565,-9.937,3.539,-4.2751,-8.1711,1.8968,-8.0169,5.5322,8.1052,-6.7655,9.2597,3.0327,7.6687,5.6885,2.3572,6.5894,-0.9138,2.3508,6.3176,6.6443,-7.6239,9.7196,8.7709,9.985,-3.2043,2.5546,1.0778,4.1374,-9.5383,-4.9279,-1.8382,9.7706,9.1821,0.2382,3.411,6.3772,7.6064,-2.7182,1.2968,-5.1854,9.0094,-3.4976,1.6285,6.7166,-3.9615,-0.8349,5.7366,9.8359,-3.8934,3.5999,-8.1225,-6.9909,8.8205,-7.3379,3.3196,-4.166,-2.2089,-4.0761,1.3305,1.76,-0.2386,2.8501,-7.6244,-1.6496,4.5778,7.5464,8.1443,-0.2387,4.3357,3.2506,-0.2489,-7.918,-6.4338,4.9532,-7.8936,-5.2635,0.5811,-9.3983,-5.149,-2.2436,8.6793,8.5785,-3.9933,5.0026,-6.6992,6.4171,-1.8655,-9.6819,-0.9844,-7.9003,3.9805,-2.3914,-4.7946,4.746,3.5238,-2.2971,-0.9864,9.9471,-4.9826,2.9295,-9.0722,7.9613,6.2898,5.7119,4.2121,5.2951,-4.189,-7.5691,-8.686,-2.6925,5.346,-0.1905,8.3539,5.8121,1.485,5.2787,0.6028,4.5419,0.3359,-5.057,-6.6907,9.3933,3.0098,-4.5562,-6.4447,5.556,-6.9209,2.1858,-3.2382,9.3887,5.3612,-9.9858,-2.844,2.8928,9.3125,4.9964,6.3909,-0.6136,-7.7327,8.7391,9.5884,-1.4774,-1.8009,0.2845,7.6103,-3.6239,3.9198,-3.3137,-6.1665,1.4435,-1.8544,-5.2325,1.4663,8.6302,4.0782,0.0355,-6.5782,7.4345,-9.7782,-8.842,7.1487,-5.0961,-1.1908,-1.8201,-8.9208,3.4059,-1.1218,-0.6621,-5.197,4.3406,8.7215,-0.9595,5.9392,-6.0554,-7.5273,-6.9001,1.4253,-6.9952,0.6084,8.2842,5.9713,3.7522,1.3196,-3.2411,6.5302,-8.5899,-5.751,-2.8234,1.8278,4.8745,-1.2664,-7.6748,7.5068,0.0933
1.6127,-5.9816,-1.0248,9.0724,4.4528,-5.4908,9.3036,7.1825,-4.8381,7.7939,2.5475,4.8488,9.127,4.4696,8.2365,-1.0452,-2.6487,5.1888,1.2217,-4.6745,-0.8893,-7.6365,-3.9848,1.7638,6.8666,-4.6188,-8.0306,7.2808,-2.0022,-6.2414,-1.6671,1.1825,-7.5944,6.429,-1.8899,-9.2552,5.3209,1.9148,2.5737,-0.9224,8.1485,7.1897,-4.393,-1.2217,6.2067,-7.3814,-9.4683,2.507,1.4988,-2.5911,3.4374,-3.9426,0.3235,-2.5863,-2.1718,5.4969,2.1168,9.2397,-9.3534,-5.684,-6.3489,5.2828,-8.6515,3.9232,-4.6867,2.9779,-3.1165,-4.7301,-1.3423,-4.5689,7.9584,7.3655,-1.0932,-1.5454,-4.7018,-9.3084,-4.0615,-0.0553,-0.4612,8.3421,2.5076,2.5458,3.1071,9.8236,1.1377,5.9653,4.6794,5.7567,-7.1025,-4.2608,-9.2819,-2.5746,1.0039,-6.2186,8.8006,5.2069,7.6077,4.6909,-0.0541,-5.0931,2.6863,0.8167,-1.1358,6.1163,4.0425,0.6747,3.8371,8.753,3.9823,-8.9376,-1.1902,-7.1572,-9.3184,0.0395,5.1671,-7.1198,-4.3483,-9.9289,-7.7449,0.6973,8.3068,-7.6506,-5.6129,-9.0812,6.6972,-1.861,7.2104,-2.2417,5.9501,-9.1988,7.699,5.3329,-3.1604,7.8512,-2.9912,-6.6361,-6.1283,-0.4663,4.8302,8.6034,9.4857,-0.7896,9.839,-2.6802,-8.692,3.733,-1.7498,-6.8927,-9.913,-1.8528,-6.9303,4.996,9.3778,8.6563,-3.0498,2.356,-9.4457,9.5201,-0.9517,-7.1886,-0.2395,-9.2677,2.5064,0.7449,-4.2957,0.3735,2.8825,-2.5478,-8.7642,8.5639,4.8314,-6.6829,2.0244,-8.2066,6.3564,9.3299,2.0099,7.6726,-4.278,7.5018,8.8736,7.1103,7.2498,1.4254,-3.5988,-7.4121,8.2387,-1.1,-4.8768,-5.2167,-8.6426,-5.7692,-1.7865,2.7619,9.2741,1.7994,9.8607,-6.0822,-0.4942,-3.5904
6.2655,-0.9874,-8.5273,1.6667,-8.7241,-3.9511,-7.6007,-7.8925,-6.5988,7.6847,1.5345,-2.1489,-7.5986,-0.4107,0.06,2.1435,-6.4144,-2.5208,8.2655,4.9939,9.2628,-5.6054,-9.1517,-7.1556,-9.9179,4.0419,5.266,0.3469,0.5094,9.2919,0.8509,-5.9384,-3.5022,5.8166,1.2355,-6.0812,7.9823,9.018,-7.8009,9.7447,3.5554,-3.0963,8.2717,-6.1182,-5.9598,-3.983,-2.15,2.0349,3.7416,9.2603,7.9787,-4.5566,-7.1967,-6.3492,3.4636,-4.5251,7.8473,5.3447,3.9095,-2.7189,-9.1831,-9.1839,-0.2837,-0.3092,-3.6008,-9.3758,0.6978,-8.5344,-1.0815,1.6479,-5.3443,-9.0403,1.8009,6.8729,-4.7098,9.9387,-0.4473,6.7847,1.0816,9.0106,-3.1236,-8.1238,-0.4967,-6.0032,-6.0462,-6.3752,2.1295,-3.2744,1.5711,3.6939,2.8922,-0.0262,-0.124,2.6226,2.1203,-5.1058,6.0497,2.1355,0.8985,9.2802,-9.243,-4.9326,8.8331,-5.1734,5.0789,-8.9555,-1.7814,8.769,1.2818,9.8748,6.4537,6.0641,9.3258,3.8964,3.6468,-3.2607,9.2577,2.3127,5.9641,-2.9643,-9.6956,5.0318,2.1487,-0.0125,-1.1922,6.4673,7.9766,-9.193,9.7363,3.7274,5.7429,9.4976,2.6533,4.9747,1.5501,-1.1586,-0.2711,-7.9573,7.7333,-8.4975,-8.5805,-9.0426,3.491,-5.2079,6.8523,6.9239,3.3237,8.5205,4.6147,1.6688,-6.652,-3.6379,9.027,8.7188,-3.9067,-3.9596,9.2069,5.2278,-5.835,-7.6537,-2.7517,6.2176,3.0528,-9.1713,8.1548,6.267,-1.7958,-4.4639,8.7465,9.3359,2.2374,7.6404,2.3799,4.9532,7.4961,4.7296,2.5125,7.5013,-6.4378,5.7554,-8.8246,-1.4209,4.7264,-9.7762,-4.2505,6.2422,-0.3995,-7.8578,1.8429,-1.5588,0.2917,1.8368,-5.8959,-6.8411,-1.5313,1.0548,7.69,3.3764,-2.9699,-6.2167
-8.337,-9.8669,6.1734,6.6483,-7.9115,-5.0878,-7.2317,4.6757,-4.3365,9.0483,9.9893,6.5587,6.7173,6.1105,-2.4902,-0.5864,-9.4507,-6.0763,-6.7064,8.6399,-2.9768,9.5169,-6.9068,-7.5126,0.5243,9.9486,1.4563,7.4923,-7.9033,6.3728,7.1462,5.3195,-7.1851,-5.6554,-0.3701,-8.0035,-3.7281,-7.8955,-5.7445,-7.4987,2.693,-7.6784,1.0363,4.3305,-4.0776,1.4449,0.7452,-9.3934,-2.4899,0.1895,6.2787,-4.6538,-5.5531,-6.9778,9.5252,2.1682,-2.6648,1.6437,2.7092,4.4296,-8.009,0.6043,-0.7171,-3.0645,9.676,-6.0126,5.5961,-6.2756,6.9857,-4.8735,1.107,4.286,3.0759,7.2033,5.3268,-6.6405,-5.3999,9.4385,-9.9689,-5.0003,-3.0795,5.5236,9.9241,-6.9287,-6.2232,0.7572,-3.9756,4.4058,-7.2606,-6.7659,-3.1377,3.9859,-8.8963,-3.4977,-8.4572,-5.1169,-2.6446,3.8199,3.6577,7.9711,-2.3104,1.7849,7.0292,-8.752,1.8371,-0.6471,4.4638,-0.7246,9.3336,-9.5445,0.2162,-0.8208,-8.3763,-8.4323,-0.8432,1.1997,-8.4161,7.1651,9.216,-9.2124,4.0624,3.2321,0.5814,1.1797,-9.2195,4.5587,3.6411,-4.0707,-6.5727,-8.6503,-5.9321,6.6211,6.9641,-3.2341,2.275,-5.2037,5.674,-2.9581,0.1209,2.1602,-9.0886,5.164,6.8747,1.4202,-5.2904,-9.0786,5.3441,3.7274,0.6242,-3.0193,-1.0431,9.6633,-4.2989,-9.3088,-9.3493,-7.4513,4.6814,-7.4358,-4.606,-5.2387,7.9651,-5.0132,5.9062,4.5511,-9.7938,8.3465,-4.9852,-6.067,6.0203,-6.672,-8.7147,1.4736,-1.6161,2.9732,-2.4585,-5.3435,0.0652,3.8417,7.73,-1.1144,-7.9635,-2.3537,2.1778,7.6286,2.0835,-2.376,-4.3054,0.1494,3.1698,-6.1053,-8.2841,-5.9856,-1.7645,9.3901,9.8257,2.3496,8.7414,-4.1349,-3.7448,3.8991
-2.4517,-4.132,-7.1606,6.2609,1.9058,9.4116,5.2648,3.0261,-2.7072,4.2094,-4.4627,3.2121,-3.3898,4.0319,2.2747,0.3173,2.0517,6.8894,-5.7866,7.0987,3.7269,1.2911,-1.9039,4.0352,-5.1739,-8.6908,-4.2403,5.0961,4.0904,3.4768,5.5751,4.0785,-0.6728,6.8253,-9.9002,3.1594,-8.879,-1.8018,-8.0673,-0.2724,6.1316,6.815,-2.9733,8.0445,0.3828,-2.9768,4.7309,4.2608,1.7154,-0.8182,-4.8118,-7.0553,0.5334,9.0009,5.9971,7.4216,-4.5729,-7.6622,-2.3552,9.1733,-5.0117,5.7309,-8.7841,-9.6756,-8.1974,0.8001,-0.6351,-9.537,3.6626,-8.963,2.5752,-0.2932,7.8161,-7.7894,9.7869,5.157,5.6699,-9.2347,-0.4313,6.4857,1.6903,3.561,1.88,4.4918,3.9541,-4.7273,-5.6061,-4.4154,-4.9034,0.3715,8.7579,-9.4065,-2.0246,-1.5831,1.6585,3.0783,1.0193,5.9569,0.2611,7.2964,9.163,2.5649,6.4279,-1.993,7.8017,-1.1518,6.006,8.3111,-4.1714,-2.2831,5.0223,-6.0675,3.0546,8.5142,-3.0088,7.4178,-8.4952,-5.0274,-6.1273,1.9735,-9.0317,2.9886,1.8214,9.4958,4.4103,-2.0289,-9.3388,9.8071,3.1543,-3.8408,7.7924,2.8092,-1.8566,-6.958,-6.3302,-5.2648,-2.9568,-1.9255,9.8047,-8.8938,-7.9548,-4.8281,-7.6167,-2.7981,5.542,-4.5767,-0.2543,-9.5823,8.1893,-8.4887,8.0575,9.1431,8.6621,-7.7458,2.0146,9.9203,-7.3951,8.5762,-9.9069,-7.2345,1.382,-3.1359,-6.6961,0.4614,1.5065,-5.17,5.4277,4.0718,-2.6384,0.5688,-2.9115,-3.2849,-8.1518,9.5943,1.919,9.5828,-4.7223,-8.5824,-2.368,-0.0396,4.8079,-4.0654,-7.8845,1.4601,7.2057,0.4051,4.7029,-9.7116,4.2885,7.1593,-0.0684,9.4854,-6.7095,2.8868,6.9313,-7.727,-4.8454,-7.1271,-4.8067,-6.0465
6.5839,4.99,4.0654,-9.0813,0.7268,-5.6502,8.8754,-8.0621,-4.0086,-9.3754,-6.503,-1.215,4.8721,6.4354,-7.2011,4.8144,0.7855,-3.7298,5.9586,-5.0933,3.1376,9.1884,-6.5096,5.1708,6.0281,-0.9112,-5.4738,9.4103,9.2439,7.2311,1.8328,-4.3366,9.7483,-8.4269,-8.3819,-7.8425,7.9398,-1.9314,0.0485,-0.1833,-3.4931,-7.234,-4.0162,2.3614,-2.3392,3.6328,-7.8619,-2.7136,-7.4262,4.2295,9.5738,-7.6615,-5.5226,-7.5317,-4.9475,-9.1768,-1.2707,1.5198,-6.7573,-8.9369,-5.2852,-8.8506,-1.7771,7.4888,-9.5237,-7.1252,-9.1245,3.7815,-4.1951,1.259,-8.5691,-6.865,1.2456,-2.9075,6.5814,-2.8873,-2.5027,8.1015,0.6225,6.3505,-1.0417,-1.8454,6.2351,1.352,8.1235,0.1874,-2.0027,-1.1363,-9.8292,-7.6548,2.5854,-6.6061,-9.2956,-0.0508,4.7552,4.4019,-8.1538,-4.081,8.4307,-4.0289,-5.4366,5.4443,3.1804,9.1282,7.8672,-5.4374,-7.807,-2.1061,6.4536,-0.6756,-6.0654,-0.781,7.6292,2.1472,4.7179,-1.2731,-9.9481,6.187,-6.6717,-1.0053,-7.2245,-4.4105,-8.3492,5.4368,-7.3822,-9.9502,5.0446,8.7284,3.0537,4.4099,3.157,4.4218,3.3759,-9.9737,3.5567,2.0122,3.4373,-0.0206,7.9204,-7.0993,8.314,-9.954,4.7367,8.1518,-9.7974,-1.4925,9.0428,-1.497,2.0493,-4.7869,8.3193,-3.2892,-5.169,8.7116,-4.2759,7.1728,-4.4616,6.4397,-6.9978,5.8018,1.5274,4.4072,-4.4509,-6.0612,4.2347,-7.5951,-4.0209,9.8461,9.7922,7.2232,7.485,3.1726,-7.5903,-9.6111,8.2385,2.6205,-2.8306,4.0914,-2.1837,-7.913,-7.4853,0.717,-9.4664,1.4269,2.0296,1.6065,4.7781,5.3669,7.2544,7.8198,0.2722,9.4615,-6.8444,-9.2205,3.5807,-1.0359,9.5916,-0.4219,7.4362,-5.2156
-7.8671,-7.6856,-7.0793,-7.518,6.5564,-7.783,-1.5431,-5.5113,1.9533,-5.5186,-5.4271,-7.7755,3.6946,1.1578,8.7949,9.7019,-2.0866,3.7517,-1.6101,1.1005,-5.8035,7.9026,8.7502,-9.8296,3.3894,4.2125,9.7606,-5.8592,-0.3761,8.1459,1.3809,2.7728,3.5381,-9.5907,5.9374,-8.0268,-8.3317,3.2224,-4.9762,-9.6368,0.5595,-3.9792,4.4216,-2.2844,1.3259,-7.2657,-5.1842,4.3321,7.5309,-4.5617,-8.5689,-4.6969,-1.7567,-6.552,-3.9607,-1.385,-7.0962,8.1766,1.5423,-5.6373,-5.7728,3.2844,5.1874,6.4872,8.671,4.5264,-7.5909,-7.2444,3.4935,-8.3525,-8.6519,1.976,-2.2453,7.3658,5.6654,6.763,-3.3088,6.6706,-9.3672,-1.6334,-2.1854,-8.8553,-6.4334,-9.0329,-2.7806,8.1926,-8.4067,6.1119,-4.4359,-5.2726,-1.3062,-7.9627,3.0771,-8.8561,-2.5545,4.7717,5.3373,3.5357,2.257,6.2513,-6.3032,-8.0507,-5.5742,-9.2925,2.8841,0.0227,-9.2278,4.3403,8.1459,1.4476,-6.8012,-0.6201,3.8469,0.9284,-2.6623,-8.5533,-0.85,9.7808,-0.4709,-7.6624,-8.1507,3.147,-9.4269,2.0461,-9.2967,7.8039,-7.2736,8.2038,2.1,-5.6438,-4.9595,-4.3433,-2.3917,1.9527,-2.5219,-9.6488,4.275,8.6902,-7.4159,-9.6438,-7.2681,-9.119,9.1637,-8.7502,-2.3062,0.6011,-7.4329,-0.7915,-5.2354,1.2688,-6.0864,-0.7273,-8.1663,7.7328,3.0897,-1.889,6.4641,-8.2861,0.2306,2.9515,6.8749,2.5951,-3.3836,-7.8365,1.3948,0.8968,5.499,7.26,-7.9544,1.2309,6.2894,7.2153,7.6132,5.5001,2.4704,-5.0654,-9.8088,5.9815,9.8633,5.6079,8.6171,4.9241,-5.6042,7.9345,-4.1368,-9.3614,-5.1424,-9.1514,-8.0638,9.7303,-3.4024,2.5431,8.0892,-3.5787,-6.5183,7.7351,-1.7787,-1.9665,9.957,2.4638
-5.4113,-0.1388,-1.4674,2.6839,-8.9645,2.2972,-8.8551,-1.0983,-6.4192,-2.0752,9.9793,7.2068,-0.5057,8.6511,-2.7116,-3.3866,-5.508,4.7454,8.1043,-1.5733,-2.3721,1.8373,5.642,-0.3258,-8.349,4.4255,3.4127,3.11,-5.4807,-4.679,-0.9456,-2.7549,6.1731,0.077,4.4179,6.7436,-4.154,3.7425,7.2119,-1.9711,7.2932,8.5611,8.0265,-1.3404,-8.1524,5.0615,8.629,-2.3401,-4.9495,2.6688,4.59,6.8427,-5.7361,-0.9649,0.9064,5.7827,-9.8437,-5.5378,7.184,0.7968,-1.6193,-2.6568,-2.3121,-5.0885,-9.5903,8.9073,-4.7582,-8.0126,-1.2125,3.4125,-5.7257,-5.9339,5.9712,-5.8132,8.4886,-2.1219,9.8512,-9.5909,-9.7583,-3.5572,5.8793,5.6437,7.2836,1.2776,-8.0995,-1.5396,4.3543,4.4282,-5.2979,-7.6612,-1.0024,-4.3044,-5.9616,8.0155,-5.864,-7.2954,-8.3959,4.1181,5.6487,7.4666,4.7344,6.7936,-8.8922,0.6921,-8.8266,-7.9315,-6.6624,9.4436,2.0903,6.1372,-8.7745,-9.3107,8.7557,-9.7477,-2.9855,-7.9144,5.0052,-4.4698,-5.6342,4.7012,9.2251,-4.3584,1.1536,-0.7905,3.2643,-1.0474,0.269,-0.2202,7.3826,9.8403,1.6756,9.823,5.5057,-4.4393,-1.3765,8.8008,-6.4731,-5.2812,-1.586,0.7936,5.0639,2.7424,3.2339,8.886,-5.1106,0.7317,7.4155,-7.5559,0.6625,2.7242,-5.0204,5.1189,4.1487,4.8469,6.4505,-1.1973,-4.3929,4.6398,-5.3249,-2.1019,-9.1774,1.8286,7.8346,-0.6975,4.3965,-4.2953,0.4262,5.486,-6.8999,-3.5829,-5.3034,2.0263,-6.9132,-9.444,-0.7706,1.5174,-8.8885,7.7525,4.969,-7.5035,-5.038,5.5602,-3.8727,9.8606,-3.3188,6.5042,8.5039,9.933,-1.3445,1.1,-1.2442,-4.842,8.1787,-1.4025,-3.222,1.0677,5.8896,8.127,-7.3236,3.6584
2.0558,-9.4681,-0.5586,-8.6546,3.3157,3.7389,5.7984,0.3936,-2.9649,5.7852,-2.0528,-8.294,4.2041,-4.3829,-2.3321,-5.4603,-0.5883,4.0568,4.4784,9.9475,9.4802,9.8984,-4.2535,4.7507,-3.511,2.6453,-1.278,6.9823,-1.2618,-0.9922,-8.4807,0.4384,1.8834,6.3206,9.7212,9.1943,-7.8918,2.0435,2.1487,2.9082,2.2748,8.8352,2.7586,0.9758,-9.3269,5.6285,8.9273,-1.7652,0.9836,-0.9978,-5.6895,-4.1303,-7.0253,-9.5381,0.9727,-7.1147,3.6795,-8.3014,-2.4521,3.5348,-2.845,7.9318,-7.6585,-7.0341,-1.7828,7.5033,3.56,1.2258,5.8147,9.1358,0.224,-7.4423,-8.5946,0.0207,-3.0224,-6.9047,8.2013,8.4205,-2.2966,-1.5913,-0.3887,5.013,-3.9956,-0.5327,-4.5937,-6.9754,1.7094,-3.8886,4.9208,2.225,2.271,-7.1297,9.5892,4.7889,6.3499,-6.953,-6.0613,8.7619,-0.7623,-7.348,-3.9811,-4.8385,8.389,-2.8475,-6.7761,9.7351,-4.2971,-5.2625,-8.609,-3.6517,0.3397,1.8252,-6.3745,-2.9398,-0.2049,-4.3308,1.1237,4.4784,-6.875,-8.0179,2.2234,-7.2502,-0.1099,-8.705,-7.8536,1.4524,-9.5973,9.7782,-3.4248,-8.4256,-8.6113,-5.7649,1.6231,-1.8959,4.0307,5.2701,1.7156,0.0445,5.3182,-8.5855,2.4305,9.1243,8.4005,-0.0881,-9.3465,9.7929,8.1708,0.3378,-2.6141,-7.5557,-5.2787,-8.2463,-9.9218,1.5404,6.9318,-3.3304,3.306,-6.4225,9.2966,-5.9777,-3.8757,6.6335,9.4572,6.9507,-0.7461,-7.3805,-8.4774,-3.8738,2.9099,-1.3383,-0.996,7.0687,4.7368,-6.1522,9.5056,4.5868,-8.4567,-6.777,1.968,-7.7632,7.8913,1.1895,-1.2134,2.9633,7.9768,-0.8307,8.8229,0.8142,1.0895,0.1901,6.2164,2.3115,8.8513,6.6347,6.4392,0.2657,-8.7473,3.7892,-0.1688,-6.0811
-5.0247,1.7211,2.4162,-0.2016,9.8531,8.4734,3.8791,-6.8464,-6.2446,-3.0898,3.6697,-8.5346,1.2495,-3.4302,-8.0539,7.4745,-4.466,5.9291,-7.3987,-9.6042,-2.5321,6.1371,7.0801,-3.8655,3.3796,2.28,1.6079,-6.8839,-9.6374,8.914,7.7574,2.386,3.0732,4.6408,-2.5241,-4.8223,9.9927,5.8632,4.5018,-5.8227,6.1982,6.2325,-5.6681,0.9509,-8.614,-4.8398,2.5791,-4.7574,-6.5592,3.5301,-8.6214,1.1814,8.5831,2.8898,-4.3686,-2.1559,8.8299,7.2438,-3.6605,1.6069,-3.9219,3.1943,7.713,4.772,-0.3402,3.759,-8.9357,7.8971,9.9308,-6.6936,4.8808,-3.6838,5.1284,5.4945,5.3138,-7.9209,-3.644,5.1172,-2.3145,5.0541,-2.0809,-0.4716,4.5199,5.8755,9.3242,0.3343,3.3009,-8.6918,-6.4139,-6.8607,-1.4035,-8.9465,-2.9,8.153,-1.1468,-7.6951,-0.2669,7.2232,-6.6039,-1.1541,-9.3465,0.3112,-7.5089,4.3379,2.4929,-9.8703,-6.8902,-4.393,8.335,-4.0254,8.3274,1.719,-8.9791,-8.3493,-2.5931,3.1785,-9.0596,-9.6021,-2.5333,5.4571,-3.5293,5.5194,-2.1568,3.6766,5.2462,-9.3624,-5.2823,-8.0974,4.0707,-9.3219,6.2434,-2.9681,6.5485,7.1769,8.8281,-7.514,-2.561,8.9743,7.6946,-1.2937,-0.6017,5.898,4.8478,9.8997,9.4452,-5.1063,-8.2517,-2.2645,-9.9875,4.5351,-7.8641,-0.3421,5.0082,-3.3889,2.1685,-7.2255,6.9673,-8.6365,8.0917,-3.723,8.5989,-3.6892,5.1388,8.6304,0.3341,7.6011,-3.7965,-2.6481,-1.1357,2.2893,-0.7715,8.317,1.2912,-3.3304,6.1613,-9.7005,-4.297,-9.4519,-3.2958,-3.9223,5.7607,0.4427,0.8958,4.1383,-3.0831,9.319,4.8508,-9.5835,-3.8159,0.1502,6.0733,1.3237,-4.2383,-3.0034,-1.5663,6.5645,-4.3558,-1.4377,-0.3067,1.9179
-1.5723,1.2525,1.5041,0.5396,-9.764,3.5633,4.3037,2.6396,-7.3515,-8.2948,-5.3468,2.3783,2.1711,-7.2313,0.5767,-6.5859,-4.1328,-9.8538,-9.7836,-7.3163,3.4435,6.7551,1.5936,0.7071,-2.0373,1.8695,-9.3902,8.5905,-8.3856,4.7048,6.5219,-5.6284,-5.7929,0.6427,0.8225,-8.7853,1.9582,0.0759,5.8734,8.784,0.6854,1.5636,4.9612,-5.0009,4.6754,9.048,-8.6866,1.4639,-8.507,-5.7056,3.5286,7.4569,2.0578,-0.2325,0.927,-4.8816,9.6912,-6.4917,4.7239,7.3977,-0.634,3.7537,0.1166,2.7007,5.6597,3.0133,-6.1281,-2.5886,-6.1498,3.3784,4.6705,-9.4807,5.3685,9.1332,0.2604,-9.8784,-9.7956,8.6609,1.2756,6.9895,-5.6122,-0.0377,9.5846,-7.5056,8.6266,6.554,-9.9193,-2.629,-8.926,9.2942,0.7286,6.054,-4.214,9.8036,-6.7589,3.0699,6.6914,-7.2591,-2.6177,2.868,7.7318,-8.1965,-6.8924,-9.8393,8.6403,-5.2836,7.6047,-0.3194,-0.6411,7.6854,3.5244,-6.9785,-9.4516,-1.925,7.3667,1.2491,8.4347,-7.8696,-7.3968,8.9867,9.0205,8.8,4.5252,-2.4713,-8.78,8.071,-4.6624,2.4801,-7.0606,-7.0981,-9.5279,-7.3078,-2.1897,-9.1552,-3.7829,9.6916,1.4427,-8.2403,9.1945,-0.0094,-5.2892,6.4618,-2.5765,-9.9029,5.3383,9.2738,-8.8374,5.0932,-6.1724,-9.3907,3.5438,5.7021,-8.8018,4.6272,9.2534,-1.8439,-5.9504,2.993,-1.6788,8.1066,2.3389,0.601,7.7755,3.6821,6.131,7.823,-1.8037,8.5301,-9.4707,1.7321,5.5574,6.5982,4.2362,9.7815,7.8165,5.3912,3.9089,6.1214,-2.2864,-5.9874,3.7828,0.8242,3.2584,2.0417,-0.3174,1.8238,-3.8507,-4.3276,-1.003,-4.4007,8.9004,4.6557,-3.4632,-5.7555,1.0539,9.9244,1.442,-7.7848,-6.5369,-3.1381
-8.338,3.1487,4.3348,0.4262,4.3633,-8.5786,-1.7188,-8.7845,-6.947,-3.6578,7.2481,-5.2839,-1.0982,4.31,-2.2877,-9.9023,-1.5126,-6.7572,-3.7042,0.1927,2.5787,6.1925,8.9326,-2.2621,-7.0793,5.9517,-2.1204,9.9494,1.7194,-2.1824,-2.1605,-7.9131,8.8592,8.0114,-9.8351,3.626,-3.4215,7.7937,0.2364,6.6462,-4.2437,-8.263,4.6674,2.3804,-1.0628,-0.154,7.8156,4.6371,4.5197,5.0653,-4.9379,6.6499,3.7389,4.4994,-0.6132,-3.1795,-7.8981,5.0664,5.0597,-7.0986,8.7951,-2.5064,-2.2593,2.836,-9.1833,-4.1141,-8.6015,4.3566,-3.9537,5.0282,-7.6627,8.0987,-5.7165,9.6681,1.4907,-0.4916,8.3721,-5.4909,7.8322,-9.8974,0.4957,-1.0046,-3.7031,2.1065,3.6452,-3.8861,8.8047,4.0284,3.5171,-3.116,-9.7349,8.1442,6.8332,6.607,6.1852,4.851,-6.0727,-3.326,2.3872,-0.7555,9.1855,-7.4016,-9.0778,3.0906,0.206,-2.4126,-0.5616,3.1603,1.3943,0.9548,-9.4209,-2.9032,-7.8868,-9.9748,-0.5556,1.6409,2.6406,0.6901,0.7169,-0.0821,1.1546,-0.4271,6.3486,-8.5903,2.4744,-1.9864,-0.119,-5.2729,6.2712,0.809,6.1062,0.398,-8.9318,2.8498,-0.684,7.6329,9.9815,5.159,-6.1507,-3.7938,-2.643,5.7778,5.3361,-0.4436,-2.3633,2.867,2.2794,9.0484,-4.9631,-5.396,-7.3479,-4.3691,-9.5133,-7.3887,-9.8969,7.1068,-0.5628,-7.3908,-1.6406,1.1902,-8.6763,4.8749,-1.3714,-6.0374,-5.4194,-8.0135,-2.194,7.146,-8.998,2.9861,4.3369,5.1763,-9.4763,-4.6763,-1.2621,-9.786,-8.0603,-1.1572,-7.5418,-4.6607,-6.2525,4.0841,9.2006,6.2449,-9.1748,-1.0384,-8.8669,4.2367,1.1379,6.7645,8.1378,-7.8193,-1.8539,-8.5083,3.1828,2.9885,8.5281,-9.5306,4.0021,6.5598
-5.1661,3.1848,-4.9109,2.4584,-7.6868,-7.9692,7.2811,9.9604,-5.7601,-1.2122,1.5817,9.1598,8.1496,1.9829,2.6537,4.8067,-3.7856,-8.1923,-5.8347,-3.5309,-5.2463,0.3218,-4.4018,4.423,2.4695,1.6919,8.4996,-7.5787,2.2172,9.136,-6.3746,8.1275,-1.1943,7.559,8.4186,7.439,3.175,0.7763,0.4419,-9.0068,9.051,-1.5247,-1.3655,2.2878,-3.1463,-1.4143,9.5326,-3.2371,5.0027,6.6605,-7.1738,9.9451,8.435,-1.0038,9.9287,3.8172,9.6816,-2.0397,-4.9674,8.1441,-4.5757,4.0738,5.2136,2.3572,-5.0826,-0.3788,4.4244,-7.6877,4.9941,-8.5996,5.9658,-7.6027,4.1951,0.1406,-9.6435,9.1258,5.0003,-0.8407,-6.1473,2.293,9.9413,1.884,6.3237,-2.8459,-4.2042,2.6795,7.7645,-0.622,-0.6455,3.904,-3.792,-8.1428,9.9088,-7.8169,-9.1782,-9.2382,2.5652,6.5053,4.4695,-4.0564,-0.2999,3.9329,-3.1879,-4.9581,0.9737,-2.057,-8.6237,4.7947,-5.0929,1.7902,-2.3445,-0.8934,6.3837,2.0988,-8.0597,6.7756,-2.4087,1.7162,-0.9804,-5.5316,0.0548,5.778,0.9106,6.3893,9.3951,6.5228,-6.749,9.9606,-8.5612,-5.0059,-5.3396,-2.2559,1.0925,-7.0724,0.5231,0.9383,-8.9102,-2.737,-5.7282,-5.8362,-1.0773,2.1609,7.1635,-2.4386,-0.7109,-8.0085,7.0378,9.4209,0.5264,1.7088,-4.3096,5.8425,3.9,-0.4116,-0.0197,5.6894,-7.8967,0.2669,-0.9081,-0.0703,4.3326,-6.4301,-8.4395,4.312,-3.2307,0.8646,8.3164,2.9217,-1.3465,-7.0004,5.2241,2.4758,-7.4801,-5.9893,-8.6721,1.6739,-4.2335,9.8859,-4.9131,6.5961,-9.9415,-3.8161,-7.1584,-9.1113,2.9286,5.2412,-9.9761,8.663,-2.802,0.3671,-1.4005,1.6146,-5.4098,-7.4566,-1.2889,7.9639,5.1151,7.961,-8.8199,6.4922
9.3233,-1.2717,-5.1597,-7.2724,-8.62,-1.1214,-2.3934,7.3493,7.563,-3.3824,8.9703,0.6003,1.3003,-8.6361,-3.1872,-6.3265,-7.6038,2.8972,-9.8948,-6.2376,5.4387,-8.6441,4.0251,2.641,1.8193,-7.7231,-0.7322,0.8393,-5.6669,0.4851,-8.4584,-8.8363,-1.4629,-1.9608,2.4774,8.6599,-5.0723,-1.2878,0.3039,-1.4308,1.6995,-6.5699,-6.821,9.8182,-0.7556,0.5624,-6.5034,6.4449,-0.8113,-0.0082,-8.6647,2.4389,3.1362,1.774,3.5529,-0.6874,-5.1173,-1.7056,6.1536,0.0163,8.1145,3.9385,-4.1526,-7.8867,9.422,0.5856,0.6896,-8.4191,0.0789,9.2246,-9.1029,5.505,-1.5145,-6.6395,7.694,4.259,3.3413,5.5032,5.7038,4.0844,-2.192,-2.1815,6.6008,-3.2909,-8.1904,-8.4277,-8.0157,-9.3413,4.865,-1.9241,4.2781,-6.9121,-0.1326,2.3705,-9.7503,7.1098,-3.4564,-6.903,-7.0399,-5.9747,-4.8417,-7.6809,2.686,-1.2675,7.4724,5.6026,2.157,2.864,2.3036,-3.9356,-9.9544,-8.9682,-6.648,0.7728,-4.0295,6.0052,-0.8334,-1.9413,2.2817,-8.3193,9.1232,-0.741,-9.3289,-8.2833,-1.9732,9.3148,0.3605,8.6248,-9.3725,-3.9525,0.9479,-3.554,-6.1442,0.5512,5.6766,2.0892,-4.6596,4.2151,-2.6508,-5.4854,-3.4998,1.7002,-2.9611,5.0286,6.9082,-8.9309,4.7567,-1.1329,-4.4148,6.4106,8.0264,1.5305,0.3288,-0.1771,-8.7471,0.3007,-0.2972,0.6894,4.3013,-5.3258,0.6281,6.4547,3.7919,4.1349,-0.5087,3.8916,8.0119,8.7188,-6.1239,-6.7389,-6.34,-6.8368,5.5295,-9.7037,1.7947,4.1194,-6.7377,7.916,-9.7121,-7.6803,0.6831,1.069,3.8963,6.7473,8.2361,9.8881,-3.9855,2.8981,-7.3559,4.2859,1.3072,-7.4189,1.3011,-4.6026,-1.7878,-6.0405,-8.0306,-1.0647,3.9345,3.5133
-1.6379,7.1484,1.0443,-2.8231,2.6105,-0.6748,9.3359,-2.4681,-5.4242,-0.0312,6.2313,0.0281,7.7248,1.3957,4.8317,1.4339,-0.2993,4.5706,-8.4256,5.1128,7.3795,6.3676,3.9579,3.5504,-1.9359,9.7654,3.3938,4.8862,0.8976,-2.3503,-4.4758,3.9799,6.5912,6.1015,7.5193,-4.3705,3.6055,-5.6894,-1.2179,5.2624,-4.0931,1.9536,0.1291,4.1478,1.3344,-2.3937,3.2996,-4.4033,-3.4103,-3.9316,2.0065,-2.3945,-9.1713,-7.6064,-1.0352,-6.6834,4.2357,-1.0577,0.3679,4.4213,2.6606,-3.9455,-6.358,4.877,4.7449,-4.8929,0.6215,6.1828,-9.9172,-8.8712,-8.3682,2.5222,-8.2539,8.8893,-1.196,-3.1681,-8.0269,-0.7266,6.5904,0.3786,-6.6453,-6.5519,-2.3143,-4.6235,8.7035,1.8583,6.3552,-4.7847,2.4091,-9.2448,8.9333,4.5395,-8.6049,-1.5661,-1.6505,3.1132,-4.7263,-5.7449,-0.5411,-4.4229,-2.4413,-6.3574,9.5575,5.0604,-4.9561,0.1402,-5.1934,5.1799,7.9255,0.1782,5.1081,-0.0693,-2.3876,1.6209,-0.4787,4.2054,3.8247,9.4921,2.1881,8.1186,2.3662,9.3573,-9.978,2.375,-6.0508,-1.6019,5.04,3.8118,8.5374,2.742,9.4061,2.6325,-9.696,-5.5997,-2.3638,-9.6404,5.8475,-4.1006,8.045,2.5077,2.9421,7.0941,-2.6571,-2.1679,0.0964,-4.9923,-2.7483,-1.2047,-8.8403,-7.4731,7.6926,-6.3931,-6.7867,-0.7422,-2.7919,-5.1329,0.3542,7.534,4.9012,6.0192,-8.7537,7.9765,-8.3677,-7.9792,-4.3764,-3.2342,9.7066,7.9826,-6.6981,7.2943,-2.8394,3.5656,-8.7906,4.714,0.3125,2.1884,6.3885,-2.0954,-7.205,4.1258,-6.6954,3.4338,-9.5857,6.7652,-9.1794,1.1546,2.3204,9.4176,-3.5071,-3.8465,9.7477,-9.7574,-2.1248,-8.17,8.8117,0.8,0.3987,9.5136,-0.3933,6.0876
4.2051,6.5445,-6.9214,-5.0126,-7.036,-4.3958,7.4162,-0.3884,-2.2283,-5.0356,8.2765,8.9403,-7.0752,4.8592,3.9698,-8.4913,9.6028,-5.5633,-0.0048,-9.4409,4.0361,-9.5226,-2.7046,9.2273,6.7231,-1.3344,-3.9984,-1.1424,9.2216,8.1923,9.4119,1.414,-5.7564,8.8685,8.6823,-8.846,6.0557,-3.056,-8.0566,-5.6218,4.7224,7.0107,-4.7276,-1.962,-3.1595,-1.772,-1.699,-2.9869,4.9987,-8.7155,8.9657,9.3726,3.2731,-9.383,4.5187,6.1047,-0.6817,2.5263,1.7934,5.6061,3.7119,2.6672,-4.285,6.0942,-1.1658,6.3259,-3.7585,-9.861,1.4303,3.3333,-8.7383,0.2937,-5.3356,8.2929,5.456,-5.3619,-0.3003,-7.618,-7.827,1.3584,2.2938,-8.5352,-5.3601,5.3523,3.6478,0.7536,-8.7852,2.6771,-7.1902,-1.2309,-8.564,2.3916,1.3647,-9.7254,-7.3397,6.8208,3.9072,-6.1687,6.0888,1.9521,-3.9089,6.5897,9.3207,3.7148,8.5059,7.4926,0.6749,-0.9266,-0.2633,-0.8591,-8.4401,-3.9453,0.6898,9.4655,2.0472,6.7496,-4.534,8.8386,8.4773,-8.9659,4.7567,-7.8737,6.0342,-4.6544,-8.274,3.826,-1.4661,1.2675,1.0774,9.9122,3.3662,-5.5597,-4.9982,-7.2999,8.9333,-6.2267,-6.4576,1.9612,7.7319,0.0693,-6.5333,-5.0203,1.4372,5.4471,8.2797,0.1974,6.2229,9.656,8.6632,-3.2428,-6.4886,1.0817,-9.8813,0.1423,-4.9172,5.5758,4.4109,-9.441,0.2487,0.2018,-6.5518,4.6285,-1.4949,-0.7926,-8.3731,2.7664,1.2572,9.3671,2.33,5.8109,-8.9223,2.4701,-4.4408,1.5584,8.0129,-7.2477,1.5129,-1.6619,-7.2699,-4.6046,-1.7078,-8.562,1.4773,3.0355,-6.9087,5.7683,-1.2185,9.4131,-4.7884,-5.7026,9.8176,4.0966,1.376,-5.2874,-2.5976,-2.6057,-6.3977,-1.2402,-8.6182,-7.126
7.3818,-0.8418,-1.166,6.2813,1.9442,-1.2027,-0.8865,1.0372,-6.5747,1.5609,-7.3755,6.3461,-3.68,0.3688,8.458,-1.472,-0.3131,9.8966,-1.6862,-3.3423,2.9527,-3.1977,-0.8718,-4.184,-9.2696,-4.32,8.1354,8.3574,-7.2669,-5.6866,-7.4921,6.1437,5.0181,0.3841,-9.9377,-8.6083,-2.7824,-3.219,0.2512,5.8778,-4.5057,8.7439,1.5131,9.7566,-4.0572,-0.5494,-5.9569,-8.9787,-9.5095,-4.3433,1.8462,-6.6527,7.9159,1.8028,0.9921,0.3441,6.1313,-1.5611,6.186,6.6179,2.4636,7.116,2.3231,-3.5023,-6.8036,-3.8549,0.133,-2.2035,8.373,3.9188,4.0985,4.1925,-7.8692,3.0292,9.8868,-7.5192,9.9184,6.7396,-8.729,-2.2181,-5.0391,-1.0087,-2.5128,9.8547,-1.8138,5.2716,-4.1909,2.3186,7.3428,1.8451,-6.1215,-3.0932,2.9355,4.1665,-3.3639,1.9598,5.0571,0.8393,0.1117,6.4445,3.9879,-9.8895,-2.8422,-1.3691,2.6878,1.6874,-9.7595,-5.5965,7.6044,-6.9644,-0.4944,-2.5392,8.8275,9.6869,7.1156,0.1807,-8.9298,3.9978,-2.914,-0.7958,-4.3302,7.8769,2.2058,-3.6126,-0.2104,-3.4443,-8.6695,-9.2901,2.1824,-2.3305,-7.5388,-2.6664,3.1445,-5.5891,-1.9174,-6.0632,3.6768,0.9269,4.5176,6.9937,5.0056,-1.4448,1.4036,-6.2339,7.1413,2.2006,3.7113,-7.5971,1.0858,-0.2793,-7.7483,-8.4135,9.0087,-7.7362,-2.9682,-5.6208,2.5167,-5.3536,-7.1261,-1.5513,1.8397,-1.2991,-3.3378,1.1524,6.0801,7.4957,-2.9505,-7.714,8.4439,-8.1344,-8.0669,-2.5229,-0.2783,6.845,4.9114,-4.7959,1.9899,4.4516,0.5921,8.3032,-0.2117,0.4574,-0.4483,-4.3167,-4.2039,-3.9412,-0.6172,-1.3192,6.849,-4.0815,2.4344,0.5819,-5.6217,8.0282,-6.4754,-0.4278,7.6795,0.7452,-5.974,4.386
6.3878,5.3738,2.6683,9.2968,7.5515,-8.3819,-3.6163,-4.6305,-7.9288,-9.9868,-5.8214,1.4043,8.4553,2.8676,2.0792,-6.1601,7.6935,3.8145,9.2056,2.3886,2.4619,-6.4291,1.5134,-3.2817,8.4166,5.8475,-6.7734,8.8577,8.6661,-7.772,-2.0996,5.5568,6.9858,1.3135,-8.8161,-2.1685,0.684,3.7274,9.3702,8.7686,-2.7277,-6.4248,1.8169,8.9744,5.539,5.6322,-0.5808,-9.6816,9.9034,1.2627,1.968,5.8487,-8.3337,-9.5648,-4.3484,0.5652,5.7777,6.4689,-3.7063,-1.5379,-7.4375,-9.4625,-5.5878,-0.224,-9.9871,8.727,6.2982,9.5087,9.593,1.5017,-9.1265,3.8542,-6.1974,8.9853,-8.0923,-6.0137,4.435,0.4565,-7.9439,4.6794,1.0348,-3.8568,1.6726,-8.544,-7.1067,2.5118,-3.2713,-9.7258,1.3775,-7.9898,-9.3129,1.1778,8.9087,1.0037,-7.5577,-0.1752,-5.0232,-3.9734,7.5174,-3.5534,-7.5557,-1.2409,-1.9539,-5.5436,-9.0262,-7.9938,-1.1114,6.2846,-7.4008,3.2331,-2.22,5.3392,4.3909,-5.7191,-4.589,-6.4707,-7.6325,4.9285,-2.0561,-2.1074,0.6975,-2.5874,8.3599,7.6849,1.9569,2.1811,7.2015,5.3031,4.5562,6.0132,6.4089,-5.7105,5.166,4.9593,5.9623,-3.3861,-9.9031,2.0007,3.1681,3.684,6.9275,-9.6161,4.0144,1.4674,-4.6052,6.0984,6.845,-8.9771,-9.5879,3.556,-8.8097,-5.0253,-5.755,-1.3523,-7.6779,8.3807,-5.6707,-7.0657,1.324,3.0902,3.4106,-6.0066,-5.0725,0.4831,-0.4771,-9.6585,9.9312,4.4439,-2.3863,-7.5316,3.3074,9.6848,7.1996,-1.4326,7.5971,9.3052,4.3667,9.5116,8.0034,-8.3535,8.5007,3.4434,1.0692,8.4909,-4.0927,2.9588,-4.7029,-2.233,-5.0739,8.0133,7.7964,4.4559,-8.3203,1.3893,3.497,8.316,-4.7644,0.1904,4.3325,8.261
-8.4604,-8.35,-2.4671,-9.5027,8.556,-8.2136,-1.8245,2.2995,3.0341,0.2531,-8.6731,-8.7051,3.7449,-7.3749,-1.438,0.9813,-7.0988,0.661,-3.0667,-9.5065,1.6046,2.9718,3.9507,-2.6296,-0.2741,-0.8488,3.5581,-2.5081,-0.2513,-7.2305,-0.6017,-2.4345,5.8014,-9.4802,-1.7971,-4.2371,-8.3141,5.315,-3.9689,3.3383,-7.7103,-8.1567,7.3438,-6.2633,-5.0465,3.4774,6.6936,-9.357,-1.0517,3.5429,-3.7612,-5.176,-4.1973,1.7449,-6.7597,-1.3591,-3.4858,-9.1032,-1.9655,5.7913,9.4912,-1.3921,2.8665,-9.1806,-3.1161,3.442,-6.3425,-1.4427,6.3052,3.0342,4.7298,0.2196,9.5061,9.3337,0.828,-6.5407,-1.0414,8.1753,-9.0455,-7.9234,-0.7335,1.0266,-5.0011,-4.1083,-5.0953,-3.1551,-4.718,2.3442,-4.9756,2.1543,-5.554,2.3789,-7.3083,-3.0059,-3.4342,5.1768,-3.9289,3.8595,-1.0591,7.4833,-6.619,-6.1304,-1.1492,-2.5914,-0.9155,-1.4768,-8.1633,4.6767,-9.0952,9.3716,-3.6601,-3.7658,-7.7558,3.0789,-9.4904,-0.398,-1.2791,3.0607,-6.4179,2.2302,5.8562,0.5768,9.6827,-4.7347,5.4017,0.7355,-4.5239,-2.9686,8.7134,-4.027,-2.7421,8.2989,-3.9202,-9.5083,-6.4807,5.15,-8.6875,4.4219,5.7242,4.2612,-3.9015,0.5655,-1.1671,7.7834,8.8133,8.9743,8.3824,5.5561,3.8278,-4.7094,-5.8342,-8.7858,-3.8164,-3.7082,-8.4703,-7.6682,7.9176,6.2642,-3.1023,6.8327,1.4674,-1.2515,-1.9864,8.1351,-1.548,9.5531,-4.4087,7.1003,0.6295,-0.561,-6.3557,0.8224,-9.3112,3.8767,-6.4869,4.1196,-4.4755,-0.4797,-1.3675,-1.418,-3.2816,5.0976,2.0562,-5.8409,5.7091,-3.7304,3.2888,-9.5686,1.7253,1.6899,-5.3731,-6.065,6.2681,-5.0596,-8.8729,6.9968,-0.8506,-7.1451,1.4779,8.4306
1.9661,-4.3743,8.9467,-9.6187,-0.3524,0.0913,-6.0862,5.5121,9.8508,6.6885,8.4109,4.3404,-1.0148,-1.274,-2.1618,3.9456,4.382,8.3653,9.8032,-0.4793,-5.6975,1.4041,0.094,-6.7645,-4.7605,1.4129,-1.2945,-6.4026,-8.3415,2.1427,-8.1535,9.9318,9.616,-8.3501,0.1143,6.0248,-5.816,0.863,2.555,8.5849,2.7608,9.8918,9.1487,-3.546,0.4289,8.2823,-5.5211,2.1346,-5.0093,3.4786,-5.4127,-1.1593,6.9709,7.3141,-2.134,-0.8423,4.4409,4.9986,6.6413,4.1431,-2.619,7.0454,2.4207,7.0286,4.7985,0.1051,9.5185,-6.6663,2.6948,-3.2855,2.7981,8.3192,9.5557,-7.5337,-3.4841,-7.0544,4.7704,9.4171,8.8856,3.4235,9.1425,3.6341,8.9825,4.9697,-5.0641,-0.4891,0.5058,-8.0972,0.6062,-2.6753,-9.6849,7.8744,-2.194,0.9845,1.7256,-8.4609,-1.8855,5.9543,6.0119,4.2743,-5.23,-3.9095,5.2033,-3.3613,-2.4132,-7.7062,-6.3606,-2.0722,-7.116,-7.971,-3.2841,-8.456,9.1488,9.8323,1.5577,0.0537,5.2075,9.557,-4.4166,8.4891,5.6108,2.5794,0.6924,-9.5874,9.1689,-0.2927,-8.0078,-5.9507,-2.6119,-9.0215,-1.1909,-3.3251,-3.6005,7.6005,5.8575,4.6473,4.0287,1.6038,8.1635,-5.3973,-5.746,-5.5652,5.111,8.1248,-2.6763,-6.7512,-3.0247,3.4907,4.8199,0.3207,4.0315,-6.9381,-0.8471,4.8064,3.799,3.1859,-2.1212,-3.3699,8.2777,6.9148,-9.4732,4.3608,-4.6171,2.1567,-7.5359,-7.8082,-8.6014,-9.1746,3.8163,7.0541,6.4077,-9.1321,7.1211,-7.598,9.9167,-4.4323,-9.989,2.3602,-2.7161,7.5008,-7.4812,9.8391,-1.7326,3.6104,-2.6964,-7.4,8.756,-8.5053,9.0275,7.8431,5.3309,8.615,-3.8177,8.158,1.2751,-4.7535,1.6933,8.3902,0.4638,-6.9629
-1.3064,-5.3482,-6.5536,5.1676,7.9289,7.1253,3.5307,-8.2122,8.4958,-8.5717,-9.5123,-5.4469,-7.9617,3.086,-7.3797,9.9387,0.2814,6.7106,9.8956,5.3654,8.0167,1.2952,-4.9946,8.0463,-4.3644,1.0241,-5.6575,7.1249,2.6106,-1.8247,-6.955,-6.6066,-3.5197,0.6195,8.8176,-6.8945,9.539,1.1682,-8.1196,0.9934,-1.6019,-6.0618,3.9889,2.8748,5.312,-7.9549,3.8707,-3.5567,8.6668,-5.533,-6.5521,-7.4689,3.7555,8.0258,6.7273,3.7706,-3.2607,8.3884,0.9727,-2.5326,-5.929,8.6514,-2.5156,5.3586,-9.5605,4.7922,7.9296,-2.638,-0.3317,-5.3052,8.6215,-6.1117,-8.7794,-6.5754,-0.3605,-4.2387,2.5664,-2.8345,2.5654,3.2554,7.1523,-3.6585,7.7478,-2.1736,-5.952,8.3265,-7.68,4.031,-6.2684,-7.5967,9.7347,-2.4954,7.8158,4.6922,-8.3695,-4.8313,-7.5477,-4.6402,-3.3439,7.2613,-1.9248,-5.6735,-1.0819,1.8356,6.3211,-6.5831,5.2691,3.8075,4.3307,2.3667,9.5839,-4.2794,-9.5049,-3.6185,-4.7296,-9.0155,8.2227,0.0328,4.511,5.4689,-7.5745,2.6662,5.4913,-6.4999,-3.5693,4.5135,1.602,-0.2796,0.2042,-7.9539,-3.8362,-2.7676,2.3657,-3.7997,2.1677,3.8606,2.9725,-4.804,0.6655,-0.6216,2.9561,8.7719,6.117,-0.2958,2.0486,-3.336,2.8768,8.3233,6.7164,3.9018,6.3726,-0.3523,-2.013,-5.6576,7.97,-7.4404,-0.0804,-9.7638,1.9905,-6.9796,-1.9289,4.9924,-6.6914,-1.8458,-6.6811,-2.804,-8.4142,-8.1957,-3.0978,-4.2632,-1.296,1.9339,2.1225,3.7158,-1.0618,7.8337,-8.0955,-4.9496,-0.328,7.6788,-5.974,-4.5473,7.4484,8.7025,-3.4707,-0.436,-1.357,-8.2835,0.676,3.9013,6.6422,0.2059,0.9656,-4.8265,3.4195,2.4485,-0.6941,-0.3086,-6.9079,3.1635
3.7171,0.5908,-8.4912,6.3532,8.2103,2.6135,6.2169,-7.3779,0.4182,8.1813,0.3298,2.3723,-2.417,9.681,-1.9099,-7.7813,-4.2077,-9.7315,-3.6394,-8.6858,4.0238,-9.8136,0.4718,-7.6584,8.4725,-2.0825,5.3874,-6.7376,-4.8703,-8.2086,-3.8966,-6.7838,-9.6216,9.2077,-2.999,8.4721,0.6714,1.3618,8.9688,-2.7769,3.1667,9.9191,8.8426,-5.546,2.7,-7.7021,-0.7919,8.8227,5.4976,3.3026,-6.5039,-2.5402,-7.1382,-9.9943,-8.5381,-7.5845,9.1083,-9.8596,7.0586,-7.1039,0.5672,0.0929,8.8347,-5.4977,-2.8811,-1.1521,-6.0674,3.0726,4.6857,2.6474,-6.5157,4.0624,8.3335,-6.4953,-8.5311,-1.7101,-9.9024,7.3558,1.2321,6.2316,2.456,-1.8525,8.6655,-1.7777,1.0632,0.0561,-2.9342,5.0515,9.5355,4.7969,-3.3272,-8.276,8.8133,-0.8646,8.1912,6.8562,5.5174,8.1081,-0.8966,5.4449,4.7284,-5.6795,4.801,-9.7239,9.8794,-7.8788,0.8174,-4.4588,-0.9193,3.4075,8.0433,4.1341,-9.0268,6.0635,-7.7566,4.7359,-1.065,-2.7138,-5.2575,-6.9935,-3.5749,2.4887,7.1034,5.2235,-0.1163,1.2919,1.1675,6.1703,6.2234,-6.6743,8.7387,1.2783,9.0947,0.9365,4.7388,2.2605,6.0895,-5.0204,1.7988,7.762,1.5212,-3.4216,4.2061,-6.4362,7.4667,8.8544,-4.5888,-6.0868,-0.926,2.0359,-2.9845,9.3241,7.2093,-0.3165,-6.5453,-5.1967,0.2534,1.9324,-6.0791,-0.6997,7.7547,-1.5574,4.2604,-8.0229,7.5256,5.8831,-2.9458,-8.7569,-3.6549,-0.8448,4.6994,-7.7463,8.4739,3.2395,1.9714,2.0529,0.7176,3.8715,4.4039,1.1994,-8.9567,-8.9598,-0.4831,2.1109,-0.4161,3.9301,-8.5675,4.2685,9.407,-6.929,2.7178,-6.9008,-4.3087,6.2239,-5.6936,8.4476,-6.8576,-1.0265,-0.9337,-9.4753
-0.2868,-6.468,-7.5103,-3.2626,3.2544,-4.3101,-3.1883,-7.3135,3.7894,0.4933,0.7827,-8.0785,7.4282,8.6477,-2.7514,-7.5789,-4.2932,5.0802,0.7343,-9.5757,-8.311,-3.8619,-6.3876,0.0222,6.1443,-7.0859,-7.0504,-8.1738,0.8731,-7.0347,4.0636,2.8404,-6.343,-5.8901,-9.9307,3.851,8.4559,7.5245,-2.1073,-8.9758,4.8853,-3.8343,8.7181,-5.4202,-3.0348,3.1784,-5.5646,-6.5082,5.223,9.9467,4.1949,-3.0727,-2.2385,-0.505,7.615,8.8048,4.5843,5.3487,0.9567,3.9966,-4.2018,6.7478,-1.1535,-2.1276,-5.4916,-5.6267,2.0267,-7.6473,-1.2109,5.4105,2.5839,-8.0448,8.4281,7.3711,8.2683,-9.2803,8.45,-6.1973,3.1471,-2.4239,-2.9483,-8.887,-7.5674,-4.741,3.2436,3.794,8.661,-3.0316,5.2731,0.5331,5.6843,5.6321,8.6563,9.2784,-7.1559,6.9657,-9.1257,-7.7372,-6.2955,2.3162,4.6975,3.0864,-7.1604,-1.1596,8.9116,8.5947,0.5236,1.6589,2.4521,4.9564,-8.9061,1.6761,5.2383,9.5188,6.5588,6.8126,5.9751,3.603,-5.316,2.1128,0.215,3.838,1.7941,4.1119,-3.3411,6.34,-7.3078,5.9981,2.8942,-1.1948,-7.5696,-5.9332,-6.6963,9.141,-0.0979,4.9342,3.4468,-7.2374,8.3546,-5.9298,-1.3603,-9.8316,-1.7571,0.5661,8.1778,-5.8883,3.4532,2.8065,4.7105,4.0001,0.5216,-6.6555,9.1403,-6.8802,-5.0467,-7.0873,-0.4226,0.7955,2.2501,8.5532,-1.5249,-0.8359,5.3002,-6.3031,-4.3143,5.7417,6.1215,2.199,5.8354,-1.8473,6.4592,3.5221,1.1751,-3.4566,3.7002,-9.8193,5.333,5.839,6.1873,4.1211,-8.911,4.2287,-2.5054,-1.697,-1.1422,0.9372,6.962,7.0925,1.8489,9.6035,-8.8577,7.1383,-7.1341,3.7959,-0.2132,6.4187,-1.2872,5.9409,-2.0148,4.1453
7.3004,6.7305,4.9551,-6.0227,-3.3569,-4.6778,-4.7013,8.6657,0.195,-2.4257,7.6263,-2.839,-7.2489,-0.2806,2.6492,9.1377,2.245,-8.4976,4.481,5.7585,-3.8062,1.429,-6.5715,0.0578,3.5995,9.638,-3.3979,9.1026,1.3157,2.9712,2.7486,-7.7711,-1.6085,-4.5227,4.2999,-7.5968,-6.925,-9.1713,8.5189,-9.4091,7.2009,0.5853,6.9404,-4.3466,9.336,6.754,-5.5678,9.4146,-9.712,2.5812,-4.835,0.1226,-1.0674,6.8102,0.1083,4.2599,9.6182,3.7472,-7.7837,-5.9227,6.2896,-0.3733,8.3673,2.6819,-9.1554,-3.987,-4.2911,7.9495,-4.8218,-6.986,-1.9641,0.332,-5.2386,-9.856,-7.9734,7.3207,3.3784,-6.5958,1.3447,6.8075,-6.2525,-2.1615,7.627,1.7074,0.4975,8.1537,2.425,1.4851,-0.6177,3.9012,-7.5976,-3.1512,-2.7902,-9.9298,-0.9694,4.019,9.942,-8.4454,-3.2601,-0.1821,-0.0646,-4.7918,-3.7865,6.8197,-3.1325,0.8169,3.5688,8.5268,-4.0396,6.3729,9.7708,-6.7564,7.4191,-5.5012,-8.709,5.9284,0.0882,-5.734,6.6157,-9.2615,6.0784,-4.0929,4.942,-8.1496,4.2037,2.5316,7.0416,2.4966,7.2681,9.4635,4.4973,-0.6245,3.1846,-8.4891,-7.0566,-4.5537,-4.7075,0.4618,-4.2773,9.7272,-2.7045,-3.7177,-5.6703,7.5091,1.5162,-2.7145,-1.586,4.7036,-8.348,-3.7987,8.7228,5.5192,4.618,8.9428,-7.7828,-9.4126,0.0646,1.3104,1.2396,1.5413,-1.4979,-1.2549,8.7832,3.3668,1.2657,8.3999,9.0739,6.131,3.1785,-5.1012,-9.1883,-9.1524,0.0487,-9.0968,-0.6863,-3.7036,-4.2538,-3.5049,-2.18,6.3362,9.3633,0.9986,-6.2791,-1.9946,6.6996,-9.2354,-3.6406,-3.2231,-3.7784,-9.5481,-2.5076,1.3396,-3.511,5.0829,6.8306,4.5947,2.1321,5.3343,2.5769,0.1069
8.4612,-1.2493,8.3611,4.6149,3.1205,6.7781,-9.0262,2.903,-9.6372,9.6796,4.59,-1.1512,-4.7434,-9.1937,5.3029,-2.4022,9.6491,3.9434,2.4877,-2.9608,-1.8666,-8.4563,-0.3883,-6.5318,-6.4563,1.2391,6.2595,-7.2554,-1.5913,6.5939,-8.6238,-3.2567,9.3614,-1.2488,-4.42,0.31,0.725,6.9562,5.2201,-1.0075,-6.7607,9.2971,-6.5025,1.8518,-3.0191,6.5489,-5.0671,4.3219,7.2445,-3.4141,-3.0227,1.5924,3.507,-8.8658,-5.8625,-4.1895,-7.2893,-8.73,5.9296,-5.41,9.1171,7.7873,4.3121,-9.878,3.2831,-5.1551,-0.1388,4.795,1.7865,-2.3561,-5.0553,7.403,6.7881,9.9274,-7.4243,3.6406,-3.1643,1.9988,-7.5573,1.5332,-3.3681,8.2981,-2.2912,-8.2423,-7.1671,1.2938,0.8181,-1.1269,5.234,-9.3633,-4.8573,-4.1605,1.755,7.6974,8.3792,-5.7109,1.2675,6.4417,1.7551,-9.4594,-7.4227,-0.1401,6.0272,1.14,7.8299,-8.4076,1.6251,-4.1512,9.1581,1.3648,-5.1153,-2.4177,-2.5829,0.3896,0.3018,-9.6372,-8.7969,9.3431,3.492,6.43,7.4206,-5.5563,7.4517,2.2447,9.7296,5.5967,-7.0813,2.955,6.4732,-7.0182,4.3856,-4.4895,-3.7138,-9.475,-3.4534,7.0414,9.8657,-5.0968,6.7735,9.4623,9.6693,-0.2869,4.2982,7.6827,9.8997,-0.2614,7.8337,-7.3691,-2.4217,-4.8532,8.7671,-1.9411,6.0814,3.0874,2.8643,-0.4877,-2.4798,1.0906,1.8089,7.5504,-0.0721,-4.4799,-6.0014,-9.1121,-9.0788,-2.5374,0.4785,-5.6883,-0.8025,4.3123,-6.3399,-7.7373,-8.0089,1.6264,9.8989,0.0344,-5.0403,-3.1959,4.1311,-2.4229,6.7009,-3.5604,-0.8645,-7.3051,8.6547,5.9977,2.6969,6.9753,8.7423,8.7113,9.7152,-5.8131,1.893,-5.4316,5.4512,-7.9059,9.1047,-7.408,-6.3411,-9.6413
0.6696,-0.3202,-8.6616,8.5539,-5.5932,7.693,-0.2765,6.2972,-6.0141,-8.1406,-7.7005,-4.4642,-8.5638,-2.1169,-7.5683,8.6867,8.2384,-8.7906,-4.091,-1.196,7.8457,-4.2278,-0.3368,-3.5682,-4.376,-4.002,6.3318,2.8191,-3.9988,-2.0801,-0.6844,-1.1031,9.512,9.3605,4.8649,-5.7983,-6.4111,7.5658,1.0196,-8.1186,2.2139,8.4759,-0.0989,-1.2434,-4.0874,3.3033,5.9614,-7.983,4.0375,-6.5545,-0.3294,-1.8185,-3.8848,6.4923,0.3792,-5.1882,3.4708,0.8104,-7.6625,7.4906,1.1583,-0.2363,-6.8887,0.3902,-4.0945,7.9386,-8.3271,2.2073,6.057,-2.053,4.2321,-2.1226,0.7765,-3.2821,3.9832,-1.8468,-5.4365,2.9557,-6.0077,-6.7125,4.4963,1.3796,-3.3424,7.7587,-1.1625,0.7406,-6.1029,7.9099,9.2956,1.9553,4.3078,-6.8808,-1.2819,2.6912,2.8887,1.6049,1.8121,0.6975,-1.3131,7.7959,-2.6187,-9.03,9.4803,7.4111,6.3308,-1.1616,4.0151,2.7708,9.2309,0.5354,-9.5306,4.9307,3.6255,-2.2315,9.4312,9.6774,7.1343,-8.9321,6.7944,-5.5462,-6.5369,-4.2145,4.4437,-9.3309,-6.8632,2.5193,6.8004,0.7154,-2.3234,-9.4064,-6.7096,2.4748,-5.9169,-7.3697,1.8502,1.8466,-4.3278,-5.6876,7.0298,9.308,6.5497,2.9772,-9.8206,3.9772,4.4139,5.0621,-2.8916,8.149,1.4287,8.7079,6.0849,-1.4097,4.6938,-8.1978,-8.5317,9.1275,6.3228,5.1071,-2.3226,6.822,4.2662,-5.0626,-3.1664,5.1311,6.4671,-1.8634,-0.0922,0.5326,7.1394,-9.0031,1.2105,-5.0915,1.6428,-2.1906,6.495,-2.0052,-2.8282,8.048,-4.6165,-5.7415,-9.1985,-5.3226,-1.5029,5.9785,-8.5873,-9.1966,0.9739,-0.2555,-5.4876,-5.8807,-8.1759,8.333,-3.2429,-0.3701,-5.8617,-0.0629,-0.1776,-2.1901,5.6513,7.4831
0.4511,-9.0116,7.5286,-5.8663,3.9049,-8.8491,1.3297,-4.8323,-1.6396,-5.794,4.3208,-1.8075,-4.4784,2.6555,-3.9281,-0.8044,-8.4942,-1.3082,6.8764,-7.985,-5.3785,8.1124,-6.1592,1.5425,6.938,0.9605,-3.934,4.9306,-3.1576,4.2407,-5.5037,8.153,7.1773,2.2789,-0.071,-3.8336,6.4693,1.4474,1.6117,6.7167,0.3747,6.8969,9.7821,4.8394,-6.9468,-8.9839,-8.8505,9.354,-5.9219,5.4488,8.7753,-8.3531,-7.4347,-3.2293,2.5592,-6.8529,0.1624,-0.3364,9.3691,-1.327,3.4167,-5.0164,-6.9844,-5.787,-6.7436,-9.6668,-9.2549,-9.8238,-4.3215,-8.9165,5.4178,2.1687,6.0744,4.245,-1.4983,3.0191,0.4071,-3.2561,-3.4091,-1.7708,-2.6366,-3.17,-6.047,5.9205,9.663,5.0212,4.8368,4.3671,-2.6868,-3.64,-6.2726,3.3473,-9.1348,-9.3195,-4.9535,-1.0475,2.9406,-5.3547,4.7587,4.2685,-9.3478,2.3568,-5.5592,2.3573,-1.5108,2.7281,4.3779,7.6183,-8.5758,-8.0055,1.3161,4.7683,-0.3842,9.9647,-5.6765,-2.3635,6.3321,-3.9521,4.4294,-8.3687,1.2188,-6.8836,-7.147,-3.7986,0.4755,-4.483,9.692,9.1391,-0.8101,6.9,3.3848,-7.15,-1.0071,9.1794,8.7397,-3.5927,-8.8494,-8.0716,4.684,1.2695,-4.2667,-2.2573,8.4526,-6.3215,0.2798,1.8749,-6.7495,6.0827,-5.0748,0.9796,-8.7463,6.9022,-5.3601,-4.9142,6.3879,8.8656,-7.283,5.4564,4.4968,9.8825,-0.2162,1.546,-0.8467,-3.405,5.5634,5.0505,5.952,9.0216,-1.6507,4.2376,6.3257,-0.183,-4.4875,-8.273,7.3328,7.0887,-2.0171,0.6833,6.73,-1.4093,8.1671,-1.631,-6.7613,5.8932,2.0404,-0.0804,5.0426,4.9602,-0.553,-1.6849,5.9758,2.3856,8.1803,2.8795,7.493,-4.2283,4.3848,5.1338,6.3306,1.222
2.8151,-8.3864,-7.8263,2.8027,2.8667,-6.4938,-9.5313,3.7139,-8.2488,-1.0053,3.7345,-2.4116,-5.7704,8.9634,7.7787,6.3363,5.4307,-7.851,0.2426,-5.4792,0.0568,1.1846,4.877,-9.4454,1.8217,-7.9884,1.5665,-3.133,2.1745,8.0671,6.9068,-4.5157,-8.959,-6.1334,3.5014,-9.9354,0.729,-9.3729,2.6241,-2.7574,7.2941,3.0724,0.8531,2.6236,-0.2529,-7.4539,-2.6705,2.9693,-7.4637,-3.608,-1.1182,2.1643,-6.3187,9.7348,-4.1207,-6.5477,-2.3272,-8.7484,6.5529,3.7313,9.1829,-0.8558,-9.1011,2.5536,8.0349,-2.7513,1.6897,-7.6146,8.2225,-8.7405,-8.3591,6.0134,7.3927,-5.466,7.6682,1.9946,-4.8202,-0.7662,7.4452,-5.6036,1.4475,5.9747,-0.7623,-9.4318,8.6058,-3.4114,4.8894,-7.2144,-6.0238,-4.3923,-9.3171,-9.403,4.2359,4.6751,-6.436,0.1989,0.9981,-6.7223,-4.1654,1.6428,3.7984,2.1377,7.9495,-1.0134,-5.9703,1.7965,-2.9354,2.7755,-6.6508,-1.9388,-4.8572,5.6848,-2.7298,4.5145,-2.99,5.5994,-0.1758,8.4104,-6.1158,5.978,0.3302,2.7594,-1.1408,-8.1448,1.9577,-6.4729,1.0772,9.7152,-8.2099,-8.5233,-6.1958,7.2195,9.3068,9.9288,-0.4173,-3.7353,-2.7101,2.8741,-8.5899,-1.042,4.9463,-3.0865,-7.6052,5.0923,-1.706,-1.1735,-0.3745,6.3831,-9.4835,3.7734,-6.962,-4.1914,8.9122,1.7764,2.2139,6.4439,6.7434,5.6911,4.341,0.2139,-3.2387,-3.4698,6.9795,1.3854,0.2126,-4.7489,5.9729,-3.1491,7.5623,8.1906,-4.5623,1.6665,-5.5265,9.8191,-2.2807,-6.0154,-1.9669,-7.8761,2.8849,9.7611,-7.8203,-6.8549,-1.1119,-3.8081,-9.619,-8.4628,4.8902,5.3709,4.5845,-2.9099,3.0011,7.2995,5.4327,-3.2062,-3.2277,5.3765,-0.5525,-6.9845,0.6328,-8.0707
8.1373,4.2054,-8.5183,9.2056,-8.3527,-1.8531,-3.2618,-7.5004,-5.6838,8.4212,-7.8991,8.32,2.1058,-4.839,-3.8972,8.4218,-9.0169,-0.0551,9.3284,-8.0252,-6.6396,-7.1916,0.8926,-5.7664,-8.4507,5.1731,2.3434,-1.8731,9.3985,-5.7254,8.1064,8.0155,-6.5954,7.481,-5.4668,0.9437,-5.0497,4.366,-7.7986,-2.8279,-6.2036,-0.8173,8.8152,-2.5397,-9.941,-4.8631,1.4118,-6.2513,5.7398,0.5839,9.5222,-8.3316,4.1423,-2.3029,-2.6712,-4.8362,9.7121,-5.4241,-1.3922,-0.4029,4.023,2.5488,-4.4702,-3.8154,8.6283,4.1351,7.8565,-3.8006,-8.5952,-6.469,-8.5601,-0.6956,2.7333,-5.9211,-2.2594,2.2242,2.7,7.3986,-9.7644,2.6811,-4.0938,-3.0444,2.3859,-1.2889,-5.9681,6.1807,3.876,8.6006,-5.729,-1.8667,4.0353,-3.4041,6.4027,-6.7109,9.6469,-3.4979,8.9287,4.0407,-8.0574,-8.8675,4.6922,-9.5929,-8.7125,9.8971,2.4023,0.1067,9.4143,2.3817,-1.7097,2.1305,-8.5544,-2.8871,-7.0668,1.7609,-3.7735,-8.969,7.203,7.5342,8.1673,1.3606,3.5349,6.2477,6.4763,1.7201,4.2183,3.8824,-9.1559,9.854,-2.1896,-4.5146,-8.4157,-7.1458,6.3971,5.3269,4.9233,0.5872,7.2158,8.1243,8.2395,-6.1034,-2.4815,3.1714,4.8806,-1.7143,0.1854,-0.6229,9.5598,-5.4821,1.4898,-1.8714,0.6132,4.54,9.4979,8.6469,6.5722,6.741,1.7984,9.9103,1.6872,5.6495,3.4863,3.9378,-3.0155,-6.3886,4.1596,-2.2734,1.264,5.5249,5.2341,-2.3345,-2.3803,-2.8477,-6.8217,6.4023,-3.9069,9.0595,1.5897,-9.732,7.5528,-8.6758,2.5603,-2.308,-9.5159,-0.9479,1.2456,-8.5828,7.8504,0.4994,6.3023,4.6835,-3.0688,4.0889,4.0759,-0.0686,9.7038,2.9242,-6.5846,7.5061,6.5911,-4.8544
-0.7993,-8.4045,-6.2284,-0.8547,-0.9161,0.8652,0.9621,-7.4386,8.9978,6.7443,9.8883,-5.4898,3.7981,-8.2932,8.1635,-3.1772,-4.5021,0.6522,4.3364,-0.5231,-7.0567,-3.5802,-1.8907,2.7578,-0.4531,6.4677,-7.843,-7.3425,-9.3532,4.8832,-6.4067,2.4922,7.2548,1.8281,-7.0746,0.8793,-9.8653,-0.9426,7.8142,-0.9369,6.1067,3.8179,-3.8717,7.6735,-7.3708,-4.3029,7.6124,5.9875,2.8094,1.137,-9.6026,-4.1335,-2.7358,-8.4669,3.0062,-1.8791,-8.9324,-4.3288,-9.4205,-7.6916,-4.2351,3.6867,-5.7663,6.5352,8.1798,1.7027,-4.4918,8.3122,1.3674,4.0755,9.0387,-8.0673,8.1871,8.2559,2.6205,-8.8434,-9.1539,0.5784,-6.9298,6.0941,6.765,-3.1557,-8.53,7.9606,-3.0103,3.1644,-1.5546,-2.3248,7.3349,0.3318,-8.7377,7.8176,6.5155,-5.0445,6.8157,-5.1975,-0.1121,1.962,9.4357,2.7726,1.3115,5.7098,-7.1523,3.8468,0.8489,-0.5211,9.5891,8.4235,-9.2273,0.4257,8.1036,-2.7298,-5.418,-8.2732,-3.0934,-8.5171,8.3787,6.8904,1.4967,4.9884,-1.2898,-1.7122,-7.5066,2.9424,-5.9014,-6.0335,8.2099,3.6753,-5.1481,0.509,8.5056,-0.6933,-0.7578,-6.0459,5.6701,2.6235,-6.6721,-1.5237,3.626,7.467,-0.3789,7.7769,-3.9145,6.4915,-8.1214,-8.9797,-7.6748,-6.8123,-8.8454,7.77,-4.4122,8.6371,8.5624,-8.1623,3.0494,7.7108,0.3828,-1.56,-5.6613,-7.6736,-1.1775,-8.5659,-2.6136,-6.8202,-7.9823,-7.3509,7.3358,-3.1542,9.3777,9.0945,-2.2929,-3.4726,2.9575,-1.2259,5.5781,2.089,-4.659,1.0321,4.3802,3.6668,-3.7272,6.819,-3.7425,0.0986,-7.1653,-8.457,2.5086,-3.3331,-0.4333,6.2939,3.6663,-1.4202,-1.0749,-1.7631,9.7585,4.4855,-3.0403,-5.5627,2.5876,-7.5878
-7.2016,7.8877,2.9272,0.7809,0.8959,-1.7714,4.1714,3.9658,4.0384,-8.938,-0.9508,-3.5237,8.7403,4.2531,-1.2118,7.3392,-7.5368,9.4184,-1.3086,8.3129,-0.7962,-0.093,-5.9639,-6.5189,5.9124,8.2493,-6.3524,4.1363,4.5532,-6.9467,-0.9459,1.9655,-4.2673,-0.3043,-3.2238,3.1935,-4.7434,-3.0455,3.1192,-2.8612,5.1946,-1.2542,0.9468,-0.3007,9.7451,5.4252,-2.71,-0.3986,-4.5331,6.8221,-1.3956,-0.2771,4.5446,3.3337,-1.758,-1.0054,5.48,-9.6662,-2.8118,-1.2449,-1.0739,8.2811,-4.718,-4.5866,5.5086,-7.8513,0.2718,0.1062,-3.4889,-0.3885,1.1096,6.4647,1.357,-2.7865,-8.4145,8.4486,0.1508,-5.0481,-1.1676,1.0855,-1.4596,-8.798,3.7404,-2.7438,7.4714,9.6046,-3.5057,-7.903,9.2617,7.7518,-8.272,-8.8231,3.3297,-0.9907,-0.5958,-9.3324,-3.1048,-4.4937,-2.7996,-7.1461,3.5202,5.9412,6.8863,3.5477,-9.4669,4.4601,9.6489,-3.9469,-3.9943,1.2479,-3.2394,-8.6243,1.6612,2.089,-8.2919,3.3489,7.3112,2.8971,-4.7138,-9.9081,-3.2431,-5.1476,-7.7808,-1.3628,-7.9305,0.8269,1.7493,-9.1178,-1.7785,5.6399,-1.6393,8.3062,-0.8542,-9.4361,6.1027,0.505,-5.2369,8.258,-4.793,0.2893,-7.373,-0.015,-2.1191,1.7749,-2.4579,-8.7288,-7.6183,-9.4521,-1.143,-6.6272,8.1433,-9.9693,1.8772,2.9085,4.5736,-3.2177,0.8719,7.506,3.5485,-9.4647,-0.8144,-3.1083,-0.3653,7.6891,6.2795,-3.8147,-2.9112,2.1194,1.8585,6.9628,0.4173,-3.8365,-5.2575,5.7238,-5.6002,8.6894,-3.0015,-9.6973,8.9332,1.8398,5.6001,2.975,4.6762,6.2404,-2.568,-3.2728,5.3435,-5.4495,4.1973,6.43,1.8548,3.7445,-0.5954,-1.057,4.7399,0.8997,9.1227,1.9087,9.279,8.4436
4.768,-0.8139,4.044,7.3466,-4.2193,-9.8848,-6.0503,-6.601,-4.296,-0.1839,9.3607,4.2691,-1.0583,-6.8101,-8.9349,6.213,7.7069,4.0925,5.773,-7.7832,3.9081,-5.5516,5.7424,-4.9886,7.3711,-3.8019,-5.7027,2.8977,7.2982,-6.0986,-7.8973,-4.7482,6.5416,1.119,9.9312,-7.6127,-3.947,-6.9331,3.8394,2.0741,-5.7289,-0.4962,-8.9416,3.2082,1.2114,7.4083,0.352,-6.3953,-7.3469,6.1318,-0.0379,3.2658,0.1877,-4.6328,-6.028,9.048,-3.9,9.6829,0.476,1.5438,-8.9265,3.1024,-4.3068,4.667,1.7139,-4.6836,-4.2291,8.4924,-9.6459,-6.4646,1.6315,4.337,2.7936,-3.9408,4.9664,0.8481,3.9026,-3.1237,-3.9253,-2.6585,6.4491,-6.6417,-0.293,-8.9303,8.6206,8.1848,3.3335,-6.9439,2.5563,-3.7571,-4.6175,-8.3115,2.1174,2.3274,-4.1858,-9.3289,8.4488,-4.8421,1.1503,-4.4509,9.7869,-5.3797,-7.29,-3.9714,5.8842,-2.7895,3.0236,4.4054,4.5822,5.7196,4.2979,-3.0413,2.4139,-0.5466,2.2383,1.3581,7.5894,-8.3578,3.2652,5.6754,-3.8284,-3.5703,3.1204,-9.3694,-4.2414,-3.0154,-4.4247,3.276,-4.1872,-3.5888,-5.8976,-3.3143,7.6869,1.788,1.2992,-2.1951,-6.1552,3.5696,-6.3928,-2.246,3.409,-4.3742,-9.4947,-4.8119,5.9544,-6.5336,-8.3289,-0.2075,-8.0794,-0.7419,-9.9115,7.686,-9.0791,-5.7937,-1.7591,-1.0177,7.1768,-4.7883,1.3976,8.3051,-8.5113,-0.3535,-0.9517,1.2061,9.6545,2.1443,6.1224,-6.6054,9.3731,-5.1884,-1.7113,1.7894,3.0591,2.5706,1.155,-9.8537,-5.3407,-2.2266,2.8289,-2.2542,8.3061,-1.7456,-0.0918,9.9111,-7.8259,-0.0097,-9.2449,0.1437,3.064,0.5137,7.8085,-1.1465,3.3207,3.5216,-7.5886,-7.121,-7.8133,6.3291,0.8331,2.5799
-2.6963,7.1067,-4.3965,6.7518,-1.0729,-7.2131,-9.1238,6.9735,6.5156,3.4254,2.6283,-0.8613,-6.2866,-0.6782,8.3778,3.5038,2.986,3.6966,-9.1489,7.7228,7.3478,-4.1523,-6.5891,0.1567,7.4762,-7.6546,4.6654,-8.703,-5.486,3.1084,1.4463,9.7513,1.2456,-6.7899,0.8661,-0.1687,-7.7745,4.9271,8.5042,7.9204,-3.8932,6.7853,6.552,7.8337,-7.2573,-7.3281,-2.0734,6.7107,-3.6118,-0.5974,-9.381,5.1841,-6.3532,-6.548,-0.9686,2.868,3.1512,5.7629,4.7134,-9.8088,6.9406,2.0277,-4.8591,8.8702,-7.658,-9.2323,5.1322,-7.6939,1.6252,8.4337,-6.9558,-9.5463,-5.3159,-9.3057,5.5506,1.9176,3.0095,-7.1927,-3.5906,1.056,-7.5105,-3.4165,-9.9496,-5.8747,0.0243,1.3051,1.6412,-3.1469,-5.9373,9.9011,-5.6097,1.6875,4.9613,-2.4808,6.3734,-7.1072,-8.3166,0.6268,3.2233,-3.2199,0.9221,6.4381,2.6329,-9.4413,-5.5853,9.8389,-2.6856,-6.4727,-8.7617,4.0567,6.5035,4.3371,-2.8006,-1.9792,1.1783,-5.0261,9.4322,3.1422,9.1475,-4.8206,-0.5845,2.0061,2.7811,2.4374,-8.8533,5.2219,5.0215,-3.895,-0.6061,1.7265,-7.5564,0.7693,-6.5413,5.7735,-8.2817,3.5181,-7.817,5.9437,9.1983,4.292,9.6318,9.9296,-9.8876,4.6174,3.8617,2.4192,-2.8511,-3.6275,-8.3815,4.5595,9.306,-0.7219,3.1008,0.5859,-0.1542,6.9659,3.9916,-8.1641,-2.0933,-7.6714,-8.4599,-3.5907,-5.788,-3.9133,-7.8933,4.403,5.9764,7.1496,-9.9018,4.946,-0.9258,-9.8095,-2.7425,9.2321,-0.7277,4.6863,-7.1212,-3.303,-7.8655,-9.1949,-9.2007,-5.9617,-6.2984,-5.3971,-0.95,4.1233,-4.4547,-1.0841,-7.4045,-5.8929,3.6258,-7.4071,-0.5154,-1.4906,-1.3055,9.2061,1.389,5.4175,3.1055,6.4431
-7.499,4.8973,8.3844,-0.8776,-9.776,2.9168,7.1408,-1.581,-0.3385,3.7447,-6.9248,0.5575,8.1587,4.905,6.8353,-7.1166,6.6963,9.3868,-5.422,-1.0967,5.9729,-8.1372,-1.5872,8.8198,-4.8185,-6.4522,4.121,-5.1885,-3.7155,9.6549,-4.8262,7.2626,5.3842,6.2782,9.0657,-0.4817,-2.3161,-3.9068,6.6594,-1.0354,-4.1342,0.7764,8.9131,3.4929,-8.5161,4.2171,-8.1788,2.7445,5.7322,2.1142,-8.8684,-6.8811,-7.0602,3.905,1.8896,-6.8302,6.6915,-9.7131,5.5707,9.999,-1.8648,-6.6668,4.7983,4.4143,-3.9307,-2.2226,8.0447,3.3201,-5.6245,6.0309,3.9282,4.2732,-7.6263,4.1847,-0.0112,1.2241,2.0128,6.3452,-0.1913,7.4023,-5.182,-6.623,5.4615,-9.0081,-1.8452,3.8044,7.8831,8.4151,-5.8372,-4.7241,8.6971,-8.5487,4.7251,3.3752,1.49,1.3716,5.7059,-2.5805,-4.3674,-3.0751,-2.8276,4.3941,-9.7562,-7.2802,4.301,-1.305,-6.6076,7.0588,6.6292,6.76,-3.0042,8.652,-5.8278,-9.9043,7.8466,-7.9148,-3.5546,5.0569,8.5742,-4.1454,9.4758,2.6699,5.3431,-6.0383,6.4386,-1.0546,-9.8078,-9.0146,-5.6211,5.1122,5.6088,-7.7048,0.7984,0.826,-2.4924,-8.7911,8.5015,-9.5871,-2.3215,8.5257,-3.792,1.5387,8.4133,-8.8486,-1.9888,-6.6269,-1.3761,4.7251,1.7788,-8.6837,-6.8555,6.1434,-1.4946,-2.1568,-5.4915,6.1447,-8.0498,-3.974,-8.9419,4.5182,8.6145,4.5975,0.1526,3.2644,-9.0845,-4.7804,7.1566,5.9681,-7.6651,5.3308,4.2067,-4.4323,-7.407,-3.1975,5.2726,-9.0806,-6.1414,-9.3283,7.9802,-3.6244,0.5403,-7.4228,-9.332,5.7537,-4.2027,-7.2409,2.4777,0.0834,-9.1379,6.789,-3.9952,8.4136,2.9044,4.6644,-8.8118,-2.0083,-7.639,9.6009,-4.0605,-7.3954
-7.7554,1.7753,1.2518,-4.6647,7.965,7.4127,-7.1795,-4.9554,7.1793,-8.5308,-6.2653,-9.5197,1.704,-1.5889,2.0106,7.3618,-3.7016,5.7519,4.5053,-3.4803,5.4581,-1.7553,1.4784,-0.4103,2.1623,5.2422,-4.9943,0.2416,-2.8904,-7.368,-2.9986,-5.4125,3.9,7.9636,1.031,9.9791,7.9851,0.4881,7.2894,-6.2229,2.9231,3.9249,-9.1419,8.0592,9.1574,-8.7686,5.1056,-5.6736,3.4867,-0.6143,-7.813,2.4437,5.8482,-2.1617,-5.1542,9.9003,5.3528,-9.1252,9.2168,6.9872,-8.682,2.6768,-9.3317,7.1951,1.7434,5.5437,6.2689,9.6288,1.4301,-8.9527,0.1233,3.941,-1.1472,8.171,-4.1319,6.5155,-6.3328,6.354,9.7828,-0.2611,-7.3021,8.5931,-4.8395,4.1484,-3.2397,3.8656,-5.7645,-6.5055,7.6274,-7.4178,-5.8744,0.0865,4.8735,-5.4548,-0.4915,1.0663,-1.9875,3.7435,-7.0698,4.5171,8.8913,6.4946,3.312,-0.1462,5.0866,-2.1494,1.8406,-4.1415,9.5535,-0.4535,8.9198,6.0417,4.6371,-9.9924,-9.6051,4.9565,-8.7109,0.6811,-0.2196,5.5442,-2.6253,1.0837,-5.0667,-6.2026,-3.8022,-2.2018,-1.773,-3.3135,-4.4776,1.0174,6.5784,-8.7982,-0.4488,0.6,-3.8973,0.9846,6.0039,-7.235,-4.0873,4.6759,6.1996,4.7313,4.351,0.0444,6.449,-1.4741,0.8258,6.8773,-9.1541,-3.567,8.6778,2.3228,7.2694,0.0413,-5.4012,-6.8671,-0.5945,-7.6929,1.8392,-1.5736,8.3667,-9.9019,-2.4699,5.2774,-2.3396,-4.5714,9.8496,-5.5528,8.3844,-7.3442,2.9247,4.2973,4.0413,2.1062,6.6252,-9.1115,1.2781,-0.8099,-1.6108,3.9768,-1.5823,-1.6275,-2.8804,0.1008,-6.793,-0.5229,7.7389,-1.7727,8.8603,-1.185,1.3854,6.4209,-0.6076,-6.8794,-5.971,7.7687,2.646,-4.8059,-4.2745,-2.8986
-8.3461,0.708,4.7421,5.3875,-0.8129,4.4195,9.8807,6.5029,6.4698,-4.3321,-3.6247,-9.5017,-4.4757,2.2172,-3.8895,1.6678,-3.0066,6.2745,-7.2385,2.0534,9.7409,6.531,-3.409,-3.6461,8.0687,9.912,0.3935,-9.1658,5.6534,-1.0759,-2.7966,-2.4669,2.6967,8.0868,6.3316,-5.8062,-5.2736,-3.7763,-5.8891,-2.3641,-3.7385,8.2017,-0.8741,2.6677,-0.812,-1.9815,9.1403,-6.054,-3.6832,1.9201,5.4044,9.7765,1.9551,9.3827,-3.274,-2.8126,-7.6626,-9.2243,9.6585,-8.4823,5.1728,-9.4784,1.4032,-5.8721,5.9554,-5.2386,-8.8925,4.2282,9.506,9.8027,6.6264,3.6454,5.9748,-0.7898,-5.8547,-8.09,-7.5528,-1.7067,-5.6465,-8.8304,-3.7131,-8.8149,-2.1553,7.2034,4.8693,9.4853,-4.0764,4.0717,6.3694,5.3842,-0.0426,-3.841,-9.4133,-7.9466,-8.6872,-9.6735,3.2936,7.3981,-7.5271,9.6556,-2.4663,2.8236,1.3979,5.3196,-1.933,2.6282,3.6913,-2.0329,7.4953,0.3822,9.6045,1.2981,-6.1426,-9.1463,5.0504,0.2059,1.4308,-7.6473,5.4057,-0.0572,8.8487,5.6786,-5.7478,8.3335,4.8338,9.8023,-4.7366,6.1251,-8.9119,7.7243,5.663,6.2426,2.2173,2.0587,-2.1653,-7.949,-1.2131,-0.0932,-0.8935,1.6869,-4.2988,9.8796,1.8485,-7.4228,1.6045,-4.2729,3.0392,4.6692,9.2322,9.3049,4.8624,-1.6035,5.0578,2.4887,-3.8968,-2.4454,2.8834,-3.6996,4.6819,-4.8835,5.8049,-8.848,7.4979,7.865,5.1443,3.4804,-8.1493,8.9056,7.2658,6.9621,-1.2179,-3.1553,6.3309,-7.1196,7.4431,-4.9792,-2.1247,7.3167,0.4042,-7.8398,-6.4758,-2.133,7.1289,0.3566,6.2045,-0.1137,-8.5015,-5.8475,0.8194,-3.513,9.9099,-1.5581,-0.4105,2.5,-4.3319,6.0616,1.5719,9.5603,8.9411,5.7318
-9.8142,6.1252,-5.0789,8.2109,1.8628,-8.5167,-8.565,-6.1867,9.3276,-5.0483,8.9886,-2.8554,-4.8298,2.7922,-6.0245,-6.9644,-5.9714,-1.5335,9.0116,0.3998,-4.8294,1.0751,2.8034,8.3161,-9.0066,4.4844,0.7208,-5.8888,-7.7857,3.2305,-5.0423,-9.7595,-0.9335,4.6014,-7.8064,6.7671,8.4412,1.0578,-4.505,3.1817,4.8914,-6.3479,4.3142,-7.0062,-7.0078,-3.1858,8.9223,-4.2792,-6.7369,3.0827,-4.4596,-5.157,-1.2322,-1.4317,0.7475,8.9876,6.6835,4.7499,-1.9601,2.9878,-8.8176,-2.9004,-1.3819,-4.4661,7.152,-3.3532,-9.2967,2.1123,6.1412,1.1308,-9.5602,-1.6866,0.7759,4.3553,-5.8011,-5.9455,2.8568,4.2876,2.9576,7.2682,-9.8128,7.1345,3.2965,6.1439,5.1431,-0.8082,5.0407,-9.4685,-0.2157,-6.5469,-3.3286,5.8661,-1.0032,1.3409,5.3379,1.7788,1.5353,-9.8185,-0.5869,6.358,-4.8471,-9.7162,-1.9232,-1.5935,9.657,-6.5464,7.5637,4.0204,9.6131,-6.5584,6.0922,-5.6243,1.1788,0.757,7.6562,-5.043,-8.8874,-3.3239,-0.8167,-9.7033,-9.4938,-9.8312,-7.5535,4.4297,-2.7041,0.5333,-2.7983,-9.3121,-7.8216,-7.8537,-4.6651,3.5038,6.6584,6.3334,1.3257,5.9021,5.5276,6.6087,-8.0998,2.6368,-4.2848,0.3896,6.8005,1.3901,-5.3425,1.4479,-3.7419,-1.6408,-6.6999,-4.9309,-1.0031,5.1534,-3.2933,8.7266,-8.3483,-2.3762,-3.4496,6.4133,7.6694,-2.5698,-6.8502,-9.0015,3.9651,-7.3443,-0.5796,-4.3507,-0.4004,-7.1965,1.8017,-1.3115,4.7421,-1.9771,-8.4417,1.2407,-7.4567,8.545,9.8312,9.7699,0.1622,-7.8402,6.5779,3.2711,-6.7369,-8.1122,-2.6822,3.0284,0.9806,9.7851,-3.7521,3.7038,-3.5733,8.9175,-7.943,-2.3374,1.3626,-3.5961,3.1646,-2.0509,4.5496,-8.8934
0.4661,6.2218,-4.1118,-3.0095,-7.7647,7.0361,2.5094,1.3071,6.7091,-6.089,-0.7959,1.0995,-3.3921,5.0695,8.7921,4.1246,8.2747,-9.127,6.6116,1.1673,-0.5256,8.5786,-5.4157,6.8579,-4.4934,-1.9048,-6.0191,4.7945,0.0952,-5.4474,5.0774,5.5737,-3.8814,-9.5356,-8.9806,0.8831,-4.6935,3.4094,-5.9702,-0.2923,-8.9032,-9.6201,7.7512,3.6906,-1.8019,-1.8501,-6.3765,4.6663,8.0679,1.6932,-8.313,-4.3468,6.5759,-0.8516,5.3623,-7.0173,-3.7966,-2.0675,-6.7084,7.5697,-2.6531,-4.2738,-9.9423,-9.8433,-2.1127,0.9982,1.3964,7.8633,1.9389,0.2506,4.039,1.9772,-7.1563,-3.8124,-9.6644,-3.7346,-3.2851,-9.4368,-6.603,5.1743,5.8053,-5.1545,9.0044,2.7513,-7.2335,-2.8908,-0.5481,-2.5893,6.0301,5.742,1.7134,5.0224,7.895,-0.0879,-0.6441,-8.6656,9.2769,-5.3762,-3.0906,-2.625,-0.749,-6.6581,5.9399,-5.4083,5.4695,-4.5108,8.1775,7.6029,-5.9515,2.7753,-9.7465,4.4597,2.6445,0.1536,-6.195,9.0765,2.4198,-0.125,-8.2646,-6.809,-9.4214,9.1456,-6.6891,8.7357,8.6757,6.9658,-8.6179,4.8263,7.1713,0.9806,8.9712,-1.4895,-6.9289,5.7914,-5.62,2.5259,0.5224,-0.705,-1.9641,-7.2317,-9.8694,-0.652,9.5299,-2.1357,-9.8382,2.4498,-7.3619,3.8052,1.115,6.2545,2.5133,0.2095,-1.6513,-3.3878,-8.49,7.112,6.7465,-1.129,-9.9236,4.0006,-9.1559,-4.8573,-9.3677,6.6811,4.0985,3.4452,-9.2449,-4.9037,9.1948,7.809,0.0906,3.6658,-0.1073,-7.2576,2.3174,8.9045,-8.8741,1.268,7.3462,-1.5376,5.0759,-0.2698,8.959,-2.0676,-2.3322,-5.7356,-7.5336,9.3381,0.6549,-5.5191,-5.1323,7.0866,-6.6231,9.8694,7.0773,-7.3511,8.4909,-7.8185,-2.2244,0.4514
-7.5675,-2.1808,8.2986,-7.2997,8.7085,7.7009,5.396,7.5335,9.9499,-1.6109,-2.6804,7.5199,-2.9479,-8.6385,-0.0506,1.0561,5.0113,-3.246,3.4905,-1.8305,1.1285,2.1345,1.9371,-0.4987,3.53,-9.1939,-6.0639,-5.1786,2.823,5.3112,-3.6168,-2.6392,6.5988,9.6831,-0.7442,-7.3637,4.3012,-4.9277,0.2348,-9.9213,-1.1167,4.097,-4.4942,-8.0659,4.2297,-5.3397,-3.6726,-8.0685,-6.4654,-4.0814,3.0196,5.6601,-7.2998,-9.8992,-9.7495,2.5087,7.0996,0.0449,-2.9208,-4.1667,0.0565,6.5267,-6.0631,-3.6941,-3.933,9.153,9.5226,-5.1129,-0.9456,2.7396,3.0435,-8.4097,-4.4468,-4.8102,-9.4605,-6.3603,-2.9423,-9.8252,0.1994,0.1559,4.4416,-8.5316,-2.4225,-3.9165,-6.2022,-6.6382,1.1104,-2.9608,5.4597,7.6626,-4.1288,-4.6567,0.0541,1.4218,-4.4,8.7573,9.6978,-1.3378,-6.0703,2.911,5.9126,6.5241,-0.4482,-8.0783,0.0919,3.9335,9.0533,-8.5802,-2.4209,1.001,9.2308,-4.4683,8.4104,2.2989,4.8485,4.6593,-1.5733,6.9071,6.9947,-8.8575,9.8091,0.3326,-0.5971,6.6666,7.4943,-6.7765,-7.1704,-7.5157,3.2163,3.4895,5.5244,-5.7619,3.0855,9.7365,0.7314,3.9591,7.1132,4.8295,-5.322,5.6713,-0.6302,7.0259,7.3522,6.0265,-6.1617,-0.468,7.2042,2.4597,1.7399,-2.886,1.3159,-7.4427,-3.1424,-6.5941,5.9291,-9.2491,2.5645,4.8784,-6.1096,-9.3556,5.4948,4.2847,2.3963,-9.6856,1.4014,5.3372,6.0825,3.3482,0.9435,-3.3338,-2.9713,0.5567,-0.5594,-0.6539,2.1194,6.4703,7.3442,-0.5592,9.077,5.1116,1.5485,5.3882,-5.0152,-5.0306,-3.7728,-1.1687,1.9299,-8.2073,-4.058,9.3446,-4.1751,5.9601,3.0937,8.7994,5.574,-7.2649,-0.8861,7.2423,4.5759,-1.2539
8.7359,-6.335,-4.5828,-0.0721,9.3499,0.6317,1.0471,-6.508,-7.9237,3.4893,-2.763,-0.0376,-8.7429,-5.2714,-9.4123,-6.2151,-3.2702,-3.4561,-5.0197,3.6671,9.4319,0.9544,-2.2361,7.9368,1.1663,-9.5441,5.4959,-1.845,-5.9737,-3.2304,5.2438,5.2235,-3.7039,-3.8368,5.3129,1.8139,3.656,7.8585,9.5841,-6.2119,-4.7725,8.4718,3.6976,4.7503,-7.5939,5.7235,8.0412,-9.62,8.7532,0.1257,6.4679,6.0105,-2.3564,7.6428,6.468,-1.2231,-8.5094,-7.6583,-1.0748,-5.6527,-2.2692,1.8078,-2.4832,6.2499,3.3788,2.5205,-2.3575,-9.3361,-4.9382,9.4068,-4.8849,2.6765,-8.902,-7.8635,-4.9704,9.4758,5.44,-1.1867,4.7886,7.8746,-7.1068,3.3103,3.7835,-4.2633,9.8762,2.3058,-0.5047,-9.8783,-9.2028,8.4592,-0.3144,-3.353,-8.545,-8.3871,-0.0396,0.9656,7.1493,3.4848,8.2836,3.5398,1.0294,3.37,-0.7242,8.6272,2.3753,9.2257,-3.7878,-2.7623,6.852,1.0826,-7.9862,3.1106,1.3208,-8.948,-6.9489,7.0676,3.1536,-8.2965,1.7863,5.7321,-1.6353,-9.6534,2.4477,-0.8952,9.8346,-2.9383,5.8087,2.4408,-0.8402,4.0942,-7.4953,-7.6904,5.1826,1.9376,-1.8156,3.6322,-7.7503,-8.6426,7.4745,0.9935,-3.1155,-6.9896,6.7397,2.8131,-6.5387,0.5887,2.7023,0.525,-2.9991,-1.5083,0.8332,9.1188,-5.0551,4.0585,-4.7298,1.2523,-1.5822,-8.746,-8.1453,4.3901,3.5837,-2.5457,-3.8371,9.7085,-2.6524,6.9111,-5.1087,-4.9595,1.7846,-7.2262,-5.5811,9.6075,9.3466,-7.5408,-8.736,7.8735,-0.9736,9.6693,3.444,0.9209,-9.6826,-2.1468,1.7752,4.42,7.5623,2.1247,-3.5565,-7.0824,4.9644,7.3726,-6.7221,-7.8698,5.5557,-8.7727,6.437,4.3463,-1.7129,-5.0619,1.7263,-7.0025
-8.0549,-2.1141,-9.8068,4.2608,-2.0691,-4.1491,-6.8494,-8.365,-4.7742,0.2686,0.7615,-9.9232,2.7781,1.2424,-0.6656,-7.8638,3.9241,-7.4049,-4.3219,-3.0737,9.628,-8.9251,0.1917,-2.3597,-8.8533,9.611,8.5038,-7.6846,-8.7897,3.9253,-3.0346,7.8451,-8.2423,0.5181,-1.6922,6.7608,-4.9244,-5.7943,8.8578,9.4258,-9.4897,-2.5495,1.6239,3.8159,-9.9473,5.4629,0.6798,-3.9786,-6.5678,5.1668,7.8735,-2.5307,-1.2723,4.2145,7.0008,3.6304,-9.8493,-5.0009,-4.5251,-1.9462,8.6388,-1.1702,-5.5549,-4.4912,-6.3793,1.526,-6.1373,5.2353,-0.5471,6.1896,-0.3809,-5.7635,-1.5113,9.4142,-0.6562,6.2134,-6.2759,-6.5318,5.5606,8.0085,0.0883,2.7865,-4.0617,5.4327,4.649,-4.4041,-0.2761,-4.9972,1.5776,-1.1862,-4.8869,5.8939,3.661,8.0886,9.9396,-3.9179,3.7262,-1.9614,-1.3327,9.2314,0.8724,7.8755,-7.2325,2.8149,8.5409,1.3,-4.8327,3.6691,6.8918,8.1806,5.8454,-9.122,2.8602,3.8622,-8.1544,2.5729,2.7021,-8.7953,-7.3489,-3.5248,-0.2965,-9.2321,-0.0387,5.2581,6.1741,6.5619,-7.2499,-3.36,-5.2017,-6.1685,-3.8172,1.229,7.7891,5.1573,-5.6062,8.9228,-4.7372,7.2792,-8.4931,9.3682,2.2496,-3.3235,6.0218,-2.41,-4.8276,0.8057,-5.1836,6.1257,-0.0598,1.4512,1.6083,-4.3179,1.9631,-3.4677,-5.7016,8.7311,-8.6546,1.1964,-3.3692,3.181,4.1575,-3.9215,-9.8927,0.8092,-1.7889,1.2069,4.0604,0.981,-0.8167,-6.2499,2.5015,5.8657,-5.4652,-9.6416,-8.7311,4.1477,0.086,0.089,6.6836,-3.8336,9.3097,7.141,3.9503,4.1512,-4.3236,-2.2601,6.5223,-9.124,9.4131,5.4749,-2.93,9.3838,9.024,7.3886,2.3652,-5.7916,-2.9513,-9.1674,-4.9044,-9.9254
-1.4758,-9.8468,0.7249,-6.8858,-4.0319,-6.6505,4.9563,4.8866,-7.1507,-9.7453,9.3549,-5.9164,7.6199,8.8582,-2.5417,2.3001,-5.8523,9.7229,2.1829,9.2839,2.062,-4.6016,3.6452,1.8195,-5.8758,-0.3117,7.5191,9.5895,-2.2898,8.3869,-9.2026,0.0565,9.5852,7.6305,-0.2448,0.1902,1.3757,-0.5705,-9.9464,-7.2726,9.6681,-6.0751,-4.4569,2.7858,9.3576,-2.5525,-6.8669,4.4509,6.9673,9.6033,6.2993,-9.4837,8.5139,-0.7031,-3.6052,7.1642,-8.5166,1.5998,3.7037,-1.1517,-6.8094,-8.5616,0.4022,3.3783,9.4705,0.026,8.4532,3.729,-8.8503,-2.2342,-3.6208,0.2823,-5.7894,-1.9281,-2.6491,-4.2513,-9.2096,-0.2022,-4.2475,8.7451,-6.7778,-5.2522,9.3726,-0.3236,4.907,3.3685,7.8276,1.1761,9.9202,7.6499,-3.6628,1.4423,9.8271,-8.2293,-5.1785,6.9632,-4.5351,-5.7798,5.0843,9.309,-9.6944,1.4442,5.3499,-0.1584,6.3112,-9.5609,-5.108,1.8498,5.5537,3.6438,3.0209,2.9161,4.0839,9.6485,-3.288,6.0015,5.2161,7.4976,-1.6934,-0.4346,2.0118,-0.6083,8.8024,-6.2552,-0.8998,-1.9927,-6.9817,-0.974,7.5577,6.116,-0.2842,-7.9422,3.986,-1.2421,5.6646,2.5618,-8.8715,-1.3975,9.673,-0.4527,5.5784,1.5046,4.1636,-1.9852,-4.4632,-5.0145,2.3139,6.7647,7.9604,2.3549,3.2749,2.9933,-1.4366,-8.0476,-9.8075,7.9045,0.4119,3.5068,4.6211,7.1571,-7.5775,-6.5993,5.0791,-8.9516,-6.7581,6.4788,-0.9552,-2.5511,-8.267,-8.3508,-0.1688,8.8407,-5.3803,-8.2141,-7.0702,-0.4952,-4.199,0.4655,-1.4303,-0.2725,-5.5829,4.4165,-6.0823,8.0029,-9.6281,-6.3785,1.5177,-9.6529,2.7958,-8.8113,-4.4321,7.3888,4.3923,4.2021,8.9584,-6.8866,3.1224,-8.7818,-1.6556,8.3371
-1.8757,-0.4365,4.6252,-1.0907,-5.6844,-8.8396,9.4936,-8.6853,-3.8321,7.9,-7.0709,-2.0064,-7.9562,9.2833,8.6483,0.4225,-5.2762,6.9628,9.7655,2.2149,-5.8846,4.0965,-2.5764,0.7228,-9.2931,6.574,-3.2027,6.4319,-8.178,-5.9539,1.6179,-6.7024,-9.6387,-5.2743,8.1322,4.8942,6.4198,-5.4323,2.9708,5.4581,-7.2452,1.9792,8.35,9.0226,-0.7585,7.3424,-0.124,-7.7923,3.0448,0.4783,9.648,7.374,2.5979,-0.6939,8.9193,-5.2387,5.8142,1.0233,-9.7326,8.3104,6.0163,-2.6177,8.4901,-3.8121,3.3437,-5.7515,-9.3441,-8.4678,5.9061,-8.1189,-2.0772,-3.4252,-3.7125,-1.8126,-8.7287,7.2556,0.6213,-4.8715,7.5359,0.4101,-1.8535,6.039,-4.3303,8.6896,-9.3547,-7.9259,0.5627,5.874,-7.2481,5.9384,9.8678,-7.4055,-7.7389,2.2634,-9.5987,5.7025,-5.4246,-7.9749,-4.1921,3.654,9.0579,7.3512,-4.7958,7.6723,5.8057,8.0865,-4.248,2.8862,1.2891,-7.2332,5.6769,-2.8518,-5.9153,-2.8969,-4.7591,-6.1203,-4.5593,4.9024,-4.0982,-4.7046,7.5272,6.6256,-3.9491,-8.6048,-9.4638,-6.1863,-1.7774,-1.1764,-3.3512,3.4432,-9.1726,-5.3078,-9.9778,9.2991,-4.4461,2.3948,3.487,-4.1282,-6.2137,-7.1702,6.4155,8.0214,-6.3769,-7.923,0.1787,-2.6036,6.9645,-1.999,5.6006,-8.7026,3.3814,-4.133,-6.1237,9.6168,7.3771,-9.8366,-7.0729,-2.0547,-9.173,-2.0148,4.1231,-2.5077,-2.73,9.3973,7.7239,-5.9946,-5.8196,5.871,4.8814,2.2841,-1.7739,-0.6957,0.2769,-5.4305,-4.9024,9.1391,1.0065,1.2294,-7.3688,5.9896,-3.3717,6.4324,9.9335,5.3516,8.1247,0.492,5.8666,9.0753,7.3381,6.9918,-1.1952,0.1799,3.7488,-9.2105,4.4013,-7.9999,-4.3058,1.9904,5.5382,5.8476
-8.9469,-2.8927,-0.1584,1.5747,6.9104,-2.0271,-1.9258,-7.8983,9.3303,-7.8663,-2.9443,6.8157,-5.7404,9.1509,7.831,8.1023,9.918,-3.5021,-8.0554,-9.9434,-4.4516,-3.6452,7.4977,2.8636,-4.9331,-9.7184,-4.6632,-3.1691,6.9953,-6.1031,-3.4463,-8.5975,8.5906,-9.6093,4.7495,7.1322,-7.9181,6.065,-8.9913,9.1438,3.1563,1.0613,6.1471,-5.556,-2.1408,-4.3443,-4.8471,0.6577,9.9753,2.3272,5.3928,-7.3835,6.4727,1.2717,-5.1219,1.1887,5.7969,-5.9132,1.6702,8.9866,2.0636,9.7336,-7.8554,-9.0092,-7.025,4.9319,9.5617,7.6107,-3.6702,-2.8618,-3.4336,-7.719,-2.2634,-2.4995,-6.5131,-1.4296,1.9353,-5.0859,-8.8853,0.7728,3.429,-0.3929,1.8448,-9.1172,2.5778,-2.707,0.8191,-2.4626,-1.2864,0.7199,-1.0316,2.3144,-5.2562,-4.6069,6.3275,-6.241,7.6352,0.2335,7.6236,9.0821,-4.6421,-7.9928,-6.0299,-7.2031,7.6033,-7.0567,1.7871,-7.5921,-2.146,-3.895,0.5902,-6.9651,5.5845,-4.7648,-3.9159,1.4682,-7.0287,6.1734,3.6181,-7.5418,6.9301,4.6997,-0.4349,-0.8138,-5.7597,-4.3009,-3.6196,3.8103,6.7736,3.7534,1.0139,3.6721,2.8816,4.5913,9.0753,-0.6475,3.7263,0.2678,-0.6289,2.5566,4.9762,-2.1313,3.2413,6.9673,-2.0922,4.9273,-4.2616,9.2162,-5.315,-7.1117,0.8685,-6.1291,7.9214,9.208,-0.3242,-2.6036,-8.8622,4.3381,2.3489,-8.7092,2.8801,-8.1778,9.0078,-9.9843,-7.3939,1.5499,2.7896,-5.4287,-9.4173,2.1086,-6.1179,-8.882,-4.8171,-4.6296,-0.6411,9.425,-5.8218,3.0056,0.7608,-3.6753,-7.7983,9.5694,2.5819,-3.1885,2.3646,6.3273,1.4496,1.2582,-9.8454,-9.857,1.2267,-2.0649,-0.8744,9.4853,-6.3753,-9.8133,-0.9686,7.3614,0.1508,7.5917
-3.078,-7.3999,0.6878,-4.8513,-1.6667,1.6919,3.7129,-2.2567,5.5906,7.3995,2.0586,-8.6071,5.7549,-9.5615,5.3905,-3.1372,-3.725,-5.2049,-3.3995,-3.161,-7.9584,9.4423,-1.4228,-5.163,8.649,1.0308,4.9321,8.2215,0.4564,7.8881,-8.5008,9.4096,-4.5745,5.2551,6.3941,-8.255,-4.5549,0.3008,8.0334,-6.6104,6.392,9.1102,8.5091,-4.9034,-9.8854,6.4046,-4.0292,0.9519,-1.2782,4.5364,2.8834,-4.7055,9.725,-3.2451,8.0926,-8.5265,-1.7721,6.3042,-1.2786,-2.5849,6.2054,-9.7568,3.0752,-0.9784,6.4264,3.496,5.0702,8.5644,-8.5427,3.9796,-0.1452,-6.099,0.2415,0.3573,2.8613,3.1297,7.8385,-6.9564,0.9118,7.0361,-7.3275,7.986,6.9121,3.4532,-5.2959,9.2331,0.0662,-1.1548,-8.0773,-6.7341,-8.4928,0.0583,2.9442,-7.6739,-4.6544,7.2054,-6.7251,8.7968,-1.4931,4.1132,-1.5597,6.4513,-1.7036,2.9223,-0.1823,-7.5969,3.0025,4.6532,8.5465,1.5644,-6.2106,6.1515,3.9224,2.9783,-5.0539,1.664,5.8423,2.2223,-6.7757,0.8998,7.4017,-4.2621,9.1119,-1.8477,6.4656,1.8901,-4.8174,4.3376,-0.5732,3.5726,-1.7416,-9.7858,8.5584,-5.8661,-0.2985,-5.9724,-1.0096,2.475,2.0945,4.6834,-5.4189,4.6517,7.0606,-2.6469,-9.5078,1.6465,0.1419,1.7393,-9.9706,5.7885,9.1985,-9.4736,-3.5847,-6.4558,8.3091,-0.7563,4.9929,8.5085,-4.0125,8.9121,4.3709,-3.835,0.5317,-7.6767,-7.8264,-3.8684,-4.0706,-6.9005,-3.4536,-8.7606,-3.3553,1.1219,-0.9846,6.7431,5.7427,-4.564,-9.4748,7.8954,5.3401,4.8527,7.7629,-0.2489,-9.031,-3.176,-3.8102,-2.2879,0.4155,-2.3885,-9.2634,2.6825,-1.3414,-0.2711,-1.3287,-7.0873,7.071,2.336,4.7403,-5.7481,-3.3842,-3.8832
-6.2829,7.6747,-7.544,8.459,-0.7042,-3.9085,-5.9222,-0.7895,1.3193,-4.411,9.3482,0.7178,5.7202,8.9242,-2.7318,-9.9411,4.0549,-0.7461,2.0216,-7.419,-5.9273,-7.2935,-3.5387,-6.3571,-8.5644,2.3452,-0.0826,5.6406,8.2999,9.1642,-8.5593,-2.5263,1.7295,8.8799,-3.8422,-4.871,-9.1263,8.9811,-9.143,-7.143,0.1339,1.9208,-0.0586,4.684,6.9706,-5.7309,2.2655,-1.9472,-6.0541,-8.9644,-8.2019,3.7322,-8.5426,-9.5749,-5.0222,9.0635,-3.4223,9.1173,-5.1744,-1.6819,3.0386,-7.3337,5.2443,-0.1984,-8.6244,6.2664,2.0429,4.5017,4.9353,-9.1389,7.2138,6.2929,-0.5865,-1.9071,-1.0797,2.0398,-7.2221,-2.8372,4.7726,-2.4315,1.172,-6.1318,-4.0915,-4.3832,2.2536,-9.6162,3.5414,-6.3542,-2.8363,5.7293,-1.0808,-5.6939,6.5018,2.2061,-6.5738,-7.6476,-5.8314,-0.3463,2.1867,-4.9794,-2.8429,-4.9169,-4.8637,6.4444,-4.4772,-4.8475,-9.8068,9.2255,8.4778,-4.1178,-0.3087,-4.5231,6.3294,-9.4545,2.5584,3.7128,4.6431,1.4942,-7.9184,1.8557,-1.3937,5.7272,-9.5088,7.3163,-1.4292,0.4349,-6.2924,9.0756,-7.8786,6.5461,9.7776,9.546,-7.2539,-8.2385,-4.8926,-9.6207,-9.1617,-9.4439,-4.8348,-8.0571,-8.7589,-4.7586,9.3365,-8.4598,1.2744,-3.988,-5.4646,-6.7837,9.6764,-4.0054,3.5067,-6.5767,-1.5711,3.6734,3.42,0.7841,-5.8618,9.0453,-7.2479,4.6145,-7.1503,-6.4012,-0.1929,-2.3969,6.3085,3.3396,-6.808,-8.1945,0.468,-1.315,0.6228,-3.9945,3.3508,-4.0821,-7.193,-6.8354,-8.6883,4.4735,6.8901,-0.1891,-7.5305,8.1469,-9.665,8.2783,2.913,8.1583,-6.5305,5.3985,-3.5018,-4.0592,5.9232,5.0601,6.6886,6.1913,7.1063,1.2411,2.5157,-6.4019,0.3302,5.2062
8.5459,8.52,-5.7227,2.5319,2.1077,-3.893,6.6019,5.2732,-7.6285,-5.5056,-0.4555,-5.7727,9.3342,0.7754,9.4843,-5.2706,1.9949,4.3217,6.1969,6.0742,-5.4629,-1.8238,6.3621,-7.3894,4.9056,-8.0486,-0.394,-9.9618,-0.191,-3.7418,0.0357,0.9752,2.8818,-0.7052,1.9203,-8.7492,-4.9957,-9.3374,-3.7046,-2.9079,-4.4931,-6.5412,0.2949,7.1688,-2.5275,4.7756,6.9081,-6.5418,8.302,-4.1717,8.8367,-6.6888,0.8004,-6.588,1.9024,0.3517,4.4378,1.1482,3.3407,9.1131,5.4915,1.9658,8.1596,5.6671,-6.4644,3.6479,7.1196,-7.1716,7.662,4.0,8.5615,8.351,-2.7325,-9.1613,6.466,-6.6676,8.0146,-1.5799,5.2267,-4.0202,0.1131,0.1293,-9.7324,4.9022,3.6691,6.595,5.2302,5.6747,0.4289,6.7638,6.9553,4.8406,6.0485,-7.5687,-4.1583,8.952,-9.4794,-1.7521,-5.9257,-2.0835,-0.0111,5.2072,-5.9018,-2.5815,8.7247,1.8523,-1.3469,-3.0167,1.7921,3.2461,-0.0645,-4.3118,-6.0409,2.3869,-0.1046,0.7678,2.6003,5.7742,0.0806,-3.7853,7.5377,-3.4752,5.8642,7.6203,-9.9999,8.5163,1.8821,-4.5166,4.9771,2.487,0.8994,9.7389,6.7892,-7.1048,4.7184,2.2415,7.2064,-8.6958,8.4702,8.8812,1.871,4.0769,8.6597,7.6242,2.3196,-8.5082,-3.5852,8.8307,8.5742,-1.6259,8.6214,9.976,4.7142,8.1255,-0.6764,-7.351,7.1435,6.9435,-9.231,-9.4061,2.551,4.3152,-3.1957,-7.6041,2.1764,-0.1726,-2.547,0.248,2.0136,7.7959,2.516,-2.2196,9.2911,-4.2736,0.6523,4.7209,2.2613,2.585,-0.789,-9.5005,0.2555,-0.1302,-8.8679,-1.5954,0.6444,9.4332,1.2509,-7.4817,2.4912,-2.1561,6.3056,-1.6082,-3.4611,-6.5232,8.0706,9.3764,8.8733,-6.7555,-8.4083,-6.9743
7.4169,-1.4602,-5.0018,-1.19,7.6677,-1.4842,-5.4977,-1.0105,4.4277,4.3366,9.1698,-7.2406,-3.8142,-8.6838,-8.6319,8.0927,2.9589,9.1051,-0.2933,-9.7186,4.9674,0.6392,8.9365,-1.2423,8.099,2.3403,-4.5483,4.2135,3.6464,5.5382,0.6325,7.1221,9.0342,-4.4977,6.9043,9.2497,-4.4771,4.1954,7.1272,0.2962,-6.0887,7.8342,1.1752,-7.1895,3.9545,-5.7712,-9.2581,9.8169,-6.7819,-4.6667,9.1245,-2.3797,0.8461,-0.327,-5.2216,0.6397,-9.1436,3.7306,0.1508,-2.4708,0.3343,1.2815,-8.3929,-1.169,-1.6306,7.8934,-7.3903,-7.0342,6.2907,6.2322,4.3564,4.061,-8.9965,-4.187,6.3072,6.5388,0.0686,-2.6869,-9.1257,7.3994,9.4109,-1.273,-2.5876,-6.6652,8.7679,-5.5574,-3.566,-0.3392,-9.5425,7.7551,-7.1782,5.0845,0.6353,-6.4453,6.4955,6.0639,4.8738,0.0952,-0.0508,-9.378,2.8132,-0.9689,-7.3956,-2.712,-0.6275,-2.9728,-7.7482,-5.0523,1.3717,-2.9037,3.7735,-5.3519,7.3984,1.8248,-1.4185,-5.7061,-1.8989,1.5149,-4.2627,-6.2168,9.3503,-3.9161,-5.8648,-0.0818,-4.3834,4.3084,4.1361,5.2821,0.555,4.2863,-8.174,0.626,6.6514,-0.7419,-2.9681,3.6848,-2.5069,-8.8392,-9.8494,2.8006,-5.5092,7.633,0.2716,4.0301,-3.6922,5.725,-2.7268,-5.8722,7.1768,0.6657,-4.9183,-1.2042,7.035,-6.254,3.8283,-7.288,-1.8358,-3.0901,-1.8622,-8.2036,0.496,5.1265,-7.9707,-4.3631,9.832,7.9411,-3.0841,-4.7427,-7.2845,-4.8999,-3.2657,-4.3582,-6.5976,2.984,-9.2365,-2.4752,2.2866,-7.289,0.0969,8.0527,-0.978,-3.7453,0.0541,3.5723,-6.3595,-9.3359,-6.899,8.0684,6.5532,-7.811,-0.3993,-8.9219,7.3516,-2.4701,2.7079,-2.4348,0.5623,8.7266,-5.5193,2.598
4.6902,-6.1684,1.6415,-4.3166,-5.3595,1.6004,2.3146,-5.8727,1.8423,-9.5582,9.9164,-0.0481,9.1762,-0.1398,4.1253,7.1033,-4.4427,-7.803,-3.0648,3.6929,8.5295,1.8593,-0.7452,5.9891,-1.6157,0.955,5.635,-5.8607,-6.5177,-0.3924,2.1538,4.7797,7.9249,-8.0912,3.9524,1.7261,-8.5124,8.9405,-8.7699,5.324,3.6547,1.6741,0.4983,-2.4042,-1.7307,-3.8552,5.3894,6.0742,8.3369,-7.9813,-5.6713,4.0039,-2.7096,-2.9326,1.6411,1.2506,-4.6593,-8.1542,7.9616,6.1023,-2.6115,-9.646,-3.4369,1.7203,-0.1137,-9.5381,-1.9182,4.4082,2.7125,-3.8913,-8.706,-3.5572,-3.7722,5.0523,2.2607,-0.0518,5.0063,-4.6864,-6.6653,-2.2098,-8.1571,9.481,-1.4198,3.4499,-0.2058,8.7274,-6.3058,-6.9602,-3.6179,-9.6785,5.3206,-1.5831,-4.102,-1.6469,9.8662,7.5125,-7.7625,-6.2346,0.3353,-2.1534,-5.5073,-2.6609,9.5111,-3.7599,8.2764,-4.3087,1.8572,6.3421,-4.7447,-6.3395,6.2489,8.0174,-4.1492,-0.8761,-2.0792,-4.3254,-1.6012,-1.0038,8.6875,3.9597,8.7911,-3.3815,-0.908,9.4033,-8.7898,6.8036,6.2989,9.5033,-8.3305,7.2698,9.9326,-2.1825,-2.682,-0.2524,-1.9228,1.3806,2.2413,2.9225,-5.6183,-5.8343,-8.3558,6.4897,6.3965,2.8911,2.063,5.3676,2.1768,3.1652,-1.1438,7.7559,2.2178,0.0904,8.1999,-4.3857,-0.3998,-2.8912,9.3727,-1.7335,4.3901,1.9561,-5.4048,-2.8176,7.0142,-7.1097,2.6803,-4.5655,0.4697,-6.3992,4.8413,-1.2078,-0.0421,-4.9597,9.2803,8.4694,8.9295,-4.8842,5.8583,-7.2797,-4.8749,1.4897,6.2504,1.908,8.8318,-1.8227,-8.8625,2.3092,-1.6325,9.5661,4.0529,-0.2207,8.0551,1.4171,2.8141,3.3813,-0.6568,6.2745,4.1053,4.2272,-1.1273,7.875
4.633,0.1799,-2.3463,-7.9245,9.45,7.5456,-0.7879,-2.0444,-7.5642,4.3706,4.164,-8.9766,5.8199,-3.028,-9.892,8.9475,-3.8605,-6.649,-4.0496,9.8288,-6.3249,3.442,3.9693,9.0144,-3.7444,8.5453,-4.4448,9.5625,4.1593,-1.7118,-5.2571,7.4361,-7.4709,-7.6172,6.4601,7.8579,-3.2347,4.9393,-6.8266,1.5094,-7.5694,2.9502,8.0314,-5.1839,4.2885,-5.1172,4.5739,-2.7075,-8.6417,-1.23,-7.9253,-4.2664,-9.3581,6.1163,4.2246,5.1413,3.9948,7.957,6.96,-4.8827,2.6041,-9.5591,-2.8686,-9.1573,-6.9061,-9.7773,-9.6208,6.5318,1.0585,0.6234,8.8426,-7.9424,9.8538,5.2013,8.4116,-9.4302,-4.7919,7.6804,-7.456,8.5072,-2.1593,7.5551,-6.802,-3.8985,6.7173,1.2674,-6.0838,8.7142,6.6355,-1.5457,7.6129,-9.8864,-1.6002,-7.1489,-2.1767,6.068,9.2058,-7.3322,1.0614,-6.0969,-4.0861,6.0994,9.6975,1.3001,7.1492,4.1357,-2.8501,-3.0866,-8.6738,1.5479,-9.8737,8.3806,4.0842,0.9408,2.31,-4.5781,-6.6671,3.5111,-3.0491,9.9746,-3.5567,2.7058,-6.5563,4.4484,3.2194,-5.307,-9.8632,6.7186,3.288,-6.6043,9.8054,7.8079,6.1851,-8.2495,-7.6861,-2.1732,9.3619,8.7535,-7.2845,-0.7603,-9.8654,-8.3438,4.1533,-4.5332,3.9356,-6.4668,-7.8381,1.0215,5.7481,-3.2279,-0.1364,-6.0387,-3.5281,3.8523,7.8801,9.2926,-4.2911,-9.3573,4.7572,5.2665,3.6705,5.8067,-0.3843,3.7682,6.3813,1.6651,0.2667,-1.1074,-8.619,-7.3029,6.9467,-6.7863,1.8747,-7.7431,-8.2925,7.3698,-3.1257,-9.8246,-0.2135,0.285,1.4666,-4.0209,-2.0354,9.1768,5.0583,-1.1045,-1.73,-2.8849,1.0448,-4.0383,-8.8636,6.1298,-6.3495,-7.6138,-0.9711,-7.8111,0.9496,7.3434,-4.2697,-4.2566
8.9538,2.5459,0.8474,0.4383,4.3879,6.2077,4.3764,5.0377,-0.9218,3.6542,-8.0107,0.0926,-3.8069,-7.5479,-9.9482,7.7442,6.3784,-1.7108,3.981,3.2416,2.0148,5.2773,-0.0407,-2.1796,6.7213,5.2024,-6.8036,2.2402,-9.3712,3.1084,7.9863,4.8463,1.9831,9.5907,-6.0872,7.4593,-5.3287,8.6823,-3.1005,-4.3067,-3.5641,7.7673,-4.7197,9.8314,7.5159,-1.2824,-1.5829,-6.1253,7.5927,-4.1035,5.2723,-9.8143,-6.4747,-4.4772,4.4515,9.3538,6.3775,-6.4258,-6.5874,-3.4442,6.1623,9.487,6.2831,-1.4188,0.8263,3.4907,7.8807,5.0557,-4.4375,2.2928,-8.9137,6.2043,4.5989,-5.5119,3.0901,-1.6446,-6.2437,-2.4035,8.3257,-5.2628,0.0094,0.92,-7.829,-9.8835,8.657,-0.3849,0.9734,6.017,2.2366,-6.1147,7.4989,-4.0259,-4.1367,1.8713,1.8355,2.623,-4.9399,9.9105,-1.2394,4.5033,-2.8296,-6.7735,-8.0973,9.5969,0.3026,5.9206,-9.7609,2.6259,5.2613,-7.086,1.7707,-6.0776,0.4704,-1.905,5.8961,-7.2008,-1.7447,-3.072,-8.0015,5.6515,9.9267,-0.7951,-9.8078,-7.3952,-0.8223,-8.9367,7.7056,-1.3359,-2.5565,4.2901,7.8177,1.167,-0.0736,6.7276,3.7776,4.0794,-0.9847,6.7234,0.2324,-1.7489,-3.0529,8.6961,9.6842,4.5358,5.5879,8.5418,-9.7362,2.6606,5.3413,-6.0266,5.3998,3.1111,-1.2751,-6.4897,-7.5183,-4.0968,7.6201,3.6553,-5.7555,3.007,-0.2362,8.3332,-8.3173,-1.192,6.6164,9.9858,2.932,-4.2889,3.6506,2.7091,-7.4382,-5.5645,2.2435,-4.1986,6.4355,-1.9336,-6.344,2.3486,9.5554,-0.7068,-6.6099,5.3971,-3.5109,-2.452,-3.0603,-2.2132,0.7641,-7.4016,1.154,-5.6137,-1.2958,4.8109,-9.2828,-7.5821,-0.6638,-0.686,-5.6702,1.8978,-7.414,-9.1196
8.449,-6.0493,-0.7842,4.7516,-3.0656,-4.3014,0.9419,-3.8811,-0.0511,-8.6014,-2.1336,9.9784,-2.6161,-1.789,-0.7394,-9.5603,-2.8148,8.8085,-2.9525,-6.7805,3.9397,-3.4067,4.6929,-0.5755,9.7629,-2.2452,8.5011,-7.2769,-4.1591,5.4624,-4.5605,7.9787,-1.0536,-5.8118,5.0286,8.0575,4.6318,6.7697,3.1914,0.9538,9.8329,5.6893,0.7322,-2.9839,-6.1012,-7.078,-3.5721,-8.9451,1.431,1.6298,2.1581,4.6332,-3.1338,-4.7813,4.7353,-6.5037,-4.3879,7.7154,-8.8903,-8.4617,-9.3227,0.1062,6.6915,-2.8762,5.2825,5.6185,-7.0864,-2.2032,0.2502,-9.415,4.9894,-0.3273,7.3797,4.4815,1.3886,9.4657,-4.5884,-6.6012,-1.9281,5.9258,4.7322,-4.2936,-4.9904,-6.747,-8.5128,4.9655,-7.9121,-8.9307,-7.2852,-7.5309,4.9113,2.0623,-3.5432,4.5624,7.8556,2.9762,-9.592,3.6413,7.8552,8.1208,5.2126,-0.4022,0.7236,2.6089,-5.5155,-6.5065,0.1842,-0.6299,-4.3994,-3.9814,6.0099,-6.8073,-1.4318,-1.5345,2.1716,-0.1204,-2.3229,-9.0841,-1.1491,3.2533,4.9747,8.0207,3.1684,0.8849,2.0884,-0.0882,-9.9017,-2.2528,9.8224,1.298,-9.3684,6.6709,1.4714,-7.8543,1.95,9.7681,1.7078,3.0793,-9.3274,3.448,2.363,-8.1171,-2.9045,-5.702,6.7556,3.4893,3.1654,2.0056,3.8063,-5.5081,-4.1455,-3.9467,-3.6141,3.7747,-2.4448,-0.2419,1.9519,-0.0515,2.7785,-7.4774,-5.6487,-3.6567,-8.4351,1.5863,-3.3317,3.8134,3.5242,-6.1095,2.925,9.8428,1.0332,3.8013,0.1284,4.8797,0.6301,9.3072,3.4039,-5.9119,-4.2126,-8.4209,-5.7552,1.3293,9.9851,-9.6779,5.9171,4.5846,4.4868,-1.1747,3.8127,-1.5971,-2.2233,-1.1938,-6.8843,2.6685,1.8554,-8.7875,-6.6992,6.9254,2.1529,0.9884
-1.6619,-8.5945,-5.3059,-5.4649,5.2852,-7.2085,-3.7436,2.469,-9.8262,5.671,6.2173,-5.2619,3.2471,-2.1021,-7.6223,-5.4436,-3.0069,6.9362,3.8983,2.5164,9.2779,-3.3469,-7.981,-7.5551,5.1092,1.5871,6.7664,7.8488,7.4616,0.5028,2.9946,8.0803,-4.4007,0.2562,5.4053,-7.9996,-1.6002,2.83,-8.4834,-1.2123,0.4617,-3.8106,-8.8136,1.2758,7.9777,7.1532,-8.7104,-5.0037,1.9589,8.9969,7.4862,-4.1103,-8.9702,9.0925,-4.3083,-2.4148,0.1267,5.8251,0.7592,-0.7157,-8.4033,8.5468,1.0505,-8.9353,-1.304,-3.1804,-5.1235,8.9229,-4.973,7.7388,-5.6083,2.5006,-3.8783,-3.279,3.8625,-0.2562,-6.4503,-6.1239,3.8742,-8.6725,5.201,2.874,-8.1589,3.5628,3.0333,0.3663,3.7288,-1.8896,8.1951,3.068,-8.601,-5.7052,-4.9483,6.7385,3.1169,6.4532,-2.2419,-5.4697,-4.0786,-0.0723,4.3607,4.6835,6.9604,-8.9608,-1.3955,1.2483,4.6193,6.5648,-1.9153,6.4188,-0.9909,-7.0099,8.2495,-3.9163,7.021,-2.8386,5.3435,-0.1127,-8.8377,5.6488,8.606,3.9484,8.5687,0.8588,-1.8233,8.4226,3.5447,-2.2542,4.5919,6.6303,5.7447,9.8757,8.3062,-4.0101,-2.3007,4.0098,4.6961,-4.4505,5.5459,2.8794,-0.2906,2.4507,-1.6376,7.9119,-2.0956,6.998,3.2769,9.5081,5.3276,2.6792,-4.7427,4.085,-2.8418,9.6024,-0.7781,-4.7855,-6.1397,-5.3523,0.7412,4.9403,5.6152,-1.0778,-1.7523,-1.9056,-1.1921,4.5823,5.1037,-0.2262,-0.3184,-1.0475,3.0426,9.9136,-8.4129,-3.6825,6.5242,5.0407,2.7799,-0.7496,1.3627,-6.5594,-5.9613,8.1849,2.118,-8.5537,-4.0952,-2.7225,9.7593,-0.3968,-0.7585,-5.195,-5.2636,-2.6434,-0.1032,4.0377,8.3372,9.5616,6.6574,-7.0546,-7.7299,-8.3101
-5.5599,7.2923,4.5132,8.7724,7.7193,3.7177,-7.0711,-4.8366,2.1427,-6.6327,-3.1249,4.0688,9.4727,3.3532,-8.585,3.7856,-3.2156,-7.3839,-8.1277,-9.5192,5.4654,5.4759,-2.8632,-8.7636,0.3928,-3.3335,-7.2953,-8.2786,-9.8705,-6.8317,0.6176,-6.3661,9.9642,-8.6594,4.5611,-8.825,-9.8666,-8.5129,2.1309,5.0809,-5.9278,6.0188,2.1643,-7.0883,7.5866,-6.6065,-0.3629,8.001,0.9946,-0.091,-8.7758,7.855,8.6644,0.9248,-7.3835,-4.7102,-6.7377,3.9927,9.474,-3.9099,0.4748,-0.7779,-7.4546,-8.9234,7.5201,9.3616,-1.7884,0.7452,-2.3804,-1.7902,-4.6515,5.9675,4.6366,-7.3072,-0.1189,-1.1489,-5.6228,-7.7709,5.3803,-9.0393,-5.224,-2.5802,-2.9801,5.9477,4.7966,7.1866,-7.4551,8.9186,-1.9311,-2.23,-1.6647,5.2702,-2.9124,1.7961,-7.9999,3.8389,1.885,-5.2936,2.19,0.2307,9.4174,2.0145,-9.237,6.829,6.9654,9.1068,5.1838,-7.5392,-3.2336,0.0239,-4.7408,-0.683,4.5972,-6.5677,1.9451,-6.9224,6.7134,-7.1639,4.6554,-9.7526,-9.1259,-7.4803,6.4819,-9.4755,3.6061,6.1053,-2.069,-3.5597,1.9281,-9.7399,-5.2242,-0.5043,9.8665,-8.3357,-4.6501,4.8465,-9.3714,9.9219,2.9716,0.9067,-0.1663,-6.3919,-8.2087,1.7775,-3.0456,-6.5891,6.0624,-7.333,0.6949,0.3387,-2.337,9.7962,7.3274,5.6983,-3.5054,7.2863,-7.5268,-0.374,4.7592,-2.7931,2.1389,1.8522,1.3046,-8.7337,-2.1073,-4.7334,-5.5444,2.7566,-3.9555,9.593,-7.2622,5.4848,1.0366,0.784,-8.6886,-4.1945,6.732,-9.1655,5.2055,-9.1738,-5.8573,3.9939,0.8254,4.7369,-5.9173,-8.7498,6.5514,-3.8664,-5.2328,-4.4389,-5.7576,8.4714,-2.9112,1.1178,8.0152,3.6228,4.3357,-8.0635,-5.441,3.5016
-8.9564,-9.5186,4.8636,4.4733,-1.2296,4.1639,-5.7378,-6.5129,5.2499,-9.2763,-4.9208,0.3886,-9.8423,3.9851,-2.0175,-5.9164,8.4474,-6.3347,9.7413,-2.1831,5.8298,-9.0712,0.838,5.3383,-3.9346,5.9683,0.4183,2.1378,-0.2286,9.2004,2.5078,-2.3772,-9.7671,6.7635,-3.5204,-9.7005,4.2406,2.4974,-0.0882,3.421,-9.1647,-4.1725,0.8289,7.7705,-3.0614,-9.0785,7.8815,-2.7131,1.2657,-0.4916,5.8791,0.7723,8.5259,7.9819,1.7853,-1.0563,1.3988,5.548,3.1768,2.6976,1.4837,1.4586,1.682,-1.8173,-6.3164,-8.9512,-6.1147,1.5945,-2.7433,5.5912,-2.7048,-8.8178,-5.3294,4.8387,-4.9837,-1.2803,0.8441,2.7399,0.4368,-0.1936,7.5121,9.2937,4.47,-2.82,-7.2999,-1.7972,-3.057,-9.2272,-3.1059,9.3749,8.9771,2.1019,3.116,-4.128,5.8107,-8.1729,-0.6749,1.7395,-3.7251,1.5052,4.8889,-3.3019,-9.7085,7.4717,-1.2687,-9.0432,-8.9508,1.2777,9.6434,2.5931,1.662,7.0482,-5.425,1.1079,6.9713,3.4302,3.2129,4.3419,-3.83,-9.5551,-1.2103,6.6348,4.3124,9.8675,9.7375,-5.2557,-9.3699,1.554,9.6503,-6.7391,-2.7381,-8.417,-6.7364,-8.4293,-4.1815,-5.7663,4.7812,4.3238,-8.464,-0.5085,-6.9937,-8.8497,-7.2924,-4.6044,4.484,-3.9529,-7.4031,-9.5245,2.9466,7.1509,1.893,-0.164,-5.5782,3.9962,3.9093,3.3523,6.3517,-5.965,6.8087,-8.4133,-8.8141,-5.6859,-3.2253,-4.2338,2.0588,3.7467,5.2697,-8.5463,5.8191,3.6728,7.2403,-0.1341,-1.9575,-1.68,5.2759,5.7093,-7.3638,4.4182,0.8834,-3.473,8.6442,-8.938,-0.9652,7.6347,4.4738,-2.3894,9.1913,-5.0774,-8.114,-2.1744,-0.0302,6.5029,-2.9722,2.2799,-0.2012,-3.2205,-5.9732,-3.6659,-6.4887,7.5785
-6.0914,-3.3124,3.6565,-8.9201,-5.5712,5.1103,-4.2415,-5.2844,-5.9757,1.0365,-1.3973,-8.7957,4.9694,8.7,0.1035,-8.1077,3.8137,8.8814,9.4085,-6.9836,7.984,5.1713,1.4111,-6.5644,1.7391,5.4946,-4.7629,5.6869,-1.0795,-1.9518,-5.9663,-3.7427,-4.2096,8.364,-7.8459,-3.3821,7.7218,4.1212,4.9279,-8.697,-8.3268,1.1061,2.3732,-3.5259,-5.9595,0.7123,2.775,1.5725,7.9309,7.8474,5.047,4.3544,-0.8907,6.7037,-7.4206,8.5616,5.2124,6.656,-9.9689,8.3426,3.2187,-0.9691,4.3768,1.7604,-2.4064,-7.5393,0.4516,-0.8309,-7.7197,-9.2,-8.1332,2.4902,-6.6334,6.6736,7.1685,3.9242,6.1685,-7.8162,-4.6509,-3.7323,2.6848,-3.4558,5.9663,-2.9474,-9.9023,-3.1827,8.0028,0.509,-6.7835,-5.0065,3.3169,4.74,-9.1738,6.0047,-3.7262,-7.129,2.9872,-1.452,-2.532,-0.4106,-2.5763,3.6665,-1.7426,2.1032,-1.5971,-8.5577,-8.3559,-8.6495,5.4486,0.2029,-5.1426,-6.7487,0.1461,-0.2165,-8.9645,5.1986,-8.9167,-1.9734,-1.3821,6.1522,4.755,3.092,-4.923,-4.3293,-4.9758,3.5232,-5.4087,3.5826,6.9993,1.1732,-5.9738,5.251,-5.192,9.841,6.5178,-5.2412,2.8885,0.1785,4.2228,-7.6723,-3.8037,-7.4043,3.0029,-5.8612,2.9213,6.656,-9.9715,6.9297,-3.2986,-2.8982,5.5302,8.2953,4.5661,-5.9006,-9.8236,9.8861,-5.3871,-6.8757,-9.9576,-2.2306,3.5789,-6.758,-3.7526,-6.1355,-9.6999,5.6879,-1.9417,-9.7864,7.105,1.343,-9.1491,-8.9982,-7.9972,-8.0592,-5.4128,-8.4334,-1.2979,8.5658,-2.4234,-9.4437,9.3531,7.1433,5.4248,6.8536,-9.9513,8.6184,-8.5986,-5.4227,-2.7408,-0.7215,-3.2134,2.2951,6.7587,-2.5352,-9.7297,-4.6583,0.9001,-7.1895,-2.6539,5.3024
0.6181,-8.6929,2.4387,-6.7849,-1.336,-6.8043,5.1883,5.3617,-7.9512,7.8526,2.6347,-6.1689,-5.3651,6.111,7.3251,4.0703,9.0967,-2.7238,8.3142,1.5374,-5.6225,-0.4468,-9.5822,-8.241,3.7604,6.2207,8.4699,8.1848,6.7452,-4.2534,-7.1721,7.4287,8.2914,-2.7019,8.5691,-9.4651,-2.0241,2.817,-4.4998,-2.111,8.3307,-9.0134,0.6545,1.9691,-3.9687,-5.1459,3.6213,6.5794,3.4354,-4.8501,0.04,9.6006,1.4445,-6.777,-1.3045,-6.0737,-6.462,9.675,2.2065,5.0974,1.0672,-4.1812,-1.3033,7.0398,6.6581,5.011,-4.8352,1.4225,-9.6812,-1.2333,-9.4637,-0.5494,-0.5578,-4.9502,-4.2284,-2.1952,8.1869,-6.769,-9.0729,0.1402,-6.7092,-4.1632,0.0032,-7.7812,-4.6012,6.9493,8.3494,-4.416,-5.0728,-9.2051,2.4606,1.717,-7.4714,8.1829,8.3218,-9.9426,-0.7538,-1.2014,-2.6088,9.7994,2.5639,5.6908,9.8601,-2.037,2.398,-5.0446,6.3441,-6.003,-9.9539,8.9577,3.2959,4.6352,8.361,5.7894,-9.7597,2.7761,-0.674,9.874,6.9835,-0.1666,7.8922,-0.7689,-3.0411,-2.9802,7.3042,5.4898,9.8483,9.6576,7.9253,4.912,-0.3971,-4.3324,3.4935,-9.1704,0.2602,7.3301,1.3728,2.7368,7.2461,3.3824,6.0893,1.7999,-0.9169,-6.2194,-3.3674,-3.6213,-3.3083,6.2078,8.7219,-1.0328,-0.4663,6.2252,6.5655,-1.4598,-9.9622,-6.704,3.218,-3.9404,2.8318,1.8007,8.3766,-5.8454,6.6636,4.849,-5.6688,8.36,-2.2565,-5.5124,-9.4669,3.414,3.7672,4.5453,-5.313,7.9521,-1.9911,2.9652,3.1381,9.9843,-6.0021,3.8758,-1.2958,9.6755,-9.1279,-7.05,-4.9506,-3.3915,-8.1322,9.3498,9.0817,-9.0055,9.8023,-2.6019,0.7733,-1.4506,7.728,-2.0499,-2.324,-9.3186,-8.6637,2.4429
-1.7281,2.5261,-7.0454,-5.5054,-8.7603,-8.3577,0.3419,3.0772,4.1096,4.2013,-0.1105,-8.4309,-9.7854,-4.3032,2.1534,9.4029,6.3869,5.9301,-9.5859,2.021,-7.6404,1.4393,3.5414,-1.4065,9.1664,-7.0339,2.6175,4.8151,-3.6107,3.607,-3.1071,6.7819,-7.6657,8.0254,-8.0407,-4.9843,-7.7377,5.455,-7.4946,6.7722,-5.4163,-3.5326,-2.8085,-1.9767,-7.8096,9.3513,3.2841,2.2505,0.4122,3.6075,-4.4375,2.0827,-7.7763,-1.2649,5.5267,7.7411,-9.7985,1.1911,-5.0752,-4.4821,-7.6865,3.958,-6.2522,6.3388,-4.173,-4.916,2.807,7.7902,-2.0986,4.5217,-3.1789,0.7181,2.5337,-6.109,-3.2446,0.169,-7.2783,3.7209,-4.5603,2.4162,-6.4209,6.47,-8.1208,0.2295,-5.8891,5.4104,-0.6974,5.1801,-4.3947,2.2018,0.6529,-0.6408,1.9046,-8.2417,-2.7622,-4.8737,-8.5528,-3.6742,-7.6594,6.9767,-7.0967,-2.4566,-4.8547,4.9729,-1.9899,1.5946,9.2735,2.6236,-0.0637,-8.0987,1.0468,0.0293,-2.7769,6.1839,6.8478,-3.9215,-8.0728,-0.1714,-0.6594,-4.1533,7.4625,5.0873,-8.5983,-0.0723,5.9799,-8.0972,4.0075,-1.7694,3.9516,4.6596,-9.3358,2.2523,-9.1646,-6.2114,9.9672,-0.6009,8.8979,-4.9543,-3.822,6.1625,2.0382,4.9276,2.2277,-5.196,-4.7478,-0.4287,6.9764,-1.5014,-5.5733,6.2469,8.1521,-9.1782,-5.3876,9.7124,-3.7907,-1.036,7.5676,7.6627,2.2187,-2.073,7.3443,1.4279,1.6918,-6.8101,-5.6708,-6.1641,-8.0501,-7.4876,-2.7245,-7.4721,-0.0532,0.8865,0.2751,-6.5895,0.7657,-1.7778,-3.2851,-2.6404,6.9779,4.7231,5.0729,-2.5754,4.3619,-2.6511,-1.0741,-4.2718,-8.1223,-8.482,3.8676,4.3835,-2.2819,8.9588,0.1326,8.8399,-9.9502,2.4472,-0.879,9.0125,3.3563,3.4516
-2.6287,0.1908,-4.6667,-7.4112,-5.484,6.8216,-9.4829,1.6231,-4.909,9.2113,-9.5224,3.9676,3.5452,1.8036,-7.8815,2.3892,2.7156,2.9262,-4.1955,8.2984,-9.043,-2.287,-3.0902,3.5463,-7.8624,8.2931,4.3964,9.8279,-6.4881,-4.1675,-6.758,-5.702,9.688,7.2333,-7.6384,-5.5406,9.1134,3.8048,-9.3122,8.7972,-3.2803,-6.1669,2.4262,-7.2971,0.2267,-5.646,-7.2159,7.062,-7.6618,7.5418,-7.207,-3.1499,7.1478,5.7457,0.438,6.0657,3.9912,-6.7215,-5.7221,-6.8275,-6.1275,-0.0694,9.6372,-3.5285,9.4997,-9.0341,4.2661,-8.9456,-5.1977,-9.2691,4.4304,-1.1163,9.349,4.076,5.5362,-9.7259,-6.9794,-2.8119,-6.727,0.968,4.7022,-7.4931,-3.2359,4.7684,-3.7871,3.7461,-0.4928,-7.6337,5.9388,-9.211,8.8516,-9.8807,-2.1778,8.855,8.0282,-1.8189,9.4249,-1.1468,-1.1361,-5.5591,0.1577,-3.3021,7.4767,-0.9,-6.7962,-7.1933,3.5932,4.8611,-6.2175,-3.7505,-1.8464,-9.4762,9.2268,2.4693,6.0523,-4.5698,3.6823,7.8646,-8.4367,-5.152,5.9931,8.9643,1.0478,-3.867,2.6384,3.3511,1.0781,9.1118,3.0851,5.7511,7.0688,-7.4043,3.9371,4.1515,-0.1723,6.94,8.0319,4.172,-2.0231,-6.8378,6.7238,-6.584,3.983,2.2544,3.6283,9.2131,0.2439,-2.0321,3.3044,9.6498,-4.4997,-9.5933,-5.5736,4.3007,7.3688,-6.6984,-8.8386,-7.6217,-9.8131,-5.3007,-3.7032,-3.2997,-1.896,1.97,4.3928,5.8772,5.2211,4.8639,-0.4251,2.356,1.1002,1.205,5.3594,-9.3382,-6.2403,-2.691,-2.2674,-9.1874,0.3961,1.6975,0.1809,-9.7257,8.7042,-9.3457,1.8574,-5.5004,4.3965,-8.9817,6.9926,-6.6911,9.9125,-9.142,-5.8301,-0.4992,9.0977,0.9998,9.5427,7.8927,4.054,1.6002
3.7235,-7.0293,6.9894,-2.1333,-4.0714,-8.6856,-4.5552,-6.2426,1.4264,7.017,8.7319,2.3923,2.3458,2.6706,9.8376,3.6281,3.3052,-6.8099,-8.1547,-3.9677,8.847,-2.9413,-6.4738,0.5634,5.5559,-2.3589,-4.2777,6.4029,6.0587,-8.0215,-6.6731,-0.7692,-7.2277,5.6234,9.1559,6.4072,3.9974,1.6988,7.0552,-8.9406,-0.0541,6.8213,3.2337,-1.584,9.2974,-1.972,1.8007,9.009,8.3658,-0.7152,-0.2205,-4.8655,-9.1831,-0.9277,6.3334,3.0284,3.2903,-6.9782,-0.178,1.4775,-4.1605,1.3947,3.5886,2.6097,6.5483,0.5843,0.3262,3.4909,-5.4845,9.4862,-6.7962,-5.994,1.1087,7.9685,1.8908,9.2134,-5.8038,-8.9444,-2.1073,-7.187,-5.238,4.6914,-9.7428,-4.4152,6.7012,1.7579,-3.4952,8.0633,6.0339,3.916,2.8734,-8.9784,9.4851,-5.5388,3.0345,0.0982,9.252,5.0843,-1.2838,0.0166,-7.0819,6.6858,2.5073,2.3692,-6.1028,-6.1375,-2.0448,8.7051,5.1072,-9.1606,5.7827,-2.7643,1.6276,8.7806,-6.6584,9.3235,-0.1272,8.4014,3.6044,-8.1835,1.9164,-5.4333,2.4698,-6.6466,-4.7605,0.9944,-1.5847,-2.7409,-5.0587,-8.3204,-1.953,-6.4938,1.2519,6.921,-9.2709,-1.5438,6.086,-9.1028,9.9007,4.4511,-5.7433,-0.4438,-1.7151,8.6817,-1.8924,-6.461,-2.2798,-1.3095,1.2777,-0.5423,8.4376,6.593,1.3292,2.1646,6.2759,-9.0492,-3.451,-1.2853,-3.3118,8.811,-1.6881,-2.1468,-7.962,8.1352,3.4492,5.8064,1.0176,4.9424,-4.6362,-9.691,-9.0748,2.5895,-3.9257,-5.2242,-0.7466,-6.2551,6.2529,7.3993,0.6019,1.5404,-8.4288,-8.7374,8.4392,-5.4395,-1.4054,-5.4636,6.7935,-5.0973,-3.7739,0.9811,-9.4378,7.4544,9.3695,7.887,-7.6798,-1.2131,4.243,4.4164,-7.5699,-0.3471
-5.9347,6.2738,-6.9443,1.004,-4.3663,-4.1441,-4.9691,-2.1224,1.511,-7.4243,0.5123,-2.6265,-1.3303,-3.9279,8.6927,-0.5638,-8.6149,3.9603,-5.4349,-1.0681,2.2683,-4.131,0.0647,-9.0981,5.2896,4.0891,-8.6989,-5.1059,-4.132,-6.0911,-8.51,5.2654,-5.1701,-5.9761,6.8007,6.3566,6.4088,2.8002,6.6596,-3.509,4.3968,1.1634,4.2206,7.9551,-3.3561,5.4647,-1.1141,8.0381,-7.7858,-2.2012,-6.2433,3.3671,3.938,2.2409,6.9016,1.7784,1.7013,6.8051,4.872,-1.464,-1.4258,1.6728,-6.2363,3.1083,1.8082,0.5047,8.9727,0.9783,-8.218,0.958,4.4517,-3.0225,7.8829,4.5087,-7.2219,-3.0555,-5.5451,-9.888,2.7772,0.2689,7.6751,-7.1921,-2.0964,-6.3056,-7.6783,6.411,-5.2778,-7.0473,-3.8207,-7.1529,9.7355,-9.9112,7.5003,2.9127,-9.3761,-4.1452,7.0953,4.3355,6.6302,9.7174,0.9754,-0.232,3.9539,4.4111,-7.3036,-5.3201,8.1773,0.6748,1.6642,-0.7785,0.5438,-5.4607,-3.1562,-7.545,2.7867,6.2322,-8.9634,3.3865,-4.8216,9.3276,9.1348,-4.6323,-5.1239,-2.0764,6.2271,5.5512,9.6716,0.2527,1.8704,-0.9001,-9.1568,5.0543,-4.2139,4.6848,7.0839,-1.3953,-3.2469,-7.923,8.9229,2.7245,6.0059,-9.1949,0.5175,-9.202,3.2796,-2.9182,-6.8462,-5.5414,-0.0691,-2.5712,9.0386,-6.2166,-0.1023,-9.0098,-6.1706,-6.7263,7.7046,-6.156,2.5742,-7.9635,2.2689,-0.3925,-5.8216,1.2816,-4.7071,1.9292,-6.5387,0.2835,3.408,-5.6225,-2.1017,-2.2269,8.1028,0.0408,-8.576,4.3025,5.0802,-0.5921,4.9026,-6.6085,-3.3085,6.2173,-7.4855,-0.0123,-2.0176,-6.289,-3.1173,4.4519,8.3477,9.1155,-1.2068,7.5251,7.0446,-1.8103,-3.8609,-7.9451,1.4022,-4.7805,-2.3485,-5.4959
-0.7907,5.6102,-3.5027,5.9937,-9.6929,1.8911,6.9877,-2.9462,9.03,8.989,-7.3851,0.5096,9.6242,2.5977,-2.7329,6.1514,-4.4574,-2.9964,1.9806,-7.694,0.3214,-2.5357,7.3055,-8.1145,3.4243,-1.0058,-1.3518,-1.8641,-6.1429,-4.2027,0.6488,-5.7861,4.5065,6.6566,-5.3471,8.6143,-7.6904,-9.1291,-4.2752,-4.898,9.2412,2.9394,-3.2812,-3.2635,-9.1521,-4.751,0.0891,-8.826,0.2088,6.7765,-9.0713,2.9169,9.4414,6.9748,6.6299,6.5347,4.9144,-5.3625,8.1435,-7.5855,2.3056,-5.073,-0.5105,-1.8481,0.8826,4.4585,-5.6321,0.994,-9.6273,-4.522,-8.6844,3.9313,9.9348,-9.7511,-9.801,-2.653,7.5201,7.5256,-4.0023,-2.9786,8.6623,-8.0212,6.0127,-9.3045,-4.888,-0.7134,-8.4994,7.8623,5.5988,7.2583,-3.3201,4.8347,7.7694,4.0526,7.1178,2.4571,4.204,7.1631,-5.6942,-6.5765,2.5035,-1.6592,-1.565,0.5516,4.556,-2.7932,-9.8243,-4.0062,2.0053,-8.3636,-0.0737,-5.0356,5.6634,8.9461,8.3694,-0.7201,6.6646,5.6596,7.9313,-8.2674,9.1175,6.3531,-4.2026,2.9291,-7.257,5.3255,0.0528,8.699,-5.0111,3.4814,3.4815,-5.4801,0.8522,4.9169,8.5633,1.5529,-3.5431,-3.3584,-3.6688,-2.9204,-3.5021,2.8067,4.1005,0.3769,-6.2736,9.3494,-0.9286,2.6591,6.2423,0.3885,-0.2854,-6.5708,-4.8678,-0.3714,9.4645,-0.6853,2.6878,-9.536,-0.4726,8.3982,-5.6233,6.6633,-6.5803,5.8719,-6.5322,3.2178,-1.6891,-8.0327,0.2418,7.7113,1.2537,-0.2077,-7.7449,-0.6467,4.0899,2.158,-7.4467,-5.6401,1.7748,-0.0201,-6.2929,-4.5289,6.5767,-5.2207,-8.9255,2.209,-5.3029,-3.0461,-6.2464,2.5721,-7.7578,7.1082,-1.3822,-8.0548,-2.7595,6.46,-7.4168,4.5361,-7.3318,-3.3062
-2.9577,1.4856,-7.9563,5.1461,8.0872,1.3179,-8.833,-7.9815,9.3289,-8.8101,3.9237,9.9079,0.7936,-1.2167,8.7572,-4.3617,-8.7721,-2.2802,-5.8559,-9.5858,1.699,0.3486,-6.0503,-8.8326,3.6731,1.7865,1.2999,-2.1035,-4.8989,1.1339,3.6052,2.838,-3.816,1.3156,-6.2264,-5.6568,7.6168,-4.1646,-6.7515,1.2951,-8.2069,4.3546,6.1822,5.2731,5.0408,2.1708,9.7444,5.0148,8.2477,-8.1465,-3.656,1.9516,-7.5066,3.0733,-7.1988,-5.8385,-4.7948,-4.4198,-4.1738,5.9381,-9.3539,-1.1093,9.8975,4.908,-0.0683,4.7746,-3.2336,-4.6132,-9.9668,-8.3251,6.8767,2.1187,-3.4832,-0.7521,7.2025,7.0914,2.9563,8.2795,-0.463,-7.8553,1.7662,-5.7226,-7.4332,-0.4097,0.3698,-7.438,5.3637,8.4556,1.9919,-7.7431,0.603,6.3543,2.5954,4.0622,5.3535,-4.1806,-8.2706,4.2233,-9.4981,8.4756,0.5446,-2.0561,-7.5031,7.5433,4.1548,-9.0837,-2.5486,-4.8429,4.9202,-3.4664,-7.0783,9.1789,6.8776,-7.5458,-7.4539,-8.8404,-9.5443,6.941,2.2353,-4.3855,4.4158,6.5407,5.0751,-7.6064,9.4359,-1.219,-2.394,7.9281,-2.0363,-4.7085,2.7902,-0.5307,-1.0008,-2.9367,7.5518,-8.9482,-7.2357,2.6634,-6.5915,-9.2683,-6.5155,-1.8006,-5.1269,5.654,2.0688,4.1585,1.697,-9.8625,-0.39,-2.2987,-4.9703,-0.7348,-2.8353,1.3175,-6.6305,7.4054,5.8767,-0.7947,8.1245,0.768,-3.7734,-6.2122,-9.9933,1.2216,5.3058,4.8709,-1.1091,-8.8176,3.0062,6.9492,6.6254,8.7241,0.7701,-2.3487,-5.5324,7.7614,-6.2517,-1.436,-4.0677,3.9464,8.9811,-4.3179,0.2957,-3.0634,3.2772,-6.5717,4.4852,-4.437,0.0665,-6.9524,8.9518,-8.7484,-6.7033,-4.6133,2.9401,-9.0657,1.1122,1.1612,-6.0391,5.4373
-7.8351,-7.3515,-8.7474,-0.4078,-8.8526,9.0393,1.117,-4.0955,6.9416,-9.6803,-7.5172,-8.0816,-9.3163,1.1124,1.5854,-9.569,0.177,-8.7658,3.1815,-4.2561,-6.5677,7.9132,-9.9286,-4.7253,-4.5781,-4.4335,-3.7064,-1.6444,9.7427,-3.0492,6.1045,-9.1789,5.3792,5.7985,-9.54,7.7155,-8.7659,5.1612,7.038,2.9361,2.1793,5.2153,1.0962,-0.6488,-9.8959,4.0171,6.904,4.8306,8.0407,-7.6188,3.9313,-0.0879,-1.3622,-8.5666,-1.6127,-5.959,5.281,-9.2809,9.7834,3.5849,9.4825,-1.787,4.5517,0.9241,-7.21,0.7227,-6.9599,9.5074,-1.0709,4.2221,-4.2718,5.0338,-3.3239,1.9126,-0.724,1.8472,3.6184,-3.4834,-1.9895,-3.2329,4.6254,-7.2453,5.8752,-2.0269,7.3213,6.1066,-2.9544,-5.8325,-9.4578,3.927,1.1835,7.2686,-9.2707,0.3764,4.2563,3.4936,0.7916,9.8252,-8.7629,-7.2442,-4.4417,8.6459,-7.3508,-0.2698,6.3919,-6.0958,2.3609,-8.0418,8.4643,-2.7117,-2.9902,-5.2814,8.4265,-5.7419,0.9051,2.1614,7.6439,5.839,-1.1576,-5.8484,-7.4781,1.9335,9.6786,-9.5478,-6.6457,-1.1936,-8.0127,-5.1555,8.7734,-7.1175,-4.0619,9.7323,3.5873,1.9195,-3.4475,-7.0002,-7.7368,-0.9308,7.0888,-5.3592,2.3257,3.757,8.523,0.4015,8.3325,3.526,5.8727,-6.5624,-0.7725,-9.3053,-9.0256,2.3061,0.0498,2.7972,0.6677,-6.3757,8.3962,0.5851,8.8753,7.9728,-2.7508,-5.3784,7.1614,8.4756,-9.3124,9.0501,-9.8441,2.4968,1.6099,4.7285,1.968,8.7627,-8.741,8.4602,9.2772,-4.1764,9.8071,5.5669,0.6354,9.9244,3.7162,-8.5934,-0.1126,1.5467,1.2336,6.2883,0.6667,4.9711,9.644,4.6367,6.7725,3.3464,-8.9299,6.4966,-4.3531,2.2426,3.5604,5.4229,-7.7725,-9.3078
0.8125,-2.3193,2.4315,-2.6709,6.7697,4.1397,-6.8791,0.9751,2.0847,-8.3723,-6.5486,3.8833,-3.8476,3.1081,7.8062,8.7119,-5.8882,-9.8588,3.3798,9.9738,8.695,-4.3682,-8.1488,-4.6741,-6.8164,2.4788,-9.9815,-4.7388,-8.5116,-7.1548,9.5889,-6.177,-2.9823,-1.1612,-5.9603,-4.9933,7.5617,3.616,1.5273,2.6009,-2.2846,3.1602,-3.6813,-5.5498,-3.9989,-0.9256,9.4368,-0.6425,-3.8269,-8.2579,2.2349,7.8998,1.8306,-5.553,7.4745,2.9546,-5.8566,-6.9732,8.34,8.4078,8.6229,4.2998,4.2882,2.0987,-9.0358,7.6599,-9.9119,6.0081,-2.8163,7.1525,4.9288,1.9103,-3.9868,9.8805,-4.3499,-1.3977,8.9414,-6.813,-8.793,-9.4292,8.9152,0.1743,-8.9128,3.6705,-3.8188,0.4327,6.5568,-8.7271,1.041,-5.3957,-0.4629,6.2423,6.8236,2.8351,6.7944,6.0265,-7.2537,-7.9191,9.095,6.2345,3.8832,8.6299,-9.1774,-3.7989,0.0611,-1.7133,-4.6963,2.3646,7.7337,-5.5421,2.6193,-9.0023,-6.9416,-8.1616,9.2326,3.161,-5.3245,1.5902,-1.3436,5.7344,0.4783,-3.2452,0.2935,7.3639,4.3147,4.0182,-6.6815,-2.8865,3.9656,-8.6306,3.5428,3.3369,-2.7683,-4.6862,-5.476,-0.7352,4.9163,4.8813,-3.2133,-2.2209,-0.8648,-1.902,2.5655,-0.8203,1.3593,3.2733,-6.2315,0.8985,-6.5487,-8.8173,9.2504,-8.1066,0.6557,-1.4485,5.9087,-8.484,9.6685,-4.0844,-7.4801,3.8633,2.379,-3.4963,2.5664,3.4292,1.3427,7.0598,-4.0691,-7.6446,7.3527,-1.141,1.0979,-7.8042,8.6835,8.5166,-4.1679,8.094,-9.0599,-1.1601,-7.474,0.6674,9.3282,2.6049,-3.6477,-8.7187,0.7276,-1.8928,-6.9913,-9.2448,-2.7592,-4.5154,2.132,-9.1772,7.0951,8.7592,-4.678,8.0477,0.9525,-0.2861,3.3437,5.395
-1.0244,5.6079,-4.8333,3.4519,3.5386,0.0694,2.4506,-5.1054,-3.3816,-8.5292,-7.0888,-4.2436,2.6943,4.7188,8.8954,9.8497,-3.5819,4.5703,-5.6945,7.9655,-3.8619,6.0379,4.7153,-2.2968,9.2043,-3.7245,-7.8691,-4.1024,4.2314,-4.9501,-9.053,6.8223,7.4656,9.5894,-3.886,2.2531,-1.8039,8.7777,-5.284,8.2187,-4.6418,5.8916,5.4981,-4.5995,-8.8519,3.2434,9.0783,-7.162,1.5849,-6.0858,-9.5679,4.8502,-8.1811,6.8179,0.705,-6.0594,-3.2412,8.6217,-6.4695,-7.7662,-5.2924,-2.6813,-7.18,-5.4945,-3.4508,8.0138,-2.1616,-2.3988,0.2651,2.5266,9.7456,7.866,5.9859,-3.0754,-7.5289,9.0484,4.1698,-5.2252,-4.4487,-4.2278,-2.4613,-2.0466,-9.4761,-9.1807,-4.0347,-0.9425,-1.4325,7.6026,0.0201,-8.3035,-5.091,5.9574,-8.9767,-9.9435,5.8793,1.0208,5.0859,-7.8208,-2.6866,-5.3423,8.9111,4.5353,-1.174,1.8819,-1.4307,8.9786,9.0526,4.2724,-4.6304,8.8312,4.4399,-0.1348,-5.3857,7.5024,1.6821,-7.9918,-5.9192,-4.5317,-6.2935,3.4752,-0.8717,1.5697,4.1032,1.9781,-5.263,-9.5451,-5.5049,-2.3937,0.0535,-7.4696,1.0298,-1.2901,-5.596,-0.478,5.201,5.1195,-7.2544,-2.316,8.6044,-0.9477,8.6118,-3.8333,6.3563,-2.7834,-4.8204,-5.9429,-1.7317,1.1627,3.3464,-2.6351,-4.7226,8.1551,9.3057,8.9244,-6.6874,-1.0864,4.7233,3.8984,7.6461,1.0804,8.1166,3.0766,-2.0152,7.6767,1.6066,3.6771,7.8658,7.8389,5.9711,-5.4435,9.3993,-5.4419,-1.3448,6.0019,-8.9121,-1.4121,7.9995,-0.3754,8.1571,1.4169,-1.5943,8.9884,2.1109,-5.8327,0.0865,4.9262,9.3821,-9.0263,-9.7281,-8.6169,2.1957,6.2588,-4.8663,-9.9315,-1.1482,-7.9156,-5.0987,1.7828,4.3031,7.0378
-3.4734,5.7604,5.8983,4.6615,-9.0716,-6.2015,8.0021,-6.1489,4.3026,-7.2549,-5.4423,-5.0152,2.4067,5.9942,6.4341,0.1679,2.5585,-8.6805,-1.2138,1.4301,3.2689,-5.7203,3.9677,-2.6872,2.499,-3.0434,-4.1169,-4.376,0.6943,0.2245,-6.095,-9.9711,7.935,3.926,6.5669,4.8682,-8.3645,4.2413,-9.7872,6.062,-4.624,-9.1296,2.109,8.8192,9.3824,-0.147,0.84,-8.9169,-8.7168,2.4918,-6.3573,6.7965,-5.3475,-0.733,-9.534,8.8976,3.9973,-5.2655,-9.5667,-7.8463,-6.1153,7.0548,2.4783,4.7436,9.1896,-1.4934,1.1282,-2.4733,-0.4464,-0.1641,1.5696,1.1237,5.9767,7.8882,6.1896,1.0107,1.9151,1.2803,8.5149,2.5757,8.6074,-9.8067,8.6702,3.7903,-1.7614,5.1604,-6.6963,-5.3536,-8.0352,-9.139,-0.5955,-6.7126,-1.8558,8.8353,-8.4762,7.8205,-5.537,-1.1861,-4.5375,-4.4358,-7.126,3.9048,-7.7367,2.4807,-3.5614,3.4845,7.1205,1.3323,-0.7352,7.6813,4.4419,4.0731,-8.6172,5.9836,8.1151,6.4314,3.8538,-2.2171,6.1558,-3.3182,-5.3803,3.8495,3.3911,4.3357,3.6469,6.1921,1.3026,9.5522,-9.6636,4.9634,-8.0658,-2.5683,5.1098,4.7996,9.6301,9.8375,-6.2555,4.519,-7.9357,4.4009,1.1973,9.3918,8.2527,-5.365,5.9839,4.6128,1.1888,5.7415,-0.5906,-7.242,-3.2225,-2.7582,-0.7192,-7.4971,1.1283,7.1192,7.6302,4.0407,-9.9082,-8.5988,-8.1952,6.3042,2.5536,7.5108,-5.9977,0.2666,6.0956,-1.5147,4.1269,-4.6754,-8.3481,7.8496,0.1209,-9.6683,1.8788,-4.849,-5.1815,8.8162,3.2496,8.4453,-5.5416,2.0298,-6.0083,9.8067,9.7408,-1.6218,-6.1738,-7.2818,2.3091,-3.4317,4.998,8.1092,3.4136,-7.7424,3.8316,-8.8123,4.669,6.2984,-1.9126,-4.5791
9.3191,-1.5226,-6.1345,-6.7925,-3.6325,6.9965,1.2393,-7.7148,8.0693,3.2269,-2.8229,8.6735,1.2315,7.0693,7.1243,5.9349,6.9614,1.1114,-3.9428,-5.874,9.419,-9.2107,4.4513,3.4148,6.1684,-4.546,-1.616,5.2518,-1.9444,1.1187,9.0009,-3.6438,-2.8205,-3.4946,9.4411,-2.6282,3.7071,7.6134,-2.7679,9.7929,9.1349,-1.6089,9.1573,-3.5891,-0.5403,1.4703,2.0943,4.6473,7.6283,-4.7902,8.1233,3.1678,-4.9461,-5.7304,5.9981,-1.4239,8.656,-1.6556,-8.5973,-9.7365,5.832,1.4454,-5.0344,9.0676,7.6071,-1.6674,-5.9539,7.4515,-9.9209,8.6292,-7.1265,6.1573,3.5566,-3.0827,-1.2555,-6.2998,-3.0371,4.4516,-8.5044,5.2017,1.104,9.6643,5.2688,-7.3943,-5.089,-5.8765,-0.7277,-7.8342,6.7577,5.6498,9.7052,1.9286,-6.1027,-2.0445,-4.8004,1.0177,6.7128,8.7932,0.3559,-0.0869,-8.5853,-2.4288,1.8382,-0.2893,0.5589,-7.9764,-4.8105,-9.0813,5.8254,-9.5364,1.5249,0.4275,-2.1122,0.0818,-5.1042,8.183,2.9396,-7.0414,1.503,-0.9045,-7.5044,-3.0196,-0.7808,-3.5074,-4.0016,-3.7955,2.9123,2.3769,7.9878,1.0604,-4.3241,4.6052,5.745,7.4077,5.9256,1.1246,5.6641,-6.0949,7.2909,-4.0208,6.7661,9.221,-1.5821,-5.6466,5.6956,-6.8273,6.0395,4.4603,6.1271,6.6984,-7.1657,-7.3294,7.5761,8.3746,6.3374,2.1912,-6.1399,4.4742,8.3503,-8.7394,6.475,-7.6523,-6.1953,-9.217,4.1854,5.6243,3.0974,-8.8035,-3.297,9.0029,2.464,1.1895,-9.8457,-2.9538,-5.5698,-6.1804,0.5959,-8.5157,-1.8448,1.8533,7.7125,4.8157,-3.6855,-3.6982,-4.7623,3.1724,-7.9997,8.0547,-0.3207,3.1235,1.6577,3.1106,4.021,-1.4287,-0.3003,4.5562,-4.0558,-9.283,4.4867,-4.7161
-8.4777,7.8167,-2.2577,0.8921,-7.3241,8.0792,6.2631,8.4743,-6.9909,9.6789,-4.9229,-4.049,9.2434,2.9034,1.6094,-2.185,8.813,1.5318,-5.7301,8.9759,-4.5979,-3.9571,3.3568,2.1775,-9.5399,-4.1945,-2.5501,6.6424,-9.7308,2.8769,-0.291,-9.4976,-0.6567,7.9578,-4.5057,-4.6512,9.0261,8.6554,9.325,-7.1846,-8.5709,3.4701,-7.3945,3.9329,-6.8807,2.4178,5.0139,-2.9604,9.351,-4.3308,-2.6012,-5.594,-3.063,1.5567,9.5262,-7.9634,-9.4091,0.6643,-7.3424,6.984,7.8592,-3.3411,-8.1238,7.8468,-8.7104,-8.3983,-3.776,-5.5718,-2.3334,3.4948,-3.5642,-5.1952,7.7099,-3.2859,-0.596,-4.9738,-5.6388,-6.2383,1.6128,8.5727,6.8819,-3.7691,4.9161,7.115,4.5136,-5.6498,-4.8896,8.9628,-7.8447,6.9995,-3.9168,-5.7629,-6.4204,5.8268,-0.1541,2.0426,1.6255,9.8557,-2.8234,-6.9413,-2.832,-7.5255,5.571,-0.9678,3.0978,7.3171,-2.8064,-5.2052,9.3206,6.0938,1.4735,9.8303,9.4102,-1.5183,1.3758,3.9494,-7.83,-1.0876,1.251,-5.9002,1.4578,6.1127,9.1044,2.4016,9.8109,6.4706,2.397,3.8715,4.7753,6.3728,3.1306,-9.6946,-7.7423,-3.5795,-6.5714,-8.9488,-8.1948,5.9556,-2.9051,-3.5989,-2.3874,-7.096,4.4375,-7.0096,8.0609,-9.2652,2.0988,-4.1521,2.149,0.0466,-2.1844,4.8485,-9.3542,3.0266,0.0873,-7.8692,9.257,8.181,4.1834,7.8117,-9.1163,-2.4232,-7.0305,5.0235,1.3798,2.761,-1.2391,4.2354,7.3213,-7.0843,-0.531,-1.9845,1.1084,8.5822,-9.4323,-3.3418,-8.7626,3.9355,-1.6122,-3.4197,1.5748,1.1175,5.7107,-2.6879,2.7132,-9.5951,1.8426,-4.4252,-9.2503,-9.8731,-0.7095,-0.8726,3.6805,-9.7654,-9.3889,8.9012,-2.4049,6.8971,4.1279,6.4352
3.4453,1.4529,-3.781,7.5717,-0.9014,-8.1396,7.2156,-5.8132,5.7765,-5.3858,-7.1242,-0.0851,0.2454,3.0524,3.7576,4.3667,-9.8099,-0.3181,2.2172,9.365,-7.0482,2.9181,5.435,-5.5238,-6.9103,9.9684,-0.4046,-9.0702,7.4715,-8.8306,8.2806,-2.7991,-0.6799,3.0052,-5.4634,9.2445,-6.087,-1.634,-8.291,-1.8413,-6.313,-0.2582,0.5388,-4.1124,1.463,9.5235,2.6287,6.8728,-3.3285,0.0641,2.2275,4.3039,-2.439,2.4956,3.7729,1.6325,5.5683,-7.1911,5.3426,-0.9606,-4.7323,-5.2158,5.454,5.967,-1.8519,-4.9124,-0.4809,-2.5248,-7.6958,-5.2235,-5.2453,-0.7453,6.1437,6.7203,7.9347,1.8066,9.1747,8.216,2.6335,7.6217,-5.9162,-2.7666,-3.8381,-3.9272,3.7914,-4.4674,1.2777,8.9371,5.5501,-7.5753,5.0899,9.0035,7.0233,0.5925,3.8554,0.3716,-7.6084,0.9027,-2.2156,-8.0736,1.177,-4.4496,-0.7642,7.4195,5.7087,-6.8429,-7.8847,1.1107,-7.7031,7.0198,-7.777,6.6298,-4.4091,6.5461,-1.9994,2.7981,8.6329,7.898,-1.302,8.3831,8.7981,7.4241,0.3871,-8.1452,7.5871,-6.8289,0.5716,-0.8751,-1.4756,2.9174,6.7563,0.4575,9.5146,9.7377,-6.8914,-4.9089,-3.7461,-3.5028,-3.6959,-4.0053,-8.6456,5.1427,6.9612,4.9965,5.5326,-5.0615,-0.8024,3.6618,9.2147,-2.404,9.4188,8.6896,2.8296,3.4552,9.8375,-3.1805,8.2088,4.6665,-8.2072,-7.524,4.8617,-1.4608,2.8125,-2.1282,6.8145,-2.9267,-2.1041,6.1861,8.31,2.7253,-2.3435,-3.8468,-9.1735,5.1756,-4.6991,5.3152,-6.1161,1.9694,-1.2928,-9.4282,-4.806,-4.0165,-2.2271,-8.9299,-4.071,-8.6899,9.7334,-6.7709,4.3521,-0.7322,6.4695,-8.5878,1.3824,-8.6742,-1.0414,-6.456,-9.9006,-5.7186,5.3584,-7.3275
-3.1974,-3.1543,8.6982,-1.3514,2.8087,7.8682,6.747,-5.5262,5.3193,4.3128,2.7295,-4.0933,-5.5179,-2.8431,6.6417,-4.3106,6.9215,-1.2513,-4.6191,3.2434,7.8512,3.1648,0.1957,9.3295,7.0182,-1.9068,-7.8579,3.9948,2.697,6.989,9.4884,2.7181,-5.2265,7.9567,9.9441,-6.7651,6.9523,9.5206,9.3161,-6.3655,-0.632,-6.0452,-1.0197,9.561,9.6364,-5.6804,8.1281,6.56,9.4341,1.6195,7.3415,6.8088,-0.6896,8.1228,-4.8277,-4.6299,-8.7411,8.7206,-1.4946,-1.7488,-7.2954,7.4156,8.4921,8.8495,9.4334,0.1007,-2.7606,4.7041,-3.4316,4.5977,5.9679,-9.3689,5.9202,8.5725,2.147,9.7848,1.6274,-9.9819,3.362,8.6779,-6.547,-5.3222,-2.1404,-1.3786,6.4973,-4.347,-3.8196,-0.0966,5.8651,7.7855,-4.9193,2.0068,1.4435,-0.3816,-0.4367,5.6863,8.8118,-3.7873,-1.4841,-1.4814,5.5068,0.3112,5.4268,-9.0872,-1.1905,-0.6225,-3.0032,3.5033,-7.7972,5.2749,4.8438,0.5185,-7.1297,-5.0621,-2.3311,5.4677,0.5339,-7.5217,-9.0615,7.91,-9.6195,-8.6209,6.1597,5.6789,7.5144,2.5402,3.549,-7.4464,-9.1841,-4.6047,3.0674,8.9827,-4.2177,9.0577,-3.9396,3.2899,-5.4977,-1.1824,4.6998,-8.6948,5.655,8.6883,6.1979,3.9675,-9.9537,8.79,-1.4676,8.981,-8.7324,1.3043,7.7288,6.9652,2.911,9.185,0.0583,-9.6457,-7.8933,-0.7295,-5.7006,-6.7313,-2.7746,5.2012,9.6671,-7.2804,5.0553,-7.8069,-7.8208,-8.6577,-1.4333,8.1176,-9.2177,-1.6845,-2.9208,2.3283,-5.7112,-2.6308,-6.0153,-3.7594,7.2831,-3.1592,2.3838,-0.9883,-0.6836,4.0137,-1.6421,-6.2752,1.1404,-5.7007,0.5292,-1.8107,-7.3679,-1.5929,-6.918,8.9298,7.489,9.7305,-2.6873,-3.7454,-5.4676,-0.5133
9.3196,-3.6728,0.7886,7.9242,-4.3394,6.13,-6.029,-4.0772,-7.727,6.6465,-3.5658,-0.8164,7.9244,2.0183,-3.7319,-6.8162,3.4216,-5.6502,-4.7983,3.0861,-0.3784,1.1675,-0.8764,8.1504,-9.1518,-0.0144,-6.2735,-2.4274,-1.2786,7.2861,2.9176,1.8657,2.1404,5.1149,-7.5964,-2.5218,5.6718,-1.0493,-3.3402,7.1763,-6.6175,2.6497,9.098,6.0426,-2.7567,2.4856,-9.0107,8.0516,-8.3542,-9.4645,4.6815,8.885,5.3681,5.6845,-1.3257,-6.2347,-3.4752,6.8477,-8.2673,-6.6973,-7.5849,2.321,-6.2643,2.6145,-4.0265,-4.9854,-8.7795,5.2588,0.7751,-9.6948,-7.22,1.3735,6.3461,2.0074,-2.7447,-9.4085,2.731,-0.8138,1.0715,-3.3928,9.5849,6.0815,3.2564,-9.9887,-5.0482,-5.0744,9.8627,1.3946,-3.236,0.2809,9.1876,0.9453,2.2078,-2.4072,0.1206,6.0827,6.4059,6.0151,-6.2254,1.6046,-3.8304,-8.1334,-6.9179,5.9904,3.8872,3.4944,0.4851,-7.1574,9.3601,8.0267,-9.0155,-8.7415,-1.2754,1.6756,7.0188,-1.7731,-5.4045,-3.8056,2.4532,1.7569,-8.2732,-1.6375,4.2212,-9.9149,-9.1651,-3.0975,4.5862,0.1181,6.8026,-3.866,6.1907,-8.6299,-2.4645,6.6976,1.0121,-8.1619,-9.385,5.7185,2.7794,-9.5155,0.8476,-6.2521,3.3758,-4.0548,-3.482,-1.1595,-6.6221,5.3053,0.6725,4.4364,-5.0815,-5.2743,9.9589,9.0241,1.6682,7.19,6.0632,5.1025,9.6757,-9.4739,-4.709,-6.0489,3.4728,1.7694,-0.6308,1.3168,-6.6081,3.9774,-3.8863,-5.6947,2.3111,7.3522,-1.48,2.074,-3.2033,4.8,4.3911,8.9377,-9.6144,3.9195,-3.7297,5.3142,-9.1771,9.7797,-6.1569,3.8139,4.4239,-8.3223,-5.9381,3.5671,3.4443,-5.4584,0.0681,-8.9839,3.8249,-4.222,-0.9882,-9.2347,9.4566,7.3995
1.2973,-1.6316,-9.3779,0.123,-1.1148,-5.5351,0.8562,-3.0261,2.6889,6.0849,-1.6435,-8.0935,-4.9063,-8.4797,6.7381,3.3152,-8.5103,5.6557,7.8944,-7.3206,-5.9478,-8.7009,-5.8938,9.7462,2.4634,1.5434,3.6256,0.4514,-9.4317,-5.2304,-2.0658,6.6655,1.9601,1.5052,-6.7419,8.0759,7.5479,-2.2641,0.7283,2.6108,-1.8804,-9.4366,-7.8054,8.6691,-8.8116,-4.5325,-8.3547,4.4361,-6.3824,-8.8138,4.7292,-6.3763,-3.5757,7.8898,-7.4933,9.2316,3.7816,-2.6732,-3.3104,-2.0241,2.1694,7.4704,4.9034,-5.1043,-3.3374,5.521,-1.7771,3.7866,-9.8207,-2.2325,-2.5949,0.912,-8.6717,4.1285,-1.0471,-6.3559,-5.8077,5.1873,5.082,-6.0952,6.0438,7.9247,-4.1409,-6.7288,-2.734,5.2603,-3.4746,-0.0852,-6.0395,-9.2836,8.0158,9.4929,8.2155,-7.6744,0.3366,-7.8539,4.6241,1.8282,-1.1785,-9.3007,-2.4938,5.6357,-2.4947,2.1038,9.9094,-1.804,3.5548,9.6285,1.1739,-4.6821,-2.8684,8.915,-3.92,9.1538,-0.204,1.1643,-2.6097,-2.4294,2.3231,2.7024,7.0387,-6.8176,9.6072,-2.0176,-9.9011,9.2574,4.0834,6.9653,-5.2006,-2.4652,-8.5008,7.0348,7.5727,7.5962,-1.9997,-8.4517,-3.1934,-5.4988,-8.0521,-5.5902,-4.3892,-9.7932,5.5664,-4.346,2.3587,-7.709,-1.3711,4.8666,2.0974,-5.704,-9.1512,-6.628,5.0347,-2.5308,4.3646,-7.6051,-6.5744,-1.6506,8.2768,-7.146,1.4274,-4.4343,-1.4966,-7.9286,-9.9466,3.0472,2.8269,5.8326,3.8125,7.2274,-7.4524,3.2244,6.4233,1.5287,4.3506,7.3225,3.0463,-7.1089,-3.0796,-2.1406,-1.1459,3.1109,-0.4475,-9.4791,-7.3121,8.5673,2.3947,4.3224,-5.0175,-8.1221,2.3709,-2.4174,-7.1837,9.208,-4.5028,8.5017,4.5056,-5.1137,-1.0852,-7.2516
5.5407,-3.6558,9.7415,-3.0015,6.3775,-1.9158,8.7973,4.23,-8.0552,-4.7778,-3.7136,8.754,3.9615,-9.0118,-6.1716,-0.9116,6.8905,2.8165,1.3726,8.2055,4.2343,-8.4586,-8.3145,6.2856,4.7352,-5.6052,0.6163,0.2896,0.7197,-7.8049,-2.2559,-7.8482,-7.5798,0.0034,8.4496,3.0009,9.4195,4.2721,-0.1507,-8.8148,-7.5173,-4.2676,9.0786,-1.1617,7.6375,0.1295,6.1327,2.9196,-2.0916,2.2344,-2.5378,5.7597,9.4353,-6.9542,9.5194,-6.5178,-8.7105,-7.9927,0.3277,5.5091,1.2901,-5.1759,-6.5537,-6.98,-6.7279,2.7722,-7.8633,1.1863,-0.0032,-4.6154,-1.5746,-7.8202,-4.8702,-6.8232,-3.8352,2.1102,-9.6922,0.0208,2.9218,4.2814,-7.8719,2.4248,1.5052,-3.1962,1.7405,-1.2473,5.4273,4.5706,7.364,6.8725,-3.6813,7.0972,-6.5127,-2.8437,-8.5902,9.9751,8.6894,4.0639,-3.017,5.3898,7.7311,-0.1954,-2.8067,7.9219,-1.5959,0.9411,-5.6342,-2.6033,0.1717,2.4821,9.7919,1.4099,-2.7622,2.6568,-2.1799,7.0599,5.5245,-2.2851,-1.4774,-0.9587,-8.842,2.9887,7.7812,2.736,9.7942,-7.7906,-3.8824,-6.8911,-1.8449,2.3755,1.3769,3.1606,0.1162,-1.4207,-0.8199,-8.9827,-7.55,0.1444,8.7939,-0.3776,-8.3689,-3.054,1.5469,-8.6548,9.3267,-4.0404,-0.1578,-0.9585,-9.2299,-9.9183,-5.6049,3.2408,-1.3747,-2.2938,1.1565,2.8895,-1.2617,-6.3188,-8.4157,-4.8704,9.0508,-6.309,3.8861,2.7355,-8.7982,-1.1869,-2.1655,-4.6727,7.6966,-7.4591,6.6241,3.801,9.0179,-0.8686,-3.9644,8.1119,1.0174,-6.3143,8.9886,5.7597,-8.9543,1.2878,5.3482,-2.7584,4.5238,-6.6962,-3.5799,-1.3744,-0.1498,-3.7995,-3.7254,-5.9714,-0.6778,-7.4911,0.0403,-6.8545,-5.8326,-7.7729,-9.0575,8.6492
0.2868,-0.0032,-6.9398,-2.7496,3.8466,-4.3328,0.7379,-2.5595,7.0643,-8.0295,3.3408,-5.9935,3.4147,3.1182,-9.8863,6.2353,2.4454,-4.2076,3.3799,5.0711,-7.6453,-9.2413,-9.529,1.4447,7.514,-6.1657,9.2784,-2.0527,-1.7235,3.0696,1.941,8.7181,3.6179,-3.5752,-4.2547,4.595,0.502,-6.9437,-9.4859,9.3241,3.9491,5.1309,-1.9656,1.1728,-6.8028,-9.612,4.487,6.9114,0.8901,-1.225,-2.1993,-4.3538,9.2362,-8.1701,-3.2699,-9.3301,1.7866,0.2194,-7.364,-3.6178,-2.7678,4.6276,4.5717,8.9636,6.1332,-9.0381,-2.2823,-1.2996,-4.3198,8.1344,9.3528,-7.2707,-9.8105,-5.7058,-9.5663,-1.6962,7.4139,-1.4844,-0.2399,3.1142,-0.9528,4.6887,4.2326,-6.2048,2.8183,2.0307,-1.3198,5.3469,-5.5143,-4.767,-6.6102,-9.615,5.9948,9.8876,-2.9699,-7.4262,6.8563,-6.5867,-5.6893,-8.256,0.0852,-1.3008,1.226,-2.7635,-6.4278,-8.854,-2.5882,9.6236,-2.4374,2.146,-0.476,1.6113,-1.2294,-3.7702,-9.5839,0.5502,9.5032,-7.64,0.489,3.7636,-5.676,2.8513,-4.5818,2.8315,-5.4486,1.0346,1.699,-1.8851,-4.2161,-4.3344,-1.7192,4.4048,-3.192,-6.9129,-2.7676,7.6084,-0.211,-4.1613,-9.1832,-2.4777,3.6591,-5.7292,5.1317,-4.83,2.977,1.411,-9.7814,9.7111,-4.4876,1.3247,8.2907,-3.2699,-3.4742,-4.5773,-6.4005,4.9487,-5.2647,8.2612,4.3851,-0.1015,-4.1424,-4.8871,8.8253,-1.6164,-8.0102,-9.9555,-2.474,-2.9341,0.482,-1.005,-6.5728,-2.3909,-1.063,9.4747,-5.1664,-8.4709,1.4135,-7.7074,8.4395,3.3483,5.4384,2.0936,9.3901,-4.0823,9.6017,-4.9686,-6.1079,-5.3115,3.9339,-0.0427,-3.9652,-6.8852,-2.9189,2.5835,-9.2978,0.302,8.6753,0.453,3.9393,3.2959
-2.0374,4.5708,0.2984,7.0408,-5.8642,-2.8414,2.0121,1.0414,-3.0558,8.409,5.8575,2.6283,-6.4649,-7.5783,-9.5038,1.5187,-4.5604,1.7866,7.2582,0.4271,2.2619,-4.5735,-6.965,6.4919,-4.7087,-8.7786,-9.6052,2.9081,2.1796,0.6165,2.8311,2.8519,-5.4997,-7.624,-8.9523,-1.8055,4.8433,5.8538,4.1737,2.3985,-8.3545,-4.466,2.4838,-0.8331,-2.6842,-7.0775,2.792,-4.711,-8.5494,-8.9315,5.5132,1.6619,-2.402,-3.1488,-0.906,3.7629,6.1896,-8.6639,-3.9184,-4.583,6.6873,9.3781,-8.5677,4.2014,9.7148,6.7203,-6.2639,3.2493,3.1507,-9.181,1.1031,-3.8425,1.0457,-4.1788,0.3576,8.7345,4.3357,-8.5165,-9.0463,-3.2636,-2.2288,6.8055,8.721,1.0202,-1.7544,9.0333,5.9013,7.3947,5.4198,5.783,-3.9308,9.7091,6.9383,-4.6731,-5.0609,3.1064,-7.4064,-3.8177,-6.3071,-1.5082,-6.6607,5.5346,1.964,-6.6725,-6.395,-1.5726,-8.2293,-3.0692,3.8516,-3.0752,2.3809,-8.8517,1.3887,-4.5019,-9.7121,1.4653,-0.4502,-6.8551,3.49,1.8534,-8.8365,2.9845,1.0875,-4.2003,-7.1701,-4.6021,-5.1106,-1.6685,-6.4815,-5.3996,0.7142,4.08,1.1571,3.8341,-2.7128,-0.0213,0.9076,-1.7618,5.4053,-0.4121,3.9615,-5.7694,-9.8941,-8.0071,0.8293,6.8473,2.9414,-7.0729,-1.6497,0.2376,-1.0174,7.3844,-3.2734,6.1123,-6.0963,-1.1943,-3.6818,3.097,-2.9856,-3.2503,6.333,7.0373,7.6781,-1.2552,1.476,-7.0952,-3.725,-1.6973,-7.6545,-1.517,-9.5084,0.9871,-2.1619,3.7449,9.0773,-4.2887,-0.828,9.285,-5.0648,8.3479,0.7686,-8.2217,-2.8477,4.8384,-6.6778,-1.6499,0.1258,7.857,-1.4677,1.0506,2.7722,8.6108,-0.6958,-8.0874,6.0488,-5.1763,-4.9544,-0.3176,-5.6573,-3.345
5.7991,8.2475,0.9423,6.0088,4.6939,0.7565,-7.2116,-3.7502,9.6366,5.9822,9.9231,-6.5131,-6.155,-6.1637,-1.9406,7.9646,4.0303,8.9107,4.0679,6.8275,-8.5814,-7.8221,4.9445,3.8782,4.0801,3.8643,-7.6154,7.5995,-4.7291,9.3582,-2.5885,6.8323,1.6152,-4.6878,0.2253,-8.1088,-2.3517,5.7105,9.0142,7.7392,0.6612,-8.166,3.4524,-1.2619,-3.373,-3.0122,6.0294,8.904,-3.0395,-7.8311,6.3898,9.3134,1.1159,9.1427,-8.9799,4.33,-1.8755,-6.2975,-8.1499,0.143,1.7788,3.0402,0.1186,2.2263,3.072,-3.4522,2.2598,-1.3068,-6.3067,-6.1281,-0.4229,5.9504,7.8667,-0.6569,7.8765,6.0506,8.7496,8.4619,-9.783,-3.4015,-0.9919,-7.9032,5.3955,2.7576,-9.8778,0.7802,4.472,3.2795,6.7688,6.2964,7.1513,9.7426,3.4657,8.3724,3.0715,5.1829,2.1831,1.0231,8.2616,-0.0368,8.8786,0.8898,-3.0507,5.6816,-7.0977,-2.9598,-8.4702,1.7589,8.7099,-8.0762,-5.6707,7.4513,-2.5808,9.6056,6.0006,8.0722,4.558,-1.7579,-1.7232,-3.6311,4.6627,2.5895,5.7511,-2.6899,8.0489,0.9568,3.4162,-8.9368,7.7402,5.8968,2.7364,6.7784,-2.5208,-7.2687,-3.8756,-5.9408,-4.4781,4.2617,-4.1113,-3.9204,-6.6693,3.8942,-6.5352,-3.8193,-4.3743,-2.6746,0.2028,8.1298,-8.9431,0.2167,9.5673,-9.0456,-8.5385,5.1739,-3.5811,-3.2008,3.0188,-8.4157,-2.4989,-5.2626,-7.7429,-8.98,-1.933,6.322,0.0931,1.7172,-5.4848,-7.3107,3.5576,9.7731,2.6744,8.0613,-4.6776,-9.6992,8.0867,8.8918,-7.9975,5.6278,2.7893,9.5484,5.7253,-1.0724,-6.1003,2.9582,1.2476,2.0449,-8.6308,-1.0814,-2.8827,-2.9139,3.925,-9.2031,-7.9473,8.7399,7.2866,2.2691,-1.2963,8.8419,6.2246,7.5356
5.783,-5.519,5.8038,-0.0241,-5.945,7.6141,-5.7758,-7.8051,3.124,-7.2367,6.969,-2.299,-7.7565,4.7279,-6.4879,3.6089,-6.8839,-6.0076,-5.768,6.2067,-5.6937,6.6473,1.0204,0.9649,6.1985,-9.9141,-0.5364,2.3887,-0.2512,9.1816,4.4384,1.7326,-1.6566,-7.1506,-6.131,-4.7836,4.5023,2.0665,3.0702,7.4651,-0.1457,-0.6374,5.8823,-7.0202,2.807,-6.1823,8.4972,-9.4384,3.5915,5.2771,1.5406,4.606,-9.3285,-8.9836,-0.7119,1.9162,-9.4933,9.4063,-7.1273,-8.4929,-2.4585,-7.1631,-1.5071,-9.9619,-6.8397,6.62,-9.7516,-5.2279,7.7612,-5.719,-2.7263,-6.696,-4.0664,-5.277,1.2991,3.6781,-4.7815,5.2266,2.4078,-8.3802,-5.7392,-2.0954,-5.0894,9.1806,5.4002,-2.5936,8.5203,5.1174,6.5312,1.1602,-6.6414,-8.7789,7.4506,1.3688,7.2444,6.179,-7.7193,-1.41,9.2437,-6.2254,9.3927,-4.6592,6.8829,-2.4588,3.816,9.7723,9.3198,-5.2789,6.3455,-6.453,2.4848,2.8538,-0.0131,-4.7233,8.829,-0.4285,-0.96,9.3599,-4.0912,-4.8091,1.8296,-9.6851,9.9648,-6.0873,-6.1092,-2.8917,3.782,5.5747,9.598,-0.6235,7.2583,1.3489,-3.9977,5.4903,7.6973,6.9047,-1.7657,3.8518,-2.2628,-0.4656,-3.9124,-9.301,2.0283,-8.2404,6.3227,-4.5864,0.4274,-9.0601,-0.1725,9.5604,6.9876,-3.4857,3.4211,7.0519,0.8709,3.1273,-3.3547,-8.9758,-3.0827,5.7186,1.8488,6.6191,6.8098,-8.7031,-1.0468,-3.128,-6.6545,-1.6849,-7.111,-4.3356,6.4045,-7.1016,8.2016,7.1701,3.9792,2.632,-8.3946,-7.253,4.3562,7.2132,4.6935,8.9914,-1.6283,-6.6435,3.2757,4.0076,2.4646,-8.925,-3.0788,5.1065,5.8897,3.9663,-8.2076,-0.8017,9.0752,-5.9598,4.8706,-6.6842,-5.2844,3.7577
-0.3076,6.0882,-3.7049,-1.7333,-7.0621,9.0895,-3.6745,-8.4344,-4.718,6.3284,-4.8901,4.0529,6.7204,-7.7644,6.2091,4.9366,-3.7273,-6.6603,-7.4608,-3.8859,-6.3505,-3.4432,3.306,1.2129,0.4756,7.3353,-0.3244,-4.9963,2.0874,3.2888,3.612,-3.324,1.1023,7.4412,-7.462,-8.5138,-6.6119,5.6015,2.3945,-9.349,2.6912,9.6462,-2.6742,4.0303,5.1166,-7.5165,8.35,-1.196,-2.0907,-3.2227,-7.1157,-5.9311,1.6679,3.5701,-0.6493,7.1565,-3.5982,9.807,1.1401,-7.3049,1.5674,0.5314,-3.9961,-6.7569,4.8073,1.865,-0.6629,-7.9019,8.2644,3.9162,-2.2018,-1.791,-8.3186,1.0568,0.3544,-7.2564,-2.6457,-9.0221,9.0854,-0.8429,3.1642,-8.9371,5.6329,-2.72,8.4575,3.0193,-0.5775,1.994,4.1881,-8.8122,-5.4662,-2.2948,7.1543,6.6758,-9.541,-5.0447,-3.548,5.4922,-1.4556,4.8219,-8.0974,-3.023,-9.1864,7.9528,-9.6512,3.6918,1.6105,-8.0076,3.4862,-3.6717,8.6465,7.7588,1.9605,0.103,-3.2489,3.0097,4.5855,3.384,-6.4195,8.6824,-6.9085,6.2084,-0.9861,7.0745,-8.4862,-0.1506,-3.6466,-6.7694,0.0998,4.9453,-0.7703,9.9556,-1.4077,3.7721,3.6638,7.7187,6.786,-5.7127,1.9938,-1.4326,-0.2046,2.5674,-2.8284,4.1961,-1.9829,9.2582,0.0795,6.2469,-9.9754,2.4339,5.9068,-8.4654,-8.8719,6.483,9.2367,3.7687,0.6593,-5.0321,1.2451,0.5298,3.1823,9.629,-6.1411,-5.9671,7.4726,7.2346,-8.6412,-7.4611,1.969,-5.4017,5.0074,0.677,2.1566,-3.7252,-3.7765,6.5444,-3.8683,-9.082,-5.4927,3.4218,-9.2697,-7.3419,3.3158,-0.5939,7.8522,3.837,-4.0846,2.3645,8.3011,6.9206,4.9154,0.5087,5.6737,7.2414,-5.4934,9.4762,5.2564,-7.1388,5.6084,-8.2924
4.9554,9.5673,-7.1996,-3.9803,7.6136,2.0961,0.7941,8.2689,-3.3114,-4.1448,9.646,-1.5216,-4.0352,-2.4006,5.9966,-2.5281,-3.3069,6.3456,-5.8967,-0.2114,1.7792,5.6161,-4.6081,5.8529,-6.2039,0.1797,-6.9942,0.9916,6.2503,7.9173,-9.3789,8.7641,-8.8559,-1.4305,0.3427,-1.9793,-0.3963,1.5925,-9.7293,3.7336,-2.4808,-9.2543,6.7529,-4.7317,8.1408,-9.9142,9.7364,-6.5691,-7.4558,3.3126,-4.7093,-1.5472,2.8137,1.9583,4.5416,-6.4229,-6.0222,-5.9462,7.7882,0.9116,9.6759,6.3069,-1.5419,6.4476,-0.11,-1.1877,2.3315,-0.7766,-9.4757,9.2995,7.859,2.538,-1.361,2.782,-9.1681,-3.9229,9.6452,9.7612,-8.1367,-0.3614,7.7687,5.5447,-2.7633,-3.6789,6.6289,-9.1583,9.6327,-4.9635,7.812,4.7571,5.3725,-6.7107,1.7927,-8.1221,-0.6963,2.728,8.6283,1.0961,7.6905,-2.6071,2.5497,1.757,-5.5958,8.3812,-7.231,6.8485,-1.0171,-0.1233,-0.9193,3.3317,9.4087,-3.2057,9.6262,-4.5346,-1.7216,-3.6825,5.7161,9.9597,8.0954,-3.9643,1.2539,1.421,7.2352,4.6926,4.9889,2.6956,6.5141,-0.8444,-0.3555,4.218,5.0836,5.5175,-9.7845,7.5568,-1.2015,-9.9007,6.175,-4.6728,-1.1067,-5.1428,4.5951,-2.9257,7.685,7.2701,6.8308,-7.6955,4.5409,2.9093,5.3939,-6.426,-3.721,7.4643,9.2141,-9.248,3.4255,0.6852,-6.8943,0.4448,9.9145,8.5659,-1.3382,8.4093,-6.461,7.8514,-5.4083,2.5016,-7.2989,1.0381,-5.1667,4.5652,-7.4319,-1.2509,-7.0746,-7.0471,-9.0559,-5.5174,8.1351,-6.4419,-1.9617,-3.7095,9.7708,5.8184,6.5923,-6.4994,-2.0864,1.7728,-3.8689,1.3293,3.5878,8.2404,3.2626,-8.6988,6.0492,3.722,-8.2172,-4.3631,-8.3337,-2.3234,-6.1785,3.6429
-6.8541,6.7805,7.7133,-9.2594,-7.272,-8.7717,-2.956,7.471,-0.6168,8.9199,-7.1132,-2.6092,0.4825,-4.9938,-2.1685,6.6607,7.0667,-1.3516,6.6992,-9.6972,4.9376,-2.2622,9.9593,9.4408,3.9471,-8.8241,-3.9754,-3.7081,-6.3283,0.228,-3.1286,2.7706,-3.7963,8.1732,-7.5855,6.6252,-0.1196,4.745,5.3052,4.2826,-2.3476,9.5051,-9.6451,-5.5726,-1.9866,9.2842,0.8724,3.5518,7.5669,7.6431,7.0774,-6.9942,-7.9792,5.5579,-9.0452,8.2911,4.0821,-5.4013,-3.0134,-2.3993,8.3056,-1.1178,7.0608,6.2801,-8.4219,-7.513,5.2285,-2.0316,7.506,-1.9779,0.7682,2.3258,5.6232,-9.3145,7.8772,-7.8858,-7.0509,8.2058,7.0804,-9.1335,2.1941,-1.6771,-7.6339,-4.2584,-5.2814,0.6911,-7.1782,-7.4004,2.2536,3.9526,0.915,-8.7826,2.4384,4.3143,-6.8008,8.0374,2.2171,2.0091,8.6787,8.1056,5.7116,-7.7633,-9.2447,-4.2361,-4.6883,-3.725,-2.5521,-9.1596,-6.1643,-9.4558,-4.9877,1.4571,-8.3976,-1.7671,5.9313,4.8034,-3.1619,-9.471,2.2951,4.2577,-8.4232,6.4352,-6.049,-2.3418,7.5109,-7.8813,3.7711,9.5884,-4.0395,4.9157,7.9727,2.4465,-5.0586,-6.2004,-9.0404,2.9445,-3.1974,-8.9013,6.131,3.4504,-6.2302,-4.7729,-9.4746,-4.3249,1.7866,-6.6162,1.7583,-4.4003,-2.5578,-0.9415,6.3656,4.3568,-8.6565,-6.0448,3.2378,-1.4735,-3.3332,7.4887,9.5294,0.2329,9.3886,-2.2919,3.4437,3.0806,6.5288,-6.3153,9.4406,8.3529,4.7939,-4.4438,-7.351,9.0799,0.1704,1.1112,-4.2161,4.2343,6.7378,9.3126,-4.7702,8.6732,1.4359,-2.9178,-5.5918,9.9535,-5.9742,8.255,-1.9437,-1.6102,-4.5683,1.7998,-8.8428,-2.8235,-3.2386,-8.4972,-9.3445,-4.5972,-7.0551,6.8343,-8.331,5.7278
-4.5493,9.7075,-8.589,9.2409,4.2344,-1.0254,-5.312,-6.944,-2.9063,3.2295,1.1054,-2.4548,-5.4939,-1.7355,5.7916,3.4409,-2.523,7.9854,5.8022,-0.5083,-5.2998,3.6845,-5.2619,9.4878,7.1052,-0.1997,3.8332,-2.1259,7.707,-1.9762,0.5107,-7.8993,-6.1876,-3.0542,-5.8458,7.7586,9.7679,5.8937,-9.1983,5.5572,4.1879,3.2782,3.2946,-3.487,-7.1987,-7.9385,7.8075,6.1559,5.3219,4.8595,9.2011,-4.1069,3.7764,-8.9245,8.5312,4.5839,-0.854,-3.7384,6.2269,-6.8559,-2.8353,-5.9339,-1.5063,-0.0524,-5.9898,-2.6953,0.3988,-9.7836,1.4588,3.7669,6.8657,5.8918,-4.0833,-6.0091,-8.2535,0.0116,-6.176,-2.7458,3.7903,8.105,5.906,-5.3055,9.516,2.6099,-6.5583,-9.1616,-3.9938,5.412,1.7782,1.5996,4.8318,0.7736,-0.626,-4.9702,-8.3162,-6.8813,3.5006,3.9401,1.8855,1.1117,-2.6997,-3.0531,2.24,0.0583,1.1236,-3.0404,-9.5273,4.0031,-8.9878,-7.8836,-2.0046,-7.3276,0.0253,7.5121,1.0664,-3.4712,0.742,-7.2955,6.6492,0.3688,-5.3928,4.3954,-4.7554,-3.9954,-7.3999,-5.0582,3.1715,8.9693,-1.654,1.5168,-3.5069,1.9075,0.4142,-3.6849,1.8321,6.9508,6.1223,7.3612,2.9923,1.3716,6.407,-6.2593,3.0416,-3.1995,9.6188,3.8965,-8.2678,0.558,2.9205,-5.5689,7.9486,6.9161,-0.631,-9.3974,-6.0718,3.5063,0.1543,-0.8782,6.8947,-3.4774,-2.9064,-0.4317,-4.9919,6.535,-0.3902,-2.499,-9.8009,-6.6629,8.0395,0.4495,-9.103,-4.6195,9.5603,-0.0978,9.7275,-7.5949,-2.3428,6.8348,1.8897,0.7672,1.4365,-4.7972,-2.315,7.5179,-2.4749,-1.6745,5.1768,5.3451,-5.5267,1.2808,9.4414,-7.0962,-9.7506,2.315,-7.4911,-6.7127,7.9414,9.0334,-0.6939,-3.8713
5.2632,-9.4542,5.081,7.1193,1.7413,-8.6549,-1.4731,-3.9449,-8.1335,-1.5792,-8.7898,-8.577,-3.9121,5.1069,-9.1255,4.0056,9.1626,-5.3909,6.4503,-7.1728,-6.9653,-4.1694,0.1872,3.7685,-9.356,-0.1932,1.6874,0.2046,-3.9713,-5.2127,8.4163,-6.4738,-1.8975,-4.2143,-2.6565,4.0286,-8.7592,2.7098,-3.935,-0.2407,6.9435,9.3095,-4.5976,-8.5738,7.7627,-1.9617,4.3784,-8.8222,-9.0854,-8.3868,-2.1929,-5.2196,9.9393,-3.0758,4.504,-2.7375,-6.0467,6.6057,2.9882,-6.5487,4.8412,5.4833,9.0574,-5.3722,8.4153,3.3427,2.6526,7.2137,-9.6599,7.0122,-6.9803,8.9274,-9.3625,8.6194,4.0275,-6.3855,2.7574,-9.1291,4.4562,5.4482,-5.158,-8.7409,-9.7692,-6.1937,-0.7947,0.0474,6.6247,-6.6306,-3.91,-5.9857,2.9115,-5.2817,-0.4339,-1.6353,2.8575,3.6489,-3.9557,-2.268,9.3721,1.5946,-5.2908,-1.3744,0.107,9.317,6.1854,0.9534,-3.5435,-7.7083,7.3812,-9.9127,-7.6905,9.6095,1.6405,5.6702,-9.4898,-7.9992,-2.9554,8.2184,0.8795,4.0619,-1.7344,-4.3506,-5.9241,5.9357,3.8437,-6.2073,9.5917,3.3586,0.401,8.348,-4.7223,1.6669,3.9947,7.4754,2.8008,-7.2022,-8.6922,-6.6941,9.1658,3.7832,-0.3774,-9.5825,5.5238,-6.6684,-2.1983,-8.7351,-3.1041,3.9915,-4.3798,3.4503,7.1891,0.76,-9.557,-7.2347,-2.9461,1.0114,-0.8726,-2.1223,-1.4282,0.5822,0.1759,-0.0857,-9.9342,-4.6262,7.9744,-3.3382,-7.6957,2.9024,6.4692,2.9166,-9.8903,-1.649,8.4887,4.6079,4.2288,2.6119,-7.4138,5.8037,7.2657,-9.0368,-4.5936,7.633,-5.2608,-6.2262,9.6659,-9.9728,-8.676,-2.5245,-2.4984,7.2928,8.9728,-3.5842,-6.5081,-9.5716,-8.0068,-5.6286,8.3943,0.5691,0.0391,4.5484
2.0119,9.2497,3.2696,2.1545,-2.4321,-3.2111,9.4564,-4.7792,4.9503,-6.4241,-0.1583,9.6526,-0.0694,1.6496,6.7422,0.0831,5.8913,9.7339,0.046,-7.5689,-4.1657,-5.9536,2.2802,0.0498,-4.6114,6.3102,5.9741,-2.6903,2.0901,5.7726,-2.4508,-2.9033,-0.7428,-2.6695,-8.3698,6.9117,-5.6598,8.6879,-7.2567,1.4231,-1.8557,-1.7649,2.7288,-4.0781,-7.7116,7.4927,3.5048,-5.181,0.2665,-5.9759,8.919,-7.788,-0.8337,-0.6147,-1.7472,-0.11,6.646,3.3912,0.805,-7.2136,5.0945,-6.1391,7.5616,-7.3985,4.3909,7.4892,-8.4877,3.8864,0.7166,-9.3818,1.3672,-0.1737,4.3251,4.0376,4.9167,4.4138,4.2138,-0.6529,-8.5707,3.9469,-0.9133,-0.4045,3.2077,-5.1058,9.0462,9.1007,-6.8525,-1.1129,9.7449,0.8102,5.87,-3.0997,-9.2768,0.1742,9.5536,9.401,6.1618,-3.7535,0.5903,-3.0149,6.6116,-6.9408,-9.3904,-8.3205,-0.1659,8.5267,-7.5514,4.6746,8.0772,7.8383,2.1138,-0.5714,-4.7518,-4.3404,-1.5412,9.5413,2.7093,7.0238,-0.7966,4.7117,6.2645,5.6385,-2.2981,1.8314,-1.6262,-8.76,6.5065,4.8769,-7.5986,-4.5791,9.2333,-4.3912,1.4504,-8.7683,-8.6159,1.8029,9.5305,2.7088,-7.1222,-9.6101,6.6841,5.7911,9.6992,-8.4384,-0.8445,-9.3195,-6.8757,-6.8242,-8.6606,7.4397,-4.856,5.4343,-5.1514,-1.8505,8.0316,1.6195,7.9933,-8.439,-1.1761,8.126,7.729,-7.3994,6.9479,5.4004,8.7505,6.5264,-2.2559,1.4392,3.8994,8.2314,0.1269,-0.192,-2.6139,-0.0463,0.0302,5.6225,-7.0084,2.9427,-0.1709,9.7243,-9.8364,6.427,-0.7812,9.6003,5.7277,2.8177,-0.8121,-9.3776,0.605,-8.796,-6.0362,-2.5286,-7.9306,2.7966,5.6111,8.2126,-6.4108,5.4453,-9.5793,-9.1328
3.8483,-0.4815,3.9063,-7.3453,-0.5506,5.2867,9.5499,6.6869,-7.5206,2.7893,-0.6089,7.3591,5.0561,-1.4062,9.1222,-9.1763,-0.1331,-5.4424,-9.218,-8.4415,-2.7594,7.6772,-9.183,-8.423,4.119,-1.0485,2.2533,-5.6894,5.1227,-2.2943,4.4625,9.813,-7.9471,-1.689,-1.3372,2.0337,9.9346,-0.6139,-8.0823,-0.952,-7.2069,-0.4425,-7.0727,-0.2685,8.3431,1.4723,2.9281,4.4086,2.3097,-6.698,4.5502,-1.3755,5.9836,-5.9526,6.4437,-5.7633,0.8133,3.1419,5.3489,4.4677,6.3849,8.9854,3.3839,2.2721,8.4763,7.1823,4.8095,-1.3058,-3.2919,8.2499,-2.1689,5.7934,-7.8953,1.7873,8.2513,-6.0651,-3.7733,-0.0129,-3.005,-0.0832,6.3693,3.4122,8.272,-8.6258,3.9142,8.7676,-2.6287,4.1674,-9.055,5.0474,5.6643,-2.1026,6.6914,-7.9222,6.4376,-5.7684,1.4698,7.823,3.9185,-3.8433,-9.9426,6.1573,5.039,-8.2031,-7.3257,-6.0094,-2.0719,3.1047,8.3416,-1.8799,2.1325,-0.403,1.4905,-4.135,3.9931,5.4897,5.0281,-5.8568,0.6057,-9.7234,-0.5302,8.9734,5.0502,-3.7396,7.2709,5.0513,-6.69,-1.9165,0.1971,6.5143,9.2444,9.4812,8.4416,9.2395,9.2399,-1.49,-2.435,-4.197,9.3459,9.4025,5.2743,4.7798,-9.1856,-9.7411,-3.9604,8.1066,-5.8698,0.6862,-7.4267,-5.1402,-6.9991,5.154,-8.4794,7.9767,-5.2077,9.128,5.2638,-1.7389,5.453,4.1252,1.0581,1.1552,0.5566,-2.4308,-3.9159,-1.7878,-3.9962,3.4324,5.2892,-5.1422,-0.0939,4.2802,-4.8487,-4.9577,5.6214,7.1797,-7.6112,2.0834,8.0048,-3.8963,-1.999,0.8313,-4.2348,-7.2524,-6.572,-8.3262,-9.7642,3.36,3.2481,5.6673,-9.6188,2.3233,9.9319,9.4966,-9.3673,9.6829,2.134,9.3123,1.144,-6.422
-4.3429,8.7266,-1.3937,5.672,-7.8879,2.2162,-0.7491,5.3436,3.5595,7.1849,-3.6286,5.0097,-9.7653,-1.4943,-2.3866,2.4239,-6.3216,-9.7353,-4.3459,0.2874,-6.9105,5.6585,-5.1009,5.3757,-9.0873,5.8178,-2.3354,-4.1412,-4.6683,2.2815,-4.7699,0.379,-5.2557,-8.9688,6.6228,7.7057,6.4697,-9.5642,-3.6389,-1.6676,-8.3127,7.8907,2.3874,8.7533,4.4354,-5.7183,5.0416,1.6115,0.3119,7.9301,-9.0574,-9.947,9.3978,3.5857,-2.5248,-8.9985,-2.781,6.3564,0.2645,9.2248,9.8256,-2.742,3.8738,7.9466,-7.763,9.7447,2.1765,0.1861,-3.2339,-1.401,-4.588,1.6332,0.6034,9.449,-9.6481,-4.4427,-7.0615,9.3597,-6.3891,4.4719,-0.3343,-5.9551,-7.4252,7.829,-4.8819,8.6565,-6.0114,5.3428,4.9921,-5.5999,-0.6288,-1.2588,-9.5299,8.6784,-0.7767,5.2383,0.9537,-6.9761,-6.9034,-0.2255,5.9915,-7.135,3.435,5.9552,-4.5035,-6.1949,0.3492,-6.0222,-6.7331,0.3635,2.9833,2.2917,-5.5355,-6.7519,-9.6157,-0.702,-9.0535,3.5922,-7.3762,3.1715,3.8719,5.7793,-1.6629,-1.3042,2.025,8.565,-3.951,-2.942,-8.3897,3.0562,-3.3665,9.6772,5.0466,4.6724,8.5232,-3.1494,-8.1384,1.3819,3.261,6.5231,-6.9099,-1.2145,-0.7987,-5.9933,-2.1402,-8.4452,-6.2155,-4.952,7.8039,-0.2745,-9.4033,7.2769,1.6949,-6.1628,-0.8722,9.4534,7.061,7.9536,-4.5015,-0.4019,8.4528,5.1792,-8.7652,-6.7056,-4.8908,3.5367,1.0764,-1.9585,-4.9488,-3.1538,-8.9405,-1.2902,9.1216,6.8172,8.2662,-5.4529,-2.3201,-5.5384,-7.9208,-7.1316,7.8064,5.3332,-2.0814,-0.4828,-9.5838,-7.9,9.118,9.5617,3.0187,8.8426,4.8345,2.7199,5.9651,-9.0683,6.3575,2.0548,-9.7003,0.9112,-3.7556,5.9527
1.6311,9.2186,6.1748,-2.2795,3.4764,-1.7365,7.7151,9.1254,5.684,7.6627,9.6693,-1.149,3.4823,2.3779,-4.2239,3.9583,-4.7166,6.7622,1.7945,-7.3645,-1.6247,-3.8279,6.9015,7.1318,0.8493,-3.4857,6.2818,0.694,-7.1328,2.8157,3.4214,5.6896,-8.1724,5.5756,0.8563,-9.2055,1.0667,5.877,-0.2083,5.8118,4.9771,4.1126,-2.5955,5.612,-6.4099,8.5379,-3.5081,9.3969,-5.0258,3.7779,-9.1029,-1.3634,-9.2931,-5.4508,9.9446,-9.595,-2.6907,-9.9999,1.8887,-1.1633,3.9214,7.3045,-7.8018,3.8498,7.1087,-3.4679,-5.4383,-4.3488,4.2248,-3.9944,-4.1165,-4.3518,-3.076,6.0312,7.2272,8.2402,1.6221,4.5356,0.3271,-1.5516,7.7386,3.6927,-7.9439,6.0876,-0.6987,1.5005,7.714,-8.2272,-0.7053,8.3775,-9.673,2.6663,-1.5137,6.8398,2.6815,9.2608,9.4165,-2.1505,-3.2365,4.0032,-1.0232,3.7654,-2.0291,2.1115,7.2478,8.3242,6.3211,-5.3196,7.2449,-3.0552,4.6204,-9.2269,-9.0265,-8.0288,-0.6586,9.1023,-6.977,-5.2639,1.5804,4.7267,5.7383,-6.2978,3.9272,-8.0651,-6.901,-2.0147,-4.6791,2.1596,-4.5028,-6.2957,7.3215,4.2718,-0.1391,-3.7345,-2.0916,-1.9556,7.1616,-1.16,-0.4813,-1.8943,-4.1133,7.9089,-6.0052,-4.5242,-8.531,8.5777,-2.596,-1.0872,6.8965,9.1058,2.218,3.4686,5.7363,9.4459,-5.8418,1.9881,-2.2649,4.4103,-7.0287,-5.5412,-8.1126,-9.4144,-9.6533,-9.5601,-6.9437,1.5881,2.2117,9.6118,8.5323,-7.7295,-5.1302,8.6478,-7.1051,9.4056,-6.4809,-8.8426,4.3814,4.1636,-8.0218,1.3828,-3.5653,6.7461,2.3333,-0.6496,-9.5653,-5.8345,-8.6597,2.7566,-5.0979,-5.4024,-9.3458,-3.5629,-7.673,3.2925,7.583,-2.6809,1.1677,-6.5679,2.7003,4.2042
-1.8663,-8.7283,5.0133,-5.5791,3.3435,-7.2096,4.3394,-4.0569,9.1459,5.0941,3.4788,0.7508,6.5821,8.3346,-3.524,4.3773,-0.7885,2.4503,3.377,-9.4059,1.135,4.8967,-9.5219,-3.4246,1.9275,9.5902,7.1827,4.2448,4.3564,-2.0587,-2.1318,-4.0829,-1.5966,1.3107,2.4965,-6.9314,5.6458,-4.3995,-2.4075,-7.3825,-1.8563,1.4868,-4.7473,5.6826,8.4159,-8.6324,3.4726,-6.5003,1.8998,0.7814,-5.0856,-5.01,2.3173,-4.7099,-9.2962,5.2541,4.5782,-2.9771,-0.9409,3.6163,1.1001,2.0858,-3.2774,9.3125,9.683,-2.6648,2.1617,9.6473,-7.0294,2.4922,-2.983,-3.4714,-0.8897,5.8326,-9.672,7.9478,-6.8807,6.5048,0.5785,2.0568,3.7476,-3.3148,1.5119,3.0469,0.7974,5.694,6.367,-1.5468,-8.8092,-5.2887,-0.2005,-6.9354,-3.0964,-5.5781,3.153,4.9497,-6.1858,-5.9819,0.6305,1.7854,7.1748,-2.3854,-0.4186,-9.5895,2.7591,4.9721,-0.3756,-6.1669,-0.4417,-4.6715,6.4769,-1.1308,6.0821,8.6166,-4.7797,1.3451,7.8493,7.4033,-4.8702,-9.0784,-0.975,-1.5861,6.5591,-6.874,2.4122,-3.8745,-1.0804,8.4125,5.9824,-0.2551,4.917,2.9843,8.5088,4.7616,9.6093,-3.7475,-8.5214,3.5209,6.2396,9.2397,7.8116,-7.7566,-6.9536,4.0361,2.9051,-9.457,0.5113,-2.215,-3.809,-9.7156,-8.8488,7.2791,-6.8112,3.9608,1.3343,3.7323,-4.563,-5.8152,-5.3128,-5.2259,-1.3033,6.4562,-0.0852,6.9725,7.3227,-0.6245,4.7699,-8.8545,-9.4871,4.0842,-3.7233,-5.3179,0.9994,-5.0006,8.5162,-7.1406,4.7622,6.6622,5.5104,2.7518,6.7488,2.05,6.6158,-7.1123,-4.7037,9.9663,-3.8223,-4.1888,2.3895,-5.0701,3.5891,-4.9832,-8.4384,3.8601,4.5859,6.5386,-9.1119,-7.0659,5.1558,-8.4994
-5.9612,2.0318,3.0653,3.8376,0.3516,-1.8211,2.7338,-9.1636,-2.6096,-0.6147,-0.4214,-7.0724,7.4978,-0.5677,9.7258,-3.5698,-8.0074,-8.8383,-9.3805,0.8841,-5.8866,-7.6711,2.692,2.0842,-6.1468,1.8669,5.1657,-2.6089,5.4469,0.3146,6.9045,-5.7845,9.1681,-1.4039,-5.9941,-7.2173,-0.5434,2.6253,-0.0335,-6.2574,2.8984,-3.0569,-6.1876,3.8084,9.7391,7.8104,3.943,9.8844,-2.5746,-5.2866,1.8105,6.4402,-1.8231,-2.2047,9.9104,-7.4961,4.2385,8.629,-0.9162,-0.152,-5.5439,7.5778,-2.0196,4.0459,3.7985,4.0887,1.3249,-7.6375,-6.1713,7.9752,-5.249,-3.5631,0.6484,0.694,6.3202,-0.5176,7.4002,-7.0951,1.2421,9.7292,-8.094,2.1121,-2.0342,0.0888,1.7991,-2.33,4.3633,-2.5681,-0.7015,3.2708,-1.7638,1.917,-9.1667,9.8729,-2.6418,-4.5365,4.9047,9.106,9.1905,4.4095,3.0741,6.3605,-8.0889,1.873,0.0103,-4.7668,6.7415,3.0776,7.4893,6.3176,5.1104,-7.1509,2.3007,-8.2295,2.265,-3.9692,2.2548,-2.8555,-0.5569,-3.9917,-6.0499,2.4706,4.6464,0.0661,-9.6626,-7.3558,1.8561,-1.8276,1.9128,-4.4432,-7.2463,-4.1914,2.7906,-4.7881,5.8476,-2.2698,-9.1756,-0.4137,-4.4991,7.5018,-4.3024,-2.7249,5.016,8.4283,8.7424,0.775,-8.9593,5.5043,-9.3328,4.2209,-1.5348,4.6282,-7.5864,4.315,-5.1491,-5.4469,-3.8005,3.1147,5.2867,-7.9624,0.0688,-2.8294,2.8172,-3.0541,-6.2182,-7.6379,-8.1871,-5.5622,4.5603,-6.6254,6.3015,-2.8733,2.1985,2.2445,-7.167,-9.856,8.3744,-0.3756,-7.6142,3.1174,2.6351,-2.8507,-6.5669,4.6692,-3.785,-3.6292,-2.18,2.7558,8.5782,-2.2359,-0.1662,4.1834,-7.7794,-3.6803,-1.8507,-3.2071,8.1192,-3.5599,8.931,2.836
