-6.9335,2.3838,6.7239,6.3162,9.9049,6.1609,6.3023,-4.1156,2.9433,9.9615,4.0466,0.4828,-9.0147,5.5249,-0.6697,1.8059,4.1526,-1.3691,-2.8443,-7.6699,-1.6287,4.4199,-3.8013,-2.4733,8.8378,7.3344,-7.4179,5.1198,-8.9557,-7.0107,-2.9022,-7.874,-0.5665,-4.8759,9.6017,-3.5496,8.044,3.1744,5.6235,-9.8407,-6.5287,7.3516,-4.0718,-4.6585,-7.3776,1.6973,-3.0705,0.8175,-6.7587,-7.7846,0.9645,9.9552,7.509,5.3686,-9.3134,5.7422,3.6373,-4.2807,9.2072,5.1493,-7.9501,-2.7614,-4.6128,6.4524,-5.9959,5.8944,5.6599,-1.0698,-8.2821,9.6875,7.5314,-4.9456,0.578,7.725,-1.5959,9.5536,2.0105,9.256,9.4686,-0.8807,-3.3018,2.4555,6.9933,1.1179,-2.5373,4.2633,2.0514,0.1522,-6.8523,-8.4394,9.1846,8.068,9.2474,-0.9289,-4.8794,4.6755,7.074,8.155,8.4756,-2.2144,6.081,9.5085,-1.2312,4.4148,8.0338,4.7083,0.7273,0.7357,-4.9915,-7.4131,-3.8223,2.3921,0.1604,1.9269,-2.1746,-2.7923,9.8439,7.5197,7.9216,-2.2865,2.3986,2.747,7.8455,9.2584,5.1114,-5.0059,-7.1324,0.3719,3.8846,7.0928,-5.0736,6.1484,-2.5865,4.3203,8.7379,-8.2472,8.7718,-8.9101,6.3537,-9.1969,-0.7961,4.642,-3.0872,-4.3505,-3.5169,-8.4993,1.4662,2.7094,8.2954,-1.7571,-0.3674,7.2701,-4.6577,0.7315,3.7303,2.2857,-5.0458,-6.1384,-3.6293,0.9055,-6.9674,9.9977,-8.2623,8.0219,4.5039,8.3614,-9.4101,0.2518,-3.7029,-3.6317,2.7211,9.3302,7.0985,-9.5019,-6.0563,8.2754,-9.9161,4.3934,2.0676,-1.5782,8.4435,-6.6624,-1.4985,-2.1515,4.397,8.8384,-6.9829,2.1641,7.1406,8.712,-1.4781,4.2655,8.0609,7.9914,-9.5923,-4.0446,0.9109,-4.3114,8.7238,5.526
8.2387,-7.7936,8.3077,-9.8336,9.1486,6.2503,3.8023,5.821,-1.126,6.66,-1.6103,0.3772,-5.7521,5.1117,-9.997,1.2944,5.6538,-4.8528,-0.4571,0.4542,-8.0225,-0.7393,-1.2514,0.649,-6.3939,2.4775,8.5206,-4.0706,8.7888,2.9257,9.345,-4.5596,-4.4465,6.9867,-3.7381,-4.7996,2.6581,-8.4296,-0.4379,-5.6504,-4.2732,-6.5869,2.3474,2.293,7.6205,-0.2405,-2.8888,6.6941,9.6998,-3.33,6.3783,-6.9492,5.6431,-4.7915,-0.9884,-2.0733,-2.91,-1.4738,-1.0906,-2.35,2.1286,-1.0972,8.083,-6.8619,7.0201,0.7453,-3.2381,6.0328,-1.0042,5.4996,0.6912,-8.9127,-4.903,3.1883,6.2634,-2.4238,-1.3172,3.3192,-8.7293,-7.6333,0.932,3.8967,6.2409,-2.6916,-7.8495,0.5131,3.9558,-3.1001,1.4045,4.7002,9.2269,-6.8554,-7.0985,6.4349,7.7916,-9.2573,2.2219,4.1621,0.5698,-3.8239,3.7756,5.7108,-2.5809,-8.9554,7.456,-6.1405,8.5804,2.3633,-3.3832,8.012,-5.5545,-7.3339,-9.8149,-3.6836,5.654,8.565,-5.547,1.5537,-1.4496,2.7484,3.021,4.9511,-7.8839,-7.0602,4.4998,-5.9023,9.826,-7.0008,-2.5545,-5.0569,-9.7164,-0.4512,-7.8276,3.9584,-4.7139,1.5073,-8.555,1.6948,8.7197,8.503,1.986,2.2053,-0.7392,7.8169,-4.9504,-0.422,0.3965,-3.3853,-0.3988,9.5746,-1.4879,8.3237,-0.4918,4.7812,1.2379,-2.1186,6.2906,-9.2761,-4.568,-3.3527,-3.6653,-9.8739,5.4793,-5.385,6.0449,9.7298,-2.6947,-2.1196,-4.6667,-6.527,5.4971,-6.0518,-9.3265,2.751,0.6031,4.6013,5.6747,5.1957,-3.7965,5.5428,0.1961,-2.8403,3.7008,-2.4356,-5.6714,1.2017,6.3248,3.9962,-1.3259,8.1617,5.7406,8.7667,8.9117,-9.4527,7.5947,9.7435,2.4391,-0.4106,-6.3619,-3.3465
8.1167,-1.4162,-1.0467,-6.1349,9.0313,4.0428,7.1474,3.3435,-9.9997,8.5032,-5.0469,-0.2586,-1.639,4.7368,-4.3833,-9.5589,2.6687,-8.1114,3.5179,-8.3222,9.1458,-3.7072,-8.6644,0.4035,-7.5982,5.0838,-5.2812,-5.6031,4.6581,8.8919,-5.4477,2.5167,-9.8508,-8.8796,9.1612,2.4703,-9.7008,-6.6317,-1.1507,4.2636,-3.0429,-1.9572,8.492,2.8388,-3.8968,3.8661,4.0737,-6.7582,2.6326,-5.6889,3.8822,5.8689,-1.9157,-0.7473,-7.3507,-5.3211,8.9039,7.3457,4.5201,1.0276,-5.6918,-9.8084,-5.9605,2.1851,-7.6919,4.2007,3.9522,7.8747,-0.7258,-0.6032,-4.3532,5.5091,-2.9637,0.8155,3.4372,8.2824,-8.8238,4.427,-0.9265,7.9957,1.8483,-7.6552,7.3526,-0.963,-7.7745,7.6229,4.9499,-5.5285,0.1503,-4.4665,3.7959,-6.5313,4.9893,5.4496,-2.7188,6.4545,-9.5317,4.8394,6.4802,4.6901,-9.7288,2.2693,2.5377,-2.6573,-4.4151,2.1221,-6.2932,6.3338,-0.0728,-6.1908,-9.1633,4.5003,-7.1177,-8.8927,5.2246,5.1013,0.6419,8.8162,-8.3931,6.6753,-2.9246,4.1456,-6.1856,-4.5691,5.9781,8.7177,-8.0949,0.6992,6.023,5.7037,-5.4966,-5.2748,4.1771,1.588,0.1847,1.8436,3.206,5.1097,1.8786,3.2584,9.5817,6.8704,2.4048,-6.1546,-7.5884,-5.1159,-9.4343,4.9593,-4.9946,3.8559,4.0748,9.4505,-1.5546,0.7766,-0.0635,-1.2515,-2.6031,4.4581,-9.4368,-7.1649,-1.1164,3.0254,9.7185,-8.9545,-6.3245,-2.7277,2.9376,8.2646,-2.3849,1.5878,-2.324,2.0669,-5.1019,1.0082,0.8933,-9.3912,6.2644,-0.4555,9.4463,-9.0553,5.2276,7.1144,-5.1551,3.2186,-9.818,-8.371,5.9776,2.3644,4.1668,-4.5085,-2.2943,-5.7331,5.8954,3.8985,-8.2288,2.6974,-4.7937,6.5788,1.8263,0.2966
5.5262,4.5762,8.4476,2.4254,4.4016,3.7102,-8.5538,8.4591,2.7345,-5.9093,-0.8401,2.9323,5.8998,6.6089,7.0033,1.9653,0.8545,2.1666,3.5955,-3.1298,7.7094,-2.6108,-3.3699,-6.5871,-6.3032,-2.0018,0.095,4.3761,-4.439,0.7751,2.7832,0.0366,-6.8004,-6.3611,-0.8615,-7.4812,-9.5169,-4.51,-9.3095,3.1461,-5.0588,2.423,-6.4507,-0.1318,7.6365,4.1694,-8.6143,3.7303,-1.9277,-7.3105,5.2201,-6.4564,-7.4092,-0.0304,-5.2328,-1.7031,-7.6162,-6.9382,-2.2718,-1.608,-8.14,-5.8831,2.1108,-9.5764,-0.8488,-1.3612,6.0222,-1.767,-6.1053,1.0315,-8.205,-7.1695,-3.6154,1.4364,-2.4541,6.9862,8.8559,-2.2086,1.6808,-1.2622,9.9868,-9.6921,4.1744,-5.3715,-4.6653,7.6769,-4.0547,-0.1324,5.8925,-5.5957,-9.7128,9.1146,7.5665,6.0555,-6.6893,-7.0912,2.983,-6.9126,-5.4736,1.2299,4.7848,-2.4469,-4.1649,8.8161,-9.6341,-8.5813,7.995,3.8566,1.6464,-9.0691,-8.4817,8.8192,-3.4924,0.4632,-3.0214,-5.5994,-5.5571,1.6173,1.9739,-7.2872,6.5905,4.105,-9.6345,2.9423,5.1207,-6.3962,7.6933,1.5089,-0.2329,-0.7009,6.7383,-9.9276,3.5835,-7.0329,9.9035,0.9888,-8.7937,-4.3913,3.6708,3.7021,-4.9039,0.0914,8.6202,-5.7721,6.9672,-8.9706,4.7482,0.729,0.92,9.4542,8.2073,1.9551,-3.9785,5.2199,2.6545,-7.0526,-0.6605,3.1938,-9.5746,-8.8617,6.3085,-2.7397,-8.5494,4.8661,-0.9041,6.3521,-4.9905,9.3472,-6.8178,8.0205,-5.3377,7.1304,0.89,0.0387,8.9485,-3.8543,-9.955,3.487,-6.407,7.4883,4.1609,4.2917,-2.1153,-0.4748,-7.5538,-6.1965,2.9942,-7.2374,-2.1988,9.915,-5.0037,-4.3957,0.2635,-6.4341,-9.2806,6.7193,2.2767,4.8838,7.1151,-0.6946
-5.4785,-4.5669,-1.7095,-4.8028,-1.7967,9.9117,-8.0128,5.2249,8.36,-0.2487,2.0487,-8.4862,-1.6016,-6.0905,-3.5082,-2.9473,-5.792,5.8,7.6184,9.2097,2.2058,-4.7652,-3.7559,-5.6679,-7.4743,-3.778,-1.9745,1.3785,-3.1119,3.71,-8.6107,-3.9773,0.4947,-6.3194,-3.9392,-8.7364,-6.7541,0.2939,-1.5197,-2.0427,-1.8491,-9.0202,-4.3835,-9.1068,6.0044,-1.1464,-3.7768,5.7811,-0.0365,-6.6465,-1.5897,9.7196,2.1077,2.6144,4.8758,-5.541,1.2303,-9.081,9.1107,9.8097,2.7652,7.1068,-6.379,3.8338,9.6213,-6.5265,-9.563,-8.5656,0.2942,9.4185,0.7177,-1.9772,1.8276,6.7376,-2.9997,5.1143,7.4367,9.2837,-7.4968,-7.4209,-9.9547,3.4542,-3.4822,6.2777,-4.8225,4.3916,-0.5359,-0.8816,-4.5842,-4.2519,-4.8825,-1.1657,-4.4631,-8.6549,8.5149,-3.9986,-0.7652,7.4668,1.9258,5.2132,2.1286,-6.6107,-5.7036,-8.5656,-5.4268,9.1213,9.6359,-7.0231,4.4601,-8.1973,7.4712,7.6953,-2.726,-8.7223,0.2097,-7.9176,8.842,8.4371,-4.3432,-1.1448,-0.7971,-0.8566,-8.871,-2.4735,-9.8248,3.0427,-4.1521,0.9915,2.0771,-5.4185,-5.0751,-0.9936,7.1642,-3.3591,3.8461,7.1849,5.4501,-0.1853,8.0992,-2.6075,3.0291,2.6541,7.7962,-7.7737,-0.7028,1.2051,9.285,-5.2857,7.1896,3.3349,2.1148,7.339,8.1528,-3.6217,9.739,-2.8886,-3.8872,-0.8478,-3.3536,6.517,-1.5317,-1.4463,-5.0444,1.8925,6.1909,-6.3785,-6.8745,-3.6519,-6.6245,-8.4409,-3.8167,2.1646,-9.7369,1.5675,-4.2074,6.0611,1.4298,-2.4354,9.1009,-4.1117,5.7841,7.7141,3.8202,-7.2832,-2.5306,-0.4983,0.5834,-9.1409,2.5514,0.4001,3.6106,6.5093,-5.0459,-7.2791,8.703,-6.9781,7.6563,4.0898,9.6492,-4.5719
-1.6193,4.7933,9.7381,6.6407,-2.2751,2.9078,7.1144,4.9879,6.6182,-4.7444,-5.382,1.4186,8.3375,1.4491,-9.0695,-8.5075,-3.9982,4.5018,0.8071,-3.1967,4.7863,4.9903,1.6201,-7.1152,9.5402,-3.0918,-8.8435,-0.6423,-6.8786,6.3075,-6.7976,-5.1137,-7.8481,0.5084,9.4322,-3.0669,-6.5831,2.978,1.3716,-5.6081,1.0095,9.0215,-1.773,-5.99,-6.4052,1.2726,-6.9831,6.6491,-8.2005,5.3071,0.9583,-7.3783,3.7149,-9.0352,9.8621,-5.6919,7.6741,-7.1039,-9.8992,-4.2559,7.7169,4.1965,1.2357,7.5519,-6.6419,1.5068,-4.2306,6.3815,3.4487,-1.8993,3.5216,-0.8631,4.1329,3.7442,-0.5755,-1.2293,1.834,-4.255,-8.2201,-4.8649,2.4587,-1.5418,-0.0196,-0.5435,-5.5506,6.2864,-2.5345,1.0104,-6.521,7.4048,8.139,8.1166,-4.4057,-2.1058,-9.8972,-3.1166,-2.0235,9.702,7.5562,4.3718,-9.4821,-0.993,6.6438,-5.2615,7.5094,0.7474,7.777,-5.4375,-7.8898,1.1202,-4.2072,2.3914,3.0786,7.6489,3.5769,7.3877,7.3327,2.3381,2.4247,2.8498,-1.267,9.6951,7.7979,-6.611,4.9638,3.9407,-0.556,-8.7352,8.0045,-3.9058,0.721,-0.4521,-9.0068,2.9761,-9.2599,-9.2841,3.2591,3.5065,-8.4241,-2.9145,-1.6543,-1.5279,1.3405,2.515,7.9335,-7.5436,-6.119,1.8149,1.7629,-0.8491,-6.1737,5.1816,7.4581,-6.3843,-9.0657,-1.8652,7.197,1.4045,-1.7661,-3.5753,-7.3421,-5.2297,0.5086,7.6181,-1.2166,9.849,-0.7517,0.3545,-3.9427,1.4727,-6.4105,2.6086,-1.2792,-1.7198,2.3443,-4.3983,5.1402,-2.3089,-6.1234,-6.149,-1.8627,0.2412,1.9278,-9.3275,-3.7224,0.2459,-3.0952,7.4954,-7.44,7.3528,7.6687,-0.8544,-9.7526,-9.9619,7.7932,-9.4613,1.0997,-7.433,4.2801,2.1148
2.442,-6.2382,-5.7806,-0.1572,-6.2869,9.1158,8.041,-3.6525,1.1623,-8.5248,8.0949,2.7942,8.3472,-9.4603,-7.9751,5.845,-8.4053,-8.4668,-8.8154,-2.6105,-3.5393,-4.5104,4.2554,-1.9997,2.1492,9.7247,5.6833,-0.0423,-8.9457,9.4882,-6.9005,0.8949,-2.2526,7.0378,2.0501,-0.5908,-0.8374,0.2418,7.9369,-7.7499,-8.9445,-8.9416,2.8416,8.2025,-1.7911,-1.5735,4.8751,-3.6173,7.0971,-7.6013,4.0476,5.9002,2.3735,-8.7907,8.1317,-6.0344,7.2128,7.1701,4.0998,-1.6406,-0.1416,-8.4729,-8.4803,4.1168,3.6545,7.6584,-2.7223,5.2433,6.0494,9.6035,1.945,-1.1916,-2.8853,1.2029,-8.7029,9.1853,-2.8703,3.9679,-3.1112,-7.074,9.6701,-3.7704,4.8587,7.037,6.1914,8.2839,-9.6439,4.4113,3.1532,-6.1069,3.3027,1.64,1.2806,7.0794,-6.0042,6.3549,1.4416,4.321,1.8955,3.6754,-4.4731,-8.8415,-6.8824,-0.1356,-8.0541,-7.2668,-8.0158,9.4463,-4.2064,-5.2961,1.6102,-8.6475,0.2524,5.33,0.5117,-4.7869,4.0305,3.9305,8.1339,-4.5822,-8.1936,6.2077,-7.9408,1.7263,3.9631,6.3801,4.9076,-6.601,-7.5789,1.5882,2.8204,-9.6745,3.4778,5.9894,-4.8934,-9.1845,-7.4484,-7.5723,-5.1216,5.7467,-5.9606,4.162,1.671,2.6054,-5.2595,-6.327,-9.4809,6.0188,-7.9486,2.5923,0.1688,-2.241,-5.9297,-2.9905,4.7367,6.8763,5.7429,9.9384,8.3467,-8.1958,6.5669,-6.5359,-0.1677,-6.9722,-2.6404,-2.5472,8.1676,-9.1647,-5.7,1.3667,4.4446,-5.2481,-5.0411,-6.2925,-2.4228,-4.1893,5.3617,-0.4304,-3.522,2.6291,5.0514,3.5522,-5.8774,2.9223,6.5287,9.277,1.4206,-3.1551,-6.6682,2.7933,6.5868,7.044,-3.6174,5.6165,-4.9137,-9.0057,-8.8217,7.29,-8.6781,-7.9462
-3.3999,-8.9842,-4.791,7.8287,-4.8021,5.9447,8.6915,-2.2491,3.7942,5.0368,-9.9805,3.3298,8.7815,7.2512,-2.0202,9.2914,-1.4571,-0.9325,0.6841,-3.9519,-0.6799,-3.2571,-2.0216,-2.4039,-0.4508,4.8749,8.9367,9.1015,1.1649,-5.2459,6.9259,5.682,-7.278,7.8456,-6.175,-9.6347,-0.7032,-2.7123,-2.4794,4.4225,0.5104,5.4987,9.9505,-3.2114,8.2269,-1.6629,-5.7805,-0.8353,-8.5201,-5.5207,-8.3302,0.518,-1.5477,1.7648,-3.303,-9.8362,8.8144,-3.5034,0.9949,1.564,-2.349,-9.7952,-8.8843,-4.8325,2.3963,-7.4037,8.2046,-3.5712,3.3162,-6.2037,-1.621,6.0612,-4.7934,2.472,-0.021,5.7595,-3.8926,1.018,-3.7868,8.5138,5.7019,-9.1154,-1.6533,-1.7928,2.1301,-5.553,9.5609,-5.3744,-5.7286,-1.5462,-9.2202,1.9358,0.616,-6.3354,-3.7551,-4.9895,-2.0325,6.107,9.5618,4.9669,-8.0481,-7.7786,-3.1154,-5.2785,3.4232,2.0818,0.1291,-4.2457,-8.4822,-1.2015,-6.1181,5.4519,8.42,6.1641,-0.8719,4.5642,7.3194,-0.7887,1.4645,7.7437,4.6033,1.1005,1.1598,4.1437,1.2711,0.5709,-3.7477,-0.2568,-9.9076,4.6818,3.5823,-7.1073,-0.4781,-0.7081,-2.8346,-6.4224,-2.6851,1.216,1.544,2.1631,-1.853,-6.9238,-9.2064,1.2729,-7.7373,8.4619,7.1865,-5.8284,9.5464,6.3401,4.5563,7.6768,6.7224,-7.3368,5.968,-4.7449,-9.0015,-5.0716,2.3544,-1.9488,7.9837,1.5302,-6.1787,-0.201,2.0733,-6.9288,1.1922,-7.0197,-2.3281,-2.722,-1.1739,3.6827,6.2892,-5.3226,-8.1798,-0.2935,-7.7765,6.4389,-7.5696,-1.1067,2.8433,-7.7614,-1.4302,-8.9024,-0.2128,-0.3796,-9.5336,0.1811,4.8773,1.1198,-7.04,-2.1109,0.0974,1.6687,0.9255,-8.4143,-8.4102,-6.0174,-6.6851,-2.7078
4.9877,-5.91,-2.527,0.5719,-7.1825,-6.672,6.6062,0.2086,0.3791,0.6192,-8.7091,-0.2979,-4.9653,3.3099,-9.7399,1.6366,2.1507,4.1142,-0.6558,0.7727,0.1526,0.129,-7.1143,-0.919,2.7393,9.7826,-6.42,2.5843,-9.393,3.0059,3.4867,-5.4682,0.4127,5.5004,7.189,5.4273,5.0702,-1.2601,-8.5796,9.5073,2.2843,-9.8187,-5.6237,-5.0836,-0.921,6.1219,-9.0127,0.3874,-4.5087,6.1048,1.7916,4.4914,9.6259,8.3732,-8.0053,2.2856,7.4533,0.1529,0.0147,-6.5816,-1.0742,-6.2744,-7.9764,-2.1713,-0.2763,-0.7992,-6.864,4.1514,6.9538,9.1253,-1.2868,-2.6948,-9.7263,0.9798,1.341,7.515,-0.9159,-7.3016,0.4892,0.0912,4.6088,5.4805,8.6996,-6.0278,-4.9513,-8.9078,2.458,9.4286,4.7604,-1.1137,-6.2855,-9.6573,7.9458,6.8263,-4.8049,5.1229,-7.9501,-1.4692,-5.1133,-6.3796,8.6221,5.2454,-5.5494,1.9511,6.6703,8.4235,-7.5842,1.9478,-0.4936,0.6293,1.333,5.2964,-0.4964,-6.5992,9.0085,-0.5163,6.4355,-1.495,1.1795,-5.9627,-1.1104,6.1948,0.1159,7.4549,0.1947,-0.3843,-3.7084,-2.0095,-5.5222,-1.9427,-3.2516,6.8622,3.2216,5.6323,-7.2626,-6.9412,4.5823,-7.5287,-1.2954,9.2103,-8.2264,-9.1406,8.6083,3.8835,-3.1709,-8.1016,-6.8387,9.0187,3.1142,6.2009,-5.8832,-8.8369,9.6613,-2.3476,9.3214,3.5443,-8.0622,-9.6317,-7.3838,-4.772,-5.4824,-0.3596,-1.7707,-7.3763,-3.3822,-0.687,-5.328,-4.2477,6.6443,7.0508,2.5544,-8.7305,1.3411,-3.9091,1.9352,-0.7934,0.5208,1.8327,4.5573,-6.5537,0.4442,2.9198,-0.2218,-5.7767,0.1897,1.1556,6.8281,6.6656,-9.7604,-3.6039,2.2922,4.0489,-8.7803,8.2803,7.3885,2.2106,6.0899,-4.2226,7.415,-9.354
5.7447,-4.0583,-8.4964,8.1338,4.5003,8.4523,4.3108,-9.0342,4.0433,-0.0174,0.4031,2.642,1.5589,-3.1837,8.2682,-3.0861,-0.3778,-9.4746,9.4357,-4.1227,1.0112,7.6416,3.792,9.9363,7.2473,-9.6417,-8.5677,1.3947,-0.2902,-6.8256,0.7684,4.9891,7.0454,8.1932,-9.6165,-8.1178,-8.9271,6.7588,-5.465,0.1583,9.97,-6.1964,-2.1601,5.9002,2.8345,8.6745,6.8978,-4.9249,1.2539,9.2348,-8.2985,-6.8104,7.4055,-1.9238,-0.0024,-8.2029,-9.2631,-2.3238,-8.6254,7.8896,2.3514,7.8138,-3.9205,-0.5304,0.0497,8.9977,7.7886,-3.8332,0.2769,-9.8823,-4.1577,5.122,-3.062,-3.1639,0.7846,-0.6852,-2.592,-5.4271,-4.0979,-4.471,1.5004,7.6939,4.8151,-0.3173,8.6314,1.1837,-3.1515,9.2166,-8.5295,-8.1691,-2.773,-6.8145,4.6905,1.5563,-3.4142,2.5739,-2.6927,-7.2044,1.5929,8.9548,-8.3124,-6.8183,2.9959,5.7994,4.1847,8.3612,-2.0262,-0.9537,-4.0179,8.4765,4.9857,0.9858,-5.5821,-7.8839,-9.1856,7.8955,8.9072,-8.9737,-1.6515,-4.6601,1.3325,4.4618,3.3349,0.0765,-9.8214,2.145,1.4665,6.8743,-1.6994,1.6417,-4.9691,0.0109,1.5667,5.2882,-9.8556,1.346,6.1109,-7.7033,7.302,-4.4616,5.2808,0.2085,-4.8707,8.5538,1.0912,5.0665,1.9283,-1.3957,3.8389,9.1841,-4.6137,-7.6391,6.1099,-0.2471,4.6942,-1.676,-6.2996,-9.0689,-4.4378,-5.5226,5.4647,-1.6764,-3.3704,-0.3894,-8.096,-1.2583,1.6843,-8.884,-4.2634,1.8943,-7.2434,8.2219,5.0736,2.0226,-3.9345,0.109,7.1757,2.105,0.3095,5.4117,-3.5607,7.0612,8.7927,9.539,-2.2163,-4.4853,-4.8828,-3.3103,4.2352,1.3777,-6.7593,5.8261,0.2653,6.3841,1.4239,9.9281,7.4537,0.0848,-2.8962,2.0967
-1.0355,1.055,-6.5078,8.4413,-0.005,6.2881,-2.9498,-6.2461,-4.3615,7.0704,-5.6822,-7.3726,3.1406,-9.8131,-4.7873,5.4118,-8.4034,9.1335,-0.0819,-7.9193,5.4118,9.3854,-6.3805,-1.1699,6.1124,-8.3123,9.3676,-3.6436,9.2302,9.1695,2.2573,-1.9844,2.6602,0.4817,-0.1421,-5.5882,-6.2573,-3.8297,-1.5226,2.2834,-2.7983,-9.0154,9.6434,-6.6407,-6.4779,-7.8283,8.9566,9.3994,4.2452,-5.4519,-4.513,-8.6573,0.1141,0.8126,3.4788,-0.7879,9.1758,3.9404,-4.415,-9.8272,2.7737,6.4129,2.2981,2.8902,2.5138,-0.5573,4.4684,4.4444,9.365,8.3004,-6.588,-2.6601,3.6169,-5.808,0.7238,5.8816,0.4173,7.0217,-0.0332,-4.6812,5.0628,-4.6627,-3.6982,-0.7318,-1.611,-1.3126,-3.5234,1.0429,-4.3196,0.3352,5.0244,7.6558,6.5112,6.8856,5.7321,-2.4555,-5.1653,-3.0845,-8.3265,-9.8004,7.1592,7.7399,-3.0006,8.6117,-0.9196,5.3358,-2.8488,9.1906,-6.406,3.4508,1.8608,-0.1573,-5.6087,7.2491,5.8673,8.1519,-3.5306,-0.1656,-6.1568,-2.89,4.5543,2.245,-0.4859,-0.9787,2.7144,2.8553,-9.9776,7.8984,2.9226,8.8346,-0.7086,-2.1988,6.6771,2.0244,-5.1325,6.2487,-1.9475,-7.6072,-1.6328,-6.8435,9.9045,-0.719,2.5838,-6.5127,-1.1828,-3.7224,7.8878,4.2476,-8.6544,-5.3591,-4.1808,-1.3975,-2.8836,0.1388,7.5939,0.8101,6.9748,0.078,8.0946,-9.6599,9.7202,5.3923,-0.7755,4.5099,-5.1436,-3.0397,4.2891,-4.1227,6.5428,-6.6278,-4.5543,-3.4913,-6.3516,-0.1074,0.3493,4.4273,7.8339,-2.4134,-3.9518,9.125,-2.8337,-1.909,7.0076,-5.0863,1.1335,0.5906,-2.1751,6.7861,-3.9499,-0.9438,2.9006,-2.6205,-3.1995,5.9845,-3.7458,-3.9546,4.3736,-5.4755,2.4284,0.374
9.7497,-1.0386,5.8661,5.5929,-9.719,7.7281,0.0781,-0.3304,-3.1353,7.6185,-7.1427,-7.9199,5.1873,-2.4923,-1.1184,4.6931,1.7814,-0.4957,4.1204,-6.6029,-5.419,-2.7069,-4.1284,-0.8445,-6.8936,3.097,-3.2419,6.5797,-4.4291,2.5033,9.302,9.8774,-0.2504,-8.7556,7.9656,-3.5951,-1.1505,2.9711,5.6325,-3.1662,4.3347,5.0256,-2.3886,-2.3672,1.3121,-6.4696,3.7872,-5.0109,6.6323,8.5565,-9.4258,-9.2032,7.1736,9.386,8.2254,-9.5576,6.8747,-5.7311,1.8372,-4.2851,-9.8961,0.8545,7.9966,-8.5081,-9.2782,7.0964,-5.9189,-3.252,-2.1572,-4.5112,4.1011,-8.1633,3.538,1.039,2.2312,0.1353,8.3319,-6.4125,3.2704,-0.4413,-8.4463,-9.3744,-1.7536,4.4478,-3.7235,8.3368,3.5728,5.2555,5.1909,-3.9577,-3.7496,-1.0342,6.0779,6.2722,-6.3669,-9.6171,6.6233,-6.278,-2.9217,-1.5724,-6.5414,4.9692,6.2091,-1.176,-2.3578,-2.7184,-2.7617,-5.7781,5.5104,-7.9005,-3.9138,4.5583,2.0354,-1.8873,4.9451,3.8161,-2.8482,-4.0189,6.5185,6.1973,0.0724,7.1459,-6.7881,8.4804,-6.7655,-4.5389,5.9662,9.1306,5.0194,4.6022,3.4589,-0.3357,6.1948,-3.9006,2.5309,1.7063,-0.961,5.945,2.453,-1.6861,-3.6722,-1.5386,-0.1897,2.4292,-7.4249,4.1857,-0.8938,3.0227,1.3095,1.6956,-5.6095,8.4421,-3.3797,-0.5835,-1.2935,-6.0601,-7.697,-2.1048,9.4744,-8.3067,4.4602,1.7521,2.6959,4.4987,-1.2274,-7.6697,3.9857,8.7294,1.3186,-8.9413,8.1293,-4.4547,2.1204,-2.739,6.821,-5.5001,-9.3569,-7.0917,1.2208,-2.3718,3.7507,8.0331,-1.3307,-1.5638,-8.431,-2.9482,3.2304,-5.2271,-8.0077,0.2505,8.5969,8.7963,-8.4501,-6.0775,-3.2726,4.8988,3.2215,9.6517,6.585,9.2179
-2.4905,4.9482,-0.7035,-1.6783,9.2705,-2.285,3.4703,1.0404,8.2759,2.1821,6.7365,-2.9906,-6.2857,-1.1939,-5.4215,-6.0363,8.4772,-6.9871,0.0961,-6.1958,9.6253,1.0348,-3.9872,4.4809,2.8991,-6.5527,-8.4206,-7.9107,9.693,-1.6165,2.8415,-4.7995,2.4229,1.9198,8.1338,9.0397,-7.5241,-8.2412,-5.7892,0.4781,-0.8481,-0.8996,-4.3011,1.849,-4.5434,-4.37,-1.3979,-3.0454,-2.8825,-0.3699,-0.4739,0.8969,-7.5541,-0.6131,-0.4505,-7.4259,3.9371,-0.3655,-4.8837,-2.163,-9.3008,-3.1706,-6.8556,0.3074,-3.0103,3.5142,-8.1076,-9.7755,-8.4383,-8.8814,-3.4214,6.3325,1.5878,-5.8539,4.9714,-3.5222,8.0246,7.2277,0.3883,0.8167,-7.3503,-1.5915,-1.1102,3.1599,1.5835,2.5114,-0.7274,-0.4692,7.3965,-1.3915,0.9268,-3.8727,6.7034,-8.8891,9.9605,9.571,-3.0732,-1.8159,5.5089,-7.8206,4.7108,9.4896,-1.268,0.7853,-4.7818,-3.6737,7.5523,-9.2718,3.1406,-8.3727,-5.7194,9.8718,-3.2881,-3.0565,-0.1707,-8.0324,1.8369,9.2273,9.8331,-4.3559,-4.3596,3.2968,9.8763,-8.8785,-1.8852,-2.3927,9.7748,5.74,6.5223,-1.4315,6.813,-0.2173,6.6324,0.7069,9.2305,8.552,7.004,2.2429,-9.3276,6.569,9.0222,2.3012,-1.8344,9.2244,-6.4686,4.2812,-7.5113,0.1547,-0.2018,-0.2711,-4.897,3.0699,6.6489,-8.3827,-8.3913,4.1386,5.2976,6.3506,-5.6961,-7.4749,5.0666,-2.6897,-8.1435,2.3592,-3.6001,-8.6267,-9.2261,-3.9854,-8.2304,-4.0873,3.1471,-2.7656,6.494,6.6852,-5.9044,-2.4152,3.0147,7.5943,-9.954,-0.7845,-5.0141,-8.0551,-1.6197,-9.7452,3.0797,9.2939,8.5505,7.8468,-5.5859,-7.2436,-4.2762,1.5458,6.194,-1.7238,1.9683,7.7373,1.1138,6.996,1.4431,1.6985
0.242,3.3167,-9.9043,-3.7753,-5.1435,8.2484,-9.8463,-7.0371,1.6718,8.2792,1.6205,5.0445,-9.4679,-1.3883,-3.5852,4.758,2.755,-3.445,8.4734,-1.3,3.016,-7.4433,7.5363,-9.1605,-3.876,8.9579,-7.4359,7.6757,6.5256,3.7334,-3.9737,-3.1587,-6.3271,0.0012,-7.0798,-0.4596,6.4213,-1.0928,-1.1063,-4.948,-0.8001,0.4499,4.6431,-8.3166,-1.4805,6.4997,-3.3705,9.6829,-1.5884,-8.4515,-2.6873,4.9713,4.8151,7.4391,-9.104,-3.0976,8.0154,-6.5945,1.7766,-5.0009,-0.4658,3.1573,7.0866,6.0556,5.3579,9.2228,-9.0004,4.6643,1.0361,8.4011,-2.5965,-4.0689,-1.4276,-1.6224,2.5454,-2.5865,-6.5127,2.1831,4.2484,-4.2549,-9.7783,2.0231,1.0102,0.4069,-1.3401,4.5011,3.6416,9.9845,4.0731,-0.4511,8.681,9.3588,6.5437,2.952,-9.3047,-8.3421,5.7313,3.1397,-7.5715,9.6019,-5.6676,-5.5741,-1.3593,-6.7795,9.3678,-9.9418,-5.1828,4.8196,-5.8067,2.3986,-2.528,-6.1232,-2.0074,-4.7728,6.3925,6.072,-2.9693,-5.6808,-1.2404,-1.3991,3.1723,-4.3669,-4.4918,4.7823,7.561,9.9116,5.1291,1.9182,6.9101,3.1672,-9.1528,-2.9414,-5.8612,0.5766,4.1508,-6.8873,7.0657,-3.8097,-3.7882,3.6567,4.4019,6.6068,6.9082,-8.1935,2.8111,0.4214,5.9161,-4.3832,-1.2411,-2.9329,-4.6302,-5.71,-0.8475,-9.399,6.4025,-9.7875,-8.4972,-6.3867,0.0245,3.9815,8.245,-4.2609,-2.2549,-8.4439,6.8861,-9.6978,1.1567,-2.206,-9.9809,9.094,-9.8657,8.2599,7.0331,-3.8012,3.9172,-6.3111,2.1442,8.8626,3.7531,-6.5077,-3.6308,8.1323,3.234,-5.5076,-0.701,-2.572,-2.8085,8.7039,-6.2688,-3.9827,-2.1244,5.3225,-1.0001,2.0806,3.7067,-4.472,-7.8127,-2.1686,-2.9574,-8.191
-4.4557,8.8005,4.3352,-1.2556,-7.2989,0.2457,-5.3748,1.6047,-3.0575,2.8095,-4.0081,0.0719,5.1901,5.8247,-7.9648,-4.5119,-1.0177,-4.0086,5.3364,-6.623,-2.2446,2.1174,1.0157,-9.3758,-0.3457,-3.6935,-1.268,9.6766,-6.0697,0.4899,-4.3387,8.0658,-7.8727,9.1249,0.6089,-5.8249,-0.1972,3.2725,-7.948,6.3628,-6.8118,7.2594,2.5604,-7.7035,-6.6815,3.2753,-3.7075,0.7142,-8.7013,9.2345,-3.8183,-5.6026,0.1058,-5.2153,7.2995,-0.966,-0.1476,1.2424,6.1366,-3.7009,-7.3884,1.1491,7.5849,-2.7128,-8.5375,-7.1234,-2.3709,8.3371,-0.1944,-3.4355,-4.0396,-9.6304,-8.4003,-8.0648,0.947,-8.5245,-3.177,4.5601,7.9484,9.0288,-4.3843,9.8767,1.2615,-5.8618,4.1697,5.5523,-8.4313,6.5798,-6.5297,-1.5478,-4.5789,-9.2986,6.995,-0.1267,7.6911,-3.6437,5.9384,9.9294,-5.1231,4.8335,2.5682,9.8648,-7.6595,9.2783,-2.0382,-4.7253,-5.3189,5.3343,-0.4239,7.8707,-2.3796,8.5246,0.5707,-1.619,0.1647,0.6224,8.9059,-4.4572,1.6556,9.7235,-7.9675,7.4229,5.9176,-2.5475,7.5625,3.8431,-2.0642,2.0852,2.7078,2.8657,-0.8243,-3.3445,-7.3264,-5.6097,9.0017,-6.7339,3.5824,-6.1044,3.5117,-0.4174,-3.6509,-1.5125,-3.7933,-9.7076,0.2427,0.1562,-6.5023,5.2276,8.3872,4.2593,5.0036,1.0451,-5.6109,-7.8296,9.3098,5.2205,3.6058,-6.7301,3.2722,8.0888,-0.9311,-2.7437,1.4039,7.0937,7.3456,2.6564,-9.2086,-2.3842,-0.0551,-0.6208,9.7675,6.0628,9.7384,-6.0959,-4.7704,9.9277,-4.6964,-2.2544,-7.5352,-3.2689,4.0245,2.8793,4.0367,-4.0787,9.9414,0.9866,-5.2881,0.9043,-8.4595,9.0658,-0.2025,-2.7196,5.7213,-1.2879,-3.4119,-2.6762,-1.5242,0.1199,-9.7777,-1.4803
6.8996,-1.0906,7.0424,-2.1367,-2.6367,2.6399,0.5759,7.231,-8.6595,-1.4189,7.972,3.7657,-0.501,-3.3573,9.0789,4.6704,-0.1439,3.1007,-1.6319,9.0633,-1.3618,4.3537,-6.2898,8.576,-6.6545,-6.3818,-9.1622,1.7179,4.9162,2.3194,-5.1119,3.8175,3.3754,3.4065,4.405,2.3355,8.4133,-5.0388,-0.8709,8.4961,-3.8856,3.7724,7.4486,-9.9845,-3.0446,4.7485,3.2767,9.9732,7.9403,-0.3928,1.655,-6.9913,9.288,-4.2817,7.3922,5.6107,0.3122,-6.6433,8.9192,2.1284,0.3501,-5.7947,8.2617,-8.4088,4.7771,7.1978,-9.9186,-5.1543,-5.481,6.0372,6.5627,-7.2735,-5.3802,5.0439,2.072,-6.2126,-1.5158,-0.6625,-6.5546,-3.0176,2.1075,8.6918,8.373,-4.7783,-6.8922,8.486,6.178,-6.463,2.3293,1.0754,0.1974,-5.9494,-2.1653,-5.3534,-9.1995,3.6102,8.6862,2.658,9.4076,-9.8758,7.5239,-2.5638,-7.501,-1.1844,0.5115,2.489,4.7415,-6.7102,-4.2452,1.8126,9.6288,-9.5213,-1.6397,9.9377,-7.949,-2.6168,0.8807,1.5303,1.7374,-2.3865,-4.3092,-1.2197,3.3188,-7.6579,4.3219,6.8947,-4.8346,8.4252,-5.5469,-9.6789,6.2143,-3.981,3.579,-0.5196,-4.7542,-3.0816,0.8475,1.4939,-5.2553,-6.4662,4.5922,4.9222,0.11,-6.734,-7.7593,-9.2167,-9.1828,2.7923,5.866,-8.7303,-7.6189,8.6516,-8.2866,-4.7083,0.1181,4.7047,2.0386,5.5383,3.1911,-6.6637,-9.5513,-1.6359,3.0255,-8.7211,0.6298,5.4978,5.6873,-7.6619,-8.2472,2.4073,-7.9792,-9.5704,4.8555,1.0091,-0.0646,5.4722,5.471,-9.8234,-6.0307,-9.3238,9.1392,-6.2975,1.8374,-1.8402,2.8717,2.4942,-2.8364,-8.185,0.6646,-1.7206,-6.3076,-9.824,0.4708,-3.018,-9.6712,-4.7104,-9.2525,2.2109,5.3301,-0.1563
-1.8609,5.9916,0.3479,-8.2737,8.1993,2.577,2.721,-6.729,-9.3255,-9.0719,-3.4267,-2.5944,-5.1512,8.0372,9.3034,-8.4088,3.0427,-9.4666,-9.9443,1.8648,9.2448,6.1734,-2.3668,-2.3128,9.9482,2.587,2.6982,-8.3133,-7.5725,-2.071,-6.2136,5.2183,8.2793,0.9444,-3.782,-2.5543,-9.2195,3.57,0.0789,0.8397,-0.9503,6.6595,-6.4326,4.5542,-0.7037,2.8046,-7.5298,-0.5625,-5.9335,6.6821,-2.3734,8.5158,0.1292,6.7737,-8.0543,5.3461,9.46,-0.4593,3.3994,-3.283,8.2684,2.1725,-3.0165,0.876,4.6848,-8.2286,1.3964,-1.1571,0.9725,1.8216,2.0139,-5.2003,7.096,-1.248,-6.5045,-5.3777,6.6362,-4.6701,8.6997,-4.5478,-7.5889,4.3323,2.5146,5.4589,-9.3122,-4.4522,-6.3767,3.4658,0.7106,-7.6122,5.3132,-1.9117,-5.7013,5.1069,-4.825,1.9197,-3.4297,-4.2535,-6.3211,-1.9602,-3.6953,-4.3561,7.4716,-2.0073,0.9122,8.949,1.941,7.0079,0.5536,-1.3786,-1.4238,-3.8696,-2.3157,9.9348,-6.383,3.9591,-2.1867,7.1587,-9.296,5.2315,-0.2125,-4.0554,-2.4709,-0.7942,1.562,-9.7239,-6.3492,7.8442,-0.06,5.2405,8.5225,-3.8351,-2.4845,4.479,1.6391,2.2549,-9.6957,-4.7171,-4.7416,-7.7833,-0.2461,3.3252,-8.6872,-6.6707,2.4291,-3.5691,2.9752,-1.2108,-4.0516,-6.4509,-6.2646,-8.0605,3.5448,5.1257,5.3773,4.7919,-2.1712,1.3892,7.5392,4.4826,-9.0186,-2.7543,-1.9004,-8.7876,1.674,2.0047,-7.7304,4.7272,-0.8014,-5.7408,4.8362,-2.7888,1.3637,5.8782,4.2758,8.4193,8.065,-8.3888,-3.8906,9.7695,-7.3836,8.4873,0.5079,-5.3528,5.1103,5.5274,-9.8297,-6.276,-0.0904,-3.1583,-9.8552,5.7045,6.936,-9.8579,8.9574,-8.8029,-4.3946,3.9069,7.121,8.108
-4.1639,8.6529,9.7686,-2.5978,4.6544,-9.6456,7.3162,4.9696,7.6724,-6.4198,-4.6713,3.5192,1.911,-9.4252,5.1079,1.1296,0.2935,-7.5101,0.2589,7.6361,0.2585,-2.9538,-0.4256,7.4219,-3.0296,-4.2889,-5.705,-6.6517,6.3812,-2.7122,3.9457,5.2948,1.7528,6.714,-4.3312,-7.791,0.8752,-1.3842,2.4973,4.07,-0.0797,3.7119,2.9612,-5.0117,0.3892,-0.5944,-9.4155,2.8164,-0.3305,6.49,-9.9591,-6.4905,0.083,-0.668,7.4409,-7.5589,-6.1512,-7.5773,-2.5267,-0.5834,8.0003,4.5539,-4.3081,9.9252,-1.997,-1.3669,5.1861,-0.4412,-9.6194,5.6204,-3.6913,-3.2374,-1.8751,-0.6551,9.8473,2.5846,6.4913,-6.4488,-1.1715,5.7272,-2.0601,2.2031,7.9847,-9.5841,-3.7994,6.9518,-8.1023,7.7348,3.4585,5.8775,7.6677,9.4036,5.465,7.2906,4.3402,4.4557,-4.2487,6.511,8.772,-1.2959,0.6015,-5.6535,4.1358,6.407,-6.2619,-7.8547,5.1766,7.4074,-7.9987,-8.4327,-4.4608,-6.5693,-4.8167,-7.3539,2.6997,0.2094,-0.5996,9.2906,7.3138,2.77,9.3708,-5.8172,-2.9116,2.1381,9.0062,-6.8062,2.0776,7.3266,7.5075,-8.5585,-2.137,-9.1816,7.4585,1.3394,-7.6706,-8.2006,6.0322,-5.4453,-0.7923,-4.5946,-4.2332,-0.4248,0.9761,5.7113,-7.1125,-8.1482,8.5413,3.5886,1.7101,3.769,7.539,7.8896,0.5353,-3.3765,-7.1373,3.1446,3.6633,-5.3206,0.4486,1.5815,1.9849,0.206,3.931,-2.5624,-0.7544,9.9081,-1.6157,9.025,0.7022,5.1717,-0.4979,3.0115,8.1269,0.2299,-6.8573,8.9789,-3.2694,7.0573,-0.6657,-1.1409,6.4327,-8.5192,9.1116,6.5054,1.7309,7.8839,4.1319,1.9929,9.8871,2.5537,3.7723,5.5601,-0.2525,1.1279,5.3695,5.5248,7.185,3.03,7.7275,-6.8355
-8.6979,7.5767,-8.5947,-0.7697,7.284,-9.5922,7.591,-4.7346,-1.6817,1.3152,-8.4316,8.3149,7.4081,3.2957,-8.5879,-1.4597,4.9683,9.3703,-5.5179,-2.214,-9.9816,-3.9195,5.1241,-0.735,6.5111,7.1836,2.4151,-4.8657,-0.6506,-0.0848,-2.7942,6.305,-8.4336,-1.6646,3.5158,-1.4066,-3.9034,-0.398,-1.3346,1.1262,-9.4349,-9.6858,-4.453,5.8159,6.0405,3.4393,-2.9434,3.2327,9.6948,4.2096,-0.019,-2.3619,-0.9568,-1.463,-1.3758,-6.5393,-6.3724,-2.2847,-6.3736,2.7413,-6.5211,6.8509,5.3601,2.7575,9.0114,-3.1046,-1.0912,2.4883,0.8599,6.2551,3.9573,-8.3622,-3.6365,-6.1814,1.9518,-8.0596,-6.6686,6.6001,0.1008,-7.757,-5.7993,5.4228,0.2737,8.7494,6.7619,4.4748,5.0788,-1.1691,7.3579,-5.122,-2.3868,-5.4377,-0.9327,-7.5086,1.3054,-4.8613,1.3238,-4.0329,7.94,2.0373,2.9165,-4.0958,-5.6956,-8.6938,-2.3415,-0.5752,7.2405,9.3099,6.4315,-4.0666,-8.8729,1.2591,0.0688,1.3417,-3.3663,-5.2364,-5.3899,2.6658,5.2618,-5.9017,9.0608,4.1605,-5.5833,-8.4992,-4.5859,4.6646,8.9888,2.4764,-0.4089,2.8569,1.9423,2.1122,-5.0011,9.705,-1.1534,-5.4436,8.7436,-2.1579,-7.0546,-6.2295,-4.0776,-1.2952,-3.664,8.9615,3.2008,-9.9049,-8.4583,9.769,-7.3266,9.3628,-9.0953,-0.511,-6.1389,8.9756,-5.9679,-3.5775,4.9141,2.1241,2.2022,8.3693,9.5203,-5.8027,-7.5094,-8.3346,7.9967,6.4282,3.7954,-9.2309,5.7061,-6.411,-8.4007,1.2889,-2.1787,-0.1518,8.5331,-3.0771,3.8431,-9.3667,-7.504,-6.9936,3.8383,-6.6241,-8.5911,-5.4358,5.5891,4.3452,6.777,-3.8329,5.9695,-9.621,-6.3283,6.4918,-6.1054,2.1181,5.5909,-2.6504,1.2469,9.6159,-4.2578,-7.5314
3.7198,-7.6888,1.1316,-0.3338,-2.6442,3.1802,1.8039,-0.2105,-7.271,-5.5364,8.7037,-3.0668,5.6078,4.802,5.0119,-0.4328,2.9834,6.282,6.6389,3.8886,-1.553,7.8885,3.3814,6.5596,4.1386,-7.2439,-5.9489,-3.0994,-0.3106,3.7213,1.117,-3.9264,0.8832,-1.2982,7.6419,-6.663,0.7516,0.9712,-9.5105,3.5455,1.8945,-8.5478,-2.8484,-5.1603,6.4962,-8.8591,5.4515,-8.052,-1.9001,3.1948,-0.2671,-8.8248,-5.1432,1.9384,4.6532,-9.9601,-5.827,9.0667,-8.8268,-9.434,3.1002,-4.2247,-0.5464,-8.5918,-0.4834,-4.6356,0.1039,6.2255,-9.3992,-7.133,9.4602,-6.9957,3.4007,-3.0801,6.58,1.3176,8.6429,5.822,5.8271,3.6854,1.0944,-1.9185,-6.8557,-0.0539,3.7862,4.9604,-9.6519,-9.0727,8.9672,-8.0986,-2.4762,-9.3086,5.0455,1.7629,9.0009,3.99,7.0581,-4.9971,0.9043,7.643,1.8226,-6.2913,-9.0766,-1.8451,-1.1001,-0.8418,8.6729,-5.8029,-5.2945,8.2269,-1.682,-9.6954,-1.9119,9.4479,2.01,-1.6502,-4.3582,-1.8656,-2.5568,5.6507,0.8554,-1.0023,3.8139,-2.8945,-2.5043,-6.1417,8.1986,8.5592,9.3368,-5.4768,4.9318,-0.856,9.9067,-4.4118,7.5329,-9.9907,-4.4638,2.2566,4.2732,-7.9731,-4.9096,7.13,5.415,-3.5851,8.1686,-7.0556,-8.9946,-0.9635,-7.7968,2.5233,8.4475,-5.8753,-0.9978,-7.2039,-3.789,-2.0204,-2.286,3.5941,-0.6246,7.2156,8.8734,-8.9563,0.53,-1.3608,-6.276,-1.7928,9.1938,-1.9529,-6.4823,4.6509,9.1484,0.0526,-9.8953,-7.9006,-1.905,-4.8697,8.1187,8.1432,7.8264,-6.0991,0.4831,6.9251,2.6252,-0.2912,8.5656,2.6065,4.89,-9.7895,3.3811,5.0062,-9.2841,-3.4511,-2.5754,3.2564,0.7747,5.1818,-7.6754,-3.3854,-7.6834,-7.2204
-9.779,7.052,8.2412,-0.446,7.4569,6.0063,9.657,8.288,6.0141,0.5169,-3.3781,6.9783,8.08,-3.6045,0.725,-8.5342,7.7782,9.4584,-7.0777,-5.1741,0.6643,6.1125,-0.8408,1.6776,0.5945,-5.6761,-5.7127,-0.787,-7.8926,-4.873,6.0429,-9.4523,7.0763,1.3379,-7.0747,6.189,-8.1613,2.4699,8.2,-3.0174,2.4569,9.7685,6.2903,-2.3573,2.1486,-8.0271,-9.4269,-4.5396,6.4825,9.4269,0.5955,7.1261,-6.9082,2.0791,-6.2492,-9.4185,-1.0828,-7.0668,-3.8525,9.1805,-7.8869,-5.0761,-8.4312,-7.9457,-9.4284,-4.6405,-2.6715,-8.173,4.4967,-1.6787,-6.5541,-0.8885,5.6949,-8.9735,-5.6073,8.55,-3.1309,-3.0417,4.8828,7.8388,-0.6271,2.9038,8.2694,6.0709,0.1838,-3.9069,-2.8746,-7.1468,1.8851,2.7421,-9.8014,9.8715,8.6224,-8.27,-6.1797,3.9242,-3.1418,-1.7716,-1.3456,6.0732,4.8473,-2.9432,4.0269,0.0927,0.7693,-0.1988,4.0697,7.8848,-0.5494,-3.9717,5.6854,8.5852,1.1782,-0.7245,-2.3461,2.1114,-8.0238,5.2208,4.2027,-1.237,-4.3084,9.5141,2.542,-4.468,4.3877,-6.7025,-2.8417,-9.6274,-3.5345,-4.8773,5.3855,-4.8293,-9.4636,-9.4491,0.3445,1.395,-1.2019,7.9069,-5.5532,7.324,-6.1784,0.8664,-9.7525,-0.0688,6.0708,1.2569,-4.8483,-3.8863,1.2953,-1.6501,6.8277,5.8319,8.0669,3.9317,8.1925,-1.5003,5.7074,-4.0021,-7.7845,6.1441,4.1406,9.4279,0.799,6.2061,4.2242,-4.3483,-4.9604,-3.3458,-8.5696,-6.6656,-1.8434,-2.4501,-0.3721,8.3868,1.2482,1.9663,-3.9837,0.6988,3.0986,-2.9018,-0.6444,-7.9932,5.6364,-4.2043,-9.6185,5.2219,4.4377,8.6791,-1.5454,1.3554,-1.0195,1.7027,-8.1292,-0.3223,4.4012,-7.4535,-9.019,0.3117,-8.7501,-9.2794
1.4474,-7.1849,9.5463,-2.1572,-5.6614,6.6658,-4.1632,-4.5465,2.6263,2.7349,-4.7475,-7.069,-6.6379,4.104,3.3948,1.5267,-3.3138,-3.6738,8.6786,-6.644,3.7247,8.011,-5.7994,6.7867,3.4486,-5.7812,-8.4796,-6.219,8.7781,8.1797,5.2232,5.5052,-0.889,8.8622,8.25,-6.0024,-7.661,5.0438,-4.0879,1.9785,4.6461,-0.2557,4.8361,3.9312,9.6605,-0.5458,-6.5817,4.6123,7.1411,-0.1884,7.635,-4.4221,-0.512,-6.5588,5.7306,9.7705,-8.2699,-0.7578,-6.886,-0.2318,-1.7136,0.0491,7.1501,3.9246,-7.0262,0.8651,-5.5554,-8.5832,-7.8984,4.5784,7.446,7.7902,6.7834,2.5357,-7.2579,-6.6108,7.1429,3.6411,7.2768,6.2177,-3.9138,-0.4514,3.5837,-5.8773,-7.5879,2.2338,-4.4015,8.4694,3.6245,-6.3619,-1.1856,-2.3018,-9.1914,2.113,2.7187,-7.8539,1.6577,-9.0887,-4.9181,9.9579,-1.2827,4.5779,5.2252,8.5012,-8.4594,-6.0379,4.5069,-8.7846,6.9329,8.2914,8.9922,-3.6143,6.7587,7.7812,5.5997,8.6881,-8.3459,6.7888,6.5583,-8.0738,2.0247,2.6819,0.1587,-5.454,4.1252,0.249,-0.3715,2.4981,-8.7572,-5.6102,-4.272,-2.8137,1.4652,3.1587,-8.9087,-5.4844,3.7799,-9.1393,4.289,8.5581,-9.0547,-7.7676,3.655,2.419,-4.9608,-8.9922,1.1554,6.1633,3.9389,-7.1606,0.6751,-0.5823,-0.953,-3.9523,8.0341,-6.5762,-2.6643,1.8955,1.6706,-3.5175,-9.3493,-5.1506,6.5679,7.7816,-6.9961,5.1763,-5.9807,2.2589,9.1966,7.7403,8.7653,-4.7571,5.1616,8.6069,-7.2354,-4.8126,-6.9131,7.9844,2.3296,-8.8214,6.3368,1.9866,7.9914,5.2304,5.9926,-2.6339,-1.9546,7.4342,0.992,9.639,-6.8984,7.6658,-9.0246,-9.4403,2.561,-9.0825,-9.1975,4.4487,-7.229,3.2111
9.0396,-7.5489,-0.7959,-2.3106,-2.2811,-5.6334,-6.436,-8.1625,5.1921,-4.9958,9.9653,0.6227,-3.575,-8.1215,-3.5383,9.5002,5.9117,-1.0092,9.26,-8.6485,6.1995,4.1082,1.954,8.1832,-8.876,1.0479,-9.5323,-0.4381,6.4439,5.4465,-5.4194,1.7574,3.3464,3.8322,7.4562,7.78,3.6097,3.5881,-7.7918,5.9371,1.6866,1.9247,-7.3684,6.0672,-9.7356,-1.7446,5.1792,4.0324,0.2148,-7.0837,6.2075,8.6605,5.338,7.7076,-5.9678,8.5028,4.2336,-6.3801,-4.4445,-6.5745,9.1518,4.985,-9.8576,-6.481,6.7702,2.8262,5.7107,-6.9513,-9.286,7.5594,9.2366,-8.3715,8.0719,-9.3508,0.9634,3.8638,7.2318,-3.6687,3.0834,-9.1698,4.8946,-5.1442,-8.3537,8.7849,9.6768,5.1574,8.8034,5.9894,2.089,-8.4797,-0.9714,-4.2742,-6.1214,8.3273,-2.7316,-7.5379,7.8832,-4.4512,8.7958,3.9382,3.5587,-3.9487,2.0331,3.0403,1.9887,0.7485,0.4014,6.6868,-1.3509,-1.8641,9.5398,1.9932,-4.8423,-0.9279,6.6675,4.8933,0.8069,-6.4551,-0.6613,-6.414,5.9628,-6.006,9.0984,-3.2634,-9.736,2.173,-3.067,3.6427,7.698,-9.8442,-8.9332,-0.2978,-0.4714,9.5613,4.9684,-7.8329,6.1599,-2.6485,-9.0688,2.2057,-1.3655,-5.1143,0.7295,-8.0384,-8.7148,-6.0639,-5.8504,7.2005,6.613,5.6037,-0.2669,1.6785,-6.1665,1.349,5.855,7.1299,-3.985,-3.0126,-4.3936,5.7444,-8.0435,2.214,-1.1671,-8.3705,-0.7267,2.1086,7.7736,-1.1816,-6.0523,-4.3464,-3.921,4.3258,7.4131,6.053,-8.2454,9.1065,6.5515,2.643,1.3595,0.8556,-3.072,3.359,3.1157,-0.7587,7.051,1.974,1.5813,-8.3853,-5.3636,-5.3698,-4.8726,-7.855,0.0428,-0.8549,6.0377,3.9044,-0.9328,2.8699,-0.5092,6.7324
-4.1569,4.9371,-4.2163,1.8956,-9.9438,0.4294,-2.261,-8.5329,6.0218,6.9029,8.0829,-9.8237,-9.5739,8.712,8.6947,-5.8374,5.0766,3.6502,-1.7897,1.9576,-6.1112,5.7406,8.9079,0.3799,-7.3991,-6.9563,-9.5158,-8.2306,-0.4303,-0.5814,-3.5122,-7.5789,-5.1303,7.9544,-3.5346,-6.0221,-6.1869,0.4756,-6.1941,2.4657,2.5219,-5.9138,-3.5117,-6.5209,-1.6609,-4.9816,5.8993,7.3383,7.0429,-6.6201,-2.5524,-6.9485,9.5442,-3.4206,-7.7948,-0.422,-1.2311,2.0865,3.1283,2.1447,-0.3621,-6.8005,-6.7626,4.462,8.4878,8.319,-2.6921,-1.9915,5.0564,-0.9876,5.8332,-3.7143,-5.7585,6.2789,9.2957,4.0527,5.8058,-0.6301,-1.2418,6.1444,1.2376,-5.0964,-4.5483,4.0737,0.2979,-6.7699,-7.5129,5.4963,-8.7717,-7.0913,2.7308,8.9564,-0.4331,-7.3154,-1.3278,-9.2027,-3.2962,-6.5918,6.2159,-9.0245,-2.9159,-8.2552,4.9726,-9.1992,4.4753,-2.2194,-0.7173,-0.843,4.9484,6.722,-5.6532,-0.8956,-6.3835,9.8347,-5.0445,5.1474,-7.9368,7.2191,-1.349,1.2551,9.3968,-5.98,7.5064,-9.4471,8.1466,-3.2928,-9.9426,6.9829,7.2925,6.7183,5.3163,6.3522,-3.3339,6.5467,8.8312,-9.6779,-4.8177,0.6454,7.9312,0.9152,1.4886,1.8862,6.3246,-6.4123,6.8212,2.1599,5.6408,3.2849,4.3094,-9.2061,3.9917,5.7858,2.7936,-9.918,-1.204,-6.7256,7.2349,-0.2644,6.2208,0.4147,-1.1139,-2.4776,8.0593,3.9533,5.7349,5.8834,-2.5139,8.0914,1.3255,-2.6936,-1.4262,9.4963,6.6978,-2.7619,-7.8672,-6.6462,-8.1509,-3.6833,1.2573,-7.8295,8.4362,8.1629,8.1298,1.3857,-4.0658,3.6563,-4.4153,-5.8379,-0.0647,8.459,-4.4213,-1.8347,6.9485,-9.6571,9.2928,5.6948,4.5638,1.345,6.3319,7.4952
-4.5161,-8.667,8.5806,3.9427,-6.1079,1.5722,8.2755,-9.6661,1.6857,9.9906,-7.0684,-2.9428,2.5057,-8.2608,6.7451,6.4463,1.1917,-3.4992,-9.1498,-0.5799,-2.7805,2.1088,7.2213,2.9511,8.08,8.2361,3.7038,-9.0799,-0.8565,-7.2157,-1.1112,8.2587,-8.1715,-2.544,-5.5969,-1.5882,8.3383,-0.6184,-4.9539,-2.6315,-6.6573,3.9107,5.9131,-3.6111,4.9137,2.701,4.4865,3.8906,2.7558,8.1101,-6.7861,2.3039,-3.7907,0.9648,3.28,3.3185,-4.0427,-4.6816,-7.3851,-0.4922,-0.5113,7.2219,-9.7987,-5.4622,-5.6389,-5.7739,-4.174,-8.3184,6.8443,9.2743,-8.9546,-1.9178,2.4472,-2.5564,5.4191,5.5439,-0.779,-0.7143,-2.2042,4.3046,-4.7779,7.9267,4.1722,4.4488,-3.0943,-1.7413,-5.6515,0.164,6.0471,9.9393,7.3002,7.6326,8.7831,2.6353,-3.7295,-6.7977,9.352,-1.6779,9.578,5.0109,-3.8237,9.7192,2.4035,6.1167,-8.0534,-4.4982,-7.8815,-8.925,-8.5099,2.7395,-1.0832,-9.1257,-8.6345,5.0088,5.6903,9.8946,-0.5143,-6.7206,6.6766,-3.7584,-1.8062,-9.5294,7.5574,-4.8415,4.9313,-8.073,-5.4178,0.5047,5.0401,-9.7922,1.9823,-3.5568,9.8731,-3.6891,1.06,-1.7701,-2.2555,-3.3269,5.7097,1.9696,-9.552,-1.9587,-5.0285,-0.8744,3.133,-6.3577,0.1788,5.6601,7.2333,1.8908,-5.5913,-5.0813,8.4616,-1.4283,-4.6269,-9.4873,8.1437,-4.6502,-1.3801,4.1993,-0.6824,-7.3505,-1.2111,6.4512,-9.7857,6.9279,4.4193,-1.6829,8.7977,8.8671,-6.6081,-5.9355,-9.078,6.1511,8.3061,-3.0812,-2.7209,6.9806,6.3449,4.2763,-0.556,1.2605,7.2035,2.4468,9.0789,-9.8385,-5.3109,5.797,2.1222,-7.9359,4.4897,-9.6977,-2.4994,-2.8571,-4.7882,5.9776,4.211,-6.7118,-3.2787,2.8599
-8.1737,1.7496,2.7411,-9.3942,9.4337,-6.2713,-7.0706,6.222,-2.3784,-1.2033,9.0628,-9.5254,-8.8041,-5.0904,-0.1632,0.6191,-2.9373,-1.9204,-4.8495,-9.2227,3.7716,3.621,-3.417,3.4828,-9.6913,6.1127,8.8746,-3.212,3.3118,-4.845,-4.994,0.4491,5.8516,-5.2636,8.4854,6.9161,-9.6305,-5.2545,2.7402,0.2764,7.8995,-5.4077,6.9115,-9.4447,5.1211,-5.1398,-8.0514,1.6764,-4.7896,-2.7087,-4.8507,-2.6605,7.6125,-2.1033,-0.4805,-3.1127,-9.2095,3.8765,-2.5495,0.1836,-3.9606,6.5441,-1.5698,-3.6349,-1.4363,-6.848,9.9874,-9.8327,-3.3966,8.9714,-1.3371,8.0019,2.2157,-9.075,-6.5752,0.7024,-0.3199,2.9986,-7.7457,-0.9328,-4.7376,-0.56,-2.262,1.6688,0.3988,1.1299,6.5665,-1.6765,-4.7793,-1.393,-2.2414,-8.8401,-6.5594,2.1309,-5.0396,5.6973,6.9842,5.7746,-2.5764,-9.2458,6.69,9.5052,6.6637,-9.4852,9.4815,7.0559,9.9772,-9.0072,-4.6532,-8.8676,-4.9073,3.6547,9.9577,7.2495,-9.157,-3.8722,-8.1097,-4.4677,-3.325,-0.12,8.9602,0.6031,-8.1962,-9.4586,-7.4442,-1.7627,7.465,2.5561,0.4951,3.7323,-5.7242,9.0327,9.2115,-1.3524,-7.9239,3.6574,0.3455,3.9962,8.9612,-2.4027,5.279,-7.872,-0.9862,4.5162,-9.8427,-9.2758,-9.2735,-1.7734,4.2203,-8.7679,8.2969,2.1006,-5.9908,-8.8501,-5.5803,-8.18,-9.6256,-0.6871,4.9554,4.983,8.5285,-4.7908,8.9658,8.6486,-5.8008,-2.0575,-8.4603,-2.9281,-7.0991,3.2445,-0.298,8.328,-9.9931,-7.3616,-3.9179,8.1257,-7.0618,8.1729,6.1241,-7.6275,3.985,-9.7073,-6.4834,-9.7733,-0.613,1.0996,3.7068,-2.4406,-6.0887,-6.5202,3.0197,-7.5155,3.3834,-8.2269,-3.7357,8.1326,-7.8928,5.7767,6.6697,1.63
0.569,4.7078,-7.332,6.9945,-9.6397,-8.5713,-2.5137,-9.9689,-6.2513,-3.5401,-0.9997,1.2644,1.9323,-6.9192,-4.044,9.9925,7.0215,-4.2468,-9.0654,1.9061,4.8259,3.9213,9.5249,0.5499,7.8051,1.4498,-7.0938,8.3172,6.7233,-1.1995,1.2538,-7.2046,8.8988,0.1931,-3.8648,-5.4423,-9.8408,-3.7835,2.0055,7.0269,2.7702,5.2837,1.3052,5.8902,-1.4205,-3.0751,7.5212,-6.3277,-8.5188,9.7439,-7.8449,5.3649,4.0082,6.2897,6.7842,-5.424,-1.7964,-7.8358,-2.5921,4.339,-8.8318,0.9062,-9.6044,-1.2538,5.6404,-4.6336,3.1036,-7.1348,-2.2613,5.6733,4.0667,8.2116,7.0793,-2.5746,6.0784,-6.9312,2.2439,6.6022,5.4801,-2.1129,7.7546,7.349,-1.1991,3.1471,-8.403,7.6049,0.1633,-4.6111,8.3419,-9.2396,1.6749,8.5291,8.188,1.2469,3.4882,-4.209,-0.9055,-5.649,3.4396,-9.9541,-6.4985,-2.8456,-6.645,-8.2174,2.2451,-9.1873,-4.6152,-4.6367,0.0727,-4.3259,-3.8783,-4.4352,7.695,-3.5895,2.2646,2.0432,5.2799,7.4013,1.7265,4.3227,-6.3044,-3.2798,-0.6743,-0.9489,-8.967,2.6151,-5.4797,-5.0951,-5.5869,-8.1521,7.6933,2.4047,-0.8191,-1.9883,5.1323,6.8141,5.2936,-0.7664,-0.8573,-0.9045,6.6499,-9.5357,0.5539,3.3265,5.1569,-5.0628,1.8442,7.8334,-8.1941,-4.2867,-7.7738,-6.0996,-3.6639,-1.9527,-4.0723,-2.8246,8.9965,-7.0298,2.9219,6.6448,-8.9131,7.7492,-1.2237,1.6962,-1.2581,-0.9136,8.1704,8.8647,-6.3397,-1.7681,0.8169,-9.7741,0.626,-4.6514,9.0259,-8.232,-8.1195,3.9919,-1.7211,-5.3164,-0.2765,-6.2497,0.771,-2.4717,-4.0378,0.6634,-7.2987,8.5693,-2.9563,4.9532,-2.4002,5.1629,-9.5919,6.6303,-9.5905,-4.9241,-3.6315,-5.6322,8.2856,6.8101
-8.0281,-0.5326,9.6365,4.8739,1.2139,-5.8371,6.2366,1.7503,-9.8558,-6.3786,2.8967,0.181,5.5592,-1.9646,-3.0818,-2.5912,1.7032,-6.6919,0.5617,4.7566,-0.1171,-3.6123,2.4775,-3.9146,3.5368,6.5219,-4.0748,-6.2544,6.7022,7.676,5.7711,-6.3009,-3.874,-3.9756,8.2617,8.9347,-8.2228,1.2304,-8.3652,4.3454,0.9166,-2.1049,-7.9375,9.7084,-9.0627,0.9329,-1.2238,6.408,0.0936,3.6605,5.6662,6.1571,-5.4428,2.4359,6.6864,6.4196,-2.8548,-4.1051,-2.0509,5.7415,-4.6276,-7.1049,1.0547,-3.3372,8.4882,6.8682,9.6831,-2.5841,-4.6996,5.907,3.4658,1.0921,-2.6789,5.1668,6.9364,0.7936,9.4608,7.0909,3.831,8.5549,-1.2388,-1.3729,-6.3392,-8.0658,9.2048,7.4999,-4.7899,7.5227,-0.4035,9.1691,-6.2744,-0.0212,7.3402,-1.833,-2.0691,8.3488,-1.5463,-2.6416,-4.8493,-7.1697,-2.4052,-1.3385,-8.6893,1.8117,1.1755,8.2487,8.0796,6.0248,-1.4229,-7.5458,-8.9025,-6.3129,5.274,2.2294,6.1064,-1.081,-4.5943,4.814,7.8515,0.5686,-6.1533,6.4588,6.2019,7.4083,9.1484,-8.4356,-2.777,-7.6811,-2.3812,-4.8688,8.9064,-8.1371,2.9679,6.5398,4.6639,-5.1895,-8.9834,-3.9256,5.2104,1.659,0.5026,5.9928,-3.6564,-4.7292,6.6501,3.2686,0.1226,8.8695,3.1341,-3.4887,-0.6498,6.6958,-5.8336,-7.3917,-4.9653,-7.1927,-0.1778,-1.5164,-0.7846,1.604,5.5009,4.5409,3.9675,-2.4055,-4.4414,9.4797,2.8416,-4.2675,6.8641,-3.493,-9.7013,0.0535,-1.9876,2.2159,-9.5515,-6.1257,-9.4909,-4.7782,-9.408,-2.7654,0.6462,3.949,6.3632,8.9884,4.8422,-3.0321,8.9797,-0.3216,-0.0026,6.3359,3.5261,-7.4247,-6.7202,9.0382,-6.8834,-4.3787,7.7129,-1.6779,-3.8492,-4.4433
-7.2259,-9.693,7.2768,-1.3722,-7.2365,1.6765,-4.4648,-8.2205,-3.9614,7.798,4.4862,-2.3025,8.4209,7.1477,-6.1461,-6.143,7.0754,-2.2936,-5.0059,6.8988,-3.5861,1.6436,-6.18,9.5305,2.5618,2.0589,-9.5517,-5.3627,3.0175,7.0187,9.4616,2.7415,-7.5713,2.2377,6.0026,-2.8926,0.1814,-2.7884,8.1578,2.8004,2.8747,1.913,5.5123,-4.0544,-2.718,-9.8136,4.4686,5.9981,4.218,3.964,3.1593,7.423,2.0941,-0.2937,-3.5007,7.364,-9.0207,-2.5513,-6.8841,1.9769,1.0961,-0.7828,-1.5697,0.0393,8.2811,7.0249,-9.2979,9.5696,7.7769,3.3916,-4.6967,7.1038,-6.9538,-5.3983,-6.8531,-9.1153,-2.72,-2.1772,-9.9615,-1.7053,-7.6378,0.1707,6.3721,-3.3028,0.703,-3.7175,-8.7467,9.9746,-0.9568,-8.9786,-5.2516,9.102,8.8978,-4.9436,1.7846,-6.3789,-1.3776,-5.5863,-4.5424,-9.3533,2.1021,9.2959,-6.9729,-0.3389,8.6865,3.1481,-9.268,-4.1405,1.0681,-4.9056,-7.2201,4.2172,-3.5917,-8.7158,-8.5263,4.5701,6.3968,1.9067,1.9082,1.8461,2.3268,8.8708,-2.9259,9.8014,-7.4678,9.2364,3.3325,-4.1256,-6.4992,-6.1597,-1.5374,3.9167,-2.5427,-6.5196,-9.1081,-8.7472,-5.3845,-0.1134,0.5709,9.8321,-0.0622,5.0389,1.1695,3.1724,6.2557,4.1278,-0.7961,7.7631,4.9836,-2.561,5.8131,-7.5179,-3.7089,-1.3902,-3.5166,-7.0878,-9.175,7.3736,-6.1706,-3.6773,5.7835,8.5511,8.2184,8.7462,4.9919,-3.0446,9.582,-8.4494,7.4441,2.8689,-1.8851,-7.207,-4.1221,-7.1232,-7.4953,4.586,2.6569,-9.5909,0.0362,6.1664,4.6253,9.7721,-0.8306,-7.3769,-4.2273,3.6158,-6.9139,-5.6623,3.4793,-8.2854,2.7496,-9.4604,-8.2107,8.2257,-6.2266,4.9969,5.117,4.952,-8.8252,-7.098
-0.168,3.3416,5.2116,2.8398,-3.633,-6.0027,6.6757,-4.3682,-0.2426,-8.2214,-4.1506,-1.8485,-6.1506,-8.0659,-1.6905,-0.2298,4.6675,3.5356,2.6198,0.391,1.8669,-7.3302,-8.6895,0.7932,-2.3128,4.0834,4.9149,-9.8454,-7.5366,-0.2844,7.9512,-8.4261,2.2316,0.9742,8.409,2.4339,-4.5983,-9.0694,-1.2985,-5.5898,-8.0418,-4.1354,9.6926,-3.2423,7.3899,2.7864,-7.2304,3.7548,4.0256,-2.3397,-4.957,6.621,5.9476,2.9948,-1.8432,-5.8739,6.9645,0.3759,-2.2074,-3.5373,5.5861,6.2227,2.8857,-6.354,-5.6309,5.0913,-6.9332,-8.4534,0.5269,-0.3439,-3.9407,-9.1174,1.9637,-3.3685,-3.0916,-4.6867,-4.1859,6.3996,0.0993,0.2216,-8.876,-5.9818,3.8613,3.266,9.8154,4.509,6.0967,-0.4656,-0.4251,-8.0433,-1.6187,-7.208,4.0962,-8.5541,0.2386,1.5364,5.3262,3.4951,-7.4136,2.6276,0.408,6.1669,8.6411,-8.4336,-1.3735,-7.5506,7.7006,-1.8134,0.1219,9.3414,1.2471,-8.0267,3.7436,9.498,-2.1598,6.1703,-5.2339,8.5957,2.5571,7.8403,8.5537,2.4396,-1.3069,-6.0147,0.5453,-9.3225,2.6402,8.7705,2.5454,8.5237,-2.6719,-9.6591,1.2225,7.4202,-7.2691,5.1149,-1.8721,-3.8711,1.8058,-0.1311,1.59,-3.3879,1.9882,-7.5773,-3.2952,-4.3581,-8.1132,-7.2878,6.1699,1.3215,1.8099,0.936,-0.1909,1.4486,-1.0465,8.3885,-3.3797,-2.7061,7.9407,-7.5795,8.3238,-3.361,-3.7063,-0.3386,-0.3043,1.7998,-7.6953,-7.8143,-7.1311,-7.2276,-9.3918,5.4054,9.2176,-9.5816,-9.9479,8.5795,-1.9162,-0.2162,-2.3093,8.6405,5.1833,8.1715,-5.462,-7.6948,7.7187,5.8332,-3.11,-0.3289,-3.0235,1.2828,-7.4525,7.8026,7.597,-1.3284,7.9665,-2.3963,9.5816,-3.2682,4.3706,-7.411
-0.6535,5.5397,-5.3214,-7.6521,7.1539,-4.9489,7.1072,-8.5524,3.5367,-0.7885,4.2968,-7.3149,7.5246,-0.4554,9.0578,8.3676,-2.9266,-3.5443,-2.2551,-5.2973,8.6484,-6.0633,-9.8703,-2.4172,7.7638,-8.8813,-1.5619,-8.5434,9.5749,3.9407,-2.196,2.5224,8.9657,1.7176,3.4615,-3.3655,-0.4265,4.6091,1.2777,9.2992,8.8432,-6.9696,3.2998,9.997,4.1722,-3.585,4.3352,7.1678,-2.7047,5.0289,-2.7736,-1.3217,-4.0878,8.2969,-3.4533,-3.6407,-0.9869,-3.5356,8.8438,5.3931,-0.969,1.0224,-5.197,1.4857,-3.898,-2.2168,-1.2293,6.7459,4.1861,-9.7789,-0.9266,-8.9526,-6.6354,1.2557,6.0043,1.9718,-5.0246,2.5149,-3.6843,2.8819,-2.8839,-6.755,9.2011,-0.8366,-0.4801,0.6517,3.7866,-9.8935,-9.293,9.8695,-2.0077,7.2183,-3.9704,-4.4101,5.6824,-5.3832,1.012,2.9699,-0.6027,-0.7747,-6.4389,4.9575,-2.5572,0.8551,-7.9663,5.5257,-9.6721,-6.727,0.7553,4.5238,9.29,-0.3797,-0.4815,-3.0145,5.0354,6.4803,-5.9815,-9.7622,-8.6187,6.0589,2.6582,9.7716,9.8678,-5.7547,2.2861,-8.0363,-0.5316,3.4801,-8.1247,5.602,-1.0331,-7.1528,-7.5753,-9.3017,1.0208,8.0387,5.9124,-8.7884,-5.3191,-1.3569,6.338,2.3995,3.5081,8.0737,-6.3682,0.2853,3.9272,3.3549,-0.189,1.1123,7.8349,-9.3696,-1.8435,3.359,-9.7828,-9.5137,8.6185,-3.4808,-1.719,-9.75,1.3338,-7.8404,7.3471,-9.2545,-1.6524,-3.3668,-1.6116,8.2617,-8.3901,-5.3163,-7.1399,-0.3287,7.1982,-4.7045,2.8112,9.323,-4.1187,-1.6703,-7.4016,7.4917,-2.2017,7.4875,-0.7673,-5.1094,-0.0853,-2.0639,6.1274,-1.078,-5.4465,-6.9532,6.6972,6.443,4.9254,0.6716,-0.1371,8.192,-3.2288,-8.4556,-7.7087,-6.5514
-4.8151,-4.3601,-1.7573,-4.5652,-7.7492,0.5601,-6.0323,4.7328,3.1937,5.5302,2.2272,8.1995,-4.9862,0.1431,-5.2984,-0.9677,4.2473,-9.2721,-8.3953,-7.4717,-4.0376,6.3946,-4.619,5.972,9.5234,-2.1394,0.7624,-1.028,-0.708,-7.3659,2.5178,-9.4068,-5.5222,4.2689,1.2508,7.2543,4.2926,-4.8828,-4.9258,8.5618,-5.575,5.285,2.3057,-4.0613,4.9116,-6.589,-5.5535,-6.7231,7.9474,-4.8052,-3.4768,7.1871,-5.9699,0.0735,-4.3448,6.2371,0.2001,-7.9167,0.1884,-5.7286,2.3386,2.3726,-8.3319,5.7116,6.3149,-8.9046,5.9094,8.9873,-8.985,3.9113,-0.9437,-1.635,-3.7272,7.8373,-1.009,7.6876,-6.1385,-8.3673,-3.3013,6.0849,-2.1024,6.086,4.3314,3.4099,2.3735,-6.5364,-4.8215,4.8157,3.4093,3.0621,9.0715,-7.5097,2.8342,1.9719,3.152,3.6276,-5.831,2.3901,7.8493,1.0976,2.9415,-7.3343,-5.9269,0.0623,7.0975,-0.2513,-8.554,7.3711,-6.3335,-6.309,3.4728,2.8202,6.3098,4.3287,6.0356,7.1219,7.6878,-0.9712,2.4099,-8.6845,-1.022,-1.6122,4.7027,5.1868,-8.43,4.1563,5.6806,3.6838,8.6607,-9.7126,2.2152,-9.3102,-2.1527,8.8872,1.8441,4.7707,5.7229,-6.7035,-7.3851,4.3576,-4.0916,-6.0407,-8.1773,2.9958,7.5269,4.9937,0.3647,-4.2227,-3.0462,-3.6994,-5.7601,-9.3937,1.3177,-1.7389,-7.6417,-3.5836,-4.4422,6.2348,-1.2206,-5.9283,-5.2318,-5.2472,4.8064,-7.8675,0.2194,6.2762,6.3966,-7.8703,-9.6934,7.8091,7.1698,-9.135,-5.3786,1.9512,-9.2999,8.7021,3.7403,4.2153,5.1729,-6.1031,2.6827,0.1045,-6.667,8.3262,3.3156,3.0019,9.5876,6.5561,-6.9349,-7.6828,-7.5402,8.6837,7.4528,3.6738,-7.266,-2.9556,-1.5963,4.0333,-9.1669,-8.0843
-1.4864,2.0469,3.1961,0.3227,-3.0371,-7.569,6.5982,7.7436,-9.6616,-0.6128,5.2863,2.7825,7.2286,-4.6921,-3.7002,0.0502,-9.172,-1.0212,-0.2389,1.5029,-4.4221,-0.559,-8.1706,7.1081,-2.9462,6.4426,-4.9356,-8.3315,-4.894,-9.0474,-7.7324,-9.5802,8.5341,8.8295,-4.222,-8.0566,-6.2218,1.42,-3.3114,3.5431,-9.5413,1.9965,-7.4789,-4.4164,9.9525,6.8638,-1.5332,0.4603,6.3743,-1.3521,0.452,-6.359,5.2904,-1.9777,-9.5276,-9.4804,1.1763,7.9873,7.5173,0.7048,2.5564,2.2934,5.347,5.4364,4.4372,-6.2814,-5.4011,-6.8846,-6.4779,-4.9548,-2.9755,1.0819,7.2164,-2.2109,7.6118,6.8795,-8.2143,-0.6789,-8.0521,-2.9989,-7.2281,0.1879,-9.2288,-2.8189,-0.6114,5.0521,-6.1176,5.6311,2.3431,0.8324,0.7314,6.1432,-9.9406,-4.4703,-9.9743,-4.9649,-8.5414,3.8841,9.1794,-0.256,-7.656,-3.9706,-7.2882,-6.9608,-6.7686,0.1029,6.0276,6.3198,-6.7357,2.9295,5.8212,-3.3461,-9.8825,2.2479,-3.8995,9.6499,-2.4918,0.9335,2.7369,-7.4808,7.2478,-4.2715,-3.1569,-9.8038,7.5295,-2.8137,8.4051,-6.8071,3.6615,-6.3531,9.2941,-3.1424,7.2091,2.1182,-6.2552,-3.6557,6.7668,1.2704,-5.675,0.5633,-8.3787,7.9219,1.2083,6.0304,-1.8375,0.6405,4.2826,-8.2493,0.9456,-7.733,5.6279,1.4771,-9.5171,9.6603,-9.9503,-2.1683,-3.3282,8.1573,0.9422,0.7038,-5.4442,-2.7477,-3.5186,-4.2171,-6.2921,4.4204,-8.4476,7.0269,3.7205,2.9747,7.613,0.0382,2.6536,-5.9162,3.0619,-5.1851,5.3164,-1.0525,0.0518,9.0041,0.1252,2.7862,-0.6833,6.8597,6.8879,-7.8786,-1.0499,2.448,2.0912,-1.2727,-4.3402,-0.4766,9.4835,6.6038,4.9007,-3.9072,8.6992,8.8636,9.5243,-1.1609
-1.9589,-5.0582,-9.1354,-9.6717,0.9232,-8.0017,8.3248,-1.4774,7.0727,-1.8082,-2.6344,-5.6266,0.1789,-0.3002,8.4548,9.3184,6.4341,8.8143,-5.0692,5.5937,6.4055,4.1036,-3.7709,-2.8671,5.9253,-7.4153,-4.8172,9.1383,0.7938,7.9573,-5.6506,-7.5425,3.3086,6.53,-1.9746,1.9266,8.1901,3.8356,8.5162,6.8279,-2.2113,9.3275,5.0395,-2.1327,3.7614,3.6896,4.0788,-6.0779,4.3209,0.4761,3.9522,2.682,-9.5442,9.4008,6.3216,9.1706,2.9967,8.5187,-1.1391,-6.6871,0.1012,-3.0326,6.1823,5.3432,8.9097,9.7039,6.9126,4.9957,-8.7217,-4.2744,9.4233,3.4171,5.5489,9.4444,-7.8741,-2.1802,5.3587,-2.3587,1.7959,5.9799,8.7762,-0.523,3.2428,1.6546,1.7195,6.1352,-3.2688,-1.4195,-1.7533,4.8457,7.925,3.8072,6.8118,5.175,-4.5156,-1.3858,2.3695,1.1335,-2.3506,-9.792,2.6842,1.787,0.3,3.5543,0.0076,6.0761,4.4996,6.2408,-0.44,-8.3226,2.8012,9.722,5.5015,9.3242,9.6467,1.7936,8.6759,-8.7593,2.316,5.7744,2.2183,-8.0659,-1.6946,-8.7149,6.5663,-2.1277,-1.9104,0.9989,-4.1103,7.2292,-4.6434,7.2745,-3.4771,-0.3432,3.8018,9.1328,6.1528,9.1467,3.7543,-6.2871,4.3249,0.1514,2.6701,9.0514,-9.7784,7.6818,-9.9652,6.0733,-2.8802,6.0104,-4.2143,1.1381,-1.1657,7.2803,-5.0828,2.4947,2.1861,-3.9331,4.7441,-2.322,5.1245,-9.3853,2.7945,-1.5329,9.0825,-8.5187,-9.4037,3.85,9.6741,-6.0277,-5.2316,-9.3429,-6.1905,1.7879,7.7253,-7.9183,-3.5118,9.4868,-5.1256,2.6265,-5.3536,-9.6723,-9.4591,-0.8721,7.4145,-9.6692,-2.4759,-8.7158,-4.451,-0.3416,-1.8887,-6.6218,9.9744,3.1646,-6.004,0.005,4.2789,-2.375,8.6465,-4.6807
4.2976,-1.0315,0.6794,2.0101,4.4507,0.6002,5.6869,-4.3458,6.0902,6.757,-6.7175,-2.2654,9.3783,-4.4401,0.9177,-1.5148,-3.0224,7.2051,-8.9385,7.6142,-8.1381,-3.106,7.8584,-7.0742,2.1917,-7.8129,-6.8565,-7.2237,9.5431,-7.081,0.3285,-6.0246,-6.7817,-9.2077,7.5012,9.2964,-2.8517,7.0495,8.3974,1.6518,6.1085,3.8569,7.758,-8.4807,2.7623,7.3951,-6.7684,6.2165,-3.4506,-4.0857,-9.2109,-1.8618,6.0632,2.1205,-5.7302,-2.5936,6.7876,-7.9825,-0.3617,6.8634,7.7745,6.5122,5.6452,4.2819,-9.3095,-5.4632,-0.0284,-0.5829,7.498,2.7561,3.0358,-3.0054,-8.7406,1.6197,7.1194,-4.2829,-4.9723,4.618,5.3455,2.3967,0.9186,9.2327,-0.9638,-2.6617,-1.5435,3.6224,-1.7881,-8.4937,-5.3587,-0.6008,2.3576,-5.5608,-4.6249,-0.01,0.3578,-1.4025,-8.8685,-7.7456,-7.2457,-8.65,7.8648,8.0148,-2.2927,9.8476,-2.4256,-3.2629,-9.4191,-6.5509,-4.6352,-2.1548,8.1998,8.324,0.3179,0.3572,4.2006,-1.679,1.9907,-2.7624,-4.6209,3.435,-2.0862,9.7687,6.446,-7.6267,6.6234,-7.931,-3.3693,-1.2552,8.1,0.2049,-7.3476,-2.9638,2.6565,0.6666,7.9595,2.4185,-3.9545,-3.4787,6.4504,-0.8559,9.4024,8.7462,0.2035,-0.0045,-3.1943,6.7555,0.1123,4.2818,7.5725,-4.1735,-9.0875,-7.7521,-5.01,6.5608,-3.1316,8.762,1.8232,-0.4797,-6.2872,3.5466,-5.5151,-4.7462,6.4363,4.0486,-0.6699,9.2952,6.1047,-7.6531,3.3906,2.3031,-9.0252,1.7021,6.4649,2.5539,1.5912,1.3864,-8.5515,1.7521,-9.425,-3.4599,-1.2017,-2.8698,-1.3564,7.7735,-2.2393,0.9864,6.6961,2.0977,5.5135,2.6956,-4.0178,3.1703,-5.5825,-3.8399,4.1913,8.4256,-2.9921,-1.2873,1.7372,-2.9075
-4.6128,-5.2915,6.317,6.3107,-3.6612,-5.9504,6.774,6.7662,-7.5857,7.5842,2.8353,5.3012,4.6616,-3.6156,0.6362,-7.2221,7.4594,-6.4304,6.5128,-7.5541,-2.0124,-1.4336,-0.3543,6.7264,5.6515,-7.9702,-4.9466,-3.871,-3.8342,-9.9778,-5.7257,-6.7829,-1.8603,-5.2591,8.2316,9.3679,-0.4732,-2.7959,-3.979,2.0827,6.3282,0.1434,3.3285,-4.9448,0.3793,-2.8027,8.7541,8.8951,-3.6731,-9.1788,-7.3323,-2.7622,-1.2046,-1.3605,7.9903,-0.6038,3.0277,6.4281,-3.261,-1.9062,4.389,0.1871,9.9654,7.4619,7.3553,-1.7586,2.1255,6.9085,-6.0621,9.4511,5.329,8.2102,4.5238,4.184,5.9849,-9.4517,-1.8625,2.3395,-7.3422,-3.0495,-5.1398,3.2823,-1.4902,9.2135,-9.1423,-3.9372,2.7252,4.8912,-2.0976,-6.7196,5.3534,-7.8889,5.2292,-4.8767,0.9071,-4.8066,0.5269,-6.4899,-5.2078,2.6796,-0.4623,2.7583,-9.6113,-3.4652,6.5977,-0.0236,-3.4973,-9.2183,-7.6094,1.5588,7.6585,-7.9105,5.8245,7.7981,4.5606,-6.463,6.9264,4.1165,-5.6151,-5.7931,-0.4948,0.1136,8.01,-9.3019,-0.7861,9.2174,-8.7866,2.8237,-6.8017,-1.7984,7.8181,-3.9767,8.9021,7.1245,3.3517,-2.9931,4.8916,2.325,6.0401,-8.3391,-4.1517,0.5209,-0.3878,-6.2126,4.2625,5.6612,0.3425,0.378,0.3625,-3.2827,6.3734,2.7547,-0.5669,7.2699,-2.0108,6.2732,1.5516,8.2123,1.0474,-0.8405,-9.4378,0.0208,6.8411,4.6604,8.0351,-8.8879,3.9561,-0.6986,-4.8088,7.8597,-0.1229,1.66,2.3616,-3.9867,-5.5808,3.8658,-0.2442,-0.5361,-4.0479,5.9564,-1.4972,-9.0789,8.5064,9.2707,3.6485,5.4291,8.3896,0.2331,-3.1896,-2.7187,-4.4631,6.0218,-0.9019,3.569,3.246,7.6961,-8.4822,-3.5311,-6.2085,3.1622
5.7791,1.7977,-3.7984,-2.6085,-2.1919,-5.3262,7.6285,4.2126,7.4155,-5.4088,-1.0118,-8.5379,5.9141,3.0451,5.2722,-8.6278,-3.4926,-4.9472,-1.037,8.6826,3.9457,-9.6931,-1.3204,-7.7006,-5.5954,-8.1746,2.5564,5.854,7.4133,-5.332,-6.2994,2.575,4.5974,-4.9554,-0.9244,9.2937,3.2589,-2.9065,6.514,-7.9977,5.4693,3.8757,-4.654,-4.3907,6.3691,2.7296,0.2435,-9.9087,-1.8023,5.1439,-7.7333,9.6615,-4.7755,9.3755,-3.6325,4.6772,8.0909,-8.6877,-0.8117,2.2969,-7.7669,-6.4827,-1.5285,-3.2767,0.4279,1.5913,3.6333,-4.8931,-5.6571,-1.1697,-4.2272,3.001,-1.9938,1.1067,-0.4106,-6.6639,3.9034,-3.1637,0.2745,6.4806,-8.2277,5.6031,-5.1933,8.9419,-7.6215,-9.9485,-8.6424,8.4132,8.4478,2.094,1.573,8.4051,-8.162,9.5728,-5.1522,-2.4315,7.1939,-2.7639,6.6912,6.3929,0.779,7.736,1.004,-5.582,-8.3329,-5.5748,4.0409,4.6187,9.4384,1.2216,-4.1718,6.4936,-2.9201,1.5031,7.3659,-7.2019,5.4455,1.3604,-8.4135,-5.4172,2.4108,6.281,-4.5186,0.9451,8.6464,7.1688,3.2252,-1.9771,1.5049,-2.2059,-5.4633,-1.4281,-1.8123,9.8296,-9.9103,-9.0373,1.9908,2.7207,-8.4545,-0.5107,4.6046,-0.2401,-7.7482,-3.7369,-1.8795,3.9325,-3.2311,-4.104,0.7241,-5.8262,-7.7996,2.9038,-2.401,1.7358,1.9359,-5.2245,6.5494,-0.8643,0.0854,5.44,7.9015,2.3786,-2.1892,-4.6431,9.4651,-7.9095,5.9088,-7.8226,-8.7048,5.7042,-9.2766,-8.2179,8.7026,6.045,-1.7194,-6.9815,1.3422,-7.5819,5.9825,0.8558,3.897,-0.6888,6.5631,1.3446,-4.2264,-4.8191,-8.0051,4.2058,-3.1072,4.298,0.254,2.0484,-7.1377,8.5659,6.1447,-6.7281,3.8449,-6.6222,2.9238,5.2677
-5.9159,6.0437,9.7016,1.1224,8.8023,8.0562,3.0044,4.663,3.4282,1.1203,3.5287,3.6876,9.768,6.2152,-0.592,4.6672,6.0214,5.3228,-1.8391,6.1896,3.9158,-9.1968,2.9472,8.5017,-2.793,2.3518,8.835,-0.8898,8.7556,-6.6447,-5.1743,9.8032,6.1798,7.7331,-4.9004,-4.1019,3.4999,-2.3597,6.4403,-8.1799,1.0418,8.5023,6.7025,-9.6982,-9.4047,-8.1014,-9.5623,5.743,3.4758,-4.9827,7.6012,-9.5854,1.3992,3.1068,8.2585,6.3387,-3.7002,7.71,-8.8727,5.2197,4.3645,-2.0413,4.7883,2.2826,5.7883,-3.3613,-4.1619,-2.3671,-1.9838,3.72,3.1599,-5.5975,-8.6121,9.8932,1.0793,8.4718,1.202,6.0989,-5.3761,3.1021,5.3049,1.5838,2.8184,7.5569,7.171,-3.3742,-3.1274,9.6515,-8.8292,-4.968,0.4229,1.1224,-0.8311,3.2226,-5.4996,-7.825,-9.1531,2.1982,-3.3082,-6.3151,-1.2554,-0.1173,-1.6736,-7.359,-8.268,1.3777,-1.8542,-5.0686,-8.9303,-4.1727,-5.6896,-3.8336,-6.0519,-8.651,2.3398,-1.3207,-9.3105,-3.2664,4.2794,6.3923,-8.185,-2.8085,3.764,-8.9084,4.6798,-1.5914,-9.6871,2.402,7.4959,4.7466,7.6358,5.7447,-7.7701,3.5024,-0.3118,2.0234,0.8296,4.4605,7.3618,-9.4205,1.2679,6.1332,8.4776,-1.9794,-5.0957,-1.5551,6.0322,1.3793,-8.9289,1.6401,-9.853,-4.091,8.1924,-4.0293,-3.5169,-0.1995,-1.441,-9.5005,3.0899,7.8847,1.2068,-2.4204,7.0918,-3.0836,-8.2392,6.9468,7.991,9.0476,6.3166,-4.4357,0.526,-0.0459,2.574,-3.117,-4.7446,7.8001,4.6658,-4.681,-2.1326,8.8444,-1.6816,2.7368,-2.3905,-4.0217,2.533,-1.5253,6.1688,5.3078,-9.6882,-5.3842,-4.9865,-4.1673,8.1334,-3.3504,-6.5983,6.2137,-3.7022,4.2522,6.6202,-2.3278
8.3292,-0.4589,-1.8489,1.0206,9.4292,7.9648,-5.0624,1.3661,-1.8458,-0.0002,-0.8361,-7.1765,-3.8917,-9.3268,3.221,5.8845,4.2795,-6.4394,-9.3012,-9.3334,-3.78,5.0317,-6.9557,1.1835,-2.7024,6.5582,-4.4137,-0.4502,-3.9745,-1.251,1.1809,-0.2522,-5.3385,-3.213,4.542,-4.9674,3.3699,-8.0237,6.6226,-4.0426,-4.4195,0.6534,-2.4208,4.2603,0.0383,5.5873,-9.7024,-5.2829,-1.0741,3.8965,-6.8166,-1.4027,-6.527,-8.51,4.2351,-0.137,9.8565,2.002,4.8482,-9.595,7.816,1.8295,-1.9743,3.0499,8.5444,-4.469,-1.7669,-9.2944,-9.5969,-1.1156,7.1127,8.3043,-7.4492,7.6152,-9.5895,-5.1509,7.3483,-4.604,3.0028,2.4718,9.4856,0.4871,5.7623,5.6374,-5.3447,6.1201,-0.8334,-1.6129,-0.1539,6.1663,-2.6033,4.0255,-7.109,5.4772,6.9854,-6.142,-8.696,-0.36,2.7128,-8.7083,6.0345,7.5786,-3.5039,5.7223,9.7736,3.8042,4.8179,-6.4888,-9.7811,4.2928,-7.3273,0.4983,5.3549,-2.8517,-2.6931,9.233,8.9743,-2.9702,-0.3213,-0.3147,-9.5607,-4.9539,-6.5343,5.4778,4.1119,4.7014,1.5742,1.0677,7.0436,-3.467,4.6549,6.9885,-5.6056,-4.4315,6.1144,-1.7268,6.8398,4.5113,-5.0377,-9.0155,-5.894,7.4169,-4.1928,-8.6737,5.6127,4.3844,4.7715,8.6683,1.3975,-8.623,-0.7022,7.0005,-1.8679,-4.254,-6.9538,-4.7272,-7.7531,5.8759,5.5338,9.5111,9.8261,-4.9334,0.8647,-0.2719,-2.2542,4.9899,-9.5309,-9.6314,-0.1155,-9.2831,1.1797,3.7446,8.5495,-0.7472,-3.1418,7.3105,2.7644,9.4261,1.4252,-1.3849,-1.5777,0.8862,2.1058,-3.756,-6.8299,2.9041,-2.7042,-4.648,-3.4748,-5.9423,6.6586,-2.8781,4.1647,2.2054,0.0576,8.1666,4.9236,-7.4098,-3.2184,-9.6324
8.0385,-1.3357,-5.8324,-8.8039,-3.1646,2.5754,2.1881,1.3199,2.7401,-0.0691,-6.7898,5.3086,0.9941,2.4314,-3.1061,6.099,6.9652,7.9669,0.8343,5.6499,8.1631,5.4742,6.4385,-4.2862,3.962,1.1295,6.6907,6.9513,3.0099,-8.1228,6.6672,3.9532,-6.7993,-3.2918,-9.4457,-0.1231,-6.4751,9.053,-0.1572,-9.1834,-1.5231,5.3759,3.4289,5.3093,-4.4784,-6.0845,1.1652,-8.8062,7.7761,1.5508,-5.783,-3.7573,-9.3132,6.48,-7.1949,-0.2623,-7.5094,7.3784,-5.2165,-9.0082,2.0853,7.0619,9.369,-0.0577,7.8841,3.7228,-7.3994,4.9015,-6.2067,-9.6788,1.7082,-8.1525,6.1034,-4.4238,6.6574,4.7418,3.8587,-0.1674,-8.6756,4.2722,0.9732,5.1821,9.9211,5.9193,1.6362,-9.8334,-3.3419,3.4738,9.4892,-9.3534,-1.7614,5.5829,-1.8311,-1.3685,3.7061,-2.8831,-7.4835,-3.7385,5.2893,-9.6013,-8.4234,1.1954,8.3381,4.4153,-3.6399,-7.2307,3.9427,0.9313,6.5155,5.6407,-8.1071,9.2033,0.5817,3.4718,-8.5114,5.635,-9.0496,-2.1566,5.4629,-7.4803,-1.2566,9.4789,-2.037,-7.3701,3.5335,7.366,-5.8448,-4.1574,-5.9469,6.7968,-4.6815,4.9502,-9.5011,-0.3949,9.3934,5.9208,2.427,-8.5391,-1.8099,4.9772,0.795,4.5412,-9.1832,-7.7863,-0.6195,-0.7008,8.0683,-1.5689,-5.3181,7.037,0.1349,2.2094,-6.8533,6.6764,8.2588,2.952,9.5101,2.9958,-6.6514,8.5869,7.1864,-7.4701,4.9105,5.3558,-4.0962,-9.6741,-9.293,8.8085,4.8214,-3.8878,-7.6617,6.4709,2.3145,7.4696,6.8846,6.371,3.2377,3.4112,-7.0354,-3.1428,8.0106,-5.1073,-4.1691,3.6686,8.2548,8.7527,2.4661,-7.9474,6.1767,-7.3267,-7.4112,7.9995,-4.8493,-9.5773,-9.4179,6.5717,-6.3716,7.7342,7.3594,1.8372
7.9682,6.301,-6.149,3.231,0.2158,-1.7806,-8.3729,9.7531,1.6694,-5.8354,8.7535,8.4773,5.2427,4.0313,2.236,5.4559,0.705,4.5683,8.0955,-5.2071,4.5417,-7.1995,-0.1395,2.6667,5.1903,-7.4908,4.7837,9.133,3.374,6.9399,-9.4184,-1.3155,7.1473,9.1113,-6.9987,6.1085,3.3186,-9.5509,2.0955,1.2424,3.1469,3.6894,-4.7285,-5.6048,9.243,-7.9763,-8.1597,1.2261,7.6861,4.2976,2.0208,4.9221,-4.5436,-6.3381,5.9102,4.7216,-5.7429,-6.6934,3.1261,5.0157,-8.8306,-3.3683,5.8455,-0.4807,-0.0688,-3.4447,4.2377,8.3004,-2.5733,3.4935,1.4273,-3.5076,7.1201,-1.3168,4.8591,0.1462,-7.6902,-1.2044,-4.3061,2.0554,1.9803,-3.7834,-7.1205,-5.0093,4.1772,-1.2499,5.6775,-6.0475,4.8123,-5.8964,9.0702,7.8014,7.6928,-3.5789,-3.3018,5.4474,2.3531,6.8933,-8.2294,7.38,-0.4892,-0.8944,-0.7516,-6.3703,8.7091,7.892,-0.9425,9.0553,2.5389,-8.3337,-3.3982,5.5329,-5.0507,-2.366,-9.3432,1.9312,8.3623,7.2259,-2.6707,-8.8751,2.1191,-5.6091,1.9853,-7.2011,5.6051,-3.9784,-2.2584,8.6485,-9.6017,-0.7067,-2.7158,5.2535,5.5175,-8.5812,4.4918,-7.0638,0.842,-5.7786,8.0734,5.662,-5.487,7.0018,-8.4458,6.798,2.7389,-0.7841,6.9496,-2.7992,6.5903,-4.8652,-9.7069,-1.3578,-0.8371,-5.8257,9.8099,-0.8099,5.5758,-7.3169,-2.8929,-6.2559,0.4105,3.3979,9.3148,-1.0032,-7.7012,2.5002,5.6838,1.8724,1.9268,8.5247,-1.2499,2.9352,-2.0822,-0.263,-9.2801,4.3048,-5.0588,-1.0329,-4.7218,8.0659,2.9798,1.7138,-9.1122,8.3588,3.7597,6.8344,2.5182,-3.7904,-7.7729,-1.795,5.9317,-9.4889,-7.3309,-4.4411,-2.9427,-5.2552,-2.5465,9.9182,2.9202,6.764
9.4029,-5.0358,-2.5841,-9.0542,-2.5716,0.181,-1.0049,-4.7683,7.715,-2.2928,4.2278,-9.4088,-6.5918,-5.3199,9.9042,-6.9915,-0.5934,9.626,-9.8137,-1.9298,-6.5181,3.7353,-5.3441,5.8901,-7.508,-3.0254,7.3092,4.3438,-4.716,-2.6466,4.4961,5.7963,0.1742,1.968,-5.6716,3.3084,-0.2556,-7.998,4.3236,-9.0544,-7.7405,-0.5683,1.299,-4.0452,-1.8609,0.6814,7.233,2.5363,-3.3514,-5.1408,9.6362,-0.4769,-8.8989,-3.0031,-1.2314,1.4298,-8.2495,1.2081,5.4708,2.5304,9.943,-7.3758,7.4669,-7.0768,1.6409,3.4586,0.9564,1.5131,-6.9113,5.8073,-9.2991,-1.1714,-1.7113,7.5319,9.4581,4.6625,-2.2761,8.2545,-9.1528,-0.4966,9.8706,4.665,7.2355,6.3679,-5.1767,-9.1983,3.7811,-3.5993,-8.8117,9.3079,0.2991,-4.7392,-6.9012,-3.402,7.0482,-1.5156,5.1191,-8.1057,9.527,2.4386,2.6008,-7.6881,9.0424,-2.8825,1.657,-4.8797,-4.0694,6.8814,9.9693,5.1087,-7.6813,5.67,2.3817,0.6618,-6.9234,1.7881,-0.5126,-9.9864,-8.9091,3.33,-7.7196,-9.2936,-5.5795,-7.2515,9.8575,-7.6238,-0.2106,8.1402,-6.9504,8.1518,-3.3714,-1.0485,9.641,-4.2312,7.3288,1.0582,2.082,3.8815,5.7298,-8.0383,2.5917,0.5246,1.6386,0.5175,9.89,-9.6104,-2.165,-1.808,-7.4852,7.389,0.3808,-5.5511,-6.0897,2.0136,-9.4588,5.8707,3.5406,8.3442,-5.5031,-1.2361,2.8038,2.4425,2.7736,3.2754,9.8166,-0.1103,9.4776,-1.7712,-1.9804,-4.66,-9.9336,-8.293,-3.9196,-7.1713,-0.6094,-0.8888,-3.0884,0.6293,-0.6612,-1.4161,-9.5679,-7.8869,3.4958,9.5626,-5.5825,-9.1742,-4.8291,9.608,7.9379,2.092,2.4765,3.883,-3.8181,-3.2411,8.7037,5.6588,5.2278,-7.3765,-4.487,-5.317
2.5158,8.2967,6.574,5.3885,-0.5999,-2.2614,7.6383,9.3139,-3.4295,-3.4138,-4.8701,-6.8371,-6.8664,3.4575,-5.9514,-1.9943,-1.7495,-8.1359,3.3204,-3.1107,-7.1171,0.5709,5.4558,0.2365,-8.3914,8.5343,-3.9967,8.6137,-8.8338,7.372,0.2909,-7.5089,2.0745,-5.4618,-2.0122,-1.232,-6.8318,5.5866,2.7264,7.9627,0.889,-3.4955,9.1422,-0.3412,3.0559,0.1732,7.9429,-8.7807,-5.1353,6.4623,-1.8346,-0.8031,-0.6186,-3.2919,1.8597,-4.1909,-8.4271,4.996,8.1513,-1.9153,1.8088,8.0985,5.3462,-8.9845,6.8123,0.677,9.6264,-6.2773,-5.0055,6.3573,-3.2858,3.7568,8.6083,5.5471,-5.5345,-5.8056,-2.5295,-0.941,7.917,5.8438,-2.8363,-8.3534,5.3183,-4.7438,2.8071,3.4209,-9.5045,-4.8848,-1.8313,4.9534,-6.6034,3.2935,-4.9157,-2.4454,-3.0054,0.6055,-2.4739,-4.7385,-1.8264,4.706,5.9537,-7.0786,1.2124,2.9202,1.7264,9.1183,-5.4457,9.8954,-6.0151,-6.7801,-8.6497,-4.6687,4.1991,2.6786,-0.4787,-9.8083,-4.1691,-2.7927,-9.777,-6.5356,9.8322,9.6858,-1.696,2.5914,8.23,-8.584,-2.4697,-0.7997,9.9315,-4.5113,7.6536,4.5781,3.3986,-4.811,2.2878,-0.5087,2.172,4.5331,7.2377,5.4126,4.7494,-5.224,-4.2696,-0.4954,7.9212,-0.8011,3.3742,-4.3831,-7.2543,5.9785,1.8318,-3.2776,-0.4674,9.7589,-5.4493,8.2316,-0.1621,7.7335,-2.3913,-8.9161,9.2555,-2.9518,5.2287,-9.808,0.2099,-8.4057,1.0124,1.8493,3.8453,4.7024,0.6631,-1.9736,4.971,1.5318,-0.0225,0.2567,7.0602,4.8792,-7.8196,-4.2907,-4.1349,-4.7434,-9.4336,0.6988,6.107,1.3588,-5.2597,-7.4406,-2.6401,-0.1538,5.866,-1.346,-3.9825,-8.411,-6.169,9.5843,0.4843,-6.6007,-6.6031,-5.8307
0.4281,-2.2066,8.5386,-1.3342,2.7718,2.3582,0.2192,2.615,9.8522,-3.6164,8.8488,-9.202,-1.559,-9.7096,-0.5684,6.6051,1.0142,-9.7869,0.697,-0.0173,-4.9049,-3.0996,3.3297,-5.9761,-6.5009,-3.5389,0.4367,7.2709,-7.3507,0.4623,0.0178,3.6517,3.8413,-4.1443,-2.7191,5.0683,8.4899,2.8534,-4.8874,4.4399,7.2336,-9.9273,-7.3578,-7.7937,-0.879,-2.0806,-5.6503,-0.1772,6.781,3.6414,-2.4025,-7.3984,0.579,0.8705,6.4772,7.1544,-5.7624,6.3626,-4.0478,9.038,0.7474,9.5901,-4.4637,-9.1912,-0.9462,9.7809,2.7196,3.152,-5.7961,6.3687,6.9728,7.2324,-4.5384,-9.4691,7.5202,-6.8638,8.8909,-2.4691,-5.4039,-9.7946,-6.2159,0.2405,-6.2477,2.982,-8.5025,-5.0083,-1.1833,4.9853,4.0748,-2.166,5.5462,1.6496,-2.9024,3.8003,-5.2571,-2.1274,-7.0144,-2.4653,1.0679,9.1353,-7.0179,6.2994,2.7109,8.3664,7.2173,6.607,0.9597,-5.7475,7.3475,7.949,-5.4905,-0.0914,-8.5698,8.1729,6.3675,4.6432,-7.706,-6.6469,-8.2657,-6.6203,-8.9172,0.1881,-5.8595,3.1796,1.3253,-7.3815,7.1754,8.9994,8.9775,-8.0025,3.0354,6.1366,-8.1035,-3.8893,-5.8435,-6.8236,-5.3796,0.7046,-1.6494,2.0986,-5.9922,9.1431,1.1325,-2.3858,9.1833,9.9432,-5.9013,1.0741,-7.4509,-2.4423,0.0144,4.0403,-5.6029,8.6455,-5.9834,-8.6771,7.3892,-9.6684,1.806,-1.6359,-2.5967,7.3496,-4.5334,9.926,9.1292,-9.0167,5.3477,-6.0368,6.9223,1.2076,4.1467,5.7303,-7.7848,3.4419,-8.544,3.3048,9.2594,0.1485,1.2424,6.2719,-9.7407,7.9027,6.7126,-0.3067,0.7122,9.6785,1.522,3.1082,8.4542,-9.5739,-8.199,9.1853,1.222,3.4215,-7.4745,8.3158,-6.9871,-2.6552,-6.4681,-5.53
-4.4611,-4.4798,4.1651,4.8017,-9.4952,-4.3729,5.6324,3.2289,-2.613,-5.3369,1.7109,-9.7947,9.814,0.9649,5.6908,5.1645,-2.5308,3.899,-6.7061,-2.9237,1.655,0.9309,-7.1298,2.3383,-0.3112,-0.6508,-5.5861,-0.342,9.8445,-6.9766,-2.9715,-5.2821,6.7892,-8.1297,-1.5512,4.6516,6.2445,5.6544,-0.5832,7.8988,6.8315,-6.8364,7.543,2.108,-2.1416,-6.8735,8.8843,7.2933,1.434,6.1827,-2.1833,-5.1114,-4.9338,8.6532,0.3578,0.5048,8.1701,-5.2639,-5.9001,3.502,-7.5965,-2.0895,2.3232,0.9363,3.4954,-3.1722,8.6691,4.6827,-2.6969,-5.7732,-1.922,3.5281,5.5673,1.6078,2.2582,7.0359,-8.7618,-7.1637,-4.866,6.8959,4.6421,-0.6184,1.5518,-7.6051,1.8236,-1.3063,-8.6833,9.9582,-8.1376,0.3881,-2.981,6.906,9.4686,-3.6106,0.0096,3.5708,8.0803,-8.427,-0.2525,-5.6422,-3.2044,7.7613,-6.6017,-2.1817,4.491,5.677,-8.2199,1.0309,-1.5762,5.4691,-6.394,-3.7567,5.5607,-1.1472,7.1026,2.7118,3.6215,-0.3722,-2.9705,6.7906,7.5545,5.4898,-6.1872,4.5913,2.8118,-7.9934,-9.5338,3.8215,5.8666,-7.368,1.7434,3.9234,5.4715,-8.7695,-0.2677,2.4188,-7.9036,7.5477,-0.0395,-8.6035,-5.8636,-5.7793,2.4049,-1.6159,-0.1052,3.1006,-4.4711,0.0283,7.5313,-9.545,3.5737,8.5041,3.651,-7.4419,-7.3473,9.3612,-8.7764,-7.743,-7.4548,-2.2483,0.5135,2.6922,9.6243,-7.7822,-0.328,-5.8468,-6.2163,6.9754,-3.6146,6.7167,6.7384,4.8953,-0.6603,-8.8528,5.0244,6.2348,-3.5191,9.3081,-6.9959,3.2857,2.5354,-4.0297,-1.307,-2.1521,-5.5146,5.0368,4.7903,2.9872,3.3651,4.4049,-6.9208,-5.8832,8.2631,-5.9673,0.1491,-2.6253,-1.5642,-0.6452,7.5861,9.6771
1.312,-3.2119,-0.8325,-3.881,6.6376,8.8874,2.054,-1.196,7.3642,2.3855,3.0016,6.7513,3.1468,0.3495,2.1175,-0.8468,6.8129,-1.6104,7.3471,-4.9886,5.7948,3.7694,9.0263,-7.5723,-9.3078,7.8006,-6.888,-9.8115,3.8416,1.8079,-5.7852,-3.3463,2.3893,-9.3653,0.2822,-0.313,3.1379,9.5753,-7.1826,-3.5327,7.576,-3.2395,-1.4935,-0.2377,-8.1761,2.4636,4.7726,8.82,-2.7595,9.7498,0.8542,3.1177,4.9173,-3.0321,5.9549,3.8175,-0.3026,9.7951,2.6139,-4.61,-3.6381,-4.886,-6.2281,-6.9916,1.6412,4.9468,-3.9463,-8.6052,-6.7895,-4.7937,-9.725,-7.4185,6.2834,-2.9643,4.5444,6.9266,1.8543,-5.9926,-2.3298,-5.6973,5.208,-7.1335,-5.4443,2.1316,-3.7169,0.687,0.8762,3.2204,-9.1309,0.0384,7.6771,9.2371,-0.9847,-1.9602,-8.8666,-1.5991,1.1432,-7.2915,-0.4705,-9.5944,1.8221,-9.111,-3.4152,3.7792,-5.8642,-0.7442,-0.8676,2.7668,-9.3321,2.3946,8.1774,-0.4109,-5.2235,7.2345,0.429,8.0786,-1.3639,4.6794,1.818,-5.275,1.901,-9.049,1.2916,-8.2803,8.491,2.6826,-5.605,6.3011,-9.4206,2.743,0.8609,9.5489,1.1457,-5.1491,5.8525,-6.4507,7.3175,5.1789,-1.96,-0.3968,1.399,8.2376,-4.0359,-9.6601,-3.8576,-9.4221,-4.2015,-0.0887,9.7775,-5.9274,-1.2934,-6.1199,4.4774,-9.3166,8.7167,4.0845,-8.5763,1.5727,4.9309,-1.459,-9.8212,7.1586,8.1257,-7.2949,-1.5604,-4.8052,-5.6772,-0.5202,-7.4291,-0.9572,-3.9732,5.2714,-5.202,-6.5102,4.6069,7.6381,-9.6955,-2.4828,-0.799,0.8951,9.9748,1.2653,8.4177,-8.7657,-0.0206,-9.6996,4.2728,-8.851,4.1515,5.2497,3.74,0.3579,-8.1599,4.2204,-2.5874,-7.6956,-1.836,3.5533,-1.8111,-0.6011
4.7988,-3.6106,-4.886,-6.9204,-4.791,5.2462,-2.3434,-8.8617,6.9099,-4.1456,-5.487,-4.0469,-1.9701,3.0576,-5.4047,2.5587,-6.8335,-9.1841,-6.5374,-7.6418,9.7573,-3.9457,4.0145,0.4014,7.1168,4.0864,0.9783,0.972,-1.1681,5.9125,5.0753,-8.8958,9.4789,6.1284,-7.7958,8.4244,-5.6127,-1.4797,7.3655,5.3222,1.9843,-3.504,5.5127,1.4342,5.7988,-8.9717,0.1557,8.8663,-6.2287,8.3543,7.7765,7.8957,0.2073,3.717,6.8609,9.1639,5.0224,-1.1363,-7.0063,7.3699,-5.5527,-3.5944,-4.3802,-1.6709,6.4652,-0.0767,2.0975,8.3934,8.2273,0.3201,-5.625,-9.9702,-6.1951,-5.7063,6.9596,7.6622,6.1796,2.372,8.5364,6.3795,-1.9257,7.6717,5.8762,-4.9777,5.6774,4.9019,-8.6705,-6.7372,-7.4952,-2.7015,-5.0544,-1.1035,-0.3633,5.6382,-4.9321,-7.8935,7.43,2.0636,5.4974,3.3068,-3.1114,9.533,-9.3917,-0.5735,-2.2214,-6.2533,4.1372,5.5035,5.4192,3.7471,2.5598,-2.0798,7.9308,4.4879,-3.8133,-7.1429,-3.7345,9.4085,7.1879,-8.3584,-5.5627,0.5264,7.7257,5.7432,-1.5678,6.6482,-9.2693,2.3445,-6.6362,8.7937,-7.3315,9.8409,3.3167,3.8379,-1.4961,8.9784,-5.5137,-0.0376,-5.9681,7.5287,-5.5395,9.8602,-0.6672,6.1678,-5.8502,-1.5386,3.7539,2.0966,5.0568,-2.0562,-2.2014,7.8426,-9.962,3.4651,0.1185,-2.7062,0.9156,-0.3999,8.5598,8.0698,2.5487,-3.7909,-1.2323,-3.3034,-6.3341,7.841,-2.0113,-4.2888,9.4075,9.5061,-4.5556,-6.1841,-6.4041,-4.6817,8.0434,6.7058,7.3668,-0.1564,-2.4529,7.6992,-7.717,-1.7762,-2.6764,-7.4974,-4.7692,-7.5267,-2.0744,2.1275,-0.2422,-9.6255,7.3995,6.6222,-7.3676,-6.4722,-1.8159,0.794,-6.7204,-2.0071,-8.2912,6.7233
-2.2387,9.8815,-3.6235,7.7914,-2.5272,4.9897,-8.721,6.7397,4.4671,1.3557,2.9758,4.0947,-5.6602,1.5289,3.8987,8.0177,4.8536,-3.0136,-2.2531,7.7029,3.1345,9.9844,-0.9776,-7.8594,-5.7271,7.1119,6.1078,-1.8584,-3.5666,-0.6259,-6.0836,9.2289,-6.2084,-2.3926,-9.9425,-1.6387,-4.6307,4.5171,8.9439,2.6788,-8.3061,9.4427,-0.3872,-1.9319,1.8439,2.0739,5.569,-3.5092,9.6062,-7.4477,9.2958,-7.1231,3.3991,3.1142,-6.3394,3.5798,-5.7236,-1.4202,8.8429,5.968,1.6351,-1.2701,8.4173,0.3919,-3.5014,7.1127,9.0454,3.4413,2.4809,-1.0633,-7.0619,5.0645,0.1099,-4.7846,4.0813,-3.8195,-8.4008,-6.3646,9.0829,-6.6368,3.3706,-7.1735,4.8824,-5.4017,6.7464,6.8956,-6.3167,6.428,6.8304,-5.2884,-6.2036,-3.8741,5.6329,-2.4387,6.3878,2.985,1.1461,-9.0278,0.04,-9.0674,7.4266,-8.7624,-7.9309,1.2071,-6.2814,-6.1108,-1.8794,-9.6161,6.2413,-2.2341,-8.0823,-8.2232,-1.0876,1.5339,-7.3497,-9.6717,-5.7939,-3.7467,-9.9698,2.4419,7.9898,-4.686,-5.416,-8.3925,-4.1091,3.1131,9.8905,5.7749,6.9212,1.5123,-6.4828,-2.7901,7.3904,-0.0939,-5.0107,0.2265,3.1526,1.7701,-2.4092,8.1064,6.7673,4.6912,5.986,-3.0948,-5.8914,2.4366,-9.7302,4.3965,3.1033,5.5529,2.8727,9.5036,2.497,-7.1439,-6.7424,5.4722,4.4685,-4.5887,-6.251,0.1038,7.0506,3.3435,9.2453,-5.3433,-4.9633,-0.2323,-0.5843,3.7665,9.2066,-9.5731,1.6326,-7.2361,-5.8557,8.4297,-8.6539,-8.069,-0.3224,-9.1272,5.3429,-9.6201,1.1191,7.4564,4.2552,-7.7948,-6.5953,-6.6915,-7.0163,-8.2453,-3.9665,3.5409,4.7217,-0.2406,-2.9288,-6.7961,5.2874,-6.1037,-2.9032,-7.0756,-1.751,-6.5427
3.0173,8.9638,-6.4872,-4.704,1.5919,9.8705,-9.4754,2.5379,6.868,9.696,-9.4107,0.485,-3.1593,-8.1958,-0.1163,-1.7686,1.3627,-5.0873,-7.4683,-0.3803,-4.042,-7.6863,-2.2333,-1.0773,-4.0183,9.6907,-8.0097,-9.9981,3.6759,-0.963,-5.3563,4.4332,-4.5457,7.6148,-1.9203,-5.3423,3.0431,4.2502,-1.3693,6.694,-0.2377,9.1237,6.1408,-8.7715,0.2301,6.5657,-2.0339,1.2,-8.5721,0.6541,-2.8229,2.2879,4.3923,-0.8616,-5.4284,2.1105,3.2985,1.2028,2.5801,7.7677,-2.6878,9.4608,-3.9169,4.3623,1.5127,3.4836,-8.1698,-6.7018,-3.8923,-1.1821,3.5633,3.732,8.9442,-5.2368,-9.1871,-7.2394,-3.3431,3.1505,7.494,9.8499,-6.1166,9.155,2.5658,1.4706,3.4996,-9.7308,7.7053,0.3169,4.1521,0.1282,9.0022,-5.9138,1.7375,7.7089,-0.976,-1.4242,-5.2774,4.9979,-8.3651,6.7057,2.5211,-3.7878,-4.1001,-6.5388,8.1614,-3.3526,-1.0991,4.0098,2.5702,-0.4482,0.0182,7.2018,-9.0477,5.9049,-8.5002,5.1728,4.3577,-9.2469,-0.8289,-8.5511,-8.4052,0.1277,-5.117,-7.4107,8.2129,5.055,-8.6069,3.218,-6.2358,4.8402,7.7647,4.2807,5.6577,9.3231,7.2254,-9.1783,4.1586,-9.4321,1.3107,-6.0242,-8.886,6.431,-8.0662,-9.2007,-7.1726,2.1191,0.2156,3.1519,-1.2801,-5.1192,-5.8588,3.1547,-2.7105,-7.1359,7.1348,-4.4741,3.8845,6.7351,9.2137,4.3784,9.7992,-6.512,-7.1784,-7.7934,8.8368,5.8961,-6.1563,-0.3083,6.8273,-9.4611,-2.3555,-5.4057,-0.0988,1.5027,2.9686,8.6234,9.5255,-3.8202,-0.1262,5.0353,-1.1851,-2.367,5.5388,-3.8247,4.828,-0.1756,5.9884,-9.9027,-6.251,-6.5489,7.6461,8.8365,2.3183,6.7036,-2.3532,-1.5078,-4.1121,8.3252,4.9564,-9.5225
3.8218,-2.5776,-5.0965,1.9522,4.3239,-5.2795,-0.4527,-8.826,9.0609,-6.0238,5.6546,9.604,2.2117,5.861,-0.5388,6.9062,3.1203,6.8687,-2.8461,4.5153,-1.8318,-3.1626,7.4942,-2.2118,-1.774,6.4753,4.1328,-6.1311,3.4044,-7.1156,-0.9634,-9.872,2.3483,0.5827,-8.0374,2.4613,-7.8586,-9.3094,1.5823,-3.3086,5.6922,5.978,9.3638,-0.8471,6.7336,4.081,-7.97,6.082,-4.1337,1.4035,8.0201,7.2884,4.9527,4.9669,9.3833,-7.6736,0.522,7.023,8.9269,-2.0869,7.9334,-3.5114,5.9374,-7.8368,4.0729,-0.2988,0.3669,7.6252,8.9361,7.9519,0.2467,1.212,-0.3042,-6.8622,-4.0773,1.0053,8.9273,7.7701,-6.0951,-9.5333,7.3047,-7.9361,5.0937,4.0438,9.0844,-2.5692,-2.7405,4.5664,5.7595,-0.5529,-3.34,0.6162,9.2764,-0.498,8.709,9.8952,5.4316,-1.2205,6.6712,4.5499,-8.0551,7.4044,-9.014,-6.069,-7.5494,5.7219,7.2497,-2.9181,-9.3636,-6.6458,0.7144,6.9332,5.973,7.9156,1.2145,-9.7806,-2.7477,5.6065,7.2138,9.5303,2.0538,3.9784,-4.1825,1.6938,2.2958,-5.6726,0.5346,4.8931,3.0174,3.5381,-4.3882,-6.0852,4.3765,0.2478,-7.3878,7.3712,4.1933,9.1137,-4.3345,-9.8154,7.8447,4.9793,-0.9846,5.183,-4.8697,4.4683,1.1944,6.2501,-5.752,-3.4338,8.1486,-7.4902,5.0293,-5.6655,3.3336,-4.0068,4.2843,0.5848,7.4671,-5.9998,5.0594,-2.7814,-6.3412,6.9689,-0.5172,6.6131,-7.9899,3.0584,-4.4485,1.1962,-5.1368,6.8667,6.2331,3.9911,-8.457,4.5107,-2.7931,-8.3703,3.3709,5.645,6.0719,7.5644,1.6222,7.0687,-8.1805,5.1314,-6.9279,6.9751,-5.7427,-1.4089,2.2855,-1.2058,-8.3446,5.446,2.3484,-5.9595,8.3253,5.9767,-1.6146,-2.3548
4.6336,-6.2381,-1.1566,-6.9315,-6.2379,-5.1887,-4.9714,-1.203,6.4969,-8.0669,7.7494,-5.73,2.9433,-5.1718,4.9889,-1.7327,-8.106,-2.1589,7.6817,-0.26,9.8099,-0.6813,-0.5873,-9.1273,0.6112,-7.258,7.9109,-6.7496,-9.8982,7.9699,-5.2285,1.5317,-5.5806,0.108,8.1262,8.9816,3.6601,-7.0475,1.5629,-0.1459,-6.328,1.2423,0.8691,8.9641,-6.6211,-9.0363,-7.8606,8.2435,-0.9238,9.9481,-3.5857,-7.764,5.8122,9.6773,-1.8373,-3.4202,-7.9917,7.6953,7.0853,1.0097,9.7076,8.1059,5.8026,4.3656,7.0081,-1.9292,0.4977,-5.9553,2.0866,9.0694,-2.4961,2.4329,3.2546,-1.2542,2.5257,-3.6112,9.5234,6.1144,4.6955,-3.2126,-8.5041,-9.7074,3.801,-5.0489,-3.402,-0.5056,3.7883,3.6001,-6.8271,-1.6124,0.911,-8.5618,-1.3436,-8.1077,-9.8449,-9.3879,7.3929,0.735,2.3602,4.5177,-9.5284,-7.0183,-6.6202,-2.08,0.9752,7.8631,-3.4868,-3.915,-5.5455,9.7098,7.28,7.8862,1.4837,2.6866,-3.8902,-9.2355,-9.4854,-1.0481,5.4199,3.8448,-8.6621,3.3471,8.6977,7.3323,2.0522,-1.6816,2.4384,-1.7125,8.1011,-4.7992,1.7088,7.5023,9.6579,4.4374,7.0434,-3.374,4.5236,-8.9749,4.9941,-6.4796,-8.0832,-7.4107,7.3352,7.7214,-0.644,-4.6452,7.4268,-5.9162,-9.756,-1.6434,-0.0656,-1.7152,4.0865,8.9381,9.0073,-2.2913,0.5624,2.9044,-9.2253,-7.5381,8.3527,-1.049,-0.8336,-8.2963,-0.5584,4.3916,-5.3597,-6.2801,7.9397,-2.9257,1.8773,-7.6796,5.2649,0.791,-1.5775,-8.2429,-2.5714,0.1949,7.0238,2.7362,9.7908,8.2917,-8.119,-7.8923,-2.1405,-3.4306,2.7602,0.8986,-4.8241,-0.6187,-8.5297,-1.5254,-0.7568,3.1024,-9.3236,3.5628,3.2358,-9.5831,-2.7068,-2.6867
-1.6395,2.8621,-2.6882,7.5061,6.9684,2.611,-4.5823,2.6094,3.4175,-3.3083,-2.4193,-2.158,9.8161,-9.2642,-8.0234,1.8903,3.1327,5.7266,9.9239,-2.9073,5.9963,-1.5958,-2.0429,6.9196,9.1823,9.5087,-1.9089,-2.7158,-3.7408,5.5139,2.1977,3.0238,6.4901,9.1417,3.7469,9.0158,-7.4272,-9.4021,1.7521,-1.0959,-4.7074,4.2251,4.5535,3.7475,-6.7961,6.3722,4.8293,0.9134,9.1089,-2.537,6.8725,-2.0731,-7.9661,-9.0477,-6.0656,4.6293,3.8456,8.2905,-6.9166,9.1859,-5.023,-7.3467,4.573,1.9986,7.8166,7.416,8.4215,-1.8484,5.0403,-6.2034,0.9367,6.1402,-3.9401,8.6562,-6.4274,-0.4719,-8.131,0.811,-5.1382,-4.7832,-9.9991,7.1519,9.4015,0.4135,-3.135,7.6719,2.005,3.1874,0.2023,-9.4175,1.5294,-7.1259,8.1957,-7.132,2.5744,8.3712,1.4198,9.4431,-4.9529,-1.6458,5.3892,4.0306,5.572,3.152,-5.0206,1.0901,1.6645,-5.337,-6.6491,8.0474,2.1994,-8.8026,-6.2634,-5.9359,9.5198,-2.8835,-5.9584,4.273,-9.6339,6.9123,8.2063,3.2708,2.0867,-6.8395,0.2545,-7.7188,7.3793,-2.9177,7.2327,4.1646,-3.1985,-1.1998,-3.7203,6.3268,5.8638,-7.1707,7.5537,-8.0001,1.6242,-8.9877,-7.6546,-9.7242,-0.1054,6.6252,3.4253,-3.1435,-3.5053,-6.2368,-3.0931,-9.7701,-5.8211,-1.4057,1.5687,-8.7444,-6.8694,8.5282,-4.6833,5.123,8.3648,-1.7886,-3.03,7.5852,-9.3833,-0.5986,-0.2125,-7.6962,-2.0436,0.1154,-0.1555,8.9008,1.5931,7.7776,5.1749,-6.2539,-2.2123,-5.1415,4.7734,-3.1869,9.1859,-6.9612,-4.332,4.4553,-4.4501,-8.345,-7.3373,3.8541,-3.0453,9.5594,-4.3924,0.8829,-2.6594,-5.7859,9.9924,8.9331,-2.2519,-9.1328,1.6986,-2.9169,-8.1423,6.0699
9.6565,9.811,8.5154,4.3151,9.3212,-4.3722,1.4517,-4.3612,-9.6611,5.7997,4.8295,-3.5759,5.5702,-2.3948,-8.3213,7.2981,-4.1103,3.252,-0.1247,9.8476,6.2658,-9.1967,1.9238,9.4688,-2.4726,-9.657,5.7496,-3.9969,-3.753,-3.4425,0.474,9.3542,2.6467,-5.237,-4.6651,-7.6771,5.3942,4.5074,-8.4162,-9.3245,-4.7202,7.3025,8.1891,-2.0565,4.2431,-6.4465,-8.1564,7.3447,5.1786,7.8983,-9.193,7.5328,4.7167,0.7782,-8.7144,-0.0285,-0.5846,-0.4724,-8.1995,6.1482,9.167,-9.3516,4.4851,5.7185,2.9774,4.5642,8.4173,6.8461,-8.5364,1.3867,-6.3124,-0.5622,-0.0508,-2.5484,-8.4686,-7.9658,-4.9109,5.2915,2.4822,-4.0323,9.2648,-2.3423,5.2256,-0.9809,6.4733,-6.0891,3.8351,-6.8803,8.9611,-5.3101,-3.5975,-3.3526,-6.6565,1.504,-7.3256,9.2922,6.1877,8.1281,-3.1665,7.8447,-6.9872,-9.0919,1.3169,-8.8977,4.5308,-5.9807,5.1535,1.7906,-3.9402,9.0951,4.4905,-3.3933,-8.4382,-1.2853,3.9118,7.8853,4.2979,4.6621,-1.4006,-1.1402,-8.4057,-9.7137,3.3546,-4.6627,0.6125,-6.9765,-3.4705,-4.3183,9.3182,8.3114,-2.1084,1.2754,-3.9117,5.3034,7.3434,-4.1017,-2.8531,3.504,4.4299,-3.3332,-8.4665,-3.7944,-4.5981,6.4391,6.1254,-7.2206,5.0373,9.7949,7.0055,-3.4924,6.6257,1.9528,2.3073,9.2194,-3.2443,4.5722,0.3855,7.4486,1.4654,7.5736,-8.7691,3.0357,-2.4111,9.3139,-5.6272,-6.7406,-2.3265,7.9855,-2.6311,9.7219,-0.6138,1.6814,7.1903,-3.0285,7.3608,9.6781,-0.5032,-6.1794,-9.1878,5.1399,-6.4936,-4.0506,-9.7134,5.7439,-4.5031,-5.2277,-1.9958,-3.2653,-7.9142,-5.4055,5.0404,7.833,2.6443,7.2478,7.5541,-9.7427,4.6027,7.0534,-2.1203,-5.4534
1.871,8.4013,-7.9942,-5.5452,8.2075,2.1073,-3.9721,-2.7729,-0.6901,0.9433,-3.8182,7.8885,4.9773,-1.3622,5.2524,-6.4999,8.5421,6.9205,6.5391,5.1794,-3.5446,-0.7797,-6.8937,4.0084,4.1971,-4.4989,2.4844,5.9463,-3.2929,6.1675,-4.4093,-9.4099,-9.2967,1.8806,2.1391,-7.0179,0.4174,4.1612,4.8531,4.3062,-0.9928,-4.4231,-1.8251,2.6188,-1.1252,6.0097,-3.933,5.7213,-6.0574,4.4298,-5.5272,-5.7171,4.4122,3.8203,7.7779,-2.5257,-1.495,-9.4761,-6.6393,0.6142,-3.2755,0.3509,2.6729,1.9616,4.2264,0.1839,-2.7082,5.3151,-8.9984,9.4932,-7.1326,1.8271,7.8573,4.5005,-1.3909,-2.1749,-3.1662,-3.7073,8.3046,1.9191,9.2845,-7.8213,9.1494,-6.3882,-4.1365,-6.753,-5.5798,-5.7141,0.4594,-1.8752,-6.4279,6.851,5.0808,4.7699,-3.1523,9.5485,1.7612,-4.8903,5.5549,0.0454,7.876,7.9991,4.206,6.8445,-5.901,-1.7628,-6.8948,5.4145,0.3713,0.1348,-8.1337,-9.055,3.2606,-3.7018,2.5619,8.641,7.8088,-5.4368,-0.8553,-7.9146,9.4409,-3.8988,5.4505,-4.342,-4.3972,-3.481,-1.4818,-3.9099,-1.7629,-2.4513,-3.8038,3.9323,-8.6863,8.0189,7.2439,-7.7027,-4.4254,9.6576,-0.2117,-7.7434,-4.0704,9.6538,1.3185,-3.0965,-5.3263,-9.4242,5.5527,4.7588,-1.982,-8.6941,-8.165,9.7756,-5.7646,6.1467,6.8497,1.6965,-3.2356,-0.4636,4.7101,-8.7809,-9.3239,-8.5072,5.1359,5.1843,3.1621,-9.0349,4.7227,2.1851,-0.1787,4.0667,-7.3811,-6.6776,9.4888,-5.6189,-6.5444,-9.1259,-7.7075,-0.7374,-2.2044,-6.1646,1.0512,-1.003,-7.5335,0.8126,6.8199,9.3478,7.1869,8.3715,8.9014,2.2165,1.5454,5.1361,-0.2095,1.0109,2.4106,-6.239,0.3778,-2.8747,4.4546,-4.5285
-2.8414,-5.7129,5.7057,-8.1117,-3.5875,-6.3349,-3.9118,-6.6145,8.3003,3.476,3.5607,-8.1021,-2.3411,-2.3321,9.5293,-7.4799,8.2689,-7.0342,7.022,-0.2263,-5.7698,-7.9261,-8.2994,-4.5001,4.0438,6.3675,7.2396,-8.3849,9.4337,-2.4903,-4.2975,-6.2276,-4.8733,-9.1745,5.2428,-7.7049,-0.4235,5.8581,2.2736,3.6056,-2.9793,2.71,-8.9929,-9.0934,-5.435,9.6023,-9.2816,2.6083,3.5526,-3.7307,-9.789,-6.2125,7.6825,-2.0159,-2.3173,5.468,-5.388,-4.0366,-1.9278,-0.7187,8.8273,6.199,-4.2797,-6.5862,-6.6594,-6.8348,-0.909,-5.5303,-2.1749,6.0302,-4.48,-1.7786,9.2473,4.2901,3.8177,-8.8281,-7.7811,8.2162,2.2672,-6.2024,-7.3684,2.8099,-3.3654,9.4839,0.8777,-4.7216,-1.1206,-4.4775,-2.9945,-0.6009,-4.793,-1.4598,4.8566,6.2096,-2.74,-1.6597,-8.3454,-8.387,9.0578,4.028,-4.5779,9.2588,-3.2111,6.1801,-1.213,-1.4706,6.1824,9.7564,-6.2022,-3.0241,3.3298,-0.9969,-4.1239,-4.2445,2.2626,1.8702,1.9292,-9.4738,0.0043,8.5936,-6.252,-9.9126,3.4425,0.4257,-5.3217,1.1978,7.11,2.5783,5.6118,5.8014,-2.3081,-9.8625,-6.726,0.7565,-8.2527,-6.6966,1.7947,3.4778,5.2705,8.1008,1.5578,8.2061,-1.0775,9.1839,-6.4247,-6.7037,-0.1097,1.9261,-6.9482,-5.1181,4.3105,2.5416,0.3071,9.7362,0.2744,0.2425,2.9077,2.2354,-9.5011,3.9862,1.1707,7.8305,-9.461,8.2906,-9.1509,4.9111,4.049,-5.8999,5.8938,-5.2174,-1.298,0.56,-3.9166,2.425,0.7837,-7.1011,-5.4237,1.7242,4.3801,-6.6612,7.2376,-3.9266,-0.4755,-5.6966,-9.6584,7.7425,7.1185,9.6324,8.8566,8.2606,-6.8875,-0.7806,-8.8225,5.4067,-0.3955,0.3353,3.272,3.2828,3.899,-6.8105
0.3804,-6.422,-0.7689,3.726,-6.5937,-1.2718,-0.2589,0.0944,-2.3744,-4.1719,9.0543,1.367,3.1927,8.689,3.3218,4.6057,4.5321,-6.3216,3.866,-4.7115,-0.933,4.1998,-0.5143,7.1653,1.0967,8.3367,-2.1882,0.006,0.7762,5.2667,5.3594,8.6839,-3.5168,8.1916,-5.7402,5.5088,-1.6152,5.3898,7.2248,7.2748,0.5755,-8.6478,0.4137,9.1306,7.1671,2.9679,-7.3176,-6.4787,-7.7415,4.2285,-2.5052,-4.5479,3.6277,-8.6875,8.2771,5.1291,6.9481,-5.8586,-8.5138,7.2292,-9.681,-8.1005,6.7298,-1.8233,-7.1895,-9.9225,-9.2272,4.007,-3.6464,-0.0595,5.7251,-1.4925,9.3212,-8.1835,-2.7357,4.4781,-9.9317,9.2914,-8.3695,1.3239,5.2937,-4.298,0.0033,-0.6056,-0.3916,0.9996,-9.5828,3.6576,-3.224,-4.4341,-1.4951,-7.1951,4.9722,5.9173,-5.7999,8.6614,0.4561,-7.002,3.6923,-3.2321,4.8862,5.7064,0.4201,4.4161,-8.4089,2.8332,-1.5309,8.0982,1.3027,-4.1589,3.1318,5.6354,3.4692,-8.7028,-6.3636,-4.5027,-2.2669,-8.5232,3.1752,-6.1008,-9.136,5.2046,-2.423,-4.8204,-5.9552,2.2167,-1.2461,9.1959,7.336,-1.0654,-2.2766,-8.911,-7.4421,1.0872,-1.8801,2.7595,-9.3069,-9.5358,-4.1777,9.5681,-3.3988,0.9203,1.4432,-7.6921,-3.3812,3.6698,6.6429,8.712,-4.0993,-3.7623,5.837,4.9843,2.9159,-0.006,-2.4965,3.0664,9.7208,-9.771,1.7034,-0.9784,3.9857,-6.1136,-1.5084,-4.3473,8.0044,-1.1876,4.2955,9.675,5.304,-1.918,4.1712,5.0484,-6.0607,-1.4657,3.6162,3.4035,-9.2672,-7.2452,-9.5352,-4.55,9.9047,9.058,6.4712,5.8385,-6.7988,-1.6867,-8.2312,-0.8474,-7.613,-6.2271,-7.6143,5.4209,-3.4325,-6.2458,9.7294,-7.7763,-3.2078,-7.8052,2.8323,8.1451
7.5023,-5.9232,-1.53,9.8001,0.1692,9.0051,8.314,2.6863,-3.0805,4.789,-0.1559,-2.3111,-0.5352,-7.7674,-2.5145,7.0867,-2.8178,8.0509,-3.6122,-8.4947,-1.783,9.4433,4.7166,6.3784,2.7671,-8.0324,-0.8139,-1.2597,-6.189,-6.3495,9.6828,1.1047,-9.4264,-0.2755,-1.1153,-5.8378,-0.5263,-6.1412,7.4801,2.2407,-1.8823,-8.4547,6.4155,8.017,2.6476,-0.4793,-9.9017,0.3798,-2.7168,-1.2163,6.728,1.5506,2.054,-7.9256,-2.2474,-6.1903,-6.8111,-9.4937,4.1423,0.3213,7.8174,5.6165,-9.4348,-3.6996,-2.9622,-1.2246,-0.9807,-1.8239,-9.2813,0.5432,9.4033,-5.3232,5.307,-9.5406,0.1182,5.3006,-4.3353,0.0119,1.1047,5.6846,5.3862,-8.8579,1.9318,-4.5234,2.3724,9.7392,-0.6337,-2.1814,-4.7762,3.3362,-5.1166,-6.4151,4.3474,6.1095,-6.8203,1.6061,4.4542,-2.4057,-5.679,-1.5313,-4.6733,9.1506,9.2436,-8.4418,1.0223,-7.5044,-6.2005,6.2184,-1.2616,4.0792,-2.6512,-6.0198,-1.3503,7.8785,9.3044,4.5431,3.5649,-7.9904,-8.8767,-8.1818,2.0797,0.7161,7.6674,-5.5723,-5.121,2.9283,-8.1333,8.9844,-2.3946,3.9603,-3.8074,-7.1818,0.9971,1.3322,7.5315,-7.317,-1.672,-8.9406,3.3127,8.5163,-8.0686,-6.2129,-5.3057,6.5783,2.7615,-9.2533,7.6568,-7.4772,-6.5165,2.7017,5.9683,-1.4872,-2.8517,-4.674,9.052,9.9097,1.7374,7.2043,5.0561,-5.6078,7.9762,1.4577,3.9526,5.1248,3.0163,-1.975,-2.5287,-8.5146,-8.1676,5.9365,-2.5181,-6.7752,9.3332,8.2556,6.1299,-5.1247,-4.371,-3.5638,0.8189,7.8699,7.8176,-8.5168,-3.1987,-4.8436,8.1072,-6.374,-4.5518,6.4154,1.4366,2.3607,-8.4187,4.8165,6.9623,-4.3098,-5.4025,-6.242,-0.9667,9.3877,9.3654,3.7808
-3.6134,7.3164,-2.2269,0.5236,4.3348,6.1837,8.4634,-5.4074,-6.5743,-9.4288,8.4868,1.4539,-2.574,-5.1223,-1.8238,4.9456,5.4903,-8.1229,4.0775,1.7501,-1.5701,-4.5252,-9.5236,-7.9177,-0.8716,-0.0065,-2.9289,5.5605,4.8911,-3.021,8.8401,4.4726,8.2198,4.0595,-8.5984,0.8442,2.5323,-6.0652,5.8729,2.4968,-2.9197,-4.9544,2.2616,-1.6777,-5.3199,0.1593,3.0259,6.8475,7.6998,5.1596,-0.6909,-3.183,-6.3159,2.1548,2.0158,1.7469,4.7854,-3.9061,0.5168,-2.4556,-6.9896,7.9105,5.0836,-1.4451,-1.3418,2.3968,-6.6954,-4.9688,-4.1974,-3.4806,8.5603,-9.1186,7.8085,8.2526,9.0739,9.8632,9.83,-4.8361,8.6251,0.0391,-3.672,-2.1445,-5.3983,8.8091,-7.7039,5.3572,1.131,-4.9708,-8.5504,1.1898,4.9178,-4.4557,1.089,-4.5471,2.2933,-2.9931,4.5483,-6.5046,-8.3875,-0.7749,-0.3069,-0.6216,-8.9293,2.5882,-4.287,6.1758,-1.9052,5.3558,-6.0366,4.7872,-8.5399,-8.5225,-8.0102,-9.2701,9.0163,8.4276,-6.0818,3.2567,6.9451,1.4002,3.7869,-4.2069,-2.7032,-0.7907,-5.4454,-6.1586,-4.5127,-3.808,2.5826,6.5417,4.9929,5.8872,-3.7227,-4.6406,-1.2017,-9.3181,4.7786,4.7343,1.5658,-0.3546,1.8573,6.5117,6.9371,-6.3144,-7.5982,8.5711,9.0596,-8.3067,-2.5208,-8.7294,-2.1148,7.2748,5.4839,1.9815,-8.6061,0.3554,-3.0995,-6.2378,1.4877,-8.7994,5.0052,0.1773,-7.6883,-2.0411,-1.6656,-9.3445,-2.1625,-6.3336,-5.7987,7.2881,-7.4634,-1.015,-4.8765,2.3939,-4.8524,-1.9604,-2.7083,0.2363,-8.6944,7.4041,-5.2013,1.2497,-3.5725,6.711,8.33,4.0801,8.6087,-7.8883,1.9902,-0.8701,3.5814,5.8361,3.0807,-5.1669,-3.7361,-2.421,-8.3296,8.076,0.8335,-4.1328
-4.6997,4.0245,-3.8241,-4.9274,3.061,2.6053,3.1386,1.9483,-3.3347,2.7278,-2.1692,-7.6767,-7.5514,8.4026,-3.6653,7.5997,7.4778,-6.6997,0.7501,2.0821,-0.5006,-0.6702,6.6799,-3.8768,-9.1041,-3.5323,1.3859,6.9805,1.9656,6.8982,-5.6747,-7.8109,-8.1217,-8.3152,7.0885,0.0542,-5.7441,7.3463,-1.4653,5.4848,3.0831,-3.0525,4.0374,8.41,8.9771,5.285,9.4195,-8.5124,8.0718,3.2095,7.1911,-1.4395,-1.9352,0.0219,-9.9347,-4.4972,-3.2251,8.7761,-2.8533,-7.8872,8.3121,-8.6773,-4.3923,6.9461,4.7421,1.4453,7.1677,-3.8648,-8.7636,0.5234,-3.5698,-7.4153,0.5016,7.3652,6.4245,6.3698,-8.0056,6.0189,6.5306,-8.9173,0.9078,-4.0056,-3.4527,5.1977,1.4329,1.5957,-6.1948,5.6844,2.8843,-8.9521,-4.8219,1.0682,6.6668,-4.298,-0.0229,-1.8424,6.7147,6.735,2.2517,0.9782,-7.867,-9.0641,5.7708,0.1667,-8.7634,9.5669,-4.7796,5.2304,1.7335,-2.7664,-0.3163,2.1584,3.6877,-0.3511,9.9583,-3.5331,1.5681,6.0359,-1.4462,1.6436,-0.1342,0.7732,-6.8619,5.7543,-5.729,-2.0064,7.8279,4.1141,8.9049,2.0759,-2.8903,0.4296,7.7764,6.093,2.6955,-4.4074,-4.4185,9.8674,-9.5654,-7.0028,7.244,-0.1501,8.5135,-6.3146,-4.1031,4.171,1.4753,-2.1185,-5.4246,-2.1424,0.4302,-0.0587,-8.8469,0.978,0.0461,-0.2797,-5.513,6.3386,-5.8341,8.9662,-1.0641,5.2168,2.139,6.8252,-0.6935,-9.021,6.4386,2.3397,9.1971,-3.0706,-6.5073,5.777,-2.7301,5.0569,-1.3368,-2.5461,-8.77,7.8812,8.5969,7.8927,-8.2434,-6.8615,-0.4523,-4.7343,-0.6001,-1.3094,-2.9214,6.5016,-6.2158,-9.9679,6.4481,9.9237,7.3168,6.0201,-7.3304,-8.2139,3.6398,-0.3348,-0.8899,-3.0603
-1.5027,-9.0191,9.4311,2.2029,1.9368,9.6122,-9.5315,4.3127,-5.3883,-3.6498,0.6464,-7.0142,-1.1702,6.401,-4.1216,-7.5047,-1.7135,-4.3823,8.6391,-7.0378,1.4385,-0.587,-7.7295,-6.3531,-4.8766,-5.8483,-9.3756,9.1022,1.4405,3.6603,-8.3896,5.7916,1.8323,6.2285,8.2389,0.0958,9.3639,5.1164,6.3647,8.3935,-2.1335,8.4733,-9.694,7.0697,-7.8897,-5.0126,2.8902,9.1384,4.122,5.3222,-7.9517,7.8632,2.8238,0.1073,0.0156,3.8998,2.6986,-0.519,-0.8831,-9.7092,-9.0952,1.6886,2.7302,-4.7985,1.3267,0.4101,-6.7064,6.2944,-3.4816,-4.9615,4.2555,2.0937,6.7928,-5.5028,-5.7603,6.9218,-5.315,-6.4012,7.7509,-2.2977,-7.2836,-4.5647,-7.8836,7.7291,-7.993,-4.8857,-6.4208,8.7555,0.1353,3.3665,4.658,-5.6579,-1.9394,-6.0807,6.1611,2.2758,-9.6275,-9.4128,-8.9578,-8.6051,-6.2518,-8.6164,6.6869,-3.0002,5.3709,2.7022,-2.7738,3.7684,8.932,0.1292,7.8514,5.0838,2.2961,3.5771,2.2875,3.558,7.9045,3.8781,9.5809,-8.3348,4.7282,-6.3857,6.6025,-2.6651,-2.9906,0.3712,8.4215,-4.0391,0.9571,-5.6006,5.8549,-7.5746,-6.8809,-6.4366,-4.2764,2.7814,8.0565,5.5903,5.7177,6.1082,2.1004,5.5493,-1.4655,8.0547,-5.856,3.7673,7.8103,-9.207,3.121,2.177,-5.3665,-3.1983,-5.1174,7.8514,4.793,-7.2417,4.9853,1.6735,3.553,-7.2169,0.0844,6.5941,-6.0285,9.8428,9.6348,8.3231,7.6077,0.9622,-1.605,8.1232,-5.0305,2.4816,5.9944,5.8337,1.5585,8.3357,-2.8749,4.8914,6.5739,6.7062,7.6425,2.5992,2.3988,3.3793,-1.9306,-2.9214,-7.1589,4.0949,-6.1224,5.1049,8.2502,-3.7422,9.0877,-6.831,7.297,2.6051,5.539,-6.6637,-2.2619,-1.3938
-1.6017,-8.0739,3.9414,8.6817,4.5046,1.2205,-9.6691,-6.3368,-4.3963,-7.1923,-3.1853,3.1282,-0.9775,-6.6227,2.2983,1.3039,-6.7231,4.9182,-4.699,-2.8112,6.9621,-7.4508,6.3754,-3.9564,1.9301,-7.2689,-8.0585,-8.84,9.2322,0.456,8.9665,4.4977,-0.0422,5.2994,5.2328,-9.7127,-9.9468,-3.4967,4.9872,5.1496,8.9281,1.935,-0.2212,-0.7033,-7.934,-5.817,1.6239,1.5604,-7.9586,-1.4864,-8.0425,-6.1968,5.0327,4.094,2.3484,3.1066,-6.4354,-1.0113,-6.4157,0.9037,9.2918,-0.7355,7.6334,0.8339,-5.154,1.3261,4.1789,-6.9058,-2.9612,2.1588,4.3981,2.6382,7.4641,-2.9562,-4.9358,5.7218,-8.9511,-1.0975,-4.3611,2.6069,-4.8894,-8.5445,6.3396,-2.8276,7.7805,7.7748,-5.0253,-6.5639,5.3231,-4.753,-4.4863,7.0351,6.0299,-5.9537,-0.9542,3.9311,-4.9966,8.0737,-6.4449,6.36,-3.6457,-9.6137,4.1377,1.5442,1.2277,3.1752,-0.7297,-4.0625,5.8925,4.5957,7.3627,-2.2434,4.1845,-2.8255,-7.8011,-0.5248,7.2691,-5.2654,-2.333,0.234,-7.9067,-1.2428,-1.4753,2.316,9.7434,7.8117,-3.3894,2.0392,1.7597,-1.176,9.0804,-9.2248,-9.3497,2.079,5.18,0.8213,-3.0965,1.4825,5.7634,1.1178,4.4834,6.842,-3.0395,-6.5935,-3.4357,-6.8638,-5.4459,3.6047,9.4972,5.9859,-7.9032,-8.6472,2.6085,-1.1877,5.8155,6.7914,-7.3839,-4.8448,2.317,-3.3146,5.5054,0.2903,-7.2098,-1.445,-5.398,5.617,5.6991,-4.3009,-2.4695,8.9582,8.4766,5.4783,-8.5241,0.7682,1.3023,-4.9947,7.9521,-9.5525,3.1001,5.2319,5.7593,4.1305,4.6647,8.043,-7.318,3.6315,6.8957,-8.5156,-6.0606,-5.4008,5.7357,0.0942,-4.5291,-1.1557,6.3431,9.0738,3.7051,8.4503,3.184,-6.0492
-9.5815,5.9099,7.0215,4.5803,3.2842,-1.5507,3.7995,4.8702,-7.8876,9.5597,7.5258,0.7771,-8.4715,3.3317,1.4595,-7.0919,-4.0111,2.1128,5.1671,6.95,2.6492,6.9955,-2.0271,-5.2312,-5.6759,9.0108,9.6664,9.6851,-2.9217,-0.7491,6.3532,-1.9889,2.2058,-3.3582,6.4032,4.9324,8.2136,-5.0313,-7.4793,-6.294,5.9768,1.9122,5.6423,-9.5035,-9.6839,0.8179,-1.7661,6.7024,1.2566,-1.1527,-2.744,3.5954,-8.5514,-9.9153,9.4061,8.8902,8.9519,1.9741,2.3895,8.915,-8.965,-3.3897,0.7325,4.4389,-0.1072,-1.3588,6.722,9.813,-4.4003,0.6942,9.2469,-4.352,4.2351,9.8438,4.8293,8.287,-9.7018,-3.9507,-5.0012,8.4162,-6.211,-8.7273,6.9134,-1.4606,0.967,-8.3662,-0.693,1.2767,-3.1173,8.1638,9.3145,-9.6359,-0.509,7.003,-5.7979,1.0045,5.0518,-7.3317,0.6064,9.5833,0.7155,4.1828,-1.538,-4.0703,-1.5189,8.4544,2.6151,-7.9732,6.9443,-1.1448,-5.8953,8.175,-1.1155,8.5982,-0.282,-9.5011,-8.9793,3.5982,-9.9948,9.2902,0.881,7.5115,2.2026,4.9345,-7.9836,2.569,-9.8497,4.6287,-8.7531,-9.2117,-7.863,-7.0444,-6.1668,6.4635,-2.5973,-4.5477,1.4593,3.9475,-7.0897,7.0465,8.9682,0.458,-3.8263,7.436,-9.5496,3.5317,3.7088,3.6026,0.2996,6.8278,-4.2836,-7.039,5.5201,-0.4845,2.1653,-0.1784,7.3836,-5.4036,6.8752,-8.9962,-7.762,2.0788,0.0771,9.0151,-8.5324,0.2711,-8.3565,-6.7057,-5.8638,-4.5314,9.3608,6.0682,-2.1558,1.2523,7.947,-0.2792,-4.388,6.9006,-6.0087,-1.1466,6.151,-0.6242,3.5183,3.6546,-6.7027,9.6476,3.8042,-4.0627,0.0046,-0.2726,-9.0615,3.8113,6.9382,6.0424,6.015,-5.8899,-6.0723,2.9942,1.3784,0.8257
1.4504,-3.9074,-3.8886,-7.3853,-7.1405,9.1744,6.5944,4.8862,-1.9095,-2.3688,9.8302,-1.2641,0.9888,1.3926,-4.8072,-1.9863,-2.5955,-6.5946,2.5292,-0.7394,-2.6901,4.2863,-4.4214,2.7993,-3.0367,-5.7573,-6.8085,2.1585,7.6551,-8.0865,6.6388,1.5762,-6.9577,2.8564,-4.0919,6.0379,-8.1379,0.0579,-4.1225,-0.6866,-7.6366,0.3216,-3.8933,0.3607,3.0831,4.7733,-5.0601,9.0147,1.5985,7.9961,-0.1504,3.711,4.821,-4.6458,0.1938,-1.2038,-7.39,-5.6574,-5.1613,-3.3645,6.9564,3.9177,2.9128,6.3802,7.5861,-3.4541,9.3923,2.2981,-3.5513,9.7733,-5.3795,6.7947,7.8649,2.1373,4.6571,-8.3432,-7.633,3.2597,3.0568,-7.0752,-7.1953,7.7202,-6.241,2.6292,4.9548,-6.661,8.265,0.4175,-3.7303,-3.7265,-2.2893,-0.5191,3.1045,0.254,3.9,-6.753,6.2869,-4.4494,6.1561,-1.3689,-0.6275,4.0412,5.2898,-0.6066,-1.8038,4.5337,-1.7307,-2.8122,8.6839,-8.6809,-1.9994,-8.23,-6.7186,6.1669,-1.7707,5.3404,-7.8461,-8.1297,0.1325,1.1332,7.9866,-1.0381,-5.1128,-5.6137,-4.1875,2.853,0.4565,4.6246,-8.8049,1.7603,5.1497,7.7773,-8.8232,-7.0482,8.7628,1.2056,-0.5763,-2.685,3.4864,-6.9759,7.8683,-5.1632,8.4054,-4.6072,6.0295,-4.3782,-5.6418,1.1444,3.6991,5.4479,-0.6546,5.4066,6.4745,2.5332,4.1695,9.8286,8.7401,0.9127,-5.9039,9.8363,8.0079,-3.1206,6.1309,-3.4471,-0.0222,-5.6871,-8.3681,9.3729,-2.8557,-5.3324,-7.1698,7.1338,6.1115,5.3732,-8.7928,-8.6456,7.9712,-8.315,-6.3501,-7.2734,6.8186,3.2181,-0.3727,-0.448,-9.8999,6.0268,9.7886,4.0853,-6.4493,0.8259,-3.2915,7.1135,-8.0907,6.0967,1.8742,1.9965,0.8871,5.2542,6.8759,8.3597
-5.0069,-0.3448,8.9098,0.8963,-2.3584,8.8628,8.9866,-9.9003,1.3602,4.111,-6.5912,-7.8058,-1.9155,5.3392,5.0333,-1.7583,-2.1596,6.163,0.492,-3.181,5.441,9.3233,-9.2974,9.0402,-8.7211,4.2735,-8.5733,-8.1833,-9.1009,-7.1894,4.0977,-5.9105,6.6509,-1.696,-5.6909,-4.9447,3.2821,-2.9809,-2.2441,-6.2092,-8.2644,-9.5157,-2.7685,-5.1901,6.7703,-5.1757,8.1074,4.0617,3.5528,-0.8969,-7.4587,5.6624,8.6489,3.1058,6.4738,-9.5674,-6.5554,7.2057,3.1817,8.2882,4.5354,-8.2898,8.9519,2.9019,1.2965,-2.7879,-5.3231,-2.3574,-4.1964,-1.8543,7.4583,1.6787,-6.8111,-5.1972,-7.8527,-5.9734,-1.1718,4.1852,-1.1667,-5.9936,9.3079,1.6992,5.7395,1.477,-9.1466,-8.928,-8.8124,-2.4929,1.7705,1.223,-4.9075,1.9075,-9.6037,9.7437,-1.5458,-1.9873,-6.1701,-8.9625,-5.7251,-8.7467,-6.6858,2.1515,8.0848,8.5307,-2.2237,-1.3848,-7.4594,-5.9835,2.7871,-3.8064,8.106,-0.1198,-2.1094,7.4955,-1.5433,-6.7393,3.9513,-4.6635,-4.8921,4.6796,-9.7712,0.6907,6.8032,7.1564,-8.9317,-1.1775,3.7826,5.8702,-9.3589,-1.8736,-1.1714,7.4344,-7.4133,7.8948,4.144,3.264,-4.0925,2.0742,-6.7505,-6.4938,-7.6859,4.5614,0.157,-2.9365,-6.4615,-2.0232,-3.2395,1.6394,5.8154,0.4767,-5.2208,9.4862,-5.8036,2.8938,1.2609,6.0154,-3.8255,-9.3717,-5.1055,6.7931,8.6367,7.7354,-8.8154,-0.6175,6.1507,-4.1281,2.9167,8.5608,-1.0556,4.1732,-3.3674,-4.9924,-9.9374,1.7231,-4.7145,-3.648,0.0009,-1.3799,7.2708,-6.1563,8.6437,-8.384,-9.387,-6.5371,7.8113,-6.7404,8.3286,-1.996,1.1869,2.0605,-1.0267,5.6539,5.2822,0.8478,6.2087,-9.2372,3.1569,9.1808,-9.3648,-6.2091
5.1315,-2.7544,-4.4444,3.6311,6.6631,-6.8779,6.4337,7.6653,-4.2672,8.8428,8.7388,-7.4431,-4.5539,-0.7016,2.0351,7.7774,-1.8886,-0.1137,8.7944,1.3232,7.8097,2.874,6.8917,-7.4038,-3.7938,-1.7975,-8.8006,3.1682,-8.4389,-0.1584,1.3118,-7.7251,-5.2922,3.9238,-1.8177,-1.4287,-5.0793,8.9207,-3.0232,-0.6805,1.2996,-6.9403,-8.4725,-0.74,-8.4802,-0.5971,-2.8412,-6.2004,4.0897,-7.574,-1.8128,-1.8133,-4.9463,-1.3786,4.7098,-8.4329,5.7775,-5.9267,4.7935,6.6243,-5.0516,-4.6354,6.8352,-4.396,1.0329,9.9707,-6.5238,-1.2629,-9.3089,-3.7645,-3.0742,-5.3107,-1.6165,9.0161,-1.4499,0.9643,2.5276,8.9625,2.276,-4.7075,8.7611,4.1577,-1.4009,1.4795,9.5008,-9.3321,-9.4471,8.058,7.4892,0.3139,-6.2466,5.544,8.1248,1.135,0.8382,-8.987,-0.2535,8.5963,-4.2421,-5.7291,-9.4062,3.6078,-9.0702,-9.8684,2.4509,-4.37,-7.722,-5.1823,-4.0953,-4.0533,3.1455,4.8034,7.5521,-0.9305,7.6901,0.6899,6.9853,1.8204,2.0902,-8.3565,-6.0348,-5.6192,4.8267,-1.8167,3.779,-8.3199,-4.8627,-5.3947,0.8165,-2.6276,3.1507,6.6355,4.1198,-4.9828,-9.5533,-9.0926,-6.9842,4.5056,5.3017,6.2921,-8.4821,8.6917,-6.8818,1.2945,0.2509,-3.008,6.892,-4.226,-5.4401,2.348,8.6856,9.6649,-9.0418,-3.941,0.2286,-0.7373,7.8391,-9.2075,-3.3443,-6.5888,7.1595,-9.6625,2.0409,3.9769,-8.164,-6.647,-9.3444,-6.8238,4.3608,3.086,-3.9549,4.0328,3.654,9.3252,-3.0322,1.6405,8.5636,7.9874,-6.1346,8.2329,-2.862,-4.2529,7.3579,4.9134,7.0274,-4.8018,-0.8145,-8.0463,4.5568,-3.9791,5.5948,-9.344,-3.3776,-1.1082,-8.9571,0.8489,0.035,3.2222,-3.2996,5.5807
1.8744,-1.7983,-7.6412,-6.6207,5.6552,-8.7509,-9.1189,8.4345,8.3655,2.048,7.1681,2.9955,8.2042,5.9663,8.172,6.0658,-8.4472,9.5398,-3.7401,-8.8364,-2.2305,4.1757,4.3189,8.1712,9.5206,0.6541,8.2316,-1.2464,-6.185,-1.7425,-6.5483,-1.4546,-5.8096,2.5781,1.0031,3.3578,2.9887,-1.1662,0.0627,-1.3566,1.0026,-0.8132,2.0978,5.9751,-8.9002,-3.5346,-0.0322,-5.0412,-0.1035,1.1704,0.1406,5.8615,2.4626,-8.7722,4.1291,7.1323,-2.6729,5.3908,0.024,3.3917,-6.0152,-1.4444,-0.6637,5.5046,-2.4381,9.7406,9.9931,-5.9775,1.3007,-4.4587,2.5062,3.8968,7.5737,3.392,1.8522,-5.9282,6.5116,5.154,-3.5195,9.888,-5.4929,4.4508,6.1208,2.3725,1.0079,3.4314,9.832,6.1189,-5.2961,-3.4089,3.1909,4.5727,1.3974,-9.2826,-5.3159,-8.6588,-9.4076,-8.6284,8.576,-2.9129,3.3036,-0.5695,-6.3858,9.5234,8.2846,-4.8444,-9.6551,4.1878,7.187,-9.6535,-5.1731,-8.6707,4.0059,-3.7941,-0.8306,-6.5103,1.6083,0.6469,5.9939,4.9928,9.348,-2.7279,-5.0842,-1.9352,5.2846,-9.3459,-8.298,3.8394,2.7021,-6.2781,1.02,7.1606,-1.2727,-0.6196,-5.5231,0.697,-9.7704,7.31,-1.5968,-1.6683,1.1848,-8.1782,-4.8636,4.2484,5.6241,8.7983,-9.2486,7.6984,-8.2944,3.4014,9.9611,-1.0215,2.4758,9.325,5.918,-4.8337,2.2012,1.5964,-8.0144,-7.7378,-3.8267,-8.9335,4.903,8.1661,3.6374,-6.5695,-1.3003,1.3619,-6.8872,-6.7175,6.9302,-3.2036,-1.8535,9.7579,-0.8043,-5.4287,0.6712,-2.1759,-7.1897,6.9958,-2.5987,-8.8304,-5.4721,4.4997,3.0265,9.8402,7.9101,-8.3166,-8.3219,-5.5833,9.0464,-5.4208,-0.6871,-8.0907,-7.693,-1.5927,2.347,-8.8763,8.2715,7.6166
-7.4722,-2.7432,-0.8441,4.9529,5.8276,6.7288,3.273,-5.4467,-6.3415,-0.0164,-3.2538,6.3385,-9.3224,3.1268,3.9157,6.3712,2.5716,-7.1688,3.9563,8.9968,-2.3125,1.0561,1.1853,8.6588,-4.8567,-6.4195,-8.0915,-2.8043,-7.873,-0.2883,-3.8291,6.6504,-6.6163,-5.6077,7.3181,-0.7348,-4.1765,-0.2892,-3.5424,7.5759,-3.7544,3.0438,7.2856,9.718,4.8913,-9.5578,7.9512,-0.0068,-0.7759,2.6001,-8.5687,-5.8039,2.7904,3.24,-3.8085,2.59,-1.5993,-5.8071,-3.9054,3.1048,5.7497,0.4975,-2.279,-8.8293,2.3443,1.3153,3.4945,-3.3814,-4.014,2.8346,1.9464,9.3089,-0.1443,2.5887,-9.0327,1.1186,8.9414,-9.8447,9.3574,-5.1186,-3.6907,-7.273,-2.2223,-6.2902,-2.2293,-2.9075,7.0668,-8.2524,9.0595,5.4202,-9.7721,7.2195,7.2053,7.8926,-5.5474,-5.3093,2.4761,2.2296,-4.022,-1.9,-3.977,4.8068,9.8387,-4.9031,4.3458,-8.1416,-2.6708,9.8247,-7.3826,4.2555,-2.4612,-7.2942,-4.5404,5.948,6.6068,7.3971,-2.0321,-0.4648,-1.902,-5.3997,4.633,5.0503,-8.3637,-2.7724,6.7735,-2.7651,-7.1442,-2.9263,-3.4352,-7.3708,5.2867,-6.4739,-6.8302,6.8067,9.2757,-9.4681,-5.659,-5.0088,-2.4552,7.216,5.5413,0.4889,9.9953,-4.1081,9.3851,1.1184,-9.2497,0.1187,-8.9367,-4.8036,-4.7066,2.6693,-8.3978,-9.2171,0.5938,-0.0332,-7.1394,3.8803,0.3463,9.3079,-3.3782,-5.5163,7.4182,-5.857,-8.0701,4.5238,-6.3941,5.9367,6.5957,-9.6834,3.7647,-0.62,0.0385,-1.8771,-2.4428,-9.9897,7.674,4.0079,-3.7645,9.5386,1.228,-1.475,9.5369,8.9573,-4.2033,8.5169,2.0313,8.3863,-1.292,-8.8312,-9.059,6.0046,-9.6587,1.6143,5.5576,5.6325,3.3454,9.6507,-5.547,-6.4431
-7.6636,-7.0664,8.0016,-2.9991,1.1221,8.5284,8.3055,-2.783,0.409,-6.7345,-4.4983,-9.8225,2.2037,-8.227,-6.1384,6.9446,4.5528,-2.0031,-7.2278,-6.9989,8.0091,9.2985,-6.8601,8.2478,2.756,1.9669,8.6232,5.3557,6.4201,0.9061,9.3968,-9.4439,-1.6655,1.4249,-9.161,-4.5347,-1.1771,-4.4297,1.6013,-5.0143,-2.5202,-1.5512,5.7955,-6.4642,-7.2779,2.8854,-3.7057,8.4913,6.8434,9.2924,-0.7992,2.463,3.8703,-8.5642,-9.0871,-3.9734,-2.8896,-9.2901,3.1913,-0.1964,5.4206,-1.0814,-7.7559,-4.8853,-3.6501,-1.6795,-4.314,-5.2017,4.4092,-9.8828,-9.4382,-4.468,-8.3086,-5.8456,-1.0855,-6.4124,7.381,8.1086,4.0755,8.0531,2.1439,-0.5238,-4.3411,-2.7374,2.894,1.9317,-7.4719,6.8449,7.8622,-4.6416,-2.2912,-0.806,-2.8883,-4.7214,1.8066,-2.3234,5.0346,9.597,2.0599,6.4427,8.9116,-6.031,2.6612,-9.9675,9.6906,-5.6473,9.1786,-4.0359,-4.715,1.4001,-0.3907,-5.0803,-8.2729,9.7703,-1.8493,5.2413,8.4879,6.9013,8.9385,-1.5554,6.427,0.0693,6.9963,-3.1592,6.7434,7.1157,-9.3314,1.4508,8.8297,8.1147,-9.5642,0.8458,5.8882,-8.5725,4.252,4.0672,-3.1451,-1.3305,-0.2661,9.1718,-2.9633,-9.6189,-9.3128,3.4044,-5.5812,-0.6907,4.5116,-8.483,-4.8911,-8.1114,-0.8222,-7.6891,-9.9436,-5.3871,-1.9066,-2.3203,3.9648,7.8769,3.3085,-5.0271,-6.7379,1.0812,2.8444,-7.9196,-4.5063,3.4681,2.4727,0.4621,2.9508,9.3677,6.4148,9.6649,4.2118,6.3852,1.5461,-0.3405,4.2092,-6.2033,-2.1904,-5.4299,-6.9366,7.3536,-8.1414,-7.6056,-9.5681,4.3182,-7.2366,7.8067,2.3006,4.188,8.2402,-2.2114,-3.6666,-9.5866,7.6629,8.8931,-1.6748,8.2839,-7.9633,-1.4318
-1.4954,-7.5477,-7.65,1.1051,-2.8454,-4.1647,-6.7561,-1.8805,4.9604,-0.9235,-9.6801,2.2039,-5.6258,-7.9035,-2.9168,5.2895,3.523,-3.9395,-4.7237,3.8953,2.6237,7.638,-0.3128,-5.6398,-6.0568,-4.0385,6.4075,-9.9842,-3.2064,-8.4633,6.0038,-5.2747,-3.6696,0.0088,-4.4908,7.0242,-5.9395,-6.7237,-6.0127,-4.6484,-1.9443,3.8765,9.9353,-8.4828,-7.737,-3.2705,-5.5127,0.6763,4.6111,3.3195,0.3545,7.799,0.6918,-5.5979,-2.2699,-3.1444,-6.0978,8.158,-7.3864,-9.8188,0.3624,4.5255,9.6846,-5.817,-8.2204,-5.356,3.7618,-4.6346,-7.0972,-2.2852,9.7457,-2.1354,6.0714,-5.3478,3.7304,4.856,1.2032,-8.2211,7.0589,3.1737,9.7134,1.3966,-9.8518,2.3219,1.3248,-4.434,7.2068,-7.7082,-9.0752,0.2205,7.9734,2.3165,0.5652,-1.6994,-4.8498,8.3952,2.3897,6.3331,7.2846,-7.213,-2.3782,4.2749,3.2756,-4.8606,0.2286,5.8472,9.2762,-7.3584,1.9207,7.617,4.3054,-2.111,-8.4763,8.5737,-5.182,0.829,5.0308,0.6543,-4.3639,5.1359,3.3454,3.8635,-9.9799,-5.965,-2.976,2.5996,5.0226,-0.4493,1.2377,5.64,9.5043,-2.6657,-5.7628,8.6712,-3.1118,4.7017,8.0125,3.1491,6.5308,9.0595,6.6522,6.9426,-3.386,2.967,1.104,1.7568,2.562,-8.9286,-9.6827,-8.5353,0.1964,-3.0546,-9.5115,-1.4513,5.9652,2.5501,9.6043,8.2288,-0.1881,8.9914,3.2689,6.8869,-7.1281,-5.6537,-2.6787,6.355,9.1814,-4.8115,6.4924,-0.8488,-7.6385,-8.935,-8.9346,5.8064,3.4426,-8.2009,-7.9683,-6.4728,9.9894,-3.4063,-3.4165,1.2516,-5.081,1.4483,-3.8961,1.7929,1.1945,-0.6722,-0.2805,-6.2301,4.0459,-9.426,7.6733,-4.8937,-0.037,-5.2649,-6.3722,-0.1731,-5.2866,0.8309
6.9335,-3.2759,-5.2083,1.7916,8.9819,-3.9418,5.1935,-6.6058,-6.6125,-9.6719,3.1358,0.3866,-7.6466,2.3914,-5.6319,-4.8097,5.6164,-1.574,0.5762,9.3747,-6.5922,-4.0354,3.2038,-1.0579,-7.4025,8.0346,4.9597,-2.0125,-5.589,-5.7277,-9.7167,2.0302,1.1279,-2.4711,-7.4597,7.215,-5.3821,3.0537,-9.317,2.0859,-9.182,-8.1807,1.3082,6.7157,-4.173,-9.763,2.0606,-3.4473,-9.2438,1.4352,-0.0523,5.4418,3.074,6.544,-2.3318,-2.372,-9.3476,-5.6191,4.3698,2.1039,-8.1346,-1.4652,-8.0063,-7.3451,7.9042,-0.3738,9.0457,-6.8902,-4.6666,-3.1878,8.6648,-5.6419,-9.9268,-3.0777,-0.3124,3.4436,-6.1275,9.6683,-6.1902,5.6665,0.4271,-2.3899,-1.7871,9.0919,7.5619,6.7376,4.7312,6.9377,-9.85,8.5465,-5.9797,2.5066,-0.5256,-9.8933,0.5982,7.5091,3.365,-4.2169,6.125,2.784,5.3504,-4.3928,8.786,8.9596,6.0766,5.0621,-1.4489,4.5429,-5.6551,-7.9873,7.4967,-6.3127,-2.2533,-2.9513,-6.5253,-0.5277,-2.6217,3.5907,4.6831,-4.8687,-6.1212,-2.7068,1.6377,-8.154,-1.4695,-9.6355,-3.4133,2.8557,5.7062,4.5118,-6.8864,-0.873,4.9717,7.1096,-2.3459,1.3957,4.0605,3.3981,2.8323,2.5913,-3.8436,2.7392,-3.6615,-5.7653,6.1515,8.0355,-1.9688,3.9642,-6.0022,-4.8348,7.9934,7.2589,0.6727,-1.1802,-5.0871,7.4725,-2.2172,1.3302,9.6171,3.4077,-1.798,0.9435,-3.1418,-1.0995,7.2778,-7.1861,-8.3224,0.36,9.7712,-1.1778,9.2561,-0.5907,-9.9744,2.7062,5.0902,5.5882,-5.6534,-4.9619,6.5391,1.6237,-8.1089,9.7934,1.3812,8.4746,5.27,7.6442,-3.6175,-5.8956,-6.9409,-9.6284,3.6578,-2.1136,2.8847,5.6032,7.6528,-7.3879,8.6329,-0.099,-8.2155,-5.9666
-3.4705,8.9227,-3.3241,-9.7042,-9.5605,8.6304,-2.4394,-2.5098,-0.261,8.238,-9.4971,6.7392,1.4082,3.3267,-3.3611,5.6939,9.414,1.7575,-0.5685,-2.037,-8.8294,-9.9817,4.1457,-6.694,1.9208,-8.9447,-8.5219,3.3261,3.7907,4.3228,-8.8231,-1.4787,4.9591,9.4345,4.7532,7.0844,0.3558,9.6471,6.3786,0.4604,0.3937,-9.0597,-8.2279,0.1525,-1.2701,-3.9941,-1.5952,4.2212,-2.1713,-0.6434,6.6936,4.9176,3.768,-9.8724,0.0128,-9.0637,4.7891,9.0816,-2.3484,0.8278,-4.8064,8.0552,-1.3275,6.3819,-8.6857,0.1483,1.1228,1.1276,3.948,1.3727,3.209,-0.7377,-5.2688,-3.8883,-3.3657,-3.4435,-5.7361,5.1857,2.6489,-6.9593,3.9504,-5.1597,-3.7202,5.3157,9.2079,-8.0291,-7.7791,9.9577,3.9502,1.4205,-0.0506,-5.783,5.0919,5.3983,-0.21,-6.4877,4.9128,3.2758,1.0868,4.8004,-7.4194,-9.0036,-0.8297,4.1821,8.3652,8.5391,2.4071,2.878,-2.4768,6.6321,0.2396,-9.8078,9.9821,4.2761,-2.283,-9.4252,-3.1307,-5.6106,9.7709,-8.4782,3.3939,-8.5862,-9.8207,-4.8539,-1.6693,-1.8126,3.8091,0.1642,7.2,3.2997,-9.4112,1.9403,-5.9132,2.017,7.2924,-3.3504,1.8132,5.8491,2.3515,8.281,5.045,-6.3884,3.6326,-6.4115,2.3555,-5.4092,-1.4036,1.0296,4.4533,-9.1878,-3.5051,-8.644,9.1461,7.2416,-0.9138,8.1608,7.2109,-4.9291,8.6793,5.8504,3.8985,5.5137,-9.3984,5.1059,-5.5643,-2.4722,-7.1736,-3.5145,-2.41,7.6733,7.1642,-7.6977,-9.5788,-8.9216,2.626,9.1758,0.4289,-4.9346,-2.2478,2.4468,-8.7424,-0.8088,7.8949,-2.8997,6.2,-3.6665,-0.4781,1.7688,-5.0396,2.4326,-6.476,4.4847,3.2827,4.1612,1.7882,-3.5386,9.966,3.2877,4.4974,4.466
3.7958,5.9525,5.8627,-7.7269,-9.1622,6.4816,7.6741,5.3548,8.9365,9.8683,-7.6133,3.282,3.3407,-5.6981,1.387,-5.8498,1.0258,-4.3082,-8.5015,-7.3528,-2.6863,-0.8176,-7.6547,7.1133,-8.8912,0.079,-5.0399,-8.7958,-1.2173,8.7711,-2.6373,7.6892,0.9238,4.5866,7.9013,3.7159,-4.4931,6.2785,5.3411,4.9411,-7.5821,-3.5342,-8.2856,1.6522,-6.8051,-4.8905,-8.4369,9.3791,0.0762,-2.676,7.967,4.0259,3.129,-1.4072,-1.3189,-4.4348,2.3829,-6.201,6.2147,-1.4416,7.6503,-0.948,1.4783,3.3821,-7.0818,-5.3067,-7.6774,1.1854,0.4202,5.6491,8.1431,3.8066,8.8718,8.0675,-9.101,-3.9578,-2.9121,-9.5518,-6.1223,-6.9199,-6.9587,2.6706,6.0528,-7.0676,-6.1741,-3.1989,-4.2773,8.2797,5.0763,4.1179,5.2898,-6.1909,-1.5221,8.9212,2.9135,0.0055,9.2328,-5.8692,7.0132,5.9417,-6.2123,9.5703,2.4074,1.3982,3.8786,-3.2288,-0.1887,-7.7631,-0.0708,0.5496,9.6176,-8.9743,-0.677,-1.81,-2.02,0.3897,-0.2443,-5.8282,1.7102,-3.8913,-4.8784,0.2793,-4.8949,-7.3937,9.032,1.1452,-7.3483,9.3834,-2.9016,2.2108,-0.2912,1.8826,6.0821,5.6262,-1.5329,-9.3195,-7.0315,5.6261,-1.3427,9.3814,8.1594,-8.6411,1.0134,2.1814,5.9125,-7.4779,7.6443,7.12,-2.5871,0.7803,1.3262,-1.4655,-4.6875,-0.9259,5.2409,6.017,-4.3632,9.535,-4.2242,-2.3062,-6.289,-4.4316,-2.8948,2.6655,1.7978,7.9013,-3.9967,-0.4708,0.1087,3.2314,-3.2805,9.6287,4.6189,3.7678,2.5667,-5.7273,7.4346,-1.5457,-2.1342,-2.9409,5.9348,3.0507,2.9835,-1.6174,2.1239,-0.7019,5.8912,6.0531,5.9144,-0.8293,0.1034,-3.8542,-9.7981,-1.7231,-0.5696,9.8094,8.0323,-2.0344,0.0668,-3.9863
-2.7694,-0.4675,-5.4942,4.764,-4.2389,4.9086,-7.0499,8.569,4.6953,-4.8786,4.2752,-3.9901,2.6936,-2.1642,-7.3609,9.6701,7.5073,1.5852,-4.6341,0.2629,-5.899,-7.4478,-5.8705,1.1243,6.1229,-6.3307,9.5561,8.1129,1.9604,-2.0213,5.888,5.9337,-6.8324,0.5607,-6.5954,8.6281,4.0789,-2.8343,-5.0476,-8.0366,4.3194,-4.2542,-3.625,-3.2062,0.5316,3.6774,6.1973,-5.3114,7.3397,-4.5509,4.1424,-8.3712,7.0679,6.2667,0.8723,-8.405,5.6964,9.1115,3.0293,2.3982,8.803,5.3841,-4.0945,9.2873,-5.3957,8.4477,4.1832,4.2983,-8.7999,4.0483,-2.1232,5.8715,-9.0038,-1.6472,-4.5958,8.7841,2.7317,-7.9057,8.9619,-1.6695,-5.2585,5.0463,-8.1329,-5.8034,0.2489,4.1821,3.9261,7.6413,2.115,-6.9119,-1.7346,2.7368,4.6857,-5.2647,-0.8902,3.1796,-0.5967,-4.4932,-4.4303,-7.0016,9.6937,-2.4616,-9.9031,-4.6382,6.3173,-9.9439,7.0776,2.9995,0.0045,5.9494,1.251,5.731,0.8522,-9.657,-0.0959,-0.7395,2.696,8.3577,-8.3455,-0.9413,-4.9868,0.8619,-8.3445,-0.2195,-7.5022,9.8806,7.3136,7.6815,-9.8995,2.6877,-8.2349,7.8754,4.9005,7.5134,-3.4971,8.2146,-1.0507,-3.938,-7.8134,-8.8413,6.9962,7.9206,0.36,-3.3727,-1.438,-3.2132,-2.8059,7.2816,-5.0286,-5.7821,-1.479,-0.1367,-4.6885,8.1652,-0.2765,-7.3495,-4.4315,9.7501,0.6997,-8.7299,-5.4224,-8.6219,-2.7255,-7.3038,-4.2683,-2.4834,-9.0181,2.0782,-2.4448,4.0427,9.7362,-6.3778,-1.9128,-5.0207,5.961,4.7135,-7.9898,8.3036,-6.9015,-2.7905,-1.1359,2.6787,-5.6681,-3.2506,9.4148,-5.7403,7.3619,-8.7593,4.5255,-5.5161,-6.6521,1.3295,2.8232,8.1963,-2.5453,-3.1978,7.4797,-5.7058,-8.1436,-8.553
5.9138,-6.4278,5.0602,-1.4524,3.3906,-0.6012,-6.6813,9.7953,-5.9235,-2.2527,-8.8108,9.52,2.3454,-4.7624,-1.7168,-6.3732,9.7616,-6.0217,0.9257,-2.7868,-8.7971,3.4149,7.3614,7.305,-7.321,3.1203,-6.4319,5.2918,-1.8672,4.3135,7.3978,-1.2825,-1.835,3.9533,-0.0579,5.2943,8.2135,-2.4506,8.0433,0.3985,5.8839,-1.8685,-3.4194,-7.4814,-3.4262,-3.6401,3.9928,3.5627,2.3412,-8.2911,-9.4434,-8.4912,5.5462,4.2118,-0.4212,9.9041,-5.8893,-2.5327,2.7014,9.7022,7.4113,1.6822,-4.7961,-0.6306,-3.6248,6.5206,-7.2117,5.4685,8.0258,-2.8401,-8.6924,-9.3295,-6.1393,2.9737,7.3315,8.1639,9.1196,-6.214,-5.6991,-4.2837,6.3949,-2.1395,-6.6795,-6.1203,-0.9483,1.0081,-3.6888,-0.2751,-7.482,-9.0291,-4.7453,8.1527,3.1025,8.0247,7.8741,-7.5392,-2.7602,1.9619,3.0089,-1.7411,8.6048,6.5817,3.2697,4.0007,9.4959,-8.7145,-2.9061,-5.216,7.3146,-8.2625,5.2513,-0.4024,-9.9998,-8.6742,4.7144,-0.6286,2.6429,-5.6268,-3.9047,8.3076,0.9535,5.8171,-3.4469,3.4127,-4.7417,-3.8838,-4.1957,7.1778,-2.8288,-8.1779,6.4617,4.002,-7.5397,0.7152,-6.34,4.1421,5.7317,0.6803,-4.1489,-8.4592,4.4785,9.9941,6.1969,-5.8596,-1.919,2.309,-5.271,9.3885,3.4433,0.763,-1.9363,-8.5658,8.203,-6.864,0.8872,8.5082,-1.0734,-8.0525,-2.2249,-9.0529,-2.3374,6.1402,-5.2346,-0.3223,8.337,-6.5509,3.8524,4.9192,3.0209,-5.194,2.1078,-6.7255,-8.5781,-0.4537,-6.6358,0.6752,9.9613,-4.5684,-7.1537,-4.0575,-2.7848,4.5345,-6.2399,7.4885,-8.4999,-2.7177,-0.3815,-7.432,6.1761,-8.734,8.4266,4.5866,-7.5158,-0.9749,-6.1965,-5.9143,-0.5482,9.3461,6.4409,-1.2279
-1.5533,1.2904,-7.9973,-3.7376,4.9949,-8.6782,7.8821,7.9528,3.2758,-5.2097,-6.8498,-2.8599,2.2122,-8.5378,3.1511,3.1504,4.69,-0.6055,-4.1914,-5.8925,2.498,4.4529,-6.3179,-1.6092,-4.0311,4.3049,-0.9325,-0.961,2.6417,1.7682,1.8474,-5.2461,-2.2498,5.4242,9.2681,-6.549,2.3082,1.428,5.1734,7.673,-4.0223,3.8062,3.0837,-3.2274,9.9444,-0.0758,-8.5496,3.1976,-3.6529,2.3779,-1.3388,7.2733,-3.0759,-4.5293,2.965,4.1835,-0.9784,7.8136,0.3014,7.7001,6.2524,2.4579,6.4486,2.5615,8.6522,0.1242,-7.2646,-1.1594,5.9992,5.9313,2.6482,-2.8589,3.3664,0.5846,-4.7265,9.4621,5.7743,9.3776,-7.118,2.3683,-3.5878,-2.8264,-6.8609,7.2596,-8.2974,-1.5083,-3.6672,1.0691,9.2995,-0.3029,-0.6285,-4.2261,-6.0092,-2.0794,0.3198,-2.9286,8.4973,1.4538,7.8949,8.7821,-5.1032,-0.9087,9.3904,-8.9301,-1.2371,4.7033,7.7078,7.7856,-3.0814,9.7323,1.2338,-4.3587,-5.9373,-0.5875,-7.9614,-3.2071,-8.7873,-4.5124,5.1274,6.6209,6.4695,7.9391,3.2616,-6.412,-1.0219,-9.919,-0.124,-9.009,-5.0211,-1.3971,-0.4702,5.2733,-2.1717,4.2989,-8.0884,9.0016,6.0301,5.2064,-5.3291,2.532,-0.5711,0.3524,-6.0617,-0.6454,-8.6572,-0.6491,-8.3345,-1.6452,-7.0253,-5.9799,6.6833,-7.5811,-6.4329,7.3967,-5.1367,7.9948,-0.9018,3.5246,8.8734,9.8664,-0.3373,-1.2314,9.0845,7.6556,-5.0737,9.6904,6.517,-2.5205,7.8196,-7.5403,-1.5815,-4.9503,4.3041,-0.4787,8.669,1.6156,-8.4671,1.6766,-4.3814,0.3528,5.2567,6.3255,-0.9237,0.4831,7.3936,4.4842,-4.0326,-7.0493,-1.3819,0.9863,6.8234,-5.7245,5.3684,0.9452,0.6449,1.8608,-9.3263,-1.7364,7.1754,-0.9407
-4.1711,-1.9874,-8.5709,3.5751,-6.3613,7.8047,-3.825,9.5325,7.2823,-9.9756,-7.7844,9.253,9.5787,6.0827,-7.283,2.9844,7.1716,5.0945,-5.4199,-4.0289,7.9902,7.6124,-8.8646,5.8781,4.1949,-8.4507,-7.843,3.9164,8.5936,-8.2573,-1.8175,-7.3362,-3.9424,-8.7645,-2.918,1.8884,9.1532,-4.6212,9.9608,-8.6704,3.1252,-7.1393,-5.6565,-8.1595,5.4117,-7.0219,2.371,-7.983,7.9594,8.6429,7.3316,9.0741,4.1284,2.4061,-8.2729,0.0411,7.8214,-6.7795,1.8422,7.9312,5.9434,-3.0676,-8.935,-6.4744,9.8808,4.5636,8.2795,6.5394,8.3563,-9.1184,5.7063,8.6574,1.8224,3.8251,4.8702,-2.5819,5.6478,-6.8062,5.1832,-0.4277,-0.4413,-6.2443,0.3123,-1.3724,9.9166,-1.614,-6.3143,-6.535,-0.3236,-1.3941,-7.1688,-3.6238,-6.5148,6.8973,7.8099,-7.4713,-4.471,-3.6564,6.2288,4.5104,7.2542,-3.4433,0.3211,-9.7658,-5.8005,0.0934,2.1414,8.7892,6.6376,-8.4527,2.6018,-9.3522,-5.0489,5.4607,-9.7089,-6.5383,-3.1082,-9.1594,1.0494,-5.7425,0.6347,-7.6261,-5.573,8.0335,8.0336,2.0493,6.5378,-6.1297,-7.1754,7.5554,-1.7239,-1.3704,-0.9257,-9.0741,-6.1706,-9.1092,7.3819,0.772,0.357,2.4816,4.7577,8.5989,-3.405,5.671,5.4437,2.4661,2.7995,-5.407,-6.5287,-7.3684,4.8569,2.0121,5.0389,9.1979,-0.5249,-0.3136,1.6786,5.6719,4.9718,-0.1175,8.3288,8.1688,6.356,-7.4209,-2.715,7.3704,7.9516,0.2117,1.0569,-4.711,0.4125,-9.1052,-8.7495,-3.2248,-1.643,3.2625,1.11,-6.8413,-7.8281,9.2449,9.0558,8.7943,2.9908,-4.0976,9.0082,7.9805,1.3616,-2.1001,8.3303,3.6872,7.0001,4.5815,6.4697,6.3307,5.8009,5.7695,5.7201,0.5466,5.8764,7.3244
5.7722,-9.842,0.3174,3.5698,-8.1195,5.2988,-8.6147,-2.0206,5.3398,3.7817,4.0301,-1.8101,-2.959,0.9225,-4.6183,-3.3148,2.484,-7.1987,7.5346,5.0102,-8.7277,3.2944,5.1729,7.3795,-9.5599,9.3892,-7.548,2.2109,4.2982,-0.2748,6.7728,-9.1508,-2.9452,9.2457,6.854,-3.8334,-4.3306,3.0394,-3.827,6.7071,6.6588,0.6866,-3.718,0.344,3.8015,9.2212,-4.7599,4.6079,-0.8284,-8.9365,9.3436,3.0786,6.323,6.8321,-8.6742,7.6398,-9.2192,-1.3454,-0.0532,6.5524,-0.2945,-8.9978,-9.7005,-9.819,4.3141,-4.4466,-8.0119,5.2681,-9.0795,1.1855,-8.1276,6.9459,-2.12,1.3717,1.7306,-6.7515,8.9714,5.2699,1.3749,-7.8411,-1.5571,-9.6499,1.0875,-4.1984,4.5405,4.0879,-4.2518,-7.3623,7.5128,3.0225,-7.8766,5.4355,-5.7266,6.2049,0.6385,-9.988,-9.8586,-5.8068,-9.9757,-9.2906,-8.2374,6.4247,1.2249,-4.2946,-0.2324,-8.6798,3.258,-1.3667,0.3678,-1.7951,-5.589,3.2122,9.2917,-6.5286,-0.3045,-7.6361,4.2393,-1.9069,-6.7787,-3.7892,2.9008,-6.0569,-3.6002,-3.8511,6.1261,-3.6321,-8.5707,-6.1172,3.8461,5.2067,4.992,9.3112,7.286,-1.3456,-1.9174,5.7035,0.0046,1.375,0.8616,0.6557,-5.7914,-7.7659,-3.3418,7.1872,7.8079,5.4859,1.6519,9.8932,-5.2055,-2.3289,8.5005,3.8979,6.3268,8.6436,0.3317,6.0759,2.4933,-4.126,5.6627,-8.5327,-1.3356,3.626,-4.9397,9.5406,-7.2368,-9.6372,-0.1903,-4.1298,-3.3341,-1.694,-1.3551,-0.8745,0.4018,-0.864,-2.1069,-0.8679,-6.1204,-9.0744,-3.3846,7.0685,-4.1164,3.4042,9.7649,-9.6447,7.4147,5.4243,8.8947,2.216,0.5502,-3.8732,2.9958,-2.8529,1.5498,8.5516,-3.9444,-0.9349,2.5522,1.7554,-3.9103,-6.2375
-9.2491,-6.5325,9.7413,-6.1257,-3.4246,-9.2152,-1.32,3.3333,-3.9012,6.0857,-6.9885,1.5763,-0.2806,6.6717,4.2898,9.3995,-2.5072,-9.7905,-2.703,-0.6619,-8.7596,8.7586,-3.6675,4.349,1.6289,3.1962,8.147,-7.9974,1.188,-3.3543,8.9979,-6.8134,0.7958,6.0245,3.923,6.7539,-6.8867,6.4975,2.7517,-3.4255,-4.7088,1.5526,1.5037,4.0864,-9.4998,3.7458,-1.4574,4.4653,7.3434,-1.8943,2.9023,-6.1069,-5.0969,5.4752,2.5459,-3.9445,-7.5925,7.0499,-7.2407,7.5403,1.7599,-8.5622,-7.2066,1.0325,7.7905,6.5507,-1.3561,1.473,-0.7674,-5.4406,7.013,0.3475,5.2392,-6.014,-0.2239,-5.195,-5.4404,-0.6798,-3.6636,4.1501,6.3991,6.0815,9.6948,-0.5756,3.1631,-6.1891,7.6218,5.4825,9.5076,-6.0161,-2.066,-6.7648,-6.3308,2.7717,-5.4153,-4.69,-6.204,5.3989,-0.2859,-4.2488,2.1206,-7.9018,-1.2246,7.3311,8.8884,8.7806,4.1563,0.3958,-8.4054,-6.0349,7.4156,-6.1138,8.4976,-1.2099,-7.8267,-9.5902,9.7368,-8.4725,2.1443,-9.1509,7.2793,-9.791,7.0106,7.6596,5.0508,5.0533,-3.5828,4.167,7.7755,-8.7009,4.3013,-6.4881,-9.3862,1.117,-5.0128,9.5129,8.6349,-8.6031,8.0223,8.0904,7.8446,-5.2571,7.1645,-3.7651,-8.7592,-0.4589,0.8743,8.7274,3.3469,-7.6168,5.6321,9.7161,8.2978,7.3076,-9.7563,-9.1836,-7.6291,-8.2011,0.7484,-6.7531,-9.8455,-4.5742,6.0546,-6.9267,4.8927,9.6313,-0.914,-0.9449,-9.5937,-3.8019,-3.4125,0.6675,0.4858,-9.7027,6.8131,9.2325,-1.9356,7.8451,-0.0285,3.7747,2.0097,4.2625,1.7126,-6.6304,4.4425,0.7639,1.8291,-2.3805,8.4505,-1.24,-9.7001,8.2292,9.9641,-9.8421,3.5715,1.8284,-0.4965,-4.7882,-9.24,-3.4672
5.7549,8.9187,3.8279,6.8181,-0.5646,7.0084,-5.4748,-1.9376,-4.184,3.2991,-8.0477,1.3684,-1.2246,6.381,-6.3223,0.0794,-8.9086,-0.2262,-5.8042,1.5351,1.0783,5.8111,-1.4985,5.1128,2.9249,4.0529,-2.4037,-2.8752,-4.1597,7.192,-0.0875,-2.5692,8.4777,7.9091,8.8408,-7.2146,5.9162,4.8884,-9.659,4.1848,1.7043,6.0397,-2.457,6.2058,1.3613,-3.2776,-9.9476,2.208,3.9822,8.0649,2.5657,3.7633,-2.5701,0.4293,0.7071,1.6517,7.3211,1.3729,-1.4022,-4.0595,6.5283,5.6075,2.1909,1.6468,-0.0209,5.1935,1.4007,-7.1775,0.2222,-4.9999,-8.1767,5.043,-5.7114,3.2297,-5.5878,0.7293,8.9001,-6.6765,-9.3025,-7.5043,1.9437,-2.7798,5.6077,-1.9166,-2.5163,-2.7098,-5.4202,8.4939,9.6864,0.3085,-9.5818,-2.5881,6.5488,-0.7564,-1.3325,7.3308,-3.2855,3.0099,-2.0879,7.8072,0.0387,-8.3221,2.304,-5.3099,-4.5401,6.3855,-2.6809,-6.8958,-5.8087,9.7318,4.2586,-0.4933,-2.8473,7.3475,0.5245,-5.4369,-0.8869,3.4256,-7.9692,-6.8585,1.852,-2.0286,-9.2938,9.1171,1.2183,-5.0218,-6.2022,8.7193,-7.4026,-8.1925,8.4304,7.378,-5.3689,-8.2543,-6.1242,0.7173,2.3046,-6.206,-6.7319,2.778,-6.7758,5.7131,8.8036,8.8003,-1.1252,0.024,4.162,-5.9852,3.4289,1.7555,9.6718,5.6079,6.5595,-3.5585,-8.318,1.3075,-6.5539,9.8135,-6.53,8.724,-8.4009,5.3869,7.6589,-3.5983,8.9444,2.0058,3.505,1.2462,-7.4477,-8.1284,-9.928,0.4673,-6.4165,7.9928,-9.7019,1.982,5.811,-7.2621,-9.2239,-0.4276,-0.9838,0.196,1.0567,3.7875,-6.4401,-2.3417,-9.4858,3.2986,-8.9946,-7.739,7.7915,-6.4084,-7.7028,-7.4908,8.9163,-7.8193,4.002,-4.8419,8.56,8.7649
-0.2583,3.1852,-9.3619,8.5315,-7.6479,3.7471,9.8792,2.545,-3.575,-5.2541,-0.8443,8.7761,0.7459,9.9642,-2.5803,-5.841,-9.502,7.8527,-4.7984,6.3833,-9.9528,7.0383,9.9317,-7.6428,3.9866,-2.6209,-1.5142,4.9036,-1.1839,-1.3839,1.1021,-0.6033,9.8644,3.4393,-0.5605,9.6152,-3.648,0.5015,4.0945,8.6561,-8.8536,8.1934,-0.182,-8.1964,5.0541,-7.4129,-6.5607,-8.2642,-6.9653,4.8955,9.6959,4.6847,-4.8891,-7.0412,2.0642,8.2675,-5.0576,-6.3096,-3.7967,6.1407,0.9279,-0.4182,3.3701,6.932,1.0217,-9.2212,-7.0794,5.7561,9.1496,4.2772,-8.135,-0.082,-4.3072,1.851,-8.4479,-7.198,6.3293,2.4686,-8.4037,8.7211,-2.2652,-7.4699,-2.6328,-3.0674,4.6699,5.0688,1.3964,7.9181,-1.7839,1.2526,-1.3019,7.1015,7.5114,-4.082,2.2658,-5.6496,4.1229,-7.0257,4.3808,9.9401,-1.1216,3.4569,-2.6077,9.8247,2.6322,9.3773,-8.7334,1.6044,-4.9372,-7.0835,0.1324,-4.3318,4.3917,-9.8301,4.2108,5.0594,-5.9079,-7.1284,4.8546,3.2193,4.2503,1.8138,6.0718,-0.7752,6.1175,-8.3238,-3.2288,7.5633,2.6507,-3.2064,5.214,6.5512,-1.8939,9.255,-5.0128,-1.878,4.6311,5.1009,5.6749,5.9302,5.8837,9.7871,-6.348,3.4561,-3.9441,6.7858,5.5117,-2.6552,3.8523,-4.5084,-2.7183,7.1709,-0.8947,-1.1247,-7.7192,-5.1811,-6.1882,-5.9764,-5.0353,2.5097,-3.6722,7.9178,0.9726,-8.2185,0.3171,3.0304,-0.3426,7.7063,-7.2001,-7.3856,0.2228,0.0872,-7.9738,-1.2273,-3.4148,-1.5683,7.4742,4.8908,-3.3779,2.1687,-3.5486,9.2247,6.0652,-0.3156,-3.9259,-0.1236,0.1072,2.0619,4.4355,4.9219,-1.2946,9.2564,0.3718,1.6487,-5.4875,1.9348,-7.8832,-5.0832,-6.3127,-8.3077
3.3908,-7.4194,-6.7748,1.5103,6.5135,-3.8428,-1.5968,-1.4227,-7.2072,0.2334,8.0367,-3.5446,4.4756,9.4081,-7.3826,-6.8139,-8.635,-7.1811,6.0539,-7.6121,-8.337,-8.3262,-9.3778,-6.1878,-9.7542,-1.9514,-5.2346,-9.2505,7.5771,-7.2186,1.3161,5.6769,0.5695,-2.9043,-7.243,6.5283,2.5228,7.7351,4.3732,9.5831,-8.3195,6.9415,-6.3288,-6.1948,0.1579,4.5287,6.9643,-3.2774,3.1153,7.5679,-4.3841,2.981,0.1033,-7.8818,8.0316,-0.0416,0.5126,4.6303,1.3075,-1.0302,-0.3604,-2.7438,-4.5962,9.5515,-0.5082,1.5524,4.4235,1.7896,-5.1037,6.3939,5.4314,2.0691,2.0413,-3.5916,0.5588,1.766,5.7217,1.3406,9.7832,-1.3307,-0.1936,-6.9785,5.1991,-9.0267,-1.0911,7.0706,6.4649,-6.8141,-2.8227,4.4268,7.4075,-6.059,-7.9377,-1.6248,9.9543,7.7141,-5.4777,9.1592,-8.8226,-8.1887,7.9298,-0.2661,6.3905,-5.3828,-0.3496,-9.3331,-9.1657,-5.0795,-1.6414,4.7349,7.1431,3.1457,-2.2727,9.0994,-6.5903,6.9556,0.0263,-7.7727,8.5356,-6.0951,-0.3339,-5.0839,5.5136,-0.4657,-1.4076,-4.1193,9.1319,-9.4078,9.0188,9.4141,7.9318,3.8353,7.7904,-2.2808,-1.6062,-7.6557,-8.3904,-8.1348,-0.6071,9.1162,-9.3609,6.2191,9.8734,-3.2089,4.2218,7.4334,-7.2272,3.7967,5.1209,8.5856,-2.7518,8.7172,-5.336,4.2009,7.5774,2.7528,-2.6392,-4.6751,-0.5576,5.549,0.2943,-5.5956,0.3242,-0.8984,-7.1117,1.875,9.0885,-1.7026,-2.5236,-5.0812,-4.8468,7.2762,4.7393,0.841,-3.5685,1.7962,-6.8425,-2.2673,8.0066,3.583,-2.2875,-7.3852,-3.5935,-7.6436,-4.1039,-5.4395,3.598,-5.973,-2.2794,5.5924,0.4577,-7.7618,0.6449,3.5521,-4.4007,5.612,-3.0746,6.8476,8.4564,8.7583
8.3672,-7.5758,2.691,9.0991,-6.4465,3.2543,-1.3957,-0.2491,7.8919,3.5446,1.8969,-6.8098,-7.79,-0.1813,-8.8703,-1.8258,-2.385,-4.8441,-1.5842,-0.9107,1.1291,-2.243,-4.4047,1.8098,0.3419,7.3206,-9.2602,-3.6419,-9.708,8.3289,-0.1861,-1.3627,4.5886,-9.7803,0.8126,-2.0344,5.2764,-7.1314,-4.179,-4.6327,4.1911,-3.0351,-7.1644,-9.0276,0.5801,-2.901,-7.672,-0.1467,-6.7826,-4.9823,-4.3037,5.4832,-8.1218,0.5155,5.6501,-7.186,-3.8638,-1.3834,0.4245,2.5883,4.9951,-9.8807,4.5464,0.3569,6.1703,3.6946,-6.648,-6.9112,-0.3807,9.5607,-4.8802,1.3344,3.7902,-9.5112,-9.0413,8.7288,5.2615,-9.0863,-0.1964,6.1122,3.0093,-9.1124,3.2031,-9.3765,9.8639,-3.5058,7.2229,6.3546,-1.8525,4.552,-4.2259,-3.3842,-1.2892,-7.8941,-7.8708,8.9762,-3.8448,9.7692,-5.4225,-3.0169,3.1003,5.175,-3.4482,-9.6669,2.2385,3.4228,5.1678,7.6936,-1.2735,5.6497,0.9304,-0.098,2.9441,5.9397,-3.8346,2.3813,-8.5944,-8.607,-5.1242,-9.7694,-9.7137,-6.5107,3.4085,-0.125,6.7961,6.374,-4.0493,4.9548,-2.5155,-6.0894,-3.7817,-2.0485,-4.638,9.958,5.8329,1.5316,-6.4013,5.8003,-6.4611,6.2337,-2.6754,8.1903,-4.7432,5.2575,3.3758,6.316,2.8739,-8.9351,4.8167,4.116,-5.5964,6.2846,-0.5703,-1.5094,-8.156,4.6754,0.8434,-5.0401,2.947,9.8936,4.5852,-9.9713,-2.1601,7.4146,-5.3745,8.4227,3.0909,-9.476,-2.6262,-1.6131,-6.5997,-5.1939,-9.4386,-3.8751,7.4499,1.0056,-3.7871,6.0814,-9.1815,3.197,9.9332,3.449,-4.9636,-4.637,-8.6068,0.1624,-7.5351,-4.9143,1.9996,-8.865,4.2222,-7.1708,-5.6953,-4.583,-6.3975,9.3884,4.0188,-5.7131,9.9085,-1.9375
4.7959,-6.4289,-3.1529,-3.9543,7.4864,6.8451,8.5708,-3.2385,-9.3323,8.12,-0.9074,9.0281,-5.2643,-7.3022,-8.6706,-7.8864,3.1037,4.4499,-8.1591,4.3485,3.5774,-0.334,7.5914,4.7743,6.5604,-1.3087,-0.6885,5.0958,-0.0321,-4.9876,8.4315,-9.8842,0.9069,-3.2639,1.1158,9.1953,-7.0975,1.9576,2.9817,-4.9465,2.7372,9.1462,-8.9189,3.5893,1.6385,7.5768,9.5921,7.6613,-9.7765,-6.3655,-9.3574,-2.6526,-9.6493,0.7677,4.07,7.3202,7.512,-3.1942,-8.8069,2.6063,-6.0495,2.2995,7.0204,1.1607,-8.748,-9.7089,3.8153,-9.1313,6.4019,-3.1067,-3.3835,-0.1548,4.9589,-2.4926,-0.9769,5.453,-1.3548,-1.1214,0.8089,7.1583,6.2658,0.0575,7.8234,0.1116,-3.5447,2.099,4.9824,1.9511,4.9515,6.3414,-4.0159,3.4186,-3.3933,-1.6094,-5.2385,-8.4608,-4.5143,1.1814,3.7438,-2.6842,-1.9853,6.0124,-5.7864,8.3025,0.8678,5.206,-9.0295,8.2659,-6.4269,-4.4268,9.3395,-9.366,1.1645,7.036,-1.0974,8.2421,7.8615,-1.9168,1.6471,-9.5374,2.2939,-4.7071,8.411,1.9974,-4.014,-2.6266,-6.5162,-1.0412,-1.4164,-2.2157,4.5407,-5.5091,2.8506,8.8719,7.725,-9.8508,-1.5486,-2.1863,1.828,-9.5118,-0.8134,7.9974,-6.6088,-1.6924,5.3891,-0.6786,5.2011,-2.1967,3.8365,4.9997,0.4595,6.5114,8.9517,-3.497,6.6721,-5.5477,-0.9152,-0.7937,6.1756,7.6383,-5.2141,7.4463,-7.8641,5.7606,9.0716,-1.3156,-0.6408,-6.677,-9.2639,9.245,-0.5148,4.5813,-0.6762,9.0285,7.1171,5.606,4.128,6.96,-9.0213,-3.4116,-0.5954,-9.3266,-6.0986,-5.5254,-0.8478,-0.5059,4.7842,1.6255,-3.0414,-8.2304,-4.6564,0.96,-4.6642,-4.0731,9.4683,-8.6483,4.3434,-1.0255,-9.1393,-9.7409
7.7375,5.3354,-6.4163,6.4243,-1.4516,1.1075,-2.2802,3.9246,-4.4103,4.9308,-8.6318,9.4324,9.5086,-6.6534,4.5865,-1.6572,1.0618,-0.4146,3.215,-6.4096,1.2399,-5.4364,9.1363,-0.656,8.1342,3.9164,-9.9411,2.9432,3.3108,8.8174,-8.5699,6.102,-6.7409,-5.7859,-1.2825,-6.6019,-7.8771,9.4521,-8.6249,-0.6204,-5.6609,2.6441,-7.2364,0.0423,-8.6198,2.8791,6.1758,5.9783,-5.3445,-2.5446,2.3977,5.8324,-9.7697,0.9544,5.5989,-1.3065,7.2307,0.1858,-1.4682,9.2963,2.1964,-1.3252,-3.5255,-9.3241,4.3244,-0.573,4.79,9.8364,9.2434,-6.1498,6.1685,9.8207,6.8993,9.5522,-0.0987,-6.2233,-3.2548,-9.9881,4.1046,2.1973,6.1944,-9.1472,0.5702,0.8776,-2.4201,-1.5262,8.0348,2.0119,3.6419,-0.4592,-4.852,-1.0381,-3.337,7.9357,4.1463,7.1734,7.7549,3.0459,5.0386,-0.3291,-1.4354,-3.8329,7.5271,-6.0532,7.988,-3.67,-5.3258,-3.2371,6.275,2.2742,5.4406,3.4784,2.3596,7.6268,-5.1034,0.9892,3.3732,2.2562,-6.113,-8.8416,-9.1311,-8.4511,9.0479,-1.6961,1.7475,6.726,0.9971,-9.903,5.5124,-8.2497,3.4499,-3.4537,-6.2468,2.0149,-8.4661,-5.7294,0.5021,-1.977,1.1423,-0.78,-1.9246,-8.4008,0.1868,-8.4065,-2.6249,-1.8025,6.5894,8.055,3.6922,-4.7973,-3.3106,8.9928,0.9983,-1.0659,9.6992,-8.2366,7.9028,-7.661,6.6181,-1.9166,-7.0222,-1.5649,-8.8033,-2.207,2.2526,-7.7624,2.0216,5.7083,0.9893,7.2527,-2.2829,-2.3486,9.866,1.2771,-7.3167,-6.4463,-5.939,4.1741,-0.9761,-8.6687,3.455,7.8861,7.1924,-6.1636,5.1886,-0.5401,-5.9053,-0.0788,-6.1078,1.2494,-3.9129,-2.3251,-9.7552,-3.7607,-4.4419,-4.5041,-8.3491,1.3759,-8.276,-5.036
-4.5248,-0.3638,-5.2627,-0.9841,-1.0398,-5.3895,2.8342,6.9555,-3.0125,-8.1705,-5.5476,1.2163,3.6287,1.9476,-8.0674,7.9056,-2.6324,1.9313,9.2452,8.6105,0.5096,-8.6293,-0.9872,9.9307,8.2582,8.0558,-4.2905,-4.1621,-9.8921,-7.4595,-3.043,-3.3567,-2.9662,-3.0635,6.6237,-2.8796,5.3716,3.9875,6.7818,2.6467,0.1854,8.162,5.6966,2.9743,-3.5019,5.4544,4.2709,3.7532,8.2708,-3.7576,1.5967,-9.2034,-2.4537,-9.109,-1.3062,7.6483,2.2816,-9.5342,-4.2028,-8.3996,-9.2872,-9.7086,-2.9913,5.703,1.9415,9.6438,0.8147,-7.1001,-4.7858,-6.3232,-7.4825,-1.2319,0.5889,2.4586,-6.641,-2.2527,-4.6868,-5.0469,-7.5914,7.5131,9.4271,-4.6148,0.338,2.5017,5.5066,4.7831,9.0898,4.4116,1.6507,-4.4537,-2.4361,-8.4192,2.0539,-7.1251,-6.2713,-3.3343,0.8757,-5.8912,-2.1323,-9.4288,-4.3636,-0.5762,2.3722,5.9377,-4.388,-5.4931,9.9731,5.5312,6.5199,5.0342,-4.0771,5.6187,3.7248,-3.0254,-7.9084,-0.706,-1.4213,2.8246,-2.3687,1.1274,-0.7047,-6.4593,-4.6151,1.8732,-1.9528,5.2568,-8.6139,-6.028,7.4726,-5.6788,0.41,8.6992,8.4935,-3.6661,-3.9845,-7.5838,-3.9188,-0.4437,4.6277,-2.3893,-7.4469,-3.7227,-5.3724,-3.9903,-0.5112,0.9671,4.6644,-9.8744,-0.6572,-4.5501,4.646,-2.1499,8.2622,1.8268,-7.5935,8.7957,6.1705,-8.9896,-2.6511,-0.0284,9.6661,0.4544,4.5212,7.7788,6.1125,7.2812,1.9883,8.1387,7.7765,-7.3733,8.9748,-2.0453,-8.5627,5.4942,2.9998,8.4731,8.1073,-2.3957,8.6058,1.8532,-1.5338,-3.4093,-1.3118,-5.4114,-7.8216,-8.1917,-9.5183,-6.1247,6.4931,4.687,-0.4181,-9.5266,7.8882,0.3246,-2.7452,-5.6959,-9.5778,1.4757,-8.8668,8.3765
5.5947,2.4242,1.2808,-8.7746,7.194,2.7574,-4.2705,0.8275,-6.6003,-1.5673,9.6819,-0.3852,-8.451,-9.2555,-9.7929,6.3534,-2.9334,-9.1594,-9.2876,3.7692,-3.2788,-6.2586,1.9702,-0.9022,-7.9192,1.8204,6.3219,-7.0469,5.9375,5.5493,-6.7111,9.4496,-8.2468,-9.3203,-6.9066,-9.2974,6.6125,-1.3029,-5.0503,5.1038,3.7492,3.0611,8.3925,9.9881,-1.9897,7.3722,1.2676,6.859,2.7278,2.0034,6.2108,-7.4352,5.0529,3.6798,8.5512,-5.5567,-2.3457,6.8749,-3.3763,-1.0416,0.9112,-2.4615,8.9845,-4.5047,-6.5712,9.9461,9.9135,-7.6042,-5.1391,6.1874,6.8372,1.593,-4.7741,8.2981,-0.4893,9.6283,-0.7286,-2.952,8.603,1.3703,-8.46,-5.1885,-1.433,0.7211,7.6331,5.4902,-5.0668,8.6456,5.5831,-9.9512,-6.327,-5.7446,1.2168,-4.5694,2.1484,-3.484,-5.492,7.3786,-2.1544,0.5872,-9.9126,-1.4424,-1.3958,-8.1347,4.6707,-3.9164,-4.3248,5.0188,-8.2974,-3.7044,-6.7925,7.6714,-5.9889,7.3058,0.1504,1.5564,-0.3354,-4.1198,-4.0908,5.4871,-1.5007,6.4256,4.2198,-4.2157,8.9325,-8.7232,4.7048,4.2032,-8.2741,6.3369,-1.0949,-7.2962,1.3122,4.1806,-5.0368,7.7167,-4.2203,9.7266,5.3887,9.65,9.7395,6.2885,-4.2536,9.5904,-6.3867,-9.4008,-1.6808,8.7161,-6.72,-5.5353,-4.2838,-8.5267,8.4191,0.9314,3.9177,-6.2713,8.9889,-6.6023,-0.1303,4.327,6.4277,5.9166,0.015,-6.5546,-1.5648,5.4002,-4.841,5.1165,3.7647,-4.1414,-3.6164,-2.9308,6.2618,4.8802,-2.2491,-8.8707,-0.9907,-3.7901,-4.4443,-0.6268,-0.803,-8.6999,7.4742,3.7804,1.8692,1.9043,9.8726,4.5788,-1.1111,6.5206,9.6536,-2.3325,-2.0016,-7.2373,3.7601,0.6249,5.7572,4.0178,-6.7625,-3.3531
5.6109,9.116,-2.7297,4.6195,-2.2476,2.0014,-4.103,-5.5816,-1.4005,-3.2774,9.5516,8.883,7.428,5.8917,-9.9752,-2.2323,8.4854,-4.6057,-0.7026,3.111,-2.4805,-2.3689,9.5606,2.7419,6.0045,0.1227,-2.943,-2.3702,8.9078,6.1051,-7.2488,0.7722,-0.0692,-0.1144,-4.0949,-8.4813,8.4026,3.3291,6.3562,-6.5151,6.3042,7.8691,-0.7731,7.4304,8.3362,-4.87,4.6086,6.8704,9.3001,6.9125,7.2841,1.7559,-2.6699,-4.8006,-3.5703,-0.3651,3.8694,-7.4058,5.2745,5.2372,8.3039,6.4639,-5.3414,-2.2899,-6.3369,9.0734,-2.3207,-1.526,-0.0153,0.7235,3.6877,9.2676,-8.6153,-9.2291,-7.0197,6.2536,-2.3986,5.4212,8.6337,-8.4693,5.5824,-3.5193,6.4447,-6.3272,-3.3336,2.0725,-0.5106,5.5154,-0.8019,-9.5692,-9.5538,0.4582,-6.6564,2.7816,-9.7684,6.8552,5.1037,-3.4123,-7.864,7.269,3.8949,5.4687,-7.4602,-5.6953,6.9821,0.0109,7.8608,1.0044,6.5428,3.8871,5.273,9.9684,6.3398,-0.4379,-9.8701,-8.8389,7.5402,-5.9238,1.1585,-2.7665,2.7848,-0.4798,3.3841,-4.998,1.6466,3.3142,0.8676,-4.9833,-4.1748,-8.3256,-5.7283,5.4157,-7.7318,-9.8016,6.8964,-3.8995,1.6952,2.2598,-2.1748,-3.3621,8.0339,6.98,4.8883,-3.6874,-2.1739,2.7304,-9.894,-0.7025,-2.9787,-0.4933,3.5954,-3.4422,3.3233,8.4681,3.186,6.9554,5.9247,8.8858,-3.147,8.3614,5.8894,3.9177,-1.8066,-7.7473,-2.2709,6.7857,3.7907,-4.1251,9.2184,-8.2919,-9.2294,-6.5443,-9.908,-1.3814,5.2056,1.3714,-3.7499,-1.175,-0.4293,1.8474,-5.0353,-7.0505,1.4525,-9.6119,-7.67,-2.8174,-1.0053,-6.2534,2.6532,-4.9768,-3.213,0.9625,-4.8603,1.1328,-6.0797,-4.3754,8.4331,4.0602,-1.0639,5.0673
8.4476,-3.2038,5.6799,9.12,7.7278,3.6043,6.2705,-0.1623,5.5784,-2.5619,0.3106,1.7279,-8.4254,1.4649,-5.0374,-1.5569,0.5507,-9.8621,-5.7843,8.6958,-3.435,1.986,4.6679,-6.0205,3.0496,3.4611,4.9964,8.2377,4.5719,-6.2811,7.9236,7.8884,-8.748,6.5314,7.7004,3.2399,-4.9516,8.0217,6.0142,0.7292,-2.2135,9.9527,9.2594,5.4108,-4.6338,-5.8199,9.8257,2.1647,4.4875,0.9915,3.3006,0.558,9.08,0.3991,-2.9702,6.2804,7.0238,-1.0931,-5.1632,-7.8406,-2.0219,6.5532,3.5736,-0.6608,7.2197,4.1828,-8.8438,4.9233,2.0644,-4.4984,2.4728,-2.744,-7.4476,-1.8245,-9.7091,4.2714,4.7209,-9.3111,9.3391,1.4921,-1.1579,-2.0947,2.1977,-3.775,-1.9777,4.7196,-6.2952,-8.5232,1.3947,4.7293,6.5149,-7.8537,-3.7079,9.8198,6.0106,-9.9115,-8.6389,-5.4586,1.349,6.629,-3.3456,6.8457,7.5699,-6.3705,1.3285,8.8642,-8.7551,1.3004,-3.1906,-3.1718,-0.0019,-0.0073,-0.7721,-2.5214,6.1709,8.2864,1.3192,-5.4639,5.4765,-8.3475,-9.2946,0.8822,2.6752,-5.6772,-7.5083,5.8611,-5.0052,6.365,1.671,4.9547,-1.1518,-0.7378,0.5484,1.4351,3.3224,4.9466,1.3141,1.0168,1.399,-1.3493,-5.2127,-7.9656,9.423,6.6029,9.905,-8.6914,-0.9864,6.5317,0.5979,5.1088,5.2466,4.102,-6.767,-4.3617,1.7334,6.222,-7.0691,-3.4298,8.4451,-6.7217,7.8993,6.9931,-5.4849,2.3482,6.5944,8.2923,-2.4078,2.686,4.2466,-5.4797,-4.2283,1.6372,5.6225,3.1987,5.5445,-0.3551,-2.44,5.6223,0.0146,8.8492,-7.2818,-0.9922,1.293,-6.3796,-9.8104,-1.0825,9.5083,0.6771,1.6891,9.1648,0.9164,4.6001,-6.7379,-0.2671,-6.2531,-0.1501,7.2029,-9.2915,-6.3605,-1.6221
2.8027,-9.7874,1.188,3.8011,6.5497,-7.8121,-8.331,3.7528,-0.7651,-5.6799,-2.5724,4.976,6.1256,-6.8571,6.352,-0.0508,3.6456,-0.6131,-9.7743,-2.1902,-4.0118,-3.4641,-4.2506,-9.1338,8.868,-9.1138,-3.0149,-1.1078,8.091,-6.4813,8.8939,8.5301,-8.9963,3.8666,-1.8455,5.5142,-8.4767,-8.7252,4.4138,-8.7319,-6.0817,8.0121,-7.862,8.0605,0.865,-8.8168,-7.9492,-9.6408,-1.5539,-6.977,9.9209,3.8395,7.0267,-6.5398,-9.397,6.8839,2.4974,7.8487,2.0483,-1.1746,8.1482,1.1204,-0.2645,2.3106,4.2327,-1.234,2.4365,7.5051,-1.7357,-0.8326,-4.416,3.4027,-1.0281,6.6297,2.207,2.1768,-9.1067,8.8832,8.6479,-0.8757,8.2106,6.9764,-4.6252,-5.3913,1.567,1.4689,-3.1226,-7.2322,-7.3789,1.348,4.7298,9.4609,-7.8576,4.3007,-4.1544,-3.5988,-9.3774,-9.7323,-4.347,2.0572,-0.5536,-8.2056,2.8775,3.9302,-6.5623,7.2665,5.1822,-7.8292,2.2769,9.4316,-8.9061,7.4293,-1.8542,-0.7331,4.1317,-7.2331,8.7267,-5.8629,6.1763,-6.6303,-1.6267,-6.0068,-4.2509,9.9929,-1.6443,6.4782,-3.4502,1.1767,8.0055,4.0376,7.5239,4.5914,-5.0583,-3.3373,0.4015,7.0445,-4.0768,4.7238,0.3269,-2.2349,7.3791,5.9748,-5.7771,-2.667,-6.5446,2.6691,-3.0155,5.029,6.0316,-7.8376,-9.5004,0.2698,7.6904,4.2343,7.9035,-1.5867,8.2052,-7.3162,-6.8946,-3.6934,5.7214,-3.1338,-4.413,9.0559,4.2398,-7.7317,-3.204,-7.4613,-1.1948,-3.3678,-7.1675,3.3059,-1.7247,-2.713,0.937,4.3333,8.644,-9.35,-7.2807,-7.6349,-4.6173,8.7476,-2.6188,-8.9156,-7.3584,9.8954,-8.2064,2.1264,-8.3284,9.0228,-6.6683,-5.2611,-9.7464,-7.1092,1.3721,6.0662,-0.3882,-2.4877,7.1873,-5.5409
3.2417,7.1008,-4.0209,2.8264,-6.3119,-9.0508,-0.4668,-3.7368,4.8322,-5.0461,7.0362,-3.9403,5.099,-6.6384,-3.1669,3.9117,6.7942,-2.5883,4.482,5.4512,-6.7025,-7.7905,5.6012,-2.6324,-3.1684,-5.3293,-2.0445,-7.4303,7.3606,3.9434,-9.8794,9.7981,8.6362,5.4587,6.8602,4.6918,9.1489,4.2406,-2.7439,2.7327,1.837,-0.5167,5.3368,-3.2602,8.1932,-7.1212,5.3393,5.8767,2.633,-7.736,-2.8277,-5.198,-0.2847,0.5516,9.8603,-1.2253,-1.043,-8.1646,7.6734,6.3976,-6.303,-2.3946,0.9188,-2.9057,3.4764,9.518,5.0188,7.657,4.7626,9.2134,-6.4317,-8.215,2.4105,-8.6144,-5.1969,-2.0645,1.3156,-5.2485,5.7434,-7.8025,4.1602,6.6849,6.736,5.38,0.456,0.9363,-6.2005,3.0882,0.3794,0.3042,-4.1081,-8.6736,-3.2953,8.505,8.9859,-8.5514,4.4467,-5.6815,6.8901,-7.5608,-7.7337,0.7448,-6.8162,3.393,3.7422,-1.0886,-6.7775,5.5569,-3.5933,-9.8132,2.451,-6.3073,-7.361,-1.0834,-5.1038,7.3901,9.1816,9.5023,3.2149,-6.0526,-1.9404,-9.6521,4.5575,4.3849,-8.6372,-6.8148,-5.5631,1.898,-7.6984,8.2688,-5.2287,1.555,5.4734,4.7628,-6.0626,0.6935,2.2113,-6.0369,3.3958,5.4944,-0.1469,3.4394,6.5749,-2.0272,-5.1546,-1.6058,2.4165,5.878,0.2394,-6.6362,0.7693,7.8113,3.8343,6.738,6.4243,6.2643,-5.9174,3.4804,-7.5594,1.5724,5.4562,4.1531,4.88,-0.4206,3.4848,6.0664,8.7148,4.0523,7.394,9.9209,2.2933,2.3555,8.2121,-9.6778,0.3798,4.1597,1.5356,-8.2699,2.4456,-6.8792,3.8366,9.7674,1.5543,-0.3213,1.4908,8.7221,7.2646,2.4239,-6.8338,9.4477,-2.328,7.3997,3.9981,-6.0738,5.6949,-6.0796,3.5483,-8.4242,-7.7409,9.842
-8.7381,-9.2669,8.2486,6.9206,4.0611,1.3408,-3.1529,8.1187,-2.2416,-3.1784,8.0805,-5.6268,-4.1516,8.4142,-6.2757,5.7336,-2.8697,4.8824,-9.7073,-0.301,4.3355,-5.1346,-7.6174,-6.8053,-5.773,-5.0455,-5.8704,-2.5354,9.6904,-6.4517,1.9029,-6.8202,5.6277,3.2358,-6.0753,-0.3222,-2.7813,-4.7635,2.9816,0.0967,1.1297,-9.134,-6.8559,-6.032,5.2472,-5.3477,3.586,6.7322,-1.407,-8.3967,6.2373,3.5309,5.1907,-1.9906,-7.2003,-4.661,2.037,-4.6375,-6.4744,-9.1336,-0.7595,-5.4558,6.6586,-1.8643,-6.8571,9.0644,5.6523,9.6246,-2.4052,-6.3046,-6.2387,-4.0511,-4.7977,2.3424,-3.4967,4.6784,-8.0387,-9.7662,-2.3173,7.4424,-5.2113,-6.0885,-5.2798,-4.8871,3.6772,3.2488,-7.0346,2.0465,-1.1502,-9.3137,-7.23,-0.9251,-5.4469,-5.8708,-5.7492,1.0255,8.852,-2.0352,1.7634,-9.5435,-7.4315,9.555,-9.9214,-5.8454,-6.5244,-3.3302,-3.0932,7.3562,-0.544,-1.9517,2.0169,5.9298,6.5828,-9.4911,-6.6296,-2.299,1.3228,9.8132,-1.7088,-1.1766,5.7782,4.8744,0.3331,-6.5354,-3.7879,2.9828,-3.2658,7.8852,-1.9151,9.7991,8.9285,-2.3158,0.2444,-9.2532,3.8915,-1.4123,9.8019,5.2045,2.2516,9.8825,0.3816,9.0337,4.3567,-9.5572,-8.8258,1.6963,-1.8079,4.0299,7.7906,7.9988,-9.3871,7.1563,7.7742,-6.7115,-9.5374,9.6345,6.7781,-2.8895,7.6782,-9.5308,-5.7308,6.34,8.6064,-0.4998,-3.1564,5.3118,-5.7818,-5.0357,5.7489,8.2289,-6.6189,6.7712,-2.1756,-6.7834,-8.6883,1.5904,-9.3596,6.2556,-9.001,-4.4332,-8.8873,-4.6147,4.1405,8.0749,-6.8713,-9.8556,-4.5433,-0.4264,7.0272,2.207,6.1288,2.7009,7.5702,8.4925,-3.2303,-8.3347,0.2422,-8.6458,-4.9462,9.3777
-1.4769,6.5062,-2.2433,6.46,8.7003,3.7265,2.725,-4.3628,-7.0502,-4.4558,-9.995,3.5953,5.873,-6.7897,-0.1872,2.9421,2.1191,-3.1806,-1.7598,-5.6899,-8.484,8.6324,7.2122,8.3228,5.3832,1.7093,7.7046,6.4201,2.1004,-6.4766,-5.6314,-2.6403,-4.7856,-6.9826,7.7793,-7.6714,9.5235,-4.316,0.3353,7.9263,3.6723,-7.0247,-5.4544,4.9583,9.5487,8.4299,2.9116,-6.6347,9.331,9.8465,-9.6917,-3.193,-7.0404,6.4545,-4.0801,3.619,-1.8662,-8.9475,6.5337,-5.1549,-2.0836,-9.2291,-5.5659,-6.8292,8.6383,-0.3344,-3.6908,-3.0294,-7.3507,-6.5849,-2.1637,1.7941,-0.8787,6.0669,9.0056,-8.3844,-6.904,6.6648,4.8004,-5.8184,-1.1906,0.7897,7.4145,4.4238,9.3379,3.7336,-8.1949,-0.489,6.732,-3.5502,3.1575,6.2485,-7.501,-6.3058,-7.1569,-3.7286,-7.6081,-7.6075,2.0763,1.5929,8.4556,-9.2172,-9.5545,-7.1626,0.5291,-7.6784,-6.9503,-6.0566,-0.1783,-4.1896,-3.8669,-1.0153,-1.1631,-0.5417,-6.3389,9.7853,8.5698,7.8027,9.1442,-8.141,-7.5976,4.834,-2.7818,7.0368,1.0905,7.096,3.6056,-3.4333,-2.2216,-7.5937,-4.9439,-5.857,-0.0918,-4.8571,7.7693,2.3616,4.7187,2.9903,-9.5767,-6.3437,7.9189,3.0732,9.5724,5.2014,7.6959,-4.8678,-3.449,2.881,-6.8337,-6.792,2.1226,2.2529,2.4299,-9.7211,-6.6337,4.8459,5.8901,-3.0246,-9.4039,1.2052,-8.1212,6.4836,9.5331,4.2141,-2.7294,-3.5495,-5.319,1.4201,7.639,-0.8742,4.5319,1.046,-7.3598,-8.6157,-7.9966,8.6267,-8.1092,1.2093,-1.6504,2.9857,-1.2529,-7.2593,0.2473,8.3137,-0.7364,-3.6261,9.104,-1.1687,2.6426,6.2157,-7.0099,-7.6533,-6.238,-1.8958,4.8577,-3.2363,-0.0491,1.1403,-6.7602,9.4334
-0.0272,-6.0712,0.425,-5.3069,0.0555,2.7843,5.677,9.6453,-7.9599,-3.0082,-7.6764,4.1872,5.8769,-8.4963,2.0961,0.2857,-5.6361,-5.2952,-9.8597,6.391,-8.1078,-5.3179,5.3303,-9.9644,-7.1229,3.9875,-8.074,-1.2371,0.1494,4.0618,0.5878,-6.9742,-3.0733,4.7461,9.3253,-4.9353,-7.7766,-1.7823,-0.6458,-2.356,6.9532,7.3271,-5.0268,6.7586,-3.5223,-4.6322,-2.5725,8.4688,0.2314,-2.7183,1.9945,-2.5217,4.2291,3.3269,-2.8877,-5.6863,3.1724,2.0496,1.504,0.7442,3.0023,6.1817,-2.6947,-9.8403,1.0741,3.1774,-0.8768,-1.6015,1.0696,-5.401,9.2684,-6.6256,5.8884,-3.7916,1.853,2.7679,-1.8049,0.5213,2.3906,6.9034,2.678,-7.9896,9.6206,0.8679,1.5621,-6.0708,6.8127,1.4883,-3.8746,-4.0957,5.7863,6.0505,3.5343,8.3314,-5.3833,7.1885,-7.9029,4.8764,-7.0719,-6.5588,-2.8646,-8.5655,-5.5055,-8.749,-1.0263,-8.2577,5.1773,1.2621,-3.1845,8.9187,5.8313,3.9947,6.0973,-5.2643,4.3971,-4.1472,-8.1516,-6.5824,9.9432,8.1572,-0.6361,-5.8323,-2.57,-1.4273,-4.0845,2.8582,0.5558,-3.4811,-7.6621,2.6287,6.9423,-8.9375,7.2748,5.6892,-3.8811,1.3555,6.351,-2.8036,9.8983,3.6548,8.146,-2.0716,9.4063,-9.4959,9.2022,4.1923,-3.8671,3.3219,7.8902,9.954,-4.335,3.1526,9.6748,2.5236,-1.5847,-4.7681,5.0053,-8.4065,-5.6815,8.2545,-6.8843,-5.044,4.1627,0.2909,9.0558,1.3369,3.2214,-9.8253,8.6742,-7.3279,2.3868,-2.035,9.2632,-2.4147,-2.5183,4.8286,0.5658,5.5435,-4.2072,-3.2711,-3.64,7.7088,-2.8907,-2.2497,-3.7674,-9.9939,9.3335,2.4565,2.9431,-8.1184,1.3732,2.1285,7.2502,-4.7827,0.1891,-8.2538,-2.4725,-0.7875,6.2546,-2.2826
-3.845,6.1411,6.902,4.6642,9.6028,8.3739,-5.4207,-2.4863,2.1907,-5.4914,-6.1964,-9.3722,-5.8078,-9.8484,1.1352,7.8126,-2.1124,0.4787,-1.1707,-3.0827,-2.9095,3.4812,6.4753,8.3741,-0.5559,9.2784,-9.5867,-5.6812,-4.0223,-0.0716,-4.9411,-3.4546,7.1413,-1.8249,6.509,-3.4097,5.9807,5.3901,8.6163,4.3182,0.1186,0.4494,0.1453,-6.4189,-2.8962,-4.8492,3.6647,0.5054,5.8782,-0.5383,-3.471,-5.8396,-1.543,-9.3697,-4.8073,-2.5919,-8.0414,-3.7655,-5.255,4.2573,3.7023,8.0128,8.4594,-6.013,-3.4518,-6.3112,-4.8146,0.1274,-7.3966,0.2638,8.9962,0.6089,-9.1751,-4.0616,5.2617,-5.9224,-7.1632,6.4136,-0.476,-3.0531,7.2809,1.4462,4.3801,-8.468,-6.0988,7.2158,-2.3621,9.3973,9.248,2.5059,-6.201,-2.7378,6.21,-7.1771,-6.346,2.9901,6.8382,7.2078,6.9974,3.6071,7.9898,-0.8917,0.3635,0.7964,-7.1162,4.1427,5.4981,4.3942,-3.037,8.1199,-7.993,6.3806,9.1581,6.1212,-8.6076,-3.3267,3.3364,6.8963,-5.574,-9.2735,1.8892,1.1331,-0.2967,3.6315,-1.2136,-3.7818,-3.1214,-0.2487,-1.8518,2.1849,-6.8567,9.0497,-1.6733,4.1027,3.2207,-7.6559,-9.8601,-6.6871,-3.4512,-0.3673,4.2069,0.2415,8.8367,7.8006,-2.7922,4.8054,-4.5648,0.9939,9.8587,-3.9673,2.2389,-6.3032,-6.5563,-1.5438,-4.1772,-9.0497,9.136,-1.6646,6.8161,-5.1904,-0.2198,-8.9,2.6899,2.7476,-0.5482,-9.3673,8.3502,-8.7662,4.8621,9.1396,-0.5553,5.2453,-4.605,5.6127,-7.8952,-5.2551,-7.2731,9.853,0.8965,8.1161,7.2163,9.7022,4.6228,4.0944,-7.3245,-7.246,-7.2097,-4.3101,-5.195,-5.271,-7.9424,-2.5946,8.436,0.1086,-7.3094,-0.7161,-8.0582,9.2119,-0.9551,5.7462
-6.5243,-1.7489,2.9676,-7.9709,-3.7484,-2.8865,3.6012,-6.0538,6.8031,7.7624,-0.9365,8.2849,4.5403,-6.0213,-5.1093,-8.452,9.8359,2.8749,-2.2787,4.3831,-5.3872,-9.0412,3.7972,-5.0667,-7.2722,-1.4778,-8.9043,6.6675,9.4375,-3.0134,9.0389,-8.5555,8.663,-0.0159,7.2532,-5.2997,7.0516,6.0357,-4.0506,-2.4605,-3.3441,-9.986,0.3831,-9.6834,4.4791,8.9199,8.1896,-5.9171,-2.5844,-1.7929,7.6377,6.7638,-4.3068,-6.6175,7.3322,-1.3867,9.8099,-6.3993,-1.3764,-3.4681,-8.238,8.3654,4.7849,4.1675,0.8602,0.8797,7.3323,2.8145,-4.6844,-0.792,-4.8178,-1.1108,7.9302,-8.8896,3.7916,-0.4711,-1.3026,-8.1928,-5.2152,-8.8545,3.3576,2.7452,6.1134,-5.9586,2.7642,-1.973,-3.8664,-5.908,0.984,9.8571,2.0253,6.5911,-6.6695,9.8779,-1.9106,-4.9581,1.4529,-9.2389,-6.749,-0.8544,-5.9686,7.7372,0.5935,2.8919,-3.3479,-8.4928,-7.8602,-3.1288,7.3186,0.9235,0.83,6.5332,-5.9031,9.5284,-3.1258,3.6573,1.5479,-7.5846,-0.5052,-3.1233,-0.9796,-5.5746,-3.1586,-3.0575,-6.7852,0.0254,-1.9357,2.5686,3.7323,-8.6944,-2.2465,0.1449,3.464,4.9842,-5.8424,-6.1463,7.997,-0.5477,9.5789,6.4198,-9.0328,-2.4705,-4.0225,9.598,-6.5511,-9.6909,-4.7121,1.341,-7.3074,3.4193,-5.9047,3.3809,7.1066,8.9411,6.9489,-0.8531,-5.7138,-9.2353,8.2577,7.9721,2.2918,-2.8413,-3.356,2.792,-0.2265,6.8827,-4.8522,-4.471,9.1757,-2.4303,-7.1679,2.4787,0.5547,5.3962,-9.536,9.9102,-7.9762,-2.1323,-0.315,2.4335,-5.675,-6.574,-6.0374,3.4767,-6.093,-6.5206,-7.116,-4.0785,-1.4789,2.7689,-9.2831,1.4375,-4.5782,2.8365,3.2724,2.7124,5.6064,-1.8414,-6.6776,-1.8575
5.5285,7.5368,-5.2831,2.7231,-4.9579,9.2065,8.9664,-7.8521,5.4725,9.4372,1.7969,-6.7387,-3.683,-5.1687,-9.1453,9.9532,-6.7957,-4.8535,-6.5166,1.2015,8.5025,-3.5873,-5.8748,3.3768,4.4938,9.812,-6.4809,8.4148,5.8193,-1.421,-0.7255,-9.2191,4.6082,7.4272,8.9245,-9.6793,7.7635,5.9427,8.9061,-2.0492,1.2792,1.9078,6.9112,-5.0704,8.1302,5.236,3.4128,-7.8027,-8.4574,8.2774,-7.7532,-7.345,-8.8315,8.206,-0.8513,8.1073,-5.434,-1.5892,-1.3308,5.3672,8.2835,-6.8616,-3.6993,9.7505,-1.9714,-0.9727,-3.6596,-9.9031,-5.8685,7.1621,1.4576,8.0525,5.3414,1.8205,4.1473,9.9523,2.3307,9.0351,-9.0341,-8.9721,1.2501,9.1347,-4.9167,-2.3142,-3.5221,-2.5789,7.7343,4.5457,-2.5864,6.0977,-9.3285,-2.47,-4.8719,5.6565,7.3882,2.4346,-7.1102,7.7796,-9.2938,-0.0325,5.0715,-1.968,4.3374,-6.7206,4.7956,6.8193,-6.6917,-1.7095,-6.0259,-5.116,-9.2553,8.9781,6.8413,2.0707,8.1127,-5.661,4.6877,-5.0451,-2.0052,-6.9617,-3.0261,-3.8044,-0.331,-6.1058,-3.5757,-2.1926,6.2083,-9.1825,6.6394,6.3736,2.0545,2.4614,6.4367,7.7739,3.2987,-6.6574,7.2985,7.3408,-3.8159,9.4131,-0.1558,-7.0297,-0.3724,2.9911,-7.5949,-3.8004,-9.9049,1.404,-1.1757,-7.7007,3.038,-8.4357,-2.4446,8.3742,-1.7563,-3.8439,2.8171,6.0417,-7.3012,8.2941,9.2839,-3.7375,-2.965,-3.6475,7.8734,-6.7094,2.011,9.0568,2.9056,-5.7895,7.091,-4.937,-9.5123,6.9972,-0.2277,-9.2996,-6.8899,0.3278,-2.4777,7.1028,1.5238,-4.5853,-1.7347,7.4984,-5.3605,-1.1289,5.4697,4.0861,2.9147,6.4995,5.5178,-8.4935,-1.7302,-6.5268,0.1184,8.2891,-7.312,0.8144,-4.8324,0.6991
0.2549,1.9996,-9.9203,-3.3352,3.8054,0.0586,-2.6135,7.6501,-2.5045,-0.8117,-2.0192,-5.7051,-5.6531,1.6553,4.4867,2.8259,9.2456,-7.5713,-4.6411,3.4365,-5.4076,7.1259,4.5617,3.1771,1.5452,-3.9512,3.5854,4.0704,-5.8729,-0.2701,1.881,3.3445,-1.0533,-5.6987,6.5738,-5.8955,8.7514,1.3934,1.7134,-9.4057,-8.6907,8.9128,-4.4752,-1.5333,-2.5465,-3.5937,-2.2482,6.6755,-2.4871,5.6034,-2.0497,-8.0072,-2.5834,-8.3278,7.6584,8.2416,-0.1534,-7.9976,4.3468,-0.127,-2.9656,5.0755,0.3802,3.2236,-6.4633,-8.1823,-6.6444,-3.9387,-4.1208,-1.2637,7.9292,0.5419,-5.6948,-7.9563,2.0213,-2.8024,-3.0884,-7.7549,3.8347,6.1009,-7.2419,9.9647,1.633,4.3001,-9.9721,-4.1813,-2.7369,-1.235,9.5162,-2.5589,-6.7103,3.2159,-8.8591,-1.0821,-8.8282,-1.2098,4.1695,4.0919,7.5882,-2.3815,-6.5014,-0.7609,-8.1658,-2.9198,-0.2345,3.8151,-1.2282,-7.5491,-1.0117,-0.9666,5.5614,6.8165,5.0335,-9.9179,-9.3322,6.5195,-5.6456,-0.5867,-6.2415,3.7781,-5.098,-3.0569,-3.8186,-8.7054,0.6886,-3.1465,3.817,-6.2972,9.6918,4.0846,-2.2197,2.6044,-4.4502,0.6348,-9.0416,4.2611,8.5556,-3.5181,-9.2089,-4.5974,-5.4857,1.8665,-2.9336,-4.2698,-2.9308,-3.7225,-2.7093,5.9803,7.4579,-1.9125,9.1027,-6.9303,-3.7866,5.702,1.8819,3.4414,4.1943,1.2455,8.3315,-3.4283,-6.0314,-9.4193,5.7105,-3.0396,9.5642,7.479,-6.4851,2.856,-4.5093,6.1215,8.3473,-3.5093,6.7384,-5.5172,-7.5621,3.9662,5.2204,-0.9929,-9.0384,-4.3915,-4.5246,-0.9763,-7.2345,-6.6222,2.4251,-4.7218,1.4628,7.5,0.9471,-2.4141,-6.3902,4.423,5.5635,6.7259,1.5497,3.9253,-0.19,2.2629,2.1456,0.7276
-3.0211,-7.4649,5.5366,-6.2185,-4.0965,-2.6663,-9.8285,-1.8425,4.5837,-8.8196,-4.4331,8.0172,9.2663,-7.8217,6.6536,2.4784,-8.0554,9.1943,-1.8086,-2.6365,6.5805,3.0981,5.7101,5.0836,4.3531,-3.5558,-8.5912,-8.4292,-2.4915,-7.7435,4.6319,-1.2215,-2.9366,8.511,6.6657,1.224,2.2425,-2.5432,-3.8025,-9.0726,6.6451,0.5961,7.4688,-9.9241,-1.6002,8.6954,4.9936,5.3912,1.497,4.7494,-9.7074,0.5498,5.0337,-7.8444,-4.3008,-7.0953,-3.1513,-9.6635,0.4877,4.1279,-5.4098,7.628,1.4642,-8.7627,-6.6341,-2.232,3.0162,-0.9232,0.5627,3.9563,3.196,2.9843,0.0946,6.9774,5.5008,-4.578,-2.5028,-9.2961,6.0866,-7.0418,-6.0753,-5.5815,-9.9422,-6.4848,7.0729,6.1364,-7.942,-2.6827,5.2731,4.9201,-5.982,-2.6793,0.3267,-3.9862,0.4192,-8.7956,-5.0923,4.6275,2.3663,-5.5762,-8.2094,-1.712,-1.8854,5.9185,-2.0844,6.7631,-6.5514,7.9045,9.3739,8.9056,-6.0245,-5.3623,-1.7636,-3.6264,3.1487,6.6209,9.1088,-6.7182,1.3467,-9.1028,7.0865,0.4594,0.0536,-8.579,4.2459,-1.9608,-1.6846,-6.8308,-1.9199,8.3016,7.2357,5.3714,3.9107,-6.7575,1.2298,-4.7858,-5.2862,-0.2448,-5.64,1.8993,7.0968,-9.9678,2.4081,2.4283,9.3358,8.6118,-6.4398,5.239,-1.3128,-8.7196,4.8799,8.6419,9.5291,3.6647,4.7604,-2.7393,6.0921,-0.2265,-8.8095,6.3419,5.9636,5.308,6.527,2.425,-7.398,5.9833,-6.3125,2.3997,-1.4396,8.2694,-3.6724,3.3571,8.8035,8.3456,-2.1966,3.3682,4.4814,9.6362,-3.8148,8.9147,-3.0997,-7.0992,-1.2028,3.9703,3.9981,4.9105,9.3687,-4.5044,-2.5789,-1.7872,-1.0424,-4.8708,-9.5394,1.7387,6.473,-6.8666,-0.9596,-1.0152,-4.3652,9.6669
-3.7563,-0.598,-8.0586,-4.8618,7.1248,5.7191,9.6207,6.6354,-9.8571,-7.8277,5.465,5.1738,8.1347,5.5685,-5.1718,5.5014,-2.761,-4.246,5.7339,8.6051,-3.7336,3.5049,-3.9684,-5.0738,1.8168,8.6363,-9.7215,-2.9218,9.8004,-4.3484,-1.0327,1.8366,-2.7057,6.1149,5.4318,8.4585,5.8548,1.7278,-3.7457,-7.6301,-0.9807,-3.1458,-7.2373,-8.526,0.3752,6.0172,2.5878,4.4644,-3.445,9.0241,-9.0924,-7.8516,7.7127,-0.4719,-7.0426,4.7956,6.9969,4.5873,-0.9664,-6.2551,-9.3124,2.8082,3.1263,-9.955,-7.118,3.1901,3.5603,-6.3747,4.8134,8.3907,-9.0669,5.6429,5.5276,-0.9518,-3.8083,-5.6545,8.8795,-3.1815,-2.3307,8.4237,3.9748,8.7772,-2.4545,-4.6238,6.8137,-1.307,-0.0957,9.5605,0.0719,-2.8988,2.9923,-7.0929,6.8631,9.5406,-1.4184,-1.7064,7.3643,-3.0685,-7.3807,-4.0306,8.8289,1.0735,9.7639,-3.1442,-6.3089,1.761,7.4549,-7.5393,7.8898,-6.4179,2.6471,6.0444,-2.3414,1.596,8.4344,-3.4564,-0.6402,-6.9846,9.546,-7.1053,0.7613,8.534,-1.0054,-2.6509,-9.363,6.6791,-6.4897,5.7077,4.2635,6.9362,6.4943,-8.8943,-0.4919,1.6339,-8.8581,8.5294,0.3992,-3.7304,8.5568,1.4737,7.6815,6.5921,0.1176,6.6452,8.2928,-7.769,9.0089,9.3041,-4.6868,0.2465,9.0016,9.9344,7.6242,7.0188,0.4002,-4.4494,1.4564,-6.2422,-2.6456,-8.5025,-5.4085,-0.2621,1.1168,1.3085,-3.9386,4.8225,-3.8273,-1.9911,-1.4545,1.4561,-2.3881,-2.9976,-1.989,0.594,8.2843,7.1468,0.4209,-7.2542,-4.0834,0.5362,-0.7108,1.313,3.6146,-7.6401,-9.3606,-7.002,4.6425,-1.455,-7.3178,1.5141,0.0707,-3.156,-5.8218,3.0953,-7.2591,-7.3596,7.251,-7.0834,7.1994,2.0621
-4.2998,-3.5971,-5.2849,-1.7779,3.7312,-9.9197,5.6079,4.0747,-7.0848,8.9702,9.2622,9.6934,8.8871,-6.4324,-4.6544,5.1077,9.8779,6.2326,-1.397,-0.1416,-4.9943,8.7677,-5.8335,1.5952,9.7789,-7.4887,9.4066,-4.7224,-0.366,-4.1162,-6.0313,-4.6552,3.6037,4.4749,5.917,-1.3773,0.8352,-8.0926,0.4218,3.5067,6.3063,2.5318,6.5653,2.3636,6.1624,-3.7593,-0.0324,-9.8973,9.3191,5.7784,2.5843,-9.7975,5.0694,6.9428,8.344,-1.2896,6.2322,4.4489,-1.4594,3.4711,3.1598,7.6235,-1.5264,5.9792,5.5123,1.1869,7.259,0.9385,0.4892,4.0614,2.7172,-8.3497,9.5065,0.9813,-7.9574,-0.393,-7.3026,6.2408,2.0262,7.5466,-1.7651,3.3677,-5.7599,6.2412,-0.3444,-9.0443,6.805,4.8597,8.0673,-4.9795,-1.4512,-3.2783,-2.8121,0.6619,-5.8115,-7.6047,7.2249,5.0242,9.6443,-9.6547,-3.0927,8.3468,-1.2186,-6.299,9.5393,5.4415,-8.3097,-8.8791,-2.675,3.1092,-4.1934,-8.2554,5.9032,-1.1829,5.1795,2.6505,-9.8948,-0.6032,-0.8633,4.2558,9.1154,5.8462,-7.4134,5.0936,9.5466,8.0046,-9.5934,-2.3609,-3.5121,0.6496,-5.6943,-8.5927,-5.9278,-3.8917,7.4356,0.9747,-9.6083,-6.6275,3.194,-1.065,-3.9183,-9.5891,0.0203,0.6316,-0.31,-2.5464,-8.7051,-0.6864,4.5115,-9.6895,-5.4669,9.3385,3.738,-8.039,7.5056,0.7631,-3.6016,-0.3775,3.5551,5.0891,1.9534,-1.6634,5.7953,-2.5233,-7.3856,6.0888,6.5669,-7.3073,6.8759,-7.2827,0.5861,-4.9472,-0.9212,-8.9773,-8.4504,7.5871,9.7871,-7.6226,-5.8051,-0.829,-2.9254,5.1823,9.2591,4.3195,-3.3907,4.7604,-9.0423,1.2782,-2.9934,9.7002,-9.0259,4.0606,-6.0008,-6.3461,3.4035,-7.6172,-5.0288,0.7883,1.8767,1.835
6.9269,3.1515,-5.847,7.6916,3.4768,-3.8302,3.5305,-2.301,-9.8191,-7.8416,-0.1328,-4.505,0.7734,-2.7783,7.0461,8.0447,0.8826,-6.1503,-8.1521,-6.975,-1.8907,-8.4508,4.9969,1.1725,-0.6682,-1.8207,-7.3732,-9.1544,1.0078,-6.7143,0.0147,-1.751,6.4527,-1.4239,3.7224,5.01,3.5555,5.4308,5.7823,7.8365,0.6702,8.4967,-4.8809,0.1956,-3.3917,0.332,-6.4532,8.7982,-0.7883,7.5885,-2.6419,-9.0154,-9.4726,-5.1828,3.4324,-6.9124,-2.2597,-0.6741,-9.2778,9.3096,1.127,-7.3523,2.4296,7.6555,9.0755,-2.8198,-1.1884,8.4698,9.5025,-3.2567,-1.1706,-8.7849,-5.5799,-4.4138,5.0474,-9.4236,8.5828,-8.0506,-5.211,8.7067,-1.1943,-4.8008,2.7037,-7.7259,-8.1237,-7.3845,-3.1014,8.7165,4.7628,-5.5027,8.9307,-9.0097,1.6421,-1.6102,-9.3212,4.2371,7.2355,1.15,6.4226,2.3748,0.0962,-6.4077,7.9449,2.2826,-7.0989,8.3923,-4.264,4.6862,-7.1647,-6.3638,4.2969,5.058,6.594,5.3315,-1.7438,9.2147,4.647,-9.2263,2.3841,8.391,4.6445,-6.5064,7.0396,-0.5686,4.2129,-2.1461,5.1502,5.3638,-4.9622,1.1659,9.3615,4.813,-3.4334,6.9484,9.8912,6.7771,1.459,7.5002,8.468,-8.4494,7.5799,-1.3889,-4.1379,-6.5084,4.4094,4.3523,1.5106,-5.0099,-8.155,-6.6896,-4.7786,-7.6818,-4.9935,7.8834,-0.8434,6.5404,-4.4903,-3.2684,6.5724,-2.6984,-7.9298,7.4745,3.4966,-1.1963,-8.1433,0.8651,-5.5913,0.7176,-4.4589,3.1509,0.9879,-7.0281,-9.629,3.9596,2.464,-2.8718,-2.9398,-4.8234,5.9919,-2.7955,-2.5259,-5.8232,5.2864,2.8438,-8.0515,1.0117,1.1294,6.0383,-7.4476,-2.8979,7.0246,-0.2718,-5.1895,6.3787,6.099,-2.7849,3.4054,3.6698,7.851,-8.4832
-0.2034,3.0869,-0.0512,-2.6738,-7.6565,3.8581,3.0492,0.6604,3.6461,7.8228,6.6915,0.3883,9.0906,0.331,-6.9697,-1.32,4.931,-2.9438,-2.3997,6.5938,-1.5582,-1.9737,3.7314,3.8556,-3.9715,-1.3379,4.555,6.4423,8.1032,8.6889,8.6895,3.9423,-9.0016,8.8582,-2.956,2.5621,4.3635,-6.8162,-0.3889,-7.8812,-6.1978,-7.0371,2.5668,-0.8007,-6.2245,8.1294,-7.6388,-5.382,-0.9023,4.5905,1.0305,-7.4551,5.1224,-2.7654,-8.1617,-6.2755,2.9267,-0.0097,-8.1764,0.6993,-3.3317,-6.8568,3.9117,1.774,-7.1196,5.1121,-1.289,-1.5721,-0.5727,-2.3136,9.4439,-0.9167,-3.0285,5.9484,8.0007,2.9007,2.6343,-5.5092,0.6115,4.2767,-0.7211,0.2563,-4.7334,-9.3209,-3.0946,-6.2842,-8.6917,9.575,-7.6951,1.7645,2.8662,-6.2341,-4.4276,-8.3268,-2.093,-8.0113,-8.5039,-0.5767,-5.0421,1.2746,9.3985,-8.5279,-9.1563,-1.9065,5.3245,4.827,-9.7728,-4.5974,1.9565,1.7965,5.5075,-6.4662,5.5433,0.0344,-6.3213,-5.4073,-7.6255,-8.3439,6.6073,4.2492,-7.9895,-9.1597,6.2506,0.199,9.7828,0.3488,6.5954,-2.9051,-4.4195,-0.9902,0.696,-2.4306,-1.5831,8.485,-3.8362,-8.1637,-7.6595,6.7256,-2.6766,5.8332,6.0493,-3.964,6.947,-0.8676,-6.8906,1.3632,9.9195,5.5398,0.5185,-7.8564,-8.4174,-7.1641,7.0846,-5.4715,9.4245,-0.9067,5.4144,-8.7198,-9.4161,-4.7819,-3.3839,6.7228,-0.3095,-9.5785,-7.3965,0.3377,-5.7073,6.9375,5.1026,6.0101,5.5439,8.1793,3.1592,-7.7846,3.5409,6.8731,7.395,-6.2593,-6.841,-6.0575,-6.0111,-9.7575,3.8249,3.5971,7.7945,7.7152,-3.7272,-2.3016,1.269,1.0235,-5.4221,1.7131,9.9809,-8.0094,-0.6255,5.4447,9.5975,-8.3932,-4.7745,7.6366
-5.5092,1.6233,-7.5027,9.5081,-0.0608,1.9434,1.5846,3.0463,-8.7879,5.1784,-4.2955,-6.7625,9.5266,-7.1403,3.7435,9.2146,-9.741,-1.9654,-7.9979,4.0543,-3.1445,8.4911,6.1557,2.9356,-6.1006,-8.5922,-7.141,3.9907,-9.64,-6.5627,2.2275,-7.3601,-3.4224,-8.1647,5.2195,-1.686,7.0805,3.9442,-5.8324,-5.876,6.2739,9.409,-2.4064,9.7568,-1.5702,4.7445,4.3895,0.3816,5.7941,7.5743,1.8433,-8.689,-6.1596,4.003,3.5787,-9.7427,2.668,9.9049,-3.0496,8.9748,-4.5358,-2.5047,-7.2255,4.1573,9.7136,-5.0088,2.1827,-7.8716,3.4776,-7.8323,6.8953,-8.7344,-5.5514,6.8082,-1.4418,0.4192,0.8594,-3.3852,-9.1942,-2.7993,-9.4162,-5.5309,-6.4059,7.6598,7.9785,9.5588,-5.0378,-3.8939,-5.3215,8.2995,-1.4496,6.8769,1.5515,-4.8451,4.8541,7.2367,-3.8773,-4.7741,6.0215,-1.3809,-5.1052,-7.9309,0.2569,-7.5082,8.1017,-4.5375,6.2513,-4.2066,2.9901,-1.7983,6.8965,3.6029,-3.9454,2.987,-9.0984,1.6727,9.1278,-8.1109,9.1234,-4.7248,-5.2598,4.4585,-4.0775,2.6766,0.3811,-8.2634,9.1716,-2.1164,6.7503,5.7118,-7.4905,0.236,6.894,7.2012,-1.4608,2.5642,7.6594,5.3697,-2.2408,-1.6231,-5.3235,-5.7475,-7.1204,1.8095,4.6637,9.6931,4.1177,-5.4239,1.462,-2.9229,0.0824,1.7292,-4.7944,1.0553,-8.1263,9.1737,5.8245,-2.1539,8.0037,7.3176,9.4737,3.1703,8.3782,8.434,-0.3488,8.9521,4.67,8.2788,-4.9123,8.7939,-9.8482,-7.8411,9.9321,-0.7798,4.1107,-4.7171,-3.6948,3.4225,6.4237,-4.0481,4.3544,5.3115,-4.5012,-8.07,2.4407,-9.8248,-1.3389,0.8281,-2.2904,6.7479,-6.0145,-1.8637,4.2963,-5.749,-1.271,-8.6825,-3.1317,-9.0748,-0.7677,-2.6152
6.5893,-9.8023,-5.3429,-1.7916,5.8186,-6.5264,3.7799,0.445,3.8678,1.5547,-6.47,8.544,-2.2466,3.1114,-8.2252,2.1336,2.9485,7.0309,4.7914,-0.527,4.0035,-5.8268,5.6444,6.6692,8.4497,-1.9054,5.3727,5.6458,9.4593,-9.3988,3.2744,2.5656,7.8539,8.5448,-2.5599,-1.8126,-8.9509,-6.9949,-5.5211,3.3507,9.0645,9.0914,-0.2201,-4.5661,7.6684,5.0991,-3.4056,0.1882,9.9424,-6.4475,1.0266,0.9559,-9.3671,-9.8582,-5.5061,4.6936,3.0921,8.7952,-2.1231,-5.1638,6.7908,-3.3219,8.201,-2.625,1.2779,7.2154,-3.1018,8.3615,-7.193,-4.0256,8.4925,-2.8966,4.4853,-9.0583,-5.0389,9.87,-3.7408,2.3056,8.5654,2.8666,-4.4239,-9.3618,7.4489,1.0926,-1.2783,2.1225,-6.227,2.5314,-6.1527,-1.5475,-5.3915,5.1625,-3.8771,-6.392,9.5203,6.2474,4.4567,-2.4196,4.2098,4.6746,0.7421,-7.218,-3.8547,-9.469,-8.9179,9.7388,1.106,-7.6255,-8.8008,-0.9596,8.0865,-8.9131,1.3564,7.5386,0.6761,-3.3786,-5.3704,-7.8695,-1.7205,7.7963,6.5617,-6.1412,-7.3089,-8.69,6.5481,1.482,-7.7825,-6.6724,-5.701,-0.9453,-5.4987,-9.3683,3.6252,-1.7236,-7.2493,-0.7225,3.4681,-3.9768,-8.5397,-7.1732,-8.0619,9.4867,-9.3654,-9.6546,-8.053,-5.8077,6.8865,9.8694,-0.3058,-8.4128,9.151,7.5796,-3.7149,1.702,-0.8918,-0.0014,9.0366,9.6998,2.2579,2.787,-1.4228,1.255,3.3127,-9.5572,-6.4922,-9.1203,-8.2348,6.5499,-3.0083,-5.4889,2.1268,4.6681,1.1185,-4.0667,-7.6577,0.7768,7.3319,-8.6258,5.4123,-4.0298,8.1315,5.5156,-5.6707,4.7213,7.7818,-9.9365,8.147,8.8234,9.1713,-4.3118,3.5094,7.6678,8.0644,9.6619,-5.3489,-9.4434,0.9732,6.2461,1.9881,0.3451
6.7494,1.9434,9.5799,-3.9008,3.3105,3.1405,3.2285,2.2006,-2.8854,-8.6346,3.7352,-7.9665,9.1558,-2.2342,7.65,-3.3668,0.9508,7.0174,9.8557,-3.074,9.5043,-6.0368,-7.6872,-0.5124,9.1182,-4.2631,-1.0236,-4.7768,-9.4384,4.7664,-5.6754,-0.3039,-9.1385,1.1845,-1.3704,-2.6509,8.6946,-3.116,-3.1806,-9.6864,-6.7033,-2.5424,0.9222,-5.4409,-4.5786,8.739,-4.931,5.4487,2.3362,-4.3933,-8.3025,4.9699,5.9543,2.5068,-3.9577,0.2721,6.7486,-0.2329,8.2276,3.5764,-6.3408,4.1616,-1.4561,3.6287,0.6256,0.6626,-4.6565,-4.3398,7.507,5.2876,-4.4108,1.5246,-0.6985,-4.9005,9.8429,-2.3186,5.8505,9.9594,-1.2212,-6.2063,-9.592,-4.5281,-3.2532,-3.6318,-4.6038,-1.8495,-0.8813,-4.0925,3.2392,-2.5335,-2.6756,4.6074,-4.2406,1.1228,-5.9821,-9.1426,-3.2758,-2.0585,0.5131,2.582,-5.4087,-5.2093,6.4053,4.2147,-9.8178,-3.1272,0.6151,5.7336,-3.5094,0.4909,-3.2418,-4.9243,4.5128,-5.8604,-3.0183,-9.4983,-5.465,2.2863,8.8206,-2.6025,-4.5952,-8.4688,-1.0599,-0.9756,1.0443,-7.4187,-3.4525,-7.1451,-4.2397,-0.2787,0.6762,-3.8124,-5.0191,-8.4119,9.4204,-2.6057,-2.5997,-8.5026,4.5349,-1.9688,7.7042,-2.5388,-4.7529,4.6142,1.0451,-7.9959,1.5997,-6.9959,6.9468,2.9416,-0.8706,1.2405,1.4923,3.1888,3.0314,-1.3822,1.3458,-8.2552,-2.9304,-5.5059,0.5206,8.2129,3.5687,-4.2489,4.0317,4.6693,-1.9006,3.8245,3.5973,2.0877,8.7815,8.5896,-1.1946,3.6068,-8.4132,7.0465,-8.1091,7.6497,-1.4742,-4.2616,6.2699,9.306,-5.8049,-0.7702,-1.1222,7.9512,-1.7812,6.0007,-8.5739,0.301,-3.1824,5.3575,-3.4753,-8.2495,3.1881,-2.2446,-8.6464,-7.6594,6.4685,6.8685
7.1265,1.0984,-6.8666,-5.6617,2.9814,3.4269,-8.0713,-2.6898,-5.7559,2.4627,9.801,5.0853,3.0702,2.9276,5.9877,3.6353,9.783,5.731,5.1711,-4.9126,-8.2537,-2.3174,3.812,-7.4922,-6.6384,7.1067,7.8467,6.7415,7.024,-5.8391,-4.9448,-9.6251,8.5419,-9.635,3.321,-4.534,4.3533,1.6896,9.324,-1.1511,-3.9387,7.4897,7.5733,5.4148,4.4037,9.0729,-1.4279,-4.3348,-1.5151,-9.0799,9.7695,1.9839,-4.1843,-1.7393,-0.7295,-1.2277,8.0405,-5.8096,1.9542,-8.8751,9.6298,-6.8032,-1.9421,9.8414,3.8506,4.4159,-6.3678,-7.0852,2.8684,1.5632,-3.3677,-7.9054,-1.02,5.2118,6.7276,-6.6659,3.8041,-0.4078,-9.6942,8.745,-5.24,4.9097,4.5464,-5.3262,-8.5051,2.6476,-5.4958,-4.7731,-9.3052,-2.8932,4.9096,-9.3123,1.6281,-1.7486,-0.7026,3.8974,8.3591,-8.8877,-1.9164,-0.3379,0.0245,5.3827,1.7029,1.0189,-3.1886,-5.7909,-0.0346,0.5237,-8.0943,-3.5899,1.4068,1.3865,1.4952,9.9508,7.2803,0.1047,-7.3632,9.7355,-5.3512,7.5215,-5.8529,7.3111,2.8542,3.6172,-0.7181,-0.8204,2.8774,6.1274,-0.8833,-8.9033,-2.1795,1.2892,9.1197,1.3965,-4.3812,-8.0203,-5.7327,6.2778,-0.1108,-2.5989,2.977,0.0082,-4.073,1.5352,-7.5397,-8.9186,-0.1178,-9.9616,9.826,1.0152,-2.7319,-4.5633,-0.7464,-7.4903,7.7019,0.8286,-7.0479,-7.6458,1.7115,1.1541,-3.2603,9.4921,-8.2767,-4.5507,-2.539,5.1088,-2.9625,7.2625,-1.9293,4.918,-4.5683,-5.2474,-7.0691,-7.5545,8.3748,3.4737,-1.2124,-0.4757,3.0148,-2.5353,7.7639,-6.5486,-6.2164,-9.3606,-0.7948,-5.102,6.3137,7.4465,-0.9594,-8.8016,9.1851,7.5257,-4.1441,-6.7748,4.506,-3.4755,-6.5571,3.987,8.5038,-1.4306
9.5845,-5.6445,-1.763,-1.8429,6.6933,8.4109,8.6207,-5.485,9.7569,3.729,9.3918,7.3434,7.1791,3.2644,-4.4088,-2.2375,9.2378,-3.9735,4.7155,-4.9506,9.2696,-4.3978,-7.7848,5.4435,-8.878,8.3695,4.1586,3.6832,-9.2774,-9.5736,2.6288,5.8949,-2.8167,-7.8522,-3.7859,4.8374,5.8002,5.813,5.9872,5.6217,7.0334,3.1361,-0.7072,4.2315,9.6578,-3.1205,0.2142,7.9809,4.8249,0.6566,-7.7335,-7.6537,4.3748,-0.4694,5.4162,-6.6559,0.703,-9.8388,1.4043,6.5995,4.9737,3.4266,5.8515,3.4324,-9.8367,-0.8229,-1.4032,-8.4908,7.0789,-9.0253,3.3218,-7.3637,2.4061,-5.6993,8.5947,5.308,4.0149,8.337,-3.5868,-4.8992,-0.1457,9.9555,4.5401,-9.0263,-3.957,-9.8413,1.964,8.5596,-8.6879,4.736,-8.6306,-4.7355,9.6014,0.455,0.7546,2.8205,-5.1988,-0.6433,0.7434,4.3762,-5.2733,7.1413,2.3111,-0.8155,-9.8823,2.2644,7.3141,-7.4937,-4.1506,-1.8105,6.5238,-9.012,6.5501,5.3524,6.2964,5.8673,-5.2708,2.9224,-1.8244,8.3506,-4.9409,-7.914,-9.5802,-4.1875,3.2872,-9.3968,5.786,-5.2228,8.7699,-6.6881,9.6699,5.7581,-9.6484,6.0803,3.4524,7.964,-3.8915,3.7583,4.6279,2.6009,-8.0488,9.2952,-6.2799,-7.4029,6.9298,2.8723,-7.7008,4.6808,2.2787,-1.0064,-0.3102,-8.0653,6.5016,0.0287,1.2639,0.3933,-3.7093,2.1077,-6.5351,-2.0952,-1.6531,-0.7254,-9.5697,-3.7538,3.1322,2.8007,8.7412,9.9843,2.3917,-4.2361,7.8246,-0.5044,-4.8459,-6.4413,-6.7548,6.4885,2.67,4.5072,-2.4765,-5.099,8.0943,-2.2883,6.8075,-7.8885,6.9522,-6.6447,-6.9176,1.756,7.304,1.2409,-8.5216,-6.9778,-3.1406,-6.4354,0.5852,6.5013,9.003,-1.6399,7.9713,7.9688
-1.2425,-9.0247,-4.3703,7.2257,0.3634,-0.8007,5.7911,-5.1129,2.2082,-5.0821,-1.6869,-7.6074,8.3567,6.9686,-7.2363,-0.4078,7.9294,-6.0408,-3.6867,0.5378,7.767,-0.4743,-8.8543,-7.1412,-5.8062,6.685,-1.902,-3.7195,9.8325,-1.7429,-1.1784,-8.175,-8.8483,-7.0049,-5.6906,2.3298,-2.8625,9.9412,-8.7186,3.2972,2.6099,9.6763,-3.6067,-1.5911,6.7453,-2.6064,-0.8177,-4.7427,-3.1431,6.8351,-9.4005,-8.4433,-2.0796,-0.2625,5.5472,-8.0572,-4.7234,5.2933,-1.8725,-8.5031,-5.6508,-1.3413,6.9058,9.7916,-5.6899,-4.8828,-2.7568,-3.3325,7.7439,-4.0868,2.3639,-7.006,2.2493,-0.7991,1.0257,-9.9842,-8.9013,7.0743,3.4941,9.0342,7.3096,-4.4896,-5.5715,4.977,-5.9798,5.8857,4.2782,-2.7432,2.5698,4.4037,-6.8134,-8.4376,9.7958,9.1548,8.4037,-7.887,7.2357,-0.4285,6.8709,6.702,3.0178,-6.4007,-2.7359,-0.5482,-9.4709,-1.4599,7.5428,7.9036,-6.4877,3.3327,-0.8011,-7.6193,-3.9605,-2.9624,0.6053,0.6801,0.85,2.6731,8.4212,-4.1709,-1.9815,5.2704,0.8937,-2.5005,8.9182,-7.2481,-3.9806,-9.2255,6.5625,2.8776,0.4576,0.8002,-1.3514,-3.4189,9.9333,1.6484,6.4902,-0.9878,-5.3732,2.0858,5.8228,7.9159,0.7141,9.8737,-1.1329,-1.5557,-0.1069,-7.7697,-0.6337,-4.0055,8.3046,-5.7285,7.0657,9.8075,-6.1024,2.1509,-1.6353,-5.6758,0.0441,-7.9062,3.0869,-4.3957,7.3993,7.9741,-6.187,2.7442,-0.4568,-8.8017,-3.8918,-0.3364,-1.4769,7.1489,-3.7504,6.6258,-6.71,5.3351,2.0901,2.8873,-4.1886,-0.4623,-6.6259,2.0397,-9.4971,8.0824,3.1687,-1.3322,1.5178,-4.9967,-2.5113,-4.1091,-6.0785,-7.2987,2.8433,-5.2262,-8.9886,7.9562,-8.3221,-4.1723,-5.7532,0.9428
5.5243,-6.7469,-9.7167,3.9874,-7.2128,4.79,6.6889,-7.1535,9.645,8.001,-1.3654,7.3624,8.814,2.1867,6.3249,-0.4593,7.1574,-6.0366,4.5929,4.0186,-2.2901,4.7331,-2.8803,-1.5875,-3.4096,-7.3003,-8.1817,5.7547,7.1876,6.4963,2.6875,1.632,2.632,0.4285,3.2342,7.0658,4.1632,-3.7132,-3.2289,-0.0469,5.7221,-5.8798,6.7496,-7.1067,9.5339,-2.1363,-9.8826,-1.7111,-9.6435,-6.6356,6.9303,-7.6639,1.1359,-3.9773,-9.6492,7.9066,-3.4266,7.4667,4.5687,-9.9228,-7.2708,2.3915,-6.3971,-0.0225,-9.2969,-5.3604,-4.2773,-9.8371,6.6567,3.4175,8.7855,-8.6297,-2.4519,-6.0984,-4.7376,-2.2705,-8.6282,-7.5603,-1.2434,4.1633,0.5904,-8.4012,5.9449,-7.2796,-9.14,-8.2212,3.3382,0.2079,7.5936,5.8231,-5.6319,-6.199,8.5538,1.4345,2.2865,4.6923,-8.1685,-8.021,5.9292,0.8634,4.279,-9.7181,-7.757,-5.0078,-1.0938,9.6939,-7.3335,7.8712,0.426,5.0233,-0.0036,-7.0852,0.5088,2.7639,3.8922,-6.01,-2.1068,8.58,2.0651,5.5679,-2.5213,4.2635,-9.5895,-2.2175,-9.9837,-4.213,-1.327,-1.7935,2.9782,-2.1636,-5.2221,0.096,0.1298,7.1646,-0.2606,5.1994,1.1045,-0.7989,1.3356,6.7752,1.7222,-6.2459,4.3818,3.8537,-7.4229,0.355,-4.643,-2.0609,6.9684,4.0214,9.6728,-5.4692,-6.5774,2.9387,7.5049,0.145,2.3087,-0.6896,-8.6751,6.8392,-3.1065,-2.9033,-4.3642,0.118,0.5921,0.5933,-4.3929,-9.0525,6.4149,9.4003,1.8558,5.6057,-0.262,5.7861,8.0651,4.0008,9.2234,-9.849,-0.9983,6.056,-3.4035,1.4786,-3.6283,7.618,8.5968,-3.6702,5.363,-3.0671,-1.1133,9.8318,-9.7975,-4.1883,-6.6201,2.3071,2.0629,-9.7325,-1.4794,6.8263,-9.7837,9.6774
1.0525,-9.5063,2.522,2.5497,4.5905,0.061,-3.2073,9.7185,-7.763,6.2398,-8.0494,9.5468,-0.0086,-9.8875,9.3303,0.0942,-0.0013,9.714,5.8048,2.7439,8.2869,0.4884,2.5812,6.9371,-1.1952,8.5633,7.5759,-4.768,-1.5235,5.4748,-9.9154,-2.8833,3.7266,-2.5348,-9.5617,-9.349,2.4903,-6.7084,5.4082,-7.8382,2.3906,4.3265,4.219,9.4173,-6.9212,4.8634,2.0901,-7.07,3.3564,-9.4841,8.8157,0.6771,-5.1041,-3.7067,1.1041,0.7082,1.8204,-2.1714,1.9406,0.2408,-0.0243,4.8237,-7.0718,2.2219,-4.5333,-7.642,-9.4083,-8.3002,-6.3159,2.9221,2.0303,2.4747,5.956,-9.0052,9.8719,-8.1592,-2.9051,9.5886,-9.8944,7.0142,-8.0848,2.9996,5.4174,-7.2013,5.4701,8.2548,-9.3102,6.8538,0.5307,0.9309,-4.2216,-8.5271,-4.3444,1.9933,3.127,5.4371,-0.6072,6.7769,9.0506,6.4446,-5.2448,-0.4815,-6.71,-2.999,3.2223,-2.9007,-4.1164,6.416,-9.7886,-1.7491,7.0494,5.3784,6.1371,1.9809,-0.5428,8.9663,0.8853,8.3195,1.9018,4.6905,-0.9424,-1.5522,-2.9222,2.5495,-1.9057,3.1876,-6.3466,-2.0596,-1.4495,9.3172,-5.7569,-1.5668,6.058,-4.378,6.9996,-4.439,-3.9494,-8.7812,-9.168,6.9413,4.4544,3.5975,3.0557,2.0447,1.9239,-8.0681,-3.8621,-0.5309,-7.8656,3.2205,7.1184,0.5845,-1.6065,7.2418,-2.2706,-4.2854,1.5637,-3.5797,-6.8324,2.6255,-0.4554,4.2498,-7.5325,-0.156,-5.6628,0.7072,-7.094,-1.8947,8.5661,-5.7324,7.4163,-4.1564,6.578,7.7237,1.0481,-0.0426,0.9889,2.7898,-9.2329,-3.3538,-7.1075,-7.7758,-4.6072,-6.7785,5.951,6.213,-0.821,9.2584,3.6722,-2.0139,-3.5774,-5.0386,-5.3297,-0.2793,-4.7396,9.7081,8.9243,5.2533,-3.6796,-0.9481
-0.5569,8.5136,-1.1887,-7.4504,4.2933,-5.9971,9.4893,8.5546,0.877,-4.1584,6.456,8.2743,7.7164,-2.5077,4.3425,0.3817,4.9502,6.0408,-7.1364,8.3815,-0.3998,-7.9339,-0.1927,3.0649,-9.8811,5.9391,-7.3804,0.6497,-8.3816,4.9506,1.4032,-5.1751,1.9889,9.7895,-3.6006,7.2644,6.2354,-1.3923,7.6785,-9.7782,-6.2216,-3.3471,8.2947,-6.9074,2.7769,-9.6311,-1.5945,-5.9276,-9.556,-4.2371,-5.0286,7.158,-3.4127,6.6879,-2.2956,-9.3232,4.5293,3.5001,5.3423,7.1639,0.5551,-4.2478,2.0312,-1.7333,-9.2973,1.5216,4.7355,3.5931,5.3708,0.6029,-2.7157,4.131,3.9731,1.8236,-1.3034,0.8084,-4.6671,5.0316,4.0795,5.8472,-3.8336,-3.8219,-5.1856,-8.7703,5.6144,0.5438,1.2052,-6.3399,2.6914,-1.0981,6.29,7.3097,-9.2049,8.7821,8.2402,-7.3,-0.077,-8.5922,0.3644,3.1678,1.1684,3.4021,-1.2106,-3.866,-3.4959,-0.1323,0.316,-8.3321,7.7952,0.9659,4.0356,9.8496,-5.8036,2.7498,-2.1693,-3.5427,7.74,-7.2208,-4.4093,-7.47,-5.6294,2.5203,-9.0553,0.7259,5.7839,-4.4121,5.7907,6.3104,-4.595,5.7642,9.9552,4.2338,-1.3441,-7.6884,-7.3263,8.2486,8.0472,8.0273,-8.8358,1.1563,2.8689,7.0553,-0.1479,-3.1181,-0.699,5.6365,7.5808,-2.3503,3.003,-7.0068,2.9537,-6.4813,-4.4797,-6.4465,-0.0723,9.9984,-5.1438,1.6288,-8.0329,1.0028,-1.8422,8.6547,-9.1945,-8.0207,4.7251,-3.4642,1.8831,-1.3263,-8.183,-5.9619,-4.3598,8.6363,4.5199,3.4374,5.1667,-4.7749,-9.5856,-3.1057,-2.5288,2.3958,-9.8156,3.8052,-5.7248,0.3008,0.3422,8.5842,-2.8137,-5.3735,-0.8531,-1.652,-6.6839,0.4378,1.6969,-9.1391,7.3395,-0.2349,5.6364,-2.7504,-8.7444,1.7699
9.3928,6.8219,-4.5646,-3.4677,-7.7834,0.1208,8.5488,7.5774,-3.1958,2.4425,4.2162,8.4811,-0.7185,6.6484,3.5023,6.6605,5.4796,9.6757,1.7556,5.5309,8.1591,6.8062,8.7139,-6.6408,-0.0987,5.402,-3.9795,-1.4531,-6.7713,5.0857,-4.3123,7.5771,-2.4094,0.7462,5.3321,8.9472,3.3552,6.246,-3.4399,-6.0101,8.4916,1.8716,1.6574,-1.4478,8.6432,-9.4598,-6.6748,-0.254,5.2045,-3.5224,-8.9017,6.991,-3.4437,-4.7556,0.8271,6.6076,8.3781,7.671,-7.4737,5.0714,8.4451,5.7568,8.1842,-1.2674,-0.8988,-3.2139,-1.473,-2.6849,-4.2673,-4.8527,-2.6338,3.7075,6.5946,-1.2244,3.4096,2.1431,6.2688,-5.7843,7.0388,-9.4798,-7.3241,4.4305,-0.6991,-5.1011,-2.5862,-8.4904,-1.2253,-0.5,4.2668,-5.7948,5.3398,6.5384,-7.8189,-5.6872,-1.7518,3.1365,9.0068,9.1508,-0.2589,8.0944,-5.8053,2.7806,-3.7354,-3.5222,-5.414,4.8095,-6.1401,-4.7466,-4.8958,-2.8342,-8.7803,1.0801,1.4894,9.6431,-5.3536,-1.161,0.0582,9.2042,-8.5358,5.0871,6.1064,9.2706,-4.422,5.4068,-9.6805,8.3916,6.7432,4.6398,-9.6295,2.6899,-4.8736,4.6714,1.7852,-6.3701,9.3395,6.0127,-2.5631,0.7931,-6.0308,8.1443,-0.3007,4.7256,-3.4669,4.6094,7.596,-8.2272,-5.9282,0.2608,1.7706,-7.7056,-6.7905,5.29,2.347,-5.5088,4.7327,6.4638,-2.2224,0.7915,-5.0634,1.4625,3.0496,-6.8519,5.0122,0.2856,7.0803,-9.0683,-5.7901,-5.7154,-2.5745,7.5113,0.3185,5.9632,-1.243,-7.6491,1.4507,7.4661,-0.2569,7.5907,-9.4869,-0.7683,0.2211,-2.0202,3.1575,2.7985,2.9626,1.2815,0.6848,-0.3867,-9.3855,9.8011,-2.9763,-1.7804,-4.308,7.0804,-1.7277,7.6433,0.9014,-1.103,-4.4173,-1.3284
-1.378,9.0792,-7.6356,5.2983,-4.7288,-0.8319,-3.5745,6.4857,8.0476,3.3703,8.9203,4.4115,1.371,9.5168,-0.6689,1.7906,-2.1598,5.111,7.5651,-0.5892,2.7516,-0.9549,-8.0071,-2.9179,3.514,1.8201,3.7112,5.8,-8.3314,-4.4331,8.1443,9.8715,-5.6376,7.8486,-8.012,6.1828,-1.8538,-6.0824,2.3932,6.1001,6.4417,-0.8806,6.8545,-7.4847,6.0961,-4.3477,-8.5029,-4.9483,-6.0078,3.7076,-1.429,-6.4685,-9.1179,-5.9473,0.4123,7.2198,0.5478,-0.952,3.3681,-8.2851,-9.0432,-2.1096,-6.9757,1.2999,7.6951,1.9199,-9.4641,-1.9512,5.0833,2.9425,3.0911,4.5352,-5.6209,6.6053,6.1511,-6.3058,7.7333,-3.1475,9.2983,-3.1126,3.4495,-8.079,9.446,-8.0044,-2.8676,6.7312,5.7037,7.2363,-4.009,-8.7772,2.0642,-6.1336,-6.1582,1.8842,-9.3695,-9.2769,5.5588,3.0303,-0.1087,3.6298,8.2999,-9.494,-1.4339,-3.2142,1.0681,-2.7121,6.4651,-4.1904,-7.2305,-0.6858,1.3105,1.4859,-2.0426,2.735,-6.0069,-3.8574,8.3222,-7.508,-4.4422,0.9786,8.2874,6.4514,-3.8835,-1.7086,3.5077,5.0424,5.4878,2.6386,-8.8488,6.1009,-1.1235,-9.9263,4.4568,2.4284,0.1155,2.9272,1.5429,2.0982,-9.7733,3.6647,-0.7329,8.4972,5.4859,-5.9391,7.4511,-2.0933,-6.6343,-5.9816,6.7908,-0.5736,-9.2121,7.1533,9.5833,6.5909,3.7311,-7.4166,8.3345,8.7624,-0.7277,4.8064,1.9377,2.2999,1.7058,0.3073,1.3908,-0.6653,4.6815,-9.3345,-9.7014,-6.3661,6.8946,-0.5277,7.4893,7.7598,1.4321,3.562,-0.1744,-2.9742,6.2692,5.9801,5.5199,-6.0134,3.9194,9.9762,-7.0254,-5.0943,-0.0947,-7.649,3.8641,9.1097,3.4561,5.3803,9.1483,-7.7514,1.3288,3.2531,4.3301,-3.9635,8.6546,7.0993
6.29,3.8653,-3.828,-9.2678,-9.593,0.8754,1.2676,5.7986,1.6868,0.3353,7.4183,-7.8429,-6.1001,1.9917,9.5657,-7.3758,-3.0384,3.9359,-1.653,-5.0687,-8.5596,-8.8297,9.178,5.1091,6.7833,0.6581,2.8977,1.8037,-4.2761,2.1289,5.4372,4.2928,-2.7136,9.3137,-6.9522,-9.8573,8.7269,9.3203,-9.6404,-3.6295,2.9281,5.4535,6.9405,-8.226,5.8032,-4.9808,-9.7198,1.4803,0.7044,-7.8854,7.6361,9.7529,-3.6771,7.7255,6.7823,-6.0487,-3.5538,-6.4592,9.644,-1.4498,-4.464,-8.8109,9.268,-8.1119,0.4562,9.0764,6.6375,-5.2199,0.1112,-0.6629,-7.8116,5.5504,-1.3881,7.0986,-3.4236,-1.9645,-2.3501,9.6353,-7.3058,-6.1549,-5.1876,-7.4681,5.8917,-6.7351,5.3323,-5.9136,-9.3059,2.7615,9.7608,0.8945,-2.1172,2.2296,1.8612,-3.9078,2.6915,2.3507,-4.401,4.3404,2.7761,-8.8238,3.2394,-9.5727,5.2189,5.0258,6.3145,-4.1126,7.8116,-4.1232,-2.9462,-5.5522,-5.489,1.7214,2.9452,0.0686,7.2015,4.1905,-3.1633,8.2201,3.2902,-4.2458,-9.6324,-0.5768,8.726,-3.0381,4.0802,-0.2732,0.6319,6.6201,3.8252,-5.5997,8.9544,-0.6637,4.7385,3.7481,4.0378,5.4384,2.1582,-9.7522,-6.9737,9.4495,5.8744,1.0013,9.4926,-8.5153,-0.6549,9.6225,0.1387,-3.0749,6.2662,7.8439,-6.2784,-9.3077,2.941,6.0311,4.5588,4.141,-1.4567,2.6499,5.9389,-9.8322,-4.1126,-3.8121,0.3266,2.2526,2.923,4.235,1.733,2.0825,3.3642,-7.2285,6.8841,-4.3923,-4.1927,-4.8185,-6.8447,-4.8218,-0.2482,-7.054,4.1292,-1.5607,0.4364,6.856,-4.6027,7.2221,-6.5571,1.139,-5.5218,9.0742,8.6824,6.1758,1.2676,1.1756,3.745,1.8525,1.5856,8.561,-5.4433,7.6732,-8.3259,-5.4622
-7.6306,-5.9195,3.7595,-8.1234,7.6787,-8.079,7.9232,-9.1896,3.7783,-1.6649,8.8973,9.4915,2.7327,4.5268,0.1902,1.2108,-9.771,-5.5186,-6.0399,1.536,-2.439,5.7674,-5.0103,0.7829,-5.961,-4.2238,4.8162,-6.536,-5.4986,-8.8753,-3.2896,-4.7075,7.5581,-9.0932,-9.4688,-4.1912,9.1914,1.4584,-0.357,-3.1645,8.1291,1.5416,8.6719,5.683,-3.3052,5.936,2.9642,2.9351,-8.2334,0.0413,-6.5332,-5.3245,4.1405,-5.1679,-0.2871,0.839,-2.0631,9.5603,8.5163,-4.9867,-5.9207,2.2097,8.0276,-8.2116,-1.8027,6.7275,7.0868,-5.6729,5.1112,-2.631,0.0777,7.8658,9.4961,-5.6981,-9.3253,-7.6678,-5.8214,2.0142,6.9438,3.356,7.081,-5.7143,9.8239,9.0371,7.2392,0.4417,0.122,-5.288,-3.9105,-0.8313,-0.704,-3.1157,6.4234,2.9565,6.4343,5.2802,6.3567,-6.6576,-3.0243,4.9315,-7.1714,8.4044,9.2944,-9.9451,7.1795,-2.2082,3.2005,9.0414,9.3593,5.9336,1.6874,-5.9937,7.8717,-4.2685,-1.1677,8.3129,3.2771,3.3028,3.1432,4.2918,-1.7259,-5.0722,5.3255,-7.2261,-3.1696,8.7205,5.4143,-8.6106,-1.5082,5.2203,5.9999,-3.1993,9.1527,6.4902,-1.1569,-4.7792,-7.6784,-9.9278,-5.0125,9.6512,3.2731,3.7496,6.6289,-2.8806,-4.9113,3.6865,-3.3653,-1.5252,4.6218,-0.2136,-8.2895,-2.4491,3.6721,-7.9743,2.99,-0.5973,-6.685,-7.1501,1.224,5.0221,-2.7294,5.5311,-5.5763,-9.6876,4.952,0.8267,-4.1589,-7.3291,1.363,-3.1674,-4.3737,6.4698,-8.6648,9.6978,8.766,4.6626,-9.3236,-6.5183,0.4642,-6.911,-3.0726,4.6221,5.7132,-0.8097,-1.8068,-6.9731,-5.7397,1.0375,3.0814,-1.5685,-9.8756,-9.6452,2.7029,2.7259,-3.3923,-4.5145,1.0366,-4.3004,0.1039,-9.4329
-8.4256,2.1504,-4.9146,-9.5153,2.0821,5.2674,-5.9397,-7.354,-4.8633,9.6556,-0.256,7.7294,-4.3769,-3.1698,4.491,-1.5009,7.6015,-5.2522,-7.6809,7.3591,1.3651,1.9878,0.4248,3.0653,-5.9872,2.3279,-5.2785,-4.1188,2.0127,-1.3729,-1.5427,-8.1324,5.6987,-7.3194,-7.5339,-1.1606,7.0119,8.2366,0.9095,3.0206,1.9036,-3.4716,9.088,7.7417,5.6179,6.6937,-5.8729,-9.3087,-4.3358,1.9939,-9.8383,2.9043,9.8045,-4.437,7.7597,-3.2984,-6.5959,-2.4613,-5.5622,2.6654,7.2106,6.1469,1.2894,-0.6707,4.9206,6.3778,-2.5078,-5.8941,3.0426,-0.4832,4.1256,8.9484,1.3985,-9.9991,0.033,7.8273,5.0043,-7.289,3.1774,5.2341,9.2676,-5.6929,0.4521,2.4,-1.691,3.8553,-9.2223,4.0397,-3.0332,-0.7085,-2.4679,3.4011,5.3917,-2.6822,-8.8888,-8.1104,-6.1975,4.2494,-1.0804,3.3182,-1.1425,-8.1113,-2.5515,3.0523,-6.7258,7.5247,5.4258,5.3885,-7.0087,-1.0646,-7.6767,4.3232,5.4161,-6.6312,-9.9725,-7.8703,0.3264,-0.2413,4.1241,3.8881,-7.1408,9.3154,1.3828,2.7158,-7.2756,5.7392,-6.5637,4.5341,-7.6242,-6.2842,-3.6579,-3.6724,2.191,-8.5072,-3.4122,-5.5815,-4.6213,4.2497,2.7594,-4.4129,6.7537,-5.6244,2.9389,-4.2881,-1.952,0.953,-5.6123,5.7494,-6.603,-5.1848,-6.0218,-6.7059,3.0345,-8.9354,2.1325,-1.4581,-5.2348,4.4585,-1.2407,-4.4314,0.5726,6.6689,-1.8368,-4.9202,3.5952,2.3961,-8.6713,-5.7536,9.2061,0.4521,1.8196,-8.0811,-7.9266,-6.7062,8.6548,-3.8407,-1.4851,-3.6578,-7.063,-8.4852,4.9925,1.5601,7.6085,-5.8185,-5.6386,-7.73,-8.4256,-5.304,1.6513,-2.9434,-9.9596,1.1367,-1.923,7.4603,7.0466,7.2121,-2.1201,0.3734,6.5335,-3.2914
-3.0072,1.4064,0.9659,-9.5052,7.1337,5.4457,8.4511,-3.9829,8.1108,-8.5911,7.4481,-3.7119,-8.0175,6.9392,-4.1761,6.5028,-3.2644,-8.9316,-0.7166,8.2999,4.0807,-7.2801,1.8639,-6.1849,2.5213,7.8882,-2.8487,0.275,-7.9277,4.821,-0.7409,9.5148,8.6722,8.2542,5.1582,-0.7331,-3.3807,6.5077,2.2483,6.5009,-1.8789,9.2442,-9.6794,3.1629,9.7759,3.7451,9.5595,-7.8278,-8.2323,-3.7047,-7.5105,5.0496,-4.8843,9.7873,-2.0269,3.8298,-4.9926,8.5406,5.8975,6.639,7.7356,3.3248,-6.5028,-7.6618,3.3987,-4.7411,4.8656,2.9094,-8.166,-5.6035,6.7577,0.0438,8.8798,-1.8626,-0.0354,-1.4456,7.4432,-6.8104,-0.2315,2.3646,5.8012,-7.8743,4.8149,1.5798,-4.2866,3.9977,8.6666,2.9877,-7.2665,-5.1227,9.0936,1.8405,1.0772,-2.832,-5.8416,-1.208,-9.7618,-2.3068,-8.8345,-6.9398,9.0132,-2.9874,4.971,0.7546,2.8919,-4.0631,-9.5515,9.3211,7.8983,-2.7391,-9.9358,-4.1054,-6.9911,-6.3146,-2.0008,-7.5553,-8.8198,4.5165,-1.9989,-5.9862,-7.7446,6.6362,-9.2417,-6.5532,5.4374,-0.6588,6.3572,-1.4912,-8.1003,0.2057,-8.9741,0.3608,6.8057,2.2704,9.6975,-6.1674,-9.0179,-3.2234,7.5732,2.6148,0.1066,-1.2501,9.129,4.3412,-2.7298,2.0379,-5.9675,-9.1618,-1.9124,-4.3346,4.5006,-7.2218,-3.6304,-0.0015,7.1717,-1.472,3.2739,9.8619,6.3038,-0.9219,8.0652,-7.1835,-1.4469,9.4105,8.3351,-7.6968,-7.56,-2.2478,-6.4944,-7.1959,-0.5888,1.7019,-2.1763,-1.8273,8.4563,6.1659,-9.9498,-3.1958,-9.4165,1.7648,6.3698,-8.7273,1.3178,-0.9978,-5.7574,4.4837,-5.6827,8.2677,-9.4115,8.9487,6.3359,-4.1678,-3.1353,8.7356,-2.5101,1.5554,-9.9713,-1.5234,-5.0338,9.5597
-8.9906,4.3157,2.1534,-4.0246,-6.6133,8.6017,5.5439,2.9993,4.1788,-4.8748,-5.6373,-1.2019,-6.4656,-6.4852,-7.6218,5.8218,-5.5894,-4.7207,6.0929,2.1021,-4.8199,1.3169,-9.57,5.3827,5.2049,0.3573,7.7805,7.0612,2.0027,4.1952,0.342,5.0071,3.6184,1.1332,3.6975,-1.6495,3.2211,4.0106,-6.4851,-5.5892,-4.1989,3.1963,8.5709,-8.6259,-5.8566,1.9904,-0.1028,2.9653,-7.8179,5.5158,-1.3087,0.7401,-8.9135,4.2443,1.5609,-2.3368,8.1876,-3.8669,-4.0414,6.8918,-5.7612,0.2137,-5.9064,5.3457,-5.8004,-0.6929,-9.4579,5.3348,9.472,0.3818,-2.5274,-9.485,-3.8851,2.1485,2.306,-3.84,6.877,4.0759,-7.3996,-5.0008,-9.5737,-0.6228,5.9179,-5.7631,-8.9086,-7.2404,-7.3527,-8.0907,1.3385,7.5856,8.7514,8.5061,6.2889,7.2228,1.1053,0.9628,-8.7301,0.758,1.8711,-7.736,4.2038,-0.3436,-3.9914,-2.5765,-4.1592,9.949,-9.5387,0.8682,6.0519,2.3479,-3.2796,1.4271,-6.5948,9.8284,-2.3005,4.3461,-1.6693,2.3107,-3.0419,-3.5541,-5.4096,-1.6683,1.3251,4.6794,9.099,-5.5972,-7.9489,2.5088,1.5375,1.1637,-0.1529,-4.0971,1.2246,1.2926,0.2043,1.6529,0.6734,1.8038,8.4037,5.93,-9.6674,8.897,1.7509,0.3359,-6.4096,8.034,2.0576,-2.8539,-4.5388,3.5108,9.9289,7.3608,-3.5233,-7.7041,-2.0018,5.1973,-4.2968,-1.9373,8.644,5.6158,-2.9353,-8.1809,-6.0543,2.5805,0.4693,1.7301,-8.6739,6.748,-7.9348,-8.5666,-6.0187,5.0307,1.1205,-4.7991,-6.8809,-9.1082,0.0729,-7.9399,-0.6722,2.84,8.8885,-5.4804,5.4423,-1.3555,-3.2894,-0.1882,7.4177,-0.7109,1.7056,-3.8841,-6.175,-8.9258,4.0729,-3.1969,-7.7353,5.1196,9.9979,5.9872,-8.9629,-4.6509
6.4865,4.8717,-9.3788,6.8569,-0.6844,4.4014,0.1324,7.9467,-8.4837,5.4091,-7.2858,5.6914,-4.9026,2.3622,-3.2059,-1.0203,6.0305,0.4951,-6.8731,-3.9699,9.0416,1.2151,-9.0312,0.3912,8.8494,0.9386,3.6295,-1.0385,6.118,0.2402,-6.2886,6.9621,3.1835,-6.449,-8.5502,-3.0524,4.1418,-2.7802,3.3397,7.4727,7.8885,-2.6663,-8.7009,-3.5229,-8.3313,-3.1437,9.0585,0.0998,-5.404,-7.5804,-4.7672,0.5446,-1.9448,5.7331,-1.3346,-9.6886,1.1451,4.1974,8.8063,-0.3011,8.8882,-8.1433,-9.1149,-7.4147,-0.7614,3.0622,2.76,9.6088,2.1201,5.8602,-7.8569,8.5766,-1.4035,-8.1008,8.0335,-9.3215,7.0455,-4.0083,-6.2355,9.0887,9.6468,1.0623,-5.0662,7.0007,9.5433,5.4113,-2.3785,2.3204,3.912,-0.2885,-9.9629,-4.3749,2.4241,-1.25,3.4648,0.7957,-2.0812,4.1922,9.6607,0.2685,-4.8402,4.7467,-0.0457,1.9351,1.6498,5.0957,-3.4429,2.4441,-8.3813,-6.0851,-7.1358,-9.9489,0.8724,-3.1604,-2.1849,-8.7773,8.8955,-3.825,-5.9759,-1.1263,3.3291,8.0409,5.7278,-3.4344,2.9578,3.2244,1.3171,0.0038,1.4643,-5.2673,-2.0521,-6.197,-2.9558,-5.6943,-0.8933,1.0603,1.7357,-5.8991,-5.2899,8.1409,4.3212,4.9496,0.4812,6.35,6.317,-3.5891,3.9336,-6.0063,9.362,-2.6449,1.3062,-5.718,6.3985,-6.6874,5.1789,5.214,-9.7542,-9.0685,5.9743,-6.5151,-3.9302,-8.2463,-2.6928,3.5208,7.9004,-7.6398,1.3118,5.8442,3.8688,-1.0641,-1.0998,0.7563,0.8934,-3.0707,4.1539,-8.7177,3.6066,6.6887,3.6614,-4.4127,4.1249,-2.0281,5.8899,5.7306,-9.3095,-8.8111,-5.0931,-2.9,-3.7522,1.5149,0.9841,-5.2836,7.8579,2.4695,4.8619,-3.5473,-3.8387,-0.3696,-6.112,4.7002
-4.13,-4.884,9.4237,2.0092,0.9625,-4.5213,-8.7445,0.3296,2.8685,1.8218,1.9328,1.0187,7.3202,-2.2523,7.3599,5.0716,-6.4139,7.7185,3.8997,0.7825,8.6612,-2.0592,-6.5615,7.2859,4.318,8.9113,-4.536,4.9258,3.8332,-1.4587,7.4155,0.0451,-8.5067,-4.5441,-0.0671,-2.3802,-3.3414,5.9072,-9.0339,9.6797,-7.3912,-9.842,1.1783,2.3181,-1.1754,-1.9698,0.7454,3.2291,8.1841,-9.0835,-1.3878,-2.9818,-1.8469,-1.2666,-3.5887,0.3673,1.4776,-1.9304,-9.2501,-4.6762,-3.8174,0.7235,-1.4956,3.6802,-3.429,-5.927,-4.1903,9.9389,1.2628,7.9824,-3.5662,3.7424,-6.0705,-7.4918,-6.4271,-8.1967,-8.5554,-7.188,-5.5436,-8.1805,7.3988,-1.4232,-4.9064,6.7044,1.3989,-9.7189,-6.5306,5.3524,-2.3677,-7.9584,-3.6069,-8.9962,1.1793,-5.3659,9.8834,3.2347,-3.6816,2.8179,-6.9185,6.415,-1.2732,-6.0516,-7.3087,0.5028,2.944,-5.066,-3.9976,6.1465,-0.5658,4.4188,4.5232,2.0476,-9.1414,3.1879,9.1868,-6.2059,-4.223,1.0005,1.5441,-1.312,1.2042,7.5114,-1.8403,-5.4949,6.5522,9.7012,-2.3764,-8.4531,0.0802,-2.9276,-5.5779,-0.9716,3.221,2.7325,-0.3249,8.3495,-3.7953,9.52,2.9686,6.042,3.7334,2.2209,6.4695,1.9577,-4.951,6.2254,-7.7165,-4.7588,-6.682,8.8968,2.653,7.9319,5.8008,2.2726,5.5799,-6.5675,-5.2006,2.6346,3.6352,-4.603,4.6672,9.4763,4.5603,2.4048,3.9704,0.8662,0.286,6.8902,1.4772,-5.4515,-9.1907,-9.6486,1.2866,8.6602,5.0332,0.5459,-0.0988,-5.2835,9.4711,-7.7747,-6.5871,8.2212,1.0159,3.0949,-6.0457,2.4896,5.1119,-7.6294,-9.7285,2.6373,-3.5894,8.164,4.6617,0.053,-2.8334,3.2535,-7.9755,6.1287,-3.3315,0.7667
-9.1355,-8.5542,9.3157,-5.5441,9.9524,6.1484,5.676,-1.445,9.5807,-1.3747,-0.8506,2.7093,-2.6848,7.0543,-4.6232,-1.7443,-1.7501,-0.1559,-1.6275,6.9279,9.5564,-0.0601,8.649,-3.3178,-1.9637,-5.9162,-3.3607,3.4146,-9.0442,-1.8105,-3.756,5.4223,1.0933,-8.7951,-5.4743,-7.6608,-0.6468,-1.3771,9.8813,6.8946,7.5,-9.1367,5.424,4.4507,-4.5675,9.2402,9.3621,-9.93,-9.8097,5.1533,6.2154,5.2714,-5.2301,8.3708,7.4592,6.0203,-0.3702,7.5224,2.0501,-3.9489,-4.1104,5.0735,6.4042,2.4853,-6.3308,-4.3395,9.1781,-9.7611,-2.0292,-7.0745,-1.849,-7.3721,-7.1474,8.487,-8.2347,2.8357,6.0196,-2.222,-9.7487,8.2539,5.5938,2.7019,-9.8892,3.0287,6.0645,5.3994,5.8919,-3.2211,2.2528,-1.8504,-0.9383,-0.1218,-8.0316,2.7772,7.6187,-2.4574,-4.5079,3.6627,-0.8046,5.6796,-2.3126,2.3773,-3.3541,-8.6216,2.652,2.6047,-7.6074,-4.2012,-0.0611,-8.6434,2.9242,-1.2919,0.5097,-6.5992,-8.4138,3.6324,-7.7173,0.3266,-0.9872,5.4393,-0.0239,-9.7669,-4.2027,-8.1187,-6.1969,-7.6574,1.4413,-7.5775,-3.7531,3.0626,1.9634,-0.3402,-2.5512,0.0555,5.2697,2.0254,4.5201,-0.4397,-9.5914,-0.6541,-1.7254,7.3732,-2.2685,-8.97,9.7806,-5.5806,-5.5189,5.5578,-8.86,0.5119,8.3283,5.3489,-1.2049,-1.6089,-1.5673,7.0363,5.5906,9.2645,3.1296,8.6503,-2.3974,3.5159,-0.7218,0.1355,3.3381,-4.0544,-0.1881,-4.5849,-5.9285,-1.3599,8.6329,5.2965,-9.7053,-7.2236,4.1936,3.7103,7.1101,-9.7847,5.5165,4.716,-5.0868,3.0698,6.5577,6.6034,-7.4106,-9.7912,9.1901,-9.0535,-4.6551,5.9359,-4.4959,8.1639,-9.3527,-8.2196,3.0126,-4.104,8.1951,8.7639,0.4579,3.6687
9.7051,3.5871,7.9023,1.0745,-2.0348,-2.5864,-0.9147,1.2387,5.0833,-7.9547,2.8833,-7.9514,2.5449,-2.2662,4.5683,-1.1941,6.4161,-4.2923,7.8216,-3.5361,-4.6591,2.2329,7.118,-2.3078,-4.9992,-3.0933,2.2939,3.3579,9.8455,2.1843,3.4392,-0.9977,-9.1106,-9.2973,-0.1148,9.6962,7.8156,5.3745,1.956,-0.2167,5.8814,9.0311,-2.7212,6.7648,-1.3563,-3.9271,-5.5112,-9.9801,-4.6601,9.8446,3.9212,-9.4166,-1.7144,4.9093,7.9148,9.807,9.4919,-7.7342,9.5881,9.7808,2.0538,2.1047,4.4774,-4.5616,4.3567,-8.1676,-5.0683,-9.2373,-1.095,-7.2242,-0.6716,-5.6116,-4.1234,6.4921,-8.3132,3.5086,-1.7836,3.5771,0.3502,2.1759,7.3489,-6.3207,2.9483,-1.4732,-0.7616,6.8716,-8.0819,6.4262,6.8086,2.4919,3.5067,-1.478,3.0501,7.7737,-1.6491,8.5522,6.9906,-3.4229,9.8439,9.5558,-7.1268,-5.8327,-4.902,-6.0839,-0.4145,2.8424,-9.542,-2.3558,5.0393,5.3765,-3.6878,6.8748,-0.9173,3.7529,7.9309,-9.9504,-1.8557,5.4239,8.7019,-2.4715,1.9461,-2.1377,4.1694,0.0735,-9.922,9.3785,-6.1213,4.2948,4.5871,-5.2868,9.2877,3.0544,8.3689,-7.1297,3.0813,8.6516,0.5105,-5.5921,-1.9523,6.8995,4.7235,-9.957,5.776,5.2393,6.9801,-0.9424,7.2246,8.6757,1.0427,7.8684,-8.1763,8.7037,-1.7975,8.0711,0.5565,-8.6957,-0.027,-5.0555,-4.8237,-2.6034,9.4538,4.5721,-0.9461,-2.3833,7.9923,4.4328,9.2876,3.8846,4.254,-3.1543,-8.0967,6.841,-4.6947,-7.9325,-8.0337,-6.7447,3.9879,3.9589,1.1048,3.6103,-2.5463,-2.0369,-0.5712,2.8871,-7.0976,5.7289,-7.017,-2.7146,9.5955,-7.6905,0.0457,-8.4722,1.3421,6.7555,-9.6903,3.4917,9.5103,-6.9352,-4.5422,-9.4223
-6.9119,9.6473,6.0256,1.7727,6.7748,-5.1962,-8.6437,5.4451,-4.0324,6.5158,9.9163,-7.5476,6.4095,1.4067,-9.3249,-6.2818,-9.6555,-2.3007,-7.8568,0.2482,-5.4874,-1.9319,2.6783,-8.368,6.3975,-8.2237,-3.9266,2.085,1.1979,-3.3643,2.5838,-5.9935,2.5353,8.9897,0.7828,1.4179,-8.2511,2.4403,-3.9198,6.5103,6.9927,-6.7761,8.6422,3.2814,3.0679,-9.3609,3.392,-8.3528,-0.582,-6.4103,5.5304,-2.2983,9.199,9.0082,8.1758,-6.649,-5.3725,4.9982,3.7269,8.6918,-8.755,5.8741,-1.3403,9.7654,-7.2425,0.5488,2.2677,0.6165,-1.9144,-4.7707,0.0691,-6.2075,9.8942,0.4365,-0.7632,-1.0877,7.7108,-4.2664,-6.9832,2.3819,-0.5213,-6.8782,-6.6938,-2.6595,-5.6536,5.4643,-4.2296,-6.8389,-5.7404,1.9223,-9.5766,-9.9681,9.2652,-7.4128,-3.2139,-1.9479,0.9173,0.5362,-5.5327,-6.1817,4.3305,-9.6289,-2.9517,1.0466,-7.458,-1.7795,4.9724,8.6614,-0.74,-9.7814,-1.7362,3.7932,6.0805,0.5418,9.902,-6.0463,8.5974,3.846,-4.4683,5.2434,-2.7601,-1.2507,-5.5504,1.6051,1.4531,-9.493,-1.9809,-7.2918,-6.6858,5.5513,7.2833,-1.329,3.2769,1.4013,-6.8809,2.7508,-4.8008,6.1365,-3.8828,4.3924,-1.8667,7.4561,0.4553,5.8876,7.593,-8.8966,1.6196,0.3823,7.6956,9.9875,3.292,-4.0133,-9.0389,9.8579,-9.8569,2.3664,6.6615,-7.3014,7.9892,-1.5432,7.5099,5.7571,9.139,-7.145,9.0746,-8.5986,6.9712,-0.9621,-9.4701,3.3085,-3.5201,0.0483,-3.666,9.336,3.5717,7.4661,-8.9032,3.7993,-4.5681,4.813,4.5426,-2.9515,-7.9332,6.6265,0.1856,-1.0383,-0.8451,8.3154,-6.4556,-3.625,3.5426,-8.657,-8.4581,2.9128,6.9275,-3.3665,1.781,-6.8735,1.7578,-4.5263
-7.9962,-2.9046,-5.0793,-0.5124,8.7441,-8.9376,-0.1938,5.7133,1.4259,-9.3429,1.7853,5.4365,-5.855,1.7645,3.6368,5.7383,-5.481,5.5838,-8.7499,-6.529,2.3213,8.9596,-4.181,3.2911,3.6694,-5.4143,7.0497,3.6762,-3.3822,-3.8464,-8.9295,-5.6649,9.8205,4.934,-9.9714,0.5524,-7.3465,7.5242,6.7215,8.4955,-9.5902,-4.1469,-4.354,4.159,9.7303,9.9057,-8.8675,7.1714,5.1997,4.5372,3.1007,5.8688,7.8937,-9.0576,1.7728,5.2558,-5.4964,9.793,-7.6795,6.8093,-3.9563,-8.3586,4.4905,-5.6291,7.6103,3.8746,-2.6285,-1.9978,9.3917,0.999,-4.5111,3.4568,2.7985,-2.9644,5.4069,9.9514,-0.635,-7.2281,-1.4229,-9.2429,6.9767,-4.0506,-1.936,1.4307,-0.1389,-7.6154,-6.7411,9.8374,5.3327,-8.2893,-7.7058,-2.1353,8.2923,0.7589,-9.9314,6.3261,-6.6694,6.1189,0.748,1.1752,5.9998,4.1612,9.212,2.2705,7.3747,-4.3292,6.0546,1.7759,-7.3218,4.7939,2.0391,7.2322,-3.0063,3.0284,-6.332,1.1247,9.7351,-0.3074,4.0344,-0.7602,-0.7542,1.0319,7.563,6.7036,-5.7571,-0.5155,0.9097,-1.6405,6.7626,-3.0993,4.6886,0.5024,-7.4555,7.3325,-6.2617,1.5802,0.1139,-7.1745,-0.5566,-9.6833,-5.809,-9.6309,4.4278,-0.3692,-0.351,4.475,-9.8652,7.3573,2.8383,0.4521,-6.4698,-0.3277,-4.6459,-1.6149,7.9512,3.8894,-1.7141,7.9122,-5.1475,0.9263,7.3209,2.4992,8.6561,-4.7852,-0.843,9.3729,0.9261,4.0533,-2.0732,2.7939,8.7167,-2.0257,-9.4762,-9.3206,-7.9365,-0.9804,-9.9979,-2.4706,-6.3911,-3.1253,9.2436,-7.609,-0.9854,9.6528,9.6575,5.0561,-3.3285,1.6283,2.6373,-3.7508,3.8489,8.3523,1.0399,-5.0801,4.6009,-5.2017,-6.0759,-7.9051,-4.646,0.1529
5.3442,0.9895,-7.042,-0.4329,-6.7159,3.4238,7.8011,2.7713,-2.066,-8.4081,3.6458,0.9603,-3.7966,-9.545,0.1069,-4.8498,-8.6924,6.1592,8.7186,7.4176,6.2589,-1.0392,-4.4196,7.511,-7.1611,-3.9432,7.7409,-8.5142,-9.183,-9.4365,1.9845,2.8484,-9.4658,-7.7822,4.1334,9.14,3.3712,6.2522,-7.4017,6.4764,3.16,-6.4354,-9.947,-6.4715,6.3753,0.1138,-8.5774,7.5469,4.9303,1.2538,8.9067,8.4919,7.5834,-9.116,0.5038,-2.4798,2.5098,0.0896,7.8385,-3.0761,-9.7589,-1.4126,4.582,0.8682,-0.2448,-0.6906,2.2679,-1.2277,5.5309,6.2227,-4.7332,-0.346,-3.5111,5.0713,4.0836,-0.3115,-6.7614,-5.9438,7.603,6.138,-5.5015,-7.4582,8.453,1.4416,0.0378,-9.5182,6.2607,-7.9944,-5.5281,3.5775,-0.8187,-8.8961,0.8283,9.9512,8.2167,4.6517,5.2969,9.4702,-5.9223,-3.7258,-2.057,-2.5244,-9.5129,9.079,-3.9538,6.8767,-6.5903,1.6444,0.9884,7.3579,8.6728,5.6599,-6.5586,7.2602,6.3786,-2.559,-9.8287,2.4146,7.1703,-5.779,3.3558,1.2078,-6.0068,7.2787,1.8909,9.1097,-4.4953,4.589,-9.8791,2.1528,-4.2989,-6.3434,-0.6839,-1.6697,-5.2076,-1.3622,1.9186,-9.1856,2.6185,-0.5977,-8.6093,-4.0467,4.1042,6.1198,0.8495,3.3353,8.9869,0.0566,-7.1043,-0.3871,5.3121,8.1557,-7.3759,-6.3966,-2.3787,3.504,-7.2854,-7.2481,-7.5415,-9.7894,1.6233,3.4334,6.4895,9.0832,2.7167,-8.961,-1.4815,1.4119,1.7241,7.9011,0.7083,-4.6655,-6.9443,5.4429,-8.0281,-0.106,-8.9797,4.8957,-9.9794,1.344,-5.4795,-5.6754,0.508,0.9412,-3.897,3.4776,4.5232,-3.7028,-5.1076,7.2675,-6.2822,-7.9311,8.8621,-1.6268,2.3371,5.9146,7.0815,1.1298,-7.996,-7.6602
-0.3471,-1.4648,-8.7127,2.1139,-1.7389,2.162,-7.0134,9.0204,-2.2246,6.0361,2.5242,-3.233,3.9453,-7.319,-5.2544,-9.1652,6.7257,5.2659,-7.3762,5.4417,9.1512,7.5509,-9.9376,7.5472,0.5259,9.0981,-4.9586,4.2657,0.3834,-2.8197,-7.6285,-8.7976,4.7152,-3.874,9.9931,-0.0287,-3.0047,-4.8818,-7.0195,-2.8988,9.9632,0.7013,-0.2828,-6.0824,-5.3039,8.8666,3.0604,-8.987,-1.7032,9.6081,-4.9176,-1.9469,8.7038,-8.4402,0.1394,-1.9252,-3.6607,-4.2734,2.7,1.1485,1.3706,-5.2216,6.4647,-6.7208,-5.692,3.9578,-5.5165,9.4548,-2.1521,-2.6057,8.8408,5.381,8.1546,-7.9207,-2.9304,-9.5996,-6.5271,-9.4391,-5.0223,2.8738,7.3288,2.7457,-1.5671,-2.1272,9.9474,-0.0911,7.7847,-8.0551,8.6131,-8.6119,-4.8274,1.5742,5.4079,-3.3596,3.3024,-3.8522,-5.4983,-2.8588,5.5018,-8.4487,-0.3102,4.1672,4.7423,6.507,-9.6171,-5.3244,-8.298,-6.9147,0.8337,0.5455,6.6452,1.2935,4.1846,-0.2083,-8.5743,6.1316,7.3942,-5.2312,-0.3613,-9.0647,-6.7435,-4.2791,-4.2712,8.2971,0.7891,8.5161,-2.5188,-8.3934,-5.3419,1.7664,5.4729,4.6197,5.8545,-4.0725,7.2404,7.1791,0.9291,6.7885,0.9861,-2.3442,3.8266,-7.2549,9.6733,8.5303,3.9023,-9.4013,2.9655,-7.7098,7.9692,-6.9101,8.8493,-9.7629,-5.5465,7.0871,0.9364,4.824,2.5791,-8.1254,2.1185,-6.8789,3.8715,-4.1238,2.9115,9.2057,-0.6763,-8.0591,-0.1812,-3.4598,1.9644,-0.7157,-1.5612,9.673,-6.1401,-3.0913,-7.7302,6.9848,7.8534,-2.4858,-6.8994,-4.0281,-8.4049,1.0971,-3.9299,9.4457,-7.4776,4.7272,7.5293,-9.3991,-4.7214,4.4108,3.5912,9.2515,5.6674,-7.8531,7.2743,9.4238,1.6078,-1.8476,-5.0561,2.5117
6.7402,-2.541,-8.6264,-8.942,-8.1036,6.0104,-2.5012,5.4237,-5.7353,-0.8136,-3.1458,4.3891,-1.134,6.8454,-5.0872,4.8451,-2.6064,-6.6451,3.6764,5.8646,3.1546,2.8287,2.1847,-9.1913,4.3634,-1.7155,6.6058,8.1137,-5.3661,-5.4259,1.7837,-2.0826,2.3022,-7.3593,-2.43,3.6236,-0.7298,6.3921,-9.8247,5.2075,4.6539,2.8862,-5.4955,-3.8126,-1.1109,-8.0549,-1.583,8.3187,-5.998,-4.1111,-0.273,-7.8257,3.0534,4.0887,-0.8479,5.672,0.9713,-9.4989,-7.1816,-5.2856,4.1921,-4.5128,-7.5756,-1.7066,-2.637,7.1134,6.6886,9.7142,-7.4401,0.1044,-8.7848,-7.9701,-3.5584,5.5677,-9.9678,-7.3895,4.614,0.9651,-9.3662,-6.7482,-5.5944,-9.9424,-8.127,-6.2058,2.8867,6.8519,-7.2374,-7.8551,2.2844,8.3003,6.332,1.1277,9.6735,5.1145,-0.5816,5.435,7.1469,1.7017,-6.1404,-5.8408,0.2329,1.2595,-9.4997,-1.1309,8.812,6.1816,-4.9186,-8.0141,-5.1757,5.9208,-4.228,9.3174,8.3578,7.3851,1.5973,-0.2939,-8.1978,-1.4005,2.9844,3.3202,-2.1757,-6.8655,-0.508,4.9949,4.0308,-6.3134,-8.0416,-3.6692,-1.4724,9.373,-0.0666,-6.7659,4.2105,8.7065,-7.4417,-1.9618,2.2969,8.9413,-1.9744,-6.9377,1.9156,6.4855,-4.0915,6.8859,-3.3063,-5.8569,5.6161,-6.1433,-0.1749,2.9772,0.3519,-7.5884,-1.7844,-2.8813,6.8996,4.207,5.3209,7.4707,4.6241,-1.0649,-7.6922,-3.26,5.2972,-7.9867,2.9575,8.0005,6.9582,-7.405,0.1486,-7.8658,-6.3848,-3.4617,6.3568,8.4051,2.005,-7.2362,3.1665,6.3011,2.7845,-4.3146,-8.2132,9.5783,-5.0204,8.4033,-9.4941,-5.2498,8.6553,-2.9124,-2.9865,-4.6876,7.361,1.4178,3.9015,8.7865,7.0985,-1.1274,9.1914,5.1799,4.5778,-6.8015
6.8157,-6.7035,5.1973,4.5582,6.8439,5.3839,-3.3981,-2.4402,9.9667,-8.7564,6.6498,-7.4519,-7.4128,4.5495,-3.9178,9.0785,0.7448,-0.3384,-5.0117,1.627,-1.5119,-2.114,-4.4099,7.863,9.3646,3.6362,-8.1039,9.3348,-2.5607,-5.7638,6.115,-8.3767,-7.7334,-2.3132,-5.6333,-3.2905,-0.6509,5.8646,-1.5319,0.7586,-1.0854,7.2262,-7.8757,-5.6056,9.9404,-6.3578,-3.4212,7.3416,9.2683,5.3249,-1.6907,-5.3102,8.4105,9.1265,-2.1127,4.2524,-4.9865,1.2097,8.9237,-8.179,5.0376,8.4063,-8.6817,-1.1322,-5.8207,9.8489,5.6627,7.3021,-0.7632,4.6897,5.1211,2.0399,-6.4072,5.7929,-0.6277,3.3502,-1.5616,-4.7442,-7.1928,0.9285,9.1135,-2.2438,0.5304,7.5446,-7.6549,8.0289,3.7368,-0.2899,-7.3605,-8.2076,3.6344,-2.1076,7.4397,3.6141,4.4641,1.3533,-7.4029,-1.2479,7.6007,8.3203,5.7464,8.0511,-7.6319,-5.0026,-5.3378,-5.9121,-7.2177,5.3846,-3.4412,-8.0749,9.8442,2.4039,-7.6631,-7.0198,1.5899,-9.1192,1.4766,5.9859,-9.8212,5.6369,5.2626,5.9156,4.514,-0.9744,9.3721,-8.0028,7.4466,-6.1995,8.413,-9.1491,-8.351,-7.572,8.2681,1.3197,0.6527,-9.5426,5.1924,-7.3647,4.9472,5.4391,5.1373,3.2122,7.7914,5.3447,1.0868,4.4529,3.4009,-7.329,1.438,-4.8487,2.1028,9.2106,4.1335,-5.2279,2.1954,9.6757,7.5751,4.9575,-2.8659,9.1344,8.4457,2.8956,-0.3721,-7.6024,-8.4572,-6.6933,-8.373,-1.7163,-4.5231,-9.1903,8.6941,7.9092,-2.85,-5.8964,8.6464,-8.4149,2.5017,-7.5366,-6.8342,-7.5758,-2.0971,-7.0204,1.5418,8.8951,7.862,-4.1917,4.7141,8.8801,-1.2839,-2.0355,-5.6485,-8.4928,7.9387,-6.0209,-0.4218,-9.03,-5.9866,-0.8415,0.2988,4.2445
-8.0537,3.5917,-8.6755,-2.0889,2.8447,7.1668,-1.2599,6.706,-1.2855,4.1233,-3.1552,-9.5168,-5.467,0.8917,8.0511,-8.0189,5.57,8.4697,8.136,6.61,-3.6612,6.2933,1.0192,-6.6244,8.1126,6.4245,-6.8878,-7.3333,4.2951,-0.4387,9.1804,-3.1674,0.1852,-4.7184,6.2987,-8.8913,0.8164,1.648,-7.6596,-5.7198,6.7579,-3.8757,-3.8068,-8.7499,-8.6376,-3.3112,-8.1265,-3.0415,-4.096,2.0505,2.6025,6.0351,-8.8047,-4.6146,-4.4893,-6.1559,5.1652,3.595,0.4,2.1548,-3.0521,-5.6332,5.0436,-7.6461,-6.7089,2.3184,-2.1957,-7.8511,-6.6056,5.349,9.4445,8.1568,-4.0272,5.2564,0.118,6.7754,-8.1281,5.159,6.2749,-1.0094,1.8173,4.666,-1.5325,5.1359,-1.2031,8.9441,-3.7581,5.898,-9.9548,2.5425,1.9324,-8.8739,8.5248,-7.1318,6.7506,-3.811,-2.737,-2.4919,-3.1921,1.9509,0.3357,-2.6903,3.0538,3.5351,-8.3928,1.9093,-1.6977,3.1296,3.6351,5.2645,-0.47,7.754,-9.2916,-7.5181,-0.3459,-1.5735,3.0997,-5.8344,8.4765,-3.6356,-7.9632,-9.7905,-2.9595,-3.1692,-5.6872,1.4864,2.7785,9.9651,5.1701,2.4683,-8.5597,1.4006,-2.4046,-4.7451,8.1118,6.9911,6.5329,-0.5832,-0.9694,3.4764,1.1179,8.5912,8.0344,2.3929,-0.0303,8.9499,9.3597,-4.4678,-0.6038,-4.3005,-3.0753,-1.5246,5.348,1.2902,-5.3518,8.3306,-6.2185,-8.4963,-7.9558,1.9899,2.8735,-8.9689,8.6536,5.8623,0.3089,-6.6151,-8.0907,-3.7997,-4.2009,5.8814,-6.2101,4.8837,4.1882,-4.7103,-2.5238,-1.5012,4.8003,5.4103,9.1351,1.6656,-9.7446,-7.3706,-2.6383,-9.6768,1.2167,1.512,-5.3831,-0.3883,-2.3085,-7.654,6.3316,-4.3423,8.9441,5.6368,-0.4699,4.6679,5.5278,5.844,0.194,-8.3791
-9.2069,-8.8608,8.8586,-8.0698,0.8226,-8.5703,-4.6968,-6.1332,-3.6997,-8.8983,7.3476,2.6316,-0.3905,8.4684,-8.8722,-3.6637,-2.0285,5.69,-4.9483,2.9074,-7.0324,-3.2198,6.1007,1.1584,-4.1534,-1.9303,4.8057,-3.4308,-1.5758,-5.8493,1.9533,1.6421,7.8005,1.8272,-3.5555,2.0998,-7.6963,8.3681,-8.2396,-0.9962,-3.4301,-5.875,-3.8964,-8.7049,-0.5418,2.5375,4.9611,5.8028,-9.6326,7.1283,-6.7656,-1.6169,5.4222,-5.6156,-3.9661,0.6249,-0.2625,8.1023,5.5281,-3.4514,-2.5774,-1.774,8.7565,-2.9256,7.2823,5.8826,-6.3132,-4.8205,-9.2313,6.3051,-1.875,-1.2626,-2.6291,-1.6293,0.6318,-9.6753,-4.8513,-5.5992,1.4222,-4.3594,2.3799,2.867,6.8747,-1.0591,1.8042,-1.4824,-5.8221,-4.2905,-2.205,6.9068,-1.7889,4.5799,-5.3264,-9.1329,0.3923,-7.9702,0.3832,-6.7394,9.1047,6.4514,0.5099,-6.0892,-5.0306,-4.126,-8.6572,-6.1484,2.5332,1.7184,-3.877,2.5987,2.2734,6.4535,9.6056,-6.5858,1.0877,4.5993,-5.9299,-6.0714,1.6361,-8.3236,3.8862,2.8035,2.2759,-4.0145,-2.7439,6.5022,-3.9389,-9.4387,-7.3354,6.3492,4.3027,5.8725,-3.1723,-7.9969,-6.2356,-4.8186,-0.367,7.4947,3.6273,-1.672,6.7556,3.9471,3.1614,-1.6389,7.3703,7.3522,-7.8591,-7.993,-3.2847,6.8317,-0.2769,-4.8523,5.8222,1.8419,7.1424,-9.3161,-9.2593,1.7865,5.0103,-6.1125,-8.1421,3.9804,-8.6118,9.0748,0.9439,9.3274,8.854,-8.062,4.3557,-7.4702,1.8932,-8.5992,4.0214,9.4078,5.5102,8.9723,-6.4833,-7.2911,4.2534,-1.4972,7.8039,2.0357,-0.5587,7.5264,2.0215,9.6099,-9.2913,3.6903,2.4964,1.3905,-1.8956,-8.1333,-4.008,3.1313,-8.8681,-7.3384,-5.6178,-7.9161,3.7871,6.9441
-3.7475,-6.7504,-5.2852,-7.6894,0.9974,-5.4336,2.023,6.2459,8.4667,3.1217,8.4355,8.2403,8.0546,-1.7177,-7.8092,-9.4452,-2.3845,-7.9667,-8.5655,-4.1573,9.4649,4.3994,-8.4142,-2.2184,8.9913,2.2562,3.2269,-4.0555,4.6046,-3.5557,6.8473,1.274,1.1761,9.6661,1.9971,-1.9912,5.632,4.4062,0.2148,5.1577,7.7437,5.3583,3.2791,5.7242,-8.3838,-0.5306,-0.0355,8.2238,9.0111,8.2068,-8.8021,7.9579,2.2022,2.6412,-0.5179,6.1093,-7.6988,7.7897,3.9049,-3.1616,5.6577,-6.999,-4.6768,5.4973,-2.0278,-9.9893,-8.7005,5.536,-8.7674,-9.1807,-3.4425,-9.8333,3.6783,-9.5781,5.5037,-1.6145,3.2275,6.1909,-4.741,7.556,0.5421,3.7074,7.1191,8.2025,-2.1081,-1.6374,-4.0243,3.025,2.0143,-7.8345,0.5938,0.0041,9.5948,-8.9098,-3.67,3.1143,5.4844,-3.9757,-9.92,-6.7774,0.2065,0.5512,4.3153,-7.2002,-6.9565,4.6971,7.5363,-7.1915,9.6838,-6.8094,-7.0058,-3.9858,-4.2801,6.6081,-3.9174,5.5589,-6.7987,-7.5626,-2.4056,-1.3456,5.6932,-0.7413,3.8611,-7.1689,1.7204,-2.8638,-5.343,5.0069,-0.6778,-3.5558,-3.3138,2.593,7.1546,-6.6825,-2.4862,-5.8101,-4.7298,-8.5924,6.1933,-4.6321,5.6784,8.2678,-3.6701,1.6502,-2.5129,-4.8596,-3.0159,-8.3362,7.6098,-2.1353,7.9134,8.619,7.2526,-0.4189,6.6104,3.3039,1.4603,-3.1284,-2.1132,-2.4257,0.6565,-1.8458,-1.8574,-5.812,-2.8174,8.8733,-7.395,-2.1193,1.1048,5.0513,7.3457,7.9234,5.6144,-8.6928,-8.9707,3.6941,-1.6333,-6.0446,-3.8691,-8.4321,7.9285,9.4306,7.2102,-7.306,-2.7626,-4.0523,5.8868,-1.5442,-3.7649,-7.1542,0.2833,-8.5161,-6.7521,0.8052,-9.0812,9.7937,-6.7547,-2.2862,-4.7572,3.5599
6.8763,-5.4342,7.6282,-4.8972,7.4264,-4.1125,8.6021,9.2886,-9.4914,-6.2029,2.0676,2.1961,-8.4753,0.4668,-6.1228,2.7314,6.4071,-9.6892,4.6231,4.51,-1.5273,-7.611,-5.4551,6.0678,2.7985,0.8228,-1.7566,6.0032,7.6486,-4.9259,-5.0325,8.7742,-8.979,3.2721,-3.1117,-1.0602,3.371,-5.6685,7.4958,1.1997,-3.017,0.0286,-4.5909,-9.0514,-0.0242,-0.54,4.8714,3.4413,-9.0101,-1.6388,9.985,-8.9332,3.418,7.9567,-5.821,9.7468,-9.0645,-1.8777,5.5542,9.5796,-3.0626,-2.0672,-8.0937,-8.6046,-3.151,-1.9848,-3.1656,-1.7556,2.5577,6.4983,-7.688,9.92,-3.6012,3.9284,5.4715,8.9387,5.1279,0.5842,-8.3752,2.6353,4.5042,-8.4407,-1.2232,2.6583,-4.9424,2.0171,2.4851,-6.755,-7.7788,1.7595,5.3859,1.4504,-1.9739,7.8312,1.249,9.8146,6.4849,-5.2526,-0.8337,-5.6429,6.3874,-3.0964,-3.1924,-0.2874,8.0228,4.8296,-3.7749,-6.7388,5.4443,8.9691,2.7278,-5.6268,-2.1069,9.9667,8.4582,0.7405,-4.426,-9.4851,-2.0183,8.0985,-8.2323,-7.1406,2.1847,1.9744,-1.0041,7.1019,4.5831,-9.7967,5.9678,-6.8318,0.7717,0.1212,4.7091,1.4002,-2.396,1.8264,5.6172,-2.4101,0.8643,-8.2022,-9.68,9.2639,-7.0798,-7.3046,-1.434,-3.6615,8.8731,3.2107,-1.9632,1.9854,-3.3372,2.611,-9.3845,4.8396,-4.1433,0.2784,6.7696,3.3917,-6.4325,-3.4114,-3.5376,-1.8207,2.0575,7.6728,-5.0127,-7.9485,3.4709,-4.7552,0.8547,-9.4559,3.1122,5.8401,-5.0336,8.2967,-3.8092,-2.8218,8.441,-0.4458,0.3787,5.1979,-0.6472,3.4351,-8.8171,-3.2213,3.0054,3.2707,9.2671,8.0452,9.0703,5.5556,-4.5515,-7.3666,5.5006,-2.1246,-2.4308,8.8332,9.4779,-0.0568,-8.9544,-3.8922
0.4533,7.5248,6.0803,-3.2069,-6.8608,-9.9949,4.2296,-7.1729,-4.868,-2.3049,-1.5254,1.9078,-2.2765,-2.4798,-8.7126,-5.2257,5.7757,-8.8219,9.1478,2.8576,-1.6973,-4.107,2.7749,-7.6488,-5.6281,-9.1008,2.6668,0.5072,7.871,9.397,8.9713,-5.7703,-3.4915,9.5507,-9.4156,8.3674,6.4555,0.0069,0.1591,4.2144,-6.7756,-7.1797,-1.282,-2.4947,3.5996,-3.4256,-9.7978,-3.1273,5.1692,-4.2352,4.6719,2.7052,4.7202,2.3163,7.325,-8.2393,-4.3339,7.2697,4.0646,3.6028,-4.8151,-5.8169,-0.912,-1.4935,5.1267,1.9929,-0.3634,-0.4212,5.6146,6.7873,8.8319,-0.4359,4.3099,-5.73,7.5792,7.9377,-5.3464,-1.3231,3.6981,-1.2814,2.9348,-0.3082,5.4712,-2.664,-8.0285,-3.1066,2.1255,-9.7213,8.8022,1.7608,-6.0948,1.3808,5.085,-2.1238,-9.2933,-3.8784,9.4826,-7.8999,-2.1593,4.3412,-0.6295,-6.7071,-9.107,7.8187,6.6292,-8.9937,-4.4677,-2.1484,6.9515,3.5306,2.4127,-6.9702,5.6122,6.3776,3.7805,-6.571,2.9041,1.5971,7.6015,-6.0927,8.6808,-1.7379,-0.9688,7.2683,6.1831,6.3985,0.2026,-0.6281,1.5554,7.6341,-8.4311,-4.1158,-3.7815,-4.1559,7.7396,8.4216,8.4036,-5.2063,7.0935,8.7808,-6.0774,4.1586,-0.7098,-1.2422,0.4833,-9.5721,7.663,-0.1054,5.1471,-2.7635,-5.3452,0.9463,-7.8028,8.1278,3.9339,5.1473,-1.4938,4.431,-9.9826,2.3486,-4.256,-3.0673,-4.1084,4.4983,-3.9991,-9.3455,5.7524,7.8289,-2.2988,-4.045,-3.4625,-0.3327,1.5019,-4.1867,2.6461,-4.6478,-8.2024,-4.5822,9.6392,3.0938,5.1078,-6.2499,0.4098,-7.5267,-2.9453,7.9041,-9.5929,-2.8599,-2.0101,-8.2249,-3.8153,-7.1404,-6.6602,9.9237,3.6349,9.461,2.0278,1.5001,-6.2141,4.3364
-7.7307,4.0764,-1.0748,5.5015,-9.3257,-1.6921,8.1406,-6.3433,7.142,3.6053,9.3236,8.7292,-9.8432,-6.9933,-3.4815,-0.1442,-7.9078,5.0878,-3.6381,4.9966,-3.7592,3.9086,0.4575,9.5218,-8.8158,7.4989,3.2661,7.6088,-9.1811,6.2126,-6.2895,-3.587,2.4648,6.4156,-6.5448,6.6356,-3.5497,-9.8425,-0.6839,0.7991,-7.8472,8.5101,-4.1106,-8.9942,7.8773,5.588,3.3742,-1.9829,-7.8188,0.1644,-1.1943,3.594,-3.54,-1.2511,-2.9777,1.5337,6.5074,1.5049,5.5752,-6.5766,-0.4925,4.0116,0.8593,-9.2441,3.8536,4.9153,-6.1891,-9.2852,-0.3864,1.1751,4.4377,-6.7427,5.2452,7.1626,1.3763,-6.7095,-3.5055,-5.2717,8.8966,2.6415,-9.4442,-9.8888,-2.4895,-9.2665,0.6189,1.437,3.9477,0.6396,-5.2286,2.5537,-9.9551,-7.0385,6.498,4.5547,0.3773,-0.0629,-5.4078,-6.327,7.7743,1.3302,2.623,8.9682,7.1039,-4.5035,7.1876,8.1338,6.2493,-0.5735,2.0004,-4.1476,5.4859,-3.7073,-1.8466,-4.3499,7.8556,-9.213,-3.0725,4.5786,2.3957,-6.9791,6.0522,-5.4104,-6.307,-8.5416,-2.1693,-4.0894,-6.3865,6.943,4.1691,-3.3846,2.2766,9.3943,0.7614,-0.9726,-0.5445,-4.991,6.0764,-2.1467,6.909,-1.4078,6.148,-0.004,-7.8447,-2.7966,0.2067,6.58,-3.5208,6.4592,9.2063,9.5405,-9.1026,-1.2775,1.0021,-6.7742,1.094,7.301,-1.4046,-6.9854,9.2711,0.802,4.4648,-9.5801,9.8684,-9.4131,7.3062,-2.2401,-8.1179,-7.2675,-1.1268,-1.1697,3.6079,-5.2235,3.5855,3.9126,-9.4979,-3.0016,-1.5091,-3.3491,4.4031,-6.0754,4.1226,-9.6844,-5.157,2.5076,8.3805,-3.0801,3.7588,2.8864,-7.3915,-7.5264,-7.7945,7.1866,-9.6885,4.2046,9.4521,-1.2985,-8.1607,2.0183,-6.7362,-9.6854
9.3184,-8.4874,-4.0503,-1.2073,7.7064,-3.4693,7.7696,5.2012,4.6853,-7.7011,3.3328,4.3522,2.4738,-7.6681,-8.184,8.9555,9.4996,8.9823,-6.5232,-0.6325,8.5971,-1.9161,5.5729,-1.6517,-0.6305,5.364,-7.5466,-9.9624,-7.7232,-7.5452,2.7122,-2.4747,5.3807,-1.2099,0.6214,-9.7625,-6.206,0.6382,6.7623,1.4668,1.1195,-0.1452,1.2687,-7.4863,-4.2222,-1.1799,6.6191,-2.8538,3.0975,-1.571,-9.0598,1.8848,-4.0503,5.6793,2.318,-6.5331,1.0126,5.8655,9.2893,4.8409,-8.6377,7.7511,-0.0217,-0.3802,-2.9,-2.8449,-5.3791,5.0106,6.4077,-0.2796,-5.8356,-0.0009,8.8786,6.0751,2.5524,-6.0611,5.3177,-9.4679,9.9127,8.2046,-2.2799,-8.1213,-5.185,4.2215,5.2607,-3.232,4.5359,-2.6878,-5.0666,8.8765,2.329,-5.002,0.3991,9.0669,0.7528,5.947,2.4299,-7.0557,1.3098,-3.8718,4.7681,8.3394,-1.9841,6.0479,-1.0733,-0.6943,-9.848,1.0475,8.1769,7.8166,8.605,6.5326,-9.3255,3.6958,-8.2817,-3.2939,5.8614,0.8366,-2.3104,-1.0525,-9.3521,3.8284,3.2814,7.1138,1.5055,-2.4666,-1.3079,-1.0017,-4.5281,-7.7571,3.8915,-1.6495,-0.3755,-0.9552,-1.9309,-5.7609,5.9743,7.3013,-2.5791,-4.3253,1.1679,-4.7924,-2.3772,-4.7857,7.9124,-3.3333,-9.0576,-7.1123,0.8809,-5.1751,-9.2276,-9.0381,2.8628,-5.2321,-4.7137,1.8432,1.52,-6.5552,-7.1745,7.016,9.8737,2.9447,9.4769,7.2553,-6.5502,2.27,4.4836,4.388,4.7725,7.8434,7.1166,3.9382,-4.6336,-7.7955,-4.2473,0.6332,8.3411,0.056,2.7173,-0.7405,-8.7642,-3.771,8.5147,8.0145,-8.5793,-2.2134,-3.1048,-5.2972,-8.2128,-1.3769,-6.9888,5.179,-4.421,-4.3046,0.3964,-0.2819,-0.3442,-2.5472,0.9118,-2.46
3.4329,0.8475,8.8701,-0.179,9.2652,-8.4612,5.6177,3.8587,-2.0481,-8.8366,-9.3121,9.533,-4.5271,7.4737,6.2039,1.9981,8.6709,3.2762,-1.484,4.302,9.8322,5.0243,1.1271,-7.2365,1.0566,-1.6063,4.0323,-9.5266,9.3255,0.5056,-4.3601,-1.2367,-9.3438,7.8885,-5.2186,-0.5444,2.2943,8.0662,-7.8002,-1.7871,-6.3217,3.639,-7.5368,-0.3635,6.3379,2.6446,-3.5354,-9.7007,-1.3799,-5.3099,-0.2285,1.267,-6.0904,-1.1062,1.4263,-9.8982,1.6323,9.9215,6.7578,2.179,-9.972,-3.2022,2.2059,8.2113,1.3437,-0.7121,9.6191,-1.8859,-1.0355,6.895,-8.7579,-8.8838,5.0795,-6.4725,-5.2401,-8.673,5.0316,-3.7225,6.1501,-9.1723,-5.444,9.3287,9.3531,1.7581,8.5272,-6.3291,2.9467,4.1686,8.2415,1.1695,6.7218,0.9217,-7.122,-9.9989,-7.727,7.3559,-7.3975,-6.9689,-3.0508,3.4398,-1.3373,6.5246,3.7035,7.2669,5.6607,0.6132,1.1327,-8.6931,2.7289,-0.4581,4.7481,-0.8869,9.6199,1.5997,7.876,-3.602,4.0996,6.7763,-1.3523,-2.4884,-6.7782,2.3982,7.6261,9.3895,8.3058,5.4548,0.5782,4.8428,0.7574,6.5305,4.2499,8.2611,-6.886,-9.6945,5.0788,-9.2166,-5.7732,-6.0318,-3.9099,6.2906,-0.138,-8.2642,-8.3833,1.2675,2.7064,0.2943,8.5796,-7.116,-5.5513,-6.0492,2.5452,9.787,-0.8783,4.3799,-2.2179,-6.8397,-6.5699,-6.5108,-5.8794,2.672,3.6629,2.7423,4.6299,1.4688,3.7958,-6.5072,6.3896,6.308,9.7996,-5.7957,-5.8266,0.6165,4.4851,6.8201,-6.5177,9.7969,-3.6001,6.6033,-5.0024,1.6225,0.172,-3.2774,-1.8661,1.6069,-2.1985,-2.1565,-1.0215,-7.1795,-2.4918,3.6935,0.6662,-7.3558,8.8511,-4.7746,0.6196,-3.024,9.6126,-5.5223,0.6279,6.3827
-9.0018,5.6433,4.8861,-5.1309,-3.4769,5.5873,-4.7402,-0.8295,5.8884,6.5406,8.2875,4.2225,2.5385,-6.2442,-6.8365,5.8353,-2.4712,-7.5177,6.0897,-5.1088,1.0747,0.5228,8.2083,-8.03,1.0892,7.1589,-0.5028,-0.0922,8.9886,9.5765,-5.8618,-1.4393,1.3035,-5.7696,-9.2318,0.9816,7.5683,-7.985,-6.6303,2.4347,-3.0536,-4.0247,8.8403,-8.4994,1.98,-8.1588,-6.8095,6.6645,1.0104,-0.2658,7.8233,4.9568,0.2615,9.1998,-8.6454,-4.6732,4.9892,-8.2678,-4.4057,3.2995,5.2644,9.1131,-7.1661,9.2806,-6.6213,1.7346,-7.9371,6.6886,9.9806,3.9915,-0.386,5.8177,-8.067,-9.8036,-0.9331,7.7974,-1.3694,-3.4308,5.0513,-1.0277,6.6724,5.8041,2.1758,5.1381,-9.3023,-6.1402,-1.8245,-0.8177,1.2232,6.9921,6.9342,0.7574,-3.7593,0.8247,-4.206,0.8041,-4.2116,7.1002,1.1078,2.1949,9.76,0.7409,-6.0419,3.3162,-6.0274,4.6858,8.869,3.5089,-2.5019,-6.2409,-7.864,8.7361,-3.2667,7.4818,7.0239,-9.6582,5.6704,-0.0406,9.4277,-1.8681,-1.3331,-1.5564,3.2325,2.0963,-7.8782,6.682,-7.5228,-8.8505,-0.2637,6.8563,5.8543,0.9227,6.9059,-8.5435,-3.7855,0.4772,-5.7776,-4.1457,-8.1287,-9.3765,-3.0612,-7.2346,-6.8715,2.4309,3.637,6.6427,-8.3333,8.3349,7.4573,5.847,8.3275,4.6948,-8.9849,5.5392,6.2868,4.1858,2.383,7.4838,3.2147,6.0711,-4.9131,9.4066,-8.5644,-2.2205,-7.8257,8.6068,-6.7647,6.7658,9.9028,1.8393,4.9282,-8.0332,4.0017,3.914,-4.7158,0.0114,-4.2739,-6.4667,5.8947,0.9223,-5.0742,4.4926,-9.6666,9.7816,6.3571,5.7203,-9.0747,6.9197,9.9392,8.2343,1.7389,-7.1364,-9.7782,5.0772,-5.1889,6.8195,7.2921,-0.8704,8.3297,1.4965
-2.5979,-2.753,5.866,7.8836,-1.7603,-6.8557,-9.8105,0.1924,6.3805,9.4911,1.2162,9.2259,-0.9772,-3.4767,5.7196,-9.4014,9.7146,5.3516,5.6492,-8.8529,-7.2321,-1.959,5.3682,2.727,9.4893,8.2103,-2.6027,-0.7257,4.1551,-2.916,-7.3863,5.0101,0.4703,0.425,-6.7921,-5.4688,8.4402,2.4948,-4.9473,6.9033,9.3701,-0.6676,2.3208,6.7153,2.9206,-5.3908,8.9427,-9.6587,-4.0503,6.6159,8.5999,-9.4931,-2.1585,-4.1638,-3.5471,5.7981,-9.1317,8.9412,-8.1437,-4.2694,5.7211,3.238,-3.9489,0.5624,-4.6201,-4.5378,0.957,0.72,7.1623,-8.4409,-9.6836,-4.2655,6.0068,3.6145,-0.7218,-5.234,-2.2975,3.3376,-6.9397,6.6486,-0.1112,-0.3176,-0.3841,-5.2945,-1.3172,2.6997,-4.2449,-0.0928,-1.152,-7.9787,-3.0979,5.2788,-9.6036,-5.2579,3.2262,5.5269,5.9564,0.8238,-7.0117,8.4815,-3.5922,-4.7532,-3.2358,-8.0867,2.0415,-3.6743,2.5812,-7.3511,-3.8553,-2.2374,9.4446,9.8205,-9.9137,-5.6857,-4.799,-6.7846,-8.353,-9.9361,-5.7156,9.0285,-2.4708,7.3207,7.7849,2.0651,-7.9215,9.1649,1.3586,-8.8503,-1.5536,-4.0796,-7.9417,2.1593,-5.208,-5.5487,-8.3008,-5.9149,-9.8798,-3.1908,-2.0642,6.1122,-0.6831,-8.9688,3.1157,-1.7587,-8.4728,6.8976,1.532,-5.4358,-7.625,-9.7973,4.1256,-4.0051,-4.8759,-6.2473,2.8367,-0.5499,4.9807,8.1319,8.756,3.7025,0.2592,-2.6885,2.8633,-7.1225,9.1801,4.0537,6.4488,2.8509,5.0974,1.7974,-5.1612,-8.8813,-9.5477,8.1665,2.6914,-7.1692,8.4842,1.9824,-2.5338,-7.3187,5.1967,3.9712,3.3681,6.9947,3.4858,1.1518,7.3711,9.4665,6.3627,-5.3407,7.5586,5.0888,0.6323,3.1652,-7.7094,7.6329,8.0425,-1.3455,-8.4905,8.5999
7.9538,-1.0735,6.3039,2.4026,-7.3431,2.375,-9.1198,-1.0219,-5.4428,-0.7899,8.4731,-1.5095,-7.0949,-5.1285,-4.043,0.529,6.2824,7.5875,-3.078,1.6334,-5.4408,5.6434,9.8236,-9.7341,-7.0147,3.8216,6.9775,-0.7129,-3.05,1.1653,0.5107,-1.7272,-8.0432,8.0907,-2.8435,2.7785,4.5262,-6.6929,-6.1829,0.9396,-9.559,-1.6083,-5.5137,-2.095,-1.6064,-6.78,8.4589,6.5047,-4.2971,-4.9537,1.7699,1.287,-3.2314,-8.402,-5.5731,-6.3656,-3.8803,3.9352,9.349,-6.0542,-5.2989,5.7894,1.1965,-9.0167,-6.3157,9.0959,5.3458,3.4858,-2.9644,1.9088,-5.7748,6.1455,-4.8384,8.7093,1.3859,4.513,-7.7723,1.7462,-5.8656,-5.2171,-1.9669,-9.7376,-2.0265,-9.2626,0.0565,1.0825,-8.7491,-5.6475,9.0798,-7.4181,-9.4919,-8.5287,-2.9813,-6.2995,4.7795,0.3733,-8.8531,-4.5339,3.2343,0.8779,2.0307,-9.179,-3.6783,-1.9681,-2.9804,3.5557,4.6759,1.4378,-3.1124,0.1979,0.21,7.5382,-9.0601,-1.2684,-7.6805,1.2401,6.9885,8.2263,-8.1589,-9.909,4.1026,5.4883,-8.4729,-4.1345,-1.2984,-0.7921,7.7195,-5.5516,5.3407,-0.5894,-4.1082,7.8161,7.7247,-2.6747,-2.012,-8.636,-6.8401,5.0502,2.6799,4.4608,0.9279,7.5368,9.9223,-7.6607,-0.0723,-9.2647,6.982,5.1724,4.2261,-7.6044,-5.54,-0.1858,4.0504,-4.042,3.3777,4.3353,8.7128,9.5684,3.1316,-2.9645,-8.1826,-9.9581,2.8849,3.5775,7.9911,-5.3788,-5.0733,-3.262,-4.8334,-6.9236,8.995,5.6941,3.1992,-2.3196,-1.3066,-9.0651,-6.245,-2.7557,-5.2688,0.0481,6.8843,-1.2229,-0.0026,-4.4899,-7.3834,0.407,8.4306,-1.0916,-1.7286,2.3909,9.8129,1.3439,5.7824,1.2947,9.8016,-1.4662,8.035,-3.3881,9.5634,-2.3642
7.0341,3.4771,6.7971,-4.3624,-7.8906,-6.2426,-6.5355,3.9425,1.3517,7.7542,7.665,8.8326,-6.0231,-5.4043,-4.4785,-1.4967,9.1823,-2.4274,7.8401,-2.1293,-5.706,0.2554,5.2424,1.4283,2.9907,-0.7436,-9.7369,-7.5019,-0.4121,-4.3228,-5.7986,5.746,3.1672,-0.1012,-5.6652,2.07,6.4795,-4.4687,9.6052,-4.1608,3.1209,8.523,-6.9381,2.377,5.6954,8.3003,3.6677,5.5931,-5.7322,-3.9474,-7.3874,2.3396,7.7753,4.223,5.9244,5.7943,4.2228,7.9066,5.2534,-7.241,-0.1507,0.6254,-9.8329,-0.7785,0.2468,-1.5692,-5.4927,-8.3063,7.9619,-9.2037,4.8301,6.4236,-2.7957,3.2479,0.6768,2.5189,-9.9621,8.4461,-6.9914,8.6486,-7.848,7.127,-1.2402,-3.6693,9.2814,-4.9749,-6.2782,-8.7215,-1.1828,0.2038,-2.4198,-4.0954,9.7168,-3.2845,5.4126,-0.0085,9.8581,5.6777,-9.3404,-1.8956,-0.4965,-5.3639,-3.8844,-0.7899,3.3891,2.3816,-8.598,8.5664,4.9076,1.1946,-8.234,-6.6976,2.0938,6.9327,8.42,8.2222,9.4886,3.1733,1.6647,0.5592,1.1393,2.5022,-2.1831,-5.2333,8.332,8.4358,4.8412,-9.3235,0.5092,-1.5425,-6.0152,-9.4595,0.3192,-4.42,8.3055,-8.9054,9.3485,-8.069,6.1789,0.997,4.8574,-3.94,5.1359,1.2892,-4.0299,-9.5944,9.5801,4.4731,5.2605,2.0155,0.5611,7.4821,-8.2921,0.754,-5.6016,-8.2697,3.7004,-2.194,-0.3797,4.2038,-9.7085,-0.163,2.3381,7.3711,-2.6751,-1.8648,-9.7024,8.6146,1.7233,7.2602,-8.2138,-7.7002,-3.8509,-6.1754,9.5242,9.4426,1.0501,-1.4049,9.2438,8.8762,7.6883,-5.3182,0.4377,5.3948,8.5724,1.2693,8.4834,-1.7584,-9.4463,-8.7052,2.4187,7.326,7.8129,7.4595,-9.3762,-0.5259,-9.8753,6.692,3.8639,-2.7537
1.03,-1.2608,0.7672,3.0125,-2.3573,1.3115,-2.3002,-7.8219,-8.5359,9.5606,6.3448,-4.892,5.7715,-9.245,-9.9461,9.2347,-4.5806,-0.4683,8.6244,-2.0172,-4.8371,4.5437,-8.0598,0.5403,-5.4251,-2.9549,-0.7926,-1.515,-8.7208,-9.5963,6.2589,-7.5218,0.1955,8.2843,-4.3923,1.9513,-6.5933,-1.0577,-0.6696,-4.4792,7.4592,6.854,-8.109,-9.6862,5.3243,6.1384,-4.7905,0.7412,-2.1764,-8.6187,7.8371,0.2063,0.3378,-2.2781,-4.1687,-7.0194,7.0118,-4.6373,8.7671,-4.3795,-0.4133,9.9536,1.4305,-5.9573,-0.4139,-6.832,2.8303,3.8736,-0.8273,-3.0091,-5.5581,-8.9292,-4.2168,7.6476,-7.5661,6.8224,-1.363,-1.7829,5.3595,-9.1193,-1.4611,-7.5973,-8.9086,-5.1523,1.0568,7.3487,5.1456,-4.1366,6.342,-5.0899,-3.9805,2.945,6.9724,-8.9975,-5.0529,-2.3986,-0.3496,9.4661,7.6859,-0.8483,6.6763,0.6769,6.5411,6.3389,0.1209,0.328,-3.7205,-3.4983,1.6576,-0.661,-3.1685,-1.7085,-4.2413,1.4781,9.4896,2.8623,-4.0587,-6.5176,-3.5081,1.8022,2.6554,7.0134,-8.391,-7.0864,7.8595,-5.6988,4.2078,9.7302,1.3396,-5.6748,-9.7987,-4.9678,-4.9232,5.3967,-4.3237,-2.2466,5.7213,7.6225,4.4785,8.0839,2.2706,-2.9809,-4.3709,3.4754,9.154,0.9717,-3.5421,-0.9091,8.377,1.4226,-2.6722,-2.3806,-6.2332,-5.8585,-2.9027,4.234,-7.4862,0.3573,0.3652,2.9293,-6.7093,-5.0655,-2.4346,7.1465,-2.4704,0.428,-7.6134,2.5479,-6.1144,-2.5566,6.3205,6.9671,-4.0602,4.7473,-9.2194,-3.8437,-6.1916,-1.7484,7.0608,7.3044,-0.7511,6.5195,-0.1006,-3.2746,-7.5378,-9.9205,2.3057,-8.784,8.8772,3.3344,-9.3271,3.6843,7.4133,5.4963,-5.0679,-2.8894,-0.3877,5.316,6.8209,5.7134
-2.9223,4.3347,2.5776,9.4572,2.7726,8.3906,-1.2911,-4.1859,5.8946,-4.4597,-7.6854,5.5194,-9.7496,7.6062,6.6631,9.6581,-9.9001,0.418,-2.0347,6.2475,-6.65,1.1414,2.8035,-6.4253,0.8003,7.1337,8.7462,3.6446,0.1325,-8.351,5.8634,8.8856,9.9506,0.9297,4.3188,-7.6534,9.8517,9.2166,-7.498,4.2183,-0.8185,-3.5209,-2.2597,2.9598,4.337,-5.3496,-2.1687,4.441,0.312,6.4398,-5.8604,4.9814,-4.4801,0.3364,0.4191,0.7534,-0.127,0.6224,6.9185,-0.8402,7.7978,-9.2716,1.8072,0.1758,7.3879,-3.5845,-1.3061,-9.7614,9.8459,0.7064,-3.5394,5.3812,-9.2015,0.3548,5.0532,-5.4915,-5.53,5.9475,-3.1648,2.8228,-2.6806,0.0282,-4.0471,7.5312,1.9824,-9.0981,7.9132,-6.3818,-1.8754,-1.3596,-0.2185,6.5297,-1.208,0.7093,-8.5973,-7.3711,-8.2068,-7.4525,3.6984,-1.5128,6.2117,-9.5248,-2.6477,8.1561,6.0917,6.5334,-5.6435,-8.8624,5.4663,9.1297,-2.3849,-2.9456,1.4091,-8.2882,8.6652,-8.028,9.5773,-5.0772,-2.414,9.8303,-7.0061,9.4368,8.3702,-7.555,3.6267,2.9647,9.0914,-0.6835,5.7157,-7.6511,8.1694,-6.7453,3.8737,0.9242,6.0832,-9.2768,6.5109,-2.1643,-3.7476,-6.5189,9.1622,-0.4082,-5.5315,-6.6434,3.4702,3.2839,8.9939,-7.844,9.2614,-5.421,-8.385,4.8827,3.6492,-3.5987,3.4372,1.577,2.6551,3.1462,2.1125,-6.1655,4.9286,-5.7532,5.0013,-6.6434,1.3134,4.0278,9.2474,-5.7508,-9.9107,-0.8013,2.8596,-7.8162,-5.1079,8.5338,-2.9075,-9.2635,-8.7997,-9.9064,-1.8171,1.1414,-3.0993,-7.3495,3.8707,7.0919,2.1774,-9.8879,4.5755,-9.981,-0.5366,-4.2113,6.7128,8.5927,-0.0812,-4.7929,-0.6465,-6.6475,-9.7916,8.7566,-3.0663,-2.6976
0.0523,-1.0224,-6.2425,-9.3398,-3.791,5.2298,-3.8717,8.2531,9.0835,1.9517,7.9939,-0.5481,-9.8316,-3.5987,-6.4981,-5.8061,-6.7603,-4.9732,7.5144,2.2564,8.6616,4.8636,1.5672,5.5542,-4.9629,6.531,4.1909,0.4849,8.5887,-1.5476,-3.9539,7.0803,3.6414,6.6832,-4.2166,-0.1735,1.1904,5.6604,5.6823,-0.0872,-9.1004,5.1564,-1.8003,-4.1404,2.4124,-4.2479,-8.5294,0.6369,1.1155,-8.3502,7.7705,-8.4151,-1.2411,4.2008,9.9544,-7.2627,-9.2342,-4.7532,-9.6479,-1.6402,-8.1197,-7.0874,9.1516,-4.8279,8.0533,-3.4427,1.6539,-2.4176,2.0932,-6.0615,-2.2959,3.932,-2.0205,-3.3993,1.3694,-7.6809,-2.824,-8.3692,8.7446,-4.9936,-8.8196,1.488,-2.8472,0.5892,-3.1622,-1.9025,-0.1528,-3.0857,-3.2143,1.9484,8.7236,-2.6903,5.6232,8.9696,1.8208,-7.8042,6.004,1.2366,8.8233,-2.3285,3.1258,-8.374,2.0411,2.8822,2.9295,8.9031,-1.8749,7.526,4.7049,0.7226,-5.594,4.8232,-3.7433,9.6652,5.497,-6.7776,5.5198,5.651,-7.456,6.152,-1.498,-6.7273,-9.0031,9.0333,-4.8738,6.2089,2.4076,-5.2142,-0.0003,-2.6196,4.5801,-4.3767,8.269,8.4485,-1.6513,-9.0311,1.1656,-3.1066,-1.0374,-7.6358,2.2173,-7.1724,-7.1485,4.2682,-5.727,0.1587,-9.7148,-6.1181,7.2808,3.3732,7.3076,-7.6142,-3.3132,-0.8238,-3.0705,-4.4301,-5.7924,-8.0748,-9.9791,9.2016,8.7507,-7.3387,2.5755,8.5836,-4.7806,2.9879,-2.665,0.4102,4.133,-7.86,-3.6786,-6.3805,4.7138,8.2259,-4.5894,-9.3384,6.9887,7.3616,-0.0471,-1.2794,-5.2582,-9.0368,-7.6976,3.2512,7.6461,4.254,-3.4072,1.3478,-2.0632,-6.0525,-5.0984,-4.1645,0.006,4.283,-4.2743,8.9476,-8.4808,1.3357,3.7763,-8.676
5.5378,6.9381,-4.3254,7.9807,1.1794,4.1765,-4.659,-2.3417,8.7566,-9.8351,-7.3939,2.377,-7.4984,8.9652,9.967,2.7657,-2.6265,3.1935,9.3035,-0.1111,-0.6495,4.7166,9.7458,-3.0023,3.878,2.3829,-3.7595,-9.5434,-6.0439,-6.4276,-7.2232,6.847,8.7253,2.8707,7.8185,3.0376,0.7143,-8.5835,0.8086,-6.7823,4.2871,0.9208,-0.1403,-5.1873,-7.2264,0.1574,2.1619,7.6087,-0.9615,-3.6891,1.5004,1.9866,-4.2012,3.7213,3.7881,-0.8495,7.4973,-5.0803,0.6628,-5.1924,2.5553,6.2164,2.4758,9.0358,4.1991,0.0904,-8.6828,-3.6282,4.5269,5.7781,-0.6541,-3.5155,9.644,-9.111,-6.1193,0.1898,7.0337,6.7324,1.0878,-6.2086,5.5286,5.0385,0.0118,6.9828,1.7115,7.0811,-1.8229,1.6393,-1.419,-7.9663,-5.7879,-1.9246,-0.3404,2.5872,6.8317,4.8563,-2.8602,5.7851,9.2127,7.7282,6.4832,-4.2825,-5.9451,-4.7476,-6.7984,-6.7793,-3.5149,-7.8566,4.278,9.9633,5.8281,-0.5642,-5.8565,-0.1156,-7.5652,-6.0812,8.8497,4.9275,3.2331,5.34,-0.0487,-0.6025,-8.2206,-3.02,-8.6918,9.6742,-0.5526,3.2416,-7.4147,-6.037,-7.5023,-8.2706,-6.7517,0.8658,8.1496,6.7559,-2.9954,2.9077,2.9828,-9.2909,-0.4038,3.2949,9.9983,5.8631,2.7413,-7.7633,-8.753,-7.2929,-4.8475,0.5995,-5.5102,-9.8058,7.55,6.8513,2.2024,-4.6596,-1.5037,7.7484,-3.3669,-4.0322,9.2951,9.0493,1.5017,2.7248,-3.6116,4.8465,4.0817,2.0937,-5.2419,-1.9866,-8.5063,-5.9999,7.7709,-4.9048,2.3122,-9.2904,6.4957,-8.1275,-9.4305,-6.153,-7.8392,0.3288,3.4406,8.8539,3.1968,7.9586,-6.4156,-5.915,5.4486,0.2042,0.3912,1.4447,-2.0504,4.7835,-9.2252,2.9775,-0.5128,4.9614,9.5167,0.871
-0.77,-7.047,-7.5209,-3.1215,-8.1146,-4.1079,-2.6854,1.836,-1.7264,-5.5506,4.5371,6.9879,-7.7941,3.2062,8.3056,-5.5333,3.2848,-6.8758,7.6002,-0.61,9.091,-7.3059,7.2373,-8.2259,-8.4076,9.0588,-4.6312,3.8443,-7.7878,-0.1346,3.4474,-4.7289,5.0874,2.9,-9.2291,-5.4949,4.3602,-5.7172,1.2851,-5.1722,-6.3928,-8.7561,-3.7323,6.3295,-5.5116,-8.277,8.6056,-4.8109,-7.4273,-1.3133,-7.4129,-5.4043,-3.2388,-7.644,-6.9816,0.2389,-6.3685,7.3197,-0.5095,9.8024,6.2689,2.3233,9.1826,5.2775,1.1817,8.1803,-7.165,0.1406,5.431,2.4502,1.3495,-2.0018,2.7657,5.3926,3.4574,2.0823,-1.5997,6.2124,-7.6431,2.6953,6.1112,0.4567,-5.8186,7.2249,-6.7303,-1.0827,0.3285,2.9171,-8.7805,0.4908,0.7841,0.0567,-9.0519,9.9166,-0.5471,-4.8292,3.2142,0.979,8.7372,-0.577,9.8748,1.8943,-4.7748,2.7742,0.6118,-3.4426,7.3013,5.9969,4.5356,8.2068,1.4757,-9.0116,-9.1991,7.9688,6.6603,8.1785,-4.5148,-8.6687,-3.6163,-1.3253,-5.2252,-0.5319,-8.0129,-7.148,-7.4326,7.7161,-2.7033,1.7017,6.8395,-1.4335,5.8895,9.114,4.8376,-4.3237,-5.6698,9.7177,-8.8005,2.789,-8.829,2.8992,7.1113,1.4243,5.1904,4.4265,-9.22,7.5354,5.6442,1.383,5.8103,9.1911,-8.7411,-1.3932,-3.191,6.7571,-1.4025,-6.5429,-2.3354,4.9269,-3.6019,8.3587,5.6775,-8.2065,0.8013,3.1511,-4.0447,7.6632,-2.0562,5.1278,-6.6896,-1.1222,1.2499,8.2856,3.8726,4.008,7.9776,6.9058,3.0397,-7.1296,-8.8331,1.2654,5.2452,4.2416,7.1237,-2.1631,2.8321,-2.6171,8.48,-1.483,0.0224,-0.4344,9.6776,7.221,8.2239,-9.7622,8.9453,-4.2291,-2.2097,-2.628,4.9183,-7.2968
5.0772,1.552,5.6771,0.4747,-1.7316,-3.9242,4.5134,-6.5853,-6.7478,-4.9576,-4.6938,9.6349,-7.5764,5.8173,3.127,-3.0438,7.3468,9.1897,-3.6521,1.8114,-5.3699,-5.156,3.3268,-2.0857,1.2883,-5.4911,-3.5348,-2.066,-4.1402,-1.5208,0.1413,-3.2259,2.4963,-8.409,-6.869,-7.2369,-8.9769,-6.1215,9.8194,7.9713,-5.0674,5.2168,-9.0221,-3.3594,8.9473,-4.8766,6.2782,-2.964,7.886,7.2644,-1.4284,-2.0792,-4.6108,-4.3902,-2.0381,-3.1116,-8.4496,7.4913,-6.3747,6.9692,3.7623,-0.1501,-0.9495,-5.9527,1.1464,3.4181,-1.6938,-6.9714,5.3196,-0.4951,9.0374,1.8807,7.6966,8.34,-9.7522,-5.9158,-4.5835,8.0644,8.8342,-1.1132,6.5421,5.1801,-0.145,-9.4018,6.6215,0.5699,1.4899,-4.3869,-5.3908,6.7098,-7.0512,-9.9868,2.0153,-8.4951,7.0049,8.1409,-6.5621,5.444,9.0322,2.357,6.3665,-2.4441,-6.804,-8.8388,3.5127,-9.0815,-0.4735,-5.1948,1.3591,-9.4544,-0.9627,5.0639,1.7767,3.9624,2.772,8.5135,9.3711,9.3947,8.4576,7.2516,0.4298,-8.4182,1.0196,8.8328,9.4215,-3.5439,7.5236,-6.5078,-5.8581,-7.3384,4.2888,-2.2544,-5.9618,9.6814,2.4895,0.0543,-4.2347,6.1528,5.2303,0.1192,-8.8935,7.2711,-7.1004,-0.4427,-8.8213,-0.3437,7.2945,-8.3033,9.3009,-0.3968,9.1994,8.8585,2.6776,4.0823,2.6894,-8.6929,5.2751,3.2421,0.9883,9.4356,-2.6257,-0.8428,7.0753,6.374,-6.1148,-6.5037,-9.1671,-5.1021,-2.5147,-0.5546,8.0987,6.3748,8.3636,-2.2749,-3.6943,-6.954,-2.8901,8.2421,9.3105,-2.4314,-9.3621,7.7555,2.4347,6.3221,1.8724,4.5513,9.8665,3.8345,5.5896,-9.2763,1.2258,9.3298,4.5103,-2.2987,8.3702,8.2746,7.6898,-8.6326,0.7976,2.3034
-8.6358,8.5644,-2.0293,-7.6207,-9.0231,-1.1742,2.7315,8.4651,9.8773,3.4274,-5.6032,9.8574,-3.6267,-5.6363,7.719,-7.4619,4.1003,3.1493,-3.0596,3.3258,-5.078,-8.1276,-9.2955,7.6943,3.1558,4.5603,2.5793,-7.2827,-3.2112,-0.5165,-7.3826,7.9491,7.5775,-7.0452,-6.865,-6.0792,4.6852,0.7611,-6.9024,5.2126,3.7602,-3.5265,7.4235,8.7109,9.3697,-8.4298,0.3053,0.2946,1.9847,7.2222,-8.4784,3.1738,6.5155,9.616,-6.3791,8.0318,8.016,0.5341,-2.3468,-5.4129,4.0639,1.1818,2.327,-7.9174,-0.823,-5.72,-2.9554,2.1264,-1.8471,6.3008,-7.6462,0.576,6.3098,2.4721,9.3573,4.5922,7.2732,-0.6705,7.4682,0.2765,-6.1213,8.2404,0.618,-4.1149,8.5921,-1.4041,-2.9951,-0.5109,-4.0024,3.014,0.6691,1.3056,-2.3366,-4.136,-5.2623,-0.1106,-5.9866,-0.6776,-4.972,-5.1819,7.9114,-4.3404,-1.5557,0.3881,-5.5209,-2.3717,3.9462,4.3635,5.083,-2.7336,9.0042,-3.8111,1.6981,-0.1431,-4.7832,0.4841,-4.6782,7.2066,7.2744,9.1396,-0.076,-7.8603,2.9053,-6.3521,2.1398,4.6212,-3.9078,-4.0682,-1.6594,-3.4198,0.2546,-4.9528,-2.804,-2.3817,5.0041,7.3872,-3.5925,5.7877,-7.6421,7.7595,0.2339,-6.5381,-3.0084,2.586,-2.4375,4.3289,-7.2307,-1.8251,4.8886,9.6278,9.4532,-3.2666,-5.0118,5.6907,-5.1865,3.4094,-1.4431,-2.6848,-5.3694,8.6993,-2.8669,0.4742,-2.0296,-9.534,-5.2893,-6.4905,0.5315,2.3704,-8.613,-2.403,4.2835,4.4431,5.1749,2.2231,-2.0941,5.9003,2.3633,-8.8563,-4.1874,-3.4786,-5.4123,2.6875,5.0091,2.804,9.1436,9.8044,-6.3746,-8.9863,7.5969,-3.5422,1.9012,0.4199,9.4385,7.3077,-4.9586,4.8382,-4.2468,-3.2028,-3.9953,-1.5835
6.0251,-7.5209,8.4713,-9.3177,4.9268,3.4001,-9.3735,-4.4261,-2.645,-1.4305,-6.8684,-8.5306,-1.8279,-1.3996,-2.8551,-1.2851,4.9741,-0.6325,-9.7977,-8.1382,4.5535,-0.9206,6.5447,-2.3347,-9.8432,4.1287,-7.468,7.8404,-4.0075,-5.7171,2.6769,-9.5191,8.6892,-1.4566,5.1004,-0.1963,0.5222,2.6337,9.3664,-2.02,8.6441,0.363,-4.9012,5.114,1.0361,8.228,3.2866,4.7169,4.1578,-2.9988,5.5593,-2.6643,-0.5652,6.6336,-0.0558,-0.1768,-9.066,3.922,-0.0171,4.1196,2.3176,-5.5647,1.6821,3.0182,4.0319,-2.7354,-2.2863,-5.9531,6.1044,8.8991,4.4042,-0.2342,-7.4409,8.9779,-3.2307,4.4621,7.9131,-4.217,4.3618,1.7436,-6.0712,2.7202,-5.8626,5.6452,8.7913,2.1306,8.1524,-2.4447,8.2585,-6.4168,-5.3485,-6.8737,-5.6954,-3.7312,5.0723,7.1,-5.3698,-4.0376,8.0367,-2.2548,8.3033,-8.9487,-6.9258,-7.8592,-0.8158,-1.0613,5.1198,-5.1208,6.129,-1.893,5.7227,6.2264,-8.3262,6.1561,-7.7874,-0.2473,5.7346,-2.0406,-8.3706,-8.9193,-3.7063,-4.5903,1.7705,-2.5376,4.5637,-4.0845,1.2613,5.7962,-3.2877,9.2305,4.0551,7.1233,6.4566,5.1869,-1.7017,-1.1181,-6.7173,-6.5558,-2.8213,4.6835,0.8164,-4.4314,-0.6434,-7.3362,-8.2642,0.8667,-1.6294,0.0638,-2.6623,2.7256,3.0599,-4.1582,-5.365,-4.5485,-5.6483,-9.4109,-8.4341,5.0505,-4.9854,1.0519,-1.4299,-4.8665,-1.4667,-1.3108,-9.7045,7.6104,1.0788,-6.7165,-7.3297,0.3736,8.0247,-0.2261,-2.8596,-7.3579,8.5595,-1.66,9.4278,0.9418,3.6994,8.2162,0.1212,9.1662,3.4322,1.3805,-6.281,8.9812,-1.263,-9.0416,-7.4976,-0.0385,1.899,-2.4167,-5.8078,1.9463,-2.5717,-2.3486,5.4227,8.8643,5.4665,-7.0372
-7.3982,5.5026,2.492,4.0509,6.2172,-5.1689,7.7436,-0.9574,-2.8363,4.3909,7.7251,-6.9553,6.7971,5.3405,-6.044,-6.0047,-3.5921,-1.555,-2.0926,-1.2772,-5.283,-6.5107,5.7403,6.1658,-2.9603,7.718,-1.7947,-7.5282,2.8369,2.1178,-8.2943,9.394,-8.3275,-2.3789,2.3792,4.7951,1.7495,-1.1903,-1.3197,6.1012,0.5797,4.1576,2.892,7.6927,4.2506,1.2409,-1.8729,2.9841,5.8951,3.1458,8.8993,5.3308,-2.2614,-7.5318,-2.233,3.7036,7.2036,6.7544,-8.1172,2.7435,2.8042,6.1442,4.5826,-5.7267,3.6496,2.7149,-9.1211,-9.0417,0.068,3.2369,-7.6891,0.194,8.4028,-2.1266,-8.5331,-2.2916,-1.5547,-0.5311,-0.1075,2.4847,6.957,-9.4788,-7.5223,-3.3783,9.671,8.2322,1.2989,9.7499,-4.0378,1.5818,-5.4738,-8.9043,-9.6817,-0.298,-1.5369,-9.5723,-6.862,4.1565,1.4507,9.9979,9.0951,-1.7,-3.6127,4.3841,6.822,7.3212,-5.5247,-9.3988,-3.2675,-9.2985,8.0179,4.3786,-7.8169,8.1327,-7.7379,-1.6962,2.8864,-6.7773,-0.6433,-9.038,1.3665,-4.4517,-9.7542,-2.1974,-4.4316,4.8314,-8.9039,1.7322,-4.791,0.9001,9.6217,-7.2599,9.567,-3.7908,7.8845,-8.403,1.8651,-5.199,-2.2749,8.5781,0.1088,9.8751,-7.3725,-9.7235,8.2362,-2.8159,-3.8771,6.4604,-7.6907,7.0957,1.5793,-6.6452,8.2376,5.4157,9.4695,2.078,4.8874,2.8444,7.0192,9.608,-3.2088,8.3717,2.2344,4.5023,-5.2862,0.8374,-1.6489,-1.6565,8.1773,-9.9363,2.1845,3.0504,-6.0449,-9.1855,1.3243,-8.0556,-0.2338,8.4987,-3.398,6.9579,9.5053,-2.5422,0.0646,1.5674,8.6817,8.7221,0.6064,3.7333,2.8058,9.2838,-1.4278,7.8816,4.723,6.5716,-4.8701,5.2336,-3.1372,-9.8557,-9.1874,-9.6173
1.4749,-3.4691,-0.0132,-1.3355,-9.0024,-2.1394,-8.4295,-6.8019,-6.7386,-5.0742,-7.5379,-5.14,4.4531,7.2847,6.9862,8.6062,2.0391,-1.2262,6.0016,8.916,-9.2811,5.2895,-9.7386,-2.6408,9.5165,0.1697,-1.3802,2.3749,-1.2449,-1.2496,-9.2014,-0.8382,5.4435,7.7463,7.0806,-9.8048,9.1341,9.8779,-6.9673,1.1928,-4.2889,4.0488,9.248,-8.1272,3.587,3.4024,-2.4334,3.555,9.2009,4.3855,-7.769,-4.0387,-8.6064,4.4985,-3.496,-3.9388,-1.2256,6.6903,-5.0672,-8.9435,5.9335,-2.5813,-7.4115,-1.5244,8.7635,-0.0992,-1.7828,-8.7232,-6.0314,-1.0466,0.977,9.0072,4.8063,8.5102,3.5032,-7.0782,-6.8775,9.801,-5.3191,-8.3698,-6.0203,2.9333,-5.3029,1.0018,-6.8883,6.3626,8.7798,-3.8097,5.3973,8.7205,-5.8728,8.6625,-7.4516,9.8052,-1.9715,-3.8171,-8.522,-8.1283,1.456,1.4807,-9.7026,1.473,-0.7165,-8.269,8.086,7.6984,-1.1899,-5.6026,-0.1921,7.2472,0.8994,7.6831,-7.4098,3.6967,-5.2646,6.2413,6.7775,-0.6675,6.8661,-4.1049,6.77,0.1661,5.9216,-4.6202,-6.2037,-3.4536,5.3873,-4.1505,4.2381,-0.0669,-8.1143,-7.5627,-3.4482,-2.5448,-7.1938,0.0302,3.4399,-5.047,-9.3254,-2.3246,-6.9037,-1.0566,1.6573,-8.796,3.4944,6.5405,8.3478,-2.2131,-6.5891,7.4829,-7.3183,5.1522,3.8688,1.1016,-0.2276,-7.7956,-5.6701,3.0087,8.4208,7.8702,8.5644,6.3031,-9.029,-6.7968,-2.7753,-4.5965,-7.4422,4.9811,-1.2158,-0.6829,0.3107,-4.3677,0.7961,-5.5647,-7.7801,-3.9971,2.5175,6.3464,-3.0434,5.0676,7.201,6.8517,-9.3483,-9.8623,3.5044,5.8463,3.7356,-6.6279,7.7119,-2.6238,-6.7795,7.0491,2.7212,8.4702,6.9405,6.4788,1.0437,6.2098,-8.6358,-0.243
1.2604,-4.0162,-0.9725,-8.6791,9.4621,0.0378,9.5525,0.2928,-6.7988,3.6635,4.199,4.2986,0.6688,-8.9868,7.6963,2.878,5.1954,-4.3065,-4.6328,-9.377,4.1402,-2.0902,8.3682,4.9981,6.7469,1.4433,-1.531,-7.0598,-6.4972,3.4759,-6.1208,1.4684,-8.3134,2.7707,-6.4277,4.4615,2.7191,8.9596,-3.1314,1.4894,-0.9986,8.7256,5.3076,5.7041,7.0504,-4.6187,4.6465,-4.9976,0.9167,-0.0835,3.6722,-4.0838,9.1582,-0.6735,-8.0933,8.3888,-3.1586,2.2314,6.9329,-4.6705,-6.9096,7.0724,1.9744,6.2627,0.847,6.6684,4.0437,-3.2439,-4.8654,-9.7078,-5.9747,-5.7927,2.7109,0.8396,-1.4541,-0.7622,-6.0791,-2.9136,8.6863,-7.628,8.9131,0.7959,-5.1983,-4.4826,-4.8711,6.3559,6.0448,-9.4832,-7.3603,-6.7929,-9.4097,-0.0147,-5.193,-9.3572,7.075,-3.2825,4.6126,8.7445,-1.1677,-8.3603,6.0861,-9.7878,0.9017,8.1878,1.7764,6.5959,-5.8421,-1.0265,-7.6226,-6.9722,0.9079,-4.612,-3.0889,5.6628,-7.8829,-3.7689,-4.6913,-4.2818,-3.9083,8.2209,9.4237,-3.8734,1.711,3.0095,8.6011,-6.3773,-3.6829,8.064,2.4502,-9.3658,6.8481,-6.0215,-7.9313,4.1117,8.6846,1.3411,4.1609,-8.8188,0.7975,-0.8419,-7.3011,9.726,7.725,2.9533,1.8998,-5.7425,0.783,8.6655,1.5454,-1.4591,-8.6017,-1.7033,-7.2884,7.3237,4.0653,-2.3382,-9.2405,-2.3167,1.74,-6.8121,7.0059,5.9386,-6.5816,-3.4986,0.9575,-1.2108,-8.9287,8.325,-0.6826,-7.5409,3.8314,7.4012,9.873,-5.9841,-1.7417,-8.6269,7.4568,3.8859,-6.1482,7.852,2.3965,4.888,1.099,0.5976,-6.3275,2.9587,2.5501,-6.1952,2.3361,-5.001,7.0339,3.9226,3.7717,5.7651,-6.4367,9.3096,-0.8522,7.0764,3.2041,-2.307
9.952,-4.7355,3.2709,-9.8683,-4.7383,9.718,-3.2798,-8.572,4.1575,8.6129,2.4448,-9.1066,1.3696,7.7764,-2.5412,7.9567,-7.8648,-8.4134,-2.4495,3.6729,-0.1016,9.1221,8.5403,6.6737,6.195,-0.8734,7.9412,8.2062,4.4482,8.9559,-2.8039,-3.2642,-4.2174,-8.7141,-3.3975,-1.8952,-3.985,-5.0832,3.7757,4.595,-5.9731,-2.8071,6.1702,-9.7577,5.4534,-6.3329,-9.1481,-0.9429,-1.1766,0.6044,8.3162,-7.8259,-4.9407,-7.2718,8.6995,-4.0085,0.625,7.7486,-5.8724,1.3632,9.912,-5.9481,3.0549,-3.5203,-8.5058,-2.2042,7.933,-0.0083,6.3529,-1.8929,6.2186,-8.8544,-1.58,-1.2887,0.9613,8.3527,3.3463,-7.2688,8.0402,-2.0323,-6.1045,1.5924,-6.4398,-9.5552,6.8312,0.498,-9.145,3.5636,-2.7783,6.3066,-8.4682,9.7063,-5.094,8.6737,-3.2663,-1.4446,-8.1184,8.0472,0.6899,2.177,-4.4773,9.2674,-7.9318,-9.5802,9.5217,7.8672,-2.7684,3.3401,-1.0954,4.0614,2.9592,-6.4112,8.2399,-3.7694,-6.5446,-2.5443,4.0505,-4.6566,-6.69,-8.6875,7.5339,0.4133,7.4381,0.956,6.9695,-7.9842,-7.172,3.4189,9.3028,4.6204,5.9644,6.9567,-8.1703,6.9944,-7.979,-3.3239,7.6885,-2.4103,1.5811,9.9763,-3.6001,-1.6996,-9.5553,-2.9373,-7.2937,-8.4007,-8.6258,-4.5319,9.0836,9.3031,-2.5171,-7.1059,-0.7606,8.9398,-5.5625,2.7531,1.366,2.9278,-5.2172,8.4182,1.8036,2.5443,8.026,-5.4921,1.5384,-8.3671,3.3042,6.8682,-8.205,1.9708,5.0432,3.4233,4.1452,-3.4928,-0.1106,1.5792,5.4,-4.2746,-0.3845,-6.3671,2.2256,6.541,3.0911,-6.1933,2.2355,9.0656,-0.7493,-5.301,-7.6026,-2.5289,-5.0389,-2.5751,3.5669,-7.9739,-6.1757,8.9381,-8.4723,-7.93,1.1927,0.8392
-8.2062,-3.2578,-2.9003,-0.4305,-5.8742,-5.3255,7.1831,8.8683,3.8937,7.7864,-9.3004,-6.8849,-9.8161,7.0816,-9.6718,8.7325,-9.6839,3.2136,1.4706,7.0161,1.5623,9.0794,2.3721,-5.4823,-2.5059,-7.727,-0.6318,8.0408,4.1464,4.5871,1.1327,2.0278,-4.6522,-0.6257,8.8053,-5.7027,-1.1436,-4.2739,6.7049,-4.5851,-4.4304,-8.801,-3.1123,-1.7095,7.576,1.1488,-9.7597,-5.0632,7.8169,-8.2225,3.8274,0.2006,1.5652,-5.5574,7.1443,-5.4652,0.6315,-8.7316,-3.3398,-4.4292,-5.3121,-0.3474,-0.091,3.4094,5.3733,5.4294,-7.4319,-9.8073,-7.49,3.2444,-0.072,7.9848,3.1233,2.8039,-6.8005,8.1631,6.7031,-5.2562,6.1925,-7.687,5.31,2.3389,-4.321,8.0012,2.608,6.6604,5.053,-2.1876,-3.7553,5.9837,-5.1769,-7.9145,-5.0333,-1.6361,-1.527,8.2442,6.1013,-3.8112,-3.7493,-9.6748,-2.0085,8.9258,-7.5149,8.3852,-1.3663,7.2387,-0.7189,-1.5068,0.8232,8.3624,5.4803,2.5463,-4.3305,8.7994,-8.3877,-2.192,-4.0634,2.9855,-1.9554,-0.0025,-1.172,-8.0306,-7.2596,-0.5633,8.4368,-8.0465,-8.7963,4.0394,9.3646,-0.5303,4.3714,-7.1647,0.9574,5.1482,-0.4029,1.156,-6.1123,2.9475,8.7932,4.5307,3.0091,2.5949,4.4091,-1.0189,-8.3268,-2.2878,8.6561,-3.8999,5.5286,5.6051,7.1742,2.5682,7.2239,-4.1721,4.2421,0.6049,-1.9333,7.2117,-8.2447,1.3355,-4.906,8.9915,5.5196,5.7814,4.6929,-9.2802,-0.2862,0.822,7.9155,-8.4175,7.4128,-8.2874,-3.5287,-2.2323,-1.5785,-0.6683,-9.6782,-3.8789,8.1656,-3.4266,-9.5233,2.7464,5.3286,-0.1843,2.2383,-0.8902,-1.919,7.2041,-3.8913,-3.5661,-4.9036,3.9023,-7.9678,-2.8119,-6.1147,6.3013,-6.506,-1.9892,-5.2742,-8.4444
1.8406,6.5851,-5.2837,5.9929,-5.2705,-6.2091,-5.0625,3.5866,-5.3711,-7.7007,-3.9467,-1.8738,-4.063,6.5407,-2.6524,3.9815,-7.3199,1.8746,0.0056,-7.4229,5.8595,9.9164,-2.4447,7.3477,0.0311,8.5123,4.817,-2.2854,3.5622,-3.4701,9.4717,-3.1596,-2.02,-3.4642,-7.1646,-6.9051,5.6047,-7.8613,-0.1174,0.6765,-9.5744,-0.5383,-9.3143,4.3763,2.0151,7.5944,-3.5367,7.1712,-9.4988,-6.7363,1.5993,0.8014,-4.4022,1.7198,-5.2712,8.4453,6.6851,-6.3485,-1.9334,0.0182,8.9686,2.7216,-0.7209,9.4911,-3.7985,6.6294,-7.9475,1.6974,-3.5132,4.6957,-4.9209,-7.9927,5.9993,4.7409,-9.0309,1.6249,1.3843,1.6886,-3.3751,7.7549,-5.6357,1.6959,8.5549,8.8133,-0.2991,0.6819,-1.2933,-9.5299,-3.8762,8.0324,7.1793,-9.3666,-8.7287,2.2472,-7.3467,-7.964,0.7256,-8.3347,6.8222,0.8778,-9.7723,2.5725,2.9331,2.8723,2.8084,-2.1008,-4.8517,0.8521,8.6099,4.2221,2.3384,-3.4593,8.0038,0.0166,-3.9196,-8.8116,-1.1357,-0.2732,-2.2734,2.2678,3.323,-4.2178,-3.449,-5.8148,9.2788,3.9048,2.9295,-0.1397,-0.8288,-4.047,-3.02,-8.0375,-6.8173,-6.5698,9.3107,1.0771,-5.9264,5.4425,-8.959,1.7142,5.4358,1.1169,-4.1112,-5.5431,6.0285,-3.6379,4.3224,-7.2703,0.5277,-6.6051,-3.2645,8.639,0.9856,9.4181,-5.9747,-6.2778,7.8666,-6.6939,-1.6931,-7.7188,5.9121,3.1197,7.2151,0.4914,6.7037,5.9846,6.4287,1.3496,-6.3269,-6.1385,4.4023,4.2551,7.8844,-9.7406,1.7032,-7.8013,1.0996,-9.6326,7.9968,0.9109,-9.7077,3.705,-2.2172,-4.197,4.8942,1.1012,7.9286,7.9193,6.3779,7.2667,0.1893,-2.5887,-9.1298,-3.9263,-9.9898,-6.9501,5.8829,-8.7381,-1.3063,-2.9875
5.2917,-6.1591,4.7309,3.5794,1.6539,-5.8461,8.7756,-9.2712,-8.0986,-3.4095,1.9246,-2.3178,9.9225,6.7876,-8.5679,-4.1094,1.4055,-9.268,9.8965,-3.9866,-2.9829,1.1542,5.4669,6.5393,6.004,-8.1964,-0.213,8.88,8.8995,7.3287,0.0183,7.1733,5.1255,-2.864,0.3599,2.8219,-1.1256,-6.4627,-8.2967,6.2415,3.5639,8.6677,4.0515,-1.6434,3.5116,-9.8222,4.2279,9.8709,1.3866,8.6293,-0.5469,-1.3971,-3.6834,2.521,6.9518,2.7231,-1.4008,9.4146,-9.2694,-9.3284,6.7969,-0.5543,4.8019,-8.5393,-2.4113,-8.2505,6.698,-3.8559,-0.2956,-6.16,5.374,0.2536,0.1981,-9.9704,-2.9094,-5.1838,1.5266,4.732,-5.8256,6.4034,7.7163,3.52,-5.5762,1.0374,-7.6803,-5.3888,5.1803,5.719,-3.5279,-6.3524,3.372,-0.9326,-5.0976,-3.8486,1.6171,4.8655,7.4536,4.3472,0.4962,6.845,-5.824,-4.732,-9.0187,7.3519,-1.7092,-2.842,2.3668,4.4304,2.5518,-4.2752,4.7626,-2.4978,-7.4775,8.1729,-0.1653,6.0347,-0.827,-8.8847,-6.2314,-1.9833,-1.3771,6.7743,9.3592,0.0215,0.8872,6.5879,-9.3774,6.9556,8.1584,-1.5062,7.966,-7.2867,-0.9275,7.8263,-9.1028,-0.4254,-1.3779,4.6786,-8.3713,-8.7533,8.5592,4.7852,0.7726,-1.334,8.2491,-8.0473,-4.8309,9.0899,8.0216,-1.6513,3.5725,8.2348,7.2249,-2.0667,9.8476,-5.5329,5.7185,-1.516,5.4524,-4.3709,2.8352,-8.2515,7.6407,6.8117,7.7256,0.9818,-8.0867,-4.9682,-5.6525,-6.663,2.1382,-2.3631,1.3768,2.6849,-9.0404,8.8184,-6.7659,0.5997,-7.2772,-6.9382,-2.5758,-2.4911,7.7774,-1.7471,2.8539,-2.913,-2.1207,0.9178,-7.7913,3.9088,-4.5782,2.5594,8.5825,-2.3678,-6.7699,-1.2663,3.1097,-4.6338,5.0054,0.0925
6.3988,-4.7482,3.8362,-2.6367,-9.4873,-2.9757,-7.7083,-0.6154,5.1743,-6.176,-3.5063,-1.7894,-9.8916,2.1461,0.8929,5.1292,7.1893,-0.6858,6.7433,1.4869,-4.114,-9.4785,-6.027,-8.906,1.7103,5.4572,9.9058,-2.7305,-0.8446,5.8845,5.463,8.3345,1.3078,-1.9869,3.3381,-4.1864,-0.4784,-8.2535,6.9983,-6.805,2.8401,7.0504,6.6829,6.3257,-3.7967,-9.6565,1.7989,7.7672,5.8714,-7.7077,5.1895,-5.4388,-7.6719,9.4534,0.7428,-6.5544,-2.7449,-4.928,-7.6829,-5.6283,4.3057,-7.5634,-4.7686,-0.2238,2.8754,-1.8219,-7.3514,-7.0772,-8.7708,-5.3897,-2.9639,-5.5999,-5.461,5.7935,-5.7685,3.1012,-1.5005,-8.2461,-7.9116,2.8927,-3.4749,2.9807,6.5321,9.5251,-0.4957,-9.5329,-5.9444,-4.9601,-8.5882,4.8586,-9.1246,9.3321,-5.2727,9.5813,4.795,-4.2697,-0.8789,9.8384,9.074,7.6992,-6.8401,-1.3804,0.9946,-6.0062,7.3128,9.5705,5.5042,6.6109,-0.305,0.7202,3.5311,-7.0348,5.2098,-2.3227,-3.9669,-1.7113,-9.2349,8.7185,-9.9004,-1.4552,-5.1949,-2.9824,-9.4163,-0.4359,-9.6477,-7.619,-6.5591,-7.2986,1.0824,-8.1722,3.4263,3.597,2.2742,9.2613,-8.107,-8.7717,-7.6347,-5.6099,8.1879,3.5498,-3.4984,-9.1027,-8.0832,6.7581,5.5708,-7.0102,2.037,-7.3552,9.2124,-2.4795,-4.5194,-1.14,1.003,-5.8879,5.2681,7.2375,-8.5121,-2.6463,-0.2429,4.3672,6.95,-0.7679,7.8103,1.3425,-3.3624,-1.4796,3.2486,7.1253,8.4544,-3.7068,1.2249,2.0426,7.5564,2.4497,3.2937,3.3674,-1.8992,3.0018,3.9388,3.6634,-9.7879,-2.1964,-0.9406,-6.1175,4.3392,-1.9677,1.6923,-3.0572,5.6076,-3.8905,-7.8615,7.5577,-8.0406,4.4125,6.8664,-7.7654,6.819,1.6728,-3.2236,-5.2879
-0.4324,2.7871,-3.6237,2.0127,9.4897,7.4484,-7.8596,-3.8394,0.2662,-0.2909,7.9783,2.5696,6.7605,-1.1563,-0.8937,7.8478,-7.482,-9.6391,-2.0447,6.7321,8.2219,-0.4913,-9.4655,-5.773,-1.7173,-1.5069,1.8495,3.8774,0.0043,5.0436,-4.7408,-6.8907,1.7292,-2.003,-5.2936,-9.1778,-0.9755,-3.5403,8.5792,-9.2545,-1.4871,-7.8151,-4.2603,6.2575,3.9133,-4.5309,-0.7275,-0.5442,1.5105,0.108,6.1348,7.1057,7.5004,8.1699,3.0087,3.8154,-1.7385,-8.5516,2.0045,4.0422,1.9263,-8.0235,1.9409,9.4779,9.4215,-1.6122,-7.3899,-5.1415,-3.9071,-1.5241,2.9281,-7.9799,-9.3706,-7.0196,-8.7498,-4.1838,-4.3859,-2.9612,2.8664,4.6301,-3.5171,-9.9707,7.492,-2.946,-2.6353,3.8586,6.3948,-5.462,-1.0856,8.0361,2.6879,5.3009,-0.7139,-7.7046,-4.404,8.6717,6.2145,-6.0642,-1.0948,-0.6866,2.4975,-7.8871,7.9835,7.6573,-0.3935,-2.7161,-3.8717,1.3169,-3.3692,3.0271,9.9017,3.7477,-1.039,-0.198,-9.9013,4.7631,5.1229,3.7388,3.8054,-1.7285,-7.1339,-9.5303,-2.0395,0.5495,2.3207,2.9043,-7.5786,-5.6091,0.7559,4.6016,-2.5368,-3.2603,-0.1671,7.9729,-8.0426,-7.9953,3.0794,-3.1791,7.7183,-8.5982,6.6946,-1.8126,1.1241,-7.1149,-3.546,-6.4619,4.5042,0.4056,7.4349,-0.4261,-7.3368,3.4699,-2.9884,4.5375,-2.3917,7.8052,4.1211,0.1366,-7.8413,-5.6004,9.0874,5.863,-1.3702,-3.6907,-6.1767,-7.607,-3.9532,4.2323,-8.2238,7.719,5.5178,6.516,3.3107,9.0022,4.9274,-7.8466,3.7697,8.1472,9.6645,-6.9413,4.6815,-8.4194,5.5151,-7.4143,-3.7083,-6.0264,4.732,-2.4724,-0.2823,-4.3655,-8.8698,2.184,9.6698,5.9994,4.2311,-3.1571,1.837,-1.1938,-6.3138,7.7784
5.1538,-2.7057,8.7186,5.3666,5.9135,-3.9262,1.5677,-5.9901,-5.0505,8.0723,6.2069,-2.5071,-4.8334,7.5031,-1.5461,4.1062,6.8491,-6.9877,-4.2611,-4.35,-2.365,-9.0953,-1.787,4.4284,2.1114,-8.8249,7.7817,1.8232,7.339,-7.2611,7.8576,-6.7606,-3.5701,-9.8202,-7.0996,5.9911,-0.4203,-3.2868,-9.522,-0.9263,0.2432,4.7597,6.2726,-0.1405,9.1544,-4.4632,2.5293,-1.5766,9.2442,0.38,-3.6646,-4.5424,-9.5813,-0.6898,0.2496,7.6148,-0.4118,-5.3776,6.1866,0.3496,-6.3665,0.5067,-9.6037,-0.7796,-0.3825,-4.908,-6.3304,-1.8549,-3.8779,0.5045,3.2847,-3.6649,-4.8128,3.9875,-0.8061,-6.9702,-0.2793,8.1661,4.6644,-7.06,0.6159,7.127,0.77,9.8855,-7.1289,0.3912,-1.6974,0.9987,-4.1839,-9.2629,-7.8742,0.403,-3.447,1.2226,6.7529,8.9656,-3.3197,7.2375,-3.7024,2.771,-6.5178,-1.8608,7.478,8.9707,7.0142,-9.6899,7.6623,-6.18,-0.3491,-7.7415,-3.9906,-8.976,0.1982,7.5119,-1.888,3.2753,-4.8706,-6.3458,5.735,9.2197,-8.7598,-1.644,8.4821,-5.474,-2.5326,-6.9633,2.9284,-4.3183,-0.0586,-2.2178,7.0278,5.3927,-8.1876,-9.056,-8.5235,1.3999,9.4128,-7.6526,-4.3944,8.2462,2.791,-1.2044,2.0006,2.1515,-4.1846,-4.0498,2.0681,-4.0,8.2476,-7.1639,-2.0556,-5.6213,-0.805,2.1926,-4.8212,-0.269,1.3163,-1.6614,-5.5367,3.8567,-7.2241,-6.9003,1.5648,-1.3977,-0.355,9.5974,5.131,8.3935,-1.1569,-9.7285,-2.1192,0.8773,5.3726,-6.1837,2.3191,-8.4555,3.242,-7.2588,-7.8149,8.8245,4.6708,-1.9023,5.5675,-7.8635,6.9127,5.9597,5.1452,7.7136,-7.9651,-8.8616,-9.2618,-3.7722,2.814,-5.9022,8.5204,6.4484,-0.9689,-3.705,6.9499,2.9258
0.4483,-3.8754,-7.3804,7.582,9.2832,7.3907,9.8255,-0.0875,-7.9595,-3.0621,-9.5686,-8.91,-0.8984,9.6009,3.6027,-8.3515,0.7537,-2.3016,-3.2787,-6.7778,5.1735,2.0837,-9.9361,5.5163,2.4238,6.2211,-2.5158,6.7825,5.3688,-4.5283,5.3339,-1.0784,4.3005,9.7671,-9.2573,-2.418,-2.6823,-5.8285,-5.3513,-5.2238,-4.8279,-0.3925,0.2039,6.9846,-2.5475,5.1132,0.9528,7.4651,0.6446,-2.7408,-9.3665,-9.8514,8.0441,9.6671,3.9241,-3.1488,2.3874,4.0885,-0.72,6.785,3.4573,-8.0082,-2.4556,-6.1498,-2.9012,-8.945,9.3663,1.231,9.8213,-5.1396,1.2478,-1.477,-5.4605,-2.4978,-9.5192,-4.346,7.5067,-5.1146,1.8239,-1.1213,-0.9861,-7.0946,2.6573,5.7047,0.7426,3.2005,3.2642,9.2551,7.8981,0.2406,-9.7703,9.2669,-5.5087,-8.0047,8.1646,-6.5203,-3.4574,5.7129,8.1503,1.7865,0.903,-2.464,4.2639,3.2164,5.5638,-4.8726,-3.3302,8.011,2.8143,9.805,-2.151,-5.2041,6.9836,-6.2238,-2.0208,-7.0057,2.7327,-4.9502,-2.2763,-3.7711,0.0974,1.859,5.7456,-3.4429,-3.9461,0.6747,-4.5645,-2.7108,5.1989,-6.9528,4.1198,-5.5938,1.6963,5.1027,-5.5778,5.515,-0.2767,8.1304,3.8129,1.9827,0.4693,1.2412,5.7038,-7.1888,-3.4869,5.5479,-9.835,-4.1635,-9.2432,8.0282,7.6972,-4.5964,1.2441,0.5789,6.1235,0.1665,-4.304,5.9012,5.1185,-4.9563,2.8201,-7.7995,-7.2801,-3.123,2.9721,-9.445,-7.886,9.1531,4.101,8.2794,-8.7397,2.6504,-5.8111,1.2169,-6.0235,-6.1478,4.2108,-6.1261,-3.5176,-0.72,-5.0541,-4.3525,5.5536,9.8936,-2.2616,9.3286,-8.3433,-7.3212,-3.0077,-0.4168,7.5685,-0.4351,-5.3193,9.4667,2.5493,4.82,-7.5151,-0.7799,-7.7299,8.9633
-7.4551,6.5693,7.5909,5.2365,-4.6042,6.0914,-5.704,3.9169,-6.3019,-0.0029,1.2296,2.234,-7.3633,-4.7892,4.9998,3.2394,-6.531,5.2463,8.1379,-5.8191,4.6955,-5.3074,4.9382,-0.1704,-3.9008,-3.8205,-1.3975,0.1188,0.967,-1.9948,-0.6679,3.1659,-8.4393,8.7893,9.1294,-0.7888,3.6994,-7.6103,9.5914,-2.076,9.3551,5.4388,9.9978,7.7244,1.7606,4.7291,0.6621,-6.0513,-8.6607,-5.7027,-1.2283,2.659,0.1978,-1.1953,5.7754,5.4751,-2.4371,-7.7567,8.7729,3.787,2.0944,3.3525,-6.7045,0.6287,-0.1981,3.2947,9.1072,-7.1464,5.8557,-1.1398,0.8387,-1.7358,5.9119,4.4084,6.2194,1.5941,-2.6533,-3.6764,2.4909,-3.7431,9.976,2.4524,-7.2087,4.8824,1.7984,3.9339,-5.8806,-8.795,-9.2014,1.9093,6.1162,2.0934,0.9503,2.9672,-1.9594,-3.419,-9.5234,-8.9133,4.8452,-4.418,-8.4877,1.1851,-7.1847,2.7139,1.849,-2.2028,4.8743,-1.86,-8.847,-3.8171,7.5922,7.9095,1.8307,2.4257,8.0474,3.4279,1.5381,-1.1986,-6.0022,-3.3577,-0.1088,-8.2394,-8.3572,-2.8127,4.8067,-5.243,7.0787,-0.294,-2.8325,-7.3821,-9.5764,6.8297,9.5425,-9.0971,8.6156,-5.7594,3.8253,9.344,2.1763,-7.1045,5.5149,-5.4977,-7.5052,-3.2682,7.8296,5.4651,0.1087,-9.0007,-9.8138,7.9821,-8.5277,-5.7391,-2.667,-7.337,3.7544,7.9617,1.9954,8.6669,7.7056,5.6979,9.8321,4.2184,-4.9582,1.7068,4.6372,-2.8384,-6.1846,-5.4263,3.2669,-7.3619,1.0195,-1.4126,7.5461,1.0677,-5.5288,-0.744,-7.6285,3.5415,-1.0909,4.6491,3.9642,7.7988,1.5993,0.7821,-5.7143,4.1114,5.2901,9.539,2.4391,7.5351,-9.6762,-4.3576,-6.1382,-1.0672,6.3271,7.3161,-3.1642,0.9445,2.6744,3.5238
5.4329,-6.5733,5.8024,5.671,-9.7633,5.1878,7.9149,-4.8036,5.509,-2.5113,1.6333,-6.7721,1.285,-9.6061,-0.1503,-3.2422,2.8049,0.9012,-2.5592,-0.8025,-7.357,9.1715,-1.6513,-0.8013,-1.3237,-3.7629,-0.4388,-6.6242,9.6849,-2.8273,-6.4459,3.7044,1.0502,3.0322,-6.7636,9.3879,6.0331,-2.7815,0.8144,-5.3156,-7.6071,-0.5385,-3.4119,6.6289,-3.3844,-2.8177,-4.1772,-6.1264,-0.4432,-8.6587,-0.5753,1.7613,-6.137,7.1239,-4.5488,-5.9284,5.4762,-7.1145,3.7109,0.0613,-3.3298,7.5443,4.8915,-2.9768,8.8228,-3.2649,3.9542,-3.4736,6.8436,8.5839,-2.0129,7.2163,-2.5553,6.3232,4.4276,-0.8604,-1.7245,-0.2046,6.8648,-9.4032,8.413,8.2013,9.3947,-4.659,-8.8018,9.3089,-5.8588,3.8978,-3.7907,9.1531,3.7849,9.389,2.4571,-8.6132,-7.7061,-4.3546,-0.3374,-1.6507,-7.1238,-4.725,1.7934,-6.1586,2.1581,-0.3807,-2.1986,0.9908,6.8074,5.9252,-0.6474,-7.0307,2.3588,-8.0959,-7.5446,3.7385,0.9365,1.8808,-9.7459,-8.7174,8.641,-6.9049,2.8428,-9.3778,0.5723,4.7762,8.2718,-1.2317,-7.1624,9.657,-2.1607,-9.418,9.8876,-0.3719,5.7219,-6.6191,-6.3435,1.4871,7.6442,8.4214,-0.4473,6.9076,-9.5872,-3.3951,0.2903,-0.4389,-1.1729,-8.8852,4.3185,1.8379,6.4144,-0.5377,-6.3052,8.6263,-9.3837,2.9201,3.2117,-9.8551,-6.4602,-6.0353,-9.8747,5.4871,-2.0552,7.5014,2.8013,-2.2318,-6.7617,2.0716,4.6061,-0.2432,6.6959,-3.9615,-5.9296,1.3474,2.7467,7.1074,2.2291,-5.6912,-4.5267,4.5787,-1.3292,-0.8516,8.4157,9.3488,-6.3432,9.8935,3.5871,-8.2465,2.1107,7.5977,-6.8059,-8.9806,-1.4919,-1.2783,-1.5933,-0.3091,-8.0415,-8.2804,-9.2472,-9.8523,-5.1679,-1.738
-5.9253,-2.3704,6.3501,7.1275,8.1151,-5.9712,7.8223,-3.6455,-6.8077,-9.8512,-0.8483,-1.9503,-4.3344,-1.7697,-9.5258,9.7662,-2.1317,1.0698,-1.5134,-3.674,-9.1738,-0.5063,5.3248,-1.8281,8.3049,-8.8105,1.3089,-8.9511,-6.7928,-3.3373,4.7959,3.5949,-8.4585,-3.2868,2.618,7.9025,-4.7613,7.3228,-4.5498,5.1219,6.3124,3.0985,-1.4339,7.2125,9.8954,0.7687,-0.5366,-1.9234,-0.458,-1.1402,7.8738,2.5531,-6.5337,-8.9917,6.1101,-9.0272,1.3168,-2.1256,2.5263,6.2113,6.8483,-8.6789,8.2179,2.1351,6.2035,4.1964,-3.8294,5.7578,3.8002,-7.3296,2.7928,6.1291,5.8782,-4.9331,8.4326,-8.9971,3.2119,-2.0298,-4.7427,-6.8012,7.9995,-1.2768,9.9766,-5.1048,-3.8343,-5.2599,-2.2512,6.0992,7.0552,5.5644,9.1962,-8.9615,9.56,1.6149,6.5336,-4.0562,-7.1453,8.2167,9.7152,-0.8768,-9.6595,-1.9996,-7.5163,-7.1053,-1.6164,-0.0432,-1.8828,0.0799,7.3242,3.3726,-8.279,-2.846,-9.1282,-6.2679,-3.1967,0.5112,-1.3911,8.4541,4.0746,5.4008,3.4968,4.7133,2.3065,-1.7827,7.5656,-0.552,-2.4566,7.6941,-4.9344,-1.7847,-8.4791,6.6719,6.8202,-7.8094,-2.0727,8.2338,5.7476,-8.8933,-3.4091,-0.5157,7.8275,2.0731,0.8169,-8.7221,-7.7417,-2.1509,2.1805,7.0514,8.1155,-9.7839,6.8582,-0.2016,-2.206,5.8443,-4.3398,-1.3495,-3.8335,-3.3124,-1.0287,3.347,4.9973,6.9468,-5.9705,-2.3069,-5.9256,-7.1184,-2.7458,-7.8557,9.3994,8.1859,7.4264,-0.0988,-5.0006,-3.6377,-0.7546,0.055,5.4789,7.4084,5.6411,6.5937,-1.0895,-9.258,-4.8561,-5.5005,-8.2471,-6.1842,5.4507,1.7329,4.8003,-6.6914,8.554,-6.8877,-1.3764,0.9758,8.7582,8.1829,6.9392,-0.656,-7.976,-7.6234
-3.3538,4.3673,-0.3688,5.2685,-3.7777,9.2783,7.2062,-6.8764,-0.2069,-5.3546,1.0274,-9.8225,9.3581,-4.2316,-9.534,-9.0071,-4.7291,-6.4595,-4.0534,-5.1312,-7.4671,-8.6764,6.2723,-9.6106,5.3954,-7.7705,-0.1752,-6.5352,-3.7115,8.0307,-4.0101,4.6084,1.3249,-1.0345,5.8658,-4.4261,1.8547,5.8591,2.472,-4.5058,3.4864,1.9095,-0.5535,6.8359,2.7874,-9.2347,2.4222,-3.729,-9.184,-8.8324,1.2414,-5.1206,8.9049,1.9647,-3.2834,1.2802,9.2184,-6.7414,-1.7744,-2.6698,8.2037,0.1314,-7.182,5.1916,-2.8548,4.4947,8.2673,1.0465,-1.4288,5.7382,-1.3832,8.4446,-4.5535,7.6937,9.2972,-8.6846,0.7151,-2.0031,-6.7513,-2.374,-9.5725,-7.8428,-0.9319,-8.1305,3.6146,-7.5775,-5.3246,4.2743,1.243,-4.4038,-8.5489,8.9553,-8.4153,-7.123,5.2707,-8.8444,1.4886,-1.035,1.0472,3.7485,2.1149,5.2667,-4.6207,-8.3759,4.6252,3.022,-7.9544,2.0933,9.0311,-2.6053,8.5809,-8.9535,1.2763,0.0462,-7.3987,0.2625,-8.3859,-3.0432,-7.838,6.4835,-6.3629,2.7722,3.6406,-0.0324,3.749,-5.8594,-3.5328,4.4892,4.5104,2.7618,7.3583,9.3295,1.6776,6.0279,-2.263,-4.5362,3.5655,7.1648,-3.5955,7.0523,4.9019,-1.8834,5.833,0.9128,1.2822,-3.1253,-3.4244,4.2274,-8.7118,3.8522,-9.5841,-9.1807,5.874,-6.9362,-8.7467,-5.5666,-3.0567,1.4609,5.5503,-7.6446,5.9894,-0.4712,-2.1503,-7.0537,-1.417,7.999,7.5984,1.7537,7.5473,-1.5639,-6.794,-7.6689,-7.5557,-6.0887,7.8266,4.0616,-6.1456,5.4973,-9.5652,4.6972,5.5829,9.91,-4.3346,3.799,3.6475,3.2326,-7.3164,6.5996,1.4235,-2.3052,-9.0001,-1.5094,-6.5518,-7.7733,-7.0625,4.8626,8.3615,1.2711,-0.9141,-5.8606
-2.6879,1.9778,9.8525,-1.9606,-9.3108,-3.3349,7.3159,4.835,9.0867,-0.8508,-8.6629,-4.0678,-3.8955,2.7474,9.7201,-7.4046,-8.4225,-2.8759,-3.7273,8.4648,8.5681,-3.2284,3.7317,-6.7125,9.6113,-3.8235,-7.8088,2.1494,5.8016,-5.5151,-2.6223,4.5882,2.8744,-3.1548,3.3781,-3.075,-6.0237,-7.3109,8.7207,2.809,3.0273,-9.5656,-3.1674,2.3657,-1.4753,2.1967,-1.4943,2.9897,7.3084,3.1955,-0.3576,-6.005,4.6534,0.5005,-1.7579,-9.9912,4.9035,-2.5365,4.5053,-0.9207,-7.5675,2.4294,7.5365,-5.7377,-2.0078,4.1003,-1.0216,-4.1049,0.7964,4.1692,1.184,-7.9126,-5.851,-8.7536,2.3495,-9.3677,6.1856,-2.7251,-7.2007,5.2857,3.4717,7.5512,-1.0506,2.3973,-2.8802,0.5817,5.2845,4.0424,5.458,-0.1793,3.2829,3.6693,4.7694,-8.9831,2.025,-9.7964,7.2884,9.8215,7.9259,4.067,9.6321,-9.2421,-1.5839,7.4561,0.7023,7.0567,-1.6427,-3.1157,-9.4667,3.7389,-7.7241,-0.9678,-2.096,6.8628,8.2989,-7.5771,7.1287,7.5455,-7.8739,9.1923,-2.9178,-0.0595,-3.8081,0.5335,-4.5369,-2.0202,2.0274,-9.7473,-8.6098,9.7447,8.0968,6.4735,-9.3684,-3.9627,5.8799,1.3823,-9.0151,5.0321,9.9701,1.8769,-9.9575,-5.7028,0.6109,-0.7753,-9.6614,-8.8621,-7.7902,-0.883,0.319,-8.0786,0.645,-6.4101,-2.4386,9.6193,-5.1936,-4.2975,-0.9142,1.5093,-8.146,-8.016,-7.4082,9.5933,5.2932,-0.4829,-5.7551,-3.0371,-4.4378,9.8083,-1.6346,2.3161,-9.2056,-0.0415,-9.413,-0.2772,9.8867,-3.3112,7.204,-8.9014,9.5715,7.6167,2.3199,4.2183,-1.351,9.2772,1.647,7.0293,0.9154,3.3851,5.1582,8.0497,-6.9724,3.0906,6.8544,0.3036,-5.7388,-7.3056,-4.9509,-5.361,-8.4358,-6.779
1.0087,0.0027,4.6059,-1.1733,0.522,-0.2984,-8.4923,5.1453,-0.6758,7.5625,-2.4952,-6.7466,-8.5893,6.2594,-9.394,-3.449,-0.0804,-2.6735,4.8731,-1.2037,-0.7032,-9.7773,6.6028,-9.7276,4.8092,7.6848,1.0058,-2.4188,1.9694,6.2648,-7.9486,5.0166,0.2548,9.3332,5.5352,5.8027,-4.098,-1.3773,-4.6331,1.2953,-2.939,7.7722,8.5109,7.1844,-9.2792,0.3495,-8.6803,-0.5437,7.2572,8.4526,-8.1417,-3.0117,5.4256,8.7009,-1.4183,9.2332,-3.6087,5.2974,5.4106,6.7651,6.3839,6.7108,3.6797,-6.0314,-7.2951,-0.2892,-8.049,5.6388,8.8985,-5.5134,1.6256,-8.5953,1.9298,9.7055,-6.4664,-9.4961,8.9517,6.4993,-8.252,0.4591,-3.6259,-0.5721,2.8768,2.1848,-5.5814,9.303,-7.5445,-3.5359,0.178,-6.1238,-3.7049,4.1976,4.9289,-1.0859,8.1814,-7.9029,-4.485,-5.9166,2.4886,0.3311,-6.9723,1.5166,8.8253,2.4939,8.4492,4.2233,-5.2938,-8.3206,-4.2671,2.8385,-1.882,-2.1821,8.5086,3.1205,-6.1437,6.6633,1.0057,-7.9818,-1.8607,-6.0224,-4.5693,-4.5558,8.9429,6.6423,-1.8241,1.169,3.185,7.0711,-9.1249,3.4318,7.9187,-7.6766,5.3757,-4.5932,3.2668,-5.769,2.5821,5.1925,-7.9493,-0.1695,-1.6251,1.7102,-7.963,-4.5928,-0.6366,1.7555,8.3288,-2.4427,-3.3408,0.1834,0.5451,5.1791,-4.504,1.7932,-4.0662,-4.1897,-4.7841,2.9349,2.0932,9.7482,-2.5513,-3.4855,-6.9766,2.7294,6.3235,2.0309,7.4483,-8.0592,-9.9189,-6.8674,-3.5054,3.5845,-3.9515,-5.1659,-1.215,8.1407,-5.6278,3.3076,-6.0479,5.0675,1.5432,-2.1089,6.2399,9.3132,1.6768,3.6111,0.9839,4.572,1.3167,-4.5459,6.5728,5.8987,-5.7392,-2.801,1.3256,1.7477,3.2234,5.2172,-5.2702,-5.7436
7.6549,4.3839,-7.4305,-6.5549,7.3677,-9.2882,-2.1153,8.4882,-0.3679,1.1805,-0.2854,5.1422,1.6798,9.1759,9.5574,2.2302,-0.2744,9.9023,-1.5731,7.8616,-7.8252,-2.3524,0.5646,-8.5553,-7.1638,8.2768,5.7853,3.962,-1.2908,5.7873,1.1236,7.7643,1.41,3.6736,1.7792,-6.7245,9.3546,-0.2546,-2.3433,6.4575,1.2022,7.6923,3.405,2.9766,-5.8151,-7.6282,-9.5322,-3.706,1.9457,8.0817,-3.1854,-7.0758,1.776,-1.8896,-8.2369,8.2059,4.8079,-8.8463,-1.0349,3.6847,-1.4799,2.6031,-0.1784,-4.0786,6.0813,8.108,1.7568,3.0366,7.6356,-7.1579,-5.828,9.3999,5.8754,2.2383,-7.0439,0.7305,2.5769,-3.934,-6.8636,-8.5137,9.0507,8.8304,9.7353,3.2548,9.4043,3.1128,-4.9101,-4.3977,-1.5656,5.6647,0.2505,2.172,-1.4898,1.1124,4.7382,-0.4451,7.5413,-4.6936,-5.4917,8.0018,3.2763,3.664,3.8385,8.6758,-9.8598,-1.2548,-9.4438,-4.1155,2.1652,8.9231,1.5009,-1.4881,1.5241,-1.4808,7.1067,-7.1475,5.825,-4.0203,-6.5961,9.0691,-1.2456,-4.3866,-0.047,-3.8385,0.0449,-6.3494,-7.8182,-6.3555,1.9054,-5.4224,-8.8424,3.6116,2.5005,6.8351,-3.0673,-4.9191,4.5624,5.6775,-3.2007,2.3487,-4.5202,-5.7609,6.394,-3.9285,7.2677,0.2006,6.0292,3.6111,7.9004,-0.1512,4.1634,-4.5707,-9.1148,3.7505,1.5707,9.8035,0.4431,9.5109,-8.3488,-5.7004,-8.0405,8.6913,-0.7637,-2.6571,1.1409,8.5135,-0.6922,-6.7131,2.1047,6.2511,2.2201,-7.5894,4.8355,0.7716,-3.5942,7.9775,-7.4608,-7.4027,-4.9243,8.5618,0.5699,3.9184,-9.0086,5.5827,2.5883,6.4445,-5.4416,-9.0519,9.8738,7.3099,7.7593,4.1445,6.3742,-1.2453,7.869,3.4622,-5.7396,-6.3676,-0.3829,-6.1873
-2.5554,8.5228,-7.2048,2.7742,-1.1188,-1.7444,6.8843,-0.8102,0.8078,4.6196,-1.381,6.9933,3.0164,-7.3131,8.3827,-4.8645,-8.7477,9.0945,2.4635,-9.8295,-0.4043,2.0202,-4.045,-6.0696,4.4215,0.5892,6.4708,4.7592,2.5724,-5.8518,-3.8185,0.4569,-9.5409,6.7476,-2.3688,0.1784,-4.2448,-8.4458,4.1659,2.5252,-9.345,-9.1551,6.6957,-9.4593,-2.4471,9.7274,1.6426,-5.9181,-7.7533,-5.0656,-7.0565,0.4018,8.4446,-7.3502,-0.2986,2.7463,-0.1525,-5.7451,-0.1091,2.2725,9.9718,8.3697,-0.061,8.9326,5.8949,-9.8454,-9.5934,2.0812,-9.6159,7.6643,5.0347,3.6825,6.0117,-6.1602,-0.0822,3.9461,9.7372,4.8228,2.1241,7.0604,-4.1164,9.1191,6.4111,9.3869,5.8496,4.2295,3.6845,-0.2963,-8.5536,1.0616,-8.378,0.204,8.3021,-6.888,-5.3431,-2.3506,-9.294,4.476,8.4569,0.6798,-8.1608,-1.7281,8.039,5.329,1.2522,-7.8252,7.3047,-5.7259,-8.0699,-3.0742,-1.7686,-1.4228,-9.8475,-7.073,1.4118,3.6831,-2.7474,-4.3011,5.732,0.7477,4.2918,-7.5541,8.2004,-0.0419,-3.0958,8.2532,3.1447,0.563,8.0806,7.9032,1.7201,6.845,-9.613,8.4264,9.1328,5.419,2.2272,0.1628,-0.9504,-1.5209,-7.6394,3.5219,-4.416,6.277,1.6583,0.8134,8.6176,-3.7174,6.7505,-5.1219,4.6283,-9.6988,4.9306,-2.2551,-6.8524,-9.8453,-0.6339,7.2187,-6.2162,2.9781,-9.4679,-5.7166,5.1335,-9.5481,-9.6111,-3.5841,4.5768,-0.7597,-7.3307,2.1693,1.8146,4.9617,-8.6789,-4.9838,3.1247,-3.6286,-8.1086,2.8482,5.0518,8.1456,5.526,-8.2269,0.9178,-7.2005,-5.4833,1.2573,1.2801,-1.2248,5.2591,5.8634,-6.7408,9.8354,9.941,9.1084,6.4529,-3.8522,-7.5585,-2.8629,-2.7638,4.2975
2.1093,8.4502,-2.7876,3.4718,9.3008,4.209,-5.6251,-4.3951,2.8063,3.9744,1.2772,-9.374,-6.3174,-1.7973,9.2091,4.7256,7.429,9.3796,9.0999,9.5636,1.4597,5.5063,-7.4535,5.8788,-2.3563,9.4989,-5.3632,-9.9542,-3.7153,1.4302,-7.799,5.5512,-3.6955,-3.6295,1.0972,9.2974,6.3229,-0.4663,-0.5725,-8.6282,-0.7835,-9.5033,-9.0847,-3.8572,-3.3246,8.3887,-7.5412,1.6531,-4.7237,1.9281,-8.2946,5.02,-6.8254,-2.4352,-5.8724,-1.8886,-4.0447,9.1515,-9.9072,-9.1313,-0.3016,-6.7876,5.5693,-4.1574,-5.7389,-0.8079,6.0731,-6.908,9.5364,1.6022,6.3919,5.653,2.6278,-7.4795,1.1881,5.2662,3.0068,-5.1128,-6.1237,9.353,-1.5618,1.2836,-2.0357,7.529,4.5481,7.3938,4.2509,3.4767,0.7753,-2.7741,0.7708,1.1628,-2.8467,-8.2548,3.3792,-6.3447,6.2888,0.545,9.7814,-2.7764,6.2089,-6.0374,-5.9556,-5.3675,-2.2628,-5.3555,-8.3608,-3.719,4.2963,1.5749,1.0834,-1.509,1.5367,-3.1874,-5.7754,-3.3134,0.8505,1.5217,9.3635,2.2123,-4.4343,-5.6134,7.6145,-1.107,3.0962,-6.2721,5.2932,4.8833,8.3213,-7.7172,-8.0642,9.0767,0.9071,-6.4023,4.9026,5.3185,-7.8398,-4.0883,3.937,-7.9411,-4.5302,-5.3131,-7.5697,1.1988,9.6659,7.4168,-6.8628,5.0001,-4.5495,-3.3426,-3.8784,-8.3627,3.2856,9.1236,5.1831,3.9884,-4.8886,-3.425,7.5262,8.1165,-7.2158,7.4866,8.2711,8.2586,-0.2972,9.3777,1.9651,8.5456,-4.9629,5.304,2.4107,1.9916,-2.5944,5.3307,4.5853,-7.161,-4.7186,8.0287,-3.7937,8.9296,-2.2203,-0.1616,5.4752,-8.3184,2.1382,9.4556,4.8145,-3.5635,8.9097,-4.5893,7.1595,9.9788,5.3742,-8.4066,-7.0369,3.8443,4.9176,-7.6045,8.998,-5.0577
8.7775,-6.7826,-8.0369,0.8324,2.7913,2.3889,-2.5973,6.8251,0.1633,8.2236,3.6096,-7.4264,-0.7384,3.9416,6.4891,-1.8679,-5.1346,1.9181,-7.6659,8.3425,7.8398,3.9893,7.1793,-3.6325,-4.2106,5.3683,4.7343,-7.9322,4.7956,-9.4994,4.644,1.9889,-8.3326,5.3343,5.633,-3.93,-9.2589,6.2026,-8.568,7.5629,7.2102,-7.3605,-2.3177,-8.289,5.1994,1.9182,-6.4848,0.8158,0.7816,-3.7197,5.3756,-5.1187,-4.8917,-8.2912,-0.9563,-9.9938,-9.2866,-9.8879,0.6882,4.2213,-9.6271,4.5081,3.6443,7.4663,-6.5425,8.4541,2.1086,2.4305,6.0981,-9.4235,-6.7554,3.37,0.9233,1.4942,-8.2239,3.9058,-0.7545,-4.8148,-4.5262,-6.5039,5.4822,4.4963,8.0236,7.0666,-4.5919,0.2209,8.2076,8.4341,-8.7921,9.1395,-2.6859,9.3032,-6.9147,-8.7628,0.0216,4.3591,1.424,-1.9207,-7.3082,3.5027,0.4263,8.0652,-8.8567,1.305,-7.506,-4.8241,-2.1726,7.7738,1.5138,-9.2513,0.6292,-3.6484,6.4728,-5.6248,2.5964,-0.3597,-7.5596,-1.6636,-3.1948,-5.2954,6.4705,-5.9589,-2.0093,1.0331,-4.8786,-8.673,4.0505,-1.4614,-0.1483,3.9715,-0.7082,5.5311,-2.1225,-9.5553,-9.0199,-9.0224,-2.0904,9.1873,-0.0635,7.6898,-6.4735,-6.6626,3.837,-4.8395,-4.6655,2.4894,9.0951,9.564,-3.1372,-3.842,3.3177,7.3732,3.8208,5.7619,2.8785,6.1356,-5.2469,3.712,-1.989,-9.2792,-5.9457,-5.6673,-0.7503,-7.8131,-1.7141,-3.1036,4.583,9.4113,5.3531,-5.3317,2.8988,1.1444,-7.8153,-2.5303,-2.7987,-0.8923,-1.6747,-3.9841,5.609,3.963,-1.1328,9.3547,-2.3739,-2.8522,4.8364,-4.7013,-1.9557,-6.2537,6.2236,-3.6712,2.0307,-1.1668,5.3651,7.2752,-0.8651,-2.0101,-7.112,4.7187,-4.5246,4.6486
-6.3782,-5.6399,0.6221,2.3079,1.5799,-9.0579,5.5199,4.4882,1.9966,-0.5781,-7.7958,9.2742,8.573,6.8876,-1.602,5.145,-2.3597,-6.9869,4.6821,-1.3221,-3.7753,-6.3819,3.1177,-0.3956,3.8656,4.928,3.7469,-0.2846,-3.2542,8.0712,-3.5002,1.6347,-6.2086,-2.9549,6.6883,3.895,-1.3471,7.7086,-2.1014,4.2677,4.0707,4.9802,8.8432,1.7779,-7.2633,3.3602,-4.7481,3.1734,-2.0671,-6.1188,-7.3812,4.3914,-8.949,-3.4709,6.1865,7.6885,0.6918,6.4437,-9.6077,8.6086,-0.8441,2.4628,5.1653,-4.1205,3.4497,-7.5249,-1.9031,-6.2246,2.4116,-1.9338,-3.596,6.4321,-3.9578,-6.1739,-8.7119,-9.7177,-7.4043,7.3838,-6.043,8.4084,-8.8973,-0.2828,5.0422,-7.1365,-6.854,5.2932,7.4081,2.9195,0.3296,-1.1047,-4.3559,6.6902,-3.8735,-0.4675,1.7217,6.046,-7.8834,8.5879,8.2555,3.2913,8.5028,-6.948,-4.4396,5.2729,-6.2529,4.7576,-4.5868,-2.0852,8.6473,8.5248,-3.3482,-3.4577,-3.1265,2.2967,4.8465,4.8357,1.4968,5.3158,4.9193,5.7281,1.8888,1.9319,3.7133,2.8879,-4.9886,-4.3607,7.2275,4.8016,9.066,-3.0293,-6.8527,-1.0007,-3.3816,1.5306,-5.3612,-7.4784,3.0637,-9.7634,-8.8767,-8.8262,-0.8945,-3.5802,-7.67,-4.9127,-9.6112,-3.1582,2.0418,6.0612,-3.4833,5.5977,5.1941,4.6357,-7.3213,5.3395,-2.376,1.5225,0.53,-6.9577,2.3666,6.9749,-4.9619,5.1744,-1.484,-8.7661,-4.7745,-7.7007,1.3819,7.0018,3.1878,-0.994,-4.7515,5.965,-0.4748,7.1631,4.4386,-6.4325,3.5249,4.2335,5.1552,-3.6472,-1.6903,-6.5783,8.0561,-3.8996,8.6791,8.6346,1.6752,4.9795,-9.7489,-5.9687,6.2417,6.1735,2.7927,4.8494,-9.6554,-1.1543,-2.0119,7.9683,0.6279,0.1745
0.7774,3.0457,-1.8109,-6.7359,5.2599,-1.339,-8.638,-2.0895,-7.0689,0.5466,5.3662,6.9426,-6.9324,3.7535,-1.4601,8.8719,2.2588,-0.9726,-4.9926,-5.9994,0.1057,1.998,0.8563,8.7644,-6.5863,3.7587,-1.8278,6.5562,-2.4743,7.6443,-6.7586,9.6109,-1.5798,0.1997,-2.0207,7.5223,1.2867,8.1746,-6.2924,-7.5513,3.1684,9.0865,-7.2303,-9.9138,4.1237,-4.0776,-8.1623,-3.3973,-5.1262,-5.124,-3.2998,-9.6727,-6.201,-8.1852,-8.4059,4.1729,1.7409,-1.7813,0.6486,-8.7142,-5.2507,1.4311,-9.0069,-1.8511,1.6714,4.2074,6.6608,-4.3262,-5.9328,-8.853,-3.6609,0.5064,0.3012,-1.7846,6.9501,-9.5217,3.4673,4.8809,-0.5582,5.6555,3.6421,3.99,9.5959,3.7136,-0.4706,-4.9289,-5.6094,-7.6925,-7.825,-5.646,5.2435,-0.0813,-1.8174,0.2027,-5.669,-9.3552,8.0132,-4.5557,-5.4682,8.5714,7.8192,-3.0805,-3.4619,-1.0761,8.8519,0.5903,9.9464,-6.475,4.2237,6.982,-3.1592,8.6997,-1.8052,0.9068,3.7773,7.6533,6.419,-8.3023,8.5815,-8.8598,8.9666,-1.794,-7.0229,0.1131,-6.2435,-9.8125,-7.7032,3.7918,-9.3406,3.9,-6.7051,-2.2164,-1.333,-4.1938,8.1056,-9.6213,-3.8925,6.8659,-4.2896,-9.4403,7.8859,2.5791,-8.6372,-6.9653,8.9252,8.9035,6.9831,-6.5142,-5.5162,-3.4038,-5.0877,-1.6094,-8.3114,4.6198,-0.261,7.3891,-7.5883,3.3172,4.3723,6.7465,-9.9877,-7.5935,2.668,4.7792,-7.7778,-0.8147,6.0129,-4.6921,2.3865,8.6446,8.6906,-9.7471,-5.3744,-4.7428,3.2741,2.5735,5.3156,2.6154,-2.897,8.117,-0.0121,-0.4375,3.7187,-7.9004,-1.1176,-6.1067,5.1779,-3.984,-4.3476,-6.3253,1.3154,2.679,0.1557,-1.5162,4.3254,-1.7264,-0.6697,4.6888,3.6756,4.5346
2.1935,4.793,-8.9918,-3.6476,7.1522,-4.2452,-9.4978,-5.2408,7.2187,-6.6028,-1.6422,7.5121,-0.5003,-3.1742,8.4323,-8.7957,7.1223,-0.061,-2.6395,-6.0468,0.7118,8.3439,-7.7304,3.8161,-5.9845,-0.45,-7.7334,-0.4176,9.3307,-8.7735,-1.9006,-2.8702,1.7471,6.8138,1.4376,-2.1596,-6.7651,-7.8463,-3.4001,-4.6714,1.1745,9.1792,4.4777,-7.3652,-3.0526,-2.2709,-1.5738,-4.2556,4.77,-7.0538,3.0743,1.2076,6.7678,-8.4613,-1.7261,-5.4377,7.6493,4.8863,-6.3265,-0.4531,9.3955,2.0311,-5.9025,-2.431,-8.7241,-6.183,-6.3209,8.6008,9.6949,2.919,1.163,8.3303,7.514,8.9948,9.1455,2.9438,-5.0583,5.5592,-3.418,-6.6319,7.3692,-6.0205,9.551,-4.0175,-8.6742,-9.1172,9.8015,-6.7852,7.4148,0.0856,-3.3684,-1.8968,-9.226,-8.9882,2.2631,-8.5745,-3.2497,-0.9151,-1.2818,5.7131,7.308,6.6918,-2.1109,-5.9663,6.9329,3.3453,-0.5863,1.8271,-7.8897,-8.3168,-6.0886,-0.3333,5.3383,2.7796,8.8484,-6.225,1.9496,5.1639,-1.309,5.3689,7.8656,4.0489,0.1091,4.9914,-5.9774,-2.7263,-1.8528,-0.0401,3.6439,9.3497,7.8952,-6.2625,9.5431,3.3831,1.9645,4.3842,6.1162,-7.7988,-3.9753,4.9986,-0.4118,5.4749,9.7857,4.9154,9.9457,3.1113,-2.3221,-1.0613,2.0892,5.6755,-3.9943,-0.7183,-9.4397,8.7339,7.6841,3.8776,5.4557,-4.2718,-5.0598,5.3905,-0.9822,1.0076,-2.2388,2.4098,2.8605,0.0128,3.2726,-1.867,3.7856,-3.9587,4.8614,0.9484,-6.9963,1.7583,-8.376,9.3877,9.584,9.3064,-6.381,9.0528,-1.2188,4.402,0.6212,-0.1378,3.3399,6.4931,2.7281,8.8064,-7.6821,-2.9703,0.2683,6.8721,-9.4571,1.9238,7.5012,-2.1991,-5.1592,-8.7884,2.4559,-8.861
4.851,1.256,-8.7023,-5.9618,-7.6627,4.5093,1.8364,8.3264,-6.6538,3.8877,2.305,-3.8227,-8.0872,-8.7408,8.087,-9.0685,-2.2579,-9.1398,1.6675,0.4251,-0.748,9.6378,3.3742,-0.7375,-8.2525,7.3401,-2.5194,-2.0363,5.4583,-5.9506,8.0903,-1.789,-5.1505,2.7207,-8.8108,-5.5575,7.7091,-8.1801,9.8248,-4.8712,-8.5553,1.5714,2.608,4.5501,4.7835,0.6026,7.0479,0.5972,-8.1782,6.8543,-0.0821,0.3651,3.4361,-0.5039,-0.8186,-6.7251,7.1689,-5.3265,1.5643,0.9622,8.8833,9.2102,7.015,-0.0938,1.0246,-9.5652,-6.8338,-7.1958,-9.3999,-5.1942,5.257,1.8915,2.8147,-3.2371,-3.6641,-5.3896,5.1086,-3.3434,-7.4946,-0.1381,-1.2708,3.3861,-2.8866,4.0551,-7.001,-3.0715,0.2902,-0.0568,-3.8038,-5.4691,9.5658,-5.8771,1.9321,-1.7764,3.0751,-8.5178,-7.8707,4.1911,-2.4688,-3.0525,4.1278,-9.6215,-4.6892,-6.7634,-4.4295,9.93,3.399,2.6619,-9.5135,4.5436,8.9284,1.6498,7.872,-4.5918,3.594,-8.9117,-1.2002,1.7064,1.6159,-9.2724,-8.2544,-8.6521,-2.3873,4.1284,-2.6076,-4.0752,3.7425,-5.469,-5.0865,5.0156,-9.5645,7.7275,5.5107,0.6886,4.0441,2.664,-4.7039,4.3235,7.5529,-3.2641,3.1485,-1.7172,-1.1149,1.0405,-5.7286,1.0385,2.346,8.6651,-8.426,-6.784,-1.5453,4.6403,1.9872,-4.4409,4.0111,-6.6907,9.5113,-5.7655,1.2769,0.6776,8.7549,4.5917,1.4268,8.0724,0.2418,7.0654,8.4977,-2.1523,7.0991,0.9408,-4.5634,-3.4737,-2.6266,0.9665,-1.1844,-4.5093,-5.186,4.481,-5.4821,2.1564,2.1269,9.9418,-1.317,-3.1904,-6.2507,-4.5048,3.2726,2.0681,-3.08,7.684,-4.5021,2.2457,3.1462,1.2083,-4.7453,-1.3478,7.3537,-0.3016,9.885,8.3248
8.093,2.7366,-9.0801,-8.8672,-0.0402,-8.3484,-9.8456,-6.3109,4.292,-3.4563,-5.6539,-3.351,8.6046,-3.3762,-0.6275,6.6582,-1.5191,-2.0506,-1.8924,4.3858,0.0516,-3.5058,6.9177,0.0051,-1.5497,5.8021,2.9411,-3.3722,-9.9723,3.5528,-5.1937,-0.6649,3.8049,-8.9505,6.898,7.1644,9.156,-6.3864,6.5254,6.1205,0.7648,-5.2624,6.8924,8.2995,-5.7416,-2.0808,3.1018,4.4509,-0.1996,-8.4299,9.9104,-7.2324,-4.9755,5.6842,4.8996,-7.1767,7.6483,-0.3432,-4.8786,-3.6737,-2.4435,-1.7758,0.3247,2.1715,-5.72,-6.049,-2.2523,-2.3762,2.2963,4.0601,3.2271,3.2902,-6.5459,2.2268,-9.6848,9.386,1.8398,-9.6417,2.8271,0.2204,-4.9273,-9.0244,-9.7301,0.0687,-7.6481,4.6441,3.6718,0.3688,-9.6507,-3.646,7.3098,-1.5141,-4.6726,6.1808,-9.1811,-5.3189,8.5353,-0.9706,-4.165,9.3018,9.1288,-7.6646,-8.6959,-9.2361,2.9919,-8.3991,-8.8569,-7.3876,4.4772,-6.6525,-6.4071,-6.637,9.8006,5.1823,0.2382,5.6304,2.7706,0.0501,7.0581,-0.4949,-3.908,8.9829,-5.2464,-5.7949,-8.8696,4.107,6.7036,3.4202,4.2468,4.6026,-9.395,6.5651,7.3844,4.4353,5.4335,-5.6671,7.1044,3.1105,-2.2328,5.8326,7.0173,-4.3646,1.7042,5.2925,1.2392,-7.6426,-0.9192,0.4886,4.4757,-8.6991,-2.8004,-2.269,-5.7127,-3.6748,-0.1674,7.726,-3.9399,-1.0157,3.8764,-6.0734,9.4527,5.3388,2.4447,-8.9183,9.2643,-5.4912,-7.8417,7.8041,5.8206,-3.4558,5.9202,-1.892,4.3996,-6.5779,-2.2855,8.628,-5.9986,-0.7811,-6.5167,-0.9649,-3.7909,-6.8633,0.3708,7.1445,6.5552,2.1604,-1.1028,-6.5785,-4.2993,0.6181,9.3452,0.7865,8.4704,-3.3869,-8.5199,2.8069,7.7558,8.4764,-0.0149,-4.5869
-7.1177,-8.8113,-5.094,3.3541,4.0537,0.5877,2.6417,6.5026,-3.3374,-8.6142,3.7395,-2.3824,9.5617,-7.6905,-1.3386,5.2972,2.2276,-9.9904,-1.9263,-4.778,7.572,9.0132,7.5652,-6.164,3.4699,1.3421,-7.838,-8.5546,5.2566,-4.3582,-6.5776,-6.3209,5.0863,1.6131,-0.7068,3.8941,7.383,6.7152,-4.999,5.3929,-2.0609,-9.8127,-0.8113,9.3066,-9.6014,1.8228,-4.4278,-7.3061,-1.3008,8.8315,9.1732,-8.9605,0.8947,7.5517,-7.7302,0.6853,-8.4546,9.3669,1.0164,3.8092,8.906,0.6904,4.206,9.4107,-5.5009,2.7683,8.5028,3.7896,-7.9655,-1.4043,-0.2417,4.863,0.2668,2.8732,-7.9574,-1.2099,-0.5107,1.7623,-8.6981,7.3029,-1.5607,-8.0251,6.4278,-8.4662,3.7612,-7.2869,7.6509,-7.9217,2.6401,-5.5317,9.0948,-5.2927,-4.5066,-8.9972,1.479,1.3612,8.8551,4.5015,-2.2576,4.3979,8.9539,-8.7181,-6.8665,6.6798,-5.9544,5.0845,3.9638,6.106,-9.9131,4.6732,-8.2706,9.9174,-1.9976,4.1213,-8.8624,-8.9314,-8.8409,0.1102,-2.967,3.0062,-6.8033,-0.1662,1.6085,9.3465,4.6913,-3.7808,-7.5213,-7.7643,0.6627,-7.7813,2.588,1.8097,9.3947,9.8501,-5.2197,6.9809,1.1024,9.5638,2.3091,-8.8007,-4.315,-4.5698,1.1424,0.2112,0.6836,-3.0245,4.2186,2.6498,-4.0939,-3.157,5.4542,3.9061,-1.9922,-8.7168,-4.8145,-8.1317,-6.3645,-0.3503,-4.9994,7.821,7.2126,2.9991,3.7656,0.9843,8.3126,9.0533,-4.8175,-2.4433,6.7281,-9.7553,-1.3386,4.755,-7.2717,-9.8932,-9.365,2.8012,-7.2098,8.4422,8.0809,0.9895,9.504,-5.4079,-1.6983,8.6915,-5.383,-5.5336,1.2929,-4.5867,-1.6259,-3.6292,0.0094,-5.4926,2.7699,-2.3459,-0.9546,-3.7575,9.383,-5.9839,4.4842,4.8015
1.7512,-6.2307,-1.835,3.9534,-2.908,5.5383,-2.3979,8.0141,-5.5402,-9.0068,8.938,-6.2506,-6.1109,9.3289,9.0833,-7.545,3.8559,-2.9331,-1.1145,-5.828,6.1879,4.309,-7.925,8.0175,-9.1845,8.7929,-5.8911,4.066,4.3107,-8.469,-6.1563,8.7368,0.0866,7.0654,8.2696,-1.876,7.8091,-5.4254,6.8359,5.338,-2.7559,8.6207,-6.2684,-1.6719,0.0301,-3.9154,-1.7466,7.1099,4.4768,6.9965,2.1651,-0.4702,1.6585,-4.5648,-6.3115,2.5241,5.7348,9.2699,5.1154,-5.37,8.4489,9.1019,-3.7932,-6.8519,3.9231,3.6753,5.2041,-9.7195,4.6235,-9.7057,5.5728,4.478,7.4575,-4.1517,1.3876,-1.0043,-3.9579,-5.4956,0.9009,-3.7141,-3.789,6.3412,-6.2909,-0.9922,-9.3126,6.93,-1.0742,-6.5295,-8.1436,-0.0217,9.5057,5.3093,-7.9767,2.8764,-6.1228,7.5725,-3.6031,-2.9884,-7.9547,-6.58,-1.6625,-4.5358,1.8894,-0.5867,-6.301,-4.4825,-8.4952,-4.9463,-9.2796,-0.8578,-0.059,9.9534,8.9024,-6.9496,7.6706,5.3791,-4.833,0.1524,-2.3541,-2.3572,5.7486,4.6488,-2.6418,3.1693,-1.2388,6.9463,-8.0366,2.3854,6.6206,-9.9245,-1.2345,7.3517,6.4335,4.2529,3.8419,-1.5631,-4.9359,-0.343,-0.4431,7.5422,-5.6216,-3.1295,7.5688,4.8884,-0.9922,7.887,-1.0134,2.7508,8.4398,4.0709,-1.1435,-8.6388,6.9848,-5.8421,-3.1387,6.0283,2.5628,-4.9801,0.4586,-6.3724,3.917,4.9715,-3.3793,5.478,1.7026,-0.4395,-5.2312,-1.428,-2.4484,-3.7826,-5.2662,-3.9717,7.4174,-7.5477,1.2131,2.4887,4.2967,-0.7841,-1.7886,3.3486,7.2276,-7.9443,-3.5073,4.8193,8.5272,-9.2975,-3.2157,8.1467,2.5244,-5.8161,9.3105,-3.257,1.2088,2.0501,0.6113,3.2571,7.4265,1.7989,9.2846,9.7255
-8.4979,-0.1655,8.1526,-5.2776,-3.5969,6.2828,-2.222,-4.9617,-4.1314,8.2498,2.015,5.5271,-4.4176,5.3516,-3.6371,-4.1805,9.6774,0.4712,3.1135,3.3706,-2.7303,-9.2076,1.902,-9.0235,7.0934,1.1215,-7.259,-6.7516,-6.9891,-9.2836,0.7046,-1.8318,6.091,-7.3823,-7.8721,-3.8025,-1.321,-8.4704,0.4235,5.2719,-1.4908,-9.2363,7.596,0.2235,-7.6654,5.4749,-8.9052,-3.673,-0.7161,-4.8977,-6.3341,-7.8151,2.5586,8.0105,1.4996,-9.8211,-5.9286,-9.9672,2.9493,2.5941,-1.4414,6.9854,-5.3415,4.832,-8.7812,3.5035,3.4751,5.7385,-4.9464,0.1475,-3.4706,-8.5735,-2.6899,-1.7853,-8.4994,2.5988,2.72,7.6398,-3.5638,1.3643,-8.5618,-2.4481,6.3666,2.8068,-1.355,9.3967,-3.8699,-2.5217,-6.9236,1.3312,2.6856,7.5116,-0.2684,-9.884,6.7171,2.8042,0.7873,0.837,-5.0954,4.6408,8.7152,0.3692,-5.8376,3.8687,-1.4776,-7.8878,-0.6973,-0.8188,-9.5328,-3.91,-6.641,-4.6531,0.6062,7.0126,-3.9996,3.0824,-1.4106,7.8196,-3.4302,6.6709,5.8965,2.9106,-1.3078,8.9209,8.1502,-5.0759,-5.616,-2.4793,-8.1095,9.4582,-2.586,9.445,3.7869,6.032,3.7746,-0.0072,7.4724,2.5872,1.5898,-9.8918,-3.3117,4.924,-5.4631,-9.5121,-3.717,4.4708,-9.1732,5.1722,-1.9294,-7.2229,-6.0061,-0.6954,-8.9826,5.9822,-7.6516,-2.0711,6.3275,-9.3436,-6.4291,0.621,7.1637,-3.4766,-1.7488,-0.3445,-5.7734,-7.6714,5.1381,-7.9589,-0.7477,-0.228,-9.3531,7.1715,-6.3667,-5.7913,8.8019,-6.7187,-0.905,-1.3873,-3.1352,-7.7803,-4.0595,1.2203,3.9745,5.6146,-4.3045,-3.3373,6.417,-5.6775,9.3014,-4.9546,0.3096,-7.3082,9.2635,9.3955,-7.2438,-3.7679,-7.4563,2.8517,-9.6368,-9.5077
9.2631,3.126,-9.8725,-7.6172,2.4137,2.2421,-4.3071,3.323,-5.2833,-2.8076,-3.5272,-7.4102,-2.1113,5.1347,-4.5672,3.1509,7.5602,2.0751,-0.3487,-8.3906,-0.2606,-6.4853,8.9824,-9.9217,-3.4273,5.6393,-4.0556,-7.3586,6.943,-6.2127,-3.2719,-1.5979,-4.3568,-0.2985,3.8161,7.7525,6.5365,-3.4227,-3.358,1.188,4.0781,3.5926,5.0202,5.3408,7.0488,9.5905,9.7995,9.8205,5.8182,3.4656,-3.119,-8.0826,9.294,-8.7106,6.534,5.568,2.6612,8.4279,-0.5948,-6.23,-4.1797,-3.7325,4.3758,-2.1586,3.0694,-6.799,7.0782,6.1737,4.0626,-3.163,-9.4273,-5.7429,8.3511,0.4584,-9.5318,-1.8756,9.9955,-7.7544,0.1759,7.3931,6.9279,2.3292,-5.7785,-6.9848,6.2361,-0.5032,-1.2064,7.5594,-4.5758,2.0219,-8.6472,8.4009,7.3257,-1.2567,-1.377,-2.2331,-3.1233,7.2882,-3.3148,4.9172,-3.6927,0.1788,-1.5633,-9.0687,3.186,9.741,-6.0825,-2.212,-2.796,6.2324,9.9857,2.1874,2.1946,-0.2031,-2.2147,-8.9141,-6.5015,8.8747,2.4794,-9.7232,8.2449,7.57,-3.7743,-0.696,0.3375,4.7036,4.7855,-6.5232,3.3966,5.8798,-9.6865,-9.2791,-5.3289,6.7026,8.8672,-0.2166,-6.1843,-5.0023,-3.426,3.8412,3.2181,1.2932,3.2596,8.4317,1.9151,-3.0711,-1.7533,3.967,5.4091,-8.0566,4.3202,-5.3288,-2.4416,8.9607,2.735,5.7839,-3.6554,-5.5639,8.11,-3.9827,-8.9775,-9.34,-8.4114,2.4785,8.0547,4.2889,-7.0276,8.2432,4.2617,2.9008,-7.2826,1.0207,3.9287,-6.1796,-9.4738,5.3897,-3.1992,6.2826,9.8889,-5.9632,-1.3215,8.3327,6.6314,7.699,3.8505,4.6018,-0.4618,-8.7175,-2.1695,-7.3148,3.5472,9.8736,3.3103,7.4129,6.5551,5.0507,-6.2691,3.0992,4.7455,2.2314
-4.4005,-8.4284,-4.7458,-5.136,8.2497,9.5668,9.3887,0.9436,-0.4388,5.2349,-8.8441,-2.9665,5.4558,-3.3422,-5.2058,5.9549,-4.8973,-9.4249,-8.0028,-3.4453,-7.9892,-1.3697,7.1541,7.079,5.1178,0.2313,4.3549,6.6862,-4.7578,-2.3553,-2.0459,0.9682,-9.6485,8.1343,4.1521,7.1413,-2.3747,6.1584,-0.5086,7.6732,-8.222,9.5695,-7.529,-5.2061,-8.2268,-0.4897,-0.1616,2.5632,3.7273,6.8561,-7.4658,-6.1158,-7.4663,-0.5494,-0.5823,-6.4826,-7.3999,-3.3651,-5.7978,-0.6266,6.3578,-3.9456,-6.6164,-1.0631,-7.7617,-5.2904,4.5656,5.011,3.0251,-0.9923,-9.5687,9.8193,8.7935,3.4718,9.9021,-3.6318,-5.7285,-0.2707,9.3055,-4.9035,-9.4307,6.8078,0.1607,-6.846,-2.128,-4.1945,-8.5452,4.8904,-2.5989,4.2241,-1.4474,0.0751,6.4986,5.7035,3.4521,-6.793,-0.1911,8.9893,6.694,0.6344,1.7304,-6.2917,9.1559,-4.7145,-3.8623,-9.3408,-1.9819,9.4328,-5.4942,5.1732,-7.795,-5.7598,-4.2946,-6.9087,7.7136,-7.8991,-1.2044,6.7726,-9.517,9.8994,7.0553,5.7358,-4.4394,3.6841,3.1646,2.0671,-3.4999,0.2018,-5.9566,0.8065,-2.2853,8.8357,-3.1916,7.6687,-6.916,-7.9233,-1.5183,6.8174,-2.928,2.5651,-6.44,0.5803,8.6968,8.9578,-1.4909,-3.5639,9.7962,-1.0849,-6.9093,-7.9957,-0.1451,-7.3806,1.519,7.8349,-7.3878,7.8295,-1.73,-3.7175,-2.447,-7.92,1.3741,2.1799,-1.4328,-8.1495,3.0556,9.3779,-0.8482,-1.2782,5.1202,-3.2444,0.511,-3.3522,-4.2324,1.591,-5.957,-8.1209,7.9486,-9.1151,-1.0908,-4.5272,-3.5602,-0.6699,-2.7196,-5.8349,-5.3932,-0.5883,-5.6545,-2.6592,6.298,9.4712,9.0185,2.2668,0.0114,-2.8808,-1.9392,-7.5368,-2.624,-7.6259,8.105,-6.9977
-2.8105,-6.8306,8.2308,3.8782,6.9575,1.6019,-3.2157,4.358,9.633,5.9344,-3.9324,0.4071,6.1257,-4.3644,9.6975,-2.7579,8.6762,1.1605,-4.4993,1.1271,-2.3014,-0.0721,0.2133,-9.6989,2.7856,-9.0475,5.5499,-7.7088,-9.1211,9.5107,-0.218,-2.2421,-8.0114,-5.5292,8.6026,4.8323,9.6593,-2.7865,4.3488,-4.7258,-4.126,-0.9157,3.9872,9.823,-5.3623,3.7738,-9.6437,-5.2107,3.4422,-7.9048,2.2363,6.6124,8.4779,-8.0096,0.6536,8.2536,-4.5927,-6.5758,2.1062,4.6573,6.6091,6.5148,4.2981,-4.1868,7.6626,-7.4342,-2.9611,3.7065,1.4079,-3.2442,9.2003,8.8094,8.4506,-5.7331,-9.7806,-1.1817,1.4571,8.142,8.4888,-9.615,8.3225,6.5735,9.1516,9.7057,7.8361,-0.656,-5.534,-7.5356,8.79,4.5517,-4.0906,-1.3181,2.6433,-1.0476,2.9042,5.3879,8.808,7.4107,3.2015,-4.0101,-1.0231,-4.4839,-4.1625,7.2044,7.5637,1.9026,-8.1898,-3.4106,7.6181,-3.0313,1.0036,-8.2575,8.9371,-7.9892,0.5335,8.4454,2.6089,-3.9469,-8.1827,-5.9292,6.3363,-1.3515,-5.8284,3.3404,-7.2951,6.1064,3.0871,-3.2419,6.0582,5.5229,-2.7375,4.7977,-4.6007,2.4862,-9.2715,1.0917,-3.104,6.1796,-5.7259,-2.601,-0.9118,-2.5948,5.6274,7.5264,-5.9557,7.3032,-0.121,-8.9069,-6.27,4.3848,-8.8908,-3.6981,-0.9594,8.3123,2.7365,9.2539,-9.5454,6.1151,5.0578,9.0474,-8.1799,7.6567,-8.3156,3.7116,-6.8095,-6.2017,-9.5721,-9.1749,8.6747,1.3521,3.4195,-4.944,-0.4936,-0.7843,-8.6717,9.1101,2.2168,0.912,6.887,0.6046,-0.5176,-2.3713,5.6423,0.7069,-4.8818,-2.0351,-2.9191,-3.0338,-0.6562,-5.9979,2.8802,-6.6722,0.8603,0.1651,-9.9043,6.0451,5.9602,9.5701,-3.9538,-7.0683
-8.4217,-8.6793,6.5586,-4.5157,-0.8099,8.2362,2.5043,-1.0806,4.2668,-0.7944,0.4859,-9.4002,-7.1999,0.8261,5.4348,2.6881,7.4974,-5.0762,-8.1191,-9.9808,-9.3321,3.9852,-8.0032,-1.5275,-2.0376,0.8377,7.4207,-0.0228,-1.5063,-9.1723,6.9653,-8.1829,5.2369,-2.4194,-2.9801,6.5169,6.3282,3.7189,5.6581,7.4098,3.6647,-3.2343,-2.4439,-8.5084,7.2227,3.4293,2.6969,3.1386,4.3206,-7.2194,-5.4173,1.3504,-5.9142,-1.1773,5.0679,8.0333,-3.8377,0.8336,-7.9202,-7.0719,-4.325,-4.6602,-1.1312,-8.3336,-1.2946,-3.5464,-3.6427,9.9847,-4.2654,8.1812,-0.9777,9.0647,6.6919,-8.3293,7.7031,-0.9523,-1.3941,7.5856,-5.2012,-5.5792,2.4337,-0.4584,-4.3783,-3.9975,-9.0994,-3.2789,4.8251,-1.0222,-2.687,-9.8075,-8.5006,0.5741,-8.5589,-7.6714,-7.608,-4.8406,1.7585,0.633,5.2402,2.4935,-6.6429,-2.4998,5.7724,-6.6608,-5.2791,6.1614,-0.9341,-2.5233,9.5659,1.1901,5.5933,-0.3089,5.6712,8.1351,-3.16,0.6493,-3.2901,-2.2305,2.6397,7.1115,7.6279,1.9307,-7.477,-7.8812,7.8245,0.6028,6.7855,-5.3888,-6.2091,2.7188,4.5308,7.1541,-6.457,1.4501,-7.9041,9.8553,-8.4064,-0.0013,-6.2853,-3.2731,6.3784,-6.4203,4.2437,-0.957,-8.6412,-9.7961,-7.5082,1.4495,8.2197,2.362,5.555,3.8702,8.1346,-2.0334,-7.7117,-8.3525,-0.3224,-3.2909,8.7134,0.5204,-7.9983,-6.9121,-6.3021,1.8614,-3.0409,-4.2337,0.0287,0.7289,-9.6433,-0.7189,5.9523,1.6862,-6.7111,6.2196,2.607,-0.4938,9.178,-8.0178,0.524,4.3793,-3.4452,-9.456,4.3749,-3.4808,-1.1363,9.9569,-5.851,-2.3972,-0.0276,7.1078,3.6095,6.3114,-8.4191,-9.2007,-0.9238,5.0086,-9.6202,-8.3837,9.6833,2.1953
-1.2993,4.743,7.086,8.3003,-7.0567,-5.8786,9.5719,8.772,8.0149,6.7982,-9.9716,-8.2062,6.3737,3.0761,-7.8725,-1.521,0.4368,-6.9391,1.8268,-1.4258,-8.8398,-7.9241,-1.0733,-6.9023,-8.3274,-0.678,-7.3982,8.986,2.0436,-7.2661,-8.9557,-9.6989,7.0928,9.8857,7.3271,1.7191,3.9549,7.9709,0.7403,-7.4266,-8.2538,-7.5252,-6.5863,-6.5504,6.5044,-3.5545,-7.6914,-2.6162,-7.1784,5.4387,9.9047,7.4789,-0.6246,-8.1563,-1.1198,0.3496,-6.1155,4.7781,5.7732,-1.2254,-6.7105,-5.5604,4.9631,-6.0556,0.0721,-2.8735,-9.471,-4.6628,8.4982,-5.7391,3.6663,-5.9423,5.3101,1.0921,-4.0725,3.6367,-6.6268,8.0273,8.7872,-3.0146,-4.6735,2.9782,2.4859,-6.917,-0.9705,4.2054,0.4284,-9.8682,-6.2535,7.0384,-8.2696,6.6154,0.104,2.7224,8.6114,-4.5489,0.7089,4.1957,-5.9914,4.8307,1.3124,-7.327,-4.597,-3.8406,8.7537,-8.8466,-9.603,0.5451,-7.0821,-9.0408,0.2719,-4.3378,-8.2635,-0.0243,-8.1397,-3.3852,9.5634,-5.335,8.6844,-6.2038,9.3811,6.2426,6.8645,9.8694,-4.2082,3.8827,7.728,5.334,-3.0595,1.6197,8.4161,2.8623,0.8249,9.019,9.8261,8.6029,9.5905,-5.6665,-1.0788,2.798,-7.1562,-0.3932,2.9886,9.8475,-2.24,-2.2772,8.8089,-8.7199,6.3493,-3.4418,6.1643,-9.3275,-2.6942,-9.5168,-9.5058,-1.2737,-3.1986,-8.6361,-9.1403,-0.5317,-6.0812,-3.662,-7.5444,8.2506,-3.5329,0.7508,-0.0363,-0.2063,8.2086,-4.6989,0.7634,4.8066,7.2911,-9.4265,-0.3789,-6.2161,-5.69,3.2533,0.4922,6.92,-4.6523,-1.1425,-8.2041,-3.8669,-1.9771,-4.6615,-8.0132,3.0035,-0.4431,-5.2774,5.4371,-7.608,-0.5426,-5.53,-3.5526,-8.9854,-5.5446,9.9229,0.0119,7.8453
9.4983,7.2891,5.212,0.234,4.8599,7.5271,8.4204,7.5509,4.7075,-1.4326,-4.6213,0.2457,4.1828,-2.2824,-1.1232,-8.0674,7.7237,1.3914,-6.7909,-4.337,-4.34,8.9451,-4.3876,-4.5998,0.2002,3.619,6.8217,-0.3065,4.0165,6.8222,-7.1856,7.9434,-6.0572,8.5176,8.8843,3.9845,-0.11,7.5453,0.8122,2.4036,-5.9665,-1.6816,-3.6644,3.8466,-6.327,-4.4645,-8.7917,-9.4569,5.3607,-0.0435,6.7178,-0.5387,8.2113,-4.2931,-6.3259,-5.596,5.3959,-0.8087,-1.8948,-9.5411,-4.6416,-8.4614,-8.4085,-4.1492,5.8494,0.7103,4.9221,3.4752,1.862,-5.2383,3.2157,6.4693,-4.2354,-1.0058,-5.3939,-8.7351,-4.4555,4.7835,5.6603,6.2466,-8.1821,-1.3778,2.3029,0.1144,-8.265,3.2211,-2.7881,-7.7643,-9.0019,2.3788,3.4524,-5.9159,-9.6401,-0.417,9.3286,0.4443,4.9428,2.3372,4.4263,-2.5209,-9.8806,-7.9655,-1.7872,1.2764,6.9423,-5.6653,7.8021,7.6846,-8.7659,4.9125,-6.3188,4.9104,8.8321,9.669,8.1741,5.8057,9.7884,-9.8584,7.5869,-3.5864,4.8012,6.4424,-0.5398,8.8389,2.3823,0.2234,7.7714,2.7768,8.4407,4.9592,-2.9395,-0.7325,1.0665,-5.0007,-9.7476,6.0036,-2.4772,-6.1231,3.6483,1.3186,4.4584,-9.3814,-3.1553,1.2373,-2.524,0.3122,-9.9142,7.5139,-1.9965,1.1519,-4.3898,-0.1191,-5.1296,-8.0593,2.6253,5.6072,-0.7439,2.8475,-3.232,5.3857,-0.712,-0.6805,-3.1865,-6.5162,-6.595,1.6621,-5.218,-3.9729,6.8628,2.1872,3.7254,7.2319,-0.9962,6.8233,4.5608,-3.599,0.621,7.1393,3.6927,-7.4899,0.8323,5.4072,-8.6084,-5.0551,1.552,5.0168,-1.8762,0.6571,3.0614,9.2483,-8.184,3.5095,-3.2768,2.6981,-9.8641,-5.1852,6.5034,-2.5956,0.0337,7.9791
1.6604,6.9437,-1.2832,7.1951,3.0141,-6.4862,0.6386,9.1891,-3.5722,-7.1496,-4.8641,-1.8595,7.9485,-2.9445,-1.5393,6.3624,-4.5196,2.7415,-6.6959,-4.2841,0.6995,0.4268,-9.6189,-2.8993,-2.3291,6.3583,2.4417,-9.4804,-4.6421,-7.4648,-3.6767,0.7628,-3.0187,-4.769,-9.9018,9.9003,-9.9937,-3.5826,-6.9703,-6.8577,3.5287,-3.661,3.1182,8.6534,1.03,-7.4873,-8.0582,-8.3103,7.2956,-4.8341,-8.3035,-8.6012,-5.7724,-8.3367,5.0883,-5.1574,-3.0317,7.6162,-5.772,9.2523,-1.2498,-2.1155,7.2923,2.6005,8.2849,9.5801,-9.7127,-0.9851,-3.7201,-6.9397,6.5455,-4.8858,6.667,-3.8691,3.0568,-1.6798,-6.504,-3.6314,2.9301,3.1163,5.4309,-7.3551,3.5444,8.0496,-4.1584,9.4318,-1.4852,-7.5345,-2.2991,-4.3606,-1.1144,-8.848,-0.5207,9.588,3.7901,0.2849,2.4904,7.3778,7.0353,5.5065,-3.3719,-3.3641,8.0321,-2.5218,-0.7872,7.2838,6.5695,9.6504,-7.8967,-2.4999,1.4139,-6.3961,3.356,-3.4018,-9.1617,9.4792,5.1759,-4.6912,-5.0543,-1.7298,-6.3044,-8.6616,-4.4881,-0.9716,-8.022,5.3894,8.564,0.1708,0.0848,7.9296,7.925,-7.1882,-7.7147,-9.5661,-3.76,-4.5425,0.7976,4.1411,-7.3868,5.2351,4.5868,3.1675,-5.2653,6.4183,-4.8882,-0.9267,7.9623,0.3394,-3.6871,4.5596,-2.2718,-6.8207,3.664,2.3331,4.731,-8.5939,0.6647,-7.1233,2.4916,9.4207,4.7338,0.2905,-2.3901,-8.8673,2.5598,6.6889,-4.2401,5.2901,3.707,-2.8293,0.8839,-2.164,-5.4693,-9.3609,-9.8752,-2.5689,6.99,-0.7162,6.2562,-6.8466,-7.4395,9.5089,2.6276,3.0047,6.9327,9.176,-5.538,-3.7833,2.306,-5.6695,-9.4748,-3.0664,-4.8316,1.3201,9.3871,7.816,4.7347,4.6755,-9.6857,6.0725
3.5668,-5.172,1.3131,-5.682,1.4823,-2.8636,-0.8483,-3.1278,-2.8347,-5.4095,-8.2773,-0.454,3.6715,-5.6059,7.1754,1.5031,-2.2894,-1.3449,-8.7584,6.811,-1.7958,8.9725,-9.8009,-0.9611,7.5397,0.5975,-4.3743,9.6116,-5.9519,3.0358,-1.9625,5.7949,8.491,9.8189,-3.8421,-7.9952,-2.1034,-2.3303,4.2592,-5.7669,-4.3595,3.337,-8.2426,-4.7196,6.5073,6.159,-1.6182,2.7652,0.0551,-4.4308,-4.9545,-4.8803,-6.8959,-3.3354,2.9304,-6.8792,-6.5562,-0.2466,-9.7893,-6.9627,-8.7523,9.0597,-4.8281,9.6879,-4.2301,-2.3706,9.668,5.6835,1.262,4.9832,6.8318,-1.7715,2.5858,6.2996,-3.2678,7.7783,-0.385,-3.9814,-9.2226,-6.17,1.3623,-4.1711,8.681,5.6444,0.0206,-4.6123,8.8533,-0.1373,-7.0935,-8.7146,3.1941,-6.1896,6.2131,-7.0659,0.4894,0.6193,-1.2605,-4.3567,-8.1669,-8.6499,-0.8852,8.3278,-5.8817,-5.0991,4.6529,-2.7114,-3.2864,-1.7278,9.4591,6.1436,5.2417,5.0407,-8.9996,-3.0177,0.1576,0.8764,0.063,6.184,-2.196,-5.3402,-5.437,-2.6001,1.7178,-7.1945,-9.4368,0.4353,-1.4844,-6.2962,1.0782,5.5816,0.2399,-4.9033,-9.4806,-7.1681,1.7913,0.3352,9.0668,9.2254,-3.5164,3.9591,2.0997,3.6525,3.3642,7.3516,4.2127,4.1137,3.1636,3.4006,6.6871,8.9425,5.8702,-4.6033,-6.5657,7.047,-6.6586,7.1672,-3.0046,-7.1845,-0.4264,8.2693,-3.2407,0.4953,8.1407,5.7006,6.9733,-2.5615,-4.2734,2.7155,7.0958,5.069,9.0705,-5.468,5.0245,8.0533,8.1554,-9.6072,-8.409,8.6645,6.9205,-4.6054,-3.7676,-3.0452,0.6239,4.1942,7.8639,3.3042,-3.2639,1.0158,7.9923,8.5485,-5.6329,-5.3382,-1.4211,0.8398,3.2126,1.2031,-7.0158,-5.688,0.5222,-2.7047
4.5097,8.4224,-9.2831,-9.7623,6.7254,6.8029,-9.7284,-8.7095,-6.181,-2.5765,-3.2564,-8.3781,8.6076,-0.1123,-6.7588,-1.7359,-5.847,8.2101,-6.0366,9.8156,9.9295,7.5788,-6.1195,0.358,9.4198,-2.581,-3.0163,-7.8438,4.2356,-2.2595,2.7563,6.0685,3.1789,6.711,2.0408,5.4566,0.6033,1.7413,6.2077,4.1487,4.202,2.941,-3.3183,-9.7377,-8.375,-7.9456,4.9946,-0.6757,9.5498,7.6527,8.8481,0.2167,-7.0919,-1.2739,7.7842,-2.7837,-7.0188,5.0195,8.8301,-7.8022,-3.5084,8.7965,7.1581,-3.0086,8.8813,8.2618,5.0568,-6.406,-9.566,9.7902,7.6034,5.3677,-7.0042,-1.8747,7.7542,-3.4166,0.9484,-2.8908,-8.289,4.5272,6.8464,-3.62,-2.8989,-3.4642,9.8867,4.9373,2.4948,3.3554,-0.1695,6.0945,0.6474,-2.1251,8.1341,-2.7183,-6.7276,-6.483,2.8375,5.6326,-5.1834,-6.5226,-7.5541,6.6981,-3.0352,4.8292,-7.5205,-9.486,-7.7192,-2.68,-0.7387,-8.3498,-9.644,-6.8493,-7.0787,1.7855,3.0143,-6.2024,-8.9705,5.7697,-0.0519,-4.3624,6.1785,-2.5385,1.0764,-4.7528,-5.5074,0.1632,6.7914,-2.9562,3.4353,-8.5184,-2.6829,3.5667,7.9376,-2.3637,-4.2544,1.1602,3.4611,-1.3069,-9.6771,-8.4911,-1.9945,-0.1912,-7.7467,-2.6186,6.7112,2.6571,-1.2197,8.7069,2.1988,-1.678,5.3855,-2.2398,6.6836,8.3595,-5.4733,-5.8413,-7.4243,-1.5752,7.8056,4.5476,9.2165,-2.3986,6.5182,4.9666,-9.2403,-8.2854,7.2126,-0.3027,-2.6765,2.3727,-1.6919,-5.5377,-1.0487,-7.8621,-1.7337,2.2175,3.0132,1.7679,-8.2491,0.2173,3.3809,-1.4723,-3.6064,5.4156,7.4788,-8.4684,-4.8394,6.7676,9.4195,2.69,-4.8836,-4.8604,6.2384,6.036,0.3172,3.2168,-2.0017,8.7588,9.2459,1.3891
5.1268,6.2236,2.3315,4.0063,-6.1722,-9.3647,-8.8515,4.0443,7.8407,5.5548,-6.9563,-1.7871,-2.2924,-5.6568,-7.8186,-6.2333,-0.4962,-1.9564,0.545,-7.1702,0.0102,-6.4546,-6.8163,-8.4303,-8.9635,-4.673,-5.4622,2.0719,-1.3881,-2.0824,6.1071,-5.3439,3.8105,5.9815,0.0362,-1.2949,9.5224,3.5945,-1.4447,3.2949,3.4342,-1.4418,-9.7942,5.7591,4.8191,6.8482,-7.6439,7.5318,-4.548,2.9868,2.8659,-2.6362,8.426,-9.281,-1.5357,-5.835,3.565,2.3526,1.5772,-7.0559,-3.5867,-2.5653,-6.6144,5.9507,-1.0357,-9.5293,2.953,9.7536,-7.985,-1.5583,-0.1362,-5.263,-0.9803,9.7055,-4.281,-8.666,5.8998,1.6894,5.2392,0.7115,-1.181,-7.2235,2.7612,-6.3808,0.198,-0.9613,5.0889,0.0481,-6.6465,7.4744,8.005,8.814,6.5054,4.8004,7.0387,6.0308,8.8606,0.5725,7.2094,3.0703,1.1166,-7.9034,5.5802,6.911,7.1471,-3.7776,-6.3579,1.9144,6.9535,-1.8569,9.0031,5.1358,-2.7557,-8.3331,4.9496,-4.1901,6.5479,-1.827,-0.5558,4.9982,5.427,6.3712,9.1927,7.2159,0.3048,4.5223,-5.2798,9.54,-8.0686,-9.2632,1.0223,7.9665,2.6234,5.2069,-9.0598,-3.5486,-0.4601,9.5112,-5.6763,2.165,-1.3807,-4.037,-2.13,6.0431,-5.7289,-1.7898,4.5517,-6.8854,7.9102,-8.6352,-5.1214,-5.5441,-8.3126,-0.7262,-1.0066,0.097,0.0127,6.5064,-9.9426,-6.2657,7.7525,5.7867,0.7151,-2.4059,-6.3975,-6.3508,-2.0271,3.2136,7.7612,5.2024,-2.3849,-9.249,7.8018,-9.1323,-1.494,3.1015,7.3435,-1.7867,-2.7664,-2.3902,-1.504,8.5628,-5.9483,-5.9913,7.7437,-1.5574,-3.6744,4.7438,-8.4457,5.1278,5.697,0.8017,6.3712,-6.5391,1.6539,-7.4465,-3.1948,4.8473,-5.6421,8.9648
2.6612,-8.4819,7.6136,6.8116,-5.4989,-7.91,-4.1865,1.9589,0.6121,-0.506,0.4716,-5.6979,-6.4437,-1.7032,7.8056,5.1814,9.7366,7.6937,-2.36,8.6909,8.8773,-2.771,-6.6138,-6.5969,-7.7196,-2.9497,-5.7531,-0.0078,-0.9221,-5.1617,3.2403,1.0843,-3.0083,8.1799,9.9806,9.2219,-7.0709,-8.7795,-2.802,6.4808,3.696,-0.7312,-9.3523,-7.7484,2.4536,-7.3259,-8.1848,-8.2666,4.7561,1.2106,6.1998,0.1609,6.5786,-0.8674,8.4995,1.4525,2.8563,6.2641,-3.5044,-7.7852,4.9871,-5.4121,1.9396,1.1627,7.3491,0.4148,-4.6082,1.9607,2.877,9.3495,6.9543,-6.6394,-4.8779,0.8319,-9.5806,-1.3522,-8.3903,6.204,1.629,-9.5486,-5.8212,-6.082,6.9432,8.9228,9.4029,-1.3557,4.6688,2.255,8.9224,8.5405,-6.9298,-9.1465,-4.08,-9.2829,-7.7526,-7.1636,-0.6717,1.4566,-7.4624,-8.8034,8.7754,6.1024,-6.5087,0.0695,-9.7814,6.5284,8.1884,3.4428,4.8324,-7.7953,-1.7243,-8.7458,7.907,-7.099,-4.5795,-7.9983,-2.3538,9.7114,2.1435,-6.8908,-7.8502,2.7427,2.8311,-4.5996,3.2931,-4.1974,-9.7707,2.5436,5.7502,6.1637,4.0696,-9.4698,-3.2375,-1.0342,7.9429,4.9518,7.1823,-5.0069,6.6456,4.2775,-5.5524,7.9787,2.8258,-5.7966,2.5858,0.1436,3.7835,-7.4687,-5.3999,4.3304,3.957,8.1214,0.1966,6.292,-0.1077,6.7503,0.6061,7.4292,-3.8623,6.8494,-1.011,5.4942,7.516,-4.8833,3.4762,-6.8319,6.1199,2.9085,4.2894,1.6967,-3.9755,4.4383,-6.0988,-9.6775,2.2452,-4.809,1.6329,9.5407,7.299,1.9634,-7.6297,-4.478,6.6534,-0.9575,-5.8961,-5.051,-3.4908,1.6409,8.2613,5.5689,2.3557,6.5102,3.7365,7.5736,-0.567,1.3413,5.7561,0.1742,-8.7913,-5.5987
-8.4283,-4.9396,-4.9569,6.2298,-3.5645,-7.0454,-1.2663,4.2322,-3.944,4.6393,-1.6801,-5.3069,5.861,-0.0639,7.4514,-5.5988,4.9889,0.592,7.2312,-4.7128,-7.3789,5.44,7.5304,-3.6622,6.4952,2.4805,0.4081,6.038,3.9402,5.915,-4.8192,-7.8269,0.1932,-1.4784,-5.9907,6.0482,0.3963,4.5788,-8.1872,8.7531,0.978,6.2611,0.8199,-8.7066,-1.6039,4.6361,-3.0295,6.7288,6.6305,9.6647,-8.5693,-7.1217,-8.2141,-3.8562,-6.24,-6.0852,1.0623,-7.2168,-9.7172,-1.5425,-9.0532,-1.9954,6.5053,-8.8826,-9.5061,-0.6471,-0.9297,8.4013,-5.8452,-4.7431,-3.3325,-5.32,5.23,5.2993,-8.396,8.2671,-4.1605,1.727,-9.5799,8.0691,-1.6517,0.1699,6.8449,5.9907,2.5294,-8.559,6.1058,-7.2669,7.0175,4.9107,-6.2939,6.5504,8.9109,-2.4903,-8.6222,-1.8016,-8.8271,6.7876,-6.4601,-6.9983,7.5862,1.291,-0.7798,-1.8537,0.8099,-0.0268,-8.0393,6.6434,7.4465,-0.5536,7.2152,-0.8227,8.4283,-8.5964,2.123,-7.3512,-5.0169,1.5226,7.8479,-7.8525,0.0344,-7.1905,-0.4599,-4.2661,5.2347,-5.7465,-2.4297,0.6277,-8.7157,-7.788,-0.2936,3.4212,4.9867,-9.3527,-1.4661,8.2868,6.0734,7.714,7.548,4.2176,-2.4435,-2.0183,-0.4461,-3.3897,-3.3341,-2.4146,9.3054,9.7979,-0.8433,4.9328,2.9966,-4.4804,6.699,-3.589,7.9095,5.1436,8.4743,1.935,-5.5511,-5.6454,7.6579,9.9324,-8.9119,9.6944,4.5011,7.8844,-7.5684,9.0387,-7.5477,-5.8342,9.914,0.6467,4.2251,0.0872,-7.1204,-4.8761,-9.284,-2.2403,7.9335,-6.9101,5.496,-4.1908,-1.3435,3.7713,1.8721,1.8599,6.7047,-7.3034,2.132,-1.1248,2.4425,-1.0632,-9.4313,8.781,3.0642,-0.9258,5.7606,2.1178,-7.906,-5.3155
9.7426,-4.8828,-4.3979,8.6836,-1.7615,4.5936,-9.0749,-6.8171,-0.427,7.728,-4.1286,8.9355,5.2527,8.1424,-8.6959,5.2053,-5.071,-0.3872,0.9165,-2.4329,-2.6797,-1.6302,9.851,-8.009,-2.86,6.3321,-1.1088,2.9127,9.4493,-4.506,-1.5238,-1.9789,-8.7952,-4.9764,3.2231,3.5774,-3.5036,-0.2199,-5.8115,-9.0645,5.3997,-7.7572,9.1274,3.8548,5.371,-9.2709,6.0703,7.2989,0.3914,5.8258,-3.3217,4.6889,3.8843,-5.1247,-1.5751,-9.1878,4.6355,-4.1254,0.667,0.0248,8.4974,-1.0158,-7.4889,-8.3455,9.6241,6.2521,-0.3483,-2.3009,-4.1533,6.9354,8.2092,4.2959,-5.217,-0.5941,0.911,-2.8082,-8.395,6.2481,-9.5012,6.7562,-7.8748,-4.4103,9.8676,4.3683,3.1533,-5.1331,-6.4878,7.811,1.0474,-0.4325,8.07,-6.6814,-0.3539,4.0459,-9.6701,-1.2667,0.266,1.3783,-0.6578,-0.8817,-6.5016,5.2515,-5.8775,-7.6532,-4.0503,4.2889,0.7379,-3.4761,1.3986,-7.055,-8.4972,-9.54,-8.4058,-5.326,-6.3992,9.7384,-9.4248,-2.4734,-6.8856,8.4614,-2.0483,3.9344,7.6464,-7.7275,6.7499,0.3649,2.2504,0.4537,-5.5404,1.9194,6.4224,2.7049,3.3273,5.67,-1.9438,-7.7821,1.5937,-8.6969,4.4622,3.3357,6.4822,3.4151,2.5159,7.558,0.13,6.5888,9.912,3.1973,-3.6016,-4.1557,8.0758,-2.38,4.8947,-5.5192,-1.1108,5.6867,-0.0922,-0.108,2.8582,-9.2225,-5.5455,-0.9285,-1.5758,-3.3148,-0.0529,0.9505,8.3152,-5.3794,1.5181,-9.9355,0.5389,-8.2046,1.3279,3.1698,3.4855,-4.5709,-0.803,3.253,5.6406,7.2388,-7.7612,6.6024,-9.7305,8.8106,0.6506,-4.311,7.1394,3.447,8.8549,9.5416,-6.4806,-4.2163,-5.6659,3.7944,2.5171,-5.9498,3.9784,2.8216,-2.8625,-4.7744
-0.0117,2.6885,0.6137,4.4032,-5.0021,-8.4538,-7.787,6.242,-5.8659,-9.3883,7.6321,-7.3672,7.1789,-1.2816,-9.6017,7.0305,1.0832,-7.5774,-2.8989,2.3394,7.2521,-4.8663,-7.6085,9.9215,4.2366,0.2753,-4.223,0.3191,1.1852,5.7991,1.7693,3.3179,-9.6901,-5.3716,1.1424,1.4494,-3.0913,-7.139,0.6718,0.0491,4.7163,-7.4464,-1.6829,2.9567,6.9271,-1.727,2.7482,-0.5875,-8.4803,6.2598,-5.7624,7.2602,-5.8195,-7.1143,4.6566,-4.4159,6.1731,6.0319,4.1103,-0.5011,-8.3211,4.6283,-2.7226,-0.9999,-6.9004,-4.1275,-7.6476,-5.9137,7.8405,5.4879,9.9139,2.7934,-3.9551,-5.3527,-0.9576,7.8293,8.5401,-0.02,3.4746,-5.4503,7.5564,-6.1726,4.3484,-2.2613,-3.7573,1.7676,-0.0734,-6.929,-1.6096,9.0751,-3.7062,-2.0076,8.1669,-1.0186,1.7466,8.1699,2.7381,8.6268,-1.5802,1.4342,-0.4817,-9.7063,9.7007,-0.6958,-9.4067,4.2301,-3.2972,1.9952,-8.784,3.0645,-6.9052,3.9012,6.2381,-0.0436,-5.2512,9.0644,-0.8431,9.1973,2.6235,-0.397,-3.7169,-7.1533,7.4074,3.7967,3.2739,-4.8576,-2.7057,5.5307,-6.6943,8.0682,3.0715,-2.6804,6.8175,-5.725,8.3549,-8.1631,-8.0902,-1.3285,-0.9569,8.704,6.1358,3.3251,3.7229,2.6223,-1.3141,1.3541,-6.5894,1.1388,-0.4495,-5.2483,9.3206,-5.5512,1.4734,-5.9331,-6.9656,2.5654,-8.5662,4.397,7.3473,5.184,-2.4033,-4.2838,5.7706,1.0595,3.3287,-2.7391,-4.844,-5.933,-9.7224,-0.2862,-3.6558,9.9774,8.0052,-2.8797,-2.311,-9.3517,-8.7968,-9.7445,-9.7171,-3.9218,-4.7111,-1.4412,-2.6433,-7.0827,-1.9529,-1.0467,-0.4363,-0.031,-1.8822,-0.5635,-4.99,8.5892,-9.3994,-2.8535,6.6972,-0.6489,6.0012,-2.4947,-6.7626,-4.4685
-0.8632,-5.5786,3.2515,9.9942,7.7931,6.6341,-3.323,1.137,2.9083,-2.0874,6.7733,2.9294,-7.1178,-0.3894,-7.4051,2.3052,6.339,-2.2068,-4.0866,-4.5462,-2.0664,3.9962,7.9031,1.9402,-7.0596,7.1475,8.4466,3.5106,4.3043,0.7795,9.5086,0.5264,3.895,5.9038,3.6296,-6.4522,4.4325,1.2096,9.8684,5.2537,8.7233,9.6545,-7.5418,-6.6486,-1.7722,-7.8883,-7.1101,2.2222,2.0998,-0.6209,-5.488,6.2017,5.8733,-0.1851,5.5976,-7.0921,-6.4013,-6.8712,4.853,-2.3751,-7.9312,0.5277,0.4682,7.8646,7.6867,-4.6798,8.6413,2.8707,1.3503,9.8827,1.2808,-2.9559,4.0425,5.0313,8.0824,2.4635,-3.4124,-7.5507,9.8117,7.0939,0.9303,-6.6375,-9.6191,9.4929,-9.9697,-8.1332,-7.0007,-1.7728,1.1485,-4.3784,-6.4869,-9.3731,0.1483,-1.3527,-1.044,0.1691,-0.0939,9.9755,5.7266,-6.5587,7.7592,-1.5678,-2.2022,-9.6141,-9.0927,4.0513,-1.4662,-6.1769,9.603,-9.9599,3.5637,-6.0234,-5.8204,7.0585,-3.8425,-7.6226,-3.9086,8.7162,0.7266,5.8333,8.1396,8.8204,-2.0951,-2.4839,-6.1239,-3.0629,6.8809,6.6467,4.9681,1.7952,-1.4943,5.4517,-2.2097,2.2647,2.5336,0.8482,3.1197,-6.7949,-0.9433,4.9706,-3.4202,-2.1096,0.9904,6.3713,3.0122,8.0748,3.3029,-6.8183,-9.2348,6.7892,-0.8774,-2.9682,7.3452,8.9461,0.9365,-3.9701,5.723,6.8577,6.7012,4.4042,3.0629,4.2431,1.2441,8.3225,8.9363,9.7099,4.2616,-1.79,-9.1602,-6.7055,2.7863,9.6876,-7.69,-8.4724,-4.132,5.0949,-6.8767,-7.6032,-6.0905,-8.3806,6.5554,-3.8765,-3.2446,-5.598,-7.8257,6.4827,2.9683,4.674,-3.0681,-0.73,-9.3496,-1.8092,-5.8319,-9.5963,-4.1842,7.7743,-8.9912,6.1024,-3.798,1.6702
1.4707,2.3329,1.4291,-9.9728,-2.1512,5.3197,-6.2918,-6.7905,-5.2956,-5.0702,-8.0649,-7.2015,-0.4624,-7.2499,-9.5165,5.1957,6.069,-4.1095,-7.4778,-6.5897,0.5846,2.2846,-5.2454,-5.7932,-6.8653,-6.976,-7.7811,-2.7749,2.232,0.1632,-3.2401,-0.725,-5.1887,3.461,5.8446,8.4053,-9.7722,4.5564,-8.1641,-2.2473,-4.0329,-4.046,3.6087,3.5935,5.5092,9.2472,6.5844,5.8806,2.9378,-4.8574,-0.7882,-5.7744,-3.5163,0.6299,-1.89,-1.2474,3.2968,-1.7754,6.968,-6.8535,-6.3557,3.6424,-8.6162,-7.0115,-5.2255,-8.5128,4.7966,0.9785,3.1866,-9.579,2.0228,-1.5728,-2.3781,0.7366,9.1418,8.1147,8.0033,1.5908,5.8204,-6.4756,-7.2205,9.2878,2.1852,-9.337,3.6773,8.9636,-1.2598,0.4962,-5.473,-7.6304,9.4779,-0.7913,4.5379,-0.4868,6.7716,5.6911,7.0495,1.9171,-7.6185,-3.5412,5.6733,6.9117,-9.4456,9.8696,-8.1006,3.6983,1.381,2.5343,9.4107,6.6695,-5.2348,3.3609,-9.9915,-3.3176,7.4613,1.8474,-4.9714,0.3395,6.1485,-5.1845,4.4785,4.0833,3.5349,7.098,-9.5132,-5.6676,4.4052,7.2064,4.8628,-8.3379,5.3126,7.5358,-9.4483,-7.1037,-7.7101,5.8729,-7.0014,3.5549,-8.8983,0.6284,0.2399,1.5188,4.8346,5.034,-4.9352,7.5059,6.676,-7.9827,-2.386,-2.833,-1.1033,-5.3149,6.7087,6.8059,1.9402,8.8194,0.8223,-3.8681,5.1199,-9.8909,5.475,7.3992,-1.981,2.8729,6.2612,1.2419,7.6169,-0.8649,-9.6968,-1.0815,5.5766,6.5463,-7.1503,9.901,6.2586,-4.9129,-5.1172,1.9876,9.8584,8.4386,7.9237,-7.0839,7.9346,8.4614,9.3933,-8.6104,-9.8299,8.5111,-4.6886,-4.3281,2.3677,-3.2572,-8.9174,-2.5979,-2.2391,-1.2807,-3.3868,4.2339,-9.1647,-7.107
-3.2993,4.0552,-9.1296,4.0847,1.5155,-6.4348,-5.3678,9.7854,-5.765,-4.3241,4.1844,7.7613,-7.1771,8.1737,8.323,2.7704,0.8407,1.5233,0.9479,-9.0676,6.1236,-0.8707,-7.3199,-5.7439,6.2788,-3.8511,2.0607,9.1167,8.4842,2.4188,5.8863,6.9587,-6.0771,4.7303,-9.2877,7.7239,-2.3098,-6.7545,-9.6026,-4.4529,2.7695,-3.6722,5.0437,1.1929,-2.5484,3.1123,6.5953,0.2894,9.3793,4.8365,0.8393,4.4034,2.3555,7.079,6.6435,1.6252,-1.0646,0.6648,-5.1799,9.8713,-1.929,1.6912,-8.5852,-6.1425,8.5676,8.5217,6.0878,-2.0484,-6.7981,-8.4727,-0.1507,-5.7699,0.3079,-5.9122,-5.4356,-7.8285,-5.3294,-9.388,0.0873,-6.0571,-4.7319,-6.2414,-3.5887,4.3448,-3.2933,-3.3649,-8.2183,-2.7073,-3.3153,5.7972,2.0156,5.5733,-6.8663,-8.5326,-6.1332,-2.9247,-1.8265,-3.1985,6.9101,3.5524,-8.2109,-7.7676,-1.4052,-9.8213,-9.6328,-3.0776,-2.5824,-3.6702,-7.6455,3.8757,-4.8723,-5.8359,7.5515,-4.0192,0.8748,2.986,-6.516,-2.5392,-3.9518,-7.3368,8.9521,5.376,8.0834,0.6313,-3.8514,3.245,4.3158,-8.3906,-1.5113,8.7173,5.3773,4.2611,-9.1211,3.4861,-3.387,-7.0645,7.063,-7.4086,4.5524,7.8466,0.3791,3.8982,1.0626,3.5225,3.379,8.0851,6.8427,8.5244,0.7645,0.0981,1.039,-3.1376,5.4193,4.5524,-2.34,-8.8071,4.8362,8.3864,-4.4351,-2.8645,5.3014,1.4301,-5.4242,-1.4721,-6.857,-5.9652,9.4345,-1.5246,-4.4948,1.945,6.1294,6.4841,2.9717,1.7115,2.5485,-3.1445,-2.0233,-4.7716,1.9651,-8.2371,-1.4906,-9.3906,-9.6788,5.1412,5.5047,3.3052,-6.3092,-2.7724,-0.5762,7.5656,-8.0853,-4.8231,7.4092,6.7661,0.7637,1.4788,-4.4097,7.3999,6.0669,-9.1837
3.5328,6.3516,8.6831,-4.9484,-5.9094,4.0441,5.947,7.1677,8.4931,7.2221,-0.5095,-7.8536,-1.9746,-9.9373,-4.7702,0.1784,9.6576,5.6293,2.9934,-5.124,-2.0233,9.0803,-6.43,-6.75,-0.8792,-0.1909,-7.4184,-5.5378,8.4966,-7.9589,1.8526,6.603,6.9637,5.5897,-0.0403,-3.3368,3.2835,7.4004,2.9522,-7.1328,-5.0352,-5.1383,1.7628,6.7743,-0.4378,-0.4857,7.1393,-0.7381,9.1509,3.8192,-0.4002,-0.2802,0.5315,-2.8986,-6.6191,-5.3348,7.383,-2.2706,5.5604,2.0029,6.4334,1.4787,6.7454,-0.6607,-7.9175,3.2104,-2.1489,-7.5913,5.2599,9.575,-9.1476,-4.4831,-7.5713,-5.4777,-5.9521,7.2982,-2.8004,3.7057,1.3312,6.8942,8.6785,1.1875,-6.9446,0.2694,-5.8452,3.8185,-2.9659,-2.9144,-0.0527,8.4413,-0.0018,-2.8855,-2.531,-6.0754,-7.4885,-9.9857,-5.2916,-8.1395,-3.1447,-9.744,3.0077,7.8694,-4.6098,6.045,9.9722,-5.4262,8.5696,5.5588,7.4511,5.3512,-2.5546,1.6389,-8.2381,9.651,7.9089,-7.4114,-1.0486,0.0196,7.7444,-5.2694,7.6619,0.9173,-9.8725,7.6037,3.3268,5.7448,8.8836,9.0297,0.6659,-1.4823,0.2008,-1.5416,-1.7205,-8.7967,-2.4645,0.8724,-8.3554,6.1503,2.7944,-9.5971,1.4346,-7.4541,-0.6346,0.8204,-0.9147,-1.6157,-6.791,1.8529,-4.7622,-2.085,-9.7547,0.6127,-1.1291,-3.3365,-8.32,-0.4985,9.4023,6.9683,2.4586,-2.335,3.3219,8.8624,8.9609,-0.5707,-1.0958,2.1758,-2.4723,5.7704,5.1037,6.5963,7.4699,-8.5061,5.1971,-7.6111,-7.1667,-3.9291,-2.7369,-2.2688,-3.2382,2.8917,0.3037,4.1377,-0.5996,-6.894,1.7352,-7.0358,-0.7981,-4.0373,6.1117,3.2844,4.2277,-1.3694,9.1824,-8.3276,-2.831,6.3197,-6.0937,-7.6376,-1.7857,-0.6173
-7.3141,-4.7214,9.5804,5.2736,3.0602,-0.6534,5.3265,4.8372,0.9408,-0.3965,-1.4809,9.6527,4.2552,-4.5683,-4.0315,-8.1532,-0.138,7.3464,0.9114,-7.9005,0.4236,0.8691,7.4075,-1.2172,-1.5546,-6.8235,2.2437,9.4308,-1.5648,-6.5843,-5.3566,-1.1388,9.6592,-5.5242,7.9089,-9.3606,4.1651,-8.842,-2.3299,-6.246,-1.3458,9.1047,-1.3823,-8.5087,1.1014,-8.2884,3.9867,-3.9973,-3.003,5.4449,-2.3043,5.3644,5.5857,4.3765,7.9882,-5.2864,-1.9491,-3.4646,7.227,-5.3846,-6.7914,-3.4889,-4.3957,-0.7301,-0.6546,-1.8169,-4.3287,-6.1115,9.1901,-4.3306,-5.338,-0.3194,-4.0847,1.9417,-1.6474,-6.9173,-0.9326,-6.8396,-6.1586,-6.7884,-1.0564,9.7925,-8.7359,4.9057,-2.7628,7.801,-9.5117,-7.7252,8.5625,-0.8314,9.6455,-5.9618,4.4901,-2.2294,-2.1478,1.1125,-7.5261,-6.6026,-6.9929,-8.2712,2.8135,-8.8041,2.5794,-9.4759,4.295,5.1234,-8.4783,3.0217,-4.8472,-5.5395,3.4511,-4.7832,-0.973,-5.265,0.8246,7.6206,1.8133,5.2476,6.3781,-0.4817,-1.1539,-1.3796,-8.945,6.7487,-5.055,-5.7975,-9.0936,-2.2241,9.9599,7.1348,-0.2101,0.557,-5.9326,-9.0469,-3.1419,8.3663,6.3538,5.2352,0.9806,4.1157,-3.5835,-5.382,-9.3279,-9.5041,3.3297,-7.2149,5.4756,3.7996,-9.7621,0.1558,-8.9121,6.7176,7.3638,4.285,-5.278,-3.3937,4.6728,-0.5493,7.0673,2.7158,-1.1291,-2.9353,-2.0093,3.2428,0.3856,0.1736,-4.5067,0.7596,-0.7075,-2.2967,-1.9401,5.3687,8.9726,7.0451,4.3324,0.3774,-3.42,7.8501,7.2386,6.0468,5.2433,-9.3564,9.8371,4.8338,6.6373,9.1288,4.5432,8.1594,8.3738,0.0308,-5.1409,-2.6594,-2.271,2.7639,3.0484,6.6743,7.9337,-8.4758,0.7198,6.4299
-0.3345,-8.6979,-8.0416,-4.3707,9.7728,-0.5476,-8.2405,-5.7006,6.8172,1.1573,9.9632,6.0884,-1.2403,2.2387,-5.3802,-4.3438,4.3079,3.2635,3.3071,-4.5265,-9.2998,-2.606,-2.2205,-8.1945,-1.0576,6.9295,-2.1057,-5.0342,-2.5395,-8.8076,0.6297,5.3414,-7.0004,5.9001,0.277,4.6074,7.6143,0.4276,8.5928,0.9802,7.6206,2.91,-6.1605,-1.9612,7.7751,-6.0865,0.4169,5.8661,-9.9356,-2.8126,7.3162,2.2625,-0.7943,-4.7008,9.1802,5.5169,5.2698,-0.1807,-3.5503,-3.1915,7.1427,8.4603,-4.7364,3.3731,9.2905,-3.1494,-7.4205,-9.778,-6.3084,1.4041,-8.0895,-4.168,8.8231,-7.3949,2.8173,-7.9848,-9.5718,-8.8009,-0.0209,5.0798,1.8762,1.8741,3.9576,-6.2677,6.9216,-6.0809,-4.078,4.785,-0.5472,5.5947,-3.3308,6.4903,-1.1812,-5.1211,5.2589,-4.4512,-1.0603,-8.1537,-7.1731,7.1137,7.9606,5.3967,-3.3572,-0.4996,-9.3099,-7.053,1.288,5.8804,4.166,3.5203,-2.938,-7.6229,8.3169,5.325,8.4841,-4.855,-8.811,2.3561,-5.1598,-3.648,2.2261,3.7053,-4.6103,4.4419,6.2215,-1.4591,9.508,1.0107,-5.122,-0.6014,5.1012,3.8593,-8.9105,-1.3361,3.5735,1.8586,-5.7355,3.3529,5.5963,7.8621,-0.2128,-1.0449,-3.9386,-1.8039,7.014,7.9898,-4.524,7.6586,2.9697,6.8824,6.1222,4.9245,-7.5626,1.5204,4.0853,-2.8161,2.768,8.8559,-8.8052,3.7941,-6.5307,-2.5139,7.3372,8.7992,-1.9755,6.6473,3.5002,-1.7801,-6.7883,8.6721,-2.7095,4.3911,2.7098,0.1434,-6.0279,6.6329,-5.0188,-0.4457,7.0517,-2.5523,-8.1381,-0.1534,-4.3205,9.3083,5.7966,1.3795,0.6215,-5.1564,-8.3502,4.5475,-6.1439,-3.8659,-4.7176,-6.5309,0.9238,-4.9944,0.637,8.0288,-3.1426,-5.9542
-5.8519,-3.5391,2.0343,-1.9142,3.3382,-9.8842,-3.4698,-4.5157,-6.2529,-1.9101,-8.2493,2.4397,8.6958,-9.0092,1.8512,0.516,0.7204,0.6584,-3.9273,4.1786,5.7515,6.455,-3.5957,-0.1604,-1.2761,0.7413,-1.6434,-6.7937,8.9437,6.5264,9.7705,-3.8108,-0.4718,5.9438,-0.2391,-8.7732,8.8147,9.19,4.1214,4.6624,-0.5488,-3.2437,6.9794,4.6831,-1.6715,3.7958,2.0873,6.7067,7.587,-3.1029,-3.1249,-1.2553,5.7931,-1.5304,7.8568,-7.1389,-8.9916,-9.166,-6.7631,5.035,-4.1146,2.8804,-4.0731,-7.0944,0.2735,-3.3004,6.8503,-6.429,-8.8098,0.2404,-8.1637,-5.3208,6.251,-8.5986,7.1003,-1.3645,4.2084,1.6869,6.4927,6.3857,-3.8111,-0.2801,9.9659,1.1979,9.3592,-7.2357,1.1009,5.8557,8.3011,-2.0962,8.5398,-8.8175,-2.5046,-8.0965,-6.9303,7.9888,-9.14,-6.3995,-7.6392,-0.2753,-8.8647,-4.2316,2.9521,-8.7215,-8.7447,-3.1312,3.2496,6.2544,-7.2418,4.5531,5.0179,3.0308,6.5279,6.8386,-6.5866,2.6219,6.8056,-0.934,-4.4891,-6.1328,8.4774,-8.9231,-1.3637,-7.1403,9.6308,-6.1577,0.873,-5.2882,1.0797,8.7578,5.9682,7.6388,0.6411,3.8692,-9.6745,-1.1638,1.0383,2.5284,-0.4709,2.8155,-4.4488,1.5653,5.3748,7.1682,-8.5254,7.9481,1.8923,2.0969,8.1289,-9.8669,-2.9282,1.3248,-8.0703,-2.0394,1.5979,1.2337,-8.6944,-1.791,-3.9045,8.177,-7.3232,8.7783,0.5813,-1.7247,2.2212,-0.0235,-6.6522,9.5685,-6.6341,-2.369,-3.1688,5.4557,2.0508,-3.6404,-5.0266,8.2989,7.8064,0.1195,-2.2562,-0.5387,-1.5787,-2.8583,4.8468,4.8403,-6.1899,8.7539,1.8246,-3.8367,3.0824,-2.4893,-2.1766,0.7618,-3.6746,-1.5873,3.0295,0.2889,-9.6551,2.8044,3.8983,-5.3938
-4.2173,7.6673,1.6628,3.3889,-8.6684,-3.7257,-6.5881,1.1596,6.0612,9.2218,2.0038,3.303,-9.9899,8.9973,-4.1063,-6.9771,-8.9848,-9.7469,-5.7215,-1.8709,3.0113,1.749,-5.4258,6.4217,8.0914,6.5279,9.3778,-4.2404,-2.1899,-3.6606,9.1611,1.2812,3.9749,-8.3697,-9.3583,6.1432,0.1657,7.573,9.3274,8.1645,-4.2385,7.2054,9.2352,-9.1766,9.4284,0.0376,0.4165,-4.8243,-9.6633,9.8209,-6.9218,4.8407,-2.5576,-7.8461,-8.7919,-8.1589,-9.6401,2.8636,5.4314,2.5519,1.0405,5.6843,2.1848,-3.4498,8.8393,3.9461,0.0717,3.8541,-0.1958,1.1388,7.3494,-1.2008,-6.1175,9.6136,3.9358,-4.8165,5.775,-8.3306,-3.354,-1.3686,-7.4435,4.973,-1.8994,-7.7022,2.0329,-5.7528,5.1607,9.4276,7.3969,-1.255,3.8093,7.4561,-9.1674,-8.6972,-5.0547,1.5895,-0.317,8.9518,4.6705,6.5937,-3.8733,-7.3973,-4.9067,9.9928,2.5627,8.3762,9.4026,0.8752,1.1061,-2.5649,1.0388,3.7974,1.9824,-2.3872,0.1466,-3.7808,-5.8178,-1.9718,-7.9263,3.7672,-7.5513,0.8878,1.9456,9.5457,6.6335,1.9885,9.3779,1.9579,-3.3436,1.2184,-7.4529,-8.2842,-8.82,-0.2062,-0.9014,-0.521,-4.2342,7.9555,7.369,3.2163,-0.6361,4.1618,-2.0279,-4.1625,-1.5745,-6.2936,-1.8541,-4.3794,-2.1666,-0.4093,1.2823,3.5917,0.9773,-7.6801,2.2681,-5.6881,-9.146,7.5895,-3.3778,4.9633,1.0438,5.3721,-1.8079,-9.7769,-8.9075,3.8875,0.259,7.6585,-8.2221,0.2336,-0.7136,7.4742,-9.9488,7.9916,5.0941,8.1802,-2.3299,8.6137,5.61,3.0606,-7.883,9.8415,9.4863,-7.6977,-8.0778,7.8622,-5.2022,4.5516,-7.0759,1.7857,-5.7154,-2.5746,2.6457,-1.6415,5.9788,-5.8612,-0.5489,-4.0452,-8.9883,-9.1447
-6.172,0.1614,7.292,2.9698,7.0519,-9.0354,2.5955,3.1424,-8.9441,0.0868,2.1576,-9.7166,2.3427,-8.015,-5.0545,-2.6124,7.4805,1.4304,1.0148,-7.8695,7.4631,8.9975,-8.5491,5.4687,7.585,-9.2879,-8.2604,2.1595,-7.0875,-7.208,-5.7537,-6.6957,8.2769,-6.1024,-3.8077,2.2455,-5.9724,-4.4616,-5.3783,-9.2491,9.8103,2.5338,6.193,-5.7735,4.0912,3.2674,4.1049,-7.9553,0.3899,-4.4777,4.727,-1.3458,5.6909,5.1194,-6.1767,-3.1757,-8.5586,0.5336,8.1523,-5.5361,6.2055,-9.271,-3.6297,-6.4744,2.0271,-6.9199,0.7139,-1.663,8.3953,7.7979,3.6599,4.6796,-1.6707,-9.8346,0.803,-7.7946,1.295,4.39,1.7554,-2.2054,-5.1149,-5.9643,6.9695,4.9347,8.2769,-8.0631,0.3391,4.8342,3.5641,-0.5133,8.8499,-8.6614,9.0716,2.8933,-1.8394,7.9767,5.5273,-6.2208,3.012,7.871,9.6937,3.0676,4.0437,-3.3436,7.1993,7.3473,-3.0248,9.9353,-2.8808,-1.1247,9.957,0.2314,-6.4434,9.7413,4.1213,-4.1219,-4.7852,6.4532,3.8295,-1.7678,9.9279,1.7454,8.3366,9.5652,1.4287,5.5477,7.9174,5.1306,-2.623,7.964,-0.0934,-8.641,-4.9035,0.7573,2.2677,3.1742,2.7122,8.0645,8.3733,-5.2888,-2.4261,2.9779,-4.8168,2.7693,-3.8867,-1.6441,3.9301,-8.8808,-5.3698,-1.8491,-1.6407,-9.2674,2.0596,4.9163,2.9169,8.4351,-2.1531,-9.4599,8.0785,-4.7645,-5.4658,0.1872,-7.2803,6.4187,3.2755,9.5759,-1.6185,-9.4494,8.912,6.455,9.3293,-8.0333,5.5208,9.3987,-6.2095,0.7738,1.7603,-3.118,1.8874,5.5202,-5.5328,6.3345,-8.5025,-7.3666,-9.3964,-8.4992,5.9411,-9.9896,7.2356,5.2624,-1.7522,4.1841,2.8585,1.7281,-3.9775,-3.0403,-4.5745,1.5053,7.1612,-0.8247
