-9.5114,5.3077,-6.6152,5.863,1.2564,-2.2416,-3.1112,9.1012,-8.1954,4.1049,-7.8437,-0.5402,0.9973,8.2758,0.4925,-2.2942,-4.1859,-0.6216,3.931,-6.1761,1.8192,-8.5109,-3.6016,4.8022,9.2809,0.6422,-1.2553,5.7221,7.1724,6.7806,0.3079,3.857,-6.1611,-4.8449,3.8834,2.9888,-7.9686,-5.4932,-1.2677,-5.9412,7.7348,-7.8642,5.008,5.7343,1.5245,-5.8602,0.512,8.5229,8.4771,9.6181,2.4388,1.701,-1.0199,6.927,-5.3642,2.2717,-7.6498,-0.4036,-3.2179,1.9965,8.2281,3.3699,3.18,-8.3321,-4.6634,-3.3394,2.7796,-1.4924,-7.5316,-1.9822,8.1925,9.4437,2.8782,2.2752,3.0931,-2.2503,-0.0707,1.8458,7.6253,8.7004,0.4387,-7.5132,3.5523,1.6664,-9.4649,-6.7674,2.7349,-8.734,9.6418,-4.1342,-2.3639,5.8534,7.1409,-1.6654,-7.303,-0.3557,1.7044,9.2889,5.9093,4.0277,5.7783,2.8286,5.5494,-3.2749,-5.4421,0.4019,5.3149,-6.1356,8.8869,2.7345,0.2638,-3.8441,6.9346,9.4306,5.1518,0.711,7.6092,-0.2801,-2.5622,8.0156,0.5333,-5.7294,-0.5604,-8.6863,3.9682,-3.5165,-7.929,-0.3933,1.4177,3.5281,4.8924,-8.4231,0.6784,1.0073,-6.3942,-3.8477,0.9794,4.3449,-5.8533,6.9237,-7.6139,1.082,-3.4187,-8.5142,1.7165,-5.2388,3.8083,-4.328,4.7362,9.7676,-1.0188,-7.545,5.781,7.6223,6.5026,-0.2157,8.0396,-8.6977,-8.3382,-2.7732,3.9712,-9.5065,-9.7744,-2.9926,-7.1303,-1.9616,-8.8434,5.2163,6.795,-1.8236,-5.0049,-9.757,-2.5424,-8.9092,-2.6887,6.679,-4.079,-9.2157,-4.0209,-9.9541,-2.3824,0.0066,-3.0166,-0.3787,-7.2787,-0.6026,-1.6789,9.5789,5.4031,6.8059,6.3795,-4.9225,-9.684,-2.2265,6.0322,-8.4237,-0.7408,6.7977,4.3913,-6.0262
2.581,-4.1708,7.5711,-8.5051,-7.8629,-5.3645,2.8337,2.3279,4.4521,-1.4717,-5.427,0.5936,-0.1253,0.1539,-5.8779,-7.8798,4.0032,-0.3711,-2.1234,5.6519,-9.0687,-3.1119,3.5996,7.7549,7.5889,5.076,-0.7584,8.5488,-1.3589,-7.3919,9.1032,-1.2822,-6.4428,-7.6287,-9.7545,9.9655,8.0781,3.2805,4.3658,-4.8093,-9.5265,2.9234,-2.7397,-6.0749,1.8397,5.5311,-4.8284,-5.5204,5.3212,1.0016,1.9533,-7.9601,-2.1743,8.7423,-0.2319,9.3379,-6.2682,-4.1291,-1.759,8.0775,0.5629,-7.707,-7.2853,5.1262,3.1166,-2.5459,-8.352,9.8452,-9.3602,0.6378,9.1753,4.2473,-8.0206,1.7709,-3.7196,3.5357,2.2161,2.1052,-9.6548,1.4208,2.7334,1.0396,-9.4616,-4.0339,6.1555,-4.0934,-9.963,1.6959,-9.7151,7.3333,8.2661,-3.7331,-8.1679,8.3644,-4.6923,2.7068,0.2642,-4.7132,8.2315,-0.7708,0.1695,-3.8725,-7.4597,-0.2532,-1.3187,-1.5547,-4.8626,-0.6153,1.7229,6.0308,-3.5412,6.6178,-4.9949,-7.4677,1.937,-1.4685,2.6729,-0.7312,-6.3346,-6.3629,-8.6134,-8.1979,5.5394,-8.5309,-2.1797,-8.4378,0.3843,-4.7608,7.6087,6.5307,0.3602,0.2143,4.558,-8.7662,2.2725,0.0983,3.3555,-8.4865,-4.4998,-8.1174,8.9808,2.5653,-5.4352,-9.462,6.6043,8.5074,-3.0662,-1.9181,-7.3402,7.31,-4.7376,7.4566,-2.2055,-7.4832,1.3849,-9.4486,9.8356,-0.9808,2.5765,9.2184,-1.4945,-6.4789,4.0247,-0.7198,5.9965,6.07,-3.8581,1.4198,9.0332,-9.9554,-9.0513,0.4182,-7.2768,0.762,-2.9334,4.5322,-2.6835,-2.8853,-7.6527,-9.0365,1.6485,-3.0245,0.1479,4.1325,4.7589,-7.661,1.6432,8.5501,7.0918,0.2343,9.148,4.3479,5.1712,-3.3567,3.2149,8.7156,-4.0877,-0.7021,9.4052,3.7424
-2.2215,-1.6938,-7.6476,-1.7887,-1.1156,0.87,-4.8742,-0.3838,-4.0329,-6.7832,-8.2126,7.9001,-8.1054,-9.5661,4.8084,-0.9087,9.8359,-2.6565,6.7228,3.1984,-9.6628,-7.1603,6.9206,2.0076,4.1699,-9.3479,-0.9527,-9.7572,0.3397,7.4022,-9.1329,9.4896,-5.6594,2.203,9.0711,4.4912,-9.3213,2.4344,-6.1678,-2.4165,-5.5647,-9.0165,0.4287,-2.0821,9.2533,0.936,-8.9169,-5.038,-2.9572,4.6847,-4.2087,-5.7038,6.4205,4.3282,-2.0017,-1.7224,0.9464,0.3516,4.8947,7.5811,4.4969,8.7249,2.5063,-0.8988,-5.9899,3.991,6.6512,-2.542,5.2066,1.0843,3.6852,8.8923,3.3344,8.2505,-1.8651,-2.7079,-3.8935,-9.0671,2.8657,-5.9544,-9.3326,-6.1655,4.4629,8.0818,9.2153,-8.9341,-8.1292,-1.3062,-8.6715,4.689,2.9695,1.4481,-7.6095,-5.8228,-3.885,7.4422,0.4067,-2.4497,7.4436,-8.8261,-5.3834,7.4343,-8.2788,3.5444,2.1155,-1.7934,-8.7228,7.8787,-7.901,-9.4953,-4.4851,-5.186,-7.2376,4.571,2.7696,5.9371,-2.023,-8.3836,4.9705,2.2082,-4.3181,8.6741,3.0593,8.711,8.8409,-6.3946,-6.5471,-9.2976,-7.1976,-1.6761,-0.0043,-7.8859,3.2394,4.1532,-7.6445,8.2003,-4.6181,1.6388,-4.5445,-3.626,-9.2285,-9.7653,9.7464,4.6571,-4.4723,-3.6892,1.0709,-8.326,-1.7436,-8.0348,-1.5585,-2.5653,4.0942,3.8727,-8.412,1.3932,-1.7531,-3.802,-3.1239,-8.9499,3.1728,-5.5324,-5.4145,2.2606,7.7901,-5.4962,-3.6449,-4.743,-7.4608,7.5583,8.6327,2.9593,0.227,-0.9709,1.2886,-3.7172,3.212,4.7763,-0.6676,9.7998,7.3076,0.8775,5.074,-2.2621,6.5642,-9.0061,5.8605,-4.6225,9.5471,-7.6412,-6.0346,7.9421,6.1348,9.2784,6.2867,3.4724,-4.491,-2.6532,-3.5958,2.8593
-0.3644,-0.1664,-2.5564,5.99,4.8569,-7.8938,2.2982,-9.8033,-9.4927,-4.1336,-2.5973,1.7091,-3.3938,1.3998,0.8508,7.7559,-9.873,-0.6527,-0.534,-6.4872,9.4626,4.931,-4.2107,-5.6087,4.7748,6.3261,0.9174,6.513,-5.3924,-7.4574,-8.1674,-1.1912,5.6021,-1.8183,-3.5986,-1.7378,9.5639,0.1384,4.9592,0.5708,-5.9425,5.1337,9.9444,-3.1858,1.5974,5.0068,-3.0949,2.6752,8.3069,9.7486,-2.7968,-5.805,8.4233,-4.1208,-5.7997,0.0678,-7.8888,-7.3027,-4.2447,-2.1572,-3.539,-1.3728,-4.8203,8.12,-9.7997,-0.5654,-3.2828,-0.3701,-0.8766,-7.7972,-9.9311,-4.2947,-4.7797,9.68,6.197,-9.039,-0.6613,0.6509,-4.9166,1.5915,4.2062,7.6934,7.7004,5.047,-2.2237,-1.1248,-8.4065,-8.3744,4.4806,5.1604,-2.0643,1.8967,0.5489,6.3088,-8.5454,-4.1403,5.7229,-1.1001,5.8746,7.3281,-2.5034,9.1501,-1.8941,3.0986,2.4683,-6.7446,7.9237,-0.8494,3.3445,3.2395,6.9003,9.0649,7.4829,5.9636,-6.6123,1.2624,6.1157,9.016,0.3534,0.6179,-7.3209,2.4392,-1.0231,5.1578,0.6678,9.3481,-6.3058,2.1706,9.8853,0.3273,4.9495,6.4918,-2.5255,-6.1577,3.1244,0.0564,-9.054,4.9722,-4.346,8.0792,-0.0441,6.0253,-5.0748,-0.1629,-7.6172,9.7542,-5.9995,-5.4164,-8.9641,-8.5637,-0.9618,-0.5319,3.6657,-0.035,-7.8022,4.0893,-1.9072,-3.6078,5.5174,-1.7618,-8.5684,-0.0254,1.2837,-6.4113,7.4243,-4.6287,9.1819,-0.007,7.3642,8.2822,1.3606,0.3409,4.6481,-8.4151,-8.7141,1.7253,9.6146,1.3219,-2.5186,-8.3604,8.7419,3.2145,-8.376,0.5197,-8.1048,-5.2125,7.7354,-9.8354,-5.3654,-1.0216,9.7274,6.1928,-4.2334,-4.7169,2.9728,-6.7055,-6.6122,-7.8266,-8.6636,4.9021
-7.6941,-6.8371,9.4089,-3.0664,-8.2864,3.6829,-1.9857,-3.4438,7.561,9.4596,1.3518,-4.8889,7.5997,-6.3177,5.6374,2.6436,-2.7486,-9.0623,5.9038,-1.3432,4.2234,0.3864,4.6367,-3.4819,-0.9756,-5.5779,-3.8526,4.0633,-1.8575,-5.1336,9.5994,9.5288,0.4952,2.408,-5.2059,2.6613,4.2302,-1.3539,-7.861,4.9695,4.5813,-0.159,6.1318,-9.0556,-9.1311,-8.6989,-8.5264,-5.8403,-7.4897,2.1278,-3.0565,-1.0989,-0.4497,4.6944,-5.6403,-8.0402,4.4643,-8.2464,-4.3411,2.9942,1.5,0.5465,-9.913,-4.906,0.8786,0.4479,3.9732,8.608,6.7597,-1.788,-4.7134,-5.4782,-1.5893,2.7285,3.2775,3.5255,3.614,-3.872,-3.8589,-3.5538,1.8799,6.7655,7.1208,-6.0095,-7.5367,4.2393,3.3465,-5.3428,-5.8247,7.5094,-1.1987,4.5699,5.3047,-6.6691,9.5555,-6.9456,-5.2675,2.2159,2.7552,4.9237,2.1121,2.5591,5.9725,-6.2552,-7.1257,-6.8003,5.7207,-8.7867,-0.6429,-6.5752,7.2061,0.6811,-3.1822,3.662,8.6077,-2.8684,4.8835,-8.3099,-3.2104,-3.3643,4.7811,7.8411,-4.4531,0.4124,-1.2176,6.2492,5.1266,-0.3313,9.9064,6.1117,-9.877,0.8829,2.0666,-5.928,-3.3019,-9.0854,-8.3578,-3.3607,4.5757,-6.7393,2.4987,-3.6221,8.8703,1.0245,-0.2296,-9.8593,-8.1926,3.9178,4.1162,5.0758,-7.7627,-3.1807,-3.9696,-1.0085,-8.1497,9.9289,-7.1481,8.339,-0.4856,-9.4527,-9.6682,9.1163,7.2842,-1.4129,9.0593,-1.9342,-1.2792,-0.363,-5.4695,4.119,-3.1808,8.2548,5.1755,4.657,-2.4584,-7.311,-8.9759,-8.0711,-4.9812,8.3272,-8.3155,1.7363,-2.4612,-6.4018,-4.1931,-8.0091,-9.8265,-7.5663,9.1222,-0.8541,-9.9974,-6.536,1.991,-6.7552,-7.0428,-4.3015,-5.7556,-5.1168,5.8374,-9.7094
9.2825,7.8092,1.4918,-0.0854,0.5191,-1.3031,6.3299,8.7474,-2.1158,-4.1004,2.5218,3.9074,-7.6648,-1.524,6.4405,8.9414,1.5984,-4.052,-3.9134,8.8033,9.0331,-5.3772,1.7443,0.5325,-8.9583,9.578,-4.8167,4.333,0.1065,-4.8666,4.5241,-3.3867,-4.5149,-1.5423,2.9094,6.7717,-7.2641,-6.4047,-0.311,2.9224,1.3057,-2.9677,-9.5446,3.7817,5.5192,3.7112,9.5842,9.5058,-8.8664,-7.8436,-6.8523,6.5499,4.6421,-4.5921,-2.8431,1.6014,7.1686,0.939,-7.4937,-0.4551,0.4805,-7.6922,2.7476,4.8156,-4.1051,4.5079,4.0531,4.1008,-0.197,4.9263,1.0618,-5.9882,-2.3197,-3.5096,-3.3721,-3.8831,5.2964,5.8136,-6.1913,7.6042,-9.3399,-6.8524,-6.2983,5.1103,-9.9947,6.4181,-9.8804,0.2516,-8.8618,-1.0966,-3.8292,-1.7792,4.1492,7.8573,-1.929,-2.3813,-9.9728,-8.5344,1.3766,0.6237,7.8518,9.0872,0.8336,9.994,-6.4688,-1.0745,-3.0773,-4.5896,-4.9747,-5.7502,-3.2212,-1.7113,-8.2122,9.5699,4.6488,-5.127,-9.6156,0.8208,3.407,2.16,4.1608,-6.8811,8.6127,4.6481,-8.1493,-2.6528,-6.4641,-5.2211,9.7026,6.1279,2.4392,6.3176,-1.4432,-6.9319,-4.0274,2.9052,-1.7539,-7.8038,-4.5866,1.0411,8.7617,-2.0487,5.6645,6.568,6.0271,-0.8404,7.3906,-8.8353,8.4627,9.4985,-9.7777,-4.4261,-2.2305,-3.4908,5.2275,-4.1747,6.7626,-7.7356,-8.7234,5.2899,2.233,7.9943,-1.8681,-3.3508,1.6741,-1.6529,0.6369,9.3791,0.4299,-2.1325,7.8631,-3.1757,1.2391,-9.3374,4.9919,-6.8791,-4.2653,-5.5711,-8.0056,6.6633,9.2708,-4.898,-7.9014,0.4369,-1.6901,-1.1441,3.8093,9.4897,9.0422,-1.9255,1.1479,-7.2276,9.009,9.034,1.1891,1.4715,-0.4927,3.7254,3.771,7.2679
2.169,1.3476,8.693,-5.6035,7.2461,-6.2454,-2.6717,-8.0054,-0.4365,9.1597,-4.8018,-2.3167,0.0938,7.9264,-7.3514,-4.5535,-2.966,4.0225,8.0104,-8.0343,-1.8662,4.5915,8.7046,4.0862,-3.6443,2.0853,0.2973,5.8956,-6.4145,7.623,-9.4888,-7.0812,3.97,-2.012,-4.9774,3.5749,-2.4156,3.0769,4.9972,-9.2373,-3.4,0.9259,9.7024,-8.7313,4.9251,-1.4343,9.1031,-5.6375,-6.0025,4.8469,4.754,9.6884,-2.4854,6.1522,8.0038,9.2018,-4.4323,4.996,-1.9216,3.4012,-6.0024,-3.8249,8.6085,9.4023,5.5915,-9.0205,5.6967,-4.4593,8.5172,-0.2853,8.2842,-9.3707,1.1866,-6.7296,-8.0295,-6.4597,-5.9536,-2.5907,-7.1612,1.991,-5.362,-1.8961,1.1378,-2.3368,-6.8067,-8.1434,-0.9974,-0.0325,-8.9253,-6.7535,-4.5811,-3.713,0.4519,7.6656,-1.5573,9.5934,-4.8127,7.4219,2.6323,-2.7252,8.7875,3.0827,-3.3414,-2.7637,3.5951,5.9743,-2.0959,-7.7796,-1.7862,0.8336,-6.9923,3.4903,-3.8759,-2.8466,4.9997,2.3649,9.9681,2.8653,8.2449,2.6659,4.8781,8.5265,-4.6672,4.6168,7.8331,5.5999,-7.0775,-4.1151,-6.5655,3.7748,0.4525,-8.9251,-1.1519,-3.5317,-0.9726,7.3678,4.5922,8.174,-2.8772,6.6092,3.0842,-1.5291,-1.879,-3.5793,8.9498,-0.3521,3.9935,3.1332,-0.6969,2.9694,5.8589,-6.6479,-4.9085,-0.4361,3.6034,-8.3487,0.3844,-4.1299,9.0163,-4.4161,-3.0746,-9.0454,1.4668,8.2058,-7.4013,5.8215,-5.7081,7.1837,-4.4952,4.9243,-4.3276,-8.9049,-4.273,-9.7903,9.8483,-9.9814,4.832,2.9503,4.0851,-1.4625,-0.2713,-5.4419,-5.9045,1.6443,6.8667,8.4673,6.54,-1.6758,-3.2021,2.3983,-0.7625,-5.2615,-1.2386,-8.2516,-5.0327,-5.5256,8.3065,-9.8104,6.6082,-3.8508
-3.4267,-4.8672,-5.3283,-1.9091,-3.4737,-9.7176,-1.4538,5.643,-0.6861,-6.2152,6.6331,4.8267,5.8157,-9.5253,-1.981,-3.8642,4.202,9.6474,2.0918,0.7726,1.0467,-3.5093,-1.1889,9.4403,2.5438,3.4417,-0.112,2.9977,-2.408,2.534,-0.0061,0.422,-2.9011,5.4027,4.7202,-4.9493,-5.8359,-6.1446,-8.3748,-3.1279,4.7597,-4.6664,0.51,-0.6134,2.4362,2.0369,1.5451,-9.5903,9.4915,-5.0741,-1.5189,-6.1808,-1.8137,-4.7914,1.1399,-8.4663,9.0615,-7.8437,-6.4806,-1.9038,0.0023,-9.1627,0.334,2.4346,1.8833,2.8202,-0.6613,3.1496,3.3791,4.9113,-3.9084,-6.0546,7.3172,-1.0308,4.1181,2.9312,0.9301,-3.5148,-7.504,3.7402,-8.8115,2.9763,4.8912,5.6477,8.8753,9.9659,-2.0385,5.4874,-8.4486,3.9396,6.1156,-4.3778,-3.6853,2.0756,-0.3724,-8.2111,-7.8539,-3.6912,3.2295,-7.8915,3.4629,-9.3391,-4.0765,0.7898,-5.8545,2.2153,7.1391,-0.4984,1.4428,-5.8468,2.8967,-3.0819,1.5987,7.4822,-5.7472,-6.5677,-3.9722,-0.9425,1.4296,-7.7786,-9.8612,9.7853,-2.2182,-4.6969,5.0574,0.9509,-3.3335,6.8882,5.8056,-0.6556,-4.3953,-3.2618,6.2431,-7.4973,-6.7323,9.099,-7.2796,-2.6482,4.8982,8.0093,9.3707,-5.5565,0.9673,2.2394,2.1766,-6.9104,2.5666,5.2647,-0.0058,-9.3753,-9.6324,2.5748,-4.1449,1.2992,6.4211,8.1297,1.0242,-4.8735,-4.1142,-8.8233,5.2144,5.31,-9.0805,7.3288,3.7204,-6.0672,9.6041,-1.0734,-6.0933,-6.1972,1.8701,-0.051,-5.4616,3.9375,-5.3087,4.5183,4.0487,-4.4727,0.4767,-1.2392,7.5765,-1.7805,8.8578,4.5189,-9.2121,-8.3689,6.0862,-3.3122,4.1747,7.5162,-0.4369,7.791,0.5679,4.7926,-0.5076,-4.513,-6.591,-4.1666,-8.7881,2.777
-8.4048,-0.26,0.4088,5.9588,-3.0677,9.1782,-6.7987,-6.0072,-5.1642,-4.1321,-8.0057,-2.7354,-2.2229,7.5161,8.3884,-8.7009,-6.4143,-0.9935,1.0664,4.8377,8.3924,5.9582,-1.0947,-6.9484,4.6177,0.802,-9.391,-7.8023,-2.9967,3.6728,4.1554,-7.1436,0.5437,-9.0059,4.8646,-0.0749,-9.5958,-6.5151,-5.2019,-6.9616,-8.3924,2.8466,-5.5576,4.818,6.9911,8.8007,5.2521,-7.0175,-5.6583,7.3794,2.9093,5.2799,-9.4155,2.6836,8.2675,5.9501,-1.9083,6.7575,9.3756,-0.9265,-4.8615,0.5231,7.1393,-9.8399,-2.6133,4.8795,-0.1639,7.3988,-9.2524,-5.2923,2.4669,8.9019,1.977,-0.2253,9.7582,3.7051,8.3399,5.7129,7.4824,2.1698,-3.3016,6.6633,6.6271,-4.0616,4.4225,5.5377,-6.5446,-6.4291,4.7957,-2.2717,-7.2633,2.8529,-4.9758,-1.0617,0.7568,0.4239,7.8052,5.6094,8.113,-3.5529,-7.1239,6.2136,-2.166,-5.1521,-3.3323,-8.8031,-7.4531,1.9157,4.3102,-4.6589,-4.5773,-4.0799,-8.4677,-9.8033,2.3701,-7.6381,-0.3074,-4.6358,-4.5208,0.3698,-0.1639,-8.4945,5.5414,-0.3738,-4.3234,-0.7591,-3.1965,-0.4277,5.5124,-2.0264,-4.6519,-5.6816,0.3871,-6.448,-7.7843,-2.3935,-8.8641,4.8705,-0.755,-2.7925,-6.8488,-3.9971,5.9034,-7.8687,-7.2751,-7.6807,-6.4747,4.9512,-9.0033,-2.7404,9.4442,3.7841,-6.0415,1.2355,-7.4317,-2.5128,-9.6217,4.6115,4.3382,-4.6281,-8.0851,-7.2149,-6.2423,7.7091,8.5784,0.0647,-7.542,5.0414,-8.8505,-7.6709,-5.8918,4.0202,-5.6751,6.4482,2.8559,4.4222,2.1613,5.9679,-9.8003,0.4182,-6.07,-1.7902,-3.6441,0.9509,0.5532,-1.2005,-4.4558,1.0635,-6.6683,-1.9945,7.0211,6.8016,-7.5802,-0.321,0.5702,6.6184,-2.5095,6.5062,-2.8315,3.7756
-4.4204,-2.7554,-0.6385,-4.5636,-8.6287,-2.5722,-1.5877,2.6908,-6.3262,-5.1264,-7.827,-2.538,-9.7557,8.6053,0.4541,3.922,-3.6619,-4.6067,-7.2366,-6.5939,-7.184,3.8225,-5.6563,-3.1867,7.5204,-0.347,6.291,1.2055,-9.6609,1.9804,-4.3168,7.0808,5.8256,-9.4807,-8.4666,4.2415,-6.6282,-3.1308,4.6167,1.6833,0.4188,-6.0801,6.7889,5.9484,5.0959,-8.4743,-1.7949,5.6783,-5.2156,-2.3633,-0.7788,0.6567,8.2835,-8.0616,-4.8606,-9.486,9.6967,2.8535,2.9083,-0.2887,2.0954,8.0061,9.4384,0.6929,-8.088,0.4253,-9.8585,2.3545,-6.4319,4.233,-3.7905,-6.4376,-2.2403,-2.9729,6.6483,-5.9417,4.9175,-1.5397,-1.1559,-6.2269,2.8296,-9.9651,9.7616,-0.1683,-8.7753,-6.5927,-4.471,6.6534,0.6468,8.9261,-3.4659,-9.9881,4.4376,4.2782,-8.0114,-4.6935,-3.0453,-7.8032,-2.3189,-6.4636,-4.0567,5.441,3.8244,-8.9239,-7.9666,-8.6699,-5.3924,-5.3076,4.0367,-7.9127,-7.5268,7.1549,-8.4696,-1.2846,-8.7634,5.0269,-3.1782,-7.1489,-0.092,-0.6491,9.3613,-6.0299,7.0914,-1.8411,-6.458,5.6929,-0.3711,4.9262,-5.201,-8.3611,-1.0295,1.167,3.614,3.1969,-7.9673,-2.1904,3.3398,9.3265,-0.0986,1.1632,4.3654,4.4191,9.5807,-2.196,-3.4295,7.6824,9.9955,0.6059,-6.2614,-8.7999,7.5631,-0.3484,2.531,2.4492,-1.6405,-2.41,-9.5925,4.4738,-4.1593,-5.9017,6.9034,-6.866,9.9058,8.3053,1.8223,-3.7079,-0.3025,-2.2015,8.3988,0.8382,-9.8507,2.0704,8.889,-5.3682,7.7813,-5.2048,6.0944,7.2662,6.6967,5.2779,7.6748,-8.6832,-7.6027,9.6144,3.6828,-5.6945,5.0033,-2.011,-0.8337,-7.0999,8.5898,-2.2424,-6.5225,1.9223,4.7441,8.2584,-0.9799,-4.9627,-6.1449,1.8897
9.0181,8.1625,0.8298,-3.9242,2.7348,2.6214,2.4332,-2.1738,-0.5886,-3.0146,-7.0128,-9.1606,7.1841,-9.5521,1.6425,-7.6653,-2.1731,-0.6924,-5.3902,-4.0828,1.6733,6.2582,-9.1745,4.3643,-4.3739,5.6951,-4.632,9.3846,-9.9217,3.2279,-1.0044,9.9781,-2.8597,7.8814,-7.0885,-2.1855,-9.2199,1.3533,6.2495,0.0007,3.083,6.4381,-4.4081,-6.117,9.4658,8.3785,-0.1209,0.3242,-1.4491,-0.6225,-4.3528,-0.0712,-1.4156,-1.2802,-9.588,-3.9077,-1.0337,-2.414,-5.5978,2.6695,-2.6273,8.4319,4.9487,-2.7369,-7.0717,-9.5416,9.0194,4.2333,-0.0188,-6.0764,-3.1346,-4.005,8.7582,2.1877,3.892,-3.8261,-0.2232,3.2937,-4.8528,-0.4094,-9.576,4.7702,-8.2189,-9.5864,-7.6789,0.4548,0.3115,-8.1288,-8.805,-7.7622,8.859,-1.9494,-8.0289,-7.6115,4.4099,3.557,-5.1445,4.9672,-4.6649,-3.845,-2.2652,-1.3815,-4.2738,8.8275,-2.9538,-1.8233,-7.9443,1.7615,-0.0985,8.6125,6.8157,0.1836,5.3397,3.9206,-2.8468,0.639,-6.0981,-4.973,-0.4501,-1.7946,1.5122,1.8982,-7.485,-3.6315,-2.1372,-6.799,6.6553,7.1422,-7.732,-4.7098,-4.5977,5.8291,-1.6866,-8.63,2.6215,8.0025,-3.0742,3.3768,-4.8242,-4.2405,-5.9466,-8.3849,-5.5711,2.2592,-3.8479,1.2011,-9.8015,7.1739,-1.1625,7.6179,-2.9235,7.3666,2.4527,6.4262,4.8434,9.9837,-9.249,-3.745,-0.0715,6.6057,-8.8591,-1.1135,0.7894,-1.3131,8.6554,-2.5443,4.6878,1.4645,-9.1995,-3.9583,5.5631,0.519,-2.7718,6.9565,2.4717,4.7956,7.053,5.898,-3.3706,-3.8933,-0.654,6.2893,-1.9372,-7.2982,3.9764,-8.9121,-7.9269,-2.8007,9.5928,3.357,9.7527,6.5382,5.9875,0.0141,-4.3572,2.2182,-9.0216,1.1002,3.5084,-0.2869
0.5467,-8.4431,-4.7478,4.3759,4.2123,7.6122,-3.5692,7.7553,-8.798,6.8343,0.7877,0.8782,4.2196,-9.2538,3.6313,-3.3379,-5.4602,3.3142,-0.2143,7.9338,9.8991,-7.7794,4.0595,-8.2165,-8.1987,7.3721,-6.0027,-3.8225,9.7478,-8.7952,-4.0479,-3.8985,-0.4339,-8.1361,-2.0637,1.7857,-9.7853,9.309,7.7542,-7.2214,5.3945,1.4051,-9.8066,1.7507,9.0636,-3.1943,-4.9691,-9.3162,-2.8518,4.3391,5.7909,2.908,-5.5632,5.5437,4.5265,4.7174,8.9113,-7.2101,3.9868,7.5817,-2.3088,-3.1328,7.0183,7.3429,-6.3048,8.6143,4.2598,6.8598,3.5093,1.3079,-3.0963,3.9203,-5.048,6.4899,-1.0582,5.287,6.3502,-4.9595,7.5497,-0.685,-9.5569,-0.3856,8.0318,1.5514,-0.5709,-8.9836,-6.0179,-0.0515,-9.001,-3.5986,5.1192,-8.6258,-3.2755,-5.8035,-4.5649,7.3875,9.3456,2.1714,7.0882,8.341,-4.8363,-3.0531,4.1501,-8.2294,1.6281,-8.2503,-7.8489,-9.2482,-7.7905,-4.8387,0.5844,-4.1455,9.7639,-4.3705,-6.3631,0.1485,9.1563,-0.6257,-6.3692,-4.7345,9.8673,7.206,4.7806,2.9734,-6.6602,5.6028,-0.132,-2.3222,-3.1043,-1.4021,-6.4481,-4.0614,0.2173,7.7489,-4.097,2.6501,-3.0446,5.5262,-7.0589,-1.424,4.0061,-9.7917,5.4202,-0.3013,5.2672,-8.4995,-4.5495,-0.618,2.6437,-6.8791,5.6818,7.3023,-8.3433,9.7097,-4.5081,-9.8391,-6.6293,6.9335,9.7445,7.3935,5.2113,-4.9048,5.9353,-8.7924,-4.3043,-6.2059,9.5189,3.6427,9.7909,-7.6383,-6.3955,-5.6623,-9.9671,-6.6322,3.0784,-0.5851,9.7943,3.2377,-6.463,1.7964,8.6615,1.0437,-8.7089,-6.9555,-1.0371,-2.8328,9.562,8.9367,8.0375,-8.0311,-7.0596,-9.4225,-7.1008,-7.5466,8.6599,1.53,4.7579,-1.9098,-4.5734,-6.9459
-3.4976,1.8042,-7.2655,8.0476,-2.885,0.4355,5.4534,0.6272,0.9923,-7.4887,-9.364,1.8784,1.2046,-8.543,4.0589,1.0669,5.9831,3.3619,8.0644,8.3145,-6.7663,-8.8158,-0.5636,1.0459,-2.9413,-9.0701,-5.6115,-2.3368,-0.3438,-7.4366,9.9179,7.3207,8.6451,6.0167,-7.0355,-1.1052,-7.3504,7.3839,-2.9148,-4.169,-3.0152,1.4518,5.0295,-6.6903,2.6774,-7.121,8.8338,-1.6181,3.4755,-6.3918,1.4604,-5.6895,6.0818,6.8349,6.9506,4.5281,-0.9643,6.7989,5.5345,9.0711,7.819,-0.802,-8.2999,-8.1185,-7.7207,-1.6833,-0.6243,-1.6614,9.2348,-2.0537,-7.6639,1.6317,0.0177,8.8643,6.9712,-3.7627,8.4394,-4.8969,-6.2362,-0.6416,-8.9413,0.3371,-3.2611,3.9074,4.5153,-1.3438,6.3512,3.5265,5.1128,-1.4849,-7.7963,3.3388,2.9902,0.7415,-2.4367,5.8471,4.8807,-3.021,-0.1249,-2.5366,-5.588,0.8593,-0.5927,9.5729,-3.1867,-8.996,-3.3369,-4.0315,1.0406,-4.5018,-3.4633,0.2671,4.6635,6.697,-9.6567,4.4304,-2.6811,-2.6269,-8.8071,3.0444,-0.9722,-7.1723,6.867,-0.7579,2.8092,0.0098,8.6531,9.3039,4.458,-1.9727,2.0051,8.9411,-9.2501,9.3795,2.1421,9.3964,-8.3898,0.362,2.3308,2.4137,1.0962,7.3426,3.5054,-2.4406,-2.2718,9.539,-9.79,-2.5523,4.4679,3.2232,5.6089,3.9885,6.8106,-1.0567,-8.4764,-1.2234,0.4603,6.5856,-0.7005,-1.7153,-5.7186,-5.0725,-9.9999,1.4399,0.5672,1.3493,2.5976,-9.78,-2.4506,8.251,-4.2114,-1.411,-0.5817,-6.4167,9.5884,-4.7415,8.6642,-7.1267,9.2752,-2.2204,-4.4642,-5.6344,-1.6986,7.0092,-2.4752,5.1124,-0.4458,-6.0927,3.1724,-2.6444,-3.2756,9.7485,5.4904,2.6896,-7.7928,9.121,-9.9915,4.772,7.4544,9.4157
2.9083,8.8227,-7.7908,-2.5739,-8.3866,-0.469,0.2585,-4.1902,-9.2247,-2.4222,-9.2438,4.382,4.9934,-1.3388,8.6338,-3.3446,2.8333,9.1589,4.9916,-2.1013,-0.7784,1.7099,5.2104,6.8567,6.073,-9.5786,1.598,-2.9105,-6.0654,-8.0181,-6.1684,2.014,-5.1956,3.8702,-5.0144,-4.6619,-7.5817,-4.1687,-3.2959,-0.8251,-6.5902,6.7859,-9.2065,5.5832,6.8862,-1.3153,-3.4763,3.4446,2.6088,3.3627,-2.7528,5.4119,-3.0186,-2.5232,-1.4421,3.1013,-2.6137,-1.6827,4.6028,-4.7023,7.0977,-5.6713,2.9576,0.3633,-4.982,-5.8613,4.0408,1.3845,-0.642,4.4306,5.5684,9.0045,-2.1068,-9.4212,9.9161,-3.6889,0.5577,-6.0952,9.4438,8.5781,7.5694,0.2073,2.1624,-6.3202,0.8119,-7.1987,4.8663,4.1337,-3.3206,4.8537,7.4234,0.1425,1.1995,-4.1625,-4.5187,0.6438,4.227,-7.313,-3.6403,7.4176,-3.3473,-1.3057,5.133,-5.5894,3.8856,-2.1103,-1.0592,-5.2695,-3.2914,-4.3037,8.6963,2.9063,8.4661,-2.6784,-1.1644,8.5042,8.345,-9.9917,9.1419,-1.104,7.1551,-2.686,-6.1798,-6.3451,-9.0699,-1.5021,-5.0457,6.0812,1.6909,-8.154,-3.0972,-4.6146,6.119,8.6706,0.1922,-0.9157,9.5234,-0.1489,3.3707,6.9869,9.5237,-0.67,6.8273,4.7471,-7.8448,-2.047,8.1922,4.25,-8.5116,8.3339,-5.2931,9.2128,7.893,-6.4638,6.2921,-1.3281,-7.9996,1.0492,8.1178,2.3869,-6.1747,-6.8353,-7.9571,7.7752,8.7671,6.9849,-2.4828,-9.7089,3.452,8.5892,-2.8639,-2.5012,-3.1818,8.9692,8.7184,-8.7064,2.1084,8.2155,7.111,-1.8568,-1.0276,-6.6021,6.9937,-3.1718,6.7333,-9.7393,3.9262,7.6259,-1.6731,-6.5763,8.3033,6.2951,-4.5046,-9.8008,-6.5751,-3.4115,-4.3459,5.0237,-5.1383,-9.0417
2.4187,8.2137,1.1621,6.7544,-2.7172,3.6808,7.1061,-0.6176,-7.7248,9.717,-0.6711,0.1585,6.1008,1.9163,3.1753,-9.6861,1.9793,-1.4095,5.3824,4.3588,4.9274,-9.4415,0.586,-5.825,5.5777,-6.9134,-0.5647,-3.2579,-8.7645,-8.7963,-3.6493,2.8503,9.4671,-1.3038,3.8929,0.7061,-9.8925,7.042,1.8654,9.1635,5.4359,-9.1059,-0.5183,-8.0612,-1.7203,6.6365,6.4551,8.4418,6.9959,2.7972,6.8409,-9.2834,-5.3901,6.0519,-7.3584,7.7236,5.0356,-4.9573,1.2136,-4.8989,-2.1271,0.7849,7.3235,2.7272,-8.7227,4.9228,-9.5938,-9.1469,-1.9573,5.1794,3.4167,6.4066,6.9926,-9.0202,5.4849,-2.1043,-1.3312,1.079,-5.9464,2.9031,0.6062,-9.4062,8.2324,8.0629,-1.9308,8.578,9.9497,-9.9503,0.2635,-0.4973,-2.0046,6.4828,-7.9052,-1.7468,8.2379,8.8548,8.4072,-1.0579,3.2055,-9.5956,9.2587,-6.2603,7.1272,-3.2393,3.7938,9.758,-8.8534,-0.2339,-2.5118,5.8793,-2.5076,4.1995,-1.7602,-1.6049,2.9736,-6.855,-1.2893,-3.8441,-2.7986,-6.2414,2.6553,0.9172,7.073,-5.38,9.9589,-8.297,-4.934,3.7559,-5.7081,3.3277,7.228,6.8453,7.3107,5.2017,-4.0344,-2.0253,6.4129,7.9574,-0.8861,8.4899,-9.6695,-5.701,0.3406,9.7483,0.15,-8.8906,-7.4569,0.91,6.1442,-8.1019,-0.0414,6.0469,-4.5016,8.4479,0.5056,-4.0918,-1.6519,0.2887,-9.0593,-5.6175,-3.6674,2.6282,-7.1691,9.791,4.4976,8.1352,-4.7167,-8.1253,5.1301,-8.0715,-0.4198,-3.5485,2.7786,-8.0347,-6.0609,8.5619,3.0066,5.1744,9.4407,6.8556,3.6665,2.7105,-5.7662,9.4214,-0.737,-0.6863,2.0383,-5.3365,1.0093,7.1201,4.3591,-8.1001,-5.6104,7.9819,-1.3385,-5.9163,4.7556,7.2152,-6.1266,-8.5034
2.7992,-2.685,8.9316,-3.8263,-2.8089,7.299,-6.4006,-0.3018,-4.2333,0.3582,-8.8594,-2.8364,7.2775,3.3697,9.5389,8.1422,7.2872,9.0035,-5.4837,-4.0015,7.0746,1.2465,5.3799,6.7636,-3.6678,-9.6791,1.2889,-5.9825,7.8276,7.3794,-0.8463,3.4798,5.2766,3.9109,-2.1429,2.1514,-3.5616,1.8304,-1.6417,2.0013,-9.7051,-7.4311,1.8602,-2.3002,-1.0653,-7.1853,7.0042,6.6927,2.5888,-5.9413,0.0537,1.4203,-1.2146,9.9692,-8.1777,-8.0885,-7.1704,4.6326,4.9361,-0.8312,-0.008,-8.5462,7.3177,-7.2394,9.0132,-3.9826,8.0943,-0.9783,-8.1741,-9.5669,-6.3226,-3.5815,5.8811,0.9399,9.5338,9.2871,0.3481,5.5692,0.4459,-1.9241,5.843,-6.2445,6.5664,9.6869,-0.8061,-4.6642,-8.3656,5.5049,0.7119,-7.0203,-8.9276,3.6263,-5.2856,2.0971,-9.3236,8.5525,2.9139,0.7707,5.377,9.2822,8.8972,7.4964,6.6876,2.8293,2.255,-7.6835,0.9979,0.5671,-5.074,6.923,-2.2798,2.757,8.9337,-2.9483,-1.3462,-0.9987,-7.8989,8.1504,6.6618,-7.4008,3.6299,1.3123,-2.4457,1.6964,2.867,-5.3911,8.477,-7.8677,4.6724,6.719,-1.5882,7.199,-2.5636,-6.2501,4.9273,0.3556,2.4544,3.3439,7.0748,-3.5237,8.9027,7.6801,8.2169,-8.4425,-1.46,-5.6038,-5.7034,4.2649,-7.3295,-3.2447,6.3754,2.4275,-1.7221,-5.1113,4.907,8.4729,8.3327,5.8585,7.6961,8.3144,8.6407,-1.756,-5.2714,-6.139,4.7756,0.9688,-1.3297,5.7912,3.3861,5.1125,8.7596,-2.6767,-7.535,-9.6303,-5.258,2.2681,-7.1563,2.0772,-3.8439,9.663,0.2628,-6.6565,-6.6057,-9.1845,0.8049,3.6719,4.9562,5.5095,-7.0044,2.4123,-5.1172,-9.3808,-8.1434,8.7153,-4.8126,6.8132,-7.186,-8.095,5.981,6.6649
-0.7034,4.4756,-0.9386,-2.4505,-2.749,-5.9615,-5.0409,5.1528,9.1047,-6.9883,1.8599,-3.0352,-5.0485,-3.1167,-9.8454,-0.7475,9.4112,1.0578,4.0612,-3.0519,0.2957,7.6953,-1.8427,-5.8533,3.607,1.187,-6.8884,-3.5938,-2.6443,9.5672,-6.8929,4.9201,6.3638,4.7133,-8.1031,4.7695,-4.6652,-7.4997,-7.1834,-3.4373,8.8738,-2.8086,-8.0695,2.5875,1.9864,8.4813,-9.1487,8.3419,1.5394,-1.7491,-6.2981,-9.4741,1.7901,-2.8916,8.6699,9.8119,8.0959,4.8061,-9.1604,0.1515,1.9303,3.4652,-0.474,5.4622,-5.1804,-6.5902,3.0641,-6.7534,-7.9507,1.7185,6.4183,3.8147,-0.1579,3.5136,6.4076,-3.5541,-0.5182,-3.9885,3.301,-1.0215,-5.9482,5.0117,-1.7607,-0.5137,-4.9188,-6.1604,3.694,7.9436,8.632,2.163,2.4631,1.5872,5.38,-9.6316,2.5513,-7.9045,5.6104,2.1662,6.5027,-2.4133,8.0032,0.3736,4.2865,8.9464,-4.2275,2.7053,4.2967,4.7201,6.4133,4.4296,3.3475,-1.6142,0.0287,1.7097,-5.5548,7.0392,-8.3396,-2.2835,8.3671,-6.536,8.4253,6.7429,-8.7042,0.0432,-6.6015,0.5082,-9.1525,3.4836,5.4969,9.8588,-5.329,-9.5703,1.7259,4.8285,-8.1796,2.0898,-2.5255,3.5574,-1.874,-7.2132,4.1622,2.1519,-0.7689,-7.1277,-5.4492,5.011,-6.7815,-8.7815,0.1644,4.1937,0.1214,5.0407,-4.8473,-2.5519,-0.4333,-9.7046,-5.4437,4.4146,-0.4113,7.2185,7.7378,-5.9051,4.4609,4.4963,5.2511,-3.6035,2.4178,9.5146,4.6648,2.8571,-6.9329,-9.8489,-4.4819,1.5572,8.4973,3.9565,0.4381,-0.688,3.4085,3.4265,-1.1203,-1.9058,2.9629,-3.4368,-6.4609,-2.5455,1.1931,-8.5119,4.3685,-1.0714,-9.6599,4.9521,-3.8882,-0.3313,-1.0722,-0.7236,-4.1394,3.9949,2.1421,8.3457
1.4187,-8.3739,-9.145,1.4341,-5.4684,-1.1481,6.3241,-6.3188,2.1396,-0.3382,5.3038,-3.9232,-9.6995,-2.7339,5.8671,3.821,-7.7884,4.4403,7.8206,8.0565,3.7985,1.6376,5.3182,4.5785,7.9919,4.7129,4.2651,6.4754,3.5781,-9.7088,4.3889,2.7103,3.3047,-9.2809,9.6805,2.5245,4.1548,-8.0616,1.3616,3.0836,9.3333,0.7642,3.5654,9.3417,-3.8558,4.2881,7.724,-5.3445,-9.6019,-5.3105,9.092,-8.5112,6.8648,-4.1611,9.0983,0.642,4.4091,-2.5976,9.8712,-6.484,3.4572,-2.692,-6.7586,-1.6654,-7.6351,5.5592,9.0782,1.2321,-7.9618,8.9228,9.1029,5.2208,-3.0686,9.1816,-5.3201,3.1233,2.4274,-8.9475,6.9438,6.4791,-9.6772,7.5059,2.8603,0.3173,8.9646,-4.6026,2.7818,-4.7537,-7.4921,-7.0601,7.2904,-0.4595,-0.5407,-2.9836,-2.8219,-1.6393,8.087,-3.161,0.0138,3.5933,-0.9392,-6.5717,-1.6404,8.1557,6.9514,1.7918,5.9207,-2.3211,-9.5377,-4.7907,3.2445,1.0489,-2.7112,2.9867,-9.1577,4.2114,-3.0327,-8.0695,5.7078,2.5629,3.8881,6.9447,-2.8193,2.4409,-0.9901,8.7249,3.4792,-9.0094,-6.0529,8.0824,-4.5456,3.7678,4.0739,3.7437,-0.7085,4.1452,5.3083,-3.3077,-9.641,0.9549,1.0269,3.9936,9.8432,5.5114,-4.8093,-6.4812,1.6092,7.6361,0.7035,-9.1247,-4.2418,-4.1162,5.5007,4.4916,-9.9021,2.6678,7.6792,-4.3899,-4.8625,5.9523,7.2076,-4.4606,-7.9645,5.769,-1.1506,8.4985,3.6277,1.2345,8.2068,-2.4725,9.3293,-5.7428,8.0906,2.1314,9.7237,4.8601,7.547,-1.252,-8.4691,3.0382,9.9421,-7.9347,-2.8089,5.9241,1.3027,-3.3601,-4.2939,-8.3069,4.5827,3.9378,6.9763,5.4493,8.9462,9.5928,-1.8119,3.4902,-5.6075,8.6642,9.7391,-7.5788
1.9926,6.7737,9.4138,-0.6492,-4.932,1.8057,-6.8899,5.5378,-0.8698,7.6674,6.2169,-9.0754,-7.926,3.7558,5.4152,-4.3362,-3.9325,0.0846,7.6121,-8.4877,-1.0208,-8.7769,-0.5465,-0.3139,-8.5906,5.3397,-9.4971,-3.9115,-9.4371,4.8737,-7.5234,3.0329,-4.5399,4.8426,-0.3421,8.2653,6.1891,6.5132,4.0691,-5.5293,1.6703,3.4855,-0.3599,-6.5158,1.6242,5.2789,7.3365,-2.7998,-8.1218,2.3202,7.902,6.7912,-5.3181,8.3757,9.2319,3.0725,-8.7971,8.03,-4.1615,-4.2814,2.8244,-0.5997,-3.626,6.4718,7.2202,-3.602,2.1637,8.1965,5.991,2.5566,-5.9778,-7.1319,0.7707,3.6754,7.015,-9.3086,-3.062,3.2033,-0.5782,3.2072,2.1616,9.244,8.9914,-5.331,4.4876,6.8938,-5.2865,2.3006,6.5222,-4.062,2.6239,8.0318,-3.9002,8.5644,8.8738,2.4407,5.1397,8.4003,2.1638,-2.5552,2.8346,0.1434,-8.2904,-4.2675,-6.5435,3.713,9.7636,-2.2922,5.6329,-3.1117,-4.4636,7.2719,-3.3775,1.2715,2.1903,4.868,-9.072,-4.8129,-6.668,5.0032,6.8356,3.3987,-6.4832,-1.2386,5.0765,0.9452,1.4235,3.733,-4.6384,-2.5554,6.6602,-9.9674,6.1631,-5.6389,-3.1379,1.1069,8.203,2.7756,-1.4961,4.3016,4.5041,9.7487,3.8082,6.1149,6.6691,0.9856,-4.5609,-1.5015,-2.7723,-9.4594,0.197,4.7597,6.2599,3.2987,8.7382,-7.9622,4.5044,-5.6378,5.1345,-7.7696,7.1196,-5.6197,3.6761,-9.6366,-4.3497,8.4954,-5.2968,-0.7909,-8.1071,-4.7883,-8.8902,-0.2227,-4.3207,-2.129,-5.8827,7.8286,-9.7812,0.1232,8.4631,1.193,7.2752,9.393,-4.5687,-9.7182,1.5488,8.0826,1.5912,0.2349,-9.8976,7.6079,-6.3639,2.5885,3.4077,3.9761,-5.2482,4.4376,-3.7553,-9.4205,8.5273,-8.1721
6.2967,-9.4007,-3.9361,7.9385,5.7015,-1.7166,-3.0056,-1.271,5.5279,-4.9156,-5.4262,-6.2322,-0.1383,6.7907,3.9172,-3.908,5.0493,8.9153,6.9028,-5.4594,-2.4604,-6.563,-4.8266,1.1894,-6.1889,-6.0682,-9.1262,-5.8741,6.4422,9.0614,6.4538,-3.8002,1.5021,-8.5657,-3.231,5.044,3.4713,0.8197,7.5482,-9.4188,2.0133,-8.9936,-8.5717,-2.2733,8.8835,-6.1807,-1.6953,-2.6841,-7.1641,-0.0093,-2.6317,8.242,-9.4808,4.7188,5.8108,-9.3924,-2.7558,1.8276,-2.9718,-3.4369,7.0478,4.1059,7.0374,7.7325,7.8185,4.4294,0.6296,4.9442,5.4913,-2.3774,3.9951,-4.4239,-3.8496,5.7027,-9.6367,8.5735,4.6964,2.5063,-5.5259,-7.4704,7.4336,4.1162,8.2009,-8.0208,9.1425,6.0085,4.344,-4.5615,4.5763,-7.9593,-9.0173,-5.4939,-4.8971,9.0101,-5.2151,-7.4792,-5.7617,-5.6023,3.7528,8.842,6.2029,-7.7055,-4.1795,-1.1499,3.7215,8.011,-8.1163,-8.2811,-0.8608,5.1726,-9.0735,-3.5988,5.2282,7.5187,6.2846,-9.3301,-2.2291,3.9484,2.5512,9.3433,-9.2333,-2.5755,-6.8578,0.8084,-1.8217,-8.0707,-0.6204,3.3729,-5.1674,-2.2726,-3.0901,-8.1595,-1.5669,-9.2639,7.0819,1.963,2.1112,7.7777,-0.1331,1.3002,-9.5464,-4.7216,-2.5865,-0.7611,4.3562,0.6366,-7.1406,-5.2669,-1.0088,5.1539,1.8227,5.4402,6.9387,7.3594,-0.2293,-9.0619,5.8736,7.3962,2.1772,-2.8019,-4.5424,-0.2181,6.9735,-2.3024,-9.4348,3.1021,-9.5397,9.5172,4.1699,-4.7256,9.2627,8.1342,-9.5166,5.5593,8.5565,-1.2613,-3.7529,-5.0352,-5.0361,-8.6856,5.7757,4.7755,-5.1738,8.4612,5.4944,6.1049,-0.8389,2.2477,-4.292,-2.6181,0.1206,-1.8839,9.0794,6.3848,8.0234,1.2935,-2.8867,4.721,2.9462,-1.5184
-4.0928,-7.0809,-3.5673,-6.572,9.2954,-2.6016,0.8538,-3.0796,8.8675,-7.5361,8.315,-0.8247,-0.1171,-9.5195,-7.5158,-3.9903,-3.0128,0.316,-2.9639,-6.0296,7.361,-4.1683,-7.0113,0.5645,-2.4194,-9.7688,5.4798,-4.7655,-6.3482,-2.6767,-5.0387,-3.6365,-2.9213,-0.1622,1.8782,8.1352,-0.4599,0.507,-2.3141,9.2637,-2.6018,1.0403,-2.2667,3.2869,8.9795,6.9893,-3.2192,7.9279,5.9866,-6.3588,7.5081,-4.1839,9.8256,-1.4152,-4.3982,-4.7636,-2.924,-6.5377,3.8056,2.9806,3.023,-4.6679,7.6921,2.3333,3.4665,-4.5072,9.9001,-5.6924,-8.7658,-4.4734,3.9812,7.6645,2.4035,0.1149,-7.2389,-8.3009,1.9127,8.9851,0.3283,3.9836,8.4504,-3.3227,4.5113,-8.2903,3.8312,-8.8945,3.007,4.4352,-1.8285,7.4603,-2.8967,-5.5715,4.5479,-2.2402,-0.4023,8.0895,2.4893,-5.361,-4.2439,-6.5533,-0.5085,9.4773,2.8143,-5.6809,-1.8304,-2.0225,-3.3351,-2.7916,3.8051,-6.9969,0.094,-5.4928,-6.0461,-9.3133,-5.6622,-5.346,9.0603,-5.2895,5.6405,-6.8383,2.7444,-1.6084,-4.6171,2.5717,2.954,-3.9287,8.4074,8.3771,2.0262,6.7316,-8.942,6.6641,-6.4302,0.6606,9.848,6.8998,-4.3078,-4.3592,-0.7494,3.9385,1.4723,-6.1968,5.5311,9.7714,-1.311,3.4531,3.3454,-1.1866,9.865,8.9416,-6.9442,-4.3226,-8.0516,3.9517,-1.8867,-2.3656,5.1882,-7.3582,9.2277,-1.5232,-3.3065,6.8332,8.1709,-5.7466,-7.8701,0.2721,1.5353,-8.6089,7.59,9.7823,-7.6355,6.5522,-3.4859,6.7966,-4.7939,1.5464,-9.3756,-3.8859,-2.9367,-5.9426,0.6532,-2.3081,5.9156,-8.0504,2.706,-7.712,1.2126,3.9748,-8.6098,2.1086,-8.1461,-2.4019,-2.1386,5.0116,-7.9774,6.0266,-6.1945,2.6436,9.6791,-1.2376
4.6324,-5.7644,-2.9984,0.9814,-7.9577,-8.6286,-1.8504,8.9332,5.9969,-4.7667,5.4586,1.4227,1.9394,-1.377,-8.1739,-3.3718,-0.7397,3.2527,-7.3202,6.6367,-3.9156,-2.6674,-3.6181,-8.4691,-1.6703,1.0214,-4.3233,0.6557,-9.6287,4.2964,6.9128,8.4979,1.4399,2.1031,1.1615,-5.194,0.5129,-2.8641,-6.0264,1.3685,4.2957,-5.9688,-5.2533,-6.7208,-7.892,4.2915,-7.8782,4.4493,8.4222,-1.9239,4.1056,-7.351,-9.0981,1.9752,1.2833,4.1179,-5.0386,5.8404,3.4604,-9.0754,0.1015,8.1773,0.2999,4.547,-0.6575,-3.4753,-3.7156,0.6118,6.2588,9.244,2.5688,9.7841,-1.9171,2.9237,-1.5585,-5.971,-7.5169,-5.6946,0.2929,9.7461,-1.1353,3.1343,4.3909,-2.4127,7.7798,-0.0192,1.1373,4.4483,-1.0779,7.7712,5.2604,-9.1678,-7.3263,-6.7546,-1.559,3.1548,3.2176,1.634,-5.0026,-9.1765,-4.3816,0.4312,-7.1792,-8.7797,-5.5554,-9.6612,7.9332,7.75,7.5374,-2.7631,7.3579,-3.5666,3.9084,-1.5581,5.6242,-6.5721,8.7869,-3.4957,-2.4051,-4.1494,6.6882,6.716,-1.8476,-7.3326,1.1708,1.1712,-6.348,5.2638,-1.9529,7.7408,-3.9841,3.403,-4.4239,1.8882,-2.2989,-9.6899,3.5244,4.0375,4.9413,-5.3402,-4.4453,1.7872,1.7024,3.4091,9.5385,-7.4886,-5.1689,4.1403,9.5583,-5.0455,-1.0213,8.1592,-1.023,9.4302,0.9329,-8.5481,4.4996,-4.2773,-3.497,-9.5729,3.0728,-6.5944,7.4312,-7.229,-3.4597,0.6528,-8.292,7.0296,6.8835,-6.2556,-1.4825,8.0444,-3.5232,-6.4507,-6.1295,7.1976,7.9185,8.1232,-8.7156,-1.9492,2.4722,-6.9918,7.3643,6.1544,-7.8245,-1.9783,0.3429,9.3934,5.6218,-6.3416,-3.9178,6.3513,-5.7692,-5.4142,9.8677,7.7118,-2.6068,2.0236,9.1279,-0.6579
6.4651,-0.7985,-8.6939,-3.3165,-3.725,-7.6743,1.3897,5.2407,2.8156,9.7085,-9.2804,-8.1935,9.7969,-8.5659,-4.9718,6.4929,1.8917,-3.5922,-1.489,2.0686,0.1693,4.147,2.3731,6.2712,6.1078,-9.6939,-7.8484,1.0006,-1.5958,0.3062,6.5251,-3.5727,-3.9096,1.0947,2.2029,-5.5297,-1.6497,-7.2502,5.9382,2.8571,-3.0332,9.5613,-5.1305,2.7148,-0.9153,-8.9043,-5.661,7.6238,0.903,7.2685,0.4862,-7.7399,6.9791,-7.2434,5.1371,-3.6416,6.57,0.339,1.0802,8.6029,-7.8618,-4.2475,-9.7885,-5.0013,-3.0431,9.2228,-4.1315,-8.0501,-8.2871,4.1925,5.0624,5.6188,4.2176,8.5628,8.3385,-2.9435,-3.4188,-7.7181,-5.9672,6.8351,1.2589,-2.8391,9.9437,-8.7841,-9.1275,-5.7306,-5.0564,9.0874,-0.9551,-6.0422,-7.5268,1.7928,-1.6994,4.4644,1.0947,2.5631,-6.8694,3.4642,-8.1344,2.5735,4.9971,-9.6224,-4.2163,7.729,6.7871,-6.9453,6.5868,-1.1743,2.3712,2.2361,0.382,-3.0686,-5.8728,-3.6365,-0.6591,-4.5204,7.7134,-4.1156,4.698,-3.3518,-6.8362,8.1683,2.6215,-8.607,-0.2829,-0.2236,-6.3863,-3.3845,-5.0205,0.1493,-5.8907,-1.3219,-2.2664,-1.91,7.6858,5.3401,-9.1896,-8.1292,-1.1326,4.205,2.0734,-7.8926,-3.6176,-3.0801,0.2601,-2.6479,9.7726,6.2384,7.0655,1.2872,2.7932,-5.132,-1.7452,-8.3812,-2.1836,7.6772,3.4139,-7.4314,-7.9719,0.0852,3.3642,2.8443,-9.9385,-5.5823,-6.0945,-2.3362,7.2968,-7.8741,4.7827,1.3362,7.1796,4.2931,-5.142,-4.9782,-2.3688,-0.9397,7.9088,-5.1671,6.9481,-1.4989,7.6052,7.6595,5.9063,5.5036,4.5799,-7.3171,1.0316,5.1734,2.9457,-4.6624,-4.0671,9.4311,0.7128,-7.6495,9.9169,-0.556,2.045,-3.7174,6.4608,5.7461
7.9554,3.0926,-7.2967,-6.3839,-3.4453,-9.1377,-6.0787,-9.8421,-9.4782,-6.8724,5.9342,-1.2697,-2.3134,3.135,-9.2257,-6.0801,4.5598,-7.1514,4.6872,2.0247,2.545,6.7195,-3.3222,-2.3001,-1.4738,2.8272,-3.4534,-0.2663,9.1893,-8.9969,4.2794,4.683,0.2429,8.9442,2.2755,-1.5776,5.9934,-7.4422,0.2753,-4.8292,6.2843,6.4289,-8.3519,-5.2361,5.2858,9.5861,4.2026,-0.3508,2.2996,-7.6871,-7.0498,2.0696,-5.3397,-8.3072,-7.0589,9.0263,3.2963,7.7813,1.4122,7.5019,-8.5063,7.5466,8.4793,-2.9282,6.3351,-3.9021,2.6702,-3.9569,9.5307,5.3976,3.113,-1.4442,-3.0051,-7.5426,-2.6785,-5.1785,-5.8148,3.092,-2.7512,2.3765,-9.4132,-1.7797,2.3367,-2.8676,5.6691,3.2861,-4.8504,-4.0401,0.8661,7.7244,1.9209,2.0423,-7.2901,1.793,1.6358,-5.9087,1.7435,3.0516,4.5937,6.6398,3.0672,4.9584,4.7968,4.2725,1.9231,-3.0303,3.9294,-3.2273,-0.7964,4.7285,4.9737,-3.3907,-8.9082,-6.9657,-3.7599,0.52,-5.8508,2.7638,4.7544,9.553,-3.37,-4.9003,8.0169,-0.2683,-5.0159,4.9658,2.2937,8.7343,0.5854,-0.6276,8.4,-0.9471,3.7778,-6.977,-9.7706,2.9707,3.084,4.7674,-3.3183,4.9531,-3.3912,-0.9811,-8.6065,-0.6431,-9.4136,-5.0373,7.0213,-2.08,2.1204,4.5382,-8.4496,-4.4328,0.6725,-7.0894,-1.1893,0.367,3.994,-7.8422,9.3937,8.9933,-4.6175,0.4168,-8.7293,0.4278,9.3604,5.8287,3.8213,5.1805,-1.0437,-3.1884,-3.0723,-1.6362,8.025,3.1745,8.0108,5.084,-2.6263,6.5558,-3.3303,8.8796,-5.6663,9.1484,-1.9796,-9.7162,-6.0889,5.1663,-1.4202,5.2132,3.9521,-3.7884,-0.3447,9.9118,3.5497,6.4691,4.6518,2.2322,-1.7697,-5.0907,-6.2996,-7.3304
-6.5344,4.2003,-0.1475,6.8312,0.1939,9.9612,4.0126,-4.9425,-5.6395,1.359,-1.9669,-3.2195,1.6541,-0.9758,0.3281,-9.0826,-2.6352,4.7706,8.9639,2.5993,8.2434,-6.4341,-0.8208,-1.4542,-6.8757,-8.4162,-1.2899,-9.8202,7.6581,6.6317,-0.0751,-3.6743,-9.9253,-9.4472,-8.3642,-8.129,-2.402,5.7815,-3.1291,-3.8931,5.4927,-1.3511,-4.3816,-8.1952,9.3718,-0.8519,0.8489,1.5633,-6.0283,-1.312,2.1231,7.789,-6.8083,-7.9129,-5.7855,0.3959,9.832,-8.717,-9.4682,-8.4697,0.9981,-5.9792,4.7066,-5.4638,-8.2693,7.4676,5.3319,9.518,-1.1072,-4.7523,-6.3336,-1.8364,-9.8169,-4.6302,-4.5441,0.8753,-4.6399,-3.2826,-1.2785,1.589,-2.9906,2.1856,9.9887,-9.8552,-0.4351,1.7918,5.3587,-3.0563,-6.9257,-5.0143,-4.5934,5.2111,-9.8281,-7.1792,-1.2668,-0.8267,6.617,-3.8763,-3.9475,-4.3113,-2.3741,-9.2894,3.3924,6.6292,-3.2264,4.2273,3.6541,6.9976,-9.4584,5.076,-0.3959,4.0851,-9.3566,-4.4073,-9.4282,-7.3166,2.2553,7.0817,-1.533,-7.5329,3.8309,9.252,0.1548,-1.1707,5.5482,-7.1483,-5.6288,1.1808,-2.7024,2.5875,8.3211,6.5189,-9.1205,-5.9117,5.2128,3.958,-4.0907,-8.6273,6.0668,-5.5156,2.0382,2.7648,-3.9355,1.5057,5.1211,9.8702,9.7506,2.7708,4.5861,-3.2992,5.9022,-4.6267,-8.4211,-9.5837,4.5403,-8.721,-6.7002,0.5437,5.6127,0.3218,3.1139,-6.1025,1.1607,-6.53,-8.1029,-1.167,-1.6026,-7.5776,-4.554,7.1835,6.38,-4.2246,5.724,0.5866,-1.4923,-0.5735,-1.5321,7.9801,-2.0458,3.6443,5.5162,-3.7843,-4.2078,0.4996,3.5389,2.9579,-4.5663,-2.7888,-9.2112,0.6347,9.1052,-1.9371,-6.0566,-1.6451,2.7771,7.4512,4.7306,-3.531,-8.5536,-4.1735
-2.7605,-4.0958,-2.8196,-2.5039,-7.3721,-9.872,-0.8561,2.0069,-8.8219,-3.3112,-9.3823,9.7379,7.2648,-8.5828,-4.8904,-0.1043,9.3442,-5.6158,-0.9704,-2.2032,-7.3583,8.9022,-5.7254,-8.8778,4.1148,5.5794,8.0831,8.1455,2.8067,-0.0771,-0.0629,4.0034,-3.8361,0.5222,-2.8722,-0.8889,4.5888,-6.015,-5.9821,0.3827,-6.227,4.1042,-2.2074,-4.6084,-6.5565,-2.878,-8.1406,-7.5255,-9.0305,0.7867,2.2495,4.3768,-4.0975,-6.5096,-7.8742,5.8122,-8.3841,2.5875,-1.6207,-1.9241,4.3671,7.6149,5.5235,2.9641,-3.0972,3.2336,-1.0718,4.242,-0.9538,-7.9371,-7.4918,8.462,7.0399,7.2,9.6116,5.0706,-8.9996,-7.9479,8.4633,-8.0801,-6.5806,8.494,-8.8435,0.4476,5.1543,1.5929,9.7257,-9.7474,9.5597,-0.5668,7.2499,2.981,1.557,-2.8641,3.2516,-9.2431,-7.5239,-8.7476,-5.5892,5.1205,3.3617,-1.5661,9.3857,3.6593,-7.9913,1.7853,-3.7117,6.4488,3.4816,7.9854,0.9035,5.1704,9.7849,-5.456,6.1611,1.9721,8.9073,-8.9944,-6.369,3.5548,-3.9041,1.7607,5.7725,-3.4958,5.1079,-1.8953,-2.2089,8.6908,-3.8143,9.586,8.7347,-3.3986,0.4967,-9.0562,-0.9315,-6.9575,6.9589,5.4427,8.7929,-5.7558,3.6758,0.1917,-2.4539,1.2798,6.1047,-5.3401,3.7397,0.7201,7.5066,-6.052,-3.5685,2.8975,3.2967,6.6705,-5.746,-0.4935,-1.7508,2.5431,8.292,-0.9452,5.2091,3.4354,-5.1882,1.6941,0.6392,9.1533,-4.1151,3.307,8.3523,-1.1977,1.9367,5.8685,3.19,9.1426,-6.0411,-1.3618,-3.8311,-9.8719,8.7276,4.3587,2.7227,-2.4083,3.8508,8.8599,1.6306,-1.6118,-6.5006,5.2613,2.4898,5.9451,-8.011,-1.5108,3.9853,-1.5348,1.8681,2.0426,-1.3956,-9.7001,-0.5384,-1.5595
-5.3225,-1.1501,-7.1547,-3.8877,8.5775,-3.0352,9.9001,-9.0171,0.3829,-9.3282,1.8076,1.7218,-0.1245,-2.0405,4.5335,9.4891,8.8235,-8.9567,-8.7848,3.2639,6.8972,-5.2832,-9.8997,4.0542,-8.5241,6.1713,-5.4376,-6.7701,-1.8168,-8.8525,5.8822,9.5163,1.9086,8.7009,-9.9573,-8.8229,5.5904,-0.4161,-1.354,-7.3012,-4.4115,8.3171,3.1833,7.7891,8.4699,-3.6625,-1.2589,5.807,-4.8091,6.5583,-9.5144,-3.5738,9.5236,-8.798,2.5113,-1.3347,5.2453,8.6841,8.9705,-1.1919,-0.4422,-5.2244,5.1851,-5.877,-8.4695,8.6982,-6.3969,7.3237,5.8423,-1.608,-4.6593,-0.6953,-0.4278,3.1419,6.0577,-1.3209,7.9534,1.6511,2.7827,1.568,-1.3315,-7.644,7.2189,4.782,6.5868,-5.839,0.824,5.4092,4.6616,-8.5811,6.4416,4.2963,-2.0409,-1.5157,1.5851,4.9991,-2.7111,4.6166,9.2792,-8.4631,6.2268,-5.247,4.3471,-4.7428,-4.3921,-6.5577,0.8316,7.1504,-5.308,-2.846,9.4529,8.7495,-9.0944,-4.6022,-5.1316,8.2805,9.4708,6.985,-5.0239,-9.0376,0.2675,-1.7461,1.7339,3.9024,8.5299,7.7705,6.4507,5.7544,-9.2056,-9.7911,-6.6104,1.8862,7.5103,-7.6331,-0.4878,0.0604,8.6726,4.0235,9.3741,-1.3048,1.8955,1.0421,-5.1479,-6.5552,0.3111,0.271,-6.6125,6.5416,-9.6739,-1.5503,-1.1938,9.8911,3.8808,7.5828,6.1625,-0.5942,-7.7051,5.4137,-6.5942,3.1199,2.1678,-4.251,-4.9386,-7.3296,-9.9256,-0.1665,-2.326,8.4552,8.5396,0.6429,-7.247,-5.5949,9.4401,-7.1564,4.2773,6.5707,-6.4926,1.6062,0.9718,-4.1892,2.7136,-9.009,-8.3352,0.4784,4.707,-8.7083,-0.3608,-9.5261,-0.8273,-2.4938,-3.2437,8.6215,-1.4337,-9.4352,6.7539,5.9114,9.0013,6.2739,1.825,7.9407
-9.8173,-1.7129,-9.26,9.0679,-5.6255,2.9832,-5.4146,-6.0267,-0.722,-4.8056,3.1226,8.0826,0.2429,0.6009,7.6025,-7.4189,-7.2143,8.3316,-5.8861,-6.7697,8.9463,9.8962,-9.5407,2.7624,-1.4604,5.5318,-9.2432,3.1781,-4.6763,9.5179,-6.8141,6.8734,-0.0138,4.5426,-5.5663,2.5337,-4.7199,9.9912,7.8525,6.513,-4.0943,4.5554,-4.3214,-2.546,-7.4352,7.7077,6.9193,8.4396,0.6133,-9.1457,5.7123,-0.0584,3.2473,5.1195,8.1316,-0.1131,-2.5887,-2.3449,-1.7938,9.765,-5.53,1.8025,7.4832,-2.6329,-3.1979,5.1207,5.8711,1.9997,4.9184,-3.2123,-3.4478,-8.3387,-1.4281,-7.7134,3.1747,-2.3182,7.1698,8.2905,4.8705,-0.7079,8.6429,8.6502,-5.2019,1.4481,7.4248,6.7179,9.6273,-4.1234,-2.8361,-7.5775,0.6928,-6.6474,-5.0016,-9.6362,8.7522,-8.7291,-8.5283,-0.0103,4.4195,-5.108,7.1637,1.6452,7.9146,-4.0284,-4.3273,4.6213,3.2738,-4.6021,-3.7958,-0.9288,-4.1047,-9.5509,1.4938,4.4573,-8.5406,8.7042,-8.7506,8.0641,2.1398,6.7822,-8.8662,1.153,-1.0738,7.8652,-0.0103,7.4969,9.6522,0.4566,5.3536,-8.8169,3.222,8.6327,2.5928,0.0445,-5.4042,2.8205,-6.1392,0.7373,-6.3843,-1.3387,-1.7857,2.8866,-2.2855,-2.0799,-0.8689,4.2296,-9.4556,8.7372,-8.1533,-2.988,6.1967,9.1888,5.6234,-7.9685,4.6673,-0.4215,-1.278,8.8178,-6.6363,2.3567,9.7343,8.0682,-7.8421,-6.4117,7.6371,3.5587,-8.7136,-9.8426,1.5524,-4.826,-6.0365,-0.3746,-0.7698,-2.9659,3.2909,2.7169,-1.3121,6.3525,-0.77,2.5277,6.7675,-4.006,0.4891,9.7682,-0.352,2.1922,-3.0491,-7.126,-9.4684,4.586,4.9344,-9.6521,2.6173,-9.2322,7.778,-4.9301,8.1026,-0.1452,2.5386,0.4613
1.1507,-0.7476,2.4195,-7.9078,6.5408,-3.0472,-7.3577,7.4288,-8.1372,-4.8458,4.3214,8.8344,3.5621,-5.0598,9.4784,-9.5301,-5.6712,2.1692,-1.3288,5.4158,-9.1922,-2.2996,4.5255,-3.7583,8.9187,-9.5185,6.8373,-1.7937,-4.4536,-3.8396,-4.2376,-4.6849,-5.4228,-1.3699,2.9629,-2.9872,-8.643,6.5353,2.1767,2.2842,2.3861,5.4592,-4.0319,3.0577,-8.0053,-5.735,-4.1742,0.0094,-3.6713,-9.6711,4.4031,-0.812,8.2247,3.118,3.851,0.7159,-4.9947,5.0817,3.0467,-7.9194,-4.8457,-8.5332,1.9992,-2.045,-7.7327,-9.0708,-9.4594,-8.9772,3.8568,5.0434,-9.8413,1.2714,2.4099,0.8221,-4.531,-6.1344,-4.2398,2.3574,-6.8225,-5.0253,-3.721,-2.4186,-6.7392,8.2156,-3.2349,-7.0787,1.4578,6.7597,-3.7539,1.2703,-7.0803,-4.2625,-1.399,2.1137,2.2142,-5.5865,-0.7435,-3.8359,5.6468,4.4063,1.9386,-3.1035,6.7393,-5.2672,-7.6844,-1.6848,0.421,-0.6418,1.1324,-2.014,-0.6596,-9.4144,6.5092,0.618,-4.6208,1.0364,4.6753,3.7632,-8.2185,9.5998,2.6086,6.1157,-1.2188,3.6429,3.0369,7.7172,-4.0481,-4.4914,8.1558,-4.4653,-8.1743,-2.6976,-3.0408,5.5975,0.9736,-7.3259,-4.7371,0.5389,-4.4957,-6.5179,8.1243,7.2876,9.4909,-7.0621,3.6116,5.4035,1.2089,0.4154,-9.8672,-3.7352,-1.2134,8.8963,0.3408,8.0247,3.2383,1.0377,-5.0064,1.4148,-9.4185,0.175,-9.0535,-3.5878,5.7892,-4.4195,8.3729,9.1908,6.2048,6.6279,3.5712,2.4706,6.609,-6.6109,5.2782,8.6791,-6.176,-8.7483,-6.3073,0.6675,-0.416,9.3441,6.1867,-6.766,-2.0206,9.9194,-4.5784,-5.6092,5.3744,-0.0479,-9.2998,-6.2824,6.0824,1.3829,9.8479,-2.3984,9.3628,5.7402,-3.4983,-7.7495,-9.3458,-9.6378
-3.6067,-0.133,4.3894,-5.6861,5.2093,-5.1988,-9.9135,-2.0713,0.9003,8.0759,9.2278,-6.2865,-7.5296,-8.0639,-7.0162,6.5182,-5.6652,-4.4556,5.6494,-6.8419,-1.8293,2.4437,-7.5326,6.2635,-3.8471,-2.563,-0.441,-6.8096,0.2838,4.1941,-2.7941,-1.3446,5.88,6.2097,1.1373,-1.8449,-5.6988,-9.0026,-2.0324,9.6513,3.3192,2.3269,-9.087,-8.3845,2.9385,-4.7605,5.3009,-2.6294,-5.165,-6.9995,2.5263,-8.1556,5.5722,-9.7238,-7.4277,-2.3012,-3.34,-1.4135,1.7758,4.3231,9.3777,7.1518,-0.5696,0.3656,0.4623,-7.3331,8.2254,1.2894,5.874,1.747,7.1796,-3.767,6.4962,-3.1677,-4.4508,0.8581,3.522,7.7605,8.8738,-9.1622,4.9793,-3.8525,-1.165,-5.2351,0.3587,1.8458,2.2585,5.3159,1.5112,0.8018,-7.9051,5.2187,8.972,7.9509,-0.7006,-0.1551,-4.7266,7.9726,-9.5598,-4.8616,6.2974,-4.5911,-7.7764,1.5847,2.5979,-6.8471,-9.6469,-1.7659,0.745,-1.9766,-0.8061,8.3675,9.6122,4.522,4.3493,-7.5012,9.0543,7.3672,1.9153,-5.7199,-9.2096,-6.0749,-0.9284,7.2318,-1.2041,-8.5663,-7.5831,8.8694,3.3647,-9.7856,1.4622,-9.6269,1.5274,-6.3498,9.3505,-2.5477,4.7466,-6.0729,-9.2735,1.3044,-2.3067,-8.0536,-7.8644,5.8872,3.5477,-6.1083,3.1248,-0.2536,2.1543,9.5236,9.4865,-3.0701,-8.1936,-1.8388,2.0823,8.3845,9.3423,4.644,-7.4456,4.7376,5.1016,-0.3359,6.7695,-2.5161,1.2298,8.1722,7.0411,-0.8716,7.2347,-3.1727,5.4149,-7.7579,-1.4485,8.9282,5.4141,1.9099,2.0602,8.9976,5.2389,6.3544,-9.3565,2.2454,-4.6408,1.7889,9.2157,8.7065,-8.6229,8.2759,7.8458,2.2712,-0.8368,-9.3936,-5.6358,0.5534,0.483,1.1168,-1.198,-5.9136,-7.3882,-1.9425
2.974,-7.9532,-8.6078,4.8273,6.7564,5.8852,-7.9893,6.9568,5.9049,4.1584,-7.2705,2.0113,-5.9564,4.4026,8.7467,2.4577,-7.7857,-5.9659,-2.1879,-4.042,9.0143,-4.2025,3.1329,4.0239,-5.781,-9.1224,-7.3479,3.1563,6.9191,3.8474,-0.8739,-7.5457,-9.0817,2.1491,9.8176,8.1829,7.0452,6.1652,-1.7821,8.5052,5.0325,-1.2668,0.2498,0.6858,7.5298,-6.6143,3.1859,-8.0169,4.6686,1.3588,-8.5112,6.0126,1.0564,7.4762,2.6707,2.4114,3.2735,3.1791,0.8726,-5.9184,-6.8209,-6.8553,-5.4038,-4.786,-7.753,-1.2166,-2.0621,0.5651,-0.3438,1.391,1.0199,-2.6148,-1.7786,1.7065,7.5109,5.7579,4.7426,1.2901,3.7329,7.573,-5.2711,-6.4522,4.1878,-2.1416,8.6851,-1.7076,5.6754,1.6962,6.2642,-5.584,-7.0819,-3.6794,-3.0789,-2.9621,4.5756,1.4982,0.2698,5.823,2.5013,7.241,-8.0317,9.1315,-5.1313,5.307,-2.2291,9.2623,8.2044,4.4447,2.9464,-8.1797,-4.708,-4.7203,-7.4374,-8.05,6.6483,-3.2089,5.9885,-5.5882,7.854,3.6431,-5.7224,-4.3775,-0.0512,4.85,0.319,1.4711,-4.0962,-4.4612,-6.2087,-8.5827,-9.408,-4.2943,-1.3466,6.8269,5.6096,-3.5752,-0.1953,-4.597,-0.2194,3.02,-0.8595,-8.5144,-3.8515,4.7232,9.8566,6.3342,9.9123,-1.3069,9.1987,1.7071,8.4251,8.7087,3.3986,-7.1064,-1.4784,-3.9383,-5.1462,-7.9591,8.2534,5.4284,-9.9293,8.8737,-1.6382,-3.1249,6.8167,-9.5809,-3.838,-7.0402,2.6918,2.297,9.5256,-6.0731,-9.2403,-3.8941,7.1257,6.0319,-2.1064,-5.4273,-0.7226,1.5405,-6.5598,6.6325,9.1708,3.3489,7.3158,-2.5481,-3.6794,-1.1316,-4.06,-6.0408,3.3104,8.7177,-3.1149,4.6011,-0.7824,-8.2283,-1.0485,-2.358,-6.7036,-4.6062
-3.8344,-2.4559,6.2625,8.0502,6.811,7.4091,5.7982,-1.4502,6.8818,7.0177,-7.1618,-6.902,-1.3371,2.4467,-4.1311,0.8273,-9.248,8.1557,-6.4481,2.662,2.1276,8.3129,-5.7011,-2.2033,-8.8165,-6.1779,-3.2995,-1.5676,-8.1532,1.1047,0.9977,-8.7295,1.0106,-3.8176,1.3281,-9.9385,-5.9662,8.4566,1.1174,9.781,-2.832,3.3281,2.1312,8.0827,-1.5153,1.7207,-4.9,5.299,2.9237,4.875,-0.6482,-0.4592,-8.3486,-7.543,-0.8115,-8.5968,2.4554,-6.0461,-7.8355,-3.9742,-6.6593,6.6749,-8.3241,2.7014,-1.677,-0.643,7.4194,0.049,3.3913,6.1955,7.2313,8.1455,6.9158,8.2458,-6.3457,-9.218,-6.6305,0.8307,7.4301,-5.4117,7.7032,5.5491,-2.68,8.4022,-8.0105,-8.3338,-0.1181,-1.4488,6.9032,1.12,-7.8215,0.1304,1.2281,-4.2662,7.6218,8.6182,3.8143,0.1291,7.0216,3.7968,-9.0424,4.3977,-1.1549,-8.8374,-2.9617,-7.6263,8.2351,3.9049,-9.4888,-6.9289,-6.9488,9.8432,-4.6374,2.9831,-9.4516,-9.7493,7.8837,3.1977,-3.8896,-6.7961,4.3724,-0.4134,3.4061,-5.6302,4.5941,0.1581,0.8582,-2.2684,-8.2143,-1.465,-7.7833,-1.9861,-4.3392,6.0063,5.6756,-0.699,0.9878,3.2578,5.0946,0.0981,9.6825,8.239,-8.0406,0.2221,-2.5924,7.7016,8.3624,-2.209,-3.4968,-7.7923,6.8038,-6.3164,-1.3888,3.588,3.8149,7.4201,-5.6101,-1.6596,-9.0176,9.7553,2.1838,-2.9896,-5.176,9.7429,-3.1192,-0.2072,4.3083,-2.9063,-1.5628,-1.211,7.8513,-5.3925,-1.1592,-0.9946,-5.409,8.8355,-3.554,-1.4685,-2.1766,0.5507,4.6852,-9.2704,8.3491,8.0831,7.3002,-9.0692,-8.9479,3.9746,-2.5174,4.3962,8.5604,6.3665,9.9537,-4.9583,-0.7826,4.4433,3.4965,-8.6666,-1.8188,-3.5594
9.332,7.3129,-6.2629,-4.655,1.5715,-5.1788,-2.7723,1.4304,2.5619,-3.5135,6.3006,0.9317,-0.8216,-3.5708,4.0036,8.0784,2.8078,2.6652,-5.8229,-6.3734,-6.1217,0.3952,-6.5802,6.5182,0.9131,-3.1148,8.0725,9.3617,-8.9047,-8.8721,4.4097,0.412,-1.898,-1.8017,-4.4887,-1.7481,8.1695,-6.6037,-3.9505,-7.513,1.1618,-2.1173,-2.7472,-7.2774,-3.7661,5.615,-6.3591,1.8029,2.6121,-6.3365,-6.1182,-5.3183,9.9139,4.0627,-4.5408,-2.3228,5.6595,-2.2568,-9.0215,9.1289,-1.7428,-5.0646,-4.8468,-6.3821,0.4022,5.159,-0.8134,0.0839,-1.4273,-0.4761,-3.546,-0.2445,5.8624,-1.155,4.272,-2.59,-4.8146,1.5665,-2.4735,1.8826,-6.646,-5.3651,-0.0208,5.1811,-5.9679,4.317,1.0624,-4.5953,1.4692,9.5772,6.551,3.137,-9.271,3.0999,6.4831,-5.1665,8.8427,-8.1545,-5.1541,-8.3971,7.5815,-2.3679,9.0662,-1.6043,-8.2827,-3.9745,-2.1085,3.5373,-5.9336,9.4978,8.8924,-1.7179,-3.4496,2.1259,9.8178,7.6314,-9.8969,1.3891,-1.8703,1.9989,-3.8471,8.6797,-3.6216,5.4476,-8.1099,-9.5416,-5.7967,-5.9982,-7.6401,-5.439,-9.1639,3.4297,-0.721,-6.0922,5.3709,7.3697,-5.0882,-8.4755,-8.6646,9.49,9.1119,-0.2215,-5.2134,-4.0109,4.5228,-5.2221,5.896,4.5194,-6.0512,-5.3829,9.9917,-4.5134,1.1168,5.0591,3.2391,-4.8085,0.0761,7.0822,-3.1709,1.3042,7.4719,-0.4493,-1.5677,5.8447,-9.4694,-6.0761,5.912,-6.1624,-3.1002,8.5571,3.4617,5.3032,5.948,-1.031,-9.6665,-3.0226,4.3277,-4.445,1.9554,5.8865,0.816,-3.6402,3.8691,-5.0379,9.7353,-4.2179,0.4917,9.3138,2.4561,-5.0365,0.3106,6.1696,-0.5026,6.7748,-9.9399,3.671,-4.4829,-3.2786,-2.4277,-3.9828
-8.0205,2.265,-0.3229,-3.0309,-5.3449,5.5177,-3.8102,-8.7568,6.7436,-3.3271,-1.5795,4.224,-9.2986,0.0076,7.1869,7.9205,-1.0828,6.9862,0.0935,8.9984,0.5765,-4.3768,9.1699,-5.4361,9.4153,-9.4837,7.9393,-2.4851,5.1144,-0.012,6.1941,-5.2463,-3.677,9.4343,3.2126,-1.4545,4.5745,-3.0136,7.7061,5.3528,-9.3965,-4.1379,3.3463,4.0472,-5.1093,-0.8831,-4.1791,7.0326,-4.9872,8.9659,-9.6419,7.4458,-2.3168,-0.0335,-7.9885,1.3328,-3.1515,6.9487,-0.4329,-6.685,7.7009,-7.2841,8.0003,-9.8787,5.274,7.3933,3.7463,5.7017,7.1107,-6.4625,4.6785,-7.814,-6.7635,5.1406,-7.459,5.6576,7.6457,-6.6159,-4.1227,-4.8271,-8.4073,4.9266,9.5076,-2.153,7.0554,8.7034,5.2806,4.8608,-9.9831,1.8766,2.6503,5.176,4.3182,-2.2451,-7.8679,6.0845,6.3806,7.9436,3.8499,-2.4643,8.946,9.9879,3.4218,-7.0198,4.587,9.3436,1.2911,-0.8838,9.5107,9.6455,5.559,5.0425,-1.325,4.2885,-2.5063,5.4617,-9.8272,5.283,2.7722,3.1738,-4.1783,-9.8019,-3.0938,1.3157,-7.0161,2.9736,7.7985,0.9448,0.1413,6.4545,9.8296,-3.5898,-3.4347,0.6253,2.5653,2.2648,-9.8586,3.5259,-5.7468,-9.3376,9.5457,-9.2656,-8.5827,-2.1849,2.4817,-5.8324,3.2069,-8.6626,8.6387,-2.4104,-1.5305,7.9018,5.8925,-4.0308,-1.5569,-0.7337,8.7786,0.3264,2.4339,-6.1056,-4.6395,7.155,-9.3318,9.9571,6.1984,0.1226,-1.8454,1.5792,-5.94,5.0516,4.4501,-1.1427,-0.8555,-2.4482,1.1079,7.1125,-5.1352,-3.9882,-1.0219,-9.585,1.9319,9.0593,4.5914,-9.762,-7.0012,-4.5024,4.0914,-2.2445,0.2663,4.8916,-4.497,-6.8091,6.4063,0.6104,-4.677,7.2933,-8.3964,-9.4563,6.887,8.3789
7.7741,2.1178,-0.9984,-3.7453,-4.5017,2.8489,0.6229,-6.6554,-1.2114,4.4624,-1.1043,4.4182,-2.4286,-7.1337,9.6274,7.8387,0.0543,-9.0862,5.3104,6.2418,4.6809,6.9003,-6.8791,-2.2851,-1.8086,7.591,-4.2819,5.2768,-6.913,1.2572,-0.2501,-5.8482,-6.5083,9.6596,-2.6006,-8.2119,5.1452,3.939,-5.7867,8.6581,-1.6445,7.7168,-0.4898,-4.0648,4.327,9.843,-9.26,3.612,-6.2448,-3.3488,3.7118,-7.2346,2.0894,9.5442,8.7683,0.4531,0.7595,-5.8475,-6.6665,1.989,9.831,2.9559,2.0292,-3.2786,1.5133,-5.1805,0.7581,-4.9221,6.6553,-5.2673,7.0821,5.3962,-9.1838,3.5795,-6.9914,-2.6024,-8.2281,-9.1874,3.9113,3.588,1.5163,8.5559,2.2867,3.9417,9.4239,9.2311,-7.6047,6.254,-0.8252,1.4701,5.3445,-1.6531,1.9021,-3.4612,5.7271,3.5525,2.0581,8.0756,-0.6717,3.0038,3.8097,-6.5762,7.9995,2.8813,-9.8586,-9.6341,8.6535,2.5098,-6.1782,4.6576,-3.0883,-1.2476,-0.753,-9.8941,-1.0676,-6.8206,9.5171,-0.7664,8.6651,-8.9721,-0.842,8.5274,5.5454,4.6984,-6.3958,1.3407,-8.4541,8.984,-9.6695,7.5499,7.6166,-8.9777,-7.0997,-5.8501,4.1962,-4.4847,5.8448,-4.8322,5.2816,6.3253,-2.0965,-7.4582,-5.223,5.3816,2.9503,0.7732,7.5151,-5.9568,-0.678,-4.6617,9.7167,7.2604,-8.5509,5.6281,-1.1065,9.3138,6.2145,-9.4928,9.2481,9.4932,-1.6399,-0.7208,4.1939,3.9809,-2.6993,2.4903,-6.6113,2.0126,9.264,6.2056,-7.2636,5.6042,1.2868,6.5722,5.7052,-4.493,1.0271,-7.7508,6.6685,5.7673,8.2362,-5.4647,-5.0561,5.0824,-3.2901,-1.1648,-5.5138,5.4257,-3.315,3.9979,-7.4993,-7.1499,5.381,9.5354,-0.7246,-5.923,2.0504,5.0606,-3.4956,9.6818
-9.3682,8.7441,9.9601,7.852,-5.1388,-9.0198,5.5302,-9.1277,0.6499,6.2696,-5.1088,-8.3903,8.8184,-5.5308,-0.0231,-7.4924,6.5612,0.2751,-5.4764,-5.5046,-3.0183,1.2925,-5.2961,-4.3922,-6.7242,-2.7915,7.58,-8.6687,2.6051,7.5279,2.8232,4.5611,-7.2006,-6.4812,1.9454,5.5712,5.7089,2.4488,-5.2165,-9.4284,-2.9644,-4.7292,3.6315,-9.2792,5.5053,-3.0481,9.217,-0.7107,-0.6291,8.67,-3.1313,-7.948,-8.4633,0.8672,-1.3726,3.8913,-0.1074,2.8698,-3.642,-5.5412,3.408,-5.876,-5.4964,-6.9538,0.8664,-1.7195,-4.7016,-9.1217,-0.5236,-2.7826,-1.1282,-9.8741,8.4278,2.9879,1.9355,7.2492,-5.1769,9.0501,-5.3475,-4.5184,-5.7077,6.6724,-0.2991,-6.7799,6.5875,2.7651,2.1069,-7.4902,5.7469,-5.0461,7.3328,0.9501,9.7498,-7.8348,7.7645,7.7925,-7.4454,4.2805,-4.1345,-3.8403,-4.5889,2.3353,-7.8673,-1.5447,-5.4184,-1.8505,2.5968,-9.9282,-8.3215,0.3943,-1.1772,-9.1544,2.1944,6.1639,4.554,2.6413,6.8944,3.2254,-9.5795,3.2423,0.6729,3.4801,-1.0566,-2.369,-8.9634,-3.2226,1.5944,4.7015,1.6042,9.635,-9.8482,0.6215,-7.967,9.3035,5.8522,-3.9075,-4.4063,-4.4158,-6.0627,-7.6522,3.7872,-4.8362,0.8861,-0.6615,-6.5508,4.0225,3.9336,8.0533,2.7142,-5.1011,-4.724,-4.0766,-3.2596,3.1613,4.8957,-1.9528,-5.5162,5.5362,-5.1793,7.2251,-5.1688,-5.0846,2.0013,4.3215,1.1003,0.4248,-3.7577,4.2769,3.6401,-6.4126,8.8535,5.4783,4.3326,6.2934,-1.907,1.7443,5.8514,-9.634,9.5727,-7.7856,7.4463,7.1736,0.0415,8.1298,-3.7718,0.8009,2.1167,-5.106,0.9589,0.2163,-6.3706,7.444,-7.8716,1.5458,8.2647,-7.5971,7.1381,-5.396,2.4995,-5.0667
0.5165,-1.7214,2.9888,7.3007,5.6145,-7.414,-7.2699,5.0352,6.679,-7.3715,5.628,-9.7121,-8.7085,7.1921,-2.2174,3.0646,-1.1481,0.4647,-8.625,8.5688,1.9794,7.9009,7.7982,3.9203,2.3497,5.4192,-1.0488,1.583,9.1514,2.2548,6.6884,-5.9627,-8.9525,-0.5611,-7.0584,3.3618,8.9331,-0.1075,-4.607,-5.5631,-6.9791,-6.5835,-5.7912,9.2832,5.548,8.5239,-3.6056,7.1341,-5.911,2.9888,9.3772,1.9368,5.7394,-1.578,4.2233,-3.6634,-4.165,5.4896,0.1938,-2.8272,-5.821,-9.2262,-5.9301,6.5791,1.0591,-8.2924,0.6016,-1.494,6.8759,-2.0272,2.3676,1.8799,-2.0508,-0.9527,2.6452,6.8723,-4.7603,9.0366,1.85,-0.2554,-5.1208,-3.3144,9.5184,-7.5751,-4.8972,7.4784,7.9955,-0.0854,3.2109,2.5888,-7.8584,9.9568,7.287,-6.0881,5.9933,-9.7431,-7.1116,5.0296,9.7947,-4.7099,5.1888,6.4932,4.1925,-2.4907,3.0892,1.3145,6.5377,9.373,7.1011,-4.6539,4.6256,-8.1125,-0.6967,9.3123,-4.0537,-5.7412,9.0579,4.0603,-0.7063,-8.3469,7.8077,6.4729,4.2596,6.5799,6.1077,2.8411,-1.4227,-2.1899,-3.4846,-1.8515,8.0338,-4.908,2.6376,-4.6155,8.5754,-1.2909,2.3876,-8.8242,-1.0607,8.9693,2.2177,-1.4221,-1.2525,-1.8466,3.8356,6.5274,-8.231,3.4883,-2.2966,-4.073,-0.2791,-3.219,-1.922,-9.0172,4.9034,-3.2128,1.3848,5.5714,-0.6752,0.1035,9.9957,7.9739,-3.153,9.1889,0.4087,-5.6619,-2.8485,-5.9957,-9.1968,5.3779,4.0503,2.5953,7.4322,-5.2507,-7.4628,5.0385,-1.9581,4.525,5.2439,-0.6474,8.6547,5.0235,-8.166,-3.6269,-5.2496,0.6031,1.8281,6.1537,4.4707,-9.833,-7.3918,-8.783,-2.4687,7.2857,2.0307,4.2458,-4.0567,1.7578,-6.148,3.1268
6.5953,-6.3381,-2.1604,1.121,5.0886,5.5233,-1.5516,9.4433,3.7591,-4.6153,0.1077,-3.7943,9.7013,2.8993,-1.4455,-5.0212,7.8962,4.716,3.6182,1.93,8.2033,-8.2451,-3.2566,8.1868,5.936,-2.0503,-3.0631,-4.4988,-0.3791,8.7872,-1.7435,-3.147,-8.6159,0.9901,-5.5305,-3.834,-6.9678,0.6807,-3.4398,-9.3999,-7.1021,-9.1662,-3.0797,8.8436,1.9942,2.5335,-2.5552,-3.9541,-6.5844,6.0509,2.9565,1.738,-5.0052,-0.1018,1.1828,7.3397,9.7254,4.5437,-6.3019,-2.5187,-8.5388,-4.2438,9.0593,-1.4813,-5.2387,7.138,5.9915,-0.2078,-3.0347,0.083,-2.0346,2.2965,1.5061,4.4991,8.9262,-2.4365,-0.9039,0.5387,-5.9267,-1.396,5.3516,-1.8013,7.5499,-2.9574,-2.1277,-6.1292,5.7596,-2.8487,-5.0167,1.4255,3.2805,7.6258,-9.6291,-6.414,-6.4534,9.8596,1.9307,-3.2169,1.5751,4.4559,5.8069,-3.5226,-5.2815,-3.5452,9.8885,1.6801,-4.738,-9.0622,-7.3871,-6.8616,-3.3356,9.0749,3.566,8.593,7.4577,4.4274,-0.5983,-8.5132,-7.245,-4.2574,5.1124,1.8556,3.0623,-7.5282,-6.0064,-7.5906,5.3858,-3.5475,-8.8661,-8.3551,1.7123,6.872,-4.2172,-6.2447,-5.4207,-6.5385,2.4736,-1.3698,2.5867,-6.4277,0.4606,-5.711,4.2892,-2.9234,5.2084,-9.301,-7.1342,1.0037,6.2922,8.7618,3.1771,0.2777,-8.3681,-0.5721,0.9526,-3.8268,9.5235,-9.0404,-3.5001,6.2452,-6.5707,5.4045,-9.5014,5.0941,3.1367,6.9016,7.7926,-4.2186,-8.9882,3.9087,-7.4036,-2.4838,6.1072,1.8648,8.9178,4.2122,-2.2658,2.9971,0.7626,-9.0586,-2.7775,1.2323,5.6416,-8.5125,-8.5741,-1.0827,0.0986,-4.4626,-8.5795,3.5584,4.0963,-5.871,-5.9276,8.3363,9.4163,8.5331,-9.6086,-8.3046,-9.8849,-6.186
7.5496,-1.6998,0.2318,-3.1022,-7.434,-8.3481,2.942,-7.8663,1.2997,-0.9034,2.6102,4.2881,-4.8606,6.4798,3.8655,-5.9072,3.1123,-2.8231,8.7213,-3.5591,9.8011,-6.1816,4.0018,9.093,-9.2384,4.7373,9.1338,-8.1667,4.1158,-0.9088,8.9676,1.2013,-4.6276,-3.205,2.2108,7.7492,5.9124,-3.5966,-1.5278,6.4836,-6.3058,7.748,4.8383,5.6542,1.6499,7.4236,-4.1849,-5.8852,5.5196,-2.4283,4.7444,-4.181,-8.1531,-5.6801,-5.6295,-8.9422,2.949,8.87,-7.9701,0.5285,-8.7552,1.8881,3.2482,-1.2471,-2.8786,-7.7723,0.6898,0.8811,-3.2378,3.0601,6.3113,-8.362,8.1834,2.3991,5.1646,-7.5145,8.9285,1.1948,8.5221,-8.9547,2.2439,4.5004,-9.2173,-2.4241,5.603,-8.2639,2.9679,-1.7191,3.7673,3.9031,2.8444,7.9332,4.1715,-9.4365,-1.8172,9.0096,8.4021,5.8851,6.0468,7.5146,4.3322,2.7121,0.5611,-7.1133,7.3525,-2.0799,7.9609,5.4842,8.3234,-6.8695,0.5765,-5.0762,2.3479,-6.7952,5.8678,2.6524,-4.2971,2.0896,-3.4073,-2.5623,-4.5443,1.0191,9.9997,0.9115,2.6192,7.1781,0.8303,-8.1758,6.8419,-9.5848,8.4217,-0.1178,-5.214,0.1938,2.2835,6.9109,4.1509,6.7685,-3.0342,2.9744,0.4788,0.3178,2.3535,8.7052,0.3083,-8.9553,-8.8976,-1.6905,3.577,-7.6036,-6.1838,6.6418,-2.0496,7.3003,8.8682,4.6399,-4.4974,2.1648,-3.4505,-4.9512,9.2892,-2.6995,2.0457,6.427,8.648,8.2799,8.5294,5.03,-9.7554,-5.905,-0.3989,-8.5318,6.0637,-1.7594,-3.6297,-1.16,-3.8515,-7.8999,6.7841,1.5134,-8.1604,2.64,4.199,2.2863,6.5706,1.8695,7.6288,-5.3334,1.6896,6.2028,0.7361,3.4568,0.6239,7.2222,-2.0727,9.8102,-0.8159,2.6492,-6.7464,-4.8538
0.338,-7.2735,-1.8075,-5.1459,5.6667,1.0157,1.5725,8.051,-6.2067,4.8221,6.7834,-0.0578,-1.6675,8.0602,-5.4736,1.97,-6.5222,-9.0159,9.4742,2.857,-0.7411,-4.5056,-8.8436,1.3985,9.0291,4.0991,-1.2781,1.3956,-3.5947,7.7892,-3.1119,6.9646,6.579,0.2811,5.1009,8.5015,-0.7721,1.3238,-0.6244,-4.0807,4.6711,2.8464,-6.1256,-7.5382,5.2256,-7.8891,-8.9901,-3.9377,-1.1777,1.7821,0.151,-8.2558,1.8696,-9.1668,-7.4612,-4.3953,8.4661,8.5784,-8.3518,4.5687,-6.0834,5.6007,9.9179,2.3399,-5.1814,-6.6431,-8.5846,7.9202,-8.6753,8.331,-3.5125,1.9564,2.0397,9.0365,6.1667,4.0681,-4.4963,9.4417,-4.8514,6.0856,-8.5121,-5.7842,-9.2014,-7.786,6.5074,7.6388,-9.8598,-6.0955,3.6719,4.057,-9.9823,-3.7239,7.2383,2.2804,-3.295,-3.9709,9.699,-7.1442,3.6512,5.1247,7.6515,4.4598,4.2309,2.6683,0.1029,7.2337,-0.7457,1.7729,-2.9467,7.3881,-4.3988,1.4773,2.8476,-7.7392,0.8451,3.4035,6.2723,0.9919,-1.8145,-2.5465,4.1989,9.7877,8.7983,-1.8537,-1.4951,-1.5723,-2.3431,-2.6005,8.2899,6.1346,-8.7533,-5.7572,7.5541,-6.1246,5.9655,-2.098,6.3092,-2.1253,-1.7857,-3.5276,-4.1883,-8.8912,-1.3484,0.5871,5.0435,-4.4911,-8.6074,2.3151,-4.3559,-9.3411,-8.1029,-3.9394,6.9695,-7.9726,5.286,-7.4311,-6.4919,-2.1788,-7.3139,-9.4802,2.4372,-7.0553,2.1039,-2.9135,-3.3601,7.8924,6.2854,-5.3418,4.5817,9.6,-3.3634,0.427,1.8053,-7.318,-3.3184,0.5267,-6.2508,-4.7136,-5.8163,-1.7291,1.8925,-3.8907,7.4849,5.204,-5.4204,-7.663,-8.5961,-5.4887,-9.7171,4.2041,-7.1889,5.0972,3.404,-6.2848,6.3685,-3.5527,6.2335,2.6698,3.2749,-9.6213
-6.6564,-1.0722,5.1873,-3.379,5.6503,3.7019,-9.1988,5.0122,-0.3763,-5.0368,5.2602,2.8864,8.5247,9.8683,0.5905,-9.1401,2.2548,9.7735,-0.2424,-6.8553,2.7716,0.0313,0.5234,-1.6947,-3.2406,9.0451,7.4428,-0.9249,7.9015,1.4644,-4.8995,0.668,-9.436,5.1284,-5.4248,-4.0729,-9.6292,-6.1578,-3.6719,-6.786,3.4847,-5.3587,9.7828,-3.5659,2.9403,9.7858,-1.0799,-6.4404,2.8291,2.121,2.8369,-8.2821,-3.8507,-7.3466,-6.7383,-7.5672,-4.0068,8.1856,3.3352,-2.5987,8.7548,3.1668,-3.0927,-9.7053,6.2093,-0.2901,-1.3323,-2.7359,6.8639,-1.1484,-7.428,-5.7546,1.4364,-0.4782,-8.8813,-0.6419,3.5869,-3.0812,4.191,-9.4437,-5.2782,-4.371,-6.8211,8.7622,4.2406,6.5904,-1.3675,-6.7854,4.8007,1.1595,-9.8343,5.2433,-0.665,-7.0958,7.3668,-1.9379,4.7117,4.8168,-1.61,8.2107,-3.9506,6.3782,3.5487,7.0881,-9.8439,5.6306,-9.9128,-4.7452,-3.1462,5.254,-4.7967,-1.2612,-3.9353,-9.4314,6.0235,-1.1654,-3.4292,6.2523,4.0651,-4.8537,-3.3795,-5.3758,5.7019,6.202,6.7179,2.3449,6.6179,-4.3886,6.7333,4.1126,2.266,-7.9618,2.9192,-6.31,-4.6164,-6.7235,9.309,5.9122,1.2742,4.8616,-3.2572,-6.5722,-9.2638,-4.1926,-7.2686,-8.5424,1.0721,4.2776,8.6336,-5.1983,5.5773,6.0937,-5.7618,-0.8462,5.9462,3.0291,2.885,-4.316,-2.9418,4.3729,0.2288,8.9647,-3.3674,2.2766,3.957,-4.3359,-2.6048,9.8725,9.1786,-5.7692,-2.3949,-5.2455,-5.4351,-8.6052,7.7524,-1.8638,7.3512,-5.4142,-7.3011,1.9299,3.7767,9.3605,7.5021,-8.4014,1.0349,-2.6027,7.4232,-7.4677,3.2772,-7.3578,4.7843,9.9754,8.3052,-0.5621,-1.0319,-6.8611,-6.3396,-9.4147,-7.9938,1.5074
8.8187,-1.3037,-3.273,0.6857,-3.2284,9.3126,-6.7929,-6.3477,-6.849,-7.3573,6.1995,-1.373,-5.3236,-6.0447,6.5574,-4.3644,1.1348,8.9867,9.5176,-8.8377,-7.6274,-4.0101,-2.1887,-6.2871,3.196,3.3647,0.0885,-2.9618,-8.1145,3.4207,4.7987,6.9647,4.6589,3.5712,-5.4775,-1.2983,-4.0951,-0.8288,-9.4561,-4.4123,-2.252,-4.367,1.8747,-1.4148,8.5452,-0.7215,0.5727,7.3938,-8.0837,3.386,9.5724,5.4755,-0.8059,-7.0393,5.2438,-3.4984,-0.948,-7.0932,-1.8781,9.7497,-6.2145,-6.3966,-3.4532,6.2233,-6.3881,8.8624,-2.6758,4.9452,-2.6853,-6.8996,-7.7729,-6.2579,-6.2804,2.5279,-1.3342,-1.2743,-7.3919,-7.179,7.9157,-5.3317,0.2041,2.9678,-8.6862,-3.2064,0.1262,-2.9696,-8.86,-4.5789,-6.2336,-0.3398,2.3333,-1.1627,-0.7089,8.79,3.6264,0.3398,-0.9142,3.903,-3.3159,-9.2798,-2.0632,7.9358,1.4737,-4.4151,7.727,-2.509,-4.8734,5.2112,-9.0285,-9.6182,8.3892,9.9527,-5.1249,8.8139,1.8565,-3.2724,-1.4808,6.2611,2.3175,1.8226,-0.4359,3.8913,5.7914,-2.3108,-6.569,-6.2275,3.3501,-6.8925,8.4499,-7.499,0.3507,-9.7229,1.793,-7.4837,-0.8385,3.214,8.5569,-7.9897,2.283,1.2387,8.3069,9.9955,-0.8394,-1.4417,-1.7066,4.0785,8.2943,0.2983,-4.8724,2.2201,8.2685,-4.1692,5.026,9.8519,-1.7917,1.5456,-8.782,-2.9172,5.41,4.8052,-0.8116,2.0299,1.2009,2.4673,-4.7303,7.0943,4.5271,1.8068,0.6365,8.5851,-0.1665,-1.0556,1.6658,-4.494,7.0908,-9.3407,5.6021,-0.6529,8.6943,4.9925,5.9012,5.4565,-1.8022,-4.2536,3.1086,8.2141,5.7315,7.6942,8.4042,7.0936,1.8605,6.6704,9.2069,6.8719,1.8544,-4.9199,-1.7905,6.1754,5.091,-8.8262
5.7509,0.0631,2.3883,-0.8628,-7.8965,-5.1125,5.9825,5.7578,-6.9958,-2.8169,-0.4173,-8.8621,-0.8787,-9.9478,4.8535,5.9277,-9.8891,-3.8122,-5.7231,6.6226,1.4842,7.176,5.3401,-4.11,1.1341,8.2705,-3.6773,-7.8462,-5.3447,-3.1568,-0.9062,9.9072,-6.8621,-9.5494,5.8713,5.9626,-7.0634,-0.0487,8.5925,-7.9198,2.0859,6.6793,-7.3364,-6.329,-8.0969,4.0344,2.7531,9.0403,-0.3497,4.3165,7.7792,-2.5618,-7.1062,-9.7017,-4.9948,3.0685,-5.0295,8.1044,-3.5564,3.553,-4.8429,7.8523,-8.994,0.0443,1.5053,3.0433,9.5281,-1.348,-1.9343,-6.7892,-5.6051,8.6934,3.6158,-7.1655,-8.1675,-1.8225,-9.533,-5.9149,4.31,3.0884,-7.665,-5.3166,-7.9697,-0.8412,-7.8809,6.4254,-4.6247,2.99,-0.2243,0.7725,9.6316,-3.4712,-3.6061,-3.7328,-0.3698,6.7898,0.7445,8.5462,-2.043,8.3119,-2.3431,-6.5707,5.9073,6.1567,-8.3322,0.0283,1.333,-1.8482,4.0281,-1.716,0.3702,7.1383,0.7379,-6.822,4.3787,-1.0305,0.1947,-2.5705,-9.67,0.681,6.919,9.6371,9.8533,-4.0275,-1.0566,3.4693,8.697,6.8918,-9.6333,3.0142,1.5394,5.31,-1.9859,0.805,7.6196,-1.8908,-3.2851,5.0552,4.2812,0.8107,-1.178,0.1807,8.0166,-5.1015,0.8947,3.0605,6.6195,5.3507,-5.1553,-6.106,9.3419,8.4096,-2.82,-3.6636,6.3963,7.6516,9.6933,-8.8178,9.4816,0.3604,-1.9765,-1.5229,-1.7813,-3.1462,2.8317,-1.6683,1.7305,-0.834,-8.9513,-3.4935,4.7155,1.3449,-4.6434,7.8718,3.5559,3.3893,0.4994,-8.0093,-4.6314,-9.2592,-9.2994,-5.739,-6.1878,1.5125,-9.1965,-6.5727,2.2923,8.6164,-3.3491,9.8357,-1.8117,6.4336,3.8361,-5.2405,1.3984,-7.8428,0.1677,4.6245,-6.5859,6.0981
-9.132,3.1324,6.6448,0.486,2.0033,-8.0672,-1.7501,-3.0751,8.603,4.8081,-8.5996,-7.1391,4.9099,-1.5309,-3.494,5.2591,0.6249,-8.7921,2.8975,7.9417,9.1784,-4.1226,-6.2597,-0.3332,1.2341,1.8741,0.8348,1.9017,-3.5599,1.3681,-4.9164,-8.7241,2.3658,0.1912,7.461,-2.2724,9.831,-3.2956,-6.4674,4.1189,1.9665,7.7582,-5.6425,-4.5393,-4.7813,-8.1661,-6.1962,-1.4911,-6.488,6.3113,7.4792,6.6851,-5.4441,0.0381,-5.9719,2.4085,1.9548,6.4195,-8.7235,-8.7497,-6.6149,0.6204,5.7151,-4.3807,-4.2538,7.3903,3.6138,7.1225,-0.7422,6.6095,-3.8663,-3.4983,-3.4094,4.0124,-8.4343,7.2834,-5.5445,-8.126,-8.1356,3.6827,-4.2687,5.1069,8.7978,-7.7151,-4.6441,5.3237,-6.0035,-1.4279,6.1823,7.1224,-4.5577,2.4882,6.4163,-8.8863,1.5685,-2.8782,5.7457,7.0245,1.1302,-1.9472,-9.7913,-1.4282,-1.4831,-7.4701,-7.3825,-3.9853,-8.0325,-9.5614,3.5938,-3.2811,-9.4821,0.5881,-0.552,-5.3886,0.488,-4.1908,0.5378,-8.5659,6.8244,-5.7944,-4.5624,5.7166,-8.3349,-8.629,-4.1739,-9.6921,-4.4536,-3.8504,2.23,2.8264,-8.2379,-0.1519,1.2695,-6.4191,-3.7858,-2.959,-7.8455,-3.1562,3.2927,-1.2315,2.232,4.346,-0.9832,4.0053,9.919,3.6796,-6.076,-6.7508,-8.3716,0.7285,3.3324,1.6296,-9.3065,-9.2906,4.1877,0.4137,-0.6402,-7.9488,-2.0106,-5.3774,-6.9654,-8.9129,6.4636,3.1977,2.3459,-1.0192,-8.0181,-8.4898,2.0954,5.1709,7.8982,-8.1693,5.1483,-9.3769,-6.4398,3.4493,-2.1798,-7.4691,-3.227,-9.4427,7.9983,-9.2252,-4.1964,-3.7829,0.509,5.4104,4.7747,-0.5195,-1.081,0.3466,2.2982,4.4092,9.08,2.6983,-8.0838,7.5491,3.4561,3.4698,-2.7683,-6.3371
4.7144,-8.1343,-8.7348,-3.2583,9.2823,1.9441,0.7539,-4.3131,-9.2733,5.2482,9.8459,5.7501,2.0865,-1.6377,-8.7596,-6.7002,1.2126,-7.4994,-3.372,6.7479,-3.8348,-4.9844,0.6425,8.8467,-9.9199,-8.178,2.6461,-2.8355,-1.3795,-6.8578,7.8026,-5.1248,0.5343,-5.663,-1.3898,9.7214,-5.6337,-2.7034,2.3232,9.4174,1.3152,5.746,-9.2722,-3.3651,7.6891,3.6407,-8.1221,-6.025,-1.6701,-8.7452,8.8066,-2.6065,-2.5139,7.0605,-4.7358,9.9639,-4.9345,-6.618,5.9922,-7.5783,3.9969,1.0805,6.3981,3.6208,-3.6174,-1.3132,-5.6152,-9.7903,3.3694,-9.1969,7.7117,0.5861,-7.2671,1.5182,-3.0444,-8.1498,5.1627,4.9393,-8.9965,-3.5841,-1.6318,-6.3539,9.2229,-9.3888,9.6778,-7.0231,-8.5904,8.1037,8.9814,1.9058,-4.8808,5.1877,1.6755,1.9257,-8.5545,1.0913,8.0184,3.0855,7.7619,0.5864,7.1561,0.1046,1.115,6.1933,2.2093,7.4829,8.7808,2.1906,4.9123,7.3996,5.7176,-7.7195,3.8109,5.3514,4.7669,2.8995,-9.942,1.0633,4.9899,7.0896,7.6289,4.8968,-8.6497,-3.4003,-5.5622,-7.8045,6.6105,5.4984,-0.2484,4.5596,9.2726,6.4331,3.5943,2.0201,-6.1231,-6.1331,8.261,-0.1536,1.2776,9.0931,3.3893,7.307,9.4138,-7.1724,-7.7568,-9.4323,1.7251,-1.002,-5.051,-4.3585,-2.4432,-6.5176,-2.8721,-3.9184,0.195,7.6421,-5.826,-6.8404,1.6235,7.4944,6.5393,0.6147,-1.3609,-0.5634,-7.6592,-9.256,-5.4116,5.8113,-4.2573,-0.9108,-5.9342,4.8401,3.5849,6.7203,1.9568,-3.014,-1.0534,-7.6773,-8.4733,-6.6238,8.3001,-1.0315,-4.0512,-7.083,-6.5845,2.0036,9.4771,-3.2773,4.8932,7.8911,5.2184,-1.301,-6.5157,-2.2242,6.8175,-1.2782,8.7578,-9.9808,-5.3554,-1.001
7.2484,9.8785,3.952,-0.0225,-3.854,-4.4835,-4.6022,8.8621,-2.9753,2.3281,3.9651,-5.7117,-3.9381,9.2686,-7.5125,-5.9133,6.622,-6.0541,4.4324,4.876,8.7543,7.1626,-5.4673,8.4598,8.2257,3.7705,7.1659,3.6631,3.4862,9.95,-3.2655,6.5022,0.0325,-6.0592,5.5093,-9.1753,-1.2067,6.1506,-6.6371,-1.2451,-8.6432,9.1505,7.9066,8.4072,-6.2803,8.561,7.5586,3.3913,-6.5696,-9.0942,8.8908,0.4567,-9.7899,6.8748,-1.9884,-3.1022,-3.6757,-7.7048,3.4093,-3.1938,4.8723,-3.5361,6.2649,8.9688,5.0171,-1.2769,-1.4843,-7.3314,2.2897,6.6407,3.6896,-4.1944,8.1681,-5.2268,-8.7348,-2.3024,3.1783,-3.2486,-3.1088,3.8391,8.0033,1.0742,-5.42,6.2051,5.1394,-7.5611,-2.8235,-1.9084,-5.1585,-9.3708,-7.3704,3.8791,8.1099,1.3381,9.039,1.1237,-4.8608,7.5546,-7.6878,2.8409,-3.6045,-3.4939,1.3044,-5.3162,9.8409,-7.8475,2.7115,-3.6047,-5.63,-5.8262,7.972,8.1728,-6.0617,-2.971,-5.0886,9.3607,-9.9949,4.6614,4.5024,4.113,7.1738,5.0507,-8.0938,-8.4085,-0.6059,-5.0102,6.4761,-6.2702,-9.0221,-2.4343,-4.8718,6.5222,4.8187,3.7067,5.0958,-0.6317,-9.6859,0.3002,4.5473,3.8824,-6.0194,4.5782,0.5466,-2.7003,-1.4141,9.3684,-9.6738,-0.0656,-1.9741,9.5804,3.8466,2.1193,-0.9859,-6.0294,5.365,-2.2753,-9.5318,-1.555,7.7139,0.7753,-0.8661,-8.7902,1.6472,8.5583,0.6983,-9.4515,-1.6906,7.8595,-8.3787,-2.4295,3.0681,-9.6468,5.3497,-1.2589,-6.2504,8.1141,7.8676,5.2117,0.0259,-4.3599,7.2379,1.8983,-3.8409,8.7546,-1.4616,1.9571,5.6406,7.7445,-1.9445,1.28,5.4932,5.0221,-9.1672,-4.3545,-4.3537,-0.6997,-2.7376,3.1433,9.7344,-6.3929
7.8819,-2.4016,-2.5447,-9.5942,-1.7407,-1.9807,-3.5079,-0.6656,6.7693,-5.4472,1.3553,6.0411,-9.3808,5.7657,-3.3027,6.2426,8.0688,5.088,-1.9693,-3.9989,-9.9118,7.4193,7.5817,4.7657,-3.6672,-1.4961,-2.7614,1.4118,-3.9979,8.254,-7.8445,5.0482,-8.2839,-8.707,1.8511,0.0139,6.2813,-2.7133,-9.7896,-2.8114,-2.1573,-4.9522,3.6618,-8.5636,6.6526,9.2859,-8.8568,-6.1683,-6.1318,-6.3808,9.2361,0.9283,-8.2828,2.9896,-0.7762,0.8492,3.2099,-1.1131,-4.5753,-5.1347,7.6525,7.5878,-4.9623,4.8222,-0.0866,-4.8114,-6.0025,0.6007,3.5739,-4.3427,8.2664,-3.912,-9.819,7.2991,0.4013,-7.5873,-6.3819,7.7968,8.7109,0.9924,-3.972,-9.8449,5.1108,2.1987,0.0026,0.7109,-8.4958,5.3483,6.0039,3.5786,2.8894,-1.4236,-8.7962,-0.8626,-0.9201,5.5401,5.0467,3.1753,-1.1142,7.1018,-3.2921,6.2297,-2.7338,8.6027,0.2038,6.9517,-5.8411,4.0244,-4.5109,5.9533,-2.523,-6.8308,-4.8265,4.4912,7.4299,-1.8693,-6.7178,7.9256,-0.3799,-1.6941,-8.8838,-4.1184,-6.8627,5.601,-1.2363,-7.8695,-9.3505,-8.7004,-5.9987,7.0172,0.1592,-7.4119,6.5255,1.1279,4.0765,7.9334,-7.5437,3.6782,-2.8487,-7.581,-2.285,5.5358,-8.9261,-6.4983,4.2188,6.5881,-2.318,0.4961,-4.9583,-5.2857,9.8284,-6.2727,7.154,8.8787,-7.4872,8.5506,-3.9183,-4.8351,-6.0109,8.4854,-6.8934,-9.716,-2.9385,-5.9497,2.3446,6.7268,1.8759,7.7202,6.5149,5.617,-7.0231,-1.9904,-2.5435,5.4453,-2.9959,9.2969,-4.3791,-2.5215,0.3333,-3.2167,9.0419,9.5448,-6.5857,0.3893,-4.8382,9.1219,6.0491,0.9299,-5.4977,8.8674,-0.2804,6.9267,0.2171,9.4094,-6.3821,-9.584,-8.442,6.5195,7.9192,-2.5517
7.1163,-9.0263,3.125,-3.7272,5.5722,2.8601,-7.0432,0.1625,-0.9834,6.8859,5.3681,9.154,-2.2091,8.6506,6.9285,2.1731,9.6612,6.4688,-4.4906,1.9556,-3.9164,-0.9842,3.8141,-5.9129,4.9795,-9.3274,-1.173,3.1144,4.6103,-7.6702,4.7492,6.384,-7.9766,6.3233,9.0967,-7.8999,-7.5334,2.7703,5.8182,-4.0419,-7.3943,2.1809,0.7506,3.482,-7.0651,4.3715,-7.6455,3.1755,-6.205,-8.8545,-4.5992,-2.5592,-2.5014,-2.8003,-0.4608,-2.8451,4.221,-4.763,-2.8188,-3.4709,4.3173,3.672,-7.8162,1.3175,0.8336,-9.2799,7.8436,-1.006,8.6325,1.4755,8.326,7.9255,8.4695,-4.6631,3.9163,-6.2559,-1.3157,8.2554,-7.5482,-9.0501,3.786,-0.009,1.7939,-6.399,-4.8409,0.51,1.0389,4.1158,1.0313,3.6758,3.6486,6.0629,-8.5959,9.4475,7.3344,2.7872,-6.1773,2.7368,3.9935,-6.6074,5.9461,-2.9225,4.6366,-8.4473,-2.5487,1.693,-5.8981,-6.2057,7.3667,7.3056,-4.8292,9.6929,3.7252,-6.227,-6.9759,5.5325,4.5523,-1.6802,6.6315,-8.6269,-3.6399,-6.9952,8.4577,-7.3871,0.1794,0.8391,7.2897,-3.0471,6.3596,-4.4845,-4.271,-7.5837,2.3438,-0.6202,9.769,8.7517,5.3922,-9.802,-9.7505,-7.9702,4.6279,-3.2393,8.9076,4.612,-2.623,8.1648,-6.1377,9.8489,0.2155,9.4358,5.0616,2.6225,-5.3155,9.8474,2.5231,-8.0057,5.3437,4.291,-6.4733,9.8986,9.1433,2.3718,7.5522,2.4883,-7.1504,-8.187,-3.1095,8.5736,-4.2594,-6.4871,3.1869,7.9956,8.6153,-7.9813,-4.9198,8.9256,8.8126,6.5396,-2.6204,6.0661,2.333,-4.792,-4.0233,3.5215,1.7849,-4.514,-4.4686,-0.0204,-7.8727,9.8284,-0.6901,2.6915,-9.9543,6.6436,8.7628,-7.8371,2.8941,-5.275,-3.4993,-8.2004
-2.7124,-8.0383,4.6389,5.3475,-1.9098,-4.9805,-1.1347,-6.7271,2.0709,-7.2407,0.4892,9.6328,7.0651,-4.4423,1.1752,-1.5395,7.6591,-7.8639,3.1895,0.9211,-8.6349,-2.5359,-9.9933,-8.155,-7.5087,-8.8043,7.2596,3.4792,5.1603,6.3402,-2.4344,5.7683,9.2725,1.8829,1.041,-8.7382,4.094,-2.9294,-5.6521,0.6296,1.2653,-4.3474,9.0298,-1.055,-0.7929,8.7953,-3.3016,4.0685,-3.7522,3.4334,8.2753,8.0148,9.3218,-6.3869,-7.3532,-3.9489,-1.0977,5.8614,-1.1081,-5.9673,0.6961,-0.7787,-9.2504,9.2176,-6.7443,2.9225,-9.7753,-9.745,3.1939,0.3893,-2.1069,7.3219,8.8584,0.9086,-0.4836,3.8354,8.3113,7.1309,-3.7915,9.7246,6.787,-9.3984,-0.1011,-9.1961,0.4457,-3.4142,-3.7107,4.0638,4.3419,6.0284,-4.8091,7.7086,-0.9894,-7.2102,3.2303,2.7497,-0.7909,-3.4759,-5.1382,-1.8175,-8.1283,3.8663,-1.5286,8.3152,9.1278,7.8525,7.0168,-3.3917,2.0914,7.9349,0.3925,-6.909,6.2714,8.3242,1.5649,6.7745,6.0733,-9.5523,4.5907,0.9401,-5.8579,2.2052,-1.2622,8.4357,-6.7571,-9.3031,6.3902,-0.3785,4.4734,-7.9039,-9.2726,-1.0053,-9.2444,5.3004,-7.6055,-2.3254,-3.7689,5.5745,0.4308,-8.7498,-5.2446,-7.1656,-7.8715,-3.6752,-5.4243,-7.8874,-0.0975,6.1722,-4.2102,0.8201,5.588,4.6597,0.5061,5.8718,-5.8609,-6.1632,-8.6981,-1.3924,-8.868,7.3816,0.5807,-4.522,2.7862,8.7923,9.9628,9.175,4.4655,4.7988,-1.3548,6.5609,3.2909,-6.1131,8.5468,7.7983,-9.8777,-0.0696,2.3268,-2.0517,-5.3431,7.4185,3.8342,-7.0733,3.3761,-8.4243,3.0734,3.3021,-3.5937,-3.1056,9.3929,-1.996,-1.6591,3.6462,6.4993,0.6699,6.2809,-0.0463,6.6588,9.7452,3.878,-1.4696
-8.171,7.3192,-5.6938,-6.5315,3.4918,9.241,9.4359,3.3733,-7.6041,-8.1022,6.7397,-4.6265,9.6524,6.7792,-6.3568,8.8836,5.8692,0.0041,-0.0777,-0.2829,5.6348,1.7739,7.496,4.1297,-5.0099,-4.7647,6.7703,5.9353,5.6108,-5.2099,-7.7852,6.15,6.5997,-1.7757,2.4107,9.0792,-8.1008,-4.9903,-8.599,-3.8838,4.8891,5.7634,9.1443,-4.0529,2.1878,-3.5197,-8.3835,-6.3093,3.8242,0.5333,-1.0384,6.507,-3.1938,-5.1858,3.5291,9.5891,-9.4938,9.1328,5.1541,-0.4657,2.87,6.1993,7.1668,-2.4824,6.4789,8.5551,-4.6515,3.3448,-8.326,0.9613,2.5909,3.8337,2.2596,5.529,1.9577,3.2593,-1.5003,3.6642,-8.4547,5.5077,4.4532,-5.5999,-4.1007,-1.7175,-6.6008,-1.2223,-0.6957,-1.3782,-5.5699,5.6367,-6.0109,-0.9761,-6.6082,-9.9724,-5.8521,-4.7803,-4.2336,-3.5016,-1.8465,-1.1777,-7.9047,4.5703,2.6432,6.6479,8.2496,-5.1682,-1.5574,7.2624,-9.0599,7.6811,-8.6865,-3.1922,-8.8415,-0.6039,-5.5299,-1.2544,-4.0337,4.8002,-0.2575,5.5242,-5.3759,6.8237,5.7101,-6.353,-0.4803,-9.6061,4.1499,-7.4734,-7.7301,4.987,0.2569,-4.1851,3.6545,-1.2748,-6.9843,-8.9445,9.752,-5.1773,-1.0519,2.7053,2.4058,3.243,-9.4549,7.1676,-4.7584,-4.9923,-1.629,4.1123,3.0247,-2.3276,-1.2232,1.3568,-1.9179,1.5602,-5.0012,-6.7065,-8.4277,5.9809,-2.1037,-0.9676,7.2745,-9.4536,-7.1269,3.515,6.2115,-4.356,8.0656,-3.647,7.1121,-1.1827,-6.7598,-2.4762,-2.8175,-8.6483,8.867,-6.013,6.8086,-2.4845,2.3125,-2.3953,-0.7938,7.949,3.726,2.1091,-3.2703,-5.3542,4.5238,8.5901,-4.7877,-7.0431,-6.9421,6.7756,0.7228,-3.5758,-8.2494,-9.3622,9.35,7.8102,6.7429,5.431
0.9895,2.0822,-4.9955,-0.1384,8.0398,-8.9614,-2.9481,6.8459,-0.5448,3.0395,-8.6491,-9.4123,0.014,7.79,0.2491,-0.2948,4.008,-2.9518,6.8187,-3.1848,7.8147,-1.4656,9.0555,4.1772,9.5731,-7.7818,-9.5337,-8.6673,7.9294,-9.6976,1.9137,-7.2583,0.0567,-1.2706,-3.6807,-4.7413,-7.3343,-1.529,5.8427,-0.8431,7.0654,-4.9476,8.3095,1.4022,0.5029,-3.8152,-9.4773,-4.8719,0.1006,-1.1233,4.0885,-9.2559,9.5795,-6.8306,4.6427,4.2796,-0.9418,9.2546,4.4067,6.4376,9.1051,-9.3201,2.6852,-5.0774,-4.898,1.0683,1.4279,-2.7542,3.7027,7.3685,0.5462,-6.7218,-2.3846,9.4954,2.3626,9.4302,1.6959,-8.3685,-3.8221,-1.0342,5.4208,9.6907,1.2957,-5.6133,-0.1247,-8.6767,-9.4036,-8.6396,-2.7412,-9.1772,-5.1687,4.3526,6.5776,-6.757,-8.7556,-4.7014,6.9421,-4.7532,-8.9981,-9.4056,6.6326,-6.2075,2.4468,-7.1225,8.7536,-7.0872,-6.8017,-2.6135,7.0311,-1.4909,1.3288,-7.9684,-9.5438,-5.1466,9.8433,-0.3088,1.3378,-4.0689,3.5942,-2.6617,4.8059,6.4917,-3.2899,0.7106,-1.5377,6.0194,-2.7674,-4.1534,-3.6579,8.6547,-7.6658,-8.9063,9.4605,0.5336,-6.5563,-5.4143,6.4535,9.8476,5.4082,-8.0165,0.6106,9.9959,-8.9665,-4.6329,1.4316,1.7813,-5.9903,6.5789,-3.4836,-0.8458,0.647,2.7691,7.989,2.2357,7.1961,0.5587,0.8515,-5.8284,-1.9559,-8.4646,3.7844,-9.6183,-4.7418,-7.7808,-6.7776,0.3733,4.9806,3.3219,-2.9556,7.3943,4.5573,-0.9682,0.2711,-0.2894,-2.9081,8.5623,8.4061,5.4854,6.6883,-1.864,-3.6455,-4.2171,-5.7343,-2.4624,-1.7815,-2.7276,-6.2173,-7.7068,4.2155,-0.5191,0.2083,5.9327,-1.6384,-4.6664,-6.0889,2.5674,-3.1533,-8.4805,-4.0684,-1.2926
-1.1302,6.2763,9.412,7.2201,-5.9697,8.4718,1.1937,0.7665,-8.5755,8.6514,-5.6214,-7.2447,-1.6787,6.1982,-0.7519,7.6829,-5.1404,9.2253,-5.1185,8.1565,-7.9918,-3.5421,2.5704,7.5641,0.123,2.2851,6.6312,7.3383,-8.0105,6.1004,-1.2792,-4.6176,-4.5612,4.4631,5.6797,-9.5821,1.578,-9.0658,-4.8905,-5.8318,-9.6516,-8.3725,-3.1314,-9.1483,8.2193,-1.6879,8.3702,-6.7094,-6.3199,-7.9293,-0.7813,8.6151,-3.1241,4.4921,-1.4375,-2.2912,3.9477,-7.1638,6.1193,5.5721,4.1639,9.614,-4.3459,-9.8443,-8.0102,-6.681,-3.6125,-1.1485,3.0667,-8.9593,-9.3812,6.3583,-4.4589,0.8999,-9.4498,-5.2633,6.2204,-0.6842,-2.5822,-4.7584,-2.273,7.9659,-7.067,1.2865,-8.2549,3.2658,-4.48,-1.3298,-2.889,-4.3361,1.8432,0.8371,1.1653,2.5039,5.025,-0.4939,-0.6322,8.3164,-6.8314,-9.4231,-2.7674,7.2601,-4.709,-3.1367,6.9308,8.9019,-6.2742,-4.1004,2.8448,3.5252,-1.2122,-8.456,2.3722,-9.8303,-4.8054,3.2606,7.5534,-5.0602,9.5743,9.4045,1.9249,3.8959,-7.4393,1.5218,-9.8069,-4.107,-1.5367,-1.2573,1.3917,4.2944,-7.1649,-0.8464,0.0465,2.3299,-7.1124,7.1706,-4.3126,-4.1127,-3.4482,4.8241,4.5916,4.6491,-5.0111,-3.3724,-4.1224,-6.9782,6.8582,4.7435,-9.6508,-3.7956,-4.5532,-5.9371,9.3643,9.522,8.0101,7.8071,6.8219,-1.1996,8.5136,1.8078,9.2857,-5.4106,9.2236,-2.7351,-5.8776,-6.4371,7.4558,-0.9325,-3.2634,2.447,2.4391,-5.1151,-9.6184,0.7805,-9.6214,-3.7699,9.9692,6.8247,-4.7026,6.9162,-7.8136,4.7319,-9.039,-5.1176,-7.7439,-9.9083,-8.5188,-7.8829,2.0171,-1.0872,9.909,-2.1802,-3.2051,6.0975,-0.4825,-7.3565,-6.1932,-5.6036,6.1366,-7.74
-2.7575,0.1338,-0.4538,-5.7382,0.0099,-3.2907,-2.4862,-8.7047,-2.7869,-5.1371,-2.4989,1.7143,-8.9125,8.2078,-3.7493,-1.7147,2.4688,0.3836,-8.0442,7.1887,-6.6952,-7.5158,-3.9106,-5.1499,8.9949,0.8531,-1.3149,-2.9211,-4.5078,-2.376,2.2959,-6.3981,7.6636,-5.0204,-7.4342,-0.0069,-8.7828,1.4578,2.8496,4.0923,4.9366,-7.5547,8.0577,0.4118,4.0727,-6.0368,-4.3493,4.1704,3.1543,-2.3797,-4.1515,8.7499,7.8219,-2.748,-2.6589,3.9277,-7.9244,-1.7435,1.7432,6.3638,-0.2704,1.0555,1.4372,0.3484,-0.1126,6.8822,2.26,-9.8296,-9.9742,-9.4877,-6.2442,5.1426,7.2196,6.7755,-5.1862,-4.0649,-2.7592,-8.938,-0.4238,0.1131,6.9131,-6.7995,0.296,3.7734,-6.8095,1.4446,-9.7686,0.6812,3.7529,-5.2236,3.9407,-3.0993,1.8263,7.3659,1.3369,2.8615,1.3379,5.8717,3.8264,5.9765,1.0608,3.2588,-7.4561,4.4694,7.0855,-5.2778,-1.3243,-1.6111,1.9238,3.6197,0.6392,9.7238,-5.8008,-4.5064,2.2939,-7.7151,-8.5523,1.1975,-9.3945,-9.254,-5.7685,-6.0245,-6.2464,-9.5021,-4.2333,-3.9598,9.3207,2.0069,-6.5078,-4.5729,0.0056,-3.5729,-9.0597,5.1908,0.8477,0.5642,5.9872,7.4186,-3.1396,-6.9824,6.6757,9.8537,-9.1647,-9.9134,-3.1372,-7.2218,-6.714,1.4396,-9.5819,7.1295,-8.5092,-5.3703,4.3986,9.7392,-2.3398,1.819,1.9176,7.0174,-4.8031,8.3715,-7.1896,-7.7994,1.4323,7.7748,9.4169,8.5118,0.7065,3.9541,-7.6526,3.0129,1.5413,-8.9087,7.4117,3.3713,3.8282,8.4982,-5.2286,-2.4978,9.1421,-6.6741,0.5242,3.4942,-9.9548,5.6239,0.4223,-2.9077,-0.0244,-8.8425,-6.5817,7.2928,-7.5582,-1.8116,-0.516,-2.078,0.596,-5.1556,3.5274,7.0459,6.1994,1.8606
-3.3772,-5.4584,6.7465,-5.671,5.6207,8.0355,6.0216,6.4454,5.3506,0.8583,0.1532,4.1762,-8.7481,-0.7519,-4.3145,9.9875,4.6793,2.6682,-5.7571,-7.2556,3.1203,-7.108,-3.9418,-6.2078,7.6115,4.2991,-4.6249,-4.365,7.5382,-7.6614,1.5857,-3.4131,-6.3446,9.4973,-4.7079,4.7295,6.6324,1.0042,1.307,-2.8922,3.2915,-9.2083,-9.7383,8.1804,3.8165,1.5786,0.2414,2.8363,3.5086,-2.0051,2.3735,-0.3822,9.0153,9.3307,-6.7924,7.5917,3.8622,-5.6762,-2.8039,1.6223,-6.1382,-0.4285,-3.7019,8.8133,6.8344,3.714,-6.5249,2.6488,2.6762,9.4578,-5.4397,-6.7951,6.6604,7.0661,-4.3188,3.5095,5.138,3.4009,3.1505,-8.354,1.7626,-4.2346,-9.4061,-3.3942,9.8731,2.63,1.068,5.0466,2.9836,4.466,4.2719,9.7155,-3.0368,-8.2092,-1.8111,-4.7167,-6.0198,6.5321,3.4887,1.8211,-6.8823,7.042,5.8902,9.8034,-9.2016,-5.2222,5.9759,8.0856,6.1765,7.545,3.3865,0.2644,9.3837,-5.3785,2.1069,-5.3778,3.3479,-2.5041,5.1904,5.7596,3.5654,-6.1047,3.826,9.8663,-5.0645,-6.5849,-7.0917,5.4411,-0.2083,-3.4429,-8.1642,-1.7696,-1.8982,-3.85,5.151,-7.0552,-6.6457,-8.5428,9.06,3.191,-1.7277,-1.7834,-3.6529,-8.4153,-6.1348,0.1866,-7.7224,3.2215,-3.1546,8.0556,-3.8466,9.9876,0.7334,2.3069,-2.7917,5.2701,1.6236,4.9724,-2.5121,9.8931,4.6847,-7.9647,4.5542,8.2736,4.2333,1.9678,-3.5296,3.7,0.0419,5.6355,-0.8728,-0.593,-4.7882,5.4065,3.2698,8.8377,-1.415,-7.5368,8.173,4.8722,3.3337,5.4922,6.4719,0.4441,7.2358,-3.3319,-3.8163,-7.1694,-3.9392,1.7092,-8.8884,-8.3714,7.5783,-0.1111,2.0352,-7.587,1.617,2.8242,-3.212,-6.2552
-8.5471,-8.3789,-9.592,0.5324,-0.6907,-1.2118,2.0862,-5.4839,7.7794,3.1807,9.7042,0.1489,-8.9159,5.7078,-9.6107,8.8562,3.3652,3.1397,-9.6997,-9.6526,8.2111,1.2422,-8.5013,-5.0178,-0.7261,-4.3696,7.4303,5.5954,5.0963,-4.3088,-4.486,-1.2124,-8.0292,-0.3247,-0.8094,-4.1816,1.4,8.2761,-5.1794,-7.952,0.4002,-0.2723,-1.359,-2.4677,0.4159,-9.6056,-7.9044,7.9567,9.2324,-0.7218,-0.6298,-2.0649,-7.2726,-1.3027,3.2654,-5.2505,-7.2562,1.511,1.5295,-8.2039,4.8498,-2.0714,3.3059,4.7012,3.8577,6.9824,0.5059,1.0265,-3.5746,-8.8188,-8.3526,-3.0974,-3.8943,-9.7442,-1.7545,-5.2295,4.6308,2.544,5.4182,2.6649,9.1009,9.2448,-0.4158,-2.1889,8.9659,-6.6575,4.2689,-9.835,9.5269,-2.7263,-7.4616,2.1501,-8.8956,-2.9794,9.6113,-3.485,6.3012,-4.0315,8.4261,3.5069,-4.8766,-0.8335,9.8581,-4.5429,-7.0844,7.5016,4.2434,-6.7517,-7.677,5.2311,0.1075,-6.7042,6.376,1.019,-9.699,9.6309,3.6107,-4.5147,7.7784,-6.384,-4.162,-7.0554,-7.3757,4.6231,-3.9536,-6.7616,-8.1123,9.8321,6.0258,-6.2755,-2.2997,-1.2488,2.8795,-2.6366,4.1891,7.8619,3.6989,8.1111,-0.4555,-4.853,0.9716,4.6427,3.4818,-8.277,-0.3322,4.4381,0.3161,2.708,5.4669,8.9245,-5.852,0.2047,8.2695,7.6143,-0.9996,6.0046,-3.6601,-9.7204,1.1051,2.099,-8.7907,-6.0537,-5.7906,-3.751,-4.3877,-0.0993,-7.9653,-3.243,3.305,1.367,0.2415,4.943,-9.9255,-5.3215,6.4116,-2.1389,-9.6088,2.003,-3.6527,-3.3373,7.5248,-5.7304,2.06,-4.0,0.4318,-7.6062,9.0459,-5.2323,-7.9466,7.1005,4.6363,2.5628,-3.6164,3.6559,-4.7571,-2.9094,1.9002,2.9246,-9.025,2.6321
9.5252,-0.9259,-9.8782,-1.4352,5.3515,9.9404,-8.3453,5.5821,5.7056,5.1163,-8.4393,-3.1412,-0.4718,-2.3051,1.9694,9.2801,-7.5566,-5.6206,-5.9198,7.9655,-5.2648,-7.5011,-8.3552,-2.4152,5.0133,8.5598,9.6347,-3.8288,5.78,2.2675,9.3448,6.2507,-8.6702,-3.0421,-4.1562,-5.7404,7.2682,4.4345,-4.9396,-7.641,-6.3512,-3.7779,5.8551,-8.522,-4.6938,-3.7926,5.5856,3.233,-2.8211,-4.9425,-8.919,5.9491,-5.8496,-2.4192,-9.0485,-7.9241,7.019,8.2005,8.6785,-2.1243,3.7567,5.141,5.1772,5.0588,6.7239,3.422,7.1451,-7.8962,0.3445,8.2833,9.8798,-5.392,6.4349,-5.1469,-3.114,-5.6752,-8.2075,1.811,5.7761,-5.2647,7.4937,-2.1996,5.1593,6.5537,2.6053,0.5177,2.7847,3.8286,4.3575,-8.567,-7.2017,6.2932,5.829,6.4407,6.2692,9.889,3.8623,7.9553,6.2004,2.7015,4.9658,-9.5738,3.3957,1.5599,-5.8403,-5.9327,-3.1434,8.3959,0.7982,-0.0621,3.8096,-6.5115,2.3951,-1.5698,-0.6753,8.5216,-6.664,6.8887,6.8011,1.1431,9.0015,2.6716,1.9376,-6.826,8.8876,-0.4666,-8.1171,-5.8888,-2.7355,-5.3152,-6.3665,-1.3299,-9.7475,1.1409,-7.4837,7.9574,-1.2172,6.6195,-2.8309,5.8455,-0.0901,8.0234,-2.7633,-2.1405,-2.6536,9.7617,-5.589,1.8151,2.459,-5.7545,-2.7157,-6.4933,8.0108,-3.6101,-1.9158,2.1878,6.6266,7.6225,9.4003,-1.0758,2.3964,7.7799,-0.0247,2.3152,-9.6344,0.8011,-5.9419,-8.9841,-6.9176,3.7755,-9.2681,-7.4038,-1.6549,-5.2627,-0.6927,0.384,-0.2276,7.1755,-2.5122,-0.7972,9.8002,-4.6366,3.5009,-8.9485,8.6886,4.3572,-9.3806,0.7745,9.3094,-9.1493,-4.8106,5.6652,3.6921,2.0683,6.6087,-6.1735,-6.1447,-4.3668,-7.8254,-2.2828
2.0778,7.6302,-7.1634,2.017,-7.3899,-2.8026,5.3344,0.091,-7.6357,6.8602,-3.9782,6.4983,2.6484,-9.3181,-4.6199,-3.4323,4.4575,-3.7828,7.6589,2.4131,-9.5291,6.5587,-9.3206,-8.5987,8.3178,4.7957,-9.9908,9.4135,6.9764,-7.7856,-7.3917,9.6382,7.9889,9.857,-7.4268,9.3382,-8.8075,5.0011,8.3611,-2.2259,-9.1152,-6.5544,-0.6138,0.3994,-0.8416,4.7514,5.4359,-6.4076,5.1289,1.2654,-8.6924,1.552,3.9637,-7.4854,9.1868,7.4385,-1.047,9.7515,2.3761,0.6896,-4.7653,9.4958,-0.3063,-2.3474,7.4384,-8.3231,6.3289,4.7486,-7.9274,-4.6201,5.5751,-7.1382,5.9065,-4.9617,7.7118,1.3005,6.1172,-9.3413,-2.0249,3.9481,-3.1554,-7.1064,7.483,8.5359,2.7458,-2.9264,6.6991,4.3417,-0.6642,2.6634,2.2451,4.2103,-9.8387,9.2977,3.259,8.9531,-6.6398,-8.1989,-4.1056,-7.5718,5.9153,5.2351,-9.3697,-7.5245,8.5537,0.5425,0.473,3.7823,2.9684,-0.6635,-8.3621,2.7189,-3.1853,-4.6689,0.2704,-4.2685,6.2589,-9.4607,-5.2944,-3.2131,4.5615,-6.251,6.0684,-3.6828,4.8238,1.6881,4.2029,9.1594,-0.9493,-3.842,6.1331,6.9298,-1.5119,-2.0675,9.6429,-2.6238,-2.1853,6.4385,-0.8485,4.2088,6.5051,2.3718,3.6606,6.977,3.6602,8.1692,-4.4498,-5.9973,6.9512,-2.3997,4.4955,-5.9269,-8.7366,-2.2398,-0.7293,3.1586,7.3058,2.3102,-1.5101,9.3407,-1.3748,7.1353,-7.4096,0.8331,-3.7944,-0.7829,-5.5446,6.8753,-1.783,9.0485,4.0794,-5.9761,4.2084,4.1019,7.1687,-8.8157,7.0475,0.366,-9.0214,3.5044,-4.771,-0.1887,5.2313,-3.8828,-9.8018,-9.1524,-6.7442,-1.2234,7.1337,8.0593,4.1164,1.3529,5.2529,-8.0919,-2.4911,-8.5087,-8.4668,3.7739,-8.8013,-0.3951
-2.5425,9.0511,-3.174,2.2316,-3.5846,-0.782,9.299,7.4007,-5.2569,-7.901,-3.5439,1.8153,-1.8365,5.4555,7.2465,-8.4513,-9.8502,-6.811,-4.9094,-3.8751,9.954,9.2299,-4.1135,4.2685,-0.8569,-1.9377,-0.4758,-4.1234,-9.2658,-5.6618,-2.9337,6.2066,4.2966,5.0032,-9.5122,5.4305,7.7243,5.4085,-5.0474,9.4171,3.4566,8.027,3.2127,0.9701,-2.6907,6.1758,-5.4824,6.8236,-1.8497,7.6844,2.203,-3.514,5.6632,4.3206,4.6857,-2.5263,8.0526,-3.4612,-3.5996,8.1289,2.2269,5.4914,-5.3091,-4.5316,2.2012,7.1753,7.8045,-7.5949,0.2956,-7.8997,5.8035,7.5031,2.4069,-7.0432,-9.752,-4.8993,-6.0175,-2.8834,-2.0475,7.2224,5.4308,-9.2487,-9.3895,9.4292,8.5008,0.8869,1.4816,8.1643,-6.7279,1.2197,8.1643,7.3878,-1.3628,0.589,-6.4295,4.6369,-6.2526,0.3769,-9.8463,-2.1668,-3.0208,1.2971,4.088,-2.572,-5.1686,1.504,-2.5708,8.2121,-2.8907,-1.9294,1.4098,-2.135,-1.5684,-3.9328,-0.5149,6.7758,-7.1015,4.4543,-3.8585,1.3079,3.9806,-3.7886,-6.0436,2.6076,0.3963,-8.0591,1.1099,-9.5357,-5.2278,-7.6057,1.1341,1.6256,1.7067,-1.3923,0.7508,-5.1256,4.4547,8.8735,-6.1646,-7.235,-9.9751,6.3418,-3.6004,4.0261,2.4777,-0.2452,-6.7189,9.1533,-6.4782,-5.9238,8.5263,-9.8432,-1.1859,-5.0012,0.0851,6.6752,9.3296,3.2761,9.0757,-2.6699,3.0615,-6.0068,-8.2947,-9.6259,-3.8978,5.7045,-6.5596,-4.1264,1.3478,4.0911,-1.8171,-0.3215,-2.6959,7.8256,9.3467,-3.309,4.1345,6.0195,8.785,1.7827,-3.6422,9.2579,4.5975,0.9153,3.799,-7.9054,6.8512,9.8324,-6.4856,-9.5947,-4.6709,-8.2704,8.8266,5.4804,1.0058,-8.9309,8.772,-3.8651,-3.3383,3.7163
5.0275,5.776,5.4692,-2.6454,-5.5619,-2.2926,-8.3873,-2.4555,-8.5244,2.9393,7.3347,3.4002,-2.6776,-7.5226,0.318,-3.5709,2.2803,-3.4245,5.3875,-8.5622,-4.9626,0.0112,-7.4194,1.5639,4.7897,-6.4014,-4.777,7.5856,0.6465,0.4773,-1.0898,-3.5718,8.5066,6.9795,0.0368,0.9758,-4.0335,8.6057,-8.9892,0.4727,3.5367,-3.8315,-6.1807,-9.1854,-6.5661,-5.1604,2.708,4.8054,7.1274,8.0671,-4.5317,1.8412,9.0223,5.042,0.2251,1.1808,8.7429,-0.683,-4.5812,-2.6422,4.8651,-0.3701,-0.1448,-0.4976,-4.7281,-7.9961,2.3684,-7.8395,-5.8104,-1.7641,6.0614,8.3731,7.5484,-4.0757,-2.1375,0.4697,-0.9735,-2.5051,9.0889,0.7019,1.0829,9.3179,6.3803,-3.4691,3.9869,-5.6791,9.1057,9.3764,5.7134,-5.4691,7.5183,-1.747,-8.6006,-2.0831,7.6523,-1.8005,-4.5419,4.8889,-6.0909,-0.5554,-1.6609,6.0584,-9.5506,-4.724,-7.8555,-2.3016,-8.4278,-2.315,6.4989,4.7691,-9.4963,6.5812,-9.6322,4.2546,-2.8931,8.9752,0.2048,-6.6783,-5.2886,2.2628,0.1412,5.9134,-1.8254,8.875,-8.0909,1.8664,9.0001,-5.2126,7.7636,-8.728,7.7565,1.5956,7.2105,1.8051,-5.8343,-4.1145,-5.0032,-7.9293,4.2884,-7.2889,0.0664,-9.9857,-3.2834,9.5108,-2.9899,5.7908,-6.7557,2.4546,6.7272,-5.3166,7.3614,-6.1001,0.0804,-5.7653,4.3735,1.8736,4.6614,-3.005,-7.7919,6.8836,-6.0028,-3.0506,5.8652,-2.9665,-8.1345,-8.5716,-0.4098,-5.3262,-0.2754,-5.9155,4.2022,6.2044,-6.3254,-4.813,2.8948,-4.1551,-4.8665,-0.0223,7.0607,-3.2414,-9.8851,0.3421,3.5069,-2.243,6.7742,-4.2251,3.4898,1.8492,-2.3439,5.9011,9.2187,-3.7969,1.4081,9.7595,5.8177,-4.968,4.2664,-0.2918,5.0237,7.7897
1.0224,-3.3539,2.6719,-0.3594,9.1868,-0.272,0.0696,9.3658,-0.8467,5.219,-8.0793,8.4827,6.4436,3.9427,-8.6527,0.1257,0.8687,-1.9728,3.2878,9.5298,-6.9281,6.8152,-5.0377,-6.7119,8.9211,-2.4113,-5.3972,-5.7259,7.8205,8.3702,-9.7336,5.4453,-6.3194,4.9892,-9.3144,-4.3047,4.9361,7.8385,9.4353,-0.0649,-6.3268,-5.3464,-5.0907,8.9381,9.3179,-7.6232,-5.8875,8.1366,-7.6603,-0.4258,1.0584,-7.3658,-4.4924,-3.6934,4.6143,2.5146,3.1906,2.5736,2.9464,9.8578,-4.5213,2.5746,6.5461,6.9402,-9.0407,-6.8916,-1.6231,2.8447,0.0831,6.0664,-0.2266,0.0831,-0.3149,0.3618,-8.3988,9.148,9.3222,-6.3699,2.8649,-1.09,2.3636,-9.9459,-5.6343,6.3619,-8.9544,3.8162,7.8805,-2.2382,-8.765,1.2134,-0.791,5.0994,-7.3782,9.883,-1.9473,-0.9577,-4.7898,7.6935,-1.2475,8.4184,8.0676,8.7417,4.7951,-5.0507,8.8602,-0.6378,9.6545,-1.9427,3.8662,-1.24,-6.9719,-9.9592,-4.7334,9.3165,-7.535,0.691,-3.4483,-4.3302,-7.7445,-3.9366,-5.4515,-5.6462,8.8883,-6.5395,5.5986,-7.2581,-5.1518,2.3429,-5.8661,4.034,-4.2903,-6.8012,-2.715,9.1466,-4.3675,3.5918,-8.8875,2.056,-1.4024,0.1895,6.7599,-2.5856,-0.2053,-6.6241,-9.8826,-9.0826,-9.2074,-3.4589,-4.8463,4.5195,4.2885,2.2546,9.4592,7.5569,5.5781,5.3317,-2.4266,3.0226,6.0403,5.0069,2.2428,-1.1739,-6.5006,-1.1199,-1.0472,-4.0823,-1.8727,-6.1557,-0.0273,4.9309,-2.0175,6.6858,-6.5571,2.3964,-2.9462,5.4488,-8.2567,1.7535,2.0211,-7.0691,4.7306,7.0385,-6.99,-2.1997,5.8282,-0.3591,7.1831,1.0219,-3.6993,2.4054,4.0165,9.2404,3.2603,-7.0545,5.6261,-1.7521,1.0715,-9.2089,4.6185,2.0736
-3.8542,5.1651,-6.6254,5.5221,-4.1474,7.7949,-5.9191,-6.2823,-3.3463,9.3125,8.0494,-7.9661,-7.5172,-0.7265,9.3293,5.9664,-9.7753,2.5889,-2.9179,-0.6179,9.422,-5.2992,7.7442,0.3567,-1.3478,-4.5065,-8.8676,7.3962,-6.7305,5.7989,-1.224,0.7446,4.8289,7.6061,-2.9157,-7.8727,-3.8823,-9.656,4.3708,2.6952,4.5399,3.2338,-6.1969,-5.5396,-8.3306,7.7322,-8.1058,-8.3888,-6.45,6.8728,3.4193,3.0496,2.2244,6.8029,-5.4663,-6.7125,-9.2298,7.1942,-8.2253,3.5278,8.7616,-9.4107,-0.8378,-7.1985,5.978,1.9415,-2.8121,-5.0044,-8.1991,-9.4281,-2.6791,-0.9886,-9.42,-6.2493,-3.0581,6.7482,2.9814,-9.5815,-4.9672,-8.8732,8.6031,6.8091,8.7563,-1.8034,9.4521,-5.5471,-5.8807,9.3646,-0.6831,-9.2641,3.0489,-4.7983,7.4263,2.0435,-1.1331,5.44,-5.2913,-5.6778,7.2914,8.2607,0.0844,5.0742,-6.4788,-5.0424,-1.0987,-0.4359,7.8407,-3.9354,-6.9089,-7.1797,3.9967,6.4482,3.6751,2.4713,-1.6829,-8.5865,9.4482,7.4166,5.0094,-4.775,-6.6733,3.3699,6.4673,9.6915,-9.3692,-5.7336,8.572,2.2741,6.8684,1.4024,-9.4238,8.7814,6.6996,5.3155,-4.1228,-8.8085,1.6693,4.8949,-2.8503,5.0968,-2.1026,8.6981,2.7996,-8.1521,6.1309,5.2154,-4.8876,-9.2234,1.9089,7.7044,1.7086,-7.4723,-0.8563,8.6527,-1.6905,-8.4237,-9.7868,-5.6595,7.5284,1.6607,6.4409,-0.5919,5.4429,-4.6422,-4.3632,-7.3671,-6.8831,2.4929,-8.1317,-7.9114,-9.7275,-4.0582,3.5153,-0.9295,9.8564,-7.1419,0.2879,6.2439,8.8023,5.6158,-0.6262,-9.7416,8.9573,-6.753,8.3886,2.6242,0.6909,6.1191,-4.8796,-9.456,-3.6262,-2.3433,9.6482,8.5232,3.3101,2.3832,0.1731,5.2254,-2.8847,0.1101
5.6737,4.2694,-8.738,5.1072,-7.7152,7.7186,-2.3416,7.4504,5.2061,3.4682,-7.2366,7.0609,2.696,-1.6055,-9.1224,3.1411,1.0963,-2.9007,5.548,-3.541,9.728,-5.3623,4.207,-8.5629,-3.4315,-0.021,2.1985,4.1274,5.1523,6.0304,-3.94,-5.6984,3.7008,7.0068,4.0781,-1.2791,2.4546,8.4014,-3.6102,7.106,-1.3995,-9.1901,5.6717,-5.9403,9.6537,-4.9469,-2.0869,-7.4968,1.7681,-4.4986,9.2171,-5.3991,0.7673,-7.9843,-4.1809,5.6165,-9.1789,0.8126,-0.7422,7.4399,-1.361,-8.537,-9.3233,0.0866,-4.7211,-4.3908,2.8628,-9.6531,4.6515,3.9036,5.2892,-0.3903,6.8838,-3.9375,-3.2535,-8.0307,9.0625,8.1216,-4.6396,-3.312,5.7819,8.3929,2.9699,-3.4864,-6.2377,-6.0617,-2.2346,-8.585,5.1817,-1.1664,3.8972,-1.3546,-2.9312,6.7053,-2.3059,3.6845,-5.6944,2.8196,-7.247,3.5808,-8.1653,-2.5063,5.4696,3.3152,-8.6453,-6.2946,9.2085,-4.2916,6.6686,-8.4326,-8.7417,1.3581,9.5274,1.2616,-1.0132,-5.3866,-1.889,6.1474,5.331,9.3711,-3.6674,7.5538,3.4311,-7.6219,6.5718,0.2304,3.3781,8.6822,-8.8115,-9.3869,9.4115,-9.2423,7.8372,-4.0249,6.5775,9.6721,0.6828,4.3409,-5.9057,-0.7242,0.1705,4.6634,6.8598,-1.4651,0.1709,1.1785,7.3387,1.9755,-4.3361,-9.7862,5.935,0.149,-4.9736,-5.3867,4.182,3.2284,5.9659,-2.8745,-2.3554,9.3547,1.5408,3.532,6.1759,-4.3382,-2.5569,-5.6641,5.4037,8.3059,-3.5613,-7.6982,-6.3569,4.2224,-1.7548,0.6473,2.7377,-6.8412,0.9461,-6.0512,-2.4863,4.8458,-6.9815,-8.1737,-1.9769,-4.2421,-6.2316,-4.4116,-2.1106,3.0351,-8.186,7.8483,-2.128,6.9567,4.519,-4.1082,8.7309,0.9521,5.6157,-3.8414,4.0329,4.9057
6.7031,-4.6599,-8.5225,6.3548,-7.3886,-4.6027,1.4199,7.6422,6.739,8.8887,0.0281,-5.0023,-2.9359,6.0778,-7.9584,-5.7256,4.1158,5.3546,4.1506,-6.4545,-2.22,6.6921,1.601,2.696,-5.6904,1.102,5.6966,-7.6653,3.1893,1.8746,-0.4699,3.3857,-5.7327,-3.6965,-4.7498,6.4288,1.1194,8.7445,-8.4823,-9.7642,-9.2648,5.9689,9.0301,6.3653,-9.1341,7.6544,2.8174,-7.6201,-2.3231,7.2141,5.4743,-2.8482,-9.5667,6.1002,-8.1261,1.6467,5.3921,-4.6596,-1.5406,-8.0763,2.4568,1.0515,1.0358,-5.0147,-0.0464,5.8791,3.043,-9.4344,2.7342,3.9201,-1.1713,-3.9694,-2.7858,3.1306,2.1129,-1.2886,-1.0435,2.4917,-1.2118,-8.3179,-8.805,-5.4446,1.3446,3.1363,1.4233,5.0195,-5.2215,-3.8413,6.7746,9.1108,-5.1676,7.0786,5.3649,6.1285,4.8381,-6.3143,-6.3969,-5.3675,-9.3852,5.8436,-2.3831,9.8402,-1.4212,9.4157,-9.8217,-4.7194,-8.6012,8.8586,3.3313,-1.2491,7.2847,6.8498,8.2509,-5.0636,-9.3495,-0.3227,2.4887,8.4027,-0.5936,-2.1359,-7.2524,-0.4821,3.7175,8.6473,-6.095,-9.1238,-0.7264,6.271,9.4912,-2.8657,4.0636,-2.6618,-8.3291,0.0146,9.2144,-6.5167,-0.9312,7.9766,-2.5074,1.0574,5.9295,-3.7773,8.5826,0.61,-3.7095,3.0087,-8.4112,2.1586,-8.22,7.3391,1.3199,-5.4107,5.822,0.0447,-7.0813,6.1351,-7.5651,6.2633,0.9965,1.8568,-3.0503,-1.4822,-8.388,2.7161,-9.7037,1.0498,-9.5425,4.7327,-5.4221,5.6044,1.4,3.8088,2.535,-0.3756,-5.4429,3.672,9.5388,2.5985,-2.331,1.9317,0.9252,-4.4222,-6.8276,2.0486,-2.4729,4.845,-8.8057,-6.1793,-6.8995,-4.2675,-5.461,2.8148,-2.745,-2.1039,2.738,-9.4265,9.0673,-4.3309,-6.6284,1.4987
1.3091,-0.4383,7.5505,1.1184,-0.218,-7.8258,3.347,3.1415,0.3347,1.4758,-2.912,7.3571,-3.1346,-4.2356,1.696,4.7855,-1.6503,8.7778,9.8039,2.5989,0.9696,-1.0323,-4.0423,-1.5791,0.3343,6.7099,9.3916,-0.4348,8.9234,0.427,5.3644,1.3854,-6.1768,-4.9869,6.5901,-0.8703,-0.3623,8.2514,-4.7364,0.3148,7.8181,-5.323,-3.7317,-1.8363,0.8807,-0.2707,-5.0033,-6.3266,2.7803,-5.3799,1.4901,5.709,-7.5147,1.3682,-0.7791,4.8011,0.2452,4.993,0.7736,9.3507,5.2467,2.1121,-5.6121,4.771,-3.7075,4.7537,5.0921,-9.0843,9.0169,-6.2591,-2.5917,9.9221,-6.9355,-9.6281,-7.9739,-8.413,4.2126,9.7936,-9.1992,1.1974,-1.689,5.2821,5.7049,-4.7955,-8.0561,-4.4207,-1.2003,-5.2984,-0.8344,-2.985,6.3328,0.5192,7.0033,4.5105,3.2299,9.9957,7.6234,-9.1769,7.3149,3.9312,9.5917,-3.3605,4.0632,8.4058,1.6655,1.0718,9.9709,-2.4242,-1.8561,0.5452,6.4235,8.9035,-2.1729,5.6598,-5.8421,9.7979,5.0622,-0.387,8.2081,-2.597,0.7754,-9.6321,9.6554,7.5066,7.3951,1.5065,4.4689,-1.1631,2.6799,-7.7126,-6.4781,-4.7467,-4.5375,-3.7622,-4.7276,7.2052,-4.999,-3.7709,-7.394,-8.6372,7.3675,-8.0349,0.4867,7.0774,1.7473,-5.781,6.6713,0.2586,4.245,-7.5044,-5.6009,8.5135,-9.416,6.4542,-5.735,-9.5989,-4.539,8.0415,2.7381,6.3959,2.2541,-2.2208,7.2643,-6.4248,-0.9244,9.9993,-0.9603,-6.5706,7.3644,8.7423,0.9466,-3.84,-5.0806,-4.335,-3.2656,5.4084,8.3604,-8.757,1.0321,1.5227,-6.7656,-6.3988,2.3753,-4.3722,-5.0534,2.1404,-6.2842,1.2673,-7.1294,1.6434,0.8621,9.9186,4.665,-8.4653,-6.1364,9.8229,0.2789,3.0399,-7.281,6.433
2.9636,-4.6725,-8.6014,-8.985,9.4207,-7.7459,-9.1893,7.6888,-9.1543,-2.6752,5.1057,-3.9859,-0.953,-2.1226,-8.8637,-2.2215,2.7389,-5.043,-8.2679,8.3125,-3.6226,4.2665,-2.9609,5.7628,-8.3505,-0.5868,9.21,7.183,-3.2566,-6.6203,-3.7199,-1.5977,-9.5787,5.818,1.3169,-3.9086,-9.0283,-6.9493,6.2386,-4.138,-6.6688,6.9884,-2.5238,1.4831,5.6783,1.7397,8.4187,9.741,9.8279,4.5137,7.9657,3.2585,8.6973,-1.2147,-9.4218,6.7704,-3.7499,2.1752,6.6802,4.2612,5.0569,-0.3096,-3.0428,-0.7797,-2.614,4.909,-6.095,3.8552,5.6214,-5.3254,-9.703,-8.9338,6.0067,-0.7448,-8.1263,6.5387,2.627,2.2721,-4.0654,-8.4036,0.3514,5.0776,8.4445,1.852,-6.1363,-6.6586,-0.016,2.2077,6.1273,-0.5372,-6.9399,-0.198,-0.797,5.9405,8.845,4.4501,-5.6303,3.9555,-7.2959,2.0512,-0.9571,-0.3966,-9.1244,8.8689,6.7579,-4.5686,8.3584,8.9924,-9.9245,5.5518,8.2302,-2.6859,5.1072,-7.7648,6.8347,-9.8779,-7.6586,-6.7884,-0.2405,-5.2452,0.3922,2.0965,9.925,-3.5791,-6.1465,-5.1895,-3.0622,-8.4688,2.6688,-1.6458,-4.9305,2.913,-5.6795,-5.3709,-8.9797,-8.5157,2.4305,5.3809,9.3845,-1.5469,0.8501,-3.5464,9.5914,-2.9959,4.7548,4.8344,0.1175,0.4444,3.3985,8.9008,5.2435,3.5866,2.4151,-4.3261,-0.6405,-0.1161,-3.1217,-8.515,-7.8556,-4.3864,9.2891,-8.7084,-7.2704,8.1315,-7.4565,-5.301,-4.6329,-6.5052,0.9281,-1.9284,6.1707,1.749,7.4883,-8.0324,2.1927,-7.7768,-4.7533,-0.921,6.7963,-0.6901,2.1812,5.1819,7.4796,-0.9691,4.7862,8.9077,-1.3024,0.4634,6.8726,-6.4563,-5.9269,2.611,0.1784,-5.6149,6.9698,-1.4225,-8.6765,8.101,5.0767,4.71
6.6473,-3.817,7.7215,-4.8135,2.0476,-0.684,7.3518,-8.008,-0.292,3.246,9.0071,-9.5137,-3.6354,3.9376,-8.5708,4.2227,-7.7504,1.1672,2.2991,-1.0125,-1.7805,2.9121,-3.7774,0.6876,-3.6466,6.2208,-4.2604,-5.0098,8.874,2.5173,-2.4357,6.3579,4.3275,8.0194,-6.3764,7.4866,-1.03,-9.2278,-2.2573,-0.5511,-3.7606,-9.2233,-0.9224,-6.1207,-7.6555,1.029,0.7682,-8.6137,6.7437,7.6241,-8.4064,-5.7162,-9.9654,8.4852,9.0637,-2.0199,-3.6866,8.5273,-1.3931,-5.2793,7.5799,-8.3702,-8.8108,1.4718,-4.6401,-4.0466,-4.6293,-1.669,-6.8923,-9.2538,4.3816,-1.0642,8.2616,-3.8502,1.725,-2.4693,8.4125,1.9985,8.2142,-8.7183,-0.5225,-6.9483,-3.4297,1.0748,-5.6307,-1.9659,-7.0269,-2.9888,-5.6897,8.2726,-6.4125,-1.4093,5.5517,-0.3319,-7.4257,0.2557,-4.4466,3.6157,4.2611,4.9966,8.6,3.6087,2.6201,4.88,-5.5957,-5.8305,1.5926,8.248,-9.1253,8.9729,-1.9668,-3.5171,-0.8983,2.1656,-9.2295,-5.8625,9.9329,3.2873,-5.7129,-6.0921,-3.9576,0.4262,6.9829,-7.1711,5.2788,4.8215,0.5384,-7.4134,-7.6749,-9.8687,-8.6391,-9.242,-7.1485,7.3639,2.7816,8.6384,1.7615,2.4686,-1.2876,-4.9056,7.1674,2.4594,-7.9557,5.3718,-6.9733,-7.2445,5.9642,-3.9511,-9.1115,1.7594,-4.7436,8.7133,-8.6706,-7.5757,2.289,5.3803,-2.383,7.0351,-4.731,-3.4327,-8.2649,3.4651,7.6373,5.1776,-9.717,-8.1575,-8.8651,7.3131,5.7627,9.7535,8.9442,-6.0982,-3.8991,-9.8601,-6.0121,-7.5239,-6.602,9.3469,6.1616,0.2749,-5.6012,-3.0036,2.3822,-8.0694,3.8587,7.87,8.921,-1.5641,7.9332,-8.2664,7.0664,3.0658,5.0031,-3.9025,1.7842,-0.1149,-7.2641,-6.681,3.8943,-6.4507
-4.8054,-8.1723,-5.9596,-1.7899,5.5091,1.5972,8.0926,-4.6837,-5.0796,-8.8946,7.4487,-8.5381,2.6334,-0.8832,4.6498,4.7569,-2.5941,7.5616,-9.3645,-4.7209,-8.2905,4.4427,5.8025,0.837,9.1426,8.0605,1.0966,5.2588,-1.0557,-6.2926,-5.4595,5.0764,-8.2674,-5.08,8.5315,3.6962,1.2172,-9.8366,-6.4827,2.6491,-5.8614,5.7512,5.8736,-1.4173,5.7329,-6.3215,7.1404,-3.6621,-7.753,-1.0705,-4.3179,4.6022,3.1526,5.5489,4.3634,5.8182,5.0249,7.393,-6.4135,-5.8485,9.1858,-4.6324,-5.88,1.806,7.5667,1.7291,1.7967,-6.9592,7.5618,-6.2204,0.0506,-3.6285,-2.1348,3.8384,-9.2262,2.0078,5.696,8.371,2.2509,0.5019,-8.2086,-0.1925,4.9339,9.8241,-6.8086,-7.5954,-3.5764,0.3181,5.2631,1.031,-0.6869,-4.9781,-1.1341,-0.1002,9.3223,9.4233,-1.5613,-4.9128,6.4197,7.3252,6.4083,-8.667,9.4963,-5.8557,4.3686,3.7567,-8.2607,9.5749,-0.3544,5.4387,6.7173,-2.3767,4.805,-2.0895,-1.3621,-2.4738,-7.0761,-9.3587,-6.2298,-6.6682,2.3285,-5.0114,-7.3061,-9.407,0.1782,-2.3906,1.3155,-3.6032,-3.0405,7.6135,-9.9773,8.5325,8.2388,-7.7031,4.3939,-2.694,8.0027,4.3909,-0.8777,2.8039,8.5194,-0.4387,-4.4092,-6.1329,9.7941,4.5041,7.7566,-0.4478,-4.509,-0.8407,-0.603,2.8853,4.0979,-8.0732,6.6461,-0.5266,-4.5805,-7.9102,1.3976,9.4329,-9.9004,8.1777,-6.0649,-1.3676,2.884,-6.9053,6.329,5.7096,7.3979,-7.3144,7.0781,4.0277,-6.4202,-1.9129,-9.9462,5.2165,2.5693,-8.1417,-3.8517,-0.7801,-4.5325,6.1096,0.8602,1.9676,4.7015,3.9118,-7.5033,1.3859,6.2056,0.2164,3.5822,-0.2462,-1.0816,0.2966,1.0495,-4.7884,0.9148,-8.8233,-7.5921,3.466
-5.2409,5.5445,9.9485,-5.8152,3.8006,-7.9787,-2.4398,7.2111,0.808,4.0611,-8.5356,-1.3924,9.5293,7.9232,9.427,-7.8216,0.3851,3.1279,-1.052,9.6627,5.6527,-1.301,-9.6655,3.162,-6.1008,0.6591,4.9965,-8.6609,5.5105,9.5454,-9.4157,0.7281,5.7324,4.2325,-5.6924,-0.7866,-9.0153,-6.0475,-5.8427,5.7747,6.1969,-4.4428,4.6341,-2.3023,-0.0955,-3.1842,-6.4667,8.6026,3.2863,-0.509,6.9965,2.9186,-4.7978,1.2801,-5.0156,9.1115,2.9435,7.4313,8.1721,0.7016,1.5006,8.0878,-4.6051,-6.7091,-4.4202,7.2427,6.8037,-6.0526,8.8283,-3.1207,-5.5849,-6.668,1.7816,5.9163,-8.2237,-0.2936,4.1451,-6.4091,2.3485,9.6346,-4.9513,-9.0918,-1.0862,-5.3336,-2.8768,-8.0726,-5.9666,1.2599,4.6665,-6.5255,9.5098,-4.2853,5.6649,2.7253,-8.4354,3.0393,-1.0774,-5.1233,7.6005,2.7478,-0.7901,1.4222,-4.9056,-0.8113,8.8014,7.1126,-9.7224,-4.8839,7.7151,0.0723,9.4361,-9.5873,3.7096,3.1183,7.3335,-2.6072,6.3317,4.7955,-9.4538,2.0165,-5.5256,-7.4447,9.3727,3.1045,-7.1608,-7.5514,5.2594,6.9161,-5.3709,-5.5573,7.3966,2.4945,-5.9783,-8.3312,-8.4571,-8.6187,-2.4463,0.1761,-2.383,-6.6663,0.39,7.1747,-2.9263,3.3208,-3.5122,-8.6449,-2.9156,-6.3254,-6.0464,8.9947,-0.6602,7.2898,7.614,9.4003,-2.4437,-9.3664,-2.6633,5.1218,3.0449,7.4582,2.6741,-7.1723,-9.3279,3.7201,0.0852,2.8054,-5.0364,8.5046,-6.9873,-5.0823,-7.9064,6.7737,-1.3722,-9.6787,-4.6198,5.5324,5.8741,-2.2591,9.7731,-1.9355,-0.3938,-0.9314,-1.5805,-3.3897,-7.136,4.8602,9.8857,-9.3946,0.538,-5.7755,1.8219,-8.396,-2.5174,8.7342,-9.7254,1.4314,8.0217,-5.2428,-2.6339,-7.5201
-0.2798,9.028,-5.8089,7.1949,9.7427,-5.3631,-0.6723,-4.2854,8.8286,-8.0931,-6.6803,8.4521,-2.4037,2.5497,-2.6875,0.8297,-4.5806,9.1289,2.1367,5.9881,6.3178,-9.5897,-0.9092,-6.9235,-9.8038,-2.1468,2.8631,8.9577,8.1203,4.446,5.272,-2.1793,6.8471,9.3371,-4.6327,-6.0913,-4.0939,-4.9028,-8.0869,6.0806,-2.3771,-1.8821,3.2114,-3.9693,1.2184,-3.32,-3.651,8.1148,-0.9955,-0.0815,8.3983,-5.6001,-2.5816,-8.7699,-1.009,1.5878,-6.8229,4.6769,-1.5744,-2.8784,-5.7825,3.7826,8.4958,6.7155,9.4103,3.8492,-4.732,3.599,-0.1243,-0.4471,-7.4356,-7.49,7.4851,-0.2964,5.0409,-7.9344,-4.7953,-4.9787,2.6914,-8.8449,9.544,-9.4261,8.9941,-8.5252,-5.8226,7.2528,-5.5035,-6.713,0.8548,5.6875,-1.5674,-4.7486,4.9906,9.5075,-2.2652,-8.7521,-7.0816,-2.8963,9.9931,9.2885,-6.412,-1.5839,5.6195,-4.7622,-5.4163,9.9367,-2.1473,-4.5952,8.9089,-1.7186,-2.5883,-8.9769,-5.6325,-9.4828,1.7357,0.5968,-1.6974,-3.0747,-0.4249,2.5533,6.4602,1.4841,3.8514,6.3644,-0.663,7.9718,-9.1247,4.6779,2.7481,1.4222,7.893,-8.0429,-9.9839,-7.945,9.3897,3.577,9.0548,2.3502,-3.8545,-3.1875,-9.6044,-3.8661,-4.1989,-4.4814,-6.0615,-3.4724,-8.1357,1.3522,-7.8664,0.2841,-5.3262,-4.3338,-3.651,-1.5645,-6.4394,4.7117,8.3743,-3.4311,-4.0408,0.8286,6.5648,-9.7646,0.3969,-3.0262,0.1195,-6.0862,-9.6565,-3.8408,-5.0433,8.928,6.2048,-0.2934,-0.1307,9.4429,-8.4173,1.0432,-8.1757,-9.4666,1.0701,-3.2364,-0.7936,-9.9209,-5.9469,-9.9852,-4.6528,-9.9398,4.24,-2.4309,7.1993,-4.342,-0.2853,-7.3757,-6.566,-9.5853,-7.9451,3.0745,-4.76,-2.3565,-1.7212,5.7888
-2.0822,3.5768,3.4328,6.4773,2.8509,9.423,-6.6488,1.5667,-9.5494,-9.7353,-3.9563,-2.7615,-9.0587,-1.6104,-2.9886,4.9948,4.4099,3.6922,7.9361,3.7525,-3.0366,-5.9198,-7.0015,-2.6617,-7.1609,-3.1624,1.6619,-5.7421,-1.8082,-7.3569,-7.7177,8.5839,1.2723,-6.2538,-9.4114,4.7371,0.4833,1.0959,-7.0268,3.3281,-3.3134,-0.2937,-8.0031,-8.1288,0.2611,-4.7406,-1.8516,7.6725,2.456,-0.0091,0.4066,-8.3736,1.6489,9.3398,9.6466,-2.7464,9.3,-6.8287,-1.0893,4.8696,-6.7379,-0.9051,9.8797,-8.6683,6.7253,-7.633,3.0904,-2.2609,9.1471,6.5365,-8.1099,8.7371,8.6753,-0.4594,8.8061,6.4193,-3.0809,0.6614,1.9306,-7.7768,-0.009,3.2443,8.8113,-4.3581,2.124,1.4979,-9.9358,-0.5884,4.4474,0.8072,3.7804,6.1197,-6.9799,9.9031,9.952,1.9023,6.2856,-5.2639,-1.2345,-9.5041,-8.0926,1.456,-8.4259,-9.5416,-8.1259,-3.778,-4.5105,-7.7572,-5.2274,-0.2259,3.5165,-4.3488,-0.8131,-0.8844,-7.0935,7.4742,0.2507,4.3086,-1.715,3.0003,-1.0248,4.7651,1.298,-1.1712,8.9443,-3.2947,-1.7745,0.378,-0.3364,-5.0207,-5.1609,4.0283,-8.5433,2.099,6.5275,4.1768,-0.8825,0.1801,1.5097,-0.3985,6.9023,-0.4881,2.7393,-3.4905,-0.7933,-4.7985,-9.6051,-4.0076,4.4133,8.1945,-5.5584,-1.2577,2.1657,5.5263,2.7561,4.8281,0.7376,-1.3197,2.5793,0.7,-4.1007,-5.4826,-4.3104,-4.3301,-8.7712,-4.4212,0.736,-7.0725,-2.4003,0.3341,-3.6649,-4.8591,2.3447,1.6681,-1.7404,-7.9543,-0.2822,9.0902,-9.2919,-5.289,6.753,-3.5949,9.3857,-9.9353,3.4971,6.5717,-2.6956,3.4826,3.0582,-0.9231,-5.4954,-5.7542,-8.4274,-1.233,2.4472,4.25,-6.4502,5.6367,-0.984,2.324
-8.8488,-9.4504,-5.9951,5.4609,-5.6676,-1.659,3.9663,-4.9206,-8.7488,3.3042,-0.7159,8.5489,5.8985,-2.3487,-3.0177,-6.7444,-0.7807,0.4543,-0.1583,6.3447,-5.5683,7.194,-6.7483,8.1617,7.2935,-5.4182,8.2716,-8.8929,-4.1433,-2.6441,1.1931,-2.7987,-9.4851,-6.9025,-3.8372,1.8728,-5.1646,8.0153,2.4344,3.9351,-9.6222,4.5245,-2.5629,9.735,-1.0281,6.148,6.7339,1.278,-6.9884,9.385,1.026,-8.281,9.9135,2.1765,-5.8023,-2.0695,-6.234,2.7231,-8.3801,-5.5225,0.3057,-8.0699,0.6494,6.5758,-4.5949,-9.2173,-2.3232,-2.3013,-2.1762,7.6029,2.0095,-5.4635,-8.8311,5.2867,-0.9114,-8.4936,-3.0776,7.6966,9.4674,-3.4177,5.9144,-8.4785,-8.5532,5.8682,-7.2322,-9.1481,-9.9015,8.5612,2.805,-8.9449,-7.1991,-6.6864,8.0368,8.3798,-1.6714,9.6663,-3.9377,0.0112,3.6419,7.3319,-9.4126,4.1769,-6.0106,6.7252,-7.8363,-6.0791,-9.3667,4.3299,-3.5923,-9.8534,-5.4518,3.68,-8.1866,-2.8665,-2.8802,-2.645,-8.093,-7.3461,-2.9849,-1.3857,-2.6441,0.9471,-1.7051,-3.1244,1.883,-4.8376,-2.7744,6.3096,3.5934,1.0478,9.5244,-3.9564,0.8789,-0.3291,-8.8072,-1.495,4.1585,1.2949,3.797,-5.8851,-2.2169,-7.4724,3.2515,7.0889,-6.7269,-9.0702,-6.5467,7.0574,7.4234,5.9134,5.5009,6.5893,-3.2063,-7.0743,-1.1917,-6.2404,6.9647,-2.5369,-8.7599,4.0048,5.8657,4.3534,-6.6442,9.5137,-8.8987,8.3393,-9.3315,-3.2034,6.6018,-1.2923,-0.8938,-7.9625,-8.3793,-7.0986,-4.2227,5.0608,-2.3789,-8.4368,3.6393,5.0513,0.3622,-8.3692,5.5786,-1.1429,2.7847,5.0961,-3.3974,0.5409,0.9601,0.0719,2.4174,-3.2689,3.0968,1.6656,0.1172,-8.8829,-2.7423,-9.3927,8.7671,9.7151
0.7526,9.3059,1.7782,5.7657,4.8868,-0.6649,5.6244,-2.3587,-2.3565,4.9363,-5.3626,9.438,-2.5598,5.4423,2.5776,1.3895,5.4415,1.4191,-6.2806,5.9059,-5.6127,-6.6321,-9.7282,-7.597,3.9045,-6.4515,-2.755,-8.95,0.4051,6.9076,2.958,-9.2282,-2.1112,0.9225,0.5994,-0.1884,8.1617,4.7786,-5.6276,2.9085,2.3838,-7.6606,1.5608,2.1334,-1.0253,-1.4217,1.8436,2.8445,-2.3587,8.4815,3.0786,7.5607,6.164,6.6705,2.3797,2.6924,-9.0152,5.537,3.5263,-9.4975,-6.0256,9.6143,3.6681,-2.3013,-0.1669,4.0256,-4.2312,-3.3455,6.5826,-4.6002,9.3902,6.7382,9.2568,-9.6301,9.8228,-3.9568,7.5585,8.4238,-7.2567,8.8241,1.9361,2.3356,-5.9556,-0.9772,5.009,6.7004,-3.5738,5.8159,-7.8386,1.6144,4.7443,0.1709,-4.9261,0.087,-6.7178,-5.726,1.8327,-6.4155,6.9486,-3.0411,-8.8634,8.3241,8.5921,3.9596,5.6333,-5.7073,2.3356,1.1834,-4.3571,-8.8873,-6.8536,-8.2283,-6.2211,-0.8249,4.6138,-8.7995,-5.4871,0.8152,4.9087,-3.3056,-6.5161,-4.3761,2.9221,0.7894,8.8848,-9.3787,9.5022,-4.2476,9.9635,-5.415,6.0731,-8.6679,9.6647,-8.1251,-3.9761,-5.6909,5.992,-0.6398,-4.0333,7.7727,-2.0474,3.8859,-9.4564,1.0133,-0.0641,8.0774,7.5436,2.6123,-3.4963,3.1302,-4.3224,-1.7866,-3.84,7.2275,8.3373,-8.3738,-0.6303,-2.1151,8.765,2.3765,-3.4121,-7.8934,0.2615,-8.0043,2.6413,-4.2768,-6.2008,8.6758,-1.4933,9.6696,-8.2028,-0.0722,-7.338,7.6252,0.9007,-1.4474,-3.7517,9.1455,-4.9284,-4.564,7.8021,1.3885,-3.6318,2.9358,9.2223,9.4763,-8.0042,-1.0031,0.8155,-3.9498,7.8813,-7.7895,-3.7025,-4.9857,5.0,1.3448,2.9902,9.2816,-5.498,5.238
4.0616,-6.4938,8.5598,4.9643,6.3984,5.0425,-7.3994,-9.7415,5.3857,6.1889,4.2667,-6.5047,-3.9926,9.1473,5.8154,9.4811,-7.3087,-2.8374,-0.3346,0.4797,-9.7936,3.8004,-5.4595,-4.0791,-1.9478,6.6765,0.1068,8.5157,7.5747,-3.7232,-0.4426,-6.4091,7.7785,5.4101,-2.8701,9.5586,-8.9522,-6.9008,8.8726,6.159,-3.3571,-3.3502,-8.6862,1.925,6.5682,-4.4863,-4.0969,4.3006,1.5976,9.2409,1.1635,-3.791,6.018,-2.1522,-6.5233,5.4723,8.1663,-4.6402,-0.4365,-7.9001,-0.1149,1.0897,-8.2656,-2.739,7.2467,5.129,5.2781,1.0757,-1.6736,8.4033,9.9558,4.811,-2.9682,7.5043,-2.2162,2.7902,-1.845,7.168,-0.288,-8.8939,8.9898,7.2521,-3.3957,9.5722,0.3506,4.5305,-0.4101,6.7677,-5.1804,2.8329,-8.1045,9.1684,-0.97,6.7876,-5.0817,7.1051,-0.2699,8.597,-8.0991,-8.8821,2.0642,-2.4127,-6.66,-6.8295,-8.9272,-2.4116,-2.0666,0.3824,1.99,-7.8959,7.5239,1.4181,-6.7259,-3.1509,9.1307,8.8788,0.8736,-9.8116,9.4588,-8.0034,4.4249,2.8301,6.8422,4.1706,9.8363,-9.2437,4.4575,9.9444,-3.5795,3.7365,-0.8453,-3.9225,1.658,-7.9761,4.0562,3.6209,9.1716,-3.0941,-6.2059,5.1278,-3.3024,-9.5294,-0.2068,5.934,8.8484,-8.0006,0.3503,3.2944,-7.0519,-3.3941,7.1204,3.02,7.6032,-9.9901,8.0762,-8.1817,-9.2222,-3.4282,-6.9477,5.2039,2.1432,-1.0049,-8.1693,6.7799,5.6438,-8.7337,-6.9312,-1.5368,-2.7922,4.4617,-1.8795,5.5925,7.6561,-2.3874,-8.9201,-2.1672,-8.8639,-0.0068,-2.9843,2.5027,-7.4149,-3.6446,3.6041,9.9752,9.2633,-9.6783,-1.9706,5.9872,2.5924,-2.2312,-9.1213,3.3575,6.1466,-4.3243,-9.7785,7.9342,-3.6835,9.9022,6.4753,-0.6211
5.7828,-8.6563,-1.13,9.5554,5.0269,-4.8585,-3.0169,2.2156,-0.3224,7.9369,-7.2222,-1.3089,8.9529,-4.9625,0.2408,6.2832,-7.641,6.2155,6.101,8.1248,0.5269,-0.5381,7.5434,-5.8298,4.6344,8.6805,-7.3547,9.1295,-5.6492,-1.092,-0.7025,-8.2457,8.1108,3.6093,-2.6055,7.4027,5.4436,1.5367,-6.182,7.1326,4.8392,9.3572,-6.1636,1.9294,-2.9939,3.0851,-9.6028,2.1034,1.2845,8.7605,-5.9336,5.0673,5.6425,4.6329,-2.1183,-2.2542,8.266,-5.4888,-6.2036,9.1339,4.5096,8.9877,-0.8284,0.9548,-0.7862,-3.1281,1.6881,5.7187,0.8175,-1.6886,-3.0585,-3.6487,-6.7261,-5.4942,5.4457,-7.1171,-4.6509,-6.2704,3.8806,1.9409,5.8227,1.913,-5.1614,-0.6589,5.0439,4.724,6.6851,7.0002,1.6622,-9.0046,9.7511,5.0204,-4.5386,2.137,7.9919,4.5269,-8.5307,-2.1507,3.7648,-7.0686,4.9282,-3.1786,-8.139,-9.5698,7.2802,6.8555,-8.3866,-3.0591,3.7794,7.8622,-1.6415,-8.7934,5.6033,1.5517,0.3105,-6.9179,-7.8688,0.4492,-7.1275,1.801,-9.9746,-7.5709,-0.4491,3.8775,0.8097,-7.0205,3.4258,-9.0327,-0.5747,-2.1137,6.8283,-3.2989,-9.8891,-5.7953,-7.9392,-2.2148,1.0491,1.1326,-2.1881,-4.555,-5.0755,4.616,-6.0601,-8.0453,-7.2065,-5.5432,-3.9286,-7.6918,-6.6917,-1.1199,-3.7498,-2.6147,3.943,6.6889,-0.4043,-9.9675,9.3418,-7.7044,1.1295,8.0216,4.8853,2.305,-6.7187,-5.0351,4.3098,-4.2266,-4.6948,5.0191,9.7128,-7.8465,-2.2831,4.8784,-8.486,-6.2155,-6.1028,-6.7073,-9.9493,1.5176,5.3683,-0.085,-1.2967,5.085,7.44,7.964,-8.5658,-1.7975,-5.6594,-7.443,6.5983,-8.0298,-1.2978,9.776,4.6336,-9.9614,-8.5805,-6.4957,1.3805,-3.8672,-3.1006,-7.8039
-0.7656,5.8943,1.5033,-3.3644,-1.7553,5.1756,2.1127,-1.3503,-6.0799,-8.5526,-3.2272,2.3798,-5.569,-3.2017,3.931,-0.6581,-7.9759,4.7919,3.3423,-8.297,-8.7453,3.0256,6.069,9.5326,7.2654,7.6206,-3.0804,9.4024,8.9197,8.3225,4.8707,-8.3176,5.0649,0.2426,-7.9258,8.2173,-9.3916,7.3471,1.1676,9.3458,-9.1779,2.4119,-6.3665,8.2757,-4.0798,-9.3003,6.6758,-7.9365,-1.0861,-4.9301,-4.1312,-9.5974,2.9855,2.2314,1.8222,-5.231,6.7843,-0.0966,8.1448,1.1335,6.0696,4.0503,9.8139,1.9038,-5.9986,-1.6022,5.1962,1.3195,-6.7464,-6.9435,-7.3681,1.1776,-7.9504,1.8581,3.8611,1.552,-0.1645,3.6532,9.5467,-5.4524,-4.5986,-5.1747,2.6419,5.8628,-9.7788,4.9485,-1.1022,4.6602,-9.1006,-6.9566,-5.7969,-2.4065,4.4235,-1.3024,-9.742,-7.0549,-3.0083,-5.9827,-5.3713,0.4938,4.6094,7.2532,6.8404,1.9557,-5.712,2.0953,8.3014,4.9015,-0.7754,-1.2881,3.3067,-9.809,2.13,0.5533,-6.1371,2.962,5.8107,-0.2238,-5.529,4.4,5.8114,1.405,0.4633,5.8322,1.0854,4.3237,-1.6184,1.2418,2.2435,0.7761,0.1539,1.4224,-0.2644,-1.738,-9.8532,-2.8519,-9.7012,2.8475,2.5798,1.5065,-1.3434,4.0791,-6.7144,-2.7179,-0.2582,-6.1209,6.2218,-8.1264,-2.8758,-9.3314,-7.1825,-0.4754,-8.2437,0.6043,3.8108,5.9398,1.4003,8.931,-7.2053,-6.8617,2.5644,-5.3044,-1.4808,-6.9055,4.2897,1.3906,-4.9587,-2.1523,-2.3926,-8.2996,-5.9659,4.4172,4.0185,-4.4366,-2.5932,7.6449,-7.3388,-9.364,-8.6709,-5.3372,1.2265,-7.5035,6.8285,8.4645,-9.4698,-3.2312,8.0629,-1.1906,0.8645,-3.0067,-3.6062,3.4712,-0.7137,0.4557,-4.4965,-0.4737,0.1138,-5.2449,1.735,4.1113
-9.5331,2.1236,-1.8759,-8.922,8.0945,-1.2872,-7.6153,-2.2742,2.8919,9.3522,2.3109,8.2518,4.9966,-4.6516,-5.4482,-4.1789,-3.1283,8.9911,-8.0534,-5.7369,-7.5764,-9.135,7.5409,3.2838,1.7239,3.6658,0.5439,9.846,2.5952,9.1516,-1.7428,9.9013,0.5349,5.0137,-9.676,-3.6536,7.7266,-7.1722,7.4068,6.937,-5.2229,3.7581,-3.1431,0.8789,-7.7703,-1.5925,2.2372,-8.3485,-1.2798,-5.5574,-4.0779,3.1762,4.7124,-8.8041,-4.8571,-5.4861,4.9542,6.7001,-2.455,-5.26,6.6155,-8.1358,-1.5443,-1.3634,-7.7923,-4.3683,-6.2838,-6.2564,9.0405,3.5275,6.3383,7.277,6.5979,-0.3865,-8.1623,-4.1934,-5.6314,-2.1342,-5.8632,1.5215,-9.7784,-4.5066,-2.3048,6.9761,1.0293,-3.2393,-0.5326,5.1347,-7.6383,-0.5952,-9.255,9.9309,-3.623,-5.3003,-7.1387,3.2903,4.6376,3.0516,-5.8273,-2.7517,-3.8913,-3.0118,-2.0607,1.2907,-7.6349,-9.7488,-5.8097,-4.9421,-3.1748,8.319,-5.3839,7.7885,8.2909,-0.9546,2.4853,-3.9256,8.9442,-7.4686,9.9582,9.1827,8.4371,-6.0505,3.8037,0.6298,2.7164,-1.1303,-5.1416,-1.2137,-0.2442,-5.2299,3.993,-2.9678,-4.5216,4.4151,-5.6327,0.3086,9.2621,3.2851,-1.7174,-8.012,4.9276,-2.7382,-4.1649,-9.7484,4.5945,6.5778,9.69,-8.9422,3.2371,-5.3414,-6.8308,-6.4527,-5.806,-4.8126,-7.6037,-6.4306,-1.6624,5.7167,4.2889,-6.8096,-0.8341,8.8554,4.4447,3.5448,-6.9087,1.6866,-7.7429,7.6869,-5.7302,-7.592,-9.1189,7.4933,-0.8132,-8.3316,9.3813,-3.1942,6.126,1.3575,3.5472,7.3729,-9.3731,-2.0552,-2.4675,0.0646,7.0445,4.3869,3.7128,3.7981,-2.1066,5.2347,-2.554,-7.5077,4.2812,8.7466,-2.9558,2.772,4.488,4.7957,-5.3521,-5.0675
1.7124,9.5853,-6.7762,5.0624,7.5194,-4.234,-0.8847,8.7565,-5.8822,8.1092,1.8853,8.6292,-3.9937,1.2834,-3.9577,4.1873,2.8432,8.186,5.6171,4.768,8.2403,8.9714,8.7215,2.7854,-3.4662,4.3736,3.593,-5.562,1.5624,-4.7701,7.0126,-1.7688,-1.4272,-7.2146,-1.0716,-8.3033,1.3834,6.5985,-4.7604,-1.7935,3.9791,-9.1654,-4.3293,-2.2995,-1.552,0.4597,8.8653,-9.2917,-6.6542,6.3827,3.8506,-8.4137,-0.6905,-9.7532,8.167,-4.3152,9.6094,-9.3053,-0.7184,-1.2715,-6.6865,6.5638,-1.7665,-1.1241,0.3145,-3.8501,-7.7153,-8.9651,6.14,2.7636,-5.9246,-4.7551,7.1457,-4.4306,-5.5875,-0.5442,2.1097,-6.2099,-8.7773,-6.0111,8.4173,4.6348,-4.9738,-4.9992,-8.8992,2.8754,-4.0342,7.6695,1.4156,-2.0562,4.5829,-6.4797,6.8455,9.5166,5.946,9.8465,1.2978,-1.9394,6.6218,7.1316,-0.4744,1.988,-1.8022,-7.9844,2.4423,-9.0735,3.728,5.0885,5.1074,7.1442,-3.2219,2.7857,2.0052,2.3515,6.7668,1.6573,-2.3463,-1.0614,2.2897,8.8071,-7.768,-5.7143,7.5489,-6.2743,2.2908,-7.2895,-4.5328,0.4807,9.6916,5.4206,9.8933,-2.2755,8.0214,-7.2796,4.2038,-8.284,2.4922,-0.893,-9.1246,0.2709,-2.8426,-5.1221,-3.6651,-4.8366,8.7455,-1.6655,3.2286,-3.845,-5.6588,5.574,-5.4738,-9.4877,-3.0246,-5.7699,-0.3927,0.9185,6.0461,7.8191,3.8645,-1.6152,-5.2494,-0.2973,-1.2416,-2.344,0.6497,-0.5373,-1.4194,5.812,-6.7299,-0.4194,2.0306,0.0652,3.6181,3.6674,-2.1074,-0.653,-7.7403,1.888,-1.2184,8.714,2.9429,7.8624,-3.7315,-7.4752,-9.5608,-0.8442,-7.4674,5.7907,-3.0005,-3.9246,-1.1341,0.7136,-6.736,1.2116,-3.3591,-1.4105,-1.9391,-5.2892,1.8855,-5.2602
-1.2847,9.0417,9.1689,-3.0578,-3.7941,8.7287,1.2179,-9.3884,0.073,1.6115,-2.974,8.1576,-7.0861,-7.7373,-2.1161,3.5095,-0.2114,8.9042,-9.1539,-4.3253,1.0221,-0.8857,-9.9216,1.3235,-1.5355,3.8612,-8.3645,7.7481,-0.4773,1.994,2.5301,7.1287,-7.711,-9.8953,-3.5322,-2.3471,-7.1598,4.749,-4.3027,-4.1565,2.2045,5.1868,-0.3279,-0.9593,1.8588,7.1698,-2.1118,-1.8932,4.8983,-3.197,-4.06,3.8431,5.0116,-6.0651,9.7402,7.1901,-2.863,-0.222,-2.2761,1.4617,3.6523,4.4296,-4.2103,-3.4295,9.3159,-9.1963,-6.0685,7.3274,-6.8755,-5.8443,9.5424,-3.1954,-8.3387,-4.1143,-4.1148,-5.9663,-5.444,-6.5581,-8.2476,8.7463,0.4336,-5.8012,4.3394,-6.7748,7.4983,0.4459,-3.876,8.4278,5.393,6.203,5.3744,-3.6669,8.0952,7.4958,6.2461,-7.5833,8.766,-1.8267,7.943,0.6908,-8.3272,1.7025,-8.7883,1.22,-5.2983,5.3322,-3.367,-6.0746,4.6999,3.3449,9.6456,0.6659,-3.9086,6.1591,0.4541,2.3737,-6.3615,2.3272,-0.6055,-4.4112,-1.2612,2.2119,9.0489,6.7938,2.6173,-7.7845,0.1503,-5.5589,-2.9052,2.6215,-9.1837,-5.8375,-8.6226,-4.7311,6.7241,6.9655,3.5171,-3.0396,1.0307,-3.3403,-5.0944,9.2556,-2.6865,-6.0088,6.118,-0.1884,-3.5087,4.0593,9.8522,-1.9018,8.1034,-1.3648,3.3294,-6.4734,5.5961,-0.8715,3.8017,2.8484,-8.3732,0.0176,-0.1548,-9.0948,2.3295,4.0503,-5.7549,6.4098,3.7141,3.6579,-2.2771,-7.4785,-4.9362,-8.8976,-3.3593,1.224,-5.8933,-2.4351,7.5646,0.8188,-9.6905,7.375,7.1876,-3.4659,9.0138,9.27,3.5074,-2.0454,-6.9308,6.4325,3.1348,-3.3261,-6.2599,0.0919,-5.1415,-1.4131,-9.162,-7.2472,4.34,-4.2665,4.6662,0.5396
-8.6345,-9.9487,6.997,-2.6705,-5.1597,0.8321,-7.4378,7.4628,-1.4498,-1.2524,-9.9293,8.3908,2.5575,2.8619,0.0199,-4.4851,4.1457,7.3105,3.9266,-0.8132,0.1723,0.5752,3.366,-0.5895,6.7613,3.643,-3.7797,-5.2453,-4.3776,-6.6848,6.2006,0.5072,-6.2888,-7.6224,4.3908,9.2816,9.9008,-7.5631,-0.2331,-6.0191,6.4243,-5.9072,8.7622,5.3233,-7.1596,-2.8868,6.9175,7.5104,-8.7289,-6.8593,2.6085,-7.1992,9.0319,-8.5511,2.0522,-0.676,-8.5721,2.0478,3.9516,-1.673,-7.2157,-3.2572,-1.1709,3.6477,3.0511,-4.397,-9.0836,8.8282,-6.9119,3.43,-9.7263,1.4337,-4.9563,-8.4446,-2.5059,-8.2374,3.2412,-3.6999,8.3048,1.7819,-2.5347,-7.3672,-5.5078,-1.453,6.4756,6.0511,0.9519,3.1146,-6.8653,-4.1624,7.6752,-8.914,-9.5278,-7.0432,6.2475,4.1337,-8.2897,8.8269,0.537,-5.2956,9.3577,-8.0613,8.0477,-9.1911,-3.8669,-7.6678,-8.6059,-9.6822,6.8005,0.1837,-5.7283,8.8153,8.8659,-0.4602,-3.2395,-4.9353,-7.3764,0.449,2.5391,2.3787,-8.5477,0.7372,5.792,-5.6287,9.8578,-7.2971,-9.6485,2.38,9.6171,4.1381,-9.945,1.3157,-7.8785,2.2574,-8.5229,-0.032,-1.3283,4.032,7.3013,-7.8758,5.4865,5.5152,-2.7275,1.159,-1.6213,9.007,8.3708,2.1202,-1.9034,5.8088,6.0483,5.7144,-9.2536,-8.7844,1.971,-4.39,8.8586,5.4222,5.173,-7.7344,8.4131,-2.6724,-2.1414,8.9486,-1.595,-0.9263,7.1401,4.0121,4.3044,5.2594,6.4829,7.3575,-7.5942,3.9961,8.8525,0.6973,1.363,5.7797,2.8782,-1.8583,0.5257,-4.2056,6.0236,-2.6428,7.4306,8.0043,3.711,-4.7706,-5.2371,-6.8402,-8.2256,-0.2653,7.8522,-1.6103,8.2589,7.0329,-3.7453,2.4156,-6.3807,5.1296
-8.0489,-0.4021,-9.2211,1.4998,-5.1497,-8.3707,0.5458,9.8065,-9.2737,5.3437,-5.0352,1.7886,-1.7214,5.7037,2.5446,4.668,1.3355,-8.1138,-2.5281,-9.3008,6.2808,-3.6806,-5.5385,6.0941,-4.3221,6.5646,4.8948,-8.8529,3.6759,-6.8713,2.2708,4.6443,5.3932,-5.0245,-6.4771,0.1502,-0.7019,-3.057,-1.3509,0.271,-9.609,-8.0151,0.7464,-5.3652,9.2771,3.4286,1.3098,0.1093,-7.8516,9.2554,9.0096,-9.771,1.3823,8.9885,-7.0381,8.2791,6.2388,5.8495,9.4546,8.6412,-0.3707,-5.9521,-2.0719,4.506,4.7607,4.4709,0.8059,6.0804,-7.5048,0.5773,-6.8555,2.7186,9.705,-5.8951,5.979,5.0168,-1.6541,5.0064,-1.8422,-3.7347,-3.8898,-7.0898,-1.5096,7.935,9.2183,-4.0659,3.7024,3.1822,-5.6421,-9.9175,3.2154,-9.4494,7.8638,4.2199,-2.8679,-7.785,-1.7885,2.3788,8.8729,-4.4787,-0.2509,5.0916,2.92,-5.2111,2.11,1.5514,-2.1805,2.978,-3.4171,-5.6507,4.6326,-6.4391,-6.4395,3.7117,-9.6335,-8.9162,7.1262,-3.7253,4.2251,-4.2245,7.0748,-2.5163,-3.0602,1.6339,-3.8624,3.681,0.5963,-0.893,1.078,5.7326,8.4148,-9.6237,-7.462,0.3841,2.8863,9.6444,-4.8079,-9.513,3.0745,-7.1977,-3.8574,7.9057,-4.8056,-6.7631,-6.1075,1.5089,-5.2483,7.6219,-8.1297,-3.472,8.4518,8.9007,-9.9365,4.146,-0.883,-8.0517,-9.0107,-6.195,5.646,8.3783,9.5863,9.2438,-8.8322,-2.4152,2.6518,3.5416,8.0636,0.2553,4.6547,5.6922,9.8858,2.7835,7.0842,8.182,-0.1712,0.0817,2.8442,7.3919,4.0754,9.4997,-7.5053,-0.5459,-3.0255,6.428,0.0398,-8.0886,-9.0456,-5.822,-9.3498,-1.5449,7.7296,2.0012,8.7422,8.9322,0.1223,9.5517,-8.983,9.3577,-7.9349,5.6554
9.2523,3.9959,-4.4675,4.7992,3.7748,3.3736,-2.1565,8.1999,0.6388,-2.7943,-3.8127,-8.5016,6.685,-7.3323,6.1024,-2.4203,-5.3192,1.9079,-4.4663,-6.6686,-1.7595,1.6562,-4.2342,-6.7386,9.0997,-0.3078,4.5496,-8.5353,-0.0411,-4.2441,2.2848,2.1986,8.0977,7.4117,-1.1999,-5.1223,2.5047,-2.0237,5.0762,0.0829,2.772,-0.4534,-2.057,1.9705,5.826,8.8124,4.1951,4.0731,-1.5999,-0.6966,4.7407,-4.7026,-1.7595,-4.6723,-3.8024,-6.0755,-7.086,-3.4827,8.1284,-9.728,-6.3121,-1.3495,-6.5734,-5.642,2.2761,2.9539,7.8254,-6.0306,6.7655,3.3839,-9.7651,3.2489,4.8538,7.2811,2.1437,-0.2976,-3.4908,-8.8052,0.8124,4.566,0.733,1.538,-5.8795,3.0981,6.4094,8.7539,7.4951,-2.2979,-1.8921,7.9154,-3.8468,-6.2495,5.0181,1.7771,5.3816,1.5612,3.1256,-3.6673,4.0997,-7.8491,3.2431,-7.8073,-7.3515,-8.4464,2.6028,-4.2828,-9.9721,-5.0276,7.0611,-8.7451,3.6132,6.986,3.0403,-9.807,6.2282,1.1062,3.8836,0.4,-8.5844,-6.3754,-1.7365,-4.7039,7.7815,2.5703,-2.2609,-8.8556,6.1196,-9.4986,-7.2884,-3.8994,-9.3942,9.8207,-4.9883,-3.1679,-6.0415,-9.1556,-8.2138,2.3138,-1.7139,-6.8578,-7.2356,-0.3318,-1.0637,-5.1573,-0.1641,8.5725,-5.1866,2.8537,-0.5089,6.0024,9.7487,-2.5441,-6.0495,1.2856,-0.1982,2.598,6.5678,7.8652,4.1831,9.3567,-6.5525,-9.0554,-4.1263,6.9421,7.6553,9.2189,9.2781,-5.8762,-6.9008,8.0665,-3.7491,-1.0642,-2.9272,-7.6376,-1.9777,-0.2007,-5.8433,1.186,-3.0733,-9.6456,-9.5331,3.4356,0.3028,-8.3125,7.0682,5.9816,-3.6094,-3.6592,5.9419,9.2795,8.2693,-0.432,7.244,-0.5831,1.0789,6.5998,-8.4457,-5.1374,8.7839,5.5245
3.5821,0.4549,-6.0266,2.3374,-4.6958,-4.478,4.3922,-6.4463,-1.2799,-8.2947,-1.5149,1.7761,-4.8883,-5.0079,2.4136,4.0011,-6.7939,2.9402,9.0874,9.764,4.393,-1.8739,-9.6492,3.1985,-3.0775,-6.4634,4.5177,3.5545,7.3561,2.0705,3.5059,-5.0594,-4.9422,0.8099,8.4613,-0.9261,-0.0519,1.6361,3.2132,-5.4124,-9.0714,-6.5724,1.4067,6.1566,-3.2408,-4.499,3.5131,-9.054,-8.373,3.37,9.5908,-2.5475,7.2489,6.9043,4.5045,-7.4471,-4.8273,1.9124,3.5281,-7.922,3.8166,-6.653,5.4102,-9.5553,-4.5298,8.9135,2.6019,7.2871,8.1266,-5.2118,8.3223,0.8385,-2.4487,2.257,7.3629,-4.5001,5.5696,1.2563,-0.9897,-5.1953,8.0858,4.1284,7.1427,-5.8742,7.5407,-4.4246,-8.7548,-6.7097,4.881,0.8584,-7.1217,0.1822,3.9022,-0.3641,-4.1903,-2.1274,-3.8558,6.0914,-9.092,-6.049,8.5359,-5.4275,1.1316,6.2429,-6.9646,5.2113,-9.0179,9.7604,1.6784,-0.9274,3.6267,-6.3518,-1.5922,-7.3329,-3.503,1.9438,-5.1922,7.6356,-4.7278,-8.2255,-0.3079,8.3554,6.7932,-1.9732,0.5027,0.4805,8.0104,-6.1091,6.8647,-0.5682,-6.3964,7.4255,-3.1285,-3.9322,0.5122,-9.1823,-1.7583,3.2136,-7.5557,-4.7738,-2.8455,-1.7758,9.0748,-3.822,5.1993,-1.1798,1.6452,1.0304,-7.4421,4.7078,-9.5244,-4.1935,6.1287,-9.5507,-3.3456,-1.4525,2.7463,4.3702,-0.5126,-0.9787,0.343,-4.4251,3.7588,9.5626,-7.2315,0.3389,-3.917,-9.3351,-8.2383,-6.437,-1.7841,-2.787,6.7444,6.651,-6.8671,-2.9531,-1.092,7.7543,0.9779,-3.5362,-0.0422,0.8031,-8.0314,-4.4245,-6.5398,5.8378,-6.7998,5.5129,-3.9581,7.7915,1.1179,-3.9682,4.8058,-0.0571,-3.8393,-3.1174,-8.0652,2.943,1.0748,-0.5575
-4.4218,-8.1969,2.0661,7.364,6.2482,-3.5658,9.573,8.2517,-0.8805,-0.0803,-3.2969,1.5463,-7.3191,-5.4689,-2.5548,-6.4875,-6.7852,1.7303,8.847,-8.0965,-0.6541,-0.9378,2.9792,-9.5716,-9.6941,3.6696,-4.3835,-7.0951,-8.2716,7.3068,-7.2408,-5.7705,-6.7553,3.9515,-1.6788,4.224,-1.221,-2.098,9.1988,-2.0766,-8.7334,-0.3576,-7.0237,-7.3714,1.0522,3.5466,5.0781,3.0907,2.5613,-7.1675,3.5695,-2.2468,9.3092,-6.0821,5.4301,-0.2144,-4.5474,-5.5899,9.9942,-4.2389,-1.6774,-6.7337,5.9983,-1.5307,-1.7503,7.9225,7.5004,-1.4369,-5.4043,-6.7723,1.7704,-9.5,1.4709,-3.5861,-2.5677,-6.2247,-1.3384,-2.5435,-7.8017,-2.5695,-3.4509,2.3303,1.4648,9.7314,3.5135,-3.2965,-5.7871,0.6707,-5.7339,-5.9876,-4.0437,-1.1416,-0.406,7.9239,8.0362,0.9821,-8.4749,1.3885,0.5939,-5.0977,-6.9259,2.0712,8.7034,-0.7887,9.8033,0.0446,-4.0099,-8.0725,7.9392,1.6724,3.3783,1.3002,-4.2904,-2.5952,5.1738,6.1841,-3.8152,6.8564,9.3144,-8.1017,2.907,-4.5835,-6.8619,4.7065,7.5381,2.089,-7.406,-3.4373,2.4091,-7.1502,6.5921,-7.5445,1.3973,-3.0902,2.464,6.4859,9.955,5.4726,2.2004,-3.5304,-3.7621,4.4666,-7.8118,2.9921,9.4833,2.0614,-2.7558,-7.0181,-3.3734,1.0125,6.6609,4.42,9.1847,6.9537,-3.6586,-1.0277,4.6417,8.6349,-6.0791,6.369,2.6411,-2.1475,9.181,1.3822,-7.6221,-4.5007,4.0959,7.3495,5.3174,-0.5606,9.5641,4.6565,4.3401,-0.0195,-0.9268,-6.3766,0.147,9.2965,-4.8192,-6.8545,-2.413,-3.5424,-2.1204,0.2939,-0.934,7.2446,9.6611,-1.6935,6.3868,-3.6995,-8.8423,4.8164,2.0518,-5.1157,9.7276,-3.6022,1.0494,0.3754,-1.6804,-0.6847
-7.3641,9.7987,-3.7879,9.38,-2.0904,-6.5295,-4.1616,7.8447,0.003,7.6117,-0.7565,-5.5807,3.553,5.571,-2.6745,-1.6028,7.5468,2.452,-7.672,-6.098,7.577,-8.3994,7.2897,-1.9006,-6.7994,-4.7793,7.1464,-2.0333,-1.8238,-8.2983,1.0059,8.1722,4.8988,3.3538,3.5167,-4.3497,9.225,7.7897,4.1212,-3.575,9.2037,-3.8559,-3.8296,-8.5398,2.8871,3.7542,-1.1606,6.9753,5.4147,-7.7948,5.5357,1.0961,-0.5283,-6.9016,3.0733,-0.1298,3.501,-6.1815,-1.29,6.2606,-3.6822,-0.5985,-0.4969,5.2911,5.4963,8.3771,-5.9148,-1.3798,-8.4102,-4.6403,2.8766,5.242,-2.3478,3.5991,0.1876,-1.1803,7.6602,-1.2014,-7.9709,-9.1399,5.9399,6.6272,-4.0337,-9.5457,-6.3331,-4.9645,-5.9925,5.7321,-1.0942,-2.8828,-8.362,-4.0999,-0.9537,4.7468,8.1086,7.6363,1.583,-9.0149,8.6473,-3.814,-2.2265,0.8968,-4.3731,7.5538,2.1782,6.4617,-4.4847,-7.7347,0.432,3.3133,6.9054,8.7984,5.3375,2.4127,1.8251,-9.3325,-2.502,1.952,6.2172,6.1961,-1.0161,-2.0067,-7.766,-3.759,-8.9194,4.4434,-4.9015,7.3711,-5.5272,3.4324,2.5982,4.4047,-3.7901,2.5219,-3.0982,3.3621,-6.501,3.1139,8.2919,2.8325,4.7414,9.4865,7.9696,-2.7663,2.9726,-7.0113,2.4491,4.4564,6.9299,7.551,4.8236,-7.8653,8.0385,-7.6742,-5.7925,-3.2505,5.5742,8.9257,-9.9609,5.9431,-5.7884,-6.7368,-8.5036,-5.6025,8.2817,-4.811,1.1842,-8.8287,6.3288,-0.5991,2.5978,0.0654,-7.1253,9.3321,-2.9698,3.6091,-0.9181,0.8859,5.1229,-8.5351,7.7885,4.3278,-5.6563,-1.5711,4.8303,-1.4332,0.1597,-4.1603,1.9471,6.8777,7.5308,2.3708,9.3884,1.5847,5.14,-7.4543,-5.3013,4.1398,-0.397,5.1522
4.8876,-3.2943,-5.6989,-3.2563,-0.1048,-1.3911,-5.8267,-4.212,6.04,4.938,1.3102,-6.5262,-7.5529,-3.7349,-7.7251,1.2301,-0.0259,5.8301,-8.8614,-1.4921,-7.7814,7.8821,1.1582,1.7837,8.6456,6.9397,-3.1822,0.2343,-4.8815,2.5894,-9.7929,-2.362,-8.2011,-9.7396,7.1419,3.8224,3.2799,-2.0608,1.2262,8.8803,8.7389,0.5299,-2.0383,7.1974,-0.7074,0.4137,-1.4669,-0.7977,-7.012,-4.6421,-6.2713,-0.7357,-5.3593,-9.8962,4.1124,-9.1128,-5.2746,-0.3969,-3.577,4.8867,9.2401,8.961,-1.6011,-2.5644,1.7969,-2.1075,2.7271,-7.0075,7.5572,4.7275,-1.931,7.4917,-4.1692,-6.2933,-8.9391,7.6389,-8.1868,6.382,7.7583,-1.8938,-3.4522,5.8849,6.7236,-8.922,2.8083,-4.4627,5.8238,-2.4691,6.9305,4.3625,8.6123,-3.8898,-1.895,-3.9165,8.0637,-2.8312,3.3331,9.0679,7.2629,-1.5415,8.3706,1.6833,0.4749,3.0979,8.6545,-8.738,-2.6655,4.1001,2.0155,-8.3319,-1.8779,6.6955,5.3594,-1.8708,-7.2713,6.0517,-0.6677,-1.7425,1.7511,-3.1029,9.813,2.8981,-9.7235,-4.424,1.5913,-8.004,6.1851,-5.2235,-9.7846,7.0834,1.9207,3.6157,0.9153,6.4787,2.0451,-1.2966,9.0564,-3.5064,8.8717,0.5359,9.3143,9.2644,-7.8755,-0.7277,8.003,3.7133,-2.6839,-6.6366,-9.9858,3.9194,-4.9435,5.7496,-7.7328,9.7536,-1.5488,5.7652,-2.3622,1.3746,-4.2412,4.2972,-2.9884,-3.9857,-3.1734,3.0826,2.8594,-8.0517,6.0408,-6.5159,-1.0364,-1.5816,-7.4037,-4.853,-5.2045,-0.571,0.2253,1.4391,-4.926,1.5856,7.6961,4.558,6.6757,2.9274,-1.7281,3.1724,-2.5117,6.0623,2.0667,2.8527,9.6904,-2.0629,2.4246,-4.9553,-2.2173,-2.2688,-2.0969,-3.5149,-5.0076,9.9176,-4.517,-6.2302
-1.2248,3.9715,6.8563,-0.7915,-3.7907,7.4155,7.245,-8.3314,3.8968,-9.3276,-2.4952,6.8357,-9.6685,4.3434,-8.0477,-3.7534,-1.3716,3.9424,-7.0448,6.8456,2.4224,-8.5552,-5.6776,-0.5906,8.28,8.2514,2.497,1.2716,2.329,3.3195,-6.8657,-6.3347,2.417,9.3896,8.7554,-4.0128,-7.4846,-4.3151,-4.6006,-0.3628,-4.5018,-9.4461,6.1195,-9.4058,-1.8396,0.3582,-4.1042,-8.0602,-5.9715,-3.679,-9.546,-0.954,5.4385,-0.7685,-0.2699,4.5514,0.8786,5.4661,8.0859,5.764,-1.0035,3.9908,2.3726,4.1523,2.7763,-6.2357,-4.0514,-2.0877,7.3138,-4.8021,-1.26,8.5631,7.4197,-6.3437,6.5543,-8.9441,2.9098,-8.3459,-7.1362,9.8782,8.1621,-7.3736,-7.8235,5.8488,-6.1365,-8.6117,-6.1632,-9.892,3.5232,-0.851,4.3961,0.8748,3.4382,-0.3063,-8.246,8.3215,0.6004,4.8879,1.0872,1.9856,4.5384,0.3669,5.6115,3.5304,-0.2908,-1.4306,0.5159,-6.767,-6.4499,6.6611,2.9808,6.5049,0.1361,-0.8465,-5.5987,-1.3088,4.6582,2.6957,7.6578,-9.0335,-7.8927,-4.4787,7.4115,7.2746,-1.8291,-5.6938,1.1382,1.6537,1.5995,3.8287,-1.4663,-7.7862,-5.2604,1.1192,3.7874,-7.0911,5.7655,4.8242,4.2135,2.885,-6.5108,5.8859,0.0728,3.7856,1.9497,-7.5722,-4.5263,-6.6167,2.3811,0.1733,4.0096,8.8747,7.4367,9.508,1.5291,-4.1831,5.7565,-8.3155,-8.638,-3.2366,5.4473,-9.71,6.8092,3.3842,3.9321,-0.1084,4.1079,-8.475,0.715,-0.6818,7.3676,5.2015,9.0942,-0.7561,9.7976,-4.7122,3.4839,4.3275,-0.2361,-7.9825,7.2736,8.994,-6.3549,0.8006,-8.6326,4.3505,8.8405,-6.0872,9.2225,5.4727,5.502,1.865,-7.6193,1.5686,5.5282,-2.7084,-6.0984,6.7859,1.3902,-1.3795
3.4902,4.7542,8.5466,-7.1775,-3.9042,4.9462,1.9344,-7.7105,7.1934,-0.2583,2.693,1.418,-9.0643,-4.0547,-1.5072,-5.4244,-6.7188,-4.1242,-2.2861,-1.9152,-9.8403,9.5016,0.4309,-4.1822,6.6944,-7.1321,-9.0386,1.862,6.6054,6.8032,5.3937,-4.9379,-1.2629,8.396,-1.6925,-3.8526,-3.0379,8.7089,1.0862,0.4694,9.8778,-8.3243,-6.2133,-2.0971,-2.6409,-9.3791,-6.9734,4.1781,9.2616,4.5029,2.3321,-0.9874,0.7669,-3.4253,8.4996,4.3243,-5.4795,3.4018,1.5495,-1.9689,6.1872,-2.2289,-5.1492,8.7476,2.5553,5.5139,6.1747,-6.8962,4.1762,-5.6354,9.9082,1.8988,-1.8659,-1.6232,5.9295,1.293,6.4658,-5.9081,1.3291,0.6586,1.4626,-8.0999,4.506,-1.3666,3.6027,6.5449,4.5858,-4.3017,0.9827,4.7493,-9.7425,-9.6088,7.1074,-8.4789,-5.9401,4.5145,-1.4476,-5.636,6.4741,-5.7136,9.7756,1.0461,-4.3145,-5.8228,5.9547,-9.1368,-7.6456,-8.9587,5.8509,9.7516,9.8347,-7.3075,4.1513,5.456,-6.0554,5.5839,2.4108,-2.6942,-7.4601,-0.0676,6.9742,-5.3497,1.9955,-5.1303,6.0621,8.5213,1.5648,5.6894,2.3928,-3.477,1.6585,-2.2335,-9.8041,-1.309,-4.9933,-5.9189,-2.0841,0.3873,-1.8292,-2.2742,5.4162,-2.4185,-1.7226,-9.2585,-9.2781,0.0964,2.5295,4.7392,5.3593,-1.2286,-5.2594,-0.3362,8.7493,-6.5346,-4.4679,-8.2575,-0.3794,-3.4245,3.0627,-8.7809,2.278,5.9819,-9.253,7.7956,6.7261,-5.9906,4.3024,6.5687,-3.7854,7.9712,9.4126,7.8858,-9.2149,-8.2649,0.7146,-8.6284,2.8917,6.2136,-1.4001,6.2314,-0.5033,-0.1097,1.9216,-4.4019,-6.2366,5.4013,3.6866,-8.3248,-9.9911,-3.353,-3.259,5.1255,7.1633,3.3672,-7.7617,1.2687,-4.5596,0.9939,0.522,-1.7917
-6.6575,7.3325,-9.1915,2.3873,-7.9334,0.6798,9.5603,0.6839,6.6819,5.4441,-1.4493,-1.9868,2.8553,5.8143,-0.9793,1.0033,-0.1611,8.6353,8.121,9.7529,-3.2511,5.6831,-8.9776,-2.9587,0.6423,7.0758,-6.7467,-2.0644,-0.4524,-4.3689,-5.4617,-6.5996,9.9554,3.2018,3.922,9.0518,-2.0817,-6.0418,0.6,-1.8535,5.0274,-3.7049,6.9516,-6.0219,0.6768,-0.4497,-1.5868,7.4713,-6.9454,5.4405,-6.3909,5.2837,-1.9337,-8.4389,-8.3759,-7.749,-0.9652,7.1129,-0.662,5.8069,6.8981,-2.6974,-9.0004,8.5927,3.6821,-7.0255,-1.1264,-7.7917,-9.0987,-2.8649,2.97,2.6643,-9.8541,0.0812,0.272,6.3161,-9.6304,-7.4803,-4.9653,-7.1832,-3.7793,2.8129,5.2462,9.4593,0.6345,-5.59,9.3693,1.8359,3.2861,-4.7812,-5.5378,-0.802,6.4601,-2.6775,-5.5053,-9.0529,-7.2846,-3.9364,-3.0138,4.9814,-6.8763,-7.6776,-7.7829,4.6833,6.7294,-8.9726,-5.0602,7.9757,5.2198,2.3276,2.2413,-3.0453,6.0858,3.2869,0.6528,4.8852,-9.8044,0.969,4.7327,8.1063,9.3394,3.9822,-3.6743,-4.8283,3.6929,-2.8023,-9.8177,3.9232,3.8275,-6.1095,-9.9132,4.3583,-2.204,5.3353,-4.848,2.7306,-6.9221,-8.6721,-8.9268,-0.3685,4.5872,3.5859,4.9636,4.8778,-9.5914,-9.9072,8.6318,-1.3611,-1.473,7.8443,-5.7739,3.1755,0.8572,-3.9747,-2.4631,1.6306,-2.5605,6.7136,9.4334,7.7224,9.5312,-6.8143,1.1956,1.1386,9.6579,0.1202,6.3899,-3.9364,-8.061,-5.552,-4.2293,-3.732,0.909,7.0399,0.326,-3.1062,-2.7746,8.2436,6.736,-0.2508,-9.9391,-4.0865,-0.1182,-1.6014,4.1467,8.7089,-5.6565,7.3233,6.1947,0.9971,4.5954,-5.6768,3.785,6.1863,-5.9379,3.6564,1.7152,-7.6746,-5.5807,-0.5108
-4.4623,-2.3634,-0.5584,-9.0761,7.6424,-0.2487,2.9051,-8.1122,8.8172,1.7243,-6.7746,-4.4124,1.7587,3.652,7.9081,9.5364,-5.6881,3.6748,6.4354,-3.0979,-8.2023,-8.5824,5.2585,-5.861,0.0976,-3.7373,-7.9348,7.1859,1.9435,-0.8916,-7.8816,5.0266,-0.4624,1.5944,-9.4458,7.904,5.0885,-5.2789,4.37,0.6333,5.4916,-9.1374,-1.6675,8.7807,-4.6278,-3.9381,1.1759,0.716,-0.5422,6.7177,8.4897,-4.6648,-7.5852,0.8932,6.8092,-7.124,-3.2298,-4.986,9.0538,-7.3782,-4.4901,6.1645,-4.6085,-3.3946,6.9626,8.6198,0.8316,1.1419,-4.2319,-6.2487,-7.0787,-0.7949,-3.7216,-9.8701,3.3567,-4.8441,-5.4693,6.0513,-8.4429,-8.2603,1.8225,0.3067,5.7329,-0.2059,9.2768,5.6693,-9.4677,7.1963,1.7338,-6.5124,1.1566,-4.4384,0.4301,9.1682,6.8159,-4.9869,-5.9198,3.7241,6.5761,4.7307,-0.4176,-2.3788,-6.6463,-7.0682,7.158,-2.3564,-2.568,3.3445,-6.4768,-8.6943,-3.0668,-8.8346,-2.7524,-3.8449,3.121,-3.3572,-7.0444,-5.4998,3.4081,5.4023,-7.9742,3.3163,2.8131,-3.6589,8.4452,5.9459,-4.81,4.8857,0.1377,3.0766,1.4636,-5.3219,-0.8623,9.2005,-4.2153,-4.3062,-7.8909,4.5424,0.9737,-3.3746,-2.6398,-5.5659,-3.4735,6.9102,0.2834,-9.1734,-4.6512,2.2922,3.0709,5.1179,-5.4393,-3.2189,-2.6366,4.581,8.3149,0.2741,0.9009,-3.6885,-6.323,3.0328,-0.8783,2.1771,7.092,-7.2381,-2.8622,0.0536,4.8624,1.7423,1.8182,-4.5452,8.2334,-2.8305,5.2508,6.2621,-9.882,-0.9303,-8.0206,-3.9429,-3.6856,-7.0356,-8.0864,-1.2019,5.6588,-3.5206,7.1884,-3.8737,-1.5551,-1.9976,8.5026,-2.1654,-1.6547,-6.7267,9.6672,-8.965,6.7487,6.7886,-2.9519,-4.7432,-9.3171,9.2334
-5.1582,1.1236,-3.0235,-1.3774,6.4845,2.3361,5.3957,-4.4133,9.7339,-3.498,1.9804,1.0905,-0.2123,-7.3902,7.0198,-7.6512,-6.2071,6.2318,-3.818,3.2449,-5.6992,-4.6472,-6.9234,9.1346,-3.9231,-0.511,8.673,-1.2434,2.972,-0.073,6.7828,-5.8464,5.8392,3.6986,-6.3977,8.615,1.2417,0.1499,-0.707,5.4525,8.9035,6.4918,2.7677,-5.074,-7.1942,-5.2306,6.843,-3.5585,5.3473,-5.0474,1.7053,-4.4492,1.2565,1.8232,0.1452,-7.428,5.9439,0.8227,-0.6724,-1.4043,-4.7521,9.9344,7.3641,7.2432,-8.8844,1.8986,-2.1653,-3.7464,-7.6285,-9.0267,-1.2406,-6.4057,-0.4461,-8.9621,-2.4387,3.3061,-5.7201,9.8308,-5.1072,-6.8933,1.3019,4.3479,1.2853,2.3374,-3.5176,6.2637,-2.7093,4.4463,2.0068,1.2806,7.1895,-2.4308,-8.917,7.3141,1.6335,-9.2744,-4.5838,7.4975,8.0434,-0.1254,-9.4797,-4.8107,-8.2889,0.3244,-8.0286,-4.8334,4.8467,-2.4576,-6.1499,-7.1783,-1.6456,-2.7287,-0.8536,8.1804,-8.0017,2.6053,-5.8017,-0.7571,1.9261,-1.3979,1.8274,-5.7649,6.39,-7.7517,-1.6681,6.9116,-0.575,4.7309,-5.2787,6.4895,9.2821,3.1019,-9.3268,6.2023,-3.2045,-7.58,2.8135,-0.7307,-5.2437,-1.6281,-3.1659,7.0649,1.4869,-7.6574,-1.9201,-4.6449,-1.575,-6.6252,3.6998,-9.2089,-0.7279,-0.8299,-6.524,-8.2309,-2.9073,6.3421,-1.9132,2.4812,8.1275,-8.9535,-6.4477,-0.4111,4.4945,4.0255,2.9805,-0.977,5.008,6.3968,9.04,-5.9877,-8.2935,0.4436,3.9481,-5.7902,-4.4608,-5.9845,-4.8201,4.5278,4.3168,-5.003,8.0374,-2.3421,7.2043,-9.0339,-0.9169,6.9314,-9.939,-1.1802,-1.8053,-4.5334,-0.5901,-6.9958,-7.4065,-3.5951,-3.7897,1.9057,1.9451,-9.1552,-3.4692,9.5689
-0.4409,9.7796,-2.9185,6.9725,1.6584,-7.1923,-0.1633,-8.2687,2.1384,-9.7894,3.4706,-2.5948,3.9882,8.9224,-0.4902,-8.1488,6.9455,2.6034,5.409,8.1727,-5.0148,1.7627,-9.3675,0.5842,0.2324,8.2748,-3.7278,-2.9768,-0.4359,-1.2735,-0.3044,6.1656,-3.8115,-1.6046,-3.5064,-9.8078,-8.3001,2.5258,7.5038,-2.9248,7.898,7.1689,0.5894,7.4592,5.115,-0.3158,-9.936,2.5415,-8.1929,-5.842,3.4898,-7.9768,-3.2666,0.3201,8.6605,-4.7268,0.2524,9.7532,-2.5867,7.0857,9.3802,-6.8439,-3.0226,8.394,0.845,7.2758,1.1379,9.2497,-8.7443,8.1023,1.5017,-2.5012,-5.7615,9.0736,-9.9352,3.0403,8.9961,-4.159,-3.2614,-4.478,-4.1359,6.2426,-2.5887,-4.8748,6.4227,0.8468,-5.6966,-2.9936,-9.6741,-4.2348,-2.4381,7.9249,3.7969,-0.7245,1.86,-6.6265,3.8944,-3.114,8.791,5.1663,-4.1887,8.7629,-4.162,8.3905,-1.0371,-9.8392,-7.5194,4.6004,-8.6859,-8.7828,-8.1648,5.5063,6.6702,-9.7506,-1.4238,-5.15,1.4479,-7.7386,-1.0851,-5.1203,3.2474,-7.7265,5.0689,-9.5537,7.098,3.7768,1.4205,-8.1366,-6.0227,-9.7959,8.001,-5.3297,3.5355,1.2519,-4.794,2.4479,-3.6776,5.6287,-0.7093,-3.0321,3.4699,-8.442,3.691,8.5857,8.6764,6.6625,8.3724,5.0328,-1.9467,-5.2781,-2.6441,-4.6403,-1.8457,6.8303,-3.5494,-9.9989,2.102,-6.616,6.349,-7.3676,-2.8615,4.5702,-3.9166,-1.4552,8.8101,0.0397,-9.0242,-5.4315,8.5996,-2.4521,9.5461,7.8372,-0.5436,9.6561,-0.4176,1.4714,2.3237,-2.4784,0.6874,-4.9858,5.7258,-8.1669,7.1171,-9.6064,3.2949,3.5233,-0.6464,8.1186,8.6623,-3.521,-1.2126,-1.2433,3.8948,-2.1922,-9.7915,6.5877,-0.9293,-0.9963,4.5104,-2.4256
-7.1215,-7.4009,3.5035,-1.8189,-6.7631,-0.8424,-3.6748,1.9525,-6.9969,3.7946,8.5767,9.9744,-5.9331,-3.5622,9.8637,-2.2671,3.8651,-1.4792,2.6665,-3.8859,5.4377,-9.847,1.9152,-5.9087,9.8464,6.6547,-0.4454,5.0837,7.9683,-3.8703,6.6892,1.494,-0.848,3.1178,9.2881,-4.8185,3.4616,-9.6528,0.5528,-0.1857,-5.7998,1.0793,4.2751,-9.8746,7.4153,5.844,-7.4617,6.3684,-2.7617,6.8206,3.7186,4.1561,4.077,9.9635,-2.0981,-0.5408,6.1621,-4.7829,-5.232,9.6187,-2.6466,9.3095,-1.9135,-0.016,1.0815,-8.15,6.3557,-4.5278,-1.1463,-7.8302,2.0705,-3.525,9.7425,9.4593,-8.9536,5.134,-8.7657,0.8237,0.8068,-4.4673,-6.7918,3.8371,-2.9015,2.5197,-9.3567,-2.6405,7.8067,-6.829,-4.0572,-9.3426,-1.2236,-8.8587,4.4045,-0.4989,1.4478,7.757,8.147,-9.4645,6.6959,0.4947,7.4187,-2.0143,-2.4247,-5.9629,-4.4463,-2.8568,-8.8854,4.6162,-2.4414,5.5198,-0.3498,4.6654,0.3777,-1.3186,4.1795,-3.2819,0.9615,-0.8022,7.8119,7.7629,-5.4796,-9.2906,-5.739,7.4237,-4.8068,-6.4618,6.2826,1.7909,-0.4458,7.7939,7.9873,1.1787,-2.8394,-4.9548,-4.2923,1.2581,1.3621,3.8877,5.1364,-6.7145,-0.4555,3.3462,-5.4907,8.5349,9.9172,4.6253,7.253,-8.9805,-9.406,-1.554,6.349,1.5385,-2.7667,-2.8256,2.1831,0.1585,-9.5836,-2.2137,8.2779,9.3198,5.4242,-5.5755,7.8198,-4.2081,-9.0135,9.143,2.3721,4.808,-9.466,-1.878,-5.2041,-5.7792,9.402,-8.1128,-5.6211,0.4291,-8.4703,0.0862,-5.1035,6.6947,-7.862,-8.8414,-5.0955,4.6305,-9.8449,-8.2997,-3.6458,-8.7196,-6.9393,3.7981,-4.6269,-6.6289,5.4788,-9.6663,3.7424,-5.3918,4.3777,8.5254,3.9238,3.2261
-5.0418,-3.1862,0.7121,6.9517,0.7263,6.1148,-9.235,-5.9934,-6.7288,-8.0652,-7.3469,-1.9584,8.0512,-7.8862,6.7279,5.2565,-8.4808,6.9836,4.1296,4.8807,-1.6017,-4.8579,-1.3879,4.6707,-2.7779,-1.6974,2.9872,-9.0411,-9.1238,-9.6849,-0.2556,5.2509,1.6318,0.0189,-7.146,-6.4723,0.5104,3.9094,-0.0517,2.9548,3.1234,-9.717,-5.7157,-8.971,8.337,2.283,-5.0433,-5.6082,7.772,7.6294,5.4532,-5.2306,2.9749,1.3956,5.9053,1.6185,7.4659,9.7892,6.873,6.5934,6.9915,-8.7379,7.4296,4.1619,-1.8905,8.5407,0.0985,5.0584,-1.6272,6.189,-8.7598,4.0982,-5.123,3.3659,-7.2265,5.0505,-8.8474,0.2842,8.221,7.7154,-3.1511,-0.3813,5.6812,-8.7387,5.3915,-1.7722,-7.5629,6.7584,-7.9739,3.3921,-3.9812,-4.4793,5.153,3.3922,5.1443,6.5044,-1.1025,3.4178,-3.2879,-7.4974,3.4167,1.7223,7.68,-6.4007,-0.067,-9.4373,-0.154,-0.7443,6.5303,7.3077,0.9816,0.1715,-1.4232,5.8301,5.5787,-9.5899,9.2516,6.7789,-9.3543,1.1761,0.3012,4.577,7.7149,-9.258,9.2851,-9.9828,7.2452,7.7947,1.2341,3.2981,9.7718,5.0307,-5.5595,9.3326,5.8869,-3.9156,1.8299,8.2729,1.2538,-8.6193,9.3687,-5.7077,-8.7213,9.613,-5.4861,6.7016,-5.7252,-6.4209,2.6024,6.3906,-6.264,-6.1725,-6.7864,-3.401,8.917,8.1288,5.6796,-7.425,8.5744,-0.3061,-9.5634,-7.9001,0.682,9.0059,1.2488,7.6995,5.5164,-1.4354,-1.3235,8.8669,8.8573,-4.2102,-4.5861,-5.5132,-3.7643,-4.1018,1.7237,-1.4054,-8.0877,1.3956,3.4063,2.2576,-1.5674,4.881,-8.4543,2.0232,-5.8977,4.6917,9.7663,6.4597,4.9769,4.3698,2.8845,1.4905,1.8607,-3.8474,-9.9412,-9.2808,7.2638,2.353
-5.7265,-3.7395,-4.2809,-5.9917,8.5854,7.5963,3.1846,-6.8015,-9.3685,0.4554,1.5932,0.8825,-1.2358,4.0022,9.2244,4.29,4.0617,3.308,-0.4778,-0.6923,9.2536,-1.6271,-6.0642,-6.2653,5.2033,1.9435,9.5892,-2.5304,9.2882,-2.2765,5.167,-8.4589,-4.1239,9.4667,3.6047,-5.7454,-5.4395,-5.1364,3.6277,-7.4838,0.7705,-5.7927,-5.2575,-0.4353,-3.7167,-8.6505,9.4195,-1.993,-2.8584,-4.5496,6.3491,8.3145,-6.8029,-7.3228,0.8179,-3.1213,-2.3738,-4.1296,-2.1451,-6.9227,9.0689,6.6084,-2.967,-2.0215,-2.7706,-6.842,8.3913,-4.3827,-2.741,-3.5548,5.7778,0.7467,1.6518,-5.861,4.1425,9.9673,2.2339,-6.4901,9.6582,-8.1488,-2.4408,-4.8453,-3.4235,3.4622,0.5484,7.9722,6.3247,-6.7826,0.7398,-4.117,-1.3829,-0.8599,-2.5441,3.103,-6.5283,-5.7837,-3.3586,-9.8169,4.4954,5.6726,-9.1699,1.3533,-5.2307,-3.0973,-8.0489,-4.1669,1.392,8.9857,-6.3015,8.5952,-4.7394,-8.1838,7.401,-1.0062,6.9605,2.7156,9.1336,-5.9203,7.4146,0.736,-8.2532,1.268,-5.3755,-9.7053,-9.2076,-4.5339,2.9023,9.6325,-5.5833,9.6331,6.4708,-9.4159,-9.9962,-3.4581,-9.7643,-1.1432,-2.4418,9.4914,4.6508,5.0245,-7.4267,-4.8854,-8.9807,4.0158,-9.6722,-6.141,0.6728,8.8074,-4.1717,-4.9702,6.6449,3.2504,0.921,-8.4711,0.0341,-5.7949,-6.3295,-1.861,8.621,8.5148,-2.3108,-5.8934,-2.0904,-0.8798,8.3621,1.8625,2.7395,7.4049,6.0973,-6.4487,2.1343,0.9834,4.8256,-9.1122,-2.4455,8.0308,-9.0604,-6.8119,2.6149,9.2081,-0.2202,-7.6513,2.7216,4.043,-2.6536,-3.9795,-3.1602,-0.4808,4.7116,9.9308,1.641,-1.4037,5.8636,2.751,8.6824,-0.9295,-8.7124,5.8185,-0.2625,4.9436
-9.2292,-5.0911,7.1395,-8.1664,-8.1268,-2.9912,-8.8453,-3.4616,-2.7407,-4.5241,4.1373,0.7904,-5.9827,0.5525,-1.0151,-1.7736,-1.9754,-3.7027,-6.6545,-7.7431,9.5931,2.8814,8.953,-6.3174,1.9525,7.2385,8.5953,0.1396,-6.7457,-0.7326,5.802,4.9917,-2.9394,6.4226,6.2115,4.9757,4.2687,-0.6269,6.9981,-1.1475,-2.7922,1.1054,-1.7384,-5.4704,-7.0391,8.1713,-9.7724,-2.0993,-7.4397,-4.6274,-9.8806,-6.3785,3.1712,4.1605,5.1651,-6.2508,-2.1692,-1.9441,-0.898,1.1456,3.238,5.6453,0.0036,-9.3094,-4.9766,-7.3499,-2.3318,7.3036,-2.6646,6.9275,-2.8483,-0.1305,7.0649,7.8831,4.578,-4.0602,9.1591,9.1369,-5.7308,1.2897,-1.366,7.7482,4.6277,0.8172,-3.033,6.8091,2.5127,6.5985,9.6944,5.7028,0.5975,-6.9496,-1.8227,-0.8847,-7.9429,-6.3812,-5.7154,5.8365,-6.6537,-3.4474,-8.5076,-9.7935,-4.4533,-1.1109,-5.2457,-9.0538,-6.0542,5.8914,-0.0478,7.0768,-7.0733,1.4909,5.2408,3.94,4.736,-6.7488,-4.5198,-7.9754,9.0696,1.2413,8.8818,6.1413,-0.4343,-3.363,-7.719,-0.4053,-0.9423,9.4968,5.3342,-9.5544,5.518,-5.756,-7.8689,-0.4781,5.1627,-0.2209,2.2223,2.3132,2.2736,3.5149,-9.7391,-5.8729,7.4247,4.4725,8.7344,5.9462,5.1363,1.7491,2.7697,5.7315,-6.7305,8.3708,-1.074,-9.2123,-3.4373,-6.4158,7.0719,-4.7257,8.528,4.1498,8.2096,6.8491,8.4858,6.3929,-2.5078,-9.4234,-1.1372,-2.4811,4.9965,6.5147,-8.4523,6.8174,-0.5674,-5.2205,-3.0174,-6.5797,-5.5539,6.3426,5.8586,-9.0093,3.564,-5.0736,7.7347,3.6029,-8.1513,7.6058,-7.9624,-4.5195,2.6065,9.4969,-8.3862,-5.027,0.7556,9.0364,2.9019,-2.8077,1.0533,7.3225,8.1692,4.5192
7.9135,3.7018,7.9948,-3.2405,3.6394,9.6041,-2.7416,-9.4325,-6.0074,-3.046,3.1813,-6.5203,-8.8241,-7.3319,1.2333,-9.6234,3.0436,3.6077,-1.3964,-2.9489,8.6742,8.9397,-6.8828,2.8355,4.525,-1.7484,8.5627,8.4731,-4.2001,0.4756,-2.528,0.1692,6.1733,-9.1881,-1.8081,1.5979,8.8687,-0.1489,-8.1931,-2.6396,-9.162,8.2945,0.9184,3.8407,-2.3604,-8.0035,4.3324,-2.1245,-8.2727,7.3566,9.4774,4.5885,-5.3592,8.1952,9.3563,2.6321,6.0157,5.2679,-1.4162,-2.5511,-5.7969,6.1303,-3.0284,-3.0225,-6.0873,7.124,9.8743,8.5342,-9.5368,2.4723,-7.4468,3.7783,-2.3661,-4.7722,9.9324,3.953,8.9027,-7.587,3.9332,-6.7552,-6.4462,9.2196,-8.5804,-8.5442,-8.7991,1.0011,6.1657,1.9745,-0.4854,-4.8728,-8.5415,-1.7776,-8.5995,-4.544,-3.7454,-4.4682,-6.2966,4.3515,3.2872,2.1467,1.7502,7.9438,-1.0092,9.6545,-4.1178,-0.1886,-0.1274,5.8951,7.8321,4.7732,-7.9755,-7.177,-2.6713,5.6223,-4.9086,-8.7823,-3.8432,2.5323,-1.7511,9.2394,0.7193,-1.9763,-5.2368,4.7566,3.3682,0.7163,6.1378,5.2774,-9.571,-3.4654,-0.8784,-0.6215,-2.9107,-2.9458,4.5634,4.7742,1.8041,-5.6599,7.6445,0.1609,0.9751,9.9997,-8.7273,7.086,0.8909,5.043,-4.8998,4.058,-9.3491,0.9865,-2.424,-7.2363,-5.4225,-9.8038,-4.2523,4.7059,-3.4348,-4.7714,6.7157,-8.0751,2.984,-9.0378,4.2984,6.0389,-8.2577,-1.6447,4.7012,5.5634,0.1626,8.1278,0.9497,9.198,9.6303,-7.0297,-3.0774,1.8853,2.9126,-3.4915,-4.8939,2.3688,-2.1298,-0.0482,-3.9685,6.9549,1.1599,9.2208,4.5562,7.8287,-8.5504,5.7887,6.2821,2.8037,9.1236,-7.242,-4.229,-0.5763,0.3909,1.1033,-3.8773,-8.387
8.8951,-7.0481,-4.4761,-8.2212,-6.6179,7.9715,-0.9419,-8.5498,1.7407,4.2701,-7.9213,-1.951,3.2686,-5.7165,-0.0194,8.4588,9.4846,-8.5431,3.2161,0.914,-2.407,6.8956,0.173,3.8304,3.6921,-8.564,-2.9861,-6.5448,4.8169,5.2154,2.5202,-4.8299,-1.6683,-6.3972,-1.3724,-9.3229,-6.5699,-6.0008,6.7675,7.8549,-7.9054,-2.3234,-5.2972,-0.2162,6.2751,-2.2835,-1.6924,1.0502,3.8517,-9.4249,4.0517,0.4733,-5.7075,5.4746,-1.2284,5.0778,-1.9988,3.8072,4.9287,-2.0186,-7.9301,-3.1127,1.8762,3.444,7.7815,8.2178,-2.9133,-2.3663,-5.6909,3.3127,-9.7933,-0.4799,-6.2872,9.1998,5.7497,5.1037,1.9695,9.9466,-4.5981,0.0363,-0.4859,4.099,1.4532,9.9196,3.4676,-6.4408,5.1755,3.2989,-6.3681,7.23,0.5906,-4.3739,-0.5692,4.0749,-2.5408,1.5566,5.0243,-2.1985,6.3849,3.7633,9.4216,-6.2797,3.4737,5.6824,1.5877,1.1411,3.5961,-1.5504,-5.0172,1.6014,8.1501,0.3886,4.0121,8.7497,1.536,-7.6314,6.0955,8.2108,-7.955,1.5576,6.268,-6.3716,0.8188,-8.0447,-0.3125,3.557,0.2919,1.1131,-2.9583,4.5524,-7.6711,-9.2688,-3.1953,-4.5735,6.1124,5.4635,-4.9672,7.4644,-9.8688,4.013,0.2806,-7.8045,5.2098,-2.849,1.8059,-1.5446,-9.7368,-6.836,-5.6742,5.7234,2.366,5.6299,-1.3778,-7.945,-4.5434,4.932,-8.7116,5.8912,-0.1167,5.0,-0.776,9.0249,-9.2724,-0.2756,7.194,0.0199,1.9397,-8.1162,-4.5597,-0.6672,8.447,-0.8777,3.9197,5.7115,4.0228,5.8159,-9.9799,-5.5832,9.6268,-2.7126,3.685,0.8257,-0.0418,-0.5789,4.254,9.6038,6.2022,-6.4905,-8.5446,-6.2988,-8.5835,3.3924,0.6625,-6.1405,2.2124,-8.6091,8.9114,0.2572,4.5034,8.9048
-0.9353,8.4537,-5.2987,-8.2351,5.8796,-2.498,-8.1445,0.2251,-3.215,-4.4732,2.0241,4.6832,0.3479,9.9755,2.8002,-1.2974,6.3625,8.2874,0.4352,-2.0724,-1.533,7.4362,7.5416,-8.4924,2.1828,2.8948,4.426,8.8595,5.6852,-7.7472,5.0735,5.9099,-8.0511,3.2857,9.2249,9.0485,-2.9089,-6.0922,-7.0414,-3.3044,2.9032,2.6998,9.7383,5.1991,4.72,0.1321,6.2667,-1.0241,7.9618,1.466,6.6584,-1.8649,-5.2404,0.229,-0.6508,0.8129,-4.671,2.3292,-3.9831,-9.6609,-8.4164,-5.3103,-9.6032,-3.7332,8.8796,-4.7821,-6.0542,-8.7923,9.5133,-5.9234,9.3519,-8.7468,-4.1393,5.9894,9.7819,-7.5111,2.5322,2.955,-6.7198,0.9466,-9.1618,-1.4181,-6.9126,2.9719,-4.6629,0.521,9.2477,-5.3659,-4.9215,6.5192,4.5033,-5.2481,-5.0643,2.9827,-1.7915,-3.2044,3.4832,-7.0989,0.5605,-6.0798,-4.9306,-4.6405,9.8681,-1.2934,-2.2583,3.3436,3.3399,-9.3302,-4.34,0.467,6.9337,-0.7612,-2.4176,-3.2828,-9.4467,-7.1462,9.0277,8.716,3.7217,5.8531,3.0882,-6.1338,0.8736,8.3612,-4.7783,7.4925,1.6278,-7.6831,-9.0637,-5.1711,-3.3072,-6.0046,-5.5677,-5.5262,-8.813,9.0526,-6.7527,8.6498,0.3634,4.3668,-5.4561,-4.8751,0.6958,5.3438,2.298,-0.1379,0.5786,3.3039,-3.5102,8.1765,-5.3417,-8.6518,4.9884,1.6832,-5.3654,-6.9002,0.7083,0.8225,-0.8072,-0.1501,-0.1919,-1.7931,8.8745,4.3653,-3.6649,-2.0558,5.8853,9.0415,0.5558,9.6047,-0.6734,-8.3741,-5.8047,9.8926,1.728,0.8413,7.344,2.6554,6.5541,-1.1021,-5.2028,6.9783,-8.2753,-1.5376,-9.5715,5.5783,4.7468,0.0138,0.8948,8.028,6.5051,-6.3603,-7.419,-9.1587,-4.8063,7.2418,6.6003,6.6253,-2.9154,-8.9494
2.1704,-1.69,-1.1558,2.6596,-6.2269,1.5589,3.1597,-8.3349,1.6978,-9.4903,-3.7444,0.5123,-3.4168,-2.0193,0.7985,3.2153,-4.9684,-6.27,6.1225,7.436,9.2609,-1.1035,-7.3885,0.9436,-8.806,-9.8924,-7.4726,-6.3044,-4.7742,3.9194,-4.9309,-7.9327,8.4075,-4.4532,-4.9892,0.9769,1.2189,1.4794,-8.9381,-2.3869,-6.8305,-2.0111,-9.5192,-8.785,6.695,8.3385,3.3865,-3.5114,6.1907,0.8522,-6.8662,-1.3132,4.2561,9.8611,-8.1321,-8.8941,-8.1409,-6.5417,3.7434,3.0412,9.4098,4.8409,-9.7025,-7.1583,5.6863,8.7037,-0.6901,-4.1244,7.8617,3.2711,-5.6356,-3.1157,-8.6488,-4.9532,-5.7399,-0.0635,8.6902,-1.5642,-9.3654,-6.5452,-3.3187,-7.871,-5.6665,-0.5166,-2.6328,-2.0551,-1.1525,-3.0047,-9.4456,-6.5928,4.1787,8.6749,5.5348,7.4722,-5.2724,3.3396,-1.8913,-6.8346,1.4377,-8.3014,-2.1107,9.9905,-4.5889,8.2888,-2.703,7.0098,5.5033,1.8203,-2.5791,-0.0884,-3.6282,-6.3437,-9.1082,3.9643,0.4105,6.9753,-3.7354,-9.2832,-0.4826,2.1757,0.6542,8.9964,-0.4342,-2.1877,-3.5285,-7.8483,5.3803,-4.0093,-1.8468,7.8894,-8.7261,2.3655,1.7571,9.1057,1.5145,-0.1724,1.638,-8.0663,4.2359,-8.4903,-7.9475,-6.7981,0.4394,7.8785,-4.3915,8.9472,-0.0933,-1.8934,5.5667,2.7993,-8.4447,1.8833,-9.2564,3.6229,0.6632,-9.3101,-0.3655,6.2374,-3.1262,7.4527,-5.3303,-2.7988,-4.5896,6.0284,-1.7341,-9.7373,5.1479,3.7413,6.8841,-7.4237,-8.5979,-5.1789,3.2779,8.1657,0.239,-1.8656,8.1275,-2.9296,-0.5138,-1.1147,8.9607,2.4734,7.8431,-6.4505,-0.4412,-5.3595,-0.7911,0.8326,8.4606,-4.7574,-9.6088,2.6395,8.8981,2.6309,-0.1814,-6.3385,-8.9675,-0.8666,-7.4595,-9.5095
-4.2619,6.4119,0.1371,-3.507,-8.5008,6.2909,9.5035,3.7653,4.1466,-9.5122,-2.5962,-2.3582,9.3222,0.0103,9.9389,-0.8091,-8.054,-4.5646,-2.5276,-8.7294,-2.2495,7.3404,-1.2299,-8.1667,0.4205,0.2762,0.023,1.6066,9.2888,-0.5196,-8.2078,-4.2712,5.9963,-1.9499,1.348,-0.918,-0.9508,8.7566,1.8476,-7.033,-5.2561,-6.2033,-9.7314,-4.4382,9.1251,0.2207,8.5306,-5.6316,-9.6931,-9.4748,-2.597,-2.5667,-8.695,3.7095,-4.4768,6.3868,-1.646,9.7906,5.6052,-1.3919,-8.9084,-9.4104,-2.1803,4.6326,-7.1796,-7.2884,0.1524,-0.6846,-5.7268,4.9672,-5.1923,-3.0701,-9.17,-7.7979,4.9355,-7.6566,-8.3569,7.4277,-9.0592,2.7713,-1.7966,-9.3238,-0.9301,-7.0529,-9.2824,7.7767,5.7659,9.7344,-8.4738,3.3372,-3.659,-5.3191,-5.5748,9.1814,-9.4761,-8.6419,-1.7305,5.4811,-9.436,6.3879,1.6257,-9.2117,-8.5139,-0.0663,-3.3817,6.9333,-1.3027,-9.1985,1.9503,-0.6434,3.6088,-1.1056,6.7583,-6.4221,4.7964,-6.8503,3.4872,-2.431,-1.6919,2.9989,-5.9161,-7.3103,9.1493,-8.9522,7.8123,-5.2052,3.0851,7.2467,-4.6319,1.5973,-1.4931,6.034,9.5165,7.8873,-7.0635,-9.5296,5.9737,-0.5422,-0.1002,-9.514,-7.8156,-8.9544,-9.9212,-9.3156,-7.4117,4.7956,3.0769,4.2599,8.904,-8.3517,1.8351,5.0617,3.6372,8.1818,3.3985,-5.7041,9.48,-8.7996,0.3753,9.3914,4.576,-3.0699,1.2976,7.8081,-9.3311,-4.9723,-2.5203,-1.5899,3.3265,-0.7714,-7.9778,-2.6918,8.1828,-9.1203,9.4467,-7.3597,8.1535,5.6363,-5.873,3.7785,6.8609,-5.5891,-9.2053,-9.3905,8.6204,4.9497,7.5578,2.244,2.6946,-1.6369,3.5749,7.0102,-8.316,-6.3462,5.2491,-2.9377,6.8893,-1.7502,0.2269,-2.1864
-9.9475,2.6097,1.2689,-0.2355,-5.8543,-5.1741,-3.6572,3.7794,3.6766,3.4547,5.215,7.7666,9.3575,-2.3581,-9.6718,1.9525,-4.5859,-7.9483,8.9004,-0.7657,1.0739,8.9744,6.6066,4.0097,-3.2022,5.5459,1.6863,9.2768,1.9247,-9.8176,8.5027,2.6573,7.1965,0.6104,-6.6176,9.051,1.4903,4.4676,2.0914,8.8591,1.3017,-0.1012,-8.7025,4.7565,4.0056,1.2094,-0.9444,7.4134,1.1928,-8.3502,-0.4209,7.4343,5.2039,-6.6428,-1.5537,8.2584,-2.4044,-7.997,-0.5153,8.3033,-9.3967,6.9212,4.7534,-9.4858,-2.0345,4.9833,-6.09,1.9377,-8.5253,3.483,-5.4885,2.1631,-6.6545,-4.8549,-0.6694,1.883,-2.4643,2.8055,0.4277,2.3889,1.9665,1.3485,5.7017,-8.1126,-0.1218,-8.7822,-5.9602,-8.7155,-5.601,2.7424,3.8493,7.6219,-0.8939,4.6146,-3.0497,-1.6751,3.1309,-4.3167,7.3917,-1.0692,6.2634,6.7151,-7.0808,5.406,-7.111,-4.5287,-6.8865,2.0828,-3.0525,-6.4765,-9.9522,-0.2938,4.9425,-2.8762,9.913,-0.7559,-4.18,-0.2979,-5.6444,9.7229,2.4492,1.255,7.0639,5.7135,-9.4888,-7.5588,-9.7973,0.614,5.9561,-5.2777,-3.1825,7.1347,-9.3806,-2.3866,-9.4652,-6.0827,-0.221,-3.7539,-1.6841,-2.3371,8.1051,-1.1657,5.1632,5.0848,-4.0553,5.7437,-8.3815,-1.7154,-8.3531,5.6023,4.3944,-1.2183,0.5222,8.417,-7.8621,6.4642,-5.5331,-8.6597,-2.4192,6.9073,-9.8686,-7.3804,8.2052,2.0823,-2.6174,1.5017,8.7316,-7.9862,-8.5018,3.1934,-8.4189,-9.2729,-3.8497,9.4304,2.5627,3.3701,-8.6505,-0.562,3.3787,9.5228,-0.9695,0.5004,-8.1584,9.299,-3.0299,6.3202,8.0553,-8.2017,-7.3267,1.6732,-3.4204,-2.0967,-3.6269,-2.949,0.6201,-6.6002,2.6284,0.0891,-2.6605,-4.9688
-8.0775,4.9571,-4.7425,-6.1284,5.4761,-7.6788,-0.269,0.1958,-1.2236,6.6217,9.1539,-2.4815,5.7384,7.7832,-0.8897,-1.4411,0.539,0.9986,-4.8035,6.9554,-9.6835,-9.6776,-7.4284,-5.5709,9.3501,4.6842,-5.8606,-8.1273,-5.3783,7.585,-6.5887,9.3038,-0.1265,-3.4647,-9.8313,4.7229,2.1577,1.0793,5.1215,-4.9036,2.2519,6.3211,6.2399,3.7167,1.5603,8.3216,7.0244,-1.0806,-6.1076,7.3669,-6.2082,-9.7254,-1.761,-7.2345,-6.4096,8.8959,-5.2405,1.9598,0.3787,-7.266,-2.7808,7.711,6.5036,-6.3304,7.1556,6.9559,-6.8731,7.3299,9.0916,-8.8979,-3.8685,9.1851,1.3699,-3.7691,1.2028,-0.9258,-8.7563,-9.8708,-6.4688,-0.3278,-3.6928,0.4334,-6.8881,3.3214,-1.3656,-6.6859,-3.1914,-6.1826,-1.342,0.85,-9.5684,0.6773,8.772,-3.9492,-3.1779,8.5485,-9.1831,9.9783,5.0145,1.8084,7.6568,2.087,-4.2066,-9.9151,4.8594,-0.7814,3.436,7.8927,-1.3097,-1.9934,5.8858,1.2298,-1.9354,-5.1769,9.1314,3.6199,-3.3284,6.4338,8.6908,0.7601,-3.1643,2.1914,-6.96,2.9348,-8.0206,3.7731,-5.8984,9.5872,-4.3097,1.2016,7.8797,-2.1335,-4.1707,6.2375,-0.4483,-4.4741,3.8698,-8.0322,3.1723,-0.5277,7.961,-6.3462,-0.777,-5.2804,3.9802,-0.7445,-5.0075,-0.6686,9.3932,4.9021,-8.8343,8.8278,9.896,-1.7847,-8.0583,1.5954,-9.647,-2.9399,-7.6205,-0.8193,1.0407,7.721,4.7031,8.8753,2.7293,-4.0106,1.0694,4.0342,-6.5227,4.6089,5.1697,-8.031,4.759,-4.4736,4.17,7.352,-1.9259,1.0492,4.2132,-6.2878,8.5709,7.6853,-4.2359,-7.5291,9.298,5.4801,-6.5219,9.9993,-8.9609,1.531,-3.2159,-7.3146,6.5237,5.9667,3.1574,0.9739,7.636,-9.8552,9.2856,-0.2581
-9.2368,-8.7344,-2.6402,9.5403,5.9534,4.9702,-8.1463,-4.1074,-4.5474,-8.8771,-7.047,2.7403,6.9166,4.522,8.3388,8.7686,-0.046,5.1804,8.4366,9.4803,0.2429,0.3714,-1.4061,-8.2254,0.0583,2.4421,6.5992,-9.4325,6.3338,-9.3799,-3.7206,7.6938,9.8877,-4.6691,-3.3272,-9.2519,6.1698,-5.4644,-6.7049,8.7774,0.8821,1.3973,6.8211,-0.9809,9.6017,4.9035,7.7176,-4.2988,-0.3678,5.5626,-0.5552,6.6055,9.2467,-5.2065,-9.0905,-8.7692,-4.5584,-3.4592,-2.9995,-1.9156,-3.1808,-8.1281,9.3451,9.4435,2.6187,-8.618,0.3398,5.2986,-4.9909,5.8916,8.9356,9.9286,-3.147,-6.7113,0.9003,3.2862,4.138,8.0028,-3.194,-5.991,-8.0699,8.7345,-1.6366,-5.5924,4.0576,5.856,3.3308,1.8412,-7.5457,-1.0768,-3.0392,0.5367,7.9847,4.3387,-9.7069,0.0918,-1.9991,-9.0226,-0.2483,1.9001,-1.0589,4.89,8.1326,9.8862,3.2836,-7.9033,7.1465,-8.8925,4.1844,9.706,6.4588,3.5151,-3.6179,-7.6759,4.9104,6.0758,-1.7198,4.3574,2.5375,-4.8222,-3.4624,-3.6676,-0.9678,7.7106,-3.3007,-1.9207,1.3097,-5.0903,-5.3023,-4.5467,-0.0685,-7.8609,4.4553,-2.0769,-2.4783,8.0728,-9.879,-5.0412,1.2444,8.8802,7.7224,7.417,3.9125,-6.8772,-2.7493,5.3465,-4.1304,-4.007,3.7829,3.3254,-0.6211,-9.2153,-9.3417,8.6032,-4.1646,-0.328,0.9396,2.5325,-9.1581,-8.9792,7.5494,2.2031,-6.6185,8.1703,2.0691,3.8925,3.1725,6.4204,-7.4263,6.6357,4.3589,2.9933,7.6798,2.0427,-3.7947,-0.9875,-3.5889,-9.9188,-2.5237,-8.555,8.6942,-8.6212,-7.2942,-6.9414,4.5446,-5.9278,0.3357,8.4192,-2.7474,0.8284,-6.1621,6.404,8.2594,-1.2254,-4.4764,-8.6477,5.0634,3.0058,-8.9233,-1.2464
-9.0921,-6.5753,5.9392,1.6376,-9.5422,5.3403,-7.6405,-8.1916,-0.8858,0.8628,8.9282,-3.7008,-7.7272,8.8847,6.5036,-1.1231,9.5935,8.3576,2.8088,2.4945,8.9545,2.272,-6.639,-3.4205,-5.9072,4.3537,7.1878,-4.9877,-2.6723,-7.3486,5.623,-6.8364,8.5715,-8.6797,-6.5734,-7.5055,6.9513,1.8623,-4.687,-9.779,-0.8646,-7.8634,2.0406,6.7714,-7.3939,-1.0084,5.9663,-8.6537,7.061,-9.5667,-5.7111,-3.8024,-6.793,5.4139,9.2067,-1.734,9.9689,-3.1106,6.3224,8.7734,-5.0922,8.9097,8.7204,1.0138,-8.4417,0.7499,-2.447,5.7998,2.3288,-6.6303,-6.0732,1.966,6.4228,4.8926,1.7054,-8.1066,-1.2749,4.2535,-0.6149,-0.0069,-6.1016,8.6003,-2.1624,-4.1686,5.7821,-2.6335,9.3991,-9.6029,9.6338,-9.1787,-1.4158,3.0909,0.5825,-4.4002,-9.14,-9.4135,-2.4866,-1.3035,8.8496,9.206,2.3697,1.8415,7.3616,7.5479,5.072,-2.8692,-4.1554,2.2703,8.3376,-3.6603,-2.0491,8.8084,-0.8895,9.146,8.3744,7.6625,-0.2197,8.919,2.2728,3.353,-6.194,-9.1514,-0.1267,-0.9881,-4.2475,6.1593,-6.6562,6.3177,9.8927,0.7253,-0.0557,6.6801,-6.4965,-7.3603,4.2472,8.3453,-9.7059,4.7446,-7.328,-8.7083,2.5997,8.6529,-2.436,-2.1842,9.7047,2.584,7.9086,-3.2004,4.417,7.9076,5.094,-9.6571,-6.0575,-0.6144,9.1617,-7.0618,4.903,9.7405,7.0149,-6.3481,9.44,-2.4381,-4.1633,-6.5947,2.6041,2.0032,-4.7683,3.1347,-2.7324,6.0216,-8.4218,3.7716,0.4392,-5.7412,-6.3321,-5.952,4.7413,7.3601,-1.1018,-5.7772,2.2014,3.6425,-0.7882,9.9054,-7.9773,4.45,5.0924,-1.4091,-4.531,7.3372,7.659,3.5538,-7.4813,3.8564,6.4323,9.9429,3.7789,1.0373,-0.2455,0.5259
4.6145,-7.5339,2.051,-0.5872,-3.0081,-3.4825,6.8709,-3.3463,-1.8856,-2.5413,-9.2111,-1.5679,5.8565,-6.145,9.1303,2.676,-7.0468,-9.9533,-0.6754,1.5326,-3.9495,1.0452,7.4968,6.7176,0.7031,-5.7197,4.0747,-2.8727,-0.3447,0.5367,-6.4839,-5.3878,2.0525,-1.7551,-2.354,6.3382,-2.1453,9.6927,0.8156,4.0946,3.0663,-9.5886,9.1327,-4.4941,6.4603,-0.8902,4.5524,9.7454,7.7362,5.6942,5.5107,9.577,4.2888,4.1342,-6.7848,5.6793,4.6237,-7.6135,2.0159,8.1743,1.3064,7.4626,-4.5732,0.161,7.724,-1.154,2.9959,0.9144,-6.508,-3.8771,6.8049,6.4035,-4.6376,-4.8589,-8.2029,-0.2431,8.6212,1.4547,-1.5426,-7.5713,-1.9698,-0.9684,8.9693,-3.6609,6.2909,8.2642,2.7875,4.1626,-8.8712,2.3921,-0.8476,9.8447,-5.1093,-2.2151,-4.9051,-9.4775,6.673,-0.5178,-8.3693,-9.0634,0.05,-8.2314,-4.3624,-5.8651,-2.1436,9.963,9.9046,6.958,2.7153,5.7838,3.5524,2.8386,-2.757,5.6395,-3.5586,-2.0548,-4.1448,-6.0897,-3.6747,6.6326,1.0449,9.1075,-2.5613,0.0503,0.9485,6.2385,5.7852,8.5542,7.6253,5.1506,-5.0292,8.7695,0.1405,-8.8636,6.388,5.7256,-0.7607,6.467,1.0833,-5.9248,1.3178,-0.6315,-6.6568,0.1716,1.1255,3.2621,3.9542,-2.0939,6.3989,7.7871,9.5331,-8.1068,4.5999,-0.8237,-0.9033,-6.8881,-8.3341,-6.9889,8.6441,6.3793,9.7423,-7.424,3.7004,-1.511,7.4565,1.8172,6.3966,4.5859,8.9694,0.1029,-4.5414,-3.5343,-6.5554,-1.9249,-2.6207,-7.4539,-7.83,5.7332,-9.7168,-5.2075,-6.5416,-2.5311,-3.7766,-2.1531,2.4623,-0.9165,0.6294,-2.7668,-2.4149,6.4902,-4.665,6.1583,-0.435,6.5453,-4.2174,-6.9213,-9.1082,-1.0786,-1.719,-7.0832
8.1225,-9.4771,-0.5703,-3.409,4.9309,-8.2494,7.674,-5.3974,-3.7979,-1.7859,-4.621,-7.0932,-6.5661,-7.721,-9.273,-1.6568,-2.001,-8.583,-8.95,8.2311,9.1198,9.3978,9.9126,-9.7818,-1.9612,-2.3284,7.9339,-4.5902,1.0032,3.3304,9.2603,-6.0688,7.9984,1.6567,5.2045,2.1027,-6.5272,-2.8249,4.1613,3.9801,5.6898,-0.019,6.5219,7.6928,-8.4679,3.2828,6.097,8.8079,-6.5298,7.361,5.5544,-4.9375,8.5539,1.7636,-3.782,-6.0487,8.9131,-1.2588,2.156,-2.8745,5.9274,-6.364,2.9517,-0.5449,2.4774,2.8008,9.2013,-0.5323,-3.3092,0.8748,-5.169,8.3425,6.7502,3.5986,4.6501,-7.449,-2.6811,-7.2462,9.2024,-6.5458,3.7264,3.2658,-0.5667,2.5122,2.8993,5.8574,-8.5939,-5.8792,0.5224,-0.6953,-8.3105,-8.301,3.3037,-9.6773,-6.9734,-5.5154,-6.1153,6.2514,2.7615,-8.4229,-0.6495,7.8208,9.8158,-1.1698,9.5773,0.4169,2.2739,-6.0728,7.9129,-2.1776,-6.8039,3.5274,-2.6862,5.6518,5.1324,-9.1439,2.2135,-8.1224,4.3367,5.1807,7.8354,6.0336,-2.9028,-9.5066,-2.5307,6.9811,-8.7108,8.3277,-4.736,6.4334,1.2734,-7.4429,8.4589,2.0564,-2.529,-5.0666,6.2856,-0.1004,-0.7927,9.5623,-2.2847,-0.7868,-3.3594,8.4205,-0.625,8.1253,5.5616,6.5525,7.5799,3.7806,-6.8553,9.002,8.1954,-2.7842,4.1944,-2.7071,8.2028,-0.7423,-8.8705,3.1961,-3.5024,6.5852,-8.0287,-2.3864,-2.2433,1.6468,6.8204,-3.7602,3.5736,-7.4524,-4.9179,-8.3973,-3.2477,-6.2545,-6.4138,-3.6874,5.3389,-6.5508,-4.4987,-5.6712,-3.4673,6.6268,-8.3142,5.2586,3.889,2.5241,9.3053,2.6732,-4.3375,-1.9743,0.975,2.3962,-7.7855,1.2209,-0.9363,3.1748,0.5414,8.7852,-3.445,7.4804
9.6744,6.129,1.6097,-1.6614,3.798,3.2817,-0.6912,-4.3078,-8.2487,-6.2438,1.4179,5.9953,-1.9047,-3.9054,-3.2322,1.8532,-1.0094,-0.8316,9.0636,-2.9095,-0.6193,-4.5882,2.456,-4.487,4.782,1.0017,0.8109,-5.2312,8.5064,-0.4318,-0.7965,0.2376,0.8843,7.7192,-3.5276,-0.5098,5.8309,-2.0478,2.1481,-1.7093,-3.8263,3.1446,2.9447,9.0018,-6.9738,9.0004,9.7457,-2.7273,-1.3104,9.322,-9.4026,-8.2228,-2.7003,-3.1993,-4.3941,-4.2624,-9.5192,0.3315,0.2609,-5.9924,-8.2249,1.5866,4.3367,-3.9887,3.6213,5.3484,8.2191,-8.377,-6.0607,-5.7133,-0.8282,-6.2142,-6.1324,-3.3058,5.4897,2.4099,-1.421,-4.244,-6.422,-4.152,6.2526,2.7482,7.2345,8.9705,-7.4152,6.2411,4.995,-6.3166,-1.1083,3.3653,9.0385,5.1348,-6.3449,-3.228,-4.7254,2.2548,-9.9898,-5.7573,-8.3732,8.4009,-2.0786,0.3549,-9.2612,2.1775,7.9887,-0.8541,-5.7881,1.4916,6.1881,7.4086,-3.2253,-7.2545,-2.8763,7.8247,-6.7873,1.6686,3.7153,0.2394,-1.3651,3.0492,-5.6097,-5.1634,4.1747,0.0902,-6.8767,-2.3326,-0.2089,6.6167,6.1362,-6.8254,1.9608,-4.8653,-5.5074,6.3327,0.9812,-7.6913,-2.8593,-7.3419,3.6642,0.2731,8.167,1.9115,-1.2711,9.0827,3.2232,-2.6261,-8.8738,5.5384,8.2774,2.4722,-0.7629,-6.1884,-4.5876,-4.4262,-6.6906,-5.8601,4.3393,8.8707,0.1064,-9.7897,7.328,-3.1614,3.3194,1.347,6.8455,8.1647,3.2704,-4.2249,6.9491,0.7987,2.1272,0.3037,-4.3218,6.2735,8.357,6.2715,6.683,-6.3327,1.1339,-8.9649,5.5983,-0.5954,2.7773,3.5802,4.9647,9.7683,8.3097,1.6145,5.3742,9.1074,4.7156,2.5057,-0.7516,-8.1719,-1.2389,1.8351,0.0298,-0.0189,1.84,1.778
-1.3068,-6.1594,-8.0622,6.3287,4.1999,-5.191,6.8147,5.8895,5.1888,9.7578,-3.7626,-5.9163,8.2142,9.988,0.6809,9.2392,-2.0577,8.6885,-9.0517,-7.4427,-7.363,-5.4761,-6.9444,3.4249,1.5607,4.8855,3.9153,-7.2748,5.7611,-4.8688,-6.5734,-2.9522,3.0934,8.0529,8.5553,0.6788,5.9378,-6.9633,5.8077,7.6455,6.2776,-9.4885,-3.3144,0.7871,-9.7001,8.8005,-6.6099,-6.534,6.6404,7.3883,1.2417,1.4774,-8.4145,9.8069,8.6023,7.6061,-1.2206,-9.7489,7.471,-1.5217,-7.7768,-9.5489,1.221,-3.1265,-6.2765,9.7152,-4.9769,9.3119,-3.1098,-8.812,-9.0724,6.3912,2.3943,1.7829,6.9646,-6.5844,8.7634,-3.433,-6.6825,5.8188,-6.1931,8.8513,-5.1827,3.4025,-6.2434,5.6789,6.3202,-7.7568,2.7651,-8.5405,-7.0069,-4.1537,-3.5538,3.184,-1.0239,-1.8106,-8.5842,-7.0253,3.0849,-6.3506,3.5503,-8.0868,-6.8137,-2.0193,0.512,-2.81,-2.8552,3.6241,-1.5298,6.9546,1.0253,0.1058,5.7669,-9.6428,9.1048,5.2258,3.948,-3.1835,6.4191,-5.2591,-5.7784,-4.0462,9.8203,7.7035,-9.9465,3.157,-6.3374,5.702,-3.8692,-4.1872,6.2155,9.4065,5.2191,-4.8385,-1.7681,-5.0118,-0.3588,-0.4667,2.3012,-9.9608,9.3468,6.805,-4.258,7.0727,-0.1941,9.9275,-5.1348,5.5,9.7115,-0.2341,2.299,-1.2759,-4.1698,2.4077,-3.8687,4.5461,-5.7675,-0.8804,0.1845,3.3137,-1.2335,5.7513,5.571,1.3346,7.0421,9.6372,-1.0383,-5.506,-4.471,-5.1171,8.1636,2.9017,1.2749,-0.8822,-4.7151,0.4782,4.8693,8.6285,-7.9123,-4.114,3.7772,4.3894,-2.675,-2.119,-8.3639,0.4665,-5.992,6.1505,-2.2968,-7.705,-8.4399,6.9569,5.328,7.0649,1.4257,-8.0447,8.5277,1.0965,9.3896,-9.1994
8.2172,-4.6982,-7.2757,6.6353,-1.4423,2.9783,-0.0802,-7.4502,9.3523,-2.735,1.1046,-4.8438,-7.2547,4.3308,-5.3052,3.7443,2.1919,-3.0714,3.6292,3.0652,2.4688,5.1486,-4.8105,4.2723,1.6697,-5.7844,-0.0022,2.0326,9.1922,1.5079,-1.1926,-1.7442,-5.6544,-9.2233,1.4533,4.4491,8.8347,-3.5373,0.2447,6.4414,-1.2224,-5.413,-8.0357,3.9282,2.57,7.4098,4.427,-0.5189,7.5368,7.6403,1.9455,-2.5646,-6.2911,2.4831,-7.5641,1.2164,-3.6991,6.8547,4.4856,1.7711,-8.6747,-2.1748,-2.1174,7.0097,1.3722,-6.7884,-4.1204,-6.0075,-0.2923,-4.0216,2.1231,2.8563,-4.2199,-7.2462,1.0015,1.1531,5.1008,-6.3175,-1.0504,0.1759,1.0629,-4.0439,-6.1392,-3.2138,6.1676,-4.6257,4.9869,-4.4764,0.0151,-1.4585,2.9809,-5.5723,-3.0239,-0.4841,5.3975,-4.6122,-7.8682,-7.0551,3.7967,9.1807,2.679,-3.4437,-5.3834,6.8364,-6.991,-4.3655,-9.0045,-8.4884,3.6917,5.0065,-2.7477,6.6857,-7.3875,4.896,7.083,-6.4843,4.3188,6.8014,7.3198,6.6849,-2.5577,-9.8964,-0.4562,5.1244,0.8205,-8.6406,-6.2197,4.2872,5.9138,-2.016,6.0306,8.8571,6.0979,-9.2527,-0.5565,0.8423,-0.7383,-0.9146,-2.931,-6.3663,-3.7887,-1.4744,-9.7832,-5.9413,5.652,-5.1637,-2.8161,8.8389,0.0606,9.9714,-9.7607,4.5575,-2.8932,-1.8949,9.0573,-6.484,7.9369,-4.2818,-9.6257,4.4135,-7.866,-4.0369,9.3846,-8.7116,7.5592,-9.8123,-0.5269,-3.6704,-6.1522,4.3626,9.1855,-5.5088,5.4322,6.082,-6.0098,5.4881,3.6563,3.9571,6.711,4.4828,-3.9468,-2.2496,1.0261,7.9852,-5.2956,5.3106,-4.2508,-2.6292,-2.801,-1.5555,-2.6913,-7.1752,-2.1424,-9.7181,-3.8157,-3.9735,-8.8487,5.7116,5.6728,-6.6672
4.9692,-5.7558,7.7776,-7.2948,1.4559,-2.8411,7.2629,-8.9611,7.8529,-3.5117,-6.932,1.4005,6.4636,8.0899,-5.6406,-4.5179,0.085,-6.2418,2.9411,-6.6714,-8.5103,1.5608,5.5783,1.849,1.0513,1.9074,-5.1825,5.7953,5.1184,0.2256,-0.8632,-5.7255,0.4295,0.2555,-6.537,1.5768,3.1003,-6.3087,2.7079,-6.0586,-6.587,-4.1784,-0.2956,4.6748,-8.8036,1.9908,-3.6664,6.2664,-6.8982,7.2097,9.7177,-4.3499,4.0221,5.368,-7.3946,-6.1246,-3.921,-2.1599,5.702,-9.338,-4.8965,3.52,-9.3531,-6.8646,7.2949,2.6976,-9.5565,-2.9722,3.3686,-7.5916,-4.0357,-6.7253,-4.3557,-5.4704,8.7353,-0.1592,2.7381,-5.5644,-3.5292,3.5281,5.3094,-9.165,-0.29,2.3703,-3.9921,4.2314,-5.3459,-2.331,6.1673,-4.1392,-5.6658,0.6152,8.1866,1.8823,-9.2316,1.3175,-1.6287,5.7726,2.0331,-6.4833,9.3664,-0.3507,5.3392,-5.4371,-2.2387,0.5844,-0.6106,-2.8915,4.6937,-8.2186,4.2314,-1.2579,7.1196,-7.1608,-9.1986,-5.7559,4.7063,7.8403,-6.2712,-3.0329,2.6002,2.3354,6.5925,3.6676,5.0154,-5.6918,-9.8828,2.6997,8.3549,1.8896,-6.7994,-8.9199,2.5203,-5.1276,9.6634,-5.2336,0.2027,-9.1834,-8.9517,-9.2243,-2.8598,-8.3845,-4.0639,-2.9673,7.2989,-2.5322,-7.0255,-1.081,0.8069,-1.8721,8.4903,0.3093,-8.3877,-7.1231,-9.7822,-0.7175,4.9634,9.6739,7.0973,6.1592,-7.8891,5.6105,6.2262,-1.8496,9.7756,9.6608,-7.8159,4.8748,7.0266,9.5242,-8.1124,6.6089,0.9766,6.5433,-7.3198,-1.0812,5.0577,3.3202,-7.7326,-3.3438,3.976,8.3156,8.9788,5.7933,-1.0164,-2.0751,4.8261,3.9436,-4.2572,5.2683,7.7191,1.9218,-4.7864,3.7999,9.3545,-3.0558,0.2192,9.6773,2.7753,-9.2633
7.5952,-7.2869,2.4734,-8.0936,-9.385,-1.9603,-2.9389,-3.3185,1.614,-4.6867,1.2706,5.946,7.5901,1.113,-3.1305,9.4872,6.9485,-3.8132,1.0159,-0.5161,7.0607,8.7781,-8.5115,-8.3978,-8.3582,2.141,-4.5667,-4.2417,2.0328,-5.4844,-2.6657,1.2744,5.6991,-2.3549,-4.2918,-9.4567,-5.0297,-0.2088,3.4485,5.6045,-1.2237,9.5963,-4.3098,-9.4596,1.0917,0.9815,-7.3045,0.6996,-3.0222,9.7567,7.1773,-1.1085,1.6984,-4.973,9.5133,-0.6949,0.8026,-2.8712,-8.4193,4.6978,-0.6374,-2.5627,-4.3298,-2.5802,-9.6656,2.1606,-7.9805,6.4903,2.1067,3.2676,-6.4988,-1.5941,-6.9332,4.2204,6.5149,-5.6274,7.1813,3.0239,-5.1171,6.257,3.0416,-0.0069,-5.1427,-3.2978,-5.759,-9.5469,4.5064,6.0165,-3.9222,-3.5966,-9.6073,6.3664,-6.6166,0.8781,8.2056,0.2341,-7.6386,2.7002,6.899,-9.7429,1.1387,-4.6598,-1.8666,0.8756,-9.7895,-4.9734,-4.5792,-3.3461,-2.6498,-3.6558,1.2098,-7.9166,-7.3811,8.3105,8.0277,8.7739,8.5312,5.9302,-6.8693,-6.0927,9.1509,-5.5822,0.3331,-7.2771,-7.5452,7.3061,-5.1851,2.3689,1.7606,-5.2488,-9.6099,1.8793,-3.992,3.9608,-1.7484,-9.0054,-7.3018,-8.689,1.937,0.5041,-4.604,9.331,-3.4481,-6.6788,5.4497,4.7799,-8.5387,-0.4795,6.9011,-4.2109,-1.5279,-4.4331,1.3392,8.4856,-0.8016,-0.6834,5.6874,8.7675,6.1803,3.3152,-4.8993,6.9091,-2.0081,0.6741,8.0929,7.2671,8.5511,-9.6345,-8.8179,4.7679,-6.651,6.7627,4.4947,0.5982,6.4397,4.8715,6.8526,7.2219,-4.307,-8.1061,6.6352,-9.4467,-6.9146,2.4523,2.3795,9.702,-8.6651,-5.8181,8.638,-6.0803,-8.8349,-3.8576,4.4271,-8.536,-8.5861,-5.007,-8.5311,5.1015,0.869,-1.703
-4.8102,-9.6997,7.9454,-6.1671,-9.0804,-3.9078,-9.9905,8.4581,-8.7074,-0.5026,7.4643,2.0428,-5.1322,-8.7844,7.0311,8.6321,6.2695,-2.011,5.9437,1.3027,-4.5864,-3.2137,8.307,3.9718,4.681,-1.729,-3.9428,5.9688,6.0734,-1.8283,-2.2761,4.4447,-8.5852,4.3997,4.8256,4.303,-3.6332,-2.9906,-8.84,-0.6061,1.4001,6.8935,-1.1062,-3.6944,9.9405,3.599,2.569,-1.5466,8.9708,5.6955,4.4792,-6.66,3.4211,-5.5503,-0.1787,9.221,2.7734,-3.0565,-6.7215,3.5304,3.1627,-9.47,6.6883,-6.5683,0.7821,-7.7679,7.5115,3.4394,0.3373,-7.1059,0.444,-4.3131,7.7,-5.2344,5.719,9.2894,7.2925,-0.6926,0.6131,5.3728,6.6453,-6.2744,-8.7263,7.7475,-3.8756,-0.2218,1.5529,9.4642,-4.6172,2.5533,8.4379,8.4972,-5.8398,-7.1913,-0.1585,8.4813,-2.1877,-1.1635,7.5725,0.0552,8.4157,-4.2457,2.7893,3.7786,7.4805,4.7832,-9.3413,4.4085,1.2106,4.5669,7.7444,-7.2841,-1.6089,1.3081,-6.0429,1.2269,-6.1496,-4.511,0.1863,7.4371,6.843,8.4825,-5.0734,8.7492,-9.3334,-8.8391,-8.9178,4.1893,4.6166,7.0342,5.7668,-5.537,-6.549,-1.1239,-7.8458,4.4904,-5.2262,7.5637,6.4099,-2.2475,-5.931,-0.3843,8.982,-1.3655,0.5748,3.5105,-3.3309,-8.9858,9.2086,-8.9957,4.3953,-2.7642,-7.9371,4.161,-0.1182,2.5842,1.4036,2.6024,-4.1011,-0.2752,-8.2722,5.8827,-0.368,-5.604,-7.2859,-1.0549,-6.5857,0.5464,-9.2808,6.7015,-3.5481,0.7953,-1.0435,-8.9086,6.1063,-6.5367,-3.8424,7.6484,7.3269,-1.5832,0.5369,-8.1742,2.8302,-0.8872,5.6588,-3.3928,-1.5352,-5.5242,-6.0818,2.6897,5.8589,1.7458,-6.3958,3.4396,-3.9543,-0.5321,-3.0815,-7.8561,9.9549,0.3704
9.4909,-5.9881,-8.4863,1.9308,-3.38,-0.428,7.1404,4.0516,2.5662,-3.297,8.6984,-3.9657,-9.047,-3.3713,-4.4705,-4.9597,7.2007,0.813,6.3521,-2.0772,7.1519,-1.0683,-2.3417,-2.7848,-4.9432,1.227,1.9816,0.7296,-6.5798,-5.3971,-8.6772,0.5105,-5.086,1.8144,3.4581,0.0996,-9.6346,8.7756,4.4723,-1.9357,7.8983,-8.3844,9.8373,-2.0042,-8.3474,2.5004,-3.2786,-2.3111,-5.411,-5.0385,-0.6663,6.8946,4.7002,-5.175,-9.7006,4.4441,5.3156,5.2531,6.2893,-4.9699,-3.3161,-4.4444,-5.1071,9.3254,6.6435,4.7418,5.0408,5.2202,3.7667,-1.5069,-4.5772,-8.8847,1.5693,1.741,3.3516,9.0963,-6.2259,7.7014,-7.3368,-6.943,0.8283,6.4008,5.4519,3.8434,-0.9175,4.3346,5.3784,6.3302,-8.5962,4.5732,0.9597,1.2076,3.9821,5.9217,-9.4323,5.5081,1.8363,-7.3001,-5.3375,-7.1458,0.9099,-8.6787,-3.6485,1.1014,8.953,0.8021,-7.8383,4.6493,9.5456,4.944,-1.0836,5.8327,-5.1672,4.1114,7.2375,-6.0277,-1.998,2.283,-9.7415,4.1051,7.4244,1.4023,0.3086,5.3184,-8.3283,8.4587,0.6002,-9.659,-8.8049,1.2228,7.3651,-2.0856,-3.6428,8.2316,0.9507,-5.3801,6.5688,1.3894,0.8965,5.7288,1.0966,8.0611,2.0266,-7.2089,-9.7788,-6.4735,-2.8077,-6.3893,7.0937,9.0656,0.381,-8.1559,6.4739,-1.7312,-1.7601,3.4728,0.3945,-3.3025,-7.8988,-7.6233,-1.1848,-6.1382,-1.216,-1.567,3.5932,7.7433,7.1591,-5.7487,-9.7112,7.2095,-5.2691,5.8087,3.3702,8.7379,1.2159,8.1735,9.0043,-9.1513,-2.9454,6.0935,8.0801,5.2448,-7.5294,-8.1294,-0.2591,5.8507,-8.6754,5.9085,-9.0029,2.0315,-4.6607,-6.5792,-4.417,7.8857,-9.2659,3.4568,-7.0673,-0.0102,3.8152,3.6901
9.9313,7.0744,-9.0644,7.4054,0.921,-0.0295,5.2639,7.7989,9.5387,-5.8846,1.2597,3.8909,-2.824,4.6238,0.2425,6.0806,-3.8998,-8.6896,2.0949,-0.9757,1.0427,0.1263,-9.2043,-4.9425,-0.3911,-2.6077,-8.1439,-5.6306,1.3485,7.0021,-3.2304,-6.4205,-9.1771,-3.1446,-1.1666,6.4148,6.8065,-8.8664,-2.7951,0.3011,-0.8379,7.2104,5.1313,-7.6679,3.5426,0.7615,1.9175,-2.9755,3.0537,-6.2353,0.1707,0.0386,-3.1356,-9.2219,-4.8027,6.9353,-4.1243,3.4248,-4.9576,4.3008,5.9746,1.449,7.4945,7.607,-3.7915,1.1404,2.0683,-6.8804,7.3959,-2.1385,5.1782,-3.7326,2.6032,6.104,0.0387,-9.9933,-6.3484,2.4374,5.7404,5.6332,-5.8947,2.206,-5.42,-8.4956,1.4563,-0.3398,6.5584,3.8582,2.3866,-6.588,-6.7865,-0.012,1.2526,-8.951,-9.4971,-3.5705,9.3561,0.3412,6.9549,7.364,-7.6464,4.3556,-3.6781,-0.446,-5.309,5.6268,3.344,-0.251,-9.732,-2.2431,-3.5746,9.727,-4.1262,-4.608,9.0024,0.1335,-1.3699,-3.5323,-8.8169,-9.9093,4.7241,-5.1404,5.3488,1.7796,7.2634,8.508,-5.418,-0.4539,-8.0923,1.9683,5.174,6.8524,-9.0082,4.2913,0.5397,-5.2384,2.6458,6.0132,-4.3439,8.0516,-9.3021,2.7127,0.637,-8.7039,-9.9597,-3.8547,-3.238,-5.3206,-5.1356,4.4926,0.3027,-7.3918,9.2288,6.0945,-6.1499,-3.016,7.9056,-2.3318,9.9061,-0.3178,-9.3669,5.7653,-5.0984,-4.4135,5.5944,0.7328,1.4807,-7.9143,1.0359,5.5091,4.6091,-4.732,-3.2281,9.557,-2.8683,1.7194,2.746,4.6815,-8.7223,-3.1806,3.1428,-3.3554,-1.6402,3.6589,2.1316,-2.1658,-9.0772,-2.1825,6.4136,0.9858,-1.8655,6.7574,2.3632,4.6968,-7.3125,-9.1987,-3.4873,-8.278,0.1956,3.2326
9.0931,1.8105,-7.1129,-4.6149,-8.7239,1.4577,-7.7556,-9.7302,0.7963,6.3119,-8.9165,-1.5777,-0.0526,0.6903,4.1145,1.6984,4.9611,-2.4764,-6.8689,-6.4648,-5.0286,-1.2257,2.0808,-0.9809,3.4494,9.7987,-7.2409,7.6118,5.139,-9.8169,2.8419,5.2635,5.5843,-4.1236,9.9547,-7.9535,-3.0066,-7.9519,-2.3644,-4.2161,9.78,-1.6983,-3.9942,-2.6008,-8.8485,-2.8434,2.968,0.9363,1.6098,-8.6425,4.2376,0.4554,5.7253,8.1332,1.3648,-8.312,-1.4938,0.1774,-9.2817,-5.8971,6.0927,-5.1399,-9.1034,-6.1546,-9.8617,0.4059,-6.0425,-7.8043,-2.6404,1.5873,-0.519,4.2337,-6.6614,1.1275,8.5653,-9.0168,2.085,7.6439,-0.566,3.1183,-0.8313,7.1935,9.0485,1.8646,4.532,6.3151,8.1302,3.8873,-7.8686,2.8467,7.9891,4.9529,4.8483,7.1431,-8.8061,8.5949,-5.1901,-5.895,4.3689,3.208,-7.0065,-5.8132,5.0379,1.1443,-3.6243,6.194,6.8795,-4.3608,3.9688,7.5186,-7.4226,-4.6225,-8.2775,2.1742,1.4729,-4.9313,-7.5282,0.6857,2.7797,7.6809,-9.3345,-6.0433,8.5691,0.6736,2.2099,-3.6357,4.0491,9.2555,6.9943,4.5953,-5.3707,7.7993,1.385,-3.7845,-9.1727,8.5074,-4.5511,5.0519,-4.3228,5.1237,8.7196,7.1207,-0.8883,9.3185,-3.1851,-4.4189,3.5656,3.6519,-9.0639,7.7512,-8.8645,3.9536,7.8107,1.6773,7.0584,6.7478,-0.4347,-5.5906,9.0758,-1.3556,5.5722,2.2644,0.1541,8.1096,1.8613,8.851,2.5031,6.0989,0.2245,0.2427,7.8692,5.2941,-2.557,-8.316,-8.0825,-3.4428,8.2459,0.1537,-5.6263,-3.4454,4.5871,-4.6543,5.3241,4.7492,-3.5166,-2.6983,0.9198,7.3928,8.4788,9.37,-6.8722,5.3193,-1.4436,-6.9087,5.6506,-4.564,-3.1948,9.3095,-9.746,2.2388
-9.9935,5.9464,9.0269,-6.2103,-3.7397,0.6579,0.226,-9.7615,5.5955,6.8072,7.0967,3.8599,-6.0563,7.3927,-8.892,-9.9123,-0.7623,-3.6522,9.2426,-6.6493,-2.3818,7.573,4.4472,-5.2152,6.5534,-8.5251,-7.2096,-4.6679,5.7659,-6.7019,-8.7563,-2.6421,-5.8384,-9.7682,-9.1665,2.5228,-4.8422,7.7329,9.075,7.3496,2.3097,-1.0796,-0.3535,-8.7195,8.756,4.9393,6.8895,4.8818,-9.5799,3.4716,5.0164,-7.349,-9.0971,7.0236,-0.5492,-5.2013,7.5605,8.2438,-2.5144,1.7176,4.6674,2.089,-0.5799,-1.6524,-4.9921,-4.5254,3.158,2.5926,7.3933,8.8736,6.3097,2.445,-5.7678,-6.1123,7.3927,-8.3985,-4.6235,-1.2989,-4.4325,9.9833,2.3345,-9.2483,4.6929,2.3164,-8.3654,7.7178,-1.8046,-7.6248,4.4438,3.234,5.1798,-9.8715,-6.9857,-8.4384,-4.4845,-9.2006,6.3488,6.7074,6.0696,5.6845,9.7075,-6.2195,-6.4672,-2.5185,9.7602,-2.0438,-1.2092,-3.4702,-7.6594,-3.9211,2.9464,2.5347,-7.5376,-8.934,-4.3574,4.2658,8.9491,-9.7014,-9.2662,0.2509,7.2734,-0.3569,0.5903,6.0409,-9.6026,-9.1386,-2.8074,-9.4021,2.4275,-7.9951,-0.7208,-9.5122,-7.9816,-8.0247,9.0974,3.6334,9.4608,-3.2014,-5.9983,-0.0647,-2.6645,7.5596,-9.1646,2.5773,-2.7201,-4.6981,-6.2226,-1.5117,-5.4308,2.1703,6.4699,-2.8195,0.3739,7.3533,3.644,1.3421,7.6779,5.0028,7.2522,4.7654,-1.8366,8.7779,8.5365,-2.5325,-3.22,-0.6907,9.4815,8.8014,-1.5778,-5.5378,-0.3312,5.5752,-6.9872,4.3192,4.5534,-7.802,-7.3804,9.0703,4.3015,4.3193,8.8569,-4.5157,-2.6546,-3.4089,2.4464,0.6652,-6.4046,6.9575,-1.5715,-1.0049,-1.7945,3.8818,2.5329,-3.8794,4.5591,-1.4119,2.3668,-0.5755,-6.0948,-4.2752
9.7236,0.3408,4.7743,4.743,-8.7114,1.0264,-1.0015,5.7538,-5.5776,-7.9753,4.7439,-3.1893,-1.6046,-2.1579,1.6254,2.0572,0.2166,-2.3615,0.326,9.4579,-7.2184,-6.6389,-9.5997,7.8708,-8.6876,4.7745,-8.0476,-2.1292,0.9596,-9.385,1.8311,-3.4138,-7.4657,-9.0873,7.5946,-9.1303,5.9004,4.9852,-6.2879,6.2232,4.6915,-3.1226,4.2183,5.5131,6.0097,3.6443,4.1427,5.9124,8.1385,-9.5419,-8.2152,-3.3044,1.2778,-7.2618,0.7067,4.0572,-7.9059,-8.8934,-0.6604,-3.9556,-5.0114,-4.7812,2.5232,-6.6126,-1.4468,2.9834,-1.3231,4.4376,3.9643,-6.0136,2.0903,-7.964,0.6902,5.7349,-4.2983,-3.3763,4.4236,3.8404,-4.4548,-7.2783,-4.1034,8.0857,-7.4578,7.8628,-5.0461,7.8397,-3.131,-3.5575,-2.9487,-0.6251,-7.2376,6.0098,5.9248,-9.6941,9.2795,-9.2648,-2.5603,0.6659,9.4829,-1.4591,-3.3964,9.7479,0.1562,6.5034,6.4046,4.4824,7.5463,7.47,-6.9361,6.2298,2.6988,-3.2033,8.5787,4.8525,-3.9449,-0.3169,-5.697,2.2755,-7.2257,8.3458,-4.4199,7.9671,-8.587,4.2778,9.2714,-6.338,-3.6269,-6.9872,0.5577,1.9529,-9.0264,-7.8089,-7.8956,7.7777,-7.1745,7.7887,-0.8468,4.0362,9.2417,-3.903,-8.2252,4.5689,-1.4537,6.6006,-2.5497,1.3987,8.2443,1.3565,8.2832,-5.0784,7.6929,0.5553,4.7362,-1.1344,-7.6093,-0.0508,3.733,-0.9019,-5.8057,-8.9657,-9.175,8.8593,9.4163,3.1875,-2.4293,-3.6423,2.9084,9.5223,-2.9909,-8.5743,-5.1217,6.8843,1.4227,4.1918,-9.961,2.4936,2.6948,-9.9098,-6.4654,4.0616,3.1767,-5.2417,-9.4856,-0.6832,0.8559,-2.4281,-1.7029,-1.9034,-2.0954,-2.6211,4.6314,5.7017,9.1729,4.7902,-2.8894,6.5356,-2.0055,5.8011,4.4506,-2.1986
1.9563,-5.0017,5.5307,-2.565,-5.1249,3.2069,-7.6444,2.1294,6.5721,-7.5857,-6.595,4.3638,4.9069,4.3548,9.8982,-9.3352,-2.9045,-7.022,7.8279,1.5901,-9.7785,-9.5303,-8.7291,7.4975,-3.5389,-9.3562,-5.1596,0.2969,-7.0008,-8.756,3.1637,-7.6163,-0.3949,-3.3542,6.9279,4.9035,3.3111,0.3579,5.4191,9.3335,4.6866,0.5023,9.1381,8.6222,2.0288,2.3942,-8.0122,2.5029,-8.9751,7.9959,-6.2324,-9.1271,-9.0931,4.03,9.6862,6.7287,9.3699,6.0386,4.1436,-7.1541,-3.03,-0.9308,7.2885,-3.2165,-3.385,-7.9086,8.5116,-5.7772,8.8313,-8.8791,5.2775,-9.1156,1.0148,9.3708,-5.2008,9.0953,-1.0195,-8.0095,0.2095,-6.616,-0.6449,6.21,7.352,-8.9609,3.3343,4.6808,3.0488,5.6025,-2.9502,9.4853,-4.4788,-7.793,4.4607,8.6408,5.1953,-9.4946,6.1813,-7.1087,5.7548,5.0259,-6.9448,0.4238,-5.1276,-3.8717,6.4636,8.3643,-8.1049,0.8027,7.0642,4.1437,1.7613,-0.0763,5.7939,8.2292,9.7528,-6.438,6.6719,7.8772,-0.8782,-8.4165,-2.6841,-0.0875,-0.3287,2.7686,0.8028,7.8044,-3.1353,3.917,5.4162,8.8198,2.2837,2.5548,-8.5535,-4.3242,-8.9901,-3.1763,-4.1234,-5.5464,-9.2313,-2.5013,0.0116,-4.4458,0.4297,0.8023,-8.5242,-2.1165,-5.7028,-7.5423,8.7879,5.0501,8.2797,5.4128,-2.8422,4.084,1.0156,-2.0491,4.6435,-6.7618,-5.0674,4.5927,6.6862,0.3803,2.7461,-2.5676,6.5341,-9.9687,7.5228,-0.2436,2.1494,-3.505,-5.7509,1.5256,6.6252,-1.3176,-4.2126,-6.4297,-5.611,-4.7665,7.8161,4.191,-8.488,-0.3877,6.2739,7.5821,6.9989,-0.7732,-2.5904,-0.8182,-5.2133,-1.3504,1.4076,-5.8332,8.148,-1.3178,-8.0697,3.9573,1.169,-2.0198,-3.7673,-1.9863
6.6989,-2.7179,3.2916,0.7856,3.0231,9.587,4.5153,-8.2926,-8.4242,1.6045,-5.3771,-2.6294,1.6398,9.846,4.8809,-2.3026,-6.7049,-1.4019,-7.9806,3.7789,-0.0855,-7.7922,4.0889,2.0271,9.9423,-7.1583,-0.2042,9.319,-2.2071,-4.7063,-1.8686,4.4984,5.5329,-5.0573,-9.2035,-6.0459,-1.1053,2.2271,-5.1936,1.4331,-2.1539,3.1171,-9.356,-4.9922,-2.9396,1.326,-8.2641,-2.3227,-2.5468,3.7502,-1.7912,-4.6915,-8.3669,7.8454,9.1361,8.971,6.9148,-7.3567,9.4201,-2.2315,4.6618,-7.7429,-0.5793,8.2651,0.7448,9.6049,8.8359,-0.6884,-9.434,-9.7437,1.8295,0.8302,-8.992,4.2589,0.9933,2.3329,6.0506,-1.0054,4.0512,-5.0508,9.7927,-0.8487,-8.3126,-5.5105,-7.0734,8.1845,-9.5502,-7.7673,3.7769,-2.5507,3.9853,7.3484,5.1866,-8.8898,0.3265,5.8385,7.465,7.6421,-7.0484,1.2177,-2.6852,-0.5113,-6.5269,7.1563,7.5116,1.059,-2.4942,-7.3981,-9.2402,3.2462,0.2636,-0.5935,-9.9031,4.9842,1.5063,-6.9247,5.8221,3.6337,-9.2702,9.1653,4.3696,-9.6966,-7.9951,1.8824,5.0541,3.8394,-0.96,0.7888,3.7058,1.3541,-1.9749,-2.9823,0.2155,9.4128,9.9064,-0.1405,2.2392,-1.0676,-7.1806,-1.0642,-3.1911,1.2998,-2.3117,-3.6361,6.418,-5.2209,-4.6017,-7.8866,9.7514,-8.1286,-7.2527,0.2088,4.1944,-5.9676,-7.1858,-5.0419,-7.9585,4.1459,9.3716,-4.8771,9.6667,-9.2541,0.3841,0.6934,-2.4615,3.8235,4.8261,5.7188,-2.1611,-7.5335,3.6621,1.1837,-1.151,9.1223,-8.2873,9.5827,-5.2174,3.9535,-0.9672,-9.8984,8.831,2.3115,-6.2129,-3.0625,-5.8026,-6.8986,-6.3087,-2.8655,8.296,-1.07,6.6758,1.7442,-1.8954,5.6881,-9.0842,-8.0651,-6.2485,-5.9214,6.4607,3.1887
-3.8098,3.5895,-9.7935,-7.3487,5.655,6.556,1.8205,-1.3007,3.1957,5.2533,-9.3441,-5.4378,-6.9564,0.5919,-2.654,-1.0641,7.0754,9.1027,5.096,-9.2866,-6.9435,2.4835,-0.1003,-0.8402,7.1102,1.9656,-4.3595,6.1993,8.385,9.2124,-0.7415,-0.7614,7.1964,5.3275,0.3823,-7.8144,-4.9407,-8.6393,-6.5804,-4.1289,2.1725,0.4134,2.3794,6.3543,2.5007,-7.1578,1.5487,8.4799,4.4594,5.444,-6.7231,7.6191,0.7905,-5.9351,-8.9486,-5.1797,-9.2568,9.8408,-8.0305,-4.3038,3.4789,-7.1366,-6.516,3.0651,-9.8528,2.2465,0.0073,-5.3039,7.9737,1.1291,-3.4102,-7.9875,3.9423,7.3644,3.1345,-3.409,0.553,-9.4665,2.1036,9.3179,-3.6937,8.432,4.0794,-6.3073,1.0373,4.6912,-3.1974,-0.9915,-3.0416,7.7946,0.4003,-3.5691,4.1243,-7.3952,-7.7139,4.9554,9.3711,-3.2035,-3.5818,-5.2585,2.5002,-3.9429,4.3738,-3.0867,-1.5326,-0.7363,-2.0855,-4.5717,7.3704,2.0823,8.337,-6.2046,-6.875,-6.2408,-4.4333,6.1233,-4.7562,-0.2217,9.4771,0.3238,4.8991,2.869,5.0223,3.35,0.4598,4.7624,3.4747,7.8016,-0.5111,-0.7837,-0.9578,-4.498,3.2449,-7.0976,9.4858,6.6852,-4.458,0.2028,-0.1699,-2.1662,-8.1846,8.1395,-4.4935,-5.0284,-1.7598,-5.1811,-3.7957,9.3655,8.1443,-3.5882,-9.215,-2.889,5.4017,4.063,-2.5775,9.8418,-5.3827,8.9826,-9.9845,-9.9117,6.6133,9.3315,4.091,8.8525,-9.142,-1.5076,-3.6255,-3.6293,5.3011,-7.1837,4.1855,-5.3918,5.0453,9.6941,-4.3707,8.8343,0.1282,5.4502,1.7327,6.2349,8.2829,8.2823,-8.4163,-9.4882,-3.3586,5.6036,-3.201,6.0014,-5.9743,4.6973,0.0782,8.4397,2.4265,8.2852,-2.7619,7.2722,8.8367,-4.3922,-5.8387,-5.4275
7.6264,1.3317,8.4426,-8.8005,-6.2405,-5.9898,0.9921,4.8098,-1.737,-7.8764,0.8028,2.4504,7.5528,-7.9695,-0.3997,4.331,-4.1754,-6.2641,5.9621,5.0455,6.1237,1.0828,-7.6021,1.8869,7.5439,-4.865,1.3843,2.6104,1.2387,7.2573,0.6078,1.2749,0.3167,-2.6694,8.421,-4.6264,8.2931,-5.6389,6.9588,-2.5019,-3.3174,4.018,-0.7461,3.2814,-2.175,-3.5802,2.9379,-9.7668,0.21,0.2867,2.4993,7.9165,3.6726,9.6968,1.1162,0.851,-1.9855,-3.1996,-9.9612,-6.233,3.5326,-2.1009,-6.3599,9.607,4.3049,-7.9036,-6.6455,0.1555,-9.9636,8.7007,7.2078,-0.1374,2.5039,3.0449,2.1222,6.5833,-1.3087,3.7186,0.973,-2.7376,-3.0679,8.8849,7.2401,2.278,7.8379,9.4963,9.6473,8.0673,-6.6879,5.7766,-4.3226,9.7976,4.2036,-1.967,-7.6196,-5.7032,9.4861,5.5667,0.0465,-2.3705,5.8637,-5.5839,5.2877,0.3168,4.932,9.3999,6.9054,9.762,-7.3159,3.646,8.0469,4.9815,8.2673,-5.5311,-5.894,-3.6328,3.2749,8.4315,8.0549,-4.2609,-4.3008,8.1296,-9.9397,-2.4096,3.7163,0.5215,9.0124,8.3525,0.5432,3.1202,-7.1169,-8.8662,-4.6534,6.0223,3.4492,-1.4084,-2.2993,-9.0493,-9.8445,6.7234,1.8114,-8.8433,-4.0301,-1.7231,-0.9798,-3.5938,3.326,6.9271,-4.6989,-1.3325,-5.82,-5.0811,3.9538,6.2458,4.6891,2.3821,5.7165,-8.3102,4.6437,7.3247,-0.0235,8.3245,4.9835,-3.1464,-8.7509,-6.7561,3.2518,1.3237,-2.8403,9.7051,-9.8538,-9.7025,4.8565,4.582,2.1653,3.0613,-7.2905,1.3205,0.8685,3.7234,4.8321,-2.5556,-4.537,-6.3797,7.6406,1.7606,-4.3003,6.2206,2.0192,2.3932,-2.2016,7.2265,-8.6245,-6.2583,6.1541,1.4294,7.2012,8.7884,-1.4407,8.7962
-9.5622,-6.2605,-7.697,-1.1195,0.311,-1.6537,-6.7883,-4.4302,1.8579,6.9356,2.2207,-4.365,7.3358,8.6471,8.6774,2.9574,6.9368,-4.9533,-4.6159,0.8481,1.7084,5.4901,-4.292,7.7623,-6.466,-7.2246,-0.0001,-2.521,-5.4749,8.3878,8.1355,0.9976,-9.7835,9.1542,-2.4913,-1.9917,-7.6233,1.5846,-5.4605,-1.8685,3.776,4.7269,-3.4302,-3.3605,-3.9195,-6.8045,-8.9117,-3.6451,8.6685,-1.5706,9.4269,4.4583,-4.314,-8.0759,-2.5886,-1.9536,3.2186,-8.1932,-8.3533,4.9781,4.5734,8.5943,0.0792,8.9469,-0.7625,-8.5316,-2.0132,-2.8237,5.7697,-3.8324,-3.2369,0.895,5.1782,-9.3944,-3.9096,4.7578,-2.4867,9.7692,-2.1736,-0.9096,4.3522,8.1547,-0.4691,8.0339,8.5702,8.7501,8.117,1.9263,4.4109,7.8458,-7.4661,7.4515,-2.4866,6.1865,-2.5978,-4.7033,-9.7686,6.1806,-2.6003,4.004,-2.1549,7.7269,-5.8238,5.0447,1.8561,1.3028,1.2616,-3.4009,4.0078,-5.0496,-8.9989,8.168,7.6283,1.0297,1.0883,-1.9171,5.7797,2.5085,-8.6244,-4.4374,5.2657,7.2619,8.5726,9.4689,-1.9465,6.1113,1.0965,-6.5079,9.7687,6.2059,-2.3695,-3.8767,-8.8084,2.8788,9.029,-8.5341,9.6611,-7.0496,-2.3184,8.4045,3.2275,0.2299,1.9879,2.9759,-1.2016,-9.5249,8.7441,-4.6094,2.3577,-8.4535,8.9521,0.2512,7.9557,5.9567,4.3119,9.4116,-8.4985,8.3715,-9.767,4.8114,-9.7948,3.5198,1.0806,5.7912,4.0295,7.5514,0.9096,5.6865,4.7928,-9.5592,-2.2487,0.3186,7.3451,-2.3666,4.586,-3.7315,9.5688,-5.3082,-4.1229,5.5811,7.3986,-7.3902,7.7024,3.5473,-9.0241,-7.983,-5.3557,4.2958,-7.6711,5.2629,-7.6704,2.2914,2.586,3.6604,-3.4389,-6.8602,0.8834,-5.0805,7.6322,-7.4173
-1.2826,7.9795,8.321,-5.9518,4.8814,6.3264,-3.3237,-7.6645,-3.9304,2.2692,-2.4891,7.837,-6.6654,0.2189,0.2234,9.0656,9.5922,3.0055,7.2091,3.7051,8.3711,-4.0394,-3.2402,-6.8471,8.7582,-6.6235,-0.449,8.2542,6.615,-7.9287,1.8221,7.531,-9.878,-1.9018,-0.165,-2.456,9.1335,-3.56,-9.0072,6.3516,5.4383,-4.4493,-5.8226,-7.7102,-3.1416,-6.5124,5.2495,-1.5791,7.428,4.7824,-0.7162,5.2568,-2.553,5.8669,-6.3109,-7.5593,7.1172,0.7277,2.5521,-4.7036,9.2124,-3.6323,9.0061,1.4633,4.699,-9.73,-8.993,-3.3466,5.9928,-3.5096,-4.8806,9.6891,-4.1087,-2.9982,7.7292,-2.8642,-0.4777,-7.9979,-3.6543,-7.1199,2.3826,-1.143,1.1881,-3.4654,-5.4337,-1.5563,2.3796,-1.1145,6.8928,1.5254,1.1103,1.6671,1.2241,-9.8982,-5.8544,3.091,-1.5828,1.4802,-8.4878,-5.1821,3.9931,4.2335,7.0737,-5.7004,8.2191,9.5593,4.0387,-8.0735,3.8125,-8.5226,-0.6443,-8.3622,7.3549,-8.384,-1.1469,-1.1851,5.0735,2.4486,2.0673,-8.2424,-1.0207,3.6049,6.6998,-9.1413,0.8638,-1.5107,9.327,-0.4446,8.3079,-4.7746,-1.5905,-5.683,6.3257,-1.7784,-5.3401,-9.3744,2.175,-3.8454,4.5058,4.5432,6.9479,-6.3085,3.3978,-1.0016,-2.6703,7.1808,-7.9094,-8.3206,3.5893,-3.5649,7.3325,-5.2224,9.4306,-3.6862,-7.3461,-4.7646,-4.9754,9.0262,-2.9988,-9.6703,-8.9164,6.3061,3.008,-3.378,6.4614,-0.8835,2.5183,-5.0313,7.6695,9.6682,-6.1309,-3.2059,-0.4177,-7.2051,9.7946,-6.3514,7.8151,-2.766,9.4406,5.8406,-7.4392,-7.3105,9.3168,-1.2606,4.9797,1.5047,6.0142,1.9414,6.9617,7.6151,-7.4392,7.3949,6.726,-1.5502,8.6215,-3.3773,-9.5554,3.1902,1.437,8.7208
6.7164,3.7775,-0.5017,-8.5265,-3.6822,9.0358,3.7138,-6.5244,-1.316,-3.4019,5.1567,3.5715,-3.7154,-7.6831,-8.4453,-4.5178,0.0467,1.389,5.0467,6.755,-4.7684,-5.8387,2.506,7.139,2.5649,-4.5569,-2.2017,5.6366,-5.3941,-8.1399,-1.8982,4.8055,-5.8103,-5.9378,-8.5946,0.0345,0.7024,-6.2773,-7.8383,-4.5716,-9.3827,-8.7795,3.3962,-8.149,1.5929,-2.5202,-2.4061,9.2352,-8.8028,-9.2286,6.0498,8.0352,-0.5754,6.9808,8.4597,2.6998,7.1005,9.702,-5.4193,-3.3375,6.2115,1.8063,8.0593,-0.4016,-9.0433,0.755,8.1659,-3.446,5.6285,-6.4614,9.9493,5.8333,-9.3518,-6.3378,2.5293,-9.2898,7.3954,-6.7677,-6.6713,-1.5599,8.1573,-5.4486,7.0559,-9.8692,4.582,8.9868,1.1679,2.2632,-7.2852,8.4703,-9.566,2.1833,0.7841,6.5549,2.0599,3.2994,-1.7479,1.8726,0.6635,-1.4067,-7.727,3.473,-8.2586,-9.9885,-6.71,-6.901,-2.6043,-5.5464,-3.2054,-5.7174,8.6915,1.9742,0.9422,-8.5319,-8.5458,6.7272,9.4221,1.6427,-0.7884,9.5215,9.9781,4.3981,-4.1605,4.0564,8.9991,9.0999,1.242,-5.4705,-7.0134,-7.2631,-1.0024,-7.6133,2.2718,4.7808,-9.2619,2.208,-6.6932,-7.6775,-9.1159,-8.1794,8.7563,3.6923,-6.5288,-6.1712,-8.1634,-7.4453,-1.3958,8.2414,-8.9116,-1.5245,2.042,-8.3691,-5.3623,-8.7269,7.6521,3.8549,1.6345,3.4424,-3.0059,-9.3229,-6.406,6.0456,6.1889,-2.9456,-5.7289,4.2268,-0.045,-8.0215,5.345,-5.4697,-6.3798,-2.5689,-9.2873,1.9262,2.7713,1.0323,-7.432,9.6319,3.2853,8.7079,-1.8836,0.4692,-6.2047,-1.811,-8.0965,-8.3756,0.2401,7.4795,9.5463,-1.9989,5.6936,0.0349,-5.9129,2.0876,8.8996,-5.3906,6.8898,-4.7338,-4.1798,-9.3979
6.9109,-8.9817,-8.0089,-3.9232,-0.4417,6.3593,5.4904,-3.8446,4.1333,-1.973,8.7077,5.1389,5.8479,5.871,-9.534,5.4723,3.7138,5.7847,-1.8207,9.7513,-1.1195,8.9453,0.279,1.5997,2.1341,2.203,4.9726,9.2512,-0.6333,7.0349,4.7511,-4.4579,-8.1963,-7.9643,-3.7439,9.4058,-8.1436,6.4403,-0.7188,-7.6464,-6.3433,-3.3698,8.185,9.6898,-2.1112,-3.9349,-1.8248,-0.8808,-1.5214,-7.2836,9.8002,0.4473,-0.0287,3.62,-0.5479,3.2776,8.9965,-7.0187,1.6321,7.897,3.9733,-8.8835,-5.4216,4.7291,3.3655,2.7492,9.2346,9.7931,-1.0673,-0.8204,-1.6158,-0.8104,-4.6341,-2.4298,5.6366,-6.6686,-1.5009,-9.6513,6.5847,-3.2891,3.0275,0.9862,-7.3913,-7.0981,2.4737,7.419,0.4373,-3.9522,8.9982,7.0658,8.9898,-7.9917,0.1086,-6.5638,-5.7922,-8.6909,-8.4375,-7.7352,1.268,0.1943,5.4714,-1.1725,1.1151,4.0437,2.9407,-0.4839,-0.1142,4.0705,6.3946,-7.2983,-1.1481,6.8717,-1.9881,-7.1334,6.3513,5.7256,4.4674,-0.7238,-8.8041,-5.3605,-6.2139,7.2571,-5.6644,1.1379,-3.3025,-7.7391,-0.597,8.7908,3.7948,-0.5797,-6.3708,2.0501,8.226,3.1616,-2.7535,0.7965,7.96,9.6002,-6.8774,9.0128,4.5762,-3.67,8.0433,-6.1527,6.32,-2.1309,-3.9779,3.8264,-2.8207,9.7259,3.8621,2.7873,-6.2133,0.6482,3.8443,0.0657,3.9032,7.0623,5.9161,1.8141,7.8853,-4.1007,-1.1217,0.792,-5.689,2.1219,3.2625,-3.854,-4.7084,0.9129,-0.351,6.6819,-8.0679,2.5713,-0.9947,9.9586,-7.1806,-2.6089,-9.7124,-6.1123,-2.7036,-9.8496,-1.1468,-8.5569,-5.07,2.4613,6.3366,-8.5759,-0.8758,-1.0722,-9.2734,-3.3397,3.792,9.4094,5.6424,7.9359,-4.7036,7.7998,5.163,-8.5395
-0.0247,-7.1356,5.9192,7.1931,4.5142,0.6413,1.7294,-0.8855,3.7083,9.8258,-0.7742,3.6304,-4.8506,-0.0074,8.891,4.1295,-6.7151,-9.0051,4.735,-4.0722,-4.4279,-5.7795,-3.9028,6.7683,3.6289,-7.5989,8.7032,-1.4733,2.4415,-2.3425,-7.4712,-3.3674,7.6153,3.2733,9.9804,1.2118,-4.6442,4.8065,9.4774,0.3625,4.5269,-3.2194,-4.095,7.7986,-0.8387,3.0943,8.4329,6.007,3.421,7.7455,-8.8647,7.9027,-2.6097,0.452,9.8799,7.9198,1.3064,-1.304,8.6083,2.8009,5.7382,2.3399,-6.8549,-7.2382,-0.7053,1.1986,5.0527,-5.1505,6.5014,8.1585,3.6365,-4.6303,-9.9856,1.213,-1.3371,9.9911,6.8098,-4.4805,2.5536,-0.976,-2.5378,-4.4991,-9.3544,-2.7278,8.1844,3.4826,-2.4903,3.4175,-5.7444,-8.7858,8.8448,7.8583,-9.9238,-4.548,-0.2978,0.0351,-5.9511,5.0182,-7.1858,-3.1492,1.3856,-4.5413,-5.5898,3.4576,-1.5308,1.8553,-6.5552,2.2118,-3.5002,-0.1154,4.9826,-1.6502,9.1461,8.5327,4.5068,-1.0317,-7.6869,4.9178,-0.0581,6.3334,2.1271,-1.613,-3.775,3.6675,-6.9195,-6.3372,-4.095,6.3722,-5.6254,-6.0229,9.1382,-1.5805,0.4982,-8.9029,4.3663,0.5,-8.0781,9.8126,9.2524,-7.9531,6.951,-0.7122,0.1515,-2.5407,-3.7026,4.4544,-9.4935,-8.6477,-5.6005,-0.5049,7.0313,7.6374,4.8902,-7.1659,9.8573,-6.6533,-3.4881,3.9298,0.7314,-6.6259,-3.0694,-5.9839,0.3447,0.5265,7.258,-5.9659,2.4831,-2.9756,-6.8254,-5.838,-4.2241,-9.1552,-3.3478,3.0862,5.1159,-9.7578,6.44,2.6471,-6.0607,-1.9565,-7.3672,5.358,-9.2169,6.466,2.6877,-5.8896,0.7397,6.1226,-6.0498,1.2939,6.5652,-4.3687,-7.0729,2.5538,2.0438,-0.473,-2.9219,-3.709,2.2684,-5.1748
6.8558,-9.7048,-2.8135,-4.8852,5.1071,7.9789,8.87,-0.8534,6.5078,9.8219,1.58,8.395,-9.7827,3.296,3.7255,3.023,-1.5811,-3.2788,7.8031,8.1027,2.3034,8.4115,9.6069,2.9856,-8.3369,-5.8863,1.2665,7.1063,7.6715,1.8658,-3.2824,-9.3561,4.4115,3.1591,3.864,8.112,-4.0817,-7.1844,4.0937,-4.4484,-7.8368,7.3985,-2.5374,4.9432,-5.3681,8.2188,-2.3639,-2.6931,-9.3172,9.4668,8.9317,1.2824,1.2324,7.0666,4.1893,-1.8068,-1.4539,7.7539,2.6658,0.5878,1.9261,-0.6644,3.6756,-4.2785,-0.6158,-7.5791,-4.6999,2.5142,4.3835,6.5563,0.1151,5.4331,9.0987,-5.3547,-6.9583,-0.6964,1.4456,-6.5071,9.3369,-5.553,-3.1626,1.4568,5.501,1.269,3.0849,-2.6408,-9.3201,-3.6212,2.8512,-8.0585,-7.9418,-5.0605,-5.8778,-5.0,3.3972,-6.2717,-6.8563,3.55,-9.5306,0.8529,-9.491,-7.6158,8.7001,3.6067,-3.5999,3.8365,-8.1744,-2.7519,4.4437,-2.5374,-8.9323,-1.018,7.6657,9.3783,6.0541,2.5486,-5.8515,8.1605,8.2784,-7.6065,0.6881,2.3103,4.0777,-6.2705,1.6023,9.8816,-7.0131,-5.2094,0.8701,-0.9126,0.7066,1.2945,-0.1129,1.5236,3.4723,-6.4146,-1.2559,5.8265,-9.2784,-8.0173,-9.4122,-4.1496,9.8596,3.9806,9.075,1.275,9.6963,-1.6855,-6.394,-0.1436,2.3711,3.4044,2.8595,-7.1437,1.3179,-2.8523,-5.8834,7.5235,-8.8116,-5.9607,-4.0504,7.5128,-2.4684,3.4314,-1.9056,9.6612,-0.986,-3.3831,0.0571,-1.2524,-6.4578,-4.6765,2.3645,2.3743,3.0184,-3.8751,-6.4555,-6.2817,-2.4502,-7.7944,-8.9796,1.7406,1.143,1.5296,-2.1564,1.3685,-2.9753,9.6258,5.4529,2.4485,1.3632,4.6234,4.9357,2.959,8.8241,7.7519,5.6763,-6.3987,9.9623,0.9949
-9.2499,2.4474,6.5819,-9.365,-7.6995,-4.16,-0.0157,5.4793,9.7989,5.8184,-8.7304,-6.911,8.272,8.3639,-0.914,9.7216,-8.186,-4.777,-2.7978,-7.8428,7.1672,5.4217,-8.405,-4.7499,-3.8737,5.3419,-0.7222,-7.663,7.4181,-5.1336,-7.1864,-3.8891,3.3536,-7.0795,-2.1966,5.4091,7.9511,-6.7467,4.5569,-5.6165,4.7899,9.8668,-1.5277,8.8705,-1.7256,-1.7322,-5.3454,-3.8319,-8.5853,2.0702,9.7287,-2.4218,-8.237,9.489,5.3916,-3.0156,-9.224,-6.9663,9.1426,-1.6308,-5.6033,-3.4011,5.1359,-7.2832,7.0971,-2.2186,-0.1367,1.6778,0.9527,8.898,8.1237,-6.8549,8.2098,3.8054,2.5488,9.7875,-3.9455,4.8681,-1.0115,-7.5788,7.7251,6.9453,2.4044,-8.4259,-1.5673,-4.0422,7.2494,-3.7784,-4.4084,-1.4287,-6.7525,-4.5683,0.1018,6.7914,-9.7164,-6.522,-3.2384,-0.2478,3.0381,-2.7797,6.136,4.0617,2.4233,2.1651,-2.7954,-4.1091,-2.3862,-8.0131,3.6907,2.2434,-6.9416,-2.4157,-8.7551,-8.6685,3.6331,-7.5757,-7.401,-4.1674,1.7126,2.8609,5.6433,4.8166,-8.6986,5.5314,9.5774,-6.0521,3.5598,-9.1245,1.6241,-8.4649,4.8599,-9.9745,1.4395,4.1447,9.7638,5.7602,5.5031,7.879,-8.0863,-3.8533,-9.9088,-2.6537,-8.0016,-0.763,9.6874,3.6566,3.9709,0.6735,-7.1647,-7.3981,6.593,-8.7969,-8.8544,8.9879,-0.9147,2.0574,7.4474,6.293,-3.2399,6.1317,-3.7902,-9.1686,-5.7423,-9.4651,7.0323,9.6627,-2.0153,6.6321,-1.5432,-2.3078,1.8915,7.3854,9.8294,-4.0313,6.2698,-8.8088,-1.4058,-4.5823,7.7331,5.3167,-5.0968,-6.9982,3.7363,5.4186,1.4298,-3.1069,-5.2503,6.67,-4.1922,-6.8312,3.5541,1.9355,-0.2618,3.9246,6.6835,9.417,-5.2905,8.0178,1.8335,-7.6705
2.7889,-4.5329,-0.7263,-6.5049,-6.6941,8.9148,4.6455,-3.1724,-1.4377,7.287,-1.9069,6.734,3.0967,2.1088,8.9785,-0.0019,-9.1772,-1.2263,-3.5632,-7.8479,0.1408,-9.4446,-9.5932,6.7617,-7.3967,9.7388,-7.418,9.4654,5.7442,-1.3915,-3.9381,9.8216,0.0773,-6.5847,2.3776,-7.6354,4.2007,-1.4753,6.4873,0.1005,-5.5913,1.4751,-3.5009,3.3696,-2.0017,0.1495,-9.727,-4.2306,6.9499,-0.8372,-7.5574,-0.6368,-0.7845,-6.918,-1.889,0.6098,-1.8451,6.4741,-2.6784,-8.0724,8.4811,-9.4075,3.5043,7.5888,3.5282,-5.7301,0.591,-6.8173,-7.9593,5.6974,1.5183,1.2478,6.1303,0.4794,4.4361,-0.2829,-5.0622,-5.638,-4.3886,-2.2309,-9.1637,-2.4981,0.4075,-6.6623,-6.2642,6.4336,-0.3704,-1.6014,-0.5782,-7.3966,2.1262,3.7234,2.1591,-3.2593,-6.4101,-4.3519,-9.4056,0.9737,-1.5127,-5.5256,7.6467,-6.5504,-2.4229,8.238,9.8296,-3.2603,-8.8425,0.6569,-1.4004,-4.4689,8.2222,3.1261,8.6541,-7.0019,-3.5411,-6.3975,8.2215,6.8518,2.6968,-3.7695,-3.3388,1.3629,-4.2629,-7.7595,-3.4619,1.9654,-0.3583,-0.4736,-8.9339,-3.2827,-4.8419,7.1732,4.6553,9.8612,-8.3209,-6.6792,8.4453,0.1764,-3.1336,-9.4485,-0.8485,-0.5976,-6.4123,-0.4836,-6.526,1.7947,7.9648,-7.6254,7.6429,-4.3589,-1.5875,-2.4184,-6.7776,-9.2042,5.6604,-2.8943,3.6158,-6.8068,-9.9606,-6.5232,-7.2362,6.8961,4.2332,-0.6901,-9.9289,-0.0288,-3.6649,4.8693,4.607,-8.2059,9.3993,-7.0523,-4.0883,1.9631,8.9458,-0.387,5.4949,6.1351,-6.9057,-9.716,1.0222,6.2074,-9.09,-3.0884,-1.2032,6.5389,6.8164,8.8841,-1.8923,-0.9718,0.5039,-4.6628,6.8525,-2.8859,-1.5268,6.2998,9.3075,8.9233,9.3944,6.0239
7.7142,9.7432,-8.0006,2.0236,1.4718,6.4278,-2.3223,-4.5984,7.567,3.9577,-5.0629,1.8165,-1.4395,1.6488,-3.1792,5.882,0.3346,-6.2078,-6.1483,8.6993,-3.0316,3.121,-2.2545,-2.3064,8.3705,8.6548,5.1346,-4.5753,-3.5141,0.0911,-6.7191,-0.9001,8.6359,-8.4124,-1.1263,8.4912,-9.6006,-8.2672,8.4656,-5.463,5.5841,-2.7546,2.4715,-6.3065,-7.2327,-3.2492,-2.4811,-8.8499,9.1112,8.1497,6.2577,-5.4409,1.6918,-4.0192,6.0816,3.2068,7.4723,5.4145,-3.3593,5.5795,7.7793,-8.4521,9.9806,4.1192,-0.9233,8.3372,-9.3063,4.6295,8.404,7.3316,2.6202,-7.6283,-5.6675,-6.3363,1.4762,8.2359,-8.8725,-3.1477,-5.2603,-7.2122,-8.0942,7.3106,-0.2968,-1.6496,2.101,-4.2383,7.5769,5.3772,-8.9127,-6.6534,4.2836,9.3706,2.5147,8.6545,-8.0441,3.4975,7.1333,5.9105,2.4568,-3.2116,-8.1079,5.5231,3.6946,6.0993,-4.4762,-4.0252,-1.5374,7.6716,7.6889,7.786,6.9203,4.1059,-9.939,-1.5841,-2.6531,-7.907,-7.1026,-0.1828,6.1186,8.6393,9.6184,-5.87,4.7729,-8.4501,-6.671,0.2285,-1.5429,8.2428,9.3447,-2.7263,1.6448,-5.8992,-5.4214,9.913,2.9214,8.2836,4.4339,-2.617,-5.2145,-2.5094,0.8896,9.9705,-3.2452,-6.7072,-3.6558,8.7897,0.5607,-9.7973,-3.2862,-3.3463,-1.8772,-0.6392,-1.6967,6.1139,-7.8529,7.8625,-3.3372,-3.8817,-1.2683,-6.2467,0.7393,-8.8,2.7701,-2.9287,-6.5606,6.4149,-5.2124,-7.1394,-0.0861,-3.8843,-9.4375,2.0034,-5.7488,9.348,1.8072,-8.3145,6.3935,-5.3938,-9.8478,2.3425,-3.8524,5.4643,-9.0302,-5.5536,7.2482,0.4895,8.3588,3.5125,8.5527,-0.35,-9.418,2.8835,-6.5315,-9.102,-2.6642,0.6314,6.9199,-1.6081,-3.3253,6.8329
3.5247,-3.4075,-4.8603,-1.4634,1.8622,-6.2238,-4.7997,0.022,-0.0607,-4.9221,9.5915,-1.7894,-8.3395,4.4724,6.4463,-5.8888,0.3222,-9.5607,-2.0251,7.988,-2.1914,-1.2548,-8.8237,-7.7637,7.6489,-7.0965,3.1694,8.6662,3.3115,-9.5276,-5.281,-3.9393,1.5512,-1.6673,-2.9267,-6.9234,8.8659,3.954,1.3426,7.3486,4.436,-8.3345,-2.2561,1.0783,0.8491,2.2564,-9.4367,-3.5672,-6.6148,-6.7104,-4.9262,6.3841,3.23,5.8487,8.5197,-6.0013,7.2362,-1.7364,-3.0654,9.1517,4.0263,0.12,-1.8845,0.6718,-8.7614,-0.5682,-9.1474,-3.4572,0.713,3.9081,-2.9151,-8.1969,5.8988,-2.7257,-8.0093,-2.7956,-5.2399,-8.4503,-1.3498,2.6338,8.096,-4.9344,0.5493,4.2071,-8.5243,9.9718,-1.0023,3.7909,-4.8142,6.4999,-5.5723,5.1412,3.4254,-8.0315,1.7499,-0.3197,4.4194,-1.4813,1.0037,-3.3632,-4.4557,7.7475,-9.6191,3.5588,-8.8402,7.2547,2.5245,1.3319,7.6508,4.4129,-4.9755,2.075,-2.2003,-4.5193,-2.1452,1.3865,9.9266,4.1587,6.2731,8.0952,-1.2316,8.41,-7.2635,9.8334,5.9841,-3.7909,-2.3014,-9.6216,-4.1884,-0.3577,-8.7707,-0.2358,0.5691,3.4364,-0.3722,5.2795,-0.8604,-5.632,8.014,-9.3228,-3.2377,-1.7281,4.3582,-6.5302,-4.4779,-1.5153,9.6557,2.8843,-2.8995,-1.7126,-0.0856,-8.3689,5.1875,-3.6361,6.7984,-2.7996,-8.0665,-0.6032,9.152,8.441,8.4694,8.9768,6.6638,-1.9504,8.478,5.8607,-8.3208,6.4685,-4.4628,-7.0014,-9.8621,9.2341,-5.3597,-9.9904,7.5903,2.4031,-3.6693,-9.0715,3.091,-6.1026,9.3462,-0.8406,2.4694,7.4317,-6.8257,1.9675,1.0525,6.4876,4.9038,2.7703,2.1604,-4.5621,1.2171,6.4139,8.2549,-0.4326,-3.4205,-5.8373,-8.5609,8.8734
2.271,-3.6473,2.5331,2.7524,6.6209,6.3038,-2.7497,8.2826,-1.8537,-3.9896,-8.7454,9.6512,-9.9243,7.7229,9.1065,-4.6134,-3.4232,-0.1491,9.612,4.8508,-1.1021,-1.8351,-9.6583,9.0647,0.9015,-7.4193,-2.7133,-8.0013,-8.412,-5.3634,5.7817,3.8981,-4.1388,0.1652,-5.4834,7.0016,6.2804,-0.9376,5.8793,7.8137,-2.1739,-3.9459,9.0514,1.0415,-5.5133,4.6636,-5.2034,-3.403,-7.1645,-4.1316,4.3524,-9.1803,-1.7782,8.7913,8.5186,1.5596,-8.4683,-7.0102,1.6872,4.7181,7.5046,5.0061,-9.4674,-6.8062,-9.5893,-3.789,-7.9418,9.1633,-1.9828,-6.5217,-9.1356,-5.702,2.6267,-3.4123,-9.1793,-4.9299,-2.3162,-3.626,-3.3512,-2.4888,8.2368,-1.3278,-6.5572,-7.7789,-6.6587,3.4444,-4.4319,1.8571,0.3204,0.773,1.4382,4.4096,1.165,-8.3602,9.6773,8.971,-6.4979,9.9642,-3.4688,-5.3001,1.8046,5.722,-4.7192,-8.8191,5.8847,6.4509,4.4138,-1.9658,-1.1913,-7.2465,0.6313,1.2233,0.2991,-7.8151,2.5085,1.6517,-4.5652,1.4148,-3.6235,7.3465,2.5624,5.0602,6.1173,7.3636,6.5885,-8.3357,1.5587,5.4343,-4.3253,-4.5776,6.6096,1.1156,9.3602,6.2135,3.1309,9.2138,9.1216,-9.2179,7.9717,7.3352,2.467,8.9553,-7.8864,-1.612,8.5831,2.9473,-8.3806,8.673,0.9074,4.8857,-1.635,0.3923,-5.2024,-3.895,9.4183,-5.5089,4.8458,-2.61,-0.6912,6.8236,-1.2879,-9.2574,9.3358,-3.102,1.4969,-1.4695,3.4427,-8.0287,9.0937,-6.6715,8.1483,0.3314,7.1492,-1.2186,-6.1509,-4.5687,-8.666,-8.0435,-6.3916,7.288,7.1881,4.9475,1.9821,-0.645,5.9494,1.4544,-5.6756,8.9096,-7.5433,-9.4107,3.9934,-5.1209,5.6412,2.779,-0.3859,-1.2502,-2.5414,3.8689,4.3462,6.1058
9.0103,-7.816,-6.5212,-5.9348,1.7361,-9.7975,4.9948,4.6275,-2.8301,9.3293,-9.3383,-3.0547,4.49,2.0573,9.5425,7.3079,-7.1624,-2.4808,-9.332,3.8313,-8.1377,-7.6391,-3.4884,2.8553,-1.9996,7.4842,-9.0985,-6.15,5.6186,2.1062,3.1186,-6.9746,8.0625,-3.0519,-0.4148,4.0844,-2.3891,8.0117,-0.9469,0.4924,-3.1753,7.4032,-2.9682,-4.8726,7.4363,9.7863,0.9711,2.6865,6.9483,-7.9645,-4.0678,-1.2099,-7.655,-7.4096,-4.3836,-6.5162,-7.5966,-3.2577,3.822,0.7618,-3.8347,3.6188,1.1599,1.799,-2.5659,0.4403,4.6594,-2.3696,3.4529,-0.214,-1.2193,-5.6686,6.2059,4.281,-6.9646,-3.9065,-6.5455,-9.2662,-1.2637,7.771,8.5872,4.609,-0.2504,-0.6375,5.615,9.4158,4.8298,-7.0374,-1.0424,-1.2371,-4.0059,7.1293,2.4912,4.5536,-8.2918,2.1304,-0.7167,1.0111,8.7468,8.0224,-9.3478,-5.7923,8.7764,8.2172,3.7208,6.5946,0.2366,2.5059,4.4933,0.381,9.4619,4.7589,-8.2023,5.7163,7.3421,-9.8529,2.4455,-6.13,6.1146,5.438,6.6837,3.8412,-4.6357,6.0203,9.6149,5.7358,0.325,-5.9906,-8.8975,-3.2363,1.144,-8.4109,-7.996,-6.3905,-9.7836,-2.6807,8.8481,0.3203,-5.2693,-5.4777,-1.2807,-4.7121,-3.7414,-9.9371,5.4009,7.7661,6.6012,0.5889,-2.2699,5.3793,-9.9169,2.7638,-2.8319,-3.9984,3.2444,2.0325,9.9596,2.9743,-7.8441,1.477,7.8413,4.382,3.8423,8.2513,-4.1561,6.8681,-9.5031,-9.2746,4.0683,6.1379,-9.4862,-5.1785,3.0266,-9.2652,4.2131,-0.6541,8.438,3.4128,-3.2697,7.4379,7.0494,9.4523,-5.0499,4.4031,6.1724,0.0162,-7.2941,-8.8692,-3.3448,1.0822,0.7155,7.0857,-4.9622,5.6489,6.4353,-7.7805,-1.4773,5.9367,-8.4546,5.6206
-6.147,6.7065,3.7242,-2.162,8.9213,-2.9116,6.2289,-1.2334,-3.6111,-1.2114,3.1315,-3.4204,-2.3598,-4.0796,-4.2097,2.6401,1.345,2.745,-0.5639,-1.0251,-1.0822,0.9086,-0.6823,-1.0393,6.1493,-4.6682,6.6538,4.1047,5.1456,3.5764,-2.2478,-1.2507,9.5445,-7.7256,-0.0443,-8.6987,3.2614,8.449,1.1232,-9.424,9.0194,9.9216,-1.6738,-7.3746,-7.2057,-5.1317,-8.6079,8.6226,3.9192,7.5312,6.5587,-6.9381,-7.6416,-0.6863,-7.0642,7.0118,7.1757,9.0049,3.0923,-4.2895,-7.4868,0.769,-3.8498,2.3947,-6.8682,0.97,-2.2918,6.5547,8.3214,5.9634,8.6447,1.7189,2.1764,-9.2315,-2.7018,1.4063,-3.3267,1.2433,9.5412,-2.2495,-9.164,-6.1088,7.7962,6.361,-2.0706,-0.1872,1.6064,8.1159,-4.3648,-3.6785,-4.7533,-2.1703,-5.3438,1.5492,6.3754,-6.0443,-4.4006,3.3062,0.1379,-7.1214,8.064,-7.2571,0.6513,-8.9574,7.0424,6.8445,4.167,-7.5664,3.2354,-2.7977,9.9662,-7.5485,-1.8773,8.1644,3.4225,-8.6248,4.8926,3.91,1.5053,6.4849,-6.8092,1.2881,4.9279,9.1155,-5.2466,-7.0869,-8.9779,-3.8855,-0.8334,9.8329,-9.996,7.5884,-8.3089,8.474,2.0084,-8.8168,-7.2763,9.147,-4.1911,7.5052,6.2152,-7.6235,9.6412,4.6307,-3.028,-6.3897,-8.4339,-0.6782,-9.1738,9.8062,-5.3193,-1.3448,2.5107,5.0234,5.8247,-0.5539,-9.5081,9.9383,-5.8726,-2.2213,4.2009,-6.6653,9.3432,-3.7913,-3.436,2.4841,1.7181,-4.0849,-0.7861,4.034,3.8808,8.803,1.4637,2.9385,9.4107,-3.1912,3.6483,1.464,-9.8662,7.4904,9.861,4.913,1.4421,-0.3581,-7.1783,3.2664,-1.1674,-5.4194,-5.5973,8.1615,-7.359,-7.1535,-0.9964,3.6737,-1.9024,-4.1166,-3.39,-7.3211,-8.4739,-8.1949
1.5245,4.1562,2.8751,0.7624,8.622,0.4658,8.035,9.4224,-8.8639,-6.6964,5.2714,3.9066,4.1061,-7.0606,9.0792,-6.6301,-8.2882,-7.9414,6.9055,-7.4049,6.5877,-6.2253,-8.0922,-4.1795,8.3139,9.3145,1.6428,0.7367,5.0278,-6.7474,-3.7539,-4.1447,-4.471,-1.6754,4.0925,9.61,3.9397,0.5843,-1.3858,-4.2036,-8.8589,-4.2613,8.2071,-8.6793,4.8595,2.8726,-4.775,-1.1841,4.2707,8.9827,3.1099,1.2359,-7.8339,5.0562,8.3292,-6.9163,4.9808,-6.8077,0.6765,-7.6448,6.9218,-1.3476,-7.8468,8.4652,2.5768,7.2916,-6.0834,-7.0706,2.502,2.158,4.6903,2.6063,0.5303,6.1942,-9.4818,0.1589,8.5119,7.208,5.0405,-9.2546,-0.4929,-8.1792,-5.3174,7.9961,-9.2881,5.2746,6.6611,-5.144,2.5544,-6.2409,4.5663,-7.6702,2.7521,-7.0214,-6.2641,-9.2813,-4.3858,8.4661,9.4269,9.8259,5.4984,-3.8114,0.0813,-2.3318,-3.287,6.4994,-0.2873,2.8751,7.3751,-2.8432,2.9222,8.0156,-0.3422,2.9995,-7.6399,8.5662,-4.541,-6.4492,-7.3595,-4.244,8.1981,-9.197,-8.9328,-7.27,0.0585,9.8996,-0.4633,7.055,-1.9583,-8.9338,2.3028,9.9931,0.8995,-4.5147,0.4261,4.7246,-2.8408,-2.8273,3.1462,7.3365,2.4299,-0.8171,-9.9188,-2.2957,8.7735,-7.864,6.1612,0.805,2.9779,1.6702,6.1678,-7.9787,-9.5667,7.3084,0.9408,-6.8627,8.1631,-9.1655,-1.3823,0.8933,1.2355,-4.0598,-8.4543,-7.7453,-8.6161,3.8457,-2.9536,3.1708,-5.8904,9.7242,-6.9001,-6.6359,-0.1057,-1.6249,7.1275,-3.1274,7.3852,-9.9406,1.0187,-6.9968,2.1393,-3.9799,-9.0392,9.5096,-3.303,5.2202,1.7947,7.5173,6.1405,7.4675,5.8587,9.3016,6.924,8.4183,-5.4825,4.7774,-5.3814,-9.3737,2.0469,-2.0069
8.6814,-6.5179,-7.0947,-4.5162,-1.7233,-0.0113,-6.5328,1.7326,-7.3579,-1.7225,5.1654,-8.1058,0.9401,5.9404,-9.4086,-3.6096,-7.7519,-9.3613,4.2036,-3.9399,-6.4764,-9.2885,5.922,5.9618,0.6035,-2.9148,7.0626,-2.2335,-9.7565,-3.2042,-7.0544,7.2111,8.4882,6.4954,-1.9526,5.8439,5.3275,-6.7678,3.9002,-4.9106,3.5308,2.8228,-5.8007,-4.2031,-5.1645,1.9095,6.2592,-3.4481,-8.4877,-1.3023,-0.7337,-9.1829,3.4879,-8.1098,5.5986,-6.1517,0.7621,-0.3221,-7.9301,-9.8918,-4.7114,5.8221,2.6452,-8.0861,9.933,-0.7822,6.1768,9.7429,3.1648,-0.1874,1.1935,4.1214,0.4133,-3.5092,4.2415,8.6318,-8.6221,3.874,2.0945,-2.5253,-9.6356,1.4454,6.7213,2.9773,0.4486,3.3083,-1.7158,4.0676,-4.7452,-8.6921,2.7216,5.6116,2.2734,-5.8736,0.2454,2.4097,4.9504,-8.0233,-6.3993,-3.3001,-3.5538,-1.1919,-9.747,-5.4703,6.4966,-7.6715,3.7295,6.1241,-6.7641,-2.434,-4.5844,4.4711,0.0311,6.4725,8.3455,-4.8438,-5.3418,0.0168,0.8739,-1.3113,5.7815,1.8889,-5.0355,-1.5897,-7.5911,-6.2887,9.1342,-5.7881,-2.0545,0.7693,-7.9692,-2.4996,1.8697,1.3213,8.5296,-0.2076,3.4503,6.9646,-5.5022,9.8416,-6.733,-7.145,8.3232,1.2283,9.8743,-5.3215,0.2209,5.1,-6.7701,-3.4559,6.4801,8.3459,-2.7437,0.2349,-7.3814,0.5741,6.0302,0.0879,5.3408,1.7608,-1.8184,-9.7942,-2.4514,-9.9542,-7.8048,-4.9261,-0.7842,8.6852,6.2721,4.5254,-0.1317,-2.3892,6.0542,-8.1904,-7.6073,3.1367,-3.4231,7.3414,-4.1248,-2.3321,-9.1743,-2.389,8.9554,-4.4073,7.8628,-8.3001,4.2779,-4.8061,-5.6203,0.1525,-3.3813,2.7541,2.0343,-5.73,-7.7023,-0.924,-4.193,-1.0887,5.6518,9.6895
5.2181,8.981,-5.5299,-8.8064,9.7362,-7.5712,-5.0862,-2.3672,-3.339,-9.3001,3.9269,-8.8332,6.8116,-3.1798,9.445,5.2349,7.7924,-0.0173,-5.0052,-8.372,7.8232,-1.3234,-2.4802,5.7003,-6.631,-7.7342,5.5733,-5.6562,-1.8145,-2.647,7.2643,-9.5066,4.5767,1.8426,-4.5029,-7.0956,7.7765,8.9374,-9.1447,-9.8839,-7.3331,9.2131,-1.8584,-8.3987,-1.9738,-2.0903,-6.296,-2.335,8.36,6.223,4.7964,5.8626,8.6428,-6.3642,0.406,-6.1951,8.3364,-0.1118,-4.4569,1.7699,-2.1485,-9.5928,6.6551,-7.4836,-9.6971,5.1536,-9.994,6.9804,-5.1814,6.6109,2.0583,-5.4745,-3.2466,-9.8499,8.5128,0.4705,-3.8725,8.5146,4.8695,0.2406,2.6099,-2.6384,8.8192,-3.1313,-9.1147,-8.9001,-1.2158,-7.4295,-9.324,1.0243,4.686,3.9896,2.7227,1.7771,7.1701,-0.9032,3.8203,2.1318,-3.3234,-0.1527,2.6908,0.588,1.9585,-9.2601,1.7576,2.0861,3.9007,1.7949,5.2222,-5.3158,2.1624,-1.9866,-8.675,-0.1581,-6.518,-5.2709,-2.2037,2.803,-7.489,-5.4548,8.4796,1.3059,-5.278,-6.1628,-1.1142,0.7694,0.336,7.0846,-5.5364,3.4813,1.0899,-6.7326,-8.1622,2.2386,-8.3305,-8.6832,-3.6282,-0.0176,6.1061,7.4444,0.0115,-1.5317,3.0339,5.6352,-9.701,-7.7046,2.4283,5.1146,-2.4263,-3.9761,6.324,6.7949,-6.8637,-9.0061,-3.0932,-2.7342,-1.852,-3.7059,8.5733,4.9071,-6.3059,-2.0332,-8.1349,-0.1628,-6.7228,-4.7779,-3.3859,3.309,1.6259,-1.1252,2.2193,-3.5767,-9.2282,8.1247,9.4626,-9.3591,9.1605,6.7491,1.236,-0.7643,9.475,6.4468,9.9487,-8.9857,-7.7843,-2.4344,-2.0207,-1.2732,6.3101,9.7285,-7.6333,5.4821,-8.6099,-5.5144,-1.8877,0.8772,-8.9813,-7.193,9.6469,9.3446
7.3627,3.8941,-9.315,-5.1645,-7.7744,-5.4571,6.3263,9.2351,7.3138,6.3307,-9.4797,-6.7425,-9.8106,6.234,-2.5834,-6.3943,6.0485,8.5796,3.6236,-3.618,6.6131,-5.1667,-4.7114,-4.9922,-9.7676,2.1506,9.0756,-5.9298,-1.8597,-9.5079,-3.4041,4.9876,-3.0942,1.3267,1.6462,2.1694,6.4193,-8.2399,7.4363,4.3633,0.0175,-9.609,8.0928,-6.3495,-2.6928,-5.7779,-0.3518,-1.5948,-3.8103,-1.0959,-9.5068,-2.6542,-6.0373,6.48,6.2064,-9.5676,2.7222,-2.4518,-1.5627,9.8766,7.3794,6.6629,4.8562,2.6106,-3.9518,-5.3738,2.6346,4.1784,-9.1339,-5.3731,2.6831,-8.8323,9.8063,-7.7826,0.5265,-2.0966,-8.4729,2.3688,-1.1515,0.581,9.7634,4.5862,2.0206,4.163,-9.0802,-0.8008,0.083,1.9634,5.0476,7.9059,-1.9952,3.0892,2.9094,8.5295,-6.2995,-4.3666,-4.2745,-3.9724,-2.4189,8.4221,-0.0764,-0.7595,7.1337,7.8495,2.4265,7.5518,-8.1927,-1.3688,-8.094,-1.4086,-9.6819,0.8685,3.583,4.7366,-0.2464,5.894,5.0552,0.782,-5.6676,1.1713,-2.2464,6.7764,-1.0875,-0.8732,7.8966,0.2954,9.0126,-9.3588,3.8266,-7.2755,-9.4284,8.4259,0.9514,-2.7047,-4.2512,5.3036,-7.9395,-2.4657,0.2809,-8.0524,-3.9242,-2.926,-7.51,-1.7382,-6.0609,7.8891,8.1658,-9.2219,5.9646,1.553,-2.6878,3.2137,-5.3666,-0.8609,9.6448,8.2654,4.1921,-2.1856,6.6037,-8.0415,-5.6239,0.4332,1.2855,-5.4343,-3.8832,-7.6111,-7.6258,8.3372,7.0344,-3.7932,-8.8176,-4.4797,-2.7385,-8.2143,0.1418,-9.8705,7.5093,-2.4866,1.3037,-2.4993,-4.963,0.4745,7.4273,-2.4247,0.4145,5.8795,-5.573,8.8019,6.3311,-3.9923,-9.768,-5.6387,8.0991,8.7005,-3.6396,9.7034,2.1166,-4.9871,3.5649,7.4939
7.8441,4.7167,-5.574,-8.517,5.7366,2.4125,-4.0719,-0.7615,-2.2891,-4.3374,9.3398,4.9854,1.1304,-8.5751,-1.3785,1.7289,-7.826,-1.2876,-1.6449,7.6849,5.307,2.9635,3.023,-5.0736,-3.4445,5.0044,4.428,-2.378,-0.3773,-3.014,8.3439,8.8805,4.3109,5.7114,-8.9611,-4.8488,-1.0152,-1.9729,-6.8129,-9.3503,1.6593,-5.5625,-5.9835,8.2173,-2.9246,3.3504,0.1351,7.6083,1.0574,-9.7832,-6.5818,-3.41,-5.9438,9.824,-4.1929,5.7493,8.1674,7.7322,-8.8572,9.3242,-2.9847,-1.6114,-9.115,5.6518,-6.7448,-6.4075,4.0954,5.7665,-4.6202,5.5776,9.7632,0.1188,-2.3547,-6.0108,-2.8408,5.6835,6.556,-2.4744,7.8495,-4.731,-8.4416,-4.9305,-6.2987,4.7255,-2.4659,-7.4935,2.8154,-2.4968,2.3755,0.0164,5.2032,-0.5793,-2.905,6.1738,8.7951,5.3234,-6.7378,4.6436,-0.1293,5.5559,-1.5821,3.5035,6.7962,9.0712,-5.7122,-1.5517,-7.0245,3.004,1.3452,1.7603,9.1857,7.911,4.2091,3.8084,0.0604,-1.9216,-0.7811,5.8492,7.2336,1.1811,0.3815,-0.074,-3.8088,-7.3192,-2.6273,-5.4284,-0.0624,-0.4602,1.9631,4.9617,4.7409,7.0338,5.2168,-5.9024,-0.8267,9.5586,-8.3207,-6.1011,-0.6053,-5.65,-1.3743,7.3245,0.3487,1.3729,-3.4335,-8.889,-3.1247,3.1812,-6.388,1.8894,-6.1402,8.1245,2.318,-5.1757,2.5451,-3.5253,-0.8213,8.808,2.5183,4.788,-8.8638,-2.2188,-0.7554,-6.955,-2.6915,0.8358,-4.9415,-5.0188,0.4988,1.4632,-0.2178,1.545,-9.635,-6.1509,8.5621,5.0247,-5.9295,6.5659,-1.3476,-5.4425,2.77,7.3348,7.8551,-9.866,-4.0011,3.1905,-9.3264,-4.7933,-4.9009,-3.7585,-5.4935,2.7733,-6.1546,8.3897,-4.1904,1.1383,-2.1859,-6.9995,-3.5047,6.7968
-3.3592,7.7044,2.3982,-7.7186,6.3028,4.4374,0.8241,-1.1421,-4.5169,7.9037,-6.4156,-4.7226,-3.4225,8.1626,-2.268,4.202,1.1354,5.6333,-2.8742,8.5409,-1.8612,-8.5687,-2.9535,-3.2543,-4.8835,-2.2653,-7.9107,-1.1439,7.9255,-3.1647,-2.4923,0.5139,-0.857,6.5866,6.167,7.5063,-4.3314,-8.6502,-1.479,-6.8639,-6.9797,-5.1844,-3.9451,-8.6128,2.7302,5.4677,-4.1142,4.4066,-3.3185,-3.6702,7.2699,1.8595,5.8624,-5.9467,1.1555,5.7565,5.927,3.7196,7.9121,-3.7794,3.4899,-9.1239,-3.0046,-8.9717,-2.0258,6.9067,-3.0728,-3.2589,3.7861,8.8436,-8.7461,2.8901,-1.8944,-2.9069,-9.243,4.1968,6.4122,-1.0206,6.7747,-1.8317,9.3889,-8.8454,9.0937,2.6062,9.4283,-1.8582,-5.6348,-5.9282,-5.8018,4.3549,-0.3673,0.5783,-0.5232,2.8164,1.1373,-6.3405,8.2334,-1.9382,-2.3547,0.5977,-1.775,2.8453,-9.4904,1.4743,-5.6801,5.6051,9.4514,-1.4523,-3.9236,4.51,-4.5238,1.4888,1.1343,9.0577,-7.2922,-2.0337,2.1094,-1.4244,3.6524,-3.0535,9.3936,-9.3694,7.627,-7.1262,-7.5706,1.3792,-8.3025,-9.002,6.3143,-6.7435,4.6066,9.055,4.7075,-9.6871,-5.9116,7.3764,-3.6894,8.7098,-1.5873,5.6662,1.2667,6.0384,-7.2619,-5.0227,-0.8111,-8.5619,-1.8184,0.0815,-3.5379,9.7364,-2.5157,9.9443,1.963,4.5186,-3.6957,-5.0623,1.7522,7.4167,-6.4886,0.6413,0.6795,-7.735,0.0523,9.0032,-4.2057,-6.9592,-5.2903,-1.4972,-6.0698,-2.0909,7.5423,-2.4876,3.2116,-7.8564,4.3529,7.331,7.881,0.4952,1.1493,-6.0574,1.227,-3.1484,-6.9424,-3.4077,-6.5524,-2.6201,-9.0651,-2.7764,3.3954,2.9888,-0.7732,-8.0364,-0.8705,0.5725,9.502,-3.0446,7.0199,8.7225,-0.5472,2.6482
-4.9144,2.7616,1.5294,-4.2022,1.4554,-5.0175,7.1473,-9.8042,-9.1298,-5.0735,7.3959,-8.1122,3.6622,-6.865,-6.511,4.0221,4.4418,9.0892,-5.3887,-8.9287,7.2341,9.8244,9.4816,1.8368,6.6641,0.9006,-5.8699,-1.1313,-3.3301,9.3686,4.0155,-5.8793,2.6884,6.1351,-9.7839,9.0478,-2.6355,-0.4159,8.7851,1.1871,0.6432,-4.2551,-1.537,2.6889,6.382,-6.2906,-3.4385,0.8118,-1.0986,-9.4537,-4.9893,-8.9138,3.6195,-9.8129,4.7444,9.7597,8.2703,-7.2081,-7.7214,-0.9456,7.4907,-7.5267,-2.8415,-7.6139,-6.5369,1.6754,-8.6506,7.0693,-3.7223,3.3988,-5.3616,9.4062,-6.681,-5.6013,5.9798,-0.7409,4.9952,-2.535,1.0184,-9.421,-4.3167,-2.4334,-5.4544,5.8887,2.4087,-0.597,-2.1886,6.5033,-8.8122,2.4501,-9.3989,-8.5522,0.5688,7.2602,8.2298,7.1487,8.0596,-0.6019,-6.0006,3.3541,9.1248,-3.0493,9.2813,-8.3514,0.4826,1.8187,-0.5854,5.244,-3.1128,8.0927,-5.4484,-4.7202,0.0758,1.8475,2.9938,7.7527,-2.1306,-3.6855,7.2723,7.3279,7.0123,-4.0697,3.4276,-8.9945,6.637,3.1133,-3.0616,-4.7183,-1.91,0.3332,-4.4671,7.7583,-4.4057,1.6167,7.9294,7.4329,-3.9614,-8.105,-0.6851,-2.7956,9.763,5.7725,-2.8044,6.0378,5.4703,-0.2386,1.3319,-8.4251,-8.4599,-8.5513,-6.8603,-6.1333,1.8576,-4.587,1.3281,9.8225,7.1477,-6.9319,3.4635,2.3944,7.3942,5.1127,-6.2164,9.3346,5.0745,6.5022,9.4998,7.9269,1.6677,6.9164,-7.8598,7.9636,-4.8129,9.8765,-4.9825,-2.7244,1.1591,-2.8781,-5.3595,5.2189,7.131,-4.6339,-0.2487,-2.4723,3.8504,1.4666,-2.6212,6.7017,-6.8354,3.7184,-0.4578,-5.9686,6.8724,-9.8421,-1.0044,3.3853,-0.2385,5.6815,-2.4971,-2.4375
-0.7341,6.8761,-9.8489,9.865,8.5991,1.2672,0.4236,-5.2923,4.4612,9.5068,2.7626,-3.5364,-4.8529,7.9615,-2.4616,-0.5128,0.0255,-2.7969,-6.4702,-8.9881,3.6333,5.1254,-9.1632,5.8012,-6.0765,0.6223,6.9351,1.9739,-5.7827,5.2783,-9.1596,-7.7799,-7.9128,-9.8306,0.6254,1.2729,7.0078,-6.3119,1.2911,2.5642,8.1949,5.1203,-6.8222,6.0478,-7.9053,5.9902,-0.9049,5.4639,-5.8153,9.5904,-5.9688,9.4274,-4.7773,-2.6519,-9.8811,-4.3544,7.1482,4.0459,-0.0514,8.3895,-1.892,6.4048,-3.0289,2.4393,-3.3355,-1.4155,-4.5659,6.9119,6.176,-0.5541,3.0478,-1.9901,2.123,-8.4125,8.8706,8.5894,2.6965,-1.6155,-6.4431,6.9304,-9.1103,-5.6186,-4.6849,0.3188,4.7658,-4.3189,-2.9627,-6.5334,7.472,5.7681,7.9613,8.5319,3.1515,-7.5445,-8.2606,-0.2318,-4.5654,0.1904,-5.4093,-6.8147,-8.0847,4.2661,-9.3646,1.2042,-5.9935,-2.3776,9.3899,-3.5671,-3.1607,1.2964,1.2691,3.9648,-1.0014,1.5532,-8.8912,-5.3879,7.025,9.93,2.6638,-8.8219,-7.0357,9.0833,-2.0625,-6.8622,0.0781,2.6818,-4.906,1.0195,-0.0585,6.7468,4.0277,3.6342,1.5474,-8.1572,3.5167,0.8207,5.6872,9.3633,2.7596,-9.6945,3.9975,1.8188,0.5855,-7.6023,6.0659,-5.0315,-0.775,-3.493,9.9144,-0.8374,6.8584,-4.0448,7.5343,-9.2626,0.3473,7.3187,-4.2068,-2.4402,-6.7142,-7.3231,5.3987,3.409,1.4371,1.875,5.5622,-0.738,4.1183,-7.2564,-1.6694,8.7389,-7.756,-6.9627,-2.0203,4.4907,-5.7884,-0.1184,-3.9225,5.9467,-0.5945,5.4681,-1.5852,-2.9492,9.2726,1.3463,-7.6921,7.563,-0.2282,-6.0301,8.9631,0.6989,-0.4741,-3.2268,-3.7435,-3.3697,-5.1986,-5.7843,-4.8071,-1.8786,-3.3444,8.1828
-6.4259,-1.4469,-2.8453,-6.0589,6.8721,-6.1747,-5.6983,-7.1892,-5.0095,1.7384,6.5221,-1.5541,7.2287,2.0327,-2.8366,0.2076,4.1872,3.2349,5.4065,-9.7815,-9.3107,-6.8267,-4.4788,-4.5697,9.331,3.374,-6.0216,1.6673,0.1896,-7.1894,7.8276,-5.8423,3.4432,6.5679,3.2204,-9.5972,-5.6682,5.5217,0.5254,4.0473,0.7442,-8.9303,-2.2289,9.1821,7.0742,-4.9782,-0.7443,-5.7845,-1.785,-5.1463,3.463,-8.0422,8.505,4.5587,-8.3249,-7.9809,-6.2561,7.2075,5.8928,1.6474,7.1864,-1.7436,8.5239,-0.0302,6.5654,-9.6511,-2.241,-6.2666,9.0059,-6.1237,3.1404,-9.8118,2.7136,-0.4723,8.117,-1.9146,8.9498,-2.613,-0.22,3.0128,5.8905,-5.1564,-4.7932,4.928,3.5171,8.5045,-8.6131,-6.1241,-2.7564,6.7188,0.2406,-3.1662,8.185,-3.6258,-0.6924,-3.0967,-3.5608,3.2679,-5.5955,4.5226,-4.7323,-7.4578,1.7706,3.7642,-3.0077,4.6677,-3.9266,7.0129,1.3337,-7.3568,5.2314,0.0782,-7.1055,-4.9754,-0.9557,9.861,8.2203,0.9775,1.323,-9.7915,-2.6354,2.8626,6.2588,6.703,3.7755,1.7364,-0.1332,2.2386,-8.53,-6.7849,5.1945,-1.4236,5.7958,-4.5921,-4.3247,8.2599,2.0715,-2.7992,2.4225,-7.688,-5.762,6.149,3.8769,-9.0917,6.3891,9.0038,-6.3825,6.5787,2.1545,-0.1556,0.2294,8.3772,4.7903,6.4542,-9.0759,0.0304,-7.2903,2.1421,-7.1682,5.3327,-4.778,-7.0443,-3.0061,-3.8953,2.8883,1.5396,-7.0425,0.5148,7.114,3.5626,-0.1566,-6.6234,-7.5358,-1.2535,-7.0245,-7.8594,-9.819,-9.7439,0.2817,-1.8759,7.8645,0.0384,8.2001,-3.9064,-7.9406,3.8566,-9.3642,9.2849,-7.5785,-3.9083,2.5243,6.3034,8.5165,6.9499,7.0139,-4.6829,-7.0677,-7.9053,-9.845,3.0432
-6.6806,-5.0495,8.501,6.9427,8.321,9.8848,-3.7948,6.1472,-6.9264,1.4541,7.1593,-7.67,-3.2598,5.1034,9.2148,1.1317,8.5728,9.834,-3.9209,6.752,-6.6548,0.2185,-6.1157,-8.9433,-0.3385,-4.4848,-6.3303,-9.6929,0.7387,-0.7058,7.7133,-9.9868,5.914,-2.3485,8.923,1.1983,-6.353,-8.7872,0.5546,-9.0067,-3.9142,-5.7004,4.4784,-8.4017,9.7092,5.1749,-7.873,-4.9705,0.1338,6.7303,-0.3883,4.6162,-0.5376,4.8882,-8.8351,-9.7882,6.7038,2.7354,-9.7283,-9.8385,8.1642,-2.6249,-0.0586,-1.5889,-6.5032,-1.4516,9.3134,-0.4345,1.4116,-8.9479,1.7146,-7.0971,9.9284,-5.4539,2.665,-4.2072,2.9232,-2.0542,7.9271,8.7493,-7.8378,-7.1942,-6.9899,-3.8888,1.9047,9.8999,6.1852,8.1698,2.8505,1.4596,8.6256,-3.6305,9.7879,2.2389,0.4116,4.389,9.4212,6.7146,-0.1037,6.1769,-7.4586,7.3519,-2.6705,-1.0166,-4.7197,-8.0503,3.7374,-6.0447,8.2317,-9.1303,-2.806,-3.0046,-2.7367,8.5329,-5.8134,7.7841,2.2642,5.5921,-2.0737,0.8378,0.0061,-1.5775,7.8809,-4.4959,-0.3973,-2.4135,3.5622,-1.7133,-1.8891,-3.9873,-7.468,-0.4812,8.0069,4.368,3.9857,-4.903,4.6743,4.191,8.3886,-9.696,3.7766,2.1914,-5.8989,-3.2529,8.8324,8.7725,-6.6968,-7.3768,1.3364,6.1367,-2.3702,-6.4941,-4.9906,-4.3652,9.5977,-5.1481,-8.5511,-9.7975,-4.5653,-0.2399,-9.5066,-5.6407,3.2275,8.8617,-0.168,3.5725,-9.6401,2.1152,-0.3625,8.4358,-1.378,-8.9228,2.3393,-2.0092,-8.7572,8.458,1.5801,-2.3378,8.4358,-8.6018,1.0876,-1.713,-4.0964,-9.0481,9.1737,5.0636,6.4918,-2.9094,-3.0045,0.8703,6.8264,6.9401,-0.1425,7.4883,-8.8323,2.6809,5.803,9.5996,5.7485,-0.1063
-1.333,-7.7538,2.226,-3.3623,-0.8437,-9.5322,-5.2171,-5.0176,-3.0615,7.7323,5.5117,8.112,8.0194,8.7127,-4.8447,-7.9138,8.0909,4.6492,7.1852,-1.1215,-9.3407,0.2075,1.334,9.0106,-2.93,4.6417,6.5051,0.8886,-3.8133,-4.4883,7.8403,-1.9049,6.329,5.5683,6.9201,8.5991,8.427,2.3361,0.8609,5.8511,-7.1559,-2.9426,7.2887,8.6793,-2.5916,-7.5549,-0.6025,3.7399,9.2507,-0.0437,-6.0139,6.7373,7.0421,-4.802,-6.3484,6.6672,-3.5096,-9.2904,-9.3076,1.2107,7.9139,6.1072,-9.8553,-6.9244,-1.0246,5.0105,6.8944,-8.6898,-6.5076,-7.5809,1.5411,2.5402,-4.6995,-9.8331,-7.2579,-5.6456,4.8676,-4.0588,5.2723,4.0292,5.7009,1.465,6.1712,9.8546,4.834,6.1867,-1.083,2.8603,-3.4385,5.8989,-0.1629,-5.0953,5.4438,-0.3517,-1.4954,-3.4878,-2.4154,0.1117,-8.006,-2.5052,3.787,9.5182,-9.0749,-0.5001,6.1596,-6.0258,5.3497,-8.4161,8.3313,-3.3049,7.9788,-4.6777,-0.0877,9.3125,-6.6531,4.6109,-6.7777,-6.1811,1.3276,0.2633,6.593,3.7632,7.784,-8.7279,7.3764,-0.5653,2.3495,-7.0879,4.208,-9.2448,-0.5916,-6.6805,-0.0066,5.9213,6.4003,-6.5602,4.8349,-3.9474,0.9398,4.6385,-4.0283,-5.6515,2.1318,-8.657,2.14,4.6919,8.4186,3.686,-0.5375,9.8452,-7.348,-5.7683,0.8709,9.9446,9.0038,-0.0444,3.9241,3.0589,6.3954,-0.7653,0.621,-4.9898,-8.1649,-3.7993,-9.4356,-8.1221,7.6993,-9.2425,1.562,2.1445,-7.996,-0.0103,-4.6627,-1.7296,-8.8519,-0.5739,-3.1513,-4.9658,4.464,-3.9832,1.3736,7.1349,1.3797,6.9899,-8.4678,-7.7321,-7.9633,0.0476,-3.9202,7.8596,-6.7777,0.9694,5.437,9.8739,3.8168,5.7825,-8.8942,2.6451,6.1339,-2.1271
-6.0563,4.3577,-7.0546,-1.3796,-5.1992,0.617,8.1186,6.3433,0.9856,-0.9615,0.6399,9.7017,-4.427,8.3353,0.1701,6.6952,8.5883,9.1743,-8.4617,1.5712,-7.5092,-0.1893,7.9287,4.9444,0.5331,-1.3918,-3.2263,-2.2915,-2.392,4.3576,-8.773,-3.1542,7.0028,-3.0003,8.3264,-1.8844,-7.2183,-0.6444,-5.4602,-1.8955,1.467,-3.2342,-3.174,3.2879,-4.1601,-5.2521,-5.6742,1.5641,6.3623,-5.7299,-2.6078,-3.3769,8.6989,7.4995,6.2086,4.9776,-0.5324,3.2851,-2.8157,0.1229,1.4825,9.5983,-4.1287,8.4172,1.7936,7.6061,-4.6511,-2.4119,1.0664,0.1775,-4.1494,9.3166,0.5092,-2.8024,3.0938,-3.5251,-9.2751,2.9929,3.0623,5.179,-6.4929,-6.8648,8.078,0.9929,9.686,4.5333,-1.764,9.8138,4.5269,3.511,5.0892,7.6913,9.7143,-7.14,-3.003,9.3339,1.3342,-1.8477,-4.4509,-4.8234,-6.2571,1.8764,-8.6297,7.7643,9.5097,9.6009,5.296,-1.1725,-6.8438,-7.6295,-6.4929,3.2093,0.5663,1.8016,4.3994,2.0878,7.823,-6.1324,5.5958,5.0021,-3.9158,9.3559,1.2342,-2.4516,6.3858,-0.8323,6.1352,0.8027,-1.3717,-3.4803,-8.376,-9.6807,1.3255,-6.2857,-6.1123,0.0476,-6.9587,-4.2995,2.9657,6.64,-9.7705,-7.8655,6.3429,4.9903,-4.9126,2.265,3.2406,-6.7571,0.3155,-9.4704,9.8773,-4.1669,9.0902,3.8936,1.4376,1.4952,-9.6596,0.1483,9.145,-4.6945,-0.5977,-6.1027,-2.3754,7.4334,-7.126,6.7284,-2.6685,-9.1749,5.0475,-2.3904,9.5934,5.6652,1.9298,-3.9622,-4.0329,6.0775,-2.153,2.5332,-6.2853,-1.0602,7.1462,-2.2714,-4.3199,1.8792,-6.5883,4.7697,-8.0215,-3.7661,7.0764,-0.32,9.5586,-5.9524,-8.2199,-3.6309,6.7198,-2.9007,6.4647,6.7846,-5.0744,-5.3956
-5.9105,-5.5574,-6.9342,1.206,-9.7901,9.8525,-4.9587,0.3247,-2.6911,-4.5736,-5.6064,-0.3301,6.5244,-0.7917,-9.8038,5.4587,0.755,9.4996,5.0848,-4.2247,-3.9808,-4.7139,8.3771,-7.4101,-5.5913,5.6879,-3.7645,7.2299,-7.049,2.8675,-8.8891,7.8121,4.6416,-0.9963,-9.2505,4.3372,4.7824,-4.7317,-7.8219,-3.4024,0.6992,-3.1784,-2.6333,7.51,-7.1948,-0.7422,1.1363,6.4658,7.4703,6.0357,-9.1441,-4.1571,-7.6733,0.1382,4.4509,5.3563,7.8262,-9.2841,8.943,-2.8331,3.5468,5.6623,-5.6481,7.3774,3.8901,-8.1377,6.0475,-4.1622,2.9141,4.9927,-4.7858,-4.9598,1.2743,-5.8043,-8.9672,4.8346,-5.1749,6.3741,-5.642,-0.4772,5.8356,9.2719,-8.9878,-4.2253,0.9057,9.3142,-6.1664,-8.0486,-7.2701,8.212,7.9925,-2.3584,4.5547,9.1105,9.0839,-9.2897,0.4742,8.4974,2.5348,-4.2454,1.7458,-5.548,-0.0034,-0.284,3.2142,-7.9154,-6.0837,-8.2374,-3.8944,7.1649,9.5454,-6.4463,1.0329,2.8746,0.6836,-2.3041,7.8901,-6.8821,-2.4784,-6.6305,2.6078,1.1335,-4.7607,0.5811,-3.5164,3.2112,-2.8612,3.3108,-7.5877,-5.8222,-9.1544,-6.8023,-0.7496,3.6516,7.8457,-9.4524,5.7283,-4.8555,-6.4498,9.5978,-6.392,8.4837,-0.1207,6.0837,9.4538,5.9625,5.5009,-7.0874,5.0521,1.5836,-3.4258,2.8959,-8.3295,-7.8682,-1.0825,-0.6753,3.3131,-2.6485,2.8452,-2.2533,5.0801,-4.4324,7.0111,0.9976,7.2256,1.5769,-9.8679,4.9897,7.8486,8.9323,1.9607,2.4624,-7.9375,-3.1485,4.8414,5.1909,9.9739,-9.785,-6.5296,-6.9292,-8.0724,4.7451,5.5874,-4.5963,-6.5308,-3.8718,-8.5648,0.7688,3.663,3.3006,1.5625,-5.3884,-1.1347,-6.1041,-8.7923,0.2464,-1.9947,-9.0566,4.6135,-4.2485
-6.1555,4.9686,-1.191,6.8705,3.9803,3.6158,-8.4527,-4.6509,-3.8565,-1.1556,-6.1928,-3.2997,8.6721,3.2173,-0.2339,2.1837,0.7611,1.0027,-7.1863,-4.3426,0.5915,4.3011,-4.1233,2.5336,1.719,6.1376,-0.0492,-6.2441,-5.4914,-3.0628,8.1933,7.433,6.9796,8.4459,-4.3779,-2.7881,3.2223,1.5119,3.1422,-6.3519,3.7859,6.4403,9.1883,1.4554,-2.5008,-8.3869,-6.833,-3.3135,-2.9323,5.6303,1.9117,-7.8733,6.5609,1.347,-6.7172,-5.8921,8.3168,-5.6477,4.3451,-7.5798,-0.218,0.8433,-0.5628,5.0199,-8.495,-9.9343,6.8707,5.7611,-6.4883,-7.8927,0.0853,0.977,9.7686,3.4481,-3.8382,-1.436,-8.7014,6.5527,7.0616,-1.5465,-1.3578,-1.2487,8.502,8.5632,0.3365,8.499,-8.0715,-0.1187,-3.1336,-0.0834,9.0397,8.977,4.579,-4.529,7.2108,5.6709,3.8032,3.5695,9.0414,8.3896,-7.2198,1.5205,-8.7735,-6.4005,5.7795,4.0578,-4.9694,7.1822,2.1445,-5.2419,8.5313,-1.141,-3.7546,-9.2982,-2.296,9.9934,2.8772,-6.1461,-8.9915,-5.1904,-8.8129,-4.7665,6.519,4.2524,-7.2523,-4.0301,4.7918,-6.3196,1.9589,3.0442,-9.9474,0.1198,7.8546,-7.4184,-2.5463,0.7764,2.289,-2.1653,-1.1789,9.4527,0.3561,7.748,8.3549,5.3494,-1.5383,-8.1924,2.3612,2.0702,5.3278,-7.628,6.9706,-0.8765,2.8291,-0.0299,-4.2069,9.6913,-8.8731,-4.9814,5.6417,5.074,-9.5223,-2.931,-6.4741,-4.8379,-2.1916,-3.495,-8.1945,-2.0445,-1.0044,4.1138,-0.2474,7.7738,4.0302,-2.7013,-6.4391,-5.717,9.2211,-5.3486,-7.1291,3.1291,5.1145,1.598,-2.8732,-1.1204,-3.524,-1.6257,-2.1292,5.7566,1.5996,-8.5418,4.0422,9.2612,3.2383,4.067,7.458,-3.8354,-3.0052,-0.9148,-0.9706,-6.8894
-2.7992,-5.9918,-8.8262,9.3502,-8.1423,3.6679,4.4422,-6.4238,-7.2887,8.7002,-6.7258,8.7726,4.0157,-4.4702,-6.5433,9.8623,1.9654,2.8901,-9.8645,-6.2948,-4.7844,2.9737,9.2965,6.8243,0.6436,6.224,8.3822,3.4226,-1.5115,-0.122,7.5037,-3.6579,-2.5343,2.1857,-7.67,2.9236,-5.6514,6.1139,2.4035,1.4612,3.6553,-7.5727,3.6282,5.3111,-9.2056,3.063,5.8392,-3.9505,0.9913,-7.1761,-7.3338,-3.2089,-9.8801,-4.5711,2.2545,-3.1791,7.185,-6.5293,0.0375,-1.8752,-0.6252,-4.9764,1.4363,1.7211,-0.3511,-9.7481,-7.8995,0.9539,-3.0947,8.0286,3.4939,-9.1648,6.0,-1.8218,-7.509,5.9183,-0.9985,-9.5835,6.6913,7.2687,-3.5868,5.4831,-3.6997,-0.7743,-6.009,7.089,-7.6063,1.7641,-6.087,-8.1586,6.019,-7.3956,4.0285,9.7317,-0.5594,-1.0785,-6.4498,5.1239,-0.5269,0.2936,-3.643,-2.0216,-7.89,-2.8485,-0.6553,6.0501,-2.4064,9.1549,-3.3508,-0.1839,5.7591,4.1777,0.5658,9.5555,4.2029,5.8957,-5.8744,-4.1073,8.7518,3.9807,5.2069,-2.3027,7.2831,6.6902,6.9372,2.2343,-7.1954,-0.4897,-4.1056,0.9505,-3.4491,6.5293,-4.6519,4.6604,-2.3637,5.1755,-3.0441,8.0338,-2.8919,8.2838,1.7877,1.2627,9.4337,5.6675,-1.1448,8.2038,7.7897,3.114,5.5367,2.2803,-8.5323,6.4861,-6.2076,4.1989,-5.5534,-0.934,-6.469,3.3534,6.979,0.1602,-4.5758,-5.1729,-3.0287,8.6277,8.9536,-4.2572,1.2513,-2.4907,2.0044,3.1361,2.6967,4.6981,0.3247,1.4758,-4.3776,8.1947,-7.1419,-6.8527,9.0719,0.2509,-5.1038,-4.3191,-8.4782,-6.2863,1.1863,-7.4299,-8.7523,8.1197,6.3251,4.043,2.5963,-8.6598,-6.8475,-8.7989,3.1989,7.317,-8.2202,6.9619,8.872,-9.7548
-5.4168,-2.796,-8.3426,-1.7702,4.2083,0.1541,8.1035,5.4809,-1.8218,6.3652,1.7012,-7.9826,5.6403,2.8497,-6.6797,-4.8175,1.967,-2.3569,7.2209,5.8112,-5.985,-0.7792,-4.5704,-2.0899,-7.5398,9.2385,8.7152,-7.6327,1.8249,-2.5682,-8.9981,-5.7311,6.9221,-0.1168,0.9121,0.1713,4.5736,-0.5748,9.2061,1.1,1.233,-0.2017,2.7685,-9.2961,4.8185,-4.5924,3.2433,9.6798,-3.1288,-0.9807,-1.1569,-4.3659,2.4435,2.6284,7.0332,-6.3167,-4.4122,7.7478,4.287,5.4144,-3.38,1.9849,-5.701,-4.5294,-4.2451,9.1783,6.7057,7.3357,1.934,-1.1188,1.1403,-2.0494,-7.8546,-6.2062,7.522,-5.5131,-7.1845,7.8387,-5.5817,-3.5384,-7.3016,-2.4281,-0.3258,9.7557,-8.9766,5.0732,-4.0749,-9.135,-0.1044,-5.991,9.0117,1.7503,5.7236,-7.1096,-6.1931,-3.8017,-5.6183,5.2853,-1.5557,-7.5983,-4.5436,4.5241,-8.5518,6.7466,4.2844,-9.3424,7.95,6.9287,-8.9637,-1.7252,2.608,0.4705,-2.9853,-6.1233,-2.3772,8.9698,4.9011,4.8505,0.7567,-0.3709,5.2874,4.4195,-7.1323,-2.8655,-1.0594,9.8998,-4.959,-0.7518,9.3787,0.6046,-5.3653,-0.5585,7.6727,3.9651,-0.8431,-5.7272,5.202,-5.255,7.2884,2.3519,-4.1434,0.6065,3.0702,3.1626,-4.0428,1.2889,-4.5494,-2.0833,-2.3865,-8.1614,-2.4707,-0.2753,-6.0162,-4.5494,-5.2249,7.752,9.5853,-4.3195,9.2961,0.8044,0.156,6.2523,9.3921,0.4061,-4.3258,5.8516,8.1101,-0.305,-6.3414,-7.9601,-1.2651,-7.8412,-4.0202,8.8658,-5.9717,3.7886,3.1754,7.5167,-8.2147,-9.9833,5.37,6.4496,5.0701,0.9113,-7.1104,9.2355,-0.9563,-3.3888,-9.2642,3.5005,-3.7483,-9.1225,3.2534,0.4792,-5.1825,1.5426,-9.8838,6.8041,-3.294,-6.3039
0.9308,0.9577,-8.9709,3.3124,6.4558,-9.0518,-0.3194,-6.273,5.5303,7.586,-5.4792,5.2988,4.0792,8.021,-5.9577,-2.7364,-0.5465,8.4616,-7.9736,-4.5623,0.8956,1.1163,5.9215,-8.978,-5.5748,2.8439,4.493,7.8222,-3.6444,5.9437,-2.628,-5.4269,-0.2322,-2.4107,-5.0034,0.0054,0.9293,8.931,-5.9052,1.349,-2.7862,-2.9195,-3.343,-0.938,6.8255,-5.0148,-4.2973,6.2839,5.7812,2.9598,-7.8211,-5.9331,3.2472,-7.549,3.2602,0.5211,-0.5641,9.6745,1.9401,-0.9255,3.4011,-2.2708,1.314,-0.947,4.1262,-6.8081,-9.7661,3.7336,9.4876,-7.0486,3.368,-5.0592,-9.8883,8.4751,0.7057,4.646,1.4948,4.7295,-0.6686,3.6693,3.1323,0.6405,4.8892,6.9539,-7.6694,-1.7314,-2.1697,-3.3573,4.2273,-7.8965,-7.4804,9.9989,-7.0975,-1.9141,7.719,-0.7621,-3.9557,-3.4815,4.747,5.0975,-1.5409,8.9727,-3.1811,-0.7183,1.1871,-3.5937,-9.0463,4.9453,4.887,-7.8984,-8.5658,3.7595,-5.8578,8.1927,-5.7271,-8.6641,6.1466,-5.8093,-8.9877,-3.2694,-9.9173,5.6277,8.2933,-6.4381,-3.619,8.5452,-8.029,-3.8394,0.5775,8.8292,-3.1708,9.4214,6.142,9.9128,9.9511,-5.0311,6.0235,-3.8621,-1.9039,-9.8814,-3.1926,9.3071,2.9249,2.4187,7.7562,4.724,-8.9506,4.763,-5.3363,-1.5419,4.318,9.014,-6.0749,9.0833,-7.3236,-8.0648,-7.199,7.8505,3.1037,1.5566,-5.736,9.4574,5.8609,-6.5653,-7.5923,0.3452,-5.1304,4.7514,-5.3925,4.5005,-3.9818,-4.5722,-6.328,-3.3403,0.0409,-4.6505,-7.1122,-3.7219,2.7487,-5.6226,-9.4062,-5.9606,7.731,8.6809,-7.5281,8.5093,3.4525,7.8273,-1.0203,-0.5603,-5.2541,2.1052,-7.6004,2.7906,-5.214,-4.6744,9.3294,6.9468,-1.5713,9.8688
6.3865,-6.8585,-7.9011,2.3239,9.4323,-7.8753,-5.1999,8.8927,6.6566,4.3915,6.1285,-2.4715,6.9754,1.2963,-8.2478,5.3726,9.7714,7.7287,-6.457,-4.4683,-8.5743,-8.2123,7.8772,2.1592,-4.7976,-5.322,-0.6148,-6.6398,8.2977,4.6332,-9.8383,2.1775,5.366,6.255,-4.8073,1.121,6.7688,-5.0604,-8.2493,-2.4619,-6.5203,7.1432,3.212,-3.3583,7.4581,-9.9227,4.5325,-3.7277,-2.5141,1.2715,4.7508,-7.5764,6.9343,-8.5761,-8.9577,0.3159,9.4668,9.0194,-1.1663,9.76,-8.9973,-7.3216,6.5212,0.8439,7.6057,-4.9174,8.5879,-9.1508,-4.1483,-0.6022,1.5726,0.1743,-6.4704,-6.461,-0.0951,-7.6088,7.8868,9.551,-6.3901,-4.6338,-6.4669,-0.5993,2.5668,-3.3361,3.3201,-9.2726,-3.4581,6.0644,-4.3101,1.8927,-7.3393,-0.3697,2.8006,-1.2414,7.6218,-7.5256,1.0805,6.1535,-3.7437,-0.3164,-6.5072,8.7543,-7.7944,0.3662,5.1874,6.7805,-6.5332,7.4076,8.1249,-6.7135,-4.8592,-8.0011,-7.7652,9.7187,-6.3346,9.2591,-1.8569,-7.4951,-2.1218,-0.9263,2.3462,6.9834,-2.3052,-8.5779,-7.3229,-1.1429,0.6269,-6.2342,-2.149,6.6536,7.9376,8.3145,3.5671,1.7111,1.7591,-9.3499,3.7365,0.2717,6.2108,9.652,-7.7345,1.1173,8.7165,0.2573,-1.3203,1.4236,8.8545,3.6611,-0.3521,-8.2032,-2.9372,9.0529,-5.1694,9.6204,4.9253,-2.9939,-8.4789,-5.2131,5.3578,-3.9194,-7.8142,0.2839,9.9235,2.3635,-7.784,0.9362,1.4385,5.4383,6.8669,-5.4099,-3.8105,-5.1547,5.1721,3.4102,4.0333,-1.6644,9.6762,-2.081,8.4326,-5.2742,8.3912,-2.0897,7.6127,6.1561,-2.4242,8.6734,-8.3476,-9.1651,8.6034,-6.299,7.4466,6.9094,9.5387,-8.9925,-5.393,-3.4125,7.9056,5.9247,9.4844,-8.3162
7.1825,-4.0214,-6.5146,8.4699,0.8631,1.3089,7.5772,-1.3372,6.0105,1.9997,-8.3529,-7.0136,9.1187,3.6092,-8.5865,-9.1331,3.9699,-7.9148,-2.7997,-8.8527,4.5618,-2.9351,-9.3147,9.9947,-0.2743,-1.6706,8.6905,8.3055,-6.2997,5.6034,0.9273,2.1373,-5.8626,-7.0414,8.0364,9.4224,1.9306,-0.3565,-4.7014,4.8598,2.3122,-3.5259,5.925,0.0521,2.4495,-4.7613,-3.1076,0.3231,4.6314,2.9627,-8.2758,-8.326,9.0821,4.7709,-5.9003,7.7774,4.2361,7.241,-3.146,-7.3429,5.3268,2.2024,7.585,6.8082,1.9352,-6.0677,-4.5283,-1.273,8.9377,-3.8001,-4.1292,-4.0306,2.3124,-4.1074,-2.1966,-1.4751,5.3545,7.4577,9.7883,9.192,4.6077,8.0417,-2.7554,3.1618,4.2903,7.9359,9.7456,-7.3509,-6.756,-7.7584,-8.4185,2.4431,7.9482,-7.6212,5.1783,-9.4464,6.4923,-1.3839,7.2832,-8.588,0.5071,-5.5215,2.8558,-4.1627,7.9233,6.2261,8.1529,-8.4979,-8.3316,-6.4302,8.5732,-1.4401,5.371,8.6652,-0.8459,9.1128,-4.0365,-0.6145,-5.6224,7.9747,5.4857,-1.1344,-4.6904,-9.9898,-3.6672,-6.1186,8.5429,-5.9746,8.1305,-6.3768,-4.8021,1.1408,9.5097,0.4642,7.4737,2.4879,7.5577,1.7723,2.9312,7.2366,9.4099,3.0412,-9.1233,5.4523,2.831,-3.0458,9.746,1.0506,4.8134,-9.5297,7.4709,5.5637,-2.6762,-2.8915,-3.3412,9.1593,3.7593,-4.1859,-1.7963,5.9632,3.631,-2.4795,9.1446,1.9127,-2.3699,9.0734,-4.6007,1.6158,-8.4676,5.4531,1.5268,-0.8854,1.2887,-9.9648,8.3014,-9.6922,8.8292,4.1115,-6.3079,7.3274,7.7287,-6.8863,0.4284,-2.3108,-7.7008,2.9284,2.4917,8.991,2.3071,1.9213,-3.5777,9.4218,1.5527,4.7579,-9.5923,-1.1489,0.6904,-5.474,-7.9993,-3.5428
-4.1253,1.642,8.9148,-3.7714,4.7035,9.2242,-7.4167,-6.7851,8.5764,-1.7635,-5.4827,9.6402,-2.5215,0.1324,-3.4135,-3.792,-0.983,1.0352,1.2839,-5.7696,-0.8163,8.7041,8.1528,5.3135,7.9655,-2.6467,-1.9812,8.5124,-7.6225,-9.4729,-3.9711,1.2621,4.7185,-9.7482,4.1317,3.8069,-5.953,7.1954,-8.9302,-1.7124,-8.7185,8.2945,5.5865,0.6135,-5.3107,-5.6085,-5.7959,0.5894,-4.4927,-2.0344,3.1011,4.5827,8.6784,0.1998,-6.9185,-4.3925,-0.3785,7.8914,0.0838,-3.8802,-1.3131,-0.5854,4.8856,-3.3255,-6.5208,-3.4989,-5.8652,-2.619,4.1028,1.1874,6.3859,0.6317,1.8859,2.6198,-6.8085,-4.5886,0.1177,-5.2273,5.8452,-8.5088,0.7632,3.5166,-0.877,-1.2517,5.3028,4.733,-5.4068,-0.7553,3.0629,2.4733,1.8596,9.8437,6.4517,8.2529,1.8041,-1.291,-5.9579,-3.5458,3.6938,8.8697,1.5252,9.6255,-6.4642,1.537,6.8159,-1.0253,-0.6878,1.3992,2.9068,-6.6666,4.5111,-5.9482,4.1299,-7.4974,8.0398,-0.2248,8.5309,1.737,3.5974,4.7657,7.829,-4.9983,0.7984,-6.0633,-6.1563,-2.4585,9.4419,-5.2357,0.1811,1.8761,-4.9177,5.358,6.1886,9.3241,-3.7313,7.7753,4.9525,-1.5534,-0.2565,-8.3416,-8.1814,1.0055,-8.2351,-3.9307,-2.9111,9.2815,-8.4081,8.5573,5.3238,4.4691,-8.7153,-4.3107,-9.5121,-8.9732,-1.3703,0.6656,4.0663,-1.9035,8.1481,0.2578,4.8687,1.0508,6.4137,2.5013,-2.3316,-2.5482,2.9753,-1.2453,-3.547,8.01,-4.8355,4.4424,-8.1373,0.0635,-8.9771,-6.9267,8.8463,-6.5919,4.2183,1.7937,-4.7537,-6.4087,6.6646,7.0886,6.6669,-5.8194,8.9902,6.3678,9.9765,7.3511,-7.3718,-3.1109,6.3567,8.4376,-7.419,5.1871,-8.2198,-7.8875,-0.6238,3.0083
7.3533,2.6186,9.5354,-8.0726,5.9775,-2.9182,5.0888,2.7789,-5.1194,8.3305,-8.0367,7.5321,-8.7762,0.9097,-9.131,-0.9307,0.2326,2.2365,-3.373,-0.0911,-1.5717,-4.1861,-0.3973,2.2786,1.7047,8.7829,-2.2125,6.1822,-9.5675,-3.8241,3.2572,-1.0629,9.7366,-8.4766,6.2016,-1.1207,6.1609,9.1146,1.4475,-8.8755,-3.6772,3.5346,5.1529,-2.3896,1.6829,-6.5518,5.7202,9.8727,6.994,-0.2269,-1.6687,-2.6702,5.3562,-3.4256,-1.1507,5.9961,7.7092,-1.9836,-3.0313,3.8236,6.3371,0.3556,-4.4214,-3.0442,-3.3103,6.7288,7.6229,8.3051,6.7312,9.6814,-0.7423,-5.5295,-9.5503,-6.8962,-0.3585,3.0203,-6.2857,8.8564,3.7944,-9.3058,4.6023,-4.2375,-3.2211,7.0886,0.2772,7.5081,6.6655,-5.0661,7.8288,-8.8835,-8.014,6.3714,2.3711,-8.1596,-0.0484,-5.9151,-4.7775,2.7288,-0.4566,-4.9332,-4.1636,3.2097,6.4701,8.3238,2.8811,8.0362,-0.6974,-0.1043,-3.1674,-0.619,8.0012,-2.3011,5.8601,-0.9089,8.5938,5.1533,4.2348,-4.3331,-8.4785,-5.0994,8.6478,9.4884,-8.5138,-2.6962,3.9683,6.9585,-7.2382,-6.7986,-2.4039,6.1239,2.0391,-5.4012,-5.2491,-2.9647,5.812,5.0905,0.1978,7.6748,-0.1814,6.0587,-8.8255,-6.3779,-4.4139,-8.8715,6.3306,4.3673,-0.3952,-7.2245,-0.5268,4.3588,-1.9451,-6.8059,1.381,-4.2767,-0.9124,-5.1588,-1.3142,6.7247,-7.8836,0.1538,-4.897,-2.5038,9.8826,1.1806,-7.8658,-3.4652,-5.5918,-9.7508,4.2968,-9.5151,2.0888,-3.5821,7.2889,4.8264,-4.7937,3.011,0.3874,8.9887,9.4968,-2.3933,3.9978,-7.0731,7.3077,-5.1316,6.0273,3.0357,8.8868,4.0928,-4.7305,9.8124,4.8896,9.2189,-2.5167,2.1236,5.7378,-9.8306,2.7576,-2.9325,2.0756,-9.4185
-1.8779,-9.5214,9.3497,-6.1918,-5.3197,0.8602,7.1959,6.6735,-5.0914,6.9891,0.783,4.6069,-9.5197,-8.7341,7.7715,4.4797,-5.8778,-2.0511,3.8286,8.3818,6.1937,8.499,-8.0551,-0.3559,2.4016,-3.3004,4.0891,2.3554,-5.9478,-6.6113,-4.5159,-8.4447,-3.5201,6.5341,1.2159,6.9638,9.3914,4.7875,-4.7976,0.3865,8.2632,-8.775,6.8646,6.3934,-3.0029,-1.2339,-8.9696,8.768,-8.1263,-9.4119,-5.3785,-4.1877,-7.1783,-2.1692,-9.5786,6.1894,4.5056,-8.2423,-1.1108,8.3955,0.4334,9.4311,0.3036,7.7027,-9.312,-0.8991,-5.772,8.075,2.1351,-7.0173,4.8023,5.6262,-1.3608,-0.6542,-7.1648,-8.5718,-1.7316,0.1446,-2.9352,8.4049,-6.0759,5.7665,6.8297,1.7908,1.6403,-0.0489,-2.7091,-6.2194,-7.9087,2.4544,-5.4954,-3.9682,9.1784,7.2535,-2.1575,-0.5437,-0.7821,-3.9887,-3.5489,8.9476,-8.3558,8.4507,3.8673,-8.656,2.4459,2.9953,-7.8023,-9.782,5.8644,2.0812,0.9425,-1.3829,5.9028,5.4215,7.204,-3.9956,-1.8896,7.9741,2.1678,7.2932,-9.9321,-7.5868,2.4013,-6.7657,-6.8339,-2.165,-3.5984,-9.8341,-0.2223,9.6163,-0.9322,-9.6314,8.8229,0.2875,7.041,-3.0165,-5.0119,-4.39,2.2071,-3.2753,4.4235,-5.7553,1.5403,-3.6868,3.3971,-1.8577,-4.5245,7.099,9.9767,-1.7562,-9.1366,-4.3257,8.6713,7.6895,-6.255,7.726,6.569,7.4032,1.7438,8.903,-8.7695,6.5963,-3.4112,5.7444,-1.6764,4.4362,-0.0293,1.2835,8.9961,-7.2567,-3.5112,9.739,2.4721,-2.2438,-3.4738,8.2561,3.2629,-2.5369,8.4512,-0.4621,0.9129,-4.2927,8.8951,0.263,9.1404,-5.7853,-3.8681,7.8525,-8.6983,-9.3374,-1.4107,-6.8343,-1.8356,9.8069,5.4567,-8.8802,8.3972,1.7006,3.184,7.9256
6.7342,1.921,9.0454,4.865,-7.3253,2.5652,-2.09,2.1553,5.4114,1.0374,1.9906,-9.8553,5.6013,-2.0651,-7.6557,7.8266,4.4739,-3.1055,1.7295,-0.9693,4.4338,5.2235,-0.9208,-7.5029,-5.4506,-7.0604,-1.989,5.8621,-7.008,2.84,-8.6792,-5.5472,-9.4154,1.6863,5.0741,3.8768,0.6101,-2.0405,0.175,-0.2148,-7.8935,0.573,6.9023,-8.6415,8.612,6.1512,7.1808,-5.5095,-1.275,8.401,-5.5589,8.5273,2.0733,-1.2286,-7.2918,3.5401,-5.0907,3.3865,-1.1482,-9.4621,5.1741,5.3652,-4.0436,0.2883,8.0512,-9.6823,-0.0648,7.7607,6.0401,-7.6867,-9.9171,4.8598,-7.4975,-5.4751,-1.5758,1.6617,-0.453,7.6172,2.0162,6.1813,-3.431,-6.5543,6.4862,-9.8524,-5.4337,-7.8265,-8.2035,6.1972,1.5751,2.4909,0.8746,-5.4718,1.1955,0.2122,-9.0391,-1.017,7.5131,6.2506,0.7167,3.3036,9.8709,-9.1158,-6.2566,-3.2645,-8.8583,1.1471,-0.0916,-0.3715,-7.5425,5.6309,-6.2951,9.1035,0.009,-3.1509,-4.6196,-5.1242,-2.6019,-0.6702,-4.5638,6.8577,-2.6654,-4.9207,7.5488,-6.97,-2.4635,-4.5582,-1.1967,4.6926,-6.4254,7.4716,-1.914,-8.5196,-0.1128,8.5219,8.5001,-5.4049,3.7963,2.3409,8.1429,6.2585,4.696,0.558,0.3555,-7.0783,5.9237,-9.4466,-4.1521,-8.2356,-0.4409,-5.8447,-9.5902,5.7254,-6.3593,-7.1391,-8.6465,3.0008,7.1777,-1.5282,-2.5304,-1.1017,1.5314,6.5272,-5.9992,-4.4097,-8.0335,-4.0068,-9.1047,9.9422,8.2356,9.9951,5.1144,-3.5686,8.6807,-6.3222,9.4267,-2.3389,7.0185,-4.0567,-0.1639,8.4215,3.6295,6.0854,9.4319,-4.1994,1.0798,-8.1648,1.8981,-5.7979,-7.0151,7.7663,-7.7102,8.8507,0.7776,4.2526,-2.9483,-7.456,6.876,3.6137,8.0094,-5.0184
8.407,-8.9428,-8.4841,-6.1833,-2.9639,-4.6901,8.5258,6.9131,-2.1672,-2.4164,-9.9666,-8.4344,-8.5795,6.9295,5.1061,-9.0668,-1.9925,-4.2799,1.9436,-6.7572,1.2347,8.7277,-3.9871,-1.5848,-0.9005,9.7079,-6.7271,7.6313,6.1634,2.2165,-2.7004,2.0021,9.851,-7.575,-9.9092,-3.686,-3.5724,-1.7823,3.9363,-1.2059,6.0026,1.2471,-3.2066,0.1026,-6.7897,-4.6638,-9.9254,7.4584,-0.7872,-9.3513,-5.2431,6.3938,5.3028,7.5369,-2.5323,-6.6694,-9.069,3.7852,4.8697,-7.1377,-0.9868,8.0816,4.4629,0.3676,2.64,-9.0358,4.1059,-2.5035,4.3707,-1.7231,-2.9479,9.0617,4.3239,1.6275,-1.5281,4.3107,-5.2352,-4.9296,2.1565,2.5524,2.0484,-0.1515,8.1857,-2.5912,-6.0887,-2.5493,-8.1293,0.169,-2.0115,-4.0561,-3.5986,-3.3603,-7.7754,6.5478,8.907,7.8644,-5.4972,-4.3485,-4.5367,8.3094,-6.729,6.3643,1.3514,-4.4278,-1.5872,-9.0128,-9.2803,8.9767,-6.0283,7.8341,-0.747,5.4004,3.7863,-4.4108,1.1461,0.1401,2.564,0.6951,9.4396,-3.1835,4.1071,2.3897,3.7813,0.9471,1.9559,-6.0452,3.4577,5.566,-9.5922,9.3037,0.1362,9.1799,2.0334,8.538,5.7941,3.0773,-6.0916,2.4784,6.6843,4.5335,-8.4262,8.4167,2.789,7.6756,-7.559,-7.3521,-7.8022,8.9987,-0.8568,-2.8826,-9.532,0.4117,-6.0263,8.8319,-6.9283,-2.8457,7.5148,-2.6436,6.91,0.9935,-6.5434,5.4417,-0.3042,-3.0972,8.4777,3.9657,0.93,-6.5847,-6.6772,-8.738,-6.9059,-8.8196,-6.5889,-7.1319,6.5671,-2.0479,-3.0357,-1.8938,-1.3227,-1.0293,-6.9798,9.9742,8.1798,7.6235,-6.888,-6.8923,2.7901,-3.8641,-0.244,-2.0989,-9.9574,-1.2127,6.4683,-5.9389,9.7911,3.4546,-0.467,-4.9691,2.0325,-8.17
-4.3648,-4.8409,5.5044,-8.6716,-7.3921,-3.3273,-9.6553,-5.4728,4.941,-7.0346,0.7731,8.2955,-4.1024,-5.2833,-2.1898,-3.7081,-1.0274,-3.8487,1.9427,7.1083,0.6104,-9.6369,4.2387,1.0905,0.4366,-5.9601,-8.6859,2.688,0.3485,4.2616,-9.3391,-5.936,7.4387,1.2893,-8.0511,2.2276,-8.457,6.9143,-3.2196,-4.4365,1.5319,-4.3615,4.5007,2.0993,7.3222,-3.3572,-2.0892,-0.7023,-4.8945,1.9993,2.8914,-9.5219,-9.1996,-7.3366,9.0537,-1.004,-3.2001,9.434,0.7696,2.1183,-3.5992,-1.6989,-5.9005,9.9964,-8.6638,-1.3621,4.9625,0.8201,0.1017,7.7942,2.9627,7.1595,-0.6434,0.779,8.6595,4.6077,3.5881,1.9964,-6.7845,-5.0929,2.8431,-2.139,0.3665,-2.8804,-4.7772,1.3046,2.852,1.7152,6.7168,-2.4612,6.8125,-4.1158,-8.2884,3.3159,4.0059,-5.211,2.5399,6.7574,1.5123,-0.86,3.9411,9.6691,5.2681,-1.6608,-4.0674,6.0133,-4.548,3.9602,3.8784,1.6269,-4.2572,-7.5687,2.2746,-7.0039,0.5518,0.437,0.5002,-3.4714,-2.1546,2.0059,-2.3216,8.1969,3.4319,2.0404,3.6492,-9.8641,0.0752,1.5604,7.4995,7.0915,-2.0083,-5.3137,-3.2683,1.7614,8.7283,1.1562,4.6187,-8.4158,5.0929,8.0044,-3.4505,-0.6649,4.5915,-7.2436,7.2902,-4.6023,-2.6158,-0.5431,-8.3132,0.3485,0.2506,-6.3282,1.5489,7.1813,-4.3203,9.4121,0.5976,-0.1946,-8.8661,-6.784,8.701,7.6756,-3.8939,2.5422,5.6111,9.4404,-1.9824,-8.4906,-4.0721,-0.412,-7.5601,7.5109,7.8405,1.1467,2.4457,-9.5912,-4.0628,-1.6638,8.7565,-9.9866,-2.4269,5.8233,7.3172,-7.2815,3.5179,-2.7351,-9.3923,-4.4148,-8.4745,-0.3217,5.3233,1.3772,-7.0989,-5.0304,6.4775,8.7692,7.377,3.9206,-2.4875,-8.4012
6.5911,3.0321,-6.5166,-5.658,-0.0963,4.9627,-9.0298,4.7431,1.6055,-2.0192,-0.0743,8.5017,4.4589,-2.3199,-7.4977,-3.1981,2.8481,2.775,-0.6817,-7.5189,-1.6506,0.3221,-4.1649,4.4852,4.6333,3.7385,-1.1751,-7.7096,2.1268,-8.7894,8.2066,3.0834,-8.6046,-2.2716,-4.2585,-5.8481,0.8797,1.0203,0.5919,-6.4273,5.7315,-7.3583,5.8259,-5.7111,-9.6021,-8.6027,1.6095,9.175,3.8192,8.7695,-4.1254,5.0291,-0.077,-9.85,-4.7617,-6.6849,-2.3691,-2.4978,-8.239,-9.9951,-5.3921,-8.991,5.6468,-9.4527,-9.011,-4.8231,6.365,-8.5866,-2.5878,1.775,0.8855,-0.7624,1.1357,6.2324,1.3273,6.2588,2.9587,-7.2616,-5.6075,-1.2903,-4.0868,-0.8207,8.5857,8.4759,6.4668,-1.5265,-8.7134,1.2991,1.2945,6.6457,-9.3323,-1.7404,9.4154,0.5524,7.1542,-7.6886,-7.7237,-2.0078,-8.5877,6.2994,-1.1626,7.4165,3.1003,0.3617,-2.8183,-1.301,1.337,-9.3178,-6.0394,-5.8747,4.3345,8.7464,3.9776,3.1227,-8.1825,6.9401,2.1038,-3.7993,2.4294,-0.3262,-6.4368,8.2673,7.7877,6.1063,-5.3825,5.9425,1.7296,2.7738,-4.0472,4.3094,-3.0352,8.4092,-7.4604,2.4319,-9.4042,6.5932,-6.7264,7.1894,0.1066,5.4972,-7.8624,-3.9158,-4.8145,9.2856,-7.8537,2.4318,8.2542,1.1682,-0.6331,-8.9801,6.8162,-4.2871,5.4061,-2.253,0.8858,-2.0456,9.6675,7.861,-7.2108,1.727,-8.2356,0.2358,-7.4412,8.7084,-2.7438,-3.1688,-1.6335,2.3074,8.7316,-4.5733,0.4426,-2.8009,3.6735,0.8148,5.8044,-7.8324,6.2312,-3.3707,1.0251,-7.3891,-9.6591,-0.1036,8.3352,-3.0621,4.6416,-3.6169,7.2165,-7.045,5.6597,-1.7464,6.7196,1.436,8.5452,-7.1139,3.0857,-2.3608,-4.5238,1.9168,-5.685,-6.4332
1.4993,-6.7011,-6.6223,8.3477,-4.7416,-3.1603,-8.4742,4.0558,-0.1371,-7.0255,-6.8444,-2.9878,-5.1285,3.37,-6.6279,-4.6462,-2.9679,-7.3049,-7.7148,-5.7718,3.7735,6.6166,7.0125,-7.2204,1.223,6.5573,2.7697,-2.9008,-5.8944,2.7269,5.2854,6.5278,6.8792,1.6787,3.8349,-3.5642,-2.953,6.7302,8.4681,-1.7091,0.1273,3.2897,6.3504,9.1454,4.0519,-8.5027,-9.8908,2.0379,-0.5414,-1.7837,-1.8128,2.2071,1.5004,6.1045,-3.3412,3.0218,8.806,1.9495,2.1422,9.7265,4.9654,0.6398,4.5932,4.7497,-7.0826,-5.9182,4.1092,7.9805,-5.9068,-8.2306,-5.8462,-1.3445,9.867,-4.6294,-0.4319,-0.0519,-1.0483,4.3,1.7676,-9.4187,-1.7758,-6.7564,-2.0735,-3.424,8.687,-3.52,4.1065,-9.2674,0.8199,-4.27,-8.9621,-8.4317,1.3779,-9.7645,5.7277,7.9766,7.0056,-5.0774,-7.0621,2.372,-1.4056,-9.3802,-1.6209,-6.2666,-2.7657,7.6552,-8.0182,7.8922,7.9853,2.6613,-4.1392,0.4719,2.8438,1.6838,4.607,4.9121,-4.8254,-0.4603,-0.5256,8.4964,2.5367,1.3934,0.561,6.2983,-7.0087,-6.4834,-3.7826,5.8581,-8.6855,-6.8154,5.1338,-1.2381,4.4226,-8.9569,4.3827,-0.1098,6.7878,-5.7402,5.382,1.9363,-3.5759,-8.9554,5.5155,-2.0941,4.5245,-9.3425,7.6303,6.3883,-8.5335,9.3117,-5.4695,-0.5607,0.9879,6.4169,5.5538,0.571,9.7265,0.47,-2.0401,1.2729,-2.9668,-7.7693,-6.3276,6.7251,9.4848,-2.1544,-7.9678,7.4442,-6.1112,-7.169,3.9024,7.7621,-5.0901,7.2491,4.5062,9.7917,-4.1473,0.7022,9.5759,9.4332,6.5555,-2.977,-7.1936,-2.6152,4.4054,-9.1403,-3.5676,2.964,3.7608,0.7729,4.2334,-3.6309,2.6972,-1.3921,-0.1381,-6.9149,4.5649,-5.6033,-5.9229,4.4203
-0.7994,-1.5421,-5.7667,-3.2823,9.7708,-9.9791,-7.374,-0.3126,-0.6917,2.5684,6.1423,4.5917,3.5708,6.7575,-3.8179,-3.5877,-7.5797,4.0028,1.6816,-1.3967,0.0857,8.1453,7.318,8.3458,9.0654,9.6921,-3.6494,-6.2218,-5.618,-0.9394,-5.4446,-3.5163,1.1993,0.0101,8.2936,3.5254,7.9447,7.4239,7.9162,-9.1737,-6.0773,7.5381,-5.5976,3.3309,-2.1024,-3.3848,3.2775,-6.5982,7.3887,7.9317,8.5526,-9.9414,-0.5257,7.8296,7.4558,1.5018,5.9054,-5.5146,2.5946,3.2905,9.4751,6.1171,-1.8334,2.2496,9.9496,9.0542,-2.9793,-1.396,7.7932,-7.8916,2.2704,1.8384,-4.4814,-1.2696,-3.2397,-3.1135,-3.1883,7.8221,-5.5928,8.9503,6.8947,-0.7811,-7.9493,-0.3673,-8.2296,9.7964,-4.2052,-8.3913,-7.7094,-5.7099,8.2308,-9.5898,6.1212,4.2644,9.7582,-8.5142,5.0131,1.2528,7.1314,3.7447,2.3936,-0.4135,5.3845,3.5011,2.544,2.2332,6.8904,-8.9005,-7.236,4.4487,4.8564,7.5167,5.5288,1.3095,-5.0134,-8.7183,6.6108,-2.9368,5.677,-9.0492,4.0637,3.5331,-8.5481,0.1088,6.9144,9.0302,-8.1266,6.4009,-9.2597,7.6061,3.6562,2.1531,7.3696,1.7537,-7.4743,4.8766,2.1278,8.7387,0.8957,8.223,-3.5051,-1.5384,0.6394,2.5408,-0.3498,-9.1116,-6.3235,-4.6929,-3.1826,-2.5598,0.2212,-0.0353,-7.2498,0.9862,4.199,0.0319,-1.2841,-2.1593,-7.709,-3.9712,1.2241,9.7644,-7.2273,4.6568,-7.9645,1.3796,-7.2994,9.2571,4.5039,3.6832,-9.2134,-8.0528,-0.7855,4.2321,-4.3144,-7.701,-1.2119,-6.0832,-2.184,9.6888,-3.8235,-6.8458,-3.337,-3.5401,4.388,-6.1613,-5.319,6.5187,-6.6233,3.9963,0.7916,-8.3791,4.266,-5.5471,9.8823,-7.8407,7.8035,-7.5002,4.4326,3.6185
0.8671,-2.3515,-4.9174,-8.6426,1.7469,-4.7987,-5.9108,1.877,-0.1557,-3.6006,7.8993,-2.7993,5.4659,-1.8049,-8.0672,-7.75,5.6804,-3.5703,6.2049,-5.2421,-9.0569,7.9731,6.7209,-9.394,-1.7287,4.7032,2.4854,6.9495,8.0707,-2.7397,1.1406,5.4181,1.1569,3.4682,1.4812,9.92,-5.0097,5.7702,8.3084,4.026,9.6737,9.4806,6.0544,8.5657,2.1989,5.2293,-0.3254,-0.675,3.3504,7.7889,-2.1697,7.9268,1.0394,9.2086,-3.9369,8.5756,-0.3234,1.5681,-2.5984,-5.2721,1.4019,3.3121,5.8672,2.2854,4.1571,0.7761,-2.0355,3.223,-0.8634,0.5089,-1.8616,2.1602,-5.6338,5.2324,9.7428,4.1423,7.7301,8.75,0.4394,2.4674,8.2439,4.3886,-8.5568,7.6768,-0.7519,-8.551,1.3655,0.7745,-9.8297,-7.4038,-2.0274,9.9389,-4.4851,5.7499,7.1206,-4.153,-1.6522,3.9131,-0.5839,-0.924,-9.9138,-5.2928,2.0638,5.5476,3.7985,1.2586,-2.1215,-3.6841,2.6685,5.3411,1.5655,-7.9546,-3.8363,-1.1317,1.5283,-1.2129,-5.4286,-9.693,-5.8984,4.2121,0.5801,0.8631,-1.2011,-4.2135,-8.2946,5.6524,-7.262,0.4106,-0.2519,0.7683,2.5684,-3.8852,6.2061,-8.713,-0.4498,5.4427,1.988,-5.3776,0.7058,2.3675,-5.3454,7.5807,3.0739,0.6359,-4.9168,7.6652,1.8578,-9.2672,-4.7067,1.2128,-5.2556,1.0212,-9.0645,6.8773,0.3256,-0.932,-3.6436,-3.8614,9.089,2.1569,4.0049,-1.6368,2.9666,9.9452,-0.904,-0.8287,5.8045,-3.1534,-3.3015,-2.104,7.2471,-1.2095,-3.0702,5.7443,0.8656,5.835,-6.3177,2.6313,2.0526,5.2302,4.71,-3.1971,0.6351,3.2339,4.0987,-3.733,3.1768,0.1893,-9.1203,4.3233,5.8827,1.77,8.0257,6.5202,2.1399,-3.3154,-3.1651,5.7894,-3.4825,-7.8743
-0.8609,-1.6835,4.7034,7.3296,1.267,1.1165,-6.2945,6.2442,-4.9763,-2.2567,-5.028,-5.5844,0.5124,-9.7739,4.4884,2.0684,1.5701,6.546,-8.6637,7.8107,3.4743,-1.4995,4.1717,7.7648,-0.3933,-1.9884,6.3748,-7.5484,9.0342,2.1931,-4.787,5.7413,-5.4729,7.8801,-1.8432,-8.8914,0.2452,-9.9759,2.3762,3.9269,7.7204,-5.6087,1.1778,0.0838,-8.8564,-1.0627,8.6574,-3.6693,8.8698,-8.3348,-7.3613,-8.6636,-8.8568,-9.7777,-4.1507,-5.0289,3.1896,-3.3393,4.8549,-6.1048,1.6994,5.6736,9.2989,-9.5869,-4.8374,9.7298,4.3708,1.3783,2.3042,-8.0518,0.6043,4.0309,5.1326,9.2523,-4.3372,-1.9082,0.5468,1.8305,9.8876,1.3138,-6.731,-2.3552,9.0466,-2.5095,-0.4477,4.2204,-3.4365,2.5367,0.4711,-1.5784,-7.1846,7.512,2.4285,2.0791,8.5683,-5.6472,-8.4923,0.7993,2.8461,-0.6293,-4.6086,-5.7531,-5.3355,1.8652,-9.0918,6.918,6.1338,-5.2714,7.25,-3.4626,6.4522,-1.3545,-8.9381,3.416,-5.0004,1.3196,2.5244,0.2568,8.1012,1.3715,-7.078,0.2775,5.2487,0.8885,6.1926,5.9439,-6.3831,3.7806,-8.0969,0.0436,0.9852,9.3041,2.3906,-1.4689,-9.8881,-5.5073,7.4819,-9.6927,-2.979,4.2522,-5.1518,-0.2111,-7.9153,-6.8016,-6.2226,-1.7865,-6.4592,-9.3429,-7.0402,-1.7898,3.0595,7.9301,-4.4559,-3.1216,-1.0537,2.3394,-8.3169,-0.5353,-8.0589,-2.737,3.0092,8.7402,-9.2054,5.1314,7.5629,-8.8465,-9.8855,6.4686,4.3245,4.6341,-6.3759,-2.1172,0.3772,4.1996,4.8606,4.8918,3.6474,0.0539,6.1345,6.0843,-7.6699,-7.3246,2.0395,7.8192,9.3824,-2.8853,-9.303,3.5176,-7.5667,5.5888,8.3006,6.8363,3.8343,-8.8154,-3.5627,6.7392,-9.5061,-7.8681,-4.9489,6.2361
-1.3267,3.0133,-8.6483,6.462,-6.2794,5.1635,4.1709,-3.8132,9.813,3.2962,3.0555,8.399,3.3323,8.9249,6.6496,9.8243,-1.7579,-0.2213,-2.3675,-6.8553,-1.6425,6.8201,-5.86,7.1158,3.6605,4.7912,9.8006,-0.4403,-2.237,-2.867,-9.7572,-6.8435,-3.0499,3.2533,4.82,9.9694,9.5634,7.9019,6.3851,-9.2299,2.4466,-5.3084,6.3642,2.9372,0.1689,6.6361,-8.4724,2.0004,6.5877,2.0091,-9.4821,6.9533,-3.4929,-0.4275,-6.7839,4.3423,1.5933,6.5804,-9.5514,5.5062,-4.3264,1.4519,5.012,-3.1137,5.1738,-5.1927,2.7548,-8.9447,4.8089,-4.0707,-7.4354,7.2295,8.9554,-4.7061,4.2027,9.2708,0.3354,-5.9914,-4.8047,-4.5967,-1.8326,3.1171,-0.9309,9.6162,5.6942,-4.9281,7.9674,-1.7667,-9.7192,9.3562,5.4266,-7.761,7.5551,-8.3647,4.0993,-4.6638,4.4654,-6.7321,-7.1206,6.5555,9.6735,-6.2209,-6.5421,7.9441,0.2635,-7.0166,-1.6993,8.4784,-7.504,-5.6405,-3.9191,8.5701,-9.4062,-3.0528,9.8077,0.5772,3.8584,2.1131,-4.2607,4.2613,-5.8794,-4.3491,4.4146,-5.6956,9.3969,5.7077,-3.0664,-0.8264,-8.1507,-6.2788,9.7378,-3.5578,-1.9431,-4.0748,-8.9275,-8.007,0.8748,-7.4035,-3.2466,-8.9154,3.3555,9.7911,6.5264,1.7896,4.7406,3.5933,-0.959,9.8998,-9.1175,9.074,4.1187,9.7848,9.3699,-2.2459,4.1662,-5.6393,4.0521,-7.2262,-3.5833,-5.5786,-4.2393,-7.8089,-0.6369,-0.1742,-3.904,2.016,5.2985,0.7741,4.4517,-2.188,7.9231,-9.2555,0.1466,-3.4351,2.1903,9.7148,-6.3998,-5.5684,0.7449,-0.9692,-2.8385,-5.4602,-7.5727,6.9751,-0.29,0.7294,-9.3842,1.1544,3.7489,-9.6246,3.5333,-0.715,5.3772,2.259,-4.5795,-4.5017,-8.6249,-7.5317,-6.8132,5.593
1.2701,-2.0925,0.8183,-3.432,-3.16,7.1769,4.1027,-2.2701,-7.4927,-1.6981,6.5853,-2.6246,-2.2371,3.9648,0.2671,-4.3495,-0.7382,-8.9072,6.1842,7.1291,3.2147,-6.7051,-9.1875,1.2846,9.7488,7.6753,-1.4224,-8.1217,-5.2429,-0.5969,5.9778,3.4205,6.8867,7.0154,8.9217,6.5778,5.0566,2.5939,0.1302,6.4813,-1.9224,-3.9301,-4.8025,4.8013,2.4278,-6.2384,-0.8687,-9.8506,-8.5441,-8.7466,-5.2993,4.3229,4.4578,4.393,1.6326,9.8053,1.9628,6.4966,6.2247,-9.6941,-1.6149,2.5525,-8.0779,9.3519,-2.2391,-0.2239,9.9671,8.3496,6.882,3.3369,-3.292,-2.6833,3.4837,0.9148,-7.3323,-0.3469,-8.0233,-6.4473,1.7619,6.1965,-3.2341,1.9596,5.4668,5.1989,-5.5514,5.5515,1.4453,0.5616,-2.6168,6.4832,-9.2222,-2.6789,1.5992,8.9551,3.9456,0.918,9.1849,-4.0299,-6.2037,-6.0289,-3.0988,7.2474,-1.1073,7.1193,-4.007,-3.2579,2.2981,-1.3529,-1.2188,-2.1077,-2.8411,8.6306,1.7834,-3.2836,3.8229,3.0874,-2.1776,-6.9882,4.6872,1.6787,1.413,3.2948,-1.2146,4.8951,-2.2512,-8.8887,9.7686,-4.1421,3.0757,7.444,9.2627,7.1262,-2.0235,5.5379,0.9487,-9.8818,6.7332,-5.9198,9.6547,4.2355,-3.1793,0.2809,-0.4157,-6.6644,6.1792,5.2708,-5.7988,-7.3146,-8.5052,7.2408,-5.9663,0.8905,-6.1106,7.9217,6.5199,-2.2314,-2.8689,0.8163,5.8372,8.6446,0.9808,9.7154,5.0782,-6.3686,-2.1134,-9.1539,3.6337,6.9383,-1.5367,-1.1788,1.2624,-9.602,0.895,-3.0221,0.3147,9.8941,-1.5943,8.2331,-7.1455,-9.9468,-4.3647,-3.2187,3.5897,-6.1971,4.6602,8.7918,-0.8215,2.4246,8.1687,5.1114,-4.4092,-3.7277,-9.7446,-9.8603,-6.1232,-0.2178,3.7217,-5.7767,8.2019,-8.5438
5.6979,7.4304,0.9889,5.963,7.5785,-1.6154,9.1432,-1.7161,-1.5247,5.4993,-7.4723,5.9634,-4.5843,-7.4673,-5.7473,9.2734,0.9466,2.665,4.7696,-1.3126,-7.8636,-6.0738,-0.3761,7.5964,0.6947,9.7234,8.3297,-3.4511,-3.1197,-5.1288,9.4867,2.245,3.491,-3.8533,-1.1385,-0.9379,-9.0742,9.8291,5.8384,-2.2786,9.5153,4.4439,-6.722,7.9412,0.2437,2.7586,-0.5552,8.1632,5.1484,-0.1106,1.4524,-2.4049,7.9199,2.7846,-0.984,-7.0126,0.99,-9.844,-9.0413,-4.1502,-3.3768,1.2059,-3.4217,-0.3303,-1.1573,-1.9329,8.2208,-5.2474,-1.3269,9.557,7.1323,-0.0669,1.3163,-1.8687,-9.5253,-7.8495,-0.1335,-0.8561,-6.0903,9.8049,4.0526,-8.2798,1.6158,5.4151,-6.4104,-0.8853,8.3026,0.1497,8.8843,7.1536,-4.9659,-8.3124,-7.6608,5.7904,-8.1731,3.7222,4.5005,-2.104,-3.4694,-7.5595,-0.0913,5.9767,-6.7227,-1.714,-2.1147,-0.9862,-4.9857,-8.8387,-2.6251,-6.0855,-8.1251,-4.9615,5.5846,7.7438,1.5148,-7.9743,-3.8356,5.437,6.8426,-1.024,1.7666,-1.5581,0.8672,4.3742,9.0126,4.8625,-8.9258,8.0574,-7.7791,9.4643,-2.9917,-7.2246,6.4825,3.5323,-6.8182,0.6506,-8.9124,7.6504,-8.8852,5.0789,4.7674,-8.9767,-9.9113,-3.6754,1.5578,-7.1552,8.6077,0.6694,-8.6418,0.398,-3.8341,7.684,8.6293,-0.6412,7.5688,-3.7463,-6.2711,-4.0916,9.252,5.3009,5.3539,-5.1921,-0.9159,9.6366,-0.5948,2.0304,-2.9255,-2.3845,3.7855,7.9931,-4.0525,-6.0876,3.0784,4.0825,-8.9387,-2.13,1.3109,-6.9781,8.8942,-0.8665,1.6685,4.7109,-6.1061,5.2996,-1.9256,7.0478,-8.4806,-2.4601,-1.0288,-2.6856,-5.268,0.8429,-5.8199,1.7897,-4.7865,-4.1578,-8.635,-5.3496,7.0653,-4.8379
2.8344,-5.778,3.8178,-0.6967,-4.2333,-1.7904,-1.1094,-2.8779,3.5135,-3.1076,9.4577,-2.7547,5.161,-8.8434,-7.7826,-3.8739,5.0788,2.057,7.8747,5.1454,4.8855,1.2274,-4.1063,8.753,9.608,9.6179,5.4432,6.9753,-4.8366,1.031,0.9791,1.3302,-8.1098,6.7636,5.8107,-9.7762,-2.2897,1.3114,-1.1262,8.6546,7.2323,0.1071,-1.763,3.1887,3.2482,9.3573,7.7334,4.7058,1.3948,2.1996,-0.1652,-5.8503,-0.6784,1.5877,-1.9092,8.9129,4.7844,8.7797,-2.8021,-5.3927,-2.1975,-0.4049,-2.5257,2.1171,-8.2844,8.4163,-9.4086,-0.4735,8.9777,6.9781,-7.9596,-5.1742,7.8,-9.5892,-2.6874,4.3047,-3.5805,1.3214,-2.7544,-8.9979,-6.595,-8.9106,-3.4762,7.8637,6.8228,6.6507,5.3737,1.7741,3.6245,6.7082,-1.7734,0.5504,-3.9009,7.8702,9.741,-4.0756,-0.9026,-8.5721,3.9363,-1.7373,-8.4303,-5.8384,-2.7082,6.5508,-3.0197,2.3014,8.6861,4.1456,-8.9957,-1.947,8.1277,3.7465,0.7547,7.7399,2.0697,-4.0889,5.1276,-8.1784,-7.9245,3.2857,-3.96,0.987,2.8377,2.3153,6.1417,9.9417,3.9177,0.9249,1.9422,-3.2569,0.6485,-0.3239,-4.771,4.63,5.138,-2.7231,-5.6915,8.0709,7.3768,3.2767,4.096,-4.0899,-5.3118,-3.6845,3.1754,1.1649,-7.874,-7.9522,-3.4994,9.4087,-0.0326,-3.9319,3.3679,-7.7091,9.9307,2.4721,-5.2482,-0.7032,-3.621,8.7673,0.7551,-4.4444,-9.3311,-1.5868,3.9987,6.3512,1.5427,6.1524,-0.1453,3.2346,1.3073,-2.7948,-9.2734,8.4811,-3.9891,-1.999,3.2513,6.4475,-9.3809,1.842,-5.2849,7.2593,9.7174,4.4815,-5.3887,-2.0225,-6.9962,1.1052,3.1091,1.8697,-4.4508,-4.0434,-0.5923,2.4719,-1.1373,-2.4124,-3.9816,9.2164,8.8081,-8.8577
5.6642,6.281,1.5234,6.503,-5.5742,2.3367,-4.3623,-6.4419,5.7048,-0.4561,6.6398,-2.1959,0.1283,-3.8507,2.8725,-6.6107,7.6467,1.473,-9.7704,7.1521,-4.175,4.5754,7.0533,0.5117,4.8544,8.7454,-5.2243,2.8329,-8.4339,0.2996,2.5188,-3.1917,9.0578,-2.6557,-2.9931,-9.5769,-5.0674,-8.6336,-4.9007,-9.5607,7.5126,0.3991,-2.3133,-5.2558,6.7515,7.1111,-7.9692,9.9191,0.7405,2.1223,6.4788,0.512,4.8186,-9.8649,-2.5894,7.6122,1.4226,9.4517,-8.0958,9.8962,-7.4858,-0.4274,-4.6623,-7.5241,-2.5938,-0.4923,7.9909,2.444,-8.9625,1.8077,-5.9784,3.9455,-4.9812,9.0022,5.5277,7.1293,0.7915,-2.4967,9.698,2.3533,1.9523,-6.565,-4.171,6.1687,5.1554,2.4814,1.0291,-3.1368,-9.3165,-4.4599,4.3525,-1.9152,-5.5115,-1.2382,-3.77,-9.3874,-2.9028,-4.6317,-5.2985,6.3023,-7.5752,-9.4895,5.824,7.8732,3.8888,-8.1379,8.3392,6.3377,4.9077,-2.6508,-0.9418,-3.3438,-7.1069,-8.006,-9.0119,6.183,-3.8947,-4.2329,-9.6922,-6.9683,5.8619,-0.8877,-6.3925,-9.3962,2.0009,9.6394,-9.8347,-9.3562,-2.2545,-6.117,0.9279,4.7652,-7.2716,-2.1772,-8.8224,-4.6624,4.8796,-0.7538,5.2054,2.9132,-4.3571,9.3959,5.8178,-5.7213,5.3153,-3.4039,-6.2987,-3.7598,-3.5165,0.3453,0.3333,-9.0019,-3.1887,-7.9337,-1.2502,3.5201,7.9931,6.5923,7.1153,3.186,0.5808,1.0417,4.8092,2.8473,-7.6789,-6.9951,5.2595,-0.0822,-7.8388,9.5668,8.1891,-3.1238,4.1606,-1.158,9.8033,8.4968,1.2938,-4.0727,-9.3735,-3.4085,8.3573,-3.143,5.9227,7.9821,-6.9852,3.8745,7.8156,7.1247,7.0876,9.0247,-0.0428,1.8869,-2.2817,3.6423,-8.2881,9.1949,1.0118,6.4008,4.8954,3.8043
9.1518,-9.257,-5.7642,-9.5167,-9.6047,-5.811,5.3724,5.0287,5.5117,7.682,2.6964,-2.6665,-1.7996,-6.1093,-2.6889,1.8882,-8.5439,-9.9838,8.8491,-2.8984,-2.0039,-9.9929,-8.6329,-6.3524,1.7146,1.8789,4.186,6.4258,-5.4415,-3.7149,-9.2329,2.026,5.3545,2.168,2.8501,5.9559,-5.8481,-2.994,4.5807,-8.3632,2.4639,-4.1265,-1.7483,7.715,6.8624,1.2188,-6.8041,-6.4225,8.6782,-6.7902,1.4583,-2.7969,-0.5476,6.8548,-9.3627,1.5938,5.2509,-8.5496,-5.1711,9.1162,5.1981,-9.0241,-8.8267,-3.2959,5.9524,3.6089,-9.2416,-3.0183,-6.013,-8.0564,5.9794,-2.8137,-5.0059,1.8829,7.4723,-8.5395,-6.7966,-0.5972,-0.2165,-3.6991,3.5615,-9.8933,3.728,-7.2273,4.8701,9.4324,1.3046,5.829,3.1221,-7.2932,-9.9648,7.0192,9.3219,5.2447,-3.3244,-9.4678,-7.0249,1.544,-4.0905,2.4569,5.7544,4.1684,6.6439,-9.3321,0.6036,-3.408,-0.1234,3.1226,-5.006,1.6818,5.7687,4.8635,9.0759,7.0533,-9.6067,-6.8849,-1.0501,3.5347,6.8551,-5.6026,-1.3193,-0.6742,-4.5958,0.656,-1.6987,0.3309,-7.3402,-8.3002,3.0084,-8.0882,2.2655,5.3064,-2.4985,-8.4865,-9.207,6.9812,-8.0645,8.5872,-0.2305,8.1733,9.7025,0.2524,0.5481,-3.7507,2.4382,-3.8516,-7.1656,-0.2922,-4.9033,-8.5883,-3.5206,-4.3955,-8.5343,-0.0295,3.5565,8.7064,-4.3176,5.0694,-1.1238,4.3896,8.6035,1.7233,6.1471,-3.304,5.8414,-3.9567,0.2037,4.8026,4.4909,8.5112,-7.6633,-3.2626,-6.5597,-6.3619,-0.7085,-0.0687,2.1633,8.5173,4.6412,-0.7327,0.9482,-8.9952,1.6398,-4.9951,5.7326,-4.7725,5.658,6.3564,9.3011,9.9385,7.1522,-0.0982,9.1002,2.941,-0.0395,3.712,2.1715,-0.2843,-1.2994,-3.4606
-6.4725,0.8339,4.3695,-7.0879,1.1736,-4.0385,-6.9944,-6.8645,1.9218,4.4343,-9.4696,-3.4554,9.8017,8.5699,9.6905,-3.3103,4.0373,9.589,-9.2165,-1.8258,0.947,9.8561,-3.0454,-9.7849,6.7104,8.124,9.1994,-4.4534,-6.6643,-0.2158,5.3381,-6.1071,3.4028,5.8987,4.3713,-0.3006,-4.7312,-5.3029,-4.7792,5.5017,8.6146,-3.7341,-2.5528,-7.7596,5.5364,1.431,3.6499,8.7351,9.2909,1.0726,-3.2322,7.1521,-5.2404,7.5846,-8.6729,8.8146,-0.9518,-2.6399,2.069,6.3518,3.3078,4.1651,0.7983,-0.9952,9.972,8.8507,2.3253,9.0926,-2.2849,8.8333,7.3344,-7.9806,-7.5807,7.5252,-7.475,-8.3871,2.674,-9.4951,4.5009,9.8964,4.7953,-7.7942,-8.5675,9.0184,-5.2105,8.4975,-5.5535,8.4587,-4.307,-0.5811,6.6404,-8.8513,5.5833,1.6303,-9.4128,8.3312,5.5799,-4.8316,1.8606,1.9498,6.6974,8.0135,-6.1975,-3.1165,-4.7657,8.0585,-5.0252,1.38,-2.305,3.7923,3.1041,7.2545,4.8949,-0.2303,-5.3303,3.3062,0.2254,6.8313,1.4007,2.3706,6.6976,-2.8273,2.4995,5.2275,2.0594,2.8099,3.7194,6.9274,9.476,4.6812,-9.6777,-0.096,4.3154,-8.133,-7.4708,-0.2986,5.7607,9.1074,9.4102,3.6139,2.2883,2.0924,-3.8025,2.1017,-5.5895,-9.3214,7.6401,-2.8829,6.7811,7.76,-8.8972,-9.364,-4.8197,7.3193,-9.0231,0.0008,4.0471,-8.4175,-9.5053,3.8188,-5.608,-5.0529,3.0955,-8.3354,9.3555,2.8087,3.1197,8.6651,-6.6325,-9.8498,7.0488,-8.1948,4.9112,-0.1899,5.7975,-0.1459,7.4244,-1.007,-1.6277,5.1913,2.6747,-5.8736,0.8363,-2.0812,-6.852,-5.3025,7.6313,-8.9287,2.3562,7.6594,2.6682,-5.364,-8.1971,-0.9051,-3.473,5.2283,-4.9629,-7.6305,-5.6701,4.1377
0.2072,-1.2063,0.7603,2.7155,6.4458,1.9424,-8.301,-0.2443,-0.8987,-8.9565,-4.2468,1.9674,-7.8679,5.8202,1.6984,9.2566,7.4943,6.9463,-2.1812,0.0191,-9.7461,-6.6199,5.3401,-6.4565,2.3698,-7.262,-9.2866,-3.6294,-4.9087,4.2156,4.5206,0.4179,5.3619,-3.6009,4.6248,6.9811,6.6807,5.7938,4.1611,-1.1079,5.7614,3.3015,-7.9199,7.4585,6.4022,5.8664,7.3951,-3.8368,5.7521,-7.6924,-0.0148,-7.9431,-1.9292,-3.334,7.5007,7.4221,3.5657,-2.5199,-9.9737,2.6213,6.6743,5.9063,3.4771,1.5064,5.9324,9.8995,0.4406,6.8499,6.3068,-1.9592,-9.7393,1.2111,-4.3705,1.2878,8.308,-5.5243,-0.7412,7.9522,2.4222,-0.1073,1.9734,-7.1976,-4.2369,7.7828,-2.2436,-2.0541,-8.3777,-4.7225,-6.9232,-3.8326,-1.9615,1.6919,6.2392,6.465,6.3237,-0.9084,9.5178,-9.0574,-5.5546,-4.6744,-0.6432,7.7181,9.3415,8.65,-2.0959,5.9458,-4.1141,-1.2983,-8.3744,-4.6733,-9.1148,6.8691,-7.8555,3.5166,4.3052,0.3347,5.0982,-0.0841,-9.3082,-3.7792,2.6358,5.6207,6.0506,-5.0099,2.3029,-7.7973,-0.9808,8.4995,9.8904,-7.402,-2.5528,8.6744,-2.6051,4.295,-5.6624,-8.8037,-7.3062,8.4484,-7.455,-1.4724,-3.9978,5.8593,-1.6268,2.4917,7.2272,4.6758,2.2139,-7.8726,5.5149,-6.6465,-4.531,5.4927,1.2187,-6.3309,8.0789,1.6684,4.259,8.0312,-8.4877,9.7509,7.2595,4.8671,-4.4195,-7.3228,-0.9655,3.7004,-3.0374,7.7667,-4.4787,2.8142,-9.3131,1.9253,-4.1673,-2.7764,3.7128,-2.9804,5.8547,7.4212,-0.7385,9.6973,-2.8469,4.8926,-9.2655,2.7357,-4.4477,-7.0024,-0.6945,4.3314,-7.7356,-7.8721,5.9755,-3.2822,-8.3136,-7.5802,2.8035,9.3895,-0.8899,-3.0588,4.3047,4.6003
-0.4096,-7.5906,-5.827,-8.3035,-3.2397,-5.5173,1.5942,0.723,6.5977,-8.6347,3.0984,-4.9331,4.8699,3.116,-2.1514,-1.2162,-9.7733,-4.0599,9.7577,-1.2637,2.0447,8.606,7.1665,-9.6263,-2.3343,5.463,-3.3846,9.4861,3.5165,3.4193,-4.8518,-8.7818,-8.506,5.1894,8.8473,-9.96,-3.9176,-5.018,4.6082,6.1044,-0.798,-9.6058,-3.3232,-5.8803,-0.74,0.9694,-6.357,6.2202,6.5575,-4.7467,7.6411,-6.8243,2.376,-3.8326,2.1982,-6.8774,8.0089,7.2894,-6.843,4.4658,-3.3889,-0.4556,4.4523,5.3173,-6.7077,3.9664,-5.8395,-5.9472,-3.5373,5.5846,-4.2044,-4.8163,-1.0674,-1.6607,-5.7117,-2.2778,-1.9873,-3.4068,-5.008,8.5786,4.3478,8.6963,-6.0564,5.0315,7.2438,-4.4018,6.8423,-8.5281,4.5109,7.6957,-1.1095,2.7438,6.7929,-1.4533,-3.4897,-5.2935,-0.5765,-5.0835,-6.7339,-5.6208,-6.3708,7.4488,-0.2761,8.525,-5.8682,5.5128,0.4617,-5.2278,-7.9179,8.6756,-4.5089,-7.6443,0.3565,2.1316,0.7527,-3.8935,6.1198,7.6571,-6.161,0.9145,7.121,7.8818,-4.2458,-4.2652,-8.1194,1.4635,6.8463,-1.8753,7.8002,9.1975,-1.073,-4.452,2.6316,-7.9974,0.2076,1.8209,8.8307,2.5633,-9.5504,-7.5984,0.5615,5.9618,-8.7898,-7.0269,-9.0393,-4.716,7.5992,-7.7917,-2.8041,0.8251,-9.1185,7.1109,5.4346,-8.5208,-8.3774,-8.8466,-0.2627,-0.0247,7.4082,-4.2867,1.5658,3.453,6.9294,9.2112,7.8004,-7.665,8.6469,5.9615,9.924,7.6489,-1.5796,-9.0295,-3.8052,9.291,5.9918,-2.6598,1.4084,4.5469,-7.0689,8.6914,-8.649,3.207,3.5444,-7.6031,-5.5129,8.9453,-6.3729,9.2414,1.1022,3.3007,5.4206,-9.8014,0.897,0.3338,-8.106,-4.9387,-8.007,-4.6054,-8.0571,-6.4969
-3.3368,-8.069,7.864,-5.4481,-1.2426,-1.4579,6.1741,3.9993,0.7265,7.1869,-0.668,9.1012,1.2297,3.8559,5.3057,2.13,8.2332,-8.3585,3.8823,5.6416,-6.8594,5.5329,-1.2851,-5.6538,3.0058,1.0468,6.5605,6.6592,-3.31,-5.2279,-1.0965,1.7038,-4.3254,8.1539,7.3533,4.0825,3.0078,0.6836,-4.1742,5.6261,4.4423,-4.1923,-6.5501,-6.6326,5.0347,-7.4414,7.9841,8.8765,-9.9509,8.5319,6.5194,6.8063,-2.6868,-0.3144,8.2342,0.4992,7.736,-4.7179,9.9665,-2.7332,3.0728,-0.7823,-2.3321,5.9636,-3.2397,1.3261,-5.417,4.5483,8.1641,-0.8714,7.1347,0.4889,7.9984,4.004,-9.8629,-4.3889,5.7717,-2.9758,0.6657,-8.9346,1.0342,-5.6763,-7.0257,4.1585,-7.5227,-0.1295,-8.8827,0.0205,-8.3833,-5.3537,-2.2285,-8.5513,-1.4301,-9.1331,2.5584,-1.5114,3.8175,8.3304,-2.0335,8.548,0.2487,-1.3473,1.2148,5.7028,-9.5252,5.973,5.9909,-9.8415,-5.7081,-2.313,-9.3732,-8.7075,-1.1952,-0.9382,5.0822,-4.3801,-9.0053,9.6141,-1.4537,-1.7801,-7.8311,0.5957,4.2638,9.7742,4.7244,9.0638,1.3777,6.8638,-5.905,8.3715,-1.4295,4.7203,-4.4172,-7.3822,-6.1885,6.4332,7.2038,-2.4711,9.7058,-8.6964,-0.453,7.4215,6.7325,-5.0281,-8.2376,-1.1903,-0.6168,1.9064,7.1005,-7.1615,7.8791,-0.6983,-3.8367,-3.7557,8.2312,-5.2575,9.1052,-4.3423,6.3947,3.8461,5.275,2.466,-2.764,-7.365,-8.6282,-3.9372,9.6329,9.7273,-6.8878,-9.7139,9.7524,5.4935,2.4523,-7.3067,9.2861,2.4907,2.1552,8.5579,9.7879,-4.8331,-8.9145,-2.893,0.52,-5.8543,7.6891,-8.5421,-1.2013,-5.3408,5.299,-8.9711,-7.7798,-9.8265,-0.2759,9.8447,5.1548,-4.8743,-1.7122,-4.1768,8.9454,9.4458
-1.8639,6.7133,9.1258,7.3183,-3.1909,-8.3343,9.8639,-5.1881,-9.0352,-0.7924,3.4548,-1.7317,-9.3882,-1.4068,-1.8387,-9.0338,6.0462,-4.8729,2.0905,9.4665,0.4997,-1.7662,-0.9552,-7.3416,-1.2873,9.7101,-5.3367,-0.8237,8.7649,3.856,0.0509,-4.4729,9.9233,7.852,2.841,-1.527,2.8961,6.2407,7.3295,5.1838,5.9573,0.4262,-0.2192,4.0468,-2.8258,6.9217,8.6707,-3.4483,6.282,-1.3953,-2.2604,-3.2767,-7.7739,-4.9555,-7.1908,3.0461,1.5557,4.3871,-3.3424,3.5911,5.3853,-7.2358,4.9001,-2.3243,-4.8023,7.417,1.4469,-8.817,-2.7182,-1.2099,3.0113,-7.5284,-0.7183,2.7878,-0.6834,-0.7151,1.1113,-9.7387,6.5568,8.0866,-8.1001,9.4517,-9.8987,9.1014,0.1845,2.9187,-4.092,5.3515,-9.2614,-6.0191,-6.7532,-8.9985,-7.7644,2.3756,-4.634,4.4565,9.1088,9.0558,-1.6485,-7.9207,5.3518,5.1313,-6.1205,1.6154,2.8199,1.5047,7.0549,-5.1849,-7.3255,6.129,-3.8231,-6.24,3.2981,-5.5341,-0.7329,-1.3049,4.4315,-9.3468,-2.2376,-0.0804,-8.0049,9.686,0.4902,4.5603,-0.4327,-6.4693,6.623,-6.8585,-8.5362,8.1214,5.7492,3.5941,4.2836,4.4137,-0.869,-5.697,-3.1042,0.0547,-7.5382,5.4415,0.1413,7.8415,-8.9669,4.7788,7.1083,5.5673,-6.4341,-3.8769,-0.6697,5.6299,8.0099,-3.8469,-8.4049,-6.8246,-1.7049,-6.9741,5.6359,3.7993,-2.0381,5.6634,2.5547,7.2458,5.5159,-8.9421,8.209,7.1632,-0.6796,-4.1795,7.3942,-3.0505,-6.2823,3.9673,-8.2195,-4.3254,8.1979,-4.685,0.9847,4.1196,-4.4971,-7.3834,-5.1117,-3.1461,-2.2666,-1.7866,5.5245,-3.9442,8.5666,-7.6054,-3.4207,-3.596,8.3042,-5.2973,7.2375,-4.1033,9.1034,0.1321,-7.2977,-6.9,4.3409,-1.8623
-4.2802,3.63,1.0583,2.446,-3.8344,-9.5265,-3.7791,2.8064,-4.1755,-5.6637,6.404,7.9457,8.6793,6.1372,0.1011,-7.8559,5.965,-3.0408,-1.4923,1.0876,5.0601,-5.8775,9.9558,9.3075,2.7389,8.2872,7.9574,5.5362,-3.2346,1.564,8.3842,-7.5692,5.0897,-3.9348,-4.2168,6.3642,3.7672,1.2907,0.7393,5.7357,-9.5156,-8.8205,-4.6959,2.7677,9.2336,3.7657,-6.4363,-5.0648,7.6883,-1.0462,4.3945,5.765,-3.3836,7.7924,4.1524,4.0053,-8.9461,6.9259,-4.9871,4.2794,1.8525,1.7097,7.5884,-2.6551,0.9077,-5.8744,7.9317,-3.2776,5.1674,8.6579,6.0783,-4.3606,0.4458,-8.5571,-7.4378,3.0283,-7.9612,-8.9995,-5.4097,9.994,-9.4476,-8.7997,-9.7807,4.0501,6.373,5.574,-3.7439,9.2033,6.6154,-7.2095,7.9127,8.7305,7.7388,3.9993,-3.7596,-8.3358,-0.8417,2.7775,0.4564,-7.4301,-5.5599,-5.5144,5.9552,-7.4734,3.165,6.154,5.482,5.7547,-1.6648,9.4983,2.2539,-9.2005,0.979,1.5434,-7.2279,0.1807,-4.0197,-7.8603,-8.834,1.841,9.088,1.3743,-9.0636,-9.0694,5.025,4.3288,-6.0346,0.7482,1.631,-8.6148,7.7812,-2.2547,-5.6091,-7.0131,-1.8455,5.4498,5.1801,2.1805,-6.4977,6.7976,-7.7607,8.6996,9.9975,-6.4413,-6.3451,-7.9342,8.298,-6.1614,6.314,-3.9257,-9.8026,6.4064,1.6345,9.0774,-3.0238,7.0044,-6.7515,2.7056,5.2334,-3.3989,-8.1328,-5.1814,-8.2398,1.7155,-6.7295,-1.2758,-5.9812,5.5118,-3.8656,-0.2045,-8.119,8.001,4.0469,-4.0121,-0.2131,-2.0894,5.8994,0.9659,-2.6416,0.9673,-7.8554,-2.47,9.5516,-8.0655,3.6268,-4.0641,1.3828,-9.1379,-6.7928,2.5102,3.4051,4.3237,-0.3231,-6.6265,7.1796,-1.3636,-7.7174,3.7464,4.8489,-6.5796
-6.1488,-1.9878,-7.5356,5.7567,7.5897,-7.7232,-3.6163,-0.3963,-7.4805,4.8044,-0.3158,9.5462,8.9143,-1.37,-0.9602,-4.3948,7.9861,-9.1237,-8.6235,-8.5997,-9.718,-4.0405,9.8319,2.4945,-8.3134,7.2644,6.0175,5.6166,-7.2018,-7.741,6.0442,-9.3824,-5.3252,-0.3594,-2.4608,-6.5819,-8.103,-0.9981,4.4353,1.937,2.6501,3.8869,-5.0035,-0.243,-1.647,1.884,0.0793,-9.424,1.0204,7.1512,-0.0662,-8.4531,-8.4016,1.98,7.0632,-2.236,0.4502,-9.4719,-1.5409,-8.6456,-1.0492,-4.9517,-2.4414,4.7918,7.1631,8.5368,8.5819,3.5968,6.9887,-3.059,-3.7195,8.3694,6.766,-9.2056,3.3652,-5.3505,-0.8483,-7.6197,8.4797,-4.5308,-0.925,7.8506,-7.5665,9.8705,-1.2532,5.6674,9.5038,4.6631,-7.7914,-6.8535,-7.931,7.9715,7.8031,7.8388,6.6929,8.3976,6.1768,6.4159,-7.5143,7.1412,-6.7282,-8.3563,-1.7539,3.9729,0.2063,-1.7044,-2.4256,-5.1212,-6.5746,-4.0232,6.734,-9.7629,5.5417,-1.6415,-9.0308,0.8999,6.82,0.0151,-1.5686,8.0542,-4.8827,0.8229,-1.9046,-3.2506,-5.7548,-8.2542,-3.2405,1.6429,-4.7795,6.0799,-0.6568,1.7224,6.5027,7.1339,5.9064,-0.8847,-3.3356,-1.2456,-9.0683,-5.627,5.2677,-4.8104,1.2747,3.3425,5.2533,0.0362,-9.5946,9.5411,-9.076,5.7354,-4.9376,-3.2878,-4.1625,9.0909,-8.1251,-8.8383,-4.0871,2.3687,7.6843,4.7149,-2.3112,4.4975,8.4959,2.0784,0.6613,5.8307,4.197,0.4356,-6.4488,2.4065,-3.4196,0.0091,7.5132,5.7382,0.808,9.129,0.2062,7.2825,-3.9042,0.1075,4.9454,-3.1074,1.9975,8.982,4.2697,-6.7645,-6.7791,7.5832,3.9943,2.5572,-3.2771,-3.4415,5.2013,-6.3672,6.3049,1.2562,1.4629,1.3753,3.9611,5.4371
-9.7494,-0.7162,-7.0243,-7.1646,9.3139,-3.637,-5.3358,5.6072,-6.4109,9.4999,-8.6588,3.7083,-0.1757,0.7467,-2.8368,-9.5874,-4.9308,7.3888,-0.4772,5.2941,4.2923,-8.1482,-6.3693,-0.9627,-1.4694,6.1339,6.1379,7.4662,0.7839,6.7062,6.2386,-9.5822,4.8226,5.5746,9.5523,1.8857,-1.2036,4.375,9.3607,-3.4255,8.7466,-1.411,-4.6152,-4.1585,8.0731,3.5536,5.7649,2.5005,6.4649,3.6903,5.114,9.1716,6.4413,-5.9264,-5.8431,-0.496,6.875,-7.9952,5.5276,-2.7464,-7.6594,-9.3144,7.3058,-4.9893,-5.5105,-6.8028,-9.6347,3.297,3.621,-5.076,-5.3153,-2.1495,-7.5852,-3.4712,9.4399,-3.1638,-4.6419,-6.9744,-4.2398,-6.5064,-6.4763,-6.0066,-3.1263,-8.1757,-1.2213,-7.7996,-7.622,-5.2224,-1.3746,7.813,6.7079,-0.6588,7.4438,0.8233,5.1155,-5.0379,-2.9384,-3.6471,-1.2575,3.2075,-0.843,6.0969,1.0038,6.207,-3.4011,9.8973,0.4478,-4.4133,-2.2597,-1.8262,-2.6364,-2.8855,7.1092,-7.6528,-7.9037,-3.4528,1.4272,6.8412,3.4805,-8.6156,3.9427,-5.5353,-8.6634,4.1442,4.3581,4.6393,5.1551,0.2738,3.6203,-7.3398,1.9265,7.574,3.9142,7.9079,0.8565,-1.3034,-4.0778,-6.7979,-7.404,-0.5502,-9.5785,7.5321,1.6703,-7.4363,-3.7764,0.0013,-2.6504,7.9466,-8.802,5.8306,0.6164,4.4357,-7.6696,-2.7106,4.8075,7.5413,2.1309,-6.8613,-1.2283,7.2373,1.7871,2.695,-7.823,-1.4852,-8.9699,1.8269,-8.1805,-7.3718,-2.272,-5.3604,4.7891,5.0705,-5.0022,8.4023,2.3455,-3.8949,5.3905,9.7059,-1.3677,7.939,-8.1118,6.7809,3.0874,-7.9616,3.7754,-6.4552,-5.3436,0.469,6.9663,-7.8608,-5.3297,9.9226,3.5555,5.3123,0.03,0.977,2.6082,4.8278,1.0281,-7.6331
5.9553,3.0774,4.0676,2.7725,-3.4142,3.8303,-1.1754,-2.8413,-0.1135,-7.1246,-3.3997,6.7868,0.1173,5.1515,8.9345,-0.3292,-8.3055,8.9032,-5.8124,1.8312,1.5807,-2.9218,0.3738,4.0823,-2.3374,-9.8308,-4.4372,-0.4491,2.9114,-2.4263,8.8561,9.3779,0.9639,9.4584,-1.1272,-2.8386,-9.066,0.4948,-0.5918,3.2968,6.244,-5.3729,3.1366,5.7978,3.8945,2.0986,-3.7674,-2.9272,3.1309,-5.1831,9.1009,9.649,-4.014,0.613,-3.2225,-9.6082,-8.4493,6.3989,-3.0328,9.4757,2.144,8.6338,-9.4874,6.0239,8.0468,3.7086,5.0138,8.9427,2.4092,4.4446,-0.5792,-3.1299,4.7552,6.4199,2.1112,-2.2296,-3.6954,-4.523,7.3232,5.3625,4.0022,0.6036,8.3268,-8.0471,1.3489,0.9995,3.0818,-4.5418,8.2103,-2.2485,2.6979,3.4078,-2.7087,-0.3122,2.7367,9.2383,3.4532,-4.0707,-4.4619,-3.7159,-9.2071,3.2738,7.1099,-5.5839,-9.611,0.3582,6.2845,-8.4369,-6.181,7.0387,5.7257,-9.3787,8.7723,-4.1466,-5.1631,8.7575,-9.7222,-6.6545,6.2974,-4.3982,4.13,7.5567,5.4954,4.7369,0.3577,3.8491,2.3404,-3.4813,4.3295,-4.6217,-8.0993,8.6083,-9.8226,-4.1104,-0.3385,2.081,-6.369,-9.4708,-0.6986,-7.7067,0.1456,0.1347,6.3208,4.1006,-9.8125,-5.1302,-1.714,-7.0609,3.3807,0.1883,3.0188,-0.6481,2.2284,0.1448,-5.6311,-4.5122,-9.7526,0.8806,0.2615,-9.8256,-3.7182,2.0746,-3.8946,-4.2791,0.1106,-7.5444,-9.026,4.1975,-0.6349,-6.5757,7.7515,3.5509,-7.6405,-5.9372,0.5499,-8.5747,-4.897,-9.7813,6.9797,-8.3957,-0.6687,1.3587,7.9398,9.4622,6.0869,-3.5322,4.8871,8.1249,-1.1257,8.5746,9.4929,-6.2813,3.918,-6.6453,-8.5975,-5.2608,7.1559,-4.8928,6.7485,6.3815
3.647,9.4191,-5.9694,-8.0083,0.7296,7.2242,9.6899,5.2647,-9.9256,4.4543,7.792,-2.7094,6.8221,-8.1668,-9.2284,-5.9155,-4.3688,-2.3467,6.3161,-1.5926,-6.7228,4.2548,-6.3888,5.4943,-3.2114,2.5971,-0.058,2.0387,2.9812,-1.9796,-6.6901,-7.7568,8.5444,-0.4001,-7.7136,1.0215,-7.6084,-2.5186,3.5917,5.5971,-0.5177,-7.043,-6.287,3.5646,4.2662,-8.0444,-0.526,-2.8008,-1.28,-8.1638,-6.5261,0.5456,7.1599,2.2814,5.2009,5.0455,8.6749,4.7876,7.7574,-8.6102,4.5649,-8.3309,3.9748,9.2259,4.7245,1.7995,9.964,-6.3518,-1.6708,-2.9834,-3.0135,-8.0458,-6.0601,6.5474,-7.1739,-0.5276,3.2475,3.5644,-6.5915,-7.4411,9.8327,-1.0933,-3.7131,-2.1225,-3.0528,2.0819,-6.2791,-8.8382,-2.7798,-0.1164,-5.0185,7.8779,-7.6131,6.4531,-6.8364,0.0242,-5.9282,-2.7693,7.9929,-7.6048,-8.0591,-4.838,7.0664,-5.1969,-0.7808,-0.6886,0.5187,9.393,-2.8185,2.9539,-9.2047,3.7781,-3.1125,9.4083,7.84,-9.1231,-8.7471,-1.5457,8.0416,-6.0602,-8.9467,6.6764,9.7014,7.4219,-2.0457,8.665,1.9635,-2.0825,6.1742,5.8434,1.6222,4.3191,3.1314,-9.6446,9.4432,-2.2079,-3.7566,-6.797,-1.8341,-2.8991,8.6472,-0.3697,1.529,-5.4243,2.4244,-5.7697,-7.9885,-6.7471,0.6025,0.0319,-8.3496,2.0037,7.8265,-9.4575,-3.5595,-3.3879,1.3316,-2.7047,-2.6719,5.3767,3.0641,-9.8512,3.5897,4.819,-8.2092,-3.5727,-9.906,-3.8222,9.8076,-2.9779,4.9061,7.3232,4.5668,3.4594,-2.8919,-6.4074,-2.4914,-2.1496,1.0297,1.4855,-9.8933,-6.2526,5.7533,-0.8446,8.8022,8.7359,8.8787,-7.5776,-1.701,-1.5939,4.4472,-1.3374,5.7424,6.5509,9.4689,8.9619,-0.5564,-8.8047,9.0012,-8.6316
2.9007,3.5389,9.2487,-2.4691,7.7577,-5.2533,8.1474,5.5346,5.9384,-9.0187,2.6754,5.5964,2.0778,-7.2392,-2.7932,7.1117,-6.4286,6.5334,-7.3868,-7.7492,-9.0956,8.4014,-2.6977,8.635,1.9661,-9.908,-0.5748,8.6816,-8.1717,9.6774,-0.3022,5.9612,-1.8746,-0.5121,8.1195,-1.3806,-4.9516,-3.8279,6.0686,0.4084,2.7019,4.6043,-2.8761,2.0016,-7.979,0.493,2.6672,-6.5966,-2.4395,3.1788,-3.8369,6.4543,-6.9188,4.6881,-7.3432,7.6369,-2.9106,5.5061,-0.4478,-2.7716,-8.5955,-1.4631,-0.6353,8.9213,-2.2111,8.6259,5.3546,5.1259,-8.2194,5.6569,3.329,-1.7844,4.0766,-2.1947,2.6136,5.6504,-9.0059,9.2328,-4.6924,2.2168,1.5815,-9.5344,-8.9878,3.4909,-2.1253,-8.9863,7.0832,-8.2228,-2.231,-2.9515,-1.4619,9.2919,-8.6807,-8.6307,-8.542,-9.3956,-7.7562,-1.7801,-4.8216,-5.282,-3.7524,8.1729,8.7338,-7.8224,1.3171,-9.2601,3.6249,8.4275,-9.2882,5.0983,-6.5734,-9.3569,-0.832,-4.0415,5.9336,2.2646,-5.677,0.343,-5.3968,9.043,3.6977,-7.0232,-9.4408,-8.9045,-1.7659,3.0495,-9.8034,-7.6736,-5.7241,4.519,-2.0195,1.6373,7.8762,-0.6102,2.3659,0.4916,-0.2201,9.841,-2.4415,9.8833,5.3435,8.1894,-3.2018,-2.9948,-9.8417,-6.2981,-5.0168,-7.0677,-4.0405,-6.6998,-1.3451,2.2923,6.9277,-7.7557,6.6155,7.3964,-1.1529,-1.7544,8.6067,7.6298,-5.9015,0.1927,-3.5817,-6.4054,-4.1622,8.1964,8.1365,-4.7686,-8.744,8.0548,-5.1861,0.2823,9.4667,-5.7273,-2.5933,9.8265,5.0898,5.4936,7.8857,8.4836,-4.8118,6.2828,1.4776,0.299,-2.0388,6.9359,-6.6659,0.4695,-2.7781,-5.7887,-2.1067,5.063,6.7299,5.3838,-6.8717,5.8747,-7.1137,-1.008,-6.0654,4.8151
-3.6856,-3.0203,2.4709,0.9734,5.2356,-0.3782,-8.0545,2.2135,-2.5422,6.8741,-2.7729,5.8089,5.1486,3.1042,6.4171,3.0812,4.5701,-3.9548,3.4365,2.4494,-2.2324,-1.2297,1.281,-3.8805,7.4451,7.8421,9.0087,5.1917,8.4147,2.8368,3.9505,0.5667,0.518,-1.2371,-7.3885,-4.3819,-7.1803,-2.0913,3.8157,-5.0489,-3.4229,-5.2505,-1.7599,-8.7759,-3.6479,-9.2285,5.6188,-8.8916,-4.2296,0.7161,0.1065,-3.3299,-0.8264,-0.1938,4.1507,-9.4891,2.6174,2.794,-5.8738,7.4691,-2.5714,-8.952,7.1232,-5.5759,2.6024,7.7089,3.3357,8.216,-1.4023,-6.6676,-8.7415,6.6143,-1.2441,1.858,1.0383,8.2452,-1.8977,7.4761,-4.5561,-7.8949,8.6677,-2.6036,-5.6746,-3.4597,0.0957,-5.2589,7.9232,6.632,9.6118,1.2262,-2.5461,-1.6872,7.9681,-8.2769,-9.9029,4.6542,2.7498,-1.7838,6.4561,1.3644,-3.3917,-8.364,-9.4476,-0.9721,-7.8859,4.0305,-1.0383,2.6593,-9.2547,-5.0542,-9.7965,-1.5745,5.0977,-8.3913,-3.1514,-5.16,6.2476,-8.1615,6.6203,-9.5013,9.0219,0.2344,8.4339,2.2011,4.4283,-5.5851,-2.1192,-6.7874,-7.9114,-3.8521,8.9705,8.6099,3.1382,5.1561,-8.0895,3.9475,-0.8206,2.5122,2.0395,2.0962,-5.7394,-6.1846,-4.2215,-5.7401,-6.6829,-5.0929,2.3359,9.4088,0.6641,-2.5197,-1.9179,-1.3184,-8.9967,9.3812,8.8387,-7.1355,-4.266,1.4419,1.8819,-5.9514,8.3566,-4.9191,7.1952,-6.2669,-3.3645,4.7316,-1.9202,8.6334,-4.2497,7.4651,4.6409,-9.8498,0.619,-3.1466,2.7897,-0.41,8.2849,-4.2963,8.5597,3.2672,-8.1939,-4.0254,-1.1721,-2.7198,-2.0992,4.0008,1.9785,7.3019,7.7293,-0.2234,7.6625,4.1096,7.6118,-2.5979,-3.4448,-9.0829,-6.4399,-9.2799,4.4177,-6.7012
-0.0395,1.9302,-1.3973,0.4951,8.9758,-5.95,7.2717,-5.4495,2.7766,-9.5045,-8.1366,8.3907,-7.5316,3.7171,7.3949,-7.9461,-9.4784,-0.3016,3.4891,-9.8276,-5.5706,5.5248,-8.1199,-5.8691,-1.5641,-4.6266,-7.357,-9.1855,4.2185,-6.4223,2.1802,7.5178,-1.1032,2.9601,-2.8881,6.18,-4.3784,-8.3344,-5.6117,-7.431,7.0892,-2.9459,-9.8607,5.181,-9.7497,9.2533,5.5511,8.2631,7.485,1.8802,-4.9094,-6.793,1.1533,-7.0094,-9.9776,4.6446,2.7979,2.808,-6.7993,-6.4539,-9.7568,1.6059,-8.4508,-2.1498,-1.1918,5.763,-4.5188,-8.251,-0.0959,-1.8162,-3.7376,6.745,3.2242,-3.8565,-1.9109,-8.732,-2.0545,6.541,2.3009,9.444,-9.5975,-1.8686,9.9435,5.4658,4.0855,-3.0777,-6.8395,-3.6652,-7.902,2.7706,-3.9083,3.3817,1.2719,-0.9864,-0.4875,-0.0237,-5.3195,-0.3633,4.2364,7.323,8.8701,7.4496,-0.0487,9.4584,-9.8777,-4.2355,9.3429,-3.8488,5.5372,-2.09,5.6325,-1.2873,6.6029,-6.1073,2.4776,-8.3257,-1.0394,-0.9953,-1.6701,-3.7563,-3.0243,9.7054,-2.7526,-5.2161,2.726,-6.172,-5.5896,8.4624,2.9197,4.1211,-6.6605,0.1384,-4.2142,-5.9396,-4.8854,-4.5963,-1.4167,4.5465,7.2522,-1.0107,4.8644,4.7782,2.3324,1.795,3.8167,-5.4985,2.9749,8.1869,-5.7894,-5.7932,-2.5367,-8.1355,-8.8622,-2.5845,7.2643,4.3715,5.417,-0.3051,-0.1793,-0.3901,8.0069,4.3562,7.6324,7.5721,0.7462,9.9739,-0.4227,0.6694,-6.6084,8.7493,-0.1729,-8.2879,4.3066,-4.8628,-5.8021,3.157,7.1177,7.6556,-7.8048,-4.8348,8.0589,2.7059,-9.0085,6.6948,-8.5546,-8.9519,-2.8288,6.3231,3.2423,0.0119,6.6622,3.213,5.5507,5.2263,3.323,-9.1423,-7.3314,7.877,-9.3665,-3.5008
0.402,6.7646,4.1817,-2.3519,2.1515,0.3754,-5.1272,2.9997,-3.7471,6.3005,-4.3397,5.4437,9.3993,-1.8733,0.0068,-8.4953,-4.6919,5.0871,5.1123,-7.3201,-4.6534,9.195,-6.0557,-1.0398,2.6403,5.2033,9.8548,4.4734,-8.6495,-2.8254,2.8778,9.9909,-3.8494,-2.2467,2.1303,4.3107,-6.0338,-8.8926,9.1304,-7.8646,5.7947,-1.4727,-3.2199,9.135,-1.9384,0.9843,9.0301,-3.1831,7.677,9.0913,9.7189,-7.1038,-0.072,-1.7633,4.9886,1.988,-0.377,8.1131,2.4656,5.8121,9.0855,-8.6375,5.0221,-3.8093,8.6218,5.5542,1.5866,-2.0814,6.9316,4.6281,-4.7846,4.9521,-3.22,-3.7864,7.1071,-3.0972,7.2918,-8.1578,-9.3826,-0.2105,0.886,-0.9278,9.9091,6.8891,2.5543,6.6546,-7.1757,8.3232,2.5126,1.2949,-3.1872,-2.9069,-1.1353,-6.1816,2.556,-7.0669,1.0147,2.2056,5.7722,0.9834,4.2834,-8.0098,-2.0116,-2.2783,-0.6038,-2.7465,-8.8668,6.5183,7.5745,-5.5598,-3.6504,-7.6534,-7.3548,1.8183,1.2452,7.3754,1.2787,-1.021,-1.2016,7.6275,-1.207,6.1824,1.4125,2.4435,-8.4962,-4.3965,6.9865,-3.5359,9.2726,-9.9459,-8.781,5.8233,-5.2658,-2.4977,1.0995,-2.3312,-0.6208,-2.2371,-7.7319,5.2189,-6.4452,-5.6381,-4.2675,9.145,-8.5467,-4.7338,1.2248,5.8879,-4.4634,-2.5722,7.0926,-8.5114,-0.2768,-3.211,-5.0228,-8.9853,5.4251,-6.1996,-6.9396,-7.4261,7.3203,2.9982,9.575,-8.9223,-1.3324,5.9613,1.7018,-5.8011,-6.9922,-3.4824,-8.8869,-7.4418,5.4149,-1.4048,9.1922,-2.2975,-6.0417,-9.6782,1.7499,-9.6446,3.8904,0.0425,-9.2925,8.4341,8.7201,7.8834,-4.4423,4.7264,4.689,-5.0317,-1.54,-2.8676,-7.8678,0.5371,-0.2434,-2.3989,8.7929,7.6954,-9.1218,5.7324
-5.3426,1.509,-0.0672,-6.6023,-2.1193,6.3905,1.6632,1.9887,9.6194,-7.9807,-2.1476,5.6616,-8.7201,4.3147,3.271,1.7011,2.9708,3.9054,7.6263,1.1565,6.6079,3.8061,6.1491,3.4104,-4.3918,3.5144,-5.1594,9.2207,8.0943,9.2678,-9.5051,-5.9282,5.1364,-6.764,-4.0824,3.6346,0.479,3.968,8.739,-9.6749,-4.7082,1.394,-4.8434,5.3316,-0.763,2.5476,-6.0519,-1.8795,1.486,-2.0694,4.0851,-5.1292,1.7057,9.3538,6.2289,1.4327,-2.563,-7.2507,7.695,2.7677,4.8503,0.178,1.4391,0.5415,-3.2776,-3.682,2.2853,-5.1197,-4.7678,0.4393,-4.4269,-4.735,9.9749,4.1623,-7.8141,-5.4154,-2.075,-9.1306,2.592,6.304,2.4316,5.7558,-5.7364,5.8405,9.0946,3.121,9.2227,2.1012,1.2457,5.7526,4.6952,-2.6498,-3.3061,5.7389,-7.2301,1.9892,1.1964,9.2647,-4.1633,-9.7508,-2.9098,-6.3187,-4.0114,3.7716,-1.649,4.0442,-2.2458,-1.5218,3.7149,8.6589,3.182,5.584,-8.5028,5.6783,-0.0902,2.1999,7.4197,6.4285,-4.6936,5.9818,-1.089,-3.3429,6.87,-6.3769,6.2892,-9.4857,4.2456,-5.1523,-3.1806,-2.5747,7.3979,7.4386,-9.8403,2.3551,-7.8225,2.3757,-6.7,9.7566,-8.113,8.174,3.2539,3.8306,9.8092,5.9,-1.5509,-0.2442,5.2003,4.9433,-8.8253,7.0565,0.0195,-1.98,0.1676,-6.0489,6.9644,0.2384,-1.6441,-9.4373,3.0984,8.848,-9.7228,-8.3228,6.0274,-0.7894,7.7137,-0.299,-8.4172,9.2591,3.037,-8.2317,3.6099,7.826,-4.2519,-1.4551,-2.1562,6.9208,-2.9878,-9.7799,-7.556,0.3343,-7.1747,-0.4422,6.2487,4.2162,6.8649,4.4997,-7.7066,-5.4738,2.8163,5.6967,-6.4378,1.3874,-5.3993,6.5818,-5.2389,-0.2774,-8.8892,-1.4971,1.0804,-6.4433
3.219,-3.0813,-6.2914,3.4855,-6.3836,-9.7784,-0.4583,-6.9933,-2.508,-6.2849,1.7359,3.5528,4.365,1.703,-1.5095,0.7391,-1.4201,9.3386,8.3296,1.3725,1.0033,8.2111,4.2443,3.1016,-2.3998,-9.0449,8.6551,1.611,2.8851,6.7276,-6.4357,-3.5456,9.7587,4.2445,4.2007,3.7029,1.0326,-7.9997,9.6283,-5.9829,-1.3279,3.122,4.21,2.4339,8.7403,-2.3298,-9.568,-0.8473,-9.5293,-5.8553,-0.2123,7.9963,8.7672,-0.7906,-9.5115,-9.0168,-7.4562,-9.013,-0.9662,-6.3407,8.8056,-5.5567,-1.1887,0.603,-9.4203,5.9138,7.5796,-7.809,-6.4388,-1.002,1.3768,-8.7486,-8.1212,-3.4725,-3.984,-4.0454,-4.1975,0.5647,-9.6031,-4.6956,-5.4259,-2.7208,-7.546,4.8138,-6.0583,6.0885,-0.737,-5.3976,2.9062,9.9363,-7.2387,-8.822,-4.6844,0.1226,3.9289,-9.5781,6.979,8.4403,4.7433,3.6677,-4.0376,-8.5727,6.54,-3.8815,1.2751,-2.0313,-8.222,8.598,-1.2039,-2.539,-2.493,-2.8134,-3.9218,-3.2548,-6.6654,5.9091,1.1686,6.4166,6.9493,-4.459,9.3607,1.1997,3.4371,-1.7602,9.3324,3.2879,-5.8611,7.2667,-2.8687,-8.0286,-2.6615,1.9845,-0.1667,1.8843,-9.2666,-1.7918,2.0674,7.5594,-2.4609,-3.1975,1.2078,-8.2556,-9.9511,0.346,1.6119,5.9368,2.1981,8.5693,5.091,7.3903,3.3352,-7.5083,1.7606,4.8284,-8.6827,7.8284,7.9912,2.1743,5.5718,-6.4845,2.843,4.4421,-0.5465,5.6634,3.2633,4.168,-9.0324,-9.5585,-0.7487,-9.0615,-7.1605,1.4966,1.9622,-1.5915,-0.0302,5.9832,8.5676,-9.9619,-1.5374,-5.8818,3.6244,0.7679,1.8917,0.1253,-0.2694,7.4993,7.4669,2.0984,-0.8112,9.1785,-5.3608,-8.5931,-8.3274,1.3167,6.6176,2.2189,6.4024,8.068,6.1105,4.2328
8.4257,2.1434,-4.5609,7.2566,7.8733,7.3901,6.7714,7.4531,5.8888,2.3983,-6.2342,-8.9976,-1.913,-5.2849,9.1248,-3.5698,2.7015,-6.5284,7.672,4.3231,-2.7029,-3.8221,-2.3299,-3.5069,-8.833,-5.6798,-7.8042,-6.3401,8.6785,7.1712,-2.4113,1.3647,0.6385,-2.0796,9.6266,3.9219,-8.4487,-1.5939,2.6366,4.4436,-3.1645,8.5238,1.4108,5.8613,1.9375,-1.6494,5.1933,-9.5068,-5.7837,-4.0884,5.39,-6.4649,6.3435,-4.1455,1.7774,-5.5581,6.9805,8.5179,-8.4033,-4.8045,0.4506,8.8804,-3.6479,7.9921,-4.3504,8.3844,-2.1338,-7.1856,4.4132,9.3516,6.866,1.4339,-8.8868,0.9417,-0.387,9.2369,-1.6633,8.2135,-3.1289,2.3719,-9.1595,2.7857,-3.6198,8.1693,8.6135,-7.6884,2.4501,-4.5568,2.2883,3.966,5.8206,1.5869,5.2287,-8.5761,0.1269,-0.1901,8.6801,-4.212,3.0787,-2.3415,-3.5054,-4.0768,8.4032,-2.7448,7.1821,7.4234,7.6012,2.1695,-9.5957,-2.2216,9.1259,0.943,6.6095,2.8309,7.2202,5.4299,9.5102,-8.2899,3.636,2.4356,-6.9203,-7.3656,-7.7002,2.619,-3.7901,0.7646,0.6618,-5.1474,1.9653,7.1424,5.0512,5.758,-6.9799,-2.5539,3.2005,3.7112,-7.6751,-0.8986,-8.9119,5.2899,-5.5302,1.2024,-9.9106,6.6129,2.2248,-1.3919,-0.587,-8.9247,-5.8944,0.1407,6.6632,-6.5388,8.6101,-7.6906,-7.4668,-2.6446,3.1429,9.1895,-7.7352,5.2672,-3.2384,1.0442,0.3256,-3.4979,-2.3829,-2.039,-8.9675,-4.3373,-7.4632,0.2451,2.532,0.5165,-6.1149,-1.6328,7.3827,7.8665,0.6715,5.6298,8.1479,-0.2598,-8.5665,7.8825,4.0816,7.1497,4.3753,-7.3637,-8.0528,-3.967,-2.2621,-7.9911,5.1661,3.5266,5.2302,-9.2358,9.2131,-2.0224,-1.954,5.9582,-1.5223,0.6581
4.971,9.6634,-4.2173,3.6343,-2.1595,-7.32,-7.2301,-6.6291,-8.5941,-4.429,-2.7851,-3.8464,-8.3316,3.652,9.9515,4.899,6.698,-9.8995,-6.8313,4.3478,9.2411,4.2599,-4.1241,-3.5146,8.3942,7.0126,5.754,7.4304,-8.2276,1.6275,9.2181,-2.2483,-7.5112,8.3005,3.9974,-9.599,1.1859,1.4887,3.9966,-4.5238,-0.4349,6.2482,-9.6464,3.4206,-5.1114,-9.354,-2.4912,-1.3816,-1.3743,-5.5705,-9.4344,0.8054,1.5068,7.2611,0.7855,-3.5301,8.2099,-3.9395,-4.8998,0.9903,4.605,3.083,3.5415,-8.2862,5.1868,-4.1527,1.7452,-0.271,1.9544,-1.7967,-2.289,8.5938,-1.2025,9.4816,1.2605,-8.8801,8.4532,-2.3599,9.7441,-0.3002,-0.7945,6.1206,-3.6512,-4.6702,-2.185,4.4165,8.6121,-3.1169,3.1778,0.6499,-8.794,-0.078,3.6807,8.5105,-1.7675,0.988,-6.4765,-5.426,-6.2726,3.3785,-1.3397,-1.5619,8.6342,-5.7675,4.9242,0.6258,-8.8549,6.2787,-9.9782,-4.321,3.3501,8.7957,-7.3207,0.1667,-4.0427,1.9925,2.3954,8.009,-4.5315,-5.6714,-6.4536,-7.7651,5.9235,-3.2792,2.9936,-5.4672,-3.619,-7.9859,-6.35,-7.7646,-2.2129,-2.9852,2.0691,-4.1041,-6.869,-5.9266,-2.9763,-9.0142,6.0947,-3.7016,-4.7347,9.8969,-6.2986,-8.1505,5.8966,0.0112,-0.0428,2.4443,6.0334,-9.6065,4.8726,9.0423,7.0564,-9.4049,-1.3652,0.9829,2.2371,6.5675,6.0054,3.4599,3.8979,-9.9272,5.671,-0.8267,-0.2246,-1.8491,7.4785,-9.9458,1.3249,1.247,-2.6407,-9.4152,-9.055,4.7856,-2.8996,-5.1593,6.2669,1.7356,9.4118,2.0918,-9.8915,7.1486,-4.6008,-3.3268,4.0434,-0.7963,1.7292,-2.4367,8.3719,-4.9978,3.4044,4.1525,7.4388,0.5662,1.0609,0.788,2.7802,3.9715,-8.9508,4.754
1.8099,4.2304,-1.0495,-6.9863,-9.0275,-1.9118,-9.6846,-2.5648,-0.1325,-4.2313,2.0872,1.7241,-2.4076,-5.8247,-8.8762,-2.229,6.3853,-2.3882,-2.3061,-3.1861,-7.5155,9.2442,5.3416,4.8019,-9.6757,-7.0751,-3.0177,7.3559,-8.9751,-6.1313,-3.8881,7.8626,7.1153,2.9766,-1.1363,3.5344,-3.4286,1.4982,0.7331,-2.4696,6.2912,9.286,-2.2941,-0.7747,-7.0074,-8.5523,2.9765,8.1228,-7.4503,4.6428,-2.7967,1.4609,-7.1069,0.4921,-1.8702,5.292,-6.125,-6.8002,-9.0928,6.4683,-6.1008,6.7182,9.2712,7.5032,-3.057,-4.2475,-4.4701,-4.4072,-3.9118,-1.8681,-4.8029,-2.3439,-9.0542,-9.8751,3.8552,-2.7635,-6.2484,2.4758,-9.4135,7.7289,-6.3316,0.817,5.7055,-8.6094,-7.8919,8.4489,-8.3384,5.5551,3.4061,-8.3508,-5.2288,2.0268,4.8115,6.6451,-0.921,-9.4724,3.9933,-5.476,3.7345,9.4021,2.3935,-9.6978,-5.3683,-3.2527,1.0446,-5.1791,0.5592,-6.2454,9.7847,-6.7876,-5.7926,2.6314,-6.7058,2.2698,-4.7879,1.414,-8.1341,1.8733,0.7021,2.3263,-7.1957,-4.2924,8.2788,-8.133,-3.0525,-4.743,5.2216,7.7105,0.5082,8.3463,2.0725,3.8657,-3.1204,9.5112,-3.2414,8.754,-8.1991,-2.5592,4.8054,-8.383,-6.6367,-4.7011,4.7521,2.2149,0.0786,5.8742,-6.0375,-1.0943,-2.1513,-4.6077,-8.6731,7.1999,-0.0841,8.1157,2.1045,-1.6005,-4.2544,6.4792,2.1174,3.6803,0.9932,-9.8178,4.4454,0.5408,-6.5318,4.3463,-6.4463,6.145,-1.383,-2.9988,3.1612,2.5548,5.4431,4.0251,2.5372,3.5858,-0.7481,8.6016,7.2396,-7.3539,-7.5666,4.9263,9.6064,-0.8723,7.9833,-7.4912,8.2712,6.8939,-6.4299,0.4225,-4.3791,-4.8382,-0.354,-1.5042,-6.4746,-0.8638,-3.3525,2.573,-6.6932,4.2988
-1.0189,0.5404,-8.9486,-2.1355,2.7451,-6.5416,0.4725,-8.8114,-4.6368,5.0611,-0.9854,0.1931,8.8735,-3.2611,0.0624,-8.6925,-3.4536,5.2216,-0.0674,-6.7541,-7.2791,5.6652,7.9821,-4.8777,4.9268,-9.7989,-8.1113,9.5116,-0.9375,-8.3244,2.6447,-9.7117,-8.064,0.2171,-8.284,2.0902,4.3289,2.2837,-8.221,-0.9957,2.5659,1.7734,-2.7501,8.0168,3.6722,6.6651,-3.4705,-0.7761,6.3804,-7.7861,6.4476,-6.7106,5.2609,9.7161,5.0996,-3.6644,1.9585,5.6246,7.9308,6.3933,-2.4853,6.9404,4.384,-4.1251,1.2475,-8.2308,4.5968,1.3846,-3.6301,4.8534,-7.845,3.4893,-9.7918,8.6278,2.9175,4.6498,4.3252,7.2557,-1.8816,-0.5764,5.4065,-1.3309,-7.5616,6.9142,-5.5008,-2.0987,-9.0545,7.1229,2.3703,6.944,9.43,-9.6741,8.6343,-6.1459,9.6179,1.7868,2.4727,1.7738,8.0043,-2.7947,0.9657,9.592,7.0988,3.7039,2.8228,0.6591,5.8707,6.0704,-7.4999,2.5878,-4.8984,9.5662,-6.7557,-2.3173,-2.1331,8.6339,-1.7244,8.6413,5.6998,8.1923,-0.0313,1.4053,5.1025,-2.8387,-7.7003,-5.888,-3.9519,-8.3899,7.7157,5.6677,7.83,-3.4407,-8.6351,6.7626,1.0949,3.438,-9.6992,-8.8214,-0.9101,4.8718,-6.1282,9.1562,0.3607,-4.1454,-2.3656,-0.5797,-3.5975,2.8734,7.6864,-2.5638,-7.872,-4.7573,2.8714,-7.2013,-7.1135,-3.7242,9.3391,-6.6861,-2.7883,3.591,7.4784,-1.0121,7.9532,-3.2699,-6.4693,5.0085,8.4129,4.6716,6.5149,-8.3538,-0.7789,-0.5829,1.992,-3.8219,4.4766,-1.3734,4.188,6.8767,1.9961,4.718,-1.4452,-5.787,9.6602,1.4863,-1.9252,6.4338,8.5346,-9.864,2.794,5.672,6.6822,-4.6105,4.6642,4.6016,-3.7303,2.1612,-2.4108,-9.3063,-2.0946,-3.7995
-9.7421,5.3024,4.9551,9.8927,-0.9158,-7.5142,4.6446,-4.8528,8.331,-6.7993,-4.3885,-9.1243,-6.922,3.0088,-2.2063,-5.3084,-7.1589,-8.724,0.3295,-3.7828,-7.0785,4.0384,3.05,2.6435,-8.8713,1.926,0.7325,-5.5635,-2.8425,1.772,-7.9447,-6.2155,-1.9694,-0.1285,-4.6587,9.6523,-3.7627,2.1448,1.6281,-8.3761,7.3827,-0.2532,-9.2439,-1.8259,-2.5413,9.2385,-9.9517,4.7584,2.3753,-7.1269,-8.9918,5.393,9.9163,8.4894,-9.6678,-9.8351,2.4936,-8.7922,6.4224,-6.4556,4.4341,9.1672,-8.1354,8.4362,-0.5489,0.3521,9.6896,-4.1425,-0.953,4.973,-3.9274,-2.9714,-5.4872,1.9952,-7.7235,-3.2404,1.159,-0.2372,-5.3889,3.143,5.4432,-8.6641,-1.7658,8.4384,2.7826,6.5703,-5.938,2.6075,3.3402,4.8938,-9.6761,-6.2991,-5.7263,7.128,-3.2388,1.6225,9.7563,0.0066,-8.3724,3.9474,1.5691,8.507,-2.4834,-5.6636,3.8168,2.5825,7.7878,-0.1491,-5.2158,3.7707,9.638,-3.0465,9.2439,-4.6934,-5.968,3.275,2.3998,-3.3696,6.0173,4.2212,-8.005,-6.9089,-7.5474,1.0419,9.3214,3.2874,5.9674,8.2703,-7.1174,0.5383,2.5652,3.4192,2.3291,-9.2287,3.4475,-8.6728,-3.8212,8.0502,3.6928,7.9666,4.6393,-5.5911,-3.5009,-0.1565,6.2186,9.6119,7.3054,-2.8504,7.0172,2.3107,-2.018,-3.2142,3.3965,-5.8275,3.8523,8.9284,2.809,-5.0024,-1.0452,-5.9528,6.1693,-7.2977,-6.7145,9.1903,0.3337,9.4831,4.4082,8.1282,1.8455,0.8499,0.2022,-5.5511,4.1503,-4.967,-7.4001,-5.5826,-2.3179,1.9566,-4.6545,-3.7444,3.47,5.5048,-4.4202,-4.8226,8.794,5.3731,4.1355,-7.7782,1.1922,1.6518,-2.2779,6.8148,1.62,0.5861,-6.4879,8.7544,-2.2749,-6.7267,4.875,2.4295
9.6435,-3.0841,-1.2836,-8.4068,2.2884,-3.4629,9.9718,-8.6822,-1.9673,0.5274,5.5795,-1.2758,7.3811,8.3433,-9.0219,3.6767,3.3661,-9.414,6.409,-9.7818,1.3256,8.975,-2.6396,-5.5696,9.4622,-2.3667,-6.284,8.936,-1.6525,-8.3424,-1.558,8.7748,1.6181,6.2769,6.3122,5.0976,-7.4656,8.0057,-3.3949,3.8433,-2.4755,9.8292,-9.6415,-2.7242,-2.4715,-8.6379,8.6532,3.5165,-6.4959,1.3884,2.6994,-3.2862,-8.0526,8.8289,-3.0351,7.7101,-1.7416,-6.537,-4.9896,-1.1416,-0.7026,7.2352,-1.3473,5.6823,-8.2901,-2.1505,5.514,8.0513,8.7831,5.0931,-4.7904,-7.137,9.8174,2.1188,1.4669,-8.7174,5.8417,-8.8855,2.4459,-5.5173,-3.6247,-4.1606,-4.5661,1.0752,9.3203,-5.9163,0.7315,6.664,-3.476,8.4406,-1.28,8.1847,4.547,0.5859,7.1465,7.2216,4.7423,9.3569,-0.9547,-8.6459,-6.6969,0.5716,-8.6373,4.5148,-8.9741,-3.0577,-6.2071,4.3615,-5.3725,-0.2955,6.272,-6.4101,0.2814,7.2697,-7.3151,1.9501,-9.553,-6.1763,0.1577,8.2406,-1.632,-9.3777,-5.5361,-1.3571,8.4521,-7.2599,-7.3159,-5.0341,-5.381,9.758,6.3021,-8.0474,0.2651,-8.0795,9.9623,5.5385,-7.619,-9.0581,5.4266,-7.3679,2.3679,5.7322,-8.5462,1.1614,-2.148,-5.3536,-2.2894,-6.8038,-6.7765,2.8338,-9.8428,-3.8705,4.9054,-0.6794,-2.614,5.7807,4.3606,4.3097,-2.5682,-0.1499,-0.3371,3.456,-7.8055,-7.8335,7.4205,0.4215,-2.5992,0.2273,8.5746,-3.5824,-8.6446,-9.8325,3.4969,1.7201,6.4645,-7.2618,0.8262,-8.5958,-8.2252,6.9263,0.1017,8.8697,-6.7521,-9.7685,-2.0807,0.0436,4.966,-3.2023,9.9206,-8.9114,7.6098,0.2346,4.3129,-2.5294,0.6047,-0.5506,-7.7443,-0.4199,6.7435,2.0901
3.1189,8.2393,1.0725,4.3512,-9.6446,-3.4246,-7.1415,-6.1338,0.632,9.3773,-7.1248,-6.4073,6.1176,5.8905,-7.4976,-7.2692,-4.6931,-4.5646,-8.0877,7.1736,-1.7063,-7.5729,6.2316,-5.8084,-5.2718,8.7555,-3.7094,9.7847,6.7128,5.6562,1.8802,-6.2412,1.2518,-5.2288,8.1137,7.4041,6.1746,1.1683,9.7149,4.6714,4.8026,-2.228,4.3153,9.2499,-0.283,4.9399,0.3861,7.6273,6.6981,8.9762,-9.7449,-0.6393,-7.3495,-3.7471,7.044,-0.8133,8.6573,8.5576,6.4443,-2.3507,-2.8445,-8.5558,6.2844,7.7605,0.1917,-1.7104,4.0721,-7.2287,-4.3977,5.9418,-8.1354,8.7798,3.0749,-9.9209,-9.0387,1.1263,-5.4713,5.5593,9.7467,-7.4169,-1.1094,-8.7807,-9.1337,8.1992,9.8967,-6.6687,-5.5434,1.5939,-0.2645,-0.9818,-8.1085,4.498,4.2362,2.9908,-2.932,-9.7417,3.9522,-6.6391,-2.6824,1.8409,1.7993,-9.5256,-8.7098,-8.4521,0.087,-2.7805,-1.7398,6.2997,0.2016,6.6617,7.327,-0.7754,-4.3174,8.9297,0.5812,2.4744,7.888,9.6804,-4.9188,-6.22,3.1575,-5.2696,-3.6768,7.4878,7.1982,1.2145,3.0057,-0.9048,9.9582,-3.8982,7.2454,5.207,-0.5442,3.8867,-6.8228,-2.3902,-7.0662,8.6827,-0.0429,2.2335,-0.8331,-4.0585,-9.166,-1.2275,-1.0531,3.4305,-9.1783,-3.3778,3.9984,-7.5875,4.6185,1.0815,4.8548,9.7233,-6.3451,-2.96,9.6173,4.3609,-7.7128,-2.4333,1.1094,-6.9016,4.7844,4.5072,-1.4992,7.7686,-3.7284,8.077,-6.7481,-4.857,-8.8467,7.9371,3.4371,-0.2121,0.8212,-3.8424,-8.5072,7.9034,8.2802,0.6271,-2.7059,-8.021,4.9107,9.2656,-8.7349,1.3274,-2.0719,4.1269,-3.1589,8.142,0.0179,5.4326,4.2894,5.1089,0.6042,-2.1338,-8.5509,4.1576,4.4244,2.0277
0.0914,-5.0923,0.9444,8.583,-9.0079,-8.666,8.6336,2.8198,-5.6103,9.6507,0.3166,-5.1209,-9.3621,8.4121,-0.6789,-1.9711,1.1906,-5.4673,-3.8988,-7.5155,2.4035,-4.6841,7.8842,9.6329,3.9601,2.1568,2.8194,-4.1515,6.0163,3.9933,-9.9071,5.8933,-9.0504,-8.4162,0.1022,-9.9531,9.5396,-9.5893,-7.8892,3.5937,5.7525,-0.8464,-6.198,8.4744,-5.1732,-5.4099,-4.4676,-9.7742,1.5334,4.0568,-3.2265,-3.4483,-9.0815,-1.0437,-2.5223,1.2658,-1.064,3.0992,6.6328,4.5866,-6.5621,-6.0285,-8.6938,-2.2751,6.7855,5.7325,-2.2598,-1.7548,-0.3263,-2.1241,6.7943,3.269,0.3468,2.4521,8.0068,7.8841,-2.1132,5.9891,4.6297,-1.2308,-0.4002,1.8771,3.435,3.9537,0.8471,1.4326,-3.3345,2.8333,3.7993,9.0578,6.7951,-3.2195,-6.7193,-8.4311,-1.5918,-3.4981,-7.9685,5.7953,7.9564,2.4682,-1.7458,-5.6946,5.5099,6.02,0.9587,9.0802,7.0707,1.1732,2.4723,-9.1472,4.1872,-1.628,2.8576,9.3375,-7.335,5.4163,8.2984,-2.1376,5.6881,2.1742,-7.7769,-9.4095,3.3818,6.2724,6.2354,9.7741,-0.1019,4.2664,9.3756,4.181,3.1319,1.1691,-9.6698,3.9264,-6.4936,-9.7095,-8.3689,5.914,-3.0267,7.6104,-1.0259,1.7739,8.4876,7.1652,-2.145,-9.059,-5.0983,9.7943,0.1383,2.8271,-9.9919,4.5613,-0.7454,0.6671,3.6799,-0.5466,-2.0694,-0.5712,7.399,-1.8529,-5.7527,-8.9899,1.2862,-1.3194,-1.8003,9.4164,1.5609,-0.8264,-4.3556,-4.9583,5.6823,4.4222,1.0127,-9.0318,-5.9254,4.5661,6.6275,4.7321,5.7374,5.9298,-3.7548,5.1543,2.0245,-4.2988,-6.4686,-7.1794,7.7495,-4.3279,-1.2163,4.6127,-7.3813,-3.8977,-6.6844,-0.8626,6.1635,-4.1376,-1.353,3.6863,8.9896,9.1101
4.481,-9.034,-0.8787,-9.7063,1.4853,2.3901,-3.0813,0.5986,5.0763,2.0878,-3.869,-3.4235,7.9359,-9.4593,7.1697,3.5702,-9.953,-7.4821,6.791,-3.469,0.5997,-9.1823,-3.1872,-1.3994,-8.6946,-0.4096,-7.5538,-7.7853,5.6912,-1.7749,9.9213,-0.5352,8.9297,2.3748,5.1758,-4.8532,-1.8488,8.1447,-8.2987,-9.6229,2.1858,-8.3572,3.334,6.2685,-5.1773,7.0046,4.9265,-1.8866,9.5911,-0.2892,4.3622,1.2885,-3.569,-0.4587,-2.5682,-7.1449,3.8141,4.3924,8.4174,-2.722,-9.4638,-9.6068,-2.9797,-9.9823,-4.6511,-3.3654,3.3846,3.0288,-9.4759,3.948,-8.7832,3.6344,-5.0901,-8.9911,1.6808,-0.0018,-7.2817,0.0316,-2.5615,-1.6883,-1.6299,-2.8065,6.2897,0.0904,8.9568,2.9862,0.5765,8.2258,8.0394,5.41,0.9662,-4.2655,-8.4479,4.9987,7.1789,-5.4395,1.7332,-5.5705,-0.9835,-7.4145,7.1309,2.926,1.6135,-3.619,3.1325,6.2773,-5.344,7.9876,-1.055,3.923,8.5585,2.884,5.6706,3.8105,-1.1932,-3.6241,2.5794,-7.4201,-7.8956,7.8061,8.0939,-0.213,-0.8644,3.1003,-8.0057,-0.2767,-4.3273,1.995,-9.2982,-6.7108,-1.3388,-2.7544,9.2435,7.9625,6.1887,4.1803,-9.1333,1.9633,-0.8022,-5.7246,3.5094,7.8441,5.0824,-4.8485,6.493,5.6585,5.3108,0.5404,-7.8949,6.2523,-8.9155,0.6529,8.3428,3.6104,-6.8275,7.2482,5.8525,2.3912,7.9623,1.9869,-4.031,5.339,-7.2664,-7.3188,-4.258,0.2451,1.7152,-8.5123,-2.185,-9.2514,6.8967,3.6117,1.6941,-8.0643,-3.6165,-9.0562,-4.7721,-3.6658,1.671,-0.5365,-3.0483,2.3707,-3.6073,3.8866,1.0143,5.1057,8.9033,-5.1893,3.9976,-6.8095,-5.0287,6.2988,-7.0987,5.1637,3.143,7.6394,6.9496,-9.6484,8.3745,9.748
-0.6576,8.0263,-9.328,8.743,2.258,-6.3483,-3.3123,9.9603,-1.1707,2.9755,-3.374,-7.4845,8.1943,1.3921,-8.2066,2.7925,-6.1812,0.8288,-9.244,-4.1807,-4.7861,-5.6054,-1.2037,8.958,0.8868,3.7227,-3.2597,-5.41,-0.5378,4.9645,-2.7688,-7.4516,-1.1426,-5.2705,-4.9819,-9.4156,9.2444,-5.8033,8.9163,-5.2891,7.6923,7.0426,1.1352,-4.9215,-8.0489,8.4048,0.8482,-5.0583,6.4539,5.2972,8.6893,4.0922,0.3659,3.3305,-4.9395,2.1037,-2.1968,-1.3928,8.3985,-1.2612,1.402,1.2011,0.2265,9.2844,6.3616,-9.213,9.3063,-1.8029,-1.6291,-5.7183,2.6526,-9.8938,1.3184,-6.3454,8.9398,-1.1432,-5.6033,8.8869,3.7138,7.2973,2.5832,-9.4743,-8.5623,8.4583,-8.9493,-3.5366,-8.8986,4.7252,0.0785,-0.5121,-7.5848,9.2663,-0.3229,-6.16,6.4808,-2.586,-8.0226,-3.9488,2.2291,1.633,-3.585,-0.9129,-4.1946,9.8092,-9.5968,-0.4345,-4.0992,2.9908,-6.6956,-2.0072,-0.668,9.3337,-9.6858,-2.2633,-1.3981,-1.4966,3.9183,8.0094,-1.2446,3.9038,9.8326,0.7463,-2.9668,-9.8908,9.931,1.7946,1.2846,-9.146,-5.7855,-9.1622,-4.489,-0.6323,2.7867,-4.7596,-3.1947,-3.0845,7.1108,9.4564,-6.8117,3.4194,-7.4396,-1.6773,9.4782,-7.4883,8.3957,-4.6454,-2.4231,5.503,9.1312,5.8922,4.4162,-4.8361,-6.7577,-3.0108,6.7626,6.2424,-0.341,-7.6519,1.525,-2.7014,-0.4558,4.9509,3.4648,8.4168,-5.4491,3.6902,-9.9147,5.4145,1.8795,6.9727,9.4254,-9.0315,5.593,7.7361,4.7151,1.1196,4.1244,-0.6517,9.1866,-5.393,7.9437,-5.6759,-3.4544,2.881,6.4899,-8.0308,2.7276,-2.634,3.6909,-2.3004,3.7219,-4.3432,-4.9372,6.2768,-8.8734,-1.4785,7.0591,-3.1591,7.6968,2.7168
3.5995,5.291,-6.738,0.5387,-6.8596,1.9831,-8.8759,4.8487,-4.5716,4.3649,3.8758,-4.6589,2.0201,-6.5274,-4.013,-0.065,7.7779,-4.2394,7.1043,1.0954,-1.4333,-2.1065,-4.3069,0.2931,4.1536,1.9001,-1.8597,3.4909,5.9995,8.3545,0.3935,-5.5038,-8.1015,-2.4874,3.9599,6.5878,-7.0216,6.0584,-8.7594,-8.0463,-9.7806,6.8291,9.0135,5.0874,8.2543,1.0202,-7.6932,-9.7024,-0.9684,8.5099,2.8975,-9.5924,-3.9915,-2.7013,7.05,2.9401,-6.3401,-2.4909,-0.5144,2.5209,1.005,1.0887,8.6619,-7.5218,-4.7766,-0.0528,-5.0709,6.4454,-6.0763,8.5042,-1.1434,-1.3061,8.4244,-7.5292,2.6162,1.6164,0.3781,3.0484,-5.5745,7.3049,7.235,3.928,0.4164,8.0494,-4.9143,4.4073,-6.8102,-0.0269,-5.0272,0.517,-6.7078,1.7564,-5.6613,-7.3344,-6.6507,2.623,5.1846,-9.3243,4.2638,8.3493,-8.7465,-2.6555,-8.1393,-0.9017,5.2997,2.6626,-2.9446,9.0774,-5.8473,8.0924,-5.9513,4.1179,2.0216,-3.839,2.1715,8.8116,-9.5851,6.4309,-4.9377,1.0924,7.9006,-4.2132,9.4347,3.45,-5.3871,-5.7047,-8.9332,-1.3328,7.3448,5.6987,-6.1693,-0.1091,-9.4616,0.2369,4.4581,2.1091,-3.0552,-1.7316,3.2335,7.2968,-9.2502,6.3429,-3.53,6.7778,5.0738,5.7209,-2.9828,3.069,8.0635,9.6566,7.7436,-0.8206,2.067,9.7048,7.6834,3.6531,-1.0603,6.5078,6.9592,0.1893,4.142,-9.0929,5.3986,7.0119,-0.6815,-3.051,3.4406,7.9929,7.6247,-7.6665,-9.0168,-8.8018,-7.4699,1.9792,-1.6107,2.245,9.1434,-1.1003,-8.3966,-4.8428,-3.3489,-9.5579,-4.0274,4.3622,7.8431,7.987,-7.1603,1.7835,-1.6327,3.5253,1.5351,-1.8415,3.7031,0.4328,1.0044,6.5812,7.6595,8.2776,2.0791,-8.4529
-3.1539,-8.6789,-2.3669,-6.5845,2.4997,-8.085,-3.0649,-1.4805,4.7021,4.2354,-9.3267,9.6109,-1.6411,-3.3732,0.2235,-2.6876,-7.8465,3.9526,6.2754,-0.241,-4.7367,1.7947,-4.0441,-2.4057,2.2147,5.7609,-2.7746,-3.4239,-5.5941,7.4192,-3.7284,7.0606,6.5535,-5.8971,-8.3882,7.5237,0.0346,-9.9639,-5.3271,-0.2925,-4.5111,2.6868,-6.9889,-1.6972,7.4215,5.4217,-1.2283,-3.0905,2.9071,9.7732,7.6405,-4.1264,3.9878,8.401,-3.3523,-3.0503,9.0112,7.0426,2.0064,5.1762,-5.6046,8.6517,-4.4731,6.7897,-1.0242,1.4673,9.2928,-2.8815,-8.9739,8.7534,-3.0801,9.2821,-2.3189,-6.7782,8.2215,1.6844,-5.5308,-1.0884,8.1022,-7.4854,9.7348,0.0255,-9.3785,3.458,6.706,-6.0344,0.4038,-3.2604,-6.2128,-6.2193,8.9383,-2.8495,1.9989,-5.4443,-0.7358,7.0691,9.8921,-3.4882,-1.5849,-9.8082,-4.9236,-6.0094,-7.3179,8.0578,-5.8861,-7.909,9.3369,5.3915,1.1785,8.5878,3.3004,6.6227,6.4281,-8.7957,3.96,1.8778,-9.4639,4.4456,4.9786,-6.5028,3.3543,7.5482,5.1337,6.5822,-7.0875,-7.0659,-7.0951,-7.4408,-9.2773,-8.2006,-6.2737,9.873,-5.5818,-3.3259,-2.6028,-3.5773,4.2217,-5.1011,3.5663,9.0682,8.9601,9.7995,4.0632,-1.6559,-2.5866,0.7608,1.2676,6.0951,8.3244,3.8745,-7.8159,-0.8188,-5.3884,8.2734,3.4218,1.7241,3.9262,-6.8905,1.1665,-8.7445,5.3654,9.9748,0.7475,8.4667,-9.1866,-6.2432,-7.8349,6.5244,6.3044,0.0252,-2.3816,9.1001,3.3992,-6.5226,1.1124,-5.8345,0.4526,0.9768,-6.0426,3.508,3.7739,2.3947,-3.9166,-2.146,-6.3979,7.0401,2.7335,4.2269,-0.4355,-8.9715,7.1526,6.184,-0.173,3.2411,0.8684,-9.0601,9.9076,3.791,0.3069,4.4707
3.3735,8.9679,8.1608,-7.5903,0.8484,-1.4941,-9.4262,-3.188,-7.2424,-4.2343,2.6448,-5.3251,-8.3322,4.0766,4.4802,-1.3939,-4.3226,6.6672,-7.8949,7.8542,-2.3611,2.946,3.3792,-7.0487,-9.7813,4.0606,2.0294,-2.7604,7.1389,1.1392,6.2752,9.9858,0.1738,3.352,2.9146,2.9178,2.219,8.1929,-2.3611,7.9652,-1.9296,0.9924,5.8098,2.2117,-7.2102,8.3338,7.617,-2.2803,8.0769,4.0314,0.6046,-7.3396,3.1304,6.5645,2.5263,-1.0683,3.5125,-6.7365,1.3355,-2.5665,3.0216,-9.435,5.8095,-1.751,-5.7901,-0.512,2.4184,3.1498,4.5629,2.5321,-4.6257,-6.2869,-9.0326,2.9528,6.3156,-2.3186,2.478,4.9806,3.7831,9.8785,5.9298,8.7402,-9.4638,1.5902,2.7185,-4.994,-0.9126,-6.5877,3.5825,-9.8086,4.1264,-4.0139,-2.8824,-8.2631,-9.3223,-7.0683,2.6799,0.0656,2.5447,1.8819,4.8079,-0.1893,7.0648,-3.0597,-5.1017,8.0047,2.015,-8.8084,8.2276,6.5244,4.9454,8.2962,6.0627,-3.8481,2.89,-6.0209,7.8128,-3.8453,-1.1614,-6.7892,4.6692,-3.62,3.807,-0.8416,7.9928,5.6306,-7.9169,2.2864,-8.9971,0.5045,-5.6782,-3.8187,2.7615,6.45,-0.8551,-6.2651,4.8639,-4.1636,3.6489,3.8166,8.7878,-2.0709,0.4159,-7.5496,-7.9172,-6.0835,3.0183,2.6191,5.492,3.605,-3.254,0.6474,9.157,-4.7679,-9.2164,3.3263,9.2348,-7.6959,-2.6441,4.3969,9.3331,-1.045,-3.469,2.3292,7.7397,0.9518,-2.3112,-1.5824,-6.0631,2.7382,8.219,5.8393,-7.5196,-6.7774,-5.5791,5.9714,-6.9665,1.8595,8.0942,-6.7035,9.1275,2.4001,9.7594,-1.9218,4.5575,3.8359,4.9084,9.2513,-4.5983,-9.8765,5.3536,6.9412,5.5632,8.0362,-4.6369,-1.8559,5.3068,1.9769,2.9389,5.9233
-3.1691,-3.1202,-1.0091,-3.0401,-5.325,-2.6534,-3.4955,-0.0389,-1.2686,8.7036,1.2169,2.9163,-1.0085,5.0073,-7.0934,-3.3309,-5.4812,6.5221,-4.3443,-0.6771,9.1185,1.9726,3.0843,4.8112,4.4622,-3.8346,-1.1852,5.1815,8.978,2.6417,8.0908,3.6903,-5.9393,-5.7041,-1.84,-1.0491,-7.3929,9.0933,-1.2819,4.2946,-3.4205,0.8218,-7.5698,5.8745,3.2445,-5.0464,0.1703,5.9524,9.3449,3.7719,6.8063,-9.6003,9.389,6.5917,0.3893,7.0646,6.226,-2.3695,-7.5948,3.5363,-8.1411,-6.0098,-6.8798,-5.7113,-7.4486,9.0208,-5.5434,-2.0812,0.6921,9.2773,1.1437,4.6873,4.3588,-6.7481,1.9729,-5.605,-7.9093,-7.2141,8.1914,-2.6135,-5.9998,-9.5131,4.2334,4.4714,-3.7394,7.9636,7.8935,5.3301,-2.2157,3.032,-7.5565,1.0327,-7.2614,4.4212,-2.4405,7.916,-0.2479,-4.6964,5.1721,-3.9507,2.8243,-9.2166,-0.7523,-6.5465,1.3236,-6.0596,6.1512,3.4383,0.9375,-2.5011,2.1632,-5.2201,-0.6424,5.7437,-6.3462,8.3094,-2.9271,-0.7609,8.5442,6.9742,-4.9905,-1.3911,2.5124,-4.3308,-9.1694,-5.2545,-8.7105,5.054,9.8563,1.0775,-7.835,6.8853,-2.1464,9.2793,4.4858,-1.0885,-2.8514,5.8158,7.3832,-1.5004,-5.8229,7.6876,7.638,-7.146,-3.6379,1.8815,4.1953,5.9822,-9.8182,2.9167,-6.895,1.3482,-6.1611,-0.451,-2.0895,5.3208,-8.2241,-8.6513,2.2114,4.7517,-0.0658,5.8379,4.1193,2.7668,4.6148,7.9652,9.9985,-2.0203,7.8239,1.3264,5.5432,3.4387,-1.8806,-8.1463,-0.729,3.1861,9.8048,-9.2282,0.5896,0.4009,2.041,3.0791,9.3596,-1.7878,3.7066,0.8475,-0.4871,1.0804,9.0741,-2.6176,5.7641,-2.9875,-7.8596,8.595,-6.3175,6.0224,-4.9579,7.9572,9.6769,4.4642
