9.4078,2.7356,5.0059,-3.3294,-0.8478,1.476,-1.4498,0.0716,-9.9312,9.4023,-0.6849,-6.13,5.7635,1.3693,6.7733,-8.1749,6.8555,7.2005,-7.5559,8.9895,-6.0473,-3.1764,6.042,-5.9154,-0.7109,-1.0217,7.0515,-0.0903,-1.9996,-1.8747,-3.8944,-7.2643,9.6338,4.6583,6.468,1.5666,-0.9051,5.2492,-5.6037,-4.4069,-2.9376,8.7427,-3.6995,1.4533,-6.4099,2.3147,5.5511,-0.9607,-7.8739,8.0353,0.8547,5.6202,3.5997,-0.2681,0.2318,4.4707,-5.5746,-7.1858,-6.7334,-2.4548,-6.5537,5.0839,-4.1493,-6.434,-4.9801,0.0601,-3.7963,9.0799,-8.9791,6.8385,-8.2845,-2.8108,5.2156,5.4605,7.2552,0.3751,-6.331,-0.6265,-5.1502,-5.7754,0.1422,6.7878,6.0585,4.6954,9.9742,0.6263,5.9301,-6.3268,-3.0673,-0.639,3.3576,0.7677,7.6585,3.3131,8.6791,-4.3006,-4.8053,5.1185,-7.8848,3.7872,-2.0093,2.9567,1.8383,3.6704,3.7834,8.28,1.5292,8.8658,-6.7331,-2.87,-5.8583,-8.8475,1.0535,-6.3104,-2.814,5.6891,-0.7386,-4.0,4.5575,7.1072,3.7454,-3.7057,8.8259,2.4507,3.8228,5.8573,6.2354,-4.9769,2.7479,6.0267,2.8817,-9.0,-2.4681,-1.2715,-6.4589,-4.151,8.3269,8.7846,6.5198,8.5916,5.7205,0.9382,-2.7231,4.2462,-8.1448,-3.304,-5.7581,5.0402,9.7416,-5.065,6.3638,2.0785,7.2726,-5.5471,8.9207,-5.6162,3.5913,-9.0138,-0.3102,-1.1266,8.8343,8.9134,2.668,-0.0504,8.2184,-4.843,2.4764,2.4117,-3.0147,-5.8664,-2.3998,-3.9095,-3.434,-4.7148,5.101,7.393,-3.7189,-4.4291,9.2702,8.4295,1.4729,-8.4255,4.8415,-2.41,6.8165,-5.5919,-9.2973,-4.7602,-2.4924,6.8602,-0.2173,8.1716,1.5104,1.0436,-5.827,4.0838,-7.9672,-5.1798,-7.1799,-3.1081
4.0881,2.6966,8.9947,-1.8425,-9.671,-6.6575,-0.0299,1.9906,-7.1856,-4.0162,-2.5301,-7.139,7.1118,-9.7573,8.9998,-0.1942,2.1631,-8.0448,4.9212,2.355,-9.3813,-4.1335,7.8569,0.7197,-4.9714,7.455,5.3691,3.5814,1.2336,-7.9305,-4.5118,6.4675,-5.408,5.9611,-8.7987,7.0474,3.4784,-6.6705,0.5406,-6.3582,-8.5182,9.5546,9.5835,2.346,1.6848,1.8705,0.7176,-0.5634,6.8677,-3.558,3.9155,3.1642,8.407,6.3372,-1.7543,-5.8948,-5.0703,-9.2629,-4.1841,-3.0616,0.1315,-8.6104,-7.2535,-5.0631,-8.1663,1.2029,9.18,-3.9761,-8.7288,-6.7257,1.1774,9.5745,6.1769,5.0825,-8.7892,7.7684,3.0346,-5.2809,-3.3049,9.6467,0.4825,7.4802,4.6639,9.2573,3.8587,2.6714,7.0367,-9.4628,-2.6069,5.5084,2.0187,5.5288,7.6936,1.6434,9.5432,-1.6472,-7.6687,-3.541,8.9045,1.2328,9.2161,-2.8545,0.7287,-1.3601,2.0643,-8.9245,9.917,-9.9103,-6.8652,4.503,-8.4511,-5.0202,-6.6213,9.3882,6.9456,5.2055,5.3325,2.2527,-8.6144,3.9005,0.0073,3.6711,2.8782,2.8517,9.064,-6.2956,-4.0941,-7.5499,-5.0747,-4.2756,-7.5755,-1.5069,0.1599,2.945,8.8342,1.2986,-1.6519,-5.7933,-4.76,4.4909,-2.4882,8.2981,2.4931,-1.9457,6.4911,-1.302,3.4589,-6.6912,3.9774,4.5048,1.944,-7.6951,-7.4421,5.8785,-2.1778,9.4778,-7.5663,9.6299,7.504,6.5301,-0.3796,4.137,-4.2961,4.4029,-5.9206,3.966,-0.642,-2.2064,-1.2083,-1.6736,-1.3205,6.791,5.7459,-5.8878,9.4845,4.5971,-1.768,4.9978,4.5914,8.3958,5.8534,-7.7627,1.8751,9.192,5.3511,-6.9212,-6.5548,-0.6654,-7.3402,7.4774,9.0316,1.2981,7.9846,5.8465,-3.2252,1.6666,9.5543,4.6477,1.0916,-8.4146
2.1401,-1.2322,-1.3918,-4.6743,-2.5295,8.1827,1.0757,5.0696,-8.3815,-0.0606,-6.6521,3.7363,-2.6515,-2.052,6.7531,0.5379,0.0143,-0.0777,-3.5063,5.6878,-7.0626,5.9424,7.4346,1.1625,-8.5224,1.7582,-6.1709,9.3146,4.9641,1.7804,-5.1537,9.7099,4.9795,-4.1997,2.2567,-4.5355,-5.9248,-0.1814,-9.8782,4.3695,0.4274,-8.3351,-2.7815,-1.6011,-3.0504,-2.8461,1.4309,-1.453,-7.0466,7.1973,4.2621,9.2142,-6.3566,6.5706,-4.7127,-9.9468,7.173,-1.397,0.4185,-0.6429,-9.9133,-6.0672,-1.6878,-7.9321,8.8733,-1.8192,-5.6245,8.5046,9.7863,4.1946,4.9401,1.9887,6.8409,-3.9438,-0.1296,-0.6078,3.4626,-2.749,0.4005,1.9962,-2.2273,8.3436,-0.2312,-0.4012,-4.0687,-1.1627,-0.7266,9.0368,4.8504,5.1102,-6.237,-0.9671,-8.955,-8.6072,2.5111,-2.5314,-9.5615,1.3746,0.7651,-1.697,-7.5459,9.6458,-9.6586,-6.3667,6.1438,0.3029,0.337,7.2291,-2.4091,9.6673,-6.9693,-5.4612,-4.1047,8.1138,5.0662,8.4757,0.9271,-1.1607,9.4876,7.5008,7.1085,-1.3283,-0.4941,-5.3022,-0.2002,9.1696,1.5001,-8.394,7.829,-0.8153,8.0058,0.1269,7.8129,2.3454,0.8587,-0.1495,0.3694,6.9557,3.0511,9.8996,2.9299,7.9634,0.581,1.094,-7.5784,-4.4723,1.8183,-1.7278,-3.5971,4.4121,-0.7503,4.9391,-2.4244,-6.8807,-8.8562,1.8938,-3.2895,4.3501,-1.4364,4.7207,-7.1117,-0.5525,3.5594,-9.9948,6.758,-1.5475,-1.083,4.8901,-4.244,-8.6548,2.2873,-6.0691,-3.2347,-6.5724,-5.7315,-4.4131,3.0069,9.2414,-1.7165,-4.0234,-3.3165,-1.3589,8.7557,4.1161,1.4554,-9.6674,5.498,-2.7,4.3155,-5.7221,-0.9471,-7.1706,6.0222,-5.1017,4.2447,0.8075,-4.0787,5.118,1.6294,-2.0136
-2.7341,8.2668,6.6487,-2.2139,0.7271,-8.5734,2.598,3.4499,-0.9203,4.5338,-3.0242,-3.9556,8.6151,7.8933,-9.998,-7.1407,9.3515,-0.6817,-0.592,-5.1514,2.2504,-0.0253,1.3353,9.0809,-1.0082,0.6234,-5.3847,-3.8418,-5.4787,-0.6243,-4.523,6.3863,-2.9153,-8.5584,-9.1,-7.6621,7.5167,-6.059,-9.8101,-2.0088,1.6373,-0.6458,-2.7918,3.9283,9.3667,6.695,4.1177,-6.1508,2.9993,1.4317,-7.7092,6.952,3.6297,-3.7075,3.794,-7.7867,-0.5836,-5.8757,6.0629,6.5661,-5.8246,-8.7606,-2.7057,-8.4586,0.9817,-5.6146,-7.0956,-4.6405,-9.1599,6.9674,-2.3781,2.5699,-5.2688,-7.5668,-2.3707,-9.8456,-1.689,-3.2202,-5.0022,-5.6835,6.2409,-8.232,8.0695,2.3169,7.6563,-8.5311,-4.499,3.5244,0.966,6.2256,-1.3288,9.6255,5.4408,-2.1564,8.6099,9.8104,-4.5167,-4.7634,-2.9309,1.8662,2.7377,-0.5564,-2.663,5.7596,6.6603,-1.9756,0.8644,7.1516,8.2566,6.956,0.9246,-0.5547,6.0056,0.451,-7.967,-6.6562,-0.4045,6.2469,9.0992,5.0379,-3.3154,4.7053,-5.3274,-1.9403,-5.7821,-3.6598,-3.8787,-5.8773,-6.4672,-8.2892,0.4599,-9.1902,-1.3067,-3.5282,-0.9998,3.9359,7.1053,-9.6876,-0.8401,9.6049,0.9552,-7.0378,-8.0417,7.2431,8.8028,6.6473,-7.8017,8.3326,-7.465,6.1578,-9.6762,6.0941,-4.3179,7.4325,-7.4037,-4.6637,7.1577,-3.7974,-6.0978,9.8874,5.2894,-2.9171,-8.2837,-4.4605,-8.864,-6.8903,2.5646,-3.5692,-7.8402,-9.9821,-6.3651,-9.3741,7.73,-8.0878,-3.6026,-5.1099,-0.9966,-8.5274,5.655,-7.1897,-9.9947,-9.1241,5.8228,-9.338,-5.7534,1.9973,-1.2701,-2.8891,0.767,-8.8626,8.7624,2.842,-9.2619,-9.3123,-1.8167,-4.2469,3.4025,-6.4422,-6.39,-2.0984
5.1388,-0.6885,0.5536,-3.0952,-4.392,-3.246,2.5115,-3.9026,9.8138,-7.4301,8.5847,7.1406,9.9998,-4.9996,7.6613,6.8971,-3.2558,7.5527,3.6279,0.4262,8.7683,1.9832,-3.6191,-6.4574,5.6383,-2.0221,9.6787,-4.556,-3.5294,-0.5489,-1.0479,-2.1709,0.8034,-8.1621,-4.191,7.7731,7.7737,9.7026,4.2245,8.0455,-9.7197,6.9531,-6.0859,-8.2571,-9.5261,-1.1272,6.5091,-0.517,7.85,9.5064,-4.6137,9.4034,1.8546,-3.4592,-7.4454,9.0696,-8.2452,-4.7571,-0.4005,-7.636,8.0623,4.2649,7.9017,9.235,-8.9442,8.133,8.9716,-9.6786,-6.9531,-0.0459,-1.9981,7.9564,-6.9229,-4.1794,8.7879,9.3945,1.5526,-8.9998,-8.0408,-1.106,0.688,-6.2621,-3.8314,-9.5533,-9.9876,2.3005,4.1134,1.9445,0.2748,-5.0007,9.0976,-7.3548,-5.4591,8.2994,-2.9374,-9.8604,-2.2938,5.7228,-4.0769,-1.9402,-0.7705,-9.2501,0.734,3.336,8.0059,-0.6561,0.8968,7.9745,7.5236,-6.6239,-5.3204,1.3495,9.4619,-9.1808,2.4598,7.2934,-8.8571,-4.5179,4.0676,-9.8767,4.7208,-6.041,0.4173,1.8224,1.6373,-2.1574,9.0768,0.5052,1.0219,5.862,8.35,7.022,-7.0242,-8.4954,-9.228,-3.8481,-0.9389,-9.3141,-1.2983,-3.08,8.5792,-7.0549,0.0708,-6.0249,-4.7398,2.8952,2.5442,-9.8083,5.5881,-3.0946,2.9694,7.3479,8.6315,-3.7055,4.4909,7.247,-6.6245,4.7919,-3.126,-5.3635,5.4991,2.7264,7.3941,-7.7498,-7.8426,-7.4194,4.3663,-7.8581,-3.7367,-4.7247,-9.8503,7.9912,8.8814,-4.2646,-9.8616,7.6387,8.7967,5.6284,7.1644,4.7543,9.6225,4.192,-2.1518,3.4756,-6.3639,-1.3252,-6.5637,-8.3841,0.2091,-7.2005,8.5865,-2.3538,5.8529,-9.6971,3.6278,1.7348,2.0557,-3.8718,-6.6073,-7.5913
-1.9292,2.3999,6.9594,-3.4805,-3.0307,-5.0593,4.4801,-5.5687,5.7079,-7.5833,9.3268,1.8912,-0.3656,5.6843,3.4409,7.344,-8.9881,-5.815,-7.0564,0.194,-6.4181,-3.3892,2.7731,4.9331,-2.0497,-3.2521,2.9022,0.1403,-4.7141,5.8949,5.5522,7.7594,-6.3629,8.8099,-1.2257,9.0472,4.7341,1.991,-2.0122,6.3521,3.5515,-7.9759,5.4508,-4.9599,-1.6187,5.4641,2.2598,-4.8746,-2.4849,1.1655,2.3178,3.7017,1.0164,8.5782,-3.4404,3.2244,-3.8528,-8.4164,-8.3969,-4.5863,9.1906,-7.7801,-6.1031,-1.3189,6.7307,5.6287,3.4311,3.2278,4.1829,-1.0543,-0.3031,-6.8858,-0.1716,-7.2113,7.013,-5.9575,8.8837,-9.5772,2.6034,-2.7554,-2.0327,9.1151,1.2638,-6.6278,2.4958,7.9348,-4.349,6.3619,-1.1024,9.5024,-9.9664,-1.2465,5.4196,-2.1491,6.2633,5.4954,5.7136,6.1435,-9.3803,-5.6122,-5.3997,8.816,-9.2245,-0.5805,-5.0536,-5.6846,-9.6626,1.9934,-3.1628,2.2577,-3.8491,7.9446,-6.9462,-6.0002,2.4366,7.4066,-6.4805,4.8251,-5.5851,8.2438,6.9544,-1.8383,5.0236,1.0832,-9.6473,-1.2135,-7.504,-9.0266,5.0743,5.8783,1.0904,-1.1294,-2.675,-7.9215,3.0018,-1.4798,2.4691,-0.9362,-5.4256,-3.6194,0.4382,8.7261,-5.2443,2.5477,-3.8839,4.6053,-5.5393,2.9033,9.3424,1.122,6.5,2.3234,-1.6592,-0.1424,-9.5501,6.3513,9.7668,-8.122,-4.3397,9.8471,3.267,6.9235,5.7884,1.3215,-8.9202,0.2193,8.2699,1.7486,-7.2099,-4.6951,-1.7784,-6.9515,-6.7129,-2.7675,-6.3017,-6.1336,2.0247,8.736,3.2126,-9.877,-5.7213,-0.0395,-3.0268,3.2009,7.3016,2.3584,0.7722,-9.8278,2.4772,1.3979,6.5769,-9.5021,-7.6278,3.5809,-1.4297,-1.3053,4.0799,7.6611,8.9049,-7.246
0.3094,4.8706,0.6086,8.9378,1.5835,3.8229,4.2123,1.2586,-7.7088,2.4267,-2.4853,-4.8036,3.1795,8.7844,5.2637,-2.5652,-8.6614,-5.7399,3.6206,-7.2517,2.7565,3.6259,0.7065,-0.7818,-3.6737,-2.6465,-6.4725,-0.2643,-3.2381,-5.7139,-3.8195,-8.8637,5.7047,-0.3035,-5.208,-4.9563,-2.7699,2.8247,8.2516,1.8577,0.2167,-9.0409,5.1867,9.4897,-2.2788,2.0247,5.7066,-2.022,2.1849,-1.191,-2.8018,8.3155,6.4075,-0.1917,0.8484,-3.5359,-3.2465,3.102,-2.6216,5.7068,-7.397,-8.6694,8.3589,-8.1143,-8.2855,-8.372,3.0239,-8.2933,-6.0927,-2.6381,-0.6105,3.7307,-2.5623,6.3072,-2.0467,0.5107,-1.7584,-2.3919,5.4528,4.5454,-9.343,6.3161,6.7951,7.8178,-5.0326,9.4608,0.7944,8.7859,-4.7569,-2.3352,-7.8366,0.0015,-1.6095,2.9998,-6.8507,1.0993,-3.3794,-1.2274,-4.0579,9.6851,6.8519,3.6812,6.9169,3.793,-1.6421,5.9455,0.4804,3.4872,-8.029,1.852,3.5173,2.0443,-3.1775,-1.1586,-7.7903,-9.2278,-8.9086,5.3328,1.7002,6.9462,3.3813,-4.3482,3.3093,-1.506,2.9681,9.4369,0.7697,-7.5366,5.7433,5.3319,6.2429,-1.3805,-9.8506,-2.0483,3.7414,-5.4874,-2.7276,-5.3957,0.109,-6.4944,5.4716,8.0212,-4.9352,1.2965,-7.8437,-4.9442,-2.1486,8.8811,-1.1446,-7.6162,4.7478,1.8059,0.1731,3.5933,-2.7212,5.3476,2.8494,-3.2781,4.9022,5.5357,7.4462,-4.6539,2.9448,4.9093,-9.8933,0.4107,-1.4348,8.2554,-5.6079,-8.2667,-9.5567,-5.3406,6.5637,4.3373,0.9299,-4.0313,4.3638,-2.773,-5.516,7.1064,-3.4684,-8.6925,-8.7124,6.2207,-9.4564,6.303,-2.128,2.3158,1.944,3.3327,-3.3142,-6.6124,0.1829,4.9929,9.5228,0.9425,-5.0695,-4.1751,6.3692,3.6998
-1.8815,5.8654,-8.0942,9.1049,-0.5032,-4.9188,-0.755,5.0613,-4.4668,0.3202,-1.191,0.5241,-6.6515,-1.9162,0.8586,-8.4736,0.8083,8.2481,-7.2615,9.4231,-0.021,-4.4423,8.0304,3.0441,-3.7262,5.1957,5.4509,-1.2294,6.2435,4.0067,1.5667,-2.2237,-7.6749,-6.6772,5.1993,9.3836,4.7983,-8.765,2.3533,-3.3062,9.6217,2.5364,-9.753,2.4066,0.3768,1.7821,-7.0335,8.584,-3.6155,9.9151,5.613,-8.3377,-5.2438,-3.0681,6.907,4.9653,-3.3449,0.2228,-3.2334,4.1375,9.1151,7.6606,2.8425,-6.8678,4.0137,-5.1038,5.9496,0.0333,-1.9613,-7.5043,0.3492,5.3206,-4.5151,9.3334,7.4269,1.5005,-9.9429,-0.981,-1.4229,-7.4393,5.9046,5.998,5.2171,7.6558,-7.4613,-8.0533,8.8595,9.7668,1.0836,2.7694,2.8459,4.6283,-5.6838,0.8439,6.8198,-2.0372,-9.4838,-6.5333,7.7512,9.9745,1.5588,-2.4654,9.113,1.878,1.4112,-6.9477,1.5927,-4.1156,-4.174,-0.1377,4.9398,-1.0136,-7.5737,8.1954,-1.391,2.6192,-2.2342,2.6659,-9.1326,7.0789,-7.1759,1.1091,7.2749,3.8673,-7.3521,7.8185,-1.9643,6.6825,9.4779,4.6027,3.3763,9.5227,0.1368,-6.1104,-8.6215,-3.6104,5.6112,-0.2109,-0.3879,1.6961,5.6324,-5.9653,-7.5282,-7.5093,3.517,-3.6643,-1.1856,-1.5878,-9.764,-1.1927,-3.6147,-0.3072,-1.9899,-7.7988,4.5272,6.5656,2.798,7.3227,0.891,-1.1286,7.3553,-1.9131,-3.0201,5.6302,8.8399,-7.7422,2.1339,-3.3508,-6.13,-4.4984,-1.1187,7.4588,1.9214,0.1753,-9.8425,6.9763,7.6044,-0.9074,8.8454,5.6687,-1.1912,1.2594,-2.95,7.4511,-9.7806,-8.4448,-2.3372,8.717,1.99,-3.7831,9.1714,7.9351,-0.0756,4.9012,8.5898,-9.1309,8.2979,-1.0184,7.635,8.2432
3.9639,-1.3724,6.3149,9.5012,8.5062,5.5327,3.115,-6.7017,-8.6301,2.9285,9.2963,-7.9688,8.3964,4.3938,-3.5955,-9.6068,-0.7309,1.4126,3.8387,-1.8618,0.1819,-3.5231,4.8659,8.6639,2.1159,-1.6461,6.02,-8.8529,-6.6357,2.4834,-1.864,2.2824,-5.9464,0.6219,-4.2058,-4.2108,-4.5303,-4.8524,9.4263,-0.3803,4.7389,-4.424,3.829,-9.0088,8.0048,-6.3871,-3.7157,-4.1327,-6.6092,6.6198,8.4836,5.0494,-6.3617,0.0187,7.7096,-3.5868,6.4764,-0.7931,-4.2987,-7.8932,1.7159,-3.0738,7.122,-0.3651,8.2675,-9.9794,-8.3262,-9.8511,1.8396,1.5016,-0.0613,-8.3891,3.2291,3.3861,2.4412,3.0217,6.9797,-3.0481,5.2287,5.3528,-1.5229,3.3999,-5.0036,-2.0267,4.2625,-6.4933,6.0152,-2.7709,6.9961,-9.6047,2.0376,0.0306,-0.8194,-5.3168,-1.4954,4.7161,-6.227,9.428,9.0097,9.0699,7.1975,-7.8506,6.1416,-1.2274,-2.8251,-0.7353,-8.1322,2.0155,7.7657,-3.3042,-2.9783,-7.1056,-1.7601,2.7913,-5.3236,1.5267,3.146,3.1311,-2.7063,3.0015,7.7281,9.399,-0.6205,5.3257,1.4083,-0.4589,-0.5679,-7.2194,-2.5986,-6.65,5.2146,1.6423,1.9124,1.6952,-2.1471,9.6795,9.8615,7.0542,-3.5381,-8.7012,-0.7865,8.6332,-5.7143,9.1071,-0.8689,0.1028,1.2359,-0.7616,-5.5228,3.7784,3.1658,1.5563,-9.6353,-9.9874,-3.4546,4.1044,9.1684,3.0016,-8.4587,9.0484,5.8882,5.8817,4.0101,8.0564,-6.1296,0.2249,-2.0969,-8.6603,4.8276,7.8124,-1.303,-8.4066,-3.2917,0.4667,-8.7616,8.2746,-4.495,-7.5089,2.327,-1.1737,1.1803,5.504,-8.2431,1.5677,-9.5349,-0.4332,3.1372,2.3772,8.0081,1.0684,-9.3269,-9.4752,6.962,-8.1439,6.3087,1.1259,8.9141,-5.9145,-8.5645,-8.3832
-4.4988,3.294,-1.1652,1.7079,-6.3423,8.9967,9.9954,9.6661,-0.1662,7.9577,-8.6198,-4.4686,-7.5741,-5.7024,1.2554,8.7992,-7.2807,9.062,-2.2788,-9.5559,1.9971,-1.0263,8.2009,8.8981,-5.0951,-4.1111,-0.8787,8.6625,-7.6776,-1.705,7.2554,8.0549,0.1491,0.8418,-2.722,1.075,-4.6418,7.5282,1.6446,5.3692,5.7651,-6.6957,2.6206,7.4416,0.087,8.192,6.2203,7.3189,8.7585,-5.0919,-1.2233,6.8516,-5.8725,2.1679,-7.9986,4.6959,-6.2263,2.1703,3.131,-6.5725,-1.768,2.2683,7.6769,5.674,5.1064,-4.0004,-6.2974,-6.382,-4.413,-4.9032,3.4412,-2.0774,-3.4315,4.6858,-7.0703,-9.3873,-1.6978,7.0635,-9.2892,-7.2081,-0.7219,8.2331,-8.4039,2.9393,-2.3594,-3.0513,2.776,7.7264,1.2676,5.4915,-9.2026,-5.3534,-1.8017,4.2784,-5.991,-4.7446,-8.7896,-7.9041,8.1467,-1.7526,7.0138,9.0561,7.5022,-1.2806,-0.8053,-2.5862,-6.01,-1.3344,-8.0429,1.2879,4.8265,2.1067,-6.2581,-4.0106,-8.9387,2.7488,0.6218,2.2194,7.7998,-8.1604,5.5569,4.6194,7.6928,-5.856,-4.5414,2.4477,-9.3322,8.7725,5.8762,1.5962,3.7865,0.8872,-5.3962,-5.4104,2.2924,7.9323,-2.3858,-5.6073,2.7856,6.1376,-6.9485,9.831,-6.5647,2.0979,-2.8178,8.1078,-6.388,5.869,-9.8405,-6.4172,-4.7313,-3.7551,-2.5406,7.518,5.6584,-9.5676,0.6647,-0.9239,7.5659,4.3066,-1.2832,1.7238,-3.0563,8.4271,-3.0193,-9.6944,5.7572,7.8924,-7.4766,7.4403,6.6713,8.8824,-9.3028,-7.3312,3.5572,-4.1315,9.889,9.8449,1.1648,7.4853,-6.4681,-6.3191,9.0185,8.9477,8.9036,8.8531,-4.0076,-9.2821,8.7725,-1.3266,-7.8595,-4.8224,4.9836,8.2801,5.6637,0.5799,-0.9052,-9.3905,-8.1373,-6.0646
-7.7495,-5.1974,4.3699,5.6233,4.8226,9.002,-6.4418,-6.2449,7.4622,9.4094,-8.4867,-8.3729,-3.8998,1.9024,-9.3375,7.1744,4.3612,-2.2495,-4.3,6.8121,-9.7144,9.7476,-3.7541,-1.3195,2.7425,0.8867,3.3452,9.2442,1.3676,2.041,-3.8185,6.6153,0.6237,1.9026,7.0186,-6.9105,-3.0171,1.1192,0.6703,-2.9938,4.6458,4.0626,-8.4212,3.4068,2.4064,-7.0285,2.3343,0.1744,5.3101,6.4231,6.4248,7.5302,-6.6066,-7.2977,0.9812,6.1036,6.9063,-2.3748,-9.4507,-3.8388,0.3416,9.3689,-8.0259,5.2516,5.8793,9.9547,3.1375,-8.3814,7.8746,-4.3406,7.7463,-7.7776,8.0128,2.6049,0.4244,9.226,-6.6951,6.9914,-1.1643,-9.66,-4.7477,-5.3999,-9.9271,1.6214,0.5472,-1.9562,-3.3904,8.4499,7.2203,-4.6578,5.8948,-9.2134,-3.3876,7.3931,6.3884,-5.2923,3.1247,-9.2681,-5.1212,-8.0233,-3.2164,9.866,2.6859,3.8371,-9.9101,-5.7242,8.3694,9.753,-7.285,6.3952,0.1064,-5.9476,3.2558,6.7324,-1.7924,-0.5853,2.2759,8.2332,7.9707,-2.2162,-4.1087,7.1751,9.444,-1.5013,-2.3124,6.6201,-0.5285,2.6406,-2.3892,8.7056,7.5745,-0.6304,4.1078,8.1695,8.8935,3.6913,8.8243,-9.3365,3.6816,-5.8918,9.9111,-8.0896,3.5769,-6.2909,0.7817,0.0057,-5.8333,-4.7854,3.385,-9.1321,-8.5502,-6.8973,-7.6882,-4.5562,-6.4802,-0.6124,-6.6893,-0.3601,8.466,-2.1582,-8.0497,-4.4767,4.0463,-6.0129,4.2295,7.8483,5.0161,-0.6778,-8.7756,0.8549,5.8884,-3.1073,9.246,-0.5535,8.1824,-4.7831,1.0322,1.4865,-9.9912,2.8722,4.2664,-8.2341,5.1246,-9.0314,2.1975,7.6808,-5.6936,-0.096,1.286,-8.8865,8.6633,-3.6794,7.3651,-7.0349,-7.4299,9.1751,8.8953,-4.476,6.1126,-5.0967
9.7951,-7.6369,-0.4575,-3.8749,5.5795,-7.4141,1.8375,1.3199,-4.3802,-7.6452,7.0919,-3.1361,-2.8482,-5.0988,6.6281,3.1735,-4.3254,3.0489,7.8988,6.5277,3.2867,2.4384,-2.5677,-8.7309,-3.3577,-6.0608,-0.163,5.4959,4.9602,-9.8003,-3.7168,5.7626,6.7691,8.0387,5.8071,5.4658,-7.416,3.4596,0.8435,1.0204,8.8791,-6.4163,8.381,5.5075,8.1356,-2.702,-7.0774,5.1262,-7.0786,-6.9978,3.0652,-0.2099,9.7839,5.5249,-6.4431,-4.6026,9.7756,8.0289,-0.3596,4.8045,-4.758,-0.3264,-9.2064,8.103,2.5178,-0.9918,2.4562,5.28,-2.4792,9.5407,4.0806,-1.0377,-5.182,8.4255,-6.908,-6.375,-9.872,3.343,6.6475,2.5018,-0.1477,-9.4911,0.3574,1.9862,-2.6944,-3.7616,6.2236,-4.1571,-9.1239,1.2855,-1.4411,5.5146,6.9331,1.1828,-3.9422,-7.2113,7.0264,-9.6027,-9.7917,-4.1521,6.042,2.6356,9.5401,8.0823,3.3411,7.2178,-4.4102,-4.4881,-8.7392,1.8164,2.3494,6.1862,-0.2837,9.955,6.9017,-8.8874,4.6422,5.5057,-9.1822,-3.6283,-1.5955,-3.769,-4.5225,-9.4776,-2.0688,4.383,8.297,-9.3956,-8.8085,-0.9813,-5.2869,-3.3346,-1.5939,-8.3663,-7.1788,3.6127,3.2858,8.3828,6.6582,0.0524,5.9844,0.7964,-8.5807,-6.5494,8.6014,0.2671,9.984,-9.0563,-1.416,2.1588,6.7241,2.0476,-8.0399,9.8624,4.409,-6.8081,6.3923,8.8169,-2.8505,-1.7387,3.3262,1.9637,8.8664,3.4381,-8.7046,9.5146,-4.557,6.5762,-1.823,5.9175,3.0201,-4.6929,-5.2005,-7.2699,-2.7881,9.6344,-7.0087,0.4739,-8.0895,0.8238,-2.3947,0.8385,-5.4714,-6.0096,-0.7731,-8.4579,9.7876,1.4571,-8.7809,2.4039,-0.9466,-9.05,-1.4421,5.9766,4.4916,-6.0898,-5.2638,-4.8436,-9.2446,-3.8371
6.2179,1.3911,-7.4231,0.0455,-8.4234,-9.2396,-4.7342,4.3535,-5.4032,-3.8683,1.3702,-4.774,-6.3333,1.1718,-6.4667,9.2068,2.1959,-9.0176,1.5785,-9.245,9.9684,2.5908,5.3846,4.8885,6.1811,-2.1369,-5.734,-9.9744,-0.7131,6.3822,8.2096,0.8852,-8.0003,3.5921,9.414,-1.9292,-3.6914,4.2683,6.0416,4.0677,-5.2358,9.9378,-7.1849,-0.9143,9.7323,8.0776,2.0212,-6.7352,2.3442,-0.2009,1.743,9.9525,-3.1325,3.8201,-6.3859,-2.1269,-9.0561,-9.023,-3.9735,7.7807,-3.4597,9.6052,7.2444,-6.7256,-8.7872,9.293,-2.3964,-6.4967,-9.9652,0.8677,7.5883,2.8717,4.4049,5.9801,7.8166,9.0481,-3.6093,1.8939,-7.8999,-4.3559,-4.5474,-5.7679,7.7805,-0.8862,-0.2721,-3.573,4.2967,5.176,-5.7207,-4.5727,-4.4926,8.4404,-7.6328,-4.2603,-9.3686,0.8055,7.6981,-0.6987,0.1645,4.2075,7.0921,7.2213,-4.3447,1.8142,3.1883,4.9574,-0.9457,-9.107,7.9855,-7.968,-8.1569,1.71,6.3184,-0.3286,7.6642,-9.6039,2.5786,-7.0202,2.7375,-9.7299,6.0325,-9.8715,-3.7643,-9.4636,0.3217,3.7538,-6.6812,3.1383,6.8252,4.2859,7.6491,2.3545,-7.0786,-8.2817,-6.2648,2.5964,-9.1046,-4.6343,-7.6908,1.642,-1.8881,-4.2946,1.5693,-0.3074,-2.6651,7.8643,-9.4754,-7.4661,-4.7698,6.7385,-0.8427,4.0035,-7.9955,5.6154,7.9794,5.5672,2.4644,-1.0649,-3.2126,7.6869,2.5657,-6.449,7.6567,6.7674,8.6954,-8.2599,-7.1064,-9.248,-6.5819,-2.8325,-5.014,-5.4502,-6.2019,1.1024,-2.5576,-5.6951,-5.8896,-7.6958,2.2868,-9.2868,-9.945,-7.0131,3.7009,7.8474,-5.1179,7.521,1.5133,-2.6076,2.5151,-4.1823,-1.5077,-4.1478,8.7324,1.9038,9.286,5.2608,-9.9145,-7.3699,-8.1614,-1.0124
6.6802,3.7791,1.3642,-7.1407,-0.1557,0.3544,-2.3459,6.755,-4.549,-7.1049,-4.685,-3.5494,-5.1537,-6.496,2.661,-7.1819,-2.5403,-5.2977,6.8839,-8.8216,-7.7842,4.2451,7.976,-0.4464,0.3457,5.9648,9.8492,5.6191,0.7233,4.6133,7.2564,-2.7589,8.4776,7.3488,2.5539,5.8581,1.4638,-8.1365,-5.4782,-0.9047,2.0958,9.568,0.9689,0.0806,7.0084,-2.7566,5.3765,-8.7396,-5.6634,-2.1505,-4.6634,-9.8623,-0.5263,6.5453,3.1105,6.7823,7.9634,1.2595,-6.8499,-5.2081,1.7029,1.8499,4.0382,-4.2235,-0.7814,7.0317,9.6452,-1.7704,-5.3502,-2.4971,-5.2617,6.116,-5.354,5.3467,-9.0292,9.4544,-4.3975,-1.7348,3.1389,-9.2215,3.6209,-3.3585,-1.8243,-0.2201,-8.2535,-6.6559,1.412,2.7971,-7.7899,-9.183,-7.3824,0.0913,-6.7178,5.8413,8.5154,0.665,1.6999,-4.7343,7.7866,-5.9378,8.1025,0.0873,-7.6871,-0.3636,0.41,-4.0863,0.2481,2.1918,-2.4854,3.8807,1.2177,-1.3583,7.7133,-4.995,9.1845,2.7596,3.5278,9.5256,0.806,-9.537,5.9679,6.3662,2.5824,-2.6497,-2.5535,0.8429,-1.7678,-6.6725,-9.0266,4.2635,5.7447,8.895,-2.0129,2.853,6.5398,2.1716,7.3707,7.8592,-3.3418,0.3469,6.0062,-2.9001,-2.3637,-9.2318,-7.8455,9.7812,-0.4186,2.5014,1.6042,4.4113,8.3578,-8.1703,6.4841,4.4461,2.7631,5.6692,9.8495,5.4039,-5.7734,-9.8448,6.0067,5.365,6.6528,5.4235,-1.9687,1.5577,-6.1902,-5.2084,-4.138,4.91,-4.7172,3.2547,-9.1206,6.6858,-0.4901,-0.2086,3.2161,5.8886,0.6398,5.4387,8.1685,2.4365,2.9317,4.9999,3.8848,0.2371,-1.0666,1.7517,-6.7667,-8.4948,5.8363,-4.7779,-8.3175,5.9933,-3.1303,8.8248,-8.4109,-0.9547,6.9289,0.6601
3.088,-6.0439,3.0354,9.1779,1.9999,-6.8621,9.3027,-0.7399,1.4827,6.0636,5.6844,9.8359,-0.004,5.6948,-8.3957,-0.59,7.2339,9.8201,-9.6244,5.8535,-1.0496,-2.9865,-0.5736,-8.8586,-3.3148,3.8297,-0.9357,6.6123,-7.5996,2.1131,2.373,-2.6067,4.052,-8.3391,-2.7947,3.378,9.0359,-5.1066,-7.5592,6.3592,7.121,-6.828,7.469,5.284,-2.6653,4.3324,2.58,2.1226,-8.0565,6.5457,7.2203,2.2348,-4.3829,1.0375,6.3288,-1.0513,-7.5635,-5.7169,-1.1054,-0.2461,-7.0325,7.3207,-7.856,-3.3946,0.5692,3.0799,0.3898,0.6262,-7.8275,-0.2759,-9.71,-8.1126,8.6767,1.5387,-1.0493,-3.3605,-3.8688,-5.4,4.8438,-9.2527,0.6967,-7.914,7.1656,1.8065,-4.0857,-5.2843,4.1688,6.8438,-2.0747,-5.3494,2.1104,-2.65,-1.4481,7.0595,-4.7718,-9.4592,-1.6882,-7.5932,5.195,3.8266,1.1285,-4.2619,-1.4242,3.5237,6.2488,6.7001,4.2106,3.6235,4.7514,7.213,-1.2865,-7.7772,-0.4159,8.8223,-8.7016,-3.8944,-1.5568,4.4055,-3.4282,-6.2317,7.9296,7.7198,-0.8521,-7.9838,6.5942,-1.6931,-5.4731,4.7747,6.5592,9.7943,-0.5639,7.7251,8.3978,-4.2333,-2.7096,-8.3151,7.0423,-3.4347,5.4878,6.1457,5.9993,-4.9955,-2.0159,-6.1531,9.239,-6.6784,7.621,7.512,4.9064,-8.6107,8.0929,-7.6628,-4.1013,-5.7058,4.0594,5.4806,-1.5029,-9.7024,2.2057,8.051,0.9158,-8.4744,-0.317,6.453,-2.8574,3.8887,1.8169,-1.4504,-5.1424,-3.3101,-2.34,-0.4841,5.4175,9.1355,5.8201,7.3059,7.6094,-6.1195,-9.2523,2.1549,7.8037,2.613,7.5281,7.4534,-9.9539,-7.5445,1.6171,-3.9094,-1.1803,-3.0372,-2.2441,1.3617,-8.8711,-0.2472,0.6927,-8.5854,-3.2813,-6.6549,-6.0401,0.1582
-4.6137,6.8083,-7.8278,4.651,2.8127,-0.8828,-4.1784,7.4511,-3.3036,-0.6772,-4.2413,-5.23,-1.1436,-1.2622,1.8261,-4.8341,-9.4675,4.9715,-0.5142,-2.0705,0.9385,3.2147,6.0241,-0.4221,1.8601,7.7524,-8.4146,-0.6527,-0.6835,2.5272,0.6805,-9.036,9.9519,5.9891,-1.9498,7.1199,-4.0113,-1.0413,1.1089,-1.2448,-1.4994,1.2026,-3.047,5.3238,-8.462,-3.0974,5.1834,8.7272,-0.1415,-3.742,4.0693,-0.3137,3.874,-6.7875,-3.4898,9.5141,1.0976,2.551,7.2727,-4.9889,3.8196,-2.1349,-8.0657,-7.172,-5.6969,8.6262,0.1067,-3.5729,-0.9877,6.3904,-8.5732,1.1569,9.1658,0.583,-9.5391,-3.492,-1.2332,4.1419,-1.5555,7.2704,3.5542,-3.5614,-8.1382,8.0514,9.4424,-1.6729,-7.9127,-6.168,1.4072,4.9443,2.1141,3.8017,-6.4187,2.0672,-9.4803,1.5733,6.4352,6.3217,-8.1258,-4.917,-1.079,9.7536,-9.1019,2.3753,9.1291,-0.5718,4.9989,5.9726,-9.3725,9.0269,9.1931,-3.0511,-3.3915,-5.2916,-5.2704,-0.9835,0.3868,3.3647,-6.42,8.6048,0.9884,-9.9328,-1.3918,-7.5414,-9.1351,-4.8501,-0.2818,4.8969,-9.2272,2.9283,7.2222,5.1121,-6.3083,-8.8866,-5.5859,9.6328,5.5592,-5.2686,-2.0604,-6.4311,-8.9446,-6.9761,3.537,-1.331,-7.0252,0.0095,-6.7743,-7.7365,-5.3923,4.9979,5.9655,8.2081,-5.0109,0.5375,-1.7313,-7.3245,-0.9783,-6.6847,-2.6507,-8.5848,0.4991,0.3747,6.7434,8.1681,-7.5595,-5.5343,-3.6418,2.394,-3.9119,-7.8723,3.0737,4.9914,-0.3865,-2.5789,5.7713,-6.9043,4.6035,3.9124,6.1428,3.0356,-9.0485,-2.5652,9.0387,-3.4366,0.1011,-1.1864,5.1671,-1.7014,-6.374,-1.1031,3.4948,3.0017,7.1457,-4.7462,5.1346,-6.0054,9.7552,-4.958,-0.8514,-4.1855
6.7584,8.6547,2.1596,-0.2457,-5.3561,8.0867,4.8662,-3.644,-7.3586,-8.5937,-5.3204,-0.3824,-4.4526,-8.631,-8.0882,1.4049,-8.4134,-1.7442,4.4007,1.2134,4.6776,-7.272,-9.0424,4.4091,1.912,-2.8759,-5.1068,-1.4785,-0.0296,-0.0269,-2.7485,6.3481,5.6303,1.7838,2.1622,0.6442,5.6486,2.8834,9.5386,3.6363,-4.044,-9.3381,-9.3957,8.928,9.5486,0.4396,-3.067,-7.9484,-6.51,6.4356,3.3926,5.3557,9.702,-8.5033,7.0114,-9.5513,-3.0567,3.2787,7.581,-5.5054,0.0696,-2.579,-6.2739,-5.1065,3.8661,5.4298,2.4395,-3.8062,1.5842,-7.8237,0.026,-4.4311,-6.3231,7.5733,-8.0677,-0.831,-5.3396,9.2999,0.8256,-9.2065,-1.8504,-4.6401,-6.0867,7.8117,1.7728,6.6654,2.753,-0.9993,-6.0364,-3.3405,2.8499,-8.6428,-5.795,-9.7501,7.7933,2.3868,1.3796,9.008,-1.5349,1.3159,-1.2432,1.6573,-3.8751,9.0273,-2.1364,4.2814,-7.4273,8.7788,-8.9862,-5.4237,9.3417,-1.1608,-9.5068,-0.9735,-2.3956,0.714,-0.5459,6.137,-3.4528,-3.8394,-6.8382,0.1687,7.0833,-3.7038,0.4934,-1.7212,-9.8145,-5.8085,3.8818,-1.6749,6.8695,8.0194,-3.4541,-3.809,4.1627,-1.0533,7.9935,8.4929,7.9866,-7.3734,-4.0511,8.1584,-3.9495,-9.5307,9.4845,3.1496,0.6005,-2.5694,0.4073,7.6154,3.5571,3.2414,-4.4472,7.3374,9.8484,7.9499,-5.0137,-3.1533,3.2497,-7.7002,3.4285,-8.6448,5.5107,2.6424,-0.4429,8.9897,3.1427,5.5843,-5.1535,8.0205,6.1387,2.6323,5.4192,-0.9932,2.8029,5.5601,0.3821,-5.3593,5.1875,2.3649,7.4129,8.4697,9.6265,-1.3069,9.8015,6.6906,5.2841,-2.0844,1.6993,7.255,-2.2474,-4.9728,5.443,9.6614,2.8007,6.6946,7.4138,2.2509,-6.5353,2.132
6.477,6.1824,-9.3245,0.0173,1.5172,4.0813,0.6518,2.4303,-3.1141,-6.0369,-3.426,-6.2978,6.1708,-8.5405,-5.0397,-5.114,-5.6663,2.6953,-2.3569,5.6652,1.006,5.8851,-3.8972,6.9824,-5.5627,2.051,9.952,-8.635,-8.9163,0.2389,5.8733,0.5378,3.1276,6.9809,1.1735,-2.5446,1.3976,-2.7717,4.9306,6.8641,1.7723,0.9221,-4.979,3.8089,4.4036,-3.9535,-7.234,-5.4408,7.3402,-3.8439,-5.7217,-6.2588,5.968,1.8081,-9.7634,-2.8942,-1.5802,-4.2649,3.9598,-0.9233,-8.0497,-5.8608,-1.0628,-7.9626,-5.347,0.7692,9.929,0.2454,-3.9904,9.3132,3.9551,9.6324,8.9389,-5.1013,3.2997,9.0177,3.9494,-6.7739,3.7782,-3.5338,-6.2321,-2.6429,6.506,0.9263,0.9004,-2.8411,-4.7428,8.4008,-4.4989,-4.7128,-3.3863,1.4882,-6.2545,-9.9552,-5.9169,-3.3199,7.1207,0.0935,-3.7923,2.7276,6.1023,-0.3254,7.0283,9.9522,-2.3419,3.2215,4.6081,2.3329,-1.5997,-2.7101,8.035,5.568,-4.7144,0.2182,5.7916,-1.1876,-6.8035,-7.0318,-7.0086,4.7459,2.758,7.3702,6.6012,8.0001,4.0237,4.3858,-5.904,-2.0207,-8.2458,6.1436,1.6557,-3.0516,2.5142,-6.0452,6.4911,1.4627,4.7772,1.4984,-0.0371,-1.4359,-6.6947,-4.606,5.9549,-6.9406,-8.4715,-2.5647,2.0929,-4.5885,-5.734,-7.4513,9.6938,-6.1125,-8.4473,4.4127,-0.7269,-3.1771,4.0377,4.0415,-5.2424,7.2072,-2.884,2.8938,7.2276,-3.9643,-6.8195,3.1477,-6.7566,-6.6693,-8.5825,2.2985,7.6548,6.3228,-3.7376,9.6696,-6.0527,-7.6243,-2.1991,7.8222,6.6129,2.1397,-5.9727,6.172,4.2833,9.5394,-7.9272,0.6793,-1.1127,9.7865,8.5831,-1.1892,-5.0642,2.4082,5.7908,-9.7782,-3.559,-0.801,-0.3326,-6.8761,-4.1518,2.4918
-8.2388,-8.8469,6.6664,9.6654,-1.3424,-1.3262,8.0374,-8.8817,5.6376,2.9161,-8.3401,3.0181,-1.4657,9.151,0.4783,8.7626,-3.3615,-3.0875,-9.4541,-3.918,-8.55,4.3036,-1.3511,-7.0942,2.942,2.1982,-7.3447,-8.3312,-8.0571,-1.9846,9.1035,1.6249,-3.1357,2.7133,7.566,0.0494,7.1079,6.6823,0.7095,-2.6745,-4.8117,-6.1387,-6.81,-6.2489,9.7099,2.6479,8.8868,5.2844,3.7186,3.6219,-1.3936,2.2061,-6.8724,-3.9989,-3.3578,6.0855,8.8321,-9.9461,8.8742,-8.1614,-3.2891,1.5016,4.6222,-1.6557,-8.0207,5.4492,0.829,-7.7166,-5.6081,3.4648,6.1005,-8.9885,-0.198,0.5663,-3.4953,6.2464,1.7895,-6.7988,7.8064,5.0174,6.5606,-6.599,-5.9454,0.7265,-4.4642,4.8702,1.3921,-6.9866,-6.4576,3.3017,-2.0112,-9.5225,2.4062,-6.7524,9.2897,5.7123,3.6601,9.9115,-3.3792,-4.279,-0.6476,-3.0949,4.8037,2.3404,0.9473,1.5849,-8.4876,-3.9564,-7.7263,9.2921,9.3486,9.9475,2.7107,-0.0882,-7.2914,2.4384,1.0048,-4.8859,8.7558,-4.08,-4.897,9.0214,-8.9426,-9.0114,6.0176,1.7618,-7.9906,7.6584,-5.8617,2.5975,7.7644,-0.9168,-0.2155,5.4582,-2.8079,3.3158,3.8533,-3.018,-0.4808,0.9637,-5.54,1.9401,0.1524,-1.174,6.3345,8.6055,6.839,5.4246,5.8637,-3.9143,0.8247,-4.4035,-6.2118,-8.5642,1.1249,7.2684,-9.5803,-8.0257,8.2783,-4.1816,-3.2206,6.3513,-2.5175,-0.4779,3.8024,6.6411,7.2208,-6.336,-2.4016,3.2692,1.1992,0.2607,7.4152,2.1345,-2.983,4.922,0.7008,3.6127,-3.2526,-2.2651,9.2722,-0.6424,-7.4488,1.1964,-5.9623,3.6124,-1.7093,-7.7265,-7.6748,-1.3078,-3.8193,-5.2854,-2.3859,0.3356,0.8452,-0.1861,3.2692,-4.126,-7.2457,-4.8394
-3.0568,-8.0982,3.0337,5.0686,7.7168,-6.7995,9.577,7.479,3.0467,9.0791,-9.6947,-9.6475,9.6696,4.715,-6.836,-6.3149,-3.5895,-1.1299,0.7341,7.5486,-2.9574,5.3699,-3.3827,6.2477,4.4813,6.3498,0.0392,3.8499,8.0537,2.7019,-4.4884,5.0511,-4.4526,-8.8663,0.264,-2.4658,-1.1996,-9.1873,-1.2992,-2.7331,7.9496,-3.6685,-3.8704,-0.4552,4.8609,-8.9378,0.9937,-2.4656,0.5349,3.5012,1.3471,5.7332,8.6322,5.2206,-4.6378,8.0291,8.2236,9.4724,6.4889,-9.4753,3.1013,9.904,-4.7482,-7.8326,-9.6308,5.8688,-0.8065,5.7551,-8.0242,0.2725,0.637,-8.0371,5.1707,-9.5746,-9.0413,4.9107,-7.6303,2.0156,9.6348,-7.589,-4.5249,1.5314,-2.344,-3.1836,-6.664,8.0277,-4.7613,-8.1448,-2.9892,-0.5088,-0.6734,1.2333,-3.4554,0.6513,-5.8188,-0.9508,-8.8818,-8.7407,1.6662,-9.1383,4.8975,1.4783,-2.874,-3.3915,1.4833,6.3411,6.2264,1.4997,-0.5563,-5.6288,-8.6506,-0.5399,6.1646,5.0902,-3.4921,-4.5004,-6.5701,-0.0649,3.3707,-5.5078,-1.647,-2.1613,-7.3458,-7.7799,-9.7791,9.5757,-1.0426,2.6357,-0.4995,-7.1066,-5.3716,7.2946,-1.4098,-8.306,6.2836,-4.3289,-5.7323,0.0732,0.2826,4.1188,-4.2485,-0.8684,-3.4366,8.267,-4.7722,-4.0299,9.2347,2.7661,0.0282,6.5071,-3.3673,7.4608,7.1106,-2.2606,1.115,-5.8363,8.6412,1.1754,-5.8329,-9.5347,8.475,3.0035,1.0321,-6.2552,5.1472,-7.6513,-5.7029,-5.9922,3.5187,7.2387,2.6166,5.6833,2.4569,-9.0681,-9.6973,-5.3718,7.1959,4.8987,-7.6025,-0.6718,-5.9002,-9.5639,-8.7029,3.3689,5.4357,7.2011,-8.7354,7.13,1.2235,9.5457,-1.3818,0.5522,-3.9068,7.3359,-0.8938,7.3521,-9.1815,-5.6615,7.7077,-9.2078
8.2191,9.2387,-6.7845,8.2662,3.1431,-8.4501,3.6628,-5.1127,7.6574,-4.6736,-1.3649,0.846,4.7362,-3.0594,-3.5857,0.4892,7.0878,-8.7411,5.715,7.5848,1.4639,-2.9513,5.4673,-0.5194,-6.9486,0.6398,-9.2063,-8.5611,-7.6072,-2.2319,-7.4924,8.6779,5.1227,6.4202,-3.275,-7.7279,-6.2562,6.6942,6.4112,-8.4896,-3.7261,-1.2539,-7.196,1.4524,7.0355,6.4367,-5.0145,4.3291,-9.1629,2.8519,-1.5121,1.1264,-9.8978,-6.3651,-7.2551,-5.6378,8.0401,-0.3373,3.0465,-0.7295,0.9987,5.5626,8.4228,5.5203,-0.1749,5.0797,4.1727,-2.8871,-4.9706,-0.823,-6.1993,-4.1339,8.2005,-9.9628,-1.7422,6.6774,5.6568,6.8998,-7.5615,6.4435,-3.9353,9.9068,0.0589,1.8096,1.1484,-8.2179,-6.3485,-9.8999,-7.6259,9.634,8.6018,6.0245,-9.1139,-8.2304,-4.2816,5.8896,5.2779,9.0591,0.4997,-8.6996,-8.4596,-6.2918,5.353,-2.3756,3.4784,8.9761,5.1529,2.6626,-0.9319,-5.4494,-7.8486,9.3258,-2.1743,0.9068,-3.4915,9.6673,6.1394,-3.8981,-4.4109,1.409,2.0726,3.8267,4.821,-4.2964,-6.9912,9.7129,7.2962,6.6382,-4.6518,-9.1105,8.5535,-4.1864,-1.0908,0.4491,6.6001,7.4818,-7.0086,-7.6764,-5.1817,-2.5146,3.1891,-3.8274,-2.205,-0.6873,6.3365,2.7309,3.6966,-4.4748,5.7988,3.1173,-7.1345,2.7061,-4.6536,3.6275,8.7974,4.5797,-3.3799,-1.2274,1.6154,9.8545,-7.9893,-7.5302,-2.1095,1.0756,-9.9213,-2.8756,8.1185,-4.1109,4.9263,1.1703,1.0825,0.6355,9.2026,-3.3358,4.7128,-4.9251,9.8105,4.5586,-1.2303,4.9544,-6.5504,-1.4834,9.5594,-6.0067,7.8549,-8.8773,-3.2839,0.9002,9.0104,-4.6683,-7.0202,1.4762,-2.3627,4.329,6.1795,6.6911,-6.8277,-1.7043,2.4098,-5.8523
4.2426,-7.3957,-4.4955,-3.7733,6.6451,-6.9541,-0.2094,-0.5392,5.4956,-1.0326,7.709,9.8612,5.8507,3.3663,-0.4994,-9.292,8.8961,-8.0681,-6.7455,-2.9546,8.9522,-4.5827,-5.7963,3.8754,-7.9305,6.4629,-5.4328,1.1051,0.3797,-2.8699,5.9331,7.7572,-6.3615,4.707,4.5986,-1.8918,3.3884,-8.5542,8.2675,-8.1135,5.3178,3.2706,1.3488,-0.3086,5.1041,-5.56,1.1296,-2.2922,5.4319,1.5858,8.8042,-7.4841,-0.8676,-2.6742,-8.8375,-2.8988,-0.3087,8.4132,9.1534,0.3399,-9.1758,6.8642,-7.9908,-9.7535,6.5348,-2.0297,-4.8797,-0.5267,-2.9276,2.8714,5.3445,-8.5246,1.777,0.0976,3.2497,8.4891,6.9228,0.2736,9.5786,-1.4485,9.3659,8.2728,8.8245,5.3055,-6.0157,4.0503,-9.2979,-9.8273,-3.4478,-4.8089,8.4489,5.738,-3.5179,2.3534,-0.3624,-3.2214,0.8866,-0.8636,0.0306,8.9355,-7.5752,-4.315,7.6057,0.5303,3.5994,7.5491,9.4952,-7.6979,-9.1725,-0.179,9.4753,-8.0277,-1.9034,-0.5799,7.2774,4.4949,-4.5289,8.2034,1.3119,9.7228,2.831,8.3017,-7.0815,-9.2036,4.4933,4.6905,0.2124,0.8998,1.2034,6.0846,8.3361,-7.6739,-4.8033,4.8008,3.3127,2.149,-8.9616,-8.0461,1.978,-1.3189,1.3865,3.7847,-3.0703,5.5302,7.4029,4.1916,0.9756,4.3683,-5.1225,0.214,-3.6225,-4.8855,8.4257,-2.3081,-7.6105,-1.3577,-3.2893,-6.79,5.3168,8.3854,2.8215,9.278,-9.5354,4.5586,4.5333,-6.7866,9.0713,6.6478,-4.2624,-7.0229,-1.1864,3.2218,-7.2887,-7.7405,-9.9994,7.4909,-2.3943,5.992,-7.0826,7.1167,-5.1236,-0.7918,6.9292,9.8362,-0.8233,-7.4799,1.4088,-8.4295,-4.4151,-7.6867,4.0805,5.085,5.3869,-3.141,9.8747,0.5267,-5.357,4.9957,6.3494,-1.6766
4.1537,0.2047,6.1837,3.3534,-0.1865,-0.0986,-8.1696,-7.0952,-1.2627,3.3508,1.2094,8.5881,3.5081,-1.9379,7.6704,-9.7231,9.8365,4.9055,-9.5667,0.0195,-2.0264,0.2135,7.3296,-5.5465,7.0311,4.8064,7.809,-1.9622,-0.4997,4.318,-8.8067,-0.1883,-4.9206,-1.3317,1.2525,1.9134,8.6393,3.8618,-4.6548,4.9425,-3.5886,6.2722,-0.9256,-1.5631,-3.0352,1.5617,6.3256,-4.3854,9.7538,0.0593,-6.1575,4.5034,-6.065,-6.7063,-3.5427,1.8051,9.8968,8.6469,3.5464,9.6741,4.0135,2.6481,-8.5267,6.2612,0.3456,5.9982,2.9683,7.8788,-4.0903,-9.427,-3.7806,8.0457,-3.7684,-8.6085,1.4033,7.9784,-7.3848,-7.1981,-1.1874,-0.3471,-0.4313,-5.8834,-5.177,-0.1851,-1.4619,0.0998,2.2601,-9.6638,5.37,5.5717,-4.3252,4.9393,-5.9353,4.5125,-7.0217,4.713,4.7945,7.9501,1.563,6.4317,-1.0632,1.386,6.7521,-8.4856,4.5857,5.9935,5.2404,-7.8699,2.4745,-4.7993,0.7154,5.7808,-7.9935,-5.8769,9.5876,7.7408,-0.7502,3.5252,9.185,3.1898,-5.1737,-0.5449,6.4329,-0.7608,-3.471,-8.4953,6.906,-6.7449,2.771,-6.364,3.2185,-4.6766,8.1322,9.259,7.0113,7.7314,-9.7218,-1.7394,-5.0665,4.0308,-4.3973,7.3602,3.5793,-2.1074,-7.7623,1.2246,1.8077,-2.1497,4.1554,-3.8402,-5.7169,0.4025,-8.9243,1.9858,6.8789,-7.9319,-6.3019,9.9613,3.2761,-8.454,-0.017,-1.0115,-7.3122,-9.9184,1.2651,1.0451,8.9879,-0.264,-2.121,0.1423,-1.4968,5.8706,-1.3415,1.9668,3.2133,9.9148,-4.8969,-8.6671,-1.2903,3.0469,-2.9225,-1.6485,0.8906,3.5662,-1.3667,-6.1082,5.3881,1.2533,3.8154,-2.9898,-9.0651,1.6945,2.6961,-0.7703,-4.4466,-7.7228,8.4503,2.9866,-8.0217,1.8476
-4.3024,1.8113,8.1949,5.0583,5.0969,-3.3998,-4.3149,6.192,8.9036,5.7055,0.8933,-3.6137,-9.0868,-0.8716,8.2903,-2.7259,-4.2522,-9.2137,8.6613,8.9854,-5.6101,3.2144,4.4549,-3.5776,5.7455,-9.3722,-4.0501,-5.6906,0.5989,0.7629,-9.4341,6.2042,-0.1244,0.1517,-4.263,-1.2348,1.6355,5.2289,-9.8772,8.0453,2.2302,0.2562,-1.3552,-8.2958,-1.5184,8.7793,9.4797,4.0894,-7.4435,2.6056,-0.8657,9.7802,-4.0807,5.7434,-4.9471,-6.4108,3.5743,-4.8286,7.248,6.7705,-3.7193,-4.6508,-8.0216,3.7913,3.4944,3.9079,2.9143,4.4718,3.9376,5.3632,-3.4257,-2.1973,7.9052,7.8303,4.8979,-3.715,-4.8344,0.1193,-8.4213,0.1957,2.5712,2.3458,-0.6125,8.3769,-2.5685,-3.5929,2.2504,0.3889,4.3317,-2.9929,8.2229,-7.8696,-9.9248,-5.9119,-6.434,-0.7566,-8.2779,2.399,8.3629,-4.5513,-1.0355,-5.0928,-6.7978,-5.8924,-2.9603,-6.6151,6.2693,-3.1336,3.621,-8.296,6.3625,-2.7151,-2.0847,-8.5813,4.8446,-5.4205,-0.2232,7.0303,1.2597,9.1384,-1.1988,9.4903,0.0404,0.3067,-4.4169,3.5296,5.3061,3.4723,3.8344,-6.4887,-3.5487,6.0957,-3.9192,8.8238,-6.6844,3.24,9.0862,-3.0149,9.7468,-4.3943,2.5089,1.3469,2.5299,3.3473,-9.4074,-8.8825,0.2288,9.4938,4.5054,7.5731,4.8408,-5.0373,8.3692,7.8998,-8.3074,-3.7929,-3.3637,0.252,3.9256,-9.9796,7.2689,5.6531,9.4294,8.486,1.2303,7.8376,0.7113,-4.6605,-9.1137,9.8174,1.0121,4.8161,-3.9844,-4.8333,-9.0073,3.3036,-8.4787,-1.952,-1.477,-5.0975,-3.0956,-6.2261,6.1176,-9.8446,-3.247,-0.3503,-4.4564,1.7152,-7.6796,-9.6552,3.733,-3.7209,8.7941,0.9488,-9.559,8.2151,8.4324,-1.25,8.7771,-6.3332
-9.7568,4.2535,6.6837,-5.8799,5.8805,-5.4013,2.7903,-0.2569,3.7107,-3.5771,7.4171,8.9051,-9.8107,7.947,6.6187,9.3782,4.3916,-2.6408,6.5522,9.2949,3.6343,-7.1812,0.5337,6.0984,-3.0707,8.6242,5.6432,-1.005,1.462,5.322,6.0821,8.7659,7.4978,-4.6911,-5.9958,5.9092,-0.5079,2.8794,-2.6426,5.6403,-8.2886,-0.7045,8.5586,2.4731,6.3424,1.7086,2.6245,9.0716,-8.6708,1.0221,3.5601,5.9286,6.973,-3.0826,6.7357,7.4637,1.9629,-4.3794,5.1147,8.493,-9.0828,-7.2228,-1.1935,-3.8445,0.3503,3.1727,5.8523,-0.8557,-9.3097,3.6979,4.2576,4.2091,-0.0479,9.9131,0.3809,-6.3869,3.4563,3.9654,-5.871,-7.0619,2.4708,-7.3726,9.6149,8.9103,6.4212,-4.4489,0.9022,9.7491,4.6785,-9.9254,-7.3719,3.9955,0.4576,3.7893,9.5846,0.9376,1.6827,-2.0613,5.9362,-5.2236,0.6057,6.8013,8.8997,5.1361,-0.0525,3.6536,7.5586,9.7968,-5.5678,6.127,3.7509,-0.0082,-4.9847,-1.5931,-8.7503,7.4697,-5.259,9.8737,-7.4923,2.0626,-3.5461,6.1022,3.2503,-8.664,-6.4613,-4.0521,4.4726,-9.9267,-8.8419,3.7119,9.7782,-9.0871,-4.539,7.2708,2.2921,5.9012,7.2069,-8.8123,8.9155,2.1615,3.68,9.2135,-3.3347,9.4752,-9.7699,-8.3588,-1.7057,3.6647,-1.7207,8.0926,9.5662,2.245,9.4761,-9.3397,-8.4157,-0.5415,-0.8663,-4.9119,5.5711,3.073,-5.5279,-5.6214,-3.8984,3.0443,1.6714,-8.8744,-8.9051,7.1129,5.0858,3.7768,2.1996,-6.4348,8.6076,9.5852,-5.2181,2.4747,6.957,-8.3832,-2.5091,-6.4928,6.0633,-4.0809,8.954,5.1775,0.3192,-3.842,3.3487,3.2943,-2.9,-7.3785,-7.5584,4.5823,-8.2369,-6.6019,-5.3201,0.0503,1.6823,-0.5724,-6.4075,4.1686
-8.0087,8.7112,-4.6079,-5.2953,-1.0603,3.6616,8.093,-1.0791,-9.6719,-5.4254,-3.8841,5.2883,7.2029,7.6603,-4.8876,5.1548,3.0956,5.4236,-3.2173,-0.9794,1.6461,-4.592,-5.2552,-8.7653,-6.2955,5.7752,-0.4049,3.7394,0.2449,0.0718,-3.7152,-5.4484,-0.4367,-3.4166,1.4414,7.3694,-0.1425,7.6261,-3.5701,6.2795,-6.2579,5.8851,2.8112,-7.9987,-0.992,7.6968,-5.7666,1.9067,-7.6494,6.5972,5.7497,-9.6749,-9.8227,-9.0352,-0.2834,9.3483,5.5878,2.023,4.5113,-9.1097,4.6791,3.7774,-8.0144,9.9142,-3.7026,8.2314,7.9707,-4.8639,-8.8241,-5.9245,-3.4111,-8.8955,8.5164,-8.6353,-1.0161,1.7025,6.9308,-1.8353,6.2845,6.9297,-4.5384,4.1244,6.1755,-0.0382,-0.9674,5.6941,-3.5233,-4.1301,0.6555,5.8782,-4.0528,7.3967,2.5516,-7.7448,1.925,-5.529,-0.0664,-8.9273,-2.0576,3.3752,-4.9459,5.0972,5.8991,-6.2269,3.9359,1.2038,-1.8537,8.6405,-3.5274,4.5636,-8.4325,7.1535,5.5206,6.6032,-7.6427,0.5489,6.2301,-6.3716,3.9311,-9.4278,7.4478,8.5026,-2.223,4.0416,3.1932,-1.1925,-6.892,-5.6823,-3.2623,-5.2853,-9.032,1.3491,-2.0878,-6.156,-8.5744,1.3196,3.1596,1.7122,3.7589,9.7598,5.7206,1.0439,6.6318,2.7637,4.2032,-9.2272,-3.2542,-1.8214,-8.4796,6.4285,7.7545,-7.2304,0.475,-7.3184,6.3164,8.4112,8.8961,-6.6645,8.2871,2.8752,3.1395,5.6871,-4.433,5.2133,7.5222,-3.2819,-0.7405,9.3238,-1.692,-7.2567,-3.7186,-5.4287,9.3538,-8.3914,-9.1245,3.0406,4.6838,6.4253,6.0003,9.1029,-0.0196,-1.558,-9.2277,3.2869,9.7697,-1.668,3.4552,-2.8084,2.6802,-3.7393,-1.2213,-2.9993,-4.9883,-9.4825,8.285,-6.3018,0.9881,9.9632,-8.7628,-1.6804
4.4278,-4.5759,5.1797,4.4546,6.499,4.9957,5.1126,-2.1593,-7.7673,1.0155,8.5601,6.119,3.1216,3.5743,9.3524,6.6516,-9.199,0.9357,1.2062,7.1883,6.4894,-1.2477,1.3395,-1.5656,4.3901,-5.3181,7.0336,-3.6862,-8.6326,-2.8564,-1.8207,5.8664,5.9058,-6.8449,3.58,1.6658,-4.4259,-4.2194,2.1581,5.445,5.8168,-8.5545,-9.9226,4.0166,-9.1028,-8.3705,5.8925,-1.4094,-7.647,-2.3204,8.4689,9.3315,5.0359,-1.3325,6.3414,1.4475,-9.1396,-0.2204,-4.1083,-6.5719,5.7561,0.3071,9.347,-5.7965,7.8067,-7.5541,-9.3745,-9.0449,3.798,5.2367,-1.8668,-6.7454,9.2365,-6.4555,6.7157,7.7756,-5.428,4.9339,-1.0444,2.1429,0.8564,5.2493,-0.8692,3.729,-0.6216,-2.4209,-4.4463,5.6307,-3.4153,-2.9687,-8.7365,0.351,-7.9312,-8.1395,-2.3938,9.325,2.9445,2.7662,8.3859,-6.4068,-5.827,4.8655,-2.3035,-7.9566,9.8156,-9.1762,6.5919,2.1265,-1.235,8.8023,-1.6974,-0.1488,2.1694,-8.3656,-9.3175,3.5589,-3.9097,-6.7101,9.3055,-4.925,5.4544,-4.2472,-0.1175,1.8956,9.6522,-1.6825,0.3715,1.5708,-7.3886,-7.5575,7.6622,6.4916,-0.4666,-1.7124,3.4787,-9.4488,-7.5673,7.8718,2.2136,-5.7598,5.7114,-6.7305,9.3251,-1.3803,3.0172,-5.9733,0.01,8.4558,-2.3523,2.0021,-1.4481,5.7434,-6.4307,-6.0466,7.0566,-6.0484,2.8512,6.7941,-6.3943,-2.2581,8.2486,-9.1336,2.889,-1.3949,4.9249,-2.1035,-9.3254,6.3538,0.7211,-4.0493,0.031,1.0541,9.7001,-8.6161,3.0614,-2.2521,7.4343,-6.7042,2.837,1.1416,8.0953,-6.9891,4.8579,5.7302,-6.4663,-0.0708,0.4699,2.6219,-9.777,9.7686,-1.5445,-3.5654,8.848,-2.3746,-9.2699,3.6247,-2.847,-7.555,2.2778,3.3743
-4.4501,3.5916,-5.9638,-3.1157,5.0842,-4.2559,0.0146,5.5022,7.4747,1.2125,-2.4451,-6.8608,1.95,-7.8049,8.0381,7.6103,0.0153,0.9887,7.7555,6.6842,4.1207,3.8102,-9.0606,-0.38,-8.1984,-9.6266,-1.4216,-1.6206,6.2775,1.6466,-5.4708,-1.9936,5.8891,7.3238,-3.8688,-9.0202,2.4338,1.4832,-8.6807,2.4347,-2.8269,-0.7754,4.1635,-7.0945,2.5787,5.519,2.4666,-5.5973,2.1065,3.5199,1.6307,-9.8449,4.8169,-9.6401,-5.4948,-1.1258,5.1393,5.5483,5.1173,-1.9867,-4.5165,-3.314,-1.7601,3.094,5.554,-1.6922,-0.3166,1.0796,-3.9217,-6.3858,2.384,9.1822,1.0574,6.1869,-7.7703,-7.6915,-8.228,1.2779,-7.5417,-7.1791,7.4188,1.2144,1.8827,5.6602,6.26,-2.1844,-2.8886,-1.6919,-1.2654,0.4386,2.3078,-7.9826,2.1337,-8.0958,-5.9569,1.3947,-2.9073,-2.5471,9.9254,-7.0491,-6.4513,4.4174,-5.4828,2.3564,-9.0608,1.4419,-7.2243,-0.4531,-7.7593,0.7231,-7.3726,8.0951,-0.4518,-0.8474,6.7676,2.0303,-2.8696,2.3157,-9.1371,-4.3771,-2.0584,3.0136,4.9847,6.9139,-6.0357,-6.0059,9.4224,9.2373,6.6215,5.9168,-0.7639,-8.3335,-4.4882,-3.8318,9.4566,-8.5748,7.5213,-3.6741,-7.0704,-5.915,-0.5928,-0.8464,5.0301,-4.5042,1.989,1.5217,-4.5314,-3.3835,-4.8305,9.8711,4.7992,-7.3772,-3.4627,-7.5134,9.3213,-1.8838,8.2662,5.7207,8.8577,-3.285,0.8437,-0.3159,-6.3647,8.8192,-5.3004,3.3311,-6.4437,-1.8015,-8.593,-4.9591,8.3674,5.0506,-1.6142,5.4299,9.3924,1.6468,-6.7604,1.1045,8.441,-2.4418,-6.3808,7.2865,6.6765,1.2281,8.0663,2.6958,-5.7636,-6.3915,-2.9934,-7.6655,2.4522,0.8435,5.2063,-4.972,1.204,-3.6502,3.4756,-4.3928,3.2502,-4.7634
0.3801,-3.6652,-9.7964,5.5309,1.3187,-9.2518,9.9925,3.8684,7.2953,4.8088,5.7791,1.0765,2.0335,-9.7889,-3.1872,7.2419,-4.2893,1.4482,-6.2454,2.5376,0.3905,2.8832,1.8016,-0.8297,4.8985,2.9324,-6.0651,-7.4564,9.8459,-7.9572,-5.2457,6.7557,-0.3769,3.2289,-2.7079,8.4697,-1.3299,3.2507,4.029,9.853,-5.5629,1.9552,5.4454,-9.9192,-3.3512,4.9133,-5.4898,7.8582,6.15,-6.6905,8.5711,-9.3141,-6.6904,9.9554,9.8787,8.4545,2.5295,-7.0321,-0.0931,-8.5764,-5.8934,-5.0993,0.6075,9.5175,0.3906,-9.3608,3.3152,1.7773,4.4585,-4.4885,2.9194,5.4397,7.2889,-8.0043,-1.7797,0.2779,2.942,-1.9803,-2.8168,5.9095,9.7156,8.6941,-2.6504,-3.7898,9.3354,4.38,5.9315,1.9839,-0.995,-2.0442,-2.6006,8.5842,-0.0745,-2.635,2.6534,-8.966,-4.4102,0.7004,7.8072,-2.1712,-5.4949,-0.9849,3.98,-7.0997,8.7986,-0.4824,-7.0534,3.0696,-4.8839,-5.9785,-3.8588,-8.1689,-1.0354,-1.8968,6.0441,-9.8991,-4.1786,7.7497,3.8371,1.0769,0.0153,-0.1772,8.4582,3.8452,6.5801,-0.773,-0.0287,-9.8362,9.0393,9.8464,2.9404,-2.5242,0.3004,-1.1811,9.8442,4.7187,-6.5389,-1.6176,-1.4486,9.8323,1.0045,2.1906,-5.7326,2.4598,-8.4573,-9.5393,7.773,-7.571,-9.1292,2.4511,-3.4799,5.7394,-0.2344,2.5452,8.7187,1.0008,2.084,5.9445,-6.2317,-8.6328,-0.7307,5.3469,6.0683,9.5087,6.1514,8.78,-1.5628,6.8923,-0.3068,8.0415,-2.8758,-5.313,4.5247,0.1158,-9.026,0.3589,8.0385,5.2661,-8.0662,7.9833,-3.9543,-1.589,7.7025,-9.3637,8.5402,1.8597,-2.7185,9.6301,8.1252,8.2134,-7.6668,8.3285,8.4174,-0.1577,-7.1146,5.8887,-1.1855,1.7621,0.9783,5.4518
3.4296,-8.3037,0.7735,-4.0395,6.1242,-9.6656,9.3426,-2.2526,3.0531,9.0084,6.7085,8.8227,0.8072,1.5702,5.8325,0.0608,5.9995,-7.1414,-4.6906,9.2279,6.2411,7.3511,6.3332,-2.2887,-5.0577,-9.2353,-2.0223,-8.5014,-5.5107,-9.5552,-7.3216,-5.9133,3.8344,-6.6277,0.2308,8.427,-5.3138,1.9206,5.6557,-6.1504,9.4007,-1.3889,5.8512,9.3172,7.3792,3.1938,-6.9878,4.6289,-9.8116,4.5975,-9.1081,-7.6173,6.9654,-4.4161,-1.0573,7.989,-4.5157,6.3267,-5.4116,9.3249,5.8574,-7.3227,-6.2443,-1.2921,2.0512,0.4675,2.4182,8.3838,-4.4579,7.2813,-4.7804,1.7142,6.9553,0.1167,-3.9908,-0.1648,5.852,-0.1392,-6.8605,-5.5603,-9.4889,2.298,-5.865,-6.7272,8.5438,2.2663,3.6704,-4.58,-9.0909,8.1484,1.4437,9.2483,1.3235,-0.6588,0.0237,1.6416,1.6786,-6.9923,-0.0098,-9.5789,-0.6115,-9.4265,6.8925,1.7286,-9.0144,2.2619,-1.7438,-3.6786,-5.9361,-9.8053,3.734,-0.6972,9.7167,-2.0985,-6.8745,5.7977,6.5633,-4.9569,0.8386,4.7432,-8.9985,6.1281,-0.2288,-1.5864,-4.5027,-3.6805,-3.4627,1.7498,-4.858,0.087,-9.3402,0.5282,5.4779,-8.5864,-8.5414,-2.256,-2.2377,-2.1701,-9.6811,-1.2485,-2.2745,-6.7259,-4.4316,3.9791,1.689,7.1599,-6.3391,-9.7448,-7.7006,1.9896,-5.5615,-1.7472,-8.4575,-3.4338,7.7625,-6.575,-2.159,-8.9074,-8.1597,-2.6952,8.2824,6.9009,0.5444,-5.2942,3.9359,6.0117,-0.5665,3.9202,1.4501,-0.0801,-2.0716,9.722,-8.3507,-8.655,5.3107,1.7206,-3.3695,4.3801,-8.1444,-6.2292,4.082,6.3822,8.7396,1.6082,-4.9378,-4.6868,5.7097,-0.4608,5.186,1.1509,-9.9965,-6.6737,0.0529,5.0882,5.8022,1.8952,-7.4575,3.1211,-7.4832,-2.0398
6.1207,7.9611,1.0289,-7.2165,9.4189,3.0285,-8.8544,-8.9081,-1.7129,-8.9419,-3.0589,-4.9496,-6.6071,7.7041,-3.3606,0.8239,4.433,-3.0875,1.5987,-6.5019,-2.7152,2.5973,-7.7015,9.2778,-8.1444,9.6967,-7.5252,4.8646,6.3093,0.8655,-5.4029,1.1351,8.3285,7.8453,-8.6388,6.0161,0.6966,-4.3661,-5.9067,6.9869,-5.3589,-2.7721,2.1285,6.4418,-7.2495,1.9723,-2.6345,-3.0916,-1.6182,7.8503,6.9123,-3.8788,1.067,5.0205,-0.7471,8.9916,-9.5853,8.032,-8.498,-3.2324,-4.9864,-7.0121,1.3292,6.9073,5.4625,9.3598,-7.2215,0.6495,4.8481,3.3557,5.877,-9.4277,8.0631,-4.6509,0.2768,9.6298,6.4681,-6.051,6.6225,-9.9815,5.2108,4.7056,-0.8869,9.7956,6.271,6.8319,6.6229,-7.0929,-2.4792,-7.7748,-1.9018,4.2177,7.5965,-5.5426,5.7475,2.3879,5.7982,-1.2728,-2.1088,-6.9685,1.6069,3.5928,2.3336,-4.308,-5.99,4.2073,-6.3209,-6.9649,-1.8582,-2.977,0.3776,2.0705,1.1779,7.891,4.018,6.3967,7.9492,1.0171,0.1922,-7.5821,1.1851,-3.7804,2.94,7.4182,-2.4004,7.5115,-6.9834,-5.2019,0.5466,1.7122,-6.973,-7.3624,5.0674,-2.3134,2.6653,-1.775,8.0359,6.6928,9.3732,-6.1487,-8.3285,-7.2289,6.8791,-0.8725,-0.5965,-2.7026,4.6835,-4.3449,2.9797,-5.2526,5.5654,3.5051,6.0917,-5.1588,0.4748,-5.7431,0.5692,3.1983,6.8509,-0.4744,2.2077,-9.8765,-9.2001,9.1897,5.6426,3.5877,-9.2966,-9.8776,-2.8855,-6.936,8.0556,5.6254,-0.4103,0.0409,1.8647,4.5725,-5.9943,4.06,-5.2865,3.9673,3.4827,-7.7768,7.0399,-0.3056,-7.0503,7.4799,3.4966,-8.5289,-9.2651,-2.3449,-2.1725,-7.2523,1.3724,4.5321,-7.3322,-5.0126,-9.4153,-2.714,0.7139,-7.8471
1.256,6.0778,5.4934,5.0977,-4.1047,9.9911,5.3346,2.2551,-0.8019,0.6813,4.0346,-3.6725,1.8337,-4.5944,0.4689,-9.0232,4.6395,-0.5388,-8.3627,-4.5708,8.5363,5.3107,4.9845,-0.6554,-1.7542,3.3084,-8.3302,-9.4044,2.2413,9.3584,6.7339,7.9494,3.0977,-6.7322,5.2519,6.7871,-4.0098,7.5367,-5.3874,6.8178,2.6986,-4.8631,4.372,7.7317,7.4841,-0.8772,9.0056,4.5538,7.2182,4.1295,-5.7211,7.7332,2.2125,-1.2853,-5.5498,-0.7146,-1.3142,-6.1556,-5.2513,1.6138,2.8084,7.1905,-4.6947,5.9167,-8.9714,7.1604,-7.1106,-9.8521,3.3785,6.1336,4.1554,6.1805,-0.8819,4.4492,4.8947,1.2759,4.0775,5.7935,-1.5787,-0.3817,-7.9922,0.1946,-0.1767,-0.9256,9.2965,3.0511,-4.9362,9.0466,-6.0673,3.359,-9.4145,6.7444,4.3776,8.5288,1.85,-6.9713,-5.3645,-8.5822,-9.3635,-4.6544,8.0419,-4.0467,-3.5893,-3.844,-1.3767,-1.0914,-6.4808,-1.1347,4.236,-5.6865,4.9961,4.581,6.8344,7.6581,8.5514,-4.5106,-2.6258,3.4802,7.1775,-5.0776,9.1725,-8.7391,-7.217,-8.0339,8.6725,3.9046,-5.6076,-8.0451,6.1057,-6.8129,-5.2396,0.114,2.5888,-0.8922,-7.8214,-1.2401,-1.5922,8.8238,7.0469,0.8288,3.3549,-6.5263,-4.0229,-8.6463,1.7414,-5.7944,-8.209,9.2764,-2.6096,5.0705,-9.8852,-1.0208,2.5727,-7.9978,8.2134,2.2225,-9.7589,0.2902,0.8563,6.6267,2.4722,3.4466,3.2772,6.2425,-7.7078,-4.3735,-9.3839,-3.7782,0.3067,0.3844,6.2818,4.9369,-8.1092,9.7335,-9.3427,1.3089,6.7744,-5.1563,1.7481,7.8621,-7.8258,7.5831,-2.6666,9.4356,6.1418,7.3944,-0.925,8.194,7.6326,9.08,-8.5744,-0.5566,-6.6483,6.4973,-7.7769,-8.4251,-5.187,2.8989,-1.0029,7.2545
-0.3826,-7.0948,-2.1428,-0.865,9.3294,-7.4961,-4.7534,8.477,7.8641,-2.8567,-9.0855,2.1564,0.7361,-4.7771,2.187,-5.9312,2.1675,-5.1046,-9.9194,-1.2414,6.4458,3.0208,-3.6881,3.8114,-4.8664,-0.3918,-4.3412,-2.4324,-7.9911,1.1799,0.6094,-7.9133,8.3581,-6.5572,-6.8052,-7.9059,-3.9955,7.5025,-4.0088,6.6584,5.8399,5.7998,3.6078,8.014,4.6805,6.9471,-1.6087,-2.7249,9.2699,4.4683,-3.0267,-6.447,-9.1399,8.3542,-7.223,4.4111,-2.7541,0.6127,-1.3245,-1.0366,7.1832,3.4197,-4.8954,-4.7182,5.5221,0.8462,0.2113,-8.3306,1.1556,-3.2504,-3.6591,-3.7614,0.5404,2.9332,-4.887,-5.3378,-7.3372,7.6585,-3.6341,-7.2055,2.84,-2.947,4.438,-2.0852,2.8445,-2.4397,-8.1855,-6.5684,-2.4532,-4.0215,0.2446,-0.6003,6.5956,-6.7238,6.7768,7.4979,1.6069,5.2782,8.4121,6.3563,-0.487,-4.3978,-2.1493,5.5056,-3.2422,3.0723,5.7835,-5.9188,4.0551,4.5706,-5.5159,4.9753,-9.7188,-6.2361,-4.9558,2.1805,0.3986,-5.0449,3.6442,8.9489,1.2081,-4.046,-3.3411,-0.4379,-5.6954,-7.6926,-0.2937,4.1959,3.1333,6.1882,-1.9393,-1.1288,7.3277,-9.8893,-8.072,6.1877,0.8448,-3.0229,-0.384,-9.7674,0.1014,4.413,0.5871,-6.195,3.5495,7.9551,-6.8504,-5.5229,-5.2848,-7.9536,5.5795,7.7292,-9.4773,3.3641,7.2606,4.9596,0.5744,-5.8568,-5.031,5.9482,-4.2289,-9.4987,1.9707,8.0408,-9.7298,0.8013,9.6068,-0.5998,-1.2187,1.3843,3.923,-0.9077,7.4678,-3.2253,8.3857,8.4546,1.4341,-4.9559,-7.3955,-3.8203,-0.2366,-8.521,3.4265,-2.4002,-4.6476,-5.2877,9.8346,-6.5865,5.2847,-3.2844,-7.399,7.9363,3.2383,-8.8201,-0.7594,1.4996,-8.96,9.9351,-8.4072,-8.7915
-2.2963,-5.8671,-0.8258,-5.6902,6.6969,8.3084,-5.5909,3.7361,3.7602,0.7092,-3.1288,0.7849,-2.708,-0.8769,-9.3222,-0.7836,-9.6041,3.48,1.734,8.8061,1.7738,8.5982,3.0721,8.2383,3.557,-2.0821,-2.7028,-3.2308,3.4244,-2.4593,-1.0073,4.7354,-7.9578,-0.0414,-3.0221,1.5464,1.2967,-9.2271,-9.6125,8.7903,-3.1876,-9.3253,-8.8035,4.4847,1.1499,8.2863,-4.8658,-5.0126,5.1114,7.731,-2.6674,-8.574,-3.3248,-7.2162,-4.1366,9.935,5.9229,2.2764,8.2592,-4.4826,-7.0787,8.1102,-3.2365,-2.9415,6.8992,5.0166,0.3161,-0.3729,7.2818,-7.5968,2.8753,3.6627,6.6828,-1.5154,8.6451,-8.4148,9.6454,-4.7826,-5.57,-8.1262,6.9354,1.5412,6.2384,-8.5868,-4.1662,-8.9891,-7.6218,4.8317,0.0748,-8.0733,-9.1638,-0.9724,7.8099,8.5775,-9.6435,9.4708,-2.5374,-3.3895,-8.8705,-7.8958,-3.0107,-0.3392,3.9199,7.8265,-4.1915,9.9262,-0.2287,-3.8174,7.7209,-6.4394,-2.2001,-3.9874,4.135,4.2452,-3.3671,-9.9673,-0.276,2.5181,4.7935,7.9562,-1.7217,1.1618,8.094,1.8909,-7.0973,0.9728,-3.8464,0.1187,-8.634,-1.0487,0.0925,6.351,3.2924,-8.6219,-4.1413,-2.5119,6.0091,8.3232,-7.2218,-4.2802,-9.4746,1.0239,-9.4056,6.0943,-5.8863,7.6027,4.5257,-6.1126,2.8824,-3.256,-5.174,-4.8374,-9.449,-4.1925,-7.1441,-5.3997,-4.3664,0.7559,-5.142,-5.0024,9.7998,-7.0459,1.2636,8.2207,0.6813,9.0009,-8.8633,7.2157,-0.327,-0.1452,2.1146,-4.5528,7.8248,5.7026,-8.7541,6.8063,6.0822,6.273,7.2421,-1.6252,-8.3386,-2.8053,1.0537,-9.3792,7.3979,-9.8708,5.738,-0.6917,-5.9648,-1.182,-0.2834,-0.317,-0.8929,8.9165,-2.2919,8.6064,-7.9895,5.9084,7.2539,3.3851
5.5685,-2.0665,-3.5028,0.9256,-0.2322,-1.9482,3.3274,2.7816,5.5245,6.4887,2.988,-1.9517,8.7726,0.6247,2.4036,-3.503,-3.6964,-1.3084,2.8754,6.9152,-9.1852,-5.9287,-1.6846,3.3701,4.6053,-3.973,7.5828,-0.7212,6.5847,-0.6636,0.2066,-1.5894,-0.514,-7.043,1.1882,-1.6909,-6.9437,-3.1183,1.4526,7.3063,4.8699,-4.3791,1.6171,9.852,-1.0314,-7.7083,0.1282,-7.8218,-0.4913,-6.1627,-2.939,-8.5197,2.74,-2.722,-3.6647,-0.2834,0.9647,7.8338,3.6206,-2.0463,-8.1646,-4.657,6.3399,7.9347,8.5569,-8.6084,-7.1865,4.531,-8.0815,-0.4279,-2.5229,-2.7687,-6.2781,2.7634,8.4679,-1.8315,9.2503,3.7213,-3.5911,5.0253,2.8329,-8.0091,-3.5268,-4.1406,-5.3537,-0.1148,-1.7926,5.4986,3.4178,2.122,6.5266,-4.5933,-5.9224,-8.7297,5.166,4.1258,2.6115,-7.7909,5.197,9.6386,2.9484,-2.7705,-9.7078,4.6842,-1.1806,6.1781,-9.931,-6.3698,-8.0188,1.6058,-7.4154,-7.1445,-0.5136,-2.4967,0.9655,0.6055,6.8859,-1.5895,6.6515,-0.2947,3.4738,-5.4882,-5.4395,-9.3473,3.5277,-2.0138,-5.0251,-4.3328,6.5987,7.1204,4.6733,-6.7971,-0.8998,0.2897,-9.385,4.3696,-0.1128,9.2284,-6.7153,7.1061,6.2843,-0.5484,9.9667,-6.1035,-5.154,8.8514,8.3161,-9.9684,-0.1277,6.4483,-4.0918,1.9426,-5.2789,-3.4654,-4.2965,1.4197,-7.9381,6.9038,1.3254,1.9502,-1.2583,-7.6843,0.7985,0.5382,-4.5821,8.2392,-8.3494,-5.5954,4.9287,8.2022,7.7954,5.525,-8.4628,5.2374,-1.9547,2.5218,1.533,-3.348,-2.0181,8.0757,8.0155,-1.6003,-1.1935,-8.266,-4.2445,-2.1432,-0.7088,-5.705,-6.5978,-0.0081,9.6148,-1.6242,-0.1015,-3.5213,-3.9626,-4.5706,8.2758,0.3632,-3.5574,-9.7362
-2.218,9.6708,-4.0016,3.2627,-9.6406,4.4195,-4.0275,-0.2461,0.5113,6.2863,-0.9637,-5.5565,9.0342,-9.9584,-7.9272,7.6866,2.5801,2.3327,-4.8771,4.1279,-7.4731,-7.9198,-9.5519,-7.5184,-5.9924,0.6613,-7.1983,4.3279,-3.978,1.4975,-1.2794,9.7868,-5.6708,5.9172,6.0107,-5.0805,9.5597,1.7293,5.5199,6.3086,7.0675,7.4975,3.4511,-5.126,2.902,8.2394,-1.4736,-6.0361,9.5008,7.0711,1.501,-8.9976,5.0967,-3.2347,7.1281,7.7795,-8.1142,5.171,-9.9979,8.0411,-0.0223,-1.6277,-5.9109,0.3352,-3.2685,2.6291,5.577,3.6388,7.238,-4.9194,-3.6399,-8.1793,0.7103,5.8982,8.3116,0.6366,-0.9016,-4.0494,4.898,9.1856,0.9595,-0.1055,-5.7711,7.8498,4.8325,6.3836,1.452,-5.2894,-5.1628,-1.4141,-8.2712,6.2923,-7.3393,-0.6099,5.7293,-2.7486,9.1444,7.8872,7.6425,-6.3232,8.6938,5.8672,7.9311,6.7194,5.4307,-6.9,-9.8851,-5.6202,9.2801,-9.0538,9.2287,-4.9254,-9.0438,2.2689,7.0761,8.0502,-3.6604,2.677,-2.2389,-9.8857,-8.2216,-7.0099,6.7417,-7.5749,-1.4461,-4.5937,-6.7364,-6.0566,4.8874,-3.5587,7.3938,-5.5036,1.2309,5.4561,-9.1817,-0.8111,8.4928,1.256,-0.783,1.3788,5.3558,8.5691,8.0431,9.128,-6.4814,0.0488,-6.2357,-5.776,-0.5983,2.0856,0.0341,-5.7858,-2.219,0.3514,8.7467,-2.7741,9.6901,0.7289,-9.8847,9.5892,-8.4245,-8.1734,7.6619,7.0827,-6.9404,0.5948,0.2501,-0.2682,3.1175,-9.1057,-6.8698,5.9463,-7.019,7.7749,-9.5671,-3.611,-6.8519,-0.6083,2.7551,-5.8084,-5.1366,9.5551,-7.2456,-5.2497,0.8266,6.615,1.2386,9.3219,-8.4953,1.1813,0.9079,-6.6289,9.7022,1.2775,7.5973,-0.6327,-1.1491,6.4394,7.0745,-4.8537
3.4044,-7.145,1.3807,-1.0922,8.1419,6.3154,3.3239,6.7295,8.9845,-6.2726,4.2306,4.5665,5.4611,8.879,6.3639,6.1462,5.0633,-1.6783,-6.4656,9.5886,4.5041,-4.4426,-5.6048,1.0464,-6.0618,5.5831,-4.329,7.6261,4.0263,4.3903,0.4844,0.9608,-4.3652,4.5745,6.1082,6.9687,4.2524,3.9842,-1.362,3.3529,4.9204,-8.15,-4.7795,-0.0823,-2.8026,-3.8995,1.6991,9.585,-2.3931,7.1507,9.2617,-5.1282,-2.2157,6.8085,4.2045,6.8374,-7.1087,-4.4043,-0.5781,4.7342,-6.4688,6.6111,-0.5514,6.9563,8.308,6.3725,6.0943,2.3493,-6.4162,-8.1941,-5.8957,-6.4037,-6.633,-4.1018,-1.6877,8.3877,-8.0696,-4.558,-5.9358,-5.2947,-6.0358,-6.9134,9.5522,3.021,2.0346,3.8124,6.8178,1.058,-8.672,-5.6441,-3.6859,9.6173,8.2483,-1.964,-2.9462,3.712,3.7215,3.189,0.199,-8.582,-9.2147,2.7533,8.2277,-3.269,7.0984,-3.5352,9.9091,-9.8571,-5.2917,1.4524,6.1653,9.6372,2.5149,-6.7968,-1.6544,6.9909,-9.0535,6.0004,-9.9131,7.8502,2.7028,6.5922,-0.4647,1.7272,5.3601,0.2115,2.3677,3.1715,-0.0875,-9.2349,9.1902,2.4699,-7.7417,2.077,5.0758,4.0918,-7.707,6.8489,-5.9273,4.9526,-6.6617,1.5889,3.9291,-6.9549,6.568,8.2664,-3.4501,2.4952,-9.6841,7.5167,0.1154,-0.5763,-7.4165,0.8844,0.003,7.9313,-6.6055,-9.0757,-6.6754,9.803,3.7082,6.0819,2.8663,-3.7905,0.6023,-0.9939,-7.0535,2.35,5.0771,2.4435,5.1201,0.173,-5.6973,-7.8626,-2.1533,6.245,4.7101,-3.0314,-8.8459,9.4405,-5.0662,-9.8666,3.1874,-7.7718,-1.6812,8.2093,-3.5064,-5.6077,-7.0807,-8.3781,8.8676,-6.7478,-8.258,2.5197,9.2601,7.5538,-2.4639,4.0541,-3.6901,5.8909
4.0135,9.5956,0.9314,-7.5351,-8.4842,7.1049,4.8068,-8.2514,5.979,1.958,1.154,6.4939,2.0621,-0.4258,-9.5037,-2.2742,-0.0971,6.8522,-2.0628,-5.1981,1.3742,4.3046,7.9051,-6.5703,4.1113,-6.0088,8.6995,0.632,1.9949,-6.8679,-9.668,1.6157,-6.1488,1.7705,2.404,7.8158,-6.1666,-7.5138,1.1879,-1.0238,8.9708,-5.0672,0.9743,-2.4057,-1.2871,-4.4808,5.7376,6.3147,2.9753,9.723,0.4585,-8.7462,-7.7251,-3.4463,-9.1497,7.6961,0.8508,-9.5418,-9.3433,9.5253,-4.6992,-2.6828,9.9843,4.4196,-1.0795,9.9603,-5.6624,6.4904,-5.6754,9.8116,9.9709,0.888,-2.4214,-9.4273,-8.5388,8.4039,-4.1819,-6.6002,8.3153,9.5417,-7.418,-9.004,8.3233,3.9635,4.6276,-4.4567,9.3575,7.2728,-1.4147,5.5766,-0.1588,-1.9451,-3.0089,-9.7193,-4.7823,7.7247,-0.1996,-2.1755,-9.5343,-5.2638,-0.0261,-0.3607,1.7038,-9.9055,5.195,6.6945,-5.1664,5.3614,2.8909,5.7858,-1.6125,-3.8624,4.5388,4.9103,4.0234,-1.1383,-1.9252,-4.7698,0.4389,-9.1512,1.027,9.9678,9.8438,8.2095,8.5424,-9.9286,5.5018,-7.2558,-6.8861,0.5897,2.1641,-5.2726,3.3534,7.9249,-0.2438,-2.2174,8.3584,1.8759,-5.03,-0.897,-6.7851,6.0342,-2.954,-6.3293,3.1112,2.5876,-0.8507,-4.2148,6.6015,9.5461,2.1753,1.6677,-0.9058,2.2683,-3.8772,6.4118,-6.3467,-2.0382,-2.3965,4.0807,6.2157,-6.5008,-1.4201,0.5042,7.3376,-1.3034,3.4091,6.3275,9.8663,8.1514,-6.307,-2.4726,-2.8611,-2.9478,-9.8269,8.9914,0.2131,6.1065,-6.6027,-9.6524,2.5291,7.8045,5.4415,0.6591,2.296,-1.6309,-3.2601,-1.2396,3.2031,5.8736,1.841,6.0699,-5.4531,2.467,9.6552,-1.634,3.3125,-6.1507,-7.9075,-5.1277
-8.0374,-5.9045,-6.3601,-8.1789,-3.7558,-1.0783,1.1192,-8.7288,-6.7721,8.2687,0.2029,-6.2137,2.923,3.3938,-2.5014,-8.7211,-0.5994,2.5057,-9.9275,-8.0619,-5.6977,-7.675,-0.6327,5.5394,2.1305,-4.8321,-2.1744,1.4237,-1.4178,6.5726,-3.6558,5.4755,8.4708,8.7569,-6.82,-4.3071,-3.977,-8.8325,6.2902,-1.6081,0.4457,7.9212,-2.2834,6.9135,7.7968,-3.9725,-0.4196,-6.1309,0.1837,-0.5653,-1.7758,-4.7949,-7.6193,-1.6266,7.0827,-4.7041,1.7754,4.0211,-5.7952,-9.3149,-5.3904,-4.0887,2.1883,-0.6863,-7.0433,8.2811,0.6848,6.8817,-2.133,-5.9879,-1.8145,7.0986,6.3103,4.5284,9.9885,7.2121,-1.0589,-9.4076,0.1321,-6.601,2.0066,8.0263,2.6633,0.0847,5.5998,3.036,9.0672,1.035,-1.1952,-7.4597,-2.7249,-9.4832,-2.4775,-0.1249,-0.1771,9.5637,-9.5231,0.3735,0.7189,-0.8838,-8.3971,-0.3353,-8.1145,-5.832,4.3503,5.0884,2.4067,-1.6553,4.1465,-1.3047,5.509,4.3447,2.2745,0.3571,8.2163,-2.1179,-2.5615,7.4012,7.863,-2.2113,9.0185,6.5595,-7.8499,-5.1707,-5.0748,3.0158,-4.0869,-0.3499,-3.8225,7.3137,-4.7506,-6.8849,-4.0118,2.0902,-4.9662,5.284,3.0331,-3.3637,-6.1385,0.4291,7.3126,-0.888,-2.6922,9.2078,-0.6697,-9.6941,5.4743,-8.8737,-9.5538,0.6128,7.0854,-0.6249,5.4647,-3.6821,-4.1847,-8.7775,-7.43,-9.6589,-2.5917,0.8447,4.2677,0.8047,4.3584,0.0528,0.2328,0.9585,-2.6133,0.4115,-0.6643,-7.4992,-5.5409,9.3315,3.1276,-8.0445,0.3371,-2.8735,-4.0328,5.244,-6.5563,2.0499,-6.4087,1.2669,-4.6426,-8.4419,7.9507,5.2267,5.1183,3.6348,7.1784,-2.0287,-8.4608,6.4543,8.3509,6.1336,-3.5334,-4.2097,-5.0123,8.0873,4.5497,6.1826
-5.4315,7.3257,9.0503,-6.9004,-1.5556,-9.4038,5.8932,2.5846,5.7449,0.1848,2.0981,-4.083,-4.4615,-8.2984,6.4663,-3.5482,-0.8544,0.9655,-8.544,7.8525,8.0605,-0.4737,2.3908,8.8935,0.4536,-2.0174,2.9348,-4.8217,-4.4742,-0.6288,4.1813,5.8642,3.926,-3.3509,8.4869,5.342,-7.6399,-8.634,9.6598,3.604,-3.3708,-6.9065,-2.2867,-1.3529,2.7849,-9.3586,1.5994,-0.1351,0.7393,2.5093,1.2091,4.4957,4.1923,-1.6042,-6.5081,9.5993,7.2807,-7.1497,8.0875,-9.838,2.0163,6.6864,2.884,0.6131,-2.7438,-3.6058,-2.5349,5.5648,-2.3767,-3.9976,3.7165,-7.5417,-1.9321,8.3568,-5.1247,-0.6928,-6.8481,-4.6652,-6.9088,-2.6127,1.6089,9.4938,-3.4685,-8.8139,0.3097,5.971,-8.7246,-1.7602,4.5227,5.0122,-9.9198,-9.7601,5.7583,3.6715,-6.7275,0.9044,8.1765,8.3461,7.3554,3.2858,2.7184,-1.7365,-8.1444,-8.1912,7.9538,2.4994,-9.2479,-7.4134,-7.5494,-7.7968,1.2497,-3.851,3.8346,-6.345,0.1252,7.9213,-0.6808,6.2024,-8.2543,-0.9199,0.9807,6.2703,-6.0745,2.9806,-8.0802,3.3122,1.4718,5.924,9.8741,3.7396,1.8532,-0.6409,-3.5795,-2.8837,8.2899,5.4067,7.2232,3.598,1.9306,-3.229,-7.6176,-1.1796,2.0562,-8.6138,-8.7645,6.2004,4.52,-9.4162,-8.8844,-0.7712,-0.9401,-1.5418,-0.2222,-9.4937,-5.4457,-1.8728,4.822,-9.249,1.918,5.5127,3.995,8.046,3.9845,-4.153,7.5587,8.1777,-8.3987,-7.6042,-3.8787,0.8908,-9.3972,5.3854,2.8102,-2.0688,1.8902,-9.9234,-5.9566,-2.7925,7.346,7.866,-6.0013,-2.045,-6.523,5.4558,1.4806,-5.2169,4.7005,-8.4943,7.6634,2.6335,-6.4955,5.3831,7.9946,-0.626,-8.879,-6.888,-4.6224,-3.4548,3.7589,-7.5477
-4.8712,4.7152,2.0824,1.4732,-5.9853,9.8434,2.6267,-9.2654,-2.8523,8.1968,8.9385,3.6231,1.994,-0.2368,-2.2863,-8.385,6.4228,-0.8853,2.3102,9.129,4.9604,-7.5883,3.1155,0.0056,-6.6296,-1.4728,-4.5118,-9.3327,1.8052,-1.8182,-4.5404,-6.5262,-9.7927,-3.7695,5.1874,2.9563,6.232,-0.9408,0.819,-4.8794,9.3772,0.4288,1.3184,-4.542,-4.5417,6.4154,2.9271,5.1668,-1.5172,7.8195,-0.6894,5.9209,8.5539,3.0863,5.6641,-6.2246,4.0566,-7.7186,-1.6505,-1.6465,6.1741,4.8795,7.5989,7.2834,6.31,-8.6222,7.068,-1.8075,3.3907,8.5649,9.7826,-5.2882,8.0591,4.1116,-8.3713,8.9164,3.2472,-4.8753,-4.0973,9.6628,-3.2191,6.4966,-4.2663,-9.5524,6.5203,5.1414,-7.3348,-5.8446,-7.5522,2.4194,8.4555,5.1617,9.0623,9.4174,-8.3992,0.9451,4.2556,-7.1185,1.2586,4.4243,1.7016,1.5618,9.2131,-4.3398,8.3475,9.0969,1.8982,2.1202,-6.3516,2.8628,9.9209,1.6275,6.4927,-1.4872,1.7617,-8.9125,-0.6813,3.363,3.4251,7.7645,7.2349,-0.837,2.737,-8.2761,1.1615,7.2719,-7.8837,0.4961,5.1626,1.931,-0.534,-8.7548,-6.3263,4.958,5.7925,9.8638,-0.3264,8.5285,1.3451,-4.0292,-3.9509,-3.4451,4.8778,8.0622,0.2308,0.9791,5.9344,6.0088,3.8498,1.964,6.2382,0.1118,8.6126,6.4021,-9.3922,-3.1229,9.8896,-8.5808,8.3699,-6.4947,8.4531,9.7341,-6.4018,7.8441,-2.0609,-8.0998,8.8844,2.9736,-0.2536,-2.6269,3.5427,-5.7414,-5.6685,3.7213,3.4527,5.1759,-0.2843,-1.3318,-4.6849,1.2518,9.3177,-2.7519,0.7815,-0.5951,-6.1325,-1.6936,-4.1034,9.6206,5.4841,7.3983,-8.6708,-3.008,-9.7612,6.9718,2.5015,9.093,-3.2518,7.9734,-5.2385,-4.279
-2.0864,2.672,-5.3664,-2.0438,-2.6553,6.7733,2.7118,1.7725,9.6728,7.638,-5.7077,4.1893,-4.0787,-8.3702,0.7299,7.9344,-6.9993,-0.8377,1.8099,-7.5295,1.8027,5.8979,4.3615,1.7692,-0.2525,5.2878,-1.2628,4.8179,9.8481,2.5151,-2.4465,-2.0702,-2.924,5.6645,-0.0862,2.8132,-6.3705,-3.371,-3.8864,-3.1372,-7.2989,4.5083,-0.7104,8.8321,-6.4696,9.5199,3.4902,8.9008,-4.9274,3.4732,-9.672,7.6878,7.1926,-2.1734,-7.4778,2.4125,-3.0759,-8.3552,1.7636,-4.431,1.5199,-1.8803,-7.7813,-2.6489,-1.2229,-7.9543,-2.0767,6.9659,-1.0956,7.1678,5.391,-9.7665,-6.8461,0.4773,3.8524,3.4714,0.0835,-5.6346,1.0863,-7.5388,1.6703,-8.6026,0.7547,5.9958,3.5911,-7.1292,4.1894,4.9405,2.2311,-9.707,0.7651,-8.8134,-8.7713,-7.3786,0.3844,-8.3177,1.8664,1.3857,6.7597,-9.0327,-9.7603,-2.0838,6.9274,-5.0605,1.7227,-8.2391,7.2491,-7.7903,9.514,-6.6117,-3.713,4.5959,-3.9842,-9.0856,9.4607,8.0492,6.9281,9.1477,-4.615,-4.4326,3.0947,-6.8097,-4.5795,7.8974,7.8259,-1.4209,-3.18,-8.7404,-4.8128,6.9671,3.5623,9.8536,0.469,3.7864,0.3552,-5.1443,-3.8002,6.4668,4.8019,3.0427,-1.6615,3.3348,-9.5283,5.0606,1.6157,2.1702,-9.7737,2.0655,-5.6845,6.8572,-0.1474,-8.1019,7.9797,4.622,1.4129,0.2789,-5.0366,8.5567,-1.9767,6.1594,-3.1114,2.118,6.1224,4.67,-7.6789,-0.863,0.1564,1.8154,9.3927,-8.9125,1.4649,1.1725,-7.4941,-2.7131,9.5867,-6.0426,-8.1339,9.2736,-4.133,0.8706,-5.6828,6.2981,4.3368,7.8977,7.4363,1.1712,0.3594,-8.1899,-4.4997,-3.1272,-8.1769,1.5414,3.0822,-2.8856,7.898,5.5919,-2.5738,2.0304,-6.2094,0.5789
8.8501,-6.1267,0.8295,-9.0576,-3.2021,2.9887,2.3522,5.6844,6.3852,2.0527,6.6882,0.2218,-3.091,4.311,-6.9509,2.7951,3.3031,-2.2766,4.6415,4.5564,-2.7156,9.9016,6.0486,4.4182,-3.772,-0.6477,-1.008,-3.7172,-8.7141,4.7994,-9.1234,2.446,-1.5381,6.2994,1.6919,5.9492,0.1186,7.599,-7.9966,2.1723,4.9855,4.435,-0.4731,-3.5022,-2.7563,0.6651,-6.9594,-6.583,3.0285,0.2191,-2.6362,7.0311,5.1624,7.378,6.8199,-6.6748,0.4509,1.583,-5.0079,2.7991,-6.8561,-8.6335,-6.5039,1.0579,4.3401,-7.8505,2.7998,2.1579,-9.49,-4.6732,0.6919,-2.9478,5.481,-0.4565,9.682,8.8892,9.9251,-8.6559,2.7174,-6.5426,-8.8175,-2.8396,0.6288,-3.901,-4.3415,7.6843,3.7322,-8.8808,-5.8051,-2.9218,7.5662,2.3391,6.8264,-2.34,2.542,-2.8562,-6.6368,-5.3764,-2.6803,6.9926,-1.022,-1.4419,7.8237,-8.1827,6.0064,-0.8384,7.2689,1.7633,-4.1015,4.5788,0.6939,-8.6426,5.8784,0.5837,4.7838,-3.7421,5.7553,-4.0898,-1.553,0.3712,0.0134,-4.0102,0.9831,-4.9991,4.8327,4.7986,0.8346,1.3237,5.2611,1.1201,-8.5905,6.4429,-2.0406,-6.6914,-5.7654,8.0041,-4.9807,9.9648,-4.0532,-7.2491,9.2858,9.1439,7.6845,-0.9868,9.4302,6.4106,-1.5589,2.742,-3.5322,-5.8703,1.3053,-7.2394,3.9928,1.1989,8.0115,-6.0867,0.5234,4.99,8.0978,1.9702,7.5203,-1.4779,-9.0156,-7.0096,8.2131,-7.4913,-5.6244,0.6736,8.915,-7.5699,0.1756,-8.8658,8.6839,-2.7298,5.9261,3.4165,-4.5654,1.6028,-6.347,-9.0966,-3.8146,7.4446,3.5475,-1.8577,1.4531,2.781,2.552,-6.9476,-8.8898,5.0827,5.2151,8.2725,-9.7275,1.0181,8.5278,-4.1433,1.0726,-5.7925,-9.8231,-6.22
2.893,-9.6491,-8.1026,-0.3493,4.7764,-0.3195,5.5211,4.9957,-2.5376,4.6534,0.9927,-4.2542,-3.2181,-4.2567,-1.1661,-7.5586,6.8645,3.2228,-2.6734,-7.3682,8.6376,6.8202,-3.697,4.2983,2.6673,-9.4403,-6.3915,2.9434,-2.682,-9.9194,4.4548,8.5857,-0.2292,9.3876,-3.8575,-1.0217,2.9547,-6.2672,4.9162,-6.4876,-8.4492,0.7444,5.5865,9.0381,-7.9062,5.0262,8.3723,4.2939,2.8185,-3.5319,-1.6277,-2.8727,-9.4269,-6.4496,-1.8385,-9.7162,4.6298,1.3415,-4.6557,-7.4971,0.2089,7.8227,8.9135,-5.5255,8.241,5.0994,3.8014,9.9534,6.7153,-4.5868,0.6792,9.1201,8.4899,-3.3296,7.5968,-5.8269,8.1493,5.4418,-6.6406,-6.1032,1.2034,-9.1982,-7.9103,8.1728,9.1553,-1.8399,-2.9798,0.7461,3.8779,-1.923,-7.9999,3.9252,5.509,-1.8515,-7.8708,6.8891,7.8971,-8.7224,8.6774,-9.5695,-3.7431,7.5091,-8.2968,-7.3739,-6.1515,3.4468,1.9557,6.763,-1.7049,-1.183,8.9464,-4.2041,-9.0535,2.7041,-0.6773,-3.3586,-1.9973,4.8603,-7.297,-0.6074,2.2094,-5.8223,5.3021,7.1609,-1.2442,1.3385,-3.6501,1.8598,2.551,6.2361,-6.845,-7.7234,4.9466,8.6412,1.8167,6.0807,-5.2987,4.7094,-0.9279,2.0971,-6.2672,-3.7891,-8.4778,-7.5639,6.638,-4.1302,-6.765,0.1491,0.7435,3.6285,1.9708,-6.0252,-3.8119,-5.831,-8.5076,-1.0815,0.2602,-2.748,7.8188,2.2635,-7.054,5.7734,-5.4863,6.5142,7.2082,-1.6681,4.5256,2.6929,-7.2053,8.0149,2.1798,-5.8983,-4.4065,5.4958,7.5351,0.3669,4.8314,-3.5692,-7.7798,-6.4312,4.9344,-1.0554,-0.9449,-9.469,9.0556,-9.6399,3.3037,-7.7568,-5.3027,-6.0778,-4.0799,3.8503,-5.7814,-3.0706,3.2513,2.6213,-6.5445,2.8967,2.7899,7.7216
1.3551,-3.8963,-3.3108,7.5774,2.0355,-7.4277,1.454,5.0343,6.5885,-2.8237,-3.2101,7.0178,9.2243,8.6234,4.9288,-0.36,4.8073,-1.7149,-0.3735,4.3397,5.4765,-2.5795,4.9236,-4.1862,0.7305,-4.9238,-6.5651,-7.5613,3.3991,1.7012,2.0811,8.1201,-7.6262,-7.3217,-5.3536,2.9616,-3.3835,-8.9818,8.8567,6.9498,2.4383,-1.3461,-2.0815,-7.854,-9.6761,4.5003,1.3144,6.6499,-1.8416,5.8568,-1.0437,4.1152,1.3043,1.6591,8.1242,-1.3021,-1.0313,2.9437,-5.9743,-3.6103,7.2616,5.1414,-5.2603,-6.4214,-6.3223,5.6767,0.9903,7.8698,2.9952,3.5442,9.5585,-3.2291,6.6236,-1.9615,1.679,-6.0321,-4.7271,9.9585,-4.9996,7.1515,9.832,-3.6943,-1.3789,-5.0563,-4.4355,-2.3079,3.4101,-4.6938,6.4997,8.7938,8.3767,-6.9512,-3.7543,-7.7985,0.2905,-3.0615,9.7211,-1.2948,-9.6793,-9.7829,4.3172,9.6439,-4.0503,-3.487,-8.9891,-1.2212,2.2261,-6.2366,3.8054,-2.1183,-9.9426,3.7265,2.8963,-5.8593,-6.1699,2.2943,4.9249,9.9543,4.3275,-8.529,4.9875,-5.2831,-2.0086,-1.8623,1.5468,-8.9488,3.264,6.7917,-6.6264,7.9276,5.4891,5.4981,-5.2119,4.0424,-4.3439,0.7811,-3.0786,-8.6515,-6.1165,8.75,0.4891,-7.9163,8.7063,-1.8435,2.9315,1.2947,-5.6524,7.8404,-2.3414,0.7502,-6.2788,8.9145,-4.8828,9.7799,6.9117,-4.5776,0.0041,-5.836,0.6516,-4.5628,6.6362,-4.3972,-3.9069,-6.9021,-6.1288,7.1886,9.6879,3.6615,2.8139,7.5103,2.8365,-5.6898,-9.4534,-9.5986,-4.6256,-8.5993,-4.6721,2.0244,3.7182,9.6403,-0.9827,-2.7373,7.7851,0.0421,-1.6055,-9.7728,-9.0919,8.6299,6.3487,-7.3171,-9.7443,8.0668,-5.0359,-9.2402,-9.0981,9.8829,-3.8447,-2.2167,-8.7758,4.4983
-8.6843,-1.0335,5.7262,8.3347,-9.0784,-7.8088,-5.8426,-8.2223,4.0115,-1.9896,-9.7296,5.531,6.8037,7.5523,9.361,-1.1647,4.575,-0.1408,6.1657,7.0413,-2.8081,-6.7385,-1.2016,-5.7723,5.1736,-1.5765,-8.5337,-4.6927,-5.8699,-4.4075,1.4374,-5.4927,9.8957,-9.315,9.4659,-7.6293,4.7243,-4.5008,5.4377,-7.2746,-7.8985,-6.3462,4.2886,8.7276,-0.2593,-6.6666,3.987,3.7716,-0.8575,-2.8525,-1.3467,6.592,1.3695,-3.4017,1.1904,-2.46,-0.4336,-6.4444,-1.8418,-9.9804,-1.9524,-1.2373,-8.5662,-4.1869,-4.8692,-3.5628,-8.6445,-9.3449,3.244,-1.401,-3.586,-0.9648,6.5959,2.9356,-3.7538,3.5466,-7.2303,0.8474,-9.9718,1.9189,5.0734,-4.7836,6.3591,-3.7122,2.5606,-9.573,-6.9739,-5.4274,7.4078,-3.9579,-9.064,3.9477,-0.765,7.6524,-4.634,6.779,2.579,8.9739,-0.5066,-8.6101,3.1518,-2.0013,5.439,6.4323,6.2895,-4.4188,-0.52,0.7709,-4.8403,5.8332,-8.0449,6.7773,-7.4906,-1.9647,8.8986,8.9286,3.587,-3.8485,8.6526,-8.4513,4.2514,4.9626,9.1198,-8.739,-9.8811,-6.4027,1.8715,-8.7435,7.7411,6.7394,-3.6895,9.4352,8.5303,0.2397,-8.6989,-6.6144,3.476,8.2517,-8.7061,1.0929,-7.9402,7.7651,-8.4639,6.989,3.8743,6.0595,-0.4216,3.3393,-6.693,-1.0453,-8.2806,7.2677,9.6943,-7.3184,8.9762,-4.6489,0.2402,-8.1697,7.088,7.8866,-1.6593,-7.4386,-4.6523,2.6235,2.8462,-8.095,5.806,-0.4066,-2.1639,4.5518,8.0532,-4.4359,-5.7294,-6.8357,4.8159,-1.5264,5.2534,-9.4681,-9.3973,-7.3462,-9.2032,7.3129,-7.5532,-7.5484,-2.0526,7.3616,6.3993,5.5379,-5.645,4.306,7.1597,-7.3033,0.4724,3.9648,0.3838,0.9765,-3.8691,1.4176,0.1033,-6.572
0.319,9.0706,-5.3662,2.9937,-0.1213,-9.1,-3.1704,5.4428,5.0461,2.165,0.4434,-3.7254,-3.3336,-2.3843,-7.3854,-7.8573,3.5751,-3.4512,5.9888,2.1316,-5.3258,0.1305,-4.6594,4.1132,-0.6191,5.5819,1.7646,-7.843,-9.6039,5.8792,3.7037,5.8075,-0.8181,4.7349,-7.6263,9.2916,2.4282,1.7162,3.4763,9.3533,-8.4942,8.2609,-7.1659,2.5116,6.5554,5.6152,-2.6571,-8.336,9.8605,-5.7462,-8.5389,3.064,7.2064,-7.588,-7.1576,-5.7752,-9.1714,1.0521,1.7171,8.3719,6.9093,-0.2321,-1.9623,3.5089,3.705,-8.914,0.7717,-9.2858,-4.4727,0.971,-3.2926,-5.0007,4.1153,-3.0937,4.7411,-4.3611,2.9373,-5.5251,-5.9833,-9.6204,-3.3952,2.0128,7.4249,4.8428,3.528,-4.8962,0.7701,5.878,4.2394,-3.0889,8.3653,-4.3507,-9.9924,3.8449,0.7054,6.6935,8.4229,2.4525,9.2318,-2.4523,-0.9383,6.6588,-1.249,7.7624,-2.8022,-8.6805,1.5453,4.3078,6.3369,2.3632,8.6049,-6.487,-5.9692,-9.5978,-8.4771,1.0786,1.0009,-9.171,5.3429,-7.1271,-3.8494,7.77,4.6355,-3.163,5.4426,-4.2692,7.9781,2.2646,5.8844,-9.4177,-5.6698,7.455,-7.7492,-6.7524,9.3842,-9.4557,-4.0405,7.399,7.2548,2.3675,6.186,-2.079,6.9856,3.6357,3.4314,-3.56,-4.58,6.2461,7.1406,0.357,3.9563,-5.5597,-8.6681,-8.0161,-3.8284,2.1452,-3.7116,0.6672,1.342,3.3909,2.4114,0.3469,7.3099,-2.3542,9.2801,-3.2153,7.9598,6.2016,-0.2892,-6.3237,-5.7379,4.2083,-9.4352,6.0285,-3.4734,-7.5179,5.5117,9.8336,-4.3322,5.7871,0.5839,4.5962,-0.6996,0.3617,-4.1992,4.8795,-7.5787,-8.6438,1.3203,7.4129,5.2776,0.0816,-9.7369,-6.9851,6.9569,2.2439,-5.1684,1.1101,2.218,-1.2643
8.9103,-2.7282,4.2396,-6.5972,-9.0797,1.0211,-5.0308,-4.7282,-7.2414,-4.9006,-5.83,2.0671,-7.1075,3.9979,3.553,-1.9432,-3.1143,8.0353,-7.3866,-7.6218,-6.319,8.5071,-1.7223,-3.0344,-1.0371,6.0098,-6.3786,-1.8875,6.9407,-2.6947,-2.3195,3.462,-3.8029,3.9029,0.5743,-9.6487,4.6792,-0.498,1.0959,1.7902,2.1131,8.3514,6.4166,-2.791,-1.997,0.3561,-0.8121,5.5812,-9.613,-6.648,5.3242,-9.6008,6.3658,6.2029,3.265,0.531,-0.7134,9.1395,4.9213,-8.7538,5.8217,7.8033,1.852,1.7941,8.6807,-9.9381,-7.9038,-8.5544,-5.7709,-7.7634,-3.4286,7.0978,-3.6062,-5.7911,-7.3977,3.6213,-6.7091,7.5537,-9.0786,-3.3838,2.2092,4.1544,0.5068,-9.0396,5.3532,-9.3355,0.7393,-3.8344,0.1207,-3.8791,-4.8919,3.3133,3.3888,-0.7456,-7.832,-8.0925,6.4611,2.3343,5.1705,-7.0614,1.4016,-4.7625,-4.7015,-1.8277,1.8263,-8.5332,4.9232,0.7368,4.7529,5.6196,-7.5011,5.7603,-5.5194,-3.727,-2.9712,-1.5852,-0.0751,8.0664,-4.2708,-8.8986,4.6491,9.4645,5.7976,-1.6488,5.6496,-5.9315,0.4109,-1.9593,-7.3624,-3.3752,2.35,5.7501,9.3238,-5.2943,-1.9301,-3.3092,7.7437,-2.5964,4.6395,-1.109,2.8744,6.4849,5.508,-0.3503,4.9392,-9.4949,9.0615,-9.644,-8.407,9.8245,4.2362,2.6437,1.7852,9.9471,2.0938,-5.4678,9.7623,-3.7221,-3.5772,-3.3972,0.3041,-7.28,-3.2113,6.0237,6.065,4.4646,-5.9273,-6.0274,-7.1129,7.3995,1.3928,-0.6636,9.8647,-4.4106,0.8826,8.5168,-6.4111,4.2075,0.5136,6.1133,-7.9765,-9.5333,-5.4507,8.7095,-1.6088,-7.3518,2.8442,0.441,6.8041,8.886,-2.5371,8.5342,6.9747,-3.7686,-4.1137,-8.4949,8.7633,-6.14,-0.5032,8.9795
2.7107,5.792,1.1162,1.2371,-6.9079,-8.7283,-1.9632,-9.1784,-8.2957,-6.4684,3.3331,1.7201,8.1472,-2.169,-5.1622,7.9711,2.5979,2.5604,-2.9804,5.0182,1.307,-9.2036,-5.2962,-7.7727,-4.1729,-0.1568,-1.2776,7.3123,-1.9403,9.4885,9.711,0.2746,5.4714,2.4838,-4.9118,-0.6734,9.9504,-8.1338,6.5464,-8.8914,2.8525,0.3919,-5.2501,-9.1573,-9.1386,-2.7869,-0.9589,-8.7884,-8.4907,6.4227,-5.7746,9.5509,-2.9239,-6.3309,1.316,-7.2229,3.8698,-9.1325,-7.7401,6.3084,5.8889,8.6221,-1.8218,-6.7945,4.0711,7.9251,-7.09,8.762,5.4461,-0.8685,-5.343,-2.6277,7.0587,-2.0411,8.0338,0.4846,1.0101,-0.0466,2.7525,-5.5616,8.7993,-6.0401,-2.392,9.8496,5.4454,1.694,-4.7042,-7.9523,8.8562,-2.6867,-2.2005,4.5511,6.651,-7.4937,-7.5904,6.9764,-2.0407,-3.4299,2.5689,-1.0018,-0.0091,-9.4339,-0.2691,0.1179,9.8369,5.9762,-7.0828,6.2523,-6.2147,5.107,-5.107,-2.5014,9.5956,-4.8974,-0.6119,0.8628,9.3239,8.8351,4.5845,-2.4565,8.0701,4.9081,7.9235,7.5139,-5.2047,-3.697,-8.8674,4.683,9.3356,0.1638,2.6238,2.9756,0.31,-4.6948,9.2579,4.9863,8.1454,7.95,-1.9427,5.1554,7.0692,0.8317,8.6331,0.3822,-9.5573,-1.5775,5.7659,-8.0817,-3.1983,-3.9439,5.5305,-0.1227,-6.4984,0.023,2.6264,2.3498,-9.2951,-8.7008,6.7212,-0.7749,0.1283,-4.5516,-2.7993,8.0656,6.6614,-8.6167,8.5596,-6.5021,5.9869,-4.8062,-3.4544,-4.5512,5.6631,-6.2966,5.0948,5.7382,-8.5774,-8.3801,-6.7191,-0.8866,-2.4051,-4.7564,3.7899,7.687,2.1598,-3.8236,7.677,3.0721,-2.0179,-3.1196,1.6089,-6.0239,-5.0771,9.729,8.8006,-8.7761,-8.7654,3.8493,1.955,-0.8421
5.1297,0.798,1.3226,4.3635,-5.9641,-0.335,3.8436,2.9373,-0.3629,5.0791,1.6612,-9.0028,-6.3146,-2.3458,3.6544,9.7824,-6.0105,1.2768,1.1996,-5.8746,3.6067,-5.7238,2.2007,-3.3306,-1.2691,4.8497,-1.6451,-1.5614,3.4555,-4.4342,-1.0795,6.6983,-1.1004,-7.8407,-5.5786,0.3823,1.2243,-8.6301,3.9526,-1.1188,-3.4892,0.7385,-6.9883,1.9473,-8.4216,1.9713,-5.1274,-2.4457,8.7326,0.4954,7.8062,0.8577,-6.3201,1.0042,-4.7834,6.3118,2.868,6.2849,-9.5958,0.8196,2.9193,-6.6536,-3.9932,3.2727,-1.2935,-2.7904,9.9608,-5.7877,0.9232,7.1359,7.5297,-4.6978,-7.6827,-7.4345,7.6358,5.4722,-7.5634,5.6801,-3.2153,-7.8906,-1.2184,-4.9486,-6.8533,2.3117,-2.053,2.3356,2.0729,8.3873,6.2795,-4.4517,-7.2485,-3.4651,2.2457,-6.6299,9.1769,3.4977,6.7102,-5.0523,-9.1393,2.5365,-4.5621,-1.9282,2.963,-6.251,6.7138,-1.4501,7.1775,-9.8437,-0.1392,-4.1501,9.6571,0.0016,-6.0174,6.9567,-3.845,2.221,-1.4669,7.4042,-2.4805,-3.1357,-3.0139,-7.0971,-6.479,0.7411,-2.6433,4.5143,-2.1981,6.5102,0.8196,-7.7893,-8.3142,8.1046,-8.8946,9.8273,0.6085,1.6638,-2.6349,-2.0792,-6.5608,-8.4248,-0.9535,5.9969,-5.5516,-6.9932,4.9874,9.5134,-9.2057,-4.1834,-5.2741,0.739,8.3853,-2.9075,-0.2163,-6.4643,3.3844,-7.7496,5.6828,2.5134,-1.7405,0.652,6.8122,-9.4148,-6.8921,-9.2225,-4.0708,9.7285,-6.7113,2.3538,3.1631,8.7093,-2.2341,9.2859,0.5505,-9.4457,-5.8665,9.8508,-9.4584,0.882,7.6851,9.1876,8.7524,5.7359,-7.2426,-6.3795,2.8599,-4.4487,-2.1975,3.7921,1.6194,-9.831,-4.9654,-7.4808,4.4748,-6.4202,4.4223,-8.34,2.7513,-0.7934,1.2053,0.7472
0.361,-7.826,6.5989,-2.7505,6.835,-2.4379,-0.9616,-1.6686,-6.5316,1.1299,7.6024,1.3698,-0.6577,-7.3444,6.5192,2.3728,3.2171,5.5645,-4.7398,-2.8614,-5.7172,-8.9676,-3.358,-0.2307,2.3715,3.7103,1.5263,4.8937,5.5033,8.4642,8.3618,1.7112,8.2579,7.1223,9.9366,-6.7153,8.4755,-0.2697,-6.3974,1.1769,3.9013,-7.6668,4.5897,1.1192,-9.6821,-4.5213,-3.2275,2.299,0.5387,5.4784,-0.6674,-8.9755,-9.9145,7.039,-4.2922,1.2798,-2.8673,5.036,-1.9298,2.5179,-5.4102,4.3288,0.1921,8.0473,6.6154,-5.875,-4.4178,-2.8623,-4.2882,-8.4038,4.1638,6.1461,-8.3218,-2.9638,-5.4666,-9.0029,4.2805,-1.3261,-5.165,-3.2035,-9.1396,6.3469,-1.3344,8.977,-0.135,2.2801,6.7471,3.6817,0.5403,3.1398,5.2628,9.5644,-0.7259,-2.1646,-2.9425,8.6224,-5.1461,-7.4277,6.8255,8.4248,-5.5709,7.983,-8.3546,3.6922,8.0518,-7.36,-3.7612,-3.356,-7.0428,-9.4216,-3.7355,-1.2869,-1.2104,-3.7575,-3.0083,-3.8147,3.9431,-4.9719,-9.3442,4.3413,-7.3137,-4.9186,2.4159,4.5766,-2.7766,6.2618,8.7228,-8.1962,1.1866,8.3461,-6.7862,8.5078,-2.4228,-0.3288,1.7921,-9.9892,-9.3855,-2.3955,8.3653,-4.6104,1.1065,4.7953,9.4746,-6.8413,-2.7587,-8.1754,9.787,9.9938,-0.5951,-8.4695,-0.0366,1.2946,-4.6055,-3.0538,-7.4512,7.8821,-7.9867,-1.5042,-6.5855,-8.4604,-8.1102,-4.7393,1.8004,9.1064,3.0589,-1.7712,-4.3979,9.1649,3.0988,3.301,-5.8275,-9.4511,9.5886,-6.7836,0.6549,-9.5356,-0.3097,-6.5193,-7.1292,-6.5499,0.162,9.419,-1.0447,-1.8429,-9.0122,5.9416,5.4106,-7.4807,-8.5288,0.222,1.8205,-6.8746,1.4317,-2.1081,9.8961,-2.9689,-4.5381,-2.3826,1.5847,-4.3091
6.4897,8.7504,-1.992,0.4589,-3.8627,-0.4978,-7.6807,5.9587,1.4079,-6.8875,5.9778,-8.6492,-6.8027,-4.9238,6.7397,1.4657,-1.7834,-2.2083,-1.0976,-4.1306,9.2956,-7.2064,3.1115,-1.6097,-8.8355,7.6539,-9.7683,-0.7736,3.7365,-9.3216,-4.9305,-2.3078,-0.5392,5.2326,-6.5419,-9.3113,7.284,7.3334,-9.7249,-2.2887,7.2128,8.0396,9.4553,5.5129,-1.9547,5.5616,4.9811,-5.0541,-3.729,-7.7623,-4.8932,5.387,0.7742,-6.5682,-9.4046,-6.6507,-0.5077,-2.7022,-4.2381,-6.1089,-1.3304,-7.5859,6.4215,-3.9513,-8.1098,-3.3182,7.1698,-5.9741,8.8921,8.1201,-2.7284,5.7154,-3.6149,-3.1173,-0.5912,-7.6424,-7.5023,5.7572,-7.582,-2.7854,7.1118,-4.4436,0.5529,-8.7128,5.8536,-5.8853,-9.1022,9.126,-6.2257,1.3568,8.5826,-5.9448,8.7938,-4.4754,-3.9038,-6.3814,-7.4465,-1.0914,-3.3148,1.8284,-9.2399,8.853,-6.6547,1.4954,-5.5774,-2.4097,1.796,1.1181,2.7493,6.1113,1.7533,6.5114,3.8988,-1.127,-5.0709,1.2182,3.4503,8.3659,-2.4023,-2.3467,5.5281,-0.5067,3.5721,-7.0756,-9.7251,9.4567,5.4055,-1.3696,8.7066,0.4851,-3.641,-7.8083,5.2937,8.9718,-5.5473,-6.2913,-0.1927,4.8848,0.7822,5.1931,-8.7439,-1.9739,-2.5926,6.5412,0.1983,8.821,-9.534,4.677,-7.4732,7.2696,-1.2389,-9.2394,-8.3928,1.4054,9.5921,-2.5842,0.6763,-7.229,-3.2927,1.0993,5.7487,9.4685,-4.5983,-9.668,2.579,-3.0487,0.1216,5.604,-4.1,-9.0787,-3.2139,9.9426,5.7731,-6.7569,-7.1102,-5.9161,3.6664,9.5926,-2.0676,0.9646,6.6162,2.3958,3.9185,8.1181,4.0111,-3.1862,2.302,9.9131,-9.2265,2.6594,2.5014,-7.6017,0.3388,-3.8153,0.42,1.4549,9.9521,4.1525,0.3088,1.6094
-0.2225,7.3413,-9.0338,-5.5762,7.9954,-5.532,-2.2501,4.7439,-2.3863,-9.7414,2.029,6.5606,-2.2091,-7.3402,6.7125,-9.5185,0.1037,-5.8541,1.9506,-2.8223,6.4253,-6.7354,0.7917,-6.7773,-1.5576,-0.0071,2.4371,-6.9257,1.9097,-1.5174,-1.8369,-0.6504,9.3624,9.8259,-2.4464,-7.4422,0.5139,-6.9832,5.2596,4.788,-4.8208,-3.6531,4.2531,-0.747,-9.1634,-5.8339,-0.2609,-0.7013,-6.7979,2.0916,6.6693,3.3888,-7.4694,-1.3593,-4.8678,3.3674,9.671,6.6884,-7.8772,-1.2335,-5.2764,-5.8469,5.3844,7.2855,6.1741,-3.1562,7.7036,0.1671,-0.6441,-9.3664,-3.6236,-9.9479,-8.1423,-9.4778,1.9663,4.5925,3.212,4.2748,7.6316,-4.7068,-5.717,1.8517,5.5078,-1.4629,-8.6636,4.6492,9.4984,-2.4872,-2.6923,-8.7506,6.6414,-2.4015,-5.4821,6.0247,-5.6363,9.8001,0.6706,-5.2781,-7.2508,-3.868,9.834,2.962,7.7428,-1.5386,2.044,2.4478,4.1821,6.597,8.6461,7.3369,3.0564,7.7133,0.299,0.7763,-8.0145,-6.6087,-9.5741,7.3632,6.4105,-7.413,2.7043,-9.8901,-5.5975,8.0421,9.1005,6.8867,-8.4333,2.8184,-0.8793,6.294,-2.5678,-0.4865,-4.0077,-1.1644,-0.7392,9.906,-7.2759,3.8074,7.6569,-3.3986,8.1756,0.5726,-7.119,6.2717,-7.9733,-3.457,4.9718,4.3466,-8.8313,4.3111,2.1897,-8.3433,0.3425,6.6463,-2.8126,1.5422,-0.3393,7.9876,2.7923,7.1383,9.5659,3.0888,-8.7462,-3.9908,-9.3511,-1.4166,-3.4704,-0.6054,3.9607,2.7262,5.2651,0.0745,-1.5417,2.4004,3.6719,-6.8979,-0.2814,-7.4073,3.1858,6.3446,5.2852,9.9075,-1.0668,2.6143,-7.5047,-9.3556,-0.7581,-4.4999,9.1652,3.0031,8.0294,-4.3546,7.4264,9.3782,0.9621,0.2672,-2.1686,4.8773,3.4554,-0.5878
4.6242,1.3447,9.6477,-5.9524,1.9798,0.9113,-2.5045,4.4452,5.0314,-5.4541,1.7766,2.6512,-8.6538,-7.1425,9.452,-6.0846,-8.6364,-9.6967,-8.18,6.6692,8.5862,1.5065,6.9979,5.9053,-3.8279,0.2862,8.7586,9.4477,4.0495,-2.1897,-5.3149,-9.0575,3.1764,2.8073,3.1001,0.1987,-9.9739,-4.4073,7.7566,-7.1813,-0.4116,6.4739,-0.6578,2.9957,1.9861,-1.0445,-4.5715,1.8201,-1.518,4.4127,-8.116,4.3197,-5.5254,6.4796,0.9957,-1.3138,9.782,9.7911,7.8116,-2.6197,-8.3527,7.1258,-6.0569,-6.1586,-1.2359,-1.2342,-2.9387,-9.9941,-8.8339,2.7939,-5.8108,-4.368,-3.4613,7.6683,-3.0513,-4.9004,1.0822,-8.6135,-3.693,-0.8389,-1.1522,5.9594,-1.1746,7.3335,5.6289,4.8287,5.1904,1.3539,8.1635,3.5265,5.9912,4.5169,-0.4169,1.4599,-0.8303,5.7725,-4.7968,-7.8365,5.4291,0.0827,8.3762,-8.559,2.6476,-6.7429,2.368,8.7866,0.079,0.3084,1.9339,1.4381,-0.6696,2.397,-1.184,3.5764,-6.5825,9.5469,-2.4313,9.3146,8.9346,-7.3169,6.8926,8.0266,9.4481,3.3004,5.4404,-2.0596,3.4604,6.9932,6.4848,-0.3892,-8.1127,-2.643,0.2345,-9.3099,1.8891,-6.8446,-7.8147,9.7686,9.9733,9.7511,-0.8613,3.5775,7.9487,2.4403,3.2554,-4.1574,1.234,-3.9197,2.27,-7.0906,-1.8431,1.4656,-9.4876,3.8187,9.235,-9.9858,6.3324,-2.0879,-1.001,-1.6293,-4.5293,-1.7578,5.6511,-5.108,-2.2794,-9.3856,0.8476,-6.3302,9.092,-7.5647,5.3051,7.2374,-3.923,-3.9522,-5.5871,2.18,5.877,7.1824,-4.488,-7.1046,-4.2802,6.4648,4.6113,-9.0714,-3.8717,-9.0002,7.2822,-3.1529,2.2449,-6.4734,-7.5895,-3.7107,8.4663,-2.0431,-1.3141,-2.6084,-9.6562,-5.1486,-9.4536,-3.6506
-8.3568,-5.5371,-3.1727,-0.4452,8.5208,4.3839,5.2526,-8.084,3.1049,-2.0303,6.7294,-7.7432,0.8997,-9.9755,-6.0137,-0.854,-1.4585,-9.1379,-0.4754,-1.6632,3.8149,7.631,-6.583,-5.1919,6.1654,-1.0576,9.2652,-1.5791,0.434,9.235,9.8991,-9.6864,-6.7749,-8.5005,4.5152,-5.6936,-3.1253,4.3721,5.8959,-0.5157,5.0401,-9.4784,4.0289,6.3736,1.4678,7.6016,-8.42,9.4097,1.3044,-1.4907,4.1791,5.0121,-9.3172,-5.7883,-5.8696,-3.9659,3.5617,-5.1575,-8.3055,-7.0387,9.6343,1.4372,4.252,-7.7576,-1.6189,1.1821,0.7478,-5.7567,2.1592,9.4302,2.5418,3.8501,0.6517,-3.9158,-1.3559,9.5075,-2.8562,-2.0565,8.0859,6.7996,-9.0804,-6.2146,-7.6296,3.4998,4.1516,-7.8849,-8.6279,9.3147,-7.4418,-0.2065,-7.998,4.2947,0.0529,8.9368,8.1227,7.7598,-8.9557,5.4618,9.3371,-7.1443,-7.1664,7.2316,-9.6116,6.1319,8.6274,9.2493,-2.8947,6.5749,0.8482,3.1932,8.2977,-1.8308,-3.0975,-5.5978,9.158,-3.041,-5.052,-2.8863,-4.4766,8.9794,5.2655,3.1928,-2.5021,7.088,5.9268,9.677,0.4824,0.7776,-6.4051,-8.0106,5.4738,4.3884,-0.9718,8.5293,7.2372,9.6394,0.7494,-2.1984,-2.9549,1.6099,4.1683,6.4517,2.183,-5.0298,6.7123,7.9685,-7.7698,2.1859,-8.2039,7.3882,-1.2478,7.7748,5.6664,0.0743,-5.0895,-1.3614,-4.891,-3.8379,0.6874,9.1575,7.79,-4.1005,-5.8652,7.0329,-9.7846,5.7313,-1.0931,0.5606,1.5495,5.323,8.8338,-6.284,1.3926,-9.0308,-8.9781,2.4243,3.1985,0.6685,2.2389,-3.4839,-0.6045,1.0045,3.1479,1.8826,-7.8999,-4.2373,-8.6123,-3.9192,1.7519,-7.5397,-9.6988,0.8814,9.9904,-2.4685,-7.3764,6.4231,7.7191,6.4902,-8.1127,9.8039
3.0341,-2.6527,6.2833,6.2711,-1.5709,7.2625,-9.4073,1.5011,0.1094,1.3253,-7.7387,9.6724,6.6827,4.5746,-7.0954,-0.5101,-2.2723,7.0091,4.0836,1.6091,2.5171,-4.7074,4.8429,-7.9334,5.9614,-9.8541,1.9672,7.3899,-5.8716,-9.412,7.6962,9.0037,-1.9645,-6.8017,6.0983,7.8044,3.2728,-8.5758,-0.334,0.594,4.3312,-8.3411,-1.5384,-2.6792,-7.6516,-0.0514,5.4428,0.2112,-8.0208,-8.4133,3.3127,4.1487,7.3796,-6.4174,-4.5524,-6.6773,2.5229,-2.3795,6.3117,-3.3085,8.2288,8.0665,-0.1421,5.0238,-6.1405,9.8399,0.4094,-3.5011,3.8111,5.7206,5.4184,-3.3357,-6.3149,6.928,0.4338,5.2154,7.3442,3.1536,-2.9174,-0.608,-1.1117,2.1647,3.8361,-2.4879,8.8152,8.9438,-5.6023,1.9702,4.6349,7.3008,-9.9504,-8.7167,-1.6051,-0.0837,-7.2792,7.8276,3.0095,-0.6675,1.3548,9.0643,-4.0976,-7.8639,3.1772,6.1332,7.0995,-4.6845,5.8345,3.8058,4.7371,4.3458,-1.2112,3.3149,-2.38,3.8116,8.7833,-1.9491,-4.8005,4.448,4.3769,-6.3285,-8.4173,-2.3858,4.5024,7.4968,-4.4166,3.6528,1.8297,7.3334,6.4071,0.9448,1.1311,-6.8436,1.0607,7.7356,8.2082,5.7472,6.3829,-2.3132,3.9482,5.868,-6.193,9.8108,-9.8739,2.5913,-5.9049,5.5881,-3.8112,4.5979,0.9775,5.2231,4.2459,-5.06,-9.0003,-0.7175,9.5168,-5.6794,-4.9259,-9.3387,-3.2406,3.5163,-7.2411,-2.8033,7.102,-4.6654,8.1545,-3.868,-7.1748,-3.491,-2.6875,0.1559,8.7689,7.628,4.8175,-8.8317,-0.041,-8.3806,-7.4376,-4.6049,8.0181,-3.4102,-5.0415,-6.2111,4.3295,-4.7909,0.4119,-7.7664,-4.1823,6.0487,4.1134,7.7479,-6.2815,-2.4989,9.1379,4.473,9.3834,4.2691,-3.3618,-0.6826,-8.2226,7.0832
-1.679,-8.7987,-3.0111,1.0875,8.3094,-4.0191,6.0167,5.6788,-7.204,9.7502,-0.3352,-3.2655,-1.9068,-5.8222,-6.9101,6.0104,-0.5457,-5.995,-5.3485,4.2442,-2.3605,-5.2784,-6.3105,8.9675,3.9355,-7.6599,4.8603,9.9812,-7.1305,-6.6024,6.7033,7.2785,-6.3646,3.3662,-9.6156,-3.8672,3.0621,3.3752,-4.7301,4.2673,-8.6235,4.0643,9.9928,-2.2757,7.3275,-4.1888,-5.3762,-0.8144,2.5605,7.7564,5.233,-0.432,6.6384,-9.3766,4.0298,-7.2801,-2.7016,9.9217,2.3401,-0.223,7.2868,-4.7776,-4.8858,-2.1522,-7.9861,1.6579,7.7689,2.8044,-6.9948,-1.8022,-3.0031,2.519,-6.7584,-0.1908,-0.255,-1.2464,8.4384,3.2121,-5.1328,5.347,1.3084,8.6269,8.1981,0.6446,-6.3732,8.7577,-9.6334,-0.2899,-3.7745,-2.1538,8.2226,5.2331,-9.7665,-6.9281,7.413,-7.0371,-6.5229,7.0197,7.8997,3.0464,5.5851,-2.1662,4.6517,-3.3952,-9.7637,-5.7666,0.4528,6.1276,7.4106,2.2757,7.9324,4.4098,7.9627,-7.3999,-8.6453,3.6423,-7.9815,-3.0861,-2.2199,-9.061,-4.6959,-6.4615,3.126,-5.8303,-2.8629,1.0899,-9.9844,1.6971,1.9078,6.3495,2.0355,2.3079,-7.7029,-3.8181,4.024,1.9122,-5.3144,-2.9189,8.2587,-1.0875,5.1152,-5.7017,-3.4895,1.2315,5.0283,-3.6344,-1.6181,4.0419,5.3984,-0.2732,-7.8954,-0.7017,-7.4988,-3.0264,-1.0074,5.5546,7.3646,8.9486,-9.6889,-3.4002,2.7281,-0.484,5.1084,-6.3212,-4.665,-4.2351,-4.3078,-5.6299,-3.7235,3.0575,-0.8537,-3.2578,2.562,2.0127,3.7613,3.7143,-9.7181,4.4828,-1.0319,-9.2209,1.0602,7.618,-6.1993,-8.7452,0.8352,-6.6579,-5.5407,-9.3962,0.6563,-0.587,-0.5278,-9.9238,4.8464,-8.8825,-2.921,-2.1662,-0.1068,-9.8718,6.8342,-2.3799
-2.7424,1.8409,6.2237,-0.442,5.0254,8.2096,-5.4639,5.5365,-9.6284,-5.965,5.2819,-4.7719,-7.5132,1.3461,5.8681,5.813,-5.4571,-1.0917,8.3793,-3.4225,3.6842,-6.7197,-8.0422,-9.2037,-5.1976,7.006,1.7801,4.7365,-9.4727,-9.9013,-0.5692,-2.5935,-4.7926,8.7532,-8.0082,1.3877,-5.4324,-2.8777,-5.1265,3.8152,6.0035,-5.9296,-4.9774,-4.5964,-5.8902,5.6388,-0.4274,2.9144,1.3817,6.8509,3.1041,-3.7252,8.4884,-5.4677,7.1483,-5.4755,-4.0488,3.5604,-0.3605,-3.1068,-3.6304,6.7688,0.3021,-1.8761,-9.1935,2.0709,-9.9239,0.2275,-5.0144,7.5797,-9.2424,-9.6905,-5.4178,6.8045,9.235,-2.5004,2.3761,-6.2955,3.5003,-2.4181,-6.5549,-7.4786,8.2622,6.1006,-5.0558,2.2901,5.2066,-5.9703,-6.8879,9.3709,-8.9538,-3.6983,2.0335,3.8328,0.3835,-2.6516,0.956,5.2974,-9.1458,3.9893,-4.4847,-1.7071,-1.9837,-0.3307,4.4583,-0.1604,-4.4107,-2.9696,4.0905,-1.6006,0.9622,6.4118,1.5897,-1.0284,-0.1191,9.6385,-1.0023,-4.2649,5.6079,6.8701,9.1164,1.9006,-2.5558,2.3038,-9.4522,-0.2035,-9.1786,1.7106,8.363,9.2537,-4.1547,-1.571,-4.6062,0.3256,-8.054,0.1345,-2.7621,-7.1125,5.9709,9.5447,-0.9911,-4.4998,-9.9489,-8.7208,3.3506,1.2978,-6.2698,9.6797,-1.4024,-2.868,-7.5232,-7.3011,6.5319,-8.7376,5.3631,-9.2508,-5.1792,-4.22,-0.5706,-6.5995,-6.0057,-3.2362,3.0045,-4.2327,0.0589,-6.2528,-4.5393,-4.8639,3.3509,7.3744,8.3111,-6.4776,-7.785,6.8037,3.7472,-2.5007,8.6955,2.1783,-6.6301,2.2683,-6.8365,5.4321,-4.7114,-1.5541,-2.4508,-5.5407,4.6855,-1.6843,4.5885,2.6298,-8.9282,2.9039,-2.3802,-2.5744,-7.4522,-7.332,-9.8484,8.3784,-0.0481,4.8158
-6.6506,5.6801,4.1895,-2.5296,5.4795,-5.9169,7.2753,-6.6474,7.9159,-1.3002,-1.0393,6.7711,0.3008,-8.7979,-1.9343,4.9354,-4.6882,7.2402,2.8203,9.2847,1.5344,7.5433,9.6776,5.1497,0.9759,-6.1724,4.4233,7.2544,5.2022,-6.4939,-7.1159,5.1865,1.5098,-6.1214,-5.8359,-6.4998,-8.9527,-4.1148,-6.9854,0.4806,2.8324,3.2853,-3.5434,-8.6421,-4.9814,2.1939,-2.0363,8.8189,3.4018,7.3345,6.2286,0.318,-8.8039,-0.0597,-6.8677,3.6294,7.7334,3.2221,9.4087,4.4934,9.2642,-4.6143,3.4495,4.573,-6.7118,2.4437,-9.7614,-4.0669,-6.8725,2.3735,-2.0721,-8.6674,3.6302,-5.9541,9.314,-7.1007,-7.1131,6.3594,5.3337,2.6446,-8.9497,-3.704,8.6694,1.9273,3.4624,4.2839,2.9417,7.4236,6.2025,8.8349,9.0009,-7.2979,-2.4768,-9.7116,-8.7057,9.8661,4.7676,3.9902,6.5171,-1.0767,-6.9933,2.5729,2.165,-6.3367,-1.2175,8.9975,8.2842,-9.4089,2.7995,8.6576,-8.7726,-7.2155,-4.6683,9.1096,-2.605,-9.5299,-5.7249,-8.7727,-7.4075,-2.3149,8.2305,8.0368,-0.0683,1.3873,3.6372,-7.1571,-9.3328,8.5764,6.7222,4.9575,5.7945,-6.5975,-9.4731,7.3893,5.6885,-5.4912,-1.8465,-4.091,4.6715,-1.9182,-0.9529,6.5482,-6.1321,0.4062,9.9619,0.1391,1.8264,6.225,-1.4335,7.1506,-6.8929,5.5243,2.8954,-5.2652,5.9964,-2.915,-2.439,0.4221,4.2627,-6.4423,9.8826,1.3111,3.509,9.4549,-7.1754,7.5157,-9.4199,-1.4043,-0.027,-9.0601,8.3227,-4.7809,-3.6964,-5.1961,3.7299,-8.0255,2.2215,-9.8352,-4.164,9.4655,2.2411,8.5866,5.7733,7.5119,-6.451,-7.6839,2.2693,-1.1772,-1.2032,8.0688,-1.7331,-9.9964,2.7452,4.7867,-3.1738,8.2935,-8.1433,0.1276,-3.3368,-5.7031
8.0022,-1.4921,-1.4669,-2.6167,4.3369,6.4687,8.9744,2.9793,6.7302,-8.7276,0.8819,-6.811,9.2043,-1.2392,3.3339,-5.0852,-2.1036,5.4386,-0.0853,3.2788,9.1686,1.9852,3.8456,-3.5267,8.7663,-1.4158,-5.2291,-2.2065,8.249,-4.5473,6.3376,-5.5562,3.8224,7.3641,-9.3105,1.315,-5.7821,6.4307,-4.8176,3.1157,-1.0154,-2.2208,7.089,0.101,-9.0018,7.2716,7.93,6.0576,3.9585,-9.8404,-8.7546,1.7426,-4.6627,-0.544,8.3784,-6.1745,-7.47,-7.3344,-5.9231,2.0695,-7.2338,9.2875,0.2541,8.2215,3.3207,-7.578,0.9509,6.3628,8.6803,-5.1774,1.0047,1.8707,-9.0954,-2.3957,-4.4894,-0.6608,-2.3077,-7.5968,3.162,9.9207,7.469,2.2823,-8.4187,-7.1403,-9.3544,-1.2277,-3.2221,-9.6817,5.859,-2.8101,-3.1865,2.4643,-2.2498,-4.274,-0.4513,9.1338,-8.0653,-3.4619,3.658,1.7861,-6.5723,8.3372,-6.5389,0.3941,4.1987,2.1432,7.1218,8.7752,-9.6404,3.1342,7.4422,-2.6705,-7.0261,-9.9688,2.3899,8.9912,9.793,2.2772,-9.1864,-5.4423,9.7046,-5.4021,1.7359,2.1855,-9.3411,-3.0233,8.6148,2.0724,-2.3162,7.8667,-1.7057,-0.2628,-3.6291,5.6291,2.8416,-2.518,2.2462,9.1654,-5.1153,9.1263,3.3811,-4.7727,-5.9347,0.9118,-8.3549,6.02,8.635,0.1348,5.612,-0.6092,-0.2549,-4.5719,8.0223,1.6307,0.6732,-7.7595,1.0073,-8.3239,-7.9118,-8.6165,8.0854,-9.8045,3.0913,0.6085,-3.7918,9.5081,7.7122,6.4361,1.3985,7.7703,-1.1085,-6.0756,1.4065,2.5896,7.4005,3.9358,-4.8645,-1.2946,-6.7322,-1.6257,-2.4385,-8.884,2.3442,-5.8592,-6.0618,0.8623,0.7186,4.2935,-8.1675,-6.7164,0.4981,0.7045,-9.8257,8.3237,-5.2058,-5.9914,-9.0421,0.253,1.9724,-9.7951
2.1183,-1.0069,-3.0546,-3.5892,-5.5326,-5.2234,9.1907,-6.5636,-1.5485,8.1658,-1.8122,-9.0559,-7.2312,-0.2698,4.9301,1.7137,-5.6793,8.5525,-4.5358,0.8359,-6.2248,-7.7055,4.822,1.9058,-1.212,7.6316,-2.3109,-3.6824,8.1976,-9.1238,9.5791,5.9762,2.9015,1.0893,9.204,-1.8513,4.3306,4.9406,-7.6809,1.1994,8.6872,8.2871,-6.7686,4.5882,3.6207,-7.6708,-8.3267,2.3808,0.524,-6.8465,0.8185,5.177,2.7653,-5.0641,-6.0847,8.5992,2.2987,-2.7994,0.1032,-0.6274,2.7718,2.8626,-0.6145,-3.282,3.3043,-5.2457,-5.0195,6.3864,-2.2065,-3.1033,3.3796,7.1591,0.1461,7.1045,3.5313,-7.4135,-3.9329,9.0376,-5.1171,-0.3966,1.0879,3.5918,-2.3159,0.9718,-8.9999,5.9207,-4.1628,9.2599,-0.096,8.4963,2.7321,-9.7817,7.2207,-3.325,-5.691,-8.7333,5.5895,5.0799,-5.017,-4.453,1.0405,-2.6159,0.5099,-9.3301,6.8327,-0.0402,-7.7965,1.4264,3.946,-5.8263,1.2106,3.1099,0.5882,-9.6369,9.1336,-7.4818,-8.4127,-0.3926,4.5471,1.8108,5.0195,3.6582,0.2126,3.5038,2.6996,8.0381,-2.4816,9.113,4.1348,-1.5045,-4.088,8.7146,-9.1677,6.0824,0.4269,-2.446,5.0787,8.8395,-2.7437,-2.9951,0.4342,-9.845,2.1021,0.7992,7.9259,1.3408,-7.3462,1.0983,7.4738,-4.3434,-7.8729,-8.1842,-8.7959,8.3528,-6.5588,5.2795,8.3755,2.307,-5.1178,0.0064,9.2219,2.8725,-7.1302,2.1914,-3.567,5.2962,-8.3519,-5.8076,6.9523,-3.7283,-4.5435,2.4057,7.3315,5.7361,-5.4642,4.3187,-3.0147,-7.3596,-7.048,0.1468,-8.1457,-5.765,7.7548,3.6474,-9.9871,-0.6713,-9.365,-6.3974,-2.7872,-1.4718,-8.0316,-1.4152,-3.5766,-2.3198,-3.0284,-5.5235,6.087,9.4572,2.9323,-7.1299
4.7001,-2.3492,0.4324,3.7219,0.4849,0.3455,-6.1323,9.7491,3.8609,8.1123,8.2512,-4.4448,3.1647,0.1741,-7.6563,-5.6202,-0.2284,-4.2286,-1.8435,-1.9321,9.1684,-5.6706,1.3672,5.5419,-5.266,-0.2764,-9.351,-3.5589,-6.9117,-0.1754,9.1177,1.5622,-4.614,-1.0602,-3.5628,-7.9623,6.9759,-0.0829,1.8411,4.3085,8.0435,3.4027,0.5502,-0.8715,-1.5281,9.774,-7.6149,-9.1435,9.701,-6.5315,-9.4937,9.3714,-4.414,-7.5545,-7.0499,-3.1367,8.1417,0.0757,-8.4289,1.0795,0.572,-0.7469,-3.0011,-2.5602,-2.1168,-8.4671,0.2232,9.8118,-2.4395,1.6562,-7.2246,-1.9516,-3.2576,-5.737,2.8715,2.1844,9.5905,-4.8705,4.8789,1.9319,-0.9766,-3.7977,0.9838,9.4552,-5.3384,4.1214,5.1444,6.8011,-2.1155,-2.4091,-3.5114,-0.0894,7.6784,5.8616,0.4024,6.5594,-2.5228,-7.8316,-9.1536,2.0388,-3.6365,-4.2343,-7.722,-4.4364,3.2552,-5.4496,-7.724,2.8043,-2.5402,-6.5912,7.6765,8.3046,-7.5648,4.7037,1.6713,7.2639,8.0119,-0.5013,-3.9351,-8.4175,-4.6918,4.6294,3.2817,8.2527,-8.2847,-8.2768,7.5568,4.7309,-2.9481,-4.4661,4.0881,-6.6963,9.5025,-0.7788,-2.3013,-9.7213,3.9499,-7.4379,4.2769,-9.211,-0.862,5.3742,7.207,-4.4537,1.7117,-9.4818,-9.078,-8.7465,-0.5447,-0.3771,-6.5845,-2.0205,-9.4895,-5.9835,-2.0405,1.1964,-2.0295,-0.483,-9.3604,-6.6567,-2.807,9.3281,-3.9363,-0.7988,-3.0005,3.0392,-5.7779,-8.6786,0.6796,-9.2609,-8.5983,-6.3606,1.23,-4.3632,7.9154,-8.3526,3.6124,-2.427,3.9486,-1.457,-8.4157,-1.9332,-3.4772,7.7408,7.5272,2.0461,-4.7132,-0.277,-8.4992,-4.5378,1.1449,-3.0131,1.0673,8.3195,-2.6,1.3579,0.0988,-5.4826,2.1552,-8.9628
8.5954,3.1287,-2.0646,2.264,3.0063,-5.6349,6.6063,6.8007,0.7597,-8.1613,7.1077,-0.5172,-1.3818,-5.87,4.9747,-7.8213,-9.4826,-3.5031,8.5463,5.8623,-2.1259,5.7798,8.8009,4.3689,-0.0226,0.1904,-1.3487,8.7414,-6.3318,9.2708,1.6667,7.6099,-9.0022,5.4563,-1.1676,-6.2324,9.4646,9.1581,6.2902,9.4095,-2.3412,1.8541,6.5051,6.4006,-2.7632,0.547,-1.6123,-2.5695,9.3473,8.2346,-0.8048,-4.2802,-6.4111,-7.5433,-4.996,6.2365,2.2537,-7.695,5.1221,-6.3349,-8.2799,-3.7152,9.2804,-5.7274,4.2298,-6.8431,-6.1497,6.8987,-3.2633,1.897,8.1638,-8.9496,4.551,8.4128,6.6518,-2.5552,0.6115,8.5585,-1.3974,1.8861,0.4995,-9.6493,-3.5546,7.1718,4.2012,-0.5564,-2.4368,-3.3059,0.2385,6.9535,6.6464,-4.065,-8.8486,9.7494,1.361,3.8856,4.1788,9.5027,6.9684,9.4434,-2.2248,-3.1398,-8.8499,-7.7224,-6.4635,1.1492,0.1663,9.9928,1.2237,2.6897,-0.1237,9.9896,5.0969,-5.2284,1.2821,8.8747,3.5424,-2.2348,-1.7714,1.8074,-3.2119,2.0934,-3.7105,3.5072,-6.045,-6.1309,5.4547,-5.5982,-4.1206,8.1376,9.2767,2.2598,-9.958,-6.3748,-2.0339,-5.1467,1.3362,4.3369,7.9112,-7.1743,6.8073,9.2494,6.9567,-0.4231,6.4893,-4.2921,5.4858,-4.4673,7.2778,-4.0855,1.0056,-5.8755,2.484,0.9186,-0.315,-5.2949,-3.5347,8.5708,2.2652,0.2573,-8.8672,1.971,-8.32,-3.7631,7.1715,-2.9948,-3.7566,4.4161,2.9069,5.9122,7.475,-7.9801,-7.7156,-9.6031,-8.1719,2.1194,-8.5357,3.7195,2.534,-5.1272,-2.102,-2.3467,-0.6098,6.4625,8.892,-8.1661,6.6164,4.5357,1.6299,-4.8354,-8.9908,4.6792,-1.1394,-6.6887,-3.5155,2.386,-9.0836,9.1067,1.1544,-5.0428
-0.88,3.7976,9.5413,8.529,-4.7977,2.3999,6.3473,1.6169,-1.0193,-2.8558,4.74,-8.8498,-1.1549,-4.737,-9.7209,7.7796,-7.9424,1.3226,-8.4217,7.2143,-7.1963,-6.3511,1.3762,-0.9292,-8.4102,0.3796,5.0094,5.9111,2.8167,-5.5556,8.3896,0.2413,0.0574,-0.8011,-7.5581,2.5086,5.448,-0.7753,-0.0881,-9.56,-9.9857,-5.255,8.6978,2.8069,2.9304,5.1889,7.4934,-3.6569,-4.7771,2.7056,8.4926,7.182,6.6239,-7.4004,-9.5771,0.4838,-7.9422,8.1473,3.5714,3.3003,-8.1536,-5.4849,8.4907,2.6151,-2.2201,9.0196,4.143,0.9488,2.4425,-9.6133,-9.2881,9.4258,-0.3193,4.0701,1.1131,-9.1257,-4.1808,-8.8423,9.3318,9.0032,-3.3891,6.7118,8.0574,-0.0224,-6.4679,0.7038,-2.0466,6.5968,5.3627,3.5401,-5.1288,3.7849,-6.0717,3.5762,6.117,9.7951,-1.6288,7.4684,0.909,-4.9212,7.3422,3.5369,-8.7137,-3.8866,-7.1964,-3.1973,-9.9641,5.7751,-5.744,9.8349,-2.0964,2.3526,4.1014,6.6458,-6.8498,-3.1471,-5.6881,0.2994,-5.0364,-2.2376,4.2059,-9.6708,8.5839,-0.893,3.6727,-0.6244,-7.4294,-3.4557,2.2309,-6.3076,-6.5083,-5.1391,4.8361,3.0801,5.7093,-5.3207,9.4774,1.2448,0.5734,-6.3989,6.6077,-9.3899,-6.6436,-5.1933,-6.6225,4.1546,3.7933,-9.0319,-8.5624,1.0015,-4.2494,5.9233,-8.1346,-2.3361,9.0715,4.1512,1.368,8.8518,-6.1306,4.9631,-9.4461,-7.4973,0.5898,-1.1128,4.2244,-4.3087,-5.0348,-4.5376,1.7681,-0.6997,-8.3552,-2.2064,2.2192,-2.1652,-1.0386,-1.8098,4.4295,-0.1029,9.0543,5.0987,-8.4718,-6.0761,-4.2333,6.5766,2.7807,-7.9712,5.1444,-0.4959,0.3608,-8.5231,2.5499,4.341,6.0593,3.3135,5.3248,-1.7395,0.1861,-5.7277,6.4967,9.6807
-1.406,-2.1837,-3.6285,8.351,8.8403,-6.0986,9.4883,-2.3683,1.7604,4.9303,5.039,-5.3601,-0.6828,8.2325,-7.504,1.9596,9.7961,0.8359,7.4519,-8.3595,-7.2242,8.8935,2.2468,-7.815,0.881,-6.7306,-8.2497,8.291,-8.1874,-7.2643,1.8475,-3.5776,5.9165,1.5777,-1.6336,-3.2711,0.831,0.2439,-4.0214,4.0004,-8.6849,0.9084,5.4243,0.721,-0.2822,-8.8065,7.7195,4.3726,2.4477,-2.9033,7.3214,-4.3197,-1.0476,-6.0341,-6.1556,4.8881,7.1566,3.1944,9.9716,-9.8377,-5.838,-2.051,4.8508,-4.2937,-2.2381,-3.2356,-1.4341,-5.1861,-5.482,-2.7056,-2.8167,-7.9073,7.9302,-5.283,8.5159,7.9913,-6.9325,0.6899,1.6695,-9.9867,3.3606,2.0522,4.3188,7.8581,-1.9714,-1.9781,0.1544,-2.2745,-9.8077,1.9857,3.5384,0.5563,-0.6626,-3.1777,-3.028,0.6833,-9.5205,5.2786,-1.4214,-4.156,4.0172,-6.9561,-4.3347,6.3018,-7.3249,1.2257,0.4886,-2.3901,6.3844,0.1369,-5.5359,8.7626,6.5832,4.308,9.5769,7.5234,6.3698,1.288,9.2391,-6.5674,-4.5368,-7.082,-1.9134,-2.9823,-2.9578,7.7171,-6.2959,-2.359,-3.9283,5.4318,0.9033,-6.9356,9.3229,3.3825,-7.7554,-3.9454,-7.5816,-1.3679,2.4157,-2.6354,-4.5024,-7.9975,4.427,9.2299,2.6812,5.4058,2.7694,-1.9032,3.6678,8.7904,-1.4737,5.0929,-5.9085,-5.302,0.6978,2.5826,2.9937,6.1233,6.9369,-4.6076,0.8135,6.77,1.9981,-2.5877,3.6901,3.2172,-9.1475,4.1603,-1.8053,1.5758,-0.7217,-1.5202,3.8992,6.6429,6.9804,2.6799,3.9904,7.7265,-5.8924,-0.6041,-0.4507,-3.8157,-1.8306,-5.1513,-1.9428,6.1613,-5.8994,-3.2751,-6.2507,-9.7827,-4.9643,9.8276,-7.6273,-9.8772,-2.5841,-8.7039,3.8907,1.1592,-9.1781,6.076
-1.4648,9.7731,-3.6572,-0.4954,4.0612,-0.8531,-4.858,3.449,-0.2698,4.3182,9.9315,-3.5857,-3.2288,-5.4696,9.8312,7.0466,7.3187,0.453,4.4254,8.6194,2.8468,4.363,-8.7163,6.0155,3.4187,-1.7451,-8.4164,-3.9397,-8.0547,-3.9523,-8.6592,-0.8807,-2.2169,5.5448,-1.6261,-3.4568,-9.06,4.0809,-7.5638,-0.6152,-3.0831,-5.2059,0.8022,6.7753,-2.3303,-4.2405,-9.5379,9.0849,-4.0062,0.2145,6.2552,-4.4096,1.8992,-5.3597,5.4687,9.609,5.8966,9.5954,9.3907,4.3352,-8.1096,1.9604,7.0,2.707,3.5839,-6.51,-5.5598,6.3838,1.1425,0.5081,6.5941,4.5342,-5.4259,9.3175,4.5107,1.877,-6.7367,1.0049,9.0145,0.9685,-6.6279,-8.6547,2.371,-4.7646,9.5898,8.5324,-1.0554,9.9787,-9.5573,-9.7916,2.045,5.3702,-8.9376,2.8154,1.8968,2.2935,3.3963,3.769,2.0699,-0.3781,-2.2111,9.7485,-6.6588,-4.5995,9.8631,2.3305,-5.971,5.2791,6.5878,-7.5649,-6.4842,6.8942,7.7529,-8.6406,-1.6635,-7.1933,-1.6487,4.2733,-5.1829,-3.4457,3.232,-7.6063,-0.3505,-5.5086,-0.0449,6.1924,2.4185,-3.6997,7.5586,7.5332,-0.3895,-7.6201,-6.7126,-6.3291,9.9106,-5.2045,-4.4775,-7.9536,-4.2889,4.7626,3.8291,6.7948,8.6451,-5.3992,-1.1551,-9.0844,-0.4928,4.1691,4.8184,-1.0459,-1.3264,4.6205,-1.6901,-6.6328,7.56,2.3857,4.3181,7.2703,-1.332,-6.6999,-1.8397,-0.4699,-3.7128,-4.5336,7.8964,-8.3032,-9.9029,-6.9441,-6.0801,7.3459,7.8443,3.2526,-8.6181,-8.2008,-4.4427,-4.728,-0.1789,-6.3818,-7.7645,4.7432,-6.6147,-2.7808,-2.8947,0.3512,-8.1671,-8.4226,0.3992,-2.5856,8.2197,6.4173,7.2333,-3.4954,-4.3849,7.1217,5.9369,-0.1969,7.9306,-8.8953,-3.6275,-7.3709
-1.5132,-5.2715,-6.4757,1.6357,5.5851,9.608,7.9713,8.543,-0.5092,1.8888,9.6352,6.8249,-9.6322,5.5955,0.7958,3.227,-5.4033,-4.5659,-9.735,4.0522,5.0265,-5.5466,-1.6799,-6.9224,-0.4202,-2.6482,-6.1916,6.8904,2.0397,-0.9723,7.7505,5.0196,-6.1868,-9.2393,4.9985,-6.1725,1.8883,-1.4959,8.4845,-0.5854,4.1917,-6.3645,1.6509,-6.7914,-7.7704,9.6338,3.3588,-6.1824,5.5861,-2.0376,2.9257,-1.4522,3.8886,2.1961,-6.9967,4.2966,7.5395,-4.7428,-8.6219,1.0235,-5.1169,-2.0947,-0.5605,3.2621,7.9958,-4.1272,-9.3762,7.4118,3.5239,0.0918,5.569,0.8441,-4.8948,-1.9998,-2.152,-3.4433,0.6655,1.7141,-4.9522,-3.3156,-3.5041,-7.1872,-5.836,9.9795,7.0622,-3.2401,1.6436,-7.055,3.3448,3.0068,-7.0056,-9.9199,-8.9057,2.8624,-2.473,7.6393,0.8792,-8.2954,-2.4558,-9.5957,0.1359,6.7196,-4.3982,3.5585,-9.8334,-3.8529,5.0379,-0.7878,-2.7065,-8.8815,4.087,-4.1441,0.1868,9.8334,-6.4314,-9.4024,-1.8573,7.2039,6.454,8.1109,8.7891,-4.1576,-8.1955,6.5428,-7.8215,4.4955,1.2035,0.0949,8.0219,8.9005,-7.6221,4.2334,6.9649,-0.4237,1.281,-1.8747,-1.784,-7.2497,-5.2898,-2.3204,7.8632,1.9687,1.7041,-9.0387,-1.2059,-9.6484,-2.4656,0.7236,-3.6053,-6.1439,-8.6943,8.5665,-0.6995,-8.9471,6.721,-2.3767,8.7199,9.7114,-1.4303,-1.0171,6.5785,-2.9053,1.9167,-8.1753,-2.7492,-7.8256,-7.0949,-2.0075,-9.7489,-7.5053,-6.8053,-2.3493,6.7572,3.3293,-5.0353,-7.5068,4.7302,0.0795,4.1992,-8.358,-2.0233,-9.2243,5.2937,-1.7054,5.3864,1.9315,6.3199,2.0384,0.7958,4.3389,0.1827,2.8733,-3.9377,9.1165,-9.9003,3.3934,5.7409,9.3417,9.6618,-8.6693
3.6522,-0.2394,-3.1075,-1.9079,0.0855,6.0629,-4.3836,-9.2636,-7.6258,-9.407,-6.6004,3.996,-4.4899,-9.9438,-4.4388,5.489,-0.5488,2.0254,3.8899,-4.4765,8.0187,-5.8869,-4.3138,9.9523,6.0715,-9.2461,8.9986,6.1302,-1.0871,6.03,-4.0266,-6.3612,-5.7888,-0.4196,1.8155,-4.9334,8.8242,-7.5397,-2.033,3.0569,-7.9909,-1.9757,2.4975,2.0154,8.8219,4.1884,-8.7954,-5.4381,-6.8534,6.2717,-0.8108,7.0807,-9.5615,-7.5691,1.919,6.9512,-8.2369,-0.9277,-3.4335,-7.9031,-3.1349,-3.4528,-0.5619,4.7229,9.6278,-8.9344,4.8191,-0.8934,1.4085,8.8948,-0.2323,1.82,9.4481,-0.5503,-9.8074,-5.213,-1.1413,2.0371,-0.6287,-0.5207,-2.6359,-8.4789,0.9742,9.0108,4.5466,0.3595,-5.9543,-1.6172,-6.397,-0.0153,-1.9746,-7.5899,-7.7432,-1.362,-3.3273,-6.0606,7.87,9.9921,4.9355,6.6656,-0.9801,8.9754,2.7477,4.8884,-9.3576,-2.7925,1.0037,6.4864,-3.5502,6.4503,2.2588,5.8389,-2.1989,7.5529,-6.8347,-9.446,2.5732,5.7353,-8.5066,-3.8859,-1.7078,-3.5975,-3.3654,-7.6795,1.5682,-4.4528,5.9563,-4.6293,-7.7669,3.3686,0.1705,2.5762,9.9714,-5.6447,6.8265,-8.8937,9.7888,-0.4294,-9.8325,-8.848,9.6986,-7.1862,0.0713,-4.4521,0.2031,-9.9842,2.1014,4.267,-8.8633,-8.0353,-7.6444,-2.0364,-1.4921,6.6761,9.4723,-1.5015,0.1682,-0.772,5.9704,-8.4764,-7.1873,8.9111,2.2243,8.5177,-3.2322,-0.9233,3.9354,-2.2422,4.9401,-8.0802,-5.426,9.3003,8.1869,0.8726,2.0412,-8.2016,-3.1058,0.3659,-5.1032,4.3038,6.1292,-3.5065,3.9264,-4.3522,5.1692,5.5674,-4.9825,-6.5435,-8.6719,7.686,6.4398,-6.7495,-5.2253,-5.2572,-9.4002,8.3292,7.7628,6.6733,3.4581,3.0428
-4.799,-5.4376,6.0334,3.5836,6.5339,-4.4425,4.8318,6.658,-1.3123,8.9401,7.6515,-0.5104,-3.6647,-5.2225,0.4779,-4.8642,-3.0364,-7.9626,1.5284,4.565,-7.0401,3.8707,-0.3001,5.6446,-3.8382,0.3119,5.2814,-0.6345,9.2674,-6.8476,3.664,-2.4119,8.3454,-2.9607,3.7852,-0.459,-6.1051,0.9537,0.544,-3.2586,-8.5696,-0.0274,-4.7307,5.4775,5.4906,5.0034,-0.7622,7.6259,-0.1349,-9.9143,-2.6593,-5.1919,-9.036,-9.5478,0.6815,8.401,-8.0336,-8.8328,-6.4449,8.7325,-4.801,9.2046,1.3758,8.1147,3.9131,9.267,-7.755,-7.1862,-3.3916,-0.3777,-9.0118,-3.363,-3.4684,-1.8638,4.6004,-1.0702,-3.5425,9.1252,9.5891,5.8596,-6.3552,-9.2577,3.5722,-8.3068,-6.5907,-5.452,-0.076,-4.1489,6.9371,7.5235,1.7119,-8.0003,-3.139,-6.5709,5.2371,9.7997,7.8583,-2.6685,-5.693,1.5037,6.045,8.0319,-0.2518,-0.8942,2.6637,-4.0468,-2.0471,-1.6166,-5.8143,1.7133,-3.1718,5.3522,0.3806,3.2173,-8.5813,7.1974,6.9294,-2.4243,0.4069,9.9349,-3.6759,-1.2374,9.8717,9.7437,-9.2907,-2.3127,5.4386,9.3563,-9.7064,-5.5426,8.0958,6.1655,8.2365,-7.2039,5.9034,-9.0804,0.4157,-1.0182,-9.0405,6.5612,2.2257,-9.8818,4.4955,-7.211,-0.6901,-8.1861,-7.5237,3.1584,-9.1219,-2.838,-9.0289,9.4751,-7.4121,-7.4355,8.1661,5.0216,-8.5001,3.0157,5.2159,-0.0394,8.9334,-3.5027,0.8155,-5.193,-1.5742,-3.7883,9.2752,0.5817,6.8908,4.9684,-4.2798,-0.6404,1.1206,4.2752,-1.137,7.7525,-0.8595,7.0585,9.5163,-3.2134,-2.5942,-5.0065,-1.9694,7.3715,-1.3908,-0.7111,7.3627,-9.3494,-6.9376,8.5842,1.3681,3.3731,-5.5961,4.7345,0.5234,-0.3158,-0.1788,-6.4469,2.2294,4.0618
7.8522,3.3933,-1.8655,8.386,3.8214,-4.827,-0.3302,0.1992,-5.1419,4.8099,-1.2583,-2.8484,-3.6379,1.1309,-0.8369,9.7535,-1.9228,-3.1787,-9.9312,-2.7021,-2.1369,0.5457,-3.7133,8.395,-9.9984,-9.1142,6.2589,0.4073,-6.991,4.7539,-5.9722,0.7384,-5.7416,9.1054,-3.4933,8.8641,4.0598,4.993,-7.9767,-8.4779,-6.7442,9.9707,5.986,-3.0241,-7.7815,-8.4553,2.2584,-8.9539,0.4015,1.5842,-1.0472,-7.7631,-2.4831,-9.2878,9.7888,-7.109,-1.2052,-2.9492,8.3211,2.504,-1.1776,-3.5243,-0.1399,2.3582,7.689,9.3879,4.5184,4.897,-1.2215,7.6556,4.4361,5.8743,8.6008,-4.875,-8.0038,1.8425,-3.1971,2.8516,9.3659,-2.323,7.8899,8.4958,8.5429,-2.3338,-4.8314,2.2732,5.6563,7.6636,-1.8369,-1.5046,3.8774,1.8694,8.0464,0.7332,-0.2685,-5.6572,-5.2743,-3.2462,7.3372,-4.9865,6.0895,8.5515,-9.096,0.7974,7.1998,5.7893,4.4841,-2.8127,-7.5293,-2.9349,-2.731,-4.8443,9.0574,3.0615,7.4847,-3.5612,-7.0092,-6.8857,-4.5232,-6.2862,5.1357,2.8419,-1.3934,-7.4188,6.6827,-0.9493,-6.2571,4.5873,-8.6284,4.5084,-3.9009,-2.673,9.3552,-9.181,0.943,-6.1314,9.7415,2.1809,9.2016,-0.4849,-7.7285,-0.9797,-5.4997,-4.9208,1.1154,-8.2274,-2.8383,-2.1327,-2.1412,6.5331,-6.4175,1.118,1.4455,1.7983,-3.9169,-7.018,0.0864,4.2692,6.2156,-2.7302,-3.4966,-2.0606,-0.362,7.5816,-2.6591,5.5884,9.236,5.745,-2.5267,3.8047,-2.2346,-6.4629,6.7969,-7.203,-3.1342,-2.2086,8.6904,-0.246,2.5817,-0.7287,5.688,6.4765,-4.9891,-0.8494,9.8441,-0.9009,-6.7054,-2.5531,6.0831,-2.2729,-6.9614,-6.2622,5.5729,-5.9603,4.9975,-8.4011,-9.865,-3.584,-7.8235,8.6355
-5.5957,1.0986,9.4518,2.4345,2.53,-5.6969,-6.5015,-9.0532,-0.8494,1.5259,-0.2515,6.2728,-7.1632,6.6682,1.8159,-8.2331,-6.7834,5.4207,0.595,4.8383,-5.1873,-5.5112,-0.2163,6.2984,0.7168,9.551,5.2356,4.9006,8.6992,4.0303,7.2895,-2.0457,2.5332,-4.2559,1.5727,8.3502,-6.9011,2.4789,-3.7301,3.7814,6.8308,9.183,9.1021,-4.1843,8.883,-5.7596,9.9517,1.4546,4.656,7.2288,2.1623,-7.9138,-5.9874,2.0881,3.8722,6.3892,-0.4243,-9.6094,7.6334,0.3786,-1.6101,-3.386,-0.3403,-0.3833,-5.392,-7.7955,-9.5068,-1.7261,7.9348,3.332,-1.4421,-9.3124,-7.0057,2.5898,-1.5836,6.0253,8.2341,-0.7255,-0.3385,-1.4073,-9.0863,-0.4419,-4.0295,3.9048,6.2618,-9.7804,-6.9389,1.8538,4.2907,-9.712,4.5418,-0.2795,0.4966,3.27,-2.5201,-7.4163,3.1713,3.3209,-6.7504,7.7345,4.8709,-7.133,-9.2191,1.3188,-7.8983,8.5147,-0.6836,3.6289,3.5942,-1.7165,-9.3242,-2.6687,-1.0669,3.6001,-9.5825,1.0561,-3.5492,-4.6276,1.4819,-4.952,-7.287,-9.1707,-6.0014,6.8593,7.5635,0.6463,4.3025,-1.1787,4.9935,5.9575,5.5143,4.1654,9.6899,1.5816,-9.9043,8.3755,6.8831,-1.6031,3.4957,-5.487,-0.2682,7.7089,1.9827,-1.04,-4.6839,-4.2826,-3.0232,-4.9837,-0.7006,9.5548,-5.0365,-3.9046,4.4011,0.3729,-0.3708,2.7092,-6.9321,-3.552,9.8784,9.6791,-2.7473,-4.4512,-0.4413,-8.284,1.4936,3.2342,-4.1221,-9.0793,-6.5814,3.9698,-5.4587,-8.6943,-0.0471,-0.2409,1.3441,6.9857,7.9458,-0.4832,0.6691,-3.4916,5.6542,-4.2941,-2.3641,1.9679,-6.986,-2.4087,-3.8999,8.675,1.85,-2.6307,4.541,6.1769,9.9784,-5.3607,9.4976,-8.9301,-3.8466,-6.3601,7.6412,2.6578
-5.0632,4.6318,-7.3788,-2.2192,0.5688,1.2425,-8.5789,2.3741,-2.7133,-9.5828,7.7686,-5.8453,8.7038,5.2823,3.3256,6.0256,-3.8371,-7.0439,9.058,1.0532,9.3374,-9.3305,-3.6222,1.7635,-1.2772,-7.5143,-6.3143,-9.9333,-5.2232,2.1438,-3.7802,-2.7658,-0.0302,1.1163,-9.8397,-3.4704,2.6517,7.3176,6.5231,2.7077,-5.9494,2.8586,2.6953,-1.9861,9.8618,1.6883,3.5238,-9.1049,6.3982,-0.5814,-1.2052,-0.8869,-8.9515,8.657,5.5206,-8.1457,5.4109,-1.6149,5.8357,-7.1906,-6.4909,0.9854,2.501,9.1987,6.6378,-2.4757,-2.4524,-3.347,-4.4347,-0.2882,-5.8763,-6.8389,-1.698,2.0309,-4.2282,2.0114,7.8139,6.9304,-4.5308,-4.4636,-5.8794,7.9087,4.6184,-8.5961,3.8896,6.8768,-5.1913,-3.9269,3.6983,1.1509,-5.3572,-8.2834,5.3637,9.5444,0.4376,-6.2055,-1.4956,3.1367,6.0397,-9.4431,-2.8932,-1.4569,-1.8482,-8.6015,-2.7648,-8.5548,3.7076,-5.4888,9.338,7.192,-7.102,-7.4108,4.7823,-3.2205,-0.0959,-0.3265,6.9053,6.7823,-3.3129,0.1828,0.7078,9.9735,1.7599,3.1721,3.4921,6.7587,-0.9597,-3.1723,-2.641,5.7656,-4.7047,1.0255,1.0787,-2.597,1.7819,-5.844,2.6103,0.6561,2.4522,4.6051,-7.8322,-1.3982,3.4978,6.2049,6.7827,-8.1498,-0.4123,2.579,9.1396,-8.2238,5.1978,7.2856,-4.2686,2.42,-8.8253,-8.0628,4.3692,6.8347,4.9184,-6.1093,-1.32,-8.6477,4.4144,4.1037,-8.2948,3.1637,-9.8605,-6.6507,4.3753,-5.0579,9.4579,-7.0911,9.5964,8.1055,6.5909,1.5378,0.3553,-7.3456,-2.2743,-3.034,-0.3388,-5.189,3.6077,8.873,2.2318,0.9283,7.9228,-5.1702,9.0346,-3.6632,-9.7178,4.2317,6.0915,-0.4157,-2.2461,6.977,-7.1472,5.1731,5.307,4.1672
-1.2768,-3.1485,8.0992,-5.2343,-2.1391,9.3819,0.8814,4.854,4.3747,-1.3249,-6.437,4.3278,3.4085,-0.1155,4.1662,0.2851,-8.3624,7.0479,7.0192,-2.0787,7.2128,-4.6101,5.1846,6.396,-4.294,8.6663,8.4841,-4.2062,-6.3662,-0.5481,-2.9595,4.0695,7.236,-2.6794,-6.7277,4.8847,-0.8153,5.2615,6.8287,-5.2433,-5.6669,3.4841,-7.5406,1.4262,4.0465,9.9437,-6.8909,-8.0185,-2.5182,-8.7419,-4.447,1.8419,-4.2633,8.6414,-2.8423,-1.8087,1.5893,7.2642,1.0064,-3.5016,-7.156,-3.1758,-1.7928,-9.8844,-2.3538,6.6478,5.2174,7.9567,-2.555,-0.1567,0.37,3.8702,5.2339,7.5431,2.4971,-4.0066,-2.0871,5.2534,-4.6078,0.1173,-8.8418,3.2,-3.8948,3.3763,-6.3297,-7.4633,-6.6407,-1.2108,-4.3934,4.4376,9.8018,-5.2978,1.1093,7.7206,4.9786,-1.8949,-7.3558,-3.3959,3.1443,-2.3962,-2.0938,-9.2599,-1.4079,-8.4138,7.5033,1.8081,5.9358,-1.5633,0.0798,-4.5658,3.3759,9.5336,6.054,0.895,6.1969,-4.9238,-8.5081,6.8497,-8.1568,-0.4905,5.33,-9.4397,4.7734,-9.0152,-7.1362,1.006,9.9113,-1.8237,-9.9234,-3.4264,-8.7075,0.8982,2.1799,-9.841,-5.8157,-8.8775,0.2368,-1.7239,3.8923,-8.0453,1.8799,-9.4817,-7.5886,-7.8247,-0.1748,-9.2205,6.1374,0.6251,5.6867,-2.933,-4.5073,8.9188,8.4609,3.3932,9.9956,-8.9292,-3.2111,4.1134,-3.3686,7.1153,-3.0611,2.8478,3.0524,-8.8896,-7.7316,0.6156,7.3439,-9.9705,-3.0253,-8.301,3.265,-4.5378,-5.8264,9.8705,-8.9733,-2.9339,-7.2408,-9.9567,-8.2463,-8.263,-8.7653,0.9719,-9.4243,7.6599,-6.5977,-0.4272,3.1694,0.1432,1.4936,3.7592,0.9338,9.818,-3.3809,9.6934,0.5639,1.6067,-1.1871,0.933,8.7296,-8.2043
-6.3552,7.3488,-6.3685,-1.3708,5.8864,-0.5788,-8.077,-1.1676,-1.5242,2.0669,8.9406,-5.5277,2.4292,5.0233,-4.2292,-1.1155,0.7069,9.6416,1.9133,-8.8565,7.1329,-1.4149,4.278,2.2669,6.9424,1.2058,-6.665,-0.7959,-7.0314,0.629,2.1824,0.0672,-3.6656,-1.0132,1.4623,-3.7446,9.6956,-4.1423,-0.0594,5.0005,6.2661,3.1113,-0.8398,-6.9536,0.2632,5.4711,-7.9265,5.1616,-1.1361,4.0115,2.0814,3.7086,0.3853,4.2388,6.537,8.1555,4.2939,2.596,0.358,-7.1631,-9.3155,-8.245,-7.9983,4.3675,4.3979,-1.762,-7.7916,9.2083,-2.6469,0.9036,3.4525,-0.8095,-1.5595,0.2616,8.8912,-2.7072,3.3424,-0.7875,5.4914,9.9024,7.9332,0.5457,2.5617,-8.9195,-0.117,2.1261,0.8295,0.3098,-6.3068,-4.1699,5.6128,-2.4769,-7.4182,0.347,-5.3579,1.9687,9.5064,7.2641,-0.1824,-1.8382,0.7154,-9.7687,3.2562,-2.7726,1.3028,-2.5671,-1.6329,-2.5224,-2.1863,2.3332,-8.1349,-3.8285,8.2008,7.4757,-9.7114,-3.8413,4.3244,1.6613,7.6241,0.4073,6.3994,-8.672,-2.8089,-6.2847,1.3966,-2.2358,5.6542,7.9394,-4.7395,1.9636,9.4981,-3.6261,-8.0155,1.7141,5.1821,3.5047,-1.7477,-8.9018,5.763,-2.7289,-7.5691,-3.6561,-9.38,-1.3791,6.8913,-4.3173,-0.0576,-2.0495,-4.331,3.2203,4.0613,-3.9109,-3.6593,0.4855,-9.185,-8.7185,-3.1561,8.4762,-0.327,-2.3361,-4.1639,-0.4713,7.1244,-6.8169,4.8912,-4.9167,3.9941,-5.5717,4.6694,-2.3795,-4.4663,-4.1472,-2.6648,-6.0036,2.5065,-7.7276,-5.9496,-8.9689,9.7149,-9.8818,4.0211,3.69,3.766,8.3913,-1.4478,-9.6235,-1.7048,-2.3411,6.7552,7.391,7.9269,4.2476,3.7202,-3.0699,2.9504,3.5266,8.7681,4.3996,-2.1217,-8.2372
-9.3014,-2.4825,5.8484,-0.6495,8.6454,2.125,-0.0313,-3.2541,4.6006,4.5604,2.6439,1.284,6.9938,8.0766,6.3237,-3.7541,-8.8902,6.3652,-9.6447,6.9143,-6.414,-8.6711,1.5546,9.5956,8.1464,-4.3205,7.717,8.4616,-5.5496,-0.4288,2.3764,-2.473,9.4759,-4.0295,4.4091,5.1081,5.8731,4.3568,7.997,3.9315,-7.287,-1.2422,3.022,-0.8611,4.4558,4.8857,-9.988,4.0949,8.6199,2.0246,6.1697,0.7443,-6.569,3.5732,-9.5761,1.9112,-5.2821,-2.4409,-6.9963,-1.0486,-2.4956,-2.7139,0.2919,4.5723,4.7504,-0.0087,-7.7933,-2.1993,3.201,7.4613,-7.1529,3.3413,-9.0605,-4.9051,-0.4463,0.2057,9.1933,7.2494,0.4173,-6.2612,-9.3083,-2.0317,4.8835,8.8349,5.4593,-4.7906,-8.3956,6.7706,-0.8807,7.4219,3.5593,-2.0234,5.4527,-5.3824,-1.7037,6.628,9.9423,-5.9507,-2.6103,-2.6812,5.0733,6.3038,-5.7663,-5.6274,-0.6469,-6.2308,1.6703,-6.2789,-9.74,-4.1637,1.1642,9.0608,7.6585,-1.5545,-7.0276,1.7944,-1.92,-0.8539,-8.8762,5.9476,8.5982,1.2625,8.1171,-1.7023,-8.8821,-8.4311,-0.9877,-9.05,7.5695,2.3823,-4.3517,1.8954,-4.6448,-0.496,-2.9415,1.6829,-6.6964,-7.3622,-8.6227,2.9389,-0.0118,-4.5544,3.9887,-6.6237,4.7296,-7.656,7.3291,-2.5766,-7.4694,0.3571,-1.3173,6.1459,-0.7564,1.2526,5.6059,1.4212,-0.2307,-0.5662,-1.5653,-6.2277,2.1918,5.7334,4.3171,-0.3392,-8.6119,4.1182,-9.7289,7.0756,3.5243,4.9525,7.832,-1.2386,6.5218,8.2275,-6.5335,-6.5408,7.205,0.4053,-6.2129,-4.6972,-7.8238,-0.97,6.1706,5.9259,5.7055,-2.9497,8.0596,-6.8275,7.3613,6.2617,0.3185,5.6782,-3.3993,-8.7764,7.173,4.8417,8.3705,3.662,0.2766,-1.2042
0.1848,-3.6329,5.2942,1.6073,-0.4581,-6.2082,-7.9641,-7.4672,-2.7662,6.9112,3.7333,-3.9587,4.0649,-6.2739,-6.1405,6.2504,-7.4031,5.9023,0.788,7.4693,-0.8959,4.7033,-9.1327,-6.0314,7.9051,9.1712,-8.2147,-5.128,-3.915,-8.4586,6.2945,4.7363,4.8495,-0.2757,-0.8428,4.4469,-5.4183,8.2162,-7.1385,6.3215,-9.5109,-7.3934,-6.3852,-5.78,7.5184,0.1464,5.6248,3.7674,7.9191,1.4469,-4.9333,-5.857,-5.1428,5.2473,-6.799,-7.8316,4.3526,-1.619,4.6828,-8.282,7.811,-1.3284,3.8972,0.4986,-4.4047,5.754,5.3921,8.1884,9.9905,-9.9697,4.469,-6.5083,1.8039,2.1259,-3.2409,8.3232,-9.4512,5.9366,-6.2811,4.6859,-7.4165,-4.2376,2.3761,-8.3445,-1.3373,-9.6724,6.6095,4.2462,-6.524,9.3456,4.8207,-9.9022,0.8551,4.7757,-8.4631,4.8743,7.3862,0.6424,-6.6211,-5.624,-8.5624,-5.1061,-7.1443,2.0041,0.2855,-6.9356,1.944,-8.6676,4.5037,6.8965,1.1907,-7.7745,5.5135,-7.0003,1.8615,3.2402,1.2082,9.6796,6.3245,6.3044,6.5487,-2.7554,-6.5305,7.1014,3.7065,-5.0956,3.5936,0.8796,-4.4882,-2.3195,-0.566,-9.4614,3.6584,7.0207,-8.5208,9.9746,-4.7109,4.6806,-3.8685,8.5812,-3.2464,8.7416,-2.057,-4.3066,-2.6716,8.6792,5.1473,-8.5429,7.384,-7.1777,4.3769,-9.5168,4.6164,-4.9976,-8.2229,4.282,-0.5258,8.1663,-7.1425,8.1131,4.6377,9.6463,-5.205,-1.7256,-2.2993,-7.732,-1.2465,-4.0541,-0.1189,-6.0666,7.697,-4.2381,8.7864,-0.382,-9.2187,0.2923,-4.0396,5.2088,8.6609,8.0015,-8.2021,-1.1457,1.5346,-8.4721,-1.941,-7.3776,-7.6365,9.6994,0.3866,7.3985,-3.6903,-6.45,-7.8438,-7.1086,6.4686,-6.9304,-9.7663,-2.5479,1.5449,-1.7975
-9.8415,0.6263,-8.2771,-1.5501,-3.3846,-1.3651,-0.561,-5.0091,0.2124,9.6949,9.1162,-6.5219,-9.7917,9.5401,9.4065,-8.2681,-6.6199,5.1944,7.5006,-2.2809,-0.8106,-4.5922,-0.2965,7.6638,0.1662,3.7125,1.4993,2.3545,3.2857,8.8879,8.2707,2.5324,2.6811,-7.293,-9.0459,6.8395,-6.9464,5.6755,-0.7206,5.7684,5.2342,-9.8379,-6.144,3.8154,-6.2874,8.7501,7.4556,-4.5564,3.644,-1.9662,-6.7293,7.1668,-9.6422,-3.8442,-8.1947,-4.7452,2.211,-7.4904,-5.874,-8.1423,6.3307,8.9711,9.8048,9.0912,-7.0097,-2.4748,-6.721,-1.6588,-5.3174,6.4863,-4.0866,0.9706,3.4386,-1.948,9.0736,7.8247,7.728,-1.5896,2.4058,-5.0834,-2.1488,9.8382,4.6361,-8.5705,-9.5343,9.9086,9.913,4.381,-4.1834,7.9443,-3.6986,2.3655,1.76,7.6424,-4.657,-5.9294,2.0665,9.2009,6.4254,1.4358,2.4253,5.2122,1.1977,7.1854,3.1133,1.7802,9.8723,-1.9982,-7.5007,5.9252,-9.9709,7.6747,-6.1393,6.5313,-6.9784,-8.365,8.837,3.2446,4.0499,1.353,-6.2921,0.0185,-0.8084,2.7795,7.0251,-6.3496,6.751,-0.7287,-1.327,1.6883,3.0683,-5.9245,-3.3637,7.0795,-1.3597,-3.3445,2.3817,-7.4671,-5.8158,-6.986,-6.793,8.9636,-0.3321,-2.6434,4.1706,-0.4301,4.5663,-1.9442,6.7188,-6.5004,7.2953,5.6902,-3.2751,-0.5485,-2.5794,-6.6564,3.2481,3.1526,-6.9484,3.4177,-7.4164,4.5511,-3.8983,0.8229,-7.0777,2.6413,-8.0465,9.2868,-0.3862,4.044,-4.4708,-8.8001,4.833,0.2923,3.7761,8.4395,7.6309,5.3103,-7.4849,-5.5442,5.06,5.4855,-6.1216,-6.784,3.4706,3.4216,7.7002,7.0564,-6.2989,4.466,8.9881,2.4334,6.2457,-9.6712,-8.9896,0.9363,-0.593,-7.0914,-2.7301,5.9746
5.7709,9.183,-1.0872,8.9728,2.3425,-2.6675,-4.2147,1.897,-1.1953,-0.382,-8.6246,-7.3917,9.529,-3.2818,-8.3778,-6.4504,7.5387,8.9605,-2.0371,-2.7338,3.734,-8.0392,3.6621,2.9872,4.5349,-8.2664,9.3864,-5.9588,-2.3996,-3.8058,-7.6782,-7.7775,4.8844,-9.971,-2.0082,-1.5539,-1.9528,9.9202,1.4019,-8.5281,5.3891,0.5658,-4.315,6.2764,-7.1695,-1.4978,4.7765,-5.3676,-8.8221,-4.1311,-0.6331,2.101,-9.8312,2.9393,9.5757,-0.6522,5.7647,-6.4403,9.6453,-2.2769,2.0456,-3.0977,-5.9104,-0.209,-1.7874,-7.3821,3.8543,2.4677,1.7849,-3.135,2.7057,1.9308,8.1976,-0.5749,2.6502,-4.3404,-7.5348,-4.7207,2.5787,9.9943,-0.8991,-3.751,2.2178,9.2037,-5.5469,-5.2926,0.3898,7.5133,-8.2223,4.9179,2.9713,2.7274,-2.6863,5.981,-6.6331,-7.8912,-2.151,-0.2284,-4.1153,4.3644,0.4618,2.4149,5.8781,3.0937,-7.6332,-7.3469,2.6297,-3.4462,-2.16,-0.4316,9.2813,7.373,-8.477,-8.8624,-9.9717,-7.7893,7.3137,9.121,-1.4623,-5.7765,1.6788,7.6259,2.7029,-5.8539,5.5829,-4.3601,7.8523,3.9023,6.0024,-9.2144,-8.1441,-0.1648,4.6034,3.6344,2.2993,-4.1489,-0.1894,5.4306,-9.897,8.7463,8.4744,-9.3057,6.5415,-1.5481,-3.3678,9.0976,9.9994,-1.1979,6.1554,9.1129,0.5778,-1.8363,-7.6633,-3.4922,4.3854,-0.7829,-7.1206,-6.3933,-7.5354,-2.796,2.9051,-9.1299,-6.1815,-9.1399,3.0977,-6.2644,-3.548,-6.5256,-1.5863,1.797,6.3133,-3.8608,-9.7876,-5.869,8.4555,7.4097,4.6195,-2.7965,3.3125,-7.0908,3.4139,-8.597,7.3157,-9.1551,2.2166,2.1591,-0.9491,0.0993,-9.8379,5.2738,-2.3669,1.1352,3.9648,-8.0626,-4.4502,8.4333,2.5284,-8.0343,2.7193,-6.4907
0.0108,-3.7954,-5.0367,-5.3876,7.8879,9.4554,2.7847,7.3576,9.9266,9.6651,9.5783,8.9646,-7.8221,5.471,-5.2614,-5.4242,3.0096,-5.0702,4.3801,6.7984,-5.0835,6.0735,-4.216,7.3863,6.7846,-6.182,7.1107,-2.4398,8.7012,8.3605,-3.9994,0.2332,-3.9568,7.1833,-7.0734,-2.1405,-3.6964,-0.1671,-4.0017,-6.1938,-6.7774,0.0844,7.3945,0.0034,7.6435,4.4125,-3.3043,4.3159,2.113,-8.6206,-2.0415,-8.7617,-5.7223,3.8707,-1.1761,-6.8037,-3.1387,-0.3685,7.0825,-7.2506,0.6137,-9.8684,-5.9842,-0.7665,-3.9463,-2.6166,-0.0913,-6.5449,4.4587,-5.3942,9.9232,2.3866,7.1325,-0.6451,2.5967,-6.8029,7.9442,8.3698,-5.2076,-5.2229,-3.5057,2.9911,3.9053,2.5868,-8.5026,-0.2982,-8.0046,7.3134,-8.3507,-7.5069,-6.4782,-1.4877,-1.8713,-6.069,-8.5221,6.7465,4.0039,-1.2187,-7.1468,-0.1331,-1.9911,0.9188,2.2953,-5.8046,-4.9684,1.6621,-8.7044,5.401,3.0779,-7.1306,-3.9274,-8.8801,-3.8792,-0.0551,-2.3073,0.4957,3.5661,5.4031,-7.757,9.0105,3.87,-5.7423,-3.1,-5.4393,-3.3359,-5.2114,1.6189,3.9338,0.8551,-5.9103,1.6399,-4.6245,2.7395,-8.4006,-2.5452,3.742,-1.0356,-7.7134,-7.5309,-1.6782,8.368,0.631,-6.5212,-4.9785,0.7846,9.7543,-9.3628,-5.6579,-6.8492,2.6781,4.7683,3.4185,-5.2776,-9.3342,-3.9596,1.7914,-7.8251,4.6467,-6.4222,-9.9751,4.7852,-3.9961,3.0355,2.7629,8.6479,9.236,-4.9567,5.7463,6.1708,0.085,1.5216,9.7458,-5.1372,-8.7027,-4.9456,-1.6753,1.3692,5.1029,-5.155,-6.532,3.2854,4.2158,-1.3418,-8.4721,-6.0173,-1.5705,2.9661,-8.2089,5.1404,-2.9669,-8.449,6.4067,-8.2496,-6.269,1.5938,8.574,7.0167,8.3023,-3.3246,-6.1477
-4.2063,-7.8148,0.5537,9.1707,-3.7258,3.1298,-6.4018,-7.4619,-2.6036,-3.6311,-2.4636,2.668,-8.1536,-4.6378,3.9694,1.6723,-2.8722,8.6488,3.7788,-8.2256,-3.8842,6.7116,-9.1306,-8.1854,-1.1016,-9.7949,-6.8282,5.1983,-4.5208,0.6635,0.2361,-8.2316,7.7152,9.9571,-7.4824,-4.8964,-3.3658,-5.5295,-7.5423,5.6943,-3.4231,-0.9963,4.6224,-9.3309,-3.1757,-6.8471,8.9472,-9.0078,6.1604,-3.5981,8.3085,-0.1104,4.3926,3.8896,2.0067,-1.206,7.1591,4.3405,8.4382,8.0627,7.7585,1.0773,1.5057,5.0513,-7.9254,-7.9367,-9.141,-9.7573,6.1186,3.5228,-6.6683,2.5043,9.8584,-7.7167,-5.2547,4.8127,-6.7685,9.7894,5.5624,-7.0276,-4.7234,0.4542,-5.5975,-0.3997,1.0202,-3.2368,1.5454,-5.3679,-3.384,-0.9165,-0.8688,-8.3315,5.1004,3.1915,-7.2837,-8.9267,2.3121,9.7086,0.854,2.9379,2.2808,9.9198,-6.4606,-3.4135,1.805,6.5783,-1.9031,3.9322,-8.71,-0.787,9.7671,-9.5715,-7.588,-8.0599,3.4347,5.9285,-8.6029,-1.91,-6.5149,7.3159,3.4704,-4.1084,1.9601,1.1187,-5.3918,0.7103,0.6121,9.1761,3.9441,8.4438,-6.7824,-5.3082,1.4609,1.8567,-0.3586,7.7728,6.0228,7.2881,8.5605,7.83,-1.7028,-8.2371,9.8263,3.6474,9.5674,8.7594,-3.0644,-1.712,9.0114,-2.1628,2.4927,3.7916,7.9452,-0.2272,4.5497,-3.7741,-0.1867,8.8871,0.3857,-2.4084,4.3056,-4.3703,4.9508,-7.9999,2.6427,-0.9897,1.6651,-0.2183,-9.9297,9.8045,-1.6109,9.7388,-3.2334,8.5805,9.295,7.9454,9.2598,6.3945,4.3891,-2.638,-3.9695,8.3631,-2.3612,-9.0344,0.8857,-8.3601,-9.2612,-8.9472,-7.2761,8.725,-8.5544,4.8238,-9.0829,-2.2048,7.7434,-7.404,1.8186,7.9798,9.4059,-6.7096
1.9977,9.1418,-9.5458,-8.7378,-4.1995,3.104,-2.0729,-8.7988,-2.5523,3.7102,0.6552,8.1507,-3.5699,9.236,0.2239,-0.4967,4.2447,4.0692,-6.7578,-4.4195,-9.9321,6.7628,-7.2156,6.5132,-3.5338,-4.0099,-4.9003,1.3981,-3.9958,2.5549,3.323,5.1467,0.5231,6.107,1.4969,-5.1833,2.838,-8.6332,6.6496,-0.2693,6.0363,-9.6693,2.2887,4.6636,6.2071,3.1603,-2.0522,3.347,-0.7012,6.8262,8.6248,-9.0146,2.5075,-5.4246,1.9573,-3.3304,-0.1539,-9.6074,-9.0701,3.8468,-3.192,6.4236,6.1187,-5.6447,-2.6036,-5.0484,-8.3948,6.7193,-3.6397,-4.2134,4.6087,6.3455,-2.729,-7.0561,2.3198,7.5158,-5.8902,-5.375,3.1832,2.7704,6.8283,4.6856,8.084,-9.6367,-3.2059,-8.9606,-2.54,-9.4446,3.7596,8.245,-3.5955,-6.83,0.7239,-0.6247,4.4123,4.8183,-7.5775,-1.4965,4.7704,-1.9013,2.8477,-9.9412,-6.8613,2.5517,7.4481,7.8196,-4.3178,-4.6978,0.5969,9.6167,0.1802,-0.4315,-6.6332,-4.0018,4.0318,9.98,-1.526,-5.1963,1.3178,7.1545,2.4451,2.2796,2.694,-9.6675,-8.3599,-7.7111,-1.9728,6.7736,5.1975,-3.7496,5.327,-1.5581,3.0598,5.5794,-8.4573,1.4235,8.9435,9.3399,7.1643,-9.3732,-2.8028,6.8305,0.2662,6.2148,-4.2237,6.6374,-8.8321,-0.3911,0.1216,4.9917,6.4655,3.6768,5.0837,7.1825,-9.906,3.6699,-7.998,0.1217,-3.4868,-9.3008,-3.7541,-2.7512,3.5569,-5.1547,-8.2371,-6.4047,2.0208,6.0606,-0.234,-9.6599,5.0441,0.525,0.809,0.8249,-8.5926,-8.1074,-9.5041,4.5872,-5.6657,-0.6844,-2.1539,-9.4641,9.2174,1.266,1.9941,-1.2715,8.0526,0.3939,-0.7494,-2.3069,-0.0789,-9.9791,9.4181,2.5362,4.3738,6.413,-2.221,-7.1576,3.4356,6.8199
-4.5755,-5.7886,-5.6051,-7.0379,9.0928,-2.6855,-5.33,-8.0014,-9.6378,1.9656,6.0018,7.9488,-1.6033,-4.8076,-6.3157,7.6506,-2.2118,8.2442,-1.748,-5.1761,3.5327,2.3797,-5.7634,-9.597,-7.8799,-7.9454,8.1102,-1.3756,1.1797,8.1687,-6.6069,5.4206,3.2006,-0.6114,-9.4935,5.9118,8.3283,-8.7984,-6.6144,-2.3588,9.3184,-4.1845,-3.8159,-7.5918,1.405,3.1667,5.7772,-9.1828,-3.8253,9.8081,6.5181,-7.0381,1.8334,-4.5394,-5.5647,2.3264,-3.5684,4.7066,5.6473,-7.7161,-0.2682,-8.4992,-5.3975,-5.159,-1.0052,9.4405,5.5712,0.0911,3.2797,4.0221,7.143,4.6754,-4.0135,-6.9507,-0.3081,-0.1235,-5.8421,-4.7672,-0.7395,-0.3545,1.6475,-4.6486,5.3278,2.3958,5.5082,-3.7741,-0.3926,-7.2565,-4.5561,2.9708,1.7523,-4.4282,4.1833,-9.4829,0.4946,-7.0845,-5.565,9.197,-3.0565,-9.8897,7.0871,-7.6803,-8.8436,4.1596,4.7301,7.9908,-6.1262,0.0237,-7.6469,6.0184,-3.7252,6.9903,2.6589,-5.9221,5.4197,-5.1012,-7.0036,-3.5938,-0.8523,-9.1552,-0.5954,-7.1251,9.1838,-6.1885,7.9673,5.0141,-6.786,-9.4613,-4.5235,-1.7536,-3.5313,2.0268,-4.0541,0.9859,-9.6897,-8.257,5.0464,-7.0366,-1.3435,-4.5957,-7.0576,-3.3737,-6.9644,-9.2943,-0.6,3.3259,2.8827,-9.547,2.8136,5.3806,0.3216,8.5199,-8.1206,-4.2836,2.5592,3.8653,-0.1022,4.1419,0.1091,-1.0507,-7.705,5.29,-8.7812,-6.8903,9.7331,-8.8576,-9.4828,-0.5304,-1.8423,-1.3313,5.7563,2.3016,5.9608,1.6456,1.8897,1.0308,9.1663,7.7122,7.6603,-4.0068,0.4196,5.7762,-0.2125,-2.2447,-8.2249,-6.5293,3.2593,-4.689,-3.4132,-8.5351,-4.4567,4.4814,9.3646,-0.0401,3.5059,-6.0389,4.2291,-2.8604,1.7398,-6.8299
6.7159,3.549,2.3149,0.5936,2.6214,0.962,-3.3697,-9.0511,4.3545,-4.6642,-7.8579,-3.7374,9.594,-9.614,-2.3795,-4.2405,0.4764,5.2924,-8.4156,-3.6799,3.3686,4.8945,8.7511,-1.085,-4.7478,4.9487,3.0417,7.3541,-6.2841,-5.8262,-0.1732,8.6137,-9.4982,-6.9998,-2.6483,-1.1595,-2.5147,-5.9846,5.05,2.4458,9.5029,-3.7024,-3.6414,-6.9934,-5.4593,9.6511,2.5522,7.3009,-2.7204,-9.3201,6.2562,-8.4174,-4.065,6.6615,-5.8591,7.9132,3.6096,9.9145,-8.2638,4.9994,-4.9205,-3.004,3.1289,-2.7683,1.0735,3.3625,-7.8752,-5.0492,2.6398,-1.3028,9.2787,2.2855,8.0865,5.1,9.3748,-3.2864,1.9178,0.5246,-5.1351,-4.8726,-7.3537,-9.3587,-0.8459,-4.6813,2.2489,-4.3348,9.6684,9.111,-5.9766,-0.9902,9.0773,8.1785,-3.202,7.8888,3.4324,3.141,6.3528,1.3797,9.6751,6.668,5.1454,-7.9591,-0.0143,-4.1328,-5.5333,3.4725,-0.5046,-7.0455,6.7841,-1.0009,6.6491,1.3701,-0.0368,9.5976,-4.2037,5.4886,1.9994,-5.8911,1.2696,-7.5618,7.8159,6.9419,8.6934,-3.1779,6.4502,-5.7643,-0.7904,4.0779,1.562,-3.1307,-0.1909,5.7982,-2.2145,-7.6511,-6.8615,-0.498,-5.8161,2.7938,7.7534,4.6229,-2.6161,4.4465,6.7678,5.0212,9.0349,-0.8422,-9.7693,5.0447,-9.574,7.8329,1.313,2.5742,4.6709,6.9318,-2.3719,1.3935,8.4335,-1.255,-5.9838,6.3972,1.693,-2.6367,-6.2846,-6.4446,8.2723,5.712,-5.5561,-3.7705,-1.2596,-9.3522,-5.3692,-6.8545,1.8863,-2.2019,-9.792,-2.1076,-0.3915,-6.7854,-9.6528,-6.8764,-1.3942,7.4713,-1.0628,-8.0537,7.5877,3.0409,3.8273,0.4875,-1.3159,9.0726,9.6901,-3.4843,7.5157,1.9138,7.1591,-0.9533,6.8965,-1.687,6.6679,-7.1619
3.1426,-3.8435,5.8944,7.3708,8.0009,5.2215,-8.1277,6.2566,-7.8895,2.7048,-7.8836,-1.0096,1.9604,-6.8055,-3.7443,-1.3427,-6.991,-1.5545,8.7308,6.7654,1.682,6.8984,-6.1007,-2.2964,-0.7405,4.9086,7.7297,-0.9893,-6.9709,0.4982,0.5998,-7.2024,7.0212,3.1857,1.9009,0.34,8.6833,-3.1425,-9.8224,-2.063,1.5528,-6.9753,-0.1004,8.7118,-6.0453,8.3598,-3.6157,-8.6854,-5.8366,-4.4194,-3.5617,6.2709,2.1192,-3.9513,7.5195,4.0202,6.683,-5.913,-1.7509,-0.0985,4.2185,3.2324,4.1635,0.3462,5.7693,9.2951,1.6124,-1.7783,7.3051,1.2905,-0.5278,-5.659,1.7743,0.0853,8.7803,-2.5338,-1.4508,3.969,-5.2387,-0.6921,7.3836,9.5905,7.6203,9.5787,-2.5036,-6.667,8.5963,4.5165,6.2457,-6.1488,3.06,-3.6471,-8.755,-6.0458,-2.192,3.5277,-6.6346,4.3664,4.5706,6.8448,-7.0207,-8.8011,-8.658,2.1107,-2.5832,6.3716,4.3339,-8.115,-2.3934,5.9892,-9.0704,5.6685,0.4609,-9.0272,8.4764,-0.8887,3.5276,-7.4901,-6.6545,8.7886,-8.558,-1.0107,8.1234,-3.087,-7.541,7.0285,6.1492,8.4936,-9.1186,-7.3865,-3.2635,8.1117,-9.3778,-4.5235,-1.6386,-4.7817,9.325,3.2188,4.8459,7.3117,-5.5128,3.4605,4.5094,2.0199,5.0698,-7.9186,9.2552,-9.0184,-1.867,3.5383,9.384,8.1481,-7.4852,-4.1396,7.8427,2.8446,-0.4656,9.4669,0.4204,9.4493,-2.1874,4.8266,-8.3311,-9.5337,0.3607,-9.2066,0.7259,0.5038,-6.7644,-4.9233,9.5227,1.019,-7.5715,6.0051,-8.8245,-1.2131,1.0709,5.3666,5.0745,-3.4517,3.6877,6.4647,8.5797,-1.2672,-5.9236,-1.8863,0.0752,1.3487,0.6568,-0.6101,3.0089,-8.8359,0.6141,-0.5562,-5.1976,3.9576,7.0472,-6.0351,5.7224,3.743
-8.4369,3.5448,6.5313,-8.2801,-8.3872,3.7865,7.8604,-6.2961,-4.7311,9.4754,-6.5015,5.1927,7.5033,8.4087,5.7777,4.6374,5.0693,-2.6115,-5.6454,-6.9252,7.3864,-2.2294,-6.6658,9.6121,7.4622,1.3422,-0.1058,2.2552,9.0069,8.5805,-2.1035,8.5738,-2.8213,4.3577,-7.95,8.0339,3.686,-1.5475,-7.1762,-9.6235,9.3445,0.8951,-0.9964,9.0566,0.1729,3.0032,-0.2065,-1.6026,2.5112,-9.0581,-9.5841,-5.2826,-5.1018,8.4769,-6.0923,9.8167,7.6432,-5.3068,2.3612,1.4079,-7.5098,-6.9271,-4.7611,1.8385,3.3119,-7.794,-7.4823,-5.1132,-3.5078,-0.6666,-6.1475,-6.2344,7.8908,-0.908,1.5269,-6.7414,-6.4307,7.0291,-5.7315,7.654,-2.8515,-2.7022,-5.9962,-5.0147,2.8279,-2.5078,-4.2019,-6.2026,1.2055,6.3533,0.7805,5.0132,-9.7241,7.4333,-0.8009,5.7201,-2.8067,8.6486,-3.0275,6.8054,4.7978,-1.3511,-0.2039,-1.6873,0.5102,-0.489,4.0681,9.0051,4.6089,9.5728,8.9219,-2.1647,-9.6643,-5.2801,0.5514,-8.9652,8.6288,-6.1425,-9.3744,1.1601,-2.8872,2.336,9.5917,0.9957,9.4241,-9.6552,7.5339,7.4374,0.3718,8.6986,-6.1932,-8.108,2.511,-0.6866,-2.3035,4.0832,-3.026,6.3816,8.2332,3.4975,-1.7017,3.4654,2.9923,1.6214,-6.026,4.5946,-2.737,-7.7815,-2.0395,5.1332,3.4453,-9.7364,-3.7883,-4.8402,-7.6149,-9.8137,7.3518,2.2491,1.145,-2.9325,3.6515,-8.0799,-9.2095,-9.4129,4.5421,1.3327,-1.2124,-8.612,0.3381,-3.3128,3.3548,-8.5793,-2.5989,-2.4842,7.0875,7.9779,7.7276,6.8243,-6.5943,-0.2555,8.1902,-2.1441,-3.9779,7.9272,-7.3775,-4.0265,8.8159,4.5091,6.0203,0.883,-6.4276,-5.612,6.2548,9.255,5.0645,4.0561,-1.183,9.3645,-0.0064,5.7114
-6.0171,0.7201,3.1897,-5.705,2.034,-3.9013,7.9816,-4.1061,1.1263,4.8071,8.7021,6.4238,-5.0833,-9.7743,6.9569,-2.918,3.7794,0.2303,-0.1965,-8.4763,2.087,-4.1068,-2.6061,6.33,-6.3637,6.8103,-8.7083,-4.061,-1.7037,-2.913,2.764,-9.4373,-3.8917,3.5961,6.6514,-0.87,5.6703,-8.2374,-0.3576,6.6399,-8.4772,-5.4292,9.9557,-6.9519,-6.1754,3.4545,-2.3134,-9.9834,-4.0457,0.0322,-1.152,2.0906,-7.009,6.8566,-4.2561,-4.2992,-9.2029,-5.0937,6.1723,9.5636,3.686,-4.3395,-4.8742,-2.6216,-5.2265,5.8953,9.7615,1.6628,3.4249,-9.0229,-3.5098,-4.5038,-1.9178,-1.5395,-0.4664,9.1163,-7.109,2.7012,4.7078,6.5189,3.5376,-0.7993,-6.1956,-9.688,1.0423,2.8543,3.653,7.0728,9.6201,-2.7686,7.9163,2.0641,7.6782,5.434,-7.0026,-1.1734,-1.0186,2.9427,-0.9538,2.0597,7.1096,-2.2592,3.607,-5.8845,4.7706,-2.4748,-9.0545,-8.3649,-6.7642,1.9134,9.1509,-1.4685,-4.0821,-9.2441,6.9133,2.7843,6.0561,9.9238,-8.7799,6.7256,-5.835,9.7562,4.0903,1.0221,-4.848,3.2139,-2.1323,6.5386,-8.5179,6.235,9.5285,3.9861,-5.7365,8.1623,8.6411,-0.2889,1.5383,-9.5991,-3.5896,-0.9317,-4.7923,-1.6724,9.0425,5.4162,-3.3489,-0.2604,-1.0516,1.4622,2.8066,6.5623,-0.1858,-4.0428,-9.2248,8.8922,-3.73,-5.8598,-2.0757,-3.6388,0.9622,-5.6402,9.4131,-2.8686,-9.2285,-2.7816,-9.0329,0.4601,5.5843,-7.2289,-8.1943,9.7765,-1.6593,-8.125,-2.4966,-7.2437,5.4423,7.4815,2.2389,3.1205,1.3101,-6.7694,-3.3354,7.3966,5.5427,8.8558,-8.2422,-6.5049,4.0274,0.3088,1.979,-2.8084,-8.1459,-5.8055,-7.737,0.812,-1.744,-2.2273,5.6202,0.9185,-7.7271,4.1745
-3.3797,7.0228,4.8421,-8.7545,3.1656,-5.2652,-5.349,3.0294,2.0736,6.0447,1.6017,8.274,4.0768,-5.4029,4.176,-7.0647,-6.0881,9.6134,-2.5448,0.7287,5.6192,6.7163,5.346,-2.081,2.4461,-5.7928,1.2813,2.1938,-5.5441,7.3391,-9.1064,8.7144,6.4711,0.0441,-7.9237,-3.9673,7.3765,-6.5718,-9.3571,-3.2303,-5.0171,3.611,-3.0586,-5.8009,4.7498,2.323,-5.5875,5.5783,-8.1287,-1.7787,-3.3419,-6.8007,7.843,-7.2045,-5.1904,-9.9577,-5.1301,-9.3533,-6.9913,7.2817,-7.6932,-1.2522,-4.5834,8.4338,-0.0525,-9.3405,-0.4232,-3.1734,-2.552,-5.8192,-0.9743,7.6033,-0.9066,-2.3855,1.7068,2.2383,5.791,-8.9909,0.1645,-2.0099,-9.3863,0.551,8.411,3.879,6.5016,9.3985,6.6106,1.0177,8.235,-9.8015,3.2376,-5.1306,9.7287,6.7322,1.948,2.2276,3.8559,9.3622,-1.8842,7.5395,0.0733,-2.1614,7.6487,-5.6645,-3.8313,6.6725,1.7897,-8.3124,4.9142,-6.7104,5.5942,-4.6898,-6.3041,3.3022,3.0929,-5.249,-7.9003,2.3978,7.5887,-4.7055,-1.08,-8.7946,2.9564,-9.7576,-3.534,2.5404,2.0824,9.8002,-6.0046,7.6173,-7.4148,5.6151,2.8266,-4.9588,-3.6884,7.3918,-8.0287,7.9813,-4.9916,-5.2472,-0.0965,-1.8267,2.8876,4.504,9.7772,-1.9,3.3174,5.8492,6.5615,-0.7137,7.0266,1.9628,5.6216,-6.9418,0.9793,4.6303,-7.0385,-8.7442,2.8433,6.5561,-1.1179,-4.9822,0.485,4.5041,-0.5828,7.708,4.356,-1.9178,5.9228,-6.0736,3.5076,1.0512,-2.718,7.0296,-6.8496,5.0252,2.5978,5.7734,8.8588,-8.2096,-6.4876,-4.1969,-4.1675,1.0491,-6.3313,6.7349,-3.6113,1.3221,4.9727,-2.9345,-6.4354,-3.7869,-6.0897,-9.1389,-4.1568,2.4493,-6.5808,4.2746,-7.874,0.2444
2.4061,1.227,-1.9774,-9.8185,-0.3579,6.3733,-0.146,-9.7963,-4.8412,-7.2015,3.232,-7.8596,7.9592,-6.2068,-6.5148,3.7456,4.9436,-5.1408,-6.6593,3.4962,8.0141,-5.4525,-6.6687,-6.9357,8.5662,-2.8694,-3.6783,-6.6314,-8.613,-3.0081,-5.2134,2.923,7.6958,2.9927,-7.915,6.0889,-7.3882,1.1342,6.7429,8.8665,-7.1329,2.8079,3.7725,8.0205,-4.6838,-5.0246,4.5602,-7.0059,0.4285,2.7222,3.08,8.301,-2.7932,-1.1892,-7.3636,-3.9987,0.6431,-3.6654,-8.3083,9.3707,6.5441,-7.9386,9.2085,-5.1062,9.2316,-2.6224,-6.8426,-8.8671,3.7728,-6.1229,0.2,4.7995,9.303,2.77,6.7655,-0.2451,6.6351,4.6579,1.2546,6.9366,-8.493,5.6293,3.9956,-4.8596,-2.8284,-7.0184,-6.7944,3.3685,0.2132,-7.0758,9.1939,7.5953,0.5847,4.3929,4.9775,6.0043,-3.8507,0.9406,5.4292,-8.826,-9.7712,-0.1166,2.3486,-7.3651,-2.057,5.4607,-1.3076,1.4986,5.3873,5.7044,7.7349,7.7106,3.0408,-2.2093,-6.5039,3.5609,-1.4327,5.1883,9.8491,-1.719,-1.7927,0.1902,7.3112,2.7791,6.5912,-0.288,-3.1585,-3.0836,7.011,-1.0419,5.0638,2.5696,5.649,9.9921,6.2725,-0.6481,-5.2682,7.726,0.4717,0.3449,-1.8878,8.9325,-7.4816,-7.7856,8.9947,3.783,0.8616,-3.683,-1.5473,0.0636,1.6303,-4.3616,-2.5665,3.6466,4.0465,0.382,1.909,-0.6681,-4.2692,-6.4924,9.2459,7.0812,-7.4658,2.7593,6.9731,5.3102,-3.8871,-0.3064,6.4421,1.8112,1.2518,-3.2942,-0.6409,0.5321,-6.3352,3.1538,5.6304,9.0715,3.7657,1.2346,-0.2907,0.3513,3.8012,-0.0337,-0.5944,0.2707,2.9733,2.9803,2.764,3.5237,6.3161,-4.6241,-5.5806,-6.1498,-4.6167,1.1565,-1.4114,5.3647,8.7048,9.6257
6.2808,-2.8406,-2.5763,-1.559,-7.4607,-0.9628,3.0729,-9.2236,-8.8645,4.0449,7.9829,-6.2193,9.798,-8.6314,-2.1124,-2.3595,8.1243,-5.9156,-9.4146,6.7169,-7.4372,-8.9378,8.0449,5.9319,-9.7435,1.5749,0.8883,8.4409,-0.3755,4.4237,7.2204,2.1035,6.0541,2.6967,-6.3671,8.9107,-1.3673,9.0066,9.5192,0.6005,1.5764,2.6473,1.1935,-4.3727,3.799,6.3251,-4.2194,-3.1897,5.7403,-1.1746,-4.4721,8.2307,-2.0637,-9.2614,9.538,6.5696,-6.0269,-0.3591,3.8311,7.9361,1.2954,-3.1151,-3.1745,-3.3118,-0.8549,-2.3274,4.5561,8.2468,-4.8621,-1.3826,4.8888,-0.3313,-0.7598,-1.9874,-0.8577,5.8514,0.4424,8.2254,-3.4036,-1.2722,0.757,-1.1041,0.601,-0.6949,5.5153,2.9211,2.9845,-8.1947,-7.2446,9.5066,6.7415,4.0649,5.7196,-8.5089,-4.7825,1.1117,-9.7438,-6.7486,7.8639,-3.9376,6.803,7.6858,-3.9482,-6.3885,4.0181,9.8051,-3.8687,-8.2913,7.066,-8.1764,-5.1215,9.783,4.7456,4.495,-4.7613,1.7943,-7.9225,9.6039,-6.7965,-5.6792,0.1556,6.7577,-6.8825,5.5473,-1.5204,-8.2508,-6.9944,8.6855,-3.0776,-2.2051,2.7241,-2.7699,-4.5813,-8.398,8.591,3.8093,-3.5822,2.1154,-4.1649,8.9312,-6.957,-7.6094,-8.0124,4.9479,9.836,-0.1774,8.8804,3.6341,9.5511,9.9719,2.6209,-8.9587,-6.6569,1.6323,-0.1185,7.8105,1.6329,-3.4927,7.5253,-5.2421,9.4579,6.7979,0.0567,1.3656,-8.1801,9.5597,1.3333,-2.8847,5.6873,1.8413,9.2173,-3.2387,9.9665,-2.7633,3.7581,7.4413,-0.329,-6.6873,-4.452,-4.6668,-4.446,-4.7259,-1.46,8.721,-0.413,4.6251,2.2681,-7.1731,1.0193,2.4901,-5.6375,5.7069,-0.4879,-4.5598,-9.1044,-8.9868,3.2153,-8.4647,-8.7555,-8.0543
1.9545,8.8026,9.7468,9.2708,1.5532,-7.4232,4.2085,-7.9672,9.8842,-5.921,2.2321,2.4244,0.8974,7.2066,6.8121,-1.862,-5.0794,3.8784,-5.5982,8.5748,-4.9084,7.202,7.4393,-1.7547,8.0073,-6.928,-7.2111,5.4977,0.4962,7.4045,5.7866,-7.6792,-1.8788,-6.4863,-9.2273,-5.4518,7.7594,2.9783,8.9949,1.5013,3.008,-4.1433,-5.7813,3.9242,8.6669,-1.3058,6.6209,3.9783,-8.8747,4.5662,-2.3523,5.9889,8.286,-5.5065,-0.7558,-7.8915,-3.1236,7.6964,2.0225,0.543,9.9366,-6.3904,1.4126,-2.5188,-0.2211,-5.1342,5.9589,3.5826,-2.612,-6.8964,3.4814,5.2871,5.8669,6.9081,-0.5593,6.8388,0.9854,0.4161,0.4669,3.3264,9.5479,-5.0637,7.2909,-8.5424,-4.5731,-4.5901,-8.8546,-5.2372,-5.1433,-8.2253,-6.2438,-0.097,3.49,-1.6443,-7.0268,5.9361,8.2308,-8.7569,-1.7698,-5.6755,-1.8205,-5.9016,1.9665,7.0196,2.6242,-7.182,-7.4604,-3.8011,2.1711,2.5824,-8.8418,-8.7944,-4.8417,1.6455,-4.1303,-9.4373,-1.1633,5.4759,7.212,1.4367,-9.895,-4.1244,-3.5879,3.1491,-1.6083,-0.0737,3.8257,4.3447,-8.1537,-1.9786,-2.4788,-1.8644,7.1693,-2.5168,-0.0161,2.98,3.3586,-6.3257,3.0651,9.3593,9.4123,4.0179,7.1248,-3.6161,-3.9853,4.3227,-4.653,7.7708,7.9265,8.2198,-9.9783,-0.2981,-0.5284,9.809,-8.7355,-7.1503,-8.0209,-8.4338,-6.3905,5.7244,-5.1066,9.7873,-1.6241,-2.1395,-8.4851,0.6444,-0.2424,-0.7237,-6.4165,7.8764,-0.2592,-8.8673,2.6614,1.9482,7.5086,-2.7396,-6.9794,-2.129,-1.2814,-0.389,-3.6032,3.4179,-2.8083,4.5157,-8.5042,-7.5838,4.784,-2.8389,-0.0752,3.9247,-2.7647,9.8756,3.0732,2.4969,4.3179,9.4272,-3.7071,-8.0248,7.7078,-8.3546
5.3366,-7.9846,3.2558,-7.8504,9.8421,-3.1481,8.8902,0.9879,2.5739,1.7734,-9.8889,0.6958,6.7281,7.1991,0.2277,-1.1161,7.6635,4.2052,-2.604,-6.7288,-2.7597,1.1638,-6.0553,9.0257,-2.4315,7.3817,1.2603,-3.4852,-1.4195,-3.7029,-0.295,-1.3078,-4.3704,9.5925,6.2802,-2.2753,-4.3563,-6.9749,7.2706,-3.9048,-0.3203,-8.237,3.0476,8.2927,-8.9435,-1.4143,3.135,7.622,-5.8908,-8.645,-7.4361,1.277,3.4258,8.6815,1.5782,5.2652,4.6872,5.1193,-8.3187,5.2048,9.9814,0.7526,-5.9323,0.8253,-8.4561,7.7582,-9.7704,-2.4688,3.8478,-0.7716,7.5101,3.2333,7.3701,-1.3022,-9.2835,3.2671,3.1122,-5.2841,-8.9028,-1.8016,-8.7811,-8.5688,-2.6571,7.3659,5.1082,-7.1412,4.8639,5.4916,2.9481,-0.3577,-1.2708,-4.5624,8.8175,-3.6459,-3.0988,4.5969,9.9935,-0.5276,-1.2833,4.3349,9.9391,-6.201,-1.0943,-9.1051,-2.0798,9.735,-6.2891,7.1288,-0.7852,-3.9256,-3.2001,0.8321,-0.9946,5.7379,-0.4985,2.0334,-4.273,9.0218,-2.9786,-3.9278,-3.367,-9.7006,0.6632,-4.0398,8.4281,5.5898,-6.0342,-5.8243,8.1872,-4.6242,-2.3866,-2.3273,4.6815,-0.8847,4.6689,-8.25,9.0142,-3.867,7.8963,2.5179,0.5105,-9.2406,4.0591,-8.69,4.7807,-6.8274,-3.1104,-2.2269,5.0091,3.1968,-4.8005,0.5176,4.9542,1.0508,0.3166,8.4165,-5.3645,3.9451,-3.1231,-2.8443,0.1259,-7.082,7.6596,-3.7593,-8.1681,-6.1758,-5.5019,-5.5516,-7.3362,-5.6153,-3.9931,-5.064,-0.8579,-6.662,-4.1407,3.0743,2.8499,-9.2491,-7.1884,-5.0065,-5.199,2.1875,3.0719,2.9539,9.8687,-6.5613,-8.1745,1.9466,9.5446,-9.7662,9.5699,7.716,4.3799,-3.2407,9.0965,3.6491,-5.0594,-8.7666,-7.0323,-0.5591
9.8883,-8.9348,4.8267,-5.0005,-1.9157,6.4049,9.7926,9.1275,-4.0044,8.3414,6.8044,4.668,-2.3994,0.8715,-9.3011,-6.155,-9.4383,-0.9597,-9.7315,-5.3184,-1.7419,-1.7751,-0.5087,5.8891,-2.3726,-6.072,-4.9283,5.7871,-8.377,-4.6499,-0.4966,1.661,-4.9551,2.8807,8.7889,-1.6699,9.6634,6.5544,1.9979,5.8326,-9.3902,6.7746,-7.7357,3.4034,0.8119,-0.3273,-8.3361,6.8264,9.3265,-7.9037,7.1988,-2.7355,-8.6659,5.5796,9.6815,-3.0622,0.601,8.0828,-4.5637,-2.1721,-2.0161,1.6455,6.0373,-3.1151,-0.4082,-6.7876,1.6295,-2.5511,-1.3461,2.811,7.8304,2.6178,-7.2314,9.5321,1.3151,-8.5139,1.3426,1.1358,0.7097,-5.5036,-8.9731,7.4152,-2.9346,0.9326,-7.0681,-9.8122,4.4175,-8.2762,-8.7884,-3.9484,6.5749,6.9694,-3.4279,-0.1573,2.0772,-4.8331,-5.084,0.5875,3.6724,7.1817,3.9928,6.1092,-0.7505,4.1253,8.9931,9.9833,-3.3893,-7.9772,-0.6143,7.9024,-4.4361,-4.5732,1.812,9.0997,0.6698,-3.9194,2.3699,7.2103,1.8157,-9.0439,-8.932,1.6142,-0.0607,-2.4374,-0.7495,-6.8807,-2.347,-7.4458,4.5573,-7.5236,8.2044,-8.3118,-6.5365,-4.0841,-1.6057,-7.6262,0.0034,4.4443,-6.6808,-8.3806,7.1751,2.1596,8.5012,-8.6222,0.0246,-6.4197,-6.1076,2.1036,-3.0454,9.242,2.8576,1.6143,4.9036,-4.7441,9.5174,9.9088,-4.9368,8.8283,6.1231,-1.455,-6.8349,8.4297,-3.7691,1.5174,-6.4698,-1.1809,-8.7198,-7.1822,9.8296,3.0762,1.8317,-3.1036,-5.4774,-3.7915,4.14,-1.4917,-5.8921,-2.7775,9.1148,-5.7675,-9.5868,3.5836,2.9534,-3.9708,-2.8982,-0.3905,-7.8041,2.4918,5.0117,-8.7349,-4.8352,-6.732,7.6373,-4.5932,2.8021,0.708,-1.8402,-1.5435,5.7109,-1.2977
-6.6004,-1.1863,-1.7976,-7.5262,-4.9148,1.3007,-7.5696,9.0419,3.0054,-9.5705,-1.5598,2.8337,-9.0492,-5.1952,6.266,2.0928,2.5756,-2.0326,4.7075,-7.6062,6.9344,5.7091,-6.3751,-6.3669,-2.5805,6.7198,0.8133,2.1616,-2.6269,9.7704,-5.9961,-6.957,1.3559,4.6146,-3.6762,9.3163,-7.5507,1.161,8.4532,-9.2615,-7.0701,-8.1909,-0.4415,-2.1096,-2.3945,7.699,-0.2441,-8.1151,5.1788,-5.5156,-7.6761,-7.186,5.8713,1.198,-0.8902,-2.5613,7.9238,-8.0486,-7.1479,-7.0884,-6.5174,-1.3292,4.0662,3.8079,-6.894,3.222,-3.0682,-8.4651,-0.8655,-3.9254,8.9287,9.2592,-8.0193,-5.1658,-4.367,2.8366,-3.1753,-0.9773,0.1167,7.5094,-0.5275,-1.2737,5.4859,-0.7034,7.7488,6.4188,-4.2062,-1.8694,-2.9754,-3.083,-9.5042,-8.5304,-1.682,-6.3586,2.6399,-1.9765,-6.687,-0.6507,-7.9251,-8.6389,-8.8702,-1.7952,1.6524,-3.4623,-0.8516,-2.5412,-8.7193,-3.2052,8.5634,-1.8808,5.8812,5.23,0.6655,5.851,9.0456,7.6217,3.579,-1.0369,-5.0713,-9.1199,9.0116,5.5315,-7.8956,-4.1098,-9.9438,-5.261,0.5454,-7.238,-1.8727,9.2669,3.3485,1.3913,8.603,8.5435,6.1923,6.4582,-7.9808,-3.8461,-9.0922,6.6068,-0.8435,7.1425,-2.6404,9.7407,-0.1278,0.5838,-8.9737,-6.4837,-3.833,-1.251,6.7137,3.7009,0.1958,5.3464,-0.67,4.3014,-7.9523,5.0167,6.9031,-1.7067,-2.7956,-6.453,3.8827,5.9095,-1.4292,-4.8381,-5.473,3.0004,-7.9842,-3.3658,-0.3565,-7.7488,1.7683,1.4193,7.0182,-0.6404,-5.4879,-5.3683,-0.5268,-6.9651,9.1991,3.6315,-7.7714,-7.6982,2.7806,-9.4435,3.734,8.4564,1.8498,2.0052,1.1575,3.4603,-9.0916,7.83,2.9304,-7.9908,5.7527,-5.5284,5.6679,-3.5899
4.1505,2.056,2.1418,-7.0537,1.6374,1.4698,-8.3983,-7.7101,-3.5248,-4.8115,6.0939,4.0079,2.1034,-1.1341,7.0579,2.7308,-0.2734,-9.0509,3.3826,-1.3961,-0.6087,-4.2881,-3.6701,-7.1495,-4.5796,-2.1794,3.0867,2.5873,-3.4532,5.3941,-5.4001,8.0541,-6.2854,8.3868,3.4292,1.9074,-1.8995,1.9314,-9.1148,-8.7589,5.1273,3.8809,1.7724,7.4337,6.1859,6.2045,2.9267,-3.5217,7.1489,7.9378,-3.8288,-1.2408,-6.9666,-5.7841,-7.7951,0.0398,8.4982,-2.7544,-6.4279,1.4248,-0.2781,-3.3395,-3.2908,-8.5591,4.8085,-0.9333,-4.1382,-5.9543,9.7223,-1.7748,-4.2137,-5.4161,-4.2449,0.8979,-1.1217,4.9095,-4.5828,0.7233,3.242,8.804,-3.077,6.795,0.7133,-2.4169,-7.0103,2.8678,0.651,-7.606,9.7718,1.6767,-4.7491,-3.9902,-2.2792,-7.6509,-9.802,4.2495,4.3006,-8.1897,3.5312,3.5827,4.5981,-7.4946,7.8189,-9.121,0.9194,-8.2055,-7.3579,-2.4463,1.6976,-4.9564,3.5469,-2.2256,4.827,1.5825,-7.7526,5.9204,4.6885,4.6042,-7.5316,-2.5384,-1.7937,-9.2657,7.7693,4.946,-9.7405,-5.1506,-2.7562,5.2685,-6.7796,5.8823,-2.1736,7.3394,-3.4347,9.4178,0.2067,1.3143,5.3485,9.5511,-0.8834,4.4542,8.3081,-3.8642,8.1693,9.0534,-9.5475,-6.1208,-9.5105,-6.1678,-2.2033,9.2961,0.1664,1.3053,4.9401,-0.6146,-6.9792,3.94,0.0092,-6.3247,7.2837,0.4945,-0.4881,-8.6375,0.5484,-9.4673,5.1256,-4.7649,-7.0449,8.2765,4.4753,8.8905,-4.6528,-0.3532,-3.7972,-7.964,3.6293,-5.7518,8.2049,-6.9418,4.8632,5.3459,-5.6124,1.2971,-2.0069,-0.4843,-0.7185,1.1723,3.3792,-3.9754,-1.2464,-8.9719,9.3175,-4.6884,-3.8127,-1.024,-0.176,5.1762,-1.4981,-4.7918,1.7325,0.2563
-4.6546,-3.01,-0.0388,-6.5498,8.5197,4.8093,1.1452,-9.8231,7.9429,-6.9763,-6.6356,6.0428,2.2135,-4.4754,0.9126,-3.6214,-3.1345,-8.2235,1.7024,3.0051,-3.4945,-5.5647,6.6467,-7.5904,-9.9608,-7.443,-9.9658,-2.7726,2.2212,-1.3129,-0.1064,-5.8987,-9.4256,-7.1921,3.6045,6.116,-0.1647,-0.1732,4.3593,8.2644,8.8307,-6.1296,-6.4538,3.3377,8.7633,1.8793,-6.3913,-0.5972,9.5025,-5.3991,-7.1367,-8.5823,-4.4854,-5.4679,-7.8477,3.752,0.0775,-6.992,3.077,5.3265,4.9818,3.2564,-9.6644,5.2212,8.0848,2.7636,0.958,5.107,0.0275,-0.0998,-9.6996,-8.9513,-6.3016,3.0628,-6.2861,0.6201,2.3029,-6.0909,-0.7525,6.8976,-1.0422,-6.9791,-1.7811,0.3139,0.6284,0.3263,8.2947,5.6854,9.526,2.442,-2.7767,-9.5264,-2.3151,6.7815,-8.5359,8.4631,-8.3758,-6.9594,-6.0982,-4.7051,4.3182,-8.7674,-6.9098,4.6028,3.6471,-2.1911,0.7642,9.6262,-1.6009,8.378,7.3828,-2.3542,3.5469,4.731,-4.274,-7.4849,-3.7801,1.9054,5.0293,5.998,9.9281,4.2565,-5.6755,-9.1904,5.9989,-7.6012,-3.3778,-9.0306,6.2617,0.045,9.7139,-6.8442,-2.8888,4.6091,-3.2877,-6.3338,1.5077,-6.0562,8.3222,3.877,1.0583,-2.1417,-7.174,4.8432,-6.2722,-2.899,8.4604,0.0824,0.3827,9.5251,5.433,1.6242,-0.281,-5.1205,0.835,-7.898,-9.9424,-0.7457,8.0815,-0.0957,3.4345,2.2932,3.5276,1.3146,-2.4361,9.3677,1.9181,-6.2316,6.5397,7.175,7.303,1.2034,2.0327,8.1347,7.0078,-6.3267,0.3577,-3.4459,8.26,-0.4774,7.5609,9.9965,9.1936,-1.3706,-7.9156,-8.5461,5.4343,0.5605,6.8489,6.7695,-2.1605,-6.6772,-5.4897,8.4106,9.1129,2.0274,3.4647,9.0555,-1.229,-7.3978
4.787,9.9509,7.0172,-6.3929,-9.7573,4.44,-4.8717,4.1951,-1.647,4.0262,9.2394,8.276,0.3382,2.7772,1.5907,6.7371,4.0932,-5.5486,0.1427,-7.1318,-3.2726,1.6514,8.1312,-6.4103,1.7919,-2.5083,-4.7132,7.9145,-9.9947,4.5449,-5.6636,-9.2159,-2.7506,-8.4547,-6.4344,-4.9475,6.4971,-1.934,6.733,-2.1332,-9.9428,2.907,-2.2488,3.3667,7.4141,-0.3978,0.8726,-0.2656,2.8744,-4.93,-6.6335,2.3055,0.742,7.9593,-0.8935,4.1723,-3.5265,9.5572,7.0803,-4.9188,-3.1167,1.1063,2.3326,-8.3773,5.467,-8.058,3.259,1.7806,0.9608,1.3496,-4.6416,-5.6388,-5.4243,2.0569,6.8141,8.1229,1.7601,5.8268,-0.4811,-5.9579,2.7686,8.6491,-9.2662,-7.5051,8.2144,-6.9906,6.0975,-4.5218,-4.6478,6.2355,-2.1264,2.9893,4.653,-8.8035,0.8938,9.7175,-3.118,1.4874,-8.0186,-0.4974,-7.7254,8.923,-2.153,-7.3953,3.4128,6.5304,0.8292,-1.1058,-5.025,-1.7413,0.663,3.1898,-4.0741,7.1458,9.4149,-9.8713,-8.7193,9.9125,9.9394,-1.3596,-0.8521,-9.8826,-4.3049,-0.7502,0.4539,1.9392,8.6426,0.4592,7.4447,9.6431,3.8002,-3.4383,9.5039,3.2426,-2.7563,7.9105,9.6217,6.0603,0.2917,-2.2165,-3.4561,-0.8093,-9.0998,6.652,1.9613,4.2327,8.7727,-3.5291,4.0609,2.656,0.0332,4.4652,-8.9241,6.7918,-5.5936,-7.4624,8.2245,4.3678,-8.7784,5.5609,-3.0374,-6.0579,7.0962,-1.8618,4.358,-9.6006,-9.3521,-9.8912,-2.6336,-3.8032,0.5261,-5.9397,1.9152,5.3046,-7.9579,-4.5796,-0.623,4.8977,-6.1543,-2.8692,0.7307,1.5678,-4.9607,8.2827,7.9316,-0.6053,1.2003,5.2722,-5.7984,3.0393,9.7953,5.3104,-7.441,9.7077,6.0158,-0.5374,7.8448,-9.8191,8.6902,-7.396
-2.3135,1.9002,-4.3136,9.7457,4.9324,1.8137,9.0994,7.1683,-7.3348,-3.9313,6.0297,-5.498,0.6701,-5.7135,3.5402,-0.013,6.1498,-3.4649,9.7154,1.2852,-0.6503,-4.8057,-4.7408,2.7022,-8.3297,8.1151,2.2714,0.6343,5.6266,-4.5268,-9.4306,0.9237,-4.8831,0.4819,5.4052,-8.5492,-9.5008,-7.7812,-8.3545,-6.902,0.2459,5.9274,2.7702,8.4357,-8.4236,-8.1086,-6.5485,4.4572,2.2476,-4.0535,-7.0571,-6.7815,7.0422,6.4383,-3.4683,-8.526,3.8027,1.5621,7.8004,5.5915,-3.675,7.2245,-3.6766,-0.0161,-2.4379,9.158,6.3933,8.3253,2.8434,-3.1896,6.6761,0.0058,1.6359,4.6479,-4.3363,8.8917,5.0198,7.7035,-5.4733,4.3382,-6.0245,4.5183,-3.1729,-6.8586,-0.1972,-5.0722,0.4257,0.3614,9.1844,-0.5823,8.7382,-5.3075,5.4381,6.9279,-3.3578,-4.9872,3.0046,-1.608,-1.2647,7.7065,-9.2813,-1.6372,6.4079,9.9864,-6.0212,1.787,0.1356,-1.9267,-8.6739,5.7613,0.6295,5.6201,7.8274,-2.2956,-5.4023,0.8657,-3.6907,-2.556,2.7362,-8.8163,0.4468,-0.9585,-1.9329,-9.7219,-9.4722,-2.013,-1.4384,-1.0776,4.5798,-1.2697,2.4415,2.842,-6.7387,7.4209,-4.0346,-8.4669,-9.45,-0.4913,-7.4384,-9.562,-0.784,-0.0806,4.991,4.9195,1.9209,-0.9176,3.2618,-1.4248,-9.4886,-4.7127,-3.6043,2.0741,1.2032,-7.2991,5.6972,8.3269,9.2862,0.1409,-4.2364,7.8998,-9.8453,8.9316,-5.0496,-6.7464,-4.8099,2.2491,-1.9667,-3.0703,-6.7214,-5.1631,8.6288,1.1021,-9.0053,-6.8257,-1.7694,9.6413,-3.8418,6.8506,9.4025,1.206,-2.9381,-7.4026,-0.9317,5.271,-7.3726,9.3869,-9.6849,5.1417,-8.6858,-3.116,-6.6422,-5.7737,4.9848,-6.0259,-7.5017,-3.9842,4.9504,-3.3697,0.0797,8.7586
1.2555,-0.642,3.7364,-0.1996,-3.9976,5.2296,0.736,0.1354,-8.8707,-0.8288,5.64,-6.0582,6.948,6.4779,-8.3049,-1.0904,-2.045,4.1166,8.1491,2.3263,1.2867,-5.9982,-7.0283,2.6495,6.4455,2.7413,-1.8242,-9.01,-8.8836,-8.997,0.3881,-3.7079,-8.6533,9.5154,-5.0403,-9.2557,-4.0552,6.3494,-8.8076,9.3109,-2.6547,4.1976,6.239,5.2403,7.9791,-8.3538,-9.1328,2.0128,-3.6082,-1.7514,-8.5565,2.3511,-4.7357,1.7019,-4.8277,-6.0194,0.454,-4.6036,9.3827,3.7195,6.9279,-5.4712,4.3152,-8.8557,1.3009,3.0188,-0.2882,-8.4011,-7.9127,4.6599,0.2053,-4.3634,-2.9493,-0.2517,-0.1478,4.2206,0.3637,-0.4044,-8.5,-1.7654,4.2864,0.2932,-5.231,1.9003,-9.8289,6.8133,-8.4916,-2.7704,-6.9885,0.7977,-9.7399,5.2292,-4.3172,3.9412,5.6722,-8.1432,-1.8062,-4.147,7.2542,8.8662,-6.3376,-7.1541,5.962,2.8748,-1.078,-4.1057,6.5891,9.5518,0.6192,9.3713,-5.5892,0.3474,-1.309,-4.1344,9.1321,2.3893,4.9889,8.7744,0.3632,-0.5156,-2.1325,4.4058,-1.2391,4.4603,1.6986,7.7002,8.4363,8.4207,2.3004,5.0629,-1.5598,-1.4486,-6.4234,-9.4321,0.175,-9.7745,-9.9322,6.6227,6.3067,-5.8725,2.7284,-9.5501,-4.8031,1.2165,-1.2088,-1.7192,-6.5631,3.064,0.4738,-6.57,-6.2606,7.0961,-3.5477,3.004,-7.6301,-5.5298,0.0652,9.6087,-9.0685,-4.1747,-0.234,4.8257,1.9492,-4.6439,0.5969,-2.4753,-6.5112,-5.4698,1.7766,-5.6065,-7.3502,-5.6315,-0.819,-1.4155,5.1284,-0.7198,9.1989,8.8492,8.8878,3.4566,-2.989,-6.0959,2.7066,-9.9584,-8.9308,-4.0769,4.9595,-2.5944,-2.0329,2.9567,-2.9389,-9.847,-9.1967,-3.1205,-4.7148,1.379,-7.2405,-9.3578,6.1398,-8.7601
2.355,-5.5591,-3.6227,2.6767,-9.3507,4.658,2.4513,6.6589,4.7113,-3.3391,7.847,5.5558,8.8724,1.5161,-9.6617,1.1725,-0.9304,0.5401,5.8781,8.6666,-6.9835,-9.595,-9.9323,7.7881,0.529,5.6801,-8.6748,-2.489,8.9895,4.7652,-3.0952,-4.2324,3.8716,-0.6215,4.7926,8.1063,0.7976,-9.7145,-2.7598,7.145,-0.1533,-6.6269,2.1517,6.9074,2.6236,1.1685,2.155,-1.9065,7.5198,8.4003,2.114,-4.0592,9.2284,-9.2003,0.6045,6.6919,-4.146,7.4743,-1.72,-9.3701,7.4405,9.012,-1.0852,5.3295,-7.7026,2.0048,-6.7723,-6.8125,5.4783,3.017,-3.4805,8.7433,-3.3036,-8.5662,2.2775,-2.6144,-1.9865,3.1272,-4.7991,2.7009,1.3908,-4.3526,-3.6627,0.1149,-5.3161,0.442,-4.6393,6.5398,-0.4404,-2.8727,4.4791,6.5082,-5.8939,8.5012,-0.8479,-5.2996,-9.9841,1.5687,-0.2573,-8.2879,9.0241,-4.769,4.6884,8.4075,-1.9287,6.5902,0.2834,8.6386,-6.7779,-6.2436,4.9038,-4.4762,9.7963,-5.4328,6.6384,9.9823,0.2783,3.6213,3.6931,-9.8549,1.3484,-2.4802,7.0293,-5.8704,4.9712,-6.6608,4.7003,-3.7947,4.3769,-5.7744,6.3726,-5.1435,1.1406,-0.4217,0.884,-2.4608,2.676,-7.9155,-2.384,-0.4571,6.9681,-5.8269,-9.8132,-5.1846,6.8325,-9.16,3.4242,-9.467,5.687,5.3294,-3.0007,7.0961,-1.572,0.3909,3.5992,-1.4152,8.9323,8.9528,-7.2675,0.2721,2.3706,4.9873,1.2993,-7.9925,7.0793,-0.7302,-6.4396,9.0427,-3.199,-7.002,-0.4467,-9.5813,1.9379,3.0588,-6.6349,-8.9185,8.6642,-6.3843,5.6262,8.8821,-1.3931,-6.9233,0.6011,-2.9124,8.1759,-8.722,4.1961,-0.5012,-4.3436,3.7781,7.2056,-5.0436,-6.9194,-6.6246,7.6513,-2.415,-7.1752,4.0865,-8.9775,-9.1879
2.8478,8.6436,7.1344,9.2983,6.5554,-2.0926,5.3725,6.517,5.0767,9.8665,0.1182,6.7459,-6.0604,7.0132,3.8816,-3.8145,-1.4442,-4.8844,7.1429,1.9152,5.4011,-2.2409,7.5321,-1.7922,-8.8958,6.4492,-5.8014,9.1887,1.6319,-0.1293,7.3107,4.7973,-2.3812,3.1568,-9.5668,1.7891,-8.7721,-4.7247,2.9486,6.7676,-4.2679,4.5669,-8.1293,7.9788,-2.7909,-4.6716,-3.2809,-8.1494,-7.7346,4.5281,-3.3348,-7.6472,-6.1774,9.2965,3.4409,6.8454,-6.5312,6.5794,-8.4822,-9.8208,1.3805,5.1957,-1.997,-1.8103,-7.224,-9.9212,-8.2333,-8.6634,6.0616,2.6033,3.2294,-8.6741,-6.0202,8.0609,-7.3688,-8.6567,-3.8288,0.8611,6.451,7.2696,3.4426,0.0397,0.7672,3.4832,0.9096,-0.3281,1.9102,-7.6277,-2.2624,-1.2857,-2.1623,-3.8005,-3.5313,2.262,9.7807,3.4066,-2.2519,-8.9961,-1.8814,1.6283,5.8035,-5.3205,3.1505,-1.521,1.7895,1.2314,-6.3434,5.3105,4.9264,1.9,9.1598,-2.4744,2.6763,-7.522,-9.8438,0.4936,4.5263,1.2927,8.2791,9.4443,-3.7901,7.4396,-1.7885,4.6624,-8.5892,-3.5983,4.3214,-6.3892,2.3532,-5.9645,0.6148,-5.5857,9.2827,-1.2859,0.3165,8.1182,-1.4332,-3.1883,3.3644,-0.4445,4.2343,-1.797,-9.1167,-1.1706,-8.0334,1.9574,-5.6733,5.8418,9.4541,-6.1553,-6.8972,0.4674,-2.1577,-1.273,1.7116,-9.6426,-8.9654,-2.7439,-7.9478,0.4813,-6.1747,-4.5133,4.1695,-7.8195,-6.8481,-4.7934,-6.5442,3.3693,3.0359,2.9433,9.3797,7.0663,3.2676,-5.1727,9.3535,9.7864,-0.8953,-7.2131,3.9518,4.3212,8.7699,6.674,0.3238,-0.0716,7.345,-0.3348,3.6598,1.3458,-1.9431,-3.3076,0.2687,-3.567,2.0871,0.4479,9.1307,6.6327,2.7871,7.1321,2.3054,-4.5739
8.906,-5.7474,0.3925,6.5398,-1.8557,2.3113,-8.4008,1.7269,-0.7915,-1.0337,-8.2379,-0.0346,-1.701,-1.4056,-9.4819,5.1439,-5.3486,-5.6522,-5.4869,-8.5752,-1.8103,1.4507,2.6288,8.8462,-4.0889,8.4573,-6.3018,-5.7018,4.3934,5.3261,1.0826,2.7962,0.4979,5.8137,2.0211,9.7894,5.2093,-5.2257,7.1297,7.0541,-6.8634,-6.9207,-5.4559,5.5069,-7.5972,5.3838,-4.638,7.6107,-6.8448,-0.4631,8.2269,-2.1862,-6.5577,-2.1096,-6.6384,-4.5198,-3.6588,-8.1408,8.1702,7.0892,1.4283,-0.2294,-2.4124,-7.7548,2.4597,9.2978,-0.0557,9.8593,-5.0356,5.1983,-9.5244,4.5064,2.2979,-1.3548,3.016,2.5053,5.5509,1.3607,5.8782,-4.9841,4.3692,-1.4894,-7.8233,0.9515,6.1052,-1.2116,-9.7506,-6.8104,-8.2555,-9.8573,-6.8378,-6.9239,-7.7071,-9.3912,4.7273,4.8015,-5.6177,6.6433,-1.4844,-7.8071,-6.8475,-5.839,-1.8156,-1.9159,0.2064,-7.6544,8.5724,-6.0107,-0.7711,0.4053,6.6593,-0.538,-6.9504,-6.378,8.2944,-1.5879,7.5176,7.2912,8.7164,-9.9943,5.6228,-6.9158,-4.7507,-5.2431,9.3402,-6.1232,5.6458,-6.0836,-6.2586,-5.9466,4.3737,4.942,-6.5531,-0.3061,0.3175,-6.4116,1.474,-1.0689,5.7954,-5.6273,4.3293,1.803,9.7455,-4.0844,2.4078,-1.5131,-7.6561,0.2617,-2.8018,-8.3812,3.8615,-0.9582,-6.0959,4.1769,-9.1507,9.1228,1.2386,-2.7463,-2.1202,2.0112,5.3685,4.0304,8.4156,4.9825,9.0571,-6.0063,3.5531,1.1249,-8.0212,2.954,-1.4233,-6.5209,1.6337,-1.7064,-6.442,6.8629,7.1162,5.7158,7.7842,-2.0757,-7.6403,-5.5563,-2.2709,-7.2221,-5.7937,-5.1925,0.4148,0.5479,3.369,1.5897,-9.3425,4.6387,-5.5146,-8.2774,-7.5268,7.6733,-4.1033,1.7465,2.6641,-5.5742
3.0328,-8.3112,-0.1161,-9.3349,0.0365,-1.2704,-7.0195,-7.7669,-8.3869,8.9208,7.9343,4.3849,1.5629,-5.4483,8.2397,5.7751,1.2285,-0.5883,-3.9282,-0.8072,4.5072,2.0799,4.5183,9.0604,-6.9647,-8.2626,3.5091,3.7203,-3.191,3.7659,9.7464,9.4803,-7.2804,2.3645,5.6832,8.2294,6.3058,7.7997,3.1619,-2.3804,9.0912,-7.879,-8.7915,0.7347,8.0583,-1.2766,1.9945,9.1216,-5.2543,7.8936,0.9335,1.6663,-3.4527,2.8111,5.6745,-8.3981,-9.7343,-1.7988,0.8734,-5.6328,-0.6293,7.4423,2.332,-5.0045,4.9971,6.5815,-8.4898,-9.4693,-6.9324,-3.3582,3.7754,-0.4023,-2.6402,-4.7345,7.7998,-0.8326,-0.7859,3.5742,5.4097,-8.0445,3.3907,8.5424,9.292,-1.4574,4.0306,5.6737,-2.4307,2.6005,0.6672,-3.332,8.8164,-1.2806,2.8859,4.6813,1.121,4.176,7.607,-9.3094,-3.6203,4.6755,6.6788,-0.6653,-5.7027,3.9263,-1.6596,-8.5423,-3.1232,5.0056,-3.2423,-4.2694,8.6022,-5.4205,-0.1937,4.645,8.0493,5.8667,-8.6518,1.313,3.2938,-5.9697,-9.6406,-1.1046,-2.0408,1.6565,-8.5195,-8.6682,4.8592,0.9941,-4.9223,-4.3357,-6.1919,-2.214,-8.4775,9.5035,5.6168,-7.8007,8.9991,9.9095,9.5913,4.9657,0.7686,9.3445,-3.4706,-1.9797,-0.5101,8.9588,-5.9324,8.1339,5.0958,5.604,-0.5396,1.3488,3.8087,0.3763,5.3637,-9.2079,-3.3158,-5.5957,2.4936,-1.2267,-7.8226,7.5396,-3.0511,2.2064,2.1083,9.7932,2.8354,-8.9995,-9.4453,4.9817,9.5093,7.2217,-7.6602,7.2756,4.997,-4.4358,6.465,0.056,-5.1572,-3.2568,6.6778,8.2982,0.6172,1.5712,0.8462,4.1627,-8.4507,5.8509,0.0923,-7.7168,-8.2946,6.7107,-2.8624,-1.7346,2.95,-3.7639,-8.1241,-3.1839,-8.4016,2.3702
-8.7696,-8.6823,-5.4879,-4.1189,-9.8087,-4.1078,-2.8883,3.6998,8.5746,9.1197,8.8985,0.5699,5.2473,7.4332,-0.2082,8.9956,-9.729,8.1864,1.4071,9.9056,8.8375,-2.4674,-0.2819,8.7309,2.7575,-2.5513,8.2642,5.6675,9.3249,5.4976,-8.9686,4.919,-9.5126,0.6244,2.6153,-1.5212,-7.81,2.5533,-0.8431,0.3622,3.6018,6.7443,-3.0797,9.1437,-1.2207,-1.2379,9.6381,4.5705,-7.3178,-7.6684,-7.2331,-9.0682,0.6818,7.7708,-5.122,-4.6625,-3.3223,8.6222,-4.0935,9.1918,-2.1179,-0.0557,0.9964,0.661,-7.5333,9.298,-5.3201,0.4176,-0.6649,2.9116,-6.7959,-4.9583,6.0173,5.8034,-1.505,5.6128,8.8203,2.2516,-9.8223,2.0469,-7.1443,3.5217,9.4296,6.0706,-2.2868,-2.3127,-8.0053,7.5256,-2.2112,8.3386,-8.6469,-7.6698,0.7972,-5.3332,-2.8663,-9.891,-5.664,-1.2827,0.3922,-0.0754,-8.91,2.6326,3.1858,-3.8636,5.0545,-9.8361,-9.4424,2.7275,9.4843,-6.8181,-1.8812,9.0393,1.7152,4.2363,2.1334,7.8713,-6.9514,-4.9479,7.6937,-9.0725,4.2421,-4.0356,5.8768,-7.9536,-1.9011,0.9888,3.1625,-1.8431,5.3829,-3.8896,1.6403,-7.4127,8.7867,-7.9299,-9.5574,3.5347,-3.1791,1.3171,5.3704,-3.3343,7.4869,2.1451,-8.6161,9.0623,4.6843,-4.2153,-8.8066,8.9111,0.9146,-6.0922,-2.2897,-7.6785,7.3911,7.392,-2.3071,-6.4141,-7.6555,-9.8205,-2.9428,3.4605,-2.1572,-6.4459,4.6299,5.8266,-7.6982,-9.9697,6.4909,4.5335,6.5352,-3.5845,6.7992,-9.0113,3.2288,-7.977,-6.1091,-0.0777,-4.3214,9.015,-7.9286,0.8768,5.5553,4.1293,0.6659,8.1277,-3.3171,0.8639,6.5557,-2.0079,-9.9603,-3.4375,8.0229,-2.5714,3.8722,2.4476,-7.8085,-3.8594,9.5061,-9.7657,-9.7965,4.2195
0.2871,-8.1269,2.5036,-3.2408,-9.2762,-4.5605,5.3596,-3.0745,3.9729,-8.1239,-4.3002,2.7972,9.4365,6.2487,-1.2566,-0.526,1.5742,-3.7959,8.1676,7.3689,-8.9293,-1.1353,-4.4423,7.2941,-5.2144,4.6341,4.9292,8.011,1.257,1.5971,0.3651,-1.739,1.1738,-0.0032,-6.5592,7.2302,-6.397,0.6519,7.8187,8.4383,8.3852,-6.1087,-1.6719,7.1686,0.2885,1.286,-1.5301,-8.5794,1.3653,5.3213,2.521,3.727,-7.9503,6.0966,1.2657,-8.7876,-4.4359,-9.649,9.0642,3.965,6.9265,1.1588,-3.4281,-3.8246,1.992,-5.5496,1.9677,8.4024,6.5143,-7.7111,-6.2104,1.2975,3.556,2.8573,7.9329,9.1847,-0.7691,5.9202,-2.794,-3.9881,-1.3428,-9.7295,4.0697,-5.1887,-4.8274,6.1485,-8.6593,6.888,-6.5807,2.0569,5.2292,-2.2708,0.1809,6.3224,-0.0869,-7.9851,8.8299,-3.4613,8.013,9.735,-8.0808,0.24,-5.7254,9.4879,-7.2408,0.6039,0.6589,6.4698,6.7385,9.4025,-4.3743,8.4063,3.8393,-5.1158,8.6577,-4.3891,-4.7916,-3.8046,6.5288,-3.7327,4.0045,2.876,3.2425,-7.9267,-7.1477,6.689,9.4286,-8.7545,-7.5793,-2.9842,-2.2046,5.2954,1.8317,-4.2914,-4.2145,9.3511,-6.4183,3.2735,9.1731,2.9857,-6.545,-9.6131,-7.4629,7.8281,-4.6711,0.2199,3.599,-4.3243,-3.9241,6.4032,-1.2637,-1.1885,-6.0481,-4.4658,5.0091,4.9641,-3.6416,5.1511,-4.8403,0.9905,8.4663,-7.9744,-4.8883,-3.6509,-2.9299,4.3178,-4.4042,0.276,-9.7622,-4.876,7.5077,7.4758,2.1725,-9.4525,7.3553,-9.5064,7.5465,-1.2655,-5.2285,1.6978,-7.3317,-4.8367,2.8973,-0.6473,4.1819,-8.8613,-2.6537,2.0454,0.5771,2.8387,9.0585,9.0735,7.7083,-6.9453,-5.7214,-8.6486,8.7395,0.6987,-2.8428,-1.8566
-4.4645,5.8174,9.4104,8.884,-8.5293,-1.6393,3.3682,0.1388,-5.6996,-0.6921,-9.5025,1.4749,0.7757,9.9378,-8.7422,-7.8691,-5.3075,-4.5436,9.9316,-0.4295,4.4854,-9.3773,5.3613,5.5629,-1.2108,4.4213,0.1549,2.889,2.316,0.5311,8.1544,0.3274,0.4464,-1.1186,-4.2154,-2.8016,5.7609,6.5796,-6.3909,-1.3203,7.0957,7.9199,-2.9408,6.4413,6.8848,8.4163,3.159,0.3247,-6.3142,-0.5457,5.6255,0.3002,-5.0106,-3.2286,-4.0881,9.7811,2.7066,-8.7463,-4.2512,-7.3576,7.5033,-5.8674,-5.6498,7.0951,-2.6187,3.9745,-6.0134,9.7021,-7.2483,7.7817,0.5186,-9.6463,-8.5345,4.9307,0.7437,-5.4748,-1.132,1.774,4.5639,9.3054,-5.2329,3.8181,2.5158,8.6258,-2.2832,-4.7711,-7.6345,7.5139,0.1338,-4.0451,4.299,9.4865,-4.4932,-4.5486,-3.8606,3.2383,8.5343,7.8388,1.8972,-5.7379,-4.2972,7.0496,7.1672,6.069,3.1945,9.182,6.6069,-8.5159,4.8401,-2.1672,2.0499,-3.91,-3.2203,-6.9281,8.0788,9.1642,8.1423,-1.367,-6.8642,-9.3647,0.7635,4.4966,3.8228,1.007,8.6482,5.0638,-3.6887,-9.6796,-2.2342,3.8621,9.1837,-3.8729,3.2936,8.0054,-6.7919,-3.9501,5.5125,9.004,-2.5696,4.22,7.6965,-6.2102,4.0451,-4.9602,-3.1243,4.3049,7.3305,6.2961,-4.4293,-6.5208,-0.9003,-0.8889,-3.8628,3.7087,1.428,-6.6552,-2.4742,-1.3617,2.5964,-7.9598,9.126,8.8181,-3.9968,0.6149,3.5977,-6.5473,1.2044,9.9114,2.7789,3.3502,-7.8361,-0.8593,-5.4074,1.6224,-5.4917,1.444,-1.3642,-5.4346,-4.4225,2.959,5.5352,3.1617,-9.4115,-5.6519,-4.0626,-7.3265,-6.6099,4.8179,0.0153,1.6647,3.4622,4.2295,-5.9528,-7.0766,-2.3199,9.5397,-6.0526,-6.3142,-3.5201,3.4582
-6.7004,-1.1312,7.5728,-7.1947,-6.0288,7.0385,-1.3677,-1.3854,-7.8214,-1.6399,9.4471,6.6773,2.9087,-2.3818,8.6823,7.6507,5.9574,8.9148,1.2174,-6.3935,-6.7035,4.0921,-1.6944,-0.5038,-9.5939,-9.6887,8.9134,-8.5804,-2.8167,0.3396,-5.292,7.0851,-4.2422,-8.8167,-4.5444,5.5707,-5.0954,-5.9838,1.0335,-4.1871,2.3778,-6.4205,1.5087,7.024,6.9726,-7.4336,-9.2201,-1.7561,-5.5356,-6.749,-8.118,4.5623,-4.7839,-7.3977,-0.1883,-3.8402,9.2169,-5.0841,-9.923,-6.4943,4.8396,9.3756,-8.1489,2.4386,-6.0779,8.8664,0.5277,-3.9506,-3.3392,0.9301,-2.8727,-8.6511,9.5763,1.0268,-3.9184,-0.3638,-3.1167,0.131,-0.9221,4.6205,-8.1715,5.6702,8.5539,-8.373,-7.2793,2.0226,4.0158,-9.1383,-9.1845,-3.7058,6.4626,-4.0865,5.1605,2.0379,8.1837,3.8891,1.3608,-9.4715,3.0553,-9.9329,-6.2885,-4.4294,3.4912,-4.4837,8.1628,7.6149,-7.398,3.5333,-1.3301,-6.1884,-9.2941,4.4454,-3.3979,5.9697,-7.3564,5.2045,-2.7944,1.034,-2.8014,-9.4491,-5.7054,-6.785,3.1923,6.2447,1.8898,5.3241,0.5718,-8.8856,5.0199,-2.9735,0.8135,-5.6544,3.4847,3.3793,7.5607,-3.9856,-3.4733,9.5951,6.7072,2.9159,8.8672,6.4935,-1.8093,0.45,-4.8675,-0.3389,-5.2753,1.3006,-2.8077,8.0611,2.7699,-0.8473,0.044,-4.9039,-9.4778,7.6057,9.5214,-7.2317,-2.1084,2.0378,-9.932,7.708,-6.3973,-2.1361,4.0969,3.9812,4.2336,0.7393,-2.993,-9.0656,0.7269,7.3685,-3.8018,-0.0181,7.8642,-0.6587,-9.9234,-2.0059,1.5911,8.0384,6.5538,1.3334,1.6752,4.3086,2.9964,-2.6119,2.6494,-7.2899,-0.7279,-2.5947,9.0651,-2.2953,0.1514,-3.9015,-0.77,4.3138,-6.3146,3.2198,7.609,8.6821
9.7902,-3.8686,-2.3498,8.3552,3.1766,0.4075,-1.8365,-5.292,-8.4934,9.9977,-6.6929,4.235,5.8875,-0.3262,0.6545,-5.3257,-1.3242,9.7705,-4.8074,8.7072,0.9385,5.0439,3.7597,-0.7483,0.5532,-2.2309,-5.4427,3.543,6.7577,-9.0982,0.6651,2.3244,0.8178,0.1692,-6.0516,5.4833,6.1365,-9.4809,5.0262,-1.9282,5.9545,0.046,-8.1805,3.5156,4.9765,3.8368,-7.4745,2.8378,-8.9817,6.5514,1.3858,-4.1982,6.9386,4.5418,6.6029,-4.04,-3.9196,5.7505,9.2521,3.6108,3.3976,0.0177,-9.7455,6.7218,4.1883,2.7962,-4.8112,1.758,-4.3637,-7.0825,-2.4911,-6.6535,3.5071,8.4031,2.5725,-0.1886,2.9654,6.1717,0.5283,-6.4136,2.1574,0.798,4.8192,-5.3111,-3.7648,-8.308,-7.1178,1.9835,0.1341,5.7762,-5.4532,-4.4175,-4.4272,6.2958,3.8985,8.7356,-3.2645,2.042,6.8786,-1.9148,2.5442,6.5055,2.8451,-7.5563,-6.9453,0.111,9.5386,4.9145,-7.8521,3.2026,-1.9638,-4.6269,-2.8794,-8.7853,-1.2268,-6.9257,2.5833,-4.2035,-1.1138,4.0716,-4.0392,5.5238,-8.7062,0.3414,-6.4499,-0.0678,1.4136,-0.602,8.8016,-2.8044,9.5928,-3.2627,-4.0505,7.8945,-5.7174,9.2934,-3.5652,3.6726,-9.1457,4.7405,3.0954,-6.4938,4.0938,8.9007,7.9004,0.891,8.6216,8.8464,8.3766,-8.5431,-5.4023,-6.6082,7.04,4.6282,1.994,-4.5803,4.1506,-9.698,5.7815,-5.192,-2.3019,7.2699,9.041,-5.4193,-1.6156,-3.4424,8.2183,8.1567,3.1743,-8.6353,-1.3419,-0.8223,-5.1295,-0.7876,-0.4881,-9.5513,8.3848,8.7965,8.4334,9.7282,-4.6276,-0.6277,-5.941,6.8029,-3.5819,-1.819,5.7061,9.9619,-3.8609,2.3049,-4.3213,-6.0784,-7.0759,-7.8856,8.5936,-1.9257,2.2318,7.7551,0.5128,1.7247
-3.8517,9.6707,8.4187,5.6432,9.2397,-7.71,-1.4691,7.0481,-1.5431,8.364,-8.1127,-0.1268,-0.2165,-3.5887,8.6241,-1.6151,8.8174,7.4308,-6.6508,7.3754,-3.759,0.8469,-1.4692,8.8221,-3.8017,9.4555,2.7222,-5.5458,-8.5135,2.7794,5.0533,0.1484,2.6826,0.0717,-2.6681,-5.1404,-6.6967,-5.3876,-5.7227,3.0304,-8.3466,-2.4427,8.6616,3.6094,0.5252,1.1594,-8.2429,-9.7409,-9.5747,7.3671,5.798,5.4864,-0.8378,1.3209,7.2198,4.0271,6.7518,8.5342,1.7021,8.5977,4.842,-5.4028,-6.5618,6.9886,9.5638,-2.5336,-7.3859,-8.3795,5.4139,2.7518,9.6294,-3.0565,6.8756,-9.8065,0.6001,-0.1853,1.2386,8.2444,-5.8014,7.8749,-3.8165,-1.178,7.263,3.3458,-2.4523,-8.0271,-7.1725,-3.4669,-4.106,1.5723,-9.5323,-0.1143,-5.3138,6.7343,-4.9398,-8.8104,4.2566,5.6755,-7.8121,9.0117,-8.0104,7.9708,8.7588,7.3882,-7.3703,-7.1607,-6.7967,4.2302,-7.1244,8.1471,6.5432,6.0519,6.9493,-6.9726,-9.9757,0.3386,5.8324,7.7144,4.9132,-3.0984,-2.7949,4.6654,8.7397,7.4445,-5.8605,2.0914,3.579,9.2911,-9.9205,7.8265,0.0708,-7.6475,7.174,1.0574,-3.3957,6.4394,9.9022,-9.3744,0.9628,-9.8492,-8.2453,0.7704,-7.9409,-0.8924,-2.2425,-2.9532,-7.0316,-3.335,-8.105,0.4991,-9.9418,4.605,-9.3969,-9.8402,-8.6613,5.9987,8.0504,-7.6874,1.7524,-1.0575,4.9867,3.5108,2.9902,-7.2554,5.9238,0.2749,9.7267,1.7548,-3.05,7.3501,-6.9287,-8.5384,2.2658,5.7676,8.5318,-5.7469,9.737,-5.226,-0.2879,2.403,5.1479,-6.1094,-2.6995,-1.7994,8.6461,-7.7741,9.6614,-1.4758,-1.8154,-5.5508,9.4618,-6.0221,5.3368,-4.8932,-7.0821,-8.0355,-1.69,3.4001,0.5798,8.6775
-2.382,-9.7325,-3.9825,8.7952,9.7397,-3.7952,-0.1647,4.7045,9.4116,-1.4496,-6.8593,6.9535,0.1832,4.603,9.9347,5.1743,-2.031,6.7568,0.3342,-3.5061,-4.8578,5.2023,-8.8426,6.9068,-8.8807,-0.5071,-8.2507,3.74,8.4058,-8.5156,-2.7631,-3.2395,-4.2724,-2.2226,-8.7573,-9.3111,-4.4362,-7.1166,-8.027,-4.7279,-4.4497,5.3276,7.2944,-8.395,-8.6443,6.3433,4.9172,-2.8461,-0.9667,7.056,6.6112,7.1223,9.4916,9.9549,1.8287,5.6054,-6.3467,5.0547,-3.6006,-0.2512,2.7819,1.0944,5.1039,-0.5506,-3.3279,-3.7334,4.9871,-7.5946,7.5604,-3.855,9.8084,-4.6955,-0.2842,-2.7856,9.7343,0.95,-4.0099,-4.377,-0.8201,-9.2207,1.5544,7.7431,-4.1146,2.1834,-3.0557,-2.7564,-7.6015,-7.1891,-3.452,-1.9648,-1.1099,8.823,4.6745,-0.8889,-6.0326,-2.6732,8.4739,2.3534,-8.4951,4.7586,4.3509,-9.2505,-8.2577,7.7681,-2.7673,4.8228,-4.1178,6.6656,-0.3797,-2.9242,7.976,-6.2421,0.3051,-4.9489,-5.7251,0.9684,-7.7687,0.9335,8.4912,-2.7374,7.7221,-2.9502,-2.5461,3.6892,4.8928,3.0518,-6.7429,3.0381,1.0691,-3.0052,2.5781,-0.5235,2.72,-3.1134,5.8081,-4.9172,0.6455,-9.9743,6.0363,-0.405,-5.6722,-6.0155,0.2769,-2.9566,8.3882,-8.3391,0.1161,-8.7562,6.3436,-4.9937,-0.0966,6.4638,-5.4029,0.7618,9.0599,0.4615,-8.889,3.5893,-9.9971,5.1534,-9.1045,-1.2459,6.6839,7.1866,-5.6985,-8.0958,-1.1088,-8.8308,-3.754,-6.3419,-4.4424,-6.389,9.6595,1.9686,5.2219,5.3804,-3.9304,-9.3917,-0.3553,-0.268,-6.3937,1.713,-0.7224,-7.3413,9.4215,-5.739,-1.271,7.3957,-5.3404,0.4153,0.9082,0.696,0.3661,-6.6968,-9.7429,-2.9189,8.6488,9.3582,2.839,9.3462
3.8727,-9.0152,3.268,3.8543,-4.8645,0.4536,6.2568,-6.4403,-8.2562,0.22,1.5898,-1.9364,5.6278,9.4699,0.3321,9.6234,6.3068,-9.991,3.5034,-3.2458,4.4242,-5.6545,-7.0866,9.5074,-9.1435,-8.987,-8.5938,6.9939,-5.5394,-5.4136,-3.3542,4.5928,7.7467,8.6977,-1.7401,5.689,-2.1717,-5.6954,-9.9736,-0.1387,-2.6945,5.308,7.1152,-7.2347,4.8806,7.1875,-9.2128,-1.2648,5.9996,6.6685,2.0253,-8.3732,8.7557,6.4138,8.2934,9.4452,0.606,-1.9525,8.511,-4.7568,7.1486,-3.665,2.3302,-2.4961,-9.6105,-3.627,1.7117,-3.7359,1.7491,0.2915,4.97,-1.7147,-8.981,1.3472,3.9822,1.3873,-3.0285,-7.4413,-1.4963,-5.1694,-1.6077,-4.895,0.7784,-7.1252,-9.64,8.8888,7.312,-1.3204,2.1458,1.7708,-4.8061,4.7755,-7.7508,-2.3637,-5.9123,2.4654,-5.9896,3.8859,-4.5472,-3.4527,-0.7222,-4.4575,1.6996,-5.951,-6.1773,9.5915,-1.9513,-5.9247,-4.5615,-4.0115,-5.146,-9.402,-2.7231,6.9282,-1.4187,8.431,4.4723,4.582,-4.2718,0.5272,7.6645,6.5402,-8.8996,-5.871,5.1605,-7.1414,-7.5181,-4.1475,-2.9876,-0.4699,7.9113,-6.7573,-1.2276,4.3286,-2.8259,-4.108,-4.7382,-9.391,-4.3014,7.0373,3.3334,-7.7484,7.2019,7.1884,-5.9661,-5.8473,5.0551,-3.6205,-6.8071,-5.4941,1.8622,1.0482,-6.2584,-4.9039,6.437,4.565,2.7549,-0.6952,-0.8899,-9.7921,-5.3922,0.1744,6.0047,1.9762,4.3687,1.6795,-8.1129,3.1317,-9.4819,8.3722,-5.5046,9.0129,6.7946,8.4394,2.8279,8.0936,7.6612,2.0085,-6.108,-2.3294,0.0266,-9.4421,-3.8908,-7.7776,-7.3732,8.1854,-5.0086,-9.736,-5.9272,-5.2445,7.6279,2.1171,-8.3478,7.4037,-5.6076,3.3677,9.1702,-6.1602,9.7671,5.2343
3.247,-6.9764,6.2591,-2.6799,-4.8385,-4.6997,9.3896,3.5873,5.485,4.6867,-0.1139,6.9957,1.5338,7.5203,9.7098,-2.5867,4.4031,-8.509,-2.9628,-6.9683,5.6679,5.4871,6.7859,2.3263,-7.6751,3.8878,1.5009,1.6685,-2.3065,0.9837,7.3122,7.2778,3.7079,9.6339,-1.5951,-9.047,-9.5303,-5.6112,-3.958,4.2411,-4.6698,4.7567,2.972,-4.4913,1.5714,-6.9156,-8.4696,-5.0357,-5.1709,-5.623,-3.8047,-3.0483,5.1394,-4.278,-8.1959,3.264,-0.4496,6.9334,5.8573,-1.4044,7.6051,-5.2767,6.8404,7.5098,-5.6752,-5.3098,5.1267,-7.454,-0.3605,-3.1986,-0.9708,2.4248,7.3009,9.8919,0.2985,-2.2157,-2.2524,-0.1291,-2.2884,-3.2247,2.9782,9.6485,7.872,1.8151,2.3275,7.1022,-0.8972,4.27,-6.5269,-0.6858,9.1582,-3.2429,-8.3355,7.9354,-7.2272,9.7756,4.6739,-6.9669,6.123,6.3515,1.2056,2.5851,9.0859,2.4133,-0.9614,6.854,-6.2273,-8.1427,6.921,-0.2776,-1.0887,1.3757,8.6702,-7.8641,-0.0641,-1.4728,8.8924,-0.0961,-3.8349,-9.9287,7.7863,7.1467,-0.4366,-1.6532,1.2615,3.293,-2.614,-8.3207,1.9993,4.2827,3.3952,-1.9532,-2.2085,-6.8715,-5.0548,6.2728,-0.3095,-1.9197,0.9369,6.6963,-0.7732,9.5663,1.1701,8.7605,7.1319,4.728,-9.0141,-9.1221,-4.8651,2.8265,8.7343,2.3867,9.2347,4.1231,0.6571,1.6642,-5.1378,-2.8002,1.977,3.7909,5.4209,-5.936,-8.2856,-9.3942,6.4626,-8.7707,-4.8651,-9.7007,-5.6429,-5.2934,3.7994,-5.7646,2.88,-5.6517,-2.8765,-8.6469,-2.1016,-8.912,4.0758,-3.3584,3.5142,2.8197,6.9322,8.2224,-8.1657,5.5503,9.1509,4.4479,4.4437,-7.2188,1.7511,9.9045,2.909,-0.2212,-0.5995,-1.2982,-6.1845,-8.8426,3.7659,7.9173
-6.0629,-1.1167,1.9108,3.2484,1.2588,-1.6447,1.7762,6.0646,6.6859,-1.0124,7.4064,-5.4139,5.8024,3.1059,-6.4047,2.4797,-1.8972,-3.1426,0.82,0.6008,8.2913,5.204,6.1041,-3.7805,5.8111,-7.8614,5.8255,-3.5573,9.2081,-6.5191,1.9498,-0.017,-8.4772,5.9009,7.8081,-6.0508,9.0067,-5.2023,6.0101,-8.6271,-5.7123,-7.5791,-5.7571,-6.3874,0.4594,-5.4308,-2.3631,-5.3926,7.6432,3.0965,3.3548,3.7243,-8.0517,6.1994,-0.7415,7.6604,3.229,-9.2212,-0.6783,-2.9911,-5.8507,-7.2903,8.4702,9.1352,-9.3158,8.8681,2.8896,5.5625,-0.5232,-2.0346,3.6989,5.6896,0.6441,2.1485,-2.2126,0.4964,-2.7073,-7.3203,9.8034,4.782,2.8361,-4.1724,-5.427,0.4063,-6.7166,4.323,4.8597,-9.2045,-9.93,-7.4253,-2.539,5.7753,-8.0016,-8.828,-8.953,-8.2395,-5.6054,3.0969,-5.9092,-8.1848,-2.346,-0.6582,-5.3093,-7.0747,-9.342,-6.5676,-7.5471,4.2058,-7.1485,4.1799,-3.5145,-5.5094,-1.1504,0.9954,-4.6211,-8.4964,-8.8328,-3.5062,-4.0162,-6.7742,-5.0783,7.1683,-0.5659,-3.1035,-7.8341,-7.733,0.3898,1.9644,9.0499,5.9295,2.8841,3.2068,5.3247,-9.6059,-6.459,-4.5594,1.5605,-6.3834,-1.5675,7.6326,8.0191,-2.7026,2.8087,6.7715,-8.769,6.1993,9.7572,-3.4828,-9.2196,4.0344,6.8484,3.0865,7.5142,7.7595,-8.5534,-0.3038,2.4344,-0.2984,-8.2849,-1.676,-0.2787,-7.3061,-1.961,8.176,0.5841,-1.6568,7.5562,-3.0438,-5.424,-6.6535,3.5482,-5.615,-0.8501,-7.888,9.8973,-9.4826,-7.9941,-3.5426,-2.6331,-6.6751,3.5175,7.0184,6.7725,4.0159,4.9311,-2.7664,5.9424,-8.587,-6.9222,-9.4581,-9.2496,2.9715,-7.0854,4.0702,-7.9103,4.1352,-2.5388,-5.9185,8.3762,-7.7264
5.1612,-4.3899,-5.0938,-7.2314,-5.7342,0.4445,0.1043,5.6634,8.1506,-1.6501,3.2298,-8.3178,-4.4764,-2.8587,2.0443,4.9309,5.6541,-5.8156,0.2007,8.2085,5.4648,-8.3463,-8.1089,3.5196,4.7999,-6.7179,-9.666,0.5148,9.8905,6.5167,3.3517,5.4334,-3.8939,2.479,4.1699,-7.4881,-9.3119,5.8401,-7.0083,9.2507,-1.6332,-1.8541,-2.5395,4.6385,-9.0621,5.9052,-3.1329,-6.7936,-1.4297,8.4482,-9.5042,-4.4393,2.2085,-2.6538,-2.3657,2.3086,-6.9494,0.9064,-7.1248,7.5663,-8.5132,8.982,-0.3249,4.5441,-9.1672,4.5934,-7.2933,-1.3067,-3.162,8.0212,8.2568,-6.4511,-2.7296,6.2154,8.8284,-6.469,4.6162,2.5344,-3.1813,0.4068,-8.2374,-5.2932,4.6057,4.0224,-0.9558,1.5608,9.0432,-3.2966,-2.5275,1.2178,-1.0806,-8.4222,3.61,2.9781,-3.8421,8.5624,9.5335,1.2589,5.5481,-0.7931,-1.9572,2.604,-2.7796,8.1413,8.15,-2.699,-6.8477,-5.1168,9.6841,-2.7474,-0.4161,-6.0795,4.3336,0.7169,-8.3897,-4.9037,-4.7168,-5.5372,0.2558,-5.362,-9.7098,1.9718,9.0735,-2.1285,-2.1586,3.0965,8.4518,-0.2666,-4.2914,7.4974,-7.373,-4.0764,3.669,-0.4082,2.0274,8.6053,3.5149,-5.1043,9.4936,8.6781,-7.957,-6.5775,-9.0863,-0.2987,0.9849,3.4917,-3.3922,4.2413,-1.6013,4.1674,4.3113,0.1734,-5.7723,9.9807,1.7947,7.3343,5.2867,5.1962,-2.1272,-2.919,8.0677,2.1346,-2.5524,-9.798,0.4039,-2.713,5.4744,1.3928,5.2223,-1.3463,-5.7916,-0.696,-4.3972,-6.5742,3.9751,5.7395,0.5459,7.5068,-3.5156,8.0969,-8.5952,-9.2912,-6.6565,-6.1042,-2.0353,4.5635,5.464,-9.7068,-0.3177,-3.4109,-4.7857,3.4642,2.2514,0.2177,-5.9503,-5.3081,-4.6139,-7.013,-6.4557,9.5313
9.8489,-0.8544,-2.3278,-8.4628,-0.7125,7.7673,-5.4761,2.0848,7.2966,-1.4667,-9.8477,-2.8444,-2.4525,1.5079,6.4353,-8.2343,-5.5534,-4.6175,0.4396,5.2517,-5.9854,-8.7704,-9.1518,-4.3939,-7.8948,3.3953,-0.6499,-4.8505,6.1734,1.3942,6.3884,8.987,6.7869,-0.1459,-0.6752,8.5693,-7.3735,-8.7045,4.875,5.8046,-5.2787,1.4065,7.6213,-7.2131,2.9107,5.302,5.4721,-6.9992,-4.7055,3.3532,8.2923,-5.3759,4.0582,-5.9785,-4.9795,-5.5228,-5.7662,1.9003,-5.8455,-0.4257,-3.4884,-3.2004,-0.4002,0.4102,4.2614,-2.2554,7.8828,4.223,5.7457,8.3804,-5.5509,-7.1649,9.8081,-5.3979,-5.1559,9.2264,-1.4187,-1.2124,-6.5155,-2.8638,8.9497,1.1305,-4.93,7.2951,8.8991,2.6565,4.0072,0.0377,-0.5464,-4.1103,-6.5614,-2.9627,1.1496,0.1576,2.1675,-0.311,7.8134,-6.3662,6.7216,2.32,6.993,4.6026,-1.2671,1.2896,-7.7581,-1.4609,-0.2079,5.1452,9.8964,3.0394,-3.5401,-5.2808,3.2091,-2.4674,8.9988,7.5895,4.7316,-2.7672,-5.1404,-3.4224,2.7706,2.7156,7.8518,7.7775,6.9515,-2.8644,-2.7375,9.4456,1.7825,-8.8045,-1.4145,-1.437,-6.5085,-5.3587,-0.594,6.777,4.0461,8.8625,3.7513,-4.4743,-3.7275,-1.2089,-0.6285,-8.0583,8.2882,-3.4697,-3.9763,6.214,-7.5354,-2.5028,-7.5413,-5.3843,0.649,-5.1795,-6.2501,-1.1944,-3.0428,-4.723,-6.5211,-0.9412,0.8543,-8.2743,5.4743,7.496,-6.1526,9.5369,5.0468,6.228,6.293,-1.5936,-4.5472,-5.5717,-5.4184,1.1496,4.1029,4.4337,-5.0718,-2.4574,3.6528,9.826,-5.4709,-9.2508,5.8077,-6.3565,4.7386,4.7518,5.9609,3.5788,-5.4618,-6.7128,8.5411,-6.4416,-6.4415,-8.5043,-3.5387,-9.5702,-3.95,7.0365,-9.413,-4.7338
8.0556,1.1894,-6.0793,-0.9776,3.8912,-3.3451,3.3632,-2.4475,5.5555,6.3384,-0.8163,7.1548,-7.3246,7.4097,-0.4919,-3.0169,7.1659,1.0589,-9.3531,-0.6307,4.278,-9.802,3.9254,-3.0144,0.7063,-5.0165,-0.3006,-0.6071,3.6927,-0.7883,3.5518,4.6405,-9.2237,7.1782,0.6087,5.0124,-1.5929,8.8257,-2.0693,9.6917,8.9568,8.6747,4.0006,-2.6447,7.5868,0.7073,3.1036,7.381,-8.2416,-0.2211,-4.414,-9.4203,-9.1574,3.1423,-6.8698,0.4804,-8.8951,7.3443,-6.243,9.0281,-9.3368,4.3783,-0.422,6.0125,-1.7961,-3.7534,-5.9442,6.0987,3.4917,4.5424,1.546,-1.3961,-7.58,-0.0875,9.6762,-3.5251,0.4284,3.194,7.6516,-1.4554,4.7966,-4.4367,3.4417,3.191,4.2615,8.4217,5.0332,3.3932,5.1701,-2.4081,-3.2067,0.0644,-6.1877,6.8135,-9.2499,-1.7861,1.9908,8.9766,-6.8906,1.0585,-3.2071,4.7557,-5.7304,-0.9484,-8.1165,3.6729,8.0103,-4.7589,7.8183,-7.8445,5.5261,-5.1668,8.9191,-7.0202,8.6712,4.2957,-4.2933,9.9822,4.4314,-6.9285,1.7877,-0.909,-2.2747,0.1165,3.7098,5.9389,9.5068,-1.7375,-8.3933,3.1093,-1.0413,0.1258,4.0626,1.0312,-5.4737,9.9929,3.3284,-8.1694,-0.4192,6.5728,-5.3722,-1.7229,9.7397,-3.5671,9.9174,-5.9307,-6.1492,-4.781,-2.8607,-9.6852,5.2361,-9.0784,5.329,3.5809,-6.6004,-0.5429,-0.2079,-6.9852,7.6007,6.1217,2.1693,0.8091,5.009,2.0235,0.1802,-1.7343,7.3123,3.7995,5.1114,-1.8888,-2.5018,0.1847,1.0223,-5.3223,-4.3197,4.0752,-8.8122,-9.6125,3.6492,7.0025,6.0176,2.9496,-4.1612,1.969,-3.0184,-0.9969,0.9146,-2.7044,-5.5299,6.1475,-8.7404,-5.5446,-9.9149,7.3919,-9.0956,2.3658,-0.1153,-4.7976,3.4266,-9.5886
-2.3306,0.0307,5.3536,3.9217,2.6566,4.7901,-2.7086,1.6688,4.88,-3.2725,-5.3171,-5.1215,-6.6264,-2.1318,6.2795,-0.0568,8.5542,7.0552,-6.038,1.5114,9.5775,-5.4013,-0.901,8.979,-2.5079,2.71,3.5763,-8.2457,2.0047,3.8558,-4.2486,-5.5766,-9.3605,-4.5518,2.9186,0.1678,-7.0218,5.69,9.068,-8.9861,-2.748,-8.9381,9.3818,7.7488,-9.4077,-2.6627,1.2939,-5.1085,4.3635,-8.8239,3.3743,-9.9153,1.3489,9.2231,4.9438,6.5925,-8.0937,-6.1644,-5.534,8.3623,6.2089,-7.0167,-4.8166,-9.78,-7.2592,4.3059,4.2321,-7.319,-5.1005,8.5469,-2.491,-8.4231,-4.6018,-4.4342,9.9389,7.7178,-4.1519,-7.0051,-8.1143,-8.614,-6.9499,-3.6094,-7.5297,-1.3256,4.6482,7.2663,0.6793,0.975,8.0994,-2.3523,2.1599,-3.2132,-6.7442,-8.6088,-2.1509,3.9923,8.4796,-6.444,3.3191,-8.5167,-7.86,4.1073,-4.5999,-7.1965,-1.9773,7.4674,2.9656,4.0929,9.4129,7.1381,8.1709,-4.8305,-1.9617,4.9636,4.2694,-1.7481,-7.5673,6.3349,-7.4184,-9.9248,8.622,5.4962,1.417,5.3831,1.9743,8.5082,7.1908,4.9806,4.4372,-0.2685,3.3339,8.5217,6.2037,6.6068,-3.2859,2.6756,4.5928,2.8308,1.9476,7.2821,4.9667,7.6472,3.7503,1.8703,8.5038,-4.5071,2.0813,7.2533,-1.0685,-3.6929,0.7631,-1.8286,8.9994,-6.766,-2.982,-9.4882,8.8235,2.1473,-6.0765,-8.7203,3.2093,-6.9645,6.1741,-3.9983,-9.9653,-5.8048,7.9809,-8.8169,-5.0182,0.645,3.4388,6.3566,1.1441,-8.7211,-0.3738,3.1855,4.5645,5.3099,-0.0172,4.9352,9.9019,4.5162,9.8891,-6.9438,0.2515,-7.1286,2.6588,-0.6612,-8.8566,-9.352,4.1499,5.5427,-2.951,-9.2601,-1.2372,6.6962,9.3756,-4.7698,4.7399,-4.8313
3.2095,8.8857,-6.2193,-4.0804,9.3814,-4.7382,8.2185,8.705,-7.5466,-4.4091,8.8064,-3.0363,3.2288,6.4361,-4.2636,-1.5104,1.4588,-3.888,1.3737,-5.2726,0.7496,-9.3022,-7.9916,7.2483,-8.6606,-0.575,-7.5611,2.2226,1.2028,7.7877,-9.9141,-2.6966,1.6149,-7.2356,-4.9246,2.6429,-4.7796,7.3205,4.9464,-9.081,9.3435,-6.8384,-3.794,-6.6437,-5.6633,-4.25,3.3964,-0.2558,5.9668,0.7945,-1.398,0.4942,-9.6324,-0.9213,-3.5953,-1.148,9.1041,-9.1391,4.2327,-1.5725,-9.4051,4.5425,7.3391,-5.8536,-3.4203,2.6097,-9.3214,5.6226,-9.0521,-6.987,2.795,-7.4487,3.0759,2.976,-5.2448,-4.5792,-4.519,-8.0303,4.7752,-6.6322,-9.2809,-4.72,2.5261,-9.9864,-1.526,7.6646,-6.5119,3.7052,4.821,9.5471,9.6762,4.6051,-0.3429,-0.3015,-1.7518,7.3669,2.2928,8.5784,-0.4328,1.5598,-5.1212,-0.7985,-5.3082,4.1841,7.8022,0.2685,3.3251,1.4601,-5.4232,-9.4415,-7.1129,-1.3998,-4.8495,-7.9473,-3.5266,-6.1706,4.6079,6.506,-3.8246,1.8937,8.163,-6.2835,3.3061,-7.6818,-5.4878,-4.5906,-0.9173,3.6667,-5.4713,9.8423,-5.2169,3.3176,-3.7868,-4.6229,2.3153,-1.1629,7.6141,4.9975,-1.2019,8.3076,9.4052,8.3278,-5.2468,7.1617,5.4051,-9.4983,-4.4408,-3.1636,8.4514,-8.4782,-5.1245,-9.9886,7.626,8.799,0.2393,2.2932,9.2393,0.6162,-4.2551,7.4247,3.5832,3.627,2.0882,-3.3157,-3.7405,-3.3488,3.8574,-5.6614,9.7016,5.6725,1.2403,6.3558,3.402,0.5905,9.5972,-2.4228,2.0833,-7.9661,6.7388,0.1996,-1.2851,3.6336,-3.8271,7.4701,-0.3379,7.1005,0.3993,-7.5441,-6.8648,1.5703,0.1924,-7.3708,-7.4286,8.9261,-9.958,-4.0795,8.1727,6.6444,1.5353,6.3766
-7.7789,-7.7057,5.4682,-1.2488,0.7801,9.3452,-0.194,9.5612,4.2111,9.2466,-1.2679,2.6372,-9.3541,6.9006,-1.4303,4.896,-5.4646,1.5981,5.7913,2.3331,5.1543,-3.4132,6.2221,-8.1372,9.074,-5.4157,-0.4497,2.6434,-6.673,-6.3347,-7.4162,-2.9304,-4.1781,9.4639,-7.8861,-5.7039,-1.8651,-1.8274,-9.8688,8.1076,5.0602,-2.8313,-7.8565,6.3256,6.3638,6.9252,-6.4659,-8.4036,9.3012,9.2954,0.7463,6.7669,-1.8313,-5.8165,5.0973,-3.8848,-3.9608,9.6977,0.1444,-0.4097,-7.3023,6.7551,9.2897,3.9793,-2.5396,6.6293,-8.046,-6.514,5.1421,-6.7269,-7.5106,2.6075,0.8428,8.8599,-2.3877,-2.6913,-6.6185,-8.6471,0.4751,-8.829,-6.0101,-1.8839,-0.7675,-4.8073,6.568,7.8851,-2.5166,10.0,3.66,-1.9477,4.3503,-3.3994,-0.5994,4.8026,6.6637,2.3116,8.6301,-4.039,-6.5658,0.0923,8.4545,8.017,6.6153,-4.7011,5.1706,8.2426,-0.4814,-6.8987,3.734,0.7909,-1.2011,-3.2512,5.7305,-4.7738,-1.0535,-7.1482,8.706,-4.7757,9.5627,4.6409,-9.4259,2.5003,8.9726,-4.6599,1.4146,-6.2309,4.2814,-1.2811,-9.2254,6.8362,7.2245,-9.0533,-5.7529,-3.4242,7.803,0.0752,-0.7208,-0.6832,4.317,0.7184,-4.8511,2.5115,8.5918,-0.3132,-2.6467,-3.3543,-4.2375,1.5552,-0.8908,-4.0474,-7.5484,-6.2176,-4.8088,9.4312,-4.0609,-2.7341,6.0309,-1.1201,-3.8645,-3.1549,2.0494,-1.402,-3.9589,-6.7303,-1.2269,-4.2177,7.1786,-5.0191,-9.8182,0.1692,-5.034,-1.5701,-7.9237,1.517,8.1267,6.1201,8.5216,-9.9741,2.3851,6.8957,9.8274,6.8007,-7.3041,6.9774,-1.1436,9.7702,8.8592,0.3627,-8.7345,-7.1207,-1.8307,-7.9474,-7.5496,7.7913,-5.198,2.3015,-1.3624,2.4537,-0.223,-1.325
0.3246,0.3618,-5.5787,-4.3701,9.493,-1.9773,-5.9194,-3.5728,-8.2083,0.6901,-0.3838,-0.2652,-1.5513,4.6966,-7.9361,-5.7023,-4.1095,2.1198,-9.8634,-2.0604,1.7925,-1.683,-4.5851,8.8326,-1.1588,-2.6643,3.5269,2.9692,-2.4268,6.3258,-3.0472,1.1939,4.4622,7.6354,3.2628,2.2358,4.6518,5.8142,-8.3065,-5.7213,-4.3162,-8.1427,7.8315,-9.3892,-5.523,-9.9167,6.2466,-6.4961,-3.6938,1.9856,-8.577,2.9142,-9.1779,-5.5553,2.7618,-2.143,1.9373,-6.6921,-5.6774,-1.822,-0.3713,-6.2886,4.0282,-3.5787,-5.8995,1.3252,5.0329,7.0933,6.7111,9.6905,-4.1013,-7.5937,-0.4926,0.782,9.7638,2.4191,0.0283,0.5027,5.4717,4.5611,2.4202,8.8215,-1.6988,1.8456,8.73,0.4542,9.0446,5.709,9.4803,3.157,-3.7066,9.3927,-7.9962,6.8812,-0.7593,4.4737,6.9366,6.0476,0.9145,-1.1533,2.4318,-2.3755,8.238,-0.7064,9.5516,9.1053,-6.9676,1.3795,-1.0212,-1.2223,6.6834,-2.8807,2.3922,7.0583,-6.8044,0.4248,6.9115,5.8958,-0.4628,0.3563,6.825,-7.9034,-1.9332,-9.8665,2.2709,7.7356,0.5284,1.7054,7.086,6.1244,0.4575,6.2631,2.2411,-1.4384,7.8689,-8.2279,-2.5529,7.1122,-7.48,-6.9611,3.1562,-4.4545,7.5424,1.607,7.75,-1.1359,6.4258,5.762,-5.786,2.2077,7.6133,4.4237,8.8777,9.5143,4.7633,6.2076,-4.8805,-9.725,-3.9999,-5.3478,7.8536,-8.2016,-3.5459,-0.6705,1.8036,-4.1852,3.207,7.8087,-4.8968,-1.9438,-1.0522,-6.3643,7.7375,3.5912,-2.2052,1.674,-4.0542,9.1932,8.2697,6.554,-7.9417,2.2387,7.1874,-6.2143,-7.3451,7.7613,-4.191,-6.3129,9.0074,-8.499,6.4626,9.9352,-0.8821,1.7439,-7.1287,3.5151,-5.3753,-8.2127,0.9461,-4.808
2.7018,-5.3929,4.8786,-5.7236,5.4292,2.7351,8.0851,-9.8474,0.7428,7.4958,7.215,5.0086,-7.2198,-8.2021,-2.5327,-7.6078,-3.861,3.2859,-9.486,5.9565,0.4846,-8.2402,-9.8952,-9.1736,-2.3483,-5.1232,3.693,-5.975,-0.6785,5.9825,-1.0676,-8.3757,7.0546,5.5215,-2.8653,4.5882,0.9139,9.2683,-5.8602,9.3246,-6.5012,3.9315,-7.3181,-2.0447,5.0737,-4.0112,3.6338,4.855,0.3794,9.2774,-8.403,7.839,4.0676,-4.3246,1.913,2.3368,-3.8933,8.1234,1.9453,-3.2678,-3.489,-6.9915,1.1143,8.9174,-1.4809,-6.5223,-6.8372,6.0296,-8.868,-2.9269,3.195,-1.628,2.2636,2.1284,1.6439,-6.7176,-0.9999,-4.7626,-5.7892,2.0114,-8.7844,-3.9947,8.9937,4.3846,1.3385,6.5938,-5.6371,-8.9276,5.1878,9.1182,-2.7358,-0.0903,-3.2345,2.7632,-3.4655,9.521,4.8119,5.0269,6.9478,0.9919,8.3478,-0.0485,4.8554,-8.5113,-3.6427,0.1113,3.1698,-8.613,7.6705,5.064,-5.7038,2.7031,-2.5475,-2.8299,3.4067,-5.8418,8.0632,-0.0786,6.7026,-6.3712,1.6952,5.2537,4.1015,4.2053,9.3464,7.5928,9.1186,8.9994,4.3325,1.653,8.0992,0.1022,4.526,-9.8578,-2.383,8.4088,-8.274,3.6564,6.1812,9.26,-5.7793,-6.4505,-8.6289,-1.084,-7.5758,3.3518,-1.144,-6.8878,-1.7398,-2.1364,-0.697,9.6885,-6.3787,1.3788,4.9437,2.7641,4.9888,-8.0929,4.642,7.9686,-6.4347,9.4263,-0.5299,5.4031,4.5376,-1.1242,-5.5386,-6.9925,3.0721,-1.5856,0.3853,0.4606,6.3234,-9.0843,8.4916,5.8045,2.6345,-8.6642,-4.5713,3.7036,2.6614,6.0888,-6.7298,2.1978,0.2667,3.1342,-7.2983,-6.7914,-8.329,-7.8989,-6.3331,-4.9525,-0.881,-1.5962,-3.423,3.066,8.0553,4.0912,3.6304,5.5523
8.1839,-5.2351,5.4634,1.5995,-3.0957,-9.559,6.4112,9.5399,-4.96,5.8249,-0.4016,0.2492,-2.302,7.5939,3.4774,-8.8699,-7.8215,4.6599,-1.724,9.201,3.9943,4.3611,6.2315,-3.2297,-7.9528,-3.8485,-4.4066,-2.8389,-1.449,-0.9033,5.9304,7.7089,-8.2187,3.2478,-1.7412,1.1396,7.0863,-9.337,-8.5151,9.8584,4.1455,9.0889,7.2359,-7.7904,2.0231,-6.6174,3.0691,5.4954,9.2135,-4.1928,-2.8089,-0.7927,-1.3838,-0.062,-5.9308,-8.9493,-3.4318,0.0539,7.1656,5.2986,7.9394,-6.749,-6.3528,-6.1596,-5.7697,-1.13,-7.3185,1.4584,6.3596,-9.6166,8.8027,-0.915,-1.6432,-8.5866,-7.1663,3.4003,-4.4626,-8.947,9.5811,-9.8829,-8.7479,9.4322,4.89,6.5276,-5.4868,1.8469,4.9641,-8.151,-3.2246,2.6214,-7.4896,-5.2749,-9.7445,-2.5826,0.216,3.2224,-2.9878,-4.0625,-2.8197,-8.9714,1.0857,3.2297,-6.3281,1.4961,-9.3954,9.3322,0.5593,4.8191,7.2874,0.4649,8.3066,5.1516,5.3711,3.2103,-3.0198,-6.1687,-4.4596,3.3691,-7.7154,7.0179,1.0703,-0.2649,-5.4271,-1.3236,-1.6331,1.9049,-9.6524,9.6623,0.3407,3.9585,7.1053,-8.6964,-7.0601,-2.2489,3.4627,-6.1429,3.9302,4.6637,-8.1917,-1.3385,-9.7928,6.1712,-7.7537,0.7636,4.0441,1.9123,4.788,-6.87,3.002,0.7664,-2.1521,-5.352,6.4536,-8.1619,-3.0072,9.8903,-1.3292,1.098,8.7268,-4.3345,-6.3761,-0.6145,9.9686,-6.6721,-8.7268,-0.0324,8.3498,-9.6527,-3.961,-1.7541,-5.5566,-2.4492,2.3945,-7.6425,-5.511,-8.3088,6.1578,5.5287,-2.7066,-6.5319,6.528,-1.6344,2.6138,1.658,7.2533,5.04,9.1934,-0.4737,-4.897,4.1273,-1.4043,3.7708,7.9025,-1.1505,6.2684,4.7137,9.7907,4.9399,4.5338,-1.1359
3.9626,6.7092,-4.8621,-4.3105,-8.5852,-4.2223,-2.2476,3.9463,-1.6662,-0.9376,2.1286,-5.1657,-0.6096,9.6888,-0.2344,0.1103,-4.4153,-8.3619,-6.812,-0.2464,6.7764,5.1146,2.6896,-2.8407,-8.1735,-6.3739,5.2759,9.7448,-4.5019,-8.0204,-0.9501,7.623,-2.2086,1.2318,-0.8507,-3.9646,9.1267,-7.5324,-0.4171,5.6758,-5.0831,2.5927,5.484,1.4728,-7.2712,-1.8433,-5.9781,1.8181,-8.5828,-1.3829,-1.9204,-2.0756,2.9536,5.7748,0.5014,3.4053,9.3302,8.8195,3.4064,1.1623,-4.2537,-0.3737,-1.8152,2.8516,8.8158,1.8804,-3.2452,1.3958,-4.5457,-9.3927,-5.6472,-2.0053,-8.288,-5.7431,9.9344,9.0552,-9.0176,-4.634,7.5716,7.0122,7.5414,6.7636,9.4006,-3.0954,-8.5313,2.2498,5.3941,9.6433,7.0526,-1.759,1.1958,4.8452,-8.9176,2.99,9.9729,8.1147,1.0897,-1.7276,7.2167,-6.727,-0.501,0.9469,-8.2005,-1.1249,-0.9878,-3.6905,-6.0456,-4.4994,5.6152,8.7714,6.5095,-9.4737,-5.0999,1.2996,4.6695,-7.7127,-9.4637,2.0892,3.7894,4.6241,2.089,-0.81,0.7355,-7.12,5.7077,2.9663,-9.2086,-3.2767,-9.7866,4.3673,-6.7381,1.3755,9.8126,-7.9962,9.1963,-9.516,-0.8735,4.1093,0.4328,6.2241,-5.3874,6.0053,-8.1764,-0.3868,-0.0395,-4.821,-0.3245,9.8699,6.4991,-8.0131,7.8361,-9.596,-8.0061,5.204,-2.189,-9.6361,9.3471,-1.9364,-2.5723,-0.4182,9.0955,6.4938,5.3076,5.2531,0.5245,0.0781,8.875,-3.9956,-6.4702,-5.6698,-4.7601,-2.0028,2.864,6.2292,5.9041,2.31,0.8017,-9.7595,-2.5563,-9.5354,-3.0742,-6.5395,6.9112,6.5112,6.072,-7.3439,-4.3443,5.8319,-7.2026,2.7081,-2.9221,-8.8067,1.3328,-4.5149,-5.4907,7.9808,9.1286,-0.5557,-2.9194,5.3836
6.174,4.198,-2.9093,2.2105,3.1694,-0.3719,0.9247,5.4348,-1.4231,-4.0742,-8.729,-5.0904,-4.5212,0.8703,1.8849,4.0352,1.8702,2.7797,0.7524,8.0011,7.8198,-8.3053,9.3875,3.5656,8.2511,-5.6383,-5.8496,0.8445,8.4059,-1.9738,-3.8754,-1.2935,3.3442,3.2692,8.8676,-6.8033,2.0702,-8.681,-3.1449,-3.4856,9.2277,9.6774,-3.2881,9.9876,-7.1961,-6.8877,-9.219,-2.2987,-0.0988,-2.7349,6.177,3.8358,7.1139,3.871,0.7654,1.0462,6.333,0.8426,-1.2085,-4.5926,4.9806,3.5048,6.2899,8.5729,4.2957,8.4625,7.1861,1.329,-4.3767,-6.9168,4.9371,4.3154,4.6333,6.4491,-1.2521,-7.4793,7.8986,-8.6426,0.4873,3.0039,-6.885,8.03,-5.6591,9.9187,-4.4948,6.2674,-9.7858,-1.863,-4.2322,-6.9808,-1.7844,-0.1137,2.5214,5.1904,5.7268,8.807,3.3497,-5.9778,8.2482,4.3037,5.3799,0.22,-8.7593,-0.207,1.2341,-5.6129,3.4131,-9.4811,7.9749,7.8215,-0.5508,-8.182,-2.1714,6.5932,-1.6357,-3.5654,0.5007,-5.7632,9.4731,3.3582,5.9426,5.102,7.2696,-3.1592,9.0091,-4.5525,-7.7883,9.8452,-9.4906,-4.7832,4.9149,1.9183,6.8557,1.4229,2.3548,-2.2495,4.6801,0.6873,8.4315,-8.1379,-1.3242,-4.4682,-9.3066,-3.5508,6.3321,-6.5233,-4.5139,8.9929,2.0695,8.4538,-9.558,-3.0959,-9.3769,-5.0416,-8.4744,-8.8423,-8.9518,-7.1113,2.6863,5.4168,-7.6853,1.735,0.0622,6.0379,5.0725,-4.4851,1.3234,9.5684,7.2719,4.8566,-6.3279,2.6838,5.6833,7.498,-7.9182,0.1743,8.4422,-2.7291,0.7926,4.8285,9.2251,5.7538,-3.242,-8.0258,0.33,2.4081,3.5696,-7.0876,9.4824,2.7152,-3.6602,6.5988,3.0081,-9.131,-6.893,5.458,9.373,4.5758,-5.5919,-1.8092
-7.8493,-5.7815,-5.6003,4.8173,0.477,0.7936,-9.5391,-8.2423,0.6222,7.4549,-3.7926,0.267,-1.9436,-1.042,2.3517,2.8443,0.2278,-4.2987,-2.456,4.0584,-7.2106,-5.036,8.9553,1.2885,-5.5807,-6.5533,-0.4085,5.5528,-2.3022,2.4656,9.3203,-9.315,7.2066,-3.3344,0.7358,4.9817,-7.61,-5.1684,-6.1658,-8.961,-9.2285,7.8372,8.6164,-9.1622,-3.9346,-2.1885,7.1043,-9.1989,9.492,6.0572,-6.5625,3.8181,1.8158,-6.0883,-2.9624,-2.18,-6.5449,3.2086,7.3295,-9.4946,6.2218,-3.0531,-3.4884,5.9726,2.7647,-9.0799,3.4459,6.5913,3.5947,3.5261,8.6737,-9.3092,5.7358,7.1699,5.3903,6.3364,-5.9087,3.7473,2.7579,-3.1837,-6.9968,-5.8711,-3.7868,8.0411,9.3227,-5.8936,2.7347,-1.8537,0.9051,6.6362,6.0017,-0.9318,2.3287,-8.6743,-4.8916,-3.0366,-7.9869,8.7752,-5.1539,5.4182,-7.9279,2.7167,8.7875,8.9844,9.3624,-4.7275,-2.2192,0.5241,-8.393,-5.5198,-4.2787,4.4885,4.8347,-5.5472,8.3991,-1.5058,4.9521,9.3032,1.9045,-6.8964,-8.325,3.5404,-1.72,0.9335,7.5791,2.5946,5.0706,9.3325,-0.4306,-8.3348,-4.0322,-8.676,-0.3388,-1.637,8.5702,-7.5488,8.9553,-0.5778,1.6788,8.7473,6.3906,3.0939,0.5259,9.2281,-0.6506,-3.1726,-5.8819,1.0727,-3.9238,-8.9583,8.5125,1.8558,-8.7498,-7.269,0.8898,-8.9002,-2.4199,9.2326,2.6486,4.2788,1.1387,-8.6571,-9.1861,-9.2407,-8.1492,6.3265,8.4201,0.9635,-1.0125,6.6485,6.0967,-6.4682,5.711,2.4545,-4.4669,-4.9564,9.9654,1.2776,1.0794,0.2575,4.4118,-9.3565,-5.8564,0.3517,-0.5216,7.8743,9.5872,-7.8503,3.6113,5.1616,9.1636,-3.6219,9.431,5.4981,3.155,-2.8326,5.1048,4.4816,-8.4441,-5.8682
7.315,-8.067,-4.4103,-4.6627,6.7549,0.9726,-0.7624,-1.8627,-5.9538,-1.5752,2.8319,9.1729,-9.7369,0.2112,-6.5397,-0.8799,-5.385,-5.6794,-2.9986,9.6265,-4.0107,-2.8499,-5.2685,-8.0302,9.9716,5.2942,2.9241,0.3916,-5.8243,0.6281,6.9655,8.6628,-4.1685,-3.2405,-5.6529,0.0482,-6.5825,-9.0138,5.0591,-4.6593,5.5194,5.814,-2.8311,9.9184,1.3851,-1.9194,-0.6725,-9.71,2.2584,9.9556,5.6187,-4.8773,-1.1168,-9.6411,0.6099,7.9493,-6.2236,6.6096,-1.9708,4.1214,-1.3444,-7.0977,9.4853,-9.8997,-6.6109,-3.3202,-3.647,6.4962,-5.4905,3.2179,1.065,4.9746,-4.9861,-9.2729,-2.415,-4.7478,-9.5018,0.345,6.6747,8.5585,-3.4336,-8.6758,1.64,-5.9339,3.8036,-0.3902,1.9067,-2.0573,1.4534,-8.8362,-9.6702,-8.917,6.115,-4.1606,-9.3548,4.1601,-9.3554,9.5538,3.7502,5.8575,-5.664,2.5078,1.9772,-9.8054,-9.4596,-1.5704,4.4501,-1.6857,1.9114,-7.6476,-1.5518,-2.53,9.0716,-6.6261,4.7916,-4.0128,-2.1906,7.0981,-7.8379,4.011,5.2792,-7.8794,1.8642,5.8327,-8.3453,-3.8432,-5.7106,-6.0238,-8.4697,7.1688,-9.134,4.5283,-7.223,0.0294,8.5457,-6.8285,7.9837,9.9464,-7.8669,-4.4859,8.9427,8.3589,6.3909,1.3768,-8.2248,0.6926,-8.1177,7.2251,-8.395,-8.9382,-4.7726,-6.9504,4.7063,-4.0553,0.3219,-4.5535,6.1589,6.9213,2.1217,7.9695,-3.1539,-9.9715,-5.2339,-3.3292,7.3134,8.2032,0.847,-6.1583,-3.121,-5.5979,2.8658,-7.1878,3.3314,3.1462,-6.5651,5.8389,-6.2528,9.1828,2.6188,-8.4464,-7.288,2.8434,-8.6818,0.1686,9.7261,6.1698,-6.1069,7.1906,-4.1871,1.8279,7.6893,0.322,7.3287,-6.7483,5.8096,6.3423,5.1031,-0.9793,0.168,6.4486
-4.165,7.8324,-2.8333,-3.7428,2.242,4.361,-2.3861,9.3783,-4.6275,9.3566,-7.7685,7.573,-8.1392,9.8558,-3.1392,-3.9796,-2.4558,-9.7951,-3.577,5.5267,9.8227,-1.6558,1.1497,7.9466,-2.1917,6.9165,5.5069,8.3089,-5.6864,0.4987,3.7815,2.5267,-1.6794,-4.092,-8.4247,-5.1272,7.3731,5.6893,-2.2121,-5.8495,-2.1438,1.2607,2.4668,8.3721,1.8875,2.9239,8.9021,-7.3873,-8.7474,2.7645,-0.2464,7.9073,-0.6916,9.5773,-4.4888,-0.5347,5.904,8.7595,7.9578,8.112,9.3598,7.8904,7.0744,0.8425,9.8479,-7.5189,6.8977,9.8872,-9.7775,4.4807,-3.0928,2.4425,-4.6875,0.4999,-1.4954,0.2376,-8.1488,-4.1975,1.8981,4.7416,-4.7921,5.1682,-6.5747,-7.5699,-9.1221,6.8842,5.6248,-5.3325,-2.9375,-0.9982,-6.4277,-9.4311,4.0289,4.1224,-6.3112,6.1923,5.7652,-6.7513,-3.8028,-4.8986,-9.6262,5.9591,2.3814,-7.6217,-2.9088,1.6745,-3.7799,-1.2809,-4.9577,8.4203,-5.3735,2.64,-8.4009,8.0881,6.3791,-3.9179,-8.2697,4.9901,-8.5981,-6.3205,-7.8768,-3.4379,-9.0861,9.8691,-8.6138,8.0085,0.9296,4.203,3.1164,2.504,1.0218,-9.1058,-6.0416,-4.3774,0.1128,-7.1407,2.8276,7.8764,4.4212,3.4155,-6.962,-1.4323,6.9249,2.7247,-3.3568,-1.2654,-5.4047,8.8819,-8.8018,-7.4978,6.9341,-0.6905,3.7267,-3.9522,-6.7818,-6.5634,2.1043,-0.2494,8.8613,-3.7984,9.3136,2.5345,2.5881,2.396,7.0099,-1.542,2.1397,5.1884,-4.4884,0.3768,1.8653,-0.438,0.8066,6.497,-7.7963,-9.5716,7.4908,4.7472,3.2614,0.4465,-6.3978,-1.8574,-1.1791,-8.0309,9.5468,7.3903,-6.679,6.3588,4.9737,2.3014,7.0825,-4.9107,-5.7119,8.0066,4.259,-1.5495,-4.1307,9.1039,2.7481,0.7309
3.6312,3.334,-8.535,-2.7846,0.0266,7.7605,3.2888,2.7446,-9.2541,-7.9459,-6.9887,-2.1102,0.3211,2.7665,-1.6699,6.2187,8.7382,-4.8943,-6.8425,-6.3396,3.2539,1.9494,-8.7922,1.4245,-7.1657,8.1902,3.2793,-1.2286,0.3997,-8.1534,7.649,-3.09,-0.3714,4.3029,-1.4442,3.1398,2.1916,-4.543,7.6269,-7.9943,5.8921,6.0914,2.4868,8.5469,-6.3773,-9.7211,-0.4608,7.038,3.1997,5.9326,9.6074,-2.6131,7.7174,-5.7233,0.6763,-5.7315,-1.8061,7.7321,8.6153,-8.4976,-2.2132,-2.3235,-8.1546,4.529,8.4526,4.2337,-9.5261,-5.4339,-3.0667,2.7274,-2.6643,5.942,9.1711,9.439,-3.7915,-9.4509,0.1595,-0.62,-4.2958,-0.0245,-6.8306,-0.7531,-2.5077,-9.2026,3.0742,7.9005,-5.9913,3.3817,4.7837,-7.6385,-5.7753,8.2523,8.1769,-4.5497,7.077,-9.3026,0.5343,9.9632,5.6075,-3.1821,-3.8081,-3.3025,5.4189,-0.7793,6.7317,2.6792,5.4509,-3.731,2.2679,-1.5635,-3.1053,3.7788,-2.5045,0.2283,-7.0979,0.9343,-3.3641,-9.708,-7.2719,8.235,9.1751,1.9014,-1.4136,-1.5634,2.423,-8.1052,6.4673,-0.6075,-2.7937,4.3864,-4.2382,-2.3441,9.7412,1.2755,5.0308,-1.1111,-9.3107,4.4909,0.3125,-7.9755,6.7412,2.3996,-2.662,-1.5532,7.7301,-6.359,-1.1494,8.4583,6.3406,-9.6647,2.9838,3.7774,8.8423,2.8081,4.4136,-5.291,0.5433,-4.1237,4.7583,-3.303,-1.4731,-3.4467,7.645,6.2719,6.0639,-1.5797,3.6357,8.42,0.6118,-4.7196,6.4376,-6.601,7.5109,9.3934,9.6494,-7.6936,4.7114,1.3042,-8.0696,-5.2219,-0.2917,2.0457,3.8307,-1.4562,-3.4373,-9.5928,-8.366,4.2398,-2.9675,-0.0366,2.5668,8.7636,-5.4591,-4.6014,-5.2425,-7.9584,-6.8145,7.3268,-1.8456,-3.8443
-8.4116,-6.3457,-4.5417,3.5477,9.7104,-1.3584,-6.2663,2.3135,8.7753,8.1163,2.0152,-7.7594,3.7877,-2.4033,0.4834,-4.6842,-2.589,-2.6184,1.4663,0.803,1.504,-4.4188,-2.3718,-6.6822,-7.996,9.903,-7.3988,-8.5649,4.5785,-6.929,-6.8799,-4.7237,3.7012,2.8333,4.4857,-7.0443,6.4212,-1.2074,4.7935,7.5354,1.0548,-1.9549,-6.5968,2.6296,-2.1497,-2.3012,-8.3091,5.4654,-9.2898,8.4484,9.2687,8.6488,-6.7958,-9.8229,5.654,2.9446,6.9869,2.6702,-4.2118,-8.2716,-0.1669,5.6867,2.9021,-4.5445,6.8088,-9.7822,6.3068,-3.6602,-6.2093,4.9394,-3.8066,2.9209,8.3845,-7.5042,5.5352,-8.811,0.5628,-8.7296,-2.6551,-0.6987,6.6484,1.1547,-2.5909,9.2803,4.6272,-1.8497,7.046,7.5793,5.8226,1.011,-5.093,8.8774,2.757,3.93,-4.4218,-4.4312,8.042,2.9209,-9.2067,-6.6239,-9.2167,-2.4472,-8.1376,5.6614,-5.2978,1.3233,-3.7934,-0.9573,0.3529,-1.2491,-1.0178,-6.4461,-3.1524,-7.5158,0.4456,6.5524,6.3366,9.0513,0.9608,4.3513,3.0557,-5.6353,-8.6995,-3.4507,1.8892,-2.6829,1.2413,7.6154,-4.8562,3.4359,6.4959,6.2291,3.6234,-2.3146,-0.5255,-4.4076,-9.8084,-3.7077,-5.6211,4.7551,7.423,7.2307,6.5993,-7.2827,2.9772,-8.0057,-5.4767,4.9522,9.553,5.1709,8.8601,0.7181,0.4593,1.4958,9.2552,8.623,-9.6126,8.6372,2.1989,0.0934,0.8238,-4.38,-4.7066,2.6087,-3.8076,2.3109,-6.5221,-0.4,9.5114,7.5676,3.1036,0.0697,9.8947,-7.5784,-2.5173,-3.8148,-8.498,-5.1181,-7.3758,7.8359,-2.8778,-3.8037,8.4063,9.7271,-0.5179,-3.2002,9.0053,-6.986,-3.3455,3.222,-6.9955,-9.0885,-0.4473,1.6312,3.7142,-4.2412,1.4734,-3.2477,1.1718,6.581
-7.4424,3.3933,-7.6275,-2.2554,-6.7483,0.3196,6.7233,7.5769,7.4893,3.5569,0.2238,3.3268,-0.5058,-7.3443,-4.6394,0.0778,7.6863,5.8923,0.0214,6.9835,-8.4409,-3.0953,9.3176,0.1665,2.4895,6.9627,8.0097,-5.1891,5.3133,5.3869,9.4085,-9.9968,7.1233,-6.9514,-4.1856,-7.7896,1.9182,9.0457,-0.6222,5.5094,4.7744,9.6304,6.6404,5.2298,-3.2246,-5.5157,-1.877,-1.8668,-6.6994,-5.9786,7.3291,-0.1669,-9.2751,-8.8101,-6.9511,9.23,-0.6079,-5.3916,7.3792,5.1048,-6.9542,-2.1303,-0.113,7.093,-5.0492,-2.4161,1.7773,0.9481,2.264,-9.7831,4.0515,-9.3459,-9.3233,5.3529,0.3717,-5.135,4.0039,-7.0142,9.3182,0.5203,-9.7473,-4.2239,6.4316,-6.7851,4.6882,-6.2681,1.4555,-2.9814,-6.6066,3.9316,-2.3255,-9.9444,2.9643,-5.2814,-7.5574,-2.1924,6.0053,2.5543,-5.2446,-2.9542,3.8156,-7.6026,2.3585,-2.3293,-2.3252,-2.8937,-7.3072,-3.68,3.5585,-1.2862,-4.8063,9.0137,-6.9632,-3.8467,0.0725,2.4953,9.1925,-4.65,3.4128,-4.1151,1.7676,5.5392,3.8954,-2.9341,1.5622,-4.455,0.4059,9.3049,-5.3476,-5.912,3.8719,-9.0623,-3.197,-8.6624,-5.9024,-6.4591,7.5385,1.699,-9.3412,-0.5798,8.8644,4.5899,-6.3146,7.5399,-8.3023,-4.6095,-9.5921,8.2785,7.035,1.6877,-2.7727,-4.1898,2.4394,-4.996,-9.1786,6.4131,2.4772,8.9859,-4.7367,6.7554,-0.0727,7.0944,-0.4731,-7.724,-0.2942,-9.7488,3.2759,1.3684,3.7659,8.1716,-3.9555,-6.1044,-8.5982,7.6574,-7.1497,8.1086,0.4879,8.2606,4.7603,5.5504,-9.7041,1.4851,3.1382,2.4903,-2.0371,-1.5967,-9.6814,-6.5612,-6.4268,-2.2939,-4.4983,7.3778,2.7532,-3.9808,-8.503,8.613,6.1779,-7.4632,2.6953,1.3463
8.1762,-1.9796,-2.1423,8.37,-1.6576,-9.8401,2.9595,3.0218,5.3457,-6.2795,7.1521,5.5476,-2.1879,2.3027,5.0558,1.5056,-4.6484,-1.9113,-3.898,-4.7696,-6.9754,1.9364,4.695,-9.2065,7.7987,7.1345,-1.2177,6.7244,2.8371,-0.8207,-5.8985,-5.05,1.9763,-0.6973,5.2514,9.7141,7.8264,-2.8858,9.1057,-1.0057,-1.6982,-7.8941,-5.1908,5.9571,7.5876,3.1727,-8.6368,-1.7214,-9.8108,8.1416,1.1819,-9.163,-0.1717,4.2541,-9.6261,0.6536,1.824,-2.5393,6.4975,0.2212,4.8581,-5.9426,-5.8503,-9.0462,3.0986,1.9879,-8.6667,-7.1544,9.1115,7.8558,-2.5348,0.6921,5.6419,-5.927,-5.4094,-8.9931,-0.6539,-8.3407,-4.369,-1.3974,-2.3574,-2.5265,-9.8511,-7.3852,-4.2753,7.9132,7.0837,-8.1604,-8.5018,-3.963,2.4878,-8.5737,-2.8103,4.0521,8.565,7.4519,1.2951,-3.6033,-5.9288,-4.9642,-6.1355,9.4095,-9.1903,-1.3463,4.5543,9.7045,-2.3341,-1.6777,-0.0877,7.0913,6.8794,-0.1011,-2.5616,7.743,8.7242,8.5614,-2.0635,6.3344,-5.3773,-0.1272,7.1457,5.246,-8.6046,-3.3711,1.2551,-5.6528,-3.9624,-0.9127,-0.1466,-4.9256,-8.7432,7.6919,4.1976,4.767,-4.5218,-9.0294,0.3712,-2.0457,-5.7256,7.3662,-6.0305,-7.5062,6.5833,9.8177,-4.8976,-0.27,-3.4754,-9.58,4.6181,-7.5372,2.6027,8.9191,8.0665,5.9924,8.046,-9.9704,-8.1558,-0.0924,4.8489,-5.253,7.7935,-8.4137,3.8235,8.3659,7.9482,-1.1302,-0.4418,5.7524,8.861,-7.8052,4.7541,9.3798,-9.0687,-2.262,1.8242,-5.6496,-2.5004,-3.664,-4.6064,5.9254,5.0529,9.8241,-3.7151,-3.9428,-6.0294,9.5327,-9.4762,-5.2731,0.7074,2.3731,-8.744,5.9415,4.9106,3.1184,-3.7639,2.033,3.4131,5.6294,-0.5058,-0.4446
-9.553,4.5332,2.0355,8.2357,0.5614,-6.3138,8.4281,-4.1495,7.4404,2.0567,-2.5845,-7.4863,-1.6616,7.1955,4.5453,4.0323,-6.4519,-3.542,5.1587,9.2119,-0.4572,5.0119,0.0869,-5.0997,2.0476,-5.6801,8.0764,-6.6323,-0.1708,0.1035,-2.8635,-6.3131,-7.2647,-9.3545,-5.2541,-5.6148,1.1339,0.8086,-2.4441,-5.5452,4.2241,1.8883,-1.164,8.5724,-2.7859,3.4335,-3.0245,4.34,9.859,3.1935,6.244,8.8782,-1.1579,-2.1562,-8.9193,-7.3158,-5.8034,2.5653,-3.0177,-1.1584,3.611,-3.6092,-0.3721,9.8203,4.5037,-6.4536,-9.1691,-9.1142,2.5241,-5.9065,-6.9595,-0.1426,-9.5103,-1.5247,-8.0953,1.0344,7.2369,-5.3906,-0.6889,4.259,-3.8434,-8.2924,-9.2374,-5.8985,-2.0043,0.0382,4.6694,9.1481,6.4076,-7.3348,1.7265,-9.7428,6.9614,-6.7311,-6.5715,0.548,-4.458,-5.1019,-9.4499,7.5291,1.6674,3.114,-4.3015,-3.2097,-0.2846,-8.7479,-1.7267,-1.9876,-7.0087,-6.1138,-4.0448,8.8234,2.7205,-0.2371,-5.6655,-3.0398,6.8299,2.2617,-1.8084,-3.0425,-8.4249,1.2366,0.2598,-1.8389,0.5155,5.2844,-6.1258,0.9571,-1.4722,8.6487,-5.0221,1.2916,-9.3611,5.8204,-7.7564,-9.9049,6.8945,-8.9932,-0.9988,-6.0418,-5.2422,0.1824,-7.5204,-8.3158,-8.0119,8.0829,4.7862,0.918,-0.3373,9.6538,-3.6275,-9.3519,-7.3567,1.3666,-4.9273,-4.6511,-8.0433,-2.684,-4.2349,-7.476,-4.1448,-2.2412,0.4846,5.1682,7.5761,-0.091,3.0892,-4.5428,-7.172,1.1323,-3.3294,-8.8814,-9.1363,-0.9576,2.5272,6.6035,9.8266,-9.9877,6.2861,-8.9303,7.9908,5.6664,9.4974,4.8893,5.4924,8.2432,-8.5474,8.0074,-8.9823,-9.276,3.9718,-6.3115,5.4069,1.1847,3.0293,-8.185,9.3552,3.5698,-6.8925,2.9698
-4.748,-9.2778,8.6424,5.9482,-7.1891,1.3522,-2.0163,6.4217,-6.0528,-9.5976,7.2111,0.6313,6.8329,-9.5618,-2.3584,-5.2962,-0.0956,9.0063,8.5889,-1.656,4.4578,-6.1306,-3.9963,-1.8704,-9.6343,-1.4109,-5.3652,3.0982,8.7862,1.2586,5.8881,-9.6296,1.4844,3.5883,-7.1368,-4.4376,-3.6789,-6.9401,-9.8776,0.6225,3.1521,-0.1463,-9.4716,-5.596,-9.8886,-9.8573,-7.1222,-7.9446,4.9975,6.1243,-9.8345,1.3587,9.9371,7.8358,-1.8286,-5.2484,-7.946,1.3115,8.1663,-1.9851,-9.0978,3.6581,-4.5767,3.1508,5.7396,4.9056,-4.5594,-6.5417,3.9075,-1.5871,-3.4459,-1.4709,-5.6395,-4.1757,5.9824,6.2287,-6.9625,-7.6137,-5.0452,3.906,5.9597,-6.3547,0.3289,-0.0344,-2.7612,-6.4698,8.5024,0.575,1.6488,-2.0443,-3.6145,7.7482,-7.2165,5.6056,3.129,6.9769,5.8561,8.2965,1.7414,9.4083,-3.917,-2.1987,0.646,7.7202,1.4548,1.7296,0.0299,-3.0671,9.908,5.8755,9.8504,-3.5649,-9.3653,9.8651,9.9328,8.7916,-2.6943,-0.2576,-2.4467,-6.0466,-4.0006,5.0553,7.2322,-8.6804,0.4322,0.8131,-4.4137,6.2461,6.6253,-8.4919,-8.4586,-1.4015,9.6102,-9.1444,-3.9743,3.1379,-0.6388,-2.8998,-8.6057,-1.0883,5.3142,3.2732,-7.0833,-5.659,-4.9546,-8.0278,0.9612,-1.0388,3.8538,-4.4978,-3.2472,-6.7778,-7.8594,8.146,-4.027,6.8348,-5.149,-1.7912,3.7683,-1.5714,-8.8751,-8.6266,9.0112,5.1932,-7.3857,-0.8483,6.4215,-2.9429,-4.0496,-3.3775,6.3973,8.0958,-6.8888,8.6894,2.2334,9.4392,-6.6861,-6.2146,-7.9757,-0.4082,6.0091,-0.1708,-3.0777,-8.8617,-7.842,-6.5317,-0.3725,7.4715,-2.5131,2.3048,-6.0442,-0.6975,9.6179,-7.8978,-3.2156,-8.6513,-4.8138,5.0634,6.6703,3.0678
-7.7873,3.3957,9.9116,1.3953,-5.469,-3.1187,8.8432,-1.2329,-6.3903,5.2848,-6.9302,8.2516,2.8576,-2.84,-4.8248,6.4989,0.3273,0.138,-3.5283,-2.3462,-3.4998,-2.7431,-5.6782,0.668,-1.2237,0.1528,-3.4104,-5.0467,-0.9897,-9.2808,-5.5133,-9.8123,3.4652,-9.1107,-4.688,-1.1685,1.5419,-5.5623,3.6673,-2.8051,-9.4704,1.0633,-5.4005,8.0376,3.9291,7.6671,4.5815,5.5892,0.1535,3.9507,-1.8052,6.968,-5.7927,9.0348,8.7619,-9.3129,-5.908,9.8674,-0.5271,3.0837,3.3341,-5.7212,3.7236,-1.6551,-6.2452,-9.7679,-2.1841,-4.0491,9.3061,-0.0096,-9.0045,0.4833,-1.6028,0.8613,5.3474,-7.2027,6.8734,2.338,-8.9924,8.1786,7.739,-4.8381,-4.4596,-0.7218,-7.1525,7.1633,-5.3286,-4.6134,1.1654,-8.6667,-9.0923,-7.1061,7.4743,8.9792,1.6935,-6.1352,6.9773,-6.0372,-2.5078,4.0554,6.5262,3.2882,-7.0529,-2.4827,5.2139,9.441,0.5678,-7.1778,5.9702,7.8068,-4.1862,4.5369,8.5917,1.309,-8.9077,6.418,-3.4149,4.3716,-1.3172,-0.4065,1.7936,9.5974,-4.0219,6.2162,-5.7333,3.2592,-1.3318,8.5665,7.8722,-0.2356,1.4419,4.8076,0.1852,-1.0484,-5.9343,-9.4045,-8.3697,3.7884,4.2151,1.6119,-5.5418,-2.1415,-7.9311,9.8361,9.0474,8.9711,-9.0112,-7.4716,3.6707,1.8238,2.0111,-8.9734,3.7678,9.2761,1.744,1.3678,9.4282,8.6998,6.2678,7.236,4.9298,1.374,-5.4233,-3.1145,-0.367,-1.405,7.4141,-4.4399,-9.4082,5.8476,-4.1037,-6.5242,4.8844,-4.656,-1.5015,-2.734,-0.237,-9.4945,4.8957,9.7479,-8.7054,-2.3044,8.2228,-6.0,-3.4224,-6.83,-1.2349,-6.853,-1.3281,-7.8347,9.8759,-8.0071,3.7379,8.1057,8.2351,7.99,3.7039,0.9782,-3.9638,-1.7887
3.7698,-8.5455,-7.0097,-7.7194,8.0937,6.2524,-5.3897,8.0376,-6.9942,-2.7287,4.1562,7.3499,-8.3916,4.5327,-6.2409,4.1002,-2.3421,-5.118,3.4279,-8.2767,-7.6987,7.5721,-2.2065,1.4598,-6.1447,-4.0225,-4.9328,-0.6627,-4.034,3.1169,-9.8756,6.8799,-5.296,-0.3592,6.4122,9.4116,-8.5048,9.9997,-8.5122,1.3905,-8.8249,-0.855,4.1834,-9.9311,-6.4902,9.8979,1.8779,-3.5716,-5.679,5.0757,-2.7116,6.7866,2.515,-3.8077,9.871,4.7895,-3.2097,7.7228,7.5009,1.631,9.7528,1.1488,8.6073,-7.5107,7.4361,-9.9678,-5.8011,1.2369,3.3347,8.3539,-2.9552,6.1909,-7.5951,-6.6269,-9.8,-4.9177,-1.8801,2.656,2.6951,4.3636,-2.7492,2.6151,-4.4445,0.5168,-1.1356,3.8574,8.2674,-1.2403,-3.6272,7.4293,4.7215,-9.8751,-2.7165,9.6931,-4.993,-3.1217,5.7526,0.6042,-0.9642,4.5328,-3.7117,6.3826,-6.7083,-7.7612,3.5948,-2.0102,5.5789,-5.5749,-5.708,1.6476,-9.6581,3.567,6.5551,-8.9921,-1.5459,1.7424,-3.3767,-9.4618,4.7122,-2.6097,2.5416,3.8464,-9.9816,2.9093,1.543,3.8963,7.2808,4.619,-9.1731,8.7288,-4.7227,-5.4329,-9.152,-8.8788,-9.1102,7.7675,8.1955,-1.193,-3.2086,-1.0842,1.2008,7.6346,-4.8029,2.2297,-2.0793,-3.8688,0.0598,0.6661,-0.4127,-6.0316,8.0502,-4.9754,-0.3403,5.3009,8.4148,7.7697,1.9348,-9.5824,3.0338,5.3054,-5.3336,6.092,2.8381,2.8375,6.7802,-4.2135,4.5812,7.7939,9.0736,-9.4157,-6.7218,-2.0097,-3.3856,-7.5219,-5.5042,2.5605,6.7693,-8.6276,3.0893,5.9787,3.3431,7.5438,6.9575,-7.7116,6.2667,-3.5211,9.0723,7.1606,5.1844,7.2145,0.6627,-6.6859,9.9014,3.6789,0.1591,2.2939,-0.5338,-7.8966,-9.2534,-2.4144
6.2274,-2.6184,-4.8604,-4.1167,8.7436,-6.5024,-2.4086,-4.8926,-4.7787,0.8598,1.1788,1.1582,-5.7822,-3.8174,4.9352,9.1806,9.1463,1.4174,7.1935,6.051,4.3781,9.3815,6.6893,7.2829,4.995,-2.7892,-9.4559,7.322,0.6908,-6.7099,-4.7286,-3.6381,7.8482,-9.3412,-7.5651,-7.3997,9.481,4.1049,-3.3847,8.3788,-7.821,-8.0577,-7.364,9.5207,-5.3134,-0.282,7.2907,0.2309,7.6791,-0.7548,-0.1764,-4.3369,1.2207,8.2979,6.343,4.5467,6.4025,4.4785,4.945,-7.26,-4.4186,-9.5464,-9.5994,4.938,6.2808,-1.4462,-9.6308,-3.1809,5.1236,1.2261,5.3579,-8.0654,-8.174,-3.9111,-6.311,-9.4344,0.742,9.4763,5.2606,-9.7636,6.8567,-2.8901,-1.0312,-1.437,-2.3156,-2.7361,2.5778,1.8467,3.8966,-6.7055,-0.0622,0.6038,6.0565,-4.2348,7.3436,-5.6713,2.545,6.663,6.1927,8.5094,9.4637,1.5455,4.1679,-9.26,0.5998,-4.4034,-4.3326,1.6064,5.4841,-1.5783,-0.4206,0.23,2.296,2.6749,-0.8236,1.5591,2.7471,6.5878,-8.6969,-5.861,-3.5751,-0.5028,6.65,-5.1113,-0.6824,5.9418,9.7287,-3.2748,-3.151,6.7359,7.8163,5.8749,-7.2671,4.9093,0.9265,3.3394,7.1514,6.0539,1.1974,9.1052,-9.8809,5.0737,-4.01,-1.2636,1.0842,-8.2993,-7.2775,0.5371,-0.0964,-2.8017,2.352,1.373,9.8242,7.5677,2.1737,1.8221,-3.1085,-0.9105,-1.8785,-3.3057,6.3665,-2.029,-6.2088,0.5514,7.6292,3.2193,8.8018,4.8196,-0.1218,0.7756,8.223,7.3494,7.7941,-7.6004,-9.6312,0.7757,-4.7542,-7.4379,-3.8389,1.7108,-6.5308,-9.8458,-6.674,-3.8304,5.57,0.3482,0.7398,0.4045,4.4943,-2.7404,-3.1215,-1.3928,-6.4789,5.7192,-1.6633,1.6357,-0.9841,9.3674,5.1042,5.3487
9.4753,-5.5067,8.9171,3.3412,2.3253,-4.9816,-0.4828,-9.0159,-1.5379,-8.0403,7.187,-0.5392,4.9153,1.6742,-4.5987,-5.5736,5.372,-0.7421,7.462,-6.7507,-6.0356,-3.8499,-8.7401,-6.5341,2.2295,-0.9029,-2.2185,-8.27,5.4715,4.759,-4.3768,9.5699,-5.4309,2.7349,0.922,-7.5461,-4.002,-7.6804,0.0343,0.7181,-8.643,-4.8839,6.851,2.9391,-5.1374,-4.5721,8.6111,2.9616,1.575,1.7808,5.1332,7.6687,-3.6202,-2.1123,-6.4086,-2.2261,-6.1224,-2.1933,-8.443,-0.3886,-1.6615,-5.9086,-8.0208,1.1124,-4.0427,-5.3626,-7.1528,-9.4907,-5.116,7.1786,1.2431,-5.736,-7.7162,-8.0716,6.3585,2.5382,-3.0281,7.2894,-2.7204,-0.8324,-7.9603,-9.8658,7.2805,-6.9322,8.86,-3.1295,6.023,-6.237,7.9995,7.7727,-4.364,3.9909,-8.8881,8.2592,-3.7479,0.7227,-2.6103,4.6294,-8.366,8.0909,-2.8013,0.5741,9.7003,-0.5554,1.7103,-4.6865,-6.9822,6.659,1.2192,6.5925,0.5374,-9.4791,-2.4886,1.923,-7.6251,-1.9196,-0.7956,5.117,0.6022,-9.7605,8.955,-8.2882,4.1864,-4.602,-7.3068,-0.1434,-2.5016,-7.9848,6.7222,-1.0171,3.4705,1.4864,9.7374,3.3448,-0.998,-4.4683,3.68,-0.6286,-8.5569,0.0598,4.3627,9.568,8.1,0.8822,-8.0684,-8.0791,-9.9708,-4.0483,-0.1146,2.2584,-2.3362,8.5753,-1.1969,-0.3976,1.1959,-9.3004,5.7866,-6.3177,5.1901,-6.1843,9.8445,-6.7435,1.2596,9.4065,-2.1988,9.6776,8.8293,8.4108,-3.8229,4.3512,7.82,-6.6887,-4.3965,0.7415,2.5537,2.4875,2.3775,-1.8584,9.3495,-9.8194,-0.1818,-1.9936,5.598,0.3278,9.317,3.3288,8.7166,-6.511,5.4035,4.4071,6.0182,1.2924,-4.4849,8.3182,-3.5766,-6.9791,-9.9305,8.6429,-9.9312,-0.0985
-0.5344,4.6011,4.7964,-7.6315,6.1999,-5.1735,9.1623,-8.045,7.6277,-1.3354,-0.363,6.6236,-1.8661,4.3881,1.9059,1.2348,-2.6403,-7.4081,-1.6806,-8.097,3.2392,-2.2928,1.0702,-7.4591,0.0027,-8.7191,-5.8959,-8.8552,-0.8804,0.5013,-9.861,8.943,2.0645,-3.5299,7.1956,5.2384,-2.5453,-7.0078,-8.0335,-4.9323,-2.3085,2.8824,-6.8834,-6.8845,8.4516,-3.6374,-9.4882,8.5915,-8.5409,-0.0094,0.5769,-1.6859,-1.5757,3.2727,-5.9728,-3.5293,7.2209,3.8843,-1.7801,0.6097,-3.0087,-3.5859,5.251,7.5947,8.628,-6.5112,6.7227,-7.2326,6.155,2.1031,3.5364,1.0885,-1.6012,8.5973,-8.6001,-8.3587,4.3751,5.9163,-1.8486,5.9531,0.1315,-1.1023,-4.3669,-0.2402,8.931,7.0672,5.9208,-4.5217,2.1742,-3.5378,5.9583,6.0394,-2.1415,-1.5185,7.9218,-7.0693,9.5861,0.5527,8.412,5.7032,1.8753,5.2441,2.556,-0.2488,-3.5379,-3.9695,0.324,-5.4937,-6.4242,-2.7742,2.4647,6.7384,-9.2722,9.5345,-9.5924,-4.8864,-1.6155,1.6409,-4.0323,0.2321,1.7716,-6.8967,7.7168,-8.7598,4.7927,2.7652,9.2944,8.6984,-9.4931,3.8872,-7.3655,-8.6684,4.5782,-5.6536,5.5793,3.9557,8.0037,-1.2222,-1.0433,-6.9339,7.6569,9.0265,4.5242,-8.8499,8.3229,5.9596,4.5412,3.5339,-1.3432,7.5483,5.487,-5.4392,1.6725,7.2318,1.6135,-7.0901,-4.9527,8.1026,-8.6052,-3.772,6.0064,-5.0477,-7.789,7.5265,-5.3708,-4.5931,-0.8346,-1.9831,8.8676,-3.9484,1.8435,-7.2529,8.4253,-2.6959,-1.0704,9.0027,6.1222,8.2684,1.1218,-0.4591,2.6728,-5.5571,5.0987,-2.9554,-3.326,5.6907,-4.0194,-6.8454,-1.3956,9.103,1.4494,0.5075,-7.8631,5.4564,3.86,9.4356,2.5295,7.0391,9.3922,8.5854
-7.215,6.6353,0.5231,-5.215,0.2362,4.6179,-1.378,9.5304,5.9662,2.877,8.0321,-6.9915,4.8688,-0.0557,1.6687,-6.163,-3.9692,-1.8623,0.1773,7.0996,-4.6393,5.3166,0.5083,-9.2758,8.1928,1.2228,3.5596,-4.5856,-4.3956,-7.5772,-0.814,-5.531,-8.5636,-6.9758,-8.4682,-1.6166,-2.0564,-7.2596,-0.5007,-1.7345,0.5762,3.5202,2.5389,-9.3021,3.2239,2.7225,5.2108,0.6742,-3.368,-6.4673,8.6393,-1.5187,-8.0965,9.8914,1.3381,5.387,-7.9798,2.9888,3.1137,-0.2744,-8.0236,2.2161,-6.0278,-6.609,2.799,-3.8197,3.7043,8.7243,2.932,4.9292,-1.0618,-7.2371,7.4112,-2.0618,-2.1567,6.5611,0.0083,5.7631,-1.1461,8.6852,6.4669,-4.0075,-5.1982,-8.7877,-4.7512,2.1634,-6.4479,-8.1376,-0.484,-9.2679,1.9959,4.6779,7.5956,-4.825,7.5188,6.9015,3.5361,2.1762,-7.3155,5.3866,-0.9821,-9.619,1.8908,-2.3974,4.6395,9.619,-2.623,-0.9483,5.8447,-6.784,-1.2585,8.6047,-8.4647,9.192,-1.3675,-8.4921,3.6439,3.3785,8.1607,8.9488,6.2271,-7.1427,4.6333,-5.3673,-9.8673,-9.0653,-3.3343,8.4533,9.6169,8.1062,4.2649,6.1756,8.1225,8.0475,-0.9455,-8.6695,-0.8555,-1.8541,0.9396,-4.0849,4.1302,-7.1794,3.7234,-7.9136,7.1968,-4.097,-3.0722,-1.5727,2.8131,-9.429,-8.2181,-9.4049,4.7746,-3.7002,0.5972,4.9746,-5.1072,-5.1884,5.6021,-3.1069,8.5033,9.0566,-8.0057,-4.5061,3.2072,2.8748,-0.6244,-0.8707,2.4272,2.5428,-9.3767,-1.8227,-0.6779,-4.6548,-6.2603,-7.0416,5.9118,-5.6539,8.7478,7.245,-7.1003,-3.9775,-0.7453,4.5653,-3.7958,8.0903,8.8201,-7.6966,0.7142,-9.0343,3.3194,-6.6496,7.9463,-8.8505,-2.5117,-1.5293,5.1428,-3.7746,-2.7163,7.1069
-3.999,-7.4106,-5.5651,-2.1341,-8.2237,-6.4192,6.3111,-7.7185,8.9083,8.671,9.8148,-4.8403,-5.9732,-1.5805,9.7566,6.6197,2.9921,-8.6444,-1.1907,-1.9922,-8.393,3.6377,-3.4576,-1.8386,-2.5675,5.9342,-9.8046,6.4288,2.2341,2.2488,-6.1975,3.4896,6.3274,-4.9813,-9.7248,5.9251,5.2803,-1.9262,1.7089,-8.6321,-8.5415,-6.6301,3.1238,-7.8206,7.3141,-4.367,-9.7732,2.1331,2.6346,-0.4203,9.1468,-1.9045,-4.5188,-3.8461,-4.7086,-8.8651,8.6036,-3.7341,-0.2769,-9.0958,-0.8973,0.7849,-1.5073,-4.0941,1.689,-0.6298,1.9705,6.5476,2.1484,7.6873,9.2373,-5.5131,-7.4317,9.7534,-8.2217,-4.9868,8.0855,-0.6104,-5.8297,9.3515,-4.5275,4.0472,7.8639,-5.3703,-7.6782,7.455,5.5116,8.4547,1.7408,-6.9249,-0.2386,2.3647,6.6848,-2.4532,-6.3339,2.804,-7.7333,-6.4087,-3.8571,-0.6417,-2.4811,-3.8588,9.082,-6.1089,-0.7141,8.483,2.0297,4.3279,2.6939,-4.637,8.8074,-2.9279,4.368,1.083,4.9882,9.6624,-9.9838,-0.8212,0.7248,6.6439,2.3638,6.0897,5.19,-8.3075,9.8633,-7.3003,7.4477,2.9176,-5.1516,1.9068,-5.1179,8.3984,5.0417,3.9,-8.0472,9.6128,-9.855,5.8671,-1.5605,-9.2009,-8.594,-8.8276,-8.9081,-0.4951,4.5593,-8.7173,4.6585,-7.6793,6.0011,-0.2793,2.7513,5.057,-7.2295,0.9665,3.034,3.6651,2.5012,6.7009,-1.1452,-8.7221,-8.2511,-1.6372,0.0841,-5.4202,-1.577,-9.9424,8.9105,6.0806,7.9735,-7.8305,-6.7971,1.5896,0.051,-5.4593,-0.4426,6.6974,2.0094,6.2011,7.8356,7.449,-7.9493,5.3225,9.8901,8.5975,9.9583,-4.2389,5.9565,4.1751,6.3627,-8.3183,8.2421,-1.1941,-0.6639,4.0106,-3.4623,6.9269,-6.8632,3.2514,-2.2122,1.5169
-4.4589,1.5843,1.5648,5.0375,-1.0548,4.6524,-1.4266,2.4527,-1.688,-3.8349,6.5412,9.6073,0.1268,-1.0771,-5.2649,3.1844,-0.0321,9.7773,-8.6529,-5.0625,-8.1412,7.5521,-1.1735,7.5893,4.0697,-3.0542,8.8422,-9.0324,-2.1251,2.1085,-5.5017,5.0885,-5.7417,-3.8515,-7.494,-0.6242,-0.5787,5.1235,1.9577,-7.9411,-7.2258,-8.721,5.2579,9.916,4.9063,7.0527,3.4083,-6.4073,5.5852,-7.6008,-1.167,-6.3441,-3.5063,7.7174,-4.2856,-4.3005,-6.8501,-3.3183,0.6785,9.8926,4.1241,4.3826,-1.0806,-1.5303,-3.7684,-1.8589,1.6471,-7.517,-2.782,-6.443,2.218,-9.5549,6.6525,-0.9543,-1.3548,-1.8788,8.7462,-7.0064,-8.8989,-4.9234,4.5829,5.3647,-0.6857,-8.2613,-8.4827,5.6238,5.4877,-3.5682,6.0652,8.6302,2.1612,2.2196,4.7222,5.3839,-6.4749,-9.4385,5.877,5.0492,-7.5292,-4.8441,-5.829,-5.5708,5.9413,6.4895,9.2496,-5.6861,0.5215,-3.1725,-3.1506,-3.7216,4.0487,5.3069,6.9631,5.5259,6.1997,3.9244,-3.9603,-3.0768,-2.941,-3.4945,7.903,8.0222,7.8929,-7.3982,-5.4576,-1.0308,-2.0235,-6.884,2.6459,-9.8064,6.8778,-0.9745,-4.1569,8.1568,3.2788,5.1155,3.5523,-6.7049,4.8488,-0.3308,-6.0058,7.3422,-8.7788,-9.3261,-8.2386,-1.3985,3.0112,-0.2974,-5.9619,-0.4649,9.698,7.4241,-8.0948,0.2195,-3.3412,-1.1525,3.9342,-2.3787,-2.5591,2.6118,6.9641,-3.7606,-1.722,-4.1118,-0.0402,-6.1232,-8.4902,-2.964,8.3886,2.5942,-9.5314,1.5044,8.4907,1.4649,-8.185,9.5636,-1.6666,0.9362,1.785,8.3309,6.2175,-0.3284,5.6713,-8.3719,5.2228,1.2581,-6.292,1.6696,3.1373,7.8446,-6.3126,-9.7698,6.2047,-9.7456,-3.566,-7.3679,1.1048,3.6421,2.1229,-2.3773
3.9193,-4.4633,-3.3837,-5.2214,-8.6967,-3.5586,6.4929,-9.1254,-7.4255,5.0554,6.4692,2.7295,-0.9574,1.5121,-5.4104,4.8468,-4.84,-1.9199,-6.4669,-8.4307,-1.422,3.9035,-9.5966,-2.634,-1.8169,-8.625,7.3894,-3.3867,-5.5604,6.661,-0.3423,-1.1683,-3.6845,7.5993,2.0594,-0.6715,5.0741,-1.0437,-7.8915,-7.7815,-9.0685,5.4949,-7.5182,3.416,-4.8336,-5.2613,-5.6632,-3.6117,-6.9935,-0.7305,-9.9739,3.1912,3.0852,-2.6068,-3.7751,-2.032,1.636,-7.5517,9.0503,9.3007,-7.3674,-6.0812,-0.9239,-7.8599,-4.1193,1.5122,-7.5434,-8.6223,0.448,-5.3435,0.0366,-4.6878,-0.0332,8.5532,-9.4177,3.3737,-1.3065,-9.4208,6.5824,-4.5225,-7.2588,6.8829,2.1256,-8.9321,-1.2917,-0.3421,1.285,-3.3289,-1.9342,-5.41,-7.8087,9.7408,-3.9628,8.7154,4.428,-3.7394,-1.2087,-4.5744,-3.5766,8.0279,-9.9726,-8.8863,3.9231,-9.8933,3.3318,8.2191,9.1138,-5.0473,-5.1433,6.2381,3.7214,1.9931,3.9696,7.5058,-8.5452,-0.9599,-9.6405,-0.0761,-1.1809,2.3482,-1.7518,3.5228,5.9822,-4.2665,6.4788,1.7615,-6.9867,-1.1537,-0.8681,5.7687,0.3986,9.1832,-2.1036,5.6172,5.9342,1.6973,-5.8052,5.3604,7.9939,5.342,-0.8067,1.6962,-1.2306,9.7198,7.4942,1.584,-0.9206,5.3295,1.568,-7.8913,-9.0677,-2.2203,-6.3301,7.9525,0.1466,7.5595,-0.7339,-4.2155,-8.0255,8.154,8.2713,0.2597,0.102,2.0444,3.118,6.9082,-4.9488,-3.1601,7.8292,0.0699,-8.2576,6.1453,3.8516,-4.8583,9.9873,-6.5949,-2.3509,6.8135,-1.5388,-5.0035,7.3101,3.239,-8.168,8.8113,-3.2463,-0.841,6.6547,9.8082,-1.247,7.9169,1.2776,-8.0107,-5.4238,-5.6385,-7.2087,-8.7022,-2.7742,4.4875,8.6854,-6.4553
3.3919,-4.7679,2.8349,-6.0035,-8.9183,3.5191,-8.0508,4.6463,8.0009,1.6436,-6.3637,0.5568,3.0569,-3.5676,-8.0873,-5.3648,6.8221,-4.3485,-8.4767,6.7264,4.0496,7.5874,4.7592,4.9543,-4.842,8.5056,7.4922,4.1429,-9.7492,-4.5715,4.5652,0.4739,-7.392,4.7487,8.5232,6.14,-4.4934,2.5391,-7.8313,9.5974,-8.7862,3.2121,-6.8764,5.281,5.209,-2.6589,-6.3003,3.4289,8.1475,-8.107,-5.9712,4.6355,3.4926,-0.8192,0.4255,-1.3807,-8.6697,4.2748,-5.2757,-0.8921,7.2309,-7.4248,3.6662,-2.9603,3.5964,-0.6364,-1.2786,-6.5874,4.5608,-2.6844,-5.5869,-7.3803,5.4015,-7.7195,2.5125,-3.1451,-6.5418,-8.0231,5.8178,-2.8913,0.5068,-3.595,4.59,-0.1376,6.8209,8.6843,1.9582,-2.5569,3.0283,-8.0723,8.8226,7.4675,2.5269,9.5053,-5.4428,-3.9416,2.8058,7.5947,-8.2532,-8.9494,-2.8798,-6.2141,9.7735,5.0525,0.63,-3.7659,-7.7354,0.5738,-7.4761,2.683,-6.954,1.8436,3.1838,-9.4557,-4.9954,-5.4394,-5.0662,8.3606,-4.7375,3.0922,3.4985,4.7419,3.5022,8.6511,-2.9925,-8.7666,-5.3748,2.0306,-5.6741,-2.1981,-9.3651,2.5751,-0.7854,5.9912,6.161,-1.8999,-1.3938,2.8984,-5.235,-4.3919,-5.6444,-4.6839,7.1127,-3.3027,-2.2029,9.7699,8.9948,-5.9381,6.6719,6.4436,7.2354,-9.1032,3.2453,6.3902,-0.8401,7.8014,7.3666,-1.0698,6.3244,1.8762,5.142,-7.5991,-8.6729,1.7977,7.9067,8.4683,-8.2976,-4.9365,3.1543,5.3247,4.1725,4.2159,-9.7369,-5.4664,-7.4154,1.6252,4.8136,9.5451,0.2978,2.2575,-8.887,2.625,1.9306,9.3485,6.1867,-7.6994,-3.9144,1.4278,9.4791,8.9289,2.6561,-5.1183,-4.5482,-9.3731,-9.5061,-4.5808,-2.5233,2.7174,9.5295,9.2164
8.4988,2.5738,-7.386,0.9581,5.0399,-9.6221,7.4451,-0.3777,5.6213,-1.3546,-1.8828,5.1009,-9.39,-1.1976,5.9204,8.7322,5.8526,-2.687,-3.4735,-8.4877,0.0617,7.6584,-8.5128,6.0735,-5.2292,9.5628,1.9515,-1.9142,-1.9712,-8.4629,6.5778,-1.5848,-0.3441,7.0819,-1.4392,-3.0402,3.5602,-0.4106,-5.3216,6.5419,4.381,-9.6031,-6.2353,1.3742,-0.0657,-7.7428,6.2091,-6.7487,-4.4256,-8.2893,7.9461,2.6233,3.8102,9.2745,-5.6978,-2.2747,-9.6273,-8.3471,8.9599,1.4124,1.2625,3.0969,-0.2161,-5.2413,4.8059,0.3695,-1.0527,-3.4172,5.0455,7.6745,7.3,6.6596,9.1528,-9.6984,-1.2988,-4.831,7.1732,7.5591,-0.5309,9.3431,-8.0456,3.1986,-6.2385,0.3045,1.913,-4.2487,7.8938,-9.9448,-5.6487,-7.6749,4.2708,-9.5943,-3.0118,-5.4751,6.5566,-9.3174,3.3773,4.7954,-9.1771,-5.5716,6.9102,-3.2982,5.2902,6.2591,0.1175,7.7075,2.31,1.2661,4.7362,2.6986,0.4323,-6.908,-5.8287,-9.1668,-7.8536,2.1242,-0.0423,1.9923,-7.1518,7.9808,7.3482,0.8986,2.1112,-0.3103,8.9961,-2.3975,-7.9375,8.2891,-7.1943,-2.0795,9.7266,-7.1509,6.9414,4.6251,-2.6086,-6.2473,-0.6532,-0.2002,1.5954,-6.8187,-2.1827,-3.7149,-0.6574,2.6928,3.0176,-8.8804,9.1593,-0.3002,6.7346,-5.1259,0.2176,-5.9576,-7.5535,-9.3,8.7385,5.7606,-2.0957,2.3913,6.7813,3.2322,7.981,-2.4783,-8.1327,-1.2433,-4.0322,-8.689,-6.4559,-7.2773,1.7786,-4.824,-7.7405,-5.7768,-5.6836,0.2051,-0.9557,8.0733,-7.0027,-9.7255,8.4889,-6.7703,1.9964,-7.1221,8.938,3.349,-9.8121,7.0299,-3.5421,2.1657,5.103,-3.1648,-3.3521,8.3319,-2.3326,8.0511,5.7263,4.8665,5.1279,5.1559,0.9742,-0.5314
-4.3984,-1.6203,-9.757,-5.9011,-7.3061,7.5313,-1.993,-9.0637,-2.3782,5.3604,-7.2357,9.0358,5.4855,-6.7705,1.096,4.495,7.1855,6.8994,-3.2053,-3.0211,-4.346,-8.1698,-4.5482,5.3383,-0.1085,5.4177,8.9976,-9.6388,-5.8955,6.5768,1.4503,0.8096,-3.8792,9.3115,3.5825,-5.4993,8.5917,6.5362,-6.497,2.5741,3.7024,-0.286,-5.6381,5.4409,-0.4829,2.5831,0.453,0.9872,9.6306,-9.2111,-0.2322,7.1011,-9.3481,-1.9627,-4.614,6.4225,6.699,1.5923,-0.0136,5.4271,6.4604,-8.5168,-2.3535,1.3114,1.6082,9.1972,-0.5593,8.7417,6.9871,6.3881,-7.0249,9.536,8.1336,9.4691,-0.3213,-2.9559,9.1896,-1.6104,-8.0104,-7.3542,-7.1011,-4.3355,9.7378,7.5266,8.6686,1.952,-4.186,-5.551,-8.5095,-6.3298,-7.4696,-3.7638,2.4869,8.6397,-7.3961,-0.1778,2.1744,-8.0484,-1.9189,-2.9598,-0.7572,5.6264,5.0631,-4.962,8.6518,0.8043,2.2337,9.517,6.7946,5.8358,1.5668,-2.7655,-2.289,3.6826,-4.5689,4.0246,-0.0739,5.8737,-2.3893,9.3494,-4.5884,-3.6191,-5.5295,-3.8509,-4.8648,-0.4015,0.1591,-7.5453,4.1479,-3.1709,9.0913,-0.2276,-1.6374,-6.2995,7.1324,8.8663,2.5813,-5.0565,-5.4708,-7.8383,4.3298,-5.8493,4.4524,0.3822,6.8997,-5.1778,7.475,4.6407,-1.3659,-8.5444,-0.6021,0.4619,-9.8466,-0.8154,8.5167,4.3175,-2.9779,0.9077,0.7929,-8.5566,-0.8343,9.5708,-4.8278,-2.8295,-2.7963,-3.7537,-0.3543,-5.2573,1.9929,0.6823,3.2474,-6.6422,-2.688,9.7645,-5.0884,0.7446,-5.3527,9.8618,-2.9611,-8.772,7.9354,-0.5595,-7.9817,-1.7643,-3.946,2.3807,1.6198,-9.8945,-2.5459,9.3615,-5.0537,-5.3869,-4.9314,-8.2063,-4.7331,-0.8484,6.0488,7.9307,-6.7194,0.1194
0.8665,-1.8193,4.9371,9.6265,2.333,8.6142,-9.1237,-3.4852,-1.6735,-0.3892,-7.3017,1.8418,7.8082,5.4342,9.1005,-9.301,8.7942,1.0321,-4.1961,6.334,2.8944,1.8672,-6.9991,-3.8406,7.8659,1.9611,-3.174,-7.7693,-0.7179,-7.4986,9.3206,0.3421,6.8792,-0.3094,-9.3674,-0.0994,-2.2934,2.9881,5.8581,3.9508,7.3776,-1.0676,0.5163,-1.1683,3.067,-6.1097,4.2952,-9.2088,8.4057,-2.4649,-3.6543,-5.0896,-1.2815,-4.6437,5.3371,6.0695,9.7459,0.3802,-9.8116,-3.0441,4.5516,2.1125,-6.4175,-0.8692,-3.4059,-0.9728,2.1626,-3.2017,-3.0804,1.9405,4.6754,-9.5878,-6.3621,7.2669,9.9626,4.132,-3.5662,2.6929,-5.1637,2.9715,-0.4142,7.3948,0.3999,-4.3062,8.3699,0.1637,-0.9057,-4.2283,4.6022,6.9645,6.9563,3.3763,-3.9148,2.7662,-2.6975,3.4815,-7.612,-6.7141,3.5506,-3.0083,-5.6348,3.9977,-2.2389,5.4258,7.7526,7.2098,-4.933,-6.5771,-9.8781,-6.6251,6.2872,-5.674,-7.747,3.5475,7.7224,9.1398,-4.2075,-9.4287,8.8511,9.4767,-0.6339,3.1512,-5.1776,0.6499,-6.8252,-9.8414,-9.2285,7.7207,-9.4369,6.4989,1.7855,-9.8026,-2.9744,-3.8278,-5.8425,-5.5197,5.803,-5.0975,-0.6357,-2.9738,1.4721,8.8094,0.4777,-8.4031,9.017,-7.1178,6.6342,2.6415,-2.9491,-6.3645,6.5899,0.2128,2.3823,4.6404,-7.8718,0.9663,4.4923,3.0427,-2.9709,7.2533,3.5376,-0.9542,1.9489,-0.4336,5.0098,-7.7571,0.7736,-0.8506,-3.0716,-7.1755,5.2201,6.6022,6.9787,-2.0578,-9.9738,8.8785,-0.5557,5.3277,-7.4785,3.3221,0.177,-8.5806,9.9154,-9.5203,9.1756,-6.9349,2.1296,8.5708,6.8223,0.4967,1.9599,7.1756,5.1154,5.6059,9.1943,9.9826,-1.5652,-9.6624,-3.796,-4.2501
8.785,2.6798,6.1241,2.4662,5.6075,-8.002,-4.447,8.2373,-3.8494,2.1582,-1.0537,4.4789,-1.3553,0.47,-6.6443,0.7758,-0.7472,8.0501,-7.12,-0.3479,2.2205,8.946,8.1108,4.724,2.9131,-5.8017,0.6155,-9.3103,1.6581,2.7347,0.5833,-9.9023,8.0467,6.1518,0.5467,-8.7174,-2.9216,6.8042,4.13,4.2012,-4.8419,6.2088,2.5837,-8.1864,1.942,9.0742,-8.6191,-1.6354,-2.3281,-2.7594,7.0747,-4.3204,1.764,-8.861,-0.8806,-0.0071,0.4576,2.9208,-1.186,-6.1961,9.9163,-6.9876,-8.0488,-7.1608,4.051,-8.9961,8.6125,-9.4981,-9.2997,-8.8851,5.5475,-5.6637,6.4159,2.408,-3.7174,-5.8964,-2.7439,7.8916,7.8499,-1.9068,-2.9125,-8.537,3.4304,-3.2022,-3.923,-6.0935,4.0383,-3.138,4.5975,-7.4424,-3.7628,8.598,3.6907,3.995,5.4,1.8643,6.5428,-8.624,6.0113,7.7169,-5.2652,4.285,8.2905,0.439,-3.4294,-2.6463,-0.2722,-0.6551,1.1794,-5.7626,-3.3884,-8.674,5.6619,2.6029,7.858,1.5905,-1.8181,-8.863,8.7098,4.316,5.7566,2.6903,-5.8279,-4.1528,-0.6605,-5.6788,6.8245,1.6853,6.5768,7.5737,-2.2778,-6.6505,-5.929,-6.3216,-4.3328,6.725,-7.8037,-6.0,5.0781,8.9038,8.9438,-8.376,8.737,-1.3244,0.5316,-3.0328,-5.101,-1.5362,7.1385,-9.4553,-2.7815,-7.9893,2.7127,-7.3462,-7.4973,7.6227,-2.7371,7.8299,5.129,-1.5723,-0.5895,-7.239,5.6047,0.0197,-1.1142,-4.3951,5.0483,3.288,3.5963,-0.2598,7.1351,0.1447,2.8219,4.104,-4.6903,-2.3395,-5.8418,0.0131,-1.7942,-5.2714,0.82,-6.333,-5.8832,-9.6263,3.7465,-7.1941,-6.3753,-6.8711,5.4269,3.9333,5.6016,1.2436,-2.516,-6.0,8.0271,6.3743,3.2998,-0.6371,1.7925,9.8128
6.4285,0.9353,0.2317,7.5017,-0.3176,-6.2897,7.7473,6.8342,-2.5839,7.1583,0.8595,4.8933,5.1278,-9.0488,-5.4387,2.271,-8.4853,5.3588,-4.6137,9.9379,-7.7982,8.7789,7.4555,-2.0047,-5.5396,-9.6046,4.0602,4.6354,-2.2998,-4.1406,6.2419,-3.0538,4.245,-8.8907,-3.4053,-9.9806,-1.51,-4.9747,-5.2089,8.3075,-9.2705,0.8625,8.6625,6.9813,1.0463,0.2022,7.2358,1.6237,7.1534,1.4878,-3.2691,-9.9168,-3.4347,-6.2605,1.209,-0.7744,3.0988,3.1072,-1.4849,6.9288,-9.5798,-1.4319,5.3979,-4.8357,-5.2581,3.1577,-5.5277,6.4145,5.2604,5.1672,7.7501,-8.3715,2.2676,9.6922,5.7539,0.1245,-1.6904,2.7099,-6.6982,2.4603,4.6564,4.271,-0.3825,-2.364,1.1056,-3.2134,-9.5488,3.8319,1.7449,0.0146,-8.8014,-8.3849,4.4458,-6.2895,8.6129,3.4485,8.9339,4.4959,2.2762,1.4442,-7.6615,3.0303,4.8971,-4.2126,0.216,-4.7294,2.3847,7.1631,5.0216,-2.5265,9.6222,6.2785,-1.425,-6.3753,5.6948,9.4614,-8.7945,2.742,-4.172,-0.3703,5.3436,0.8347,-5.6356,-3.9454,1.0645,-1.738,8.2289,-9.1526,9.79,-1.2418,-8.4142,3.0072,-3.1109,-5.8743,1.7824,6.6974,9.4531,-9.7386,-8.4675,-3.4047,4.1456,-1.9589,8.8093,2.2621,-3.8588,-8.0043,-0.1187,-9.5244,-7.1009,-1.6286,1.0073,2.3562,0.2994,-4.8906,-9.827,-8.2114,1.3912,6.5298,6.6323,3.5458,-3.6538,-0.9059,8.4986,0.506,-8.2825,-4.8524,4.7046,-9.7529,4.0727,-3.3272,9.2621,-3.6407,-8.6378,-8.6298,-3.1139,-8.2403,-3.9062,-5.0055,3.7266,6.6849,-0.1247,-2.3128,-0.4784,-8.3286,9.7051,1.5662,-1.8399,-8.6524,-7.2258,3.8873,8.1632,8.5381,3.4758,5.0692,8.6944,-7.8123,-4.996,9.4945,-6.6636,3.4038
-6.2377,0.1028,7.5183,8.3876,0.0932,3.0611,-2.3468,-6.3912,-2.1744,3.7924,-6.8832,-2.5945,7.9583,-7.16,-5.99,6.6361,-4.3428,2.7319,6.4116,4.2438,6.2039,-9.9811,5.5617,0.6039,-7.8585,-7.2874,8.8278,-3.259,-2.881,-8.5684,-3.4098,8.2369,-5.4455,-5.2077,6.8431,-0.1588,-6.2966,3.0854,-6.9485,-0.714,-7.4017,1.3556,-2.4943,-4.1005,9.5234,-8.9831,-2.7118,-4.9877,3.3961,-3.6452,-6.4559,-7.0588,-2.4044,2.0285,7.5709,-3.0425,1.53,-0.4067,-6.1239,-3.9893,-9.7606,-0.6331,-7.8769,9.6021,8.8816,-0.0839,5.3673,9.5908,-8.0105,6.8156,5.2076,3.1618,1.3599,-9.7833,1.5366,-1.1742,-2.146,-9.9685,5.6113,-8.9809,-4.1879,5.8739,2.8831,0.4565,9.9986,-1.8707,6.3307,-1.0819,-3.6063,-0.1593,5.7029,-7.3041,3.1349,0.115,0.4088,9.2504,-4.5495,1.6895,8.8388,-6.2983,5.4393,3.0541,5.3809,-6.194,-6.4652,-2.6787,-1.0323,-7.4441,5.7401,5.7495,5.0702,0.4519,-8.5204,-4.9581,4.9768,-0.065,-4.8839,3.5149,-2.3456,5.482,3.9322,-8.9514,-2.0936,-6.1493,2.0794,0.1874,8.7067,4.178,5.654,-0.6472,-3.2279,-7.4727,0.6703,-7.8572,8.1496,9.08,-9.6716,3.1045,9.5248,2.0219,-8.0167,8.9499,-6.9262,3.2042,-7.4232,-2.9281,5.1624,-6.2484,-8.2235,6.3231,-3.0411,4.2284,3.4275,8.3933,4.8312,1.8688,1.9572,3.1151,-6.997,4.23,-8.1021,8.2134,-5.804,-4.1213,4.6976,1.4369,-6.1492,9.1207,-8.4244,2.5532,6.9729,4.6154,6.5564,0.8687,-6.4683,7.9126,6.4138,-1.0173,4.0661,4.9329,8.4168,7.5421,8.7693,-6.6109,-7.7859,-7.8605,-0.8946,2.8241,-2.6218,-9.884,8.7794,-9.497,0.9675,1.0455,8.7934,-9.814,7.4047,1.7552,5.9395,-2.9136
4.2523,-2.312,0.0741,3.8155,4.5084,1.3474,1.8027,-6.6177,-2.872,-1.4906,8.2363,-2.8169,-1.8937,-2.5609,5.7694,9.1169,-6.9618,9.3794,-8.7823,-6.8997,2.1062,-2.2735,5.268,-0.5398,-1.6347,-4.821,-9.5356,-1.2321,8.8348,3.9316,-8.8272,5.5126,1.8693,-1.9352,-4.8691,-5.2899,-4.8288,8.8076,-1.214,6.1424,5.4113,-0.6372,5.7308,7.4249,-8.6971,-8.8451,8.6703,-3.3901,1.347,4.501,0.3631,2.8245,-0.7616,9.2994,-5.219,-4.9647,-5.9096,5.4189,2.1065,-1.1664,-0.1126,5.1333,4.734,-0.8729,7.7815,4.4999,-7.8702,-6.7144,-2.2149,0.0685,4.4272,-7.2252,0.1647,-5.8115,-6.5897,-6.4492,-0.6322,-8.184,0.5757,7.7813,-4.7986,-7.2324,5.4452,-0.4071,-7.1834,-5.4383,-4.037,-7.9596,0.8769,7.7356,7.6988,2.3532,-6.6412,-6.0892,4.8757,1.2802,0.1527,-6.0755,7.3102,8.4797,-2.1829,-8.3611,9.2567,5.4348,-4.7403,-3.5891,-2.949,1.4122,-7.3096,-5.7575,5.5159,0.2419,0.9885,1.0906,4.637,2.9505,-6.802,7.9615,4.2161,-6.2487,-2.5475,8.7919,-9.3616,0.8711,-1.3169,-8.8992,-4.4469,-1.69,2.3064,3.9946,5.0192,0.8162,-7.7407,6.477,-2.4144,0.4068,4.9738,1.8835,-8.363,9.6932,5.4852,7.3683,-8.783,-8.6986,0.1393,-9.884,-7.0354,-0.7424,4.5556,-5.2573,8.5462,-5.1746,-2.7654,-2.0246,-0.0358,4.0081,-8.7205,-4.2428,2.7473,3.0356,9.3893,-4.9531,7.585,9.741,-3.9035,-7.683,-6.4713,-2.454,9.154,9.9533,-0.2952,7.2397,-7.1188,1.8351,-1.2436,-6.9279,3.7466,-4.899,1.0802,-0.1363,-1.1772,3.2475,4.7369,0.1676,3.2407,-0.4276,7.2111,0.6295,3.2924,-1.7377,6.3772,8.7487,-2.1111,-4.6133,2.5146,6.3415,-8.72,9.8494,2.3911,1.4269
4.7923,8.8243,-7.7371,8.8609,-6.36,5.7828,-3.3792,3.9892,0.1977,0.1178,-7.8088,6.3789,-2.556,8.64,4.1574,-7.9479,-5.17,-0.9326,-1.4563,-0.7371,8.8868,1.794,2.2774,-9.8821,-5.9793,-4.7933,-1.2888,-3.8821,2.032,-8.2055,2.1469,5.081,1.3259,-4.0227,7.2767,1.2322,6.5597,-2.511,8.1648,-8.9966,-9.4368,-1.285,-7.458,-7.3549,3.8228,-4.7016,9.4245,-5.9995,-1.1533,-6.9905,6.9487,9.7872,5.4747,-1.8982,5.5287,-5.9014,5.6991,-9.6092,-1.1776,-0.9936,1.2313,-0.1895,2.9699,-1.3609,-1.628,2.818,3.6772,-4.2282,-3.9331,-3.2962,-6.9796,-7.3419,-0.0909,0.288,-8.7382,-9.5784,-1.2587,-9.0971,-9.2911,-2.0237,-2.6059,8.2048,-0.911,1.8593,-2.8313,3.8944,5.8965,9.6368,-9.0738,4.0937,6.4877,-9.9351,-3.9843,-5.5784,8.595,-4.1695,-9.7177,4.6118,1.2114,0.5999,3.2581,-1.6606,-8.4144,3.1701,-6.6765,4.7367,6.1941,5.6235,2.8809,-3.7648,7.7483,5.9827,-5.4627,-5.7402,5.7347,-7.0481,3.2527,8.4286,0.3833,-6.2423,9.0476,7.5726,4.7554,3.2083,-8.7595,8.0279,-4.9653,5.939,-5.1348,-9.6454,8.3637,-6.4452,-6.7725,-0.0451,-5.1619,1.5564,-4.877,-7.3989,-7.6985,-8.7698,-8.874,-8.1635,6.1584,8.3494,-5.5211,-8.7337,-4.2456,-5.3482,-5.642,5.1741,5.2717,-1.726,-5.2878,-1.4594,-2.7168,6.481,-1.4631,0.3138,3.4231,-2.8427,-1.2209,6.5735,0.3731,3.1137,9.2558,-8.8712,9.9308,-6.2165,-1.0261,6.9107,-6.1417,7.4423,-5.694,9.4633,7.9997,7.5293,2.7314,-3.4034,9.7983,-7.6357,8.2535,4.5517,1.9745,-9.6873,-3.2103,8.0076,9.3271,7.2526,-9.0147,1.3782,-2.7625,8.1135,6.3737,5.5232,2.6709,0.7109,2.5649,2.6015,1.3382,-1.8637
7.8257,1.6806,-2.6212,4.3663,-9.448,-3.8023,-5.6684,1.7664,-1.8584,-8.1883,-5.4312,-4.1487,-7.7938,-7.4439,9.2338,-8.8461,-4.4947,4.8804,1.8435,-1.2877,-7.9085,-7.1553,-3.9527,-2.6729,-2.347,1.6349,-8.9333,8.2203,9.0849,0.204,-2.3226,5.3417,-7.62,1.9866,6.0249,4.5955,9.9773,0.3101,-3.4397,9.8884,6.676,3.2694,7.4286,-9.0603,9.9753,8.3493,-6.984,-5.4442,0.7336,-7.3177,4.5496,5.9041,4.5816,1.8692,-9.3818,7.5785,0.698,-4.979,0.1736,5.6166,1.6053,-6.3789,-9.6772,-3.7195,1.8969,2.5484,-4.6273,-2.7551,9.8609,-3.8207,0.659,2.5009,-7.6083,4.7777,9.8242,5.7111,-3.5455,3.0573,-9.7104,3.0275,7.0916,5.0866,-9.8322,-4.4415,-9.1265,-0.937,8.46,-5.2535,6.3236,6.9694,-3.8111,8.4344,2.2226,4.1965,-2.5748,5.2782,-0.4417,-4.2749,-3.6546,4.0084,2.521,3.3569,-8.6861,6.7336,-9.894,-3.6911,-3.5066,8.0881,-1.3324,6.4777,8.9506,-3.6009,-9.0329,5.1293,2.9961,-5.8118,7.6122,3.1194,3.6768,0.5976,-2.5511,7.3819,-3.3886,5.8827,2.1406,-8.1665,-2.1731,5.0333,3.5042,0.575,5.2084,4.9035,8.9947,1.3869,1.8277,-3.278,-9.6047,4.4163,-8.9751,9.0742,-7.8714,-2.6102,-3.3523,1.2653,1.8271,-4.6433,-2.3292,-4.6952,-6.293,-5.6238,2.4836,-9.5593,-4.8571,-1.2132,1.7922,0.856,3.0047,-9.9243,1.8385,-5.2523,5.9125,3.2194,-3.0741,5.1009,3.7622,0.8077,4.0883,4.0853,6.3706,-9.5257,1.9323,0.5292,5.2706,-0.4062,-0.0123,8.5086,-0.6637,8.4488,8.6072,-1.9566,4.9696,7.3935,5.939,4.5862,-8.5636,0.0881,2.3707,1.8348,9.3548,-4.5735,-4.5171,3.9957,-3.7096,-1.8241,2.4523,1.5209,-0.4758,-2.1264,-3.9094,3.1802
8.5169,5.3181,3.6277,-6.8474,-2.0994,-8.191,-4.8875,7.3351,7.8715,-8.2686,-0.4479,-6.8433,2.5835,0.8375,-8.6162,-0.5257,-3.3673,-5.8669,-8.2952,-3.2463,7.6407,-2.563,-6.5044,-6.4555,-4.9828,-5.2381,-1.5086,2.5366,1.1066,1.9897,-9.0858,2.8493,-1.3895,5.4265,-1.0788,-1.5889,-1.3152,6.447,4.4935,4.7265,1.1927,-0.6419,-2.0001,5.9358,-2.8654,-3.0345,5.0953,-3.3082,3.4148,-9.4612,2.9492,3.519,7.5375,0.3981,-4.0105,-6.8367,-2.6989,-1.819,6.5109,-8.7637,-9.1659,-4.6453,-5.9301,-8.2659,-6.9671,-3.1814,8.5444,-4.6852,6.9942,-9.4697,-1.44,0.897,-1.8057,-1.5518,7.7634,-8.4503,2.6993,-8.6943,-6.7844,6.4105,6.8261,3.7906,-0.135,-0.1502,-5.6998,-9.5586,-6.516,-4.2873,8.2347,1.4357,6.7117,-3.6484,-0.8522,1.6718,1.922,9.8122,6.5102,-9.4813,9.7236,-6.2301,1.3862,9.1931,8.9393,8.5624,2.6465,-3.6149,4.7643,-4.7775,-0.1702,3.0432,-8.2968,5.9503,6.9137,8.5043,-0.0911,-3.57,9.6776,-1.7236,-0.5333,-1.1803,2.2852,1.4727,-1.9076,-3.3197,1.7168,-2.9052,3.5897,6.9936,-3.9236,-1.9608,2.7448,9.1993,-3.7969,-3.918,7.2074,-1.6242,2.6813,4.5879,1.0838,4.865,0.999,-3.5991,-7.1317,-8.199,0.9035,6.197,-5.0724,-7.9884,8.9148,7.3855,-5.5884,5.7269,9.6162,1.5742,-4.392,2.3691,2.83,-2.7251,-5.4481,-3.6079,-3.3396,-6.4179,3.409,-2.0621,-5.5517,9.2582,5.9836,-1.5611,-1.2373,3.6891,4.422,-7.1926,6.1793,6.955,-4.2306,-8.3948,-3.2512,-6.9794,2.7488,6.7471,5.1499,0.4779,5.9125,8.432,-3.5135,6.1652,-2.9639,-7.7486,1.527,7.0644,1.2598,5.6843,6.2004,6.9185,-6.9677,6.8243,6.8254,1.1663,5.629,8.9912
-9.6219,0.1347,-8.3012,4.5632,-7.1747,-5.2794,1.8159,1.0145,-3.8742,-7.3156,-2.8523,-3.2393,2.4169,-7.0704,7.8998,4.2134,-4.744,1.3315,5.3912,-5.6911,-5.4877,-0.944,4.0106,6.1869,-3.2365,1.2209,-2.2874,6.3878,-3.6239,0.8273,5.4349,-9.4767,-2.8426,5.5834,-5.4735,-0.8957,4.7855,4.2956,3.0349,0.5999,7.1293,-0.3808,-6.6357,7.5968,-6.1011,0.0143,9.4348,-8.5112,0.1162,-4.9943,6.9834,-8.3975,-0.4858,-0.7503,-9.5188,-3.8729,-8.2517,-7.0738,6.4554,3.3103,1.5461,4.6611,-8.8763,-9.0846,-0.7101,4.3736,-3.8104,8.4363,-4.1202,-0.3048,-9.9717,-2.4248,-2.8708,-0.6672,-0.846,-6.3891,-6.0504,-0.731,-3.6187,-4.4677,-1.5885,9.6575,4.4085,2.6929,5.3129,3.5541,9.8756,-1.3582,8.2688,2.3516,8.4276,1.6036,-7.6567,5.2371,1.296,-0.0314,-1.1309,-4.9998,-2.7056,-9.7221,-1.2171,2.7547,-0.8563,6.638,-9.3036,8.4663,8.4898,8.6398,8.4468,1.7775,7.9443,6.0035,-3.503,9.5039,-3.9667,-2.5291,-9.9849,-8.1582,-2.1585,7.9396,-7.2792,-5.0753,-6.8129,6.9552,2.2933,1.6044,-0.7779,2.5184,-8.7815,-1.0072,9.2549,-2.9648,8.6561,3.4766,-2.5703,-3.9307,9.0984,5.9856,-2.2323,2.0748,-7.1547,-4.7577,2.6556,-9.0088,0.9296,-0.9763,0.015,-1.7675,2.9599,-9.4113,3.1664,6.2719,-3.0882,-4.0958,7.3703,-3.1522,1.7482,4.7464,4.3615,0.0921,2.7943,-6.9144,-0.0399,-9.3015,-3.5213,8.1072,-2.1469,-8.8537,-5.7542,8.2607,6.2935,-8.7107,6.2855,-0.5186,-3.0057,-8.1044,4.5045,4.0961,6.6136,-4.1693,5.4545,5.0864,6.1757,-7.1328,-6.7243,-1.9952,-6.9228,-8.2972,1.2487,-7.2659,9.6094,-2.5536,0.6316,8.266,-3.0906,-2.0784,-3.3275,-7.2579,9.5898,-3.565
5.8967,0.3705,1.0585,4.7837,-8.0012,4.9732,-4.4118,-6.6063,-6.3315,7.7567,-3.5517,4.8831,9.5466,5.7066,-0.0652,3.036,-1.0798,9.5601,5.5043,0.6199,-2.2457,0.1618,4.3087,4.0689,-3.0877,-7.8445,-0.0503,2.8917,6.9616,-6.0115,-5.8653,7.5386,9.2701,-2.4904,1.1811,0.1295,6.5255,-7.4983,1.1565,-9.7501,3.3784,3.9057,5.0001,9.7814,2.5971,-0.2704,6.8769,-7.9156,-9.7498,4.4384,7.7313,4.4412,4.6956,6.6402,2.6445,-4.5197,-0.0372,0.1768,7.2941,7.2197,-0.3688,7.1841,2.9414,1.8782,-8.506,3.4624,1.6757,-3.9067,1.2892,4.5165,2.8644,-0.6502,8.8038,-5.4011,5.157,-7.9011,2.9642,-9.5061,-0.2417,6.8905,3.7644,-5.2513,-1.9515,8.6935,-9.7573,1.1734,9.5075,9.0591,0.2195,-8.6903,6.4441,8.1431,-8.3753,-8.6488,4.4203,-8.97,4.7015,2.1683,-8.276,6.3606,7.6358,9.9086,9.7824,2.52,-6.1585,-5.5948,-7.5829,-2.9146,-8.09,6.273,-9.6681,-6.979,5.4018,-0.0259,7.9215,3.3165,-8.9066,-2.3077,7.3513,0.4291,-6.1461,-5.2172,-2.4089,7.9392,-5.7381,5.3365,5.4567,8.0158,4.1723,5.9858,0.6764,7.6172,1.0475,9.7048,0.334,1.2817,4.7809,-8.0405,-4.4157,-4.0252,9.8568,9.9837,-1.9584,0.9078,2.4618,4.4103,9.448,1.7968,-3.6896,5.3269,-9.4562,-4.0322,-8.0351,-3.1817,5.708,1.2172,-4.3787,-2.8915,1.3264,-9.02,4.2323,2.4525,-4.815,2.4565,8.2211,6.1716,-5.7652,-9.4996,-3.7556,3.2562,-4.845,4.1151,2.4597,-8.6828,-6.3469,-5.6287,-5.316,-2.5443,-9.9286,2.2021,2.4643,-9.3758,7.8918,-9.675,0.1606,-2.3536,-9.9324,-7.7178,-3.9932,-2.6827,4.2566,0.0777,7.3266,8.3671,2.7734,7.4173,-1.6486,-6.3908,-3.8667,-2.0484
-5.0307,3.0227,9.5339,0.2048,-6.8012,-6.1984,4.2857,-6.0138,1.1199,-7.6772,0.5698,3.4613,-6.5096,-8.4128,2.5774,1.0227,1.5449,-2.3783,7.5867,-6.6182,4.2766,-4.0111,-3.2114,4.9076,-4.6846,-3.9748,-8.4767,2.8627,-0.5187,-8.8723,-1.686,-8.9964,-5.5966,-7.8402,1.6695,4.2409,-3.5411,-6.7047,-0.7923,-6.4265,1.0281,0.5167,0.6619,-5.1203,0.5593,4.373,-1.9434,-5.6198,-0.7271,-6.6669,3.27,-6.9255,4.4306,3.0577,9.4917,0.1774,3.4046,2.8535,-4.9666,-7.8005,-1.0572,-1.9335,-8.6514,9.7088,-8.827,2.4364,-8.0616,-4.2126,-6.2053,-7.2781,-5.5348,-6.1476,6.4213,-8.1816,1.5614,1.4838,9.4026,7.8827,-9.2201,-3.818,-9.2233,5.613,5.0174,2.4003,-7.9066,-5.2588,-9.1725,8.6961,4.6513,9.3453,2.0497,0.0231,-1.7217,3.363,8.3138,7.8312,-2.3409,-8.5041,-5.8985,1.1377,-0.9175,1.7294,-8.237,-7.3009,-4.1116,0.572,-0.7076,-8.4634,-2.7227,7.5472,-2.9807,-2.0961,0.2724,-6.9427,-9.7084,2.8455,1.9603,-4.9693,-2.953,-9.4777,1.1953,4.6484,7.908,0.021,-2.8762,-2.9932,-8.0576,-6.2601,-6.948,-4.1734,-7.8868,5.8079,-8.2635,-4.6624,-9.1807,-9.5933,5.2135,3.5083,2.2492,-7.1696,7.4046,-5.8203,4.9034,2.2925,-6.2953,5.9639,-6.7304,-1.5762,7.205,4.0404,9.3082,-7.0461,3.7225,-3.169,6.7139,3.2584,3.5414,-7.8194,-2.7071,-1.1805,-9.2101,6.2981,5.194,9.6099,-7.2302,-5.1341,-4.3559,6.6243,5.3496,7.7541,-2.0262,-3.0295,0.1481,-3.3186,-2.3058,-5.3189,9.8992,-9.7333,7.0411,5.1746,-4.7117,-8.3744,-7.9336,1.718,-6.3953,4.7751,-5.7308,-6.5555,-7.8584,-2.3466,0.426,1.5454,-0.9873,-8.0596,-8.5743,2.9822,-8.2358,7.4373,-1.2348,-0.2518
6.3114,8.3457,-9.6933,7.3564,4.8677,-4.9692,-2.8598,8.6436,4.0512,-1.614,4.9227,-9.6229,2.3185,1.1759,7.7884,8.9309,0.9292,-1.0758,6.6786,2.2491,2.5408,-0.8108,1.8711,2.0683,-2.7277,-2.3802,0.1944,-1.4554,3.5737,-9.8486,1.7879,1.298,-9.9334,6.7894,6.7679,-2.878,9.3132,9.0955,6.5242,3.5684,-0.5646,4.0429,-2.3934,-4.7745,-5.0334,8.0406,-7.7752,0.1342,9.5359,6.6513,8.8713,7.4911,-4.6945,2.119,6.9754,-2.7051,-9.9354,4.8643,-2.409,8.9158,-3.307,0.9165,-0.4486,2.7901,6.9909,-3.325,-2.2422,0.8118,3.8722,6.5366,8.3754,6.473,-8.1246,-6.9144,-9.9452,-4.5777,3.004,8.8121,5.8282,7.2078,-3.0812,-6.6679,5.347,5.3331,2.8911,-3.3884,5.8531,-7.5246,-5.27,7.7349,-2.1283,-1.439,0.5035,-5.3752,1.1552,5.6139,8.0548,4.1335,0.385,0.8644,-7.3488,-6.6779,-7.5017,-9.2228,-1.4883,-8.564,-6.614,5.5085,-8.3272,-3.5829,-6.6892,1.2048,6.9937,-9.8888,8.0775,-5.7429,8.704,7.6769,-2.8957,-6.9221,-0.6253,-7.248,3.6994,-1.9808,4.9433,-6.1101,-4.814,3.9602,6.8763,0.7008,-4.2787,7.4037,2.4235,-4.1553,6.7065,2.3699,3.8927,-8.3599,9.9273,5.308,9.2796,-0.5162,7.2705,9.4093,0.1711,0.4324,8.0237,9.7233,-7.2389,-8.1978,8.5245,-3.6551,-9.5011,-4.7667,-9.7418,9.0293,-4.7782,7.998,-9.2302,-8.012,-8.992,-6.6664,-2.6009,-1.2291,4.008,-1.3061,-5.8566,7.284,8.7025,7.1432,-1.6741,-7.4373,-0.226,-0.0477,-4.4626,-9.7824,-2.1187,-0.1318,-3.4219,1.9507,-8.4527,-4.2802,-3.2906,2.1058,0.8762,-1.1458,-5.788,7.2615,-3.9077,9.3698,6.7631,3.6391,-4.5762,-1.3429,8.5326,0.8397,-2.5094,5.1922,-5.5647,4.5942
5.0172,6.414,0.523,-7.1257,7.3227,4.0561,-0.0409,-8.8346,-7.5713,-5.559,3.7627,-9.2496,-2.9236,0.773,-2.2828,-6.0283,1.4085,-0.1635,-8.8085,-3.2307,-7.6372,8.338,2.1729,4.5283,9.3688,2.7813,-0.7651,9.1867,8.0791,7.3687,2.3226,3.6448,-0.0449,6.2199,-9.5428,7.7155,4.1516,8.3905,-6.7874,3.6261,-1.5754,2.1291,-4.6066,-4.3025,7.233,6.6764,6.5618,2.088,7.6905,-9.6574,0.5863,-2.3301,5.0073,-3.9079,1.228,-6.2156,3.9152,-6.9261,3.3648,7.0133,-0.2494,5.5525,-0.368,4.7623,4.4389,-8.1979,-4.321,-1.9742,-4.3177,-6.6424,6.1541,3.3941,-8.3331,9.818,4.524,-0.7823,4.0719,2.9482,-7.9801,-4.6767,5.7328,4.384,-2.1402,-2.5068,-2.8305,5.3826,-1.1663,8.8736,5.4887,7.2633,-2.0888,-2.0583,-9.3198,8.4811,4.5904,-1.3282,-5.4245,5.3881,-6.0977,8.9133,9.0773,6.5145,7.6551,9.6582,7.368,7.0728,-4.3019,-8.4736,4.8142,-0.4064,3.6678,4.533,8.8256,-5.9814,-3.8446,-5.4664,-3.5762,-6.4605,2.9064,1.1563,5.5486,4.9744,3.1923,2.9689,-5.969,-0.65,-2.5658,-8.8488,-3.1677,6.709,-2.6743,-0.6481,-4.4641,1.7688,-0.8393,2.7024,1.3047,-3.021,1.0337,-1.4688,8.8638,0.0261,-1.2306,-9.0267,5.3323,6.2389,3.1155,0.9306,-3.8807,4.8697,6.3576,5.7844,-8.7522,-6.6966,3.0839,-3.2101,-0.38,-4.0017,-1.9282,-4.2165,0.2958,-9.9149,8.7591,4.9495,-7.6916,7.7887,-0.7778,5.0945,-9.8803,-8.2042,-6.2856,4.7565,9.9442,-4.5054,-3.2179,5.7517,4.0894,-9.2293,-2.2559,8.2404,-7.5125,-4.2306,0.3815,8.8957,5.9753,1.1037,-2.5189,-9.0116,-5.444,-3.1883,4.2537,8.8661,-4.5104,3.1938,-8.9619,-0.1709,-3.667,7.4316,-1.9644,-9.2808
-6.939,-3.9104,-7.2644,6.5764,-4.382,-3.081,1.8027,-8.5409,-0.1183,2.4407,-7.3809,8.4242,8.9243,0.3731,-3.9293,-4.7429,8.1132,-9.2448,1.7615,-9.8255,8.0737,-6.2493,-2.8948,-1.7262,3.5906,3.3398,0.8541,1.5221,4.9196,-1.9699,9.9266,-9.2938,-0.2392,6.774,5.5855,2.5496,-2.3341,2.6451,6.366,-8.3757,9.6108,-7.6646,-8.5198,-3.6542,-0.7244,7.9718,6.3557,8.4556,7.9119,6.7092,1.7465,6.6246,4.4105,-5.9407,-3.0546,-9.211,7.1647,-4.6564,-4.9676,-3.8463,-0.1946,8.9588,-9.012,3.4205,6.2055,4.4655,6.5725,9.1584,5.2268,-0.5564,-2.7093,3.6782,-6.5951,-6.6234,9.0773,-9.3174,-4.9308,9.6197,-5.429,-3.7193,-3.0126,1.7155,8.0862,3.9983,6.3194,1.7748,-1.9688,3.2387,0.7193,3.6915,0.4774,-4.1484,4.4164,-6.8874,5.004,3.7383,-1.8813,-6.8438,1.6182,-4.873,-1.981,8.9961,6.1284,7.6807,5.6911,-3.9867,-0.4863,-1.3882,0.806,7.75,-5.0864,8.3231,3.8419,8.0968,7.482,6.5848,-8.8881,-4.1839,-1.1927,-8.8661,-5.0638,4.6576,-6.265,3.0239,-2.7276,-3.9874,2.145,1.3817,2.3172,5.2802,5.8529,-4.9233,8.8768,-2.008,-6.3049,-7.6608,2.0683,6.7929,0.2567,1.6348,2.8312,8.5735,-9.3952,0.7381,3.4602,1.1742,4.6352,1.7647,9.208,-6.0233,5.7654,-0.0185,-3.4525,-6.217,-7.3042,6.5484,3.2589,-4.1831,-8.5802,-4.787,-7.4022,-1.7648,6.0592,5.6091,1.5284,8.4244,-6.9028,4.8407,-2.5211,0.5589,2.5642,9.214,0.1582,9.9684,0.0513,-2.2058,0.2178,0.4224,-8.5334,2.6549,-2.2047,-1.9965,4.9284,0.0652,-9.1553,7.0438,-1.9997,-2.629,-5.9152,-6.3165,-5.0344,8.9525,-1.8769,-2.7326,5.3565,8.5882,-1.9924,-4.5816,-3.075,0.3193
5.2622,0.378,7.9563,1.2036,-0.222,4.4803,5.2454,-3.4388,3.6868,-1.0626,-1.1473,2.1367,8.1896,-4.0572,-9.3795,-3.0759,-2.831,-9.4434,1.3436,0.7213,2.7365,-5.2893,6.6064,7.7571,-4.7538,-4.6974,1.9405,-3.7996,-0.0601,3.4565,-4.848,6.382,-4.3356,-0.6619,6.8004,0.0837,9.5339,-6.0492,-4.78,4.0554,1.1544,-2.0662,-0.3887,-4.6605,-0.8043,3.3018,-7.5357,0.6165,9.9517,-6.4231,5.8122,-6.5973,-6.53,9.4998,-7.5129,3.1268,0.9945,9.9425,3.2893,5.9668,3.6802,-4.8186,6.2632,0.6616,2.0342,8.7946,6.8643,-8.971,-8.4934,-3.8339,-8.7431,-0.5446,-2.3543,-8.0866,4.3477,-6.2935,2.6277,2.1313,-0.6257,-3.9406,-2.598,-3.6631,7.6082,1.3306,0.0969,-2.5091,3.821,-5.6196,6.6752,-3.6514,3.4161,-5.9831,9.8283,-8.0729,7.49,8.996,7.5252,-0.2374,1.7492,2.923,3.5248,8.6358,-0.2823,-4.9444,5.8275,0.9178,3.34,-2.5557,0.7907,4.0899,-0.4144,7.6455,-1.8582,-4.3282,2.3227,3.1373,-8.1568,3.5388,-8.8859,2.0743,1.2752,3.8875,4.4552,-9.0399,6.4996,8.8299,-1.059,-7.1819,3.9947,-9.2495,-2.5912,7.6281,5.9636,0.1439,0.9156,0.3171,-4.9485,-9.4513,-1.7075,-4.5052,3.6688,-9.5297,-6.0454,2.8735,9.285,-6.4437,-8.812,5.9759,8.5426,-1.2979,6.0197,6.483,-0.0135,-6.3501,-1.0605,-1.5059,7.0655,-7.7154,5.0536,5.7096,-6.6487,8.4747,2.6307,3.9909,-3.8686,-5.0092,-1.1084,5.0736,4.3915,4.6491,-8.5942,-3.124,6.0252,-3.5231,4.3777,-9.958,3.1553,8.5595,1.3947,9.8037,0.4807,-7.7955,-9.7823,6.5506,-4.9849,4.0292,7.4152,-7.0692,6.5643,7.6583,0.7801,-8.0774,3.6221,4.3168,-1.615,4.9029,-0.2935,-5.4087,6.3943,-8.5078
-6.4354,7.5389,-6.3862,0.4722,-4.4546,4.3128,8.2145,-2.8083,2.5768,1.5281,6.8679,1.5395,-5.188,4.6113,5.0221,7.3656,8.4061,-8.1391,-3.1914,0.7166,-7.0183,6.4238,-8.0061,-3.428,4.9118,-5.8871,-9.9445,8.1304,7.4499,-2.1112,-5.7469,-7.385,1.4234,2.8562,-0.805,1.3482,-1.9654,2.189,-0.3256,6.2701,6.7035,-5.1434,-5.9513,9.6574,-9.5921,-0.1371,-5.468,4.7516,9.6516,-4.5967,-6.4609,-6.2129,-9.9879,3.5381,-8.8969,-0.4278,-5.7875,-7.1381,2.4637,-7.3332,0.7113,9.0846,-4.8575,-3.7607,-8.5404,-1.4808,-0.5128,-5.1497,8.351,-6.5777,-3.7664,-5.5635,2.8044,-2.9535,3.5891,8.3263,-0.6998,-5.7056,-5.1848,2.605,-3.257,9.068,-3.9925,0.7072,3.2725,-1.8533,0.4584,7.1737,2.1471,9.797,-7.4482,-0.6933,4.7518,2.2904,3.8487,1.3409,-4.3562,-5.9336,-5.5842,-1.3386,4.798,-5.175,-9.6751,1.4292,-0.0847,3.7024,6.7479,8.7385,9.2145,-8.2599,2.3887,9.7172,-4.9873,9.8049,4.583,5.6543,8.777,7.4908,7.6939,-1.1845,-6.8755,-2.9523,-0.169,1.9259,8.3501,-8.7333,-0.401,-6.5185,-6.2271,-0.0016,-6.1839,9.3691,7.7168,-1.1188,6.1276,-8.4367,7.2177,-0.0617,-3.0809,-7.3224,-8.4255,3.6364,-5.4295,-9.1764,-2.5197,-3.6339,-8.6982,-2.8237,-4.5675,9.2507,8.3578,-3.2373,6.9563,4.0454,-9.6629,-6.9297,-8.0601,-3.1346,8.5465,-7.6869,-3.9291,-1.5599,0.8216,8.6026,-7.8126,-5.6169,9.9339,5.5016,1.7777,5.5844,0.2764,0.9131,5.3388,5.3846,9.9417,-1.8988,5.9202,1.6866,7.0141,-4.1721,9.3218,8.4279,6.7853,-0.4574,-5.6237,8.4846,-6.2878,-5.1429,0.5503,-3.3289,3.8013,-3.1902,-3.424,0.5415,9.1133,-3.0122,7.161,-3.0901,-2.2441,-5.3525
-4.1053,-1.1715,0.0978,-0.0725,2.7447,3.0176,-5.1301,2.312,0.9249,0.1845,-7.467,-5.2344,3.1691,9.5353,6.423,-6.429,-5.6433,3.6562,-1.7681,1.1258,0.8581,0.174,-5.4672,3.4477,9.0434,-4.7085,6.0471,3.7233,8.6232,0.1973,0.3816,-0.2969,-6.0408,-5.9248,-9.5078,1.3868,-0.4657,-6.4869,5.0181,6.1269,-2.7533,-0.9678,-7.0443,-7.6052,-9.5305,2.3388,-6.9479,1.9598,-4.6562,3.8113,-2.9251,-1.4859,-6.0906,5.1669,-4.3187,2.2791,-4.0984,-3.0557,8.3013,-3.6056,-0.2791,2.4204,-8.6573,1.093,-2.7661,-4.4639,4.1439,-0.719,-6.1155,-7.9095,0.6193,8.7733,1.189,-4.5384,-6.3402,-3.849,9.3403,0.3226,-3.0411,-9.8686,-0.3588,-6.5685,7.0166,1.6866,-2.4657,-2.3256,-1.9041,4.0906,9.1647,4.1303,-9.9921,6.8419,-7.866,-6.9008,-5.3116,-8.5215,-8.6136,4.8268,3.2505,0.0049,-2.1089,5.3051,-3.0455,-6.6537,7.2697,-4.4557,0.5447,-3.9071,-5.5139,8.384,1.0578,-7.1456,4.567,-4.3825,6.4658,-1.8531,6.6215,2.5656,8.8144,4.3268,-2.1605,-1.5049,-0.1035,-0.7115,3.7325,6.874,-0.8709,-4.5321,4.7767,-0.6923,8.1087,-8.4533,9.1087,-0.4563,-2.1635,-6.7194,-0.3216,-2.7443,4.876,-3.6579,0.9879,-1.6357,-3.3743,7.9356,7.5438,0.0864,-6.1926,-6.1933,-4.3414,8.5602,6.6637,-6.7607,3.5203,-6.0778,3.1285,9.3547,0.0371,4.2796,0.4837,-2.2286,-4.0784,1.285,0.9168,-0.5034,1.0588,-5.0362,-4.1617,6.5316,-5.2723,-3.8781,-0.9523,-8.555,-4.8682,3.3346,-1.936,-4.1129,9.7584,0.0482,-0.1999,5.2974,-4.8612,0.264,6.3605,4.5114,-4.8742,-5.4887,-0.3327,0.9419,-0.6115,3.9957,5.2155,0.9906,-2.0703,7.3562,0.965,4.1003,8.8098,9.7076,-6.7336,1.3877
3.1467,8.2021,9.737,6.9434,-2.8472,-7.2632,-3.1323,9.1264,-4.7889,3.0655,2.3473,2.6002,-0.1219,8.7672,-3.715,-0.1872,2.1559,8.0835,7.6289,-7.8054,8.3063,8.0832,2.1244,-3.2858,-5.638,-6.756,1.3715,2.5969,-3.392,-0.4075,4.9402,4.8232,7.0189,-2.588,2.8431,4.0639,-1.0237,-7.9108,5.0555,-1.0733,0.8002,-4.5545,1.3839,3.2419,-9.1027,6.9166,-8.344,6.2994,-0.6206,-4.4454,-1.8788,3.8673,7.6302,-1.31,5.5432,1.6953,6.2278,6.5303,5.0454,-5.6721,0.4693,8.0539,-9.9426,-0.1247,9.1415,4.1284,-7.3313,8.5139,-4.5779,3.7065,2.1151,1.2434,2.6629,4.1018,-1.898,-4.2601,-2.7101,2.1577,-4.1282,9.1559,2.9624,4.8596,-7.6265,-3.517,-3.4919,0.7129,2.3748,-2.44,-5.0595,-6.4055,0.3842,-2.6467,6.8998,-0.1485,9.5292,-6.1018,-1.1246,-2.0947,1.0332,8.8106,-6.1318,5.7778,-2.8135,3.25,6.9834,-1.8619,5.5276,-0.1229,0.4716,4.7611,6.905,3.6461,2.9673,-0.7251,-2.8963,6.8752,1.1994,7.6957,7.7946,7.5047,5.5938,-4.4033,-3.7373,3.2851,1.4382,9.2709,2.7524,6.9275,8.2683,-6.6115,-9.4997,3.666,-8.6662,-4.8779,-9.9571,-4.5951,8.9102,-8.4317,1.9915,-7.3302,-1.8023,0.944,8.4568,-6.0576,-0.9745,-2.319,-4.239,-5.4934,7.8556,-8.0653,-8.8375,-5.713,0.0425,3.3505,-1.6722,8.9998,-4.7296,-3.5551,1.9924,3.3676,-8.6352,5.3282,-1.8973,5.2508,3.2975,-5.8538,-8.8787,-3.0191,9.6011,6.3917,-8.2692,-5.9465,6.3447,-8.3303,-6.8318,1.2171,7.5346,-9.6374,3.8708,-5.4519,-0.7211,-8.1937,8.4908,-3.8171,-0.7432,-2.9636,-8.8613,8.5681,-3.0152,2.7585,4.1244,-5.5989,-9.2803,8.6487,-6.1756,3.0838,9.8013,-3.8593,-7.7759,-2.7404
-6.4314,-9.2533,1.17,3.7575,-4.9356,-9.0081,-6.7645,-0.3902,2.0947,-2.1642,5.584,-5.4881,0.9369,-7.6719,-3.3231,-0.9139,-5.7717,-5.8128,2.8537,3.5277,-6.6403,4.4197,-5.1183,-3.0523,2.7355,-5.9456,-3.6042,0.7621,2.2399,-4.8456,-3.4092,2.9351,-9.0097,-5.6685,0.5206,0.6857,-7.2339,6.6552,8.3582,-4.5801,4.2067,-2.7312,0.6882,6.9384,3.592,9.6392,7.1708,4.2477,-5.193,-1.3428,-2.5342,-9.9717,-4.5198,-3.1719,-3.7172,4.5374,-1.3994,2.0257,-7.839,-0.0039,7.825,8.5221,0.5247,-9.2049,1.3499,-1.1855,1.8397,1.8948,5.1985,8.7825,-5.4352,-7.8736,4.8676,7.9239,9.5668,-1.1878,4.5995,6.936,-8.8759,6.6723,-1.3293,-8.3439,5.0515,5.3349,8.4188,-9.9599,7.3329,-8.8956,4.1388,-9.3922,9.9607,1.1351,8.9199,-0.98,-6.8444,3.6122,4.9523,5.1433,-2.5029,4.3513,6.1598,9.0185,-8.2011,7.8472,6.0245,-2.1636,3.5543,0.3776,8.209,6.3878,8.3454,1.937,-9.9293,-2.2223,-1.1017,-4.0983,4.5272,2.9668,-6.9387,-4.2937,-1.4216,1.5242,6.5646,8.4183,5.119,-4.9001,-2.0599,-6.5859,6.6328,5.6804,6.1258,8.4726,-1.3024,2.8768,3.8901,3.2185,0.7304,-9.7659,-3.6736,0.299,8.8617,6.621,8.5642,0.9497,3.1178,-9.3893,1.134,-0.9902,-4.3071,-0.2014,4.2194,8.3296,-4.6272,1.878,7.4308,8.5703,1.3069,-1.6076,-9.2874,-4.0771,0.8631,4.7437,-4.1611,6.7408,-7.9209,8.7855,2.7061,-5.9216,9.1636,-5.5583,-9.6442,-1.7978,3.9005,1.1909,-7.9091,1.8601,1.4179,6.0763,-0.7237,-7.8555,1.6726,-4.4701,-5.8456,7.8124,-1.6482,-8.8647,5.0148,0.9541,-1.8571,-4.1953,2.4673,7.7516,-9.8995,-6.1687,5.9456,-2.3867,1.487,2.4278,0.207,-4.3261
-8.4364,0.9646,7.0837,-3.214,-8.2292,4.4347,2.7481,6.5671,-1.9931,8.7413,6.0763,-2.7103,-1.2929,-7.9349,-0.0238,8.2764,9.7987,4.3434,-2.6992,8.2172,-8.9331,-4.1216,3.0245,-4.3686,-2.1433,8.9258,0.5227,9.0143,6.9983,6.4726,-9.6427,1.1188,-9.8678,6.2643,7.734,3.0388,-6.2068,-8.4373,1.2208,8.7058,1.1552,-3.8335,-2.4095,6.1236,-3.1156,-7.2056,9.1722,8.0973,0.9359,1.2749,-2.5987,2.7789,-0.5087,4.2808,2.5373,7.4379,-7.6065,-1.8933,-7.2596,-2.9836,9.8888,-8.7078,-1.1233,5.1301,6.5685,4.4423,-3.8567,-4.4749,8.9974,9.5429,-5.421,7.5646,-5.5067,-0.3229,-7.693,-7.2604,3.0083,-7.9613,-4.3681,4.5677,4.5312,-4.9136,2.086,-8.61,-0.2341,-4.3419,-9.1669,9.8567,0.106,3.0372,4.4484,7.3826,9.9335,0.3784,3.0323,-3.5904,6.4879,-5.7065,-9.0905,-3.9713,-3.4164,0.7678,8.6175,6.2919,7.0848,-5.5265,9.8196,1.9738,-2.4448,6.6672,-1.0866,5.4337,-8.8335,8.5565,-4.388,6.8465,-1.0532,-9.448,-8.3086,-3.7837,-1.3868,0.9876,7.0646,9.3246,-4.8404,4.5343,-4.2537,-4.3243,4.8398,-6.3815,-7.3536,-7.5866,7.3617,-9.4169,9.9088,2.0765,-6.602,1.3798,3.9186,1.0766,8.2441,8.2232,-3.9481,4.1972,-5.2269,-9.7133,-8.8968,-3.1793,6.4278,-7.5816,1.2244,6.7253,-6.6098,9.4681,7.297,8.496,-7.3007,7.4955,1.4131,-3.8806,-6.4172,-5.9548,-6.6489,8.9949,5.2319,2.969,-8.8867,-7.1268,1.503,-1.2393,-0.7052,7.1018,1.3421,7.8188,-1.4356,-0.2513,-0.5756,8.9042,4.3204,-6.0662,9.8719,3.4212,-3.9561,-8.1988,9.7912,8.8552,-1.0736,2.7706,-9.1534,-0.708,1.697,-6.964,0.2553,-6.9798,-8.6569,-9.0213,-7.3849,3.4168,-1.7737,4.8199
-8.1116,0.5894,7.8033,9.348,0.8274,-6.0328,5.9086,-2.6345,2.9475,1.9511,-5.6228,-5.2638,1.4005,9.5525,-1.5959,-3.0839,-2.3949,-0.9278,2.7071,-5.0118,-0.3119,5.8763,-1.7372,-1.8082,-1.9528,1.5065,6.7355,6.6935,4.3465,2.9723,-7.2906,-1.4845,-2.2941,-2.8862,7.6765,2.1589,0.7725,-2.4521,-8.08,3.6762,-0.474,-2.7182,3.3348,-7.8501,7.5277,4.4177,5.9399,8.9689,2.3761,9.7104,-8.5142,2.6057,0.8286,5.6279,5.6517,-4.1412,4.2485,8.1434,7.166,6.105,-3.8191,7.5467,-0.6029,-8.7093,-7.2896,1.6381,4.6532,5.2216,2.2772,7.5926,-7.0636,-6.8342,2.0346,-7.6888,7.1974,-7.7713,4.0028,-3.0526,7.5926,-4.5063,1.4303,9.851,-2.3964,1.3122,-1.8298,-8.7579,0.5707,2.1749,-7.0072,-7.3071,-7.2841,7.4051,-1.5664,5.221,-6.4867,4.9361,4.4533,-8.5465,5.3576,-5.5283,-2.6825,-1.9027,-6.9484,6.7617,6.8896,-7.4462,-1.4074,-7.4608,6.517,-0.3084,-5.7242,-4.1218,4.7089,-1.6899,-2.1088,-8.316,8.4112,7.3582,4.3349,-2.9497,5.4876,5.1747,-2.4315,2.3223,-2.7925,-6.6416,1.2081,-4.734,-8.0773,-5.2032,6.3957,0.7929,-7.4425,4.3828,-0.0042,-7.7663,4.0549,4.258,4.0516,-8.6341,-9.8135,-8.9912,-5.5032,5.4231,-2.3044,0.7566,6.8979,5.2341,7.8931,-4.2558,-7.8152,9.4763,-9.3664,-1.6231,-1.3722,-2.8854,-2.0067,-2.6574,2.6322,2.3589,7.1314,3.2277,2.3198,2.4084,-0.6847,1.757,5.474,6.3478,7.0961,-5.6566,0.4646,-9.8648,9.5858,-8.2617,7.0362,9.3372,-6.4881,6.5395,4.4578,0.1092,4.2743,7.4973,-1.6244,-0.9302,-3.7914,-7.3383,-8.4953,8.0644,1.3364,5.5409,1.8316,-2.8205,-5.0885,-5.7805,6.3516,-1.2404,-0.4378,-0.7039,1.1156,6.0692
-8.2896,-2.03,-7.6247,-3.4425,7.0488,0.6626,9.8105,-0.567,-0.155,-0.8796,-2.4027,-1.9412,-8.0116,-9.8644,-9.0239,6.2965,-2.2988,8.8214,-3.0592,-0.4378,-9.25,-7.8238,8.2506,0.3155,1.6971,3.6128,-8.8643,0.5599,-7.9947,8.182,6.3719,-7.347,-8.1826,-0.1744,2.7774,4.2364,0.7292,1.0779,-4.4238,2.6028,-3.5613,-0.4747,-9.298,-3.2607,-8.2635,6.8178,-3.9281,-1.2249,-3.4973,4.7396,0.8333,7.9475,-0.0953,-9.6976,-1.8806,-8.4272,3.7685,-4.0427,6.773,-9.7748,4.9771,-6.5874,2.3914,-3.0326,0.8103,-3.9208,-8.9425,3.1329,7.4993,9.445,8.2422,-7.0148,5.3817,-9.6578,1.3076,7.9108,-5.228,-6.607,1.3721,5.8286,5.9068,1.4518,-3.2528,-5.6498,-1.1569,5.7215,6.0429,0.5651,-4.1765,4.8062,4.0125,-8.9781,-7.7887,-5.423,1.3611,-0.4261,-1.292,7.6648,-1.9634,-2.2272,-2.4484,-8.0339,-9.6716,8.0167,-6.1132,1.953,-1.1432,-2.0292,-0.5548,4.8567,-8.821,5.7527,-9.274,-1.2945,-7.6235,5.5124,-1.7563,-4.8706,-2.8911,2.8626,-3.4274,1.2202,3.1979,4.1211,-8.5526,-1.2968,-3.6958,7.8895,7.2504,7.5691,-8.409,-6.643,5.389,-3.779,-1.5441,-9.4541,0.4215,8.1671,8.2154,2.3797,-1.9275,-8.6065,7.0201,8.0101,0.1011,8.3607,4.4164,8.0226,-9.4495,-6.3224,9.7185,-3.8926,-1.0228,3.6733,9.8022,6.2912,8.2258,6.2169,-8.1799,7.4528,-6.1217,-7.8782,0.2003,-0.0592,-1.8345,-7.1609,0.3123,-0.9973,-2.9378,4.8011,-6.6121,-1.0527,-6.8795,-7.5641,-0.1311,-7.4838,8.7539,9.6378,-1.1514,-3.942,-4.1695,9.2703,4.7094,4.7041,6.1972,6.6182,9.1175,-6.0968,6.0045,-6.7347,-1.087,-1.5711,8.9756,-3.3937,-1.5116,1.6049,-1.676,-1.0323,1.5736,9.5789
9.0837,-0.4698,3.0611,-7.599,1.7529,4.6926,2.7318,6.1333,-7.0424,-8.2957,-4.3664,6.1694,-3.9698,-8.0268,-3.7982,8.6471,8.4378,9.9539,5.7232,6.782,-4.6446,-5.7574,8.6761,3.0264,7.2355,-4.7589,-3.0339,-2.3046,8.5284,-4.0455,-8.1906,2.6347,8.3933,7.4583,3.7075,-4.9835,8.2978,9.3389,-2.9978,-3.443,4.0299,-8.2326,9.7572,-9.3309,8.4849,6.8857,-6.4442,-6.1636,2.5791,-9.5639,9.5279,-8.9949,-0.0354,7.6755,7.7452,7.654,6.4794,-8.0385,2.3586,-2.2546,-6.169,3.5597,-1.2011,1.5333,-2.7806,4.5528,-6.1125,4.3568,8.8959,4.7611,3.4296,7.9749,1.4065,-1.4493,0.2082,-4.4681,3.1906,4.1262,-2.0552,6.4182,4.4565,-0.2116,8.5021,-5.1786,-3.3485,7.4772,9.4311,5.3159,9.9263,3.5407,-1.7439,-8.5165,-5.6041,-4.9578,3.6167,-6.2768,-7.2421,-8.2625,-4.35,6.7063,5.7387,-5.3967,2.9863,-3.1091,-9.0524,-1.9669,9.4867,-1.4749,-2.5775,2.0574,2.1404,2.1973,4.3279,2.5802,5.8481,-9.6331,8.2067,-1.7516,-1.8882,-2.7817,5.7364,0.6976,2.3862,8.3741,0.4885,7.8102,-4.5155,5.2959,-1.8468,-6.111,-3.6476,1.3042,-1.7037,-9.2222,9.694,6.6375,-4.8858,-3.9252,-1.8898,-5.1729,-3.9839,-3.3143,-6.3809,-9.2744,-0.8472,-2.2007,9.1784,-2.0432,1.7432,-2.0569,7.9987,-3.1641,-7.0166,-7.2832,5.5539,-6.9305,9.0738,5.6423,-5.2244,7.682,-8.6534,3.3674,0.6722,-7.8819,-6.2139,8.3374,-7.1909,9.3014,0.1758,7.5659,-1.2198,-9.2484,6.4993,-2.0176,-0.5426,-5.2995,9.1265,-1.5317,8.5413,4.6076,-7.8146,-0.3914,-5.068,4.1296,-3.1269,-7.1342,-6.9796,-8.0975,3.2617,-2.9837,-1.5693,4.3224,-4.004,-1.0698,-7.6662,1.3299,-8.3891,-4.0299,4.0741,1.1371
0.4311,4.9576,6.2115,-2.6366,8.1017,0.0229,4.0684,4.073,7.3779,3.9343,5.7225,7.5755,-2.4923,0.9395,4.2108,-1.1103,-0.6587,3.7235,-6.0141,-1.526,1.1002,-8.82,-4.9025,9.3849,5.0027,1.1162,-7.9806,-0.2688,-6.9159,-6.8575,2.5625,5.7373,-9.8142,-6.9224,8.0611,3.1042,7.0261,-0.6273,-0.7241,-0.5579,-7.679,-9.7875,-8.8541,-9.206,7.3433,-3.0861,9.0836,7.2307,-0.6707,-8.3051,1.9172,-0.7076,-6.1862,2.7255,8.1315,-0.5491,7.5583,-9.4397,3.3207,4.063,-9.2841,-5.2086,-3.0531,1.7718,-0.9087,-4.6544,7.937,-4.3625,5.1538,-0.37,4.4711,-2.705,2.2309,0.5073,-2.338,2.7775,-5.6173,8.5563,-9.9749,1.2961,-1.0218,5.6747,-9.9927,-6.906,5.3363,0.2052,5.662,-6.5735,6.4862,-6.6678,-4.365,-1.8462,1.578,-4.5772,8.4821,5.8676,8.3541,5.1122,-1.028,6.181,3.3842,-6.5531,1.8703,-4.6776,8.5339,9.8769,1.5266,8.6678,9.7583,-2.4717,-2.8281,-7.6362,-6.0865,3.6952,-7.7063,2.8104,3.0564,5.1771,8.6106,6.2634,3.1531,8.762,-3.6971,-6.3745,3.397,8.6933,-6.0245,1.5662,8.8998,-1.617,-8.0415,-0.5295,-0.4911,-2.172,-9.2658,-3.0629,2.7606,9.4461,-5.2585,-8.2969,-4.9181,3.6151,-9.0553,-6.3026,-0.2943,-8.4502,7.8226,3.0188,-9.5928,8.0873,1.6126,9.6908,-0.0192,4.1647,6.8477,-8.7023,-2.4417,-8.615,9.262,1.989,3.4408,-1.6244,9.9436,-3.1519,-1.5557,-1.1711,-6.7304,5.4619,8.304,9.4723,5.8851,6.4956,0.4012,-6.169,-2.307,8.0299,0.1452,6.6323,-8.4092,2.5738,9.3443,9.5954,5.0969,-8.7775,9.9834,-8.8759,2.5695,-4.9492,-7.7208,-5.6227,-6.2354,2.529,-8.1137,3.8632,6.7627,-5.4186,-6.5759,-0.8444,-6.0703,-3.1009
9.2791,0.1814,4.5607,3.5463,7.902,-4.7682,4.9442,-6.8741,5.839,3.7047,-6.785,8.8636,1.5342,5.9369,2.5466,-4.1809,6.9599,-4.1476,-3.735,8.5331,8.1359,-9.4499,9.1633,-3.6905,8.0302,-4.7353,2.47,2.9854,5.3504,4.7412,-4.8362,-6.4781,-8.677,-3.0937,9.0379,2.5426,1.6643,-4.8534,1.8658,-5.9784,-0.7988,7.535,6.682,8.1798,5.0588,-3.4102,-6.5851,-6.0071,-1.2057,5.6279,4.4706,-8.7599,-1.5673,6.7581,-1.3041,6.4143,8.2802,-0.0594,6.3243,4.8466,5.2915,1.7116,3.3839,2.7267,-9.6027,-9.634,-3.0225,9.4978,5.8985,0.1507,-6.1204,-4.9522,-2.2134,-7.596,-1.742,8.0904,6.0735,-1.8885,-8.412,3.0237,-6.5649,6.0473,-9.9693,-3.7864,0.6925,2.2631,9.9921,3.8257,2.1139,-9.9027,6.0122,-9.8181,3.6885,-6.6984,-2.0772,-4.0441,-8.4683,7.3233,-9.2914,8.0103,9.8511,0.389,5.4568,2.8585,6.0901,-9.6488,-3.5705,-8.473,-1.4736,-4.763,5.758,-1.2908,-1.5215,8.1592,-9.4921,9.6513,5.6201,9.7446,-8.1685,-8.59,-7.2478,-8.5574,7.8035,3.7057,-5.4874,-5.4919,5.6788,-3.8025,6.0405,9.8897,-6.4969,-2.9089,1.8375,9.9471,3.4801,5.6852,-2.9683,7.3306,8.1744,0.4449,5.7994,-9.8234,5.4485,-6.237,2.8351,-2.4644,2.3696,-1.5189,-9.4222,-0.3381,2.8595,-3.8488,9.8243,6.6939,-0.7996,-4.538,4.1194,-0.2413,6.1048,1.9894,-7.3644,4.2163,5.3563,-4.106,3.7007,0.7742,1.0416,-3.4624,7.4934,2.062,3.1801,4.4159,-2.6789,4.0655,3.2587,9.2198,4.0205,-2.1838,-3.0982,1.665,-0.2395,3.793,-3.2438,-6.5822,5.1423,-8.4633,-5.2302,8.775,3.793,-6.9676,-7.7501,4.1681,2.4412,-9.1266,6.7272,0.5222,-4.0764,-3.4321,5.2607,-0.9485
-5.1193,-2.1644,2.0906,-7.3477,-3.0757,-5.0982,-0.6838,1.7771,7.9672,5.6796,-1.256,4.7163,-9.6635,-5.8196,-3.5991,6.8246,-1.8707,9.6459,-2.1981,9.324,7.0225,0.8188,-1.8834,-1.1817,-2.8779,9.861,-0.2311,-0.8409,8.3673,-8.0346,1.5428,-2.724,6.3007,1.5514,-1.44,-1.241,3.7439,-6.4033,-2.1371,-5.4921,7.242,2.192,8.3233,2.6968,6.1658,0.156,9.8732,-8.9775,-2.8627,-6.6014,-1.8639,-8.2536,9.9772,-4.2062,4.892,8.0298,3.1205,9.9299,2.6869,-0.1845,-8.6463,7.3427,-2.8831,7.7103,-7.1838,0.9306,-1.8334,0.5689,-7.1832,9.4075,-6.9872,5.8312,-3.3129,0.1279,1.217,2.1689,-1.4369,1.5181,5.3931,9.7653,-9.989,7.1753,8.1742,7.6325,-9.1706,-7.6894,3.4366,-9.7021,-1.319,2.1157,-1.718,1.5981,-4.5903,1.255,-4.4317,-1.4393,5.0511,-6.053,3.4043,1.1885,2.4554,-7.9374,-6.9395,-7.5962,-5.403,5.063,-2.0682,-1.3461,-9.7688,9.9387,3.23,8.9315,-8.536,-8.2812,-6.2123,2.5107,-8.1481,1.918,9.0112,5.2442,-6.4915,3.9037,2.6201,-9.9008,0.5752,-8.6594,-7.6221,-7.1338,-7.677,-0.1532,2.3945,3.5147,-4.0414,-6.2805,6.8672,3.2913,-0.4535,-7.5287,9.032,-4.8963,-3.9975,-3.2914,-3.1308,4.4133,-5.5616,7.7337,2.8405,3.7673,1.1766,5.4899,-0.8415,-0.3458,1.5168,-7.9679,-9.5895,-2.1991,-0.231,1.6509,-1.3587,-1.8727,7.0182,-9.9179,-3.1895,-1.2896,9.2166,-6.8791,-5.1034,-1.9768,3.5098,-4.2904,8.4814,-0.4649,-6.3017,7.9758,2.7849,6.6463,7.1777,7.7723,7.4621,-9.0381,-7.274,-7.8746,-8.5106,5.0806,-0.2431,3.1175,0.4669,1.2484,6.2836,-9.0783,-4.8429,9.366,7.2501,5.0526,-9.7701,-4.0313,-0.6708,8.6309,-6.8373,4.2848
-9.3481,-1.2966,4.5572,-4.2718,8.0361,2.1042,-8.1408,8.2306,-0.616,-3.2073,-4.9752,9.8996,2.4772,-9.7273,-2.6779,4.2712,0.7125,6.2843,-9.8262,5.8234,9.1389,9.1553,-1.3774,-4.8439,6.9189,3.3218,7.2347,8.0711,9.0992,4.3993,8.0138,-2.3637,-3.4001,-5.8435,-0.453,6.4746,-8.4172,0.7265,6.3875,7.382,9.5094,5.7477,6.1222,8.2869,7.5994,-5.2247,-5.0992,-1.7082,-6.7827,-8.7298,8.9868,0.5103,-9.3277,-4.0879,-3.3317,-2.8305,2.6843,0.6836,2.0926,7.6675,3.733,8.778,-8.8043,8.7151,-7.1515,0.0565,4.4337,-2.8323,-0.0776,1.5763,0.9909,6.2108,-5.9019,3.1972,5.8436,7.6245,7.9675,5.7747,1.6964,2.9813,5.5691,-9.4611,3.3688,-9.8374,5.8051,-3.5258,-1.6042,2.8941,8.3839,-3.5756,-8.9709,5.9085,4.4923,-1.4216,6.3912,-1.1495,6.031,-1.7308,8.4268,4.237,-4.7856,8.7771,0.7759,2.4187,-5.3361,-8.6025,3.8156,7.2302,-3.9326,2.2541,-2.8303,6.4486,6.6314,3.8727,-6.2485,1.8722,-4.1924,-3.5291,5.2589,7.3989,-0.8703,-3.4055,5.8303,2.6267,1.8704,9.2125,9.0319,1.9246,-3.6497,3.8819,2.3369,3.3082,-5.1241,-4.252,-8.823,3.3663,8.3678,1.6559,-1.0775,-3.1019,6.1419,1.1127,-5.8575,7.5996,-6.6637,4.1514,-8.2912,8.6879,-6.7151,1.7143,4.0754,-3.1266,-8.1374,-1.6885,-1.9076,9.3685,0.3062,0.0838,6.5234,3.516,3.3324,-3.1647,-8.0005,3.2311,2.0228,-6.3341,1.6406,-7.6248,-8.8301,5.9546,7.0601,-7.1653,-3.4234,2.3911,2.0407,-5.0519,-4.2011,3.7185,1.6973,0.7557,-7.2012,3.5454,6.3703,5.437,0.9184,4.1997,5.2348,-9.5191,-3.5623,3.4947,-6.6075,-3.0509,-0.4,5.9608,0.4865,2.6034,8.6312,-3.6456,1.9727,-7.7496
-9.1335,-1.9849,-9.2383,-7.2571,-7.7114,-3.423,-4.0999,0.2106,8.1173,3.209,9.5643,2.4465,7.8793,8.4681,7.2128,-3.2622,7.8712,3.6701,0.1176,5.9245,3.059,-6.3632,-2.9784,-4.2963,0.1063,-2.82,-1.4379,-4.7056,6.258,-0.8561,7.593,-7.8116,7.5518,-7.1793,1.0622,-1.5008,-8.5186,0.2417,9.1688,6.0248,4.8256,-8.4612,-1.0609,-3.1449,4.2523,2.5593,2.6135,9.5108,7.0685,-7.0649,1.6603,-5.8036,-5.9667,-0.9516,-6.9651,-8.1705,9.7482,-2.6769,9.294,6.2006,-5.4218,-3.2372,-7.5292,-6.7043,-2.4577,4.9288,-0.9672,-1.7533,-9.7093,-5.5948,-1.2401,3.4231,1.7115,-6.7208,6.062,5.2145,-0.1339,-5.1102,2.3952,4.4535,6.9428,1.4927,0.7233,5.9774,-4.4144,1.2294,-9.6412,9.5564,6.4644,4.9274,-3.803,-4.3953,8.05,4.3849,-8.7873,3.5002,-3.8716,8.8291,9.4754,-9.5377,-3.122,-4.3929,4.4905,-1.8068,7.4163,-9.2244,1.9126,-7.9766,-3.4241,-1.2706,-4.9745,-8.7065,0.5866,7.0406,3.3887,-0.9208,8.5136,-7.564,1.6649,-5.7801,-3.6572,-5.6722,5.2942,-9.4177,-5.1454,-8.3923,9.0992,4.8926,6.4773,-4.9721,-5.4563,2.648,7.3689,2.3076,2.8843,-0.6955,-3.6216,4.6774,-1.0973,-4.1013,-3.1715,7.5988,2.1127,8.484,6.5911,4.8833,9.3298,3.3109,5.3851,-6.4384,6.511,-4.9211,-9.7742,6.1833,-2.971,-7.9929,3.1711,5.0258,7.6621,3.0157,2.8737,6.853,-8.0311,-4.0141,2.6565,-3.5378,6.0971,1.7876,-3.4099,7.922,4.0717,-0.1588,-3.1208,-4.7463,-1.9016,6.6593,-1.0052,6.0712,-8.6268,-8.5462,-6.4082,3.1622,-2.0131,3.8025,8.7879,-9.3373,6.9749,-0.9563,-2.7425,6.0383,-0.9464,0.3118,7.5816,-5.1781,9.2532,-6.556,7.2131,-5.6295,-4.0613,-1.6912
9.4435,-5.9875,-2.9662,4.7718,5.7483,1.2679,5.5882,-1.6597,4.8273,5.7016,4.6133,2.331,-5.3494,-1.0809,-2.2594,6.2528,-5.9059,3.8149,-2.4356,0.2339,2.9127,-8.866,9.2131,9.2794,-9.8954,-1.6982,5.0464,7.3305,6.7493,-5.4938,-8.3941,-6.1633,-1.7944,7.0756,-6.0959,-6.4999,-7.1233,4.8525,-5.69,1.3259,-0.8464,3.3641,8.3403,6.7135,-1.1934,-2.0989,1.2978,3.6428,4.7222,-7.795,7.0378,-4.1321,-4.1853,9.3286,-5.1214,-3.0922,-8.9557,7.4894,-4.0947,-1.6079,-8.4438,5.9839,0.0193,9.2359,-5.7965,-7.9891,7.4006,-9.4948,-1.9698,3.8969,7.305,1.7312,9.7611,4.2295,-7.4405,-2.3076,-5.7447,2.7159,-2.1428,-6.6874,0.0563,-3.0852,-7.9789,-7.6478,4.6361,0.3084,4.3385,-5.9869,-4.1132,-2.8596,6.8,-7.4116,-0.9919,0.1753,-7.4178,-3.8758,-3.1364,3.2272,0.1296,-1.4809,-1.0969,7.8474,4.4789,-4.223,1.8584,-0.5009,5.5348,-1.4389,2.9142,-4.8824,-1.7294,-4.0591,0.1693,5.4104,-3.9972,3.1127,-6.8346,1.9727,-1.8563,5.901,0.305,8.9017,2.9634,-1.8381,-3.3444,-6.1356,3.5717,-5.0556,6.6123,9.3853,-3.606,5.603,-2.4346,-3.7614,-2.204,9.0482,-1.7696,1.6294,-0.7288,2.709,4.4916,9.7318,-4.6727,-0.6758,0.9677,-0.6219,-8.5745,1.9354,-4.0348,0.3375,-4.1703,-4.7503,9.9063,-8.66,4.4061,1.8174,-0.5368,-3.6468,-4.9506,0.3265,-0.975,-0.3194,1.1394,-4.0141,6.0281,-4.3225,-1.1561,-8.2673,6.0043,-9.3689,-9.1083,-2.5637,2.6237,3.4742,-5.8922,1.7848,-5.4112,-6.8358,-1.6912,-7.5967,-2.6058,-6.7993,-0.6253,-7.8763,-2.8187,5.2222,-3.5102,9.1017,4.3185,5.7171,-1.2993,2.2312,-3.5934,-3.2252,-3.2274,-8.2746,-7.319,-7.7416,7.8726,5.7023
2.1577,-5.3247,4.8348,-3.0642,0.1497,5.3889,-9.3365,8.0171,3.6134,1.1651,-8.4662,-4.6713,8.035,0.1747,-9.3852,-9.6704,2.975,7.0117,4.2158,-9.9894,6.4381,-8.087,2.0073,-3.1798,6.6745,-5.609,9.1545,-7.5612,8.0537,6.6092,-6.5932,-6.2514,-7.5944,3.4472,7.281,-7.1703,3.1092,-1.193,2.0418,8.2163,-4.3949,0.8038,2.4866,-5.307,-8.6322,0.1734,-0.9965,-0.9429,-6.1173,-9.4148,-5.6565,-9.2544,-9.2908,5.2016,5.3234,-9.078,-2.3085,-8.3985,-1.8032,-7.1398,-9.6877,3.2272,0.3146,-3.4611,8.6973,-7.5345,9.2782,-8.9645,4.1109,-3.1052,-7.9538,-0.0222,-4.9969,3.5254,-6.4096,8.7401,-2.4619,-4.1621,-5.9999,0.905,5.7679,-0.3066,6.32,-9.3301,-5.1985,-7.3251,3.4826,-4.6676,3.073,6.0197,-2.6984,-2.8601,0.3759,4.9195,5.2247,7.2592,8.2525,5.3255,-4.8052,-3.0266,9.5052,-0.4486,8.6681,-8.9232,-4.6033,0.0398,4.5183,2.1633,8.7182,3.1972,-4.4506,2.2415,-0.0703,7.6136,0.087,-9.7832,-6.1751,-8.9795,5.7082,7.3642,-7.8037,-7.0369,2.0254,-0.2395,5.4016,6.8366,-1.1992,3.5765,6.4854,3.754,4.9651,0.3541,4.0495,8.0204,-1.0648,-2.7986,5.342,-2.4241,8.9246,-4.9224,-4.4178,0.3924,2.2228,7.7206,-1.3137,-7.9104,6.9302,-7.866,2.7033,8.8056,0.9263,6.9196,-7.6124,5.6014,-0.0058,-1.4861,2.6769,9.2082,-8.8672,-2.3564,8.9625,-3.7472,-8.1861,3.7038,-3.1531,4.9633,-4.5927,-0.712,5.7906,-6.1256,0.9041,-1.6198,-3.5336,3.4591,7.7403,7.7978,7.8705,-8.9747,-5.5984,-5.8818,-7.3619,-2.2391,2.0846,2.6041,4.6138,9.0867,6.8947,-7.2827,-2.2182,-7.8927,0.7889,-4.7236,-5.4489,-4.2422,-9.5359,-3.6565,8.4785,-5.4637,5.6028,-9.8013
-6.9046,-0.4065,6.0763,5.8104,-3.345,8.7794,-0.6672,5.2429,5.1622,0.2406,8.1714,3.3544,-8.3197,-6.6464,2.5218,3.8273,-2.4243,4.9565,-5.1447,7.6624,-8.2819,-2.9985,-2.762,5.7711,9.7547,9.1567,-4.1082,-3.5393,2.7893,7.8965,0.3747,-4.2655,9.9456,7.259,5.2891,-6.3583,-7.9387,8.3357,1.9342,-1.2251,-3.7421,-2.0098,-7.0185,8.5507,9.7229,8.0198,-9.7386,8.9139,8.9693,9.7547,-0.5834,-8.8616,-6.9774,-4.6438,0.2727,-6.3811,-7.1637,7.6092,8.1864,5.092,-3.8124,-5.1417,6.7533,7.777,5.6621,-5.8488,-5.965,-7.6406,-5.7925,6.8446,-9.9686,8.6298,1.3957,1.7207,8.7697,7.3608,4.9908,-3.364,0.2115,-4.4477,8.2469,9.1104,6.7775,-7.8544,0.7323,-8.4794,2.2523,-2.1506,-3.2065,-8.1741,9.4422,5.0078,4.7263,0.3741,-0.0383,9.5553,4.1097,5.6951,-1.0753,-5.9426,4.4795,-8.3682,-1.6575,-9.4906,-0.7775,-6.981,0.2138,2.283,-2.6614,2.7082,9.8851,0.059,-6.3093,9.1489,-3.15,6.0643,2.4703,-9.347,-4.5107,5.2513,6.7539,-6.3434,2.2904,1.2502,3.4476,8.493,-6.0024,6.6905,5.9942,2.8327,-8.2922,3.9107,2.8048,-6.4342,2.1366,-9.3614,-2.2279,0.2224,-3.3542,-9.0816,6.5187,-9.7029,6.2357,-1.4052,4.9189,-5.7354,5.7915,9.9419,-3.1323,-5.6833,-6.5852,-3.3191,-5.2308,-0.4566,3.1013,7.3596,-3.2587,3.6413,-2.1173,6.3854,-2.4296,0.39,-2.2916,-7.3761,0.9852,5.95,3.9747,7.7395,-0.9358,5.1025,7.3067,-0.0388,-9.2512,5.5452,6.8942,-9.6165,-0.1955,8.1572,0.8675,-7.7762,4.3801,0.9033,-1.1622,-5.7964,-8.2311,3.5418,6.0178,9.9924,-8.6968,-3.8353,7.9096,-4.1669,8.549,-9.4127,-7.8684,-7.9217,5.3103,4.5111,-1.8413,0.7574
4.3827,-7.7379,9.9435,8.9627,-7.7549,-0.1188,-4.4163,7.1252,-5.022,3.4721,-9.175,-4.5013,1.8501,-7.113,9.0472,-0.4433,8.5209,1.8558,-9.7589,0.0378,-3.7384,-9.2388,8.503,-7.8563,9.4654,5.8922,-0.1626,1.2199,0.8358,4.0962,-8.8561,-0.3673,-3.4705,1.3544,4.4067,5.1411,5.6109,1.0657,-9.9704,7.92,3.6272,9.1337,7.6891,-2.8503,9.9698,-3.6507,0.0693,4.5884,-6.9124,-3.4283,2.6174,6.961,5.6893,7.6058,6.1232,0.086,-2.2748,-2.778,0.854,9.9963,8.7561,-7.3474,5.6962,-1.9043,8.4607,4.235,-4.1897,5.7246,-4.6821,-4.0482,-3.4761,-7.2687,3.3534,5.4706,6.9307,-8.5717,3.1592,-3.2132,-3.0557,-9.3078,1.6062,-1.074,5.3333,6.6358,-2.1209,6.1183,8.8784,6.8134,-5.9425,-9.1642,6.3349,0.0986,3.403,7.1782,-1.8295,9.216,-8.6268,-7.6965,8.6416,1.4978,-0.2063,-0.874,-3.3811,9.4893,4.9377,1.1724,-8.1715,-3.6756,4.0452,9.6535,-7.9559,3.5768,7.2053,0.8119,6.6624,5.2268,0.5021,-1.7325,-4.0747,-9.1394,8.6297,-0.755,-8.8964,0.0185,-0.8488,4.3208,-1.7523,3.1423,6.2592,4.8664,-9.185,9.8692,-4.3757,3.3529,-8.724,-3.623,-9.2097,-2.1719,-6.3796,8.7204,5.233,-9.7722,-1.8863,-9.3516,2.2806,4.1845,-6.7437,1.1572,-1.0059,5.8305,-1.9473,3.1997,-2.2432,-4.4251,9.6098,3.9903,6.5572,-1.4909,-0.7664,-6.297,9.7289,2.884,0.2753,1.4611,2.7633,-0.3938,-4.4873,-3.0889,2.2563,3.7991,4.0793,-9.5116,-2.741,2.7106,4.5629,6.2419,-5.5252,6.2899,3.5868,-6.9305,-9.3929,5.448,-4.2729,-2.1958,-8.3953,2.3695,-1.2777,6.6923,-5.5275,-0.1709,-9.2419,0.7235,6.0908,-9.3178,6.0127,-8.7528,-5.6185,9.965,-8.9872,-6.6086
4.7134,-2.1981,-3.6146,-2.5015,7.5872,-6.233,1.0772,3.0579,2.252,3.3755,-0.5904,-3.235,6.1734,4.4715,-2.6474,5.6634,9.0076,-8.5929,-0.1394,-5.0117,-3.1804,-6.4317,-3.644,-8.2206,2.0811,5.3131,-1.968,9.3796,-3.6093,1.7318,-2.4651,-0.2467,5.2957,5.9386,-5.7252,2.6063,1.2159,-7.6795,-9.6385,2.3601,4.4432,9.8809,-5.1282,8.6972,1.3834,1.0084,0.7953,-2.9457,-7.5612,1.7797,1.1503,4.1483,5.7808,5.6414,-1.6792,2.1388,1.3473,8.5777,7.902,-5.5025,4.4296,-5.0779,-7.5957,-1.1336,-0.125,4.055,6.5739,-5.4386,-8.3795,-4.1997,-5.9661,9.7743,4.6515,1.7128,4.6974,-5.5538,6.8088,6.7595,-8.0166,-8.7665,-9.8254,1.157,3.3901,8.8584,-2.1115,8.9663,5.4902,-6.387,7.3984,-5.9062,4.8232,-7.0219,5.9401,-7.7272,-7.8091,-2.8475,-5.5405,-5.2299,0.9097,-9.2653,3.1022,-4.9681,-8.7206,8.747,-0.2811,-1.26,8.241,-3.7724,-0.2486,-1.7254,-1.6711,-2.9943,-7.1019,3.8197,9.2618,5.0356,-4.7543,7.2167,-5.3925,-0.7712,7.0953,-2.7502,-5.6904,-0.7493,7.7253,-8.5011,8.7307,7.9884,-6.5516,2.5519,-0.0945,6.8948,-3.4775,-3.8409,7.6501,2.0053,-6.169,-1.6944,-0.5704,9.1592,2.5888,2.613,-0.9298,-7.577,-5.9963,-2.3711,-1.3226,7.369,-9.1058,6.8407,-3.7176,-2.9145,-7.9736,-9.9002,5.2557,5.3668,-8.1796,4.1115,9.0561,5.5128,-2.6942,-5.2914,0.2912,2.7193,-1.9929,-5.9256,-8.9292,8.8458,7.2318,4.2062,-8.0249,-4.0803,6.7847,-7.5812,4.5757,7.1007,-2.8971,0.4059,-1.363,9.7326,2.9615,2.7304,-2.1315,-3.8405,-7.2388,-9.3358,-7.7078,-7.8879,-6.5752,-2.3071,-1.6487,-5.673,1.2117,1.0466,5.2465,8.0281,4.0837,5.5602,-8.0075,-5.0741
-4.7857,-3.055,-0.217,0.3848,0.8162,-3.1174,-4.3783,-0.7512,3.0515,-6.4148,9.2318,-6.2147,-4.534,-3.6601,9.7325,0.9983,-5.2369,-8.0798,-4.8105,1.7983,-3.8532,9.7232,-2.7034,5.4181,-3.9016,0.8604,3.5747,1.0977,1.9913,-4.7877,-3.3371,4.2136,7.0861,-5.9153,8.3828,4.153,-8.3403,9.1449,0.257,-4.0206,7.2951,9.8538,8.209,-4.9541,6.5621,-3.2747,-2.4522,-8.0948,-6.7754,7.1536,4.5581,2.4766,-7.7078,-3.2164,8.5997,9.6523,-7.6905,-1.5023,-7.9179,7.6638,7.6247,-1.4766,-9.4123,-5.2015,-5.1559,3.8609,-9.4162,8.8068,5.5172,4.441,-7.5783,3.2813,9.5524,3.5214,-5.2368,7.5635,-5.7962,-4.6284,6.383,0.1728,0.248,7.7489,3.3539,6.0037,-2.8144,0.2982,-5.4602,-4.8404,2.112,0.9851,-0.6312,0.2882,6.232,-9.4726,4.6823,-7.1015,-8.9658,-5.961,0.5972,1.6173,-6.9593,5.2287,-3.7981,7.5149,-8.157,-5.9068,-7.8271,7.2739,6.9732,0.4789,0.0762,-9.3463,8.3189,-5.3885,9.9362,-8.8717,1.4949,3.9423,-9.4305,-1.8376,-1.0178,-2.5507,0.3743,5.3687,9.3679,3.5933,-4.7174,-3.8258,2.7754,3.6695,-7.6687,1.6038,4.0396,6.2765,7.9649,5.3787,4.4619,2.8436,-0.1604,-7.7592,0.6379,2.7916,-6.0754,-0.8392,1.6696,8.6025,3.2463,9.9585,-0.2011,-5.649,-9.1931,0.5948,-7.0047,7.326,7.2828,4.1434,0.8232,-6.6505,-2.9868,4.5341,0.5663,1.683,-4.0836,6.1722,5.6167,-0.5478,-9.9191,-5.0512,6.9569,-6.0504,9.9284,9.4988,2.3725,-3.0835,-4.3066,-1.404,-4.1882,4.6669,2.5689,-9.8158,2.8237,-4.9226,-1.5753,-8.7643,5.4371,-4.0724,-8.5608,-5.3387,-4.4524,-3.9416,9.8584,-3.7554,1.0322,3.9456,-5.2464,-7.4044,0.6375,-6.8647,9.5993,7.7798
4.0508,5.2893,-2.1956,-4.1901,2.2349,3.9505,-3.306,-2.0727,-3.128,4.2879,3.3332,-4.3728,-9.4303,8.5306,-2.7086,-6.8259,5.3256,7.5674,1.3936,6.0584,-5.0062,-1.9507,4.7688,-5.3399,-7.5994,0.8375,-7.7706,-4.6585,8.0246,5.6547,-7.5958,-6.1169,-8.2855,8.3624,-3.8842,0.3094,7.5699,9.5086,-4.9198,-5.8398,-2.7375,-3.1783,8.9858,8.4303,-3.2966,-1.9346,-2.0777,-6.6921,6.8775,-6.0062,9.0451,6.5123,1.878,-2.3623,5.4238,-9.6939,3.5636,-0.7859,-9.8661,-3.6389,1.7878,-8.5135,7.6375,-3.3916,9.2377,-9.812,-7.4768,9.688,-7.546,-8.6063,-0.8268,9.1894,5.0309,-4.1399,-4.0983,-0.0892,5.1557,-4.5463,-2.4865,1.8937,3.1819,-4.1582,2.9379,-6.1035,-3.5286,6.015,-4.3257,-0.389,-3.4507,-5.029,-6.157,-0.3636,6.7889,-2.4276,1.3325,2.4002,2.4266,-1.8594,-0.6163,-3.0745,-5.1223,7.5909,6.8269,6.3269,7.7098,9.1139,-7.8669,5.4342,-8.1199,-5.9467,1.2463,3.3251,1.6422,5.3022,8.1089,8.5632,7.6526,-1.7011,2.24,-9.638,-9.1585,-8.1586,6.0811,8.1701,-7.9449,-5.1141,5.7922,-6.5259,4.36,-6.377,2.0035,-3.1823,-2.8016,-0.0001,1.5979,1.4002,-2.2182,0.7226,-0.2847,9.93,2.2103,7.3165,-4.4297,0.0079,-9.3516,1.1396,-0.0999,3.1576,6.206,-5.7008,-7.5901,6.6514,6.7316,6.1524,-0.127,0.3922,1.3835,4.4035,-2.0682,-6.3688,2.5243,3.2838,-8.9051,2.3267,5.1803,7.048,2.7013,6.8745,8.5189,2.7562,-7.1324,-0.9426,0.0163,-3.0922,-7.7323,1.7998,-9.1583,9.5323,-7.8172,4.3803,7.6869,2.5312,0.0286,1.3806,6.6409,-5.7994,-2.1055,5.8004,-6.3477,8.9966,4.7322,6.9475,-1.9671,-6.6593,-1.1037,-1.778,4.7206,-2.3647,-3.8932,-9.605
0.9621,5.5635,6.4672,6.7058,7.45,7.7087,-6.1951,-7.5564,-7.3888,-7.0517,-6.965,2.9098,7.2476,-9.4005,-2.3779,8.2483,-9.4493,4.4541,5.098,-7.9789,8.2147,4.8438,-3.4095,-4.5492,-7.3723,0.5545,6.9417,3.8229,1.774,-7.8554,8.7221,6.8763,8.1915,-0.2289,2.9971,-2.7349,3.6614,-7.093,-5.9238,3.793,3.9622,6.2474,-2.8739,-1.461,-6.6981,8.5003,-1.1516,-5.9429,8.9514,-8.8457,9.7985,-9.6252,9.2811,-0.8869,-1.2065,1.0159,-0.7475,2.3182,-0.5609,-1.9763,-1.52,-6.8589,5.4041,9.6717,1.9693,-2.2322,6.3951,-0.15,-4.1387,-6.8138,-4.3585,4.5669,-2.8495,0.1054,-5.9385,-3.3819,6.2941,5.3091,5.862,-0.1463,-8.3157,-4.7459,5.9301,3.812,-3.1539,5.7607,-0.6049,-9.4092,1.5741,0.717,7.0255,-6.7194,9.1955,9.4055,-6.7186,-0.0206,-4.1037,-4.7865,-0.5256,9.6134,-2.7825,-2.3536,-2.1553,1.673,6.8168,0.1166,6.9468,-2.549,-5.0813,-9.1987,7.9577,8.3943,7.6548,1.0419,6.1008,3.5713,-4.9536,5.053,-2.1989,-4.4899,1.8107,2.0811,3.3337,0.069,7.2793,4.7124,-6.2393,4.0597,3.8101,-8.6189,-8.2236,4.9138,-9.7237,2.9412,7.1783,-2.8138,-9.6676,1.5368,2.2208,-3.0084,-5.6526,6.9842,8.2451,6.7616,6.1474,-1.06,-3.9828,-6.5887,-6.5324,-7.3167,7.3933,3.8004,-7.471,-4.7614,6.1931,-4.8085,-5.5197,-0.0484,6.2517,8.8137,-9.0156,8.5954,0.6004,4.3814,-5.2933,3.7165,9.4633,-5.7963,2.4457,0.0216,-9.7646,9.4959,0.6542,-6.3008,-5.2174,6.3224,5.4771,8.2523,3.3791,1.0579,-3.3228,-7.1418,4.6711,7.233,4.4114,-6.6056,9.2567,-4.405,1.6968,-9.2615,-9.7725,-3.315,0.0702,8.2251,-7.1975,3.0759,-7.7678,5.8034,5.0752,-0.2216
6.4311,-7.0681,-7.9941,-0.0214,-8.0212,-4.5058,-4.354,2.4108,7.1253,3.0516,3.4788,-4.0824,-5.6375,-2.3551,6.9699,-8.9225,-6.0762,-9.5399,-0.6061,8.393,-8.5537,5.2008,4.1104,-0.5071,-2.7491,-7.4143,6.0424,-8.2418,-7.4961,-9.8048,5.5892,0.0539,-6.9265,6.1848,-3.3226,9.8342,-9.0425,-0.3116,7.5187,9.6176,5.2534,-7.3474,-5.1797,0.6871,-2.8883,3.021,-5.3766,1.6827,4.3155,0.5325,-6.706,-7.689,6.2707,1.5492,-8.1257,2.6541,8.9512,-6.6738,-3.7642,3.3307,-5.4624,7.4622,4.1919,-0.848,2.4584,6.0479,2.0417,0.0247,-4.2173,0.9055,8.6134,2.0092,-6.8343,8.5223,3.7266,8.6938,-4.8631,1.0989,5.0401,-4.7076,-3.7251,-5.5394,-4.065,-5.9067,-5.4638,-5.4013,2.0817,-3.8214,-1.0499,2.8335,-9.0896,-8.495,8.9044,2.5064,7.6954,6.241,-9.6991,0.8803,-6.1974,9.5824,0.6712,9.5296,-0.1993,-8.0754,-6.6861,6.3536,-7.6362,9.0795,9.6321,-6.6537,-6.9922,-8.1725,4.1612,6.6453,-7.6679,-0.6444,7.3271,-0.9831,-7.2598,-2.9408,2.4366,-7.157,-0.4559,-3.2138,2.1783,0.4338,0.1778,-0.9092,-2.2317,6.8388,3.1819,-7.5078,-9.9872,5.4015,4.4144,8.4454,9.4103,-7.2791,-6.0847,8.7988,1.3831,-5.7551,7.5875,-0.1608,-1.7314,3.3066,-5.6842,2.3832,-5.237,-6.3589,-6.2576,-6.8345,4.1364,-2.4625,7.07,8.0358,5.4418,2.1758,-7.5125,2.516,0.8743,0.3408,-1.086,0.5645,3.9001,1.8282,0.7044,-2.4351,4.3447,-4.0168,-4.0391,8.0154,8.0383,5.719,1.3482,4.3464,-9.23,-2.2355,-6.4014,9.2537,2.3511,-4.9798,-4.2893,3.4989,0.5291,-3.6351,9.6526,-0.0926,5.0391,-0.8276,-2.1028,6.3976,-6.3463,3.0961,1.573,1.2795,-5.5429,-6.5795,9.3065,4.7289
-9.7096,-3.3944,7.2092,4.9651,-9.2439,-2.7284,-8.5314,-4.8029,-4.7999,-6.5806,-3.2391,7.3933,0.8221,9.1185,2.4758,-2.4731,-7.4407,9.889,-7.8544,-8.4322,4.524,3.5776,2.7132,-9.6478,-5.1734,-8.1335,2.4475,0.5203,2.5513,6.3259,3.7203,-3.3433,3.4563,-5.307,0.5701,3.8605,2.8945,1.9147,-8.895,-6.1489,3.4535,0.0166,7.0936,-0.3246,-5.9699,-7.4164,-2.7908,3.3427,2.9347,1.541,-2.7915,-4.5908,-9.8228,1.0115,-2.3322,-1.8486,2.0171,-6.066,1.3062,-4.5419,-0.3896,-6.9589,3.3705,2.0211,-9.6313,-9.3299,-0.7732,5.4104,8.8054,-6.3103,-4.5499,-7.6762,-9.0994,-6.9149,-7.2082,1.8228,5.1231,9.473,7.9849,6.5698,7.0919,6.6318,1.6543,9.4966,6.4338,-1.2975,0.0508,-5.0913,-2.8011,0.2656,-8.9503,-8.6865,3.6675,4.6803,-6.1311,0.0543,9.5957,-8.4706,9.7703,1.3161,-8.8165,1.1385,-6.4044,1.4471,-4.6194,-0.4575,-5.7808,1.6394,-6.9595,-6.8811,0.1369,-3.3042,3.7639,-9.2649,7.4777,3.2387,9.0489,-9.1659,-9.5207,9.2036,1.9801,5.437,-8.8774,6.5775,8.452,-1.8108,-5.7712,-9.2197,6.6148,-4.7686,-1.6109,-8.3186,7.033,6.7047,2.1594,7.4838,9.6386,8.7814,8.8948,-7.6781,-1.3118,-0.7708,3.4228,-0.5084,2.7768,-8.2694,0.3296,-7.4306,3.5749,-3.9821,-2.5822,7.2169,-4.2143,3.5437,7.0728,6.7207,7.4736,-3.3779,-7.6648,7.5895,-4.1986,6.6592,-9.4976,-3.2065,6.6488,7.6916,5.8523,4.4556,4.0275,2.8054,4.5191,3.2731,-1.0719,-2.1125,0.7418,-2.4614,-8.5324,0.7273,4.872,5.588,8.0344,-8.0802,9.7314,1.9401,6.4334,1.5026,-9.153,-6.5994,7.2447,-9.5778,-8.7318,2.3129,0.0956,2.3562,-9.1405,-7.2872,-9.8166,-9.0371,-3.1853,8.9078
2.9466,-3.9403,8.8829,-2.8293,-8.2462,-3.8691,9.9172,5.2502,-9.017,1.3908,-2.9197,6.1071,-1.4583,8.9513,9.1849,-1.1859,-3.5967,-5.5741,2.8479,-5.2498,-3.1215,6.7167,9.259,-1.2343,6.1239,-0.7807,-1.9305,6.4631,-0.9113,-5.171,6.2617,-0.8302,-5.9712,1.8973,6.0336,-7.1205,0.9672,-5.3483,7.5444,8.9864,-6.0861,-3.738,0.2711,0.886,-9.0783,0.8844,-3.1886,0.3374,1.8302,9.1916,2.6877,-5.4115,-8.5034,-8.5639,-3.671,-2.3564,9.2171,4.7351,2.3494,-7.255,5.9807,9.057,-6.9424,1.7105,-5.7429,9.8264,-0.8374,3.9521,2.3651,6.2553,-4.3483,-1.1886,4.0638,-3.7797,-9.4767,-9.3988,0.7948,-1.9644,-3.9062,-9.4961,3.9549,1.4825,1.7615,-4.1912,-8.0738,-7.7927,-5.5586,0.3836,-6.2361,1.3645,6.804,1.9554,9.0798,-0.2326,-1.4235,8.6396,7.8588,4.9089,7.1888,-6.8262,-6.0073,6.21,6.4779,-0.8168,8.8148,0.0758,-8.4624,-8.0621,5.4664,-6.3315,6.8869,6.3696,6.8909,-8.7609,8.7954,3.6468,3.533,2.3999,9.9092,-4.781,4.0087,-2.1543,9.4989,-1.9292,-8.4118,-0.3161,5.3953,-5.8965,8.1727,-8.3382,3.8563,-0.0492,-7.4713,-4.8754,3.4663,-8.5144,-8.4757,3.7718,-2.0354,-0.9169,-3.4043,1.3006,-1.3929,1.0418,-0.8483,-0.5238,2.2624,-0.5709,-6.257,2.5628,8.8481,-0.4388,2.8736,9.3546,-3.6054,-7.9006,-5.2085,-3.8788,-1.1559,-0.7972,1.8047,5.582,3.8082,-0.2256,3.2147,3.3626,4.1234,-8.2061,4.2954,1.8155,7.1117,4.7702,-5.4267,-2.0504,8.3821,1.0295,-1.2683,-9.0805,3.4515,9.6438,-6.5343,1.2535,3.22,-3.7305,0.1535,-8.6598,-9.4034,3.1701,-0.3545,-5.5735,6.5338,5.6127,6.5149,7.6141,-6.1303,-7.233,2.7393,3.9971,-8.8698,-2.2638
1.4241,-2.1812,2.5906,3.9607,-2.9347,-8.914,-2.117,-9.9446,-3.0043,-8.7152,5.7387,6.5931,4.6548,0.4352,-4.4754,2.8104,1.1028,-3.3461,-1.5881,-0.005,7.9855,-7.3332,3.4927,5.3442,5.1667,8.6613,7.6449,-6.7205,-8.2921,-8.8195,1.9701,2.7557,-4.5085,-1.0202,-8.7753,1.43,-4.4123,6.1009,-2.3834,-8.3093,2.5521,-5.5996,9.0976,8.3822,-0.1042,8.0139,8.5899,3.4503,-2.2312,5.5893,-6.0243,3.9274,6.3251,1.9267,2.4293,4.6947,8.2508,1.6216,2.2282,-7.0223,-5.0288,5.5268,-3.9833,-9.841,7.4524,-0.7776,5.8125,7.467,-3.9074,-0.8321,8.8161,-1.8982,-5.3984,-8.8016,-1.374,5.8232,-1.6247,-2.7583,3.5837,-0.8758,8.1748,0.7459,-3.5302,6.4973,7.9803,-3.7386,-0.6693,0.6632,-5.8378,2.2167,0.7048,-5.085,8.2931,4.24,0.1627,-9.6356,3.1466,-7.8538,-4.0396,6.6664,4.3447,2.5411,2.9729,7.9022,-5.5693,-3.1847,-6.851,3.9709,-2.5694,4.4538,-8.767,2.6449,9.6432,-4.5421,-9.9697,-6.6813,-7.2972,5.0029,5.4263,-5.0529,4.8976,3.2828,3.2383,-9.4302,-2.38,-3.2639,3.5819,-6.374,-4.8669,2.396,-8.107,0.6754,7.3668,-9.9458,-9.8642,5.2071,-9.2821,-3.2353,0.7723,1.0104,-5.8519,-7.1631,-5.1792,-9.6415,1.5702,-5.8584,9.0022,-1.8017,6.3561,4.1879,-4.8201,-5.893,-8.418,-8.1843,0.8641,-2.6598,4.5269,3.7425,-8.5675,6.2198,5.0652,0.5156,6.6877,-5.6052,-9.5264,-2.2439,-3.3272,2.4219,4.2287,1.4366,5.6814,-9.7288,6.852,2.1684,-7.1601,-5.6339,-3.1158,4.8195,3.8463,-9.5298,7.6459,-9.3926,-5.3412,8.4326,-5.8563,-4.4079,-0.1187,-3.9664,-7.5104,-5.5315,2.1252,8.3765,-5.7799,0.3537,-0.2743,4.3519,8.6059,-5.4944,5.8018,-6.6641
-9.3649,1.642,-5.5355,-0.144,4.087,8.8793,7.7257,-8.8511,-6.3651,4.938,-7.9239,4.601,1.4968,-4.3897,0.0219,3.593,8.9583,-1.7819,-2.265,4.3123,-9.7264,5.603,-6.5252,7.2635,5.0638,5.9413,-2.4343,7.6864,-0.1053,1.85,-0.587,-3.2916,-0.0273,2.0666,4.0916,9.1251,-0.361,0.3654,6.6655,4.6285,7.6199,-2.4791,-5.6744,-3.0535,8.4383,-6.0113,-6.7037,-3.5716,6.5477,0.7948,4.8681,-0.9688,5.6591,-2.7432,3.0769,-9.606,9.9756,6.7107,-4.3901,-4.8835,9.4239,-4.1874,-0.9868,-9.942,7.3671,-1.8386,4.1328,6.8166,7.0018,7.3818,8.956,0.6605,3.0517,6.706,1.143,2.5121,-1.2854,-1.2556,4.9941,2.6112,-6.4765,6.36,-2.8031,8.6533,-2.3993,-5.4068,-1.5145,4.1078,8.175,-1.6051,7.3919,-8.279,7.0651,6.0844,4.7795,-7.4982,-6.8107,-1.158,-0.6571,-3.0237,6.4727,0.1746,2.9858,-6.7334,-4.3544,6.9147,6.1611,-1.7989,-3.7919,-8.8795,-9.2734,-5.0513,-7.1151,2.6724,-1.6877,4.166,-1.0725,-4.7089,-2.6082,-5.5715,-8.351,4.7915,4.3088,-5.1195,7.3086,-4.7555,-7.0919,-3.0393,9.006,5.2249,5.1825,-8.9805,9.4294,6.1634,5.8007,4.9072,-2.089,6.0719,-7.7943,-4.3989,8.4166,3.7574,-8.0537,3.1676,-0.3822,-8.5281,-7.7213,-6.9184,9.3619,-6.7733,-9.7839,9.8544,-5.6248,-3.9526,8.9506,-2.3579,7.6827,2.1378,-8.4349,8.3301,7.3749,7.647,5.694,5.2671,-5.1389,5.3096,-6.4517,0.2169,-0.1424,7.5657,9.7754,1.8259,9.6899,1.5936,-9.7845,-0.1494,4.5711,3.3231,-3.5334,2.4327,6.3876,-5.2569,-2.2228,8.4057,9.5582,-5.4024,2.844,5.4879,-1.9473,-3.8587,-9.9774,6.0802,2.9508,-8.0851,5.102,-7.1548,-9.4531,9.2169,-9.6977,-7.9269
7.7003,8.4691,-0.0073,-5.7835,-5.4306,-2.8653,-8.2429,-0.5072,-6.0206,9.1014,-5.294,8.9284,1.9237,-4.4518,8.6284,5.8002,-6.9373,-6.9299,3.9893,4.5815,4.9395,2.4793,-0.361,1.7666,-2.4164,8.8857,-6.2031,2.9253,7.7054,-8.3361,-0.2528,-8.005,4.8822,-9.0348,-5.0286,-2.4361,-7.3984,-8.1496,6.4968,-0.6849,7.3859,-2.1154,3.3948,6.323,4.1766,-2.1191,3.8133,-0.5363,-3.4398,2.6345,-9.7458,8.9511,-7.8232,-8.7133,-4.8715,0.527,1.6649,-2.1135,3.6473,-4.8429,-8.7622,-4.7609,-5.5338,-3.4014,7.1652,-3.3851,5.0248,9.7368,-4.5751,-9.8114,-1.4698,-3.7676,-7.6044,9.4336,0.0631,-8.1645,2.6717,-1.5909,-8.4406,9.5165,4.2231,2.5208,-7.0781,-5.4615,-7.2917,-0.6308,6.0073,2.5885,6.9318,-4.2471,4.9134,5.6586,-4.4647,6.4036,4.9903,1.2724,9.3228,6.174,9.2231,7.3012,-2.3306,6.9446,-1.2217,-5.7024,-4.647,4.0522,-5.0504,-7.8369,4.2083,-3.3321,4.9583,-4.2114,3.4974,-9.6501,7.492,7.2271,-8.896,-0.0859,3.8041,2.4557,-0.624,-9.0967,-8.2985,-9.6192,7.7944,7.0849,2.2676,2.3919,-1.2848,-7.3994,-5.4389,9.88,6.8087,-1.8837,2.527,-6.6803,-3.1381,-3.6727,1.006,6.3909,-1.5176,6.7515,3.7483,-2.5513,6.979,1.7464,-0.201,5.8734,-1.363,6.8112,-2.986,-5.1848,0.166,-5.1313,-5.3061,6.8048,4.0178,7.1974,0.4729,-9.4082,-5.2092,6.8909,9.4043,-8.3083,-7.7933,-5.3761,-5.6823,-9.0362,4.327,6.6084,3.6264,8.1992,9.4451,-0.9005,-3.2805,-1.8933,-9.3477,-8.7392,3.0346,-2.0288,7.613,-6.2996,-4.2596,9.9296,-6.7722,8.8269,-6.5118,-6.7252,6.2761,2.7161,6.2909,9.8823,0.3407,-5.4262,0.6177,-6.062,6.9518,0.8634,8.6888,-5.0636
6.8723,0.255,0.1391,0.2226,-7.7961,-9.1679,4.2827,-6.3818,-6.2534,7.7563,2.143,7.5856,7.7133,-2.721,-3.0079,-7.0673,-1.4766,-0.6672,1.3865,2.5688,9.6086,0.8134,1.9555,8.5206,-7.476,8.4799,8.2439,2.5453,-4.6064,2.7299,6.1914,9.0575,1.3458,8.0715,-6.0878,-4.9505,-6.2482,-5.1918,8.3062,-9.5424,-8.7871,-4.4065,8.4426,-6.9619,-4.0943,3.0853,-7.6126,-7.2121,9.854,-2.2675,-3.2046,4.3744,-5.3117,4.4598,8.0624,-9.1421,0.906,-6.2043,5.5487,-3.5735,-1.0015,2.9556,-9.6889,6.7457,-4.9585,-2.9849,-8.9449,2.4471,9.8235,9.6328,-7.1647,2.3809,-8.5817,-8.813,-6.0315,-4.6662,-9.4292,-1.0911,-9.3727,-9.4395,8.5834,-6.7712,5.4081,-0.3477,7.0387,0.051,-6.6516,5.0248,6.1691,1.8292,3.3647,-0.2541,-7.5319,6.5383,9.8137,-6.1386,8.6418,-3.8054,-5.4921,2.9764,-2.2038,3.9943,8.3877,1.3443,5.5181,7.883,9.4075,-5.8443,2.688,-2.1916,-2.2413,9.7374,4.937,-3.0473,-2.7976,-3.6454,8.3557,0.6764,0.6458,9.5436,-8.1703,9.4324,-0.2017,4.1553,0.0768,-1.4106,-5.8622,-3.392,5.144,5.6485,4.6526,-0.6086,-3.7047,-9.0177,2.7881,-3.2593,1.7871,-7.7724,5.6309,-3.8613,-7.1523,0.6145,-3.2958,-5.2154,9.76,-6.9155,-1.3282,8.0003,4.4057,1.2833,6.2604,1.2635,-7.7006,-5.7021,8.5614,-5.7524,3.2792,6.8285,2.2446,3.4767,7.085,-3.8784,-6.4384,6.9184,7.5124,1.6846,-7.0967,-4.2824,6.3484,-4.3311,-7.8996,4.3023,-7.5006,-4.4555,-1.721,8.5765,-7.8679,-0.3271,9.7337,2.8028,-0.6343,-6.6183,-5.0213,-1.3862,-2.0448,-9.0069,3.2356,5.272,-7.9404,-0.812,-8.0256,6.5054,0.7231,-1.6778,9.8232,2.9635,-1.7007,-2.4281,3.6982,-2.264
7.0312,-5.6812,1.4942,7.5157,-3.7677,-6.3838,-3.5926,-8.4546,-8.1034,-7.7698,8.4373,3.4751,0.5383,-1.8374,-5.8671,-3.5921,-1.388,-2.7549,-3.5329,6.3597,0.3941,-8.0502,3.3481,5.1189,-1.4074,7.1073,1.3042,-5.0607,8.1115,-4.8207,-4.7076,5.9372,-1.28,-1.4552,9.6662,-9.4916,5.0018,6.9704,2.5634,3.3873,-6.2843,3.0915,4.1043,-7.6968,-7.2672,6.8513,7.2313,0.1056,-5.8343,5.1658,-3.1125,0.0056,-3.9734,2.9474,9.1255,-3.1982,8.4514,-3.4548,3.8255,-2.5287,-3.6256,3.9443,-3.1438,5.5227,2.5735,-1.7554,2.0162,4.145,-9.7229,4.2919,-6.0914,8.9218,-7.4753,-1.9025,5.2553,-6.2347,7.3661,5.0874,2.9205,-7.0463,-0.2749,-0.2641,2.2196,-3.0617,-6.7077,-2.6392,-7.2272,-0.3684,6.455,-9.1871,7.4192,-0.78,-3.3441,4.874,-1.812,6.3926,-9.4423,4.0473,-1.811,2.2082,-7.2106,-9.1695,-1.0722,-9.6843,7.8023,-4.209,-1.6236,-1.8589,-0.5525,-4.3748,3.2898,9.2714,2.4095,5.2979,9.9381,-1.5091,-3.5824,7.7551,-4.3769,5.081,7.4017,2.2599,-4.9072,8.5556,9.8573,6.9559,-8.6341,9.1478,1.0624,4.2737,-2.8851,5.2829,-4.1682,-1.801,0.2755,4.4425,-9.7681,4.5537,-4.4629,-9.5113,5.592,9.3473,-8.1819,-3.6928,1.654,1.2677,1.408,4.5575,2.387,-7.5615,-5.7076,-6.5328,5.4739,4.3684,-4.6006,9.0951,-9.6274,-0.3719,-1.42,-0.6568,9.1923,7.4493,-5.7281,0.0425,-3.9569,-7.3427,-9.7543,-5.4546,-0.9168,-1.0732,-7.3272,-8.4066,-6.7604,-7.7605,6.551,9.5706,0.7985,8.8968,-3.7211,0.7768,8.0356,5.8992,-0.6308,9.5637,7.3875,4.8002,5.6195,8.8454,-1.448,-2.4716,-2.8195,6.8066,-8.24,-5.5396,8.7343,-9.1204,5.3881,1.8678,-2.0423,9.5749
-0.2555,-0.6519,-0.2214,2.5925,-8.5565,5.8168,-1.3186,-4.5585,-0.8141,-2.6734,8.2612,-4.1645,1.0392,0.5148,-2.5393,6.3435,8.2706,-4.1693,-0.491,9.9202,1.6533,5.0736,-1.306,-1.3796,4.8006,-8.7866,7.6575,8.5474,-4.9574,-3.4669,-7.0243,-5.8433,7.1568,-0.7343,0.625,-9.9054,-0.8273,3.0373,-2.6672,4.9637,0.4582,7.4601,6.9557,-6.8695,-9.5461,4.0491,4.8357,-0.1162,-1.32,-0.6945,7.472,-8.0684,-9.956,-1.052,-9.9893,-3.9279,-3.0455,6.7892,4.6397,-5.9021,-9.5697,-7.6383,2.3235,4.3801,-6.8308,-4.484,9.1151,-1.3802,2.8612,-1.1058,-3.0771,-0.2913,-3.3842,-1.2521,-4.2265,3.962,4.0169,-6.6197,-9.9918,4.1875,-7.1323,4.3317,-3.0679,9.159,-8.7703,-0.2162,-4.0837,-0.4194,8.1909,0.7962,6.7145,6.682,0.3239,-5.1697,-0.5325,-7.336,9.414,-9.2536,-3.3261,5.7953,-2.0832,-2.5352,9.1633,4.0664,-4.2945,-8.8622,1.6864,-1.457,5.3224,0.2819,3.4091,-2.8953,3.5292,8.7564,-2.6376,1.5492,4.6585,-5.1205,-0.1344,2.2437,-7.2101,5.8704,1.0641,4.5551,-8.118,4.9472,7.2729,-8.6744,-8.0356,-8.2473,2.856,-4.2218,1.6009,8.6133,-1.6616,2.3308,-3.9169,3.0098,-7.7844,-1.0023,-3.0675,3.6521,-1.3297,3.802,-1.5177,0.7874,-8.7991,8.3872,8.6928,-9.1902,-4.9628,-8.1921,5.5079,-5.575,7.7684,-0.402,3.186,-3.7725,4.6056,-8.8988,1.6617,6.1688,-3.434,9.8458,2.9565,-8.3208,1.1518,8.4194,-3.9429,-3.6921,-8.8465,-3.5388,-4.6156,-0.14,-3.5384,-7.0381,6.2142,-6.7955,-8.6275,-5.8566,7.3127,-6.9227,8.7384,4.7118,-7.4816,-4.356,-8.536,-7.2277,2.947,8.717,2.4673,9.9047,8.8707,0.1622,0.7544,2.4955,2.8451,-8.6691,4.4425,0.3242
2.0167,-2.0935,-1.7981,6.6963,-5.8037,-5.0177,-8.1519,-6.8978,-7.337,-1.1203,-3.8092,-4.3454,-8.4809,2.6438,-0.0164,8.0839,-0.6504,-2.942,5.3341,1.7693,-7.5028,-4.6938,5.2808,-0.6251,-9.4383,-4.5879,-8.1762,-4.3714,-8.2256,-9.5683,9.952,-7.6741,4.6654,1.5815,-6.6287,8.5246,2.3175,-4.4911,6.6522,-3.6365,-8.6057,-5.7018,0.6594,0.4813,-5.1002,-1.5813,-8.893,2.3205,-8.5591,8.3917,2.5736,-9.6238,-5.3217,8.5698,1.0314,-8.1667,4.1701,9.5391,8.6992,-3.3144,-2.4338,-4.8288,-5.095,8.7351,-2.334,9.1561,9.3308,1.8029,7.4509,-5.5775,-7.8709,0.1198,1.5131,2.1232,-3.2031,-2.9861,-5.5807,-1.902,-1.8982,4.0592,-5.5658,5.5753,2.0922,-5.5814,7.9357,7.0352,2.132,0.8907,4.4705,-5.6724,-2.3249,-4.5955,-6.8772,3.1207,4.9536,8.288,-0.9883,3.1391,-4.2409,3.3097,-0.4764,-6.2614,-4.6691,-4.0937,-3.3622,2.2994,-8.4173,-9.8478,-5.3992,-2.7875,6.9283,6.9331,7.5464,7.5342,5.7174,-8.1879,-2.4728,4.9737,4.7181,-7.7776,1.3708,-5.237,6.6543,8.3555,7.2618,-2.0632,5.2585,-9.509,8.8903,1.1278,-8.6494,-2.9442,9.1846,3.8723,-1.0315,8.0074,9.427,6.398,-1.3715,-6.1093,4.5408,8.8285,-5.9219,5.4856,-4.9291,-7.1668,0.8565,1.7984,3.9769,5.8657,1.2139,-5.9312,8.4436,6.7623,7.8341,5.8329,-7.495,2.9965,8.4768,-4.0713,-7.3238,8.5812,2.0212,-8.8778,9.5785,1.1021,-1.2722,-7.9299,-7.2608,-4.2002,-6.2767,-4.935,-6.8551,-8.1812,-6.3438,-3.9392,0.1654,-8.0027,2.5727,9.0744,9.1446,-6.479,-4.7614,3.26,6.7307,4.9252,4.9681,2.2416,7.5481,-2.6149,6.754,6.0805,-2.4816,3.3083,-1.888,0.6682,-2.7783,1.6809,0.9532,2.0929
-5.5609,9.2002,-4.1073,6.7421,4.8651,-9.3821,-1.3979,-7.5356,6.348,-0.7519,-6.7254,-7.5499,-4.8434,-2.1896,6.5279,-8.6314,9.1399,0.8327,2.3575,7.0994,-2.9034,-5.7768,-1.5488,5.6391,-6.044,1.5874,3.6188,-9.9331,3.4476,-7.1011,8.3116,-5.5559,0.8473,1.8691,5.9945,4.3492,-9.9069,-0.3911,1.9414,-7.4321,3.5182,-6.5696,2.6175,7.8639,-2.1973,-4.4207,3.3428,2.3509,-7.1525,9.6699,5.0738,5.2762,8.943,-1.7092,-3.0997,-6.602,3.2369,8.1885,-1.4332,-1.4807,0.2355,9.5263,-1.0951,7.9959,-4.5685,-9.6801,2.2549,-8.6018,9.4319,9.3067,-5.8711,-5.6173,6.9359,-9.5537,4.1197,7.2001,9.994,4.0182,1.3483,-2.029,9.0722,-0.8478,6.8558,5.1167,-0.4118,4.7974,-4.9745,-8.5933,7.7325,5.0314,-3.7641,-3.2491,-8.0794,4.575,-1.597,-3.995,7.1717,6.2919,-2.867,4.8058,3.7618,1.6271,-4.2712,-4.7243,-5.8125,-2.7605,-2.5865,2.1488,-8.4035,7.3303,2.0275,4.7738,-1.1619,4.7428,7.6211,-7.241,0.4705,-1.6789,7.1603,-8.7853,-5.1627,-5.851,2.372,4.2641,0.3979,5.1113,-2.4239,1.701,-3.2842,-6.5527,7.7395,0.2024,-9.0109,1.7121,-7.5212,-9.7431,5.766,-2.0775,-4.9731,3.1989,6.9944,6.2638,8.5232,-8.8604,7.9599,-8.6609,-3.3033,-7.2178,-9.4732,1.2261,-4.3187,-1.06,9.2856,6.9645,5.2731,-5.9479,1.877,-5.4164,-8.6313,4.1199,-8.5494,-5.0054,3.0707,4.8488,9.1271,9.8307,-0.3256,-0.8095,-5.2936,7.59,0.2986,-9.4649,6.9184,1.7149,1.2969,5.5837,-8.9367,-6.8237,-9.313,-5.5159,-5.5897,4.0259,-0.9478,-3.2918,1.6446,-0.0333,-8.5101,-3.0273,5.4551,-1.6259,6.7059,3.4386,8.4251,-7.9327,9.0632,-3.5712,-8.557,7.6796,-5.4634,-3.7905
3.4066,2.0195,-2.2624,-4.6344,-1.2561,3.6828,-6.4515,5.1351,0.3738,7.5241,1.9418,-1.7688,9.8865,7.7021,-5.7674,-9.4702,3.6057,-2.2471,-6.3955,5.7372,3.6227,8.2498,-2.0506,-4.1147,-1.6826,-0.767,-8.8758,-3.0923,-3.4101,-5.8474,5.2388,6.3149,-6.9218,-3.4649,1.6631,5.4699,0.4059,-0.1377,-6.1342,9.7751,7.1255,-0.1391,-9.0376,-8.008,2.3004,9.9337,-5.7733,0.9808,-0.2448,0.0923,-4.6388,-9.7269,-4.4394,0.7185,-4.5043,-5.5981,1.4298,-9.6291,1.7859,7.8632,2.1362,-6.1289,0.2739,-4.1779,7.9205,-5.41,9.4831,-5.9367,5.1637,5.4429,-3.3953,0.7133,5.8007,-9.4254,5.2442,-3.0674,-9.1652,3.2346,6.2132,-0.9995,-2.5075,0.7673,-3.802,-9.5018,4.3123,2.712,2.5896,7.3318,2.8745,7.7005,-9.4866,3.6625,5.7127,1.7811,4.8793,-0.9115,-1.0636,4.889,6.8641,-5.5473,9.8332,-2.4214,-6.5724,3.5218,6.9741,-5.993,-6.1683,-8.2983,-9.0789,-9.3194,8.9433,-0.4369,8.3465,4.7712,-9.0914,9.6413,0.2913,-0.4302,-8.091,2.8546,-3.1614,2.5532,-2.957,6.3236,-0.437,-4.1982,-9.7292,-1.4236,6.622,6.4533,3.6741,1.6658,-5.07,-0.4467,5.2565,-2.848,8.8309,5.0569,-7.9086,9.6379,-9.397,-8.0476,6.381,6.7774,9.6682,7.0432,2.7747,-2.3491,7.9606,3.5787,-9.302,-2.9122,6.4018,7.2061,-4.97,5.3175,2.3444,4.2182,-0.6959,-6.1719,-7.4115,-4.4572,-0.5599,-3.6048,8.5908,-3.4834,6.0424,3.1372,4.515,9.6705,-8.2218,-2.0255,-1.3541,-6.5996,-7.4954,-3.1539,3.1699,-9.6897,4.7079,2.3112,3.9792,9.0283,0.3381,7.845,6.6659,4.3708,-7.7862,2.9247,-8.1317,-3.33,1.1259,0.1792,5.1308,8.3963,8.3552,0.3359,-3.963,0.8222,-7.1732,3.3886
-3.3817,5.2274,-7.3847,-4.282,1.1552,8.5091,-5.1003,3.5273,-5.2777,2.3093,-6.6133,-6.0473,4.9363,1.6972,-3.1064,3.5258,3.0759,-4.1756,-5.2321,-1.0197,8.5447,4.5196,-8.5261,-2.9506,2.1487,6.5473,-9.5803,-3.8555,-2.9429,-2.1853,7.1513,6.056,7.6314,-9.6865,6.9137,1.6229,9.4283,7.7686,5.3697,-2.9668,9.2557,-2.7969,-0.1044,1.1019,1.3694,-9.6317,-8.4298,2.4726,-0.8048,-7.6883,-7.4341,-9.5045,-3.4933,-2.2387,4.7785,7.0976,0.8708,0.4132,-4.5347,-2.69,2.796,-5.2856,1.3235,2.9013,-3.3873,-9.8361,7.3031,3.2582,-5.9696,-0.7632,3.5221,-5.3542,1.9938,-8.8079,8.1092,-9.8448,-2.9558,3.9188,8.356,-9.9561,-0.0318,9.1304,-8.4878,0.1386,-0.9897,1.5106,7.0793,-3.8403,-1.3817,-6.298,-7.0098,-3.5484,8.9071,-2.1358,-2.8456,-0.406,-5.796,-1.3793,-6.2559,-4.9878,-5.4137,-1.9096,9.0497,0.9958,-2.9704,-4.273,-7.9236,9.7239,-1.043,2.5599,-4.1466,8.4117,-0.0873,2.8984,8.2684,7.9437,8.5791,5.5219,-3.0019,5.5419,-8.7102,9.2826,-5.7922,-0.4064,3.676,4.1508,-7.307,0.9023,-1.1519,-4.6286,6.651,-9.01,-7.7187,-8.7104,6.3539,-2.2341,-7.4979,2.7194,6.0243,-8.5463,-4.5361,-7.4563,-4.8063,-3.437,4.7969,-5.367,2.351,9.5092,6.165,-2.6888,-9.6969,7.1697,-2.9983,3.6627,4.8711,-1.0428,4.6188,-1.6223,2.6726,-1.6349,7.8165,6.5455,-6.2042,-5.6232,-6.5604,-9.2121,3.2143,-0.3954,-7.4668,-3.4813,-5.7405,-7.9699,-0.2907,2.2316,-3.4611,6.6082,-0.2289,-0.045,0.8061,1.9739,4.7419,-7.8287,-6.7736,3.9621,1.8271,-1.7152,1.3434,-9.3038,-1.2273,0.3212,-1.2177,-7.3003,-6.2338,-9.9523,-9.017,-5.3488,2.3486,-2.8571,1.0829,8.8085
-2.3554,6.6439,5.5442,-1.5131,-6.2355,4.9402,-4.5923,-5.0068,-0.6404,-2.6786,-6.1234,-7.97,2.7312,-5.4639,8.4198,-2.008,1.8672,-5.1007,-0.2176,-9.2009,-6.129,9.7763,5.8802,6.3902,-7.4885,-4.6619,-9.4901,3.2052,-1.9807,-4.9405,0.0385,1.3937,5.1504,6.0348,-0.1457,-5.3694,-7.3063,3.9608,-5.3963,-4.0518,6.2359,2.8222,7.9969,4.8787,7.9028,0.6586,-4.2073,8.2285,-3.7773,5.4789,8.3642,9.6198,-6.7882,-9.0514,-3.8721,-3.1624,2.1033,2.4665,-8.8783,-0.332,7.1825,6.4326,9.7065,8.3867,3.402,6.5593,-1.0947,-1.521,-2.2615,-2.5561,-6.1465,2.9393,6.7459,1.9699,-0.7405,9.8054,9.2658,-1.2974,-6.7056,-2.3953,-9.7176,-9.6935,-7.1457,-3.8303,9.0814,4.1878,-2.2861,8.4805,-9.4415,2.9128,3.3544,-2.918,-7.3039,4.7055,-7.8704,1.9461,-2.0845,3.291,-1.9583,-1.2127,9.2769,1.3505,-4.5444,-0.8058,5.3985,3.7179,4.1147,-9.7947,-1.3647,9.368,-2.6802,-3.1642,3.6203,-3.4127,-0.9912,-7.2434,-3.7302,2.5427,-4.0106,-8.2136,2.0313,-0.9989,2.2624,-6.9649,-3.0302,9.3925,-3.7506,4.5752,-9.3532,9.1369,-5.6982,1.0059,-5.405,-1.6538,5.6026,3.1595,9.2677,-7.0881,-9.62,8.4281,1.0178,9.9307,4.1535,-2.6932,-3.5346,-7.8885,0.0422,-4.4636,-6.1356,8.8953,2.3583,6.7805,-1.5952,8.7218,-5.8647,-6.3274,5.0677,7.5696,-7.7442,8.1733,2.2362,-4.6934,-9.0067,-3.4128,0.7825,-5.5057,1.5386,1.7524,0.9469,-0.8051,-7.6867,5.1301,-8.2653,-6.0127,9.0863,-9.5508,1.3739,-8.1022,2.7828,8.3757,0.8076,-8.6678,-6.3686,1.6988,1.3175,-3.2798,-9.5951,-1.1077,7.2152,-7.8404,5.97,-2.1851,-0.1446,-0.9131,-3.6828,4.4006,-1.0681,1.5685,7.7874,4.1695
8.0682,2.8803,2.7285,8.4671,0.9081,6.9346,-4.6285,9.3791,8.0445,-5.1957,-3.208,5.7322,7.9112,2.7756,-6.77,5.6224,-2.5969,-4.4106,-6.0783,5.9138,-6.4648,9.3833,-9.5532,-8.1536,-3.4359,-3.2898,8.0438,1.9807,3.8452,-1.3946,-9.657,-9.1995,-9.1468,0.0415,-8.9171,-3.2514,2.5302,8.6333,6.0613,9.8214,-4.7432,6.7005,0.85,-1.0143,1.1901,-8.5861,-9.3461,0.6989,1.8724,9.1416,9.4521,-7.0328,-6.5754,-2.4459,1.9497,2.1944,-3.0732,2.7892,-9.3342,5.8347,4.6545,0.1329,3.9931,3.5146,-4.0304,6.5709,-7.8154,-5.6934,2.5034,8.3855,0.1924,-5.4845,-0.9187,9.1252,7.8965,-3.2513,-5.3684,-8.1467,-4.725,8.8913,-8.3775,9.748,-6.3824,8.1819,2.1603,2.4384,-7.2475,9.2693,6.3952,7.815,7.7474,8.8562,-2.4284,8.0648,-0.4831,-8.7394,9.5043,-4.3457,4.9711,0.3221,9.2529,6.5189,-4.9605,-1.495,-8.1342,-9.8844,-6.6479,-5.02,-9.9242,-2.3959,5.1572,0.38,-4.6242,-2.2755,9.4561,-2.3764,-5.3129,-3.7755,-4.0914,-7.375,0.9059,8.3193,-0.0759,3.6003,3.6462,-8.7132,1.1998,7.9188,0.2327,9.3426,6.8684,-6.118,8.4853,-9.3158,-7.5937,-2.7658,-6.3827,6.7959,-5.2411,-4.1302,-4.3355,1.1626,7.0036,-1.8811,5.9524,-4.9054,3.4172,-3.9045,-8.2806,-8.4728,-8.6525,-6.523,7.0992,2.983,2.3274,-2.5407,-2.5603,-4.5675,-8.1594,8.3846,-5.4245,8.2569,5.2536,7.5919,4.1084,6.8544,-5.9947,-5.4352,-9.5348,-3.5569,-8.3465,-5.6624,-5.1344,-6.0735,7.2817,1.6156,-5.3982,7.6252,8.6545,-6.9968,-9.6021,3.1236,9.8375,-0.2061,0.3292,-9.8041,7.9055,2.8121,3.0103,-1.3977,-7.6093,-1.4807,1.4843,4.6056,-3.9453,-0.2191,3.0096,6.883,0.0804,9.9123
-5.2122,9.7539,-4.93,-2.9571,-3.1195,8.7925,1.3519,9.1783,-7.2714,-5.8759,-6.0535,9.4415,0.2532,-8.9982,0.2269,-7.8981,-3.6053,-6.7892,4.6563,-5.3071,1.1244,1.2088,0.5894,3.101,-6.429,-9.432,-4.786,-4.6719,-8.653,8.0612,3.0574,1.4913,-1.2069,5.6523,-6.9013,5.4125,-7.7561,-3.5482,-7.7323,3.5204,-4.8051,-4.1022,-4.4416,-7.4976,-2.9449,0.9406,1.1765,3.2621,8.3125,-7.5012,-6.1243,6.1581,5.7856,-3.3275,-9.0048,-1.1575,7.1772,3.7937,5.7324,-3.7526,-2.8407,0.4409,-4.6347,0.5173,-3.9362,-2.2425,0.3801,6.5008,-5.5954,5.1909,-9.2019,7.1816,-2.9268,3.992,-4.4465,5.9354,5.4784,9.5245,-2.9653,-1.4109,6.344,3.8487,1.8384,-6.8095,-5.4124,0.8445,3.3377,5.1599,5.1628,-1.0315,-0.9546,-9.9652,-0.8828,-5.3645,9.0125,4.3826,-3.4123,-2.7292,-6.3394,3.7279,-1.0415,-1.2862,5.0509,2.1099,-8.6586,3.0691,4.9806,3.0265,9.5734,-2.7654,7.6727,-1.0049,-7.9144,4.6679,-5.4268,-9.9796,-1.0903,-0.2065,7.1873,9.6835,4.3078,-8.2291,-3.5307,3.6216,0.2181,-5.0679,6.634,-7.9885,7.6619,6.7621,1.0474,-5.3276,-0.1808,5.8411,8.4578,-4.5367,9.1065,4.5047,1.3484,3.4323,8.28,-9.6103,-4.5511,-9.8132,5.5611,-7.2452,4.4815,-1.3533,4.9737,1.1141,1.4877,7.1394,-4.1058,-1.8051,-7.4095,2.3307,-6.0205,-8.6398,6.301,2.9889,-7.0041,-2.4333,-0.1235,-7.9734,-7.1383,0.3434,-2.3762,8.2023,-9.9148,4.4168,1.7552,9.4971,6.3998,-1.146,5.581,3.4305,-8.8054,4.1213,-1.3374,4.8688,-2.2798,-8.0228,-0.3018,-9.6923,-3.8059,-2.951,2.9655,9.7566,-0.7161,-4.2875,0.7937,9.8183,4.8883,-3.6553,5.6996,-9.1125,-9.4883,8.8713,2.327,1.935
-1.9271,-9.8579,-4.0868,1.5432,1.7017,-1.9899,1.982,-8.9607,-3.9633,-6.3464,2.6134,4.1709,3.3116,-0.7386,7.3663,4.4297,1.0959,9.4453,8.6086,-3.563,4.4974,5.3957,-3.5125,-7.9216,-7.6603,-4.2639,4.6408,7.442,0.6926,-6.0502,-8.6207,-3.9793,5.7644,-3.1414,0.9187,4.1191,6.149,-3.1268,-3.3828,8.8992,7.2973,2.7075,-1.6315,5.4077,2.1663,-7.9637,-6.882,5.4117,-0.2038,-5.025,-7.5117,-9.7942,4.1542,4.8452,-3.3836,9.7089,3.6927,-2.3671,-3.1908,-1.0717,-7.7645,0.3953,8.8445,9.4691,5.2034,1.5051,2.443,-3.6601,-2.1474,-5.2802,-6.1385,5.3599,-1.9358,5.3448,3.2331,-3.906,-7.4321,-5.9486,7.1592,-2.9888,9.5896,2.1212,4.5454,-7.134,0.0423,8.4755,8.4087,-0.3611,4.5317,4.5094,3.2808,-4.9023,9.5869,-5.7538,-0.3068,-4.3954,-1.5766,9.1252,-1.3261,5.1233,1.9567,-9.9689,5.2609,-9.5567,-2.5061,-4.463,0.4428,8.718,8.0743,-1.8156,4.8125,0.5413,9.5096,-0.7089,0.314,-2.7453,8.2507,1.2773,-0.8506,-3.0599,5.5701,-4.7809,-3.7514,-2.0445,-0.7382,-5.2903,-6.3825,-9.5127,6.6816,-5.2764,-1.334,-2.502,-3.7293,-1.3741,-3.34,2.157,-7.0607,-8.7945,5.5967,2.2034,-5.8678,-2.6342,-8.9713,-5.8945,-4.0401,-7.1235,-1.134,-5.247,-6.1228,-9.3622,8.6303,-0.1887,2.8188,7.5208,0.3223,5.4237,-5.7551,-7.4893,-1.9516,8.6961,9.202,9.7112,2.4979,4.8605,-5.8069,-7.3469,8.0333,9.7112,5.1498,-3.5265,7.3255,-7.5537,4.2591,-5.1993,-2.1898,8.0106,7.8875,-9.7996,-3.6972,-7.9,3.3125,5.9387,3.6079,6.4312,9.0216,6.1524,7.726,-4.8442,-4.8889,-6.0753,8.937,-6.9495,-3.6627,-1.8551,-9.0682,-3.7335,-0.236,8.5125,-6.8334,6.9566
-4.1068,2.4766,-8.1204,1.7569,9.4955,6.4339,-4.3756,3.7826,-4.3405,-9.3869,-1.4361,3.8906,5.3626,2.268,1.8325,-8.0869,-6.0086,1.5525,-1.8692,1.644,1.1003,7.2932,-4.5127,9.7255,-5.3871,4.2262,6.4565,-0.4003,-1.9921,3.3217,-1.437,-7.8955,9.8336,-2.899,-4.5936,-6.3251,-0.762,-7.3467,2.8427,0.1317,2.0998,-1.3108,0.356,-3.6978,-9.3193,-3.3789,3.0778,-6.2763,1.6167,-4.0906,2.6608,-8.4186,-4.0625,-9.889,-8.2959,-7.5416,-3.1529,2.4,4.3215,5.3536,4.5789,-5.9428,0.6113,-1.2237,1.4426,5.1324,3.6669,-7.6668,-2.2589,-2.7371,-9.8173,8.9746,-3.1781,-3.2436,9.4076,-5.2845,1.3783,0.8003,8.1228,3.3675,4.2721,-4.3895,2.0332,0.2151,4.0568,-1.9585,8.9849,5.7645,6.2011,-3.4384,-9.9803,7.7178,8.4209,-6.9484,1.0923,7.0217,0.0896,2.529,-6.0625,-1.0693,-0.3121,8.0839,0.7155,-0.3261,0.1565,3.8945,7.3682,-1.4299,-3.723,-1.7405,-7.752,3.7194,-4.9422,5.3295,1.1165,6.175,4.2754,-7.361,-5.328,-7.5157,3.9706,-9.3648,-4.9257,-7.0409,-6.459,7.5114,9.9435,7.4978,-2.7771,-5.3469,6.2934,6.5238,7.9707,-8.2385,3.7427,-2.0376,7.5436,1.9814,-7.6077,-6.9502,5.4452,5.3454,7.5256,-1.1263,6.7567,-8.1059,3.699,-1.3409,9.0566,-4.1072,-4.51,5.7215,7.1853,-6.8894,-6.8712,-6.4651,3.3501,0.6374,-0.6826,1.4055,5.0108,4.4973,9.7808,0.3038,-2.7549,-0.3287,-8.3308,-7.122,3.8825,-5.0939,-0.023,7.3085,5.7645,-6.0778,4.8881,6.6095,8.5357,9.1162,-3.5654,0.9372,8.6517,5.5517,-5.9468,3.9593,1.704,7.8339,-6.549,5.0876,0.6114,6.6013,6.1589,-7.1673,-8.4193,3.3632,-5.5388,-5.1337,9.4527,-9.8398,1.0576,-9.9384
0.0488,-1.4604,7.9525,2.3123,0.7406,-2.0859,-5.3365,0.0412,-1.7451,-0.3407,7.1787,-7.3774,0.6191,-3.407,6.2486,-0.8376,-4.6569,0.6179,1.5576,4.2413,-5.4091,-2.7945,-1.1318,-9.8046,-0.8743,-4.8936,-4.7396,-4.9489,9.6079,-3.1484,-7.1387,-6.9201,8.9643,6.6308,-6.6367,-6.5705,-5.6972,0.4021,5.9451,-1.2488,-5.86,1.9141,-6.2633,2.2461,-9.9119,9.2192,9.0287,7.0889,9.2059,-3.3979,1.3694,-2.9379,5.5642,6.4598,-4.9186,-2.5914,6.4827,8.2122,-7.2601,4.591,8.6397,-2.3815,1.0911,4.9922,-5.4863,7.3781,8.6313,6.5042,0.5908,-2.0932,8.6642,-2.6364,-8.3197,3.6299,-5.3966,0.4097,8.8469,7.8258,3.6324,-7.4263,7.3041,2.6461,7.3051,-3.1406,0.157,-0.4648,-6.1424,-9.29,-7.4239,-0.705,4.4791,-4.7924,-6.2072,-2.6844,-7.2403,-2.9826,9.877,-8.2712,-2.784,0.9614,-2.7362,-4.3715,5.4925,-7.1045,-6.6235,-1.3145,3.6121,-1.6752,8.9605,-7.2239,6.3308,-1.2332,-3.3954,1.0899,-6.9564,-5.7586,3.3489,4.9341,-0.9031,9.74,1.5962,4.3672,-9.9822,-3.2838,0.0224,4.5807,1.0367,2.9978,-6.5583,-7.9356,-6.4886,-9.4177,8.3541,5.771,3.6959,7.6176,-9.3194,6.9273,3.5309,7.4186,-7.8074,-5.2304,3.5698,-7.6951,4.2765,-8.7297,-9.2313,5.6252,0.2377,1.0285,2.6868,-7.9763,-7.5412,-6.8407,-0.565,0.65,-1.8245,3.5947,-0.0094,1.6408,9.4394,-8.0566,2.3081,-0.7643,5.1283,3.2414,9.5188,9.5277,7.6103,-8.3913,-7.9346,-5.6114,-9.0445,6.3759,8.1899,-4.6078,8.1394,3.4014,-2.6505,-0.4606,4.5958,-9.9305,-2.3455,5.3966,4.0908,-4.7704,6.0163,-1.6882,-6.8528,9.9027,-1.7633,4.7354,-3.9137,7.7315,-7.9567,6.8142,-2.4862,6.7899,0.9131,0.3493
-1.1315,-2.2691,3.1684,1.856,3.7208,8.6104,-9.8713,4.6022,4.1109,8.2757,-3.1675,-4.7123,-7.4014,3.1556,2.1953,-7.6663,9.5477,3.8517,2.3184,-1.7146,-8.0545,6.6819,-7.8291,-5.847,7.8675,-5.3223,9.0847,-7.3861,-1.9042,-0.1129,1.5622,-2.3869,-8.6155,3.8279,-3.535,-7.7054,-8.6844,1.6162,3.7387,-4.9556,-0.69,-0.4763,-1.7981,-8.38,-8.4003,-3.0747,3.6221,0.1498,1.6669,-5.1953,-5.242,-9.6449,-4.2571,4.0492,2.5771,-0.6044,-0.8162,-5.5151,2.5701,0.2672,6.3841,8.9279,7.5118,-2.8268,-2.2129,8.5522,-5.4113,-6.6773,3.9325,8.7428,6.3229,-0.678,5.4181,6.6703,-1.6797,-5.7426,-9.8291,-3.9896,-7.6303,-5.7124,4.8244,7.9294,-9.2526,0.6632,7.8504,-1.8422,-7.0974,6.2089,7.6068,-3.3614,-2.2619,-5.6042,7.6373,7.6729,-7.7044,-2.2625,1.2481,7.9927,-2.5382,3.6998,-9.133,-7.8589,-3.5079,-5.7612,-7.4585,-9.7685,-9.8523,6.9605,8.6564,-1.9125,3.8111,-0.049,5.696,-8.8853,2.4268,-6.163,-8.8869,-3.6607,-1.3325,1.3454,2.7624,-1.6877,-5.0514,8.2711,6.9531,-3.3025,-5.5892,4.2134,9.092,5.5382,-9.5245,9.7609,-5.0086,5.5046,-9.6929,7.6075,0.3986,-0.3794,-5.3072,-8.2303,1.4624,4.1434,-0.7629,-2.4597,0.9855,7.2439,-1.8581,4.1653,5.2262,-3.7599,6.4302,-8.2106,5.4068,-0.3032,-9.8072,3.2934,-1.587,3.8576,8.0153,8.6879,5.4799,-9.3816,0.1433,-1.8394,-2.2569,2.6235,-5.5621,6.0085,7.735,4.287,-5.396,-2.6729,8.5068,-7.3704,2.5068,-0.531,2.5106,-7.3742,-2.4514,-6.6773,2.8741,-2.6043,-0.8553,-5.7937,-9.5381,-0.7715,-0.0285,-9.4364,-5.0308,-5.3197,6.703,5.0563,8.6454,4.0324,9.8909,7.0138,-7.9464,-6.6985,1.5193,1.8374
