-2.0064,7.8077,-0.2562,4.5283,-2.0433,4.6425,-1.3093,3.0024,5.6448,-7.9669,4.3782,2.1707,-2.3581,-1.1291,1.6152,-9.48,-3.8159,4.0849,7.9136,9.494,-1.8271,9.4175,7.4826,3.8852,1.4634,-8.3432,3.4058,-4.18,7.0981,-3.7926,-7.3175,9.8541,-5.8499,7.1068,-2.9184,-7.3234,-0.5572,5.027,-4.907,9.9584,-9.1743,-2.999,-8.8184,6.5034,-0.0959,8.2602,-3.4265,7.7153,-2.1328,-1.8255,-4.6247,1.0818,6.7881,9.4579,-6.5752,-2.464,3.716,7.7018,9.6243,1.6143,7.1409,-8.5618,5.7968,6.6443,3.1309,-9.6214,-8.3094,-0.129,2.4932,-2.3131,-7.4407,5.9002,-3.971,-0.2341,4.0568,1.7928,-8.556,1.2832,-0.0802,1.8887,7.7805,-8.0487,2.3031,-7.7361,2.9655,-1.2873,-4.6583,-2.7774,-5.8423,-2.1684,3.128,4.3177,-1.3201,8.2196,-3.2429,-9.7708,-4.6293,-7.1757,9.7889,3.1192,-8.4824,-2.25,-9.7282,-2.4518,1.4865,-8.5952,5.6026,2.7834,-3.0064,0.8323,7.342,-0.9573,8.0043,6.6077,-7.189,2.5888,-0.3442,6.2959,-1.5531,-4.227,-8.1353,-3.2516,-0.4586,-1.8822,-0.9193,-7.2088,-4.7477,-9.2621,-8.4208,-1.9479,-0.815,-9.637,2.871,7.764,2.7276,-7.0225,3.832,6.8818,-3.6878,6.5803,-4.2896,-9.4767,9.2911,-5.3816,9.6766,5.0691,-4.9145,2.7984,-2.3633,-8.041,2.344,-5.7598,7.8263,3.0659,-1.3601,4.715,-1.5523,-8.015,-7.4401,8.1742,-3.8805,6.9322,7.0119,-4.7823,4.2296,-3.0088,6.6314,-4.1644,6.845,-5.3002,-8.2786,0.844,-1.7304,-7.559,6.4798,3.6061,-7.8347,2.9641,-2.6951,9.7819,5.4897,-5.3195,1.3068,-4.3248,-9.5606,8.9295,-6.5525,2.6817,3.5759,-3.9437,-4.4047,5.993,9.2885,7.1211,0.5534,-6.9317,1.5348,-6.4212,-9.2301,7.8122
-5.1658,8.1684,8.1642,1.1036,-1.2053,7.8606,-9.4008,2.4859,-3.503,5.2662,-8.3183,2.5179,3.0957,4.2674,2.0883,-6.7946,-2.2814,3.9702,5.6262,-1.9031,2.9105,5.7497,-9.9683,-7.0475,-9.5969,6.919,0.2659,-5.0809,5.8435,1.0277,-3.1858,-1.2167,-2.9292,8.9483,-1.952,1.258,-3.8861,-0.6152,5.6704,3.5976,-0.2007,-8.5359,3.5965,6.2561,5.2555,6.8816,4.1495,1.9988,3.9023,8.7687,9.9263,-2.5738,2.9092,-2.6762,-3.7989,0.8854,-2.1915,-8.3634,0.8351,-0.2954,-7.541,8.2523,-4.3605,-3.6474,-1.8651,-6.6247,-4.395,-5.086,4.7887,3.3174,-1.752,0.4416,6.5377,9.0262,0.8925,-9.3846,2.4098,-4.7951,-3.4548,0.3278,-2.5162,-6.415,-0.6177,0.3956,0.1309,-1.9461,-6.8236,4.694,0.4943,-1.0601,0.0906,-2.0538,-8.8179,0.0068,9.9351,-9.9885,9.7473,3.7003,8.8697,-1.5906,3.8901,-3.2824,-6.6773,2.0716,-7.2863,-8.6908,-2.153,-1.818,-2.7123,9.4582,-3.504,-1.3801,-5.4896,-9.3667,-1.2241,0.796,9.4753,-3.0901,2.1209,3.8544,-7.3075,1.7221,-1.4403,-0.6682,-9.8714,4.6203,-7.4892,-1.1391,3.0544,-9.9337,1.1611,-5.8066,0.9924,-1.7927,-9.3118,-4.502,6.488,-0.7419,1.7698,4.2156,0.0502,-5.8515,7.282,2.8027,2.7468,-1.1807,2.1786,-2.7297,-1.5636,-0.203,2.8863,1.1317,-2.5164,7.2326,5.7362,5.1104,8.4588,-7.331,-3.5914,1.7715,1.8145,-4.907,-3.2892,8.3464,8.1951,1.4459,-7.9795,-9.0293,-1.475,7.9265,-0.183,-7.0341,-4.5032,8.7349,3.4021,2.615,4.118,9.832,9.6426,-6.9143,3.7341,2.9816,0.7977,-0.8354,-6.3961,-7.8107,4.5669,-2.8559,9.9184,2.8909,-7.877,-0.673,8.8458,9.4372,6.9162,-5.4166,-0.83,0.9131,8.2342,3.0935
-1.9929,-7.2829,3.6344,-1.2541,8.6707,-9.4552,9.8526,-8.0617,3.951,-4.1445,-6.0018,1.6188,-3.1579,4.4935,-7.6043,2.1547,1.4126,-3.8953,2.7187,-6.9452,-6.1956,-3.7688,-2.7019,8.2166,-7.1376,8.1051,2.959,4.6408,-3.0372,4.6946,7.2078,2.4855,1.2187,-7.0052,3.2058,-0.1526,0.6162,5.9297,-5.0841,-3.8451,8.5639,7.5897,7.0934,0.2798,-7.2571,-9.655,-8.1225,4.1102,0.4299,5.6081,-5.9226,-3.7295,5.1111,9.2125,-9.7783,-6.2335,0.6805,-2.8579,-2.1218,-0.6002,6.5265,-9.5969,4.0851,-7.4592,-2.6612,8.5133,-2.5546,5.0304,6.158,5.3365,5.8863,2.3578,-5.9525,-3.6296,-9.3535,0.5761,-8.2991,5.8963,7.4882,-9.1342,1.448,-3.968,-8.6198,6.2959,-9.5688,-0.1469,0.1403,-1.6795,8.9907,2.4773,-3.8051,-4.4355,-7.6682,-9.837,2.8738,-1.1593,-9.0979,8.7461,-4.0496,9.9515,-0.8651,6.8993,-1.7177,-6.0078,4.6224,9.3162,6.8086,5.8257,-6.461,8.9929,6.2785,8.945,4.6813,-1.0454,-5.7537,7.7353,6.1115,2.1921,3.1021,-7.7408,-2.1149,1.558,5.029,2.7963,-6.4828,-5.4273,-4.5148,-5.8284,-6.8275,-9.5175,-5.0207,-4.7711,8.3092,-3.8493,2.4445,-4.349,-6.0617,-6.222,-9.8247,1.5282,-0.9542,4.2154,-9.05,5.9403,-6.4857,5.4661,0.6675,2.5068,8.7622,4.5265,-4.0873,4.7486,-1.4328,1.6866,-0.1687,0.623,4.8859,6.187,-1.094,-9.2513,7.1819,6.8606,4.4378,0.5493,6.9179,-8.107,4.8342,-3.0238,0.0705,-6.242,0.767,0.5477,7.0609,-3.6656,7.2159,6.0055,6.306,-3.3795,7.2569,8.4353,-7.1998,4.8909,-4.7325,-2.1496,1.4051,2.2815,-3.785,-2.8263,-6.0985,8.3563,6.3445,-2.0525,-5.4597,-2.2139,7.6379,-0.1691,-1.3797,5.9421,-0.0416,-0.0699
-4.8072,2.0837,8.2612,8.7533,0.1688,0.5287,-6.0227,-9.5464,-3.9505,1.1577,-7.6907,9.548,-9.7203,-6.3824,-5.6506,-7.8757,8.1238,-8.0362,4.8859,-0.9978,9.588,4.5118,0.7769,-7.6512,7.5813,-2.1169,8.7359,1.5483,-2.6401,4.4785,8.6099,3.9153,0.3716,6.1109,0.4381,5.067,-5.0867,6.9618,2.4922,-8.0096,3.2011,-0.1742,-9.4411,-8.8253,1.7786,7.1451,-1.0727,-8.4734,-0.9705,-7.4883,-5.6024,-3.5154,9.2365,3.6324,6.5019,5.062,-2.3965,4.7842,-6.9923,7.515,-5.0044,-0.2582,4.3052,6.3303,4.4533,1.4975,-7.83,3.4765,-3.1918,-6.3888,9.1475,-8.4164,-1.7478,7.8729,4.5368,-6.3777,-9.6562,9.5178,-5.169,2.8664,1.2966,-8.8662,-7.1694,-6.1434,-6.4702,5.0783,0.7565,3.5925,-8.0189,-0.8942,1.2984,-4.6325,-8.4373,9.9586,2.7585,-1.6007,-9.4763,8.3625,-2.6005,3.1187,-2.9529,-6.6466,-2.4473,-0.0614,-6.9594,3.6146,-9.1769,3.1386,-1.2008,-8.9785,-8.7047,9.7694,0.7255,-2.4399,-6.1546,-1.145,4.6577,-5.134,6.7854,-3.566,3.3183,7.9078,-9.665,-9.7445,-9.8415,0.0925,-1.9176,-3.1263,8.3319,4.1684,-0.9865,-9.9263,9.2284,-3.9213,7.4234,-1.3918,-8.7607,1.9978,-4.9849,-4.6751,-4.9902,2.0356,7.8614,-7.294,-4.3761,4.0491,7.9257,8.3335,8.8897,-0.2988,5.7821,-6.6877,-1.1671,-9.8985,8.2788,-5.6124,4.8927,8.6448,-9.2696,2.925,8.6349,1.6512,1.161,9.6316,8.4224,9.9652,-2.4717,-5.0466,9.2931,-0.1091,-6.4571,-1.0448,5.8255,-5.0764,6.5081,4.6703,2.5139,-2.1026,4.1649,6.5911,2.6165,-2.1319,-2.8487,3.0178,-6.4994,-8.7455,2.8449,0.0878,1.4567,-3.2414,9.5958,-5.4283,-1.7276,0.047,0.6027,0.1948,-9.3037,-6.6497,-2.0462,4.1044
-6.3482,3.6187,-9.3903,2.9994,0.248,-5.2575,-2.729,-0.9883,-6.4633,-1.5792,-5.1462,2.7721,-9.817,-0.0266,3.1799,-1.0469,-1.6146,5.0956,-8.5755,6.4283,-7.0652,4.7697,-1.3147,1.2508,-4.5605,7.586,-0.8794,1.7369,0.2204,1.6539,2.267,8.0,7.6778,2.9556,-4.1453,-6.0395,-3.0841,8.6278,-9.3017,-9.5362,0.23,9.457,-9.9498,1.3191,4.7102,-1.3689,-3.024,5.0824,-0.2368,-3.3104,5.4588,0.0417,-1.0445,-5.6021,-5.252,-1.456,-6.5623,-9.4045,-5.7341,-8.827,1.2918,-8.3018,1.8601,-1.8243,-5.1854,6.4297,6.145,-0.4385,8.4538,-7.9528,-5.9878,4.0893,-7.5843,1.4716,-5.5196,3.2759,-3.8115,6.6367,5.1459,-5.1599,2.4809,-5.7042,-8.642,5.7265,2.8402,7.8496,1.1043,2.0347,-4.8472,-3.9539,6.0722,-1.811,4.631,-1.4374,-7.2477,2.5791,-2.9493,6.3319,-4.8175,-1.1331,-1.5801,0.6236,-3.9264,8.6958,-2.49,3.8402,-3.4945,3.2182,9.829,3.1322,7.2281,7.3169,-6.8852,-8.8495,4.1643,0.4265,3.377,9.5403,-2.3825,-2.6277,3.8676,-9.1235,1.6463,-9.5623,1.0543,-0.9586,7.2447,0.1202,5.6371,-3.6414,0.3506,-6.5927,4.8028,0.6454,4.4264,-3.4523,-4.7057,9.9926,6.3735,-4.139,-9.2027,1.3514,-5.612,8.5188,-2.047,-4.6114,-6.4079,-5.1452,-9.3111,1.7187,2.8241,-8.2099,4.7044,1.6809,-8.1242,6.2404,8.0676,-7.2153,-7.0179,-0.2866,-9.1928,-7.1191,-7.0877,-5.9031,-3.1689,0.9713,-0.1908,-3.3863,-4.0378,-3.8562,-6.4684,9.6695,-9.012,-6.3248,-1.5772,4.9971,4.1416,-0.843,9.9785,7.5539,9.7994,7.4082,6.8511,-2.5224,8.0823,-1.9759,-5.0358,-6.6859,-5.2497,2.8574,-9.9447,-8.7819,0.9814,-9.7926,5.316,-1.6641,-2.028,9.3691,6.7767,6.0752
3.4978,6.8686,-4.7284,-2.4,1.8897,-3.6288,-1.6012,-2.8006,7.4616,8.5562,-1.418,3.9345,-9.9306,6.4121,3.0687,-4.3883,9.4533,-1.4521,9.7561,0.1929,2.1147,3.5746,8.9812,8.4318,-9.5767,-1.8793,-1.204,6.8493,-5.2564,-5.1112,-0.2448,-8.5805,6.5501,-2.0799,-7.493,-5.46,-5.9792,3.6569,4.8769,-7.8639,-9.0452,2.1561,8.1963,1.79,8.2046,5.5371,6.7073,8.698,5.658,-3.1104,9.2492,7.4317,5.029,0.4338,6.853,8.1498,-0.9306,-4.2749,9.959,5.9769,2.6239,8.5305,-0.6283,-8.4916,-5.6942,9.7824,-6.4424,3.9862,-3.1401,0.2019,-8.3152,-0.455,-4.2964,-6.8722,5.3633,7.7686,8.8081,2.164,-6.328,1.7002,-9.16,1.876,1.7427,-1.0976,-4.3228,-5.4683,-8.5485,8.3114,5.4235,-4.5608,-6.9664,-8.8744,1.4367,3.1725,0.637,-7.8145,-8.3163,-9.8836,6.0545,-7.9605,0.1999,-4.5857,-8.1353,4.6331,-3.7896,7.1483,5.4656,-3.0504,-7.9369,5.0741,2.2358,6.8599,5.117,2.2416,4.5586,-2.9696,-9.7171,7.9533,7.7506,-7.9822,7.7009,-5.2569,-7.7908,0.1656,-8.9604,6.1168,0.9944,6.7714,4.1213,2.1306,6.9989,3.0132,-5.1142,9.1306,5.8106,8.8784,3.4104,-2.1978,1.0837,-0.2446,-6.2598,-7.9834,-6.2902,0.8721,2.3425,9.3548,5.8618,5.0545,-4.4539,-8.7888,6.2921,-9.673,-1.8553,-1.4895,7.6676,-3.371,4.936,9.9377,-1.898,6.5496,4.6868,-1.665,-9.6604,1.8293,-7.847,-7.2322,8.5735,6.9643,-2.2644,-8.5065,-9.469,-6.6534,-1.3722,0.855,5.6291,-4.0914,5.1483,5.594,6.7571,-3.71,-3.1081,3.458,-0.8698,8.6143,-2.9531,-1.3008,-9.2989,-2.7987,-3.8454,3.4342,4.4854,6.5791,1.0793,-8.0145,-9.9898,-7.2902,-9.588,-1.7216,-6.9525,8.8971
9.0817,-7.4274,8.0346,0.2363,3.2791,9.8037,-7.6858,-6.222,-6.642,8.7727,-3.1964,9.343,0.0137,-5.3611,-9.1866,-1.3184,6.3847,4.5156,7.6107,-2.2653,-1.2403,6.7662,4.3197,-3.3525,4.0206,2.5075,1.1979,0.1663,-1.8089,1.9279,-4.336,9.8455,3.8763,7.5639,-2.2949,-5.2952,-3.6044,8.6266,0.1683,-1.7535,-4.6691,-6.4294,7.9923,-0.5701,1.4953,-5.8324,3.4731,-5.2615,-4.1817,1.0366,-7.822,-4.0577,-9.4947,0.6639,2.2967,6.2205,-2.3899,-8.7219,5.893,-8.6099,-6.409,-2.1465,-2.1925,1.3957,-5.0748,7.4656,-1.3195,-0.9468,-5.1867,-5.261,-6.8423,2.6854,7.5872,-2.7391,2.6428,9.9401,-2.5775,-5.0486,-1.4324,6.5347,9.4815,-4.8875,3.7995,-4.0142,-3.4869,9.1899,-3.3416,0.9856,-3.9077,7.5656,-4.3287,-4.0233,4.5582,4.2108,-8.5197,8.9671,-1.0657,-7.3267,9.1026,-5.5218,-5.6723,-2.1933,-5.0016,-0.066,8.015,6.8623,9.8479,5.5675,-6.1412,3.5914,-0.1863,8.1374,-2.9264,3.9481,6.674,6.5354,4.5352,3.8378,5.5143,-5.908,2.5988,6.658,7.3354,5.3595,-9.8775,-6.7068,7.327,5.3201,-4.1444,5.7253,-4.4327,8.8275,7.1133,-0.7567,-7.1265,9.2405,3.3716,0.5825,-8.0776,-0.8565,-3.4417,-6.5943,5.6612,0.9842,-5.0929,-9.9302,-3.8952,5.0502,-6.6374,1.7115,3.2234,-8.1233,-4.4532,5.0655,-7.3481,9.128,4.6061,-4.5703,4.0124,8.8156,-9.1903,-4.0656,-5.3654,-4.1856,-0.0018,6.1362,0.0251,-3.9781,2.1188,5.0136,1.5138,-0.8727,-1.6541,-1.9546,-3.7036,-2.153,-9.4516,-4.8445,0.7906,9.8324,-7.1096,8.7572,2.5362,7.8218,8.6335,1.5321,-9.9046,-4.7972,3.4559,3.9426,-8.776,-1.147,3.8262,-5.1014,-6.894,2.9619,-5.5757,-2.7083,9.2182,0.4754
6.1114,-3.4945,-4.0178,-8.3953,3.553,-0.2463,-3.9135,-8.444,8.4903,7.5123,-1.2557,-8.4878,0.8916,0.9848,-2.844,-4.6935,7.382,4.6355,4.8061,8.6718,-6.9731,-7.2235,7.6361,-4.6748,3.9437,-2.749,-2.4613,1.5212,0.934,1.8099,4.939,9.3416,-8.1933,0.9404,-2.1518,6.2372,-2.4913,2.7674,-4.8249,-7.9997,-7.8327,7.6541,-6.2783,6.9626,-6.5127,7.8973,9.6193,-3.8297,7.4467,1.0482,8.5464,8.2849,-4.7327,7.0499,7.236,2.056,6.661,0.8279,-7.9765,-8.5138,7.8067,4.3485,-7.6319,7.0847,8.1384,-1.6434,-7.788,5.0196,5.6025,-3.4292,2.7196,-3.4661,-2.5421,-7.4455,8.1117,8.4829,1.7516,-4.9913,-6.1413,7.7332,-5.5061,6.9431,0.7705,-9.9605,4.6737,1.2449,7.3138,5.3779,7.0427,-3.4519,-2.8797,6.0163,9.4764,-3.0229,2.0646,-1.076,8.2924,-2.9522,3.536,3.6117,-2.9599,7.9587,-9.7557,0.9245,-1.1169,-3.4202,3.8408,-9.4376,0.3384,-2.1043,-6.5474,4.7648,-4.448,-4.8036,-4.8989,0.2092,7.4374,-8.4744,-6.6337,5.3396,4.0137,7.2257,-9.4419,3.6847,-0.6684,7.209,7.5921,7.1327,9.6326,-2.7379,9.6494,2.4157,5.1561,-9.9087,-6.0056,6.0031,8.7594,0.1338,7.2171,2.0323,-1.3923,4.362,-4.6607,8.9397,-4.3071,1.5434,-1.4577,9.5331,5.3021,-5.8231,5.1881,0.2196,5.1459,7.693,-5.1252,2.1099,3.3757,5.7246,-6.5142,-7.9379,8.2868,-7.9504,9.8037,-9.9545,-9.3098,-0.1291,-0.7189,3.7425,-8.1284,-0.0635,0.7531,-8.0878,1.7032,2.4339,-0.8697,-9.3057,-2.8532,-8.4349,9.1688,-8.5139,-7.623,4.1188,4.8305,-3.6749,-9.4052,-6.8391,-8.7776,-2.5494,-4.9521,0.9707,-5.3306,0.8373,-9.7171,9.7083,-2.7951,-2.398,-0.2845,-7.7093,-6.4393,0.9427
0.1272,8.1278,9.2784,-7.8354,2.7418,2.7088,-1.0288,4.8866,2.2652,3.2804,-3.4008,-9.6022,-1.8685,-7.8628,-6.7042,-0.1676,-9.3391,8.1588,-4.1142,0.7724,-3.8881,-7.1461,-1.1762,9.6264,-9.2847,-0.5674,6.2878,-5.7818,1.1958,9.6337,4.6831,2.8306,-7.8252,-1.7639,9.986,4.5399,-7.6342,5.8164,1.6111,-1.6924,9.3373,-5.906,6.6524,9.4637,-3.2151,-0.701,-5.2166,2.5493,9.6189,-4.9831,-5.5861,3.3802,-2.5331,5.6962,8.7414,9.1086,4.3144,-0.7418,2.0008,-1.1576,-5.992,4.9281,-4.9111,-6.3831,-0.6591,7.9609,1.2781,-1.2133,-4.1671,9.5227,0.2156,-3.3265,-7.2841,0.8151,7.6849,9.4228,5.7894,1.5729,-3.3926,-6.6766,4.0725,-2.3556,-2.6048,9.7087,-6.5245,1.8362,-2.8446,3.1733,5.7255,-0.7296,7.4563,1.676,6.3018,-5.0357,-7.8064,-2.0492,-2.5146,-8.6926,-6.6116,-9.9462,-1.3381,-6.5071,-7.9141,4.2971,-0.8302,8.3209,-0.8113,-8.6502,-0.2959,-4.6617,-3.6968,-1.8267,-0.5547,-8.1072,3.1894,-5.4792,-9.4157,-4.5329,3.0691,5.0783,-6.2476,-8.9658,-7.6061,3.5956,2.601,-6.8566,-3.4451,-5.1281,2.437,7.9257,-0.4612,0.4193,-5.3647,-5.753,-3.9787,-5.9646,-9.4434,3.5137,7.8365,-7.4033,-6.4732,-9.71,8.4158,-9.4552,-3.4192,-7.0503,5.6015,4.7489,-6.9148,3.8656,5.7161,8.7851,-2.1391,-4.2454,2.1097,-3.893,6.1946,-5.4314,4.9417,3.0666,0.7751,-2.4411,7.9206,-2.3128,-4.5528,2.6575,-0.1677,2.7738,7.3989,-7.3959,4.8099,-1.5387,-3.696,-7.5309,3.1447,7.266,5.3479,6.5914,2.5548,-7.8474,0.4453,-3.3608,-2.0451,2.9556,-1.3617,7.675,8.7794,-1.0913,-6.9371,-1.2473,-6.5994,-0.7778,9.8331,6.213,-9.8409,-7.6991,-3.7221,4.3983,-4.1992,-6.3761
0.7464,3.5586,3.5309,2.2901,0.8452,2.2767,-8.5383,-8.2801,7.0696,-6.2545,0.5704,5.3005,-8.3233,7.8311,7.6696,-1.7696,5.4501,-1.0146,-5.0347,-3.3374,8.3363,-5.3831,5.3107,-3.8243,-3.4873,5.3767,-2.2705,-1.0365,-4.093,-6.7498,-0.0611,7.035,0.3544,-5.0995,-6.4794,7.528,-4.4341,-9.443,-3.7185,5.791,-3.309,-6.3601,4.0452,-7.3267,-0.101,4.8848,6.2157,-5.6621,-0.9037,-2.1617,-1.6276,3.9561,6.0013,-5.9676,3.4636,0.1882,3.03,9.1138,-8.0739,-8.2894,4.3785,-7.401,-4.0624,-8.8178,-6.6321,2.6216,8.5431,-2.1493,-3.6191,-9.2003,5.5613,-7.4727,-5.072,-0.0969,1.6535,-2.3821,-2.2195,-4.6892,-1.4548,5.4247,3.083,7.8801,-1.8601,2.0458,8.5051,-1.9358,5.5417,4.5333,-4.7926,-5.6823,2.5129,-0.1628,-9.7832,1.5701,-9.7229,8.482,-1.8461,-2.7135,-3.3365,-4.8913,9.06,3.8514,0.1975,0.185,-0.5894,8.8147,-6.5801,9.1847,-4.5174,-7.8731,5.6604,6.4281,-1.4138,7.6685,5.1382,7.9969,3.4614,-5.6096,-1.8927,5.2398,-2.2888,6.5703,6.4622,-3.861,-0.0611,7.5283,3.551,-0.5795,8.2782,8.7848,8.4124,3.9686,-5.8399,1.8789,3.2295,9.5602,-1.0886,7.4512,-1.1452,6.5733,3.6897,-7.9729,0.6576,-9.5606,0.2253,6.0118,4.4511,-7.7709,-0.4413,-0.8007,-9.0888,-3.5872,-2.0284,1.4119,-4.8032,1.538,8.9755,-9.5345,-9.6452,-2.1566,-1.7891,6.8775,-1.2286,-4.2519,3.3429,4.2996,5.1899,-8.9077,0.4731,-2.5033,-7.8183,8.9017,4.6645,-7.2171,-9.4096,8.0021,-1.1373,-5.8937,3.2962,0.966,0.3425,-2.4554,-2.1348,-2.4269,9.3146,-0.6653,5.172,-7.57,4.9033,-7.6301,5.2198,-2.9374,-5.7239,-0.6965,-4.959,9.8307,3.7248,-8.3728,-8.8989,8.9682
-1.4294,6.8118,-9.9651,-8.9906,-5.4088,0.7077,5.2952,5.3768,-8.3748,-6.4165,4.1625,-7.9967,-7.2963,2.1821,8.7679,4.6195,-7.3452,-4.9435,-9.3191,4.9969,3.6476,4.9879,-3.4037,-8.5717,-3.3567,-8.3302,-5.6822,8.9339,9.1185,6.8608,1.6667,-2.5764,5.9493,0.013,-2.8369,3.7069,5.7521,3.8743,-4.6629,-1.1454,2.7958,-0.4918,-3.5195,-1.1524,9.931,-3.1979,3.7827,7.7682,-6.1912,3.3904,-0.1331,1.8985,7.0467,3.9515,-0.3083,-7.9708,4.9017,-3.4906,0.0598,2.0273,-7.6769,2.972,2.1469,3.4353,-4.2167,3.4124,9.2618,-7.803,9.1305,0.6503,-7.8031,2.6283,-7.581,7.3179,-2.4033,-2.8554,0.9187,-6.1715,-1.9123,3.1782,6.1178,4.7829,-8.9033,-3.5671,-8.2807,6.3265,8.101,-2.0432,-7.9444,-2.5202,5.2934,-8.4741,8.806,-6.312,-7.3649,-9.4495,5.6052,2.9529,8.521,3.7755,-1.2564,7.4828,5.9586,2.7157,8.5768,4.1841,2.6298,7.8873,-1.2892,1.5395,-2.298,7.9203,5.3689,3.7615,-5.1226,-3.8668,-2.1435,-2.7421,-4.1448,-4.8553,4.5894,9.2267,1.6018,4.8348,3.0865,-1.7421,3.2995,-4.9233,1.0435,-7.0431,-4.1297,-7.717,-8.7677,-1.943,-8.0798,-5.2542,-6.8941,-4.8481,-3.6945,5.6994,-4.6557,0.0058,3.8726,-8.2848,-9.9296,-8.2636,8.7877,-0.6642,-9.458,-7.3641,-1.5268,3.5474,8.2279,-9.5093,-1.927,4.7575,-0.9443,-5.9939,-5.689,6.8096,-5.6904,-1.0485,-3.3816,-6.8751,6.4747,0.2975,-4.9879,-3.1175,-0.7063,-5.9288,-5.2346,-4.7767,-7.6287,2.4611,-3.1487,-6.3388,2.0719,8.8155,-4.6562,2.9085,6.8891,-4.5944,1.3642,-1.6285,0.5941,7.5827,5.5748,5.4292,-6.6648,3.935,3.7143,8.9106,8.406,-3.9536,-7.496,6.3344,-6.6893,-0.693,4.4515,-0.1121
2.1677,-9.9815,-8.3002,1.3528,-5.3047,1.2392,-9.8719,-3.7572,-2.3694,4.7915,7.4401,5.5681,6.1617,-8.5625,9.7097,-6.4565,-2.4818,-2.1328,-1.2323,4.875,5.7897,-4.689,8.7687,7.6281,2.7918,-1.6251,7.7342,7.3353,3.8265,-6.2859,1.4607,-0.7733,7.8929,-1.6014,3.057,-9.1307,-9.2936,-8.1192,0.062,-8.1181,9.4917,7.1132,-9.3803,-0.0103,-5.1051,-9.8607,1.4143,1.8066,6.7596,-0.8649,4.5784,-3.2026,3.4803,-0.7386,-6.56,-9.8313,7.1693,-0.3851,-5.2161,-5.7014,8.6227,-1.0266,1.3329,-0.6203,4.7105,5.2041,-7.7266,-2.4417,-7.708,-4.2531,2.2469,-5.0888,-3.8032,-8.508,-4.2842,0.034,-3.792,8.846,2.6947,-3.5389,2.9041,3.515,3.5357,0.8291,0.4403,8.4741,8.8727,-6.4468,-8.8914,9.8665,5.7408,1.2729,0.2001,-1.0404,-7.9328,5.8363,-5.3584,-3.7922,-0.0603,8.9756,6.8194,6.9972,-1.7336,5.8331,-1.4342,6.1028,8.0609,-4.1757,1.8905,-6.5375,3.6134,-2.6803,3.3944,6.3384,-0.1936,-1.0962,-3.4795,3.5474,0.7618,5.944,-3.3103,6.8051,-0.1674,-2.0809,-2.4522,-7.4397,-0.3647,-3.1755,-8.5168,-4.2739,-9.7682,4.03,5.8582,7.0213,-8.6143,1.658,-2.1558,0.6562,9.0122,-3.2817,-1.5891,5.3863,-7.7901,-6.329,-9.2063,2.1526,-5.0206,-4.966,-9.9645,-8.4128,3.0403,-6.5501,-4.236,-6.5408,6.769,-5.6576,0.2458,9.1132,8.9001,2.9636,4.0468,-8.9604,9.9737,0.85,2.0472,4.1135,-2.9614,-5.1252,0.0258,-2.3254,-5.4706,9.8535,0.1536,4.2521,3.021,-7.3965,-8.4582,-1.8543,-7.7425,6.3409,-6.7335,-0.3726,2.8685,-5.323,1.6335,0.1173,4.0126,-2.5045,0.1152,7.5278,-8.7328,2.7202,3.8102,-2.6201,2.1265,-2.4313,-7.9726,-6.1393,7.0447,-3.7352
-8.6652,2.6439,3.3359,2.192,-0.1746,-3.8819,-1.5111,-6.7712,5.6513,6.0317,3.2888,-8.3574,5.6173,-1.8045,-9.1264,1.2014,-2.1683,-8.8828,-8.9883,-7.7391,3.3499,-8.2994,0.6532,-6.1811,-7.707,3.3035,2.2134,-9.2597,-6.4262,-1.6367,-7.9029,1.5728,-6.1839,-8.0821,-1.8306,3.4249,-6.2963,4.3907,-2.6489,-7.2207,-5.0186,-2.9155,1.4069,-6.2831,-0.074,8.6229,1.9633,-2.9051,3.2328,5.1164,-3.519,6.3196,4.4121,-8.991,-5.0225,1.1887,9.812,4.5925,1.3147,8.1132,-7.5715,-4.236,7.5983,2.421,-0.223,-6.4301,-4.3726,-0.3209,1.4569,-6.6859,6.2349,8.7421,-3.1919,5.9435,5.959,9.2862,7.6447,-6.6165,4.1818,7.7458,9.8801,3.9157,9.6708,-9.2524,-6.4855,1.2663,0.0878,-0.7833,0.3595,3.3114,-0.9722,7.7768,-9.9775,9.608,-9.7589,-3.9947,4.644,6.9455,4.9875,-2.3024,-5.4885,5.8582,-6.7474,9.6945,3.864,7.7254,8.2865,-6.7005,8.1719,0.6585,7.5854,8.6341,-6.4632,1.4645,-5.6572,-9.0923,6.808,-0.0545,-7.7016,4.495,-0.1257,0.662,4.2351,-2.1364,-4.7279,6.1472,8.6673,-4.9614,-7.5851,-9.9367,-9.6486,0.3382,4.8435,-4.0319,-0.7887,-6.5839,-8.0637,-6.3851,-9.2775,0.6133,-8.74,2.257,-4.3357,2.7141,-7.1227,6.6436,-4.9911,7.7832,6.1483,4.7573,3.8506,-1.989,-5.1582,-4.8359,8.9811,-1.6078,1.8565,-3.6248,0.4588,-0.0015,6.3365,0.3618,7.5921,1.7955,1.9733,2.5897,-9.8679,-0.0734,6.1149,8.4279,7.8519,-0.5355,4.736,7.6303,-4.1837,3.0056,3.0563,-7.4516,-1.5952,-6.9503,7.0214,-9.666,-6.6077,-9.3197,-2.0715,8.1678,-5.8836,5.3992,8.5779,-2.7323,7.942,-8.9897,-3.4341,9.2127,5.5566,0.3145,4.6913,2.8074,9.5323,2.8048
-2.3352,-6.0124,6.8789,7.3477,-0.5999,-8.1272,-5.0697,-6.1643,7.699,3.4589,-0.9147,-3.1919,9.0248,-1.1865,-7.5067,1.0721,-2.0843,-6.1731,-1.0122,1.8142,-7.1477,9.907,-7.3836,6.6716,1.3603,-6.8569,-6.4002,6.6302,-7.7617,1.7713,-2.083,0.8415,1.6977,-5.4833,4.3186,7.9119,8.46,-3.5984,-9.4944,-5.704,-4.3326,-1.1487,-0.4902,3.4497,-3.249,-1.2638,-4.6059,1.8492,3.0407,-0.0663,-3.3637,-7.1824,8.9851,-9.04,-0.0879,6.1315,-4.0534,4.1614,-8.9251,-4.7618,-3.9272,-4.9074,5.9663,-3.4107,0.3959,6.6244,9.5464,3.8485,9.1031,-7.0761,-9.2514,7.4234,-5.8382,-3.9219,1.5103,4.4282,8.3125,8.9707,3.8938,-0.8841,4.6064,8.8026,-1.6513,3.7835,8.5171,-7.1319,7.2696,9.4674,-9.579,4.2495,7.1576,-8.146,-1.4373,8.031,2.6419,-5.1755,-6.4537,1.4948,-1.6617,-1.2109,4.1223,0.1265,1.6927,-1.1455,-4.0472,-2.3947,-0.4601,9.1975,7.5955,-2.9916,5.4913,4.2795,-4.1547,-8.3617,-8.6337,1.1361,4.8694,7.7321,-2.8542,-9.7082,8.7938,2.0433,-0.0533,-7.147,-5.6721,-0.6693,0.0322,-1.7399,2.737,8.646,8.2839,-4.6558,3.7885,0.6592,9.006,-0.1806,-3.0729,-1.1193,-4.9856,0.9949,-3.157,8.0062,-5.9989,-7.1563,3.5154,7.3343,-0.9031,-4.6009,-2.1882,-2.4998,-0.1435,-8.647,5.7063,-1.2919,8.7063,-1.324,9.2504,3.4382,-9.4702,-6.5221,-1.4729,2.5723,0.8954,1.4156,-5.2896,-6.788,8.9967,0.083,9.8601,-9.4169,7.6558,2.3778,6.114,-9.9513,3.4023,1.7875,5.767,-1.2329,-2.8761,-7.38,5.075,-8.4674,-3.5703,-6.3178,5.6469,1.8058,1.8432,-3.4955,-2.8707,0.2502,5.6835,-7.0849,2.3746,4.7478,2.5162,3.8245,-9.4998,-6.1668,-9.303,-6.9332
-2.0723,-2.376,3.0082,4.2201,-6.1378,-3.6496,-2.2143,4.2485,-3.2838,0.7102,-7.7411,4.3773,-2.0255,-2.109,4.8099,-4.3596,3.0392,8.493,7.0305,-0.9518,-4.7671,-8.418,-2.4595,-8.2736,3.6768,0.1635,7.3516,9.5309,6.3874,-9.466,-3.0307,4.0759,4.8119,0.6173,-3.6923,6.7264,1.6142,-9.6474,4.2074,5.8088,-0.1685,5.5728,1.1872,4.8884,6.2368,3.2176,6.7513,-1.9373,4.99,1.5645,9.6413,-2.2352,-6.0199,-0.2074,-6.135,-9.7599,-6.4356,-1.9682,-6.5822,4.382,0.151,-4.8672,5.1043,7.3523,7.3475,3.9456,-1.7601,2.766,7.3221,-3.2301,-4.4792,-1.0344,3.5858,8.6958,8.3565,4.9062,4.9671,8.0978,-7.7172,-3.8971,-5.6695,-1.9932,4.4387,2.6988,5.7937,9.2221,-0.4032,-0.7419,8.455,-8.544,6.0915,4.8944,3.0169,2.5085,-7.7026,-8.9417,5.8563,-9.2558,-7.8233,-2.0349,-1.2256,-8.7768,-7.5875,-7.892,-6.1793,2.7028,5.0926,-4.4271,9.0155,-3.2768,-3.3191,-4.4586,-2.0939,2.5906,-7.4227,8.237,-9.0557,-6.5196,9.8617,7.8504,-3.8134,-2.3373,8.7598,6.987,0.4558,-5.9082,-3.3187,-9.2258,-6.5604,7.1146,-4.8354,-9.7953,0.1634,-2.2127,0.1617,-5.7442,0.1099,-2.5444,-9.8859,-5.7225,-9.5062,-7.1686,2.1522,-8.6173,-8.4728,5.6672,-6.8268,-0.6164,-9.4169,-9.8839,-8.7786,-8.7389,-5.6138,-8.9064,0.758,7.0745,5.648,6.8216,0.5801,-3.6471,-9.4126,-9.125,-4.6008,5.8512,0.2961,-0.6314,8.5025,-2.0134,-2.4294,6.239,-1.4339,2.5417,-9.0481,5.7738,9.5213,-4.9998,-6.6596,-6.1175,-7.8789,3.1774,-9.72,-8.3496,4.5297,1.6539,9.8349,-6.4087,0.0712,9.7579,-3.0409,-7.3124,5.8249,6.9227,7.9527,-2.4281,-6.6901,7.7678,2.9433,-2.6245,3.5511,0.0818
8.133,6.4874,2.5348,-3.4466,-1.3536,4.4476,4.4678,-7.524,5.8661,1.2782,0.2801,7.249,-6.6548,-5.9683,-5.3532,7.2459,-3.4499,5.0429,-6.7162,4.8122,-7.6893,6.9146,-0.1832,-7.0939,8.7689,2.847,8.6221,-5.1227,-7.994,3.863,9.831,-7.2921,4.0224,0.2502,-5.7367,-7.3557,-3.9476,-9.8222,0.0901,1.629,-2.6612,-5.2014,8.1718,2.068,2.3593,-1.9228,-2.9053,7.2139,-1.1474,0.1491,-6.6808,5.9495,5.3611,1.8188,-5.0373,9.3241,-8.6419,-2.5955,5.5224,-5.0125,-8.9523,4.8598,6.5357,9.433,3.9667,4.6351,-9.8022,2.2265,-2.5404,6.7495,0.7681,-7.0928,2.0589,-2.1279,-0.4221,2.5978,0.9243,9.9428,6.9041,-0.9591,-1.3458,-8.4707,3.4015,-1.6327,-2.3432,-2.5337,-8.8655,-1.9916,-8.9631,6.414,7.7931,8.8037,1.0716,-3.8458,0.5575,6.4063,0.4459,-5.694,-8.3609,5.0975,-3.1836,-6.3563,0.4089,2.947,-9.5171,-7.8308,-6.1579,-6.8948,-4.6401,-4.9436,-0.4512,8.0475,-5.8671,0.5959,-1.6671,-8.7422,-6.5272,1.9432,4.7099,-0.5696,7.5068,5.9043,-5.6689,-3.1686,6.6783,-8.837,8.5051,-0.6279,-0.5568,-5.3077,-8.0234,-5.5575,-0.7012,-7.6899,4.639,-2.3515,-5.164,7.4244,-8.0068,-1.4994,-8.177,4.1772,-1.3348,2.1425,8.9974,5.3193,7.4339,5.247,3.3841,6.3042,6.0413,-3.5277,1.3406,7.4152,-0.7315,-7.8349,-5.9656,-7.5068,-3.3046,-9.7822,9.5107,-2.1197,3.2909,-7.6739,9.2759,5.2404,9.8199,0.5416,-0.8473,5.926,-9.3841,5.6209,-4.5185,0.0299,3.6205,-7.5912,7.8216,-2.0603,4.6551,-4.9988,-5.5772,2.0882,8.4386,-7.7708,-6.4095,7.819,-9.238,-4.1695,6.1729,-9.0637,-0.7511,2.8891,1.0535,9.2086,1.6436,3.9708,-7.9086,-1.0711,-4.1436,-2.1577
0.9328,4.2514,3.2997,6.1654,6.4749,3.0814,-1.8725,-4.7212,-1.1911,-2.0508,-4.5958,-9.0355,6.1381,9.9087,9.0661,6.5742,-8.9832,-3.2609,6.3397,6.5775,4.6168,9.478,-1.0988,-4.4177,4.9247,-1.7725,-1.4175,-0.4602,5.2996,2.9032,-9.3728,-4.2782,-2.8923,-3.7049,-8.2451,7.9588,-1.1406,9.3894,4.7584,-3.0058,-9.2021,5.8261,-4.0804,-9.7354,4.9614,-0.9658,6.3293,6.1532,-8.7802,-9.6273,-8.2697,-2.711,7.7763,-9.0873,8.613,1.8772,-9.2699,-8.6559,4.6923,6.0553,3.3333,-9.0129,8.879,6.788,3.9329,7.4241,-0.4093,-2.0893,8.2405,3.6167,-8.0475,-9.1571,-3.1046,-5.357,-9.4823,-9.0301,-2.4041,5.2201,-2.0009,4.0074,9.229,-4.2117,-5.8731,-3.6536,9.4375,0.9824,-4.8912,9.63,-3.0841,-9.4767,8.5105,-3.5941,-2.2036,4.7725,-1.7483,-1.8646,-8.1504,9.0713,-1.998,1.8565,8.2216,-2.769,-2.2204,6.4691,-7.2183,1.9779,-7.9926,2.1668,-0.9782,-2.3616,-4.6419,8.5372,8.0963,7.8164,5.6253,9.7757,-4.9568,3.8818,-6.0305,0.0309,0.8866,-0.9105,-8.8154,-6.9411,7.3347,2.8657,6.0342,4.4633,5.1664,7.5835,-9.7565,9.3516,2.3936,0.034,5.3456,2.8425,-1.372,-6.2536,8.912,-2.9642,0.6862,-5.1615,0.3547,-8.2396,6.6426,2.5292,-8.0236,-6.7131,-3.4823,-7.5109,2.1861,-1.1588,2.6335,-7.2441,-4.2187,9.6914,3.7398,8.8092,3.4361,-7.4508,0.3768,-6.2034,-9.1663,8.2942,-6.9183,-3.5719,8.1367,-3.989,-8.0207,-5.8581,-0.197,8.547,9.0333,5.4403,-9.3641,-7.3308,0.0451,-9.8549,-7.0599,4.6738,-4.1257,-8.4878,4.5371,5.3963,1.0242,-3.5579,-7.0777,0.665,-8.1266,9.3026,-5.2044,-2.4781,-6.0011,2.9677,2.762,-9.7203,6.3539,-5.8771,7.3318,-2.6268
-8.9563,3.5144,-1.7402,2.9432,4.889,-3.2236,-2.8096,-5.2385,-0.7493,4.6952,-1.5,-1.0032,-0.2395,9.5019,0.7446,2.2465,-5.6324,-0.8912,8.8816,-0.1976,-9.5773,2.2231,-3.3787,5.8272,-3.9819,-1.5754,-4.04,0.4781,0.1545,-0.0526,3.8905,2.0375,-6.7629,-8.6258,-2.7935,-0.9409,-5.0313,0.8159,-9.7841,8.9097,0.052,-8.6905,8.4751,6.9948,-4.9145,-1.789,-0.7516,-6.0576,-8.3147,-1.6629,-7.3817,2.4701,1.5903,-8.5023,6.3441,0.5413,4.5367,3.4262,-8.6102,-9.8414,-0.3174,8.3748,-9.1725,1.123,5.7101,-0.991,1.2385,-4.2979,-4.3973,-0.1898,9.8047,9.209,4.2814,-0.3886,3.7066,6.6332,0.9201,9.653,-5.1356,-4.4201,-2.7304,-7.8571,-6.4494,-9.0773,-9.8204,-5.9936,8.0952,9.4243,6.7384,-1.2376,-8.2569,6.2345,-0.2624,-5.8609,-4.8843,-7.7465,-4.0737,-9.9104,-7.4397,3.9742,9.693,-8.8921,2.5055,3.3205,9.4352,1.4741,6.1013,-9.8707,3.7238,-5.245,-7.6726,7.4698,-7.9559,9.4016,-2.8435,4.2096,4.3952,-8.6159,-8.2467,-8.8056,0.7364,9.5384,-5.6509,-6.1521,-6.6753,-3.0385,1.1528,8.7103,7.3898,-0.3323,9.9568,-3.9018,-6.863,-6.9999,-5.3414,7.7585,-4.1083,-3.3165,-4.2104,3.2688,2.1187,8.79,-5.0738,-6.1291,-4.0154,0.3886,-4.8241,-8.1822,-0.6335,-1.793,4.5255,-8.5919,-7.7767,-6.233,-9.8062,-2.4341,9.011,8.9195,-3.0659,1.023,-7.3808,-7.0072,-9.6326,4.8773,5.5934,2.711,0.1049,4.0134,5.3701,-8.4241,3.5116,9.7161,-0.7917,7.2539,-7.0155,-9.9487,-6.7709,3.6538,-1.091,-7.2734,-8.8607,-3.3375,0.6657,2.562,-9.4943,4.023,8.0876,6.6276,0.5079,3.1938,2.667,-0.3066,5.1153,3.2223,7.7957,9.964,6.9757,-8.3156,-0.1486,-8.1001
-3.0904,1.1197,3.1499,9.5225,2.3477,7.6096,6.4005,0.8055,8.686,0.0922,1.6965,-5.9891,5.1415,9.4547,-8.0982,-7.9372,6.1637,-2.8047,-2.0139,-7.8611,-7.9796,1.398,-8.3543,-0.3425,-8.8889,-9.7496,8.0749,0.0751,2.3824,-0.6869,5.9679,4.3714,-3.0377,0.7433,-8.7601,8.5089,-9.3204,-4.9952,4.8938,-3.2884,1.8653,2.4305,-3.8394,-8.7715,-8.0228,4.6806,-8.3732,0.8641,3.3641,2.2888,-0.7404,-1.8984,0.8263,5.135,6.2776,-1.0874,7.629,-7.7389,-5.606,0.0505,-1.6348,6.8781,-6.2996,-5.2658,2.3613,-7.513,-6.134,7.3827,-3.0614,-5.4679,-6.1121,-9.4078,8.3286,6.7566,-3.5232,4.492,-4.5886,-5.2494,-6.3302,-9.0032,0.2783,4.3416,1.5758,3.6792,-4.426,9.1054,1.9802,-4.244,-0.0157,-4.0596,2.4215,-1.9011,5.4493,9.3112,-4.1978,7.421,-8.7916,2.1557,-7.9936,7.7761,-4.0258,5.2939,-1.1206,0.8538,4.0798,-1.2085,-0.7082,3.0295,6.7228,-2.2704,6.3474,1.7693,-7.4334,0.7434,-3.9072,-8.7784,-0.3537,3.7342,-1.506,9.6083,-0.3334,-9.9097,-2.1418,9.0289,-9.2723,5.6834,2.5686,8.6702,-1.5376,-9.0595,5.6978,4.5924,9.6708,-8.0495,-1.3986,-3.4975,9.0361,8.7756,3.141,2.2653,8.4387,8.7292,3.0646,-0.6628,2.7298,-0.4274,7.3957,-7.5286,-1.7362,8.4495,-2.0707,9.5278,5.5649,8.9467,-8.7681,6.474,-8.7883,6.7277,-7.8227,8.2974,-8.512,-4.1049,7.961,-4.5383,-4.4972,8.2383,-0.2358,-8.7245,5.9619,7.8028,-8.7548,5.3214,8.3913,-2.1463,-8.5482,1.5825,-4.5536,6.742,3.4343,-9.0212,8.5232,8.6055,3.7166,-3.9343,8.3538,6.7347,3.9052,2.8864,7.4771,-7.4312,0.4243,0.3631,2.638,-0.5062,-9.681,-8.0102,2.6996,9.5066,-3.6213,4.4197
-3.054,-2.1421,5.6769,-8.5125,8.9025,-3.159,0.447,5.6265,-8.1259,-0.8735,9.9186,7.5395,-8.5511,-6.143,7.3512,4.8234,-7.2037,-3.2364,7.8985,3.4895,0.6481,-7.9597,4.0259,2.4878,-0.0723,9.4254,5.7069,5.5204,0.9916,-7.9171,9.7357,-8.2936,-5.7593,5.8893,4.0399,-8.3633,-7.9301,-7.6624,7.0765,-2.6086,6.3261,-5.4664,0.5908,-3.45,-7.6698,-5.98,7.2499,1.8397,-4.8778,-2.4544,-0.6731,8.1924,-1.1112,-1.0256,-4.43,-1.803,2.3011,6.9819,-2.3483,5.131,6.6661,0.0299,2.8052,-8.1891,1.8236,-5.0415,-3.4113,-6.3691,4.4134,5.2557,3.3872,-4.3232,5.5134,0.9189,0.0359,-5.4712,3.7385,-0.7278,7.48,-3.698,6.7635,-6.4497,-0.4848,1.3793,-1.5939,-1.5569,-5.5936,-1.8463,1.8324,7.2739,4.7735,-9.3894,-8.9107,4.6586,-8.5518,9.4344,-2.4992,-1.9965,2.3426,9.3843,-0.3812,-7.0995,-8.5797,-1.5449,4.8243,-0.2263,3.5424,2.425,-4.7914,0.2043,-6.1957,-5.738,3.9475,-0.2172,6.8768,-6.8495,-5.8487,-9.054,4.1522,-6.5385,4.6825,-3.3712,5.8426,0.8991,-1.7165,6.8362,-3.23,4.0471,1.7168,9.1661,6.9563,-9.1277,-3.3258,-6.7138,5.3712,2.6962,-8.0108,5.3717,6.1202,6.8423,1.2963,-0.9107,3.3283,-4.6886,6.1984,2.7338,-4.0071,-5.8783,4.2612,-0.4237,8.476,1.5903,9.6151,-4.5918,5.5209,-1.502,-8.8618,0.7966,-8.048,-6.7609,-1.6213,1.5994,-3.4731,4.3189,-1.9484,8.4659,7.0339,-6.4477,2.746,-3.4567,7.7623,-8.9991,7.9013,-0.887,-9.1267,-3.2619,2.9678,6.8854,-7.3554,-9.6883,-3.1786,-3.0522,5.8152,-9.265,3.1962,4.0294,7.0909,-1.4494,-1.9864,7.2206,5.7221,8.8047,-0.0673,-2.8734,0.91,-7.4522,-2.7598,8.0468,5.3718,-7.9681
-3.4093,-6.5808,-2.6451,2.1254,1.216,3.2029,-5.8365,-0.1385,-7.0984,9.8632,1.8429,-7.7935,-9.5641,-0.5908,3.7876,5.0285,-8.1468,-6.8059,0.5123,-3.0737,9.9811,-7.1164,-2.3797,7.2315,-2.7642,0.7247,2.5353,8.3836,9.0668,9.3312,-0.7493,-9.4996,8.2206,1.8517,-2.7002,-8.6016,-1.7876,7.6249,3.3298,7.7251,-2.9815,7.6183,7.7215,2.5267,1.7804,-7.1977,4.444,8.1577,-2.9182,-7.0745,8.0723,9.4154,5.0698,0.4725,-2.2388,-5.8545,-9.3675,3.2561,2.6463,-5.1939,1.6246,-9.3938,4.0478,-4.0842,-6.5631,-5.7293,1.8545,-3.9135,3.5257,-5.098,3.0874,3.4208,3.0977,-1.1115,1.3459,-7.266,-4.3567,8.595,3.4229,-9.6009,-3.2469,8.4357,9.4229,3.4336,-2.8294,4.6732,-1.8422,1.5807,4.7928,-9.5554,-0.2625,-1.1459,-8.5597,-7.2463,9.8622,6.433,-9.5225,8.1774,0.6383,-4.8956,-9.4594,-2.985,-0.5744,-7.1094,-1.0627,-2.4243,8.2294,-1.0869,6.5913,1.6069,-2.4786,9.59,2.331,-7.9776,4.9142,-9.6556,-8.588,-2.0961,3.3886,6.2039,8.4495,3.8579,2.466,7.9766,-2.7376,2.3505,2.4404,6.676,-4.101,3.4098,3.808,3.3621,-8.9047,4.9843,2.2951,5.5474,-5.0831,-6.4024,3.5413,-2.1709,9.5321,-3.1318,6.31,-0.438,-2.7144,-9.9477,4.4825,4.4842,-2.4468,1.5037,9.1016,3.8013,4.0376,-5.7468,6.7971,4.7703,-5.5605,3.118,-2.5107,-3.4172,-6.8799,3.3335,9.6231,-8.7247,-4.813,-8.7558,-2.4362,0.2851,6.8114,-2.4211,1.4983,9.4522,-7.3466,-7.0264,9.8873,5.0663,8.2856,-9.331,-0.5017,7.0776,-7.2044,4.3547,-0.5471,5.3116,-3.2791,-5.7807,-7.8586,6.0138,2.69,5.0714,-1.4826,0.8181,-0.5491,-9.7992,6.721,7.4815,0.6869,-5.9298,9.0654,-2.2088
-2.1656,-5.2775,-2.3613,3.4386,-6.9257,-7.8794,-7.8826,2.4458,-0.994,1.0169,7.849,5.4777,-1.5004,4.5398,-9.7907,-3.4335,5.2219,8.6681,8.3155,7.663,-8.4228,7.4819,7.3848,-4.0316,8.1954,3.3396,3.9784,-0.6335,-3.0669,3.9662,-4.5425,-2.4832,-8.223,-1.7108,8.3948,-6.2356,-2.2807,-5.4084,-4.3658,7.4219,2.7078,-2.0061,9.5771,-0.5218,-5.5666,-6.6716,-0.572,-8.4485,1.6749,-5.2052,-4.0969,-1.0025,1.3978,-6.9858,5.1405,1.5002,-3.4839,2.9307,4.0532,-0.2618,4.4029,8.1144,1.7877,2.4209,-3.4965,4.8813,-6.2426,-4.9093,6.5864,6.4678,-5.4176,8.4919,-7.6901,-0.8852,2.4418,-3.2378,-1.1845,-3.4767,4.2493,2.8291,0.4348,-4.3545,-2.9679,8.1169,0.2182,-3.949,4.9867,8.8423,8.4182,-2.2401,-2.3054,-1.0172,-0.1558,-9.0071,-5.9782,9.2278,8.6758,5.5598,6.2347,6.577,1.3276,-9.8971,2.9667,7.4129,-5.1412,-7.6182,0.7664,0.2919,-7.6823,-7.493,-9.252,9.6073,9.0593,6.5615,5.8675,-2.4526,5.9407,-2.856,-0.1303,2.4864,-9.4497,-2.5337,4.6084,-8.964,-2.0874,-1.0379,-1.6446,8.451,8.3246,3.2971,2.2741,6.0286,6.5085,0.5132,-2.4596,-1.9414,-6.3216,5.15,-2.2234,9.4959,-3.2902,2.9112,-8.3816,-4.2302,-6.4188,-5.8487,-0.4935,1.1117,-8.9191,1.1943,3.2777,-9.774,-1.54,6.3905,4.338,8.9612,-0.1324,9.4407,-5.2149,8.1241,8.6269,-2.2754,7.1257,2.7665,-0.51,7.1678,6.6265,0.6512,-7.6795,5.601,-0.3268,4.5078,-0.8469,-2.5311,5.8187,-0.5612,0.5961,0.7507,-9.5475,-8.2112,-0.0456,-1.6336,5.2796,0.1831,1.7634,0.5379,1.7095,-2.0253,-8.931,-2.5221,-0.4506,-5.0996,7.0472,-2.3786,9.4363,6.3857,5.0418,0.6272,9.1937,-1.1901
6.4034,8.9332,-0.5518,3.4538,-4.1273,-4.1699,5.6529,-7.2766,-9.16,9.077,-6.1428,-1.1015,-4.5479,-2.6746,0.7026,-5.3645,8.0912,1.9376,-2.6663,-7.4636,1.7171,3.8239,-6.9596,6.9362,8.6108,-2.3418,-2.7316,-8.5918,-0.0567,3.4383,-5.7965,-1.3532,-0.9218,6.5421,2.0202,-7.4553,0.46,5.9819,3.6975,-5.9904,-1.8996,8.3011,9.9559,-0.7748,6.3184,-0.4828,-9.6628,2.2527,-6.8416,-6.4249,6.193,1.5338,-1.4939,2.3326,3.9526,3.5431,6.6605,-7.1715,9.2297,-2.3787,-2.3478,8.0157,-8.3383,5.9508,8.6205,-7.6953,5.7081,8.6351,-4.5805,-9.9002,6.4558,0.5843,7.1272,-9.2097,2.7452,-4.3467,7.673,-5.4073,5.9156,6.2037,-3.294,-9.0567,-4.1765,7.0824,-2.0615,4.4837,8.7382,-3.9309,-7.3754,1.5914,-2.7249,6.6394,-6.0046,-1.8132,4.1023,3.1423,2.0712,-2.6692,3.244,9.4255,2.5775,8.9991,-7.2214,1.9693,-3.6806,0.4901,-5.264,4.5778,-8.8593,0.2828,4.9078,-1.3111,-1.7558,5.8845,0.0325,1.2726,5.0086,2.7175,-9.3264,-7.3098,-1.0711,6.7313,6.0592,4.3133,5.7932,-2.6493,3.4343,1.4379,2.2245,9.6781,-1.2862,-4.5096,9.4998,-2.6254,9.1236,-1.1354,0.4236,-0.971,7.8204,2.6571,5.5197,-0.0548,-1.4649,-9.0122,-2.2263,-6.3707,-2.6057,-1.8894,-5.023,-0.0523,-6.9837,2.9369,3.1691,-1.9644,3.8046,-9.6176,-7.1701,-9.2387,0.6006,-1.4105,9.716,5.2079,4.1553,9.4779,8.3166,-3.1347,6.8832,8.945,3.0077,-7.0524,-9.4089,4.7951,-8.2945,-0.2454,8.0482,0.6502,-6.444,2.5859,-6.0711,-5.5114,-4.7044,0.7528,7.8745,5.2526,-7.517,7.3648,0.4919,9.9156,1.0424,-5.5411,2.2206,6.3576,-4.4086,5.3062,-5.0008,0.158,-7.9486,3.5829,-1.1817,1.8196
-1.3238,-5.1624,2.6949,3.0922,5.4358,6.3098,2.9448,6.2398,-1.8582,-4.1536,0.1577,-5.8328,-8.5707,3.5292,3.3959,3.8596,-9.669,4.5084,6.2196,-3.7321,9.6052,-5.4093,-3.7164,0.9253,-6.8641,-0.9302,0.9559,3.5669,-9.6248,5.0174,0.9048,-2.1558,-7.3873,-6.3587,5.1473,-9.695,7.2884,0.4006,-4.6679,2.6419,2.9164,1.8381,1.7207,-4.9369,-7.9928,-1.835,4.3848,8.5625,-7.2297,1.2397,1.7549,0.5329,6.9943,-5.22,1.2779,-6.7445,2.0065,2.0603,4.9332,9.703,5.208,-5.4794,7.5506,6.2453,2.8906,-4.1947,7.9232,-5.0318,9.3874,-6.498,-5.6363,9.6162,-9.2626,3.8783,4.4065,2.485,-0.6013,3.7175,4.4001,6.5148,7.9312,-0.4338,-6.4946,-5.7301,2.481,7.3553,-7.2033,1.1903,3.8893,-1.92,-8.3851,5.3012,-9.8277,-5.9242,-7.9893,-9.1482,-2.2675,1.9057,5.1123,-5.7101,2.2747,-9.1321,-6.6919,-7.8304,6.8471,-0.98,-9.5271,0.0344,5.9962,-6.0709,-3.4869,6.7049,-1.1989,9.1881,-5.1422,-3.7783,-2.5461,8.4914,-8.3189,4.749,-6.6325,-9.432,-4.9913,-2.2992,-4.7054,1.2611,6.7956,-9.1399,-5.9638,-3.6212,-4.352,-3.3185,-5.2789,-6.1535,6.1232,-0.2146,-1.245,7.9632,-5.2548,7.1928,-1.5142,0.7816,4.5377,-7.7501,-3.3311,1.2304,5.4821,3.2336,-6.6269,-5.9761,3.7105,6.5398,-7.2736,-8.2621,-0.6096,7.1724,1.2261,-0.5228,-1.73,1.5659,1.8641,0.4594,5.8636,2.5887,1.3617,1.8313,5.2388,1.1835,0.913,-7.7575,-2.7872,-6.7266,8.1668,1.438,5.6361,-2.4147,-9.9008,3.8513,-5.4541,-4.9022,8.2276,-3.3809,-3.4082,-9.4086,8.7671,-8.9585,1.3053,6.3133,-2.732,7.0028,-2.3051,8.2714,2.2885,2.771,-7.6085,-0.8422,-1.745,1.5297,4.2025,1.2676
-1.8353,-9.6636,3.2735,-3.1181,9.3664,-3.4585,7.9529,-0.2713,-7.8087,7.5189,-8.2272,-4.2701,5.1492,1.0996,5.7852,-9.5056,-2.9084,0.6484,3.7715,4.6489,1.0764,2.3884,9.6549,-4.055,8.2146,-1.2271,-1.0352,-2.7245,7.0396,-9.7068,8.237,6.9434,-9.5441,7.6753,-5.6708,8.2558,0.1103,9.4971,8.555,4.6278,0.6883,1.2811,-1.4913,-9.2716,2.9017,3.1081,-9.8155,9.8294,-3.772,-0.5128,-5.5634,-3.6268,-0.9877,9.9074,8.0293,-6.5887,6.645,-5.873,-4.1846,9.8524,-9.8254,-9.0325,7.0154,-3.89,2.8449,2.7991,8.5245,-7.4006,-2.5846,-7.7361,3.5534,7.9424,4.4608,-7.2245,0.2087,-3.3789,5.5167,-2.0424,-6.9407,-6.7586,-9.3092,2.39,-8.1587,-3.1059,-7.6253,-8.8262,-5.6606,7.7971,-5.9413,-3.7353,4.2323,8.4064,0.5586,2.7504,-5.1543,-8.3615,7.5526,6.0918,8.0167,6.533,-0.6922,-6.3467,2.8562,5.4313,8.9183,-5.3397,-9.2745,-7.4887,4.7932,9.9929,3.9826,9.7706,6.3471,2.7158,-9.9533,6.3615,3.4775,-5.6181,3.0407,-1.5926,0.3895,-1.2243,1.671,4.2984,-2.0068,4.0316,5.6144,3.8686,7.861,3.1368,-2.5897,-5.0848,-5.5068,8.2157,8.6322,0.4699,9.1127,4.8498,-5.6996,3.9644,-8.7806,4.6419,0.4265,-0.4039,-4.7323,0.8654,2.8207,-6.3061,7.2113,9.7351,1.3238,1.2222,-1.2555,-9.8892,-8.1773,-7.5152,-7.4776,-4.9378,3.875,3.7209,5.6753,-1.205,-3.4505,-9.1082,-1.6261,-6.083,6.8694,-7.971,5.1531,-8.055,6.9283,-2.5096,9.5738,9.7261,-1.0956,6.1066,6.8908,4.6188,-3.0059,-6.4814,1.783,-3.1833,9.4333,8.0291,2.092,5.9864,7.4875,5.4063,6.7765,3.2801,-7.0555,-7.9578,9.6344,-5.9512,-0.3078,9.3498,3.517,1.2735,7.787,3.1652
-0.7674,-1.7663,-8.9724,-7.8568,-9.9843,3.0871,-3.1774,-8.5708,2.9641,1.7284,2.6491,1.6682,1.5746,-9.7484,-2.6439,-4.0175,-1.0314,8.949,4.5486,-0.1461,6.9111,-6.7836,2.2249,-1.3405,-4.8891,-1.45,8.4186,-3.3338,-2.7547,-9.0933,8.4322,-4.1584,-8.3875,1.963,-6.3816,-1.2815,-8.7863,0.0258,-0.8451,-1.2291,-2.0479,-1.7606,-0.324,-7.4494,-5.9551,0.642,-2.4583,-9.3578,8.7234,-0.1057,-5.055,9.1518,-7.5441,-6.4036,-9.1569,-4.54,0.2087,-9.4385,4.7772,-7.3959,-6.804,-0.8108,9.1299,7.4949,-9.6244,-0.4079,6.8059,-8.3793,3.4495,9.3835,-7.8683,0.9532,-0.4016,-7.8925,-2.7696,-1.8185,-9.7349,-6.1853,-5.59,3.9041,5.7711,-9.8854,4.1799,-9.6817,9.5464,5.6812,-1.8009,3.1277,1.9323,9.8188,-7.692,7.1716,-9.9291,-3.7849,-1.9868,-3.8547,-7.6039,-2.1817,-9.7188,7.4008,2.829,-9.0915,6.3453,-2.8587,9.6779,-1.9312,-6.6421,-1.9511,-1.317,-9.6615,7.4458,-1.4197,9.0512,0.4796,-3.398,3.7286,-9.4765,3.2263,-0.6928,-3.6492,-2.3171,-6.8348,-7.2529,-2.5017,-2.3419,-7.2039,0.8096,3.2913,4.6558,-5.382,8.1603,-6.3971,8.017,-1.6724,1.0069,-3.6662,4.9406,6.6476,3.833,-0.9562,4.0679,3.2013,-7.3147,-3.2011,5.8942,0.9634,-2.8576,-9.5081,-4.7216,5.7187,1.3075,2.0504,1.6407,2.3839,9.0559,-7.6459,-9.5235,6.7584,-1.6661,-6.7469,-5.7972,-7.9538,2.8738,9.0912,5.3069,7.5629,-2.5266,9.0241,-9.4349,-3.6585,4.3795,-1.1042,-3.8654,9.8361,9.1298,9.4514,-4.0005,5.0248,5.6024,9.0346,-4.6203,-1.4118,0.2761,3.928,-1.4127,4.4044,6.91,2.1795,4.7649,3.4996,2.7874,-8.4955,-7.7338,6.7589,-1.3896,-6.7409,0.8455,-0.186,-1.5165,1.3769
-9.5034,0.0412,4.2285,-2.2978,-2.0208,2.3246,5.5133,-4.0311,5.7798,-2.2186,-7.3825,1.6889,-8.4729,-1.4428,-5.0852,6.712,-0.6595,-7.099,-3.581,1.1491,8.4683,4.3565,-7.5131,-7.665,-0.9048,0.9391,-5.2046,-3.9261,5.788,-3.4228,-2.9777,5.7603,-5.6433,-4.6337,-0.8472,-8.4594,7.3636,-6.4687,-3.1683,6.234,-5.8912,-2.1199,1.5141,4.7903,-3.1082,-8.0703,-4.5474,6.0398,-0.1932,-4.7719,5.8426,-6.4617,0.5756,3.4421,9.6193,-6.9784,5.6199,9.8872,6.3322,7.3956,7.6372,-2.4492,3.8458,-6.0332,-3.7546,2.9819,6.6081,2.8651,-3.4422,9.02,4.1002,7.5347,6.332,-0.374,-5.7176,4.8996,-1.166,-4.0472,-6.8035,1.6344,6.7736,6.5244,3.4742,9.4547,7.7873,2.0665,5.764,8.2262,7.5382,3.0922,-1.1098,-9.998,4.3236,-6.423,7.3733,-0.8388,3.9174,-7.8908,9.6169,-0.8004,8.1058,3.0595,0.65,-4.7528,9.4205,-7.1593,-7.5185,7.8622,4.4155,-0.6479,5.5344,2.0955,-6.9716,-6.8215,9.4463,1.3688,-7.5996,-8.144,7.2888,-7.1696,-6.9758,-7.0031,-9.652,8.501,-7.0657,3.5121,-2.1414,3.3334,-0.1547,5.359,7.6881,2.471,-0.5667,-0.3944,9.118,-1.1486,5.3761,-8.0976,-6.0707,4.1013,-0.3823,-5.7642,-3.5414,-3.838,-0.3798,-7.6168,6.9416,8.258,1.1796,-4.7435,5.3382,3.7869,-3.5488,-2.7631,1.2933,5.4342,-5.2614,-4.5418,-8.2905,5.1815,8.0205,-3.4032,-2.0988,2.8747,0.6474,7.0263,3.0503,6.123,6.3489,0.1555,-5.9296,7.7463,-8.2321,4.4726,-8.6802,3.5087,-2.5683,9.0866,-6.1305,-4.7052,5.0186,2.4827,-7.9232,1.894,-0.7501,2.3826,-3.2666,2.0581,-7.2998,7.6939,-2.9661,3.187,-2.9779,-7.3986,-5.4639,7.3309,3.6698,1.8204,9.4011,-7.4537
-8.1404,-2.0851,4.659,-4.0326,7.0352,-6.4818,3.1389,-6.2901,3.6599,-9.7411,-9.0242,8.0376,2.434,-9.6338,-8.5926,-8.0177,8.9254,9.3398,5.3941,9.7246,-7.4149,6.3919,-2.3079,-8.9636,-6.2949,9.224,7.7127,-0.014,5.811,-9.0194,-8.9547,-1.9604,5.085,-7.6605,-4.1845,1.9437,-0.9231,6.5447,6.0198,9.8589,-8.327,1.5653,4.9845,2.0227,-0.4017,1.8832,-4.7087,3.4723,-7.1744,-2.9531,4.3754,9.0092,-3.1007,7.824,-2.5683,-0.2531,4.3357,-7.0558,7.1769,5.1382,7.8533,-0.3918,-2.1807,4.9149,-3.4517,6.2562,-4.3,-5.4912,7.3712,1.5874,0.818,-8.5055,-1.0835,-9.3798,5.0499,5.0826,-7.201,-4.1787,2.7609,-4.1086,2.2211,1.0316,8.812,8.6857,-8.5917,0.0121,-0.2928,-8.9707,7.4953,2.0635,-4.457,-6.3614,-7.2901,-2.6944,3.7007,7.0428,-7.3684,6.9168,-8.6425,-7.2028,-4.5905,2.2953,5.4605,0.0133,-9.2648,-2.1466,4.7242,-6.2388,6.0692,-7.2031,8.127,-9.6783,0.7258,5.2403,-2.9867,-5.0812,0.8301,-5.0999,3.5042,6.1503,3.5338,2.6194,8.0175,0.9736,-2.8223,7.3066,-8.5058,-8.3592,3.8583,-7.3233,-4.63,-8.895,5.6405,-8.5277,1.5218,-3.1512,-9.2733,-2.2098,-5.1122,3.9223,1.5663,-3.5042,5.4799,-2.9693,-0.7936,-5.5432,4.0956,4.3972,-2.9832,-9.9632,-7.5915,-5.1469,-9.0884,2.4275,3.2047,9.8797,-9.1962,-2.4046,-6.6985,3.1789,5.1707,-2.5227,1.5257,3.778,2.4236,1.7177,-3.1024,3.0744,7.5463,-2.202,-3.4332,-6.2787,3.8176,-8.8277,7.7771,5.4444,-1.6037,9.9589,-5.1424,-1.9829,7.1415,-6.7114,4.2433,6.0713,2.5883,-4.7012,7.2729,3.9781,-8.711,0.0796,-7.0714,6.8064,4.7478,-4.9398,3.4987,7.6139,3.8616,-2.6551,6.305,7.8901
-5.3821,-2.7182,-4.3398,6.8134,-3.3217,-1.6571,1.2269,3.6858,-4.3428,1.598,-5.6192,-8.9858,-0.4888,-0.9613,-7.7302,1.0553,-1.7047,-7.2767,1.5205,-1.144,0.5028,2.8489,8.1101,-4.7854,-5.8488,5.0452,-6.7864,7.2541,4.3446,0.6312,2.0167,1.1572,4.4673,1.2345,8.232,-4.0298,6.1909,4.8252,1.7062,3.1035,4.6304,2.5071,-6.6363,6.9961,-7.093,-7.5175,-1.3632,6.1803,3.7661,4.7369,2.9275,6.6969,7.0209,-4.1421,-0.8207,9.1329,-5.7212,8.4898,-2.4022,-4.6449,-6.3246,-0.9057,-1.4223,-6.3954,9.7175,9.2232,9.5877,2.3727,7.1486,-4.8608,-9.614,1.9877,-1.1223,-0.551,5.3966,1.6081,0.0921,8.3255,-3.3263,-9.3892,-5.9212,9.1988,1.4698,-0.612,-7.7802,-7.606,0.7227,1.7383,-4.5102,2.1997,-6.3497,2.4787,-4.9888,1.6799,-1.1641,5.1619,-4.2753,-5.4353,9.6142,8.9721,-8.0806,9.5049,3.3276,2.2686,-4.5958,7.0312,2.0002,9.2623,-9.3337,2.6563,8.371,9.584,-4.4841,3.5911,-3.5391,-1.4889,-2.52,-5.7553,8.7867,2.3217,8.7419,-4.4503,4.9621,-7.4549,-9.4899,0.9099,8.4441,-5.5762,-8.4641,7.7633,7.6639,-9.9463,-7.1468,-2.0851,6.4623,-5.951,4.4319,-1.1682,-6.8953,-6.389,8.1942,-2.1425,-5.0605,0.6238,-6.5622,-7.0309,-7.902,-6.5363,9.8882,6.1419,-4.3858,-6.9089,-6.2217,2.7392,-7.0817,-7.0261,7.2759,-6.5302,-5.6783,-8.8254,-3.3817,-5.4749,-3.5198,-8.3031,5.868,8.1367,7.8679,-3.6438,0.5034,-4.8882,-3.4948,-6.2691,2.9874,-0.0745,8.951,-3.645,3.0006,8.2615,-2.747,-4.5258,9.2924,5.6547,5.9819,6.4418,0.1943,-9.968,9.5868,9.2559,-8.3989,-2.067,-2.9443,4.4355,6.8784,-1.9509,-0.4948,4.6659,9.4191,-3.1477,-1.4306,5.8105
0.3066,-1.0049,-9.4811,4.981,3.2681,8.5459,3.7406,4.5211,-5.1233,6.1413,-4.0542,8.6428,2.296,-6.9986,-5.0851,2.8463,4.6042,-5.3749,1.1154,-3.8911,6.4617,-3.8966,-8.2404,8.5329,1.2837,-5.2193,0.5105,6.2921,0.7404,-3.8256,2.845,-1.9228,-8.7529,0.7328,1.4649,7.5246,-5.8421,-5.778,-2.8949,3.2104,-4.3126,-2.3907,0.0532,8.3288,8.4143,4.8614,4.5915,-1.7338,1.8268,-7.8112,-5.7197,-6.042,-3.7534,2.9435,-0.4356,3.3864,9.9691,-5.4171,1.6878,5.72,-9.7778,2.7813,8.1045,-1.2742,4.0023,-5.9656,-9.4256,1.0374,-0.6777,4.9975,-6.6295,9.4307,-4.8932,-9.8145,1.2765,-4.1256,1.853,-8.2847,-6.352,1.841,-2.8206,-3.6687,-3.3404,7.5467,3.928,-2.341,-3.9931,-9.7141,-4.1888,9.86,5.4635,0.7822,7.8323,-0.0533,5.1986,-5.3083,7.4042,-9.2549,-8.1584,-0.67,-5.7982,-0.9476,-9.2981,-8.3346,-0.5937,5.1451,-8.4363,1.6732,6.1094,-8.4447,3.0931,7.2407,0.9572,-0.7936,1.3872,2.2269,-1.484,-1.8474,2.3479,0.6842,3.734,-8.4255,5.8389,9.7651,-5.9139,-7.1447,7.6562,9.5507,-8.4348,-2.8258,-5.365,-4.1365,-1.995,-7.0191,5.8422,4.4802,7.5122,1.4653,-3.3112,2.9121,-7.5681,5.0453,0.7494,0.9042,-1.7316,3.9609,-8.8352,-9.5073,0.3214,-3.3161,-4.7978,6.9217,-0.9317,4.6661,-9.9416,-8.6789,0.2091,-0.9157,5.0286,3.4983,-8.3255,-1.8234,-2.5817,-1.8528,-7.3877,-0.6427,-3.7736,0.7903,0.353,-6.9444,4.1735,8.505,0.1008,-3.6962,0.08,-8.6495,-4.7827,-3.8255,-2.3062,5.3685,4.3281,-5.6711,4.8682,8.5363,-1.9839,-7.696,-9.4497,5.6488,-2.3221,9.9285,-0.3277,1.1717,-7.6123,-7.8133,4.835,3.7199,0.1835,7.4064,-7.4071,6.2403
-5.4478,3.2457,5.3308,-8.0672,-5.8463,7.4534,9.9504,2.31,7.1869,-5.9921,-5.07,-3.9433,-4.5822,-2.7606,-1.1251,0.8931,9.2412,-4.4465,-2.8577,-1.9004,1.5853,-0.9728,1.394,2.2758,-6.4903,-9.7626,-0.4575,-8.6225,-7.486,5.4033,1.2234,-5.4096,-0.481,1.9645,4.0634,4.6398,6.0778,-8.8433,9.4736,6.5097,2.5316,-5.2366,-2.6314,8.6742,2.8916,-5.3119,3.1401,-3.1158,4.4124,1.0018,-5.4578,-0.1839,-7.3234,1.6233,7.37,6.6469,6.8844,-6.7679,-2.0804,-6.602,-4.3445,-8.9506,-2.0827,-3.6665,-7.0827,6.6417,6.7669,2.1111,-9.1441,5.5314,9.2626,-7.8387,4.7595,-4.6301,-2.1139,-6.4645,3.0084,4.6011,-6.6146,8.3119,-3.4184,-3.2745,8.7412,2.7971,9.0919,-6.1169,-6.924,-6.6061,-0.0894,2.0153,-0.0047,4.5222,5.3428,-2.8436,-1.3441,-1.4481,-6.3137,-3.1645,-5.0966,9.5,-0.0054,-4.7365,7.7317,-2.0781,-3.8626,4.4366,-9.0237,9.1098,3.9721,-8.8121,4.7057,5.7814,-5.5629,1.6111,-1.1508,7.4557,-0.2898,-2.5178,-9.4924,-6.3775,8.409,4.4885,-1.2366,5.2955,1.5773,3.5765,7.8528,-1.9293,7.9699,-6.2617,1.2172,2.6327,1.1018,8.7108,2.9606,7.3376,7.8181,4.7375,-5.3593,-4.344,-5.0534,4.1341,9.2112,-6.221,-6.6826,-5.7137,-3.4636,-1.4457,4.0612,-2.3811,9.3519,3.6925,-8.6939,-4.3228,-6.8724,2.6929,8.4148,-7.3446,-5.7613,9.6991,-2.8258,1.4331,5.4279,4.0423,8.6646,5.4045,-8.4816,3.376,-8.5338,-5.0627,0.6141,-8.284,0.8789,2.4713,1.34,5.085,-9.7987,1.1965,6.713,-5.4224,4.2142,-4.1824,-7.5736,-5.5297,-4.9473,-9.7396,-0.3756,-2.324,-0.5616,0.0026,-8.1237,-8.7922,0.9105,7.7079,6.4121,7.8265,-9.7928,3.6314,0.425,-5.849
-1.3926,2.1968,7.1708,-6.0502,-4.45,0.9225,-8.2142,-9.7996,8.8481,1.8574,4.3225,-2.3122,1.5423,-0.6259,9.8906,-5.7721,-0.8257,-9.282,0.8076,0.8355,-2.1965,-6.2066,-3.876,6.8067,-1.3916,-3.896,0.7404,8.1938,8.5122,9.9131,9.7195,-7.4942,5.2422,-5.5087,-2.8695,3.0722,1.7018,7.5757,3.3955,-2.7225,-8.014,-4.6033,-5.0647,-6.0793,-3.0881,1.3869,-9.5919,-0.3897,-5.9158,-9.7263,1.9383,-6.7307,3.4545,-5.1541,0.8973,5.3117,7.7019,0.711,-3.8107,9.9624,-4.1646,5.1285,2.9499,3.0471,9.523,6.5519,-0.3994,-8.8525,9.6669,4.9734,-0.5232,0.2755,-3.3631,-9.6169,-7.0136,8.8089,2.5376,5.9101,1.2627,7.5007,9.5862,6.2412,-9.7092,1.1321,5.9696,6.8438,-0.4866,9.0033,-3.6858,-6.4352,0.687,1.8309,3.2519,3.267,-3.7256,-6.3044,-4.073,5.7177,-0.327,-3.1934,4.6266,7.0607,1.4373,0.9659,9.6184,-9.5942,-4.273,5.4527,6.3858,6.9171,-9.4045,7.1829,7.1784,4.2736,8.2264,6.3422,1.7559,-1.4741,-1.4911,0.1568,2.8476,-2.4145,-5.784,8.1166,9.4333,-2.0836,-8.0859,-8.6256,-7.7549,3.2624,0.8699,6.534,4.8774,6.9798,-3.3739,-2.1332,-2.5196,-6.7984,-8.0182,8.7891,-5.9109,-7.2192,-3.0005,0.8895,5.1657,-5.2945,7.4772,-8.6644,-1.2323,-9.9841,-1.5872,5.7319,-3.9605,-5.4097,2.699,8.8519,1.0097,8.653,-4.8619,5.0319,-7.0377,7.1945,-7.2677,-4.5982,-2.6208,3.6774,-2.5006,0.0882,-6.4435,-5.9586,-3.0505,8.0741,-1.947,-1.9801,4.2507,-2.8121,2.4818,-8.6767,-1.574,-1.3566,-4.1491,8.9963,1.0751,4.5041,7.411,-9.2759,-7.1104,-3.8559,1.5273,6.2436,6.3908,0.7337,3.3423,0.6493,8.9475,-1.6525,2.3251,-9.9798,-0.354,-3.8864
9.8851,6.5887,4.0254,-7.5625,8.5142,-0.9514,5.3655,4.75,0.5916,3.1946,7.432,1.587,0.007,8.2161,-0.7963,9.888,6.269,4.5355,1.6756,0.5178,-9.1713,7.8023,-2.5361,-1.596,7.3854,-0.5713,-7.1432,3.2597,2.1533,-1.2702,6.717,9.2473,4.8125,-0.9383,7.3334,9.9621,-2.0727,-8.9205,-4.0659,4.6859,4.758,3.9753,-9.7731,0.285,-1.4318,-7.7825,9.311,-4.6184,7.0949,-3.9463,-1.2066,0.4925,9.0292,-6.8869,-4.7485,-4.7847,0.4941,-0.0841,2.1086,4.7982,9.1395,6.5554,8.6395,4.1368,8.4386,7.4279,-5.0889,-7.4269,-7.4332,-2.3765,-2.1523,-4.8704,-9.3676,-3.2281,1.478,7.5104,7.3907,1.1198,-4.8894,-6.9142,2.3998,-7.1064,7.2551,7.0384,-3.723,8.0655,8.1219,-1.8661,-6.1239,-9.3799,4.7042,-5.1861,-9.2191,3.2546,9.1657,6.4939,5.4971,3.206,-1.5875,-8.0468,8.542,-7.5145,3.4775,-9.02,1.1279,-9.4175,3.0425,-5.7738,-4.9639,-3.9906,-9.6507,-5.2464,6.5566,3.977,1.5625,-6.7457,6.5303,2.1885,9.6839,-8.2677,-5.545,0.7711,9.3501,-9.6274,-2.9847,3.6413,0.8982,-4.7839,-7.9457,6.7063,-6.9316,-3.4488,-6.45,-2.5847,1.2837,3.6009,-8.899,7.037,4.949,-3.891,2.8729,7.4976,-7.5233,0.287,8.8904,0.2836,6.435,0.7623,4.3215,-5.718,3.3376,-0.3628,-1.4884,-0.1838,4.6843,1.4262,-4.8702,5.9738,1.9195,3.1771,4.2064,-7.4247,-3.9239,-7.4404,8.465,-3.941,-4.8821,-4.8046,2.3335,4.863,-4.7326,-1.0696,-0.9901,0.2417,7.4696,7.7266,-5.6326,-1.4452,-5.9347,-7.4929,2.4705,-8.2253,-4.9839,6.1457,4.0257,-0.5689,9.457,-0.2615,-3.4791,5.5555,5.14,-5.1546,-9.4062,6.1256,-3.7634,-6.0376,-6.5746,-6.756,-1.0534,4.5666
1.0688,3.0433,9.9804,-3.8228,-3.8132,5.1139,3.2484,6.5528,-9.0608,0.6612,7.2294,9.4707,9.4905,-0.2073,-9.7744,-2.409,-9.6215,-4.7191,-5.4296,-5.5316,-4.1186,3.6574,7.3535,-8.5157,6.5069,-5.1016,-8.0602,6.7078,0.5704,-1.159,8.3123,-3.8085,3.3669,-5.5736,2.0411,-3.1102,8.92,0.9915,8.02,-1.2461,-2.0883,-6.2627,6.8706,8.7831,9.0992,-7.6323,3.3871,2.6921,-8.409,-7.3319,-5.1588,7.1888,3.678,-9.2571,3.9245,3.5073,-6.7799,6.276,-9.6624,-4.4358,9.6418,9.4164,-4.3769,-2.1172,-7.2405,8.6169,-1.3185,-5.9332,8.8487,5.6624,-5.6274,-3.4536,-5.7112,0.6043,-2.1984,-6.5461,8.1768,-6.3311,3.1597,9.933,-5.5284,2.0939,-4.0642,0.1021,6.8855,-7.6953,-4.0133,0.2107,0.2969,-7.4675,-2.817,6.0969,5.0841,-4.1591,0.1364,-4.037,8.0086,-7.8239,2.427,9.614,-7.6864,-7.6824,-9.5534,9.9127,-2.512,4.0805,8.7208,-5.3605,1.8822,-3.1317,4.9885,-1.9732,-1.8397,-5.8923,-5.6433,-7.2913,-4.5052,-3.5625,8.4414,-7.977,6.9763,1.7006,1.5113,9.3979,3.2299,-8.1838,3.2646,6.0519,-8.4565,7.0358,-8.5286,-5.2876,-3.3397,-5.8786,2.8762,-4.4277,8.2861,-9.6821,-5.7109,-0.4715,1.0143,-3.9285,-6.3602,-3.9282,6.7213,6.9225,9.965,9.3406,5.7321,3.8506,9.5083,-4.8032,-4.2407,-7.8422,6.3157,-4.4357,-6.2304,0.5404,-8.2426,5.8958,-1.054,2.3187,8.7207,4.2402,-3.379,-7.774,-4.1822,3.6358,0.2903,-3.0186,0.0323,7.1547,8.6074,-7.6542,2.5007,3.5652,8.4628,-1.3118,6.2593,-6.708,3.1371,-9.6883,6.2762,-6.562,2.1101,-1.4806,-0.9373,-5.3519,-9.8102,-7.4739,4.4345,-9.397,8.8897,7.3496,2.279,4.9499,8.9181,8.9698,-4.9758,-3.6491
6.7815,0.372,9.586,4.6533,4.9432,9.3296,-9.142,-1.2632,-1.2424,3.8567,8.52,8.0924,-2.502,4.7765,5.1521,6.4605,-6.5044,3.2086,5.367,0.773,-7.4036,-9.3828,3.0473,-0.3236,3.7766,8.8992,-7.579,8.4416,2.981,2.5927,3.0403,-1.1982,7.4929,3.6499,5.1142,6.195,-8.0054,-9.8687,-7.4865,1.6221,-7.6655,-9.0426,-3.2597,-1.241,0.587,4.7135,-3.8147,-8.6978,-4.687,-6.3229,3.6348,9.7815,7.2049,0.2578,5.1919,-2.3078,3.7806,9.6402,6.9457,5.7726,4.2569,0.3061,8.1253,0.6945,-1.2437,-4.6307,-9.3949,-1.8525,-8.6396,-2.6141,-8.8584,8.9055,6.8342,-0.8242,5.9658,-0.2892,8.2844,1.6189,-9.2746,3.326,8.4338,-3.9573,-5.1945,-4.513,-0.2763,7.8751,9.4927,-2.6974,-1.5475,-6.1969,-3.8513,-8.2204,-4.1162,9.9653,1.7514,-4.1541,4.7245,-0.2983,-0.115,-5.0991,3.928,-7.8421,-7.3493,0.2485,9.2005,-8.5544,5.3412,2.6866,0.8237,-3.063,-2.2549,-8.5783,7.4363,-8.1261,3.2856,1.6105,-9.5394,-6.6823,-5.6297,5.1193,7.4007,-7.6534,3.6253,8.5665,6.9332,-2.5499,1.2459,-2.979,6.2023,-3.7934,6.5696,-8.1663,8.6394,-4.0573,5.3701,-0.2486,-6.0241,-1.7902,-4.0979,-7.5119,8.1488,-3.8692,2.1501,3.8473,-7.7568,4.3548,6.519,1.573,0.3196,-5.6293,2.3713,-4.3065,8.7595,-3.8623,8.4242,-8.0469,-3.4601,-4.2034,-6.1447,-6.9468,-7.6697,6.2203,0.9854,7.1109,-0.1811,8.2638,7.1486,-8.4893,-3.6477,-8.2854,-0.051,3.2903,-4.867,4.1759,-1.967,-8.1277,6.7929,-4.7579,9.8103,-2.4975,9.3182,2.3308,3.7981,8.3445,-8.1935,-8.7333,2.8274,-9.2436,-3.2355,-0.8559,-0.4856,1.1654,-4.2261,-9.2092,8.3777,7.2274,-8.7351,1.387,-0.7399,-3.7449
-6.631,4.3826,2.3717,7.7866,-7.6433,1.426,5.1804,6.0599,4.0616,-2.276,-8.387,-8.8943,-3.3491,-8.1676,-3.4461,7.4726,-3.316,2.9137,6.8404,1.7081,-9.4837,0.5419,-5.5713,6.4732,-5.1226,-9.1136,-9.9316,2.9488,5.3664,-4.0386,6.1203,9.4987,-1.0621,1.2558,8.9674,3.4682,4.1978,-1.0863,-3.3099,-1.5384,3.2976,-4.9199,-2.3235,-0.3994,-3.5922,-2.8598,8.2064,-7.1574,3.1515,9.7146,-4.3481,-0.2066,-5.2208,-7.181,-2.5311,-8.4102,8.5833,7.9825,2.9968,-3.9675,3.1276,3.5947,-9.5242,-8.414,3.3945,-2.3059,3.5363,-4.876,-5.474,-2.1566,-2.2258,-7.7666,-1.4899,-6.8574,-3.9306,-4.1752,-0.0649,4.6035,-4.6707,3.656,-1.0977,-1.5171,7.9109,1.3482,-5.4078,-5.2952,7.4539,5.3408,4.4156,7.733,2.7461,-7.9681,0.5581,2.9864,-6.6791,-7.2281,1.0939,-0.5935,-8.3975,9.5247,-6.7269,8.5532,0.9766,-9.7023,8.7246,-9.5153,2.3405,2.1252,9.3213,2.7237,1.6818,9.5868,-7.4484,-3.7477,-0.9976,2.7729,-8.8921,-9.0189,1.9158,0.623,2.696,4.6219,-1.712,1.1765,-3.4804,-9.5227,6.6541,-9.089,-9.9764,8.0452,0.0173,4.7556,-4.3438,0.0313,-2.3097,-2.3572,-6.7486,9.0374,-6.2738,-7.413,6.992,-7.3075,-9.5781,4.2021,-6.6087,8.8469,5.8826,-5.2558,2.0672,-0.5571,-3.4264,7.3889,-7.3027,-0.5554,4.286,-6.0126,0.2757,7.9109,1.319,7.5226,6.4248,-1.5806,1.9749,9.1001,-9.9145,-9.9706,9.9617,8.1287,6.424,-3.4879,4.4326,3.9103,-6.4137,-3.3268,0.8803,3.9271,-2.4705,-2.9439,0.5614,9.6246,2.9521,4.3835,2.4879,7.4111,8.6414,3.6009,1.3542,7.4574,-6.3772,2.5187,-1.8217,8.215,5.4264,7.388,-8.4766,4.786,6.0693,-1.2952,-4.2379,8.1142
5.4733,4.7436,7.4998,7.0367,2.9665,-0.7735,-3.13,-4.8076,0.0503,6.0678,4.2255,-1.8556,-5.6108,-0.7347,3.6977,-4.3054,5.3275,2.2718,9.2594,-3.1043,-9.762,8.2194,-8.7982,4.4864,8.1569,7.0003,-0.262,7.8367,5.6176,-3.5951,-7.4244,-2.1842,8.3286,5.6422,-2.3725,-5.5156,-6.0159,-5.4581,5.8062,-3.4768,6.918,-6.9495,-6.9061,0.0887,-5.2606,-6.1369,9.8153,7.865,-6.6182,2.904,-3.2975,-1.675,-9.1285,-9.3198,4.0625,-3.1812,-1.5363,6.2503,8.0261,-0.271,4.4374,9.1356,-7.8809,-2.4644,-0.8022,-1.0979,9.7266,5.9379,7.6874,-8.1565,-3.4391,1.765,-9.1312,-8.3839,-1.54,9.7629,4.9091,-4.8112,8.6809,-8.4473,-1.2939,2.6125,2.1703,-7.8211,0.2532,-4.4135,-4.0264,-3.3654,-2.627,6.9932,-5.5312,-1.6383,-1.4281,-1.1159,-0.0419,-1.4433,-5.1491,-3.7532,8.3691,-3.4595,6.9584,2.4216,-3.292,-4.4233,8.8434,6.8633,1.5573,6.7815,4.2377,4.1872,8.0743,-4.2497,0.2781,-3.0103,7.5868,9.6518,-2.914,-9.3266,4.4233,-1.9458,9.0179,4.1055,-4.9347,-9.4053,2.9721,-5.5888,5.3083,-7.2998,-0.0228,7.6909,6.1593,4.8509,-5.1035,9.4493,-6.065,-0.4615,3.3595,-3.185,-8.6891,-7.8241,5.5266,-3.1428,1.9613,-8.1003,3.6849,-2.4008,0.5298,8.2354,-7.8335,-4.0457,-9.7058,-5.1702,4.7631,-8.3474,5.9322,5.2677,8.8149,3.3984,5.5273,0.2927,-4.9629,5.1382,-8.6445,3.6852,5.5751,2.123,6.607,1.9373,7.8464,6.6251,-8.7436,-9.5933,-8.8878,2.7588,-2.5441,7.5477,3.3292,-2.726,4.4327,-6.0379,-7.4936,1.1005,5.9855,-5.3141,1.437,-0.5789,3.8425,-6.2282,8.8943,-9.6985,6.3571,7.3787,-2.6572,-5.9561,-8.2797,-9.8448,7.7715,-6.5829,2.8368,-7.5176
7.7509,1.3575,-3.7603,4.9891,-1.4202,-8.4893,2.1377,3.3264,9.8977,-8.573,7.0852,0.6854,-6.9172,-4.7196,-4.6942,4.6639,3.1427,1.3818,9.6383,-9.5049,-2.5719,-9.6241,0.141,3.6424,-0.4076,9.2773,-9.111,1.7082,-2.2329,9.9528,-6.0585,-2.168,4.5415,9.5909,-1.8271,-4.0534,-7.7035,1.8442,-8.0003,-4.7487,0.9657,2.333,-8.0895,6.9627,-7.1233,4.6036,3.1388,4.683,-0.1017,2.5464,-1.5951,-2.6148,4.3859,-9.7638,9.6243,1.6189,-5.64,8.9361,-6.3021,2.1107,-3.0125,0.3253,-2.5652,1.7936,-2.8218,8.9347,7.3716,8.6273,-2.2257,3.3803,-2.2157,8.1748,1.9169,0.3594,-3.7116,-0.2085,6.1069,-1.064,-6.7514,4.8308,4.9971,9.5781,1.5213,7.2498,-7.215,3.1729,4.3697,7.6363,0.008,-3.2385,4.2683,-9.0502,-5.9834,-5.2032,-4.8464,-1.0143,-3.3679,-6.6341,-1.6897,0.5209,2.6887,0.5919,2.3915,-5.5223,9.1655,-6.6106,-3.2176,5.5697,7.1664,-2.9632,4.6786,-4.2944,-9.3446,-1.128,-8.3425,0.5398,-5.7558,-7.793,-3.2854,-9.2729,3.8457,1.9761,0.8725,-8.3146,7.7325,1.4175,-8.7964,1.1083,-7.8859,-9.337,6.4809,1.3825,0.213,-1.4021,6.5293,-9.3911,8.8156,-5.3428,1.3299,-5.9564,8.2042,-4.9395,0.4412,6.4319,8.372,3.9654,4.0913,-4.3171,-6.2761,0.6944,3.584,2.5681,-8.9413,8.0786,-6.177,-8.3998,-1.1288,-1.4981,1.1746,-3.0799,3.2892,-8.581,-6.748,8.579,-3.9143,1.3958,7.8743,-6.9577,-1.9472,4.5085,1.1998,-1.2198,-3.3647,4.4756,-2.8694,6.6471,-7.1474,4.9902,6.7163,-4.6193,7.6613,8.115,6.6984,0.0143,6.6672,-2.4682,5.9191,-3.4101,1.7832,6.396,4.1775,-5.5419,3.9555,-1.9407,-4.036,-6.7089,-8.1242,-6.624,-1.1823,-5.326
0.0945,-0.9158,1.8173,-3.5714,5.1526,1.1638,3.9765,-6.5166,8.532,-0.9272,7.7653,-6.4628,-8.3989,8.9178,-4.7922,-9.8463,0.1728,2.1335,-2.7724,8.1714,2.309,8.6759,-1.7533,-4.0177,-6.9534,-4.8958,6.861,5.0113,-9.1209,-2.832,-6.4685,2.1466,8.6218,-5.9909,3.3927,0.1224,6.2491,-5.0048,0.5276,-1.5854,5.6346,-5.1468,-1.4394,2.0007,4.0789,9.3185,-5.524,4.4361,7.0386,-4.7031,3.2299,3.8975,8.9975,-7.2057,3.5412,5.4547,-0.1572,-6.9002,0.4396,-5.3815,0.6152,1.0284,4.5379,6.6928,2.517,2.0351,-1.7805,8.4287,-5.2689,-5.6881,-3.6387,0.3666,-5.5529,6.506,-0.2728,-3.2376,9.2773,8.8289,3.1443,-6.6102,0.887,1.8105,5.802,-3.1862,4.5866,-3.995,9.2219,-6.5668,-6.3433,-9.1546,-1.0831,8.6615,4.4119,6.8792,-4.7264,-7.5654,8.6516,-8.094,-5.8699,-4.8867,-5.5771,1.113,-9.7744,-8.7279,7.4208,3.6028,9.9237,-3.5397,9.4631,-0.3033,-0.5703,-2.765,4.869,-7.7382,3.9076,-3.1806,-5.4611,-7.3327,-5.5661,9.9403,4.9427,-3.5841,1.2582,0.5208,-9.7984,-1.5134,7.6704,6.5031,-4.5327,-4.6027,-9.2466,6.0174,9.4759,-5.6446,-9.6553,6.2657,-3.3012,4.0066,-1.1739,-6.1952,3.7462,-5.252,8.9354,5.0123,6.032,4.8481,-4.2037,-9.894,-2.9309,8.9377,7.4873,2.6798,-4.3693,5.91,-3.5335,-9.061,0.7626,-3.0794,7.0242,5.3929,4.387,-0.2131,-3.9724,1.0644,-3.7035,-5.7187,-0.6877,6.2162,-9.6484,-3.134,6.5897,8.1958,-7.0127,4.2471,-6.7063,7.942,8.1544,-4.4437,4.2259,-9.6464,-7.9556,2.9669,7.4522,-9.7761,-9.1265,-2.7773,9.9108,-4.8588,-3.0591,-3.1452,5.5103,-7.3367,-9.0518,-8.9351,-7.6793,6.2553,-0.0612,-8.7212,-3.485,-0.4338
2.3279,-4.6344,2.2625,-8.3274,-9.6357,7.9277,-7.7533,8.3642,-7.3491,-6.4818,-1.3042,1.5433,-8.5441,0.5827,2.6405,7.08,0.0065,6.1206,5.0206,5.5567,6.8897,1.7719,0.4813,-6.5354,-6.7128,-7.477,0.7015,-2.1164,-5.7454,7.3433,-1.1975,-0.01,3.216,8.2229,-4.4953,-4.1761,-8.1193,3.4209,-9.5368,4.9343,-8.6066,0.1891,8.2633,8.7143,-3.2812,4.2492,-6.832,-1.2383,-0.1473,-9.4787,8.3788,7.3052,-6.3228,-4.742,-9.9502,-9.932,8.2051,6.0247,0.2033,-0.1428,9.8474,3.1464,8.1405,2.8158,4.3027,-6.7403,1.8049,-7.388,7.5022,3.8711,-8.5671,2.8691,4.6044,9.2844,-9.3451,-9.7607,8.8999,-6.8949,-4.8993,5.1141,-6.7019,2.2806,-8.9437,-1.2742,9.755,-6.1502,8.1319,5.5457,-2.4811,-1.85,-4.2991,1.7026,1.4258,8.3093,6.291,-8.68,-1.3147,-3.5369,3.0962,1.5188,-3.9552,-5.9673,8.3294,3.2115,-1.2018,8.0984,-0.2308,-6.1552,5.8947,-4.3679,-3.2184,0.1263,6.408,6.252,5.9457,9.6406,1.4182,-6.9424,-4.8359,0.8194,-4.835,-7.659,-3.473,-6.9303,8.1959,-8.4144,-7.4725,-0.7163,-7.4923,7.0919,6.6713,8.1606,7.4973,1.9612,-7.8959,6.084,-9.2535,2.2044,6.6094,-7.6227,-9.0086,2.4172,-1.6458,-7.6536,9.0291,8.8371,9.4623,4.8747,0.2855,-9.012,0.493,3.815,2.6132,-9.5163,4.8706,-0.1529,-9.8757,0.7501,7.5689,4.8563,5.1322,-0.6195,-6.1919,1.2763,5.1399,-5.3752,7.92,-3.7303,-0.2215,-7.6062,-7.9596,-2.747,9.351,7.2161,3.8404,-3.1097,-4.8781,1.6632,2.2401,4.9345,-1.9767,0.3945,5.8353,-7.789,-4.4489,-9.4073,-8.9713,-7.3385,-5.0795,4.5811,-3.7495,5.9706,-1.6423,-9.0364,6.689,-3.4611,5.6431,1.0501,-9.2844,7.6767
-1.8131,-9.2665,6.8839,-6.422,1.5254,6.864,0.2503,-9.9665,-6.393,2.0959,-2.699,-8.3374,-0.6864,9.1085,1.9007,1.7784,-0.2942,-8.9083,9.6901,-7.5527,8.9685,-2.0313,9.4933,4.477,2.4772,-7.7546,-9.9837,0.131,7.5249,-3.188,-9.4611,-2.9641,8.4611,7.6749,-6.36,5.9118,9.986,9.1586,3.2492,3.6518,-3.157,8.0319,-5.9453,-3.9303,-5.5635,6.7763,-4.2025,9.9981,-9.2146,-7.8466,-3.0431,-8.8445,7.374,4.6563,-0.9609,0.7103,-0.3034,1.3256,-6.019,4.5399,0.9304,5.9352,-8.7579,8.0953,3.5923,7.5928,4.9051,3.2492,-3.3362,6.0275,2.0888,-8.9598,-9.5239,7.9471,-6.9422,-5.2032,-5.9518,3.9876,7.7292,-0.0982,-0.2216,-6.7738,1.5576,-8.0708,9.569,5.3928,-2.0113,-2.1975,9.2277,-0.4087,3.1683,3.4428,8.7291,-5.8754,9.0791,2.5402,3.0732,6.2408,8.2965,-1.9495,-7.6626,-3.206,6.1616,-7.1227,2.265,-4.2552,1.105,8.4218,-1.1043,-1.1743,9.0816,0.2269,5.5195,2.3179,-2.1986,0.9608,3.8835,-2.9958,-0.2796,-4.8189,-7.7543,-7.2193,-1.5237,-1.0099,8.7825,1.361,-2.427,-9.8103,8.382,7.7115,8.1646,4.6878,-0.5484,8.5903,0.5108,-5.0456,1.897,5.1311,3.3727,-2.9435,-6.261,0.8427,0.7522,-1.2981,3.4984,6.4289,4.1817,-7.2308,4.4598,-0.5732,-2.2249,-3.9964,9.5514,7.949,2.4588,0.2065,3.5687,-3.0353,5.8391,6.3449,5.9148,9.6512,-4.2069,8.6038,6.7075,-6.929,-5.8449,-5.3242,-7.6241,0.97,7.4849,-8.0923,5.763,6.4049,5.7309,-7.9564,5.0502,-8.16,8.1213,8.1988,-0.2616,-2.5286,-2.2369,6.1466,3.3618,5.3244,-4.1066,2.5615,-3.4278,9.0269,-1.4191,-8.4108,-6.9625,-8.0514,3.4648,-1.4326,2.1888,9.2347,4.1601,-0.6236
-6.1029,-3.9945,-1.8523,3.4047,-8.6487,-8.6885,-3.0954,1.2701,1.9631,2.4799,4.7963,8.024,0.3076,-6.7325,-5.0329,0.4572,-4.6785,-1.3524,1.1152,6.0928,4.6188,5.5699,-2.3011,7.6904,3.8644,-6.0109,4.1957,-4.9476,-3.315,6.8126,7.2004,-2.4969,2.275,0.8239,1.2036,-4.316,8.2271,-6.7459,-4.5472,9.5298,8.4703,8.7326,-3.8924,2.5413,7.9822,-9.3529,-2.1791,6.2537,2.435,-8.7993,-1.2556,7.0362,-1.6447,1.4568,9.0606,1.6448,-8.7234,-8.578,-7.2731,9.8738,2.8086,1.647,-8.6519,2.7082,-8.2359,-9.0324,0.5308,-9.0029,-4.9917,-8.5988,-0.8355,-6.1654,-1.3781,1.4828,8.945,5.1996,4.4984,-3.8299,-4.6192,3.5382,-3.8992,-8.8764,3.1776,7.7328,9.8822,-8.8253,-7.7361,6.5699,3.2764,6.411,-5.7169,8.1684,-2.6171,-5.9909,4.6126,9.7022,-8.0377,-0.154,-6.2734,-3.1368,0.5489,4.6765,-7.2969,3.3068,-7.8686,6.1854,7.9415,-6.9178,-5.5925,-5.3811,-8.0284,5.3698,-3.9003,-9.6141,7.384,-1.7825,-9.9133,0.3813,-2.829,-3.029,6.2268,7.6922,-2.4312,0.6207,-6.4074,-3.2459,8.5267,-5.2049,-2.1978,4.0036,-9.2502,2.151,0.9333,-9.0571,3.0991,6.9705,8.1375,-5.8715,-7.0916,5.2504,-3.6578,7.2781,9.6538,3.5715,-1.0305,-7.5183,7.6566,0.9712,4.2748,-6.769,9.2408,1.2246,8.9072,2.244,5.4948,-3.4368,5.9521,-1.6491,-7.1151,-0.4344,3.6496,-6.5787,-2.3707,8.3214,3.3275,4.755,-8.7292,-1.0966,-0.0177,4.2762,7.9778,2.8558,-8.0993,-8.863,4.0596,-2.2322,-0.7292,0.5157,-2.4514,1.9785,-7.1053,2.3561,3.1565,2.1494,3.6371,-5.7366,-4.9402,-0.7227,-7.6408,2.9472,-1.0646,6.6849,8.3575,8.3564,-8.9611,-3.3983,-0.4665,-2.8277,9.075,-4.8914
-2.7414,3.6567,2.9065,0.3579,0.8971,2.0326,-2.4096,1.8941,4.9301,-1.7777,-0.5567,6.0939,4.4284,5.0312,4.6349,0.021,6.8292,-1.076,-2.0315,-9.364,4.8771,-0.1475,2.4618,4.1781,0.8751,8.2548,-9.7039,6.8678,-6.6197,7.2417,-7.3873,-7.5209,-3.9497,-9.4086,-6.9377,1.9515,-9.7422,-0.1603,-8.5378,-6.1427,6.1457,-4.9529,2.5829,7.2728,-9.5902,1.4936,4.1333,8.619,-4.9992,3.617,1.2574,-0.6171,4.2617,6.2614,3.4134,-7.5915,-8.1267,-5.1936,3.9077,7.8475,0.8913,-7.78,8.6989,4.2509,-8.0203,6.276,4.9915,2.0589,7.2559,8.4784,-3.2051,0.5556,-0.9796,-7.1305,-0.2002,-0.1335,-7.2276,-9.6244,0.5801,-6.5642,0.9039,3.3565,-6.0136,-3.0534,4.2985,6.5277,-0.3618,-3.006,-2.6603,5.1879,-9.7566,-6.1498,-9.9524,-0.5023,-8.469,1.9346,4.4229,6.4832,-3.2967,-8.4695,7.4705,9.5083,1.6945,-6.6982,-4.9836,4.8241,7.3229,-4.8095,-3.6869,3.9907,-9.174,2.0613,-5.0746,4.4784,7.8028,4.7268,6.8368,-8.2379,-0.5834,-6.0443,4.9514,3.4228,1.9838,-4.4791,2.7484,8.7205,-1.5797,7.597,-9.1971,9.5748,-5.4373,-5.0323,-4.6078,7.7805,-0.5597,8.4817,-3.2548,9.8291,3.8959,-1.0998,-3.5579,-5.3124,-4.5667,-6.3027,1.1654,-3.5578,6.8829,-1.2762,4.3204,-0.2614,4.9464,-6.805,-0.1596,-6.8514,-6.7288,0.0029,6.4492,-1.179,3.3573,-3.3774,7.1517,5.99,5.8937,-7.8995,9.1205,-5.7449,-8.1437,-9.625,1.6814,0.5637,-5.7602,-5.1403,5.6681,-1.0551,7.4426,-3.88,-7.5396,-7.8732,-4.1767,5.2416,7.4836,-3.8767,9.2708,-9.2069,-4.8994,-1.4084,9.5767,0.9438,-0.097,-4.4178,-1.2333,7.5166,-1.0255,1.7815,-8.9213,5.9941,7.7757,-1.1261,0.7197,-5.2618
3.1511,-5.9184,-3.5173,9.6831,-7.9235,-3.9794,-1.6928,-2.785,7.6349,-6.4162,2.5006,-8.044,2.1453,9.8313,0.991,7.925,-2.8424,9.4824,8.4085,-1.9468,-7.6239,-9.4326,9.9955,7.6542,4.6334,-5.5259,-0.8133,4.697,3.1096,-1.0106,-2.5925,-0.0626,-8.5415,-4.1588,-6.1582,1.6454,4.1489,-1.7113,7.7699,-1.9287,-4.4731,5.6531,-1.7772,6.5936,-8.4345,9.2878,0.9437,-1.8729,6.7855,4.8554,-5.4259,9.9362,9.9996,-0.3555,-8.7975,-7.1965,-4.385,7.7239,6.278,9.4818,0.7588,-5.0506,1.2202,-6.4397,-4.7096,1.1181,9.7821,2.7698,9.273,3.982,8.4816,9.5331,0.2682,-3.7694,-5.5944,-1.8074,9.5704,-6.3105,-7.6849,8.7602,-4.7084,2.2007,-9.6181,-1.448,0.3443,6.4755,8.4317,-0.5145,-7.0558,2.8492,-3.9495,-8.3239,-5.9017,-0.7969,-4.1178,2.9972,9.1064,2.3856,-2.1979,-4.9953,6.5412,0.1055,3.2576,-1.0727,7.6738,-4.4702,3.4126,8.5199,-2.0372,9.5168,-4.0613,-3.5014,-9.0263,6.9454,-2.6891,0.5729,1.5787,-0.6509,8.3846,1.1024,-0.576,-9.4983,0.159,-7.8009,3.9579,3.2197,-9.7272,6.7205,-6.0637,4.614,-9.3972,-5.454,4.1221,4.8748,-3.6937,-4.1018,-6.4462,-2.1298,-5.9378,0.6775,6.2733,-6.4025,-3.7579,-2.0641,5.6191,5.6519,-5.5736,9.2524,-4.0772,8.1203,-0.7137,-5.7586,9.7296,4.0107,-9.2856,-9.1218,-2.6954,-6.3405,-7.0969,-6.5417,-0.273,-1.3929,4.6907,-7.5532,1.6395,-7.1615,-0.5516,5.9219,-1.6481,3.0741,-5.6247,-2.7022,2.7434,0.9758,-8.3494,-2.9584,-8.5255,-1.4499,-7.237,-2.6633,-7.8469,-5.0947,7.0808,-1.5638,9.0719,1.7608,-5.8418,9.7383,0.4984,4.4747,-9.1332,0.3478,-2.0747,-3.2802,7.638,0.026,-3.0212,-5.6742,-2.6475,-6.9836
1.3669,-0.1315,8.5665,-3.2897,-0.9381,-2.4235,9.2257,5.3444,-6.4443,0.0815,-8.6464,-2.1555,-5.8242,-1.6581,1.7144,1.8139,7.9991,9.966,-4.7183,3.1002,3.7246,8.707,-6.0153,-2.849,-2.1341,-5.8401,1.5558,5.8386,-9.5007,-6.3372,3.946,-8.7868,-4.9879,-7.2917,-6.0187,-1.9001,-3.0474,8.2016,-7.2047,2.646,7.9629,-5.738,2.0983,-1.9561,-0.0101,2.3906,0.8684,-6.3437,-6.5395,-0.6435,1.2288,-8.8035,-7.1397,6.0021,2.7634,-6.0021,7.3938,-8.4706,5.6766,-9.7139,-7.2566,3.5373,1.9407,2.9845,-8.3628,-8.863,0.107,-0.5935,9.9103,2.559,2.5799,0.4353,-6.0989,2.2652,-4.1975,-2.4591,0.8856,-1.7251,-4.984,2.6989,3.3497,-5.064,-1.1298,-4.5598,8.4301,1.1075,-0.3654,-8.7387,3.1296,-0.4225,5.9903,-8.7956,-9.7175,-0.2242,4.2459,-5.4744,4.8056,-8.8557,9.4422,-6.1731,5.535,-9.6838,5.256,-1.7983,-5.0905,-1.8643,3.8589,5.7821,-3.2383,7.1937,2.3191,-7.5165,3.1752,-2.3243,-9.7589,-4.1253,3.2684,-0.8102,5.7261,-1.1386,7.6564,5.9698,3.1214,-0.6625,1.4614,7.3381,-7.4277,1.4667,9.1626,4.1097,2.6946,2.1204,3.7363,-2.8744,-0.3629,4.188,3.3493,-3.7533,-3.4381,9.6665,7.4372,4.6181,3.5545,8.3526,-8.6787,6.5092,9.2136,4.0592,7.8442,-9.3746,7.1211,5.3367,-7.8208,-6.1667,5.3629,-9.4605,-1.7342,3.1027,-1.1843,-6.5078,-0.1175,1.1222,1.4874,6.7935,6.1172,-6.2575,-2.1549,1.3974,4.8375,8.954,-2.7733,-4.8059,-3.977,4.0033,0.1255,-3.8998,6.9528,-3.784,3.2573,-8.9486,7.0455,1.906,-0.3373,-6.8828,6.7876,0.1642,5.7321,-3.0563,8.8593,4.1121,-6.3931,-7.2472,-3.4981,-1.1234,-5.8173,2.1083,-2.5849,5.6584,8.5641,1.909
2.5384,-7.785,-7.9422,4.7792,-9.8929,7.0689,3.2726,6.5391,7.196,-2.76,1.7601,8.4059,-5.8783,5.158,6.783,4.95,0.1055,6.3305,-9.5345,-7.4673,1.1406,-2.6819,4.4896,6.3398,-9.1602,-7.7416,-7.3337,9.8613,4.7679,8.1367,4.6558,7.7623,7.3368,-7.0338,-0.3244,6.1913,1.8339,-6.4369,3.8574,3.219,-6.6888,2.7993,-1.784,-2.1168,6.4127,5.5865,-9.7271,8.0418,5.2055,3.551,7.722,3.3034,0.8789,1.7175,-1.3284,1.1978,-6.1399,-2.2166,2.7137,-7.5946,2.1158,1.7442,-9.357,4.9853,6.4627,-7.0325,3.6197,8.5288,-7.722,5.017,9.7721,-5.754,9.9796,-6.6824,-1.9948,7.8598,5.4192,9.1478,-6.7702,-2.8157,5.632,7.2676,0.3217,1.9871,-9.9202,-7.1024,0.5001,-6.4421,1.3951,4.8967,1.3443,1.0845,-6.0654,4.3491,3.928,6.7552,-7.9065,-4.3877,-9.7084,-1.8503,3.2586,5.2084,-4.2032,4.278,3.3896,1.7602,9.1879,7.5493,-1.2579,-6.7504,-5.6393,7.1867,1.0577,9.9698,7.0381,-1.8785,7.2365,-1.6355,6.3796,9.4294,2.8359,7.2787,8.0096,-1.3774,2.3135,5.298,5.5447,-8.3511,-3.5784,9.4707,-7.4422,-1.081,-6.3975,9.4444,8.9767,-5.4013,2.8831,7.8415,-5.607,-6.5569,-0.0415,-0.5918,4.8886,5.3441,1.8624,-7.9963,8.6281,8.9197,-4.1436,-9.2913,7.5744,3.0916,0.3028,-5.2038,-8.758,-7.476,0.4181,-8.3673,-6.5309,-5.8385,-7.4272,-1.046,-9.63,-2.8035,0.3214,-6.4669,-9.994,-2.9227,0.3586,-7.3523,5.7036,-7.7415,-6.206,5.5279,6.8652,-1.3003,-3.4857,-6.1706,5.3496,-9.5534,9.7439,0.5111,-6.2201,7.0209,6.9563,-8.1611,-9.4173,0.9775,-1.8935,-1.6048,-5.5328,-3.2127,-3.856,-1.8739,-4.1447,2.6997,-9.272,1.7796,-8.141,-1.2662
-3.4049,-2.5186,-2.8123,-4.3291,5.9694,-6.3582,-8.7358,1.0149,-0.1952,-9.763,-1.3678,8.0958,8.3563,4.3359,8.8539,9.1837,2.1007,-9.9176,3.0744,0.8285,6.6392,5.5136,7.4067,1.9309,-3.9839,-9.6873,-7.1984,6.303,-0.835,-3.8777,-4.3773,8.1308,4.2623,7.7623,9.7981,1.4596,-3.2728,0.4705,-1.929,1.4656,4.7928,-8.4086,6.5156,-7.5594,-1.3289,-6.8082,0.0453,-1.0817,4.9608,-9.1854,3.2221,0.0696,-9.134,-2.4686,6.2277,-4.5904,6.6136,1.3825,-0.8248,-5.5334,4.5875,-7.852,-1.0267,-0.102,3.8865,-4.6734,2.9819,6.7993,-3.0317,-5.9274,2.9327,9.6231,-9.1248,1.2447,-1.1957,-5.2462,6.1214,-2.9508,6.846,9.7278,5.1321,6.9631,2.2017,-2.1189,-9.6834,4.3789,6.6318,-5.2702,9.3735,5.7712,7.53,-1.2878,-1.2311,-4.5303,8.7444,-0.4408,4.7279,-3.5775,-8.627,-1.2287,-3.2888,6.7309,-1.6286,-6.9203,-7.4565,6.6724,-8.1285,3.602,1.0495,6.503,-2.2715,-5.2365,5.9021,-7.2885,-0.618,-8.3331,1.3429,6.4753,4.4997,-1.2368,7.1978,-2.7692,4.0199,2.265,1.1201,-0.1428,-1.4954,0.9756,8.6204,-1.778,0.1729,-6.742,0.7291,-5.8972,-1.1127,-4.9871,-0.0356,-0.8823,4.1495,5.1321,-8.8992,8.2159,-3.8448,9.3957,1.8043,-4.0047,-5.3621,3.4616,-6.4127,-5.2381,5.465,6.9694,-4.9135,-9.9156,-2.8636,0.7617,-3.7375,5.9092,5.1403,-6.9119,-9.562,2.7859,7.1898,4.4752,6.9402,-5.0191,9.4547,-6.6596,-8.3147,-8.3654,2.3683,-8.9451,-0.7291,-3.2126,-9.7346,8.0334,0.9133,-9.1251,-4.0321,-9.6057,-6.2945,2.0138,-8.5756,-3.0987,-5.4285,-3.0923,-3.1901,1.2955,-9.7214,4.4485,-8.0393,8.0829,4.0254,2.2153,3.249,4.5829,7.111,-7.3875,-4.3885,5.6755
6.8094,-8.3746,-2.0884,8.6172,9.8872,8.9131,-6.0766,5.6416,-0.4209,4.2017,-8.2855,8.8341,6.4028,-5.1658,-7.7761,1.7788,5.2249,8.8893,-9.4763,-9.4957,2.3161,1.0825,8.505,-0.359,2.9002,6.1631,2.7925,-8.1883,0.1069,5.8476,0.3615,-8.7886,1.0141,4.4626,-8.8163,4.941,-8.6273,-6.0542,-5.5407,6.3546,9.2194,6.5024,-7.2203,-3.4913,-9.7314,0.1638,0.029,-7.662,-2.2913,9.8134,-6.5254,5.5182,-5.2475,-1.6225,4.5287,-1.3245,-8.5671,-3.9645,-3.7772,3.1468,-0.1956,1.5073,9.0786,5.6189,-1.8579,1.0746,-6.1451,9.0865,-7.582,4.1022,7.0292,-9.7283,-2.2103,-0.561,3.6819,-2.6385,9.0399,9.7569,8.7908,-1.113,6.9072,9.2174,6.4615,-8.7005,3.4753,1.0164,4.8376,-9.8402,-0.5139,-3.1555,9.9543,-5.7902,7.1204,-5.1478,8.3298,-7.3594,7.4893,4.7994,-4.2149,1.701,4.2248,-7.4169,-8.3325,7.2362,-2.2839,6.561,5.6761,-7.7897,4.9619,1.349,9.7248,-1.1463,-3.7372,9.4251,-8.4885,3.2022,-2.7995,2.1877,-5.4946,3.0322,-3.3038,-6.6174,-2.5833,0.2544,8.14,-0.6626,8.4652,-1.8472,-3.8313,0.6643,7.4126,0.8929,-3.0945,6.3054,-6.4545,6.5109,-6.4244,8.9909,9.1096,-7.9742,5.028,-7.2488,5.7225,-7.0797,4.7115,-7.0971,8.2436,-9.3017,-4.9115,-6.6795,-3.201,-3.3282,-4.007,-3.6547,-9.1843,6.1014,-5.9613,-6.6412,8.9416,-4.9119,-7.3839,-7.4383,-2.4752,-8.5979,-6.1215,-5.3031,-5.2411,2.3466,-3.3207,-6.8573,1.5589,2.8862,-5.3955,-2.823,-9.0723,-1.3464,4.9419,-1.4665,-8.9593,-4.1713,2.048,9.3512,7.074,-3.7223,-9.9162,-5.7978,5.4995,-6.6307,6.7884,-5.0665,6.8929,1.707,-2.1616,4.9004,-5.7467,2.6194,2.5764,-6.6242,-2.5688,3.4147
6.9186,-4.9873,-9.0823,-4.5081,-8.9876,-5.4329,-8.1029,-7.082,-2.8421,-5.9678,-9.5711,-7.4099,-7.2761,-3.0163,5.6759,5.2078,-6.1262,-7.6564,5.925,8.2282,1.7874,9.3502,-4.9543,-8.7773,2.7738,1.6666,7.5335,5.957,5.9826,-0.8649,5.804,9.085,-9.0563,-5.4106,1.9611,-3.0528,-4.9624,1.079,-4.2059,-8.0737,7.0884,4.7539,-7.8173,6.5453,-5.8012,-9.6985,-1.6733,1.8807,5.2096,-6.083,-4.7878,0.7963,9.1969,-3.1081,5.6381,3.391,6.4138,-3.4261,6.6754,-3.6458,-7.0684,-2.6771,-1.6958,-7.0347,-2.7953,1.5671,5.7975,-4.3538,-9.5899,4.1081,4.5358,9.4795,8.5421,9.5866,7.0886,-6.2399,-8.4047,8.7194,-4.943,9.2276,-9.2225,-5.2138,-1.6003,-8.3592,-6.8347,2.1488,-4.2016,-8.6932,-4.0319,-4.9281,-4.5133,-9.1008,9.3414,-6.6998,9.4626,6.0994,-8.0469,7.7485,4.9757,6.7778,-6.6178,-3.1759,-3.3983,0.0515,-9.0121,-1.6259,-2.8138,-0.3451,7.1914,1.1168,7.4336,-9.0583,-6.4603,6.6101,9.1322,-7.812,-3.8565,-0.366,6.1857,-9.4237,-4.9389,-1.1872,2.4834,6.0068,-8.3054,-1.4358,8.204,-6.2359,1.9469,9.0174,8.0565,-2.3948,-5.8789,5.4329,-9.0483,8.0521,-7.5639,1.1897,-2.535,-9.78,-7.3124,1.975,-7.1017,6.6273,8.3133,2.9481,2.9141,-3.7906,-8.4528,-6.3958,8.0478,3.2431,-5.9582,-6.2373,-0.7035,-1.8837,0.5406,2.0513,6.8881,-0.1426,4.5632,1.9225,1.206,-1.4865,6.4745,9.2753,0.0957,6.6275,-5.1017,7.3771,1.8022,-2.4533,-8.2051,-8.8007,2.5301,8.5004,-1.5156,4.924,2.7542,-3.9284,9.0883,-3.6885,-3.8268,-4.8073,-1.461,-5.8807,-8.1246,-4.8212,-1.8122,1.9045,6.1634,5.5731,9.3349,9.8036,8.6413,-7.8289,-8.6012,5.431,9.2608,7.9413
-5.7019,4.4064,-4.6274,-6.4112,-1.8465,-8.3414,-1.4232,-6.7095,-6.4435,9.5141,9.0307,-3.0216,7.1413,1.062,4.1994,1.9419,9.1336,-8.6415,-3.5944,2.7393,7.6305,9.8231,6.5899,-5.6055,-6.391,-5.4961,0.6099,3.0048,7.5255,-3.4894,4.2103,2.3399,-7.1891,7.2712,6.6539,8.7352,-8.0955,-2.0579,-3.4103,7.8088,5.433,-4.6684,-9.6836,8.8457,-1.048,-6.453,8.0135,-3.571,-2.2194,4.2764,-0.5232,6.0889,1.4736,-0.1424,-9.8722,-5.6273,-2.9947,-1.972,5.1107,2.074,-6.5264,-5.0838,-1.3282,-8.2312,9.9074,-3.4022,3.9555,-7.1987,3.903,-1.9906,-9.1578,3.5968,-3.4198,0.6556,-0.105,-8.3523,6.8974,-9.7439,-2.635,-8.1763,-0.0063,-7.0329,1.3982,-5.4879,-3.1861,9.6454,-4.1884,6.3285,-4.0367,-3.1039,0.8736,-1.1793,-4.4522,4.6623,-8.2805,9.5729,8.0347,-1.6325,9.6482,6.1071,6.699,-7.4996,-9.5712,9.286,-6.155,-7.2107,-9.1934,4.6145,-6.8609,5.8834,6.3573,5.4282,-3.3979,-4.0879,-1.7614,3.1929,4.728,-5.6051,9.2007,-1.4481,-4.732,5.0439,-4.6149,-4.8966,7.3369,-0.0123,8.8995,-7.8928,2.6386,2.8705,5.0373,-8.9285,-8.5598,9.1323,3.0006,-6.3037,8.6801,4.8824,9.868,-7.086,-3.8731,-2.7847,6.2406,-2.9642,-4.1907,7.8099,3.1479,-1.0936,9.9718,7.6333,5.4837,0.7891,3.8645,-3.6267,-2.7557,1.8655,-0.7515,-7.9421,-8.5161,-6.5417,-3.3517,5.3315,2.0174,7.5249,-4.5604,-5.3754,9.1112,-2.8598,-3.3871,9.3145,-5.0955,7.1041,-8.8049,-7.7769,-8.5198,0.0121,-1.3597,-1.6898,-7.5181,2.8194,5.5298,-3.0465,-4.3201,9.7154,-7.7941,-5.7098,2.2023,3.7204,-2.1306,-6.9015,5.6324,-5.7961,-5.4724,4.5949,-4.7714,4.0507,-9.4091,5.9038,-4.6146,-5.7174
-1.2968,3.887,-0.3841,1.3097,-7.2315,-5.8969,-9.6646,-2.6859,-0.9027,8.3697,-0.3841,4.7833,-1.2255,0.1319,8.3556,0.9662,-2.0339,-2.7617,7.106,-4.2474,7.4633,5.9246,-7.3913,-6.5073,2.2248,-8.9821,8.4424,-6.6319,-0.449,-1.912,9.9222,-0.7105,-6.743,-5.2712,-0.8993,-6.8946,-5.8355,8.3238,-3.7282,-0.7686,-0.7743,-7.9708,-8.8335,-7.2608,6.5618,9.0858,1.6837,8.3875,3.8294,9.3689,-4.3294,-1.6391,0.399,-8.4198,-8.6694,-3.1353,-8.9711,6.2995,6.1367,-3.1492,1.8009,-7.6743,-1.1247,9.7034,-7.3728,5.5577,-5.2856,-7.6082,-5.2912,-0.9099,-9.0379,8.4823,-4.9022,-2.824,5.1236,-9.4887,1.283,-7.0955,1.0121,-2.7559,-5.6901,-5.833,0.4565,-1.977,-9.8003,5.5785,-0.7193,4.3733,2.2616,-1.5084,0.915,-5.4315,2.8251,-7.9864,-6.7313,4.4068,-6.9584,-3.9756,1.8071,-7.7287,0.3457,4.792,0.0595,-2.578,-9.1437,6.4848,-1.4121,-9.9121,-8.8312,-4.4567,0.3859,7.4485,7.2545,-0.3718,1.0828,5.204,0.0138,1.5668,-4.4102,0.0866,-6.5269,9.6427,-1.4788,4.9685,4.5627,0.3214,1.0691,2.0218,-0.9054,0.0789,1.689,2.878,5.661,-9.189,7.0533,7.191,4.5522,-9.7133,7.1539,-9.8386,-4.428,-9.116,6.88,5.1202,6.4626,-2.4695,8.8099,-5.1536,7.4783,-4.4593,-8.7834,7.0214,-3.6776,-9.6889,-4.1191,-6.5208,3.1664,0.9375,-1.1773,-9.4224,-5.1196,2.0259,-8.5781,0.2772,-5.7009,6.945,-1.3165,3.6232,-8.0992,1.7961,-4.624,2.5915,0.4597,3.2468,-5.597,-4.3457,8.086,-4.588,8.5619,-4.8039,1.439,-8.0239,4.5083,2.778,-0.0507,5.1659,-8.7988,-3.2656,3.543,-4.5261,6.91,-0.759,-8.8561,-9.9281,-4.3198,-8.5917,-9.1394,8.1607,-0.0955,-8.3602
-4.9213,-4.7653,-4.8478,2.3995,9.1697,2.9564,0.5284,0.2212,-3.6975,4.8557,0.8451,7.3793,-9.9832,8.9761,4.8129,-9.4391,4.305,-6.6459,-6.9697,-7.0157,-0.1491,-5.8113,-7.7245,-6.15,0.9064,-6.8786,4.3583,7.5502,-2.7796,7.84,-3.9276,9.4847,2.4344,-9.836,9.1561,8.7401,5.7254,-2.8889,5.0884,-6.9146,-7.7011,-9.7442,2.5946,-8.4854,-5.2451,-8.7526,8.0024,-2.2914,-7.9833,-7.9815,2.9739,-2.6951,-3.9458,-5.3413,5.253,1.3362,9.1732,3.5513,-8.4243,4.1827,-0.1915,4.0843,-1.6896,-4.1598,-4.3482,6.0901,7.6852,8.1758,-5.3289,8.7408,-3.2462,-6.9867,-7.1875,3.5044,3.9723,6.9517,2.3753,-6.5977,0.1067,-0.6316,-1.4585,-2.431,8.8716,-5.3868,-4.1235,-8.2951,-2.5433,3.2549,-1.0428,0.85,2.8679,0.6992,-4.9506,7.2381,1.1671,-6.3117,-1.8935,1.1068,-9.5113,-9.3087,-6.2371,-4.2278,-6.6393,4.4893,5.5954,5.3479,-3.9573,3.6175,3.8376,-4.7042,-1.0276,0.1268,7.8811,5.4723,8.8568,8.4233,5.4349,-2.863,-4.0354,8.066,6.8691,2.9215,-6.6019,9.16,-2.0542,-3.6551,-1.3013,9.1942,1.2033,2.6324,-1.893,-8.996,-1.0679,4.6817,1.6958,-0.5302,4.3664,7.7516,0.9717,-1.8274,0.5164,-4.5681,-8.2181,5.1751,7.2483,-2.1486,-0.9104,7.3298,-0.3765,-5.9094,0.4545,-3.871,-3.7358,-8.1976,-8.3485,2.8973,-7.623,9.3341,-8.4579,-4.2804,8.4968,-4.6194,-7.5335,1.2576,-3.3767,-2.4624,4.5651,-1.6021,4.0208,-2.3726,-9.3404,7.0862,-9.8181,9.7674,7.829,6.4501,-3.8098,4.1288,0.5247,-6.9512,2.8948,3.1671,1.7401,-5.1631,1.0851,8.6028,-3.4371,9.3132,-2.488,-5.7379,5.7149,-5.1121,-1.3158,7.5453,-6.5726,-8.8336,-8.6538,3.6578,-5.6712,2.3376
5.2653,-0.424,-4.0784,-4.335,-4.5377,-5.9906,-1.0581,7.8431,7.6762,-4.6257,-8.3073,4.0166,-1.62,-3.9919,-2.1101,0.5189,8.283,-4.6759,9.0549,6.8911,-7.6897,9.2064,-8.7067,7.0777,-2.1805,-9.7579,-9.5823,7.0312,-0.8421,3.1457,8.8027,3.7604,9.5917,-2.3855,4.823,-4.1743,3.4914,6.5525,-4.9159,-4.6138,-2.8003,-0.6018,-7.5925,-2.2511,-6.2573,-5.5996,-3.9084,1.3888,-7.2553,-4.0542,-2.8358,-2.3159,3.1629,-3.2829,-2.0629,-6.6347,-7.9462,4.5014,1.9876,4.425,9.1352,-6.4293,-6.51,-5.3008,5.6407,-7.4834,4.3611,3.2079,2.3876,4.8265,-5.5126,0.9087,4.181,2.7369,3.474,2.6947,2.5421,9.2058,0.9651,7.4431,1.4298,-9.2219,6.9035,0.3303,0.8961,3.3705,-7.8284,-0.6199,-8.0309,9.5705,6.7601,9.3274,-1.5607,-2.4793,4.423,8.8954,-6.0402,3.9523,-5.9662,-6.6347,6.1417,-4.9522,-6.3016,-5.0323,-0.0312,-9.7491,7.3874,1.8784,1.8368,7.6566,-3.6801,8.6938,5.9555,-8.476,5.5574,-2.4208,0.381,-1.8305,9.4642,6.156,5.2014,7.2458,-3.7598,-9.9186,-2.4253,4.9189,7.6607,1.1187,-3.3832,7.1929,4.247,1.3365,1.1221,6.2529,-8.6071,8.1607,-8.6314,-3.5061,-4.471,9.9664,9.548,6.7188,-0.4232,-2.4595,0.9924,-0.0963,9.407,-3.5409,-2.2965,-5.6822,-7.4246,-7.8279,2.9402,-1.9972,-4.2146,4.6168,-4.326,6.8272,3.4164,-1.1235,2.5472,-5.1442,9.073,-9.9872,9.6215,1.2243,-9.04,7.8601,9.6996,4.0078,-7.5605,0.4684,1.8171,-8.9817,4.9182,-9.7715,-2.3538,7.7009,-5.5468,-8.648,6.2475,6.7975,-9.6941,-5.319,-4.6718,-4.4343,4.2476,-7.906,-2.331,5.9746,3.8741,9.5226,6.4097,-8.8542,-0.5157,-7.2202,-0.227,-1.4251,-4.8396,-5.1652
8.0962,9.4843,-2.3567,-4.1144,9.0254,-5.5293,8.8316,-0.0696,-2.0176,7.6408,0.8408,5.3855,1.2974,9.8575,-7.6523,4.6332,-0.1086,-0.8038,-8.7279,-7.7327,-6.501,-4.8244,-6.9901,9.4143,8.1965,-6.6934,-7.9807,-9.4295,7.2757,-3.2947,-1.5986,-0.4454,-0.6653,-3.3485,8.1842,-8.9369,0.6733,-4.0455,-4.7989,-5.2839,7.4752,-9.7466,-5.1705,6.781,3.1332,1.0948,1.5452,8.6878,-4.0444,-1.2219,0.0078,-0.1404,8.6199,-2.8509,8.5679,9.3142,-8.1546,-2.0175,-0.9673,0.554,6.2816,5.5158,-3.4918,8.3724,-3.0201,2.3314,-5.8482,1.258,-7.0093,9.1232,-0.7994,0.9415,-9.0292,-8.6009,0.1457,9.1452,-9.1593,-8.905,7.9467,-9.0843,8.1879,4.8461,-8.796,-8.3837,-9.8654,-6.8855,-5.3645,5.8788,-7.5302,7.1598,-2.9212,1.9454,-0.9195,-7.8295,3.9905,3.115,-2.6515,-6.9455,-8.0019,-1.0161,-3.2968,-6.3795,5.2872,-1.9386,-7.3618,-8.0957,-0.6273,6.2314,-9.4319,-4.2917,5.7072,5.072,-5.5794,-6.9036,4.8047,-0.9175,4.4323,-0.6536,0.9826,1.0613,-2.9757,1.6479,9.6318,3.4269,-5.1511,-5.8621,-5.6489,-3.8394,5.8416,5.9589,6.6309,-0.8451,-4.0431,-0.5855,-8.0307,0.1274,0.5646,-2.9972,-0.4196,-9.0527,4.4979,9.3193,4.8662,4.4828,-8.309,5.2059,-1.7458,0.5102,0.8196,2.6156,-1.8226,-5.0338,2.0612,8.2919,3.6152,1.0443,-8.7513,1.5005,6.0126,2.9535,-1.6293,-9.4937,4.0239,-3.5831,-2.6646,9.9631,2.7943,6.1998,-3.7903,5.3744,2.27,6.1392,7.0089,-6.188,7.2095,3.8436,-0.4122,-9.2666,6.2812,3.4612,4.1603,9.5491,-4.9353,-8.9528,5.6016,-5.0868,-7.7876,5.9245,-2.2355,3.9928,6.0143,2.6003,6.0991,5.6503,7.1347,-6.6072,-2.0321,-9.1343,4.8585,4.6835
3.4756,-0.114,8.1532,-2.1324,4.6908,-2.889,-3.4807,-8.042,4.1105,5.5323,6.0967,7.224,-9.4397,0.0359,-3.6911,8.7028,-2.0424,-4.3835,5.5526,-7.5343,6.0832,3.3464,-8.7088,2.805,-9.4248,-8.6862,-4.8803,-0.3338,6.2175,5.5552,-6.235,-0.9636,-9.7158,3.5349,-9.7102,0.3706,5.9345,0.1648,1.8482,4.6523,5.0215,6.8722,-2.4007,6.488,3.6651,-6.9095,-3.208,-9.4316,-4.3996,2.1515,-6.7506,-3.104,2.8909,-7.3208,-2.8857,-0.8507,-0.291,5.0408,8.449,-8.3886,-8.9573,0.4378,3.1292,-8.9722,6.923,1.5949,3.5432,8.9749,7.8721,5.2031,8.2773,-3.7459,6.2208,-0.6758,6.0248,-4.7572,-6.4852,2.6273,-3.9545,-7.4938,4.8692,-4.8212,-3.013,-8.5734,5.8152,-0.8187,-9.9619,-4.4885,0.4377,-0.3221,2.0739,2.1695,-5.4784,-6.4206,2.8956,0.2441,4.7149,5.8378,-8.2976,4.7278,4.5502,-9.2131,-6.702,8.196,9.0935,0.8323,9.1558,6.8877,4.4908,5.3915,-2.4108,-3.5398,-5.1184,5.3567,5.1328,4.885,1.3012,9.3248,-7.1497,9.1779,6.079,-8.3153,-5.6811,-1.6278,3.8113,-5.1503,-3.0366,2.5032,-0.0382,-0.2959,0.1709,3.3646,0.4972,-9.0586,-9.8589,3.3427,2.9394,-7.8462,-2.8922,-9.0524,-5.8304,8.4158,-6.3097,-3.9876,8.2046,5.2319,8.3764,-6.7552,6.4249,-9.7814,-1.579,7.2869,-3.5769,2.8305,-9.9554,-6.3564,-4.2902,7.1494,6.6743,7.1999,-1.1324,3.2855,-7.1645,-5.7725,1.3992,-3.532,6.8004,3.5081,1.7766,-9.6316,0.6607,-2.4235,-1.9775,5.1556,-7.7981,2.9121,-0.8488,-5.3475,-9.3295,6.167,5.9707,-4.6113,-9.5735,-7.8685,-3.3337,-5.1465,8.6923,-8.2776,-8.3229,-0.6363,2.4665,-3.5619,9.0571,2.4312,-1.3665,7.5902,0.6941,-3.7513,1.382,4.6619
0.3963,4.7017,-7.5488,7.2757,-3.1455,-9.9819,5.8148,-6.8482,8.0176,-5.0018,-3.2388,8.6329,3.7547,5.1569,2.4341,1.9248,0.3413,9.8071,2.7051,4.3811,8.3822,0.6578,-1.4718,1.0713,-6.7713,8.5529,1.6037,-6.9835,8.962,-8.2741,-1.5431,1.7622,4.1746,9.2453,0.7175,-1.5896,5.1359,-3.9522,3.7743,3.402,-6.2963,7.9031,1.0043,6.8365,0.4973,-1.9225,6.1742,7.0322,6.6573,6.2104,1.3429,-3.1176,-9.0719,8.5612,7.1561,-3.1606,0.5491,4.1245,-1.3083,8.304,-6.5936,7.8957,-4.2528,-7.46,-8.2613,3.9968,-3.3646,-3.9075,-6.2123,2.037,-8.3513,-9.4263,-0.0548,5.3461,-5.131,-4.5189,5.4316,5.0678,0.4572,-3.093,7.5166,1.8238,-4.4138,-8.5341,-9.1113,5.4026,5.6121,-1.7855,-6.8079,-8.3639,-4.3379,0.0382,5.5847,-8.5393,-7.7781,9.5015,-2.2179,9.7558,-1.8005,9.5569,-7.4762,-7.7045,9.8201,-3.456,5.898,3.9806,3.486,-7.1648,0.2099,6.7191,-4.1297,8.6646,-8.9555,9.607,-2.4017,-4.0396,-2.0145,5.2564,6.3681,-8.5664,-8.0771,4.3223,9.1667,4.708,-5.3202,-2.6656,-0.813,-9.3882,8.666,5.0662,-7.2611,-8.7435,4.1092,-8.6931,5.8903,-4.6612,-9.571,-8.1137,3.8896,-4.4806,-4.0196,-8.7852,1.7067,-5.6802,0.0747,-7.3729,9.9032,4.221,4.5151,5.2242,-2.5097,-4.2304,9.9008,5.7941,-7.2026,8.2263,-1.7558,4.6676,-4.6188,3.5292,-1.669,1.3823,-1.6637,-0.9393,9.8452,-3.1629,1.3499,-1.4845,6.1724,-8.0353,-4.4647,-2.8589,0.439,3.7556,5.8163,-6.4535,-3.6342,1.2425,8.1084,8.9801,-6.8105,-6.7753,-0.9741,-0.0839,7.8052,-3.2444,-7.0839,-7.7961,-3.2182,8.593,-1.5032,-5.8094,-3.9887,0.4098,2.7506,-4.4796,6.0616,9.8098,-9.5352,9.7831
3.5514,-0.685,5.2328,0.7568,4.4062,0.9528,-5.0146,3.4177,0.1071,-3.0704,-0.148,-8.8757,9.0074,5.759,-9.1984,5.0465,4.5763,0.1387,-2.77,-0.9443,-1.3873,-3.3503,4.5283,-5.463,1.6036,9.9634,-0.6959,4.1186,-4.0818,8.676,0.0844,6.0377,3.302,8.904,-7.4894,0.4024,-6.7707,-6.1369,-5.3984,1.8305,5.1184,1.6786,4.2394,7.3961,8.3162,5.5312,-5.1858,-6.5968,-6.4003,-7.6967,-2.7186,-8.2133,4.2802,-1.7557,-1.0466,2.3638,3.9947,0.9352,5.5351,-3.0958,-3.5533,1.5645,-2.6193,-9.1388,-2.463,-2.9344,-9.5356,-4.5761,1.2801,-7.9201,-0.6069,0.2932,-2.8157,9.082,-1.8524,-3.9903,-8.0037,-5.3675,-7.2088,-3.3567,5.6454,7.877,-4.6938,-9.263,-2.8869,-0.0754,-5.1721,5.2381,8.6041,-8.9589,-3.1899,-0.9412,7.3723,-8.1919,-9.9857,1.6243,-0.6554,0.0213,1.1475,-1.6512,-7.6577,-2.672,-0.2363,6.4111,5.0156,-5.1192,-9.9015,-8.5604,7.8659,-1.9939,6.7096,-8.4193,-9.1814,-4.9068,-2.9555,7.1769,-5.618,2.066,-6.2728,9.9205,3.3952,-2.2257,-5.4996,4.4389,-8.0172,-3.7941,3.2778,-9.9192,-4.6656,-4.307,-5.7028,7.5951,1.722,0.9033,-7.4908,8.5782,-5.1505,1.4134,-1.8042,-6.1918,0.5702,-7.0324,-5.4635,2.1026,-4.0067,2.5483,8.8204,-1.0802,-2.8195,2.2943,8.2843,-7.439,3.2762,8.4377,-7.0991,-7.8378,-0.7461,4.999,-7.7764,3.7814,0.4977,-0.1295,9.2797,-2.3869,-3.7725,0.0505,5.1308,6.5659,-4.319,5.4604,-7.7114,5.0164,6.8549,5.8138,1.6667,-1.9593,-1.9751,7.2391,-2.6475,1.5306,-3.2948,-6.2655,6.0344,1.2554,8.4285,-2.994,3.1725,-9.5521,-2.1708,4.9852,-6.6471,9.3537,-7.9329,7.4824,-8.1487,9.6229,6.8242,2.4754,-2.0912,-4.5232
-8.7886,-2.4782,9.056,-4.9452,4.5458,4.377,-3.1966,1.0078,-4.4757,-8.537,-5.1072,-2.9558,3.2196,-6.0555,9.9584,-9.2056,-8.4225,-9.402,-1.8314,-7.8859,-6.5773,7.372,6.1201,1.3891,0.5955,-4.8736,-0.2502,-5.2279,3.6752,-2.6721,3.7968,0.4172,-3.4218,5.6339,3.603,-5.6611,-2.7659,4.7954,9.5812,-2.7476,-3.2159,2.9922,5.8057,-4.0701,-3.1661,-3.0372,8.006,1.6479,3.5004,6.3404,8.5145,5.6352,-4.3131,-9.3739,-3.0169,-2.3859,5.3411,9.4706,-5.7022,-1.101,4.0563,5.5084,6.7061,-5.6213,-5.8506,-3.4699,4.2809,-0.9218,4.9891,-0.0528,-5.0753,4.4146,8.7008,-2.5495,7.2201,-5.4711,-7.1584,4.6656,-4.6547,-2.4988,-0.2537,-3.5068,8.6362,6.3705,-8.1862,-1.1186,3.2503,-8.0737,8.2415,-6.1805,-9.1148,-2.0429,4.4834,-4.4111,-4.7695,-2.8849,-7.5315,9.0763,6.0669,-7.1093,-4.9419,-0.9509,1.3635,3.18,4.7195,8.2754,7.8369,1.5432,-4.8239,-2.081,0.6659,3.6323,3.9407,3.5744,3.5355,-1.4277,-5.9256,8.762,-6.0921,-1.224,2.0871,6.1081,-1.2778,5.5813,5.4955,-0.8317,9.7946,1.8422,8.0113,2.8174,4.8153,8.8019,1.8723,7.4568,-0.2122,3.2964,1.5303,-8.0107,5.7885,0.4813,-8.6411,-8.3497,3.9942,-4.3639,-2.9861,9.4778,-5.1894,-8.5964,8.4191,7.205,2.858,3.6571,-6.4112,-0.2218,5.9819,0.4319,8.1241,5.2919,7.6341,2.9083,6.5967,7.7704,-0.1022,0.8587,-4.1179,-3.0459,-4.9273,-4.0211,-4.7111,8.8154,-4.6228,-3.1707,1.5941,1.8397,-8.0177,3.3736,6.2507,4.732,9.7673,-6.5845,1.0283,3.7964,-4.6121,8.7662,5.8903,2.6818,-5.6201,-8.9912,0.3408,0.9195,-7.5748,-7.2194,-9.5578,7.4368,3.0791,-6.3865,4.3612,0.2512,-8.5536,7.214
6.0842,3.5118,-8.7222,-2.749,-7.7351,1.2142,4.3995,-7.4698,3.7127,-8.4884,-0.5356,-6.7854,9.4426,-0.078,-3.2224,-7.313,7.3006,-9.4263,-6.5218,2.5743,5.3921,-5.4694,-6.8389,4.4681,-3.8158,1.3117,-8.8323,0.1516,1.1019,-0.2701,3.9389,-0.5596,-6.7636,-0.0788,-5.8421,-5.8728,5.4213,-4.7366,8.7628,8.7781,-4.5649,3.9087,5.3094,-0.1601,4.5157,-3.8537,0.8594,7.7064,-1.7673,5.9747,6.3037,-0.3964,7.5042,-7.6506,-0.2709,2.8076,-2.7157,5.3342,-5.2915,-6.5516,9.9096,-4.4854,-8.5363,-9.2596,1.5837,5.9791,0.5322,-8.3969,-6.6665,9.2939,5.054,2.9306,5.4555,8.2642,5.4016,6.0652,-1.4309,8.644,-5.0334,-5.8971,-1.1636,-8.5199,-5.3063,-0.8523,-7.6409,4.3402,-7.76,-4.6948,-7.6123,3.3089,-0.5298,3.784,-8.9749,-1.6412,8.1597,-4.3843,-3.8544,0.0724,4.1847,-2.5801,6.2321,-7.9567,5.8271,-7.2464,-0.4703,-8.0083,-6.9883,2.3492,-9.0516,4.2336,-1.2046,6.4531,-2.8583,-1.507,1.6697,0.7089,-8.5983,6.282,-5.0647,5.6458,-0.8549,-1.3241,0.4229,-0.9292,-4.3412,-9.2764,-0.7461,8.4987,-8.0329,-1.7752,-3.7596,-5.0639,-3.287,8.4133,0.364,-3.1519,7.5428,4.5226,-0.8962,-0.4823,9.6294,-8.5742,2.0238,-6.9174,-0.6531,5.0891,-6.1783,-9.3294,4.9937,-6.8167,1.0696,7.423,-4.7099,-8.7522,0.7886,8.2619,-1.8612,-7.0593,2.574,3.0854,7.1732,-5.3864,-5.8698,-5.5769,4.95,-4.2489,-2.1037,-1.6496,8.1196,-4.8134,-0.2798,1.0764,-0.5054,6.92,-9.278,-7.3668,8.2698,8.6673,-9.3983,3.0774,-6.8917,8.0593,8.6041,2.3481,-6.888,-7.6177,8.5851,7.5873,-9.6821,4.8927,-8.9575,4.6157,1.4374,9.279,3.3013,-6.9044,-1.2589,-8.3046,8.2998,-6.439
3.4848,1.6851,-9.8565,-3.6668,-1.4059,-3.5711,2.4704,-5.3906,3.795,-5.858,-0.1577,-7.383,6.9368,-4.2281,-0.9998,-6.7401,-7.0493,-3.068,-7.5532,-4.5853,9.9092,7.5691,2.9252,-0.4476,-1.919,-8.2399,-9.4923,3.2039,-5.4906,2.8374,-2.5215,7.241,-1.3969,2.3105,-6.1623,-9.6297,0.6127,8.3408,0.9786,2.0443,-8.5653,5.1567,-0.2162,-7.4705,-7.8909,5.2251,-9.056,-4.4121,8.9566,7.6948,4.0418,9.2674,-9.415,8.0218,-5.8938,-3.5983,-7.837,8.5876,-6.194,-2.9293,3.5851,4.848,6.4575,-9.938,-1.6333,3.612,-0.2576,4.5691,6.3931,1.195,-7.4532,-8.7911,-3.5546,-1.5751,2.5041,-1.7546,9.3148,7.537,-4.1578,7.1504,5.2518,-6.3349,-2.5639,8.4619,2.6775,-8.2347,6.829,1.1016,-5.7749,1.386,-0.7267,-2.6094,-3.8346,-0.6869,-5.4086,-6.8862,-9.4525,-5.4011,2.0205,9.7533,6.6955,-5.1508,-9.9876,3.862,-8.0456,-2.3522,-4.6251,-8.2053,-5.7447,9.3351,-9.0478,4.7512,-5.0994,-6.9472,-5.9003,7.0097,3.768,-8.4738,-3.9013,-0.703,-5.5807,-7.0019,2.0584,7.0984,-3.1422,-5.1833,4.2187,-0.5224,6.5762,5.4618,-3.711,-5.4063,-1.8667,5.1861,-4.3361,5.1486,3.4603,5.4833,5.2458,5.2434,4.2355,-1.0933,-3.0766,3.7017,-9.4196,2.2092,-0.4437,8.0133,-7.0099,4.8412,-1.6279,-5.841,0.5921,5.334,4.9925,-0.933,-3.8428,-0.8052,7.3485,0.1077,-9.0018,9.5612,-6.212,0.0292,-8.6584,-9.993,-6.3969,-2.7535,1.8526,-0.5474,-7.9472,7.7652,-3.6418,0.3609,-0.1502,-6.9153,4.7267,-9.0469,9.2814,1.7471,9.52,-9.4341,-7.1816,8.8834,7.215,9.5223,-3.8869,-6.3191,2.6502,-9.2663,1.1492,7.6959,-7.5695,-1.3494,-8.6227,-9.6323,4.9731,9.2785,6.8582,-5.1911
-7.9349,8.4772,-8.1008,0.4661,6.6801,-1.9573,1.2443,3.2023,5.1707,-8.3219,-7.6907,0.2769,4.7944,1.6611,7.9129,-7.3635,-3.9636,-0.5919,9.304,8.6286,-6.8172,-8.3594,0.673,1.1939,0.7004,-3.494,-3.4925,-5.2184,4.2746,1.2528,3.7046,2.646,-6.5652,-6.8112,-5.8139,-1.6732,-8.1857,9.8826,6.5319,1.1592,-8.4736,-4.1489,-5.5129,-0.5505,-6.8326,8.1595,-8.1642,-1.6702,3.3046,-8.5853,-8.6376,-1.2578,7.1761,-7.128,1.0048,-1.9338,-7.591,-0.7435,4.2654,-8.2131,-4.8603,1.3626,-9.5507,3.4855,-5.3504,4.1177,-0.2691,1.2512,-5.6928,-8.1118,-4.3776,1.2577,3.222,-1.3723,3.902,-7.2051,-7.0822,5.5061,9.4965,-6.9395,7.4567,1.09,0.246,8.4611,6.0024,-0.1277,-9.024,2.9896,-3.8491,-0.003,4.1269,-4.3364,2.2211,7.9238,1.1255,-6.4814,1.1714,4.5057,-5.0246,-3.8478,-8.5568,9.3582,2.1152,4.7241,7.6098,7.5623,-8.3376,5.2942,4.0157,-3.9156,9.2171,3.3355,-8.3522,8.2711,7.4397,9.2707,6.167,-1.8196,6.7467,7.7203,8.3166,-5.826,9.1628,-3.8701,-2.3357,-0.1086,2.5771,0.7407,0.4532,-7.2914,8.1197,-2.8962,-5.7857,-1.2886,-5.7291,7.8291,1.8921,6.6985,6.3396,9.5561,-0.1866,-8.7478,-7.025,1.1296,-2.239,9.4712,3.4021,9.0604,-9.0568,-4.0086,-8.0932,9.3554,-1.3007,-7.3445,-7.2889,0.5741,6.7969,3.7487,-5.5305,8.1887,-1.5227,1.8296,9.2647,6.3184,9.9299,8.2793,-6.319,-7.8868,3.6111,9.8589,-9.818,-2.8284,4.8553,6.1171,3.6069,-9.5931,-0.9081,5.0485,-6.5776,-7.1586,-3.1486,-8.131,3.6289,-6.622,-6.9439,2.2337,0.1328,-2.7439,-8.7042,-4.7694,5.3162,4.0802,-6.2931,-5.9115,-0.5796,-2.6912,4.9776,-0.6279,-9.2239,1.0719
8.7745,-1.0548,-2.6149,4.0012,8.9142,3.685,2.5328,2.4395,-2.4247,5.9121,6.1301,4.7952,4.4714,9.2921,9.3022,8.0495,9.7287,-6.1797,6.1499,0.7407,2.4067,-0.0194,-3.6662,7.3439,3.7493,-5.8309,7.6421,3.2448,-6.7881,-2.6698,6.941,6.5203,-8.0955,-0.0165,-1.1771,5.773,1.8594,1.2381,0.29,2.2155,-4.7654,-5.5605,-1.304,-4.1793,-2.6362,-3.1597,5.8752,-9.5958,3.4142,0.4077,0.5959,7.8899,1.6171,-4.6057,-4.0414,-7.6883,1.6551,0.6353,9.189,6.341,-1.943,1.8417,-5.4201,-5.0497,-0.5653,-9.8925,7.7493,1.2448,7.8543,1.8892,-6.9713,-5.9387,0.3099,-9.2428,-1.4245,-5.5684,-1.7579,-3.597,-5.053,7.8069,-7.4104,-2.7116,2.675,-6.9681,0.2881,-6.2475,8.1495,-1.4438,-5.4956,-6.354,-1.6886,-5.6536,4.572,-7.2187,6.1084,-6.878,4.9462,9.1858,2.3265,-9.0153,-8.9323,-3.2254,-5.2056,-5.8798,5.092,0.5416,-3.4834,7.1557,6.4867,-3.9635,3.9518,-7.4876,8.1196,-3.6437,-0.0385,-0.5239,6.1577,6.5418,-6.7716,0.0427,7.7239,2.7473,-5.2781,7.0591,9.4741,6.6563,5.0518,-6.6312,2.9437,-9.1019,5.0035,-4.5457,0.1777,-3.4397,-0.9673,5.5279,-1.6108,7.7136,-2.2244,7.663,-9.8362,-2.3852,-5.267,8.279,7.5265,-5.0086,1.8235,9.0976,-7.8701,-9.2261,7.2729,8.794,2.1083,-0.4088,3.3052,-2.5079,-9.0441,9.2006,6.0871,7.177,-8.5133,1.2852,-1.735,-3.8389,-1.7934,-5.7252,-3.1828,-2.7621,5.7164,-0.8663,2.4287,-3.5386,-8.7016,-8.203,-0.6346,4.5121,-2.4124,7.3248,-7.0896,4.6408,-4.3738,2.5351,5.9032,4.4783,8.897,-5.9901,5.7332,-5.718,2.6737,3.6319,-0.6223,-4.823,-3.4724,-7.2216,-9.7744,-7.0118,8.1013,2.6477,2.4182,-7.6295
1.8379,4.5184,-7.2146,-8.934,-3.8922,-5.1766,6.6529,-6.3312,-6.4424,9.2247,3.6304,7.8269,3.3968,-2.1603,0.416,-5.2904,5.9604,4.1255,-4.5462,0.2841,-0.1952,-4.7099,2.4211,-4.3425,-8.142,3.6946,2.6257,-8.8359,4.7202,-8.5911,5.2254,-2.1073,-4.4781,6.0312,-0.3147,-3.3716,-8.4656,3.24,5.3209,0.3282,-9.5384,-6.332,3.8457,5.0506,7.129,-4.2328,1.2427,-9.3213,-0.555,-8.8548,-8.3014,-2.0981,1.9316,-9.5836,-7.7593,-4.0907,3.711,-7.8448,3.1766,1.5017,-2.2303,0.3702,-7.9457,-5.6896,-6.4349,7.2316,8.5576,5.587,0.2354,5.7268,9.58,0.8774,9.304,-5.3846,-6.1851,-7.3058,8.0061,-8.252,9.1549,-6.3854,-8.9119,0.8734,9.6361,5.2964,8.92,2.5959,-3.2461,-4.3688,1.2929,1.8271,2.6099,-4.3543,5.2934,9.7732,6.0936,-1.4986,2.0788,-5.2675,9.9948,-6.5868,-2.0998,4.4417,-2.5053,8.0437,1.3414,-2.2385,-4.2028,-5.4208,-3.2767,1.2997,-9.5236,-2.1448,3.4051,1.7247,5.0701,9.6018,-5.6707,9.4291,-3.3838,4.9132,-2.5135,5.2887,8.6111,2.3029,2.0981,0.524,-8.9968,-1.7447,-8.6154,-7.6283,8.3139,4.466,7.5445,-7.0084,-2.7781,-4.5497,-7.2735,-5.5536,-5.2674,-5.3716,-6.1742,6.9009,-5.5695,2.9985,8.4761,-8.5778,2.0908,-9.4528,3.3667,-1.6447,-9.9282,6.9195,-6.959,9.4144,-8.0311,4.1686,9.8158,3.5544,6.9329,0.8312,1.3132,1.7792,7.0481,1.9483,7.6937,3.508,-5.8571,6.0373,0.1506,0.2733,8.1109,3.4136,1.9387,1.4003,5.9457,-0.173,-1.5415,-0.108,5.7854,-9.4719,-2.8229,-0.8275,7.2597,9.3893,2.6811,-7.7771,-0.3662,8.1393,4.2085,5.2077,9.1015,9.8368,-6.7914,-4.9228,6.0736,5.1607,7.4566,1.5068,2.1788,-5.7499
2.9921,2.9404,-2.2941,-6.9773,3.6765,-8.149,-8.466,8.823,-7.9618,5.1006,9.9378,-3.9658,-5.3936,-8.6495,-6.5143,7.5358,-1.9589,3.8635,-5.5838,4.8134,-2.1447,-3.4667,0.362,8.3022,4.0345,-4.5108,-4.6545,-0.831,7.6377,4.4345,9.6911,6.9867,0.3083,-5.0634,-4.1326,3.1016,-0.2787,-6.8168,4.442,1.4355,0.4873,9.9043,5.5135,7.1667,1.2309,9.4384,-0.8348,-3.0148,5.1219,1.4279,3.0521,1.9447,-7.2812,-3.7009,2.4331,8.5498,-2.9535,-0.7618,-8.7355,3.5892,-6.4484,4.0714,5.886,-6.5898,-1.7789,-2.9637,-0.3328,-9.6761,-8.3374,2.1817,-0.9434,8.3793,-3.9892,0.7992,-8.6627,4.5842,8.0608,2.7571,-7.4386,1.1145,8.4004,-0.3352,-8.4835,1.1059,3.304,-7.4229,-9.5082,0.7707,-1.5933,-6.3766,4.7119,8.7279,-6.6066,-2.5935,7.0991,-4.0887,7.2342,-5.0948,9.7276,3.531,-9.7202,-5.7036,-1.4427,-1.8261,4.2389,3.5532,-5.8566,9.1736,-9.858,-0.0282,5.8922,9.6983,-0.4738,-0.1827,-6.8296,6.4838,6.322,7.6724,-9.1725,-5.2637,-2.8073,-5.6647,-6.7937,7.839,9.4846,-6.6214,8.5508,-8.2963,-8.287,-7.635,-3.4858,-9.691,9.8173,5.102,-9.0832,7.9978,8.4873,-1.3323,3.3887,-2.6449,1.216,-8.5324,5.1042,0.7275,-6.4736,6.4632,9.6364,5.268,-6.4885,7.6268,5.9023,1.8173,0.7304,8.3037,0.3304,8.2962,-6.6033,-3.2347,-7.6477,3.8062,2.541,9.8739,9.4992,7.2983,7.8113,-1.8452,9.7102,7.0081,5.9174,-2.2877,-3.9279,-3.7208,-5.0015,7.4655,5.1858,1.6117,-3.799,1.2849,-7.8248,7.659,-1.177,-7.0277,-1.636,7.0875,8.1185,7.6538,-9.8875,3.7078,-7.8001,6.1687,7.9866,2.0821,4.2126,0.6419,-6.5229,8.0083,-8.8932,6.2903,4.103,-6.5721
-0.7161,-2.5967,-6.2316,-5.7754,-2.5233,7.4429,8.0973,-7.7136,0.2779,3.0158,2.7796,4.5315,3.4578,-8.2666,-7.9468,3.0011,-4.4953,1.6423,-5.9455,-7.3695,-1.9629,-2.2005,2.7457,1.7416,5.2486,-2.9174,-1.3207,1.0115,9.076,4.7846,0.5012,-1.2602,-1.6462,-4.9439,-1.1941,7.5417,-5.046,8.2754,-1.2921,3.29,-7.1015,-5.1619,8.0053,-0.7997,-3.4497,7.3879,5.6097,4.2149,3.8134,6.0692,-2.9994,-7.6654,1.2545,3.1635,-1.7163,2.5021,3.7097,-2.6469,-4.0481,-8.7554,0.5216,8.4123,1.7866,2.9264,9.8133,8.8643,4.7881,-7.9142,8.2997,6.4867,0.5928,-9.2232,-1.187,3.1262,0.3184,1.6127,-9.1425,-3.5725,-1.6146,-8.4238,-7.7759,0.7037,3.5087,-2.7377,6.757,-8.793,9.2747,-3.2527,-2.6931,-3.536,-4.2424,-7.7395,2.0325,9.928,-8.2874,-2.9643,5.0215,5.8949,3.7561,-1.6327,2.5259,7.8846,4.8225,-2.2347,4.6628,-3.7878,5.3649,1.9712,-4.5246,6.9248,3.8613,7.4495,-2.9033,-6.7413,-6.0467,-2.4616,1.7269,0.8165,-7.0878,9.0439,-5.5005,-4.2425,-3.9357,-4.8385,8.6164,6.6388,4.2344,-5.17,5.1643,1.6161,-4.5994,-4.6041,7.451,-6.9084,-6.8902,-1.8793,0.2895,-7.3117,8.0415,-9.9826,6.7287,0.3377,-5.1565,2.2184,5.9518,-7.713,6.8844,9.7052,-3.1805,-4.7892,2.0438,6.8921,-5.5562,3.4681,9.2922,-3.2801,0.6983,7.5437,3.4189,6.9895,-2.7704,-6.748,5.6916,-4.756,-0.5556,-4.0901,5.7865,-4.8635,-6.5369,-0.8341,-2.4956,8.4672,-1.1048,-4.7413,-4.877,5.7618,1.9737,2.2019,7.2288,6.4814,-8.3351,-5.6728,-5.7137,-3.2371,2.5051,1.8905,-1.5584,-6.5465,-5.0488,-3.5466,-9.8272,-4.1255,-1.2306,1.3645,-7.4374,6.508,9.6279,-9.5794,-8.3308,-7.1678
2.9304,6.5728,-5.7033,9.3376,-2.7601,1.7656,-1.1206,-9.4232,-3.1748,4.3642,-2.8717,6.8448,9.4837,-4.6307,0.2174,8.9643,4.8409,-4.1369,4.533,7.165,8.2205,-6.7421,9.0976,2.0309,4.7841,-0.6715,5.5097,0.0786,8.336,-0.2139,1.3687,3.3952,-8.874,-5.2041,-4.0437,-3.3282,-1.5732,-9.3018,5.7727,2.4153,-2.0475,0.491,9.7005,0.6257,4.6097,-5.3508,-2.6984,-2.3293,-6.7613,0.6673,-2.8094,5.784,-3.2714,-5.2263,8.3274,9.0442,0.3573,2.2329,7.8456,1.551,0.0254,6.4644,-3.8173,-4.6546,-6.2925,-7.006,4.3785,-7.9374,-0.41,-0.2037,9.2998,-4.0901,8.2421,-7.5042,5.4992,-9.4159,-5.7004,2.3894,-7.0844,-7.3327,-5.9113,-6.2834,-5.5013,5.5287,-9.2787,-9.1578,-2.4236,-6.7799,-8.7309,1.1658,-4.2314,-1.205,1.7831,7.0397,0.3696,-7.1429,-9.7414,-6.7441,5.4781,3.0899,0.1038,8.8915,-3.3727,-2.8222,1.9383,-7.4095,3.5961,4.4174,-0.0442,3.2618,-9.0316,0.4811,3.8287,-3.238,-5.8411,-0.6985,2.1898,6.6749,4.4078,3.883,-9.3601,-6.0602,9.3,-3.8883,9.4375,9.8958,-7.5228,-8.2251,9.4573,-2.3173,9.318,8.9098,-0.2763,-4.3693,-5.8621,1.0611,6.1814,-6.4229,-5.9174,1.8809,1.2331,-2.7981,-3.7777,-1.9205,3.1286,2.9586,5.8413,2.7846,-4.9844,2.1593,6.4418,-2.2816,8.2441,5.9737,-5.021,4.0803,-5.6641,2.8313,-4.888,-5.4507,-9.716,5.336,-0.6368,2.2489,5.3862,-0.4268,9.2302,-4.5256,4.6729,-9.0689,2.6217,-8.976,-5.7958,7.4485,9.9621,9.7389,9.2508,-9.4593,-1.212,-4.7508,3.6606,8.1831,3.6833,5.8267,5.905,7.873,-7.8363,3.569,8.472,0.0461,-0.4074,-8.0801,0.2807,7.9633,8.6594,8.8309,-3.8315,-5.8903,7.8933,4.9759
-7.2078,-7.2334,-8.0098,9.1483,2.0195,9.2847,-3.3728,3.3656,-1.7082,-2.9745,5.6449,-7.7675,1.9245,8.4466,-0.236,-0.2757,7.7006,-3.5165,7.5325,-7.4192,-3.6045,7.5927,1.6172,4.2523,8.4818,-5.2013,-1.3843,-9.6028,5.1709,-1.6887,9.5521,3.5187,5.8761,6.6234,-1.9667,-5.8921,8.3106,-9.8903,-2.5678,-9.722,-9.055,8.359,-0.1647,-5.8359,9.1416,-2.7328,4.2517,6.7471,-4.5783,4.7075,9.978,-0.1252,-0.766,8.5655,-0.7064,0.3436,9.1413,2.5755,4.0492,5.8524,-6.5435,3.3805,-7.2142,-1.643,2.2096,1.628,4.1388,-6.128,2.4789,4.2802,-7.2708,5.8231,1.5433,3.765,-6.5725,-8.3965,6.708,-8.6479,-5.4951,-5.9295,0.3852,8.9974,-8.29,5.1902,2.0223,-0.9556,-6.2124,1.1574,-3.9598,2.8479,9.1415,-6.699,-2.6953,-4.452,1.4327,-0.2275,9.8876,-9.3126,3.3537,1.0993,-5.0535,2.5296,-5.8764,0.51,0.4111,-4.76,-9.4148,9.6597,-1.4899,0.012,-3.8387,3.7537,-9.8341,-2.189,-7.4251,2.5451,-9.0371,-4.7489,3.2318,-9.6721,0.3607,3.6591,-9.3335,8.8362,3.5232,7.6097,9.5895,4.521,-5.1942,-5.7344,9.7751,-2.992,-6.845,-8.4861,3.1124,5.4874,-4.0391,3.1717,-9.8027,9.9462,-5.8574,-0.2936,6.9731,-5.118,-8.3276,-6.2159,1.8926,6.571,-4.3286,-4.4226,-3.0598,4.6665,-2.1383,7.8545,3.3963,4.5617,-5.2849,-4.9981,-4.3858,-9.6621,-1.9097,-2.4114,-2.074,-4.701,-5.7573,-9.9513,6.3557,2.9464,-8.4267,1.0437,7.7887,-6.7959,-0.2306,-6.5575,-5.172,-2.6471,-8.1479,9.3716,-6.8083,3.4996,-8.2268,4.1146,-3.9534,-0.7566,-2.0252,-2.7016,0.9726,-3.1443,-1.8392,6.418,-5.3384,-9.3731,-0.4309,2.9832,7.7668,4.1665,-3.6662,-0.6337,0.7121,-1.7195
-2.7764,-5.8609,-7.1956,0.691,-6.4145,8.7335,4.8324,3.6717,-9.8777,0.561,-2.584,4.5991,2.0847,-2.3032,-3.1523,-1.1695,3.2084,-1.4801,9.9385,-9.8065,9.1189,0.4996,1.5214,7.358,-9.7604,6.6455,6.4329,-4.4239,3.2439,5.7902,6.8586,4.8653,2.7467,1.0287,5.1198,0.1712,-8.5813,4.8169,6.9281,-7.5317,-4.038,-3.6816,-7.0464,2.3595,6.8384,-3.7068,7.0456,8.0222,-2.5891,-7.5094,-3.4928,-7.7074,7.0248,-2.9711,9.521,2.3522,-0.1572,-5.4813,-5.5236,5.016,-4.2568,-9.3075,-4.2759,-6.5791,3.2832,0.2182,-0.6908,-8.8212,-6.0694,-4.5445,-0.0396,-4.0756,8.5924,7.655,0.3213,3.2445,-9.9004,3.3046,-1.8941,0.6638,7.8997,-9.0601,8.8881,-3.3589,7.7421,6.595,1.9745,2.4485,6.2084,4.1525,-3.5754,-6.5057,6.9546,9.8927,-8.0314,-5.6436,7.1593,4.617,-5.6319,-0.7569,-1.4794,-7.3012,7.0593,-3.5946,2.9135,5.2045,9.5417,9.8177,8.5224,2.5158,-1.8245,-7.3495,7.5464,-2.0313,-1.4069,-5.2545,3.327,-5.5938,0.7718,-5.1358,-8.4198,4.573,4.9915,9.473,9.9029,6.2467,-8.4379,-9.336,5.7332,4.1062,9.7857,-9.8304,-9.9223,-8.0846,9.3359,0.8376,8.0518,-6.1891,-1.9144,-7.2567,4.9634,0.9258,-1.2729,-2.9012,4.3575,-9.0734,1.275,-1.4898,0.9798,-8.439,8.5941,-9.8019,4.8099,5.1383,-6.69,-2.0002,-5.7471,-2.7588,3.4766,-4.3051,7.2505,3.0194,-1.1791,8.2028,4.7517,-5.3628,-5.2611,7.6564,-7.1167,-4.645,8.6133,-2.0905,3.331,-7.9382,-0.3835,3.231,-3.2297,8.1567,-8.7986,5.8595,6.9158,-7.2132,-0.3715,-3.855,9.0397,-6.3115,7.9774,-4.3313,-2.3279,-2.2198,9.3316,-5.7079,4.6868,3.7925,-5.2267,9.124,-8.3671,0.2624,-5.0075,-0.9795
-5.9021,-8.6879,2.4117,8.0097,-2.8044,-5.3272,9.2296,-2.4015,2.4895,-7.3229,-8.7878,6.7494,4.3852,-5.3842,-7.3188,-7.0086,-7.9604,9.877,-5.3357,9.7589,8.6737,-8.3964,-7.774,-2.4748,5.1477,0.6959,9.8185,-1.2463,-5.4947,6.1024,7.6568,-7.5823,-2.9097,-0.8358,-5.9607,2.0976,2.3794,1.686,7.5546,1.8636,6.3271,-6.1246,-1.2203,-8.882,-8.2524,-0.7513,4.8072,-2.3539,3.0621,6.2541,9.0463,6.8999,7.2129,3.3872,-6.868,-6.7873,4.1152,7.2258,-5.867,2.162,7.0145,-8.443,-3.2505,6.2947,8.7112,0.5975,3.028,-0.7633,-2.6552,9.1357,-5.1015,-9.2041,-5.641,-2.8549,0.5216,9.0777,-0.5188,-8.0192,-9.7535,-0.2485,1.5018,-3.733,-2.1797,-6.5023,-5.2481,4.8053,0.3345,8.525,-2.1224,9.1535,-8.474,2.3198,1.2744,6.6636,-0.556,-1.8814,-8.5912,-6.9857,9.8048,-2.4747,1.0178,-8.959,-6.0975,6.231,0.9127,7.7923,6.0824,2.2474,-0.159,-2.4112,3.3627,-9.1964,-1.5251,-2.7584,-8.9737,-2.1545,-4.9326,6.5919,-6.837,7.7648,-9.8902,-6.6236,8.7921,9.0931,4.9323,2.0337,2.32,4.699,-7.8063,-7.2368,3.2647,0.1951,-0.0112,5.8195,-7.6505,-5.1235,-3.6574,-6.1012,-8.492,5.5784,-3.9228,-9.7922,8.7658,-3.1133,4.9988,1.1297,3.8497,-3.9224,-2.8073,-7.0684,8.8495,9.4605,-5.5023,-2.9119,-4.7585,7.6449,-3.17,-7.4437,4.4018,-2.0114,-8.5043,0.3117,5.3899,-4.264,6.1465,-5.9673,-2.1653,-0.1058,-0.1997,-0.4773,-1.7895,-7.5074,-0.185,-1.8935,-5.6447,-2.6373,-0.1799,8.6535,-6.2274,2.287,-5.7904,7.9127,-6.2097,1.586,-2.5669,0.9574,-4.8939,4.7264,-8.798,-3.8754,3.1692,5.3881,9.1117,-2.1701,-7.0123,-1.6794,6.9076,6.7792,-0.4773,-9.6841
-9.747,2.3357,9.4541,-2.8917,-6.7139,4.4468,-0.7085,9.5796,7.8732,-6.95,-8.3963,7.3223,4.8788,-2.6092,-7.1947,-4.1748,-7.0222,5.2928,3.8025,-4.6015,-8.0763,-4.629,-1.6488,-2.339,0.3888,7.912,6.3302,-6.8203,4.5701,-7.8261,8.4783,-7.0533,0.5115,6.3852,-8.3117,0.8801,4.0442,-6.5439,9.4224,-2.9796,6.0348,-2.514,6.6547,5.3733,0.4684,-4.0036,-4.9628,0.2022,2.4903,-5.267,9.3306,4.273,-3.765,0.9304,-3.7823,4.902,9.019,-7.6326,7.1128,-6.72,4.5527,7.3094,-4.1763,5.1499,-1.4019,7.6753,4.4548,1.415,-5.7686,1.73,-1.165,-4.2156,-1.7068,-6.5442,-1.8381,8.9698,6.7925,-2.2383,3.9663,-2.2527,-4.1309,2.0681,-2.0442,4.7805,0.9638,0.7753,-0.8649,9.4746,8.0929,-1.7712,-6.7396,4.9747,-0.5072,1.9857,0.5329,0.7016,9.2667,-4.5765,0.5166,-8.7535,-5.967,2.0514,9.6831,4.9904,-8.0228,3.8992,-9.0523,7.8984,-4.7246,7.0241,-5.0377,1.98,-0.8171,2.8731,7.3936,-4.89,5.0644,0.227,9.7295,-5.4926,1.269,4.655,-2.7105,-7.1332,8.6369,3.7299,-0.6483,-5.5849,-7.2072,7.3846,-8.4272,7.1002,9.3668,7.2452,9.7348,-8.7802,5.1594,1.7879,5.3159,5.1463,8.7242,-4.5658,-1.2088,-6.6718,5.6694,-4.2866,8.4316,-4.603,-7.8567,3.967,-8.5662,2.8803,-5.3042,-2.0272,-2.7967,7.458,-6.0856,4.2268,-5.9071,-8.3231,-6.4365,4.6257,-0.0948,8.0907,-1.5232,9.2937,7.3432,2.062,5.4722,-3.5199,-4.9174,9.0252,-8.1289,-8.9652,-4.192,0.4669,9.9173,-8.2726,7.1977,-0.5971,6.9218,-6.4548,-3.3086,8.2806,0.9381,-3.1759,8.8514,-9.3074,3.4862,-4.4306,1.1228,3.6089,2.841,-8.6864,-6.8977,-6.78,-9.5939,-2.2198,-0.8791,-1.8346
8.8953,-6.8334,-7.9645,1.0658,-4.938,8.1723,5.2397,-6.3406,-2.6531,-5.7611,2.4717,-8.4475,8.4655,-6.2986,-5.0717,3.1744,-1.0757,-2.2576,9.818,5.0355,7.4742,1.0669,-2.0965,-0.098,0.5991,-0.6505,0.9298,2.8265,-4.8053,9.1258,4.9791,8.6017,8.572,-7.0475,1.9915,3.3392,-5.2394,5.5976,6.4229,-0.4631,1.6785,-7.2604,9.5898,4.0522,-3.5246,-1.4116,6.4318,-0.4401,4.1362,-0.8368,-3.2477,6.3255,-5.8486,2.3031,-7.725,0.3041,6.1143,-5.4268,-5.5485,-4.748,-3.7799,-8.5885,4.9933,9.8697,-2.9459,-6.2388,-0.5469,-8.6145,1.0503,-4.7923,-0.4163,0.2012,-1.8184,-6.5363,-7.9825,8.9473,0.669,7.5929,2.2815,1.3823,9.8263,2.3585,-7.0642,4.873,-5.4812,-8.3501,3.7539,5.206,-4.8892,6.5944,8.0531,5.8057,-2.7312,5.8993,4.2716,-6.745,3.355,-6.8035,2.086,5.8786,-6.9772,7.8398,3.9176,0.775,-4.9708,-8.8043,6.43,-4.3066,0.5156,7.0244,-7.2034,-4.7139,7.0008,-9.7787,9.6252,-6.2096,1.8059,-7.3307,2.5318,-4.5761,5.057,4.1425,-5.4887,-4.1551,-0.0828,2.5536,-1.8886,-7.6824,8.0144,-3.1561,6.2923,3.7968,3.0709,-3.4907,7.2769,-7.0878,4.5577,8.3046,-8.3524,-2.803,-8.713,5.3132,-9.8894,0.1121,-1.2537,-5.9403,3.4904,-2.7347,-6.6197,-9.557,4.3433,-1.7457,6.4059,-0.5244,3.2222,-1.8373,-0.4007,-1.4704,2.585,-8.0332,-6.4513,6.1647,4.6051,-1.6389,2.4248,0.9747,5.0229,-9.0855,-4.4882,4.275,-2.7287,5.7673,1.2943,5.6949,4.3485,-6.6056,-6.3585,9.4787,5.7931,-9.1595,2.9166,-8.4053,-9.2856,1.2701,-2.2998,-1.1361,7.4433,-0.5214,-2.1706,-1.5503,-2.1862,-0.4897,-8.5706,9.535,-1.1579,2.8212,1.6584,1.2709,2.3707,-7.9078
9.3402,-7.9496,5.7233,-1.2809,7.7647,-9.2377,0.6107,-8.7982,-0.4631,9.1689,9.1285,9.4097,-4.864,9.6259,-7.7927,-0.0799,0.8298,-0.4624,-2.4002,7.2007,-0.4471,1.7168,-1.3627,3.3204,2.4741,6.1876,5.5663,5.9146,-3.6399,-7.6114,3.9119,-4.764,-6.3102,9.6172,3.1422,9.2387,0.5415,-8.3137,-9.0258,-5.8461,-4.3426,8.5371,2.2974,9.407,8.8348,7.1129,3.7931,0.1613,6.7182,4.4308,-2.6658,-9.4016,4.0395,3.2435,1.348,9.9735,-8.3419,-5.4529,9.2974,-8.7656,-6.6631,7.9484,-7.6406,0.9335,-7.7786,-1.2061,-3.6416,3.5268,-4.834,-0.918,2.7141,4.5608,-8.5845,-2.2941,-7.8545,-8.3996,3.5547,-8.5409,-3.6061,1.4971,7.9723,-5.3059,2.9225,5.6546,-9.9935,-0.6491,8.7933,-4.3161,-9.115,2.921,0.6347,-6.4683,2.156,-9.1084,-5.491,4.676,4.8447,-8.5629,-3.2103,2.3314,6.5103,8.9325,-7.2922,7.7286,-1.8807,5.6533,2.1749,-1.6345,-6.5983,-2.8969,-9.3099,3.7852,1.1013,-2.7867,-8.4502,-8.8081,5.8648,-3.0093,-9.1466,-8.9355,0.7946,4.125,2.5819,-2.2284,2.057,3.3487,3.4564,5.4692,-1.5146,-3.2955,3.7537,-3.5106,9.4763,5.9893,1.2422,-8.6816,7.7503,0.7853,-3.651,8.3515,7.6812,-1.6708,-3.7899,3.8985,3.8401,0.8784,9.1214,-2.986,4.3532,-3.6625,-9.7148,-6.5062,2.2433,-2.121,8.3091,-3.2614,-5.0378,3.6202,-1.7128,2.7833,-0.5067,-3.1256,4.4703,3.9645,6.1137,3.478,2.0798,2.7225,-1.5365,3.8712,-5.4144,-7.2862,-6.8766,-6.391,9.0359,9.1349,-6.655,2.3432,-0.9703,-1.7798,4.457,7.899,0.8659,0.4752,9.4747,-6.5206,5.9088,0.8422,7.5647,3.7216,6.2044,2.583,1.7193,-3.7724,-6.242,-3.1136,-3.0643,4.5579,-7.5758,-8.4017
2.2647,0.1364,-2.1297,-3.9778,-0.6316,1.9065,-5.9312,3.6843,3.2724,-8.3132,8.9559,-7.6274,-7.0331,-7.414,3.7849,-5.0675,-8.1612,-7.5001,4.77,6.8309,-4.3375,-2.5824,3.7337,2.8051,4.8369,-8.9659,-8.9907,-2.8528,-3.572,5.195,-3.7173,0.6784,-0.7046,-6.6565,1.1065,0.0769,-3.571,-2.1035,-0.288,-6.1602,-2.8286,1.2433,-7.8289,-3.8186,3.9795,5.0922,1.1126,9.9421,-0.5181,2.5734,-7.7426,7.4834,7.1264,6.5498,9.1532,-3.3445,0.2768,-1.7017,-5.9304,1.1311,8.8906,1.1074,9.6543,3.6008,-7.0773,-4.5218,-7.0655,4.5106,-0.2954,-9.6779,0.105,-0.7042,2.3675,5.4396,5.4961,2.1558,-3.2543,3.0429,-9.2437,-6.7454,2.0396,-5.4328,0.8157,-2.8457,6.0618,-8.4333,6.3202,-0.0634,8.5657,5.7046,3.8283,-1.2319,9.239,0.4404,-6.6996,7.1589,1.2934,4.7301,5.5675,7.7958,7.3665,8.7715,5.14,2.0975,8.9068,-1.1445,-9.0356,-7.9153,4.6265,-8.9638,9.7548,-0.9166,0.0665,8.4684,0.4131,3.9145,9.422,7.1722,6.7026,7.9269,-7.1456,1.0198,-2.7794,-4.3607,-3.0523,1.5203,-3.9305,-8.6395,-2.5764,-8.5717,-3.4078,0.5207,4.7911,-2.4444,-7.3593,-7.2928,6.119,0.2995,-9.9967,2.6731,-9.822,-8.7528,0.2698,7.702,-6.9728,5.7547,-8.4007,-0.0467,2.0359,-2.7175,5.8863,6.5656,7.6121,-0.3207,3.154,-2.2432,0.4125,4.4473,-3.6837,8.3684,8.3985,3.4564,0.2703,9.0118,-3.9556,-6.3136,-9.2281,-1.9206,-5.296,-9.7574,1.4413,-9.7987,9.1223,7.5077,-9.4294,-6.2769,-9.2908,3.5563,-0.9519,1.6305,-5.5836,-0.0006,9.3853,0.3399,-6.602,3.6263,-4.0564,-2.6007,7.3778,-5.5881,2.0513,3.0697,6.8732,8.5851,-1.8279,8.8608,-1.2949,-6.1426,9.0458,2.0757
5.3412,1.8164,6.161,-0.2398,2.8984,-6.1005,-7.3691,-8.1633,-4.7004,-5.4477,-4.9741,-4.6208,-1.2445,-8.7595,6.1088,5.4145,4.3518,-1.8198,4.3285,-3.1922,-3.8978,7.2457,5.9028,1.1868,-2.0852,-2.9931,-8.7685,2.819,2.7481,5.7428,7.9607,4.5245,8.5641,-2.8757,1.9276,5.2703,-7.2257,7.2476,2.8069,3.2926,-8.4723,-8.8215,0.5231,-9.4993,-0.6597,1.7083,-6.5248,-7.3309,0.4096,2.8126,-6.0691,1.2462,-4.0076,-8.1801,8.4143,-0.8916,-5.6455,-0.0834,-0.4551,-5.5593,7.9073,0.3617,-8.4416,2.091,-5.1479,5.2302,-3.6146,3.3709,1.0875,4.3293,9.7053,-1.44,9.7658,0.8084,-1.2745,-0.4829,6.5729,9.1267,0.9847,-5.3349,-1.3275,8.6879,1.0888,2.2625,-2.3998,-6.2186,-2.7543,-8.0099,-6.1035,-4.1275,-1.2495,-3.0104,8.4207,6.5038,-5.4473,1.0884,5.4786,3.2794,8.5706,2.1401,6.1989,-9.2589,5.7712,-5.329,0.0766,-1.9203,-8.167,-5.1385,-3.328,-1.0768,-3.139,9.4927,9.2007,4.28,-8.8719,-2.7032,-7.8866,9.3929,0.8369,9.8437,-6.0555,9.9711,5.8891,2.2154,4.1854,-3.246,-0.4749,-0.1714,3.7371,8.6658,-0.5455,-9.0071,1.8669,6.5488,6.5828,8.2419,-6.654,5.6352,9.9888,-9.0457,-7.3114,-0.1139,3.1223,-1.9201,7.5012,-5.5648,-0.7274,-5.9677,5.1313,-5.0949,7.5842,4.9611,0.3132,-7.7942,7.3952,1.534,8.8564,3.5585,1.8463,2.7518,-3.1496,7.2923,3.2152,-7.9669,-4.7532,-4.6646,-2.1908,-6.8528,8.4953,-9.3334,9.0196,6.4113,6.1179,5.2718,-5.3244,-5.3342,-5.8035,-0.6746,3.7974,-3.3617,4.9628,-6.0185,-2.4424,-8.3808,-1.172,7.5376,9.3544,4.5775,2.4658,3.258,7.2615,-6.6194,-8.225,4.9392,-1.789,5.2192,9.7125,-3.9049,2.3235,-8.1191
-1.5025,-6.4686,-8.9387,-6.6638,4.5901,-1.1707,-6.8762,-7.1481,-7.8189,9.3339,-6.0698,2.4392,6.8869,1.577,-5.6024,3.6068,-3.6675,0.9397,7.649,0.9189,-1.0113,-6.9711,-8.5417,-7.5587,5.6192,-3.7905,-9.1025,-1.7656,-1.8162,7.7473,3.6872,3.11,5.4352,-2.2796,-0.6392,0.5365,-2.2987,1.6392,0.297,2.3972,-8.7666,5.0431,-5.6146,-1.7468,9.4995,8.8278,-2.0254,0.4056,-3.1738,-7.2948,-5.5831,9.4094,-8.66,-2.0699,-6.8107,-2.6247,8.1736,7.9118,-0.5566,6.1136,-9.2015,-7.9062,9.2869,9.5952,-1.4815,0.0067,-9.165,-1.5501,1.011,-2.4588,-2.125,8.1197,-6.0598,-5.5665,5.0619,-3.416,3.5656,3.4037,1.971,6.2547,-3.5361,-8.2393,-4.7308,-3.4502,-5.907,3.5671,-7.8958,3.4899,-6.6052,-9.7013,3.1878,-5.6245,4.6021,-7.6178,-3.1471,-1.0304,2.5043,-1.5386,-4.9187,-8.3033,-2.3266,-5.4876,9.7671,0.9618,5.8189,-4.3902,9.2208,1.6415,8.793,-1.5849,-7.4674,-9.239,-7.8179,-6.759,0.536,-8.1931,3.7219,-0.3982,-1.5355,-0.896,2.8647,-7.8676,-4.9698,0.4216,-8.5997,-7.3775,-0.0924,3.4248,-3.8888,7.2041,6.5096,9.9704,0.2498,8.6336,-7.6298,-1.2894,-3.7468,3.7683,-6.5432,9.1455,-8.3097,7.6637,8.363,9.0764,-6.5217,-5.5969,-9.5056,5.9756,2.2567,-9.3347,-8.3931,1.5317,2.17,4.4982,9.6639,8.7947,8.8424,-3.4085,6.7467,-5.0755,8.9824,9.994,-4.1529,-2.2101,3.8366,0.8511,-0.5776,4.569,3.6282,-2.7775,2.4552,9.2334,8.4247,5.4545,7.6367,-8.9008,-5.905,-0.9392,-3.1864,-6.3529,-3.9032,-2.9993,-0.1362,-0.6021,9.7441,8.3099,-1.9494,-6.7363,0.6707,-7.1496,8.2756,7.858,7.5808,-3.714,0.1086,-8.3681,-9.8562,1.3123,-9.1837,9.2538
-8.4875,-1.294,-4.5654,6.3986,8.7328,5.7987,6.5768,7.4581,2.0136,4.4112,-4.4141,5.7454,4.2251,9.6197,1.4722,3.7481,2.1109,4.7706,3.6914,1.1771,-8.4367,9.2435,7.5671,-5.5968,5.7264,-1.398,7.8278,-9.904,8.6694,-2.9904,8.1684,7.061,-5.8961,-3.5621,-5.2857,0.6354,-7.8992,5.185,-0.337,8.2585,-0.6371,-0.2056,-3.1372,6.4315,7.4344,5.0897,2.9929,-0.6211,7.9999,-8.8118,-4.137,1.4626,-3.6677,3.1021,-9.1256,-2.8372,6.5496,1.9121,0.1062,7.1903,5.7971,5.3963,-5.1913,2.7269,-4.9307,-8.4231,3.7481,5.1437,-4.9767,6.2841,2.5987,1.4135,-9.4667,4.6462,1.713,-3.9844,-0.6417,8.3444,5.7058,7.6471,2.2579,6.1345,2.8612,-6.3887,8.6771,2.6325,4.5052,-8.6842,-2.6293,-8.4018,-3.0886,-3.2696,-7.4951,-7.366,1.4688,2.2102,-2.6131,-2.4479,-8.2167,-6.2049,-2.2008,8.7764,-8.7426,9.1317,-1.2799,-3.4841,8.6527,-0.077,-0.18,-1.3946,5.5859,-3.9351,-9.6669,1.5553,-5.8733,-2.5517,-3.2147,-0.0662,8.0656,4.7546,-2.0039,-0.2547,6.7091,-0.1536,7.8505,5.5591,-2.6793,-0.1506,-0.2224,9.7163,6.4943,-2.3337,-5.6143,-8.1691,-8.7207,6.3808,4.6595,-4.3229,5.3763,6.4785,-5.0959,8.0388,-8.7427,5.4349,-2.6635,-2.6357,5.3341,-6.7894,5.0795,-1.3335,-7.0336,1.2682,-6.1419,-1.4494,8.7791,7.7254,-7.1854,-5.7974,9.2554,2.9089,-1.8209,6.2124,2.0924,-3.2391,-5.7857,0.0193,7.4585,3.5571,-0.9193,-4.121,-6.6051,-4.5716,4.1036,9.5379,8.9543,-3.1308,8.7192,6.1982,-1.5062,2.3194,3.1556,-5.0196,-5.2776,-5.027,2.7648,-9.2862,6.7619,7.3271,-3.5536,-5.4114,7.3664,7.5213,-7.0614,-1.7932,0.613,7.5629,5.6663,3.7509,1.3239,7.209
-6.6416,1.1677,-0.8989,1.9105,-5.3636,-8.9365,2.7568,6.3606,-2.4135,0.297,-0.1652,4.2759,1.5618,-2.8568,-9.9741,-5.539,5.1905,2.0434,9.8956,-4.958,7.6772,-1.8391,-2.3109,4.4164,6.6611,-8.7825,-8.438,-4.2581,3.1304,9.0739,6.3107,6.9204,-3.3312,8.6572,-5.2658,0.4578,-6.8261,-2.7298,-2.473,2.8448,5.166,-9.0516,-7.6815,7.5594,4.8293,-7.1854,9.0365,2.3764,-4.8027,-9.2692,4.7568,3.609,9.7621,4.3108,9.5202,-5.4337,-6.3195,9.4831,2.8252,-4.6329,0.0009,3.5773,5.9808,-9.5857,-9.5292,7.2105,-7.6277,-6.7221,-6.2957,-5.0677,-9.1355,-2.5983,8.7787,2.9571,-8.1621,-4.616,-7.295,7.4526,3.5019,-3.0235,-4.7603,-0.007,-8.7347,8.2195,-0.311,6.3188,1.349,9.2423,5.9852,6.5238,2.5521,-9.924,9.6325,-9.0869,-9.0888,-3.5332,-6.3851,-4.0607,-7.8055,2.2763,1.7997,-8.2976,9.3292,-3.4764,1.9588,-1.2301,-2.0712,-7.7052,2.663,-2.2441,1.806,1.6156,6.0212,6.324,-6.0767,-0.6039,7.569,1.8867,-7.8157,0.3295,-4.4743,4.4507,6.3968,4.6444,-5.2196,7.0421,2.4912,-1.4973,2.4404,-6.9804,-8.6718,3.4063,-9.9404,5.8157,9.9189,-4.7049,9.2021,-2.5049,3.8374,0.9606,-8.3474,-6.2122,-8.8479,4.5942,2.3096,-0.7668,3.9515,9.0323,8.6871,0.0683,-2.4948,8.461,-9.5302,4.3423,4.7718,-2.7606,9.5429,0.7278,1.4775,2.0404,5.8006,6.108,-5.9923,-4.7553,-3.251,0.0575,-6.3359,2.6982,4.7794,4.9099,-8.5013,-4.1012,-9.5634,-1.6081,-4.9233,-1.2014,1.7848,6.1936,-2.2652,8.8982,2.1429,5.889,1.5502,-7.9487,6.8413,6.2078,-9.5396,4.4841,5.1353,-3.8402,8.1658,-3.1445,9.3952,-8.5323,-4.2926,1.9596,8.4168,-1.6875,9.673,6.6795
0.4181,0.1201,-5.3061,5.4226,-9.9623,4.3046,-8.5438,5.1625,-4.3103,-4.5029,0.5264,3.8691,9.0893,9.1646,-9.2998,8.0731,1.2406,3.3974,8.4093,-8.1801,8.3686,0.1972,-3.7745,-9.2709,-2.5543,0.4168,3.0723,-1.99,-3.3157,6.0189,1.5834,6.0078,-3.8262,-7.9805,-1.3734,2.8677,6.6238,0.4951,6.8454,9.1984,-8.9855,-9.1848,-5.6143,-9.9478,3.9335,-7.5787,-3.7272,-6.7547,-5.1172,4.4658,5.0227,5.0938,7.6613,-3.6977,-4.5456,-0.9336,-9.7664,-9.1714,0.195,-5.9491,1.2284,6.5597,-0.1282,-2.8313,-8.8348,-3.8046,-8.1168,6.5351,-9.6945,-7.1215,8.2295,-0.8312,0.6338,5.769,0.4458,6.9518,0.6544,-2.627,3.0493,4.0504,1.5146,-8.4886,2.2434,7.7127,9.5166,8.0071,5.1346,-6.8458,7.5813,2.2864,-7.0783,5.1358,7.4208,-4.4445,-1.0605,6.9606,-9.8174,0.9606,-5.5023,-5.0352,1.0898,-9.9478,-0.9783,-2.7367,7.3478,5.9472,-3.1575,-6.8672,-5.2681,6.3746,1.7651,0.8943,-9.5499,3.236,-1.0903,0.173,5.8961,7.5719,-3.0534,-1.0055,-2.6092,-8.7683,-6.9967,5.9994,-1.6468,7.3993,6.5275,-7.5812,-3.4927,-5.0494,7.7465,4.7922,-3.375,-4.8619,8.6844,1.5907,2.1476,-8.2547,-7.0991,-7.0933,3.824,-1.7003,-5.8669,-1.8241,6.2083,-1.0786,-4.6197,-8.4396,5.592,-0.4979,-6.4975,-6.324,-5.6218,-4.6035,3.8455,-6.9423,-7.7228,8.7772,2.3915,-6.2524,-0.4288,6.306,-0.2239,7.1752,-7.8386,7.5041,6.4457,-6.415,1.9673,1.7981,-7.5714,3.417,-9.4358,-6.3387,0.4651,0.9943,9.035,0.9887,-7.3618,-7.9717,9.3663,-7.2911,-2.5269,-0.7525,-5.5461,-6.8795,-6.6772,-4.3443,-0.5937,0.2688,4.8088,8.8917,-2.2586,8.78,9.252,-0.1184,-0.6055,1.7593,9.6332,-5.564
9.3674,-6.3385,-2.0587,-8.6702,-4.3965,-0.4657,-7.9556,-2.6465,2.5212,7.9362,4.6673,0.689,5.408,2.8953,-5.3471,-5.6255,1.7004,6.0275,8.0759,9.5433,-3.44,-7.3863,2.9861,-7.912,-6.8528,-9.0572,3.6819,0.6287,8.4677,8.0229,3.8888,7.2099,-2.6151,-3.4976,4.4733,-7.7217,3.3638,-3.4453,-3.5644,4.6411,0.94,-1.8536,1.1195,-2.7761,-6.603,9.5901,-6.3898,-2.2183,1.1967,6.2786,-5.8224,2.0354,-2.8218,2.4876,-5.0747,3.8115,2.0667,4.8315,8.3523,-7.6516,-4.2003,-3.7147,6.4781,0.8682,8.7093,7.6877,1.3838,9.5879,-5.1601,2.0936,3.0298,-3.7711,0.1276,-5.0488,5.1699,1.8274,0.3571,-1.1528,-6.5334,0.5397,-7.7656,8.9965,9.4242,8.2894,-6.9189,6.58,9.2609,8.5313,4.0748,-4.9597,-7.4005,4.7768,-0.8515,9.6934,-9.0323,9.1248,2.8085,-5.79,-9.4836,9.8417,-6.2146,2.9235,-8.8881,-3.4244,2.4494,3.9163,-6.9351,-9.2595,5.1956,6.2116,-6.3889,-1.0966,-3.4833,-8.7541,0.9887,5.646,-0.2003,7.8283,-3.2977,5.8267,-0.8639,5.4141,-6.4301,5.7289,-2.1832,1.2351,2.6315,0.7563,-6.7296,-3.3129,6.6792,3.3004,-5.7826,0.0491,5.5216,-2.6872,2.098,-6.5021,2.5853,-4.9661,-1.8045,8.305,-6.9558,3.7453,-1.3839,2.0323,-7.7744,-1.21,-9.1282,-8.4067,5.6473,0.8563,6.4134,-1.3397,1.3275,-1.1691,-0.9066,-5.2861,-1.9777,-8.504,9.8361,-6.659,-2.7604,-9.0945,9.2921,7.2447,1.7936,6.1614,3.4122,0.4416,-3.3446,-9.128,-7.1042,7.0506,4.3466,-8.2138,-2.6469,1.6099,-4.0023,1.5563,-5.0439,-4.2872,7.0513,-6.1817,3.2102,-3.962,-8.4161,7.3133,-7.7383,5.9073,0.9224,7.5646,6.4911,-2.4269,9.1746,7.006,9.4097,1.9289,-9.5285,-7.0895
9.6706,9.3347,6.4331,-0.0324,-2.8437,8.1489,-6.3952,-3.8139,7.096,9.2674,6.3417,-6.4869,6.0276,-5.5557,-6.9385,1.8595,-4.0578,2.316,3.803,7.6908,2.9526,0.0261,-8.9822,0.0795,-0.3104,0.4154,3.2253,5.7663,-0.8112,-6.1089,4.6661,5.2509,0.0302,-5.2622,-1.1618,8.9477,4.8892,-7.7518,-4.9851,4.99,6.7391,-7.5457,6.703,2.4604,8.6304,-7.4111,-6.4545,9.3289,-0.0083,6.3403,-1.5577,-1.8552,8.0294,-7.6449,-5.0264,-2.1018,-5.3929,9.5993,-4.7314,1.873,-8.6497,-3.9333,1.5725,-3.8909,-4.146,-3.6279,-2.3245,-7.3936,6.5559,7.8671,4.5693,-4.4945,-9.5312,6.1554,-8.0773,-3.8181,-1.4611,9.6893,-7.5365,-5.2455,-6.5924,-3.1506,-1.1594,-9.93,7.8055,-4.59,6.3842,5.6811,-0.6857,-5.4752,7.152,-1.7317,9.1652,-8.7223,4.3427,-7.622,2.7842,-2.5837,6.9767,-6.3098,-6.7355,-2.5193,-7.8052,1.0112,-2.7322,5.3163,-0.7556,-9.6438,-9.0374,7.0011,9.2971,7.1283,1.9243,6.3409,-0.798,2.6189,-8.7219,0.6785,6.4149,4.0804,-6.051,9.3909,0.2799,1.8774,6.1519,1.7872,8.7765,-6.7273,-7.7007,-3.0734,-7.9467,-1.6868,-3.0383,0.0485,-2.3714,-8.2494,-6.135,8.6111,5.7329,-8.9182,-9.4074,-8.2097,8.9712,6.286,1.2828,-9.7541,0.1353,0.8595,-3.8195,-3.0306,8.8261,-7.8256,3.4586,3.6951,-6.3207,-2.061,-9.4333,5.6823,0.6682,-6.1497,1.5123,-6.8928,-6.4444,-6.4882,-7.3242,9.6311,-0.9921,-0.7584,1.9349,8.0428,-4.0561,2.1866,3.3638,8.5236,1.5819,-4.2501,-6.0097,-1.5666,-6.9614,8.4642,6.8962,-5.4819,-3.1059,1.3045,9.3018,-6.9103,-9.9291,0.9762,4.8827,-4.7541,-9.0816,8.3362,-3.9477,-8.3319,-6.9593,6.0283,-6.7931,-3.1969,-0.2914,-2.5723
-2.9868,-0.6618,5.5678,9.9017,-4.7285,6.5512,-3.5532,-4.7631,-4.4689,7.4026,-6.0359,0.315,2.1386,5.666,-2.8409,-9.6375,1.9482,-8.2649,-4.4023,-8.1651,5.7194,1.5316,-4.5131,-9.2881,4.2104,-1.208,-6.3161,8.7282,7.8599,-7.0934,-7.0564,9.1407,5.826,9.3789,7.8029,-1.9666,8.9334,-6.3669,1.9238,-1.1378,-1.4757,-7.1303,4.7812,-7.8754,2.0629,0.3216,1.6899,4.0003,7.7466,2.7772,5.3618,9.8479,8.9759,-3.3264,8.6157,-5.6125,-1.6892,4.5158,-7.4855,7.3138,-1.3799,-9.0445,-8.5183,3.3558,1.7429,-1.2511,-9.0095,3.7498,4.1349,8.2796,9.7997,-0.3807,-1.6726,0.9722,2.0258,-3.0914,4.8344,9.0218,3.0487,6.9484,5.6442,6.2655,-7.1473,3.4098,-1.6688,-7.0218,-2.749,9.9843,3.7976,2.4001,7.1323,-4.465,5.1953,2.742,0.0305,-7.7246,2.6146,5.5951,6.9867,-6.4983,-4.9714,-5.9975,0.6741,1.024,-6.7317,3.0335,-1.6957,6.699,8.7501,0.7745,-2.9985,6.9487,8.4437,4.9024,-5.0989,-3.5243,-8.3437,7.3663,-0.5043,6.7773,6.333,9.4596,3.5595,-8.9383,-9.7999,-9.7146,3.1922,-2.44,-6.8754,0.9347,2.2546,-6.316,8.7989,-6.9956,9.9693,7.7369,-9.6758,1.9812,9.3691,-8.4113,0.4563,-5.8409,4.0638,9.5269,4.4788,2.1231,7.1775,2.5331,-8.1504,9.7408,4.6432,-1.2616,-0.3631,4.7733,-6.8036,6.5417,3.1118,-3.7121,-6.8226,-2.4487,-7.4295,-7.1895,6.1989,-7.069,0.4426,-1.0367,8.2651,-6.9207,-9.0059,6.3617,-7.6412,1.4741,-1.6737,2.0057,7.3776,-7.1153,-7.5608,9.9272,-8.4074,2.4285,4.7953,-0.4091,3.0833,-7.6234,-6.6831,4.4904,9.1067,-0.046,-3.7545,9.3947,5.7213,2.9163,0.4486,-0.1342,4.3322,3.426,-2.8087,8.5564,-2.4307,2.6887
3.3396,2.8265,1.4642,8.4403,6.7328,7.6903,6.8752,6.345,-2.8502,-4.7856,5.9255,4.9724,2.0869,6.2535,9.3694,3.0243,1.7547,0.8596,3.9115,2.9547,2.6079,9.8441,-5.4678,7.8521,-7.1345,-3.3886,-4.7135,8.5397,3.721,-3.7009,-7.0927,-2.8446,-2.655,-1.037,-7.2432,-4.8917,9.9497,2.6083,-8.7437,-1.0481,4.6917,7.7424,-5.7896,-2.2495,9.0058,2.7449,-5.5299,-6.1073,-0.561,0.0636,-6.052,6.9203,-7.1117,-5.3642,8.7937,3.2264,7.9534,5.6908,3.6098,1.7026,1.035,-5.2347,2.2733,-5.6912,-7.0231,5.9863,-9.3407,3.0147,3.7461,6.3716,2.9874,-7.3281,-4.3337,-1.8614,-6.1332,3.3887,-7.7751,-5.8589,0.1169,-4.1681,8.2174,8.7904,4.9213,0.8618,2.8057,-0.0055,-8.9804,4.029,-5.8177,-2.7975,-6.901,9.9041,6.3437,-3.3977,9.9845,-8.4426,-0.8559,0.4143,0.8608,1.7211,5.3016,5.1012,-1.2836,-3.4095,9.0828,3.321,-3.896,8.7782,-0.8684,3.4888,1.2353,-6.2333,8.0986,4.2439,0.1681,-1.2826,7.2057,9.7011,-4.5376,-3.7867,-4.1443,-1.8722,5.3005,-4.0951,1.3879,-8.7531,6.4446,-7.3428,-4.574,-8.5159,-9.9502,-2.3125,7.2733,-2.5276,-5.0494,-8.7561,-9.6899,-9.9226,0.1092,-8.9403,8.5434,7.5902,-5.9551,-1.2071,-2.2882,3.1446,3.2973,2.0655,-1.6331,3.0432,1.7508,-4.2839,-1.772,-9.9412,8.3721,6.3264,8.057,5.061,-4.5036,-8.0485,-3.3395,9.6973,2.5573,-0.1127,-2.2927,7.4255,5.8762,-7.8373,3.1019,-5.0912,9.0698,6.7253,-1.2467,-8.733,5.0162,8.1727,-3.2345,-2.4285,-1.6166,-7.4264,5.726,8.6225,2.1306,-1.513,-3.3793,1.1112,9.8182,7.511,-7.1978,-4.6662,-4.3942,-7.4577,-6.6678,4.4232,-9.4093,6.0113,3.6292,9.1653,-7.2432,-9.3782
-9.2211,-9.0231,-7.4274,-4.3432,-6.4967,-6.3734,-3.6508,-3.7917,8.2044,-2.1555,-0.0998,-9.8896,-0.4026,4.2821,4.8832,9.1791,-0.8259,-8.3004,8.2274,3.3531,-4.7292,-8.5027,5.4397,3.6371,-8.8936,2.7431,2.0078,-6.3067,7.0313,-7.742,-9.2286,1.756,-4.5012,5.9147,8.0522,7.5934,-4.5651,7.4506,-2.3187,0.9839,-4.306,6.8999,1.799,-0.2624,-2.1768,3.5147,-8.9594,6.2163,5.7143,6.5841,4.315,-3.0569,-8.9801,-5.6663,-8.7953,8.4917,5.5166,-1.913,2.812,-0.1831,-1.8835,4.8815,-8.4441,-2.7173,4.2932,-0.5543,-6.691,0.0415,-1.0059,9.8356,-9.9658,-2.9778,-6.7651,5.0412,4.9259,5.5986,-4.4475,-0.3038,-9.3894,-0.2084,-1.9205,3.0566,-2.6055,3.8489,-2.8848,2.75,-3.1068,5.2253,-1.475,-3.9827,-5.2137,-3.4552,9.9101,-0.1862,4.7717,-2.6281,-3.0498,3.9421,1.3016,-0.793,-0.1589,2.1917,2.7544,-3.946,6.4082,-5.7779,-1.4181,9.2818,-9.5554,2.591,3.715,-1.4578,2.7745,1.7352,0.6822,1.2965,0.2768,5.1128,-2.7229,5.135,8.1582,8.7444,4.8564,8.3265,-0.719,9.7167,-5.3371,-6.2825,4.3555,-5.1252,-4.5912,1.2483,-4.3595,-3.0442,-4.8921,-4.2033,1.4115,6.0588,-1.6783,2.0614,0.8843,6.3753,1.8664,9.7733,-6.1171,2.1986,-2.2255,6.8668,-6.6851,-0.9277,-5.7802,-2.5862,-2.8189,-2.5887,-5.2211,8.3032,8.7911,-9.4377,-8.4569,-4.8265,-1.9089,-7.8177,-1.668,-8.1124,0.5951,9.8111,-5.7012,3.4717,8.4794,-3.8791,0.3279,7.8773,-1.0515,-4.7802,-0.9208,-5.9198,8.3892,-3.1258,3.8422,-0.5322,-2.8121,-6.8717,-8.169,-0.3296,-8.0176,-4.5252,-1.403,-5.6655,-9.4052,-8.0354,5.0037,-2.6547,1.8635,-9.6395,4.3039,-5.0129,5.2305,6.982,2.7185,1.3472
-9.2032,-5.1656,-4.2463,-3.6222,-7.8031,5.9499,2.2787,2.2218,-8.2349,-2.2198,-8.2279,-5.5035,-4.8707,-6.0514,1.0799,-2.0038,5.2393,-0.1871,3.5207,1.4531,2.0674,4.9789,-9.9049,-9.0054,6.919,-2.676,-8.5435,5.9687,-6.0377,6.8638,-6.746,1.8735,5.0612,-1.3386,-7.5322,-9.9045,6.4234,5.3756,-5.0687,1.6677,-2.3448,5.7215,-1.7713,1.1296,-7.9675,2.7755,7.7948,9.7391,-1.3628,0.8523,4.902,-0.6079,-2.6219,-4.7978,7.237,-1.9432,-9.5086,-2.5531,-7.815,1.5107,7.7541,-8.2824,0.6922,0.5819,-2.0422,1.679,-1.7001,7.7203,-1.173,-9.2515,-4.127,-1.9051,3.2181,8.322,-9.994,-6.0793,-7.8566,4.6566,-2.3324,3.6594,6.2373,9.4568,5.6983,-7.894,-8.7326,-4.891,-6.9494,9.2687,-3.3297,7.1563,4.0026,-6.7655,-3.3173,-4.9054,-7.6819,5.003,-7.1168,-6.3215,3.6009,9.6634,6.458,0.4554,8.1789,-0.3385,9.0994,7.9221,-6.0796,-9.2456,-0.9129,0.2155,-1.1981,-6.0059,6.2633,-3.2198,4.8652,7.3024,-3.9293,8.5113,-7.0485,-8.259,2.4564,-9.8865,8.3299,1.7917,-0.6529,0.2749,4.0738,-9.7789,-9.8353,4.8515,1.0162,1.4205,8.3233,0.0238,-1.4243,-4.162,-9.1936,-3.7658,0.2231,6.1774,3.8855,6.5564,-4.7172,4.8111,4.3257,-0.5078,-8.6897,-7.9383,8.2554,9.557,-8.3382,7.6132,7.6749,7.3422,-5.7375,-2.1235,-2.6144,6.163,-5.8798,7.5105,8.0471,5.0213,-8.2794,-3.1575,4.4619,-1.0852,7.6038,-3.9714,1.4888,-5.413,3.8416,-4.2192,-7.8753,-1.832,2.7631,-7.7757,4.4386,3.1161,1.1217,-1.739,-5.1228,8.0051,-7.3291,-0.3705,1.4294,9.2024,5.5525,9.8653,-2.5305,3.8823,-4.6554,-2.87,6.682,6.364,-9.2127,-0.6256,8.4391,2.5178,-7.657,-5.01
-4.3227,-2.1847,-0.5771,2.256,-0.3824,5.337,-8.6574,4.4406,-9.8432,6.8764,9.6256,-5.2757,-7.5842,2.4022,-1.1893,8.7401,-3.9022,3.3604,5.6611,-1.1378,4.693,-7.0039,-9.5994,7.0782,8.5031,-8.4676,-6.8119,8.6572,3.7842,6.8127,0.1932,-2.4981,9.7404,3.2948,9.2657,5.6912,8.6947,4.3905,-9.9126,5.9484,9.585,4.9534,-3.6892,-7.2871,9.6515,-2.2764,2.5601,-6.8972,-6.3903,-2.1406,-8.112,9.0325,4.8361,-9.9931,-1.0473,8.0053,-9.8053,7.5026,4.195,4.0438,-3.5729,-0.0961,-1.2399,-7.9244,5.7504,-9.6301,-9.0196,-3.5189,-2.2435,-5.8864,5.3362,-1.2902,-4.033,-3.3803,-8.4377,3.6146,8.3287,0.145,9.0277,9.2052,-0.6077,0.8262,-0.2266,-4.8722,2.6779,-4.6462,-9.5667,1.3852,8.2678,-8.6304,7.6586,-5.199,3.1275,-7.5307,9.1041,4.2974,9.8564,9.0418,3.6983,-7.1377,-3.7991,-4.9833,-8.5095,-6.2331,-0.679,9.6106,-5.1441,-4.9169,-9.204,1.7575,7.9495,8.4493,-4.7013,-5.6861,7.8552,8.0051,-8.031,4.4956,-3.712,8.2707,-0.0645,-3.5215,7.2683,5.7688,-3.9684,8.7177,-0.5127,4.2466,0.9402,8.0419,6.6382,-0.5889,2.15,-7.3318,-4.1992,-2.7192,4.1016,-1.0962,3.3552,-7.615,-0.5813,-9.8615,-6.6904,-1.5187,3.3973,-2.2153,-1.7596,9.7617,5.7496,8.9405,6.778,5.5396,-3.5817,-2.9586,-5.0379,1.8418,-2.4874,-2.6311,8.9618,-7.4819,7.106,5.4778,-0.2876,-3.0516,-6.9973,6.376,-4.0921,6.8444,-9.2285,0.5236,7.8146,-1.9332,-0.7766,2.7434,3.6747,5.867,-1.87,9.1615,-0.9201,1.6384,-3.6011,7.9728,-7.9675,-6.4377,6.3423,8.6903,2.8529,9.9874,-5.3419,-5.4282,0.7702,-1.8737,0.5071,-2.1855,-9.5783,1.3391,-9.5472,-3.8462,-9.7265,2.3843
9.4012,4.9888,9.6768,7.9531,-4.3968,-4.7817,-2.1824,6.7666,-2.159,-8.959,-8.7683,9.1462,-1.3102,6.4497,-6.1265,9.1527,-7.0413,-7.7835,8.6098,-9.9506,4.3618,3.7446,-9.0409,-4.8995,8.9771,6.1724,-3.8301,7.7764,-2.6402,-6.1875,4.3355,3.968,8.7104,7.3839,7.9651,-7.8604,-7.3065,7.73,8.8518,-9.5495,-8.6468,3.9569,6.9104,-9.7383,0.6175,-8.164,7.4465,-0.2454,7.6485,-3.0377,-1.1329,-3.9197,-9.7354,-2.3604,-3.1427,8.211,-7.0268,-6.3538,-9.8692,6.6365,2.1248,-1.1396,6.3579,1.8752,-2.0548,-2.0051,-1.3453,-3.5171,2.0275,-8.1761,3.8471,0.6318,7.6574,-9.576,9.8769,9.9896,1.6103,2.1685,1.2604,5.5199,4.844,6.6024,-6.2568,7.0156,-2.1375,-7.5958,-2.6505,8.2332,-7.1469,7.3945,-7.4878,8.4071,0.4535,9.3577,1.5938,6.9305,-6.1442,-7.7692,-7.5691,0.3168,-9.5433,-5.57,9.8815,0.2075,-0.8378,6.1846,2.751,1.9538,-2.1015,-9.8097,1.2606,6.5574,5.9843,-4.1016,-5.8691,-0.6432,3.3861,-3.6635,-7.5903,-3.4197,5.2026,-5.959,-2.733,5.4083,-5.075,-9.184,-8.466,6.9224,-3.2225,7.3442,-7.3222,-4.2842,-2.1057,-0.5892,4.629,-4.7718,-3.9786,7.5321,-6.293,-9.119,5.0801,7.9105,-6.2989,-2.5535,-4.1706,8.238,3.7258,2.5752,0.9363,2.5038,-3.8892,-8.8564,1.0199,-1.305,4.6183,0.9521,6.3844,-3.3675,-1.4423,3.0301,-7.0107,6.2865,5.1778,-7.3639,-1.6684,-6.3123,0.9784,-5.7843,2.2336,2.216,-3.3815,3.2067,3.1368,3.6046,-7.8115,9.7142,-4.4471,3.9429,8.1867,-2.1233,-4.8267,-3.4937,-3.8059,-8.6223,-3.7823,6.9596,6.6297,6.9128,-7.7295,1.5525,-4.6076,7.7205,-6.6547,-4.5181,-0.3805,9.9231,-0.3419,-4.6737,4.3693,-5.6803
3.5018,-2.2536,5.3169,-4.8981,-8.0498,-8.9943,8.3509,2.3187,-9.1583,-4.9091,-4.0041,-8.4857,4.6379,3.3899,5.3303,-1.5899,6.1712,7.1875,-8.197,5.6504,0.1689,5.1659,3.6967,-7.6668,9.0448,-8.6517,2.3263,9.5775,9.0046,3.6305,9.1617,-0.0322,-7.6635,-6.7494,1.8442,2.3719,-7.7903,1.4655,-1.6481,3.346,-1.4002,4.5222,2.1106,-8.5202,9.9663,5.4263,7.7259,-4.8326,0.5673,-1.1922,-5.6167,4.8671,5.6209,3.2474,-6.574,-2.3318,7.6921,-9.5747,-7.9797,-0.6917,-4.6658,-6.2102,-4.3461,1.6897,-8.1833,-1.5899,-3.728,-5.648,-0.1729,1.5595,-0.4422,-4.4172,-3.9595,2.3149,-9.7295,2.6374,0.1345,6.3686,3.5922,-9.9767,-9.0851,-9.7558,4.9321,6.1071,5.0359,2.3061,1.8639,-5.6511,-2.5913,5.2784,-8.7589,4.5707,0.5395,-3.7059,-6.2141,-6.7734,7.6327,-1.3631,5.5301,2.567,-5.3751,1.5542,-5.4816,-2.7603,2.0824,3.5044,-7.9495,8.5253,6.8743,3.5721,7.2626,-1.7427,2.5744,3.8707,9.5125,6.7724,-7.9586,-6.2456,0.6685,8.1841,-0.3614,-6.9178,6.3205,-1.5976,-0.1465,2.3056,-7.7568,3.6753,-8.0117,3.6213,5.339,3.0932,3.3884,6.4214,-5.7215,5.7772,-2.7064,-9.6385,5.7787,5.7325,-9.4061,-5.558,-2.3524,-1.1549,8.1628,-0.0629,-2.2052,-9.3588,6.5223,-7.0272,-5.8345,-5.5469,0.2702,8.9621,-8.4574,-3.8873,6.601,-4.5786,-2.448,3.4611,-4.4534,-2.7194,-9.9091,-2.0107,-2.8783,2.6643,6.8721,-3.9663,9.588,4.0558,-1.4534,1.4848,0.5669,6.5272,6.4612,-5.2775,-3.6721,-7.2784,1.052,-3.3761,-0.3808,-2.2941,4.8141,-7.0143,0.8746,-6.9839,-4.1732,-3.9774,6.1823,6.1584,4.7662,6.422,9.3516,2.5764,8.2079,7.6782,7.7369,-4.9215,1.0388,2.4094
-9.8737,-3.3789,9.7734,-6.5626,2.0155,-7.9059,7.8235,-3.609,9.8753,-7.037,-5.7383,-2.8316,-8.2588,-4.2943,-6.4974,8.5137,4.5188,0.4731,-7.2808,-3.3068,-2.8598,-2.1717,8.3774,-7.4289,-4.6726,9.8084,0.3918,-0.4689,7.1961,-1.1626,-6.5795,5.368,4.577,9.1758,-5.1777,2.9382,3.6507,7.5237,4.0795,-3.4987,9.2547,3.4841,-0.1801,-1.9281,8.8236,3.7842,-5.2102,0.7949,-7.4677,5.9815,-8.2144,5.8048,4.1738,-8.8957,-4.8273,4.3465,8.3505,-5.6324,6.04,5.2794,5.43,-9.664,-0.7187,-2.0113,8.8405,7.0838,5.3644,-1.4242,8.4028,4.4659,0.5329,-7.2347,6.1597,0.9385,6.2285,9.6489,4.4841,8.894,1.3419,6.8423,0.9455,2.6982,-4.3293,7.4688,2.5501,7.5728,2.3772,-3.5747,6.7385,4.6355,-6.0209,-9.2898,-2.13,-0.821,-1.8207,3.9676,-3.5608,3.014,8.2166,-6.9513,-0.3597,-2.1277,0.3183,9.4942,-7.5208,-4.9042,-4.6733,-7.9591,6.5472,-9.3762,-4.9216,-5.4884,5.6761,-9.6853,8.5268,4.7693,-9.5151,-1.4538,-6.9891,7.4896,4.2337,5.9169,7.6741,3.0139,2.2852,-6.3562,-7.2225,-6.1864,0.9333,6.3311,-5.472,-5.6125,1.1335,0.3375,-2.8583,0.9244,-6.5993,-3.715,0.7566,-8.2537,-2.059,1.2367,5.1967,0.3025,0.541,6.2457,5.8744,-6.7154,5.8193,-9.8275,-1.3012,-3.2427,2.1282,-9.0142,-7.5675,0.0083,0.6584,4.7572,-3.5671,-0.6227,1.0811,6.5713,1.1994,6.3356,3.133,-6.2239,8.3868,-9.5424,8.8831,9.0076,8.8436,-0.7685,5.3143,2.6995,-8.6564,5.0798,8.6464,9.2957,-6.4396,-1.8283,1.7226,-2.6122,-3.65,2.1261,-6.2561,-2.6457,8.7344,-9.824,-3.1865,6.8517,-5.2441,-1.804,-8.0349,2.9699,-5.4,-0.9182,-9.3227,-9.0415,5.1357,-0.7204
8.2818,2.1068,-7.9142,-6.5156,-8.83,9.7794,4.6532,-3.841,-7.1328,-9.1527,5.57,-1.9947,-1.0805,-6.3423,-4.4663,6.2982,-5.1347,2.9578,6.0294,5.4762,-8.2932,1.4788,9.0793,1.3641,-5.7981,0.0799,5.7641,7.9914,7.3029,-5.9362,-7.4606,4.6514,-0.8345,-3.9198,9.0001,2.3703,7.2575,-6.9029,2.3964,-8.723,6.7739,7.9539,3.6968,9.6283,-0.2691,-4.9158,8.5,-7.4425,1.9632,-2.2029,7.5592,-4.2928,7.7559,5.7611,4.1572,3.6348,0.7303,0.638,6.3157,-7.3279,4.8786,0.3124,-0.6626,-0.8071,2.7442,-2.5132,-2.9054,-2.8163,1.3716,3.6084,4.2086,9.7872,-9.9866,-0.5783,-4.0862,5.9768,0.2368,9.7582,3.0956,0.3495,1.4186,-0.2318,-4.2956,-9.3048,-6.9374,6.0555,-3.3184,8.0497,2.7149,9.3688,-1.2605,-8.2729,7.8967,6.1512,-3.4024,2.6001,6.2839,9.3235,-6.996,-1.3859,-5.4735,-1.1414,1.8375,8.6647,-0.6776,2.5898,4.1297,1.3139,8.6932,-0.3052,-1.4797,0.186,2.5021,-8.6345,2.4432,4.547,-3.0515,-8.9487,1.8172,-5.5949,2.7249,-3.5487,-4.6765,-9.7182,4.7874,8.4703,-9.7049,-7.8363,-0.0665,1.3145,5.1639,7.3959,1.4259,-0.3138,-6.8948,2.2004,-0.2088,-1.4813,-4.4031,8.4221,-7.812,-1.5212,-5.5408,4.258,-0.6903,-6.7942,-7.7483,1.1228,3.4559,4.4033,8.0264,5.9101,0.8684,-9.9389,-7.1465,-4.6971,-1.319,-1.0553,-3.4365,-0.9141,-8.5538,0.9889,3.2868,-7.7104,-8.0415,-2.3646,-4.2709,-2.7531,-3.7514,9.1048,8.4642,9.6312,9.9765,-7.5462,1.2182,-1.554,5.7793,9.8392,-0.7144,9.1048,-6.0521,8.4271,9.6105,4.3053,4.6648,7.0061,-8.3085,-9.4341,7.3573,1.6201,-1.0459,-0.8366,-2.1664,8.294,6.1682,3.9959,-1.1029,-7.8098,-3.1069,-8.283
8.9507,-6.8694,9.3583,-6.752,-0.0628,7.2781,-4.7433,4.2796,-1.4472,-5.2095,-3.2615,-4.5885,9.8444,9.6266,-3.3784,-9.1165,8.3141,-6.1104,7.0828,-0.7779,5.3701,4.195,-6.7808,1.5291,4.6862,-7.4177,7.2555,-7.4534,8.9401,-0.6476,-5.9328,-6.4786,6.5798,2.0248,5.8181,-0.4949,4.7742,2.675,6.4238,3.9363,-6.3351,2.0451,-5.3541,9.2533,-0.6877,1.8404,-1.586,0.3295,2.9714,-0.7871,-6.5129,-0.2989,2.4028,-7.67,2.5661,-8.1738,3.4588,-2.5523,-4.1913,0.0503,-3.5847,0.9296,-2.3212,-7.2636,7.5177,-0.8007,-2.2899,-7.9108,-5.1898,-0.2079,-2.9674,-9.1769,-1.2473,-9.9441,6.6766,-3.4642,-2.2487,0.5679,-8.3741,-8.7884,2.2349,6.1732,7.1939,-1.5212,3.398,-7.5726,9.0975,-3.9492,-8.1404,3.3326,1.4333,7.1469,8.3012,9.2221,-2.8959,-1.1378,5.9395,6.3788,8.5497,0.2663,-8.1447,-5.6871,-0.67,-1.1055,-0.2301,-6.2458,4.7634,-3.4578,-4.1081,8.231,5.7817,-1.5922,8.3057,5.7277,7.5466,-0.6458,5.0305,6.3716,-3.0279,-6.6183,-9.4772,-0.8071,-9.7249,4.7432,0.5757,-6.6681,5.5179,5.779,4.2005,-6.3316,-7.3831,-4.9526,-8.8499,-5.0316,-8.7331,7.6153,-3.7527,5.9693,5.0578,0.583,-5.8204,-6.7397,-3.0358,-7.6622,8.1913,6.3393,-9.9642,-3.1793,-8.0259,-4.054,-1.574,2.795,-5.0176,-9.8348,-0.1044,7.5436,-0.3457,-8.4174,1.2814,3.7191,-5.8331,-1.844,0.6922,2.628,3.4435,-4.418,-5.6663,-2.7218,-3.4982,9.7727,-1.0613,5.1104,-4.719,-6.3507,-1.5235,2.5105,-0.9628,-1.7378,7.0371,-9.106,-2.7805,5.6832,4.5278,-7.5797,5.974,-3.9044,-6.0485,-5.6887,-7.9618,-9.7005,2.8465,-1.9482,4.7676,2.5767,2.3657,-6.1183,-3.6712,9.0308,6.4661,3.0233
-0.5972,2.1407,-9.5729,5.7745,-8.8855,6.7671,-0.1532,-6.7088,-4.3217,9.9304,-5.7511,1.6538,-5.9556,-2.7576,-0.7952,-6.748,-7.0986,2.7196,-8.5004,-5.7115,8.5491,-1.1522,9.2848,0.3165,3.0532,-3.674,6.718,5.9448,-4.167,3.1606,-6.2235,-3.5417,-1.5434,5.6154,-3.0701,-5.5225,3.502,-5.4308,0.5289,-7.1716,-5.9091,7.4337,-0.0012,3.4259,7.08,3.5551,-7.9009,1.5529,-8.2322,6.2701,-9.1598,-8.6628,-4.6044,3.1852,2.1871,3.0436,-6.6861,-2.5913,-0.5078,-8.2077,8.3913,-6.2645,-2.9062,3.8938,-4.4721,6.7445,-6.3695,-7.3883,7.2857,8.3514,0.9327,9.6354,5.9466,7.9432,6.0572,-0.0939,8.6459,0.0378,-2.1399,1.9846,4.3587,-6.6844,-1.986,-0.0253,4.8233,-2.5732,7.9487,-8.4197,9.3386,7.6618,-1.545,-7.3406,9.5462,6.1236,0.4535,-7.6617,-4.252,8.304,0.9901,7.1952,8.5451,-6.5222,-9.7448,-9.369,3.8142,-5.0111,-0.9369,4.8752,5.3222,5.6662,0.6075,-3.252,1.7283,6.6352,6.4123,-9.9966,6.5802,0.6897,8.9866,-9.4363,-5.1437,-5.1258,1.967,-6.6444,-6.2837,-2.5446,3.7262,-9.8822,-6.4306,6.21,8.5941,4.5625,-8.3671,0.6078,7.0332,-3.4429,3.2964,8.5892,-7.3547,-5.534,-7.7328,3.4884,-6.2339,7.5546,6.0116,5.7971,-2.9228,-5.269,-1.8865,4.3411,6.7764,-7.3757,-6.8761,-7.8822,1.7452,3.4045,-1.7168,-3.4335,6.6573,-2.6654,-1.8172,8.6812,7.1228,2.7632,2.0513,-9.0125,1.599,6.0967,2.5529,8.3219,-1.5053,-5.0227,-4.5857,8.3449,-8.5383,2.1332,-5.4395,2.6692,0.1814,7.352,-5.662,-7.5861,5.0061,-1.8641,7.2227,6.5204,9.3251,9.8711,7.525,-8.8861,-8.0919,4.9777,8.7841,0.0717,2.8284,-2.9127,4.5306,-2.9336,0.4848,8.3571
6.7353,-0.7945,7.7852,9.8102,0.7831,-2.904,-8.4606,-1.8099,-9.1868,2.7254,-2.165,-1.7091,6.6424,3.3635,-0.0333,8.141,2.4409,-8.9895,-5.1752,-7.7577,-9.1123,6.1208,-4.0757,-6.0169,5.4488,-7.0892,-0.9777,-3.7296,0.8714,8.8872,4.5363,-4.1943,-5.0772,3.4762,3.0555,8.9075,-2.0272,4.9511,0.2101,-1.1224,-3.0368,6.7411,-4.7416,6.5145,7.7543,6.2082,-6.8683,-4.113,0.2033,-9.6975,-3.4253,1.5448,9.8307,2.7517,-7.0338,-1.6718,6.6924,-0.9109,-4.7822,-6.7225,0.7636,-5.4866,1.3751,-5.4766,8.7487,7.8733,-2.6487,1.2262,7.5259,-6.6746,8.2179,-9.1633,0.0563,6.5534,-8.8649,-0.6664,-5.9698,9.4735,-7.0798,3.1976,-7.4883,7.79,-2.7147,6.5741,-1.4356,-6.9081,-7.794,5.3887,-7.6946,-8.423,-3.4858,-6.7236,0.7575,-5.924,3.9935,5.3313,-6.1221,-3.8595,-9.3388,6.6626,-7.7696,-0.1679,-6.6795,8.8696,-8.8469,9.9955,9.7998,9.7061,4.2903,8.8077,6.3218,-6.0704,-8.188,7.6772,-7.8138,0.9275,-8.4453,9.0099,0.4311,2.4679,-5.6191,9.9061,-4.7512,-7.8479,-1.2075,0.9044,8.3042,-2.498,-0.6987,-5.1784,-5.5002,1.5966,7.3839,-1.0016,5.3231,-7.7449,5.7119,2.8572,-6.7294,-4.0754,-9.0594,8.5534,-7.3774,-1.0142,2.3426,-4.0323,-0.3949,-9.4841,-2.6307,1.4319,-3.093,-0.1301,9.5064,-0.8783,9.0603,-2.2574,4.7223,3.4377,2.4565,3.3726,4.4411,4.2372,1.1838,-7.2709,1.0018,-6.2523,-2.2464,-1.3328,2.5199,-5.6297,-9.7256,3.139,1.3963,-6.2648,-6.6922,-8.9607,-1.5386,0.5712,8.3182,8.2023,-3.6952,3.1814,2.0601,5.4662,-2.9199,-3.5897,-7.4525,-4.8004,7.9432,-8.9297,-5.1802,5.9819,-7.7338,6.541,-6.4002,7.3605,-9.3837,-0.9585,-9.642,7.0069
-1.8654,6.487,6.5302,9.7798,9.5352,-5.8273,-9.6489,0.9376,-0.5304,-0.9616,-6.9758,-3.5904,6.9139,-0.0671,9.4269,-0.9698,6.3156,7.7619,-6.3321,9.4864,1.9389,0.1677,-2.9872,-1.9167,8.8928,0.4514,-8.013,5.7443,3.5658,-7.879,-4.0614,-3.6898,-7.6738,-5.3515,-6.3811,4.3071,7.5914,-2.8916,-6.9031,5.9495,2.3504,9.0556,-7.4692,8.4394,4.9811,1.7854,8.1176,8.8804,-2.4973,-1.6932,-7.0714,-1.8685,4.6893,3.1869,-1.0345,2.7395,3.2598,-9.9296,-2.9904,-0.7252,5.8463,1.2701,-7.2965,5.1749,2.3858,3.9513,1.9025,-5.0543,6.0311,-3.6857,-5.3787,-8.1139,-3.4559,-9.1426,-8.1435,4.8007,-0.9657,9.2223,-8.8725,9.1942,9.6359,-9.1987,-5.652,7.5995,2.7579,4.3745,-8.8919,6.498,5.2383,-6.9357,4.0444,-2.2353,1.3634,-4.1547,-0.5918,-7.1216,-8.2296,-1.9625,5.2658,3.3023,-8.5966,-2.7488,-6.5776,0.4939,-4.7208,-3.4242,-7.4973,-4.3828,-9.0693,3.5508,-9.8318,-9.2315,-6.0176,4.8001,-0.6902,-7.0444,-9.3697,-0.5756,-3.9976,-9.1486,-3.9752,5.4009,7.0449,7.2899,-1.5574,-0.4778,3.1275,7.7816,-2.7203,-4.0015,6.1443,-8.5062,0.1313,-8.2053,2.9681,-5.6615,8.2267,9.7059,5.8393,-0.6872,-7.9035,-4.1313,-9.4653,-8.8664,-1.0455,4.5406,-0.9811,2.2381,0.5164,5.8163,4.9956,8.606,-6.2514,-8.2544,3.0185,4.1212,1.7141,-7.7785,-9.1252,1.0718,3.6767,-5.9971,6.3814,7.0381,-0.8664,0.2381,4.6289,3.8391,9.5283,2.4858,8.6001,-9.5563,2.2203,-0.4265,-0.6511,2.3509,-6.3917,-7.236,5.7701,-3.5012,-1.5206,8.5434,-7.389,6.9452,-4.7191,-2.7564,-0.2167,0.6449,7.2262,3.3084,1.3364,3.0429,7.2748,-9.8348,-9.2008,-2.541,0.5044,1.5091,1.4368,2.2227
-3.1042,6.6684,9.4792,-9.2053,-2.3334,0.5822,7.9453,-2.0459,-1.1197,-1.5552,-8.6263,-6.4754,-7.5312,2.6052,3.6773,-5.6686,4.4241,-8.9843,3.0167,-3.9813,6.3216,2.9991,5.385,2.2537,9.3365,9.9931,9.8252,-8.6956,-8.9749,0.7816,7.2405,4.4908,8.5357,0.377,-1.2717,-4.8176,3.6383,-8.9371,1.3174,-6.7621,-4.159,8.1113,6.788,5.2642,-8.3996,-1.304,8.8539,-5.032,-3.3727,9.5512,-1.5307,-5.0091,6.375,-5.0799,-4.2276,-3.7055,1.1639,7.32,-1.5941,0.0716,-7.4658,-9.3964,-0.8671,-2.5106,-3.811,-2.8947,2.3411,-7.4995,1.8553,-4.8906,7.5895,-4.3793,-1.6584,8.0122,1.5251,-3.143,8.5853,-1.2702,-2.4698,-3.5712,-7.1912,-8.0056,-2.8478,-3.1561,-5.7866,-3.4553,8.4778,6.3206,6.0749,-3.5445,8.9937,9.3287,-2.6606,0.8322,3.3645,-4.9599,-9.7079,-8.4185,-6.4468,-2.7437,-9.0055,-9.2073,-5.0147,2.523,1.6334,-2.1862,7.2204,-1.3164,-7.8782,-3.7774,2.7773,2.976,2.6333,-4.3882,8.299,5.942,0.8768,-6.9907,2.5934,7.8295,-9.6869,-1.7052,-8.5985,-6.2374,9.3967,7.1084,-6.36,-6.7643,-9.4597,-8.9536,1.1342,-0.0391,-3.1243,-3.3275,-9.5722,-1.5926,-8.2399,-6.027,6.5372,-0.4586,9.3297,-4.4207,2.4947,-5.2931,-4.6022,5.5598,8.1976,6.6355,1.4081,2.6816,-9.9611,-2.9518,4.6462,0.3899,4.2395,5.2827,1.9241,5.7138,6.2813,3.3728,-0.2129,-2.2336,8.63,0.546,0.8832,-4.823,4.5445,-6.0431,-0.8411,-6.1011,-7.1402,-1.71,-8.1154,9.2628,5.1349,-3.6691,6.4066,9.4041,-7.9128,-3.1498,-6.3584,-5.9382,-2.8614,-4.2367,-5.0608,8.5749,-2.6241,1.4941,-3.4967,4.3331,-8.9415,8.4874,3.8148,-2.6848,-3.2998,0.1808,-5.4762,-3.6959,8.4123,-3.7929
-3.0278,-5.0429,-0.3779,1.4907,3.689,9.9677,-2.806,-7.8963,3.9644,3.14,-2.9812,5.295,-5.3837,-9.2511,-6.0512,0.23,-0.0033,3.7547,-2.5236,-9.8638,0.3831,-4.9678,8.1057,-1.8133,8.3034,3.4268,-4.4486,9.7099,-3.104,-0.7488,6.6747,-4.9992,-8.0455,-7.5115,-7.9479,-4.9659,8.0975,-1.9969,9.6523,3.4257,-4.7392,3.4534,5.3112,7.4978,9.708,-2.146,-3.2364,8.4105,3.8852,-4.1214,5.6284,8.0378,9.1246,8.0318,8.5153,-1.4478,2.9725,0.4411,4.4347,-3.1289,-9.6289,-1.1843,0.6314,-0.15,-1.9045,-5.0405,6.0788,-4.9514,-8.9164,-0.758,5.3362,-1.7666,-2.6606,-5.6257,-9.6117,-6.1776,4.8619,6.9352,2.023,-0.1435,-0.1871,-4.4232,0.7879,0.3518,8.9661,-9.7469,-8.9987,6.3959,3.4033,0.5628,-6.194,-6.4821,6.0737,-0.7816,9.9812,-1.0598,-5.6679,-5.3114,4.7401,-9.3941,-9.2829,3.9807,1.3478,-9.4535,9.9913,-7.8854,8.4198,-8.1982,-4.7109,0.3558,8.0522,6.5148,6.4644,-6.4613,-8.8906,-3.6969,2.7322,-9.5961,7.587,2.8171,4.3721,-5.1428,-7.238,-5.8707,-4.2512,-9.807,9.6587,-7.5834,1.2639,0.5055,9.1481,-7.737,-5.1438,-0.1362,7.0889,-7.6569,9.4558,0.0239,-3.2314,5.96,-3.0956,-1.871,2.9248,-3.767,-4.399,-1.2966,-2.6892,-1.0306,-3.1415,5.2725,2.284,-4.8951,2.6937,7.1359,-8.5417,9.5662,-8.1257,9.7686,-9.3492,-1.4662,1.3995,-7.5339,-3.0529,7.4187,-2.246,-5.4832,3.8022,-2.7751,-5.8506,-4.1198,-7.4872,-0.4809,3.353,-0.4446,-9.7634,7.7065,-9.4163,7.6424,-2.7131,2.0854,-1.1452,8.6329,6.6436,1.2794,-1.1794,7.0665,-0.6111,4.3386,3.8051,2.4261,-4.1143,-9.0999,6.6436,9.0044,-2.5248,1.2871,-3.5824,0.4133,6.8815,3.8296
5.5952,0.0787,-1.6902,-0.9278,-5.8674,-0.9195,7.0473,1.1571,-6.1744,-2.1559,-3.5125,6.3209,-0.3497,5.8829,-5.1214,1.4361,-5.7381,-3.2897,-5.0963,5.8898,4.3496,5.9445,-5.0456,1.301,-1.2026,3.6003,5.6833,9.8193,-0.1097,6.4156,-8.1065,9.463,-4.7883,2.9573,2.0766,7.8958,-0.5883,6.4228,4.1345,-9.6546,1.0822,-9.2986,-0.2647,-2.5456,1.1999,-5.1984,7.3139,1.9805,7.7829,-0.8012,3.0668,8.4632,2.008,-3.3757,8.6408,-8.3104,7.8672,-8.9851,3.777,3.054,-9.9934,-4.2869,-0.5298,-9.2666,6.4464,7.0729,2.7599,-1.2719,1.8014,1.7244,-2.2849,8.8922,7.638,-6.1312,0.6302,-6.1306,-3.5719,-4.9117,0.8242,2.3491,-3.4268,-0.4129,-8.5184,1.2617,0.6533,5.7307,-1.1762,-9.3945,0.6235,-9.9443,-7.9063,8.3675,-1.4501,5.011,8.7921,-7.626,-0.5478,-0.746,4.7309,1.7216,9.0126,-9.2766,2.5351,-3.6437,3.4651,4.4407,1.4925,6.9195,-8.5571,-5.5122,7.0763,-2.7627,-6.6641,0.0274,1.8146,-8.6735,-5.894,7.926,-2.9245,5.493,-4.8221,0.0586,3.2847,-9.945,-4.571,2.2278,-1.6534,-5.0803,3.1213,5.3028,1.3518,9.0268,5.3863,-6.9838,-4.4727,1.1598,9.4991,-0.2598,2.5012,2.3488,3.7507,5.3943,-4.4657,3.615,-0.6327,-9.9999,4.0794,4.0837,-7.2972,-9.8333,8.4461,-7.2862,2.7632,5.1156,-5.9182,3.1089,-8.3647,4.5174,6.9568,-9.6885,-0.8925,7.4666,3.7778,-6.1959,-3.1231,-7.6293,6.1317,6.4922,8.2274,9.1557,2.7037,5.0425,-8.1593,2.1199,8.9445,-7.3329,-6.4889,0.1861,3.5102,-0.3539,-8.8732,9.6992,2.2502,3.3834,-6.042,9.2068,-0.1616,4.405,-1.698,-3.8393,8.5974,-7.7887,2.346,3.3643,2.8748,1.9774,8.6719,-4.7827,-9.8808,-6.6851
5.6718,-6.6798,-2.3101,-4.303,-5.5957,-8.5851,4.7824,1.5151,-8.5862,1.2778,-9.5753,6.6476,1.8341,8.2179,6.7856,-7.4329,0.5907,-6.5573,-1.8385,4.3944,7.6162,-3.5421,5.5752,-0.0756,-9.1052,-5.5381,5.918,-8.0316,-2.924,-6.6272,6.9965,7.3534,8.8591,9.004,2.4223,6.135,6.8042,-1.6017,-3.0821,-4.9769,1.0135,9.3098,8.4248,-8.1615,-3.4331,0.5563,5.7601,0.8551,5.7076,2.783,7.8211,-0.5293,-9.4652,-2.2234,0.908,1.4311,-2.9136,1.28,-2.928,-4.0871,-0.2187,1.218,-9.3299,4.6687,8.1211,8.7922,8.5334,-2.5483,9.059,-0.9772,-3.9191,8.1256,3.4763,5.0508,2.5868,9.7744,-7.8886,8.2508,5.7672,-9.3028,-5.855,-1.7604,-3.6017,-2.0544,-7.3189,-4.3893,-9.1155,8.6952,7.8734,8.7792,8.4415,-4.5619,6.4743,-7.617,9.9547,7.7116,-0.0679,-0.2301,-0.3236,5.5684,-6.8131,-8.3275,-1.8517,-1.3836,6.5687,-1.4944,0.5251,-5.1536,1.577,-9.1237,-8.1276,7.7608,-8.1766,-9.1846,-3.0855,-7.3548,-3.2911,1.6824,-1.8593,7.7821,-3.8802,0.8923,-5.3268,-5.206,3.0052,-3.8863,-2.8121,7.1192,5.9296,-5.2816,-0.7729,9.901,-5.6261,3.638,0.4278,-2.8702,4.1275,4.672,-8.3486,-6.1283,-4.9731,-5.7731,9.1005,2.1212,2.5988,2.9583,6.5952,8.4255,9.5411,6.3862,-0.3463,1.2864,9.5485,-9.6462,4.1758,4.6399,6.7384,-0.2542,-8.9079,-5.9596,1.2735,-8.2705,-0.1976,3.3548,4.0676,-6.3032,-0.73,-5.5502,9.7679,-9.8971,2.0153,9.8209,-1.1268,9.4116,-9.9786,-2.8739,-6.4481,-3.8063,-8.9304,5.5142,-3.1013,-2.0058,-3.1701,-4.8013,5.5115,7.0149,0.9281,-9.2354,2.38,-9.5141,-5.0769,4.9782,-5.9996,5.2635,4.992,6.8614,0.322,-6.2427,-1.2554,-8.1373
8.354,-7.5094,4.0855,2.0233,4.5491,-4.9594,-2.8029,7.6882,4.0135,-1.2827,0.3087,-4.0994,5.5269,3.9288,9.1949,-9.5469,-1.3593,-9.6138,3.8,-8.8311,3.7614,2.6562,-2.8308,1.3767,-1.8253,-5.4483,-9.1888,-6.2115,-0.4247,7.2514,-7.6682,-0.5633,-2.4532,-8.4661,9.0719,5.3361,9.5639,1.9901,-9.2361,-1.4995,0.1401,7.8321,1.85,-3.8545,5.1775,0.0239,2.189,-8.6284,-8.2518,4.4124,2.0956,-0.9961,-5.824,9.1529,0.9125,-7.2477,2.9992,-0.8395,1.9609,4.7233,-1.1063,-9.6967,-0.971,7.2756,8.3829,-5.8553,-1.9177,9.9556,-3.9128,-4.9095,7.3881,-3.126,-5.9274,5.6565,7.6249,7.081,8.1472,2.8047,1.0917,4.4014,-4.7943,5.9028,1.1372,-2.0407,2.7828,-9.0778,8.4825,-4.5513,-7.6087,3.5089,5.4146,9.5706,-6.583,-8.7689,-3.2198,9.0513,-5.6826,6.6554,-8.4984,-5.915,-0.0209,2.8477,6.0238,9.7887,-2.2777,-9.8904,9.825,-5.7764,-0.4688,9.8988,6.8669,-3.4155,5.6608,5.9059,9.5508,2.4247,-7.9329,4.9529,-3.3736,1.2974,-8.4864,4.7838,1.9055,2.6577,-8.4669,4.962,1.2671,-7.5731,9.2173,-8.8215,1.3991,3.372,1.855,-8.8305,-0.3964,6.8121,-8.7618,-0.0108,-1.2996,-9.4006,0.8703,-0.2341,3.4617,0.2035,8.8293,-2.4846,6.7381,-0.6291,4.7799,-0.802,6.1015,2.4988,-1.2298,4.4735,3.4723,-9.2736,-7.7658,-3.6527,1.8272,6.119,-3.1283,-4.8543,5.1998,-6.9512,7.7444,0.8966,-3.5774,5.9616,-6.1869,7.2575,-5.9827,0.562,1.5255,4.2546,7.4256,-8.7443,-1.3394,4.815,5.0614,8.6803,-9.0824,-1.4593,5.4156,-4.7091,4.8899,-5.3886,-5.6224,8.7468,4.7976,3.2144,0.8159,6.0427,-1.8791,7.857,-3.0139,0.1226,6.0261,-3.4546,7.0718,1.771
7.0447,-4.714,2.507,-0.9345,-7.5773,-6.4494,-0.0442,5.8538,3.1434,-0.95,6.5575,-1.417,-8.9062,9.8549,3.6144,-2.3314,7.7339,6.1303,8.1307,3.1615,-8.6884,-8.0356,-4.7006,0.7175,8.4591,7.7612,-0.1834,8.0095,-6.1316,1.1338,-7.1012,-1.5981,-2.892,-2.2852,1.4785,2.7816,-1.0167,5.8529,8.8373,-7.112,-1.8203,-5.863,6.5103,5.2126,4.2345,5.3175,-8.1686,2.5468,-3.2028,-0.6539,3.0999,-5.692,-0.7385,6.8274,9.2512,-6.5901,-6.3554,-7.4568,-3.1305,9.3747,7.0899,-1.2148,-6.9517,4.0113,1.9536,5.0362,9.9358,-2.1412,-9.3324,-4.5033,5.4523,-3.2853,0.5982,-1.4564,-3.0932,1.5168,8.0754,-6.4997,8.6472,-8.7683,-8.9878,1.3588,0.1818,-3.382,1.2661,3.5802,6.8413,6.6955,-0.2221,4.0481,2.7003,1.6755,1.527,0.6762,0.5371,0.8881,-1.3878,-8.5634,-5.2419,-3.3932,-3.8903,5.0303,-0.8976,-1.0584,-7.5341,-5.8715,8.5078,0.1767,-2.6449,-3.0759,-2.9303,-5.083,-4.0607,-2.5284,0.5945,-0.5619,-7.7203,0.2742,-3.1524,-8.4708,4.241,6.4377,-0.9946,-8.1888,5.5148,-9.091,4.2153,4.8448,1.9435,8.5424,7.2726,8.3302,1.5718,-3.6793,-1.8357,-6.2766,7.3944,-1.1447,-4.1407,1.9015,-7.2446,8.9503,2.1677,5.7684,-6.4518,7.9007,-3.2608,-6.6356,-4.893,6.4009,-2.7942,-8.1309,-6.6948,-4.0816,-1.5472,-0.6489,-0.843,-6.3092,7.0253,-5.3231,-0.1008,-9.1579,-5.8418,9.3161,-4.6204,-5.1263,-4.547,2.8442,-2.4234,3.9959,5.0684,-9.0553,-0.2256,-7.1037,-0.7933,9.5192,1.3287,4.1555,-0.3332,0.4185,-8.0969,-8.949,1.6293,-3.0684,-8.5718,3.3675,-7.2571,-9.5671,8.1751,-2.5103,2.5149,-1.0699,-4.5974,8.5332,-1.036,0.1444,8.0031,1.2224,5.7552,-7.4702
1.0267,2.9217,-5.1034,-3.0767,7.6691,8.2795,-5.1903,-5.8566,-2.6582,1.1822,9.7344,0.0924,8.1702,-4.5476,2.4493,-9.1756,6.0871,8.6704,-7.0253,2.5106,-9.8132,-7.0408,-4.5056,5.7436,-9.3229,2.8789,1.2487,-9.9506,-7.0075,7.3578,0.7135,-6.9016,5.2302,-6.6919,-5.6001,3.3635,-6.0178,4.5447,3.6319,-7.1502,6.9009,-2.0664,5.8206,4.4461,9.4043,2.9065,6.4164,5.3512,4.554,6.0517,-1.3817,6.0573,-1.1599,1.9991,-6.3489,-6.1655,-7.5127,0.843,4.8562,-4.0209,-1.0094,3.9131,0.0313,-7.8831,0.1639,5.8033,-1.6909,0.0126,8.0094,9.8987,-2.1223,7.334,1.952,-2.7552,0.3777,-6.5117,-2.6479,-8.8257,4.7076,0.936,-8.6251,-9.3288,-1.5851,-9.2418,-4.4656,1.1009,4.7184,-8.167,4.8311,0.8044,9.2793,2.1491,4.0523,9.902,4.0425,6.46,-9.8998,-3.4053,6.9005,3.3926,-0.9815,5.7871,-0.7668,6.1588,9.0142,3.4028,-2.7409,-3.5383,-4.3572,8.4642,9.2175,4.9508,0.3917,3.8445,-3.7187,-7.5352,0.6489,4.9446,4.7375,-1.3292,-3.8601,8.7663,8.7965,8.3943,0.2969,-2.4473,4.911,1.4464,1.3327,-7.7883,-1.7506,-4.9712,6.0127,-8.7207,0.9695,-9.0469,3.6908,-0.1689,4.2578,0.2889,-6.0897,-6.6925,9.6394,-2.3918,8.9003,0.8405,-2.1801,4.4398,-7.4101,-2.8566,-6.3507,0.5196,-2.5067,9.2185,-1.0759,8.4024,-0.6619,-2.5806,-8.9628,4.1234,-6.8401,-4.0171,6.5038,3.7349,3.1008,-6.9575,9.8344,-6.0096,-1.3756,-4.7642,3.0633,-7.723,-8.8339,-2.9875,9.4745,1.4938,0.4412,1.9947,-6.9949,4.9618,-7.1167,6.5073,-3.9944,2.844,0.8833,-6.4317,-8.0347,-8.8149,3.5947,3.9839,5.5149,-0.5885,-4.6517,-8.8602,-5.0126,0.3881,-0.349,3.9855,3.3731,0.3528
-6.8651,4.1864,-4.0154,2.889,-8.3353,-8.1691,-5.1404,6.562,-2.4639,2.2157,-8.5756,1.9806,2.0599,0.0829,-3.2268,1.7498,-8.2391,-0.1224,-3.1477,3.337,5.7692,5.5597,-4.5224,0.6159,-6.9143,-4.0509,-1.4519,-2.9949,-6.7486,-7.7275,-3.4547,-0.5508,1.9721,-0.8331,3.7293,-7.6392,-8.3661,8.4893,8.803,5.8284,4.1027,-6.3472,7.2912,1.8964,-3.9283,2.2163,5.9,-6.9213,-4.2723,9.7238,8.8371,9.5567,-2.7969,-9.0233,6.5026,-9.2516,-1.8794,5.2602,3.6901,2.4229,-5.5469,0.3344,-4.4193,-8.5271,-2.269,4.7316,5.3672,-9.4432,4.0777,3.3666,3.6528,6.9559,-6.9796,-4.7926,-5.2156,-2.0642,1.9971,-3.7455,9.4524,7.1878,-7.4434,9.5189,1.0841,-8.624,-6.3744,1.2224,7.8645,-5.8085,-5.1085,8.7149,7.5102,0.814,6.9557,7.44,-5.8083,-3.6898,9.6863,3.4994,0.4154,-3.3953,-8.2848,2.7076,-8.6122,0.085,0.0565,-3.2759,3.4921,-5.2969,5.8866,9.4286,8.6662,-9.5505,-0.9571,6.8304,-9.2524,-3.8719,0.7115,7.2867,-8.128,8.9336,-7.0146,-6.994,8.1523,-9.4351,7.8476,-3.234,-4.3898,0.3154,-5.7377,1.9771,-2.2914,-8.6375,-7.9552,-3.3813,7.2396,9.5979,-1.6549,9.6717,8.1083,-1.2369,-8.1285,3.8435,8.2867,4.8433,-9.7015,-9.3676,6.1257,-4.9628,-2.0763,8.2294,-4.8337,-5.6176,-1.1351,-8.4168,-9.7268,-5.0215,-5.2527,4.7919,0.3031,-4.9163,4.7769,7.9906,-9.3618,-0.3875,8.2279,4.5757,-2.9046,1.1099,-6.3207,6.3874,6.5403,7.8238,9.4723,-2.0146,-6.914,-3.6922,-3.4961,-4.9374,-1.0291,0.9607,2.0914,-1.2399,4.0164,-3.489,4.1523,-7.1852,-5.3109,-9.05,-0.9164,-7.6486,-5.2175,-0.4033,-9.5323,-5.2854,-9.5356,1.8159,-0.0891,5.767,-2.1542,-3.6348
4.1843,-1.6635,3.7122,1.0237,-5.3465,-2.8094,7.6397,-4.4361,6.5533,9.4987,3.8527,3.3863,9.7215,0.2886,-1.3653,9.9094,-0.804,3.7907,-1.3295,-4.9304,-0.9707,5.71,1.9953,4.9476,-8.681,-9.7281,4.9108,3.2259,2.1175,3.4275,-0.5316,-4.974,6.7807,-0.9278,-9.1843,5.8012,-6.0928,8.3107,-5.4137,3.2592,-1.9974,-2.0266,-7.2307,9.4883,-8.263,9.997,1.7504,-3.8926,7.8361,0.1506,6.1404,9.5048,4.5946,-8.1446,2.5535,2.6314,6.0216,-2.6205,1.0927,-1.7849,-2.8717,-2.2045,-3.6635,0.6767,9.6929,1.4081,6.4434,-7.0382,-2.9404,-5.5751,7.7903,1.7829,-9.4434,9.8727,-8.3756,-1.0713,4.6362,0.0487,9.8791,5.8609,2.6277,4.5041,-4.7994,-9.5153,4.0285,-4.6905,-3.2853,-7.1709,-7.2706,3.905,-7.1684,2.7453,-8.6591,8.0088,-3.2859,-4.3108,7.2376,-0.9434,6.7229,5.4575,0.1716,1.6834,-6.1259,-2.7249,-1.0644,0.8615,-2.2765,-0.5871,-5.6098,-3.9758,6.1486,5.6508,-1.0826,-2.8434,6.3571,4.9292,-3.8264,2.5852,6.8533,5.7543,5.9646,0.2569,7.7874,7.8072,0.9203,2.6322,6.2223,-2.9209,-0.9978,0.2297,9.3601,6.7978,3.9457,6.9219,2.0563,-7.2227,4.914,8.9406,4.8408,-9.2217,0.8205,-1.7651,2.985,4.3888,-4.5532,-6.5935,0.6495,4.9178,-0.8845,3.324,-1.2053,9.3918,-7.9692,-1.5045,2.3682,3.0539,-5.4084,-3.6736,-2.8942,5.5996,-9.807,-0.466,-5.3835,-0.9042,-9.8483,3.0863,-8.0724,-2.4612,-8.4112,-8.5441,0.8095,-5.958,-6.3722,7.405,-3.3688,-6.1106,0.2993,-1.4208,6.024,8.524,4.3379,-2.6577,4.9398,-1.8687,-5.5901,1.2507,4.4913,3.5174,8.9317,-3.002,-2.9518,0.7673,-2.5697,7.984,-2.3055,5.2352,-2.9539,-7.0931,9.6477,-3.0298
9.4936,-8.0786,-1.6155,-5.0315,-8.9412,-3.6588,-0.3306,-1.8684,1.5852,6.2788,-5.2021,6.6355,4.1726,-8.4669,7.2637,-0.9115,-3.7796,1.7,3.8823,-9.4273,6.3614,1.9856,-0.7274,-2.9412,-8.8362,6.3763,-2.131,1.2125,-4.9614,7.0796,9.1607,-0.5022,1.7798,-8.0691,-9.6484,-8.5405,-6.2016,9.7299,-4.9714,-1.9273,3.3611,-3.5296,-0.9106,9.004,-6.1486,-8.9629,-1.7582,-7.2952,-7.6125,1.1665,2.2003,-1.4546,-8.0429,-2.5094,5.8109,9.4072,-0.1179,5.9633,-9.7139,-9.0291,6.1472,6.3599,-0.3567,1.0987,2.3281,0.0126,-5.0771,-2.688,8.1695,-1.3014,9.7476,-3.0522,3.2975,6.3408,7.8822,-3.7809,-2.1583,4.2129,-9.751,5.9344,-7.0492,-1.3025,-4.5629,4.6569,5.1784,-5.9074,5.3252,5.0844,5.753,8.1978,-2.3515,4.7806,-7.1214,-9.3562,-4.0537,-4.6266,-5.5097,2.5691,4.3316,9.1156,-7.0289,-3.6245,-7.8598,-4.2875,-2.1948,0.3136,-3.4995,0.606,-7.8539,4.8397,-1.7277,-3.4718,-0.4687,4.9034,1.7534,-2.9666,-9.6169,1.5688,9.0133,5.646,0.6958,-2.2979,-6.9224,-5.569,3.4972,-9.3993,5.6385,0.2246,2.7769,-8.8654,4.1608,4.1967,4.6387,2.5076,-7.928,-6.5973,8.7424,-5.805,-7.5954,7.4428,5.6547,4.0476,-4.4872,8.0461,-6.3744,0.4555,3.727,9.1732,4.4145,0.4032,-2.9244,-8.3001,2.9222,5.2126,2.3136,6.8934,-6.429,6.1992,-3.6101,-8.3268,-7.1885,-0.0079,3.8247,-9.8435,-1.1675,-2.3872,-5.7082,-6.8065,5.7364,-6.9814,-2.934,9.364,2.1172,0.5362,3.9627,-1.1379,-8.2456,-4.8787,-4.2773,-4.129,7.7866,9.218,-8.8844,-5.7769,-8.9653,3.1478,1.2099,8.1121,-1.6883,-3.8861,3.9581,9.9908,-2.7246,3.5773,-5.2149,9.5628,-0.6234,-6.1159,0.8446,5.1391
5.1807,-5.8354,7.0233,-4.3454,7.2195,-3.7327,-7.1428,5.4039,-9.5276,-9.3421,-6.1231,-2.6056,-8.3558,2.1489,6.3169,4.7476,-8.3383,9.8187,-4.2268,8.3618,-2.117,7.2169,7.3814,-5.4281,-4.4299,-3.4189,-4.6458,-5.1005,-5.3949,-3.7234,-7.072,-2.1316,-1.2995,9.068,6.2336,7.8141,5.9965,-5.4819,6.8477,1.7447,6.7103,6.0952,-5.7043,-0.5296,-3.4795,9.6263,-5.4498,-4.6936,1.9848,-8.1997,-7.6535,-8.7802,7.5186,1.3876,-0.6191,7.4149,-4.6974,4.1301,0.9139,9.4086,2.1948,-4.1504,-0.8488,-7.6269,9.3802,7.664,2.8003,4.9611,5.9151,-8.9402,-2.3087,6.2853,7.9879,-1.4441,-9.2529,-4.2877,5.6299,2.1088,6.5905,-7.6338,-9.4782,3.4962,9.8538,0.7117,7.1668,-6.8018,-3.3088,-1.79,7.2724,-8.4714,4.4722,-1.7834,-6.5783,-1.6379,3.8116,-2.3276,-9.6451,-3.2365,-8.033,-9.563,9.9423,-3.8919,-2.9886,-1.4782,0.5393,0.9347,-4.3,9.4972,2.2311,2.4451,6.3345,0.5548,5.7531,-1.7432,-6.4502,1.8328,3.6134,-0.8172,-3.4611,-8.3986,-8.8861,-9.4883,8.0899,-4.2591,0.2219,-7.9734,6.1364,-2.9178,6.6116,2.5865,-0.7651,-2.2982,-0.332,5.4908,5.661,-4.2046,7.225,7.3895,-6.9319,-2.4585,-1.576,-9.9486,0.3243,4.5216,-6.0513,1.1015,9.9561,-6.4378,-2.4905,-0.5251,-1.8575,-4.666,-5.2589,-3.0813,7.5997,-8.5076,1.8789,4.6874,-3.5978,6.992,-0.8546,-5.5968,9.4037,-3.2292,-1.564,8.7191,2.2901,9.7577,9.3929,5.0504,-6.2276,0.162,3.3829,6.6885,-5.0258,-8.8939,1.7519,-4.526,0.5914,0.4135,-4.503,1.8775,7.044,-4.4402,5.2317,2.8687,6.1237,3.8083,-9.5038,4.9441,-9.3271,1.6885,2.9392,5.2422,0.279,0.5203,2.7323,5.0345,4.5984,-3.5244
0.8592,0.8836,-2.0204,-9.4016,-7.672,-4.492,0.737,5.7003,-8.4484,5.4718,8.559,-3.8238,-4.0553,4.8533,-0.5459,6.7323,3.3139,-8.6909,-8.5257,-9.8072,4.3119,-8.5812,9.9055,9.8268,6.7733,5.1776,1.0768,6.2521,-2.581,6.3476,0.6029,8.8326,5.2413,-4.9331,2.4694,-8.4247,-9.9645,7.9594,6.0941,3.4605,-0.7863,-4.0566,7.0082,1.2225,1.3878,2.6137,-0.7811,1.885,-9.8748,-3.5925,5.7344,8.051,1.1797,0.6785,-1.5944,2.4861,-6.7639,7.0596,-3.4292,-1.8677,8.2943,9.5605,8.4972,1.2655,-7.37,9.4671,-4.5721,1.2452,2.8685,6.9675,1.409,0.8015,8.3061,-8.4601,0.5904,-1.2327,-1.6351,-7.5818,5.4899,4.9005,-0.5544,0.8323,1.5294,4.4747,0.7472,-6.8466,-9.3352,6.284,1.1485,-1.8795,-0.3375,2.2445,9.5227,6.9446,-6.4879,-0.7724,-9.6502,4.7619,9.7273,6.7617,-4.9787,0.2154,1.6527,3.4649,5.2227,-4.5733,1.485,1.7129,-1.2943,-6.3669,1.6858,4.6115,5.7093,6.3421,-2.3848,-9.352,9.3286,8.7875,-5.2494,-1.1886,8.5167,-1.0139,3.4038,4.0973,-6.4035,-2.0295,-5.705,3.9507,-4.4465,-5.4826,-1.0858,5.5912,0.6661,-1.7119,6.2038,-4.0753,4.3872,-5.6669,-8.6798,9.8518,-9.7866,6.0892,-6.0819,-1.2538,-2.6299,8.1535,1.5032,-6.9003,9.5619,0.4436,3.807,-7.7489,4.8261,-4.3094,2.6082,7.2213,9.0008,-9.8272,4.3611,-4.4666,-0.5651,7.8945,-1.8508,7.0346,-9.8475,-0.2048,2.7082,4.9042,0.0365,0.8355,-0.9633,-1.1769,6.1726,2.6981,1.9535,0.4056,1.1654,3.0834,-9.6452,6.5408,-9.8021,3.634,8.5691,-7.3848,-0.1318,-7.4954,6.2752,-5.943,7.9392,0.6952,-6.8002,1.6481,-7.7307,0.1542,8.7855,0.344,-6.5253,5.524,-6.0406,0.3867
4.8761,-8.5039,0.8144,-1.352,-4.8276,5.6713,-6.6542,-8.2185,-8.6646,8.1805,-8.5029,-0.3222,4.6601,-6.3876,-4.0878,9.8309,7.5542,9.4628,0.4121,0.9157,5.6817,-2.6824,4.8096,5.1815,1.5412,3.8578,-9.6712,1.1733,-1.9583,6.322,8.1203,-5.3887,-9.6446,3.3613,5.5166,1.3595,-0.5756,4.4512,3.4683,7.0943,-8.4897,0.0036,3.4344,4.8838,3.1455,-5.4989,6.1722,-4.7262,7.2902,-8.7688,-9.2014,8.0688,8.878,-2.1319,9.2846,-4.8869,7.1908,-9.3662,-0.2704,9.8668,-2.9852,-3.4329,5.9313,-1.9962,-2.155,0.5002,5.5548,-0.7547,-2.0367,-7.1637,1.097,-7.2867,8.5536,-8.6342,2.0798,-0.7199,6.4763,0.2815,0.0748,-2.779,2.5414,8.5901,-8.713,4.9689,-1.4964,6.004,0.4402,7.9558,3.3371,-9.1967,-6.5495,-2.6357,5.3768,8.9151,-4.2093,1.9622,-9.6242,9.5981,-5.9329,-5.165,-1.7743,-8.546,-5.1613,-7.0126,-4.1178,3.868,9.9666,8.743,-6.1848,-4.4454,-2.084,0.1588,4.4159,-8.0713,-5.6838,8.4608,9.2545,2.3941,-9.6131,-1.5935,9.9767,9.1325,8.2352,8.8422,6.3867,7.8158,-0.0001,2.7192,-6.5613,-1.5151,-9.0635,9.6563,7.5404,-2.6407,-0.3512,6.1593,-7.1802,9.5298,7.078,7.5456,-5.2545,2.7423,-1.8421,2.0408,-3.1073,-6.2348,-1.2608,8.9046,-0.2903,7.5796,-3.2035,-3.1256,-4.4589,7.5,0.5582,6.6719,1.0607,-5.555,-0.2862,-6.183,6.9839,6.4293,8.9028,-7.973,9.0662,-4.4061,1.9446,3.5904,-5.51,6.5268,-9.8679,-1.1214,-9.942,5.9198,-8.4236,1.8214,3.8846,9.3134,-5.7426,0.6449,1.2772,4.9061,8.8793,2.5223,3.411,-3.4771,-8.3666,5.1329,7.4417,3.8984,0.1998,9.7809,4.3393,5.3742,1.6025,-8.5703,3.9564,5.1331,1.8537,7.0705
-8.6613,6.3041,-0.5093,2.1651,8.4612,4.1929,2.7649,-3.6084,-7.4535,-3.5217,-8.1103,1.1803,-8.463,-7.5185,6.9644,0.7198,-2.5429,9.3024,-4.1948,7.8607,-0.5584,-4.7519,-8.283,-3.5464,1.7523,-9.7861,-0.1225,1.6174,6.6478,-4.9356,-0.5975,3.8932,8.5063,2.0968,-7.4082,6.3217,-3.6433,-3.3505,2.0336,-4.8193,-9.1507,-7.4966,-9.9842,5.7927,-5.6405,2.5458,4.7704,7.7414,-9.2604,8.0885,-0.0251,6.288,8.7616,-6.2685,-8.6521,-3.6222,6.8695,-3.3872,-9.2239,-5.2254,-8.1535,-7.6901,4.5586,3.2498,5.8715,2.8447,0.9963,9.6442,3.201,-4.532,4.9232,-7.7796,5.2734,5.8873,-3.0919,4.0944,-1.136,-2.4371,-4.2399,8.4153,0.0781,8.7452,8.3924,6.3624,4.995,9.4372,-2.5422,7.6471,-4.6694,-4.0059,3.3408,2.4309,-7.0545,-1.6168,-3.256,6.6488,-9.6579,4.0571,-0.4531,5.6002,-5.1723,7.2108,4.2986,2.3327,-4.7402,2.6688,-4.5456,4.8308,-2.531,-3.3328,5.2757,-7.4468,8.5622,-3.7142,2.9221,2.5612,2.742,-8.6451,7.7671,-8.8888,0.0436,7.3534,-9.3492,-9.0871,-3.9863,0.6494,0.9927,0.7393,3.8008,2.8922,2.401,0.306,9.8904,-0.7384,-3.35,-1.1235,-6.2516,-8.6268,-4.1723,-6.4388,5.4288,-3.7808,-0.8953,-4.8097,-0.0558,-5.7037,-7.8423,7.0634,-7.6879,4.4183,6.0794,-2.5166,-2.416,-6.4504,2.0786,-5.9524,-9.4385,1.5766,6.9027,4.0733,2.6052,-1.7318,5.898,-9.1307,-2.1813,2.0005,6.7917,-2.5096,-1.7662,-5.024,-4.5025,9.8906,2.4458,4.5899,-2.7566,8.1098,-5.0983,8.0877,-4.3253,-5.2144,-0.331,4.2435,3.1506,7.2432,3.1795,-2.0713,-6.8756,-0.2301,-1.9337,-7.2369,3.7552,-3.2161,-9.2907,9.7893,8.3042,3.892,7.2668,-7.5657,-9.0379,-9.1017
3.4424,-2.8998,8.4495,4.1122,4.4683,2.049,-7.7537,-8.1022,7.9332,6.7035,-8.0848,5.6744,-0.9683,8.8788,3.2582,6.7519,5.4377,-0.1635,0.805,-0.5881,6.7396,-7.8253,-3.2515,8.4559,3.2539,-3.8047,0.3981,-5.2093,2.1601,-5.3869,6.5845,0.7788,5.3602,-0.7049,7.0176,-8.5483,9.0738,-1.1436,7.4154,-7.5074,-3.1786,-6.761,-3.3884,4.2801,-2.4445,9.4972,-7.5594,-0.0994,-9.2899,-1.7102,1.6947,7.8213,-9.893,6.3144,5.0743,-7.9221,-9.9156,-2.7808,8.0831,-9.3,4.9841,1.7081,7.7234,-0.3075,8.9881,-3.6546,-2.4913,5.1491,-4.3122,1.001,9.4002,-8.836,-7.5523,2.8961,-0.275,0.4043,5.3041,-4.9945,3.1668,1.8468,6.9449,-7.9153,-0.9934,6.0898,-6.1501,-0.9636,8.0398,3.4114,-8.8282,-7.5493,8.0716,-7.9782,7.8958,-8.347,-7.3566,2.5524,-8.1079,1.2244,-5.1083,-9.5762,-1.6218,8.8383,1.3244,-6.5532,9.203,-5.2835,5.8124,9.7819,0.7269,3.4463,-7.4082,8.5932,2.6848,-6.4559,-1.3107,-1.8344,-9.6208,1.8267,3.895,-2.1427,4.4861,8.0151,7.2927,1.3426,-7.5278,4.6176,-3.4596,3.7789,8.4579,-2.9786,-2.1317,-8.5673,6.0505,-1.6472,5.3987,0.7601,2.3661,2.2469,0.0549,7.4448,8.4335,-6.2759,3.3223,-3.7109,1.8029,-0.498,-7.6349,-5.4554,2.6112,-6.958,0.5731,-7.1215,-7.0757,2.9802,4.056,-3.264,9.4579,0.0769,4.6809,9.5716,2.3358,-6.7916,-3.151,5.303,0.6571,8.3553,-2.1006,-1.4146,-4.8268,0.9898,6.1577,8.8572,3.7326,1.1754,3.7149,-9.4298,-3.9372,-4.1856,-1.9649,2.8042,9.9642,-1.9008,6.5699,2.1086,-1.5331,-0.9847,6.1523,9.5189,-5.2017,1.1479,5.7561,-1.9057,-0.4918,4.783,9.3379,-5.1276,-9.546,9.4059,-8.9644,3.5165
-8.9102,-1.9959,-5.1225,4.184,-3.8787,-4.6446,2.5656,-5.803,0.9712,-6.492,9.9646,-5.5299,1.0912,1.0424,-8.0195,-9.2336,4.5366,9.6571,8.6477,3.5883,-9.0349,8.3001,1.625,4.1852,-8.9806,8.7711,4.5111,4.516,-9.7449,1.0843,6.6021,8.2033,7.2299,-4.9431,8.8037,-8.7845,5.2752,-7.8837,7.4931,3.9928,-3.6016,-0.0232,-1.8232,-0.0006,-9.269,-3.9469,-7.7955,5.4942,7.5032,-4.1168,-6.6947,9.4892,9.0848,5.6681,5.3095,-8.2672,9.4791,-0.6255,3.7943,-9.1617,-6.8522,-4.546,9.2066,9.273,-8.3545,7.6604,7.0682,7.7759,-1.3931,-0.1259,-5.3797,-5.0069,-2.5626,8.1444,-0.4886,5.8059,9.246,7.9544,3.6925,-2.366,-7.6593,9.2243,9.8181,1.4374,6.3957,-3.7809,1.0368,0.0715,0.0712,-6.6479,5.814,-3.603,9.8475,-4.2196,-9.3868,7.669,3.0629,-1.9983,7.9887,-2.8161,-7.4723,-2.7322,-7.2228,-6.9646,-8.9287,-2.1978,7.5298,-4.3981,-2.5663,-3.9854,-9.3854,-2.2611,7.647,2.3778,6.6496,6.5138,-6.6026,-3.947,5.9565,-9.7827,-2.9341,-5.5711,7.2523,6.7267,6.4704,9.3246,1.3787,-6.9065,8.5806,4.9617,9.5416,5.2972,0.5567,-2.7697,1.8882,-2.8899,5.4143,7.3476,-1.655,-4.1266,-9.4253,-8.661,-0.7505,1.092,-2.5027,-6.813,-7.4391,-2.4787,7.3677,-0.6346,2.3443,-8.7499,1.7076,-9.3213,4.9374,-7.0316,7.1504,1.4026,6.9118,8.0078,-2.2074,5.5895,7.773,7.3601,1.3688,3.9681,6.8657,-5.8715,-4.6816,2.0175,4.81,-0.5045,-6.061,-9.8942,8.0056,-2.7486,-3.0661,9.9451,4.3218,9.7278,0.4663,-2.6468,4.7736,-4.9422,-1.765,5.3764,4.6439,-6.1556,6.1005,0.0603,-5.8768,3.4741,-0.156,9.606,-0.1889,3.6155,1.9565,6.8075,0.9954,1.7436
-1.1646,6.2305,7.9324,1.176,5.4712,7.1122,6.0105,6.3724,-8.054,-2.969,9.4246,0.1955,-9.4159,-3.5014,-1.9489,5.9542,5.9447,5.7699,7.5,0.1112,1.6852,8.9077,-3.9292,-6.2263,-0.4156,7.8618,-7.1949,-0.063,4.9657,1.6672,-2.0531,-3.987,1.5585,-6.1639,-6.9792,2.5581,-5.4193,-9.5941,3.0252,6.0848,-7.9228,9.2824,-8.6805,-3.3656,-6.2066,-1.0088,7.2062,-8.1208,9.8281,-5.3234,-3.3657,-9.0577,0.2093,8.8239,9.5035,-1.6255,-1.1974,9.0959,-9.8068,-8.6996,3.1562,5.4477,0.2034,9.9827,7.1986,-9.5756,-3.7763,-7.5079,8.8488,1.7859,-5.558,0.7749,-6.3539,-4.397,7.2065,4.0911,-0.7653,7.4814,-6.8572,-2.9621,0.1317,4.8686,3.2616,7.7793,-5.7796,-3.2522,7.7997,2.8134,-6.2292,-2.0722,8.6492,-5.2391,9.1709,8.5176,7.1334,-3.6251,-5.4445,-6.2597,2.4337,3.4801,3.8676,5.6438,1.5705,0.7928,4.97,6.8592,9.7696,-5.608,-9.0227,-9.344,-7.8636,4.2575,-8.8741,-1.1622,7.7401,-2.7218,-4.1895,-0.8474,1.1227,9.336,-0.8879,1.2367,-7.1743,0.3237,-9.71,-5.6158,-9.6045,-1.3203,-7.2119,6.1606,-3.3505,4.5723,-8.4195,-9.7147,5.6864,-0.719,-1.5819,-2.6381,-9.324,7.3767,6.1279,6.3434,-7.4958,-6.7334,-1.6895,-6.1589,-9.8166,-2.7848,0.0276,-7.7053,2.7858,-5.1051,0.1052,-8.3995,3.0781,4.1112,8.2742,-6.0799,6.4798,-9.5118,3.1849,9.7026,-7.6289,4.2381,-1.4035,-4.3549,-1.1412,-1.4029,-6.291,3.3575,3.6062,-5.9369,-7.678,3.4943,-0.9208,2.3394,6.3414,7.7294,-7.5671,-8.0557,-0.0914,-9.2879,6.6275,-6.6696,-0.5978,-9.0052,-9.8721,2.2854,-3.8856,-5.4105,-4.0165,-8.7738,-8.4071,-1.9657,2.5376,3.4337,6.9026,0.2546,9.0397,-5.72
8.2591,-2.9348,9.2245,6.7882,8.1584,-9.7634,-1.3726,6.5998,5.1185,-5.2996,6.8661,5.7913,-0.7359,-4.382,4.6942,5.6528,-7.3928,-5.2848,-7.4446,-1.5033,8.5509,-0.3769,2.081,3.2373,5.6259,7.9923,8.2655,7.665,-6.5552,0.8065,1.2578,3.0951,-7.7478,-3.6781,0.6758,2.7227,6.6591,-1.2535,-1.5626,7.5985,-7.5544,2.786,8.4462,7.4178,-2.3345,-5.7476,5.0977,-8.3716,-6.371,9.675,-7.4332,-4.895,0.7823,-3.448,9.1865,-7.628,-1.2004,1.2021,-5.0928,1.8138,3.2009,-2.8827,3.6721,1.4273,-4.0271,2.2875,7.5625,6.7836,-2.2177,0.1699,8.1666,0.8395,-0.0475,2.8801,-8.2058,-6.2066,-5.3065,-8.1681,-1.6285,8.049,6.5842,8.8155,9.2142,5.9742,-8.0443,-5.2112,3.7518,-8.2591,4.1814,8.2626,-7.5041,-9.0775,-3.2978,3.8138,5.5961,4.474,3.3187,-6.2779,6.883,-3.9175,-7.5154,7.2463,-4.0407,-1.7574,-1.3593,-6.2953,-6.2751,6.784,-1.8867,-6.3404,-8.9961,5.8579,-9.5435,7.9405,-8.2923,4.0415,-9.2007,1.1614,-1.0227,-8.5474,-4.0217,-0.2757,-0.5317,-6.0617,1.6513,-9.104,-8.3455,-8.0837,-8.5274,-9.7276,-2.2845,-0.2002,1.4013,-8.0105,-8.5819,6.2615,3.8725,5.9459,1.6217,-5.3916,9.5057,-0.7448,7.5187,1.1936,-4.6043,-9.3157,-3.1317,9.7196,0.8202,7.417,-8.3329,8.8475,-9.9394,-0.2924,-8.8203,5.0664,6.8722,-4.6321,1.5301,-3.538,-2.8359,-5.1553,-7.3534,3.7268,0.1376,-9.9861,-0.8438,-5.6359,1.5185,3.4648,-9.0169,6.3487,5.1399,3.9784,-0.8483,8.1598,2.7949,5.5341,-2.7219,-0.1407,-1.1023,-5.7129,8.43,-7.1734,-8.5041,1.0876,-3.972,0.8705,8.5491,-8.644,-9.0707,5.9651,7.8586,2.9753,0.4244,4.1968,1.6801,7.3317,-1.5333,-4.6778
-1.9724,5.0228,-7.0806,-7.9595,-7.2016,-1.6929,5.8609,4.5049,3.9018,-8.9196,5.3206,9.8752,-4.8328,7.7262,8.1245,4.9538,0.6235,-7.7745,1.1074,-8.1839,-2.3558,3.5712,7.4638,4.2822,0.2823,-8.3155,-9.8496,8.9985,-9.3739,-5.6831,6.9599,3.1888,-9.7571,-6.2189,-4.2547,4.783,-8.5924,-3.1796,-1.3285,3.0335,-6.6594,1.057,1.9201,-3.7223,8.1778,-4.5824,5.236,0.7388,5.5673,7.5664,4.4078,-0.8112,5.4445,-7.0494,7.2275,4.1675,-6.5102,9.5818,-8.5799,2.1976,7.6548,-5.0595,-1.3835,1.6543,7.8598,2.7327,-1.7838,-5.839,-4.5995,9.0938,2.1709,1.0989,0.5223,0.0152,-5.7507,-4.7309,3.0171,8.729,-3.2375,6.8413,-3.9539,-2.3907,-0.7483,-9.6621,0.9606,-0.8229,-0.3676,-8.0139,9.8658,-6.6899,-4.7436,-3.3662,8.1387,-1.9125,2.5908,9.3431,5.726,6.8193,-2.9481,1.3978,7.5562,1.0299,-8.2483,9.1683,6.7648,-1.3737,9.0261,9.2022,-5.6987,-0.2053,7.6472,-5.137,9.6989,-1.6321,6.9866,3.98,2.4723,-9.8187,-2.133,1.8344,5.9805,-2.2425,7.1068,-1.1239,-8.629,-7.8714,-1.2992,-5.6278,3.2123,7.7999,4.646,-6.0017,-3.4815,-8.2913,-1.9898,-9.0023,6.4738,2.8648,5.9353,6.2262,7.5384,-1.8886,-9.3162,-7.7518,4.6097,-3.7924,2.9424,-7.6307,1.5982,0.0369,-9.9526,-4.6553,1.0099,4.372,6.4929,-4.7922,-2.4994,-0.5477,-1.172,5.6104,-4.7352,4.2279,-4.2548,0.4472,-1.2769,-2.7344,-9.0572,-7.6877,-4.241,-8.0719,-4.2518,-6.8698,5.2175,4.9165,-4.319,-4.5323,4.6848,8.1494,0.7667,5.1807,-7.0081,5.9311,1.677,-8.2757,6.8679,3.9843,-6.4966,4.3485,-2.3395,2.5014,-5.2408,-4.8823,3.6802,-1.0639,1.3237,4.7882,-7.9728,7.4839,2.0838,2.435
5.3894,1.7767,5.2987,-9.0108,-3.8566,-1.573,-3.7556,4.0605,-8.6064,1.6642,1.2586,-5.8587,-6.1687,3.5681,-4.9462,-8.5868,-1.5002,-0.7337,7.3616,9.828,7.5963,-8.9545,-0.3804,8.2709,-7.6588,-9.6225,5.7403,6.7456,-1.7695,4.7764,-8.7599,-9.8102,1.7255,3.9532,1.7808,0.897,6.3217,7.6886,-9.2428,-3.8207,5.31,-5.3603,4.7468,-3.229,3.1264,-3.348,-4.5319,-5.2804,-8.4193,5.7797,-4.1847,-9.8739,-3.7942,-9.3633,6.1944,-3.5082,-6.4553,-4.113,-5.7053,-4.3622,9.7852,8.517,7.7748,-9.7041,-5.9434,4.5582,-3.134,-3.614,-5.8794,4.8409,-3.878,2.3522,9.976,3.7497,0.8476,6.8248,1.3812,-3.013,-6.5918,8.5959,-7.1084,8.4228,1.7754,-2.8482,-1.7708,1.3937,1.0239,0.4534,-1.1858,-8.1326,9.5671,1.6627,-1.0493,3.3373,-4.6721,1.7294,6.5745,-4.1031,8.6296,-1.963,8.3749,1.8997,3.9523,-3.1237,4.8813,8.5455,1.1943,9.6387,-2.7407,0.0901,-8.4053,-2.3709,5.6647,1.9204,0.107,1.6911,-6.8039,-5.426,0.0858,6.5686,-8.4182,-7.0217,-4.2514,8.3712,-6.1942,4.1074,2.9279,7.3405,-7.1027,-2.2566,-4.9678,2.2693,0.7026,4.9625,1.3636,3.1847,5.3368,-9.5812,0.6088,3.2048,-5.8,7.0116,0.627,2.4056,-6.4989,9.9364,5.6847,-5.3239,-6.3161,-3.1748,0.4613,4.8605,8.8768,-8.2589,5.3452,-9.0201,5.2185,4.8729,-2.5694,1.2959,5.3241,1.5537,-7.1542,8.9764,6.0036,3.9494,0.8669,-6.6717,-9.1213,-1.8106,3.3905,-2.6951,-9.3966,-0.6021,-5.8403,-2.5193,-4.9378,7.8986,0.1467,-8.213,-0.976,-9.3148,-5.8471,-3.3328,-2.4187,-7.4934,4.2342,-3.9842,-6.1023,2.6445,8.4229,4.0753,-8.1263,-5.5341,-8.8476,4.7349,-5.2968,-7.4412,-4.1048,9.9987
1.2188,2.1425,-9.411,-2.8335,-6.8176,-8.9455,-5.0056,5.6067,-6.7079,1.4234,3.3367,-2.1633,-2.2352,-9.4939,-6.669,2.3583,1.4505,3.9192,-0.2431,-6.0392,4.0658,7.2441,-8.7453,-1.3349,-8.075,1.7409,8.3935,2.3149,3.8568,-7.3549,8.0978,-9.4841,5.9378,-7.2265,-0.1654,-4.0087,7.6211,-8.1561,7.4123,-0.2195,-7.8346,7.2447,2.2061,-9.4575,1.1799,1.8365,-1.9768,9.6293,-3.5607,8.5352,3.6362,-5.1403,6.0989,-3.0101,-3.6041,0.2485,7.5221,-1.1958,-6.9177,-7.0787,-0.9147,-1.3526,9.6021,7.0248,7.7454,-4.6159,-4.8592,7.1601,8.335,-3.7273,5.1819,3.686,-8.1015,0.6535,-8.3996,-1.8213,-6.7057,-4.6482,-5.749,0.7561,-4.458,-1.6204,2.7138,-5.8812,-0.6205,3.6602,0.3396,-2.7089,6.4853,9.2903,9.479,-0.3205,-0.7082,-1.3475,8.8518,2.0599,-6.6212,-6.2348,-4.9307,-2.1925,4.0872,5.0273,5.9938,-4.3681,-1.1481,5.7266,-1.5348,7.8248,0.7562,1.7725,5.1417,-5.1894,1.9964,7.6298,-3.5967,0.4954,-2.1746,-2.4274,-4.6927,-1.7182,9.0772,-6.6646,3.9925,1.5736,-3.6789,1.07,-0.5098,-2.5317,6.6329,-9.3786,7.8806,-4.1498,-0.1809,-0.6203,1.286,8.1655,-9.6719,0.3438,7.3082,1.28,-4.4654,-2.6131,-5.0393,3.3558,7.6824,-9.2305,-1.5046,0.4832,4.1531,9.7547,-3.4449,2.875,-4.3699,-3.2159,1.9051,-2.0807,1.7209,-3.1958,-1.3961,9.1287,4.5458,-4.2343,-4.2797,8.008,-9.7661,-7.3833,8.6103,-8.6561,4.696,-0.2359,7.2203,6.0545,7.9011,7.4648,-4.5626,2.784,-7.3037,6.3293,0.2817,-2.4351,-5.7296,0.0977,2.451,-6.4819,-8.4073,2.8807,-6.4385,1.6603,-6.2638,-8.6569,3.084,-7.9512,1.3264,-6.1258,3.8387,2.3425,8.0127,-9.3283,-7.2254,1.0278
2.7532,-2.9538,5.9373,-2.2768,1.8248,2.8344,6.3842,-6.6707,2.037,-2.168,-8.3115,5.2311,-6.6032,-7.0016,4.3556,2.9349,-3.7956,-4.3674,6.3434,-0.3247,9.1077,5.0757,4.3038,-3.4266,-5.1201,-0.8334,-5.3277,-2.8729,-8.4045,4.031,6.4514,-2.3806,2.605,9.7186,-5.0749,6.9623,-1.9777,-0.6357,5.5945,-6.1555,-6.3217,-3.4537,-7.1442,6.5232,-7.7524,7.0233,8.9937,9.4303,-2.8351,-1.9982,2.6995,6.9656,-9.9358,9.8506,3.1484,3.4127,0.0472,7.8104,6.844,-3.3784,-2.2121,3.3825,1.6457,9.6164,-2.49,9.8479,4.4492,9.1155,0.678,-3.6951,-9.4984,5.4391,9.7459,-1.7896,9.629,-5.8116,-2.2317,9.0455,7.5134,-1.4049,-7.7633,4.1766,0.7639,7.0169,-3.0344,1.2832,2.312,-5.815,-8.3863,9.8525,3.476,-4.0103,-5.6555,-4.6587,6.5667,-6.6744,7.464,-9.8713,-8.6576,-6.566,8.2117,4.5622,-8.5074,0.1514,-9.2413,1.9149,7.9119,7.0565,2.1099,-6.988,-6.7382,-4.4623,9.3977,7.7363,1.549,-3.8871,1.329,5.2446,-8.741,-1.5874,6.0762,-4.7885,5.7635,-2.6801,3.3199,-3.7388,0.9342,-7.0746,6.7299,9.8999,9.3508,-3.6687,-0.0162,8.275,0.9536,-0.31,-6.8451,-3.2544,-8.6922,-2.1361,-9.5931,-3.792,-6.6153,5.8643,2.2421,6.2174,-5.323,2.6304,-4.8801,5.1774,-2.0784,-9.842,-4.8693,-8.7864,2.0836,-2.0439,-7.8529,3.0537,5.873,-7.7105,-1.7748,-2.5127,9.4962,-4.8825,-4.96,-1.6961,-3.8624,-2.8255,1.5682,-2.5981,2.0753,1.5182,-8.0457,6.8649,-1.7881,4.9789,-8.4818,-9.2998,-6.3095,6.0099,0.973,9.4358,-1.5536,6.3883,1.6142,6.7778,9.3759,-0.4508,5.493,-5.2254,-8.6974,5.6614,5.7256,-1.9534,-9.8814,-4.0667,-7.4654,-1.7507,4.99,8.6159
-6.1162,-3.9411,-1.1578,-2.851,-9.8201,-4.6745,4.5826,-1.743,8.816,-6.1525,-9.1609,2.5493,-8.5807,-3.7312,3.7495,1.1745,6.6864,-6.4515,2.9178,6.452,-4.5145,-9.2642,-7.6768,-6.9683,-1.5779,0.3739,-5.8536,-5.51,-6.2867,-1.3485,-0.3297,-5.3268,-7.9589,-3.0617,-5.6956,-5.5038,-3.3107,-3.6589,-8.9635,-1.9501,7.2571,2.1981,-2.108,-6.1724,9.3949,-7.9847,3.5836,-9.3434,-4.6403,-0.9815,-7.6642,-6.6433,4.2452,0.2204,-9.3756,-0.8366,-4.6989,0.7825,1.8997,8.5944,1.3148,8.6569,2.8951,-2.5397,5.526,-9.6585,1.4466,-1.2447,-6.6725,7.6047,7.1781,3.2916,-7.911,0.5093,-5.4433,0.9005,-2.2324,-7.9495,8.9944,-3.4845,2.8484,9.6933,5.0556,0.9708,6.3632,-3.0484,-5.0711,7.4849,2.3643,-1.97,7.0174,0.5334,9.5965,-6.7458,-3.0932,-0.6988,7.3831,-4.9401,-0.667,-3.5122,2.9189,5.3874,7.8826,0.6928,3.4088,-5.3645,-7.7939,5.1985,-2.1014,-2.6441,5.3303,-1.8155,9.4983,1.2112,1.9671,6.7164,2.6626,7.2874,2.2962,-7.8953,-4.1856,-1.2193,8.6517,-7.7655,9.1899,-6.995,8.4189,3.1737,8.5899,-4.2726,6.3902,4.7979,-7.5037,7.9613,-2.6174,-8.0984,1.873,-1.8125,6.9422,4.1177,-2.5423,-5.5385,-2.4149,3.7158,-0.7796,-1.4657,0.7949,0.495,-3.2399,6.9071,9.6644,7.4217,0.3305,3.6982,6.6569,6.4284,7.8885,-5.4439,3.4609,-1.9354,7.5927,7.8831,-3.4696,0.8295,9.4297,-8.8567,-0.5101,3.9995,-6.5329,6.5306,6.0777,-1.4376,2.7131,-7.0118,-3.7325,7.8635,-5.4006,-0.4449,7.1536,-7.9682,6.3033,-9.7437,5.5189,8.291,-5.0768,-5.2289,-4.3332,0.7303,-5.0568,-8.8153,-7.6637,4.7763,-4.3359,0.4204,-5.8896,-6.0779,-5.0702,6.8541,2.8523,-1.1514
7.4067,-8.7152,-9.3259,-6.2189,-4.1026,2.0383,2.2337,-4.2842,3.6468,-0.1801,-4.226,-0.6504,4.9609,2.99,-3.7633,-0.1642,8.1238,8.1586,-1.6065,-3.1442,0.4302,-6.6133,-7.6982,-2.5864,1.7598,5.3606,0.9119,1.5524,7.3776,0.5253,5.5077,-1.5327,5.2446,-7.6821,-2.7999,5.793,2.4572,-0.351,0.3756,6.5489,-7.2444,2.6261,-5.3048,8.8773,9.7086,5.8783,-3.023,-6.9232,3.1145,4.8812,5.8167,0.8849,-5.1304,-9.0823,-6.2331,2.5701,-8.1834,0.088,-0.1536,4.5762,-6.2686,1.9487,-9.0951,3.1962,5.4643,-7.7764,-7.8425,-9.0853,-4.4779,9.8325,-1.592,-7.6086,7.7221,-4.4002,7.4258,-5.7978,-7.0856,9.9228,5.1254,6.2348,-3.9163,0.7029,-4.1521,-8.2696,-1.2738,-3.7945,-4.6796,-6.716,-4.3586,-4.8343,-7.5671,-5.6548,-0.6973,-9.5004,-6.9959,-8.5431,0.7803,-0.6626,9.2805,3.9591,2.4306,-6.9322,-9.149,-5.5722,5.6469,-0.967,-0.9545,-4.4226,2.6658,1.9177,5.954,6.8305,-3.2112,7.3356,5.9458,6.1721,7.8336,4.9278,8.3251,2.8265,8.6911,6.8069,-4.2347,4.7929,9.1353,-3.9144,-7.2043,-6.4304,-6.8466,9.04,3.4687,-1.9498,-0.9766,-8.982,-7.1827,7.9944,8.7192,-7.1366,-0.1939,4.6157,2.1242,0.7938,-3.2322,-2.459,7.2459,-0.0944,-6.7591,2.1018,1.8997,-0.6051,3.9756,-1.2133,2.1453,3.1675,-3.4439,1.1746,1.4641,0.7895,0.4033,4.3567,-9.8563,-8.403,-2.3697,1.9387,-4.5029,5.1506,6.6587,-2.4944,4.7112,-9.4495,3.2158,0.2706,-2.5007,4.7973,6.1554,9.9366,-2.1638,0.1481,2.2706,-9.7012,-2.7092,-6.9314,-5.0144,-6.0719,9.795,0.2263,5.9289,-9.986,-4.8676,-8.5059,0.7491,4.2641,9.949,7.0684,-8.843,-9.7279,3.0411,-3.6756,-8.3645,-9.0909
-5.6572,3.9821,7.4406,-9.0319,4.451,-5.9833,6.2457,-4.5162,-5.7177,-6.5483,-1.1829,-9.5627,-8.794,3.4683,5.5804,7.5671,-2.3229,0.7662,-7.7333,-5.1812,-4.9253,-3.895,3.2693,6.9112,3.0122,4.4077,8.8167,-0.8427,-1.9182,3.0289,-1.8112,-2.0817,-2.1997,2.057,3.2967,-2.1582,7.8789,7.1612,9.1601,-4.5189,3.5222,3.4078,-5.7532,-1.3079,1.985,-2.2279,3.1756,-2.5072,6.8189,7.5178,-9.7046,3.415,-3.5776,-7.2799,-7.2586,3.7938,-7.2323,-6.7091,5.5154,9.503,5.3679,8.9156,3.6259,-7.1321,-7.0351,5.0273,2.4932,-4.5279,-2.8915,5.6063,-0.1458,9.6666,6.042,-6.7846,-2.7899,-7.9155,8.4731,-3.7789,-8.4852,7.7736,9.6238,8.3168,9.1914,-1.5003,-1.7065,-0.7753,2.6621,-8.1937,9.1261,3.2492,-0.5071,1.8176,-1.2143,-2.4546,5.915,-4.2175,-3.4596,-3.2214,-9.5023,-5.8535,-2.5044,7.2992,6.8058,-9.8017,2.7233,-7.7455,5.473,3.6546,1.8262,0.2194,-0.0031,-7.9988,-4.2865,-7.8423,0.4123,-0.9395,-7.8475,-8.1813,-9.728,9.321,-1.2985,1.2073,0.3579,9.6513,1.8569,-7.7157,4.0317,-0.3193,6.5993,-8.4799,0.3205,4.9424,-2.2829,-7.0303,-0.3858,1.5482,8.5619,5.5896,5.0351,7.4806,-1.1803,-7.6027,-4.8034,4.2359,-5.1446,-4.6967,-9.5357,5.3223,-8.5194,-2.6594,1.6547,3.7659,4.9345,-0.226,-0.7469,4.1884,6.1506,8.8732,5.7585,1.202,7.4986,-8.9627,6.5907,7.8156,-1.2136,-6.6939,-5.9326,2.3384,-2.1798,-4.7026,-4.5481,3.5628,-2.0155,-7.1589,-2.1313,-2.3473,0.4313,6.2427,-8.8575,-5.5181,-3.9161,8.5479,-8.9371,4.7422,3.3151,0.4597,-5.7329,8.5271,-3.4661,-9.5292,-2.4271,-3.7955,7.8042,-3.6007,8.3945,8.385,-2.7696,-4.0811,6.6257,1.3108
-5.2778,5.348,-9.8251,8.1854,-3.8706,5.8971,0.8585,-4.8028,-5.8432,-2.9718,7.3128,-9.8628,-0.913,3.7641,-7.2034,1.8288,1.0743,1.2022,-3.0693,-8.7145,3.4711,5.6771,-7.2435,1.4122,-0.2369,3.0676,-2.4615,-2.293,0.9922,-8.3881,5.7447,-9.2951,-9.7855,1.0471,-6.5861,2.7732,4.7407,4.323,2.4421,-7.6015,7.4083,9.7067,2.5197,9.92,-2.4497,-9.3671,-2.6329,2.1835,5.4303,-3.6524,6.2699,0.6253,-8.2728,-4.2096,1.4309,-0.4696,-6.6004,7.5228,2.8214,-9.9494,-5.3713,-1.6976,0.1076,1.9971,6.3694,-8.7149,-0.7499,-4.5733,0.426,1.1166,2.8911,0.5373,-4.6113,3.5673,-3.397,-8.0622,5.0515,-8.2289,-7.1084,9.541,-1.0789,-2.0282,6.9795,-1.2075,-1.5878,1.1729,-2.5545,-0.9226,-6.2527,-1.94,7.0264,6.6482,5.8975,-4.911,-7.3007,0.4421,-8.2964,-2.977,5.5773,9.3163,-2.7482,1.0693,8.0987,-7.8301,8.9733,1.1103,3.2843,3.0355,-5.1403,-1.224,-4.3117,-7.8508,-7.7449,9.8124,7.0151,-9.5425,9.7084,3.1699,8.496,6.7791,-6.6606,-9.9421,-2.8873,-4.3321,-2.6201,-6.571,9.3862,0.0231,8.7866,-8.3294,2.1211,3.5683,2.8429,-2.4951,-7.4352,-9.269,-9.2149,0.526,-2.3065,-6.3657,8.374,1.7457,4.9482,9.3004,9.8656,-8.8534,-5.4507,-8.9717,2.4328,-8.4313,6.1859,9.5645,-9.0507,1.3007,6.2887,-1.7872,-4.7112,5.7474,0.6077,-5.8218,-8.8318,-8.6717,-1.9402,8.4589,6.8107,-4.1261,8.8232,-3.6422,8.6976,-6.3951,9.769,-8.0463,2.6439,-3.97,3.0558,-1.9046,-4.3989,1.2747,-2.9004,-2.9106,6.7678,8.3617,-8.8295,1.6493,0.0256,8.7321,8.9305,1.9834,9.8045,-9.5295,-5.7531,-7.195,6.8861,2.6008,-7.0443,8.0785,-6.8756,-5.0948,-4.6865,-9.5334
0.0998,-9.9738,6.1022,-3.2113,-4.0813,8.4655,5.8979,8.0576,-7.1171,-9.6737,0.201,8.2213,5.7065,-0.0768,-5.1064,9.6777,9.9649,-7.7258,-5.5568,-4.3881,-4.4381,5.395,4.0877,-6.5819,5.2066,-5.6098,-9.5756,4.3111,2.392,4.5,-8.8869,-0.3207,4.0733,7.8763,6.5873,5.2132,-8.8288,-9.924,-0.4554,8.6372,4.6332,9.5477,-6.1067,1.0839,-2.7993,-3.3299,-0.0645,-1.1868,-2.29,-6.4202,3.5503,0.5685,-1.3482,-7.6507,5.2574,-7.3235,-1.9018,-8.7586,-2.7665,-7.4199,6.3068,-4.1779,0.1989,4.511,3.7195,-8.3497,9.5823,-4.1983,-3.0398,2.3706,2.5592,-8.6674,-7.5094,1.2083,-9.9301,-6.4741,0.111,-7.1902,-5.474,-0.0089,-3.6635,-6.9574,2.5512,-1.7024,-1.3222,4.3236,-4.6894,6.1391,-2.7396,7.957,-9.6456,1.4094,6.7424,-7.1718,-2.5487,7.8137,2.8787,-5.4395,-2.4575,-5.0019,8.0654,6.2296,0.7148,4.5132,5.2089,6.5525,-8.9568,-8.4123,9.2686,-3.9094,-9.8722,-6.0634,6.3563,-0.7428,6.9874,-2.3666,2.7022,-3.1439,-4.4379,-6.2387,0.7001,-7.2938,-5.3582,-0.695,-4.4457,6.6632,-5.0365,3.2722,-7.6119,1.7058,-8.0195,2.2929,4.2252,-5.1789,4.6969,-6.5506,-8.6744,-9.2423,-9.7018,-9.5129,7.4043,1.7638,8.4037,5.615,6.7019,5.4562,9.7739,6.2759,-1.8146,1.3386,5.7427,-2.2296,-8.6597,9.5523,4.1277,3.7957,6.7338,-3.1372,-5.9289,3.8649,-1.2052,6.5068,8.0024,2.4782,0.2917,6.5467,-0.2132,-7.9715,-1.0851,-0.9324,-8.3942,-4.3781,-5.2853,-4.959,-6.1363,-5.5584,3.0272,-4.5569,8.3831,9.0111,-9.3278,-3.7281,-1.2214,-0.134,2.1584,6.6636,2.5787,-4.3196,3.0205,2.5634,-8.9166,0.3801,0.9391,-6.0046,8.2225,7.0166,1.4433,-3.6552,-4.3877,-7.8055
4.5462,2.9303,2.1708,-2.2219,2.1983,3.3363,-6.4616,-0.5063,-6.1072,-6.3315,8.711,5.476,-3.14,-6.9391,-5.221,3.8349,5.3562,4.0423,9.3982,-3.2063,-7.3692,0.7925,-5.3606,1.4683,1.9413,8.3417,6.6001,2.0588,6.1061,-5.7035,5.9825,-7.9062,-6.3477,-7.1013,-5.3459,5.6736,1.5427,-0.2729,6.8853,6.1041,-2.5477,-9.7305,7.1799,0.5797,-1.669,-9.9762,-7.6414,-4.3402,5.1284,-2.9001,-3.3616,-6.8099,-1.7236,-9.2522,-9.1452,-7.1002,-6.8552,-9.2433,-7.76,-4.0895,6.8567,3.5554,5.0202,6.7122,-4.0798,1.833,2.3856,-1.464,-2.1379,-0.9514,9.0566,1.6241,-8.8408,-0.5896,9.4867,-6.7181,2.1796,-8.4108,3.4567,-8.8382,6.6648,-3.0809,6.6772,0.1591,-0.4346,8.8706,7.5197,-3.3745,2.1166,6.8464,-0.1193,-8.5519,-1.9074,-6.2126,-9.6736,4.9665,-6.3425,-7.3376,-5.3259,-5.171,6.5049,0.4017,-7.6404,-7.9815,6.3613,8.859,-0.0962,8.8315,9.3005,2.055,7.8751,-7.458,-4.4663,-2.6475,-4.9086,1.5842,6.3811,2.7614,-1.2628,-2.0572,-6.9239,0.0463,5.0762,8.5267,-6.1645,-8.4833,9.6241,-5.8201,-4.4656,-0.407,7.6268,-3.7658,-3.3023,6.5193,-7.8037,0.4125,-5.9648,7.01,6.8258,-9.3026,3.9106,8.2845,4.5608,-5.9131,-2.8989,-0.4734,5.6177,-6.2106,-8.4237,-9.6589,4.7294,-4.4283,0.8517,3.9631,3.3519,3.7701,4.3529,-0.9704,-2.5491,0.6409,1.3331,4.0249,-6.4588,4.2703,6.5738,4.1178,-4.4665,-3.0751,8.0922,5.1665,-3.9821,-4.2131,-1.2234,2.0183,4.7476,1.238,-8.2651,-4.426,-4.8172,-0.9369,9.2233,6.5491,6.8201,-7.1081,-3.6238,7.8866,8.7928,2.2144,-5.6083,-5.2002,4.2644,-6.149,2.7147,9.7812,0.3052,-2.859,7.9945,-5.7706,0.0855,2.0394
-6.1841,-0.2332,5.6683,-8.1401,-7.4424,8.0272,3.7445,8.8331,-2.0274,-1.3212,-8.752,-5.1707,2.4559,8.6338,-4.8992,-3.1723,1.1194,-2.4567,9.2374,-8.1979,0.1902,9.9859,-6.1744,-6.5338,8.8098,6.4522,-6.7964,2.1861,-2.6602,7.4114,9.1227,-5.6315,-5.5326,-8.8798,2.4642,-1.7421,9.8713,6.6289,1.6744,7.3371,9.1427,-5.2636,2.3847,1.379,-3.5197,-4.6347,7.829,-9.5091,-3.754,-8.8241,0.4967,-1.5334,4.5587,4.286,0.1867,6.0923,7.1685,-5.2434,-7.0131,1.4653,-7.9453,1.0525,0.319,-2.1327,2.3987,-2.0107,5.3061,4.6938,-3.0898,0.5613,-3.8835,3.1506,-0.8429,-4.519,-0.9909,-8.8046,1.5186,7.9068,-4.6588,4.2971,-5.5143,-5.3508,6.241,5.837,-3.6467,1.5202,1.5567,-7.6096,0.5254,5.6217,0.7081,-4.0647,-0.2749,8.9325,-6.3799,7.3394,8.5656,1.8459,-7.9563,7.3083,0.44,-8.9926,0.464,-4.7266,-1.9132,1.3228,5.152,8.0713,4.2465,-1.3497,-9.8584,-3.2997,3.3076,-4.0005,-2.4982,-6.5948,-6.3147,-9.8365,-0.3732,-9.5716,2.2672,-8.1571,8.2674,4.8131,8.2026,6.8244,2.7348,9.1085,2.188,8.0976,-4.4191,-7.1962,1.7357,-8.6798,7.1706,-6.6896,-2.8218,5.0794,-0.1626,-4.8219,4.3906,-9.2106,5.5068,7.4329,-7.3122,-2.6386,2.524,2.1111,-7.8744,-4.3914,6.0841,8.3331,1.3451,5.7069,6.9431,-2.567,3.3568,7.6644,6.7722,-0.5761,9.9728,1.7731,1.18,6.1373,-0.4753,6.9045,-7.7627,-0.7018,-8.083,5.2146,-1.0395,-9.9465,-6.9787,-5.9194,3.7861,2.4292,-8.6295,9.7292,-5.6382,-1.7781,-4.8986,-3.6607,-1.5889,-9.2733,2.9552,-3.7586,6.4981,-0.818,-0.2263,-0.4396,-8.8615,-9.7053,-6.9302,-0.2421,0.1618,-7.0695,7.2907,-0.326,9.2257,1.6047
-5.2876,-4.6653,0.3533,1.0725,1.0155,-7.6132,9.0991,-8.4092,5.9943,3.5172,6.7332,-0.5258,7.6824,-9.8651,0.9024,6.5399,-1.7619,-9.642,-9.8464,-9.601,-9.5323,7.3626,-6.3107,7.5467,-5.9215,-0.9651,4.6853,-3.0235,5.2482,0.9607,7.446,8.872,3.3854,-2.1988,-6.0396,-1.8458,7.6352,-3.1143,-4.3385,0.2797,-1.2498,-5.9919,-6.0076,-4.5487,-2.8852,-1.4484,6.7208,-7.4195,0.5488,-2.6555,3.8914,-5.4275,2.6132,-8.7815,-2.2612,-2.2832,9.0012,-8.7772,6.9793,-0.883,-5.9082,-6.1355,-0.4827,-5.1545,5.7369,9.2588,-4.0783,-6.6255,-3.3588,7.9556,5.3987,-7.1577,-4.0215,-1.7002,8.8622,5.0385,-5.1837,3.698,2.0266,8.4015,9.2494,4.7925,2.4588,1.6055,-3.3321,-3.9697,4.0981,9.7804,0.2534,-5.6149,0.5602,-5.0247,-6.06,5.9106,9.5178,2.3016,-4.8985,-7.9924,-6.0441,-6.1972,6.6544,-0.2478,8.7523,6.096,-3.4471,2.629,-7.2861,-2.3953,4.9054,3.9879,4.918,0.7741,2.2875,-1.5657,3.1228,-1.6996,3.9371,-5.0995,-7.2692,-1.1482,-8.584,8.6262,-1.6761,2.0243,4.7258,7.5311,0.1322,4.8502,5.1261,-3.2962,-5.4466,-5.1827,8.7187,3.5473,1.6781,4.1286,0.786,-1.3857,4.5456,-1.5973,5.0629,-6.4012,4.4946,-6.2872,6.7044,2.7419,-9.0533,8.8922,-2.5215,-1.5946,1.7607,-2.9731,7.2851,-6.9639,-2.4061,-1.4029,-0.6612,-1.0473,-1.5867,9.9049,9.86,9.6346,-7.1263,1.24,-3.8483,-9.7816,-3.8976,-4.3746,0.6754,5.5134,7.107,0.1766,-1.9352,-8.1634,-1.6177,-2.3881,2.4267,-1.4854,3.7912,0.1782,8.8897,9.9481,-4.593,-1.4973,-5.8202,-0.628,-8.7293,-3.3604,4.968,4.1521,-6.6579,-7.9398,-3.4531,-8.7428,-1.9731,-5.2162,-8.0815,-4.2594,7.4788,-2.0546
9.7595,-4.6241,9.3749,3.8794,-9.8816,-5.3073,-9.3472,-0.522,0.1562,-9.2803,-1.4625,-6.5486,7.4621,8.3665,0.7419,-4.6238,-1.8292,-5.6368,-1.6156,-1.4738,-1.3175,0.1917,-0.1149,5.237,1.073,-0.9665,4.3838,8.9648,-7.2364,-0.7824,-2.8306,2.7355,-9.8015,-1.9879,-4.0673,0.6286,5.4916,-1.2462,8.1904,7.5114,-2.1146,-4.4103,-6.6584,-0.404,-9.5805,2.7241,6.6326,-2.8216,-5.8126,-5.9374,7.3318,-1.4378,-3.9097,4.4847,-1.8124,-7.5166,7.3158,8.9478,-0.7129,5.096,-4.3857,-5.1316,-3.698,-2.8873,7.6896,-0.9714,9.0959,6.4718,-2.2622,1.4751,0.0179,-1.1823,1.4302,1.6917,-1.8393,8.5533,4.8589,0.0243,4.3195,-3.5008,7.573,4.1695,1.2133,-6.4975,-3.3991,-9.8493,1.3423,-1.0463,-9.4215,-9.0822,-9.0396,5.6369,5.5873,-1.2291,7.1084,-3.7889,-6.158,8.3207,9.447,0.7409,-8.0273,-1.3728,-4.9764,-3.0737,-4.4349,-8.5729,6.3218,-8.3272,6.9219,5.2722,-3.333,-1.8824,-8.124,-7.0008,4.5343,-7.761,8.3914,-1.7659,5.7702,9.3106,-8.174,-2.5464,2.7756,-1.9812,9.6109,-8.9131,-5.8955,0.1334,-4.0688,8.8934,-2.2709,-1.3102,-7.3875,-8.0786,-5.3578,-2.6021,-9.4688,-1.6369,7.2794,9.946,-9.5737,3.1734,9.7945,5.9569,-2.3974,9.2059,-8.8961,6.8839,-5.274,2.0878,1.8089,1.4137,-9.2102,-7.3768,1.6182,-5.791,1.1589,8.2538,3.6054,-9.9955,-1.0482,-7.7188,8.8631,-8.2503,2.304,-3.8529,-6.7112,9.981,-2.0018,-8.1065,8.3373,-7.5422,-4.0067,-8.4695,-6.1418,1.2329,1.6235,7.0128,-8.8519,-7.7283,-9.0876,8.8402,-8.5458,-0.2159,-0.9596,0.4769,6.5837,-0.1494,-6.4366,-7.7192,-6.1486,5.3306,-4.54,-0.1011,3.1098,-9.158,-3.3718,4.3082,-3.4067,-8.5615
1.9833,-6.9353,2.9013,-0.0253,8.6208,-2.2627,-8.3505,-3.282,6.7271,5.6859,-5.6652,8.5582,-8.0693,7.7911,4.534,-4.7138,2.2179,-4.7582,5.925,-9.9964,-1.3358,1.4783,2.615,-0.7554,3.8346,-6.9189,-5.3171,-1.0109,-1.5677,-2.3538,5.4176,-3.7305,-1.9987,-8.4137,-1.4725,2.2851,5.1464,-3.7432,-0.8889,-7.6084,-6.5847,-6.8277,-7.1173,7.6959,-3.3704,-8.7288,-9.7816,2.9687,9.4649,-6.634,-3.17,4.1996,-0.6298,-3.9011,5.232,-0.5631,-3.2621,-9.6771,6.4052,-7.404,0.0044,0.9319,-9.9262,-3.8607,-0.6815,2.8741,2.7597,-2.4461,-0.9491,-5.4321,-5.1595,6.9344,8.7231,5.5982,0.1998,-7.6539,3.7319,4.5421,-9.8785,-2.6523,-6.6959,-3.788,-8.3701,-2.9855,-7.5836,5.3421,6.1926,5.1582,3.6879,3.2955,-0.6033,9.3062,-2.765,-0.176,5.68,-3.1445,-7.7975,-8.749,6.3368,-7.2655,-7.4263,-2.2628,-1.3432,-4.5547,-8.8688,-1.3381,2.7807,2.7328,-0.9983,-9.455,-3.7438,8.8992,-6.9502,7.8903,-2.1695,-2.0434,-9.1383,8.657,-2.0528,-1.6245,-0.7777,-1.0167,-6.1973,-9.8441,3.1253,-7.1291,-5.8302,1.4091,-6.9185,-3.0112,-2.2776,-5.1322,0.0641,-3.9242,-6.8887,8.9986,5.5574,6.6278,4.3039,7.1283,8.1972,6.8991,2.8896,-4.7142,7.631,7.8928,5.0292,-5.3226,0.4122,-2.7777,-6.0711,-0.734,9.0407,-8.9507,-9.7489,-4.4925,9.6828,2.6183,6.3622,1.9327,5.9647,9.7901,-6.8649,8.2731,-3.2433,-0.4614,6.4026,-1.4571,2.836,-6.1525,-9.8048,0.102,8.2708,-3.8597,-2.7049,-4.5051,-6.4718,-7.2976,0.6852,2.7259,-8.018,0.4311,3.1429,8.0941,0.0785,5.654,-8.2919,0.5436,-0.5217,0.767,-7.7084,-6.2382,-5.3235,-0.2766,7.0114,-5.2654,4.653,-2.7291,5.1285,3.5277
-7.9999,-0.5315,-8.3948,9.1769,-7.7081,-3.56,4.2996,8.5211,-6.3815,-6.1237,-8.5747,3.095,2.2135,-7.44,-2.8602,-3.5244,6.3445,6.9878,7.5252,-8.7006,-6.5544,2.0538,-5.0338,-5.3603,1.3701,-5.9521,-9.0139,2.2592,4.1085,3.3493,5.2332,-8.5321,-9.6262,-3.2183,3.9357,-0.5626,8.5716,7.8729,4.1395,-1.9462,-0.292,0.9118,7.6324,-3.0842,-1.5141,-3.794,1.9608,9.3163,-0.2062,2.3145,-5.1583,8.8621,-7.4274,0.1798,-8.9529,9.8042,-2.3829,0.3393,7.8112,-9.4552,-9.0666,-3.172,6.5517,2.6155,5.4237,-4.1392,7.5056,2.7551,5.3955,8.7775,0.4197,3.461,-6.7158,-1.3348,-6.6149,-3.0533,8.7396,2.1681,4.4033,-8.366,3.7917,-0.5561,8.8995,-0.9666,-4.0294,-8.7463,-0.8216,-2.1216,-6.3187,8.2955,-8.6993,-2.2102,4.0177,-8.9508,-8.0958,6.441,7.5628,-7.0861,-5.5224,-5.7759,4.0148,-8.0112,5.6031,3.4442,-3.4482,-4.6651,-4.8437,-0.8634,-1.1254,8.5308,2.4372,4.3062,-1.0682,-0.5838,8.2356,6.9549,6.3124,7.1587,9.8922,0.6642,9.0889,-6.7124,-2.2804,-0.1602,1.9863,-3.7364,-9.8508,-1.9995,0.2351,8.9637,4.4933,-2.0881,9.5319,-4.4786,0.73,-7.2695,-7.9482,-4.0936,3.385,-4.2816,-0.3805,-6.2083,-1.5949,0.0357,0.686,9.6988,8.1226,-6.1863,-2.2917,7.3785,5.0124,-9.6127,0.2907,-8.2261,-5.1765,4.5073,9.9934,-3.1654,3.5975,4.1246,7.8845,0.9093,5.7807,-4.5009,1.3517,4.604,-3.9816,9.5134,6.9569,9.0743,8.1286,-1.9226,4.5513,0.0808,0.4311,2.1218,-7.307,-6.7265,-2.2698,7.5453,-6.6501,-9.581,-9.5418,7.9791,1.3592,7.0796,1.1475,-7.4363,-1.9671,6.4886,-9.8001,0.4502,6.2364,3.841,4.5055,-3.5609,0.5662,7.1355,7.6355,0.386
-7.699,8.0383,1.448,3.0382,9.4545,-9.2078,0.1187,8.5084,-8.0722,8.4223,-4.0568,4.4378,7.4669,-5.8362,-1.5951,2.7084,5.5879,2.4314,9.5791,-6.3464,1.2214,2.2012,4.5764,4.4827,0.5819,7.1544,9.676,7.9324,5.5845,4.321,-7.2629,8.3873,9.1641,5.8423,-0.9066,2.8622,-3.7468,3.9802,5.0375,-4.3462,-3.7715,-2.7267,0.489,5.8279,-8.5246,8.1842,-1.0223,8.4833,6.0531,-3.2234,-5.9656,9.0498,-8.1115,1.003,-5.1535,5.4702,-5.363,-1.3376,-7.9465,7.7146,-0.6883,3.8322,6.314,2.5178,7.1297,-5.9509,-0.2561,-4.4596,-1.2734,-6.494,2.5562,-2.4292,-1.0857,-9.7615,-8.0849,2.793,0.1151,5.8164,-9.5212,-7.4607,1.1232,1.9551,-1.9676,9.6202,-7.7517,-2.5422,-5.1143,-2.8043,1.6053,-9.0766,-4.5604,7.3097,7.9257,-9.766,-0.5039,-3.1828,-0.432,7.8528,5.3993,3.8728,-4.3119,8.5594,1.4924,8.042,3.5799,-4.9631,2.0576,-5.5169,-1.0392,-3.717,8.3142,7.0911,4.4354,-2.9877,-2.2606,-8.1827,-2.0537,-9.1135,2.3547,7.1689,0.6861,5.9805,-6.0123,-2.1435,5.9538,-9.2524,-1.9084,6.9203,-0.0075,-2.4741,4.299,2.8889,4.6057,4.5719,-7.5884,6.4433,-5.6429,3.7872,-7.1055,-6.197,4.299,-7.8208,-1.5544,-0.7896,-3.4884,-3.965,-6.1555,7.3656,8.0788,5.6288,6.7208,-9.0235,-3.8543,0.0722,6.808,7.7369,-6.2979,-9.4684,8.5231,-1.725,-5.166,8.0428,-5.4988,8.0513,-5.7226,-7.8075,-9.0599,-3.3207,8.3467,4.2856,-6.9924,-5.3601,6.9397,3.1314,-2.7706,7.6558,2.6712,-9.0674,-4.2763,3.4993,0.6949,8.6661,-0.3579,-9.335,-9.3374,9.6899,-3.9197,-7.0758,5.9504,-5.2479,0.1148,2.7335,5.5957,8.9159,-3.0347,-7.6582,-7.2939,7.9607,5.5004,5.4252
-3.263,-6.057,-7.2037,4.0181,-0.5972,7.2553,6.6578,-3.3663,-9.675,-0.86,0.9143,-1.5546,-2.4244,-4.0667,6.9335,-8.9855,-8.3453,5.5055,9.9282,3.9566,4.0926,2.2119,2.3851,5.0606,4.7152,-0.3017,-2.1292,7.6879,-6.8669,-0.3167,-1.2968,-2.5801,-0.1186,-7.8469,8.4245,-0.1344,-1.1493,-9.9304,-3.8028,-9.5627,-6.8572,-5.6279,8.3617,8.8323,4.2968,1.2626,7.5996,2.0259,1.752,2.233,-5.0994,-3.3591,8.667,-7.6466,2.023,-0.4679,5.2891,6.0047,6.9915,-1.0971,9.3138,-2.5027,-1.0528,-5.761,1.4182,5.589,-0.5719,0.3182,-3.7902,5.424,-9.9423,6.7201,3.0388,7.8731,-8.094,0.0962,8.1542,3.9093,8.6542,6.4103,0.3063,8.3193,-6.1462,5.1614,-3.19,5.3408,3.9063,2.6067,4.2806,-4.5487,-0.4413,6.3878,-2.9767,-3.9144,-4.9349,-3.7887,6.3279,3.216,-6.347,-3.8562,-9.3188,1.4881,3.3045,-1.1171,5.1396,-2.6655,-2.0602,-3.6342,-3.9809,-9.9097,8.8733,-1.1887,5.0626,5.543,-1.7112,5.5879,2.8892,-9.9613,-0.8066,-8.6726,-2.2823,-5.5281,-1.4414,-4.1798,7.0327,-6.4991,-8.9443,-6.6363,7.8811,-6.5392,0.0496,-9.8375,8.7703,5.7775,1.0253,2.1848,2.7874,1.7689,7.3987,-7.8537,-8.9777,6.2002,0.4679,-2.025,3.1097,-0.8844,5.3856,2.1209,0.5614,2.0984,6.9627,6.7866,-8.8933,-9.1387,8.6161,7.1865,6.7461,-2.3736,-4.6719,1.5436,-6.0283,-1.8164,6.8517,1.2532,7.4923,1.7628,8.3581,-9.4102,0.4171,-8.9832,-9.4507,6.4604,-2.8473,9.9257,-7.4191,7.5817,7.2834,-1.0194,4.3332,-1.0862,-9.994,8.7613,5.0611,-1.1566,-8.6807,3.3784,-6.7037,9.1137,-1.117,7.563,2.005,-7.8567,-2.708,0.0239,-1.9693,-8.4129,5.3186,-7.875,3.0407,8.1452
-2.7345,-5.8322,-5.1905,-7.2262,-0.8042,2.9129,-3.4335,8.9265,9.4297,-6.6184,-5.8099,3.1049,8.0341,1.9026,4.5758,4.6888,-2.5386,-9.4776,-1.6534,8.027,-9.2577,2.8662,6.8889,6.9868,-5.2231,9.7708,1.3948,-3.4365,-9.8075,5.4942,9.3971,1.8323,4.2575,-9.1399,-7.2043,6.4491,-2.619,-4.7514,-0.006,3.7227,5.6361,6.3295,-6.5377,-2.1113,-8.3353,8.6564,-0.4534,-5.951,9.9352,7.5635,-0.7237,-4.7963,4.395,-9.6919,-9.6219,5.9079,9.322,3.4206,6.858,-5.6819,8.7925,4.2659,8.6714,1.6225,-9.8899,-6.718,1.068,-2.7272,0.555,1.6421,-0.8621,-4.8311,7.4181,7.1442,3.7575,1.3111,-6.6833,-3.2636,2.4411,-0.7438,3.8606,-9.9943,-9.2747,9.2402,-6.1243,3.136,7.9721,-3.4869,-3.287,-1.5482,5.6011,-5.031,9.7276,8.1968,7.54,9.9462,-8.6778,7.3769,6.5326,-0.8604,4.3171,-3.8532,1.1338,-4.5162,7.8686,-3.3,5.5742,-6.1164,-2.5577,2.7483,0.2718,1.9075,1.8279,-4.0053,3.1646,-9.2942,-6.781,0.9972,-5.7921,5.5077,9.191,-9.4081,3.2371,-9.5113,7.18,9.8964,-9.2414,-7.603,-7.6913,4.2613,0.8655,9.2244,5.6949,-6.5559,4.3472,-0.889,-0.6612,0.6781,-8.5874,-0.2579,2.7983,-5.3894,5.6784,9.3237,-2.0428,-4.7774,-2.1146,-5.0469,-7.2981,-4.8047,-9.0523,2.8618,1.9447,-5.5813,-8.7502,-6.1726,-0.7131,-3.4142,8.9526,4.5805,8.0786,-5.8786,-2.7734,-5.5654,-5.3935,2.878,3.3101,6.0273,4.0994,5.2834,9.5533,3.0626,-8.3669,-4.5984,-6.0214,-5.8116,7.0048,9.5724,-0.9969,-4.643,6.008,4.1113,1.5353,-1.2053,5.6971,-7.0076,5.8378,-9.001,-4.6238,-5.9877,1.4708,-5.2505,5.2479,-3.036,-0.074,-0.9783,1.2896,4.645,8.3433,-7.7582
-7.4905,-3.8157,-8.1052,-9.3684,0.5415,6.4775,4.3894,-4.7942,-4.9071,3.1742,-3.3975,3.0178,-0.5175,9.9718,-9.0083,0.8242,-3.8637,-8.8894,-4.8746,-5.2344,9.8092,6.8301,-3.8705,-0.715,4.3126,3.4103,-8.3546,-8.635,-8.2612,-1.455,3.4808,-3.1731,5.0469,0.4773,9.8941,-6.3819,-7.2264,7.6557,-3.483,8.6008,9.1361,-7.897,-6.0649,-3.1342,2.9335,0.0575,-8.5341,3.3318,-8.1047,7.8012,-6.3067,0.9495,2.2551,7.1006,-9.7525,-0.0821,-1.0221,4.5235,5.6796,-4.9815,2.8826,5.9049,2.159,-5.9508,-9.5478,-5.4028,-8.6473,2.1379,0.6249,-3.286,7.5217,-1.0696,-2.6592,-6.5276,6.1696,-6.7192,4.6451,-2.3262,-8.1924,9.0225,-8.9019,3.4608,7.1105,-4.4539,9.171,7.1792,-9.2497,-9.2427,2.7353,7.2102,-4.1848,-1.3367,9.0818,-0.2666,-9.0301,2.4922,1.4169,-2.2896,-4.6258,4.7891,6.0017,1.2737,-3.2006,-8.1304,-5.4226,7.458,0.5173,-4.9767,5.0419,-1.1319,2.5239,-2.2763,-3.5791,-8.9247,-5.1883,-0.3876,7.4586,-3.75,5.6921,-2.5271,-3.8697,-8.0543,-4.7993,2.3421,-5.6026,-7.3846,-9.0352,4.5373,9.3019,-6.2457,-9.3284,-8.4862,2.8121,5.1587,-1.8337,2.9059,7.9849,-4.2817,-1.2182,-0.1196,-2.634,-0.0178,-0.5199,-0.3112,5.7585,-5.8918,-1.7553,6.4336,-4.5543,9.994,-4.6864,7.9565,-6.6559,5.4723,4.6686,2.4625,-6.8805,-8.6219,-8.9603,5.1188,-1.8785,9.0258,-8.936,6.3502,4.2822,-2.0222,-7.9152,-5.5462,1.9302,3.1205,-3.5092,8.1038,-0.0697,-0.8941,-2.4336,-3.2573,5.1725,-9.3794,-6.9871,-8.0172,-5.9118,-8.1567,1.6759,8.4771,4.9342,-5.6313,-2.3342,3.7142,2.3365,-9.6432,-4.0362,1.525,5.2814,-7.1186,6.9589,7.1578,-8.8759,7.4437,4.3813,-0.2266
-8.7595,7.605,-5.4152,7.341,5.2068,-2.4128,3.2346,7.5829,8.0853,7.5082,-5.2762,9.7291,-4.8387,-1.5164,3.0046,5.9141,-4.2539,-1.7505,-5.8273,-6.4386,-3.2909,-7.4804,7.6343,-2.9163,-0.2799,7.5444,9.4818,-0.3597,-8.3722,1.1694,6.6975,7.5277,4.2715,0.7032,-2.4013,-9.9392,-7.5584,9.808,6.674,9.2255,-7.8809,4.4182,-5.2291,0.9778,-1.9051,-5.8121,-6.9943,6.3445,5.4086,3.3252,0.166,-9.0319,-4.8783,-7.2413,8.073,-7.4573,-8.3696,-6.9768,9.6036,8.7192,0.1614,6.1634,0.8166,-1.8728,-0.7918,8.8692,6.871,2.6444,-8.2642,-0.1451,-8.6843,-8.7135,3.5767,2.8615,9.1514,-2.9971,-6.9216,-5.6536,6.5835,1.9699,9.8215,-0.9552,-7.6208,5.9732,-0.1806,1.762,-3.9324,9.1695,2.088,-6.2664,0.8086,3.2808,5.3429,9.7238,-5.5775,7.7192,5.5025,0.5911,2.762,-5.9132,3.546,-6.2987,-5.1812,9.6308,6.6814,-4.2555,0.8887,-2.5363,-8.919,0.6065,3.523,-8.7055,-7.907,7.5947,8.4333,-7.3308,2.1833,-1.6526,-9.6018,-1.2254,3.5246,4.5795,-6.8712,-7.4145,0.7527,2.0962,5.901,-4.9223,-3.2424,-6.9271,-1.1061,5.1693,0.986,7.9459,-8.9886,-4.4189,-0.8742,4.1824,-3.9775,0.0689,-3.7444,-6.1911,8.2381,-7.3526,9.9318,6.9145,7.609,-5.9412,-3.0253,-8.8606,-6.8395,-5.6516,6.3814,5.0273,5.8205,0.3194,0.4314,1.0721,-1.5531,-3.9441,0.4624,1.8555,-5.7348,1.6043,-4.0862,2.6496,-8.6901,-3.8924,-4.2835,-1.2033,2.2887,-0.3589,3.0872,5.1419,-5.4125,-6.0492,-9.8077,0.8073,-6.14,-3.7532,3.5249,-9.4031,-9.8776,8.7797,0.405,-1.8112,-3.8557,6.2585,3.328,-4.3622,-0.2069,-1.483,-0.7625,-5.8861,7.1097,3.7718,8.6988,-5.8777,-0.9049,3.6241
6.9879,-8.7212,1.2429,9.5699,-9.3166,0.1335,-7.6233,-2.2958,9.477,-3.5702,4.2133,-7.7493,-8.7943,-6.9482,7.3268,-7.7822,-5.8602,9.0506,-0.6339,-6.8819,8.8418,-4.917,-5.258,-7.2821,7.3727,3.6622,8.9146,8.9101,-3.3227,-7.5461,-4.9985,-8.343,3.2278,1.3514,7.61,9.9334,8.4965,4.013,-8.1101,4.5775,-4.1518,8.3553,1.9869,-5.2363,-3.9383,-5.7409,-0.571,8.3405,2.5469,6.5532,-6.6536,8.0301,-6.3456,1.4581,-4.0521,7.7737,0.8658,-6.8835,3.6986,-2.5687,-5.2541,-3.4336,-1.1983,2.5734,6.1996,-5.3497,-9.1398,-7.3288,-8.3408,4.4178,5.0341,0.4707,-3.4337,7.0779,-6.9248,-3.4727,8.3679,-9.3419,1.5304,-3.8677,6.7314,7.5554,-4.1052,-4.3862,-8.4741,6.7057,8.3299,2.6492,-3.9504,-3.1687,-7.6172,-3.8522,-8.2887,-3.0229,-9.9073,-9.1247,3.9082,0.4762,8.6057,6.4548,-2.1543,3.465,-1.9065,-4.7689,5.2551,8.2142,0.7376,9.0135,1.5441,4.9346,-6.5945,1.1755,-3.9081,4.4851,-8.7675,9.8834,3.7356,4.9335,-9.4354,9.046,6.9221,-8.1999,-1.0458,-4.7703,6.2117,-4.2604,9.5838,0.0834,-7.626,-6.113,1.988,-6.2059,1.4739,4.159,4.3072,3.6241,-3.192,-5.6048,-9.6856,-8.3012,-9.2838,-8.0169,-1.9711,4.2719,-5.1811,4.8948,-7.7605,-5.5449,-1.0176,8.7082,-6.243,-1.9071,1.27,-6.8897,-7.9807,-2.0602,-1.0305,-0.0276,-6.829,-7.9057,4.8654,2.8689,-0.4525,6.2268,2.6937,-4.1482,3.7379,-9.1789,-1.595,8.8638,9.8147,1.1261,-1.9719,-9.9707,7.0844,1.66,2.6828,-5.7826,-2.1027,0.9464,6.2019,2.5045,7.1708,6.0007,0.3553,3.8644,-0.3638,2.1285,-7.4386,4.3034,9.1544,-9.0802,8.3502,1.1444,-1.1306,-3.4103,4.4424,-3.9129,-4.3971,6.3448
-2.3702,3.0304,-2.4584,-4.3529,-4.9203,4.1199,-0.3861,7.8253,7.5991,-6.6265,7.3858,-9.941,7.603,2.2375,-8.458,-0.5221,6.5083,-1.8505,-2.0724,-3.288,-6.8906,0.8962,2.5991,4.0061,-6.1784,0.2574,5.1315,-7.5154,3.2462,3.768,-7.3517,-1.5044,3.1229,-3.7213,0.4704,7.5795,7.6037,-9.1135,-3.6186,-5.8286,-1.5398,3.1309,7.2932,9.0484,-5.2917,3.6506,-2.3626,-0.2228,3.1056,4.3542,0.6576,2.4876,-2.4976,-7.1833,4.9139,-0.1113,2.9255,2.2402,-4.604,-0.1608,-1.5326,-2.3236,-1.9727,5.5088,3.9846,-6.0807,-6.6462,-9.4625,-2.806,5.0411,3.1605,-0.8984,-2.1423,0.183,-9.402,-7.1566,-8.5829,-7.9289,-7.1492,-6.2641,-2.7029,6.4132,2.6795,-9.9413,-1.5739,-0.7031,3.6577,-2.2599,2.5703,-8.715,8.6393,-6.4403,4.6665,7.6927,-8.5837,-9.6774,7.3814,8.5322,9.605,0.2287,9.0331,-3.1746,-4.385,-7.0933,-8.8017,6.3503,-6.8496,-6.1468,-5.4101,6.5983,7.7768,-1.5463,3.3748,-8.9666,1.8486,-8.2582,8.3328,2.174,-6.2949,-5.4149,9.3637,1.9333,-1.4599,8.2195,2.4236,-3.1914,-9.0427,-6.7506,9.2221,-1.8717,6.6178,-0.6765,5.8311,-8.4327,-4.0523,8.2323,-5.8973,1.8458,2.9108,-8.533,7.1037,2.9633,-2.3527,-0.3668,7.1894,-2.0579,6.4509,0.7999,-0.1192,0.2174,-2.808,-7.0376,5.2551,-1.323,2.4579,1.1219,-2.4298,-1.6166,7.4457,7.1687,-0.8314,-5.9618,5.5401,-7.5929,-3.8189,-6.9662,6.5466,-7.2229,-5.3301,1.5011,9.5395,-6.1493,-8.3936,6.6389,9.7245,-6.4099,3.8709,2.2965,-5.9595,-7.3193,1.3303,4.6675,-8.3894,-4.9096,-1.6528,6.7747,-3.767,-8.4234,0.1708,-8.3352,3.4498,4.6028,-7.4281,8.5764,2.285,0.3404,-7.1361,-4.1047,6.964,1.1869
5.1185,-5.8841,-7.649,7.6767,3.6846,9.5635,3.724,0.9375,-9.0215,7.1557,4.1413,-8.2684,5.8371,-2.8322,-7.1406,-9.3043,2.54,-8.5188,8.0595,-3.5049,1.9312,-1.8523,-9.599,1.497,-9.1336,-8.3573,-8.625,5.8929,6.9402,8.3054,3.7977,-2.8944,-5.793,7.9631,0.5328,2.2671,5.0712,1.7362,0.2783,-8.2471,3.8545,-4.4214,6.2256,4.3296,7.4478,3.8581,9.6645,-6.2513,-3.0774,-7.6946,-4.6293,-7.9976,-7.7961,4.3227,-9.2421,-4.2202,-0.6858,-9.9083,-6.9485,-4.0444,2.226,-7.0638,6.222,-1.3936,-1.3322,2.6473,0.1709,-5.1941,-0.6394,-0.2896,-9.5404,-4.6199,6.4153,-3.332,-6.1518,8.1339,-6.2009,-3.4174,-7.314,-2.7369,9.6167,-9.6759,7.8037,6.3845,2.4783,0.1075,-3.966,1.1614,-1.8306,-3.4405,7.4835,-0.4905,6.7916,-1.9233,8.6668,-2.4997,-7.3115,6.9623,-0.7539,0.8644,-1.0513,-7.121,0.9259,-0.3832,-7.1366,7.6488,-1.8135,6.4182,2.4601,3.7167,1.6099,2.1332,2.2986,3.3586,-8.0423,5.239,3.7866,8.7137,-4.7269,-1.079,0.8932,-6.2029,8.1587,1.499,7.754,-2.8782,-9.9463,6.9043,-6.6182,-5.0706,5.8192,-7.9261,2.9501,-3.825,4.6,-3.6827,-8.0283,6.255,-2.6371,-7.2899,-7.0934,-2.6,4.9459,0.077,9.9263,-3.5231,-9.2721,9.0864,7.1325,-6.6341,1.6104,-4.9604,-8.5165,-3.2108,-5.9953,-1.1515,-9.3439,0.6865,-5.3203,9.1921,-9.9559,1.5726,-1.8632,-3.5343,7.6043,9.7868,-0.0412,-1.7148,6.2564,-8.2,-4.3137,3.5008,2.6653,4.6635,1.4496,-6.3517,-9.6001,-5.6785,-4.9117,-5.4663,-9.8091,-7.6134,-2.4686,9.4378,3.8804,-6.9234,0.7066,-6.8425,1.9111,-3.6919,-1.679,-4.1408,8.1378,-1.422,0.5498,1.9644,1.4228,-9.5739,-4.6771,8.6137
7.5441,-0.6602,-3.7973,-4.5729,0.5718,-9.3669,-0.8257,8.6683,4.5923,5.9565,-8.3027,0.1539,-2.2684,-9.5973,-6.1596,-0.8074,0.1948,6.8151,-4.1906,1.5026,-8.3041,-0.1872,-7.6219,3.8906,-3.2498,-8.4561,-6.7103,-9.2694,-0.8947,-8.197,6.0122,5.6397,-1.9372,3.4279,-5.0088,-8.9318,-8.4256,0.9343,7.3004,1.3464,-2.9516,4.775,-7.086,4.352,-2.9469,-2.3957,0.4443,1.0459,5.248,6.8464,-9.6467,8.8546,6.8817,-3.4181,3.3796,-4.1904,3.6427,4.7168,-7.0933,-9.7116,2.3653,-9.0684,-2.9488,8.1071,0.8063,4.4179,3.3892,7.3148,-3.7943,-5.3494,-1.9925,9.2497,-5.4248,-3.8402,-0.9049,2.0946,-4.4213,6.7966,-4.696,2.6809,6.4184,6.2067,-2.2758,-1.0922,8.3745,-3.0387,-4.7552,-1.293,3.1629,6.2328,-5.9037,9.5614,4.4069,-4.663,3.3906,-2.8262,-8.5429,8.2202,-4.3904,3.7287,3.3118,9.831,-5.3622,-1.8788,5.8998,5.3854,7.8651,5.9903,-4.2723,4.2176,7.9281,-9.0995,2.0473,-4.8142,-9.4471,0.1554,-4.366,-9.103,-2.1385,0.2699,0.2441,1.0699,-0.1493,2.5258,5.1388,-6.1326,0.3688,0.1292,4.1751,-9.5688,0.0451,9.8289,5.6185,-2.8869,3.1454,-3.3429,-0.553,-8.892,-4.2865,9.5483,-8.7366,4.7276,-4.3556,-2.0965,-3.6471,2.6683,1.1258,-3.0129,2.6101,-5.3072,2.7231,6.4901,-4.8463,9.3655,-1.1896,0.6351,4.8486,2.1091,-3.6004,-9.2278,9.876,3.0811,-1.3735,8.1264,7.6465,-2.596,-6.4745,-2.11,-0.6696,3.9426,-7.8052,8.4938,-1.1651,2.8846,1.5146,-9.6015,-4.4693,3.9753,-9.4187,1.9874,-1.672,2.2466,-7.5341,3.8127,0.0748,-4.435,-9.4571,-9.0698,4.4506,2.0063,-9.9661,-3.6358,-8.2138,0.0462,6.4038,-4.9589,-9.1864,9.7523,-9.3427,6.032
-0.8804,0.6119,-0.1488,6.9345,-5.9101,-9.5476,8.2953,-2.1412,3.8002,-5.4314,9.2373,4.0653,2.7127,-2.8297,-7.2915,-8.4412,-2.4485,-2.1649,-2.7222,7.5339,6.4679,0.1309,3.8992,4.1295,-8.2473,-3.9912,-0.2097,-9.8195,-8.2923,-0.1904,1.279,-3.7065,4.609,0.9715,8.7148,3.0254,-4.0792,7.1799,-1.9417,0.6201,-3.8229,6.9997,-6.5646,4.8716,8.7579,-3.5445,7.2006,0.828,0.1538,-3.6537,2.3419,-2.4004,-5.6967,-3.7109,-5.3782,-7.5503,4.9039,4.1506,9.91,8.6858,2.9236,-5.8133,-8.362,-9.2962,8.3134,8.0802,-2.3206,-9.6195,5.3286,-9.619,3.625,0.6791,9.287,3.1284,-0.7628,6.1534,-0.3634,-4.6092,-8.7731,-6.6558,1.533,-1.3455,9.7362,2.0587,4.6496,-1.0521,-7.154,-2.2187,0.8059,2.5623,-9.9105,-9.3303,0.0537,9.6001,9.8416,-5.877,1.565,9.2627,-0.0212,-9.5536,-6.6278,-9.5724,-4.3142,5.85,-5.4839,2.0909,2.127,-8.9355,9.5587,0.5507,-3.7135,8.6744,-5.0158,-3.4649,-1.3053,1.2075,-9.0578,9.1438,3.2152,3.4461,-1.882,4.8448,-5.2899,-9.9547,-3.3959,8.8204,-3.1584,-1.0911,1.6033,8.12,-1.7375,-9.2731,5.3232,2.7497,3.8317,-9.8233,-9.5191,5.6923,-1.4735,3.3387,-2.3757,6.4409,8.2496,3.1147,-7.5355,-0.5048,6.9044,4.655,-0.9749,-3.5056,-2.3731,7.2867,0.8936,-5.3547,2.7843,-0.5582,-6.2765,9.1565,-9.8339,-8.786,4.6683,3.1525,-1.8198,-4.8778,-7.6752,3.6281,-1.8094,7.6174,-5.7374,-5.0918,8.7695,-8.8311,8.177,-8.4313,1.0842,7.9483,2.036,-9.1814,2.3339,6.8307,2.9616,0.3162,4.5455,3.223,4.8651,5.032,-6.8468,-4.0816,-5.9376,2.9625,-8.5099,5.517,5.2845,-7.4949,5.218,7.9932,-9.2922,-6.3005,0.8141,-4.0201
7.4248,-1.6407,7.5733,-7.1535,9.3178,-0.6915,-9.485,-9.7157,8.7918,-1.0689,0.9857,6.773,5.3892,-4.0658,0.5427,0.7646,1.2439,-8.0088,-7.5409,-7.1692,0.6965,6.6278,9.7968,-5.1138,1.2766,8.2789,-0.0865,-7.4007,3.022,7.8493,-0.7093,1.5627,7.8639,-5.5338,9.5315,9.1768,6.1083,1.6674,-0.4989,9.041,9.3959,6.7449,4.3049,-0.2352,-8.7104,-5.7337,3.0047,1.2419,-3.4521,0.6838,-5.5282,-3.266,-7.2882,-7.3963,7.7293,1.2462,5.7233,-8.356,1.2832,-0.929,3.0136,5.9508,6.3464,-2.3094,-1.05,-5.2361,2.7773,-4.0346,7.145,-3.9408,-9.0733,-9.584,-2.6068,-3.9946,-6.4412,0.4768,7.4856,-2.1239,9.1125,-4.25,6.8367,1.1954,-4.3203,1.3252,-7.8182,1.9079,-9.1667,3.3154,4.3122,-7.4174,5.5425,2.9145,9.1911,-8.4831,3.8467,-8.4221,7.3481,1.8513,8.9433,-4.4341,-3.9029,3.2611,-6.095,6.4304,4.4713,1.552,0.0472,-3.0167,-5.0076,4.4493,-9.1682,7.6573,-4.6388,3.1923,-1.2141,-3.9173,3.1499,-8.3649,-8.7952,7.0479,-0.5176,5.3635,-5.8626,-7.4464,-3.1562,3.2266,1.5396,-4.1837,8.2603,4.2467,-2.1486,3.9445,-0.8699,7.2446,8.9185,4.8763,-6.5978,9.4947,-8.7372,5.478,3.9803,-8.4228,-0.6312,2.4364,-8.1429,-0.2315,-7.1727,1.1033,6.3974,-1.8945,0.7786,-2.3615,9.8441,-9.0536,6.8483,-0.6177,6.9964,2.7743,-4.9387,-8.8787,-4.3207,7.0815,9.8467,-8.6309,0.6341,5.2301,0.1727,-4.1388,8.9311,7.0262,-8.9173,-7.7497,2.9782,8.278,2.7905,8.6469,3.5626,-1.2758,-7.6136,-9.589,-8.2183,-6.2237,3.9332,-6.4842,-1.7899,0.6228,7.1234,8.9402,6.8095,3.3228,8.2869,6.4446,-0.8345,6.5732,-4.2029,-9.4685,4.3039,4.0492,7.208,7.1156
-0.3144,3.1311,1.6762,0.2849,4.8569,-4.3433,4.8787,-8.6084,-8.8145,-2.7846,-9.0421,3.0503,-9.074,6.278,-2.8333,0.9841,-4.5137,6.2467,8.2254,-1.8887,-1.5619,-2.5152,8.9385,-8.1841,-5.8748,-6.8755,0.9037,-1.0672,-7.1729,9.285,2.6748,1.6465,-3.7301,2.3578,0.1714,-4.7064,-3.1722,2.0613,-7.7148,7.7513,-8.0614,-5.2725,1.3999,8.0119,6.0144,9.8586,-6.1796,3.4093,7.4662,-9.4657,5.7276,2.0306,-2.6576,-9.2162,-0.3704,8.8497,-4.873,-4.5562,4.5446,3.079,-2.8752,-4.3728,-2.1751,0.2114,6.6184,-4.0723,7.6857,-6.3727,-7.8734,-0.935,0.9091,-6.8745,3.8289,-3.9917,-1.7158,4.2005,3.7258,9.0164,9.9173,-7.578,3.4665,-0.6362,-8.2788,-9.6986,9.5481,-1.5067,5.1518,0.6537,2.2608,-2.2777,-3.3948,-8.6609,-6.1394,0.9241,2.4772,-0.1491,-9.8913,5.4312,7.1522,-4.3583,0.7526,-3.1665,-4.7151,0.4181,2.5733,-6.43,4.21,7.3974,0.4546,9.5077,-6.5103,1.9557,-2.1547,5.5491,-4.3835,3.9472,7.0004,3.9006,-5.4071,7.872,7.6783,-5.4603,0.9387,-5.8651,-0.7479,2.852,4.8372,-6.6939,5.2704,-9.0794,-9.7126,-9.9836,4.2822,-1.1807,-2.0148,-3.8915,9.9323,-6.5742,-7.7309,-6.9632,6.0665,-5.1835,8.1858,4.952,-1.818,7.1033,1.3434,-7.9295,6.238,-2.1243,0.554,9.9672,6.7481,9.4871,9.2667,-0.9131,4.0925,-9.9589,3.4996,-7.8576,-0.4493,6.352,-8.3056,-8.9397,-9.8683,-8.9469,1.599,1.492,-5.2035,6.5704,6.0247,-1.2933,7.1515,0.272,-7.732,3.0829,3.9493,-2.2367,5.8279,-3.5349,-7.1045,-8.5988,3.2969,7.7419,8.7552,-3.1437,-3.5048,-4.203,5.386,-4.9706,3.9458,9.8572,-3.8473,3.1781,6.4758,5.6456,0.3946,-5.3992,1.3603,3.2481
-9.5628,9.6074,6.7762,-3.9164,2.3095,4.5021,1.0353,-7.109,-4.7884,-3.1066,9.2325,7.3922,-5.5717,-8.9075,-0.1722,0.2511,7.7731,8.1904,-4.323,-0.6012,1.0784,0.5575,-3.594,0.5966,-7.0003,-5.2293,-4.816,-2.007,2.0621,-1.1367,-7.5471,1.3784,7.2083,8.0826,-1.6611,-5.0966,-2.0189,7.2302,2.5918,-8.7906,-2.2736,-0.6412,-2.517,-5.0574,-5.4571,-7.6773,7.223,-2.4281,4.7425,0.9056,-2.5942,-0.0185,2.6502,6.3661,-8.6821,3.9414,-4.4274,0.8784,-9.4457,7.5082,8.2911,-9.8774,-3.0504,-6.7217,-1.7268,-4.9278,-2.6104,-1.8897,0.1597,-0.2067,-8.6523,-3.2477,-0.991,-8.2662,4.3737,4.1909,-7.1327,-9.699,-8.3403,-9.5091,2.4167,1.0296,-6.5597,-3.3099,3.6609,-9.5278,1.4208,7.1968,-1.3351,4.2818,5.236,6.8447,8.9128,-3.9681,5.1368,3.8451,1.8061,-4.8884,-6.0998,8.9096,-0.5947,-8.2271,8.7451,4.1914,2.2244,8.263,-9.8672,5.3519,-0.9571,1.2827,1.1644,-2.1957,8.9704,7.8194,-1.9234,7.6968,1.3981,2.035,-7.8864,-6.475,-2.8474,2.4993,-1.0378,-9.2028,1.1319,1.4924,3.2109,-3.871,7.3381,4.6062,-2.1418,-9.8533,2.0339,-6.2699,7.7802,-6.4058,2.3515,9.7721,2.6921,1.003,2.3596,-0.7318,8.0796,-8.8862,5.7774,9.49,4.0902,2.5486,5.512,0.0916,2.2652,-7.9576,-4.519,-2.5967,7.6215,2.0235,0.4717,-6.7666,-0.839,-5.1497,-9.3786,-7.0736,9.5907,2.8121,-4.9997,-8.4119,5.5419,8.2255,-9.49,2.0986,-8.0232,4.6928,-8.4462,4.3946,-4.0817,-7.4175,-4.5777,7.9866,0.8348,-3.3662,-4.7839,-6.1988,1.8535,-5.8758,-2.6566,-5.6567,8.5448,-0.5669,-7.1154,0.0791,-1.3448,9.4672,-9.9122,-5.8966,7.4239,-8.7806,2.5643,-4.6199,6.505,-9.8128
5.4702,-8.3003,-2.6227,6.3457,3.5964,-2.1544,-5.9191,4.4444,3.611,1.271,5.9026,-6.1115,-1.7296,8.3871,4.3844,-2.1829,-0.3576,4.6407,9.946,-9.6869,-9.1003,-3.8204,8.4255,6.3625,5.8728,0.6145,2.3695,-3.6381,-9.5337,8.7535,9.8928,4.1988,-7.3436,-2.2787,-7.5079,-4.0807,-9.6524,8.0882,9.7257,3.6006,-4.4547,-9.5982,5.9691,-4.0566,9.5066,-4.2063,-6.7007,-7.3642,5.4611,8.3951,1.581,-1.8752,-6.5973,-4.5721,-7.7397,5.2397,-5.6321,0.9309,-7.3657,-9.204,9.0041,9.8678,-4.9061,2.9468,9.2919,3.6655,2.844,-4.319,-5.0272,-4.5889,7.0018,0.9187,-8.2234,2.4481,5.1675,6.9772,0.5353,-9.4738,7.5953,8.707,-1.4224,-8.9903,-8.6691,-1.3452,-0.8222,5.4656,-6.4361,-9.0238,-7.24,-0.6769,-5.1837,-0.3677,-0.5734,-1.3771,-3.8449,-1.9096,-5.0087,8.1956,-3.735,-0.8289,-7.4231,4.0542,-0.5246,7.0938,-5.9335,4.2351,2.0745,0.988,-2.6748,-2.7909,0.5375,8.406,1.3981,-1.4555,5.2255,6.2623,-9.9404,-5.8744,9.4632,5.0002,0.8108,-8.1478,4.7633,0.2037,-0.2932,8.2509,2.7936,-4.4763,4.3089,-0.721,-4.5816,-1.9188,5.1603,-2.3553,-6.9015,-8.3524,-3.8981,-4.0281,6.6191,-7.1033,-7.5311,-5.862,5.3922,-4.8747,-1.7086,3.2014,-4.7784,-4.5856,0.6517,8.9902,7.7795,4.5216,6.8202,-5.0994,-9.8977,7.2414,-4.867,9.0156,-8.5439,-4.7475,4.2015,-4.4439,-7.6506,6.6282,4.5967,-4.0448,-8.319,-7.0692,9.4122,1.4724,4.9701,-3.8555,8.3052,1.9281,-6.8872,1.3375,5.4621,0.6391,4.7922,0.3501,-0.0187,-5.7161,4.2572,-1.2906,-9.693,-4.1695,-0.3935,-6.6255,-3.2739,5.7078,7.5617,-6.4164,-6.1317,-4.615,8.0204,-2.1859,4.5498,3.2468,1.4812,5.8191
-7.1609,-9.1526,-8.2651,-2.9781,4.6974,0.3755,5.1687,-0.6029,8.8801,-9.0627,9.9587,4.7566,-4.2006,0.4002,0.5698,9.6251,-3.3833,-6.2589,2.5891,-1.3227,-2.9245,8.1748,6.4606,-0.3759,7.706,8.7009,9.3005,-5.6133,1.5993,-0.6863,-7.1496,3.4252,9.4641,4.0375,-9.6048,2.4896,-3.7989,4.6839,4.9709,-2.993,7.483,2.8851,-6.0118,-8.1591,-2.4227,-1.903,-5.4136,-9.8225,2.1509,8.9801,5.8859,2.8444,1.5324,-9.3322,7.3788,-0.9611,-9.7126,9.583,-6.4885,-4.5793,4.6735,9.8281,-5.2637,-7.1394,-5.8118,2.7089,-8.4205,-0.1886,5.1253,8.3957,5.1096,0.5478,1.0663,-9.589,4.2244,-9.2173,2.4825,3.5431,3.7305,8.5433,-2.4861,2.0804,4.5296,5.2751,1.1199,2.3865,-0.9012,5.5062,-3.3493,-1.2318,6.759,-9.0418,-0.9434,-3.9487,0.7989,-0.4894,1.8503,4.8628,-1.7047,8.676,-2.4671,-9.8349,1.2081,-5.2024,-9.3607,7.8761,9.24,5.5441,0.6276,9.5352,3.7597,-6.2902,-0.4167,-4.2569,3.2065,6.8438,9.0284,-5.3699,9.7395,-0.7423,-7.3993,-5.2724,-8.7446,1.611,8.6865,3.7987,-0.2849,-5.8608,2.3607,-0.1446,5.1688,-1.7355,-2.8827,2.6572,-9.2602,-0.8652,-7.6998,9.0861,-5.7783,-8.1702,-5.1126,-1.7779,0.6859,-6.2876,7.2387,5.709,-8.4121,8.4804,-1.4588,0.4881,-6.4101,5.6334,-9.7981,0.6685,-8.8568,-2.1625,-9.3113,2.4453,7.0937,7.4458,6.9945,-6.0973,-1.327,5.0108,4.1664,8.0191,-6.53,-8.6809,7.3298,9.2391,-8.4142,-9.4714,-6.3577,-6.5236,5.0922,-9.619,2.2822,-1.9923,-3.4859,-8.7548,0.2249,3.902,-6.2994,5.8852,-8.5284,-0.0693,-9.7094,-0.0664,-9.5957,-7.4352,7.2782,7.3071,4.0236,-0.4178,-6.4442,-1.3839,-6.5111,-0.0974,1.5,-7.9537
-5.9956,-3.8984,9.8061,9.3725,-8.9056,2.6336,9.0349,-0.4677,-1.7094,7.2228,-8.2459,-4.069,6.4788,7.1269,4.202,-7.8891,-1.9926,-7.8879,7.9177,5.9744,-3.9496,7.8347,3.5318,1.8056,1.6136,-7.3494,0.4953,1.7511,-3.3336,7.851,-1.621,-5.3646,6.3716,-8.3257,-4.7088,0.7116,7.8511,-4.2599,-5.2593,2.5623,9.8328,-3.9092,3.036,6.3345,-3.0838,4.9119,3.06,4.5475,9.5107,5.6697,-3.9124,-5.8903,-9.3992,2.5668,-2.2957,-5.787,-0.3627,4.8815,6.9537,2.8712,-7.5773,0.2187,-8.8576,5.999,7.8691,-5.6913,3.5263,0.3152,0.2586,6.9999,-4.8242,2.0283,-0.3085,5.1259,-5.0425,5.607,-5.5488,6.9455,-8.4129,2.067,2.1249,2.4484,5.3923,-3.545,-4.7745,-8.9603,-9.6903,3.8771,-7.4312,6.4502,-6.5304,-8.6622,8.4072,-2.6384,-5.1347,-1.9586,-6.3563,6.4718,6.7362,-6.6205,-5.7263,-4.237,1.9301,4.0531,7.3812,9.6688,-7.7727,-7.9018,8.066,8.2213,0.3505,9.6079,4.4392,7.9953,3.8863,8.9001,-2.2978,-6.6548,6.57,-3.3194,4.5984,-7.0649,-3.2084,-8.4712,2.8095,-3.4761,1.7343,-5.4079,2.5871,7.8986,4.9976,3.9578,-7.5328,-4.8356,-0.3148,-1.5265,-6.3698,2.2141,7.7163,6.0919,-1.7193,3.7443,-3.5951,-3.2122,7.5304,-4.5365,-4.568,0.4454,-0.3619,2.5603,6.4129,-2.7957,1.9021,-0.3687,-5.1471,2.2205,4.2994,-7.1086,-3.0823,4.4076,9.9849,-1.5634,-0.5512,-0.6465,-5.954,2.3136,3.8572,9.6788,8.9776,7.2926,-8.7264,9.5715,-3.3958,9.7536,2.5268,-9.7665,-0.7122,-1.3267,9.7874,-4.066,-1.912,6.9106,-5.2645,-1.8865,1.9724,9.9942,0.3708,4.7317,5.8524,-5.6466,2.5542,4.8449,-5.8206,0.0445,-0.1355,6.361,-7.0561,9.0946,-3.8389,2.7695
-4.9857,-4.6132,3.8463,-0.1004,6.5528,-8.6377,2.8841,9.0761,6.0805,-3.1847,-9.6364,9.8833,-1.6349,1.6993,-1.3582,-2.1371,2.89,-0.7179,-7.2683,0.5054,6.9948,8.4651,-1.8514,-3.312,-7.4875,-9.5234,9.8465,8.2167,3.7596,5.5741,2.9685,-6.0061,3.0733,-4.4293,9.4531,-7.8554,-9.0618,-4.7694,7.89,-8.7381,-2.3602,-5.9825,-3.1995,2.4715,3.7798,-0.5465,-6.6221,7.4552,8.1191,1.1599,-9.3369,-1.115,7.8905,-2.8025,-3.7871,-5.214,-1.8431,-9.0699,-0.6809,-9.2412,-9.4785,-3.5104,3.5356,-6.1099,-3.7436,-2.3689,-0.78,0.4741,-4.1778,-2.5523,-0.1277,4.8356,-1.6862,6.0741,2.3612,-2.408,-0.8859,-2.0418,-7.1008,1.8611,9.7121,-0.5256,-9.1663,-9.0372,-8.738,-3.4978,4.6112,3.9711,-7.6365,-7.9708,-1.7292,-3.9222,8.768,-8.1493,3.2867,5.8952,8.4219,2.0894,2.3342,-3.7297,-2.9094,5.7341,6.4746,-2.6369,-4.7804,-4.0228,4.6303,-6.5417,0.3566,-0.6383,-4.1781,-5.768,-4.7258,7.4671,-2.0406,4.0383,-6.0104,-8.6321,9.1207,8.1503,8.5273,-8.2099,6.003,-3.7456,-7.6581,-1.8468,8.9364,0.1818,5.3447,-9.1087,2.9714,0.36,8.8032,2.7257,4.773,8.8022,-9.5768,9.599,5.6539,-9.4248,-6.5759,-1.5479,7.8561,-9.9487,2.4961,5.833,-9.1631,6.8575,-6.8347,-7.0628,-6.48,-3.3157,-6.5828,-9.2889,-1.5118,9.0029,-0.3795,6.4822,8.244,8.4769,6.3048,4.0639,-3.8938,0.1649,-6.6105,5.9084,2.1352,0.47,8.6768,2.248,9.4109,-9.6947,-8.5861,5.0095,-3.5445,-4.3548,-5.3828,-0.331,-1.1546,9.5825,2.0142,-1.4526,-6.2103,-2.8069,1.442,8.3215,-2.3382,1.1579,5.9313,4.9336,-1.0492,-5.5655,4.9077,0.1943,-6.2676,-8.3101,-7.3232,-6.99,1.0053,7.7724
-6.0471,-8.81,-0.565,-7.4287,-7.4097,-0.868,6.5903,-8.4777,3.2586,-7.9136,2.3876,-0.9969,-7.761,4.9341,-7.9998,6.8143,4.6887,-9.8367,3.3483,-3.7449,-2.6774,1.4252,-8.4988,0.0422,-7.0078,-3.7162,3.3266,3.1376,1.1756,-5.4069,-1.9845,6.1973,-2.2784,-5.1401,7.4879,-2.046,-3.2757,-7.297,3.4282,-0.7975,-1.8844,4.3631,-9.4013,-5.9779,-2.1473,2.1369,0.8486,-9.2448,9.5397,7.0557,-5.2533,-6.6591,8.3257,2.1464,-8.0142,-0.3761,5.5235,-1.926,5.2809,9.0547,-8.9499,1.7957,-5.7643,0.6966,-7.4846,-4.9917,4.7176,-6.4164,-1.5622,-4.0236,-7.0666,9.217,-6.7723,-2.7463,-0.9083,-9.3691,-9.4892,8.7743,9.454,4.4452,-3.7172,9.3588,-0.4212,-8.1552,-3.0986,-4.1459,-3.9514,-5.3898,2.7599,8.5197,8.0731,0.148,-5.7584,3.1731,4.1447,-9.1363,-9.7646,-0.8308,4.4573,-0.1951,7.2415,-5.23,7.0874,-7.6373,0.0788,-2.899,3.5232,-1.6691,2.8462,-5.0554,5.4499,-5.0232,3.6296,-7.1812,9.4538,1.7751,-4.7091,-9.856,-9.8044,-6.2954,-2.0678,6.7381,-4.5389,-6.7515,-6.5103,0.681,-9.6271,4.2978,-5.1426,5.5453,-0.9884,8.2741,7.7174,-9.909,-4.1043,-1.6872,-7.5858,6.6411,0.4826,1.056,8.0819,5.2961,-0.9384,-0.0581,5.924,-7.4895,6.1677,-4.126,4.0252,-0.3435,7.4297,-2.5381,2.6922,9.7997,-4.7846,2.1302,9.3761,-7.9468,0.5541,-8.5782,8.9452,-5.5922,2.61,-1.8713,5.0954,-4.9589,4.9775,-1.77,-0.5475,7.0452,4.9255,2.6942,-2.6168,2.8209,3.579,1.1213,-6.1216,-3.0573,-3.6729,6.7697,5.33,-5.8688,7.5655,-7.6855,-8.699,-3.2492,1.2864,5.8166,-0.9338,-2.5956,-1.7782,-9.0103,4.1578,6.6749,-8.3544,-5.766,-4.8344,3.2268,-6.4117,7.3687
-9.4998,8.2746,-8.6732,-4.1176,-7.5244,9.4279,9.088,0.5687,7.9422,4.8332,-9.049,5.0275,-4.4391,7.0993,5.6752,5.4466,-7.4561,4.3466,1.7438,-8.2887,-4.4363,1.7804,3.427,-6.55,4.6454,-4.9217,8.222,-7.7472,-4.2072,-3.8469,4.0926,-7.5624,-9.2164,-3.5976,2.0436,2.1948,0.2197,7.88,8.8715,-3.141,2.07,-8.412,9.9484,-7.12,9.0968,6.0354,-1.532,4.57,-2.3135,0.074,1.3727,-7.0805,2.4445,9.6423,8.895,9.6848,9.3138,6.7546,9.3562,4.5258,5.2614,8.1672,-4.1536,-0.7154,-6.604,-2.9315,8.6818,-8.3132,-1.6799,2.0606,-9.1636,-8.5619,-0.9455,-1.7091,4.9662,-2.9267,-2.7108,5.1283,8.6313,6.234,7.55,0.7394,7.8235,3.2868,-1.2232,-0.0395,-7.8405,-5.2661,8.1555,-0.3055,0.9773,0.1226,0.6938,9.4828,-7.5339,2.373,0.4138,-2.9387,0.1441,-2.0826,-9.8268,-3.8807,-1.3699,-3.1811,2.7877,3.7536,2.7958,5.6082,1.2451,3.8451,-5.7684,-1.6035,0.4475,1.9174,-9.0334,6.3043,5.7769,8.5561,7.1241,-3.1559,-4.6483,8.7922,-8.4473,-7.0848,8.7533,8.1654,-4.5033,-5.15,8.6263,-6.3663,2.8945,3.3148,-3.7154,0.6489,-5.3697,4.4691,-7.028,6.0957,-7.8587,7.9,5.4248,7.3903,9.9374,8.7786,8.1691,-4.4853,9.6768,3.9627,1.8971,-5.5178,2.3832,8.0865,4.3024,0.782,-4.5534,-2.294,-4.5661,-0.2824,1.5572,-4.8385,9.1496,3.6883,-8.9294,-5.8224,9.6738,-1.3194,-6.5069,-1.8145,7.6171,-1.3918,-9.0999,-8.7665,-4.4251,-0.1455,5.9051,7.2408,-0.784,-6.921,-1.166,9.2964,-0.2031,1.7235,7.2931,6.2202,0.998,3.7207,-9.9626,7.8268,0.7786,4.8919,-9.4679,7.0681,7.0992,-2.4739,4.1501,1.3621,2.0975,-4.1452,-3.958,5.9114
-1.6662,-5.571,-0.619,1.8612,7.7375,-2.0092,8.7032,-9.6228,9.8205,-2.3671,-7.6424,-8.1642,-7.1673,5.4919,-9.5447,3.4496,0.9998,-0.7356,8.5921,-8.6075,-5.574,-1.4198,4.2634,7.991,9.6664,-3.3843,-6.2764,6.2399,5.7438,3.1531,-6.3474,-9.105,0.2141,3.4634,-2.1919,-3.2306,-9.8796,-3.4213,3.445,-0.8446,6.966,-3.9638,0.442,-2.8549,-5.1956,0.9335,-3.9315,-6.9971,-1.3174,-1.4778,5.1043,-0.5218,-7.7617,-0.6362,-7.0842,8.7287,7.7961,-5.7283,-5.2338,3.5924,-6.2576,3.443,-1.0894,8.1699,6.4361,9.849,4.2664,-7.7641,-1.6589,2.1584,-9.1042,1.6418,6.14,-7.7703,1.1473,-1.6466,-8.7555,2.3832,-8.3385,1.3097,-0.0035,1.2872,-1.449,-9.5617,6.5338,-9.3862,-7.7375,3.9642,-5.7346,1.3039,9.7582,-9.5969,7.1604,5.7403,-2.755,-4.8191,-7.368,4.3282,2.0711,0.1459,6.4185,0.2722,0.0955,-1.7182,8.4533,-6.7851,0.5714,5.0924,-9.447,4.9311,5.9169,-8.6981,0.5733,5.7655,-2.3909,-2.0322,-2.6452,-6.912,6.2682,-9.3638,-3.1302,-8.1227,8.9094,-4.0513,2.01,-5.5165,-5.5661,-1.0497,-6.7204,-2.7811,3.7416,8.2535,7.7238,-6.6602,1.7412,8.0246,-5.8127,9.2,-1.1556,7.0354,5.2686,-9.1593,-6.127,4.2861,0.4686,-1.9269,-5.7955,6.2308,-8.3195,-4.5489,-7.9511,-9.1923,0.1965,-6.2387,3.8802,-1.4584,-3.3449,-1.3597,7.4223,-8.579,9.6292,-5.1677,2.1728,6.515,-5.0301,-2.8034,-9.3456,2.8858,-2.3491,-9.2661,1.5371,2.5852,6.2864,8.4899,5.7862,-4.5567,-3.4575,-4.9621,-9.0005,-8.7928,5.9913,7.2584,4.8976,-5.1135,9.0356,-3.6889,8.0984,5.147,-2.1792,-2.0464,2.6458,-1.4892,2.7806,-0.3738,6.3956,3.8035,-3.5617,6.3942,-7.7636,-0.9706
0.0983,1.0362,-3.2506,-1.3816,-5.948,-2.9644,2.8385,-3.4456,-9.0942,-2.1153,-3.0997,-3.8544,-0.3546,4.7589,-6.6969,9.2271,-9.5819,4.6536,-3.3395,-5.9359,-4.4013,-1.9268,6.0395,-9.3853,8.1411,-8.8122,3.7384,-5.9564,-1.6483,-1.8739,-8.7328,-4.0345,0.3523,-7.3345,-7.799,9.3138,1.6146,7.9379,-1.3289,6.3811,-1.5113,-0.1863,-4.3915,9.8797,-0.0554,3.8974,-6.0263,2.4351,-5.7813,7.4283,-8.7282,2.7302,9.3652,-4.0145,-4.5245,3.3741,0.362,-2.9005,7.8833,7.8857,-0.008,7.4084,6.4899,-2.5444,6.7794,-2.3349,-2.0752,-8.099,-0.8395,0.567,8.4379,-0.8171,3.1319,1.5406,4.5108,-8.3151,6.0601,0.5009,-5.9932,7.1091,-2.7285,-1.1153,9.4894,-2.8948,-3.6518,-0.9804,-2.445,-1.9169,-3.9003,-5.4557,2.5795,9.4492,-7.6866,-8.9744,-4.3853,8.3863,-2.6668,-8.9508,4.9347,9.7319,6.0303,-7.5665,7.1694,-4.7529,-6.6644,6.4772,9.655,2.4961,6.342,-0.2531,-9.0609,4.7942,-8.5954,-7.0399,-7.881,4.069,5.4659,-7.1631,7.5159,-7.9946,3.9515,-8.7445,-8.1296,5.7291,6.5424,0.9741,8.6831,6.269,-5.7468,7.9314,-8.5309,5.8938,9.9999,-5.6488,7.5866,7.4044,-8.6375,1.7155,-6.4271,9.9256,-7.7274,-8.535,1.7454,-8.7696,-5.5878,8.603,0.4506,-1.5239,-6.5363,-2.4016,9.0631,5.3993,4.7582,-5.1251,-0.3299,3.8692,-7.9568,-7.8507,-4.6838,1.7146,-0.7518,-7.6865,-8.5191,6.8187,3.8512,-3.1293,-5.2306,2.7935,7.4166,-4.9528,4.9752,0.3856,-2.1525,-1.6787,-5.3258,-1.3292,4.9994,6.3921,-4.4125,-7.0278,-5.8865,-6.5227,-3.9479,-0.2925,-3.8666,8.6932,0.1273,-8.3465,-7.3671,-6.6405,-0.2516,4.7457,-5.2097,0.8743,7.4056,5.2344,7.5278,-3.1357,7.067,-3.8408
4.4059,3.2765,-9.2773,-5.5879,-5.6558,0.3136,1.0273,6.8955,-6.6273,-6.7049,-1.6191,5.5835,-3.7532,-0.0245,5.9761,3.0302,0.2858,9.2266,-2.0446,5.7816,-9.6013,-3.7051,5.3667,-9.631,-0.1649,-8.0619,3.2894,2.4738,-0.9141,-4.4212,-9.5525,8.1488,9.5457,6.066,1.4125,9.9452,5.214,-8.749,-4.1262,-5.8071,-4.2832,-8.8044,-2.3583,-1.7424,6.0898,-2.8794,-8.3707,2.5945,-7.7302,2.9212,7.1569,-2.8729,-2.2131,-2.1958,6.3013,-0.5314,5.5404,-7.4812,-3.4298,2.6422,8.4888,7.6772,-7.7267,-4.3693,-9.1035,-1.9876,-3.3289,2.064,3.1857,-3.8955,-2.0836,6.5734,-8.712,-9.2881,-0.7983,4.5363,-2.6449,5.5088,-1.5489,-8.4181,-5.6611,8.7137,-1.2448,-0.6463,-2.3592,-5.6756,-1.8895,-0.9138,2.0768,2.5037,-5.3977,2.1174,-4.0837,-2.1699,-3.3984,8.9751,9.6556,-8.7221,-3.1307,4.7907,-2.4835,-5.7434,9.0113,-3.454,-9.3306,3.1758,-0.3881,3.4084,-7.5579,5.7839,0.2228,-4.5034,-4.6986,7.2541,-3.1756,1.4935,6.0255,-8.2251,-0.9038,6.9005,5.6639,7.0181,-7.3281,3.1901,-6.8163,0.3711,1.2759,3.4611,-5.2014,-8.2556,-7.5266,-9.036,-9.3963,-0.7554,6.4513,1.4781,-1.1631,1.6065,-1.1081,2.2653,-4.5967,2.3677,0.6866,3.2965,2.6738,-4.8061,-3.0558,5.675,-8.8426,6.292,3.1311,-1.5721,-6.5445,8.7507,6.6154,-2.5956,7.9613,-3.3095,7.7665,5.0035,8.5494,-8.8475,4.1506,5.2579,-8.4207,5.4288,-3.0058,9.5783,-3.5928,-9.7841,1.6454,7.1668,9.2046,-1.8882,-3.0708,-2.4707,3.359,6.5808,3.1203,-1.4362,-9.1127,4.1153,2.1033,-2.2215,-1.8499,-9.3349,-4.5408,-6.9651,3.5462,9.9914,-3.9405,9.2003,-8.3024,-4.5766,8.3949,1.9149,4.8656,0.7815,-9.3911,-8.344
-2.0319,-5.3888,-2.8713,3.7645,8.1154,5.2396,-6.5642,-1.9385,3.368,-3.2471,-7.2992,4.7853,-1.2951,-5.586,3.4503,2.8854,-6.8377,-2.1039,8.0475,0.4245,-9.8393,7.4707,-3.2859,-7.6332,-2.4426,0.3849,-8.3685,-6.6274,2.3796,2.9482,-3.3355,5.3783,8.7948,-9.7367,9.9372,5.2509,5.0224,-2.1487,-3.0646,1.4399,-1.0928,-7.0687,9.6755,9.5435,0.9577,2.7773,2.6192,-3.7469,-4.5127,5.8617,3.1789,-9.6422,-5.6033,9.8686,7.2713,-1.3258,2.9782,5.1347,7.4969,2.092,-5.781,-9.5858,-9.0971,-8.3006,7.0844,-9.3505,0.2749,-6.4832,8.36,-8.7987,-0.7071,0.3663,-7.1542,-6.7226,7.0424,-5.983,0.5459,-7.8672,-0.1661,-3.4567,-4.5978,0.5504,1.4977,4.5574,-2.4684,-3.8163,9.8852,4.887,3.3276,2.883,3.5111,-5.718,4.9976,-6.9711,-6.2171,3.6196,-7.6002,0.9558,9.9155,-0.4551,5.2266,-9.9336,-0.2329,7.7112,-8.1922,-2.1868,-9.8771,2.2666,-8.0507,-0.4964,7.1918,9.2999,-3.2365,-3.5802,8.5089,7.6871,-2.7861,1.1041,0.7393,2.5249,5.8157,-8.2672,0.8919,-0.4843,2.0053,-3.2184,9.1895,-1.3571,-9.2868,7.9091,8.9084,-0.0752,8.1241,-8.1093,1.8396,-2.522,-6.1161,3.6805,-3.5759,-9.9068,7.7465,0.1222,-7.7324,-6.2803,-6.8084,-6.8901,-2.8114,-0.9571,2.426,-1.2515,-8.6148,-4.1662,5.682,9.5171,3.6677,-3.9114,7.536,-9.0488,-0.2842,-8.7334,-8.8231,6.6916,6.519,3.4429,0.2125,0.8175,1.4465,1.0444,-7.0641,-6.9296,-8.5068,2.1818,5.0097,-9.645,6.7981,8.4616,3.1299,-8.7205,-6.4586,-3.4777,0.3235,-0.5958,6.0858,4.3642,-1.6892,3.8691,1.9587,-2.8011,9.0095,1.3522,-5.2073,-5.4332,6.8038,4.0157,-5.6152,4.7519,9.9147,2.5115,3.4478,1.7265
6.6946,-3.9659,-4.1185,-9.6088,-0.2656,5.9735,-7.3449,-8.8529,0.178,-7.9616,-9.2567,1.932,7.6393,-2.4418,-5.4605,2.3251,-7.4481,3.898,9.8847,-5.4098,-1.0493,-8.7956,-3.7596,-5.0316,1.8767,-1.6868,2.3609,8.0279,-1.9534,5.4959,3.0356,-5.689,5.8421,1.1309,-6.3902,4.5344,4.9171,4.6459,0.6757,5.0631,9.3143,4.075,-8.6808,5.9173,-4.4939,-2.2199,5.471,-3.4149,7.8891,-9.8446,0.4608,0.4784,8.8573,9.3665,-8.5867,-8.1839,-8.7567,8.3724,-0.7127,7.8376,8.2858,7.4883,0.4896,0.2145,1.1465,1.9628,2.4537,-9.3364,-5.7699,-1.0809,-4.3041,-6.7023,-2.6152,6.7385,-1.3695,2.8469,-0.2122,5.5192,9.3923,9.8196,2.2625,7.1,-4.3422,7.5633,6.4243,-2.7524,-4.0135,7.7244,-6.3982,-7.3481,6.4549,-9.9231,1.2437,-1.2776,-3.8946,0.1847,2.0212,6.1065,4.6492,-9.05,7.9896,4.3179,9.9966,8.0535,4.2536,6.5977,-3.1187,6.4318,9.2404,5.9377,3.8681,8.1537,4.3745,-9.2718,-5.0599,3.6177,-0.277,-5.7597,2.8281,2.8934,-8.5437,6.1282,-5.6222,0.5794,9.1226,4.3233,-2.4613,-0.5911,-8.3405,7.2908,-6.1342,-3.7115,-5.5431,-4.888,-6.7393,-0.6641,-3.4658,4.377,-3.5867,8.4881,8.0934,-9.4544,-7.4103,-8.8477,7.4179,1.3783,-1.4631,1.9404,-1.5826,5.0239,-0.865,0.9286,2.9647,1.8177,-3.3972,6.3777,-6.4666,5.1395,-2.049,0.9241,-9.5714,-4.0343,-7.2165,8.6821,-5.3688,0.0728,-4.6221,-1.2678,-0.7411,7.9429,9.7452,0.4696,-9.4123,-1.5514,-4.5884,3.1596,-6.487,-4.5515,6.5649,-3.035,-4.4565,-7.2728,6.419,-9.834,-8.9901,2.7454,-9.4674,-1.975,8.2948,-4.6224,-7.4013,-6.9749,3.2084,1.9807,-8.1111,1.417,-4.1812,5.5773,-7.4567,-8.8883
-0.7492,2.8283,-7.7556,-5.4088,9.8235,-3.5356,-3.1938,7.4659,-6.4512,-3.2493,-8.3998,-8.433,7.1763,1.9636,-5.3071,-4.6823,3.459,0.4435,5.764,-0.5404,-0.5412,1.8212,2.2484,5.5177,-6.7287,8.8424,-0.3021,0.8635,-5.0373,4.0106,6.5592,8.6706,7.1919,9.1076,7.8041,-0.2251,-5.1748,-5.1938,-2.4562,-9.5762,-1.0516,1.5901,-6.9727,-0.5354,-9.7782,-1.7693,4.8039,1.1538,-3.9441,6.5765,6.6699,-3.5769,1.0747,5.8339,5.0945,-3.5174,-2.9679,6.5962,9.182,6.8033,-4.0495,1.4309,-1.2702,-6.763,-0.4203,6.4222,1.2916,-8.8363,4.3487,9.632,-3.9773,1.9558,3.3575,-5.5188,1.5973,-7.5169,8.1623,9.6195,-4.2938,2.2269,9.9081,0.2087,-0.848,-9.2571,-7.4874,-1.1046,-0.4699,-1.8556,-7.5339,-4.1908,8.577,5.8261,-0.3288,9.5853,7.4454,7.6931,-4.3766,0.4546,-4.1411,8.0464,1.1303,-4.0966,4.5604,5.8526,-7.0603,6.4298,-2.7964,5.3538,-3.6023,8.3528,8.3639,9.5485,-0.0928,8.9474,9.782,-8.4631,-1.4121,-6.1617,8.4282,-9.0734,6.1102,0.758,8.6918,-4.0856,-1.5024,-1.4346,6.0277,-8.5584,8.695,-5.878,6.1881,5.1952,8.1328,9.4187,-2.3834,3.7377,-5.1273,-8.3024,3.4592,-0.6865,-4.2258,-9.132,-9.9644,-5.354,-4.8124,0.6007,-3.1077,-8.9062,0.4712,6.3948,-1.8346,2.9628,2.5273,-3.3658,1.0575,5.0597,7.135,-0.7352,4.4473,0.9072,5.8599,-3.8947,3.2246,0.2792,0.9125,1.0566,5.8258,-7.5453,-9.338,-2.1856,4.4292,-8.0354,-6.0855,-5.355,4.9447,-7.551,-8.1004,3.9763,0.143,0.0844,-7.8145,-5.0435,3.7112,-1.0938,5.3048,3.2593,7.8867,0.1144,4.5165,3.8291,-2.9574,-1.5596,0.2824,-0.1336,0.0567,-0.7838,4.7359,-8.2648,6.8794,-9.6754
-3.3144,1.4457,4.3173,1.7207,-0.0897,2.4831,4.2897,8.11,6.2897,5.1079,-3.2479,-9.4318,-3.9816,-9.6275,0.8109,9.0505,5.1308,3.8463,1.5335,6.9457,0.9417,-2.9182,9.6481,-7.2768,-6.6034,-7.2772,-1.8873,-9.5329,-6.9486,2.7452,-1.0255,-9.3299,-3.5014,3.7128,8.4831,2.3361,5.9451,-0.6995,0.3077,-1.4784,1.5312,7.1078,-6.8525,-2.8948,-3.6241,-0.7512,9.8398,6.7412,1.1786,-1.5223,-9.9034,-1.7878,-9.7175,-4.6612,8.7371,-3.5736,9.1964,-4.2152,2.8291,-7.9215,-4.369,-0.9542,8.4234,-8.0009,-1.1412,4.5377,3.9805,-0.0865,0.9776,7.1465,3.4272,-5.1478,-1.0006,8.7221,-1.1617,4.0101,-6.617,9.7568,-4.4251,-8.7281,4.893,-0.7016,-1.0957,-9.7084,5.2795,-8.6159,-6.9365,1.352,7.0332,-2.1588,2.6887,-7.8316,-9.2867,6.6887,7.3093,4.8729,-7.8253,8.4832,-6.9405,-2.8327,-6.2009,-4.5576,9.1904,1.0918,-0.7675,-7.8474,-6.2881,5.1384,-9.4637,-7.1247,-8.4089,-1.5912,-7.9874,-7.0879,5.5838,-3.373,-2.2779,7.5142,0.209,-9.5869,-0.5876,-1.0648,1.1323,-9.9466,-7.5589,0.5393,6.2881,-0.9986,6.3102,-0.3582,-5.6742,-9.3223,7.5978,-4.5164,-6.4356,-4.5128,-6.2079,-0.8253,-2.6678,1.5839,-4.3975,7.8285,4.4433,-4.7974,6.3679,0.0321,-0.4279,5.2306,5.427,6.1739,4.2758,-1.224,0.2193,-7.4986,2.5673,-4.0212,-9.3779,-6.1546,-7.8256,5.3239,2.728,8.2367,-9.0996,1.6906,-0.4127,8.6514,-8.0556,3.032,-2.4555,5.4765,1.1439,-1.8224,-3.5591,-7.1097,-7.8771,4.1621,-1.7392,-5.6977,0.154,-0.2319,5.3255,-5.055,1.0137,9.6931,7.6214,-6.8392,-6.4274,0.0406,5.8836,-5.495,3.1427,1.5989,8.7626,2.6111,8.0448,2.9383,-7.1721,-0.7262,-3.0877,-8.9795
-8.1051,3.1073,0.7872,6.0999,5.0061,-5.9819,7.1716,4.5458,9.7247,4.8208,0.923,-4.3254,-1.8139,-7.5896,7.5764,-8.5405,-0.4505,5.9329,4.9319,-0.025,5.5307,7.4482,8.9464,5.8105,-9.5957,2.3526,-8.1927,2.2985,-3.3181,-7.5682,3.8855,4.3807,2.4243,0.1843,-4.6809,8.7683,3.6955,8.6355,-8.0306,-6.3993,8.7583,-1.9409,-3.1282,9.7758,-9.8457,-3.0623,-3.2851,-1.0638,-1.3528,5.7017,-8.5918,3.4175,6.8964,-8.3298,-2.851,3.232,-3.2662,3.3118,3.6433,8.1997,8.8794,6.7151,-0.0776,6.2351,-5.1092,5.7312,-5.9781,6.5686,9.4708,-6.7126,-0.1406,-0.3168,-4.5322,-1.2599,8.8862,5.3525,4.1997,1.8375,2.7099,-8.2412,-8.5103,-3.6435,8.1582,0.9541,7.2828,-3.3245,-0.9553,-1.9972,0.1129,2.7982,1.2445,8.1092,-0.4837,-7.1327,0.6491,-2.519,5.9198,2.2495,-4.6901,6.3896,-7.5009,6.3838,5.8562,-9.8371,3.3638,-7.463,0.4073,-5.518,-2.973,-1.4453,-3.7297,-0.3116,0.1017,-3.448,-5.7799,-8.1457,3.2474,-1.8614,5.35,-4.6554,0.6635,-2.1301,-5.2301,-1.8642,-1.9587,7.8957,4.2822,2.838,1.3936,-1.1525,9.5404,-8.7881,8.7945,-5.8414,0.1556,2.1192,8.5023,-2.9517,-4.1147,1.1874,7.011,-8.7594,-2.2918,6.6459,1.8244,6.6732,-5.4676,1.4703,-1.1107,-9.3034,1.7315,-5.6548,-7.1107,-4.3337,-1.2736,1.415,2.2346,-8.0039,-4.1439,1.4124,-4.2582,8.4782,4.8989,2.4574,-0.9451,9.2843,-7.1925,1.2683,1.1539,-0.6906,-7.2884,-6.242,-3.8726,-9.037,-5.0326,1.4204,4.8339,-8.7146,2.1728,4.0935,0.1666,-7.328,0.7671,-0.4045,0.4738,-4.7103,-1.9056,-6.5208,9.234,-2.073,-2.3939,-6.2408,-9.4622,-5.1317,-8.329,-2.6626,2.0711,-9.639,8.8422,3.4739
9.5841,3.7994,-1.0445,-2.7182,-0.3832,-2.4737,3.3114,-7.823,0.42,1.1702,-6.6959,7.9384,5.9074,5.8324,-4.9157,4.1823,6.3581,-6.7438,-3.3502,-7.8147,7.5743,2.9698,-4.9351,8.3136,-6.056,6.1478,9.9917,4.1333,7.5736,5.504,-4.1034,6.0411,8.8647,-3.1768,-4.0899,0.7439,3.4119,-5.3197,2.9313,4.2139,-0.0238,0.9173,-3.4737,4.6459,6.478,5.1722,-1.9247,-8.5262,-4.7494,-1.765,-8.3956,8.9845,-2.8775,-9.7669,-6.7283,7.0887,-0.4395,-7.5964,8.8845,-6.1059,-7.7836,-3.2619,4.2633,-4.1203,-5.7882,2.6293,9.7201,-0.6961,-9.5056,3.2658,-9.8102,8.1511,-5.8734,-7.9632,8.3671,-0.2334,-3.3416,-8.3909,-8.1799,5.0961,3.8837,-1.3531,-1.4242,9.1199,2.4258,2.504,6.8518,-1.9988,-8.7435,-6.303,5.226,-3.6715,-4.5324,5.0426,3.5953,5.5859,3.7247,-0.2963,6.2509,2.3238,-0.1908,-8.9642,-0.3359,-8.5173,2.4311,-6.1888,-5.353,-4.5517,2.3361,-5.727,9.284,1.9467,-2.2475,4.3779,-1.5364,-5.0195,9.0107,-1.8461,8.3259,-8.868,7.2681,3.5414,-6.2369,5.4287,-7.193,5.5396,0.104,4.2699,2.1229,9.9638,-0.051,5.3882,6.2758,-6.7543,7.8133,-2.3378,-2.9857,2.7463,-4.788,-0.2564,5.2637,4.615,6.8703,-3.3095,-3.7726,-3.4404,1.2427,-0.5412,-3.9195,-8.105,5.2108,-1.3318,-6.3016,-1.4123,-9.1165,0.955,-7.0502,-5.0232,2.9089,8.433,-8.0735,-9.339,-4.8898,6.8812,9.2397,-5.9995,-3.4039,-7.1181,-1.884,-0.4293,4.7215,3.7224,-8.0534,2.9916,-3.684,-7.471,-6.456,5.0591,-0.9154,4.3492,-0.2549,-5.543,-3.6031,9.1204,3.6651,-4.7875,3.0445,-2.8057,5.0902,-7.4317,2.7292,4.0099,8.4842,0.3431,-4.5443,4.5678,7.7218,-3.8115,-7.6374,-3.7011
-1.8514,-7.6291,5.3199,2.6635,3.4113,-1.273,-6.2918,7.2355,-2.0018,8.949,7.7314,8.8054,6.8031,6.9736,-3.4258,-2.0472,-6.1445,-9.4929,4.3062,-2.6267,3.7414,-0.8114,6.4439,-4.1742,0.9553,-3.1956,8.0706,-6.4511,-2.7527,-1.4031,3.4402,0.3007,-9.3359,-2.5599,-1.6007,1.8099,-0.3113,2.3682,8.0982,3.8111,4.2728,9.5778,-1.8821,-3.763,2.7957,2.5062,-4.7999,-1.6905,-0.2534,-2.5996,7.6441,-8.2429,-4.0409,1.5485,-3.232,5.0494,0.2113,-2.7372,6.7888,-4.8766,1.1587,3.4529,-6.6979,-4.0298,1.5344,1.2405,-1.146,-2.9245,8.025,6.4369,5.2717,-9.0932,7.8893,2.0258,2.241,-7.3023,-6.8631,-5.3254,-7.8105,-3.1574,-1.7055,-4.2494,-6.6743,9.068,-2.5072,-8.1133,6.0532,8.5342,8.7421,-7.9741,-3.053,-9.729,-1.8637,-7.0846,-9.3783,-1.5138,-5.0741,3.216,7.1354,5.2014,-7.5751,5.5037,3.5127,-6.9487,6.0522,0.6319,5.0633,-9.7943,8.8056,6.4131,2.2284,9.4007,4.9747,-0.2212,6.5297,-6.3912,4.017,-8.38,-9.9136,1.5299,6.6733,-3.619,-9.2225,3.1038,-7.4248,-6.4875,1.3982,-1.2721,-6.9015,-7.0208,-7.0432,8.4792,8.3945,-1.0724,-9.103,2.5645,6.8919,4.2163,3.026,6.0153,-6.2338,4.9164,-6.2307,5.1161,-1.9957,-9.4342,-9.0312,7.8091,-8.131,8.1184,9.8433,7.6756,3.1149,-1.235,0.9346,1.872,-4.6759,8.3318,-9.4187,0.206,-0.3548,0.1274,-5.0595,6.6752,9.1632,4.0417,1.8815,1.4925,-2.2437,7.7743,-8.9768,6.6029,1.0483,3.4674,-5.8518,-0.5637,4.9455,-3.0254,0.4762,-8.5665,-7.2398,0.1355,-2.3907,-3.7641,-0.3266,3.906,-3.2842,-2.6251,4.0745,-1.6633,5.759,5.7128,4.462,-8.1244,-5.591,-7.7719,-3.297,-1.4497,1.6098,4.6079
-6.5461,-7.5422,3.3199,6.6661,8.6161,1.2614,1.2971,6.5398,8.9834,0.0902,-4.3748,-7.1493,-9.3543,-3.6984,-1.0106,-9.2711,4.062,6.5254,9.4029,-3.7345,0.8989,-5.1795,-0.865,1.3448,-8.4122,0.1372,-5.4452,2.0467,1.031,-2.5459,-1.5487,-4.0989,-5.7119,6.2351,-3.9424,-1.2172,7.1293,-0.6178,3.6696,1.4618,4.6294,-6.096,9.3548,-0.9764,-6.1476,7.6381,-8.4373,-4.7969,0.1375,5.1083,-2.3188,-4.7412,-0.3269,7.322,8.5881,1.7422,1.9825,-5.2158,-0.7131,5.7734,2.1612,-3.0831,-4.1702,2.3911,-5.4911,-6.1772,5.023,6.6829,4.3766,-4.5334,7.1258,7.6864,-2.8873,8.6864,-1.8909,-2.43,-1.2814,-0.0629,1.4244,8.572,-5.0412,1.6148,-8.3586,-1.8544,-0.273,1.3547,8.5823,-1.8423,-3.1176,-7.0791,1.7145,-7.5103,9.7657,1.769,-9.8407,-8.208,-1.0301,8.0377,5.9707,-0.0529,-8.5167,-4.222,2.4309,8.3493,8.8866,8.0218,5.7452,-4.09,-3.5708,-5.1092,5.9214,-2.376,-4.8433,-1.0676,-3.9353,4.9524,-7.9649,-8.4688,0.0697,-6.3386,5.1947,-7.7865,-9.6642,-0.0889,-4.3474,0.742,8.2105,8.5171,5.8943,-9.664,4.2306,1.1674,-2.6209,-8.6745,-4.5049,6.3429,-0.9712,6.6826,-9.7331,-5.3559,2.8433,-0.4851,5.2472,0.6498,1.5172,9.1109,7.0041,7.5843,-7.787,8.8779,-1.241,-8.6164,-3.3877,9.1895,-7.6764,3.0594,-9.5856,-9.3673,9.3542,7.4085,7.2967,3.3045,-0.7164,-8.3437,3.6073,2.6356,-0.8806,4.0971,6.0814,-9.4786,8.6563,2.6162,9.3209,3.9621,4.6213,-5.6064,-5.3001,4.9751,-5.3083,0.3939,7.3362,-5.0873,3.8933,-6.3709,-0.9857,6.3959,-7.9559,5.282,-1.3798,0.2243,-7.5272,-2.2229,-1.433,-7.7019,1.1728,-7.7798,-7.4971,6.148,1.5167,-8.5516
3.2228,-0.5334,-6.6683,3.9278,4.9002,-7.5641,-0.2201,-5.6312,-3.0443,-6.0627,-2.7695,3.9463,-5.1553,2.5084,2.0835,-4.8421,4.4738,-6.9613,1.4181,-9.9315,2.579,1.8634,8.5774,-5.2076,3.2279,-8.5388,-2.0806,-4.0151,-2.5535,8.355,1.2535,-6.9069,0.0226,-9.2714,6.8052,-2.7649,1.248,6.2175,-3.2023,-8.2124,0.1038,-4.7813,-9.889,0.0038,-5.8352,-3.414,9.5785,5.9969,-1.1013,-8.8937,-4.2558,-1.0745,-4.8729,9.9713,6.2763,-7.6777,-7.051,-1.2264,-0.3517,-9.3101,-6.0942,1.213,3.0687,3.5983,5.9559,-9.0914,-8.6512,6.5013,-1.697,4.324,7.9918,3.6291,-3.4444,-1.8297,0.4959,-4.8093,7.3167,-6.1665,4.8401,1.6014,4.5048,6.3047,-5.4769,-2.3919,9.3814,5.0153,0.9037,-6.0347,3.5841,-3.2715,-5.0374,-8.8343,-3.3812,-5.8815,5.9217,-3.3602,-0.1066,-9.0914,-6.5395,-7.2007,-8.0512,-0.3281,-0.9874,9.3632,-3.453,-9.1617,7.579,0.7575,-2.4233,-2.3352,9.7484,-0.4252,9.1659,-6.5595,-5.1989,7.2449,-8.8943,5.5643,2.2188,6.0665,-6.4665,3.2374,-2.2956,9.0271,1.1845,-7.6853,-5.8595,6.3194,0.7158,-0.7865,7.0549,-7.5851,9.4703,0.301,0.2681,-8.3755,-8.7428,-5.2495,5.6388,6.7704,-7.6753,-2.7587,-2.5665,-4.685,-8.4143,4.5074,8.4464,3.0678,-0.6772,-8.9375,-1.8306,4.8224,4.2587,2.9372,-3.4657,3.5231,4.6164,1.9081,2.3467,7.3028,-2.3529,6.361,4.0293,-0.576,-0.8953,-5.0677,-6.6824,8.7136,6.7265,-4.764,-8.5083,1.7594,-5.9371,4.3262,-4.7908,5.3515,-9.9382,-3.9633,7.9561,-2.5666,5.341,-0.8418,3.5337,-9.3576,-8.4445,8.0758,-7.1368,-4.7576,-1.5425,5.0871,3.3107,-5.1853,-6.2799,-1.8908,1.909,-3.8493,4.0575,9.0918,5.3483,-8.964
0.5082,1.1075,-5.1777,-3.0422,-0.1368,-1.7613,3.358,-9.3151,-9.5036,-7.0919,-0.0819,-2.7523,-7.7498,-4.7866,7.0191,-8.6094,5.523,6.7877,-3.4418,-2.4456,-2.2214,4.6529,2.4592,4.6376,-3.9958,8.7786,-1.917,-4.974,-7.4126,-7.3401,1.0179,1.9166,4.1806,3.1127,-0.0427,1.9363,8.7223,-4.9944,-8.6118,7.9607,9.013,8.6644,-9.7302,-1.2002,-6.2191,6.8472,5.2688,-7.8271,9.9051,-3.6066,-0.0312,-0.2358,-2.4458,-8.5341,-0.8246,-0.0759,8.0047,9.3023,-1.1775,6.2584,5.604,9.7759,8.2781,-5.6517,-3.5443,-0.8776,-4.9977,3.6132,-3.8974,-1.9602,-3.0447,-2.7508,2.8201,4.078,5.0769,-7.2367,-3.5292,7.9569,-8.268,1.4229,1.6155,-7.9602,-5.2414,-1.1613,-1.2517,-3.221,-9.3908,-0.1,-5.6368,2.955,7.0586,-1.8461,0.3498,-8.6598,4.457,-4.9296,-3.4318,-1.2676,2.1256,-1.197,5.0205,2.535,5.9018,-0.7081,3.3691,6.1395,-6.5095,-1.901,-1.6036,7.0996,0.208,3.7953,7.6578,9.8253,-9.0193,8.1499,-7.5015,6.1646,5.8236,8.6163,-0.2085,0.0221,4.1665,8.2667,1.4916,0.0425,-1.2471,4.6778,-2.5788,1.9893,-1.3084,6.0796,5.3245,1.8892,-0.4215,-8.5898,-4.4944,-7.0574,-5.2195,6.6257,-1.1641,-5.1078,7.4032,7.9802,9.554,8.6148,-2.1722,3.1587,-9.6651,3.4312,5.1893,-3.5632,-1.9812,8.7591,6.4073,-4.7369,6.651,5.816,-0.3702,-8.4152,-6.7014,7.1964,-6.9067,-0.2947,9.4672,9.7688,5.7428,-7.9984,-6.1551,-7.8905,0.4445,5.4139,-6.7165,3.7035,-6.6268,9.4558,3.1727,9.669,9.7608,-9.344,-8.3134,-7.9469,9.2263,7.3102,3.1376,9.2149,-1.6105,-7.2535,8.6339,3.8315,4.3286,-9.8712,-3.8612,-9.5621,-2.1977,-6.9869,-1.8293,2.0379,1.8132,2.7746
-2.8382,-5.4322,-9.1606,-4.9832,8.0843,-8.3839,7.9618,8.4405,6.7723,3.7637,4.5469,-0.5417,-6.4291,-9.5249,9.1158,-7.3921,2.6032,-3.4463,2.9688,-1.5116,1.4486,-7.0401,5.9612,2.9108,-1.5533,5.1678,-5.7917,-3.6749,-8.3753,4.1674,2.8985,9.4432,-0.8329,9.3754,8.2375,5.4497,7.7205,-2.0642,-0.5435,8.9951,-3.7579,-6.3218,8.8809,2.2234,-0.7919,-3.0588,1.9178,-7.6861,1.2145,4.1654,-2.9271,-6.6738,-0.7577,-5.4772,6.7036,-4.8181,6.4005,-5.58,-9.9499,0.0176,7.5251,-6.0964,7.3232,-0.0199,-8.956,3.2299,5.3839,4.1401,-5.8244,2.6823,-2.6005,2.3495,1.5263,4.8962,-3.3516,-1.6481,-9.9218,-1.5564,0.0313,4.1042,5.2787,-5.5211,5.0057,6.8014,9.828,-4.5421,1.2542,-1.8858,-9.8745,3.209,-1.4291,8.9681,-3.4818,1.8805,1.9378,-7.9105,5.7003,9.9078,-7.2181,-5.2742,-1.036,5.6202,8.2854,3.1959,6.7731,8.9913,-5.777,3.1578,-8.7618,-3.3184,7.2936,-7.6324,2.328,1.1089,9.492,-6.6347,-4.1825,-1.1713,-5.5949,3.8705,7.8451,-7.7797,-2.7421,1.5284,-9.7249,1.964,-8.4775,4.2877,-0.1317,-4.4778,-8.8553,-0.2692,-6.8289,-4.034,7.67,5.7578,2.6891,5.671,-4.1576,9.0717,6.4531,-5.5201,-7.6358,3.0637,-6.6888,8.865,4.7478,9.2127,0.395,-0.3873,2.4323,2.7825,6.6739,9.4924,8.5347,-9.7258,9.3717,0.0144,4.9277,-2.728,4.3081,1.2048,3.4325,-7.3008,-3.33,7.5866,7.3161,8.5862,-3.2153,5.8085,3.8923,-9.8635,7.8918,-1.6934,0.5074,-8.9407,-5.8939,7.7248,-4.9298,4.5218,-5.3331,-8.3383,-2.3104,5.4105,5.5652,8.8445,-1.6549,8.7518,6.6145,-9.1696,-5.8323,-2.9486,-8.2337,8.0134,5.8428,8.506,0.539,9.5458,9.5491,-8.3481
3.6422,-7.4995,7.9753,-9.1835,-6.9182,4.9633,-7.0222,-1.1757,-6.922,2.8259,2.2017,8.3388,9.8573,5.7229,4.5686,7.7673,-3.2373,-2.5222,-4.9179,-1.9752,5.0762,4.9787,2.8415,5.6622,6.9202,2.3243,1.6158,-4.5718,-0.5362,4.2959,-6.8359,3.7773,1.8904,5.6719,-0.0353,5.9836,-0.9717,2.7958,2.6265,7.7758,6.1508,8.2821,-0.025,-8.8029,-5.0452,-7.9464,7.8521,0.955,-5.9047,8.202,-2.5874,6.1679,7.2226,-3.366,-0.7195,-3.173,0.7168,-6.7004,-2.5789,5.32,9.508,2.9602,-1.7487,-3.8469,1.3096,2.5349,-4.7427,-8.5168,-9.6596,1.0897,2.023,7.9411,-5.1744,8.6478,-0.6003,-0.4613,4.5602,2.9613,2.0567,5.2651,9.5645,-0.0862,8.7355,-6.3329,7.0762,8.9025,-3.4256,-7.7365,-0.0928,-3.0823,7.9061,4.9089,-0.5002,-2.8444,-6.1612,-9.5419,0.1267,-3.4433,3.3712,-2.3537,3.2159,-5.6569,8.2932,-5.359,-3.6638,-9.0742,-3.9598,-9.7737,6.4007,-0.3845,6.3041,-8.7666,-8.8055,-8.4504,6.7721,9.973,-3.2818,-7.4175,4.2476,-8.4852,-3.3227,4.9153,0.1109,6.3031,9.2375,0.9782,9.4347,-2.4961,-8.9205,-2.5603,-6.1746,3.998,-7.1399,6.7016,1.5473,1.2048,5.395,9.4957,-3.9849,-9.555,9.9343,-9.0295,7.7728,1.0138,-8.9898,3.8435,-9.8426,9.615,7.4887,0.877,-0.5163,-6.6726,3.5486,-6.4628,3.2972,-4.2682,2.6068,1.4282,-6.3886,1.3078,2.0817,-6.5776,-1.6174,8.5639,7.6472,-4.2091,-3.4605,0.4727,-7.3121,9.7078,-7.9122,8.3301,-6.8437,2.9756,8.2511,-5.1643,6.3716,6.1036,-9.9326,-1.9113,7.8238,-0.0443,3.0861,6.5449,-9.9383,0.9703,6.3559,-6.1601,-0.5739,3.793,-6.5691,9.0527,3.3381,-0.7699,0.4417,6.5486,2.1917,6.6321,9.8477,-7.4859
-3.1001,8.5031,1.8793,-0.4105,-4.2547,-8.1997,-0.7055,-4.3004,2.0525,8.6512,-0.7643,-4.6405,-6.2201,9.4328,3.6696,4.7028,-2.2267,1.7723,6.105,-3.2225,-2.3062,0.9079,5.4632,-0.5306,8.0796,-0.8729,-2.7894,1.7781,6.5702,-4.9891,5.4203,5.625,0.4057,-3.6538,4.5167,-4.3013,-9.8059,-9.9156,5.9135,-3.8199,4.2577,-3.5919,4.8402,-3.7823,3.489,3.8632,-5.3278,8.8205,9.0189,-0.4144,-6.4669,7.3165,-5.858,-5.4994,-5.7395,7.5233,8.8867,6.8009,7.5809,6.485,5.4819,-0.8569,-5.7692,8.1669,1.4279,8.6516,9.145,3.3393,-1.3716,-2.9968,-8.2324,9.6096,6.6975,-1.9844,-8.524,-3.5354,-3.7747,3.0864,-8.572,3.6926,-8.491,5.811,1.05,2.4802,-6.7301,-1.199,-7.7113,-0.3996,-0.9151,-4.4274,-0.6811,4.4134,4.3286,-8.059,-7.6894,-8.0046,4.2139,-0.6038,3.7539,-4.5786,3.7357,8.6376,-4.4063,5.2042,9.4711,-8.9976,-9.4713,-2.8497,-7.9095,-4.3905,-5.0128,-2.4406,-7.0298,6.2606,-3.5414,-7.5304,7.5965,6.3503,-2.6156,-3.7153,1.903,-2.4039,-2.6922,3.052,-3.6095,-0.0027,-8.591,-7.797,-4.9415,6.6206,0.4038,6.7208,-9.8387,-3.7535,6.4366,-9.8796,-0.0388,-2.5559,-7.5517,-8.6417,-1.608,8.5612,-3.2599,-8.696,-4.737,-4.4911,1.99,-4.5953,2.2539,-8.6768,-6.8434,4.2597,5.0594,-8.7089,0.7497,-8.0162,-5.4254,6.8987,6.2302,-4.1388,-1.5972,-3.9392,-0.467,3.8173,-7.7993,-7.7291,4.6781,-9.5101,2.8251,1.3771,-9.5075,0.2068,-9.8277,3.5273,5.6996,2.3802,-6.5135,7.3667,-9.9187,6.6981,4.8939,-4.3584,3.1587,-6.0829,-5.6595,0.0134,-7.4326,-2.247,2.7496,1.393,7.1684,0.9938,2.9903,-9.8027,5.0297,-5.4119,6.5651,0.9992,2.2887,6.3709
5.1729,4.1334,-6.0213,-5.7133,-7.1143,9.8167,5.5914,3.0983,-7.0759,5.9281,3.3201,2.191,-7.596,-5.0665,1.0879,-2.4977,-4.5089,-2.9617,-7.0592,-0.0701,-0.1213,9.1043,2.3204,7.9312,2.8159,6.0699,2.8096,-5.8411,6.0697,7.5172,1.9486,-1.6388,8.5126,-9.113,-4.1683,-1.4087,-7.9852,8.1382,-7.682,-7.9659,-4.8518,-8.3325,2.4983,-7.7532,-4.3885,-5.3131,-7.847,-7.0422,-8.7586,4.097,-0.2956,1.2422,1.7834,-9.4938,7.7686,-5.3589,0.8662,-7.8249,-0.7245,-6.7896,4.8758,2.0696,-6.1565,-8.1417,8.0856,-3.0225,0.0212,4.1658,-0.2307,5.1993,-0.5467,-4.8981,2.9811,-8.0581,1.7965,-7.036,8.2671,-0.4527,-7.6013,-5.7088,9.2537,3.3871,-7.0511,-2.9301,-1.418,4.0561,-2.9222,2.2796,-2.0437,-9.781,2.6612,-7.1871,-3.1586,6.5848,-2.9038,-1.5056,6.6837,-0.9564,-6.6643,-3.2078,3.6003,7.3279,5.8089,5.1365,-1.2946,2.1106,0.6433,7.4884,0.3119,-2.8603,0.4855,-5.3146,6.9649,7.1945,4.4839,-3.5469,-9.9412,-2.7604,4.9988,0.7518,9.9556,-6.2681,-4.3826,-5.9838,-0.5279,3.3555,4.6452,6.5371,-0.3543,-0.6647,6.1234,3.0387,7.2229,9.1124,-2.3734,3.5182,-8.1535,9.5317,5.2339,6.4849,-9.1458,9.8243,6.0492,1.5693,7.5819,2.9835,0.6867,8.2708,-8.4476,3.7641,-8.5469,2.3535,4.1021,1.4548,2.3167,8.8654,-4.6924,5.5653,-8.0933,8.2031,-5.0917,-8.5919,-1.2579,-5.3419,8.9651,3.1971,-7.5846,-0.0451,-9.4887,-9.5564,-5.1426,-5.413,4.0538,7.5238,9.2196,6.9286,-2.9559,-6.9606,2.9876,4.7342,0.6655,8.0808,5.793,2.2906,0.0801,-5.2344,-0.3156,-2.4392,-9.1548,1.681,-7.342,8.2666,0.3502,-5.3413,4.0253,-5.5628,-6.3713,5.0024,0.8692,-9.8532
1.6657,-6.9048,5.3103,7.4497,0.2615,9.1041,2.6237,-9.5769,-7.9805,-1.5091,7.9525,0.0211,-3.4417,6.0751,2.7529,3.6991,-9.164,-9.0632,-3.7318,-5.7119,-0.9316,3.3421,3.871,-1.2593,8.1462,-5.9121,7.2762,-3.0272,-6.7316,5.5666,-7.6848,-4.1418,-4.789,6.8096,-3.584,4.2023,8.2408,3.2522,-3.5837,-0.5328,-7.9043,-7.9468,6.0035,3.3433,-2.5849,4.9545,9.6358,-6.3375,-4.3869,-8.1151,6.3666,1.2875,-6.3441,-9.1312,4.1878,3.9723,-9.7388,2.7835,4.2448,-7.3707,-4.4919,2.6691,8.061,2.537,-0.0603,-0.1436,5.1327,-6.4846,-9.8593,-6.8951,-8.6705,5.1575,0.3738,-7.4748,6.883,5.2066,6.5642,-2.8182,-7.0368,5.6802,5.7045,-0.4361,3.3958,-1.7208,0.7275,-1.3425,-5.5567,1.7258,4.8411,-4.1151,9.9285,-6.5835,-0.0202,-6.2666,5.0667,-6.5897,4.1148,5.0621,3.7652,9.2655,5.5532,4.8863,5.4322,4.788,9.3365,3.0522,-4.108,0.9709,-5.8491,-5.7045,-7.7057,-1.3288,-9.559,4.7968,-7.3944,-7.3312,8.1265,-3.4953,-5.0778,4.3093,4.4093,3.7565,4.6209,9.6051,2.2576,8.4759,3.37,-0.9554,0.7898,-7.342,-0.2761,6.6058,-7.8501,-1.8444,1.9725,-0.8889,9.537,-3.5878,-9.6648,2.3929,-1.399,-4.7214,8.7102,5.9106,-8.4982,-1.1623,1.6472,-5.1049,-9.563,3.1196,4.1833,8.2692,-8.933,-7.679,7.3721,1.6076,-0.8631,3.5214,2.9759,1.3506,-6.8239,5.9515,3.7719,2.5634,-2.4079,5.9642,-4.2156,-9.5251,-6.8648,-2.4969,6.9093,8.8128,-1.2889,-1.3811,-0.4986,5.3711,-5.7417,9.5389,4.2496,-6.5254,-2.511,5.3602,-9.2482,-7.6622,5.9578,3.4913,5.0407,-8.0725,-4.0172,-5.3117,-5.6496,-5.0183,2.8224,5.9573,3.6073,-1.3089,0.2932,0.8893,6.7225,2.3027
-1.3364,1.5934,8.4739,1.4085,5.0607,7.38,-1.1009,7.4525,7.1166,1.7267,-4.5278,-2.2891,7.0694,9.519,8.9998,-0.1099,2.5047,-8.6117,-7.0228,3.7058,-7.4698,1.2449,-2.7425,-0.4813,6.6739,4.7962,2.9455,6.6365,-8.452,-8.9941,2.6034,1.9387,8.5258,-3.6183,7.5517,9.775,7.6837,-7.849,-9.6611,8.8538,-9.8174,-7.229,7.8184,-8.3217,2.4453,0.5694,9.8059,-2.0956,-8.5775,1.8922,-8.6528,0.2797,9.4821,1.4729,-8.1266,0.0951,-5.2348,-8.6817,3.0863,-1.0004,-6.6565,1.9875,0.8085,-6.1952,5.571,5.3427,-2.2983,-6.4035,0.1404,3.7525,8.2479,-4.5548,-4.7954,-6.3042,2.1351,6.3147,4.2497,-4.8356,-3.7619,-2.0549,-3.3896,-3.6737,-3.8567,-2.2425,-9.8587,8.7496,-1.8899,-3.8352,8.3321,-6.6105,9.2863,-1.6762,-4.3955,9.3387,-8.0991,5.8643,0.8412,-5.2824,1.5857,-4.6048,9.5692,-3.2007,7.4771,9.0809,8.5328,7.7417,5.4773,8.6665,3.1996,2.5347,8.5729,-0.8278,-7.8344,5.4709,-5.4629,-2.3724,-9.2888,-2.8514,7.0408,-0.9831,1.7294,-7.7737,-0.4659,4.3462,0.5052,1.8799,-3.3881,5.6336,-3.9675,-1.8088,-9.0628,9.6005,-2.845,-9.7457,7.7718,-5.1058,-9.9829,9.4708,1.6444,-7.7071,5.9045,-2.2921,-3.6221,-5.0888,-8.8771,6.9427,-6.9538,-4.5925,-8.9765,-5.0513,-2.9603,-5.3284,7.2161,-8.925,2.6937,-9.4579,-8.5967,0.3909,-8.0533,2.8459,-8.096,-7.7891,9.6968,-2.6837,7.6308,5.0566,5.4475,7.8714,8.3028,-7.9188,6.8277,2.7698,-6.4036,-5.8991,0.4818,-1.7475,0.2926,3.2656,-1.8892,-9.1651,-0.9915,-4.5196,0.4252,-0.319,1.4155,0.9655,6.6847,6.8837,-2.749,-7.0531,-4.5812,-8.6226,-8.8883,3.212,2.3741,-1.3909,-5.9732,-0.2764,-3.5669,-6.7929
-2.6975,-5.1688,-5.4122,6.0613,-8.8423,-5.6387,-8.0149,-7.6104,-0.5247,5.2579,-1.0398,5.486,-9.8229,8.9782,-6.0574,-6.3881,4.1973,3.4394,7.3075,-3.2291,2.1415,9.7517,-6.9547,1.9522,-4.5639,7.8607,3.4145,0.5803,-8.8647,-1.5916,8.0675,2.7664,-8.7033,-7.9995,0.966,-2.1734,9.1146,-6.4935,-9.3883,-3.2622,6.7239,2.7743,-5.8898,6.9251,6.0533,-3.612,-8.6749,2.0195,8.8877,3.5105,7.5065,-9.0023,-8.4555,-2.866,9.9015,5.5907,-3.8877,-8.3263,-2.8627,3.7146,-6.3938,-8.2914,2.0221,-2.9997,6.005,-4.9226,-3.7113,6.6134,5.8669,2.498,-1.6511,7.7863,-7.1224,2.08,8.0261,-9.7372,8.1146,-5.0077,-3.7794,-7.5405,6.676,5.7468,7.9843,-4.8388,5.5592,-2.5974,9.1095,3.0826,-6.485,-3.1921,9.7513,9.8511,-0.6136,-3.0804,-0.0483,-6.2779,2.6498,-0.0546,-9.8425,7.1905,2.1905,2.8478,-8.1282,-1.0996,-0.6853,-3.9763,1.013,-8.0995,0.4533,-0.2139,5.5677,5.4439,7.9922,-4.161,-4.909,6.1845,4.1521,-3.4413,6.364,8.3294,-1.7533,-3.3355,1.9174,-9.6375,2.8922,-6.8004,0.0382,-8.5943,3.5805,-3.2712,-7.3475,5.5655,0.7211,4.9057,-7.9893,-6.7267,8.3067,0.8679,-5.391,-6.3814,-3.7856,-0.8974,7.9944,8.8376,-8.1438,8.2901,4.906,-2.9012,-3.4756,-4.8688,0.7045,-1.1788,-0.8688,-5.8962,0.8572,-7.8854,2.9437,-8.8588,-9.1634,-1.8869,-1.6034,6.6678,6.752,-8.0159,3.2972,7.4389,4.8544,5.186,8.8267,3.2908,0.4119,8.7207,2.2292,-9.2844,6.1465,4.1523,5.5033,-9.0675,9.2409,7.4261,-9.8855,-4.3597,4.9532,9.0919,6.5561,9.9892,-5.2302,7.0035,-1.3053,8.5958,-9.5038,7.5821,-3.0738,-8.3186,6.8905,-5.4456,0.1901,-7.961,8.312,3.2926
-3.4028,-6.2004,-6.2383,3.0884,7.2829,-1.1531,-8.1866,-3.7835,-7.7618,5.3015,5.4356,3.1277,7.6172,2.6594,-9.1974,-9.2361,5.5711,-0.9264,4.6944,-9.7672,-5.3843,-5.7932,-6.9606,7.634,-9.3906,-9.3254,7.4013,9.361,3.5108,-9.7685,5.0403,1.131,1.6413,-6.8131,9.8793,-1.5357,-0.9631,-1.235,3.3125,1.5832,-1.9481,-2.39,-3.5251,-7.8126,7.8105,8.1052,3.8113,-7.6339,-6.6457,-2.2404,9.7921,-1.6742,-5.2463,-0.7678,7.1031,-7.2185,-0.4363,2.3574,-1.3164,5.7262,-5.0484,-6.2182,8.5963,-2.7798,5.0285,0.5999,-5.1627,3.1077,-6.2546,-2.757,0.5186,-6.2229,1.9358,-8.21,-1.6113,-9.5283,3.4895,9.0833,-2.3396,2.2432,-5.0295,-1.5035,-0.8353,-2.1446,-7.9095,-5.454,-0.6174,2.5661,-7.7663,-4.0744,0.1417,8.1049,6.7198,-3.5016,-3.214,9.8207,-1.5253,3.6071,6.1363,-3.4263,0.2287,0.2961,9.6811,8.7414,1.5312,7.5972,5.434,-9.8339,-4.0123,-6.3545,6.7734,-9.5681,-1.0661,-1.1254,0.3857,0.7389,5.5632,-7.1361,3.2721,0.6604,-7.7641,-8.8692,-0.3206,3.5084,-4.918,6.7604,3.2877,-8.8348,-4.9962,2.3583,7.7984,-4.3187,8.546,-8.3456,5.2865,7.0713,5.3984,-4.269,4.7197,-8.4976,-2.2827,-0.8138,-0.1979,6.0844,-2.7006,0.3015,1.1088,-8.3844,0.29,6.818,1.6631,-2.5356,9.1154,6.0018,-7.1476,-7.0909,2.1495,-5.074,3.7066,7.6445,-1.2694,1.2264,1.9942,-2.6378,1.2,2.2822,5.5913,8.1076,-0.8358,3.4758,-6.8612,4.1094,8.1754,5.3521,4.3989,1.5499,-0.2507,-7.0856,2.8311,8.5465,-0.6103,-6.683,9.0048,-9.8123,-8.756,-4.562,-6.5745,5.5644,-9.8364,7.6088,4.8517,1.1596,1.8554,-7.8661,5.7462,-6.1494,1.5804,-3.9704,-6.3778,-4.5445
5.486,1.2374,7.9327,-5.9715,-3.9107,-5.9148,-1.5159,-5.0863,-1.2468,3.0311,9.2227,-3.3779,1.2862,-8.9231,8.8253,8.2092,2.6864,5.2165,8.0867,-7.2059,-1.7902,-4.395,-5.6371,1.3029,7.1823,-9.1261,-3.5945,-7.3025,-3.1265,5.4503,6.0026,-6.9298,0.0464,9.7133,7.6676,9.3033,-1.2802,8.0115,0.7093,-1.0698,6.4375,-0.6462,5.9077,8.6062,0.0343,0.1661,-6.1575,-1.539,1.0612,-7.0708,-7.8662,-8.9176,0.8659,2.1391,-5.7864,4.0973,8.7878,0.5086,4.3858,-8.9009,8.5013,7.4653,-5.8134,5.9454,8.5932,-8.6026,1.1389,-5.3888,-4.2755,-2.3651,7.2699,2.2426,-4.9074,2.0128,-3.4617,-3.5517,2.5201,-5.16,-7.7023,-8.9506,9.2947,-6.5791,0.3356,0.739,-9.4885,-1.7444,3.0225,2.7712,6.8345,7.3923,5.4521,9.1824,-2.5258,-8.3769,-4.0498,-6.5032,-1.5701,6.852,-7.8514,-8.5771,1.7248,-4.555,-5.7365,-6.2295,-8.734,-1.02,0.9501,4.4995,0.138,-2.3444,-4.2377,-4.3759,3.3959,-3.0119,-6.9524,-0.7014,-8.0298,-1.0146,-3.7511,4.9138,4.0598,0.6023,5.2763,-7.7502,6.5566,-2.9606,-0.6889,-4.9042,-3.4646,8.8598,-2.7873,3.8211,1.0627,6.2081,-3.0606,9.4172,-8.9387,-2.1731,-3.9829,1.4785,4.1776,-7.3486,9.0044,1.6464,-5.2104,-1.1584,6.0895,1.1261,-8.2383,6.9387,-3.4145,-0.883,3.2878,9.0309,-0.213,0.5859,-6.1167,9.5565,-8.7143,6.4714,3.5181,-9.7373,-7.6096,-4.383,-2.552,-4.8625,8.2394,-1.4732,-2.4424,0.8987,4.7765,9.457,8.1284,-1.276,5.0532,5.0003,-4.0411,-7.242,-0.6932,4.3941,9.7038,7.2703,-2.1704,-2.2946,5.009,-3.665,-6.6761,0.7093,-2.2521,-4.7551,-3.5282,3.2875,-3.3314,2.0666,-8.5613,0.3489,6.1963,-9.7885,-7.5231,-6.3733
-7.5866,7.0527,5.4593,-4.1128,-9.7734,-6.2374,1.0632,-7.0972,4.0269,-6.0845,-2.928,1.2772,3.2465,4.968,2.8558,-8.0482,8.9187,-4.3954,-6.0976,-8.9796,9.2774,4.0085,-6.2618,2.8053,-8.9655,-5.4025,-8.0564,-1.8915,-0.2364,2.6281,-9.41,4.8862,-1.4931,-6.8315,-3.4657,-2.9799,-3.8714,0.0898,2.4641,-5.039,8.3395,6.3095,-8.1173,-8.9406,1.1111,0.5564,8.3363,0.0452,7.9903,9.0447,2.3038,2.6269,-3.7984,-2.3461,8.004,5.5884,-9.6203,-5.2821,0.0873,-1.7949,-8.6773,-9.4776,0.4285,-7.7889,6.814,3.4497,5.207,-7.3275,-9.6928,-1.1703,9.264,-1.3305,7.7546,7.0526,-2.1052,-7.7463,4.1374,5.1261,3.2201,-7.2359,-3.1454,5.5431,6.9941,-3.6208,-8.7059,-7.6067,-6.7889,5.0765,1.4577,-8.1876,3.8474,-6.4841,-1.9459,8.2828,9.8587,-4.4203,5.8513,-5.4171,1.4509,-4.6894,4.8458,-6.4627,4.8426,-8.5657,-0.7978,9.7668,7.0933,-4.9336,8.828,-4.3207,2.4409,-6.5093,-6.9919,3.097,-1.7355,-0.8439,-6.5522,9.2687,-9.7704,5.5259,5.9762,-2.0365,8.3617,-3.6163,-6.9691,-0.5624,-4.0595,6.0275,-2.9917,-2.5594,-7.4438,5.9073,-9.7259,-8.228,4.0768,8.9462,9.878,-0.5448,2.9806,8.6518,4.87,-7.1273,-7.0378,2.3833,2.1015,-4.4506,4.5005,-6.4657,-7.008,-2.8627,2.5429,2.994,-1.043,-3.3458,-8.7336,4.2384,-5.8388,2.3847,-7.6826,6.2909,8.0457,-1.3703,-8.4511,-1.2991,8.7086,-8.7269,2.3626,-3.8704,3.9533,4.9737,3.323,-1.4408,0.0059,-2.0975,7.6942,-3.4043,8.7778,-2.5058,-6.5817,8.7699,5.4606,2.4952,-6.3365,8.5723,-7.3751,4.0634,9.6266,6.5317,-6.1812,5.5166,-5.0371,7.1824,-5.4039,1.281,4.1351,-1.3159,5.7142,8.1545,-7.7651,5.9557
-0.8347,8.1653,-4.606,-7.9181,-2.9462,1.0854,0.0512,9.9073,4.3344,-6.9922,-6.4905,2.8774,-9.6053,9.4628,2.1995,4.7719,1.0143,7.2387,0.8789,-1.0584,-2.096,8.5311,2.0078,1.9598,7.3335,5.8162,5.9678,1.5208,4.9088,-7.7605,-9.7488,-2.5227,5.5068,5.7324,-4.9381,7.5947,-9.076,-1.6256,-9.123,8.5352,6.0816,4.3042,7.1757,-9.4424,-6.3236,7.3864,-4.0676,-2.3645,-7.2161,-0.5726,4.8594,-8.0517,1.2263,-2.2624,5.1991,-4.825,1.766,0.8278,3.6278,1.847,0.3556,-7.4722,-9.2208,-6.9722,2.2471,-9.3398,-7.4219,2.4023,4.9281,-1.6515,5.3758,-4.2919,1.7196,-5.4329,-1.3766,1.9671,0.1051,2.998,-8.7661,0.4601,-6.386,4.8953,8.3484,-2.6103,7.0716,-3.1726,0.4544,8.3257,1.2463,7.5972,-7.9522,-0.7465,6.5624,-2.3787,-5.8816,-9.7469,-8.6228,2.505,6.2818,-3.076,-1.342,-3.8513,1.0016,-6.2476,8.6542,2.5504,-2.5995,-1.2645,-0.2358,-5.8237,3.455,6.6151,7.5636,-5.1595,1.8484,2.0814,-6.8813,-9.4844,0.6105,2.9324,2.5495,-5.0611,-8.8776,-0.9471,-2.5046,5.1632,6.1967,-1.8238,9.4683,7.944,-9.1632,8.8414,-6.2554,-9.6684,6.1384,-7.2499,-0.7528,9.8681,5.5856,-0.723,-6.0489,2.2361,-1.3249,-4.867,7.8913,-3.0816,-0.316,6.1776,1.7204,-2.0002,-5.0159,3.4153,-0.8152,8.2075,-7.964,-4.7077,9.7806,2.4356,7.5756,9.1483,-3.8827,-9.0092,0.0473,-2.2768,7.505,-5.2141,7.7994,-2.7261,-1.4035,-5.5327,1.9406,-2.221,-0.902,2.0922,1.3081,7.7655,-8.0486,-3.4356,9.2689,-1.356,-2.5885,6.9506,-8.0947,-5.2157,3.2894,-1.7672,-6.9246,-6.7596,3.6258,5.8335,-0.4892,2.9591,-3.5421,5.7234,4.4385,0.73,0.0335,-8.4071,6.0508,2.3913
-7.7254,3.0028,7.842,2.1045,1.1611,3.7869,-5.5646,2.8536,-1.7449,-1.4815,4.0157,7.0496,5.6829,-6.3462,-4.8628,6.8178,9.0249,-1.8721,-0.7229,9.2392,4.4461,-7.4412,-4.5753,0.1486,-2.2391,-9.67,-4.1169,-2.5048,3.7321,6.7327,5.7926,-0.4458,-2.7804,-2.3432,-2.0132,8.5093,6.5447,-0.3671,0.6818,-3.5559,-5.0399,-7.8137,-2.2408,-2.4871,-2.8507,-1.0946,-9.4529,-9.9063,1.7742,2.6846,-1.4717,9.7957,-8.767,-2.2333,8.2352,9.5914,4.1206,-2.1858,5.9755,-2.0019,6.8362,6.7666,-5.8879,-3.523,-6.0047,-2.5296,7.0754,8.4055,-4.7948,1.7025,8.0381,0.3445,-7.5176,2.8169,0.944,-6.5291,-9.8626,0.7614,4.7149,-6.378,-7.8555,-5.1302,8.6299,-7.2716,-7.2819,-8.8324,-2.8257,-9.5075,5.485,-5.3715,9.2852,-3.5041,1.6667,-1.232,-7.8424,4.6145,3.8878,0.8683,-8.6718,4.6842,8.4922,9.1345,7.5388,2.2797,7.2689,-5.2881,0.6538,-7.2902,5.3296,-0.7544,6.7617,2.571,-6.2826,3.4171,-8.1648,2.9104,3.61,6.1445,7.8062,5.1835,-6.0152,-6.2088,-1.393,-7.7993,-7.1951,1.5916,5.934,-7.6755,-9.7803,0.9262,-3.0626,0.912,-5.8826,-7.1406,7.2407,1.2316,6.1096,-1.5067,-7.801,-6.1629,1.0932,-1.6498,-4.6779,5.4731,-1.0685,5.6136,1.8676,8.0897,9.311,-9.7427,-3.0669,1.627,8.9375,-9.4138,0.932,-1.3138,8.2036,8.5714,9.7221,-6.762,1.7145,0.6832,-2.6507,1.6366,5.8987,5.4507,-2.1844,9.6426,-1.4134,2.7706,-9.3001,-2.7922,1.7831,9.164,6.3563,-9.7035,-8.6846,6.7464,4.7928,2.2213,2.7311,8.5815,7.0983,-2.916,8.4594,-0.668,-4.2561,-7.1599,-3.6339,4.0378,-8.8752,1.84,-7.9426,-3.7217,0.2766,-9.7147,3.8286,4.6186,-0.8702,6.7662
-0.597,8.8933,-4.397,-4.6738,-6.1148,-3.2001,-6.4092,5.1034,-4.414,-9.6462,8.454,-7.5853,-8.2077,-0.4451,3.7904,6.498,-2.8628,-0.802,5.2115,-3.9022,0.2239,-6.8883,-4.9615,5.558,4.5753,1.8289,2.2492,-1.8597,8.1664,-5.7077,-6.8982,-2.4981,4.6734,-2.9847,3.0215,5.1271,8.1213,7.2695,-4.121,-1.4646,9.2871,1.8519,3.0557,4.1586,6.665,-6.1403,-0.8147,8.5262,-7.5402,6.002,-9.7429,1.3176,-0.6508,-3.654,2.9072,-4.3915,6.6798,-0.7743,-1.1754,-5.1753,2.5241,-1.811,-7.4064,7.6723,8.2014,-7.3781,-0.7467,-5.7927,4.3595,8.3951,-5.842,-1.9338,7.639,9.0008,9.1801,5.0631,0.4114,6.6385,7.3938,-4.0911,9.4322,7.3715,-0.7312,5.9917,-8.4808,2.753,4.9363,-0.259,0.5554,-7.3837,-3.4595,-0.6648,-2.3836,-7.7886,7.9455,5.0896,8.9269,5.3671,3.9367,5.7811,0.4888,4.9476,0.6936,0.0639,-4.9635,-8.0211,-1.2801,-8.5067,9.6595,-3.136,-7.8425,-2.863,-7.3186,9.6146,-5.5466,-3.7136,-8.107,-1.066,-7.4803,-4.5436,2.9025,8.3214,-9.7491,-6.5621,0.9937,4.6973,7.667,6.8114,0.6473,9.093,2.2291,3.7143,2.4138,-7.6949,5.9959,5.1672,-5.4866,1.9828,2.2836,-5.3849,-5.5176,-0.0934,-5.7151,-8.0725,0.1971,-0.7245,2.1508,8.7229,4.879,-3.9661,4.2389,8.5304,4.0244,-4.0508,-7.2851,-0.6413,3.6489,2.8899,5.9457,7.41,8.0469,-1.7193,-0.6231,6.0147,0.2975,0.6479,-5.2711,3.8667,-4.7905,9.6119,1.8272,1.3254,-2.1698,-3.638,-5.0133,-4.9882,6.8398,6.1423,6.2829,9.9271,-0.0414,-2.4354,-5.398,0.5536,0.7289,-3.8154,-1.3132,-5.4294,-5.15,6.685,-8.7981,-9.0643,9.944,9.0081,-6.4435,-4.7481,-8.6089,8.5445,0.3432,7.2554
2.8793,7.3692,7.9747,2.7738,8.4299,-9.9981,-1.2105,7.4082,0.6329,-3.9661,6.6186,-0.2442,-6.3631,9.0982,0.9214,-6.8427,-6.1161,5.6888,8.9339,3.3061,1.6156,7.9403,-7.2159,-7.0655,9.0366,-9.6525,-8.4661,-0.2367,0.2414,-3.8727,2.2056,8.9214,5.6788,-0.0197,-1.4158,4.109,-1.7667,0.649,-4.9355,8.0879,8.7517,4.5709,-0.8071,-4.0227,0.7606,-10.0,-3.1094,-6.9957,3.6875,0.4344,9.3424,8.9807,2.5749,-9.5574,2.3805,-5.8061,-1.2834,-6.5762,7.8579,3.203,0.1439,0.349,-8.185,-6.9409,-1.7882,4.2785,9.2016,-1.6409,-7.6214,-8.3112,8.3129,-3.7988,-8.5102,5.8999,-2.6307,6.5343,9.5038,-7.0574,-1.3217,-8.3181,-1.74,-5.0265,-5.0395,5.1382,-0.4303,8.4286,-5.8322,-6.9668,7.8368,0.0792,-8.2041,-2.1301,-7.4849,-2.7,2.7102,-2.3108,6.1135,-1.1916,-8.6771,-2.328,-9.4479,-8.4361,-6.2568,-8.1881,4.2985,2.2219,-3.3674,2.4763,3.4202,-7.5478,1.7765,6.6817,-5.8706,9.8137,-0.5372,-1.7757,7.8849,2.6541,-3.4189,-9.3254,7.1138,4.6065,1.9745,7.5566,-7.9164,-0.3317,8.1401,9.1601,1.121,-4.7626,2.9629,0.8296,-6.6826,9.3942,4.5751,3.78,9.0266,-9.149,4.176,5.2015,-4.7786,-8.1309,6.8325,-8.5488,7.5016,-2.2418,8.0301,1.2646,-3.2719,4.0353,5.4187,6.6399,9.7236,-7.3574,1.3116,-2.9228,-6.8843,6.676,4.1332,-3.4877,7.782,-7.8502,-8.4212,3.3676,8.3086,-3.165,-0.0086,9.4369,-2.1288,-3.9413,5.2632,2.4006,2.672,8.8671,-6.2205,5.0746,2.1485,5.9471,0.9016,-7.4502,-3.1443,-2.6978,4.3399,-0.1642,-3.4572,1.6939,6.0685,4.0328,-0.3856,1.0336,-2.0708,9.6022,-7.2674,-1.5019,4.2842,7.7641,-7.0648,9.8707,6.9233,7.0858
-4.3281,3.1732,-4.548,0.201,-0.5014,7.3932,-5.6993,3.8313,6.0887,3.6235,-6.7961,3.7841,-8.4369,-9.2636,7.78,6.604,-3.3228,-5.6042,6.1631,-3.0335,-7.2437,-5.9381,7.1942,0.1631,5.0079,4.7117,-5.9399,-2.9074,-3.2138,9.2547,-8.9303,1.3089,-5.8176,-1.4593,1.2372,1.9175,3.289,-6.6121,-3.7414,1.3986,6.5786,6.0032,5.523,5.757,0.4527,-5.2446,8.3654,7.6146,-8.4835,2.6413,3.4214,-3.5602,5.7,1.4579,-3.6036,8.939,-9.7389,8.5112,-2.9729,-0.9603,2.5865,-3.7795,-2.3901,-3.4103,8.6194,-5.7114,-6.6845,-8.0448,6.4155,2.5018,0.1831,8.2834,-3.1105,-7.841,0.5997,9.2005,2.1769,2.499,1.0711,-1.0026,-2.3262,-6.4499,-9.4023,7.4803,-5.81,8.4011,-6.182,-7.4661,9.6474,-5.2803,9.4505,1.5436,9.1173,7.1978,6.2549,-4.0808,2.3951,-3.7,-5.1435,-8.422,5.9688,-8.1367,-5.9005,5.8902,1.7045,-2.5467,-3.6606,-8.435,-9.7117,9.9759,8.7329,2.9515,-1.8349,9.9599,-2.3689,7.5469,-8.4418,0.5467,4.5693,7.0298,-8.6439,-0.9866,-2.1165,-9.0082,4.798,7.104,-3.4905,2.8565,9.1742,7.1414,8.358,4.9966,-9.2606,-0.4818,-7.2254,4.7044,-9.934,-0.9898,8.9804,-1.948,4.0163,-5.8376,1.7942,8.4503,-7.4839,-2.2268,2.0353,8.4342,3.9122,5.2488,-9.2105,-4.759,-2.6487,-3.2504,-2.6181,0.2035,3.8826,-0.4888,1.1155,-2.3579,6.4105,0.4922,6.208,8.621,7.3981,-8.8991,9.6023,-7.4177,-9.8134,4.4717,4.2561,-1.0115,-6.4157,-4.045,-5.6845,5.0372,7.8208,-2.8875,-4.596,3.0423,7.1107,-8.9504,-7.4945,-4.6131,0.798,-2.7928,-9.9971,5.154,2.3524,1.3579,3.3757,5.2661,3.606,-1.7402,0.9406,9.7225,7.1165,3.2052,3.1087,1.3851
4.2592,-9.7157,5.202,9.0139,-6.0464,-2.2975,1.4518,-7.6079,7.9921,2.1137,8.765,-8.7295,-3.9234,6.6826,3.1616,2.539,-1.7397,-8.2777,4.075,4.1903,-7.7921,-9.7356,4.0825,-4.8822,4.2423,-3.0864,-5.1215,-6.0749,2.0716,5.0432,9.4136,-9.2831,-1.4669,0.7232,4.3673,9.5072,8.5356,3.7559,-2.71,-7.6304,2.9182,-5.7777,-9.17,-6.6041,4.1883,4.4763,-2.6916,4.2979,-2.216,-2.6022,9.3921,-9.2405,8.4645,1.9258,-6.3802,-2.0896,0.5294,7.0234,-3.3376,-2.8106,4.2861,-9.8107,7.5233,-3.6966,2.1088,6.1299,-7.7741,2.3947,-1.1276,-5.8164,2.3683,3.7396,-1.9879,1.5942,3.8062,-9.1661,0.8972,-3.5946,-6.2215,9.0316,1.6161,-1.0615,-8.0573,2.9699,5.552,9.5125,-0.5904,9.9951,1.1819,0.2098,0.1464,4.8905,4.4169,4.3581,6.1076,-3.867,-1.9289,-9.0545,5.4705,8.5405,-7.2667,4.9787,-9.6932,7.2103,-7.4024,-9.9297,8.4387,-4.1614,9.9263,8.1728,7.1322,-3.1732,-0.9001,-1.6505,-3.3524,3.1496,1.4375,-0.2326,8.6198,-1.6008,6.0302,1.4109,-7.4708,7.783,9.6801,-2.8211,6.1601,6.0141,4.4392,-0.5361,-7.6592,-1.7234,7.0522,-3.651,7.4725,2.8473,6.9681,-5.5279,5.6795,0.2439,4.7038,-0.5998,-2.302,-3.9958,6.9041,7.7986,6.4022,-2.8199,-3.8794,2.8386,-2.5878,1.9284,6.5758,-9.742,3.6632,-3.9299,-1.9591,-3.6552,8.4459,6.489,1.3889,6.4815,8.7831,-0.1947,1.734,-4.0396,-0.5651,4.2219,-3.2825,-6.6988,-1.7906,-7.6521,2.8819,-3.7286,7.9933,5.7489,9.2423,-3.488,-8.0928,-1.9229,-2.0124,5.0034,-3.8851,6.464,9.5643,9.5034,0.754,-2.9483,5.3705,-7.3357,-1.2436,4.9445,-8.6969,4.9187,6.7023,1.257,-4.2958,6.7158,9.7231,9.8541
-2.1298,-8.204,8.4918,-0.6813,-1.8857,2.4314,-5.9243,-1.9794,3.7163,-8.4816,-0.2584,-0.767,-9.9286,5.2707,2.2668,6.4515,-4.57,-7.0865,3.0154,2.2128,1.5339,9.035,4.6724,8.1797,8.961,-1.5817,5.1413,-6.4524,5.3555,9.0901,-7.9187,7.2386,1.1479,-5.9584,8.1637,-0.0372,1.524,8.7154,5.9794,5.153,-3.5326,-9.386,1.8564,3.777,7.8492,-1.1169,-9.8623,-9.8881,9.0023,7.7733,3.3699,0.711,6.7022,-3.0857,8.93,3.7002,3.1683,2.4002,-0.5484,-0.5923,-4.6398,1.7036,-5.2091,-7.4693,-0.2622,6.5103,2.5733,7.0552,-7.2892,7.8312,-3.6522,5.8639,-3.947,2.4949,9.5894,-7.9721,-4.3499,-4.962,3.1873,3.5034,-5.7235,7.4863,-8.3256,-9.2022,9.8755,9.1375,6.9668,6.6176,-2.5634,-4.1052,-4.2543,3.2965,-7.5653,-5.023,-6.8195,6.0245,-0.5098,-5.9301,-9.9356,-2.3948,0.3714,-3.3682,2.5607,6.0059,-9.2664,5.4127,2.3305,2.3916,-9.2581,-2.9638,-0.9938,8.0403,-3.5984,0.1318,-6.9453,-4.6008,0.5419,9.0284,-2.2678,-2.7331,4.1417,-8.1309,4.6094,-9.3863,3.4699,-8.1728,1.6512,8.7027,-5.7497,3.741,-2.8151,-9.3052,9.5757,1.4209,5.4802,-5.2993,-7.5997,9.3509,-5.0845,-5.1211,-3.9993,3.5088,3.068,8.0103,2.3423,0.7656,-0.1656,5.6804,-1.7681,9.6812,-3.3586,0.8718,-2.1964,-5.1261,7.4463,-8.3813,-7.7783,-7.5282,-7.6263,-5.672,2.9961,-7.6275,-8.8821,-0.8604,3.2553,5.1407,1.1665,7.8404,1.2055,-1.7329,2.3203,5.8794,-9.7848,-1.3829,-6.8708,-2.5512,2.2763,-1.5957,-0.2307,-7.9955,-7.7118,2.7332,-2.7459,-4.9412,9.9262,9.2916,5.7293,-0.5315,-6.7659,7.4755,-3.8832,-6.6975,9.7887,7.0159,7.7615,7.386,0.3978,-0.5303,-3.6259,9.3682
6.9619,-3.1541,-3.6001,1.7991,6.5877,-2.0956,7.7845,-3.4727,-4.585,-0.7825,-6.782,4.9263,-1.6578,-5.8346,2.4517,-0.7695,4.662,-5.6392,5.3125,-0.2807,3.6427,-9.7549,-3.5357,7.9403,7.9576,3.0023,-5.0367,-4.0118,-4.8201,4.668,-5.108,-6.4153,9.4307,-2.7758,-8.4628,0.6722,-1.7795,-7.8481,-4.2817,7.4193,4.4162,-0.6613,1.4647,-5.0807,-5.8092,-9.4769,-3.2351,-4.7171,-4.8135,4.0457,6.0249,-8.1232,-0.3074,-6.4142,-8.4966,-0.9967,2.7044,-9.3676,6.0618,3.9207,-4.6098,-9.0878,-4.153,-0.7595,8.3245,8.0262,-4.7042,-2.8117,-9.0143,-8.7742,-3.7788,-5.638,3.7821,-0.6757,1.2701,9.2921,7.8364,8.191,1.6835,-3.8189,4.9594,-3.1184,3.2124,2.074,-9.9712,-9.4587,2.8147,3.4042,3.6226,8.0019,4.6907,6.4751,-6.4792,-9.6615,-6.534,6.5282,1.0106,-6.8414,6.42,7.5515,2.3526,7.5642,-5.9283,9.8306,3.783,-1.3103,7.5579,6.0036,2.9827,8.7678,-1.4542,-0.4673,3.7716,-1.6847,0.5049,-4.5,-2.7819,2.1491,9.5444,9.5957,6.6672,6.2212,-9.5773,-6.1884,6.2021,7.3926,0.7357,8.1917,-7.0769,-0.0709,5.7575,-9.2049,-2.767,9.1116,5.2581,4.3288,1.7674,-5.9179,-2.1246,3.8991,2.2396,-6.7826,-8.9702,-0.2166,2.1069,0.951,-8.4728,-8.879,8.2211,9.4559,-4.6221,-5.0749,0.5403,-8.265,-9.3942,7.9831,8.0811,-1.6019,-6.9729,-5.3025,7.1682,7.6392,4.1501,-9.628,-6.0361,-3.7139,-7.9516,2.2933,-9.4138,5.4593,-2.7947,0.9706,-8.0678,-8.3213,4.6087,8.5354,-1.0196,-3.2772,-3.2548,-2.5586,6.6485,2.0755,6.1719,2.6643,9.6025,9.7315,-7.5028,8.5329,-7.4344,4.5248,-7.4837,2.2944,-5.3237,-9.185,-9.4655,8.6533,-7.8629,-1.4232,-4.6811,-6.5562
7.3979,5.6691,6.2617,-9.325,9.1952,6.9444,-1.0903,8.443,3.3627,-5.8791,0.1282,0.5472,1.6653,6.4582,3.5527,-3.5707,9.4592,4.5932,-2.2466,-3.2517,3.821,-2.96,6.9295,8.1885,-0.0675,9.1761,-8.818,-4.8858,4.8257,2.9846,-5.5528,-7.8719,-2.2967,6.5574,9.4981,-6.9177,-3.153,-2.7515,1.6044,-6.7885,8.32,2.0168,6.1447,-1.8427,-2.1773,-0.5604,2.2035,-0.1147,0.1025,-4.5873,-6.2507,-8.1705,-8.478,-0.9393,6.0042,4.6334,6.9265,-9.005,-2.3445,-3.3214,5.1252,-9.1094,-6.157,8.9566,1.8012,-3.4573,-5.5148,-5.6711,5.3619,8.6128,-4.4225,9.3848,-0.5781,-9.3401,-3.5163,-3.75,-7.4002,-2.6695,0.2436,-2.1951,-1.2205,1.0565,-0.6072,2.9994,-7.8864,4.4089,-3.0458,-2.6919,6.7861,9.5545,9.9485,-5.6071,6.2803,5.0264,7.2495,6.1044,-6.1532,-4.63,5.107,-8.2438,-7.7592,-8.279,7.2066,-7.8816,9.2779,2.9777,-7.107,6.3933,-4.6181,7.9352,-3.3354,3.6858,9.5346,5.4372,-8.5343,0.7317,-5.8381,-2.8047,8.9205,6.9475,-1.3123,-1.3517,-4.2842,-6.7794,-3.0407,-6.3101,-4.9838,-5.1978,-9.2997,5.0162,7.4651,-7.2886,9.1044,0.9178,-2.8837,4.8689,-4.8414,-0.8896,-6.7317,2.4332,0.5894,2.4398,-3.7375,7.9976,3.1197,-7.6991,-3.371,-8.165,-0.2933,-4.5762,-7.8963,4.8635,-8.4455,9.8889,3.3294,-8.477,-7.5356,2.479,0.3222,-3.3546,7.4544,-2.2022,7.2365,-8.2424,9.5986,1.8358,-8.3615,-3.4112,2.1775,-6.0564,-7.236,9.2986,7.9796,0.7965,-4.2196,-6.6385,3.8289,7.4552,2.9341,-9.5383,-5.1916,8.1881,2.2262,3.8415,-6.4292,0.9226,-7.3294,6.3493,3.3075,-1.281,-0.109,0.3564,-2.9433,-2.142,4.9035,7.3945,-0.3366,4.721,-5.7345,7.1538
9.6936,0.4462,-8.6767,1.0598,-4.6855,-8.31,8.6709,-1.5174,-7.6789,-1.0753,0.8136,3.722,-2.8316,-3.8708,-6.5127,9.4633,-8.3191,6.5459,-3.2374,9.8579,6.9444,8.4478,7.9171,-3.67,7.1346,-1.4309,8.8687,2.6929,7.64,4.6465,4.2085,-4.8784,-1.2268,-5.1213,-4.3976,-5.0861,2.241,-9.6523,3.4563,-3.0523,1.2993,-4.0921,0.9979,-8.2736,1.7906,-9.329,9.2956,-8.4742,7.9174,8.732,-4.5465,7.2521,-8.9689,1.6404,-6.4611,-4.9763,8.8395,-2.8529,8.6222,1.8186,-2.534,4.0207,-5.2864,2.4124,-6.6066,6.2266,0.2317,-5.7598,3.6948,-7.584,-5.6643,2.8607,1.1067,7.8722,7.6642,-9.1403,4.746,-8.0459,-9.455,-0.7236,-1.4012,0.7545,-7.9234,3.116,2.4845,6.5183,9.2749,5.7427,-5.9714,-0.3719,9.3906,8.1883,5.2128,-5.8332,-8.8169,-1.0099,1.1926,-4.0483,4.2269,5.2919,-0.5329,9.2103,-0.6551,6.932,-1.2527,1.9167,1.2161,2.3557,9.969,3.2637,-6.3172,-3.416,5.0013,1.8381,-4.9925,8.3613,0.4673,9.0335,-0.8621,7.4553,-6.4569,2.9637,-5.8817,-6.7758,9.0868,9.0588,5.6334,8.1612,-6.4397,-1.8402,7.5358,-7.1824,-3.7027,-5.091,-9.2745,-8.7829,0.0023,2.7979,-3.1411,5.3438,3.7292,-1.6263,-1.2226,-0.365,-8.9238,-0.2647,-0.1859,7.3058,8.0123,8.0956,-7.2894,-2.0599,1.1399,-3.1364,2.1317,1.0754,7.8789,0.1601,0.36,-2.7661,2.1654,-4.4687,-9.5817,2.8984,7.9621,5.3622,-1.7197,6.6866,-4.7718,5.292,4.1446,-5.8313,0.5762,6.2683,3.3185,-4.4896,-4.998,9.4716,3.1785,-3.7294,-6.0012,-1.6691,-2.7238,2.4004,-8.3572,-7.9136,-1.2009,3.2695,2.0231,0.6584,-5.497,6.9843,-7.2796,-4.9956,-3.9601,-4.2218,4.1863,-8.0046,3.7512,8.1451
2.4493,-4.1429,1.1882,6.6186,-5.6743,-4.0887,4.937,-2.5443,-4.3862,-5.4685,3.4888,1.6556,-1.123,-0.019,5.6038,7.8719,-6.6839,-8.0302,-9.9851,-8.8001,0.6763,-3.4142,3.2157,8.8616,2.1435,6.5882,9.9418,0.3064,-2.4482,-2.8513,8.3471,-0.6652,1.7673,2.3911,-2.6952,7.6887,-4.1964,-7.9446,7.8801,-3.4753,-8.3736,-9.5796,3.9976,0.729,-4.9637,9.2237,-0.6469,-9.4779,-1.5877,7.049,0.1107,-4.8748,7.9647,-4.9326,0.3169,5.5521,3.591,8.2605,-2.7597,2.1559,6.9119,0.1925,9.8738,-5.3271,-3.8691,-7.799,-5.8612,2.826,-0.1613,8.5077,-3.3758,9.0781,-2.4304,4.4855,-5.323,-2.3638,-6.6692,3.1047,2.185,7.3733,0.1507,3.1052,6.2647,-6.5304,1.2438,-6.1615,0.036,-1.1351,9.5029,-7.4086,6.6537,-0.9489,1.2475,0.4944,-1.0426,-2.0093,-2.7136,4.5801,-4.6606,-3.8858,-2.2068,-2.1514,3.6483,-4.7199,-7.3827,-7.7269,7.3403,7.6781,-8.4551,7.8609,5.6719,7.1031,0.1102,8.9774,7.4922,-0.4776,9.7419,-9.414,3.8656,1.0634,0.5147,-9.5311,8.3089,-5.9478,8.081,6.1811,-6.6293,-8.7498,8.7555,-9.2174,2.2775,-5.9701,-9.4729,6.16,5.8279,6.3777,4.6774,1.0039,-4.8967,5.9394,0.3565,0.7003,-1.3202,9.1434,-6.8041,9.6267,-6.5008,-8.9414,3.5244,-0.8434,-3.7549,8.2084,-6.9745,4.657,-9.4335,1.0793,5.9655,-4.4344,0.9133,1.3885,-3.1068,-9.513,2.4539,-9.6597,7.8188,5.9652,-4.8084,7.414,7.1695,-0.5195,-4.2362,0.7824,4.1421,-0.2597,-5.8033,-6.0198,-4.2021,4.8775,-0.2832,3.8528,9.7571,5.4705,3.6289,8.1411,4.4792,-7.6002,8.3679,5.6996,-3.1499,-5.1118,1.9996,1.74,-6.6839,-2.0637,-0.0152,-6.3243,5.8201,8.5764,4.5145,-9.6506
-2.7299,1.1118,-7.721,0.6813,-6.5081,8.6771,-8.7291,1.7282,6.6059,-0.9017,-1.766,-4.9661,-4.2578,-0.574,9.1063,7.4784,2.3575,-2.6386,5.7399,6.4811,2.3713,-8.6861,6.7739,-0.9161,-5.5533,-7.9021,-4.6476,3.7395,-4.8294,-0.4357,-8.0534,0.7388,-1.5631,-7.0196,7.4784,-7.0882,0.1674,-8.9479,2.9911,-4.4266,1.1585,-9.4308,-6.6063,4.0932,6.4034,-2.7825,-0.0887,7.5212,3.4935,4.0496,-2.8442,-0.8624,7.0208,4.7333,-9.3858,5.0953,0.3384,5.374,0.206,3.899,3.7791,5.8647,1.5835,-1.7607,3.4252,3.6837,9.3995,4.9263,-3.6074,-7.3814,6.9477,4.9761,-5.3252,-4.3904,1.0607,5.6922,-3.3988,6.1041,9.9681,-0.0846,3.2751,0.1547,-2.3764,-3.3208,-3.7784,-8.9978,-3.3954,5.9697,-1.8198,-9.2076,1.1542,-9.0619,-1.7272,-4.6037,3.3853,-7.5677,9.2094,-9.6625,-4.3932,7.519,7.7103,1.3674,4.7005,8.0547,1.1731,0.7491,8.3584,9.2232,-9.4794,5.6558,-2.8935,1.5622,-7.7703,9.1033,-7.3728,4.3397,-2.8575,-5.1288,-0.98,-2.0087,-1.8599,-4.5443,-5.0929,7.7269,-2.6705,-0.7694,8.4686,6.9511,-7.513,-4.3521,9.6851,-1.3261,-6.9534,-5.926,-4.3012,-0.8408,1.7925,-4.4388,0.081,-3.3872,9.132,7.7204,-4.1993,-2.3397,9.055,-3.303,5.5315,-1.0831,8.9478,7.2719,2.748,1.8041,2.6815,0.6433,-7.9275,6.7982,-6.3977,-5.3382,-7.2137,7.4049,-2.0629,-9.7095,-0.6199,-1.7041,2.7232,-7.1705,5.4588,-0.9653,-4.1695,-2.871,6.7563,5.4162,1.6181,-7.5102,6.8498,-2.3059,4.9539,-2.1723,-3.1873,-2.4662,2.3597,1.4989,4.6844,-5.6185,8.5104,-2.6181,2.2921,4.191,-8.7166,-4.3091,-4.133,-6.6907,1.2786,9.4135,7.9218,1.043,1.2505,5.627,9.7634,9.2611
5.3744,-0.3206,-4.2988,-5.1137,0.255,-0.5347,-2.8057,-3.2723,5.6294,9.2847,8.2222,-6.7698,-3.0827,-7.8423,-3.8579,-7.5735,-3.5984,-4.9401,9.8381,0.2184,3.7033,-3.4673,-2.2962,-6.7436,-0.1916,-6.3423,9.8249,-0.5416,-3.7061,-4.5458,-6.7082,5.9662,-1.679,2.6311,3.3002,-0.9542,-5.7371,-6.9171,-7.6,-6.0072,-8.2434,-8.9222,-2.2083,0.0748,-5.8409,-8.2283,2.5432,9.0724,-3.0612,1.1532,9.8976,9.3602,-9.1598,0.7226,-5.3937,3.2617,4.4399,0.4584,-0.7826,5.4532,6.4698,5.8573,-2.3199,-9.9216,-5.2303,-2.2975,-6.9154,0.1944,7.9835,2.1146,-0.3148,8.5101,-4.6549,2.3435,-4.5213,-5.0479,-0.7157,6.0709,-3.7931,-1.5359,-3.0983,0.6124,1.4436,1.1305,0.9195,-7.0584,-7.8156,-2.0367,-4.613,1.8955,-8.495,-7.5698,9.3468,-1.2966,-5.1404,6.3338,-4.3579,4.9187,5.5936,7.1359,2.695,-6.8022,7.2085,-9.8092,6.984,0.1243,-5.438,1.6059,-7.4041,1.0616,-7.2139,-5.7805,3.6394,-1.1933,-8.2006,2.5061,-9.8165,-9.7395,4.0276,-6.2151,-0.6692,-1.621,-9.8564,8.0374,9.474,-7.5595,3.4549,-9.8636,-3.5945,1.9617,-3.6236,1.8516,9.9575,3.0534,-2.1372,-9.4291,-7.4308,4.1252,9.6915,-6.7725,-4.9875,-0.3741,5.5841,-0.3873,-5.7544,-9.4047,3.5953,6.6755,-1.8905,5.6014,-6.0742,-7.2634,-8.1061,-9.5546,-7.7931,6.4273,7.1921,-0.7738,-8.2278,8.9408,1.2233,2.9312,-1.4524,-4.7902,5.431,1.5684,-3.4182,9.5068,-0.7077,-3.967,-3.3485,-8.5974,-8.0268,-4.9421,-2.6949,-3.4989,-4.5353,-0.1836,0.6391,4.4358,-7.949,9.9127,7.7184,-0.4948,-1.3511,6.9898,2.66,-2.113,-6.6661,4.8349,4.2738,0.4905,-0.7786,-9.0011,9.9721,5.7547,-5.3237,-2.3092,9.6052,3.6001
7.7596,5.2298,-8.8749,-3.3086,2.3721,1.0009,-9.1931,5.8822,2.6808,2.8046,-4.0904,-7.2249,7.2539,-2.3327,5.8587,-3.5079,9.1724,5.0734,-5.3264,2.0335,6.0532,6.799,-9.0173,4.0445,-1.2433,5.1383,-9.582,7.2873,-2.2127,8.5908,0.2639,6.8894,0.0699,-2.0444,8.0202,-9.9529,8.8584,5.8618,-8.8403,7.7351,-5.7237,0.2545,-4.0088,0.1598,-8.4563,9.0969,8.2997,-3.7418,-9.1662,-9.3777,-6.9555,8.6189,-8.6908,8.1103,-3.6817,-0.2005,-4.7545,4.0381,-4.6881,3.692,-2.3136,-9.4264,-1.6429,6.845,2.0428,-2.8961,-1.2211,-8.4687,-3.5125,7.5411,-4.1882,6.9157,3.0138,-5.6109,9.7462,5.6605,-9.347,-3.579,-3.3664,0.8155,-7.6251,2.4764,-0.6298,-3.2539,3.119,-2.1061,8.9884,-0.2081,9.9155,6.437,-9.1214,4.8878,-5.447,-0.6419,-9.1455,8.5864,6.1721,-2.0947,6.4472,5.5344,-5.2119,-8.4627,3.661,-3.1429,0.5703,-0.3543,8.4718,6.3727,2.5754,6.3021,-7.3615,3.8864,3.9606,4.4453,-4.4432,-3.8108,-7.4767,8.8738,6.9639,0.9122,-4.8046,5.3828,-5.27,8.4363,3.2037,7.0302,0.7808,-3.8876,-4.7484,-1.7509,2.9146,6.3289,-5.7611,5.8974,-9.9241,-3.508,-5.3362,3.8076,1.6451,-2.1339,4.0733,1.6545,0.5831,-7.1088,-9.2699,-4.0429,1.0039,-4.3283,5.5591,-6.2902,2.1116,-9.2996,-6.1013,5.4176,7.8705,-4.7697,-7.648,-6.4027,-0.8937,5.0695,9.3453,-1.453,6.2939,5.1324,-8.7857,-3.2943,5.181,0.5322,-1.8806,6.5706,5.3126,-5.9291,5.9532,5.078,-9.0611,2.7507,6.759,-6.5032,-6.8885,-3.2016,9.1775,3.6123,-2.7041,-2.3701,1.0762,-9.6987,-5.661,7.3379,-4.009,5.7907,3.0135,7.9067,-0.3702,0.2526,-3.5767,-7.1547,3.5236,-8.7373,8.4373,8.642
-9.3079,-1.4487,-5.232,-1.0644,-2.6934,8.8167,-6.223,-9.478,8.5964,-9.4642,1.2993,-2.0625,-7.5046,3.6485,2.9452,3.5476,-8.5237,-4.6743,-9.6006,7.2785,1.0397,1.9402,0.5301,-3.4102,8.3435,-9.748,9.2164,-1.0249,8.3296,-9.8833,9.1237,-3.9392,0.2996,-8.9163,-2.8159,5.1351,5.476,-4.531,8.013,-2.5677,-8.498,-3.8464,-4.6609,5.5188,5.7392,-1.2512,0.9773,-3.5097,-0.63,-8.3284,2.3125,1.7269,8.6158,0.9677,-8.8894,6.3841,2.4041,-5.9146,4.4853,7.1443,-1.4758,-7.0825,6.3838,4.6599,-0.7687,6.0203,6.4345,-0.7944,-1.3614,3.05,-0.8331,-9.5737,-3.9164,8.0782,-8.0421,-9.2414,3.3523,-8.7768,-2.527,2.7163,-9.8531,-2.2323,2.5852,7.6959,-6.987,9.3758,-8.5895,4.7185,3.1778,2.7254,-2.593,2.1228,6.2785,1.6447,9.2589,-4.9265,2.2371,-6.6315,8.676,6.5235,-2.7568,-4.4097,-2.3031,9.126,-2.7597,-5.9732,7.7737,-8.4379,-7.6292,-5.4722,-1.8472,-2.9336,8.1415,-1.7862,-8.111,1.7168,5.3961,0.601,5.7631,6.6484,6.501,7.2571,0.4314,-8.9592,-9.0157,9.4569,7.0479,-0.2083,4.2714,7.4574,-1.8841,-7.6324,4.9588,1.9022,3.5972,-0.6604,2.7184,-0.4725,-2.7632,5.8577,-5.684,-0.1653,-2.1722,-3.9654,5.967,-5.8827,-5.1858,6.8235,-0.6658,-8.7129,-0.9892,8.4666,-7.6456,-2.2753,2.6295,9.8481,-2.3615,-0.829,6.9472,-2.4693,-6.3367,4.2155,2.657,6.0111,-5.0867,3.1293,9.5445,7.5947,-1.8236,2.1086,1.3207,2.7683,6.641,4.8355,3.8651,-3.7229,-9.5711,5.6188,-1.6688,-4.1843,-7.5249,1.8258,-7.5732,-9.9823,-1.2591,6.8639,7.9119,-0.405,-0.5242,-6.7717,-6.7753,2.656,4.8522,-7.6732,0.0547,8.5103,0.3899,-2.9783,2.1797,-2.6846
-1.6225,9.4648,-8.856,9.2437,3.757,-7.7665,9.168,7.0643,5.5022,4.9663,9.9233,2.4815,6.7517,4.0989,2.2614,7.9979,4.1017,-6.2301,9.8858,-3.1526,4.9891,-9.0103,8.8997,-8.8424,-9.2756,-0.3073,9.9247,9.5696,1.972,5.3524,-9.9134,-5.6675,-2.1133,-9.3254,-0.1725,4.9885,4.5884,-8.6827,8.5789,9.6043,2.8282,-2.5133,9.118,-1.3702,5.0202,-8.8913,3.3451,-6.9835,-5.2653,-7.1561,9.9952,8.0228,1.3641,9.6789,1.1776,5.4393,-0.0932,0.2945,0.9238,9.582,-3.4692,-1.2703,-0.1913,-5.7321,-2.3467,8.7147,-0.1413,-3.7253,-5.3319,-3.9313,-7.2176,-0.1401,-1.8822,0.5133,1.7506,-9.8227,-3.1193,9.9018,-1.1531,2.6549,7.5953,4.2363,1.4786,2.6274,7.8551,4.5724,0.0172,4.1211,8.86,-0.8109,7.5406,8.9016,5.6151,-9.6519,4.7915,5.2091,7.019,6.7245,8.2479,-4.3992,8.8306,7.8211,1.4988,-9.0528,-3.9171,8.5409,0.61,-1.9478,1.5076,-3.2064,-5.5581,-6.9712,0.6276,4.6168,4.7039,-5.977,-0.1857,8.1723,6.3595,-3.004,-2.3691,-6.7155,-3.575,6.3644,-0.8646,0.1088,1.7464,-3.0893,0.0372,-5.4323,-8.4077,-3.4359,8.5294,8.2466,-5.9863,-1.2902,1.4554,-9.9227,-0.1537,5.8333,4.0193,2.1278,-3.4234,7.0764,-9.1666,7.9471,-1.0679,-4.0648,-9.793,-4.5536,9.0216,-6.0345,-0.3256,1.2069,5.8428,-5.4405,5.4143,-4.1665,-2.2826,-1.8947,3.3299,9.1195,8.0876,-8.8879,-5.2693,-8.5453,-7.5994,-5.9281,-3.8585,5.6602,-7.5596,-8.4717,-8.3376,6.5054,-5.463,-3.3755,-5.7421,2.4598,-6.0863,1.5062,-1.6723,8.2727,-7.7751,1.2004,5.3935,2.0817,-6.9904,9.4387,-9.0322,1.5018,-8.0502,8.5402,-9.2934,-6.0117,-1.1559,5.03,6.8128,1.5648,-4.3471,1.5155
-3.9831,-7.2235,6.2948,7.2034,4.3731,-4.4862,-2.6051,5.7514,-8.8997,1.0622,2.9091,3.6447,-5.4633,4.6444,-6.2299,9.1142,7.7408,-9.5017,-6.3297,-2.8941,-8.26,-4.2911,-0.9164,-2.0037,-8.9296,-5.8776,-2.3204,-3.1389,-4.0285,9.02,-2.4566,-6.5468,6.2311,0.0841,-9.6152,2.8286,-9.5987,-4.6043,5.1496,-6.2144,-6.9989,-1.9406,7.3743,9.6525,8.9386,1.877,0.2666,1.2909,-2.8077,4.7477,9.9578,5.2706,0.0403,-2.2493,4.2054,-9.9471,5.3783,-7.2584,-7.4606,-2.4164,5.3701,5.3708,0.1365,7.5021,9.039,-4.0953,-0.5678,-4.9427,2.4503,0.3731,1.8792,6.2658,2.6407,0.3469,-4.8452,-3.5186,6.178,1.7279,7.3185,8.9068,0.2327,6.6575,-2.526,-9.6499,-0.4901,-5.5075,1.6276,-0.7447,9.1764,-4.2176,-3.4803,-1.5418,-9.6534,-3.3873,-2.5021,8.6669,7.2286,-7.6334,-7.0962,-2.5399,-6.5667,1.9185,-1.6576,5.8705,-2.3745,9.9322,-2.4904,-5.9706,-2.2192,5.0832,4.2428,2.3499,4.92,-6.9085,3.2998,-5.9829,4.8195,-6.2816,-7.5712,9.949,6.2283,-9.6354,-7.159,-1.6787,8.4879,-5.9505,2.6474,-2.1448,2.0636,-4.1159,8.5591,8.8498,8.9474,-1.9393,-6.7282,-3.1549,0.9207,-4.8496,-9.1201,8.0649,9.3768,6.5227,4.3851,0.8498,7.646,-6.8643,6.4859,9.2092,-1.3149,9.8923,-7.7802,0.367,-7.8091,-8.2989,1.7316,1.5417,1.0341,0.9046,4.2452,-0.9744,-5.5765,2.7846,2.0531,-3.6258,0.1708,3.2323,8.8426,-8.1949,4.4052,-7.4537,-6.3426,-0.4385,-4.0704,-3.6099,-3.1865,8.0315,2.4715,5.294,6.2595,-9.1422,-5.4911,-8.5951,2.3315,2.5454,1.8185,-8.1042,-6.5732,-9.8347,-5.7738,7.622,1.2172,-9.0625,-4.2425,6.8996,-1.2619,-0.9409,7.4352,-8.8247,0.8482,0.9585
8.681,-1.7473,-1.0805,1.5063,-4.2505,4.329,-1.372,-8.5936,1.9236,-1.9419,9.6986,1.3097,-5.9308,-2.4151,5.6992,-5.7288,6.2666,3.0802,-4.1856,-2.1637,5.8354,-7.0375,4.858,-7.7098,8.3038,-1.6148,7.7998,2.4092,0.5218,2.9082,4.9306,6.8629,5.5084,8.0301,7.6365,-5.5072,-6.893,-0.9391,-9.3034,0.7381,-0.3893,-4.9101,-4.5348,-8.1859,-0.972,3.6502,-7.6319,-1.6332,-3.1403,-3.7214,4.2362,-2.95,-0.0097,-9.1382,-5.6315,6.1301,-5.2356,-2.232,-5.5769,1.9918,-5.0426,-9.8579,-0.6979,-5.2673,5.6359,-9.3615,9.917,-3.2367,1.5896,5.2803,-0.5423,4.8688,-2.4747,-9.8605,9.0242,2.7538,6.2317,-4.81,8.0207,-1.4156,2.8031,6.337,-3.9017,2.7677,-1.8284,5.5929,-7.9515,-0.2603,-1.145,-9.6144,4.3725,-1.3234,-2.5982,3.2619,7.3557,-8.345,8.1896,4.2478,8.5948,-5.5697,-6.1063,-8.3345,-9.9531,-9.752,-1.2182,-2.7771,7.1462,5.3041,-4.0428,-4.8913,8.1174,-6.0556,9.2142,-9.0978,6.8513,-3.3622,-0.2963,0.8642,-3.8807,3.4077,0.1994,0.8201,9.3655,3.2815,3.7048,2.2775,6.8949,2.1687,-3.8658,9.5966,1.0129,6.5953,1.2419,8.253,0.9558,-3.0054,-2.9967,0.4451,9.7938,-4.3166,1.6849,8.994,-2.8636,-0.9221,8.3145,-0.9443,7.6812,0.5436,-8.2387,1.1881,6.349,2.6476,4.0211,-8.4403,-9.8018,-4.6584,-8.8274,-3.3795,9.3914,9.3808,5.892,-6.001,2.2003,2.2472,6.5888,-3.3919,-6.9572,-4.3788,8.9732,6.4311,-4.6692,-5.7289,2.3106,9.9513,-4.7944,-9.2296,2.2382,-0.4412,8.7328,4.3276,-3.8833,-4.2695,3.778,-6.3438,1.6353,0.7378,5.5026,7.2875,4.5421,-5.0765,-3.0518,0.1084,8.8354,8.9147,-4.6222,-7.761,9.3694,8.2475,5.942,-6.3643
-3.5391,7.2502,-3.054,1.7582,0.1395,-3.6091,-3.7455,3.468,-2.2751,0.3142,1.5497,8.3477,-4.8153,-1.3267,-3.2094,-2.1125,6.4357,4.5607,-0.1716,8.7098,-2.4965,8.7841,4.4736,9.6412,0.1654,8.8129,1.1442,-5.6253,0.4056,-8.5692,4.3691,-8.1199,1.6896,-8.7433,-8.5597,9.8497,-6.6555,3.6928,-3.4223,1.102,6.0652,4.1364,-2.6632,-4.1973,7.6523,-2.5613,-1.3156,6.7874,-0.3706,-1.2797,9.2655,-8.1626,-6.7576,5.162,2.0734,-0.7662,0.0367,8.9752,6.3613,7.2197,-8.5602,2.6749,9.8146,3.0751,-2.81,-7.1353,-7.9265,4.309,8.0878,-3.5659,9.0019,-6.9237,-8.3384,-4.187,6.7188,-3.1464,9.4665,-5.5131,-5.0758,-8.968,3.8167,-8.7639,2.3861,-7.801,3.9553,-5.5382,-0.7735,-6.587,-8.6421,6.5588,-5.6806,-7.7303,-2.3969,1.5188,7.3466,-3.9857,2.243,-6.662,-3.0176,3.7368,-1.1897,5.534,1.2973,-0.9643,6.6535,4.6951,-4.8655,6.1821,6.4719,-0.0124,6.4858,2.6866,-2.0518,-6.0065,-5.8439,1.2145,4.001,6.7741,-5.2248,-2.1311,-9.3359,-6.8633,8.2907,-0.7542,-5.8173,5.4333,9.1389,2.5657,1.1717,6.4731,-3.2706,3.7268,-4.2286,-4.859,2.4138,8.7577,-9.6765,-2.1281,1.039,2.9273,1.4758,1.2104,4.1624,-9.6895,-9.6774,-8.8458,-1.4821,-6.19,-5.6617,5.1507,2.6282,-9.0256,9.6144,-5.0061,9.7208,7.5934,-0.2515,2.9896,-5.0536,-6.3343,-0.9702,1.5723,-6.8439,-8.3958,3.3256,6.198,-6.8376,9.5215,9.7721,-8.4642,-2.547,3.3383,-4.5363,9.1143,-2.343,9.5346,0.9719,9.7828,1.3612,3.3638,9.4267,4.0295,-9.7808,7.1069,2.7156,4.3977,-8.1472,-6.1181,-0.7045,4.5696,-3.2188,-5.0249,2.6814,-8.0025,1.9302,2.5955,4.968,-5.5984,9.5784,3.9746
9.8045,3.2389,-7.455,2.99,7.6852,6.466,6.5917,8.1605,3.9642,-2.4092,1.5783,-7.6093,-3.9082,5.2269,9.1922,4.3257,0.4567,0.539,8.5136,4.1644,-1.6748,6.259,-1.6667,1.5922,0.9636,2.5066,-7.1569,-5.1897,-6.3219,3.6058,8.4365,7.5188,2.2661,-6.3123,6.0878,-2.7949,4.3811,0.1391,8.0446,5.741,7.6355,-0.3799,-0.2445,-1.4029,-0.0103,-3.7508,-5.4394,1.8061,-2.371,-6.8331,1.8381,-8.3221,-5.356,-5.4361,5.3216,8.4648,-2.8172,2.1091,9.999,-2.3178,-7.4903,6.5921,-8.1661,-3.7696,-2.6618,-5.2852,6.8699,6.2162,-7.5088,-2.4985,0.6267,7.3727,3.6994,1.2357,8.6607,8.7396,-8.46,-8.7932,-4.1424,-7.6649,-6.6963,0.5643,-5.6253,-4.5368,-3.7481,0.0089,-4.0762,7.6077,-0.6177,1.285,0.4166,-6.6817,6.0907,-7.6938,8.7727,2.382,-6.1517,-2.8694,-1.1559,2.5834,-4.8089,-1.9353,-5.965,-0.5955,9.0181,4.9087,2.7972,-1.4872,2.0389,-8.5777,3.8353,-7.152,8.0982,5.4045,-2.5623,7.5072,-5.407,7.2996,-3.0456,8.2711,-1.122,9.7387,-9.3938,-5.0493,1.1035,-1.7499,-3.4897,-8.9135,1.0909,3.4618,-1.228,-1.8163,-1.9719,4.2083,-6.0351,-7.4085,-3.1638,-6.6721,-3.5977,-4.9811,0.1918,1.566,-3.8101,-2.8502,-3.9068,9.7259,1.1145,7.1432,9.9036,-7.3317,-7.1844,-2.3426,-1.7246,1.0057,-9.8164,-3.8234,-7.3797,7.4694,-0.1538,5.8136,-2.2158,8.7233,7.9348,2.8472,7.087,0.2755,4.7674,-6.6848,-9.4078,-1.3239,-5.496,6.6543,3.2324,-9.466,8.5406,-6.2603,4.6532,6.2147,0.8431,7.4559,-0.4078,-4.1291,2.5559,-0.8127,-8.6758,-9.6176,8.6632,-5.7381,1.4247,-5.4995,-7.3162,8.4082,5.8414,2.3488,-4.6215,-3.1773,-0.3491,-6.3975,2.7503,9.2838
-8.5306,5.5177,2.2244,-0.3211,7.4222,-7.5351,6.7797,8.5556,5.0661,-0.0785,-7.0523,-1.5009,6.8923,-4.2167,-0.5229,-9.3432,-1.1252,-1.985,8.8359,-0.9782,1.3111,-7.2155,9.2618,-9.1603,-0.5284,-0.2376,-3.51,1.6401,7.4547,-8.5604,6.2452,-7.0479,-3.4902,7.1056,-1.9078,0.9217,-2.5013,-4.3514,-1.4593,-3.9907,-8.3211,5.3323,-6.5009,-0.7937,-5.0929,-2.5278,7.7619,5.1527,-8.5262,5.2195,-4.4363,-5.3233,9.5506,5.6657,-8.6649,4.9604,-1.4874,-8.4583,6.2066,1.9156,7.1104,-9.6738,6.0494,-9.5259,-6.4294,-0.7683,-2.9992,-0.1434,1.378,-7.6409,5.9945,2.1721,6.6882,-7.1086,3.5682,-5.101,-3.4373,6.7565,-5.313,1.6592,-6.1338,-1.6403,-8.9033,4.9896,2.2724,9.1524,-2.1839,-5.7071,-3.9093,5.3208,-2.1755,-8.5811,9.2797,6.851,-6.5751,-5.5606,1.4991,8.5798,8.4784,4.3822,1.1355,-6.4796,-8.7404,-9.0003,2.7021,-7.187,-6.594,-8.0881,-8.0297,-3.123,3.3447,-6.8334,4.5297,-3.4808,6.6675,6.976,-8.1749,-9.9768,-9.0686,6.9219,4.8959,6.8783,-5.8916,-4.9516,6.7293,-7.4055,-4.6727,0.232,7.8405,-1.9282,-1.4998,2.7708,-6.8711,-9.9995,2.6115,-9.7951,-5.014,-7.9752,-4.8371,-7.1272,9.9125,8.9403,-8.7142,2.505,1.6166,-9.5712,5.6665,5.4512,-9.9071,4.9181,3.1099,6.5536,6.312,8.4713,4.5277,3.2557,8.7693,1.492,-1.9154,9.0877,5.0022,2.5417,8.3498,-6.7309,4.7772,0.4626,5.2675,7.4943,5.9709,9.3276,-8.5586,-3.4876,6.6261,0.0087,6.7067,-7.5967,-4.22,-6.5175,8.9727,3.5657,-1.5565,-9.8609,0.7043,3.7281,-1.2045,2.6203,5.8661,-9.8815,-6.7563,-7.4453,-0.5951,8.6698,1.0108,-7.7553,-0.5771,-1.2247,0.3113,-8.029,-5.3811,-6.5537
-7.8473,-7.8807,9.983,-6.4595,7.7762,0.4327,-7.4245,-4.578,9.4881,-4.5598,-8.1231,7.6121,-9.9773,-3.9586,2.1676,-5.1181,2.3403,-0.7451,-0.2803,0.6152,4.6029,-0.5642,1.4623,-7.8932,-8.272,-3.4411,-3.1656,-5.9585,-6.6323,4.4629,8.9211,-9.1072,4.5208,6.2818,-3.4357,-8.7154,4.1267,1.5387,-6.1548,-9.1381,9.0526,-8.1619,-8.0602,-5.196,-8.6256,0.793,4.3195,4.5256,-5.3254,1.8759,4.0344,6.06,9.7292,-5.5737,-1.7634,3.0542,5.649,-3.5105,8.7493,-2.1986,-0.0778,1.5784,-9.5974,-4.5033,1.9055,0.2752,2.4721,-3.0735,-5.0881,-1.4072,-8.7314,7.1832,6.7932,1.4375,-7.8487,8.5257,8.0361,-6.4442,7.8716,-7.3032,-6.2127,-5.4526,5.8429,9.5138,-3.3755,-4.8431,5.7487,-0.9656,-2.9611,-6.6426,-8.5745,-8.7241,5.6924,5.4579,8.5702,2.2375,-8.4623,8.3417,8.5172,-6.0008,-8.2281,1.4337,-3.8002,-4.091,3.7171,-3.6943,-0.414,1.4889,0.5292,4.4827,0.6119,-1.3491,-9.6613,-9.2036,-0.5505,-9.2961,-8.4586,-6.2193,-9.2062,2.7689,3.2666,1.302,-9.8552,0.8759,9.3281,-5.439,6.6598,-8.9511,3.2342,-1.4187,7.7772,0.3483,-4.1038,-9.3796,-8.7299,-5.2653,-0.7763,-1.3998,-0.2886,4.3733,6.1206,-2.2786,-0.3633,-5.3448,-2.2026,9.1685,-3.4467,4.8326,-0.6859,-3.8446,-1.8329,-8.8905,5.0592,4.6664,5.9115,5.9067,-7.6846,-0.5523,0.8228,0.7285,5.3839,2.2629,-8.3481,-2.5802,-2.0396,4.3408,2.8455,8.8686,-6.8867,1.4304,4.3928,8.0546,9.9764,-0.2736,4.4942,2.2282,-3.2729,1.9517,2.9924,8.0158,6.768,2.0134,8.2471,-2.9249,6.7543,-4.1152,1.0568,-1.1058,-7.8245,5.9779,-9.3015,1.5309,1.3242,0.8703,-5.2238,-3.2755,-1.3115,-9.6369,9.7687,-0.3884
5.632,-1.5865,4.9415,5.973,-0.3734,-9.1658,-1.7188,9.3316,-0.0528,-1.7052,-9.7499,-7.032,-5.9545,7.0144,-5.7943,-9.7643,-3.0834,1.1415,5.5307,1.9508,-5.3262,-4.0675,-4.5724,-2.0809,-7.4742,-7.9457,8.3728,1.0101,4.3594,-0.4116,-0.4257,7.597,-8.1522,6.7175,5.8468,-5.7314,-4.9137,-7.823,9.1703,2.352,7.9927,-8.0093,-7.6773,-3.9349,3.2219,4.2986,4.3338,7.5636,-5.5754,3.4429,-8.6231,-9.6395,8.182,-3.8024,-4.4961,-2.6235,2.0748,-6.1155,4.8219,3.5683,6.041,-7.924,-6.8133,4.1582,-6.0315,-8.797,8.2172,-7.5525,5.7291,9.0168,-9.1075,-9.517,-5.7397,1.1732,0.0407,0.4716,-2.8176,5.7064,6.608,-7.748,-9.9109,1.1356,-1.3322,6.8828,4.9523,8.5949,2.4779,-3.3062,-4.7557,-2.578,5.9547,-4.899,-8.8907,-0.9018,8.4775,-5.0765,-2.9036,8.9088,-1.507,-4.6028,6.9654,2.2244,-6.5971,8.321,3.3599,1.5068,-0.1748,-3.7005,-9.4035,-7.9266,1.2611,9.8991,4.803,6.8012,7.0078,-2.0286,-8.7759,-5.2095,-7.1628,9.3782,5.305,3.7497,-1.17,-9.1182,5.0144,-9.5608,-4.6712,0.957,4.7588,-2.7723,-4.4011,-7.7287,-1.322,-9.6356,1.3739,0.3395,-9.7543,-1.1412,-2.3023,4.3675,6.1781,-7.0666,0.0568,-9.6291,0.4598,-4.874,2.131,2.6183,-4.6561,2.083,1.4799,-1.2434,9.5902,-0.5254,-4.4234,2.5151,1.8804,2.5551,5.178,-4.916,-5.986,6.9682,5.5393,-5.4852,-8.3201,-9.3635,-8.1102,5.4563,4.0192,1.1847,-9.1369,-2.9441,1.7081,3.1215,-4.5661,-9.5218,3.0907,9.7178,-0.3215,-4.166,8.9883,-9.4251,4.7637,-7.6899,1.2513,-3.7943,-6.3593,1.862,9.1529,-2.8274,-2.0334,7.0443,-1.6441,-4.7214,-9.6717,8.697,-6.3804,8.7685,-2.135,4.0627
4.0246,2.2825,-2.1755,-9.0624,5.1622,-0.8359,-5.3675,-6.2556,3.8879,-5.8513,-6.2231,0.1089,6.9718,5.5478,-5.8499,-7.5849,-9.7066,-4.177,0.0972,-9.4408,5.2704,1.1644,-7.4534,-3.2443,-0.6214,-1.8323,4.2494,5.3669,4.4475,7.6916,2.6713,8.0045,4.6384,-7.3784,-7.8715,6.2916,2.1746,8.1843,2.716,-7.0983,-7.7711,1.6265,-0.436,-7.0934,0.2789,-9.7665,-0.0975,9.7992,9.3508,-7.425,9.8029,3.8694,-0.3616,8.437,9.238,7.6918,7.9557,5.3925,-1.1598,7.0624,3.833,5.7805,4.2884,-4.3186,7.1764,-3.2814,-6.2288,5.8298,-7.6785,-5.4218,-9.8246,1.0404,-3.3759,8.6403,8.226,4.0171,-5.0396,5.1477,0.0278,-5.5826,3.543,1.0902,9.5552,0.2751,2.3582,-8.4503,1.9602,5.5698,-0.4024,-8.145,-3.3703,-7.479,-9.37,-8.3439,-4.038,-8.9287,-6.7998,-3.1377,-6.6162,-4.5588,5.3564,-6.8054,0.6318,-8.1153,6.5022,-7.7632,0.2707,5.5804,8.6361,-9.3899,0.8882,-0.6862,4.772,9.12,-5.2063,-4.3084,3.0824,9.9812,8.838,-1.1897,-1.1882,-4.3256,-2.2429,2.2031,-7.1035,-9.467,-5.3202,2.8754,-8.5345,8.1001,-8.8303,6.3927,-8.6192,5.7918,8.1937,-3.82,-6.9825,1.087,-6.5242,0.4048,5.1583,8.4732,9.2273,-9.9514,2.2988,-5.4898,9.9088,-1.1999,-8.067,-2.7667,-9.5122,7.6806,4.2961,-7.6911,-3.875,-2.8609,-6.0048,9.1272,6.4208,-6.4596,-9.237,5.7482,3.1836,9.4374,-7.9658,-3.2297,8.7491,4.778,-9.648,-9.5357,-1.959,4.6587,7.2546,-9.6992,-7.8167,-3.7319,-8.6926,-5.9994,6.5456,-9.7695,-4.6037,-1.3253,-4.2691,7.4648,-7.5721,1.646,3.9474,-1.3115,2.7082,-2.7235,2.3161,-7.1564,1.7599,-2.1635,-2.2618,-4.5727,-6.0478,0.7455,0.4287,4.6721
-8.8825,3.1074,8.9718,-7.3556,6.3897,7.3439,6.6118,8.6229,1.6447,0.6789,5.2195,-0.4236,-5.7652,3.0557,-2.1921,-3.9396,-5.6366,-0.8405,8.8291,2.8097,5.1554,-5.7228,-4.1318,-6.7674,-7.6587,-1.4333,-6.0497,-8.2983,0.35,2.8068,-5.1868,0.5565,-8.4888,-1.7673,-3.4156,-5.5794,9.3976,6.9601,-2.3278,-2.2493,0.7397,-5.0479,2.4262,-9.1731,-1.1024,-0.7984,-2.137,9.5934,-8.8992,-8.2625,-6.6764,6.6567,7.5013,-3.0605,4.4822,6.5301,5.7407,-0.4825,7.7939,-6.0164,5.5794,-4.8524,5.045,4.1263,-7.7737,-0.0508,-7.9575,6.2541,-0.0413,4.3498,3.7571,-0.4433,-3.2152,7.2313,-0.3894,-5.5207,0.1538,8.8215,6.1499,-8.1472,-4.3195,9.2161,-1.8556,2.1295,3.5428,-8.5305,5.4196,3.9906,1.1494,-4.6566,6.738,1.6381,-8.129,-2.6307,-6.2476,2.8571,6.6432,-1.2532,6.4032,7.5964,5.3739,-2.7763,-8.6308,-5.254,-1.151,-7.617,-2.3245,-8.7303,2.1724,3.8924,-7.8106,7.436,7.4028,-9.8289,-4.1248,9.2898,-2.6555,6.3643,0.9382,-5.4498,7.2401,-2.6503,9.5331,9.6999,-1.7667,-2.8542,9.1817,-8.0292,-0.2596,-4.2712,-5.9949,-7.552,6.9065,2.6752,-8.4306,9.7127,-5.6919,4.6521,-5.9209,3.1536,-2.111,6.3258,5.4301,-5.9431,-5.619,-8.7799,-9.5398,-4.8901,5.9193,-4.3321,-5.293,-4.5105,-8.9735,1.7524,3.9781,-6.2265,9.2673,-1.5906,2.0372,6.7571,-4.5908,-2.8715,2.9382,-2.1202,-6.9246,-9.9584,5.2022,-0.8322,0.131,5.0995,4.5866,8.5595,-7.8341,5.6302,9.4449,-8.5206,9.5609,1.4708,-1.7421,-2.4069,7.7653,-4.3026,-8.3637,7.6553,2.6459,4.9427,-7.2356,5.1878,-7.814,-7.3018,-6.2564,4.4241,3.2406,-8.1108,-5.9941,4.9645,-9.442,1.2207,-5.7668,2.9358
0.6497,-7.5067,-4.7995,-1.1995,6.2173,-4.4355,-5.1067,-1.496,-3.0323,-3.788,-8.8232,1.1378,0.2882,-0.5823,0.2009,4.1519,1.0355,-8.9323,2.228,-8.6228,-9.4282,-1.5834,-7.352,-1.8326,-3.7282,-2.6503,-9.0451,-1.4542,0.9912,-6.1692,4.9794,-3.5149,-9.7937,-0.5561,2.4119,6.2008,9.2557,-8.8445,3.0624,5.099,-0.0241,5.5726,-6.9488,9.4029,4.3628,-2.2874,-1.507,-8.2503,0.9879,-6.1931,-4.7068,-1.6774,6.3687,4.2477,0.3987,-1.083,7.526,-5.8759,-9.0287,-1.5734,-8.0312,-2.2197,8.6792,-7.1833,8.8772,7.4398,-4.6936,4.0205,-8.8517,2.2453,4.1528,-8.4452,2.2514,4.9112,9.603,4.4797,-2.9363,-7.3166,-9.1995,0.224,2.0821,-6.282,-5.6618,3.3063,-2.4292,1.9086,1.6053,-3.9577,-0.4746,0.2054,-1.0804,9.1275,-0.4299,6.8593,-8.4939,-7.5217,4.8255,9.8474,-7.1609,0.7607,-3.517,-7.4288,8.6915,-0.9189,6.8909,8.2864,-7.2029,7.2872,-1.1263,-3.8625,-5.7695,-3.5372,5.7201,-2.1532,-3.0058,-6.2589,3.5596,9.274,-5.1814,-3.0798,-1.2088,-5.2333,-4.7707,1.4412,-6.8422,-3.9417,-2.6593,-7.6157,2.7068,0.7661,5.4574,-6.4204,-4.3362,0.9728,-8.3231,-8.8508,4.5787,-2.347,0.0004,-1.1955,-7.7155,5.6952,1.4309,-8.015,6.7806,1.2294,9.5535,6.3086,4.9859,-5.9338,9.6802,4.8337,2.3387,4.0756,-2.1542,3.4254,4.437,-0.093,3.4007,5.8497,-5.3973,-0.5836,-0.0234,8.5345,1.1655,-4.1735,9.6959,-7.3512,-6.7238,4.0085,-3.6119,2.655,-1.6111,8.8883,6.7556,-0.6897,9.9246,7.7388,-0.3427,3.3767,-5.7071,0.0079,1.6075,-2.5904,5.3215,-7.558,1.2518,7.9786,-5.5038,7.8446,-1.5175,-2.9335,-7.4914,-4.6401,-4.735,-2.6717,7.9742,-5.816,-0.1623,-2.0564
1.3801,1.7338,-7.8396,-2.7089,7.3957,3.9383,-7.4629,1.093,-6.5949,8.1152,-9.7671,1.6752,9.576,0.0434,8.0533,-8.1323,0.0642,3.2547,5.6549,-2.1643,5.5023,6.7288,9.0738,6.3189,7.4422,0.0743,1.8862,-7.3556,-1.3267,-1.146,7.7306,-9.855,1.9237,-5.641,-9.102,-5.2722,3.0682,0.3928,-2.3351,-7.8482,8.8157,9.9074,-6.8892,-4.5915,-1.4781,7.3773,-7.9425,5.6982,6.5646,3.503,4.1083,-7.4869,-7.2269,-9.3443,0.2236,-0.6281,-8.7007,-4.799,8.2119,-4.9137,0.1865,4.5891,-7.9441,7.9576,-8.5215,2.7942,-0.603,-4.9461,8.4029,-5.2507,-7.2921,-1.8991,-1.8966,4.803,2.3746,4.2015,7.0277,1.0254,2.6753,-6.3005,-8.9716,5.0087,6.9365,-6.115,9.2033,6.5424,-9.6488,8.9762,8.4098,4.5543,-5.6975,-1.4723,-3.2737,9.7612,-1.2108,-1.9656,-3.5479,0.116,3.1295,-7.5031,8.2313,3.8235,-0.1759,2.5417,9.8674,2.1712,1.1743,2.0589,0.8491,-0.95,2.144,0.3939,2.0772,-4.3029,1.9498,-8.8179,-6.1133,-6.433,-9.4682,2.2994,0.2616,-9.9371,6.1512,-7.2689,-1.0091,4.3161,9.8724,-6.8196,1.6044,5.7573,9.0746,7.1591,-3.4377,-5.9516,4.716,-1.1328,4.2037,6.1066,-3.6049,1.1482,5.1645,-3.0653,4.0285,-6.7728,2.6782,5.1008,-9.4762,8.0525,1.1419,-1.0764,0.0334,5.1152,-7.8382,-4.3241,2.7397,-2.4237,8.7697,-4.6842,7.3396,1.9963,-5.5236,0.5751,6.9887,-0.2023,-7.7295,2.5933,3.7446,9.6358,-6.2976,4.4804,-1.1475,-0.2608,4.1076,5.9613,9.0762,6.2538,-7.6722,3.374,8.1352,5.5515,7.2347,-6.7533,-8.0782,-9.705,-1.5453,-0.9897,-0.9869,-1.6221,-4.0555,-1.2085,6.1036,0.7079,1.9557,4.7851,3.0261,4.7678,3.215,1.4912,-0.689,5.2042
0.5039,-2.7293,-1.8362,1.7261,4.608,-8.1983,-3.2128,-8.8073,5.6813,0.841,0.6172,3.8432,3.3575,4.571,-6.3657,-8.5518,-0.1821,3.5091,-7.7866,-9.4651,0.5197,8.5272,1.8875,-7.7797,6.4868,-4.6616,9.4481,-9.3931,1.1043,-9.4784,9.4443,3.5411,0.1022,-7.6091,-6.6976,-2.9822,0.2423,-9.4928,-7.5127,-0.9606,-4.5075,6.9442,5.1318,-2.0614,-2.5709,7.5834,3.3774,6.1478,-6.5509,-5.7522,-7.7297,4.6615,6.8422,-4.0119,5.7845,7.8585,6.7503,4.8511,-3.0873,-7.4328,7.5618,5.6055,4.8544,9.3501,-5.8936,8.6361,-9.2701,5.6723,-1.3565,-8.6595,7.1404,9.2875,4.3866,5.5936,-1.24,-8.3655,6.0751,2.1153,-6.3192,7.9536,5.1467,-9.7035,1.0247,3.0888,8.192,-7.0735,-0.8758,4.9236,6.6414,3.311,1.4989,-3.0604,-6.1073,-9.9286,6.2839,-5.5799,9.9982,6.4246,-8.2945,-7.3318,8.2296,-0.7976,8.0706,-3.4944,1.879,-8.5691,-9.0122,5.3786,3.1351,-4.3912,3.4469,8.547,8.6127,-7.7338,0.6981,0.0696,2.4651,-5.7576,2.1987,0.3824,-0.3128,-0.506,-3.1693,-6.7677,-6.7294,5.3365,9.6708,0.3794,7.8429,-0.3444,9.4886,9.5593,-9.0454,2.7821,9.4121,-4.0,5.084,0.5724,-6.6289,4.6085,0.0094,1.1635,-0.0931,-4.9545,1.6132,8.5949,-3.2407,8.9421,4.8763,-6.2856,-7.733,-2.548,-5.6455,-3.4412,-7.4811,2.8364,7.6586,8.1476,-7.6651,7.0072,-2.8481,-3.4514,-0.9206,-8.2638,-3.8846,-3.708,-2.9077,-5.6648,5.3212,-5.3163,4.9982,7.088,4.369,8.995,2.5528,-3.0141,-5.865,0.5547,-7.0266,-6.3751,1.3722,2.3437,-0.3377,5.4421,5.3846,2.7854,7.4769,-3.0419,8.8771,-8.4929,-3.9737,-0.3014,5.3051,3.269,-0.8592,0.5071,-6.1387,-7.3966,9.2903,5.1647
7.0635,2.3231,5.2581,-3.5362,7.3484,3.3091,4.2573,-0.1177,2.8288,-9.9799,-7.2219,-5.6383,8.7427,4.9722,8.2808,6.9457,-8.5312,2.2836,9.2164,-3.0013,-1.2865,1.3913,-4.6582,1.7865,6.3631,-7.3737,-4.9,0.5062,-0.4873,7.5327,2.386,0.1344,-9.7228,-3.5783,5.4209,9.249,7.0155,-9.0827,4.2216,-4.0009,-8.3419,-2.3042,9.7809,-2.9709,-7.094,-1.1603,-5.0825,7.3186,-8.7426,-2.1427,9.1059,5.9079,-2.1126,6.4293,7.1267,-5.5446,-0.9841,-4.0808,-7.9558,1.9196,4.8056,-4.3481,-8.2201,-5.6549,-8.1816,-5.1168,-8.786,6.3139,-8.0742,-6.1554,-1.5418,-4.1569,8.144,0.8235,-0.7394,4.2662,-2.392,-6.3228,5.0826,-4.6918,-1.8358,5.7919,0.801,-0.4248,-1.3132,0.5871,7.4702,-6.0888,-6.2706,3.1717,-9.8273,-1.7204,-1.9686,-6.9516,-8.8201,-8.8125,-6.3027,8.5132,-0.7019,-3.5236,-0.2854,6.283,-5.0799,1.724,-6.5713,-0.8002,2.2531,-7.5859,4.1864,7.209,2.1535,-5.3793,-0.6354,-8.578,0.2141,-2.1821,-3.1964,8.6368,3.3417,-9.8207,3.1008,5.5693,3.8727,-0.2721,4.0108,4.1712,-4.5831,3.2186,7.1135,-5.8904,6.4335,-0.0377,-8.919,4.2218,2.7357,8.1665,-0.1219,-2.0738,-1.1516,9.3387,1.2586,-6.6563,-6.2652,-6.2377,5.5324,9.8915,-1.5775,7.3539,0.4084,-3.8508,4.9078,1.1438,9.8823,1.486,-5.2418,-4.2154,-1.4964,-4.1779,-9.1976,-9.7186,-3.6104,-1.2502,-0.8046,-0.3621,0.832,4.1704,0.707,-2.2993,-2.4236,-2.7654,-9.821,-0.7844,-6.043,-1.8479,4.8411,-3.5785,7.5405,7.1131,9.6371,-1.4947,-8.6975,7.0966,-4.5205,-7.3739,9.598,-0.6935,-0.5129,-5.2235,-0.5558,-0.3026,5.749,-8.7889,9.217,-8.7539,-2.58,0.9216,-0.6046,-3.3897,-5.6775,7.2385
-4.7374,-9.6844,-2.002,-5.8845,2.4585,4.6291,0.7167,-9.8601,-2.5388,-0.8979,1.6241,4.8467,-3.1735,-0.6751,0.5361,-6.5674,5.2334,-5.9305,-5.4116,-8.0001,-8.925,6.0144,-8.6107,1.9972,-6.535,4.7532,1.7186,-9.7159,6.9938,1.2265,8.9988,3.9705,9.4619,3.9137,7.8464,0.4541,9.9168,-0.6775,1.8054,-2.5829,2.4298,-8.6963,1.7465,9.5659,-1.3677,-0.7517,-8.8251,-6.729,5.5424,2.7634,0.1776,8.2243,-6.5098,0.4498,3.6026,-1.6595,6.4027,-1.9302,-4.2435,2.1013,0.6929,0.0565,2.4819,-0.9741,-4.9267,-5.7966,8.1629,-9.7791,0.7264,3.1702,-9.09,2.5562,2.4963,-1.6024,2.2878,6.0984,-2.3677,3.7464,-3.2259,3.1765,-4.4692,7.9897,-0.7804,-1.5506,-5.7394,-6.7863,-1.3884,-1.1099,1.828,4.6875,1.5932,1.4722,9.7599,7.2991,5.2444,-3.3361,-7.8709,-6.5281,8.8141,-7.7813,8.9525,9.9762,-2.3537,7.1325,-8.1043,-7.5617,3.9426,5.9623,8.8872,1.3534,7.0945,-0.5926,3.1644,4.5917,5.081,-3.2075,2.2911,4.0516,0.9962,-3.6741,-3.6224,7.5658,-0.014,-2.2851,-4.8346,7.5652,4.673,-2.9577,8.6428,-8.7823,-9.3185,-5.8541,-0.5815,3.1939,9.6164,-7.6926,-9.591,9.4658,-0.8337,-1.5107,-7.2477,-0.6162,-3.5595,-5.1689,3.6899,-1.8826,-9.6534,2.9117,1.546,5.6247,9.1614,-3.298,-3.5346,3.9227,-1.4274,0.2052,-4.3396,4.2795,9.8462,3.2043,4.3587,9.4394,-3.9027,-8.0109,-3.0621,3.525,-9.7155,7.9496,4.0994,-8.463,-3.4693,-0.1195,-1.5187,6.2655,-8.1009,-9.9755,2.8449,-1.5394,-6.9645,-2.1346,0.1758,9.3175,-0.3166,-3.3805,7.5552,-1.3815,-9.4092,6.5123,1.3507,-7.5692,-1.5007,-4.1219,9.7542,-4.4534,-9.261,0.0376,-5.8206,5.0801,-3.4452,3.4906
1.0934,-0.4946,-8.0113,9.24,-2.3099,-4.7467,-3.0532,2.4354,3.3104,-7.7637,-5.9315,-5.7741,-5.4772,-0.6633,-9.4956,5.7783,-6.0597,9.9536,6.7404,-8.3116,7.464,2.9461,0.5052,8.5982,3.6493,-0.3804,3.6888,-1.0869,-2.1773,9.9715,9.8792,7.0949,-1.7453,-9.8651,8.018,-4.4826,9.0005,5.6795,6.387,-1.9546,7.1436,2.6045,-0.4841,7.8653,-3.35,-5.4147,-4.3825,2.7067,-2.4447,1.7161,-8.3544,-7.6225,-5.3436,-6.0278,-0.3843,-2.4008,2.3122,2.9797,-6.35,-6.6296,3.7946,9.3498,6.5338,-1.5217,2.0983,-1.6688,2.9902,-7.19,2.7816,-3.3306,6.3145,-8.4395,9.1623,-5.3255,3.8105,1.4129,-3.2824,-3.9271,-6.8328,-2.0227,-3.2542,-9.8291,-1.9017,-2.5278,-1.728,-3.3631,-9.6772,0.356,0.4808,-1.6312,-0.6122,-3.4227,-6.4103,-7.6218,3.0494,0.7979,-0.991,8.5384,-6.6812,2.4544,0.4573,7.3191,-2.895,1.9016,-4.9994,-7.0897,8.9614,-1.8851,4.203,0.5619,4.3615,3.9698,7.719,-8.5955,-6.7586,8.9001,1.0992,4.2223,0.7877,0.892,-5.5285,7.2751,9.6451,6.3901,0.4336,-6.1494,9.3153,-4.4288,4.0108,-4.8735,8.7224,-3.8554,7.8606,8.8016,-8.7204,-1.0102,-8.2548,3.8933,9.0209,-5.3687,4.2902,-9.7815,8.9592,-0.2354,-0.2154,-1.3858,-8.613,2.8076,3.6562,-8.8506,-1.4849,8.183,7.7777,2.8567,2.5022,4.1837,-4.9393,-8.372,-0.0751,-3.8613,0.99,4.1699,5.3538,5.4672,6.9119,5.5304,-9.2,-1.5395,-0.204,4.3924,4.8216,2.1628,2.4515,-3.1314,8.6931,-6.0696,-5.6159,8.1742,-1.2646,-0.0055,-9.5407,-6.046,9.8986,-8.217,-3.2614,8.5322,-6.6164,4.6982,5.2661,-3.0042,-0.4513,8.8237,7.5383,-6.519,-6.5313,-9.5378,-5.4862,2.9708,-5.2633,1.0758
6.3401,-6.0851,5.0674,4.4332,5.0141,0.3827,0.6506,9.6204,-2.6671,-8.7812,-1.9078,1.5351,0.9705,-2.9474,3.2175,-2.7983,-9.5868,-1.3983,0.2225,-7.3816,0.0925,-0.3392,-3.1431,-8.3978,-8.151,-1.8521,-0.806,-8.7278,-7.0011,-2.1256,-4.7825,4.9068,9.1479,-7.8719,-2.4732,-8.5018,-5.0387,4.9176,3.2692,8.685,2.7505,-3.0756,-4.9238,7.1435,-2.3593,-5.0429,4.7177,9.6133,9.0743,-8.5416,2.4641,-7.5227,-3.8476,-6.3771,-3.5122,-5.2379,-1.9267,-1.7075,0.7454,9.9056,-8.4506,-4.7075,-2.7513,0.2782,5.3195,6.2294,6.115,-2.2216,-1.0047,2.6109,-1.2593,-0.8184,-8.5775,9.3065,4.4983,-5.2895,-2.4194,4.002,9.2417,1.7051,5.799,-7.3047,7.7978,-3.4324,-8.0818,-4.4311,0.6436,-5.5468,3.1818,-4.3184,1.4178,-7.0175,-7.352,-7.2574,-8.5974,8.6788,-9.8207,-5.9885,-3.3682,5.4871,5.92,5.5827,3.3779,-2.303,2.1999,2.0317,-5.7412,-3.2833,-8.8226,-8.4036,3.9828,-0.2332,5.3577,3.0097,5.0193,-5.5316,8.4115,9.1898,0.7041,-4.7899,-4.6587,-5.3584,-0.1589,-0.3389,8.4071,9.7221,2.8758,3.0354,3.8876,-5.0558,-7.1418,6.2399,1.7317,1.9588,-3.4785,7.7536,5.1673,7.5299,7.938,-2.1507,7.3587,3.8098,-6.023,-5.8069,-9.7823,-6.9092,0.4929,-8.6811,3.3147,9.1117,-6.2831,7.1808,6.8874,-3.0562,-5.5427,-9.9402,6.9622,4.8225,0.702,2.7387,8.3108,-1.3435,2.1089,-1.1666,7.3247,-5.0238,-3.5476,-8.8058,-2.2559,-1.7997,-3.4398,6.2522,-8.6963,-5.8165,-2.6973,-9.5766,3.7832,-2.9378,4.096,-8.9516,-0.2319,-3.7886,-7.5312,-2.8474,2.8004,0.2306,9.9648,6.7958,-6.4098,-7.1955,-2.3678,4.7105,1.043,8.4779,-5.5449,-5.9417,4.363,6.2405,-6.4113,5.2258
