-1.9261,-2.1642,7.3602,1.5523,5.1989,-2.1867,-4.9677,4.3237,-0.6587,2.5292,3.1367,-8.9929,1.5251,6.6755,2.0601,-0.4315,6.5394,0.3511,-3.1986,-6.8102,-3.773,-3.2945,-2.044,-4.0562,4.6217,-5.5247,4.4388,-5.7587,9.2632,0.4251,-1.9629,-1.9902,0.8252,4.0934,-4.7755,4.9603,-4.4687,4.1846,-8.9522,-0.0496,-5.7378,5.689,-8.9864,-0.456,8.8759,0.6271,-3.8578,6.3183,4.3786,-9.9787,-9.3955,-7.2178,-2.8026,-4.7383,-8.6264,-2.2618,-7.9342,4.0827,2.0825,-2.2814,-3.8715,-4.986,-7.5538,-3.6481,-8.5773,-0.3379,9.1511,6.3059,8.8736,-4.5794,-1.6487,4.6083,-3.3244,-7.4201,0.2406,9.1584,5.3711,-4.0509,-4.0759,-9.3192,3.6767,-9.2618,-0.1345,7.253,2.4336,1.6554,-7.3161,-8.0218,0.2708,9.29,-3.354,-1.4015,-3.0448,-4.6433,-6.5369,1.749,-9.3247,-0.3805,-2.6878,-6.219,1.0227,-1.4803,-9.5207,1.8367,-4.0713,1.4859,6.2053,-8.6935,1.9732,-5.3026,-1.5876,-7.094,5.8718,-9.0748,-5.6839,3.5327,3.6331,6.5008,7.905,-5.1732,8.5931,6.4491,3.7167,-6.3347,4.5884,5.514,4.1235,-5.7628,-0.7665,2.4227,-7.9676,3.8177,-8.6712,-0.6954,1.0749,4.3345,9.79,-0.4767,-1.0751,-2.8688,3.1058,5.5438,6.1721,-8.6187,-6.4644,2.2172,-1.8615,3.7721,3.8242,2.031,-9.2057,1.7781,4.4768,-4.7892,-3.6736,8.3379,-4.9563,6.7389,-7.6929,8.4093,9.2319,0.0163,-5.9805,-1.1623,4.4457,-2.0407,-7.5149,4.9618,-4.5459,-5.2117,-4.1159,2.6402,-1.847,5.5267,0.4952,-7.0946,3.9713,3.9637,8.5799,1.6509,9.7826,-6.1218,-2.7407,3.0675,-8.4709,-4.6653,0.931,9.5289,9.3932,-2.4669,-4.8531,3.9756,8.2543,-1.8944,3.3074,-8.661,-9.3431,-8.0697,-0.6219,-4.9322
1.7589,0.1076,7.5653,2.3156,1.767,-2.2618,-1.7217,-4.3071,-2.8736,6.8833,-1.1718,-5.8471,-9.4594,-8.5848,2.1747,-6.109,5.8861,-3.2794,-7.5508,-1.758,-4.0416,6.6698,9.118,-9.9038,9.9497,6.9073,-4.649,-9.7939,-4.231,6.2924,9.6939,0.2122,0.653,-3.9059,5.5089,8.4782,-5.1146,7.7576,-1.425,5.9077,9.6129,-3.4865,7.6774,1.4164,1.8953,9.3978,7.083,2.8812,8.122,-0.3812,-7.3533,-8.5053,-9.2479,7.7455,2.604,-6.9476,-3.3916,-4.4202,-0.2414,3.667,5.1051,-6.4388,-7.0817,-4.0651,-5.3318,8.9308,5.6834,7.127,-9.9056,8.5962,-1.0501,-0.3578,-4.3828,-5.4412,-6.0831,-9.0941,-7.4121,-9.2295,-2.8162,-6.2767,5.0407,6.7628,4.0471,2.1041,-1.8607,5.643,-4.9138,-9.7623,-8.7168,-4.5887,-8.0901,-0.046,4.2604,-0.7525,-6.2615,-4.9631,-1.4354,-1.8253,9.4833,-5.152,1.0461,2.3729,-9.8475,3.1297,2.07,-1.42,-2.1001,0.873,-6.2509,2.0197,8.1032,8.2229,-9.3909,5.0046,-1.1456,-4.3697,2.622,6.3528,3.0053,3.2541,5.568,-4.9397,8.8186,2.0018,-6.0655,-8.6254,4.9854,-5.3189,9.0827,4.2741,8.965,-1.3169,0.4982,-6.0491,-3.1243,4.0244,4.3877,0.4406,-2.8161,-2.0875,-9.0705,-4.0412,-3.1736,2.047,5.6669,-9.763,1.1677,-8.8363,-1.7976,3.0305,-9.5129,-6.391,4.5703,-3.7158,-6.4828,-1.015,2.9187,-6.5411,-2.5547,-8.9987,-4.4783,-0.6985,9.0124,3.4302,1.3731,4.5654,6.9437,0.1822,-9.5219,-7.9282,3.0902,4.2227,7.9669,-6.9309,-6.7777,-8.7412,-8.2265,2.2642,-3.5387,-2.9767,7.0093,-8.5256,-9.815,5.0231,7.5009,0.7116,-8.3888,4.8895,9.2364,-8.9677,-3.3516,-3.8696,5.2191,5.5227,-8.0549,-7.0424,-6.4983,6.3702,-1.7403,-3.1218
5.1765,1.4382,-3.1436,3.6448,-2.6135,-8.9835,-8.9849,-2.3427,6.9227,-1.4008,-9.5581,1.6819,-5.5914,4.4487,2.5668,-4.4563,-7.923,-7.1264,-6.4399,-4.6816,-2.7638,9.3633,-0.7345,3.2132,0.5169,6.7199,-4.3509,-6.6527,1.2352,-6.9891,3.8447,-2.4917,8.6492,2.8413,4.5447,-2.0651,-6.4617,2.3106,-8.1426,-7.6853,8.0778,-1.6888,2.7985,1.5114,-0.2872,5.6292,6.856,9.9304,8.7,5.5555,5.3218,5.0174,-4.371,0.5087,-4.1574,8.2376,9.9302,6.9541,8.2839,6.3908,-0.3154,4.7428,8.6937,-8.8317,-9.762,4.3301,2.7722,0.9971,-0.7086,-3.4783,-5.3159,-4.2694,2.6818,3.8119,-0.602,-9.2269,-4.2933,-6.9565,6.9513,-2.1456,5.076,1.6596,9.5309,-2.338,-0.1972,-2.8068,2.4014,-0.3261,6.3456,-7.4574,-8.9915,-0.2907,0.2206,6.4749,-5.2968,-5.9688,0.0424,9.9286,-7.2636,-0.9148,7.7331,-6.5163,-1.6532,-4.4971,0.631,2.1009,4.3588,5.0016,-7.8981,-3.3233,-1.0462,3.2362,2.5387,0.3061,3.0872,0.6532,-2.8804,-4.4362,-1.1034,9.2968,6.9881,1.9808,-9.4132,5.9026,-3.6697,-8.1122,7.1658,-1.3853,9.2575,-3.0668,8.6925,2.0887,-3.138,9.3554,-3.0629,7.0617,-1.4749,-4.1261,-3.2666,-2.7481,0.9534,-3.2068,-7.1302,1.8869,-8.2534,2.8074,-3.3956,7.9499,0.5291,3.4006,3.1521,5.4724,9.7072,6.4524,-2.0999,-1.5707,-2.6854,3.6897,-7.8649,6.0157,-4.8379,6.4235,-2.5019,9.4269,5.4005,-8.1223,-7.3882,8.2091,-5.1492,0.411,-6.0626,6.0878,-4.6612,4.063,2.7704,6.9426,-3.6644,-9.8799,-4.688,-6.9411,0.1341,-6.1237,-7.4601,6.8212,8.4009,4.2479,1.8663,-5.4388,5.076,-4.2217,-4.0361,-2.6296,0.0158,-9.7033,-9.775,6.9361,7.2728,2.8809,-6.2781,-3.9783
5.8309,9.5829,5.336,6.2543,-3.1286,4.0796,-9.1238,0.0453,-4.7,-3.4561,4.0483,-7.8424,-9.5608,-2.9486,-9.2501,2.5963,5.1205,-7.0086,3.9673,0.6065,-7.4981,1.0243,7.1822,-5.5605,-1.3458,5.9527,6.7896,5.9106,6.6845,9.6947,7.9649,0.2096,0.8646,-5.9327,-3.0196,-6.3599,9.953,3.2797,0.468,-8.4434,8.3476,-7.9248,-9.997,0.0222,-0.9037,0.3451,-0.1799,3.4316,6.8739,-2.3058,3.6121,0.8733,-1.0032,-7.9204,7.5638,2.1988,-2.6682,-5.161,-5.1069,-8.0634,7.1322,4.1109,-0.6247,7.419,7.9073,4.6315,8.8088,0.4403,5.9389,7.0944,-2.0344,7.905,-3.4258,-4.8985,8.5616,-7.2441,-5.6394,5.579,2.2621,-3.8578,3.5135,6.8989,0.5345,-4.5301,-4.1335,-9.5586,-7.0615,6.1908,-5.8771,-9.6654,2.0758,5.8314,5.8578,8.3144,-6.1688,1.5805,-4.45,6.3756,0.492,5.6989,-6.5592,6.8489,-9.1705,4.9727,3.7011,8.4671,-6.0896,-1.8268,-1.8749,-2.4229,-8.4887,5.5812,-7.4807,8.8469,4.8658,-0.9811,-7.5446,0.1592,-5.5506,2.4518,6.3441,0.6431,-5.2859,-0.1633,-7.7416,-7.5576,9.7454,-4.5654,7.8111,0.5937,-7.6709,5.9746,-0.2052,0.485,1.8603,-0.2895,6.7936,7.6298,-9.589,-6.048,-2.5114,9.1781,9.3622,7.6543,-9.6414,1.5624,0.1215,-3.0278,6.5151,-5.4754,6.4159,-4.8699,4.3931,4.4616,-8.2382,5.3636,-6.01,-3.0636,9.9478,0.4883,-3.6879,9.0898,-5.156,5.6557,3.2103,9.5145,-7.1276,-0.5342,-5.3157,-7.0088,-5.4917,-3.2268,1.2797,3.6325,-6.528,8.2675,-5.0412,-8.0656,5.6691,6.3027,4.1565,3.1309,-2.1987,-2.8195,-9.3631,-9.4059,-1.7078,7.5105,7.9388,-6.8036,-2.0085,-3.9884,0.1538,0.7809,-3.8904,4.1516,-4.4468,6.1558,3.3399,-7.2566
8.6084,0.8981,7.618,9.247,-2.4567,3.9533,-3.4177,-1.811,1.9981,9.9469,1.1821,-3.6239,4.399,-3.6101,-9.4598,3.9074,9.1321,-3.5847,3.6878,0.6019,4.61,9.3138,3.7875,2.9395,-9.5921,-2.7553,2.3701,2.0993,2.926,4.3497,-0.9475,-6.3115,-0.4303,-5.1755,7.4431,-5.9522,-3.1583,6.8912,-5.155,7.5191,1.0621,-6.9685,-5.951,-7.5916,-2.0841,-9.8369,1.8933,2.6303,4.7239,2.1951,-4.8177,3.7751,1.7315,-0.4552,5.6945,-6.5784,-9.6004,-2.8919,-6.9608,-6.9729,-8.8497,-6.449,0.4353,-1.7918,-6.3368,9.8985,-0.4677,2.6059,-1.2297,-7.2681,4.6015,-7.0694,-7.9789,-9.4845,0.701,9.8838,2.935,-9.1681,7.6633,-5.8999,6.0533,-4.9881,7.0543,7.2805,1.923,2.1813,-5.2114,3.5207,2.7539,-5.2232,3.9427,1.6492,-9.8556,5.293,0.3248,2.2615,7.5601,-7.0943,5.5715,-4.5181,9.5082,8.8778,7.0529,6.3544,3.1781,-5.5027,-9.2087,-1.3174,6.0994,4.5486,-3.3254,9.9476,1.6625,8.9337,-9.3889,4.8534,6.1014,6.4891,-8.1181,-3.9086,1.895,1.0387,6.0223,2.2405,2.5344,-6.8107,-3.6809,-8.4853,-7.4855,5.0159,4.5983,5.7737,-3.9006,-0.018,1.2567,-4.9854,-3.139,7.6552,-9.6136,-4.9641,0.3106,-4.6461,4.4171,3.7469,-8.8898,-5.3793,0.4569,-4.5935,-7.8952,-7.4373,8.8731,3.6181,9.8951,-0.9577,4.269,6.8981,-4.5762,-8.3262,9.143,-6.7723,4.8744,5.078,8.7704,-6.8746,-2.1037,2.6309,-5.3319,9.2669,1.3005,1.9273,1.8271,-4.9829,-1.5272,-0.0819,9.2857,4.1161,8.3745,-9.3455,0.2821,-4.0782,-1.3692,8.1553,-0.1168,2.8066,2.321,8.1454,-9.6962,8.9334,-8.8689,4.8662,-5.3359,-7.8871,-0.4684,-6.7246,-0.4393,7.515,2.2793,2.8199,6.8875,-5.2365
9.916,2.8075,-5.2671,3.5429,-3.1701,0.7601,8.7479,7.6264,-8.6927,7.293,9.9044,1.8241,8.9151,6.2793,9.9278,-1.2581,2.3187,-5.4016,-6.635,7.3574,3.7418,-7.2951,-0.4686,2.757,-7.975,5.0675,2.6342,3.8201,6.9762,2.3593,-4.449,4.1465,0.0954,1.7875,0.5089,3.2001,-2.8499,0.9896,5.7833,-6.269,1.4799,4.1007,8.8337,7.2894,-4.3803,-4.6196,0.4365,5.1138,0.2186,-7.6667,-6.9088,-6.058,2.1311,-2.1947,-0.4625,-2.9617,2.2935,-2.5239,-6.563,4.4745,8.0549,-0.7932,-1.7306,7.0187,-1.8236,7.7454,-6.3794,-5.4934,-4.3225,-3.1783,-0.1965,-0.8803,9.6986,3.1508,-5.243,-6.6208,-4.9735,1.3587,9.3823,0.0306,8.2349,5.554,3.7854,-0.8616,2.3487,-1.4291,-8.8138,-1.0465,-7.9178,-5.946,-0.4437,-3.1996,8.7696,-0.5758,-6.9255,-1.5646,-8.7608,8.5584,-8.1594,-6.8191,8.3208,-8.1649,7.4318,-2.8153,6.6864,-2.7451,8.8089,8.6193,2.3195,-9.2183,-7.6903,7.2723,1.8519,6.9661,-1.4135,0.7906,-1.3156,1.3363,-0.7665,5.9232,-2.1081,4.9608,6.0051,-0.6298,7.2479,-1.5921,8.2055,-9.7821,-1.2302,6.851,-2.8967,0.0339,-8.6324,-5.2757,5.9023,-9.8476,-6.8993,-5.5852,5.4507,1.3271,-9.5257,5.7948,1.3853,9.5936,-6.315,9.8131,-0.1557,-0.8738,-3.8867,3.113,2.8255,3.3261,-6.5608,-0.7017,3.6944,-5.8838,5.1189,-6.6469,-4.355,-9.223,0.0169,-7.6263,7.6639,-0.0231,-9.2921,7.6783,9.1427,-4.0469,-7.3072,0.6719,-5.9333,8.5212,-8.0578,7.7464,9.1596,5.1738,2.0805,-8.1908,3.109,5.5998,2.8369,8.1917,7.0472,-8.5988,-4.7669,-0.6944,3.7549,4.5964,-2.0092,-0.5297,4.1458,3.4855,2.287,-5.8907,-7.5381,0.663,-2.7396,3.4783,1.3131,-4.7365
9.0282,-2.9323,5.0896,3.0836,5.3351,-5.262,5.7097,3.6082,-7.581,-0.4967,-9.7772,-9.6806,-8.997,-0.7702,-4.1665,-6.4389,9.2293,2.7838,-9.5021,-1.2697,1.7734,1.0825,4.4408,-9.1353,-3.6844,-6.173,9.2654,2.5273,-3.1872,8.289,6.0711,3.8427,2.5683,-4.6682,0.4321,6.7758,-6.7825,3.8206,-1.4002,-1.1924,8.7968,-1.4139,6.485,4.2624,-9.1229,-0.9161,-8.562,3.857,-5.5394,4.8534,-1.7253,-6.0505,2.9281,-5.5714,-2.7991,3.7133,5.9289,-9.9419,-2.3966,-5.7971,4.8441,3.2537,6.8043,3.7418,5.0309,-1.8973,-8.3221,-5.0766,-1.9811,8.0572,8.4841,-0.0999,-5.3676,0.2259,1.7297,4.5321,8.2999,8.2536,2.3684,-7.7416,-3.3921,8.2898,3.5569,-1.0085,-3.2548,-2.6333,8.3482,0.8405,-6.2584,-5.9059,-3.8736,-2.191,4.9028,-5.1779,4.8119,-8.1845,3.8682,9.5069,3.0234,-8.2632,3.7781,8.9095,-7.2943,-0.1942,8.1412,-8.6028,-1.0348,4.9043,-5.8021,1.8713,5.1522,1.3992,2.0713,1.1723,-6.5501,1.3604,2.8475,7.9569,9.2272,0.7772,8.4487,7.0128,8.7145,-9.8717,-7.9108,-3.5526,5.0059,-0.9208,-4.7994,-4.7128,4.786,6.9032,-2.4101,-4.9003,-5.0174,6.2165,7.5327,8.6496,1.6153,5.3394,-2.2246,-7.0532,-6.2157,2.7527,-8.627,-8.8623,-9.6228,-3.4016,2.1531,7.9891,-3.8758,4.2266,5.4489,5.4629,9.7719,-1.5622,8.3328,3.8333,-1.6374,-0.6812,-2.1204,0.379,1.3051,-2.8877,1.4815,-4.8846,0.9101,6.4142,7.5875,9.1073,-2.2723,-6.996,-4.0892,8.0041,-9.4677,-1.0371,5.2892,3.4673,-4.2523,5.7354,-4.9251,-1.8122,-9.7376,-6.4685,4.9823,9.6882,-3.4897,-6.6558,7.048,5.8047,-3.9919,2.9667,1.565,-1.1155,-3.7901,-2.0997,-2.7376,9.2251,-4.546,-3.2015
-6.7176,-7.1562,-3.2662,-5.1359,0.7749,4.0748,8.3295,3.0622,-4.3913,-5.3339,6.3979,8.3981,7.7146,5.9974,9.3158,-5.1217,-8.4996,3.2014,-6.9576,8.1992,-6.6911,2.6762,7.3173,1.3361,9.9562,6.7405,6.4615,-3.4956,-8.6305,6.6235,8.5178,-9.2487,7.1657,-3.6987,6.0994,-5.88,-0.5901,-8.8495,2.7567,-8.8265,-1.3454,2.8153,-4.664,2.3571,-4.1601,-6.8946,6.3779,-7.4013,0.0005,6.114,0.8356,4.9791,-7.3216,7.798,-1.573,5.6268,-2.2244,-2.0954,2.0674,8.7204,-9.3874,7.8138,9.0606,-5.8435,-2.8797,-1.0344,-5.7356,-6.9103,8.0863,-4.1882,-4.3231,1.8911,9.0761,-2.9706,-3.432,0.4273,4.5261,5.9325,-9.6447,-9.7614,-5.422,-7.6954,6.4992,4.7605,4.8995,5.0944,-0.1923,-7.7779,-0.5768,-4.7458,-9.5344,2.258,-8.9525,-1.4515,3.049,-0.1667,2.8714,8.38,-2.4846,0.9059,-8.0185,-1.6911,4.6644,-0.9802,4.6809,7.2405,3.4819,-9.1306,-3.417,2.1531,4.2562,5.5408,-1.105,0.2065,-9.8557,-6.082,-7.201,4.9026,9.6671,-8.4663,-2.7604,6.1464,-8.6378,-4.9133,-5.817,1.839,3.4253,3.8727,-6.3943,-3.5483,-0.4952,-0.7449,-5.451,-0.1252,-8.4525,5.5156,-5.6957,-3.258,-7.8419,-5.2984,-3.2849,9.5244,-1.8164,-7.376,-9.0781,-1.5117,7.6696,3.1021,9.0286,0.5238,8.7737,-9.1293,6.9402,8.4645,9.4423,6.7162,-8.2859,-2.4116,-6.1897,-7.3517,9.5124,9.6861,-3.1183,-7.9389,3.658,8.4854,-0.516,1.2856,4.3749,7.8191,0.4131,0.2661,-0.7107,-2.3515,-1.8839,-0.8551,-8.2496,-0.0348,8.8726,-5.0151,9.4892,0.7189,-0.5905,1.7196,3.3872,9.2379,-7.1049,-0.9541,5.1089,7.7532,4.4137,3.0951,-8.2363,0.4097,1.0793,0.4214,-8.9169,3.9071,8.5603,-4.8189
4.3858,7.502,9.474,-2.1893,2.2189,1.8339,3.768,-1.8754,3.0352,-0.445,0.0132,-4.6149,-7.7409,9.1791,8.0061,-6.717,9.5002,-3.7648,1.7914,0.4443,3.558,8.19,-4.754,-0.2182,2.4677,9.1633,-5.3669,-0.2688,-4.928,4.3002,-4.0526,1.7669,-4.3818,5.494,3.1147,-5.0315,8.9354,6.6143,8.7869,2.1814,9.9995,-6.2189,-9.2668,5.6877,1.6931,-3.9441,-9.147,-6.4443,-7.8053,6.7781,-6.1547,4.6953,-8.2445,9.4682,8.671,-7.0782,6.8395,3.6514,7.9194,-0.0899,-7.5541,-9.6451,-7.6337,-0.7167,5.7486,-3.3175,2.2632,5.1269,5.6884,6.9106,5.9656,8.1344,8.3295,-1.0102,7.6827,3.1808,-3.4974,-9.8847,-4.179,7.2295,5.4743,-0.943,5.7142,8.0421,8.7669,4.599,0.8866,5.9841,-0.9431,2.6554,1.4913,8.8832,4.8007,9.616,5.6943,-6.6618,5.9026,6.5406,7.1034,7.3581,5.884,8.4018,5.556,5.6239,1.5915,0.2125,5.126,-6.7779,-5.697,6.018,-5.5258,7.2328,-1.6201,5.7968,4.003,-8.8059,-7.969,-8.2058,4.6819,-7.5893,-6.6055,1.8383,-6.6535,2.3587,3.5002,8.426,-0.8923,3.94,-4.9667,-4.4042,7.4713,2.0397,4.7522,-6.7798,-9.9203,-6.4791,-9.5604,6.1822,-0.7512,8.5693,-1.5987,3.4855,-9.7429,9.7667,6.5048,8.961,-8.4083,7.7885,3.2273,4.6979,7.2591,1.7233,-7.4927,-5.6914,-4.8539,5.9653,-2.1721,5.2448,-0.4998,7.1143,9.5402,9.8474,-3.0918,-8.2914,4.1839,-3.3627,0.1578,9.778,-7.6866,-8.1364,-9.6618,2.4026,-4.4351,1.4552,-8.581,0.9977,-5.282,9.0331,9.1005,5.7127,-8.2118,6.0049,2.7696,-2.1315,3.2897,6.3674,8.7723,-3.5231,-7.099,5.0508,-7.0497,-1.487,3.769,-3.078,-5.773,-8.5926,6.0071,-3.4493,7.9602,-1.8978
0.6911,-3.526,6.865,-5.9149,4.5574,2.5591,-6.7227,-7.1431,-4.6843,4.1101,-4.4216,-3.4685,7.3932,6.102,6.0209,-3.9229,-8.088,-4.8335,-2.7176,9.5614,-8.0504,-1.3694,4.4926,-8.8234,-0.024,6.6268,9.4103,2.5036,8.7312,7.0229,-6.0771,4.9349,-7.9321,-9.1623,-1.777,1.5587,-3.8467,-2.6261,-9.1128,0.539,2.3899,-5.2958,8.2934,4.3511,0.9943,-0.6064,-0.6519,8.9826,8.2108,6.9543,-2.0324,7.4945,8.3422,2.1372,2.568,9.868,3.7304,3.4367,4.0477,-1.4223,0.1097,-7.898,-5.0182,-2.6675,6.0639,1.0379,4.0472,-3.7629,9.7716,-5.0648,-1.3275,-8.9402,0.2201,-7.8854,-7.5734,7.3352,2.4403,1.6704,-1.4343,0.3924,1.0568,2.5398,-0.736,-8.2151,8.2885,-7.704,-6.799,-4.6995,6.3514,-8.8631,7.8577,2.8061,9.9521,1.833,6.6482,7.1829,1.597,-1.5627,-6.1819,1.205,0.3299,1.8249,-7.3563,8.7852,-4.1456,1.3021,-2.9397,2.6839,-4.3295,-7.1958,-8.722,5.0234,-4.7721,-0.8751,-4.3391,-8.3609,1.8965,5.0918,-7.2526,-9.3332,-7.2978,6.2965,-7.7734,-1.9417,-8.6455,7.8542,-6.1437,-7.0444,4.8872,-0.0601,8.9773,-2.2622,-4.0944,-6.5706,3.1437,-7.7255,2.1967,6.3744,2.2771,0.2625,8.1259,-1.4923,-6.9115,-0.6942,7.4732,-1.2802,3.0497,-6.7938,-7.7771,-0.1136,5.8313,-8.0288,-0.3492,0.0623,-0.0768,-1.8878,0.9885,-0.5511,-8.8036,2.3619,7.4959,-1.6139,-6.2339,1.7657,-7.34,-0.6689,-0.912,-5.5671,-3.0703,5.0279,-4.7018,-2.0827,-7.1219,-7.305,-7.0886,5.9412,6.4675,8.4639,-8.1163,-2.0688,-4.6871,-8.5361,-1.6625,1.0764,1.8991,4.5579,9.4582,3.5828,-1.7864,-3.9822,0.8245,-2.2609,-8.381,2.3137,-0.4322,0.1075,-6.0473,3.0303,7.4859,2.2515
-9.6778,-1.7305,-7.9671,5.4116,-8.4711,1.2216,0.209,3.2239,-6.3333,9.9439,-4.1713,-9.1572,-3.9825,3.3589,0.4409,0.9123,-4.4536,4.1815,4.4467,-2.2138,4.1992,6.7594,-2.9645,7.4956,-1.5929,1.8634,-8.0809,2.0425,-7.8433,8.6309,-3.4429,1.2082,-7.7982,0.9179,0.083,-1.8989,-8.916,-9.0549,6.9029,8.7228,-2.4011,8.1259,8.6532,-4.7758,-4.4607,-6.7429,-2.7828,-4.1669,-3.4889,-0.0758,-7.6705,-9.0952,6.6104,-7.2284,-6.7684,-9.0002,4.0694,0.2182,9.4058,9.1565,-4.6679,-3.149,0.4082,-9.9666,7.6582,-8.9432,2.2309,-5.4094,-6.5052,6.3358,2.9134,7.6207,-7.7858,-2.4117,4.9968,7.0216,-0.5293,5.9585,5.7884,7.3605,7.4545,-6.3108,-4.2656,-4.3585,0.4858,-2.8197,6.7919,-5.5354,9.7531,3.264,3.38,-9.2701,0.3521,4.2986,-9.4206,-9.6119,-9.1136,-0.4239,-9.2467,-9.0924,-1.6965,-0.3477,-6.5312,-3.6157,4.0814,-3.6227,4.2301,2.3068,9.896,0.3854,6.8194,-5.6933,5.1113,3.6564,9.8213,-3.1833,-4.7155,4.6026,-7.7432,-9.2587,-7.079,9.1909,-4.9191,4.0923,8.6613,2.5409,1.2348,-9.6104,3.0842,-3.4808,-5.8753,9.7161,9.3901,7.8017,5.1055,-4.6736,0.5874,-0.3645,4.3797,6.7109,0.3927,-6.6962,5.1033,-3.6735,0.4539,7.5506,-5.8698,-8.4457,0.4696,8.5102,-9.097,1.2417,5.0771,9.4331,-7.4529,-5.8043,-9.6492,8.1879,6.9905,4.8419,-7.2559,-3.5208,-5.9715,-1.8799,2.3856,-3.0129,-7.7255,-0.8311,8.6339,2.5336,-2.6435,5.0863,4.1086,0.4298,-7.352,-0.3147,4.0807,2.5771,-3.7938,-2.283,6.5329,7.6898,0.2596,-8.2912,-2.065,1.6267,-9.9252,-2.2741,1.7963,-2.3496,-9.2647,-6.1332,-0.8995,-7.8171,0.5676,-4.4544,-4.4271,0.2986,-8.0488,9.4632
7.9884,5.8217,-5.2646,9.0832,7.3901,7.9982,1.5083,-3.3042,-9.6245,0.6292,-7.0728,-5.2465,-8.0169,9.4485,8.5554,-6.1073,7.5879,-6.2105,9.2596,-6.2239,0.8335,-9.7787,-2.9878,-3.1316,7.3473,7.7213,-0.4498,0.4704,-5.9748,-9.8373,-5.5172,2.0192,0.3846,-8.1735,-8.4119,2.3069,-7.0516,4.469,8.6609,-5.1155,-0.3833,-7.6636,-8.4298,-1.6472,3.7595,6.8245,-7.6628,8.8499,-7.5632,-8.4513,-1.354,7.491,-9.6714,3.7972,-0.7468,-4.3717,-3.0236,-6.1759,0.7993,-1.2779,-0.0398,-9.6532,-5.7909,6.3234,6.5667,2.1865,4.7468,7.4769,4.1036,9.4511,9.4833,-5.8986,-9.795,-8.9775,-7.802,8.4478,-4.0734,9.049,8.2687,5.8502,0.234,6.5976,7.0549,-9.9088,-4.0864,8.2974,-8.4093,9.0609,-9.2866,-7.8267,8.2001,-1.7501,-6.812,1.4017,1.5821,-8.7626,5.8443,9.4423,-2.2128,-8.3134,8.4257,-0.6768,-3.5208,5.8159,1.2749,6.2714,-5.4295,4.0868,-8.2536,-7.6601,-8.8388,-8.8052,-7.1547,1.0818,-7.435,1.7388,4.8145,-5.879,7.3586,-5.6628,8.8908,3.1957,-1.3181,-5.8111,-6.792,-4.2858,-9.4942,7.2815,3.2705,0.5061,-6.2375,6.5276,-7.9896,1.3901,8.5745,-9.6531,0.0899,8.0737,6.1217,-9.3932,-4.982,-6.8213,6.0362,-5.5018,8.4652,3.2559,-3.9878,-8.836,-7.7664,8.2621,-7.3909,-3.6545,0.418,5.0739,1.8921,-4.6377,9.2324,-0.1719,-2.2051,3.0608,-9.1844,-1.5408,-4.0706,2.0454,-7.7525,1.4408,9.1684,4.8543,5.6876,-3.9253,3.4044,-1.1394,0.5499,4.5465,-3.7794,5.4206,-6.1736,4.3336,-4.2672,-9.6847,9.2938,8.8369,-5.9519,7.8352,-2.2274,-3.4547,-2.4867,-8.5543,8.8887,9.9813,-7.3656,-7.3792,2.7186,-4.56,6.0189,-9.9926,-1.5924,3.2089,7.7695,-5.3994
4.175,5.188,8.5757,-3.8706,5.9256,-7.3957,0.9824,6.2708,-1.0672,3.068,1.7269,-8.7536,2.9187,-6.13,0.5692,-4.7819,-9.3918,8.2936,9.0402,9.4512,9.6424,7.1334,-1.2784,7.0265,-5.0855,6.3787,-5.2868,5.842,-1.7261,3.845,-9.637,-5.0332,-6.2786,9.8056,-8.7894,-0.0293,-1.9028,0.1566,3.2181,-2.8441,-4.837,-0.8637,3.5134,9.181,2.8926,3.8252,-8.2193,6.0725,5.3128,-6.0682,-5.6503,-5.2296,7.1455,-5.188,-2.6358,-6.7353,-0.4136,8.8075,1.0654,-7.311,-3.3879,2.0167,9.6954,-4.768,0.6408,1.9228,-8.2258,8.0467,7.9567,-3.732,2.7699,-6.5568,-3.6048,3.5198,-5.6667,7.7422,9.0068,-9.772,5.868,-7.7479,0.2565,9.3154,7.0975,9.7828,3.6426,-0.6508,1.8526,4.689,9.6705,-3.6093,-4.697,6.9325,-6.7129,-2.8451,9.9085,5.9208,-7.4581,6.0118,-1.5565,5.2875,-6.1819,-4.2492,0.4939,-4.0656,-0.086,4.9513,-2.39,2.6189,-0.6252,8.8693,4.3603,-6.2705,3.4003,5.6049,8.376,7.3456,4.7606,-7.8398,-3.5681,8.4465,-3.0182,-9.3056,-2.4465,-4.1749,9.3401,3.3755,-7.6807,-3.906,-5.6454,4.2145,-3.6165,-1.9703,0.4153,1.5442,0.3819,9.4115,7.0106,9.7358,0.7743,9.0693,5.1577,-9.6183,-1.9023,1.8249,3.8554,-9.8088,-3.4341,3.3885,1.1015,-2.5991,1.5062,4.5778,0.8422,-6.9938,8.9873,5.0222,6.4886,8.7277,-2.799,-0.2459,7.9991,-4.2003,8.0047,-6.8567,3.0311,1.2605,4.9297,-8.8287,2.9199,-0.4602,-9.5778,-7.4833,2.7217,-3.2412,-0.5893,1.9155,5.6324,-8.9558,-4.6158,5.1381,8.9427,-4.0939,5.7162,-7.5989,1.6137,-0.5026,8.5666,6.9193,-8.64,-5.8396,-6.5037,4.3521,4.2112,-4.6325,-2.2735,-4.4131,5.3786,7.7213,4.3983,-3.5501
-3.6222,7.9296,6.0202,-0.4617,-9.2128,1.5034,6.1616,2.6022,-8.885,-8.0738,-4.2898,-1.3927,-8.1012,-0.4172,-5.8541,-3.8106,6.9116,-2.5734,6.6923,0.6048,-2.0223,-7.3013,2.9348,-2.5462,1.7908,-6.9977,-6.6741,-9.5681,4.5618,-6.552,-5.7561,-4.9901,-7.9408,1.574,2.6037,-7.189,7.2218,4.5613,7.4463,6.1642,7.6232,-1.1433,6.9596,-3.0494,-9.3644,-7.3307,-2.9759,6.4683,-5.5753,3.7993,5.5656,-1.7653,7.1144,-0.7241,-2.7195,2.53,8.9867,4.995,5.0687,7.5002,4.2817,4.5952,-0.2347,-9.1531,5.787,8.2968,3.0748,-1.8351,0.9619,7.0342,2.1273,-9.8749,-7.7276,-2.1537,4.6325,7.9946,-4.2712,7.1348,3.7608,4.1111,-3.4882,2.6841,0.925,-3.8519,-3.4421,3.3133,3.2732,6.0334,9.6058,-2.8163,-4.3088,8.6599,-2.9187,3.3673,-9.7372,-8.311,-6.5102,-6.7046,-4.9014,9.7873,9.1554,-3.8844,2.7728,-5.3859,-9.1849,4.0686,4.8425,9.1541,7.8412,9.8269,-7.3113,-6.5964,7.4242,-3.2282,-6.8207,5.895,1.3381,-8.6464,8.5187,5.8405,-1.0963,9.7616,-6.0298,-9.8403,-5.7344,4.5182,1.362,-9.2377,5.3589,-3.0631,-9.3704,6.5039,2.1337,-9.7445,9.8075,-3.5908,-0.3377,-3.7187,-6.2611,8.3901,2.8507,-5.8812,-2.9033,9.5726,8.1938,7.1145,-6.4146,6.0947,-5.904,-3.4514,4.3129,-0.884,-6.5131,-1.354,-7.8212,1.0342,0.1169,3.1972,-9.3468,4.5648,4.0185,-8.5839,6.2566,-1.3533,8.0779,5.4884,-3.2928,9.1012,2.8985,-4.8959,5.2243,-6.1027,-3.0101,8.9721,7.4625,-9.7521,9.3821,4.3924,0.8991,-8.4054,4.8443,-3.827,2.534,-3.9989,-5.385,-2.793,-3.7284,-4.5903,-7.9425,-6.4139,-2.7113,7.4885,-5.0771,-6.2359,0.6077,3.5945,3.9556,-2.4751,-9.1741,-2.2796
-0.8238,-6.5106,7.5824,-5.2209,-1.5465,2.8506,2.5867,9.1759,-0.3122,-3.9937,-1.8701,1.4172,-1.6173,-5.2645,-9.974,5.282,-3.3981,-5.6411,3.5688,4.492,0.693,8.1215,9.8278,-0.8145,6.5095,7.2261,-9.0568,8.8987,0.8243,-3.1994,2.3068,0.0583,8.9965,-5.2026,2.0355,-7.556,-6.8654,-8.4445,-0.2142,4.7609,3.6537,-8.2213,4.4032,-3.6359,-1.1198,5.6335,1.7869,-0.7592,4.9122,0.5506,-5.4391,5.1908,1.0091,2.578,-7.479,1.1275,-0.8588,-2.6222,6.4166,4.0154,1.3775,7.814,9.4647,-0.82,0.9306,-1.9711,-1.3565,9.7714,6.2638,-4.59,-7.0725,-1.5394,-3.7251,-8.9427,-8.8268,-6.5037,-1.7409,4.6422,1.3962,-4.4792,0.2445,0.1101,-9.4969,-0.5983,-3.1595,2.0711,1.8652,8.2743,2.1205,4.7192,-9.3546,-5.9008,5.6923,6.8938,-8.8004,6.8562,-2.4618,9.7203,1.4151,-5.9594,-2.8379,7.9888,-9.041,-1.6735,-2.674,6.514,-2.5623,-7.5549,-9.793,-3.6038,9.3628,3.6638,6.8445,-4.903,-7.8462,-4.6375,1.6187,6.4146,1.6233,6.4816,-6.5197,-6.1563,3.7075,-8.0176,-7.5837,-8.1167,-7.2841,-1.032,-4.4447,-3.302,5.2683,-4.4509,9.1908,-8.5172,-1.2992,5.1534,4.991,-2.6952,-2.3284,-2.4636,5.4233,-3.9926,-7.0834,-9.1146,5.3738,-2.7907,-9.5617,2.7413,4.8371,8.0107,3.8185,6.4254,1.0227,-0.0775,4.0434,-6.0738,3.7535,0.669,4.4822,-8.1895,4.1642,9.8662,0.5766,-8.9519,-6.3409,8.2847,3.2335,8.9046,1.2737,2.9908,6.4645,-8.8227,4.2503,-2.9508,8.9915,-5.8914,-5.1908,-7.4141,-0.9443,4.6422,4.9211,6.8209,-7.5815,1.5033,5.6101,-6.8913,-3.3894,-4.7476,6.958,-1.3972,4.8632,-7.7467,6.1144,6.4245,-1.9097,-9.614,-0.9436,-4.175,-4.0187,0.9381
-4.0047,7.8918,3.0842,5.7177,-7.3679,-6.7205,6.8038,8.2922,5.7662,-3.9418,0.7178,4.1759,-9.0492,2.2526,3.6116,5.4014,2.4794,6.3947,8.169,-2.9413,1.9596,5.8943,7.5248,-1.9185,8.9598,3.7754,9.5218,2.4544,9.8099,7.902,-0.7028,-4.507,4.5444,-0.1287,-7.1871,-5.3312,1.2735,8.2365,4.6182,-4.8955,-6.7291,6.4277,4.9946,-6.4927,5.464,7.959,2.0034,-0.9351,0.5524,5.1416,8.4882,-8.1634,-2.1442,-8.5909,-9.1667,-7.0624,-9.6987,9.8949,-3.1001,-0.0815,3.5904,3.7732,8.0438,-1.8236,-0.0016,-2.941,-4.9124,-5.3041,-2.8954,-0.4752,-0.2186,-3.3278,-8.9875,7.9507,-2.283,-2.5925,-0.6177,3.3999,6.3368,5.3552,-4.2976,-3.668,6.6538,-6.2166,-5.2729,1.4057,-9.4745,-8.0734,0.0622,-8.0082,4.9204,-9.1357,4.8355,-2.7718,3.1912,5.3425,9.3562,1.0728,9.8555,-3.7546,-6.8296,-3.6962,9.0489,6.7986,7.8223,-2.2152,-3.5771,0.7575,3.9484,0.6052,-8.8418,-9.8935,2.5441,9.7391,-8.3468,-5.8532,1.3039,7.6509,-3.7705,5.6601,4.853,1.4016,-5.5065,0.6182,-7.1025,-1.9899,8.428,-5.2752,-8.1803,7.5033,-8.7262,-4.0461,4.1675,2.7649,5.229,1.6756,-1.8875,7.0756,7.123,3.523,2.4011,5.6221,8.5984,-0.6493,7.4981,-2.2173,-4.6226,6.689,3.6002,-0.5745,2.9728,1.942,-5.8973,-7.0248,-6.4854,8.2191,5.6988,-1.343,-4.1085,8.6732,-7.4687,-5.1496,2.4971,-2.4983,5.3549,-2.6885,2.7451,-7.0629,5.8971,-5.2187,-1.8926,-2.5757,3.5485,8.3227,-9.0265,-6.9024,-0.0735,-8.7548,2.1947,9.0241,-7.4236,-7.201,3.9511,7.7928,4.9224,6.4287,-7.762,5.0117,2.8887,-9.3535,8.8149,7.2614,-9.4674,-9.0977,3.8547,-4.1065,-8.5643,-7.1574,8.0293,-5.2786
2.7901,-6.7176,-3.2825,2.17,4.0719,3.2293,6.9277,5.9683,-0.4193,-2.445,6.0585,0.989,-8.4601,5.2644,-6.1903,-9.6594,2.1373,8.6342,0.0624,-7.1129,-6.5182,-0.1531,7.2423,-0.4459,-6.2325,0.0188,9.2722,2.2129,-8.6949,2.7403,-4.2302,7.5462,-6.3777,-0.5533,5.8837,0.2481,3.1655,9.1736,-3.9426,-5.2316,4.8585,-7.7942,-5.4264,-4.2473,0.7601,-4.845,-3.1028,-2.9327,5.9783,3.1253,2.7253,-5.4539,-7.3585,-8.0342,1.5166,4.5827,2.6577,5.1216,3.1275,-6.192,-2.7693,0.7589,-2.4743,-3.5633,-9.6491,6.9971,2.7299,6.9617,8.6081,1.0868,0.8716,-2.1718,-1.3899,5.2724,-6.2549,1.8758,-3.3934,-2.0549,-2.3442,0.4345,-4.1536,-5.0519,0.6755,-7.5225,-6.0518,5.7764,4.2473,-7.9091,2.4057,8.6785,3.178,-0.7079,-3.6358,-0.0478,1.0915,-4.3959,-1.2931,-3.7932,4.8838,-8.2849,-7.4989,4.203,5.3727,7.3435,-9.5461,-9.9562,0.2641,-1.6173,8.8841,-4.2662,6.9557,1.9495,-9.5462,5.3669,-8.4325,5.3795,-0.5581,4.0257,-2.4182,-5.5235,-8.7787,3.8287,-5.2842,8.3058,4.1679,-2.3683,-3.4471,-7.6493,5.1709,-8.4239,-0.5683,-1.5722,-1.6603,-9.9614,-2.2012,-7.6871,-9.669,0.3494,-0.6069,-5.7727,-2.61,-4.7804,4.8377,9.0565,-4.1734,4.1073,-9.9844,0.7918,4.9175,-3.0301,-5.0514,5.3431,-5.9435,1.3171,0.121,6.1015,-4.8657,4.3831,-7.1677,-5.4409,0.4837,4.3838,-6.2715,-4.5362,2.9665,5.7455,-0.4242,-8.3153,5.0135,-7.4727,-5.6813,-2.0753,1.156,-5.1311,0.6995,2.0333,-6.9058,-1.5116,-3.0099,-3.399,-7.2178,0.3847,3.255,-7.9992,2.7765,-5.3689,8.9741,2.3909,3.3565,-2.6119,-1.4761,9.9527,6.9224,9.1038,-1.4734,-9.8112,-8.1204,4.0569,-8.9997,-2.4376
-4.2804,2.8599,9.9564,1.544,1.9751,7.4804,-0.6814,4.4124,-4.2111,-6.6517,-2.8078,-1.4942,-1.4861,4.4039,-2.7018,7.7393,-1.4186,2.3684,5.8643,0.9634,-2.8643,-2.7814,-0.9979,-2.2927,6.8141,1.8811,-0.813,-5.2198,4.3999,-5.2858,-4.8861,-9.3724,2.0432,9.8793,-5.0893,-8.0886,-6.0049,-7.2439,5.6209,6.042,-1.8668,-9.0564,6.5189,7.2606,5.9151,-5.1299,-2.7328,7.3676,-1.427,-5.1106,4.2474,0.8725,7.2937,3.5268,-4.3488,2.9121,-3.593,-4.6998,6.476,0.6877,2.4362,-5.2516,7.1826,7.9903,-3.9593,6.3994,-8.5058,-5.7726,-4.5826,-2.5919,-6.2991,-3.5836,-6.4383,6.3806,-4.5803,-3.8379,-0.8245,-2.9406,-6.3617,6.0833,6.5872,-7.3446,9.373,7.8947,-0.84,-2.2055,6.9675,-0.6334,-4.2425,-0.0129,7.1415,0.595,0.0159,-8.0031,3.7962,-6.4971,-4.9502,7.473,-8.4059,3.3318,-0.9294,-3.7555,-2.7832,6.5463,9.4248,-7.5108,-8.4762,-5.2761,3.6549,-9.0757,-9.8359,9.4667,-1.3659,-6.5971,-6.6109,-4.3521,-4.9259,6.1319,-2.7537,7.2204,-4.7808,0.737,1.2721,5.2227,4.6268,0.9144,-0.954,-9.6267,-1.639,6.4947,-0.6734,9.1598,2.2141,2.3257,-1.8566,3.3755,2.6355,8.0508,8.1192,2.0092,-5.1509,-9.3316,1.3765,1.5667,1.0326,-1.5569,7.0959,1.3232,7.6559,7.42,-2.2585,2.3489,-3.2089,-1.6206,2.8113,-9.3604,2.3312,9.6708,0.4622,9.9434,-7.2301,-5.7579,4.5082,2.9049,-8.0991,-7.9638,7.533,2.7375,-1.8707,-2.374,-2.739,-5.8162,9.7122,-2.2933,2.7098,-7.0494,-4.8726,7.0513,-8.3345,4.1952,1.8771,-1.105,-1.6579,4.8713,1.9003,2.9259,5.7706,-5.6904,-7.0583,6.2364,0.3381,0.6592,-6.6601,-9.5056,5.2351,-1.2221,5.2699,1.9989,-0.9649,-3.5984
3.1568,-3.7776,-3.2556,-4.7001,1.0312,4.4284,2.8675,-7.6024,-0.4357,8.4227,6.1958,-2.3214,6.377,-8.9778,8.6287,-8.7686,-5.402,2.0135,9.1219,3.502,7.9923,-1.489,-4.8124,3.2627,-3.7513,7.5815,2.4956,-5.3408,-7.1289,8.5364,6.4434,2.6519,-7.202,1.9095,7.6447,-1.7518,6.1699,-8.0304,-3.9765,0.3706,-5.089,6.8714,-5.4437,-3.7715,6.8925,7.9561,4.5074,9.5281,3.7874,7.0656,-6.5952,-7.3383,5.2758,7.4279,3.9346,-5.8304,-8.0965,-0.9236,-8.1452,5.0946,-7.4223,-1.3309,2.067,3.3015,-0.6802,8.5391,-1.6702,0.1031,-9.7905,5.0907,8.8695,4.5184,-6.0131,5.4669,-9.843,0.2889,5.9538,-5.0977,-6.5962,7.0165,-0.9295,-0.6597,-3.6478,6.9504,9.7773,6.9606,-1.9119,-9.7369,3.0369,-9.3927,2.2226,-6.5539,-4.3941,-0.34,-3.4455,-1.2698,-2.7474,-1.9048,5.4088,5.1795,-7.6359,-3.7198,-9.1189,0.4941,0.9635,-6.3035,-2.9427,-0.4879,6.3811,1.7364,6.3221,7.2876,3.6514,-3.961,8.7402,-4.2543,1.3229,3.1899,4.3999,5.6675,-3.0176,8.0233,-0.7955,0.0136,8.0783,1.6619,-1.5982,7.5008,9.3433,5.0083,7.591,-7.3924,-4.7402,-5.7472,-0.8138,-3.8825,-2.0874,-7.3683,-1.6687,4.1158,-7.5711,-3.3931,6.4307,-9.2945,-3.9883,9.4867,8.5709,9.9316,-9.6178,4.3345,8.121,-1.8353,-0.0574,0.4022,-5.8115,3.2014,-3.618,-1.7106,0.7712,1.3891,5.7211,-4.8521,-4.9711,2.7559,-2.3829,-4.7146,6.1467,7.4815,6.1528,6.6893,6.2527,3.2146,3.7605,-5.6127,9.0029,3.9328,-1.6712,-4.0836,-7.6236,-7.7873,3.2852,-9.7787,4.7359,3.1389,4.8213,6.0943,7.8101,8.6188,9.5878,-9.0458,-4.4343,8.6334,4.1886,-2.3458,5.1511,-9.8623,6.2515,-9.8072,2.2881,4.1635
8.8419,5.1051,-8.0955,4.6326,-4.6751,6.0366,-3.7074,2.1753,5.4595,9.9463,7.7986,0.6025,-3.0691,8.78,3.8832,4.4598,-1.27,-9.0281,5.2084,2.2267,8.472,-6.0996,-1.0176,8.3806,3.8685,7.3512,-1.1628,1.238,9.8072,5.9631,-4.7199,-7.5063,2.1148,-8.6086,-7.8313,-0.2038,7.6013,7.3562,-3.2238,9.9256,-6.0399,3.7059,9.7214,-8.3965,0.0451,-1.8005,-0.6255,-2.3027,-6.6324,-3.6862,4.0675,3.607,-4.1589,5.7418,4.1692,-5.2213,-1.2651,-9.966,-6.2455,5.2793,7.1281,9.2983,9.5965,7.2233,-0.2319,-8.951,3.2357,6.0599,5.8346,9.9534,-4.504,4.7755,9.3852,5.8322,4.9089,3.7127,-9.2388,-3.1764,1.3398,-5.5827,9.7806,7.5623,1.1932,-0.1163,-2.9204,1.7576,-1.1606,-0.656,8.7535,3.0667,7.404,6.6904,9.7973,3.6163,-5.2759,-7.2761,-6.5871,2.6817,-0.2365,3.8773,-8.2021,-7.4672,-1.0125,-4.4225,8.3142,5.3848,0.0395,-1.2044,1.0638,-5.7344,-3.9519,-3.2702,-4.3487,8.1142,2.2539,-7.8796,-3.7357,7.076,8.1774,-2.62,-8.7456,-5.9804,5.176,7.913,-1.005,-3.996,-7.2622,-1.8117,-8.0343,3.1336,0.5524,0.5649,6.2699,8.2386,-4.5891,5.0638,2.3932,1.7082,-7.0658,-9.9749,2.6057,0.4914,-0.9501,-4.7826,-5.1444,-4.0805,-4.7236,-7.7696,1.4378,-7.3867,-0.0407,5.5695,-9.3167,8.9702,-9.0051,-7.417,5.9543,-5.2105,-0.26,3.6225,7.1926,8.3781,5.305,4.9922,-8.4529,-3.0102,-7.8839,9.5105,-7.6001,-6.7239,-5.3961,0.4652,-9.518,9.0826,-3.6371,6.1045,-7.1436,-0.7446,-8.6327,-2.6497,-4.3308,6.4977,5.6019,-7.5198,-3.9703,-0.4651,9.9345,-3.7211,5.0193,-3.5401,-1.4049,7.3936,-7.1724,0.0434,-1.4294,-5.4092,1.6601,-9.1463,5.3881,-4.2152
6.6925,-5.9847,4.9204,1.4051,1.7657,-4.7818,7.417,3.4422,-1.2095,-6.7922,-8.5679,5.6534,8.6846,3.0927,5.8058,-0.9901,-5.8243,9.8118,-9.4216,1.9952,4.3833,2.9385,-3.7388,2.9943,8.0441,8.3016,-1.4519,-1.4739,-7.751,6.8131,8.3872,-2.6381,-0.3077,-4.6795,3.4336,-8.0817,4.3256,5.2215,-2.8562,-7.9865,5.2421,8.4702,9.8987,8.3559,7.6558,-0.2371,2.4657,-4.8293,-0.6111,5.5372,-9.5399,-4.3163,6.2056,8.8723,8.2307,-7.3179,0.9154,-2.1633,1.72,-6.7251,6.9434,-4.0721,-2.5399,9.0043,4.608,0.0671,-3.4821,-7.0662,-9.2838,-5.7444,-9.4709,-7.3834,-1.1561,1.0245,4.6785,6.8187,-6.3916,4.4329,-0.6527,-0.5269,9.4021,-2.0888,-1.6345,-8.5022,2.8248,2.8047,-2.5041,6.0487,2.8942,-1.7217,4.7844,5.8613,-6.0516,8.2859,-4.6371,-1.0475,5.9755,-3.6376,7.8791,7.3167,-2.884,-8.3268,-5.4226,-3.7606,1.9595,0.3493,1.5419,-0.2363,-3.2059,6.8416,-4.0837,1.4175,5.005,7.0497,0.6208,0.24,-7.1468,-0.7243,-5.7729,3.3656,-4.1154,-7.6605,8.9491,6.4253,8.6885,-6.7788,-8.6747,7.8489,6.2961,-4.8007,7.0368,2.3607,-9.2499,3.0416,6.757,4.4342,-6.5629,5.1083,-0.5507,-2.537,3.6751,2.5853,8.7744,8.7302,-8.568,2.3082,5.9881,7.0598,2.0035,-2.6716,1.3957,-9.4885,-4.4097,5.085,-4.9752,3.1972,-6.049,-5.9609,-5.277,-3.6078,0.7231,-0.4308,4.0547,9.7388,9.2617,2.4548,-8.2949,9.376,8.2227,1.8246,9.4294,-0.2205,-2.6733,6.6292,-6.1876,9.0844,5.4835,-4.2685,-2.7407,4.6299,3.4348,0.7402,6.2242,-9.4342,1.2482,7.639,-7.5073,1.015,9.4927,-5.5357,-4.3092,-9.2568,6.4655,-7.7177,8.4865,-5.3063,1.3217,-9.5232,-2.5698,4.6424
-4.415,7.3175,-7.5745,-3.897,6.7206,4.3184,-8.5794,-0.5394,3.2561,5.9372,-3.7082,7.6156,-8.1586,-8.9501,0.3072,-2.7007,0.8475,0.1112,5.8622,1.2867,2.9912,-7.1497,3.7143,-3.5583,2.5108,7.362,9.2353,-9.8665,7.951,-0.5578,-5.2407,8.8994,-6.1878,4.2802,-0.2294,0.1738,7.7995,7.861,4.0538,2.682,-0.1363,-9.3784,0.4343,3.0509,8.9135,2.8916,9.0521,7.6072,5.4151,8.374,-3.1247,-6.2343,-0.7674,2.0264,-7.7213,-2.8464,-6.1378,-9.6859,0.8068,-6.994,7.5652,2.4159,-6.5118,7.2176,-7.2284,8.3198,-5.9952,-7.3887,-2.1149,8.0527,-6.9852,8.5259,-8.5479,7.9708,-3.0945,2.7614,5.7552,-2.7102,-1.4289,-1.3866,9.7428,-5.7758,4.2402,-1.4507,-5.1743,1.1352,0.9285,6.7526,4.6949,4.6633,8.5401,2.5497,9.9423,-5.9975,-3.7597,9.711,4.4148,-7.6164,2.1961,-7.18,0.7387,-5.3119,-2.8867,8.5177,5.3705,4.5665,1.2385,7.4991,-7.4837,-0.5106,-3.4004,-7.4031,0.7063,9.0933,5.2589,8.0838,4.9847,0.6263,-2.8873,1.8904,9.2764,4.331,8.3297,5.0146,9.6972,-1.9893,-5.769,-1.7727,9.405,-8.7673,-0.2025,5.6579,5.7541,-6.2235,-0.0985,6.9447,5.4788,-3.3201,-5.3419,0.0162,5.0365,1.0798,-7.5559,-3.474,7.251,3.4407,-2.0296,9.5649,-2.3081,9.554,7.134,-2.1279,-3.6548,-8.6792,8.7133,-1.6604,2.4517,-8.582,7.9762,-7.8591,-2.2444,-7.7885,1.9206,-7.5669,2.9569,-6.1525,-8.5011,-7.1545,8.9398,4.286,7.8155,6.3459,-2.401,-3.4309,-7.556,7.5201,2.8693,2.4817,8.8519,-4.6838,-1.474,-7.8304,5.9167,-8.8305,-3.0335,1.1471,-5.4233,-5.2858,7.5538,3.6547,-1.0012,-9.0175,4.1058,-3.5716,7.3438,0.417,-4.5641,1.5873,6.1203,-2.7055
1.9632,9.7273,-8.2324,-3.0677,-1.7694,9.9708,2.6526,8.1656,7.0626,2.4567,3.0124,4.4495,7.3267,1.0909,-9.1298,-7.4613,8.9327,8.946,-4.2625,0.0954,3.9415,-6.0588,-7.591,-2.6532,0.4441,9.1523,4.8501,-9.1494,5.7377,-2.4565,-3.9517,-5.3369,-1.4575,-3.6389,-5.1131,-8.2935,0.6786,8.0429,6.9081,9.6608,8.1814,4.397,-4.6838,6.6283,4.3304,-6.9095,-4.4934,5.4647,8.1911,-8.656,4.8388,3.5681,4.6735,4.9529,7.6253,1.5652,-2.5663,-6.8965,3.4268,-3.0821,0.0481,5.9199,-9.1571,5.0444,-9.6126,-4.7822,-7.8429,6.8255,4.6345,1.2027,8.1396,1.0256,-0.3124,0.4454,-3.0285,-4.1546,-3.3398,-8.5141,6.6708,-8.5012,8.4424,5.8455,-0.8752,2.6633,-7.1487,9.1862,-5.9704,4.8613,-9.5092,-7.4901,-5.386,-1.2123,6.0159,6.1376,-1.1912,0.7685,-9.1618,8.589,-5.6413,-9.4194,9.4067,8.0702,5.9085,2.6805,-2.9489,3.9354,-9.4386,1.677,-6.1108,0.764,1.0095,-4.7404,9.5432,6.5751,-2.3625,3.7085,-3.1344,-5.2252,-1.7713,9.1357,-0.0483,8.6323,5.0895,9.8391,4.6378,-7.4014,-5.0852,4.0333,-2.7579,-0.9544,5.2181,-2.9867,-2.9317,-8.9872,5.951,2.6998,5.0489,-4.8889,-2.6459,-1.1101,-5.4923,0.5588,-1.5043,-1.1366,-5.3516,6.0728,-7.3061,2.6195,0.091,-9.242,-3.4428,-3.6969,-1.1827,4.1635,4.5615,-6.1684,1.2404,-4.727,-3.9071,-2.4072,-8.2485,-4.2806,-3.4843,-5.2968,2.4841,-3.5184,1.2406,-8.0838,-8.4346,0.5824,-3.2662,8.5024,8.8845,5.6273,2.5615,-6.7416,3.392,4.6771,8.4808,7.8504,5.1412,3.4607,4.6872,3.3909,8.739,7.5078,7.5028,-9.5939,9.8279,-3.4458,3.9438,-9.416,1.7302,5.9717,-3.3795,0.9725,-4.3436,1.3312,2.4136,-9.5476
-0.6857,-4.2258,-3.4375,1.74,7.694,-8.2461,-3.8304,-3.9117,8.0108,9.4668,0.1649,8.4872,-6.6304,-3.9562,0.9736,-3.6471,6.4027,7.5994,5.2991,-1.8264,-1.1306,-6.0544,0.9313,-2.5322,-9.4571,5.085,-8.9796,9.6202,3.6499,8.1684,2.9658,9.7378,6.6251,-7.7973,-1.1343,-8.8314,8.6302,-7.9831,-3.7927,-3.4151,-6.0608,-1.7948,9.3832,-6.8807,2.3406,-2.6637,9.1289,5.1208,7.0322,3.1967,-6.8108,-4.2352,4.1559,0.2737,-0.2841,-9.3101,-1.7829,-4.81,-8.8064,6.8704,9.4909,-1.1291,-3.4736,-7.107,-8.4728,6.1487,-8.7169,-1.9275,5.894,3.5952,-0.2734,4.6179,-5.3982,-2.6926,6.8671,-6.6624,-4.7758,0.0946,-0.4593,-8.8424,1.8431,4.5812,0.2871,-9.5995,2.6507,5.6114,-3.9342,4.0312,-4.4063,4.1171,4.1068,6.729,0.2797,2.2768,-5.3871,2.6025,-8.7674,-7.766,7.1543,1.2547,4.6393,1.0579,8.5778,9.6827,4.3508,-0.0402,2.6658,6.6047,4.6453,-9.3867,1.1182,5.1364,0.1813,-7.2694,4.7753,2.4472,5.961,-4.8038,-7.9941,5.3016,3.7771,5.1475,4.459,6.5556,-8.9758,1.6473,4.3879,0.5377,3.3269,-3.0786,9.9835,5.7976,6.0597,-1.3445,-9.4182,9.2522,1.3584,2.7279,-8.0545,8.3142,3.262,8.4818,-0.6023,5.6681,0.1905,9.3962,-6.6778,6.8101,8.4786,2.9124,-6.3785,-1.9144,6.0994,0.3066,9.5823,-3.4447,2.2961,-9.0258,-4.5452,-3.1054,-5.8266,3.0382,7.0575,2.9483,-1.3883,6.2828,5.9862,-8.0237,2.595,-5.5329,1.2032,1.1737,2.1386,4.8044,9.9589,-2.4383,6.7243,-1.7783,9.3871,-5.4973,2.6344,-5.3708,6.2501,1.2139,-5.186,-0.7848,-8.3536,2.4411,-4.8183,-7.3895,4.5354,-8.3371,1.8613,6.9815,5.1974,-4.2506,-2.1639,-9.8974,-5.4348,0.665
3.4066,-4.2611,-2.2905,4.1383,-0.209,3.5123,-4.8757,-5.6887,2.9363,-3.2292,6.6533,-4.4624,-5.2241,-7.1081,-8.7335,-0.3012,-5.7785,-0.5288,-5.7908,0.6977,-7.7871,-2.6824,9.6288,-2.249,6.7127,-5.0259,1.1173,0.5344,4.6423,-8.5506,-9.8377,0.8822,-1.9797,-0.5793,-1.5019,-8.574,4.2335,5.0779,-7.898,-2.8768,-8.4057,1.998,9.5173,-9.3174,-6.0689,5.2907,2.6903,7.1933,-6.0677,0.2471,-0.3981,-4.1687,2.7466,-4.506,-2.2512,-6.9829,5.167,-3.5266,4.2489,4.8369,-2.7662,-4.3684,4.5442,-5.1924,-2.3632,9.1419,-7.2216,-0.5474,9.9222,-0.3602,-9.4461,8.8528,9.0054,5.4013,2.8933,0.1439,4.3593,1.6486,-0.2282,1.7943,-8.2189,0.8085,9.005,9.3405,-9.2492,-5.7386,-4.3372,-7.1516,0.7371,7.9551,-4.5438,-8.3634,-0.5255,-1.1404,-4.3694,3.3289,-9.9511,6.4643,-4.0776,8.0143,9.3141,-8.0771,-1.4455,9.7846,0.3993,-9.0411,-1.8749,7.3985,1.8411,7.5703,7.255,-5.1401,0.1161,9.7514,-1.4274,-0.4417,-0.1397,2.7996,8.2795,6.2529,1.894,-9.923,3.4579,-7.2606,-3.5613,1.3104,-6.7295,8.7928,9.6441,-2.939,7.5269,8.5394,-9.9223,-9.9759,-2.4577,5.4432,-3.1334,-7.7072,-5.5259,4.263,-7.1929,-6.326,-3.8274,-4.557,4.914,-7.3076,6.3275,-5.185,-3.5895,1.0708,-3.1673,-8.8645,-7.0343,-7.6187,4.2247,-4.1878,-2.3225,-0.6472,-5.5707,5.0276,-3.4323,2.9156,4.399,8.3818,1.4088,2.5241,9.6255,4.7271,-6.8022,1.6089,-2.1383,-5.4705,5.4125,-3.3124,-5.0412,9.1395,0.2592,-7.9948,0.3945,-5.8201,-4.7815,-6.6946,6.621,4.226,-8.7089,-6.9349,-2.8777,-2.1466,-9.3032,2.6663,7.5521,6.3949,-8.2649,4.5516,2.1966,-7.7855,5.2787,1.6267,-4.495,-0.0587
5.889,9.4779,-9.2158,-7.9067,-8.5766,-8.8294,-4.2108,8.3553,9.3838,2.244,7.9699,-8.9753,7.8269,-7.0571,4.9751,-9.4969,5.8464,2.1516,-4.4555,-7.4706,6.3228,8.2314,-7.6864,3.4359,1.7492,1.0497,8.8171,8.5566,2.7394,-7.0495,-2.3595,-9.1863,1.1135,-0.0105,2.6561,9.0416,-5.7064,-9.1403,-8.8427,3.1767,7.3178,6.7102,-2.7465,-1.0009,-7.5193,-8.9459,-2.9263,5.2803,4.4486,2.2929,0.5855,-1.3352,-7.777,6.8392,9.9724,-2.1701,0.5216,-5.0107,-9.9996,2.1179,-9.6473,0.4084,5.2353,3.6176,7.676,-3.8377,-5.2029,1.4766,-2.5222,8.2363,-9.7106,-4.2376,-8.3369,-0.3415,2.5017,-3.2193,-7.8969,-4.6282,2.2261,-4.5308,-5.6243,-2.0347,-1.007,4.4874,3.7957,-0.962,1.8363,-3.818,-3.1957,-3.8951,-7.0796,2.2169,-9.9879,7.3161,7.9248,9.7225,-7.4108,5.286,8.9721,-0.2491,9.1371,-2.542,2.9191,-3.4601,4.4325,-9.5703,1.0123,0.6004,3.131,5.9862,4.1537,6.9681,-2.0829,-8.0993,2.5837,-9.9073,-1.6301,-0.4221,0.5577,1.7173,4.3858,9.3325,-3.6505,0.5219,9.9775,-2.2273,-6.6394,-3.4149,6.787,9.5129,-3.0775,9.638,5.1835,4.0846,5.7776,-0.5944,-7.5506,-2.6889,-3.0614,-8.1501,6.6897,5.4087,1.2745,7.4929,4.1589,-4.6547,-4.5946,-1.2893,-9.0796,6.2967,8.0213,-2.4773,5.1504,-5.372,-1.8512,0.3687,-0.2588,7.8871,-5.0071,-1.9665,-5.4001,-9.6885,3.9605,9.5936,-4.1168,-8.8117,5.5453,2.8019,-9.9095,-4.733,-6.3796,-9.7491,-8.3579,-9.4324,0.6935,5.417,-7.1618,-4.6066,3.0834,-8.1136,9.6596,9.2781,7.7261,-8.4827,-6.3313,1.8963,-3.6992,-2.7399,7.945,4.3967,8.1709,-8.3418,-0.8464,7.1422,7.2078,0.0486,2.7918,4.8415,3.2797,-2.6199
-8.6902,4.0331,-8.8146,8.3186,6.3594,1.376,6.4494,-0.8889,-6.0519,-8.6093,-2.241,0.7976,3.0259,3.7248,-2.8613,-6.0723,-8.1378,9.1701,0.8761,1.2005,-9.995,-6.2703,6.5741,3.3063,1.4557,-1.2366,5.1739,6.7091,1.5341,3.8615,-9.2475,4.7207,1.5195,2.5032,4.687,-8.999,-5.9299,-3.0955,0.269,6.6123,8.5181,-7.4627,-9.4619,-8.8586,-7.7377,8.6109,-6.8117,-1.7164,2.3936,8.0517,-2.141,-5.4858,3.121,1.0745,3.33,5.0314,8.4186,3.6183,-9.0183,-7.8782,-7.3821,-9.8651,-1.2741,-2.6379,1.328,3.0746,5.8426,-9.8367,-6.9799,0.8458,-5.5431,-9.4939,-7.1234,9.8973,-6.0934,-9.4939,-1.4697,-3.9254,3.9882,6.1916,-5.2468,-1.9098,5.7699,-9.5129,4.6965,6.4622,-5.5912,5.9313,0.9572,-4.4131,-7.2321,3.1544,5.1675,-0.7061,-0.246,-1.3376,-1.5854,-8.3964,2.5004,6.5188,0.5064,1.2957,9.3859,8.5387,-8.3391,8.2284,-0.0824,6.3148,2.589,2.085,-9.0466,-8.3207,6.5956,-1.7722,-0.3928,-8.2644,5.5921,-2.101,7.8848,-0.6198,-3.4523,-5.2566,-2.1894,0.1756,-4.8501,6.5446,-2.3112,4.8951,3.0136,-9.5281,2.0981,7.8719,9.2162,6.2631,3.2013,-7.9055,-2.9265,1.8813,-6.1338,-2.9897,-6.8183,8.7522,4.8348,-5.9844,-3.1782,6.5586,4.832,-1.7985,2.2804,7.7937,-5.9173,4.1614,3.2904,-9.1654,-2.2367,-1.0769,8.6801,1.2759,9.6673,-8.6693,0.7303,8.1239,5.2151,-9.5555,5.6927,5.5831,-5.7428,-3.5902,0.8164,4.751,9.3723,-5.9666,-3.6132,-7.2253,-6.6934,-5.2891,-3.1943,-6.1527,-6.7414,6.715,2.8982,-4.2829,1.2677,-0.6166,5.1636,8.9707,-0.9494,-1.4005,8.8722,3.5681,5.145,8.5006,1.5691,4.3579,1.4506,-1.3117,5.6136,-8.5158,6.3316,-1.0312
0.7702,-8.8497,-2.3204,1.8528,-6.7143,-7.7363,-7.728,-6.4937,4.4464,4.8379,8.5061,4.794,-9.561,-4.0395,-2.8112,-8.0785,4.633,-1.9936,9.4014,-0.4496,1.7014,0.0939,-6.5076,-9.4864,-0.7776,-3.9136,-6.3001,8.7009,-7.563,-3.5612,9.0802,-7.5979,7.1791,-2.1574,2.2192,-7.8377,5.3647,-2.1898,-4.9525,-4.9038,-2.8091,-1.9303,3.5034,8.6095,-3.0132,7.4139,0.3427,3.3194,9.4921,1.4082,-7.6249,-4.5972,0.2466,-2.1914,-5.8107,-6.276,-8.9056,-2.2451,-5.6984,4.895,-5.3727,8.8228,5.8211,-9.1553,-9.832,-4.6844,-3.6558,5.4595,-4.4119,-2.6636,-8.6067,2.3412,-8.1441,-1.216,0.477,-1.5974,3.2508,-8.0428,5.1291,7.9866,-0.638,2.851,-0.1607,-0.506,9.3642,9.7247,9.1782,-6.8924,-3.5771,-2.1381,-5.4043,-2.2709,-9.1183,-5.2293,-5.5755,-2.4183,-2.2427,4.1488,3.0577,-0.1946,4.4037,9.9173,6.5275,-8.1949,9.3723,-8.1959,2.9062,-8.7319,6.7371,-3.2854,-0.2371,2.9687,5.6594,-9.805,4.0745,-8.928,0.9293,6.6235,-3.4373,1.6152,5.6083,-4.4395,-4.5813,0.8104,5.7474,0.1015,-7.0461,-5.1246,-9.8666,7.3705,6.0386,9.8437,9.7244,-2.3116,-9.7055,-0.8705,-9.3504,9.7616,0.6291,-0.7648,2.2013,9.1981,9.6742,-7.6271,0.9749,-8.0624,-1.6356,8.0587,-2.9994,3.5268,5.2082,-5.6425,5.5752,-4.1775,-8.0949,3.0602,9.2995,-0.4125,-1.9384,-4.7725,-3.9654,6.8717,-1.6106,4.8434,7.5293,9.7301,-1.8392,-5.4152,3.4375,7.8262,-3.9515,-2.3639,9.16,-4.7983,-6.2008,-4.7084,-4.8848,4.5962,-5.8511,-1.8762,7.4613,5.2159,-5.1057,-1.6058,2.5636,5.7642,-4.0165,0.1741,-4.7616,3.6878,-0.3404,-2.6491,-9.3584,-4.4129,8.4182,-2.1895,5.7128,5.042,-5.7171,2.3742
-1.104,-2.2434,-2.2706,-0.989,3.5931,-2.1476,-4.5644,3.7563,-6.837,-9.6148,-5.9824,5.6429,-7.5372,-4.1981,0.4787,0.3587,6.5158,-3.607,-8.8479,-3.666,4.4718,5.3494,4.5071,3.9799,1.4756,-2.5936,-4.3924,7.3238,-4.1603,6.4404,6.2402,7.1409,5.8866,-8.927,3.0723,4.7133,7.6899,-4.4553,-1.7447,-4.7687,7.2084,-0.2622,-5.0212,3.5832,-9.2859,3.8211,8.7008,3.4659,-5.491,-7.9481,-5.4267,-4.22,-2.6575,-5.3644,5.5489,5.6481,-6.1615,-0.6952,-6.0411,0.757,-2.5401,-2.2527,5.3113,-6.0806,-7.7975,-8.7772,3.8485,-9.8884,-8.3706,1.9332,-6.8602,5.165,-5.8406,9.5924,-2.3061,1.6006,-1.7608,-2.1796,-4.3729,1.1732,-2.7478,-0.2239,2.4551,-9.1662,1.3283,-4.8012,-7.7097,-6.9216,-4.9979,2.745,4.9982,-6.7185,5.9914,-9.619,-4.1566,-3.8441,4.4758,-0.3118,-5.4552,4.0532,-2.4015,-9.9587,-9.9255,-7.9309,-7.4162,8.6841,2.5852,-8.2491,8.6564,-8.4584,-8.1329,3.4803,8.9292,0.1106,9.6073,5.3159,9.6545,-8.265,6.5063,-6.964,7.502,1.4773,-7.7619,1.7263,9.4887,-8.0398,-9.5543,1.3263,0.3523,3.4664,1.8891,-4.068,-7.69,8.5754,-9.7948,4.2979,-6.5711,-7.108,-2.6565,-3.5363,6.5858,-4.269,1.6248,-5.8903,-5.9199,4.4477,0.5394,-4.0788,-6.6876,-7.7342,8.895,-8.112,3.342,8.8116,-6.9425,6.5655,-6.343,-3.7755,4.3781,-0.2846,8.4604,6.1276,-8.4045,-3.0631,8.0675,-2.6227,-5.9966,9.6145,3.4979,7.4637,-7.0429,0.4658,-7.0628,-2.2074,-9.896,7.8989,4.1656,2.6166,6.6956,9.6573,-0.5391,-7.0687,0.2537,3.011,8.4913,9.9592,7.7523,-7.6596,-1.1811,-5.9317,-0.2735,2.6616,6.7153,-5.8248,1.2263,-6.3126,9.3125,0.1263,-8.42,9.7937
8.6695,9.6479,-5.3655,-7.4807,-5.6396,-6.404,-1.0484,-8.8909,0.3583,-8.7806,8.429,7.2155,-7.3782,1.6614,-0.0896,4.4251,6.4313,-6.1866,-3.1848,-8.9169,-0.7325,-5.6169,-4.4789,0.5613,-8.1024,-3.1974,5.5717,3.1969,7.1598,4.3391,-9.5603,-8.3056,-1.0935,-1.7385,-9.6348,9.5416,-0.9061,7.6145,3.8831,-9.1083,-5.4091,-6.6498,5.4782,-1.7964,2.2198,-1.3689,-3.0293,-1.458,9.9337,6.7075,8.7248,-2.3735,5.7487,-1.9896,-7.3744,-3.6192,-5.0956,6.0482,-0.7745,-1.4998,4.6602,4.6589,-9.1468,-4.1272,9.0938,4.5423,0.594,-9.0892,1.8267,6.8314,1.6367,9.2074,-7.2252,-8.5083,8.0168,-9.9134,6.6537,6.2668,-8.3117,6.7537,7.3607,-5.9489,-4.3431,-1.446,3.7251,7.4399,2.9362,-4.2497,6.9991,8.4543,-4.409,-4.894,7.3275,-8.1248,-5.3022,8.0579,-6.0771,-0.1429,0.4638,6.6626,8.1575,2.3332,0.0912,-1.8371,6.6108,2.3655,-9.2174,-7.5902,2.1771,-6.0331,-3.7199,-4.6193,9.7213,-3.6838,-0.2673,-9.9266,-0.8619,0.4711,4.7503,4.3034,8.8742,2.446,0.6458,-7.748,-7.8299,0.6589,-7.2715,-3.491,2.6363,5.7047,4.5556,-2.7902,9.9017,-7.8727,-2.4542,-8.4594,8.7186,3.4191,7.4753,5.2929,-5.254,-7.3873,-3.2265,-3.563,-5.6447,6.6434,-1.2845,1.2457,-5.6215,-0.0036,9.1682,-0.7271,-1.107,7.4245,-0.1745,6.7124,3.8963,-1.7411,-0.6366,2.3994,-1.6835,7.6539,-4.8089,5.3402,-1.2346,-4.0117,-1.8714,5.7393,-7.6426,-2.2108,-3.1917,0.4755,2.4159,-2.2225,6.0557,0.1883,3.9492,3.3188,1.7305,-1.4497,1.7071,-5.5941,2.4992,6.7938,-1.1213,6.5776,-8.8937,0.0023,-7.9724,-9.425,3.7302,5.8669,6.1261,-5.2569,4.2801,2.1114,-4.9217,5.92,9.1622,7.2385
-5.5733,1.4128,1.4713,-3.8185,2.9218,-3.2989,8.3123,-1.3676,-8.9669,3.7583,-0.6459,-7.9602,7.6728,-2.9299,5.3709,-4.2153,9.4305,3.9855,4.9973,-3.2147,-1.9794,-6.3296,-9.3449,3.3809,-8.9292,7.4467,-6.6072,8.9392,-7.2685,-9.5612,-4.0883,6.085,1.3551,5.2856,-5.1169,7.4701,-7.6999,-8.9329,-5.347,-5.5004,-9.1825,-1.362,-5.2263,-7.5937,5.6999,4.8494,-5.0423,-7.0789,-8.1663,7.0059,8.7557,-7.086,2.3741,-3.6831,7.8738,2.2166,-6.3824,-5.8772,-0.0207,8.5459,1.0943,-4.6988,9.6916,-8.4592,2.5907,-3.4662,6.9443,-2.0531,-8.8686,-2.9066,5.3293,-6.4313,6.1242,0.2524,-6.1248,8.0865,-5.2922,-2.4599,8.9048,9.8077,-0.4203,-4.5875,-6.4364,-5.162,-9.0231,2.7858,6.0296,-9.3501,8.6158,-6.9759,6.0528,-5.4941,-1.6472,3.8462,6.1911,-4.1287,-1.6416,-4.2634,1.6195,-7.256,-4.4098,7.3728,2.0778,9.1201,-6.1952,8.3239,3.7524,8.7973,-0.8346,-9.0944,1.2641,-2.5753,-5.2561,-7.3808,-7.5015,9.6049,9.3601,8.8068,-8.987,5.2683,-7.368,-3.393,5.0911,-5.2854,8.3676,-7.8633,-2.6348,-4.7125,-0.5201,-7.4356,4.3233,-6.383,-7.2137,5.0792,8.3826,7.7753,-4.7602,6.5522,-5.3232,-6.5137,-4.0369,7.5927,-0.3032,-2.3693,-1.8948,6.6572,8.8576,-4.4168,-0.4635,3.2065,-1.6087,0.6145,6.1829,2.4324,-7.588,2.7755,-0.3099,7.0082,7.1001,-8.2885,-5.2498,3.3491,-9.4919,-6.0721,0.4298,-4.3926,-4.3714,-4.6813,-8.4471,-2.2336,-9.1031,8.678,-2.1993,-3.0325,-6.4106,9.0991,6.7938,-7.4243,9.9068,0.8884,-4.652,-6.7892,5.6556,1.322,-7.6026,4.6057,9.8483,3.8534,9.6375,-5.6761,2.2865,-1.5999,3.134,6.1308,-4.3838,4.0099,4.0303,-4.8256,5.911,-6.806
3.8161,4.8586,1.4325,9.8892,-7.5359,8.421,-5.7614,0.3447,-3.3237,-5.2412,1.4529,3.4697,-7.5859,-0.8704,6.279,-1.6163,-4.5397,3.0011,5.33,5.9886,7.3662,-3.367,0.4012,-8.895,-3.429,4.3857,2.8424,-3.8191,0.7594,-7.6649,3.7156,8.1032,5.3575,-4.2451,6.874,3.3962,-0.3207,-2.9949,-3.1415,-6.8727,2.4022,-3.9788,7.6846,-2.7891,8.905,1.4094,-6.966,8.4661,8.0392,-3.4925,0.212,7.1856,-8.8114,4.7759,4.1107,7.229,4.0902,0.5081,-2.6219,5.0153,-7.6207,-0.721,5.8149,-7.1527,9.4588,-6.6623,-7.6248,3.4663,4.9439,3.7176,-2.2459,-2.0001,-5.3022,-8.5433,3.3301,-9.9621,-3.4347,-7.2242,-8.6529,-4.364,4.5885,-2.2449,-0.1887,-1.0988,3.6376,9.0608,4.5416,-8.0378,1.461,-7.9258,7.3453,-5.765,9.6031,7.7875,-4.2139,-9.8342,6.3832,-3.013,6.9038,-1.0179,-4.3565,2.8884,2.288,-5.2467,-3.7859,9.8498,9.4193,-2.5091,-1.0388,8.2651,4.5467,-9.2208,-6.1775,3.9574,-6.6225,-7.6152,-7.2522,4.4887,-8.9165,-5.1133,-8.7084,3.8614,2.0434,7.9136,-1.0353,0.5394,-6.2885,-2.85,0.5652,3.2043,-4.0842,-8.3055,4.0007,-7.0791,5.5312,-7.0607,-8.6882,-4.1828,-1.9007,4.3641,9.5488,-3.9422,-3.2813,5.6348,-1.2134,-5.5872,9.8408,0.9801,-2.2512,2.2178,-4.3535,-2.5863,9.0761,8.3893,-1.778,-9.2508,0.794,-0.2981,-6.3547,-2.3796,0.8158,7.8478,-3.6313,-3.4299,5.8447,-0.2777,-1.4749,-4.0631,1.8212,-4.7728,-6.451,-9.406,-0.4284,6.2146,8.0753,-7.4509,4.8705,-1.7216,8.9697,-6.2808,-3.7335,8.297,3.4825,-7.9657,4.666,1.4442,-6.586,-9.1261,7.0489,0.3602,1.2307,5.1552,9.8671,5.6717,-6.9548,8.5785,0.811,5.9636,2.4485,9.2286
6.4617,-1.9986,-6.137,-9.2733,3.4053,4.8711,-4.576,6.3716,6.6522,3.5295,-9.8802,-5.211,6.15,9.927,7.3898,6.8801,-2.2379,-2.5996,8.1061,-3.2519,-4.4129,-0.4954,7.0667,-4.0966,-2.1377,2.9685,0.1786,3.0685,4.0477,6.5459,6.6588,9.9849,-4.1662,-8.7034,7.26,0.1366,-7.9451,-5.9751,0.3594,-5.4245,-1.3535,5.3993,2.3219,4.6772,-3.5169,8.1651,-7.6729,9.0553,8.2242,-3.5838,-6.5672,-3.5306,-7.5678,-9.2079,-3.7989,-8.2914,1.0384,7.1813,-3.9471,0.2059,-1.1698,8.7327,-4.8871,-7.0582,-3.8797,1.1897,-0.213,-5.4846,6.1657,-4.5139,4.6534,7.1942,-1.4187,-6.178,5.9424,-3.2003,-9.5929,-4.2851,-9.5663,-0.8217,2.3217,3.8296,-4.3353,6.7611,-7.4753,-1.5382,5.4307,1.9233,5.0963,1.0485,2.6821,0.4388,-9.9947,6.4068,7.3462,8.8307,-5.7668,6.3155,-4.1033,-9.0198,9.319,-6.3729,-0.8766,8.4958,8.5971,-0.2606,6.6553,1.2135,-0.8613,5.0803,8.5685,5.5181,1.3367,7.6241,9.8338,5.0523,2.5556,-1.8243,6.2423,5.1587,6.6104,-3.7212,8.9176,-4.2659,-9.2667,1.9544,7.1979,-4.6028,-8.146,-8.6407,-8.9777,6.8725,6.7511,-2.8153,-4.0082,-4.3183,4.5876,5.8826,-4.9404,4.2889,-6.1672,6.5083,2.9854,-2.8411,1.4232,0.6959,4.5318,-3.4152,-4.5038,1.3611,-1.2539,-2.6543,-6.4504,1.5377,-6.3864,-7.3387,-9.6529,-8.1728,5.3634,-7.9856,9.063,-7.8014,-3.668,5.3645,-5.5744,-5.843,0.4487,1.2757,-0.5283,3.528,2.3258,2.3298,-2.0686,2.9092,-5.3366,2.2737,9.566,2.3323,-6.8099,1.3991,8.7219,-3.2774,-8.7489,-9.598,-2.7092,2.7679,-5.0392,-4.1194,-8.2823,9.5529,-5.8329,7.6808,4.2539,8.0077,-7.1706,1.9935,-2.1808,-5.9002,5.6761,1.6481
2.1281,-2.6955,0.0596,-3.613,7.4019,4.573,1.5357,-5.8945,8.1213,6.6184,1.3486,-5.7267,-8.782,-0.0591,-7.7056,-1.6907,8.9075,-1.5671,3.9256,-6.9123,2.1913,-5.4353,7.372,-1.6324,-3.7277,8.6488,-3.8682,8.6233,-6.335,-8.5081,8.7778,6.1408,-1.9496,-6.0662,-3.9976,8.1205,6.2452,-3.7475,-4.1096,-2.0488,-3.5294,-4.0966,4.9443,7.7977,-2.1601,5.8906,-8.42,7.1452,-9.4644,9.5288,9.801,-6.0304,-2.245,-4.3097,-2.2856,6.9291,4.2365,3.0178,3.5542,-3.3644,3.1294,-7.7079,8.7465,-1.5855,3.8644,-7.8627,0.9922,4.4302,3.5898,7.2446,4.6975,-9.8565,2.6598,6.6481,1.1585,2.7178,5.8097,5.0282,9.6167,3.5949,-2.6686,-9.5482,-1.9078,1.2535,-0.8447,3.4148,-5.3015,4.3398,0.2155,4.6687,7.0229,-9.5705,7.5308,6.29,-1.5402,7.8194,-7.2563,4.2747,-1.4293,-2.9276,3.9408,-1.383,0.431,1.8757,6.2425,7.419,-8.3185,-4.4275,-3.1025,7.1965,-7.8957,1.2096,0.5082,8.1574,0.1527,-2.4434,4.5464,4.411,1.7373,7.4256,-9.725,3.9963,3.8824,-0.7255,-2.3991,-1.2307,4.3817,9.8844,-2.1165,-3.9608,-0.049,2.9197,-1.0502,-9.3639,7.6298,-3.6279,-9.1486,5.7026,7.7296,9.6026,-6.616,6.5731,-5.251,-9.8272,-3.4334,-5.399,-3.467,-5.8315,-0.5741,1.3188,-1.8876,3.087,9.0702,9.6528,5.5977,-4.2084,0.6654,-3.0921,-4.0044,-3.6403,8.8074,5.8394,3.3576,0.3219,5.5224,-3.9813,-3.5794,6.7158,-7.9453,2.5519,-7.4573,-4.5994,4.6575,1.86,-1.0323,4.7779,-8.9743,-1.314,6.6739,-2.6625,-4.0217,-6.4502,3.9613,0.5811,-7.335,-0.3806,-4.4326,-2.8249,-5.1779,-5.6939,-0.7035,-8.1419,-4.9195,8.9817,-3.5974,-0.7943,-6.066,3.8647,8.9232,-5.0528
-2.1094,-7.3086,3.3772,2.7735,-5.1052,0.9945,-3.9731,5.0935,-3.811,9.4016,-8.524,-0.1604,6.5278,4.0438,8.5309,7.326,-2.5143,8.6505,6.571,8.2236,6.4917,8.5162,3.7814,8.6708,-5.2145,8.3117,-0.0106,-1.7357,5.4807,9.2334,-0.6184,7.5848,6.821,-8.8533,-1.3578,6.9545,-3.8244,-1.3984,6.4555,-7.4769,2.5415,-5.0487,1.0852,0.2197,8.4219,3.7182,-2.3085,-0.502,3.4206,-7.7697,-8.6817,-5.0705,-4.0811,-1.9342,0.5533,4.5504,-7.3384,4.0355,7.8679,7.3764,1.2074,5.2033,-0.7099,-2.4555,-2.3547,5.082,6.9126,4.2372,2.3407,4.0789,5.2783,3.8124,-3.1487,8.3301,-8.287,-1.9076,-2.8336,3.2054,-1.2571,-4.6676,6.876,-8.8599,5.1405,4.3265,-3.0077,8.4757,9.5631,-4.9838,-5.5954,9.0738,3.9501,1.7282,-8.9022,-9.0153,-6.6115,-1.0308,-5.6257,-0.4478,3.5737,-3.6197,5.2597,4.0821,-0.7288,1.8227,-6.3258,-3.2151,-3.5281,4.8095,-4.1028,-7.2436,-0.8512,-1.6048,-0.0647,4.434,-6.7527,3.8268,-2.6102,-0.8455,5.6318,1.9314,-3.7057,-8.8203,5.0121,-1.1173,2.1773,5.9327,-6.2818,-9.8434,-4.6707,6.3729,-7.1366,-4.8716,8.3256,-9.8009,6.8301,8.2474,-6.6195,-6.8061,5.1118,1.2069,-2.6129,-7.5125,0.4367,9.4409,-5.338,2.7901,-8.8297,9.5268,-0.8806,-8.7118,6.8849,5.9553,-8.9682,8.0698,-1.6156,4.7512,8.3415,-2.424,5.7418,-8.3084,-9.4298,-1.3955,2.5653,-5.4946,-6.7166,-9.8394,-2.8091,-7.3839,-1.2845,8.3361,3.8486,1.5817,0.8976,6.6173,3.7579,-3.2176,-6.7522,2.4587,-7.2561,-0.6194,9.5988,3.293,-3.7579,4.4556,8.7756,-9.8219,-7.1177,7.7965,7.2699,4.1333,-2.9548,-9.2167,-1.4996,3.1407,-5.9149,1.6052,-5.1503,3.0228,-7.4779,-0.5957
7.3488,6.063,5.4814,-9.1708,-2.2213,7.3131,-4.5808,-8.5364,6.9127,-1.7657,9.484,-4.4497,-7.93,-9.3587,-3.1216,5.2416,-2.2432,1.3239,-8.4252,8.3213,-4.7731,-1.7876,8.3386,-5.191,-8.3313,-6.973,5.7792,-3.1666,-5.8911,-6.1535,1.8202,-3.106,-4.9264,5.1505,0.988,5.5597,2.963,7.289,6.1014,5.3858,1.4613,1.5588,2.6979,-1.0102,-3.4971,6.0012,-7.7779,-2.0476,-4.0507,6.7465,-2.378,3.3553,9.3021,-5.2038,1.2465,3.1506,-7.3398,1.2807,-4.3762,0.946,6.9336,8.2504,-6.7465,-7.7945,4.9676,-4.869,-2.7915,-2.182,4.3704,0.9998,7.695,-4.2499,-3.6341,6.4589,1.2201,6.1538,-3.4028,6.0592,-6.3845,0.381,6.3211,-1.7783,-2.7034,-1.1521,0.8035,5.2328,-4.1845,-0.2191,9.9245,-8.3504,-7.6662,-3.6526,-4.0798,-7.5295,-6.0767,1.7535,-3.6801,-5.5044,-0.4963,1.4118,-9.0067,-9.6548,5.5462,2.9741,-7.7753,-3.0831,-2.2378,4.2273,2.4004,8.8166,9.5967,-7.9489,-8.1908,2.3424,6.0529,9.2162,9.9825,4.0694,-9.9994,7.7683,-7.5402,5.1517,6.3137,3.663,6.4087,5.8743,5.9524,-3.4584,9.3984,7.5929,-9.3471,4.5351,1.1449,0.5335,-8.0097,-3.3273,2.0498,5.2199,4.7406,1.8311,-4.7476,-2.2699,-1.1067,7.4193,-1.5137,-2.9742,-2.1861,1.5919,3.4508,9.0265,6.0549,-4.6427,5.894,-2.3241,1.6903,-2.8034,-8.2796,6.3683,-7.9603,-1.7684,2.5337,-8.9242,-4.4719,1.2868,4.9007,-9.9982,-8.1563,7.2365,-6.7396,-3.529,-3.9347,2.4785,2.9913,-1.4813,-4.762,-6.8681,-9.7236,1.5195,-3.5693,1.8125,7.8469,-8.3316,2.7387,4.2761,-9.3581,-9.4337,-2.0193,-3.7314,3.877,-2.023,-7.7549,7.6612,9.215,6.7689,9.6145,5.8949,0.9733,-6.7852,-6.0184,-8.702
7.2701,-7.6667,6.8264,-2.761,7.1434,-6.2856,-0.6873,-9.4704,7.7365,-7.8957,6.5766,8.4964,-9.1484,-3.3852,-0.1428,-6.4108,1.4416,8.231,-2.9459,-4.3416,4.7045,6.3915,-5.3908,4.224,1.8139,-2.0288,-9.4661,-8.7673,-4.3537,-6.6666,-7.3237,2.4535,-5.5484,4.124,4.7668,-8.7949,-9.7384,-5.8791,3.081,8.2584,-5.3775,-0.1851,-9.1436,2.7532,-3.6537,-3.715,-7.5864,9.6638,-3.123,3.3195,5.6907,6.0804,1.8294,2.85,2.9123,7.0094,1.694,-1.01,-0.8685,5.3543,-2.7666,-2.0046,-3.8613,-2.9025,2.6147,9.7491,-7.0301,-3.4829,-9.0316,-3.1545,-7.6803,0.3891,9.203,-7.3378,-5.7488,-3.7493,7.4559,-5.991,7.3948,-7.2968,3.0798,9.8997,9.092,0.3705,-6.4704,-7.1825,-7.6044,2.0849,3.2399,8.5696,-5.4215,-4.759,2.2716,0.0085,6.2812,-8.6312,-7.8728,-8.0024,2.2344,-6.4926,2.4485,-1.4945,-3.682,-5.5518,4.2033,4.3693,-5.225,-2.9878,-8.7766,-4.2721,8.6278,6.5054,9.3849,4.3261,3.1293,0.0857,-1.4183,4.0604,-8.2723,-0.3235,5.7639,-1.7904,5.9465,-9.5098,1.9662,8.9363,6.8694,-1.6374,-7.8377,3.1784,7.6931,-7.9107,-6.602,-0.8528,6.5832,-3.2087,2.0352,0.6459,-3.6281,-8.861,-8.3124,-3.8611,-4.7697,-4.3815,2.494,3.0575,4.971,9.9359,-6.5004,-7.8362,-3.4279,-2.0921,7.4546,-3.2726,9.0155,-6.4536,7.1458,4.8687,-0.1598,3.0953,-1.5794,7.182,-6.7177,2.9498,-3.576,-6.0385,-4.2395,9.6084,8.8914,-9.2478,1.2448,-4.6069,-0.9041,-8.1674,1.5651,7.0274,9.2919,0.5082,-4.9606,5.2241,-7.5154,5.8148,1.2826,7.089,9.6616,6.707,5.7139,4.1285,-9.3367,-8.1427,7.4965,3.345,7.1797,3.6381,-8.9892,1.0542,-5.4212,4.6227,-0.7288,-5.0777
-1.9116,-4.561,3.4731,8.5279,2.8801,0.044,0.6695,-0.0393,3.5891,7.2276,-3.6062,3.7495,-1.914,-8.7341,6.993,3.0693,7.2348,4.379,2.6386,3.6427,-1.6672,0.4695,0.9353,-8.4221,9.7761,-6.9319,8.2019,6.6165,-0.0906,5.2723,5.743,-9.0078,8.3401,7.8171,-4.4218,4.8279,4.3658,8.7148,-4.8376,-3.7244,5.5989,-0.0708,4.0673,-1.2447,5.1658,9.7254,-3.204,3.7357,-9.7562,-5.5564,-0.7245,-8.2745,7.5104,7.9185,7.4367,8.5698,4.5286,9.0695,6.721,-8.3118,-6.7792,-5.6708,8.5863,-6.9068,-4.1083,2.8749,1.9618,8.0468,-3.6942,-2.4153,-0.0886,6.474,-8.3466,9.2755,-6.187,7.583,-8.2791,4.6156,3.0621,-8.657,-0.2187,7.6227,1.9839,5.7247,-2.1586,-2.9643,-3.1238,5.4467,4.2925,6.7542,6.1145,2.6389,-4.4884,8.0389,2.7028,6.2441,1.8926,0.1994,0.2156,-9.438,3.1801,-9.0629,-9.1907,-6.5057,2.3359,1.5981,1.87,-4.8248,-2.4661,-0.9713,0.4285,-9.9754,-4.8773,0.9513,-4.5231,2.1629,6.7943,4.4225,-8.5532,-6.3391,-9.0507,-5.1771,3.1405,-4.2147,6.1788,7.1446,-5.3515,3.4706,6.8638,3.1468,-4.3365,-3.0308,-7.6535,6.3485,-7.179,5.7227,5.6414,3.9812,9.7773,2.0481,-0.6606,1.2992,-4.9399,8.1185,-3.9572,2.7145,9.436,-1.3405,-7.9303,7.1406,-3.273,-9.6951,8.0977,4.1676,9.9813,-1.787,0.9406,-7.1454,-7.4457,-8.9403,0.9118,9.7052,-3.3385,-8.3825,-6.5797,4.3256,2.9792,-9.6428,-1.1464,-7.2176,-3.4983,5.4485,-8.9369,1.4183,-6.0731,5.7025,-6.11,8.3921,8.3152,7.9106,-4.8715,-9.6143,-5.8922,1.5711,4.0368,1.7961,-9.2626,8.3232,-3.9758,9.7116,1.061,-0.5456,3.79,-9.46,5.0702,-6.2125,9.3347,1.3736,-7.0303,2.408
-7.3517,8.5218,-7.4635,-2.2766,-6.0105,6.8817,1.0224,-7.249,-3.8043,-9.2038,-8.7621,5.2004,2.5054,4.5684,-3.8197,2.6791,-3.9704,1.4967,-4.6979,9.7384,9.6995,9.8039,3.1157,-2.8487,4.5265,2.2026,-8.7993,-3.2753,-2.9166,-2.7863,3.887,-6.0642,7.867,-7.0714,-5.1451,6.6359,0.4896,-2.4162,4.3215,4.5073,-1.0432,-9.4779,-2.6012,1.0042,-2.705,1.7832,-4.8201,-2.1085,0.5405,5.1926,0.8889,4.6336,5.9058,-1.4798,-4.6986,-7.9428,7.682,6.5552,9.0779,-3.2845,-6.2818,-2.269,-8.1516,-4.1573,-3.4256,5.1244,7.7345,-7.7212,-6.9971,5.9733,1.9589,2.8367,-6.8733,5.4132,-1.6733,-1.0869,-2.3764,-5.1402,7.5465,6.2653,0.2213,2.8839,-3.3964,-8.7749,-0.7701,3.6434,-2.8996,-0.3242,8.7538,9.181,3.0228,2.5883,3.4851,-3.1523,-5.5953,-8.0169,-4.2509,-6.105,3.6728,2.3568,-8.1033,-3.4147,-9.2388,-7.6785,-5.3993,2.0208,-0.02,-0.3459,8.0081,-2.3083,5.3013,-2.5176,6.62,7.5793,-3.3332,7.778,-8.7265,1.6757,-8.0248,2.3252,0.2088,5.5958,-7.2261,6.0701,7.1759,-7.9489,5.0971,0.3662,-5.3509,0.7412,9.5493,-4.3216,-5.8069,4.0945,-4.8576,-3.6675,-6.6625,4.721,1.6867,2.1102,0.1971,8.2452,-2.5822,5.42,-2.902,-0.2645,-8.5494,-0.7673,5.4264,6.8544,4.063,-4.9713,0.0117,-2.4118,-4.0253,9.282,-2.985,-4.9126,-8.6954,-9.5033,5.1585,3.8381,1.9928,-6.5315,-7.5188,-7.4571,-6.029,-6.3587,1.433,4.2427,4.2553,5.0949,-9.2028,4.3013,-2.5663,-0.7916,1.5221,-3.4591,-6.7708,-9.6096,-8.2553,-6.4101,7.8126,6.3661,5.9206,5.6559,3.1364,4.8038,-6.3609,-1.936,4.5926,-5.328,0.6876,0.169,-3.1275,-9.508,-3.4843,-7.0954,5.9693,0.4412
7.4233,8.4711,-8.702,-7.8495,-1.879,3.9769,4.7517,8.1146,-9.1977,0.7258,3.0003,-3.6053,9.2783,-5.4211,6.875,0.7829,-0.2509,-8.0242,-8.4827,2.5139,-3.2923,8.0315,6.1518,-2.7778,-2.0345,-3.3831,-6.9222,-9.3348,-3.1687,3.2672,-9.7095,-4.9122,-6.7034,9.6367,-1.7547,-9.1549,6.2591,-1.8933,-5.9857,8.5903,3.0582,4.4432,-5.3919,8.888,9.4572,-1.7269,-0.926,0.74,2.6673,-1.9947,-0.6031,-6.8934,-3.8523,-0.0627,-1.0389,2.9723,0.361,0.9406,-9.3244,-7.978,5.2073,-1.2053,1.2183,0.605,-7.8242,9.7132,0.4301,-4.3929,2.919,1.1621,-4.154,7.8542,6.2785,3.2365,4.7234,-5.1461,2.9415,8.6984,-6.4356,-0.8291,-5.2253,4.5967,-1.0165,5.6152,-3.1739,6.3384,9.045,5.1722,4.6761,8.5194,-4.5266,0.2237,-8.75,9.3906,6.0172,1.6978,-7.0883,-1.7628,-0.9755,5.8148,5.4729,5.4966,-5.2841,-2.7076,0.7512,-4.2731,6.0461,9.4983,1.0977,7.1845,0.733,6.0303,8.7362,-1.4733,-4.0833,0.7457,4.9572,-4.442,0.9181,3.6425,-3.1029,-8.6037,-3.2031,-3.8315,6.6932,-1.6248,-3.0849,7.0502,-7.2154,4.8051,-4.9504,5.15,-4.554,-2.4952,-0.8863,-9.4578,9.9872,2.145,-4.9665,-7.1883,1.4469,6.8253,-0.6602,-0.2256,-2.8477,-3.8127,8.2757,9.138,7.4428,-1.1161,8.8026,-6.8003,-0.4549,-5.8683,-6.5104,-2.8021,-6.9136,2.4986,-0.5363,3.4136,-3.7406,-7.3532,8.2626,-4.6329,-8.3776,3.0359,-9.6887,-1.2752,-9.3489,3.5665,0.4005,-1.4444,-8.5666,3.562,4.372,6.0778,8.9745,-1.8316,-0.7098,0.6445,-7.7373,-0.5501,-5.2178,3.5948,0.2729,-1.3649,5.0047,-0.9288,0.0377,-5.2778,8.3388,6.9834,-0.9832,1.8122,8.5715,-3.6851,-4.9065,9.4464,5.6837,7.3993
-1.2368,-1.1784,-3.72,9.8997,-4.596,1.0274,4.7418,6.6436,-3.8366,-3.2115,-6.7238,-8.6303,-0.5375,7.9848,2.7874,-2.3571,0.3079,-6.0662,5.2169,-0.3529,-0.9001,7.8937,-8.8737,7.4662,9.29,-0.7296,5.6512,-4.0303,0.6425,0.5259,-6.9194,6.2304,-3.9552,2.0805,-6.043,3.971,1.1332,6.2255,-6.6861,-0.6024,-9.1172,-5.4804,2.1495,3.1049,-8.042,3.8205,7.5752,5.114,5.68,-6.9846,3.3431,-9.6648,8.7405,-7.6812,9.0283,-2.1098,-1.7332,7.9782,8.3273,-8.5661,-9.6522,5.3918,6.5948,-5.8779,8.8007,-7.3655,7.4822,-4.0227,0.0247,-5.9407,4.8162,8.491,2.347,-3.4444,-5.1335,5.0377,7.4533,-6.8802,-7.5557,1.2283,9.4744,-4.1339,4.8606,-2.7426,-4.3595,7.9263,-1.1718,0.8792,3.8545,4.6037,-1.5368,7.3794,1.7674,0.4613,0.5788,-8.7934,-4.9473,8.8694,-6.8152,3.4264,-4.4456,-2.1828,5.3046,1.2639,6.4183,6.9639,0.7526,-3.6811,9.2167,-5.5604,3.1948,5.6213,-2.2684,5.4239,-3.5118,-3.0712,-7.3264,-3.9136,-4.0211,1.0292,-7.2771,8.6,-5.0886,0.3613,-2.6685,-9.823,9.8201,0.2286,5.7676,-0.466,5.6395,1.2799,3.3298,-1.5031,4.3652,6.5721,8.3621,-2.2575,9.358,-1.5791,-0.1646,-4.2891,0.9838,-9.9542,-5.2634,4.8246,-2.0982,-4.2961,9.5984,-9.0833,-5.1625,2.8304,2.3761,-7.5624,-7.3564,-1.784,1.8331,4.99,2.176,9.8468,8.8083,-2.3705,1.4639,5.4369,-3.9296,-6.0863,-0.825,1.7925,2.7442,3.6186,8.7255,3.4095,8.5388,6.6665,-4.8113,0.9333,6.5359,-3.2622,2.2087,5.5628,0.0251,4.7209,1.1816,5.1661,-7.822,-5.9784,-9.0325,3.2134,3.7227,-8.2702,6.2857,1.4056,7.5261,-9.0323,2.5959,-7.27,-8.8666,-3.7695,3.1686,6.3257
2.2218,-0.4503,-4.5375,1.3874,2.4637,-8.4581,9.2223,-1.5081,3.3643,8.6948,3.347,-1.7638,1.6753,0.1707,-3.0136,-7.5427,5.7972,7.5709,-9.7948,-4.4522,3.8873,8.0931,3.3101,-7.7535,1.6461,9.6655,0.3972,5.8288,8.5374,-3.2903,5.168,8.7467,3.1285,-1.1626,-8.8737,-5.7048,6.5716,-5.9546,4.975,-8.3052,-0.2597,-5.7492,6.1607,5.524,0.6809,-4.3108,2.4761,0.7719,5.6175,0.3867,-8.8411,2.5154,2.7381,5.6117,2.7335,-3.1845,9.1461,-1.0928,-1.1413,-9.9278,3.0755,-0.5965,-3.8112,-1.6846,-0.6644,0.9377,9.1252,-4.4831,1.8761,0.3671,-8.4858,8.9445,-9.9674,-0.2752,0.9355,6.7337,1.5029,5.3988,-9.2843,-7.5124,6.4545,4.3423,-7.8876,1.1777,1.6784,1.6039,-5.6969,-9.4462,-3.9956,-0.1123,-6.2219,-4.323,7.0299,1.7075,8.5259,8.524,-8.1017,1.4861,6.1434,-0.7506,0.2456,0.3238,0.2798,-3.7016,6.9706,2.6193,2.9435,3.4975,6.7481,4.8481,-0.1139,3.8588,8.2581,-8.2723,4.9335,-4.3075,-3.6673,-0.2873,-1.236,-9.6008,-0.6556,-1.149,-8.0129,-1.8922,-7.8735,-7.2514,-6.9596,-1.2504,4.0064,-1.4913,-2.1266,6.3264,0.8323,-7.4613,-5.8704,9.182,9.0776,-2.0621,0.995,-5.8945,-4.2791,2.0179,-0.8105,-6.1364,-5.1979,-3.6994,-4.3567,-0.3806,-0.1922,-8.2536,-0.2409,1.1555,6.4849,3.2038,-1.1831,8.0799,-0.1711,-5.7989,-9.775,-9.7348,4.2331,1.9077,-4.4398,6.7534,1.8366,-1.9955,2.8927,-9.0592,-2.8312,7.4649,-2.3614,8.5153,-6.5421,9.439,2.8407,0.0394,2.0144,2.0535,-3.4823,5.3424,-9.974,-8.578,2.0673,9.4221,-8.5237,-2.6159,3.4462,2.1698,8.5265,-8.7638,-8.7671,-2.9854,9.5534,7.0283,7.7096,3.7998,5.8272,-1.0617,5.1756,9.92
1.2322,2.9803,-5.0773,9.5196,4.7762,7.9625,0.9651,1.0269,-4.4675,-5.221,4.3567,5.0845,-3.7671,-0.8439,-4.6263,3.7069,-3.4659,9.072,-8.3548,-9.0187,-9.0103,8.8905,-6.5978,1.8794,-1.5699,-9.0188,-3.3874,-8.478,0.1121,6.9795,8.5751,4.5253,-7.2326,-3.1126,-9.8163,-7.4261,-3.8315,0.6456,-9.2642,-4.9343,5.8017,-3.3365,-5.6877,-0.1809,6.9549,2.3924,-5.1941,1.8888,5.6873,1.6063,3.2617,-1.3466,-7.3913,1.4138,2.2009,-1.6111,-1.3462,1.6527,-9.6403,-5.4223,-0.4397,-9.0064,6.4003,8.1697,1.3099,2.7012,2.3262,3.8793,2.8232,-4.842,-3.998,-3.4879,3.1971,-2.4187,-4.8339,0.0919,-6.9892,-1.3442,1.9458,2.4384,-3.5259,7.4956,9.774,9.279,-7.9781,-0.3495,-3.9158,7.2937,6.5158,-6.4081,9.6187,-0.1387,-0.1134,6.6872,-4.2856,8.1323,2.2206,-6.48,-2.4535,-9.1865,-9.2544,-4.5776,6.5847,-3.1671,-0.7825,-4.5697,2.9565,-6.4431,9.6098,-3.9595,-6.5127,5.7255,-6.8783,-4.4788,9.6728,-7.6111,-4.8905,-6.8967,2.3593,-5.2638,-3.6477,-9.0363,-4.9239,-1.775,6.0574,-8.6749,-0.73,3.2169,4.3999,5.0929,-8.6775,9.9433,-5.9767,-1.9739,7.5169,2.314,2.7599,9.7845,-6.6107,-6.2513,5.7397,-8.9238,2.8024,8.7914,3.5657,6.3924,1.4978,-7.4784,-9.4607,3.0065,-8.2454,-4.5576,7.6549,9.6959,4.757,5.8586,-3.3929,-1.8563,-0.819,4.6513,-4.2656,7.3468,8.748,-0.6759,2.3528,3.7546,5.0307,0.7253,-4.9437,-9.9285,7.1577,-1.4042,-6.6716,-1.1221,7.5335,-3.983,-8.353,6.19,6.4547,8.7987,-9.4993,-0.2931,-7.0627,0.6163,-5.5358,5.212,3.44,8.1705,6.6371,-7.5958,-0.8452,-4.1911,2.0141,-9.6912,-8.1843,-3.4976,-3.8692,6.6802,-3.0641,3.1607
-9.2169,8.4578,-0.1453,8.2486,6.0583,-1.0533,-8.6207,-9.2985,-1.0926,2.0343,0.4367,-7.7234,8.4004,4.365,9.5296,-3.8732,-6.8694,9.0206,5.3423,3.4017,-6.1885,2.3687,5.6011,1.1929,9.4179,6.1617,-4.4914,-0.5079,-0.7739,-7.8458,7.7049,-5.7908,-1.4637,-2.6998,9.8738,9.3654,4.154,-7.8292,-5.7589,2.9043,5.0412,-7.1985,-8.1328,-2.5321,-9.0974,-3.0464,1.229,1.6783,8.0791,8.4619,-0.72,-5.1841,-4.5393,8.4726,-5.6364,-8.5413,-2.3381,-1.1017,-0.3626,-5.321,-8.1939,0.8676,3.0069,0.0615,1.3715,-0.5798,7.7197,-8.4071,-4.9195,9.9305,2.2854,-0.2665,5.0023,-1.8476,5.081,0.5129,7.5511,-6.2333,8.3398,-6.5501,3.0921,-0.9537,-7.1161,-2.8496,8.1471,-8.5902,4.7123,2.9956,-4.8605,4.189,-7.1091,9.8615,-9.7852,3.1206,6.531,-3.8037,3.1628,-6.8979,-4.3814,7.6868,5.7078,3.8794,-8.4052,-5.9964,-7.7437,2.3005,-2.5751,7.5017,4.5225,5.3087,-2.9084,-1.6425,6.5961,5.5814,-7.3855,-8.6209,-1.5483,-7.0704,-8.2164,6.4387,-9.3153,-8.7993,-6.1816,8.8673,-6.3896,0.5992,-4.4861,-9.5725,-5.7498,-9.2621,9.7993,-4.2512,-3.278,2.9966,1.9174,4.2613,-7.1078,-6.8309,-8.2524,-0.9098,-7.3826,-5.5337,7.9658,-1.9697,-1.4053,0.0307,7.9466,0.2339,-7.3719,-8.36,4.6209,7.5224,-8.526,6.4502,-5.1356,8.2984,0.295,-8.5029,-0.08,7.9466,-0.8649,6.9962,2.6747,-5.8452,6.0872,-2.8709,-6.1049,2.3818,-5.0026,3.2096,-5.9454,7.9544,3.3349,5.9665,-3.1537,1.5293,7.029,-4.8009,-9.7483,6.375,3.4655,-8.6662,-5.2831,-3.3965,-6.856,-4.9949,4.1501,-1.6979,0.3861,8.0141,-7.8349,-3.8783,7.0628,-2.6519,-7.0283,-2.3856,0.2487,-0.172,9.613,6.427
8.6371,2.6997,9.6457,-1.5499,-9.2704,7.5543,7.5607,-8.954,4.6967,2.033,-8.1102,-7.0012,8.7144,-8.4545,-9.3445,5.9773,-9.5332,-0.9376,-9.6888,7.5893,-8.6339,3.0347,2.6545,2.1692,-4.2128,-9.4178,9.5883,0.2085,6.8652,-2.31,-6.5358,-0.7335,-7.0812,-4.024,6.6324,0.4322,-4.725,-6.8576,-3.1601,3.2408,7.2643,3.4888,1.2095,-9.2852,6.0969,3.5843,4.641,0.9334,-3.7995,0.3559,7.5369,-0.4254,6.4538,6.7324,-0.2887,-6.9525,-2.6226,6.9043,-4.2809,8.0549,-7.3375,1.579,5.0922,6.5544,-5.901,5.3303,-2.6882,-9.2983,0.5605,-3.2997,6.0206,-1.0369,2.5569,4.3149,9.1673,7.7895,6.7905,-2.1344,-1.7971,2.4242,-6.562,-5.9358,-5.2314,-7.6635,8.7036,1.6087,-7.4145,8.935,7.3349,6.4645,-4.9831,2.3226,-6.8157,-1.937,3.6814,-8.847,7.2728,9.8145,-5.1098,-0.7155,8.2069,3.9692,3.4022,8.9294,7.1147,9.8821,6.7237,7.3372,-4.1802,8.3435,9.7578,-4.2218,-8.2996,5.2724,-2.3131,-8.8285,2.1696,-5.2845,-8.1876,1.9454,1.0047,9.0336,-4.3374,6.7015,6.3953,5.5543,8.7564,7.1133,4.4125,-6.2713,6.1544,8.8638,-7.188,-7.2826,2.1602,-8.4839,5.5704,-8.3505,9.9991,-5.6799,5.0281,-5.7365,-8.4344,-9.7887,5.8399,7.6225,-8.177,-7.1656,1.671,-8.3335,9.1094,-2.9037,-7.1049,0.038,-0.7786,4.2133,-3.4978,1.5867,6.5852,2.619,-6.251,-8.7025,-1.561,-5.7738,2.3823,5.0743,-7.8819,-4.8727,9.543,4.8565,9.6298,-5.6567,2.9333,1.9555,6.5732,-8.7199,9.1091,-7.9485,-3.6931,9.0151,0.8759,-8.6143,-5.8686,6.4485,5.6902,-0.9132,3.9819,-6.4487,-7.9983,-5.0383,-0.0671,9.6711,2.4325,-4.7445,-4.4675,6.6079,5.726,-3.2843,-4.5534,-3.5368
2.0958,5.3622,7.2745,-0.2267,3.1024,7.6083,-3.0161,4.6058,-5.7326,-6.7182,0.5455,-2.2749,-4.3731,8.5899,2.8742,-2.4078,5.2042,0.0749,-9.0964,1.1345,8.9122,-4.1524,0.2382,-1.971,1.8795,9.4266,9.4306,9.5002,-4.423,-0.0761,4.6742,-8.4185,2.7626,-1.0524,-4.7639,-2.6836,-0.6437,5.4068,-2.4306,6.5825,3.3206,4.5404,9.0079,-2.7336,-7.2326,4.0931,-6.2063,6.2547,-4.9876,2.5501,-9.6127,-0.8538,5.7846,4.2476,6.7913,8.0678,-3.1317,-4.2618,1.6784,-3.4306,-1.1297,-1.2509,-2.5927,-9.3477,1.066,-2.6283,9.976,7.129,6.9227,6.0933,-8.0345,4.9899,1.8528,-3.5939,-4.2305,-6.7754,4.1125,-8.266,-4.0839,5.5626,-7.9603,-4.117,-3.9695,-7.3699,9.3067,1.4805,9.8457,7.5105,-4.8051,0.6623,0.894,-3.7185,6.9651,-8.7009,-6.833,-1.8656,0.9465,-9.763,5.5565,7.6327,-3.3505,1.4318,-4.3352,-3.699,8.9922,-6.7431,6.2449,6.9193,5.1788,0.2442,-5.2679,-9.9174,2.6891,-3.5852,-9.3122,-6.3678,8.3674,6.2056,-4.7466,0.3111,-2.6862,9.5577,-4.0595,-2.2595,-0.8847,3.5542,5.7185,9.6653,8.1782,-2.0245,4.9651,-9.1773,-4.2771,3.0299,7.9223,-9.1002,8.368,1.1111,6.7581,-2.0845,6.0053,-2.9055,2.4353,-7.1162,3.2752,-4.2843,8.1089,-0.9079,-1.833,1.3548,-4.5003,-2.0297,-6.1481,-4.0083,5.2023,7.176,-8.8544,5.8237,-4.6838,-6.2068,-3.1859,3.4196,7.9136,-7.3985,2.1835,4.115,0.7619,2.397,-1.9135,0.206,-0.6228,-0.3453,7.92,-1.7949,6.2761,-3.6686,-9.1182,4.093,-6.1731,-4.7935,-1.8929,-9.1048,8.4267,8.3063,6.5787,8.6442,3.6543,-8.3149,2.0976,5.1865,-0.1105,0.583,-5.7381,4.4352,-4.6609,-0.2431,2.5519,4.1954,-7.1532,-6.7549
-2.0717,0.1353,9.7805,2.4424,-2.8572,7.2065,-9.4684,-9.3416,6.6664,-2.6619,2.6337,1.9945,7.3831,3.0127,0.9869,-8.9505,-7.3293,-3.916,8.939,-8.6783,-8.5018,-4.112,-4.7434,7.6908,-3.5018,7.5073,0.095,0.8102,7.6468,3.9959,5.7559,-2.4644,-6.1169,5.9247,8.389,2.5907,-9.603,-6.5272,-0.6033,-4.0372,-2.6597,2.8028,1.9027,-9.3667,-6.6092,-7.9654,-2.9004,7.8591,-7.4785,9.6587,-8.4495,-5.9229,8.8744,-7.6408,6.5349,3.606,-1.0621,8.1146,-6.9068,-0.9553,-9.0214,1.8903,6.514,9.084,-9.011,-5.724,-1.6587,-7.6542,7.0802,9.1401,1.0932,2.5803,-2.3792,7.8558,-3.5213,-1.2987,-6.8341,-4.2151,9.559,-1.844,3.4099,4.3526,-1.6367,3.4147,6.077,-1.4985,-9.1805,1.2305,9.4638,9.209,2.3677,-6.297,0.4758,-2.452,-9.5904,-6.4883,0.619,6.8966,-8.6693,-5.9273,5.0201,6.4895,-9.6411,-8.3168,3.5199,-5.471,-8.8638,5.0205,9.9537,-4.3239,-1.5637,-0.1111,-0.7817,-2.4035,8.9707,-5.2355,9.7282,6.2472,6.0719,9.8555,6.9656,1.9478,-1.7257,-1.0909,-1.6423,-8.4545,0.3983,8.3195,9.4337,-1.5644,3.3213,-5.3792,6.0541,-1.6518,2.7326,6.6149,-5.2137,0.7673,9.02,-4.6033,2.8234,0.8556,6.7438,7.557,-3.718,-9.8086,-1.289,0.3981,-5.5382,4.9439,4.1904,0.3377,4.918,-0.5821,-4.6675,1.7041,-5.2197,3.81,-9.0518,-3.1013,-2.8408,-8.2166,5.2678,9.0668,-8.4603,-6.8641,7.011,-0.9057,-5.0319,1.7332,-9.1343,-9.3522,5.4765,5.6442,9.3744,7.818,4.4538,8.9278,0.2917,8.1253,8.324,-5.1563,6.8666,-6.4948,7.9577,-0.6595,1.3114,6.3016,-2.361,-4.0375,7.4346,4.9536,3.6553,-9.5134,-2.9152,-2.9147,-8.5882,6.0423,4.6727,-8.0415
-5.8804,9.3153,6.4391,-9.8044,-3.9531,-1.0922,-6.6702,-5.7602,8.5467,9.6086,-1.0143,-1.2992,-0.7827,-6.3956,-2.1454,0.1802,-7.3124,1.6425,-1.2315,2.3367,9.9933,-0.0354,-6.9164,-3.4217,8.2416,1.4817,-2.5494,2.424,-8.1327,9.1201,6.3814,-0.9385,-3.4982,8.5106,1.8884,-7.3932,9.4697,8.1166,-8.8442,-4.5877,-3.953,-5.8163,-5.8049,3.4996,0.6086,3.6545,-5.3165,1.1186,3.6334,4.4671,5.1475,-8.9733,9.0551,1.1262,-0.7389,-2.7,-4.9222,6.8502,4.0008,-4.2988,-2.9259,-2.2357,5.4308,7.3578,-0.5788,-6.0706,9.9781,-6.4346,2.4748,2.7483,-2.0841,-6.705,-5.9784,-2.191,0.2378,-8.6662,-6.4688,0.9578,2.9525,4.8896,5.2842,-8.1997,-9.2065,8.0148,-5.062,8.0081,5.7555,8.7719,8.6446,7.6649,-2.304,-7.7288,2.4462,-0.9533,5.8361,3.2276,2.7352,3.6571,-3.7636,-1.5261,-1.5657,9.3552,2.4619,4.7187,8.9258,-7.6698,-7.2623,6.364,9.262,8.7251,-9.2821,-3.2311,-6.4436,1.9989,3.9596,9.2772,6.8182,-8.5491,-3.9163,-9.1199,-4.3895,-9.6466,8.4063,-7.1849,-7.0094,-1.4666,-1.4397,8.7204,6.8155,3.3206,0.656,2.2733,-5.2891,-7.4182,-0.0154,6.0633,-9.2421,-3.3079,7.4001,-0.189,0.1985,2.2607,-5.9859,-2.9725,6.0843,-3.6019,0.0909,4.8896,8.3272,7.7139,-9.0243,-4.3438,1.2439,-5.9989,1.1251,4.6109,-8.0818,0.5262,4.6892,-2.804,-8.7483,8.4466,-2.9794,-0.3047,-9.3502,-1.8222,2.7545,-0.3686,-2.3405,8.2449,0.9839,0.8049,7.4374,-2.9823,-1.6865,-0.8485,-3.3407,9.4653,-2.3951,4.5004,1.5227,-0.548,0.5354,-2.9113,6.3056,3.3284,-7.6588,8.2649,0.7953,-4.3698,-5.7194,7.872,6.0241,3.6233,-5.3039,9.8258,-2.8288,-9.1642,-0.2395,4.7511
3.2256,1.4721,-5.5493,-9.11,-5.0187,3.9431,-6.6959,8.3388,3.1424,5.7187,9.2132,3.8855,-2.7658,-0.4655,0.818,4.0383,-7.3816,-2.3133,9.7242,5.2241,8.9967,4.5594,-3.4654,-9.6567,6.2295,0.3599,1.7619,-6.7303,-0.8212,-8.8457,-6.9352,-7.5244,-0.2624,6.715,7.9851,-0.7712,-7.8553,-3.7942,7.9789,4.5448,7.4564,-9.84,-5.63,8.3743,-3.6631,5.5608,-9.2026,1.8085,-9.5634,-4.5825,-9.3051,-5.7539,9.9268,1.9246,3.9103,3.216,-7.8809,5.4832,-8.8165,8.147,-3.2755,4.5998,9.6625,-7.3926,-5.4095,-4.1624,0.8376,-1.6291,-5.1833,-4.7952,7.6345,3.2878,-0.8653,3.4072,6.8121,8.4697,9.6414,-6.8841,-9.7845,4.7206,-0.8645,-5.5557,2.7626,-1.3084,-8.9834,0.8188,3.1373,9.4369,6.1268,7.2866,-8.3609,-9.6444,-6.8152,-8.9616,9.0098,9.0262,6.2905,1.5853,6.4104,5.8073,0.4263,-1.0296,-0.9083,4.5893,2.4789,-8.9874,-1.7957,2.5362,6.0167,4.0843,-4.3612,-9.3104,-5.736,-5.2399,8.032,9.0246,2.3251,-0.8255,5.3284,8.2589,-1.7355,-4.2631,-6.0582,-7.0409,6.7906,9.0087,6.9138,7.2031,-3.1228,-0.1114,2.7413,3.6243,5.7668,5.5056,-5.8918,-8.4603,-0.7439,-2.7315,3.8886,8.5619,1.989,-8.9723,3.4028,4.8282,-5.5417,8.7884,-0.4314,9.0968,-9.735,7.0131,1.4841,-8.2752,4.2372,-1.8307,-8.5761,7.7011,9.0735,6.1567,-9.9882,-0.8713,4.9789,8.7049,1.9834,2.266,6.4885,-0.4432,-2.1579,5.1543,-0.8286,3.3476,1.8889,-9.4394,3.5045,-3.3032,-3.9206,-0.5899,6.6735,-8.9404,0.4843,7.3209,-5.0011,-0.7309,8.8975,7.4276,-6.6352,4.3344,0.9345,-8.2168,6.2503,-8.7071,2.9527,8.2116,9.0317,0.8433,-4.9036,5.6191,-6.5663,-0.1839,-1.958,-4.0068
5.6588,1.3531,6.6802,7.0595,-5.9224,2.6885,-4.7214,9.1478,-4.6759,-1.997,0.8436,-6.159,-8.2839,-8.7785,7.4763,0.8338,0.5951,-3.1069,-2.1624,-3.4913,-2.1208,-0.0938,-3.088,-6.6435,6.1926,-3.7302,9.4568,0.9846,-0.7855,-2.4656,9.9468,0.8265,-9.7538,4.4984,-9.3258,8.1405,4.3965,8.7542,-8.521,-0.7769,-5.1493,-0.6829,4.3977,-5.4414,3.0062,-2.5774,2.6218,-1.3285,1.0726,-8.0022,-3.6138,9.683,-6.5112,-5.768,5.2504,-5.2763,7.6333,-7.1108,3.4764,2.1045,-3.2289,-5.9859,7.1371,-0.2602,2.4126,6.1143,4.2145,5.7009,-5.3749,1.2711,-5.9541,6.9044,-4.6805,8.5706,5.0777,-8.7261,-3.8992,7.7445,-5.3125,-9.7154,2.943,-4.7161,2.3988,2.5274,-0.8217,3.2016,3.6945,-2.1313,6.5289,-6.9072,2.4144,6.3247,-7.3145,0.6313,-9.2662,-8.767,3.9837,9.1058,3.3989,-1.3421,9.3223,-1.2851,-0.1808,-8.8224,-1.5469,3.0973,9.1155,6.3253,7.9266,-4.1806,1.0064,-9.7637,-7.5563,-6.0521,3.7218,0.0453,2.2574,7.8499,-5.1181,-2.4181,3.4332,-1.3099,8.3825,8.2717,4.6568,0.3496,3.1263,-3.7003,6.7969,0.5593,-1.6911,-2.0793,6.3518,-7.9097,-2.2059,7.0143,-2.9717,-9.5715,-5.0659,4.5338,-9.7433,-0.0404,-8.4271,-3.8784,-5.184,6.0418,-0.2808,-6.6417,-7.1947,5.0038,-0.4319,-6.0927,0.9809,7.759,1.1701,5.5959,-6.2061,-5.4013,-8.4177,-1.863,-0.7238,8.4083,-7.2017,2.6798,4.3876,-2.2338,-4.2556,-1.6266,-6.8657,2.7803,0.6711,4.0477,3.7517,-7.2009,2.2917,-1.027,-2.2298,9.0659,-6.7459,1.1458,-0.1996,-9.9775,-7.9387,0.7135,1.298,-8.2303,5.0168,9.8931,5.7384,2.8656,3.2576,-4.7348,1.6852,7.9582,-7.4817,-6.4779,1.5746,-0.997,-4.8709,-8.7744
-3.9532,-7.8666,0.6209,8.4004,3.5994,3.529,8.7469,-2.3444,2.7493,-5.5613,-7.467,-6.6623,-7.8653,2.6397,1.4872,-3.8619,-4.9985,-0.2054,-2.5139,6.1384,7.2311,5.5634,-7.7867,1.6243,5.8354,8.1915,4.4543,9.9038,-7.8572,8.8123,-1.9031,-3.0985,8.945,-5.4577,-3.4591,-1.8807,4.1035,-7.2803,7.8804,-3.0692,1.0419,1.8657,5.6252,5.4094,-7.7824,-1.3086,-2.3764,1.5409,-1.8446,0.4749,0.4562,9.6451,-0.7698,-7.9967,1.7305,-2.8717,4.1476,-4.6175,5.1695,-8.4789,-2.1622,9.4349,9.2706,6.8647,-7.9064,-7.2184,-2.2881,4.6873,-0.2548,5.0564,7.0821,2.5442,4.7339,-0.6005,9.8874,-6.1572,-7.5923,8.0827,-6.7203,-7.453,-3.7909,-9.1876,3.0946,0.4364,-0.5417,2.3517,8.2569,7.7314,5.141,0.504,-5.9447,4.2045,-3.9943,-7.1563,1.062,0.5807,-2.2556,-7.6586,4.1764,-2.6156,8.4151,3.256,1.2153,-6.0738,-0.2133,-2.615,-1.1953,0.8354,3.0168,5.637,4.7287,1.1017,-0.7124,6.5184,7.0144,1.7168,0.6667,-9.1314,-7.0,-3.546,3.1241,7.0022,7.0624,2.7292,4.2085,1.218,-7.8445,-6.0724,1.4653,-0.962,-7.2438,-8.7223,-9.349,7.2927,5.6776,-7.0696,-9.0461,1.7184,1.9366,6.3001,1.1303,0.5823,1.5339,-1.0352,-0.7037,-2.9091,6.8233,-5.0113,-6.8605,2.7971,-5.8286,-5.7608,4.815,2.4721,6.6358,2.6787,4.7828,-0.1106,-5.9198,-9.9188,2.1221,4.9973,0.4451,0.6081,-0.6962,2.7804,-4.587,-6.7214,2.7165,5.1663,-5.2976,8.6312,-6.6035,-0.058,7.5993,-8.9901,-7.3808,-0.6698,5.8211,-4.4902,3.0939,-9.9977,0.1961,-1.8399,-0.4273,-8.3683,-3.7239,-7.1995,-7.2316,9.4442,8.5101,2.2106,4.8863,4.6456,-8.7369,2.3458,-7.4648,2.0963,-8.3605,-2.4142
3.4248,-5.7448,2.0484,-8.0876,-4.3893,4.0473,-7.4606,8.7577,3.7524,9.828,-9.8895,-5.909,6.3275,-3.6363,-6.0912,-5.0281,-7.3497,7.9199,-3.438,8.2658,8.5454,-2.9225,2.6879,3.3136,1.8967,2.4307,-2.0419,9.9785,-9.6091,-3.8536,-4.1764,2.0701,6.2938,1.6533,-9.3069,-8.0888,7.3025,-7.0526,5.6116,-4.9405,6.1292,6.0875,-1.8373,8.2085,-4.9017,-4.9008,3.7776,5.0149,-5.2619,-7.4895,-4.6678,1.0856,-9.0501,3.3493,0.6703,-5.1184,-7.3024,-6.9046,-5.6304,-3.3312,-1.4828,-7.5988,-7.9489,-8.4947,-4.0233,-8.1023,4.9009,6.5858,-7.1009,-7.3393,-6.3322,-6.16,0.8513,3.9453,4.997,5.2729,-3.5886,1.8199,8.5248,-4.9871,-5.6437,2.5034,-7.8588,7.4714,-5.5961,7.5034,1.9937,-8.8124,2.9318,0.8414,-5.7931,-2.2468,2.3451,5.9265,7.3358,-9.8161,-9.0706,-8.7618,1.6035,3.7192,-7.961,7.5402,-6.7803,-2.8981,-4.8783,0.0932,-3.0761,-1.0681,4.0492,-5.4363,-1.4493,-7.2872,-9.9064,2.4979,9.8043,9.3514,-3.0082,-4.8695,-1.1353,9.7117,8.6327,9.5158,-1.3639,6.8721,5.6481,4.2473,3.0211,5.6366,-0.4295,-7.4084,4.221,5.2142,3.9584,-1.3543,-4.0138,-4.9543,-7.8336,4.0306,5.1575,-0.0576,-7.0409,7.8286,-7.1118,5.0705,0.3204,-7.3362,8.7698,7.9845,2.4999,-5.1924,-1.8256,-1.6567,-5.9896,-4.4263,4.528,7.9428,-0.8499,9.2062,1.7075,5.823,9.7867,-0.0251,-9.0857,-3.5423,-3.1706,3.0027,2.6896,-1.5407,2.4171,-1.2207,2.5611,9.0447,-5.0143,5.8534,8.7893,-7.9804,-9.0155,-6.9252,9.5386,-9.4486,-6.4136,-8.6548,-4.879,8.2191,8.8609,6.7427,-1.4114,-6.4671,-5.4833,-0.9064,4.2987,-3.6556,-1.403,-5.3081,-4.2707,9.6496,8.3465,8.5928,4.41,-3.9181
2.5847,-0.829,3.8992,4.7208,2.629,-0.9021,5.0009,-8.2191,6.523,-8.2105,8.3176,3.8432,-0.8066,-9.5101,-6.826,4.2011,-8.0585,-8.6937,2.273,1.3877,4.756,6.9377,9.6669,9.3482,2.5393,4.5041,-6.8998,6.3553,2.2476,1.7713,-8.6206,-7.5164,-5.8556,-5.7282,0.691,5.9176,-2.2537,1.7294,-3.9237,2.363,-5.2687,8.5582,-2.233,-1.3294,-2.0767,8.3653,-5.5579,2.0646,9.2946,9.178,-9.8543,6.5181,-9.8049,6.0353,-9.0946,7.9103,-6.4733,-0.464,-2.5519,4.422,9.122,-1.2595,-8.6561,5.7336,-3.3448,5.2847,-8.6966,7.7809,-4.1925,-2.9519,-2.9489,4.4946,-0.8226,-9.636,-9.956,7.0501,2.6415,7.6387,-5.6635,5.7383,9.2604,9.0601,-4.3231,8.5368,3.9619,1.2762,-9.5623,7.8794,-7.367,-9.7976,2.3264,-7.9416,2.6486,8.2287,1.3308,-8.3598,9.8162,-5.0031,6.6739,-1.3066,-1.7678,9.0066,7.8132,9.854,-9.8145,-4.008,9.0064,-2.6586,-6.608,6.63,-2.9173,4.2258,-9.5223,0.0475,8.8332,2.6667,1.5594,1.3079,-6.9249,5.1536,4.1298,8.5276,8.2101,-9.2727,3.4777,5.2018,4.159,1.5393,-8.6498,-5.529,4.1303,-8.3567,-8.2335,-0.741,5.524,4.2315,2.8708,-8.3883,-4.1366,1.2808,6.0968,5.3257,1.7651,-9.8631,6.5405,-8.2401,2.7342,-2.4551,7.8994,-3.9811,6.5649,2.166,9.4007,-5.3169,8.0274,-3.0422,6.3755,4.4778,4.836,-2.0934,-0.0615,-9.2811,-4.309,-9.6202,-0.004,-0.2039,-6.9463,-1.5125,3.4757,0.2532,-9.031,6.6303,0.0398,-9.4864,2.3655,-0.928,1.6131,-4.0571,8.5089,-3.5375,-7.62,5.5343,3.6222,6.9992,3.1389,9.5207,-1.9701,8.5209,5.6082,9.0261,-8.4713,5.5499,-7.2993,4.8814,8.9411,4.5576,1.5181,-3.3192,-7.3864,7.4829
-5.0936,-6.7222,-9.3503,7.7635,-7.3009,7.273,-9.6899,-2.8473,-8.7755,4.0378,-0.9302,-0.0864,-8.8672,-7.7077,-3.8852,-9.5669,-4.0211,5.6203,5.2048,1.9909,7.4508,-0.9822,2.2302,-4.6513,2.6852,-1.6971,-1.1719,-4.7523,2.9863,-9.5793,6.5247,-7.3333,-7.4593,7.2107,4.7738,2.0009,-8.6955,-8.0069,-8.2527,-5.63,-5.3744,-3.5833,4.4156,-7.3007,2.8711,7.5117,-9.639,5.579,9.5875,-7.6887,5.0277,-3.7973,-1.6589,-1.7862,-0.5634,-1.139,-9.5505,-7.8197,6.5061,4.8,-6.4677,-3.6507,-4.1879,8.4144,-7.143,-8.599,-0.8116,3.7773,0.1508,-4.5831,-9.0182,4.8032,2.5505,-5.5074,-0.659,-9.7836,7.2585,8.1047,-4.3025,-6.1767,6.9693,-9.1056,3.3099,2.1729,2.966,9.2465,8.1102,7.0863,5.9164,-1.5202,3.9965,9.3372,6.523,-6.5106,1.2725,-8.6329,4.2125,2.561,-9.2392,2.1031,0.2942,-2.0824,1.7695,0.5484,-6.2008,1.5086,-1.3206,8.101,-2.4833,0.0403,7.9924,2.6435,-6.8469,2.2753,-6.4498,-7.3936,1.9303,5.0136,8.2358,-4.1717,-1.5091,-7.735,-0.656,3.6779,8.0361,9.559,0.3954,-0.723,8.3223,-3.5602,-5.472,-7.3417,-3.5942,-3.3444,-4.8119,8.1973,7.7689,3.6725,5.7979,-2.9016,-0.6149,-0.0053,-6.1685,1.8893,5.7613,3.0153,1.6668,4.6274,5.7551,2.7915,8.3342,-5.8024,-9.9736,4.6626,4.6896,-0.1313,-3.6536,2.3928,1.8279,5.0484,4.4133,-0.8155,-4.3738,1.9456,-0.4144,1.5628,-5.5505,3.9793,-1.0849,-0.9764,7.2277,-0.6597,-8.819,3.3024,5.8724,3.9176,-4.8995,1.8774,6.0691,-3.7251,-3.1827,8.6637,-0.2508,3.2767,-6.5177,8.8985,-7.8666,-7.2697,-0.7701,1.6629,-7.1206,-0.5215,3.7667,-0.6015,-3.4863,-9.5466,-4.0617,-6.9952,7.166,-7.1729
8.9492,-9.7594,5.7724,-8.5812,6.415,-1.5635,-5.2821,-7.8761,-7.7281,5.9356,1.2909,5.2438,-2.8642,-1.8263,-0.2633,7.3216,-1.3592,0.4213,-5.6229,0.6483,-2.3565,-0.7271,-4.8611,4.2548,-9.9738,-0.1826,8.3671,9.0599,-0.2835,1.9039,5.108,0.1835,-6.3729,-4.6306,2.2825,-3.9881,7.6831,-6.7474,-5.5763,6.8911,-0.9542,-1.3047,-2.1269,1.87,-5.9847,-7.3885,4.9789,-3.172,5.0848,0.5132,9.0275,7.2385,-7.8947,-3.5903,-1.8691,1.979,-4.5344,-1.7268,-8.0814,1.7525,-8.3757,-6.0269,7.0408,-4.2405,-5.2329,-0.2295,4.7949,-6.611,6.0374,2.8149,-1.9624,-2.0583,-8.5394,-3.585,1.7472,-3.2496,-8.9252,-3.8435,3.266,-1.21,9.0105,-8.6503,-9.4589,-6.5133,4.7485,0.9282,-1.9762,7.2966,-7.2621,5.5513,5.8639,3.0809,3.875,-2.9085,2.463,3.6036,6.4997,-7.6043,9.6882,1.9077,8.4685,8.7206,2.6546,4.0583,-8.1289,6.6005,-8.252,9.1965,-8.1598,4.8383,-9.8698,-7.6134,5.6726,-2.7382,7.7861,3.2748,6.8029,-3.4731,2.8431,-4.1252,-4.2227,3.4819,3.2434,-9.1405,0.5741,6.167,6.7113,2.4149,5.2282,-3.2473,7.0102,-0.4164,-9.0652,-6.7622,-6.2949,3.1306,-9.2064,-8.6563,-2.1868,-7.0347,-2.1507,9.9408,6.243,0.5376,-2.587,7.67,-2.7192,-0.6122,2.5049,-1.253,-1.2616,-4.3537,7.5075,-3.4256,7.133,3.3335,1.5901,-1.1939,9.2802,0.748,-3.0451,7.9959,7.7208,5.364,0.7569,-7.3883,4.9493,-8.2087,6.421,-4.1812,-6.4818,5.5218,6.9381,4.8001,-9.3779,5.118,4.7752,5.8343,-1.5404,5.6824,-4.5031,7.5421,-3.1065,-2.5947,-5.4885,-8.5974,3.1218,-5.4268,8.8249,2.4998,-0.9847,7.5467,-3.9169,-7.5959,-3.8372,5.6485,0.6814,0.1673,-8.7444,-4.0105
-6.3717,-9.5951,-7.4351,-9.8987,8.9531,-1.0877,5.8915,-1.9411,-9.4682,-4.0124,8.6044,2.7126,7.9976,-5.6677,-1.2989,7.8537,-4.9889,-0.4834,6.2928,3.2371,1.9424,-9.8548,-4.5849,0.7724,-4.4834,9.0169,-9.5777,-8.2241,-6.9672,-0.1347,9.6534,6.264,4.4483,-1.6164,2.5148,-6.7268,-1.308,5.4213,-4.2772,0.9049,2.5166,-8.4631,-1.1292,4.6231,-0.5411,4.3638,1.8988,1.3378,2.4654,4.0842,3.9165,4.454,-4.9158,-9.9521,-2.688,-6.5198,2.049,-7.6631,2.6276,-8.1584,0.9404,-7.8747,0.5956,9.0869,7.1704,-5.0665,2.1998,-0.9371,-6.531,5.6326,-3.1286,1.0743,0.0826,6.1044,-1.4003,-1.6457,8.4051,-0.0585,-0.998,2.8185,6.2299,-1.4628,4.6671,-7.0833,0.1297,8.8544,0.0338,2.7056,-6.9249,0.9989,-4.0408,0.2702,-5.302,9.7852,6.668,-4.8882,4.2626,-0.2213,-7.3891,0.7462,7.2729,-3.6169,7.2979,-9.515,-7.2143,5.0463,-5.7075,-2.0272,-9.2745,3.1614,-6.2176,-1.2083,-6.5847,-1.0336,-7.1327,4.4833,1.3983,9.4471,-7.6645,-5.9656,4.0534,-5.0508,6.0318,2.3973,-1.8673,0.692,-7.8404,2.9048,-1.5048,-8.9821,2.1354,-9.5467,-2.812,8.6958,-9.0268,-0.5329,5.0214,-3.9453,9.0393,-0.1175,2.2126,-9.4394,1.7293,-3.1992,-6.2652,4.7008,0.6884,-4.8081,-3.521,-8.5588,2.7979,5.5593,-7.1,7.0361,6.374,-2.4578,-1.0389,-8.2225,8.8897,2.9821,6.6693,2.8138,-0.4875,8.2638,-5.6009,0.7548,6.7408,-5.9978,8.2738,-1.2814,2.7071,-4.9716,-3.5792,-8.0474,5.089,-5.7548,-7.6046,4.9791,-8.3929,-0.931,-9.7209,6.9214,-0.0134,-7.9041,-1.6947,4.8317,-8.8049,1.3901,0.0564,6.3199,2.0225,-2.3417,0.0197,4.8173,-8.0366,0.1604,-0.9169,-5.3903,-6.808,-0.9863
-8.838,-8.5416,-4.3475,-5.6195,-3.9798,3.3081,-9.46,5.2486,-3.1534,9.519,3.0825,2.5465,-8.2216,6.5963,-1.247,8.6647,-8.4707,0.2997,-1.1255,-2.0238,-6.639,7.3311,-1.4537,3.6208,7.5954,1.6375,2.5838,7.6038,8.9803,2.6638,-5.0437,-6.7345,-2.7831,2.0138,-8.4466,-9.6857,-1.5662,8.6782,-1.6642,9.8339,1.2291,-7.3452,1.7697,-7.008,0.4457,-6.5247,9.0663,-3.2399,9.6727,5.6906,6.6026,7.0445,1.6558,-0.4359,-5.82,-2.1025,9.7137,4.628,5.5409,-4.0192,-3.257,5.484,-4.3139,5.5104,-5.3673,5.6645,8.5698,-9.465,7.1811,8.7217,-7.381,-6.691,-8.0719,-7.901,-1.7958,4.4807,1.8652,-9.1072,6.1325,1.6944,-0.9857,2.03,-4.4092,-2.6801,-5.3048,6.3839,-1.7991,-5.9502,-0.1496,-8.5133,5.3313,-4.4724,-0.9172,-8.7792,-5.5067,-0.1298,2.4667,-1.9403,0.6272,7.3115,8.0156,5.6716,-9.0853,-4.0735,-6.8949,3.0054,4.1347,3.7391,5.5236,-4.8389,-7.577,-0.8026,-4.1893,7.8684,5.6587,3.0947,-9.8017,7.2139,6.3203,0.8832,8.2007,5.2151,0.3477,-9.2998,-4.4636,0.8308,-6.4206,-7.1913,-2.7065,-6.3777,8.3398,-2.4779,5.2129,-1.5263,1.1129,6.2074,3.2678,-7.7648,6.9211,-0.0823,3.2958,5.1621,5.1859,-0.5015,1.6607,8.3348,3.5971,9.5212,9.0238,-9.9115,-1.0104,-9.1407,-5.6407,2.2179,7.6285,-4.7469,-1.1576,1.3257,-7.8955,-9.9985,5.8037,3.8228,-5.4404,-9.9628,-0.3478,6.1106,0.9187,-3.8878,3.5741,8.3316,-4.4281,-5.3691,-8.7354,8.0382,-8.1966,-3.6776,4.0037,7.2383,-0.2353,6.4926,0.1474,8.5308,6.6557,-6.0805,-4.7833,-6.9193,-7.564,8.3296,-8.9021,3.5602,5.3093,-8.293,-7.1078,1.0121,2.5498,-9.9495,0.5021,-8.198,8.9745,-7.9939
6.2097,6.5668,7.2989,7.4711,2.4083,-1.2743,8.1486,5.6524,2.354,-2.1428,9.1104,-6.5143,7.9122,0.6906,0.4626,-5.6333,-3.4996,-2.0084,7.2998,1.1684,1.0023,0.8756,-9.4385,8.2146,7.0986,5.366,3.875,0.8773,-1.3163,-1.9131,-8.0397,-0.4713,6.0947,-0.3255,1.0639,-4.4531,-6.1631,5.634,-0.3798,-9.6914,4.919,-4.2367,1.0416,5.006,-9.3674,-9.8192,-8.7945,2.7592,3.937,-3.8858,6.4781,9.7951,-7.1362,6.2783,2.5153,5.1735,2.6522,6.4528,-1.2174,-0.1302,-8.3591,-7.3097,-5.4899,-9.3813,-8.6153,5.9306,2.6068,-5.9617,6.1208,0.4617,8.7517,6.5354,1.2657,6.7138,-1.6439,3.9528,-7.06,4.3556,-3.1282,2.9772,2.0905,9.3031,-3.6158,-7.0319,3.6957,-2.4873,-4.9123,-6.7286,-1.4636,9.2657,0.2273,-1.0268,6.6568,6.1475,4.0079,-0.1859,6.8739,6.6706,-2.4566,6.2378,9.5554,4.6482,2.2509,-8.9749,3.0195,4.4721,-3.4924,-2.7726,-5.128,-0.0031,2.8746,-6.9753,-0.2724,3.8418,-0.0296,7.7968,3.9837,7.7348,-5.4681,-8.0744,-1.5676,9.993,1.8215,-0.6141,4.763,-1.6961,-7.1522,-0.4399,3.8573,1.3397,-8.3186,-7.3253,1.9692,8.9898,-6.9615,7.5232,0.65,8.1901,4.8593,-1.7376,-8.5358,8.7449,1.0871,5.2645,2.3151,-8.3479,-6.4097,-0.881,-9.5921,-3.4062,-1.2874,-9.9607,1.1605,3.9774,9.5486,6.6559,-5.9053,-1.2065,9.7216,6.4468,-9.4036,-2.4354,-5.5594,-9.1596,6.3211,-8.492,-5.691,-2.0888,4.7676,-9.3229,5.6635,7.7151,5.084,6.3996,-0.2762,-7.5651,-0.4252,3.1764,-3.6727,5.0013,9.0609,-2.1434,5.1088,7.5661,-1.3421,0.9233,3.7767,-2.6698,5.724,-1.9532,6.9986,-1.9382,-1.5851,8.4916,7.983,8.8146,-7.9226,1.4515,-7.1454,-0.1057
-0.5979,-7.724,-9.7786,-9.5054,0.7385,-8.5808,-1.5093,1.6382,-6.984,-2.5753,-1.7439,-9.698,-0.1462,2.2329,4.9402,-8.5522,8.1572,9.689,-7.6796,8.1877,-6.7919,5.7403,-6.5328,7.0166,2.5782,-6.6239,-1.2404,-8.4367,-6.1539,3.3577,-8.3563,8.4235,-5.986,7.8054,8.2732,3.8418,-3.2885,-1.2946,-5.4336,-4.9371,0.8462,-3.2879,9.4117,9.8765,0.81,-2.988,0.7617,-6.8155,2.389,3.1774,-7.848,1.5831,-5.1597,-5.0983,7.3684,8.5253,1.252,8.1962,-8.2064,-0.231,-3.6097,2.1248,-2.5999,-2.0051,-8.8024,-7.8864,0.1301,5.5278,4.8413,-4.5079,7.3029,0.2671,7.7025,-7.5951,-5.4288,0.3764,-7.352,1.7668,9.8548,-1.5165,-0.0185,-0.5581,7.5909,-6.8008,-1.1265,7.8932,0.8727,6.4908,3.5536,5.9952,-2.9269,5.668,4.9375,-8.7933,-6.13,4.7009,5.7621,-0.1291,-3.1038,3.3164,2.2093,5.7074,7.3486,2.8795,4.1021,8.5668,-8.1524,-8.3271,6.2988,-1.3351,-0.4272,-8.4583,-4.0785,-4.8491,4.7986,-0.6852,4.9133,9.2049,-6.8938,9.2333,-5.1184,8.2223,-4.8499,6.9874,8.0636,-1.7748,-9.9153,-3.1289,1.6349,-6.3543,-5.9981,-1.6603,-6.3277,2.3472,7.1201,2.4114,-3.3853,0.9648,1.3529,9.8843,6.1468,-2.2339,6.9689,-3.7544,0.0389,3.1799,-7.5207,-0.7634,-0.8653,-6.6388,2.7252,-5.5013,4.4066,9.095,5.066,-8.3292,-1.0981,4.9626,8.3219,-2.7729,1.7735,5.586,5.2728,1.7335,8.5689,9.8738,4.7325,-4.9431,-2.6468,-1.6913,0.4743,-7.0991,2.8606,0.9854,-5.1579,5.8819,6.7796,-5.1895,-7.2488,7.9784,9.9597,5.5682,4.3781,4.9841,-2.5759,7.7583,-1.4422,7.1156,-9.7689,1.7596,4.4954,3.9294,-6.0827,4.5031,3.0206,-1.6464,-4.1704,5.2636,6.5319,-7.1578
5.3229,2.0554,-6.8017,5.4314,-9.3128,5.0736,3.2025,-8.3469,-1.5511,-2.3396,2.434,0.5967,-8.8402,8.1541,-6.8194,2.2526,6.6762,-9.6782,5.5581,3.5235,-5.4547,-1.1029,3.2837,-4.8972,8.7585,-9.9754,-6.526,-3.2988,7.3361,-8.6694,-7.0999,-1.7677,1.6772,3.3166,4.2024,0.0282,-9.8995,3.1788,6.9102,1.3452,8.2602,1.2307,-8.4992,-3.1728,1.6507,4.0812,7.2442,-3.0011,1.9926,4.4214,1.0652,2.8936,-2.8739,8.747,-0.1193,-2.208,-9.3447,-4.696,1.0511,-2.9527,-4.8956,4.9846,2.4858,5.3099,-4.7859,2.6657,3.6862,-8.049,2.3752,6.4095,5.2181,8.6517,2.3363,-9.1214,-5.0056,-3.2441,8.8947,6.945,1.5882,2.7311,4.5059,1.7977,-2.4098,5.8181,5.9976,1.6844,-5.0858,3.9782,-6.9788,1.3628,7.2939,-3.4637,-4.8907,0.657,8.6651,-6.9392,-1.9191,4.5445,-3.0864,5.0319,-9.5024,-4.0881,6.0011,9.5787,0.5764,8.9087,-3.8842,-7.1654,-9.0667,-0.628,2.2775,-8.2825,-3.625,-5.2229,-8.727,-1.6387,-1.639,-6.912,-2.7421,5.2543,-5.5383,2.4407,-5.65,8.7871,7.2562,-5.5123,-8.0675,-9.5647,9.5201,5.3897,4.5912,-4.7499,1.3744,-8.1207,-7.1114,5.1776,-9.2434,-9.0976,6.7646,3.3412,-6.2885,9.0968,6.8591,-5.506,-0.1604,-7.1599,-9.0888,-6.3566,-0.4179,-1.7969,0.0223,4.8022,5.6939,-0.4283,7.6458,3.5036,8.442,-5.4862,8.4711,9.3165,3.7246,7.3546,1.3892,-5.4552,7.2093,-8.9731,7.1217,-4.6825,5.1502,-8.1795,2.8088,-6.2144,-1.038,6.2894,-7.3525,-6.6862,2.4748,-4.0287,2.1857,9.0126,-6.3299,-4.9262,7.994,0.6406,-3.4715,-6.3888,-4.6108,7.2274,-1.5887,2.0669,-2.3638,8.2317,-8.4483,7.9995,-2.3118,-8.8816,1.204,-3.6724,7.8588,-6.7752
-7.5887,0.8789,-7.839,1.837,1.54,-2.7304,3.3488,-5.219,-1.8406,2.602,9.1469,4.8007,-4.8848,-5.4387,8.8864,5.0519,9.2628,1.7291,-5.6201,-7.9042,-6.6899,-2.5146,-5.8309,7.8733,1.4959,0.9256,8.6481,-1.7789,-3.0282,-6.1536,-5.2357,9.9577,3.6288,-0.9593,4.1916,-8.8909,7.2358,-6.7565,-6.8952,-8.0512,4.2776,2.5365,-4.6863,-0.1357,1.9341,-4.0118,-6.9494,-3.0621,-4.4279,-3.4035,8.0443,2.5345,-4.1024,-0.6534,9.4319,-7.2522,4.859,3.3794,8.0851,-2.2333,7.7128,2.3393,7.6736,5.1698,3.8344,-7.5306,-4.7453,-5.5591,9.9234,5.8578,-2.8493,-9.3355,0.4905,-1.1795,3.894,3.4555,7.5888,8.238,0.977,0.4464,-9.5038,9.5771,7.178,-7.4354,-4.3622,4.9224,4.1746,7.3431,-7.8439,-9.1755,-3.9295,-8.1108,-2.5144,-9.9376,-4.2925,-0.1458,-4.6808,3.2373,-8.6496,-6.2473,-7.9604,-3.7617,5.5467,2.0993,5.8339,7.3386,-6.5098,8.5733,-9.5086,-9.7264,-3.1405,-1.0763,4.0597,1.352,-2.3054,-5.84,1.6668,-0.8632,3.0875,-0.8708,-0.4454,-5.2671,9.8371,-3.4682,-7.9987,9.0409,-5.66,-4.9683,-7.5108,8.543,-7.9856,-0.806,-7.7934,-5.6644,5.0866,-1.4089,-4.1489,-0.1159,-7.9082,-3.8736,6.9959,-8.6098,-9.5211,2.6759,-0.5334,1.5446,6.9287,-3.7412,4.5062,1.8561,-1.5633,-3.8688,6.7554,3.5281,-8.1318,-0.6583,2.6365,7.3304,7.6241,-9.6346,-2.9745,6.8595,5.3586,-4.8502,-0.3479,-1.1626,6.4303,4.4644,-8.6105,-5.853,4.1355,9.317,6.506,8.1633,-7.7485,1.0737,5.9422,-4.9447,-4.8308,-7.5735,0.7933,4.4065,7.9061,-8.189,-5.8574,8.395,-0.9735,3.4468,6.3,4.7032,-0.9047,-0.6316,-7.6478,-5.8068,7.3086,8.2884,8.8469,-8.6748,9.2691,-8.9873
-8.7328,-2.2244,0.7229,7.3294,3.0163,5.4649,-3.0068,8.1645,8.8053,-8.3003,-2.9656,7.4155,0.5057,8.5887,9.0396,-6.9816,3.7531,6.5055,-2.828,3.8211,1.3856,-9.6555,9.1312,-2.8555,9.5872,5.9799,-6.9001,-6.7922,9.1038,4.6265,4.2829,0.6802,1.9128,0.6986,6.3375,-6.4694,1.0033,7.6111,1.698,-7.7389,0.438,2.8517,-9.5999,9.0497,-1.2616,-9.9239,1.1059,-1.7627,8.948,3.8872,-8.0453,-9.5684,0.6383,9.1957,8.2352,-6.1285,-9.3999,7.2616,-6.4882,2.1373,6.7214,2.0255,1.2303,-9.7135,-8.6192,8.6637,-7.4778,-5.1456,-8.577,-1.821,5.3277,-4.7204,-2.8623,-9.0158,-3.3702,1.4882,-6.4478,-8.0212,8.3382,8.5166,-0.0414,-0.5033,-0.5596,1.1486,5.0647,7.2457,-6.5305,8.9818,-8.0847,1.0186,-1.3745,-9.1319,5.7936,7.5121,-7.2735,1.6756,4.9833,-9.4934,-4.9148,-5.4469,-8.9641,9.0701,-2.6942,0.6174,-6.526,7.5061,-1.8429,0.6559,-2.5837,-8.2128,8.5525,3.0311,6.7876,6.7493,5.7714,1.6413,5.4576,7.2084,8.1223,1.7938,6.0035,4.1703,1.6059,-7.2145,3.2166,-5.9506,8.0119,-0.9468,2.0347,9.6486,-3.66,1.7269,-1.531,-9.1787,4.9929,1.0252,-4.2777,6.4309,-1.5448,-3.7431,-5.8342,0.9648,-9.5948,5.7059,9.8663,-6.6578,-1.0783,4.0423,1.1056,3.6612,6.4582,7.4593,6.0071,0.7236,-8.5505,-6.1639,9.3425,2.9293,0.9051,-3.2879,0.7835,-0.4894,6.5559,5.4142,4.3496,-7.2211,6.4154,1.0459,6.2774,-5.7472,1.2622,7.7733,-0.5652,-9.9434,8.647,3.2778,-2.7692,-8.4037,-1.6835,-0.6233,-0.7558,0.0477,8.9007,8.6423,-9.8909,-9.291,-1.6417,-4.1916,-4.4358,-9.9794,0.8203,8.7979,-8.0208,-9.3575,2.2562,-2.3557,2.6895,-8.7858,-7.4574,-4.0003
4.3503,8.1781,9.5552,9.9781,1.9839,2.3494,8.063,-6.6792,-9.1486,1.0227,2.8693,-4.1827,1.9566,8.4979,2.7932,8.9758,-9.3311,-9.4162,9.9525,-2.7999,5.4516,-6.7255,0.5917,-4.3063,-7.1159,9.3297,-2.4585,-1.0637,2.7833,2.7304,3.2885,-9.0396,4.2215,-2.846,0.0954,-1.1168,2.5308,4.4769,-5.6257,0.6275,1.7273,7.7471,4.14,-9.3945,4.7805,-0.6237,8.1022,2.6426,-5.8153,6.8462,-8.8605,0.3296,-5.6499,4.5172,6.7901,-7.8833,-9.571,-5.8513,9.6381,0.6876,-5.3751,7.537,-5.6159,9.4914,-5.9988,8.5014,2.8632,-4.753,5.2812,-0.3272,-6.624,-5.9562,1.9401,9.8919,2.8865,-3.6404,-2.0776,-1.5916,0.1693,6.4521,-1.0221,-8.4664,0.1974,-4.6551,2.9764,0.513,6.1147,6.133,4.7431,-8.2933,-8.5828,-7.6169,0.6227,4.2532,9.2078,-8.9141,-9.7261,4.692,2.1279,9.9815,-7.0447,-5.6703,-1.4325,4.8963,5.8296,-4.7158,-3.5449,8.3265,8.9732,-3.4424,5.3113,-4.6024,-2.4991,5.7107,9.2069,-0.9391,-1.985,-7.2957,-2.9978,6.4472,1.5473,5.4917,-8.5311,-1.08,-5.4239,-6.3,1.0094,2.3751,0.367,0.6406,0.9643,4.4789,-4.1155,7.3918,1.8846,-5.447,9.0039,6.4116,2.1338,0.1382,7.9037,1.0642,-0.8629,9.4473,-1.5504,5.5543,-8.9855,2.759,9.3177,9.8199,1.8476,5.4706,-6.6748,-1.4297,6.8227,-7.4927,6.2256,5.2211,-6.0069,6.5534,7.6739,6.9723,6.65,-7.4562,-1.8414,-6.806,0.5554,-3.2125,-8.5018,-5.2963,8.0648,9.9399,-1.9852,-8.1329,-3.6279,2.2039,-6.7547,5.3293,-0.676,-6.1147,2.7317,-6.6737,3.8851,4.6011,5.1579,2.5798,-4.427,-1.1884,4.2498,2.8125,2.8713,-8.147,-7.7379,6.4965,-2.908,-6.7932,6.4183,-6.7909,-8.3776,-6.4198
7.5965,9.7804,-9.3116,8.6175,-2.3568,-5.9019,-2.3661,-9.4822,-0.8278,-2.7058,3.1132,8.5284,-0.1584,0.8813,-0.8319,2.1252,-8.8504,6.9413,1.4682,1.9251,6.4809,-2.1245,-9.6902,3.7314,1.7733,6.1093,6.1931,1.4733,1.092,-1.7608,-8.1117,-5.8672,1.0113,6.1598,-2.0123,5.4684,-1.5294,8.0898,9.8338,1.0596,-1.3861,6.9684,7.6232,-2.367,3.2573,7.2671,1.5188,1.6031,0.574,4.7988,-7.015,-4.9988,4.9339,8.1123,0.6739,-2.6345,-0.5547,7.0376,2.8398,-2.7405,-0.2462,-3.0518,1.0801,3.2805,9.9151,0.2023,-4.5091,-9.9333,8.9531,7.9677,-5.1505,-6.4689,-5.9943,3.9461,-8.6013,-1.8025,-6.7222,5.045,2.1994,6.2369,3.4869,-3.8022,9.1973,1.0591,-8.3581,2.4104,8.8736,9.3498,7.4388,-3.3462,9.399,8.3495,-7.3914,-8.4096,-5.1421,-7.3474,6.7401,-4.4204,-6.6614,6.4925,8.1618,3.7782,-8.761,6.117,5.3239,-4.864,6.5185,1.343,8.9201,-5.8207,8.7226,6.8327,-1.4677,5.6069,1.5083,-2.1064,-1.3496,-5.663,-2.7851,7.4075,-3.3244,6.5161,0.1364,2.6898,5.6507,9.6741,-7.2096,3.4114,-4.3205,-9.7192,-9.3674,5.7576,-7.0352,8.3025,2.8361,0.9289,-6.9681,8.6851,4.5846,-9.5345,-5.2057,-8.2625,-7.5614,-5.6099,9.4593,9.3023,7.0008,8.555,3.6869,3.3775,1.8718,8.0471,-6.397,-7.3649,-6.3471,-7.1436,3.4571,-9.3494,9.896,-6.4153,8.1157,-1.7785,-8.8517,1.4872,-0.0836,-6.0496,4.8174,-1.1731,-5.8289,8.7656,5.6391,4.6934,8.8026,-2.0576,8.3882,-6.703,9.7376,-6.1309,5.3486,-1.3368,7.8365,0.9614,2.1943,7.6804,-8.0747,-8.9434,-9.6123,9.6722,9.7708,-9.7491,7.2613,2.8361,6.5508,-5.8161,9.8249,-5.8807,9.3646,-1.3794,8.632,8.4731
-3.4439,-1.2356,0.0644,7.6065,-8.7385,-4.4321,-2.6202,5.3265,1.9156,6.8484,-3.7057,2.7427,-3.2797,-0.7528,7.548,-4.2711,3.5636,1.3334,-3.2591,8.3346,-7.3283,-7.9558,3.6533,0.5227,-7.738,7.02,0.7165,1.9783,2.4555,-2.4314,1.5488,5.4398,-9.6212,6.9502,8.606,0.902,6.1439,-8.6347,-7.2459,4.4431,-5.1979,-6.2873,7.7537,0.7682,0.4821,1.9496,2.1691,-8.1669,-0.4131,-0.3793,-5.0447,-2.552,5.0039,-5.8127,-2.1434,0.9181,4.0689,-5.7056,9.0331,9.8712,3.2594,-2.1999,-9.7443,-4.6392,5.7513,4.274,-6.3935,7.2744,-0.8975,-3.4788,1.3585,5.6103,-4.9785,5.9819,3.8857,-6.416,5.5069,7.6643,-7.736,3.789,4.9478,6.7044,5.2373,-8.9272,5.7168,5.9235,-0.6036,0.6566,-4.5299,-3.6651,-4.0707,4.3508,8.9981,0.8184,1.2498,-4.7333,0.079,-7.5953,-1.0937,2.9244,4.544,1.5909,6.6699,-3.2462,-2.2727,6.914,0.2186,8.9245,-9.0613,-8.62,6.5093,6.9933,-3.0482,-1.8614,-0.2635,-7.1258,6.9217,-0.7518,1.5458,-4.1124,-2.3035,1.7938,7.5277,-3.9109,9.3476,1.6572,-7.3257,5.9528,-6.3745,4.4582,-1.849,-4.3072,-4.3663,3.5123,0.4702,4.9779,1.5763,-4.3493,9.8129,3.5953,5.933,0.1974,-1.6817,0.7195,4.2323,-6.5013,-1.7166,3.4984,9.6495,8.1716,-4.5066,9.47,-4.7657,3.8004,2.1895,-8.2525,-2.0586,-7.9978,7.3576,-4.1007,-2.7201,-1.2242,-9.6442,8.2492,-5.0401,1.2983,8.0654,5.5471,-1.8776,9.9278,5.0548,-4.2437,-2.8217,5.963,-9.6756,9.678,-0.5475,-7.1247,9.3804,-3.7517,1.9568,4.9785,-9.3438,-6.3305,-8.3099,-4.9554,-8.9796,-4.4555,-8.1179,4.9478,-6.0249,-3.6594,4.9984,-6.7636,-8.2733,-3.9611,-4.5813,-0.5111,5.1082,0.7745
6.3828,6.6747,-2.574,1.2572,9.4843,-5.7688,2.8901,-8.6754,6.7724,2.6196,-5.6151,5.5262,5.87,-8.012,4.4667,8.6091,-2.5612,3.0256,-3.0707,2.287,5.5744,-3.9098,-9.8633,-9.6307,6.0932,-5.0975,1.5361,-1.9865,-5.938,4.2381,-4.7249,-7.9523,8.0286,-4.5824,-3.1993,-0.5056,-1.309,9.9539,2.2703,6.3625,-7.2016,-1.5531,9.1082,-6.1882,4.6409,-0.4857,6.4503,-1.6777,6.2793,0.4657,-0.6727,-1.4912,6.0967,1.7809,-9.8747,0.2968,0.0345,3.8194,3.0377,6.4437,-7.0097,-2.1033,8.7149,-9.3385,-1.2952,9.872,1.1475,7.8521,-8.586,-3.3358,8.3189,-7.5975,6.8555,-1.1611,-5.6301,-9.205,-3.949,-7.675,0.9655,8.1314,9.0225,-9.9617,9.5117,2.5456,-4.1575,8.5456,-6.5796,-5.1981,0.3096,6.0967,-9.9195,-0.9506,4.7862,-4.2731,-0.2549,3.0217,2.5492,5.012,-0.6098,-4.2488,0.1621,-2.4825,-5.6854,-1.3458,6.7255,-6.7962,4.067,7.0853,1.8555,9.3885,-8.4669,7.2547,-5.7926,-3.2419,9.5378,8.6854,-9.2313,-7.3829,-0.3167,6.3419,-2.4551,-7.3192,1.4953,9.8175,-8.1096,-3.3845,-6.6424,3.4622,-6.7439,7.6884,-3.4563,-0.1435,-5.246,-8.6766,9.7347,-6.6156,-6.1003,3.5293,-9.5228,5.4499,9.7692,6.6239,6.1799,-8.7499,-7.3104,-9.1814,-6.6523,-8.586,8.4896,1.0437,4.7262,5.1229,-0.3298,-6.5831,0.142,-4.7617,-7.3436,3.3919,8.0698,-7.2484,0.6432,1.9687,-1.3998,-2.3831,6.6551,-2.0421,4.8998,-4.903,2.5954,6.0226,-8.4103,-3.7112,-7.7754,-2.0268,0.8,-0.2484,2.0753,-1.341,-2.1946,-2.0553,-0.9216,2.7074,7.1724,-8.6258,-0.6588,-8.3702,-3.9071,9.7504,-7.6021,-5.1632,-9.0804,8.8062,-6.7279,9.9782,-9.8693,2.6509,9.0214,5.3153,9.4658,2.8485
-1.2337,1.5396,-2.4814,2.1934,-0.6872,1.6008,6.6032,1.8346,8.2073,3.3742,8.618,3.7293,5.3813,-3.0093,-7.2673,-4.8373,5.4362,-4.912,6.9891,-7.7013,3.7848,-4.5359,-6.7156,7.8555,9.5757,9.8472,-3.8075,-0.6527,8.942,-9.1655,-3.1737,-6.3767,-7.2375,-3.8133,4.1253,-5.0579,7.4342,-2.4562,-4.9374,-6.3916,2.0331,-6.2038,-4.3949,-6.9569,-8.9359,-8.7047,-4.9653,3.9661,-2.1552,7.3801,-1.3911,1.4795,4.3821,-3.5708,3.2833,-8.3451,1.5601,-1.4649,6.1465,-7.7458,5.6323,-2.1249,-1.5847,-6.7842,-8.0882,4.1839,7.9863,1.2564,-5.8187,7.568,2.521,-6.7921,-8.3673,-9.512,-7.8942,3.9432,-1.9869,0.4801,-8.9053,6.8719,0.6542,-5.0919,8.4376,1.6224,4.6717,-6.2634,-4.136,3.1037,9.5617,8.7913,-1.8543,4.9352,-0.2928,0.8753,2.4018,-0.6828,-8.5374,-4.849,-3.0842,-2.604,-0.1084,9.0822,4.7164,-0.6636,-1.3032,-1.1443,5.1604,2.6017,5.7338,-6.1762,-9.0369,2.2475,1.8688,-2.0063,0.6352,-8.3463,0.0124,-7.8122,-4.7113,4.8703,9.3438,5.4291,-3.8105,-4.8372,-6.5768,8.172,-6.2403,8.161,-7.9847,3.2815,-3.3192,0.0839,4.5655,9.0821,-6.5255,5.1761,-4.1705,1.2012,5.3758,7.0861,-9.3457,2.7203,-4.077,-3.2772,5.6717,-1.1167,-5.2445,-4.787,-0.9279,3.691,-0.7139,9.4074,0.8591,6.5003,-5.0388,-7.9618,3.2687,-2.0391,6.1373,-9.7638,9.9593,6.4423,-1.529,-6.9609,-7.7805,-8.0944,3.4845,-8.2346,-6.7598,-0.1867,-7.761,-6.7293,2.4433,1.7059,-5.0956,-9.9048,4.1057,-4.6578,-6.6671,7.1164,5.5436,-1.0649,-7.9286,0.7992,5.7409,4.307,-3.6883,-6.2446,0.0152,-9.161,6.4016,8.5138,4.8443,8.597,8.2368,-8.9519,-5.1149,4.7068,9.0211,2.5706
-7.3174,5.0297,5.2172,6.0742,-8.908,-0.5005,-6.5452,-1.9683,0.4818,3.429,7.2472,0.8852,7.7228,-1.3789,-2.9368,9.5422,-4.7803,-8.0301,-5.4552,6.9395,2.2139,-5.7892,-4.8576,4.4058,6.6839,4.436,-5.1888,-8.0722,0.2965,8.8747,-0.2057,-0.0105,-6.8517,-2.6961,-8.942,-4.6518,-4.1563,-7.0817,0.8709,9.8388,-6.8713,-2.992,0.074,-1.6988,-4.6567,6.1596,-3.11,6.1019,9.54,-8.2879,1.8836,-3.0941,6.8081,-0.9166,-2.9275,5.4198,5.6223,1.6941,-9.4699,1.1477,-0.4885,-9.4604,-7.6602,4.1218,-1.3389,-2.3712,-6.2393,-2.4856,-1.0492,-8.5164,-2.5909,1.4661,1.2168,8.2058,-4.5865,-5.0325,-9.5041,7.8004,-1.2654,8.3775,6.2041,-7.0544,-2.9755,4.8159,-0.1156,1.4638,-9.634,2.2484,8.1754,3.5863,1.118,0.6077,-6.0749,0.0166,6.8342,7.1355,-8.3606,7.6871,-7.1521,-6.8359,-5.3793,0.8076,-8.6902,5.974,6.2483,-2.5315,-5.1867,-8.9368,9.2165,-9.6812,8.9097,1.5073,2.5984,4.2047,-5.4663,2.457,4.9512,9.5044,-7.93,7.7994,1.94,4.3312,-3.9294,7.6972,5.7363,-7.419,-0.8028,-4.5247,7.5537,-2.2303,3.4355,4.3438,-8.4953,-1.1715,9.133,0.6267,-8.5815,6.4182,1.9774,-1.2979,-2.8403,3.0671,5.0176,0.4567,3.5024,5.3095,3.8501,9.559,-0.8691,8.8181,0.5638,9.5939,-9.6947,-0.0378,1.3412,5.0922,-3.118,-0.147,-7.613,6.7814,-3.5851,-4.8333,2.1692,-6.0398,1.3064,5.3307,6.9049,-0.5313,-8.7516,-7.3027,-1.4949,-9.0292,-4.8901,1.0672,-3.8466,2.3275,-5.2509,-0.8969,5.8796,3.2942,8.2784,4.9047,-3.961,-6.2669,-5.6933,8.696,9.4232,-3.9111,-1.1058,-2.3138,1.8591,-9.8542,7.7274,-6.3982,-6.7244,3.7248,-9.4571,1.5655,-3.3306,-6.4899
5.3279,1.0298,2.4825,-5.8707,-5.5497,-6.8304,-2.8444,8.8002,6.9554,-2.7517,4.6629,2.6644,2.5122,2.8487,-4.086,-0.6649,-5.6974,9.2156,-4.6079,0.5839,2.9822,-1.2983,-9.4426,-6.2736,7.8992,4.7243,7.7981,-7.505,-2.7057,8.4833,0.1441,5.6357,3.583,3.1044,9.5062,-5.8213,-1.7981,5.5316,-0.691,4.4336,-9.8794,-9.8992,4.8828,2.2078,2.4232,3.9065,3.1368,-8.9902,-0.7988,-4.5431,-2.5791,-1.085,-6.072,2.7676,1.034,-1.0441,5.5935,-8.5038,6.1602,2.9953,5.1431,9.4706,-6.6322,8.956,-5.6553,1.7009,2.301,4.2382,1.7086,-3.4218,-4.4765,4.1885,6.6012,3.6031,5.9515,-6.2073,9.4526,-1.7935,9.1814,2.8041,-6.7355,-0.8371,-6.3853,-2.7758,-9.0578,-2.768,-7.9997,2.6189,9.3395,0.358,8.2339,-4.7788,-3.5302,1.211,8.0727,-5.0201,2.3589,7.5799,5.8083,-2.4673,-4.6035,-3.7686,2.0714,2.8849,3.5755,-8.427,-6.0992,-4.2083,-1.342,-6.8664,6.5039,1.7572,-1.7034,-4.2089,-1.2664,0.3261,-4.938,8.9155,-2.4016,-1.9871,-2.0434,-2.6498,-4.2426,-9.3059,4.7875,5.1239,0.9408,3.7547,5.7814,-0.2021,2.8562,5.2755,-8.0069,-1.0913,-7.3297,-3.8268,2.3367,-2.2926,0.1475,6.0849,1.5227,-7.9469,1.0567,3.2527,3.7999,-0.2747,8.2062,-8.8598,-1.2724,-0.1742,-3.6603,5.0078,-6.0226,8.4504,6.715,1.6479,2.8016,-6.5826,5.94,7.1938,8.9086,8.0983,-5.6862,3.3249,9.3159,-8.2194,4.9109,-9.7099,4.1969,-4.6822,0.5356,-6.5538,9.5502,-9.6484,0.7451,3.9719,-2.9348,-2.5219,7.2917,-1.2398,-5.5417,-2.0099,-2.5424,3.0863,1.3975,-3.4613,-4.0412,3.7796,-3.7264,-2.9642,-8.4226,3.2398,-4.9267,-4.7965,-3.0566,-2.3664,6.018,9.0975,4.4087,4.0759
-1.3872,4.4569,8.8995,-0.4151,-4.8717,-5.7325,0.2863,-4.0365,8.182,2.5196,0.8305,-8.5628,7.7242,7.1958,-0.1401,7.178,-5.1568,-7.1753,8.4271,5.8002,-7.9058,-3.613,-5.6788,6.764,-1.5037,1.464,0.6616,1.6385,6.6361,1.9851,5.2226,-6.4529,2.0212,-0.0382,-3.6605,8.878,-6.5228,7.3619,-6.3649,-5.2407,-0.8721,4.884,6.1741,-5.4351,6.6602,-3.7407,6.9398,8.7594,1.2932,7.5741,2.7013,4.1289,3.7121,0.2391,6.7311,8.8408,2.731,-0.8036,2.3462,0.6142,6.415,2.4159,-2.0162,5.281,-7.7652,-9.6657,-5.5966,2.3124,8.3637,-1.1352,-7.6834,-8.5172,-1.3357,-3.1859,5.8063,5.9755,-5.3261,6.2864,-8.3865,3.0455,5.756,3.8546,-2.3459,-9.8694,4.4233,-5.0265,0.4829,3.7821,-6.2747,1.8138,8.4173,-8.8049,8.6035,5.9738,-8.0139,-2.8885,4.393,-5.8741,7.1117,9.397,4.6557,4.8036,-9.4979,4.3833,2.3967,7.5262,7.7153,0.4203,3.041,-0.3581,-0.5377,8.3595,-7.4875,-4.7024,6.8542,3.1668,4.8613,7.6159,-0.5004,-8.5157,3.6329,7.0186,-7.4506,8.3916,-1.117,5.707,8.535,3.4952,-6.4027,-6.9431,2.7655,-8.5986,-2.7227,4.5257,-8.3475,6.8673,6.5829,2.7951,5.3671,-6.6379,0.2315,-6.3423,4.123,8.8705,6.3456,-2.8902,-0.269,2.6906,-8.21,-5.1397,4.8967,2.6086,4.5044,4.7532,5.3081,1.0527,-4.7301,0.9444,-4.8627,0.2139,-4.0299,-4.2455,2.7185,1.0611,-8.895,-9.8912,-3.6591,-5.2445,-2.0628,-0.4344,1.0321,9.0422,-2.0141,-2.4901,8.8797,3.7327,-6.2224,9.9282,9.8946,-8.943,0.8382,-0.5371,5.8368,9.0742,0.4949,5.432,-8.5704,4.9356,7.2567,4.4434,-3.0731,9.4707,-0.8351,3.6171,8.5911,-8.9512,4.9805,-2.4843,3.8338,-2.4601
-0.5373,5.7948,-9.1024,-7.7597,-6.9334,-9.6005,-1.4245,0.6716,-1.0272,1.5977,6.8949,-9.7831,-2.5218,-9.6821,-9.4184,-3.8451,-3.925,9.4008,-0.7004,-9.3934,5.8748,-7.8634,0.7848,0.8788,-8.1414,-7.7688,-8.4716,-2.3832,8.272,-9.6471,4.284,7.2708,-6.3242,-3.0726,-6.8101,4.2032,5.2761,7.298,-8.7116,-8.4419,7.2425,-7.635,6.0955,-8.2208,3.2379,-4.6297,1.8467,-5.6236,0.648,-7.5221,3.8871,-5.5761,-0.0999,4.1921,-6.7504,4.189,8.3188,-3.4965,-5.445,-5.1614,8.2599,4.0128,-1.2942,0.1699,7.8374,-4.308,-1.9893,-2.1729,-9.2515,-1.2643,0.9956,5.1414,-5.1572,2.0364,-4.7534,2.1836,-8.4535,-1.338,2.6725,1.003,2.525,3.212,-2.9734,-9.9508,-4.0997,9.6917,8.7282,2.3488,6.3882,5.0765,-3.4877,4.2255,1.5938,-0.9017,-6.6607,-8.9116,-6.5308,-6.7704,-1.2882,-2.4752,3.6971,3.8362,9.8992,-4.1038,-1.8303,-4.0759,-3.2394,-1.1265,4.6162,6.3893,-0.9403,4.7423,-3.0543,5.4669,9.3827,-2.9053,3.7918,-5.8584,-3.436,-7.277,-6.0236,0.1541,-0.0183,-0.5796,-7.0926,4.851,4.9375,3.2691,-4.1955,-0.9643,7.5193,3.9495,-4.1809,9.1661,3.3043,1.8841,0.8024,7.0251,8.1225,-7.0682,6.8788,-9.148,7.3845,-5.3219,-5.1309,-1.589,-3.0717,6.7764,-4.6339,4.2924,-0.8321,1.9791,-7.0014,-2.1288,-4.1184,-4.137,-0.7671,0.8101,3.6314,7.3108,4.6453,4.9481,-3.4411,6.6103,-6.5128,-3.6779,-5.8023,3.2753,5.0999,6.7382,5.0716,-6.2054,-3.475,-4.8297,4.1758,3.9604,4.6961,6.4773,-7.3948,-1.9497,-2.2963,0.844,-4.9387,-8.8216,-5.2954,8.4808,7.6883,-1.5023,3.429,-1.8674,1.5294,4.4468,3.84,-2.5836,-0.8422,4.5401,4.3758,4.7463,-1.2233,-0.9668
-0.7827,-8.0997,-0.1795,-7.4887,-0.7425,-9.8921,-1.2358,3.9412,-7.5211,8.1068,7.5261,2.7723,-5.7026,-6.3507,-6.5997,-8.199,-7.1539,-4.3709,-0.63,-3.2293,-1.9816,-2.9328,-8.8314,-3.1727,0.833,-1.6476,4.9951,-9.3324,-4.7664,-0.0716,-6.2832,-3.1455,4.8697,2.7968,4.0181,-8.5042,-4.9488,5.2012,-9.943,-9.5719,-0.0602,0.9972,-1.4929,-5.8771,-5.6438,9.5248,0.5152,-2.1392,2.7392,-5.9411,-2.7694,-8.2138,-7.6319,-0.3145,-0.4166,6.6934,3.7955,-0.4028,9.9849,0.7113,5.4045,3.4233,2.7056,9.2806,8.2514,-5.9245,1.0773,6.9118,-9.2331,-6.1102,5.4234,-9.9065,4.2682,5.1536,7.2611,9.1335,-1.879,5.0425,9.4655,3.4363,1.1402,-6.0217,4.9932,-7.9515,1.1819,5.3379,-7.9671,-0.0256,2.8574,8.3324,7.8501,9.2423,-3.8852,9.8706,3.5905,4.7101,0.8071,4.5059,4.8511,9.4683,-6.9995,-4.1456,-9.2067,-1.4775,-0.8426,-4.2887,4.057,-3.5374,-8.6306,8.4719,-5.9073,0.6886,-5.8886,-9.4098,6.108,6.2149,4.2417,-4.8896,1.2957,2.1999,4.2039,-8.4782,1.7458,5.6969,5.3559,8.4795,9.2652,-2.3089,9.696,-0.8513,6.2665,-8.3403,-6.7625,0.395,4.2692,-0.7905,9.355,4.6189,-3.8452,3.4907,8.1044,-5.6596,3.4022,-6.8854,4.4944,-5.0542,5.3483,1.0196,-4.5293,8.4714,8.6894,6.5081,5.46,0.8173,3.1762,7.2774,-1.8482,0.2032,4.8689,6.6762,8.2538,-1.79,-7.726,-1.0283,-7.6382,-5.7978,1.3822,-1.528,-8.6921,1.8127,-8.799,-1.7372,3.972,-9.2206,3.3757,-6.875,-6.6915,-7.0433,4.9619,-1.5737,1.9385,-0.0713,-1.5864,-5.9681,9.7213,7.4125,-9.5342,3.997,0.6599,5.9647,4.6103,5.8015,0.7156,-3.1628,5.6214,-9.2176,-0.5366,0.358,2.4819,4.6513
3.3272,-9.6361,-8.5511,1.3716,9.7268,-5.7384,8.4204,-1.0567,8.3133,-6.146,2.256,-7.4848,0.6352,2.7722,-8.6828,8.5798,6.9558,4.9786,-6.4243,-2.1092,6.1029,-5.1196,5.2473,-0.0046,3.796,9.5735,7.5312,-1.6,-7.2925,6.4462,4.3438,8.4898,-1.654,-2.1467,4.642,-3.3,-3.0029,-9.5994,3.4203,7.9151,9.4654,-4.681,-1.2456,-8.7378,-6.7044,9.4625,-0.6239,0.987,-3.2609,-9.0405,3.6606,-3.4682,-6.2378,6.9009,4.5162,-7.1559,1.1126,-8.6143,2.303,-7.0098,-8.2763,-5.5779,7.1424,9.0917,-8.289,1.7981,1.157,2.7484,8.1008,-4.6716,-5.9901,-1.9712,-5.1026,-1.7795,-5.5263,3.1871,7.5145,6.1059,-1.0756,-2.3544,-1.0527,-0.311,-4.6054,-9.9268,-4.1635,-6.5425,-6.1737,2.86,1.6117,1.9546,9.5027,9.0195,-5.9338,-6.0163,-7.3282,1.3948,-4.6418,8.2686,6.7819,9.0703,4.8138,5.1796,7.3687,-0.3923,-3.5616,-5.2367,9.0886,8.3656,-6.5738,3.7882,9.7589,-6.7599,0.1117,-2.6366,-3.5166,-1.4435,7.3434,2.2311,4.409,7.9588,9.0567,-5.3129,0.0045,3.9548,9.7135,-8.4985,-2.2684,-7.4618,0.9186,-4.2207,-5.0902,-7.4993,-4.5984,-1.7132,-9.4024,7.6674,-0.1309,-5.875,2.3032,1.7386,6.9532,-6.0127,-1.4945,-8.33,5.9782,7.4647,-5.4221,-1.8748,-1.7002,-2.3172,-2.3203,3.4894,8.0002,-7.8079,2.5631,-1.0567,-3.9747,-7.9884,3.2882,2.8324,-6.893,9.9784,-7.0547,-6.1122,2.9523,-8.4841,4.2142,2.0524,3.3568,-8.0271,-5.6136,-3.3828,-9.133,-5.3886,8.1401,9.3941,-2.4585,8.365,7.7776,-3.2057,3.9066,6.2078,1.3765,1.6315,-3.7254,0.1931,8.6222,4.4434,-6.1904,8.1963,-1.3172,-2.5479,-7.3144,-5.5407,-1.8727,-0.2263,-7.6655,9.1004,5.582,8.2418
7.5284,2.9919,-4.042,-0.6227,-3.6,-4.5028,-9.1673,2.7009,0.7608,-4.5989,8.6857,-1.1657,-4.9198,3.7863,-5.6729,-2.9597,1.4197,9.7227,0.3309,-4.9246,-8.1426,1.9571,-1.5482,2.5053,-2.9461,-7.8248,3.4222,-4.8397,-1.929,7.2889,9.1243,-7.3301,9.0997,3.9211,-3.746,-4.0411,1.7475,1.9055,-2.3302,4.2622,-8.3128,4.7784,-5.7773,1.2913,-3.6632,6.8369,-6.8103,-3.913,5.0079,5.4926,-6.5062,6.3487,6.2831,2.1588,8.4625,0.1913,-2.3428,1.4595,-2.0685,-6.5939,5.0119,-2.6239,-2.1844,2.5303,5.2246,4.5005,-4.0551,-4.9038,-0.6525,-9.2075,1.5657,7.0682,-1.6402,-0.1457,0.1346,1.6516,-2.6975,1.6132,8.6243,-1.5872,-8.549,3.086,9.7653,8.3544,5.2772,4.4289,-4.4595,2.8678,8.1173,-1.6708,-0.4517,-3.7529,-0.435,-7.6751,7.6583,-6.5198,8.513,-3.4142,-6.1146,-4.1432,3.1424,-6.4497,2.1975,-1.1257,-2.4101,-1.4504,-5.828,-8.5295,8.4943,-2.9027,-0.5436,-2.6212,2.444,-8.4323,-8.505,0.027,-7.5046,4.0125,2.0112,-6.2238,-8.6231,-8.1286,-7.8805,-3.0331,-9.5337,2.7123,-2.5945,-2.9838,1.1613,-9.7815,0.6008,1.244,2.5418,-9.3023,3.4512,-1.9048,-6.0282,-8.6937,7.1208,9.5461,-7.9893,-9.6633,2.328,1.1722,3.4596,-7.8823,3.8529,-7.5732,-1.1077,-8.5612,4.3533,0.2574,2.5015,-9.7165,4.4988,-9.3195,1.976,-8.4448,2.6259,-2.9514,-7.5359,5.014,-3.4498,-1.781,4.8124,3.7238,1.2412,3.1069,7.6253,-5.3949,1.4765,3.9986,-7.7175,-2.8846,-9.6273,5.1918,6.2014,4.5948,5.1964,-0.7463,1.3283,5.406,8.9309,-5.7101,4.6157,-8.3412,-3.8738,9.7976,1.7363,-8.0126,-6.5409,-4.3302,-8.046,-2.8418,-7.026,-0.5056,0.8454,9.5649,4.4784,-8.9463
6.6851,-8.0244,-8.7023,6.3845,4.3006,-9.0866,2.353,1.1585,-0.9114,5.3185,5.0788,-7.4387,-1.205,-4.8009,-0.7249,-5.6303,-5.7438,6.3299,6.1541,-5.636,-0.0798,-4.3418,7.4426,4.5398,-9.4716,3.0713,6.8305,-3.4871,6.169,3.4189,-5.8395,-2.2783,5.4085,6.5225,-7.6016,2.5898,-1.5252,3.135,-9.5387,-7.4764,2.4549,-3.285,5.1189,4.4109,2.4241,-4.4237,9.7729,4.0668,-1.2267,-4.7183,-2.2591,0.5167,-5.1347,-9.2978,-8.2826,-3.9475,-4.9461,1.0989,9.185,-9.1694,-4.0405,7.8262,3.237,-8.8951,3.3555,3.621,7.9214,-2.3982,6.7503,-5.9273,-7.851,8.4332,7.4003,9.2654,-3.9945,2.3223,-6.8559,-8.0848,8.1995,8.2677,-2.5217,-9.0541,-9.107,4.7363,-9.3939,4.4345,-1.9208,4.2411,9.5566,0.6308,-6.9077,-1.0262,5.5153,0.7432,1.7271,8.7625,-4.7729,9.8814,1.7385,2.7513,9.4982,-6.6702,1.3517,3.3882,6.5174,4.9796,8.6967,-3.4621,-6.681,1.4548,-5.287,-0.0129,6.9662,4.5795,3.7271,-0.6388,6.5861,8.6381,-3.7527,6.1897,1.0272,8.873,4.4508,4.5207,6.3205,1.2845,6.0349,0.9841,-9.5902,8.3226,9.8705,-9.2674,3.9969,-9.9783,6.9443,6.4965,-3.8721,4.4664,-7.2107,-3.3516,7.915,-8.6818,4.6713,-8.1333,6.5102,-1.9098,-9.2488,-4.3727,-5.4388,0.4231,0.3904,-8.699,3.3949,7.9601,-4.3192,5.4886,-7.1824,-6.8362,-4.9441,3.9055,-6.8025,8.6155,-1.4843,4.5729,8.0083,-9.4695,-1.4933,-5.8964,-6.5334,4.0622,7.877,-4.4349,4.2842,-4.0113,-9.0699,3.9783,8.2061,9.902,-7.6834,-1.5628,7.614,0.7834,-0.2857,1.8399,8.7706,7.5957,3.3381,-7.8531,6.2489,-5.8163,8.2522,-6.2616,2.3262,9.7676,-4.8246,4.5659,1.0325,-1.7886,0.185,2.1298
-6.7845,6.7153,5.0359,-5.1311,-2.8957,-3.5776,-9.3285,9.5886,-9.1092,0.9642,9.1689,7.7048,1.5403,-1.1124,-4.2717,-6.2766,3.8446,7.8454,0.6163,7.3476,-9.0567,-7.4961,-5.7012,-4.5473,-5.8655,3.1123,-2.6073,-9.9421,-9.6699,5.1929,9.7792,-4.4311,3.8323,-7.0118,7.4013,-7.7796,-6.6653,1.4713,6.8624,-4.1685,4.4617,-1.178,-5.3662,5.9772,3.0196,-5.4011,5.3043,-3.4765,-7.7655,-9.8379,4.4438,-7.907,2.8243,4.8418,6.9151,-3.8406,2.4851,6.3,-4.7443,9.0367,-5.997,5.3981,-8.2359,9.3856,3.4857,7.5242,2.5424,-0.7898,-1.7925,-9.0023,-9.8703,6.8425,0.9107,-5.2129,-1.1513,7.0511,7.2868,-2.9592,-3.0758,8.6108,9.1533,2.2111,-7.6714,3.3826,-5.0773,8.987,-0.1108,-4.1726,-5.2482,-5.2154,9.8147,-9.3827,-0.177,-9.4752,9.6129,-3.3596,-7.0337,-7.1237,3.4736,6.5629,2.2113,2.8623,2.7053,4.833,1.2632,6.7703,1.7677,-6.9438,7.7098,-7.7369,8.8726,-3.0906,7.826,-2.0781,-2.1072,-6.1548,2.366,2.3053,-8.3769,1.6271,-6.0221,5.1597,6.7373,-1.9628,7.4234,-3.2012,-1.9612,7.8499,8.3343,-0.2491,8.0554,-8.0168,2.4955,-9.2625,-9.8963,8.1509,-7.0332,-7.6318,-7.5792,7.2836,0.3801,8.0062,-2.4492,4.2345,8.9003,-9.1667,-3.1736,0.6425,-3.308,-0.7427,6.8481,5.4362,8.3041,0.1498,-7.0664,-3.5376,-9.2565,-5.7194,0.7029,0.9178,-3.3333,-8.695,0.0257,-0.6556,0.9525,6.7317,-8.9593,-6.3098,-3.566,9.8033,-2.9637,-5.1316,7.5249,5.5651,-5.6726,-9.7065,-6.7976,-8.7908,5.5236,2.6863,-7.7063,-6.0613,7.3163,5.3985,9.0696,-8.2585,2.6776,-8.8538,-7.4604,3.3269,6.8387,-0.7538,4.538,7.7548,0.1532,7.3061,9.2946,-1.3989,-5.883,-4.2231
-0.39,7.5963,8.1473,-7.7253,-7.3876,7.9835,7.8091,-7.6278,8.7645,5.1727,-0.4103,9.7284,-3.7693,3.7852,-8.9264,-6.1863,-9.0894,-4.8622,-8.1017,5.5117,7.7732,-7.319,-1.3876,-3.5636,-6.9009,-4.9801,-4.5287,3.6832,-9.1981,9.7629,0.7181,2.9706,7.8294,6.2223,-3.0121,4.5894,8.1442,-5.8618,-7.0675,-0.7565,-5.8537,3.2496,-7.4911,-5.4263,9.4069,-6.7003,9.4459,-6.5309,0.835,2.2225,-4.9738,-9.3691,-6.8491,8.4592,-1.8851,1.4235,-0.4337,8.5435,1.2608,-7.5765,1.7282,-8.1064,-2.7514,-7.3192,1.5739,-7.7997,4.028,0.3909,-7.5602,7.8716,-0.1595,-5.8205,0.3288,5.8922,-4.6388,-5.4475,-9.4115,-0.6404,-1.6137,0.409,6.8519,2.2613,-5.711,-5.0961,-6.1091,-0.2207,-9.3545,9.3154,1.7218,5.2113,0.8895,-4.1327,-4.6093,4.4527,-9.1094,2.9712,5.6661,4.941,-7.4964,-1.3542,7.6593,6.6237,0.8817,-1.2311,-6.7819,5.7296,-7.8926,-9.9327,3.4372,-9.7934,3.6831,-0.6022,-0.715,-5.1744,-4.3152,-7.0365,-1.075,-3.5718,-1.8543,-0.0183,5.1763,-4.2324,9.2732,3.2393,-9.6217,7.0901,7.9794,3.9139,-3.789,-9.0772,6.0676,-0.0872,8.0708,-0.205,-3.9343,6.7363,5.0851,3.3911,5.8095,-7.9981,-3.7634,9.2569,2.1473,5.9545,-6.2348,6.218,-0.9806,5.2711,-5.3545,-0.2609,-2.6461,-4.9921,8.7067,-9.9761,-4.1898,3.3606,3.1545,-7.6711,-9.9715,6.3686,6.6119,4.3478,9.1551,-4.2552,-1.1061,-8.9051,4.8235,-2.3997,-0.6577,3.6184,9.5841,1.411,0.9915,9.8596,3.0658,9.8968,9.3949,0.5331,2.7223,-4.994,-2.5713,-1.7015,-2.1069,4.3664,9.3419,0.4164,5.0436,3.64,-4.5474,5.4852,5.051,-4.7117,5.7792,-3.3103,1.1826,6.7056,-7.6389,-3.9664,4.9655,7.485
7.7483,3.0726,-3.0261,2.9871,-6.8657,-6.6306,-5.0666,-4.3136,-3.2957,8.7094,7.2551,-6.5978,-8.3334,-3.19,-0.9694,-3.9125,-0.321,5.4853,8.774,-7.3004,-6.819,5.664,-4.971,6.0706,5.8205,0.469,4.5309,8.8871,8.5822,-5.6338,-2.2972,-8.8672,-8.1904,7.3906,-6.0174,2.4578,9.0581,0.2298,-6.8404,-6.1188,6.4698,-2.4393,1.4419,-3.7084,-9.1244,-0.0626,7.8979,5.6481,-0.8107,0.7833,4.999,-4.1967,5.8655,-3.5662,-0.2741,3.1033,-2.0466,-1.5295,3.0738,7.2378,-1.6942,-0.0328,-2.2941,-6.4684,8.3883,9.1186,9.9527,-8.4818,3.6016,-2.6686,-7.3982,-3.6592,3.1809,2.7569,-8.5082,-0.3076,4.7406,1.9038,-2.7581,5.2308,-4.9845,8.2322,8.9944,4.9352,5.3123,7.0372,-2.4286,-4.4235,-2.5903,4.1088,8.5389,5.17,-8.2438,8.1855,-6.8151,-0.8347,-9.7947,-4.7595,-4.0295,-2.2764,7.7531,-8.3409,8.6802,9.1261,4.7267,-7.0668,-2.6689,8.8,-7.5728,-0.9225,-1.1691,-6.533,-4.5881,-7.7253,4.2985,-9.293,-1.4492,2.3705,-8.7814,7.9712,4.6269,7.6933,8.3146,0.1848,3.3723,-1.3569,9.3878,-1.7919,5.5476,5.5481,7.3204,8.1078,-6.864,-2.2666,-9.644,9.8427,3.4397,-0.2848,-9.3341,-3.4407,-5.8217,4.9243,-9.7087,9.3506,-6.0984,-9.2649,-2.3739,5.9103,-6.5251,1.3216,1.3969,7.2325,-0.3754,5.6652,4.9934,6.6537,9.9446,-8.7225,9.083,4.425,-5.6336,7.0187,7.7158,-8.4772,7.8,-7.2851,-7.5079,3.6212,-9.6926,4.667,7.0676,2.4611,5.4684,-3.9781,-0.4491,-3.8566,-3.9021,-1.4053,9.2365,-2.584,3.5548,-4.8036,-0.3463,8.3363,-8.5331,-1.384,7.3027,5.6592,-5.7846,-8.8978,8.1371,-3.8089,-3.3832,8.6583,5.8946,-3.1182,5.282,0.9039,-0.6119,4.4743
6.069,-0.7682,-0.3421,7.63,0.2484,-9.6831,1.0109,6.4482,-8.877,5.3448,-3.9422,-4.8772,-4.0674,-6.9877,-2.4076,-7.1714,5.8595,-9.417,1.8055,-4.0014,4.7796,9.2431,-3.3478,5.1875,-4.3364,6.4352,-0.6764,8.5939,-0.1109,-5.1655,5.1595,2.7181,-0.8198,-5.2677,-0.0325,-4.5772,-6.3903,8.0199,9.0725,2.1769,-4.3969,5.7479,-6.4733,9.915,8.1087,6.8198,5.7325,3.1945,-0.634,1.3808,8.6864,-3.8682,1.6481,-8.6775,-4.9219,6.7753,5.5056,1.4367,-4.8378,8.0537,9.5551,-4.3632,-9.4834,-7.7198,-2.9768,9.3752,5.4377,-5.5342,-8.1752,9.891,-3.9327,-5.9314,-2.8464,-0.4431,-5.9224,8.9227,9.6241,0.9818,-5.7279,-8.459,-3.5942,-5.5837,6.7507,1.3147,8.1125,6.765,-3.3457,-5.7655,1.2261,7.1836,-5.2702,-4.5858,0.442,9.7855,1.031,-2.8447,2.4311,-1.3358,3.3324,7.8623,6.2664,8.0107,9.8487,9.0196,-0.1698,-5.1492,-0.6889,-7.649,2.3387,4.0741,7.5206,-2.7962,-1.8228,8.9646,-6.97,9.2731,2.9107,3.5997,5.2363,4.4541,3.1692,-6.1479,8.2967,1.0238,-3.2126,-4.462,-3.5515,-8.083,-3.9564,-5.8095,9.8051,-7.9931,6.3093,8.0809,-7.2211,-6.6466,-8.9525,9.717,1.1861,-6.4566,-4.3733,-2.9936,3.5797,4.5035,-8.7917,-7.1142,-2.7346,-3.0132,0.1138,8.8901,7.3663,-4.3245,8.3797,-4.9413,-1.2767,-8.6608,7.3941,-5.7096,-5.3213,9.7696,-6.7522,3.9865,4.9853,7.9372,9.8836,4.6194,8.5595,3.7271,5.797,-4.2761,-1.9973,-8.219,-1.9992,-8.1235,8.275,5.3084,2.8502,6.2386,7.9012,-1.7322,-1.9357,-4.7363,-3.3835,-7.4941,4.7431,9.777,-9.848,5.9506,8.8849,7.0471,5.6272,-5.9309,-6.986,4.9792,-7.1068,-3.3372,-8.246,7.9909,-3.7599,-1.0832
-9.3858,-2.2166,0.4415,8.1388,2.2244,4.3124,-0.7071,-4.2023,6.3657,-1.8651,-6.5673,6.8452,4.4647,5.3987,-4.5792,-5.259,-8.0909,5.301,5.1355,-1.7182,-4.3484,3.4281,5.2999,-6.6697,-6.3486,-3.7118,-2.9521,1.1817,-3.1047,-9.6512,7.2902,6.9451,0.8233,1.677,9.4541,-9.1775,-0.7137,7.9198,8.0558,-6.209,6.2137,-5.5934,-9.1222,0.233,7.9387,-9.9733,-2.6492,-7.6167,-9.4125,9.6107,-3.5355,-8.2813,-4.5886,-6.0526,-0.242,7.122,-6.8521,-4.1088,4.9232,-8.8761,4.8744,4.6575,-6.6242,-0.0268,-3.6053,-0.2911,9.1309,7.663,3.6265,7.9804,5.0715,6.7172,0.9681,1.8954,3.275,-3.7043,2.8229,4.293,-2.227,-7.3361,-4.7638,-2.9748,7.4379,-5.067,1.4204,-3.8948,4.9912,9.5005,-3.9945,7.149,3.0326,-1.8643,-4.9744,-9.7284,5.2929,7.0053,3.6614,-0.9588,-1.0332,-5.1061,7.6437,4.5461,4.8864,5.6779,5.8098,-9.3757,-4.1991,7.1502,-1.045,-1.0846,5.5139,6.4806,7.2728,-2.168,-3.4563,7.216,-5.5728,3.1264,3.9632,2.7468,-6.644,3.0776,-8.5207,5.415,-4.4286,0.5313,-0.3796,8.0868,0.7417,6.6694,1.6866,7.4614,4.0449,-5.4424,-7.8396,-8.2887,2.6993,-1.5809,-9.6986,0.7067,7.7369,-9.2198,5.3258,9.6646,3.5921,-4.2073,7.3507,-5.6953,-6.1624,1.0801,-6.2547,-3.2287,8.9675,-7.6652,-0.3975,4.2522,9.6496,-0.5023,-4.2096,-9.0181,6.9226,4.9033,7.606,-8.5996,3.5936,-6.0544,0.8175,-5.2102,-6.1304,9.8031,-7.4498,2.6136,9.1413,-7.0932,-9.9784,-9.0873,6.5701,5.4254,4.7334,4.473,-3.0637,-8.9909,-0.1166,8.0583,-6.355,2.0023,-3.5355,4.7732,-3.483,-2.0973,-7.3779,-9.2463,4.3746,-5.5694,-9.3851,5.127,-6.5389,5.3772,-3.0027,2.0784
-4.5981,-2.8536,-9.0808,-4.0664,9.5235,-1.3233,-3.1162,-5.3886,-4.5126,-3.5695,8.3284,-4.692,1.0537,-2.921,-4.6942,0.6073,0.6915,7.5927,-0.329,-4.8469,-4.4199,-6.5819,9.8544,7.0886,-6.3402,-7.2118,0.1419,2.6166,0.7892,-1.5508,-1.807,4.1383,-3.8996,0.2826,4.5903,-7.76,8.942,9.8652,2.4221,3.4752,-4.0547,5.4856,7.2462,8.6523,-5.3632,-1.5564,-1.8579,-6.8017,6.4821,-5.5788,8.0419,-5.4434,5.861,2.4192,-5.5406,7.5454,2.9431,-3.8091,6.7121,7.312,-3.7248,6.6619,-1.6908,4.6222,9.5656,7.705,3.5163,-0.9578,2.171,1.1174,-6.9494,1.5412,-0.7814,-0.8791,4.767,-7.6051,2.8431,8.1884,-1.8974,-0.9422,9.8089,-9.6674,4.7246,0.0042,1.059,-9.026,1.9016,3.667,5.4526,-3.6897,4.4224,6.2298,9.2718,4.6604,5.3021,0.6777,-0.6161,-3.4229,-8.0198,8.179,-9.4529,-8.7945,-9.51,-8.3978,-9.4141,-6.8456,2.6974,6.1216,-9.2018,7.8125,-1.66,-2.3901,-0.1297,-0.9604,-0.1833,-8.0236,4.5736,-2.4686,-2.6735,-5.1863,0.1493,-4.3917,-9.2739,-9.8535,-2.7045,2.3433,3.9185,-8.6636,-4.0249,-1.0065,-3.857,-5.9655,-6.775,8.3202,-2.5187,-1.9456,5.9219,3.6438,1.3669,-2.5172,2.8576,9.7153,9.4833,5.5873,-2.4945,-7.4935,-3.7606,2.396,3.6565,-9.9203,5.643,7.3946,-8.579,5.2409,-4.2749,7.9558,-8.3229,-7.5161,-3.8965,-5.2717,1.8238,7.8408,6.6852,1.674,0.1805,5.2596,-9.0973,7.7401,3.9316,-1.974,2.6443,9.6507,8.991,0.0032,-7.7823,6.2234,-3.4564,3.4656,-0.4735,-3.9952,-8.879,-4.8792,6.5827,-8.3453,0.6095,-0.5298,-3.2817,-1.9358,5.3669,-1.1931,-3.938,-9.5271,-0.8512,1.8766,-6.45,9.1054,9.6905,6.58,1.615,2.5383
3.3169,-3.0992,-3.9176,-6.8532,-8.4559,-2.5772,-9.5969,9.6949,0.8991,-3.1726,3.8627,6.2778,-7.0442,-2.3621,-5.3595,-4.2693,-1.1846,8.9323,5.8147,7.6408,2.6527,-6.8984,-1.7956,-5.6278,-4.5101,5.4296,6.3155,6.1306,-6.9123,-4.5495,5.1387,-9.1504,-9.0454,-3.4928,2.1573,-2.874,-0.8437,-7.5107,-9.7207,-3.016,-5.0477,1.8353,-6.9787,5.4588,-2.3984,5.5388,5.0541,7.8829,5.0374,1.6726,3.0994,-5.6179,6.5708,-3.7065,-6.6844,-5.2075,-5.0522,-0.1555,9.0351,-4.6984,8.5341,-0.3937,-7.9799,2.3385,9.4093,5.4405,5.0152,-3.5641,4.0953,-4.639,-3.24,4.5994,7.2179,4.8129,-6.6154,9.6605,1.7654,-7.2024,-4.2639,5.0195,3.1495,8.7437,9.2667,-9.2046,2.7744,-6.1702,2.3636,5.3635,-1.5164,-7.3183,-3.5195,-5.0725,-3.9278,6.9931,-1.2791,1.5656,-1.1119,3.9925,-4.2871,6.8707,-2.0716,0.289,-1.8446,-2.2271,-1.8673,6.3527,8.4939,8.1297,4.4371,-7.8662,-8.7521,-2.9631,0.5,7.2424,7.9885,4.8626,8.4543,-2.6009,-5.3857,6.7253,-7.0879,-9.7625,0.0492,3.8247,9.5799,-6.7877,-9.2336,0.9313,8.8791,3.2618,5.6746,7.8631,0.2408,-6.4001,-5.1398,6.1689,-4.1718,9.2045,9.9535,2.0089,-4.5581,-4.0836,9.0613,-1.1424,9.347,-0.7602,-3.657,-9.0595,-2.7921,7.845,-9.1274,7.7133,6.0501,4.7734,-6.3799,-8.5116,6.5149,-4.384,-1.1784,-8.2965,1.6253,-5.4859,5.3634,2.7646,8.7187,-0.3588,-8.8373,-5.3541,-0.6917,3.9131,6.7781,-0.9258,-5.454,9.6945,-5.4923,-6.7505,-9.4651,-8.6462,-6.2236,5.43,8.4521,0.71,8.8269,-2.4854,-7.5399,-9.4212,-8.4756,2.5918,-9.8025,2.5111,1.5669,4.4557,-0.9215,8.9323,4.6909,-7.1138,-1.8158,6.4766,-9.0909,-9.5734
6.6164,8.3156,4.4936,-6.0787,-2.8801,-5.0553,-6.9471,0.7932,8.789,-5.3288,-2.8932,8.801,-7.4873,-6.4997,-6.1775,3.4785,4.874,2.1803,-9.3614,-4.1897,-2.0097,-8.2312,-6.7304,-0.2226,5.9581,-4.0411,0.2969,-2.5773,-4.0803,-4.6547,3.8791,-0.5859,-3.2412,9.6947,-2.1631,0.0513,-4.7046,6.2474,-2.0484,8.9582,-2.6802,-9.202,-2.0744,1.43,8.6412,-6.4893,-0.2564,-2.8184,-2.4108,-1.0422,-4.7765,-0.1422,-6.126,3.1176,4.556,0.7802,0.3942,-8.8853,-1.3632,-8.8248,-4.6757,-5.4049,6.8781,9.9302,1.0625,-9.4775,2.184,-6.7235,-1.8651,0.4615,-9.2484,-1.1202,-5.1572,-0.5984,9.0882,-4.8842,6.1747,4.9718,8.1575,-7.5661,0.3978,-0.2883,6.3652,-6.607,-9.3754,-1.672,6.8552,-9.7393,-7.0596,-9.2542,-0.3156,1.9174,-1.7508,-5.0904,-3.967,-8.6995,4.9284,-5.2895,8.5302,8.0525,0.7669,0.7438,-1.7786,3.6216,3.1375,6.0992,-1.4103,6.3793,0.0981,-8.9587,4.9954,6.7385,3.4954,-6.1469,-4.7882,1.3952,4.535,5.7395,-4.0836,9.7293,-2.1466,2.1192,6.817,-9.3661,6.7395,5.8117,-3.1784,-2.8096,2.1089,-8.8102,8.8685,-3.1598,-1.3855,2.2571,0.0162,5.4539,8.8903,-7.0446,-1.1557,-1.8391,2.8218,-4.4434,-1.1857,2.2807,3.5548,0.5633,4.959,-8.4228,-9.0404,5.9593,-2.549,3.4984,4.896,-6.6775,-7.7768,-4.8973,-9.172,4.766,-4.1811,3.8581,5.8768,-5.891,6.957,2.6969,-1.8896,-3.5384,-2.5858,-5.3448,9.0013,7.5753,8.2925,1.0886,5.2184,-9.5586,-3.1206,-5.2431,-9.0918,-3.6496,7.3003,9.1551,1.9222,2.4503,-9.9039,5.2041,-1.7263,-6.1037,-9.2885,-5.2668,2.881,3.1758,3.1846,3.9743,-7.6492,-1.5677,4.5741,-3.7194,-7.4341,-2.837,-7.482,1.3159
-6.3977,-1.7582,3.24,-6.5551,-3.1201,-1.0237,9.2083,2.7645,-4.4026,7.3037,-6.1692,6.7246,-2.6534,-2.6448,0.0903,9.6603,-4.5275,-9.1655,-2.7013,-3.0166,4.6021,6.388,-1.9623,7.8361,4.0841,1.955,3.9199,9.1241,-7.0241,5.3285,2.6033,5.7444,7.9261,4.469,-7.1785,-0.1445,-5.5214,-8.6802,-9.6741,-3.1859,2.4415,1.6186,1.392,9.8868,-1.0492,1.2588,2.1069,7.4913,8.9591,1.2543,3.17,-2.6754,-0.4131,6.0504,-5.7476,1.8836,-8.8381,0.5804,-5.7065,4.0863,3.3346,7.7193,-0.8447,2.7304,5.6539,-5.1725,8.1504,-4.3846,-9.818,-7.5135,1.0172,-4.1042,-3.5933,-8.4183,4.2274,-0.2415,2.9134,-3.8871,3.1663,8.6075,3.1832,-0.6542,2.2359,6.8029,7.7987,-6.1773,-0.0895,7.9312,-3.4913,-2.5477,-7.1941,2.7173,2.9962,8.2966,7.8937,6.8583,-0.9795,-5.6788,5.1224,-5.1043,5.7193,2.2453,-9.2141,1.3372,6.2383,5.1503,-8.6594,3.7777,-2.3424,8.8171,4.9789,7.2918,4.9801,-2.5528,1.1513,-3.5312,-9.4557,7.6552,-4.1697,-8.0602,-0.0462,-0.5313,0.3665,3.871,-3.5481,7.1892,-3.1732,-6.3993,-6.7337,0.922,-4.8622,4.324,0.1702,7.6199,9.1181,0.0684,-4.9907,5.5275,3.3526,-2.1897,6.7417,-5.6178,1.3951,5.0916,0.6036,-6.3221,2.3205,2.2859,-3.5772,-5.2223,2.092,-0.5737,4.2792,0.696,-2.3377,1.7735,2.7007,3.42,-8.7877,4.641,-5.5095,1.4537,-6.9016,-0.4556,-9.9651,4.5039,1.0239,-3.0859,8.5611,1.7599,-1.8862,-2.6612,-1.0361,-8.6365,5.0253,9.3561,3.1185,1.9291,4.4611,7.1586,4.1703,8.1507,-3.7999,-5.0839,7.7996,-5.5548,2.0675,-2.7611,-8.69,0.6379,3.5825,8.3897,8.3302,-2.8368,-8.9506,-4.7312,-7.5163,4.7691,8.115,-6.5939
-1.7807,1.7034,8.0118,3.3495,0.584,-5.542,-3.2643,4.1915,6.5431,-5.8091,-8.4942,6.8077,-1.3241,6.7016,5.6487,4.4066,-4.895,-8.5643,5.4921,7.0223,1.9169,0.0686,1.921,-0.0498,5.5318,-3.6607,-8.6034,-6.6085,7.0465,-3.5168,-1.0716,6.3757,4.7556,-8.1947,-2.2694,9.7715,-4.0889,6.9873,7.7289,6.1537,-2.8635,3.4802,-0.2866,-3.2281,1.2739,0.3272,-9.0716,-1.888,7.5014,-4.1675,-7.5989,-7.4964,7.9125,-6.4743,0.3687,-8.4859,8.3279,-7.8196,-6.1499,-0.4988,1.3436,-3.0545,-9.3346,-9.7123,4.8158,-0.2905,1.4752,-5.3736,-5.57,9.3233,-8.8078,1.8243,-4.5342,-6.9585,-8.8615,-2.8223,-9.875,-9.2614,1.1195,3.2831,8.8997,-9.0061,3.5104,7.1267,0.6798,3.857,-1.452,1.9529,3.0735,-7.5629,3.2071,-4.1517,8.9392,5.8893,3.0072,2.9409,-7.5672,7.3484,-7.6704,6.729,3.1135,3.0493,6.0566,-4.6648,-9.6862,-6.5677,2.2084,3.3712,8.4967,5.0186,4.9353,-1.2139,-6.8004,2.5082,-6.2959,8.0638,9.7137,7.0778,0.0608,-5.9036,8.6576,-5.197,-7.6761,0.2878,7.0829,5.7758,-8.2817,1.993,-7.4894,-7.0077,5.5899,-5.4199,9.5087,8.5969,9.9451,5.6025,-4.7467,8.3227,-8.8901,-5.7513,5.4145,0.0116,5.0771,-1.5343,5.7054,-6.2966,-8.933,7.7802,1.429,1.6967,5.4157,-3.389,-1.2021,-5.8581,-0.1999,9.5124,5.8923,-1.7923,-6.4972,9.1001,9.4724,2.5913,-2.8919,-0.6778,9.7578,9.8339,-3.3042,6.1721,7.292,-1.937,6.0523,7.9906,5.851,-9.2149,5.1341,-7.7528,9.1222,4.9405,-4.1181,-7.5677,-2.4828,-7.9684,9.6611,6.0105,-2.1839,2.4284,2.0095,5.3264,4.4892,5.9493,-9.805,0.0437,6.607,-4.6721,7.5139,-7.361,4.9549,0.8724,-0.3499,0.7754
-1.181,2.2432,-9.5581,4.1238,3.7274,-4.8872,-1.6265,6.862,7.3632,-3.0326,2.0826,-1.3713,5.7718,-1.3883,-8.4168,-9.8524,-7.5989,2.8365,4.6485,-2.4495,8.3493,7.1749,6.8176,-2.484,-9.6204,0.9836,-6.6564,-1.6074,3.0656,4.1643,-9.7335,4.3238,-6.0608,-4.0189,-2.0905,-1.9609,6.9637,4.9703,1.6575,4.6912,-0.9781,-8.9886,6.339,-3.3725,4.4862,-0.4663,-3.0638,3.8163,-3.3985,0.2219,3.873,0.8644,-5.7187,7.3496,7.3987,4.3404,6.3824,0.3088,-2.1968,-0.3643,1.7663,-1.671,-5.0579,-9.6768,-6.0591,-7.2222,5.3875,2.6227,6.2303,-4.5878,-3.7371,2.6174,-1.1053,-9.8372,4.4321,5.1275,-2.1768,-0.3719,3.7493,-7.9624,-4.142,-7.112,0.9792,3.4086,-6.6467,-9.4472,0.321,7.3093,-7.3784,5.0986,7.0577,4.9128,-0.5513,-7.911,4.4755,-7.5748,-8.3697,-3.7913,-7.8351,-2.75,-1.8273,-5.1219,-4.7175,-5.1773,3.9341,-6.7618,9.4729,-8.2545,5.7886,3.8519,1.7552,-7.9447,-4.2672,0.8783,4.1493,3.6183,-9.7103,0.0008,-3.513,0.5176,-2.2354,-0.6891,4.0649,5.8485,6.1595,-6.5099,-1.7743,-8.1943,-3.4973,-0.0957,-1.3949,4.5975,1.9625,7.452,-5.1045,6.085,-7.6433,-4.3651,-4.2715,7.3489,3.7414,3.42,-7.0551,0.9535,-8.169,2.7682,0.7861,1.703,-3.1797,-1.1711,-9.4493,5.2181,-3.7957,0.7924,7.7515,5.3944,2.8492,6.7883,-0.4585,7.7239,8.1361,-4.998,6.9827,0.9368,9.8973,8.0736,9.1507,-8.7358,-0.5389,6.449,-9.4064,4.5385,8.1548,3.177,-3.2494,3.1425,-2.4503,3.777,4.1168,2.5769,7.8132,-5.5335,7.9393,1.2752,1.8781,-9.6662,-8.7622,9.8892,8.2912,-4.0919,9.7166,6.2416,0.3676,-1.4963,-0.3125,-6.8702,-3.8898,-9.9031,8.4374,-5.194
9.3264,-4.9528,-5.2859,6.4048,-4.5853,-4.1628,-1.8715,2.4358,-3.0316,-3.0018,9.3543,0.4443,-4.5332,7.3257,0.998,-7.1363,-7.0627,1.1618,-3.9825,-1.6005,8.8416,-4.4444,0.6298,-0.7007,-3.8477,-8.244,-4.9368,-8.19,-0.6985,-6.0618,0.0958,6.6318,-1.1122,-1.2037,-6.4576,-4.2868,5.57,-4.7533,-9.1886,9.4625,7.0044,2.872,-1.8364,8.601,4.5616,-8.9517,-4.2803,9.5976,-2.5972,6.1094,8.0721,5.2728,-9.5985,-9.0406,6.779,-2.8346,4.6066,5.7478,6.0639,-6.8961,9.1033,-7.2642,-1.7321,-0.7669,9.8116,-6.9626,-6.2983,-9.099,-6.7808,6.5532,-4.8012,-2.4236,-1.4192,0.3258,0.738,2.2528,-3.4307,-6.7879,7.3802,3.8233,-9.848,-4.6759,2.185,5.9229,2.2373,8.9718,-3.202,7.1476,-9.3886,3.6285,-2.6315,-8.601,-6.0731,2.5265,8.351,7.6678,4.1982,-4.4691,4.2071,5.6744,4.7702,5.7979,-1.1567,-7.6988,-7.0742,7.0591,2.1434,-2.1931,3.3203,-6.1438,-6.9133,1.6533,9.3389,6.1564,-2.5583,-8.5002,-4.958,6.5605,-3.3505,-7.3441,-4.2254,-2.7016,-7.2663,-4.7736,0.2128,0.1655,2.8238,4.546,4.1433,-6.7508,-0.9768,8.5282,-9.8483,-2.3531,9.7456,-1.617,0.4181,-6.9728,2.8848,6.572,-3.4087,2.7949,-3.5552,9.1414,9.6837,-6.6881,4.0987,0.2943,-4.9955,-3.2931,-4.3543,-0.998,0.9048,3.9757,-2.4567,1.6172,8.7737,3.3905,9.0619,7.9219,9.6553,-9.527,-6.775,4.7977,-3.425,2.6931,4.8765,-5.58,-4.9573,3.5418,0.0925,3.6036,-3.0037,9.8979,-8.4242,-2.8877,0.0882,9.5622,-8.9072,-0.4172,4.7267,-9.4935,-0.4392,-0.7805,5.8928,9.7469,-4.1173,-9.4723,-9.4662,8.6157,-3.1205,-6.7836,4.8244,4.9517,-6.9405,-9.7249,5.3697,-3.8719,-9.7242,1.4439
-5.8395,-8.9011,2.7545,-8.1319,-9.63,-5.945,3.202,-7.5407,6.2102,7.1983,-3.6092,9.2386,-4.8942,-3.2236,9.2869,5.3252,-0.3568,-5.6742,4.97,-7.1964,-6.0136,0.7308,8.5236,3.7831,2.0814,-7.8923,7.5551,-4.9865,3.0538,1.9296,8.8602,-5.4511,5.6565,-4.1495,-7.1873,5.472,-7.6368,-0.7079,-0.6527,3.2319,-5.9201,7.2572,-5.585,-3.1783,-1.4565,8.3268,2.8411,-1.6704,-3.8206,1.7196,0.4939,-2.3131,2.5716,4.9617,-6.0499,5.3157,0.4169,-1.6402,-9.6295,8.2294,-5.0984,6.1583,1.5106,3.7057,1.0145,-0.9143,-9.8672,-2.7344,3.5826,4.1382,0.4952,-5.0773,8.6921,5.5331,-3.237,8.3821,-7.143,-7.183,1.8578,6.4931,1.4729,-2.4081,-8.3203,-8.167,-3.4574,-1.1427,3.8272,-7.1195,-1.4943,-2.4418,-0.9068,-9.7214,0.553,-1.5859,-6.5669,6.9185,-7.8126,-9.9369,7.7357,3.6602,-9.3615,-4.7565,-0.8132,-1.9723,-2.7538,-4.8311,7.1926,0.4165,2.9314,0.8307,5.8688,7.0152,9.1793,-1.0803,-6.058,-0.3694,3.0033,4.2419,1.7629,-9.0556,4.0552,1.8235,2.0172,-4.1007,8.3213,3.587,-4.625,1.0588,4.5189,6.0388,-9.8746,-5.152,-3.9641,8.0217,-7.3773,4.9879,-8.307,9.3396,-2.566,8.2508,9.2377,-7.3676,4.7118,-8.8667,0.6148,0.0612,0.1281,3.4145,7.958,0.6784,-9.5545,4.1236,-5.9221,-6.6718,7.0654,-7.072,-3.0647,0.315,8.0632,4.7927,8.0297,-2.4606,0.366,5.7398,-5.9122,-0.9823,-3.9214,9.3922,-7.7331,-6.5558,3.0743,4.0791,-4.3031,4.0314,4.8936,-2.4319,9.2203,-4.3093,2.7454,-4.9784,-5.4685,-2.5258,8.5103,-4.5922,6.3651,9.0746,3.3122,-3.3574,-8.1051,-2.6675,-3.7381,-5.9613,3.7736,-8.069,8.1854,6.1218,1.9439,6.9225,-3.8913,3.188
-6.7136,5.9103,0.1696,4.3386,7.5745,5.5943,-0.8138,5.5394,-8.8929,8.4988,-2.6912,-1.1623,-9.3732,3.4077,-0.203,8.8587,1.4549,1.3222,2.1051,-7.7564,-2.4255,-3.2677,6.7396,-5.6645,-6.8402,1.9175,1.1051,-2.0673,3.6053,-5.3406,-4.3125,8.6954,-5.658,-8.1934,1.0242,-2.8504,0.8238,-5.8817,9.8151,0.5485,-0.3158,-0.7166,-9.5394,-7.5511,6.8254,-0.5164,0.5012,7.6439,8.6292,-8.7524,4.5318,-1.674,-8.9736,-4.3254,0.2772,-2.0078,-7.7322,9.114,3.8965,-6.9607,-5.4656,5.313,4.6586,0.6269,6.004,-4.1087,-4.4461,-2.0983,2.4265,-6.1069,-6.2144,7.1071,-4.1048,-8.7857,-5.5831,-6.7076,4.4866,-8.2435,1.4638,7.3092,3.6318,3.1152,-8.977,-0.1341,3.5646,-3.3729,-5.9482,8.4328,-4.8163,7.5788,0.484,-3.4292,-6.5705,4.2076,7.937,6.7757,3.1305,-3.6724,4.1747,3.9727,-5.1921,1.8942,0.3201,-7.4324,5.7602,0.3231,2.995,2.9008,-1.9179,9.7173,-4.4757,9.0998,-5.4651,-9.4042,1.2425,2.8268,-9.7709,7.413,-9.5744,3.3058,-7.5003,1.2682,-9.1364,-4.7606,2.4662,-2.7034,0.2291,7.6065,-0.4834,-2.3091,-3.5274,3.9894,3.9722,-1.6251,-8.0579,6.0144,6.5256,3.4573,5.7734,-5.4528,-2.2997,-9.7111,-7.0629,-2.0941,8.5967,9.3009,3.8866,-1.5841,-3.2871,-5.7178,-0.7061,-2.2721,-1.7761,4.6705,-0.7114,6.2924,1.7121,-4.227,-8.0795,2.9491,4.0895,-7.4163,9.3432,-7.5556,-1.0644,-8.8606,-2.5688,1.3399,-2.5158,9.0797,9.0522,-0.737,-1.3844,7.7092,-5.8648,-8.5474,-8.4275,-0.1625,-4.8059,6.2965,3.1426,-2.8137,-4.1734,-2.0622,-1.0163,-5.7575,8.0403,-6.4684,-1.5269,5.5635,5.4541,-9.9853,5.094,0.7338,-7.9405,6.437,-3.6997,0.4908,3.1179,3.13
-6.7578,1.0524,2.6794,-2.3167,-4.5701,4.5487,4.9544,0.841,-2.2206,-7.1163,-4.3517,4.3599,-3.3285,-8.0203,5.8585,-2.458,-4.6778,9.1915,2.9862,3.6455,9.2853,-8.9479,-4.2848,-2.4816,-1.6363,-7.5206,-1.8094,6.7434,-8.7933,-2.1496,-0.0622,-7.4607,6.3602,9.8613,5.5028,5.1639,9.6612,2.7843,-0.3011,-5.1248,5.2872,-1.9289,6.761,8.3043,8.5042,5.9931,5.0636,4.3736,2.785,7.7626,-3.1922,2.3187,6.8723,0.7966,-5.5303,-8.0909,-9.9445,3.2011,3.1554,-1.4995,-6.1531,1.5764,5.2331,3.5584,-1.542,-6.7895,-7.8737,3.136,7.0401,6.5992,7.4677,-3.1275,-6.6952,-7.808,-4.2705,0.0656,-5.0598,6.0176,-9.9296,-9.4888,-7.3476,-4.3801,4.6522,-0.105,0.5995,-5.2085,6.5436,9.3989,9.2463,3.8142,7.9424,3.283,-9.4391,-1.2118,-3.7152,0.2333,-2.8785,4.3478,-9.4289,-8.2931,-4.3334,5.5868,-1.4782,0.9035,8.8328,-3.058,8.7214,1.8648,4.6351,3.1208,-8.1431,-7.3157,-0.1546,2.5534,-2.8754,5.8807,-9.4507,-6.8155,0.2687,-9.6317,-8.0104,0.2081,8.0283,-7.1099,-9.0909,-2.2463,3.3865,5.9366,-4.0789,-9.5995,9.1752,1.7012,2.572,0.8668,3.0915,-4.0123,6.7778,-2.3658,-6.3544,1.2297,3.5066,-2.8539,-4.3051,-8.716,4.4785,-6.9192,-7.2058,-8.6987,-9.4069,-1.2217,-3.9414,6.2025,2.6123,4.7559,-6.6046,-7.6956,-1.3936,0.6646,-4.9364,5.5132,-5.1168,1.1436,2.4917,1.8115,6.7906,1.8222,7.6144,0.9283,-4.9822,6.8911,-8.1419,8.4242,-6.7758,4.529,-3.3034,1.2355,5.4775,5.7747,-7.5701,1.4683,-8.5615,-2.3765,3.6054,-0.6123,1.6012,-2.3816,6.3613,7.1287,-8.9991,2.0687,-2.9803,5.2249,4.9479,-6.0743,-2.8334,7.965,-9.7037,-7.6313,-7.3434,8.9477
-6.7652,-1.0409,-2.129,2.8609,9.9391,-5.7185,5.5661,3.1894,1.3497,-0.3108,-9.2804,-6.0059,9.796,2.607,-5.9845,-1.763,2.8236,-2.1116,-6.4285,-1.1545,6.603,7.9738,7.643,5.2928,-6.1076,-9.988,3.9851,8.3569,-9.2884,-6.7111,5.8099,9.33,-6.2531,-4.5321,-0.1932,1.2575,0.5453,-4.8628,-5.0932,-3.8325,-4.6096,-4.0152,-1.1761,-4.1982,3.8865,-3.8912,1.8893,-6.6734,1.0927,-7.3462,3.8405,-2.809,-5.1298,4.954,3.6723,6.3353,8.3091,4.4483,-6.1453,7.7515,-5.2483,2.6493,-1.0597,5.9924,6.7656,3.98,-2.1214,6.8164,-4.4312,-2.0981,-4.1262,7.6242,-3.9431,5.2954,2.6888,3.2245,2.5981,2.5407,-7.0916,-9.2508,-1.8256,2.0978,-0.6955,-4.769,-8.8486,-6.4521,6.1189,7.1345,-8.8542,-7.7636,3.9962,5.3846,9.6866,0.4271,1.4502,0.2988,5.5671,7.9251,-2.2038,8.4565,-2.0607,-1.27,-3.7257,4.1682,6.6776,5.4171,5.9631,0.7824,6.1014,-5.5649,-2.0378,-2.3951,6.0248,3.0845,-8.6985,-3.7031,-1.1118,-9.6822,-0.7715,0.0707,-7.7833,2.0333,3.3294,-6.8463,-9.2028,8.8124,7.5326,-2.9732,4.364,0.5386,0.7609,2.0802,-4.8207,-9.6526,2.3444,9.15,1.3254,-6.1317,-6.8897,-7.0374,-4.1935,-8.2648,8.7951,-0.4307,1.0732,1.7345,-5.1567,3.1158,-4.1579,5.9468,-0.6451,2.5675,1.6139,-3.697,-1.4195,-6.8243,-1.3764,-1.0857,-4.7925,5.863,-9.0074,-1.7642,-7.1275,-6.5458,8.7357,0.6086,1.1165,6.6351,-4.2792,1.9968,8.5181,7.8485,6.1302,-5.06,-0.0831,-2.8249,2.675,-3.092,-8.0378,9.3933,3.587,0.0116,-7.7055,9.3636,2.9899,7.1824,6.1165,1.1517,-9.08,-0.1652,1.0085,3.467,-1.3169,-1.0414,-0.6751,-6.3332,-4.9065,-4.8595,-3.3514,-3.0073
5.7285,-9.6538,1.2123,-1.538,3.7231,3.6655,2.3396,5.5796,0.932,1.4037,1.7993,8.7338,4.0397,-9.2763,-4.9634,-3.2813,-6.4855,-2.5355,-6.7575,-1.051,7.8857,-6.8016,7.0536,-5.0586,8.1323,-7.9705,1.712,1.1548,-1.481,-3.2781,0.7543,-1.6569,-7.2062,4.9132,-9.2159,9.7472,-4.2122,2.6839,6.0062,8.2834,-8.1924,-7.9821,9.2761,1.5819,-4.6832,-5.9852,1.1393,-0.137,5.5844,-1.6491,7.0603,3.6798,-8.7277,4.2791,2.2875,-9.8333,1.3823,3.543,3.2271,-6.9307,-9.8058,5.653,5.1077,6.7835,7.5144,1.2407,-0.3407,-2.3135,-0.9728,-7.2198,2.8554,0.755,-7.2387,4.889,-4.5863,7.9339,6.1073,0.4272,-4.7171,-2.7124,8.3634,-9.936,5.821,1.8467,-9.5136,8.497,7.5947,7.8626,-7.5447,7.7769,-9.5954,7.6531,6.7909,1.192,2.4178,-3.8666,-5.0058,-3.7764,6.4117,-5.0458,-2.9664,9.2532,-7.9572,8.3608,8.956,-7.9002,-0.8926,-9.32,-1.6366,-1.4395,-3.4792,-4.6875,-7.8637,7.3288,-2.1377,-6.8551,-1.7224,-0.3213,-4.3429,3.8869,-1.5407,7.7274,-2.6097,3.1414,4.3292,-8.263,3.5724,-2.6364,5.5267,-1.2197,-0.2814,2.6074,-0.0905,-2.7916,1.6611,9.001,6.6602,-3.2962,-9.4531,4.8524,9.7036,9.8423,8.6035,-2.659,-9.1443,-5.974,7.9437,2.557,-0.2227,2.5688,2.5495,-0.08,3.8382,3.6921,-4.0753,3.9526,3.998,1.672,2.1343,9.6187,-1.3336,2.0269,5.9763,-3.1958,1.5499,6.5255,-7.0844,5.9988,2.4991,9.8261,8.3323,5.5122,-1.5907,0.7583,2.3099,8.2986,-5.3833,8.2043,9.5577,-5.6427,2.5085,-6.1642,6.4531,-4.4089,0.411,1.8571,1.573,6.8466,6.5602,4.0503,-1.5849,-9.6014,-7.0542,-3.8201,1.6195,8.7787,8.0749,9.9202,6.8292,-8.4594
5.2769,1.5295,6.247,-3.9472,5.9064,-6.1937,-0.7367,-6.7038,-3.3443,-6.0925,6.1972,5.8395,-1.3319,-4.9314,-6.9989,9.8955,2.6266,1.4314,-9.1518,-7.9246,9.5498,-2.763,5.5662,-2.4407,-3.3144,1.2647,-7.4395,3.7162,-4.1166,-2.3032,-4.312,-5.4564,3.7339,1.4809,0.6568,-4.7725,-9.9045,-4.7253,7.4072,3.0862,1.0363,1.8181,1.6347,4.7839,9.0062,4.7489,-4.2144,6.9503,2.6561,-1.8138,5.6033,-3.5197,-7.2162,-4.251,2.8521,9.2287,3.02,2.414,3.1972,0.9455,-6.0578,-6.6786,-8.2149,1.7236,5.7313,-9.5716,9.445,7.6643,-5.5961,9.7082,8.0734,-4.7561,8.6433,0.1027,-5.689,9.7423,-4.3686,4.0022,3.4499,3.8401,-4.673,9.6887,-4.7752,-2.6392,5.0701,-3.705,3.475,-0.8529,-3.4797,-3.413,9.7862,-8.5327,-4.8191,-7.5596,-1.2831,-3.7754,-1.748,6.5052,-2.2392,-9.5264,-6.7562,5.9709,-8.7604,-9.1112,3.9375,8.1078,-2.8992,3.9107,2.6201,3.2062,9.846,9.3008,-0.0082,-6.0003,1.6118,8.4923,8.1257,-9.7608,2.6645,-9.8363,-3.7969,-2.3633,-6.4897,8.441,-5.9881,3.0992,9.8371,6.1893,1.5419,-4.1832,2.3819,6.3332,-4.4282,7.435,6.7229,-1.5944,-7.9413,6.2157,-2.2994,8.1726,6.5636,-8.9872,-3.7579,5.7938,-9.9319,-2.1331,6.4125,2.2904,-9.1607,-0.9822,-2.1997,-1.3394,1.6519,0.5981,-2.6845,-4.6975,-3.4571,-9.0201,9.4476,9.2246,-2.4824,-8.2095,-2.6938,7.3298,7.5683,7.8393,-6.1112,7.6831,-7.0039,2.9561,-2.6477,-9.3537,2.9409,-6.3832,-5.3376,-0.9709,-4.0173,-3.8477,1.204,8.9374,-9.5055,-0.7873,-4.2744,6.4277,5.3307,-5.6255,-4.9113,9.5871,9.4297,-7.9426,-5.7946,9.1527,-9.1465,-6.5875,-4.7052,-9.4232,-6.2655,1.6529,-3.2959,-3.7245
4.906,-5.6829,-0.6305,-6.2671,1.2692,7.3617,2.541,5.6376,-2.7812,-2.761,-1.3036,-6.336,-6.5177,0.7561,3.6803,-2.0071,3.1963,0.4992,0.4008,-3.7177,9.4076,8.2584,-4.4411,0.4104,-2.5121,-1.1109,8.7615,4.5171,8.9177,9.2039,-9.326,-2.7365,7.6675,0.0544,-4.2995,-3.4381,-6.5606,-3.6987,0.739,1.9132,1.5022,-6.7685,-1.1206,-4.1836,-1.897,-7.3599,3.6634,5.3319,-5.2571,-3.4904,-5.0306,2.9275,4.0536,7.7591,4.0639,-4.022,-0.4171,3.3268,-9.0245,-4.4594,8.1899,-5.6896,-5.692,1.4046,9.4478,1.3489,8.7255,-2.4625,7.4833,0.1324,4.8999,8.9035,-4.7506,-0.9025,9.116,-2.3276,-0.4843,-9.5612,4.7193,-6.2009,6.1236,-7.5976,8.2654,2.1473,0.8209,-6.9851,-8.9229,7.226,8.1823,-2.1646,8.3084,-2.1045,9.0073,7.0383,9.7192,2.055,-3.0003,2.1661,4.6552,5.4089,-7.8099,2.2926,0.0488,-4.7815,-4.3419,2.8929,-4.4419,-7.9147,1.8776,-0.1138,-8.0339,1.9785,1.9574,-5.9235,5.9458,-6.6257,5.2351,-8.5767,2.4453,7.416,0.1026,-4.8372,6.3839,-4.2077,-1.4354,-7.657,0.2276,7.1913,0.2483,5.7132,-6.9288,6.8705,-2.5795,-1.143,-7.9562,5.4945,1.8009,4.1785,6.6159,-8.5416,-3.1236,6.1478,-3.9805,-9.915,-4.3287,4.3231,-9.3898,3.4459,-1.6271,-4.1373,-0.0497,-5.3782,4.428,-0.4171,4.7439,4.6445,-8.9915,-6.1378,9.7137,2.1748,0.1542,4.1104,-9.3316,-7.1194,-2.0319,2.2478,8.9671,3.1624,6.7697,8.2718,3.852,-2.1254,8.3672,0.9162,1.2899,4.0655,-2.3072,-5.643,-6.7901,-0.6244,0.0766,7.3967,8.1892,-2.5308,3.2256,1.1711,-9.6784,1.5482,0.4125,-6.8967,-0.7663,-4.2592,4.7454,-4.2505,-2.8629,1.5614,-0.8479,3.8277,-9.5284,7.1851
-8.3986,-0.5468,7.1507,7.4364,6.1178,-9.4051,-0.6336,-6.8667,8.9638,5.1061,-8.0787,-1.1771,-8.9312,-8.2315,-2.9571,5.2513,-4.2094,-5.7247,3.9749,1.8971,6.7739,8.2303,0.9239,-6.8717,1.1026,1.508,4.2206,1.3568,-1.921,-2.2021,-6.0727,2.8904,7.4048,-1.7763,-8.5877,1.4259,-8.8844,-4.2616,7.351,-7.9084,9.5494,-9.7332,-9.1385,6.2863,-6.8943,-5.8025,6.0321,6.0057,3.4523,-7.0763,-2.2668,1.1925,0.356,-5.6661,4.1039,-2.1415,-3.5104,9.114,-7.6768,-3.3345,7.4602,4.5223,3.9168,8.3511,-3.4715,-2.2972,-5.4723,-3.9619,4.3517,7.0867,7.9386,4.3825,-5.9423,-9.9038,-3.1068,-4.5913,1.3817,0.0813,3.2499,0.5548,9.5417,-2.9281,3.5407,-2.5328,-2.6326,2.5881,-9.5081,-4.5665,-6.3077,5.1116,-9.0921,8.7395,9.4188,4.6544,0.9021,9.5084,-6.3583,7.2682,-4.4794,1.7246,0.5151,1.8522,-1.6057,7.8208,-8.6468,-6.5402,-3.3965,-5.9312,-2.2433,5.2784,5.2322,-5.1737,6.7148,-0.6549,-8.9522,2.734,5.2712,-2.5245,-2.8924,-8.1373,-3.617,9.1996,-9.9671,-4.3324,8.3641,-8.5374,-9.3674,6.2128,4.6429,-6.8735,-4.0635,-6.413,2.946,1.4813,7.5362,-2.475,2.3369,8.8585,3.4897,8.5429,-5.1723,2.1629,7.8158,-6.0868,0.0172,-4.2021,-0.1009,7.075,-4.3157,-6.7346,-4.3087,3.3195,1.0116,5.34,3.7069,-1.5152,9.9328,0.4686,8.8487,-2.6806,5.7329,-4.7845,3.8783,5.8205,0.8753,-1.3337,3.5295,5.6231,8.6287,5.0065,5.9417,8.8722,-5.4959,4.1403,7.5369,-7.1829,-9.5761,5.9138,2.8753,6.1818,-5.5516,-7.3441,-0.9683,8.6228,-4.634,5.6693,-4.745,2.9765,8.8887,7.9277,3.7127,-2.5493,-4.998,-6.8918,-6.908,1.941,-3.034,-6.5795,9.1081,0.1207
6.046,-2.3829,9.2695,6.1464,7.5134,-4.8214,2.5655,6.1697,-2.7662,7.8905,4.1255,1.6441,1.2036,-6.3715,2.5271,-0.4818,4.2415,-3.8573,-9.9397,4.3895,5.5547,-2.994,-4.6203,-7.6653,4.8584,7.7045,2.8586,-1.5662,0.5908,4.1439,-2.6677,6.9338,8.8553,-3.3287,-5.9236,-6.9844,-0.9207,5.6539,8.6626,6.2104,2.8082,-6.9801,9.7358,6.7029,9.6116,6.8226,-3.6763,-7.5532,5.4359,4.3244,-9.8208,4.3217,4.9456,-5.4739,-5.9767,9.8973,-3.6513,-3.032,6.3298,1.4885,-5.1484,-5.0472,2.7912,-9.9279,-1.8241,-0.1153,6.9289,-2.2947,-1.415,-2.5421,5.0746,-0.3441,6.5653,9.1578,7.5019,8.1746,-5.1963,-1.7174,3.2667,-6.3134,5.3469,2.9608,-1.1552,8.7178,-5.9981,-5.4549,-1.7518,2.9837,2.8555,6.2049,-4.8833,9.8456,-5.1128,8.5105,3.7211,7.334,-2.771,-9.5496,-3.2355,4.5706,4.9953,4.5866,5.6982,-4.0318,8.9778,0.0474,3.3344,1.769,8.6895,-4.6797,0.1197,-5.1988,9.484,-2.1614,7.7,-9.6328,1.988,7.0368,-7.1451,-3.1181,3.7345,-8.6846,5.9457,-8.4922,1.5038,-5.3535,1.1482,-1.7525,9.5319,8.1147,-4.0965,-5.2643,-4.796,9.2676,0.0592,4.4656,-9.4456,8.1027,5.5194,-2.4978,-9.254,-5.619,-1.2958,9.724,-1.002,-5.7129,4.814,4.2514,-3.3439,8.3172,2.3518,7.9767,-9.071,-9.4074,4.3328,6.1254,-4.1968,-3.2893,6.5955,4.0669,-0.7857,2.7463,-3.0159,-6.5633,7.6688,-9.8867,2.984,7.7385,9.4167,-6.5415,5.0334,-5.6454,9.0753,-7.3406,9.9732,-7.0881,5.4341,-9.8053,5.734,5.5348,-9.7486,-5.3283,6.4178,8.4297,-8.0058,-0.8266,2.7794,8.4322,-9.2041,-0.2722,-8.5759,-8.5602,3.5474,5.5711,2.2459,-5.6517,-8.1412,-3.1954,2.0147,3.6855
-4.8086,-5.6127,-7.4816,-1.3029,-1.3288,9.0099,-6.3658,-8.9662,4.8296,8.4928,-7.5773,-0.7976,9.4831,-5.1253,2.2939,5.3479,6.4632,-9.2692,7.6207,9.5827,5.2472,-4.6997,-6.6547,5.3294,-0.2581,-0.0102,-5.5524,-8.6959,-5.236,-7.4704,4.7862,8.5304,-7.8281,-3.719,-9.0021,3.0905,-6.3712,-4.7405,-3.0217,1.4208,1.4545,7.8105,4.9772,-2.2204,5.6737,-8.9434,-3.2371,-2.1931,1.3729,1.2603,-7.7842,8.421,-4.5776,0.119,7.6529,-7.645,4.3466,-3.4576,-7.2897,7.8508,-1.7446,2.7101,1.2333,4.8828,-6.3905,-6.2547,2.9995,-8.7884,9.3128,-8.3308,-3.5603,3.3711,-5.1958,7.181,-5.9507,-8.3347,5.2954,-9.6099,-6.2657,-5.9396,9.7239,-8.8782,-8.876,-5.1838,5.5435,-8.5199,-2.9907,7.4589,4.1529,-5.307,1.7181,-3.9517,5.602,-6.9972,6.1827,-2.4243,1.8623,1.0188,-0.0162,-2.7908,5.3867,2.7384,0.5037,0.9682,-8.7573,-9.2524,-9.4322,2.9151,-7.6038,1.8464,-7.6486,-3.4658,-1.3845,8.9341,4.3339,-5.772,-3.1457,5.6765,2.5334,-5.5109,-4.789,7.7777,2.0911,-4.6734,7.0088,-6.4703,2.724,-2.6728,-8.3345,-3.3739,-2.4465,3.7446,-4.5231,-5.3738,4.2214,-2.5804,3.3728,6.179,9.6796,-6.8527,1.0928,-7.2831,-0.4545,-7.9633,8.7821,-0.7577,-8.2995,-3.6087,8.3313,-0.1522,9.5193,-5.4569,-8.488,-3.8528,3.9819,-9.2535,5.1125,9.4813,-3.2272,-6.1595,-4.6032,-2.8524,-8.5092,-2.8746,7.9064,9.7922,-8.9302,1.0889,-0.3878,8.2579,-6.6486,5.6044,0.8369,-9.1064,2.9025,-5.5194,1.7918,-7.571,-8.7745,-1.3566,-9.1852,1.1302,3.201,-1.4962,9.7739,-4.4405,7.8853,6.6399,-7.6968,-6.8783,2.9015,-1.0565,-5.919,-1.6135,-7.3433,-1.503,-3.0183,-7.5731,-5.5829,2.0237
-4.8454,-1.731,1.2562,3.8929,-1.5785,0.3121,0.1128,7.4014,-9.3983,-5.5382,0.774,0.3202,4.7686,5.9068,3.9367,9.8698,-1.4193,3.9224,2.8444,-6.8081,-0.0719,6.3984,-9.5336,7.177,-6.6325,-0.2314,1.3796,-1.5277,2.9909,-9.0934,1.7183,-1.5732,-2.8395,5.2133,4.4587,-9.1713,-8.8976,-8.9542,-7.8092,-4.1051,2.173,-3.5012,-2.6574,9.4486,9.3541,8.2263,5.3527,3.3953,5.6544,5.5631,-0.2598,7.4427,8.7235,1.0431,4.731,5.105,0.8059,-1.0079,9.2134,7.4914,4.4339,-6.6033,-7.9644,-1.7173,5.2018,-8.0828,-9.0909,-0.8584,4.4778,7.3196,0.0505,3.8733,4.4474,-5.7327,6.9365,-9.7067,-8.3655,2.1217,4.2805,-7.2274,-5.2216,4.6166,7.4818,-6.8617,-2.1607,-5.6778,-7.5285,5.8106,9.5273,0.2149,-3.7335,-6.7442,-4.8059,-4.2974,-3.8935,-4.7282,-7.1883,-3.1308,-8.2074,2.0912,5.4365,-8.2938,-0.382,8.4483,-0.838,2.276,-8.8122,4.3206,-4.4264,0.3561,-3.1366,4.9228,0.29,-3.6522,5.5191,-8.434,6.1685,-4.6997,6.0839,5.3169,-7.9773,-8.4631,-5.5533,7.0669,-7.2534,-2.6873,-9.4319,9.1624,8.0986,-2.1357,-2.4738,9.9789,4.3013,6.9957,-1.9227,-4.5328,3.993,6.1708,-7.1904,-6.0992,8.5713,8.9064,8.8039,-3.3033,-2.2318,-9.6257,7.9309,-8.6593,4.328,-8.8826,9.0542,-0.1849,7.1704,-4.5679,6.9208,6.2709,-6.211,1.8385,6.8518,-5.2723,-6.3938,0.9419,-9.774,4.3427,-5.1071,9.9449,4.5454,7.5656,-5.1854,-9.3461,-8.3595,0.3414,-5.9144,-4.6901,1.9773,-7.3345,8.1691,4.0429,-7.4123,-6.1066,0.1944,1.7272,-4.7198,9.7868,0.5079,7.5485,2.6185,8.7219,-5.65,8.6038,1.6502,-3.2459,-8.8794,3.3626,2.2944,-9.9029,-2.2967,6.6351,1.2801,-5.9167
9.4811,7.1307,8.3005,-7.069,5.4591,2.7219,4.1946,-9.2786,-1.0766,-3.3308,-5.1775,-2.2899,-0.1319,5.3906,1.3626,-2.1065,5.6044,6.2801,-2.5823,-3.9556,6.8347,-8.1972,2.0891,1.5649,0.1583,-7.0931,-3.3565,-3.2177,-3.5317,4.6878,-9.4912,-9.0006,-1.1356,-8.0011,6.3048,2.8727,-3.671,4.4768,8.7104,-6.0409,-7.9921,-8.2544,6.5366,-9.5525,-4.6553,-1.6771,-3.8038,4.2457,4.0054,-0.7521,6.5774,-0.5007,-7.5095,2.7187,-1.21,-2.0704,7.3843,4.8124,-8.7166,-8.1122,6.6973,-1.2549,3.9023,-9.3149,-0.0074,6.7065,3.8644,4.1987,-1.5487,6.6288,-7.2261,-6.0113,3.122,8.2959,-7.4177,-4.9103,8.0265,-8.3538,-2.0493,-8.1712,7.6576,-2.4157,-2.0954,-8.2293,-2.9561,-4.1846,-5.7782,2.5432,2.4417,-3.8078,0.0943,9.9205,-4.3779,-0.7234,8.0623,2.4525,-8.579,-4.6168,-9.3241,-1.4796,0.8375,4.9575,-5.8831,-8.1388,2.6765,6.7817,1.5788,0.3412,8.6027,7.6135,7.5048,-1.3274,-8.591,5.3379,-0.1963,0.6841,-2.7674,-6.8723,-9.3369,-7.7265,2.5609,-4.2173,5.8025,-2.0897,-0.7715,-1.868,8.3578,0.1829,-9.2674,-6.9757,-5.6639,4.8683,-5.782,1.8664,9.2219,5.5245,2.2447,2.9868,0.8007,-8.3841,8.0769,0.1192,4.3634,-2.3429,-6.3144,9.0607,1.5225,2.8543,0.2209,0.1635,2.8571,1.4703,8.566,-5.7582,-6.0642,6.6893,-0.2918,-1.7839,-4.8041,-8.4744,8.7089,8.3175,6.7205,-8.6326,-6.0431,4.4555,-4.6791,-2.1857,1.1208,8.6483,3.3723,-6.0834,9.9121,3.871,5.5098,-0.0509,-4.7287,4.3762,7.4973,6.3471,-5.31,-2.0823,9.7762,7.5166,-2.9675,-9.7432,8.4047,5.1656,-0.8096,-0.5486,8.9037,2.1502,9.8562,4.7652,5.8177,-8.4233,-7.0505,-4.3527,-9.7978,-8.9351
-8.4131,9.1424,5.6838,1.301,-8.5551,-7.5501,-3.3351,5.0806,-9.0686,3.1394,5.103,-5.0297,-0.2786,-7.1728,3.6648,4.3242,-9.9414,8.232,-9.7802,-8.6923,6.7534,9.362,-1.9853,8.246,3.7,3.5293,9.4406,5.2907,-3.9626,-4.048,-5.9762,-8.662,4.2253,-0.4948,-7.5289,-0.3961,-2.0587,-9.9397,-4.3104,3.2935,-9.3602,-8.1472,-3.5578,7.6037,-2.9979,4.9172,7.3112,-8.7124,-9.2978,8.611,4.3144,-2.155,-1.9519,-7.3275,8.4617,9.5405,3.6885,-4.7167,9.8974,-4.6066,0.1071,4.623,2.3072,-4.274,8.6291,-4.1461,-2.7759,-4.5754,3.8936,-5.8156,3.5724,6.8943,9.8359,4.6517,-7.6851,7.5248,9.6096,8.2898,-6.6736,9.3399,5.8021,-1.2102,1.7029,8.6032,-3.888,-7.0231,6.6105,3.8055,7.3967,-1.4143,5.0988,6.1415,-3.758,-2.3112,-7.1306,0.6998,-9.3025,-3.8551,-0.6096,6.4137,-2.7663,-0.7292,4.755,-5.5658,1.5744,-8.9629,6.8776,3.7049,1.5718,-1.2835,-8.6516,5.7709,-7.7731,-2.955,-4.605,-5.0979,1.4406,5.1508,-5.2307,-2.7569,4.2509,-6.7102,-3.0217,5.8862,-0.7641,-4.0178,5.9439,-8.619,-5.2042,1.0842,-6.8843,3.7037,9.4854,8.4632,3.4574,-9.1053,4.2712,0.5556,0.4908,-0.2896,8.4806,-5.3879,-2.1962,4.5147,9.2215,-5.2437,9.008,1.9088,-4.3698,2.4806,1.27,0.5191,-3.5723,3.4865,-0.6002,-2.6927,4.466,-5.5329,-2.1979,-8.1463,-1.7376,9.5809,-9.4549,-0.2794,4.1319,-6.9921,7.5788,8.376,-6.336,-7.077,6.9521,-3.3556,-6.6763,9.8472,-3.5816,4.4398,-1.1391,0.3034,-5.2114,-5.9757,-0.2926,-3.2123,2.4707,-9.8487,-1.0458,9.6615,9.2142,3.0914,-1.516,9.4496,9.2414,-4.7273,-4.5103,9.9557,5.6321,4.3076,5.4396,3.6342,5.8725,4.6139
1.6851,-0.0148,-9.4328,-2.8849,6.9074,5.7316,-3.0114,7.0456,6.0695,-2.4274,-2.0783,7.8744,-3.0119,-5.24,-7.0021,0.2462,-1.8877,7.7469,8.7204,8.064,-1.4118,-9.7029,-5.9376,-2.2164,-8.2583,-4.2086,5.5223,1.9424,-7.6194,-4.3319,4.3225,4.1065,-8.5224,7.2823,0.9549,-0.6537,-1.043,-6.9981,-9.5023,1.2374,1.1916,-8.112,-6.2189,9.7795,-2.4159,0.9593,9.0862,6.4475,-3.7103,4.5442,2.3531,2.8326,-7.5504,-4.3546,6.9256,1.3747,-9.332,3.1403,-4.7307,-7.5606,-2.5144,-8.0169,8.4214,2.0529,-5.6607,0.4596,3.4953,2.2887,-1.6432,-0.9336,5.901,2.8142,2.4746,-4.5683,-5.4147,-3.7689,6.8386,8.9495,-9.2078,-0.349,0.5286,2.7401,-2.8011,-4.8309,-0.048,2.6364,1.0281,-3.0358,-0.3728,-4.8111,2.3421,8.5417,7.5939,-2.9112,-4.9126,7.4407,8.6673,6.8385,0.2403,1.5059,3.7732,-7.7091,-2.4475,-6.5345,-0.5463,-5.5105,-2.1702,9.7792,-5.5902,-5.0716,6.9657,-2.3775,4.5671,-5.3002,-8.5011,4.7559,6.3558,-7.0743,1.2436,-3.5265,-9.2449,5.1419,6.63,3.4749,-8.0808,9.5013,1.8506,8.5633,9.9329,9.2526,2.115,-5.5587,-0.9229,1.1312,2.012,6.1926,5.1428,-9.4947,-7.8151,9.2343,-7.3063,3.875,7.7794,7.4446,5.9182,-8.7809,-3.8648,5.3521,8.6733,8.2925,5.2529,-9.6427,0.6872,1.7917,-3.0728,1.4977,-5.2835,-0.2418,7.4857,1.4351,3.2216,-0.533,2.382,-1.8394,-2.3951,1.5381,-7.5973,8.9895,-2.2571,-5.9979,-4.3686,-1.3391,4.4215,2.8427,3.8135,8.954,-2.534,-0.6216,7.6718,1.1736,-1.5274,-0.3914,5.2624,9.8028,-2.6005,-6.1685,1.8277,1.6879,5.3152,9.7657,8.6138,-3.4986,-8.1089,-1.9101,-1.0553,-9.3548,8.5316,-1.4935,-4.5709,3.2833
6.0665,9.9156,1.3833,4.7012,8.6986,1.6513,-7.685,1.2063,0.3356,-5.5966,-0.9412,2.5897,-8.7888,5.2866,-2.9939,-5.2798,9.4215,-5.5315,-2.3105,-0.1855,-9.7706,-2.698,7.2749,5.3082,-2.8948,8.0391,7.965,7.3413,1.1222,7.0469,-4.5321,-2.2432,-6.5005,3.171,6.4062,-8.7043,-3.8667,4.1717,-4.022,-7.0538,3.9246,-2.2284,-0.2513,-7.2996,0.4643,-1.8229,6.6182,6.9347,-9.4219,-4.0381,-4.3297,-4.5671,7.7004,7.467,-4.4403,0.055,7.1135,-7.633,-2.8499,6.4498,-6.7508,-3.8498,-7.0661,-1.9991,-9.3928,1.0563,7.5992,-3.9062,-4.1226,-0.718,1.9174,7.1467,5.4933,2.2885,-0.409,4.8908,-2.7742,7.9654,-4.4055,-3.7052,-4.1034,5.6615,9.704,-4.8154,-4.1533,-9.5078,5.4285,4.477,-3.5326,2.347,9.7038,-3.8318,-0.2947,-8.8281,1.3354,0.7823,-0.2723,2.8183,7.5006,-9.7411,-2.2625,-8.6116,-2.923,8.7249,-2.9328,1.6032,-2.1419,-6.0432,8.3505,0.0774,-5.8099,0.9725,-6.9397,8.745,0.6549,-9.9042,-6.4071,-5.961,9.3538,-3.9264,-7.6981,-3.1976,-0.0169,-0.3599,-4.813,5.7143,8.6875,0.6366,-2.9524,5.7144,-6.7387,4.3063,-0.496,-0.1511,-3.458,4.5202,-9.3721,5.4405,-8.7153,4.4251,-9.9035,3.686,-0.3383,0.4826,-4.3388,6.7348,-8.7724,7.9817,-3.4966,5.5705,-3.0404,8.0392,-8.3187,-1.9851,-6.1235,6.9358,-5.0435,-6.3243,-5.8435,-1.7061,5.1801,-8.2191,-8.8932,-2.8045,7.027,4.0819,7.4134,1.5135,-7.3893,-2.1256,5.6122,-9.7952,8.8776,-8.0396,1.8419,-4.0547,5.1062,-6.8901,-6.5401,2.2539,-5.079,-0.388,-7.5298,2.8725,2.2737,-4.2543,1.5264,-0.0983,9.209,-9.514,-6.7267,-2.4231,-6.8151,-8.6023,-4.3102,6.3515,-6.1207,-5.5558,-4.3381,-6.6352
5.23,1.0585,6.601,0.4647,1.4892,-3.97,5.2016,-5.8223,7.1106,6.2888,-6.1757,3.2974,-1.3021,7.8979,-5.6084,9.9274,9.1839,7.8586,-3.4341,9.7619,1.4389,4.3448,-2.2141,6.1324,-6.11,-4.0952,-9.7097,8.9542,-2.5631,-9.3866,-3.1416,-0.874,7.2408,-2.4972,-6.9639,0.1588,0.7074,6.7405,-2.8373,1.2092,-9.4606,6.5974,4.9522,0.8959,8.2875,-7.988,-5.5102,3.6237,-6.2106,3.0744,-5.1198,-4.862,4.4106,-3.0788,-0.2529,9.8374,-9.5616,-1.9633,-5.8328,7.1125,4.7272,4.462,4.0797,9.276,2.7831,-3.279,1.2227,3.1785,0.3351,0.3036,4.7294,-6.4682,6.8562,9.8036,-7.8862,2.9831,0.8258,-5.7134,7.6918,-2.5856,8.1547,9.9302,-3.055,1.2107,-6.7557,-5.0854,-7.6864,-9.5964,-3.1274,-2.7198,-7.6155,5.283,4.7107,-4.4225,-3.3405,-7.3853,-3.2035,-5.0071,3.003,-5.9043,2.6141,7.3507,2.8866,3.0386,-2.5442,-5.7549,-3.3186,4.7583,9.1041,-9.8355,-1.1909,-2.93,-3.3181,-8.1159,-7.6638,0.4668,3.2869,-2.8111,6.0807,-4.5829,-6.2454,5.3987,8.9317,3.9052,4.341,-3.3378,2.2696,-1.5083,6.3637,-8.1145,-7.5727,-4.5626,4.4737,8.5563,-0.1909,4.4962,-8.6909,8.8358,5.4994,9.1966,7.3627,-5.6506,-8.5516,-6.6011,3.3704,-6.3896,4.6769,9.8113,5.9832,4.2509,-9.9886,4.8333,1.5845,6.2268,4.8696,8.2711,8.083,2.928,8.984,1.0578,0.5481,3.5237,-6.0607,-9.2233,3.0435,9.9124,5.4426,-8.4527,7.0549,-4.1604,-6.0312,9.1041,-4.8172,-4.9869,-2.3063,-4.0973,-7.5421,3.7173,4.0828,-1.6654,7.8176,-7.2313,1.1257,7.9645,-6.6681,-9.5304,-6.5608,-1.806,-0.5813,5.0864,7.2343,6.5861,2.1015,-4.7223,6.0767,2.8144,-4.4465,-9.4605,-2.2169,-9.0831
-4.956,-4.3298,-3.9562,-1.0251,2.4918,-4.7786,4.5404,-7.3198,-0.1141,5.1065,3.3512,-6.7236,-9.45,5.8369,-1.6321,6.7982,-6.8869,0.1217,-0.2414,0.8991,-6.7939,2.4478,4.0896,-5.4193,-1.0168,2.3565,7.1054,-2.788,5.9625,4.95,-9.5038,3.5818,8.841,1.0466,-2.7579,-7.7573,-4.6234,3.6317,-9.072,6.3404,-4.7193,9.6714,-2.3241,-6.815,-8.014,1.9979,2.4777,-5.1672,6.7045,5.2885,6.4033,9.6359,-3.2589,-3.4864,-4.0837,5.594,9.3532,8.2676,9.652,2.5768,3.0606,1.4007,-6.8188,6.138,5.5218,-5.2528,2.8359,-2.631,6.907,8.9961,-5.7003,7.0442,2.2109,-8.8618,9.0059,-0.6018,-8.4279,-3.982,-9.6704,4.9908,-6.0879,5.9099,-8.5959,-8.1135,2.7578,-2.3085,-9.9812,2.4314,-0.949,9.6561,-0.9919,6.9799,0.7907,1.5376,7.1999,1.0504,-1.8637,7.1098,7.9805,-7.2615,-8.322,-2.5926,-1.6602,-6.1548,-3.2591,-8.1298,-1.9386,7.2989,7.7259,-2.9531,8.0496,-6.1642,-7.1508,3.7236,-0.4024,9.368,-7.4964,-5.7386,9.6204,-4.8509,-0.9399,-9.6419,4.0756,0.3164,2.6639,6.9393,-1.5067,-0.0386,-6.8115,-4.9497,-1.0953,-9.0358,-5.7115,-6.7291,-7.6844,9.592,9.2922,3.2227,-4.8152,3.7977,-1.6097,-9.0348,-2.9847,7.2372,3.1003,-8.1478,-2.6178,2.8681,4.338,-4.5694,0.1668,7.8355,8.7242,2.9611,6.8667,8.2963,-4.1425,-5.8655,-7.0036,9.4299,6.276,-0.5185,-6.4087,-6.7347,3.826,5.0892,-4.3339,-3.2813,9.8723,-1.5259,5.5193,8.2472,6.0587,3.0566,-0.8157,-7.7613,-5.5579,-3.807,8.2732,-6.9032,9.6788,2.1672,3.0601,-4.6181,-8.8182,-9.8243,-2.5849,4.6644,-7.0284,9.242,-3.0857,4.2189,9.1251,5.5048,6.3131,-7.8895,-1.255,-1.5498,-6.8158,4.175
0.1762,3.6767,-6.0452,7.7399,-8.7756,-6.2794,2.9986,-2.7605,8.5963,-0.8344,7.6792,4.1287,-5.3233,-7.7284,8.8993,-8.6892,3.4877,-3.2288,0.8048,-7.5792,5.8619,6.5294,-7.5105,-5.8881,-7.2016,-6.023,2.6727,-7.6177,5.9704,6.6574,-4.1754,9.2457,-1.784,-7.9574,3.9766,5.3827,-0.7056,2.0272,-6.1429,-8.2319,9.7526,-5.4099,6.692,-2.8739,3.2136,7.2632,7.3854,-2.7279,-9.0985,1.2497,-2.2277,-6.8471,3.7965,-3.7422,-2.0108,-7.7932,-7.5724,-7.7457,4.8854,4.4529,-3.2163,0.3568,-5.2215,0.2592,-6.1427,-8.3638,2.5794,-3.8201,3.8676,6.1682,-6.4251,4.9969,7.8012,-5.1511,-1.0476,4.4238,-3.0157,1.0912,4.5971,8.8023,2.2621,-3.2628,-1.3041,9.9699,-1.3463,1.2121,-6.7482,-0.578,3.5052,-3.9835,9.4017,8.9589,6.1239,-4.1456,-7.9874,-2.6031,0.7105,-3.4878,4.2712,-1.1973,6.6507,6.3503,1.1754,-7.9253,8.1276,6.9769,1.037,-1.1373,1.3541,-3.35,-7.3949,-3.7931,9.4616,4.0633,-4.1773,-3.0417,4.3519,9.9258,3.4427,-7.1979,0.5973,-5.9988,-3.3347,5.1331,3.1825,9.0055,-9.2268,2.4132,5.9548,-5.7034,1.374,-2.948,8.4369,6.1251,1.7039,-6.4035,-4.2694,-8.6081,3.2418,9.4345,-3.8219,-2.4048,-3.5311,-5.4686,-2.8037,-3.219,4.4988,-9.4085,-0.2058,-7.461,0.1712,0.544,6.1243,8.2678,3.7582,-0.1833,9.0362,2.434,2.3393,2.3346,0.4213,9.5228,-9.9789,4.957,-7.9786,5.9134,-9.8236,-7.3385,-7.2304,3.9435,-3.7087,-5.3426,1.5863,-9.5661,7.3175,-1.8839,9.3007,3.5386,4.6171,4.4405,-2.1618,4.1392,-3.0809,-1.3849,1.0164,-9.7234,7.6075,-8.1991,3.9615,-5.2448,-0.8914,3.4398,9.7261,9.4789,-2.0637,-9.8763,0.1581,4.2818,9.8808,-8.0717
1.7782,4.1492,0.2857,0.9936,-0.2554,9.5899,-3.2218,-6.3341,1.5957,-3.1351,1.6616,6.2377,-9.7321,-9.9032,-3.3461,-2.1737,-0.9118,-6.4017,4.2103,-6.6751,4.5487,-6.3935,6.4448,1.3375,0.4459,-5.2649,-2.8312,7.1505,4.6165,-5.0305,2.3484,0.0937,-2.2242,-0.2832,-2.8441,9.3332,-3.6357,6.8888,8.3746,-8.5558,0.3613,-3.8717,6.1263,1.7204,4.8832,-7.7844,4.7624,-3.9067,-4.1961,9.2879,-5.1874,-7.9243,2.7242,7.8781,9.0105,-1.534,0.2775,0.1657,-6.5642,-8.7359,2.7419,-2.8928,2.4657,-4.7163,-0.5658,6.2709,4.1314,-8.6782,8.865,3.914,-0.0651,8.2507,2.1012,8.7979,7.5845,3.1698,6.3694,0.1924,1.3255,-1.672,-4.0204,4.8114,2.6254,-0.5603,-6.2747,-6.6681,4.8297,5.5723,7.3351,2.8951,-9.3256,-3.9877,-4.0762,-1.9483,-2.7853,-3.5883,6.8601,-0.4843,3.3175,-1.2511,-8.7961,8.6894,8.2585,-6.5502,-0.4635,-7.8282,-0.409,2.912,-7.9976,4.9537,7.4523,-6.7588,9.5103,2.6274,9.5631,-3.0935,7.3579,0.5476,6.9471,-2.8277,9.5524,-1.9415,3.1931,0.7149,-8.8719,-1.8632,-3.8602,1.7152,-2.9729,-8.6599,-1.9516,-7.4216,5.7282,2.0427,-3.6322,-8.7593,7.1478,-1.1116,1.9015,-7.2167,-0.3012,-8.1872,7.0493,8.6393,3.2892,6.4789,-9.5153,2.9662,5.378,-9.7571,7.0069,3.1169,6.1213,-3.2723,4.719,-7.6752,3.132,7.3832,-4.335,-7.8898,6.2656,-8.6965,8.8936,4.3696,-5.1042,1.0774,1.9298,9.3285,-2.9179,-9.634,-5.9899,-4.982,-2.0444,-0.6577,3.5299,-5.6904,-1.4745,-5.6658,-2.2392,-1.5458,2.8774,6.3322,-9.3857,9.1197,9.9548,6.5574,4.1169,4.3741,0.2761,6.3372,-3.6171,-8.0499,0.9559,6.1839,-4.1324,5.6226,7.3809,3.5192,-6.0546,6.3917
-0.6075,1.1971,2.1497,3.4695,-0.3549,2.0432,-8.3433,-8.7108,9.2338,2.0935,0.2206,5.6406,-5.9082,-0.6621,4.0121,-3.0193,-5.8253,9.3397,7.1114,6.767,-0.0967,9.2789,7.515,2.923,-3.6587,-1.5766,-5.8459,6.5076,2.633,-8.649,-6.1268,-8.7018,-2.5164,8.0367,1.42,4.3346,3.6797,-3.0132,-3.6924,0.6782,0.0355,-2.1107,-2.2614,-2.4221,3.9739,-4.0525,6.0264,8.0198,-8.1441,2.4931,-5.9319,-8.5227,7.0395,7.4702,-9.8998,2.7792,-8.5531,1.1046,-6.2649,-5.4792,-5.4283,9.7983,4.3927,-6.1751,-7.2534,7.4447,2.8564,-2.8542,-7.423,7.4301,1.3204,-1.0148,3.993,-2.7023,6.8726,7.8788,-7.0944,6.7288,-4.2245,-4.2447,-9.074,-6.2813,8.5118,1.2021,4.1594,-3.6482,0.7767,0.34,-3.1891,-0.1544,-8.1049,-5.9742,9.6921,8.8025,-0.1543,8.0537,4.1696,5.1434,8.6928,3.3674,-4.4194,-0.3677,-6.34,-8.7744,-4.9895,3.5931,2.1761,0.1675,-4.3258,2.1036,1.5178,-3.0904,1.3152,-4.1815,5.0696,-3.1852,4.8201,-1.6992,-2.8765,-0.8661,9.8791,2.7329,0.0751,3.6302,8.4216,-4.5512,-3.0812,-3.1185,4.6299,3.2822,3.3124,-9.4681,-9.9334,0.5775,9.4639,3.1161,-8.5828,-7.2727,-3.4053,-2.5427,8.9344,-8.5201,-2.7102,-4.9858,-9.7306,8.1445,-5.4412,-5.6959,7.1483,3.727,-8.5879,-9.9487,-3.3126,7.9305,-8.6175,2.4486,1.6777,2.256,7.2124,0.4989,3.6601,-2.1838,-3.0515,-2.5144,-8.293,-0.5353,7.4709,-7.1036,2.8731,7.8327,-5.056,-1.154,9.1648,-8.0126,8.7444,5.0914,-8.3793,5.5263,7.5902,8.0491,2.4743,-3.3965,-4.0078,2.9548,2.4618,4.5639,7.4874,6.0833,8.6269,-2.4936,-3.8452,-0.8584,8.7523,5.1217,-2.8051,7.0294,-0.8754,8.6448,-5.4698,6.972
-5.477,-5.9535,-7.9801,-2.4724,2.2797,3.2834,2.5281,-2.361,5.7519,7.6355,-6.2013,2.7735,-7.8395,-8.7203,9.2862,-1.5914,-8.5684,7.5887,8.5357,-4.9153,2.8775,-9.3386,-1.8012,-0.9611,-7.2899,8.3985,7.8471,0.6875,-5.5538,2.4338,8.9896,-7.6495,4.5608,8.4205,-9.5026,0.8422,5.2124,-5.0893,4.1185,8.1743,-6.899,-0.6647,-6.8068,-8.879,-4.8796,-1.3475,7.9571,5.7496,-4.5985,-6.5977,-4.7011,5.5664,1.9399,-6.99,6.2889,-2.3984,-5.3956,1.9732,-9.3177,2.4328,-1.6974,-2.2663,-6.9607,-3.0394,2.0461,2.1803,-8.1169,-9.0109,-7.0956,0.5529,-0.6494,5.1753,5.8509,-9.666,3.1727,-8.3137,9.3759,8.6323,7.0938,3.8899,9.3327,-7.7312,-5.8261,1.0964,3.9397,0.8869,-0.219,9.4581,4.7201,5.8149,-7.5887,6.4001,-4.057,5.3328,-4.3008,-4.7274,-1.0747,1.1446,4.2147,-8.0557,-5.6004,-0.913,1.1507,-4.6142,6.4493,5.9291,4.9304,-8.5808,2.2677,-0.335,2.2055,2.3013,-8.5043,9.0924,8.5641,-0.4347,2.9338,-8.3378,-9.3942,2.8735,2.7009,8.2936,4.9178,-5.7182,-5.6808,4.6247,-8.6369,-2.238,-8.8023,-4.6008,1.4354,-6.8932,-0.933,-9.2835,9.9605,0.7861,3.7038,1.7971,-0.0021,4.2268,8.2304,2.0947,-5.2563,8.7687,5.8134,-0.4651,-1.0323,2.2844,-2.8297,-1.5756,2.628,-8.6231,-0.4855,0.5526,-3.7884,1.3621,-0.3132,-2.3264,-0.2985,-8.0334,5.5541,-5.3803,-0.1957,9.4643,-7.2516,-8.1084,8.22,-1.6109,2.1364,1.7442,8.1021,3.2254,-0.0637,8.3062,9.9141,-6.081,-9.4016,-0.7701,0.1327,-2.5657,8.0258,7.6822,2.8776,4.9653,-3.4495,6.7635,-8.0423,9.9378,-0.8942,4.2249,1.0453,5.055,8.1959,7.3145,9.9832,2.0669,-1.3974,8.5057,-8.9596,3.309
-2.7092,-6.8032,-3.226,-3.5095,7.4076,-3.0726,-1.5979,3.6314,-6.7344,7.055,9.0164,-3.7547,7.6599,-2.7124,-4.7868,-2.7458,-0.6153,-4.5065,-5.3589,-0.172,4.3326,-4.3886,-0.986,7.3278,-7.4215,8.8206,2.2276,-9.8738,0.9037,3.9066,-0.8079,-4.2825,6.1452,7.6139,9.3052,-7.2396,8.257,-0.1405,-8.3626,-4.0039,-0.0304,-2.4062,-8.101,7.0917,-1.483,4.5577,8.7945,-9.511,3.4393,9.1863,5.9305,-6.6199,-9.6957,-0.2618,9.2895,1.602,-5.471,-9.645,5.8573,-1.5372,5.5119,0.4347,5.118,-4.0865,6.4384,-1.7174,0.3665,-5.7356,-3.2755,9.0732,-8.0902,4.3314,-7.9722,6.4949,9.5944,-0.0305,7.0431,-4.8266,3.2753,-7.2099,-5.1786,-9.6704,-0.6409,2.3906,8.9866,3.9774,9.9726,-9.3723,-2.2237,-9.8523,-0.1487,8.3672,4.472,-9.4296,5.4438,-9.864,5.092,4.9979,-6.7162,-7.9959,-9.1168,3.7936,-1.4623,3.4239,1.9531,-2.9981,-0.5682,-2.0319,6.3654,7.6783,2.3136,-0.1656,-6.5243,0.1727,7.6162,6.4679,5.2852,-6.8888,0.186,-2.5149,-9.0803,6.4862,-9.3568,-7.4518,-5.5899,-3.5743,7.5385,-5.6477,1.3785,-4.684,-5.9898,4.059,-5.5923,-5.3425,2.2662,3.3829,-6.4991,3.1237,-3.7959,-0.7751,-6.3993,-3.6222,8.9269,6.2036,1.0809,-6.9452,4.3007,-2.6795,1.6668,0.0598,9.6377,6.784,-1.8607,1.8168,-5.773,2.5323,9.8338,4.6367,4.3967,-0.9016,0.929,-5.9055,0.4285,8.1702,-7.6639,-3.4846,-9.0076,-9.938,7.5668,6.7282,-0.7996,4.611,2.2958,0.8564,-1.1214,-8.1574,-2.8907,-3.7599,-6.4686,6.0355,6.7421,8.9527,-1.1125,4.7316,3.3416,-1.9681,6.0108,-5.5989,-5.6469,-2.167,4.1892,-1.2715,8.0746,-2.1603,7.1515,2.0092,8.8397,-3.5463,-6.809,9.2383
7.7511,5.189,-1.259,-5.4033,-6.3753,-7.7344,0.4223,6.4785,-7.7076,-7.1772,4.648,6.082,-2.2788,-2.7872,-7.8546,0.4099,2.4366,5.8488,6.6302,-3.7148,-2.2362,-0.5682,-3.5471,-4.304,-4.2265,5.3349,6.1968,8.6328,4.1847,-6.7557,-6.8522,-0.8648,-8.2491,4.1712,-4.4273,3.4584,9.4285,-8.5901,7.1161,-3.3872,3.6438,5.6195,6.0315,6.6599,-0.1247,1.7972,7.2519,4.2102,4.9088,6.8388,5.7323,4.9603,-2.9562,6.2735,4.487,6.2138,3.7989,-2.3304,6.0931,1.9426,1.4876,3.0052,1.0048,-4.7921,3.8606,5.3947,7.6103,-8.3345,3.3577,7.0027,-7.061,-7.0406,-7.7933,8.9356,4.8641,-5.8445,0.786,0.253,6.2305,1.8295,-1.3977,-0.2723,4.229,5.9841,7.0927,-7.2781,-6.4305,-1.1726,-0.3846,-3.2479,-8.4494,-7.8215,-3.1566,-8.3018,-6.791,-9.8771,9.9978,8.2702,7.6148,-3.9021,-7.1967,-5.3411,-3.8476,-3.3524,6.1375,8.1972,-2.6936,1.2349,-3.8558,-9.8951,1.137,4.0775,7.1379,-1.8434,-8.0196,8.1617,4.8028,-6.6391,-5.6426,9.4012,2.5352,6.5985,-1.5988,-8.8558,-2.6603,-1.271,-3.0196,9.2874,5.0688,8.1784,5.8272,-5.5194,6.5486,-4.4149,-1.9176,0.4019,7.635,7.8974,-1.086,-8.8059,2.9678,-7.5798,-3.5793,-2.7528,9.5879,9.123,-8.3868,7.0494,7.502,-0.2152,-3.9608,-6.0583,-0.728,5.4672,-0.4212,4.8803,-3.6579,-1.6286,-7.3579,-6.5077,-8.8284,-1.5824,-4.1447,7.9777,5.9141,6.3871,5.619,-9.7455,-2.737,1.8707,-8.5417,1.8456,9.0627,5.3332,-5.4491,-0.6078,8.4791,4.0803,9.2919,9.7657,4.0483,-8.9548,-5.9049,-7.5633,9.9078,7.7084,5.3081,1.8997,-3.4718,2.4546,9.5248,-7.4195,-4.6143,-1.8483,1.2139,7.0676,0.4675,-0.2401,-9.6154,-3.9393
-9.4584,-7.4083,-4.9005,-4.5291,-6.4672,-0.9871,-9.8226,-0.4933,-3.3183,8.3554,5.7525,3.5538,0.0225,-6.0556,0.5733,-9.8923,1.2527,7.6962,-3.1761,-3.7528,-8.6746,-4.333,-4.7935,6.1899,-5.8447,-6.2545,-6.8581,1.6811,-1.23,0.5352,-5.805,0.2412,3.7415,6.0898,-8.9461,5.1726,-2.0695,4.1014,0.852,1.465,4.664,-3.7554,7.3822,-1.7202,-9.7118,4.8882,7.7706,5.3015,2.1118,9.2378,6.0583,0.7721,-0.2643,-0.4937,2.3136,2.331,7.964,-8.8056,9.6712,-2.4442,9.4507,-7.9646,-6.3868,-3.8812,8.3424,-4.7146,5.9028,-4.3807,6.305,7.1739,-9.5335,8.1239,-2.2899,0.8565,-8.3158,-2.0393,-7.169,4.5576,4.5449,-7.3093,2.6652,-7.5011,7.8665,-9.3744,-9.4459,-2.7551,7.9381,-7.8909,7.2539,-9.0788,4.5335,9.6074,-1.556,-7.2785,-5.2743,2.5282,9.8379,-5.2804,-5.809,-1.4213,5.5144,-8.2546,-9.2288,-7.8649,-2.6323,6.1663,2.8867,-3.7266,-3.7568,9.6858,3.6806,1.1174,-7.5355,-4.0691,8.7546,4.4917,-9.583,7.019,2.1775,-2.0665,-4.1827,7.0216,9.7572,6.9002,4.3054,4.7479,-1.2497,4.5953,-5.7393,0.0914,-2.7433,1.903,-8.2578,-9.1227,-6.878,-2.8856,9.8615,-0.3817,1.6031,-5.6513,2.1993,1.8993,1.5782,8.2318,0.0526,-8.2612,3.225,7.8103,-2.3741,-9.2366,-6.363,5.8637,-8.9547,9.0966,7.2115,3.9901,-4.9475,1.3269,-8.4219,1.2594,-3.4146,8.5311,-2.9551,-8.4554,-5.5367,3.7446,9.0377,0.7157,-5.1666,6.4546,6.9733,-0.1708,-1.4885,5.1191,-8.1892,2.906,-9.9795,-8.7433,-1.2489,0.7118,-0.2584,-7.0305,-3.2611,-8.9278,4.6563,-7.8983,-2.9434,8.5528,-1.0514,-8.4573,8.5024,5.1901,7.6707,-6.8088,6.0263,6.4731,9.6502,2.6941,-5.8387,4.1591
-7.7721,-8.6383,-5.058,-4.3378,-2.4527,2.9874,2.9197,2.3068,-9.5819,6.7447,-2.9475,1.9153,9.0108,-1.1392,1.0571,-9.535,2.746,5.476,-4.2208,-9.2154,6.9056,9.0367,-7.6143,4.9143,5.1962,2.3001,-7.1098,-4.443,8.3291,-1.5569,4.4978,0.4523,-2.7914,-0.6157,1.5122,5.5605,4.4194,-1.2827,3.4868,-7.9153,6.005,-8.3232,-2.2888,1.2884,5.8325,-8.2642,1.7487,0.799,-3.0996,8.9574,0.9028,-9.0674,8.305,2.1484,-1.2289,3.0303,-0.1025,-8.822,-1.0281,-2.5223,-2.1247,-6.096,-1.3649,-9.6524,6.5552,9.5785,-9.0409,7.9448,-7.7488,-1.1558,-4.3646,6.8165,2.6545,-5.8726,4.8365,-9.5481,3.5562,-2.0584,-5.5074,-7.491,-2.9976,5.8192,-1.3441,-1.7804,-4.2183,0.7425,3.9573,-5.254,-1.5474,-6.4587,4.0541,0.8877,6.1466,-2.7886,-6.8231,-3.7169,4.953,2.822,-7.2401,9.2145,-2.2167,3.5959,-1.3154,-3.2925,7.0272,-6.7575,9.0142,5.1252,-9.7874,-1.118,2.8773,7.4414,-3.2122,-2.8966,8.8628,0.3243,-0.3137,-6.8367,4.0328,7.5359,0.9282,-7.8102,-3.555,8.1296,-7.0183,-0.9449,-5.5437,8.9125,-2.0684,3.1961,3.4737,-6.3419,5.5962,-2.1933,8.356,4.4327,7.418,3.3152,6.3257,-0.3819,7.2773,7.8019,5.8792,2.3958,-8.338,-4.4204,-4.4498,-7.0833,7.5651,-5.6574,-9.9714,-8.8797,4.5592,7.0195,-7.9391,2.1926,4.2558,-5.1453,-1.9918,6.4526,-8.5636,-6.1914,-4.5013,-4.926,-5.7873,9.7024,-9.5152,-5.0,-6.6237,-4.0374,-8.3196,-5.6427,8.1842,3.6488,-3.8611,4.9032,-6.9087,4.6835,0.6525,-3.0709,-3.6774,7.4891,-5.7759,-4.925,-0.9811,-5.8133,6.3289,4.1336,1.067,-2.6263,8.3171,-1.527,4.115,-5.8941,5.5923,-3.8337,0.2776,6.0593,-6.6994,1.279
-3.2213,1.2571,-8.6648,7.4771,9.311,4.4861,-6.1649,-6.4128,0.4044,5.4859,1.4671,8.576,-8.2985,-6.2181,2.6456,-1.6655,5.6257,-3.3544,5.7339,-6.3264,7.4625,-9.6844,-6.9244,0.0225,7.1913,-7.2113,-8.4945,3.9564,1.0027,6.298,9.6992,-5.066,-1.2359,-5.8573,-6.4496,-3.3141,-9.4381,-5.3155,5.184,-0.1012,3.1691,-8.8339,1.9397,6.6417,2.2837,-1.5214,-5.4287,-6.3973,9.9308,-3.139,-9.7442,7.4906,-8.267,-2.1472,-9.0631,-7.4432,0.9507,-8.2989,1.2371,0.4479,1.1358,3.062,-7.1338,-1.6791,-1.7947,-1.2065,-2.2186,-4.7279,2.6059,-6.1646,6.7916,2.1471,7.6212,2.5778,4.793,8.2979,5.5387,-9.1805,5.8109,-9.7641,-9.2803,0.0318,3.3722,-4.2163,4.9384,-8.8627,9.2153,2.3967,2.9038,7.8453,7.3388,-4.0168,-3.3635,3.3142,-4.1665,7.2464,3.6708,-5.1667,9.7127,1.9753,5.3798,3.3934,-8.959,-6.738,-5.0995,7.3279,-7.326,-8.54,6.5142,-9.4669,-6.038,6.9407,9.896,3.5497,-7.4189,-7.8814,-3.5439,6.0097,1.6203,2.0289,4.8667,0.6412,4.8373,-2.5342,0.0634,-9.1436,-5.6073,6.9391,4.494,9.3448,-5.0118,-4.7533,-7.4627,4.53,-6.0107,-5.263,1.832,8.7657,-7.1556,7.7414,-9.245,-3.4682,-4.7317,2.9377,8.7197,-9.8312,-2.3481,2.4576,3.3839,1.8062,-0.2301,0.0059,5.5673,0.3236,-1.8298,8.0662,-7.1033,-7.1501,-0.9743,-2.7651,7.7096,-2.2121,4.4904,4.8042,4.3291,-2.6983,1.2044,1.8456,8.659,-2.6133,-1.3596,2.3073,-6.3617,-5.4824,3.6689,-6.882,6.2756,-6.1395,-3.7245,2.1317,-2.8891,8.3667,5.8551,-8.0877,2.7637,-1.0196,2.5566,-7.7344,-9.0134,5.23,7.7827,-3.2057,3.347,5.4718,4.4185,-9.1416,-1.1314,-6.1563,-5.5269,1.7578
4.7595,1.6249,-8.7422,-7.503,3.2757,-1.0018,2.4409,-8.8905,-0.8691,0.6772,5.8346,9.9476,3.8705,0.6644,-2.5913,4.8848,0.8598,-0.2963,-6.2889,5.1352,-3.8961,2.122,7.0057,6.9889,-9.2171,7.86,-8.9975,-2.2283,-9.8443,1.4484,0.2341,-1.2841,-0.5341,1.0753,9.3159,8.1437,-4.5478,-2.1677,-6.6777,1.6821,-7.9037,-5.4838,-7.9189,7.1472,3.4854,-9.7469,4.5219,-6.783,-7.6205,-3.3741,8.4324,-6.7432,2.3081,2.2786,-9.928,-1.2743,-9.9117,8.7497,1.359,6.3379,8.2235,8.9507,-3.0482,-7.0119,-8.3049,-4.4661,1.6317,-9.4352,5.8777,2.1128,9.5441,0.7529,-0.1941,9.735,9.837,2.2434,1.4421,-7.9399,4.2463,-9.2611,6.5,-7.0679,2.1792,-2.9501,-3.6388,4.9648,-1.4557,-6.1449,0.2971,7.8369,1.0782,2.4215,1.5528,-7.3091,8.4499,9.4203,5.1326,5.4397,3.1849,4.6052,-6.0125,-9.0226,-5.9746,3.2666,-9.0664,2.4025,0.2939,-9.8101,-2.5531,-5.213,-7.2174,4.0375,7.7546,-5.9042,5.4986,-1.4639,7.4662,0.0795,2.6433,-1.7042,2.1373,-7.4827,-1.0759,7.2074,6.958,5.3199,-6.3291,-8.1497,9.0274,7.0617,0.1249,3.8073,4.9458,6.417,-3.5879,5.9361,9.0154,6.9281,-4.6158,4.9822,-1.071,1.8735,2.1576,7.057,8.103,-4.0818,1.2092,0.6998,9.1394,-5.3106,-3.4052,-3.1593,-2.9418,7.2277,8.7975,-5.6632,-0.3724,2.5083,-4.9729,-0.669,-8.5633,9.7388,9.8749,-0.6345,-2.2352,7.9033,-2.3602,-1.2733,-5.0848,-5.0821,1.6949,0.0241,-7.5016,-9.7933,-3.549,4.7254,0.5958,2.5459,-6.9492,5.717,2.1822,-5.9896,0.763,-1.3622,6.0786,9.6433,0.7646,-4.4803,-0.7103,3.8892,-5.0042,0.8072,-0.8808,8.1707,7.5392,-6.3024,-8.4923,7.6234,1.9041,-0.4071
-0.4873,1.5984,1.0131,-9.9249,2.9526,9.9502,-9.9497,3.1749,0.5357,2.8216,-9.7772,-9.5458,6.445,4.4459,0.8078,-5.5437,0.3728,-6.9169,5.0683,6.9487,8.684,-9.6678,4.3824,-6.1496,0.9082,-2.8324,4.0766,4.1304,8.6767,7.2737,-2.0675,-0.895,-0.2268,-0.172,5.8772,1.9394,-8.552,-3.8511,1.8298,-6.5766,-8.2138,2.013,6.85,-4.9578,-1.2198,9.9332,5.4858,4.2963,5.3152,-9.3892,6.6273,3.6351,6.0684,-9.704,-1.6836,0.289,-0.0453,8.6531,5.0935,5.7799,0.8402,7.4504,-4.7981,5.146,6.6873,-8.3956,-4.1984,4.2994,6.4306,9.8141,-0.7079,8.4059,4.7815,-9.5715,2.0947,-2.6898,8.0926,-5.457,2.7765,3.0958,-6.1882,1.8301,9.3185,7.3015,-6.1043,-8.5946,2.244,-5.8619,5.6233,6.8864,-8.6012,-1.8777,-4.3034,-9.0482,1.5788,7.161,1.3278,6.0693,4.2488,9.6863,8.959,-3.661,-4.8295,1.1463,-0.5454,2.2686,1.1029,-3.8725,-0.9048,-9.8888,-1.9965,-0.4502,-0.9707,-6.0451,-3.6834,3.3427,5.2723,-2.8246,9.4088,4.6472,-6.0635,-7.7755,9.193,-3.9772,-7.4508,-0.3193,0.4583,-4.8927,-6.8305,-8.2243,-9.1936,7.1497,-2.4928,5.1653,0.192,9.2151,8.9822,-5.0544,4.3477,6.5556,-5.6063,-2.8574,1.8931,7.3483,8.6638,4.8238,-4.279,-8.013,-5.5724,-9.0268,-6.2403,4.0425,7.4798,-2.6765,-0.8548,-6.2302,9.2354,-1.0521,-1.2069,8.4507,9.3308,6.7283,2.4347,7.7184,-6.0719,7.2802,-4.7648,3.9619,0.1392,-5.5873,-7.9908,-1.0237,-8.2461,-5.3788,-2.2461,-1.0138,-8.3457,9.6485,-6.4331,6.3649,-1.3286,-2.8773,3.9378,-1.6893,-8.3907,-6.5859,-8.7819,-7.4552,-5.0448,-5.5279,-8.6148,1.4831,-0.7683,6.9518,-6.2122,-5.4012,-6.2908,-3.9957,-9.9744,-2.3491
6.434,-5.5089,-0.6151,-6.4943,-8.7798,-6.363,-2.566,7.2403,7.1806,9.1053,-8.6244,3.1014,5.7451,-2.9774,9.3207,-4.0242,9.5486,2.0828,6.4095,3.4148,0.5437,1.49,4.5848,9.4806,-3.086,-8.8205,5.1074,4.8934,-2.4413,0.0038,-1.2255,5.6017,-7.8076,6.132,7.6112,-9.187,-9.6714,4.3146,-3.8439,8.5875,9.0223,9.6254,-4.73,3.3101,2.5301,0.7924,-1.632,8.7985,-3.8034,4.6039,3.9413,9.609,-4.1573,0.5704,0.5162,1.9066,4.3564,-8.586,-2.7292,5.3622,3.4743,5.7314,0.6023,-8.8993,5.1011,-2.9524,-7.5204,-6.4191,-4.4703,5.498,-2.7552,4.2027,-6.1901,8.3614,5.9152,8.3865,0.0407,-5.4071,1.2419,-4.4914,-1.5076,0.218,0.5744,8.7215,1.7953,5.9085,1.8042,-2.2152,-3.6651,-8.5228,6.283,-1.6865,8.1453,-5.4923,-7.3282,7.7335,5.4601,-4.0882,-3.6351,-5.5065,2.8127,-9.9674,7.0315,-4.2926,1.186,-1.8016,0.5421,-4.5511,-1.9359,8.5902,-6.0623,6.1359,-6.7744,-9.1443,-8.5037,8.1924,-4.4701,7.2218,9.3366,3.3819,-8.5698,0.7964,-6.2869,7.4338,-9.1709,-4.0231,4.2341,4.444,-3.0911,-4.3445,-8.0524,0.372,-4.5788,3.5102,7.8551,0.3531,1.9738,-5.6681,5.2976,0.9725,2.1138,4.3379,-1.5953,1.2743,-2.7774,-9.2536,-4.6538,3.6142,-7.7668,6.5358,-3.4865,-9.5055,-2.1338,4.938,9.7111,-3.9002,-2.2203,-6.7239,-7.2109,-4.5448,-6.6527,-2.0497,-3.244,-1.3401,7.8236,-9.2771,-1.4452,3.7261,-9.9005,3.7082,-0.0244,-8.3871,2.9992,8.673,6.7436,-1.63,5.2239,2.8951,9.6315,9.9692,-7.2258,-5.1443,0.8849,5.7579,-8.4602,-0.5413,0.4529,5.6978,-4.8628,6.0497,3.8404,-3.887,-4.8301,4.699,7.3628,5.8696,-0.8489,6.1713,-4.766,-4.3417
2.7633,-1.4448,1.0592,-8.6443,-6.5655,-1.9704,8.9563,2.8562,-4.238,4.7597,7.9605,-1.3056,-2.4591,-9.3728,8.3003,4.3952,0.1712,9.2668,-2.8865,-1.8847,9.3777,9.4153,-7.193,5.2412,1.9445,-4.5101,-2.8078,-4.8802,6.2237,-9.0511,-6.9662,-6.5098,9.434,-7.2846,-6.2776,-1.3248,1.2555,-1.0231,-3.9265,-7.5642,-8.337,-4.9817,-7.8936,2.317,-0.9588,-5.5682,-8.3387,-0.9653,0.4202,-2.5902,-7.4559,3.8775,6.8722,-4.3039,8.9606,8.5368,-0.99,-6.1833,2.1438,6.4783,2.8954,9.6083,3.9414,-7.23,-4.0757,9.4272,-0.2139,-1.7016,0.2632,-8.0685,7.8472,-0.3002,7.3858,-8.6962,-0.5354,-6.9996,-2.9482,3.3765,-0.1567,7.5594,-2.4347,9.6408,0.1349,-7.6455,-2.7164,-0.2053,-9.3897,0.7108,6.176,1.6208,1.4511,1.3738,-7.1699,-0.697,-5.4823,-4.6242,-8.3408,-9.5108,-7.3119,7.5748,6.5889,6.6902,6.3992,-1.4535,-0.915,-9.2882,9.4738,0.8295,-2.0566,3.7933,2.7692,-1.42,-2.232,-9.1301,0.6925,5.8399,-8.7386,2.4305,1.6901,-1.5123,-5.4845,-0.7811,-8.4507,5.9526,-5.9701,1.9884,4.8848,-4.717,5.4782,-0.2893,9.3913,7.1286,1.0183,3.8193,-2.647,2.4295,7.5307,-1.5133,-7.6089,4.4119,5.3825,1.3932,-2.1636,9.3928,3.8258,-1.6613,2.3896,-7.5336,-4.6897,1.6873,1.2014,5.1446,1.3711,-1.4605,1.1853,-2.9019,8.7606,-8.1398,-7.0829,3.6961,-1.1007,6.3339,-8.3536,-5.8436,8.8034,-1.4565,-0.2737,1.8133,-6.2197,6.6776,0.9999,4.6607,-1.4832,-3.4153,-6.0208,-8.6474,-7.3315,6.7904,7.9699,7.9682,5.3035,-4.5167,5.9523,-3.5777,6.0387,-1.2586,7.6908,2.4837,-8.223,-6.9536,-9.6631,6.684,2.1721,-9.0443,-2.5227,3.3711,-7.8567,4.5513,6.8829,2.8106
2.6342,6.1594,1.5188,9.3772,4.5084,1.3971,1.4084,3.1025,1.6957,-9.0993,7.4488,6.5843,9.1979,3.4834,3.5947,-3.6411,8.0147,-2.3377,1.8977,-8.1588,-1.3336,0.4842,5.3154,-1.0604,8.8381,3.7733,-5.1789,-9.4134,3.0523,3.1892,-3.1839,-3.1906,3.6515,-2.2841,-7.4224,5.5245,6.71,6.6295,-3.725,7.6297,-3.5537,1.9128,4.1185,1.7558,-7.5492,-0.6551,3.6014,-1.22,-3.8665,-5.452,5.3321,-7.9213,0.59,-2.5951,3.2728,8.9883,-6.6349,4.5411,5.0507,8.9687,-4.304,7.0972,3.6665,9.7158,-0.4058,0.1497,0.5853,8.5359,-4.4876,-5.0705,-4.6121,-8.6838,2.999,4.9571,3.1589,-6.2427,-0.7845,3.9938,7.1448,9.0274,0.6507,-3.0762,-0.9706,0.1657,-2.3113,6.528,-9.524,3.0623,4.5811,3.6574,9.7701,-3.5268,0.5906,7.9758,5.3367,7.0534,-9.434,-2.349,-3.3042,-7.6813,0.5072,1.7254,-9.2343,-0.7674,2.9916,-2.9889,9.2848,8.0252,-0.249,6.2713,5.1559,9.8988,-0.0457,4.3685,-0.9389,5.5826,5.9933,9.0252,6.2866,-1.3655,6.7329,6.7426,-1.4305,-0.0128,-1.7692,-9.2359,-0.933,-3.868,-3.8742,1.4896,-6.835,-2.3571,-5.1699,-1.9381,-4.4189,-7.1806,2.5523,-3.0688,0.9196,-7.8823,-8.3032,5.3693,-1.0925,-9.7906,3.2163,4.9891,-9.1437,-3.1839,2.9691,-4.0516,0.2577,-1.0176,-6.8845,-2.9271,8.4049,2.5223,3.0963,5.301,6.7587,-1.5928,-1.2025,1.2578,-7.1712,-3.4265,9.7954,-7.4662,-4.0354,5.0194,7.8372,1.2442,-5.5011,-4.8827,-2.2766,7.9876,5.6162,5.0582,-2.3967,2.574,-6.303,3.4798,2.2127,0.3723,3.1052,-3.9573,2.5058,-3.0573,-5.5603,5.7204,-8.9734,-5.6797,-3.1386,0.3716,0.6602,4.1609,9.2328,2.9967,-8.283,-6.6736,5.4742,2.9299
7.5288,-6.7024,-2.6384,8.5361,7.4534,-2.8957,5.6703,0.8949,-6.0971,5.0148,-6.1002,2.5546,-8.502,-7.9258,-8.4442,-2.9872,8.7499,-7.1543,-4.7771,1.7669,-0.728,4.5442,-8.5116,-3.8783,-1.2204,8.9546,-6.1613,-1.1207,-8.9146,-1.5858,1.4721,-1.7897,-8.2062,-6.7455,-9.159,-3.1835,5.5177,5.3771,-3.1831,-3.5551,-1.8231,-6.8798,-2.9042,4.974,-1.2458,2.9254,3.6963,2.8595,-4.0463,0.6388,4.9603,-7.6704,6.1821,0.8515,4.8696,8.1006,5.6149,2.7687,-7.5575,2.9083,7.1666,-6.9303,5.0163,2.515,0.0261,2.6176,-9.9916,2.5874,-6.1405,-7.5224,7.4031,6.3711,-1.0077,-8.8637,-2.339,-9.062,-0.5828,-1.8124,2.912,8.3267,0.196,-2.5844,-4.9873,1.8897,1.5051,2.4113,0.0452,-0.2779,0.5182,-7.3845,8.6662,-9.4713,5.556,-0.1139,9.2485,-3.5663,4.2569,3.96,7.2366,9.6949,9.4702,-6.677,7.6558,0.5092,-2.4237,1.6545,0.9703,5.6634,4.4786,8.6425,-3.4457,8.0342,-0.1911,4.2776,-8.0424,7.9276,4.1439,9.3154,6.4511,8.4009,-5.7091,-0.6012,-5.678,5.8868,-8.221,7.4386,9.174,4.7296,-4.4722,-6.96,-7.9516,8.5774,-6.041,-1.4174,8.1731,4.1388,4.0807,7.6476,2.517,-7.4967,6.4216,-2.8742,-3.8504,-3.0251,9.0632,2.8645,3.6483,6.3299,5.2845,-1.8622,-3.8657,-1.7444,8.7537,-6.3779,4.8538,-5.4696,-3.7159,2.6861,0.1817,-7.3804,-9.952,5.1983,-9.3409,4.2731,-3.4568,4.3146,1.3753,-5.1898,8.2541,9.2542,-4.5785,4.5192,-7.081,-0.9528,-7.2005,-0.1209,0.2964,-9.5293,-1.0197,1.5161,2.8316,-5.989,-3.7513,1.3137,-5.0201,8.0675,6.4941,-0.9905,-8.6562,0.6263,-5.1313,-4.5667,-1.7944,6.8774,6.9718,-1.3521,4.08,-8.7555,-5.7641,-4.3579
-9.5953,3.9305,7.8675,1.4344,-8.583,1.3973,5.0419,9.0885,-0.58,-7.7297,-7.4245,7.985,-1.9695,-7.7529,-3.3884,-0.7288,2.5928,3.2518,-8.7104,-6.3026,9.5665,-1.3388,7.1209,-7.6284,-6.6116,-4.4434,9.0156,7.6484,7.7837,-6.8336,4.7693,-3.4979,-6.8247,6.0727,4.8114,-9.0388,-7.8416,7.906,3.6588,6.3887,2.0912,-0.0913,-6.7765,0.1553,-2.0917,2.6032,1.3652,4.235,-2.2861,5.7466,5.399,5.1274,-0.7176,-1.9141,6.2205,9.0372,1.8737,7.7103,0.2416,5.8805,9.6639,-8.18,5.1983,-3.827,-5.3565,-8.0725,-2.5849,0.9147,8.1099,-1.7559,-9.6488,-1.7433,6.0535,-5.3304,4.4605,7.394,-5.9229,6.6343,-8.0469,-8.8051,8.4724,5.3071,2.9386,8.9929,-2.4583,-8.9076,-4.4474,-8.5842,-2.0405,9.1042,1.9903,-7.6207,-2.1113,-4.5015,-9.3876,4.6214,1.7036,-3.5863,5.9365,1.0703,-5.8799,7.2105,-4.8927,6.3338,-5.5093,8.8251,-1.3732,-6.3848,9.5017,-0.0429,-5.4792,-9.097,-9.9681,7.1784,-8.8708,3.5083,-2.8833,0.9001,7.7316,0.3296,2.7497,8.8396,-2.3193,5.5917,6.9133,3.295,7.9994,7.0792,5.6343,-8.1037,-3.5367,2.7899,-0.4638,3.1751,-3.2777,8.0164,1.4014,-1.6861,-5.9937,7.942,-6.3751,4.8781,1.7856,7.0633,-6.3698,-9.2533,7.0952,0.9307,4.9041,1.3247,3.0966,-6.8912,8.8172,-1.6198,2.7605,-9.3661,-8.7732,0.9989,1.3099,-8.0033,8.8043,6.3408,5.2479,4.8081,-0.3383,-6.5961,-1.3824,2.1476,-5.4753,-6.6146,-8.8367,-0.729,-5.4212,-8.2017,-0.9155,7.2581,0.3907,-4.1748,-9.1562,7.4615,-9.3121,6.071,4.9289,-8.7915,5.9379,1.8444,-2.6955,9.4764,1.9449,3.3503,6.7385,8.2983,3.5718,4.2257,-4.7557,7.6266,-8.3536,9.7483,9.6833,-7.2894
4.2434,2.5673,3.648,2.3582,-6.0531,-1.001,-4.0074,8.5635,6.6239,-9.2744,4.3508,-3.3905,3.0879,2.2226,-1.5236,0.4993,0.3474,-6.4607,-8.3785,-3.0851,4.8396,-4.5062,6.9259,-1.4447,2.751,-4.4582,1.7,-7.9057,-0.9727,7.0865,0.1078,7.5995,-7.7673,-2.248,-7.6412,-2.9609,7.8313,-1.3787,8.0376,-4.5828,-7.0677,0.8181,-9.1415,-0.2659,-5.7444,-5.3065,-5.2765,-9.8601,-0.9692,2.3694,-6.4279,-7.1808,0.7391,-9.0627,9.4563,-4.3046,1.3773,9.9706,-6.736,5.1958,-3.9074,-7.4004,-1.7424,4.4083,9.5268,0.9844,7.2296,1.1606,6.743,0.8446,-5.0498,-5.927,3.4168,3.583,5.097,-8.6668,-2.0285,2.4501,4.7008,-9.4253,-7.0131,-7.7072,3.6207,9.9779,-1.4724,-5.5252,-2.7188,4.1562,2.9102,-8.7591,9.7121,-5.9214,7.0492,-4.8867,-9.2882,8.1325,7.2516,1.228,1.3857,4.9984,7.9006,0.6994,-2.3814,7.419,-0.9685,-3.4531,2.129,-6.0295,-2.5236,0.4881,2.1785,-7.2374,8.9364,-9.0875,-8.0961,-4.8802,5.9867,0.507,3.515,-0.7681,9.8599,4.1037,9.9125,0.081,2.6819,-0.1065,-3.5112,1.8427,-5.8403,5.5257,-3.254,1.844,-6.5005,-1.0448,0.1722,-7.1382,-6.9669,-6.7723,-8.9733,-6.6463,-6.7629,-2.8697,-8.0875,0.1478,-5.3107,8.7948,-7.2436,-2.7101,3.5171,-4.4154,-2.8699,-0.7222,-0.802,0.64,-9.0432,8.1957,-8.0171,6.3733,3.8366,-6.8045,3.5367,-3.2654,-8.8447,-5.1035,1.9966,3.1201,-4.5201,2.9799,-7.7788,-5.9101,8.9803,-4.9227,-0.8746,-2.4908,0.5018,1.8456,0.9913,4.3359,0.5758,-0.2111,1.133,-9.3374,7.1398,-5.5257,3.9043,5.0478,-6.6977,2.0242,-8.543,8.8694,1.4286,7.3843,-2.296,-0.8153,-2.407,6.9351,6.6879,0.0736,5.903,-3.0244
-3.1934,7.0968,8.0845,4.9659,2.6126,3.9658,6.5818,7.53,-8.0862,7.8543,9.6967,4.9395,7.3504,-9.9145,-1.3762,-4.8562,3.4983,-6.8069,-6.9955,-5.0123,-1.3633,6.2325,-1.5728,2.0658,4.4919,-0.1457,-9.9851,-7.4239,2.2454,9.8889,-1.296,-7.5719,-2.9291,-7.4353,-5.7216,8.6013,-5.7596,7.3331,-2.1436,-5.5629,-7.0449,-6.2883,-8.3461,-2.0669,-7.4647,8.1244,-9.9124,3.3315,8.4959,0.7845,-6.7215,-0.545,-3.2807,-2.5012,5.9256,5.3702,6.5859,8.832,2.1792,5.903,6.66,1.4033,3.8491,-5.2305,-6.3286,2.2551,-7.022,2.7837,7.6351,3.183,-3.4908,7.7534,-5.2666,-6.3915,6.0272,-1.5797,-9.9257,-8.2069,-8.1881,8.4002,6.1552,-0.4148,2.3157,3.4265,8.1544,-3.1697,7.1908,-5.1281,-6.6375,-2.2892,3.7964,3.7324,-4.9817,3.9499,-2.9189,4.8035,6.2694,-5.9812,7.6847,-6.3993,3.2994,4.4697,-1.664,-2.5485,9.9225,-2.6491,-7.985,-7.7521,1.865,-8.9726,-6.4815,4.291,-2.312,2.3487,1.1366,4.0636,0.4144,-1.5418,-4.2581,-8.0909,7.8529,9.369,4.0459,-9.5563,6.2397,4.1247,-7.4596,9.5427,-3.5518,7.3221,-2.3276,-0.4773,-7.3964,-5.8661,8.9346,-7.4736,2.9145,-3.9078,2.0117,4.6237,-9.6268,1.0704,2.6734,6.2871,-1.2892,4.13,8.4203,3.575,-4.7839,2.4394,-3.3975,-8.3255,-2.6371,-4.6936,-3.7332,-1.8345,5.8539,2.835,-8.7527,8.0438,3.4142,-4.6804,-3.9029,4.9955,-4.5005,5.2848,-2.8106,-3.8736,-9.6926,-1.0618,-6.6718,1.7213,3.3138,2.5392,-0.7598,-3.2069,-6.9891,7.6971,-5.5076,-3.8538,-8.6042,9.632,-5.755,-5.8661,6.4039,-9.1467,6.7117,-2.1748,2.4387,-4.6235,9.1038,3.9387,0.7229,-2.4563,-4.1466,9.4484,9.495,-3.5245,3.5011,2.2328
-7.8306,-2.6171,5.6257,0.4182,-6.6563,-5.8621,-3.3136,-0.8002,0.3453,0.4539,-7.2051,-6.7275,7.2848,-3.7765,8.713,6.984,1.9407,-3.5659,-2.5428,-8.6444,0.5103,5.7141,-0.2392,2.6229,4.9657,-3.8168,3.5409,-7.4094,0.7053,4.0001,-2.2552,0.564,-6.6503,0.2087,3.5642,-0.7159,3.5758,5.5857,8.3878,0.5899,-2.6796,-2.5938,3.6315,2.4623,-8.74,-4.2143,5.6475,4.6305,-8.2901,2.1414,-8.8394,2.7002,-2.0602,9.4114,-0.7818,-0.6584,7.7173,-4.3286,1.5334,9.9728,8.2758,-3.4238,-0.6982,-9.465,2.379,-4.4614,6.6701,-4.8406,-7.342,-5.3627,1.155,-1.9907,5.7423,-6.094,0.9924,-5.7975,3.4966,4.394,9.6019,5.8478,-7.6924,4.8232,-0.8995,-3.6563,-7.3151,8.5076,8.0763,-6.5581,-1.7122,7.0711,-3.5873,-1.8808,4.7007,-9.4698,-7.8161,4.4079,0.7992,-9.3079,0.5746,6.5088,-3.1159,-7.3455,-0.4506,6.0139,0.8629,5.9047,4.9702,2.6308,4.0211,4.7393,6.0886,8.7143,-3.4414,0.5032,-4.4896,-5.7531,-1.7064,-5.9251,2.9264,-6.649,8.3113,3.266,3.9487,2.1136,-2.1328,6.4764,8.0754,-4.6881,5.4992,-4.1879,-2.2724,-7.6582,7.2572,4.7213,-0.097,7.4647,-3.0074,-6.8096,-0.6252,-0.1912,7.0828,9.2868,5.5689,-0.8845,-6.4797,5.4751,-1.3507,-8.4043,5.9256,9.9104,-4.2658,-3.82,9.7223,-5.4336,-7.5201,6.3438,6.2227,9.4323,5.387,1.2594,-0.2254,7.1189,8.4118,-0.2664,-2.8918,1.77,-6.5279,1.8651,-6.2658,7.1042,-1.7891,-9.7549,-1.2168,8.726,4.8612,-9.8629,-4.0965,2.7879,-3.0673,-1.2522,-9.8902,-5.698,-0.1126,-3.2772,-9.0701,-4.2533,-5.8246,1.8467,-2.1925,-9.984,5.5716,7.1268,3.223,-7.8701,-8.6728,-9.9931,-0.5652,-6.9423,-5.6252,-4.8764
-2.5634,-8.833,-4.6204,6.6291,-6.6395,0.1927,-1.3274,-4.2297,-7.3507,-0.3083,-8.3576,-3.0626,-3.7581,9.4172,-5.162,-1.2424,-2.7865,9.9953,2.2597,8.7105,-8.4545,9.1104,7.5263,2.2127,4.2273,0.1924,-4.3446,1.313,6.5826,-6.8801,-0.8883,-6.3912,-7.978,4.4673,2.0577,9.3462,0.8785,6.1191,-0.4714,-4.5726,4.7066,-0.2166,-8.2911,3.0176,0.6004,-2.4544,2.2803,-2.5474,4.8984,-2.3148,-4.7038,-9.9432,-0.3902,3.8908,4.1278,-9.617,1.1253,-6.4435,-2.7963,9.1753,-8.6611,-0.4508,8.6963,6.9239,5.5869,-3.5849,8.1887,-7.6288,-1.0551,-5.8347,8.8143,3.5739,2.5553,-5.676,5.9349,1.0433,2.5225,0.2472,2.3691,-8.3503,-7.5196,-7.132,1.5627,-6.3226,-9.5223,-9.8318,0.6139,-3.6722,-7.2241,-6.1317,-9.1941,-4.9078,-2.0822,9.7817,-3.2115,-2.5286,-1.5438,8.5926,8.6009,-3.5164,3.1725,-3.0534,8.7008,1.9301,-5.7369,-8.5102,-8.3374,2.4907,0.0616,0.2536,-0.3871,-8.7331,5.6834,-2.0225,-2.7449,-1.0787,-8.9176,8.1637,-1.6131,7.3272,-4.4325,-1.6497,0.233,3.2699,-6.8233,8.0701,8.8669,-7.286,-2.9745,-2.6349,-6.5564,-9.8665,5.4999,-4.8738,-0.6379,1.4587,7.3034,9.3964,8.339,3.6531,5.6344,3.985,4.5069,-7.2521,-2.6931,-2.6216,-2.7592,9.087,4.6895,7.2543,-2.6461,2.2183,-3.9193,-6.3202,2.4596,-9.7341,3.1679,-7.6342,1.2,0.3865,1.5612,-4.0406,4.3684,6.4119,-2.2238,-1.0752,-6.4375,2.9882,-0.9234,-2.8481,4.6541,7.4043,5.7328,-7.0586,6.1475,3.6103,0.0627,9.639,-6.9435,-9.1361,-0.2153,9.5472,3.56,3.7335,-1.252,-8.6739,-3.8639,-9.2111,-4.3328,-2.7636,6.323,0.81,-3.5956,-5.3642,-3.7293,-4.7481,-5.3479,-8.9557,1.9765,-5.5065
-6.4627,1.6054,-4.5103,-7.0418,5.6605,-8.5335,3.9725,2.7648,-9.039,8.659,2.3529,-7.6658,9.4091,-5.0396,-8.0025,0.8539,-8.7321,9.526,4.1776,-4.4452,7.8668,9.7992,-9.5356,-8.1531,7.1797,-6.088,2.3465,-3.31,6.057,-1.862,-1.4514,4.7468,8.9099,9.9941,-7.6792,3.2507,2.317,2.6042,3.3327,-5.9433,4.2138,-0.0437,-4.3332,8.0381,-2.7738,-3.0594,-3.3782,5.4766,-1.1821,7.0858,3.2826,-8.9774,-6.8517,2.132,2.618,1.4737,4.7241,4.5482,8.2107,-1.1603,2.8988,7.5194,6.8682,0.2683,-3.3032,-8.3161,5.4231,6.8653,-4.8563,-8.0253,2.8334,-6.0257,-6.107,-4.5729,0.5758,1.436,9.5255,8.6929,4.0973,5.5136,-4.8522,2.526,4.2354,-2.8498,-3.5373,1.9899,-6.9692,-4.598,2.6107,-1.4714,-5.152,-2.9169,-2.1455,5.5726,5.829,6.2351,4.9394,9.742,-5.3215,7.6317,7.7592,4.2521,-8.2456,-5.0409,2.2803,8.3937,3.3134,-1.1954,-6.6859,-7.0444,-0.8992,7.8096,-7.3457,5.0013,9.1669,6.1913,-0.9807,0.3146,0.695,8.1708,1.2368,3.3225,-1.2685,5.3417,-7.7201,8.6804,-8.5364,3.0191,-7.8264,-7.9538,9.802,2.9037,8.5446,-2.0249,-3.3364,-3.7553,-8.1953,-7.8876,1.5449,3.9266,2.2783,-9.8946,1.1058,8.2608,8.3791,-4.4604,-2.964,-4.7419,-9.727,-1.6596,-4.952,8.7091,8.1304,-2.4876,-9.3107,-0.0542,2.0637,-6.1264,9.1885,4.4621,-6.07,-9.1773,4.1827,-9.3084,4.8965,-4.8458,8.0229,3.7321,2.6154,9.8476,9.4633,-5.6213,-1.6815,0.5354,-5.0403,-4.1206,4.0592,0.2991,8.3935,-6.6627,8.7653,-6.6478,5.813,7.4938,-5.3411,1.8901,-2.5667,-8.4909,-2.3454,-1.541,-9.5792,0.3107,-5.5648,-7.7758,-3.3512,-2.8819,-6.4167,8.2873,0.6452,4.3791
-6.6267,-5.4106,-4.063,-4.1072,6.1423,-0.3199,-7.3596,1.1489,4.1893,-6.1082,-9.7254,1.9385,-7.6203,-8.5906,0.1377,-5.4948,9.068,2.7924,0.9094,0.2418,-1.5545,2.852,-2.5204,-2.2289,-6.0066,-0.773,-0.1353,8.3015,-8.2344,0.398,6.4626,1.7658,-4.2169,7.2002,-5.4897,9.714,-1.0455,-0.7455,4.0121,2.4551,9.2892,-3.5174,-7.4839,-1.8667,-6.6971,2.9516,-5.424,-1.8174,4.3333,-8.0504,9.5375,9.5174,-3.5919,-7.6504,-3.9311,2.7915,-7.2774,-4.6753,-8.2236,6.2628,1.4675,9.8871,-3.2856,-8.1424,-1.548,-0.7177,9.8353,1.6353,-8.604,4.9607,-1.164,4.5609,8.986,7.923,4.5149,9.7616,3.8641,0.0194,-8.9509,4.1372,-1.4934,-5.9937,-3.0379,4.35,-6.6503,1.9445,-5.2307,-8.9426,8.5986,3.0609,-2.3623,-7.7662,-2.6243,3.2642,-5.8499,3.7408,0.8798,3.2279,8.2977,3.347,-1.0652,9.7356,8.073,3.8991,-1.929,-9.874,-0.2516,1.9573,5.6249,0.7201,-0.5918,3.617,-9.2327,9.8451,-2.9699,7.563,-6.5201,4.4804,-5.4615,-3.2504,-7.3123,9.993,-2.8429,-8.7126,-5.7042,-5.396,1.3705,-5.5659,8.8063,-9.7802,-3.5822,-3.1451,-9.5364,-2.1697,-6.8955,-7.2339,-8.3606,4.5906,-7.4588,2.3385,9.1086,-7.4407,5.1188,0.6301,-6.0585,-4.0883,-9.749,-0.2452,-8.41,-0.061,-3.6245,0.4539,-9.3744,-5.4018,2.0136,9.3445,4.9662,3.1731,3.0421,-4.402,6.7099,-8.6319,-2.3104,-5.1212,1.4456,-9.1042,1.3517,5.2934,-5.7203,0.2465,-4.5882,1.1284,-6.7908,-3.4199,9.3946,8.0253,1.3388,5.6173,0.0235,6.3647,6.1015,-6.999,-1.5357,-4.8242,-6.3263,-3.8358,-2.7068,-0.9096,-0.2504,-7.709,-6.6297,-0.7371,6.5208,-2.6887,-6.4425,-3.7083,-0.1809,9.8925,-9.0965,-7.9923
-6.517,1.867,-9.826,-2.3784,5.744,-3.3293,-5.113,-1.3962,8.1041,-5.1811,2.0041,-7.0143,9.793,-9.4375,0.687,-6.1854,4.2778,-0.4348,-6.5575,-8.624,3.0297,-1.8488,6.4533,-4.4032,9.1597,-9.0797,5.1141,0.1285,-0.5494,2.9487,-2.0485,-3.1569,8.7352,-3.4364,-7.5924,-6.6148,6.1196,2.1444,-3.0952,-6.4227,9.4142,-5.552,8.6966,9.2263,-4.0388,2.0236,3.609,-9.5874,4.6649,-0.5574,7.3647,-3.5097,-7.2013,1.1746,-9.2623,-2.4177,-7.188,6.0683,1.9187,-0.4077,-5.7854,-1.2597,-5.0842,-7.3148,0.6301,6.4416,-2.3787,8.4162,-4.122,-9.2745,4.7396,-2.6912,5.2715,-9.7731,-1.3275,-7.7066,-2.2783,6.0874,5.4558,2.8702,0.5089,8.1249,-7.7541,-9.9883,1.3284,7.6447,6.0075,8.5245,4.4764,-5.7701,6.6411,6.2671,-6.2444,2.7768,5.7712,-1.5329,-8.3233,-9.966,5.1626,-6.054,3.2192,2.3825,-4.1104,-8.5235,-4.015,5.9335,6.0268,-2.0568,-6.408,-8.0917,-3.9536,3.3335,3.7515,-7.6916,0.9493,6.0606,0.6267,-2.0701,-9.399,9.6561,-1.805,-1.0929,-8.173,3.9407,0.4727,-6.3809,-2.7489,7.0088,3.6137,-2.7589,-1.2423,-4.262,8.3294,-2.7254,-4.331,-3.2395,9.8312,-0.5387,9.0534,-2.7983,-9.0938,7.9589,5.7307,9.2279,-2.4625,-3.6488,-2.3224,-0.2749,6.7995,4.3145,-2.1788,-5.1355,7.3138,-2.9069,5.5221,2.251,4.6183,5.711,-9.3735,-5.4006,-0.1538,2.355,6.3835,8.3423,-1.2669,-6.8942,8.0168,-3.2749,9.395,-9.254,-9.6747,-1.8411,6.0795,9.7594,9.6392,2.5594,-0.7047,4.7108,5.9124,-9.7176,-3.039,-6.2003,-4.565,6.2516,-3.9184,9.9559,-6.8699,-1.9091,1.2766,0.1051,7.017,3.4941,2.4727,6.4819,9.0487,-1.2495,2.1028,5.3508,2.2198,-9.4086
-0.5686,3.7261,2.2749,3.4486,-0.1222,4.0603,-6.6822,2.2641,3.3335,-9.0889,9.9945,-6.8044,-4.7093,6.3873,-0.114,9.1935,9.682,-8.4475,-6.8627,-6.7087,-3.5753,-2.7099,3.8037,7.4587,-4.8538,-3.0012,-3.0888,-0.1352,-3.7281,9.8086,7.9114,6.3786,1.5359,-5.673,-4.7348,9.4588,-7.5646,-1.183,3.0633,-6.4635,-2.8776,-8.8804,3.6136,1.284,-2.2674,-3.4299,1.3051,-1.2458,-2.5369,-2.1198,5.4867,-8.6827,-2.0224,-4.7936,-6.6513,-0.114,-3.895,8.7282,7.6904,-8.5848,5.0311,8.4239,-7.3137,9.689,5.9564,7.6952,8.8387,-8.9517,-0.3439,4.0914,3.2016,-6.5478,-6.741,-0.7888,4.1922,1.4889,-6.9364,6.4252,-1.549,-2.4829,5.2104,6.206,7.3723,7.1814,-5.3877,1.1158,3.7151,-0.957,-0.6307,2.7996,-1.9796,3.8718,-1.7095,6.1639,1.1256,-4.9081,6.5488,2.4431,-2.0797,-4.806,-3.2922,7.2138,5.8523,0.8852,2.6708,8.6666,1.694,2.0517,-2.7048,-9.7571,-4.4688,7.5005,2.4876,5.9441,6.3239,-3.5545,-1.386,-1.4546,-0.1984,1.2887,-9.008,5.454,5.5244,-3.4198,7.2841,0.732,-8.2391,-0.3572,1.0256,8.1032,9.5858,-4.2685,6.5184,-4.4278,-5.4439,4.275,-0.7181,4.3118,-2.764,-2.8768,2.2915,7.3507,-6.5201,-5.7266,-2.2224,-2.7243,8.7053,4.581,-3.5028,-6.5083,6.8986,-7.2698,-5.5356,-6.6223,9.7095,-7.2895,7.9743,-3.4556,1.4588,-8.75,7.1969,-6.4301,-7.048,-6.5129,2.0115,7.2821,9.2221,-7.9086,-7.4683,9.7561,-3.9651,-6.4843,-4.0672,5.7543,-8.5278,-3.493,-7.7323,6.09,4.4343,2.8694,7.8147,1.8806,0.1027,9.8951,1.1441,4.4243,7.0434,6.139,6.624,-3.6047,4.8803,-5.5098,8.1395,1.0261,-8.0416,8.1616,4.0495,5.1712,-5.9479,-5.7869
-1.444,3.3265,5.4635,3.3628,-0.4253,-4.6863,5.3051,3.7621,6.1852,-8.3332,6.6014,-3.8909,5.9561,2.8338,8.7187,-0.607,8.5284,7.7086,5.4198,-1.9988,-1.9459,3.6447,2.9875,7.8789,-1.5683,4.9701,-3.9556,8.0235,5.0042,9.2604,-8.7715,9.9091,6.8587,7.5914,4.6358,5.504,4.0253,8.3884,6.4411,0.1566,1.0494,-7.8976,-7.5796,-5.1582,0.6842,3.2017,9.8345,-0.3401,9.7237,-7.2181,6.2028,-8.7825,9.9477,1.0275,-9.2109,-1.8057,7.0543,-6.5936,7.9477,3.6067,-0.7475,5.5346,-5.16,-8.1606,0.145,-8.3642,6.2759,9.1169,-7.6172,9.6188,-1.6257,1.8985,-5.9312,-4.8197,-9.2762,4.9183,-1.4945,-6.8886,-8.2408,5.5916,2.1476,-1.9626,-3.334,-0.576,9.0212,-3.6608,-7.0427,-1.5674,-7.0779,-0.6422,-3.6047,-2.2325,-1.8942,-7.8875,7.8988,0.498,-7.5367,0.2815,4.2699,-0.4877,4.9887,2.7139,8.5272,5.1983,-9.4825,6.5482,-5.971,6.3418,-7.6592,-3.5933,-0.6395,6.2531,-6.2609,-3.9117,9.9476,-4.5605,6.9486,-4.3296,1.4295,2.7177,-0.4479,4.5833,-4.2811,-9.8457,-5.6185,-8.0784,-1.6279,-6.9907,6.1122,-3.929,3.4098,-8.67,5.9288,1.7717,2.2905,-5.6053,8.7312,4.0637,9.8639,-6.5549,-4.4362,-7.3803,-6.8884,3.5344,-5.2681,7.6943,-6.74,-1.5245,3.2651,-0.9576,8.4786,-6.6628,-5.7788,1.0996,7.1963,5.2953,8.2096,7.0812,3.9429,4.6933,9.5023,-6.2315,4.3567,-5.9157,5.8056,8.1175,0.6536,-4.0552,-8.1923,1.5449,-0.1166,3.3093,-3.0563,1.5182,-5.0037,-7.9648,-8.5981,-4.509,0.62,-6.0822,-5.2709,4.8143,4.813,6.8595,-6.94,4.3954,5.8151,4.6978,6.0466,-5.5579,4.3054,0.7062,7.809,1.1382,9.6905,0.4429,-9.3269,2.3503,-4.0597,-8.9482
4.5342,-7.6103,3.3648,6.8047,-5.5664,4.8856,6.3914,-1.686,-1.5886,2.8155,5.4706,8.8263,5.2658,-9.8644,-5.907,5.38,-9.984,-9.9771,1.768,-4.4805,8.1231,-5.8481,-5.4878,-8.8748,-3.6162,7.0636,-5.9612,5.9465,1.5047,-3.4982,2.7456,-5.5529,0.7068,-9.0839,1.8204,3.2551,-8.8506,-1.5218,-4.056,4.8275,-9.5983,2.2338,5.5694,-2.8738,9.2785,6.6934,4.7076,2.31,-1.2718,2.0566,-2.3453,-0.6033,7.9947,-2.1142,2.7261,3.7048,-7.9872,-9.8384,-2.0107,7.5384,6.9023,4.4054,-0.9057,2.9917,7.971,7.2695,-9.7873,3.5855,-0.1937,-8.5265,-5.1593,-9.9628,9.0306,4.2522,3.2892,-0.8597,3.9045,-4.651,-6.4714,7.4176,5.327,8.2894,0.204,1.7455,-6.5387,2.3304,9.7768,-4.3527,2.5361,-7.7813,2.6121,9.8733,-9.2608,-5.3839,-8.5921,-0.5689,-9.3298,-6.4584,-7.5362,4.6611,-7.5737,-2.3815,-0.3399,6.3102,2.6988,-3.9901,4.1396,-3.9585,9.4736,8.1045,-3.5794,3.3015,-1.7624,1.4827,-0.7176,4.445,3.9546,-8.2922,1.1623,-5.8051,-1.9767,8.8143,-3.3703,4.9392,2.1254,-4.9543,-9.7256,-3.1816,-4.6044,-4.2733,9.7384,-3.8878,-8.9784,0.0042,4.8038,5.6648,0.155,7.7484,-6.5742,-7.2147,-7.8555,-9.5556,5.2051,0.3387,7.0189,1.2388,-9.4384,-4.8167,-8.9812,5.8953,-2.234,3.0868,-6.6399,2.0969,-7.2379,-3.2714,6.48,-1.661,-2.9264,-2.6611,8.4342,-8.2721,-4.4167,2.5377,1.4764,-1.8672,2.9993,9.2125,6.9298,-4.035,3.4094,8.5936,-3.3044,-7.7471,0.3796,-5.7762,-3.6828,-3.8887,-4.4062,-6.4144,4.5379,1.0084,3.261,-6.2776,-5.3035,3.4024,-9.0548,4.5318,5.7942,5.0597,-8.1953,-7.8524,2.9054,4.1496,-1.4761,-9.9048,-3.2468,-8.1118,-8.5363,2.0431
-4.5606,6.3892,-9.6203,-5.8015,6.4734,4.9182,7.5116,-6.2491,9.7457,-0.8238,-4.5629,-8.7966,-5.5647,-5.3584,-0.4404,3.3906,-2.022,1.2254,0.6804,-8.1217,-4.3418,0.6989,-5.7203,-1.4113,8.7413,-4.8238,-0.2925,2.3803,-3.3111,-8.9944,7.8479,8.0515,-0.7826,-3.3852,-1.6355,-8.8435,7.4479,9.8318,-4.2735,4.6273,-9.6114,-6.5987,6.9771,-4.4555,-6.9856,-5.8777,-9.7217,5.0641,8.5913,4.4781,-6.5603,6.4965,-8.0076,-9.2943,-5.1739,8.7737,-5.9832,1.8684,0.1343,1.9968,-8.8357,2.0412,5.4659,-3.3661,3.7215,3.7641,-6.5104,7.4635,3.8272,-1.3455,-6.343,-4.1564,-6.9264,-2.6991,8.9752,4.4451,-7.4317,-4.1666,9.5607,0.6502,-6.8408,3.2168,2.9135,3.4219,-3.2644,-8.9381,-9.8096,6.3334,6.9068,6.9571,5.8121,4.9414,-1.9152,-3.6676,-3.7039,7.6714,-4.6958,8.7838,-4.8574,-0.1408,1.4486,5.3222,0.633,-8.6003,9.5596,4.2545,-2.1928,-5.1455,3.2853,-5.0429,-7.4735,6.8098,-5.195,-6.454,0.7489,8.3543,3.9611,-9.2248,8.1954,-1.2131,3.9778,-5.4104,-3.5123,9.3708,-2.1277,-5.1767,4.2944,-1.5082,6.6865,5.1231,8.9156,7.058,7.8567,9.799,-4.6616,1.5087,6.87,-7.7311,-0.5101,1.2053,9.9566,-7.5876,3.0197,-1.6893,-4.1394,-6.2171,3.8885,4.5168,4.7139,-1.4406,-9.1456,-1.5847,-1.0003,-0.2579,-6.6028,7.9592,-4.0517,2.699,0.1855,7.0358,8.436,-6.6077,-0.3271,3.3666,5.8597,-7.1172,-0.7693,-2.3928,8.0712,7.1371,2.5437,4.6958,7.5822,5.9973,-9.5737,3.3851,7.0593,3.9519,-9.478,-0.2842,-8.9218,3.784,3.9443,-2.9543,-7.7136,6.0441,0.9112,-0.6614,-8.0254,9.5959,9.6312,9.4389,-9.8795,-3.8161,8.1245,-7.5281,3.0569,-1.9245,0.6871,4.775
6.1653,8.6328,-0.4323,-3.2049,-2.338,1.0403,-2.6478,2.2149,6.1172,-0.4657,5.6631,-6.538,-0.4504,-2.1735,-9.6914,0.4502,4.5767,-7.9504,0.4762,7.7237,6.4515,6.5024,-5.068,4.0908,-7.7006,-7.5206,-0.3725,-6.0022,-0.9477,3.6959,7.3803,-2.7488,7.9806,6.4933,5.0926,-9.8977,-8.3039,-6.0464,7.7365,-2.6152,-9.2422,5.9669,-5.7508,6.5747,6.4441,-8.7567,1.5532,-9.6325,-0.9687,-2.9684,-3.4091,-1.2973,-0.0897,1.1366,6.875,-4.456,2.6631,-0.233,-9.9437,8.6594,-9.2365,-9.1097,1.0212,5.3821,-6.5812,-2.6741,-7.5487,5.5865,-9.8643,4.2634,-8.4608,5.8803,-5.669,-0.6305,-2.8391,-1.9996,4.4142,-2.4665,1.3034,-0.5649,-6.4372,8.5145,-0.7087,-8.2095,-3.6241,-5.4125,-8.7732,-6.8949,-7.2165,-7.7069,-6.9434,-3.4918,-7.0599,-8.9151,5.4177,3.0197,-5.7157,6.9342,0.5199,-0.244,-5.9914,-9.9159,8.2747,7.3659,7.3367,-6.1362,-3.2368,0.707,0.2145,1.9081,2.911,6.489,0.0657,5.4697,8.6006,2.7036,-4.677,7.4866,-4.7638,-5.1213,1.1396,-9.6396,-7.4746,0.9854,3.0982,5.7789,3.6038,-7.0292,-9.2192,9.5857,-2.7238,1.2056,-8.2917,-6.4437,0.2157,9.8042,-2.2179,1.4982,-9.7487,6.7699,-1.7841,4.734,-1.0457,-3.2466,5.0743,-7.8328,8.4646,-0.9962,2.321,-9.9943,4.5546,3.4937,-5.3762,0.738,0.9879,0.1535,1.5984,1.6003,-9.139,-2.8388,9.0708,-7.2401,3.3246,3.4938,6.8837,-5.487,-5.0209,-1.3155,-5.5465,9.5449,-5.1486,-8.8532,0.7962,1.5974,-0.7222,7.9422,-4.9376,-0.9068,-9.9143,-0.4516,2.1402,-0.3533,9.9666,7.994,-6.5191,3.1794,9.774,-5.4714,7.2524,0.0147,-1.5854,1.7435,-2.9979,8.0205,0.795,-5.2806,3.0362,-5.1088,0.3585,1.2898
5.4791,-9.5912,4.0221,-6.7888,5.8873,1.4468,2.358,-3.6742,8.1449,-9.0643,4.2563,6.7696,-6.1098,1.6812,-5.6684,7.581,-0.3074,3.0278,-1.5353,6.2177,-7.2319,9.0358,-8.3935,6.0771,-0.5557,-6.1461,3.5231,8.7614,6.8298,0.5885,5.5794,9.0572,-1.5007,-3.2713,5.4127,-7.708,-2.4307,1.6537,9.0641,-7.0658,-0.6532,-8.7871,5.9047,6.7395,-3.4007,8.6379,3.3982,-3.6246,7.96,6.5416,2.3105,5.5227,-5.0464,-6.2342,3.9151,-8.9068,-1.1719,8.9963,-6.4756,-4.1976,-5.218,1.824,-5.7757,-1.6083,5.8569,5.6224,-3.2505,-4.368,4.0679,-4.1622,9.0844,-7.3966,5.2181,-3.2893,6.4431,-0.7797,-2.8476,-7.1783,-8.9233,1.7481,8.4319,-0.5772,2.5328,4.8081,-8.6512,5.7586,5.8141,3.4526,-1.97,8.049,4.4027,0.5849,4.8706,6.0796,-7.0124,8.5832,-9.6406,2.2321,-6.5929,2.9096,-1.1557,5.7686,-9.7979,9.4059,-9.6224,5.5058,8.3472,3.3416,-8.9378,1.7802,7.7471,0.7072,-6.0603,4.7382,7.0226,4.334,-0.0766,8.0748,-1.5332,-2.7771,1.2726,6.4886,2.4635,-6.8906,-5.1787,8.7393,-3.9206,7.0929,-7.5447,-6.389,4.54,7.7582,-4.7001,3.5865,3.4427,-3.3221,5.3835,-7.3026,-2.3958,-5.4054,-3.4145,-3.8985,0.9906,2.69,2.3001,3.2858,2.0517,-5.9853,-7.7861,-7.945,0.9655,-2.1737,8.6347,-4.3451,6.0955,4.9337,3.8102,8.9592,6.7491,9.2198,3.7713,-2.7993,-8.7394,-2.875,2.6441,5.2125,-2.711,3.1321,0.595,-7.1586,-4.1151,4.5861,5.0521,-2.2116,1.1936,7.0341,5.9346,7.3859,1.7456,8.0456,9.5732,3.7534,6.2611,9.3014,-9.4864,4.7543,-7.477,-7.3717,-7.783,6.1174,3.0007,-6.9522,-8.4483,-5.7282,-3.9153,-6.8312,3.0067,-1.0508,3.2638,3.6115
4.6117,-6.646,-2.9705,-8.5864,4.3198,-3.3165,-1.4504,1.1024,-8.4347,0.9727,2.8467,-1.4075,4.9573,-0.6955,-7.4834,-3.0065,1.6423,9.2591,-6.6884,-8.4658,0.4401,-7.6072,7.3597,-9.2701,-4.5468,4.7556,-1.0169,-0.4303,9.937,-1.5034,7.0324,3.0196,8.9757,-6.0263,1.4159,-6.6151,-6.1028,-5.0374,9.6687,9.1044,7.8414,-1.9856,6.392,-9.8119,1.7632,-1.8558,9.0319,-4.0018,7.7963,9.5699,9.4487,9.1484,5.7272,-5.6174,1.6685,1.3283,8.2359,-4.6824,-9.1984,1.2363,-3.7196,4.3828,-7.6703,2.3304,4.7046,-5.2279,-8.5093,-0.9224,8.2507,7.9237,-6.0536,-6.5519,-2.2664,-5.5489,3.1012,3.1373,-7.4022,0.9092,-3.1652,-5.2107,-6.1738,-2.7097,-7.2571,-4.2597,2.6043,-7.865,-1.4216,8.6165,1.0799,3.8331,2.9026,1.3798,-0.9895,0.6254,2.5629,-0.7756,-5.8371,-5.4184,-6.0145,4.5924,-0.003,-7.9928,-1.5525,-6.2889,7.8601,-1.4653,-5.8755,-7.5969,3.2703,6.2925,-6.7981,7.6104,-0.1559,-0.1094,5.1337,1.4167,2.5012,5.648,-6.8109,-9.9567,1.5132,4.9606,3.5999,-3.6245,-6.9321,-9.734,7.6664,-5.8316,-3.7107,-1.3111,-1.4903,-5.0727,4.4415,-0.8091,7.3207,-1.7712,9.4702,8.2502,-2.5921,-4.8567,0.7024,2.3154,-3.5769,-3.4407,-4.1422,4.2073,6.215,7.8147,-2.5223,-4.2689,-4.6221,8.7096,-5.3924,-9.3867,-9.8674,-2.929,-5.2627,-8.8841,6.1008,9.418,7.6102,2.035,-0.0658,-6.413,-1.5818,-5.68,-5.6803,8.0197,5.2765,-8.6532,-6.7249,2.3177,-5.8706,-7.7891,-4.1116,3.2244,-4.0209,-4.1754,-5.9866,-9.4719,3.8063,-0.5486,-5.1756,-1.3192,-0.7309,-1.6359,-3.5257,-5.9753,0.245,-6.0415,3.0805,5.4752,9.5409,-7.478,5.0136,4.464,5.167,-9.7255,-1.3349,3.0764
-4.5455,3.4919,0.1096,-7.2513,-8.8951,-8.4691,3.8056,-7.9105,-3.035,-4.2241,-0.2068,-2.9619,4.8864,-1.0805,4.7203,4.3658,1.6524,-3.688,-7.9682,-1.2254,-1.3023,7.0869,0.1555,-9.3939,2.239,3.9233,-5.119,-4.7254,9.603,3.2835,4.608,-0.1422,-3.4635,-9.3669,7.8784,6.5773,2.8081,-6.625,5.623,-5.7599,-9.1175,1.3091,-6.9742,6.4337,-0.2102,-4.521,2.3696,8.3854,9.2351,5.7851,7.0635,-0.7249,-9.965,1.1186,-4.5446,-6.9643,-2.7496,-8.4929,6.2021,2.4873,-5.5574,-8.0201,-0.2258,9.3849,-4.2802,-1.3745,-2.4637,-0.9669,-4.5789,1.8072,1.5948,-1.716,8.0152,9.6836,8.1191,9.4311,1.2281,2.9812,-4.2908,0.1764,2.8632,1.8898,4.5873,-6.5304,-9.9695,6.3509,7.1107,-1.4937,1.7327,6.6764,-8.8869,-1.3351,-9.2559,5.8464,7.9623,4.2163,-9.0923,4.911,-3.1139,7.1625,-0.1229,-6.6867,7.5229,1.1041,-7.1298,4.0462,1.7737,-8.4868,-3.5457,5.2245,-4.8944,-3.7685,2.3139,0.8218,-2.1609,3.5394,-2.0859,0.8832,9.4277,8.8731,6.3491,1.1253,-1.7999,0.486,7.2506,2.9954,1.5629,5.5466,6.9732,-5.038,7.0079,-8.9221,5.0976,6.9159,-8.292,7.0708,-7.434,-6.4479,1.2098,0.6777,-9.9733,9.6174,-8.9113,-3.3269,1.4215,7.6635,9.5848,8.3525,-6.7377,-0.0517,-3.7261,4.5475,-1.8179,1.3984,5.9677,6.8389,-3.0042,8.9149,6.5353,-5.7143,4.9646,-6.2156,7.9264,-7.3578,6.5863,-5.498,-6.1831,-9.9358,-9.0056,2.7148,-0.0618,-7.7139,9.8758,-2.5939,-4.4941,-7.8043,0.4986,-8.2106,-9.0494,-3.9809,-9.9358,-7.0415,-9.872,-2.1145,3.202,-1.6397,4.9806,5.3946,-5.1637,-1.7426,6.6804,0.2959,0.7527,-5.5706,7.7285,4.6105,9.6212,8.0928,-2.1561,4.5769
-8.2608,-3.8688,-2.5473,-7.1667,0.9123,-9.1257,-8.8654,9.595,5.5676,-7.4424,4.9864,4.9827,-6.0458,-2.8029,9.4855,-8.2899,-3.7594,-1.5951,8.6788,9.9635,-2.3235,-6.4101,-8.0087,6.8881,5.5183,-7.6403,-8.8371,2.0161,-1.9262,-0.5526,7.5376,-0.0512,-7.3086,1.0381,2.0996,7.3377,-8.6,7.0909,-2.4429,8.7536,3.5934,-2.6748,-7.4035,4.8387,1.5413,2.4586,-0.1132,9.6923,1.343,9.9513,8.3807,-4.2906,-1.7816,1.7707,-2.4747,5.2168,8.562,8.4715,3.0597,0.682,-0.6813,5.6197,0.7985,-7.0339,5.2513,-3.2815,-0.9603,-1.2304,1.6533,-0.8277,0.998,9.8718,-4.1132,-6.9031,8.1931,-4.3393,-3.3464,-1.82,2.8663,7.7145,6.6431,-0.9451,-0.9592,6.8976,8.5405,9.4399,-9.1281,-2.4503,3.6576,-5.0427,-9.793,2.5332,1.3181,5.5831,9.6712,7.7469,-0.0705,-6.8727,0.6918,-7.3763,-4.1192,7.5324,3.4947,6.6863,-0.9428,5.1013,-8.0562,-5.6709,-7.0699,7.1956,-4.4015,-4.9451,3.7559,-1.7338,-2.1305,7.6478,-7.8913,-9.3595,-6.1745,-1.2809,-7.6502,6.4463,2.1719,5.54,9.9639,-4.9072,3.4395,-2.3726,-6.4825,-9.7201,-7.4651,8.9875,-4.9541,-0.6057,0.2716,5.0725,-1.9005,7.1086,4.0525,-1.7566,3.0375,-4.7321,5.9915,-3.7556,-4.601,-6.7141,-2.8953,0.4318,-0.6949,-0.1036,5.3374,-2.791,4.5125,-1.9756,5.0554,7.4957,-8.9356,-0.0323,-6.1049,6.2566,-6.7262,8.9801,6.0108,-6.021,-7.4191,-7.8992,-4.901,-0.0344,-7.2752,2.959,-5.5641,-3.2537,-5.8085,-5.9166,-4.4129,-2.5057,0.3318,7.3518,-1.994,2.5419,3.1079,9.331,0.4714,-8.0331,7.1153,-5.2414,-4.4708,-5.4092,-2.8422,5.9734,-9.0209,6.8093,-8.7121,-9.2774,-8.4344,-1.0304,2.6991,5.2097,-8.2306,8.4385
5.4779,2.6661,2.9812,-9.7263,0.3315,-8.6112,-6.1723,-5.4939,5.1465,-3.6917,7.7421,6.4671,1.6916,-5.5215,-0.8757,9.7104,-2.8886,5.4474,1.1266,-8.3884,8.4215,-1.393,3.6707,7.7902,-6.185,3.6251,-4.3757,0.893,-1.6785,6.6248,2.7677,-8.8832,3.3972,-1.8267,-9.1826,-0.4043,6.8659,-1.7039,-5.8923,5.1244,-5.437,0.6685,1.6629,8.301,-1.1818,-0.949,9.4211,5.4292,-0.3052,-0.2341,2.5452,-6.4749,0.2018,3.0582,-7.435,-5.2043,-6.0051,-2.1849,1.8126,5.9331,7.6457,-5.3256,-5.6828,-0.1641,4.4227,7.1802,-7.3399,-7.0662,4.7696,9.917,-0.414,4.113,-2.379,-8.9418,2.8936,5.7537,0.4143,-1.6506,-3.5955,7.8556,6.5495,6.7197,1.7311,-2.9581,7.2655,-8.7586,-7.2176,-4.7926,5.3649,4.8892,-7.5866,-2.4174,-8.8147,-8.3598,-9.9066,-3.0582,-0.0495,8.2312,1.205,7.4815,0.0839,-4.9875,-3.2842,0.3812,6.0679,4.9198,0.1268,-4.5318,-7.477,-0.1674,0.3206,4.2453,3.7376,2.8128,-1.8584,-7.9992,5.686,3.1701,2.766,2.9531,9.3267,-8.4844,-1.4469,9.7222,-7.3802,-7.2335,-8.6438,-1.3807,-9.2972,-5.7243,-8.1885,2.5852,4.5413,-0.9641,-5.462,-9.0796,9.5433,-6.1533,-6.8051,8.0668,1.3163,6.1309,-2.2921,2.189,-4.5007,9.3822,-2.7515,-4.9408,-7.3067,-2.098,-8.9491,-3.1815,-5.9592,2.2134,1.427,7.7933,-1.9648,-4.8778,-1.0456,-2.3697,7.8113,-9.9932,-3.4721,7.1456,-5.2949,2.2616,0.7693,-8.0573,-2.5884,-1.1195,3.2874,-5.4466,0.573,7.8172,-3.9369,-1.3338,0.9381,-3.0724,-1.5587,4.6476,2.744,-5.1259,-2.9493,5.4685,-6.9524,4.6699,6.6939,-5.3991,8.273,0.3754,7.1214,-6.633,2.624,2.6178,-0.1245,-7.8203,2.9676,-1.5671,6.5684,2.4793
9.0059,5.1957,-8.8024,2.7217,6.9031,-1.4885,-3.2375,4.5792,-9.6766,-9.1003,9.0336,4.8979,-5.1672,5.6569,1.0194,-1.2436,-5.8616,-6.6347,-5.2028,-7.0937,-6.04,1.7403,-5.7388,8.2806,-1.9234,5.8593,-9.1571,-3.4812,-3.8017,2.9916,-5.9633,-1.1158,-8.2826,-6.4061,0.3948,-9.9125,-0.7041,3.455,4.6381,6.6563,8.4633,-4.6602,1.5792,4.5145,-1.7777,5.5244,3.1513,-0.1975,-7.4037,0.9492,8.2614,-8.386,-6.5625,6.8346,1.0358,0.6155,3.2531,8.3384,-5.9089,4.6711,4.8884,8.6344,5.5516,2.3313,1.2973,6.4672,8.4175,-5.7616,-5.2289,-9.0076,-7.7022,-7.3389,5.843,2.324,9.1976,3.2167,-7.917,-9.9934,8.3992,7.5498,-9.9167,9.7625,-6.6165,-8.3496,3.8253,5.3874,-2.5962,7.1679,-4.3457,-3.7038,1.8161,-0.5056,7.1993,-8.7047,-8.9028,7.4774,-0.5677,6.0975,-2.4874,-5.8322,0.8143,-9.9182,3.909,-1.7684,-9.8591,2.9553,4.9561,4.3844,4.3457,-1.8536,8.195,-6.2637,-4.8763,-8.3839,-8.4324,-7.2747,-1.1458,-3.4574,4.0679,2.8882,2.713,2.7169,-5.9044,-1.9571,2.2759,0.9994,-4.9158,-9.2222,-9.9374,-9.0298,0.2865,0.2708,0.9271,-8.2029,-6.348,-1.9539,-7.3059,-9.1176,-6.0307,1.6504,-8.8716,7.2855,-7.8443,-0.755,-0.9564,-9.8422,0.6977,8.3483,6.319,7.9546,-8.1414,4.7516,1.6377,4.6813,-4.9911,5.5113,-5.0077,-1.2769,0.8972,2.113,6.9151,9.8938,0.0081,1.4319,0.5728,-1.0576,-3.8836,4.4005,-4.1089,-2.104,-1.0316,8.4385,-0.0708,7.8275,5.8218,5.3686,-1.6351,3.8834,5.2874,7.6844,5.3347,-0.9257,4.5803,-0.4505,-3.647,0.1348,3.2826,-3.406,-2.367,-6.4034,1.2389,-5.726,8.1023,-8.3278,-6.2121,-5.1894,-9.1735,-2.9583,9.6374,1.9768
-9.5426,-6.4521,3.5317,8.3733,-1.435,7.3663,9.2192,-9.1165,-8.8579,-6.004,-4.4089,1.5699,1.4494,0.6608,-1.3164,-6.1474,6.2518,7.0525,2.7614,6.7184,-5.846,-1.8928,-8.7968,-5.522,9.3817,5.4622,-0.9052,1.2401,6.9849,2.4956,-0.6948,-1.9904,-8.4006,-2.692,4.435,-7.9266,-5.9031,7.4012,-6.4291,6.7122,-3.284,-8.2699,-6.2328,-3.5939,-8.1132,6.3116,8.0501,-9.7813,4.9738,-1.5355,6.3792,0.7417,3.6617,3.4445,-3.6895,-0.8058,8.513,5.676,-9.9416,-9.9164,2.8378,-9.6397,3.0397,-4.5905,-8.6186,-8.4391,5.5377,9.7191,0.0818,1.2137,6.7489,8.5533,5.4846,8.5454,-6.5542,-5.4328,8.5799,-7.6166,7.8276,-7.9718,4.4484,2.865,3.5887,-2.4789,2.6811,6.5722,8.3583,-9.6273,-3.8041,-4.5789,-7.1922,8.6302,5.8848,8.6391,-8.5139,2.4063,-6.0292,1.6049,-2.842,7.2806,2.6965,4.6045,9.6338,3.2317,-6.3768,-6.7335,-0.3435,1.6509,2.9364,-0.8805,7.9225,9.1163,-8.5071,8.5468,8.2447,-5.8529,-7.0698,2.7096,-3.4799,-9.0486,0.2189,4.6829,3.2016,-7.6586,-1.1678,0.6534,1.8383,8.9394,0.3897,-0.4499,-8.2008,1.1096,-9.7911,-5.2802,-7.4617,1.9067,-9.4163,7.7243,-2.4619,-2.2252,9.7915,1.9374,4.4338,3.2925,4.9169,-6.1223,3.6944,3.436,-5.4089,8.486,0.5493,-9.1103,-3.7854,-0.6897,4.2809,-2.0708,2.6676,0.2024,-4.1088,-0.0974,-2.6978,8.0925,9.4006,2.6509,-9.2837,-7.6814,-4.7993,-5.8508,6.2678,-9.97,-3.854,0.6936,9.1372,-3.5644,1.6541,-2.3935,4.2372,6.9668,-6.1409,-0.0879,-1.9612,4.3392,4.9713,-2.8793,3.1677,6.1456,3.5722,2.0119,5.2643,3.7025,3.806,7.524,2.5757,-4.2594,-4.1958,-1.1386,-8.6129,-2.2996,-2.7217,-6.0082
0.7842,-9.7298,8.4452,-6.4248,1.3711,1.1221,1.221,-2.1138,1.366,6.4067,-5.3659,7.3955,6.2792,8.3267,0.1699,7.9189,6.1944,6.9992,2.3744,3.8954,-7.6994,-9.2352,7.0833,6.1433,-6.9797,-5.0671,-5.5011,2.6641,2.7624,-7.1174,-1.5262,-1.1754,3.4947,7.8015,4.63,6.7745,-7.0842,-3.8304,0.4605,-2.7654,6.5953,-0.4384,4.9212,-1.8043,-7.2705,-3.1167,5.0751,6.547,-9.7014,-2.8964,-0.5446,3.5531,-6.1962,8.6092,-6.1381,-2.68,2.349,2.0968,1.5093,-7.1503,9.0644,9.4242,-5.5076,1.7996,-3.6694,3.8073,-6.9362,7.9789,-2.9621,6.155,-9.6118,7.935,8.6697,5.2912,2.9586,-9.9072,-4.2354,0.5608,-5.6435,-8.977,3.0796,-7.9708,1.4249,8.7035,-2.3128,-5.5866,-8.3696,2.3194,8.6549,2.7277,-5.7874,5.4595,-0.6425,3.1213,8.7193,3.4336,3.6279,6.5428,1.6323,8.6048,-0.3623,-1.8417,7.5277,2.8205,-9.7767,-3.647,-2.3898,4.7699,-9.4324,5.5317,8.7936,-0.973,0.6309,0.9904,-2.8036,2.8128,0.5136,2.1871,-3.6499,-6.9294,6.5305,-2.7803,-0.8976,4.5315,6.2668,5.5453,-2.9823,-8.2893,0.8644,4.6085,1.4153,-7.0678,-6.9147,-1.1552,-1.3246,-2.8972,4.7702,7.1702,-0.7104,8.8693,9.9088,2.9644,-1.5219,5.7037,-8.3809,-3.9673,6.9002,-1.7501,9.0579,9.4086,4.8542,7.2465,-7.8381,0.3561,8.0378,-0.6972,3.9679,-8.4044,9.0213,-3.6748,3.9288,6.1917,-6.1683,-3.7976,-6.4522,-2.8436,7.5316,-9.9133,-7.6476,6.6017,-0.6563,-8.3297,3.2686,3.6981,4.08,-8.3819,0.7776,3.377,-7.1047,-5.1826,-7.2504,2.8898,-8.1648,-6.831,3.3712,8.6472,6.1204,7.7413,-4.2433,9.0792,-8.2273,-7.8952,0.5452,-4.045,2.2375,-3.3292,-8.9076,4.4565,5.4836,4.386
-1.5354,-8.5793,-3.435,-2.335,-4.1427,-9.0615,8.1827,2.143,4.5638,-0.3734,-7.8641,4.4249,-2.7988,-9.3904,3.501,5.388,-8.342,-5.0755,7.8995,-7.0307,-6.87,9.4788,-5.8047,1.0352,-5.8623,-2.7053,1.0647,9.9508,-7.0748,4.9382,8.9775,-2.3986,3.8005,5.3213,-6.8099,-6.3821,6.5101,-3.8712,9.3488,1.387,-1.209,-1.2925,-3.6127,-4.1312,-6.0255,1.2223,9.0077,7.5848,2.9607,5.3936,-8.2466,8.0026,4.0115,-5.2896,-4.5667,-4.0153,7.7347,-0.8001,-8.8603,-5.0523,-0.0066,-1.3572,3.3289,9.4778,-8.5702,-1.8362,-4.1312,8.4411,8.3869,-2.066,-7.3371,-0.4818,4.7452,-1.8582,-5.8163,-3.951,-9.5021,2.318,-6.1604,9.9498,-3.0078,4.782,8.3615,-6.8651,-3.1008,5.17,-0.3946,6.101,2.972,-7.8846,3.1491,5.5766,-0.106,2.5499,5.1504,-2.396,-1.7753,-3.3682,-5.1665,3.8192,-6.855,3.6123,-9.8035,3.2339,-7.3693,5.0104,4.6702,-1.246,-5.4536,-1.6296,-5.7369,9.4994,7.8894,3.6404,-8.992,4.8507,5.9901,7.618,7.5258,-4.6684,7.3303,-2.4836,-3.2801,3.4811,3.0866,6.2767,-6.7924,-5.8123,3.5692,-8.6449,-5.2529,-8.1795,7.7701,-8.4961,-4.5506,-6.2535,1.8696,7.0345,9.8015,-2.1491,-5.9543,4.6312,-7.4443,3.5729,-5.3782,2.8657,-5.9722,4.8145,-3.5757,4.6582,-8.6803,4.1782,7.81,-0.4042,-5.1469,-6.1035,6.4253,-3.3922,0.2445,5.04,7.4351,-4.1905,2.6592,2.1572,-0.4917,-1.5598,-0.0633,5.7879,6.7019,-6.4559,0.3019,-1.1124,6.4651,-5.7503,6.0716,8.5172,7.2763,3.0542,-0.6924,6.8712,7.906,-6.3739,-0.3283,-9.4082,-6.9979,1.2788,2.4227,-7.2953,-8.8574,8.8501,-9.1486,-5.4652,1.5573,1.3743,-9.0286,-2.8273,0.2069,9.8954,0.5693,3.8611
-6.6375,-0.5307,-5.8983,5.2615,-3.6658,3.7798,4.74,-1.6204,3.1249,5.1564,2.2986,-3.0072,-1.2734,-9.0203,7.5546,-3.6182,8.8017,-4.0318,9.9776,-6.5053,-4.6068,8.7542,1.0379,-1.1257,8.4496,1.7779,6.4822,9.5716,-4.9233,9.3317,0.6359,4.1298,-7.6473,-0.0657,7.0783,-0.7362,1.8325,0.7449,3.6528,2.8859,9.7071,3.672,-2.525,6.524,-4.5522,5.8499,3.1022,0.2661,6.2269,9.6052,-9.7949,-3.8548,5.726,2.6589,1.2933,9.1084,0.2824,0.0688,-4.047,9.0065,5.3653,1.2548,0.5964,-1.4924,-0.13,6.2144,9.6775,9.0808,-0.1111,5.332,4.0918,-4.1364,6.7548,-5.5517,-6.6451,-8.0635,9.8727,5.7013,5.4538,2.1778,-4.8546,0.9478,-3.654,-2.8279,3.6903,2.0159,7.3095,5.5305,-6.8678,-9.7418,8.5477,3.4987,1.9892,1.8544,2.3959,2.277,-6.6893,-9.5108,-8.6817,-2.4644,-0.7502,-8.6923,8.8607,-0.5266,-4.8724,-3.9744,-8.7313,-7.1093,-8.0966,5.5984,4.1171,4.9757,-5.3663,-2.6447,-9.1848,-9.0151,-7.6291,4.2816,-0.7714,-9.3443,-5.6542,0.473,-0.4455,6.5869,8.1762,-2.337,8.9562,-7.9492,-3.8245,-9.1369,-8.4047,-4.0274,3.7747,-1.705,-1.8757,3.9662,2.2381,8.3825,-3.0443,8.7757,1.9573,-8.3003,3.8892,2.877,3.2069,-5.3602,8.5434,5.9817,-4.7036,6.5401,-4.2571,-3.9949,-0.0386,-6.2891,6.9505,7.0672,4.9752,5.8062,-1.9036,-4.8941,9.6398,-4.6549,-5.5209,6.6092,5.4019,9.51,-1.9991,1.3057,-3.5345,1.6673,-8.9278,2.6512,-2.7187,0.5213,5.9982,8.3775,0.4468,4.6123,5.3935,-7.6001,-7.8231,9.8328,4.8856,-2.8366,-2.0039,-5.8313,9.9109,1.7781,-6.8228,-0.248,5.7974,6.3695,-4.1113,-2.0733,-8.7042,-9.5385,-0.5185,3.677,-0.0743,5.3043
3.9502,8.2897,1.5685,-5.5448,8.1672,-1.8088,1.5976,-7.057,4.7375,-9.8413,9.1109,-8.6723,-0.198,7.1241,-8.584,-5.7567,-2.2421,6.0812,2.5223,6.5529,2.4719,-8.3612,-1.1702,8.9507,-2.2969,6.7924,6.2592,-0.08,-4.3575,-8.4991,3.4327,4.7611,-8.6427,-5.9359,5.9646,-0.1836,6.8029,-5.6525,5.5969,9.39,-2.044,4.6773,-5.1422,8.7829,5.37,8.1485,6.9815,-5.817,4.2067,4.1294,8.3996,6.7744,-0.2045,-3.3281,-1.7635,2.6234,3.4957,-3.3887,-3.2296,-6.9838,-3.4012,7.0147,-1.3272,0.2781,-1.3113,9.6102,-6.6678,0.4662,-3.3347,-2.6801,-8.9391,-1.9353,-1.1158,3.4483,5.653,1.2699,9.4499,-3.1194,2.5822,3.6037,3.8543,-0.6409,9.1456,-2.6538,7.0933,8.4313,8.4422,-7.9204,7.7238,7.7998,0.7223,3.8207,8.3789,0.9736,-2.3319,-5.3262,7.8545,-5.1084,-8.6351,-4.8941,9.3682,0.4639,-4.2788,-1.0887,8.7846,-8.0397,-3.0354,-2.5942,-7.6595,-7.6019,-4.1319,-0.7719,-8.2942,-8.6422,8.1236,-7.9627,9.1629,-4.6205,3.9944,4.545,8.6312,6.2379,8.836,7.7392,6.5883,-5.5044,-3.293,8.4974,6.5559,8.4279,5.1424,9.6875,2.4977,-4.8649,-1.4392,-9.3297,2.1995,-2.7751,-1.0964,9.3448,4.3202,1.3917,1.0902,-2.9839,1.7114,-7.4978,-9.3776,1.5223,0.0917,-6.4605,4.0644,1.3375,-0.4233,5.7385,-6.8522,-0.0304,-9.5513,7.9964,4.7484,3.9621,8.8775,8.5373,3.0926,5.2541,-6.3315,5.0637,4.2791,4.1183,-9.0531,5.1021,3.6684,-5.2158,9.0451,2.9696,5.074,4.6577,-7.5524,1.1137,-1.5137,0.7492,1.6736,2.7227,7.4519,-0.4057,1.8689,-6.2538,-5.1055,9.9832,-9.1142,-3.3601,3.3165,-5.8658,-8.2945,2.9839,-4.0393,7.2542,1.8653,-3.0018,-7.8036,4.974
8.345,-2.6264,3.0328,8.531,4.084,-1.2769,0.0785,4.4253,-7.2166,5.4198,-2.5155,2.2916,7.8653,6.3472,-4.5535,-6.2828,-1.437,2.9674,-8.428,9.8094,8.54,-7.3746,-9.1832,6.3096,-8.8995,-8.4996,1.621,-7.1865,3.0979,0.5158,-1.7466,-5.6462,-8.7226,7.3042,3.3433,-0.6852,4.9546,2.646,-3.4865,5.083,2.8507,-9.7709,-8.7714,4.3923,7.3017,3.5015,8.1688,6.0581,2.7814,-7.8742,-7.5476,-7.4628,-3.5427,2.1109,-0.879,6.87,2.5568,4.8486,-5.9959,-2.4456,9.4565,7.0774,-5.6635,5.6891,-2.3063,7.3834,9.6997,-7.4813,-6.8783,-8.5892,-1.0541,-0.266,4.5134,0.6977,-6.2932,-9.285,-5.1417,-9.4835,-0.966,-0.5239,1.0229,-1.6987,-4.4548,-6.5314,8.4419,2.217,-8.2847,2.4796,8.3873,-0.1156,5.4899,1.1263,7.8213,4.0585,-4.4674,-6.2897,5.1749,7.2977,-1.5718,-5.5043,-0.7691,4.6391,9.1622,3.0416,-1.5178,-0.9805,-3.5985,9.3361,4.2688,7.2345,-2.8736,-0.5093,-3.7123,-2.891,4.5126,8.2963,6.991,2.2173,-4.9945,7.9735,-7.4601,-8.3804,-3.512,-7.0148,-1.0216,-1.2899,-3.5367,-3.6984,9.0681,-8.7217,3.2608,0.3972,-0.357,5.0567,-8.7672,-1.4948,-1.0292,-5.2222,3.2299,8.7903,3.3823,4.3094,-8.5835,-9.0953,7.6177,2.5869,8.7784,0.0011,-3.8105,-5.1193,-3.6748,-2.3891,-7.6415,0.8425,2.2116,-9.439,-2.8184,-2.6471,3.8418,7.3619,0.5836,-7.0058,2.0523,-8.4955,-0.6117,5.2415,4.8463,-8.1546,-8.2001,8.0762,-6.7978,5.7021,-7.3042,-1.2117,-8.7953,1.5418,-6.9237,-4.3059,0.9813,8.8158,-5.2209,9.4283,7.4189,-0.2922,8.5929,7.3621,7.2799,3.3365,-8.1008,9.2928,-2.917,-9.9766,7.1983,-7.642,1.6665,5.0488,2.9844,-7.4724,-9.865,5.5439
9.6466,3.2462,-6.3243,-5.0887,1.6681,3.005,8.3719,-8.094,4.5316,0.828,-6.1449,-1.9488,5.5539,-4.6057,-5.8758,3.8644,-2.3445,5.4,7.7348,9.4247,3.7607,7.6187,5.3462,-6.3985,9.1478,-6.3433,-3.1331,-6.5855,-1.702,-3.7296,-1.9405,-1.5463,3.296,-9.1221,7.6321,-7.2768,-0.0923,-4.5123,-7.5627,7.5801,2.1787,8.689,-4.1947,3.6457,-4.8265,0.0373,-5.6446,-8.0527,3.955,-8.2141,-7.4645,4.7717,-5.755,-4.604,8.29,7.0615,6.7677,-6.4484,9.6586,-7.2553,-2.3748,1.2949,-9.5464,-5.6954,-8.5509,-0.1252,-3.9715,6.5811,3.9304,8.6609,-2.5221,7.1835,1.8294,-1.858,7.0315,6.8001,8.9389,-2.8283,-0.1046,2.0017,7.7737,7.0007,0.8122,-0.9332,-2.0473,-9.0106,1.4798,8.1775,-1.1047,-0.9562,5.1078,-8.7856,-1.4523,3.0364,2.3126,-9.9342,7.1658,-6.1258,-6.9,1.4434,-5.1583,-5.951,9.7924,9.0156,-4.0541,-7.5711,7.7308,4.6827,5.4989,3.7187,6.2764,-1.4374,2.2411,7.3845,-7.236,0.9001,-2.0978,-1.4346,-4.0042,7.4895,0.5629,-7.8219,6.9239,5.2662,2.6161,-9.3396,0.8133,-3.6669,-4.0282,-9.4553,0.4463,-4.6366,0.3102,-5.0794,8.7153,-8.0777,-8.2706,7.4393,-5.5448,4.0554,-0.9119,6.5262,-2.9471,-0.5263,4.6137,-5.3838,8.8868,-9.0384,8.6642,5.7698,6.906,-8.5858,3.6792,-6.5087,4.4947,5.5203,-7.3742,1.6565,-2.5284,6.5938,-9.1916,-9.9414,7.259,8.2616,6.3533,6.3155,-4.6724,-2.8099,2.9764,1.775,-1.0201,3.9633,2.8138,-4.1465,-2.6276,3.0995,9.1831,-1.3108,5.3001,8.0671,6.0682,-0.9898,1.7428,-2.7953,-8.0796,7.3647,-7.8502,2.0968,-5.657,8.0586,-9.7516,1.2801,-3.5463,9.5664,4.0522,-6.0771,-3.8671,-0.153,-5.4856,5.0683
-6.3189,7.1025,-4.3573,1.956,-9.8847,-6.3602,-6.5846,2.3481,-6.3844,-0.1203,0.9842,7.0737,-8.2632,-2.1354,6.4904,3.7467,8.0581,-7.1339,1.0149,-6.0666,5.8077,-5.0635,-3.1095,-1.0456,4.3263,-3.5607,-2.1074,-6.7166,9.6031,-4.9807,8.3925,0.3298,7.5088,3.9724,-7.3954,9.3463,-6.5042,0.7143,9.7459,3.9889,3.5349,-7.0531,3.6956,2.9895,-0.1152,3.7069,0.6475,0.6143,9.1932,-9.4601,-9.1101,-8.6863,-4.7622,7.7295,0.2229,-1.3694,5.2232,-5.1117,3.3229,-5.307,-1.9585,3.2254,-5.821,-3.5726,0.155,-5.8737,-8.6707,9.9724,-6.0172,1.911,-1.2954,-3.2433,-3.9778,-6.3274,-5.1354,-4.052,-5.8857,9.6331,-6.5588,1.4728,4.602,4.4372,-9.9979,5.9782,6.6396,3.9296,-4.9531,-4.7865,5.1922,-4.6781,-2.6587,2.6283,8.0689,0.9536,-2.2739,8.3675,9.4589,4.135,4.5018,1.1319,4.1922,-6.0524,1.1326,2.554,3.7219,-1.4436,2.2124,-0.7661,4.0968,4.7204,-8.8393,8.3826,3.9767,2.4063,4.0132,0.3475,3.6087,7.3642,6.104,2.9954,-1.4615,-8.8699,5.9809,9.3944,6.179,-2.24,4.7529,-3.3217,4.8237,-6.5824,-3.8491,-0.0467,6.1824,-2.9973,-3.6062,4.2716,0.8603,-4.0677,-9.8052,-3.3129,5.829,6.3912,-5.6963,9.61,8.4811,8.7183,9.3397,3.2204,-3.255,-6.2837,6.6896,6.4908,-4.0858,3.5088,-1.0383,9.2661,-5.2194,1.6048,5.4509,-5.6274,-2.5592,-6.0898,8.6824,-0.8856,1.1838,4.9099,-2.2765,-6.0319,4.5006,1.9218,-3.7778,0.8515,5.6624,-4.885,-5.529,-8.2593,-3.7732,-6.5448,-3.2007,7.1925,-9.0283,5.7137,-2.0119,-8.7307,-4.3454,6.9276,-0.8045,0.7992,4.4204,1.0251,4.8063,-2.2001,-6.744,4.8052,0.9504,6.0907,6.1393,0.8377,9.1618,-1.5908
3.8257,-1.161,-6.601,-5.1426,-9.7561,-9.9882,-7.3858,-2.539,-0.254,-7.9744,-9.2129,7.9014,-5.0891,-4.9457,-0.5958,-4.8002,1.8144,-0.3264,2.5612,-6.6701,3.8209,-3.9119,-5.0955,-9.3674,-5.0925,-6.8784,-6.2832,8.1935,-5.1769,7.2894,-0.1626,-6.4689,-6.7404,2.2206,-8.6502,-9.6284,4.9758,-0.5356,-8.8341,2.8358,2.6736,1.0099,7.8597,0.336,-9.0379,-8.5958,-2.7304,8.8439,6.7944,-5.0695,-5.2905,6.2853,1.5108,1.3894,3.2265,-3.7101,-6.7654,-4.285,4.9827,6.312,3.8688,5.8066,2.2868,6.0438,-6.2016,9.4943,-5.6229,-0.0066,-9.9171,5.1724,-8.651,-7.0695,9.0412,-5.5532,8.5542,-3.3835,-5.4542,-2.2682,9.6506,-1.0636,-0.0983,9.2848,-9.9721,-4.8421,9.6233,0.2174,6.2347,-3.8591,-4.5719,5.273,-2.4098,-8.8507,0.9857,1.6392,-5.7163,5.041,-1.3295,-4.8185,6.4225,-2.1451,-9.9981,-0.8568,6.1614,4.9496,5.3499,2.0326,5.7767,-4.9363,1.1731,-6.8779,-2.0099,1.3381,-9.7373,-5.9119,9.3616,1.2518,8.0243,-2.983,-3.8296,-0.9739,-5.031,1.9501,3.6852,6.9536,1.8321,4.8197,4.1589,8.4765,-7.838,3.2752,6.2884,9.7055,1.2739,1.8644,-3.9585,-0.4265,-6.4767,-3.4967,-7.2639,-7.3498,-4.3034,6.8148,1.5791,-2.6944,-6.1003,-5.6248,6.5447,-6.2422,3.0227,-1.134,-5.8034,-3.7706,6.0477,-7.5992,-8.4806,-9.1867,-1.8186,3.8449,9.5206,-5.7806,9.2474,-8.1872,-7.564,5.0155,8.1375,6.8492,-8.1871,-5.9335,-2.61,-8.8213,-8.1192,6.7665,-6.0866,-0.6792,4.0492,-2.1179,-2.2102,-1.6146,6.2362,4.8498,9.8481,9.7916,-5.6259,3.9598,0.2087,6.7552,0.3628,-0.6755,6.8104,4.638,-2.3144,7.6557,-1.676,-5.6694,1.7438,-4.9177,-9.001,-5.5492,-2.0886,9.3056
-1.8444,-0.1216,-6.3097,6.9931,-4.6848,3.6565,-3.9783,8.8846,-6.3359,-2.8459,2.6681,-7.6226,-6.2603,-2.6963,-8.1094,-6.6932,-7.7938,0.0535,7.3903,8.6413,7.7972,9.6273,8.6387,2.8936,-3.0713,7.8327,5.8965,-8.4768,8.1175,4.8646,3.3206,-3.3616,2.4691,-7.2933,-5.0478,9.1119,9.976,8.7739,-1.5941,0.0061,6.1554,1.1629,7.7808,8.4245,-3.7297,-0.8639,4.4974,-5.5328,-9.8624,3.3569,-3.197,-4.8756,6.156,3.9995,-1.1874,7.1494,3.4023,-2.437,-3.9616,-2.832,2.0352,7.1849,9.0482,-7.7714,8.4742,-5.7164,9.1849,-0.0129,-1.0421,-8.2754,5.9369,6.5433,-3.4781,3.5127,1.0691,-9.182,5.8849,2.558,-2.2143,8.7687,7.8984,7.4889,1.2519,5.5592,-9.6295,9.4306,-5.0374,-2.7248,0.6866,-6.6735,-1.6251,-2.7794,-4.0013,5.5809,0.0875,-0.4515,6.1384,-5.3292,-2.103,4.96,9.0592,-6.0839,7.3882,-2.5124,6.1973,-3.537,-5.1452,-6.3511,-2.167,-8.0167,0.7215,-4.4154,-5.397,-0.7753,-5.8301,-5.3421,-7.3572,-5.4832,-3.3838,-2.3626,-8.4949,5.0459,0.6957,-6.2341,9.9654,-2.3884,-7.8237,-1.0843,-6.9588,-6.5396,-8.1001,0.6771,6.8891,9.1407,-4.5103,-5.8873,-6.4881,2.8045,-6.3835,9.8231,1.5882,4.1161,0.4624,-3.3061,-4.6809,-4.8026,-0.4134,-5.1206,3.3361,-6.5404,9.4314,5.3947,-2.3302,-9.4972,3.0792,-9.4254,-1.0307,1.6798,7.8797,-1.0195,-7.6676,-1.3123,-9.2029,5.828,-5.5566,-9.6924,-4.4353,7.4194,-8.5324,-6.6972,3.6087,-5.4725,-8.3329,4.2531,-5.2086,-6.5687,-2.3617,-8.5589,2.6507,-5.1232,6.9092,8.6527,6.3449,-1.3847,-2.8928,5.8869,6.0586,3.3989,1.4768,-6.0259,-5.0407,-1.6455,0.4571,1.6581,-8.686,-6.0941,-9.0937,-0.9094,-3.6626,9.1583
7.502,-1.3906,0.6715,-8.9308,5.2318,-1.2113,-7.8424,4.7272,-2.8852,5.5016,-7.1906,-4.8389,-6.3751,-0.1533,8.0673,8.7278,3.9701,-7.1845,-2.213,-3.8458,7.0564,6.4936,7.3193,-3.9325,3.0383,8.466,6.5762,2.8962,-1.1987,-2.0618,8.3177,6.7269,0.6889,8.3975,-6.5427,-9.2323,9.2762,-8.8753,-4.3194,-6.118,-9.9824,-1.0035,-3.6109,4.2969,3.608,-2.205,-3.126,9.7015,-7.7714,3.3871,-8.6343,-0.2567,-0.3314,9.1941,4.881,-6.2885,4.8733,-9.0251,-7.0281,-7.7489,3.6121,-0.5926,1.6635,6.7798,-6.6794,2.2769,-5.258,-7.8964,-9.9992,-5.8271,5.1799,-8.8867,2.1124,2.5521,-1.6223,0.5184,3.2778,4.6023,-2.2544,4.7459,4.778,-8.8073,-0.5351,3.1536,-4.1125,-2.9349,4.3097,6.2005,4.5598,2.3645,8.9643,2.9077,3.7526,4.2499,-5.3667,1.8684,-5.2382,-1.586,0.0689,6.597,2.4081,4.5355,7.0861,-4.2531,4.4817,-7.6952,9.083,-9.9555,-1.6957,-6.2854,8.3526,-6.8734,0.7587,-5.9153,7.1355,6.0693,-6.4449,8.4267,-5.4299,9.6047,-7.4702,-0.591,-0.0738,5.8954,9.5179,9.119,-1.1576,-0.4075,-5.5195,-1.3314,5.1627,8.6893,8.2101,2.7883,-1.7039,8.6063,-0.6232,5.2519,9.2073,-9.086,-6.0572,-6.9203,8.8467,-1.9194,-1.8558,0.1079,3.2573,-7.1827,6.2428,7.361,-2.0872,1.3881,3.2386,-7.7538,9.9174,-8.0727,1.5602,-5.8012,1.5259,-4.4233,1.9429,-7.9824,-1.1074,8.016,4.3743,8.5525,0.126,1.473,7.1308,2.6591,-1.5095,-6.6069,-2.6798,1.8821,1.2738,-6.7909,7.7923,0.8301,-0.4452,-3.7107,9.8548,-0.8698,-2.7673,9.6078,6.1844,-0.0292,-0.3844,-5.9146,7.9998,-5.1186,-8.4052,0.0591,-8.8783,5.6017,5.2093,0.9648,-9.1701,0.9536,-0.3608,6.7098
3.0519,9.2814,-9.8173,-7.8517,7.5608,-2.8312,3.5048,7.8782,-9.8005,4.1476,1.7477,0.5307,-6.6869,-7.6515,4.7475,-9.5472,-4.5236,-0.4122,-7.0818,-4.8819,-8.517,-4.1678,-3.7162,-2.9729,4.3694,-4.4644,2.9076,3.1472,-9.2413,8.4602,-4.9367,6.7181,-9.1899,-8.885,3.3531,6.9363,-5.0424,1.0211,-3.3117,0.3503,-7.4632,3.791,6.6568,-1.8057,4.063,-0.1031,0.0585,-3.4579,-1.0277,-0.0592,9.2831,-7.1721,-9.3076,5.9515,-0.6132,1.1193,8.3186,-4.5653,0.9405,-7.2582,-8.1615,-8.7804,4.533,5.9663,-9.8767,-3.3004,4.0342,-8.3789,2.6299,1.4245,9.5139,-1.4332,-6.6446,-9.1966,0.7784,-0.1126,-9.3656,-0.151,2.7601,-9.0875,-8.3899,-9.6786,3.4376,-4.3226,-0.7122,4.0191,-6.6709,6.537,4.186,-9.3417,6.2517,-2.4112,-9.092,-5.8216,7.8131,7.4152,-9.8407,-8.7752,-3.4489,5.5204,-1.0246,-5.2336,5.1159,2.4905,-6.4835,2.6362,5.317,-7.3145,7.7152,4.7779,1.1105,-3.0557,3.9825,-5.2036,2.5224,0.0013,4.4065,-4.2021,9.6907,-4.8634,5.8016,0.0765,-1.9544,7.8741,5.8058,6.0032,7.4799,-2.0804,-3.9237,-3.5868,-1.3064,1.4922,1.3173,-7.9516,-3.3719,-2.3192,-2.2333,4.2872,8.4085,9.19,-8.2103,5.3452,5.0467,-3.1354,-1.9033,-3.6262,4.0911,-3.0726,-5.8132,0.1559,-7.6652,6.4516,9.9027,4.5132,0.5078,-9.7721,-8.0716,3.4884,5.0943,-9.2333,-6.0017,3.0449,-5.9431,9.2566,-8.5699,-5.3422,-5.4089,8.3884,8.9198,-2.4648,0.615,4.9001,-6.6925,2.3692,8.4541,0.6832,-2.5933,9.8836,9.9896,-3.3799,-3.5409,-3.9205,7.5533,2.3215,-6.8773,-3.3211,9.9244,-1.4143,-3.2841,-3.6563,1.7507,4.9273,-7.7702,9.7318,-9.16,-8.4261,-1.4911,-4.669,-2.0551,-8.3831
-0.6922,6.1678,-8.0618,1.0459,0.9826,3.8986,-5.3701,-1.5079,-0.1765,-1.006,5.8107,-4.663,7.8342,9.5837,0.5975,-5.365,-6.5733,4.6122,-0.203,-4.5101,3.6813,5.0871,5.3221,-5.6427,8.226,-6.7321,3.6956,4.4226,6.6498,-7.6855,-2.2716,-1.1074,-1.5511,2.1931,2.5991,-3.3827,2.6815,-2.4273,3.2588,-8.0965,-6.409,9.1137,-1.3481,2.0614,-6.7703,2.5283,5.4984,-9.6879,3.6506,0.5797,-1.0109,-1.5557,-9.6601,-5.0759,-1.265,-3.5698,5.758,8.3014,3.5702,9.865,-6.0452,1.0129,7.6022,-1.5354,-7.8419,-2.259,-3.6708,-6.8485,-6.981,9.3144,-4.0332,-4.6165,4.3587,1.0191,7.7488,1.4219,6.8721,-0.8339,3.0378,-0.749,-2.8257,6.4124,8.971,-4.6452,9.1969,-6.2025,-7.2549,-0.8263,5.5909,3.7712,7.9949,-7.2901,-6.229,-2.548,-8.6662,-0.3273,-1.7825,6.0967,9.0909,0.8366,7.4643,-3.3027,2.7522,-2.5477,3.6897,5.3721,8.2182,6.2434,5.3028,6.0697,0.1793,8.2408,2.0116,-2.069,-2.094,9.5777,-4.1723,-1.0914,5.3677,-9.6361,8.4823,0.2681,-8.826,3.951,2.4325,-7.8284,5.4296,-4.7301,-9.0107,-4.8846,5.1781,-2.9268,7.9152,6.5894,-4.3369,-1.7649,-0.1932,8.3783,1.8986,-0.0184,-4.0148,3.3439,-0.3434,2.3589,-4.0229,-6.0814,3.3463,-5.1599,-5.4095,-0.705,-9.4238,7.364,-1.7278,3.8318,8.5206,7.9536,1.6548,1.996,5.6589,-6.7462,8.1076,3.6921,5.6259,1.9281,-2.5815,0.7606,-7.5067,4.3514,-0.505,5.2031,-1.9844,6.9783,6.9471,9.3159,5.4721,7.9353,-0.6168,-6.3175,6.072,2.7211,4.685,8.9551,3.8105,-8.5524,9.7793,-7.7961,6.213,9.5966,9.9746,-5.3316,8.2031,9.2908,-6.2129,7.3684,8.7318,-2.4284,-5.1903,3.9749,-3.1424,0.4675
-4.0799,9.5429,4.7515,-0.9798,9.8696,9.2821,-5.166,-4.7668,-9.2567,-8.0334,-1.0202,3.83,-1.1397,1.3962,5.6687,-2.541,8.3321,5.825,9.5323,-8.9385,5.3853,-5.9845,-4.0413,-0.351,9.2609,5.0091,-5.4952,0.0399,-6.1803,3.9876,2.568,4.9425,-8.5663,7.7856,8.8658,-8.6192,-2.0321,-9.1733,-8.2523,5.7592,8.2914,0.9633,7.5579,3.2684,5.5486,1.7306,-7.5333,1.6801,-3.0444,4.9169,-3.0027,-1.3117,6.6189,-2.2123,-1.6712,8.5377,-4.1237,1.7231,-8.3991,6.4058,-6.4097,-6.4835,6.4383,9.7919,1.7942,-2.272,-1.2974,3.2594,-6.4446,-9.2002,8.4761,3.6115,-3.1906,1.0844,8.8273,-8.4161,5.5474,-8.1084,-3.0516,1.6995,2.834,-9.1804,-9.0022,1.0594,-0.5456,-5.8474,-2.2695,-8.2746,9.937,7.8225,-2.9174,0.8324,2.5542,-7.8867,6.927,2.9765,8.3766,-3.271,8.4376,-5.8688,0.3635,1.6706,4.0433,9.8454,-8.5714,1.2377,1.6138,-9.153,-1.0091,3.7839,-3.2938,5.9961,8.626,-4.2115,-2.9873,-9.1241,6.5049,3.7573,3.612,9.0327,-9.5974,1.7634,6.9607,8.9103,-2.2896,6.1109,5.1905,0.198,-0.6048,3.5316,-8.6765,4.7448,-7.5338,8.121,2.9584,2.2583,-9.7744,-9.1775,1.254,2.0241,-3.0298,-7.03,3.2383,-4.2508,0.6112,8.3792,2.8855,1.4135,-2.3633,-9.8215,3.2923,-7.6031,5.0756,1.5381,-7.9876,3.515,-4.818,-0.0812,-6.236,3.9876,-4.5822,4.975,-0.629,-5.9387,1.272,2.6856,-4.7667,-7.3872,8.5449,-7.9471,-9.4422,-3.2829,4.6438,5.1038,1.5138,1.6102,2.2822,-9.6758,1.2233,3.9177,-6.7971,-4.4532,-5.6111,-6.0335,-0.4098,7.7156,-1.6738,2.7875,5.7361,-0.4534,-7.6131,1.0883,-4.6567,3.1592,4.0623,-7.4431,8.2469,-9.3521,-0.4708,-0.9491
6.972,-2.0564,-6.2093,-4.9476,-4.212,-5.5916,6.8508,9.8675,-1.1243,-3.951,9.9241,2.7458,5.0064,-0.8699,7.0479,-0.0544,-3.3803,-0.0254,-3.454,1.8074,2.258,-1.7438,7.884,-5.9185,1.5426,5.9066,-1.1062,-9.7685,7.297,-1.9294,6.2527,8.2728,-2.0976,6.4825,-8.5008,-2.859,1.9524,0.2474,-2.4718,5.101,4.2855,-3.1919,-9.0333,-4.638,6.54,6.0531,-6.8799,-0.2699,-0.1633,3.9862,-7.2873,8.5704,-7.7632,2.3747,3.0601,2.9003,4.465,0.0518,-3.7512,2.7539,5.7945,7.444,1.1988,-5.2809,-6.3375,-7.1846,-5.4111,0.278,5.6439,8.4704,9.3675,-4.7157,-4.0405,-3.3407,3.2829,0.1827,-8.9912,7.1849,7.0605,-6.9372,6.1312,0.7388,8.5029,-6.646,9.0171,9.3127,5.3262,3.1896,-4.6378,4.2832,-4.7305,1.3998,-2.0488,1.8799,9.5019,6.7694,-1.2891,0.0211,-9.3238,8.6535,9.8752,-9.6374,-9.3028,2.9309,-6.6947,-2.4457,5.0198,-4.7816,-4.8787,-9.7119,-5.8018,3.1548,2.6514,9.951,9.6025,6.5883,-5.2036,-8.5036,1.6759,-4.8706,-6.8939,-0.7969,9.0035,-8.7482,0.9465,5.2256,-7.5648,1.2721,-1.8516,-0.0346,-0.1073,9.0357,-9.5505,-3.4894,-1.644,1.7265,7.6643,-9.9221,9.6481,4.673,-3.3308,-2.3014,1.4862,-7.2883,-1.6737,1.9112,-2.4254,-8.0901,0.46,3.4204,-5.2493,9.5828,-1.4756,8.2037,-0.3318,-0.2907,5.7449,-0.1462,3.2963,7.3443,-7.8958,1.7715,9.3822,9.9683,9.219,0.3719,-4.6233,-7.6714,9.0441,-4.7353,0.0333,6.719,7.3913,9.3043,-3.1753,-1.3843,-1.3268,7.5728,-3.7699,-5.256,-9.3636,-5.5631,2.1447,5.9277,8.349,-2.5617,5.9104,-6.7853,-3.9324,-1.1,6.469,-7.794,3.8133,-6.5235,-5.587,-8.8728,5.5579,-7.0732,6.5129,-4.5897
-6.6927,-0.591,-5.6018,-9.001,2.4347,-2.0985,-4.0905,-9.3765,-5.5017,-9.6477,1.3312,-9.5652,-6.4656,-8.2235,-3.13,9.383,5.7838,6.9547,-9.2507,-3.6771,0.7133,9.5217,-8.2924,-1.1707,3.8702,-2.7024,-7.6429,-7.6102,-9.9886,-6.049,-8.2506,9.2293,-9.5658,1.1442,6.1323,-9.537,4.3356,-9.3627,9.5629,3.6941,-2.5408,-8.8157,5.2467,-2.7349,-8.2791,8.5372,-5.7435,-1.8739,8.6086,-0.9992,8.2608,9.7484,4.0951,2.6516,-1.7013,-4.1456,0.5023,0.4294,-5.5479,0.4967,-4.7469,-8.9056,-7.0451,3.2472,5.5991,0.7343,3.4258,2.8191,8.0394,6.8243,-6.3987,-3.3207,0.9941,-7.2592,-6.4434,-8.7036,-9.7209,-5.3006,-9.3904,-1.9789,6.9458,-4.5906,-6.4142,-5.9883,9.91,-7.8817,-5.1949,-6.0133,1.3313,-9.6993,-4.0751,5.8591,-2.5631,5.5975,2.9061,-7.4982,8.7128,1.7607,-5.6949,9.652,-2.2775,-6.9392,6.2389,5.9941,-2.2714,3.5145,-6.9849,-4.3979,3.6839,-2.1799,6.0942,-1.0644,9.8655,0.3375,-7.8091,-4.6995,3.8325,1.2565,-4.2513,-7.4063,-6.7595,1.8268,-7.5075,4.8708,-1.4588,-2.4456,-5.8327,-9.5338,-3.4282,6.0597,-3.1783,6.1902,7.3384,1.2202,3.9019,-0.3362,-3.8457,-5.858,-3.1712,-1.1527,4.579,4.0057,6.0277,0.9594,6.5531,-3.1432,-2.5702,-5.4433,-1.4229,-0.1285,-7.6779,2.0422,7.5795,-2.6419,2.1511,5.2239,-5.6733,-4.4969,3.9067,1.6567,7.5909,-3.0119,-5.9517,9.1442,0.1355,-9.7239,2.5635,6.0626,-1.5746,7.0412,7.1627,-8.4652,7.6375,-9.2782,0.9599,8.4038,-1.7989,1.0661,6.8382,-8.1007,9.1527,-0.9666,-8.1725,-9.7809,-4.5999,5.2435,4.9405,2.0531,6.586,-4.1515,-5.6301,1.765,3.8923,2.6414,5.2526,2.6412,1.3472,-2.3288,7.1723,3.8874
7.0808,8.4424,0.8681,8.7985,-2.6421,-2.4155,-8.333,1.022,2.1549,-0.6609,-8.5624,7.0366,-5.0206,7.5851,0.1923,-3.2229,7.9095,-9.2023,-7.1345,2.3004,-9.467,7.4707,-9.2833,-3.9131,-1.7453,8.2341,-5.215,3.2493,-5.6489,8.3372,-3.7232,6.7714,-8.1164,-8.843,3.337,-6.2349,3.5582,6.7952,4.7356,-2.3979,-6.4068,3.8508,5.5354,8.4364,-6.7894,-1.5006,7.7619,1.2869,-5.9248,9.333,-5.3642,-2.6249,8.3054,-4.0278,6.2357,-4.103,-2.8654,-6.8258,-8.3078,1.3703,2.6864,-5.8622,5.2193,3.5826,9.6235,8.4845,-2.5223,-3.2187,-5.035,-5.0855,-1.3168,-2.5568,8.3443,4.2069,9.3807,-0.5267,1.4881,-8.8423,6.126,4.2856,-6.0785,-7.8883,-7.5914,2.5442,-6.3631,-7.2146,6.2032,-4.8213,-2.3208,-8.7088,-2.483,0.2063,2.4365,-9.6533,7.0597,-9.4742,-7.5815,6.1206,-6.4262,5.8055,-0.9319,4.3333,4.1728,1.711,-8.0017,1.2265,9.7094,-9.7027,9.5593,-2.5531,2.1742,8.9595,2.7938,-1.962,-4.7385,3.4046,-5.5959,-3.9752,-7.2983,-3.7354,9.1574,0.9352,-7.3325,9.2766,6.7898,1.3332,-6.8114,8.244,2.9602,-9.4099,-9.3253,-6.9691,-5.5429,0.1307,7.205,-7.5449,8.1387,5.9355,-5.8051,8.2486,9.9996,-2.3116,-9.6697,-0.5231,8.5217,-2.9146,9.7576,2.312,-6.476,9.3119,6.1323,5.7371,-9.569,-7.2116,5.6328,-1.7104,-3.2011,3.459,-6.2374,1.3339,-8.6726,-6.6522,0.8545,-9.5994,-1.7826,7.6328,3.1173,9.5629,-4.6172,-4.8814,-9.1521,2.0245,-6.7848,2.9752,-6.6891,1.6003,8.0902,-3.1105,6.728,0.694,-7.3565,9.2168,8.8391,-6.402,-7.8527,8.0297,6.5727,3.0003,5.7623,2.2454,-4.8076,-9.7577,2.4643,-0.2811,2.6497,-4.7296,8.5352,-2.771,-8.4479,9.8593
-5.4041,9.5558,-2.5878,-2.7169,9.0018,3.5884,-2.4742,5.452,-0.6742,8.5267,9.2506,8.7904,3.3484,0.4847,2.4616,0.0177,5.8474,1.8726,-9.6254,-2.6753,-6.3993,-0.4011,-9.4625,8.894,-6.8375,-5.1007,7.2877,2.4358,6.1243,-5.3833,0.6806,-3.9537,-9.9147,7.1464,-1.0359,0.4781,-1.8,7.3031,7.1657,-6.0,-0.391,2.3205,8.8957,-0.9107,-3.0339,0.5175,6.2986,-2.5358,-9.4909,-2.9681,-6.4363,-7.9281,3.4487,-2.6445,-8.0293,5.7437,5.7878,-6.7681,8.54,-3.526,-1.7217,8.4902,-6.5778,8.8073,2.8874,-5.5884,1.5939,5.9618,-8.7406,2.1282,9.8623,7.2094,-9.6844,2.675,8.345,-6.0434,-1.5897,2.4804,-6.3027,8.0575,7.0952,-0.6321,9.4324,7.9084,-0.5724,-8.5084,2.6585,6.9902,7.2181,6.7838,4.5487,-7.2921,-6.9075,4.5487,4.8748,8.6903,2.1336,-8.9401,-7.1678,-0.5625,3.4961,9.0421,0.2512,-0.2041,-2.4506,-1.9227,-1.1002,4.4133,2.2078,-0.3863,4.719,-6.3965,-8.7495,2.9438,7.2807,3.4226,-9.9559,-5.4227,5.2172,-5.6668,-6.5004,6.9898,5.9114,-9.2858,-8.7088,1.3741,8.9992,9.7274,-2.1763,-5.8757,4.0535,2.6614,-2.5894,6.2956,-0.5414,5.6954,-0.549,-8.4444,-7.051,3.3826,6.6486,7.8353,-5.6859,-9.5465,9.0458,7.2553,-7.3537,0.2436,4.0513,6.4974,-1.362,-4.4172,8.7823,2.0341,7.9502,6.5143,8.8784,-0.7606,6.7446,5.2314,-1.0088,-3.5282,6.1387,1.2411,0.2117,-1.6395,-3.1506,-3.6138,8.5815,-7.2367,1.4717,-4.7521,8.3449,-8.7241,9.8154,-0.7521,7.3736,-7.0829,1.3038,-6.5138,3.6925,-4.2204,7.0698,7.5056,8.1971,-7.639,4.4702,2.9267,8.5547,-3.7963,-4.3038,3.9688,-5.8685,-6.6578,8.0824,0.742,5.2374,3.1882,-6.7014,3.2367
-1.0603,0.8149,9.0065,-9.7152,1.0554,5.5586,6.5076,-3.0271,-4.0608,-3.9871,-3.7875,-1.7513,-9.9172,-1.9462,-1.7013,-3.4879,7.392,-2.5082,-2.8321,2.5463,-6.4137,-4.5944,8.045,0.4339,-5.0499,-1.0681,-8.5146,7.6245,9.9632,3.4181,8.1869,-9.3351,-7.1678,2.9744,0.0709,-3.8437,-6.5519,-9.2477,-0.7761,8.0719,7.1967,-6.6184,5.9054,6.1545,2.141,3.7472,-5.5586,-5.3015,1.4754,-1.231,0.5281,0.4038,0.355,-1.2948,9.9923,-0.1105,9.7861,0.9586,-8.9079,-6.9596,9.3585,1.224,-0.1155,5.8673,1.8179,-4.7855,-2.7088,2.4689,8.0014,-3.4327,9.1933,-8.4816,-5.1334,6.7064,6.7991,6.1224,-2.7722,-3.7947,0.5208,9.4604,3.9007,-7.5025,7.5824,7.5786,1.6056,-5.142,-3.6801,-8.1923,-4.0494,-2.4714,-9.8885,-5.6213,-5.2856,-5.7146,-6.5954,2.3012,9.8381,1.5159,-2.9992,1.4191,5.5322,8.9428,0.783,-3.4321,1.6386,-0.6376,-1.3684,3.0,3.1927,-0.7657,-1.7461,-9.3898,-5.904,5.0091,-8.6366,6.2674,0.7853,-5.6937,-1.1378,-8.5461,0.0486,6.2681,1.2695,1.172,-2.8881,-2.5627,3.3932,2.3244,-5.1544,3.0225,-6.8686,0.4921,2.3657,-7.2157,-5.2009,4.4084,-1.7994,5.4903,0.9189,2.4348,0.2872,8.5127,9.3316,3.052,-9.6424,-6.0699,-4.4592,-4.3828,3.1718,-7.1343,3.6116,0.2228,-4.9727,6.1617,0.279,9.468,-3.8278,8.1803,-7.9877,2.7991,-9.2012,0.0893,8.9855,3.8186,-2.0584,-5.334,2.3229,5.7639,-9.5867,-1.6994,6.4493,4.0163,0.3286,-8.6246,9.6536,-7.3898,-6.8559,-6.2927,-9.2114,2.7396,9.0704,-3.2893,-0.5491,-9.7422,-2.8002,2.1266,-7.1915,-8.3996,-7.3547,8.0614,5.241,-3.4119,-4.5558,0.2282,2.6646,-8.7982,-7.6464,-8.2784,1.9493,-4.9558
-6.4186,8.3009,-5.7862,2.9208,-9.9379,-0.7595,6.7758,5.1514,0.1694,3.2343,-3.6769,-4.1993,-2.3524,-6.3967,-1.291,2.6719,3.5482,-9.873,3.2709,-8.394,-1.3309,1.6708,-7.6932,2.5142,2.6372,-1.9518,-6.8769,-0.028,-0.2466,3.8003,-7.316,-2.713,4.2857,0.7487,9.7955,1.0026,6.7224,-9.1732,-7.866,-5.9428,-5.2597,-7.4104,3.9551,5.9823,0.5867,-8.1258,-7.8027,-1.3631,-7.4525,6.0794,-3.6944,-7.8764,6.7816,-6.8216,-6.307,-0.0985,-4.9991,-6.3948,8.7396,5.4988,-1.302,-1.648,8.3633,8.3103,-0.6886,-6.8445,3.7239,-1.1655,3.6819,-9.8869,2.6648,4.7439,-2.3868,2.0002,-3.2027,5.0487,-4.8161,-1.1326,1.5815,-0.2051,2.3952,-4.778,-9.4134,6.5699,-2.7625,8.9828,8.6198,-7.7003,-7.1054,-2.9661,5.9444,-0.172,9.7489,-8.0734,4.674,5.6196,7.9358,-4.202,9.9435,-7.7675,-7.0155,4.9007,2.0046,2.6215,-7.8937,-5.6737,-4.7655,-6.4181,-5.2406,-0.7826,-4.8616,-1.0944,6.6402,7.8778,8.2884,-2.0183,5.0584,-6.0432,-6.6413,9.3781,-9.6097,4.7974,-7.3712,5.2107,3.5706,3.5937,0.9779,6.0517,-5.7821,0.0378,6.8228,-0.2762,-1.1825,7.3598,-3.4197,-5.511,-4.8632,-1.8321,8.5212,3.694,-5.3435,8.974,8.0019,-2.5285,7.7944,7.7419,-5.0975,8.3411,6.9252,-8.008,-9.1178,5.0117,4.12,-4.0185,4.3467,0.0453,-2.6672,-0.9641,1.8955,7.8764,-0.1057,7.569,-2.5596,-4.6099,1.1502,3.8715,-7.6102,2.3592,-7.1888,-6.2576,7.0731,-6.2799,9.3537,-6.2324,-0.8493,2.6419,6.5628,-0.7277,-3.7576,-7.6144,4.3087,-5.6579,0.0181,-5.6004,-6.1442,-2.4559,-6.7912,3.3364,3.889,-2.4459,9.9086,-9.2559,-3.9094,7.5281,1.8618,5.9947,-3.1561,7.9493,0.8392,2.1005
-3.0451,-1.3441,4.4624,9.1974,4.7074,1.9048,-2.5759,-2.1635,-7.874,7.0211,-5.4998,-8.0496,7.2258,-9.2276,6.4562,-0.6529,2.2568,6.4949,7.7474,-7.9797,6.4573,7.4594,2.3418,-4.2459,-8.385,-6.266,-3.2698,-1.1482,-7.1881,-5.222,-4.1171,4.7609,-8.6987,2.9292,-0.2327,-5.2345,6.9813,-9.46,6.2294,0.0295,-8.9352,0.6059,-6.6948,2.6099,6.1752,1.3589,6.9415,9.0684,9.876,4.9474,9.8924,-0.3568,-3.4602,2.0708,-6.5686,6.6859,4.5089,-2.2341,7.4177,-2.729,6.1437,8.3353,-6.9717,-0.2009,-8.5319,-9.6271,3.6184,-1.4882,6.5476,-7.4685,2.5571,5.9861,-5.118,7.2428,-6.5617,-6.5502,-7.0594,6.063,3.8689,5.3251,-5.0131,9.0423,-3.1019,-8.2027,9.1434,-7.3527,7.7097,-9.1411,-3.0505,9.3636,-4.2341,9.6856,-1.324,-9.6022,5.3451,-8.2659,-0.6144,-7.5334,0.6644,1.0656,-6.3248,4.3739,0.905,-7.4656,1.3183,-6.8718,9.2792,1.8619,9.9652,8.7266,5.6914,-9.7495,-2.4432,5.5223,-9.4243,3.1304,-7.9024,-8.4971,1.3018,-3.2976,3.1887,9.0635,-0.7065,7.3359,-4.4175,-5.0208,3.3056,8.3359,0.7489,8.4939,8.9362,-9.2605,-3.9468,9.0266,5.7663,2.4457,-4.8603,-9.8509,0.3414,7.8929,-5.2648,-8.9258,-7.3073,7.8448,9.838,-0.492,-3.3717,2.6354,1.2185,-5.1943,4.5033,6.6056,-1.6882,-7.2057,-8.3382,5.9832,-3.4292,4.1886,8.5135,3.6027,4.0951,-9.7193,1.1756,7.9659,-9.357,-6.3194,-0.2069,1.1499,-3.421,-7.0556,-8.901,-1.2302,-5.6803,-3.4663,-4.6481,5.1356,-8.5747,-1.7409,9.2189,3.0245,4.6591,-1.6919,1.8023,8.6387,3.0278,-5.9013,1.8703,-5.9237,7.757,3.4869,-1.8098,3.5089,8.3765,4.1766,-7.563,4.3761,8.5391,-9.0208,-2.8862,-0.3201
6.0552,-3.7837,-0.2056,0.9985,-4.943,2.8834,5.3198,-1.5687,6.8141,-8.7769,-9.0293,-6.2898,-4.9301,-4.894,-9.0723,-4.5125,2.7804,-1.7702,-3.3806,9.846,2.6391,0.5669,2.4647,-5.84,-5.9265,8.8224,-5.1589,-9.5037,-5.3861,-6.6488,-5.6246,-2.0955,-5.8203,-5.1292,5.7525,0.9194,1.0061,0.6051,9.5288,-2.2373,1.0503,-9.2988,0.3148,-4.8038,5.9209,-3.4971,-7.7729,-6.8749,-0.3666,8.0988,0.2579,-7.9105,-4.3554,2.3496,2.9967,-4.9321,9.3494,-4.6964,5.2245,6.0144,8.2274,1.3916,-1.7787,-5.7812,-7.8533,7.1709,8.5518,8.6435,-6.7248,8.6241,-3.8067,7.5494,-5.477,-7.8523,9.4801,-3.425,-3.0671,-3.0974,4.0732,-4.4193,5.4508,-3.8077,-8.794,-3.5705,-2.1789,4.5485,-9.8916,0.9435,2.2955,-5.7435,-2.4412,-0.0661,7.0621,-3.8887,-7.6498,-2.5875,1.0773,9.4185,4.1979,3.8821,-1.419,9.1267,9.879,6.9016,-5.1842,5.7501,-2.0576,9.1818,-8.478,0.998,6.3613,3.2644,6.1051,8.797,8.0078,4.7342,5.5685,-7.3443,0.9802,-1.586,-1.9727,-2.6606,-3.9794,5.4818,0.6224,1.314,8.6547,2.9421,8.7808,-1.4153,-1.5318,4.7509,3.3573,4.9061,-9.4031,0.3474,-5.4904,0.9632,1.5043,-6.8512,3.7271,-5.1757,-4.6451,4.3045,-8.535,3.3848,9.8225,-0.1161,0.7387,-8.0738,-6.1849,-4.8086,2.4701,-5.9536,-1.3473,-1.3398,-3.1372,0.0074,2.9261,9.06,5.4745,9.3675,5.2332,7.6042,-9.167,8.2807,9.7005,-3.8357,-0.3125,-8.8494,-5.5095,-0.4561,6.3684,-0.0448,-4.3815,6.1724,5.8082,4.8063,-4.7618,-1.8682,-3.5977,-8.1127,-3.7853,2.0645,-7.1628,-6.4247,4.4306,-4.9035,8.37,-9.5876,0.1659,-1.3733,3.2597,-8.7995,9.2615,-7.5979,9.9754,-5.3214,-4.8617,-7.3751
6.9609,-8.9721,6.6399,8.9342,6.1595,-0.3351,9.4425,-3.1299,-0.7417,3.8732,9.59,-3.4777,-3.8566,9.8647,-7.2532,6.3081,9.9707,8.4479,-5.4835,8.8725,-0.6746,-7.8814,-3.3992,-6.504,-5.6836,-5.8102,2.959,4.9655,-4.8246,-7.5655,1.1586,-2.4679,0.1347,8.3673,9.1026,5.3674,2.282,-9.6229,-4.1224,-4.104,6.0136,3.0805,5.9183,7.2367,7.6366,6.6597,-1.6385,-1.7554,8.1652,4.7244,-9.2144,9.8647,-0.1844,4.023,9.3388,-6.4724,-2.0975,6.6993,4.9834,5.8115,6.0296,8.2957,0.9784,4.8232,-7.592,-5.1237,4.125,-6.0493,-2.4716,-4.7424,-9.6334,-3.1652,8.4346,-2.224,-5.7829,-9.491,-3.5182,3.416,-3.4233,-3.0755,1.2738,-6.3385,-4.3066,6.7597,4.3181,-3.1052,5.6494,-9.0452,-5.4777,-1.6171,4.0943,4.5987,1.3447,2.2446,-0.7447,4.8938,7.341,-0.0448,8.6893,9.8113,-1.4712,-7.9961,2.5985,0.3074,-8.2435,-0.2805,5.9716,4.3425,-1.0156,-0.9349,-0.3769,-0.3306,4.0345,0.7586,-3.8688,-8.0947,3.0659,-0.1653,9.9282,-0.3558,-1.4782,7.1833,9.9058,-7.8569,2.9283,0.2418,-5.9714,0.2092,8.246,2.2365,3.7875,-3.7287,9.3582,3.6206,1.0893,-6.9425,9.292,-6.0904,-5.1995,-2.0469,-3.6028,8.2961,-9.2736,1.3842,-4.3358,7.9597,-2.7124,6.9642,-1.8327,4.2715,-9.5138,8.5625,4.0003,5.1069,-2.4935,-2.5241,-8.1266,-0.3903,-4.0857,-0.5014,-3.7776,1.973,-9.2267,-7.2421,7.4547,-0.914,-1.2354,4.4635,-8.2625,7.4212,3.1385,6.4962,8.7382,-3.1392,-3.3236,3.9213,-6.0004,3.1459,-8.5833,-3.0666,-3.2633,5.8657,-6.4709,3.6023,8.6788,6.6954,1.2607,4.1613,-4.2527,3.6954,8.2294,-1.3874,7.267,2.4751,2.8678,-2.4503,-4.2784,-4.267,9.7978,-7.9981
0.2705,-0.3888,1.5134,-2.3529,-3.5867,1.8867,5.5919,2.7413,2.2237,7.2755,7.072,2.1757,0.188,-5.0016,-1.6611,9.7845,-0.7643,5.41,-5.947,-8.9436,-4.7857,-6.9061,-8.4706,-8.1131,-5.4615,-9.1844,8.8253,3.5841,7.9542,8.1733,0.5527,9.3266,4.0465,-0.3524,0.9875,2.8586,1.8447,-0.5898,-3.8958,6.3962,7.5213,4.2656,-2.5491,-4.5602,3.9105,3.7389,7.8329,6.9137,-7.287,9.3852,6.7244,4.2974,4.9022,8.7445,5.1147,-8.1598,-2.985,-9.0868,6.8361,8.7158,-8.774,-6.048,8.0102,5.8507,6.9693,8.0088,7.4506,-3.6069,2.6215,2.8686,-2.4944,-7.4608,6.6886,-2.5582,6.9822,-8.503,-3.8183,-2.4602,-8.3563,9.8319,9.1234,9.5509,2.8084,-6.1908,7.7679,8.7464,0.2799,-3.6114,-8.3125,-2.2946,-3.0235,6.8667,-9.203,9.9263,-4.9125,-4.3502,-8.6702,6.806,-4.6173,-0.629,2.0781,1.7266,-1.023,-5.5638,3.8841,9.5489,7.3265,-6.0378,5.4126,5.8682,-5.1581,7.1801,-5.0192,-2.9533,3.0025,4.4596,-5.2519,8.6368,-4.5691,8.6721,8.3857,-1.5717,-0.1146,2.8356,-5.853,1.32,3.9595,1.0053,8.5606,-5.9152,4.6398,9.4137,5.9669,9.8762,-8.6181,4.4523,2.7298,-8.6911,5.3683,4.7905,9.0362,-0.1637,9.3378,0.0646,5.6832,4.5593,4.2256,6.2941,-8.1431,2.8005,-5.3254,-7.7139,8.4971,4.9776,-8.5625,-1.9019,7.3597,2.8473,5.1084,5.0503,-1.8533,6.6814,9.6701,9.6294,4.9491,-4.9444,3.4424,-1.1678,-8.579,0.8725,1.6277,9.8916,8.352,-1.2537,0.6506,-1.3071,8.5887,-6.5411,-1.2245,8.1543,-9.1833,1.4729,-4.6565,7.0067,-8.8551,7.1094,-0.2195,-8.7219,6.8056,-5.4221,9.5975,-7.8036,3.2857,6.0361,-2.7554,-7.1397,-4.0211,7.0515,-7.092,1.6338
-9.8538,7.2733,6.2269,-5.7022,-0.0554,4.349,-6.3151,8.6947,9.435,1.2805,9.398,6.9827,-5.49,-5.8791,-3.5233,3.1458,4.958,0.7162,3.5485,4.3735,-4.2033,-5.9275,8.2944,-9.3542,7.0852,-4.6633,9.5887,9.6015,6.0684,-9.3701,-0.1382,8.305,2.016,-8.2155,4.3596,-8.1617,6.7335,-5.9541,-3.2652,6.5653,7.8696,6.6032,-5.8918,9.799,6.4322,-4.1991,8.9138,-1.8826,5.0653,7.2572,5.8095,5.5096,7.4886,3.163,8.6454,0.5043,0.6305,-8.6999,2.0391,-5.2721,2.7971,-5.8738,-1.8488,-5.5979,-2.1409,-9.6166,1.5982,3.1499,1.5862,-6.5489,-2.7743,6.4147,5.4693,6.6673,7.0032,9.3979,-1.2122,-6.9919,9.0713,-4.6366,8.5069,-4.1211,8.607,4.3895,5.6105,2.4028,-7.274,-3.5136,7.708,5.4783,8.6499,-7.8401,8.739,-4.0509,-5.9801,4.0726,-9.9747,9.4353,-0.0028,0.3864,2.2427,-3.2523,-4.379,-8.9093,4.5677,5.18,-6.6391,-7.9437,-3.7771,6.0287,-8.1582,-0.4926,9.1731,-9.562,-5.4922,1.3173,1.3574,4.9874,-7.7919,9.3835,-6.2248,-1.4712,-3.9537,-1.8381,-5.7976,-2.2838,-4.6396,-8.8444,5.3322,-3.7652,1.798,9.8827,3.7419,-5.5931,-5.2525,-6.8634,-5.1947,4.9337,-2.8675,9.1057,6.613,-2.34,2.7615,-5.0082,5.8138,-4.595,-1.2747,-8.4005,9.2025,-5.7452,2.2735,-6.3114,9.1995,8.3193,9.4269,-2.4027,0.6495,8.3893,-7.6661,-8.5062,9.3797,-7.3082,-3.5017,-5.6112,-0.6143,-0.013,-0.9095,-9.4167,0.8273,-9.834,3.84,-7.4947,-5.5441,9.693,-9.6791,-7.0516,0.4777,-3.859,7.5865,-8.333,-4.7643,5.5884,-2.8431,-9.306,0.2679,7.3751,1.3131,-0.3894,-6.7326,1.3773,-6.5783,-2.5631,-1.6424,-2.5329,-7.3607,8.9457,3.4861,7.4287,-3.2453,0.5468
-5.6576,-8.013,-0.079,7.4146,-8.5986,1.7392,-5.8104,-6.3228,-2.4271,-6.2273,1.5547,4.278,-0.3803,6.0976,9.1222,-0.9698,-8.3275,6.2404,-6.6687,1.3352,8.725,-4.226,-0.8808,7.7769,-1.6551,8.1939,-9.8893,7.8194,-7.4067,0.8831,-6.6251,7.3801,5.2561,3.636,2.8617,-8.9051,8.8396,-1.1773,1.1065,-1.8345,2.8794,-6.0826,-1.2369,3.5572,2.393,-0.0605,5.8192,-3.9885,4.5653,9.2749,3.604,-6.4365,-7.7473,-9.3313,-7.3565,-6.3922,9.4987,-3.0291,5.5755,5.734,1.5624,1.5122,1.1532,-4.1735,0.9841,7.1299,-8.0548,-0.6851,6.8568,2.4498,7.8176,9.5545,7.6836,-8.8205,4.3607,5.1435,-8.5962,9.3265,0.6253,-1.0945,5.2317,-7.4392,-8.1888,-0.1756,9.1627,-5.9062,9.4358,0.7885,-9.2573,-5.597,-8.3379,0.6955,-2.7417,4.6087,2.4329,-9.0847,2.8613,-4.7538,0.8528,6.7017,-3.6163,-0.0452,1.5164,-0.8398,-7.4794,-5.2646,7.5748,8.132,-9.8785,3.1678,3.981,-3.1589,-7.8485,0.2444,7.6646,1.136,4.763,-6.3597,1.5531,0.8862,4.3844,-5.5736,-9.6824,-9.3365,3.6128,-8.6034,-7.6854,-2.1872,4.9327,-9.5663,9.4804,-2.9331,3.9425,-9.0828,-6.0933,-4.9449,-1.0569,-5.141,8.3201,2.9746,-8.4349,6.0485,-4.606,3.895,0.4165,8.2508,-8.6292,-6.5085,0.3932,-1.8036,8.3354,-9.3248,-1.5164,2.2354,1.7103,-9.9733,0.565,1.9696,0.892,9.002,8.736,-8.1961,-0.2498,-6.5763,-2.8628,-6.69,-5.707,0.8427,3.5235,-3.3954,-6.8492,7.2935,1.0814,5.2994,-2.3747,-0.76,-1.7718,-8.7452,-1.8724,-1.8806,0.9542,3.854,-3.0849,4.3718,1.2036,-3.1976,-8.2128,4.7872,0.3196,7.8125,0.3209,2.6648,8.9311,-7.4878,7.7454,5.3833,-1.8073,-1.0326,0.1337,-2.1506
3.591,-5.99,-1.3438,-9.0333,0.1983,9.0242,0.2947,4.4921,6.1362,-1.2911,-9.8156,3.3709,6.7265,8.9094,9.4365,3.4616,8.0247,-9.6229,0.2199,-4.93,-8.316,-0.2908,5.3213,4.2801,2.8427,5.5163,-3.3952,9.4773,-7.5249,-2.9853,-7.5446,5.8788,-1.0596,-5.9988,6.9758,3.7799,8.7499,-0.5811,0.0625,-4.9518,8.4737,-2.3597,-4.4927,7.7749,-6.3582,-7.8718,-1.369,-8.1131,7.9477,-0.2638,-7.4599,-7.5251,7.6717,4.3155,-7.1883,-9.8714,-5.1919,-7.4057,3.2774,5.9329,-5.7513,0.1943,0.1931,-6.2119,-3.8493,-7.4775,-4.47,3.9771,6.7967,9.7616,-4.4174,3.2342,-3.0375,-0.4845,-9.6896,-5.1123,6.0298,-5.7626,-9.6568,-6.3426,7.4039,8.487,6.4081,-3.3585,-9.4548,-0.0031,-4.4582,-1.5302,-0.0117,-1.3493,7.8556,7.2282,-3.2026,-3.0721,3.2712,-7.1018,-3.1986,2.4758,6.0419,2.3537,8.3232,4.2105,-6.3412,8.8539,6.8034,1.964,1.7181,9.7628,8.9482,-6.0144,7.4446,-7.5881,-2.8608,1.8035,-2.8711,-1.0022,8.4493,-2.2714,-7.3251,-5.671,5.3707,-7.107,-2.5746,-4.7478,-5.4466,8.1627,-4.7862,7.127,7.6606,-7.0055,7.9735,8.5889,-7.2839,-4.3616,-9.0568,-4.126,-7.5108,-4.5338,-0.2841,4.7422,-6.9828,3.8964,-3.9966,-7.5853,-2.5711,-4.6406,9.9509,-7.3585,-3.6884,9.7459,-4.2576,-8.5591,1.3484,-3.1366,1.8103,0.5192,-9.5091,-4.4855,6.8178,-7.7488,-9.4464,-5.4897,-1.424,-2.2849,3.5721,-7.7642,-8.6802,-6.4417,1.3796,-0.4646,-9.3931,-3.1953,9.9086,-9.1021,7.2162,-6.2167,-7.7504,-3.336,-6.8398,-4.657,0.6694,6.2813,-6.1394,-7.5435,-8.2245,8.7566,-1.6198,-4.9244,-7.451,-8.7114,7.6658,-8.8332,-7.5924,-7.0259,-1.8445,-1.1838,2.4132,-0.8312,2.6991,8.6072
-5.4585,-3.5997,1.0928,-7.2354,-3.7201,-3.0361,4.8076,-8.4871,-9.9046,2.5942,9.8873,-7.36,-4.9597,9.6627,5.8978,6.7555,-2.6183,0.0431,0.8413,2.2068,-3.39,-3.3501,3.9204,-4.6915,-1.4322,-4.9809,-4.4394,-0.9902,6.6849,-3.8053,-0.5133,-3.4537,0.749,4.076,-1.3091,3.7422,-1.5509,-7.0139,5.1404,-6.7202,5.8051,-8.3864,2.8005,-0.3818,0.7544,-4.9406,8.6542,-3.9341,8.5075,-2.1696,5.7634,3.7783,5.6301,-9.5722,6.4059,-6.5396,0.6248,9.2211,-0.8956,-6.8874,-1.8328,4.9867,-1.5637,-4.6607,7.5629,-1.4242,8.957,7.0979,9.7406,3.2884,4.8191,0.6446,-0.8222,0.2974,4.1321,8.4597,-3.8196,-2.4146,-0.826,-2.3907,-1.3675,3.4067,8.1365,-6.0025,-4.6002,-9.3826,7.0573,-1.4455,-6.9871,-4.0887,2.3329,8.8395,-5.9857,4.4966,6.9449,9.1669,-5.8378,2.7531,-5.9777,-7.017,5.2751,-4.735,9.3674,-1.1404,9.4441,0.4271,-0.2265,-3.4595,-8.7108,2.1372,9.0462,9.1604,7.1249,0.5553,-9.3288,-1.1248,2.5522,-8.5259,1.9311,6.4645,3.1896,-4.6099,2.8543,3.145,-5.5146,6.7211,-0.1744,6.6879,-3.7879,-0.4317,-5.2392,-9.4139,0.9459,9.177,-7.2131,2.2851,-6.418,-3.9853,0.4751,-1.9846,0.5125,-1.6013,6.891,2.9167,4.2069,9.1584,-4.6577,-9.8595,-9.6331,4.6405,-2.5192,7.4163,-4.5865,7.4979,-6.9654,-3.5162,-2.0431,-3.9766,8.5041,-9.8681,1.6701,-5.3515,-7.0184,9.5171,4.2665,-7.3817,-4.4561,-2.9181,-5.9311,9.6648,-6.4336,-4.5293,9.163,5.8667,-0.7933,-1.1047,-9.9464,-1.089,3.3678,5.0049,-9.7727,-8.3056,3.637,6.1307,4.2027,-8.957,-2.1239,-7.0729,-8.4822,-5.9485,-1.1009,1.6915,7.4221,-6.7668,4.5388,-2.2802,1.2995,-5.9385,-0.0624,-5.7448
3.2856,-7.1618,0.6975,6.3851,-6.4581,6.1189,8.4252,-1.6037,-7.2484,-4.8956,0.2116,0.964,-8.3604,-6.3255,1.6991,-2.0499,6.0431,-0.203,-6.9367,1.4349,-3.3662,9.5382,7.5363,-3.6675,4.8861,-0.0334,8.0596,5.9354,9.9438,-6.1141,-6.471,8.9449,0.6445,-1.3199,7.2581,-0.7091,-0.0451,0.9856,-6.289,-0.9359,-7.1447,-8.1621,6.4403,6.3521,0.1287,4.6168,3.9294,-4.6793,-0.6239,-8.9998,9.1399,3.1902,9.4246,7.7456,-8.3441,3.2272,-6.1992,-3.1533,-9.0986,-7.0499,-3.4169,9.4332,6.7115,-4.8289,7.4203,0.5113,-9.9766,-8.0141,5.1736,2.478,1.0592,5.818,-3.4601,7.8808,7.2364,-9.3095,7.7967,2.5225,-3.2891,5.1652,-7.4528,1.7565,-8.8478,1.9459,7.7702,7.054,4.1532,-8.7021,-1.6696,8.3588,-5.1805,-7.1871,5.4141,9.1805,-9.8969,1.6052,-0.5661,-4.2485,-7.0519,-7.2273,9.619,4.7734,-5.1834,0.5384,-8.4185,5.0952,4.8558,-5.4243,-1.9161,-6.0412,-9.6802,-9.3621,-6.2721,-9.4324,-3.2595,1.6711,-8.4211,-2.3482,2.1611,0.3438,-1.2984,0.5062,1.6531,8.8846,5.7271,-1.6285,-5.0726,-3.4147,6.8147,7.7016,-1.607,-2.1487,4.0945,4.4507,5.8955,-6.45,1.2315,4.1296,-9.3991,-0.8105,5.9474,7.6675,2.7392,4.6472,8.0736,1.0321,-0.9984,-1.565,-9.4288,2.9694,-2.9263,-7.5067,-6.9449,-7.7625,5.0157,-5.6651,-6.9591,7.5954,1.7792,8.6255,-5.9772,-1.0197,3.6809,0.3015,8.1667,-8.5209,-8.5672,4.5206,8.9775,5.9401,2.1113,1.4435,-2.4696,0.832,-0.2195,2.5493,-6.9195,-7.8101,6.1121,-1.5389,5.7875,-9.2409,-1.2102,-4.4872,-2.3248,-2.342,-4.1541,1.5658,8.0291,9.8433,0.428,9.5362,-5.3824,-6.0334,-2.7887,-9.2873,-6.2745,1.4711,6.3252,-9.1323
-9.9403,5.3636,5.7716,3.6625,-3.0128,-7.0722,-0.2954,6.6946,-4.2476,9.4721,7.7517,-9.8366,7.2446,3.4195,1.1046,-7.6939,9.296,8.6241,5.0367,3.2649,-7.6182,-2.0088,-9.8572,-7.8805,-7.5975,-2.2572,-8.3541,8.6551,-5.2207,9.6652,6.1076,-6.9153,6.4097,6.2666,4.4617,-8.9158,4.2875,6.7497,4.9198,-4.401,8.1516,1.8173,4.2698,-1.91,-3.5603,6.7965,-0.1045,6.3002,7.2617,-4.0774,-9.5256,-6.4391,-0.8052,-8.5333,-6.8563,-4.8942,-1.7225,-4.9858,6.7711,-5.5757,1.5434,-0.1435,-8.2237,1.9636,2.1252,2.201,-2.7316,6.6871,4.2426,-6.3928,8.217,0.2255,6.647,-2.5301,6.6247,-7.285,-4.4312,1.6879,5.0068,2.3663,8.7905,-3.4458,2.3381,-9.8847,4.9034,-0.054,-9.5834,4.7514,5.6119,-8.5184,6.9211,-8.5249,-2.1557,-0.8465,-2.1507,-0.6494,-3.9316,9.7412,6.9278,-2.6304,-9.2758,-9.346,2.0441,-0.6516,0.6008,4.0311,5.1819,5.3061,-5.3839,-1.3356,-0.9384,-6.9341,8.1611,7.4584,-1.0532,-2.1432,9.5843,7.8125,-9.2582,-1.977,-1.0248,-3.497,0.2465,-4.8648,-8.2068,0.3143,-5.4536,-9.8968,4.7723,8.3167,6.8458,8.1411,7.2559,0.3847,-1.22,3.1193,-0.454,-8.8608,-4.3325,3.8954,-7.2571,-4.6595,2.9973,1.3481,-8.2621,0.9816,1.0362,8.093,7.2426,-9.7715,2.6316,6.8356,3.1998,4.0386,8.0188,-2.9917,9.891,1.5977,4.5321,-9.4449,7.6673,-0.3638,-1.4409,3.3898,-6.0774,-3.9004,1.6223,-8.6741,5.6407,8.2973,7.1427,-6.4968,4.8021,-8.744,9.3826,-5.4653,2.3838,7.319,2.3733,-5.6021,8.8805,0.7171,-2.194,-0.6682,-5.6752,5.7164,-4.2249,3.3438,4.373,-4.5866,-2.8087,2.9513,0.8017,8.253,-9.8361,-1.5467,9.001,9.8271,-1.6416,-1.7441
-7.1314,0.9652,0.1446,-4.865,1.0348,-5.8576,9.668,0.8863,3.7972,-4.2137,9.2133,-8.9001,-4.7484,-8.2932,-3.7027,-9.938,3.3835,6.3001,-2.4614,-9.7144,8.7644,-1.19,-0.9024,-6.5847,-8.4097,-0.1296,-9.534,5.4039,3.1756,0.2678,-2.4236,-8.7904,0.4123,2.107,-9.2437,-9.3424,5.7313,-5.7409,-5.7094,1.0481,7.6843,8.8522,-9.5268,-6.039,9.0723,2.5622,9.5615,-8.0334,-3.9855,-9.9619,-4.0122,9.9163,5.6369,3.9761,-4.4761,6.9568,5.3441,5.1416,0.0792,-3.9975,8.4135,-1.8455,6.3049,8.6813,7.5028,-7.6943,1.4927,-2.1592,1.4785,1.9943,9.6642,0.8817,-9.4316,-1.3623,-9.2807,-3.6326,-7.4333,2.7852,8.0329,2.4248,0.0586,7.6829,-8.8337,-4.036,5.2217,-9.1942,-6.0723,8.0056,-6.151,6.2175,2.6138,3.6467,-6.3683,-5.8607,-1.3503,8.0859,6.9592,-4.9128,6.2768,5.2204,2.1064,4.7514,2.5325,-1.6286,6.9235,7.0249,4.4935,2.4461,5.946,-4.4082,-3.0197,1.9742,5.7082,8.5738,-3.2799,3.0167,1.7404,-5.3735,0.453,1.8852,3.9787,6.604,7.6288,-4.2691,9.1055,-2.6034,2.2757,1.1742,8.9081,3.2395,6.2595,-4.934,5.0431,-4.2969,3.6153,0.8188,5.1953,-4.5668,-9.7948,8.5404,-8.0254,4.3279,4.6682,1.4194,-2.7056,-9.4222,-7.7803,-5.3787,-8.4623,-0.3406,-5.947,-2.7955,2.7229,-8.9437,3.485,-9.9414,3.8099,2.2485,-1.142,9.2835,3.3117,-0.7774,6.5978,-0.1411,0.039,3.5892,-2.1373,-9.9114,-6.5392,-0.3027,-3.0533,4.059,-7.7114,5.521,8.3655,-0.7512,4.4773,8.4595,5.4958,-5.6255,-8.2719,3.1166,-8.2355,0.1397,8.8259,7.7689,-9.4737,6.2559,0.5097,9.8233,-5.6551,-1.2262,7.9766,5.7714,-3.6418,-8.1577,-1.5919,4.6367,-8.0814,4.4075
0.308,-5.7234,-6.4328,2.6361,-8.0458,9.0401,-3.2887,-4.4458,-4.5775,-5.1689,2.9762,-4.539,7.6639,-2.6861,-6.2589,8.857,-6.5803,0.7489,5.8897,-5.1889,-2.3311,-2.1225,-7.6674,-2.961,-2.0444,8.6854,-3.4154,-9.8878,3.6949,6.8965,-4.7375,1.6782,7.7951,7.3973,6.1555,-6.5483,1.2617,2.656,-2.6451,-1.337,8.8493,5.6584,-7.554,0.7507,-0.4898,7.7714,4.4433,2.4505,2.1978,-6.716,-3.5474,-0.9548,2.9947,3.2249,9.794,5.2153,-7.4773,-1.7171,-5.952,6.3603,-6.4839,-0.5104,2.7627,3.5759,-9.8554,-3.5578,5.3639,0.295,-7.492,-5.5244,-7.7576,6.4665,7.4268,3.1465,-4.9714,-0.6632,4.4045,5.3645,-5.8008,-4.2241,2.9797,-1.372,9.4726,0.4762,7.9003,4.7394,-1.7325,-6.4666,-6.4298,-9.8049,6.6367,1.827,2.9361,8.8981,5.2444,1.1563,2.782,-9.0157,1.492,-7.48,-5.9636,3.6363,-9.5916,9.9083,3.9637,9.5533,7.3801,4.2457,7.6305,-9.7643,0.6068,-4.5056,-0.0281,-6.5753,9.1949,7.554,-3.3537,8.0051,-7.9598,-5.5289,3.9012,-8.0856,8.3693,-8.7107,9.6096,-9.3413,-2.351,-9.915,5.4538,4.9082,-9.9932,1.8696,-7.4974,-0.6691,-4.6274,-1.8049,3.6647,-8.6393,3.9255,-0.0386,-3.5243,-4.4433,0.3036,0.6038,5.5908,-1.6889,3.4251,-3.5494,-9.8842,7.2716,-3.0775,-7.1167,8.783,-2.8701,-5.7492,-0.6057,-1.7365,-5.854,-1.3972,7.5546,-7.2561,-8.7294,-9.9597,-2.2853,2.7011,-1.5306,5.5101,-6.69,-5.4434,6.7229,-3.5206,-8.2347,-9.482,-2.3458,-8.2383,5.9758,-7.5994,-4.8193,-8.9772,-8.6843,-1.07,-5.9431,-0.0222,-9.8312,-0.9949,-1.5413,9.5111,-4.8413,5.6771,-3.2633,1.4701,0.8154,-1.5038,3.9745,-4.783,8.2288,-2.2827,7.3676,-2.3703,-9.6241
-1.9758,0.3301,-4.9981,2.4581,5.974,-5.0836,-8.0202,-0.3279,2.1908,1.0333,6.5871,-8.7682,8.4609,-3.1231,-6.5326,-1.432,-0.1243,7.3146,-5.9017,9.279,2.0206,-5.8177,-9.1733,9.3504,-0.1447,-5.926,0.4199,-3.3871,4.8857,0.293,7.9819,3.3066,5.3534,-5.5019,-5.9389,6.9202,-6.7506,-7.6201,1.848,9.6778,-9.2479,-8.7074,1.6467,-3.3458,-0.2729,-9.802,4.5853,2.2086,1.2538,6.2279,6.9167,2.776,2.7818,-3.3336,7.7098,-8.2837,-9.3649,-6.309,4.087,-9.7924,-2.6331,-4.4594,0.221,-8.3097,-8.0565,-3.8287,-3.9642,-9.4779,-3.7473,4.1039,-9.257,2.2873,-5.1579,5.9474,8.3639,5.9366,-2.2824,5.7569,8.517,3.8067,6.3808,9.9821,-6.6442,-4.6957,5.7297,-0.2818,-8.7963,-8.4269,-1.9068,-4.6461,-3.9726,-1.5969,4.7735,6.2188,8.0062,-6.3922,6.9428,-7.7433,-6.1053,-4.481,-3.8055,-4.9861,-3.7049,6.8354,0.5763,-3.1702,7.4221,-0.7442,7.9094,3.058,-8.4641,9.8832,-9.4645,6.6716,7.4397,-0.8385,3.7806,-8.4133,-9.0754,-2.2433,2.3947,3.6948,2.8097,-7.5798,-3.1061,-1.0835,-4.149,-5.7861,-7.7947,-5.2622,6.3708,2.4211,-0.5042,7.3655,7.9038,4.4424,6.4893,8.4054,5.4631,-9.5476,1.5011,0.6576,4.2863,-7.9677,3.5293,-2.2601,-6.8943,-0.4798,7.7394,-0.4842,5.7026,4.7737,-6.2123,-9.4354,-7.4324,-5.7517,5.7275,-1.7645,-9.459,0.3631,-2.4862,7.716,-0.0309,-5.5897,-6.3173,0.1193,8.4338,6.7406,8.8148,-3.2815,-8.3122,1.8927,-5.5889,3.785,7.5525,3.1041,0.6656,-1.6027,1.5957,-2.438,0.7725,-7.8391,-9.588,-9.6101,-8.0813,-2.4832,4.8778,6.5542,3.9287,-0.8006,4.5313,-5.649,-5.6602,-7.8876,-6.9133,-3.5876,-4.4714,1.1081,-9.2538,7.8308
1.1708,4.6112,8.8954,4.2994,-2.4946,-9.8487,-3.6729,5.8475,-3.7719,-2.7622,-7.2708,-0.7799,-3.0763,9.3639,4.7155,5.5095,-7.9273,-7.8757,-4.2347,8.9569,4.1511,-7.21,4.4579,-9.3177,-4.0312,-2.1887,-2.211,-3.7011,-5.1825,5.2247,9.0482,4.9004,1.1299,8.3824,-8.876,-8.2052,3.3137,0.8039,9.9418,-7.9885,-9.2085,-0.2024,-8.259,-0.5588,-6.4463,6.1381,-0.1885,-7.3924,8.102,-3.958,3.7482,0.0274,-0.7799,-7.2126,0.5278,-7.8545,-4.5057,4.9504,-6.067,2.0152,3.8902,5.206,-4.3325,1.0352,-8.8694,1.4346,-8.0077,-9.3804,1.9322,5.5804,8.6715,-7.0151,-9.0709,0.2992,-6.0522,-7.1523,-3.469,5.9592,-1.3352,8.818,-2.1517,-1.32,-2.8509,4.9125,-9.1379,-1.485,5.212,-6.9247,-6.1312,0.3256,-9.1552,0.9897,-2.147,-6.8625,8.5472,8.0831,8.8236,-7.7315,-2.1599,0.334,0.3981,-7.8404,2.4602,4.3528,5.7266,-3.0403,-1.9992,8.9395,1.459,0.8386,6.8225,3.7131,6.5311,2.4228,-2.1541,-1.9494,-0.7493,6.4734,-9.3122,5.3887,-0.3927,-5.9361,-2.2932,4.1952,-1.4777,-2.3458,5.2459,-0.1911,-2.3337,-1.6167,-3.5471,7.6519,2.9208,-5.5948,6.6866,-2.2167,4.2561,-5.7774,-1.1934,-5.2301,-9.6963,-6.4715,-5.3157,-7.2668,9.4973,-3.4289,-1.4215,4.8508,4.2633,-3.2278,-6.7426,5.9764,3.9405,1.6299,-7.7574,8.3389,-5.9991,-3.077,-7.5111,3.6794,5.22,-5.6957,-7.5813,-3.8479,9.2532,6.3334,6.531,-0.6671,8.759,-4.4627,4.8174,-1.5626,-3.1931,-2.0958,2.741,7.7726,6.8624,0.3236,-9.6541,2.5355,6.1491,-4.0149,2.5616,8.1872,-6.8478,0.144,-8.529,6.5807,5.5699,4.9662,-1.6619,5.7487,5.6158,-7.5844,-5.3878,-6.4808,-2.0806,-5.8273,0.0937,8.4889
7.9905,-1.7167,0.4297,8.8606,-4.8288,5.2392,-7.7734,4.864,-6.0343,-4.7865,-0.5808,1.3973,-9.052,1.9771,-7.7841,-7.9695,5.858,8.7846,-5.6908,6.6225,1.4457,3.9754,-5.5471,-4.4946,-3.5461,-3.2671,-2.8377,-5.6715,-5.3747,-2.3809,-7.9777,6.4478,-1.7549,1.3945,-9.3918,6.5362,-5.6633,6.7812,-9.896,-3.4645,4.2703,-3.2993,-0.8129,0.3915,5.2352,-2.1308,-6.7057,-4.8561,-9.3375,-0.001,9.3953,6.2397,1.8748,1.0547,1.3086,-4.0983,-7.0435,4.3352,-7.7318,-9.3011,1.9041,-1.8681,6.8288,5.7275,-0.7993,-1.1681,-3.5923,-0.815,-9.3505,-9.9726,5.7437,-0.0999,4.4228,3.0151,6.9132,-9.3938,-9.7526,-4.8377,7.8266,0.9645,2.4355,-2.7062,-8.6098,4.937,-9.3412,3.6198,-4.4546,9.0034,-1.9977,9.7997,8.6071,9.5179,8.1702,-6.6958,-1.2029,5.7157,9.6103,7.763,-3.8855,9.7219,7.3765,5.2152,-1.9783,-5.4971,7.0613,-1.3757,-2.93,4.0724,-4.3331,3.2558,9.0054,5.229,-3.9044,-0.8713,-5.9667,-8.0603,0.6779,-8.2768,9.2374,8.9069,7.9725,0.3798,1.4427,4.319,9.4934,8.8967,1.3012,5.8639,-2.8037,9.8644,2.375,-3.8016,-2.2421,4.4067,0.0933,-3.9972,-8.9161,7.2601,-7.6993,7.516,7.4179,5.1171,-8.7528,7.7136,9.2439,9.666,-8.4631,-0.9171,1.1026,-7.9806,6.9489,-0.7558,1.6359,-5.3918,-7.2295,4.6491,9.8539,-6.4393,9.7934,5.6208,8.6203,6.6867,1.2254,1.6256,9.8641,-4.1746,8.7305,8.0074,-5.5441,-2.422,-5.8756,4.2834,-2.0543,4.2972,-7.8484,-7.2488,8.8308,9.4642,1.818,-5.4799,8.8641,-7.7206,8.104,3.7933,-4.0769,-6.345,3.8334,8.2604,-6.9075,-0.8009,8.8149,-5.1438,-0.8198,-7.2336,3.3556,-2.6011,-5.1566,1.7664,-1.1427,-2.7916
7.2404,-9.3571,8.1985,4.7059,3.6209,6.7751,-5.1689,-5.6159,2.1884,8.2081,4.7761,1.0567,9.2553,-2.0702,3.5154,7.1373,2.525,3.3781,5.3108,8.0467,-3.8953,-7.8924,6.0111,7.3002,4.2041,-7.3802,2.3432,7.0912,-7.0306,-7.1411,-8.8627,7.7483,-7.3525,-5.8366,-7.6588,7.9049,-0.372,-3.86,9.2499,6.5555,7.4053,0.383,5.9565,1.8176,9.3346,3.4739,-4.0916,-1.8272,-6.1586,8.5671,4.0904,8.239,-4.4535,0.2467,-4.406,4.6448,8.1376,-5.937,6.1524,3.7449,6.9824,2.2815,4.4496,-3.0879,4.9537,-1.5322,8.0325,7.9753,9.9083,-8.9624,-3.9486,1.0355,1.5407,-6.4725,1.3068,7.5887,2.0249,7.6199,-5.7169,7.1084,6.4979,-9.3605,6.2779,8.3161,-3.7912,4.5579,-6.2284,4.9511,-6.2927,-5.5545,-7.0278,-9.7017,-5.6391,-1.7151,4.1947,-6.3873,-3.3111,3.1904,5.6263,8.121,-5.8124,-7.1844,-1.8053,6.0639,8.0102,8.511,-7.3488,-8.1181,7.3888,-3.8538,9.0929,-1.3097,-6.9427,9.9306,1.0554,2.1765,-0.9032,-9.9382,-8.3347,-0.615,-9.1686,8.6427,2.8932,-7.3148,2.4778,-4.0737,4.4579,-4.9539,2.87,4.7751,1.1552,0.4405,0.7676,1.8472,5.4383,-8.9118,-5.7056,-2.2573,-6.2928,4.8634,0.5773,-0.1073,-2.8674,-3.6178,7.4179,-4.3928,5.5797,3.146,8.4167,-2.5305,-7.8053,-0.9489,-8.3252,3.4665,4.2668,6.4969,5.4101,9.6764,-0.6741,3.282,-1.3983,-3.2335,-0.6995,1.1557,-2.7363,3.0976,-3.7087,7.5023,3.9416,-4.355,-9.2908,2.3241,1.1587,0.6324,-2.0763,-5.5673,-9.5932,3.2472,-1.364,4.4113,3.4622,-3.3692,-6.2793,-5.1488,-2.0692,7.7286,8.3194,3.1571,5.4998,-1.0137,8.0347,5.5322,-2.6273,-4.0483,-4.588,-6.5099,-8.3357,-7.2214,-0.2373,-7.9494
-9.8633,-7.0548,-7.467,-5.3334,8.3955,-1.1103,-9.0521,-9.9817,-1.7502,-2.6208,2.1684,9.2685,7.8955,5.2898,-1.9417,-6.8668,-4.0791,-4.8933,-7.3591,2.2039,-8.5219,-6.7632,-3.1176,-6.923,4.658,2.5415,3.9912,-6.2271,-9.1644,3.4922,-8.0277,9.8001,1.1664,4.3115,-7.4667,-9.0793,-7.024,0.0278,4.9848,-6.1614,5.8325,-6.332,9.4878,-4.77,-3.4406,-0.6109,-9.9846,-9.9,1.2457,9.0146,-4.0896,-2.3563,-2.8389,-5.0371,5.5516,-4.897,-4.4895,9.6778,9.687,-3.744,1.8995,5.4064,2.6965,3.813,9.6691,9.3619,8.5468,6.9765,-0.3618,6.5345,0.9433,5.8523,-5.8128,-4.0624,-2.3599,-0.3928,4.6078,5.5269,5.5162,7.9286,3.4355,-2.3374,-0.3256,1.2756,1.043,5.1907,7.92,1.8995,-8.396,6.2656,8.5259,-1.6213,-1.9044,-3.4057,-1.5216,-0.8369,-3.375,-0.6147,2.142,-7.6186,-1.5345,-9.662,6.567,8.6694,6.5247,-2.2591,-8.3192,4.1915,4.9813,-4.7724,-2.5657,7.9415,-9.6676,-3.6637,9.5148,-6.8155,0.3199,2.1582,7.9199,0.0021,2.8797,-4.3004,4.7952,0.5736,4.3727,4.9924,-9.6909,-1.488,-1.898,-5.5336,4.8509,8.2983,2.6127,-8.7889,2.6519,8.3154,-3.852,-0.4756,2.2691,5.5574,8.498,4.6477,0.7298,-5.4968,-5.165,-0.5883,-4.0902,8.7328,-0.464,-1.7276,2.9646,0.9528,-2.9216,4.1015,-0.1877,5.6689,2.2082,-8.8551,-0.26,-4.6206,-5.2192,8.1354,0.2853,9.2332,1.8214,-0.1392,-2.9356,5.4176,-5.7042,-3.9119,-3.5818,-6.123,-5.6276,-6.8678,6.384,-4.0674,6.7704,-5.2531,8.9153,4.8668,0.1935,-8.0666,-8.9992,7.093,-8.9392,1.7718,-3.1839,-4.0286,-7.428,-9.977,-5.9194,3.5718,-8.2237,-0.2123,-0.4372,-6.7323,-4.4065,-4.3114,3.1417,-8.1273
-5.7159,-6.4947,-8.7286,-5.1299,2.9951,6.3358,-6.3161,9.9555,-6.1399,2.4678,-3.2071,4.7263,4.6754,-5.0096,-9.6319,8.1016,2.1889,8.1378,-8.2911,5.9107,-3.4462,3.8697,9.6595,0.3344,1.2679,9.495,-4.4343,1.5219,2.6787,0.2848,-1.6941,-3.6804,2.0108,3.836,4.5053,4.8979,5.4195,7.09,8.3973,0.2257,-7.451,-8.0297,4.1328,9.5417,-6.4211,0.3064,3.0011,-0.8162,6.5712,6.4325,9.7198,5.5146,-5.2057,8.4715,-5.3146,-5.7359,1.7137,9.8774,-9.6043,-9.8942,7.7834,-1.3699,4.1793,8.2669,-8.7548,-0.3422,-1.5273,5.6444,3.9618,-5.1042,7.3165,1.6577,6.4054,-4.234,-1.0292,-1.1015,5.6719,-0.3506,6.8813,-4.964,-1.3514,-2.0426,-5.458,8.86,3.1367,3.3324,8.0457,-8.6437,4.6052,-4.6001,-9.7286,-7.1791,3.2292,5.0897,-0.5332,-8.1057,-2.7087,4.7119,3.3955,3.975,0.2355,3.9886,4.385,0.8817,3.4088,-7.5956,8.2744,-7.1749,4.6135,3.8292,9.9822,5.5915,9.131,0.0215,2.0102,-7.8988,8.5041,5.7785,-3.1898,-2.2788,4.5766,0.2824,7.4484,2.0869,-9.0165,-3.8113,1.0703,9.7787,-2.7371,-5.1274,4.9562,6.0619,3.8818,9.6989,7.2071,-3.7325,-5.9858,1.4821,-8.4112,3.6093,9.0601,-6.0908,4.1218,-9.9382,-2.001,-5.2235,-9.6913,-3.7123,-1.7474,4.1593,4.8457,5.8729,-4.5915,5.2338,-0.9545,6.5898,8.9301,4.0724,7.241,-8.9299,-3.3013,2.5356,3.1562,-0.1204,4.0623,4.7428,0.0678,1.6804,1.7903,6.5303,-9.086,-0.241,-5.1174,5.7032,5.6294,-7.9234,-5.911,-0.4333,1.0285,-2.1608,8.0435,-3.248,-8.8466,1.0159,7.1685,9.8524,-1.7583,-4.0113,7.915,-7.7971,2.5874,-7.788,8.0081,0.9654,8.1005,4.8624,3.0834,8.0577,1.8754,5.899
0.2818,-5.1853,4.4173,-2.4482,-0.8087,8.1136,5.4773,3.6609,9.3513,0.5365,-9.9237,1.4371,-3.9473,1.0248,-0.0952,-3.2248,4.93,-7.2081,-0.7917,5.7883,-8.9735,0.713,9.3089,3.7994,7.1023,-8.6245,1.6522,2.7287,7.4959,-9.9857,8.9897,2.6319,5.5416,9.7491,-2.2268,-8.028,6.9375,4.0434,8.68,7.7937,0.0763,0.1515,-0.8801,-0.5258,-6.5289,6.4357,-1.6006,-7.2611,2.754,9.7803,2.9443,-1.5264,7.723,-5.5687,-4.1159,-4.6296,-3.1583,0.1763,-4.2531,8.7413,-2.8331,-8.7542,-8.5904,-2.7902,6.1639,4.6214,-5.583,9.361,-6.1984,-2.2566,-0.672,-2.5744,-8.6817,0.0771,-1.0536,7.272,-3.0886,1.6402,9.469,7.0181,1.6821,-7.6348,5.5745,9.6092,-4.0808,6.9368,3.4881,-6.1769,-2.572,4.4607,-8.5214,-1.7747,1.8897,-3.8368,-1.9891,8.9548,-3.5873,-1.0044,3.4541,-8.7734,-8.7312,4.4268,9.9196,4.3038,-8.6913,-0.7022,-4.1185,-2.2673,9.9785,5.0284,5.752,-2.9526,8.5238,-6.7495,-7.6915,-2.2074,-8.5518,4.4652,-0.1433,-9.6877,-6.784,-8.0655,-2.6172,-2.7988,-4.5683,5.8577,-4.2822,6.8124,-6.3593,-5.3651,2.2195,-0.4347,7.2413,-9.9059,3.7654,-4.9838,-0.6454,-1.641,0.3604,-8.8571,-5.3161,4.2157,-8.2242,5.1394,-0.1753,-2.2196,9.7259,5.327,8.0766,0.3821,5.4169,6.7034,5.7887,2.0877,1.643,6.1364,-1.2809,7.5104,0.2409,-3.6773,-9.5939,-0.9891,-8.0979,3.2772,9.1965,8.1796,3.2988,3.3666,-9.3999,6.1265,2.4426,-7.4991,7.6939,-1.6442,-2.4257,7.3232,-3.4826,-8.4415,-6.0294,-3.7555,-9.7337,7.3907,-2.0842,9.0581,7.046,-6.5811,-2.6483,-7.0327,-8.4979,-6.2627,6.8081,6.9206,7.7269,-8.1548,-9.6281,-1.872,-6.2007,5.9493,-2.1833,-9.2554
9.8968,1.0295,-1.0027,0.4892,-1.7251,-9.157,-5.3519,-9.0695,-4.273,-7.0938,9.8823,-3.6477,-8.9716,4.1543,1.376,2.8571,4.5628,-8.7394,-9.6738,3.4228,-0.5497,-0.6555,9.6008,-2.4352,-1.2677,-6.0927,8.028,-5.3653,9.9837,3.9622,6.7498,-6.6146,7.8919,-8.607,3.64,-0.4688,2.6766,-2.7182,-5.6925,0.3733,5.1667,-1.0732,-8.9189,-3.3806,-3.3245,-4.2319,2.1767,-4.3643,2.7961,-7.6194,-2.8782,-4.3931,5.5393,-0.6875,-9.6737,-0.6346,-2.3124,9.9017,3.1107,9.8669,-4.3242,-1.5488,1.948,-2.9031,-7.4116,9.1133,-7.8904,2.1908,0.8233,-1.0306,-0.5602,-9.3349,8.9521,-6.9683,9.5652,9.9666,4.6147,-5.1471,-0.3611,-1.0716,-7.6051,8.8837,4.0088,-2.0405,0.945,-0.8353,-6.7779,2.0614,-1.1174,-1.156,-1.5557,5.1312,-5.434,-0.3334,-6.5943,-6.5657,9.8927,9.2776,5.4474,-4.1591,-2.2998,-1.5304,7.7864,6.3747,5.9494,-1.0647,-6.5538,-0.1331,9.7411,9.8348,4.4026,-6.5196,1.7568,8.4437,-1.8253,-3.1388,-2.2283,4.2609,-8.1565,-5.7988,0.2514,-5.5115,-4.7693,-1.1829,-0.1922,-0.2671,-7.4707,5.9498,-1.6279,-2.5554,4.3954,-0.0734,4.7741,3.6262,-0.0999,8.687,-9.6802,0.0119,7.9363,1.3561,2.7439,7.2377,-7.56,9.0074,-2.006,5.7065,4.2725,4.3047,2.6477,-4.4321,5.3104,1.7422,5.4662,9.7904,1.6789,7.47,-5.3237,-8.1903,3.2254,-5.9361,4.0998,3.7644,2.1392,0.78,2.2094,-1.5635,2.5774,-9.4487,9.811,0.4093,-4.9713,-8.3719,6.6956,-2.4764,-8.2071,7.1593,3.0047,1.9017,3.4891,2.589,6.6962,-0.5231,6.5986,9.7863,6.5298,-4.7402,3.7429,8.0712,-0.3801,3.9675,8.3613,-0.7602,1.3503,-0.612,1.8676,6.8495,8.9518,-5.4318,9.8462,-8.7709
-9.7355,-7.0321,0.5128,5.633,-5.2129,-1.7866,-1.1676,-7.3478,-8.8319,8.6549,-8.0609,7.613,-2.0188,-8.5667,-4.3338,-0.2924,8.4667,-5.6389,5.8703,1.4814,-2.4292,3.249,6.4912,6.1423,-1.5363,8.2653,3.8569,6.2874,-1.3381,-1.4812,-8.9054,0.0595,-8.8699,-3.6808,-5.0667,-7.4638,-6.4956,2.2466,-7.6848,1.7033,7.5381,-9.4998,-0.3791,-9.0428,1.5692,3.0935,-0.7413,-7.6153,6.4003,-1.9354,-1.0722,9.7716,4.5843,0.028,5.2565,2.3877,6.4889,-4.1133,7.1878,-8.5552,0.5853,1.9269,-2.4012,3.2698,9.4622,-3.379,1.4925,-4.174,-9.143,-3.5945,-4.4549,5.6912,-3.4187,9.2554,-9.2054,-0.521,3.4013,-8.6143,2.8456,-9.3805,-5.3806,5.2667,7.3698,4.225,-6.5991,8.3856,0.6059,3.5162,-9.1173,0.6066,-3.6774,-7.4237,2.8675,9.3586,-0.5847,5.7684,4.0194,-5.1972,-3.0626,-6.8276,6.9573,-1.2945,5.3247,2.1755,2.67,9.3787,5.0872,1.1295,-7.968,-1.4871,-7.6917,-5.8798,5.5494,-5.7405,1.0091,-9.7364,-2.0314,-8.5631,0.1437,1.989,-9.8947,-5.5871,8.8554,-4.6918,7.8684,-8.3035,2.0676,7.3426,-8.1659,-8.184,-6.0659,-2.4558,4.8366,-6.675,-6.5402,3.0858,-4.896,-6.4527,5.7719,2.4984,1.5073,0.2727,7.7848,7.9398,-1.9677,-9.4395,4.4146,-6.7094,8.0622,-9.063,1.4285,6.3949,-9.0037,-5.7872,-5.3893,3.0695,3.0811,-0.4709,1.7791,-2.2121,-4.8367,5.972,-8.5015,-9.9,7.3982,-3.0337,9.6224,3.2036,2.5606,0.2457,7.5443,-0.6142,0.015,9.9031,6.1256,3.0465,1.7219,6.0775,7.2337,-2.1179,2.6045,-9.1491,3.4275,2.8949,0.5409,3.5562,-5.5941,-2.4176,3.9242,4.8913,-8.482,0.6556,7.6909,-4.6181,-3.5676,9.0632,-5.6596,-9.5632,-3.3397,0.8872
8.8633,4.876,-6.5885,3.8998,0.9718,-4.5316,-8.7073,7.0916,-5.3193,-2.1589,-8.1717,-4.2488,9.1156,-9.2333,1.4613,-2.2745,5.8437,1.7177,-8.2652,3.3254,-0.2389,8.615,6.4956,8.0341,1.9514,1.1772,6.9222,-7.9813,-5.5149,-0.2433,7.8552,9.0746,7.0868,6.6116,4.0643,-1.5273,3.1708,-4.401,7.2394,-9.3473,-5.5727,-9.9297,-2.4026,-1.0465,6.9117,-3.3715,-6.6755,6.2744,-1.7493,-3.3813,-8.2228,-9.9994,7.5433,-4.2884,4.3598,-9.6912,-5.6724,-5.6674,0.1517,-6.8507,2.2405,9.5407,3.5516,-3.8409,7.1984,2.3795,8.1229,-7.8857,-5.8424,-7.1737,-3.5678,6.9164,-2.6405,-8.574,5.2797,7.4025,-8.1256,-5.8435,9.1526,-4.0386,9.7313,-2.649,6.6864,-5.0354,-6.5072,2.4739,-2.6118,-0.9574,-0.7467,-0.9357,-6.0116,2.0889,-1.3883,-1.0793,-4.7538,-1.5922,4.6776,2.532,2.5588,-4.3417,4.122,-3.1747,-4.734,6.886,6.8831,-7.9086,0.6471,5.9953,3.8253,-6.5852,-1.8633,7.3935,-5.4685,-2.2525,-7.2089,9.7922,-5.8433,8.4989,-5.2963,-2.571,8.2252,5.5326,9.9824,5.8492,9.0877,-0.8023,2.1218,-1.9697,-1.8664,8.8988,-4.0242,1.6792,-1.9184,3.1391,-5.9739,-1.2621,6.4097,-7.2425,-3.6363,0.7673,-1.524,-2.6619,6.8613,4.8792,-9.2441,-3.8152,0.2618,-6.098,-7.2172,-1.4638,-0.3106,4.7402,5.974,-5.4146,5.3295,-7.3447,-2.5685,-8.2832,1.1567,-5.9236,7.7179,-2.9197,-7.7172,0.1183,0.2339,1.3739,0.3608,6.0161,7.9994,-0.0621,-1.9782,9.6318,-7.9812,9.1275,-7.629,4.4676,-7.5199,-7.5986,-4.8574,6.5819,-0.9146,2.6814,-6.6197,-0.6192,7.1244,8.3198,-6.802,-3.4633,-5.0734,-4.0903,9.5162,-6.6581,9.1695,4.5147,-2.466,-3.2506,-2.5227,-5.4235,-3.703,0.44
1.5792,6.3662,3.2379,8.083,-9.4019,-4.8172,-9.0755,-3.3738,-6.4824,2.9219,-8.0674,6.4343,0.8685,3.8713,-0.4764,1.386,5.6464,-1.7366,3.8435,2.0418,-9.7489,1.5085,1.9149,9.9782,-6.4249,8.7349,7.5813,8.1955,-6.2791,-4.2766,-2.6583,7.2901,-9.219,-5.6058,-6.2941,-9.0118,1.6708,-0.0803,1.3914,-7.0286,4.7186,2.3331,8.2354,-2.3509,-1.5462,7.3073,-9.0725,9.1754,-9.0932,-1.7183,-3.5912,9.8957,-1.7365,6.0516,8.48,-9.0822,-3.1075,-5.5828,5.6464,-1.5434,-0.2004,7.3451,3.7701,2.0562,8.3673,-8.8989,-5.1841,6.3298,-6.0079,-6.6869,-9.5229,8.3442,0.2996,-2.5933,-2.5136,3.2424,-7.7543,-4.2579,-3.1649,7.069,6.4308,0.42,-7.7932,-0.2572,8.3939,0.1112,1.9383,4.5222,-9.8855,9.6393,5.9365,-1.4062,-7.399,3.6242,-1.3769,-0.0168,0.3436,4.794,-8.4059,9.8415,-6.4825,-5.61,4.1747,5.5788,3.3404,9.3072,-1.5925,-3.8872,2.0921,5.9957,-3.5161,7.4066,-7.6916,-3.1431,4.2582,-1.5635,-2.3015,2.5503,-4.5663,8.4032,9.7189,-1.1923,-1.2463,6.029,3.01,-1.6923,6.656,-8.4359,-1.7805,7.077,-1.9581,1.6781,-9.3142,6.3618,-9.1564,-0.0934,3.1496,-7.3083,7.1946,-0.911,1.2097,-4.4909,-8.3078,-4.6521,-4.1475,-1.1209,-3.9844,-5.1391,-8.5895,0.7594,-0.242,-7.0133,-3.5294,2.2947,-7.1048,1.5248,8.3956,-8.1455,-0.5762,0.9056,2.0396,-5.6995,-5.817,4.3832,-4.9512,-8.7529,-6.8023,-2.0363,8.5352,3.6608,-0.4172,-9.6004,-5.0113,-2.3934,-8.6529,-4.3753,-5.3684,8.1701,-5.2441,6.6909,-7.13,0.0708,-5.6855,1.3466,-5.7156,3.6565,-2.4097,-2.8867,7.8468,-2.1272,0.1505,-5.7679,9.912,-2.8958,-0.7974,5.1225,-0.3328,-2.4947,-8.8866,-9.0108
9.6175,8.0164,-3.3651,-8.9596,7.9739,-8.2019,-7.8722,3.453,4.8117,4.1881,2.081,7.3837,3.8098,1.1292,8.4041,0.0472,7.4109,-1.8218,-0.296,-6.5954,-2.5666,-0.8949,-6.401,6.3261,0.7325,1.0299,-7.8581,6.7604,-3.196,1.9459,4.9257,3.5079,2.6722,-5.5969,-6.6627,5.6905,-1.9321,-2.6974,6.5333,-5.77,8.8266,2.4828,-6.3999,-1.6219,9.3513,-3.1251,-0.8445,0.3108,2.3506,-3.9256,7.657,0.1511,-4.8059,4.3411,0.5842,0.7401,-9.4616,4.5201,-6.4601,0.3023,1.0015,9.718,3.4398,6.1988,-1.1522,-8.4074,9.2758,6.7849,0.8211,9.4513,-5.7658,9.4694,-8.4438,-6.8059,-9.4479,0.7786,-2.845,-9.1441,8.8127,-3.5822,-4.3653,-5.1121,0.3132,-9.1629,-2.8587,-0.9553,-6.0261,-8.99,3.4903,-3.8943,-9.473,-3.4389,-8.5876,-3.8489,8.8043,4.6358,7.7696,1.5366,-2.0456,3.7915,2.5888,6.0658,8.9971,9.9483,2.3997,-3.9428,-4.3492,-8.1911,-7.3235,3.4736,9.9036,2.6929,-4.9397,-9.0359,5.6272,-3.9364,-8.5829,0.9221,-4.7324,-5.8062,-8.3304,-4.5871,-9.5578,5.7851,-0.1181,1.6254,4.0706,-9.5834,-0.5574,7.4647,-9.0912,7.1413,7.5274,-1.2135,0.8753,-5.7129,-2.4426,6.4404,-3.8945,5.3137,8.6994,6.0801,-9.8545,8.7008,-3.2053,8.2121,-4.0353,0.6341,-1.2734,7.073,2.8072,5.772,5.9309,1.2746,0.8622,-3.5852,-9.857,7.3701,-4.3558,9.9555,-2.2433,8.4668,0.1856,1.1478,-0.608,-6.2723,2.0622,-6.074,-8.928,-2.7999,9.6964,-0.4055,-8.1022,4.2549,-2.0336,-4.8006,4.1951,2.0801,5.7515,6.3637,-7.1072,-1.4458,6.0972,2.5554,5.0047,-5.8919,7.0613,-7.5024,4.583,9.3549,3.7827,9.1519,-4.99,-3.8434,-8.2642,-2.4401,-9.6586,4.8543,-5.849,8.8275
-1.9006,-4.9419,-4.2656,-3.0989,-4.0136,-4.8505,-9.2815,4.4582,-8.0483,0.128,-1.809,-1.5787,4.4914,-3.9182,5.9906,-1.5309,9.9661,-9.9772,-6.5388,-6.2159,7.0201,-6.5029,-6.97,-7.8688,-8.3642,-1.106,-9.0312,-2.596,7.5526,4.3523,-7.2739,4.0774,-1.2434,8.2153,-4.8908,5.7972,6.6511,9.384,8.8861,-1.9421,7.498,-7.8361,3.9311,-4.6636,-7.114,-9.6799,4.6212,-2.1474,5.1187,-7.7297,-2.8812,5.6096,9.6788,8.9409,-2.3195,-0.1575,-4.146,0.8948,-8.262,-2.6455,6.5764,-4.1928,0.631,-8.3728,-7.9408,-1.62,7.0232,-6.1038,5.703,-9.7867,6.0016,2.3618,6.0113,3.8397,6.5461,-6.6796,-0.3863,9.8604,7.916,7.0348,9.7705,-4.554,-6.6177,6.2505,7.1823,1.9313,-7.9833,-1.9655,-7.2629,-5.9443,-8.4482,4.8501,8.0335,-9.3671,-8.1611,9.8918,0.9037,-7.5913,-9.2611,4.8549,1.3696,-6.4334,-7.8377,4.8709,-3.8227,9.9804,9.0178,-2.8981,-7.321,-0.493,-9.2557,8.5373,5.9622,-7.6843,-1.4311,-0.4356,8.1746,6.146,-9.3488,5.7042,5.5489,-5.0782,3.6833,-7.6536,-0.3675,7.7094,-9.5389,8.2151,-6.5762,-8.5549,-8.0777,0.1709,5.0467,-4.6882,-8.4656,-4.3218,2.3572,2.2324,-2.6162,-0.5366,-1.0934,1.9229,-4.5112,-9.8829,-3.1243,-7.0123,-8.6116,1.1326,-4.0567,9.0183,-3.4729,1.3048,7.6609,8.6716,-7.7043,-4.5387,3.1985,-5.2587,2.3921,-8.4323,-1.2152,2.8807,-9.2,-1.5679,-2.9765,-9.1246,4.8081,3.414,2.0492,1.8342,-0.5279,1.2891,3.1308,-7.8044,6.6862,1.15,-0.7928,-4.5727,0.358,6.5176,-2.5098,2.3103,4.9644,5.1647,8.5113,1.9696,2.4537,-9.3575,9.6327,-7.9088,-9.107,3.8786,7.5988,-0.5178,4.225,9.994,1.4601,0.8736,-1.1674,-2.1384
-0.6404,7.7149,2.2784,9.7677,2.2649,9.2804,3.2758,-6.1882,6.6858,4.4534,9.3391,-3.8505,0.9204,-0.7022,-2.74,5.7966,-3.2349,-0.0572,1.9709,-5.3013,0.4915,-9.548,3.7346,6.5544,5.4639,-9.7915,-3.7584,0.3208,3.9486,3.5702,7.2235,0.7988,-6.4808,4.2331,-8.805,9.5974,4.7727,-3.6569,8.5919,8.2456,-9.6001,0.8869,-0.4092,-3.2875,0.6797,3.9032,3.6796,1.1154,-7.5322,-5.2192,-0.4953,7.2481,6.1226,-0.3347,-2.8083,-5.3336,9.1057,4.3862,6.3222,-1.2106,8.0253,-1.8198,8.5567,8.0685,-9.9179,8.9497,-8.4279,3.5349,-2.6241,9.6764,-8.4878,3.846,0.6166,-8.9204,-7.4026,-2.6897,-4.8415,-5.8579,-9.2663,5.6414,-0.1368,4.1674,8.3089,-6.0137,-1.9233,2.0113,5.4068,-3.4181,1.7251,4.1018,7.1512,8.1764,0.0567,9.1589,-5.9446,7.3861,7.0972,5.6841,4.3808,-2.2403,7.6676,-9.5293,6.9457,5.5598,-9.8681,5.9642,0.0589,8.7488,9.9821,-7.5059,0.0922,2.2673,2.4155,4.5079,5.7419,4.2915,9.5384,-9.4044,3.6073,4.3279,5.8112,8.8948,-1.7069,-3.7306,8.724,1.4133,-7.2191,-5.9263,0.0392,7.5253,-1.8571,8.6966,9.4626,-9.5357,7.2058,6.9191,-7.7699,-0.7654,-4.9708,6.6654,7.8247,1.5062,-5.7071,-4.7525,4.6073,2.1058,4.1511,-9.3723,4.9159,7.4159,2.0166,6.4257,1.8284,-2.8659,7.3871,-8.5322,-8.7532,9.0089,-5.1325,0.6357,5.3137,8.8907,-8.2715,-2.7337,-3.1389,0.7813,-6.8022,-3.7504,-3.253,-4.5554,-9.3948,8.6149,0.0713,-1.0547,-0.7072,4.4736,-9.5041,2.8477,-0.0934,-9.806,3.2226,-6.3901,3.5005,-0.9523,3.2867,-8.7414,-9.0216,4.9659,-9.5168,-1.5744,-1.7517,0.0107,7.8928,0.9423,-6.1021,-2.2949,-3.1765,-6.6876,8.9015,3.085
5.2537,0.7528,7.4852,8.3123,-9.8466,0.8546,-9.698,0.41,4.1108,1.5557,8.5312,4.279,-2.326,2.252,3.1408,-9.2789,0.1108,4.1206,0.7567,-3.0024,-4.4077,5.8265,-0.4377,4.1035,-9.718,-2.1487,-8.4055,-7.5941,-2.7634,-0.9123,2.1367,1.448,-7.5741,-0.3797,-5.1799,-5.1845,-9.0545,-1.076,-0.1852,4.9098,7.8615,-2.3866,5.03,-1.7293,6.4649,1.5587,0.1097,6.6826,8.7677,-3.0674,2.6125,-9.1151,-6.0387,-9.7347,-4.0853,7.9505,5.4274,-7.5507,-5.4919,8.5246,-5.4739,5.1025,-5.9249,-4.4814,-7.7732,-5.3234,-2.1782,2.7219,6.494,-0.909,-7.4383,-6.1097,-6.3658,8.8784,6.4364,1.4673,-3.7139,-9.6784,9.3761,6.9453,9.6881,-6.1254,-8.3741,-6.9017,1.6711,-0.7622,-4.7853,-4.5464,-1.091,-7.4026,-4.9132,5.8011,-5.3368,8.1156,-9.4862,7.9759,2.3702,1.8099,-3.3055,-7.1843,8.6557,-6.036,0.7599,-2.8254,-5.1939,4.092,0.899,-9.803,-5.0669,-3.4505,4.685,6.0806,-5.7116,-4.9363,-3.0662,3.0141,0.266,-0.6309,-5.3886,5.5165,8.7813,-3.697,-6.3447,1.4601,-0.9383,1.2781,6.787,3.6691,0.4818,1.9252,-0.2693,1.5176,-3.4057,7.6291,2.3088,-8.6085,7.374,-4.4992,0.7585,-2.2601,5.4813,-8.4844,6.2137,-8.9696,-7.7263,-2.2017,1.2879,0.1126,-2.8284,8.8777,-1.1408,-3.0251,-9.0373,8.5042,2.5521,-8.213,8.8621,-5.4425,-8.6485,3.2652,2.2125,8.2502,8.8881,9.6712,1.2305,-7.439,1.3021,-8.2493,5.2703,4.1198,9.3372,6.7497,-6.5829,-5.6603,7.3619,4.8266,-4.7729,-4.8643,8.1372,6.0887,-7.2083,-3.5332,8.8569,-8.4863,-5.8322,3.235,6.8403,4.5637,-1.3439,-5.1797,8.6645,-4.4893,-9.7524,-8.4334,-9.1325,8.7281,-4.708,-1.9187,9.1848,-5.3393
-6.1886,-4.8165,-9.6327,1.1982,-7.635,3.2551,9.9282,-2.3621,-7.0697,-2.3362,-4.3867,-2.2707,8.5745,-5.3083,2.6292,-8.2807,-1.5228,-6.6229,-7.5447,3.5891,-3.6979,-6.0237,-5.5225,0.3074,1.1029,-8.8844,-1.4417,9.1499,-2.0987,1.6062,6.6564,7.126,-5.8775,-8.869,-7.8351,-8.9071,-9.8347,7.9231,-9.3933,-3.0104,-4.698,6.9701,-0.4174,-5.1854,-0.0882,-8.5577,-6.8335,3.4237,-1.1548,1.1572,7.9549,1.2552,-9.9094,-7.5393,-6.8944,-7.1479,-9.9003,1.8784,-5.267,-2.1217,6.6952,0.3254,-2.3799,-1.0859,6.891,0.4176,6.1095,3.4334,-7.7319,3.4951,2.2303,-7.29,3.1697,1.6463,-9.5623,-6.0027,-2.2552,-1.4291,9.539,-0.0371,-1.7558,-4.8359,3.5671,5.6063,-3.341,-2.983,1.8385,-9.4821,-2.6451,-4.0643,7.6565,6.9994,2.1124,5.4911,2.083,1.4755,2.6376,1.7303,-7.6624,-5.7937,-0.568,7.451,-6.2223,-1.0064,-0.4653,-4.5516,-6.9884,5.9425,9.8687,2.0813,-1.5262,-2.3196,-6.5602,-3.8422,4.1056,8.023,-9.9228,3.0022,8.1658,-5.1155,4.702,7.9618,7.5551,-0.7072,6.7492,-4.8907,-5.4646,4.5272,-2.2552,3.12,1.6439,-7.3015,-8.8381,-1.4684,-4.9826,3.4465,-4.5097,1.6794,-7.1273,-0.2082,1.6691,-3.1719,-4.4969,-9.5538,-2.7398,9.3018,8.139,1.7482,0.0869,7.3072,3.2528,-0.6414,2.882,7.6452,-3.3845,5.2067,6.9081,4.1787,-8.2052,9.3253,3.0976,-0.1757,-1.7292,-7.1604,-8.3689,-2.154,7.3162,-9.1444,7.6875,1.748,7.1267,6.2183,-8.1826,-3.2753,5.0967,5.3598,-5.0015,-7.9898,3.8906,5.7798,-1.5858,6.7426,-6.244,1.5342,-3.6095,7.3574,-3.1324,7.9513,-6.5159,4.5337,0.504,1.1178,7.6166,0.1539,1.7208,-8.0568,-4.3616,2.6501,0.7789,-0.9032
8.9264,2.207,6.1668,-3.0832,-4.7357,-8.7059,-3.7432,-3.599,-0.2051,4.31,-6.3185,4.7552,2.2841,8.1397,1.4737,0.0673,3.931,3.7659,7.5287,-0.6754,0.3726,4.7559,8.9718,7.1767,-7.1686,4.7574,-9.2767,-6.1897,3.4715,3.6544,1.5379,9.5031,6.3751,7.8345,4.8474,2.6656,2.1961,1.3717,-6.0266,-4.8047,-7.8177,0.0659,2.0087,2.6321,3.2428,6.1278,-5.5073,4.1357,4.4498,6.1653,6.4295,-0.1015,9.2644,0.747,9.8968,8.2817,0.7057,7.1185,-4.8823,5.9807,0.9769,1.5176,2.1308,-7.5787,8.7972,4.4738,-9.0571,-9.9869,2.8692,-4.3522,-2.6628,7.7745,0.775,-0.0861,-5.2162,7.596,2.1359,5.4827,-6.5835,-8.475,2.8277,8.4626,-8.413,-8.7819,-3.9848,6.0883,2.0861,-3.549,-2.835,-2.2805,9.3616,9.0531,1.6145,5.1104,-9.4977,7.9364,-9.7813,4.6288,7.9911,-4.6294,3.8188,-4.1391,-5.481,-3.1655,4.1995,8.957,-9.8834,-1.0761,3.3463,-6.4941,-9.6764,3.6928,9.8862,-2.276,2.6891,-5.0031,8.8627,7.026,1.3975,-0.4774,6.8273,4.9405,-3.3344,9.2033,-2.9928,4.0573,7.9512,-1.4961,-3.2391,5.1453,9.4194,-7.8706,8.5588,0.8647,7.9531,8.835,6.8496,8.4543,-0.2844,-2.5991,8.3181,-9.2496,-1.1609,8.2397,7.9106,5.9732,7.9969,-8.8421,7.334,8.8657,-3.8047,3.4253,-7.051,2.8567,7.9318,9.7321,-1.8593,1.0056,1.5635,-7.6043,1.0301,2.0092,-1.9658,-2.9657,1.8464,-7.6124,-8.0072,8.2734,6.1748,0.527,0.7944,-3.6247,-8.4966,2.1812,9.6303,9.0347,8.2068,-5.6009,0.6062,-0.5665,-2.1028,8.4136,7.1904,-4.5956,3.2248,5.7545,-5.5865,3.8959,2.7602,-0.9926,-1.8503,3.0693,4.9881,5.0294,-3.3832,1.0939,-0.8027,2.5951,-5.1827,-0.751
-0.2325,-5.8509,-1.302,0.3017,-8.4581,-2.6136,0.9253,3.3948,-7.3143,3.379,-5.8129,5.7096,-6.2213,-5.3456,5.9109,-4.1569,-3.5444,1.3143,3.4146,1.3241,-5.4572,8.7844,-5.1481,1.5636,6.0096,4.0439,-6.6712,4.3736,3.4829,-9.5628,-5.8256,-1.582,-1.2078,-8.3729,-9.1897,5.5459,4.2936,4.1247,-4.6882,-9.0482,-1.7812,7.9111,-1.4253,8.5006,-2.2651,0.419,-6.2991,-4.2632,8.1531,-9.0892,2.4508,-0.0469,6.3428,2.0776,5.6954,-2.3671,-1.7482,9.4733,-5.236,-8.9475,4.0981,-8.4863,3.2461,-3.9233,-7.0666,-7.8308,4.0055,0.5853,-2.9286,4.8895,2.4127,6.9334,-8.7836,-1.2925,-7.5751,-0.0164,-1.2319,-8.5514,8.3376,6.8403,2.036,8.8943,-3.354,-8.692,-1.7921,4.0417,7.2475,-0.0162,-8.2355,-1.4622,0.9271,-7.2812,6.1665,8.535,-8.9056,-7.9533,7.7345,-3.9546,-5.7834,5.062,0.2898,7.7797,4.6814,0.8235,3.7806,4.0111,5.8692,1.2075,9.7024,3.1827,-7.5297,-1.9837,-2.4208,-0.6675,8.3498,2.4511,-1.1306,9.096,-8.0661,-2.4285,-1.7468,-5.3942,9.7945,4.6641,3.8826,1.8788,1.7931,3.7511,-9.6279,7.1433,-7.7052,-0.0848,-9.6326,-2.918,-6.2556,-3.2984,0.3659,-4.9427,-8.3106,-2.523,8.2713,-1.7293,-9.8423,9.8136,-0.6093,-7.7402,-4.8241,-8.3288,-0.2617,-7.1863,-0.0574,7.2207,-6.2964,-5.8713,-1.2107,-6.4538,5.4454,1.4444,9.7692,9.5041,1.8903,3.2605,2.9063,1.181,-2.6647,-9.9018,-0.4398,-4.7523,-8.5844,9.168,2.5534,-0.9945,0.3988,4.5319,2.5483,6.2671,-8.5855,8.6654,-6.4298,-6.3794,-7.3362,6.1457,-7.2811,-9.6638,1.8777,0.4264,-8.723,3.7564,-0.2907,0.7693,9.6,1.9797,-3.5774,4.3446,6.2838,5.6387,1.4679,-1.5061,-7.5424,-8.6136
-1.1057,3.7657,-1.8422,7.108,-7.1796,5.5247,-4.943,5.4452,7.8687,4.056,-1.9951,5.0796,6.6039,5.3857,5.6418,-6.4959,-5.9382,-0.4822,9.0252,1.8707,0.2078,1.1263,-2.5565,-9.7479,-1.67,6.0161,-7.9321,-6.1508,-8.6336,9.6132,1.3305,-6.1019,-6.7567,-6.9841,5.5721,-1.7239,4.774,0.8314,-2.3668,-8.8732,-6.6301,1.2555,-3.0945,-9.7896,-4.2535,1.6708,6.9248,6.851,-4.4926,-3.8684,-3.3203,9.8303,-9.3237,3.3681,5.4914,-0.2893,-8.8977,-0.6787,7.58,6.1668,-1.2062,0.6194,-8.9823,-7.9304,8.054,-6.9514,0.3252,8.0818,5.6147,-5.5314,-1.5047,6.3146,8.057,2.2078,8.2823,-1.1476,-8.6666,7.199,6.0955,3.6198,-5.3798,-9.4634,5.7563,-5.8928,-9.8781,-6.7178,3.7713,-1.12,0.7584,-2.796,8.128,-9.5524,1.6503,8.9317,-5.2412,-1.6158,4.1894,1.3053,8.3046,1.6942,-3.4783,-3.2737,0.0035,0.0693,9.4007,-7.5609,2.9518,3.2274,3.3966,-3.1832,-3.3418,-3.1128,4.751,7.2549,-0.8644,-1.6776,0.2488,6.2903,-6.7277,5.044,2.7167,-9.7484,-0.7106,2.3188,5.7806,8.6866,7.3601,-3.2301,3.7532,9.1205,-0.5294,-2.9783,2.7537,-8.6999,8.5256,-7.296,-8.8465,-6.1099,6.9512,5.5667,6.8321,-4.2314,-7.715,0.1317,8.4514,-4.5571,4.0151,-7.1457,-2.5668,-5.847,-7.1551,-3.0573,8.1103,0.3648,6.2903,-7.7225,9.308,-2.9446,-8.7308,5.5883,-2.0958,-1.886,-8.6585,0.968,-5.6849,0.6906,0.6754,-4.1608,-8.7095,-8.9094,8.1477,8.7927,-8.808,6.4187,-7.6608,7.7507,3.105,-6.3862,8.8103,-1.014,-3.8087,3.1383,-7.0197,0.5069,-6.2323,-3.2495,5.9543,7.0912,3.9403,2.4426,8.8917,-9.6303,-1.8437,0.6117,0.1262,8.5062,0.8631,-1.719,6.9704,-0.4794
-4.2371,3.1665,4.1651,-6.4337,-8.4648,-5.1877,-4.1652,-4.671,-1.5306,7.561,-3.8725,-6.753,-2.0176,-9.8461,8.0182,6.6297,9.7923,9.1721,2.7828,1.6959,-6.396,5.418,-1.897,1.144,-0.1838,6.8559,1.4985,7.1109,-1.0677,6.2309,-4.5544,3.6358,-1.0873,-8.7757,-4.5007,-0.0381,2.4855,-4.9078,-4.1783,7.4631,-9.5439,0.0025,8.3636,9.8469,8.3833,-3.7487,-6.8825,1.6156,5.5645,-1.0511,7.9073,1.8197,-7.6983,2.9507,-4.2672,-7.0171,5.5757,-9.7538,2.2687,-9.2838,5.8727,-4.354,7.7116,3.2811,-2.5853,9.1909,-4.6854,6.5965,5.7052,-0.4537,4.9273,-4.825,0.7586,4.6329,-5.3707,-4.9734,7.8937,2.4155,2.0669,1.9006,-0.3189,-8.6005,-9.7505,3.3874,9.3854,-7.8332,1.6282,-9.07,-9.665,-9.1341,-3.1214,-8.8316,2.2392,-1.5267,-2.3131,3.1452,0.5751,-9.166,-8.6109,-7.1942,6.6702,6.0271,9.178,5.3639,-2.7208,-9.2086,-9.1158,3.6742,-9.057,-9.5854,4.3801,-7.9358,9.8592,6.816,-0.879,1.5534,3.965,2.5214,0.3163,1.7888,9.6883,3.0498,-6.3895,-5.5588,9.9912,1.4497,5.6247,0.0389,7.6935,-6.1871,6.5931,9.2402,-6.355,2.6078,-3.9084,0.6497,-9.4324,-4.5582,7.7791,1.2451,1.3201,-5.7865,-1.6672,9.8964,2.8869,4.6541,8.3969,-0.5101,7.5793,-9.3776,0.1011,0.2907,-8.8131,1.714,-7.7307,4.3956,-4.7742,5.077,-4.9811,8.0002,2.2188,6.6576,5.9847,-0.5291,7.2297,7.3505,4.729,-3.8141,4.2246,-5.5496,0.9705,7.4365,5.7605,-9.1256,3.9582,6.611,-1.0794,-4.1521,-0.1198,-3.3524,-7.0577,2.5065,7.3705,-2.3415,1.8157,8.3929,-4.9403,-7.258,4.18,-1.4514,8.2583,1.819,-3.9757,0.0724,8.0413,2.457,7.7536,9.3267,-7.1644,-9.8618
-4.7189,2.4243,3.6339,-1.7488,6.6853,4.9581,-5.339,-4.9923,-4.5881,5.202,-9.6615,-8.7796,5.8127,-5.9435,2.8237,6.7237,-0.3061,-5.285,0.8556,-7.538,2.9441,8.1724,-2.957,-4.167,5.8618,4.9012,-5.9418,-2.6842,-7.4089,-1.4093,-6.5919,1.2201,1.2446,-4.5775,-6.5245,-5.2271,9.4801,7.3482,-0.9632,9.478,-5.845,8.2152,7.6943,-4.4274,0.7537,-0.7193,0.2617,6.7523,-5.2998,3.0711,-2.8979,9.7317,1.1486,-0.8876,-7.4175,4.6932,0.2957,-1.061,2.5839,9.3367,3.6688,7.3041,6.1171,8.3459,6.0078,4.6991,5.2485,-8.26,8.7985,-5.2311,6.4524,-5.4901,8.5353,2.9181,-5.2859,-1.3927,4.9662,-7.1319,9.9636,1.674,-2.6798,-8.13,5.9083,2.0221,4.424,3.1729,-1.5613,9.1096,7.3834,-8.4135,-6.4962,2.0067,4.9179,-2.1927,-6.8694,-6.4525,-1.2352,-8.6088,8.9865,7.9355,0.7982,0.789,-4.0005,2.8069,4.9732,9.0517,9.3303,9.6919,3.6744,3.1219,0.1622,-3.1711,-0.0942,6.2593,-4.3346,1.3813,-5.6457,-0.0419,4.7755,-1.0287,-2.7965,9.9533,1.8541,-6.9758,-0.3062,-3.9895,-8.7157,-0.1742,0.4196,-4.6782,-6.1985,9.5946,-0.9533,7.6536,1.6914,6.7314,-6.6299,-9.4304,-8.3852,-5.5497,-9.3691,-4.0049,2.8253,0.2908,3.7897,8.3152,-9.7965,8.9422,2.8436,9.2696,-6.2898,-0.6431,-7.1836,-3.8567,-3.8251,-5.4107,-0.7071,7.4958,-3.8047,-7.1573,-5.3913,2.7719,-0.0056,4.9617,5.4489,4.7241,-9.8839,-9.8437,4.0463,-3.4792,-8.3942,-1.5248,3.2748,-7.1251,-1.8023,-0.1502,5.236,-1.1888,-1.149,-9.6143,-1.8684,-6.6241,-8.1618,-4.1675,5.5693,2.1149,-8.2535,8.5849,5.1195,8.0338,2.359,-3.8454,-8.7514,7.3729,5.7114,-0.4377,2.6229,-5.2913,3.6266,-7.265
0.2265,3.0528,4.933,-8.6894,2.1114,-0.5475,-2.6732,0.8425,-0.012,-9.7934,0.1528,-4.5796,6.4029,8.0934,-2.0337,-0.9856,3.0351,-2.5989,3.6624,1.0278,9.514,-2.3994,-4.3668,-9.9616,-6.4741,8.9751,-9.3544,-9.8224,-4.4245,1.3019,-3.3326,-2.0005,7.8546,-0.3081,-7.4788,-8.5095,-5.7011,-9.6291,7.5134,-2.4776,-4.5823,2.4235,9.2355,-1.3049,7.8744,9.4889,-3.4192,-7.5068,6.2719,7.8371,9.8145,-1.431,4.281,-8.6753,8.6919,-2.9249,-8.1532,-9.8839,6.4332,9.6473,-8.3042,-1.4391,0.442,-1.1213,2.1411,-0.8419,8.5329,3.4499,9.4883,-1.0388,-4.4714,5.5732,-1.967,-7.0939,0.1298,-0.9658,-2.2614,3.5974,0.8865,5.9874,-5.6399,-4.4097,8.3759,0.2979,-9.9225,4.2769,-2.9,-3.7856,-0.4411,5.8719,-6.5716,-7.3302,-0.4364,4.9509,8.7567,7.3832,-9.126,0.5979,-2.2658,7.6146,4.2117,1.3763,6.1505,3.5766,7.3849,-1.3217,-6.8148,5.9937,6.2651,-5.3527,9.9,-1.5058,9.9905,5.3145,0.567,5.0714,-3.9556,2.9187,-2.5541,-0.1496,6.3267,-8.3041,8.1818,8.5648,-0.2314,7.9421,-8.9903,-1.2547,-7.2361,-9.6842,3.7466,7.4442,9.2588,-1.6511,-7.9852,-6.1285,-4.4846,-1.4528,2.4326,3.6518,-5.9994,4.8526,8.2629,-2.5291,-2.4959,2.0751,-9.5989,-6.6562,9.2401,2.3232,0.0905,4.6657,6.7992,-0.3391,0.2207,-1.8999,-7.5275,-0.751,-4.9344,0.7969,7.225,7.3529,8.4948,7.8012,4.3487,-1.92,2.6115,5.8238,8.1019,-6.3493,-0.1558,2.606,7.6325,-4.451,8.3156,-6.0602,0.8518,2.232,1.1136,-8.7557,-2.3848,7.053,-1.9325,9.7003,7.0424,2.7843,-3.8118,-1.1968,8.2887,-2.9448,-1.6869,-0.2935,7.7259,-7.8801,5.3964,-3.8612,6.2727,2.7792,5.503,-6.2439
1.6433,1.9894,2.8535,2.7971,-5.0909,-7.9132,-8.5952,-3.0178,-5.5193,-9.8474,5.1321,-9.3442,6.4977,-9.8356,-0.4742,1.0861,-8.9473,6.1061,2.3471,9.3225,6.0528,-0.6006,0.469,0.2374,-6.3944,5.1479,-9.9425,-0.3531,9.468,4.0741,3.9681,1.4883,-7.5121,-1.3066,-9.892,3.2336,0.4951,1.4076,-7.3958,-5.3988,3.4475,-8.624,-5.2323,-7.0051,-1.9437,-0.4302,-4.6856,-9.1437,-0.1946,-3.039,-7.7877,-6.2071,-7.0371,-1.5739,2.805,-9.75,-7.0882,-8.6533,-4.6179,-7.5487,7.9996,-1.4021,7.632,-7.3026,-1.8295,-9.8065,-5.0752,3.4644,8.3104,4.8669,-3.7128,-0.4639,6.7052,-2.4214,0.6986,-9.3876,9.9364,2.6665,-3.9627,-2.6478,6.9806,8.0529,0.7364,9.1074,7.16,-1.7744,-5.7844,8.0814,-8.5495,5.9482,8.5248,2.9084,-1.9642,-4.8104,5.1143,-6.7577,-2.7598,9.1617,-0.2775,2.3486,-4.1444,-7.5188,9.9179,9.0239,-1.528,2.6621,3.7678,-9.4428,9.9297,4.9413,9.9132,3.5181,-7.4888,-1.615,-3.705,-1.0457,5.8639,-9.2181,-6.974,9.9456,1.8221,5.1428,-9.9795,9.5749,8.2935,-4.7219,-6.7625,-7.2012,6.7007,5.4271,-5.4519,1.0489,1.2656,-3.5833,-4.0425,9.2547,-9.2114,-6.6846,-3.2089,-5.3276,8.2242,2.6162,-7.8009,-0.2808,0.8577,1.2514,-1.445,-3.8276,0.3509,-6.5019,-3.9912,4.1118,-1.6573,-1.5593,-0.9404,-7.3432,-8.1206,0.3792,9.4699,-6.8198,-6.3963,9.3093,-9.0735,0.605,2.0393,-7.085,5.4482,-7.1728,8.8076,-8.2371,8.5449,1.7484,-5.4047,8.4257,9.1614,6.999,8.625,1.5041,-9.5414,0.8345,5.6243,-9.3876,6.0851,-0.6106,8.664,-7.0302,-1.2733,-4.7641,-2.5083,0.5543,-1.1519,-2.9149,-0.8138,-4.4514,4.1774,-3.0401,-2.8025,-4.8309,8.6973,0.04
-0.5988,9.5313,-7.9894,4.1829,-9.3439,6.9989,9.0204,3.5818,-2.0364,-3.881,-3.8753,-4.0919,8.469,-4.5166,-8.7391,-2.3858,-6.2005,-3.4743,7.75,-5.2534,-2.211,-3.1407,-5.4223,-7.3378,-6.4491,-3.9028,-4.6317,8.9729,-1.5513,7.5693,5.9993,3.0554,-6.5176,5.4736,-0.9048,-5.4925,-0.655,2.3636,8.0391,1.8307,-7.5994,-3.3829,-6.6864,3.0282,-7.3844,8.7884,-5.3574,1.5632,4.2501,3.9166,6.027,4.3257,-9.4369,2.9578,4.6637,-7.1195,3.1841,7.1794,-1.2276,-0.5574,-0.2192,-1.9857,9.7405,7.0913,9.1303,-7.4908,-0.7693,9.1496,-5.6968,5.1503,0.4164,2.8877,4.4097,-9.2459,3.7178,-3.02,-5.7089,-6.1693,-0.5168,2.6546,1.8165,9.4134,2.0412,-3.8116,5.2515,3.3655,1.3469,-6.9326,-3.3763,-1.0775,9.887,-6.28,-7.4032,-5.2967,-6.7554,-3.4013,3.6506,-8.6685,0.7854,4.6122,9.4504,-7.6036,0.7988,-2.7001,-8.1777,5.6553,3.1259,-2.8458,1.9948,2.286,8.2759,-9.4143,-8.9281,-4.2265,7.5319,5.8633,-1.5543,4.1463,-2.8597,3.6926,5.2634,-8.5039,8.2707,0.6488,-6.0268,9.3941,-2.1228,9.7715,5.7184,0.1134,0.0575,-7.3011,5.4303,9.5223,0.1348,-1.5486,8.4455,-0.1947,4.4694,-4.0377,5.0668,7.7889,4.6486,-1.9026,-7.8465,-8.3114,-0.2848,9.1214,-3.8151,3.9739,1.9346,5.261,-5.7199,7.7467,-6.0109,-2.7778,4.3936,8.4132,5.0855,-4.9147,-0.0938,-0.2521,-6.3178,-9.8239,2.2395,-1.1719,7.1901,-5.1026,-2.3108,9.8954,3.5834,-8.218,0.6207,0.5263,0.7013,3.4187,-2.2871,0.5021,2.5799,-5.1413,-9.8961,-3.8335,3.7543,-2.6631,2.0023,1.0609,3.0339,7.3026,-0.5912,-4.6647,-8.5428,-8.6989,-5.4657,-1.5747,-2.2517,-7.7986,-3.6881,-3.1724,-6.1641,3.5741
6.8479,-7.0498,7.9065,-6.0996,-2.1363,-0.465,8.0876,-0.2235,8.9079,-1.5529,-8.249,4.4042,-6.3478,3.343,6.3402,2.8482,2.8062,0.06,-7.7312,8.8408,1.5987,0.9551,-1.7121,-5.4245,6.8833,2.9524,1.6192,-8.1936,-6.6921,9.4592,-9.4892,-1.4606,1.0681,9.2516,-6.9645,2.0162,0.7227,1.0086,2.2981,-2.5859,-7.0776,5.9171,8.7234,8.7866,6.9579,-0.543,-7.2576,-5.2649,9.1743,0.1495,1.1804,0.4458,-2.7339,5.4931,-6.436,-0.3229,-0.9468,-8.3945,-3.6789,1.5314,9.7392,-3.9172,6.0571,-5.7268,-2.3811,-0.229,-8.3503,-0.8362,4.3853,6.9686,2.4661,1.1735,2.0673,-9.4715,-8.848,4.1172,1.2003,-2.0673,5.0111,-9.4627,-6.3882,-4.4339,-1.3054,-8.5679,-6.8886,3.5683,-5.2397,8.1661,-3.8793,-0.2547,-0.4511,-1.6251,5.2558,-1.2181,-6.2773,1.5003,-1.7654,-5.6802,8.7703,0.3524,2.3716,-5.0061,3.9994,9.7027,8.843,-6.1397,9.0864,-3.3141,6.2262,9.737,-2.2071,9.8222,0.1079,3.0053,7.1503,3.2239,8.0957,-5.5327,7.0843,7.1675,7.5189,5.6369,5.8391,3.7713,6.8266,5.3753,-8.7733,-1.6166,3.0199,5.1061,-6.2587,-0.5091,-8.477,-9.3583,-0.1225,-0.7364,-8.0173,-1.9172,2.0695,3.6356,-6.1417,-3.2784,-7.3669,-5.5036,7.8576,-3.2323,-0.3054,2.7921,7.5766,0.6797,2.7011,-9.0425,4.6836,-1.6095,3.6227,-5.8042,8.8265,-8.1188,-6.099,-0.5675,-4.5,-4.0668,-0.1043,6.3343,-1.5388,8.5103,-1.7402,-0.7902,6.91,0.6668,5.5414,2.0321,-8.9796,9.5961,4.0263,-8.4296,1.0113,8.4479,-1.5454,7.3867,-3.9204,-5.966,5.8871,-4.9827,2.7829,7.6439,6.6701,7.9258,-4.5699,-3.9287,-6.9828,-3.595,-0.2078,-6.376,3.3218,2.6669,7.0726,-9.8449,1.7332,4.366
7.7008,-4.0137,-9.6293,8.1619,-0.5595,2.7212,-2.357,-1.6873,-6.4389,-4.4452,-8.6116,-2.5513,-2.707,6.1112,6.0691,-2.998,2.9276,3.6962,-9.2802,-4.3702,4.0389,-7.8694,-7.4274,-6.9745,6.4036,-5.9421,-4.5163,0.9851,1.06,-7.0992,-8.2757,-8.4215,-0.435,-6.9856,8.5582,-4.1895,9.6954,-7.0146,-0.4773,-7.7617,-6.4536,0.9042,-4.3467,-6.115,-5.4137,6.4769,-6.9716,-4.6128,-4.328,9.5397,3.9328,-1.7183,-3.0467,9.0284,-9.8654,-6.8545,-8.7583,6.7248,3.8036,4.2144,-4.1226,4.8428,-6.6904,1.7681,-4.4639,2.2048,-1.5692,9.3046,-5.7466,-9.6473,4.9202,8.7871,-5.5333,2.5206,-9.8359,2.5954,4.4143,-8.1285,-7.3764,7.7529,-5.8318,9.3773,-6.5094,-9.3966,-7.8247,0.523,1.8333,-0.1817,-6.2954,3.3183,8.1143,-2.4991,4.128,-9.8959,5.1241,-0.627,-3.2582,2.5486,-1.6377,-5.9695,-7.2199,2.1417,-8.3144,-4.9923,4.9931,7.9749,-7.7044,-0.0364,-8.2508,-8.3358,6.3752,5.263,-4.6646,5.3117,-6.6266,0.6964,-2.1581,0.9001,2.4282,-0.3525,7.7254,3.0503,-8.8573,9.6836,5.0708,-4.871,-7.0366,-1.441,-6.2939,8.073,5.0525,5.387,-9.824,-5.4706,3.7851,4.8295,-0.3759,2.0751,-7.8045,5.9952,4.5768,-5.8865,-3.0324,6.4088,-5.4238,6.1978,6.1068,-1.5095,6.4841,0.1497,9.5825,-3.44,-7.8662,-8.8822,9.7519,-8.6026,4.2453,9.2348,2.1278,-2.1537,-4.8898,8.4668,-0.0659,-1.1514,-5.7572,7.4874,-1.3533,-8.5607,-2.2398,-6.6973,-7.2156,-7.3035,-5.4627,-0.1266,-7.5021,-2.8826,5.3703,2.5054,-9.8141,7.4732,5.457,-2.2791,9.9783,-7.8065,9.737,5.3727,6.3382,-0.1665,0.1116,5.2903,9.9276,-8.659,4.1365,-2.9932,-2.1437,0.3327,-0.0914,-4.7984,9.103,-3.8347
9.7733,4.9317,-3.4814,-2.2736,-5.5515,-3.464,-5.7029,-3.6479,-0.1308,3.9208,-0.5862,0.8652,6.4294,-7.8578,0.5843,-4.8914,3.7279,-3.4316,4.3968,-9.2269,1.9083,3.6421,6.1398,1.4934,-0.0544,0.7755,6.3681,-5.6431,-9.8028,-1.0491,-6.7425,5.338,-8.9021,0.8226,7.3788,6.2588,8.4472,-8.2907,4.9977,-0.1824,0.4539,-6.0686,4.4739,-2.4333,-5.1865,2.6849,3.3018,-2.0061,7.4639,-4.3468,4.9254,-6.0629,-2.7285,6.1675,-3.4311,6.8572,9.3868,3.4623,-3.2391,-3.8428,-1.569,-7.8455,1.9947,-2.1319,-0.2762,5.3695,1.544,3.854,0.4817,7.8523,-6.8432,-0.6573,4.3539,6.2683,5.6964,-4.0025,4.321,3.344,7.4465,-4.2962,-7.3627,3.8513,-5.9576,3.4469,5.207,-2.146,2.7312,-0.0519,2.8586,6.6755,-8.402,-0.7154,-4.0334,-6.7008,-1.9035,9.2962,-1.2291,2.5774,8.7805,-6.6466,6.5204,-8.2249,-7.0044,8.0472,-8.8281,-5.1216,7.4032,-4.0593,-0.6746,7.0779,8.2613,-6.8321,-3.6873,3.6848,0.8559,-3.3301,-7.4604,6.8418,0.6277,-1.6018,5.708,-8.8981,-0.5233,0.0038,-5.7909,8.0638,2.7188,7.5095,3.4103,-0.6232,-9.3324,7.1227,-3.1711,-5.6183,6.0477,1.8873,2.6587,6.8295,4.3121,-6.1696,-5.7248,-9.6957,-6.1875,-9.9705,7.8499,5.5124,6.3652,-5.0716,-2.4333,9.8417,-7.5821,3.0443,6.4342,-4.082,-8.8087,7.4497,-7.7334,-2.4208,7.7685,3.1992,2.351,6.2919,-9.2417,0.9221,-7.1271,-8.1213,8.281,-3.4434,3.1116,-4.4604,-8.3823,6.0465,-5.4166,9.0127,-8.6586,6.7203,5.9102,1.0726,-1.1719,-8.251,-8.8733,4.1999,-7.4197,5.0518,7.0833,-8.8496,-7.0909,-3.1446,-6.5375,-9.2275,4.5503,-0.8417,-8.9267,1.0043,2.6174,-8.6644,-9.5654,0.1291,-3.8828,8.1736
3.1405,-7.1135,4.0826,3.9478,3.2995,0.9496,-4.9548,0.561,6.2153,2.036,0.8567,4.1478,2.0157,-6.5193,2.0732,-9.8953,2.0175,9.3812,5.634,-9.0957,7.6451,-9.2716,-0.2932,-8.2552,-7.8906,0.8129,-5.1857,-7.6321,0.6948,9.3747,7.4385,-3.2619,-4.0566,-3.416,-9.3073,9.1664,-7.7373,8.8207,5.2459,-2.8053,-7.6637,5.8198,6.9237,5.8871,4.3568,6.9263,8.1647,-9.2809,6.5174,7.9748,8.0817,3.2757,-9.2146,6.9034,1.641,2.6456,-0.4449,-4.2591,-6.0685,-9.2356,4.9734,-2.0771,6.8841,6.9282,3.3672,5.1485,-6.9906,-2.5046,6.8109,-2.6335,2.187,8.7093,-6.5132,4.3826,5.924,-0.1172,5.75,6.3165,-0.5338,-9.1113,-2.2905,6.6806,-8.4154,-0.8011,-4.0327,-7.2676,4.3261,2.7424,-6.9533,-7.0519,-9.3531,9.3283,-0.7648,2.2379,4.9771,-4.849,5.8354,8.3721,3.8457,3.8557,3.7875,5.6781,-7.9604,-0.5527,-7.5221,-2.4678,6.077,-7.6333,-5.9232,-6.2181,8.3966,-0.0767,-4.9862,-9.6473,-4.1376,4.069,-0.8122,-2.9931,-2.2946,6.5846,5.3937,2.526,-4.5828,-9.6037,0.7321,-2.3768,9.2604,-3.8941,-2.3482,1.5776,2.7448,0.6483,-1.5292,-0.4401,-7.7298,-2.4448,-6.9562,-8.3979,-6.4733,-3.0029,-9.1006,3.9237,-4.3798,-3.1238,8.9482,7.4838,-9.7073,2.8653,-6.0021,0.3215,-3.8275,3.4088,-6.058,9.1091,-9.4998,2.4323,-1.9762,-7.6503,2.8605,2.9768,3.5249,6.9208,-5.1475,7.633,5.0542,-0.3369,9.7425,4.7555,-3.8752,6.1458,-7.7736,-5.2767,-8.488,5.9431,-8.7061,3.6711,-7.6015,-9.6561,-2.3413,-9.9821,-9.7302,9.658,2.7466,2.1538,-4.235,-4.7612,-6.2222,-8.4724,-3.6436,-9.9584,5.3156,0.552,9.9197,7.5078,-6.5416,-0.5994,0.9925,8.2293,-1.042,8.7973
1.5026,3.1708,-6.8598,-8.8988,0.5979,6.6747,2.6018,-8.2509,6.366,8.2439,7.7611,4.5079,4.3319,7.1637,-0.2267,-3.0242,-5.7897,4.7168,-5.0081,-8.2971,-2.5,-6.1918,0.4379,8.4079,-1.6835,8.5126,1.8115,0.3244,-9.6906,-3.2147,-6.8152,7.7171,0.5171,-5.2561,-6.7381,4.8156,4.2301,-9.8592,-4.0695,-6.0552,4.3923,8.2535,7.5966,0.0895,6.6916,9.9891,6.3568,1.8601,4.0942,-8.088,-4.6051,-2.3053,8.0683,-5.6024,-9.3481,-3.4434,-1.1165,-4.9116,-0.0737,8.1452,-7.3886,-1.7871,-9.2021,4.8786,3.1978,8.0926,-9.4559,9.0688,6.5696,-3.3284,1.2513,6.3414,6.8644,-6.2196,-6.9686,2.6641,8.9625,1.7726,-6.1835,-7.0608,2.6456,-8.1611,-5.338,-3.8192,8.7119,-5.2418,-5.1217,-3.727,-6.8275,9.8712,9.5197,-8.2609,8.8619,5.9051,-1.7742,7.3071,4.7743,3.1986,1.0184,1.9656,-9.146,4.3321,3.716,1.4783,2.1254,-2.1679,-7.3072,5.9801,-8.7435,4.2435,2.5592,-0.2551,-0.706,-9.4182,-7.9295,9.9088,-2.5024,-1.1357,-4.5284,8.8019,-5.0305,-5.9458,9.67,-0.6665,-7.5811,-4.3876,-6.9845,8.9965,3.0459,-8.966,8.4741,-8.9923,0.4714,-4.4264,-2.4974,5.4514,3.1537,7.2766,-4.7132,6.6104,-6.4305,9.6878,-6.186,-2.5003,0.8594,4.543,-6.5459,-4.4663,-7.1935,6.3991,6.8137,1.0087,4.7415,-5.8471,8.8278,3.0341,-3.9159,4.3706,-9.3074,2.9407,-1.5689,-5.0401,9.0431,2.347,-7.1546,7.6545,4.7917,7.4443,0.8657,0.8286,-9.5442,-4.1012,-9.9536,-8.6986,-9.3269,-0.7911,-8.6527,-7.5992,6.5579,9.0121,6.2974,0.2888,8.0114,-2.0834,9.5943,8.1571,-2.6369,9.0889,9.2787,8.7049,0.6083,-4.388,5.6947,9.2945,-1.8145,5.1393,4.4337,3.7103,5.6153,-1.8386
2.9294,-3.9575,4.6868,-8.4077,-3.8402,1.5696,7.1472,-2.7104,-1.2905,7.1982,5.8245,-1.2853,-2.9934,-3.7093,0.0127,6.1275,-7.1298,-0.5951,-9.5364,-1.3626,-3.062,-7.2525,6.1358,-3.3123,8.4812,0.3936,-9.7161,-1.778,-8.551,-0.944,1.1118,-8.7073,1.6626,-1.8392,-4.9966,-4.0337,-2.52,-0.2745,-7.8494,4.3709,-8.2402,-8.1272,4.5586,1.4994,9.125,6.0384,-5.2077,-5.0878,2.1629,7.3218,-8.941,4.161,-7.6312,-3.7858,-7.7723,-1.0099,2.1164,-9.6315,5.8956,-9.4661,6.8522,-8.4111,9.7169,-8.5703,5.2003,7.3222,-0.2926,0.6717,2.933,3.0188,5.9926,-1.7954,7.0617,-8.2042,-7.2187,7.0839,7.7833,5.0306,-8.5568,4.3752,-5.2545,7.2186,-3.8147,0.5134,-4.1624,-2.5629,-5.48,5.818,-3.8154,-0.763,-6.2946,6.2378,7.0483,0.7257,7.0891,-5.2978,-9.1501,-2.6768,4.5817,-8.4607,-4.2998,-1.4912,-8.4086,-7.6062,-4.0776,-9.08,3.5771,-0.0792,8.7535,7.6709,8.7818,-0.4649,7.1685,-7.9593,-5.7596,-0.0212,3.592,1.5097,-5.3479,-8.7349,-9.281,0.9729,-2.7989,7.5892,8.2252,-3.9156,-2.2327,-5.2278,-3.2996,4.74,-9.8264,9.2714,1.9096,6.1731,-5.9564,-4.5617,-6.2892,1.738,-7.9256,6.3878,-8.2437,2.7396,8.1875,7.8114,-2.5852,0.1307,5.0734,-5.2861,5.2766,1.2793,-4.1107,9.3266,8.5449,-8.289,6.2616,4.4483,-1.584,6.647,1.4238,9.2217,8.7403,-4.0721,4.4109,-4.1419,-1.0571,-8.9273,9.0996,-6.5677,2.9359,8.1055,2.9405,8.01,9.2465,2.4819,6.9219,8.4577,7.0677,4.9314,-3.466,-5.0469,3.7394,-3.8928,-8.5998,-8.0486,1.517,1.5994,-8.4584,7.7391,1.1393,-3.0255,-7.6074,4.3063,2.2679,-7.038,-0.7452,-7.4664,3.348,7.7824,5.4064,8.314
