0.8301,-2.8312,4.3023,4.029,3.2748,-3.7126,0.7465,4.0615,-9.5936,4.343,-5.2326,7.4901,-0.1283,7.0552,9.7842,8.3984,5.1481,7.8638,0.8016,-3.4175,-6.1338,-8.2027,2.7764,1.0379,-8.7909,-7.0181,-0.1962,-4.8778,4.323,-4.1857,8.8956,5.2992,8.5491,-9.2123,8.4747,5.4297,5.8836,1.1307,0.7652,-5.3834,-5.9546,6.7759,1.5852,1.0137,5.5158,-9.983,1.9993,1.2594,2.4618,1.9554,3.9087,8.2294,-3.4941,0.6891,-1.2743,-5.5802,0.0413,4.5714,-6.7833,-8.9385,7.1144,7.5026,9.8755,-1.9745,8.755,5.4604,3.0481,0.0545,2.5127,1.947,-6.7629,4.8882,8.7196,-1.5349,3.7017,8.0677,-3.8381,2.3348,-3.4702,-3.0121,-0.4939,7.6671,-3.4145,6.6934,7.3848,3.0457,5.2429,-5.272,-8.2934,-7.6727,5.5762,5.4223,3.1219,-2.558,2.247,-0.0403,3.8493,9.8542,7.815,-0.1396,2.6554,6.8455,-5.6692,3.079,7.8174,7.9401,-7.7704,-0.4409,4.9316,4.6578,0.1744,5.7281,-9.7118,1.0841,4.6154,-3.0443,5.2106,-2.1376,-5.2413,2.4321,-1.4143,-7.8103,-5.1561,-3.7864,-5.5273,1.7729,6.7688,4.4448,-3.2997,-1.0414,-9.2772,5.3595,-1.9453,1.0718,-7.1999,0.8997,8.2525,-5.0492,-8.1651,-4.7245,6.9335,4.6067,-8.1107,-2.751,3.3502,-2.7288,-9.9395,-0.9885,3.1252,7.9114,-9.2201,8.966,1.7244,8.3206,8.8252,2.7627,4.0377,6.6568,-4.2316,-3.9957,-7.8593,-7.6923,9.9034,9.0212,4.5225,0.9279,2.0635,4.7039,-8.226,7.4015,-6.4901,5.6643,-4.9227,-3.494,3.0171,7.7062,1.8595,-8.7452,-6.563,7.1207,5.8286,4.3699,-8.8731,-9.0057,4.6808,-9.2419,-0.5479,2.1839,3.1379,6.8027,0.0279,-7.1587,-7.522,-2.7167,8.7911,9.5713,-5.8695,-9.0,-7.3879,-8.9805
-0.6919,-2.4083,7.8221,-3.8055,-5.246,-7.6165,5.1938,4.7085,-1.8445,-7.0733,-4.0163,-6.8239,-2.976,3.5117,-4.8062,-0.0828,5.8966,3.9885,4.0844,-9.2297,-3.4392,-8.3852,9.1525,-9.7037,-0.8948,-9.9431,-4.317,4.7309,8.5584,1.4956,6.8952,8.8091,-1.2722,8.0408,0.5229,-4.67,4.833,2.9812,7.011,-4.1446,-0.1317,0.2187,6.6811,-5.7812,1.8066,9.0161,-0.7057,-5.155,0.9947,-8.2674,2.871,-6.3716,3.4239,-8.0199,-6.7876,-7.6846,9.6593,1.8673,7.2457,8.9361,9.7676,-0.152,5.6085,-5.2171,2.8094,-5.944,7.6813,1.7218,5.7397,-7.5659,0.9215,-3.297,4.3223,-7.122,-6.5157,5.5462,2.3503,2.8991,-6.9152,-0.0484,8.792,-6.4258,3.1756,-1.3057,-4.3746,6.7351,-1.5264,-4.2351,1.4375,3.7255,4.0138,5.5499,8.8764,0.4668,0.1009,0.0591,1.502,-2.2309,-2.437,8.5924,0.6267,7.2465,-3.8992,-7.8897,6.4879,-2.3496,1.2317,-9.2304,4.1483,2.7085,1.5321,-3.7963,7.52,8.5222,0.1083,7.1945,8.1502,-5.9298,-3.6034,8.5285,-2.5503,-3.1115,7.3777,-6.1153,-6.6276,-8.3672,-8.6452,-6.8529,4.9122,2.2823,-9.173,-1.8541,0.4742,2.2212,-4.3557,-6.2168,-1.9204,0.1436,9.2665,6.9769,9.0521,-3.8484,6.7801,7.8745,-4.2419,6.6143,9.0829,4.7548,4.4841,-2.5854,7.798,0.1653,-4.1262,-2.368,7.0368,6.3663,7.9206,8.8835,-6.3581,7.7861,9.1722,0.3996,-5.1474,1.0936,-3.4806,-4.2938,-5.3615,-6.1115,-5.0664,-3.7873,3.3424,4.6163,4.3788,2.3642,2.097,-7.539,5.539,5.5735,1.9026,-9.447,5.1437,-0.4686,-3.0607,5.1726,-7.6937,3.7425,3.3516,-3.8042,-9.7567,6.3262,1.5962,-8.8247,8.644,-8.7406,0.3266,-8.2825,-1.7124,1.0913,2.4666,0.0955
-3.3347,-5.259,-3.2469,7.9003,-5.3456,1.9733,7.1628,-8.4364,9.2422,6.4165,8.2824,0.4544,8.3334,-8.4356,-8.5523,0.9123,-3.9321,-1.4881,-1.3313,-2.0682,8.2853,5.5585,-6.3951,-2.4786,-2.7888,-5.2122,-7.848,2.8691,-7.714,9.5751,1.9312,-3.3434,5.8464,-6.7818,8.8142,7.5952,1.8549,3.2482,-7.2623,-2.9626,-0.1695,1.2488,-7.8549,9.0282,-4.5199,0.9334,-0.9867,-4.3222,0.5739,4.9537,5.222,5.5613,-6.3406,-9.1843,2.0474,-4.4915,-4.2731,-2.8537,-5.7253,0.8825,-5.8245,-3.819,-8.7473,0.0427,-6.7342,5.292,-3.2473,-4.1664,4.9931,-7.0654,9.1076,5.042,2.3091,-3.6589,4.0804,-3.1874,0.8518,0.4718,8.8381,-7.2489,6.3998,5.9124,4.1746,9.4126,-2.8185,5.2171,-6.8805,5.8378,6.6867,7.1396,4.3579,0.602,2.804,6.0024,-3.4306,-1.1478,-4.5846,0.6236,-8.1464,6.997,4.1893,-9.6723,4.9015,3.5997,-0.6544,-9.4408,-8.6422,-9.7376,-9.5314,8.4526,-2.6654,-2.7652,-3.6242,7.7511,2.9432,6.7159,-2.5197,3.3601,-0.9577,6.437,2.4419,-0.7686,-1.8146,-5.5567,3.2393,-4.4094,-1.3567,0.6136,7.0083,-1.3653,7.3389,8.9145,-6.8162,-1.0091,-1.8479,-9.4634,0.0624,1.1855,7.0552,3.3403,7.2449,7.7724,1.6773,3.1148,1.6401,-0.8647,8.808,4.3665,7.5337,-6.3217,-8.8577,-5.4697,9.5069,-0.8555,-0.6298,-7.1901,3.4155,-6.2707,-1.0944,-1.9212,9.5531,2.0096,9.1706,2.0285,0.2535,-7.1253,0.6566,-0.2613,4.6054,-3.6261,-8.0143,6.2885,3.2107,-8.4989,0.1456,3.162,3.9115,-8.6915,-9.9572,0.4345,5.7431,9.8366,2.3812,-0.5648,9.1232,-3.2393,7.3687,8.669,-7.3913,0.9427,3.8643,5.4412,-2.4889,8.2729,-3.3249,-7.2522,9.9889,1.2768,-4.38,-2.6535
0.6306,-5.5619,-7.7772,-0.3013,-2.0356,7.5432,-2.9553,8.7324,-4.191,-4.2282,-5.856,-8.7503,-0.3368,2.7412,3.3462,-0.6477,-2.6065,0.8441,5.4982,-8.3216,-4.7388,-0.6506,4.1368,-8.9614,-8.0212,-6.4373,-3.7085,2.1997,3.4633,-9.201,2.4316,-5.1042,-0.725,-0.482,0.7663,-5.0281,-4.785,-4.4847,-4.2901,-8.3362,2.6379,-5.0729,9.3297,4.6067,-9.6276,3.8693,-1.5474,7.4502,7.7934,2.3734,-8.5099,0.4223,5.2199,1.1898,-8.12,-6.5898,-6.313,5.4651,7.2821,-9.6157,-3.2348,8.3845,6.45,-4.7991,8.4533,-1.375,3.0391,6.5591,1.0128,3.6784,-2.1826,5.5843,-0.4369,-6.5472,6.8999,4.3182,-9.1434,5.0425,1.4681,-4.5777,8.1313,-3.6772,8.4167,-5.6687,-3.6403,6.8645,9.7649,-1.8201,0.7389,8.1178,7.7192,-5.6569,-2.5348,-0.5791,8.0676,-4.945,-4.259,-7.2454,0.842,2.6571,-0.6455,0.2155,3.9494,7.1905,2.8722,0.2537,-2.8542,-1.079,0.5317,5.7184,-1.5822,-4.7116,4.4295,-4.6751,-6.9444,0.0204,7.6198,1.7512,5.3345,9.2855,1.029,-9.5748,3.1323,2.6737,-3.7145,-6.1697,4.1063,7.9587,-6.4495,-1.9001,5.5592,2.0321,-1.3504,-9.8674,8.4394,5.6545,0.8266,-1.864,-3.5771,-7.4502,-5.4167,-0.9705,7.774,6.8231,2.2613,2.698,-3.027,-7.1641,-5.7619,7.6186,5.3925,-0.095,8.7643,-8.876,5.8817,3.857,4.1868,9.6078,-9.7825,-7.1003,-7.8395,-6.042,-0.6581,-1.1006,-1.9342,7.1295,2.812,-8.3304,-7.2733,4.7208,-5.7507,2.2304,0.6568,-7.0403,-3.7086,-9.4818,-9.1285,-4.6095,-4.3563,-2.4081,-6.4821,6.3552,4.0334,9.4509,-3.1457,8.5479,1.5247,-4.9106,-8.369,8.8484,-2.3426,-2.8916,4.9462,-0.3497,-0.4914,2.7286,-0.1549,5.0689,5.3935,8.2596
-7.7969,-8.3603,-0.5237,6.2778,-9.2211,9.4326,-9.9913,6.7534,-6.7258,9.023,-8.1771,0.8805,-3.4384,6.7164,4.5656,0.7433,8.9741,0.5653,-7.0005,-9.2728,2.0157,0.069,1.4111,2.6847,9.3919,8.2857,9.7877,-6.1198,5.7157,-8.8159,-3.3396,6.9334,6.7614,9.5821,-9.279,9.6708,8.2893,-5.9876,-7.1425,-4.2762,-0.5718,9.1354,-5.9487,5.2368,7.7541,4.2905,2.2552,2.2525,-6.9802,4.637,1.0891,9.4464,3.9404,-6.0972,-6.8858,-9.4006,-5.8893,-9.5824,7.4663,7.777,7.2171,-9.6745,-1.652,1.4781,-6.9204,7.9066,8.5428,9.4418,-4.3514,3.6192,7.8423,0.1546,-7.2277,-6.3576,5.9586,-2.407,-9.0471,2.9862,-3.9842,-5.2317,-1.153,8.8687,2.395,1.5181,-0.1243,0.407,-4.8007,6.6824,-1.0553,-4.3214,5.6922,8.8719,9.0998,-0.3091,-1.8514,2.543,7.9673,-5.0984,-8.6687,-7.3188,3.9887,1.9538,2.5549,-4.2537,-5.5301,6.8912,-2.0837,-0.1997,2.2959,6.6096,-6.0435,1.7759,8.6458,-3.4971,3.3923,-9.4464,-2.767,-0.9124,5.6587,7.5814,-3.3384,1.2737,-8.1878,1.2919,3.3741,-3.1715,6.1127,7.0281,-5.0497,7.6451,-4.1582,-7.2593,-5.9219,6.5567,8.0949,6.3664,9.4774,-8.408,8.4939,6.1545,-5.3454,2.4341,7.296,0.0212,1.4891,6.8706,6.1937,4.3773,3.9219,0.7379,-1.7373,-7.4415,3.5117,-3.4537,7.716,-4.7225,-0.6636,-3.2523,-3.2435,8.2426,-8.9053,0.3199,0.4217,-4.2116,1.0554,-3.2875,7.7463,-8.0021,7.9428,6.9295,7.4799,-9.2143,6.8771,-4.5734,-5.7316,7.3902,-1.6374,9.9802,7.6145,6.5299,5.3141,-7.4099,-0.5228,-4.8886,7.5297,8.8953,-3.5978,9.1417,-3.5557,2.8626,-7.2103,9.1155,-8.3958,-8.6805,-9.8749,-1.796,3.3615,7.0224,3.3061,-8.7483
-2.5945,-8.0977,4.744,8.9414,-6.1907,2.4585,-6.6582,-6.7794,0.9205,1.7056,3.3063,3.7401,-3.6781,-7.0367,3.9049,-2.5544,8.7489,-7.656,0.4231,-4.1236,-8.0578,1.2458,6.0488,-4.4392,-3.9671,7.4984,-3.712,2.588,7.0078,2.1376,6.9367,4.4321,-8.9342,-0.8041,-9.7215,-0.5854,7.1459,-2.1012,-4.5927,-6.3117,8.7198,3.1559,-6.8332,-8.7825,-3.8263,-0.0001,-5.4291,8.6295,5.6579,-1.552,-0.3923,5.5008,1.5546,-4.9904,-0.4243,-5.9545,6.1881,6.8381,-1.3337,5.4254,-1.1771,0.7853,0.7426,4.4979,6.517,8.709,-3.7222,-7.11,-3.2631,4.9552,4.4101,-2.2806,-6.2374,9.9767,-9.8578,-0.8665,-1.2611,2.8548,1.5146,-0.1403,-4.999,0.7208,0.0827,2.8382,1.5299,-5.1683,-3.9564,8.2904,6.984,-1.4277,-1.1965,8.7814,-9.4133,2.0144,3.982,-0.0625,-9.6256,-5.4552,-6.2198,6.181,3.8641,-2.1588,7.9639,1.252,0.764,9.0079,1.7963,-4.1626,1.0088,-2.4207,-1.5531,-7.4095,-2.5953,9.7298,9.2175,4.0035,9.6087,8.0731,0.9432,-7.8172,-4.7122,-0.9755,-5.9464,-5.4867,7.1446,-1.1016,6.875,-7.5232,6.167,-8.5115,-2.141,0.8018,-4.5723,-5.6646,-1.398,-0.9684,4.6797,-3.8515,-2.3429,7.1883,6.1313,9.5744,8.1052,-8.0747,9.1548,1.0677,-7.2288,4.2269,2.7962,7.7748,-6.186,5.2324,4.8547,0.1767,-3.3511,9.8175,8.6072,5.4055,-2.0021,-3.3199,2.8869,8.013,4.5619,3.6356,9.7218,-3.183,9.8857,-2.8425,-5.5597,-9.7974,3.7066,9.3851,1.7869,-5.7503,3.8961,-0.5212,7.7352,-4.6856,3.7732,-6.9158,5.647,-0.2582,-6.1439,6.9686,-8.2411,9.2606,2.9823,7.2005,-5.2749,-8.314,-5.7452,-2.6091,3.7608,-1.2217,-1.9358,-6.2675,9.9756,-1.6509,-3.0241,-3.6759
-8.2641,-2.1444,-7.8075,-2.0396,-2.7943,6.5536,9.9249,4.9639,7.9993,9.9914,2.6384,3.7177,-6.2287,-3.8388,5.2246,2.847,-1.5156,3.6715,8.3388,-8.571,6.5768,-6.1539,-9.7929,2.5739,-1.9145,-1.6008,-6.5525,-1.1164,9.6145,8.617,-1.3227,0.2998,4.273,8.9093,8.7608,1.0884,4.994,1.8046,0.9358,-5.139,-7.9789,9.1679,-9.3708,-8.1695,-0.1466,-5.7899,-3.8829,8.5594,-0.4592,0.8025,-7.3726,4.7432,2.6725,3.3042,5.5186,-2.6182,-4.1163,-6.653,-7.3562,-0.6424,-4.7508,-3.4253,2.891,-8.769,-3.691,-0.6763,-0.4138,-0.7565,3.3206,-1.9565,-8.0962,-9.2834,4.6333,-6.7486,2.3359,7.2533,-3.6884,1.9781,9.1377,6.1393,6.8638,-7.3578,1.0644,9.4282,4.1247,1.6563,-0.7256,-7.7994,-4.812,6.2398,2.1398,1.5918,7.3901,-0.4344,-9.7742,-7.5543,1.4749,-4.9993,9.3526,-0.9928,4.9536,7.1668,4.552,-5.0482,-6.9627,8.9681,-9.0386,9.945,5.0722,6.0029,-5.054,-2.6631,0.6881,-7.2109,-3.0798,8.4096,9.27,-2.8826,2.6427,0.1255,-8.9987,7.174,-3.4992,-4.5878,4.9237,-6.6962,-3.8269,8.7942,-1.3342,-6.4179,-9.3929,8.2529,-7.8703,3.6657,1.2636,-2.6091,-7.8399,-4.2451,6.9523,2.6499,7.8203,-0.255,5.9718,4.3735,-1.9371,-2.2786,-0.5813,8.4166,3.0019,9.2164,-0.3757,-0.4969,-6.6137,-9.5347,3.3575,6.9616,3.721,-5.4943,-0.9896,1.1231,-6.6256,-9.0206,-4.1953,8.7679,-5.5245,-7.7106,5.9718,-6.5644,-5.3387,3.9527,2.1568,5.3872,-8.9043,-5.1171,2.4813,-6.9456,-1.9289,-5.8153,-0.9785,9.0588,6.9242,6.5415,-3.7828,-9.1056,-0.0239,4.7401,2.2296,4.4756,5.1706,2.6885,0.8119,-4.8514,0.1222,9.4346,-0.4469,-2.0007,3.4421,4.5553,0.8249,-3.2953
-8.3186,9.2548,-3.1262,9.6575,7.8817,2.8358,-7.4513,-2.3743,-2.5946,-7.5983,5.1285,-7.5066,9.5847,-6.3503,3.7756,9.2757,-8.0291,-3.0644,4.7148,-8.8198,2.0713,-5.4463,0.3637,-0.265,4.0375,5.502,2.1572,-2.0619,0.1351,-1.4082,2.944,6.9588,-9.7861,6.8144,6.4397,1.4577,-5.0614,-4.6684,-8.7704,-9.194,-2.7423,-2.4507,-4.2494,-8.7219,3.7883,6.2059,-2.5447,-5.3052,-5.5465,-2.7899,-7.798,5.0853,1.5372,6.0321,8.5387,-8.944,3.4234,2.174,5.4393,-8.398,-9.5738,-2.894,-2.5446,5.4162,-2.3166,-7.6285,-1.1978,-4.5114,-6.1803,6.7275,4.26,0.8209,3.6115,-8.2444,-7.7993,-5.0281,5.0886,-4.4205,-4.6405,-3.3989,0.7283,-4.1869,3.8965,4.1852,5.3091,-4.7041,-1.2802,-2.207,8.6534,3.1413,-2.8806,3.865,-3.6191,0.2534,3.8234,-6.509,6.0056,-2.2814,-0.6389,-2.081,-0.33,-0.4835,2.5195,-6.6593,-9.3365,5.904,-8.6376,-2.443,6.4715,-1.199,3.2704,2.7077,4.6152,7.0978,-1.9179,-1.5721,-6.8725,-7.2531,-7.0674,8.2839,5.4439,0.8778,-7.0675,-9.4322,-2.1756,0.3247,6.4686,-0.1364,6.2569,3.3381,-5.6396,-2.1158,-2.0876,-2.695,9.5685,9.2272,-2.9604,-9.6777,-4.6125,-0.7375,7.4821,-3.0331,3.6864,7.2529,-6.0301,-5.0782,-7.6892,-9.966,8.5802,-4.8259,5.6089,4.3105,2.718,-2.4503,-3.3323,-3.5805,-8.6481,8.9658,-8.4597,3.0018,1.9396,2.4484,4.7987,-8.87,6.6677,1.3076,2.5421,9.8615,3.027,-8.9911,-8.1082,7.1377,-1.1714,5.8146,-5.2816,-2.818,-3.4536,5.6924,8.8385,5.1412,-3.0954,5.269,-8.6765,7.1377,-2.6171,-2.7678,-4.1456,-1.4297,-0.9036,-2.6827,-0.7114,6.2325,-3.71,8.5249,9.5462,-4.8455,4.0628,9.6263,-1.6045,-7.3314
-1.6647,6.752,-9.7588,3.3477,9.4106,6.24,6.2893,4.506,-0.5559,3.7436,4.7067,9.7352,-7.8756,-4.0632,-3.6104,1.4607,-2.6009,-5.6063,2.5167,-6.6294,7.98,5.0198,6.2646,7.3028,-1.1264,8.478,8.36,-2.6134,-6.6866,3.7499,-8.7114,3.1881,-7.4967,-1.9671,-4.769,0.0712,-8.7589,5.9331,-5.8393,9.299,-5.272,-3.8369,-1.9757,-2.6517,8.0196,-7.565,3.336,6.5773,-0.2304,-1.2544,6.0403,6.7453,-4.2768,-0.5747,7.6098,-1.1056,0.4279,-6.7028,-0.417,4.4029,-9.9759,-7.8115,-7.9537,0.8168,-4.207,7.3858,2.2982,7.9014,-1.0148,-6.2122,5.3175,-2.4234,3.8792,0.6812,7.5523,9.2738,3.316,2.3943,-4.353,2.5489,-8.1617,-5.2032,2.8438,-0.6137,5.2963,-1.834,9.7459,2.6902,-7.1785,9.6613,-8.5732,4.6859,-3.9822,-6.7764,7.0977,5.8268,4.6975,-5.4169,3.3179,-4.6372,8.2377,5.5168,-2.8346,3.1206,7.0769,0.4918,5.0819,-0.8196,7.5817,-9.5359,0.1965,-1.2199,7.6844,9.4144,4.0573,7.8894,-5.6925,-8.485,4.0859,9.8489,3.0298,-1.558,-5.9597,-3.2379,1.4841,6.1742,-9.3687,9.9417,1.3307,-8.5392,8.6369,6.6391,-0.6629,-7.9005,-1.5712,-0.0933,-7.1791,-7.3104,-1.9449,-2.3125,2.9001,4.5124,6.7797,8.5967,5.2892,-5.5184,-2.1895,0.4931,-6.3412,0.9739,-0.1186,-4.8177,-1.065,1.7729,-3.6193,5.0246,-3.9827,-7.7317,5.8553,5.6892,-4.5436,-0.6998,2.925,-1.239,4.4994,3.9626,1.097,1.6225,-3.0368,2.3596,-9.6504,7.4103,-6.9519,-3.1943,-8.4646,5.5639,8.5549,-9.0016,-1.4989,1.8956,-7.6936,7.3719,1.9744,2.23,1.533,6.6355,-4.6755,-8.5872,0.4167,5.2598,5.4772,3.0528,-4.7933,-5.9304,0.2909,-5.5996,5.1513,6.8628,8.5466,-7.2508
1.982,8.4769,-9.0139,-1.7381,9.1596,9.1055,-7.4587,-2.7007,5.1476,-4.9128,-8.4205,-0.4061,-0.7913,9.0298,4.589,-5.1051,7.4665,3.7889,-1.6367,-6.5177,-6.6855,-4.0004,-2.9607,0.2124,-2.5367,2.4304,-8.5104,-8.3877,8.9637,1.7677,-0.6189,7.3243,-6.1216,8.6136,-8.742,2.7321,-5.1785,-6.6846,5.8899,-6.105,8.5827,-0.6082,9.4102,-8.1728,-5.8289,8.0234,-7.5108,9.4816,-2.3828,9.491,-5.9838,-8.284,8.5035,-0.7205,4.1448,5.8077,2.3434,5.3671,4.4347,3.2541,0.1358,2.2117,8.8967,-9.8921,-4.8176,1.3468,0.9294,1.8703,6.7122,-3.9455,7.961,-5.886,2.8338,6.0418,2.7816,2.6832,7.404,-4.4298,6.2751,-0.7182,9.0985,-0.2429,2.227,7.9421,1.1053,3.6702,-2.5943,3.4142,-5.7728,4.3756,6.7722,0.5727,-8.9589,-8.6206,7.4797,6.6698,4.2128,-1.6076,8.6241,-2.4078,6.0552,4.8466,-1.5292,6.3884,-4.5552,4.5527,-6.4807,-9.1392,-4.4565,1.5486,7.4412,-0.6444,-1.1625,3.9661,-2.7815,-7.9358,1.2131,-2.8332,2.2646,2.7848,6.693,6.4138,-0.2145,1.0686,3.3146,1.0851,1.0668,7.7054,-8.5766,4.8504,-9.801,-6.1955,3.0273,0.5474,-2.1074,-5.8789,-3.3787,1.3454,-8.7771,6.6277,-3.4404,-4.6577,-6.5952,-3.1357,-9.9768,-2.4143,-3.2287,-1.0747,-8.5987,-6.4622,-0.9745,2.4196,-3.9093,5.7306,3.1041,-7.8852,8.1561,3.4184,-5.254,1.8341,9.6527,-3.4434,1.5309,-2.2643,-3.9682,-1.4521,8.4397,7.0813,9.5212,-4.7423,-5.7987,-7.1812,-6.8721,1.6121,-3.3207,-2.9674,-3.9851,-8.077,-0.7914,4.5313,5.8584,5.4484,-2.8243,-9.2913,-6.5106,-6.6135,-2.0949,-9.5914,-9.4644,-2.0119,-5.2016,8.051,7.5288,8.9843,-2.9972,-1.4751,2.5286,3.1883,3.9231,4.7148
-1.4237,-3.2555,-8.2069,-5.8496,7.7258,-5.2473,-3.3626,-3.0708,-6.9967,-7.9876,3.0636,-6.6527,-5.1912,4.5028,4.9084,-3.9328,1.9732,-0.8755,7.1214,1.6025,-4.3256,-2.0759,-8.6712,-8.824,-4.7665,-3.2158,-5.3503,9.6477,4.3115,1.2694,-8.8784,2.0104,4.3048,-5.5478,1.2208,1.9398,-3.9308,6.8018,3.8408,9.2457,-2.4547,3.4485,9.8894,9.8694,-9.6678,4.433,-0.1243,-4.1039,4.5682,5.7355,7.5239,0.7277,4.0724,8.1802,-6.1175,2.0774,-5.6478,-8.4672,0.083,5.2457,-9.3985,-8.7498,-3.0422,-4.0499,5.5777,-5.7274,-9.753,6.9239,-5.7456,-2.6804,-0.8416,-6.9024,-5.7821,-5.5682,-2.8164,-2.6714,6.9306,2.6665,-7.777,0.99,-8.5952,-2.4068,4.932,-1.1154,-3.8008,1.6234,3.3557,4.7444,2.4746,-6.4254,4.7079,3.3481,-6.7934,-1.7968,-2.4286,-5.2265,7.522,-0.2888,7.414,-3.6606,-6.5637,-1.0488,-9.0157,-0.8236,-6.8748,-5.1053,-3.2594,8.442,-9.5085,-5.5645,6.6357,7.5619,1.7606,-2.1859,-6.5365,8.2104,-2.7316,-2.4913,-0.417,-5.7471,6.1182,9.3456,8.6227,-2.4717,4.943,0.0411,-0.8247,-1.1993,7.2499,-6.6085,-8.9175,8.493,-6.7651,8.8783,5.3978,-8.8252,7.9855,3.6137,6.29,4.7492,-6.644,3.577,-4.1918,8.3935,-9.0994,1.2637,4.263,5.8108,-0.3206,1.2828,0.5926,-1.4392,-4.0901,-7.3318,-3.7418,-9.632,-5.9747,9.0083,1.9059,5.8601,2.1778,0.8207,2.9075,0.9943,-1.7767,9.3559,4.5965,-9.6071,4.4921,1.631,5.261,6.9035,0.812,2.6431,9.1571,-3.6757,9.9894,8.5155,0.9861,-7.7105,-3.6566,1.4566,5.1211,7.1721,2.8708,1.5261,4.045,4.0308,8.5646,9.8181,1.444,1.2114,9.7417,-9.5822,1.1216,9.1319,-1.7666,5.4065,-9.8802,-7.6546
6.8973,8.4337,5.1312,-3.6788,4.7679,-0.789,-0.5689,5.9134,-5.0072,-3.9322,1.0183,-6.6457,-6.3813,0.6604,-1.0978,-0.937,-8.6547,8.6934,4.1237,7.7243,-6.8756,7.0268,3.8297,-4.2637,-2.6529,-4.1031,0.2011,-9.4575,3.7667,7.0559,-1.7774,2.0393,-6.7519,6.4615,5.1943,4.3631,-8.5215,6.6522,-3.0875,-0.7554,-7.135,-9.7642,-1.5867,0.0581,-6.2265,8.5401,-9.147,-3.2573,1.2395,-8.5409,9.9525,6.132,6.7506,9.3773,-9.8941,-6.4723,6.0366,8.0524,2.5246,3.1583,1.7752,2.0624,2.2412,2.5956,3.021,4.8167,-7.2195,8.2059,0.8538,-8.7049,-4.9487,1.6888,0.6661,-1.9484,-2.0916,2.7416,8.9267,8.0915,4.6856,3.9197,1.8091,-1.3863,-8.5291,-2.0218,7.9222,9.0617,9.4842,2.615,-1.1693,7.4413,-8.4815,-5.1051,-7.5003,-0.165,4.0519,-2.5434,-9.4947,4.0046,-9.7829,-7.9186,-6.2,5.1925,6.626,-9.0918,-9.5587,-5.6807,6.8165,6.2415,3.8691,-1.0176,-6.1746,8.1707,-9.8019,-8.4287,5.4196,2.5587,2.8413,-6.384,1.3807,6.6189,1.9765,-0.9048,1.7928,9.161,8.0201,-5.8224,-9.1353,-9.0126,2.2201,1.5775,5.0725,4.8721,-0.3767,-6.7135,6.1291,4.0618,-7.989,-0.2144,9.1513,-2.0079,-4.1409,-7.2618,-2.658,4.5711,9.0273,8.561,-3.2556,-7.5225,4.475,9.7313,-7.3949,7.2516,8.5695,4.2994,2.3853,9.2423,4.8454,-2.7868,-9.6852,3.4857,1.1516,1.259,5.705,0.6485,-8.6845,0.593,3.3122,-4.2049,-9.0928,-9.7503,-5.78,0.926,2.516,2.4575,-5.3385,3.5079,4.6269,-3.6391,8.681,-9.4585,8.1952,-5.6683,-8.4982,3.7122,8.5799,-0.8137,-5.6485,9.6688,5.6211,7.3939,1.9744,-7.6134,4.677,1.7543,-1.3439,1.3587,-9.5648,-4.6236,6.4033,5.7437
-0.0787,-9.2667,7.2047,-3.0444,-4.4707,3.7413,7.2264,5.2298,-9.553,3.2316,3.2321,-3.6009,-6.7796,-2.3526,7.6491,0.8126,-6.3972,1.5303,-4.0875,-1.5341,-5.6173,-9.2301,-1.2238,-2.3909,1.5612,-5.4854,2.8823,-7.6755,9.7334,-0.3909,-0.7167,-1.4044,-3.0526,3.2339,-9.1375,-3.0182,9.7709,-3.0055,5.4785,6.4117,-1.0412,0.1736,0.8327,-7.858,-8.3024,-1.4489,-6.8522,7.6589,-9.9182,1.977,9.7654,8.2439,8.1361,0.3604,-9.1306,7.5775,7.4686,-5.7401,-4.2272,9.3117,-4.7626,4.2438,2.26,-3.5623,8.0947,-2.3923,-0.3602,7.8422,1.7969,-5.7054,8.4655,9.3747,4.6824,9.4503,8.8497,1.8544,7.1532,-2.4498,1.0668,4.8337,8.7491,5.7722,7.6806,-7.7797,6.6011,6.2976,-3.4323,3.2063,-2.6974,5.8292,-4.168,8.2329,4.9162,9.1627,0.88,-0.9808,-4.909,8.6422,-4.014,-4.8861,3.1433,-9.4045,2.5382,-2.7651,0.1797,-1.641,9.1199,-3.3973,5.7848,0.6078,-3.301,-0.431,9.4076,-5.5529,2.0411,-5.6509,-5.8768,9.3465,1.4914,8.689,-0.4866,-7.0777,8.7656,5.981,4.0899,0.94,-9.1744,6.7983,5.7999,6.5874,-1.3962,-1.7836,-8.3331,6.537,9.7,-7.4433,1.83,-8.6257,-7.9041,8.2492,-4.7631,2.8464,5.0018,-3.2252,-8.3616,-1.5354,0.6343,4.7093,7.3445,7.1985,9.5288,0.7606,-2.6763,-2.6154,2.3637,-7.2226,8.6182,9.5452,3.9879,2.5489,-5.5785,-0.5572,-8.7656,-7.4663,6.0303,-0.0021,4.1044,-7.2411,-5.8028,3.7723,0.5918,-6.8937,9.2719,4.2269,5.9665,-3.9007,-9.2641,-2.0387,-1.745,1.7772,0.6658,-1.1475,8.803,9.8963,-7.2108,3.2192,9.1375,1.5142,-9.313,3.6312,8.2962,-4.9437,-2.3966,-7.0996,-7.6838,4.3868,3.3848,-9.1971,-7.5431,-0.9866
-7.8758,-7.6214,-9.6891,-0.5122,1.9863,6.8135,-2.4206,-1.4466,3.8441,-8.7192,-9.0713,-2.1703,-9.6796,-1.7132,-2.7884,8.6484,6.3342,-9.2092,6.5567,6.1856,-2.2817,-4.7077,4.4972,7.0687,-7.3913,-8.9606,3.0426,0.0592,-4.7973,-5.4048,-4.0531,5.074,-9.7739,3.6343,9.7391,9.0501,-1.0027,6.619,0.3654,-8.9088,4.8698,-9.895,9.3084,-0.7371,1.7687,-0.969,-9.2671,1.9322,-3.7106,-7.2465,9.34,-6.1827,5.7725,3.1734,7.0644,-1.9624,-2.3934,1.0416,2.4978,9.5754,1.2421,6.4141,-7.089,-1.3843,-2.4982,5.0506,7.2481,4.6236,8.5456,-2.2014,1.6289,-2.7602,5.5261,-6.7327,-4.3999,6.7576,7.0503,1.8057,-5.741,-1.0908,7.8783,-7.8377,-2.5174,-1.0879,0.788,-5.7456,-8.1927,-3.2862,-4.6969,-4.2051,1.6381,1.4094,8.8301,-3.6238,-7.328,0.3,-1.0207,1.2996,6.1625,4.0665,-8.0001,-6.8019,-7.299,2.9488,1.8452,6.249,-4.737,7.2083,8.1328,6.6044,-6.8108,8.5135,-4.3571,-7.6603,-5.5329,4.9822,8.5508,-0.3469,-6.6332,-5.7927,3.0117,-3.9828,-7.0599,-6.4921,1.0212,-0.5977,-9.0243,2.9658,-6.9753,7.6148,9.125,9.1655,-0.7756,-8.4542,0.5652,6.2199,-5.8172,1.7423,8.0554,-8.7597,-6.6687,-0.0544,-3.6386,6.4304,7.0374,8.998,9.9531,-0.5434,7.64,-3.8181,-5.9091,5.0253,-4.9978,-6.422,-2.6462,-6.6549,-2.0841,-1.6664,-0.4791,-0.1833,-3.2347,5.0268,-9.61,-9.9811,0.7201,-8.4878,-3.3743,9.6749,-3.6081,5.6977,5.6695,6.2364,-1.7768,-8.9964,8.0158,-3.579,7.2274,-6.4584,-1.6653,-7.4406,6.4931,-1.1755,1.9673,-0.0084,1.237,-0.0596,-3.3037,-7.8984,8.9184,-7.9931,-0.5677,1.9994,7.9197,-5.414,-4.5796,-8.9181,9.0362,-8.5591,-2.243,2.5853
-9.9123,1.0163,-6.7237,-5.6272,3.5315,7.0006,1.9236,2.6366,8.4227,4.1487,-0.431,-6.6526,6.7964,7.3943,3.3876,5.0557,7.2997,9.6084,-8.7191,8.0058,9.3141,5.8766,-4.5091,-7.4099,7.141,-1.2359,-6.3777,3.9612,7.0723,-6.5377,-3.8816,8.7004,-4.8876,4.1991,1.8196,-5.6214,4.2568,7.0097,-4.2337,8.4694,5.796,-8.9151,4.859,-1.7647,-1.0497,-5.3318,-4.6292,6.4475,9.9964,9.6401,-5.5563,-9.7133,-1.3154,4.0814,-3.1153,-0.5356,4.5905,-7.755,-2.8714,-4.6782,-2.6074,6.4019,4.8025,6.9266,-4.2195,-7.1271,-5.3222,0.1069,-0.4636,-5.1637,8.4718,3.6113,6.4287,-7.0482,-1.346,-1.6572,-9.6813,9.1107,-4.2286,1.3014,-8.2229,5.1846,-1.1319,-1.2147,-9.8243,9.961,2.0091,7.9202,8.6136,5.3267,5.0696,4.9832,3.0069,5.5503,5.4447,8.7096,0.6542,2.265,6.8302,3.0993,1.5267,-4.7687,0.726,-1.333,9.724,-9.9849,-0.0215,1.8812,-2.9565,0.7997,4.7767,7.4898,-3.0308,3.3677,4.1684,1.0041,1.008,6.8195,-9.626,-0.2743,-6.0188,-6.9573,0.1889,9.0978,7.8395,-6.6377,-0.7711,2.4431,2.2266,-6.0646,-7.3993,4.9441,-3.1042,-9.2634,0.0693,9.0919,-4.7547,-0.2174,0.2463,-9.1441,4.7826,-9.3782,-3.7404,3.8505,-3.0363,-3.0135,-9.2194,7.4787,-6.8941,-8.2697,-6.5751,3.4179,-8.7617,-7.182,-1.7986,3.2037,-1.1241,8.5377,4.0376,2.4632,-2.6691,2.1848,-0.5397,-0.5568,2.0883,-4.2812,-8.7395,0.8724,0.2535,8.3034,-6.7258,-2.7778,4.4417,-3.1753,-4.1864,6.6952,-3.4443,8.2949,-2.0875,-2.8781,-1.346,-4.6734,-2.9113,-0.1737,-7.2687,6.3151,2.5606,-0.0545,-4.6051,-6.3098,6.7665,-2.1031,-1.6786,1.0856,-5.3655,-0.0952,-2.9257,-8.9625,4.6576,-7.8017
-6.5979,-8.6227,4.0673,-7.8842,1.0498,0.586,4.5838,-1.1827,5.1521,2.3882,-5.6118,9.7992,-2.0888,-4.8451,7.9026,-6.6236,-6.0534,-9.0826,-6.2363,4.8852,6.2746,-5.16,9.4096,-5.0799,7.1256,-0.5832,-3.883,-6.3863,-9.1933,2.2915,-7.6312,-7.8859,-2.9707,5.9045,-4.965,5.466,3.9618,-9.3928,2.9904,9.3251,-4.9127,-7.031,-2.1516,9.1842,-1.0387,-8.9791,3.4497,-8.2719,-7.9628,7.3721,-1.2328,-3.2017,-1.5261,-6.8823,2.1994,5.956,6.3525,-2.4208,8.3113,-8.6682,-9.412,-2.1718,-0.6602,6.1926,-1.2424,-2.9071,-6.0535,-0.7545,-9.1801,-2.5954,7.9939,-2.7379,-7.2514,-9.6803,-2.9885,5.2206,4.1198,0.0724,-9.6685,1.833,9.8035,2.7854,-5.039,4.6784,2.6107,-8.5113,4.8351,-8.4329,8.2247,-2.7995,0.0085,7.4171,-3.3271,-2.3576,-7.8398,-6.1646,2.871,-4.5279,-3.761,-5.4188,-2.4533,0.719,5.5581,-4.4115,5.9766,5.4104,-5.7926,4.205,-9.3501,-0.357,-4.2585,5.6376,-9.4711,-8.2813,-0.7169,9.2684,0.9727,-4.733,8.5011,4.2614,2.1928,1.2003,9.2836,4.0756,2.8369,2.3004,-9.5886,-9.8223,4.9815,5.9974,8.2153,-0.4997,4.4178,-3.5424,3.7242,4.6753,-1.0199,-0.5302,-3.7255,8.5861,1.1872,-7.3643,3.6888,-3.589,2.7266,1.4046,-4.8381,-3.1549,6.8137,2.8683,0.0953,5.9761,0.471,6.1456,3.2266,-7.3813,1.5351,-1.1476,3.1572,-3.6127,0.3979,-1.6299,-5.0139,-1.4555,6.0295,3.5393,-1.0231,-9.8106,-1.2952,7.7488,-3.8251,-7.586,4.4819,-2.9847,-9.1239,-4.5571,-9.7813,7.5137,4.011,-5.2884,-1.7821,2.4976,5.0049,-1.8069,-4.8256,9.7655,-0.9971,-2.9328,9.6132,-2.5863,5.0691,-1.1157,-2.7317,-6.7735,1.4507,7.1823,-3.3419,-1.7575,-7.4733,6.442
-1.9862,-1.4077,8.1421,-4.6766,0.829,-0.2432,8.6186,9.606,-0.3009,-2.8491,-5.1504,8.2279,-8.0576,-1.374,4.3489,-5.5267,1.2892,-1.787,-8.6823,9.5081,4.0645,4.698,8.5579,-6.0143,-3.5646,2.7166,5.6234,3.1789,-2.3139,-3.5306,5.1956,-7.4113,5.8302,3.592,-0.0919,-4.0893,5.4373,-8.5542,-7.1773,-7.5401,9.8028,-2.4255,2.4377,-7.9962,-0.8104,-6.2124,-1.5875,9.4675,-0.9422,-3.2182,5.5516,-1.1261,2.8788,-1.8609,-3.9424,8.1153,9.0659,8.5828,-6.7182,-7.1151,-9.2886,-3.8679,2.7691,8.9676,1.7339,1.8388,-4.4177,0.9911,4.2783,8.1841,-3.9207,-1.8192,-6.5925,4.489,6.3659,9.1507,4.1052,0.6417,5.1417,-5.6879,-8.8075,6.2087,5.9001,1.998,-8.2955,2.8019,0.4534,8.9957,-1.2837,8.393,-9.2095,-3.0219,-9.0818,-7.4789,-9.9027,-7.6075,-6.9531,-5.0215,-7.8601,-8.3402,0.9693,-6.3825,1.8689,-1.8909,1.3019,-5.3617,6.9095,-5.7355,8.3273,-7.1866,-1.6528,8.6028,-5.7606,-1.1708,-3.1152,-9.2173,-1.6545,-1.061,-3.382,-2.9766,1.416,4.1009,9.6753,8.2005,9.655,4.0964,7.4648,9.5972,9.5269,-8.6584,8.5301,8.9634,-9.2763,9.7675,-5.2628,-3.6195,-7.8089,4.855,-5.9467,0.1246,-9.0734,-0.6439,2.5884,6.4719,-5.7292,-8.7255,-7.7994,-5.3867,-2.9413,0.2206,2.8076,-8.3142,2.8955,3.9195,-1.4117,-6.7864,2.8775,4.1056,2.2731,-2.59,-4.2941,7.8677,-8.6602,8.7084,-0.4991,7.4888,-2.3443,-0.5373,4.1906,-2.7421,-5.3007,6.0657,1.2243,7.1414,7.0797,8.6059,-1.2574,2.5366,9.9902,-0.1648,-1.8126,-1.3316,4.0274,4.2067,-5.9493,-9.0831,-1.2397,8.1778,-3.6857,-1.2081,8.7872,3.3651,-2.6115,-2.2641,-5.0909,1.3425,-1.0643,-9.7048,-7.6048,-8.9103
0.0193,0.9841,-8.1459,-6.9489,-4.8563,6.4785,6.8616,0.4594,4.6443,7.7878,-1.4781,-8.5007,6.7432,-4.1509,-6.8607,-1.8089,9.659,-2.964,-0.5139,5.0729,1.2031,-4.569,5.3644,3.0448,-9.1978,3.671,3.8084,0.4525,-1.0898,-9.2203,9.3277,-5.6096,2.3318,3.6924,-1.216,-2.2451,-7.8733,0.7449,-1.3124,0.7836,-9.1635,5.8305,-4.6405,2.7384,0.7851,-5.321,1.4487,-5.1094,8.2389,-3.2118,-9.7518,-5.5439,-2.7284,-0.9165,8.0393,-9.2624,-6.8723,4.3416,0.1029,9.8328,-1.8203,4.2874,1.9842,-3.5126,-0.4052,-8.1557,9.691,3.5974,1.5045,8.3298,-6.0204,5.7639,-2.5066,7.5158,7.4424,5.1061,6.1576,4.2556,-9.9914,-1.0276,-6.0373,5.4718,-3.0948,-0.5279,-3.3025,-0.8101,0.0854,4.9399,0.727,-9.3793,2.055,8.9429,-9.2591,-3.1379,-1.6835,-5.9099,6.3546,3.0998,-8.6209,-4.9105,6.171,-0.2664,9.3481,-1.7497,-6.9589,6.1353,-9.6797,-1.4171,-6.9212,-2.1924,2.1655,0.7881,7.7073,-1.0744,5.2313,1.3312,6.4718,7.8985,-2.0649,-4.7742,-6.2895,-8.4788,4.484,-3.1158,-2.5472,5.9985,-1.5432,5.8003,8.4592,1.4313,-8.9121,-9.3675,-2.5574,5.7738,-1.7042,0.0839,-9.0096,4.1038,-2.2663,-6.7869,5.755,-0.5578,-6.8511,-3.007,-9.1097,-8.7899,-3.2502,-0.9788,3.2056,6.369,-1.3915,3.359,-8.43,-5.0133,2.1017,7.1262,-5.9611,-1.183,-5.382,3.5759,-1.0621,1.6191,6.0918,3.3353,4.6316,-9.4105,-2.6738,-8.1444,-7.4046,-3.2676,-5.0923,-0.9052,1.0986,2.0674,-7.5826,-2.5843,-6.1303,-3.2876,1.8674,1.4214,-3.7718,-2.5504,4.0278,8.0339,5.8092,-7.584,-7.3389,-6.5203,-7.1158,-4.8012,0.684,9.4548,1.1764,6.3664,2.7028,1.3938,-9.5103,-3.9606,-5.5979,-9.3987
7.1545,-8.0372,-8.8403,5.6993,0.5643,6.2378,9.8718,-5.2423,-2.5748,-6.7936,-1.0693,-2.0857,-5.3033,-0.5239,4.6567,-6.2559,5.2251,-8.9551,-0.6693,1.6802,-8.7185,8.2228,-8.5934,-9.3087,4.2935,-9.2542,7.5535,-9.5877,5.0908,7.8306,-7.3596,7.5029,-6.1344,1.16,4.6721,1.7143,7.8401,8.0422,9.4147,-7.4853,-4.3562,-3.1626,2.43,-7.4234,-6.4192,-8.8877,-2.9094,-2.1633,-9.6064,3.8334,-9.7751,-8.9746,-5.7693,-3.0743,-9.7015,2.5406,2.8423,2.3168,9.371,3.2626,-7.1766,4.9359,-7.8725,4.9619,6.5903,-5.7494,7.3529,2.3772,5.1982,-0.0436,6.1933,2.8818,-4.3731,9.9445,-5.9862,-5.4029,-7.4704,0.4276,-0.7977,9.3775,1.3537,0.5459,2.9946,4.6159,-8.9071,8.4156,-1.6438,6.1994,-0.258,2.7044,5.1215,6.1672,-0.6321,0.0303,7.1168,4.5916,2.4485,-0.4536,-8.6357,5.7315,6.6672,8.256,-3.1431,8.9255,-3.163,3.3508,-8.8137,-2.8176,8.3031,-6.9288,6.8914,3.6565,-9.0581,-1.6784,8.2877,2.136,3.7188,-7.1793,8.1309,3.9201,4.143,-2.3681,2.8119,5.999,-4.0882,-2.3411,0.5805,-7.4053,-6.1202,3.4695,6.8037,3.0336,-2.0135,-5.6314,-4.2044,5.9832,9.7489,-0.8115,0.9855,3.9204,7.0827,7.1084,4.6058,-8.6766,-3.4122,-1.5237,-6.0896,0.7093,2.0737,-7.4566,6.3844,8.6118,-2.453,5.0048,-3.7589,2.4631,-4.8402,-3.7233,7.2143,-6.1076,3.0866,3.115,-3.5828,-5.1438,-8.0285,7.906,-6.4385,8.4266,-4.5787,3.0722,-1.9251,4.4256,8.6698,3.2562,5.7945,1.3428,-2.8165,2.4026,5.8044,0.6345,9.1325,5.0743,0.8487,-0.9876,-0.0881,-8.1459,0.2379,-9.3401,-0.2935,-7.5844,5.6364,5.7508,-5.5873,-2.223,-7.9468,7.0898,5.0101,-3.4772,2.1901,-3.7595
-1.8331,7.3852,-7.1936,-6.7961,-7.7443,-0.7618,-7.2475,-1.475,-9.8709,-8.723,-2.8929,6.9776,1.5628,-8.3079,8.9702,-5.8122,4.9544,8.3136,-8.2942,-7.4198,4.2167,-5.1331,1.2573,-3.1046,7.597,8.59,7.9133,-7.0891,-5.1113,8.9132,7.3448,-3.6988,-4.8586,-0.0027,4.201,-2.8673,2.439,-9.5091,-6.2008,7.7495,8.2271,-9.2465,9.3858,3.6464,-5.9943,4.052,5.2855,3.3497,-6.5302,-3.5349,7.7426,9.3417,-1.4715,2.9324,-6.5256,-3.8848,0.4719,8.263,4.9159,-0.8476,6.8819,-3.3337,-0.6538,-3.015,-2.5658,6.4857,8.6493,0.2436,7.0993,3.372,-9.3845,-0.3629,-0.7559,3.8058,-9.1409,-2.0305,9.8335,-8.096,9.8072,2.2755,-2.6078,7.2911,6.2484,-5.5649,-8.8796,9.6069,2.2831,-4.6452,-7.3311,0.6123,-9.4763,-2.9685,1.8248,-6.818,7.8657,8.0233,-7.8498,2.0217,-2.9773,6.9059,5.7267,2.6356,0.3204,3.5212,6.7852,-8.3776,7.5769,1.7855,9.1171,6.3644,6.0715,5.8003,1.9306,-4.2854,0.3824,-6.3239,3.0266,0.9365,1.3037,-7.4541,6.4385,9.4362,-5.5868,3.9022,-5.9885,9.7575,1.6706,-0.7198,9.9805,-3.0767,-7.5669,-4.0477,-1.5927,7.8505,1.8466,1.2499,3.8619,5.5115,0.8821,-2.935,-6.5197,5.0395,1.9681,-8.9244,9.742,0.0129,-9.6682,-8.4957,1.3171,1.3056,2.7756,-7.6815,-1.5175,5.2883,-3.3941,-6.5567,1.5529,-7.2752,-1.7248,-9.921,3.1669,7.7277,9.4201,-8.8964,-7.1602,-8.8114,-9.3982,3.1783,-5.2717,-0.2358,-4.605,2.6741,6.3238,2.8952,8.5717,7.3572,-2.5891,4.5956,-1.5059,7.9475,4.8743,3.3053,8.1516,5.1891,5.809,9.3321,6.2855,-3.9655,-5.0562,7.8114,6.1234,-5.8713,9.2059,-7.6162,7.194,-3.6553,1.6664,9.2409,0.9423,8.1839
-6.2814,4.478,1.0372,-1.35,8.4841,6.2725,-3.3767,-4.0398,-3.3172,2.584,3.2924,1.404,9.2183,3.3239,-1.6128,4.3774,-0.9808,0.1283,-9.3441,8.0705,0.5853,-7.4702,1.6565,0.0219,7.8261,4.0198,7.4242,4.9254,1.5045,-4.4637,-3.5852,-3.6946,0.6697,2.0197,8.9168,6.7823,9.0173,-2.5382,-7.2367,-5.8823,-2.4936,-0.2188,-2.2804,7.6098,5.2293,1.5184,-1.0832,8.3036,-2.4869,4.2768,5.404,5.7704,-3.0543,1.0135,4.7482,9.2625,2.132,2.3105,3.2304,9.626,-4.7124,4.4521,-3.3089,8.0978,-3.3731,-4.664,3.2783,-2.2638,-2.0054,-9.7407,-5.9427,-1.103,-2.9593,-9.7248,-1.9111,3.0176,-8.5773,5.9584,2.0314,5.2765,9.7057,3.2981,-0.2217,6.2965,-3.5982,-6.8982,3.1633,3.6141,-2.5437,-4.7284,-9.2569,-2.0241,-6.8593,8.838,-8.1219,-6.7941,4.1107,9.4975,8.8623,-2.2252,-5.7446,2.9689,-0.1034,6.5106,-5.7888,-1.3616,-2.324,4.6184,-9.3559,7.4623,-4.8243,5.7004,6.2778,-1.6778,4.9155,0.3439,-6.6996,-8.0811,-4.4804,-3.3573,-3.2687,-3.219,-2.6225,-7.7885,0.0417,-4.9585,5.6237,7.5144,-9.9063,0.2019,1.4097,-5.6647,-1.5977,6.5487,5.5657,-1.24,1.657,1.4327,-4.8919,-9.8864,4.6332,3.9571,1.7251,-8.5714,-7.3674,4.0345,6.5948,8.1074,4.8668,9.7966,-4.8925,-8.2595,7.9681,1.3037,-6.1823,-0.7019,-1.3098,1.1048,0.9978,8.1787,5.0397,-5.6454,7.8616,7.246,0.8874,-2.9953,-4.185,5.3998,1.2113,2.6022,-6.5281,-8.6547,8.5608,-5.9736,-1.3571,5.5906,5.7205,-9.6503,2.3029,6.5332,-8.5758,-8.8177,1.3924,7.9321,5.1518,-3.4671,3.5446,-2.3274,-2.4278,-7.5449,5.2158,3.0348,-5.5721,-2.2436,-4.2743,-2.5646,-4.9653,-7.3277,5.5809,-9.5358
7.6302,1.9137,-6.333,-9.7045,6.6834,-7.5011,-7.8682,7.0668,-8.9585,4.4108,9.2748,-5.7608,-6.8674,2.8422,-2.8821,8.681,-3.9918,-8.0812,-3.0748,-6.576,8.1471,0.3402,8.0246,-7.545,-7.7193,-8.2009,-1.0692,-1.1634,-8.6492,-6.9941,8.542,-5.1339,-4.2273,3.4742,2.2089,3.3545,-5.3584,0.333,-5.2658,1.2439,1.7651,-1.791,-8.6392,4.7996,4.8342,6.92,3.2576,2.7295,9.8173,-9.0325,9.4578,-0.5871,-9.912,-0.3957,6.878,-8.0014,5.922,2.2836,-8.6472,-8.9151,2.611,8.5988,9.8507,5.1746,-6.7794,8.2112,-3.1561,1.5968,4.2639,2.4489,6.9057,0.4403,6.526,-0.2156,-1.2182,2.4322,8.8781,6.3496,-8.1423,7.6754,-7.8372,5.9348,-3.9049,-0.9805,-5.8659,-3.2131,5.9044,-0.9975,1.1574,-2.8963,9.5814,-9.6099,1.6891,5.4578,0.6852,6.3015,1.5822,-9.2933,0.0066,5.3945,-8.9234,5.3114,-4.3365,6.4357,2.6488,-4.8481,4.1092,2.8083,-3.3732,5.4845,0.4719,-2.1001,-6.8888,-0.7931,1.8512,3.6742,-8.9507,9.0085,-0.7456,-1.851,6.7989,-7.137,-1.8315,-1.1281,-1.7777,-8.7572,6.2467,-3.6244,-7.9557,1.2472,3.4689,-9.2118,-8.5668,0.2861,-3.4646,7.6598,8.4538,-4.8716,2.6875,-7.2977,-6.1428,-2.8359,-6.1053,-3.504,-1.6726,6.9755,8.2411,5.2539,-8.6294,0.3548,2.8277,-6.9757,-5.0508,8.6967,1.9326,-9.8091,-3.1741,-8.2929,6.848,-6.2159,-1.6493,-8.7328,2.3779,7.2212,2.2623,4.6703,-3.3821,2.6717,-4.6869,-1.2345,-4.6919,7.9514,4.1935,8.5945,4.0449,-1.949,6.5511,-2.7309,0.4174,3.5454,9.2698,7.0477,-6.1055,-9.1206,3.0585,-6.0402,2.2355,-4.6488,6.5106,9.7666,4.8651,-7.5641,6.7498,8.5535,-8.2729,-3.6975,2.7404,1.3792,4.7563,-4.1315
8.7296,2.8463,3.4768,-6.02,0.0825,-9.5352,3.9928,0.241,8.4419,6.8114,9.5291,-0.9249,-5.3488,5.2147,-6.871,-6.9351,-3.6524,-5.504,-0.3661,-1.9072,3.7525,3.846,-6.5555,-9.3616,4.6663,8.0795,-2.5984,4.7012,3.2757,3.414,-0.5946,-1.6975,1.6659,-5.3127,7.7643,8.607,3.0593,-5.3825,-2.9418,7.2643,-1.4463,0.955,-2.2133,-2.0731,9.8872,-0.0506,-3.0068,5.8207,-2.5151,5.0591,8.7558,-7.2038,9.1284,5.0563,3.3547,-8.7115,9.8805,9.7974,8.1732,-6.7558,5.6428,3.0633,-2.076,-7.3218,-6.7907,-3.8947,-9.5939,7.0387,-9.958,-1.7166,9.0129,-0.5513,-8.0265,-8.4615,-3.6844,7.3532,4.8505,0.108,7.9725,-8.1583,-7.8719,2.7092,3.2224,-3.6768,8.9042,6.5823,-7.5069,3.2302,7.6337,7.0252,2.7713,4.1999,1.9782,-3.6993,6.0788,-5.7185,9.9411,7.8285,7.2385,5.5967,5.098,-3.8817,2.6818,6.5738,-0.0977,3.8865,-2.6319,6.8555,-7.3708,9.2813,2.198,-2.8166,8.4844,-4.1656,1.3081,7.2568,-6.4832,-6.7598,4.7646,-1.7076,0.4736,-7.4938,-9.5258,-1.4773,9.6646,5.8827,-6.8439,-3.8452,-0.0755,5.1266,-3.3114,5.7294,2.5423,-7.785,8.3328,-1.5992,-0.8875,-3.0335,3.966,5.2076,-3.6705,-7.6712,-4.3258,-2.2277,-9.673,-4.0746,-8.4855,6.5529,-7.5024,-0.213,-8.6106,-4.9267,-8.1399,3.6602,1.8048,3.8507,8.2583,-6.5924,2.4693,7.1266,0.4463,-5.5301,-3.8356,-9.8681,-4.2999,1.6255,0.9617,4.2019,-8.7599,3.6288,9.585,-1.2251,3.7549,-1.1238,-1.3758,8.3106,3.5958,-7.6421,4.2519,4.5903,-6.632,-2.5307,-4.2781,5.5962,-9.4577,-3.1778,5.4419,-8.6651,0.9002,-6.4573,6.9025,6.4734,2.0242,2.3179,8.7919,3.9728,-3.8164,1.5956,-3.1117,-1.3787
-2.1087,5.0904,7.5023,-2.217,-2.0524,7.6733,-5.156,-0.2024,-1.2218,-1.8215,-2.2313,3.7185,-5.5953,-0.8985,-8.2667,-6.7003,-0.0277,-1.6483,-1.3311,7.2432,-8.6503,8.1749,5.3603,1.2866,-8.0575,2.474,2.9725,0.6676,-8.6453,-5.3594,-8.7301,-5.5874,-8.6291,0.902,7.6668,8.5419,-5.8541,-6.7351,-5.3619,0.5778,3.7189,3.496,4.6663,-6.6818,6.2631,8.5638,9.6874,7.5249,3.9936,-8.6438,4.0958,0.4985,2.664,-3.1425,0.6098,-4.9595,-6.547,0.218,8.8397,9.9114,-5.2814,0.9273,-0.8107,2.5272,8.5478,-4.4533,8.1595,2.7269,-3.9224,5.3399,7.3357,-7.5475,-7.9362,5.8248,4.0825,-0.1537,-5.7899,4.1897,-8.6644,-8.5349,-3.7724,-3.6428,1.8322,1.7491,-2.4807,3.3806,-3.645,-4.0641,-6.8835,-8.2208,8.2613,-3.0762,8.4902,3.307,4.4434,0.6644,-5.1641,0.224,-6.302,-7.7845,5.8743,-1.4098,5.165,-5.2506,8.1829,1.0598,-8.4018,9.9733,-8.6787,-6.7541,-5.2777,8.9318,3.4779,-0.1575,4.0178,5.8887,1.1627,-9.7694,8.5873,-5.234,4.8869,-1.5315,-0.3005,8.8077,0.705,-8.3265,-7.939,2.2213,-9.0593,-5.6347,-6.247,-5.6382,4.658,5.9422,-8.8205,7.8296,-7.7258,-2.1627,-3.4713,-6.8269,-6.6353,-7.7501,-8.102,4.1317,-4.1432,3.0231,4.1211,-9.2414,7.3937,-2.2022,-9.2283,1.9371,5.0759,1.7873,0.9608,1.3602,-8.6496,-2.7293,0.0088,5.8071,3.61,2.0183,1.8923,-5.8728,3.718,6.9792,0.2083,4.4373,4.2461,-5.8517,-6.3387,5.7158,-4.1186,-9.232,-5.0356,7.2308,3.6024,-9.7273,-9.1837,-1.995,0.516,-0.6753,-0.7132,-1.0411,-1.5774,1.3358,0.162,7.4619,2.5652,4.7475,8.465,-0.2213,0.3785,5.3891,5.2522,0.0501,-5.5845,-9.3762,3.7415,-6.9162
4.7561,-0.1786,0.1527,6.5738,7.0695,-3.1553,-4.279,8.9416,4.2032,8.7345,3.4619,-4.5127,5.2334,8.0443,1.515,-1.7333,3.3129,6.8937,-0.0687,0.333,-1.5481,-5.3012,-1.5808,-8.3489,1.7481,9.1422,-2.2733,7.295,1.5716,-4.7864,7.0515,1.6313,-8.63,1.7667,-6.0235,2.0858,-5.4583,-7.7818,-9.5407,-9.7039,5.7634,-0.5359,-2.2211,-2.7771,6.7352,9.6208,2.8359,-5.4974,9.6042,7.4568,0.7267,-4.2019,7.8948,4.4513,7.5676,0.9551,-6.8358,-9.9752,-1.7095,4.4086,-9.6773,3.9531,7.3797,7.4437,-5.3237,0.0972,3.2619,6.9951,-7.7178,4.4943,-8.5225,-1.2976,2.0807,-7.0244,3.3854,-8.8539,5.8894,-3.6635,8.7368,-5.4245,4.5008,4.137,-7.6877,9.1681,7.9842,-3.75,-8.2986,2.5725,4.8865,-1.1699,0.1071,-3.8993,-6.7181,-2.1685,-9.8019,1.8451,7.5878,5.8878,-4.6227,7.2198,4.124,-5.921,-9.1407,6.3247,-2.3484,5.8452,-4.5166,4.3898,-5.013,-4.3701,4.7875,-3.0819,8.9431,-2.7643,0.4668,2.6456,3.28,2.9777,9.1821,-8.0788,-7.4845,-6.9186,-2.8847,-3.0549,-2.4011,4.0549,7.0426,-9.0041,-2.2668,-1.6629,-2.124,1.7188,-0.9305,1.2811,6.6333,-7.5749,6.3488,2.0524,1.727,7.3485,-4.062,7.5891,4.6614,2.8565,4.918,-6.7659,1.9137,-4.4461,-1.4987,5.9203,2.3615,-5.2617,-2.3314,5.8839,7.69,-7.6597,-0.9544,3.3232,4.7238,6.6309,5.9179,-3.6696,-2.6414,7.7469,-0.155,9.0944,6.8966,-4.1197,-9.2858,-6.5918,-9.9868,-1.5333,-4.2975,1.3421,7.4585,-9.061,-4.9273,-0.2643,-0.086,-3.5911,-9.2989,-9.1838,5.0398,2.3746,-7.2524,-4.2821,0.4482,2.9542,-5.6676,4.2573,-7.3229,-8.0964,-5.7097,7.7558,6.5526,-1.8719,-8.532,-5.8712,4.7523,3.9995
8.0019,-0.232,-6.9405,2.4995,-7.1896,-4.7546,9.5251,8.4942,-0.2551,1.3245,1.2843,-0.1283,-0.9668,8.7642,-2.9967,-5.5798,2.5787,-1.0706,-3.9891,1.6615,-5.3395,0.1329,3.1132,0.5175,3.8857,2.1216,-7.643,1.8717,-0.7367,-3.266,-2.6059,8.1801,4.2096,1.8727,-4.6861,3.279,9.8352,1.0608,8.113,9.8637,6.8114,-5.7417,7.6264,3.5297,1.6275,9.3536,5.5033,-7.5144,9.6886,9.1648,3.4012,7.9262,5.1401,5.8852,0.5817,-7.8529,-1.847,8.7069,-3.1485,4.9694,-4.3417,7.5528,3.286,7.1935,-7.1437,7.5004,-3.0745,3.8584,3.506,-8.6748,-0.5779,4.9341,3.8906,-8.4638,-1.0621,-0.1083,7.9094,-6.8455,2.5826,-8.1501,-7.1398,-2.8623,-6.5099,-4.2921,7.3133,-1.8791,1.0202,-0.0306,1.4704,-5.3097,2.3467,6.4157,-7.1154,9.8,0.2619,-5.1087,-9.8434,6.5616,-0.1217,-5.1848,-4.906,-7.2394,-8.1464,6.8139,-9.3579,-0.915,7.9308,-3.4824,9.7111,9.4813,-9.7672,-9.8367,9.4145,5.3264,0.9409,4.9682,-8.597,-7.2325,-2.039,-2.5322,0.6429,-5.1912,-9.9294,-8.8787,-3.6923,-1.4907,2.0836,-3.2228,-4.1496,2.6395,4.9049,3.6328,0.9347,-6.6721,4.1985,-0.2733,1.6834,5.88,0.2954,6.4256,5.6588,-5.3052,-6.3322,-2.1635,-1.9751,4.0359,-5.4848,1.518,-2.3929,6.8,-1.4888,-4.2795,5.7741,-7.5941,0.5014,6.3554,6.8467,1.3624,6.7999,-9.4452,9.3994,6.4683,-8.2755,-6.122,8.7773,-5.8018,-6.8802,5.4545,1.7552,-2.9398,8.7952,-0.8859,2.7758,-3.3346,6.0012,7.7881,4.2427,7.3226,7.0915,-0.8827,-6.7991,-3.9952,8.4782,5.5724,3.918,-9.3005,-5.2639,9.7333,-6.7813,8.5039,3.8912,-2.1455,-5.4816,7.8151,5.2716,-6.8705,-4.8897,-5.1552,-8.0959,-4.4031
1.4991,-4.0538,-8.4101,3.6498,6.6483,-1.5915,-4.3236,7.4437,9.5486,1.8305,4.2319,4.815,9.6053,-8.7279,-8.9307,4.2697,-0.1767,-9.9167,-7.9386,-1.9663,0.3365,-5.3765,-0.7658,9.6148,-5.56,1.1905,-4.4297,-1.1288,-6.0269,-0.2451,-0.5923,-8.9096,-0.639,9.2935,2.5774,-1.603,6.6889,-3.6907,-1.1077,-2.4003,-0.593,0.9187,5.1724,7.2759,2.517,-6.93,-0.7139,7.9124,-9.6492,2.0417,2.7562,6.7839,-6.3652,6.4056,8.2912,-8.9859,4.8086,-7.0343,8.4975,2.8618,8.3169,-6.3885,0.9686,-1.3504,-7.5393,4.2223,7.1442,-1.7185,0.362,-3.0245,-7.1542,-3.5961,7.534,-2.4762,-7.8355,9.6999,-9.1463,3.0041,-1.0603,2.8621,1.1761,4.9569,3.2589,4.7713,3.2218,0.6879,3.7502,-5.8181,2.6475,-3.0149,0.164,-5.0993,-2.9708,-4.928,3.0344,0.2049,-7.7391,-6.0809,3.1259,8.5891,6.6746,7.1413,-9.2511,-6.5023,-4.7219,0.924,9.8087,2.3135,9.2182,3.9752,1.8467,-2.9902,9.2972,-5.6548,7.1672,-5.4946,7.4168,8.8459,6.5215,9.5935,-4.6055,6.1176,-7.1724,0.5765,-6.6505,-8.8232,-5.7685,-7.4836,-7.0015,-6.7021,-4.5759,7.519,-9.7732,0.721,-6.7143,-4.5367,-9.6415,-2.8761,-1.0216,-1.8688,6.5789,-9.685,-8.9504,-7.4745,-2.4578,9.3851,2.9892,-5.1443,-4.1688,-7.3863,1.2884,-4.9871,-1.9662,9.1365,0.3477,3.7626,1.8791,-9.8792,0.4353,-1.3563,-9.1163,-7.9911,-3.512,1.6459,-6.2937,0.3486,3.6775,-6.1907,-4.4682,9.0675,2.6877,-0.9086,0.8425,8.7833,-6.632,-2.3323,7.1979,-1.1944,1.5093,5.1501,7.746,1.9259,-1.2885,-9.9868,-7.2296,-9.9346,-5.6868,8.5674,-7.8754,-7.2819,-3.3833,-0.6967,-6.5639,1.236,-1.1361,3.2939,-3.0362,1.0376,-6.2729,-1.8416
-0.3965,-4.9365,-7.2152,2.081,-5.6459,-5.916,0.4453,-6.1387,7.0634,9.176,-1.5297,-1.4121,0.1544,-9.9585,7.3122,-2.4583,-5.408,-9.4811,-7.7754,7.2153,3.5834,-0.8138,8.4643,5.4987,-1.765,0.377,-5.9183,9.2815,8.8416,0.084,4.3206,4.8705,9.4986,0.6171,1.9766,7.6236,4.2713,-5.69,6.3657,8.0932,9.0428,-1.7245,9.3049,3.4493,-3.0711,9.5708,8.6039,-9.7371,8.9984,-2.442,-3.9703,3.851,-7.1626,6.5503,-1.3823,-1.7982,-2.5857,-7.831,-0.7616,7.0391,-4.7515,3.7429,7.0234,4.4374,3.4534,3.3657,-2.6703,-1.9629,-6.0354,-0.3538,7.1808,-5.3562,-2.432,-0.249,8.5831,2.2597,-0.8619,-9.04,5.0015,7.5557,-3.4815,2.7702,-1.897,2.9082,3.8753,-3.618,1.7265,-0.1222,-6.0173,1.7538,-4.0365,2.2885,7.8108,1.0304,-5.245,6.724,6.5337,-0.7004,4.1598,-9.4918,4.8764,-5.2095,3.8802,6.9398,-6.4179,-8.4955,3.7497,8.3571,-6.4865,9.5338,-4.1442,-3.3334,-0.5489,-8.3925,-4.8436,-1.3771,-9.786,-4.853,9.9044,9.9371,-9.2636,1.398,-0.4417,-3.7754,5.3632,9.5844,7.7307,-5.738,-2.3324,4.6924,8.1057,6.0858,5.8234,-1.9987,-0.4355,-1.2212,6.1945,5.6557,-8.7163,3.9255,1.0791,9.7115,2.9284,-7.8926,8.3696,-9.0324,-8.752,-1.9152,7.4057,-1.0054,-8.4706,-0.6058,5.8107,0.4156,2.0264,5.4384,-8.4575,-4.3435,-0.9089,2.9167,4.826,8.0564,3.0627,1.7398,5.1306,9.9058,8.4188,-8.1316,1.3516,-5.6154,2.8244,3.3613,-9.4261,4.2139,-6.6407,3.0868,-3.7064,8.6183,8.3495,-8.4925,-5.548,-5.1209,-5.0559,9.5807,-7.8064,-7.2569,5.2566,4.666,-8.3124,0.0045,1.1664,5.9216,-4.9112,5.5191,1.63,-3.6241,2.9166,-3.8319,-9.8248,3.6868
-2.2429,4.8262,-8.9038,-3.6405,4.3622,-0.2762,6.5733,1.0762,7.0452,7.9337,2.3119,-7.2949,-9.3112,-7.8117,-5.8326,5.7616,-6.5095,8.7104,-3.0457,-4.6464,3.0602,-1.4324,-6.6549,2.4972,3.5439,1.8255,-6.4791,6.7338,7.608,-3.4751,3.2668,-4.1226,-1.9462,8.3076,0.6142,-5.3902,4.1922,-9.3566,-2.1305,-1.9131,-4.1123,-5.0358,-8.1059,-6.8449,-1.9145,-9.6035,0.6639,-8.68,-3.4005,-3.6712,-7.2053,9.9835,1.1473,0.4608,-2.9906,-5.9694,1.7878,-5.8981,2.1428,7.1956,-9.3833,-5.8369,9.8664,9.0424,-1.2551,3.215,-5.7535,-8.0752,-2.1993,-4.9151,8.99,0.8006,0.8552,-5.0542,-5.5902,0.7254,-7.4907,-8.4635,-2.4491,3.6255,-4.6324,-2.5873,-3.0025,-2.0066,-3.7599,-0.2986,0.3213,-2.3455,7.5703,4.2249,4.7713,-0.7422,2.9294,-7.099,-0.0992,1.5456,0.2095,-8.5398,-8.8723,0.9215,-2.8808,-7.2016,5.6856,0.4194,3.1212,7.7643,3.1238,7.0618,-1.2746,4.2717,5.83,-9.9476,-4.3,-5.4094,-9.5906,-7.2522,-5.9894,8.517,3.8045,1.0012,-4.3015,5.3696,9.3039,4.4934,4.6043,-6.4126,1.5859,-2.8726,-5.8418,1.2576,-9.9429,-5.9138,-3.3991,-9.3017,1.4672,1.9444,-3.614,-8.8158,-0.1221,-7.4798,1.9693,1.9283,5.201,-9.69,0.9962,-7.3931,0.5102,0.7133,8.3437,6.8429,2.555,-3.1474,1.9661,8.361,8.2237,6.3241,4.2112,-7.5514,-5.6589,-6.3316,-2.6936,-7.3742,8.9241,-2.1296,-6.6432,-1.4429,-5.9906,-5.4171,9.541,4.5558,5.3543,-7.7639,2.4285,0.4321,-1.2426,-9.032,-4.742,-3.5111,-6.5881,5.0985,-1.0851,-2.2065,4.7057,8.0029,-6.9026,-9.809,0.7014,-9.4585,5.1451,9.7145,4.8377,-4.2752,-2.5687,0.4537,6.3853,3.6147,-0.2963,-8.7882,9.4756,3.5243
7.757,1.914,-1.4314,-3.6665,-8.6108,-6.2804,-5.9781,0.2478,8.7937,4.589,6.0503,-7.939,7.4375,0.0113,7.1234,4.1967,-2.7539,-9.9706,2.8336,-9.1716,0.4638,6.6996,-6.8109,-7.2646,6.7172,-3.6129,2.205,-9.8001,8.7709,5.9059,-7.5249,6.4344,2.5827,7.6681,-0.452,5.6553,5.9215,-6.5055,-7.8356,-1.2701,-4.8829,5.1797,-6.76,3.0447,5.5387,0.7558,4.1263,7.2424,2.0456,7.7274,7.2059,-8.9052,6.4708,1.6344,-3.1917,7.6238,-2.0426,3.3908,3.0367,0.6377,-4.2078,1.8214,6.4892,-7.8846,-4.286,-8.4062,-9.5985,-2.8318,9.453,7.8298,7.5898,3.5611,1.046,1.7383,-0.4776,-7.8937,9.4355,-4.1128,9.7123,-3.5509,-5.8803,-8.3714,-4.5546,4.5059,7.6091,2.5102,-2.8287,-5.0682,-4.9613,-3.07,1.529,-8.4804,-0.0527,-4.0623,-9.0445,-2.2819,-0.3435,9.4708,7.7239,-5.9877,0.7006,2.3214,-5.0461,3.5405,0.9208,-9.4223,-2.4714,-4.8818,-2.7967,7.7408,3.1609,6.1813,-6.1736,-3.3812,3.8623,6.6147,-3.3891,-7.1955,-9.3922,3.2868,1.6527,1.7456,0.662,6.193,5.8966,-0.367,-4.9802,-0.7032,-1.3428,1.7358,-9.6293,5.2345,-5.3427,-6.2794,-1.5448,2.4465,2.1866,-2.6726,3.3822,1.3579,3.907,-6.962,9.811,-0.1597,-9.8124,-1.6479,0.6147,6.2367,0.0586,-0.5342,4.56,8.4782,-5.4655,1.8195,7.8585,-4.2143,6.8112,0.2684,-4.2634,-2.0105,0.1942,-4.1201,-2.2953,-5.6799,-7.0844,-3.4993,-7.4639,-4.2239,5.7982,4.8503,1.9513,-9.8908,-9.687,-1.8816,0.6926,2.6299,2.628,7.5526,-4.002,-7.8818,8.3736,-1.1639,1.0281,3.5222,-9.8269,4.5996,-8.9507,2.8659,9.2512,-1.0939,4.6532,-2.2546,4.3812,-8.1859,-1.0562,3.1089,0.6423,-5.6291,-6.8878,1.116
8.4208,4.7754,9.2733,-1.9109,-1.269,5.7049,7.7986,9.0709,-6.4146,-9.2678,1.7132,9.9002,-5.8043,-1.375,-9.6553,8.9175,-6.5029,-7.1702,8.9733,-9.9609,9.0639,-3.1614,8.8747,-8.8768,5.4391,7.4371,3.4226,0.5204,-3.5467,-5.4123,6.0117,4.6646,1.9057,8.4332,9.8503,6.7554,-3.1924,3.3126,-5.2374,-8.6955,1.752,-7.0338,0.9003,-3.9323,6.927,-5.1388,-3.6479,-0.6237,-3.1654,3.7565,-1.9421,-1.4435,-5.9872,3.7598,-0.1405,-1.8377,-8.0567,-0.7846,5.0553,-3.43,-5.0169,-8.216,-3.7583,0.9385,-9.0887,3.6773,4.3703,-8.8816,-3.5583,-0.9142,1.9273,8.2185,6.034,-9.0346,7.4348,-3.8866,-7.0714,-1.1897,3.5723,2.9347,-3.4611,0.0814,7.9072,4.4362,4.8616,2.2432,3.5607,8.3869,-7.8166,3.0199,9.8109,-3.3695,-6.3081,-0.1538,-8.7995,6.3026,-3.6867,5.7295,-8.6954,1.3304,-9.0758,8.6871,8.7355,8.9409,0.516,-9.5279,8.3678,-5.1013,-7.2633,-0.3433,2.416,-2.3644,-4.3599,-8.7155,-8.6792,-2.5727,7.0865,2.2868,6.3746,-6.2082,8.0023,-2.8056,0.5647,2.454,9.2978,4.9954,3.361,3.1203,8.8168,-0.1521,-7.034,5.0399,6.1823,-9.623,2.7179,2.3086,4.2685,-0.992,1.0155,8.3507,6.6602,8.221,-7.3538,-2.8957,-9.8714,1.7759,1.0931,-2.6728,6.7069,2.4618,8.414,8.7971,1.7895,2.1541,-6.9704,1.8512,-4.6643,-9.4701,8.0979,-1.2072,7.4003,-5.9736,-3.3454,-4.8267,2.8064,-4.598,1.0109,6.5082,-5.6977,-7.7597,-5.3398,-3.7076,-3.1657,3.1758,-6.1169,-5.2393,-9.1247,-8.866,3.4524,3.714,7.8038,-9.2526,-9.5797,1.1444,2.6605,-8.2634,-9.6076,-8.7797,-0.5201,-5.3663,-9.8935,-6.1413,-5.0833,8.9012,0.5098,-8.2071,8.7955,9.1304,-2.038,5.7804
9.4374,3.992,9.3418,9.758,6.5294,-9.8331,5.4146,-8.2374,-7.4238,6.8384,8.2467,7.1247,2.3222,-9.1437,1.5006,4.7095,2.0673,-0.8934,-1.1549,5.7843,-1.6722,1.8989,-2.0882,-9.6658,-0.0122,-3.7845,9.6171,8.2573,-0.5118,-7.7839,5.0609,-6.7637,-7.0238,-0.809,-5.9476,7.7278,3.6671,1.3525,5.5943,-1.204,-4.2641,-9.0771,-3.1892,0.6189,-8.5402,-2.1268,-5.7508,8.4123,-3.6689,-5.8577,1.5111,6.9038,-4.669,5.3569,-7.3398,-0.519,-5.1934,-9.2867,-1.55,-6.8451,-5.2035,7.9309,1.3903,3.7947,3.4879,7.4026,2.0731,-0.7547,-6.11,-0.8356,1.6454,4.9985,-8.891,9.8489,-7.5837,6.5532,2.3083,-8.8507,9.1086,-7.7864,1.0599,-5.5505,-3.2804,-9.505,-4.1499,-9.181,7.7858,9.487,-1.5654,9.9635,5.1668,-3.3549,3.4462,5.9664,-3.527,-3.2645,3.9675,-8.8292,-7.8599,9.144,-4.8325,9.0894,2.4385,-9.4704,3.7953,-0.2909,6.0729,-2.0716,-6.0092,8.5237,3.9388,0.476,-4.4368,-8.2466,-2.2029,4.2151,5.867,7.9315,-0.4881,-8.2746,3.7219,-9.4494,7.423,1.4645,-2.3493,-0.1897,-5.19,5.4552,-1.994,8.7114,-4.3045,-9.3659,4.3955,0.8009,5.6785,-9.4837,1.4372,0.5658,-3.4118,5.2315,-7.6967,0.0321,1.0,-2.1785,-6.6145,-8.6667,9.3502,-6.397,2.4836,2.7037,-1.8509,4.4011,-5.4293,9.1892,4.264,2.6146,9.5581,9.0738,6.9806,-8.7407,4.5752,3.4681,-5.9086,-2.5787,1.1232,8.6087,-4.188,9.6649,3.3915,5.1288,-2.8814,9.5088,4.3118,-9.3833,4.2106,-1.4996,-9.6212,9.6209,-7.7375,-4.4671,-7.9625,0.4344,-4.9757,-8.434,-3.6602,-4.1831,4.9647,-6.252,3.7907,-7.1779,2.2687,7.7345,-2.7231,-4.1672,-6.1715,3.282,-5.6898,-9.3857,-0.3563,-0.2653
-4.8242,-9.3181,-2.769,8.5314,1.0813,-5.8126,1.873,-0.5263,0.7219,-1.969,-0.8426,-3.3559,-8.5675,0.2492,-7.7508,-7.5516,-6.6705,5.828,1.4919,-2.804,0.442,-5.6735,9.8168,1.7827,6.317,0.9784,-6.0986,-0.4312,9.4228,5.9278,3.0578,-7.8661,-6.0102,0.5407,-8.8683,4.2498,4.7024,-9.072,-6.8239,-8.6374,8.9878,-0.3663,-0.7867,-4.6287,2.846,9.182,-6.6549,4.2144,-8.5626,-8.2443,-1.1908,2.4349,-8.6123,-6.17,-6.1132,-7.5795,3.0396,-2.0835,-9.9933,-0.9615,7.2617,7.7536,-8.8154,5.0235,5.625,5.6719,-6.8171,9.8006,2.1444,8.6593,-8.3195,2.1092,5.0895,-1.6358,7.2998,0.3471,3.7351,0.855,-8.8689,-3.8636,-7.5117,-5.139,0.7303,4.6217,9.9161,0.5717,-3.7476,7.1793,-5.9488,-2.7101,-8.2462,-9.122,-6.3413,-6.1492,2.5829,-3.1399,0.0872,5.6594,-6.1226,6.9973,-8.3937,5.5805,-7.1567,-7.3762,6.6502,2.7718,7.3635,8.7328,7.3143,3.8034,3.3812,0.6223,-1.2171,9.4663,-1.5776,0.2873,-8.4103,6.6918,2.6448,-2.0462,-4.4764,9.8492,7.3357,-2.0249,-4.7678,6.5407,0.6488,1.3671,-6.286,-9.6608,5.9163,3.8163,-3.0723,-5.1849,-1.5775,-4.3678,-1.4592,-6.8582,4.1234,-7.424,8.1529,-9.4826,-0.7107,-3.5183,5.3254,3.6507,-7.4269,-6.3272,-9.5453,4.2919,2.4076,7.6095,-8.4397,1.7919,4.934,2.7112,2.3803,-8.176,-3.8205,-3.1159,7.1109,-9.1395,-2.6539,7.7303,6.6762,-6.2183,0.8851,8.4966,3.0597,6.3621,-0.637,4.8045,-6.5302,2.9012,6.8399,-5.312,-4.8445,4.2848,7.8042,-0.8726,8.7293,-1.0776,-9.3469,1.463,7.8272,5.8705,0.7347,-0.5178,0.8404,9.1037,2.437,-8.3322,0.9557,9.965,6.5423,2.7978,6.8579,0.3961,-0.0156,7.2204
-1.3975,-3.3538,0.7019,-3.0108,-7.5988,1.6951,5.7111,-0.6052,2.367,-4.2273,9.168,3.8944,-4.6736,8.976,1.4356,-9.9737,-3.9575,-3.2555,9.6518,-8.1029,-5.3641,-8.0997,-9.9611,-1.9683,-3.2346,5.9594,3.6203,-3.4432,-7.8031,9.6911,6.0806,0.1,0.6644,5.0671,3.5979,-3.0773,7.8924,-5.452,2.7424,-3.3595,-9.6735,8.6686,0.869,-2.9686,-9.3577,-7.9191,-7.0579,-2.2893,3.6872,-0.8055,-6.7271,-8.524,-2.6512,-2.396,2.4847,-2.0925,-1.4382,9.0574,-9.0928,3.2092,-1.4575,-3.906,6.956,0.4878,4.765,-0.6888,6.918,-9.3008,-1.9178,-3.225,-6.8945,5.8422,4.2075,0.7578,8.8657,4.9981,0.9322,-1.554,-0.9173,-0.1758,-3.0502,-5.2474,-6.2636,-1.8779,0.6429,-3.297,0.3489,-6.49,1.7608,-8.6905,-8.7262,-9.7653,-8.7125,-1.6233,9.3154,-6.7362,-7.9764,-6.0831,-2.047,0.2538,2.7239,2.3539,4.0487,-8.5771,9.7558,8.9858,-4.1892,-5.4545,-9.3575,-1.074,-8.9802,6.7969,1.9154,-2.946,7.1269,6.9238,0.5887,-2.5923,-2.3196,8.1183,8.4907,-9.9633,-8.1459,-0.3815,4.8952,1.5973,3.033,-1.527,7.1075,-0.6292,-6.1239,-8.0024,8.4381,1.1531,7.3293,5.1137,-4.5439,6.1107,8.3288,2.3577,3.3114,7.4066,4.4522,-8.26,7.8636,-2.6028,9.5588,-1.0611,8.2382,-4.4405,-9.7464,-2.379,-9.8738,-4.5698,9.3829,2.655,4.4821,0.5211,7.5964,7.2807,-8.5536,0.3785,-6.1969,-0.4977,-3.8118,-7.6515,-7.8098,5.163,-8.5334,7.2025,-7.1452,-9.9586,-1.9715,4.5138,3.6593,-0.6836,9.5325,3.2861,-2.2602,-9.426,3.8017,-0.1957,-7.6823,-5.7843,-5.3625,-3.4358,6.0628,4.5865,-3.0676,1.9432,5.8548,-8.3973,9.5388,2.0622,3.6834,-0.0994,1.1013,-6.8638,-1.8796,0.1323
-5.5024,6.2499,8.0747,1.283,-4.0225,9.0811,9.9405,-8.7137,3.2383,-5.6327,6.3395,-0.0291,4.7219,-7.3313,-1.1299,7.1247,-8.1305,5.2674,-0.8973,8.9027,-0.0516,-1.0644,-1.4709,7.1703,1.3368,2.8264,-7.8771,9.5802,3.3204,5.4691,-1.7412,-5.5958,-4.8715,-4.6985,-9.9998,-9.7982,9.6274,0.0193,0.823,-0.8142,4.4848,4.5697,-4.3849,-1.5564,-7.4118,-5.0821,-1.154,0.4435,-2.4935,-6.2239,-8.1993,-6.812,-6.7873,1.3137,-5.1035,5.8645,0.4631,9.1621,2.9274,2.1924,9.3524,-8.157,5.2178,6.1604,2.7894,2.2909,2.6003,4.0647,-2.3807,1.4915,-5.1893,-9.3684,-8.2979,-0.8147,7.0133,-1.4318,4.4105,3.0113,-3.9889,-7.7824,-7.7788,-7.9131,4.2615,8.6823,2.0442,-5.5245,-2.119,7.2924,4.6569,6.8661,0.3295,-9.6518,-9.5156,-0.9049,-1.513,-3.5115,-0.1609,1.477,-3.2224,-9.5933,-8.9483,1.6709,-9.4111,9.9405,-2.3143,-1.7781,8.1413,1.2846,-1.5827,6.4388,-4.7683,3.4282,8.3283,-6.5475,1.2116,-4.2115,4.0925,3.7268,-6.0338,3.1463,-3.3367,-1.4838,2.5728,1.2891,-5.0226,0.3349,1.6685,-9.4589,1.885,8.7199,-8.1238,7.8043,1.943,5.6645,1.0366,-7.7303,5.8547,5.5369,-8.8212,6.3682,3.2318,-3.8975,9.3728,-7.9172,8.5384,-2.9828,-9.3513,7.5591,-0.4334,0.968,8.1308,5.0347,-5.7305,-5.0669,-2.3459,5.1807,-2.0318,1.9501,-9.7514,-2.932,4.8815,4.7551,6.8891,5.2016,3.3913,-3.8765,6.8742,-8.1518,9.0472,0.4175,-6.6686,9.0142,-7.4085,8.0664,-9.2415,-4.4421,4.4904,-6.1265,2.4255,-9.9397,-1.2209,0.663,-1.1315,-5.9512,-9.361,-6.0022,-6.7257,-5.7586,8.0159,-5.6333,-1.9681,2.3608,7.8457,0.3357,9.51,-1.093,-2.0942,8.685,-8.9315,6.3475
-0.0865,-3.9364,-8.5821,-3.4254,-9.8828,5.1444,0.3411,6.5846,-8.0325,-3.0901,5.9399,4.8015,-4.9421,5.5486,-8.7604,-1.5706,-1.138,7.6854,8.8168,9.3536,-8.3542,-2.6691,7.2323,-2.5073,-1.2214,5.3596,9.0331,-5.5566,-4.971,-3.743,0.3023,5.0803,-6.264,5.46,-1.6733,-5.6493,9.7722,1.276,-1.8967,5.1642,-9.0158,-1.9871,-3.7098,-7.937,8.4987,-2.2,0.499,-2.3249,1.798,-3.4845,6.7464,0.7577,-0.8815,5.0895,-3.6966,9.813,7.8788,0.8632,4.1491,-1.3522,4.2001,-5.877,-1.0649,-6.316,7.9073,-0.4782,-1.9512,-3.0321,0.0228,-2.1726,3.6055,5.2905,2.8697,0.1184,-1.6498,-4.1076,-5.8881,-0.9354,5.9679,9.9317,-1.8735,-2.9429,-7.9812,-8.4788,9.5906,4.6991,7.4433,9.5276,-8.271,7.8687,1.4022,-4.5602,-2.6592,2.3488,1.0404,-0.4779,-9.8146,-5.0413,1.6648,-7.5134,-5.4217,-6.73,-3.322,-9.9794,6.9785,7.8064,7.1536,8.6979,3.4647,-4.4964,-4.7875,-7.1167,8.2937,8.9678,1.2571,-0.5132,-9.5631,-2.0595,6.3638,4.1599,-2.2986,5.8339,2.6143,2.4427,-5.4564,-7.4455,7.9719,9.7516,3.8939,8.7465,-0.0548,-4.5407,-9.3143,-0.9952,9.5833,-7.3736,-4.1277,-8.4347,-5.738,-1.0171,9.6636,1.7179,2.476,-8.4759,-1.0773,-5.0841,4.6852,8.0622,1.6488,3.8156,8.1766,-9.411,-0.3375,8.3018,-6.7674,9.7312,3.1342,9.4468,6.3088,-3.2436,3.6426,-4.3144,-4.7266,-3.5729,4.407,-0.0749,9.1084,1.287,-0.0778,-5.3272,-0.6782,-8.348,7.1968,7.4144,-6.1775,-4.8468,0.8892,-4.1071,3.7147,0.3951,0.4359,-4.2601,6.8496,-0.5021,-9.1925,-0.5548,7.9721,8.032,-8.3798,5.9774,4.1778,-7.158,8.3107,-0.7826,-4.7736,-6.5729,0.133,7.7412,-1.1613,-1.1034
-6.7321,0.8491,9.6583,9.1662,6.9921,9.4181,-3.0518,-7.4118,8.3247,5.9862,-5.6687,-7.9743,5.4871,8.6701,2.2999,-6.9975,-8.6186,-2.1202,0.3638,-6.4442,-1.4015,1.4901,5.4797,-2.5579,-3.9043,6.4036,8.3627,-0.1043,9.1825,-1.8986,1.1641,-3.8485,3.8636,0.6776,-9.7528,-8.4562,-3.8337,2.9298,-5.2628,-3.3052,-8.6262,-0.3356,-4.7261,-4.6051,1.0141,-0.8129,-6.282,-3.18,-4.3003,-4.3054,2.5509,9.7024,-8.8861,-3.388,1.1119,-8.3211,7.9168,6.2407,-8.8305,5.6224,-2.5571,5.5541,8.8091,0.4892,5.6489,-9.4973,-6.6738,6.8256,-8.2171,-9.207,-5.2168,5.4459,-9.8723,4.0886,-1.3182,2.3039,6.2116,7.7146,-3.8811,-3.3404,9.3341,-5.619,1.309,8.2726,9.7785,1.2293,8.6198,-0.3647,6.0292,2.5988,-1.9751,9.6185,2.0428,4.2358,3.1437,-9.1547,-2.9791,-3.2609,-9.7344,0.1362,4.4763,7.6831,-2.253,-8.6414,1.1434,8.2946,1.582,7.0394,6.259,-6.7381,9.5164,-7.6837,-4.8131,-0.756,9.2148,-6.7046,2.634,-3.3977,9.6972,-4.4929,-6.494,5.3478,-7.2598,9.1047,6.5899,7.7471,4.234,5.0209,-6.1612,0.3763,-7.98,3.1363,7.8049,3.9173,-0.8978,-3.2793,-5.775,9.0017,3.4293,-2.4609,-6.6399,-3.924,-9.4615,8.8798,3.4529,-5.9621,0.4427,-7.8539,-4.9175,8.6163,7.8365,8.5337,-9.9198,3.0502,8.6312,-5.9715,-6.3297,-0.4698,-3.1147,8.5843,-6.4693,-1.1463,-0.5777,5.4615,-7.8268,6.9888,9.7421,-5.0938,-1.6054,-7.7033,1.4622,-3.7792,-6.4656,-9.4936,-3.4954,4.6555,9.0822,3.4985,2.8572,3.7268,-4.4608,5.4864,6.0952,-1.1832,9.2524,-8.5704,-2.9025,-8.5679,-2.0546,-8.8076,3.3878,7.3439,1.6251,8.9524,-6.9215,0.9891,2.8806,-5.7607,-2.0457,-7.563
-5.585,4.8423,-2.7489,-1.6883,5.4304,-7.5723,-4.9909,-1.3893,8.83,9.3991,4.9814,-0.7738,-4.9503,-0.2113,-1.68,-2.6114,5.6229,5.5583,8.3425,4.4941,7.9938,-4.242,-8.293,6.5008,-0.7179,-1.0853,-5.865,-1.4127,2.3627,-2.9781,-1.0417,4.3536,9.6399,6.7438,7.5948,5.7844,7.507,3.0011,-5.6088,-7.8219,4.9577,8.5974,-7.8511,7.7354,9.7452,-0.6277,-1.0427,-8.1796,-3.1257,5.657,-3.4049,-3.2724,2.1228,7.015,-1.0478,5.4494,-1.7928,-8.0563,8.2915,8.6207,-3.3987,-1.301,2.2795,-9.8313,-0.8117,0.8564,3.0626,7.9166,3.1239,7.1093,9.9936,1.9631,-3.8389,0.1335,6.8261,-4.5176,-7.5963,-7.2453,-8.1814,6.5643,-5.2933,-2.7293,9.5125,-3.0605,-7.9349,-2.2895,7.7158,3.1236,-3.2311,-3.6119,-9.5122,-2.8538,0.9174,9.97,-0.5523,-7.2381,-1.3623,2.4706,8.7729,-0.6083,6.3432,-4.4084,6.957,0.7681,3.6275,2.0381,2.8027,5.128,7.9779,-2.9318,-2.7389,2.2593,2.8855,0.0381,3.0577,3.206,-5.1449,2.3762,-0.8457,1.1493,8.1134,-8.5201,-2.3326,-0.1984,-2.6522,1.1828,-3.4409,7.3502,-2.7462,-0.2081,-5.8107,-4.5411,7.7968,-4.2904,1.0563,-0.8809,-0.9393,-0.0632,3.5133,0.541,-3.156,5.5284,2.6945,0.3887,5.7488,-8.7939,-3.5453,4.188,1.2301,0.5089,8.7322,-8.2479,-3.7835,-3.3825,7.8166,-6.6973,1.072,-2.456,5.4113,4.6186,-7.0948,4.1853,1.4911,-5.0938,0.9364,7.52,-9.8078,0.3658,5.4003,-1.1911,-3.5948,3.7886,-6.2303,7.7093,2.842,8.8753,0.5014,9.9334,-1.4996,-9.5812,5.6925,-2.416,-0.171,9.0154,4.5255,-7.4439,-8.9777,1.7831,-4.6772,-3.3285,-6.5539,-4.6556,-7.5892,4.9406,1.4607,5.6119,-6.1028,4.2824,-1.3468,-2.2295
4.1308,9.1417,8.2997,3.6348,2.0288,3.744,8.277,-0.7346,-6.7365,1.0335,3.9407,-2.4857,-8.6398,-0.5316,-1.0787,8.4187,-6.5613,9.1505,-0.861,-1.4585,4.1737,5.2547,-7.4229,-7.3242,8.7523,5.9022,-1.7282,7.1689,3.2674,4.1977,2.1648,1.2212,3.5448,8.2309,3.7628,-5.0405,4.9011,-2.9635,-6.9012,6.4566,-5.688,8.0855,0.1355,-7.6316,4.2768,6.2408,-2.9207,-8.015,-8.6129,-7.7803,4.5931,9.0493,7.0904,1.0715,-7.9391,-4.8332,7.6921,4.2598,9.9308,-5.5147,-2.3484,3.4913,-7.246,0.7757,-9.0683,2.5538,3.3932,6.3823,-0.2719,-5.5934,-3.4613,3.1618,-1.3456,-4.5023,-6.9499,-5.4154,-9.3665,-4.4003,-8.2144,-4.6841,-5.6136,5.9963,6.9191,-9.3969,3.7296,4.0869,-4.7116,-0.3369,-4.8361,8.1055,5.6229,-0.2,0.3202,9.9736,-4.3676,-9.2827,-2.1448,-4.4287,1.4397,6.0664,-3.3325,0.6579,-8.0975,8.7228,5.0662,5.0208,7.8213,1.4278,-2.3337,-8.6073,-1.2535,-8.9647,7.8911,-9.8556,-4.4783,-1.1783,-9.081,8.9646,-4.7549,3.9821,9.658,3.3933,-4.8639,1.1043,3.92,-2.039,-0.6656,-9.3682,-3.3949,7.7747,4.176,-4.3037,5.7416,-7.6538,5.8929,1.677,1.9545,4.9238,-1.2425,-7.6403,-5.2996,-3.1144,-9.7916,-9.9032,5.4531,-1.6762,-3.0792,4.8507,2.7144,-2.5609,-0.62,2.7624,-1.4946,6.2276,-2.5968,4.8077,1.1633,-8.8372,4.6238,-0.8997,3.0672,-4.5462,-5.213,-9.0188,-4.1598,6.9659,5.454,0.7417,-4.1598,8.5339,-8.0837,-8.1195,0.402,-7.7503,8.0634,-9.6997,-1.3098,6.588,6.8994,-2.9144,-4.2801,0.0522,8.9309,1.4624,-3.705,-3.6451,2.1006,0.2514,2.3948,2.488,-0.4897,1.519,-5.9366,-3.3077,-7.0421,-1.2062,9.2925,1.3528,-5.2381,-7.5763
6.833,-9.9818,-1.5619,7.8491,0.9258,5.6996,-8.622,-3.8692,7.6949,1.0718,4.0918,-0.9603,4.1336,4.0839,9.1843,9.8546,5.715,-2.2632,-5.2765,-6.788,-7.6495,-1.2348,-6.7047,9.7104,-4.0565,-1.0198,8.2634,-9.9692,-4.1547,0.494,-5.3223,7.6972,-9.8086,4.5069,4.7842,4.8391,-4.5477,9.4256,-4.3073,-0.0521,2.3191,8.5471,4.2621,1.2568,9.7259,3.993,6.7018,9.081,-1.4838,-8.0545,-9.0665,8.4892,1.6943,-4.8657,3.2528,-5.5541,8.4114,-5.3314,-3.0535,0.1698,0.8403,-6.708,-9.909,7.6294,-1.5745,-5.1472,6.2463,1.7418,4.1348,-8.4141,-2.6836,4.2182,6.4167,0.149,-9.5799,9.5091,-8.9735,0.215,1.3498,2.1399,-8.7695,-9.4583,-7.936,-4.9162,-0.2562,-4.3082,-4.9954,-5.4063,5.2023,1.4228,6.1287,4.1674,9.6506,-8.77,3.8965,4.3833,-9.6842,-9.5261,-7.8564,8.6405,-9.4336,3.0057,5.4131,-8.3424,3.7172,-7.8878,-1.1954,6.5867,-9.2725,6.8528,1.9151,-6.4573,-6.7882,2.2396,7.5822,-4.1415,3.8933,4.4001,7.7376,5.5636,6.7018,-9.6807,-3.8131,0.5282,9.3373,-1.3053,2.7345,-3.1215,-2.2054,-6.0602,8.0045,-2.8213,1.4373,-0.5312,4.395,-3.3135,7.0709,1.4372,-4.6856,-6.5865,-4.0444,-6.0948,6.9621,-1.6751,2.0237,2.7226,-9.4724,1.4014,7.1075,-1.6715,9.5208,-6.3587,-2.095,3.0598,-5.2535,3.2859,8.7913,0.1831,-8.3548,-2.0717,-7.2778,4.2407,-6.0369,-4.0785,-1.3449,-8.9526,2.2603,1.6631,-6.0203,3.4463,3.1925,3.9004,1.2563,-5.2288,8.2473,8.288,4.0575,-8.9226,-8.8977,1.2097,-4.569,-3.472,-3.8201,-9.1478,7.7312,-3.3442,-9.2297,-7.119,4.1715,8.8403,-9.9226,7.7465,-6.4447,5.9171,3.3742,-4.8016,0.8409,4.596,-5.5945,7.7702
-3.0924,1.7932,5.5201,2.1694,-7.7485,-8.6769,-0.6073,0.7768,5.7467,1.1059,4.5521,-4.256,-1.1704,2.3015,7.2612,5.3569,-8.4653,-9.7222,-3.5148,-0.8361,0.8254,5.4312,9.0182,6.0646,-2.2328,1.6568,2.1439,6.1074,7.885,0.1938,0.2456,5.9654,-5.2064,-7.562,9.8028,7.2727,0.9907,8.2389,-7.0822,1.1863,5.1793,7.7849,-8.3978,-4.5919,-3.4853,-2.6997,-4.3617,2.8732,4.8301,2.1634,3.8063,-1.8938,0.2046,2.1688,2.9196,0.8483,0.0101,-5.9487,-3.2615,4.8292,8.7372,-1.5406,5.5783,8.4574,-1.6355,5.9013,6.4776,2.8113,-3.0351,-3.9611,6.2219,-1.0217,4.7826,-2.3099,9.6355,2.6728,5.3164,-7.217,2.1666,-3.136,1.8974,-3.8201,1.0103,9.4082,-6.8232,0.2543,-0.4303,-8.9764,2.6826,1.7002,-6.332,-6.8238,-2.4943,-4.429,-9.3587,8.8975,-8.2653,-5.9473,-4.9651,-5.8554,-0.2122,-3.6745,-1.101,5.2376,7.531,-4.9641,2.4899,1.6018,-7.4506,9.2518,-0.0492,-7.0197,4.8501,7.5346,-0.2965,-5.389,9.2642,-5.7623,-6.388,9.0222,-5.5699,1.0742,-2.0067,5.3384,-1.0121,4.094,6.8936,-6.3391,-0.6985,5.4032,-6.4058,1.9266,-2.5144,-1.5395,-2.5604,-0.5831,6.0585,2.3551,2.2387,8.6962,-8.4849,0.0904,4.2167,-8.276,-0.9908,3.5251,0.5517,0.7079,-1.1345,-2.8315,-8.077,6.8158,5.1531,-5.6204,0.114,-6.6283,9.0552,-5.5447,2.9894,-5.8282,1.1347,0.453,-1.9642,-3.9792,-5.1111,-0.948,-3.9774,-5.9503,-3.374,5.4748,-6.738,7.5987,4.6537,2.4235,2.353,6.9822,-7.8601,-8.7458,-2.279,-0.9537,-8.5251,9.5267,-8.6968,-5.9089,1.6432,3.3446,0.2459,5.7053,0.4622,-7.2163,2.5319,9.6015,1.4982,-5.7397,-8.9906,-1.6861,-2.2258,1.7531,4.8261,-3.5735
-2.0242,8.6465,-7.5141,5.1248,-2.556,4.4393,-2.0599,9.4877,6.2261,-8.9677,-8.582,1.3512,-4.5849,-6.4212,-4.4448,2.0027,6.0493,0.1399,1.345,8.7711,7.7096,-2.1689,4.8689,-8.684,-9.4694,0.675,1.0074,-7.3831,-1.2824,-2.0396,-6.4301,-4.3363,1.3015,-6.0289,7.3075,-6.4531,8.0967,-5.0867,-7.5939,9.0765,4.0548,9.1792,-9.0074,-7.2754,5.1314,8.6322,6.8425,-1.7075,5.4618,-4.069,2.1719,-5.2977,-1.7243,-8.3517,-8.5557,-9.54,-8.9606,9.9399,1.0442,-8.597,1.4523,-9.7936,3.8072,7.2162,-1.5819,9.4658,5.7945,4.2198,-5.3802,-4.6145,0.4394,0.7599,-9.3907,4.3253,7.7937,4.2853,-6.5517,-4.6966,-0.3562,2.6079,-5.5861,9.0247,8.1224,3.1467,-6.958,6.1882,-3.8009,7.0105,7.8757,1.2673,1.7377,6.9339,0.917,-6.1777,-4.8175,-3.2938,-2.6214,0.9704,9.9087,5.3876,4.9133,1.7823,0.411,8.4332,-2.0816,6.2912,3.9746,-5.6564,-0.1496,7.3758,3.5745,6.6955,-7.6302,-3.2307,-4.2708,-6.5059,6.2573,-4.3588,7.3974,6.8269,1.3918,-8.5204,-9.6941,6.4889,-3.1621,-7.0138,-5.5372,-3.0374,0.3894,-8.2097,1.5742,0.7818,9.6987,-0.0066,-8.0348,9.7533,-7.6539,2.2023,6.7409,-9.7503,-4.1349,-9.797,-6.4002,8.7087,5.1412,-6.5487,-5.7181,-2.6825,-7.6707,8.3705,-3.5544,0.928,-1.1881,-3.0928,7.3274,3.8205,7.1605,4.7663,-2.1145,-6.7697,1.2586,4.0716,-1.7699,6.8299,-4.7252,4.1005,2.57,-5.01,4.5865,1.2748,-8.981,3.6664,2.529,0.4769,5.4945,4.2997,8.4492,0.2082,-9.3635,6.0858,3.0609,-2.6813,-5.3538,2.8938,-0.0242,-8.6859,-8.0546,-1.2901,4.5691,-5.5235,-7.5892,7.0037,-2.5255,-1.2507,8.4255,-3.9289,-1.8923,-4.7788,-8.7129,4.2589
2.3014,3.6646,-8.4813,-8.2749,6.4196,7.0286,0.1202,2.0456,-7.2746,0.1998,-8.6311,-2.8772,-1.7401,9.089,7.12,-8.9673,3.5399,6.5191,9.0151,-1.3692,7.3404,0.9405,7.8571,3.0837,-9.2083,-7.0346,-1.2107,7.4947,2.5907,1.6123,-9.224,-2.525,3.4563,0.4098,5.306,-2.6069,-7.3158,-0.2673,9.8053,-6.0458,-2.5271,-1.0136,0.8645,-8.9993,3.5273,-0.3789,8.5541,-5.0364,8.4967,-3.3838,-5.1481,1.2807,-6.2161,-9.3534,-9.4079,8.4753,-4.5212,-0.303,-3.0206,-3.2566,5.3022,9.1503,4.6285,-8.8223,-4.9637,3.2214,-3.2512,5.3558,-2.0067,6.9001,-5.1687,1.5036,-7.9656,-7.2064,-2.2086,7.1996,-5.7918,6.4507,-3.1685,2.6034,-0.657,-4.68,-0.9979,0.0039,6.5543,3.4113,5.6822,-3.3371,6.3358,3.7584,7.0701,6.6733,4.3281,8.8229,-2.5837,5.3824,-6.482,1.2617,-0.9363,3.1591,6.5218,-9.3986,1.14,-3.5343,6.1335,0.0501,4.1178,4.0828,-0.9208,-7.0937,-4.4537,-0.5366,-4.8413,7.6719,8.9863,1.6094,-0.9679,0.8919,-3.7608,9.5432,6.7621,-4.1704,-2.663,-0.1875,-6.6486,0.7706,-6.069,7.6719,9.5537,-9.2111,5.0639,7.1102,-1.1242,7.701,-0.9991,-0.8828,-7.8744,-5.3422,6.7444,5.4524,6.8127,-7.3985,-4.6589,1.8933,-3.8913,-9.62,-3.0342,-9.8248,-3.4643,-2.835,-5.1554,8.5723,-4.0095,1.3075,5.6505,-0.2333,3.8735,6.4855,-5.9915,-7.8591,-2.0647,-2.6639,0.7514,2.2121,-3.0158,3.5429,7.1851,8.3312,0.0723,-9.4155,-2.2275,-2.7621,9.1683,9.4692,-4.2762,1.8077,-4.195,-2.7192,7.0117,-0.8315,4.042,-7.0155,-5.4381,-1.9958,2.9037,1.2488,-4.4564,-3.4315,-4.8332,-8.7587,0.0983,-2.8244,9.3633,-2.0359,-7.1361,-5.413,-5.8937,3.9226,-4.0703,0.9977
0.502,3.7611,3.6415,-9.84,-1.4529,3.7638,6.7232,-8.3313,0.1819,-5.1489,9.5416,1.0102,7.5564,-5.8893,-2.7316,6.0832,0.8364,2.6124,-6.2634,-6.7075,-3.3721,8.127,-8.8532,9.9012,4.3743,1.9063,4.885,0.0693,-8.1432,5.4052,6.6374,-2.985,-2.5554,4.9539,9.451,8.9887,4.7979,-9.578,0.5609,3.2577,-5.1402,-6.3067,-2.0558,4.4259,5.995,5.7651,-2.058,7.4936,9.8185,-6.8456,5.3361,-6.9048,9.0815,-1.828,-9.6828,-0.391,-1.5373,2.2566,-5.4326,2.2263,9.6722,2.2895,-4.6572,-6.5447,-5.3358,3.6978,-2.1659,8.227,6.9259,7.1578,-4.5534,-9.9656,0.4881,-7.7485,-7.4459,-6.3393,9.0373,-6.4422,-6.1783,-3.7221,-0.8648,5.987,-6.8959,-2.853,0.8573,0.1959,-1.8499,-1.8516,1.9964,4.8554,-5.9311,-8.2666,5.8737,5.3316,1.0264,5.3534,9.3847,-6.1868,-9.7336,-0.1735,-0.3971,6.1398,-2.739,-6.9602,-1.7323,-9.1947,5.904,3.0694,-7.6242,-0.7371,5.1141,-5.509,3.5197,1.8952,8.3639,-6.9633,0.1814,7.5968,7.5107,2.5028,-5.6224,6.6123,5.1685,4.1436,-3.562,-7.029,-0.8381,9.2945,-9.6095,3.8106,-6.729,-9.8723,-0.3823,-7.79,9.4525,-5.2739,-0.1686,2.9286,1.4875,-1.925,5.9902,-2.6105,3.08,5.2842,4.2959,-2.8333,2.2317,-0.2438,-4.5684,-7.6962,-4.0336,2.9356,9.9087,-7.7985,-7.2268,2.3169,5.0692,9.9859,4.5361,-6.8309,0.1976,2.9381,3.0116,7.8729,-9.7182,5.9248,2.7644,-6.7902,0.6317,5.8158,-6.4503,1.474,8.1341,-0.2931,-8.2852,-3.0206,-8.6285,-8.6129,-3.2481,-6.7629,-7.8774,-0.1886,6.9613,-1.125,-2.2207,-6.3997,-6.0492,-6.6208,4.6225,5.8496,-9.1616,4.7055,0.4502,-4.7493,6.7704,9.663,0.5222,1.4524,-7.3247,-5.3249
-5.498,-8.9544,-7.0161,-2.8381,-8.3167,2.6443,5.7497,-8.3375,6.384,-4.66,-4.7747,-8.6448,-1.0959,1.8048,3.4155,2.0776,4.951,4.5766,-7.623,-3.1091,-5.9333,3.6803,5.1144,-6.7147,-2.8848,-6.2601,2.9721,-8.9713,-2.8838,4.7333,8.4247,-8.4862,-9.6265,8.5065,-1.9145,-2.2244,-7.4375,5.8252,-3.8399,-4.6472,1.9176,-9.8912,5.8397,4.9016,5.57,3.2351,0.3487,-4.1196,4.3664,2.9581,3.7312,3.6211,-5.1913,0.7336,-4.1451,2.4409,8.4097,0.3955,-5.5817,5.329,4.9932,-1.8215,-5.2334,-6.4683,-6.7246,2.0058,7.3519,-5.5091,-3.6309,3.9818,-7.6305,6.4921,7.6922,-3.5039,5.6087,-8.7948,-0.1738,-3.3608,-9.7704,7.6766,9.1027,-1.9048,0.2975,-2.9039,-3.0349,-4.4361,-3.3928,7.7484,1.6294,-3.2869,3.995,3.2168,9.4941,1.5695,-1.4867,-1.3869,-1.9261,-7.2478,-2.1984,-5.5695,0.9024,4.1706,-8.6892,-2.9941,5.872,1.3863,-1.1381,9.6524,-2.029,-9.405,2.6754,-3.2959,-0.9596,-3.0528,5.5673,-1.9609,-7.8358,1.3763,2.5528,3.7767,-5.2567,3.8984,-7.2696,-5.0064,-0.385,-6.4969,-6.5578,8.3475,-6.7189,-3.4979,-2.4653,-7.6469,-4.4715,9.0569,-3.0913,-6.3756,5.2682,5.5367,6.9305,2.6006,1.2774,5.3619,8.7049,-0.1816,8.7909,8.7681,-6.5643,-3.4319,8.8233,3.1074,1.9977,-1.0904,-6.6465,4.119,5.408,0.4119,-5.5529,4.8639,2.4486,-7.3711,-9.4868,-4.5524,-3.1738,-4.2674,1.4449,7.4821,9.159,2.8486,2.0604,3.5621,1.0815,0.4692,-5.858,6.7042,-2.3989,7.8604,-6.6735,9.1402,-8.9456,5.2199,-8.9336,-8.4365,2.2005,-0.6666,-9.6439,-3.1117,-6.411,4.6302,1.2084,-3.1361,0.0618,-2.5767,-8.4884,-0.0756,-0.5353,-6.3916,-7.799,4.5137,1.9939,2.9994
7.2528,3.8719,-9.2812,-0.6584,0.1532,9.4363,-6.5144,2.1361,3.1674,-0.9244,1.4629,-0.2848,7.0672,-5.267,8.3192,-0.4914,3.847,0.0331,5.2667,5.2002,5.2208,4.2082,-8.6953,-6.5754,-2.2321,9.2523,9.822,5.3361,1.8188,3.7189,6.2058,7.8388,-4.2103,-8.6893,-5.9448,9.2852,5.3222,7.0835,-5.6694,6.823,0.1082,-6.081,-3.8249,2.7973,9.429,4.443,-3.4421,-2.1425,-2.2084,3.5683,1.5685,-8.7692,-6.4753,3.8671,0.6126,3.7764,8.4937,6.4482,1.6227,-2.9514,-4.7874,-8.8732,-8.5464,9.5499,1.5102,6.8128,9.0575,7.445,-7.5087,-2.4167,-2.6404,-0.8188,3.0732,3.0797,3.2627,-7.6642,0.4997,3.0578,-9.5505,3.1302,0.9093,-0.9455,-5.2241,-8.1254,-2.7994,-1.5145,-2.1424,-3.3485,8.1702,-4.4122,-9.8071,1.6114,1.9386,-5.515,-4.0679,-7.4521,-4.234,8.5237,-5.7609,-3.9524,-3.6899,5.6179,8.8635,7.7258,-1.4259,7.5249,-7.4519,3.5865,6.6535,1.5451,2.0738,-0.2973,-6.1232,4.6658,0.7434,6.9632,-6.442,9.3405,-9.5366,9.2811,0.7106,-4.2515,-7.3011,-2.7309,3.0443,-1.6072,2.4871,-9.8394,4.7564,7.8289,0.0932,-4.1113,9.6485,-3.5688,-4.0504,-7.721,-3.2349,-6.0465,4.79,-4.1403,-2.2278,-1.3,-2.4942,-2.2417,-4.4939,9.6088,-5.8321,-1.4386,-7.1412,5.6487,7.0968,9.4631,8.9202,9.595,-0.3095,3.1581,0.1541,-4.4979,-0.7602,-9.9653,-7.6094,-7.3115,9.7053,-8.2394,6.7827,-2.2253,8.9353,-9.163,1.5817,2.0477,-0.5242,2.5289,1.3312,4.3418,7.6361,-5.5158,-0.5831,-6.2702,-1.6134,9.0541,-6.2887,1.3733,1.0544,8.3485,9.9474,-4.4195,-1.7552,3.4402,1.4422,-6.4269,-2.5431,3.9014,-0.8487,0.2502,-1.6999,-4.6034,-6.1346,3.0554,5.3506,2.4619
-7.2399,3.4728,6.2945,2.752,-6.1651,0.9284,0.7382,-9.8956,-7.9989,-4.405,-2.3123,-8.3692,-3.6079,-6.2911,4.4115,1.2893,-4.5505,7.6019,-0.4073,-2.2939,4.706,8.8798,-6.4053,8.7379,0.0814,4.773,-7.9618,-1.1144,0.8807,-2.5694,-1.0589,0.7178,3.0885,-6.7357,5.7198,6.5457,-6.2688,-7.4139,-8.9009,2.5785,1.8982,-7.4925,-3.7673,6.5615,5.2298,5.9483,9.07,-7.0379,1.6422,-9.1033,4.0326,0.9703,6.2552,-0.6597,-0.351,-3.6638,4.134,1.5692,-5.2029,3.2716,4.9625,-3.9339,8.5292,-9.2093,-6.0219,-4.6212,8.9476,-2.4578,8.7883,-5.8269,-7.9066,-6.5871,-7.8733,-3.6577,-5.2846,2.7823,-0.9775,-3.5623,-2.0373,-0.4863,1.5253,3.0621,-5.0079,9.4261,-5.5466,-6.3326,6.0911,-4.0442,5.222,-1.7181,6.2567,9.5321,-3.0611,-3.5283,1.7987,-7.547,6.711,-0.2916,-7.4498,3.977,2.9262,4.7941,-6.0586,7.3313,-0.713,-4.1045,-3.5511,6.9505,2.9162,9.6974,-3.5092,-7.6753,5.1203,-7.9528,-9.5279,-4.1488,4.6754,-3.4567,9.3853,7.433,8.6742,-7.1166,-1.836,-8.6761,-6.9707,-8.4038,9.5327,7.6655,-4.2957,-4.2975,9.1345,-2.3863,6.7679,7.7935,-1.0932,0.1373,-3.0936,-1.5807,3.8266,6.2586,-8.2239,6.3677,3.2137,-1.4666,8.8342,-8.1805,4.1886,-6.9693,9.2281,8.7187,-3.691,9.8682,-7.0519,-1.1296,4.5374,-9.1473,1.192,5.9505,0.3446,7.5522,1.8355,-4.9096,-2.3009,8.5454,-4.0628,9.3761,-9.8999,-0.9314,1.2759,-3.7942,2.4111,-9.9819,6.2405,2.8767,-2.2603,-5.3192,-3.4287,-4.0948,3.5938,3.9896,6.8526,-1.3769,6.5328,4.379,-4.7633,-5.9955,-6.7378,-4.1953,-5.4046,6.8585,5.18,-8.1075,9.9829,2.5304,6.0158,-4.7066,7.3456,1.2701,1.1523,-5.4113
5.4387,8.9514,4.9215,6.9576,2.1692,-5.7438,-8.9087,-2.6994,-2.1318,6.929,-0.8505,-7.282,7.4664,4.6821,-9.5095,-2.6181,-1.9414,0.9967,-3.5315,2.2643,4.8327,0.6884,4.4384,3.8912,5.6388,-5.3475,4.6421,-7.0476,-0.824,-4.3513,-7.7897,5.1799,-4.5525,-2.6917,5.6502,-0.1301,-8.4686,5.6059,-1.4129,-9.2926,-5.9574,2.8883,7.5811,-3.8686,-7.9923,8.0621,-8.5402,3.1405,-2.1869,-8.7134,-7.1765,-2.7758,-2.214,-8.5147,-2.6862,-2.3278,6.4328,-5.5383,-6.5102,-3.4278,0.5921,-4.4584,8.296,-8.5364,1.0847,-0.5422,-8.9749,1.2972,-2.4432,-7.9708,-4.0831,6.6643,2.1517,4.5599,5.3219,7.0725,-3.6122,3.9444,5.3517,-0.7222,7.3302,0.0721,-9.6648,-1.5528,3.3763,-0.5066,-5.0491,4.7345,-6.9835,-7.9784,5.4263,-1.2451,3.553,9.6551,-7.2043,3.5395,-4.9594,6.8578,8.4055,-0.021,6.1305,4.9292,9.1757,1.0249,9.6499,-9.5564,1.3579,-0.6297,9.0463,-7.9299,-5.7999,7.1777,6.8876,-6.6976,6.965,4.8159,-6.0994,9.9854,0.8982,8.9652,-1.0694,7.0497,4.9285,-8.0783,5.6349,-6.3508,-2.313,-4.6759,-6.7908,5.8882,1.3228,9.7663,7.2881,-8.5563,4.5584,4.8088,-6.6961,-4.8091,-4.5249,-7.0953,-6.1321,7.3551,1.751,-9.2818,7.2058,5.3994,4.0317,-2.1413,4.2085,3.6935,2.5211,-5.8481,0.5771,-9.7054,5.4173,9.2033,-7.4723,-1.6923,0.525,1.6253,-6.2503,-2.7914,-4.2997,-7.0851,-8.652,7.7624,-7.0599,5.0837,-6.2927,-6.8127,7.1645,3.454,3.5004,-0.6096,-4.9288,4.7841,2.0198,9.5674,-4.8043,-9.1007,-8.7505,-3.8061,-1.5391,-4.651,1.1867,2.3405,-4.9768,-9.7352,3.2049,4.3047,9.4713,-1.6088,5.9689,1.3555,3.4538,-1.7092,-3.5602,-2.1804,-5.0057,3.3842
-8.7625,9.1209,7.9453,4.5508,2.4898,9.8984,4.2578,-0.0436,2.349,6.3196,1.5221,-6.7117,6.3777,9.653,0.1322,7.5551,7.038,-2.3943,-6.3251,-2.1708,1.9515,-5.6345,-2.5779,3.4322,-7.1958,-4.7219,-7.5298,0.1464,3.0291,-3.6208,2.1236,2.9581,-4.4994,4.4491,-9.8103,3.4117,-7.0531,-0.2712,-8.2712,2.5634,3.2326,7.5936,3.3792,-0.3573,-0.4963,-0.9281,8.5774,1.5525,8.4675,9.1709,3.4084,6.217,9.0606,-7.9241,-0.6347,-7.9388,3.546,5.7345,7.6162,5.4289,5.9428,1.8064,0.8906,4.5185,-4.2838,-3.4524,8.8701,-0.1983,-7.5261,4.7047,-2.2008,-5.2239,-2.6187,-5.9175,-1.6668,-5.7191,4.1377,-2.3865,-5.5011,-8.4374,-0.1927,-6.9778,-1.6354,0.7471,1.1296,-9.0906,9.2702,-9.5997,5.0385,-6.4398,4.2321,-8.5294,5.7095,-7.9619,7.4868,6.4522,1.8855,4.4617,7.0296,-1.2315,-3.0123,1.6068,-0.1007,-5.5871,2.3652,-5.0186,1.7557,-6.7007,5.5764,0.168,4.7897,5.6676,-4.9442,8.8832,6.7948,-9.5585,-3.3275,-1.203,-7.1068,1.8153,2.4488,1.2335,-1.7852,-5.671,9.7462,-9.8943,-2.7735,6.414,-4.6596,5.1601,-4.886,6.1605,-3.4361,5.745,6.9737,2.1105,-5.0886,-1.2277,-5.5732,-8.5071,3.2238,-1.4745,7.114,-0.2938,7.4039,-8.7417,4.4453,2.2821,3.0387,-6.9464,7.7143,-1.2182,1.9284,5.6364,4.3302,1.4968,2.8102,1.3351,4.5728,6.0946,-7.5322,9.1096,5.8158,-4.9118,-6.1998,-5.8072,4.9142,2.0743,7.1339,-3.2649,1.9742,-9.3864,3.8399,-5.2558,4.2338,-1.6057,7.1737,-2.0239,1.7337,-5.9182,-2.6881,-5.8925,-6.0284,-8.2967,-1.6496,-3.8733,5.5116,5.9468,2.8286,-5.3569,7.6762,-8.5896,-0.0967,7.5388,-5.2061,-7.6434,3.4808,1.4935,7.6359,-4.0943
-8.3556,2.336,-0.2687,-1.933,-3.4181,1.1658,-4.111,-4.9556,4.9675,2.3201,-6.7679,1.2571,-2.3067,-7.7293,9.4257,-4.5343,7.8325,-4.8228,-8.7074,8.2021,6.9912,9.3512,-7.5367,6.8352,3.142,2.0287,-5.024,0.8405,8.7392,-5.222,-0.5168,-0.864,-7.5233,6.0454,-9.9365,1.1393,1.5009,9.5498,7.4124,4.4681,5.1599,-8.6492,6.7297,-2.0729,2.0842,9.9402,-6.3943,-6.335,-3.7123,-3.7962,-8.2981,-5.7017,9.2548,-5.4254,8.5062,4.1524,0.3071,8.1184,-0.1372,-3.1086,5.718,4.9455,0.6046,-7.9263,-5.2976,-6.9811,-8.1601,-4.222,7.9539,-9.6573,8.3843,-4.852,-6.1445,5.9991,0.2598,8.9929,2.1565,-9.3614,4.7791,5.2085,0.8085,1.794,-4.9034,4.3561,-1.9348,9.6524,1.4938,-7.4495,-8.018,-7.1785,-0.875,-4.3839,4.7773,3.5886,-4.8916,5.4492,4.894,-2.4085,-8.8073,2.993,3.0932,-6.156,1.9694,4.8215,3.4389,-6.316,-6.8766,6.7863,-8.2074,-8.1063,7.6979,-6.5901,-9.2603,-2.5853,-4.4248,6.5932,4.9281,2.9477,2.7505,-6.0704,8.6608,-7.4061,1.1465,-9.5842,-6.252,-3.9324,8.2461,6.1325,2.803,-3.8871,0.8063,3.3471,-5.5928,0.6767,0.8413,-8.2433,9.2829,-9.9224,-2.0453,1.9544,9.2239,5.1759,8.2062,-0.0504,6.3181,8.5849,2.1284,2.2671,-1.1903,3.7735,2.4383,1.3152,3.1659,-6.7928,9.1172,5.0923,2.2076,3.0351,4.4063,9.8926,-3.598,-5.6356,-0.4725,6.796,-0.5117,7.3306,3.0917,-4.5298,-5.9604,5.0527,7.5208,-0.5072,-3.3395,-1.6463,6.4538,0.4342,1.8447,5.4186,-1.7902,-9.7237,7.1585,9.8989,7.9884,-6.3218,2.0517,5.2455,-0.1505,-1.3662,8.8211,-3.0815,-3.6883,-4.3575,-8.2032,8.5161,-0.69,3.7389,7.1027,-6.7035,-6.9073,5.1998
3.9412,-4.3083,-9.4391,3.8146,0.7507,-0.0863,-7.5053,1.9796,2.8362,2.2488,-3.9971,6.742,3.345,6.2735,0.7288,-8.6978,-1.9008,1.9015,-1.3882,7.1855,-5.3951,-9.9156,-7.1436,1.8362,9.1809,-9.5625,-0.8902,-8.6059,-7.0927,-4.9324,2.8869,-8.9705,-7.3703,-5.3287,-0.3309,1.3411,-1.8363,-8.2861,7.3567,3.7447,4.5472,-6.188,-2.8652,3.0766,5.9608,8.0574,1.1645,-8.9211,-6.1842,1.8907,8.1234,-4.9018,-2.5685,2.3828,-7.9977,-1.4374,5.6722,-8.9699,8.3015,6.5553,2.9653,2.044,-2.7903,1.8921,4.6803,2.8047,4.273,9.8874,1.4376,9.4232,0.5692,-5.388,-0.3158,-6.3472,-4.0201,-3.131,3.7172,-8.1754,1.701,8.8642,5.543,0.9293,9.6053,8.7398,0.4184,-3.108,-4.3863,5.7337,-4.7483,0.1719,1.1806,8.7962,-1.1636,-0.7204,7.5029,-5.6404,4.5696,-8.2975,5.5563,-9.0238,9.1544,-8.7464,-4.4071,-4.1636,-2.7773,-0.9388,-7.7059,7.5336,5.5897,-6.2614,7.0293,1.0803,3.1024,-3.2083,1.9569,6.1374,-7.5093,-4.6287,-3.3809,-3.6271,-9.2997,-5.001,2.6647,-8.9512,-7.2301,9.3989,1.8738,0.5615,5.6342,-2.1805,-1.9633,9.2254,-8.3648,0.6171,-7.5972,5.8357,7.3867,-6.8249,-6.8719,3.6392,2.9654,-6.3763,-4.8381,-3.9268,1.6029,-0.8226,3.0074,-0.8075,-1.2432,-0.3169,7.8836,6.2031,-8.6417,-7.4886,4.1956,7.9882,0.5157,-4.2896,1.2705,0.67,8.6274,-7.581,7.7532,0.7412,-2.6371,1.598,-6.9208,-0.2883,-6.825,0.8814,-6.2316,-7.1177,-1.5026,5.8081,3.7382,-1.1069,-5.7139,-4.6136,5.0934,4.4582,-5.7686,6.7534,5.9692,0.022,3.7774,1.5894,8.999,-7.3624,-7.0816,3.119,6.6957,8.5611,6.2448,4.8041,8.1641,7.4255,7.9895,5.5189,6.6344,-6.2431
-0.9313,1.035,7.2384,4.677,-9.7922,2.8243,-8.2676,1.1801,-4.4479,7.5112,-1.3721,-9.0178,9.4973,5.4084,-6.3842,3.0719,7.1316,-0.4427,5.1488,-2.3746,-5.9629,3.5034,9.9994,8.325,-8.5172,-8.3964,-9.3553,9.4611,3.0669,5.9379,6.6864,-8.4897,9.7796,7.6429,2.0425,4.4902,-2.7123,-2.7704,7.5544,1.2661,-2.9952,3.7162,6.7535,-7.2303,-4.7099,-4.4213,7.1411,-0.0381,9.6236,-3.2213,-4.2397,1.1233,-2.3166,-7.1338,2.2582,-7.8213,-5.0226,3.1341,7.2799,-2.0067,7.0818,-1.5238,7.1232,-2.7692,8.9126,8.9518,-9.7316,-2.4531,-7.0303,-4.3001,-9.1096,9.4854,5.3059,-8.0284,1.6393,-6.0722,-9.8607,-2.1596,4.5733,-8.8023,-9.4906,-2.135,1.1399,-0.5972,4.4911,9.2078,-4.8201,8.4852,-0.8368,2.4478,-5.6447,-9.3079,0.6388,-4.1741,3.8158,-5.6092,-7.8274,-1.8204,1.6145,4.6793,1.3517,-0.1302,-7.3187,-8.045,2.6991,4.4647,-9.1361,-0.2536,1.3033,6.4018,-2.6513,2.1147,1.5754,5.8676,8.0462,-1.0226,-8.0325,8.8184,9.5947,-7.8119,3.71,6.0034,8.1854,3.4776,-4.0848,-5.6699,-6.3361,-3.3554,-1.4315,2.8383,-4.44,-9.7905,1.0487,5.6679,1.2339,-7.0737,7.8456,-8.575,7.5986,9.1392,-0.123,-3.759,-4.3826,-9.2595,-9.1586,-9.4508,4.0953,6.2107,9.3186,-7.5979,-7.5672,0.5744,1.6373,-6.7312,-4.3886,5.3324,-9.1157,-3.4034,-3.3584,-8.8809,-3.602,-2.4589,3.8808,-8.7415,-1.196,-4.2749,-1.8953,-4.4363,-7.7232,2.6774,4.352,-9.0457,-0.133,-4.2397,-7.6496,-5.1021,6.3367,3.3031,0.1032,-5.1277,-0.5517,9.4994,-6.1993,1.6954,1.801,-1.5646,-0.9595,4.6764,-2.6384,-6.173,-3.8646,-6.1374,1.5921,-6.9284,-8.7537,-0.9146,7.6183,-6.3969,0.3307,-7.7626
2.0091,-2.5732,-5.9308,-1.9785,0.989,7.0388,-3.0186,-3.7264,3.3644,-5.1947,-3.9804,-7.0224,9.7563,-6.4062,-2.1263,-1.3932,4.2698,9.7811,-1.3986,-7.6796,-2.8663,6.1532,-2.8878,-3.7213,7.945,-0.7691,2.7493,-4.7548,-2.2982,9.6349,2.611,1.5995,-6.2267,3.253,0.4594,2.8077,6.824,3.2188,1.7578,1.2174,6.4783,5.5774,7.7058,-1.495,-2.834,-2.2487,-4.8754,3.9538,7.7809,5.4162,2.3931,-3.3786,0.2632,3.5559,5.2438,-1.6183,9.0108,9.2088,-2.4439,-3.397,-0.873,-5.1848,-3.0807,2.3111,-4.8454,4.5713,-0.3371,4.1255,-1.7447,-0.1972,-7.7183,4.2837,2.8008,-8.8216,9.1211,5.6051,1.9787,4.3589,-1.9456,2.7428,-5.1756,-6.1326,6.2202,-7.9346,-3.9049,2.4409,-8.0144,3.3438,4.6349,-5.5546,2.1755,-4.5392,6.922,-7.5413,-4.7096,6.707,4.94,7.0164,0.3545,-2.506,-8.2943,9.9861,9.8708,4.0927,-2.1386,-4.3742,9.6489,3.784,-2.9195,5.1066,-0.0432,-7.7103,9.8748,-6.3146,4.4307,8.5065,-9.4207,6.2435,-2.1969,2.1277,9.2123,3.4507,-8.0576,1.0567,-1.2318,-5.39,0.96,-5.1784,-3.7392,9.1333,-0.273,-3.2449,-1.1601,-2.4237,-5.2911,-4.212,-5.0639,-7.6252,-1.0239,-3.3422,3.7815,-1.1189,-1.0116,-8.9644,0.632,-6.2989,1.4761,-7.1697,-9.4283,7.67,5.3725,4.9542,8.0138,-1.8757,4.3573,-7.4844,-6.6735,1.2091,-1.0085,-6.551,4.4892,3.0724,4.3817,-0.0567,5.675,-9.0188,4.3391,8.8694,-8.748,7.3765,9.3854,-8.161,2.1199,-9.3633,-8.8142,-7.9811,2.2005,7.0116,5.4457,-1.4001,-8.0219,-9.12,-3.7121,7.2265,6.6932,8.9921,9.9678,-5.7256,-9.3614,-2.707,-4.3006,-1.4171,-4.7827,8.6409,-8.7743,2.3435,7.3712,-7.0549,7.4011,-3.9217
-7.2012,5.7505,0.0803,-4.88,-2.8122,0.1127,-6.712,7.4276,-8.1429,-2.5302,7.9285,4.3284,1.278,4.4579,-2.9965,8.6266,1.3662,6.5492,2.6778,1.2018,-9.8297,9.3639,4.1393,-7.7373,-2.3511,6.9851,7.5167,-1.1065,-2.0224,7.1925,1.1036,-0.1861,-9.4072,7.2675,-8.4917,5.104,-8.9333,0.2268,-5.1619,-7.3394,-1.8473,-2.9463,-6.163,-8.3989,3.8991,0.5012,0.2875,2.1312,-0.4353,-8.8008,-1.794,-7.3536,-1.1124,2.3893,-2.4421,-9.1634,4.8621,-1.9957,7.6826,8.2282,4.182,8.233,-6.0498,-7.0318,-1.5208,5.9596,-2.4484,-9.2474,-9.1626,2.1608,4.6512,1.2161,-6.7013,-0.897,-1.1344,6.2943,2.2144,-0.0652,0.4575,1.2507,-7.73,-4.8904,-4.5128,-5.4413,1.2458,-2.9953,0.128,1.333,9.7709,9.7977,-6.3537,3.3973,-9.4279,3.068,-7.5625,9.666,-1.6753,-3.6545,-5.081,-3.9419,-4.7402,3.6126,-3.2927,9.8066,-0.0297,5.9607,-6.6325,-9.7288,0.1205,7.0739,5.5263,-5.6527,8.1055,-7.7948,-1.2038,-6.9025,-3.3431,-6.351,1.0331,-5.9814,-8.7928,9.5903,7.9294,8.3649,-6.276,8.8093,-4.0751,9.7052,9.1253,-4.9041,-4.076,-7.1986,5.7034,-5.5152,-1.2709,-2.9367,-1.8753,-7.5824,1.1161,-8.8356,-8.0777,-7.6126,-7.1429,6.3809,6.5186,-4.6624,-6.1593,6.7466,-5.0163,5.1613,8.223,8.0498,5.2027,-8.4644,1.9271,1.326,8.835,9.4395,4.7209,-0.4616,5.4313,-5.1508,-6.8753,-8.7883,7.9361,5.9218,2.083,8.179,-3.0799,5.2039,3.2342,-3.156,4.2138,-3.7237,-9.3976,-6.8195,4.6655,4.1377,-3.6553,5.1559,-9.0791,0.9547,-9.0106,6.8128,-6.7206,0.0241,-3.8362,-6.8405,6.6539,-5.2621,1.8498,4.1817,-5.6373,-9.2685,-9.3801,-4.6566,1.872,2.0468,-5.8437,-2.6074
-0.7715,-2.0992,7.2233,6.959,-5.3541,1.9572,-4.6246,-8.9983,-5.9225,2.1632,-4.6439,-3.2792,0.4642,-1.2879,-7.5161,-0.1099,-7.8305,0.0597,-8.0469,5.9338,-3.318,9.9749,2.4897,7.6831,-0.4997,-5.1471,-6.1924,-3.6089,8.9868,5.2402,1.2429,0.4755,-1.0911,6.0463,9.6215,-1.8013,-1.3891,-2.5418,3.0063,0.1554,9.9628,6.4517,0.7571,-6.0831,-3.1986,-9.9291,-6.9255,0.9223,-7.9465,9.5008,4.7763,-2.586,8.8813,6.4207,-4.8722,3.5079,4.4893,7.8395,-1.0054,-3.0222,-5.2269,-9.158,3.5288,9.1769,-7.912,-0.4983,-1.2977,2.0702,4.0528,-1.0673,-4.8368,-5.0765,8.1613,-3.3132,-2.7517,-1.7806,2.0674,2.2822,-4.3584,0.8116,2.8158,-1.0128,1.5344,-0.5658,-9.0097,1.3138,-6.4811,-7.0672,-7.5991,3.3653,7.7043,-1.715,3.5033,2.4437,3.5274,8.2837,-4.9483,3.1661,9.6124,5.994,9.438,6.9614,5.6147,3.5833,0.1797,0.0516,4.4501,4.4258,-8.695,9.4241,4.8639,0.4795,6.9289,3.8471,9.6962,-3.5953,-9.3782,-8.7968,9.0533,-9.3255,-5.1393,-3.87,-2.2045,-4.9199,4.5352,-5.3416,1.4153,1.6964,2.2943,3.4461,3.2637,-1.731,-9.6131,-6.5577,-4.733,-6.3029,-2.5448,2.1766,-7.6497,-5.8973,0.8099,-2.5983,-5.8175,-2.0354,-2.0655,0.7008,-7.5113,9.5939,7.3827,-6.7567,-6.4262,2.381,-6.3047,9.676,2.7429,5.226,-8.7291,0.5869,-1.9978,3.849,-7.2046,5.7632,-9.5364,-3.7341,7.4276,8.6994,-8.5188,3.9358,-7.5803,-1.7958,-2.4573,6.8142,9.9543,2.8766,-6.3277,5.5313,3.6985,3.146,4.3787,1.9266,7.2393,-4.2177,-8.5451,9.3827,3.0747,-9.8143,0.6855,-1.4021,9.6529,1.8693,-8.0626,-4.8738,-1.4371,-8.3989,-8.7791,-3.6936,7.4607,-2.6057,-5.9069,7.566
-1.5636,0.4517,6.1202,1.1541,-4.1862,3.8932,-4.0864,-3.46,-2.6984,4.2234,3.838,5.2603,2.9452,-1.3278,7.4575,4.1596,-1.4292,-6.0937,5.1208,-6.1134,-1.5626,4.3107,9.7171,-1.4664,-2.0951,1.2888,-8.4813,1.1192,9.0125,9.6095,0.5082,5.9711,-6.6148,-3.0077,-0.9613,0.2736,6.2398,-9.1976,-8.5385,5.9873,5.1703,-6.2911,-6.8983,3.0898,1.0435,0.1057,-5.1636,2.6389,0.6873,6.4928,-4.1501,5.9081,-0.234,-7.1757,-0.7664,-6.1347,-1.5254,2.9419,-6.2512,-0.6249,1.1736,5.0446,1.505,9.4415,-1.7943,-6.3814,-2.7046,-7.3611,-8.7773,-8.6571,-8.2873,7.6428,2.1047,-9.2018,-5.5036,2.1244,3.222,3.7142,-0.4736,2.2719,2.5529,0.9702,4.6866,8.0388,-7.8366,6.3997,-9.1658,3.9377,-1.6527,-3.3297,3.1656,3.3418,6.2866,-8.546,7.6231,-4.388,6.2679,-4.4556,-0.1767,8.3868,-8.6896,4.1865,-3.9055,-6.3316,9.6665,0.3591,-8.895,1.3224,-6.0566,-0.9905,-6.6134,2.9388,4.783,1.3755,-0.8871,-7.5311,-3.4594,-1.879,8.5285,-9.0768,-0.1856,-7.3967,-2.9507,2.3082,6.9649,-8.875,-2.74,3.6588,0.886,-9.605,5.8294,-7.5905,2.3926,9.002,8.7772,3.7622,3.5815,-3.7771,6.9081,-9.2901,6.8424,-7.0673,2.3163,-6.8024,-4.2946,-4.8855,8.2786,4.4469,-4.6687,7.5568,6.0506,-5.5678,3.7612,8.0791,1.2674,0.1599,0.7503,-4.74,5.8655,6.5822,-3.571,-9.6416,-4.9874,-5.1217,-8.5466,-1.8781,6.1619,-6.844,9.9532,-6.0719,1.2607,1.6257,0.2549,4.2577,-2.2065,-6.0536,-9.634,-5.661,-8.0488,-9.0811,-5.441,-7.0334,0.848,-8.9029,4.5037,-0.5567,-6.8832,-1.4767,-2.354,2.5917,8.7953,-6.8892,1.0075,-6.2581,3.2392,-7.4691,-8.8492,1.4199,7.4678,-7.4784
-5.3632,-9.4247,5.2612,-5.4726,-6.0175,8.8639,-9.8994,-2.1736,-3.2755,2.7077,-1.5786,8.706,9.4258,2.1858,2.8384,-1.2968,-3.381,7.465,-9.821,6.7376,9.7892,2.0675,0.5174,-3.3154,-0.6922,0.4395,7.5975,-6.4198,-2.1207,-8.2049,-6.258,3.3207,1.8187,7.968,7.5094,-7.4542,-8.7832,3.5691,0.6533,-9.0715,0.9065,-1.4542,3.2652,-2.9903,-5.77,-6.0344,-9.7178,-2.3105,-0.716,0.081,-1.9513,-5.0912,-4.901,8.2377,3.0218,-9.8315,5.8348,-5.9463,5.0619,5.8301,-6.6388,1.9167,3.1155,-0.0226,9.6539,-1.9498,-8.6935,7.9166,-1.6163,9.2386,-4.3242,3.6816,-9.7159,-2.8603,-8.9283,7.8792,-3.8633,5.3642,-5.3828,6.0302,6.4352,-1.5923,8.0869,7.2211,-1.9867,-8.7174,6.8095,0.6672,1.7079,-8.4493,8.0816,-2.2212,6.9987,-9.8435,-7.2491,5.0667,9.2713,1.846,-8.6104,9.6624,-0.0043,-9.889,4.1109,7.3856,9.1909,-8.4437,6.1146,2.3733,-3.5788,8.6055,1.9654,-4.0257,9.1107,-7.0845,5.4394,-7.1269,-0.6897,-1.5515,5.3988,3.7529,-1.8952,8.7035,6.9003,6.4956,-7.9938,0.4613,7.3161,-6.3813,-5.5382,9.7651,-9.5259,-3.849,8.6205,-7.2109,-9.4497,-3.5206,-9.7157,1.831,-9.2313,-8.705,-1.9477,6.9481,8.7947,-3.7298,3.3717,-3.8919,7.8736,-8.5159,-4.4514,-8.4013,4.1366,3.7213,-5.6027,0.2428,-3.6947,8.8716,-2.3342,-9.6943,-6.4532,-3.9682,-7.5865,1.2147,-1.8612,-4.9825,-5.5247,9.297,2.2097,-7.1226,1.4698,-4.4731,8.1572,-2.2969,1.3155,-1.3667,9.2501,2.7591,9.885,-0.4558,-9.51,7.699,-9.4604,-0.4311,-5.5972,-9.3831,5.5023,-8.2181,7.6041,0.4767,-7.1006,0.8443,1.4174,-7.999,4.4819,-1.202,3.1054,-3.9969,4.3386,-6.3534,3.1273,7.6017
6.8399,-0.8887,2.2935,-7.6338,-5.4291,4.7731,9.5687,7.7859,-7.7846,2.7396,9.0787,3.6859,-5.6447,-0.933,-3.4756,-0.3365,2.1426,3.395,-9.5267,0.1812,-4.1727,-1.0198,4.55,-0.4653,4.2219,-3.3085,9.5079,8.7617,-5.6607,-2.8523,1.2447,-7.1764,-1.5625,5.1654,-0.0396,-9.6239,-9.1443,4.0022,-5.9806,3.673,-2.1282,-6.1638,7.9124,2.9251,2.0037,0.1918,-8.9333,-2.4648,-1.7179,4.7939,4.3352,-2.9616,-1.8635,3.0232,-2.0573,7.057,-3.3666,-5.2044,4.1614,9.0246,-1.6604,-9.0977,-5.0047,2.2791,-1.8867,-2.085,9.7073,3.789,9.0156,-1.0406,3.946,-6.4497,2.0933,9.3784,-0.5177,9.1234,3.647,2.2095,-1.6573,9.6795,-1.0314,-2.2761,0.1409,-9.1457,-2.2425,-3.8898,-4.1838,0.3225,-0.6879,-0.1456,-7.2529,1.0869,-8.76,7.8536,9.5959,-1.9315,3.1246,4.1587,-6.9313,8.8724,-1.4061,-3.3978,7.7675,-3.4334,5.2008,0.1007,-1.003,4.4467,-9.0341,-2.8841,6.1281,4.1784,-3.406,-2.0295,-6.0549,2.2036,8.8493,-6.0653,9.4685,1.6057,-8.8731,9.024,9.4146,8.3418,-4.6604,1.1527,-8.7242,-4.0831,1.7761,5.0436,0.7941,3.5284,-8.7769,7.2697,-3.8151,-7.1311,9.7895,4.9498,-9.9082,3.5856,3.1344,-5.0501,6.0408,2.0375,1.2986,3.0986,-0.8733,-6.4805,-9.6692,-0.4312,4.4503,-9.3388,-6.4067,-7.0713,-9.1152,-8.7928,-3.0934,-8.2171,-8.8505,-1.4422,-1.2171,7.4154,3.6263,8.3872,6.4373,-1.1309,-9.33,-2.3302,2.7943,-9.1388,-6.9584,-4.0618,-8.5471,-2.8873,1.5896,9.8552,-8.9662,4.4635,6.9686,6.6055,-1.5254,5.6119,-5.752,4.7041,9.1022,-8.7095,7.7944,-3.9329,-5.4698,7.1493,1.4379,8.503,0.5465,-9.5964,-1.4707,2.9123,9.889,-8.2866,-7.3599,4.5905
6.8836,7.8361,-8.4186,5.8831,-2.9202,0.1365,-2.66,2.5094,7.4056,-1.7331,7.6198,-7.4024,-7.0726,0.4955,-4.5752,-6.5415,-4.891,-2.0894,0.036,-2.5916,-7.4797,-0.9779,0.4764,-2.2659,-1.9096,-7.3096,6.0631,-0.3881,6.1437,9.2919,2.9803,-4.6952,-2.0399,1.5019,2.2123,-3.3205,-3.3011,5.0327,-8.3289,9.8111,1.5095,2.3016,-8.1867,6.7865,9.9638,7.5,-6.0831,-8.5479,-8.6367,-2.4332,-2.9889,-3.7834,8.4012,8.5989,4.8157,7.6135,-0.6609,0.8693,4.9624,5.4125,-7.3535,-8.5446,7.16,-7.6477,-4.5139,4.7659,-7.0994,-3.4985,-6.9693,-6.6978,4.4793,-5.5299,6.685,1.1548,0.5238,-5.8648,0.22,0.2163,-1.5501,2.547,-9.3842,-9.1614,8.4976,-4.9442,1.7997,-5.3301,-4.685,-0.3415,-7.1098,9.4562,-4.4727,8.8811,-0.1482,6.5236,-2.7551,-1.7931,-8.34,8.9585,-4.7347,0.3025,-0.0794,-4.0228,2.4495,3.1825,0.2875,9.2565,4.2476,-9.951,-8.4614,-8.01,-6.3571,-1.9871,-4.2707,4.775,4.8793,8.9405,8.2896,3.3585,-4.381,2.956,-3.9797,1.3111,-9.2295,9.7325,5.8238,-4.4359,6.9164,1.3285,7.7469,0.2999,-8.3325,6.8901,7.6585,2.796,9.2027,3.7301,4.054,-0.6931,3.742,-7.756,9.5963,6.4862,-2.0932,-5.0021,9.9963,-4.504,7.4229,-1.9572,-3.1381,9.2136,-3.989,-3.1885,-2.7131,2.4775,5.3832,-4.3919,3.1017,7.0352,-2.1637,-1.1941,-9.7566,-9.8971,9.0832,-5.109,6.0577,3.3685,-5.1828,-3.2591,2.1709,1.5332,-7.9347,-1.6503,3.3959,-6.2358,-1.587,-4.5188,-0.2105,-0.9096,-4.5435,-3.618,-6.9973,8.7753,7.7116,6.938,6.7634,-3.3691,-6.4689,7.378,6.4636,1.8515,4.4536,9.5421,-0.2492,4.89,-3.7491,8.7056,8.9029,-8.3831,8.7854,-5.9352
9.094,0.4608,-0.7637,1.4533,-2.2766,9.4295,-1.9397,9.6347,0.8793,-0.3487,-4.7811,-9.0671,3.2831,1.8714,9.5159,2.9289,7.5329,6.6174,8.0281,-9.1387,-9.6998,-4.0008,-1.0987,3.1506,7.6886,-2.1281,5.4452,-5.7886,9.3773,4.9612,-0.6233,0.2734,-4.1057,-1.5442,9.5134,-8.4116,-0.4241,-3.5323,-5.1649,-8.4324,-6.3168,-6.4501,-2.289,-9.5832,-5.4826,-4.2028,-6.3949,-8.5664,2.3529,3.109,9.0283,4.7655,-1.4838,-8.5309,-2.5015,7.5386,8.0812,-3.9625,-8.2603,7.3307,-5.8353,-2.9816,-0.7386,7.6567,-0.1417,-4.293,9.21,-1.0647,8.9709,-5.8664,-7.2793,4.2014,-8.9548,9.1977,7.7398,-7.2177,0.0415,6.4333,6.5955,6.9285,-4.7041,6.0346,4.9816,1.977,-6.0812,6.0449,-2.2767,-9.3467,2.0047,-6.9061,9.5307,3.022,3.6566,8.2237,-2.6874,-4.1366,4.1254,6.2926,1.0625,-2.699,-8.4014,-1.3025,8.904,4.3338,-5.0127,9.709,1.5191,4.1831,-3.1314,-6.8462,-1.5755,-8.8855,5.8071,3.941,9.806,8.0234,8.9344,-4.3284,-8.1584,-2.6096,9.4059,-4.0154,1.3184,0.0244,9.4122,8.5781,-8.6114,0.2284,-8.162,-2.5665,-6.3368,-3.872,0.341,-2.8781,3.6104,-8.7931,-1.5462,-5.8894,7.0186,-9.2733,-2.1748,9.9808,3.6115,4.924,8.0733,8.6766,-2.3476,-8.8255,-9.8378,2.217,-1.6407,9.1729,-2.9145,-3.292,-4.0607,-2.1127,2.1072,6.9072,-7.628,-1.333,-5.1191,6.791,3.3845,6.1847,-0.4404,-6.5493,-0.4811,0.6014,6.2667,2.3045,-6.5034,-1.7195,1.7968,-5.6162,0.0145,-5.6662,7.3941,2.6992,3.2302,-5.515,-1.8243,-2.3968,-3.0837,1.1457,-9.3662,-1.8035,-2.6633,-4.9043,2.3023,1.1157,7.3397,3.9857,-1.4629,8.1839,-8.9183,2.6482,-8.2979,-1.9519,7.1738,-7.9186
3.1142,-9.381,-1.8419,1.0732,-6.2475,3.3961,6.2329,-4.9872,8.6529,-6.9154,5.9263,-3.6734,3.8234,-2.234,9.893,6.5623,-9.7017,-8.3757,5.3963,9.692,9.4881,-5.5702,-6.1927,-6.8245,-1.0777,-8.4034,3.0427,-1.9567,2.4737,8.5015,9.5778,-6.2877,-8.6557,8.6117,9.232,8.5138,-1.641,-0.1787,-5.487,7.3164,5.3116,7.4191,4.5356,8.1725,1.9672,-9.0765,-8.8045,-7.5431,-8.069,0.5408,-1.6776,8.5408,-0.5468,5.8672,-5.8113,7.5046,-1.2172,-4.5829,-1.4281,-4.4966,-6.3454,-6.4698,-5.0688,7.9306,-3.5657,-8.5767,-2.7439,5.1109,4.71,-7.7754,5.9868,-8.5313,2.7696,9.8423,-5.2222,1.7294,-7.9358,-0.4323,-5.7201,-6.679,-5.4064,0.795,7.0638,-9.4981,-6.4872,0.1312,7.2582,3.3779,2.678,4.38,-9.0041,9.2935,5.2384,-2.0614,-5.2631,5.4228,-4.4582,-1.0254,-0.9281,0.1412,-2.2496,-1.6618,7.6938,7.9781,-1.0114,-1.4087,3.5504,-9.3067,-0.9776,8.4604,5.0163,-4.6672,9.1434,5.5968,4.3189,-0.6933,4.1156,1.756,-9.7114,-5.255,-3.3455,-3.6785,3.9258,-1.9604,-9.1417,7.0189,1.3333,5.4204,-3.134,2.2035,6.3578,-3.1704,-7.1394,-5.4727,4.3794,3.9377,-9.4724,-1.6684,-0.5196,-5.2854,-4.1777,-2.2066,9.9768,-0.4612,-8.7148,-3.5519,7.5252,-1.7379,-2.5548,2.9628,2.055,8.9584,0.6126,2.7935,4.2132,8.4149,-9.1767,2.0502,0.2197,-2.5677,-5.6793,4.3782,4.739,-3.2963,-5.5779,-3.3396,-0.5017,-0.4325,-9.8692,4.6545,-5.5216,6.3256,6.0585,-2.9521,-2.6607,1.1715,9.2901,7.2903,-0.1277,3.1794,2.8103,4.8881,8.2148,-9.7778,5.0654,4.2386,4.8173,-7.7249,-9.3739,7.5932,-5.859,-1.3584,7.8019,-1.6064,-8.7886,-2.0029,-5.2438,5.3717,8.7827,-3.0021
6.2962,5.4147,-9.0928,-4.9466,-9.3463,-2.451,-1.1325,-3.6234,6.9704,-3.1161,-8.491,8.1888,-1.8456,8.7092,-6.5806,-5.4357,-1.4379,-8.1374,4.5225,6.4886,-2.7666,-1.9979,-2.5621,7.2055,9.3136,9.1842,9.0577,4.7653,-0.6586,1.8523,4.6699,-6.826,1.9868,1.6634,-1.6011,-7.3473,1.5002,-3.8724,-1.8555,-2.2234,4.8055,6.0631,3.7835,-2.7787,-2.4074,6.0549,1.9799,-2.8588,-7.5513,-0.59,8.1331,1.5889,8.3002,5.4362,9.8434,1.3333,-0.0064,-1.7424,0.8986,-7.8965,7.5693,-8.6169,3.7022,8.3568,7.2654,-6.258,-3.9857,-3.1685,1.7119,-8.8103,7.2467,5.4424,-5.2048,-2.8945,2.827,1.2859,7.588,-0.1584,-4.7276,-0.7827,7.6594,-3.1378,-7.7863,6.6238,-8.7553,-8.7909,-2.3756,-1.4292,-2.8366,4.2182,-8.8425,-5.7688,-9.8132,1.1669,-5.5991,3.427,9.0351,7.5139,-2.7646,-7.8562,-6.495,-0.3347,2.0247,4.1806,3.0331,8.7308,6.5181,-4.9507,-8.6304,3.6358,-8.9195,9.2424,2.137,-9.3494,-2.3416,-3.5111,0.4319,-5.2158,-5.4242,-5.8914,9.738,0.5489,9.7571,8.4995,9.002,8.691,1.3501,-9.511,1.4012,-2.7066,0.107,2.586,0.7547,-9.4434,9.7438,0.6515,-7.4696,1.1521,-8.1605,6.6399,4.2212,3.0239,-0.4817,9.8441,-6.6594,2.1497,-5.5863,-5.7273,5.0896,-8.8714,-0.9496,-0.0138,-9.0295,9.38,9.4809,4.9815,-5.6843,1.6016,-8.2402,-6.56,-0.9528,-0.8552,1.6446,-9.3889,5.5608,2.4816,4.4354,9.6439,7.9281,-1.0591,5.491,9.1976,-2.8504,-2.7906,-1.5595,8.4309,-7.3333,-3.8703,-7.1246,-4.742,-8.6263,-4.853,-8.0314,-4.9352,1.1742,-0.6105,2.4146,-0.1324,3.8464,7.9004,1.0332,-7.3064,4.4913,7.6593,9.1504,0.5627,5.269,0.1428,7.3131,5.903
1.857,-2.9387,-8.999,-3.9816,-8.8931,5.0713,-2.8336,-2.0931,-0.5569,9.0111,4.1597,2.1028,6.0647,8.8285,-4.4014,-1.4174,6.5279,7.01,1.612,-2.7465,-2.2358,4.7105,8.2746,9.5933,-9.8407,4.6995,-1.4464,5.8639,-7.3794,-9.9581,-5.3447,-0.9462,-0.9016,-8.8774,-1.6949,8.9265,6.6387,-9.1382,-9.3254,-3.5089,8.1419,3.8732,2.2297,-2.9837,-3.088,0.7856,5.4134,-5.885,-8.751,0.6113,4.937,4.9024,6.0603,9.5786,-4.1629,-7.3861,9.8325,-5.6541,6.738,-3.9346,7.8969,-2.5687,1.5006,-7.559,-8.9935,-5.7026,3.1828,4.0974,3.7679,4.9136,6.488,-1.3811,9.6268,-5.1168,6.8538,-2.4834,5.7044,-4.5373,3.0114,-3.5746,-7.2597,6.7678,5.8413,-6.6599,-7.3105,-8.3462,3.5056,6.6333,-1.8135,1.2639,1.5344,9.461,-5.0041,-0.9755,-1.978,4.5583,8.2493,-7.2795,3.5073,-5.5501,4.5957,-0.3534,7.6919,4.7609,1.843,7.7038,7.8885,9.1698,9.1983,-6.5591,-6.1607,-4.9664,2.1185,3.1868,1.497,-4.6462,9.6706,-7.2911,8.1629,6.7329,1.7951,7.3572,2.1121,2.9844,2.8575,-6.4093,7.2315,3.7073,-1.1182,2.6539,-7.9408,-4.7823,-3.5007,5.129,2.1415,-3.8198,-7.3382,0.1438,7.7412,-1.8309,2.7844,1.1471,8.0956,-1.4797,-7.2666,8.1399,5.8444,1.7864,6.3781,1.9744,-9.3347,-4.5836,1.0837,-8.1018,9.0533,-0.4433,2.6719,-3.1603,2.974,3.4171,-8.2482,-8.6355,9.1787,0.5718,3.9384,-6.1543,-2.7799,8.4487,-1.1299,-2.8347,-8.9654,-5.5088,-6.3258,-0.1736,-5.3445,3.975,8.4231,-6.4718,-9.6488,-2.619,3.5014,1.4709,0.5708,-4.6604,-1.0191,0.2321,-0.2404,5.0523,3.7614,-2.5896,-9.1428,-4.1455,-6.5082,-9.5121,6.6077,-6.4322,-7.1162,-1.585,-5.0394,1.673
0.8901,7.8048,-8.2247,-4.6215,-1.5476,3.0613,-1.3844,7.9562,-0.4051,9.2791,2.5273,6.0273,7.2459,-8.0248,1.2278,-8.3275,5.9255,3.3081,-6.0094,7.5797,0.8811,2.3457,9.2417,9.9304,8.9435,4.0492,-1.1466,8.6799,6.1913,-1.7052,-9.9082,-7.862,4.4509,9.676,9.7627,-6.2657,-8.4566,-5.7134,3.1242,-6.6837,8.4688,-8.3498,-9.9362,-0.1165,-0.4138,8.8315,5.2164,-9.2354,5.4147,7.4054,8.5771,6.6435,-8.5409,3.2299,-8.9638,7.4304,-3.6137,5.8747,-5.5531,-8.8405,7.7047,-2.7609,-1.789,2.9346,5.0033,-1.813,0.9174,-8.6173,-5.2446,9.3358,-3.5927,-6.6593,-2.1271,0.4786,4.5601,-8.0947,7.0386,2.5511,-5.4367,6.5637,5.6294,-9.0546,7.1748,7.2173,7.8607,-5.981,-9.9255,-0.602,-6.3948,4.4105,4.6902,8.0764,-2.4216,-4.5614,-1.1474,8.5551,-8.5481,9.1707,9.853,-2.0893,-1.6531,9.8894,1.1515,7.7493,9.778,-2.8881,-2.769,-6.7949,9.2909,5.7108,7.0286,-2.7141,-6.6997,4.6426,-2.1162,-0.1286,-9.5593,8.506,-4.7379,-8.0632,-1.0858,1.064,7.305,-2.2512,-0.5801,-6.5135,-4.5967,3.7431,-5.488,-0.172,8.9681,-3.3159,0.1305,4.2671,3.459,-4.4841,-4.2471,8.2359,-8.585,3.3996,-0.8457,1.5652,0.2782,8.4594,-9.6217,-7.5458,2.9286,-8.0419,2.1398,8.6578,2.0157,-6.6437,9.0151,0.722,9.4849,-5.1422,4.2536,1.0545,3.0006,0.7651,-7.7446,1.5951,-1.9189,9.7328,8.6382,-7.6949,-0.6175,4.3955,-8.0215,6.854,-6.193,5.915,0.3113,-3.6728,-9.6034,0.3967,1.9769,-4.3562,-5.675,-9.8748,5.2334,-0.1868,-3.1207,0.2176,-8.7042,1.6323,-5.0743,-4.4483,-4.8233,-4.7226,4.8725,-8.3161,-4.562,8.764,2.8643,9.6384,-5.1818,5.1735,-4.3295,0.268
7.4173,1.5499,-8.1422,2.0908,-1.5285,7.8058,-9.2729,8.4922,2.5747,4.598,7.4511,0.6138,4.8113,2.1285,-7.8309,-6.9169,-1.8664,0.5982,7.259,5.8602,-8.9517,-9.071,2.9797,-6.921,5.676,-3.0759,7.934,2.2876,-8.2444,-4.3029,7.4823,-2.1244,2.1587,2.5635,-7.8276,-1.7183,0.7339,9.6203,0.8295,-9.8468,8.8539,-6.3755,-8.5649,-4.7221,8.0499,0.3952,1.5993,4.6407,5.7734,-9.117,4.6441,9.4711,8.1735,1.3116,-0.0586,-4.8437,-1.9493,-6.5773,6.4798,-8.519,-8.3588,-1.6362,5.7606,6.6822,2.4716,2.5863,4.715,-5.7463,-3.8373,-3.9196,3.3861,2.3037,-9.2698,3.6201,-7.4633,3.3711,3.8437,-0.9568,0.9018,2.393,-1.9107,4.7646,-2.3943,2.6237,3.0133,-1.4128,-1.5761,-6.3663,-7.292,8.8915,5.7142,9.5123,5.8439,-4.7101,0.8084,-2.038,9.8626,-4.0915,-7.4608,-2.2567,3.9684,6.716,3.1181,-7.7761,5.0166,8.6824,-8.7771,-2.8327,3.889,9.799,2.6576,-9.7653,6.9997,3.5226,5.2749,8.1932,9.843,-1.206,-9.4974,-4.9352,-7.8877,-7.9044,-4.4386,5.6582,0.92,-5.841,7.9514,7.0206,-0.7566,0.491,-0.1543,-0.8602,-6.2269,-9.7978,-4.3335,4.4528,3.5558,2.9886,-4.3701,-8.3738,7.9414,2.2922,-4.1365,-7.4684,4.8663,7.7775,9.8987,-5.5191,-3.2606,-9.6297,-3.3986,0.5856,-2.8506,-6.3573,-5.0709,5.215,5.489,4.4042,9.1427,8.3313,1.8095,-6.1082,-3.043,5.4372,4.1498,-7.5912,-4.3799,-1.7008,2.2371,-4.5419,-4.1266,8.6275,-0.7715,-6.5555,-9.7894,-3.1219,-2.5877,-0.9354,-6.9497,-9.9083,0.3796,9.8827,5.4866,-7.2232,9.4958,-7.5544,2.13,1.671,-1.228,-5.0893,9.4157,8.6792,7.805,-1.2823,-2.057,-1.9731,8.9866,2.2976,9.5681,-2.1021
1.3928,9.1724,-2.8944,-5.0605,1.2965,2.9734,3.0989,7.1692,6.6369,-2.7271,0.0856,-5.9207,-0.0364,-8.8932,3.7664,8.3711,0.9903,-4.5268,-8.9624,3.6858,-7.5407,-1.6538,1.3034,7.267,8.0885,8.2937,-1.1346,-5.3997,2.2102,-0.5935,-8.9012,-6.6894,5.0165,5.499,1.2943,-9.5248,8.0757,5.8259,0.318,-3.5965,6.5156,-3.7969,2.1725,3.1203,-4.478,-4.5924,5.7147,-0.1483,0.3785,0.9671,6.6707,-3.9129,0.8447,-1.6032,-0.8554,-7.8442,-2.5779,9.6898,8.847,-3.2295,-5.3964,6.6394,-3.9778,2.558,6.0927,-3.3673,-4.3991,-3.4309,-7.9654,-3.8851,2.9122,2.9987,-1.0431,-7.0944,5.6142,3.3586,-7.8674,-1.5408,-1.8883,-7.7627,0.713,-9.7832,-4.8232,-1.4346,8.1494,8.7952,-2.6734,7.9104,-2.9626,-9.3178,0.0527,-3.5382,9.1155,7.6951,6.51,3.3479,2.6218,-6.14,7.4004,8.9373,-0.5509,4.8628,6.9837,6.5581,-2.2723,1.0917,3.2725,9.4361,-3.4665,-0.6693,-0.4788,8.2206,0.1244,7.1989,-5.0894,-3.0194,1.9442,-6.4059,4.4565,-7.2746,0.4405,6.429,-4.8525,-5.4979,-5.4861,4.5225,-0.686,-9.8817,1.2692,4.0969,-4.2315,0.1775,6.2873,8.3401,-4.815,3.2978,-0.4808,8.7991,-1.7276,-2.4735,5.4135,2.9947,-2.4004,-2.0758,-8.9956,-9.0967,-6.0084,5.931,4.9001,0.7012,3.8379,1.9391,-9.6161,8.1156,-9.4639,2.777,8.2287,-6.0153,-8.3441,7.2268,4.9103,4.199,-5.4517,3.4393,-0.752,3.5032,-6.755,-1.4933,-5.4614,-0.4263,-2.2924,3.5818,-8.0951,3.8147,-3.4104,-8.5535,-9.4781,9.5218,0.0495,-5.8276,9.3782,-2.8033,4.6958,-6.3524,-0.2103,1.9271,-2.0101,-6.435,-6.7469,-8.4782,6.0186,1.3036,-2.3008,3.3888,5.7041,-7.8397,-7.7591,-2.9032,4.224,3.6574
5.9651,-2.218,-0.6501,8.9564,-7.3968,0.6442,8.4132,7.0599,2.1397,-5.7805,-3.563,-4.7268,-6.6875,0.167,-2.7337,-1.462,-8.8554,5.8764,-3.8319,2.6638,4.0249,7.7413,8.4442,-9.8194,7.8026,5.1129,1.8004,-7.3377,4.8405,-7.3313,-4.3932,-6.2468,9.854,5.6597,5.4392,3.5434,-7.284,7.3669,-6.2038,-1.441,3.8005,-0.7068,1.7958,-5.0389,-0.9193,4.6569,5.3635,9.0215,8.1946,4.3941,7.1884,0.3789,4.2878,-9.7471,9.3921,2.2267,2.7783,-5.4195,3.408,-5.7353,5.0251,3.0945,-0.1435,6.1782,8.7427,-7.3929,3.6855,8.217,3.2718,2.6919,5.8767,-9.9586,8.4333,-1.8991,-7.6726,-5.0566,5.831,-9.1838,5.8877,0.9043,1.2714,5.0509,-9.907,-3.7883,-1.1557,7.5953,-7.227,9.989,0.1917,-9.9229,6.1536,-9.8804,1.3462,9.3239,0.3218,2.6838,0.345,-7.1092,-7.7429,8.0906,1.7677,-5.5293,-4.7292,-8.1095,8.7749,-9.3828,6.5129,-1.4149,-5.0959,0.6975,-0.5343,-3.9686,-2.1669,-0.7757,0.8626,4.8802,9.5255,-7.2469,6.331,-6.4002,-7.0563,1.3273,-1.5627,7.1087,-5.1302,4.2906,8.285,2.8137,-4.3055,5.1721,-4.6997,1.927,8.4486,-2.4765,9.685,-0.2521,-5.085,-4.6907,-6.6193,5.8233,-9.2784,1.4461,-5.9735,-1.2018,9.7939,1.9943,-8.3482,3.5059,4.6538,1.1607,-8.3348,1.4147,3.3537,7.6698,-1.5738,3.3615,0.0706,3.2299,-7.4602,7.9786,-7.9648,-3.2048,8.5987,-0.5976,0.7362,-2.1024,-1.2555,-0.1788,3.1915,-7.9913,-7.3535,9.3664,8.0851,1.3495,9.9157,-7.1694,-2.0937,0.4331,-9.3527,-7.7146,-4.3727,8.4485,8.2386,-4.338,8.3515,5.2713,2.5654,2.3207,-6.1871,5.6027,3.6093,-8.7312,0.4945,9.9997,7.874,-2.5238,-0.3936,-7.5839,7.2131,-0.8547
2.9484,-2.4916,6.1721,3.5057,3.1128,-6.303,3.1149,4.9124,-5.2606,7.4445,-7.6625,-4.234,3.9124,-5.2915,-4.1449,8.4442,1.2594,4.6898,-7.7405,9.273,-2.99,1.9482,9.22,6.1705,6.3702,-3.0707,1.1393,-3.5422,-6.8652,-4.2719,6.9134,3.7083,-6.2681,-6.7293,-5.1277,-0.6912,-4.2501,-8.8074,5.6332,4.2634,-3.5666,-8.4316,-0.7879,6.9568,3.0779,1.3667,5.3824,4.0736,-8.5064,-4.7527,3.9578,8.3371,-2.4231,3.9949,-9.295,-3.9614,4.2272,9.1956,-5.5721,9.8091,9.7956,8.8941,-4.9102,7.5369,1.6593,-4.0331,7.325,3.6117,0.5239,-2.6574,8.8416,3.1689,-3.1115,-6.8661,4.0976,-4.7183,-6.6845,-0.1522,-4.4288,4.796,9.8717,-6.5921,-2.4359,8.4331,5.3712,0.5413,-4.1607,-0.6552,0.1107,-9.0282,9.0462,-0.3488,-0.199,9.5165,4.5327,-1.5973,-2.3867,-4.3198,-9.4995,6.8649,-7.4147,6.9444,5.2196,-7.7467,7.1375,-6.4136,4.2528,9.0974,-4.6554,9.3748,3.3014,-1.8208,6.3473,9.8443,-4.1568,-0.5305,-2.2549,-4.5091,-3.8708,-2.3511,-7.7267,3.4241,-2.0147,2.8858,-5.0343,-8.4447,3.3723,-7.3643,-5.2315,6.5414,-0.0916,-1.3768,-7.1413,-0.3162,-9.9022,5.24,7.3734,0.1794,-5.2651,-1.5138,-6.8132,1.0365,4.6669,3.9284,8.1809,-0.9384,-8.1777,9.2299,-8.5746,3.9731,0.5382,-7.0071,-9.6707,-3.7837,-9.5133,3.5547,-7.6702,9.5546,-9.3176,7.6813,-7.4471,-2.4485,-8.2012,-0.1604,8.7934,8.5807,7.664,-3.989,3.3218,1.5371,-0.376,0.8572,-6.7537,-7.9016,3.7048,-8.6266,8.3848,-2.4252,0.8801,-6.4095,-1.8862,6.5989,-7.1933,5.9738,-3.9626,-1.6997,6.5871,-0.0534,2.6233,-8.5392,-0.9714,-6.3809,-2.5837,6.9463,9.2266,9.2122,-4.1295,5.4668,-3.0933,5.1048
4.709,9.0447,-7.5427,8.1913,4.7853,2.803,-6.3256,1.4757,-8.5972,9.8936,2.8611,5.3693,8.3814,3.0047,-6.8614,-1.0406,7.3773,8.5488,-8.5755,-7.5115,3.6533,4.4134,8.8384,1.1577,0.1836,5.1038,5.3765,-3.653,-8.1146,2.8892,-2.6602,3.6813,0.7922,8.3342,-0.6493,-7.7295,2.6449,8.1626,-6.0272,4.4541,1.8943,-9.8872,-6.502,-6.48,5.2305,8.7357,-9.818,2.2117,6.818,5.014,7.1248,7.0527,4.809,-3.8805,-8.8724,2.7543,8.6456,-4.4764,-0.5943,-3.0098,-9.3943,-0.3431,-9.1166,-7.7756,-9.4168,8.7454,9.6379,1.1239,3.856,-6.4686,3.8112,-0.9478,8.3503,-9.2981,-7.7389,-3.7142,-6.055,2.9979,4.3088,-1.0367,1.3515,-8.5539,-7.1773,6.8076,5.0069,-9.7578,-4.9441,-9.66,-6.5034,8.9101,5.5739,1.1379,-1.9943,2.5604,-9.4365,5.2294,-6.8746,6.3782,-6.6711,4.8859,-2.1531,0.6941,5.9887,-2.7945,7.6924,6.4948,-1.3683,-5.8458,6.5768,4.3652,6.3709,-6.1182,9.4597,-4.4277,-4.7699,-5.5353,-9.1732,-3.9041,8.6963,4.9049,1.5404,9.3972,-4.3115,8.2009,-5.6577,-1.4132,9.4038,4.9524,6.6549,7.1734,7.9102,3.0573,-2.7655,7.4905,-2.9974,9.3671,6.4471,0.8478,7.7338,-9.4247,-7.504,-9.3228,3.8989,1.4639,-9.2501,4.9708,6.6467,4.832,-5.3245,8.629,-3.473,-0.6229,-3.2158,-2.7359,-1.0394,0.7141,-5.1109,0.3798,5.2405,-5.9929,-3.8716,-3.1393,-3.2787,5.6243,8.4355,2.1493,-0.5633,7.8933,3.2991,-4.3469,2.5598,-1.5273,0.3366,-5.1108,6.1383,-3.3198,3.1752,-3.2344,7.8198,-1.2465,-5.3229,-4.5549,6.3546,5.928,-2.3199,-5.7578,-4.2339,2.86,-5.7718,-8.7612,-1.0345,8.6659,1.0344,-1.3705,7.5443,7.1636,-6.1722,9.8622,-1.5371,-9.8331
-6.0023,-7.1601,-0.8776,-9.0541,9.4887,3.1816,-2.2163,5.0073,4.7826,0.1643,-9.0317,3.7921,-8.3028,-8.1587,-8.4533,3.139,-6.1046,-0.8111,0.3652,6.2011,0.4313,4.967,2.4388,1.9386,3.1654,6.1714,-2.8463,-1.4237,-9.9096,0.5084,0.4697,-7.7319,3.1916,5.793,-2.7712,-6.3437,8.7268,2.3078,-9.2285,-3.6458,9.1997,1.6102,-2.4283,-0.3059,8.6822,7.3151,-2.5235,-2.1549,1.1156,-6.6364,4.5518,1.338,2.697,7.9076,5.8176,-2.9242,-9.1623,4.9311,6.0148,6.4967,-6.9751,4.6465,-8.1531,-9.9843,7.8381,3.6038,-5.5209,3.026,-5.8144,5.1009,-7.3417,4.0713,1.9029,-8.0222,1.4046,3.4295,6.469,-5.7731,6.6815,5.0196,-3.1231,3.7276,-6.451,6.8755,-8.7049,-8.1136,-0.8473,6.6529,7.8772,-0.9024,-8.7719,7.4096,-5.1573,-7.0403,-9.9891,8.9308,-8.9787,9.9244,-2.7183,0.2571,6.5687,0.4969,6.6602,1.894,0.9105,3.7379,0.5622,-8.0264,-6.3236,-7.3562,-2.0942,-0.5382,-9.9019,9.9838,2.3316,-0.2898,1.7555,8.2164,6.1383,9.7351,-6.491,-9.7025,-0.2962,0.9885,-8.1987,-3.1395,-8.3862,-6.2963,-9.3794,-2.4252,6.157,1.8131,-2.6777,8.8231,-8.4843,-6.0458,-9.6969,5.9021,-7.5762,-7.405,6.6245,7.6294,1.0872,-8.5611,-0.7489,-1.1133,7.5767,-7.506,7.677,-8.9569,-4.5607,4.0382,2.4548,-6.6099,1.1999,-8.9443,-6.3554,-8.0722,0.3954,-5.8067,1.5498,0.3309,9.5899,3.7467,-4.1284,8.0061,1.2393,-1.1004,-0.8004,7.3728,-7.5167,-6.6987,6.2423,0.843,4.9201,-8.7241,-8.1244,2.5708,-9.2331,9.6188,9.3804,-0.5437,5.4317,2.1221,-8.2445,2.4926,-1.9117,0.4632,7.183,-9.8512,-9.2522,-6.1053,-0.7332,8.435,-1.284,-2.9091,4.5684,-9.2044,-6.7902,-6.7013
9.1095,7.5117,-0.0214,-3.4031,4.4949,-7.3217,8.9381,6.126,-1.1533,4.3316,8.4816,-2.9542,-1.4539,9.95,5.4408,8.6587,2.4639,-1.0282,-8.9216,5.2542,-0.3832,0.5148,-3.0808,-2.37,6.8156,-8.2948,-9.4374,-7.7381,-3.2354,0.9715,-4.3719,-1.9693,-6.3834,6.5397,8.6879,-5.1626,-0.8687,-9.6836,-1.6703,8.4759,9.1492,-1.2671,1.7661,-4.4964,-6.0916,7.8488,-6.3939,-0.1503,-2.0828,8.2349,-2.2443,-5.9563,7.616,0.3073,-7.4516,-7.8534,-6.7929,5.414,-1.7944,1.056,3.7256,-8.6006,5.9129,4.9569,-3.7118,0.7984,-6.9124,1.2012,-7.4767,8.6005,-9.4464,4.7175,-1.9588,-9.5334,6.4551,9.6878,-6.5215,0.5371,2.7157,9.439,-8.6518,1.4542,7.107,6.6659,3.9253,7.3693,-9.6176,2.773,0.9976,-6.3698,7.5515,-6.5158,1.8367,-1.0153,-5.4724,-4.8366,4.7264,-7.1787,-7.6088,-3.904,4.108,-8.4661,7.917,4.4286,-4.8306,-2.3693,5.9517,7.1554,6.6224,-4.301,-9.682,4.6847,-6.5384,5.5251,4.8545,-5.1814,0.5391,1.7494,-9.5341,-7.0025,-0.8953,9.2773,7.0781,8.275,6.161,-0.2578,-6.4796,-6.4342,-7.3439,-1.262,2.7746,4.996,8.9539,-9.6001,9.8306,9.9657,9.1876,-7.6619,0.4801,-4.6499,-7.4792,1.16,9.6486,-5.2897,3.066,-0.1337,-9.6716,9.2972,9.4869,-6.9104,6.0474,-5.5012,3.1582,-9.2664,7.0895,-6.8481,-9.1242,-5.957,-5.2951,-1.2546,9.1781,8.5381,-8.4249,6.8927,4.3749,-7.7552,-9.2442,7.0552,-1.9923,0.6195,0.3418,-8.6809,-6.6999,4.2537,6.7619,-9.3905,-6.0316,8.4003,-0.4038,4.1637,7.6682,7.0379,-1.7921,-0.9468,9.078,7.8945,2.0683,2.9393,-7.596,-1.0964,8.4331,7.079,5.4124,-0.7497,-7.4054,-2.8344,-6.1566,3.3725,-9.8848,-9.3931
-0.2251,-0.5869,2.5857,8.4172,-3.9123,-1.6728,-6.2396,-9.8491,-9.4131,3.9503,-9.1923,-5.6765,4.697,4.6496,-1.9546,0.8447,4.7469,8.74,-4.9986,-7.4863,-6.9142,-8.5866,4.1132,2.0609,-5.7613,6.4204,-5.4236,-3.5263,5.0034,1.3064,4.6485,6.5646,-0.0334,5.0737,-5.6622,-4.7003,1.7134,-3.3031,8.1226,-7.4414,-7.3638,0.4432,-3.014,2.8397,6.0534,8.6974,7.8169,-9.4982,-3.7715,-5.1855,-4.489,-9.636,2.4042,0.937,-9.1907,6.8892,3.5372,0.0589,7.9963,3.0421,-8.0544,-1.2775,-8.8202,2.8321,-2.8189,-2.0663,-1.7933,3.3852,5.9068,-3.0202,3.1284,8.6652,-9.7599,-2.5994,4.4326,-2.2282,6.7172,3.8337,6.9695,-1.0102,4.4717,1.8494,2.5428,-1.5376,2.9582,-0.9388,-4.2261,-8.5778,2.6131,7.6166,-4.0393,-8.5632,1.0642,1.4787,3.5592,4.6589,-8.2666,-3.2276,-0.2584,0.4971,5.6212,-8.1277,-0.9763,-7.1176,-7.4463,-9.8918,7.6831,-4.0612,6.9669,9.1448,-2.3302,7.7453,-0.4196,-0.5117,2.5381,7.7835,-4.3213,-6.8247,9.9864,6.7239,6.8119,-9.2653,0.2181,5.7919,2.7644,-7.1391,-7.1257,-4.1956,2.8544,2.0662,3.8518,7.3018,9.9962,5.5328,8.4313,5.0249,-7.715,1.3504,5.0114,-1.7265,0.0707,-3.2038,7.2767,1.2949,8.7406,-1.2578,-1.0519,-3.3911,9.6042,5.9222,5.6396,-2.7037,-2.6902,7.9356,-6.2495,8.6594,-3.1153,0.1082,8.7173,-3.3155,8.0462,1.3329,1.2418,0.4265,-5.5198,2.9507,6.1371,-4.5868,-8.1188,0.6324,9.8772,2.5963,-9.6439,9.6554,7.42,-3.9736,0.1786,5.9966,4.6992,-7.9721,-6.5159,-7.5679,-8.1658,-0.0631,-4.2223,-3.864,-4.0269,-1.6719,-0.7338,5.6199,9.6957,1.7999,-6.3106,8.335,-1.6591,-5.1098,-0.5903,-0.2162,-9.3046,5.0623
1.8131,-5.1436,0.114,6.6611,0.7977,3.7226,-2.4572,-4.3549,9.5954,1.9833,-6.9346,-3.9251,-8.5698,9.8307,0.507,3.1581,7.0203,-1.4797,0.3122,-9.0601,-2.6155,-6.4984,-3.0067,-6.9798,4.6542,9.3844,3.7953,-3.2868,-9.3523,-0.0533,9.3675,6.6126,7.7051,-9.2563,-0.9896,-1.3198,-7.3567,6.2447,3.0796,2.0832,3.3491,-3.1864,-0.7578,-5.4923,-9.4429,5.7914,-2.2334,9.5027,-3.1772,8.2632,7.1228,8.5514,-8.708,-3.9355,-2.9989,6.0584,-2.7239,6.3246,7.2614,-2.6657,7.4856,3.5303,0.5789,-0.4656,-8.4289,8.4472,7.5163,7.1561,-2.8362,-7.6494,5.0979,6.0324,-5.1382,-9.5616,6.7591,6.5382,-7.7024,5.8583,2.0011,-0.1281,8.4452,7.1118,-9.927,-2.3984,-5.3036,-9.2758,4.7632,-9.9198,9.6595,5.9993,-5.5189,3.2929,1.0111,-2.0386,5.9721,2.7516,-7.709,-8.7611,8.075,1.8195,-5.1502,-6.6153,-6.6207,-8.117,8.7645,-6.2867,-0.4096,9.8801,0.2259,7.5522,8.6597,-2.8914,3.7573,8.3332,-7.3642,0.6538,-0.0985,0.2227,-9.9163,-4.5174,-8.8226,0.1602,-8.1599,0.1672,8.0469,-1.0835,-7.8448,-3.1647,-4.3287,3.1159,-0.2141,3.1271,3.8847,-0.7164,2.04,0.466,-1.1462,4.1353,-5.4536,-3.5593,9.3264,8.2542,-5.821,-5.9084,4.748,-4.6411,9.5122,-1.1786,1.3605,-3.5705,9.6809,-7.0341,-0.7806,3.5127,-2.4063,8.5997,9.1438,-8.7846,3.4822,-1.5428,4.2595,2.4113,-5.2722,9.515,-3.4782,-7.9499,-8.3355,-4.2147,-4.4423,8.0283,-5.9105,5.6356,-8.5791,6.174,-3.9981,6.0511,1.022,-4.2239,-4.5637,9.69,-0.2467,5.7699,9.8654,9.6223,-9.0227,-0.1354,5.1068,1.4613,-0.5251,-6.5776,8.637,9.6067,2.4928,-5.2028,8.2297,3.7774,-8.2666,9.3064,-5.9477,-0.9584
-7.311,9.0071,7.3865,-1.905,9.8379,-3.8025,7.9156,1.0343,-6.261,5.9552,-7.0687,6.231,-8.0709,8.1073,-6.3704,8.8426,6.2914,2.037,-7.5965,-8.4575,0.8388,4.3997,-1.0814,-5.1991,-4.8922,-7.0856,-9.0757,8.118,-7.787,5.9222,-3.4658,2.1993,-8.3978,3.2683,-2.1825,8.2847,6.3827,-3.3017,-3.5638,-8.6035,-2.0298,-1.5674,1.6268,5.1833,8.1119,-5.948,-1.8683,-3.4815,-2.451,-4.6108,6.183,7.1183,-2.3137,0.3036,4.5353,6.6523,8.7218,-3.4561,-4.7187,-5.4897,9.7713,2.907,-0.2738,3.9905,2.6162,9.9308,8.6428,0.367,-1.943,-2.9878,-4.9223,6.227,-5.576,-5.0391,-0.0797,7.9981,0.2997,6.7196,0.9157,-1.112,-7.237,-1.1909,5.9524,2.3461,7.6492,8.1963,-8.7231,-0.5313,7.868,6.6455,3.9534,2.0035,5.6187,-8.1672,-9.2781,-1.957,1.6879,7.6615,-1.2749,1.3208,-9.3262,2.7449,-3.0928,-8.1384,-2.5191,6.1651,-9.0571,7.3633,-2.4557,-5.6605,1.1924,9.3296,-1.5818,4.4435,-6.8404,5.7082,2.2213,2.873,-1.5953,2.819,-6.1354,-4.6184,-1.5233,7.3415,6.9556,-8.5821,-5.1562,5.0699,8.5043,2.3543,-5.9347,-5.4813,6.2271,-3.8938,3.206,-9.4174,5.5424,-8.1738,3.4332,1.9705,-3.6802,-9.2853,-9.9215,6.5944,7.01,-1.3736,5.2595,-1.6823,-9.8819,8.4199,-9.2098,6.5962,-5.3547,4.3205,4.6788,-4.0871,-9.7048,9.0073,-5.8932,4.5037,5.6962,-8.9113,-3.3046,8.0846,3.1547,-5.4436,1.0206,-5.3528,-5.3674,-1.2965,-4.4705,4.549,9.7004,5.4252,8.2052,1.9309,6.0129,5.8899,7.2914,7.776,4.7036,-0.5013,-4.8804,2.4569,7.1249,2.3404,1.9643,-5.323,4.3904,1.7938,5.5475,7.6463,-3.4847,-2.5269,-2.8247,2.8027,6.7663,-2.3921,2.0814,1.3189
-0.6208,-6.5948,-7.5732,8.5457,-5.9711,-2.7697,-8.8053,-4.081,-0.6239,6.165,-7.1308,-3.9166,8.1626,8.0709,-4.7509,4.1243,8.4943,-4.6707,-1.1891,0.6023,7.2778,0.1543,7.9954,-7.7187,-5.5222,6.237,-8.5596,6.4698,5.2261,6.0884,9.2469,5.0843,5.0109,-1.3304,6.4667,9.5627,5.8188,-8.4817,-0.0135,5.4694,-3.2089,-3.6163,7.1267,-2.7558,9.9437,7.9509,-3.9542,-8.3449,7.4932,-3.74,4.6643,-2.49,8.8084,-3.3961,1.4222,-7.3104,1.5223,3.7303,8.9001,6.1633,0.0304,-9.7376,-7.9823,-3.4144,-3.4349,-7.9869,2.5878,9.3092,2.4818,-3.4018,-6.38,-3.0951,-6.7191,-8.4217,2.9925,3.1093,6.1501,-2.2541,-9.5177,6.9272,2.2737,1.3915,-8.3152,-2.8724,0.4947,-9.3943,-0.6646,7.344,8.5938,0.3799,-0.7941,-9.2175,-3.4633,-3.1878,0.4277,-6.0263,-5.1112,1.4893,3.0729,-0.274,3.293,-5.7265,-6.5822,-3.7639,6.554,9.0425,-7.0916,8.9841,6.0244,9.4756,1.3707,-9.2606,-6.9029,3.5996,-1.8499,-3.6217,6.1217,0.1778,-4.9212,1.2804,7.6637,-9.6547,-1.7707,-8.6676,5.3629,1.4988,8.2201,-0.8509,-8.0581,-3.9307,-6.3013,8.207,8.2078,-5.9248,8.8647,5.1882,8.2391,-7.9797,-4.7918,-2.675,7.4463,-9.2759,-1.4766,-4.5075,-7.5576,-1.1014,9.5897,-3.6887,1.4655,-1.079,-5.5776,3.4541,5.8354,6.3537,-1.7133,8.8503,8.863,-5.0334,-8.1135,-3.0472,5.418,-0.1268,-1.893,-6.5815,-5.1967,0.5987,-1.0362,1.0301,8.3925,-9.0556,-6.3172,-7.9408,-2.7333,-8.2593,1.8085,-9.922,7.4383,-5.3806,-6.334,9.4174,-7.1358,5.759,-6.2561,8.5802,0.819,3.6866,-5.1567,-9.3344,0.6065,-6.8186,-4.9283,-0.9844,4.4195,-4.7737,-3.9035,2.0561,-3.82,3.6841,2.5495,-7.6455
3.5626,6.4703,8.6238,-4.0615,4.2058,1.9745,-1.4594,9.4304,8.812,4.5874,-0.3954,1.5124,-6.5676,2.8606,3.6041,-8.5243,-3.5423,-9.8323,-1.6759,-3.2286,2.3787,3.1624,-3.5378,-4.4499,-3.1802,-9.9381,8.5763,-8.0069,-3.6267,8.4723,-6.8533,2.3772,0.7253,-3.1035,-6.7038,8.8756,-3.6855,-7.9691,-5.8181,1.8203,6.7379,3.5261,1.2159,7.3908,-3.8875,-8.9934,8.5292,3.1662,-9.5729,1.7313,-3.9098,8.8787,-9.1547,1.3057,2.421,1.1964,-9.7442,-5.11,-1.7279,1.1485,-8.9729,9.5564,-5.3633,-5.638,-5.1887,-5.415,-3.625,4.2548,9.7876,9.8498,5.8061,-9.9348,-6.0263,7.3929,1.1735,-1.2331,-1.1573,4.2245,-0.6253,8.2602,-9.9262,8.9263,0.8253,6.3906,-4.1802,-0.6699,0.8419,-0.9141,0.9114,-8.9487,1.7802,-7.8624,8.0844,-0.9478,8.4236,9.5213,-6.8238,2.3069,-3.2204,0.8277,6.2361,-8.3854,5.1879,0.3506,2.6751,-6.5327,-0.7152,-1.9512,2.9869,-9.6917,6.9515,2.1464,-0.9874,3.6954,9.789,6.0051,-1.1718,7.4206,3.0299,4.5686,9.0432,-4.7972,-7.0341,4.5597,6.3566,-7.5137,-7.3318,9.7372,0.2337,-4.2362,-6.335,-3.8176,6.5071,-7.2007,7.7638,-5.3158,1.8986,-1.636,-7.4738,-2.7346,-5.845,-8.5753,-1.1904,-5.648,9.0352,0.0324,-8.2679,8.8293,-5.6648,-3.5602,4.8717,-5.319,-1.8198,2.1305,-6.4419,-3.602,0.689,-3.7802,2.7194,8.5331,3.1327,-8.9446,-3.4796,9.2125,2.8772,5.4289,-2.2262,-1.9346,-2.5623,5.4553,4.2387,9.7055,3.3627,-8.5631,-7.5852,5.1387,6.5045,2.7361,-7.1139,4.2743,-6.5289,-8.344,7.842,-1.1813,-6.0508,5.4091,4.4515,-9.7027,7.652,0.675,-2.5672,0.2189,6.154,6.2636,4.8221,6.7643,-3.3569,3.8032,-9.9487,-2.7698
9.0681,-9.9733,8.0778,6.3156,3.5205,-9.874,9.6322,0.9003,-3.1147,1.8338,-1.5477,9.8147,-3.4795,-3.4331,4.4052,-8.6669,4.9632,8.0948,2.0163,-5.031,-6.5432,4.1492,-0.1733,-6.5586,8.5368,-9.5832,0.5719,3.0084,6.1524,3.2291,-7.6381,8.8087,-8.318,7.7983,1.5768,-7.5128,4.5847,-0.1011,6.2795,8.0986,0.3409,-8.4202,8.0518,-6.7035,7.4831,6.2173,-1.6938,4.5237,4.7758,1.6826,-8.9046,-9.6501,1.483,1.2155,2.5814,-4.5704,9.6382,2.9966,-7.8414,0.6328,8.7414,-6.3156,4.9499,5.2996,1.9588,4.1688,6.6282,3.2481,4.8676,-4.2466,-5.3855,8.4869,0.6467,-2.0508,-8.5013,5.6727,1.1567,9.9412,8.078,-8.0332,-3.8536,-0.3211,6.0563,1.723,2.2856,-1.5071,-9.6021,7.0138,-1.0923,6.9232,2.5527,-8.6152,-5.2993,4.8381,-8.2739,-3.1087,-9.0383,-3.7425,-6.8309,-9.3433,-9.7148,-3.5629,8.0784,-8.4375,0.817,-3.1152,8.3583,-1.5624,3.7867,-7.0912,-8.8105,-1.2,-9.7535,-9.7759,4.5254,9.3111,-2.3477,-2.5556,-3.686,3.3055,4.7369,9.4263,-2.6348,-7.5873,7.4519,-8.7286,4.9325,4.0387,-2.7699,-4.3739,-2.113,2.0115,-1.0515,9.4607,9.7313,1.496,-0.426,-2.5424,7.5378,0.5946,-7.6796,8.2109,-9.6793,-1.2944,-1.5762,1.8344,4.6877,0.5587,4.0734,7.4146,-5.8318,-9.8978,-9.9578,4.1304,-0.9893,7.0584,-2.2733,9.298,1.761,-9.6143,1.3528,-9.2246,-1.4047,-2.5982,-7.6653,9.7684,-4.4009,6.2485,-0.9306,-8.8217,-7.6824,5.6563,9.3096,-7.5997,7.8966,8.5423,-5.9511,-6.9141,5.093,7.7535,3.7568,-8.3314,-4.4831,8.4333,7.0275,-3.6125,-3.8381,9.7818,-1.7218,-5.9617,7.7,-2.1517,-5.9827,-3.1721,-5.8216,3.0015,-1.0748,8.5148,5.5485,-3.1573
-4.4363,-5.7725,9.7018,-6.3938,-9.5004,-2.6262,5.2937,-2.0514,-0.5486,-9.3857,6.0896,5.5122,9.3273,2.595,7.3958,3.6035,5.1996,-8.9781,-5.175,-1.9191,5.5118,-3.2482,-6.4262,2.3074,-9.3577,6.2851,-3.9376,-0.0915,3.4395,8.7232,-0.4581,-8.1061,8.2078,5.7702,1.8656,-7.5157,9.1909,6.9593,-5.6228,-0.3954,-0.3515,-9.772,2.3724,-0.6526,0.783,-4.0477,6.8185,-5.2907,6.8316,-1.755,-2.12,-3.3591,9.1777,-1.2536,-8.7088,-1.3381,6.315,9.0901,8.6942,1.1993,4.3134,0.0765,2.2293,-4.8946,4.9142,-6.6393,2.7195,7.4322,-3.1461,8.4587,-9.3539,-9.9881,8.9379,5.5215,-4.1371,0.163,-4.0014,-6.9369,-7.4558,3.5143,9.8952,-6.4287,-9.9465,-0.8036,-4.4459,5.4649,0.8957,-5.7851,-2.455,0.6351,-1.8233,8.9215,4.6842,-0.4628,2.701,5.7508,8.1066,9.3022,-8.8649,-8.9589,-3.417,-2.6545,3.447,0.6416,-1.9856,7.4951,-3.263,6.105,-1.46,8.3941,-4.9198,1.9453,3.97,5.0842,4.8346,-1.1736,-2.092,-4.6885,-4.4456,-9.5375,6.0512,9.8767,9.924,1.7216,1.698,-2.5699,-4.6637,-9.631,4.7741,-5.2738,-1.8521,-2.8076,-0.841,-6.6751,-8.6488,-1.2402,2.5437,-8.5466,-1.1528,-7.9705,8.4235,-1.2986,-1.255,5.309,6.4548,5.9772,7.0434,7.6135,-7.4559,-6.6487,-8.6614,-2.4886,-2.9308,5.0495,-7.0228,0.0219,-4.072,1.0416,-1.8551,1.1124,3.6402,-1.7953,0.5206,6.8163,9.2793,-3.4652,1.7748,6.3073,-3.0929,3.3225,2.7502,-3.8974,-5.4156,-6.1647,-5.007,4.9311,-9.7066,-1.7513,7.3226,-2.7456,2.2875,2.5575,-6.6207,9.12,-7.7048,-7.6519,-4.1847,4.0811,7.8357,-8.9215,0.0005,-8.4208,2.1401,9.8188,4.6435,-5.0434,5.6037,5.0356,1.0,-5.1515
-8.7651,-5.4601,-2.5563,-0.8481,-8.2233,-2.8931,-8.3005,7.3129,6.8266,9.8352,-1.6441,-2.3789,1.8845,5.756,0.5745,-1.0522,-0.8027,1.4205,-6.4691,2.2554,-1.0868,8.2231,0.7448,-4.8031,-7.1248,-1.6499,-5.0266,3.3123,9.827,-2.9999,-4.5148,3.6999,0.7189,-7.6244,-5.4893,-6.0967,-7.3389,-8.3754,-0.7402,-0.4067,-1.8506,-5.548,4.4886,-3.6805,-1.1953,-9.3838,-2.6902,3.9217,2.0339,-9.4143,4.3308,-6.1795,-1.5916,0.5759,-7.6588,0.6576,9.3197,6.0342,-1.7225,-7.1764,-6.2349,4.4869,9.1206,-2.9821,-4.7353,-7.3207,-3.4181,-1.0109,0.0886,2.1609,-8.8038,8.7407,-0.8646,-4.9038,7.1851,-8.2449,4.951,-5.3919,-7.5742,-0.1828,8.3249,0.4449,5.3377,-4.0036,-8.0943,-8.2004,7.5815,6.4835,9.7099,7.9061,-1.4989,5.9294,-0.3352,8.0818,-1.2672,-3.5106,2.0137,-5.7155,-8.0681,-5.5918,-9.1814,-9.388,6.2153,9.9421,-8.2412,1.053,-4.2117,3.7373,8.212,-7.4878,8.6126,9.1798,3.6768,-5.1134,9.5528,2.1156,-9.9002,-0.1688,-0.1981,-4.912,-7.491,8.5771,-6.9204,3.9052,3.1333,-1.5546,-2.6178,-4.5224,-2.2076,-2.3451,-0.4703,3.6993,3.8738,1.9298,-2.0954,6.1351,-0.7673,1.0614,4.4872,-7.6751,6.6185,1.9489,2.0743,-9.6116,-4.9091,7.7193,7.6234,-4.7132,-3.1336,-0.9248,9.3287,1.2213,-8.8492,-0.4432,-7.9169,4.1285,-4.413,-8.2587,9.8707,5.9296,-4.6296,5.2434,2.2286,5.8554,-9.0878,3.3305,-4.9872,-0.8304,-6.2249,6.3647,0.9363,9.0166,1.3238,-8.1258,9.0123,8.1425,-7.6561,-3.9232,-7.461,-4.8231,9.3502,7.4632,-1.7253,7.9041,-9.2111,-2.5553,-8.411,0.5225,4.5216,-7.8709,0.8076,8.9993,-9.4479,-9.4148,-9.427,6.4005,-6.469,9.5234,6.0865,-1.0406
2.4646,-6.0525,-9.7808,8.656,-8.5752,-0.6361,-1.3691,9.5815,1.5324,9.3161,-3.5066,5.0361,-5.133,-7.7225,2.2232,3.4087,-0.9393,2.5119,-7.402,7.0656,3.2455,-3.9545,2.166,-3.0059,5.8022,-6.3258,-6.3249,-6.6821,-5.8645,-0.827,2.0316,2.4803,-5.5595,-1.9082,-5.9424,-6.8746,-7.3825,1.6405,8.5482,4.4973,7.1742,-6.1109,-5.166,2.4376,6.8432,-8.1862,4.5478,-4.9102,-8.7191,9.9498,-8.6646,-7.1401,-8.06,4.57,9.9173,-8.6895,-6.7761,5.867,1.7,-3.8151,1.4618,4.4619,-9.2215,-7.7659,-0.651,7.2034,9.7988,-9.414,5.5237,-3.0739,2.001,-2.2293,7.4519,2.9969,-5.6084,1.5084,-7.8081,5.7492,-1.2903,-1.4777,-4.1514,2.9113,1.878,-9.8147,6.0081,-3.4898,-0.5206,5.0126,6.8951,9.8599,3.0091,4.5969,8.3967,4.7044,4.0397,7.3653,8.4451,-7.4297,4.9635,-6.0013,-4.2609,-5.7649,-4.9344,1.0035,-2.9924,8.702,2.2055,-9.3795,5.4955,3.4304,-9.9372,7.3609,5.8558,6.5822,-8.9111,2.923,8.3729,2.294,8.102,-2.206,-7.051,-9.2687,-8.3637,-0.7515,8.9251,-0.3867,-4.0166,-7.8543,-8.2065,1.2541,-9.1557,-1.8607,6.2827,-3.5067,9.061,-4.0166,-9.3867,-3.397,-5.9325,-0.1063,-4.0734,4.4422,1.6094,9.2048,-5.6499,0.147,-7.2228,-4.1508,5.067,-1.8445,-1.4169,1.9245,-6.0944,9.5462,9.7979,-3.0994,0.9839,8.9778,0.6791,1.1935,-9.5586,-8.671,2.6943,4.9833,-5.2635,-9.8048,-4.5142,1.0387,1.9502,-0.6431,-5.1846,-5.0239,-9.4351,2.7297,-2.5899,0.5391,-8.3779,5.9683,4.9264,-6.4082,7.4652,-0.2096,-2.6331,-3.6688,-4.8683,0.5945,0.0443,6.8401,-2.8642,4.7679,-9.9836,-5.4063,-1.3951,-6.0733,-9.6183,9.1328,-5.4447,6.5501,-0.3192,9.0528
-8.9527,0.1637,-1.0549,-3.3945,1.8085,-6.6832,-3.9097,-1.8048,-0.0464,2.7002,1.6987,-4.4912,0.6243,9.4209,-8.5408,-1.2645,-6.0619,-3.5661,4.3781,6.8902,6.8089,6.5887,9.0617,-0.1429,0.6842,-4.854,4.6438,3.7908,3.1686,-7.0673,8.816,7.8973,-0.4975,3.589,-4.1267,-5.6182,-1.939,8.9095,-0.5868,-3.178,-1.6856,-9.9003,2.9576,6.5195,-5.1744,9.3995,5.694,-0.6412,-9.0903,7.6186,7.0244,-3.5469,-9.6436,4.1804,2.8037,-8.7926,-2.9986,-7.7839,1.4773,-3.2747,-6.6719,8.6444,-6.3253,3.8599,3.3634,-7.9023,-5.853,1.1534,6.21,0.7859,-3.6246,3.8128,-8.029,7.6443,-0.8794,6.1206,2.9468,0.2107,-4.2808,-5.9209,3.0906,-7.9193,-0.5162,5.8513,-5.0506,-1.9214,-6.883,1.6655,-5.0293,0.3816,1.9395,6.4253,5.5282,0.4862,5.2203,-4.7395,8.0783,-4.4379,-2.1976,2.483,-9.9637,7.4113,8.7231,5.9516,-3.9476,-0.1039,-9.0586,9.2662,4.0511,-2.0299,-4.812,3.2995,5.4492,7.5154,-9.2528,-1.226,-0.5142,1.225,1.4069,0.2631,8.9721,-7.2564,3.4307,-8.2317,-2.3741,9.951,8.1266,-2.2717,-2.3741,3.3714,-9.3213,9.1673,-5.5994,-0.7673,-7.2252,0.5724,-4.6846,2.6209,1.5359,2.8348,3.171,-0.1331,2.6075,8.7348,-8.8793,-3.31,-0.5609,-1.9273,-7.4111,7.3884,-9.2927,8.9891,-2.1384,-1.0669,-7.9465,-1.9281,-9.3613,7.5975,2.1021,-6.4116,-3.3,9.5822,-0.2657,4.8216,-3.4645,-8.7955,-6.8329,5.6549,7.863,2.6551,2.253,0.4141,-0.1376,-6.8523,-0.3072,7.3705,-5.375,8.7796,3.6652,-7.5328,7.3244,3.2761,0.5004,5.0289,-5.2624,8.28,-0.2457,-7.5178,8.4273,-2.5967,-7.3341,-4.1024,2.2996,7.8774,-9.5628,-8.6326,-3.934,4.1427,0.0547,4.8752
-4.9817,-0.3159,8.2338,2.8464,0.4496,9.5295,-1.3377,-5.4347,1.1497,8.6443,-9.3349,-2.5667,-9.4637,7.9607,2.1295,5.6776,0.4634,3.0343,8.8801,6.6113,-8.7366,1.053,2.5323,-0.1633,7.5592,-2.6818,-7.5374,-3.5686,9.9967,2.6872,-0.4137,-6.7131,-1.0113,1.8501,-3.39,-9.1483,1.0136,-8.294,-1.9258,9.4416,-9.1922,7.4116,8.9511,2.2959,-1.8858,4.3104,-6.4807,5.7068,4.8774,8.7915,7.4529,8.957,-2.8063,-4.5055,3.7962,-5.1455,-7.7732,-6.7964,4.104,9.4715,-4.7797,8.2971,9.4282,-8.4472,8.0364,4.0367,0.3426,0.0709,-3.1767,0.4239,0.3655,3.6193,-4.8991,4.6078,5.4375,-0.6939,0.3241,5.6534,2.8904,-7.5154,5.5666,6.9468,-7.1296,-6.591,8.4749,-0.7621,0.8461,-2.0333,-6.2586,3.5949,-9.2655,1.7939,-7.2171,-5.2941,-7.5419,6.7938,8.6459,3.5905,-0.6154,-7.3849,-5.5046,-7.0394,2.3757,8.6158,-6.1263,2.8207,3.267,-2.9665,-2.6934,-6.3642,-3.709,6.4712,6.3918,3.9381,2.5695,-0.4678,-2.2713,8.0968,-4.8801,7.117,9.9806,-5.8326,-7.5223,1.4405,9.7321,-5.2865,4.329,-2.5009,-1.0633,-9.51,9.4434,1.5707,-3.5473,-9.598,4.0018,5.6126,3.6887,-2.0017,-5.6744,0.344,-9.651,-3.9336,-6.5483,-4.2988,-2.8719,2.8475,-3.8295,-1.6664,5.0568,1.5415,8.2333,-0.6437,9.485,3.1729,-5.3715,5.4012,3.1266,1.5742,4.6153,-0.9022,-2.6943,-0.8578,-9.2134,2.0486,4.6331,2.4273,-4.3281,5.1745,-0.9552,8.7797,1.0115,-9.011,-2.0202,7.3454,-4.5828,-1.7644,6.3119,-5.6338,-3.7595,0.8011,-7.0827,-8.0716,-6.2239,-6.9596,-3.3139,-2.3886,5.0325,0.0269,-9.3447,6.605,2.81,-3.3286,-7.2473,9.5201,-7.9172,8.0406,6.7929,-7.2452,-6.2628,-9.6462
-0.0569,-3.5008,5.3309,3.3516,-8.6387,3.824,-8.9688,3.9058,-5.9917,3.2134,4.4677,-1.9804,9.2715,-2.5817,-1.3312,2.3366,-8.3113,3.4698,-5.0059,-6.1765,-2.4186,0.2274,2.8313,-7.5894,0.1479,8.1648,3.4662,-6.342,-3.3026,5.8768,7.9052,7.5941,-6.3116,-8.8762,-0.0975,0.4605,-1.4711,-9.3457,-9.2614,-8.4777,-9.7052,-2.5401,8.3387,6.4831,-5.737,5.7748,8.1313,-3.0058,-3.9259,7.8691,-0.824,6.7626,-7.6728,4.4801,1.3294,-1.1106,6.7819,-0.8809,3.113,-2.3341,5.2484,-2.2118,8.9185,1.8995,-0.8231,-0.4782,7.2402,9.217,4.0618,3.8468,-6.6197,4.4005,8.3935,-9.7135,7.6346,-8.6604,2.9963,-7.6973,3.1858,-0.2822,8.4793,-0.5359,7.5166,-7.2644,-1.2024,9.2796,1.4895,4.676,-3.464,2.0381,8.2966,3.9026,3.9501,8.3505,6.4142,1.6484,-6.8978,5.563,-2.0433,-7.6294,5.235,5.3213,1.8948,-3.572,-4.6567,9.9141,-8.847,-3.8854,-9.9663,-9.4638,6.9422,-2.2194,0.7451,8.0782,8.7383,-7.5486,3.8911,8.6992,-5.2354,-9.9075,6.7787,-7.421,-2.6457,-6.635,1.5695,-2.8571,-2.7245,-2.3639,1.5642,-8.2883,4.5461,-3.7114,4.0918,3.1031,0.0698,5.1485,4.7631,9.1717,-5.3854,-6.253,-3.1864,6.1706,-4.1889,-8.4885,-9.6187,5.3314,-5.0428,-3.8256,6.838,-9.3097,-5.8612,-2.2533,-8.6101,-4.0507,-7.2308,6.5307,-4.1003,-5.2693,1.0115,-1.047,-8.79,-2.2392,2.3609,5.5272,-5.1239,6.1287,4.9093,-3.0625,-3.7353,9.0643,5.318,-6.6868,-9.642,-6.6788,-4.4094,-9.4495,4.9969,-8.0123,0.2682,0.18,9.4387,1.1293,0.0232,8.2536,-1.703,-6.3278,-2.8241,-4.0024,-6.6537,1.2377,2.3551,-3.64,6.1811,4.0476,0.859,-0.2303,-9.7309,-8.1941,-8.0187,9.5217
-5.0937,-0.6283,7.5064,9.9459,4.8448,-2.0167,1.0173,-4.8522,2.3675,6.1424,7.6739,-4.5023,8.4446,3.5246,-0.5112,-4.137,-7.3877,-2.9785,0.7777,-9.2882,-8.579,9.8761,9.2269,4.2436,4.8478,-2.5601,1.0808,-2.5788,3.38,-4.4762,-8.6586,0.5195,9.9559,-5.3076,9.4504,5.3084,5.1172,2.2568,-9.8342,7.5961,7.8433,8.9173,2.0976,2.138,7.1302,5.0802,-0.7167,-0.9873,-5.1522,-4.6666,-3.4629,4.6569,6.3162,4.6262,4.8618,1.123,3.4028,-3.591,9.4772,6.2925,6.9086,-6.9943,-1.0683,-1.579,-4.7622,-0.0312,-0.1494,8.5079,3.7797,8.1362,7.108,-1.8221,5.7126,-1.6228,-9.3346,-8.2891,-1.3124,7.4128,4.1245,-5.7155,-0.2102,-1.3997,1.4234,3.5046,1.7536,7.8802,9.4174,8.6179,4.8491,2.3239,-4.3159,9.0135,9.3863,-4.1996,-3.0032,8.5567,4.7223,1.6222,1.9327,-2.8002,-4.739,-5.4264,3.7739,5.0579,1.5671,-5.9011,-5.0136,9.4051,3.1119,-6.5096,7.3139,-4.6852,7.6965,-3.5325,4.021,9.1499,-6.9664,-7.8438,-5.3028,-2.3094,-2.8671,-8.1466,6.9176,-7.6266,3.712,0.4872,5.1645,-8.4895,-6.3532,-4.29,-6.3521,-3.5884,-7.4284,3.7835,4.9693,2.6958,2.6885,-9.575,5.8602,5.0841,-0.9289,-7.4551,-2.8609,-2.1785,-8.2155,-0.2003,-7.3512,7.9146,0.1345,-2.9591,6.3192,9.3966,-2.9826,2.2469,2.3866,0.3417,0.0165,1.7344,-6.4587,-6.1519,4.6498,2.2499,-7.6769,5.9567,-7.1488,-5.6245,8.6117,3.921,7.6277,9.2354,-1.5947,-2.3692,-3.5942,-5.7925,2.997,2.2443,-3.8474,-5.4697,-2.7511,0.2042,-1.8257,-6.1504,-5.5416,1.2335,-5.5909,7.7341,-0.8466,3.2658,-1.8311,-4.2615,-9.3061,-3.6353,-7.2038,3.3948,4.1632,-2.2574,7.9247,9.7528,4.8903,0.1597
8.6045,0.3095,3.3807,8.9528,6.6361,3.1652,8.5285,-9.7746,1.4151,1.26,-2.5677,4.6406,5.786,4.326,-9.8166,3.1895,3.0872,-4.566,1.5002,-8.9192,-4.9383,0.7818,8.4029,-8.7665,-0.4488,9.0916,-5.7217,8.8182,2.4666,-7.003,-0.1744,3.9557,9.6284,3.1281,1.7635,-4.4432,5.2984,-8.4814,8.0386,-8.0203,-7.6679,8.0589,-6.2166,-1.1379,6.4715,4.3165,-6.7174,1.1139,7.2005,7.6032,2.2487,7.1514,-6.6472,-8.3381,-7.0933,5.1375,3.7302,-6.6827,-3.3348,-3.8953,3.886,-5.5691,-1.0727,7.7521,-3.335,8.1555,-9.4325,-2.9663,1.9868,-0.3398,2.8839,-7.1282,5.6999,-1.1387,5.9919,-9.8,-4.1981,7.5116,-1.4182,5.8033,-9.6936,-3.1682,-5.065,-1.9335,7.3514,9.5545,-8.82,9.7719,-0.7031,9.9078,0.4528,7.3964,-5.3557,1.7972,-5.7823,6.5933,9.2662,8.6377,-2.3813,-1.5384,-5.5759,1.555,0.4818,-5.188,-1.2062,-7.0182,-8.6125,8.8844,1.6972,6.9501,-0.3859,1.8363,7.1231,-3.8542,2.9192,-2.2027,0.1995,-1.2318,-3.2893,8.3117,-6.2965,-6.1455,-7.4341,-2.8808,-3.6917,-9.4468,-5.7692,-6.3659,-9.5877,-4.4042,4.4734,0.5444,-0.1788,7.2978,2.9345,-8.0727,1.7509,-1.5669,6.1876,8.552,0.2412,-1.5377,0.9956,4.859,-5.7028,-7.3634,3.1047,4.1866,9.9976,-4.4853,-7.3926,-3.7753,-0.7721,5.4187,-6.6779,-2.1032,2.4243,-2.387,-0.2493,9.6602,6.7841,2.6252,-6.3134,8.5998,3.6547,-2.0459,-4.2203,6.2562,-4.967,-7.3026,9.6764,4.5214,-5.9048,2.201,-3.9075,0.1519,5.8343,1.111,-5.8641,-3.8051,2.3101,7.9367,0.2242,4.7508,4.7386,8.4991,4.2097,6.7833,-1.6774,9.9135,-9.0199,-7.7663,9.428,3.3638,-1.2857,2.3944,-2.6691,-7.4454,5.4827,7.6952
0.3686,4.538,0.558,-4.4513,5.4179,1.1123,-9.9816,1.7068,-6.8512,7.7993,-4.7402,-5.5086,5.2834,-7.8167,-2.7676,6.4056,3.6545,0.9084,1.6552,2.1076,-3.2448,-4.0577,8.0228,-4.0143,-8.3583,9.493,-2.0177,5.4093,-4.0422,-0.2617,-9.8692,6.3991,0.6998,-8.4352,0.4212,-8.3976,-4.1133,-0.6824,-5.1209,2.8728,8.6215,-7.8979,-5.9851,-7.6598,-1.7327,-4.524,4.7748,2.7971,-6.8095,-6.798,4.0545,-6.3661,-6.8596,6.6331,-3.8002,-1.5964,-3.2615,9.8425,2.1097,-2.8866,0.444,8.2637,6.5092,-9.0123,5.4809,8.0702,-3.4399,-3.35,9.366,-5.6239,1.1326,-7.8606,6.7322,3.398,-7.7534,4.6466,-7.1218,-4.5442,3.5099,2.4753,5.7826,-2.9867,-9.9294,-3.1283,-6.6805,-1.3254,-0.1837,1.6495,5.7517,6.1904,-7.5053,1.8393,-8.1185,-4.5732,-1.8208,8.8412,8.2592,-7.7995,4.2139,-3.1567,8.0638,-1.1237,0.3169,-2.3525,-5.8048,-0.5686,6.3717,-9.4052,-9.1381,1.1509,2.4194,-2.5014,5.0675,2.8738,-0.8993,7.778,-5.514,6.1319,-2.9906,-4.961,-8.0673,0.6456,-7.9564,-1.119,-6.5266,6.4952,-6.6455,2.9631,-7.8234,-1.5143,-4.9977,-6.4743,-1.4504,-2.2981,-7.1646,-8.0126,-3.3112,-1.217,8.6969,-3.8641,-1.6543,2.721,2.4303,-5.4986,-4.9135,4.431,-7.6629,-9.1879,3.1455,9.0873,7.1803,8.9436,-0.3422,7.0674,7.3722,6.4601,2.0753,-3.6007,-6.7898,8.2943,-1.1863,-4.0904,9.6147,-5.3174,-6.9487,4.6169,-4.4429,3.3313,5.3483,-5.0515,-3.4314,-8.8218,-5.7268,-0.5749,2.4898,-0.5126,9.8178,2.9536,6.3982,0.1557,8.2951,9.1656,3.7881,3.3912,-7.7533,-6.8281,-1.257,7.6592,9.7574,3.4301,0.1987,3.8609,-6.903,-2.9115,-3.1432,1.1283,-6.3128,0.4206,-2.9747,1.2387
-6.9036,6.0625,0.7232,-0.7679,-0.3198,-7.6908,-4.6187,-3.6371,-6.3405,4.4162,-1.9254,-6.4729,4.9507,-5.6102,5.9666,4.9025,9.942,0.8677,-3.5509,3.871,-1.1938,8.4719,7.981,4.7744,1.1107,2.9176,-5.5098,3.6373,-0.3316,-8.854,-9.192,-0.9421,9.9991,0.8195,-0.0264,7.3738,-4.133,-2.2935,0.9367,3.581,-8.8208,-9.8761,4.4085,4.6952,9.4129,-8.5119,-1.6676,-7.961,-8.3786,8.8708,0.7395,-5.104,8.6937,9.6963,5.8148,6.203,-4.7533,7.2888,2.7603,-5.4233,0.5432,-8.0706,0.27,5.5924,-5.8851,0.3128,5.9684,-3.7834,-6.1207,-0.3179,7.2997,0.1811,-8.6984,9.37,2.5683,1.1036,6.2791,-5.0226,-8.7501,-7.8241,6.4172,-7.464,-4.0747,-6.0278,7.8483,8.9942,-3.8747,6.4074,9.3184,-8.5863,-5.5827,-3.0764,3.5459,8.0455,9.8489,3.1048,-5.9424,-4.3118,-6.1844,-6.8675,9.5221,5.2414,4.9332,9.1556,-7.3266,1.0117,-9.6665,-6.4218,3.0239,5.7649,9.7535,-7.4485,-6.5768,7.669,-3.6066,2.5262,5.173,7.2859,9.8319,-6.1173,-6.7135,-2.076,0.3113,-1.4185,1.1162,-0.2075,8.4061,2.5934,1.338,5.8933,1.3582,-4.7956,-2.624,4.2901,-5.1344,4.2425,2.2231,-4.5098,-9.1877,-4.8266,4.6218,9.3377,-4.9338,-3.1584,9.5851,4.4998,5.2934,0.8257,7.0965,6.3186,-6.5789,-2.5825,3.4549,8.9537,7.9944,5.2539,0.1812,-6.1399,7.4661,-3.8741,0.1368,6.9741,-5.0002,7.6513,-2.8764,2.9351,1.5249,-6.6,-9.3871,-2.2448,-1.5829,1.7433,5.9432,9.7303,-5.5124,0.4462,1.7191,9.1636,3.4049,7.599,-9.8042,7.7813,8.0761,-7.33,4.4279,9.2508,-6.4038,-7.7574,6.2641,3.7412,7.9028,4.36,-4.5895,1.3629,6.5437,-3.2529,6.7676,2.3679,-2.7812,6.7874
-3.1618,-2.7235,-0.945,-3.169,-1.1793,6.2505,-2.9195,0.3655,-4.4945,-1.888,2.1125,-8.8422,7.1707,-3.4898,-9.9125,7.0339,-0.7,0.9215,8.1894,-7.3095,-7.2187,8.7562,-9.5813,-2.0015,2.4173,-5.9025,-4.4347,-7.6811,-0.244,-9.1278,-1.2129,-0.5714,5.4498,-0.018,2.3354,-2.3163,6.3907,-4.42,5.9127,2.5113,7.882,5.9889,-6.1138,2.2966,-5.04,2.0855,-4.3013,-7.9302,-9.5281,1.4191,5.4979,-1.7743,1.6674,9.906,-3.2824,9.578,-8.3967,5.6077,5.5887,-1.116,2.9187,-4.265,8.7692,8.8756,-2.2415,-3.7338,-7.0019,-4.8944,9.1538,-5.54,-5.0757,-0.4877,0.0168,-1.0207,8.6536,7.1159,-8.7112,-3.2248,-4.4683,-1.3744,-3.1712,-7.7688,6.7099,-9.7424,2.9265,-1.3733,-8.5698,7.3385,1.555,4.6929,9.1424,8.3973,2.1917,-0.4333,-2.2685,5.6756,2.6237,-6.2231,9.8641,4.1288,-4.9279,-1.8144,0.2717,-3.6737,-1.4879,6.6212,-1.0085,-7.5988,-9.8777,4.6987,6.8184,-1.3915,-9.8178,2.1196,4.7686,-9.6618,4.1304,-5.3686,-2.8093,-5.7154,8.1472,0.9228,-5.6899,-2.2345,3.8178,-0.439,7.5332,1.5439,7.0883,2.6713,9.4585,4.2206,-0.1928,4.3744,5.6172,-6.0992,-9.1773,4.8083,-1.5572,8.8138,4.5074,5.1088,-0.0927,-3.1915,-2.0277,8.775,1.7545,-0.1835,-1.1017,3.9381,6.1616,6.1504,-2.6716,-5.319,2.9401,-8.5847,-0.9688,3.7827,4.9596,4.2474,8.4903,-6.1066,-7.3376,-5.4009,-2.6619,-6.7403,8.3693,-2.7238,-8.2013,-6.3569,9.0231,-7.7762,-6.4546,8.7312,7.0044,8.3455,8.7129,7.0185,2.4314,5.0365,3.7413,0.6545,-9.3959,8.9141,2.7684,1.3666,6.4935,5.6776,-5.0402,-3.7837,-8.2747,-3.8462,1.1529,-6.6155,-6.5718,2.8563,0.444,6.4045,-4.121,7.7343
-4.7481,1.4719,1.7245,-2.3655,0.3214,-3.9777,2.3235,-1.4458,9.7616,-0.6373,6.303,-0.6562,2.9386,6.3373,-1.854,2.5788,-0.5032,8.4868,-4.3705,7.3771,1.2711,-4.905,6.0638,1.1441,8.5114,3.1035,-6.6626,-8.6722,9.3183,4.3426,2.253,-7.847,1.8282,-1.2062,-4.2128,-6.6436,7.288,7.3443,9.6119,-2.6638,-2.2559,5.4261,5.8837,-3.5417,0.7413,4.8782,-9.9896,-8.4162,8.4275,-6.3371,3.4118,7.7919,-8.8584,-2.3059,-7.8384,9.4198,8.3237,-6.1524,-6.3028,1.9194,-4.5174,5.8775,-5.7845,3.2094,-1.3905,-8.4736,-5.0702,-1.5272,-4.3483,-8.398,-9.2956,-7.3913,9.8631,-7.6292,2.8756,2.8629,-4.9253,0.7624,3.5376,-0.1388,0.4294,-0.5861,-9.0519,-8.7384,-7.4992,-8.0705,-4.2457,-9.8782,-8.3483,-6.0743,-0.5181,9.8743,-2.0077,-7.3079,-1.0591,2.8232,-2.3333,-0.3261,-7.7747,-2.8422,7.7618,1.9387,8.4532,-6.7051,-0.9646,-8.1758,-8.2547,2.3287,9.5048,5.6279,9.1705,-3.0008,5.4303,-1.8224,6.0906,7.5069,0.9984,1.2524,-5.2754,-0.6681,-5.3042,-1.6536,4.1974,-9.6395,-2.5948,-4.1395,-0.4333,-8.8354,4.9697,-0.6914,-4.5588,8.7409,6.5839,2.5378,4.9019,8.7054,1.9644,-0.8777,3.5645,6.9765,-8.0419,-9.5678,-7.9581,1.5798,8.1892,4.4625,7.3165,-0.5702,-2.7625,7.2541,4.0396,6.8971,6.9205,4.8393,5.3097,-5.0082,-9.4748,3.6214,-0.3463,-9.3401,1.5566,-6.8488,6.5105,2.9903,-1.752,-0.6919,-2.8401,-3.5081,-9.3568,-9.0013,6.388,7.4309,5.6982,2.8743,7.9863,6.2438,0.6551,-5.7108,-3.5339,5.232,1.1007,3.6835,-3.3782,4.0745,1.2095,-9.6352,-2.63,-3.9026,-2.3908,-4.4565,-6.6007,-2.7861,-2.5147,8.6565,1.0987,2.221,6.5298,6.1922,-9.673,5.8488
-2.7831,-7.4754,8.4946,9.745,8.5814,0.1691,2.4315,2.1048,2.2538,8.662,1.871,-1.8404,3.383,5.6925,-6.3748,4.9267,-9.0861,4.9863,-6.0972,-8.0611,9.1693,-1.5175,-1.0804,4.6007,6.0164,4.7144,-7.3626,-0.1974,7.5974,3.2643,2.7067,4.866,0.399,-2.9317,8.6047,5.0912,5.9378,1.5192,-8.3297,-7.6041,-5.0054,2.7495,7.1937,8.1606,5.5922,-8.6715,-4.5191,3.5097,-7.8803,-9.1725,6.6069,8.1365,8.1438,3.7911,0.4096,-4.3631,-1.0661,-3.6193,-8.868,-3.5842,-7.1778,8.3261,-2.1635,-4.7646,1.2703,7.0735,-3.813,-2.7395,4.3448,9.1432,-6.4871,7.6381,2.4664,2.0019,7.5149,-7.6018,-6.6763,5.1714,-0.4968,4.516,-9.5778,9.4901,2.0579,-1.1047,-7.1003,-1.2668,-2.3592,2.8916,-2.2837,6.1309,-1.5937,-5.8115,3.2113,2.5088,-0.0566,-9.9381,-6.3748,4.2291,2.5325,2.8904,-7.1165,-1.794,2.6035,-0.6558,-4.4822,-3.2874,0.1191,-2.381,4.2304,3.5776,3.4719,3.5427,6.906,6.9255,-8.6952,-2.7552,-9.5275,-5.7254,-0.1931,2.0694,-5.5364,-6.2145,5.0015,6.8623,-0.7181,-2.4409,9.4703,3.1347,3.731,3.7635,-0.7852,8.9744,0.3121,9.5158,-2.5504,-9.0977,0.9456,6.0145,-0.7714,3.3398,-3.8527,3.9968,6.3367,3.6341,-2.5097,-5.2698,-6.0358,-4.5672,4.8376,9.8343,4.7496,-4.9268,-9.0174,9.5413,3.0606,1.8965,-9.6226,9.6369,-9.8426,0.7233,0.6556,1.3187,-5.5185,-3.7435,-9.8434,4.9523,-0.6544,-1.411,1.9855,-3.9234,2.1956,8.1217,-8.4465,-6.3335,-4.5582,1.2293,7.9004,-4.606,-2.3886,-8.2659,-1.975,2.0706,-2.2346,-6.6144,3.9567,-2.1947,3.5164,-5.6382,-0.623,-7.8819,-0.1129,-5.3876,3.1286,0.6332,-1.0117,-4.1863,0.907,-0.0416,5.6893,5.8133
-8.3692,-7.9198,6.8701,1.303,-7.0879,5.3179,3.7348,-2.6998,0.3787,-9.3116,5.7165,3.372,2.6353,-0.466,-1.9035,-0.5543,1.163,-5.005,6.5029,-1.051,-9.1378,-2.1187,7.3415,-1.3936,4.6025,6.0918,-8.3129,0.4299,-0.6134,3.9889,-3.9075,6.2387,4.1393,7.0536,-2.9999,0.3857,1.1759,-4.3246,-9.286,-9.2274,-1.2218,-4.9477,-1.6433,3.2168,-8.1885,-2.1424,-3.1371,5.2785,6.1972,8.4253,2.3545,3.6816,8.8972,-2.038,1.6841,-1.961,-3.9668,-4.4698,7.5085,-9.8441,2.9913,-5.5649,3.5689,7.885,3.5486,-2.1758,-7.3808,1.9356,-9.7484,5.14,0.6196,-4.3464,-7.1642,8.5743,5.0289,2.5335,-1.0099,6.9171,-5.282,-1.2046,6.9363,8.9568,-6.7971,3.5556,7.6898,6.9029,2.1471,7.2975,4.7596,4.7042,-8.0451,-9.7667,3.4899,3.4658,2.0988,3.8029,6.4352,-5.6621,-0.1565,-3.8169,-7.6158,-2.6416,-9.0772,2.2404,-9.5753,0.384,-6.8197,-5.2565,-6.066,-7.6504,-6.3651,-4.6431,0.2448,-2.2545,8.9752,-4.9245,5.4432,0.7255,-7.9061,-2.3206,3.8871,7.8347,8.4656,-3.3026,0.3538,7.414,0.181,-6.7195,4.0445,-8.4598,-9.4124,1.4605,8.472,-4.2324,0.7221,3.179,9.4017,2.7213,0.3134,3.9632,-7.2323,-6.8744,-1.018,-7.8111,3.9503,-8.6741,0.9063,-3.3146,6.0831,5.6648,-5.765,3.0056,9.3052,-2.6905,-5.3193,3.3285,-0.4672,-5.4544,-8.9898,-7.5589,8.1491,9.6724,8.4863,-6.0478,-5.9867,4.5228,-9.0319,-2.2295,7.4155,9.2365,-7.7141,-7.8508,5.1443,-6.1752,8.1096,-9.0902,-2.5046,1.6789,-2.9178,-8.485,9.8064,-9.9931,-3.1332,-2.7357,-4.6506,-2.8209,8.3697,1.0847,8.4224,-0.0206,4.9828,-1.2891,1.4245,-4.8484,1.8827,-7.3412,6.4753,4.9117,-6.7421,8.3289
8.4699,-3.0614,4.8313,9.4466,6.6688,2.9708,-2.4104,4.2585,1.1874,9.9051,4.3537,-5.9466,0.0884,3.2612,-5.5516,-6.6215,7.7591,-1.5097,-4.1979,-0.0677,3.7261,5.6195,-7.6781,4.376,2.0147,5.8104,-8.4735,-6.3063,9.8556,-2.3651,-4.6599,-8.9461,-2.635,5.3353,8.9603,-5.8244,-2.9112,4.3696,-5.2536,9.1112,-8.1022,-6.0228,-2.542,-4.6105,5.0542,8.9347,-8.8171,7.5809,8.3076,0.3357,-5.8977,-3.9955,-8.6646,3.9634,-2.3292,-1.3971,-9.2,3.4663,9.8217,-0.0469,-5.9685,-5.5429,-2.7717,5.1524,4.3453,0.0388,-0.4417,0.6991,7.7396,8.6581,3.8264,-3.892,3.0106,-8.4007,-9.4629,5.4118,0.7281,-6.4325,-0.4942,3.321,-3.0991,-9.4831,-7.2126,2.7904,5.3547,-4.5002,0.2239,4.5244,5.2005,1.1635,-8.755,-5.4067,-7.5009,3.3478,3.0117,-7.2378,1.0985,-0.7488,4.7416,6.7532,-1.4783,8.7622,-3.285,3.7472,8.9845,3.3241,-6.5537,-9.8216,-3.3809,9.2959,0.4307,4.942,-9.5057,-8.5585,6.4997,1.2459,-6.7153,-4.2155,0.9567,0.2699,-7.8006,6.2262,2.7564,8.7562,8.8504,0.6779,5.0717,-5.7965,3.4352,7.6328,7.0515,-7.9772,7.3008,7.7095,2.2927,7.8718,7.8818,1.4123,9.4887,5.0278,-4.7333,-9.6772,9.2876,8.7099,-5.7883,1.5295,-4.7688,-9.0562,-5.1085,-1.6124,-9.683,-1.1224,4.4844,9.7344,-4.5214,8.4813,9.9636,5.183,-3.974,-2.4309,-0.2973,3.3288,-0.1899,2.6697,3.9246,1.3385,3.8787,-9.059,0.6086,-6.2163,-1.0848,-7.2795,-4.8798,-0.6363,-3.9323,1.777,-5.6855,-3.1569,5.263,-1.4052,1.4504,7.5382,-2.4422,-2.3482,8.3138,9.1405,-1.3272,0.5822,3.3448,9.1876,-2.5912,-3.8656,-2.4233,-5.4089,-7.6458,8.5867,9.3783,7.6177,0.3937,3.1365
-1.0933,-7.7721,9.9965,-4.3938,6.9412,-6.7079,3.0154,4.3794,-6.0562,-5.3542,-6.5207,0.6546,-9.3859,-4.8148,7.3819,5.5987,8.0641,-8.1883,-3.409,-8.5117,0.1367,-6.3046,7.7281,-2.8696,5.7394,-0.8618,-1.7511,4.2876,8.8387,-3.7313,2.0341,7.9562,-0.0964,-1.7871,-8.1671,-1.8519,-4.8562,-5.8952,-2.0744,-5.0305,6.9138,1.6985,4.8115,3.4886,4.4668,0.642,6.7898,-2.3221,-0.9531,-7.5138,1.6566,0.8327,-4.1261,-3.0397,-7.3767,-9.6128,2.5224,6.171,5.0372,-4.1052,-6.4141,3.0093,-4.1196,-9.1898,-8.1726,7.5496,-7.1518,-4.1014,-2.2953,4.2549,-7.6968,-0.225,4.6551,4.4223,9.1042,-8.9614,-2.3349,8.6565,2.7196,6.8484,-5.7097,6.9147,3.6773,-6.5217,-4.3084,3.0189,1.7188,5.8437,-0.4413,-9.1052,6.3634,-8.0566,-7.5706,6.0918,-7.2917,-0.4916,-6.5434,2.8036,-5.9104,-8.8551,0.4596,-3.3856,-9.2812,-2.8449,7.4258,-4.7547,7.6013,4.7234,5.6057,-8.6691,-4.8224,-7.7769,0.7668,-7.9042,2.5254,-8.77,8.273,6.7632,8.6545,-7.348,9.6648,5.3476,6.4286,-0.4044,-5.4013,-2.0513,2.8996,-0.9929,-5.0827,9.9302,-8.4203,-4.4157,-7.8743,7.3264,7.5202,8.4802,-2.0549,-6.8413,-7.1194,-8.1439,-7.9705,-8.0696,-9.4291,7.0246,-0.6382,-2.5813,-0.0321,-0.7905,-8.1668,-2.5553,7.2966,-0.88,8.9694,5.8772,5.0952,-8.8,-0.3083,-1.1194,-7.3017,-9.5357,6.1993,2.8626,-5.7928,-9.8608,-3.1876,9.5515,-1.1575,-5.2263,-3.2364,4.6114,3.9557,-5.0318,-2.3046,-3.4976,-1.0914,-8.6437,-6.6513,7.6068,0.697,8.0232,3.5973,6.3672,-9.4261,-0.0307,6.0146,-5.0516,-6.8391,-6.1073,-6.6853,-3.9313,2.2437,-8.0914,4.2244,1.3404,-3.0616,-5.1643,-8.6594,-8.1629,-7.2322,1.7402
-2.64,-9.1064,1.891,6.4076,-1.3803,9.9613,-1.4235,-2.0161,2.9576,7.1182,9.76,6.5678,1.6145,8.7527,-4.0769,0.8207,4.3051,6.3549,0.0994,7.0729,-3.9033,-9.9444,-4.4249,5.7914,-4.2677,2.4486,9.585,-5.5869,5.2608,-4.9975,-7.3441,0.4913,1.1083,7.4839,1.0719,-0.0304,8.7799,-1.5589,-7.2017,-1.1051,9.0919,7.4824,-4.0201,0.6761,9.5131,2.2106,-7.8559,8.942,-6.3397,9.2308,8.2796,-6.9751,-1.2657,-3.9528,-9.0564,-9.6836,-2.5154,-3.4757,-4.9863,1.0323,-1.7616,3.5056,8.0525,2.0928,1.6733,6.0671,-3.5619,-5.8544,1.6231,-2.0091,1.3244,-3.5596,-5.3776,8.2418,-5.4715,1.9544,-8.3831,-6.4807,-5.3623,-8.1051,7.5091,1.5765,-3.7549,-7.7824,5.2439,-2.296,4.012,1.2522,8.3507,2.2532,-3.4238,7.2921,-7.8234,4.0597,4.3583,-6.0513,-0.365,2.171,-8.1133,1.1588,9.6078,-6.6718,-8.1481,-6.5157,5.1918,-0.0976,-9.6016,4.6132,-8.7408,1.1393,1.6637,-3.6387,2.4152,8.3364,0.4778,-3.0445,9.963,-7.564,6.7976,-7.1388,-0.5627,-9.9223,3.8561,-1.6868,0.0839,-0.5972,-2.6102,-0.7401,-6.8192,1.3601,6.5374,1.7176,-8.9694,-0.5118,2.4847,6.8846,-3.0804,-7.5897,-4.9429,-8.0776,1.4786,6.7397,2.0552,9.7592,4.0699,-4.5293,-1.1041,3.7802,-2.3193,-0.7785,-2.1231,-1.9132,-3.9978,2.0859,-3.9742,-3.5076,6.7995,0.3778,2.7416,-7.6447,-3.9304,-7.1037,-4.3867,5.5211,4.8598,8.6046,7.2571,3.8857,3.3712,-2.4972,-7.0301,-0.7911,6.8067,7.3153,1.3354,-9.9753,3.6085,1.03,-3.4784,-9.0702,-0.9648,-7.7438,6.057,5.0146,-9.7942,3.4702,-4.3341,6.0231,0.6363,-0.2265,-7.5531,8.8814,-0.8323,-5.1132,6.1874,-7.0907,-6.2796,-0.6284,5.1401,-3.905
-6.4274,4.4424,-8.0807,4.1906,-2.0422,1.9442,5.3328,-4.6446,-6.022,7.8222,-8.1562,-4.8227,-4.4068,8.2244,-6.0998,7.6959,-2.636,-8.76,1.7794,4.1502,1.8653,-6.632,-0.6466,-8.274,1.1215,-6.1706,1.9102,7.0576,-6.694,1.0362,5.8488,3.9711,-6.4335,7.2679,-4.5411,-4.737,-9.7014,-5.1143,6.5632,-4.5664,4.0353,-2.6983,2.3608,9.8491,-0.5842,1.2404,6.192,3.3386,4.2676,5.7546,-4.2345,-6.584,-0.8256,2.5122,1.9117,5.8681,-7.6159,9.6246,-3.3853,-0.7543,9.2733,-9.5186,9.8195,9.2797,-8.74,9.7669,-5.2916,6.1181,3.8302,6.7908,-2.2293,-4.7623,-7.0037,-4.1942,-3.1229,5.5594,9.9355,0.6717,9.6279,-5.5494,0.2818,-2.3361,-1.1617,-7.5939,-0.4933,6.6851,-9.8095,-2.573,-8.3091,-2.4841,6.3541,1.3694,-2.9847,7.0063,-0.9248,6.8793,0.4168,0.3852,9.0291,6.1713,1.4411,3.2707,7.1127,-7.87,-6.7105,-0.0973,-7.8591,-9.7474,-8.8794,8.1719,5.7106,-0.1271,5.6261,8.9208,2.1525,-7.0856,4.3728,6.2869,-5.7307,3.7695,-2.8534,-3.8046,-1.692,0.0236,-9.1491,2.5872,-2.8129,3.9005,-2.9167,-4.4521,8.4325,-0.067,-2.8029,2.755,2.1084,-4.9263,-0.3759,-3.5175,-5.367,6.3375,-1.3829,-9.9983,7.5433,9.3708,9.6672,-4.5349,-5.4743,-2.8721,-5.0084,9.914,6.8817,-0.082,-7.0065,3.6271,-3.888,-7.2856,3.3348,-6.303,-6.1948,7.2333,-7.8068,8.9512,-6.8259,8.312,4.803,8.173,6.8888,0.0192,-5.8683,-4.6466,7.816,4.2652,6.9931,7.4669,-1.7137,4.8318,-2.7443,7.3256,8.9888,6.7446,-9.2262,2.9662,-7.3377,1.6089,0.9601,9.6003,0.4113,-6.7728,-5.1603,5.9051,-5.8724,-1.9891,-8.4795,0.089,8.2822,5.238,-5.7753,7.6298,4.9785,-4.4854
-4.6474,9.6574,-6.0392,3.54,-9.2437,0.6221,8.0228,-2.6763,-9.3218,-0.2511,7.3594,-8.5696,4.7944,-6.4899,2.6361,5.9936,-2.9564,-4.605,-7.0709,-8.7902,8.0642,-5.6566,2.3811,9.9755,0.5039,4.232,5.6792,3.8889,3.0894,0.4134,3.579,-7.9628,-8.8621,-1.7189,7.8643,1.9633,5.237,9.3565,7.3694,-0.8662,-3.2438,-5.2527,7.2484,-0.5895,5.6846,-8.0566,5.9767,-5.2175,2.517,-1.7949,0.2783,-1.5794,-8.5628,-0.116,1.7996,0.1495,9.8372,5.9788,8.8645,-9.0007,-5.1364,-1.237,-2.8094,-4.4963,-1.1334,8.5304,-3.784,3.7876,7.2654,-1.1424,-4.663,-2.688,1.1077,-5.0457,-8.5465,-9.7501,-9.4587,-3.6582,8.9719,-2.3035,-6.0693,-5.3049,-4.4211,-7.7659,-6.9461,8.5852,-6.4726,1.7475,3.4989,-1.4617,1.9729,1.3377,9.9644,-7.0241,5.6944,0.0167,9.7509,-0.1244,5.7924,3.6905,4.9194,9.1931,-7.6951,1.9753,2.0532,-1.9871,0.5494,-1.4048,-2.251,8.0341,0.5157,-6.0876,-1.8585,-6.3905,4.177,-6.861,-0.3456,-1.6221,-0.7491,-2.0126,5.7328,-9.9973,9.9354,3.5572,0.2556,5.4615,1.0196,-7.2676,7.6302,-0.0851,-6.9054,-7.4692,0.8135,-1.0224,4.8621,6.7409,-9.117,-4.2731,-7.792,-8.2538,-3.9916,4.4584,-0.6995,-9.1847,9.1005,-0.262,-0.6388,-4.8029,-0.6815,9.3286,2.2159,9.2568,7.9027,-7.9721,7.1864,-9.7508,5.6973,-5.0234,-8.1121,8.7842,-4.9988,4.1571,3.2795,-0.0352,-1.3349,-6.0646,-6.1798,-1.793,3.6018,-3.8863,2.5728,3.4483,-7.2453,8.7832,-3.3652,-9.4109,2.0523,-8.7522,3.4812,-0.9391,9.2882,1.055,-7.1198,-7.5267,-6.0991,4.0742,2.2483,0.6868,7.1229,-4.1877,0.2027,9.4381,8.2984,-1.5191,-3.1259,-9.0155,-5.0001,-8.3271,6.742,7.4143
9.1473,-8.0291,8.375,4.7683,-1.8592,6.9247,-2.7467,4.3589,5.0042,5.1494,0.5754,6.3678,-8.0547,-5.0488,7.5755,1.2963,-3.1516,7.9795,-6.949,-0.516,1.2732,2.8608,-1.3197,-2.7683,-3.1874,6.2091,6.6883,3.5595,7.0513,6.1165,-2.5934,7.4431,-7.2289,-2.4288,-0.4263,-4.2767,-1.469,4.1153,-7.6058,-2.5713,-9.731,-5.105,-1.6665,-0.7367,2.0235,-5.9395,8.1643,0.3959,-5.5331,-0.8299,0.5123,6.1281,4.1994,-9.1601,8.1917,7.622,6.1992,-0.6063,-7.719,-5.6248,-1.5565,-8.9053,-3.4377,-7.5543,-5.8445,6.056,8.8278,2.3718,-2.9215,0.7033,9.6781,-5.7779,4.0068,-4.701,-9.3368,-8.5538,-5.9818,-1.8088,-8.2823,0.6881,0.232,-3.5539,0.2165,-0.6867,2.5783,7.6134,-4.1441,0.7722,7.0344,-4.5562,5.1454,-1.4708,-9.8152,7.339,1.4702,9.3768,4.4141,2.8504,3.4768,9.6366,0.0769,-1.1804,-4.4601,0.2017,0.6192,4.6188,0.9755,-0.41,7.3677,-3.0385,4.6769,4.1486,-2.86,2.0614,-5.8856,-9.3196,1.8971,-3.5181,2.6142,-8.2733,-1.476,-7.3006,-5.0287,-4.5337,2.5329,6.0145,-1.0855,4.5192,-8.1355,-0.7202,3.107,-5.2495,8.1781,-3.2201,-4.4838,8.2844,5.9973,4.6137,1.8316,-7.3136,-8.8519,7.9167,2.1813,-9.5635,9.4187,-2.1139,-8.6515,0.8048,-4.2653,5.7929,1.3953,-0.1813,9.6095,1.7713,2.7882,6.403,3.099,-5.1009,6.3639,4.6368,-5.781,3.2395,3.2686,5.0072,2.7256,3.2736,-8.5603,-3.1156,1.2389,-6.6481,2.1737,-3.9122,-3.5719,-0.8989,6.3025,9.5272,6.1049,-1.4457,-7.0388,2.2056,7.375,-4.7084,-2.7695,6.1083,-4.2573,5.5536,-4.62,-4.7058,6.1846,7.8632,-0.4291,7.9808,-7.7163,-4.4375,1.7529,-9.6636,9.2764,-6.9297,5.6536,-7.7126
4.4833,-5.3252,-5.046,-7.7821,2.5739,-1.1085,-3.0394,-3.104,-7.6699,1.0838,7.076,-3.5007,8.6038,6.5941,-0.6671,3.2531,-8.8242,-2.762,-0.7087,3.9582,2.1888,-4.9956,6.8033,-2.1213,-9.6992,7.0238,-9.5451,-8.1248,2.1111,8.3964,9.9825,4.3693,5.9934,-8.0026,0.5057,-7.4137,6.4138,-0.1894,-2.1115,-7.9376,5.3799,7.6944,8.9751,4.6921,-6.2297,-3.7894,-2.496,9.4691,-5.1167,-0.2282,-0.7685,-8.2669,2.8283,6.1277,-0.7506,5.6786,-1.5864,-2.3442,-2.7383,7.0134,-5.9219,0.3759,0.4876,1.525,-9.4484,7.1212,8.5346,-7.6551,1.6924,8.087,9.9674,6.8694,7.2261,-0.927,-1.809,8.6561,1.4213,-1.9497,5.7618,9.3571,3.396,-5.2927,1.9728,-5.7374,-9.7103,-5.0391,-4.8249,-2.5755,-3.7325,2.141,-2.2555,4.3359,-5.3973,-4.0851,-7.3345,-5.3879,2.6799,2.0083,-8.4031,-7.7564,-7.4273,-7.5105,5.5756,-4.566,6.52,-1.8677,-0.3035,-2.4512,-4.8924,5.7158,5.8811,1.2779,-1.5956,6.2031,6.714,-9.2207,3.8484,-6.1753,7.9601,3.8853,-0.9067,-5.5804,4.3793,-4.2939,8.4648,-8.6048,-1.8895,3.8748,5.6398,-3.8933,9.5177,-9.0368,-4.0021,-8.831,-2.144,7.4081,2.8557,-6.0852,-6.7379,5.7328,1.9848,9.1663,-3.9308,8.0512,-0.0788,8.7277,9.4811,-5.7308,1.3335,-7.9939,9.772,-9.5444,6.0893,4.9999,-2.1899,9.0018,8.4577,1.0766,8.8922,1.5984,8.1143,2.621,0.1458,6.1134,3.5501,-6.3689,-1.3477,6.1104,-2.2899,-2.6087,3.1535,-3.7599,7.9809,-2.349,-9.0081,2.9299,4.0315,-9.6073,-2.6431,-4.2474,-4.2941,9.0038,-8.6798,4.2376,9.0991,-6.9679,7.8376,-5.8167,-0.3155,0.4085,4.7479,-6.7327,1.2442,-7.9745,4.6414,-2.7629,0.6795,-9.555,7.8809,-5.7193
0.5193,6.0388,2.0493,6.637,-2.063,-0.5188,-7.2524,-5.2433,-7.7723,0.2218,-1.1737,-6.8487,9.2562,-0.7397,7.5058,-6.7826,8.0364,3.5052,4.7739,3.2531,3.1003,5.5499,3.9427,3.8275,-3.6496,-7.4836,3.9341,1.1599,8.4761,-8.8464,-2.2777,5.6632,4.9442,8.1013,-5.5274,-6.0736,-0.3158,-6.7084,5.39,9.0878,-2.0124,2.9784,-7.2684,-5.8416,2.4055,-4.4718,-0.578,-9.3459,9.1553,0.7518,-2.5387,2.6234,1.9864,-3.6788,6.3421,-6.994,-8.9187,-4.506,-5.3517,-7.2993,4.8669,-8.248,4.0828,-6.0623,-9.2869,2.9065,-7.8217,-3.6676,4.2682,-3.8771,4.8191,-9.1014,4.8956,1.0594,-4.2395,2.7311,-2.0473,1.1752,-6.3638,-8.6671,2.4348,-0.5726,-4.1881,-2.2429,-3.9113,8.4105,7.8373,4.6414,5.0035,-2.6988,4.4234,-9.1008,-6.3726,-9.1883,8.5194,-6.5483,0.6613,-2.0255,-5.5756,2.1203,9.6485,4.6613,-2.8689,-8.9673,5.682,9.7637,8.1837,1.8919,-2.7449,9.4951,3.1698,-3.9534,6.2273,-4.9333,4.794,1.4147,9.9758,6.2004,0.6125,-3.9122,1.3509,-2.8695,8.67,-7.7515,-0.0828,8.9635,-3.3598,6.0205,3.901,7.0703,-0.6107,-8.0307,-7.9656,2.3331,7.669,-1.6242,-4.7952,-2.7109,3.0171,9.8661,0.7728,-6.9038,-2.2723,-9.7041,6.6757,-7.619,-4.2731,-5.3164,5.2253,1.495,-2.6396,5.0792,5.379,-7.012,-7.1987,-3.2277,-2.6709,4.3966,9.4967,4.896,-3.6782,-6.7266,-9.5938,-0.4375,6.0066,4.0351,3.0188,3.7077,-6.0374,9.4276,8.6701,1.1434,3.4117,9.4184,-7.2125,-3.2053,3.4462,6.9402,7.5366,-5.9227,-2.4629,1.5656,-2.3039,-5.2145,3.6467,3.6915,-6.2574,-9.7713,9.524,-7.8189,-1.0195,7.4874,-7.1244,5.0583,1.2737,-4.537,-5.7779,-8.8327,-3.9931,-5.9914
-6.9233,0.0841,-1.0408,3.9633,9.7165,4.6647,8.5339,2.4197,-6.4068,5.9886,-0.1588,4.5087,-7.5477,-5.72,-5.7348,4.066,9.884,-5.0421,-7.7245,1.4702,4.2909,-8.0822,-3.4693,-1.84,2.8691,-1.0204,8.4906,2.6831,6.2566,-5.3273,-0.6119,1.1048,-8.5335,-9.6132,-4.754,5.1822,5.6327,9.8557,-5.8138,-1.4264,-1.219,-1.1399,-7.2343,7.0074,5.5729,-2.1056,5.1831,-9.332,8.374,6.9902,4.2711,-9.6535,-6.2082,2.7861,4.7128,3.6221,-1.2366,-1.0103,-0.982,4.2454,-2.8082,-7.3653,-9.0266,1.8278,6.4735,-3.8631,-8.9855,6.9275,-0.2,-9.5194,3.1777,-7.3928,-1.3033,-9.954,7.5138,-4.1308,-9.5948,0.2596,3.0661,6.4157,-0.6396,8.2276,4.7065,8.0233,9.7741,-0.2381,7.321,-9.7395,-9.3084,6.2884,7.5283,1.1993,-8.1888,1.0258,-1.8313,-1.28,6.0388,-8.7444,7.2835,-8.0169,7.0075,-8.1505,-4.8461,3.2889,-9.4391,8.8339,-7.876,8.2837,0.827,1.0948,0.605,-4.2472,2.2058,8.3993,-3.758,4.8314,-0.3948,-6.0808,-6.1999,-8.9753,-7.4713,0.7431,-1.8999,8.4386,4.0296,2.3375,4.7385,2.6205,-4.901,0.6452,-3.7093,-5.7756,-1.5172,-8.1674,0.4955,-8.0517,0.972,3.6444,9.3286,8.2962,-0.9485,8.0541,7.6903,-8.6582,-1.1616,-2.1896,0.9246,-5.9264,-7.0352,6.3859,-5.6865,-7.9802,-9.4282,6.0481,-3.7401,-1.7429,-4.1723,7.6814,-0.3421,-1.0194,9.1567,-6.1106,0.1591,-5.852,3.8848,5.1265,1.0933,-0.283,4.0673,-0.372,1.7047,-9.6125,2.6711,5.2384,6.0993,-5.2055,6.7217,3.5276,7.2174,7.3286,-2.559,7.9378,-2.8973,8.5938,3.127,-1.2082,2.4788,8.5268,-6.807,-3.5216,0.1519,7.9576,-0.6267,3.4977,-0.905,-5.1426,8.3032,9.3943,-9.7119,-9.1402
-3.5389,4.6548,1.7647,-4.701,-2.3754,-2.0579,-8.7947,-0.837,9.1474,-0.9124,9.9998,3.4751,-6.0515,-8.4498,-5.1241,0.0237,4.6446,-0.1374,8.1157,-3.5943,-7.3554,-3.1098,0.8686,2.01,-5.7262,-9.3364,-0.0685,-1.4008,4.7298,-7.1723,-3.9123,1.5788,6.5469,4.7719,-0.6435,7.085,8.8698,-5.0169,9.041,8.336,-8.3755,-1.0736,6.5457,7.7636,-5.6393,4.6939,1.0877,8.8701,-4.7255,7.0411,3.9625,6.3969,-4.4206,-1.819,-0.7898,7.2985,-0.6692,-4.6312,6.1977,-5.53,8.1846,-1.7078,5.2423,-1.8177,2.4234,-2.5481,4.8765,4.5586,-1.5502,1.421,7.6505,8.4788,-1.2573,-7.6829,-4.1374,-0.9163,-8.1481,3.308,5.5923,-9.2649,-6.9711,-6.711,-6.5915,-9.1377,7.3757,-6.3281,4.8239,-2.4705,-0.4453,-2.9724,7.9145,2.9437,-2.446,8.8633,-6.0802,7.9151,0.278,2.8276,5.049,-9.3948,4.3846,3.8699,-5.1677,1.4188,-6.0549,-1.4945,-1.5364,8.0007,0.5935,6.9499,2.2998,-9.2241,1.4479,-2.6933,-3.7787,-7.4625,5.6242,-2.3525,4.0452,-5.9605,4.0308,2.6181,4.5961,-4.4917,-1.3647,-7.946,4.093,-0.1443,-3.8932,-7.7579,3.0827,-0.4885,7.51,7.1716,-0.3062,3.656,5.0704,8.5995,-6.3656,7.4253,3.3678,-8.4517,-6.6252,-9.2771,1.7891,9.789,-3.3595,-6.6301,-7.1751,-3.4433,6.7377,-8.0288,9.5175,-6.5839,0.7042,0.279,-3.7695,-6.8784,4.9442,1.8644,9.3272,-2.93,-7.5416,5.966,6.5979,4.8775,-4.744,1.0954,4.4257,-3.8941,3.3999,-2.5922,-2.6942,9.5273,1.9716,-8.8983,-3.2917,-7.0794,-4.311,-8.458,9.5905,2.7331,1.7854,-0.5561,1.5124,6.7979,-2.2913,-3.4574,0.8989,-8.9226,-7.541,9.6087,0.3503,5.2528,-6.4258,-5.912,-8.0526,7.376,-3.032,4.8299
8.8062,6.5712,-0.4952,1.4082,-3.2025,7.226,6.3403,-5.9144,7.8425,-7.2549,4.7576,0.864,6.4595,-8.6283,2.385,-1.9724,9.8697,4.259,3.19,6.1807,4.031,7.6721,7.7313,4.9352,-2.8232,0.6333,3.3158,0.9154,-8.874,3.4585,8.7946,3.4826,-9.0151,2.0264,-6.7214,-8.3538,-8.0587,7.1097,2.9903,-9.8584,-3.7453,1.3936,4.6288,4.3132,9.6316,-6.5139,-2.0279,6.5457,9.4672,-5.9924,7.6355,4.4792,-6.8569,-2.5061,-0.8401,9.9401,-3.6196,1.3345,-0.4514,-2.7104,-8.4483,5.2975,-9.2408,4.5052,-7.506,7.488,3.9959,-1.7346,8.6056,-7.6039,0.9166,-1.4767,-9.677,2.3527,-6.233,-6.4378,6.6145,-1.2629,5.997,5.6857,-0.2082,-4.5564,-6.5732,8.4326,6.1123,3.5287,5.7409,-4.8663,-5.797,-5.5078,8.1543,0.2229,-8.2893,-9.903,-6.688,-9.3383,-8.0804,7.8418,4.0381,4.613,-0.2826,-2.0727,-2.8788,1.0221,9.5922,-4.5504,9.2535,-6.5459,2.6731,3.0628,5.3274,7.2692,9.9178,-7.32,0.8361,-6.6173,0.1836,2.7059,-3.2867,4.2716,7.6253,-2.5301,3.7842,-0.4952,6.7843,-3.9319,-6.3594,-4.8153,-4.8563,7.5726,-2.8864,-7.9947,-5.5875,5.5329,-7.0484,-8.7833,0.2121,6.7933,8.6023,-0.181,-4.1904,9.4409,6.452,-3.4998,8.7445,3.5587,-8.1796,-9.8126,9.1765,-8.8893,5.2233,-2.007,-4.1654,-5.185,9.7292,-6.2598,-4.48,4.9342,-2.6164,5.1493,-6.7739,7.2949,0.5,-7.7094,-2.6578,9.8386,-8.3968,8.1072,-8.7273,-7.1917,-5.9692,-2.3548,-5.14,2.2784,-1.4798,-5.1202,1.0646,8.8162,4.5002,-7.6231,-8.1099,-1.387,-2.095,-3.4735,-5.7356,-4.4603,0.6832,0.325,0.0973,-0.2327,-1.8974,-4.5126,-5.7808,4.4068,-6.4257,-5.1897,-5.9884,-2.2493,-3.1575,8.401
-9.7093,4.186,-1.3477,-5.7696,-0.8274,0.4878,-9.6356,-3.7484,1.9474,6.0078,3.9756,9.2573,-2.9229,0.7687,6.1972,7.7671,5.3044,-6.0143,0.7432,-6.5877,-6.6389,-9.6284,-8.3938,-6.1296,2.9776,-1.3585,5.7406,2.7864,-4.9367,1.3609,-8.7867,7.2821,8.5364,-4.2302,-5.2113,1.0521,0.4876,-6.5023,4.165,-8.6943,-3.8187,8.3393,-0.3772,-9.0958,9.2544,8.7435,-7.0334,-4.479,-2.3382,-8.2915,5.8239,-7.0394,9.5675,-2.5663,6.2125,-7.9802,2.9016,-0.0638,-2.4177,6.7594,-7.513,-1.6575,-2.7444,4.9331,-7.9549,-0.2297,-7.2328,-2.292,1.0895,-2.6297,8.2373,-8.8751,-4.7346,-0.9148,-6.6288,2.762,0.4415,6.0952,-7.5931,7.6974,-1.282,1.1245,-9.5366,-0.4302,0.5687,3.1211,-0.9757,-4.971,8.8443,-7.5514,6.2971,3.1058,-1.777,4.2886,2.5362,-9.3658,-2.9037,-3.442,-5.3395,6.6365,1.8383,-8.3969,-3.9954,-9.8393,6.6184,-9.5333,-3.0106,1.3343,0.1288,-1.262,5.0326,6.7477,-3.9165,-4.7241,1.2351,-5.8385,-2.8915,4.6836,-4.9213,-5.2497,-5.4624,6.3122,-7.0595,-2.9488,-8.8167,-0.9118,-0.7301,8.3314,-9.1409,-3.6964,6.0552,3.1427,4.5288,-9.7008,-6.9734,6.8504,-5.1186,7.8481,1.153,4.0599,7.3973,1.3713,7.298,5.9433,1.0339,0.6871,-3.1319,-8.6992,5.6267,7.8017,-2.9521,3.9642,8.837,6.1832,-8.3928,-8.4983,0.8796,-0.5818,-2.189,1.1277,-5.7164,6.6253,5.0235,-6.8089,3.9363,3.7281,-4.9585,1.1339,0.384,2.4734,-0.0761,2.8741,2.4229,1.3237,-3.7889,-3.35,0.3234,5.2684,8.1245,-5.9329,5.3144,2.0992,-4.4454,9.596,9.6243,3.2386,4.1721,2.8744,-5.3051,1.4384,-7.9952,-6.9357,-8.7295,-4.2102,-9.672,5.6614,-8.6361,3.7715,0.504,5.1173
9.3769,-2.5359,-1.4306,4.4178,-2.7258,1.0959,3.3728,-4.3216,-9.2608,0.2784,-4.8878,-6.1907,6.9655,-8.4001,-9.6955,-3.2756,-3.3508,-9.006,-1.5272,-7.8478,8.4655,2.5477,5.3816,8.6316,3.7823,-0.9743,-5.7372,4.2125,8.1246,-0.0162,1.0791,-1.0089,-9.9794,4.2017,8.394,-1.413,-8.7051,8.8976,1.3503,4.2584,6.3997,3.1598,1.5329,9.1613,-0.1471,2.2781,-5.9531,2.2522,-7.4736,2.6701,-6.9757,-6.2803,-4.7263,-5.2435,-4.8179,6.4475,-2.6386,-6.3351,1.157,-9.3812,-9.5748,7.5796,1.4058,-6.3393,5.7886,1.0918,7.3576,8.7743,9.0947,7.1354,6.6284,8.5941,-1.8281,-1.8729,1.4733,-0.7916,9.9598,-7.9548,6.1881,-3.0761,1.84,-3.3187,-8.7867,-1.8616,8.7258,-4.5513,-0.9171,-1.7164,4.2189,-1.0007,3.8435,-2.1221,9.415,9.0937,-2.6601,-3.0146,-8.8461,-2.1464,8.4013,-5.4485,8.7802,-7.3053,4.0784,-2.5056,6.2098,2.4715,9.7157,5.7639,7.5126,-6.3685,0.4297,-3.3552,7.8549,-4.8332,-7.2501,5.7571,3.6115,-6.7823,9.9364,-7.3168,-4.1885,1.7497,5.237,-6.171,-0.5154,-2.8579,7.5362,9.6203,2.3815,7.6654,-3.8424,1.4351,5.522,-9.3107,-5.6701,-9.5702,7.6716,-6.2696,2.207,2.5688,-3.6622,5.5203,3.63,0.268,-0.2821,-0.439,-8.8554,-6.892,4.7729,8.8088,-8.4021,-0.6793,0.5335,-4.5024,-1.0853,7.2828,0.5346,2.5757,-1.0607,4.9576,-7.0295,-4.4888,2.619,1.912,5.3645,6.6444,0.2627,4.9097,-2.1608,3.1312,8.9392,5.6139,9.4325,-5.5739,4.9705,-7.2564,2.4504,8.6525,-1.1154,-2.1926,-6.4488,4.7236,3.5318,8.1215,-7.8129,-4.9414,0.4626,3.3399,-4.0526,9.6878,3.8495,4.378,8.8134,-4.7847,6.4899,-5.9806,1.8615,-7.5504,7.5449,8.6259
-0.0212,8.3946,-6.0896,8.2451,-3.3764,9.0437,6.2723,-9.1631,8.6734,3.9625,6.5931,-9.4923,4.011,5.0336,-9.0223,-5.5288,8.387,2.4184,-5.8042,-0.5179,7.1597,7.1815,-6.4195,-0.3247,6.2896,-2.2991,7.3746,-7.6853,-7.1877,-2.6581,1.0593,6.1708,-3.9804,-4.1854,9.4591,-4.3121,0.8677,-2.748,-8.4064,-0.2922,0.8375,-1.6008,-3.4731,2.3106,-7.0002,-1.7985,-6.193,3.3059,7.1131,-3.4674,-8.3441,4.8464,-6.2868,-6.0975,-2.5516,-6.5939,6.0442,9.0655,-7.873,-0.2403,4.3067,-5.1566,-3.7056,0.5104,-9.7518,8.2076,-1.9396,-4.6473,8.9426,-8.5053,2.6351,3.97,-7.7241,-6.6563,6.4322,7.9496,-7.7988,-2.7162,-9.6377,4.4586,-5.5967,9.2141,9.1886,-6.0045,-3.4893,7.7713,5.3625,4.8233,0.4927,-2.0034,-3.6951,1.3441,8.8812,-6.953,-8.4172,-7.2427,7.7414,-3.596,2.781,7.5999,4.927,-4.3183,5.618,-5.1425,5.9276,5.4723,-1.6282,3.5139,-2.2722,3.0857,-4.2816,-9.8747,9.2361,-5.159,-3.5094,-1.4805,-1.2027,-3.9719,-7.3143,2.5802,4.7424,9.2606,1.0864,-5.9797,-0.6522,5.0878,-5.4006,-6.422,-1.8083,9.3584,8.6294,8.3937,-6.1471,3.9431,3.1022,5.3929,-7.1119,7.7757,0.1117,-2.5718,5.5395,-0.457,3.5552,2.4213,-9.6133,-2.6666,9.9394,7.2582,-7.7213,-1.3207,9.0621,4.6846,-6.0686,-4.4101,7.5637,1.7267,2.5077,-5.5442,-0.431,2.9067,-8.2957,-8.1297,3.7234,9.9291,5.2297,4.1412,1.3182,-6.3044,6.2292,3.9142,2.3323,0.7407,-1.9411,3.1593,-9.0145,-9.8612,-4.0698,-3.1237,0.9419,-1.7713,-4.3078,4.5272,-9.1524,-2.2099,-5.3347,2.853,-4.2187,3.0672,3.7294,5.4399,6.5806,6.7548,-5.4131,-8.9267,-4.0704,3.9001,-1.8005,8.3966,-1.9243,-7.941
-9.9872,-7.439,4.4718,-9.5013,4.5291,1.2695,8.0111,5.021,-3.7774,7.2861,-8.1553,-7.5401,6.778,-8.0175,3.5315,-1.0074,4.365,5.6117,-2.4496,0.9882,1.1856,-9.7264,3.3314,0.0204,6.1169,1.079,-0.8294,-1.8439,1.1938,3.2325,6.5157,9.0821,7.9537,4.985,2.2432,6.582,-8.733,-9.7002,-5.5969,-6.3999,8.3258,1.6212,1.3072,6.8901,-5.654,5.649,-8.4463,8.0239,7.4435,2.414,4.1949,-6.8371,6.3894,5.7731,6.5586,-6.773,-3.0509,3.3392,2.4774,-2.8401,-1.269,2.5027,-5.5998,-0.6191,0.7891,-6.9567,-0.6552,1.692,-5.4396,-3.2272,4.8314,8.525,5.4235,7.5745,8.435,4.2277,-8.7721,6.7515,-2.7161,8.356,-8.2634,-5.4512,2.0041,-7.8529,-1.9684,-1.0755,-2.762,7.0087,7.18,-8.9574,-1.3995,-0.9954,0.8811,-8.8461,3.3383,7.4343,-6.2369,-0.3613,4.4943,-4.5367,2.448,3.0883,2.1961,-3.0619,-8.4891,-1.4255,8.6354,7.0771,-3.8137,-0.0815,1.523,-0.1926,-5.9523,3.8704,6.7211,-6.3137,8.3656,-1.9645,4.0217,1.6238,-8.0107,-0.1669,2.4028,3.2341,4.0073,7.6299,0.1732,-5.7882,8.5426,-0.5412,2.7619,-1.3317,6.6744,-2.5807,-2.8315,6.6543,2.3612,-8.3764,-6.0202,-5.0148,-9.4811,8.4332,-6.8415,4.5708,-6.0848,5.3853,9.2954,6.5196,-3.9721,-4.831,0.757,5.8145,4.3895,-9.04,-4.0117,-0.9107,-7.6426,-0.2923,-9.0419,4.2141,-5.4592,-8.5205,4.2868,-4.3298,-9.9151,8.162,-4.6335,4.4062,2.9799,-3.9999,-2.5811,6.5357,9.8469,-2.2269,5.2009,0.3964,8.2744,-9.6094,1.3425,-8.6536,-3.4702,-2.7461,-3.6456,-8.014,8.1669,7.5341,5.8694,-5.1522,-3.6679,-2.423,7.5934,-3.504,3.7163,5.5374,1.6451,9.3221,7.0371,-8.9908,0.5405,-3.4356
-5.3666,-3.8792,5.5729,3.9479,-3.9446,5.4232,1.8764,-1.9846,-6.1965,0.0323,5.4758,9.1181,1.951,5.0526,-8.0862,-5.0373,0.8514,8.9606,-4.4777,-9.0823,7.5281,0.3219,-3.1196,-2.8066,1.8039,-9.0947,8.8427,6.066,2.1926,-5.4869,-8.7427,7.0117,-2.7101,-0.1073,-3.6159,-4.1396,8.5602,4.4224,-1.7688,-8.6794,8.9376,7.4439,9.9755,1.1248,6.0119,3.2011,0.0636,-0.4535,6.0492,-8.3211,9.0669,5.5451,-0.0333,-2.8033,-6.1253,8.7803,2.1182,-0.6176,7.0113,-7.2948,-3.4511,8.2496,1.4461,1.5498,-5.6356,-7.5474,8.5222,-1.0901,6.2639,7.2853,-4.7806,-6.4304,-9.3767,0.3394,-1.9602,3.1919,-7.8394,1.8843,8.992,-0.177,8.0142,-2.3844,2.6188,8.5101,3.5892,6.4573,-0.465,-3.8147,6.4985,-1.685,-6.1465,-0.06,-5.5903,-9.9453,0.9802,-0.4376,4.6164,-1.0822,-7.9314,-6.4718,1.3379,1.408,-9.016,-8.2539,-0.152,-3.8262,8.695,3.9438,-8.7466,-2.032,6.9836,6.6351,0.8213,-0.891,-2.3473,-9.094,-0.0277,7.3588,4.1656,5.3925,3.9708,3.2996,9.8818,9.7641,-9.5436,-4.6501,-6.8983,-7.601,3.189,6.3367,2.3992,-7.3488,6.358,5.641,7.919,8.6514,-9.9666,-7.2632,1.2333,-9.5173,-6.6774,-4.6554,-7.6918,-7.1205,8.0013,2.8437,-6.54,-6.7573,-2.7552,-8.7221,9.4845,-5.9137,-6.6581,0.2944,0.2185,-5.808,-7.5598,-8.9016,7.9235,-2.8479,-1.1105,-2.5236,2.5103,-3.1313,2.7584,-7.7516,-5.5699,4.4126,8.799,-4.1918,2.6482,-3.1047,3.7299,4.0634,9.6963,8.9737,6.1159,-5.3752,-8.5245,-5.2903,8.6459,2.8295,-3.4299,-3.5315,-9.8852,2.1508,0.3029,9.0752,3.4193,-0.6608,7.0989,5.2792,3.5958,3.2621,-2.4654,4.6781,-6.155,1.437,2.1568,3.7189
-5.6956,-2.3792,1.1855,-3.9611,5.0628,7.5926,6.1817,-6.1526,4.7045,4.1704,-2.3434,6.5898,-1.942,-5.5969,0.7833,-6.7719,9.6302,-8.8937,-4.0472,-1.7295,-1.3528,7.6394,3.1345,8.9917,-4.9996,-8.2187,-0.0595,2.3508,-6.0261,8.0395,4.7287,3.8383,-0.8894,0.0632,5.9322,-9.7103,7.0549,-7.3458,5.8112,4.836,8.2372,-7.6724,-2.1504,-0.2155,-4.9635,-1.7266,-8.5919,-9.8874,-9.7436,8.5999,0.9014,-7.208,8.7262,3.9476,9.7543,9.8171,9.5397,-7.7934,6.3773,2.1147,3.9486,-3.6106,-3.7287,9.5284,-8.701,-5.9184,-0.6242,-2.4351,6.9567,-7.3134,5.5233,6.4882,-3.5031,1.2973,-9.7689,2.2391,-3.8164,2.4834,-6.0006,-4.4569,-2.216,3.0057,-4.173,3.3062,1.3136,4.2468,8.5174,0.4941,-0.3671,-9.752,-3.7144,5.0199,2.0957,-4.1439,-8.1014,3.7415,-6.3133,-4.4207,-0.4469,-6.8022,6.5797,1.618,0.6902,-0.5679,-2.3064,-4.8533,-6.0025,-4.908,-6.0581,-8.8874,5.4051,8.5913,0.6596,5.3141,0.8333,0.9435,-9.4221,-4.2741,-1.3463,7.8635,4.4254,-6.1854,5.024,-8.8506,-1.8469,4.6231,-9.3057,1.7188,-2.8377,5.0553,-9.6405,5.2042,2.7392,5.6003,9.9659,-8.2953,-2.8915,7.5488,5.1185,6.6599,8.5816,-8.9186,-3.6252,7.5301,8.8199,-5.1549,1.3633,-9.5988,7.9791,6.4096,3.4498,2.02,0.6833,-1.8574,8.425,-5.3584,-5.8627,-8.8297,8.7399,-7.9367,-8.5524,2.6648,-6.5713,7.5771,2.9599,-8.5273,-6.7157,5.5759,8.2403,-6.7236,-1.3398,-9.3466,8.8529,6.345,8.9302,6.6025,0.8799,9.8014,-6.1992,8.73,7.1167,1.1092,4.6477,4.7489,3.2643,7.1965,-9.5473,-6.5768,5.1401,-2.1232,-8.9668,-8.5511,9.7891,-0.4897,-6.5024,-4.225,-6.4927,-0.733,-8.3995,-6.1683
7.9375,4.9091,-7.9228,8.509,4.9674,9.7245,1.0104,-3.1967,4.5403,-8.1112,-9.2277,-1.1122,3.9851,-0.3885,-5.897,-8.8633,-5.6915,-2.9744,1.0888,-7.3072,-5.7744,-8.7545,5.3179,9.1757,-1.2436,-2.2716,1.9,-6.5441,8.5495,-5.7723,-4.8583,-2.9049,-9.0809,0.5848,-9.6982,-9.5956,-9.6716,-5.2034,-8.0162,4.8843,-7.2417,9.7946,9.7717,5.515,-7.4234,-9.2613,6.3114,-9.3786,-4.2098,-7.7879,-0.8104,2.4856,0.2489,6.8515,1.9072,-5.625,-1.4119,5.6613,9.7506,-9.1595,-8.5665,9.0736,3.4723,8.6413,1.7699,-0.6795,-3.7514,-9.4426,0.5526,-0.7231,6.1008,-5.9529,-8.9322,-8.438,0.2951,9.9245,-1.9243,8.2688,-5.3312,-4.3178,-2.3815,-5.2808,8.1376,-9.3807,0.1254,9.5468,-0.009,-6.2408,-4.4699,8.5284,-7.5034,4.6583,2.4918,7.879,9.7343,-5.4856,-4.3871,-5.1859,2.6518,-4.2792,8.8165,6.0382,-9.5496,-0.0323,-7.0396,6.829,-8.6835,-8.5745,-0.6363,-2.0972,-4.7608,1.529,1.3332,6.1085,0.9918,9.7425,0.7717,4.9417,-7.8868,4.8037,8.1015,-2.2172,9.9875,1.3412,-5.2348,-5.4528,-3.2776,-1.5332,-6.2986,0.9469,6.6999,9.1426,-2.5461,4.3908,9.1072,3.1639,-5.1805,-8.9592,-8.6257,5.8006,0.2321,7.6753,-1.4352,4.802,-8.5575,-7.3186,-3.3549,-8.2393,8.3396,3.4206,9.7898,5.0813,3.1374,-2.5786,2.4423,3.539,4.241,6.011,0.1063,-9.167,-0.6024,-9.3692,8.3505,2.3375,6.8661,0.6242,6.1999,0.1174,1.7085,2.6784,8.9126,-3.1833,-3.2465,-0.9236,6.9809,0.5252,-2.7495,0.4629,-5.7017,-2.8056,6.446,9.8024,8.918,0.5032,-9.2041,-3.2742,5.9192,-6.2557,2.2886,-5.3567,5.4615,-3.8116,0.7258,-3.3301,4.2069,-0.0312,0.181,-5.5951,8.7591,-7.568
3.9264,3.4317,-0.2305,5.6127,-1.4567,6.7359,3.8281,8.8374,-4.4,6.194,-9.1455,-1.0386,1.6217,-7.8329,-3.4227,9.8408,0.7595,-5.0886,4.4586,7.5944,0.4105,0.9946,4.6943,-0.2333,-4.8488,1.543,4.5745,-7.2739,-3.7153,6.4143,-9.7208,-0.315,-7.0629,-4.8736,4.4581,5.5528,8.0408,-8.9036,9.3608,8.648,-7.2983,-0.9338,8.2164,5.7364,-6.7331,-9.0883,7.6391,-0.637,-8.6171,-0.258,1.7721,-9.2747,-0.9774,-3.9498,2.8535,8.21,3.7396,7.4415,-4.6063,7.4016,-1.7565,-4.3795,4.3559,8.8106,9.1754,3.141,2.7898,0.3678,-7.4209,-5.9241,7.9749,-6.3764,-2.3126,6.3653,1.2233,2.4721,-4.2866,-5.914,-6.5018,9.0947,-8.7094,4.036,0.4452,4.9465,-9.227,-5.3736,-3.6481,-4.9856,3.3964,9.6211,-2.7658,-0.4278,-3.5974,2.6814,1.9781,0.5469,-1.9434,4.0579,-7.5173,9.9527,8.453,-7.7763,3.7287,-3.7979,-3.8573,5.4212,5.2407,-0.858,5.4511,7.459,1.0853,1.3671,-7.5685,7.848,-2.7621,9.3884,3.018,7.6899,4.5964,5.6645,1.843,-6.8038,4.6571,-8.2185,-8.9914,9.881,1.0393,5.9096,-6.6243,-5.6533,-0.8342,7.0902,8.0118,2.2294,-0.321,0.015,-5.0656,-9.6359,-2.1728,0.5576,8.9991,-3.31,0.6168,-3.0035,-4.018,3.931,-4.6774,-6.9628,-3.5139,-7.4365,3.3994,-2.6342,-5.1275,-4.0919,9.7167,-0.9899,-6.7661,-4.6896,-8.5562,-4.8639,-3.9471,-1.3898,1.1432,-0.64,5.2026,1.0569,5.7475,-3.5707,-9.5757,5.7683,-5.483,1.5609,2.1052,1.6343,-6.6925,9.7704,-7.3362,8.3798,9.5697,-3.8403,2.1714,-6.7429,-1.0659,2.2059,9.1327,5.7534,-6.6592,-3.5172,6.3579,5.5844,5.3204,-7.8525,9.8024,5.2753,0.2509,9.2079,2.4975,5.3411,0.2054,7.6567
9.7177,6.8827,8.6348,-2.9475,3.3758,-7.4345,-6.8301,5.9084,-7.3767,-2.9227,7.9923,8.677,1.3539,7.0489,-1.7683,3.4048,-4.469,5.6179,-4.1907,-5.7356,-9.0541,0.9961,7.8655,3.3282,-5.0869,1.8487,8.3991,-8.5397,2.9867,4.016,7.2468,2.856,8.2835,-4.7352,-0.176,1.0063,-5.2043,8.2533,-0.3816,7.3318,4.274,1.9387,5.9911,-3.992,-3.4544,6.5206,-5.1727,-2.7092,-4.7937,1.7614,2.4699,7.4648,-4.9405,-1.6199,7.4017,-3.4723,3.4288,3.6518,3.7688,0.6219,4.4539,-5.4474,2.3588,5.3583,4.4128,-9.8206,0.4965,2.9141,-4.8293,8.9743,-3.9456,-3.0616,-0.7445,4.6052,-2.6333,1.1533,7.1849,-0.7086,-1.5169,5.7991,-1.1893,-7.2053,-3.9208,-5.5314,-0.2395,-5.207,9.7474,-8.8888,-3.4184,-2.0784,-5.288,-3.5188,-0.3432,-3.8301,-9.4904,9.4658,1.1853,-6.4886,-1.1051,7.7362,2.6013,0.0627,-4.4394,9.109,9.9119,4.107,3.0481,-6.3064,6.0836,4.1401,-3.965,3.6188,-6.4557,2.1174,9.3378,8.0773,0.048,-8.0243,6.031,-7.1057,6.3379,-8.8786,-5.0726,7.2176,-4.0798,-8.0491,-0.0937,3.9231,-6.9787,-4.7593,1.5349,-4.1407,5.2836,-9.7368,-0.9075,4.4233,-2.2122,1.6494,-6.1669,-1.2526,-0.4515,-0.4043,-1.2612,9.8338,5.9441,6.2697,-2.0496,8.3825,7.443,-4.7424,-0.2028,-2.1894,-5.4312,3.9372,8.1184,-9.154,2.8781,-7.5041,-1.2608,-8.8538,-1.6092,-5.2477,1.7213,-8.6975,3.5677,9.2177,-2.8021,-7.8956,-2.5025,2.8043,-9.3037,-9.5636,-0.5718,3.596,-1.0805,8.7434,-3.9417,9.8527,1.262,-1.5323,7.8776,-3.4058,-5.4707,9.2246,-6.4883,3.2573,-3.0936,4.5987,-6.0205,8.395,-8.7551,3.1506,-9.3331,2.1392,7.352,0.8278,9.0334,-6.5183,-6.9714,-4.7897
-0.8436,-0.0424,-4.1839,7.9974,3.2646,5.849,-6.0287,0.1544,3.4754,-0.6768,-7.6619,-9.1012,9.82,-3.1013,7.6618,-4.1783,-6.6088,-6.0806,8.3326,-0.2429,2.6069,-0.7107,2.7552,2.9835,1.6435,3.384,-1.47,4.501,2.646,-6.8219,5.0527,9.0147,-3.7726,4.1567,6.7689,8.4138,6.9051,5.3252,8.6421,3.366,-9.2586,6.9356,6.2144,-9.0372,-2.7077,2.8448,5.8223,-2.6363,5.3146,3.0227,4.894,-5.5714,-3.6015,-0.3393,-4.2527,3.7248,-6.2229,-8.6631,8.3554,6.931,-8.5638,4.0165,-3.5053,9.6388,2.6465,-4.8475,-6.7662,-9.529,8.0775,7.3274,-0.1751,2.2763,0.399,-9.877,2.6753,9.9566,1.0198,1.2883,3.345,-7.7498,1.7744,1.8386,1.5222,7.7356,3.03,5.8384,3.2514,9.6228,-1.3472,-8.334,4.8807,-5.2383,6.7721,-9.0561,-4.0192,5.5551,-7.5145,-4.7697,3.9704,-4.4296,-3.1324,1.184,-2.5096,-7.8589,1.1143,0.8121,-8.6311,5.7,5.2598,-5.9933,-3.24,9.6493,-0.5845,6.158,-6.4238,8.4362,-5.4934,-6.4592,3.383,0.5917,-0.5889,4.7058,0.1202,0.4851,-9.0859,-2.0309,-0.5341,6.3594,2.9414,-9.7949,-4.9579,-9.6227,-8.3182,-6.5374,8.6016,9.9861,-3.6941,-8.4467,-7.6274,4.6709,-7.1026,3.1758,0.6487,-4.7204,-1.1838,-2.791,6.5266,7.7893,4.6601,-2.4055,-7.001,0.4951,2.8219,-2.2128,-3.725,1.2309,-6.5892,-4.9292,-5.9778,-7.5195,8.8989,0.4102,-5.0169,-8.9524,-3.5189,9.7342,6.4375,-0.5089,3.9477,6.8374,2.9229,9.4768,9.62,-6.2099,9.0598,-8.2177,2.998,-1.2837,-7.5237,9.686,-0.808,4.0317,7.0632,-9.8982,-5.2656,-4.1367,5.4519,1.9532,3.5948,2.6119,8.0644,-2.7197,-3.9194,0.3919,-0.0024,-6.152,0.1962,-0.4278,-8.5561,0.7975
-1.5987,-1.6904,1.6051,6.4533,5.2333,5.7844,5.0898,1.9838,6.2407,-1.8288,2.7767,-2.6456,4.5647,-2.8989,-8.4555,-9.2668,3.5851,8.7634,-2.7482,1.4838,-1.0274,0.9493,9.5701,6.1697,-2.3003,7.1669,-8.8855,1.9642,1.9413,-2.1521,5.2327,5.1772,-3.1692,-4.3566,-7.6566,-0.1234,-5.1007,0.8047,-7.1976,3.2612,7.5222,-5.4902,1.9264,-0.2791,5.878,8.8221,7.0927,9.3655,-8.413,-7.4032,7.6629,-0.5969,-4.3788,-0.2488,5.1312,-0.1958,4.7457,3.7066,-6.7667,-6.6841,-3.8421,6.1468,-6.479,1.1039,9.8586,4.5399,0.9572,3.525,-3.0038,-6.8551,-9.0482,-9.0373,-5.4007,-6.0829,5.7123,-2.7015,3.2797,0.3403,2.7477,4.4246,2.4781,3.498,1.8036,-0.2634,4.7286,2.439,-7.1923,-8.7207,-0.8644,1.173,-1.7966,-1.1264,4.4585,-4.3504,0.3056,2.908,-8.6056,0.3006,-6.3764,8.9221,-9.917,-7.7903,-4.3398,5.6485,-6.5327,-9.3064,-8.6601,-5.0817,2.9109,6.8479,-0.1064,-0.3088,-2.4317,5.8785,-4.13,-7.97,-5.9556,-0.9171,2.4648,-7.6384,-5.322,-2.7265,-8.1886,-8.5928,5.9538,0.3766,1.2732,6.7541,-3.0777,8.5744,-5.2846,0.3291,5.1886,-8.7345,0.5754,9.3105,-0.1901,-0.5583,-2.348,1.7988,-2.1279,-5.166,0.2082,-8.623,6.4202,9.0226,-1.32,2.5206,4.4918,8.9086,-1.6016,6.4854,-9.169,3.4557,6.3197,0.6621,7.599,-0.8313,-2.1825,9.8516,-8.9364,3.3202,-5.6555,-6.9628,-9.8803,7.268,-6.4523,-9.9314,-5.6575,5.9419,8.0484,9.5191,7.1538,-5.332,-1.2597,1.2626,0.0193,-3.6398,7.0097,1.1953,0.8681,9.0554,9.3955,8.8575,9.6045,-1.2772,-3.0546,-4.8337,9.6845,1.3969,-8.7119,6.5949,-5.7436,2.35,-6.7979,7.9435,8.1184,8.5054,0.1666,3.9837
6.9413,-7.1216,-6.0077,-1.4657,5.8514,8.8566,-4.5217,1.3622,1.5016,-8.5018,3.5219,3.0717,7.6164,-9.0832,-6.8076,9.9579,-8.5313,5.0349,-0.8942,-0.8917,8.409,2.1836,-7.5794,4.8232,-3.8244,-6.7416,-9.3815,5.1535,-0.2245,-4.0921,3.8353,0.3804,-0.1989,-0.964,-0.9673,-4.9463,7.9058,-9.7868,8.2153,-3.0846,-8.4595,1.2347,1.1121,-6.4896,-3.6699,-3.4289,8.3802,7.935,-5.3986,5.8729,9.3478,2.3557,8.4764,7.6854,-0.0247,-1.1634,2.2456,-8.526,9.7917,-9.5888,-5.7764,8.425,-6.914,-1.0627,-6.0364,6.4826,-1.4754,-1.801,7.8011,-4.797,-0.0257,2.9103,-2.1507,8.4572,1.7825,6.1727,-0.2093,-1.7753,-0.7987,9.1374,3.9988,-8.9952,-9.591,-9.3281,8.3913,-6.1945,4.1532,-0.3596,7.1296,3.6406,3.425,0.7781,2.718,-0.4768,5.9593,-3.4622,0.9237,-8.4948,-3.8926,9.9212,4.8656,-8.4523,4.8288,-0.1063,-8.0329,4.5522,-1.2785,7.0371,-5.551,3.0163,-5.011,0.3101,0.5326,3.2366,0.9996,1.6954,-5.3883,-6.4387,-9.2041,8.9437,9.6391,-7.4585,9.7597,-4.3468,-5.5067,-8.1825,9.0265,-2.644,-6.79,-8.0756,-1.7293,3.8378,3.4629,-3.073,6.5819,-2.6344,-7.5412,4.2945,-3.133,0.9965,6.3755,0.7157,-5.2055,-4.0082,1.6096,-2.3384,5.3799,-0.7797,0.4967,-1.3063,5.3675,4.7416,9.6722,4.3737,1.5085,-1.5773,0.0158,-7.6922,-9.8285,-2.5975,0.137,7.5184,-4.6912,4.7256,-5.2209,2.8289,8.7405,-3.3795,5.4789,4.9165,-8.569,0.9985,5.3556,-0.7661,0.9258,-8.5617,0.2262,0.4558,6.0495,-5.9207,-9.7832,-0.5147,5.3404,-6.9135,-4.2072,0.9467,4.7873,0.1671,9.1541,-6.6427,6.6022,5.1771,7.8327,9.0161,-7.3897,1.7984,-2.1016,7.7224,6.9541,7.8959
-7.788,-2.6889,-2.1203,2.4955,3.6169,-8.9534,-0.7217,0.3597,9.1982,-1.6753,5.2436,-0.7557,-0.2253,-4.5623,-2.8524,-2.4303,-5.1755,3.5946,2.3961,0.0539,4.1074,-6.413,5.3727,-7.3715,6.8784,6.2508,-1.3776,7.2412,-2.2927,-5.921,-7.2629,0.8527,-5.637,-7.7187,1.8685,6.5439,3.0962,9.7014,-0.0848,0.8545,3.7334,4.8478,-1.6482,-3.7888,-6.4344,1.7971,-8.066,-3.2996,7.9648,-6.0019,-4.1198,-1.0209,2.4084,1.3594,7.7366,-7.1894,-1.5001,0.8368,4.7223,2.2874,8.2097,-6.1473,-2.9338,-1.2663,9.7786,9.3506,-4.3974,0.6881,9.2073,-4.6618,4.1622,4.111,3.8475,-8.1773,-0.0004,5.3391,-6.3355,8.199,6.5715,-0.5538,-6.1981,4.3964,-9.8789,2.4916,-1.9737,-0.3911,9.4387,-7.5107,-2.7801,-1.2582,5.2625,-4.0628,7.8858,3.5591,0.0177,2.3565,4.0775,2.7571,5.272,0.7686,-3.5112,1.9732,-0.5053,-2.306,-2.1876,8.6516,3.4291,2.7744,-4.583,8.8372,-8.3113,4.1398,9.3416,-6.2285,-4.7624,-2.6378,9.6125,6.5842,-0.5497,-4.2723,7.8464,3.0086,6.1846,-0.7445,-7.3408,4.1131,-2.8374,-8.8045,-9.4977,4.4318,5.0375,-4.6396,-2.1424,-3.0647,4.1263,-2.1833,4.294,7.88,0.9333,-2.1515,-7.7236,0.2251,-6.795,3.0764,-8.6772,-6.0172,-9.9827,2.5905,4.8649,1.8961,8.3294,-8.915,4.3137,-6.5929,5.3057,9.5378,4.3159,0.3461,6.9326,-1.8908,-3.4562,2.0422,5.0099,-4.5743,1.5264,-0.5456,-4.5782,7.4276,-8.7897,3.7409,2.7035,-8.435,6.4956,-1.62,-3.1534,3.4283,8.5466,0.567,0.0203,3.3441,-0.9525,-7.0405,2.9804,8.9209,-4.7901,7.2685,-8.2863,5.0558,-5.2249,6.0107,-0.315,-5.2206,2.0575,2.8281,8.2322,2.9077,-4.7309,1.2691,2.1486,6.7868
-6.2757,-8.1178,0.2705,-7.534,7.293,1.9508,-6.7984,-6.9401,9.8405,6.0214,-9.2112,9.6424,4.9527,6.6876,-5.7637,-3.2323,8.1277,-4.1532,5.43,-9.2317,-2.3721,8.4603,-3.7975,-3.5333,-3.0491,2.4645,0.2172,8.5752,7.2528,9.5724,0.5286,4.1548,4.2365,9.4368,-3.7236,-7.7706,4.5903,-8.7254,-2.2338,-3.5746,-1.7471,-0.9001,0.5203,6.3993,-5.578,-4.4898,-7.6582,-1.1128,-9.667,-1.9072,2.4811,-8.3612,5.4587,2.5652,7.8536,-9.6799,-7.9187,1.0863,4.1098,-0.1202,-0.6133,2.7091,6.2824,-7.2084,-3.1362,5.2549,4.1291,-0.3501,-0.3129,0.9932,0.1031,9.2902,-5.1326,-7.7771,8.3731,-7.4226,7.679,-0.6383,-5.1613,-4.3848,9.0613,4.8877,-2.8443,8.4845,-7.5925,-9.2225,-0.165,-3.456,-6.5507,7.8116,0.8279,-8.2003,6.8851,6.5036,-8.4736,2.32,9.9578,1.2803,0.7809,-4.248,4.6221,-4.5145,3.4188,-7.0612,0.995,-3.9143,-2.2985,-7.583,-3.167,-3.2292,-3.185,1.9014,3.3508,4.7093,-1.6079,-6.0147,-3.0167,9.1829,-4.9974,-9.2407,9.5668,-5.4367,5.1919,2.1943,-5.0605,-8.011,-3.5483,-7.6159,-8.531,-6.6873,-8.5779,-1.7325,8.1667,-2.0773,0.2453,5.8617,-9.3282,0.4958,-8.7451,6.5042,-7.1603,7.27,0.8604,3.093,6.0229,0.0697,0.4705,8.7279,-4.5509,-8.0388,-7.6248,-6.4018,0.9085,-8.1916,2.7082,4.3478,1.3574,8.123,9.1081,-8.2219,8.8031,-1.6983,-8.2649,7.6829,7.3631,-7.1913,3.4969,7.9664,-8.4909,-1.2517,5.2539,-9.7682,1.9992,-9.1836,0.2576,2.4761,-8.8776,7.1043,5.7928,0.0371,-5.1402,-9.5638,5.1445,-9.5659,-8.9126,6.0587,-1.2827,-5.2261,-6.272,-0.3955,-6.0334,-6.8917,-0.5994,8.931,2.4163,7.731,2.0786,7.8806,-2.3509,-5.776
6.1641,-3.8512,-7.3624,0.4896,1.8049,-8.9057,-1.6815,2.6473,-6.8772,0.5271,-8.0844,0.3556,7.716,5.898,3.255,0.0631,-9.9758,-9.3885,0.595,3.0799,-0.8908,-7.1129,8.8097,-4.531,-9.2032,-5.5274,-7.2162,-6.9416,-1.9432,-8.3235,-5.8766,-3.2066,3.9756,6.4737,-5.9639,-7.4528,0.3562,-5.7507,3.0045,-5.2039,-1.5598,0.415,2.7775,7.8606,-1.212,2.1629,-7.5025,0.1964,2.2509,6.4703,8.3847,8.6639,7.3289,9.3949,4.7208,-2.7925,7.6545,9.3502,6.1608,-8.1125,4.0012,-7.0396,4.7214,2.9842,-9.0529,-1.3614,8.4012,-4.9112,-7.3416,6.9784,5.0077,2.1874,-9.9416,7.5019,3.4628,-8.4424,-8.0805,-9.7841,3.3253,9.4408,-3.0997,4.4205,-1.8757,1.9015,1.5338,-7.8564,8.717,3.1177,9.4009,-2.3742,6.4495,-4.682,7.8092,-5.6523,-6.9594,-1.2434,-3.3132,6.7129,-0.9612,4.418,-8.0691,-4.1871,9.0752,0.5962,2.6672,4.7316,6.0365,-7.8212,0.1866,0.9151,7.0649,0.7067,3.6674,6.5332,0.8946,-5.5773,0.5671,-8.3231,-0.9207,2.2271,7.031,1.8058,-9.5073,-8.6241,-8.7161,-1.7258,-9.7672,-4.3931,8.8084,-5.0633,1.8367,5.7148,6.0367,-3.8729,-9.5682,-7.2957,-2.7353,7.753,-0.9239,7.8727,-1.1885,-0.149,0.0637,-7.6337,-5.1551,-6.9924,1.3276,7.9964,9.7969,-6.5411,-8.7661,7.4766,0.9972,-3.977,5.135,-2.3577,1.3758,5.8189,2.9617,2.125,-7.4312,-8.1528,9.4247,-6.8532,1.1273,-8.2388,6.5739,-3.8313,7.2133,-8.4699,-9.5472,-5.1587,-5.3988,-4.1255,1.1453,-4.8559,9.6707,2.5026,7.8327,-3.8756,-3.7849,0.9934,-3.577,5.1721,1.5552,-1.6792,-1.9378,-3.7769,-4.6745,0.8902,-9.665,1.522,-4.4926,3.7496,-0.2853,5.2362,1.1003,0.6363,8.4131,4.7726
-6.4658,9.7835,-4.3263,8.4214,-0.8506,-0.9169,-3.1618,-2.8756,-1.7999,-4.0055,-1.9039,-9.1285,7.6818,-3.6336,-2.6358,-8.8592,-8.5628,-7.9288,-1.8123,3.8162,2.7423,-8.3514,-0.9089,0.2895,-2.8616,8.6303,-5.0929,1.1782,-2.7359,-3.988,-4.3204,-0.7922,7.7841,8.4184,4.6392,-9.6931,8.8093,-4.4575,-5.1449,-2.8184,2.9084,-1.1001,-9.1872,-1.9359,9.4094,7.5215,-4.5766,2.4918,-9.01,-6.4887,-0.0302,-4.4226,1.3126,2.5416,-8.1123,-3.6512,-8.9276,-2.6595,-5.9789,-5.2617,0.4684,2.6789,-0.3425,4.8861,3.5647,-6.6121,1.6844,-9.5986,3.8307,1.4811,1.6167,-6.9255,-4.454,-6.0722,4.2983,4.3561,9.4494,-0.4021,-9.8792,-1.4479,6.2999,-0.2371,-5.4951,5.255,-0.8961,-3.2109,8.5424,2.0493,3.1234,9.9564,-7.2792,7.3492,8.6306,6.352,2.922,9.2294,1.1204,2.4515,8.823,4.1802,7.7724,-8.2261,0.3535,-6.9087,4.1199,8.7856,7.8979,-9.7569,-7.6504,-5.7879,3.8088,-6.3667,-4.9225,7.9985,-8.7198,2.9036,-0.0523,4.6904,-8.0793,-7.6655,-7.3698,1.1198,0.855,-4.8345,-1.2382,7.8783,5.4691,3.1123,-0.9283,-7.2529,2.5913,-8.1374,-8.1145,7.749,1.0351,-6.0043,-4.8408,1.0874,0.2684,-0.561,-9.9351,6.2652,2.8556,-8.6018,2.0796,-8.6623,1.2398,-8.7034,2.3229,-7.3189,4.2745,-8.2179,4.4113,-3.3405,-3.8653,-3.6645,-4.2196,-1.6943,6.0603,-1.3077,9.0426,-0.9451,0.5092,-3.5567,-0.9375,2.5502,-8.3232,-3.0324,-2.7331,4.4068,-0.3144,7.1408,-7.9113,-1.2087,7.5595,6.6634,5.57,6.0271,-2.6606,7.6104,8.4428,-3.4797,2.928,-9.6276,-1.1124,-3.0206,-2.4373,-5.2752,-0.1965,3.7136,-9.4423,0.0842,-2.3016,-6.1513,-4.0784,7.4304,-1.1033,3.8847,-4.1124,-6.4812
-2.7274,-1.3438,-9.3238,6.4179,-0.6868,-7.576,2.4134,3.7276,3.5756,-2.1281,5.1579,-4.5625,4.5972,-2.761,5.5577,2.39,-7.4505,-3.4905,5.637,1.6013,-4.682,-9.9087,7.3376,6.4672,-2.945,-1.0666,-2.9364,-1.6256,-9.6439,-4.4118,2.8054,8.3726,-8.9886,-5.3888,-8.9894,-2.7745,4.016,-5.2724,-4.024,0.3599,-7.0049,-5.3871,3.1017,-2.141,4.3887,6.9771,8.6581,9.5526,4.343,8.8924,5.4473,-7.5146,-1.644,6.5367,7.9865,-4.4605,7.7804,-9.9023,-5.6439,-3.5867,-7.0618,1.3758,-1.6874,7.1565,5.3793,8.6505,1.2377,6.6442,-8.4604,8.1353,2.5364,1.7534,8.2158,7.5529,2.2562,-5.6707,4.921,-9.6429,-2.6775,5.433,-5.6038,9.5349,5.6709,-0.4027,7.6105,-4.9281,-7.1804,2.1278,1.8813,-0.6128,-3.1612,-5.6006,-2.5255,-3.501,1.7857,-7.6493,-2.3951,5.0337,1.6154,0.8401,1.7746,-9.4812,-5.7708,-8.167,3.5565,-0.5275,0.6057,1.6301,3.2689,-7.9806,-1.5911,0.0537,7.0886,-4.718,-0.7667,-5.7152,-9.1135,4.0667,-5.9921,7.9713,-4.1536,8.4646,-5.0245,4.5072,1.3962,-1.4265,-4.8663,-1.5279,-6.3319,-6.8909,0.1769,6.6618,6.8157,-7.862,-6.4029,6.8059,2.1241,-8.0027,-0.7706,-0.5669,-0.219,7.7782,6.9403,6.0513,-4.852,-1.8759,6.209,-3.0846,0.8795,-1.2941,4.6649,-3.9272,-6.3227,-1.1627,0.6691,6.699,-7.2734,1.728,6.0573,-8.7272,-5.2661,5.3678,-5.6452,-1.1498,7.9378,5.5332,-7.1264,-8.6013,1.6653,8.1016,-0.3511,-5.0996,5.3747,4.6981,3.1997,9.5539,6.1362,5.2701,9.064,-8.0259,-1.5623,6.5232,2.4812,2.1406,-7.1077,6.315,4.8361,-8.2525,2.8758,5.246,-4.9576,-5.9558,8.7702,6.9222,-8.6103,5.7822,-3.6087,-6.8185,2.4439,3.2997
0.0542,-0.387,6.305,5.8233,-2.5407,8.2716,8.7691,0.8825,-4.987,-1.3631,-4.8111,-1.5342,2.7387,-5.3038,-7.4373,-0.1812,-1.2511,-1.4856,5.928,6.0362,-6.569,-8.0286,7.2573,6.5181,3.5531,5.8068,0.7085,9.1702,-2.8484,2.9006,8.7074,-7.4039,6.3811,-2.1939,-5.8975,-7.3053,-6.4895,0.5698,6.7837,4.9901,-5.2976,0.0734,9.3638,-0.4576,8.7492,1.243,4.014,2.3008,3.2311,-9.1489,-1.6983,9.1508,-4.7136,6.2213,2.1358,-3.6168,6.0579,4.1455,9.8648,7.6064,-9.7785,-7.5954,5.207,2.7224,-9.9209,-0.3232,-9.5352,-5.2776,-8.6589,9.3613,2.5044,-6.8422,-5.049,5.8731,7.9637,-6.5595,9.4418,-6.2345,-7.8725,-1.48,-7.4501,6.9177,2.9272,-9.3108,5.1421,-6.1755,-0.6027,0.8312,8.9249,-6.8586,7.2493,8.1966,-3.5143,5.8752,9.8783,-8.6112,-6.0209,-0.0494,6.8103,5.6342,1.0336,-2.2068,-2.7295,5.643,-1.8541,4.0465,-3.5369,2.6258,-1.1448,-0.5888,-8.7039,-3.8859,-0.6551,-6.0994,-8.9101,0.7693,0.8052,-7.333,9.4693,-4.7686,-0.149,-8.7435,-9.6013,5.8591,8.625,2.098,9.96,-3.4114,-1.5204,6.8844,-7.1862,6.6381,-0.3305,2.9011,-5.1318,5.7724,-2.2059,3.1948,8.5999,-3.1596,6.8091,-2.5664,2.3648,-7.4058,-5.0859,8.1774,0.9511,-7.8868,-4.0245,0.2095,6.6247,7.3558,0.5983,-6.2745,-0.7562,-1.6402,5.3343,7.8681,8.379,1.2164,9.0402,-8.1649,9.0026,9.0521,7.1216,1.3758,1.5737,-0.9007,2.2847,-9.5365,-8.9221,4.0525,-8.5739,-7.5993,5.9116,1.759,6.5042,-1.5159,8.9972,-8.3433,-9.8571,-4.7738,5.4516,2.1952,4.4862,1.6266,2.096,-5.4727,2.5585,-1.8499,8.9365,-5.6361,-3.3123,-7.1601,8.2926,5.7197,-6.9659,0.7174,-4.0984,1.8818
6.7942,-3.7374,2.7431,7.4282,2.494,3.7702,7.9475,-2.5673,-7.4608,-0.2231,0.1468,7.0107,-9.2038,-5.4064,-2.3039,3.0747,9.7335,-9.5736,9.921,0.3962,-8.4888,-6.4854,7.0565,0.4785,-8.4538,6.2363,-2.426,-9.961,7.1536,-6.1428,-5.5843,9.5452,-3.4681,-2.4563,2.0664,-3.1666,-7.366,-7.318,-0.4184,5.1872,-2.384,-0.3842,-4.7223,7.0824,9.0996,-5.5377,-6.0801,8.8814,6.7229,-1.2921,-2.4493,-1.6341,1.4856,6.7201,-8.6838,-6.9057,-5.2597,7.6122,0.2754,-3.9183,-0.5583,-6.4112,-8.2565,-1.8661,9.0275,-9.0348,-2.5715,7.4199,6.6887,-1.6623,-4.8411,-5.2872,-4.8933,0.2566,2.6458,8.3466,6.503,5.0668,5.3925,2.5231,4.3976,2.821,-5.8495,7.511,-4.9882,6.2872,9.7056,-8.1935,4.693,-7.4202,5.5357,8.4755,4.1466,-4.0709,6.571,6.2482,8.0951,8.9931,8.7433,-4.3591,-3.7595,1.8223,-8.4279,-9.7335,4.0783,-4.6244,-9.9963,5.3047,1.8492,9.5915,-1.2746,-6.8871,6.3675,8.1796,9.7714,-7.2607,-9.6019,7.1472,-8.1336,-4.6445,-8.0881,2.6184,7.5169,3.5543,-4.7184,-9.3728,6.8654,8.9326,-4.9282,-0.4521,-3.3172,-1.9452,7.9674,3.3603,-6.9946,-8.7263,-6.5573,1.134,3.3261,-7.5772,5.6093,4.2881,-0.9648,5.2566,6.2913,6.8497,1.3954,6.2751,8.1429,6.5173,2.8076,-9.1919,-7.3918,6.3484,-7.8056,-5.1261,-0.8315,9.9706,-5.6561,-4.8651,-2.204,0.6717,-2.4099,8.5179,-9.6205,5.4311,6.3868,-3.6687,9.1484,3.3173,4.0129,9.2192,8.017,-4.3766,-9.0907,1.006,0.9501,5.6815,-7.3487,-6.6628,-9.276,6.1232,-0.6806,-0.1033,9.2233,5.2819,9.6646,6.1478,8.7409,-0.9821,-9.1348,8.1383,-0.6557,-9.9864,0.366,4.0648,-4.6149,1.8903,-3.6967,-3.8981
6.2137,3.6176,-8.8519,-5.744,-1.4256,-1.6329,6.7947,-6.9803,-7.25,8.3965,-7.9091,8.5672,-4.6827,-0.6224,-1.2884,-4.6969,9.4134,1.7955,6.596,7.5688,2.6573,6.3767,-6.6439,-9.5633,9.4249,-5.4237,-2.4364,2.1214,-1.7962,6.9507,2.9998,5.0732,4.2001,-2.7013,4.3317,1.732,-2.8952,-0.4716,-1.696,3.5978,9.873,-3.7449,2.7999,2.3354,-7.0545,7.1416,5.8091,7.9732,-4.7062,-7.7711,-0.0291,-6.035,9.7531,7.6798,5.3732,-1.4047,4.8807,2.9952,1.2814,-9.2902,-3.9415,2.7786,-8.1107,1.5743,9.6127,-9.1055,-0.8693,-6.5438,-7.1749,-3.3011,-4.5567,-3.2492,7.6678,4.159,-4.149,-1.0442,8.7738,-0.4208,-7.4924,-2.6651,6.8665,6.5343,-1.9598,2.8033,-9.4107,8.8358,-4.4455,5.2018,-7.4028,3.3657,-6.3762,-2.3672,-3.3961,8.8207,-2.8324,3.9048,-3.2708,2.0751,2.5603,5.0412,2.5341,0.91,-3.4425,9.5688,7.7532,-0.779,6.8038,9.278,-2.1349,-0.7337,7.4058,-6.176,9.963,-0.3828,-0.2693,3.8271,-9.7169,-3.5575,-3.9565,-7.384,-0.1149,-8.949,-5.5347,-1.3929,-5.5973,2.9854,-4.7699,-4.9772,3.5479,-3.7805,-4.6505,5.57,1.562,9.8877,6.6666,4.1876,9.0236,-7.1429,-4.0454,0.9277,-7.1518,-1.4138,0.9208,3.9011,4.4022,5.2611,-1.0843,0.6311,-3.7078,-0.6651,9.657,4.9173,-3.6347,-5.8931,8.7054,-3.3195,-3.341,4.2691,-0.6331,-0.5637,1.4415,-1.1868,-0.4604,-7.1843,-9.0,3.3213,0.7651,-0.6466,-9.1321,-0.3002,-3.6691,-4.7375,2.6822,1.6937,-4.5016,-9.1865,0.6715,0.3635,0.931,9.3205,3.4647,-6.6823,-1.2466,-5.2048,-7.3845,-6.012,6.2457,-8.3878,-3.673,-1.1856,-0.6447,7.7944,2.4908,2.409,-9.2516,-4.1549,-5.7695,-3.5427,-9.4478,-3.9139
-0.934,-0.6839,3.8274,5.0605,-8.3241,5.3548,2.9686,8.654,8.884,1.3354,8.9992,9.1063,-8.8532,-5.7646,-5.7174,-5.8318,-1.9741,-2.2654,-7.8056,7.0834,1.2987,-9.672,-7.0794,6.0902,-2.5965,-1.984,5.0026,6.506,8.4804,5.637,3.3759,-5.4116,-8.1228,5.8023,0.1143,-2.6147,6.7718,0.5853,8.1322,7.8229,-3.2373,4.0954,-7.6058,-0.5226,4.5204,9.0987,-5.773,4.6213,5.5216,-8.4383,6.0494,-8.264,-7.1769,-8.8633,9.1098,3.6564,-1.1082,-9.635,9.4385,6.7168,-2.0431,-2.9746,-3.1115,0.5618,4.5065,-4.8678,-4.5877,3.0951,-0.6985,3.9952,-3.6003,-1.0271,2.8826,-2.4889,-5.7295,8.196,-6.6357,7.947,9.3713,8.215,9.1238,-5.0007,-7.9756,-3.2474,-2.8232,-6.6122,-7.3731,1.6652,0.5944,-4.3925,-3.7009,6.5508,-3.5189,3.2945,1.7905,2.9782,-5.9765,5.2724,-7.5921,-1.3786,6.9173,3.3184,2.0338,-3.4173,-7.7984,-2.1106,-5.147,6.0529,7.4067,3.8669,-3.7687,7.3623,0.9783,2.593,3.7727,-5.3949,6.1757,-8.0433,-3.9994,-2.6058,2.9017,-3.7057,-1.444,5.1706,-3.4895,-9.2823,7.6252,7.7224,-3.7305,-0.4397,5.691,4.9459,4.8485,3.0277,6.0123,1.7029,-8.3353,-6.1204,8.8682,-4.7926,4.6175,6.5855,-4.0321,-5.3367,-8.831,-4.5993,8.4301,4.4366,0.2328,-5.184,-2.125,-2.2615,-9.638,-2.0027,5.4336,-8.3007,-0.3986,-6.2744,8.1479,-8.9856,5.7687,-0.9726,6.5831,6.4528,-9.6244,-0.0459,9.2954,0.6198,-2.3912,8.9138,2.9709,-2.2012,-1.9509,-1.7123,-2.0421,-3.289,-0.6178,-8.6897,-1.9952,7.487,-0.5586,0.33,-0.014,8.3191,7.556,-4.5757,1.9748,-8.6288,7.5572,-8.4532,-4.47,3.308,-9.6625,-2.3889,1.6648,1.3667,-2.0823,-7.3596,-3.0218,-1.0441
2.8756,-3.9755,2.274,5.3103,4.8666,-9.4077,-9.9497,2.5323,1.2049,-5.9266,7.8005,5.1158,-8.6249,7.9788,-6.385,-3.9509,5.2495,-9.3703,-2.4435,-4.8852,-2.0064,-3.2916,-3.2535,-3.8153,-2.0687,-2.9298,-3.3691,1.8187,-1.133,1.3956,-3.2739,-1.3178,4.2501,6.4399,-3.9408,0.1186,-7.784,3.7416,-4.1511,7.0896,9.468,-3.6827,4.3949,6.2808,-4.4306,0.8345,6.0378,5.5935,5.5956,8.4529,1.9343,-5.3114,5.4886,-8.1218,-3.0734,2.6492,-6.5741,-3.8311,3.9338,4.9012,4.1532,-9.8107,-9.8539,7.958,2.9736,-9.1257,-2.8364,8.6645,6.5862,4.306,-9.2248,-7.3827,-6.3018,-3.4746,-3.9033,2.971,4.6981,-8.9844,-2.0223,1.5497,4.1089,-3.6639,3.5348,-7.6447,6.079,4.1802,-0.6764,-5.7986,9.7614,3.3029,-2.81,6.4812,-1.426,-4.0228,-7.8027,-9.5235,9.0436,-3.7662,6.5677,0.154,3.8658,6.8987,7.4728,-9.1653,-0.5339,4.7071,7.2077,7.8635,0.9039,1.924,-8.3415,-9.5484,-9.4377,-6.362,-8.2088,-4.5313,6.9864,-8.7619,1.9432,8.9912,-2.3169,-9.6462,-2.4035,2.8625,-4.1414,7.7886,-7.8203,-0.9382,-0.4064,-2.292,2.6337,-0.7232,-2.5465,-4.4922,3.1037,4.197,-2.7591,-7.8382,5.2765,1.6173,4.3984,-9.1082,-7.0706,3.7598,-4.2026,-3.6703,6.8337,-3.6719,-3.2662,-4.1578,4.5851,0.3741,-6.2931,8.4096,-6.9367,3.8628,-2.0472,5.6901,4.1035,4.9855,-8.0876,6.458,3.8953,7.6091,-3.0799,-7.5128,-9.4943,1.2498,-5.2807,-4.3313,0.9842,7.1032,-4.9217,-0.6923,-5.8017,-6.4775,2.254,-6.3548,-0.3661,-5.3947,9.4913,2.9067,1.9579,-5.4892,-3.2668,-4.4548,2.4389,8.3892,-6.0678,-5.1506,2.7916,1.9752,-1.6858,7.0213,-9.1874,0.8041,7.7345,8.1833,6.2014,5.2554
3.0395,-0.8329,2.0228,0.838,2.9989,7.847,3.3713,0.2782,-5.5081,3.6553,-3.6697,-3.7258,-6.6994,5.3844,4.1369,4.7922,8.4999,8.2595,6.9312,-3.1788,-1.1444,-5.0238,5.0699,-1.5065,1.8551,5.4888,-8.2345,-6.1721,0.5047,-8.8222,-8.6482,5.1843,-5.2121,-0.927,-7.2138,1.068,8.1766,2.9007,-8.0342,7.8174,9.3982,-1.5127,-5.2227,-9.6107,-2.185,-6.3358,4.8333,6.2115,7.9026,-3.9307,3.8844,7.9359,-0.0457,9.5242,1.9649,9.5942,-0.5183,-3.9898,-0.8488,2.8018,8.1919,-7.4217,6.5332,-1.4904,-1.9744,-4.7383,-9.484,-3.2345,9.8291,-6.0679,0.6356,-3.3652,-8.0653,4.0935,-2.5005,-1.4636,8.7309,7.0533,-4.9954,-6.5539,-8.8417,6.187,2.0622,3.8214,4.4621,5.1827,2.3311,6.2679,9.6018,-3.9351,7.3303,8.8473,0.4462,5.8199,7.2819,-6.7879,1.6591,8.4149,-2.6853,7.7786,-2.4496,3.3064,3.7777,8.3118,7.8513,-4.2757,-3.3314,-8.7259,-3.24,-5.5244,-3.4227,4.9697,-3.8194,-2.5996,5.1167,7.3015,0.7375,-8.9346,-4.7771,-3.3161,6.5732,-9.6437,-8.4696,5.9663,1.9197,0.0101,-1.8776,-0.7812,3.9446,-6.3465,-4.7402,-6.9598,-7.4682,6.4838,-3.3047,-9.8489,-2.0869,-8.1528,-1.3935,6.1877,1.0277,-5.5263,-0.7307,9.8786,4.2302,7.7132,6.3834,-6.6753,-0.3944,-4.0768,-4.0959,-6.5182,-2.5461,7.3025,9.7333,-6.604,-9.8747,-0.21,5.9008,-2.9241,-1.5008,6.7902,3.2265,7.4199,-9.5204,3.3284,-9.0265,-4.0429,1.073,-5.6746,5.3895,1.2224,2.0414,5.6439,-0.3649,-0.6066,4.5338,7.6478,6.8682,-3.9783,0.2581,0.2087,0.6571,-2.483,7.3118,-7.3616,9.0404,1.6252,0.3999,2.9337,-8.3833,7.0249,-7.6229,-0.0992,6.5982,9.0471,1.2194,-4.4041,-6.769,-2.1635
2.3109,-7.7196,-7.8548,-2.14,-0.5233,5.7726,-7.791,-4.0135,-0.5277,6.3792,-4.4204,-3.0874,-3.1154,-8.348,5.4177,-3.8743,6.7963,-0.7009,3.5755,2.0543,-3.871,-9.8927,-6.9974,4.4746,-4.0455,-9.9193,-4.6489,-2.592,-3.7138,-8.3465,-6.5604,-8.905,-5.1106,-0.3289,2.3727,-2.3344,6.4023,6.6464,-9.4664,1.0682,-1.0413,8.9299,-1.9357,-3.5909,6.7065,1.1192,-4.8862,-6.0618,5.5565,4.6424,-7.41,4.8545,8.4164,7.3566,-6.153,-6.4065,4.2087,1.6766,-5.9836,1.5566,-5.6588,7.7657,-4.8716,4.7165,3.942,-7.4648,-9.8905,5.1516,-2.4132,-5.0325,-5.0677,2.9922,1.3702,2.3946,-3.1178,-6.6845,-4.6438,-5.0018,-6.4064,-1.4014,-7.0195,0.8095,-6.5465,-8.778,-4.638,-6.1745,-6.4409,6.1502,-8.3679,-8.8959,-2.2848,5.7506,-5.5913,-7.1449,-5.5126,6.4616,-7.4807,0.9373,9.2739,-5.1407,-9.6773,0.5093,0.6036,2.3495,9.582,-1.5402,-9.562,9.1333,8.8936,7.3346,-5.9875,-1.527,0.8678,-2.3485,-6.1098,-3.2727,-3.7753,1.7215,6.1059,-0.7102,5.1271,-7.8757,-4.9158,4.0788,3.1108,-9.0657,3.2564,-5.2348,-7.4513,7.1014,4.217,3.1303,8.0583,0.813,-7.0051,6.203,-1.4579,9.7001,4.7995,4.8747,9.2262,9.7029,8.4101,7.4447,5.9192,-8.2078,8.6251,6.4127,-2.2313,4.5166,-3.7423,-7.5726,-9.225,-0.2247,-7.0174,2.0125,4.7857,4.6876,-4.7332,-2.8168,9.3792,-9.6371,-1.0015,8.0626,-5.6613,-0.2134,1.5075,9.5286,-6.2749,-7.7969,-7.6719,8.4141,8.6839,0.9638,7.6686,6.9888,8.4171,-1.0156,-5.4669,-6.917,3.0856,-8.6716,5.571,5.424,7.3084,6.8152,8.2551,6.0597,0.4858,5.6918,-8.1443,5.9258,-6.3915,-1.6285,8.1717,7.7454,2.19,-3.021,-0.7871,1.472
8.5845,3.2776,8.1506,4.7662,-8.0918,8.8459,6.7409,8.8019,1.2585,3.2357,-3.9527,0.0637,5.9151,-0.6629,0.0698,-6.4265,1.0074,-9.0905,-9.9892,9.3608,6.444,-0.3624,-5.356,8.1802,7.1874,-6.9427,7.1656,1.2192,3.5151,-0.9947,-7.4761,-1.7231,-6.2991,-5.4384,2.6846,-3.6493,6.5347,2.5532,-0.304,5.803,4.8585,-5.0366,6.5745,-3.501,-3.6168,-6.496,-5.1536,-6.5887,5.2522,4.4541,0.2262,-3.036,3.4842,-0.7906,1.4761,1.1233,-7.9985,-2.6135,-4.6207,-8.0188,6.3535,6.3914,4.7497,4.9558,7.1333,1.723,7.4372,3.7043,5.7442,9.8097,-7.7582,-2.4442,-7.6281,-2.7693,-2.3737,-8.8718,-8.5161,6.0568,-3.2936,-5.4351,-5.9979,-2.0599,9.3311,-7.031,0.2583,-1.613,-1.7908,-7.3852,-4.8605,8.8604,8.3242,-9.616,4.5135,6.3809,-6.7136,-7.1792,2.7268,-1.6932,5.02,-2.2953,-1.6093,4.428,-6.1853,-5.932,-5.5183,-2.953,-8.1537,2.8087,3.4528,0.688,-9.23,6.6894,-8.673,-4.1424,-2.4291,-3.88,6.1935,-4.0385,8.6243,2.0371,9.6184,5.2281,-3.055,-2.1104,-6.6544,3.081,-6.3789,0.8999,6.9279,-4.1634,-7.5597,-5.6018,-9.7219,3.371,-3.5258,9.1159,-9.5647,-2.8257,-8.1811,-6.4058,3.8384,1.9714,-6.9712,-4.7942,3.9179,5.2382,7.5552,-8.3533,9.803,-0.8574,0.5682,5.7377,-0.0117,-7.8163,-3.8558,-1.9033,-7.5881,-4.4002,-9.0815,-4.5077,8.0636,9.6139,-4.9321,-0.7447,4.3971,-3.8765,-7.4137,7.9894,-9.6628,-8.3933,4.6064,5.4202,-4.326,-4.3665,-7.0546,-5.1251,-7.6637,3.0753,-3.8534,1.5384,0.461,-3.1639,-4.8343,0.3349,3.5947,-6.9569,3.7521,2.9181,-6.4928,2.9735,3.7277,-4.1486,2.3612,-1.8758,-4.994,-7.2981,3.7828,3.2364,8.702,1.9934
7.8553,-0.9635,3.0677,3.2857,-7.7524,-1.2125,5.7242,0.6015,7.2682,-5.299,-3.8608,4.4027,1.4717,-8.455,-5.3528,-9.3328,6.8782,6.7177,-2.4256,8.0373,-4.8922,-0.5209,2.464,-5.3291,3.1055,-7.6559,-2.0917,-0.0897,-6.5394,3.0002,-1.8985,-6.5248,4.5777,-8.6321,-3.2461,-3.9889,4.2628,-8.3905,-4.8365,-7.4846,-0.3525,3.6774,0.8244,-2.7575,-6.6288,9.4957,-1.2098,6.4443,1.7869,-2.1281,7.9072,1.462,3.6276,-4.1221,-4.3251,8.0377,-5.0028,8.0554,9.4045,-5.7703,-1.9434,1.7466,-5.4974,-9.0798,9.3605,-5.8601,5.671,-9.3138,0.4167,-6.6698,-7.3975,2.8328,-8.1895,3.9715,0.406,7.6559,5.3336,-0.2086,-6.4154,5.7296,7.6078,7.1495,7.5194,-8.4436,8.2159,6.6004,-4.2724,9.7604,8.8323,-6.5287,4.2254,-5.6561,7.5459,-1.6575,6.3535,4.1647,-9.0747,-9.6335,-9.453,-1.9877,4.5301,-9.8761,-2.5179,7.6633,8.229,6.1652,-8.6185,-4.0187,-3.8096,7.6519,6.5786,5.5579,4.9991,1.1173,-5.7214,9.7591,-6.4813,-2.9053,9.9086,-6.738,5.8301,3.7486,5.2677,-0.959,-3.1532,-1.5267,0.2431,-0.9276,7.7368,-2.8727,-5.1932,4.7126,-7.0722,0.0204,8.1654,8.3047,-6.7125,-8.8458,-5.5722,-7.181,7.8175,-4.4618,-6.1078,-9.8363,-8.2161,-7.3119,5.8705,-7.6132,4.759,5.6018,-5.5347,-1.3845,0.4484,-3.8263,1.1847,9.9545,-4.3119,-9.1607,-5.5542,-1.2135,-4.2331,4.4345,9.8571,-8.5776,3.1132,6.694,1.0761,7.381,6.4216,8.4479,4.9328,-6.6579,-0.7507,-5.7059,-7.0837,6.3348,7.0965,2.5492,-7.9075,-2.6088,-0.7768,-2.4175,-8.1553,-3.7031,4.5614,8.5853,-2.6852,-5.9408,-9.0678,-1.627,3.667,-1.1893,-7.7211,4.7116,-2.3328,-2.3482,8.7335,3.8358,-3.9732,-3.0226
9.7854,-3.6584,-4.5466,1.3307,0.0876,2.8134,5.1883,-6.573,-0.2911,8.0138,-5.9063,4.6183,6.1522,8.1731,4.7752,-2.0333,1.3971,9.1472,0.3914,0.2981,1.3456,9.5086,3.08,-8.2389,9.9995,-7.0191,3.7789,-0.6304,6.6294,9.7064,9.0313,-2.5912,-2.0986,-3.6399,7.585,-2.2569,-0.8897,9.7877,-6.8326,-4.574,9.4043,-5.2348,5.2494,-1.4392,4.0871,-4.8322,-1.9902,-7.5028,-1.1684,-2.0743,-7.6489,-4.2816,2.2504,-1.5312,-5.7721,6.696,-0.499,-2.8963,5.7277,-0.3952,-6.758,4.2223,-0.7491,2.9544,-3.9891,-1.1967,4.436,3.6662,-2.8998,0.3852,8.7563,-9.3981,8.6832,-9.8366,3.8827,-1.5083,-1.1746,4.8583,7.8724,1.7938,-3.578,6.5957,4.1357,-9.8189,9.6138,2.723,-8.2198,-1.0681,8.0838,3.4473,-2.8399,1.3457,-3.4284,0.1904,8.2046,9.9429,-9.9356,3.9489,-3.1921,-6.433,-7.9057,-3.9195,4.5048,2.4461,-9.1509,-8.6395,7.0196,8.2052,9.7816,-6.9159,-0.9377,-7.1333,6.9681,-8.2733,4.4438,-5.2907,7.013,1.8142,3.2555,-0.2142,-6.5119,9.2677,0.324,-3.601,-9.4496,-0.6226,2.395,-1.8316,1.472,4.3327,8.8253,1.974,-2.1149,5.5782,-3.5124,1.9138,-4.2547,6.0859,3.6181,-5.03,6.9173,-1.5362,2.9448,-5.1955,-9.9501,-1.9183,4.8177,-7.2936,-0.9654,4.2044,-8.6831,-4.6307,-0.9594,-2.6326,-6.4753,1.7039,8.5386,-7.4134,5.4123,4.701,-6.5981,7.2172,0.8792,-7.0259,6.8268,9.7478,5.6553,-2.4128,-4.1999,-9.5173,-8.9263,-2.2566,-5.9779,-6.8389,-2.4151,6.7341,-9.8866,-2.86,-5.7092,-5.1231,1.0086,-0.6236,-3.5079,9.6985,-4.5235,-6.0173,-7.071,-3.5622,-5.0178,1.2432,7.6317,-5.9502,9.858,-3.6704,1.4746,-1.327,-8.3863,8.4876,-0.5059,-3.9865
-7.8338,-8.3023,-7.0668,4.9807,0.3865,-8.5402,-6.0455,7.9926,6.8066,8.1803,2.6408,-0.4304,6.009,1.259,2.5352,1.1943,-0.8538,-0.8457,-2.7256,-8.5696,-9.814,-6.3677,2.4513,3.512,-0.8059,7.7691,-8.7379,5.4406,-3.4601,5.3678,-7.3888,7.5933,-3.4256,-4.0203,3.9724,-5.6619,-6.0958,-5.1224,-9.6687,-0.7148,7.133,0.5349,-5.2473,8.6193,-3.9703,3.2712,-2.809,-4.0145,0.709,-4.6358,-6.1566,5.1289,7.1252,3.9323,4.6468,0.4511,0.6209,3.1787,3.5562,4.0697,-6.9912,-0.3737,4.9626,7.7436,-7.3168,-0.1955,-9.9385,0.4388,9.0337,2.6311,-6.6587,-4.2049,5.3324,1.5877,-3.4188,-5.4319,2.7562,-4.8417,6.7882,9.5843,-1.4481,9.3832,0.45,-5.9613,-9.6132,4.3003,0.5612,-0.535,9.0315,2.2586,-9.436,4.0852,5.4884,-2.3389,-0.784,5.9408,8.1025,-9.443,-4.648,4.1134,4.7512,-2.1302,1.5174,-9.7137,8.04,-8.7993,-1.6683,8.2382,2.4738,-0.3858,8.4344,5.7379,9.6799,2.7016,3.8057,4.5539,-8.7897,-2.874,-3.0438,-7.6155,0.3027,-9.8788,0.7616,6.7355,-5.7346,-3.6151,2.0187,-3.2457,5.7851,-7.174,-7.6708,-8.1325,7.0743,-5.7074,3.7077,5.9443,-6.7907,9.7566,-7.8094,-1.338,-6.417,-4.2365,-6.1632,-5.2748,2.2416,6.6655,9.1986,6.9689,-2.8955,5.6486,-8.0756,-6.1136,8.9299,3.9866,7.5048,8.1254,-2.1759,-4.4309,-8.7103,0.1937,-5.0954,7.2572,6.6767,-9.5763,-6.9466,-8.0988,-2.106,6.0191,0.2951,2.5047,5.664,-7.6807,-5.8011,3.5014,2.8909,-7.2597,-0.4343,-9.973,5.5596,0.0225,-5.7533,3.5167,8.2618,-9.7116,-8.4676,1.7969,7.2511,7.5974,-3.2204,8.4112,-4.2182,-9.8848,-7.1655,9.9743,6.8449,9.7072,-4.8435,1.7733,5.9824,2.0551
-3.4147,7.4727,-4.4101,-3.3226,2.346,1.8822,7.011,6.5442,6.2937,-2.8932,-9.3486,-3.5137,7.7698,-3.9134,0.578,-0.5024,-0.7113,-6.1703,6.6297,1.5748,-7.8394,-6.2074,-3.4874,-8.4993,-3.0599,-4.5198,-7.5312,5.955,4.9571,2.0161,-1.9401,2.9165,4.108,-4.8724,7.1789,9.1261,5.5815,-2.6825,-2.5886,6.9127,3.3261,-0.821,-9.1888,6.0505,-6.8078,0.856,7.3432,-8.8304,0.4135,6.1342,4.0606,-3.3878,-4.0182,2.996,-7.0289,3.755,2.1566,9.7298,-9.4355,9.4054,-5.9866,-3.1948,-6.409,8.0715,-8.1263,7.943,5.3223,4.3595,8.2835,-5.0571,-8.6634,3.4327,8.154,-3.0198,-9.2192,4.3663,-4.4603,-3.6089,2.7538,-7.4394,6.4053,6.2866,2.3485,-4.0448,4.8606,-6.6552,-6.8394,8.6681,0.3259,-6.5808,-5.0638,2.2435,-6.4501,-8.4138,1.8757,6.6131,-6.3979,0.1367,-7.1533,8.8312,9.5009,7.4019,8.267,-2.9558,5.7801,6.7547,-9.9911,2.1741,5.7974,-7.1016,-1.2146,5.5576,-4.1172,-7.3659,7.7506,-0.7254,8.0521,4.3253,8.1971,-9.9719,-0.9828,9.326,-2.5519,1.025,1.1013,8.1703,-6.1618,-2.3344,-8.7742,9.2182,-9.4874,-9.7738,0.0936,-1.2523,2.0543,7.7555,-3.2836,-1.6042,6.2019,-8.2235,-5.2962,-2.3487,2.4196,5.1449,-5.2122,-6.3257,9.2055,7.041,-7.3832,5.1227,3.511,-0.4686,-9.3757,-0.1455,-5.0941,6.689,-7.3181,-6.7687,-0.1486,7.3687,-7.3917,-3.2515,-9.5538,2.7583,-9.1095,8.5916,5.2181,3.829,-2.4203,1.6785,-5.296,-0.3162,-3.8189,-7.4149,9.0716,-0.5211,-5.4017,8.9832,4.0244,6.4403,-4.2572,-1.7685,5.6565,0.4441,-1.6362,-9.6796,1.1166,1.4463,-0.2652,-6.8918,-2.5142,-9.6264,-9.1919,5.0646,5.1526,7.2068,-3.7721,-0.0947,-9.2209,-5.1362
-7.9038,0.1098,3.4519,-1.3189,-4.2018,3.1864,1.1332,-2.4013,3.1393,-4.534,5.939,-8.3679,6.1657,-1.8526,5.4592,-0.3045,-5.2472,7.6317,-8.7014,-7.4419,8.5747,-0.4103,3.994,-5.1599,7.7942,-9.8026,-7.5578,-2.9891,-4.4428,-5.0043,8.3506,-9.335,0.8904,1.6881,-7.0574,-7.2583,-5.5834,-3.9594,9.2087,7.2106,5.9643,-8.3487,-4.8928,7.7973,4.0817,-8.4606,6.4347,-3.8328,-2.9613,5.1063,-0.6726,-5.6848,-8.3174,-2.1311,-4.5469,0.351,7.7026,0.7886,0.3981,-3.9688,6.216,-1.3647,8.7573,6.7928,2.8162,-9.0574,6.3793,-5.7376,1.483,3.3437,9.3679,-2.2105,9.8677,-7.2738,-8.9246,-4.0357,-5.7612,-7.117,8.4475,-6.5435,-4.741,3.1361,6.2923,0.3281,3.7353,-0.3072,-8.166,-3.9633,1.6691,-6.5009,-1.8187,0.0536,1.8995,-1.3037,7.8547,8.5887,4.1856,-1.7837,6.2515,-7.1973,8.7371,-5.81,5.8626,-0.1798,5.4104,-6.3636,-3.3819,4.1075,0.4102,5.1497,9.0132,3.2491,1.0917,3.5987,-0.5397,-2.695,8.4853,2.3016,-0.0293,5.8835,-8.9737,-5.2049,8.2352,2.3665,8.1793,0.1986,7.8574,-2.3185,-7.3751,-4.7909,-9.5463,7.4716,2.2141,4.1939,-1.4324,3.2814,2.7804,-1.7874,5.5057,-7.6579,6.7601,6.4582,-5.092,1.3586,5.2802,-5.4835,-5.1634,-4.8979,-3.1361,7.5863,8.7712,-6.8616,3.0765,-7.2065,-6.3897,4.6011,-7.0753,3.8603,5.505,2.6973,8.8354,-2.2466,-2.075,5.585,4.9909,-9.9349,-5.4678,-4.8504,-5.6801,1.8268,4.125,-0.457,-0.5514,-4.4974,9.836,9.0499,6.066,9.9921,-0.6001,-5.4353,-4.1638,-7.2818,7.2973,2.4537,-1.6563,5.95,7.5406,1.5006,0.4594,5.2842,-4.4838,-6.6763,4.0167,1.9349,-4.3175,-3.0738,-8.7913,-5.9579,-0.3605,-9.9609
-3.4617,2.6081,7.2259,-8.1902,-4.0032,-3.183,-7.443,-4.3789,8.4117,-1.3784,-0.9006,-5.7134,0.2078,-9.0043,4.6152,3.3576,9.0312,-4.755,-9.4085,-6.8432,7.8269,2.669,-9.3956,6.2894,2.209,5.5137,-4.9827,0.8605,4.6199,2.3871,-5.2345,6.8247,-2.4538,-9.2212,3.8058,-8.0352,-7.6092,7.1623,-8.0762,-5.3134,-4.697,8.7577,-0.3622,-7.4539,-3.7165,0.9752,-2.0207,6.4921,-4.2151,-8.6205,-6.7007,2.8609,5.0137,-0.7953,-6.988,7.6121,-5.3367,5.8597,8.3624,4.1351,1.1987,2.3756,1.2231,9.5873,-4.7408,9.0982,-6.4361,0.1669,-4.1091,2.3874,6.7301,6.8161,-5.2812,1.1487,9.2464,2.8572,2.3917,6.6549,-5.2136,-8.8388,-3.9705,-0.798,-7.6121,-4.6543,-4.9306,0.3494,4.3492,-3.0254,-9.4365,4.7887,-9.654,8.31,-0.0569,4.5987,-3.9962,-0.8712,6.2732,-2.8404,-8.8251,-4.8538,6.2803,-8.8312,-0.4347,8.9816,8.2034,-2.9469,8.249,-5.7952,6.9385,7.2014,-2.9758,6.7273,-4.9782,8.1359,-4.8792,-5.9689,8.9125,3.1264,0.6044,-9.7254,-0.9206,7.0863,0.4084,5.4068,6.3677,-4.2616,7.99,-5.9998,-7.5866,3.3844,-0.7697,3.955,6.7163,6.2516,-3.417,5.1391,9.4847,-8.7233,3.3547,-9.3338,-7.0629,6.3066,-6.7398,7.1879,-0.8691,3.4532,-7.7143,6.4237,-0.1682,-8.8232,2.4663,-1.7421,3.0366,5.1384,-5.2022,-9.1109,7.0964,-3.8242,2.0179,-3.9082,-6.6989,1.3586,-1.9983,-1.2301,7.8147,-6.9964,-7.0559,-8.2907,-3.003,-1.8026,-7.9118,-8.0045,8.1866,2.6796,8.256,1.3454,2.987,1.9941,-3.1971,-7.725,-9.2577,-1.0808,0.0085,3.9201,-3.3788,3.0491,-6.1646,-5.0718,-3.9837,5.529,2.9586,-5.0696,-1.7808,-8.5208,4.7565,-7.0876,5.4019,3.6379,-3.0547,-0.3567
3.9323,8.3253,3.6198,9.978,1.3371,-6.4105,6.9012,-9.7779,-3.354,0.0839,-6.9792,-2.6902,-5.2267,5.4219,-7.0315,9.9137,-4.3677,-3.1172,-5.448,4.7751,9.6235,0.6918,8.6099,6.5611,-2.8574,-5.1326,7.557,-4.3541,0.6944,-7.8877,6.6974,7.6649,-3.65,-0.1246,3.6312,3.0659,-2.1793,-4.7398,-4.983,-3.1556,-4.2703,-9.849,1.4658,-3.5621,0.8514,-2.2995,7.0709,-3.4332,-2.6996,4.5921,6.7087,7.645,6.6576,9.7401,4.4118,0.5349,2.7478,-5.7488,-1.5426,-8.083,-8.3438,6.5254,-4.7768,-2.3809,7.3826,0.5018,4.1908,7.5093,7.4284,5.652,4.438,5.384,6.54,-0.0387,-3.7039,-9.6026,-3.0974,-6.5957,9.9186,7.6788,-9.2711,7.2995,-1.0974,8.411,6.4639,-2.9367,0.8823,4.2506,7.3275,3.075,-9.7803,-6.4431,-3.6711,-2.0391,-8.1753,1.4557,-3.7202,-2.9821,8.7557,8.3639,-5.3085,-3.1263,-5.2482,8.7049,-9.2639,3.1685,3.0417,3.0295,8.6273,-2.2197,-4.9828,8.856,-7.2621,1.9203,-6.8826,4.8454,-8.3068,9.1731,-7.862,6.5578,3.5169,2.2252,-4.1685,-7.4179,6.1614,7.8884,-2.5717,7.2777,-3.3955,-6.5636,0.2793,-9.9837,-8.7541,4.3648,6.0245,-3.124,5.1061,5.1567,-4.8194,-7.741,-4.526,-5.1639,6.64,-2.3988,-7.764,9.6337,1.9878,-9.5075,-2.1854,-4.2865,-0.8751,-2.6946,1.2104,-2.7484,7.7762,6.7173,1.0603,8.2831,-6.1241,4.4772,7.0418,-2.9321,-5.4776,6.8273,3.7863,2.1167,9.4473,2.445,-4.6736,-8.0125,9.2613,-0.057,8.0533,3.7371,-1.3653,3.014,-1.7518,1.8132,2.1963,-0.0694,9.2443,4.7237,-1.4227,9.902,0.6944,-0.2713,3.2577,8.9361,-4.7731,7.7065,-4.9391,-0.5577,8.4179,6.9768,6.6209,-8.9007,-5.6609,2.3696,-7.3524,-4.6774
-8.3395,3.5295,2.5286,-1.291,-1.0847,-7.1102,3.8921,5.0079,-2.5582,-8.1894,-2.7525,6.3104,-4.5097,3.6885,0.5314,3.7033,-7.6118,-6.3715,-5.2863,6.4475,-6.6925,5.6492,-1.8014,-5.6429,-7.267,-3.148,0.0987,-2.6689,-9.9101,-4.9788,-6.0351,-8.2544,0.3753,-6.9281,8.5757,-3.6239,4.3147,9.1104,5.821,-4.0225,3.6643,2.0145,-3.7632,-4.1804,-6.1168,-2.5463,5.2498,-2.6395,-4.5955,4.0074,6.7358,8.2152,9.14,-8.0404,8.7327,-8.6249,-4.4787,9.3937,4.0785,6.5789,5.3278,9.1593,1.6634,-6.8241,-2.754,9.6689,-4.1326,-6.2839,3.7609,3.9861,5.8635,2.0206,-3.6786,-1.412,1.7329,-1.77,-1.4852,5.3142,-5.2585,5.6621,6.8058,9.8271,2.0248,-9.0129,-0.0162,7.5741,7.3867,8.7795,6.5193,2.1304,6.1364,-8.3283,9.4963,8.312,5.2864,6.133,3.3024,3.5795,-8.9849,9.0521,-6.4426,3.6331,6.3062,-4.8847,-3.7951,4.5099,0.6118,9.3863,5.2748,6.3984,8.8935,-6.0067,-1.114,5.4292,7.4025,4.2454,-9.0282,-3.7209,4.7058,4.091,-1.9717,-0.8429,-0.5994,-9.8115,-2.6168,-4.2351,-5.5247,-1.064,0.757,-2.0254,5.8767,-4.3408,-0.1456,-3.335,-7.5771,6.862,-2.7836,3.0485,8.2055,-4.2606,-7.8885,-5.9056,-6.353,3.5872,0.3675,8.583,7.6728,-0.5224,4.9201,-1.6812,-5.4932,-0.6216,-2.8802,0.2312,-9.5454,3.8361,-2.1498,9.4251,-8.2192,8.3163,-5.401,7.647,-7.5513,2.9145,-3.8257,-7.8978,3.9451,-7.6056,-3.1627,5.5257,7.0143,2.5225,-7.1407,-5.7753,5.012,4.7309,-2.9145,4.8754,6.5016,-7.6747,-6.1204,2.7931,-7.3545,-5.1753,-5.3806,0.9573,1.4327,6.5206,-4.2771,6.1594,3.9863,8.2572,5.2109,8.0154,-7.2564,9.5201,5.59,-1.4829,5.1812,5.9973
-8.4636,0.5115,-3.2729,3.7915,0.4045,9.5779,7.6473,-3.5856,-7.6972,-8.4825,-6.4202,0.1345,-5.9945,5.0381,-1.7541,0.5329,-0.7022,-1.6966,-5.3202,3.1381,6.5302,-2.9217,-4.0779,8.0643,9.2489,5.9727,2.1703,7.4454,-5.8175,8.406,7.4774,4.5907,-7.3496,-8.4395,-8.58,2.1475,-0.0345,1.9009,8.7424,7.6528,0.4067,1.1644,-6.1948,-9.3688,-1.2262,-1.7557,5.1179,8.444,9.3915,-2.9381,-0.522,4.1701,8.7863,-7.138,-6.1354,-3.3635,1.1224,-2.5535,2.6567,6.8919,0.3133,0.5234,0.9122,-6.9754,-3.4014,2.2804,-5.6361,1.8352,-3.5878,-9.7612,2.2036,6.4047,9.7273,-6.0821,-3.9537,5.4352,-8.1512,3.6609,4.2228,-4.4119,-2.6628,-0.9605,-4.3887,3.2416,0.4686,7.3944,-0.4142,7.2382,-7.6569,0.7099,-9.3103,1.4309,7.5026,3.7254,-8.4478,5.3358,0.0671,-1.9479,7.7909,-2.4804,4.1043,-8.869,-5.1698,3.6743,4.5593,2.9653,-5.9617,2.6219,-7.6016,1.5319,8.5934,-9.613,6.6001,-5.4491,-2.6661,-5.0978,1.2664,-7.8735,-2.247,2.8524,6.0496,5.8351,2.3363,-7.4929,7.1867,-0.8307,-0.989,1.4469,7.0076,4.7685,-1.1393,-6.5943,9.3153,-8.7545,1.424,-5.669,6.5744,0.8305,5.8175,6.7544,-1.2997,-6.304,8.0283,6.0479,0.384,8.2104,-5.87,-8.8837,-4.1483,-5.9244,0.3216,6.1991,-2.16,4.9658,2.117,2.5515,6.4391,4.3347,4.3738,-0.5334,-3.5132,2.0715,4.6768,-8.8637,-9.8222,-0.2214,-8.4101,-4.958,5.4554,0.6878,4.8941,-6.9119,5.0187,-4.7705,3.4853,8.5794,-4.1898,0.2528,7.1325,5.8412,2.7974,8.051,7.1696,-5.8745,-9.9969,-2.4643,-2.9565,9.1004,-7.3926,7.4983,-4.4789,1.4384,9.8871,3.4157,-4.9225,6.8164,1.6739,-1.1802,-2.3361,5.9354
-1.7959,1.3505,1.5244,-1.5881,-7.8124,9.7909,-6.0632,-9.8221,7.1295,8.9742,3.2623,-4.6964,2.3115,-9.5372,7.5306,-8.306,-2.1577,8.476,3.6357,-4.9065,-8.8334,1.227,-0.969,-8.0051,3.9202,-4.3348,3.6339,7.5652,-8.0114,-3.253,7.9765,0.6948,3.6814,0.9601,-1.3014,-5.2177,6.2239,-8.8336,2.9906,-9.1941,2.9389,7.9559,-1.8405,-5.7613,8.115,5.3185,9.1462,-9.5833,9.9876,-3.5884,-9.6473,2.9891,-9.0138,8.6818,6.593,-0.8477,-4.7959,-4.8216,-9.0071,3.8663,-8.1734,-4.0423,1.0404,-4.4141,-6.4441,7.5577,5.8057,-1.7481,7.0878,-2.0931,-7.639,6.0471,5.1526,2.5544,-7.224,-7.4562,7.9375,3.0699,-0.1897,9.7173,8.0017,-5.8025,-4.6044,6.3219,9.6114,6.4525,-4.6684,6.5285,5.0017,-5.4706,8.1117,9.1154,-9.6571,7.652,-4.1816,-9.702,-2.2745,-9.5167,-3.4136,-4.9294,-8.5672,7.9641,1.2293,7.7632,8.8957,-5.6451,-4.8904,-3.4759,-6.3213,0.8476,-3.6554,2.5437,-4.5365,6.2779,5.3647,4.5394,-5.1164,-0.6873,9.866,1.3491,7.9943,7.468,6.3292,-0.5498,-0.0435,8.4575,6.1661,0.5084,-4.5361,-7.5469,5.0499,3.1798,-0.2108,-2.2539,-2.156,4.7238,5.1446,3.9867,-5.0369,1.5324,9.7543,-8.1283,-4.1768,9.3916,2.1245,-8.8413,1.7948,1.8395,-4.9191,-0.8504,9.9941,0.9364,2.8411,7.1703,7.2638,5.9416,1.6746,-2.2777,-3.9002,-4.229,-3.5041,6.2014,5.8562,-2.5882,-8.3457,4.0832,-4.8433,-4.7694,2.9671,-1.0151,6.2245,-9.6137,6.7499,-1.5874,-7.0968,4.9418,9.8819,4.4536,6.3653,3.4328,-0.1957,-6.8033,7.134,-8.4249,-1.7492,-5.7141,-2.0685,8.574,5.1785,8.5425,9.0698,-3.3038,6.7848,-3.6905,7.1094,3.5702,6.8867,0.6217,9.8002,1.0826
9.1377,-2.2539,5.0603,-7.4619,-3.4054,-7.854,-9.0859,9.3842,6.7443,7.6351,3.7828,2.0776,-5.6156,4.6968,6.6263,-9.5362,-8.7448,-8.2295,-8.0516,-3.3411,-5.1899,-1.5177,4.2461,-4.0108,1.4019,1.6402,4.6359,-7.9979,-4.2999,-1.736,-6.5803,-3.1383,-5.5965,0.7173,-0.5296,-0.6142,2.8325,0.2022,8.4962,9.4861,-4.1759,1.6152,-5.518,8.9375,9.9316,9.4564,8.6282,9.9956,-0.5562,3.2332,6.4235,-7.8099,-1.3729,-3.0199,0.8169,-6.0051,0.1513,-9.7272,5.8306,-7.9575,-2.7416,5.9018,-2.2533,2.6617,3.719,2.3037,8.5994,-8.8184,4.4916,-4.5875,0.4783,7.3506,-4.2942,1.1516,5.1753,5.8583,6.718,-9.2396,-0.2678,4.2576,-3.2303,8.1238,-2.6536,5.4955,7.6464,-1.3273,-7.0989,-6.9015,4.1705,-8.2134,9.4193,1.6426,-3.5424,-7.0029,9.7681,-8.3458,-3.4118,-6.36,-5.8824,7.5736,-7.733,3.9715,5.5613,-0.5305,4.9298,0.6748,6.9167,-4.4524,-7.2828,-4.6973,6.3148,-4.342,-5.4011,2.7894,9.5503,9.8554,9.9841,-2.4633,-3.6182,4.5101,-7.4554,4.3644,1.8804,8.1905,6.9108,-7.3285,-1.491,0.4238,4.6499,-0.589,7.4122,-2.9377,-2.4002,-6.1944,-6.7686,-2.629,2.4541,-4.1082,-9.6212,0.5567,2.9558,7.3613,1.3265,9.0907,4.328,-0.9532,-7.6635,7.8435,-7.1961,4.4751,-6.4854,-2.3754,5.0044,3.7434,1.2234,-2.13,-5.9424,5.7078,-4.362,0.6379,-5.6006,-7.1287,-5.2226,-1.9969,-7.2329,-0.1431,-8.4332,-7.8121,-9.9686,4.0028,-6.6848,8.5,-1.6914,-1.7013,-5.3774,-2.0341,9.756,1.7919,-5.1804,-9.8761,-5.9549,-0.5604,-1.9547,7.8263,4.1025,2.1191,-7.0838,3.1688,1.0419,-2.1245,-9.0769,3.4523,4.2874,-8.0921,-4.8114,-9.1198,-1.6026,7.7679,4.6955,-8.5255
-4.1609,1.2558,-8.4824,4.0215,5.3848,5.0254,-7.5963,6.8787,3.9181,4.0485,-4.5973,-7.5352,7.7917,3.214,-5.8839,6.0201,-4.7536,-6.4201,-0.4259,5.4011,-4.7045,-0.621,8.3638,-3.9637,4.3932,4.8034,-8.387,4.0747,-7.1997,3.654,3.8763,-4.0817,4.3343,-0.796,4.5111,-0.0677,8.5607,4.8597,-3.8645,3.5513,6.1346,-6.0752,-1.2575,5.2177,-2.3879,0.5069,-0.9016,6.5934,-9.7198,5.2982,9.8128,-5.2767,-6.3663,4.3981,-9.6889,-5.532,6.8777,0.955,1.645,7.7203,-4.7546,7.1915,1.5152,-3.1424,-8.6176,-6.1738,2.2819,0.9227,9.6528,-7.6336,4.8813,-2.9914,3.2134,7.4941,7.287,-5.3059,-4.3932,-0.9539,-8.3877,-7.2169,2.8525,-4.6037,6.2784,-7.5251,-4.8618,-6.9036,-6.1028,9.4146,-6.8493,4.9872,7.4225,-5.7505,-0.676,-6.918,2.6662,-9.8432,3.7956,5.9048,4.7522,9.5252,-1.0221,-9.1694,-3.6976,6.531,-1.9215,0.3146,-7.8448,3.2205,-8.9371,6.0975,6.6407,5.0248,-4.065,-9.9277,4.3269,-1.5255,-9.389,0.4366,-4.7207,-9.2359,-8.5378,6.1057,-3.4235,1.2107,-0.432,0.8618,4.7557,-6.3446,0.8018,4.6059,4.3454,-5.5894,5.6096,2.6643,8.8856,-2.6837,-5.922,0.7797,4.617,1.8349,1.9345,4.0125,-1.2691,0.7826,4.6223,-5.8832,1.8541,-9.1329,-8.5415,-0.1832,2.9195,6.005,6.1309,-7.0884,0.6663,-0.4312,4.4393,8.9877,-2.6103,4.0563,2.891,-2.7353,4.3126,7.5473,-1.7288,-6.0607,6.5687,5.0658,7.5737,-4.0113,-8.7897,-7.5881,0.7582,3.3384,-6.5474,-1.8767,7.5592,-4.4536,-5.5687,-7.7843,-6.21,-1.955,4.883,-2.0021,-1.62,7.7434,-1.0178,8.7847,-3.4497,-8.4667,-7.6526,-9.8401,-6.933,9.9053,1.2792,-1.2585,-4.6008,4.6163,-2.495,2.6228
-1.0689,-5.5488,-4.0962,3.4557,4.0216,-3.2492,2.9155,-5.6201,-1.0363,9.333,5.9475,1.0812,3.124,7.2031,-5.7943,-7.103,8.2079,9.6084,-2.0176,5.6352,-0.5906,8.5157,0.4568,9.3388,-8.4888,7.6848,6.9704,-7.9299,2.8517,-1.1392,-5.7526,-8.5831,1.844,-4.5263,0.7244,5.7173,8.3534,-0.2651,6.472,-4.5546,-6.1097,6.4398,9.0076,1.6858,-8.6126,-7.5492,-9.2519,9.9941,-6.9631,-7.3789,-8.6966,-2.3978,-7.9264,-2.9192,-7.6821,-9.5643,3.8601,-3.6561,3.0781,8.6179,9.175,-7.6263,-8.8996,7.3844,6.0726,5.2847,-6.1794,8.003,-3.3511,6.7332,-8.0689,-1.2345,8.695,-7.0285,-7.4797,-2.7695,6.8873,0.6286,1.158,8.3179,7.838,-3.9092,-6.2824,-4.2705,-6.5281,7.8425,3.8535,-6.3712,-2.8406,0.322,-7.0753,-6.1722,-8.0873,8.6897,-2.3841,3.9003,-3.0,-7.2688,-7.4817,-5.7477,8.4446,7.4813,9.7183,-6.9237,-2.5131,2.9951,5.049,6.3068,9.8827,-1.7512,-9.6006,8.8581,-0.3776,9.249,5.9238,-4.91,6.9848,-9.8035,8.3196,-2.0149,-1.9496,6.4941,-3.0748,-6.3393,-6.3442,-6.5014,-8.8693,8.5798,-8.1909,0.631,9.601,9.1512,1.4665,9.3512,0.9116,6.2663,5.4379,-9.9778,-8.2142,-1.5706,5.7826,7.2217,5.0656,6.5415,-9.5662,-7.8644,-5.37,5.4478,5.7454,8.9974,9.2104,-1.5164,-9.317,1.9752,-5.4375,-6.8783,-7.514,6.2859,-5.7597,8.2523,-9.6463,2.6482,-0.3642,-1.7934,0.0052,1.8315,1.6157,-4.489,6.9956,7.9708,-7.6255,-5.367,-4.5028,-0.2511,-3.7076,7.31,5.5046,2.3442,0.115,8.0225,4.4185,-9.1342,-5.6769,3.4972,-2.4718,-0.6567,2.0253,7.7215,3.1076,-9.2357,-4.0985,2.6764,9.684,-3.568,-3.6495,9.4887,8.8402,4.8078,6.9901,2.0867
-1.6633,0.2099,9.0519,-9.253,9.1814,2.9733,-8.7285,-0.0716,-8.1868,-4.8662,5.9071,-6.8942,5.5711,3.4551,-4.9868,0.651,-0.8978,-8.6297,-7.0382,7.3917,3.5356,9.2201,-9.8766,-7.4437,2.8805,2.9076,0.8572,-1.2646,2.547,2.4788,-2.9398,-5.7089,-8.4551,-0.5565,-3.7975,-5.8523,7.8742,-6.9146,-9.9999,9.1855,-1.4724,4.2499,3.7188,8.0119,4.9412,-5.7306,-4.9121,-1.7497,-7.4106,0.3248,-0.597,-5.8892,3.2723,8.3061,5.5881,5.1468,-2.277,-9.0821,-8.3473,6.6574,1.9307,-1.2361,-9.1379,-7.3575,-8.0688,-6.2221,7.3814,3.7975,-6.1369,9.9615,-8.4084,-3.7361,9.3452,-0.149,9.0946,-8.8026,1.5685,0.9772,5.8953,9.4939,-4.7899,9.6492,3.7889,0.6477,0.4925,7.9963,8.7495,-3.5704,8.3102,-9.7607,-3.6175,-3.277,7.1919,-5.5275,-8.3236,-9.0433,-7.6057,3.424,3.5303,-3.4186,-7.0303,6.6484,-2.1948,-3.6449,-8.4635,-4.0683,7.7714,-2.0782,1.9427,7.4884,-6.321,7.3413,4.4908,0.7703,3.6341,-1.9486,1.896,-8.3034,9.751,-0.3433,9.5836,-0.9363,9.5252,3.9753,-9.8612,-4.7937,3.938,-2.3471,-9.162,0.5839,5.1171,7.3996,-9.1989,-1.5008,-4.7772,-5.5117,3.2595,-5.6256,4.0439,0.0686,3.2884,-3.4339,4.0959,-8.6084,-2.4974,5.7897,7.508,-3.5841,-1.3491,3.3839,-7.5011,-2.1182,-6.6553,0.2822,8.6992,-9.8813,4.9046,-6.4435,6.6365,7.8823,3.6856,-2.5994,9.6834,-7.2506,7.944,-3.9365,7.7989,-2.1693,0.3108,-5.8505,9.1791,-1.4506,-4.4821,-7.8868,0.8898,-0.6449,-0.5222,-5.4992,2.3185,-4.4461,-9.7876,-9.7652,1.3591,-3.1573,-6.2164,-3.7772,4.5967,1.1745,8.3094,-3.8536,5.0944,5.7849,-6.3881,0.7761,-0.9337,-5.6376,2.9774,7.3516,-7.1046,-8.2874
-0.257,1.1993,3.2082,-2.8403,-1.3508,0.136,4.154,7.3869,-6.4271,-4.2922,-7.2985,4.778,6.9235,1.7761,6.4524,-9.9507,3.5754,7.7265,5.8295,2.6755,2.1365,5.4868,2.081,2.6959,6.1328,1.6114,0.269,-4.2342,-4.7989,2.4895,2.0001,4.7621,2.9588,9.3508,-7.7453,9.6467,-7.308,-4.123,9.4361,1.2743,-3.6899,9.7615,-1.001,6.3802,6.7416,-7.9405,-1.4438,1.1192,-9.4203,-1.8315,-1.1442,-2.2299,-0.1716,-2.5671,-5.5366,-6.9323,8.724,-3.5809,-6.6862,3.1237,8.8215,-5.8306,9.7691,-9.6714,-9.2063,8.1978,-1.3127,1.0676,1.9692,0.0291,8.1496,4.9486,-3.6637,5.7843,0.6272,-8.465,2.2625,4.6602,-4.2593,-8.9752,-8.1412,1.7461,-3.16,-0.6527,-4.1199,-7.6779,7.9986,8.2274,-8.5392,1.7577,-7.0861,5.518,-4.1803,-7.599,2.2136,6.0286,-2.6284,9.7027,7.5521,1.7054,-8.2364,8.0791,-8.8385,-5.3432,9.4965,-6.7897,-5.5559,9.7691,-7.979,5.1913,-6.0576,8.0257,2.6709,6.3642,7.6328,-3.7033,3.9132,-7.2079,-6.0239,-0.0809,7.5602,3.1497,-1.5689,-4.2076,-0.1309,-7.1118,3.2693,-1.9982,8.8815,6.208,9.7315,7.3824,5.4461,0.0799,-0.9102,-8.0768,-8.3903,-2.9519,-3.2654,-8.8371,8.0701,3.687,-1.1453,-6.5017,-4.4898,4.1674,2.7467,9.4587,5.1977,8.9521,-5.0997,7.1876,-5.6959,6.9759,9.3988,7.3805,4.8059,-9.7126,-3.0845,9.8815,-1.9795,4.0515,-3.784,-4.9629,8.6014,-9.1904,6.4687,-2.9965,-7.547,9.7331,-2.8196,3.5694,-8.5652,8.4446,1.5927,-8.0819,5.3378,-9.1932,-6.4973,9.7881,-0.3652,-0.1863,6.5881,-4.5991,5.0059,5.4425,-0.9965,-8.8052,-9.3258,-8.196,-3.2867,5.1468,7.8238,-9.9598,-6.9527,-2.6428,1.7012,-1.8984,8.3374,3.5677
9.1,9.4774,2.5048,-8.8985,6.1278,-9.0544,1.6176,0.2792,-2.361,-1.1251,-1.0737,-3.6597,0.2727,9.3832,-6.0417,4.8089,0.8739,-7.6598,-3.1904,8.1901,-0.8104,-0.184,5.2835,-3.8865,-9.0267,-6.1424,6.6127,6.1043,-7.8889,-3.0954,-9.3974,5.8461,-7.7101,-9.6805,-5.6054,1.3473,-2.068,-6.9423,8.7104,-3.6708,2.0173,-4.4831,0.4286,3.8219,9.922,4.1362,-4.9459,-5.4882,-1.245,6.2112,2.3743,5.6412,4.274,2.0758,-7.0303,-2.8884,1.6983,-0.515,9.9193,-5.5438,-5.8832,4.9354,8.8102,-0.8125,-7.3294,-6.5562,0.9999,-9.5092,8.9301,-2.8764,-3.1074,3.157,4.9716,-3.8236,-3.5623,-7.4717,4.1912,-0.737,3.1091,3.554,-0.9249,7.2867,-0.5532,0.359,-6.2973,-7.549,8.35,1.6997,-8.8784,-7.7658,5.5313,4.744,1.1188,-6.6715,-3.3122,-2.9545,4.1209,8.7489,0.632,4.8663,-5.5154,5.3424,-4.6454,8.497,8.6617,-2.7904,-4.9709,5.3829,-5.3658,-8.0733,-8.657,0.8791,3.6936,4.8706,-4.9411,-4.0999,-0.3352,-0.1268,3.3074,2.4904,-1.0368,-5.9583,-2.3339,7.6945,0.635,0.7709,2.8577,0.4378,9.8066,2.5017,8.098,5.8685,5.2596,-0.4833,-7.009,1.2066,-0.6152,0.3349,-1.2559,-0.3614,-0.0653,-8.0501,5.9098,2.2897,1.1011,-3.2623,2.7529,0.583,-3.501,2.1665,-3.2055,8.2833,0.6924,-4.1619,-4.8765,-9.2413,-5.523,-4.8007,1.3178,4.4019,6.0524,9.9163,1.6943,-9.6207,-9.6934,-4.9269,6.0136,1.2521,1.796,1.9297,-9.11,-5.8183,-2.2339,-9.6183,4.1418,-4.4105,-6.4741,-1.2172,6.3046,6.4379,-4.0505,-9.8228,-2.6169,-6.0225,-2.8798,0.482,3.8191,7.164,-3.8015,7.4927,1.0631,9.2204,5.5965,-0.0841,-6.8618,-2.2689,1.3376,2.2134,-7.6278,2.2263
-8.3397,-0.429,0.4293,1.851,-5.2683,2.0201,5.935,-5.4424,-0.6451,-6.4579,2.3292,2.6201,5.497,-5.2846,-5.3809,-1.55,-0.217,-5.2186,7.3623,8.2002,4.6736,2.1657,-6.971,-5.3684,-7.3362,-0.1348,-4.8027,-0.7136,5.1688,-1.32,-7.2673,7.289,6.0236,6.8985,-8.8344,-1.2043,-3.5034,-2.1501,-1.5218,4.7946,-2.8895,9.9715,-7.9634,0.5373,-6.2115,1.9075,0.1961,8.1117,9.2309,4.3714,9.9111,8.1633,7.8997,4.9582,9.5045,-9.5759,3.2594,-4.1694,-1.2216,-5.9841,9.4707,-2.9957,-2.7708,-1.0625,-6.6058,0.8157,9.6349,4.3431,5.289,4.3383,5.1004,-2.3861,3.8661,0.3596,-6.3349,-2.8739,-2.9498,-1.9093,-6.8975,-2.8738,-7.8876,-4.8598,7.4322,-5.1834,-1.3907,3.7461,-3.9791,4.4764,-7.0341,1.4868,0.1377,2.5151,7.3829,-4.0725,-6.6631,1.2129,0.6562,7.8753,8.8337,1.6044,1.4929,4.6808,-1.4364,7.8416,6.1102,-4.2572,4.274,-8.0414,-5.0491,-0.3659,9.8837,2.1976,3.4465,-6.5175,5.5635,4.315,-0.6374,-5.0196,-6.0326,-7.605,3.7693,9.3731,1.8974,-3.3044,9.7459,-9.3761,7.6059,1.9412,-6.5222,4.6218,7.5283,-7.8681,3.7014,-7.8292,-8.5118,8.3966,-8.6878,-8.7748,-4.4341,8.5923,-0.1899,4.1791,8.4176,3.6972,-9.3998,-8.3905,-2.6771,-4.9634,5.4435,0.1863,7.7646,9.4324,2.9054,-6.2279,0.3229,6.0806,-9.3226,7.1842,-6.7631,-9.0081,9.268,9.875,3.3505,6.6597,1.7733,-2.9783,8.2373,3.7256,-4.2327,6.474,-9.4968,5.3179,2.8034,3.8068,-1.2656,-6.7964,-2.2757,5.9045,-2.5419,-3.9244,-3.6291,-7.4194,9.5664,-6.6501,-0.1251,4.1664,7.582,1.4436,7.9631,-6.1231,1.0853,-9.3256,6.7196,5.3248,3.1857,6.8968,-0.8129,9.5474,1.3753,8.8455
-2.319,-7.3046,-1.0004,-0.2279,-7.9299,-5.3071,8.437,1.1343,2.0146,-1.3147,-3.7425,4.7214,-8.8791,-5.9866,-7.4539,-3.7274,2.6387,-3.0644,6.6724,5.0243,0.8593,9.5435,-2.7952,0.6966,8.046,-3.1959,9.6286,-3.9489,4.9087,-9.9343,0.4185,-3.5628,1.3532,-8.1048,4.5242,6.3624,4.1996,3.0468,-9.342,2.1883,-2.7742,-5.5316,-8.4359,-4.9442,-3.2919,7.4615,2.003,2.1447,4.4701,-3.686,8.5166,4.6783,2.7243,7.9077,4.8822,2.4732,-3.2772,7.3196,6.7801,-6.4331,4.2243,4.044,-2.8418,-8.4294,3.7466,5.7787,-6.9208,-0.4027,-7.293,-6.3952,3.077,-5.2142,-3.6492,-4.3676,-3.8807,9.5224,-9.6663,-1.0936,2.6265,-3.1527,3.9575,2.2431,6.0442,5.0629,-9.2674,-5.4818,9.8616,-6.5625,-2.2534,9.6427,2.8397,9.5698,-4.8338,-5.003,1.9209,-0.7211,-9.9635,3.2734,1.3434,-3.1539,-3.2142,-6.6176,-4.6381,5.3831,4.6011,9.4486,-4.4543,2.9728,-2.2355,4.0994,-0.3386,-9.4396,-5.9247,2.3569,-8.1372,-2.3207,8.2752,8.0328,-9.2476,-5.2406,0.54,8.9579,-8.0217,8.7625,5.6527,4.0783,-5.6011,6.8411,9.9008,-7.1597,-5.0936,-0.4673,3.2191,-5.789,-7.4261,-8.332,0.3185,-0.0436,8.6237,7.8348,0.7445,9.5211,6.4767,-2.781,1.2299,2.5898,4.9028,-7.2359,6.3836,-3.3213,-6.4538,5.1908,5.2983,6.2636,-1.6939,5.5085,-3.8633,4.3977,-4.7902,-7.6033,5.3669,7.1384,-1.2904,-2.8981,-9.9875,-7.31,-7.695,-9.2513,0.4637,-2.2383,-0.762,-7.1738,4.0259,-5.2765,8.1692,-6.1082,0.8117,-5.0262,3.6017,-2.0832,-6.5032,3.7676,-3.1803,2.8243,-9.6937,-3.5614,-5.127,0.364,-1.7141,1.2456,2.2159,-7.7456,-8.0949,-9.0739,0.8423,-3.3007,7.3559,-7.3945,-3.9049,-6.2604
-8.3188,6.3034,6.9826,-4.8025,8.7233,-9.6161,-3.6504,1.6191,5.5072,-7.4159,7.7392,9.1083,5.9285,-0.054,-8.3852,5.9063,6.7533,-5.4205,-3.8028,-5.1272,6.2039,-9.8506,4.8945,-9.7454,-3.7974,4.596,-6.7749,0.2653,-5.0573,-9.3368,2.0882,-2.6998,8.2047,-5.1836,8.5561,-4.3557,-8.7821,-7.9627,5.4215,-3.7296,-3.9002,1.0822,4.2287,9.7428,-8.4422,-1.8013,-8.9189,6.0461,-1.5145,-8.3279,-9.1715,-5.9998,-2.3242,-7.3688,6.1395,8.5007,-6.5541,-2.7481,-4.6733,-1.9814,7.3701,-6.6539,8.123,1.9353,-0.3268,-6.1148,-2.2183,-9.3727,7.5398,9.2335,-5.3159,1.6094,-4.7533,-7.6584,-2.2313,7.9502,-0.0486,1.4466,-4.0608,1.2548,0.2816,-9.2575,2.1887,8.181,4.3248,-3.3994,-3.0637,-6.5017,-9.537,-6.0025,4.1288,8.4613,-7.1944,-1.5589,-1.5656,-2.7253,5.4095,-4.3065,-7.0748,-4.2366,-0.23,6.8856,-6.6267,1.1083,8.1206,0.9235,2.0683,-9.0239,5.8566,0.045,-9.3006,2.0032,-2.13,6.6309,6.4098,7.6478,6.1522,-1.945,7.5633,-4.5875,6.3643,5.2384,6.2365,-2.7839,-2.2342,-0.3929,-1.5492,3.4338,-9.936,-3.6123,9.8948,-1.0606,5.2237,8.4501,5.6809,-6.8809,1.6134,-3.8146,-0.6471,4.618,0.7846,8.8173,-8.4866,-8.3802,-5.0381,7.86,6.8687,-6.5846,-5.7237,-7.6717,-7.0698,9.0009,-5.4341,-5.2581,-6.505,-3.6878,6.9881,2.3714,-4.1524,7.8154,-1.8478,0.3334,-3.7808,-2.0086,4.7281,-1.4206,-1.2304,-8.5072,7.6791,5.8767,-9.9571,-1.8513,7.8757,-3.4799,7.6685,3.0976,-5.6699,9.1927,-5.5985,-3.5374,-8.4996,8.2023,-9.1928,-1.8641,5.698,-7.3699,0.5966,2.885,1.0791,-7.7268,-4.1033,-8.3969,-2.1839,-5.8241,-8.2102,-7.3942,-7.7591,-3.9885,9.8759,-2.8268
-7.8489,6.0654,-1.7756,-5.0833,-5.9,1.3504,2.4861,6.0954,0.8578,-5.1644,-6.8154,9.2457,-2.6384,2.3269,-5.9563,9.8588,6.7083,-9.6489,2.464,-7.8552,9.9223,1.5575,-6.9402,-8.9316,4.015,-5.523,8.7106,-2.5208,-4.6538,4.2887,8.8626,4.8313,6.0666,0.7978,5.5222,8.2389,5.6672,-4.9749,2.8341,-9.909,7.8683,-8.1006,3.6726,-5.717,1.2289,0.8448,-5.0911,5.636,3.9715,-8.6389,2.1076,-4.2775,8.8539,-6.6952,7.2059,8.4499,5.9811,2.9424,6.4767,-0.8465,6.8285,2.2892,1.6626,8.6213,6.2788,-7.8818,-5.2695,-1.5683,3.1343,8.5699,3.7235,-2.5816,5.9577,4.3188,0.5182,4.9098,4.3993,-9.8206,6.0041,-4.2343,-9.5552,8.2821,7.9697,-5.3535,2.7201,3.1144,4.8267,-2.9214,5.6551,0.6242,-5.5542,4.8765,1.6797,-9.5854,-4.7233,-5.2609,1.5757,-6.2638,6.7162,-2.9425,7.1657,-9.4992,-8.8829,4.759,5.7699,5.7954,1.9364,4.1142,2.7784,-6.9046,-2.7964,8.1333,9.7957,-1.151,8.5924,-5.8927,5.3513,8.4483,-0.4606,-8.13,-3.5925,8.1133,-2.5699,-1.6856,8.2665,7.1156,-4.7403,-4.4629,5.382,-8.2793,-8.9354,9.7801,9.3155,1.8978,-2.5429,0.0373,8.7792,-5.6123,0.7693,7.9619,-7.9343,-6.5624,-9.8218,6.2322,6.4097,-5.8656,3.536,8.9477,9.7679,9.5161,-5.5622,-8.7395,9.036,-2.3631,-1.7358,7.3621,8.4174,-3.0514,-2.2582,-4.9371,6.3227,2.0927,-1.0729,-5.5288,-1.9085,9.119,-8.0011,-2.907,3.8291,-3.4933,2.8006,-2.4938,1.5982,2.8416,2.9805,9.6092,-6.391,0.6304,4.6131,1.1591,-2.2566,7.7511,-1.2722,-0.1136,-1.213,-7.316,-2.0113,0.4588,-5.059,-5.8417,-8.3727,7.643,9.4762,7.1202,-3.6515,-0.0778,-1.4192,9.4357,5.1907,5.4896
-7.5743,3.224,-2.3608,8.6137,7.3847,-0.8779,4.0756,2.9129,-7.6292,1.4002,5.5699,-9.8592,-6.5965,4.3586,2.9013,6.2898,8.3147,-8.2384,4.0267,-0.9865,-2.5871,-6.8624,1.2938,-7.3284,7.6959,3.6017,8.0289,4.1964,0.3917,-9.3954,0.9011,-7.7454,-7.2053,-7.4489,-9.5557,-2.3736,2.3319,5.6401,3.4042,-2.1476,-1.1642,8.0038,8.4022,5.6898,1.2466,5.6765,-0.9999,8.5502,-4.2925,1.8613,-6.1329,-0.1859,-6.7954,5.4298,2.3091,4.4184,7.1791,-7.5979,0.9394,-9.1641,-4.7665,4.1829,-5.4707,5.8125,-4.3645,0.2875,-4.9989,1.1108,3.5397,2.5328,-6.5988,9.0285,-0.035,9.0908,1.8585,2.0495,0.2935,-2.6066,-6.1356,6.1486,-8.1026,-4.148,-6.5314,5.8796,0.9848,4.0706,9.1667,-9.1946,3.9803,7.2572,-9.5668,-6.5639,-7.4088,4.3009,-3.5216,-0.855,7.7138,4.5013,-5.1061,-6.2285,5.536,5.9438,9.9528,-3.5128,-0.8708,-4.2703,-0.6656,-1.1311,2.7093,-3.2503,-0.1205,-9.2741,5.728,4.2301,-3.5638,5.7929,3.7121,-2.5095,-4.6414,9.6002,0.0133,9.0837,6.1242,5.8445,-8.6835,-6.7572,-5.1968,0.1833,5.709,5.1816,8.3016,-7.7077,-5.9439,7.4375,-3.4229,8.9981,4.4441,0.1723,8.6121,1.5209,5.3897,8.2152,6.3043,5.6956,-7.8655,3.9697,7.4732,9.9575,8.9243,-2.5764,5.7024,-2.3779,-4.9915,-2.4662,7.9016,1.6154,-4.9549,2.6333,-2.7121,7.5087,-6.7821,1.5988,8.331,3.5378,-8.0361,-5.3029,4.234,-5.9769,-8.7779,6.8235,8.887,-8.3988,-8.7382,-6.4479,9.4292,-1.9675,4.13,5.3229,1.4136,-2.1596,-8.4674,-2.5283,5.0588,-8.669,-0.635,-5.8063,-0.7982,-0.9273,3.4868,2.2898,3.7518,-3.0177,7.9191,-8.5298,-0.6751,3.2102,0.6729,-5.0457,-1.4845,6.7056
5.0221,4.3799,3.875,-4.1294,4.0865,-3.3731,5.6968,5.4715,-1.976,-2.3837,6.2504,0.9753,3.2343,-4.2964,-3.6039,-5.9771,4.687,1.4259,7.4936,1.1162,-4.6342,6.3881,4.574,0.4773,4.5007,0.6789,4.0445,7.0923,-7.3743,3.7514,-6.2419,4.7158,1.8267,-8.9409,-3.9714,-5.6427,0.7116,8.0804,5.1276,1.3755,7.6823,3.8851,-7.6659,2.6576,-3.2551,5.4461,3.4093,3.4997,8.1134,-0.2925,-3.1202,-6.7337,-0.8017,-3.1158,6.4915,9.0506,-6.2926,-1.9475,9.2915,-3.8291,-9.4655,-0.6097,1.8589,-7.7815,-7.8477,0.1943,8.871,-0.1816,0.1882,-6.2473,-2.9491,-0.467,-3.3499,8.1324,8.4586,7.6263,-1.7481,-7.0484,-9.0545,7.85,-7.9454,1.3352,-7.9459,7.9587,-9.5126,5.7637,-8.0813,-5.3051,-6.6198,3.4807,-7.4119,1.1226,-7.0698,-5.8109,-3.0101,5.7841,6.4961,1.8052,3.355,-0.83,-6.5517,4.0438,-7.0134,-4.0154,-1.0986,-7.7982,9.2037,-3.8619,2.138,-5.0834,5.1376,8.5129,-3.0177,6.1727,-6.3919,-2.5384,-4.9413,-9.7765,-6.7828,-5.5768,1.7798,5.5307,-3.0667,7.3201,0.7226,-3.4001,-5.9466,-2.8364,0.5616,0.4747,9.8614,8.8203,-1.1906,6.572,-1.9259,5.7307,-9.8105,5.2262,5.4744,0.813,7.3916,0.6328,9.3301,2.5503,-7.4617,2.769,1.6067,-2.8494,-5.1501,9.5853,-2.6015,-5.2553,5.9171,5.3048,-1.0195,9.0631,-2.9723,5.0074,-0.356,-9.5542,1.2639,-7.8982,4.7678,4.4567,6.5892,-4.1699,-2.1938,-4.1179,-5.4367,-8.1927,-4.0624,-1.6054,2.9717,7.0152,0.3035,-2.1603,0.5309,-9.5805,3.1631,-8.3535,-8.5485,4.6835,1.778,8.8445,-2.6747,3.7579,-5.4365,4.2976,8.4992,1.8806,9.8836,4.2188,-8.8509,3.9436,9.9965,-9.4205,-9.2778,-0.8993,8.2086,-4.8755
2.7816,-5.3302,5.9113,2.9582,3.1867,2.0554,7.4039,-4.3161,-2.08,9.135,0.0017,2.0765,-0.3424,0.663,-4.0492,0.3152,4.8682,4.9941,1.798,-3.4708,3.638,-0.7283,-8.1755,5.7754,-9.8161,-5.1265,1.7638,6.1947,-8.9645,-0.6648,9.5515,7.5397,5.4054,-3.7327,-2.5372,8.0,-8.8063,9.4339,-2.3074,-5.5893,-9.9505,-2.4031,7.6779,-2.1191,-9.9334,7.9258,-4.5722,6.4078,3.1987,0.0553,-8.2932,-5.7872,-1.3029,-5.6807,-5.4177,2.1205,7.663,-9.4309,2.9671,-8.7822,-6.7697,-9.6788,5.6104,0.8135,2.524,-6.0356,5.6988,-2.7865,-8.2593,1.499,1.1538,-3.9573,-8.2223,0.168,4.3521,3.3916,-6.1872,9.248,1.3428,6.0141,-0.5479,7.9243,4.9875,-2.2082,-4.2609,-7.9884,4.91,5.1932,-1.4653,-7.1629,1.0751,9.259,-2.085,3.6805,-7.4034,-8.9667,-7.3613,-9.0515,4.3564,-5.6009,-1.9956,4.109,3.0069,-6.8573,4.4604,1.2459,-0.8161,-9.5495,0.7336,7.3135,5.3925,4.9279,7.2933,7.9853,2.3903,-7.8173,-5.8302,-5.6918,-4.7236,-5.687,9.3198,-3.3358,-6.4798,-4.1165,9.0405,-5.8765,-2.1041,3.6538,-8.4721,-4.5953,-1.5963,0.9591,2.582,5.3336,-3.3768,-4.225,-1.89,2.8894,-1.8567,3.8735,5.206,-7.2949,3.628,0.2998,-2.553,1.3044,-3.911,0.7169,-3.8521,-4.8584,5.7346,1.6504,-0.8081,-4.1954,7.529,-1.3281,6.9301,-6.6719,-5.4573,-0.7898,6.1098,7.6425,0.3194,-6.0285,9.4173,-4.4822,3.9527,0.916,3.1736,2.3649,-6.3789,1.1805,-6.261,-3.4323,-0.1707,0.1815,-3.5907,6.8955,4.8411,-9.2736,-5.3541,-4.737,4.9491,4.0908,7.9366,8.241,-4.7022,6.8256,-3.1967,2.7479,6.3015,-7.5713,-3.0897,-7.3966,0.9012,-1.317,2.4177,5.2011,6.5534,3.8634
1.6945,-5.5498,2.8025,-7.7439,-4.4852,0.3123,4.6324,-5.9734,-8.0347,0.6064,2.7681,-9.1527,-1.5853,1.1882,-3.6283,-9.0887,-7.3846,9.8882,-0.7622,0.3957,4.4291,6.88,4.2715,3.3647,-0.1594,-5.8286,9.671,-9.6076,-9.9399,7.7067,-8.0104,8.9685,-1.7641,-1.51,-4.7432,-8.591,1.8207,-4.4897,-5.1359,5.4793,7.6869,7.1617,-5.3704,-0.6009,4.2164,7.111,-6.3125,5.2526,-8.01,8.3771,6.5356,8.5063,-1.8757,7.3586,7.3207,0.6314,-3.2733,8.6659,-9.1698,3.7032,-3.6326,5.4635,-2.6455,-5.3404,1.8602,0.5401,2.2326,1.7678,-8.1289,-0.0958,0.3277,4.3806,6.9696,0.1975,-5.1091,3.9396,-5.2931,-4.1812,3.6748,0.0305,-2.1479,0.0283,3.901,8.909,5.8333,-9.6062,5.9287,-6.0619,9.1248,-8.3856,-1.5886,7.7717,1.4649,8.708,7.5134,-0.8442,7.5349,9.5074,4.7761,9.7736,5.1308,-6.4423,3.8875,-6.9005,-0.5591,2.7399,5.2515,1.1187,3.2289,4.9968,5.3019,-0.3906,-1.1679,-2.8283,-9.035,2.2274,4.9864,9.4524,5.0523,-4.5721,4.3638,-4.2048,-5.0388,0.982,9.6656,1.3478,-8.8902,-5.3524,2.8773,1.9411,9.3552,-6.177,-8.6416,9.3131,-0.4701,-0.7523,6.826,7.9713,7.2543,7.748,-6.5094,1.0345,-1.6528,8.3345,-4.819,7.7852,-8.6169,-0.747,0.5628,2.9647,4.5842,2.4097,3.0376,3.5025,-9.9413,3.9042,4.6195,-5.5468,-3.1421,4.0153,-5.3605,-3.4377,-8.6005,-9.0629,-6.6281,-7.5,7.7613,7.4122,2.1278,1.4017,0.5424,-7.4382,-3.2318,-3.4947,7.2889,6.501,-0.552,-1.5806,7.5855,0.7215,-7.4535,9.2141,-9.7047,-0.6751,-1.5044,-4.5327,-4.3906,-8.2615,7.7496,-9.9069,6.854,-9.2305,-9.3617,5.0469,7.4808,-1.7319,8.9963,2.3776,-6.3174,-3.0019
-0.1479,1.3204,-3.3538,4.5847,5.2088,-7.5849,-2.5619,-6.2398,-6.7266,-6.7562,-7.1765,3.5869,-0.8735,-2.4695,2.7693,-0.2976,-2.1329,7.7455,0.6604,-5.7486,-3.6878,0.4047,-7.6446,7.8379,3.3793,2.2536,-2.2796,-1.5412,5.949,-7.6177,-6.0175,-9.1705,4.7975,6.7545,5.2586,6.9272,1.7375,4.935,0.1734,-4.9825,-1.522,-7.5162,-9.4718,3.4374,3.8997,-9.0166,5.2809,-7.492,9.7534,-8.0219,-3.1945,2.4661,7.5375,1.2909,-6.1989,-7.9518,3.2881,2.005,2.5999,-3.7823,3.6672,-2.1269,8.2136,6.1339,4.0568,-5.4436,1.588,-5.7001,-7.319,-7.9115,-9.0582,2.025,-1.1422,7.8742,6.3609,4.7858,-0.1647,6.2223,-9.3614,-0.0143,-1.77,1.6365,5.5002,-7.9182,9.0896,9.8875,3.5348,-5.0592,8.9798,-7.2396,4.374,0.144,-1.7272,-2.5201,-0.8722,0.8409,4.7475,-4.5757,-4.0128,0.9565,6.6109,-8.7092,0.5757,-2.3692,4.7235,6.7188,-6.3506,3.9457,-0.231,3.8976,-1.2159,7.5292,0.2745,-3.1135,-8.1661,5.7242,7.4791,-6.2172,-6.8838,0.4697,2.5827,1.1008,-1.1332,9.5177,-0.252,4.0947,-8.0914,0.123,-5.9118,1.5138,-8.8645,4.246,8.7033,-5.3603,6.6933,-2.1784,-2.5551,-7.4579,9.2497,-3.1309,4.5391,7.7726,-5.3986,-2.0603,-1.104,6.631,-3.2578,0.4116,-8.5965,3.4413,0.7713,-5.289,1.8686,5.1173,-8.9866,-3.8066,0.8197,4.1441,3.1652,6.2021,-7.123,2.5637,8.0454,2.0509,3.4342,0.7968,-3.7717,1.2935,-9.7828,2.5388,-4.6165,4.3345,-3.426,7.0821,-8.6234,-7.6179,-4.7257,6.0203,-8.0781,5.3783,-6.2213,4.3763,-7.4488,-6.9243,-3.4524,-3.019,4.4746,2.5704,3.1146,3.2595,3.9857,-4.654,8.7862,4.6411,4.5543,9.999,-6.8826,1.1573,-7.5368,2.5964
1.0763,3.7727,9.5176,3.8742,1.1257,-0.8666,-4.8417,-7.8263,1.1383,-7.7469,-1.6058,9.711,6.2302,-3.4907,-1.3985,-3.486,7.4432,-4.2172,-5.12,-6.9637,6.3743,1.9985,4.9851,0.1985,3.542,4.7661,6.7325,-4.4833,-8.9607,-9.2266,-9.9425,-0.0019,9.5905,-8.5432,8.4847,-6.8063,2.7055,9.7773,-9.432,3.7381,7.9133,-9.7422,-5.4722,-9.9566,-9.6494,-6.4219,-3.4797,-9.8624,-6.5142,-6.0872,6.5913,-4.464,9.4441,-5.4857,7.6497,-2.0997,3.3298,-2.4806,5.6223,6.4615,-4.4549,-6.8633,-9.2717,-3.2786,-4.9109,-8.4504,7.1048,-3.6757,4.7305,-4.5745,7.6084,-2.9327,9.9341,-1.879,9.8951,-1.892,6.3975,4.7148,-0.2238,5.5897,-0.4345,-8.5116,-1.424,-7.2477,-1.046,6.6123,-7.1721,-6.0611,-7.0748,-0.2235,9.6623,-3.5095,4.9847,-1.7386,-6.9945,-3.1655,-2.8351,0.0856,9.0745,7.5378,-2.5338,-6.3851,-4.1109,6.786,6.4196,-5.4449,7.8632,-9.1477,9.2664,1.8793,2.0781,-3.8647,-1.4164,8.2352,-6.318,-4.4083,3.9774,-6.7219,-1.4833,3.2549,1.0794,1.8593,-1.6369,-9.6512,-4.2752,-6.5702,4.0359,2.2257,-4.6992,6.698,-0.0865,1.1714,5.7287,7.866,7.7717,-9.9287,0.4924,0.0696,-3.5563,2.0016,9.3512,-1.5283,-8.1075,-4.8996,-9.0652,-0.0346,7.7033,-9.8781,7.3236,4.7427,-8.8855,6.094,7.4814,5.9978,-3.3108,-3.3486,8.2005,8.2306,4.1548,6.2115,0.8344,7.2585,7.5317,-3.532,1.5725,-3.6804,7.8325,-8.4552,-2.8401,0.2908,-6.4737,1.3292,-8.562,-7.1339,-8.9525,-0.2674,-9.2557,4.3317,-6.147,8.1738,0.9247,-5.8442,8.4822,-9.7346,1.4768,-7.6916,-0.5457,-0.9356,-3.7555,1.8414,5.3186,5.9582,-5.5954,4.0539,-5.7945,-4.8499,-9.3062,-8.6871,5.2493,1.6721
-3.8376,-9.3177,3.6082,-0.3151,-1.1899,1.511,2.0239,-2.5721,-7.4124,-0.7284,-4.3607,-7.4344,4.0128,-9.6474,6.6673,8.0739,0.5749,2.2016,4.8543,-1.4247,-5.8607,9.8764,-3.1392,-0.1119,-9.4052,9.6783,-3.6292,9.1019,5.0456,-5.8489,0.4253,9.5051,3.0604,5.1794,-4.7923,0.2378,-2.565,-8.1374,8.27,6.7023,-7.1738,4.5437,5.1121,2.7784,8.7012,-8.7218,8.7957,3.8739,7.3736,4.9783,-1.493,-7.0099,0.8721,5.576,7.5388,-7.7746,-4.6124,2.5463,2.1715,-2.7035,6.5582,-3.4336,-8.7869,5.2874,4.1984,6.2096,3.7917,3.3117,6.5207,-5.4722,-8.2022,0.8717,5.0952,7.7117,6.9301,0.283,9.3172,7.2687,3.142,-5.1779,5.9283,-5.3163,5.5461,-8.8464,9.5371,4.6161,4.5021,3.3989,-5.3823,-1.9924,-2.2689,0.7939,2.7382,1.2661,-2.0047,-3.8776,5.4244,-8.3898,-4.6406,9.1673,-5.777,3.889,-5.8188,3.3849,6.2255,-4.1526,5.2349,-8.6857,-8.9792,-2.867,-7.2465,-2.9803,1.147,8.9825,-5.7553,-2.6664,-3.0666,2.0862,9.2418,3.7354,5.2834,6.5788,8.6129,7.2751,2.4607,9.2087,-3.0975,-8.9663,3.0851,0.9312,-0.9643,7.2479,-0.8547,-6.4698,6.4109,3.0232,-1.8027,9.6077,8.9136,-8.8561,-2.0009,6.2368,2.3575,4.2471,1.8287,0.6287,-9.5485,-9.1247,-1.0836,-1.8494,2.9341,-6.3761,9.6547,3.2996,2.4247,5.9677,6.9579,0.9883,-1.9287,-1.3835,7.0411,7.8931,1.2057,-2.7045,-0.5886,-4.8736,-1.932,1.4276,-9.7505,0.0106,3.1868,7.6321,-1.4155,1.2424,5.9583,-3.3519,6.7676,-3.495,4.3587,-3.2327,-3.6763,-8.531,3.8516,-1.1513,9.5334,-8.6385,7.1979,-1.1295,2.6644,9.4469,6.9004,-4.7178,-2.2177,7.8906,9.5924,-4.4323,-4.2062,-0.4995,-2.8896,-5.463
4.7641,-3.9207,0.8661,-1.6299,-1.7947,9.7188,7.9033,-7.3507,-2.2922,8.0302,-8.1246,-9.2667,-0.6472,3.6984,-4.9334,7.4396,7.875,-4.333,4.6867,-9.3106,-3.503,-1.5299,1.7965,-5.602,-9.8089,-8.4636,6.6736,2.426,-9.4175,3.6765,5.1516,7.9308,-9.1928,-4.6954,0.6472,4.8475,7.3386,-6.7059,-7.0284,0.8713,6.0311,3.342,3.4425,-8.458,-9.9802,-5.5431,-6.9616,8.5381,4.4664,8.5778,-4.2079,-4.4753,8.5401,8.7023,0.5214,-5.7586,9.0513,0.662,2.5301,-1.4037,7.2018,0.7047,2.188,-9.1294,-9.6485,-5.0795,-6.0517,-0.6977,-9.4493,-0.6752,-1.1232,-4.7846,-0.3649,-9.3325,-7.1417,-6.2131,-8.2732,5.8708,9.9411,-0.6032,-8.2786,6.708,2.7756,-8.1165,-0.7265,-5.5497,3.1837,-8.5366,1.3924,9.8181,-9.4521,2.6393,-5.3238,-4.7413,4.4611,-9.2681,-0.6338,-1.5425,-6.3143,-0.1472,2.7506,-9.6098,7.311,-0.6895,5.4591,-6.0674,3.4583,7.4004,2.0601,7.8371,0.3495,8.1373,-4.0985,0.5007,5.6556,8.5179,-0.0033,-1.006,-2.1104,-8.5509,8.723,-4.7884,-6.9393,-8.2641,-5.3427,5.9315,-9.2551,-2.3853,-8.8666,6.7444,-6.1223,3.697,-3.6394,0.7647,-1.7716,9.4744,-5.5869,-0.9362,0.942,1.1369,5.8062,3.7958,4.891,0.2516,-5.088,1.4091,-6.9962,1.3947,7.2529,8.3251,0.3857,0.3686,-2.167,4.3145,7.0413,0.6056,5.307,4.0456,-1.7081,-3.2897,-0.4033,5.3854,4.4168,-6.751,2.2204,5.9793,3.5662,-9.1014,-6.3131,5.2854,-0.306,9.3737,-4.1312,7.3386,-4.2231,-6.6659,-6.5745,9.9959,3.8853,6.9528,1.1804,-0.7201,-4.3041,-1.945,-4.2634,-6.1371,4.5452,3.7875,-0.4812,2.7899,-6.4994,5.0414,-6.349,2.4614,0.9634,-9.6158,-8.9666,2.2939,-8.6059,8.3017
-8.7141,5.0083,-7.0189,3.9723,5.6755,7.4346,-6.0713,9.2193,-3.3143,5.6468,3.0446,-5.395,-3.1373,-9.8901,-4.6656,-8.5724,0.1693,-9.5473,-3.4243,-9.1326,6.807,8.3091,1.3118,2.1051,-8.8827,8.9176,1.7371,-3.7584,-6.879,-8.2053,6.9979,1.8663,-0.3145,9.2914,9.8635,-5.2907,-7.2052,3.2797,3.3317,-9.4366,-1.9196,-5.8671,-7.9016,9.4077,7.9261,1.5455,3.126,3.8891,8.1431,0.0836,-5.3605,5.3572,8.7674,-7.4968,-6.5485,-0.5377,1.7905,-5.7404,-9.852,-9.0715,-4.2964,-9.2936,-8.8923,-9.906,-7.2371,-4.3128,8.5856,-2.1678,5.7977,-1.5262,0.0676,-0.8893,6.0734,3.042,5.4968,-2.5389,4.97,1.6635,1.7317,1.6902,-6.3319,0.3612,6.1555,7.3883,6.751,1.4019,3.5545,-9.793,9.9594,-9.3211,5.8506,-3.9311,-4.9493,-9.1332,0.6672,-7.0049,-1.7242,2.1955,-0.1258,-2.5227,7.7404,-0.5983,-0.0385,-8.6173,5.5595,4.3442,-6.1904,-1.0056,-3.7726,-8.0904,-1.0613,9.0288,6.1215,1.787,-7.4003,-7.4365,5.3536,-3.2073,-1.2339,8.9973,6.9765,9.8115,-3.7589,2.1397,-4.3411,4.8144,3.0624,-8.5738,1.485,3.2921,-6.1354,-4.5675,-3.7251,9.3747,3.3174,-2.9475,-3.0362,7.7884,2.3232,-5.5285,3.5944,0.076,-9.1543,4.8783,2.9949,-0.4305,-8.5963,-3.6991,-2.2603,-2.2943,6.9091,2.9809,3.8396,-0.5222,4.9148,6.512,7.0481,-1.5826,5.1288,-6.0959,5.4366,-7.4101,-5.5292,-0.5972,7.9176,4.4746,-3.8163,-3.339,6.8772,6.2139,-8.0751,4.9228,-5.1876,-0.6868,2.245,-2.4408,2.7972,9.5495,-9.6055,-4.3962,-2.9575,-2.372,-8.2767,1.6512,0.486,2.8302,-8.577,1.552,8.1698,2.0216,-6.0165,-4.5359,4.3654,1.9881,2.8117,0.9084,7.531,5.9595,4.2847,1.3128
-8.7118,-1.3157,-0.5079,-2.0353,-0.5271,2.4916,-6.6961,-2.1218,8.2856,-8.1298,3.5469,5.4379,3.8303,2.3403,-6.5422,5.6026,0.4556,4.3839,0.8929,9.3414,-9.6834,-1.5829,1.5003,-1.5034,7.1118,-0.925,-4.6892,6.9939,5.2169,-0.1929,-5.9516,2.1976,0.0858,8.2537,6.1458,2.5126,6.8138,0.0139,8.9184,-0.3864,-5.0674,-0.3288,8.0195,-8.5335,9.7802,-7.2731,-9.5045,-2.1539,2.8748,-1.3588,8.2576,-0.1741,-6.1093,5.1674,-8.1867,-9.6698,6.5873,-9.4319,2.3588,-0.2717,6.4882,-1.6674,-4.5688,7.2333,1.3645,-2.1326,4.2712,-4.221,-5.4097,-2.0233,-0.078,1.6265,7.4255,-7.6399,-8.3557,3.4559,-8.7371,1.8326,9.333,-0.5502,9.3434,7.3776,-4.6133,-5.3941,3.298,-2.252,-0.0066,0.5931,9.5525,7.8031,-8.8347,-5.8017,-5.5877,8.7586,0.8113,3.4015,8.8935,-0.8333,-8.4663,-9.6254,-4.153,7.1027,-9.8186,3.1015,4.2923,4.3024,-0.8479,6.473,-9.2638,-0.0965,-6.771,4.3674,-4.9408,8.7587,6.8223,9.9211,1.5999,4.823,5.0077,-3.7712,5.3377,-5.9574,-1.9391,-8.2426,9.1356,2.7871,-5.2253,2.4669,9.4427,5.4646,-5.5119,-2.1022,-2.3292,7.5911,7.7035,9.9025,-3.2792,9.4724,-3.9604,-4.6225,1.9473,7.5962,4.6245,9.437,-8.1701,1.3316,7.5532,9.1138,2.2795,-8.0,6.1209,-2.6272,4.9464,-4.0627,5.2177,-6.9453,-2.0798,2.4731,4.0606,-6.8569,5.4225,0.9667,3.2239,-2.2368,1.9889,8.6649,0.807,-1.8791,-8.5254,-6.3355,-6.2288,-9.3432,0.3339,-5.1277,3.0086,-7.661,-0.6779,-1.9084,9.9978,6.1174,1.3747,-7.2826,6.024,4.4039,-6.2237,3.6966,8.1749,-9.6833,-6.2618,6.1382,-7.8097,9.368,-1.3848,-8.9835,7.3254,6.7418,-4.7645,8.1901,9.7367,-0.2831
-9.7218,8.8146,3.5418,0.2032,6.7596,-4.1828,-0.1154,-1.8749,5.9243,7.892,3.8115,-8.8265,8.8521,9.0477,6.0806,7.1672,-2.1272,6.6151,-2.3168,-8.751,-7.3054,2.2073,6.9766,8.2216,8.1416,-9.7085,-7.5514,9.8258,-5.4156,-0.2147,7.9666,9.5048,-7.3848,-5.7114,4.0351,-8.2662,8.559,-5.1821,4.443,-0.5696,0.8122,-3.8924,4.3795,1.1213,3.2474,8.2179,-6.4619,5.4221,-6.5136,-3.7176,-6.723,-7.4312,-8.4409,-8.9485,3.1707,-9.4781,-4.8586,-9.1122,-3.4796,7.7785,6.4951,-6.8163,-0.1296,3.5738,0.324,0.0097,-3.6154,1.3628,-6.7323,-8.286,8.469,-3.6656,-8.7175,6.2192,7.885,-2.6302,-6.5131,-1.4833,5.2835,-5.1317,-0.4744,7.0734,-3.4091,7.5334,6.0687,9.7367,9.1182,-0.427,1.8135,-7.1861,4.5964,-2.5505,8.8776,-0.0151,-5.187,2.3217,-0.0023,3.4282,0.8806,7.1397,-6.8684,-0.7119,-1.534,8.3524,-8.6411,3.8215,1.3632,-9.6386,7.4057,6.6553,-6.2175,-6.8291,-5.8768,2.3588,0.4679,7.3551,-7.2088,-8.1996,-1.1057,-4.8342,7.1057,2.0199,-7.0271,1.6574,7.7382,-9.6382,-5.8777,2.0195,-8.8608,-0.6632,-4.4026,-7.5433,7.0822,-8.9614,7.5879,-8.8427,7.6547,5.3302,-1.7813,-5.8974,9.6398,2.549,8.6379,-5.9198,-9.0453,-4.3153,-9.3537,1.1517,3.1701,-8.5674,-6.3034,5.5353,9.3933,2.5516,8.4565,2.8111,-7.8009,-0.478,-7.1346,-6.0431,3.613,6.4155,0.7979,0.8057,-5.7851,9.7455,3.6237,0.0446,5.8883,6.8932,-9.8584,5.7996,-7.2811,-1.4221,2.7897,5.6149,-7.4595,7.0351,-7.1374,9.2642,-5.3881,3.6069,-1.7252,-1.0252,-8.9862,5.9309,-9.7209,-2.0193,-9.2576,-1.7348,-4.378,-8.9195,-5.0806,5.4436,8.768,3.7206,-1.1081,-9.8443,-1.8385,-6.614
-4.4174,6.2053,-2.4053,4.4522,-8.8152,0.8591,-9.8512,-4.6302,9.7222,9.6334,-5.8569,8.1153,9.0996,-3.3857,-0.6396,-0.4121,5.2214,-3.1891,-5.4809,-6.0209,5.5566,-2.0898,-1.4976,-6.7752,-9.0208,3.75,7.8554,1.1006,-8.2937,-0.0892,-4.5986,4.4661,7.3232,-6.6346,-6.6258,9.2802,-2.2094,-2.6386,8.0116,4.434,-1.3336,-6.3331,-2.2275,1.0892,-0.1164,-7.0102,-9.3373,-9.3938,-5.9877,-9.1244,-5.7698,-2.2354,6.5515,4.8902,-6.6548,-6.9819,-6.3412,1.0005,4.6477,5.6275,-1.1985,-6.5273,-2.3862,2.582,1.3446,9.6984,-7.4902,4.7357,-4.288,-3.4165,3.6006,-8.7393,-5.0898,-4.0382,7.8162,-9.8395,-5.7846,-6.1352,3.5612,8.8303,-6.7513,-2.5856,6.9701,4.0483,-9.2553,5.5106,-4.0158,-1.0277,-6.323,-8.0405,6.189,3.4519,-2.5069,6.6826,3.289,-7.3386,-4.2403,-6.1609,-4.1489,-9.9899,-2.1441,-6.191,6.7168,-9.5229,-6.5045,-2.5601,-8.6464,-2.9876,-8.3957,8.4114,1.8676,-6.1892,-2.8133,8.3259,3.6451,-5.2211,-8.3981,5.0006,-8.9792,8.2993,5.5703,-2.2478,0.8696,-9.9258,-6.8738,-0.7721,2.3046,-6.1357,6.8738,4.1,-8.9054,-3.279,5.6739,-8.158,8.7132,-6.3178,-5.7637,3.8404,-8.1118,-4.2165,-9.5169,8.1464,-3.4341,8.0523,-4.1967,-1.6072,4.3175,3.4843,0.4671,1.3826,-4.6339,1.8077,-6.1361,0.4271,-3.4557,-4.5499,-6.0176,1.8371,8.8234,9.3953,7.0452,-9.7934,9.9186,-3.6638,-7.9994,0.0744,-1.6937,-9.381,-4.4575,3.1407,7.7594,-7.5634,7.1802,4.9986,-1.5126,5.3845,-4.4259,3.4276,-7.2241,1.6025,-1.3307,-2.1269,-2.4476,-8.6653,-3.7609,2.8589,-8.7355,2.7701,-3.21,3.1878,4.3881,-4.0559,-8.5092,2.2759,-6.3164,-0.0256,-5.0309,-1.7548,8.1144,-1.884
-0.844,3.5071,6.8699,2.3235,3.1793,7.8402,-2.8621,-9.3209,-7.3395,-6.374,3.1212,-9.6817,3.5367,-7.5624,3.2523,-2.8667,0.523,0.3167,-8.7223,-7.0489,3.8649,-4.0601,-7.4307,7.2461,8.6508,-4.1754,3.1393,5.0682,3.8577,-3.7134,3.2842,-7.0037,-0.8624,4.3071,-1.0844,8.2081,-0.9527,-6.9594,9.0915,-4.1384,5.2096,-9.0265,-4.6,-2.7711,8.5658,6.452,-7.495,0.1558,9.0697,-9.8721,6.2165,9.5988,2.1167,-6.1731,-2.8321,5.6167,9.3213,-1.2403,8.149,2.5875,-7.1535,-6.8254,1.4145,4.6371,-1.4679,8.6791,-9.6346,-8.6086,2.8076,-4.6582,-1.8627,7.1296,-7.6709,1.4968,3.7918,0.7157,2.8879,-1.608,-4.3745,-1.3906,3.3374,2.9746,-6.6858,7.9148,9.381,-8.2279,-7.4122,-1.7281,0.3706,9.5696,7.4554,-4.1625,-9.9719,-1.1269,-8.7766,9.1512,-9.7808,1.0995,-0.4802,-7.0041,-1.7044,-4.6168,9.1968,8.7214,2.4574,-0.6316,4.532,2.0172,-0.3085,1.0102,1.1757,-2.1781,-4.2665,-1.6209,1.0324,2.1514,-1.9607,-0.021,3.2589,3.6991,4.4616,2.47,1.5933,3.5808,-4.3209,1.3056,5.3672,-9.1094,7.6038,4.7817,-1.2424,-9.0989,0.9147,7.5418,-4.0867,-1.6225,1.432,-0.8178,-1.1087,5.2221,-1.0973,-1.4469,9.9608,-6.0142,-2.007,-7.5087,5.5154,3.719,7.0654,-1.9646,5.0614,-6.69,-3.9076,0.205,9.1221,3.8054,-6.3594,1.9301,1.4069,9.4618,-2.8891,0.6885,-9.393,4.7528,-1.8883,0.9046,3.5084,0.0939,-6.7826,-0.8286,-2.299,-7.9356,8.0808,5.5595,5.7119,-7.4055,6.4817,-4.4257,9.0526,-8.1796,6.6989,9.2546,-9.7588,7.2381,5.5091,-6.526,5.8644,-9.6044,4.0638,6.7709,-6.2288,9.6395,-3.8032,-9.8311,-3.2872,5.7599,1.64,9.4522,-4.6695,-9.1372
4.7566,-6.6055,2.8105,7.9487,3.1759,-4.6813,3.0313,-6.9024,-1.0812,-1.4606,6.989,9.2423,2.1631,-3.8056,6.4395,-8.2973,-6.0016,-3.1044,-9.2359,4.9232,-6.1531,-3.7823,5.9462,-6.2087,-3.8387,-4.5304,-4.9819,3.7167,-4.7015,4.8568,-0.8787,6.4463,-1.4366,-9.2236,-4.8752,-2.0261,5.1953,-2.5969,6.7631,0.7095,4.781,0.7834,-2.1374,-7.4109,-7.8275,4.5205,-3.8481,-2.9044,7.6048,2.8879,-6.8735,-8.3831,-3.8199,-2.4765,8.4007,-1.5731,3.1861,2.6983,4.4751,4.5942,-5.2744,-8.6816,8.0346,2.0712,-6.0292,-0.2044,-7.6931,6.4403,7.0119,-8.3182,-0.1003,-4.2486,-0.2693,2.9492,-9.5905,-0.1379,2.3931,1.6862,-7.0518,-9.9702,1.1789,-4.5176,-0.3706,2.3568,5.3367,2.8208,7.9066,3.1229,-2.2407,-5.0678,2.9196,-5.4961,-4.3146,-6.7768,-3.9981,0.6409,-6.6146,0.3527,4.6214,4.8491,3.3756,-4.9807,7.7958,-9.1415,-7.4681,7.7718,-8.4158,0.9608,-1.8872,-5.2423,-3.2994,7.9322,-1.8518,5.7476,-5.3299,-2.9996,-3.4002,8.3101,-0.3234,4.3084,7.0186,4.8853,-1.5449,1.8848,6.1982,8.3303,3.73,9.0494,-5.3365,-3.5588,4.6611,-4.9039,-0.2005,-0.4454,-6.092,-2.437,1.7539,8.1797,-3.2842,9.4062,-3.1577,2.8946,-1.5107,5.8924,7.719,9.9784,-7.0621,6.2902,-6.021,2.335,-1.1117,3.9946,1.7369,2.1378,-1.6,7.4517,-1.1157,-5.9414,-4.8582,1.3778,-9.8029,6.2517,-6.7393,3.4372,-6.5784,2.1057,1.9521,9.9818,1.326,6.3173,-5.1158,-5.0311,6.4536,-9.9208,-6.4966,-9.0702,-3.1197,-5.4877,-0.1056,-0.0726,-7.8811,8.8904,1.8635,5.3475,-8.7026,-0.1407,-4.9799,6.699,-4.8147,3.0761,-7.5242,-2.0012,-2.4162,-3.4751,-0.4466,-0.2164,-7.3779,-1.8903,3.9431,-8.4525
-1.4041,2.5217,-9.3653,-3.5551,-3.8472,1.8427,-2.3904,3.5296,4.7406,-7.5897,-3.0631,0.6875,-9.3403,7.1898,0.4494,3.6162,-4.6493,-8.7317,6.5138,-8.0998,0.8558,-0.0996,9.3283,5.7637,3.7655,-2.7293,9.7661,-2.2809,-8.3295,6.8553,-4.6264,7.7428,6.195,-0.2059,0.8673,-1.5759,-5.4388,-9.6587,-2.646,6.964,1.162,3.2685,5.1169,6.8509,-8.8029,-6.3938,0.9137,2.3755,-2.3623,9.1006,-9.5721,-3.2963,3.5996,8.1753,4.2828,7.8042,8.9774,-0.7882,-6.8694,-8.95,4.6343,3.669,2.4417,5.4482,5.7632,0.6034,-6.214,-1.206,9.5261,-8.3883,-7.2373,4.4665,8.2733,7.4879,-3.9141,0.3941,-0.8132,6.0548,-5.7542,4.8547,-5.2858,-6.4242,-0.8792,-7.8457,9.4496,-4.4085,3.4849,-3.4799,9.4955,-1.2922,-5.7617,2.4084,-1.0854,-4.5503,9.968,9.4582,1.6601,-7.3505,-1.1781,5.859,-3.0497,0.0603,-1.2067,5.05,-1.5312,2.0998,4.0795,-2.8274,-9.9662,-5.5719,0.7555,1.9528,-1.055,-3.4225,2.4115,-3.6884,-7.4244,-4.3197,-2.0218,0.4365,-6.076,-6.2522,0.0769,6.5933,-4.5441,-3.2452,8.9872,9.8585,1.6707,-8.3506,0.6085,-6.7417,8.3855,7.885,1.0895,1.2118,-8.4039,-8.1849,5.9337,3.5047,0.9964,0.8486,9.3412,-7.4083,1.5513,3.1263,-4.1369,-3.9332,5.6445,-4.8995,7.1229,-4.8079,-1.4899,-1.2222,-0.6938,-3.7485,1.1303,-9.5676,-5.3345,-7.026,-8.8675,-1.2505,-9.0103,-9.9558,9.4236,3.6007,-3.4382,-2.7747,-6.5632,4.6922,-0.698,-9.9009,-7.674,4.4311,-9.1915,-9.0051,-3.8047,-6.5296,8.2955,3.4582,-7.2649,9.2093,9.1917,9.3797,-2.6332,-3.6321,-0.3071,5.8471,3.0859,-7.4032,-7.3204,3.6818,-1.6717,5.8551,3.0234,-1.0342,-3.7128,-3.865,-4.0487,0.9055
4.6068,5.391,-9.674,0.9906,-0.6388,-7.983,-0.0587,5.0655,2.7425,6.9491,-9.9135,9.766,-0.5863,-0.1467,0.2552,-0.6853,-0.6327,2.9871,9.6505,-5.6184,-5.0137,-4.7076,-1.3755,-1.2713,-0.4603,-8.537,2.8372,5.2352,4.1604,3.868,-4.9567,-5.8434,2.0223,1.9458,-4.934,-4.5547,-6.0459,-8.7314,2.4686,8.496,7.8069,-3.1944,6.1044,3.7029,1.8869,9.248,6.6878,-5.6491,7.8886,-7.3977,-5.1296,7.494,-6.645,3.3613,6.8127,-0.3012,5.7551,-6.1624,-0.683,-4.2031,-1.9558,4.1769,2.9092,0.749,-0.185,-9.9374,0.0493,2.6378,5.7107,-2.9681,-0.2329,-0.486,4.2171,7.0379,9.9159,-1.3603,-0.588,1.6412,-4.2667,-3.9633,-3.1624,-0.0752,-9.4829,9.5815,8.3277,-6.1563,4.4045,-7.3142,1.7389,-0.8106,-0.1205,-4.3473,4.6422,-3.0655,-1.2603,0.7977,5.4332,9.1006,-9.842,-2.5094,-0.1692,-2.4615,-0.1801,-3.9722,-5.8528,-9.6475,4.9335,6.4573,-5.058,2.5362,-4.2895,1.8728,2.0852,8.4789,2.0924,-5.6055,0.0407,8.2354,-0.2243,-5.243,-4.9555,-0.4045,-2.3192,-6.4011,5.4929,8.3117,-5.5527,1.2656,8.6113,5.0268,9.878,-8.7642,7.3742,8.8506,3.5923,-7.6022,-6.2329,-7.2131,-5.9798,5.1054,8.5642,2.6021,-0.6902,4.3261,4.5997,-5.9825,-2.6838,-8.7909,-6.7007,-1.3341,-1.3897,0.5596,7.5971,0.0179,5.594,2.4888,-8.2169,-4.1776,8.6475,7.3711,-6.2747,0.5624,3.4153,-9.3879,1.966,0.5208,-5.5821,-0.7304,-3.4011,-0.7014,1.7591,4.1131,-1.2394,-2.1762,-5.1224,-2.8091,-2.3323,7.5924,1.1447,-9.6241,0.806,9.1467,0.294,-8.8183,-8.4705,6.8602,-8.7584,8.5704,5.2406,-9.9243,-8.366,1.2565,-3.6819,8.0723,-0.7127,3.9118,-1.3756,5.0452,-0.34,0.9332
3.4268,9.0266,-3.5653,-5.1918,3.4157,3.6149,-8.4781,8.7971,-8.1235,5.737,1.628,-7.6638,-0.4606,2.4577,-6.6724,6.4898,-6.5383,-3.1449,9.9309,2.1093,1.1468,-7.3685,-0.8783,1.3866,4.5938,3.2747,3.8043,3.8447,-2.0084,-8.367,-2.8464,7.1075,7.8207,-1.9757,1.9893,1.3723,-5.4865,0.9003,3.2245,2.6254,-8.6798,-5.066,-6.1144,-3.4613,8.9757,7.4516,8.7447,-5.4305,-6.6768,-9.283,-7.0573,7.2686,0.3426,-4.7249,-9.798,7.0747,-0.597,-5.9307,-1.1218,4.146,9.9485,-1.0069,0.9472,7.4732,-7.0576,2.6591,-9.3771,0.2438,1.8498,-7.4791,-7.0402,-9.1585,-1.5974,7.2073,3.6842,-9.1271,-6.4437,4.2845,-2.2049,-2.2655,0.6264,-3.9515,-0.6926,-8.0194,-8.6463,6.3532,-2.022,2.9279,-5.8331,-1.8999,2.6196,8.1397,6.5462,2.537,6.2019,5.0324,1.5676,6.0537,-1.222,5.3361,-8.1342,-9.0896,1.3061,8.536,-5.5223,-5.1276,-1.6159,3.9532,0.901,7.5717,9.0048,-5.6596,-1.3863,-0.2821,0.7062,7.9378,-2.7226,-4.3749,-5.1993,-4.2789,9.7493,0.0267,-2.1351,6.604,5.3984,7.5289,-9.3277,-8.1509,1.3234,-1.8278,-0.0262,-2.2139,-3.2895,1.1583,-9.1795,-4.2146,-5.5586,-5.3916,4.0071,-9.67,-8.7404,3.5744,-1.3341,-0.227,2.685,-5.2105,-0.5479,2.2795,-4.0375,-7.6208,2.0,0.6958,1.3953,5.8313,-9.9125,3.586,3.9075,-3.8836,-1.9036,0.6956,0.6555,2.1496,5.1716,-7.2819,3.8574,-9.1376,-9.4997,1.6956,-2.6807,-4.0516,-4.5637,-3.777,6.9285,-9.7006,1.9028,0.5664,-2.5723,-5.0884,2.6875,-6.4961,2.6076,3.6898,8.4792,6.3191,-2.1097,-2.1441,-0.2067,9.5242,-0.0315,-5.663,-3.0442,-9.5559,-7.1499,8.9354,-4.2733,3.0636,-1.3832,7.0731,4.5418,-9.5693
6.5102,-7.9263,-9.3561,8.6957,-8.5416,1.2389,-4.4132,-7.7281,-5.1684,8.7035,0.6053,-8.3923,4.593,-6.4269,-3.3598,-5.5199,1.1325,2.1877,-2.6516,-1.7479,1.11,-1.1781,-5.1604,3.713,-7.8932,-4.5764,-6.8737,9.8808,1.1339,-8.1388,-7.2666,-3.1672,-9.8629,7.2471,-8.3619,7.5749,2.5197,-7.583,-5.2106,-6.8949,-2.9397,-4.5919,-7.589,-4.3932,9.5832,7.0866,5.6631,3.666,0.0938,1.1879,-4.2843,0.628,2.3543,6.543,-5.5964,1.6857,8.2307,-1.3621,8.4273,2.4666,9.3701,2.4933,1.8227,-4.1761,2.8481,0.9245,9.4683,3.8046,2.548,0.9605,-1.3404,-7.5089,0.2305,8.4303,-2.4056,-9.1707,-0.5182,-4.1431,-7.854,-7.8838,4.7823,-5.0356,8.9513,-2.0948,6.1406,-8.3316,9.8032,8.7502,1.7648,-5.982,4.4933,4.6057,-4.8913,-6.2623,-4.3487,1.5138,-2.2178,-8.7381,-3.7282,-0.189,8.9125,9.7956,1.319,8.2175,9.9483,4.2678,-7.3668,7.9561,-1.737,3.0561,8.5153,3.9036,-4.2271,-7.3179,-3.026,9.4376,-6.5676,1.4202,-2.2198,7.2274,-5.4255,-1.4157,1.9174,-9.0922,4.9566,-9.2807,7.1407,-8.9329,0.2523,-3.1423,-8.1924,7.878,-8.1924,-2.3688,-5.6972,1.2397,-3.6036,5.9886,-0.1919,8.8021,-3.402,-6.349,-7.4717,-1.0173,-1.5318,2.1898,-6.8573,-2.7874,1.3762,6.0444,6.8513,-1.5163,-7.3529,3.5555,7.533,4.7678,-2.8727,5.4249,9.8156,-1.3272,-2.5229,1.059,0.1064,-6.1878,1.6483,4.568,-4.4017,-7.0429,7.014,-7.2101,-9.5416,-2.6903,4.3473,3.7368,6.1973,2.9472,0.2254,-9.4949,7.1555,1.6737,-3.0169,-7.4661,-6.3098,7.7532,6.9735,8.6016,0.2882,-5.6401,4.6286,-3.7407,9.6567,-3.4117,0.6572,2.8139,-8.1603,5.4993,-0.799,-3.7325,6.5507,-5.6769
8.3766,-7.9105,0.3359,0.6887,-1.7877,-9.3142,-8.6187,2.1551,-5.8632,-1.5294,-1.7819,-4.3067,4.9626,0.2775,-2.6778,7.3257,5.2873,0.2829,-9.2834,8.0672,-3.3327,1.3823,-6.8685,8.2778,1.2684,9.7862,5.0386,5.8465,1.8211,-7.3656,7.1855,-9.1766,1.3031,-7.691,5.7142,9.6337,-9.6176,3.9303,-7.3761,0.0513,-4.4188,0.8668,-9.0989,6.2074,-7.0387,4.3513,-6.009,7.6896,-1.6661,0.1553,3.6963,-8.5071,-4.0312,3.8908,5.8549,-3.5027,-5.3951,4.0385,-8.6512,-1.8919,-4.9222,5.3876,-6.1115,-0.6842,6.7297,-3.7373,0.5183,-7.9143,9.6633,5.8858,6.3843,-4.7848,7.8394,-6.8649,2.6653,0.0279,-5.7583,1.5657,-0.0467,-0.3049,-5.9957,-8.4567,1.2099,-4.1611,-3.4145,4.8292,7.7308,5.9267,7.0185,-5.7299,-2.6311,9.5833,-7.7058,9.1941,8.9032,-2.9775,-6.8759,5.1608,0.3051,2.7664,-6.7261,0.1866,1.7738,9.4387,-2.0077,-0.8572,7.0628,-3.0558,-6.0976,-7.4881,-5.765,-6.3206,-1.2889,-4.0974,-9.9475,-1.5313,-9.2418,2.6591,-3.4414,-1.9614,1.4746,-0.7506,-6.1446,3.5917,5.1742,5.0116,7.2099,8.785,7.0984,-2.5356,-1.3418,5.0225,9.3904,-7.5717,7.4533,-3.4186,0.6951,-4.6625,-4.4304,-8.6733,-9.2931,7.8772,8.2958,-9.5711,0.2691,5.6464,1.4705,-9.3965,1.543,-6.5415,-1.3116,-3.9664,-7.1831,-8.968,2.8057,6.9981,-6.9595,6.2624,-0.619,-1.8677,7.8152,5.5449,1.3224,-8.1558,9.8814,1.6098,2.6543,-6.4543,-1.8664,4.8197,4.2356,-6.7812,8.8803,2.3932,-2.0887,-9.1909,-0.5178,-6.2539,-6.9889,4.3907,1.3699,9.0246,9.5946,1.5114,-5.9317,9.5897,2.2714,0.3101,7.7063,3.1852,-0.7625,1.3278,-3.1286,-8.9888,9.9486,9.6749,8.7412,-4.1041,4.761,-8.1348
5.6836,2.4569,6.6591,-2.1438,4.2262,-9.6454,2.7905,0.8677,0.2722,7.8467,-5.1644,4.6804,2.6004,-0.0636,2.9173,0.6618,9.5846,3.5715,-0.6483,-0.7706,8.9908,1.482,-3.991,7.4762,-9.2206,8.4191,-4.4606,6.818,-0.3983,-9.4744,-5.2786,4.6874,9.0798,8.6673,-3.423,7.8483,-5.1705,6.0156,9.7569,-7.3884,1.8404,-1.3761,-3.7244,-4.2989,-3.5319,1.5852,-7.4721,-6.2212,0.2519,4.2239,6.4017,0.243,-9.3812,-5.9681,3.3119,-0.2081,7.1423,-0.8461,6.267,0.7896,5.6266,-6.5142,-9.2015,6.8329,-0.5742,-0.2859,4.658,-1.5404,9.7852,-0.6391,-4.9355,-8.3377,5.2534,-6.0006,3.9715,-3.4823,2.7915,3.2282,-2.3311,2.9846,-8.9461,-7.0776,7.5041,6.1401,-4.1684,-1.371,7.2835,7.7975,-5.2597,0.2353,-9.3669,-4.6266,-5.5961,4.959,-4.9119,-6.6083,-2.8182,-0.4833,-4.1574,-5.5841,1.6339,7.9995,-6.932,-2.6669,-2.227,8.0494,-6.3154,0.572,-2.8222,-1.7451,-3.9564,-3.6221,2.7278,2.4114,-4.8406,-6.1863,2.6438,8.3321,-8.9683,9.385,8.762,-5.7407,8.6275,-5.0656,-6.3312,1.2339,2.9477,9.823,0.8615,-8.5726,2.1672,7.616,-7.3161,3.3193,4.9678,4.8157,-8.9315,6.577,-7.4051,6.9081,-9.0141,-0.1911,5.1098,7.2311,4.9675,-8.0072,-2.6285,8.4595,6.4723,7.3775,-3.9677,-7.2285,-6.3696,4.961,-4.5301,7.4852,8.1154,-1.5064,-4.244,-4.2617,-3.2682,2.9248,-9.945,-3.3351,1.455,9.9454,1.0636,6.787,1.0115,-7.8227,-5.0293,9.2334,-6.6296,6.877,-9.4702,-6.0619,6.7349,-7.0005,-4.5945,9.8887,-3.0567,-0.5447,-7.1622,-8.386,8.0792,1.5731,-0.484,5.9009,-0.6932,-5.8501,-4.3727,3.0983,-4.7843,9.6018,-6.9242,7.3869,7.192,4.8308,8.1334,0.0864
5.3094,8.0767,5.8839,-5.4831,7.5468,0.374,-2.7316,9.2499,4.0461,2.4471,1.8407,-4.0133,-5.9292,-3.4682,9.6765,7.518,2.849,0.7683,-8.0769,5.0817,3.4708,2.8157,-3.6217,0.226,6.5654,3.3055,0.3025,-2.9233,4.9919,0.7694,7.3986,8.9718,-5.0496,-9.0884,0.0184,0.9737,-5.252,1.6765,9.9554,8.5149,0.027,5.1159,5.4963,-6.3646,-3.9614,-1.3835,8.2104,1.608,-2.0032,-5.2977,2.2348,5.5517,6.4149,-8.7427,4.4222,4.0598,3.9345,-4.6991,5.5927,-7.6246,-0.6037,9.3407,0.6143,0.952,-9.3658,-5.7907,2.377,8.2787,-2.8539,8.0553,0.883,2.0314,-7.8641,5.4951,9.1699,-7.7753,-9.3194,-6.627,-4.6031,6.6906,0.7811,-0.5063,1.1786,6.804,1.6138,5.7384,9.566,-0.5419,-5.3165,-7.4527,-7.2904,8.5457,0.0562,-5.4439,-4.8431,5.7548,5.631,3.8901,-2.0406,-7.9349,1.1098,6.5497,-9.4312,-2.5426,3.4068,-9.4827,-4.8119,-6.6324,-3.0387,1.8103,-3.5153,7.0216,-2.357,2.1848,5.8473,-3.6854,-0.021,-2.5942,-9.8824,-4.4653,-2.8314,-7.2711,2.0631,7.5236,6.5634,-2.7675,4.7629,-6.9374,-7.5957,5.4422,5.8991,-7.728,-4.7701,6.6695,-1.0872,8.1117,-5.2922,-7.0131,8.776,7.0855,-6.7949,-1.5719,3.705,-5.4839,3.9666,-0.1077,-8.3361,-1.5333,9.5499,-5.6797,9.2684,8.7944,-3.0237,-3.2308,-8.4416,-0.216,-3.2707,-0.3545,-3.6213,3.4185,7.3984,5.3075,-4.464,9.971,-1.9551,-4.3327,-2.359,0.32,3.642,-9.8234,-0.9442,-4.4235,-9.9824,-4.7512,1.5288,3.6673,-6.8386,2.095,-0.7835,-6.8225,-9.4089,0.0396,-1.5504,6.5304,8.9006,-2.3162,4.7721,-1.4646,6.5002,-0.2997,0.5338,-0.6829,1.0921,-5.3303,-0.4951,7.0051,4.3678,-4.3725,-0.0007,-8.5315
-1.569,-5.5047,8.0734,-4.1831,2.419,1.8796,5.8491,2.7405,-2.6254,3.0469,8.1188,-8.6103,-0.6252,7.7004,-9.9087,9.2516,-8.8507,9.5364,-2.9925,7.9773,2.5588,7.2608,-1.6017,-8.192,6.7427,-4.78,-6.4385,-7.7301,-5.498,7.3719,-7.4837,1.5644,1.2933,9.2662,-9.7671,-0.7928,-2.6007,6.4013,-7.3002,-0.092,4.1168,-9.804,9.6211,6.2179,8.207,-1.2804,4.6954,-8.2636,1.8182,9.0845,-5.2871,1.2698,-5.6868,-6.2286,8.8424,3.0749,-7.4073,-5.2758,8.8776,7.1283,-1.2668,-2.0178,4.5534,6.7361,-2.8423,3.6805,0.4253,-8.5031,9.5399,-0.5227,-7.0792,6.1532,-2.6285,-9.8673,-5.8355,-4.4166,0.8423,6.9573,-8.5178,5.3781,-6.5333,-6.35,-5.1602,9.6587,7.6361,-0.8258,5.3079,-0.9966,7.6971,-3.5555,9.3816,-7.564,5.8776,-7.7628,2.0082,9.9387,-8.0886,-9.4759,8.7462,6.44,-6.5247,6.7607,-0.3916,-5.3184,-8.6623,-7.1725,4.5974,-5.4603,-2.0477,-4.8889,4.4098,-3.7909,9.2877,-1.6352,1.6529,9.1339,-3.4674,-2.3691,-6.4791,0.8175,-6.5991,-9.0527,-9.1206,-3.0695,8.1935,-8.7577,9.406,-4.8347,-6.8664,1.377,-6.707,2.5076,7.2315,4.9962,-7.3574,3.5419,-1.8501,-5.1929,0.6794,9.309,6.8395,7.1511,-1.4009,-0.756,-9.6489,-2.7593,-4.138,1.0651,-4.3523,-4.0001,1.5031,1.1987,-3.4367,3.8435,-9.627,5.0596,-6.3236,-5.7641,-7.9679,9.3234,7.852,3.1287,-3.6006,-3.8847,9.2502,-3.9982,6.34,-4.6404,7.392,8.2986,9.9377,-6.3995,0.3307,3.8404,0.8519,-2.5854,5.5147,2.3702,-0.3053,-2.8859,2.2995,9.7747,7.5322,-3.9153,-3.6253,8.0337,-2.4243,9.4311,-6.6856,-5.7024,4.4522,-4.9629,5.5872,5.0534,-3.2535,8.3481,-7.0393,1.0565,-4.2472,-5.625
-4.9304,6.7666,-7.8092,8.8915,-9.5374,2.9787,0.3178,-2.1169,-2.4666,7.1663,6.8732,5.8113,-3.599,9.5408,3.5303,-3.6652,-5.7018,5.2031,4.7198,3.2774,-5.0771,-7.5779,2.5373,-2.1901,6.3891,2.0033,3.0209,8.9221,8.7817,7.2723,7.7696,-3.4462,-8.5291,-1.9164,7.2813,1.1332,8.7099,-6.2646,-7.1298,-6.268,-2.1687,-5.3483,-0.0293,-2.8179,7.165,-4.6609,2.9918,3.6999,9.921,0.3457,3.1274,1.9292,2.8997,-3.6402,1.3221,-0.7709,4.6461,-8.4153,3.4173,5.5697,-9.8015,-9.0209,-1.9937,4.8151,-5.3522,9.4382,-8.6738,6.9112,-4.5176,4.2665,-2.0521,4.2015,-7.0764,-2.3289,6.1261,1.549,-1.2808,4.6344,-7.7017,-1.6798,-6.4517,-7.2525,6.6727,3.8205,5.0436,-7.6387,-5.7508,4.8666,3.3415,-0.6355,6.2929,-2.9701,-2.3948,-9.8334,-7.0847,0.8081,-9.0662,2.1197,3.5442,-7.9946,7.1771,-0.567,6.489,-1.7377,4.5786,-0.1151,-6.871,3.2778,7.244,-4.5727,7.2695,-3.1899,-1.1895,-0.3297,-5.7133,3.6399,4.1403,-9.9649,7.597,-6.3228,3.8389,-1.2634,5.0899,-2.8897,1.4465,2.6329,0.0391,-9.7978,-4.4455,6.5723,3.1862,-5.8606,7.0574,4.4332,-5.8191,-0.0831,1.1943,-3.2754,-9.8404,4.5938,-1.2452,7.3367,-2.1729,4.0675,-3.5788,-5.168,-7.9414,3.0481,7.1638,1.8359,8.892,-0.9363,-3.3957,1.36,-1.3388,8.8538,-7.4094,-3.7672,-6.4151,-0.2446,-6.699,8.8595,-6.8402,-4.2401,9.1238,-3.9372,7.7404,9.7543,-6.567,2.2871,6.7711,-5.1465,5.0416,-8.0044,0.5934,-8.605,0.0076,-1.0194,-7.6908,6.2815,-1.727,6.4409,-3.6242,-5.9053,7.825,7.3409,-6.2154,-5.433,-1.2493,-9.643,-9.9686,6.2893,-4.4098,-1.7645,2.8985,5.207,-3.4823,1.091,-4.7995,5.1936
3.0289,-0.5311,8.3803,-1.5899,-0.4601,4.6811,7.6765,-4.3214,-6.9447,-7.3834,-5.4306,6.5776,-2.8155,4.2665,3.4563,7.4762,-4.7713,-7.8468,-2.4385,-6.7172,-1.5314,-9.807,-6.9421,-4.9275,1.2125,-5.2734,3.607,-9.8327,2.7221,-9.5028,0.0042,1.95,-4.1675,1.5188,-2.1426,7.142,7.9862,-4.7538,3.3503,7.8245,5.5228,-9.6347,-3.4069,1.3778,0.5685,9.2771,8.0068,4.7354,3.6156,8.2899,2.2958,6.8952,-5.9145,0.6407,-3.0239,-2.3927,-1.4595,1.3084,-2.2697,-1.4421,-5.9139,4.9574,7.0082,-7.6517,0.7728,-1.1493,-1.4817,-1.4774,0.984,2.0663,-8.2435,8.4199,-6.6914,-9.5839,-1.6417,9.4753,-1.827,-4.1575,-9.9452,3.7577,7.5855,9.6648,-6.8994,1.2021,8.9288,-3.77,0.1453,5.9915,4.6846,2.8035,8.1046,-0.4105,-3.3074,-7.2168,3.3716,-2.5469,-1.6223,4.548,7.306,2.405,8.9462,9.9056,-9.5591,3.6158,0.8328,3.173,7.2183,8.4148,0.2179,-3.1605,-9.4174,-9.8914,4.0128,1.9846,-8.7321,5.7505,1.3626,-6.4256,-8.152,8.0494,2.4856,-2.2809,-7.6887,-9.1929,-9.9087,-6.8948,-5.1968,2.5063,-9.5083,1.3385,-2.2989,-3.3877,8.4861,7.3101,4.9235,-1.5515,-4.4039,-6.0258,-0.2588,0.8673,-8.6398,3.2859,6.5328,0.8065,0.5019,-0.9958,-0.1076,0.1633,-0.2044,3.6061,6.7443,4.8612,-4.843,1.697,-6.1224,-2.9288,-6.9966,-9.0268,-6.5555,2.6118,-3.2417,-7.7776,-2.5761,9.669,-6.5703,4.8625,0.7106,8.267,-6.894,7.6725,-0.1938,4.3602,-8.4261,-1.6645,-8.3292,-4.2473,-7.4848,5.8973,-6.7883,8.3924,4.463,2.5161,-6.2643,-9.4164,1.4324,-2.1017,-1.0595,-4.4031,1.6574,-4.307,5.4267,-4.7521,-4.3628,-1.8303,-1.4085,6.4184,-1.5343,1.2981,1.7881,-6.3329
6.2721,-5.7987,2.1841,-5.9999,2.9811,4.1173,4.0444,7.8129,7.7239,6.9964,-3.4935,-1.1097,6.9449,-1.7204,6.6554,1.4794,-5.0015,4.7198,1.0459,7.0419,-5.6078,7.2492,-0.7445,6.3056,-4.7202,1.1315,1.2744,4.6695,-2.4327,-2.0508,-5.7755,-2.3379,-4.2578,4.6041,-5.0456,1.2459,-2.1127,7.1553,4.3033,6.595,3.2541,1.2758,5.9605,8.7152,9.3777,-6.1672,3.3626,0.8846,0.0346,-0.6409,-7.8677,-1.3777,5.9921,3.735,-6.8374,2.1252,-7.6102,-3.9712,-5.2959,7.5254,4.2026,6.7027,-6.2123,-3.4307,-9.5243,8.6273,-9.0976,-4.9056,-9.3672,0.2963,-3.0953,5.4739,7.2107,-4.2594,-2.2599,-3.798,4.3211,4.0587,0.9245,9.1886,-7.6879,5.0509,6.9674,-9.8355,5.8154,9.2732,2.7681,0.3219,-3.3616,5.8438,3.9575,-9.9579,8.7895,-3.3238,9.0762,1.7887,5.8687,4.378,-6.2398,1.3388,3.7984,-7.2543,-9.3605,-0.2557,4.0502,0.6382,0.3798,-7.209,4.4792,6.5403,-1.4399,-1.5659,-0.5599,-8.944,2.8754,-0.5945,-3.6627,6.7882,1.571,4.3725,0.1492,5.6308,2.8409,7.7136,0.6509,-5.3575,-3.4414,8.486,6.0674,-0.4842,-8.5958,5.6325,4.4214,-1.4424,-2.6806,9.0467,4.1603,-9.3065,4.2397,-1.811,-1.4509,3.207,5.8159,0.7498,-7.7551,2.74,1.3462,8.7858,-1.859,-3.5419,6.8687,3.0314,-6.4298,4.5638,-9.9066,8.1955,-3.4669,4.4323,-2.0978,-0.5085,0.2381,-2.689,4.6361,8.6647,-6.5921,3.5254,-6.3093,7.503,-2.0349,3.1937,7.738,-7.1307,-1.0807,-5.6817,-4.6315,4.4617,6.6804,3.2656,5.6675,-8.1657,-2.5864,2.5432,-1.5996,-9.6111,2.7004,-9.4281,-1.3546,1.062,-9.9492,-9.1333,8.7961,8.2598,-3.3909,4.9932,-5.2261,7.3227,-5.0524,-8.9976,-8.2511,2.1425
-0.8042,1.2177,9.7365,8.5609,-4.8473,-4.1945,-4.5692,-3.3188,-4.0638,-0.6189,-5.4296,8.3408,0.6164,-6.6772,5.3428,-8.4373,-1.7893,-8.7568,-8.1794,5.0337,0.3022,-6.0041,5.1446,9.825,-1.0157,-8.4332,-7.8878,-5.8528,-5.617,4.1734,1.6177,5.8815,-7.7807,9.6296,2.2572,-8.8027,-8.1625,1.591,-6.3213,8.8053,4.502,2.1308,2.7381,8.976,6.6792,9.7158,4.7525,-7.0424,-4.6788,-6.8374,8.0033,-5.9232,0.7007,7.8819,5.6721,-8.176,3.4073,6.9166,1.8555,9.0835,2.833,0.8667,-9.3595,-3.9319,2.1515,-8.5339,-0.0962,-7.2052,-8.065,6.5445,-2.0325,4.5061,-7.513,-6.9327,1.0542,-0.9423,-6.7515,4.4872,-6.0619,1.9085,5.1759,-3.1099,9.7827,-3.135,-7.0894,-1.4628,-4.5901,-8.7632,7.4704,-3.9866,6.3057,-4.5859,-8.7165,7.9147,-2.6342,5.0929,6.1668,-8.2051,-9.9838,-3.8433,0.2769,7.859,-3.7756,-4.0527,-6.1985,5.4651,1.6055,-9.3388,-3.388,4.2298,-8.6056,5.4551,8.644,-1.7441,5.8881,-6.6093,3.3236,4.4954,1.4377,2.2461,9.0622,8.6269,0.3244,4.0057,-3.3857,4.3372,8.3444,-1.2383,-3.3125,-2.2583,8.2083,-1.7022,8.6685,6.246,2.9632,-3.3286,8.1988,7.1013,7.2413,-3.312,-9.3227,-7.7411,0.5228,3.6416,3.081,-2.3172,4.5228,-9.073,1.4706,-7.4334,-1.3133,8.0185,8.0672,-1.4525,3.5552,-7.7685,1.0551,9.0094,-9.7671,-3.426,-1.5976,9.0443,-7.5167,5.831,3.6138,3.7835,-6.5611,4.4101,-4.2481,-6.4358,5.2611,-7.5524,-3.0313,3.2876,9.5325,-3.7742,7.5071,-1.5494,3.0159,2.6604,4.0447,1.4755,-6.4894,2.1358,8.2641,-1.3896,-5.9049,6.5565,2.7901,-7.3795,-2.0762,-8.8689,-1.9275,-2.8639,-0.5421,0.9091,-4.3834,4.4614,-0.4788,-2.0494
3.1487,8.1786,-5.7799,0.0479,9.6462,-8.2709,-4.0199,-9.7387,-4.4942,1.6937,0.2379,7.3588,1.1912,-8.5685,9.447,-6.5109,0.1747,9.5165,-9.0654,9.3626,-5.5542,-1.8662,-5.2521,8.7599,-4.5558,1.9663,-0.9824,-0.037,-4.4422,1.4261,3.5779,-6.9294,-0.0472,-1.0368,-3.6778,-6.3466,-5.4074,7.3659,-6.4576,-2.4969,5.7303,-5.3235,7.4767,1.5374,-2.9252,-8.1548,4.6048,-7.4322,1.8239,-3.5016,-1.4003,0.1249,6.0846,2.488,-1.1334,6.4436,2.0978,1.6066,2.5632,1.3809,2.33,8.6203,8.814,4.4347,7.9541,-7.0438,-7.9732,8.6583,6.7107,-5.9151,-9.1455,7.538,-8.5951,-2.4179,2.4332,-7.6843,0.8631,9.9773,-7.6393,-2.2838,-7.1306,-3.4102,-6.2497,-8.4047,-4.9205,-3.2226,-0.6139,-4.9552,-3.3661,-0.0933,-9.3448,0.5088,-2.2229,3.1901,8.8787,-0.5649,3.1228,8.4537,-7.068,-9.2058,-8.0175,-1.0551,-5.2494,-8.1182,4.1588,-1.4952,-6.8166,4.2475,8.1715,-0.3805,7.7051,-6.5684,-1.0164,4.2663,0.0727,1.4623,-3.8756,-6.6523,2.5356,-4.9835,6.2342,6.1943,-1.1737,0.2138,0.1194,-3.1535,1.2147,8.4527,6.6739,-8.8238,0.2716,3.9925,3.2128,-3.0421,-2.2623,-0.5791,0.5176,-8.6068,-2.1794,9.3883,-5.9757,-3.9078,8.4601,-6.6073,-8.4541,0.247,-7.9237,0.7426,8.8269,7.6186,-1.1223,4.1927,8.9854,-7.7763,1.3407,9.3917,4.8088,6.3283,7.3262,-2.5361,3.5138,2.5668,-5.3995,-3.5218,-0.1391,1.2805,4.9263,0.4357,6.9308,-5.7322,-0.1923,-7.2443,-0.1788,7.5723,6.507,-2.7779,-7.452,8.8463,8.9794,-7.2036,-2.9488,6.0266,6.5634,9.9128,-9.5172,0.9484,-6.1484,-1.9283,4.1383,7.0875,-0.4863,0.3577,9.1602,-0.3211,-5.9554,7.9696,7.6032,-7.2912,2.2678,9.925
6.7233,-8.8072,3.8873,4.1769,4.5584,-8.453,-7.5405,2.0097,9.3399,-4.1263,2.4018,6.1413,4.3933,-7.6116,9.942,1.1842,-6.2239,1.3285,4.9034,0.4616,3.7038,8.0594,-4.6434,-2.094,7.0987,8.6355,-4.5148,9.2809,2.0551,3.514,2.579,-0.7171,-3.6375,-2.3617,-5.7644,-4.1922,0.7145,9.6318,2.9149,-6.1648,5.2405,4.9577,-0.5897,6.6899,0.518,-8.8955,1.5139,-6.1796,9.0859,-5.5291,3.845,-9.0405,9.0737,-8.9629,7.2621,0.6229,4.0229,7.9552,-7.2306,-9.0865,-0.2208,9.7575,4.9826,-3.7808,-9.2767,9.0157,-6.9201,-0.1082,-6.6997,6.9881,-2.6409,-9.4029,-2.5797,5.5599,0.6706,8.9015,7.3674,2.8186,-1.316,-3.1611,9.6321,-0.9432,-6.9296,-0.4532,6.4377,-5.005,0.7762,-9.8335,-2.7492,8.2806,-9.1408,9.2601,-3.6948,7.3844,6.026,-5.7412,3.7175,5.4875,7.0401,-7.8975,3.3144,8.9482,8.0843,6.1431,8.0749,4.7798,-5.9452,6.3602,5.7654,-7.4474,7.166,5.3376,2.878,0.8153,4.5,-8.7157,3.2217,8.2679,-2.2535,2.8336,-6.3201,-3.4782,-0.5507,-2.0547,-0.3476,-3.9561,-4.6251,-1.7045,2.9366,8.4675,-0.1452,7.4468,2.1752,7.5721,-2.6264,8.5187,7.641,-9.5241,-9.1336,-1.7844,0.9442,3.9325,8.1432,3.7765,-8.6267,2.1684,-9.2763,-3.6562,-1.0042,2.0509,-5.6079,-1.6062,3.6066,-5.8224,-0.9964,-0.2558,-7.2929,6.925,8.0209,-9.0469,-8.076,7.9039,-6.9108,-4.4804,-0.3673,-0.809,8.2546,-9.2905,-6.1465,1.8027,-2.1492,-9.3829,-0.512,-4.3974,1.8479,-6.2862,7.2163,8.7182,8.9656,-5.8681,-8.6479,1.0955,-1.7749,7.8106,3.175,5.446,0.3043,-8.787,6.3966,-8.5728,2.3856,-7.3091,-1.2176,2.4067,5.6908,1.0981,1.0193,7.6308,-5.0504,4.4677
-0.9124,-4.8799,1.3939,7.6279,1.4931,-2.4662,-9.5891,0.0165,9.4205,-0.8333,-6.9033,-5.7502,1.2269,7.1004,4.4,-8.7317,-7.7659,-9.1615,0.307,9.1515,5.733,-9.4393,2.0368,0.5622,9.1334,-7.8987,-4.4594,-8.8275,-2.0003,-1.7664,-3.6023,-9.7206,0.7851,-1.5837,7.944,-4.672,-4.8437,-7.2105,0.9296,4.4087,-5.8743,3.7438,-8.1992,-6.683,2.2317,-8.2406,0.4372,4.7304,9.0112,3.4559,0.0532,1.1875,3.3824,8.5557,-5.3657,3.5458,-5.5601,-2.7057,-3.1968,-9.9119,-8.8901,-7.2018,1.3692,2.8439,-3.0176,1.3529,-6.8097,-2.8047,9.9576,-1.9104,-0.1527,-0.0715,8.5608,-7.0975,7.3396,4.9741,1.729,0.5035,2.9729,-4.9309,-2.0959,8.9502,-4.4744,-8.3103,7.7921,1.8174,-0.342,-8.142,-5.6805,-9.4433,-7.3738,3.8046,9.562,9.6224,4.6132,5.8748,-3.3153,-6.2581,0.5529,-0.2578,-2.3344,6.5886,-8.6557,3.4725,-7.2968,-5.3223,-1.6022,-7.9349,-2.3104,8.8097,-7.4871,2.557,1.9174,-2.0102,6.2271,-5.596,-7.9944,-4.7263,-3.1875,-2.6693,1.3249,7.5505,4.1509,1.2006,-8.3664,5.0069,8.6255,6.8431,-5.2063,-5.711,3.8679,6.9302,-0.7563,-5.3472,9.7715,-8.591,-9.5577,-2.744,-3.1415,3.5248,5.2749,8.0751,6.0463,3.9201,-6.9454,8.8785,1.4446,-9.1211,0.2194,5.9826,-4.934,2.0531,8.5075,4.5941,6.2478,-2.4774,-7.3089,-6.0482,7.9499,-8.9905,3.471,9.0367,8.2831,-4.1819,2.1216,7.3568,-3.2569,-7.7288,2.6588,3.1422,-4.1409,1.5681,2.51,7.6678,5.7744,-9.4379,0.7418,-4.2567,-9.0004,-0.2899,-6.1976,5.5732,-3.7222,2.4421,-0.0807,7.2131,2.8493,-2.0637,0.931,0.5834,-6.613,7.2338,-6.7102,-2.6508,-5.2894,9.4678,0.2367,8.9531,-2.3505,1.1824
1.7788,5.3977,9.3493,-7.1656,7.7815,7.71,-0.8586,-8.0168,4.4457,-7.4882,-9.5046,9.297,8.1879,3.327,7.1373,8.7058,-7.5342,-3.4429,-4.7856,-1.5516,2.658,-9.1674,8.1359,-8.523,-5.7675,-7.4186,-3.4967,-7.6474,-4.0663,-0.5569,8.3452,-9.9253,-5.1109,-7.4651,6.2394,-9.8707,7.8019,0.7294,-6.0098,-7.2892,2.7083,0.1101,-5.3796,6.2552,-2.5184,-6.1035,2.4643,0.8824,-4.795,-1.0421,-8.8956,3.925,9.0935,-0.0765,-4.4698,-3.2033,-6.0342,3.5628,2.8054,-8.1268,0.884,-1.5794,6.6118,1.5403,-4.5271,0.6699,-8.5441,-8.4951,-1.0508,-8.9307,-6.636,-5.0487,4.124,-9.2258,-1.217,4.5245,-9.572,9.3447,-1.2344,-5.9467,-4.6438,-1.098,6.1864,9.5856,-5.5764,2.8541,-3.474,-8.0897,-7.633,-3.4234,0.9189,9.6515,6.5785,-5.5739,0.8736,8.5831,8.3572,-0.5619,8.9619,9.4617,-1.1651,-4.7921,-9.545,-2.4586,-4.6866,-9.1474,5.521,5.7865,-6.9142,-5.8828,7.8003,4.5216,8.4996,0.9356,2.6917,-5.1404,3.1716,-8.2529,0.3461,2.0197,-3.7553,-7.6846,-9.0666,-2.073,4.616,1.2098,3.9663,6.6766,-7.7869,-0.2306,-7.7764,4.0798,-3.4235,-5.4167,4.193,-0.665,-3.3589,5.1536,-4.3574,-6.0705,-6.4037,7.71,-4.3571,8.9887,-5.6513,-7.1953,-9.0537,3.0235,-4.4848,-5.815,-1.4003,5.5915,4.9064,-5.9597,2.086,7.4395,9.8963,-3.8643,9.351,-3.3684,2.7054,-3.599,-4.8206,-0.4984,0.787,-7.3547,6.5219,6.3525,-1.2917,-9.0331,-5.5484,7.8696,2.381,3.1185,3.6995,-1.5421,6.6176,-0.0619,-1.0854,-3.2112,-0.348,-3.5528,5.3323,-0.6198,0.3938,1.8833,2.2967,7.1084,6.3011,9.0423,-2.3184,-3.2217,6.9711,3.593,0.4187,-1.0516,-6.4548,-9.385,1.3491,1.9771
-8.3142,8.3944,-8.7465,-6.4715,-8.3701,6.1282,5.6223,2.7841,-9.1577,9.4472,3.6002,0.601,-6.1578,-3.5872,-0.0163,-5.8093,7.1607,-1.4238,-2.5281,0.0692,-5.0342,-1.9354,-9.1724,-0.1841,-3.2075,4.4905,8.5256,-8.9669,-2.7631,-9.5943,-6.2821,9.4055,4.3604,-4.4418,0.8354,-6.6969,1.4275,-4.9829,-8.8988,-7.274,1.1306,-1.5406,6.2234,0.0818,7.3769,-8.6799,1.5119,3.3997,-1.6593,7.5445,2.4585,6.4394,3.6835,8.8142,4.4023,-9.8669,-7.059,-7.6278,-8.0442,2.1618,-6.7675,6.162,-9.0783,-1.9455,-3.8478,9.3171,9.2718,7.1666,-7.6684,3.0843,4.4099,8.1475,3.5597,-0.5444,-2.3766,4.3886,1.2576,-2.8873,-9.6074,0.1517,6.4937,-6.6571,5.5582,-2.1719,-7.0477,2.965,1.4179,-0.6381,-0.4687,0.7994,1.8093,-0.2551,-8.0036,8.9585,5.1942,-4.1994,-3.4776,1.771,7.8395,7.0493,-2.5546,-7.4529,-7.9968,4.133,2.9815,8.9836,-5.2347,-9.4196,4.4003,5.4538,3.6068,-0.941,5.6266,3.8587,-3.5916,0.5227,-5.6111,-4.342,-1.0696,-0.3424,-6.8233,8.33,7.6296,7.4521,5.4875,6.621,-7.1935,-5.9952,1.1337,4.3248,4.9075,-8.2445,-7.6185,-5.6557,4.5484,7.8016,-3.8714,-4.5768,-5.6955,-4.6174,-1.1146,3.4235,9.4062,1.1384,5.3183,7.3162,1.0237,-0.9152,6.8334,9.4099,5.9971,4.4102,-5.9701,7.0072,0.3709,-8.8088,-8.3281,-5.1777,4.5901,4.1954,2.0079,2.9122,-8.2682,-0.709,9.3476,-6.1978,4.4666,-7.7933,0.0339,-0.6195,-0.1224,6.5639,-1.0173,-6.1275,1.8049,5.296,1.9829,-5.6179,-5.3199,-1.0576,9.9224,6.8042,1.8113,2.6066,0.7743,1.4544,7.0724,5.7298,-6.6349,-2.3991,-6.3146,-3.0661,-6.2717,-3.9186,6.3017,-6.2321,2.2935,-4.5648,-2.0025,2.9882
8.1935,-2.4413,-1.9245,-6.7276,6.2073,2.8945,8.3023,-6.7575,9.6517,6.006,3.3586,-8.8166,3.2,3.2693,4.8744,-6.6881,3.1336,-7.4148,1.2021,-1.6642,-5.0278,-9.952,-3.1004,2.3863,-2.226,6.5483,-2.4067,-0.6072,9.5147,-9.9842,5.72,-8.3204,-3.3029,-4.7636,0.4697,2.4298,-8.6935,-9.4945,-9.3719,1.8831,-0.2464,2.4258,9.8325,6.3255,5.5324,-4.839,6.4681,3.2543,-3.3068,2.8769,-4.3589,2.5759,-0.0526,-7.2976,-8.2672,4.8211,3.6198,1.1093,7.5929,-1.6466,2.142,-9.7951,-5.0972,-8.7523,-0.6154,-1.708,-4.9059,8.3057,0.37,0.515,6.5676,9.9706,8.6238,3.3344,-0.6946,-4.7356,-3.1479,-0.653,-7.8387,3.7898,7.7751,-0.5928,6.109,-1.1776,0.8886,-9.9451,-0.7009,-9.0686,-2.6481,0.2147,-0.305,2.1121,8.3509,-9.1344,-1.1907,-1.5464,-3.5901,9.1135,0.6441,-4.8187,2.6884,4.8421,3.2095,5.8537,2.0817,1.3282,-1.4046,9.3452,-5.0744,4.1252,3.1591,-6.3951,-8.3976,-7.2311,0.4692,-5.3186,2.5025,-0.3753,6.8054,-0.5592,0.9424,-1.9563,6.6696,1.075,5.6114,2.1134,2.4541,9.9079,9.6556,-7.2172,0.4946,-2.681,-4.5195,-5.6726,5.2467,8.9975,-3.8996,5.9054,9.9109,-3.2418,9.0231,5.3221,-8.7358,-4.7098,-3.71,6.532,9.4064,-6.0658,-4.1799,-8.8434,-0.6713,9.0303,3.9556,7.2963,2.0024,1.0543,-3.9521,6.5787,-2.0733,2.9322,0.6758,3.6642,-6.7271,-2.9418,6.7551,-9.5963,-3.8856,-0.6596,-5.1032,-4.5299,-7.9646,1.6248,-8.8491,-0.1752,5.4659,4.476,6.1271,-9.2546,3.6591,4.4205,1.9863,9.3604,9.213,-7.8918,0.8055,4.021,4.615,5.6054,6.6798,7.294,-8.1061,7.2805,4.466,8.0191,5.3797,-9.9959,6.2646,6.0702,2.0409,9.1842
9.0743,1.1683,-5.6048,6.2518,-6.1952,3.9955,3.8026,2.766,-5.5419,-7.0381,4.3881,-1.0288,-5.009,8.6341,7.283,-5.6999,-8.1339,-5.5733,-4.4302,4.1068,-1.8216,5.808,-5.4289,-3.1182,4.0187,9.2799,2.545,7.7937,-0.9564,-6.0951,-6.0021,2.6054,4.0548,-4.5992,-9.8746,3.3933,-9.4123,-1.3289,6.5573,2.867,-9.6381,7.062,5.3907,4.1608,-9.128,0.8865,-9.1588,4.0303,6.5915,-6.7708,-1.1378,7.5056,0.6606,-6.2391,-6.2827,-4.3325,-0.4325,-7.018,3.7518,2.503,6.4508,6.6539,5.2745,-0.3006,0.7994,-2.598,-7.8769,6.7094,-7.4989,-3.1012,-8.1311,7.876,2.1222,5.3578,-7.3803,7.066,-1.1846,-0.8622,1.4506,4.863,8.204,1.4551,-6.2933,-7.72,3.1634,1.9766,-5.9302,7.4323,-0.5644,5.2648,1.553,-0.1139,-6.4899,5.7128,1.5812,0.4918,0.0545,-2.4005,-9.9149,7.4127,0.4101,-4.6776,-9.9082,1.4343,-2.9527,-1.591,-9.6182,3.2939,4.3154,-1.6584,8.9597,3.306,-2.9075,1.5708,9.5041,-5.7821,5.1384,3.3076,-9.3679,-0.5271,-4.8979,5.6369,2.6921,3.1797,-9.1261,-6.8678,-8.5982,3.3086,-4.1025,1.9221,-8.8981,7.7333,8.382,7.8697,2.3636,-6.7723,4.5286,-0.2616,-6.2874,8.7108,0.7698,5.593,-1.5688,2.5344,9.6683,0.9415,8.59,4.656,-3.246,-3.0544,-1.9221,-2.9311,-9.8461,7.2137,1.2021,1.6414,-4.3391,0.1149,4.6871,-1.403,-0.9868,-0.5402,-0.7582,9.4455,-5.8295,9.6485,6.1919,4.2125,-2.3223,-8.0376,7.4188,4.1376,9.8245,-7.7999,3.6768,-8.7956,-5.4275,4.0152,7.5704,-3.1583,2.6142,3.9382,1.8436,7.4308,4.1007,6.6321,8.3676,4.8794,-9.5681,-5.8097,7.057,0.7283,-7.7103,-8.6066,3.7222,8.2674,5.6179,6.003,8.6568,-1.457
-4.9114,8.4986,-6.0995,-7.0008,-5.5167,2.2357,1.2286,-3.4692,5.0512,-6.0997,-9.5685,-7.223,0.0719,-0.2311,6.2186,-3.87,6.3795,8.0634,0.1616,-3.185,-8.0987,-7.2747,-5.7148,5.404,6.1399,-2.7608,-4.6412,3.1734,6.4037,9.5823,-5.3763,3.5567,-8.3803,2.0601,-8.8851,-7.1584,3.3848,-0.6675,-7.261,-3.4839,-8.6743,1.8876,-8.7536,1.5706,5.4579,-3.8646,4.6985,9.9106,-1.2131,0.3481,3.9389,-8.5745,-2.5578,-8.9992,3.5292,6.7289,-6.6217,-1.1609,-0.034,9.0406,-1.0753,-1.6075,4.8828,-8.9827,-5.0439,4.239,6.4319,-3.8592,-3.6399,6.0439,6.1017,-0.2579,-7.4527,1.7327,-8.4433,-9.7698,1.4362,8.2032,-1.1736,5.9823,9.6435,9.3062,-4.941,-4.1588,7.1778,-2.9769,3.5802,6.7626,4.5431,4.7261,-2.6821,-7.4771,2.7181,-4.9701,-7.1278,-9.1443,-0.6718,8.7708,2.5127,3.2488,-8.8672,-8.2251,8.6881,-4.6995,4.6527,-7.5191,0.5773,-4.8565,2.264,2.8363,-6.5677,1.6429,5.8446,4.8374,5.021,-6.0353,-0.055,-8.9744,-9.9655,1.8424,-4.478,2.5195,5.0824,9.2489,-7.6252,1.9798,-6.8524,1.8742,3.2192,-4.997,1.4812,-4.8012,7.1959,-8.1467,2.8667,7.8308,-1.477,9.9908,2.8266,-3.9245,-5.8633,-8.1708,-4.8317,6.5975,2.9399,-4.521,-9.0758,8.7331,8.581,-3.7261,0.9784,6.2474,-0.6375,0.0691,-9.2825,-1.5455,0.336,6.2365,6.5737,0.1891,-9.2662,3.4712,-8.148,6.7694,-5.8568,3.9676,1.4776,-7.3469,8.7095,2.3711,-8.1075,9.5393,-2.2163,-8.0016,-4.6266,-5.1188,-9.5858,9.5998,-7.3478,1.4146,0.2378,4.5597,4.0739,-3.213,-2.9554,0.0268,-9.5989,-3.7462,5.6402,-4.3668,-2.5127,-8.9451,3.2705,-0.6739,3.196,-8.7193,3.6601,5.3442,-4.2324,-6.751
-7.8466,5.1937,-2.2903,0.5009,-6.4544,8.2965,2.9293,6.8454,4.8366,2.0973,-7.8008,-4.9065,-5.3762,-0.1869,-7.6194,8.7043,-8.8363,8.5326,2.8739,-9.8016,9.7587,9.4261,-0.1219,1.2627,1.359,4.3059,-1.5611,1.6073,6.7582,-6.3611,1.9499,2.1488,6.9064,2.004,8.0786,3.2183,0.2768,7.8951,-0.8387,2.4242,-2.3701,1.6977,-0.7473,-5.0869,-1.4199,9.3357,-9.9822,-9.7704,-7.6946,7.7552,-7.1499,-5.8447,-9.3927,-9.8459,-7.1636,-8.1528,6.2473,-7.287,-8.8153,-1.8475,0.9443,7.5263,-0.399,2.0798,1.6083,9.0789,-1.6227,4.1265,-3.8097,-6.8299,-1.7624,0.2454,1.6854,2.1553,3.8049,9.2655,0.5713,-9.483,-2.771,-1.76,4.2304,8.408,9.0766,2.0324,-5.0828,-5.7068,6.3714,9.8246,0.6866,-1.8756,-2.9613,-4.0958,-9.7516,9.7087,-6.1433,2.7329,4.2878,1.7312,1.5828,-2.5751,5.2099,4.9856,1.5285,-8.4537,9.1866,5.4107,2.8249,-5.2181,-7.7498,-2.3037,6.24,2.1357,5.2451,6.0243,-4.7323,0.9018,-3.5884,-8.4078,-7.1437,-3.1503,-6.773,6.0698,-6.4299,-1.1951,7.0882,5.3466,0.9561,9.6704,8.9728,-0.6318,8.8682,-0.7882,3.7816,-7.7418,7.5489,-7.7956,9.3806,1.5801,-9.9987,-1.0036,2.9342,-4.1329,-3.0296,-1.603,9.386,-2.1005,-1.4704,5.7923,-7.9122,-9.8952,-8.5061,3.8113,1.2087,-0.3571,-8.0152,-8.4937,-7.9874,-3.0519,5.6543,3.3949,-3.5104,5.7755,2.3706,-4.7312,-4.669,-1.6949,-1.5645,6.3271,4.0227,3.1222,-6.3427,-1.5375,-6.1544,-3.7632,2.88,-7.5192,-3.4017,5.1526,1.2128,-7.7454,9.0992,0.9195,9.67,-2.3083,-2.5572,7.6016,-2.501,-3.5275,-8.1807,8.127,-3.2801,-7.471,9.2514,5.6289,-4.9814,3.7138,8.339,-5.9227,7.8189,8.0919
1.1391,-3.1785,-8.3005,-2.4686,-4.9604,1.2597,-3.2028,-0.6594,8.7741,-1.6661,-6.5734,1.7353,1.8491,-2.6647,-9.9463,1.9613,4.9647,0.832,-7.2445,5.1926,9.6942,-0.6823,-4.4451,0.2139,-0.5911,4.846,-9.471,-7.8125,-7.7629,-3.4807,2.2676,7.0252,2.5265,-3.9256,-9.3966,-6.5497,7.258,-0.9522,9.993,-6.1074,1.6155,-3.8987,2.2025,-7.0694,8.4978,-1.4018,3.1286,1.6661,2.0057,-3.7751,1.1068,3.7873,8.3722,-7.2769,6.2875,8.4925,5.1089,6.8249,8.2526,-0.1306,-1.6433,2.2468,-7.8746,-5.7804,2.9343,9.7093,-0.8192,-5.2847,6.0343,8.6075,-6.5655,5.7961,5.7981,5.5348,9.5044,6.341,-0.7652,8.9471,-9.1922,-5.5937,-8.1971,6.5354,-2.5341,4.3835,-2.4224,-6.9032,6.422,-1.6937,-7.0415,3.1859,0.5349,6.9208,-7.8948,-8.9636,-7.0006,5.5116,-7.526,3.5276,5.0979,-0.3211,7.5684,0.7588,6.1192,5.7238,6.4884,-5.2598,9.957,0.1893,-0.3714,-9.8554,8.2989,4.9457,-2.6604,6.3745,7.2284,-8.7235,-8.9338,-7.078,6.0781,-4.6187,3.3657,-8.0896,-1.6489,0.7055,8.4563,-6.9445,-4.1523,8.61,5.1928,-9.2613,8.6249,-9.6178,0.3832,-6.4043,-4.8623,2.936,-3.1081,-3.0356,2.0164,-1.1476,4.188,7.9655,2.3051,-4.9689,-3.3827,1.6133,-0.1568,-3.608,8.5543,0.352,8.2683,-3.3686,-9.5313,2.3926,-1.494,0.2832,-1.9245,4.9668,-6.3421,-2.1429,-4.3161,-3.0031,7.8805,3.704,-1.0521,4.4555,-5.9782,6.9624,2.3926,7.4695,0.1161,-4.5929,-6.8398,3.839,7.1641,7.4964,-9.482,6.7691,2.5623,-2.0264,3.7317,-3.4941,-9.5231,1.2081,0.171,0.9573,2.3249,2.3528,-1.6356,-1.7912,5.1963,-1.8387,-4.8347,-1.6371,2.7827,-6.9565,9.0992,1.7513,8.5053,6.7023
7.6355,-9.5145,3.5194,8.7306,-2.4942,-0.9737,8.5395,5.0072,2.6571,1.4177,-1.4869,-6.0404,-9.7972,-2.617,-8.8305,0.9005,7.2117,7.4636,0.2411,8.9534,-1.6431,5.2784,-8.5288,0.5119,-7.0799,2.131,1.975,-9.6386,-5.6457,-1.0339,-7.1743,2.5215,-4.1723,-3.7318,-5.6884,-3.198,3.1619,7.8469,-3.6721,-5.8506,-3.762,-6.2804,-9.2899,-0.1596,0.5498,-5.8995,-4.8214,-3.543,-7.4074,6.5392,3.0831,0.7861,-5.122,-8.1684,7.7033,8.8187,-2.6259,6.3162,8.7262,-3.1203,8.5026,-4.198,-8.0161,7.0366,4.9163,0.5673,1.4258,6.0945,-1.2395,-9.4082,-9.179,6.8081,-9.3374,7.9876,3.1555,-8.5402,-4.2835,2.1607,8.2375,-2.4573,-8.0848,2.9443,-7.7841,3.8183,-6.8559,-7.9576,8.2195,1.8553,-1.6221,6.7582,-2.6327,8.861,7.4222,-4.5035,9.3826,-9.9019,9.8348,-1.2125,-7.441,0.3928,-3.117,-9.126,-4.7661,8.0315,-3.7272,-6.4913,-3.3675,7.7013,5.1167,-4.9825,3.1443,-4.624,5.0859,1.6492,0.6071,2.3256,4.0543,5.8646,-5.0237,-9.6715,-2.3388,3.5899,7.0869,8.3874,7.6657,2.427,-3.0761,2.9721,-3.4283,-0.0868,-5.4662,-4.6921,-0.0817,-2.1679,-5.8367,4.9496,-5.6864,3.5367,0.4561,-5.2036,-4.0095,-9.8173,-4.4115,9.0864,-3.0978,-8.2854,-4.4085,-6.2057,-6.7722,7.1205,-4.9006,-7.1959,8.4721,-4.7358,-5.0983,5.4702,3.8038,-9.1179,5.185,-6.4999,-6.5643,4.7128,2.6358,-2.8786,4.5588,-9.9288,8.4238,9.2571,6.4334,-2.0161,4.144,-6.5107,-7.3483,-3.5306,6.9499,-2.0695,-3.1831,2.5198,3.3047,-6.5592,-5.2858,-4.5407,0.8138,-8.4311,3.1488,4.8807,3.4029,-7.0662,-1.1172,-5.5289,-4.3583,6.4482,-8.0195,-5.3294,-8.7353,1.1743,1.99,0.0027,4.5045,-5.891
2.7599,-6.3584,-3.4389,-5.1506,2.4607,8.2869,-6.0026,9.1238,9.603,-2.6708,1.691,9.8752,-2.8204,-6.9061,-4.3053,-4.3013,-8.7002,2.9899,4.1343,8.5856,-1.8867,5.1897,-4.3993,6.8467,4.9288,-6.3122,7.1323,6.5728,-2.723,-5.8811,8.8096,-5.3303,-3.737,6.1774,-4.335,8.8384,4.0339,-9.9632,-8.9407,3.2661,-5.6291,-7.3145,-4.9701,1.7034,-2.646,2.9001,-0.6765,-9.024,2.5909,-9.8399,3.6664,3.2535,3.1669,7.9052,-0.2959,7.7918,8.2757,2.0315,4.8941,-9.048,-8.2785,4.8947,-3.2135,5.1959,5.6785,-7.272,-0.6244,-8.1684,-5.1901,-8.5079,0.9158,9.9531,-0.4995,-0.9576,-6.6721,-3.1005,4.0803,-4.8885,-3.0499,-4.1916,-9.0314,-9.5452,-6.0978,-3.6729,-3.6427,-9.9348,-2.8136,7.8285,-3.263,-5.1427,-9.6976,2.2435,0.5917,6.3424,7.5314,-3.2683,-5.6067,1.5987,3.8449,2.5394,-6.258,-8.6654,4.4594,-7.0469,9.9874,-3.9282,6.7504,2.7692,-5.6064,-5.024,-0.0388,3.1119,-3.3271,6.4783,-7.1568,-1.3038,0.6459,7.9006,7.8876,-2.6696,9.6645,-2.2809,-9.5311,-1.983,4.2657,-0.8002,-0.9538,4.1221,0.2582,5.6324,8.514,-5.6035,-6.097,3.0925,-5.1146,-4.0981,-2.502,6.9449,-1.0887,3.1155,7.6916,-9.2154,5.4221,-8.0127,-1.3306,1.6969,1.8499,3.3608,-6.7952,-4.4245,4.9389,0.5927,7.779,-3.6574,0.1772,9.7697,-6.2065,-2.7118,-7.3561,7.1994,-1.5807,-5.75,9.0337,-8.8501,-9.9936,-1.0565,8.0224,4.2602,-2.1252,6.7872,-5.4455,8.5034,4.4132,-3.2816,6.3218,4.6797,4.1308,-8.6322,-1.6018,0.3369,-4.6681,6.9745,6.4627,-1.9741,-9.2819,4.5494,-1.5025,-2.252,1.3158,-9.432,-3.4169,-3.2845,-7.3106,-0.8193,-4.8711,7.5533,2.6708,7.9187,2.7534,-4.4494
9.4207,-3.3732,-9.4369,3.8895,-4.6008,-9.1062,5.9673,7.6879,4.4518,-5.0157,9.4861,-8.336,3.2851,5.4007,9.9292,-8.8965,8.2708,9.6758,0.946,3.9765,2.6234,5.6727,-1.209,7.7875,6.5712,6.8866,6.2417,6.5702,3.2815,-8.5973,-6.8639,6.7387,-5.5273,1.8854,-9.5827,9.3029,4.7229,-0.5907,-7.2997,-1.7736,-3.9882,-5.8068,-6.601,4.8632,0.5803,-2.495,-3.1479,-7.5819,7.828,4.5812,-6.7738,-3.7647,7.0102,6.7765,-2.7413,9.1995,-6.6312,-9.8874,-6.7203,-7.2404,1.6577,-9.7438,-6.3939,-4.8174,9.1957,6.8729,6.44,2.9648,-0.5822,-4.1475,-9.0726,5.8177,2.6783,-4.1057,-0.6899,7.6645,8.6474,7.2026,-6.4092,-6.8189,-1.2533,4.1509,0.0043,9.7603,6.8848,6.2452,3.0557,1.5463,5.6456,-7.7272,-6.6816,-0.5779,-3.8254,-2.6091,8.3894,-9.1735,-5.6233,8.4248,4.8506,2.3428,2.1185,6.7041,-6.9303,-7.2446,7.6014,-6.7001,-4.2046,1.6363,6.7708,-1.1298,-8.4018,-7.528,-6.402,0.1651,7.4599,8.3383,6.274,-5.2569,-4.3636,3.2366,-4.1861,0.9453,8.1341,-5.4629,0.1654,9.8676,-3.1746,5.253,9.5104,-1.2004,-5.7234,-5.5594,-1.1906,2.6677,-1.6566,1.4119,6.0882,5.1449,-3.3658,-4.9276,5.2276,1.349,7.152,-4.1598,9.6467,9.2152,-9.7854,-6.1236,6.6127,7.1685,-9.8563,-1.9203,4.4772,-7.0316,6.7685,0.4184,6.6889,6.2039,-6.8444,-7.0228,-5.7785,3.4788,2.1627,-8.4,-4.0909,6.3927,7.0522,-2.9709,8.1948,-7.3911,-0.5932,-2.9813,5.8662,-8.2639,-4.8031,5.9347,-4.6979,6.3719,-2.1077,-7.6445,-2.0668,8.7041,1.499,9.5274,-4.4447,7.1789,-0.6862,-9.5477,4.4544,4.2308,-9.3293,6.4345,-7.7783,1.2479,-7.1152,2.5979,-6.1599,9.1378,-3.9668,2.1518
-9.6869,0.9064,-3.6889,-8.8138,2.1645,-3.2772,-1.7794,-1.621,2.7498,-3.2648,4.5569,-1.5496,-7.0326,-5.7308,2.4508,-2.9558,0.4389,-8.4676,8.4606,9.1129,-3.7816,-5.2826,-2.0167,-5.1002,8.8621,5.1318,-4.7755,9.0965,-9.0698,4.6435,0.2473,4.6613,-6.2541,7.273,-5.7281,4.5477,-4.3014,-9.2487,5.7857,3.4876,9.5969,6.256,8.6514,-8.1019,-7.0636,-7.4755,-2.104,7.9112,-3.6576,5.5122,4.8289,6.3424,9.4044,3.6807,-9.6875,5.1657,5.1816,-9.7874,8.5317,-7.8116,4.3643,-1.4186,2.8077,0.427,-5.7165,0.571,-1.1624,-0.6354,9.9991,-3.7165,4.0332,1.0491,-6.9782,-1.1775,-7.4968,-6.2094,7.0865,3.4119,1.2401,9.9557,-7.1882,-9.2609,2.901,5.5276,7.414,-4.0604,-8.4524,1.2322,9.45,8.0666,-5.7464,-2.3641,1.5246,0.8201,-4.1091,4.698,-6.0112,2.8625,-0.1844,-9.9817,-0.462,0.4917,2.3669,3.2763,4.3748,-0.8119,-1.4165,-3.324,-1.9682,4.5739,-7.232,4.3354,-1.7915,1.3833,5.448,-8.6453,0.8571,-9.6216,4.9873,-5.5167,9.713,8.7302,4.1936,3.8433,-5.7116,5.4917,5.3484,-8.4203,-6.8078,6.3083,0.6894,0.5794,0.5855,0.2753,-4.8691,9.8833,3.1682,2.6422,-0.4103,-6.2436,-7.6989,-7.4673,0.7935,-6.6996,-3.1169,5.6123,-3.8516,-4.1021,-9.3706,-4.8265,5.6603,1.702,1.6138,8.1012,7.4133,3.8584,8.1436,4.7104,5.9966,-5.5393,-8.9697,-9.079,3.2688,4.4222,4.8693,6.6193,-3.2814,-6.0044,1.2545,9.1129,-6.0048,5.0051,-5.7141,-1.9319,-8.7883,3.5833,-1.7982,8.1223,4.5539,1.4997,4.1881,-0.9948,-6.519,1.5562,6.0617,-2.3484,-3.4085,5.9538,-8.9322,-7.8917,3.2668,-8.4158,-3.8194,-1.8488,-2.5209,-6.996,3.621,9.4933,-5.1994,-2.0158
-2.325,-2.7392,4.2494,8.47,-2.2842,-9.2901,-5.7883,6.935,-8.7222,-7.4728,9.125,0.9732,-5.3825,-0.5809,1.9812,-1.0317,-3.4804,7.1398,9.6055,-5.3723,1.883,2.2611,-3.2932,-5.037,-6.738,-7.7637,-3.6317,0.3155,4.1597,0.5073,2.1587,-1.4842,-9.5236,0.3294,-0.1648,-1.8622,-6.7296,-1.8425,-3.2595,7.3774,-3.2698,-2.4223,1.1223,-4.158,2.4008,9.5255,-7.5134,-2.7577,-6.274,3.6127,-0.291,-4.709,-5.0184,-5.2267,-8.9269,-6.7041,-1.7931,-8.6477,6.8044,2.2502,-9.958,6.9393,-7.0465,2.2194,6.4172,-4.0925,-9.8213,3.8806,3.1891,-1.4886,-0.1713,-8.0871,-1.1162,-3.4395,-1.3703,-8.599,4.3555,-9.3384,-1.3545,-5.1687,1.9382,9.2534,0.1952,1.0227,2.9116,-1.2822,-1.2989,-3.5879,7.5197,-3.4284,-1.9365,-1.11,0.0837,-5.653,4.9017,0.8775,-9.5755,-9.8333,-9.0338,-0.637,-5.4772,-9.221,-3.2058,8.7674,-2.1182,-7.1138,5.1457,-0.8779,9.5005,-6.3998,-3.0804,8.232,4.3376,5.502,-4.4356,-8.7149,-7.7178,-0.7511,5.4961,-8.1196,-7.6733,9.2969,-7.1202,-3.7083,-0.7399,-6.5806,2.6574,8.1605,4.0653,-7.6894,-0.9524,-6.3262,-4.3514,-5.3681,3.7294,-4.0149,-0.6766,-6.5414,9.5899,5.6356,-0.2159,2.0557,-5.1517,9.6648,-1.1438,5.4884,8.8181,-1.5017,5.6495,-8.7611,-3.9405,-4.9473,-9.6126,8.7371,-2.0369,-7.3826,-6.4251,-9.389,-6.2514,-3.2478,-2.4974,-8.4738,-4.5386,-0.4544,-9.8297,2.0776,-4.9383,-5.3849,2.4002,-3.867,-8.6304,8.8343,-1.5758,-6.9869,-1.3387,-8.612,5.0143,-6.3502,-2.7072,-5.4347,0.1739,9.1743,-7.8872,7.2859,-4.9506,4.2684,0.5383,-9.66,3.3972,-6.5611,-5.0589,3.3171,-8.7846,-7.5535,1.1011,3.0278,8.9548,1.5581,8.9768,1.4471
-4.5363,-7.0033,0.1549,4.354,-5.2343,6.4414,-2.738,6.3489,-1.8938,8.3253,5.6018,9.8669,4.182,-5.7883,3.2852,5.5205,1.0896,-6.5625,-3.3652,4.5042,-3.1849,2.7863,8.5982,9.9398,-2.2834,-0.0853,3.7351,-2.5834,-0.1498,-0.1435,4.8783,3.4337,-5.1491,-4.7407,-0.2962,7.7723,5.5744,-7.2122,-5.2632,-1.3532,-4.5358,6.5679,7.2366,-9.4723,-0.4541,-1.8707,-0.8035,-8.398,3.3531,6.8508,-0.9068,-5.4069,5.223,8.9225,6.175,0.9285,9.3937,0.3813,-5.1391,-2.6289,8.8069,6.0576,6.6421,6.8368,-7.6081,-3.2075,-4.9378,-0.8639,-6.5813,5.9413,-5.1896,9.3548,9.2782,-1.046,-3.9205,7.8986,-8.7087,-3.2345,-4.4857,1.273,-5.9577,-1.3388,-1.8288,1.6072,6.8977,3.5061,-0.6089,-9.0913,4.7428,-2.2408,1.9674,1.2189,-9.6472,3.295,-1.9376,8.3539,-0.7443,-5.7924,-7.4957,3.0875,-2.2138,0.659,8.6921,5.1754,7.0668,7.7979,2.9318,-7.8213,-4.4916,6.4694,-2.8368,5.3379,0.7329,2.1256,-2.0935,9.867,4.8532,-1.0829,-3.1306,-5.635,-4.2473,4.1021,-5.1564,2.5071,-6.3117,-5.3761,2.2432,-5.2535,7.6576,6.9891,0.5022,-2.9549,8.4178,9.728,9.1833,0.8946,9.8552,2.7022,8.899,-6.7849,8.4557,-1.6617,7.449,0.2028,-1.7822,4.4673,6.2169,-7.3993,7.7378,6.701,-7.215,2.6795,1.6138,-0.98,-9.1518,-4.9912,7.3595,-3.1241,8.2736,1.5666,4.6377,-5.3394,-3.9607,9.3721,-8.1305,3.3447,-9.0373,-1.7761,-1.1911,-1.3694,0.2495,-5.867,0.5817,8.7622,3.2597,-4.0433,0.3392,-8.4236,7.7169,-8.351,7.429,-2.5443,9.8742,-0.8781,-8.0046,-4.3505,7.9566,3.3718,9.4496,-0.9029,-2.4914,-1.2287,5.8734,4.1686,-8.9819,-3.1479,1.0873,-6.7493,-3.4768,-8.0958
-6.5623,6.8789,3.0904,-4.2891,1.0033,2.0596,-7.5148,8.8293,5.7914,-3.5094,-5.0909,7.1976,-7.9549,-5.0422,2.5079,7.6488,-5.8527,4.8937,0.1557,3.6547,-7.8893,1.133,-1.7803,-3.3319,-4.2345,0.1523,-6.5608,-8.7158,2.3651,8.9084,-6.786,8.6079,4.9093,4.5412,-3.6555,-5.8014,-0.2077,2.1555,-6.6065,5.2648,7.7926,-0.0447,9.5954,9.5225,9.402,-3.7199,-1.5214,2.1079,3.4137,-5.5619,7.4699,-2.8813,8.7211,5.4382,-7.399,-8.3741,2.3301,-2.7828,-2.2996,-5.959,9.5433,-1.4534,6.1052,-6.651,5.1929,-6.7038,-6.2244,2.8906,4.2246,9.8739,1.1119,4.3189,-2.2851,-8.7266,-0.3456,-6.4646,-1.8182,0.8042,9.7709,-7.6205,-3.8752,6.4523,-5.8176,-1.6419,6.3541,8.6513,6.0909,-4.8166,6.4369,9.364,1.4993,6.0184,-1.6543,8.2366,9.09,5.157,-6.7567,9.1016,7.1803,1.0229,-5.7608,2.142,6.0606,2.6181,0.1889,0.9893,3.1832,-5.7809,-6.4775,-3.5547,5.2764,-0.0835,4.8415,5.8604,9.8521,4.2122,-0.4675,8.9465,-7.9048,-9.2261,0.7074,-4.384,0.0388,-8.24,-9.0603,-9.9369,5.123,3.0234,1.4829,9.1964,8.0592,-2.5581,0.4263,4.2985,9.0268,-1.7123,5.3526,6.3069,5.2805,9.2943,1.7281,9.4868,1.7624,3.8661,-3.5307,-3.7775,4.2164,6.9703,-6.1969,1.4241,-7.9614,-4.0038,0.0749,-4.4569,-5.2061,7.2708,-8.815,7.4448,7.2908,8.8137,4.3816,7.259,-7.8874,-4.807,-6.9451,4.5377,0.3638,-5.2876,4.2269,-5.2933,1.5205,-8.5558,2.97,9.8388,3.2907,-4.4538,-3.3059,5.1848,3.8908,2.6994,-6.2919,1.3586,2.2726,7.1188,9.5555,8.9487,9.6588,-8.288,-4.7894,1.3004,-9.0848,-8.5626,2.9798,-0.2575,8.1179,5.6229,4.8462,5.8174,-5.202,-9.523
7.7991,-7.308,-4.7168,2.4313,4.0716,8.7988,5.4081,-3.2759,5.9332,-3.53,-5.2815,3.0218,-7.4281,-9.1922,-5.6722,8.3901,-6.6283,9.8404,5.3578,9.5996,7.4904,8.9133,7.5711,0.0591,-2.7543,9.2143,-1.9835,-2.1944,4.792,5.6021,-6.1185,7.9893,-3.4669,-6.2085,-6.3291,-3.2984,-9.4186,-3.3257,-5.2178,-2.0771,3.2068,6.9403,0.147,2.3707,-3.2446,3.507,-0.8574,4.836,7.9518,-3.7845,4.5387,7.2989,-4.0115,4.4772,-0.0639,4.9717,-0.15,-0.1761,-6.2023,-4.0471,-6.4412,1.8408,4.3056,-0.4442,-2.2948,5.7076,0.1165,-9.2235,4.8891,-1.7253,-6.0215,-0.6164,5.7008,-3.8461,-9.4295,0.6396,7.6807,5.2003,-5.1387,-1.8547,5.763,1.594,9.912,-0.2049,3.6842,-1.1977,3.5401,-8.3133,-5.8693,3.1756,6.0445,-7.822,9.4405,0.8095,-9.354,5.5323,5.6435,4.1247,-4.9827,-0.6303,4.9566,-3.2008,5.5603,-4.459,-1.4067,-5.8994,3.4633,-1.2866,0.2099,-7.517,-5.2978,-8.8163,3.1533,-9.4108,4.9123,-4.6883,2.9507,7.1933,-9.6799,-5.8632,-5.4864,1.344,3.9986,1.092,8.5312,-1.764,-0.1713,2.6336,-2.5665,4.4153,-5.4383,-3.3468,-5.5609,-8.6553,3.3581,2.5202,-8.5029,-2.255,-5.6088,-3.9369,-7.1538,-6.3128,7.1653,2.4195,5.26,5.8927,0.5816,0.8995,-5.4113,-7.3273,-2.7041,0.2849,-8.2295,7.0803,3.4859,-5.7996,5.4423,5.5264,-5.5976,0.0196,5.5928,9.3058,-0.4497,-3.4765,6.2847,-5.1142,-8.2221,-2.5137,-0.9762,6.3514,-1.688,-3.1408,4.7152,-2.0104,3.4564,-8.0347,-0.3602,0.639,-4.4761,3.3127,2.8207,-6.5279,-6.0677,-7.3419,-9.928,4.5563,-2.9976,-2.8628,-5.6589,-6.9901,8.1114,3.7621,0.4539,-5.1631,9.0659,-5.7094,-6.2097,6.429,-0.3034,-2.7604
2.3795,1.4217,-7.9013,0.1884,-5.194,-0.6547,5.5706,1.5842,1.9698,-8.1187,1.5826,5.5424,8.449,6.1634,-0.1704,-5.8653,-5.1746,2.2524,3.1637,8.8764,9.0957,-5.9994,-3.9468,-4.9349,-4.9457,-8.3167,4.4492,-2.8415,5.267,0.0998,-4.4952,9.6481,-7.5883,-2.3534,-5.8049,6.6182,2.6569,-5.3871,2.2794,-4.277,2.3639,-6.9815,7.1039,4.5122,5.8839,2.4837,6.5236,-4.0569,-5.6536,-9.1445,-9.9014,3.7718,7.349,2.625,6.1441,4.0282,2.1563,6.0221,0.1209,-3.2963,-5.8831,5.0684,4.3326,5.4002,3.2274,-1.6694,-6.3681,5.8456,0.1649,9.993,-9.5992,-4.8185,-2.3144,-8.374,5.1748,-8.43,-1.771,9.7229,4.2185,-3.1914,0.9547,-5.1915,-2.9024,-5.9657,-9.9662,-7.11,-6.2038,-2.1022,-4.81,-8.8812,-9.1043,-0.9896,-2.3457,9.136,0.326,6.4007,1.1392,3.4766,4.9374,-2.5338,-6.4166,3.2222,-5.7468,5.9555,7.4141,-1.243,-6.6709,7.2345,3.7755,-8.852,-4.841,-2.1963,-0.0354,-6.1067,3.9907,-1.9297,7.2712,3.5993,-2.4584,-6.1291,4.9949,-9.9853,-6.4182,-7.8474,-1.6882,9.2895,8.7973,-4.0935,2.1395,-1.536,2.1164,-0.4574,-0.4326,-7.4282,-4.801,-1.069,7.4095,1.9219,3.4148,-3.1821,-4.474,-0.9365,-9.0571,-9.9389,-4.2904,3.2786,1.429,-5.5196,5.346,-9.7801,6.3205,-0.6534,7.633,-6.5822,5.2088,0.482,-8.2202,4.7993,3.1421,1.4011,2.1162,-5.1704,9.2211,8.5151,6.2043,8.4274,-6.8695,2.2253,-5.9764,2.1425,-3.066,5.1947,6.4752,9.0816,3.5148,-2.3767,9.0405,8.373,-3.1481,9.7309,9.5708,-2.1782,-2.2537,6.7285,-9.6708,-3.4776,-4.6211,-2.4955,-8.0757,-0.8268,9.5592,8.5497,2.4213,5.0545,2.4458,2.2492,9.832,-2.1528,-1.7465,-6.108
1.0829,9.554,9.6394,-0.3044,-5.8497,-8.332,-9.3407,8.0535,-5.3135,-2.1929,-8.6527,-0.6046,1.878,0.7872,-4.8448,7.7531,6.1367,-1.9753,0.1191,-5.6458,-1.7895,7.79,-2.6003,-1.421,-5.9556,1.1448,-1.4493,-8.3027,1.2906,-2.488,-5.0491,2.9728,-9.611,7.3531,4.9262,4.4841,9.5743,4.199,3.9717,2.7385,-1.0929,-9.8258,4.2815,-0.6123,-9.1637,-7.2613,-5.4076,-5.9391,-8.1568,-8.6688,-9.4599,-3.1926,-0.1096,-1.5749,-5.2447,-3.3746,8.1509,-7.6477,-2.2617,9.12,-2.0555,-3.9027,-3.2354,-4.9488,-2.6199,0.4356,-8.6082,-2.4861,8.2767,-0.9771,4.3617,6.7482,-0.0467,9.5013,1.3668,-3.7933,7.918,-8.5263,5.4297,-0.7106,-4.4632,6.5253,-8.5199,3.6989,-1.5556,0.9509,-8.2136,1.6944,-2.8257,1.0802,-7.4952,-7.8021,4.3116,-1.7797,-5.1448,3.6915,-3.6013,-9.7166,1.7041,-9.0079,-4.0245,2.2151,2.3752,-7.5617,-9.506,-8.5018,-0.7749,1.2215,-5.3408,-1.0307,0.3281,-5.1241,6.1415,4.4579,0.4791,-9.8646,9.1683,3.3578,-1.3928,-9.0077,4.0778,-5.457,0.1212,-4.867,2.3555,-8.45,4.1688,-6.1081,-4.4459,0.9128,4.2136,3.0992,-9.9612,-6.6609,1.9633,0.8548,9.1019,-4.0216,-6.1212,-1.9764,-8.7542,-6.759,-9.7973,-7.1495,-4.8892,-5.0124,-1.1105,-1.3438,-6.123,0.1491,-1.6735,1.0397,7.4918,-6.7695,-0.5662,-6.8659,-4.8739,1.7195,2.0461,0.9614,-6.9858,-6.9362,0.3959,-9.5161,0.394,7.3886,-6.5516,-8.6959,4.0781,-6.71,7.2667,-0.1665,3.5202,8.1152,8.4955,-3.8539,0.132,4.8223,-0.6136,8.7943,8.5799,-4.9226,1.4957,-0.8333,-2.9593,-5.3087,6.2303,3.7691,-8.3738,-6.0646,-3.8321,-3.9,-6.7704,-7.3473,-5.3023,-3.0673,4.5545,5.0203,-7.1219,-7.4669
-7.2964,-9.1867,-3.5859,9.7837,4.5766,-1.2867,-2.5595,-4.7987,-7.2585,3.5084,-6.9947,-8.7663,-1.8895,1.7617,-8.1022,-5.205,-5.4347,2.4081,3.4751,-1.0518,-0.1035,9.1273,5.016,5.2758,3.587,-1.6871,-8.7375,9.9749,4.4757,4.8913,-6.5413,0.1599,-2.122,-0.8485,0.978,3.139,-5.0689,-5.5768,-0.7279,0.93,-1.4566,4.5542,1.58,9.4613,-2.7272,-1.8157,7.5928,-0.7476,7.7949,1.7234,2.2458,8.6271,-1.4447,8.4231,8.2509,7.9302,-9.7167,-8.1251,-9.0504,9.7945,-7.6154,-1.3023,-2.9705,-9.3022,1.8876,5.1186,8.6339,4.0681,-9.838,5.5889,-6.3505,9.9368,5.6306,-6.1157,1.007,0.5644,3.8465,7.0274,-2.5944,-2.0138,-9.9327,-3.2356,2.8264,7.1623,2.9208,9.2008,7.7748,5.4732,0.8643,3.8111,-6.9843,4.5834,5.0391,8.0863,-7.6061,9.0677,-8.3957,-3.1458,9.0516,-7.3073,-4.3589,-8.4964,7.7507,-9.5691,-3.8212,-0.3675,3.411,6.9961,1.1246,-0.0887,2.1813,-5.1103,-3.6169,2.4616,8.9812,9.9234,3.6505,9.4316,-2.9299,8.6652,9.4724,-8.1273,-6.075,-7.2452,-6.7474,-1.9435,8.1534,5.5122,8.3625,-1.6506,9.9421,8.5507,-9.4294,9.4168,-6.2084,6.9033,6.2315,0.0267,-9.1505,1.4556,9.9676,-4.9098,-3.1417,6.7936,2.8816,3.9507,-6.8262,7.5633,-4.2032,2.6866,-2.2099,0.8744,-2.7778,-5.7157,-7.1942,2.4672,-2.7756,0.4712,-4.0179,-1.3178,2.232,8.664,-5.6621,-2.6308,-4.2264,2.5777,4.1681,-3.0323,-9.6647,2.5682,-8.5232,3.6247,9.1973,-2.0298,0.0959,-7.4503,1.8711,-0.5256,-5.3584,-0.6542,6.0553,9.3815,-1.339,3.4709,-3.0317,9.632,-9.2367,-3.091,0.5445,-8.8505,0.9571,-7.2285,9.7023,0.0415,-9.4241,-5.8627,-3.6101,3.0627,-5.639,1.6879
9.7679,8.8815,5.4256,-2.5547,-5.9031,-1.2097,-2.4881,-3.7151,-6.5848,-0.5095,6.5341,-0.5441,1.8793,-7.7887,4.3195,7.8379,-8.6419,0.7485,5.831,-7.7083,-3.1076,-5.8715,-5.1447,-3.2101,-5.4958,-5.4739,3.6387,-6.0074,9.9018,1.2441,6.3899,0.6102,5.4652,-9.9324,-3.6884,-4.4948,-5.8197,9.0434,-3.0665,-0.2446,0.9708,8.9628,3.6603,-2.0698,-2.6944,6.67,4.4432,5.5467,2.807,9.5482,-9.761,-4.6805,9.9301,-3.739,-3.3025,-3.4064,-8.0126,7.8224,-2.7163,2.1622,5.584,-1.6875,1.6743,6.406,6.2614,1.8456,1.5351,0.3807,-5.3443,6.8075,-3.8547,6.699,1.5166,-1.0174,-0.1198,3.8702,-4.7587,-5.5841,-9.732,1.3379,-2.3631,0.7869,-8.6225,9.2314,6.9354,-7.0283,-1.8614,2.657,-3.5636,-3.8856,-8.5846,-3.9969,6.7435,-0.3171,0.2138,1.3035,-1.3392,7.3832,-6.7497,5.4197,0.3865,9.5694,4.1212,-5.6993,-8.6188,9.0454,8.8521,-8.5553,-8.5686,-0.087,-6.3255,6.5178,0.391,4.0977,-4.8532,-2.9599,9.4416,-9.4595,9.2469,5.1303,4.7447,-3.0843,1.1431,3.7089,5.9813,-8.0041,-8.164,-6.5005,8.3447,-9.8033,6.2831,3.9854,-2.9051,5.7884,-8.482,7.6931,-2.6518,-1.0238,-6.6703,-6.8552,-2.6439,2.7699,-5.2652,4.7538,-9.7175,-5.6328,-6.268,0.4757,6.8,7.8667,7.9462,9.4966,-1.6472,-6.8784,6.6628,3.425,-7.638,9.2279,-6.9946,1.1953,-9.3383,3.712,8.0137,-3.0367,-8.5354,9.9463,1.0388,-6.2792,3.1495,-9.5921,8.1672,-0.297,5.3096,1.1482,5.2303,7.791,-7.6686,-8.2401,-4.2286,-2.3187,5.4223,0.1254,-9.6913,-7.9024,8.4249,-3.9799,-7.7329,-3.8864,8.9247,9.6624,7.2935,-4.5097,-4.1654,-7.5222,-6.0469,-0.4402,4.6949,5.1955,5.9549,4.6565
3.2316,9.4672,-1.2743,-6.0843,1.3386,8.8105,-6.7156,-6.4114,8.0035,-8.1499,2.0963,-4.9948,4.7168,-8.0107,-7.6623,8.3855,6.8638,-2.3591,3.2412,-0.978,-4.254,0.571,6.1813,7.9204,6.2327,9.4144,0.4953,-8.086,-3.8246,0.1631,6.5721,-6.0904,-9.9667,-3.1726,-1.5582,-9.7831,-9.9967,3.9815,-2.2669,-4.2622,-2.9385,1.5205,-9.7508,6.5772,3.7423,-2.3049,-8.019,9.692,-6.0649,3.2925,6.9828,1.7316,-1.5298,3.7551,4.0099,-8.4176,5.1382,9.8485,-4.2723,-7.382,6.6933,-4.361,5.635,-1.2252,-8.7509,-6.0547,-0.1249,1.5637,-8.905,-5.186,-5.6026,-6.2436,-5.5801,-2.316,0.0292,-3.0024,-3.4447,-4.7581,8.1697,5.7758,-6.9119,-3.6808,-2.2925,2.0834,-1.5306,9.6754,9.2067,-6.8363,-5.1274,-9.6932,5.8118,-0.0185,-2.8306,8.7604,-1.6419,-3.5555,-5.8289,-4.0271,4.5526,-0.5744,-1.8506,-5.258,1.1859,6.1266,0.9607,-4.9806,3.8975,-5.3469,-7.3263,-0.6742,-8.7826,6.6359,-7.0568,-7.5178,2.7878,-8.6054,8.8001,-4.4724,-0.556,8.3288,-1.8094,-0.6147,-7.5343,2.0853,2.4949,-9.0677,4.2273,9.5023,1.7657,8.5229,1.5674,-2.0956,3.0485,-1.8135,-5.7206,0.2001,2.0414,9.245,0.7242,4.8516,4.2288,-1.3209,0.3672,-0.7056,6.4984,-2.9952,-1.9401,2.418,8.4337,8.9138,1.9144,-3.3224,3.1797,-1.6998,9.6523,5.5786,-1.5793,-9.7301,-6.461,-7.6014,3.9642,-0.0219,4.2044,6.8439,-5.9051,-1.1824,-4.7543,4.8038,9.4744,8.5643,2.1094,-6.9172,7.6406,-6.993,-6.3615,-0.1909,-0.6087,5.4517,-4.1677,5.5209,-9.6369,4.2977,9.4575,-5.8532,8.1576,0.0582,5.6361,-8.4917,6.8057,0.6751,7.3725,1.0789,6.1273,-5.2078,8.1448,-6.1361,-2.0425,8.782,-6.1748,2.433
-7.763,-4.6223,7.5971,6.5374,0.1536,-1.5567,-1.9534,-5.1131,5.7496,-7.6268,-3.0241,-3.7719,-5.5394,2.3049,-7.781,8.8986,1.3896,7.1559,-6.8765,3.7222,6.3373,9.9882,-4.9521,7.1021,0.6387,8.0504,5.6216,-4.9043,-8.2307,7.2541,7.2659,-9.8359,6.9323,3.9129,-2.7068,3.0482,6.9997,-7.4693,-6.1536,-8.6614,-8.9749,1.1089,5.352,3.7809,-5.4585,8.0685,-3.4129,7.1672,-3.0459,5.1365,-8.1741,6.8296,9.6182,5.1919,-8.5101,-6.8338,-5.6495,-9.7643,9.451,3.5966,4.2044,4.5619,-7.6679,9.7675,4.6057,2.2859,7.2714,8.4293,-1.3206,-3.2804,8.7668,7.156,-4.2878,-8.4191,-3.5012,4.453,2.1362,-5.9226,3.6492,1.2869,7.89,1.7048,8.4776,-8.0475,-5.8566,6.3186,5.8936,9.5574,1.3915,7.6828,-3.4407,-4.1009,-4.2943,1.7085,6.6489,-5.0238,-6.2854,5.8222,8.418,0.9254,1.8791,4.8849,4.8932,5.7743,-0.4505,4.1655,0.4933,-1.666,2.0989,1.7778,5.1915,-0.8214,-8.3645,3.1313,-3.27,-9.6513,8.9639,-7.2893,-3.2808,-1.5498,9.9819,-2.1528,8.0092,-9.0758,2.8291,-8.9005,3.3798,4.012,7.3525,3.3878,2.4869,4.5551,-7.7835,-0.4958,-0.7564,0.6909,2.3672,3.4414,7.447,-1.9976,-3.4321,-2.9382,4.886,-0.0465,7.9428,3.1948,6.5601,6.9499,-9.7584,-9.2961,-6.8998,0.3139,0.378,8.959,2.5509,8.4997,-6.9231,-8.6247,3.9032,-7.8089,-3.7596,1.0846,6.5143,-4.7878,-9.6766,-0.5323,7.507,4.7537,-3.4148,4.6958,3.9317,-2.8182,0.9331,4.6707,-2.1991,2.3928,2.1905,0.8075,7.8895,-3.002,-2.6346,-8.7727,-8.0439,-4.5564,-0.4639,9.213,-5.2214,-2.0195,7.3338,-5.1303,8.1997,-5.7974,5.216,4.4846,0.3334,7.5225,7.6432,-3.5394,6.0953,-7.1574
-8.1473,3.8853,-0.1958,-5.668,-6.6431,5.811,-5.5618,-4.4851,-7.014,-2.0413,1.7051,6.8746,4.6945,-0.0245,2.371,9.1485,3.0197,9.5259,-2.3274,4.7763,-3.6764,9.3227,-6.1493,1.3338,-2.8122,-3.6792,-3.4555,-5.1532,9.6755,-0.4026,4.3352,-8.7854,7.5892,-1.8953,-7.8781,-4.4995,-8.3386,-0.5545,-6.1185,7.1996,5.7187,2.2894,2.9836,0.0538,6.198,3.0187,7.6185,5.1177,-6.7558,9.0569,0.4481,-3.3232,-7.259,9.5677,3.1544,8.642,5.0456,1.5714,-1.3972,-3.6209,1.5184,-4.1603,-7.2911,5.1464,-4.9599,4.8716,0.2135,7.3233,4.9117,7.3327,-3.4807,4.8511,-1.5393,-0.7935,-1.2627,1.8382,-4.4292,2.9187,-9.0494,-2.9271,6.0361,8.9618,-4.1697,-9.8074,-7.4175,-6.5948,4.529,4.7401,-7.5356,4.8462,3.7496,2.4602,-1.1608,-6.029,-9.0392,-3.0962,-1.0675,1.9753,-9.6343,-6.6746,3.1634,-4.5412,6.8363,7.8752,4.8531,7.5409,3.4327,-7.1853,-0.6771,-0.5149,-9.3082,4.3061,8.6811,-5.347,4.3835,4.1173,3.3437,-6.8799,2.1202,3.7572,-7.3929,-6.6717,5.9811,7.1117,-0.5436,8.2291,-6.4973,-9.3905,-9.6399,-7.6453,-9.581,-3.2742,-1.2934,-2.7423,-6.5031,-6.2141,5.9986,1.9758,6.2192,4.4247,1.6635,-5.0315,-5.5964,-1.244,3.0962,6.7456,5.2274,3.2853,5.2456,7.2204,3.8383,8.9566,-2.7232,1.6923,-5.4982,-4.3036,-6.9432,-7.2791,1.4841,0.1839,3.0773,-3.9999,-9.2691,6.2939,0.7527,3.0077,9.2565,-1.2848,-1.9504,1.4461,1.2637,6.0084,5.4607,6.5474,8.0551,-0.2219,5.8608,-9.815,9.4346,5.8608,-3.4008,2.3674,-0.13,3.194,5.4647,0.6838,2.533,3.0739,6.5147,0.5207,-1.7483,9.1448,9.0383,-8.5238,-9.6008,3.0622,2.8058,-6.4615,4.141,-2.7271
3.6506,3.079,-8.083,4.5217,0.4395,4.4265,7.2955,7.2012,2.4207,-5.198,0.0485,-2.1865,9.1296,9.26,-6.4322,0.7941,5.9995,-7.5958,-9.6696,5.7171,6.7544,5.4733,8.3354,1.5402,9.5093,-7.4717,-7.5132,7.123,-0.5138,-3.3819,-5.5315,-4.7701,-7.6604,-0.4501,7.3847,5.8972,5.5272,5.0573,-8.5431,8.0786,9.8845,-3.7087,9.9885,6.9197,0.9761,-5.4941,-6.7562,0.1753,7.265,4.531,-3.7656,5.0619,5.5141,3.3022,-2.3364,9.2603,-5.6359,-6.5757,9.9459,9.965,-5.7491,-4.6904,2.5419,7.444,-9.96,9.3211,6.5003,8.7732,-6.5155,-8.5862,4.5805,2.9974,7.867,5.5054,-2.306,-3.9712,8.1702,0.1201,0.0495,-5.1339,0.9276,-4.132,6.0048,8.3124,-2.3977,-0.1748,-2.8174,-6.9177,0.253,-4.5796,-2.3428,1.7143,8.0307,-3.1864,-4.5112,9.0395,1.8811,7.4906,5.9129,-9.1346,5.4227,2.2171,5.9149,-0.3723,8.3992,6.2908,-8.7093,1.0126,4.465,-4.7866,7.7233,4.8164,4.2106,-7.6961,-6.8195,-1.9643,4.0292,-4.4525,-2.4295,-0.3129,-6.9928,8.1593,4.7791,-7.4545,8.6965,-1.0755,-0.6556,3.2931,0.6122,6.227,-7.387,7.6226,-6.7157,0.0026,-9.6279,6.6029,6.5225,-1.3825,6.8225,5.0339,9.8864,-7.3832,-5.5335,-8.3661,1.8539,-4.3289,-4.165,9.7662,9.029,-2.8741,-1.851,-7.5111,-7.4361,9.1278,6.6509,1.5326,1.7607,-2.6208,0.5741,-4.381,-0.5615,-7.5343,-1.957,0.287,-1.2492,3.627,2.1055,6.5487,-9.2896,-2.5945,-1.6241,1.4123,-2.1666,-6.0487,-0.3669,-5.7602,-7.7267,-4.0484,-3.5256,-8.4786,7.6015,9.4664,5.7998,6.2772,5.3519,-8.9242,-1.6803,9.5059,4.7362,9.8416,-3.2058,-3.4243,-7.2872,3.141,-5.6133,-5.4127,-4.7868,-1.8953,-6.6694,2.0404
-6.3297,-3.2282,-9.0906,2.3835,1.8298,7.1889,-8.0127,-0.7781,-5.6662,-8.4967,-2.1711,2.703,3.8198,2.646,6.9601,7.8772,-8.9074,4.8264,8.5014,0.6045,-9.7297,-8.1931,1.9448,-7.5667,7.1984,4.959,1.2776,-7.5616,-7.4022,8.739,9.307,4.6667,-3.7906,-1.5264,-3.9025,3.2111,5.0512,4.9398,1.5841,-6.2684,-4.7285,3.6363,-2.3582,5.2905,1.3893,6.9984,-7.3613,9.8554,3.6522,1.1076,-8.4359,5.4415,6.2764,-8.1768,-2.2828,-0.3291,-0.1086,-1.2388,-0.9025,1.429,6.2533,-8.8732,-7.746,-6.2701,0.476,7.0651,5.4899,-7.9349,6.123,6.5555,8.1851,-2.1983,-5.025,3.7863,5.1215,9.1734,-4.7102,4.5231,8.7992,9.5341,-9.0086,-7.9385,3.4681,6.7318,-3.7746,-2.3048,9.2291,-1.0184,5.1493,4.7014,-2.204,-3.8252,-2.5633,-3.9185,1.2079,-4.8294,1.6214,5.0112,-7.3191,-0.6036,-6.609,0.3643,-2.2642,-5.5371,-4.7626,-0.8966,-8.3907,4.7276,2.7231,8.8307,-2.003,6.8361,3.9543,-6.3315,4.2397,-4.1312,9.4529,8.5905,-1.5923,-6.2793,0.8675,-4.2137,-5.1631,-7.9131,9.256,5.5245,7.1074,8.7191,4.9523,0.8099,8.16,-5.5744,7.9036,2.5367,7.4622,0.3943,-6.0162,4.122,-9.6201,-8.3831,-4.8266,-8.5557,3.4307,-8.7108,8.68,-0.0436,-7.5329,2.4923,3.5006,-7.077,7.3924,-4.0058,8.3539,8.4099,-9.7829,-9.9905,4.5688,-9.1418,-6.5296,2.917,9.7012,3.6419,7.0912,1.315,1.9929,9.0449,-8.3455,-6.8032,2.9866,-2.8957,5.1307,0.447,2.8012,-7.7862,-0.7117,3.6376,-9.4014,9.8697,2.6684,2.5429,1.9693,-2.1841,4.1203,0.7177,9.7075,-5.1754,-4.9779,1.4542,7.364,-3.6563,-3.6627,-6.1464,-0.4629,-2.2663,4.9349,-6.921,4.9778,9.1824,-5.8901,-3.9331
