5.622,8.2196,-2.9221,6.6941,8.0737,2.9144,-8.784,-3.7434,-4.2012,-5.4774,5.5413,-0.9224,1.6188,3.6603,0.2723,4.2627,-6.4507,-5.6209,-8.6986,6.1937,0.596,-7.0713,8.5571,8.0666,3.2979,2.3609,3.7247,-0.2934,5.8461,5.306,-8.146,9.3832,-0.5609,-9.7375,-2.5078,7.032,-1.3973,0.3406,1.0138,-2.6979,4.2681,-6.1626,7.1071,2.3477,4.0188,-6.3453,9.8727,6.8254,8.7094,2.4089,-7.6925,-2.2727,4.2889,5.3118,1.987,-9.9835,-5.1237,-0.2042,2.1565,-5.9987,5.8643,-5.4582,2.112,-7.3545,-7.3679,2.3051,5.2766,8.3328,9.1376,0.3895,-6.261,-6.5811,-1.5928,-2.1735,-3.6006,1.7898,7.5501,-6.4975,-1.7426,8.595,-9.2475,-3.049,-8.4682,0.5646,1.1756,-8.8297,-8.964,1.3471,8.7435,5.7079,8.4223,-9.0368,3.4263,-1.146,8.0339,-9.2295,-2.6752,2.8648,4.1219,-3.8935,-9.4042,-0.2816,0.356,9.8204,8.1559,2.3425,-3.9588,-9.9053,3.4566,0.2834,-8.3139,2.4846,4.8938,-7.24,1.581,0.5111,-5.7687,6.9617,-5.8387,4.5869,-6.8379,-0.4865,6.9223,2.5056,-1.1165,-7.0374,0.3266,2.3695,6.475,-8.2884,-3.5552,2.6829,-9.9781,-7.7363,-2.138,-2.1485,-4.2221,7.4655,-1.1091,-3.8535,-3.511,-3.9475,8.3226,-7.4912,-3.7423,8.8313,-9.4617,4.2844,-5.6318,-8.2014,0.169,-3.6162,-1.436,2.9389,-0.2469,7.0239,-9.8797,-0.9084,7.3346,4.5261,3.5421,1.1304,8.7892,0.5173,-7.82,4.9329,9.763,7.1474,-5.8389,7.9342,5.4663,-9.8511,8.0868,-8.3966,-1.7595,-8.1315,4.803,-0.4962,-7.9113,5.063,-1.2334,1.0226,-0.6879,8.5911,-4.1686,4.5953,6.8126,4.949,-8.4468,-0.0774,1.5447,6.1857,-1.0089,3.0622,-3.5007,-1.2437,2.1499,9.1248,5.7873,0.7229
-2.9316,-7.9805,-5.1477,-3.8516,-1.1011,-8.8416,-5.4633,1.7734,7.9282,2.4443,0.1387,-2.2918,-1.4679,7.124,3.9389,2.8602,9.6238,-5.7307,-2.522,4.1012,-5.7006,4.8743,-1.1036,-9.505,-8.0807,0.3392,-9.1747,7.0419,-7.4372,9.3087,5.2229,2.4065,0.7171,3.0097,-3.8164,8.8254,-2.69,7.5352,-1.0084,2.8885,-3.4102,0.6103,3.0464,5.8149,8.596,-2.1485,4.5135,-0.9383,5.3053,0.7706,-8.2831,-5.8871,-7.7097,-7.5682,-9.8991,3.175,-1.1859,5.7037,0.4205,-6.6078,4.5103,-8.825,-7.3905,-5.4267,5.5039,-4.297,0.0038,5.0813,-9.903,6.9197,7.3205,-5.486,-8.4415,-3.4305,3.6155,-1.3819,-1.0359,4.641,2.0308,2.435,3.4242,-4.0148,-0.255,-7.8488,6.8119,8.3623,-9.4343,8.5424,4.3132,-5.898,-9.78,3.5372,5.6869,2.92,-1.6095,-7.6074,6.6057,-1.9376,4.7146,1.8109,0.1559,-5.6473,1.6932,-7.0908,-9.0974,9.0223,-5.3694,-6.1032,9.4854,-4.29,-7.4175,-0.3166,-9.2924,7.624,-7.259,-3.797,7.2219,8.357,8.8962,-3.2343,-1.3592,-5.2314,3.9644,-9.3144,6.7423,-4.9003,-6.5636,7.644,-1.1274,-5.0744,8.6593,-3.7358,5.8815,-1.3624,0.7395,2.5564,6.9442,4.3861,-8.5761,-6.5516,7.0967,8.8849,-7.207,0.8589,2.6516,-5.2373,0.7159,-7.0795,7.1101,-4.4385,5.8266,-9.2257,5.2685,-9.8824,7.4567,-2.525,8.6941,-5.3186,7.7758,5.035,0.2333,5.5044,8.0801,1.8514,1.7451,-3.7451,-9.9586,-2.605,-2.7074,-8.6141,-1.2159,-2.8214,-2.7593,-0.178,1.1198,-8.9142,2.8421,4.1122,-0.855,-8.4247,-8.5101,6.5837,-5.3852,8.2526,6.458,-7.5412,-7.9525,-3.8527,-1.5314,9.8673,-9.9131,-9.4681,7.2012,6.8678,-0.4765,-3.557,-7.0937,-6.5118,-7.6849,-7.6987
-2.4682,1.5951,5.5845,6.9482,-3.5065,4.9504,-2.503,-1.4106,2.965,9.408,9.1809,7.4228,5.1779,8.7295,-6.6329,2.4597,-7.4496,-9.27,3.669,-7.6545,-0.4816,-7.5473,-4.1027,0.6379,4.2405,0.3513,2.198,0.6537,-6.9994,4.4412,-8.4489,-8.5704,7.097,-9.3888,-6.4437,7.7613,-1.1735,9.6883,-5.6093,-6.9283,2.3889,9.9131,4.6504,-6.5269,-6.1949,-3.3361,-3.5425,-6.9589,7.0254,9.2804,6.6314,4.5455,9.0586,-0.0534,1.7679,-3.1729,-8.0509,-1.24,5.1068,-3.0748,2.1759,9.0632,-6.9445,-4.0604,1.4655,-2.9548,7.6378,2.9909,0.7977,2.595,-2.9624,1.8547,-2.3215,4.5591,5.6214,3.836,-1.8955,-8.2516,9.6592,6.6325,-4.8052,4.9569,-4.2137,-5.1022,7.0082,-5.3025,-6.038,8.0847,0.184,-6.4268,6.518,-1.894,-9.7834,0.6146,-6.511,8.0444,0.4085,4.8132,8.1282,6.6117,-6.3549,7.1515,-5.0184,-5.8662,0.0543,1.1868,-4.5985,7.8298,5.0496,2.389,4.701,6.0523,-0.0016,5.1602,-5.8551,-7.2487,5.17,6.6188,7.9126,6.7692,-6.6585,9.3947,7.4415,-8.8024,4.0473,9.5804,-3.3229,7.2529,4.8536,-4.6309,7.0098,7.3599,3.3028,8.5432,-5.8041,2.4986,-7.2187,3.5055,3.1289,-8.0661,-9.6756,0.8755,9.1903,-7.6077,-9.5058,6.1352,9.3559,9.1789,5.6418,6.0874,-1.5914,-4.9109,-6.9946,9.4094,0.8803,2.865,6.8046,-6.8745,-1.2485,-9.3039,-9.5355,-7.9176,1.4427,-2.3982,-9.3853,-8.9717,-1.4065,4.6946,-8.2879,-7.0881,2.5942,-6.4273,-1.8747,5.3135,-8.9775,5.4339,-9.1803,-6.3169,-3.8831,-6.6288,7.6801,7.4444,-3.7234,-6.0645,5.9325,-2.4587,9.2262,-7.1209,9.3608,6.7588,-9.3316,-1.6055,5.1071,0.542,5.3462,3.2447,-8.7683,5.4719,-5.223,1.054
-7.1581,-2.5938,-8.9531,5.4091,8.7224,8.0736,2.9149,5.7901,-9.4886,-0.0891,-4.9217,8.9606,-7.9029,9.0345,-2.4507,-6.1081,5.3584,-5.8126,-7.7301,-5.594,-6.2248,0.7872,6.9351,-2.4331,7.6676,1.8109,-5.5974,3.4138,-7.3957,-1.3877,-3.7769,-6.8715,-8.2715,7.1494,4.0643,8.555,0.719,7.1513,3.9323,9.3994,7.5298,-0.387,-0.7308,-2.139,-2.1171,-3.9884,6.2395,6.4327,-1.1075,-2.9477,3.6067,-3.7836,5.0464,8.263,4.4687,-5.0011,8.6137,8.5674,-0.4857,9.1859,-8.0519,1.1605,-8.8114,6.7373,-9.3776,-5.4598,1.7971,-9.0667,-8.0862,0.2552,-4.5822,-8.6574,-6.4617,-5.7694,5.6729,9.5052,8.594,-6.6111,-2.0576,4.0129,-0.7484,1.1254,-8.0119,-9.9008,-2.7467,4.0611,9.6187,-3.6237,-8.8791,-6.1392,6.8827,-6.3343,-2.9445,4.8902,1.3329,5.4732,4.3315,-7.1622,9.3331,8.5562,1.7949,-3.7006,6.19,-7.0843,1.4132,-0.2118,8.8272,4.9361,8.2364,1.7505,9.4116,7.976,-5.0164,0.0818,-9.5857,-9.7892,6.2201,0.2214,-5.6421,5.9879,6.5601,-1.6307,-4.961,5.8974,5.1752,4.9911,3.4317,-1.1208,-7.6636,-6.7573,-4.3565,1.8218,5.813,6.483,4.7457,7.9148,0.9327,3.4045,6.5243,-6.3766,-1.6738,-2.9747,6.095,-2.7528,-7.7218,-0.4419,4.6854,-5.0642,-5.1594,-6.7337,-6.3872,-3.0372,8.8433,6.6771,6.4665,-5.1113,-6.4838,-9.5725,-2.0515,6.8428,-7.8682,8.1039,-9.5965,5.0229,-5.3658,-2.6992,-7.4478,-7.0478,5.9703,-4.9078,3.4218,-6.0031,-1.5517,7.0405,-0.6273,9.418,9.4961,-1.809,-3.4663,-2.8353,3.7872,-5.6721,-4.1191,-1.6723,-5.0866,-9.7692,-9.136,-1.7849,0.1447,0.7035,-2.6585,5.6582,1.1161,-6.56,-4.7768,-1.4331,6.0249,7.9387,-4.727,-2.7662
2.1066,-2.3238,3.818,7.219,3.1051,3.221,3.63,-9.4873,3.729,-7.7529,1.5941,8.2802,-1.4328,7.7909,-2.636,4.44,5.2102,-8.1481,-7.5392,-0.323,5.6121,-7.3571,-6.5583,9.2184,-6.3276,-0.6527,-4.7629,0.5994,3.9703,-3.4781,7.232,8.4146,5.1502,-6.5977,4.7097,6.2054,-5.8732,-7.1481,0.963,8.1198,2.5449,8.012,8.2761,-3.7801,-1.5919,5.7955,6.8511,5.1024,-5.6145,-6.4336,4.8019,-5.2121,4.4038,-3.4165,-1.9274,9.6074,-8.037,6.7727,2.7048,4.884,5.0437,8.7427,-6.8062,5.4911,-0.6758,2.495,-3.3646,-8.3515,-6.0785,9.0583,-4.9567,-3.4832,9.2105,-3.6607,2.2058,0.365,-9.2489,7.9384,3.6571,-6.6017,8.1863,-5.3672,0.3439,-8.6681,6.4997,-8.6455,2.6635,-0.2084,-5.0137,7.257,7.1037,-0.9229,-4.4899,2.693,-3.0069,-5.823,6.0317,-5.5844,1.3852,-1.3263,-0.3996,-9.9219,6.2761,-8.6486,8.4298,-1.0438,-7.3765,-9.7235,4.4047,-8.5185,8.3457,9.0399,9.6406,-9.9473,-6.6454,-8.3216,9.7245,0.1175,5.7755,5.9631,-1.0895,1.6126,-7.6056,1.4161,1.2857,-4.54,4.341,2.0793,1.2001,-1.1865,-7.3772,-1.2506,1.7572,-4.5672,-6.0365,-3.1051,-9.8854,9.5852,-8.0005,6.5838,-0.9546,7.0365,8.6769,-6.3873,-8.0043,0.2372,-1.8194,-3.3664,7.9214,0.6322,-7.5926,9.7343,5.8765,-3.0627,2.4081,5.6604,2.6805,-8.6905,-4.2789,-6.2612,2.1667,1.5635,8.0186,5.7814,9.3052,5.4113,2.848,4.6909,8.4109,2.4615,-1.5718,-5.6202,3.3856,-9.6224,-8.4437,4.9562,-4.6973,0.9441,-2.5084,3.7713,-1.3613,6.1682,-0.7426,-3.4687,1.6016,6.905,-5.6123,4.5817,-4.6669,8.6224,-1.8068,-6.4649,9.3951,8.0928,0.8079,-4.8539,9.3434,0.906,-4.9986,-0.9016
1.2296,-3.6932,-2.1793,-4.0254,8.0381,-7.2136,6.2974,5.3951,4.1849,2.5583,0.4964,-4.8038,-8.8736,-0.3364,-0.392,6.3121,1.5797,3.0666,-1.9165,-3.1202,9.1154,4.1753,-0.6513,-6.6546,-0.4918,2.2934,6.7425,-7.6985,-3.154,-4.7215,6.7071,6.6167,8.4027,5.0734,2.6931,-4.5148,3.4032,-4.1226,-1.7494,2.9185,-8.4035,-7.0498,0.1653,-9.9941,1.3232,4.9326,-8.5973,0.7967,5.4031,-0.6319,6.3562,-1.1955,2.5455,1.1275,5.6782,-8.6266,1.3802,7.9972,3.6508,6.8016,4.3216,3.2111,-7.0825,4.333,3.5791,-3.4904,-0.6643,-3.8667,-2.5932,0.7447,6.0803,-0.6891,2.2377,-2.4289,8.7397,0.1408,0.439,5.698,-1.464,-6.6018,-7.1815,-9.9569,1.1777,9.6317,6.846,9.2082,1.6123,7.0311,-2.5979,-2.2861,9.6282,4.549,4.4454,-3.8453,6.1978,3.7265,-7.1086,-6.075,6.1908,-1.9328,2.2886,7.3559,1.4863,-9.849,7.3414,0.618,-1.2673,-7.5027,9.085,6.9257,-9.8065,-4.7775,1.9096,6.0867,-7.3876,7.2276,-8.5766,3.8356,5.5626,6.6986,8.368,0.9618,-3.5152,-6.926,8.0488,1.4269,-5.8598,-4.1686,7.4164,8.827,9.4736,-5.7837,-2.5889,9.4114,6.1361,-5.5744,-9.6928,1.5718,-8.7623,0.4553,6.5279,5.1396,8.0041,-6.4453,0.1049,-5.3362,9.414,2.0047,0.7007,3.5812,-0.4699,-1.8982,3.2166,-4.0196,7.2996,-7.2853,-4.4696,2.8756,5.5995,-8.8036,-9.4142,-6.7466,-5.0712,-6.5016,2.1247,4.9865,8.6145,4.7394,4.1829,2.0739,-4.2351,1.8713,-4.8866,3.8329,1.5611,-0.0978,1.4732,-3.5037,3.35,6.7125,5.1068,6.6316,-7.1643,-6.6272,4.9494,-5.7541,-9.7487,9.0551,9.4425,8.4929,1.638,-5.6239,1.5685,7.661,-1.9578,-8.0913,5.8023,8.068,3.8513,-3.0174
-6.5737,1.1281,9.5889,-1.2258,-2.9777,-7.0372,-1.3062,-9.2178,-9.6631,5.5025,3.3144,-0.2038,-1.9438,5.7695,-9.9726,-9.1826,5.7767,-1.0126,5.067,5.8018,1.6776,1.9168,-3.3887,-2.4167,-3.323,8.8608,-9.2728,-0.0373,-5.0451,9.4048,9.5233,-6.1197,3.6436,5.0624,8.6782,-0.4571,-9.1164,1.8251,-5.9485,-1.1818,4.2698,8.5486,4.4712,-3.3257,6.8636,-0.6648,-9.1426,-1.1181,-0.8592,-6.2813,4.0129,-5.2084,-4.3163,4.6427,-1.3542,-9.7238,-2.5842,9.0176,-2.8505,0.7497,-4.4736,-5.6507,-8.1268,-7.5504,-4.3952,3.5753,2.3541,-8.5914,4.1047,-7.1179,3.1358,-7.5266,3.1115,-3.7208,-9.4513,6.3661,8.7033,-7.1,-3.3436,9.2588,-9.4967,0.1854,8.2729,-4.6759,9.8685,-6.9046,-7.7388,2.2581,-1.7691,4.9025,5.5229,-6.2392,-7.1736,8.5784,7.309,-2.7953,0.1751,9.7684,0.5625,9.686,1.182,-1.7078,8.2622,-0.9556,-1.4316,-4.4574,-8.202,-9.8971,-1.47,-7.0103,-3.1455,-2.1322,-6.6616,-0.9132,9.6028,-1.662,-2.1892,7.6062,-9.7811,-5.1427,-6.9115,6.009,4.7794,5.2774,-9.2099,8.0119,3.7915,2.5704,4.583,4.6981,-0.062,4.395,-4.7321,2.0717,-3.941,3.2399,-2.9925,3.0575,-9.0884,-6.8907,3.6783,-9.9439,-5.2006,-4.0455,3.6232,-3.1101,-3.1081,-1.9319,-0.7285,9.0118,5.0534,8.7697,-4.7556,6.5881,-1.2001,-5.2069,3.211,5.9652,-6.1137,9.7732,-7.7376,-1.217,7.0634,-0.2171,9.4142,-8.8462,1.5093,5.0645,-7.4952,4.4102,0.8506,2.2971,-8.0195,3.0105,0.5157,8.7737,7.3888,-0.9596,8.2314,2.2689,-2.7203,2.354,5.8825,-2.1903,2.6996,-3.344,-7.4299,-6.2055,-7.7924,-2.7924,-5.7108,9.2438,6.9227,-0.0267,-4.4984,1.5507,-6.6763,-2.4723,6.4128,4.9734
-9.3395,-6.3974,0.0539,-8.5142,-2.0633,1.7245,-4.3942,-2.994,9.8272,5.7293,5.5975,-3.344,-9.552,-3.312,2.8779,-6.7374,-7.5798,-5.4661,0.4308,-0.904,0.6033,8.474,1.3056,2.4358,-9.7122,-8.6565,-4.3988,-2.0446,8.4165,4.3872,6.4471,7.8828,-3.1116,1.7839,-3.0405,9.833,-3.1853,-1.8145,-7.6721,8.3338,5.1809,2.8734,3.0307,-2.4488,0.5687,3.0784,-2.7682,-3.8417,7.6053,-0.9643,-8.9408,2.8506,-1.8742,-6.7386,-3.6674,7.0468,-4.6795,1.8674,6.2043,8.8797,-9.6816,5.2887,-3.2466,-0.5269,2.7551,3.6079,0.5303,-7.3442,-0.0841,-4.4254,0.9692,-5.6144,3.3367,8.4024,9.9514,-5.9106,-3.3249,0.5411,-4.3262,-3.0308,2.2573,0.2653,3.7301,-1.925,2.2951,3.1289,-6.7554,4.575,6.8624,4.3801,7.3948,-4.7733,0.4774,8.7254,-8.3303,5.3218,-3.8405,1.5769,-5.9667,9.9814,8.7666,5.0506,4.612,-0.6439,3.6958,-9.1139,-9.1355,0.9919,-2.8959,-5.8112,6.7962,-3.306,4.6538,9.9425,3.4614,-1.7182,7.6903,5.9588,-1.0285,0.1448,-6.7059,2.7065,2.755,-4.2943,8.6462,2.8932,-6.8754,-5.88,-4.2635,-6.3009,-9.9256,2.2264,-0.4229,-4.8912,-6.8663,-9.2648,6.9669,-9.0288,-7.0002,-2.8466,9.2259,-1.5886,2.8131,-4.1422,-5.8336,5.15,-6.9347,-1.5322,4.1191,0.1696,2.6537,5.2801,-3.4073,-7.721,-7.5383,-5.8479,5.0968,1.9311,7.1528,1.886,3.5733,4.2081,-2.1056,8.9665,0.1731,-9.4538,5.4336,-3.9272,8.1376,-5.1723,-4.1318,5.9908,-3.065,-5.4281,-6.4014,8.4397,-8.6405,-8.2351,-9.6493,9.582,3.6555,-1.856,-1.2595,4.8465,5.2209,-1.3459,-1.9575,-7.034,5.8057,-3.8015,-9.7063,3.4342,8.0285,-4.3063,-7.888,-0.7865,2.0198,3.6794,-2.6099,-3.1807
-8.364,-0.6693,7.7938,5.5608,1.8413,8.8678,-2.4654,3.8299,-7.6313,-7.5555,9.7524,5.0033,-9.1793,2.2561,2.8445,0.2736,2.585,0.2856,8.6081,0.1745,5.5033,9.9564,-4.0188,-9.7907,-7.1837,8.6916,8.2759,3.0067,-7.8814,6.3013,-4.1453,-4.0093,-4.9748,-1.4335,-3.5993,-8.1899,9.4603,-3.0358,-2.5334,-2.8615,-0.4551,-7.4445,-8.2428,4.4246,-9.1866,9.1905,9.7055,5.15,2.3895,-2.7846,-6.5469,-4.8271,-6.086,-1.1662,-9.7091,9.61,0.0209,-6.4237,-7.4923,8.8477,5.5152,8.8067,9.5921,-3.6127,8.6263,-3.6497,4.543,-2.2141,3.5874,0.3054,5.0022,4.1992,-9.1994,1.1952,0.9168,6.7195,0.1508,5.0059,6.7193,7.033,-6.1734,-4.6298,-6.7334,-7.9108,-8.121,-7.9717,-1.6495,-6.3278,-2.5787,-7.9224,8.7457,8.9694,-6.3175,6.8038,0.1983,-5.7252,-3.6847,7.5151,-5.2764,9.5673,4.5812,-8.3025,3.4988,-7.9992,1.1285,1.9815,4.6976,-0.6048,-7.3845,6.2083,-2.9587,-1.652,6.119,-7.4588,-5.9296,6.7862,7.1959,-9.0848,-0.9945,-9.725,0.4746,0.3671,-6.8571,-3.3321,7.8099,4.8624,1.1253,-3.7177,3.0747,2.5166,6.9516,2.5217,8.1152,-8.5604,-1.5224,3.6508,4.125,1.6391,-9.6968,5.1901,8.4876,8.8803,-9.6809,-4.5539,-1.9066,1.6272,8.7477,7.305,-6.8665,8.7559,-5.0707,-9.9303,9.4319,-4.1499,1.1239,-1.4321,-2.1447,9.2926,2.4901,4.2097,-0.8205,-3.2846,7.6339,2.4505,-6.7377,3.8652,-6.9095,-4.821,-7.6933,-4.288,7.2598,-7.2602,-2.0716,-9.9469,4.7653,2.3719,-1.2167,-2.6535,-3.2709,7.2969,5.9385,2.2287,4.4152,-7.2249,5.9058,5.0593,7.3879,0.0748,-0.7349,-4.273,2.7465,1.2661,1.4539,-8.3939,7.509,3.1566,-2.854,-3.2421,-9.2335,-9.3371
6.7501,-7.3862,4.2938,2.728,4.2789,-7.4083,-9.674,-0.0737,-3.8132,5.9435,-4.3358,3.6813,-8.7831,-6.8309,-7.3702,-5.4642,-0.8399,-1.6285,-6.8018,1.7816,-3.6353,-7.437,-0.6178,-5.4172,-5.7874,7.6965,-1.4331,-7.8925,1.8938,0.4071,6.2355,6.7208,3.572,-2.5863,8.205,0.4326,-3.9614,3.9518,-0.9643,1.3964,6.1233,5.8736,-7.466,-1.4408,8.5477,9.6555,-9.6511,9.8646,-4.2811,-6.446,3.7468,-9.9519,-3.3481,5.4379,-0.0717,-7.7826,-1.3136,-4.8204,2.5654,6.2456,-3.8934,-5.387,4.3609,-7.7036,8.1795,-6.3937,-4.5495,5.8363,-9.7818,-5.4217,2.7278,0.2579,4.9013,7.847,-1.5021,5.6274,-7.8821,2.8103,-7.4687,9.0977,-2.5705,-4.4142,1.0469,-9.8354,7.0199,0.4263,3.7422,-4.2025,8.7471,7.0648,0.5757,-3.6157,-3.5778,7.2025,5.3847,6.8609,1.0064,9.3843,0.454,-3.9946,2.754,-9.8917,-3.0949,5.1748,-5.6056,-0.321,4.609,-0.7716,-3.6347,2.3637,-6.6328,-2.797,6.4261,4.4842,-4.9947,-5.9754,-8.4692,-1.6696,1.7111,-9.0155,-4.8819,6.0694,-0.3987,6.3013,2.3994,7.9231,4.2966,0.9617,8.7196,-7.0454,-3.7721,7.0892,7.7112,0.4895,-2.1968,7.3499,-5.5684,-8.8547,-4.9401,9.0533,2.8461,1.3007,-4.6954,5.3859,0.2622,1.2608,8.7013,-7.1554,8.1908,1.7237,-1.9822,-0.7603,-8.8632,0.5296,7.7024,6.8516,-5.9783,-3.6432,-0.5953,-7.0325,-0.3451,7.3749,9.2007,5.8883,-7.2108,-4.6873,-6.3552,8.5825,9.8179,9.0279,0.6191,7.0906,-5.3604,-7.2702,-3.7736,5.1739,5.1324,1.2654,6.5823,-7.9155,-9.2819,5.416,4.756,4.6192,-3.665,-0.0855,-8.8797,6.5619,2.1426,4.6853,6.5358,1.0861,9.6897,-4.3335,-8.3984,-0.5284,-7.5748,2.3951,-4.5466,-5.4144
8.568,2.3596,9.0689,-2.4536,-8.4595,7.5721,-0.6454,-1.1079,-9.7539,4.6644,-4.1762,7.9421,-4.0583,0.2036,9.8558,-9.0096,3.867,-6.5685,0.2645,-6.1686,-6.1721,9.9968,-8.4368,9.2764,-5.0232,2.868,6.0705,2.6026,0.1647,-1.9195,-2.2973,4.0406,0.1079,8.5114,3.5847,5.0097,3.6499,-2.5941,6.0197,6.1762,6.1997,-3.3498,8.9012,-7.5159,-0.2328,3.0724,-5.1816,-4.1845,-8.7579,3.0301,2.5856,-2.9566,4.887,-7.8559,0.2941,-1.3693,-8.0254,-8.0393,9.1867,8.9792,-1.1991,7.4596,-1.4819,1.3888,-3.0489,2.8961,3.0186,4.5989,-5.6843,-8.3128,-3.0698,4.1571,0.2282,7.8094,-6.4459,8.9932,-9.003,-7.0524,8.0371,8.7442,8.3002,-4.0011,-4.8908,3.8856,9.0871,-9.1873,-5.9481,3.6116,-9.3974,9.7305,-0.3256,-8.7751,-2.6373,2.6315,0.4405,-3.8959,7.865,-8.9302,6.4672,7.2899,3.0255,-4.5874,1.0917,5.823,4.2357,6.905,2.4836,-5.9269,-8.8052,4.4039,-3.6974,-3.1511,-6.7634,6.8507,-7.8056,1.2138,-9.8063,-4.044,3.3843,-8.6141,1.713,8.0097,-5.5732,8.2917,-8.1408,-1.0313,-9.731,-2.0503,-5.6569,-9.3725,7.9045,3.6268,-0.6625,-4.3344,8.3511,-7.3003,-8.0263,-3.7986,-7.4406,-4.3163,2.0576,-7.9178,5.9923,7.8239,7.6351,8.2044,8.7391,-9.0259,-8.7697,-3.5008,0.2587,7.0914,-9.7631,-1.8876,1.6825,-1.0711,-5.2194,-6.229,-8.5459,-7.6185,9.6143,-6.3597,-5.0158,-2.7635,9.8214,5.5775,7.764,-3.6903,9.1463,-3.1456,-1.6723,8.004,-2.4972,5.959,-9.7364,9.0972,-9.9332,-3.9994,7.0055,7.6237,-9.4605,-3.7933,9.2713,-8.4849,-3.406,-7.4432,-3.6998,-4.4621,-9.0617,2.3695,-2.1408,-0.1462,-0.989,-4.4654,-7.6028,-2.0715,0.0144,-6.7001,3.2864,-9.335
-9.6936,-7.8495,-0.9281,4.6371,3.9341,2.4188,-9.1581,-3.5758,1.0409,6.2208,-2.4983,-2.9783,-5.9833,-4.4238,-2.6299,3.5566,-9.496,-3.8339,8.2616,6.2388,-0.2464,-5.3695,-6.5679,1.8362,3.4837,0.108,3.3002,6.385,-8.7164,1.9991,9.4359,8.9374,-8.6886,9.7614,4.9659,-7.867,0.194,-0.5459,6.3588,-8.662,-2.795,5.1337,3.2489,-2.7359,5.0126,-2.5136,4.9565,-1.8377,9.5084,-4.5068,4.0827,-2.0011,-2.6283,8.9131,2.149,-6.3123,6.0307,6.3813,9.6307,-5.5316,9.4106,-6.2859,-0.226,8.9713,2.6808,7.3137,-2.6118,6.7009,-1.3199,-9.4254,-2.4443,-5.8053,9.0152,-1.1952,-0.2089,4.3256,8.2723,6.9161,2.3986,-6.7997,2.954,5.2861,-4.6212,6.9704,-2.5096,8.4998,9.1572,-8.1749,2.2525,-9.2492,6.9068,3.6507,-5.4204,-8.7623,-6.9884,8.5373,0.0747,-1.7897,-2.7303,6.9804,-5.947,-7.0866,-0.2879,-2.5312,5.1452,-0.6953,4.2814,-6.0488,7.0546,-2.5576,-2.009,7.1591,-6.8463,0.9835,-0.5938,8.3329,-9.5403,-2.3996,7.5593,-5.5164,-2.2175,-1.6186,6.4259,-1.7214,-4.8928,0.8647,3.391,7.0839,-9.0848,0.3438,1.8857,5.9199,6.7623,3.1661,-6.2859,-1.6703,-8.2685,0.1545,5.8246,8.6736,-1.3393,-2.6899,0.8648,-6.9152,-4.4216,-5.9025,-4.5011,-6.5224,-4.7627,-9.4785,2.6187,-7.947,-1.7387,-4.9576,-8.2008,8.6128,-1.8079,2.564,6.1993,-9.472,2.5992,-4.4234,-4.8653,-6.4049,-0.006,-6.2608,-4.2378,4.3847,9.4406,2.5931,-6.6894,2.58,-4.962,-3.9461,8.4741,-7.0965,-0.0375,1.6473,4.3009,-7.0231,-6.6607,-7.2047,-6.5395,7.0071,1.8736,-4.1265,-5.4949,-8.3248,-9.8349,-8.8321,0.68,3.5345,-7.0938,4.0522,4.7141,-1.5768,1.8336,8.5417,-3.8901,-7.8596
-8.2273,-3.0338,-8.691,1.7257,3.8882,-8.1955,0.0638,4.9982,3.8127,-7.4293,0.1097,-6.4742,0.8201,-4.7484,3.33,-7.9786,-0.9109,2.7447,5.8635,7.5129,-8.7222,-0.5271,1.5822,-4.4004,5.655,4.9213,8.7394,-1.8831,9.2097,6.3883,-3.7055,9.1337,-3.8947,6.6243,-5.4675,1.2818,-3.827,9.2536,-2.9689,2.0728,-9.1793,0.2768,1.2476,2.5032,8.7669,-0.2448,-7.4671,-9.1518,-7.9441,-9.9468,9.6425,-6.1619,5.7371,-4.1942,2.2941,-8.3119,8.622,-4.9151,5.0543,-4.4599,-4.9991,-6.2816,-6.5208,1.0475,-7.8823,-3.5067,7.0145,0.229,0.3834,-9.314,7.6365,-7.8415,4.8549,-0.1268,-6.1745,2.812,-5.3518,7.16,5.4458,4.1021,4.8845,-9.0803,0.246,3.7387,6.38,-4.8157,-3.505,-7.7421,6.355,2.4995,-5.4427,-9.269,-0.4241,-9.5187,8.8179,-3.5993,3.8903,-5.6573,-4.2813,4.9555,-0.3187,-8.97,3.2146,-4.0171,-3.5793,5.2443,-4.7452,-5.989,-5.8559,-8.5648,-4.9733,-6.045,-5.7615,-6.2601,-3.7138,-3.6812,9.5505,7.1066,8.8437,4.509,-7.6691,8.2017,4.0312,-3.5716,-4.6958,-2.3747,7.1762,4.1755,6.9968,-5.1424,-6.1467,-8.678,0.2744,6.8762,5.0743,-7.5065,-3.6748,5.2977,0.2608,6.034,3.8438,-3.2827,3.9814,5.8235,-5.5901,-7.1356,1.2851,5.9653,4.1814,-2.1511,6.4373,3.405,8.9561,-0.892,-4.0688,-3.1701,9.4905,4.3413,-8.0031,6.5741,-1.8823,5.4963,9.6865,9.7099,-8.6799,3.1562,-1.5909,-5.1254,-9.7808,-3.8365,-4.1828,-2.6233,-1.7616,-5.0845,9.3228,-6.8387,-2.335,-4.7915,4.1613,-1.0197,-4.0272,5.7774,-2.0376,-2.6758,-6.3756,-8.7748,8.8721,5.1208,3.307,6.7053,3.5516,-0.5942,7.4721,-9.2213,-2.6009,4.3156,8.8393,-3.8494,-1.3659,3.2221
-5.5876,-0.3136,-0.4993,8.2505,-6.647,-9.9479,-8.779,2.3915,-6.3551,-3.51,9.8028,9.3957,0.3137,-6.3384,-6.8981,-7.561,7.244,-5.6057,-2.0405,9.5452,1.0811,2.0048,-3.3699,-3.7667,-5.8371,5.972,2.2272,0.2308,0.8866,-4.3854,-3.0422,6.0161,-6.441,6.6057,-4.5087,3.0515,-6.9516,-1.2433,-3.7148,-5.9951,-2.5174,-5.5326,4.8407,-6.4571,7.2744,1.3658,-6.5328,-5.344,-2.1621,-3.4902,-3.4087,4.5358,-7.1454,2.1812,1.8124,6.4147,0.7888,-7.6121,-0.4145,-2.9518,1.6346,2.4956,0.8259,-3.928,-1.9607,-7.8217,-2.179,3.3275,-2.5075,-8.6897,1.2897,7.7527,8.0442,7.5041,-7.3321,3.4858,0.5703,4.3591,8.4073,3.8243,-5.4791,-9.954,-1.5792,8.0838,7.581,-4.8795,5.1686,-6.3107,-5.1156,-1.7146,2.728,2.4255,-6.2252,-0.8336,-9.6197,-7.4518,5.2371,5.5907,8.5209,-7.1041,-8.3899,-6.368,-9.3805,-4.2511,2.6787,-7.4956,-5.8116,-0.3549,7.1747,5.1092,2.5534,8.6807,1.1433,1.7399,9.567,-2.3328,-1.8691,9.8239,6.7751,4.853,8.8224,3.094,-8.8365,0.4072,-6.5274,-9.4168,9.4331,4.516,5.4389,5.8141,9.1991,-1.3558,-8.4279,4.1303,3.6903,-4.7602,1.4295,-6.3271,-4.4729,-2.7003,-6.1381,3.3251,-8.0238,5.9621,0.3415,-7.5025,5.5409,-6.9865,8.6749,5.8994,1.8701,-3.879,-5.1966,3.0018,-2.3602,5.6735,2.248,6.6774,0.4166,2.2855,2.9326,8.5369,5.0587,6.2401,-6.222,-2.931,1.9799,1.4739,-4.7975,4.1226,6.5429,1.9244,-0.048,5.5396,0.6068,1.452,-2.1709,4.3725,6.3974,8.6632,-3.182,1.8623,9.8324,-6.555,7.4847,4.4099,1.5598,9.0365,8.2178,9.9623,3.713,8.2094,3.6617,8.1436,7.7996,2.4457,1.568,-9.8859,1.4187,-3.8004
-9.5434,3.8489,6.9944,-5.7883,2.8582,-7.0198,-7.5701,-8.2444,-7.6466,1.2198,-6.5315,-1.9391,-3.2129,-3.616,5.4857,3.1951,4.8804,-8.649,4.6301,3.2749,-9.5462,2.8977,-7.0032,-9.1462,-3.5058,6.4963,-7.0076,1.3011,-6.3522,-5.5004,-5.5116,8.6199,-7.15,1.8,5.9892,-5.7083,-6.7544,3.054,-6.6068,-2.735,2.0865,-5.4131,5.2264,0.1772,-2.859,-6.9073,4.279,-8.6047,0.6502,-4.6012,-0.4877,-5.4669,-5.242,2.7805,-2.6166,-1.6576,7.4401,-8.6483,8.5048,-0.8554,-4.0319,4.4788,9.9249,-3.4827,1.89,-7.3377,-1.8052,6.4804,1.7562,-0.9117,-1.3499,-2.6078,-4.3036,-7.8167,3.3311,5.0427,-2.0222,-4.7156,0.8369,-2.8615,-1.9828,7.7161,4.0915,-8.6722,-6.3791,-9.9639,2.8487,4.6274,-3.5793,-1.9178,7.2039,-8.2165,9.5925,-8.2084,1.2185,-1.8844,7.8476,2.1182,4.2833,-5.848,8.7646,1.559,6.522,-7.5063,-6.3602,2.1081,8.1576,1.075,-2.3835,-6.6316,8.5586,4.3137,3.0111,3.222,7.2212,-4.7429,-4.0704,-6.1139,5.1288,-5.5343,-7.0895,-3.7618,0.8587,-4.2532,-4.8649,-8.1745,7.5313,-0.2303,3.2426,4.8307,6.2005,-5.7845,-7.9347,6.6707,-2.6619,0.7757,9.8878,-7.1999,5.3953,8.1439,-4.8838,0.0318,9.1414,-1.5174,-5.9408,8.15,-5.501,-5.4076,1.652,3.8496,-6.8857,0.6734,6.4473,-5.703,-7.2517,-3.1374,-5.8643,7.4809,7.5538,-1.2845,6.946,6.8215,-0.7764,5.9493,4.4544,-5.3731,-3.9823,-5.9629,5.0698,8.3286,3.2387,-0.4964,-4.4877,-6.7489,-4.421,6.0988,1.1479,1.7224,-1.2369,2.6678,-4.4342,-4.4899,-4.0383,-0.8547,-9.1787,-5.5699,-5.0313,0.3948,4.5975,8.3093,-7.337,-7.4774,5.3818,-4.3189,-0.3193,1.6637,-3.209,7.0949,-4.7219,2.9062
-9.6636,-6.1292,-6.8986,4.5411,-8.0923,4.3393,4.0078,-3.0157,-3.9001,-1.0885,-2.7667,-9.0557,9.8863,-0.1585,-1.5433,-2.1499,2.0082,-5.8845,0.9532,5.1546,2.404,-9.4236,-6.7959,-5.9739,5.6352,1.0388,-7.0383,-8.6489,3.7633,9.915,7.4344,-2.9294,-9.3944,8.3425,4.007,1.4539,2.5402,8.1016,-6.1577,3.4342,9.472,-1.679,-5.0199,6.2882,-9.9738,-3.725,7.6911,0.8985,-6.8923,8.2784,-7.3336,-5.146,-8.3101,9.534,-7.9028,9.8378,8.3073,-0.6265,6.6193,8.7295,-5.3052,7.8591,3.136,0.8394,8.6531,6.7305,0.6342,-6.6605,0.781,-9.0282,-4.4629,-0.9777,3.3497,4.5299,-2.5017,-6.9256,8.2064,0.1024,-8.0906,-2.6059,9.4959,2.191,-3.9815,0.0179,-0.1495,5.8728,-1.4325,9.1613,-6.7491,-5.5106,-8.5163,-5.3302,6.2334,-4.2436,-1.6951,-7.0819,0.574,5.82,8.6953,6.2139,-6.0638,4.1519,4.0604,4.8659,4.4675,0.7826,4.6965,4.2258,-5.0495,9.1363,-8.7157,-1.4995,6.2489,-8.6932,-5.212,-6.7751,1.0551,9.7188,8.3465,-0.2219,-7.9611,3.5605,9.0047,-7.1418,3.948,2.7074,-7.837,-0.5072,-8.1006,0.8255,-7.393,-3.3481,0.8547,-0.1769,9.9494,-0.0223,5.3378,-2.7005,-4.5288,-0.0651,7.8883,8.276,-1.8215,-1.01,7.3894,9.2339,-1.4989,-8.7343,2.6705,-0.1716,7.8622,1.6736,-0.442,7.4845,0.2933,7.625,1.5201,2.3096,-1.1056,-2.2723,-8.9767,0.0081,2.8041,9.6396,-3.1134,0.4158,-3.5568,-4.7926,1.7809,4.9127,0.6144,-6.349,-7.9448,4.2071,-9.7547,2.8998,-8.4795,5.7913,-4.6253,-5.3616,6.8612,-4.4024,5.7032,1.0502,-1.3232,4.9676,1.2246,8.3645,-8.5676,7.4521,5.2495,1.7585,7.1313,0.5714,-8.7939,-9.2646,1.7199,9.3965,-6.9502,-0.8722
4.0716,-1.132,-3.7217,9.93,-8.769,6.2639,-8.7527,2.1256,7.0643,6.1398,-1.2917,-7.268,8.1833,9.3099,1.6995,-4.5936,6.5189,-5.2778,-2.8328,8.9324,3.3603,-6.4706,0.8136,8.5322,9.7218,-2.0646,5.1879,-2.9425,-7.0226,-9.6604,6.7844,7.5259,5.7643,9.3084,-0.4038,-7.048,2.7522,-1.7623,5.273,7.8908,2.7265,-6.5678,-9.0439,2.5996,-3.0889,-0.2187,-6.9749,4.5374,9.1221,-7.1457,-2.7068,4.5811,-7.2531,2.6719,3.1922,0.7371,-6.547,3.0146,6.5209,-7.1626,-6.5177,0.389,4.8069,3.1794,-5.5832,-9.9627,-1.0515,-0.2495,-1.208,-1.3819,0.1664,7.6195,2.0337,-5.9676,7.9561,7.3287,7.4802,6.3132,7.279,-3.4061,7.3011,5.8098,2.0678,9.2657,2.2742,6.8988,-8.0678,-4.422,-7.2482,-0.7514,-2.7557,0.8879,8.4721,-1.1164,7.5093,1.9988,-0.1044,-5.6054,-8.1221,-6.0059,8.4795,2.6815,-7.2508,-8.0512,0.0291,-6.4023,6.0978,4.4978,4.5147,3.256,7.2762,-4.5224,8.302,-5.5676,5.6878,2.4385,6.9332,4.2419,-9.8652,-6.5185,-4.4704,-6.2098,3.3184,6.317,-0.4503,2.6991,-1.8149,7.3118,-0.8574,8.7579,0.1186,-3.8937,-6.7224,-9.166,-0.1313,7.9103,-6.0569,-4.4921,8.2951,2.7184,-0.8346,-4.2489,-1.9701,4.2636,4.7343,7.9057,-3.8198,2.6441,6.8361,3.1481,-2.3159,-2.3322,-7.1602,-5.6797,-8.6309,3.6458,8.5297,6.87,-0.7258,3.0373,-5.2126,-6.3109,-5.9557,3.6438,-2.4111,1.144,5.0819,-2.3451,5.4308,-8.4969,8.5189,-8.5206,8.9606,-4.4525,-2.1645,5.1667,-4.3612,8.8932,4.5281,-5.6045,-5.8813,-3.4972,2.5958,8.8949,4.6976,-9.6259,9.674,5.8674,-1.0318,4.6753,-5.6762,-9.706,-5.5304,3.9461,-0.1276,-3.5368,5.3415,5.8752,-3.1544,8.995
-7.5358,9.4938,0.6651,7.2796,-1.0822,-3.0631,-3.8022,2.1826,-4.1194,3.7794,-1.8018,-6.349,2.033,-9.4139,0.6812,-6.8424,-7.4086,8.601,8.4693,1.821,-2.3148,7.2129,-9.3993,-1.1033,2.0671,-5.3374,8.1102,9.5697,6.7291,8.4309,8.4915,-7.7363,-0.725,6.462,5.2774,-1.9051,8.4382,-7.3493,-3.4677,-4.9533,5.5264,0.4131,-5.3424,2.4142,-5.7201,-2.2807,2.6362,-9.3413,5.979,-1.6053,-6.0012,-5.1133,-8.8674,-2.934,4.6985,3.2251,3.7147,7.813,7.2502,7.3823,1.4559,-1.7902,5.6619,-0.6482,8.5331,5.5701,5.116,6.5984,-7.5947,8.5832,-7.1186,7.8961,-5.7454,7.9767,4.9935,-7.3415,5.6065,3.2731,-4.533,-4.7894,-2.8699,-1.2153,-2.6052,1.0261,-9.9369,1.4762,6.1339,5.8379,8.9324,-8.3514,-4.1687,-1.2635,3.3514,-8.2152,1.491,-0.2577,2.6019,-9.8672,-0.5727,8.9388,-6.8311,-7.4656,2.3497,6.8146,4.8654,7.8125,-7.4078,-8.1937,-3.5024,-5.5436,-5.0807,-8.2921,-2.2039,0.5835,1.8576,5.2794,-6.7151,6.9519,8.5419,6.9693,6.6393,4.6085,7.8144,-9.0886,7.2342,0.4169,7.0411,9.431,-7.9926,-4.3506,6.7575,8.4754,4.0496,-5.8063,6.1655,9.9164,3.4285,-0.8451,4.929,-0.1914,6.8771,9.7458,4.1718,-1.9455,-7.7181,-4.2976,3.7693,2.7397,4.2205,-0.947,-1.4899,-2.4562,-0.8556,-6.0084,-8.8139,1.1638,-8.2804,-6.1729,-9.4438,-9.4626,-6.6321,6.1918,-4.8263,-1.0753,2.9106,-0.3862,-1.4899,-9.8782,9.5124,-9.7432,8.8696,-5.4198,3.9539,0.9165,-7.2354,5.7512,9.1048,3.217,-1.5584,-0.5482,-4.8541,-6.8698,-0.51,-7.6264,5.5683,5.1921,9.1706,-0.2151,-9.6383,1.5944,5.003,-6.6487,5.7312,9.0545,2.6127,-6.0996,-9.6891,-1.5013,8.3841,1.4274
-3.1134,5.8761,-1.0223,-2.3948,8.8348,7.7452,-3.4887,7.0136,-2.4405,0.1992,1.3273,3.7801,5.6613,-1.7662,-0.2481,-5.8562,-1.6297,0.1234,-4.9301,5.1515,-5.3752,-9.6308,-4.0823,-9.1073,-3.7474,-1.8278,-1.1377,-5.9359,-3.6736,-3.7517,9.4122,9.8393,-7.162,3.0206,1.8686,-8.6165,-7.8462,6.942,-8.9484,0.0586,-4.7921,-3.1877,1.9803,1.1669,7.3941,-2.8481,8.4761,9.5465,3.0377,4.4562,1.6276,-7.8782,-9.1217,6.8422,-0.488,0.6052,9.3652,5.4812,-0.7923,-3.4394,0.823,6.7483,1.65,-9.3465,-0.8067,8.2048,5.5461,9.0665,8.8573,0.1522,-2.7479,-1.8619,4.4566,5.2269,1.8647,1.78,-9.3187,-9.4067,4.5168,-3.1852,-3.1384,9.1377,7.1845,8.7747,7.4516,0.9879,4.0664,-4.4822,-9.5733,-0.5221,7.6528,-1.8027,2.6217,4.9415,6.0466,4.9178,-7.5832,7.9374,9.3582,7.5541,7.3559,-9.6603,5.8776,9.3205,-6.8427,-0.0269,-8.365,5.9667,1.3014,-0.5251,5.4391,-9.4019,8.8232,-9.6619,8.4706,-5.108,-0.4773,0.4989,4.4109,-5.3417,-1.182,-4.5944,-9.4949,0.3284,-1.3071,-0.5342,9.5849,5.6017,-0.3681,-2.4419,-3.4036,7.6294,-2.1528,-0.3187,6.2214,5.1047,-7.531,-6.3741,-1.6123,-5.6755,-1.4843,-7.6265,-2.1209,1.0957,0.056,-3.4839,2.5061,-4.1815,8.6061,1.6544,8.7557,9.0863,-3.7571,6.4612,8.1839,-6.4169,2.1675,-4.6246,5.6664,7.7774,2.1665,-3.2383,-8.8597,2.0647,7.9229,6.3309,-3.3079,7.0155,-6.6848,-4.8089,4.7331,-4.1275,-4.4224,-9.6463,8.7898,-9.0513,-9.1265,7.4614,0.013,3.1862,-8.7773,-9.2157,-8.5292,2.099,0.4016,-4.9866,7.1113,9.8526,6.07,4.7669,8.3544,2.0817,3.7078,6.1711,7.4268,-8.983,8.5162,8.4041,-4.7298,8.8192
-1.9397,-2.1096,7.5675,-9.4911,-1.4362,7.9857,-0.1195,-5.4172,-0.1782,-2.3504,1.7735,1.6251,-7.4499,0.5202,-8.1549,4.8356,-2.4694,-8.6307,9.1178,-7.2396,-5.2369,1.6219,-1.3427,5.5699,8.1182,8.1731,-8.771,7.9922,-2.4722,2.2671,2.0831,-2.1506,-1.9152,-4.9754,-2.3155,-8.1995,-8.4246,9.773,-2.1261,4.4815,-2.9662,1.1833,7.2512,-0.9768,-6.3293,-4.0292,6.3581,-3.0357,5.5191,-9.4607,-5.8403,7.1309,-7.6786,5.9004,-0.0236,-2.0414,1.4281,4.0543,7.935,3.9854,-6.6818,-4.2291,-2.3611,-2.3171,0.2539,-6.4672,1.3337,-3.292,-0.6537,2.215,7.6909,-8.1151,-1.3542,5.665,-6.4417,-2.7908,-3.2129,-8.2721,-8.896,-9.0752,4.7757,9.5456,4.3555,8.3994,4.1531,-7.5983,-1.848,6.7746,-4.4218,0.5222,-1.1504,3.2721,7.1612,8.657,5.3622,7.7241,0.7723,-8.7151,-0.9911,1.0499,8.9549,-5.3147,7.1139,-7.2825,5.4569,-2.8454,4.4385,-2.4142,5.7417,5.1526,-8.629,-7.768,-0.8059,-2.8647,4.4191,7.011,-5.8021,-2.6462,-2.9561,-3.627,-3.5185,-5.5897,5.1162,3.6919,-3.2003,1.3824,3.2522,-9.383,4.9519,-3.4272,-8.6729,-4.6102,-6.4997,6.0712,-3.9266,-4.0752,-7.1705,3.8522,7.8636,6.2817,-2.1453,6.8727,-4.1286,7.4475,-8.1897,-3.571,7.4937,-2.3097,6.1462,-1.2475,-5.5637,-7.5252,0.0737,1.8594,2.3873,3.6424,3.0538,8.6235,0.2645,-7.8063,-8.0807,-2.0891,6.3888,3.0813,-3.4176,7.6258,-3.8951,-5.715,-5.1514,1.8032,2.8549,7.4726,-6.3473,3.6749,-9.2086,-4.5643,0.8103,0.9048,-7.7315,-8.6816,2.5322,6.5391,1.295,-8.6384,-7.867,-9.8307,6.2219,1.0702,8.5176,-5.154,2.1703,-6.2448,-1.2446,-0.904,-1.5871,5.6574,-6.16,-5.9571,-1.9966,8.4699
2.4947,-1.0871,-1.3276,7.8796,8.2597,7.0223,-3.6209,6.7827,-8.9068,5.4277,-2.3294,7.8014,8.7668,2.0705,3.1584,-2.9621,9.3864,6.3106,1.1149,3.2594,2.5697,1.6064,8.0497,-2.1989,-5.0422,4.4709,-5.3542,-0.9065,0.1864,-6.0315,8.2295,-4.5082,-3.5703,0.7512,-1.0009,-3.3886,-8.2607,1.0042,7.2757,8.8496,-0.3843,6.2055,-6.7069,6.5688,-0.3864,6.5047,8.3476,-2.9836,-3.7149,2.7734,-4.4751,-7.4411,-9.8842,-9.9183,-9.6658,2.2295,-2.8072,2.2568,4.2706,7.4957,-3.8067,6.1356,4.9062,6.3761,-9.22,-2.4153,0.4871,-4.6422,1.0547,9.2598,-8.9121,-0.3788,0.5692,-4.0942,-5.1795,1.2502,-6.7515,7.1914,8.8119,-4.2188,-7.5494,-0.0961,-7.4977,-6.1462,-7.7004,6.7979,-7.726,8.3545,-7.1705,0.4774,5.7301,5.3897,-5.6197,8.7956,6.4827,-8.7106,-9.8836,-7.8488,-0.1552,8.7097,-5.5925,-7.7541,-4.4896,-0.5338,8.4511,8.9178,-4.4834,6.5665,0.3665,4.5361,-0.7219,-1.5636,7.2937,-7.4342,-3.8058,-7.8457,2.8423,3.1852,-2.9923,6.537,0.0506,-5.5515,8.2681,-5.4197,2.09,5.007,-9.5742,1.2344,3.8045,-3.3381,0.3828,-7.8125,4.7658,-7.5916,8.8096,3.0047,3.6386,1.8996,-6.6771,8.5543,-7.0507,-8.6127,4.6205,-6.8324,4.3412,-1.0408,9.4253,-5.2969,-2.8991,-0.8145,-6.4766,8.4604,-5.5767,-4.9631,-7.7416,-5.8326,-2.2202,7.4399,-3.1768,7.1077,-1.1306,-8.07,-3.8123,7.1509,-2.4396,-5.2291,1.5275,7.767,9.2286,5.4029,-4.176,3.6402,0.6496,6.7931,-4.4757,7.259,-8.1238,9.9583,9.1788,1.6921,8.9789,1.9515,-1.1131,3.0433,8.2611,4.4539,-3.4481,-7.0869,-3.1359,-0.9745,8.7567,-3.2689,-8.6394,-7.3121,0.0359,9.393,-5.6201,8.6079,2.7891,-7.5382
-9.4863,-8.8757,5.7525,5.9532,0.7546,-8.6208,7.249,0.1755,0.5427,-1.2257,0.8289,1.0662,3.6091,-4.2325,8.7086,-8.2684,6.746,-1.1502,-7.2531,-6.4723,-1.4973,4.3022,7.0795,1.5583,9.174,2.9247,3.0728,4.7754,0.9828,-5.996,8.7067,1.5361,-0.6197,5.5482,8.8943,9.2978,3.4931,8.3371,-0.2798,6.4066,2.0294,-4.1748,5.5947,4.7908,-6.1144,-3.4373,6.1062,-2.391,-2.8588,6.6084,0.2718,0.982,-2.7235,3.3964,-0.14,7.7868,6.5909,-9.4307,1.772,7.5547,-5.6108,-0.1141,9.3126,6.4876,-7.2799,-8.2548,4.6854,1.8815,2.4644,-3.9412,-4.0628,-8.2123,-5.7998,0.0725,2.596,-7.1516,-2.3543,3.8348,0.8246,-9.052,0.3097,-4.0585,1.7884,-6.8738,-3.3232,9.0788,0.4223,-8.3895,-8.6278,-2.361,-5.5319,-8.4141,1.0868,-6.9361,7.9551,-8.9462,7.1965,5.3441,2.5011,-0.9794,8.6088,0.0133,-2.2615,1.3821,-0.7827,1.1448,-1.3323,-7.1335,-8.4505,7.1979,-7.7029,-2.7996,-8.9269,-4.0388,7.6883,-1.5716,8.6921,-0.0808,-9.0111,-8.5142,-9.5473,3.8568,-6.1374,-8.9893,3.1393,1.0951,9.1716,0.8372,-2.966,8.2786,2.6154,2.6799,-7.1169,6.3703,3.4566,-4.513,7.7115,-8.072,4.4643,1.5806,0.9873,-4.8605,-4.3491,-3.8822,1.1621,2.8348,-6.4917,-9.3721,-7.6333,1.0046,6.5482,6.4699,-6.6979,-2.7647,-8.5679,-5.3467,-5.8559,-9.1064,-1.8839,4.4892,8.0636,-8.5265,4.1415,-7.3531,7.1027,-4.1414,-4.6305,6.6735,3.9807,-8.7555,-3.6889,-3.9427,6.6441,-7.8254,-9.6518,1.3357,2.6972,6.3958,-7.6038,6.9309,-1.8822,3.7117,5.4246,-3.4435,5.193,-8.78,1.194,1.4862,8.4225,-4.5778,8.8608,8.8037,-5.852,6.7054,1.1747,2.9648,5.3449,0.5482,8.5128,-7.1594
2.4272,-1.8055,5.4093,-6.9128,-4.3931,-5.0247,6.8241,-5.0735,2.5024,-0.2911,-4.468,-7.6734,-6.4155,1.4167,-6.0833,6.4731,-4.7846,-1.0179,8.8558,4.8165,2.5915,3.7711,-3.6369,3.8592,-0.9939,7.1354,-6.3675,9.6773,-3.273,3.0835,3.383,-2.42,4.2828,-8.6012,-8.9846,-2.4264,9.2269,-8.9438,8.7075,6.0401,-2.2233,-5.8113,7.6529,-4.5055,1.2034,2.7781,4.7793,3.2818,7.2142,-0.8603,-1.7402,-8.9553,9.6467,-2.0533,2.368,-3.8282,-5.1274,4.6072,-0.8521,4.7458,4.8248,3.5095,2.9099,5.3644,-6.6414,1.1748,-8.1926,-5.4342,8.6648,-4.2089,-2.1516,8.0543,7.0366,2.923,4.4181,3.5185,-2.3555,-4.5828,-6.341,-4.1439,0.1153,6.5182,7.6688,-8.4014,1.9316,8.9756,5.9833,0.8138,-6.7764,5.3664,9.7666,-7.6491,2.8635,-7.2551,-9.7132,-5.109,-6.0726,-2.7023,-9.8351,7.2636,-3.4005,-6.2439,6.8139,-9.0153,-4.6535,3.5466,-0.9346,-5.5443,-8.2034,7.1357,-9.4166,-8.1184,4.4927,-8.8184,-5.9153,-7.1742,-0.2543,-9.9278,3.8736,4.9018,-4.345,-0.7093,-1.0027,0.9597,0.7516,8.0159,-6.6824,2.3183,7.0775,2.6492,8.9396,4.1204,2.9591,-0.282,-1.9392,3.3525,2.5978,5.7185,-3.2779,-6.4408,-1.3684,1.8762,6.6178,1.0684,4.7246,8.2594,8.6053,5.0573,-3.4476,0.1628,-4.7091,-3.172,-8.5007,-8.4318,-3.2264,6.7046,2.372,9.9128,-7.5626,1.552,4.4099,-3.8248,1.1702,8.0437,7.2385,3.843,7.8028,-4.3281,2.7982,-3.1508,-4.0504,9.9051,2.0839,-4.5063,0.7084,-0.6261,5.3394,-2.1196,4.2239,6.2815,0.6669,-0.6506,-1.3453,8.1401,2.4868,-3.3719,9.4441,0.0008,-9.8188,9.5225,-3.4195,1.7353,-0.6508,8.9276,7.203,-1.519,0.3373,3.5595,-7.3754,-4.2263
5.9144,-5.6991,-8.1299,7.5782,9.8854,-4.1195,3.4647,-7.6315,-8.6374,-2.4734,-8.7166,-2.8798,7.0405,-8.9646,6.9393,7.8116,-5.9772,3.689,-9.4632,1.9993,4.9673,-6.1614,4.6438,-1.1719,-2.8169,2.0841,6.7824,-0.7387,-7.4256,-8.3108,-1.0162,-4.2798,-2.8699,-5.2489,-6.362,4.1505,5.3971,9.2811,4.5889,1.6576,-3.1621,-8.3743,-2.7302,0.8911,-9.6754,-7.9159,0.7021,-4.8717,-0.4269,-2.508,-2.4472,5.7443,-1.6651,-2.5743,3.2387,4.9591,-5.2905,1.8157,1.1192,-0.5125,8.9434,6.1122,-1.2686,2.3003,2.5761,-4.4089,3.096,-0.7942,5.0256,-0.019,4.3935,-4.2499,-7.7648,-1.1613,-6.2208,0.4766,2.1823,4.6344,-9.6534,-8.7274,1.853,-9.3483,4.5411,-6.8208,2.7035,5.9187,4.8334,2.4833,3.2144,-7.7521,-2.3701,7.909,1.1214,5.0017,-4.7346,2.0611,-0.0996,-2.0536,3.3443,-2.8486,-2.8801,8.3465,6.4357,-9.6858,-1.062,2.4,-9.598,6.32,2.2493,-2.8492,-6.2086,4.0031,0.2856,3.6081,3.8367,-8.5698,0.9541,8.5041,-0.871,2.427,-7.838,6.3284,-4.3994,-9.4207,-8.1339,5.3931,0.7502,-7.1143,-4.0168,4.1268,6.6821,-0.6329,6.83,6.2042,-9.8172,-6.7973,0.8663,4.6728,6.2342,-5.6256,4.2426,-8.1896,-1.7433,0.1568,4.0382,-5.4109,-2.2882,3.2398,-2.964,-9.9797,4.6356,9.6532,7.7778,-6.1713,-8.5035,8.398,6.7661,2.5754,-8.4412,1.5178,-1.9735,1.9853,9.0835,-9.672,0.8927,-6.4891,4.576,-1.8417,-1.1185,5.2119,5.2957,6.4966,-6.7346,9.3265,2.683,-6.5927,5.0684,-2.1762,2.1088,6.0754,9.1891,-6.791,8.4464,-5.3424,8.3001,-7.791,5.5787,0.8122,-9.6294,-5.2341,4.009,2.6257,2.2099,-0.731,3.4051,6.7257,-6.617,-4.0136,9.2089,-5.5221
-6.321,-1.4899,7.489,-9.5043,7.7658,6.6073,-1.6228,-8.2928,4.3943,-4.8261,7.0697,-0.3711,-0.7251,5.503,-6.2141,6.7853,-9.2029,-3.3345,-5.4581,5.472,-1.5331,-7.9339,-3.2295,0.0898,8.7617,-2.4085,-1.8192,4.2317,2.8282,8.5287,9.3265,-7.5406,-5.558,2.5402,-7.6984,3.4801,-2.0164,-2.6545,5.4617,-0.3393,2.1337,2.7789,-7.0758,-7.1195,-8.3359,-1.0257,7.6097,2.539,0.5566,7.4032,-9.5156,9.2938,-2.316,-8.0689,-6.5373,-8.564,-5.7117,-0.355,-7.3822,-4.5586,-5.5469,2.5859,8.8731,5.2231,9.1095,-0.903,9.8897,-0.5253,-9.824,-1.1879,8.962,-1.2494,-6.4318,8.7442,-8.6904,0.0445,8.0914,5.3775,-7.1154,-2.9668,-9.189,-5.5983,7.9466,-4.4231,-2.9951,6.6211,-7.1545,2.2264,1.6737,9.957,-7.618,-3.3729,-7.9382,-9.8657,3.3343,-6.7002,-1.6555,8.2818,-2.6205,5.7606,0.7467,2.6922,5.5882,1.2724,7.771,4.7362,8.4505,-6.9907,-8.2812,-2.6401,-9.3183,8.0369,-7.2215,-7.2954,6.1196,-7.0168,7.7509,-7.9059,6.7092,-6.2601,0.8615,-1.463,0.2246,9.0749,8.8653,-7.8074,-2.9621,-4.0456,2.793,8.5149,-7.6148,7.9123,7.3054,-2.2768,-0.8649,-7.262,-1.9815,0.4899,1.9384,-9.6165,2.6859,5.1653,-6.1952,-2.091,-1.4609,-6.8296,3.4971,-9.5816,-5.4586,9.1985,-7.7839,5.1291,5.8025,-4.8252,-5.6415,4.0447,-0.9399,6.0732,8.2693,7.177,-8.8804,-6.5062,0.6406,9.8315,-4.5916,-2.2328,-7.2277,2.0567,0.3893,-7.471,3.3208,5.7205,-5.5038,-7.5554,3.4677,-3.6401,-8.7805,4.5032,3.7854,-4.6612,5.2288,0.799,7.5897,8.5423,0.4531,7.5705,1.4458,3.2731,-1.8171,-8.7929,-5.8183,7.9896,-9.6838,0.1578,-4.1059,2.3274,8.1066,0.2635,0.8721,-9.4969
7.315,6.1237,1.6611,4.1346,-9.4718,-7.6374,-3.9753,-5.6914,0.0837,5.8875,-2.5018,5.1395,-6.8356,1.2285,0.5322,-3.7996,5.5802,3.967,-6.1274,-5.2772,6.6082,-4.8971,6.3133,9.6004,-9.9318,-8.2904,-8.521,7.584,-4.7193,-3.487,-3.7063,8.5169,-3.7188,-6.2782,9.2325,-3.7402,-4.8306,2.393,-0.4673,-1.238,-7.5817,6.0415,5.9393,-8.9223,-7.3636,4.7255,-2.2442,-1.7681,8.9764,9.1178,6.2619,8.1448,-4.7152,-1.5013,9.4451,6.6459,-6.1436,2.1347,-6.1694,-4.3236,7.9224,4.691,5.0404,-2.6144,-5.5827,1.552,0.193,-9.1267,-1.8598,-3.9699,-6.9244,-1.5603,8.5985,-8.3112,1.0653,-8.8212,9.8769,-5.9345,3.9623,7.7274,4.2189,-9.3455,3.0764,-4.1086,-0.207,5.2811,-1.6358,-6.7789,3.1548,-6.3383,7.9701,-2.1863,7.433,-2.6681,-6.2266,-0.155,6.1526,-5.0042,-1.5636,5.1848,5.0318,0.1273,-0.7427,-5.7177,3.1373,-6.6228,-3.6954,-8.9928,1.768,4.5723,-5.6517,-2.2257,-2.4781,5.0621,6.5899,8.5975,-7.3287,-6.8927,0.1018,-0.9669,-4.998,6.4567,8.2708,-8.9412,-6.1918,-2.9304,8.7666,-4.6723,3.1744,6.8671,4.2088,-9.9659,7.4319,0.2825,-4.1459,4.0794,-6.7747,1.3794,-5.8347,7.3137,4.6019,8.3816,-4.8461,-6.916,-0.9257,-5.2637,-8.4266,0.7726,-2.3172,1.5385,7.1055,-7.704,4.1957,5.9462,-8.4521,2.061,-8.0055,6.7702,0.2804,-2.5313,3.0746,-0.3383,-3.2512,-6.9568,-0.5927,-3.0308,-9.072,-0.0785,-6.3802,-7.8304,7.9824,8.2271,2.5927,-2.2934,5.1062,-0.0615,4.036,-6.2032,8.9008,-4.0028,-7.5555,3.526,1.7347,-8.1108,0.4583,-5.3175,3.7176,5.3432,-8.738,-5.4002,7.5402,5.8844,-3.3106,3.7662,0.5003,-3.042,9.9604,-6.9593,9.5452,0.0462
4.7415,-5.0506,4.0589,3.4618,-3.1105,9.7718,-7.6174,7.5769,9.76,-5.8216,-0.7232,-2.869,-0.6427,1.5346,-1.7264,-9.4567,4.6171,-5.2544,-3.1289,6.6279,-8.935,8.4866,3.9635,-1.626,5.4666,-1.8944,7.833,1.6718,-0.6401,-3.6674,9.6263,-5.6241,-9.1315,4.1328,3.1589,5.7314,-7.013,-1.7879,8.1444,-8.4015,-6.0618,-0.2284,-7.2914,-8.1633,-7.1898,7.8463,7.6163,0.398,8.2742,-6.0555,-8.5537,3.6686,1.6619,-0.9416,4.1119,6.2471,-7.6623,8.459,-5.142,0.9941,-8.5698,2.0504,-9.0002,-3.7551,6.3967,-2.2584,5.2623,6.992,4.0279,9.9218,4.4041,-9.4231,-8.4882,6.5345,5.3378,-0.0345,-4.8312,-5.829,1.4751,-7.0929,-1.0379,0.5864,7.0328,-0.5099,4.1013,3.6356,-1.3698,2.7226,2.5688,6.7368,-7.1203,4.325,6.5872,-2.579,-0.8355,3.2429,0.5287,8.4644,6.9188,9.3542,1.4709,1.9688,-6.2304,3.0257,5.5889,-1.1057,6.5519,0.3326,-1.5765,-0.6725,-1.9124,7.9859,7.3889,-9.5726,-7.6034,5.6369,-6.2962,3.9264,-0.7229,4.7811,-9.4205,5.1953,-0.4413,0.1039,-1.4103,9.0759,3.586,-3.4407,-7.8761,6.2733,6.3016,2.6976,3.8566,-0.5791,-1.3103,-7.4553,8.9758,-2.9769,-9.4997,4.9412,7.8475,7.9913,-4.4403,-4.8841,7.3719,-7.7328,-7.2932,6.2889,-5.6635,-9.967,1.5243,1.5664,3.0306,2.4728,-3.2522,3.5443,3.0912,2.9348,8.5209,-6.7106,5.7083,-7.0132,8.1848,-9.7886,-1.2925,5.8893,-0.0737,6.0366,-5.6386,-5.3556,4.2551,7.2115,-5.4364,4.2455,3.1074,5.6978,3.4038,3.5391,9.9528,4.8234,-0.2229,-2.8255,-6.9579,3.0044,-8.243,-5.1443,-8.1511,6.2398,-9.4601,-4.6454,5.6568,3.9049,1.1039,-7.9322,8.4455,-4.559,5.8254,1.0468,2.4766,-6.7477
-9.9803,-4.7334,-1.611,5.9077,-3.922,3.9556,-8.8859,-3.1191,3.7597,-7.9052,6.3705,2.5982,-8.155,-7.0041,-5.5764,-6.9516,-2.4475,-3.521,0.4703,-5.5471,2.1986,4.0359,3.8412,6.0954,-2.3942,9.7695,-3.1542,4.4032,-7.9625,5.7491,-2.803,-9.8658,-6.5211,5.3468,-6.3421,-9.5246,9.5018,-0.3186,7.7041,6.6607,-2.497,-0.6428,-7.3339,-2.3047,9.9221,2.3832,-2.7342,1.724,2.6266,2.5959,6.8587,-4.7907,-6.2334,-0.3722,8.1791,-2.2162,3.518,-2.2161,-4.3087,-7.3592,9.5143,8.5314,-1.6695,-4.5456,-4.9653,4.3453,3.7086,-5.2904,-2.0303,7.7761,-5.5047,0.4846,-9.4833,8.5358,-5.1285,-2.5587,7.1734,-7.1873,-4.517,-3.0148,-3.5154,1.3143,-7.4305,6.561,-3.3047,6.7725,-8.4601,-5.3466,2.3621,8.3234,1.8493,6.5018,-8.8645,-4.0617,-3.5754,5.8315,7.2687,3.2522,-4.3834,-5.2286,0.4852,5.9239,-9.9526,-8.477,-1.1772,-4.2045,9.7002,-1.5542,8.3789,-2.1752,7.3619,9.8362,8.1934,3.4473,-3.5363,2.0816,-5.9494,1.3459,7.8999,-6.3614,9.4689,2.6275,-2.0177,8.8366,9.266,4.9653,3.417,4.9779,-8.6123,-8.5614,7.779,0.2518,-9.6866,-2.2467,-2.5746,8.528,6.847,7.3367,7.1691,2.7989,1.946,-1.5536,7.9067,-4.0603,-3.992,-5.2982,-0.7456,4.0085,-1.0983,2.5613,7.1166,-9.0706,4.4668,-5.3179,-3.9104,-3.8671,-4.1498,8.3882,7.9185,7.3366,-0.2277,-1.6344,9.4789,6.5327,-4.0673,-3.7213,-2.5315,1.8512,-0.4454,-1.4491,1.796,5.8073,5.3048,-6.2757,9.6821,-9.8589,0.1997,-1.8636,-4.9062,9.4528,-4.554,8.1795,-7.1341,-0.0206,-3.7823,-6.0065,-7.4521,-8.9745,-3.5614,-3.9323,8.7099,3.1069,8.3187,-4.499,8.4332,-9.4418,1.4606,7.552,3.0804,-0.3853
-9.0566,-8.9483,1.6075,8.959,3.5473,6.1465,-4.0687,9.7411,2.774,-5.2742,7.977,-4.2267,1.6027,6.8702,-8.8179,-1.2157,-9.4961,2.7585,-8.0802,8.0912,1.4875,-9.3862,2.9669,0.3181,-6.0168,9.5441,-6.4177,7.0454,-0.3693,-6.2002,-3.4585,-8.3239,-1.1179,9.1294,-5.0472,-7.3174,2.1742,6.5446,0.7278,-4.7004,-2.3585,5.614,5.7259,-8.737,4.595,-5.2252,9.517,-1.1863,9.6693,-0.8311,-1.0323,-1.9591,-4.4562,5.762,-1.3779,3.6484,5.3235,6.5635,8.2548,-5.7945,1.2611,-0.1747,8.0836,6.3921,2.0621,-4.0073,-0.9624,4.799,7.573,-6.278,-6.9366,-4.6916,7.2496,3.994,-4.4004,-5.8762,7.6385,6.876,-2.9351,-9.6347,-7.6197,-7.7964,-2.3644,-8.3377,1.4676,-9.4705,-3.0167,3.3291,1.4338,-8.7776,-1.4926,-1.1469,-2.6189,0.4309,-8.1483,-0.8542,-0.356,9.0145,3.1219,-5.0667,-5.8058,-8.7517,-5.4645,-0.5079,8.1735,7.6163,9.725,-0.9615,4.74,5.404,-6.4494,1.9616,0.6111,-4.1685,-9.7827,4.8448,-3.408,-1.5364,8.3803,-8.172,-2.6851,-5.7953,9.6003,-1.9548,8.9574,-8.5668,0.8169,-5.9939,9.8883,3.7808,-4.9257,-2.7691,-5.8537,-1.6374,-2.3648,-5.3669,9.5679,8.7765,0.5149,-3.4784,-1.4844,0.1463,-6.6127,-4.6798,-0.5964,-9.0458,-3.859,-5.0079,-6.6855,-5.049,7.3569,-3.9751,-3.3951,-6.6322,-5.6066,-5.2623,6.5345,9.3427,-1.5117,-0.9486,-2.9113,-2.0666,-2.8008,5.7302,7.3369,0.6238,8.2874,-1.6686,-1.8597,1.6144,9.954,6.9486,-2.6903,1.279,5.7963,-6.5623,-4.7873,-6.6357,7.3527,-9.9555,8.2466,-5.0193,0.3412,-5.6141,-0.4046,-5.0645,6.3125,3.7819,5.853,-9.5313,-1.7514,2.6543,-7.472,-3.6551,1.9911,-9.1057,9.8774,-3.8534,-6.8901,-8.7792
-5.9546,7.3063,-7.6553,-3.9109,-0.9694,-4.7607,-9.3957,-0.8004,-8.7427,-7.6183,-3.493,0.9395,-0.9802,-1.9869,-1.6839,2.0344,-6.3961,2.988,-0.7969,6.2822,2.3407,-0.591,9.6383,-9.6273,8.3873,5.427,4.9928,1.0584,-7.961,-0.4201,0.5308,7.4165,-3.6113,1.933,-6.6255,-1.4775,2.4037,2.3376,8.1093,4.2745,-8.2476,5.0731,-7.3595,9.7803,3.0755,-7.0918,-4.2886,-9.0042,5.3425,5.2898,-3.4747,7.9473,4.9271,-4.7702,-2.2291,4.3658,9.9704,1.4989,-3.2118,2.5857,-1.7806,4.5326,-6.9095,-4.2933,7.7526,1.5241,2.3107,2.0435,-6.1579,-6.6617,-1.3052,4.5006,-8.5015,1.9072,6.1178,7.6795,-1.4913,4.2627,-4.6037,6.0769,7.7586,-0.323,4.4531,0.0406,-4.7836,-4.8499,-8.2563,-7.3214,8.6457,-5.0348,-2.1875,9.1807,5.4726,3.6155,-7.1434,0.8584,4.5387,7.1598,-2.266,-9.2013,-0.2615,-5.1099,-3.5399,8.4032,3.7712,7.6056,-6.3988,-6.3324,1.3633,-0.6418,-6.4417,-4.9611,-1.5575,6.0876,-3.4645,-4.2293,-7.5872,-1.8848,0.9476,5.2059,-4.3242,7.3167,-3.1591,4.628,3.7242,5.6822,6.7047,-7.2027,-8.4661,-3.7006,-6.1999,5.6804,-2.8763,-2.9136,-2.8009,2.1164,-9.3551,4.4752,8.6032,-0.7484,0.8428,5.4392,0.2682,-3.3594,0.2306,8.6979,6.4311,-4.7499,0.803,6.8849,-2.7425,9.2719,1.0264,7.8406,-9.2319,8.836,1.0175,4.9578,-9.1165,-4.2765,-8.6402,-0.8533,-6.8379,4.19,-2.9365,1.0961,-0.2635,-5.3072,8.0447,4.8524,-9.7746,-2.4489,-6.7359,8.3099,-1.4608,8.8098,0.8893,-0.2983,-2.5497,8.1534,-3.7063,7.1431,3.4396,5.5458,-0.9393,-0.2519,-8.401,5.5089,3.6061,-1.0373,-4.1977,1.5637,-9.0859,8.5377,5.2493,5.3317,9.7983,8.6884,-5.9574,9.2066
7.3794,-4.8545,-5.2098,-4.5991,-2.4734,-8.865,-6.5704,9.9547,3.2777,-1.4102,0.2379,6.2187,4.4856,-6.8908,-4.269,-0.029,5.8561,4.4678,6.1399,8.7858,-1.6959,1.5991,-3.7975,7.4246,9.3081,-8.1474,-9.48,6.3064,-0.0182,6.6803,-1.6441,-1.6628,-0.9114,-3.5941,6.8352,-0.9994,-9.2247,9.7809,8.526,-7.7868,1.5139,8.573,2.0294,1.7694,3.8881,6.511,9.9228,-2.6786,2.8783,-3.338,-0.1014,-7.9425,8.4848,-8.1304,-5.2571,-7.7388,-5.2023,-7.2539,2.2018,-4.5022,-1.4688,9.4547,9.8749,-7.2504,6.4605,8.5854,6.6645,-1.7302,-0.615,0.8103,-2.9843,-1.4326,-5.8555,1.7183,5.0949,-3.7604,3.5125,3.0149,9.0349,-2.882,-1.3037,-5.5892,6.576,-6.7871,-7.8482,-6.9601,-6.9799,-3.6918,-6.7169,-3.9858,-3.9165,-3.1362,4.4531,-8.0772,4.6222,-3.2732,-2.0994,6.7963,7.8138,9.9438,9.9236,0.2386,-0.0852,-5.1292,-9.0344,-0.7418,-7.6678,4.4645,-4.9266,-9.2693,-8.0486,-0.8099,-9.3718,-1.8317,-8.3386,7.6462,1.5799,-5.4537,1.607,-8.3051,-8.7401,-7.4542,-6.0277,7.407,-9.732,-0.7459,-7.0544,8.7805,3.3857,-1.1911,5.0204,-5.2781,2.6451,-0.4036,5.3688,-0.4774,-0.2687,4.2054,-9.3332,5.1836,-8.5044,-3.374,-7.0234,6.6294,-8.9669,4.5983,-4.3277,8.8318,-0.3738,-6.1546,2.1017,-5.0626,1.3837,-3.9453,8.9934,-9.6492,-6.7591,6.8211,-0.9083,4.2751,1.489,1.8351,7.4084,-1.0678,-1.4007,1.5565,1.703,-8.7422,5.6288,7.5611,-9.5792,-1.3102,1.6449,-6.6746,-3.8969,4.1418,-1.6094,3.3489,-3.0572,5.1067,1.3799,-9.0688,-2.7283,5.984,5.2996,-8.9486,-1.2081,-7.9911,3.1623,4.2777,8.965,-2.2678,-1.424,3.0841,-4.081,9.4558,-9.7691,8.8559,6.2676,5.0946
8.0824,4.0956,3.0267,3.8523,-4.9519,5.5854,-9.6207,-6.0572,1.4677,5.9841,0.3184,-7.3612,-2.8953,-2.3826,-7.5665,-6.0736,-7.5598,0.6436,-9.7205,9.1922,7.5096,5.1922,2.8772,-2.5633,6.6693,-4.6713,0.8215,-8.2362,-1.6519,5.4055,-6.2002,1.6494,0.4213,-7.2634,-8.7974,9.6489,-5.8424,6.6658,6.464,-0.6924,2.2546,3.4042,8.783,2.8549,4.3087,8.7994,8.599,-4.8766,-4.0923,6.7637,4.3188,-8.2219,7.9237,3.9697,-2.3521,0.4878,3.9352,-1.2912,0.1348,4.9406,-5.1958,-4.9664,-5.8735,-5.7569,-5.8195,-4.1176,-5.3307,8.0181,-9.5816,-9.6361,5.9683,-9.1662,-2.3721,-0.4245,-4.6883,7.5613,-6.1387,-8.726,-7.2906,-2.2218,0.2456,7.3161,-8.291,-9.437,-4.7905,7.5162,-5.9275,-2.8806,3.438,-6.7575,-8.1741,5.0251,-2.2851,-5.9835,1.7598,4.907,7.8065,1.3065,0.2457,5.2199,-9.9729,8.3012,-4.4981,4.0632,9.8929,-1.1398,6.5145,6.8976,4.1093,0.3321,8.889,-7.2032,-2.3255,-9.5232,-2.3047,-6.9,-2.2832,4.5785,-9.2057,8.5043,-9.2832,-5.1103,5.2201,-5.9619,-1.4068,5.4823,2.3074,1.5117,-7.144,-8.5396,-7.863,-6.0466,0.9792,0.8958,4.4959,-9.8707,1.1869,9.2406,8.1697,-1.7308,8.3603,3.6834,-7.1192,3.4605,5.6588,4.7838,-6.9695,-6.042,-9.0219,-1.1297,3.4632,0.6713,-0.8921,3.2178,-6.3362,-3.9578,-5.1024,-2.1139,9.6527,8.2361,6.075,-8.3584,4.2265,-0.3781,0.9624,-5.7824,-0.2559,4.647,9.3126,-5.5169,6.1507,5.4038,-9.4536,0.6179,-0.03,6.118,-9.7608,-9.746,6.3524,2.0618,8.2952,6.417,9.3764,4.2469,4.9599,-4.6413,1.8263,8.9351,-8.8154,-5.7804,-3.7047,-0.8727,9.3616,5.6571,7.3536,6.0417,-5.0056,6.7845,9.3206,9.0556
0.4603,4.834,9.5423,3.4561,-0.4831,1.8552,-3.7912,-2.2832,-1.7798,-4.8232,-3.7141,2.1751,-3.4065,6.933,-6.7282,8.9199,3.1792,1.3917,4.588,-2.7499,3.5889,9.3941,-5.2982,4.7831,5.1018,9.2648,1.6594,7.6066,-5.6622,-6.6784,-6.8616,8.3384,3.0596,-6.9592,-9.354,-7.6969,-0.2905,-1.6586,-5.2994,-0.0782,0.6004,-4.2629,7.5418,-9.2513,3.5286,2.8707,4.4595,0.4923,-9.8472,8.7033,-1.535,-2.4195,8.901,-9.3906,-4.8172,1.7512,3.7022,-5.1268,4.0424,-9.3448,2.5409,-2.7491,8.3759,-0.6083,-0.0198,6.481,0.6578,7.4417,-2.501,1.4732,9.1726,-0.9328,1.1109,9.9229,6.7652,-5.3645,-9.2622,-9.3429,-7.7144,-8.4388,-8.5879,6.148,6.4053,8.0261,-7.2542,9.8667,8.0676,-1.0487,-2.846,2.8888,6.0888,-5.4308,-5.5235,-8.8718,1.3727,-7.7455,-7.7857,3.8237,7.5307,-9.6846,3.5387,3.0996,4.545,-3.982,8.6717,0.0768,-8.9896,-7.84,3.5992,-9.3719,2.5044,-7.6582,-3.7836,8.2593,-5.6687,-2.1976,-1.7564,0.6197,5.0669,1.7096,7.818,7.8275,6.2264,4.7284,3.7697,4.2557,-4.2437,-7.5087,-3.9297,-1.4543,5.2773,-9.133,-9.3003,-2.1592,2.6813,7.6634,-8.0493,9.0737,5.2135,7.0748,-3.047,-1.6942,9.2002,-4.7263,7.3662,-2.542,-0.2719,0.5866,-1.0192,3.0364,-0.2582,-6.3216,3.6204,-8.6793,-0.5511,-1.8961,1.4679,0.2255,-7.1676,-7.3445,-1.6291,4.4391,9.4632,7.2925,-4.2848,6.0504,-0.0402,7.3724,-3.3544,0.1527,-4.1662,-3.4247,-9.7268,3.4098,-1.4723,2.2492,2.4645,-9.548,4.6943,5.801,8.5133,-0.2933,7.6961,2.7255,-8.6345,5.0948,2.9658,9.9046,-7.1274,-6.0698,4.5568,6.1462,-7.7458,3.4629,5.3911,0.4719,-8.4873,-6.8112,3.1768,-8.1346
6.394,7.3524,4.6628,-0.3875,1.0629,-1.3109,1.3784,4.9599,0.3866,2.0707,4.5957,0.9997,9.8703,4.7635,2.1782,2.9575,8.7898,-5.8069,-3.004,0.2717,7.8469,2.8835,2.8383,2.8068,0.2836,2.948,-5.9092,-5.0205,-0.3402,6.2118,6.2712,-1.6334,-7.5356,3.3897,7.443,-3.0903,5.7303,-5.0571,-4.0288,6.7851,-6.8913,7.5358,9.2096,7.7184,-3.4362,2.0937,-8.0519,3.7999,-7.6282,2.9849,7.3354,9.063,-1.1198,-3.8503,-1.3379,-3.5576,7.9026,-3.2651,-4.9581,-7.8941,-4.2063,6.7248,6.6173,-9.3498,-3.2268,9.6491,1.6271,4.2412,-7.8038,6.1,-0.9114,8.7691,-5.9348,3.3699,4.7645,1.7159,5.7998,3.3409,-6.1235,-7.2451,-3.2441,-0.5773,-2.7821,-6.1822,4.1714,-4.2542,3.6261,1.0253,-4.1153,0.9647,-1.9979,-3.3924,6.9322,-4.6909,0.6173,-2.6153,6.3527,3.0981,-7.5492,-5.72,5.2366,-5.2206,-4.3994,1.837,-2.6473,0.7939,-8.7938,-0.9831,-2.2171,4.7617,2.5865,9.8524,5.3577,2.3468,2.8936,-6.4733,-5.7949,-2.318,4.8031,-9.0237,8.9923,9.7358,9.4572,4.7823,8.6557,-1.4028,1.9135,6.5551,-8.4387,6.2089,2.1959,-2.124,4.1799,-8.0679,-1.8629,-4.6367,-3.2652,5.6845,-6.4946,-3.7049,-0.4329,1.3272,-8.5122,3.1343,3.9403,2.5092,-8.7592,-6.3569,5.2588,-1.5194,5.0139,-6.9983,5.2376,-3.1424,-1.8381,-5.5802,1.5319,7.2365,-6.613,3.4323,-8.4928,2.842,-3.1044,-0.848,3.2321,3.8389,9.6022,-8.34,-8.5497,3.9026,1.656,6.7478,1.9992,-6.1227,-4.0537,6.8907,-4.7514,9.06,3.6418,8.6906,2.5418,7.7303,2.9559,5.6724,0.3551,1.9744,-8.9238,-0.6144,8.7817,-7.6799,0.606,-3.6005,-2.7902,-6.9651,9.6361,-6.2182,0.0926,5.6812,-5.0561,-3.0329
4.2069,1.1789,-8.2167,1.4045,-9.5875,8.141,-7.1263,-0.9476,-2.8487,-0.1571,-7.019,3.7963,6.7996,6.5846,-1.8569,-9.0254,1.0792,6.8379,5.9103,2.9051,-5.6045,-3.2127,-1.0333,-0.858,6.6584,-6.6603,-3.3716,-4.344,-3.2544,-3.8948,8.5379,7.0458,5.2907,3.6732,-5.5488,5.4677,-8.5569,5.1881,0.4139,-2.0307,-3.1484,6.2601,5.7375,-8.592,7.9455,1.4922,1.2468,1.3568,-0.0728,-8.6503,-3.9211,-3.7922,2.6935,0.96,-6.1653,6.3998,-0.7642,-4.3655,0.0994,1.2972,6.8064,8.7841,-1.0084,1.0416,1.0383,-0.295,5.8013,-1.5356,-4.3443,5.4831,1.1991,5.4151,-6.8475,-5.6591,2.9923,2.5448,7.7019,1.7023,-9.676,-8.9019,6.5038,5.7359,5.0152,2.0574,-2.6893,5.7416,5.1061,2.9961,-8.1381,9.4156,8.1345,1.054,-4.8725,7.991,-3.7849,2.7511,-6.9708,-2.2923,-9.6255,3.4133,-3.5998,9.739,-4.9409,-0.0561,6.3607,-5.0779,2.256,-6.8183,0.7069,8.8716,-6.5696,-9.2362,2.2942,4.8366,5.3017,-5.8782,-2.0782,3.1588,-0.6565,-3.7266,-0.5292,1.0137,4.3513,5.7941,-6.2297,9.4025,-6.585,3.377,-7.0596,-2.7414,2.3701,4.1574,-8.7997,9.1562,7.8623,-3.6653,3.8744,7.5521,-4.7142,-1.0117,-0.0814,4.0712,-0.1796,9.2711,4.029,5.2841,3.4093,2.2632,-8.4909,8.8147,-1.2022,2.4345,-5.5556,0.5909,-0.1246,2.8819,4.2393,-9.4357,2.854,-3.1373,3.8428,7.5233,1.8958,-6.9725,4.6452,5.0555,0.7647,-4.809,0.7622,0.5147,-8.9003,-2.9763,7.8791,3.2294,2.9568,5.4234,3.1916,6.1042,-6.7502,4.1313,4.063,1.7735,3.2851,-8.4358,-6.1322,5.1542,2.4682,4.5677,4.3835,-8.624,-8.1182,5.6456,8.1035,6.0165,-6.2957,-0.3179,-3.5134,3.7366,4.5162,-9.7428
-6.8989,-6.1608,1.0118,-2.0142,-0.7229,-0.52,0.369,-6.7077,-8.1554,-2.318,-9.9489,-0.2884,-2.6962,6.5287,0.0564,-7.7007,-2.8511,-2.3944,0.7635,8.5627,6.1437,6.3683,6.9174,-3.2047,-9.6811,-0.2065,-5.8375,8.2363,-2.9438,9.1157,9.5762,6.6347,0.8436,2.1849,-6.4764,0.3819,4.946,-3.939,-9.6698,-8.4521,-3.0384,-0.1261,-2.713,-4.9919,6.8818,-1.7094,-9.4944,0.156,-6.5762,-5.703,-7.5084,-7.8162,-8.9171,-2.3215,6.9564,1.5182,-2.6078,-2.3146,2.6426,7.5129,-5.8117,3.1021,-4.9038,0.0995,7.2732,6.2709,8.996,9.5913,-9.14,5.444,-0.6997,-4.28,3.8758,-2.4621,9.0175,-7.7661,7.7443,-2.5823,-4.9331,-6.7775,-2.8019,9.9414,-4.6595,3.909,0.9567,-9.2541,7.5604,0.8946,-8.941,3.1011,9.9065,6.4043,4.8764,7.7693,-3.8713,-6.9449,-4.4249,0.3337,0.8642,9.0249,-7.9506,9.0045,-4.8596,7.9923,0.9946,-2.3603,-7.634,-2.1719,-6.7434,-3.2387,-3.828,1.2834,6.9413,-4.3306,-9.5207,5.6725,-0.8569,-7.1497,-1.3852,-0.1689,1.6297,-3.1985,-7.8066,-6.8397,-1.7078,7.1757,-4.2165,-7.6754,1.605,6.8729,1.7899,-1.8916,7.6638,4.0933,-8.7903,0.561,4.8446,-1.2446,-0.5864,-6.2858,-6.6428,5.5756,-6.601,-8.4604,7.1735,1.8006,-8.1972,-1.2595,-9.8664,-2.2011,-8.6888,8.1803,-2.527,7.3233,-2.8094,6.949,-3.7733,9.6151,-9.7673,0.0673,6.7735,-2.98,-0.048,-1.4699,8.2442,5.2953,1.1226,7.0303,-8.2345,-0.6156,5.8059,-1.9713,9.0199,2.6117,-6.6892,-0.1316,-1.0976,-9.8325,-4.9577,-6.4663,6.5175,1.275,-7.6233,5.5493,-5.2141,0.3398,-7.0158,6.8029,-5.2329,-3.452,2.773,-2.9424,-8.8674,-4.1837,1.3506,2.7902,4.5662,-5.1205,9.6016,-7.9918
-0.3712,-2.9419,-4.592,7.4746,3.5223,0.025,-1.7837,3.5902,8.947,2.4875,-6.3516,1.8833,7.0108,1.7152,1.3197,7.5819,-3.5352,7.2633,6.9176,-9.26,8.1101,7.3168,-3.7016,-3.5903,4.3504,-3.8311,-3.9423,3.9605,-5.0358,2.3834,-4.0147,-9.8402,-2.4498,-1.1134,-7.69,0.0164,-2.8624,4.8701,2.0261,2.2854,1.8058,-6.3399,3.0695,8.0527,3.6554,0.4208,4.0905,0.6103,-8.2173,2.2221,2.2431,-3.9434,-1.1313,8.4315,7.2548,-9.2163,4.3105,-5.1934,-1.7347,8.6617,9.0439,0.609,-8.7046,-1.5418,-3.074,-7.9251,-7.4756,7.3168,7.0992,7.1699,-3.9037,-1.3304,-5.8436,-9.3939,8.319,7.3291,5.9165,-8.1086,6.86,1.9155,-7.8388,5.3302,-8.4117,-3.0035,3.6298,-8.3786,-0.9584,-2.4774,-7.4948,1.6621,3.5774,8.6574,6.3223,-3.1374,-5.2538,-6.7568,6.3306,-1.6962,-1.4492,8.9082,-0.2897,1.0335,7.7418,9.4644,5.5106,-9.9886,-1.4932,-2.5596,7.6614,2.8545,-2.5095,2.3015,-6.0655,9.9863,-7.3132,-0.3461,-3.2584,5.1381,2.3343,8.4859,4.3163,8.3687,-3.7971,0.7752,-9.2478,1.4534,9.7821,8.6511,-5.284,-9.0448,8.9844,-2.4121,1.3083,-4.2551,2.2282,1.233,-9.7693,0.5157,1.4515,5.5277,0.9705,-8.773,-2.1278,7.3422,-2.341,6.2632,9.93,3.2144,-9.9432,8.0223,5.8646,-5.4896,2.4618,-0.0271,-2.4351,2.7647,-7.6706,-6.4761,-3.7906,-8.6539,-6.6339,-3.4813,4.9513,-5.0366,7.7501,3.5869,-3.7251,1.5638,0.1941,1.0241,-5.272,-0.291,9.2648,-3.3286,3.9857,-5.9881,1.4878,-7.9337,-9.3632,2.4278,2.0561,-2.1253,-4.6132,4.0242,5.2063,3.741,5.1577,1.4658,-7.7344,-5.7466,9.5164,4.8276,3.1575,-6.9829,9.5589,-8.4304,7.9174,-2.2057,-1.8835,-3.6278
-8.0911,-6.9114,-4.3041,-6.8484,4.5711,-5.4459,-8.4982,-4.5209,4.6593,-6.2862,-5.9625,1.6594,-4.787,-1.6551,9.7465,8.6615,0.461,8.394,-5.6016,4.2965,3.7616,9.9621,-2.8377,3.3322,-0.4164,-4.7625,2.3781,-4.6312,4.8649,-5.8719,-1.4358,-2.2381,1.5892,-1.309,-5.2927,7.5754,-9.0592,-6.5532,-0.1126,5.6779,2.2497,6.1946,2.3106,2.8356,4.9713,-7.3761,-8.2203,4.5033,1.2183,3.6993,0.4108,-2.2604,9.9082,5.831,3.2358,1.8463,4.9993,-9.2392,-8.8288,2.9378,4.8199,-9.9214,6.3229,-5.579,-4.7935,6.0919,0.3943,4.1544,6.0871,3.0474,-6.2205,-4.7828,-1.8519,-4.9281,8.366,8.5036,-3.9148,4.2743,-7.857,-5.3195,-8.7851,-7.3698,0.9314,-9.4294,-6.8954,-1.9845,-3.4474,0.4021,-7.6449,7.5548,9.0905,-0.9988,1.0188,-7.6643,2.2218,0.3901,7.8943,-9.3016,4.2009,7.6287,1.072,6.1118,-1.6527,3.7406,3.4042,-5.626,0.7673,3.406,-6.4672,7.1567,2.0364,7.701,3.7208,6.8628,-5.1354,-8.6059,9.4627,-8.8151,6.455,1.8556,1.2631,-9.4326,-6.4513,8.6285,4.496,-6.3885,-4.8162,-1.256,9.7893,3.741,7.3609,0.9408,6.2312,5.932,-1.8115,0.8203,9.4512,2.6944,1.4614,-0.9165,8.2835,-2.9903,7.0706,-8.8569,5.5946,2.1022,-5.0871,3.3665,1.2884,3.4034,9.8726,-5.7813,-8.6642,-3.8947,-2.743,3.0704,3.5237,-5.8407,3.6919,4.5393,-5.9231,-0.388,8.3939,5.5451,-9.2996,-2.0683,6.2384,-8.3422,6.2046,-1.385,-9.4642,-0.9645,-9.9509,6.3399,-3.6314,-3.9883,-3.3508,-4.3661,4.9041,0.3046,-7.3447,-7.2195,3.2606,-9.6851,1.561,3.948,1.2434,-1.5679,5.0954,-8.7386,0.9853,2.6347,8.3417,5.4432,3.1677,-7.595,1.1873,-1.463,-0.6389,-7.9021
-8.8088,-6.6002,7.425,1.2915,-5.3637,3.0503,-7.2261,-0.3992,-4.7411,1.4093,0.8858,2.5267,3.9677,3.6177,-4.2106,1.7367,-0.1446,-5.8144,3.9534,6.8458,7.9663,-3.7703,3.4752,3.0743,6.3662,6.6455,7.4959,-0.7605,7.7712,-2.9966,-1.9345,3.314,8.7236,4.258,-3.5562,-6.8778,8.6668,-8.0487,-6.205,-9.3407,1.07,0.6117,-2.7725,-1.4938,-5.374,-1.9099,-6.4434,3.8525,8.9673,9.1793,-6.2999,1.1804,6.733,-8.3627,-2.617,-6.4076,3.6906,-7.1514,3.9181,1.2868,3.93,-3.5279,-9.9412,-2.46,8.4687,3.5401,-6.0995,8.0316,5.3719,-6.2658,4.284,0.1499,-7.735,6.9924,3.4057,8.3973,-0.223,-2.2271,0.8877,-2.6641,8.0306,-9.8026,-7.0401,-7.158,-5.9516,8.1338,1.3405,-7.0409,-6.7448,-1.2877,6.5557,-2.9577,4.5665,1.2546,1.6783,-2.4629,-9.8962,-7.0396,4.8593,-5.1105,-0.56,-5.5386,-7.1528,-5.711,5.2416,5.2004,5.2414,-3.8568,8.3768,9.5814,3.9605,-2.2453,7.6783,3.3347,3.2663,-1.3862,6.5631,1.8125,7.0745,3.1781,4.7419,6.881,-2.7996,-4.8662,-9.1919,0.3447,-8.1645,1.7563,-4.7021,1.4887,-3.9986,5.3458,3.0905,5.7871,-6.4618,-5.7323,5.6802,8.2604,6.6579,7.6457,9.8967,-1.5728,-2.7922,4.9755,2.5795,-7.8489,1.8756,6.72,-1.8585,-9.3498,5.7423,-2.4395,-2.3954,-5.2206,2.5127,5.9127,5.1302,-8.8961,-4.0533,-7.4871,-3.1635,-2.32,5.4692,9.7082,-2.3875,-5.2982,-8.3136,-4.0883,-8.5335,-8.1192,4.8897,1.8763,8.4044,0.5938,9.4896,-7.1017,-4.6653,-2.3329,-6.1555,-1.6662,9.5227,0.1474,-4.1434,-8.6668,-2.5868,-8.2069,-7.1947,2.1409,-8.4199,0.1135,4.6048,3.0173,4.4549,-2.1003,-7.1514,-9.3664,8.451,-2.4367,-7.2755,-7.2021
-9.6973,-3.457,-6.0136,4.5607,-8.5309,-2.7998,-2.8514,-8.5824,3.4864,-8.4371,-5.6379,-1.0725,-9.6757,7.8209,-5.1951,-9.8569,-4.6243,-6.7619,-4.8496,4.2313,-8.1285,-3.5706,-2.6542,-8.6657,-7.456,6.1951,7.4846,-0.6399,-7.9082,8.3875,-1.3459,-5.5172,-2.4413,2.655,-6.2479,-0.2529,6.6808,-2.4784,4.6362,-2.1905,4.3561,-5.9435,4.8784,-3.4226,-8.6645,1.1665,9.3453,1.8463,-3.6076,6.727,6.4369,-6.7304,-2.6234,-8.381,8.2834,7.4337,-5.7524,-1.4394,9.7581,-5.5689,-2.3305,-6.5369,-3.6965,7.4398,-2.4085,-8.9199,-4.6022,-3.1236,1.3846,-9.8342,-6.5824,6.1048,-7.3865,-2.0024,-3.7477,4.638,8.1097,5.3774,-4.4163,0.0766,9.5409,3.8271,-8.2081,5.3527,3.1052,-2.002,5.9147,-8.6905,-4.7665,-0.3551,-6.1842,-3.5575,-1.6663,5.3319,3.4437,4.0125,5.3899,-0.7003,0.0199,-6.8968,-6.2177,-0.2696,3.194,-0.9691,-2.7572,-4.8745,-3.7332,2.5155,3.9621,-9.8393,-7.3894,1.811,9.998,-6.077,-8.3401,-2.9144,9.0109,-5.7379,4.5836,-3.9911,-1.7252,-2.2668,-1.8392,-1.5823,-3.5219,-8.5809,7.4078,0.489,9.7294,-6.6816,8.5461,-6.0291,-0.5321,-7.7952,9.4979,-8.3915,-1.7556,-6.4083,-9.7638,9.5623,-0.3233,-7.973,-2.6204,1.3351,-4.19,9.9836,-8.771,7.3811,1.3666,-6.0357,3.3587,8.6276,-8.149,3.7266,8.8239,0.3949,5.8045,8.7009,-6.4591,-9.1401,6.387,-2.8228,3.3173,-7.5263,6.1954,-6.3228,2.1941,-4.5039,8.9368,4.5287,4.0957,7.5072,-9.1325,-8.9628,9.2482,3.3753,5.2957,1.3143,2.6285,1.5229,-2.3625,-3.6629,-3.7797,4.7242,-9.2501,-0.9727,7.1876,8.3271,-3.1452,-1.3168,-6.9625,-8.7612,-9.9002,0.5529,1.5228,-2.1495,-3.406,-8.1857,6.168,-6.0605
4.5561,-6.5128,-3.5153,-7.8299,1.3037,-5.4309,9.2714,-0.7703,-4.1618,4.9388,-0.5163,6.4625,1.6823,-1.5642,1.5431,-9.5146,-0.5714,9.4098,2.8886,-6.4978,-8.8339,-7.5294,6.5348,-3.2021,1.2864,-1.5504,-6.8915,-9.2023,3.0673,-8.3194,5.2046,-5.5532,6.0437,6.8448,9.4044,-8.0066,-6.5703,-3.6769,7.3909,-5.5874,-0.5291,-5.4445,-3.3732,7.4375,-5.3731,-6.3331,-0.2529,1.5593,7.5666,2.1597,5.2418,2.5289,5.8412,1.6057,-3.9624,5.4647,-1.4262,-1.1577,-2.4829,2.1547,-6.3909,9.3538,4.6375,2.5492,-1.0491,-9.7365,1.6793,0.6332,3.8615,-7.3024,2.779,3.7886,-4.1617,3.511,6.2465,-8.5064,5.1837,4.7769,-5.8478,2.0182,-6.2847,-2.5604,-8.3791,-4.3323,7.7745,5.9423,2.3789,-3.6169,0.4044,-3.3796,0.1571,9.6239,4.8607,-9.4341,-0.4193,1.1178,-1.5016,-6.0164,-4.2081,-2.1265,7.3416,1.0554,0.537,-8.4087,9.7015,1.6754,-1.1407,6.1076,0.7076,-6.7712,-1.0366,-3.3824,-5.7355,-8.5337,7.5266,7.4447,4.0089,-3.4022,-5.4692,-4.5039,-6.8275,-9.3397,-0.0947,-1.667,0.3817,-9.3414,-9.4371,-7.9306,-8.4828,9.0661,6.2654,-9.9407,-3.9708,7.7758,-8.6652,-2.6487,4.3883,-6.1327,-1.2477,-7.2794,-9.0611,4.0334,-0.1572,7.1602,-6.5439,-6.6969,-8.9874,-8.4117,8.1021,1.5797,0.037,-9.3783,1.0836,4.0491,2.1922,7.1101,-6.4995,1.6538,3.388,-2.5079,4.5716,-6.0101,3.2388,-8.8168,-4.3192,-8.2645,3.8547,-4.2535,-6.0197,0.5518,-1.2762,-8.0459,-7.3934,-6.1527,-6.5529,-5.6939,-5.811,-7.0285,-8.0186,2.6444,-6.5426,-3.3351,-5.4368,0.0099,7.525,4.7866,-5.5136,-2.2367,9.834,4.8186,-8.2831,4.1803,-9.1578,8.3665,5.351,7.9023,6.025,0.7034,9.8276,-9.6508
8.1534,-9.5945,-2.0784,-5.7687,-9.0664,-6.9854,-0.6714,-2.2364,-9.1323,6.0363,-3.5936,3.2967,6.7117,-6.1117,-6.2159,-8.1844,7.2171,-0.2977,9.3326,9.9227,0.8576,-8.119,-9.751,1.9432,8.1413,-6.4402,-9.8271,4.0991,6.3688,7.1337,-0.9846,-0.884,5.7125,-0.4335,-8.9466,-2.2613,-5.5904,6.883,8.4333,7.8741,-5.7044,6.5127,0.2118,9.3006,7.548,-8.8091,6.1603,0.9374,1.4026,-4.8335,0.0137,-4.6598,-9.2839,2.0762,0.7724,3.0632,4.0093,-6.6767,-0.0515,4.2775,-7.9037,4.6898,8.8795,1.6531,-4.3042,3.4656,-2.1921,8.8821,-4.2998,-8.7451,-3.8367,8.7503,1.0422,-1.9029,5.3276,-0.2699,-3.0425,-8.2309,7.9867,9.0068,-8.2269,-8.5905,-7.6909,9.6531,0.6734,5.5701,-0.3898,-0.451,-0.5197,-5.5752,-4.6055,-8.427,-9.8246,-1.8251,8.5378,-8.2614,-9.337,3.3805,4.8045,0.7903,5.5212,-3.7586,-2.9486,5.3808,-8.6715,-3.4021,0.3414,3.4992,-6.0082,-4.6117,6.8094,6.8371,1.6709,8.1629,-4.9571,-1.1044,7.0672,-0.1695,4.2656,-5.1321,-7.7244,-9.4204,-3.2265,7.4912,0.0672,-0.9159,-9.646,7.5697,-8.9222,-5.6122,1.6453,7.4318,5.6613,-2.7061,-7.6828,1.1839,-9.8148,-5.4095,-4.6236,-3.4263,9.0866,9.0484,-0.3742,3.6486,7.8198,-1.6553,-9.5093,-9.5043,-2.5973,5.0269,-4.0662,6.5711,-0.3497,7.2498,-7.864,4.5065,0.6349,6.9906,6.4013,1.6612,-7.8131,0.7175,-8.6072,0.415,-9.4553,-1.0285,-5.3407,-3.7082,-5.7908,0.6484,-5.0397,8.7931,-5.1915,-0.0908,2.7987,-1.2159,6.3259,4.639,3.129,-7.1298,-0.1585,-7.4426,-1.1424,-4.8406,1.7498,7.6466,7.1096,-9.3214,4.6117,-0.9854,-7.6083,2.8509,-6.1828,-1.1375,-8.2172,-2.3267,3.3939,-8.1653,4.1117,1.3812
-4.0186,-1.8166,-0.0861,-2.3397,-0.6367,-0.2548,-4.4648,1.4242,-2.2277,3.298,3.3264,-1.2557,4.5336,-0.1443,-1.0564,7.7502,-3.7329,-5.3604,-9.95,-1.7992,-0.5325,-7.9298,8.4835,-0.1038,1.7005,-3.2201,-1.7183,0.1732,6.6004,7.8427,0.0496,-6.5037,0.4617,5.129,-0.3585,4.9822,3.1022,-0.9897,-3.6714,2.5402,-4.1465,-9.7708,2.7091,8.1392,4.8471,-4.368,0.1389,-2.9527,7.8119,4.1244,7.3816,2.8308,-1.2757,5.3954,1.8161,6.2551,-5.1511,7.0413,-5.6817,-2.2568,-5.8948,-2.033,-4.5638,3.5692,-1.9684,-7.6736,-0.8212,8.0571,-3.2339,-8.3386,-5.4278,-5.6172,-9.5677,6.2418,4.3328,-3.0267,-9.6144,-8.5853,8.668,8.3613,6.1661,-8.5697,3.564,-4.3239,8.0114,-0.1826,-4.4679,5.9452,-3.1531,-8.9276,5.4972,0.4682,8.7707,8.7206,-2.8923,0.6767,-5.4607,1.5013,-7.2188,6.8918,-3.3713,-3.8328,-6.274,4.5725,0.5839,-7.2667,5.9179,-6.6738,-2.9033,-1.2429,-7.706,-1.2943,-0.31,-1.4463,1.8956,-8.0965,-0.8779,-6.6536,-8.2019,-4.421,0.3162,-1.181,-9.808,-8.9567,-5.0964,-9.4032,4.0813,-0.6889,7.7026,6.9677,-9.0838,5.8452,-7.8665,-6.0693,0.0695,2.7025,-7.4523,9.1012,4.3574,-4.7456,-6.3673,-3.5313,-7.2987,-6.7481,-5.1581,-2.393,8.7867,4.0517,-6.8647,0.3626,-5.2899,6.1444,5.0245,-4.842,-4.4318,-8.123,5.4484,-8.9316,1.1323,-3.5136,0.652,3.2722,6.0377,9.2079,7.789,-0.7264,-9.8562,-3.0121,5.7125,9.8081,8.2334,3.7163,-1.1955,-1.7366,-4.0611,4.2611,3.5216,-7.6143,9.0626,8.2691,4.2974,7.0254,8.8368,-9.5257,5.9437,7.1416,-2.0,-5.9547,6.6603,6.8568,3.3279,-5.7003,1.6831,5.1703,2.1583,9.7656,1.8263,2.4821,-5.8118,4.5315
-8.2674,-5.2911,-7.7967,4.3795,-7.5544,2.7599,-1.2084,0.4907,4.8958,7.7356,8.7082,-9.0169,8.1693,1.4218,7.5618,-5.7155,-2.492,-6.0823,8.8538,9.2848,7.4212,-8.4667,2.4664,-1.3279,8.7721,-2.8489,4.9418,5.997,8.3515,-8.6697,-8.6726,8.9009,-7.4978,2.5733,-5.611,-5.0897,-1.7364,7.8733,6.073,-3.3998,-8.3885,8.8566,6.5969,3.3389,5.8697,-7.6314,-9.4085,7.0394,2.7259,5.5988,0.8909,6.0513,4.4966,-5.0927,-0.6632,-8.463,4.17,-0.6994,-5.1221,-6.7004,-7.072,0.6824,5.3765,-6.5952,8.3203,7.1741,-0.4696,-9.8561,8.1539,2.8742,-9.9209,-1.2911,8.251,1.1958,-6.5693,5.2668,0.9204,-1.9908,-0.3643,-0.5549,0.8658,-6.756,4.1581,9.6162,8.027,5.819,8.6772,-7.9931,-6.4392,-3.5354,-8.4737,9.9166,9.2516,8.0166,-0.8352,-6.5298,8.0169,4.4086,4.4248,-1.6472,6.567,-0.9785,-8.1562,-0.8253,1.8955,8.8245,-0.4776,4.0596,6.9033,-6.5418,-8.1987,-4.8049,1.6298,-2.872,4.3388,8.3756,-4.7494,0.416,-5.821,9.7675,8.6848,4.5951,-3.1779,7.7484,2.3962,9.7659,-9.1914,-1.6198,6.7872,-4.936,-5.6171,1.5418,-3.5118,8.8572,-5.9629,0.2566,0.2553,3.045,6.9341,-1.2928,-9.9565,-6.1818,-8.1987,-6.0944,3.2205,-8.2958,4.8631,2.2219,-6.9264,6.6922,6.7452,-3.8792,9.9866,9.9681,8.371,8.1053,-0.1688,-6.0022,8.2428,-3.0793,-3.187,-3.0004,9.7988,8.2169,1.0453,6.1882,7.8816,8.5654,-1.6302,-4.425,0.0333,6.4642,-3.9685,0.1725,7.0665,2.3712,5.5402,-1.6403,2.7742,2.8869,-2.5122,-8.6837,-3.1039,9.5291,-4.1838,3.7288,3.6802,-0.8811,2.8047,-9.2574,4.2445,2.3742,1.4979,-0.6381,9.4221,-8.023,0.8444,-0.869,0.0962,0.0409
8.8917,-6.9632,5.2337,-2.9093,-6.5145,-9.2955,-8.7433,8.2356,-1.6801,0.8074,2.7302,4.922,2.7358,8.5704,5.7797,-9.7908,-5.1107,-1.9429,9.6798,-9.4504,9.4374,-7.8185,-2.4981,-8.4831,3.0628,1.2418,2.2358,2.9115,-6.3043,4.9186,-5.9939,6.6268,-7.52,3.6328,-1.9179,-8.5874,0.6831,-1.7955,-1.414,-8.4315,9.8826,3.7869,-5.7641,-9.9591,2.4857,-9.2981,-8.7211,0.0634,8.9371,-5.0164,7.1962,6.007,-3.3298,2.3731,-5.5409,-5.6867,-5.1445,-0.298,5.2657,-1.6564,6.4721,1.2986,-8.9337,3.9834,9.4855,0.7816,9.3249,0.492,-4.9761,-7.3923,7.8343,4.6261,-5.2816,9.1338,-3.7728,4.5638,-3.0621,-1.5457,-8.7213,-1.749,-2.9791,6.6628,-9.36,9.302,-7.4199,0.5943,-8.6148,-0.3016,1.6913,-3.0168,-3.6437,-4.2657,0.6553,-6.3022,8.8434,-8.5488,-0.5364,9.1196,5.1378,-7.7014,-3.1978,3.54,-4.4005,0.0127,3.1974,9.7977,2.505,3.4864,2.8932,2.2842,-3.1449,4.5368,0.0676,5.4203,9.4363,-2.4433,3.8814,2.1816,-2.024,8.2573,-6.0064,-7.5814,9.8306,4.3879,-3.6132,9.0753,8.6492,9.8443,-7.2827,3.0093,-0.3274,-3.7227,-9.353,6.8631,-4.8088,9.126,3.8406,8.4062,7.746,-4.7795,-1.5747,-7.6716,-4.9168,1.7869,-6.362,3.5446,-1.6363,-2.5983,3.0314,-5.9411,-0.0925,-4.1414,-8.448,-6.6402,9.1686,-9.8702,-7.9653,5.6058,0.6783,0.2603,7.4701,-6.2979,-9.5814,3.8516,6.3247,9.3386,-9.0042,-4.5186,-5.0974,-5.4,9.4601,6.3184,4.4153,7.7197,4.6519,9.5284,1.2702,6.3785,4.1413,3.8217,-5.8754,8.1726,0.263,-0.9494,-3.9986,-4.6946,-6.5482,-3.4252,-0.4833,-0.892,-2.6029,0.3578,0.4018,-2.6059,-8.4652,-3.9329,-8.7451,2.6233,-0.1436,4.2253
-4.5172,-2.6913,-2.5402,-2.2635,-9.3993,4.1547,4.5102,8.1056,-1.5108,-3.5539,0.5614,0.7932,-3.7237,-2.4473,9.1792,2.0242,5.1354,7.2961,8.6837,2.6504,4.9074,7.0941,-1.6147,-3.8635,-3.8064,-3.1612,8.427,9.2305,-7.3394,6.428,8.6919,-0.5477,-8.5955,-3.2253,2.7954,-4.9882,-6.0001,2.8044,3.8092,-8.817,-8.1559,-1.9166,-1.3047,-9.6337,8.5024,-1.9931,8.2294,-4.7195,-1.1732,-4.7749,-3.5052,0.1312,-6.902,4.4985,-5.2393,5.4769,7.4441,5.4145,0.8159,-8.4534,8.5614,-8.1558,-5.0527,-0.7876,8.9378,1.225,7.7116,-2.7357,-8.9615,-5.4913,-5.855,-8.6843,-6.4051,-7.4609,-5.2416,-6.6798,4.5837,5.6632,-7.7426,6.6939,3.9525,-9.4378,2.7794,-0.185,-4.419,-3.4545,-2.3298,1.2711,-8.6602,6.8705,-2.3865,-8.6876,3.4212,-3.5377,5.3825,-0.3734,-9.7199,3.2351,9.0174,2.547,0.4685,6.2087,-3.3418,-8.9214,8.1624,-7.1127,3.8193,-7.8957,-2.0224,5.4126,5.7025,-0.1236,-2.0923,1.1819,4.1334,-2.2303,-6.5587,-3.8568,4.0443,-0.7131,-4.8056,-1.3604,9.3145,9.1158,-8.6563,-9.9646,0.811,8.8993,2.2175,-5.9076,7.9459,0.1701,4.3067,2.1816,6.9713,-2.7221,8.4304,-4.3099,3.0486,6.0985,7.4128,7.6065,2.5036,-4.9761,7.7866,9.9185,2.9218,2.9002,3.3532,-7.3948,4.4995,4.9088,3.8681,-8.5061,9.6444,-0.5188,-9.0521,4.7377,-6.8511,6.8235,-4.3521,7.6594,-2.4158,-9.1569,5.8253,0.2747,-5.6797,2.7304,4.9014,3.1754,5.9699,-5.7963,9.7018,-5.3275,-9.379,0.6104,-2.4213,-1.5604,-8.8356,-5.8364,-9.4818,-1.4971,-4.5186,5.1943,6.5114,-1.5523,-1.704,-0.4147,-4.2737,-1.1972,-9.0834,-0.0991,-8.6041,0.1765,5.5448,-9.9057,4.5433,-9.443,0.0287,0.7963
-4.6235,-3.9121,0.2558,2.8841,7.1922,2.7805,8.6042,-4.9665,8.7434,-5.7664,8.4926,9.7732,-4.0703,-0.9881,-2.1116,1.3947,4.8555,2.0851,-4.3285,-5.1903,-9.4469,6.3908,3.9028,9.1784,-5.1794,-5.1475,-2.3954,8.9382,-9.0799,9.6703,-4.3402,0.5192,9.0545,-7.8822,-8.9415,-1.6149,-8.1885,-4.6172,6.9132,-7.0411,-1.0794,8.0264,6.3755,2.225,-8.2129,1.4995,5.5316,-2.9165,-4.627,-8.7152,8.3804,-2.0562,-4.2397,-8.9466,5.727,9.4207,6.0872,-8.2031,4.9708,-5.728,-5.5881,3.8738,-6.3066,-2.8635,1.4553,0.0992,-2.8701,-7.7578,1.6971,8.3409,-8.1126,-4.4453,4.2257,-1.919,7.9984,-6.5838,-9.1307,5.0576,0.195,-8.525,3.3529,-3.3103,2.0339,5.3009,-7.0771,2.8374,-6.4425,6.8638,-6.4266,2.1418,5.0846,3.0986,-3.2691,3.9995,-0.1865,7.1804,7.9283,-4.8718,-2.8776,-0.5875,-2.3971,9.4083,9.0523,5.1081,-4.7891,1.6466,-7.2975,-2.2738,4.0257,-1.8093,-4.6671,3.7946,-7.9013,7.1294,-5.3214,6.4973,-5.003,-9.8537,1.7749,-6.9702,9.5276,8.7623,-6.8223,1.0314,-6.4175,-1.4837,-4.7956,-0.1513,-2.6539,-3.0916,3.7587,3.9181,-8.1651,-1.2476,4.4267,0.7332,-4.6763,-8.4435,8.0773,-6.3734,-8.1125,2.7019,6.673,0.1112,8.9174,-6.5947,4.5578,2.02,8.968,-8.1897,-1.9954,-5.5424,0.8004,0.9476,0.9526,-5.8553,6.1947,-0.2219,-3.9897,-6.3284,7.4733,7.9172,-7.7444,3.3221,-1.4822,1.44,-0.1052,3.77,3.4509,0.0597,-9.2662,4.8586,-6.6044,6.2933,-6.722,-5.1331,-8.0296,-0.344,-5.4988,3.2727,-0.7188,7.6171,-9.9939,4.6357,-9.9532,3.8089,-1.3087,8.8989,-1.7049,1.5209,-1.4236,6.307,4.7337,8.3421,-8.061,-5.5993,9.7341,-9.9448,0.2017,7.6188
-2.5126,1.9438,0.2167,7.0513,1.2516,-5.3528,5.7499,-2.7861,7.4385,-3.4411,5.1193,-7.6344,5.2434,6.701,8.206,-3.134,6.7788,9.9808,-6.7509,5.4434,-7.1786,4.4954,-3.2567,-3.6301,5.4266,9.8704,3.7373,-8.5954,-5.5424,-4.0359,-8.5217,-9.7272,8.8775,-9.2081,1.0658,7.835,-1.4723,-0.7824,-5.1191,6.5414,1.2544,-8.8491,-5.988,-7.9901,-6.5893,2.1422,-8.2116,-3.9868,-2.4874,-8.6488,-9.4786,2.3644,-0.9929,-1.721,7.9895,2.1513,-6.1697,-4.1308,-3.7511,-7.0941,9.0314,-4.8759,-7.1779,-7.4942,3.4528,1.0871,1.6709,6.078,8.8825,3.567,7.3828,1.1981,-2.1828,7.8742,5.8058,-6.6386,9.6543,9.1694,8.7856,0.0929,-9.0751,5.3256,0.4184,4.1743,5.0623,-0.3798,-7.3659,-3.3451,-5.1921,1.4535,4.6339,-9.5585,-1.6666,2.0918,2.2976,1.7179,-2.0033,3.9276,-6.5269,8.0516,-4.7751,-0.7161,-6.2244,7.3448,6.227,2.5718,-2.8324,-0.6898,9.6432,-3.7541,4.692,6.2474,-7.3078,-6.4575,-7.4883,9.7479,-6.5981,9.7701,6.8298,3.6052,-3.0243,0.7739,-0.4219,1.5891,-7.7347,-1.0787,4.4916,-6.1784,-7.9355,-9.5519,-5.6221,-0.1319,4.1487,-7.0565,-9.0434,6.0078,-9.0577,4.3888,7.0746,-2.0771,5.7027,-2.0606,1.7031,9.1315,2.1643,-0.0705,7.0423,-2.7759,-8.5771,5.3262,8.7198,3.7239,0.1501,5.4397,0.6805,-7.8937,6.2419,-4.9366,7.7502,-4.0459,-5.3699,0.419,-6.8229,-5.8563,-4.8341,1.6223,4.4798,0.0993,4.7952,1.4544,5.5729,9.6758,-1.9332,9.5451,3.2802,-5.6691,-0.898,5.5004,-3.88,-1.2331,3.7601,8.4228,3.6467,5.4925,-1.9107,2.3978,3.2326,-7.3728,2.7409,-6.4582,-6.582,9.3148,-7.6154,-6.5648,-5.9757,-5.6741,4.3538,-1.7274,9.7246,4.7757
-4.5779,-8.362,2.7885,-4.1307,-6.7905,-2.663,-2.439,-0.5511,-4.3788,2.7237,6.4506,6.0679,-5.9806,-2.3767,5.5513,4.1925,-1.4426,-6.449,-6.206,5.8431,-8.6279,-5.9575,-8.6255,-8.5835,-9.5033,2.8434,6.1902,8.5086,4.4821,9.1816,6.9141,2.9038,-4.8563,-6.7218,-2.5606,-8.7546,8.6091,-6.8812,-8.6328,-7.9992,-5.4765,-9.7487,0.1939,8.0247,8.0734,1.5598,2.5109,-7.9365,6.2681,6.1437,1.8287,-8.3397,-9.6369,-2.29,8.0625,1.1328,7.5121,2.7256,1.4742,-7.2929,-7.3397,9.9934,1.6836,-8.6147,8.8045,-4.2764,-5.0715,4.1288,1.4272,-4.0257,-4.354,-3.6273,-6.0111,-3.1947,-9.3487,-0.8117,-6.9278,-8.0412,-4.5473,-0.6662,0.9611,6.3696,-7.3956,5.7275,-7.7777,-0.1482,3.2309,-1.7641,9.1515,-9.2081,7.3907,-7.1028,-3.6135,8.2621,4.8886,-7.572,1.1798,8.891,-2.6383,6.7197,-8.6331,6.8935,5.9975,-5.58,2.0694,2.2481,1.4119,-2.6098,9.1113,-0.4922,-4.3077,9.1423,2.4667,2.9814,2.5938,5.2334,5.4925,0.6655,4.2344,-7.8727,3.056,-3.8388,-3.0686,5.2441,-6.7272,-2.6427,-1.4727,-8.1271,-0.4628,-3.4307,1.617,6.5898,-4.4163,6.5833,6.5028,9.7462,4.5313,-6.2603,1.3216,3.8767,-6.2272,0.8885,-3.0327,-8.0355,5.8365,8.3657,-1.3894,2.0754,-4.2451,7.9338,1.4879,-0.3573,8.2364,-6.6438,-3.4025,-3.8705,8.777,-1.8544,8.4001,9.8872,5.3511,-7.5841,-4.9129,-0.1924,-4.7888,-3.5062,-2.2005,3.859,-6.7582,0.1225,2.9755,7.3323,8.5005,4.1986,-2.3937,-6.7804,-0.0967,3.7739,4.9284,9.7547,9.2432,-8.0364,6.1018,-6.4811,3.6383,1.4284,6.9048,1.9395,6.0601,6.3309,-1.3725,-9.0416,7.7255,-9.2186,-3.5339,-6.5114,-9.6736,-8.1922,9.1074,4.1423
-5.9516,-1.9309,-6.0603,5.2612,-9.5606,-6.4518,-2.919,7.094,-5.4652,-4.7025,-1.0645,-6.6175,6.4845,2.1462,5.6818,9.7316,-8.1679,1.2893,-6.154,-9.8026,3.7665,4.2829,-9.7363,5.8084,1.6301,0.6506,-7.3572,8.8078,-7.5638,8.6347,3.6358,5.8157,-1.2245,6.917,9.3164,-7.9589,4.729,1.6906,3.0623,-4.4504,-1.4298,-3.1747,0.1056,6.9212,-0.2719,-8.7947,-2.1541,-1.7682,-7.5338,6.9116,-1.2833,-1.2938,-8.969,1.9738,-4.5117,-8.761,-3.8406,-3.3932,6.4839,-6.83,-5.1307,-2.549,5.9288,-5.0811,-9.0448,-8.2386,-2.1037,0.2142,-6.6158,3.3558,7.9894,4.4795,-9.3459,4.1818,7.3545,1.7654,-9.9384,-9.8141,-9.9634,6.5321,2.2276,-2.2071,7.3918,-0.7562,-4.1289,-6.1176,1.1748,3.4462,-7.3651,7.1334,9.4033,-4.0746,-3.8225,8.6725,7.9332,6.8504,-1.9456,-7.8853,2.4521,-7.4614,0.7573,-4.2375,3.2566,1.1321,-3.8453,6.3824,-7.0297,6.0153,0.8764,6.4529,-6.9835,-4.9444,-5.1629,1.3619,-1.6529,4.9399,9.2483,8.0737,-0.618,-3.6648,2.4829,4.5008,9.7892,-0.0868,8.7928,-3.1562,-4.1205,6.0178,5.4689,-6.4134,3.5586,-8.2824,-4.2132,9.2299,-1.002,-7.1594,0.3648,-0.5101,2.6012,-9.1442,-1.4873,-8.4451,7.4625,7.1339,-1.1928,-8.0961,6.5355,0.2948,-8.2186,-3.3355,-4.2502,-2.6361,5.0228,2.7432,-4.9304,-2.7898,8.681,6.7435,-8.4048,-5.9333,-0.6829,6.288,6.3865,-7.1929,3.8171,-4.0753,-6.0674,-2.3914,-6.9993,3.15,-6.5604,7.4557,-1.1894,-7.2525,4.3037,9.7585,9.8771,4.4507,-7.4445,7.7252,3.3332,6.3287,0.4818,0.7848,-4.9621,-8.9214,-8.7045,-3.5043,3.0146,-1.0152,1.8529,9.4114,9.6218,-7.2285,8.3015,-1.5049,2.6747,-9.9164,1.2796,-4.0972
-8.5239,9.4293,4.3207,6.5943,-0.2011,8.8724,6.9142,-3.1635,-5.0318,-9.1587,7.4271,-5.4905,-4.1157,-3.8004,7.772,5.3809,5.0725,-6.1902,-4.0449,1.9416,-5.1603,7.3866,-9.9033,-8.4841,-3.5028,7.6261,6.6359,6.5152,-9.0657,7.6477,-4.9361,-9.7583,4.2156,3.2566,9.9175,-7.9083,-0.6203,7.3714,-9.1933,-9.5148,-4.5804,8.2429,-0.0608,-2.251,8.2056,2.0316,9.1868,1.1435,-5.4287,-9.4426,-8.6502,6.0126,2.4676,0.0771,-2.0047,-3.8734,3.9309,3.2164,-5.4116,-3.1603,-9.9905,-5.3503,8.1283,6.4469,7.1421,-8.6814,2.5734,2.1743,3.1729,-4.7048,9.5027,-0.6684,-8.5146,3.0024,-9.3598,2.6753,-9.1743,-8.0495,-2.5858,-3.2001,-6.8929,0.7173,0.1128,3.1711,1.4891,3.4521,8.9032,-8.1598,4.5997,0.1079,-3.0198,-7.7147,4.3457,-7.4003,1.6132,-3.7244,-4.4157,-7.516,7.5502,-0.3615,2.5233,-3.9636,-2.265,-7.3646,3.7211,8.3403,3.1748,7.9396,-9.7561,2.0448,-8.0058,-8.6335,9.01,8.5796,6.444,0.0371,1.1043,3.7444,6.3337,3.7474,-8.7965,-6.2147,3.6194,0.6473,-7.9599,0.4357,4.0237,0.4514,-6.8243,-0.6183,-3.6361,4.4493,-4.5772,-7.1129,2.4911,2.8315,-6.7182,-3.0985,-9.9579,-1.6369,-0.3827,-2.1469,-6.3841,9.8184,3.1652,0.4146,6.9264,-4.7041,-6.8083,-1.1591,5.9998,3.7199,-4.8532,-2.8766,2.8452,7.3793,4.2873,-1.3774,-5.0044,-0.5868,-9.2679,-6.9235,-2.4748,3.7307,8.6293,-5.6177,-1.9823,2.9408,-2.3924,7.6821,-2.2991,6.5521,9.9497,-8.1646,-6.7106,-7.7922,-3.5779,-1.1678,-1.6875,4.9959,8.6543,6.4784,5.2829,2.3219,4.5328,4.7751,-8.7914,9.8666,2.8719,-1.7983,-8.0885,8.6687,-8.4224,5.2832,-2.1172,3.8391,2.8373,-4.422,9.2826,-7.6989
-8.9805,6.9907,0.2933,-1.1273,-3.3452,-8.694,-9.0383,-8.5348,-9.0228,-5.8811,-8.2941,-5.1722,-6.6302,1.2567,-5.5092,-0.6188,-8.1356,-4.5131,3.1829,-6.6997,-0.6164,2.6755,-1.4674,9.8245,-6.789,-2.9284,-2.0125,-1.1687,-7.7316,2.9086,6.9921,9.8169,1.5438,-6.9108,-8.1854,-1.8872,-8.1076,-2.6365,9.8304,-1.9431,-4.6961,-1.8587,1.3755,-4.7066,0.0993,9.5487,-4.5648,-1.924,-1.5214,6.6402,0.6079,7.8674,5.4666,3.0077,-9.7433,-0.7326,6.8778,9.3772,8.2087,7.3932,2.4098,-4.6957,0.687,2.706,6.1095,-7.8073,-9.3671,-7.212,5.2125,4.6902,6.6594,-2.9046,8.4863,-7.6228,-3.3408,5.1514,3.1373,-4.4942,2.6979,5.5504,-1.0816,-5.3948,7.4225,-3.2921,8.9359,7.5658,-5.2805,0.5548,1.342,-8.7338,-2.3984,2.045,-1.3984,7.1552,-2.1398,-4.3966,9.2366,7.0253,5.7812,-7.0531,-1.4938,-7.6845,-6.8687,7.1414,-4.909,0.4432,3.5415,-9.2749,-2.9261,4.2486,-0.9959,2.0888,-9.0735,-1.3242,6.9669,3.1466,7.5418,-8.9851,1.2168,-2.6444,-6.416,2.2248,7.1592,-6.1737,1.8572,8.2099,-5.9571,7.0207,-9.1546,-8.4425,5.3741,-4.7898,2.8451,6.3417,0.0941,-1.1082,-8.5131,3.002,2.0405,-5.0088,-7.3695,2.728,7.092,5.8613,-7.4335,-5.7667,-9.7812,2.2716,5.84,-5.7342,9.3023,4.8459,-3.8847,-3.1991,-6.8139,2.2246,2.1824,-9.073,-0.3748,8.2018,6.1238,7.6612,-5.9577,-2.8392,6.8877,2.6616,-2.7301,-6.8669,7.1306,-9.8733,-8.0882,-6.826,1.6813,-0.5323,9.0358,3.6541,2.2999,9.051,-9.9161,7.8133,-5.5065,-5.7777,-9.1633,-3.2665,-5.5754,-7.7058,7.3336,-1.8474,1.2971,3.9588,-1.8476,7.8785,-2.3842,7.9327,-2.8362,0.7189,2.4838,-6.858,3.1118,-5.302
-7.3083,5.1096,0.5179,7.8212,-8.3265,3.4455,6.9748,0.4802,9.0923,3.2149,2.8272,-0.236,-4.9424,-6.7581,3.4435,-3.6264,8.3976,-3.1124,-2.4769,1.2729,-1.0766,-8.489,-6.0005,4.3147,-0.3481,-3.2983,6.0962,4.2816,-5.416,-1.2417,-7.8093,2.109,-8.8121,-7.3749,-4.7298,-5.4847,8.7784,-2.6684,-3.307,6.087,9.6793,-3.3604,-3.4971,5.4727,-4.26,5.5648,-8.135,8.8906,-6.5805,6.2114,0.6966,-9.3793,-0.5382,5.283,3.0154,-2.8087,-0.8247,-8.9414,9.9814,4.3158,4.9436,-8.8045,-7.5273,-1.3405,-9.2483,-6.7233,2.8504,-8.1568,-3.2848,-2.7277,-3.7559,-8.9139,0.3948,4.0392,-9.8104,-7.7263,6.1212,2.041,1.9261,-3.1212,0.6128,1.3169,-2.7327,-0.8292,9.1854,-9.553,8.5147,-6.9089,0.2895,6.5515,-6.4418,-2.0036,9.9674,-7.9001,-2.8027,4.6326,5.9991,1.8044,-3.0142,4.6158,8.2874,1.573,-3.4988,7.3866,0.8132,-9.7269,2.5449,-7.6796,-6.9398,7.3954,-0.5204,3.9354,5.5941,-0.9762,2.4195,-5.1141,0.1865,-5.7634,-1.8594,-0.7725,-6.6301,-6.606,-8.0426,-3.7075,6.0947,9.4517,-2.576,1.6039,-7.0324,7.4657,-2.7147,-6.8677,-0.7245,-1.615,-8.0832,-3.2287,-8.2631,-6.5961,-8.5024,2.7175,7.6099,-9.2787,-4.4536,-4.4089,5.9801,-5.6661,9.0677,-8.2348,-5.7751,7.7614,-2.3584,-5.639,-6.9579,9.1523,-2.7666,-2.7988,-6.4756,-1.5096,-9.6293,0.5423,2.5895,-9.441,-9.2499,6.5868,-8.1968,-3.9551,6.4494,7.1589,-1.8091,2.975,3.1511,5.2371,3.81,4.7312,8.1835,5.4733,-0.1404,-5.6658,6.7092,-0.9718,8.2359,2.4153,-1.5815,6.2684,3.7044,-0.9586,7.0977,-0.4675,1.5109,6.4811,0.9336,5.8372,0.2217,1.2125,-7.9342,1.1499,1.9353,-0.2807,-2.7228,-2.1407
-6.9461,-9.4042,-9.0018,-8.4842,2.2351,-9.6773,4.0521,-4.5486,8.4094,-9.1754,6.7135,1.8527,-6.7157,0.4398,1.7055,4.4017,-3.9903,9.4717,-0.6418,9.7964,5.8711,5.8054,1.2222,9.4405,5.4162,1.2584,-3.9836,6.0822,-0.154,4.1899,-7.603,6.3979,-2.3327,8.7488,-9.6826,7.7655,5.3262,8.3976,-7.4935,-5.4356,6.9798,-5.4347,1.1936,9.8831,-9.8052,-1.9796,-0.083,-4.1443,-6.5738,3.453,-3.472,8.3611,0.0072,7.8889,-1.4679,1.4998,-2.2707,-6.8219,-2.7079,8.2132,-8.3774,5.0671,2.6226,6.8185,5.2936,1.8426,4.5768,-6.0322,-2.2033,2.6795,0.1093,0.552,-7.743,-1.3734,-2.7936,1.063,-9.4994,-2.5527,5.0842,-0.9096,2.113,-8.4317,2.3107,0.5343,-9.1752,8.8661,6.9228,3.2293,9.247,6.1972,5.8482,7.5146,-7.3703,-0.5307,5.0194,-7.6941,4.609,9.3105,-4.6743,-0.7906,-3.2133,7.7908,-9.3968,7.8999,9.1571,-0.6175,-4.9491,-8.0703,3.0625,-3.2141,-0.4343,3.0183,-5.4406,8.9186,-8.5639,-3.9247,6.5541,5.3978,6.1295,-2.2722,-2.664,-6.5701,1.9533,-2.0087,-1.2874,-2.2751,-8.0988,1.723,0.676,4.6596,-9.5421,-9.1337,0.368,-4.7713,3.5038,-4.593,2.3663,-2.0189,-6.1615,-5.8798,6.1072,5.5799,-9.3247,-4.7991,2.3998,-8.9862,-0.1606,5.9083,-0.7927,4.8216,-1.6266,7.5299,-2.7961,0.911,-6.2002,8.0701,-3.2697,6.9351,-2.9391,-0.0525,4.2283,-7.4783,-9.9535,7.4458,-5.4402,-2.8394,-4.7702,-3.2256,5.6698,-1.777,-3.789,-6.5547,9.6061,4.384,7.2003,-1.2903,-0.2781,2.1684,2.8769,-7.3794,-0.8707,3.449,-5.29,-6.2756,5.5249,-4.4723,9.155,-6.0933,9.742,-2.0073,-7.5821,8.6395,9.6811,4.6929,8.4688,-9.7534,-3.7751,6.5755,-4.5063,-7.9721
6.9083,-5.7977,6.6544,1.1589,-5.2233,-5.8502,6.9933,6.6765,-3.2739,-9.0103,-8.7838,4.8369,-2.9973,-4.5941,-6.7091,9.03,6.9166,1.992,9.2113,1.6378,0.7188,-9.2423,-2.7775,-7.9516,-4.8627,-5.1361,-3.5629,-7.3,2.4246,6.9341,-1.8247,-1.1397,6.9305,-6.9641,1.0378,2.7624,4.0203,-0.5916,7.5109,-5.7341,-5.2384,-2.57,0.2086,2.532,-4.5041,2.1499,9.9383,7.978,-5.4882,4.8621,3.4211,-0.0606,9.2179,-8.928,-5.7582,-8.3661,-8.8434,3.4681,-9.5163,1.1858,2.1457,-4.03,-9.7169,2.2834,5.8564,-6.7878,3.824,5.411,3.5042,-8.0925,-4.6153,8.6269,-2.0935,-8.0267,-1.709,6.2193,-6.9631,6.9501,6.521,-5.6256,-2.1057,-1.6668,8.3844,7.7018,1.831,0.8701,-0.0669,-5.8454,-2.6509,8.405,-8.1681,5.2656,-6.9568,-6.7759,1.7856,-0.487,-4.0968,-0.0486,-2.3724,-4.6308,4.3295,-8.3617,9.6907,7.8685,-9.5377,-1.368,4.5485,-3.6602,7.2483,-1.493,-3.3859,9.5711,9.8314,2.5589,-0.9137,3.9378,-1.6264,-3.9133,9.27,0.6373,8.0199,-7.4894,-9.2363,-2.8149,1.483,3.8548,-3.2589,9.624,-5.0737,-0.0079,2.3842,4.4694,-3.6091,1.8177,-5.3344,-8.6081,5.7815,6.3194,3.2717,4.1379,4.4661,-5.4725,-1.0167,-2.0356,6.1352,2.3833,-0.7389,-4.0645,2.1247,9.1335,5.7313,-0.0675,-7.6861,2.4592,-0.1398,5.573,5.6724,-5.1878,-0.3092,-9.9401,9.6726,-7.1419,9.7303,7.2764,-5.0154,-2.2605,0.7321,-3.8612,5.6708,-0.7938,4.1179,8.7625,-1.7866,-3.5694,-8.9035,-8.9895,8.8362,9.8635,0.7726,-6.8089,9.352,-8.1163,7.4736,-8.6806,2.1068,-9.1555,-1.3881,4.8519,9.579,-9.7406,-1.5736,-8.9475,-6.3539,-3.2198,-2.9922,8.5349,7.6235,-4.5969,-8.9747,-3.4794
9.4401,8.9569,-9.5486,7.1475,7.0797,-5.2061,-4.2031,-7.3569,-3.9206,4.7112,-0.4819,-8.817,-3.3115,4.3085,-3.555,-9.0028,-0.3389,-8.2651,4.3986,-2.9844,0.8141,-9.9793,8.8342,-8.91,1.7987,9.146,-0.4036,7.125,5.1232,-1.5685,-1.3793,7.9052,-7.5269,7.1305,-0.1506,9.1193,5.7631,-9.1676,-5.9958,-9.1993,-7.5217,9.3192,-5.0579,-6.6443,9.6375,-9.8324,0.7867,-8.7034,2.4795,-1.9574,5.3681,-3.8037,-7.5215,-5.8664,-7.6261,5.0751,0.056,-4.8059,-5.0887,-3.5072,-2.0706,6.6319,-9.3113,5.6623,-6.22,-2.1391,-5.844,-8.0407,5.6871,9.7773,-3.9419,6.5017,-7.2412,-9.5736,-4.0839,7.3625,-4.3591,5.0037,8.8579,8.6439,9.9003,5.6594,8.6268,-2.1655,-9.7175,-8.8277,-5.875,1.8009,1.8426,6.583,5.8958,-0.438,-8.0133,-0.1599,2.8356,-3.4962,8.2867,9.1997,-2.674,9.1336,-2.2314,-0.153,5.3104,6.2113,-0.5222,-8.5047,8.2463,5.1165,0.7636,-4.2852,-4.7979,4.1164,-4.4596,4.1191,3.9988,-4.0648,4.7087,1.5788,0.6477,-0.2004,-4.5035,7.2758,6.3289,-4.0015,2.8566,4.078,0.4167,-0.6766,-4.0224,8.829,1.2479,-3.2659,-7.0368,-7.1072,1.1904,5.9648,1.0143,-7.6347,1.9696,-2.1932,-0.2399,5.1204,-3.2346,-6.9196,9.4356,6.0676,3.9099,-1.7817,-0.6988,0.913,3.2756,-4.0279,-7.7363,-7.9945,-1.2162,-3.3859,2.3932,-0.7701,2.5466,2.1,6.3735,-0.5679,-6.3573,-2.9942,-3.7795,5.651,-8.4842,5.134,9.0377,0.062,0.1219,7.4125,-4.038,5.2964,-5.0247,-8.0549,8.6968,-5.8633,3.3004,6.7285,-6.7701,-2.5666,5.4433,7.2399,-6.4588,7.7128,7.4903,-7.8878,0.2939,5.4716,-3.3272,2.2273,-0.7437,-5.297,7.3113,4.3576,1.34,2.2239,-7.1391,-1.945
0.5698,-5.5801,-2.1145,-4.8976,-6.5519,-4.4269,-8.837,-3.4556,-0.9494,-0.3984,-4.579,4.5237,-7.3619,-6.306,-0.2341,-1.4989,-1.5974,-4.0449,-2.8147,-0.4498,5.2687,9.916,-9.5981,7.0205,1.9404,4.8546,5.0927,1.5229,-3.6446,4.4976,7.3969,7.8398,-0.7731,-1.0965,-7.9306,-3.6309,9.9747,-4.7407,2.8606,-0.7438,7.0877,-8.4632,-6.1389,-2.1199,2.3639,2.6612,7.2496,-2.2365,-8.8674,-8.0931,3.0663,-8.2107,4.545,-7.6479,2.0321,4.9977,-0.9197,-3.1454,-4.7419,5.5703,3.287,2.3125,8.5658,8.1837,4.035,6.7503,4.0189,0.8713,1.8516,-4.2731,7.5157,0.9328,6.1701,-1.8596,-3.5523,4.431,-0.852,1.6214,6.766,6.0074,-2.3455,-0.0776,1.9577,-7.2082,-8.0104,-8.5624,2.8618,-0.8809,3.3449,6.3811,-1.6366,0.1572,-2.0898,-8.4277,5.9224,-2.9568,-1.2647,6.8299,-3.1095,4.7866,9.2316,-6.0078,-0.3043,2.8921,-1.6647,5.4392,-2.8958,7.3808,-6.7164,2.886,9.6813,1.1895,8.2122,-4.3937,-4.3795,-2.1969,-3.1873,-9.6935,-8.4258,4.5582,-8.7317,3.3744,0.89,3.7495,3.9527,2.0305,-3.389,7.5408,-2.4914,-6.0739,-6.5505,6.1787,2.9492,9.4934,-2.9397,-4.1881,0.1766,5.8687,-3.439,-0.102,7.6406,1.5046,0.5829,-8.6881,-0.2045,-8.2858,-1.1128,-2.0651,-9.3522,8.8968,9.6169,-2.9712,-0.1309,-0.1862,-2.1364,6.8715,-7.2757,0.9705,0.3741,-8.6361,5.6626,5.452,-7.091,-1.2442,-0.0692,-3.2374,-1.0205,8.3836,8.1838,-0.4719,0.137,2.0158,2.2827,-2.5529,-6.021,8.3389,-0.1829,-9.918,4.7891,-0.037,6.028,7.6068,0.3995,3.1247,4.6738,8.6459,9.4263,5.3537,-4.8773,-3.595,0.9057,-1.5162,-0.1538,4.3804,-7.1116,-5.2997,-3.4125,-6.9202,-7.9743,-9.3297
6.2494,-8.1379,5.8821,-7.9884,-5.3922,9.1319,7.111,-6.0781,-1.3722,4.7975,5.7083,0.8626,-6.5212,-3.6969,0.1279,7.0729,2.9456,-5.5756,-1.97,-2.7327,-4.524,-2.713,-3.2086,-4.2097,0.1168,5.5388,-3.3629,-4.9616,-3.6881,0.4079,-3.9787,7.5606,1.4105,-0.6706,7.3416,-7.7741,9.777,8.5849,3.0911,7.5336,-9.8594,0.9095,-9.9533,8.6026,-9.5297,-4.2655,-6.5922,-9.0691,1.9651,6.2303,-6.8787,-7.2445,7.5865,-6.0874,-2.2167,3.9419,-8.4612,-5.5007,1.585,8.5102,6.9615,-5.4174,-4.7095,3.704,-5.8081,6.7558,3.7663,-5.4428,1.0886,3.9146,-7.7335,1.9658,-6.1794,5.1041,3.0318,1.6595,-8.6687,-4.7881,5.7044,-0.9238,2.538,5.5705,6.8043,0.3982,7.4398,9.6567,-0.2988,9.3896,0.054,5.0395,-7.0464,-5.9201,9.3742,4.3653,-4.7787,-3.4626,-3.3746,-2.6472,5.5555,7.8008,-5.6797,3.4315,2.4653,1.3215,-8.8921,2.2199,3.75,2.5005,0.4262,1.0964,8.1101,-4.9532,-5.8175,2.2785,-1.548,0.5194,4.865,4.8829,-3.0239,2.6131,4.4896,-6.3794,6.5443,-2.6293,7.9888,3.265,-3.0338,5.8316,7.5311,8.0321,8.5249,7.201,6.5069,0.1131,-2.1812,0.422,8.5773,9.8665,7.0182,5.7379,2.3555,7.2037,-1.449,-1.3569,-9.1601,-3.7216,-1.0305,8.7117,0.2444,1.4994,0.1316,-4.8955,5.9001,-3.4183,-4.604,-1.04,-0.0827,7.8142,-7.2575,-7.1785,5.3728,7.64,3.1088,2.5583,3.2973,7.8154,2.7214,6.5786,9.6936,6.5906,-4.5853,7.4203,8.1276,1.676,2.9001,7.0348,-2.5294,8.7265,-1.9645,3.0803,-2.0765,-4.6667,5.7448,9.386,-0.1993,-7.7148,1.5493,-0.5076,-7.3987,-3.4683,8.142,4.5132,5.9931,-0.803,4.4782,5.4467,6.9407,0.4598,2.701,5.52
4.2199,3.5764,-8.3152,6.7832,-5.6743,-2.0728,-2.9781,-3.272,5.315,5.7233,6.8564,-1.928,-5.49,6.5434,-3.5233,9.8398,6.7494,8.2471,0.6922,-7.2417,5.7285,3.4168,6.0246,0.4289,6.2223,-9.3195,7.7448,2.7055,-6.4932,2.2825,5.4076,-6.4604,-8.0663,9.3595,-2.5118,-4.6046,-6.5045,-0.8769,-6.7493,7.1873,-3.4039,-5.5586,-4.2293,-2.1381,-1.785,-0.4792,3.7098,7.3268,6.6057,4.8664,-9.2625,-6.9041,-5.6822,9.6784,3.1376,3.9686,-6.2185,-1.4988,4.8305,4.1707,9.7454,0.1716,-9.9338,1.3758,-8.5823,9.0386,-1.1618,-4.7052,-4.7202,-6.1838,-0.0484,0.2322,2.0367,-8.7721,-2.8859,-2.8435,7.5616,8.4248,8.6028,-1.8307,4.8008,-5.0774,6.1985,-0.3108,5.7366,-7.2297,3.3306,3.9098,3.535,-5.7845,7.1163,2.6639,-0.0526,-3.9484,5.1088,-5.4771,-8.9588,-7.9981,-6.7961,-1.1579,-0.9896,-2.1058,9.8505,3.0784,-3.4822,8.751,-4.9816,9.6526,-2.4627,7.7834,5.9104,-7.9722,0.1185,5.8815,-3.9114,1.9783,-4.7237,0.7463,4.0692,3.4332,0.9959,-9.6335,-2.6524,-2.2384,4.6591,-1.0616,-0.5777,-0.6597,5.3149,-2.338,0.6039,8.0951,0.1817,7.6683,-8.799,-8.2506,9.7847,3.3893,-8.5241,-7.9173,-1.1293,-0.8254,3.7732,-9.236,5.2243,6.5098,6.3523,6.3133,8.5062,2.9343,-6.4886,4.6736,0.5219,-1.4764,-9.0039,-9.1367,-5.614,0.8903,9.5881,-2.588,6.3272,-6.4065,7.1446,-6.4621,-5.5593,-0.0798,-2.6531,0.0388,-3.9492,-4.0676,-8.3682,0.5872,-9.055,4.3865,9.4862,9.0059,9.5231,-6.8022,-9.8856,-4.4936,9.9043,-7.5228,8.3831,-3.3079,5.4974,1.1191,-6.3205,3.4114,5.7933,-6.1826,-1.1397,9.2953,9.6785,-6.8401,3.1937,7.7573,-0.5447,-4.2023,-1.228,-5.3015
6.352,-5.947,-3.5852,4.6074,8.9018,-8.3782,-8.8703,-7.1722,5.7857,-1.7632,2.0731,-8.3345,3.2212,-2.1735,5.5778,3.1768,-5.8918,9.5432,3.1582,-2.1809,-9.2575,-6.2227,6.0314,5.1051,9.4562,8.9868,2.1634,-8.884,-5.1403,-2.7603,-8.67,-9.0172,4.2731,6.8728,3.2497,-2.9857,-8.6975,5.6261,4.5623,1.0433,2.0603,-0.0753,-3.7803,-5.3664,0.4826,-1.9537,-8.9416,9.6471,9.8222,-9.9168,-9.505,6.5542,9.5693,6.7957,-6.6613,1.0421,-5.8662,0.3127,9.7882,-8.0515,3.6361,-9.719,-3.63,-1.3741,-6.2679,-9.2916,-9.8656,8.3875,-0.2573,-8.0362,-8.806,-7.3439,9.8366,3.7823,-1.5105,7.0518,-7.1601,0.0919,-8.8283,7.034,-7.8242,-3.452,-8.9452,1.4372,1.858,7.3566,-0.5117,-9.1927,6.4246,9.3607,6.7321,-2.7112,2.3964,6.2801,-8.7747,5.373,3.5495,-9.5678,5.4331,-3.5612,5.8937,-5.0865,0.2621,9.6819,6.6978,4.585,-0.5226,-5.0246,-6.1746,7.5201,3.9784,3.3873,-9.8325,-9.4535,7.9903,6.0702,-2.4321,1.5451,-7.413,3.6073,1.8852,-1.3176,-6.1912,-0.4623,-0.5956,-6.4858,5.0293,9.4136,-1.6314,-5.0083,5.2774,-2.6033,-9.4196,-4.9234,2.647,-3.2921,-7.7217,6.3841,-3.8455,9.7927,-9.6457,-0.6997,0.9211,-9.3702,4.2865,3.1255,-2.3781,-8.532,-0.2671,8.8106,7.571,-7.2185,2.4924,7.3188,3.4481,-2.0103,-1.6054,7.805,6.9879,7.2327,7.9675,3.1254,4.4108,7.2405,-3.2474,-2.8163,-1.0201,1.9055,1.055,-7.0324,2.2494,0.2359,-0.0554,1.3623,8.6558,-1.0253,-2.0779,4.4473,-6.3368,-0.0036,4.6886,3.3288,4.3967,3.3122,-5.2214,-2.5623,0.2339,1.8237,-9.9738,9.6272,3.3153,2.3322,-8.9559,-5.656,8.5352,5.3965,-1.7963,2.5095,7.3284,4.1559
-2.6168,8.4525,-4.42,4.4198,-8.5091,4.9811,-7.4078,8.9512,-3.9672,2.0919,-0.191,-1.1296,2.5258,-8.3478,-0.218,9.7967,-8.5345,-8.7962,4.8898,-9.1741,-5.6048,-7.4356,1.3521,3.2033,-9.4873,-5.4234,0.093,-9.7316,-1.7767,5.8138,-3.7795,7.9534,9.7161,-3.4973,0.2977,-3.9743,-2.4556,-3.9452,1.1521,-6.8405,0.5682,-9.3543,5.4088,-1.5905,8.8527,-2.6839,7.2633,2.1769,1.5574,8.734,-8.0865,-4.1815,0.5911,-4.2153,1.6605,7.4782,5.365,3.4764,-0.6902,6.976,-5.8955,7.5682,-2.6952,7.2245,8.2974,-6.0475,-6.6812,-8.7778,-9.0147,-6.5533,-2.0933,2.6488,7.4833,9.7266,-0.7827,6.484,-4.0592,2.2043,-7.5524,-7.1369,-8.2961,-9.98,-3.8808,-2.6185,9.6323,-4.3531,-5.1474,-6.2088,-5.5134,2.0439,7.9521,0.899,8.5124,6.5577,-8.1365,-8.28,-9.3221,8.0381,-6.0254,3.0851,-2.8798,6.9196,7.539,-0.8393,-8.229,4.3187,9.6929,-8.2143,-3.3745,-6.2291,-5.4984,9.2385,-4.5191,-5.1951,-2.5886,4.37,8.816,-9.1587,-2.0056,4.6686,7.1278,-5.1107,-5.2628,-9.9461,8.7002,-8.4736,7.0189,1.5676,8.1361,-3.0478,-0.6093,-3.4072,-7.1495,-3.6567,-0.37,1.5271,-6.3063,9.2146,3.3723,-1.8045,-4.6997,1.3517,-5.6001,0.3833,2.4251,4.7907,-4.919,4.363,-2.4277,3.3251,-0.488,-4.5953,7.3729,0.9363,-7.9745,2.5095,-6.813,1.924,6.6214,-5.9759,-4.5499,-1.8443,-7.2331,4.4199,-0.8502,0.8355,-5.6428,-2.0579,-0.9365,-7.5896,2.4963,3.7568,-0.4816,-1.1474,2.0418,-1.9033,4.4229,0.4438,-8.7142,-3.4389,-5.9603,2.4968,-4.6766,3.1404,-8.3809,4.0952,-5.1503,0.6757,-0.9106,-7.1914,4.5005,8.9188,1.7873,0.5209,0.8299,1.2044,1.9482,9.5735,-1.0236,7.6783
4.1597,4.3069,8.4531,-2.3363,1.4043,0.6256,-6.6524,-9.01,0.4406,4.4318,-5.3623,6.7797,-4.331,-0.8057,-5.5595,-9.0723,-1.4395,-2.6424,-2.8051,6.9916,-9.7656,2.3613,-4.6441,-3.7092,-0.536,-0.9096,3.0856,4.054,7.2601,4.9593,-3.9793,-6.3899,4.4651,9.9931,-8.127,-0.5435,-8.9377,5.0016,-6.3628,6.298,0.5597,7.5845,-1.014,5.0268,3.4435,-0.3834,0.6728,9.7837,-8.9667,-9.0075,7.302,-9.7162,-2.773,-1.3808,-6.1057,3.4964,-5.8142,-2.7551,-4.5531,1.5141,6.0084,-7.561,-5.7766,-8.8604,6.7726,-9.5701,9.0663,-4.057,7.1281,7.2465,-0.9734,-7.1997,4.7085,8.9581,-6.7675,-6.7233,-3.5579,2.3268,8.8835,7.441,-9.916,-7.3354,-0.7855,-7.1559,-0.7546,6.6028,2.3452,-1.6977,7.8452,9.8801,-0.6837,-0.6094,-6.5851,6.5657,0.5701,-2.2607,-7.3417,-9.9035,-5.6481,-8.1867,7.2827,-4.6016,0.739,-4.8384,-0.6203,-1.9611,4.5448,-3.1943,-1.9022,-5.7651,-5.9873,-3.6488,9.2922,4.8538,-4.6951,6.7755,-1.451,4.7887,-1.0088,-5.4193,4.74,4.8962,3.1703,4.7387,4.5682,-3.1336,-2.5269,2.6148,7.1098,6.3968,4.7348,-3.9674,6.2404,6.0199,3.8145,-3.1686,-3.2094,6.438,-9.7608,8.6754,-5.5336,3.3369,-4.1912,1.1967,-7.4251,8.8104,-9.4652,0.0422,-7.5296,5.2806,1.6519,-7.2637,2.1257,-9.096,-8.3371,4.8917,3.0218,8.6441,9.2924,7.1379,-3.4168,8.9207,9.8531,6.0949,7.9329,2.7646,6.1966,9.5476,-8.0668,-4.9671,5.3896,5.0594,2.7233,4.7516,-3.6612,-9.0938,7.7103,-5.6162,7.211,-9.072,4.4701,9.3362,5.0925,3.1317,8.7651,7.2043,-6.1916,-3.3244,2.7115,3.7637,-3.9005,-2.4254,7.4172,7.6251,-8.6375,2.9928,-8.0073,8.4048,1.3412,-4.2386
-5.5947,-6.8451,-3.9464,-3.6539,4.7196,6.7966,7.1633,1.5038,-8.1682,7.1242,-7.9099,-6.3585,-5.8404,-9.36,4.3885,-3.2917,4.9464,7.8206,9.0964,3.8175,-0.1143,4.5112,3.3218,-8.9639,2.4007,6.3304,-8.2066,6.6304,5.4417,-4.277,8.0908,8.0312,-0.5343,-2.7249,-0.8649,-5.889,-4.7678,2.2044,-7.3389,3.2693,-6.1078,1.0244,9.8711,4.6421,2.8235,-6.5911,5.9285,8.047,-6.563,6.6632,-8.964,-5.1477,9.2268,9.6383,0.0012,-3.69,7.9823,8.8707,9.9589,-1.7889,-8.7743,-9.3987,-1.1411,0.2046,2.2442,-1.0704,-3.6891,-3.8659,9.178,8.1957,-3.9363,0.6254,-8.6883,-8.5019,6.296,-7.4061,7.4764,-5.066,-3.3232,-8.9896,-8.4215,-1.1425,-2.3625,2.8623,-5.2379,0.3814,7.5527,4.7388,-0.899,8.0094,-8.1932,4.3707,6.1925,-9.8242,6.1067,-5.2158,9.8131,7.7624,-4.2777,-2.5576,-0.6654,-5.554,9.7603,-4.1833,7.9037,-9.4998,5.1415,-3.5002,3.1135,-5.716,-1.5519,8.5509,-8.1916,0.2291,7.8326,-4.518,5.491,-8.8817,-7.4734,-9.6468,5.1276,6.7907,5.7653,6.5285,4.9382,-5.9652,6.344,-6.1083,-6.9029,9.2145,3.9355,5.7812,9.5647,7.7338,-5.578,8.8372,0.6357,-3.2121,9.8191,-0.0076,-0.8263,1.5362,8.4522,8.9384,-0.3418,3.6345,3.3525,-3.7718,5.2223,3.3145,-5.8728,-0.789,6.5263,-4.5165,2.0293,8.8527,-3.9066,3.5069,2.012,5.1472,-5.4924,4.7976,8.7952,-4.8429,5.7282,5.2721,-3.5593,4.3216,-5.1368,1.9865,8.5731,1.2778,-0.4746,-9.8671,-4.5223,2.6731,6.4806,-5.5444,-0.1029,3.2347,4.5349,-9.9682,-5.5465,-0.7144,8.2005,3.6063,-3.3386,8.9438,4.1387,-1.6564,-0.7279,5.2464,9.5011,-1.6467,-6.3302,0.3787,-6.5633,-3.1979,-0.9297,7.5337
-4.1665,1.4498,-5.7428,-7.9873,6.6914,-9.3247,-2.5238,-2.1698,5.2042,-3.2658,-7.3513,-4.0199,-5.9939,4.3677,4.9696,7.6341,-4.2924,-4.4795,-0.2396,-0.9959,-6.6354,-0.0065,-3.7716,-9.6244,2.1949,5.682,-2.5603,-1.8961,6.9648,-7.3884,0.3672,-7.417,0.5464,-4.7998,-9.4948,2.9226,-9.7366,0.9696,4.0219,2.8843,-0.5048,8.6575,-3.1709,-8.6347,-9.1127,-1.4985,5.3267,5.0375,9.6865,-6.1793,5.3376,-4.7602,-2.1525,5.9428,-1.8769,-8.1939,4.2391,-3.655,-5.4798,-7.5969,3.0076,-6.3217,-8.1925,-6.0961,1.6081,8.1766,-2.4629,2.489,-7.0808,-7.1074,0.692,-9.2077,2.4772,4.9864,2.0474,-5.4575,0.9616,0.5568,-2.3065,-5.2642,-7.5757,6.7325,5.73,7.9795,-3.7233,-1.218,1.1664,-5.324,-0.7292,8.6386,0.1887,2.9146,-0.6024,4.0285,-2.9209,-5.9598,-9.2173,5.7674,1.1851,-5.1184,-2.2444,2.3299,1.7213,7.0465,7.0397,-6.842,-2.0741,7.3112,0.6283,-2.2286,-0.702,-6.2677,8.0633,2.7751,-5.0325,4.4977,2.9913,9.6552,-0.9584,-4.0496,3.2033,-9.0843,-5.4682,-0.6895,-7.9243,-8.1946,7.578,-1.6512,-1.0002,-1.5468,5.4931,-4.6351,-7.3892,0.0804,7.1195,7.7243,6.2405,-2.6769,-0.4644,-4.6178,0.9433,-6.6894,-0.9765,5.4311,-5.0988,1.3026,7.7368,5.9588,-6.7469,-9.046,1.0358,-3.6212,-2.7548,6.8063,-8.2362,7.4019,-9.4717,-2.6459,-1.263,-5.292,6.3752,2.8517,-6.6732,-2.0856,9.2888,3.2902,5.8889,8.3685,4.5624,2.2501,3.6692,-6.6905,-6.2631,-8.0353,-6.2837,3.6854,-1.6619,7.4801,2.2964,1.0786,3.2837,8.3121,2.2769,-1.309,6.6751,7.5318,5.7665,0.6117,-0.8851,-3.9722,-4.9587,8.4719,0.0296,-5.1673,-4.8232,3.866,-0.2244,-4.8171,-2.7437,-1.8336
-9.717,6.9121,9.5228,-2.9302,8.2237,-2.1822,-8.2803,-1.6572,4.9451,5.0468,0.6151,0.6825,-2.9206,8.5005,2.0038,2.7804,6.8618,7.5467,6.8561,9.8197,-4.3438,6.3487,-7.238,-9.0697,-4.3199,1.4799,-7.0459,1.9756,-1.3413,-3.5247,8.1086,5.138,1.1303,-8.9795,4.5334,-0.9435,-6.6817,-0.1227,-0.3192,1.1088,7.0935,2.9122,8.1304,-8.008,-1.8386,-3.5643,-8.2009,4.2161,9.1271,-8.4223,-2.6453,4.252,-4.5199,5.8105,5.9505,0.1536,-0.1875,7.4222,4.877,6.1478,-1.3656,-3.4997,-8.9931,-7.5016,7.4113,-6.2946,1.8004,-4.2314,-5.1226,-9.8931,6.2738,-2.9209,-9.5006,5.8558,7.9942,7.7131,-4.1663,-5.6214,-1.1174,-2.7482,-1.5171,-2.0934,5.5315,-0.7651,-7.9169,9.8797,-4.0891,1.12,-5.1836,4.3306,-4.3981,-2.7229,8.6445,6.8703,-2.717,-7.6868,5.9349,-1.2859,7.2302,6.2202,-3.8682,-2.3389,8.761,-0.8015,-2.1952,-4.9209,-3.565,1.6437,1.4348,8.8272,9.3098,-0.1254,8.2862,6.2902,8.7712,4.4412,8.5204,-4.8201,2.0175,1.8603,-7.8655,9.7434,0.7053,-4.7881,0.3312,-2.0883,-0.8331,-1.4136,6.6148,5.0849,1.6427,0.0835,5.3211,-6.822,-5.142,-1.7226,-9.3187,2.0886,-5.3311,9.303,6.5944,-7.2967,-8.2931,-9.2213,-3.7187,8.6199,-0.2454,-2.1681,9.5749,-7.4687,9.2703,-0.6629,-9.6543,-2.8641,8.1183,-9.6997,0.2113,8.8314,7.8651,9.7526,-4.8866,-6.9514,-7.1687,-3.8981,-4.5142,-2.0407,-5.6293,-4.6666,-9.5904,7.2803,2.2612,-7.4175,0.8247,-6.3254,-2.1644,-9.5707,-0.7669,8.1607,-9.1862,1.8441,-8.5346,7.3608,-5.3136,-4.495,-5.9028,7.5298,-2.4021,-1.3483,8.841,-6.9287,0.1757,-6.1242,-4.8416,5.6988,-1.7856,-9.5138,-5.9409,3.3392,-8.5345,7.0641
4.3134,-3.9318,8.3365,-8.6137,-7.8949,-2.6299,7.4929,-4.0118,0.0688,-9.7818,-1.364,-4.558,0.8536,-6.8853,-5.4281,-1.759,7.1532,4.3837,0.8756,-1.5031,-0.7754,6.0352,-6.7638,7.5457,-7.8794,-7.7559,6.3938,0.3417,-6.8728,6.3061,2.3691,3.6505,-3.5462,-4.3261,9.0308,9.4336,-4.9289,4.1478,4.8114,-8.5703,3.1369,9.3901,4.1965,8.2975,6.1457,5.3671,4.2587,9.8009,5.1385,-8.0539,9.2247,-5.5239,1.2591,4.326,-3.8076,-0.0823,7.9064,-8.2388,-9.961,3.7177,6.5194,-0.3279,2.6908,-2.4469,9.0321,7.7982,1.4514,2.33,2.6336,4.6905,-0.2988,6.2186,6.2835,-3.9345,-6.5969,-3.0188,-3.6377,2.3922,-0.6916,-5.8627,-7.3342,-7.6626,-7.8967,-2.7075,-8.6208,-0.2352,1.3711,3.2678,-7.5056,3.0739,5.4753,-4.862,1.8851,6.0359,2.9535,-7.0721,-2.1254,-0.185,-0.3091,1.3695,7.1355,9.1334,5.0031,-5.4359,1.5577,2.7825,7.9457,-0.2557,-1.9001,2.7082,-1.3917,-2.2471,-2.4858,-6.0481,5.8007,-5.331,-4.6846,-7.1573,-5.2072,-5.3035,8.8146,9.1379,-0.3932,-1.7068,-3.6933,-3.5223,-3.7397,3.2943,9.7288,4.5714,-5.2505,3.3749,0.2364,2.164,-4.1951,-7.0881,-9.3702,5.4402,0.1837,2.5776,0.0319,-2.6198,2.9056,3.7555,7.2339,-3.5152,-8.1267,-2.5731,-6.651,-6.4733,-7.4832,-5.2661,-8.5018,9.0345,-3.6434,9.3829,-7.5215,-9.7636,3.8659,-7.9382,8.6361,-4.4255,-6.8927,-8.4133,-2.2319,-4.9894,7.9993,-4.638,-0.1328,-2.4699,-7.027,3.0729,-9.2042,-6.8047,-1.9524,6.1761,7.3205,9.589,4.6323,3.0389,0.512,4.6834,5.7856,-2.2616,5.0882,-3.5048,0.5005,-0.1654,-0.6291,0.1085,6.425,5.3262,-4.3909,-7.8707,-9.0592,-6.3662,-5.0776,-5.0186,8.2795,-8.9343
-4.5529,6.8408,-4.9314,-3.4712,5.7674,-1.9905,3.9459,7.1219,7.7742,3.9407,5.9278,1.8213,-6.4356,5.2822,-6.9543,-5.249,1.9851,5.2307,-4.9077,-5.7388,6.5359,-7.6629,4.3719,-0.2954,5.7314,-8.1314,1.5423,5.2443,-3.1839,0.9998,-6.8012,-5.0315,-5.12,4.1193,-9.8229,-9.5147,-7.3088,-2.8461,8.6161,-7.7434,-4.5441,-8.5096,-5.6099,-0.1107,0.3801,-6.624,1.5337,6.9454,-7.1159,-6.289,6.3857,-7.6063,-9.053,4.6896,8.2766,9.928,-6.6206,-1.4546,9.9951,1.7962,9.3007,-3.3475,1.7161,-3.9364,-8.5817,-8.2743,-3.846,-5.6342,5.3216,-0.7681,-4.131,-3.9336,-6.8284,-1.4692,2.4708,1.8273,2.2268,5.3701,-0.0927,8.897,-2.2342,6.4846,5.9548,-2.7689,9.2946,-7.2493,8.0913,-6.3306,5.0652,-4.6341,1.8897,9.1333,6.0801,4.0799,-7.494,-7.6468,-6.5138,-6.5632,0.9337,-9.3596,1.1778,0.7549,-7.2707,-9.3764,-3.0906,-0.7874,-7.3628,7.7204,1.7727,1.1727,-4.4452,1.9686,-4.1063,-1.9055,-6.7098,3.8535,-6.1635,1.5892,-0.9822,-7.5448,0.9351,9.2847,-0.3542,-5.3764,5.9294,-4.163,1.4623,-2.3027,8.508,-5.5908,-4.3803,7.2214,2.8984,6.4054,-1.0994,-7.0473,5.0834,9.1174,5.1978,-3.8044,2.719,5.05,-8.557,-0.2963,1.3357,0.3964,-3.3588,-6.2911,4.2705,-2.1125,-5.7831,5.7169,-9.8877,-4.6561,3.8853,3.0259,9.0252,-9.1194,5.6258,1.8494,-2.7683,2.3872,-8.7391,9.6552,-4.7533,6.2782,-0.3338,-3.2441,-0.9811,4.261,2.0946,0.373,-1.0073,1.9846,-0.3678,3.1234,-9.0316,-1.1379,8.9071,-3.67,-5.704,8.4495,-7.9711,-4.0382,5.4691,4.3875,4.2342,3.1495,8.3043,-7.3907,3.9491,8.4258,1.3718,2.3773,-8.2116,-4.6491,4.7804,1.2933,9.1109,-6.8819
-7.3704,-5.102,7.3476,-7.106,3.0895,3.2987,-5.5866,-9.276,5.654,1.2481,8.5855,-2.4552,2.8365,-6.7693,-5.777,-9.2913,-6.4665,-8.8209,7.1961,-8.8758,2.3227,0.3892,-9.2542,-4.1259,3.2771,-2.6962,2.5283,3.6716,5.8715,-9.0121,8.52,-5.6935,6.5399,5.9581,3.9244,6.654,-3.2462,3.5562,2.7989,8.5748,1.891,-2.5957,-9.4581,-9.4105,-7.7217,-6.2972,3.6704,3.9924,9.8909,3.5935,9.0514,5.7581,4.0372,1.9006,8.1421,5.9171,-9.3439,4.3883,-7.5839,3.8627,5.1957,-2.4883,-1.5448,-6.5794,4.6759,9.6146,1.8231,-8.7732,-6.6532,8.9202,-2.6361,5.4651,-8.5375,-9.3476,-7.7802,2.4802,-6.123,1.1018,5.5256,6.5721,1.1783,9.503,-9.6938,3.2391,-3.3823,-4.4767,3.1058,6.6706,1.9155,2.9155,-1.6944,1.6546,-7.9151,-1.8797,-6.1445,6.2631,7.5031,9.1999,9.4976,0.3399,-6.5984,-9.7337,6.3748,-8.5917,2.173,9.7374,-2.5265,3.0146,0.4135,5.4705,5.2615,-3.3678,-5.029,-8.4501,-2.3959,-9.3042,-7.8317,1.7484,-8.0749,-4.7193,-6.718,-1.6432,-9.549,-6.8133,8.2387,-2.9986,4.4172,2.2321,-3.3666,-7.3439,6.7473,-2.7685,-0.2186,-7.0233,-6.4269,-2.8489,-2.285,-2.1929,1.1147,-8.7764,-5.1719,-5.429,-1.6846,-0.0013,4.4592,3.4886,-7.2211,-6.1383,-2.4807,0.1331,-1.5676,-6.6906,2.9807,3.5992,4.4931,-1.9203,2.1303,-7.7799,9.3383,3.5314,-2.6486,-0.5949,-1.8462,-4.9791,7.4996,8.4589,-9.3882,9.9311,6.1665,-5.2142,-4.0995,1.1853,-0.1873,-2.3345,-1.6283,-4.3667,-2.7406,9.5778,7.528,-8.7446,9.458,3.2722,4.606,1.1729,-0.0445,7.882,8.8842,6.7601,4.6976,5.3825,-2.4294,-2.942,-7.6027,-1.9445,5.6759,-8.5561,-6.1909,8.6574,7.6221,-6.4011
-2.3703,-8.6229,-7.1769,-7.1961,-6.9985,6.3753,0.7155,2.108,1.3926,4.5172,9.1551,-4.6162,7.9025,-5.2229,-4.388,6.4147,5.7994,2.5478,5.143,-4.6342,9.6047,-9.3001,-1.8115,2.9887,8.9267,-1.1855,0.9477,-4.0366,-1.5861,4.4672,6.6706,-2.3865,-9.5273,0.4376,-8.4566,3.6091,-7.7976,6.8212,-7.4581,0.6423,6.6065,-6.6331,2.7854,6.2617,-5.037,0.4811,8.7965,0.4841,-6.6269,6.168,-9.1529,-8.292,4.602,-4.162,-0.6173,-6.3826,8.1346,3.869,-2.1423,-6.1995,-5.2485,7.5328,-0.2513,0.7357,2.9302,6.9975,9.5691,-0.3982,-0.5086,6.2518,-0.3488,2.4992,8.2694,0.4167,-7.258,0.9594,2.9579,0.9478,8.743,-3.1236,-3.3513,-0.1838,-4.3204,8.7649,8.4373,-7.8424,-2.7583,4.982,9.5792,-3.3834,-3.8568,1.4161,-8.1762,4.135,3.6883,-9.4584,-0.7284,-9.7815,6.6342,-5.2944,-1.6768,-1.7813,8.9863,-3.3035,8.1347,-6.8561,-1.1255,-7.5439,5.2387,5.607,-8.41,-9.6621,4.4922,-9.7396,-0.0281,-0.9125,-0.3245,-0.9207,-2.5084,7.6443,-5.0967,-3.6341,-3.3939,-8.9929,-8.6574,-8.732,-2.6656,-7.5213,-8.4931,8.8051,7.015,-3.3114,-2.3153,5.935,7.1892,7.4102,4.8593,3.7355,0.45,2.8311,0.6739,-1.6064,-5.5845,3.8201,-3.3587,8.8772,-1.7093,-4.731,-7.1584,-4.0972,-6.4789,2.175,0.1659,9.1815,-4.9266,0.2695,4.7852,3.7668,3.9446,-5.9035,0.807,-6.5488,-0.2876,6.6074,7.2701,-6.2225,2.7324,3.3868,4.4711,6.2975,-0.1286,2.4212,6.0025,1.5078,1.7224,-0.6027,-8.1889,-5.2969,4.7342,8.3322,4.1525,-4.5934,9.127,2.2117,-2.1853,-3.2266,2.1896,2.6667,3.0511,-1.1784,-3.5786,-5.7273,9.8368,-9.2101,-3.4503,-0.3383,9.6996,-1.0177,-6.4557,-5.1858
2.7487,9.1141,-1.3979,-0.7241,-8.3367,-7.7823,9.0276,-3.9054,-8.0864,5.8864,6.1453,-8.5297,-4.4453,9.4403,0.5183,-8.2411,0.2898,-0.927,-9.1005,7.3637,-1.6898,-3.065,-3.5524,-5.5464,8.1869,6.1442,-4.3941,6.8733,-1.0771,3.7466,-1.4462,-5.4355,5.1682,-7.4199,2.0992,-8.8801,-3.5612,-9.5668,-8.6536,-0.5717,-0.7257,0.9462,-0.756,-0.4395,7.592,-6.3146,0.6043,5.5366,-4.6276,5.0553,-6.4918,-1.1672,0.518,-4.9,6.8067,3.6417,0.9587,1.1976,-8.049,9.5318,1.3471,3.5277,-7.2436,5.2993,0.1492,4.9503,2.7523,8.2749,-7.3875,-4.0504,4.5705,-5.2524,-4.0242,9.3947,-4.7651,-8.592,7.032,-3.2262,-3.1805,-5.4698,8.9549,-6.2962,-7.9854,-6.2573,-9.8477,4.5457,7.2249,3.6312,-8.5399,-9.1244,-5.3047,-8.4362,-5.171,-2.354,5.1504,0.9498,-1.4618,6.0587,9.9668,2.3628,-6.3612,5.7092,3.5107,0.463,1.8685,4.94,-6.0348,1.1423,8.4086,5.3628,4.0326,9.8933,6.5716,2.5398,-6.7382,0.158,-7.3432,-7.1994,2.3586,-6.8365,-3.3096,-6.8418,1.382,-4.08,-5.9547,0.4898,-5.6702,-7.3754,5.8954,-0.8995,2.2442,4.2579,4.2796,1.1177,6.446,-7.2014,-2.2065,-8.363,-9.4162,8.8465,-8.026,-3.7073,-3.9672,4.0675,1.3147,-8.3114,2.9448,8.9076,7.2348,5.7273,-3.6767,-6.5304,3.3114,4.772,0.2918,9.0829,9.6351,4.5405,4.1572,-4.0351,9.9893,3.6408,-5.0379,1.8106,7.5683,0.5624,9.9231,-4.5029,4.5748,2.7388,8.6387,3.2975,-0.0255,-7.4366,3.5828,7.2712,9.0573,-4.1897,5.2906,6.8359,-6.1758,5.3302,-5.6182,9.088,6.9867,8.3723,-6.7437,-6.3146,2.7096,-0.7257,2.6401,-8.4361,-4.0114,-7.6424,-9.0125,-5.0764,1.3491,-7.0925,0.1007,-4.7592
6.5664,6.5546,9.4163,-8.6606,-6.4138,8.4246,7.4583,1.3594,8.2866,6.4516,-3.0738,4.6242,-5.679,-6.3077,-2.7631,5.5625,-4.6705,-9.9485,-9.0052,-9.0605,-7.972,5.2794,-4.1884,8.1392,-2.6494,2.6628,5.7774,-9.9161,7.7956,3.3288,9.3883,-2.778,3.5271,-3.6182,-1.451,9.2768,0.3974,-7.2686,-5.7686,-7.5281,4.3906,-3.8201,-5.8144,9.4875,-6.6544,4.9489,9.7673,8.6914,-4.9681,3.5047,0.2131,3.9177,8.8517,6.1088,8.8436,-8.1893,-9.9088,-1.4409,-9.9356,7.027,2.0848,5.6469,9.7348,0.1719,-7.4594,7.71,3.9809,0.6307,6.9871,5.7966,0.249,-2.0661,9.5055,0.2191,-5.5076,-1.2324,8.7333,6.0028,7.3323,7.1381,9.4412,-1.7669,-8.9556,0.3086,-8.9155,-8.49,-5.7858,8.3231,-3.7606,5.1013,-0.4922,-6.2806,-3.5576,5.1544,-4.9562,0.1518,8.9049,-4.0151,1.8069,-5.375,-8.317,-3.2154,-4.4877,-4.438,8.0707,5.1398,-6.7634,4.3809,-7.1345,9.1986,7.2732,-1.5104,-5.1213,9.8883,6.0367,-0.7973,-5.2866,8.8886,-9.9284,-3.7058,0.5843,-2.0413,0.7947,2.4947,5.4595,7.5094,5.318,-7.2082,-1.8886,3.2909,-1.5561,-3.449,9.9702,-4.7224,8.1963,-8.775,-6.2252,7.0662,-7.5295,8.0225,-0.5811,-2.9667,-4.8679,8.6352,7.5516,9.1538,9.3721,7.5688,8.5748,-0.8603,2.2943,6.8843,-7.8258,6.9296,7.4963,-7.8273,-6.1679,2.3537,-6.6622,-8.4698,-4.1232,-1.511,3.8855,-2.6963,2.2467,-7.9807,9.0968,-3.3543,3.843,3.2405,-9.6407,-4.2594,-9.7155,-5.6804,5.1184,-1.4323,-1.4791,-9.177,9.3949,-1.6691,-3.5409,-1.4064,-1.4796,8.9096,-6.1416,8.7633,-9.7344,5.3779,8.3513,-5.8577,-0.9739,3.4255,4.1666,9.7913,-8.8029,2.751,8.9543,2.9139,0.0975,6.7818
-7.5054,-9.2171,-2.3621,-5.6027,-1.8859,9.3457,3.526,2.3796,8.5324,-9.1264,8.0741,-3.5628,5.0058,-8.6555,9.5768,-7.3898,-7.9742,-0.8182,-7.8979,-0.2237,3.834,-2.8754,4.1397,-6.9633,0.0366,-8.5836,-5.8313,8.4837,7.2363,2.2225,1.3491,9.2222,-2.0914,7.9824,0.3455,9.6429,0.3272,-4.373,-2.7456,3.9634,-2.4398,1.0504,-6.1663,0.3523,-5.5366,7.0567,-6.9917,6.144,0.8108,5.7654,-3.2091,8.097,5.1604,6.2203,7.7996,-4.6411,-9.4841,5.0871,-7.2264,-6.2457,6.3569,-6.2412,6.9722,0.7719,5.4567,7.6218,3.077,6.0775,-0.0455,4.538,-1.5557,6.338,1.7606,-5.9917,-1.7004,-9.4217,-1.3849,8.6806,1.5996,3.608,-9.4236,6.256,7.8828,8.1821,-7.6962,5.6557,-0.2504,-1.7348,8.7233,-6.5489,4.3368,5.4679,-9.439,-7.4342,1.7452,0.6544,8.6477,-4.6897,8.7383,-7.8797,5.939,-1.7991,-9.9281,-0.4819,-9.7938,7.9852,-8.0187,8.6324,-0.1111,0.5923,9.3079,-1.3636,2.1864,1.3552,5.3952,-6.3676,-2.3617,8.1205,1.3628,-1.3323,3.5115,7.5134,1.7042,0.8287,7.3204,-0.2901,7.6886,9.391,1.6644,4.7411,-0.6085,8.0955,-2.0807,9.2275,0.5681,6.5524,-5.87,-6.1811,-4.2445,8.0653,-8.2463,-0.0923,-4.0871,3.9877,1.0997,-9.676,-9.7532,-9.0937,-2.4322,4.5093,-6.5412,1.5417,-3.5598,3.5345,-8.4985,-9.7454,-0.6817,-5.7162,-5.4962,-6.4037,1.6037,9.2137,-6.1044,-9.4316,-6.0752,-0.1526,-0.0925,9.5047,2.5453,3.5524,-6.7362,-8.7806,-3.214,-0.001,5.6071,3.2186,-2.4135,9.9554,0.7505,-2.4099,-6.527,7.1239,8.4867,0.3522,-4.1186,-3.5375,-3.0162,2.73,-4.3384,-7.1975,-2.6593,-4.0484,-6.7235,0.1585,0.7498,-7.8626,8.671,7.7746,4.4874,6.5357
-7.3287,1.7174,1.6418,-8.0308,-4.5639,-8.9869,-1.2896,-1.5156,-1.2607,-9.2912,6.2102,6.0361,2.7283,-3.1111,-4.6337,-2.9677,-7.5796,0.9842,-4.5039,3.7639,-8.4638,-8.1294,-5.052,2.6396,-6.3894,6.2603,9.1376,5.2257,1.5336,-6.4965,6.9626,-5.3818,0.7541,1.8295,-4.2577,-6.7594,0.1633,-8.9594,-6.418,-9.9418,-6.1631,5.23,-6.2181,0.1619,-0.1955,1.4295,3.9841,8.2559,-1.031,-3.8494,-4.5263,2.3848,7.3272,-1.7093,-2.7575,-4.634,-1.5908,3.7255,-7.605,-6.6217,-7.2134,-9.5331,-2.8497,1.2803,6.0431,8.5008,-4.0517,-2.7009,-7.659,-1.2918,-2.8877,0.7195,-7.1319,4.7069,-4.5428,3.4809,2.8693,-6.7013,-3.1238,-4.4131,1.2581,-6.4171,-3.4174,2.0164,-8.5419,-6.3209,-7.5604,5.8512,-0.3595,-3.6758,-4.3158,-3.4103,-9.4009,7.8169,1.365,4.5964,9.2677,-2.4393,6.1017,9.017,0.7597,1.2279,4.3726,3.2192,6.5282,0.3595,4.8693,5.8306,-6.8509,-7.0084,-5.1977,4.7834,8.6838,-6.2736,3.3423,-9.0114,8.5941,-4.0653,-5.105,-3.2064,2.0723,3.8651,6.2139,-9.0045,-9.2882,-7.6995,6.1688,1.4019,7.0988,2.2948,2.3621,0.1049,5.4418,8.885,4.0741,-6.9791,-5.6833,5.5658,4.2915,4.5884,-1.5047,-8.1661,7.2471,3.4081,-4.4865,-5.369,-6.0602,-2.5562,0.2522,2.5488,1.8569,3.6174,2.0122,-0.8988,-8.5809,-4.3149,7.1496,-7.8103,3.259,-5.7688,4.8098,-9.6393,1.7182,-5.5325,-4.6294,-4.8869,-6.1766,9.6504,4.5379,-6.8442,8.2311,-2.9489,-3.0985,0.7638,0.6766,-7.7341,6.5936,-8.1065,7.1028,-6.8443,2.4498,7.7401,-6.6809,-2.2982,1.7718,-1.2141,-9.6025,2.4007,-3.2993,-8.652,3.1173,7.0716,0.3583,-2.8449,3.3984,-4.9849,-8.2411,5.0009,-5.2956,3.4309
9.5788,-2.6134,4.8512,-5.9889,-8.2074,-5.1751,-6.3602,-0.2905,-1.016,-2.6155,2.5624,1.8751,6.726,-9.1242,1.9856,8.94,-8.4873,-9.5664,8.4353,-1.3283,-5.164,4.0763,-6.3879,-9.6621,-8.7813,2.1487,-1.7033,-5.48,-8.3162,-5.0407,-8.8844,6.4943,-7.8097,3.2883,-2.7789,-3.3735,8.0036,-2.4,2.1645,-0.8859,-4.2665,2.0527,-0.42,-7.9444,1.4188,7.0347,7.8391,-3.4708,-5.4708,-4.5739,-9.1354,5.2478,3.0082,-6.0661,4.6744,7.2922,-0.8207,-0.489,-8.4062,-9.8379,-2.528,-0.2571,-1.2973,4.108,9.6765,1.6407,-4.018,-3.0455,-8.6572,3.2281,5.2171,7.3793,2.3009,9.0083,8.1633,-8.9736,-0.8857,-1.4521,-6.5308,-0.2465,-9.8934,-4.5675,-7.1213,-2.664,-2.7264,9.5592,-5.5967,-0.0952,1.252,5.6468,7.4884,-5.4924,-0.7441,-0.2857,-9.9919,7.6323,-6.3387,7.7816,-4.279,-9.0245,9.1249,0.1418,5.9376,6.4113,-8.1826,-0.1968,4.2656,-2.3379,9.0105,1.1879,1.4955,-6.1341,6.981,4.0416,-0.21,-0.2321,5.9422,8.9876,-0.797,-2.4694,0.219,-9.1663,2.8274,-6.2028,-3.9104,-9.8169,9.1155,5.5616,7.6886,9.0037,-9.06,-1.3417,-5.6689,5.6453,2.1284,4.3789,-3.7281,-1.3889,9.6838,2.4946,-4.5559,9.2156,9.7812,-8.255,-3.7221,-8.3079,6.9965,0.2808,1.5046,0.7978,2.0965,5.066,-6.9173,-0.0062,-5.2622,-3.3038,1.4484,-4.3527,-8.2358,-4.3158,6.1548,-3.9267,9.9582,-7.1514,-4.8275,1.3749,-4.6761,3.4893,-6.3038,-6.2,6.981,-6.2733,-6.8918,0.1979,6.0188,-3.1183,3.6973,-3.7191,3.0993,0.1755,7.7967,7.9909,1.2591,-1.9338,2.5652,5.9107,-0.4776,7.8422,-3.875,-2.0173,7.55,-5.8253,9.2948,-7.677,2.2258,0.8851,-8.2099,6.0654,1.7297,0.9178
0.546,3.7819,8.4756,0.2867,-4.7511,-0.603,5.4902,3.8413,6.3275,-7.863,9.6375,4.8963,2.6337,-4.6571,2.8943,4.1781,-0.5489,-7.5708,8.9023,-3.3419,9.4875,9.4206,-7.0016,-5.8822,1.2758,-6.1723,-0.7896,5.9506,1.2872,-8.3732,9.9542,-2.9458,-6.9951,9.3827,-8.8374,-1.6483,6.3555,-0.0381,-6.7886,-5.4452,-2.8216,2.9281,3.4708,-0.0256,3.3794,-8.5266,1.5965,-3.0567,1.1008,-9.4369,-7.2936,1.9956,-1.1959,-3.074,-9.047,7.9255,-7.5532,-6.3919,0.6085,-9.2428,4.1536,-1.0139,9.0322,2.6976,5.0317,-6.4448,3.9456,2.3655,5.1937,9.0621,0.1174,-3.4618,-6.4659,-8.3764,-1.9983,-3.8242,4.3176,-5.3709,1.5917,2.9266,-4.5023,-5.2194,1.1512,6.9708,-3.2558,-1.1365,-8.4264,7.2215,-3.7784,6.5182,-5.2087,-2.068,3.5454,-8.7132,-8.6719,4.7893,1.5073,3.8915,2.0635,-3.7626,-3.0031,-3.5,4.7648,4.7786,6.2974,-3.6759,-7.8342,8.8206,7.6813,-2.3434,-7.6177,-3.8224,8.9918,-0.9092,-3.7522,6.6846,9.6929,-3.5287,-2.1219,7.8999,-9.6545,-1.2869,1.7761,-1.6811,-7.0658,-5.0143,9.0323,1.0994,-4.3876,7.1121,1.1569,-3.13,-0.0251,8.9223,-6.9682,9.0974,6.9197,4.7432,9.0766,0.2687,-9.2131,-2.1087,2.9744,-8.4833,8.9543,0.5588,-1.8561,9.8278,2.4782,-4.7912,2.1759,-1.1271,-0.9054,-0.0408,0.1312,1.0374,7.6744,7.3686,-1.0544,5.3631,-4.6206,-6.01,-9.5345,1.1248,0.3254,3.052,-7.7783,-0.1751,-4.278,-2.8689,4.6618,-5.9351,-7.159,-1.2523,-1.798,1.1853,-4.0708,-7.7461,1.1866,-6.0408,-4.3101,5.1658,-3.0262,-1.8855,-8.8135,5.6838,-9.8498,8.2453,-0.7631,-2.8285,-4.6944,-7.6594,4.486,5.3426,-4.6777,2.6146,-9.0166,3.3935,4.1759,9.9869
5.1134,-4.6577,-3.4913,8.2833,-7.5323,-6.7471,3.0008,-0.286,2.3617,-1.1376,3.307,-4.2985,-5.7275,1.0132,9.5366,7.0253,7.309,7.1213,-8.7603,-7.9918,-5.4586,-1.6803,-6.2625,-6.1803,2.9756,6.8774,8.0154,-5.3908,-7.414,8.2437,8.601,-3.4208,8.7904,-5.0204,0.6636,6.2278,9.877,0.6637,-1.4383,-5.0296,4.0107,-8.5204,-3.9434,4.5214,-0.3738,-4.1972,-7.4431,9.12,9.3281,2.4045,-2.069,-0.5405,0.0342,7.4585,-6.7358,-1.3412,2.415,-6.0359,-7.2952,-6.2867,-9.3915,2.2651,8.2823,-8.0229,2.4692,0.5367,-0.4486,-7.6212,-6.6931,-1.6085,-4.8196,-4.4287,7.7977,-2.4041,-6.0388,-8.2724,-5.1217,-9.641,-2.3255,1.2855,-1.4885,1.683,-5.7058,-8.5607,-1.0271,7.9303,-4.7541,-6.0982,3.9387,-7.5698,-5.6142,1.2125,2.7704,6.1185,6.7385,-5.4845,6.7658,-4.9647,2.7747,9.5171,3.0512,8.1579,-6.8753,-9.6071,-1.7369,-7.6706,-5.0982,2.0312,3.0476,0.9349,9.1784,-1.9795,2.5296,-4.0996,6.3109,1.0231,-5.9844,7.9791,3.4257,1.6118,-8.1855,9.5318,-9.5597,0.2496,-3.6562,2.1448,-2.652,0.3844,7.7704,-4.3225,-2.5905,0.0225,5.9309,-2.1929,5.8466,-6.1811,9.9739,5.4428,2.4258,4.3754,-6.1643,0.7348,4.9133,-1.4451,3.5287,7.1742,2.8644,0.7265,-3.1992,-6.5878,6.6489,6.8652,0.4087,-3.9957,5.2569,-6.1166,4.9374,-4.3866,-9.3403,-2.0709,1.1733,7.7652,-4.0437,-6.9948,0.0455,5.8564,-3.8051,-5.441,-3.1357,-1.8306,-3.86,5.8274,0.507,-7.1159,-6.626,-9.6957,8.9555,1.1702,-6.0249,6.0765,4.7629,-6.707,6.6697,-6.8861,-2.4239,1.2808,-9.5979,9.6534,-0.8209,-9.2207,-7.0275,7.0655,9.2429,4.2886,-5.9142,9.2265,3.9343,-5.3812,-7.6829,-0.9725
-7.9827,-5.9061,4.6602,1.7926,2.757,-3.7375,-2.3482,-7.4761,-0.7884,3.4394,6.7626,-3.5792,8.3564,-9.3178,-0.7776,8.926,-6.867,-0.1827,-5.0582,-1.7612,-2.7796,-8.882,0.7569,5.7928,9.7118,-9.3286,-0.5554,-9.5311,3.4037,9.9027,4.8644,2.5873,5.0644,-1.5467,3.6854,-5.3844,-2.2004,-9.177,-0.4888,6.1998,-6.5686,2.8768,0.6217,-2.9888,-9.2216,9.0615,-7.2425,0.0521,-5.1175,6.9345,-0.083,-2.5934,9.2533,-5.1058,8.0755,6.1458,9.4326,-7.1129,6.4736,-8.3626,5.569,0.8889,0.649,-7.9715,-1.5643,8.9509,-2.4294,-0.0676,-1.6368,-5.4924,-7.068,0.2943,-7.3443,-8.0939,0.6267,7.8386,1.6125,-3.7011,1.9411,-8.6236,0.7803,7.8456,-8.4023,-4.0301,-6.9084,8.3637,7.8029,-2.8073,8.7234,6.0,-3.2471,6.6988,-9.7838,-5.1139,4.7793,-2.9515,-3.7974,1.6576,-4.792,-2.4521,-4.347,5.4617,8.1849,2.1092,-3.5557,-1.4604,9.534,3.4927,1.3396,-8.5813,-4.6893,6.122,4.4401,-1.8043,-5.4309,8.6433,1.1842,-9.2146,1.2357,-7.5729,6.4128,2.8225,-7.3909,1.2107,-5.3147,5.9087,-1.0879,7.9733,9.6699,-0.0319,9.3354,-7.9076,-0.3628,0.398,-5.6865,-1.6017,6.2011,-6.4147,0.5517,2.5617,9.1627,9.0492,3.8965,-1.6908,-8.9871,-5.2772,0.1263,-1.974,-3.2724,-6.4833,-8.0024,6.8614,-3.7693,5.481,7.8106,2.1094,-5.1072,-9.1318,-8.6011,1.7187,-0.7597,-9.8829,2.2256,3.8245,9.4123,4.4838,8.3261,-9.4897,4.8619,9.974,4.4566,0.5101,-1.2843,9.5225,-9.8955,1.096,-6.8131,6.3922,-2.3038,-6.1207,3.816,3.2042,3.4752,5.7612,7.2555,6.1169,-9.2298,9.0565,-9.7068,-0.8709,-9.8691,2.2904,-5.0658,-7.5848,-2.4817,4.427,4.3142,-1.4914,8.1274,-0.7224
-9.4721,9.0684,0.7941,-1.5865,4.0389,-9.5203,-6.5368,3.4303,-1.0656,7.0458,0.803,-5.7334,-7.7524,-7.5121,9.0014,-1.311,-8.9392,-3.1636,-4.4502,7.5757,0.8283,0.5018,8.162,-9.7633,-8.2364,-8.1264,-0.115,5.9123,-8.2511,-1.315,6.0808,-0.5126,-4.0076,2.381,5.2813,-3.9932,6.9356,0.7087,-3.616,8.1979,-8.5133,-0.9575,9.2775,7.9342,-4.5557,-9.7455,-5.0677,-5.2296,-1.3529,-6.2757,-5.077,1.3693,-7.5566,0.3485,4.2033,4.4393,1.5301,-4.8652,-6.0583,7.6975,7.9571,6.586,5.4236,8.1377,-3.1565,-4.7458,9.6722,7.6644,4.6945,-8.9658,-7.567,1.6235,3.9291,-9.8675,-8.0181,6.7025,-6.3917,-1.8175,9.6095,1.1836,-5.0672,-4.0451,7.7877,-3.6098,-2.9268,0.2259,9.2612,-7.1459,-1.0046,3.9349,7.8497,2.3372,-5.5405,-4.7373,-8.4748,3.7094,-4.9618,6.6141,5.7017,2.6539,-6.2756,-6.7512,-5.7916,3.6834,-1.6065,-7.189,1.0179,3.5211,-2.4245,-1.3088,-3.0105,-0.1771,-5.3992,-2.5662,9.2268,9.7944,-1.9147,-9.532,-5.6375,-4.8527,-5.6694,-9.1953,-7.7179,-5.7707,8.7713,-8.3187,-0.504,8.1018,0.2196,-8.0724,-7.7822,3.7102,-9.3758,5.0555,1.4061,0.3963,-7.3774,-7.2391,7.8301,-4.1492,-6.1947,2.3572,3.5455,-5.5515,2.7377,-6.5936,4.3219,8.5924,-3.1693,-0.3471,-2.1305,1.1382,3.4877,4.4365,8.2124,7.8888,4.0383,0.2532,-1.1441,6.4639,2.5585,7.5544,8.6748,-9.4408,-9.4384,0.9177,-6.9904,5.3162,4.845,-4.36,1.6037,-1.0237,1.0904,-6.8533,5.4942,-3.9178,7.1334,4.4248,0.9228,-9.1795,-8.118,1.0062,-4.2007,4.5858,3.3435,8.775,-3.1655,1.1174,-1.0581,6.3512,-7.4168,-5.2098,-5.002,-7.3374,-7.5868,4.5395,-9.7226,9.0444,5.7864,8.8773
-3.8948,-0.1796,4.128,-9.5557,1.5015,-3.6913,-8.4106,2.583,-9.1221,-2.4045,5.5695,-6.0128,1.8242,1.2637,-2.6025,9.6192,5.7124,-0.5683,7.6584,-4.3941,-7.1762,-6.8836,-1.3905,9.5596,-5.504,-3.0401,6.4306,-3.2935,0.5895,6.6581,2.9845,-2.4424,-8.167,0.0321,-8.4478,5.9975,-1.0241,-4.5826,7.3825,-1.6664,1.911,8.6082,2.5006,4.3009,6.35,-5.1671,-1.2591,4.6479,-1.5393,9.6753,-8.9784,4.7892,4.6081,-5.4348,5.8205,1.9734,-3.5144,-6.3387,2.3604,-0.354,1.3342,5.7193,-7.6891,6.0754,7.5106,-8.1439,-1.1614,-7.7735,1.0111,1.6751,-1.045,0.0051,-0.6614,-3.2918,-1.0512,-7.6838,-3.3918,-9.7641,-3.1431,8.0464,-5.946,3.5992,5.5641,-6.1093,4.454,4.9819,5.5059,1.2471,-2.4239,4.4573,-8.5581,-1.2184,7.1058,-5.3521,-0.4117,-2.7291,-5.3486,-4.2685,3.8288,1.7535,9.931,8.8151,-5.538,9.4454,4.0217,-0.584,-3.0564,5.0947,-5.1238,-8.5907,-3.2777,3.1151,6.7951,1.7209,-3.0262,2.4749,5.3543,8.5349,5.3686,-2.2511,4.832,6.8444,-6.4211,-3.4684,-3.194,9.4255,1.6213,-4.7556,-2.6675,6.8731,-9.7466,0.5628,5.2983,5.0705,-4.1614,7.86,5.9119,2.7138,-3.1064,0.6306,-5.8244,-9.6123,9.5619,0.3481,9.1297,7.063,-1.3193,-4.7317,-9.2576,1.3272,-5.6849,-9.8421,9.9865,-6.548,1.5006,-4.5384,-2.7232,6.7536,-0.9182,0.3135,-5.6743,1.6123,-4.6677,-7.1621,-2.3538,-8.5012,-8.5734,-7.2226,-0.3521,-6.366,4.5242,-0.9259,-2.993,3.5088,3.5218,-9.3602,-3.8583,5.5334,0.4535,6.9229,-8.2411,-9.6687,2.447,8.4042,-8.7652,9.2442,7.3343,1.5633,8.3785,2.8117,5.7101,-5.351,9.9532,4.1953,7.3609,-2.4951,1.6315,-1.5052,-2.2297,0.0654
8.4178,1.307,8.8269,-0.0614,2.9462,-9.2803,-4.7544,6.0851,-5.4086,-1.8859,-0.7611,-2.7762,8.671,-9.6472,0.9278,5.2942,1.0394,-9.7577,7.6394,-5.3162,-9.1848,-7.2051,-8.7795,-6.2924,0.6492,2.6665,1.0625,8.7296,-3.0186,1.6014,-9.416,8.084,-7.5669,6.4035,-2.3715,3.1227,-1.3621,-4.9069,4.5343,-3.6958,9.5309,6.3168,8.3384,0.4777,-4.8843,4.3147,-5.957,-2.3012,-6.4824,6.7907,3.2695,0.834,2.727,-9.9335,8.1928,0.213,0.0128,3.0746,1.3692,-4.1255,9.2397,8.9854,-1.0417,-8.8223,-7.859,-7.8548,-7.7034,6.2054,-9.8555,4.5529,-7.6258,-6.6486,9.7866,-8.2621,-5.1473,4.5257,1.8203,6.3853,7.7852,-1.8812,-4.8826,-1.7718,4.6109,7.6207,-4.1184,9.2008,0.2469,-9.8704,-6.9919,-3.5843,5.5837,-8.4793,-2.9088,7.0607,8.8341,5.1503,-3.8458,-7.4091,-7.0497,-2.043,-9.9104,-1.6186,2.0708,-1.2455,4.4927,-9.6861,9.6339,-9.6898,-5.937,-6.7159,7.9316,-7.1632,4.5579,-2.4147,4.6126,5.1323,-1.5398,0.0794,8.7267,-2.559,2.8316,-9.9627,-6.0949,1.1002,-6.7818,9.8362,2.3947,-4.8229,5.7106,5.8444,4.3041,-4.9848,-8.3621,5.2617,2.4605,9.9643,-1.6179,7.2434,-6.2539,6.5206,3.5967,4.507,-7.4106,3.6068,-0.3727,1.4685,-4.3245,-7.4493,2.3546,-7.4115,-2.6607,-8.7013,1.2609,-8.4635,-5.0176,2.8076,7.0788,2.077,-0.738,5.3031,-6.4841,2.2576,-8.0086,5.9072,8.3775,8.962,1.1753,5.3826,9.3879,7.4848,-7.8647,-6.1373,-2.6199,5.6454,1.412,-6.8808,5.2641,9.8273,-4.4276,-4.1099,-6.2567,2.5317,0.6972,-7.3355,8.7767,-0.5026,8.3743,2.4108,1.9,1.9452,0.4315,8.9885,9.2729,5.4645,-6.3217,6.7816,-9.3966,9.3,-5.1156,-2.6854
-0.1971,8.8214,-2.3233,-8.001,3.8598,5.4645,2.5616,-9.3883,8.5032,1.2546,7.7896,6.2849,9.3383,8.8849,-7.6552,8.988,-7.9323,-2.3538,5.7023,4.7803,-4.3144,-4.1634,6.5455,-7.7791,1.0971,9.3729,5.6146,-2.8124,6.2354,7.7597,0.2335,5.5283,-7.8062,3.8045,6.1953,-4.8274,-6.8534,-6.2988,-4.254,-0.381,7.192,0.4046,-7.4126,6.2451,-6.5316,-5.7814,8.0336,-2.6889,0.3105,-1.9409,6.1162,2.9587,-6.5147,4.3059,5.3307,4.0376,-2.3209,-1.226,-8.7278,0.0358,6.405,6.5398,2.0243,1.2641,7.3162,7.4907,2.2873,-5.7936,1.3593,0.4923,3.3965,5.5666,8.1041,4.3992,-2.8819,-5.051,7.5278,1.8592,3.7998,5.752,0.5678,-5.3979,5.301,-4.048,0.5048,-4.2642,9.6863,7.4642,9.4219,3.4569,-9.6259,3.6583,-4.5883,6.2281,7.941,3.4346,3.2614,-6.4859,8.408,9.2145,2.2293,8.4093,-6.1867,-0.7905,4.1201,-8.4905,-9.098,-7.306,-2.834,7.8718,4.6467,-3.3114,-8.2362,-9.4697,-0.8151,6.2062,0.1308,3.8658,7.4447,-5.7418,-5.789,-2.7288,-1.9587,0.4996,3.0396,6.4144,3.8749,-5.891,2.5235,7.1589,-7.2438,3.0104,3.7142,7.114,3.7242,-7.7288,9.358,6.0984,-8.1938,1.5394,-5.1909,3.6332,0.5428,1.2406,2.7392,-9.0082,-0.614,-0.233,-7.9532,-3.0144,3.7097,-2.6566,8.5863,7.2483,1.8491,3.6634,2.7454,7.615,8.5605,-8.4043,-0.4323,-0.1472,2.1213,0.2628,-9.9,-1.2874,-5.4896,2.6158,8.5526,7.0494,3.5484,-9.1679,1.0661,1.4645,-6.0773,-7.3663,1.2631,9.9092,-0.8302,8.8572,0.0803,-5.182,-4.948,-6.0121,-9.1304,-5.8589,5.6635,-5.4962,-9.2365,-7.41,-3.237,-1.7914,-2.0052,0.5509,-0.3073,-5.1527,-7.8722,-9.9654,3.6285,0.1954
6.1676,-1.7264,-3.0266,-0.3417,-7.7553,-1.2936,-0.204,-0.201,2.3815,-6.3241,-8.3379,4.9172,6.4314,-4.1768,1.3656,0.5528,-1.4228,4.9649,9.0992,-0.9284,4.5039,0.3813,9.0162,9.0812,-1.2094,0.0798,-4.0486,-8.5705,7.9036,-7.4902,9.9518,5.7899,-2.0212,3.6354,7.1362,-2.6299,6.353,-5.67,7.1036,8.225,6.0706,-0.4738,7.2444,-4.3363,6.8662,1.3779,-0.8703,-5.9942,-4.3839,-5.9862,1.8551,9.2787,0.2488,7.5868,4.2886,-8.1475,-2.4868,0.2084,7.3038,-5.1716,2.9775,-2.7343,-7.9052,-2.9067,-1.6307,-1.8975,8.2485,-3.7497,1.9955,-2.0271,5.1582,9.3494,3.3035,-2.7871,-4.9778,-1.5631,1.0983,1.3413,7.0083,1.9491,-4.4127,6.2026,-0.2969,6.6142,-8.2795,-6.8998,5.6639,9.4082,5.3194,7.0248,5.5603,-3.1053,4.6565,-3.373,-2.3907,-2.757,-0.2536,5.9107,1.9645,-9.5799,-4.3237,-0.3433,-4.5747,6.2477,0.813,3.0095,1.9208,5.9504,-3.2605,1.7824,-8.5107,9.2349,7.215,-8.3755,-4.2654,-3.8458,2.0203,-9.8818,2.8774,-2.4794,7.858,0.5874,-9.7643,-5.1354,2.0677,-5.7864,0.7539,3.467,-4.4772,9.7612,-9.7979,-9.3472,-8.902,5.8837,9.9683,-0.7911,1.4747,-6.5027,-7.0024,-6.7164,9.5613,5.6805,-8.7236,8.7981,-2.0678,0.2394,0.9254,-6.2993,5.7165,-7.4029,6.2619,-9.8805,-6.8615,-3.06,-1.6056,8.4819,4.6549,-5.107,1.1831,-3.4606,-8.9552,4.0315,5.4334,-7.1171,9.0941,0.6656,-3.3177,2.7624,-6.8191,1.9415,-3.4391,2.6993,0.3441,-4.0126,-6.6088,-5.9809,9.1012,-4.3555,-4.4067,5.0764,1.881,3.6713,-2.3222,2.691,0.6948,0.5832,1.3112,-3.7219,-3.7366,6.9698,9.0095,-5.3506,5.857,5.135,-2.3317,-1.9225,6.2256,-8.8357,-4.6179,7.0617
0.3478,-2.7416,7.6494,5.2966,-8.6968,2.9495,9.5787,7.943,-0.3202,5.3874,-6.3641,-3.1297,-9.7021,-7.8232,7.2892,-5.1797,-7.1891,2.0407,-3.2641,-6.1355,-8.1456,9.8033,8.2906,-6.9616,-2.9597,-8.916,-0.1751,6.0014,-7.154,1.6951,-8.6861,1.5934,-3.0551,2.0391,-3.5167,-2.487,-4.946,-4.1428,-6.4644,6.1973,8.4493,6.6119,1.4191,2.1986,3.7986,-9.9003,-9.9501,-2.9088,-1.9708,3.0304,1.1069,4.6987,9.2073,4.737,-0.5827,4.559,-2.5638,0.5832,-7.2634,-3.2061,3.8489,5.248,-2.9433,1.2299,1.9371,7.2859,-7.7444,-4.9889,8.2458,-3.5741,-2.7662,9.52,-0.0314,-4.503,-1.2718,2.6784,-5.795,6.7395,-0.6644,-5.2435,8.638,-2.0677,-6.3115,-3.762,3.3116,-5.7487,0.6103,-3.0297,-6.621,-6.694,-2.8138,0.7649,4.8681,-4.8867,-9.9527,-7.4223,6.092,2.9183,-5.348,-9.9182,1.2939,8.7522,-1.4117,-9.9221,-5.7337,-2.3659,4.2613,-0.5726,-4.8145,3.2545,-3.1185,-2.0584,-4.0508,-8.6061,-0.801,2.7776,-3.4625,-0.5015,-6.94,-6.4699,-9.9319,-8.3739,-5.8885,-8.0832,1.906,-7.7489,6.9035,8.6456,6.0471,-8.7179,7.6556,0.1242,-1.1288,4.6012,3.9357,4.6192,-3.9896,8.52,-2.413,2.3075,4.6627,0.2538,5.0871,9.8116,-5.4891,4.6528,-6.208,8.622,-8.0793,-6.1128,-3.5603,8.3054,-3.2448,5.7313,3.3851,-6.4329,1.963,-5.2793,-1.0086,-8.2524,-1.4274,0.5146,-7.3203,-8.1065,4.1845,0.1364,2.0937,8.0898,-8.772,-1.0799,-4.4962,-4.4792,-7.2212,2.5117,-3.5257,3.8284,-5.3714,-1.3847,-2.5036,7.9511,-6.5609,-1.3956,-6.7038,4.5834,-0.4968,8.9916,-0.7652,7.3472,-2.3848,0.3415,2.8046,3.5883,3.3156,-7.3621,8.9615,-2.0682,9.2273,2.2034,8.3203,-5.7857
-1.2767,-6.1751,-6.6402,-9.8705,-9.6663,-4.3546,3.0239,-1.2304,9.8374,-2.8461,-9.5928,8.9151,-0.2867,-0.4878,-6.0133,-4.7504,-1.5001,-3.2426,-7.9774,-0.2785,-0.1512,4.4322,0.4437,7.6958,0.0122,-0.8681,-4.3233,9.4506,-2.9773,5.6953,-2.1161,4.0121,-7.5577,4.7746,8.074,0.876,-8.1756,0.0043,-0.7325,9.4306,4.8913,-8.9171,-9.6728,-2.1422,5.0729,2.6634,2.891,-5.9091,7.9843,-8.8014,-0.6853,4.0488,-2.2757,2.8179,-1.1081,7.5629,-5.0597,-5.1716,6.1904,-6.314,-4.7514,-5.2344,8.858,8.4862,-8.5859,-3.7725,-0.1643,-7.9898,-2.9877,6.3821,3.7798,-4.552,6.1522,-9.2513,2.9028,9.2764,8.7967,0.8495,3.0853,-4.8794,0.7441,-8.691,-4.8863,8.4155,9.4185,3.7072,-0.5815,9.8845,4.3654,-4.9067,-2.9637,5.8884,-5.2316,4.3607,-7.8286,9.8264,9.5253,5.8948,4.3886,0.3149,-1.451,-9.9123,0.1404,-0.4159,-3.3703,-7.8638,4.0222,9.3897,-2.5179,5.8519,7.1878,5.0336,9.8658,-5.1119,-7.2905,7.8525,-5.8108,-4.8199,-2.8795,-1.9611,0.4031,-7.1514,-6.3371,-0.3324,-1.7428,3.2265,0.4977,-5.4149,0.9469,0.4037,9.7201,-1.5184,-4.8603,0.7234,-2.4231,7.8213,-5.0757,-3.6887,-0.063,6.6095,0.4044,5.3566,4.1101,-2.4265,-3.5342,3.3208,-6.7038,-4.1068,-9.4205,3.0931,4.9632,9.315,-5.9763,-8.3266,-5.862,-5.1376,6.6348,-9.1949,4.1925,1.6298,-5.4934,5.7002,-9.2374,-3.8303,0.683,1.4756,1.5043,-0.3483,1.9966,5.6371,-6.7025,4.6663,0.966,3.3143,-3.6766,3.4084,4.4343,-4.8783,5.2826,-3.898,4.9934,-2.6619,7.2935,0.9755,4.9677,6.4859,-1.0598,-8.9104,-8.6441,-6.411,-7.0692,7.2969,5.0466,8.0566,-6.5774,-8.1225,-2.6032,5.3622,7.2311,-3.222
-5.0786,-7.4914,-6.5074,9.7187,-0.9793,1.5247,-7.7352,-9.9296,7.4308,-7.245,-9.2442,3.4017,-5.5233,8.1024,-0.7009,6.2841,-9.0979,-2.1518,9.8291,-8.2725,6.2691,-6.341,8.4189,-4.9275,-9.8792,5.0879,-7.1761,7.4262,-7.503,-2.3944,-5.5597,-8.133,-3.4918,-6.6348,-8.6872,-1.2124,-6.547,9.4688,3.5114,5.4811,-1.5847,1.2489,3.4307,-0.7435,-3.7072,-5.3469,-5.7475,3.6779,4.5631,-7.9639,6.2,2.8152,-4.8464,7.8376,4.7367,-6.2146,8.6882,-4.2968,7.8113,4.3502,-6.6883,7.2991,-7.499,-4.5512,-1.8137,-6.7858,-5.5169,-1.1664,8.0249,1.0085,-7.5153,0.2958,7.2499,4.8465,3.5854,-1.0584,-6.0145,5.0614,-0.6446,1.3596,8.2943,-0.2547,0.0543,-5.8844,-6.2889,-1.7215,9.7594,-6.0016,-6.5902,-5.4803,-7.3786,-0.9402,5.6425,9.5109,4.9749,9.041,-9.4057,0.0266,6.9769,-6.3203,0.1115,9.9256,9.4184,9.9487,-9.6582,-0.8688,2.7205,-8.3399,-9.4508,2.9557,2.473,-8.3533,-5.0788,4.1513,2.7641,-2.5588,7.2711,-9.0925,-2.5849,-6.4568,8.5258,1.8392,-4.1259,8.4363,3.4568,8.9837,-3.2014,7.0927,2.7621,-7.8791,-4.466,8.4589,-0.4234,7.1669,6.3186,1.5491,9.2701,-8.2146,-7.1562,9.991,9.6875,-2.5327,-1.2804,6.8608,-4.2658,-8.2962,2.0067,1.3441,4.7104,3.7341,-1.1038,-4.1616,1.0028,0.7624,7.7899,3.0199,-3.5508,1.2614,-0.2778,5.231,1.8793,-3.1622,-9.3053,-6.7214,2.4858,-2.8638,-1.3118,-5.0095,0.9415,2.7509,4.7448,-8.375,-9.613,6.7254,-8.129,-8.201,3.6439,8.2881,-5.018,3.9862,4.5862,-8.0068,-5.9602,5.497,0.6509,7.8053,8.9492,-9.3698,5.9373,-2.4263,-7.5063,0.2902,0.8997,1.4446,-3.1992,-1.5658,9.8432,-3.6084,-9.3962,5.0361
-0.0477,5.7557,-0.2377,4.7108,-5.3879,7.7339,1.9249,9.0376,-3.4142,-6.5124,5.5331,5.2991,6.1287,-8.2712,0.3406,0.2418,5.7649,-7.3867,7.5976,-6.9446,2.3365,-3.4493,2.6509,-2.3667,-6.5566,5.7761,9.45,-8.148,-8.5273,2.5755,-9.3731,3.2888,-7.1842,-7.6122,4.2448,-6.9133,-6.543,9.932,-5.2269,4.5822,5.7468,-2.0428,5.1577,-9.9439,8.7559,-5.6576,7.5208,-3.5407,-8.5217,7.0624,8.0439,-7.3481,6.1298,6.279,2.9495,1.0137,6.8593,6.692,-6.235,2.4238,-2.1907,6.4239,-0.148,3.6705,-5.997,1.0912,-3.4362,6.4364,-8.7802,8.4456,1.554,-9.4834,7.514,-0.5612,6.2368,1.2165,-8.8155,-0.2839,9.2983,0.5647,8.6866,-9.5731,7.9946,6.0316,-1.4505,-5.5744,-8.4635,-3.7876,3.8277,7.1312,-2.3344,2.3745,-4.9373,-4.0421,1.8501,-0.4488,-6.0067,7.1569,6.9666,-8.8147,-8.9965,-5.5467,-4.6448,-0.8404,-0.1669,-5.7151,3.4632,0.8344,-5.5104,-2.164,-9.1399,4.5801,-6.8665,8.7564,-1.393,5.2755,4.3294,-2.779,-8.4716,0.2669,-1.0442,-8.1523,0.4794,-2.3258,1.157,-1.4135,8.7816,-8.8327,-8.1224,-0.1836,7.0487,3.8193,6.6643,-6.4442,4.4872,-5.8391,2.1082,8.2412,-7.8906,6.5273,3.1158,-6.9331,8.9979,1.8297,3.8241,-6.053,0.002,-0.3722,-6.4106,-5.5847,-5.7529,4.314,-2.7842,-9.6002,9.7459,3.5625,1.0176,-3.0796,-5.4737,-5.8213,-0.2249,1.8497,-8.1392,-4.1075,-3.4443,6.1051,-0.0501,6.4016,-1.9965,0.2688,5.2893,-7.1877,-3.5144,2.3298,3.6968,3.7825,-9.9089,0.1755,-3.8618,1.0013,6.5407,-0.6527,-0.0228,-7.3068,-2.1848,2.7783,-5.3467,-6.0088,3.0526,-7.3162,-9.2305,-9.1189,-0.5793,-5.7564,-0.8823,6.7749,-8.414,5.4177,5.0229,2.7377
1.5747,1.3195,3.4326,6.3568,-3.9869,6.3713,-6.5482,-3.1661,3.4963,1.5584,-4.5883,2.1498,-0.4836,-2.8006,4.1533,1.9901,-8.0138,-9.5988,9.331,-3.2963,8.51,6.1678,-6.0494,-9.4991,-4.9901,8.771,4.5864,4.1329,-3.0043,6.1938,7.6211,1.813,-6.3368,-6.2455,-6.7818,-0.4906,7.6923,0.5683,8.5636,9.2675,8.2029,8.6532,3.2826,0.3338,6.5611,-0.7367,-6.2327,-4.8075,8.1251,-5.5392,-2.8631,6.6194,-9.3195,8.4337,7.9407,-1.4358,9.0731,3.1923,8.4781,1.1751,-0.4011,6.3944,9.3349,-1.9004,7.1882,-7.2087,5.6926,7.5454,7.9369,-3.5965,-7.8281,-0.3992,-1.7689,-9.7773,-7.4911,8.8994,4.3356,-6.7261,-9.3212,-2.8877,-3.9031,6.7351,-1.8858,-5.7662,6.497,6.2636,-6.2618,-0.1844,2.1976,7.6069,1.1858,2.1838,-0.0621,1.7518,6.7141,3.7651,4.3377,7.4006,-9.483,9.1888,-0.5918,2.2513,-0.8385,-2.3152,4.1202,0.615,-8.9116,-3.404,6.0452,-5.1686,-3.1198,-2.7141,8.4824,0.7397,-4.3485,-1.8165,-6.2838,-2.8043,-6.0615,6.0843,1.5359,-3.5277,7.0038,8.3662,1.9476,-1.5636,9.9377,-1.9534,-3.7964,-3.7354,-7.9169,-3.0223,-6.4455,1.9032,-9.1741,-5.243,-7.7311,0.1008,4.0104,5.3531,-7.7999,2.2992,-4.7208,3.3331,7.3696,-0.3259,5.3204,9.3198,-6.7275,-1.9764,7.8116,-7.9764,-1.2937,-1.1224,8.6499,-1.2987,-9.0886,8.0702,-8.4832,2.2363,-2.7868,3.3386,4.9674,-1.0195,6.1553,-3.7231,-9.4003,9.3413,-0.1076,9.1363,-1.4944,2.263,-6.3533,3.529,2.9815,9.4354,-0.5815,6.5906,-6.0541,-4.6532,0.9065,5.2092,-8.2171,3.7378,3.186,-9.8156,-5.5205,-3.4676,3.0763,5.0081,-1.7671,-0.9809,-4.6637,6.7375,3.5703,-9.3552,4.2396,-7.3431,-2.4651,9.8352
6.3315,-7.6507,3.5355,-7.6679,9.9954,-5.6371,9.841,0.5698,2.7516,-7.5135,-8.6699,4.3248,-8.7058,9.2337,-7.2195,8.4415,8.6947,6.2048,6.7122,-9.4067,6.3367,-1.2765,-5.6392,7.4111,5.6539,5.3744,1.2078,8.0798,-9.1262,2.932,-5.6545,0.1912,6.48,4.1254,-9.8015,2.4701,5.8303,-7.9402,-0.3498,2.7044,-3.0089,8.7479,-5.8348,-8.2115,5.3861,-8.3516,-4.3596,-3.1948,-4.7475,-9.3827,0.8453,6.722,-0.2339,-2.1995,-8.0214,-8.015,-3.1723,-5.4187,-9.7668,1.1691,-6.4013,-3.905,7.1003,-8.7284,-4.8361,1.0252,-8.1046,7.2877,-1.6258,-6.277,-2.4756,3.0607,4.6569,8.2409,-1.4926,-1.9407,-9.3067,-2.5255,-8.3954,-7.4843,4.439,5.6667,6.9746,7.4588,9.4973,3.1096,-7.5529,2.4911,-6.9865,4.151,4.5654,-0.2726,7.7773,1.4948,5.8227,7.5764,-2.0166,-8.1582,6.4054,-9.8006,8.9622,-1.9456,-2.53,-9.2412,3.0413,-6.405,-4.7227,9.4267,-5.7891,-8.9691,5.1338,9.7087,-3.0017,-8.9241,2.7669,-5.0066,-7.2751,-4.4968,-7.9346,-3.7059,-9.7171,8.425,9.4444,-7.4298,5.5716,-4.6977,-2.2713,-0.1821,-7.7801,-4.1846,6.5906,-8.4021,5.7949,0.22,1.1095,6.1337,9.2239,9.5554,-9.5227,8.5894,1.8107,9.4924,-2.9836,4.1992,-5.5178,-0.1784,9.9391,7.6175,9.8133,-7.4688,-1.0486,1.0546,0.7787,-1.7089,-0.4105,3.1029,-1.4574,7.9307,6.0506,-2.8104,-8.6625,5.5252,7.228,-3.107,0.2857,5.4903,-5.9057,3.7463,-9.7229,6.0883,-6.6005,-1.6252,-5.2868,4.9057,-2.09,7.2605,-1.5576,1.5911,0.0259,-3.8455,-7.6244,-1.8825,4.644,3.2491,4.6109,0.7547,-4.3603,-3.9831,-2.7576,-2.1293,-9.3685,1.7631,-4.9889,-8.9399,7.8301,8.8697,2.2155,6.778,-2.8753,4.6195
1.6784,-7.3636,4.0207,-7.4238,7.9554,-0.2195,-4.0841,-4.7443,-5.1172,-7.75,-5.9616,-3.974,-4.2823,0.3041,-9.8305,3.3585,-3.6625,6.2917,-1.316,-8.9553,-2.9472,-0.079,1.6698,-9.8523,6.5159,-9.9636,8.9758,1.6855,-9.042,1.9071,-9.8972,8.5335,-7.9038,-6.191,2.6129,-5.9949,-9.8793,-1.6655,8.1807,8.3436,4.2078,-5.2981,-7.8172,6.7251,9.3057,-3.3909,-2.8267,1.9241,5.3139,3.9275,1.33,0.0863,5.5893,-0.7819,-9.4066,9.2261,0.2235,-8.4048,2.8377,9.2445,9.3624,0.5709,-7.1421,-7.5189,-8.455,-7.0122,7.2111,-5.5678,5.9645,-5.4158,5.6782,5.9132,3.6026,-8.9946,4.6348,9.2133,4.2037,-0.6419,-9.2091,-1.1064,1.723,4.2665,2.7165,-0.3172,-2.1253,-2.9897,4.0631,5.214,9.5696,-2.4909,8.6477,-0.9056,-6.8757,9.6521,-6.7271,3.7591,-4.1459,8.0331,2.8981,-8.3751,-4.9161,-0.4336,3.2619,-2.7154,8.0948,-0.127,6.5418,5.2894,-7.8738,2.2445,7.6463,-2.8549,4.003,7.4988,-7.9003,6.5613,-4.2697,-3.3069,3.1927,-9.9496,6.7713,5.4414,-2.1382,6.7188,4.5882,4.2741,-1.7362,-7.041,8.7536,-0.273,-6.1203,4.6331,7.512,8.671,8.3526,-7.2686,-9.9967,-6.8349,8.4149,8.6759,2.9455,6.3307,4.0086,-2.4058,-5.6998,-9.9435,-5.9348,0.6261,9.0913,2.6249,1.6334,-6.0847,5.2427,-6.4092,1.1354,7.9044,9.8399,4.006,-8.2822,-2.0302,-1.1922,8.3538,-5.5843,-1.9623,4.225,-7.8286,-4.6048,-6.8238,7.2553,-9.0808,8.3546,6.9834,0.8383,4.9152,-5.2998,-0.6477,1.2016,8.2818,4.1678,3.6589,5.0693,-6.2051,-7.2584,-0.4142,3.8084,1.013,9.8413,-7.7747,-1.8877,-2.6333,-0.2426,-3.0144,-2.553,2.901,4.6173,-4.7246,-1.4298,-8.8148,4.5191,-4.0743
6.3024,1.6613,-8.0907,-8.3634,4.6373,0.5371,-9.0467,2.4915,2.7252,6.2924,9.2532,-8.5821,-5.6377,-0.6459,4.722,7.5039,-8.9411,-3.3188,0.3444,-9.4298,-5.3018,8.9088,-9.2132,-1.5506,-1.0413,-3.6656,-9.335,-1.7185,-1.0171,-9.8272,5.0907,-2.5301,-9.4522,-3.8504,-0.5117,-3.6617,1.4114,-2.2592,3.1269,-3.5984,8.9312,-3.5784,0.7444,-9.4739,4.4674,3.0965,-1.3878,1.5965,0.6375,-8.5842,-3.1419,4.1324,2.1602,9.688,5.6733,9.0128,-0.2502,2.657,3.9386,-0.6638,4.5948,-1.9741,-6.6593,8.9837,-1.9107,-6.5709,-6.9037,-5.1233,8.7545,6.8864,-6.1835,-5.1237,-1.969,-6.4859,-7.418,-7.1761,-2.2571,-7.8266,-6.1658,1.2517,0.8153,3.6478,8.5538,1.2471,-7.3574,1.4617,9.8869,5.5041,8.4424,-5.7099,-2.6808,-8.3413,7.67,8.8191,1.7313,-8.0965,4.5739,6.2574,-7.6398,7.3322,4.8545,-6.6111,-1.2334,6.6786,-7.4641,7.7519,6.9392,1.2294,-1.2833,8.7014,3.746,1.017,6.0418,-3.101,-3.6525,7.1075,-8.3041,-8.2039,-7.4875,-5.4632,-6.385,-0.2264,-7.8112,-7.1397,-4.9289,4.9924,-1.3836,-4.5586,0.6378,0.05,-3.2574,5.816,-1.717,-3.0948,5.324,-1.7291,-7.0266,-2.7025,3.4735,-6.1446,-8.3701,3.8707,5.2451,-0.5274,-7.4522,9.4544,0.226,6.0736,-1.1482,-2.3409,-3.6639,-0.3371,-9.921,-2.8555,-6.7548,-7.5675,-1.9321,7.0351,2.1659,-0.9284,-3.536,-2.9529,2.6883,-2.9869,0.3744,0.3754,-2.4654,-9.3536,-6.7085,6.8037,-0.5338,-4.7123,-4.682,2.8956,4.5122,7.3277,3.5128,-8.6783,4.8942,-3.5793,3.6382,-6.5124,-7.9303,-5.5808,9.3511,5.2064,-3.6576,9.4895,-4.5997,-2.8016,-0.4707,8.3824,-1.4916,5.197,9.861,0.5314,5.215,-9.9756,-1.3191,0.4411
6.3162,9.5033,4.9567,-4.1933,-6.9379,2.5077,9.5425,-5.0449,-9.0952,-4.7535,1.1526,-5.2387,-3.4103,6.8154,5.9531,-4.7213,4.8183,1.6865,-4.842,-0.696,6.16,7.2225,3.6018,-4.1313,-7.0561,4.0272,-4.4738,9.0882,2.3009,0.7094,-0.0735,0.7358,-0.388,4.9813,-6.8864,-3.364,-8.7084,7.5746,2.9954,-1.8826,3.636,0.2318,-3.7291,7.4511,-9.4754,-5.7752,0.4501,-5.0684,4.1616,7.8335,5.3583,-8.171,-5.0826,-5.0736,-9.3092,8.6837,8.0729,-2.803,8.2538,-7.6377,-3.0165,-0.5322,-5.1335,6.453,-7.0911,-9.0926,-3.6979,-0.8427,-1.7215,9.0009,-0.2179,5.9239,3.5252,5.6189,2.151,-8.1337,0.6904,-8.3449,-4.0499,7.4621,-0.4498,9.7349,-1.2377,7.6361,1.3787,-7.4506,1.1712,4.5264,-8.0341,-2.365,-9.032,9.37,3.553,8.1558,7.6904,5.5971,0.1686,2.176,8.8481,-1.1019,-8.8764,3.6518,1.175,3.3889,5.6446,3.1179,-3.1763,-8.4299,-5.9633,5.2601,9.3507,-0.2241,9.2511,2.5469,-9.4945,-6.425,2.8794,-5.6374,7.6817,-4.7482,9.1399,-1.3137,6.2729,0.1807,3.027,8.4471,5.8688,0.9288,2.7874,-5.1459,-8.3227,5.5298,2.7867,-9.9384,2.0673,0.8041,7.77,2.3148,5.2975,-7.7244,-8.679,-3.3712,-9.0171,-1.1434,-1.8737,1.9945,-6.7216,-3.3146,-7.1303,-7.6641,8.5697,6.3427,7.0509,8.1966,1.2815,7.0142,7.1655,-6.7616,1.9231,1.674,-7.942,0.4246,7.3603,3.5105,-6.5961,-6.1604,-6.9001,6.2624,-7.3793,-0.0225,-4.5327,4.8118,4.6101,-3.4884,-6.6072,1.9047,-3.8845,8.3117,6.1305,3.6264,2.3032,-2.6238,6.3355,-4.1276,-7.398,-0.6357,3.5818,-2.8672,6.0601,-0.2419,-2.0978,-0.1591,-1.9336,5.3266,7.1257,-7.0372,-3.5676,4.1165,-7.779,7.0048
-8.6688,-1.3618,-0.1794,-1.2445,-6.3997,0.7332,-5.3707,9.1415,-6.4133,8.8339,-6.4109,-6.8338,-1.3227,6.4973,0.385,-8.5918,-3.0124,6.3562,-4.5146,8.0086,0.1806,-9.7821,-2.179,0.3441,-7.9285,-3.9537,-7.5528,3.8929,8.459,-6.5546,4.5314,8.7513,-8.7447,-0.2403,-9.5586,6.3112,2.8189,-0.6044,-7.8651,-9.2368,-1.1617,-6.7814,5.6969,4.4107,3.5993,1.4463,6.6626,7.4832,-9.0243,-7.1711,8.8591,3.7956,9.0342,-5.0191,-2.1615,-8.9929,1.0134,-1.6001,-9.2165,-8.4262,7.4204,-7.2125,-9.2523,8.1581,1.9745,-4.4264,6.497,-1.1486,2.4787,-1.6302,-4.469,7.6464,4.8815,-0.8627,-7.8491,8.1073,0.4336,-2.2555,1.4095,-8.8696,3.0854,-9.3239,5.0817,5.857,-1.5537,0.5098,-4.8444,-6.6613,-3.7721,3.4669,6.5022,-5.7161,-2.0048,-7.4902,-1.3086,-4.5302,-1.6167,-4.8244,9.7275,1.0256,-9.8709,-9.4593,2.1696,-3.6553,-4.9876,-5.774,-9.5844,-6.4816,9.4624,-8.96,-6.9212,7.7751,-0.381,-3.1908,-4.7888,7.213,-9.1487,-1.066,-4.4492,3.2086,0.257,3.2868,-8.3474,7.7864,-3.7711,9.4023,-8.5364,7.5409,8.6485,-6.0133,7.1544,1.0588,0.9584,4.821,1.4534,-2.2725,0.0101,8.5662,-1.4467,-0.5503,7.2376,5.6004,-4.2176,-3.9432,5.711,1.4553,8.8567,-5.9065,-5.3021,-2.5236,-1.1411,-0.8906,-3.7028,-1.5037,8.833,-8.6912,3.6068,1.8882,0.8838,3.9172,-2.4708,-0.2971,-2.9761,0.4304,1.0776,6.1705,-4.4133,-8.7218,5.48,1.3353,-7.1116,1.5611,2.9383,-0.6318,-4.3237,4.212,9.1529,8.1733,-2.0586,-0.4137,-2.6477,-8.3035,-2.7557,4.9232,-0.2986,3.4118,-2.6803,1.4718,5.8188,-1.705,2.371,-4.6365,0.7851,-6.2625,9.3136,4.8314,1.4554,8.0648,-1.6493,2.5878
-0.6924,3.0488,8.2666,8.9235,-4.7479,-7.0155,-1.6143,5.7035,5.9539,2.2702,-7.8644,-3.6929,-0.8758,3.9542,6.3191,5.5666,-0.2788,-8.3284,-8.1695,9.3009,1.757,0.1746,-1.8852,-2.5885,4.6259,-5.1809,-2.298,3.7753,3.7009,9.6965,9.8088,-5.9093,7.892,7.9458,-1.4166,-8.6427,-4.4097,-2.9167,-5.3483,7.7716,2.2151,8.3528,4.791,7.0476,-6.8757,9.293,-8.8333,-3.403,-9.9129,-8.0219,1.4211,-7.5826,-3.6943,-2.5457,3.6407,8.618,-1.7786,0.1087,-0.993,8.281,2.4479,1.5158,4.3098,-7.7204,0.4658,-8.0463,-0.8567,-3.4261,6.9693,-5.3364,-0.5449,-6.1257,4.7486,9.6276,-9.7124,-8.7476,-9.0114,-6.1034,-1.1493,-1.9352,-6.9286,3.7829,3.1023,8.4241,-6.3318,1.3205,2.0559,-8.3483,4.9286,3.19,3.3899,6.3024,0.6846,5.3537,9.9071,-9.0302,-1.4921,1.8966,-3.3961,-5.7848,1.8142,-5.5089,-7.0812,4.2748,-7.5825,-3.919,-8.1065,-1.195,-0.5329,-6.206,-6.1624,-9.168,1.5047,-7.111,3.844,6.5239,1.5464,8.8914,-2.7192,-6.6451,-7.2114,1.8963,-5.9086,-8.3012,5.3004,-5.8928,-8.1025,8.7885,1.2323,9.961,7.1075,1.6565,1.5297,-8.7665,6.5421,8.7281,-5.2844,-5.3403,-0.8222,-7.1435,-2.531,-7.1784,-0.8448,-0.2356,9.0577,-4.034,3.9375,-5.515,9.689,-4.5193,-8.7764,-6.2045,7.6021,1.3407,-8.639,7.7776,7.1244,8.0977,-4.4065,0.9255,-3.8802,-9.4404,-3.2877,-6.5565,8.7597,-0.0299,-7.2478,-5.5748,9.7518,-4.9844,9.8336,9.4368,3.2778,-6.7964,5.3187,2.692,6.0624,3.099,-2.9009,-4.9016,4.5224,5.5051,-2.9218,1.1182,3.3305,-7.33,7.5401,-2.4492,2.1971,-1.1131,-5.7437,7.3216,7.2083,4.9681,3.4678,-7.0399,3.697,-5.8279,0.9309,1.032
-4.4465,-0.4655,-5.5249,-6.8958,-9.894,3.4415,-3.5676,8.8556,-0.4536,3.152,9.4958,-3.9997,-1.7402,-4.6233,-1.8108,8.5117,5.1553,1.3869,-6.682,-6.041,0.347,-7.8655,6.5274,-7.7031,7.1168,8.2492,-9.3598,8.9933,9.0896,8.5244,0.7504,-6.1844,-5.3938,-3.146,-6.7514,6.1793,-9.8235,-9.4368,-1.729,2.6207,-6.2343,-5.6157,-9.544,-7.3616,-0.6445,-1.1285,0.2831,1.8427,2.4586,1.7334,-6.4777,-0.4313,9.066,0.8041,-4.0078,7.1155,-8.8864,-2.6096,7.5,-5.4631,6.9004,-4.8819,3.9657,6.289,1.9421,7.7502,9.4896,2.052,-4.3467,8.4103,5.7488,-2.0807,-6.5831,-3.1789,-6.9003,4.8495,2.5011,9.1663,6.0906,3.8074,-8.0367,1.6246,-3.5128,-7.0282,2.1167,1.0276,9.1394,-5.5393,5.6259,-6.3086,-4.8551,5.3563,9.0462,7.0464,-0.854,-7.6125,5.628,7.5642,4.9686,-2.7465,-2.1102,1.9566,2.7825,-4.3381,4.0205,4.4333,1.6834,3.4978,4.2346,-7.2585,7.8642,-2.5367,8.3802,4.8087,-6.0184,-7.8846,8.4997,-4.8665,5.4708,-3.8296,4.0011,8.5777,-6.1521,-7.2703,4.133,5.5883,-3.2952,-7.0342,2.678,-8.9827,-4.3786,9.162,7.9972,-1.3247,2.9138,-5.6213,8.8876,-2.0419,7.1795,5.857,-8.2937,-7.4487,-0.302,6.5986,5.3464,-4.5803,9.2869,-2.387,7.4151,-9.5316,-8.3175,-6.7624,8.3456,-0.8808,-6.9461,-9.6159,2.9596,-0.8203,7.6241,-7.3789,2.5218,-9.0478,-1.3709,8.5645,-0.4091,0.3831,5.029,6.1671,6.7711,1.7498,9.5462,9.262,1.7864,-7.9846,-8.8831,-4.4715,8.8138,8.5189,-3.1258,2.6931,-4.1128,2.3098,2.9426,-1.0234,5.2455,-0.2059,-3.062,8.9238,1.3856,-4.4467,9.8604,1.4435,3.5896,1.3312,7.7769,-8.9151,8.3512,0.6415,8.475,-4.6049
9.9737,-0.4364,-1.9241,7.1472,-3.2168,3.5115,2.4867,3.8221,2.734,0.0969,-8.1688,3.9613,6.0467,-2.0708,4.2208,6.3455,-7.3756,-7.8999,-7.6034,4.5974,4.7169,-0.7807,8.5534,-4.5225,7.6376,9.384,-5.1336,-2.9877,-3.2298,4.7271,-6.2667,2.8193,6.1989,5.1759,-5.601,-6.0863,-6.3604,-5.4071,-6.3887,8.3819,-1.4453,5.0328,5.8594,-1.4726,-1.7388,-3.114,5.888,-2.5817,-5.1398,9.1252,3.0898,1.1826,8.0932,1.991,2.1579,2.6765,-0.3811,8.9297,-3.2046,-1.7498,-1.6071,0.0579,-3.7685,-4.9923,7.0329,0.5009,3.3131,-6.1985,-3.987,9.7149,-9.7562,-3.8324,0.7877,-3.8129,-5.8069,5.4737,7.0083,6.948,-9.8825,-2.0873,-3.3507,-2.8782,6.976,-7.0697,-7.6171,8.816,7.1449,-5.913,-8.4297,-5.0617,-3.8206,-9.4573,-8.3534,-3.2205,-4.5245,-2.2007,7.5965,-9.8272,3.6231,9.1871,2.1448,4.9004,-1.3915,-4.027,-6.9116,4.5675,-7.1292,-1.9335,0.933,-3.3462,-5.9778,4.7941,-9.9369,-5.0679,8.7484,-0.0106,-1.4005,-9.5949,6.2575,8.9152,7.7983,-1.946,-2.9594,-0.424,4.5403,0.3494,5.8734,-3.1396,-1.1268,6.7452,1.0165,-2.0028,-3.061,-8.3688,-2.5303,-3.6572,-7.2723,2.0006,5.9628,9.7577,-7.7469,3.862,-4.4267,8.1849,-3.1294,-3.1187,8.991,7.7814,1.6693,6.8608,1.3741,7.1205,-0.4814,7.7416,4.5202,-6.1191,2.7,-7.8003,-8.6436,-0.3117,4.0873,-6.6472,-4.7179,3.2667,3.8175,-0.1496,9.8768,1.6691,-4.8996,2.3788,8.7033,-9.2524,-3.6058,-6.2755,-9.6128,2.6209,9.3238,-4.3405,4.1348,5.9769,-7.1923,-7.6253,9.0377,-1.8535,-9.3739,0.5844,0.3106,-9.4855,-4.4595,-2.373,6.2309,3.5787,2.5066,1.9153,3.7434,2.1703,-7.4649,5.2454,-4.4689,0.2669
9.6648,2.7006,-1.7028,-7.6302,-6.0093,-7.6048,-9.1193,-3.5221,-3.8455,-8.7639,-5.1418,9.7203,3.8292,-3.584,9.1323,8.4543,5.8335,4.5698,6.6012,3.7048,0.934,6.2103,1.4358,-1.7141,6.3364,-4.6755,-5.959,-7.8974,3.3426,9.8776,4.6464,-5.3111,-1.2565,8.8298,2.8386,0.8509,-6.1767,-9.8364,8.1385,-1.7249,-9.4679,0.6963,-3.9932,7.9251,5.0557,-6.7665,2.3217,-4.8786,6.0538,-3.817,6.8973,-2.4205,1.808,-2.4334,-5.2483,-0.9995,2.3899,-8.7484,2.6397,-2.5193,-4.6788,4.2071,-6.6193,-4.1503,8.8689,9.1589,3.9683,-7.7912,-2.6398,8.0616,-5.3291,-2.2484,3.5532,-8.1889,-9.5643,-7.2647,-9.8134,-0.931,-9.2002,7.0797,-2.4121,0.6415,-2.8951,-1.3871,-2.2512,1.9959,-8.5907,-8.6283,6.2835,-1.6483,7.5551,7.8852,-1.6895,4.0511,-2.1927,-1.6706,4.1747,-0.7587,9.0054,3.3052,5.5616,2.8193,1.7184,9.5906,5.2163,-9.1236,-4.661,7.0022,6.5869,-8.2334,-6.7611,2.8178,-2.1553,9.6516,7.8386,4.1639,2.237,-9.9552,-3.0259,3.4885,-0.7215,8.9443,0.4595,2.5037,-7.2531,-0.8746,-5.3353,5.1721,7.5677,-1.1289,-7.3302,-9.0313,-3.7072,8.658,-3.5279,2.039,0.1247,-5.929,8.8725,-6.414,-8.1441,8.696,-3.15,4.7601,8.8757,-8.2434,-0.0053,-5.7592,-0.2075,0.9261,8.1914,2.5938,-8.9704,5.2322,-5.3479,-1.2238,4.8108,-7.8071,9.0346,-9.2017,-4.4309,-0.6763,0.9445,4.14,-8.5768,0.8105,8.7839,-0.8911,-5.5529,3.9132,6.9057,-1.5734,-9.4346,-7.9625,1.1942,-4.2501,-1.7352,3.3948,2.9062,9.0571,-8.9054,-5.7222,2.993,4.4636,6.7885,7.0329,2.7007,-0.518,-2.2407,1.8825,-4.3371,4.9342,-7.7201,-3.3731,-6.7408,-7.7465,1.8088,-3.2282,-3.0941,-2.9989
-1.36,8.6413,0.1393,8.9867,0.1165,9.5011,-4.6063,0.2392,6.3376,1.6721,-0.1941,-8.3788,-9.7444,-9.8926,-4.7694,2.9495,-0.5041,-6.5834,-0.6109,-8.7435,-7.1605,-1.5547,-1.4274,4.6349,0.4684,1.9713,-0.1007,4.1678,-0.7659,-3.4567,6.6993,4.3467,-5.3639,-0.1416,-5.8738,9.3908,-1.714,6.3539,5.7306,1.918,0.165,4.951,2.7023,-4.1438,-5.3,7.5006,-7.7661,2.8537,-9.4254,-6.9448,-9.8012,8.1248,-1.8826,3.4889,-3.073,-4.3122,4.2454,0.2393,-0.8735,-5.6416,5.4162,-6.0349,9.2467,6.482,4.5405,-7.8484,-2.7061,0.3692,2.4202,-4.0473,2.6322,4.9592,6.7103,9.6877,5.2709,-5.7393,-5.7461,6.3173,6.4356,9.606,-2.8664,-9.1033,-6.8668,2.7579,9.5173,-6.5538,7.8108,-1.6226,-8.182,-9.1859,-8.1192,-9.1022,-6.8528,7.2947,6.4706,-1.8449,-1.3353,-5.707,-2.5856,-3.7863,7.7129,-2.851,-5.8182,-2.7229,0.9878,-2.6318,-7.5097,-5.1275,-7.4267,-2.0281,-8.1187,-5.1729,6.5451,1.0449,9.9304,-6.1074,-9.4181,9.0812,-9.4209,1.5976,-0.7789,-1.6438,2.7891,-1.6805,1.5846,-5.8265,-1.2785,-1.6925,-8.5708,-1.7832,4.455,-6.5457,-2.4901,-6.0004,4.8963,-0.2311,-3.7307,-1.9386,-8.9758,8.199,8.4864,-9.8506,-3.7635,2.8238,-2.2454,2.7909,4.388,6.6777,-9.1663,-1.7487,-3.1307,1.7158,4.8695,-0.8241,-1.6881,4.5032,7.7616,-8.0683,-1.7075,-5.6017,-7.2892,0.755,-8.629,7.4482,6.408,7.5266,-7.3388,3.6819,7.7991,6.0833,5.3818,7.4402,5.2344,5.8131,-2.4322,-7.595,-7.707,-0.7801,0.8872,-6.5393,3.2667,7.1047,-1.9394,8.2103,5.0949,-5.7222,9.5082,-1.4652,-0.219,1.1109,-2.0673,8.1777,1.3161,2.4042,1.223,4.491,-3.4618,8.3515,-1.7782,-9.4004
2.0083,3.8942,-7.4802,3.0681,7.8205,0.9002,-7.0143,2.3896,-3.6209,-7.9806,-6.0383,8.8599,7.6242,5.3216,8.3345,8.2549,-3.9758,-5.7746,-7.6883,-2.9563,4.8421,9.9955,-4.7227,7.7378,-2.2483,6.955,-7.3466,-8.1854,8.8447,9.7858,2.4346,-8.3404,1.9827,2.8522,2.8246,6.4632,1.6506,9.6457,9.8379,-8.5004,3.0079,-6.2007,1.3215,0.6787,4.8198,-4.8755,8.3425,-3.2383,4.9605,-8.7782,-5.5947,6.975,-6.6327,4.6078,2.629,-8.9964,-8.6746,3.1149,-3.9262,-1.0435,-4.8394,7.6536,-9.977,-7.6317,-5.3989,-0.6566,7.816,-2.2187,-1.0574,-5.9887,7.0509,9.0765,-4.1171,-0.5751,1.1859,-0.4212,5.6948,-3.6582,-2.9137,6.5764,-3.4051,8.4643,-5.1378,-7.7754,1.2575,7.1937,4.0794,-0.591,0.9602,-3.5095,-7.6977,-4.3565,5.8998,-8.6921,-8.8833,-3.2133,-7.7921,-1.5232,-8.3606,-5.1301,6.0751,-2.0065,-0.7716,9.5095,-9.4465,0.3024,2.6528,3.2705,-2.4572,-0.7526,-6.0122,9.6824,-4.156,-8.6239,-1.0627,0.2388,0.5496,-2.5796,7.1859,7.3226,3.6924,-2.6943,9.1692,3.6979,3.7787,2.6947,-0.187,5.9909,-7.6475,-0.3167,-0.0894,5.9102,3.3998,4.7704,-7.9374,0.213,6.4813,-2.0918,-9.7132,3.3662,-2.1136,9.5296,-9.6736,-5.3636,-7.7007,4.6188,-0.5675,7.0439,5.6198,-8.859,-3.5551,2.1764,-0.258,-5.0,2.5202,-2.5517,6.8753,-5.6356,3.7724,8.7364,8.7086,8.6803,-6.499,-1.0455,-4.6121,7.5552,1.4156,1.9487,-7.344,-6.0338,0.0328,9.4064,-7.422,-6.9033,7.3283,-9.6923,-3.8286,5.5596,-0.5176,-9.0555,-8.0223,-5.1238,5.0681,-9.4511,-8.7575,6.376,-6.3433,-8.1292,4.4069,3.906,-6.2447,0.472,-3.9377,8.0579,0.4344,-5.6337,3.8564,1.1815,1.5985,-4.6041
4.6518,-5.1891,9.7102,-8.705,3.7277,3.8824,3.9376,8.2616,-4.5953,-4.955,9.5795,1.7238,9.4395,-6.2156,1.1466,-9.8907,-1.3025,-7.9419,0.0516,-4.4154,7.4292,-2.4532,-7.6533,-4.0299,-7.725,-2.382,7.7836,-2.7314,9.9018,-8.5822,5.5392,-4.8152,-4.8945,0.149,-5.4921,6.7969,3.0356,8.8829,5.0953,9.9362,9.1578,-5.339,9.1961,7.9681,-5.9761,-1.5826,1.8483,-1.8522,3.0551,2.7622,3.7856,3.6281,1.1326,-1.2869,-9.8949,2.9685,-4.993,-1.0753,0.2317,5.1503,-2.5112,-0.3248,9.2725,-3.4942,-7.9806,4.7319,3.9689,-1.9799,1.0803,7.2496,9.9509,-4.771,1.2018,-9.3654,7.8821,3.0624,2.3354,1.709,8.6784,9.5773,-4.6402,-1.0844,8.2209,-4.4236,-8.8201,-2.1423,-1.1333,-0.1907,0.2032,-5.5411,5.7312,7.5584,6.4206,0.9068,-0.3345,-7.4506,1.5175,3.4461,-5.8694,-3.5809,5.154,4.8488,-2.5923,8.9668,-0.6848,-5.965,-2.1538,-7.8647,4.3344,5.5252,5.1141,-2.256,3.9623,-9.2944,-0.5003,-6.3082,0.8042,-1.6326,-8.0439,-2.6794,-2.64,0.9926,3.3246,5.0821,-5.4925,5.8585,-7.073,-4.6901,-0.2382,-8.4191,6.8045,-6.0617,4.9759,7.0159,5.6141,-0.5316,-0.3453,2.4241,4.3013,4.509,-2.9935,-5.6248,-9.2044,3.9373,-7.6453,-2.8286,5.5624,3.0336,-6.8252,-4.0262,-3.6867,-3.3138,-7.6294,2.3913,-1.0372,9.3595,-3.8079,8.225,3.7659,1.0235,-0.4082,-4.2678,4.5376,8.8892,5.5633,6.0815,4.2565,-1.3905,-7.4197,-3.8076,8.9282,-9.0916,3.4025,-3.1704,-7.5418,6.2079,2.7064,-3.1698,-9.9374,6.4592,-2.5762,3.0032,5.412,7.0932,2.7615,5.6609,6.0625,-8.0491,6.9981,-8.5291,-2.8506,5.5201,7.7055,4.2297,1.3861,4.2937,-4.1906,-8.8477,6.2324,-8.0064
-4.914,-4.5512,-0.0304,8.7042,7.9342,2.4985,5.8227,5.244,-2.1421,4.9798,-8.0025,5.0045,-6.1087,1.882,6.3154,9.8202,-2.3966,8.6437,1.7126,-5.4264,3.7511,6.3756,3.6589,-9.3937,-0.0761,1.432,8.6715,-1.2423,2.3894,9.6386,6.7285,-9.2055,-5.668,6.0766,-9.7862,-2.6615,-2.6154,4.244,4.6502,-9.9693,4.5688,3.6765,-5.324,-7.3711,-3.3658,1.1259,6.7067,3.5418,-5.2251,-9.2114,1.9128,4.4699,9.3035,-1.1953,-7.9756,6.1977,-9.8445,-5.6023,1.9151,-1.9155,-9.9796,-0.3217,-5.0177,5.2709,-7.2638,-4.8977,-7.0749,6.8642,4.4777,9.1952,6.0339,0.9599,0.2713,2.0717,7.8449,4.8827,-5.0899,6.3686,3.1775,-0.3124,3.9389,3.4579,8.9602,-6.5548,-5.4588,-2.2452,3.209,-3.3362,8.1395,-2.4816,2.3042,-8.2991,-1.8903,1.2688,-9.0663,-4.9567,4.8506,-5.9232,-7.0131,-1.714,-7.9931,8.9324,8.158,-3.227,-5.1187,-8.8134,-7.0479,-7.3699,-4.2851,-7.5922,-8.7971,2.2344,-7.0648,-1.0165,-7.5817,-2.7865,-4.2811,-1.9618,8.6452,6.3592,-4.6767,-7.5093,-1.3337,-5.8119,6.4181,4.9978,-7.4187,-6.074,-8.7605,9.702,5.0764,0.3226,-8.6869,0.9257,8.5333,1.8244,3.1455,9.6388,-7.5421,1.4881,-7.3464,-1.9026,-8.9732,-1.8843,3.9414,-6.2313,-1.9804,-0.9608,-5.9702,2.3242,6.2807,-6.6479,-2.3371,-3.905,3.8102,-3.6369,8.8623,1.7782,-6.6735,-5.0579,5.0369,-3.3365,-7.8169,-9.776,9.8503,-0.6388,-4.3806,-9.3811,6.9447,-4.144,-6.8326,-7.2459,2.5113,5.152,-7.3151,-8.4048,-0.2688,9.9134,-3.2497,-0.0368,-5.1203,-6.6142,7.106,-8.1759,-6.6839,-5.1061,4.6564,-5.4249,6.5816,-8.2321,1.5586,3.4473,-9.3741,6.697,3.0718,-2.2055,-1.205,-1.9383,-1.8731,3.9328
-5.5741,-7.8466,8.2171,-3.1508,3.2275,3.9982,-1.533,-5.9041,2.5898,1.8727,-0.9548,2.7883,5.2028,-3.5701,-1.5209,1.7907,-0.4706,3.0542,-3.6837,0.6641,-7.1636,5.5489,3.3143,8.1931,-4.4224,5.691,6.6116,-8.9994,4.8452,-7.7429,5.4981,-4.9393,-7.9036,-2.0793,3.8845,4.8436,0.0236,-4.8115,-0.5961,-3.9027,-5.9724,0.738,-0.2236,5.2197,7.2234,-7.032,-4.8521,-0.742,-5.229,9.1451,2.2946,-0.6316,-9.355,8.0578,-3.2894,7.5191,-4.5205,-9.3845,6.9604,-1.9779,-4.4378,5.2397,-8.4533,1.9273,-2.5189,-1.1735,5.6031,-0.4207,1.5927,-7.8614,6.3858,4.4575,7.0242,-2.4002,5.3277,1.6076,-8.3612,0.4846,-1.81,1.9149,7.9216,2.4284,-5.3429,0.3659,2.1796,-1.7475,2.0728,3.1705,8.202,-8.5096,3.2791,-5.7716,-8.794,6.0645,5.168,-9.8945,9.2682,-6.9137,6.2337,-2.1161,9.7064,4.3159,-1.3694,7.6911,9.7166,4.5162,-6.6041,7.8633,-3.1434,9.8393,1.3252,5.13,2.751,8.9801,5.1278,-9.0136,1.5314,-6.4421,-3.8048,5.9197,1.3353,0.2273,-1.3067,4.0806,7.8083,8.5954,9.2965,6.7356,-5.8875,6.8171,9.0601,7.8973,-1.1968,6.8987,8.7537,-9.9022,1.5869,1.2104,-3.7967,-6.3648,-7.9221,-4.7451,-4.8055,1.6666,8.9552,-9.3002,2.1888,0.7978,9.2009,-1.5115,9.8977,-6.3058,2.5052,7.5775,0.5365,-9.7922,7.4234,8.8617,4.0656,-6.4537,-9.5677,-8.6692,1.7145,7.0095,4.8256,-8.4428,6.6264,0.9124,-6.757,-4.1594,-7.4281,-5.5586,4.1965,3.804,-2.6962,3.3614,1.1527,5.9961,4.652,3.4374,-5.123,9.0221,-2.2782,-1.5129,-2.5438,4.8607,9.4705,0.3927,5.2767,2.181,0.2213,-6.615,7.8155,-7.136,2.6268,2.5258,2.9802,-6.8152,6.7413,7.211
2.2757,-4.8109,-2.2855,4.1706,-7.8083,-3.9794,-6.3851,7.916,-5.2462,9.0875,-7.8165,0.8576,-6.535,-6.2208,-2.6938,-5.5126,-9.0087,3.7747,-5.3007,-4.0305,-1.3588,-8.7672,6.2332,-5.401,-5.5713,-2.2774,0.3754,-9.3748,4.5943,8.9096,8.3193,-2.5777,6.8364,-8.9191,2.6063,1.8981,-4.668,-2.9911,9.366,0.3609,2.4564,-6.9158,8.5966,-5.1739,4.9863,-5.6905,-3.4457,9.5394,1.6049,2.6699,4.8326,4.2999,3.9205,-6.7223,6.6775,-5.4784,-8.2979,9.7911,-7.8527,4.3434,1.7473,-0.6052,6.0929,0.1096,-4.0017,7.9822,-6.5882,9.7653,4.1284,1.6699,-4.4371,6.6474,1.6512,-2.7636,8.6377,-5.1644,1.8211,1.8388,6.4884,5.0182,3.4188,8.4619,9.3354,-3.423,-5.4661,-6.749,-7.4425,-4.7291,0.1334,-1.181,7.89,-3.1775,-8.7626,9.9845,7.7191,-9.978,-3.1541,3.2155,6.8234,-0.0943,3.0987,-0.6471,-9.5721,-0.5538,6.4939,-2.9819,-8.3052,-6.7375,-6.9764,-6.5124,-2.3514,-2.2326,2.8973,-7.5032,-4.8391,-4.3669,3.362,-2.0941,-4.6889,-2.5552,7.2055,-1.8312,-1.4229,-3.0405,-1.2189,2.6273,8.2083,-1.1399,7.5344,-7.415,-7.1327,-2.614,-6.5296,-4.9034,-5.8591,-8.1986,-2.9106,6.4608,-1.3594,1.1884,9.0042,9.6271,9.6725,-6.4646,-0.7935,-4.2498,-6.9596,6.2939,6.0448,-3.3046,-1.7367,9.1049,-4.6564,7.1778,2.668,1.0999,-8.0294,2.4763,8.6769,6.4631,-4.7591,-3.7912,5.6621,5.2642,-2.1614,-9.0313,7.7701,3.968,-7.463,-4.9347,0.667,-4.1899,-8.8766,-5.1479,-1.6524,3.1687,-3.4384,2.9038,2.8052,-7.8082,5.2052,7.8424,-7.1591,5.6205,-3.9357,9.771,-3.6303,7.3752,-9.2875,-8.6847,-9.5129,3.8203,9.7377,3.8026,-9.3126,3.1061,7.5666,4.5756,2.3439,-5.9881
8.9167,6.9665,-8.1766,9.9117,3.2429,-8.2906,7.4397,1.8783,-8.4857,-9.9291,-4.0809,0.5016,-3.816,8.2406,4.8585,9.8778,7.5406,-2.8059,6.0644,-2.5802,-0.1706,-3.0792,0.501,-9.1453,0.9339,-7.0927,-2.6926,0.0223,1.2527,-5.0431,-8.9436,-6.2556,4.747,-5.6383,-2.6829,0.5901,-7.5624,-6.1112,0.9561,-5.1773,-1.5879,3.0214,-1.8473,-5.9696,-8.0419,8.0757,-3.1503,5.3742,-6.0469,3.7336,9.4893,0.4568,-2.8308,-5.558,8.0972,5.0667,-5.3856,-2.9367,7.1707,1.5853,7.8068,1.4741,-9.3101,-2.0892,-0.842,-8.1715,-8.8266,3.6018,0.9259,-8.4902,-1.5867,8.7705,0.4909,0.5917,8.9914,1.7334,0.1415,9.8484,7.4633,5.7437,-3.9643,0.6938,3.1322,5.2745,-5.8468,-5.4759,-7.7808,2.4948,5.5782,-0.0757,3.4261,-3.5096,-0.6251,7.6409,3.4012,-9.6667,5.4888,3.7187,-2.8007,2.4026,-0.8405,9.1806,-6.7884,9.4834,-7.3273,-4.9525,-7.4472,-6.5285,-9.1146,6.8612,-1.5483,0.2215,-9.9646,6.9277,2.2927,6.6101,-4.1392,2.5922,-6.6569,-8.7997,6.4062,7.5547,-5.8091,2.1811,-4.6783,7.3662,-2.3233,0.0614,8.4513,4.154,7.5049,8.198,-2.0209,-2.7364,4.3884,-0.4449,2.3556,9.1932,0.0834,9.5229,9.8226,9.8626,-6.3078,4.1663,1.8941,5.1679,7.1952,-5.8328,-0.0179,-4.4461,-2.2089,-3.3667,-9.8309,-8.0257,-6.8732,6.8533,8.3471,-0.1729,-7.9578,9.3857,-6.3511,-1.0084,-9.2873,-1.8628,0.4583,7.918,2.3169,8.3412,-2.0539,5.5455,-1.1119,9.9152,-9.7206,-5.3482,-8.387,3.6212,-8.2235,3.6525,1.0311,-9.0132,-5.3672,-7.9568,-6.4435,-5.3532,7.368,5.3651,-3.2802,-6.2597,-0.8018,5.5562,2.4514,-5.5363,2.9784,-1.4994,-9.0123,6.0617,5.8354,8.6132,-8.3261,2.7058
2.8866,-0.3719,-2.9764,2.7274,7.3146,-3.0435,3.4747,3.0977,-7.4084,-5.466,4.6846,-7.8455,7.9142,8.1285,6.4473,4.0997,8.3598,9.0454,9.5614,-7.5387,0.3032,-7.3964,2.0963,-4.2572,3.0356,-6.9978,8.8701,-8.3066,-7.1604,-8.7078,-7.0729,-3.7342,-3.222,6.2422,-8.9343,-8.5844,5.9442,-1.503,-5.1864,7.9728,5.2854,-2.5758,-4.9789,1.8727,7.473,-7.1324,7.9602,6.4495,-0.7452,3.0674,-8.2712,-1.6833,8.209,4.6555,2.2885,-9.188,2.9441,0.8005,1.4176,9.3502,-9.6515,3.3105,0.8899,-1.2459,-4.0782,-3.0144,5.5256,-7.7181,-0.7841,-4.3637,7.5452,-7.6117,7.6906,-7.6787,-1.5746,7.5416,-5.3669,2.5559,2.4134,-7.3703,3.1473,-7.5896,1.8075,-1.7012,-7.1125,8.4216,-2.9143,7.9133,-9.755,-1.4777,-5.9353,-7.518,-1.7938,6.6168,8.393,1.5243,0.1987,-3.0387,-4.3101,9.111,-8.2037,5.5595,6.9895,-9.4129,5.5523,-7.804,-4.9687,5.169,7.1093,-8.7049,4.1628,-8.1648,7.5368,-8.3762,7.7971,-3.3717,1.3353,3.2315,-5.0158,-3.8364,-4.4478,-1.4981,9.4958,-9.8021,-1.9389,-0.8456,7.0464,-7.5771,-4.2604,4.302,3.6615,-5.1436,-8.1931,-8.5171,4.2104,2.2174,-6.4395,-6.542,1.2306,-8.0364,-1.3521,6.4211,9.7194,0.1235,6.3175,2.1076,4.9651,9.5781,-6.8469,0.3532,-8.8918,5.5232,-0.3579,7.4152,-3.4262,-7.3602,-7.6966,2.6748,7.1559,-6.3483,-2.1515,-1.0152,6.8035,-8.3354,6.0473,7.8677,-2.1926,-8.149,7.1271,-2.147,-8.342,2.2161,0.9271,-2.8798,1.163,-1.4772,-2.4255,-4.9352,-1.8369,6.8458,-9.2129,-1.2462,-6.6032,-9.894,-8.2472,-2.7204,-9.6976,5.3836,2.1497,-8.1981,-3.9917,-9.3795,-0.5286,-9.3713,3.3345,-0.0065,-2.3037,-6.6904,-0.8828,-8.6355
-2.094,-0.0653,-1.6573,-6.0957,-5.1605,-1.4038,-3.9372,-2.4461,2.252,6.553,1.5042,7.9398,5.6465,-7.0479,-5.3754,-6.7326,-0.2057,4.1315,3.2487,7.8816,9.0603,6.785,5.2742,-1.1176,-9.6377,4.0803,-9.629,-0.1367,-1.8546,-8.5791,4.704,3.6996,8.277,-5.465,-2.0743,-8.9646,9.7969,0.7248,-8.1855,3.7187,8.9828,7.5701,-5.3634,-7.7296,-6.575,-1.1634,3.9326,-3.6299,-1.1088,-0.1568,3.2422,4.6862,-6.1052,-5.2165,0.7561,0.0089,7.3265,5.4978,-0.9372,-4.0873,-6.5547,-8.1224,6.5972,4.8566,0.7778,-3.4612,-2.6203,8.5579,-6.6633,-3.1474,-5.4591,5.4009,-1.8593,-3.6001,-3.9265,-0.0904,-0.3885,0.4883,-1.3209,6.3397,-0.968,-6.1753,8.8568,-2.7197,4.0891,9.4452,9.4995,-1.0993,-3.7287,5.9423,3.6539,8.4594,4.4632,-8.1117,-0.2579,-1.1404,-5.2584,5.3495,8.9482,-1.6306,-1.3932,0.8694,7.4507,4.2665,6.2083,-2.9598,-1.4508,-9.2864,-9.948,1.1465,-7.917,9.1563,0.5189,-1.1742,-3.0768,-0.9791,-9.1436,-5.4535,6.1108,6.6408,4.116,-2.0369,4.0128,-1.9585,0.1108,2.6979,-5.9639,0.2025,9.455,3.5145,-5.1177,3.6803,4.7523,-9.7594,6.7153,4.9229,-9.341,6.7159,2.7246,9.5446,5.1805,3.0718,8.4859,-8.5671,2.8346,-7.117,9.7589,2.7061,2.368,8.8406,-5.1,-6.0265,-9.5969,0.8691,-9.7614,-6.1607,-1.0681,3.4557,2.4208,-9.354,0.7211,3.8484,3.3256,7.1372,5.017,-9.152,3.1539,8.0677,3.8425,4.4171,-0.6648,9.798,1.4845,-1.8546,-2.5579,0.4747,-2.4985,-8.6977,7.6236,-9.4876,-3.7363,8.6767,-2.1892,6.2298,-5.485,-9.766,-0.4436,4.9303,-5.4975,9.6432,7.5909,-9.2424,0.0042,-1.2157,1.5953,8.304,-0.0745,-6.2662,5.3304,5.7429
-3.1535,0.3336,4.7744,0.6076,6.3869,9.1038,1.1729,-7.5207,6.5197,9.6897,6.4736,-3.0692,5.348,-6.074,0.938,3.7973,-6.3065,5.073,-2.3751,-7.2391,-4.4068,4.6887,-5.4973,8.7327,-0.9756,0.6738,2.7503,7.2487,4.8654,9.6638,-0.1168,2.2144,-5.2487,-2.2111,-0.3126,9.4778,4.7571,-1.8778,-5.261,-9.7076,3.2927,4.9034,-4.9478,6.2781,4.8344,-3.6033,3.1432,2.7797,8.302,3.335,5.786,8.9178,6.0345,0.7757,-4.4255,9.7773,-5.5724,2.7095,5.1164,2.011,4.5242,-5.1908,3.9492,6.6965,4.9612,0.2674,3.8985,-1.8956,-7.8595,-4.5415,-9.7235,-9.2274,-8.0295,-3.515,8.464,8.7797,-4.3423,7.0122,-6.7749,3.9596,6.1965,0.2148,3.8723,5.8846,-5.1231,1.1866,4.0804,0.0286,-8.0971,2.8762,-7.0526,6.2371,4.5081,5.3897,-9.7016,-7.6017,-3.9884,9.6699,1.1526,-9.4226,-3.0304,-6.6392,-7.8409,-3.3355,-6.2809,4.2943,-9.9753,4.7747,-3.2983,-1.7175,-5.3783,0.9958,0.2711,0.4702,5.6779,4.7891,1.4183,-1.0737,2.3296,8.4503,-6.0486,3.1674,-1.7384,3.8894,7.7055,-0.0459,9.1845,-7.5808,-7.6207,5.6722,-7.9324,-0.3504,2.6449,0.6386,3.9579,-4.5127,-9.0747,4.7797,-5.9181,9.0814,-3.0342,-0.9839,1.233,-0.6051,4.607,6.4566,0.4113,-6.5175,-5.4403,-6.2022,9.5718,6.068,2.0754,-0.1506,9.8186,-3.9263,-1.0027,8.0041,-5.5423,0.3727,-0.0654,4.9268,-4.6752,7.1896,-8.7685,7.125,-8.5341,3.1423,0.061,1.4175,6.5428,2.4729,-5.9838,-4.2915,-7.9825,-3.4312,-4.4185,-1.7754,-7.6476,6.9942,2.4826,9.666,-0.2646,1.1832,4.8873,2.4177,6.3921,3.5312,5.6682,5.1819,7.5649,6.5108,4.6334,-2.6839,-8.5868,0.8472,-1.9115,-9.1718,-9.3104,8.6681
5.5371,2.5553,-8.9139,9.7282,-0.872,8.2326,4.2203,5.1366,-9.8676,1.088,7.3687,-1.5718,8.3521,-9.5752,-8.3201,5.9033,5.1485,-4.2016,-0.2633,4.0899,-6.9852,7.033,-9.4143,3.5365,-5.6194,-8.0876,4.5967,-4.8801,-8.9527,2.824,5.8435,9.1801,-2.8094,-2.7342,8.2017,-6.6802,9.6295,-2.5863,7.3691,9.7288,0.9403,-0.1209,-3.6947,-6.257,1.6097,2.6794,5.1209,5.4841,8.6718,0.7901,-1.4317,-8.3122,2.3406,4.8226,-7.1743,-6.2554,-1.0925,1.9502,0.6866,1.0992,4.941,1.7735,-8.0667,6.0214,0.7434,0.3127,9.7088,-5.1144,9.4498,-7.833,-9.8621,8.7604,-1.1291,1.7399,0.0157,-2.0075,3.7151,1.8065,-1.7011,-0.815,5.0825,5.8418,-4.4805,5.674,7.8087,-0.6828,-7.8161,1.3927,4.2398,-7.0111,5.0614,1.9636,5.0311,8.3462,7.6904,-8.8673,2.8895,-5.1991,-9.5591,9.6558,-5.1647,-2.6,9.1001,3.782,5.3251,7.7197,-5.0262,-0.2767,-9.5411,-4.4911,-1.9243,2.7954,5.9078,-7.6598,1.2222,0.1242,-3.7533,2.1907,-4.7767,2.4352,0.4304,-9.9769,-6.686,-9.0612,-9.2593,-0.2291,-5.6811,-7.0809,-9.3348,-9.5607,1.7922,-7.9785,-9.4405,-9.2616,-4.6661,4.3657,6.3183,1.0257,1.7808,7.804,9.1013,-8.881,2.3323,-8.2384,1.8771,-3.9203,-5.6138,2.3784,4.9009,1.6013,1.4444,-0.744,1.4622,9.5972,-4.9634,7.7108,-5.1493,0.8044,-9.3088,-2.3964,5.7493,-2.8409,-5.5923,0.3988,-1.4907,-8.4261,2.8042,6.6541,-6.5064,7.8651,3.0061,-2.432,5.876,-7.3606,-8.8868,-8.8313,2.5742,9.6416,8.0215,5.1776,8.1878,-4.0573,8.4475,3.1418,6.8504,-9.2767,9.8008,-7.4296,-9.5253,0.2112,-8.0091,2.4789,4.538,8.7493,-8.9839,2.7936,-3.5794,-6.5439,1.5212,-7.8739
0.6245,-8.2852,-4.9918,4.845,6.5239,-1.739,-2.2147,-7.7228,-1.5503,-7.7824,5.5026,7.4326,1.0667,-9.6937,-0.4982,-1.2766,-0.4658,7.7341,6.0636,-7.7435,-1.9956,-2.036,5.8072,9.9466,0.3727,5.253,-8.0373,5.9868,6.2119,3.08,-1.297,-0.3366,-4.6611,7.9576,9.2839,2.9419,7.7341,0.0647,4.7648,3.1995,-6.6212,-6.3354,5.1718,7.251,-9.5825,7.0645,-2.9293,-2.7801,-7.269,-2.0752,3.6267,8.1983,8.0496,-8.8505,-0.0934,-3.0106,-9.9614,-7.6758,7.3306,-7.3307,-0.5871,-8.0949,0.0321,-0.0222,-3.4335,-6.6716,-2.4578,4.4938,4.4963,8.3441,2.426,2.3306,3.4392,-8.1142,-9.985,0.8958,-7.5567,-5.1432,8.8703,-4.9014,0.8284,9.0157,-4.5212,-3.2101,-9.4365,6.2653,-4.1336,0.136,-7.573,5.8865,-6.8572,6.1176,-0.4816,-6.9299,1.9556,-6.1943,5.1209,0.5307,9.1117,2.1848,-7.5369,3.9763,-0.8783,3.4844,-2.8966,-0.0094,-9.4857,-3.2378,-6.5,-6.1791,3.965,-0.1923,3.5211,3.8198,-9.966,-4.4047,-8.082,3.4663,1.5206,2.4785,1.3003,-2.8354,0.9051,9.0341,-3.3066,-1.9498,8.3535,3.0701,2.2695,3.9337,-2.4297,-3.3099,4.1737,-1.6006,7.7261,7.0775,1.8098,2.4071,-6.5514,3.7098,-4.9453,-5.567,-8.1286,3.0338,8.5742,-6.1716,4.6823,2.5246,6.5276,-6.0623,-8.0308,-6.0176,1.6792,2.2898,-7.758,4.008,0.9324,-9.1557,-1.074,1.137,-5.1078,1.469,3.2073,-2.2591,-8.4312,-5.5482,5.6711,-4.5942,-2.7362,-8.5553,5.0768,7.4301,9.4154,-2.6537,-8.9824,-3.4956,6.6653,8.7293,-2.1922,-4.7713,9.6822,-8.1638,-4.2176,-6.0839,-1.9592,-5.0828,4.1768,2.147,-4.5737,3.2108,7.5343,-9.3697,1.9986,8.1733,0.2758,-2.6014,3.6543,2.8712,-6.6445,-2.1301
8.0963,9.1662,8.9653,-0.8748,-6.4019,-1.8165,3.8206,-3.5717,5.724,-3.9445,-1.0766,8.1469,8.0955,-6.2613,-9.0787,-4.1397,-0.6993,-7.2815,-4.384,2.2625,4.3798,-2.5612,-4.5183,3.085,-7.6126,0.2753,-5.9098,7.6528,-5.9687,8.5094,0.5368,-2.5674,-9.5668,3.5241,0.0549,-8.7731,7.3413,-8.0568,6.7783,-3.6402,0.8551,-8.8412,-5.3514,9.7325,4.8581,-6.8919,6.4485,-4.846,-4.7121,9.095,-3.2072,1.6246,-8.5807,-8.8093,-0.0681,-2.547,-3.163,6.2067,-7.355,-9.3679,-9.9377,-1.1437,-2.5599,5.6681,5.9796,-8.0408,7.6208,8.5708,1.9808,-1.9898,-2.5262,2.9312,-8.6386,-6.9409,-2.063,5.7754,7.9603,-4.2311,-2.4572,3.0159,-4.9863,5.8995,-9.5639,6.4374,-4.8921,-0.5948,7.0828,1.4203,-5.0275,-8.9163,-5.9435,6.6648,-2.7198,9.7162,9.2208,4.9316,-5.1083,-5.0999,0.8993,-1.6104,-4.1526,6.9433,7.3913,-0.5913,-0.6299,2.4485,-7.8838,-1.0528,-4.7889,0.4793,-7.2908,-9.275,-5.2652,-3.1995,3.077,-1.0953,-2.698,-5.2193,-3.8169,9.2897,2.4155,-0.7911,-0.6035,-5.9963,-5.6244,5.4285,8.0883,2.4511,3.1742,-7.95,-4.9118,2.2552,-4.9294,-4.9461,3.9652,6.2799,-1.8197,-8.8654,0.9834,-7.388,-2.3054,-4.0274,8.4535,-7.2276,1.6654,-3.6005,-7.8566,-9.9849,0.5086,-8.7794,-9.8697,-2.5254,-1.8738,-2.6224,-3.4135,-0.7925,5.3006,-3.8949,-2.1209,-0.8379,-2.1806,-2.7827,-4.2298,-2.2949,8.7998,2.5526,1.4979,4.8873,8.0621,9.7023,-6.7662,-2.1954,-2.0592,6.1748,-0.3095,-5.9639,-4.0827,1.4424,-9.8447,-3.3175,6.8825,4.4652,0.3748,2.4553,-0.1083,-9.4652,6.0788,-8.3867,3.4019,-9.3411,-3.6831,-2.1048,2.7814,-5.1316,6.7676,1.7537,2.1855,-7.4449,7.5631,4.3382
-8.9212,-0.4844,-0.3454,5.7457,2.0693,-1.0573,1.728,-6.3336,1.8149,-0.4302,-3.7848,-6.0291,6.4562,-9.7306,0.1075,-8.4741,2.5336,6.1451,1.257,-2.3386,6.9475,7.5889,-2.5276,9.5516,-8.8371,-0.2088,0.8535,-8.1985,-2.1621,2.2584,-2.9131,5.7293,-6.7771,-2.5521,2.617,-4.056,-5.4992,0.9735,-4.7993,-3.6421,1.509,6.3087,-4.0993,1.314,2.1832,-5.3717,-9.3256,0.2263,1.8669,-5.5614,-9.8735,-8.832,-8.4912,-1.6115,-7.6804,-9.1869,4.5454,4.8697,-9.2114,3.2149,1.5679,-6.7569,1.1194,-7.5002,8.7321,-3.3138,-7.5002,-5.3238,0.2678,-3.0214,9.0715,-9.3367,-7.6489,-3.9552,9.4472,1.6583,-8.3983,-2.3283,-0.8788,2.2857,8.8139,8.8752,-0.0995,-3.95,1.6187,3.2637,-1.7751,7.3347,5.565,-0.3173,-7.3873,-7.8808,8.2584,-7.1503,7.0351,-0.6604,8.0137,6.0054,7.7877,3.008,4.9745,3.0993,-5.3865,2.0127,5.0594,8.5136,2.0427,-2.6964,5.9014,-1.0391,6.8699,5.6117,5.3369,2.5874,-1.6361,-7.4393,7.6514,-3.6419,-6.5038,7.0746,4.1044,-8.1974,3.3792,5.2923,7.1189,9.5004,-6.0519,8.4393,-8.8143,-8.8942,-7.9496,-5.0667,2.4331,-2.1596,9.0192,9.0051,4.5882,-5.2006,-9.9076,-1.897,1.5,3.4613,3.5008,6.7931,-1.0768,-5.9031,8.3703,-7.7149,5.972,1.9313,4.4161,7.0038,-4.6577,8.8263,8.8108,-7.4649,-1.9821,5.9416,-7.9321,5.8334,-9.3653,0.1778,-7.5885,4.9991,7.5592,-2.8122,0.7257,4.8403,2.7954,-2.2066,3.3566,-4.6142,7.0324,-1.7106,5.5821,-1.7118,5.2302,-8.0658,-4.5896,-8.8074,-8.9646,3.2343,2.4656,-9.9214,3.6446,1.4384,-5.8091,-5.0161,7.0448,-0.7182,0.0656,-5.6345,-5.6567,-8.2422,9.4693,-9.6458,-5.9821,-6.2607,5.8006,-7.0189
-0.6604,-1.0469,4.542,7.4889,-8.2036,-0.3776,-1.9106,2.5778,2.3648,3.8339,4.6195,3.6056,-4.8052,-6.7689,-4.2655,5.9275,7.2736,-9.8537,-1.7318,-7.8043,-8.8327,-0.8973,7.7357,-3.0329,-6.3002,-0.5815,-1.1652,-6.2221,-0.0419,-4.3973,-6.0419,-4.3924,-2.3338,-4.1584,-3.8863,-4.6547,-2.2471,6.0728,7.5954,6.9074,5.4678,-9.9757,-6.8863,-1.7954,2.9319,4.4673,-3.9532,4.4726,-3.9373,6.7545,-5.4299,-1.3601,2.4164,-6.8276,8.3691,-4.7878,-8.0741,4.7732,-1.5388,9.2571,-1.5491,-2.0318,5.7386,-2.2682,-3.0126,1.9632,-8.1118,-2.7266,-2.8418,-6.2769,5.4601,9.7461,-5.6633,2.198,-4.9545,-6.3993,-1.5851,-4.2716,6.6752,-4.8211,9.7631,9.0018,6.4073,4.776,-2.8129,-8.9288,-1.6791,8.4754,-8.9143,1.4099,-6.8365,7.5093,-4.3136,6.5914,8.7787,-4.4083,-7.7895,-1.0211,6.3023,-6.598,2.9778,-3.914,4.6533,4.2038,-3.2496,-1.1079,3.9147,-8.7814,-6.5155,8.7842,-2.3589,6.9142,-5.6676,1.2319,8.5149,-6.9773,-9.1944,0.3159,3.2726,-7.3416,-6.0869,9.0438,-6.4416,3.3691,-8.7819,5.9961,9.0416,8.4085,4.6197,2.3572,8.1171,1.3854,-4.1813,8.3511,7.777,-5.2285,8.309,2.9176,-2.6996,-6.5399,4.2286,-4.2435,7.8028,0.1467,5.4821,3.5518,-7.64,6.055,8.3672,-1.4041,-2.1444,-5.9314,6.0498,6.6466,6.0851,-4.0513,4.9306,-1.6703,-9.8256,1.8067,-8.6336,-1.0474,6.8616,-8.3045,-0.9188,9.8424,7.9634,5.4027,-8.9345,-6.8158,-6.8375,6.5404,-7.8779,1.9183,-8.5521,-6.4444,5.1029,-9.6472,-5.1722,2.0969,0.4082,5.969,1.389,-0.4574,-5.951,4.4787,6.1845,-8.3531,-2.6337,8.6495,-3.4364,7.1194,8.7464,5.7712,-2.2064,-0.7543,-3.1301,-6.6011,9.6605,7.5071
4.7708,-6.1803,4.031,7.6248,-9.2177,-6.9952,-3.2566,4.9707,-6.0311,-1.529,-2.0589,-6.7445,-9.5406,-0.6717,-2.7939,-0.885,-4.0515,8.8869,3.5235,3.719,-8.7623,7.6194,-7.085,5.6022,-7.9742,2.9909,-0.9821,-0.5354,8.9514,-8.636,-1.1896,-5.4019,-4.0143,-0.1783,8.0007,-9.3315,-7.1823,6.5389,1.4402,-7.972,-3.9614,-5.0595,-3.6544,4.768,8.0276,2.8737,4.7104,-9.4503,4.1414,0.5301,7.5836,1.4182,-3.3383,3.9259,4.9208,4.3953,1.4115,6.6307,-4.3107,1.6354,6.9766,9.1316,-1.0383,-1.7013,-3.4465,-7.2379,2.1703,8.4524,-6.9185,0.4193,6.3515,3.5068,-7.7986,-1.4674,6.1002,-7.1419,-7.9467,-3.0464,-3.7806,-4.8773,6.1363,0.8888,4.0002,-1.849,4.4517,-8.6421,5.3822,-7.0345,6.1509,8.8911,-7.2161,-7.903,1.8963,8.2229,6.4901,2.8183,7.8925,-1.6747,-0.0197,-7.9431,8.3318,5.3762,0.4903,-2.9529,-5.6609,9.8318,-3.9866,-6.0563,-3.4137,-1.9164,4.6897,5.2334,-6.1953,8.8134,-8.6356,-7.0383,-5.4031,-2.024,7.8089,-2.9645,-8.0129,-1.1854,-9.8219,-4.9703,-3.1378,9.1459,-8.3213,-5.4652,3.9633,3.1417,-3.7559,-6.9557,5.9823,-6.0637,1.6924,6.139,-2.919,-1.3115,2.6593,-7.0742,-4.3829,-4.2966,-9.5337,-3.2602,1.3142,-4.2848,8.8093,6.8512,5.2835,5.3236,-8.017,7.2045,0.7201,-4.9404,-9.3399,5.3559,4.4085,-2.247,4.5949,-2.942,5.2652,-7.9061,8.9778,-4.5066,-7.5846,9.6502,4.4959,-2.415,-4.2396,-4.9425,-6.4066,-3.6717,-6.1285,3.0692,7.2951,-5.7391,8.4634,3.447,-4.119,7.2297,2.0163,2.7038,4.5979,-5.6134,-2.1499,-7.4746,6.6279,-6.2826,-8.7214,1.0002,2.3012,1.0459,-6.4578,-7.6705,3.1905,5.0516,7.2583,-0.9756,9.6886,-2.2912
5.9231,-8.701,8.9893,9.3418,4.7586,7.84,-1.4407,6.5418,6.5759,-4.3089,5.2266,8.5176,4.048,-2.7779,-9.0526,9.9468,0.0436,7.9673,3.6885,0.3853,4.5944,-9.1921,-7.9221,8.7284,8.5769,4.7647,-7.449,-3.523,0.077,-4.7627,1.9369,-2.7664,8.1814,7.084,7.3455,7.3704,6.2257,-6.0259,2.6671,-6.6844,3.0265,9.7446,0.1452,6.2219,9.764,2.4562,7.7644,8.5374,-0.2301,5.4338,-4.6424,-9.8542,2.3353,5.5316,3.7088,-7.3116,5.0092,4.5348,3.3557,9.4535,-5.815,5.0884,-7.9401,-3.331,7.3215,3.9432,-1.6542,3.7316,-0.2327,-6.5659,3.3996,-1.0838,3.1734,-8.3442,-0.013,-0.631,-5.2692,2.2527,-8.2367,3.0165,-4.2635,-2.2811,9.1958,-9.8343,-0.2707,-7.0539,2.0005,9.5417,5.8782,7.9569,8.2559,8.4913,5.3547,-7.1808,8.4948,-3.922,-4.8875,9.8865,9.1185,-6.476,9.4775,6.9984,3.4198,-5.1237,-0.2787,-8.9331,0.4024,-8.3415,5.4082,-9.0912,2.9857,0.7017,7.9825,-0.1909,0.8318,8.862,3.1381,-8.4647,-5.5554,-6.6427,-8.6717,5.0683,-2.2975,3.1902,2.5247,7.8543,-1.9828,6.349,1.8347,-5.4101,-2.1502,1.8099,7.9299,6.6329,-9.1079,-6.0389,0.964,5.2344,-4.5509,-7.4324,-3.6553,-9.3507,7.3773,-0.8657,7.2361,6.0821,9.8307,-0.9956,1.9284,-2.6874,4.3228,2.4955,1.8816,-8.7872,-0.4356,7.9235,2.199,2.424,-6.1128,-7.7291,-5.7458,-6.2397,2.1677,9.1053,1.4016,2.0832,-9.1359,-6.0336,6.8119,-2.2092,3.8004,-9.6635,8.5426,-7.131,-5.2826,-1.5889,9.3569,-3.1279,6.9569,-0.5691,-1.5985,-0.8836,-2.1513,-8.9393,-6.8533,-0.4904,-9.3796,0.1503,-3.8499,-3.7634,-7.2135,-1.28,4.8271,6.4298,-4.6318,-0.843,3.9208,-4.5269,-0.3107,3.3564
3.0784,7.3705,6.6199,0.9781,8.5947,-7.0084,7.2867,-6.9842,-0.2641,2.6354,1.6625,3.2616,0.0385,9.0171,-0.0391,4.5419,2.7989,6.4363,1.0834,-6.4997,-4.1051,6.6621,0.9422,-4.3929,-1.9009,0.9066,-5.7036,-8.6477,6.1616,-0.4739,-7.616,-9.808,3.3629,5.9445,-6.0435,7.5795,9.1187,-9.839,-5.7666,-1.8941,-7.209,-0.5613,4.1192,4.5925,7.9922,-9.0689,8.2743,-8.0396,-4.8099,0.9391,-1.7522,4.1136,2.3155,-1.1676,2.9014,9.8856,2.6391,-7.5159,-5.461,-4.0443,-5.9128,-9.5521,3.5122,1.8451,-7.093,-1.8266,-4.2202,-0.2448,6.543,-7.8266,-6.5987,9.6478,-0.0391,7.1642,-7.8374,-1.9954,2.4766,-3.634,6.3026,6.0723,7.3996,7.2952,9.4892,-1.2456,-1.9867,-5.5231,-8.965,-2.4655,-3.5345,2.687,5.5851,-8.4564,8.8449,3.9085,3.5332,7.3753,8.6046,1.9512,2.4631,-8.0858,-3.357,4.9656,1.8579,5.4061,5.9091,-2.4405,6.862,6.1144,2.3875,-6.5032,0.0488,-7.7401,-7.6038,9.8224,6.1559,2.2605,9.1185,-0.9914,9.8512,-8.07,-3.3367,-2.4089,0.1145,-2.8864,6.9496,-7.0823,3.0644,3.0387,0.7072,1.7222,5.6575,9.7021,8.2516,-8.1061,-1.6011,-3.3282,-1.6154,2.1687,-3.2642,-7.0257,4.2217,3.7628,1.4147,-1.8527,-9.2497,-2.0672,6.2528,2.5675,2.9169,2.9221,9.0474,9.7198,4.5544,1.3639,-4.8034,-2.3607,9.178,-4.5672,6.7578,-6.4934,-7.3869,-5.1509,4.8233,3.7521,8.0977,-4.8647,4.8142,4.5458,5.5532,3.5604,8.3922,-1.0648,-2.023,3.0757,-5.9948,1.3568,4.1235,1.9172,-3.9462,9.6109,-5.1725,-2.7253,8.1479,-1.1666,-5.6405,7.1174,8.946,1.2451,1.0335,5.474,-1.7862,1.7039,0.9285,-9.9255,8.8195,-1.0823,-9.8935,2.9829,9.7871,4.6211
-6.7963,-6.6274,8.8258,-8.0231,-0.0965,7.2206,3.3662,7.0757,1.4779,-2.0258,7.0909,-6.4595,-3.469,-5.3648,-0.5921,-9.6502,-8.0867,-7.4617,-0.1854,-2.2695,-4.6889,-1.5501,-6.9887,-1.7557,-2.3261,2.153,2.9714,-6.9427,4.1959,-6.1611,-8.4394,0.1317,2.8389,-6.3961,7.9691,6.6196,-5.171,6.3687,1.5137,6.7919,-4.7998,-9.5156,-6.837,-5.0504,9.3837,3.2534,7.4099,2.2848,4.1915,-3.6031,-2.4873,5.4741,6.1071,-8.0035,-3.6438,-4.621,-5.7409,-6.0747,6.4134,9.4524,9.9154,3.0873,-8.9883,-4.036,5.2526,0.171,7.8527,3.2173,6.7722,3.7226,0.1391,3.7179,3.0149,7.5589,7.5597,-9.2069,-9.5907,2.0858,-6.3455,4.8983,3.6446,-6.8735,6.5468,-3.3721,-7.2889,6.8735,5.5885,-8.5488,-5.537,-3.347,-2.7338,-1.0358,0.1111,7.8085,-9.8976,-5.9453,-0.2582,-4.761,-0.7429,-4.2697,-5.4657,4.0744,-0.9739,-7.5209,7.5546,2.6121,2.5917,-6.0788,7.3242,-4.7887,-1.6483,3.5357,-7.4284,4.0617,3.6815,1.2009,3.2916,1.3103,8.3179,3.011,1.1854,8.0662,6.9326,9.5118,8.2755,-6.5181,7.6971,3.5257,4.355,-8.7062,4.7942,-8.9755,-8.4124,-7.7398,1.1584,-4.3691,-5.7856,2.1144,7.431,-1.8316,-9.4713,0.2635,-0.6625,8.7118,-0.3457,-8.6922,5.5109,0.4487,-6.2012,-0.6556,7.8669,2.8948,6.9868,7.2824,-6.5874,-8.1264,7.4847,3.913,9.4694,-3.9378,-0.4443,9.4529,2.341,-7.9509,-3.0864,9.3402,7.1184,-3.9048,-6.7718,-4.9792,-1.4734,-3.2756,-5.9285,8.7645,0.3037,-1.9611,4.7186,-9.1745,5.7932,-1.0186,-4.2155,0.3167,1.0561,1.4347,-4.175,-6.5854,0.3336,-3.677,6.2345,-9.2354,4.5374,1.2855,7.1878,9.3979,8.8151,8.0243,-6.6927,3.1373,4.4404,7.1212
3.6649,-5.9844,-2.6879,3.519,1.0047,-8.9573,-0.159,0.745,-1.9043,6.7231,-1.1102,8.9252,-9.251,-7.1556,2.1214,-0.7675,9.1451,1.7194,-2.1837,-4.5068,-0.3699,7.8496,-3.3906,-2.4462,-2.1048,7.1885,3.3325,9.658,-2.3534,0.9949,2.6501,8.9245,-7.0474,-4.1008,1.4885,2.7603,4.1594,-2.4843,1.4733,3.8143,-4.1712,6.5079,3.7349,-1.4301,-9.467,0.071,-2.2639,6.0168,-4.2568,4.3074,4.662,3.4669,-3.5211,1.6555,-1.7914,8.0392,2.9806,6.1571,-9.5335,-8.0867,3.6704,2.6468,1.4306,2.5059,-4.3582,2.9945,8.4725,-5.0512,-0.0945,6.7278,-6.8788,-9.836,-8.8774,4.8591,-9.9725,7.6931,-8.8533,2.3707,-6.1334,7.9205,-4.8529,-8.8571,2.5612,-5.182,4.7635,-5.9473,1.2978,-3.1558,5.5949,-0.5537,-6.1399,1.8981,-3.2489,4.6945,4.7517,3.5535,4.6655,5.9553,4.0557,7.4061,5.8702,-5.4905,-7.9913,3.3593,5.5944,5.8458,8.7584,-0.7506,9.2282,-1.3135,-5.0142,5.4331,4.4368,4.6227,2.6373,-0.1305,5.8416,-4.0218,5.8028,8.1628,-4.1388,-7.9154,7.203,-6.6155,-8.4225,6.9592,3.6916,9.1005,3.1905,8.2408,-9.9062,-3.3181,5.8656,-6.4796,0.1851,0.1942,6.6681,-2.7396,-0.0378,8.5704,9.3976,-9.7214,-5.0567,7.2479,-9.493,-4.9278,4.9219,-6.7452,9.6526,8.963,-0.5596,4.9371,6.6673,9.5135,-2.7361,-4.4948,4.0586,6.7236,9.3074,-6.564,-5.8295,-2.7681,1.2678,4.6479,-9.8802,-4.6834,6.7651,-6.1697,-5.4253,-5.8505,3.4609,-3.2994,-9.9893,8.2506,9.4215,-0.8842,3.8989,1.6473,-4.1083,7.2935,5.8389,-4.6345,-5.4717,-8.56,-7.6652,-6.8793,9.9898,0.4779,8.3361,-8.0043,-0.8267,6.5136,0.8159,3.2643,-1.3672,-6.1817,-3.7872,9.4209,-5.5045,3.5397
1.0008,8.4973,2.1894,-2.3909,4.4893,-1.7527,2.8717,-6.4608,7.457,6.8404,-4.5664,-2.0225,-3.6108,-4.0669,-9.3595,0.4448,-6.5345,-5.087,-6.4123,-6.7179,9.0481,2.8265,-7.3984,8.3565,5.2259,-4.7078,3.8205,4.7242,7.8881,-0.585,3.7235,8.1981,4.9807,-7.7702,-6.6212,4.5318,-8.5732,-8.1955,4.2241,0.8886,9.2146,-0.4518,-6.1149,-2.4829,0.4717,-3.3775,9.5312,-7.7035,-7.6163,7.0167,-5.3132,-4.5703,9.3756,-8.0778,-7.2635,7.945,-3.7216,-6.961,-9.9303,2.8665,4.2507,2.2739,3.241,-2.8997,3.9965,4.8866,8.8648,-9.1599,-0.5992,-4.9008,-9.3483,-0.4444,-5.4863,9.4942,1.561,4.7037,-2.6527,-4.3947,9.7767,1.6301,-8.8509,0.6861,5.9073,-8.8793,9.7147,3.5802,3.362,-6.6498,8.6238,-6.0406,-9.7768,1.1314,-1.7633,7.0022,8.4116,2.7388,8.6485,8.3291,9.6677,-8.461,1.3673,-4.0993,-7.4552,-9.277,-6.4307,-2.9949,-6.4858,2.627,-2.332,-8.3308,8.3842,9.1874,7.8729,5.9207,-9.7121,0.9584,-5.2228,0.9457,5.5623,4.6514,-7.136,7.7101,-4.0605,-2.4785,-2.9122,9.506,1.5606,8.7772,8.4979,-2.7036,-0.3999,-2.3146,-9.1476,9.4959,7.0824,-9.3042,-4.4678,-6.776,8.4058,-8.5769,6.5096,2.4185,1.9928,-4.447,1.9931,3.1094,3.6485,-0.5708,-6.879,4.3536,9.2218,7.3151,-6.0864,-4.9726,7.5939,6.1244,-5.5357,-6.1921,2.9107,5.3952,7.4288,3.8759,3.1323,-7.5761,-8.4412,9.9947,-3.5873,8.6293,-9.6972,-6.7629,8.5246,-9.3538,0.2138,7.6397,-4.0877,-4.9608,7.0698,-5.2812,-1.8432,-0.5599,9.8378,-5.4153,-9.7077,7.7089,5.817,1.4755,3.1458,9.2522,-7.4819,-1.1972,1.8676,-0.7023,2.438,8.0023,3.579,8.0088,7.8117,4.0451,-6.4715,-1.8558
9.384,7.9923,-5.1785,-2.0827,-2.7206,4.3684,-6.3075,-6.5524,2.8853,2.4181,-1.1655,-5.6415,-4.9677,-5.9237,-9.2945,-0.7574,0.2655,-7.8833,1.1885,-4.6052,-4.6629,-8.2982,-7.5262,8.3436,8.1375,5.7323,8.718,-7.0546,9.5944,-8.6845,6.8359,-6.5578,-2.9937,0.3042,-3.2811,8.3859,3.0634,-6.9237,3.3886,-3.7688,-3.3612,8.6037,-0.444,7.7177,-4.786,-7.9316,-2.6559,-9.9704,2.6512,-2.8735,-3.6312,0.8801,7.545,3.22,-5.2805,-3.5745,6.1383,7.6844,5.7939,-2.6425,1.5486,-6.88,2.0843,-7.1196,-6.6023,-2.7081,-0.0155,1.424,3.3847,1.2668,-3.8534,2.0388,-6.7594,-5.3707,6.838,-8.492,-9.1968,-3.404,-9.1235,5.1037,4.0304,-5.4446,-9.076,2.5788,7.3094,-0.9818,-0.0863,-5.9232,-6.1222,1.5158,-8.7982,0.0927,7.9234,-5.1071,-7.4936,-9.4679,5.1125,-5.0431,6.9764,-8.2319,2.5915,-0.8068,-3.8523,3.5307,-3.1732,6.9281,-3.9901,8.41,5.4329,6.4668,-8.0208,9.7159,9.6229,-2.6802,-4.5924,2.9803,3.1122,5.4624,-6.8308,2.4411,0.177,-7.7747,4.2389,-1.7515,-3.9156,5.3416,-9.4564,-7.8351,1.1436,2.0955,5.5363,5.2431,-5.4698,-2.5628,-6.9014,9.9567,5.3522,-7.2668,-3.7356,-6.7273,0.1832,-0.1527,-1.4244,-7.0875,7.8834,-9.8081,-1.3275,-3.2719,2.6415,-5.8191,5.5996,-2.5815,-5.5251,-0.0231,-5.0447,-4.7997,6.7041,-9.0301,5.2606,-4.9007,8.441,7.5875,-6.7875,-1.518,6.9688,8.1968,1.6408,5.86,-6.1411,2.1533,-3.2824,-1.8041,3.1433,2.7413,2.0237,-3.1877,6.467,-8.5432,1.5333,-1.1125,1.8476,8.7539,4.3939,-3.278,-4.0028,-9.2489,-6.4798,-7.769,-7.7734,-1.4349,-8.24,-6.2638,2.4007,5.616,2.6304,-8.4178,1.6052,9.3883,-6.329,-1.7538
-8.5327,3.6015,9.0776,4.3592,4.2439,-9.8022,-6.6515,5.0889,5.1789,-7.671,5.1574,0.823,-8.2196,3.3739,8.6607,5.0939,-6.7718,1.8177,2.6792,6.8714,1.1057,1.1402,5.2234,5.7031,3.5084,0.1634,4.9075,-9.0023,4.7153,-8.5119,-7.2155,5.6255,-0.8486,4.6639,8.0281,-5.4833,-3.2901,-5.658,-5.7308,-6.2353,7.7142,7.2847,8.2764,-4.2686,6.6292,0.1539,-1.6978,-0.1307,3.5204,-4.2013,-0.5035,-6.9119,-8.1114,-6.3492,5.2658,-2.1265,1.9761,-1.3765,-3.0237,9.9788,-8.747,7.6818,-4.141,2.8905,-8.0295,-7.2633,-8.455,-2.6097,-8.5411,3.4046,4.5134,3.3399,-4.4535,3.5182,2.1166,5.2055,-7.4649,4.0391,1.4553,-8.896,0.2298,-1.4968,-9.8547,9.9373,7.0765,6.1095,-0.6538,-8.6823,6.8244,8.4706,-7.502,-7.1482,-1.4657,7.0965,4.1433,-0.3174,9.1673,-7.0261,1.9093,7.8005,0.4836,-8.5115,-3.5249,-2.3154,-4.8821,-6.054,-2.0537,-3.5621,8.0597,8.2968,5.4007,1.5142,-1.4892,5.7293,-5.1643,-2.5968,5.3541,1.7671,3.1139,-3.6663,-2.6634,-4.1945,6.4169,0.762,3.3478,-3.1395,-7.0462,2.3149,-9.4219,-1.8847,9.7188,6.9855,-9.2785,-0.4776,-6.1549,-9.0403,-6.8417,-7.0678,-6.6931,6.632,2.3441,-6.0435,-8.5689,4.577,0.6386,3.1007,3.0238,-8.63,-7.4202,-9.0363,-5.0565,4.1955,-7.7964,-4.4349,-3.299,5.2209,2.8624,9.8471,-3.0104,-5.2081,0.0518,-4.477,1.069,7.9775,-5.3527,-1.647,0.7358,-2.4973,-9.2648,3.1327,7.785,-1.3617,2.1044,-9.5472,-4.7132,5.2611,-0.5074,-3.9165,1.8958,-2.8459,-6.221,-1.606,-5.5657,8.3242,-5.8632,2.6054,8.5763,4.6743,2.372,-3.7729,-2.2346,-3.9145,-2.2015,-8.4214,-6.587,8.9485,-7.4129,-1.0608,8.1149,-9.8953
1.0875,7.4178,-0.374,4.7762,-8.4924,-9.3937,2.6202,4.2121,5.7295,6.4362,3.9425,4.7912,-0.5824,4.3823,7.5198,-5.5746,-5.6621,2.1015,7.7757,3.5833,-1.5422,4.4643,2.5859,-7.3352,-9.6511,-6.1528,-7.6273,-8.4803,8.6244,-5.0645,-3.0537,-4.1792,-0.5331,0.0525,-4.7538,-8.913,-7.9274,-8.4492,0.3737,5.8553,4.5907,1.9486,7.86,-4.3358,4.2169,-0.2575,8.0996,-9.292,-5.3749,0.6715,-3.0914,8.6041,0.1106,1.3705,0.6428,7.4195,1.3281,3.2331,3.7998,-8.8713,7.3311,-3.668,-1.0699,3.1179,0.513,-5.6057,-9.8669,8.7664,-2.2871,-5.3457,-7.2504,3.1042,9.4425,-8.6009,-1.3149,1.748,-5.7588,-3.5743,-3.9195,-1.9153,-5.659,1.1247,-1.2775,-6.2941,7.9314,-3.9739,0.7251,-6.919,-5.7681,-2.2415,5.6806,-6.0693,-8.006,-8.993,-9.8987,4.9607,8.9092,-6.4329,-5.796,-9.1878,-4.5981,3.4243,6.0248,6.9656,9.9397,5.2621,-4.0878,-6.5178,-7.0045,-9.3744,-3.4284,6.8302,-6.1153,-3.8219,7.236,7.9703,-9.031,1.1321,-3.2237,6.3003,3.684,9.4988,-5.1632,-6.813,-6.5175,3.6155,-3.7881,-6.9847,-1.9907,-2.7008,2.7938,7.7919,8.2475,9.6322,5.8163,1.3238,-6.3281,0.6671,6.0379,-3.7617,7.0022,-1.7559,9.6564,-2.309,-1.9651,5.6243,5.0947,-8.307,4.2646,7.3838,-6.5462,-6.8171,0.1307,-7.993,-6.9827,0.0404,-6.6499,2.5603,-9.3186,-4.1367,4.4243,-8.4255,-1.0907,8.4958,-4.9087,1.741,-7.5354,-4.8525,6.7954,9.8183,-7.032,5.4364,-2.0987,6.2935,8.7243,9.6359,-0.9121,6.8066,1.0526,-2.1427,7.4532,1.1698,0.2974,7.177,4.5138,-9.1952,1.6266,8.1356,-8.6557,2.5443,-1.247,-3.1532,2.9883,7.2059,-5.8066,-1.536,-0.0259,-2.1471,9.1763,-5.4508
-5.9516,8.0311,5.9823,-1.5641,4.0627,4.2088,8.9253,7.4763,-0.5374,-4.0199,-5.5009,-8.7243,8.0239,0.9972,-5.8131,3.2282,1.374,5.8676,4.419,9.9836,3.2704,2.2968,2.3377,4.123,-7.9339,-2.6912,1.2897,2.6136,-8.977,-4.4285,8.8293,-8.2914,1.2364,7.8176,-8.3395,-4.269,6.8832,5.4029,6.2491,-3.0575,7.5653,-6.2842,-0.9576,5.6343,-8.7275,2.6565,-0.2626,8.1594,1.5405,-6.6931,5.1289,6.2037,7.0673,-0.645,-1.6818,3.8981,9.9383,-2.7851,0.0518,0.1032,-8.6372,7.9199,-6.0123,-2.4626,5.1256,4.0871,7.7294,-3.231,1.6382,-8.0392,-8.2174,8.1517,-7.6657,-4.7214,3.8772,-9.3606,-7.1768,-9.4431,2.5247,6.3879,0.0167,-0.9879,0.37,-3.845,7.7887,6.7383,-3.5316,9.7104,6.2159,9.2945,2.3913,-5.3128,3.8078,-7.5224,3.7567,7.862,-3.5449,-8.8408,-8.0239,4.6178,9.2357,0.3385,-3.125,5.6898,7.6788,-4.6677,9.5223,-3.3594,-3.9515,7.8084,4.1253,-6.5023,2.5128,-5.6405,-0.6739,0.6745,3.4715,7.5642,-8.3109,-1.9549,3.3499,-4.1472,-9.509,3.7054,-6.2069,-9.5401,-5.267,-5.9081,-7.8676,-8.8792,9.1114,-3.7195,3.1914,-3.2469,-1.1268,0.4762,-9.7784,-0.6927,3.2559,-2.6345,0.8687,-3.2389,7.9643,-9.4122,-1.2316,7.499,7.0587,2.6439,-9.1752,5.2912,4.5194,-1.4368,4.3399,-0.5259,7.9558,3.3357,-4.7427,5.8681,-1.1816,8.1524,1.0738,-3.7028,-6.3872,-0.4976,-9.0642,6.9881,1.5049,6.9604,-4.2706,2.4396,-0.9559,9.3143,-1.2056,-4.8303,-8.7215,6.4861,1.5177,5.863,-5.8044,9.1402,2.4551,8.1763,1.4313,2.3336,5.6355,-9.7954,2.9408,5.1419,-9.6912,8.64,1.4556,-5.8425,1.841,-8.6871,-2.3772,-9.3582,8.7193,-2.5529,8.4104,-3.5933
-7.027,6.274,-6.8631,4.5324,-5.4705,-5.4265,2.5873,5.8746,3.0914,3.4023,-3.4215,-2.5728,-3.831,9.1707,-6.9051,3.3521,-9.5463,2.4957,-5.9893,-1.4075,-1.9981,9.7303,4.2829,9.9859,-9.8751,1.322,3.6672,-0.6389,0.399,-6.7854,9.4687,-5.8084,-8.3915,-7.9078,3.7128,2.1164,-5.7915,3.2162,-7.8005,5.3776,7.5298,7.9812,1.7543,-2.05,3.6128,6.55,-4.0623,-6.2638,9.6441,-8.4332,1.4177,8.8388,7.6558,2.0473,3.4446,-1.6279,3.5594,-7.4149,6.9246,-2.2902,-1.7799,-6.2569,-5.7743,2.3369,3.6844,-5.283,-0.3232,-1.36,0.7093,-6.1921,0.4993,9.034,3.4278,-3.6795,4.354,-7.6897,6.8077,-5.787,-7.4115,3.1638,2.4163,-0.9503,1.4677,1.2673,6.347,-2.4886,0.9127,-7.1311,9.8007,-4.0946,2.6541,0.449,9.6382,8.7921,-0.5241,2.9895,8.741,-5.9154,7.3123,-8.6327,6.8092,5.5822,9.5823,-0.3567,7.6294,3.3497,4.6017,-5.8549,-0.5612,3.4783,5.387,-7.961,5.8715,2.8408,-2.9056,-5.8255,-7.0961,3.665,8.1727,1.2106,7.8591,-0.5026,3.85,9.4876,1.4836,5.4575,4.4309,7.9054,-9.2833,9.402,-3.0965,-8.2494,-6.6426,4.5317,5.2133,-9.4994,9.5568,-7.8337,3.9528,-1.2013,-2.0533,6.9782,-0.1701,-0.2813,-4.8307,-6.3159,-6.7225,-6.825,-2.0565,5.6113,1.9377,9.0273,-1.0088,-0.3118,-4.0287,-5.4235,4.6186,-5.9547,-0.6211,-3.5788,2.2395,7.7543,-5.6,-6.9241,7.2401,-5.105,0.6521,1.3612,2.5109,-3.5299,9.4222,-6.7673,-4.3477,-9.0671,0.529,-3.3719,-3.1528,1.0615,1.755,0.414,3.6759,5.3821,-7.8441,-1.1489,9.4918,-0.2745,-4.7692,-7.9843,-2.3267,-8.1581,-7.4984,-6.4656,3.1189,-1.2294,7.5883,2.7121,-7.4582,-8.2297,1.2116,7.6997
5.6387,-1.1793,-9.6725,-2.6041,-7.08,0.3969,-3.7511,6.6962,-9.4679,-1.2727,-1.839,-1.2114,7.527,-9.964,3.9181,7.8802,-8.7717,5.2344,4.9138,3.8041,-9.2204,6.4494,-7.6166,2.506,3.9223,0.0218,-9.8836,-7.3564,-5.6748,2.2825,-9.4071,-7.3203,9.5371,-6.9031,-1.4566,0.9606,-1.0927,-4.6211,2.5169,6.073,8.3528,5.0686,2.4314,-6.9271,-6.9604,5.4194,7.2017,3.912,8.5309,-7.9214,3.7316,-4.9169,3.5897,-1.3933,-0.2947,7.8958,7.6923,-3.9956,4.2817,4.9562,0.1369,-8.9497,8.2532,-5.0428,3.3179,7.9642,6.4318,6.0468,8.2759,-4.6575,-6.5891,7.4485,-1.4372,-0.6395,7.8981,3.5797,-6.6139,7.0848,-3.37,-1.4036,0.5984,-2.2747,2.0882,-3.9958,-3.877,8.6865,-5.1682,-2.5291,-6.8554,8.6309,4.6871,-7.895,-1.8201,7.831,2.3989,2.4436,0.3007,-4.8199,5.0902,0.5916,3.7158,7.897,3.9997,8.4353,-4.774,-9.8475,1.7474,-1.7118,2.7853,-3.673,-8.826,-3.6623,7.242,5.0952,0.8804,3.4098,-9.4637,-3.3303,9.9502,-8.4673,-7.2044,-9.2963,-8.7724,-1.3873,-4.8672,-5.3046,1.0872,-3.4475,-4.2481,0.9466,6.8412,-0.9825,1.6999,8.6032,7.2199,-5.594,-6.3342,-2.6669,9.5322,-1.8259,-3.6015,1.5859,9.3969,-3.6877,9.5139,6.2693,-1.3769,3.5518,-9.9276,-3.5374,0.7608,-8.5583,-8.8254,-5.8525,7.4461,0.0531,3.5144,-0.3647,-6.188,2.3522,8.1633,5.5166,5.4025,4.6784,0.8635,8.4649,1.9999,1.0828,2.617,5.1658,0.2352,9.5307,2.5642,-4.2219,-5.7777,4.024,-7.0974,5.6424,4.6209,-9.1146,8.7453,-2.2685,3.3647,8.4114,6.6632,-9.9578,5.4467,1.4674,-5.0165,4.1456,3.4297,3.1209,5.2162,2.021,2.1122,-8.4165,-4.9791,-2.1247,3.3502,-4.0517
0.1261,7.3996,7.9158,-3.67,-4.0941,5.1919,1.6241,-5.9553,9.3485,4.0966,6.1284,-7.7008,-6.5411,-4.6097,-2.2155,-1.6931,9.2181,-2.4589,9.9169,-6.5761,5.8578,-6.7127,-2.0946,-7.5271,1.3246,-9.5183,2.3133,-9.8896,-0.3376,-9.7934,-6.0174,9.0527,-0.7553,5.0098,9.9451,5.8112,-3.7065,-0.2481,1.5634,-6.6664,0.3911,1.0612,3.011,2.5948,1.1363,3.94,-0.1809,3.6081,-8.2866,-6.2118,5.8533,-6.8133,-6.7729,-7.3743,-3.7863,5.9164,-6.5185,2.958,-8.0995,-0.3381,8.8483,-3.8298,-6.5739,-7.142,-1.8636,8.2912,5.4573,1.1401,-6.9303,-1.3141,2.4299,-8.1942,0.0609,-6.9446,1.029,5.261,-2.376,-1.7605,-6.7877,7.8831,3.284,9.6744,3.1203,-0.2907,0.4727,6.8799,-8.0306,8.8832,1.3086,0.9381,0.5256,6.1866,-7.1614,-3.4638,2.7209,2.4315,-1.801,-3.3171,0.7653,3.0991,-9.4211,5.7755,-3.2737,7.9697,6.1126,-6.3049,4.646,-6.2776,-7.7332,-3.9718,2.8709,-2.998,-1.9763,-1.7485,3.2084,-3.6536,-6.5266,-5.7864,0.7799,-5.9588,-3.5733,9.8155,6.1732,-5.493,8.338,-3.06,-4.5691,-0.4819,2.4876,8.4367,6.1371,1.8961,1.5419,-9.5665,-4.8203,6.892,-0.4068,-7.075,-8.8132,-6.1455,-4.329,6.334,-0.1987,5.5281,6.3496,-9.4608,2.7398,7.6488,-1.0379,2.5108,7.1998,-3.0891,-6.4679,0.4835,3.6242,-8.0258,0.1614,9.7395,-4.1552,2.6537,-1.6127,1.9407,1.5168,7.5832,9.0898,-7.563,-4.0425,-4.5524,1.1871,-3.6849,3.5069,1.9272,7.9847,-2.9974,-1.2935,-5.3698,-5.5784,0.1571,8.144,-8.2098,2.7822,2.8977,-7.118,9.4453,8.4315,6.4707,1.4983,8.155,-0.769,8.5283,9.4905,1.5781,8.0035,-0.1302,7.3463,-8.0439,4.5324,-0.6084,-6.3365,-6.0201
5.1332,3.5922,-2.3812,-9.2176,-2.2391,-8.3646,-8.1599,-3.6806,8.0336,-9.9348,-9.5562,-8.0216,1.2894,6.7559,4.7762,-2.2169,3.6804,0.7528,3.0115,4.8612,-2.6109,-8.8681,-3.1133,3.462,7.0666,-5.1691,9.3881,-5.9178,7.9923,-1.3135,4.6621,3.7096,-8.5156,-1.1883,-7.9609,3.4259,-9.1179,-0.7179,-7.6862,6.8742,9.4989,-1.9202,-9.0184,8.0602,1.8183,-6.1869,-3.1447,-6.5609,-6.4425,-8.2346,-8.2822,-5.1426,5.7062,-2.8023,1.8818,6.4334,1.7595,-7.8333,-5.2365,0.712,9.4032,0.7261,8.7438,-8.6341,-4.1224,-8.0493,-0.7354,3.2995,5.4473,-9.7026,-4.8081,6.7701,-4.4563,5.3699,4.4016,-5.9845,-3.6333,-1.8977,9.1904,-4.9471,-1.9453,3.1113,-6.5595,5.2212,-9.5596,-1.8108,3.9414,2.1209,6.7322,0.5182,4.9359,-1.1075,4.1057,5.7605,-8.4726,-3.4365,7.0402,-5.3807,0.427,-6.1051,-7.5241,-0.7658,6.0164,6.1831,-1.5314,4.0637,1.9624,-4.1643,-2.3387,6.3707,-8.8973,-6.0012,-2.5478,-4.5774,3.9568,-6.2585,-4.5332,3.8865,2.7803,0.568,-6.9562,1.1722,-9.6634,9.7903,9.7144,2.6957,1.4741,7.5568,-3.5249,-9.3746,-3.6352,-2.0971,2.4758,0.6329,-8.5851,0.7024,8.0766,-1.8953,-8.5768,6.9893,-6.1741,5.0738,-0.9956,-4.9137,-7.9425,-2.6529,-0.6457,7.8262,-7.4039,1.6531,-6.6397,-4.089,1.3309,-9.9935,-6.2457,-5.4946,7.8897,-4.2717,3.7261,-7.2067,-4.3587,8.5351,-1.5209,-0.2531,3.1297,-6.6023,1.6797,0.96,-1.8282,-2.9733,-9.5091,2.8341,-1.7837,8.2935,2.3346,-7.817,-5.5351,-8.003,7.3798,-2.9754,-8.6897,0.0205,-1.2536,-6.1784,-6.3539,1.1884,9.6738,-2.6676,-1.6302,0.8075,6.4442,-0.7431,6.2807,9.5806,5.9105,1.5269,7.1918,4.8687,9.4942,6.2441
6.1155,-7.536,6.0062,8.2121,6.8166,4.9755,7.4156,-8.7332,-3.6803,-0.4727,2.9813,-0.1069,5.6322,7.4214,-6.5946,6.0992,-2.6393,-5.611,-6.145,-7.332,0.7614,-6.8406,-5.684,8.824,7.3743,8.2841,4.6659,8.6507,4.1851,9.2152,-4.1001,-5.9124,7.8578,-1.2055,9.3202,-0.7884,8.5283,4.7986,7.8389,7.9766,-2.0576,7.7863,-8.1964,5.0972,8.5736,-7.4011,-0.2954,1.4159,2.5489,0.6783,-0.2127,-9.6028,-9.6422,9.6321,8.2073,2.4781,-4.5589,7.6918,-1.3146,5.3349,-8.9483,-0.9613,-1.4209,-7.696,0.1781,3.3305,-4.6247,8.2819,2.8999,7.7341,-7.1432,-4.8999,4.4098,-1.6486,-2.3623,3.2813,-9.0582,1.5613,-9.5614,-9.2202,0.1267,-0.3732,-6.3448,-0.7713,5.4708,6.9655,8.3305,-9.9733,-3.914,3.0282,2.4632,6.2856,3.7847,-5.1167,-2.2914,-3.7115,3.1362,0.3296,-5.3591,-9.7924,4.4735,-0.3934,-9.7728,-8.1259,6.5292,-7.7361,-1.1874,1.5954,1.1461,-7.7955,3.4514,5.9702,-7.6045,9.2587,-3.3595,9.3598,-1.2231,-9.7608,1.9015,-9.2218,9.9694,0.6015,-0.4322,-2.0701,-7.1432,-5.3878,3.9545,-9.947,-7.676,-2.1508,-3.9801,8.401,6.2429,1.173,4.786,-8.2418,1.8375,6.4841,6.3276,-8.2401,-2.868,-0.5755,6.7646,9.1516,5.4594,2.1181,6.8111,-1.2539,7.1575,9.8951,-7.8561,6.126,-7.6221,-3.0424,9.0496,-7.8553,-5.1532,8.2849,4.0202,5.5738,-0.5046,2.3871,8.9959,8.6157,4.0711,-2.5433,-8.0106,-6.2768,-7.2287,-1.6202,-1.0005,7.7642,2.7763,1.8663,-6.5858,8.424,-0.99,-0.9827,5.3847,4.1097,-7.6511,9.2917,3.655,1.0344,-3.1823,9.7047,-2.9337,-5.187,0.0355,0.6368,-6.8751,9.5807,0.4291,-7.266,6.5157,4.0474,-7.1795,5.586,-5.9423,4.1962
0.1995,4.8784,-1.4129,2.5397,0.705,-6.6979,6.832,-2.0577,8.9203,1.9514,-3.9773,-6.9029,7.3208,0.9984,9.0581,-3.8043,6.4506,5.1742,-0.3837,2.4131,-3.4483,-1.1264,-4.2386,-5.6335,-1.965,-5.2561,4.2948,5.5757,0.1538,3.0476,-5.8466,-9.3055,4.9525,-5.7022,5.91,-8.8879,-2.3745,3.1132,6.78,4.0425,-8.1622,6.025,-2.4797,7.8028,-4.3312,-4.1032,-4.6686,-8.5996,0.9332,-3.7148,9.0992,5.6017,-4.717,4.8857,6.3837,-2.6304,8.436,-7.8801,7.5365,8.6983,-8.3189,7.2172,-5.9119,4.9983,8.2598,-1.6498,-6.6295,-9.9878,-3.626,-1.9408,-6.5114,5.207,-8.6225,-7.4042,4.0385,-9.836,-7.9306,7.4878,6.277,0.1202,4.3488,3.2491,-1.3981,4.6275,-6.5256,1.0965,8.1252,-3.6928,-7.8896,1.4554,1.1263,2.5193,2.7641,-2.6695,2.1875,4.2565,-3.3088,3.2725,-2.7476,6.4409,4.1946,-9.7472,2.4229,-1.648,5.0365,-1.211,2.0246,-4.1506,8.0073,-1.9572,-1.5241,-1.5471,-1.3139,7.1963,-5.0645,3.0937,-1.0531,-9.6236,-6.452,-9.7311,5.9374,-6.2323,9.6927,8.3893,5.369,-8.5079,8.5887,-5.578,8.1608,-2.1967,7.2073,9.5512,1.261,-4.3946,8.7826,7.4947,-9.2332,-2.4216,0.9817,4.0292,-5.75,-9.2983,-0.0033,-9.14,-1.0852,-3.6742,-2.2376,9.1713,-4.0478,0.0295,-1.2364,1.0391,-5.272,-9.782,-2.2189,-9.1084,8.0538,-4.2751,-2.8886,1.4899,8.0014,6.4295,-0.9899,-1.892,-2.1464,5.2155,-4.7368,2.9096,7.1174,7.968,-3.6823,-3.7487,-3.5305,7.0895,-8.2968,-8.932,-3.2576,-9.752,-4.2421,-6.8512,-5.7969,4.0406,4.5678,3.0686,-2.1725,1.769,-4.45,7.0766,5.849,-8.186,1.4117,-8.7585,6.0967,-0.8612,6.8328,-8.8599,0.7947,-6.5557,8.7284,-7.4638
0.2182,-1.163,-4.1505,1.1653,4.1039,8.2943,-8.3189,-8.8022,5.7372,8.9996,4.0298,-7.7369,-3.6463,7.5973,-5.752,-3.6039,9.9788,-7.5065,-7.036,3.5665,1.2206,3.6626,9.5741,1.1697,-2.3744,-5.2585,-3.4755,-0.0395,6.4938,-2.1512,-3.2278,1.5478,5.8942,9.0478,5.1253,-7.3044,3.2086,9.2853,4.697,-0.5678,-8.4848,3.2954,-1.4934,6.6782,5.211,-8.6937,0.8831,-7.1549,3.6961,-4.4345,5.751,-3.0157,8.1357,6.2186,8.0431,-2.9138,8.4639,9.7196,-3.8497,5.4609,-1.4266,-1.8136,0.6722,3.3589,-1.7561,2.2161,4.9878,9.6355,8.5787,-7.0486,7.3937,7.3458,-2.5825,-3.1235,2.2778,0.5518,-2.5004,8.9685,-1.0196,-9.605,-9.4619,0.0637,9.2399,-9.3781,-4.228,-8.0722,-4.9139,8.468,-4.4601,-5.3598,-7.1868,2.1965,-3.9014,-1.8042,5.4726,-3.1113,-9.649,3.3147,-4.4058,-8.207,0.9645,-3.5939,-9.4722,-0.1659,9.7047,3.4842,1.5537,2.6279,6.3427,3.9583,-3.9147,-4.8485,8.4241,3.0551,-6.0644,-5.0014,6.0162,-4.6508,-1.2851,7.3924,4.7148,-0.6708,-9.3407,-1.6813,4.8239,8.1048,6.3242,-8.5024,5.2696,-0.0319,2.2698,1.8523,1.6414,-6.5532,1.0663,8.2352,0.2117,6.8169,-3.1542,-9.0528,5.4513,1.6746,2.6872,7.4871,5.9521,3.0656,4.8607,9.1068,7.8869,-8.6342,4.899,-9.769,9.8885,-3.6567,6.4146,6.8944,8.5273,-1.1592,-5.5501,7.461,0.4329,-0.1204,1.4573,7.7161,0.9992,-4.8754,-4.5694,5.4151,0.9622,0.5683,7.9909,9.511,7.5702,1.8715,3.139,-1.1946,-9.1721,8.3884,0.1748,-5.1348,2.3119,-9.129,-4.0339,7.8844,-6.6805,-2.4461,-8.6002,-2.9899,3.1969,6.3745,5.2737,-0.9594,0.2356,-9.6667,-5.3381,-6.4035,-3.997,-7.5569,7.3532,1.8324
2.2292,6.4263,-5.0793,-1.4729,2.801,2.7843,6.0569,7.1559,-9.7437,9.4662,5.0786,-6.6437,-7.4633,2.1691,-5.1669,2.1855,-7.7834,-1.1136,-7.6459,-1.8861,1.127,0.895,0.5976,-4.8439,4.4423,0.8366,-7.8279,5.7852,-4.5154,7.4005,4.6548,-0.0972,6.2216,-2.2748,8.2139,2.1651,6.9343,-6.2564,9.2152,0.2658,2.6898,-1.4408,0.2644,5.8211,-4.2925,2.3857,2.1718,-6.1696,9.6289,9.8424,-2.6016,6.1671,-6.1816,2.5443,-9.7582,7.4538,-3.5918,4.7806,-2.047,-4.6765,-0.2379,-1.5261,8.3995,4.8823,2.2159,-7.9015,3.835,-8.2569,7.5175,-4.692,0.5688,9.2228,8.3882,7.8323,-9.9427,-4.2686,-6.0154,-8.9651,3.1851,2.3155,8.3858,-3.7444,-7.3144,0.3501,-7.4739,-7.6682,-7.0073,5.146,7.5157,-6.524,-6.5937,1.9352,-0.6712,-6.4233,-8.1564,-1.2034,-3.9941,9.4613,8.3019,-0.685,2.4078,-9.042,7.5251,8.224,3.9619,2.0466,4.5682,-6.8486,6.0352,-6.2773,2.1375,-2.2273,3.1796,2.6316,-3.7094,7.2222,5.1137,7.0662,-8.5662,-1.9546,1.5436,4.76,-3.2479,0.1404,-3.8755,9.5887,6.8863,-6.3198,8.9412,-3.8293,1.549,-6.7298,-9.2563,-3.0979,4.2398,9.1738,-4.726,3.1266,-3.1778,-2.9961,3.3938,-7.8832,-8.0047,3.6064,3.5295,-2.9042,-0.7845,-5.707,-9.1257,-6.8109,1.8672,6.3989,-8.2225,-1.1455,-1.6661,-8.6297,-0.8317,-1.9681,-9.9701,5.0983,5.5725,2.9542,-5.1737,3.7591,-3.5515,-6.1323,8.9831,8.5979,8.8735,-1.7592,7.5605,5.9511,5.4228,5.2108,-7.934,-2.6655,6.2995,-0.9165,-1.5444,2.0932,-1.1192,8.5864,-1.5388,5.9009,9.0295,6.5336,0.7587,3.272,3.9673,-7.0697,-5.2555,-4.1092,1.3757,9.9495,-0.0442,9.824,9.1598,-2.5357,5.3895,-5.4743
5.171,-7.2533,-9.3711,0.8338,-7.5304,3.6587,-6.6376,-3.4362,-0.8135,-3.1481,5.2842,2.225,4.158,-2.1281,6.2966,3.7902,-7.6111,-4.7799,-3.5365,-4.3784,-1.9677,-6.9289,0.695,-3.6742,4.293,-4.1887,1.2682,3.6098,5.227,-5.4507,9.0532,5.1553,-0.9473,7.1043,0.6527,0.993,1.0323,-0.1975,9.7157,-2.1332,-7.7372,-1.14,-5.5054,7.493,2.7218,-3.9575,-7.9508,7.9566,2.13,-1.5813,5.5439,-2.3189,1.9195,-3.5503,-4.6023,-4.3205,-4.3899,-2.9319,4.5668,-0.5279,9.953,7.4397,6.1587,0.9566,0.221,-9.5483,-5.9759,-8.0361,-7.7981,-4.4247,-8.1787,-2.6089,-0.437,2.8915,-2.6442,0.4261,5.969,-2.0286,7.157,-4.0512,-1.8707,-7.2618,1.3199,-3.3614,-1.6795,-7.8315,-5.3674,0.7484,7.5023,-5.1662,-7.1624,-9.1129,7.2222,-8.5197,3.7812,-3.0819,0.5141,6.0377,4.0403,0.3465,2.8747,-8.8495,4.5853,-4.0005,6.6804,1.0317,-8.8809,-5.3851,3.1515,-5.0398,-8.3546,-7.99,-7.2827,-3.9242,-5.6509,-6.8316,7.5073,-7.4077,0.8649,7.0796,-2.1208,-6.2593,-0.0322,4.4483,5.4205,9.0244,-5.8584,-7.0774,-6.886,-1.0017,7.9287,5.6965,2.2857,9.5652,3.986,-7.0353,-5.7264,-8.0391,2.7661,8.855,7.682,-5.4488,-3.0322,-8.4786,-9.9037,1.7795,9.4203,-6.9099,8.7458,-3.863,-4.5873,-3.5451,-6.4658,-9.9639,-4.4095,2.4688,6.9259,-4.5975,-3.5464,1.7533,9.8108,-2.5668,-9.9391,-5.0632,-7.1461,0.1293,4.1142,0.4936,2.4249,-7.0794,1.5985,-4.1152,-7.9648,8.2705,1.29,-2.2624,-6.4186,-6.938,3.6559,-9.6211,-9.5543,-9.0719,-9.448,2.4388,7.8402,7.8451,-5.7736,3.3785,-0.7193,-7.9201,-9.1863,9.0904,-2.0482,2.7713,-0.1915,-8.8469,-2.919,9.2158,-4.5826,-3.7914
1.6715,-9.9827,-5.2918,5.7393,-9.603,6.5501,-3.8567,-8.5245,8.3881,0.5483,5.4246,-7.7629,6.6068,9.9508,3.524,-6.9105,-7.842,-3.353,6.2843,-6.9034,2.3581,0.9073,-6.5584,6.7602,-8.2987,-9.6563,-7.8835,-0.5081,-2.5004,-7.0364,-0.5458,-2.5375,-1.9669,7.5439,5.0403,-4.1252,-1.2543,2.9694,-8.3242,4.9951,-6.996,1.7826,-9.5238,-7.1444,8.3078,-5.1805,1.4415,3.997,-9.3692,-6.2755,6.9552,-3.6578,5.7979,2.4435,0.3756,-9.6763,5.3058,1.7185,5.3527,2.1395,4.0931,-7.53,-1.1215,-8.175,-5.721,3.5399,-8.2269,-8.2859,-1.646,-3.9756,1.8463,1.7878,-0.1872,-5.6557,3.9002,7.4428,-3.2184,-9.6474,7.3003,-7.369,5.9227,-8.483,-6.1801,2.3336,-0.8571,9.4907,0.9911,-3.5448,-9.0415,5.0779,-9.2016,-6.2978,-7.7424,-9.9617,8.879,5.9964,3.4297,8.1907,3.2071,0.1819,-1.3296,8.8678,-5.413,-1.5816,2.0326,-6.7579,-8.7614,8.9281,-8.8038,1.0885,-3.4757,8.169,-4.989,4.7112,6.7671,-7.2741,-2.0403,-9.8175,-1.2289,-3.3389,4.3258,-7.82,1.4461,-8.8761,-4.4857,-8.4569,-2.4513,-4.5628,9.6923,-1.9271,5.4314,-4.5461,-9.9395,-8.943,5.6525,-3.4111,8.1466,5.4715,4.2165,9.4285,-4.1752,-5.2996,9.2704,-0.0854,8.7019,-7.2709,8.6084,9.9328,-1.5375,2.7835,2.8375,0.2082,6.974,-5.7285,2.8392,-3.8185,2.602,-1.9498,0.4934,-8.9757,-2.4561,-2.1257,2.9044,-7.971,-6.1965,6.8962,-8.9454,-1.354,9.1312,4.7249,-5.5404,4.3192,-9.8663,4.8455,-0.8455,-8.761,-9.586,-4.2551,6.9888,-9.7037,-9.1381,-1.9583,2.0342,6.4771,1.2137,-1.7876,8.9933,0.4854,-0.2297,7.492,2.7072,5.0846,5.7499,-5.0708,-6.8777,-6.6371,-3.9862,-0.8133,-3.4576,-7.1658
-6.8907,-9.0034,7.4406,-2.2306,-3.7408,-3.0084,-4.9337,0.0179,-8.7753,6.5213,-7.4685,5.8581,4.3181,-7.9935,5.6354,-1.3783,2.8816,-8.7871,9.5465,6.4098,-2.3238,-3.3054,-2.1289,-3.7548,3.3419,0.3336,2.1885,4.7302,8.6858,-9.69,-4.3696,-2.7196,-2.8041,1.5502,-5.1186,8.9833,-0.6276,-5.2509,0.5062,-0.903,6.9918,7.6554,5.502,-2.6184,-1.872,-7.1963,0.8987,4.0075,0.6085,2.4052,-2.7842,-3.1238,4.0538,4.2039,7.6879,-9.9688,5.6466,7.6416,4.6646,7.4785,1.8042,5.962,-1.1773,8.1595,-5.3036,-6.2445,9.0337,4.3433,-1.2331,-0.7923,-8.0354,-1.0887,3.1381,-2.9276,5.6606,6.5741,4.82,-7.6077,4.9365,2.8117,3.4879,-5.5467,1.6388,-7.8725,-8.3303,-1.5014,1.2284,-8.1557,2.315,-4.3799,-7.1813,-5.9913,5.2249,-2.234,2.5118,0.9124,-8.7868,0.5136,7.8783,-8.4876,-1.9334,3.993,-4.7196,-4.201,-1.8597,0.9371,-2.9038,1.707,-4.9612,4.5694,-1.6088,7.213,-4.4043,-7.9195,-0.5426,-8.3955,-5.1106,6.3925,1.6798,-1.7921,-0.9551,-4.1223,2.9116,-9.5104,-2.5662,7.2726,-0.813,-2.9665,-1.2568,-2.6451,-2.7496,1.8218,-1.4099,-0.4318,-3.8823,-5.2924,-5.1002,-5.2876,-0.842,3.3701,-0.4458,-1.3487,-0.5571,-6.13,0.0066,-4.4466,-0.0547,6.7806,0.3325,-8.3933,-6.8256,-4.8566,-3.6356,-5.631,-9.972,-1.8911,-3.5515,5.5676,1.8666,-6.182,-4.6491,-3.324,-6.4722,-1.4006,-3.747,-1.9641,1.1334,-3.4985,-4.075,-8.1354,1.5351,7.9617,-3.385,2.5275,-2.8228,0.5627,9.7578,-2.8867,-6.9748,-5.2605,7.1093,-1.6412,-7.9823,-1.5367,1.8263,0.6826,-7.9806,1.0432,9.8593,-7.9274,0.6915,-5.3872,8.7115,-3.3699,-6.5252,-5.466,-4.2473,1.7836,8.5107,-9.0533
9.8249,-8.0325,6.1681,-1.4627,-0.3418,6.3812,6.3776,6.9019,-4.8349,-9.9364,8.5879,-4.0164,-8.1414,0.8633,9.7925,9.96,-0.9683,-3.2851,4.0519,-3.8472,-8.317,-4.5057,0.853,6.2918,7.5162,-2.8885,5.2653,-4.2882,-6.1715,-7.0111,-9.7725,5.3818,7.0847,5.4332,4.3462,-7.859,-3.9446,9.6415,-1.6951,8.9409,3.9455,8.3664,-2.741,-7.1212,0.6633,-3.0361,9.1667,8.3061,-8.3506,-4.2853,1.5668,-8.8867,-8.1287,3.0436,9.5367,0.3202,-1.4075,5.7916,-0.4053,6.6936,-7.8481,3.9857,-5.1887,9.7427,3.9523,8.4546,2.2869,5.8,-8.9136,-3.5646,-7.3303,6.3468,-2.509,-2.8736,-5.8378,5.8025,-9.1651,-9.8955,-0.6988,0.2897,5.0697,-2.9029,2.4796,1.6053,-7.2397,6.0589,-1.0533,-2.5954,-4.1023,-3.4509,8.7079,0.2093,7.9894,-0.427,-5.4247,-9.3343,-3.9512,-9.4163,7.5665,-8.6818,5.2529,6.5294,-5.5134,-6.91,-9.997,2.2798,4.8274,-6.5409,8.432,3.6853,7.9845,-1.0398,-0.4735,1.8391,1.531,4.1981,5.1967,8.1537,0.7674,-6.8507,4.8764,2.8219,-7.0267,-9.4345,9.1588,6.2302,9.5564,6.3313,7.0041,-7.3939,5.4042,-2.9991,-1.4778,-9.1448,3.8188,-7.6085,1.0847,7.8084,0.1784,-5.7706,-7.7782,-1.9282,9.3858,3.5972,-5.3154,-8.2455,7.8397,7.2706,8.9877,4.7691,-4.9301,4.2387,-5.6177,-5.7674,0.277,0.0931,6.6409,2.0161,8.5758,8.623,7.7639,-9.7647,-4.7713,-0.9986,6.7712,7.1611,6.205,8.2896,6.8654,4.2515,5.8977,9.2546,-7.2192,9.8835,-5.602,9.1746,5.5809,-2.7416,-3.2867,-3.0386,3.3768,6.4027,5.6783,-8.877,7.1218,-2.4332,-9.3485,7.3084,5.8607,-2.7652,1.3,-6.9156,7.3349,4.5841,5.3894,-0.0764,-2.1233,0.5121,8.4665,-3.1525
1.3443,0.276,4.8953,1.9918,-3.0172,2.0379,5.9067,6.7103,-1.0057,8.3553,-2.9978,-4.195,-7.182,0.6338,8.1884,-2.0638,-1.5727,-1.8405,7.2027,-2.1834,-4.963,-7.0486,2.6214,-1.9641,1.8828,9.3713,-7.7017,-1.4209,-1.2481,-5.7072,1.9237,-4.6302,6.8999,8.9113,-6.1315,2.8852,-9.8538,4.2169,1.5478,-1.5356,7.1744,-3.9875,3.3607,-7.2088,0.1462,-3.7133,6.8118,-7.7709,-1.9301,9.9896,-2.9316,-7.2034,1.8478,-3.5014,-7.966,-7.689,-7.4615,-9.5509,7.1613,2.2206,7.9703,4.9825,4.1929,-8.9934,-3.8569,-7.7852,0.5408,-0.4266,-2.9204,-2.6632,-3.954,-3.5765,-6.6699,1.8358,9.8358,0.4999,-5.1888,2.1013,-8.4567,3.0629,5.0183,2.2746,7.1292,-8.369,-7.1195,4.77,8.6639,6.9026,-5.5124,-1.5322,5.686,-3.5336,-8.0645,-8.4107,4.2861,6.0858,3.2559,0.8946,-4.1754,-2.3605,-0.4042,-4.0446,4.622,-2.9772,-2.547,6.8968,4.4968,2.2073,-3.977,0.4791,2.9781,5.012,-3.5524,-0.3908,7.1901,-8.833,3.5159,1.8702,8.8582,4.4324,-6.7017,-2.5134,-3.8737,6.6108,0.0286,5.3429,8.6946,-5.4807,0.8788,1.5322,-1.4625,-4.1301,-9.8066,-3.1145,-1.8391,-2.0819,-8.4697,-8.622,6.007,1.194,8.8257,-8.9851,9.5162,3.273,6.7677,0.9378,8.5228,8.7197,5.0924,2.6987,6.8084,2.4437,-6.9438,0.2319,-9.4609,0.7378,-6.6165,7.044,5.2496,5.1347,-9.7896,7.1007,-4.99,1.4006,-3.4466,8.844,7.7041,-8.9196,1.1827,2.5697,-3.7042,-3.2175,2.6554,5.5733,-2.4336,3.0793,-0.6353,0.1222,-8.635,2.6586,-3.0283,7.5245,3.5946,2.8779,7.9505,-6.4584,-4.9846,8.5361,-4.2229,-8.5225,3.9182,-1.0927,4.2857,-3.307,-9.8333,4.0788,-0.0038,8.8827,-5.1585,3.7919
-6.1295,6.6365,-5.5787,3.4415,9.8804,-3.5588,4.1339,5.7281,2.6908,-0.8425,4.0968,-2.7154,5.7134,-5.8925,-3.8713,4.0806,1.9057,8.8387,-6.5904,-7.7895,-1.6005,6.162,-7.6418,1.5807,3.1513,-2.587,5.1407,-7.8813,-2.537,-8.4533,2.1104,-3.4632,-5.8097,-4.1275,5.641,-2.5112,-7.1097,-1.8494,-1.6144,-6.8853,9.2318,3.9059,9.7825,-3.0026,-3.3779,3.3284,-1.0299,3.9362,-6.7907,-2.7828,-9.5639,-0.2383,-0.1539,7.4483,-8.26,-4.2582,-6.6328,3.4473,2.5723,2.2599,-0.6211,-2.3488,6.5904,2.1298,-8.5007,-2.568,-5.4627,-4.5613,-0.5343,-4.2031,4.8283,0.5875,4.5246,-9.669,-5.2706,5.7871,-0.4452,-1.462,1.606,-9.8022,-0.8495,7.4519,-0.6256,-7.1384,-4.2528,0.5178,4.7042,0.6111,-2.9912,0.1184,5.8267,1.6383,2.1886,-0.1367,-3.6345,-4.1709,9.5212,-1.6107,1.5147,9.3936,-6.3563,6.6139,1.2549,-2.2203,7.3745,3.9904,-4.2287,1.3151,-5.3564,-0.3977,-3.9746,4.4357,-6.9254,-6.9684,-3.2056,5.6664,6.9525,-0.3092,-0.6298,-8.1453,-7.6738,8.8503,-2.3466,-9.6023,5.3177,9.5317,-6.6113,-8.2922,-9.8924,8.6477,-7.4094,5.8177,-3.424,6.9339,-1.0899,-3.6922,-2.3414,-7.7201,5.2354,-4.4962,6.9952,-8.3286,-8.8512,5.1232,1.4995,-5.1735,8.6529,-0.4642,-4.9465,-2.9894,7.4271,-1.6424,1.5296,-8.249,-4.6672,3.2656,5.5068,8.7782,6.002,1.3236,2.0376,3.536,4.9877,-9.1677,5.2472,-7.8557,5.0565,5.5928,0.2714,-9.0201,-4.2396,-5.9207,4.0464,2.1046,-5.111,-1.2948,-6.2039,-1.616,7.9908,5.5339,5.9569,-5.8803,-3.2435,7.2753,-0.6273,-6.674,-1.676,-7.4554,3.2119,-2.9954,4.764,-4.6718,7.1283,0.7088,-5.4615,-3.7538,-0.424,6.0176,-0.7707,2.6942
4.8579,-0.2068,4.1992,-9.9345,-3.6261,8.9135,-4.4486,8.8786,5.5717,-8.8765,-3.9627,8.3585,-8.4479,5.3398,6.3282,-1.3749,-6.468,7.5831,-4.9688,3.969,1.4416,9.7778,-5.5774,-1.0726,-3.1977,9.4894,0.9999,7.9438,-8.0928,-9.5308,7.9265,2.8209,4.142,4.9024,-6.4211,1.9866,5.3884,0.553,9.0079,3.7105,6.2104,1.828,-9.2676,-4.6303,6.524,1.5786,3.4151,4.5318,9.9594,6.0013,-5.0437,3.8967,-6.7406,-4.5237,-3.8358,-0.6407,-3.9711,-4.2991,-6.2625,-7.0999,4.9241,-8.7402,8.7055,-4.799,-7.9964,-9.0092,-1.2806,4.9647,-5.7228,2.4115,-7.6556,-4.5629,-7.1989,1.2627,-3.5358,7.3332,-9.5912,9.1728,3.1933,-1.5072,-8.1808,-2.7957,-4.3402,5.6528,4.0661,-3.743,-6.5551,4.761,-9.5889,-1.4891,4.4743,6.3418,3.7852,8.8075,9.6008,2.7419,8.5381,-9.7885,6.8216,9.275,-7.4839,-9.3432,1.7016,-3.8077,6.868,9.276,0.2895,3.2527,3.7346,7.4967,-3.3698,-9.8178,-7.1979,-1.4939,7.6175,-2.962,3.98,6.1439,-0.6283,1.9838,9.5333,-7.4962,-7.5078,0.1785,5.0706,-2.6046,8.1578,-8.0368,6.2087,5.436,-0.2226,6.1103,-0.0871,-0.2827,2.6687,-9.9204,-0.2625,-0.498,-7.5872,1.4738,4.4171,-0.7594,-9.4083,0.2917,-8.6132,-0.848,-6.3582,-2.5755,-5.4506,2.8433,0.8063,-8.9891,0.4102,8.3861,-9.8786,8.3477,-7.0567,0.0392,0.5262,3.3082,6.5721,5.9626,6.8074,-6.739,8.1533,3.4031,8.7152,3.7107,1.2462,5.4139,6.0116,-6.2341,2.3756,0.0809,0.4556,-9.706,-5.0078,1.9377,5.5581,8.9787,1.9115,2.2149,-4.2675,-5.4426,5.8511,-6.5102,2.843,8.1436,6.887,-3.5682,6.2484,-3.8309,-0.369,0.5306,-5.5959,-3.8757,-0.6853,-2.1074,3.2529,7.4537
-5.0327,4.516,2.3298,-9.3973,5.5808,6.2586,4.0736,3.6611,5.5623,7.8402,6.5476,-4.4227,8.0669,2.3236,-3.9571,-7.6673,-0.6458,-3.1219,-4.2114,4.5226,-9.0967,-9.6785,1.5137,-0.6134,1.3003,5.4819,-9.2896,4.7541,-6.8226,-7.3965,8.2464,5.5449,0.7476,-5.8332,-8.4675,-6.512,3.2234,5.0456,2.2242,-5.5418,4.2924,-0.446,-0.6574,-4.2676,8.206,-5.5276,3.2791,2.5306,1.0543,-5.1766,4.8024,4.7514,5.5491,-2.3168,-4.7572,7.4376,9.5543,-7.8413,-0.4428,-8.4835,-8.887,6.5797,0.0117,6.376,4.8672,-7.8607,1.7347,8.2632,-9.2904,7.5175,6.6519,0.8308,3.3299,-9.7808,5.8124,3.9214,-6.2374,-4.1573,-0.0151,3.0702,-5.3764,-2.8329,4.7239,-6.9771,3.1633,-5.6168,0.8814,-7.1923,5.5555,0.0398,3.0067,9.2419,0.7257,-9.8919,-1.6538,-6.0723,9.3025,-9.0916,-0.1137,-8.6638,-3.2068,0.5333,-0.2151,-1.7776,-4.5068,7.4817,-0.2531,-0.2534,-4.8398,8.5566,-4.5925,6.325,-8.797,1.9236,-2.2874,0.6,-4.6836,-4.1975,3.034,8.6484,6.0883,-0.5552,9.0633,-7.3644,9.1107,-0.7112,-7.2325,0.8134,3.4215,-2.6053,-1.238,-6.5108,6.2746,5.6476,-6.3977,-2.6125,6.2315,8.3495,-8.3913,4.1649,6.0063,-0.5899,-5.4905,7.181,6.8738,2.6079,-2.6523,4.5229,7.3647,-2.2346,-8.8731,-0.7479,0.2765,-2.8265,8.5915,2.7502,-7.2152,6.5238,-0.8942,-9.2399,-3.762,5.8234,-4.4523,7.893,5.0548,-3.6466,2.4879,-9.5806,-6.72,-0.5975,-2.7702,-8.4398,-2.6067,2.2574,2.6673,-7.1502,-0.8169,3.4653,8.8013,5.9158,-0.0018,-0.4309,-8.908,-5.5436,-5.9849,-7.1704,9.3742,3.8764,9.6582,-2.5541,-6.9525,0.8479,-2.8951,-0.0178,1.5597,3.6755,8.3104,-8.3323,6.579,8.5149
8.6942,6.6258,-4.0181,-7.5041,6.767,-0.0679,-2.0106,-4.0784,-9.8182,0.9702,1.7473,-3.2598,-9.2698,4.906,0.3012,-9.5743,-9.5704,1.4357,-1.4983,4.375,-8.045,-5.8694,5.6832,-0.0703,1.8815,9.3206,-2.7478,1.7829,-3.4601,0.5914,-2.4213,-5.4763,8.0376,-5.3811,-6.7236,-6.5976,-6.2262,5.7632,7.5354,3.3529,7.4648,1.3455,1.6645,1.8149,-1.1742,-1.7549,2.1149,5.54,7.039,-1.8017,-7.1296,-3.0649,-7.4265,-2.6443,-2.1131,-4.0779,3.0985,-7.9229,3.195,0.4917,-9.1297,3.8471,-8.7545,-5.1632,8.0552,8.2683,-6.4243,-1.3551,0.8329,0.5254,-6.7206,4.5897,3.4932,-9.949,-6.8149,1.727,-6.3064,-2.4913,-2.4918,-2.4154,-0.2939,-4.293,4.7038,5.4751,-8.3737,-4.8249,-8.912,-0.0641,-9.4896,5.9788,-8.2609,-6.2224,5.94,-6.4023,-4.7499,-2.6049,5.5529,8.679,-7.8076,3.6858,-2.7153,-5.5745,-4.0018,6.884,8.6908,-0.6041,4.5546,0.0153,-4.9353,-5.9822,1.9683,-7.6372,-4.1221,4.3725,8.5976,8.7806,6.6885,-2.2131,4.4412,-5.8296,3.8587,0.7963,-4.2211,5.3177,-1.1627,-7.694,1.1118,-6.1874,1.1806,9.5388,0.0853,5.6804,4.042,6.0706,-6.8191,2.4728,6.0382,-4.0176,1.6905,9.6302,3.615,-4.4305,9.3168,5.1893,-0.176,9.9993,-9.7081,-9.6316,1.3119,0.2934,8.9198,6.7569,1.7826,1.0589,9.2091,-6.1876,9.0601,2.8357,-2.9069,3.7488,3.2065,9.451,-9.134,1.3431,-7.9137,-6.5764,-3.7747,-3.6432,-7.4372,-4.2338,6.2383,6.0633,-9.3618,-0.0415,-8.0143,3.1101,7.789,-9.1273,5.9665,-7.2346,4.7345,-3.1591,7.9481,-1.452,7.164,-8.2524,-5.2519,9.5616,-9.3249,-2.7495,-9.4511,-2.9631,4.2737,4.1766,9.5287,-0.4179,6.5873,0.9466,6.8484,-4.0216
-3.1549,5.4603,9.4463,1.5881,-9.6488,5.7783,5.8536,3.1581,-9.3264,-9.3057,-0.5263,-2.8525,-8.7769,-6.7316,6.0768,5.6855,-3.8494,-3.7488,-8.9977,-2.0244,0.2975,-6.296,-3.8147,0.9513,-7.2029,0.5235,-2.0922,8.7187,-2.1911,-8.62,-2.25,-6.0184,-6.0937,9.3095,-1.796,2.1433,-1.9671,-1.4965,-4.0663,0.8952,-9.448,9.7684,7.3279,-7.7812,4.283,-8.8961,-2.0858,-5.8889,9.5372,-1.1398,8.2046,2.6223,1.9745,-0.5675,-0.1878,1.0922,-4.1435,-5.5385,4.0393,4.1061,3.0716,1.049,-4.5188,-6.5139,7.3641,-6.7759,6.846,-2.3191,8.1842,-4.3809,-9.2244,-0.5952,0.0423,-0.2108,-9.5482,2.0237,4.7222,-9.6417,0.0628,-9.6679,-8.4271,-0.3712,-2.0127,-9.5053,-9.5556,-8.6402,-5.6071,1.4405,4.2437,3.0424,-9.3077,-5.9384,6.8319,0.0308,-1.6522,3.6833,8.7583,-2.975,-5.7006,-2.4572,0.8295,8.6539,-9.187,4.9971,9.256,-7.6659,9.8712,7.4298,2.1419,-1.5531,1.1874,-4.2178,-1.9186,6.6677,7.9531,9.5484,-6.6263,-0.8406,4.0607,-6.6254,5.797,1.3089,2.8656,-1.7544,0.6052,2.4451,0.7963,-1.2722,0.1948,2.4686,-8.0903,-5.5589,5.8994,-0.0875,7.0787,-3.179,-3.1509,8.7822,9.4115,3.5937,-5.5925,-6.4908,5.8857,5.7185,9.4054,-1.8682,-7.2671,-4.0292,5.2833,0.0465,7.169,7.8599,-5.5533,6.0314,3.9116,9.2619,-6.9108,6.6147,-1.912,-7.9731,-8.4809,4.2992,-2.1591,9.0063,8.2651,6.34,-6.3498,0.8738,-6.4954,-5.2528,4.0646,-2.8055,2.5547,4.3959,-4.7197,-7.8536,-6.4995,7.548,1.0625,8.2504,-7.4252,-0.8191,-3.1566,-3.5883,-1.1065,-8.9691,-2.0918,-4.0442,3.4875,-0.8244,-9.3969,3.2113,7.8062,6.6171,0.5571,8.7329,-2.7615,-0.9424,9.5703,-4.834
8.1564,-2.282,-6.237,7.9216,-9.6502,3.0633,7.5013,-6.9451,-6.7485,3.9539,7.0972,-7.156,7.0781,-5.8654,-9.5929,-8.0073,9.5825,-4.7242,7.2557,0.3856,6.1155,8.3043,8.654,-3.4309,-1.0564,-9.376,8.7902,5.0529,-7.6376,-4.8654,-3.0269,3.5433,-8.4666,6.0084,-6.6788,7.0593,9.659,-7.8916,4.58,-0.6338,5.6714,-8.3697,5.4317,7.691,-5.5979,9.568,9.9495,8.5381,-1.6296,-2.9879,5.4999,-5.8529,-5.2709,-8.0464,-7.5808,-1.7746,6.4215,-3.5388,0.2638,3.8845,-5.4553,-2.2098,6.9221,8.0539,-4.3115,-8.2246,-8.1286,-6.1413,0.8841,8.6183,-7.8792,7.8251,-8.1591,-3.7469,1.9923,5.5467,9.521,-6.3953,-6.9199,-1.3308,7.3763,3.0702,-1.139,-4.7963,5.3834,9.2117,2.6525,7.1969,-6.7842,-1.0551,-9.8089,1.1704,-0.4445,2.3023,0.4971,-7.1584,4.0009,6.1875,-8.2725,1.2569,-5.4848,8.9021,0.436,0.6563,-9.7804,-3.5438,0.3526,9.0036,-7.9747,3.027,9.936,-9.8074,3.7781,-6.9024,4.8345,1.2787,5.0483,6.7422,-0.1451,9.5155,-9.3573,-3.1163,-8.8414,-1.5061,0.8609,2.3906,-6.1527,2.417,-2.9806,-9.4987,-3.1711,-0.3447,-8.0276,-1.1155,-6.8064,-4.9325,3.5311,9.2771,-8.9316,-8.2704,0.4199,3.3589,-6.9539,5.6983,6.7738,-7.8316,-3.3083,-2.491,-1.371,-0.7615,-1.5436,-9.8157,-4.7841,-8.5458,8.0737,-9.266,0.6382,-3.9321,8.2443,-2.4607,-9.824,8.1891,-7.7895,5.7125,2.4854,4.8181,5.4036,6.4081,-6.884,4.6277,8.1184,8.1019,-8.3398,4.1864,-2.8774,7.7721,8.3826,4.8545,2.4643,5.3581,-4.1212,1.5357,-0.6549,4.2775,5.2694,8.4993,-1.1504,2.3738,-6.1426,-3.8644,5.4176,-2.6418,5.6798,-6.4232,-3.0846,0.9715,-3.0285,6.1379,2.8056,-3.6749
6.7074,7.1155,0.9401,2.7667,7.4532,-0.1759,5.7497,-1.2109,8.6727,0.8272,-0.6791,3.9005,6.2133,-3.0272,-8.0052,-5.986,4.7038,-3.9355,4.4206,-6.0126,1.6774,1.6785,-1.8605,-5.9252,7.2493,-4.6258,8.5473,-2.8637,-0.4784,-1.5929,-6.213,-2.7835,-3.1027,8.9818,-5.2011,9.999,4.6422,5.9246,-1.8411,-6.2478,-1.409,4.8619,-9.7602,3.2955,-7.251,3.0831,9.1783,-4.8009,-1.4681,-3.2803,0.5418,-6.6009,-3.9758,6.1021,-3.0795,-8.7114,-4.4787,-0.0108,-4.8943,-8.3042,-0.8895,-0.3631,3.4613,-4.5327,-5.793,9.8609,-1.1706,6.8306,1.0369,9.3922,-6.4636,-9.6284,1.8838,-9.7476,-8.6446,-8.2274,8.4821,-9.8581,3.0244,8.3141,1.5487,-9.0562,7.799,9.1346,-0.8344,1.1785,5.6647,-7.9788,1.3378,1.7041,6.1699,4.4028,9.5081,-7.0722,-4.8792,0.913,-0.6089,-1.3678,4.9978,-3.5422,0.1753,5.6462,1.8568,-3.2394,-7.9929,5.0777,9.1422,-7.583,2.3788,-7.8963,9.8359,4.7078,-9.8923,-7.0536,6.8423,9.5158,6.3773,7.2957,2.5715,8.2651,-4.3878,1.8022,9.973,-2.794,-7.2903,7.9897,-0.4725,-8.7496,0.9876,5.7636,-9.0443,-1.1905,-3.2486,-8.6819,-5.3034,-9.0617,8.8248,-9.6195,-9.1026,6.4043,-5.4298,3.6389,3.6405,-5.9149,5.7426,-3.454,5.8906,-8.371,7.0525,-3.6847,6.4695,1.3443,-1.4008,-2.8366,6.4476,-3.661,9.0147,1.4525,9.9256,0.0067,1.1123,1.9668,0.9165,-0.6808,-3.1974,6.4574,6.0796,3.9426,-1.7114,-9.7128,-7.9583,-0.3109,-6.5261,-6.8498,-7.8727,-7.5326,5.9704,5.8135,0.5674,8.6554,2.8992,-2.0985,7.7561,-6.5356,7.9707,-2.3109,9.1678,3.8283,3.3637,1.4055,-8.5358,-0.9797,2.6381,-3.2069,6.3911,-9.5361,-2.5697,3.8049,9.0835,3.4584
-2.0591,4.1263,-8.3958,4.9586,-6.885,5.8192,1.681,-0.8003,-1.9296,-4.498,-2.7071,-4.6605,-8.0129,-7.9629,3.1292,4.1784,-3.794,6.4664,2.9168,8.9379,4.6082,0.4041,9.404,-4.5945,4.1824,-5.7931,6.933,6.3623,5.6257,9.6817,9.2602,-5.3377,-4.1824,6.6633,0.032,4.2133,0.2735,-6.5864,-9.8249,-8.7836,-3.3377,8.9945,4.6966,0.8703,5.3647,0.8826,-9.5308,-6.7021,2.2375,-5.4991,6.6942,-9.1555,-4.0708,4.6663,-0.2776,0.186,-4.3974,9.5412,-9.9396,-9.7822,4.871,-7.387,3.5383,8.0167,-1.1043,-9.2438,-8.0011,9.5863,1.7554,-9.0237,2.5694,5.2781,-9.6707,-0.572,-1.1706,7.6329,-3.5351,-4.7728,-0.5933,-1.1445,5.5679,2.8823,8.7851,1.1733,1.4117,5.4923,7.7059,-0.2167,-0.1902,-0.2731,-4.8727,1.4559,2.9412,1.1907,-6.374,-9.4808,3.8453,9.2421,-2.0459,5.6867,-9.585,5.458,3.2344,-5.6609,-4.5625,-7.4439,8.1333,8.4448,1.1958,-8.7816,9.9707,-9.5117,-8.2173,-7.3496,-1.0083,8.8765,-4.3858,6.7775,-5.1727,3.1531,9.4267,7.7364,-1.0897,7.2155,3.6325,5.1916,0.7726,1.0001,-6.936,1.356,-8.5709,-9.755,8.3802,-2.0607,-1.4454,0.8809,2.8338,9.2679,7.2644,-7.2979,-2.2809,-4.9412,-4.0765,6.5643,5.7557,-5.4766,-1.2928,0.2892,9.1945,-8.845,-9.106,3.3026,-3.2602,0.4812,4.3744,-8.8582,2.6256,8.8352,-9.4115,9.666,-8.1772,-9.4357,2.5804,-6.4312,-8.8823,-3.3635,-3.2761,-1.9166,5.6438,-3.0773,-7.9063,8.9741,-2.4107,-8.4593,4.2762,4.2427,5.2403,3.1696,0.4548,2.8513,-0.4623,-3.6336,7.9173,-0.2169,0.56,3.5918,3.5435,-7.3304,4.9035,-9.7523,3.0615,-2.1047,-3.8256,3.8138,-8.2298,-7.173,2.7744,0.317,0.3225,-9.1637
1.8851,5.3173,-2.2617,-8.145,7.3722,7.435,-5.6126,-9.6478,8.6038,-4.7504,-1.9961,8.7488,4.2714,5.0849,5.3723,-2.2037,4.8305,1.5242,0.3107,4.1726,-5.3258,-3.3178,-4.0154,3.159,1.1558,0.3365,4.3838,6.3633,9.7046,0.2359,9.4155,7.2422,-9.5409,3.7833,-3.5959,8.4732,-2.043,3.7571,2.7907,0.0952,-0.5383,-6.6523,6.744,-8.9537,7.8967,6.2716,6.7066,5.6461,7.0757,2.0076,2.0173,-5.0989,-0.1182,-6.3467,-7.8228,-8.5715,7.5169,-6.9452,-0.1822,-0.3676,-4.1587,-7.9326,9.6524,0.951,-2.6449,-0.2898,-2.7307,1.3954,8.3034,0.1846,9.0309,3.5833,-0.5456,5.1633,8.3541,-6.743,-8.1149,7.6541,5.2331,-4.5554,9.316,-7.2086,-9.0876,-8.6221,3.5012,-8.8794,-1.1234,1.3731,-1.984,8.1265,5.8542,3.3136,-4.4208,6.0897,-7.6466,-5.4054,-9.8817,1.1256,5.558,-0.1475,-3.4251,9.4322,-3.0923,6.5507,-4.0643,-9.5291,-8.2643,4.7431,-2.9811,-6.6707,-0.5171,-1.7734,4.6586,7.8718,-9.3304,5.9573,3.6569,-6.8374,-3.6749,2.0097,-7.852,4.7913,5.6084,-4.602,7.643,-2.5865,-3.2515,3.5664,2.7715,8.57,5.2488,2.1686,-2.9099,-0.7375,-3.7068,0.9458,-5.6897,-4.158,4.7288,-5.3313,-1.8186,5.9488,5.7136,-1.9956,-8.1602,-2.3311,0.4529,9.9817,-6.1917,-0.933,6.5271,6.8646,-1.5925,0.2868,-0.394,8.9762,-2.6962,-0.8155,-9.1984,5.7589,-9.7571,5.1781,4.9328,-4.6225,8.7499,4.4468,-3.57,-3.3786,-0.3046,7.0509,5.3867,8.488,2.9601,-6.4614,0.9479,0.4377,9.0756,-5.0984,3.342,-8.8921,8.4098,0.3388,-2.4102,-6.3962,-7.0761,0.4798,-1.739,-2.678,-7.6702,0.9081,-6.0689,0.2109,7.0333,-1.9998,-3.4538,-5.4228,5.923,-6.3542,-0.8621,8.2529
7.9322,0.972,0.6652,2.7429,3.1648,-9.7118,3.6582,5.9587,-0.1932,0.2105,0.1735,-4.407,0.9379,0.8593,-4.3681,-2.3192,-8.4277,6.9369,7.442,-2.4137,3.8463,-3.4422,-7.8129,-6.2842,-1.5269,-4.21,-0.5324,4.552,7.4663,3.9513,0.1113,-8.9017,-8.3568,-4.0755,-5.2596,0.4587,9.4921,-4.1426,-9.7251,4.2801,-5.0461,-7.7542,-1.7569,3.7902,-8.5089,4.5527,-3.0595,0.1027,1.8843,4.9943,0.1879,5.2334,-4.4583,-4.185,2.5129,5.4364,2.1404,0.8225,-8.7423,-9.9046,-6.2382,6.5029,9.9191,-5.7883,-2.4729,1.954,-8.9822,-9.9369,4.2839,-8.0434,-6.1959,0.6481,4.7546,-8.3825,5.7649,-5.805,6.8166,-6.0158,5.6207,3.4101,2.8806,-5.6296,-1.1414,8.0284,-8.0101,-6.7669,6.0294,-8.3835,-8.0951,-1.2,-0.6635,5.6944,-8.6045,-6.7193,-9.9875,-0.7735,-0.3249,-3.5247,5.3441,2.0698,-5.9698,-0.3166,-5.8824,5.876,2.2758,-3.7166,7.5364,4.7524,-5.2614,-8.6871,-5.3787,-1.6571,1.4888,0.6931,-7.9777,-9.8068,-8.6763,9.9179,-4.381,8.5672,-7.0987,3.6759,6.6045,-5.2241,-7.8551,-3.3412,-2.1817,2.3975,-9.6995,-5.6788,-4.5007,-1.0342,4.0974,9.6535,-0.759,4.1158,8.7493,-0.6992,-3.0018,-2.2826,-4.4883,-5.0576,-1.9664,7.6118,-8.3027,-9.0262,-4.1307,3.1489,-7.3309,-5.1977,-9.6755,5.161,-8.1495,-7.5105,-2.913,1.4255,-9.1586,2.0821,-8.8494,4.0587,4.2066,2.8036,4.6118,-9.7333,-5.8092,8.5836,4.8429,5.203,9.5594,3.3141,-9.847,-9.2577,-0.4865,-1.0864,-5.1085,9.6614,2.3091,3.0489,4.9768,3.2335,4.0974,0.6475,0.1252,-7.7296,3.385,-1.4544,-3.7293,-0.0203,0.8753,7.4769,7.8318,-2.3621,9.1478,-1.3076,-0.2145,8.2836,4.3646,-3.0103,3.3165,-6.9343
8.2306,8.1107,6.5778,-0.7466,-0.7187,1.9189,6.7866,-8.5001,2.621,8.484,0.1979,3.3969,7.6687,-8.7196,-2.1199,0.2051,-3.9553,-3.5602,-4.4371,-4.8531,-0.3706,-9.7869,6.1607,-7.9932,1.8468,-0.4075,3.8846,-3.1562,7.8432,-2.2256,-6.2842,6.956,8.115,8.8038,7.2218,5.4474,-8.0628,-3.0956,9.2586,-8.7347,-0.6924,-2.4605,9.7856,6.4934,-7.4038,4.329,-7.5782,-4.3359,1.4137,5.4527,-7.6478,5.6705,-1.5825,6.745,7.1256,8.5229,6.9654,4.8183,-0.3495,7.4478,-2.6291,-8.3027,2.2186,-4.421,-4.0694,7.458,-1.1063,0.0474,-6.5056,-1.3351,-5.0829,-8.2829,-6.509,4.9167,2.4137,-5.0213,-7.6048,-5.8261,4.8049,6.0681,-0.8102,5.2383,-5.5543,-9.7713,-6.5997,8.5845,-3.4976,5.8395,9.2738,8.9565,9.9838,2.6792,9.4695,8.5331,7.4856,-0.2377,-8.1101,-4.5922,6.963,7.1972,7.6067,1.133,-1.6263,6.759,3.3577,1.8725,-5.1373,-2.8062,5.8544,1.6376,6.4414,9.5863,-7.9371,-6.7365,1.6701,1.5051,5.738,-4.0499,-5.7635,8.1494,7.1044,8.3427,-8.6374,-1.8829,-2.9802,-4.6462,-6.438,-0.4846,-3.777,-4.1119,-1.0677,0.2063,9.7362,-8.1812,0.4138,0.7064,4.5682,-7.3041,4.71,-3.4351,3.3462,-6.6749,-3.5669,4.6356,4.3784,6.665,-4.4659,7.0981,-7.793,-3.4557,-8.4092,-9.4118,9.5141,9.3317,9.4511,5.4925,0.645,-8.6081,0.0699,2.3966,5.2127,-6.4771,-6.3966,-5.9633,-9.7411,1.3801,2.5105,-9.1952,-5.2786,-1.1731,1.0751,-7.0332,6.4923,4.9574,6.0302,-7.5754,2.8613,9.7668,8.3855,-0.7741,-2.4986,-8.6918,-7.1731,9.8043,-7.9051,9.2716,7.925,2.5841,0.3992,-1.2944,0.4924,-3.3229,4.9903,-3.7206,2.8426,-6.9276,-0.6601,6.4393,-8.6919,2.8805
-5.127,-6.2707,-4.3424,4.4617,-5.4332,-9.9118,-3.6583,2.4242,5.3171,-5.7541,2.1036,-4.1009,-3.2889,0.0568,-6.1675,8.9192,-7.7873,-9.9403,1.3291,-0.7735,-4.3653,0.366,-3.2913,0.6669,-9.4547,3.2439,6.9004,-9.3404,-1.011,8.8276,7.9745,1.1059,2.7076,2.7675,8.538,3.1315,-5.7149,9.8165,8.0807,2.5273,-7.4219,-6.3941,8.1131,-0.3482,8.5332,3.2324,-7.7937,8.591,3.7908,-5.0766,-8.5297,-8.3279,7.0019,2.0762,-0.6457,3.2246,-9.5692,5.3485,8.5622,-7.7975,8.5026,8.7534,0.4692,-7.6995,-5.5697,-5.4429,6.7513,-4.1035,0.2667,9.5538,-3.9076,-9.7175,4.3217,-5.0976,7.0695,3.8761,5.5783,3.2103,-7.0066,1.7759,-9.6329,-2.4745,1.1369,0.8225,-0.0391,1.3326,-8.9074,7.2644,-5.0828,-8.451,5.1453,-1.0995,4.3808,4.8308,-1.9859,0.7725,-5.9103,-9.7733,9.5341,7.2569,1.4325,1.2871,4.3476,-8.9557,-4.1138,-5.9415,-4.878,7.5328,5.147,3.6467,7.1615,3.7541,-4.3597,1.4593,3.0413,2.004,-9.628,9.7228,3.1198,7.1388,9.6104,-7.0418,3.6988,5.1641,-0.104,-2.5613,9.8997,6.0357,-3.4999,3.6524,1.1307,-4.0936,7.6092,3.5945,3.8192,3.7911,-2.1233,2.1445,2.3647,9.0789,0.1347,-9.7105,3.3275,-8.8525,3.8298,0.0057,9.4732,-7.9281,1.15,-7.1734,-5.5224,9.7255,8.7281,6.0657,-9.5361,0.2988,-0.6459,1.4984,0.2001,-0.7001,1.442,-6.2578,-7.7944,9.55,-9.8273,5.823,4.4716,1.7271,-0.4453,-9.1931,4.9059,4.394,-8.4184,-2.1173,5.4529,-1.8059,8.0943,1.6421,-1.9947,5.3243,1.7538,7.8939,1.8162,5.7888,-9.0717,-9.9714,-8.6291,6.3355,9.8786,-3.6975,-4.4564,1.9449,-4.4485,8.0192,0.49,8.3848,3.6975,-9.3399,9.5504,7.8427
2.1204,-0.2915,2.0787,-3.7152,5.7199,-2.222,4.3343,9.8306,2.3357,-5.5681,4.3144,-2.525,-8.5876,4.789,7.2594,-1.4975,-5.4829,-1.9446,-4.0576,-5.6582,-3.42,7.7613,-7.7363,8.3534,7.427,-6.8881,-4.6746,2.4181,2.5917,9.2278,-4.3796,-3.0715,-1.8385,8.0228,-4.6403,2.6432,-5.9254,2.1063,-2.4083,7.4691,-6.0407,-2.9429,4.6554,5.014,-4.2041,9.6666,-1.2304,8.5918,-0.6988,0.1378,-7.9819,-3.2021,1.1244,9.177,-4.3981,3.8271,9.7978,3.2501,4.3428,-5.3809,-0.4337,1.7378,-4.9587,-9.7408,-8.9891,-8.6994,5.167,-9.9925,-2.4679,6.0544,-5.6748,-3.1675,-9.6457,-8.7095,6.9532,-6.8587,0.8553,-1.1628,3.9219,6.7021,-9.625,-0.366,1.9709,-2.6247,5.8567,-4.5328,-0.5772,0.8004,2.4702,-6.5511,2.865,-6.5279,4.4694,-1.2079,9.8026,-6.8856,-3.0063,5.277,1.613,-6.7284,-5.8898,3.5384,4.5357,-3.8831,-2.0268,-1.7888,-8.7224,-1.5009,-8.0146,5.6161,8.4687,2.8919,-5.5722,0.2543,-9.4496,-5.0259,1.2775,0.2278,2.6646,3.4973,-3.935,-7.1888,8.791,6.0054,-7.4969,-1.775,4.8494,-7.8631,3.8849,-5.0551,7.3978,-4.7856,-6.5187,1.3359,-6.955,6.1503,8.0044,-4.7318,2.6566,-8.5638,-8.5783,9.2881,0.8705,3.0276,6.3768,2.8329,5.0642,-1.3282,9.5182,7.083,-9.4024,-8.0716,7.811,6.0153,-4.1711,9.5771,-6.0664,-2.2817,5.0342,-6.67,-5.1032,-5.4065,0.1001,-7.7863,-0.619,-1.7435,-2.1313,6.522,-9.7623,-9.263,-9.726,-9.3285,0.0679,9.8659,6.462,7.2894,-5.9534,-3.9041,-2.8332,2.2476,-1.7499,8.791,5.9911,-2.8508,9.6727,9.1949,8.0543,-8.8381,5.053,4.5667,6.5303,6.4709,7.7434,0.8774,3.4075,-1.1596,8.1511,-0.0099,6.9953,-8.7137
-6.6355,3.5261,4.9099,-2.0285,7.2915,7.9502,-9.5972,-5.4139,3.0882,-3.816,4.7077,9.5903,5.254,4.8675,9.5383,7.6101,9.0724,9.2687,-9.5293,6.9981,-0.6603,6.4338,-5.2047,5.5573,4.3898,-8.5111,4.34,6.3205,-3.6188,-1.6148,-0.0112,-2.0961,-4.5165,9.5492,1.175,2.8239,2.3552,8.7164,-0.4464,-4.1242,-2.8481,-9.7922,-9.1156,-6.2107,-2.1982,-7.3563,6.8561,-6.2379,-5.7858,-4.0668,-3.774,8.3231,-2.803,-4.3558,-5.8376,-7.3383,-6.4156,-7.5147,-9.6677,-8.2541,-7.8496,0.9083,0.737,7.1234,-0.0759,-4.7386,-4.4493,5.3617,1.7142,4.5695,8.058,8.5605,-7.6,-8.6771,-5.9231,3.8402,-2.2322,-2.2557,-6.7724,1.1871,6.2773,-9.2149,2.2641,-9.5437,-9.6242,8.3998,8.7082,-1.3492,7.0293,9.0487,1.3043,-7.3282,3.8275,-8.9657,-2.3294,9.465,7.6297,0.6408,-1.0626,5.8747,8.0701,-6.0912,9.3584,-5.9936,9.1086,-4.5864,9.8363,2.5601,3.8228,5.1337,-3.4782,-5.4321,-4.6092,-7.2757,-1.3587,7.4018,-2.6791,4.9437,7.2651,1.9882,-8.4826,6.4172,8.5785,1.541,-9.5054,6.74,-4.8151,-5.2008,-8.1483,9.2114,3.7513,5.6981,4.8575,-3.0449,4.5831,-7.9976,-1.4098,-1.3027,8.3131,4.3306,-5.5114,-1.7956,7.9731,-1.5674,-9.0323,-9.9861,5.7671,5.3352,-1.3325,-3.0566,9.238,-3.4808,9.1955,-6.4041,-6.0181,-1.6924,2.8833,0.1891,-6.9783,1.4154,-6.384,8.0418,-0.3289,-6.8914,-4.4213,1.1534,-5.0932,2.5667,-1.6539,-7.0579,2.6653,-4.1421,-9.9263,0.849,-6.5253,-8.3981,-4.817,4.5558,7.3215,3.0794,1.6308,-4.6685,-8.2435,3.4606,9.0108,5.2612,-5.9202,-8.472,2.5135,9.9071,3.4065,-3.6335,-4.4021,7.7592,-8.5402,3.4664,7.6738,-4.4116,-5.5095,8.6087
-4.2371,4.3994,3.5882,-8.3226,-4.4142,3.1012,-9.058,-3.6648,4.1688,5.8627,4.9177,-2.2703,4.6457,-7.647,0.2507,-4.9587,-8.5633,-4.2523,4.3199,1.7509,-9.2583,0.1749,1.5566,2.5769,-0.2982,-9.6577,7.7802,1.6374,-0.2537,-6.2685,9.8444,0.7627,0.7933,6.4076,-6.8132,6.3356,-8.2155,0.5148,-5.7768,2.9253,2.5072,7.8741,-7.816,-1.7087,-5.6332,-1.8799,-1.8862,2.8654,4.9161,2.6005,-5.4854,-2.1617,-5.2831,7.6714,4.6624,6.5484,-4.3998,4.8931,-0.0585,4.3909,-2.2518,-3.5618,0.4384,2.2431,-9.3706,6.4211,-1.4142,9.6622,-7.8438,-8.2005,6.317,-5.1106,9.722,6.5671,-6.412,-1.9333,0.3907,7.7279,-7.6205,-7.4333,-4.463,9.2631,7.0812,-6.4237,0.9169,-7.9168,-8.17,2.8527,-2.3228,6.2733,4.0697,2.0675,8.2173,4.7765,8.3625,7.2516,-0.1765,0.3687,8.9696,4.5349,-6.141,-6.2108,-9.6066,-3.1836,1.7184,-6.8969,1.9676,4.9953,1.0095,-9.1052,0.4314,5.5598,6.7347,-0.3647,-1.8184,-6.3715,-2.9154,5.5429,-7.3279,-5.6034,7.1593,-7.1728,5.9509,-2.8342,9.0199,-6.7048,3.6212,5.5436,-3.1482,-1.8224,2.9596,-1.2609,5.7648,-9.5523,7.015,-0.1165,-6.1846,5.1962,-9.9117,-9.7194,4.0418,1.2984,1.1214,4.6665,-9.48,7.4399,-6.9598,9.4236,-2.3732,-8.1228,6.1181,-3.8425,-0.9767,-0.0768,-8.5553,7.9582,-0.6452,-8.6509,6.4812,-1.6173,9.4208,-4.6171,4.8644,-8.5902,8.6296,7.8597,-2.6802,-1.3845,-7.7035,8.2848,-7.1881,7.6484,-5.0675,-9.4836,-1.1283,-9.9028,-0.0983,-7.1907,5.6646,-2.8502,-2.291,7.6047,5.1762,-5.5275,3.4999,3.8413,4.3767,1.7924,8.6577,6.5443,1.0242,0.0073,7.3203,-4.4015,8.6297,2.4272,-4.2079,-3.3124,1.6717,7.8874
1.285,2.9154,8.1774,2.3809,6.7098,9.0258,-6.8227,-9.4992,0.2281,-3.9484,2.7269,-8.4828,9.251,-7.5,-1.7172,-8.4096,5.2365,3.5452,-9.371,8.1591,-1.3672,-1.5582,0.3552,3.7695,6.8355,5.251,8.0226,7.1256,9.1508,-2.8893,4.6397,5.1094,-5.7507,2.3771,-2.2191,5.3377,5.0627,3.3875,2.0584,3.0392,1.3254,5.893,-7.9485,7.4705,4.1519,3.4836,-5.5644,-3.2401,-1.7779,-5.9727,4.9799,7.7257,-8.8028,7.5339,-1.4724,-4.8126,-1.8988,-3.9339,-2.506,7.5423,8.8876,-9.5985,-4.4978,0.3208,7.6287,5.1926,1.6933,9.4806,-1.5058,-5.4398,8.0818,-2.2744,0.746,-0.8361,1.1094,-5.1397,-9.6694,-8.5034,7.3617,-6.5986,9.4112,-0.4565,4.02,9.5655,-8.2838,-3.1733,-9.3657,-3.3755,-8.0909,6.8438,-1.1679,1.4585,-6.9886,-0.68,4.3936,8.5177,0.6902,-0.704,-8.8865,4.8792,-3.175,-4.8459,1.783,-1.3138,7.2598,-6.5897,-3.4716,-2.4525,6.318,1.3292,-1.6463,-8.7189,-0.3497,2.0558,-6.7979,-4.256,-4.6884,-6.5808,1.3364,-4.4958,2.9796,3.267,2.8401,8.1503,-7.995,9.9589,-3.3949,-9.8244,4.7509,-2.1366,7.1652,2.6188,9.0057,-9.2669,2.9691,0.7753,-2.0969,-5.0004,-2.0441,-4.9055,-7.8534,1.3761,6.8562,-4.8747,8.3577,5.5021,-8.2188,-8.1811,7.2811,6.1403,-4.7854,-8.8338,1.9223,-9.4224,-5.506,3.872,-8.1159,-1.3295,2.9926,9.1872,3.1921,-7.9859,9.9269,-3.4548,0.9021,8.587,1.0698,-1.8629,-9.5367,-2.0187,-0.6591,1.4508,-8.6558,-0.0212,-9.0505,-6.4246,5.6423,-7.9525,7.841,-1.7437,-6.5821,-2.7063,4.1345,1.7241,-2.1703,-7.8359,-2.3767,-4.787,7.1691,6.5469,-6.7647,-1.3534,2.4539,-7.2587,5.7499,2.4613,1.9973,-1.1481,8.6158,-4.2232
8.7268,-8.1365,-1.8492,3.964,-6.4335,2.259,7.5578,-2.0909,4.0978,3.9471,1.9712,-0.082,-3.2098,4.8766,-4.0601,-1.4232,-3.1754,9.2628,8.4271,-5.1295,8.3764,-6.4296,5.6697,2.4095,-5.1217,-6.3718,2.5664,2.1396,9.0975,9.3704,7.7661,-5.2818,-4.3416,-8.1489,-8.6236,-6.308,-3.512,-0.3036,9.4474,1.6067,-9.7037,0.0034,-1.7595,-6.8943,3.6164,-5.4309,6.8822,-5.5474,3.3111,-6.406,1.1989,2.2182,7.8087,1.2083,-5.0931,-0.5068,7.9671,9.9443,6.3228,2.752,-2.807,-0.8713,-1.4283,-8.8178,7.9557,-2.4168,8.8159,-0.7275,-8.7258,-4.5679,3.2433,9.1162,-1.8807,-3.194,-9.5949,8.3577,2.064,-9.9781,-9.9782,2.1888,4.1021,9.8156,-8.2563,-8.5603,-2.6129,0.9451,2.4353,7.8721,4.4932,-2.6202,1.9103,6.6964,0.8352,6.1237,2.2839,-3.0568,-7.8009,-1.2762,7.862,-9.3053,7.7537,5.1525,2.0014,3.9528,7.3168,2.7659,-3.9263,2.2207,7.1316,8.8966,8.951,2.0127,2.6342,-4.4752,-7.1251,-4.7344,-2.1502,6.7961,8.7617,5.4279,7.6715,-5.0984,6.4083,-5.848,2.191,-1.2935,-9.3106,6.7281,5.9557,0.916,-2.8304,-9.1152,2.1154,4.4093,9.4046,-7.1092,4.1256,-7.4243,-1.9516,-5.0459,1.1196,3.1493,-4.622,-3.7423,-0.1691,6.7848,-9.8034,-5.2038,-8.4724,-7.5405,-8.1306,-4.7841,-5.6853,9.649,6.7209,-5.6745,3.9003,7.1584,-8.865,6.2536,-2.4872,-6.9524,4.9946,0.4447,-8.3796,4.7722,0.7798,3.7082,8.2687,-8.4797,-8.2274,3.6507,5.9209,-1.9108,1.1563,9.1856,6.8864,3.5708,2.3623,-9.0936,-8.5812,4.5442,-0.8268,-1.9683,2.6274,4.9773,-6.5806,4.4328,5.9464,5.4317,7.9444,-0.4273,1.451,-7.4707,4.2298,-1.7637,-6.2575,-3.1307,-4.0239,9.6005
9.8278,-6.3233,1.7151,-6.3161,-1.0359,-2.5092,6.6031,9.7233,-9.5203,2.2793,3.1753,6.4189,2.2202,-7.1641,0.1548,1.4728,-2.5609,-6.1451,4.549,8.9862,-3.7657,-5.98,4.4955,4.2929,5.1951,7.184,-0.4566,7.8986,5.0313,8.5295,-2.0514,1.7909,-5.5271,-3.1932,-3.112,-3.434,9.5977,9.7548,-1.9209,0.9203,1.0181,-6.9697,2.3141,-7.1402,5.4761,0.4648,2.5028,2.0364,5.9707,7.3235,-9.1296,4.9449,-9.0595,-3.2592,-6.4006,5.9253,-6.4882,-1.9742,-1.7247,7.4684,6.2141,-5.0351,-0.3807,1.6394,0.4391,6.6274,4.7235,-9.7138,-2.7382,8.3376,5.9371,7.7497,-6.1611,1.4106,8.5795,6.5068,8.5451,-5.0673,7.6138,2.8381,-0.8128,-9.1705,-7.8401,3.0778,9.4469,5.2707,5.9831,-1.5146,6.8439,2.4506,3.714,-3.2413,9.7951,-8.7293,2.6381,6.5815,-8.8284,5.8734,4.8853,4.9985,0.7142,-0.0908,-6.3791,-2.6379,9.6227,-6.2032,9.9351,-8.107,-1.9124,1.1139,2.9122,6.1821,-7.8917,-1.0706,-4.6622,4.2311,4.8943,-2.6198,-2.773,-4.8749,9.4101,-6.7647,-9.0247,-7.303,9.4992,-6.2872,0.6217,-7.8222,-5.7922,9.0587,2.6266,3.2886,-5.3972,1.9981,-3.8299,9.2991,-7.8181,-0.6032,9.386,-3.9507,-3.0535,4.3088,-3.9954,2.6784,-7.9707,-7.5004,-6.5297,-3.6086,-2.4156,-7.4545,9.1493,-7.1126,6.2966,9.0911,9.9865,-9.4668,-5.5396,-8.2349,-2.3518,-9.2118,-6.5481,5.0425,-7.4579,-8.4749,-2.7697,0.703,-1.8918,-5.6762,-3.8314,9.7699,4.6703,6.6735,-6.0019,-6.1762,-7.2115,6.2939,5.5494,7.236,-2.1923,-6.3346,8.26,7.6903,-4.82,-4.8365,4.0006,-3.8107,1.7438,0.3244,-0.6909,8.2344,9.9412,-6.8095,4.7613,7.9753,2.0733,-5.0052,-0.202,-0.7928,-8.2794,5.2455
4.0055,-7.5609,6.5815,8.2995,-6.1793,-6.2757,2.2765,-6.0789,-1.6373,-7.9763,2.6794,8.4968,1.4507,-9.716,4.4986,-5.8467,-5.4346,8.9824,7.8825,5.4716,8.0583,6.2134,8.7329,7.0103,6.6992,4.2263,6.6159,-4.6257,6.9399,-9.549,8.3299,7.586,-0.998,6.8801,-4.6266,0.6032,7.9398,-0.421,-5.9743,-8.7672,0.6874,8.9526,-0.4657,-7.4968,0.6506,9.9997,-6.2333,-7.0981,7.974,5.8291,-3.7364,5.9593,8.5986,0.4723,-7.8663,1.2187,6.9994,-9.751,-5.8526,2.6481,-2.2121,-9.9596,-9.4903,9.1746,-2.5383,0.4941,0.5016,-6.9151,-1.7224,9.3645,8.3522,-1.6775,0.2558,1.144,1.8605,-2.2706,-7.3508,7.7501,-8.5056,-5.7429,-2.6084,0.3154,6.6219,-8.3979,1.8064,-0.527,-4.6762,-4.0028,-2.6257,-1.9477,6.0677,5.1458,-2.6592,-2.9245,3.125,1.3029,1.9219,-2.0708,4.2452,-6.9435,-5.275,-2.9604,-6.8291,-9.415,5.6226,5.3864,9.4489,-6.3984,-1.8922,3.6517,7.7954,1.7621,9.1435,-0.6024,9.3767,-7.5331,8.6943,-4.0369,-8.4834,-5.4843,-7.6526,4.0476,3.5142,-1.4383,1.521,5.7339,-3.3221,7.0297,-3.8548,4.689,-9.0769,5.9221,-1.7677,-4.3137,0.9058,-0.0995,-0.1964,-8.5565,3.8686,-5.0873,3.1925,-1.7036,0.2623,8.5103,-5.4867,5.5282,2.9091,1.577,-1.1651,-7.7132,-7.302,5.6953,1.9542,4.4431,-4.9569,5.2754,-5.7269,-1.4174,-2.5659,-0.4699,6.1448,-7.8484,-6.2461,1.8863,1.2661,0.2262,4.8498,2.687,-8.4847,-4.4425,7.6964,-4.7429,7.452,-4.2826,-3.6635,8.9927,-9.2879,8.2267,-7.6943,-3.5274,0.335,8.8272,-3.8668,-1.063,-9.275,9.3319,-7.1598,-6.1771,9.0791,-2.4524,-3.8792,5.5153,2.1335,0.6758,-7.5116,7.4611,1.0652,7.9219,-4.8986,-7.132
-4.8347,4.7715,8.0285,8.8799,5.7837,9.5415,-3.9371,0.713,-5.7291,-8.2441,1.8132,7.4884,4.0369,-8.1151,-0.2062,9.4714,5.6254,-7.1322,1.5411,-1.9807,7.9522,-6.7533,2.859,-7.6406,2.6707,4.6295,-9.446,8.1958,9.7773,-0.0325,6.9468,0.5547,4.9311,-1.2431,-4.738,4.3432,-2.5805,5.1099,-1.3938,-4.9428,4.5183,-2.7912,2.6036,3.0764,3.7638,3.5052,-7.4678,-1.7414,-9.8219,-5.8603,-1.2993,4.3311,4.1747,3.6966,-6.7475,9.9677,8.4257,5.8764,-2.9244,-2.9773,-4.3417,-3.6652,-3.4741,-3.1796,-7.4186,-4.3295,2.5048,-7.019,-5.3263,2.805,6.8918,-4.9467,8.5713,-6.5794,9.3595,-3.9267,5.0782,-2.9364,0.7229,-9.5484,-4.8259,-9.8602,7.3348,5.9538,-6.6771,1.8093,5.8729,3.6948,2.6946,3.7217,1.8889,4.4024,-2.6855,8.5648,-1.0651,-6.6758,9.6536,3.2037,-7.3345,-8.6191,7.8736,-9.583,0.3104,6.004,-1.5717,-0.455,-8.2126,-7.2756,-9.3552,1.0335,-4.2133,9.315,-4.4822,3.7094,-0.5842,0.6432,-6.8154,1.3773,-1.6768,4.2787,-1.7707,-0.6547,-1.5087,8.1173,-0.9732,-6.0115,8.6849,1.4875,-6.4413,5.782,-5.5851,2.5782,3.1287,5.9636,3.2611,9.4759,-1.6135,7.0845,1.1646,-3.2003,-1.119,-6.9639,4.5196,-8.2175,-6.8352,4.1599,-2.7847,9.2385,0.7256,-8.8275,6.3462,-8.7291,7.7273,2.9944,-7.9047,-3.0818,1.3353,7.5513,-9.0921,5.9459,1.2085,-4.1189,-8.3129,0.7198,1.6659,-0.3055,-0.4528,-9.8227,7.2436,7.9099,-8.0513,2.1875,-1.4817,7.4988,-2.0097,3.4042,5.4433,8.9277,1.4344,2.2912,-6.0708,-8.1684,-2.6756,5.5142,-6.2502,3.0666,0.4917,-2.2978,4.2672,5.7352,-1.4205,0.9871,-2.4159,3.7986,-6.7737,-9.2039,-4.6805,-9.732,-1.9911,-0.6005
-4.0285,-9.9362,9.9669,1.8333,5.4168,2.8667,-6.9315,-6.5268,5.3101,-0.3033,9.4189,6.0725,-4.5206,-5.5239,-2.4418,-1.6135,-7.8179,-6.0262,9.7584,6.6952,7.2704,2.4301,5.2865,9.7951,0.8442,-9.546,8.2664,9.8339,7.4276,-5.5976,-4.9712,3.9479,-6.5194,5.6379,-3.1717,-4.8633,-2.9572,6.5503,5.3081,-7.522,-3.0414,-1.9282,-2.6185,-7.0638,6.0872,4.4293,8.3172,-5.2965,-7.1317,-1.8842,-6.6608,-0.3361,6.9399,8.5844,-9.0919,-5.6587,-1.5815,-5.455,2.003,-4.7175,9.2813,0.3606,8.6981,2.0118,-9.7693,2.4088,-5.7729,2.0636,7.0709,-5.2243,1.1775,-4.3012,6.1432,0.0206,-8.2349,-9.7681,-0.1232,-1.4468,-3.7769,-5.2712,-9.2089,0.6287,-8.3089,-3.976,-7.2595,5.7211,-7.5176,-5.07,-8.5475,-2.4648,4.4024,4.9365,1.9572,-0.0983,9.9194,-8.3666,9.0076,2.6213,7.6831,-0.1282,-3.9642,2.1614,2.4936,3.8067,4.7034,3.8491,-1.9407,-5.6171,-9.5876,6.8363,-7.4435,0.8945,2.2589,3.0962,-0.5452,6.1337,-1.8384,-4.605,-1.9564,-9.9555,8.5984,-1.7326,-9.4602,7.3151,-5.4423,-2.0539,2.298,-2.4806,7.3845,-6.5859,-3.3709,0.5164,2.0777,1.8193,9.2671,4.7456,-8.1475,-5.5071,9.0132,-6.8728,-2.0496,-8.2674,-2.4361,8.1725,-7.1376,6.9605,-7.0087,3.6738,-4.595,1.8229,3.7962,0.438,-6.2242,-3.0381,-9.8004,8.5133,5.1339,-2.604,3.6486,-6.3365,-5.7369,1.3675,-7.4016,0.8023,-8.7665,0.4485,-2.4864,-1.7326,1.2597,1.9292,6.9788,-7.6367,-1.5304,-9.2769,0.121,-8.8663,-9.5148,-8.4163,-3.1284,-3.8956,-8.7137,9.8191,1.3668,2.7442,0.2113,4.6928,-1.0337,2.1388,-3.5892,4.914,-4.7664,9.9624,-9.2305,3.8448,4.6388,4.9519,-1.9401,-7.7929,-5.1949,-4.5995
-1.6115,-1.1696,3.2103,5.9439,-3.7941,-6.7318,5.0396,3.3081,8.464,8.9738,0.0604,4.2394,-6.6344,2.373,-4.5018,8.0411,9.1398,-3.9033,-3.6152,4.4499,5.3058,5.7224,-0.193,7.2166,9.7434,-9.5134,-5.2528,5.6208,-9.5119,-5.483,-8.8266,-0.3626,-8.1881,8.9835,7.6999,-6.63,5.9006,0.1748,6.0554,7.2842,2.0263,-9.9035,-2.9398,6.9172,-5.1827,-1.9349,-0.9624,9.6152,2.2751,-0.6752,6.4792,-6.2493,-2.0449,-8.1176,4.444,0.6179,-6.5964,-9.1339,-6.8661,-1.8975,-2.7398,9.5408,7.0037,6.3941,-0.2845,0.5838,-4.9651,-8.6456,-4.2846,-9.021,-7.9548,-5.3636,-7.4392,8.8467,-6.5439,-8.9199,3.2534,-9.6072,6.19,-8.1626,9.5516,9.1917,5.5381,0.6581,-4.7792,-1.5109,-3.4524,4.9707,-2.7183,2.4164,1.36,-2.9363,0.0531,3.3917,8.8685,-6.0009,0.6466,0.6023,5.332,-4.5324,2.0733,7.1602,-7.6532,-2.5344,1.144,1.3192,2.8972,6.1066,-4.2526,-2.5939,-7.3895,2.5825,-9.6026,-8.6118,4.9048,2.5207,-8.1674,-8.5338,-0.3814,2.1743,5.6949,1.5848,-0.891,-7.7925,0.272,6.8036,-8.1604,7.0487,8.5738,8.1149,-3.9738,-6.4207,-4.8833,8.7291,-6.6247,-7.7063,-8.8738,-5.1982,-8.6825,-7.9591,0.2997,-1.6721,8.2656,-9.3767,-6.8595,6.9306,-6.6285,-8.0882,-3.931,3.7826,-5.1239,-1.9663,9.122,8.8531,-3.7413,-9.0557,-8.8704,-2.2141,5.8164,6.6316,5.403,7.2316,-5.1931,-3.492,-5.9064,-0.3886,2.786,-2.2562,-3.2695,-3.0868,7.8115,-5.0751,8.9908,1.5877,1.8046,3.6621,7.4157,6.0292,0.7285,2.2128,0.4466,1.1714,3.9148,8.594,8.1025,7.0268,-7.0733,-3.5386,-1.5045,5.616,6.6314,-8.2012,-3.1738,5.7141,4.018,-8.5426,-6.7065,3.4236,-2.037,7.8138
-0.1336,7.8822,4.5355,7.3968,6.1369,-8.021,-6.8171,-0.8405,3.8673,-7.2177,5.0046,4.4957,-1.5638,9.7793,8.6866,2.4497,8.0728,-1.6018,9.3054,-1.6102,5.5385,6.721,1.8068,-4.7445,-5.6831,-7.912,2.3369,5.1729,1.0764,-0.0174,-2.5573,-4.0605,-2.0493,-6.6252,-6.7785,-4.2136,5.8384,3.2427,3.8576,-9.6751,0.0304,2.0592,6.5347,7.0249,-9.3153,1.8765,-5.9978,3.8722,2.3325,-1.6863,-8.3617,2.2751,-3.812,6.7952,-3.8203,3.4874,-8.3351,-2.7645,1.8297,2.9068,9.8914,-3.9478,7.8744,9.3351,7.2719,-6.8087,4.8906,-9.1092,5.2174,-0.6139,-0.9635,9.677,-3.3781,-8.038,-2.2853,7.5918,-4.742,-5.7549,0.8944,-5.9061,-5.6702,-6.125,-3.4004,-0.1668,1.3785,7.7435,-6.7273,-7.6428,6.7093,-6.1499,-7.9844,-2.2529,-6.738,6.2065,-1.9992,-0.8508,-9.1298,5.4734,9.8976,-9.8443,2.9475,5.1389,-8.23,-0.0773,-5.5334,1.3683,-2.6979,-2.685,8.5951,8.3752,6.0602,7.3685,1.2444,-7.3748,0.2719,-0.6563,-6.396,-8.1681,0.082,0.1362,-1.0697,-3.0895,-1.5922,-0.6714,-3.5983,6.6447,1.6362,2.7057,-1.46,-5.2607,-8.7442,9.5089,-5.8931,9.1399,8.3548,-5.1147,1.22,-8.0688,-2.5519,6.5343,5.2693,0.3215,0.8775,0.5124,7.1284,3.9141,6.7523,-5.8947,9.1006,-0.5732,6.2333,2.8291,-0.5445,-4.3211,-1.2975,4.3301,-9.8913,4.1484,-4.0191,-9.0672,-8.0589,7.9144,-7.1088,3.6217,8.1464,-4.5451,6.2288,1.4408,5.0903,-8.9164,1.3283,-0.5104,-8.7637,7.7622,-7.4991,-2.0315,7.4731,-7.6767,-0.2896,-5.2543,-7.6477,0.9545,-8.4572,-6.4996,-2.3298,-5.76,1.7365,-1.1682,-2.6573,-0.2193,-9.9175,-5.6171,-5.3099,4.0964,-6.3363,-8.2235,-2.5037,-7.5769,-8.2799,-6.2718
3.981,5.4869,7.5249,-7.2185,0.7724,3.4178,-9.0701,9.0358,-1.4513,3.3087,5.4626,-6.9873,-9.5747,-8.0072,-3.3606,-7.8517,-5.1678,-7.4451,6.6425,-2.6536,7.2679,5.04,9.1866,-2.3146,2.8141,5.0693,0.0353,1.3597,-5.4386,6.9364,-0.7861,-6.2481,-3.2304,3.1087,8.8351,-6.9101,8.3386,-4.7826,-5.2547,-3.286,-2.0593,6.1654,5.9203,2.8392,-5.516,4.8912,9.8131,4.437,7.6726,2.2919,-3.0095,1.9129,-8.7861,2.5457,-1.5009,-3.5365,1.4641,-4.3393,6.8007,-6.1057,-8.7645,3.759,1.959,3.4872,-7.8987,-1.8524,5.812,-4.3038,-3.3695,0.7455,6.5841,7.6803,-3.2691,2.7324,-0.9765,3.1309,-7.8429,-7.671,-9.7102,-3.7961,1.6159,5.9825,2.6768,-4.5135,-7.5672,-8.8168,6.6523,4.2826,5.0597,-2.3275,-1.933,8.9115,-2.6226,-5.1514,1.7924,1.3321,9.1408,-2.4101,-0.2685,8.3641,-2.7616,-2.0061,-0.9916,5.265,-0.5538,-7.6794,5.6754,7.6145,-0.0603,2.5315,-7.1322,-1.504,-2.3724,7.9799,-6.0954,7.3173,-0.5914,3.5786,-2.8212,7.4107,-2.1704,8.2384,6.1151,1.5641,2.3977,0.3075,6.1805,7.2227,3.3456,-4.0113,-2.0831,9.1601,-8.2925,-4.7225,-6.4074,-7.9621,2.3557,8.1731,-9.7609,-9.7125,7.4789,9.1417,4.7412,-4.1282,0.541,-7.0638,7.0252,-3.3055,2.9416,4.3427,0.7084,-8.956,-5.5709,-7.7591,9.464,-7.2894,0.7448,8.5935,4.2716,-2.7001,-9.9561,-8.934,7.6462,-3.3725,8.5044,8.8804,-2.4777,7.5409,-8.2562,8.8646,6.5717,-1.8233,-3.7491,6.187,5.8368,4.4982,0.4946,4.4555,-3.8569,7.3148,-9.5157,0.7049,-3.544,3.6256,-7.0182,-4.8493,-9.2006,-6.1604,5.8387,5.1518,-9.7301,8.5851,-0.8775,4.5715,3.3344,-2.7188,-0.4998,-3.6114,-0.4231,-7.4547
-2.2645,-3.0086,-2.365,-4.8628,4.4536,-4.9974,2.6365,1.1032,1.8535,4.3602,7.7224,-9.2718,-5.0562,9.6091,-5.4097,0.2617,3.045,-5.6074,-4.4089,2.9278,1.568,2.0284,-5.9201,-3.0117,6.5274,-8.9092,8.2175,6.8956,6.8924,-0.4215,-3.4637,3.3363,4.7621,-2.9453,1.1585,1.4147,-1.2703,-2.9917,-6.8046,-5.3103,4.9463,2.574,1.7235,-4.3154,-9.3374,4.3001,-9.7587,6.3709,4.9949,-2.0387,6.7582,-0.4441,-7.2401,-8.5277,8.6463,-1.6665,-4.7786,-8.0511,0.9379,-7.7354,-2.9252,-0.0321,9.9492,-6.7861,7.1451,9.2266,7.6698,2.4719,-0.5569,9.5164,-5.8915,-5.8468,-4.6629,0.4769,7.2308,-4.2859,3.5261,-9.8182,8.2974,7.1584,8.6119,3.4209,-3.0923,2.072,-2.2902,4.8053,0.6611,-3.5835,8.4333,6.203,0.7163,-0.6854,-1.7842,-0.2062,2.378,-6.6861,5.9494,1.3354,-2.7397,1.0818,8.065,6.6191,9.9744,7.5766,-7.7607,3.2409,-1.6977,4.4926,0.0511,-1.7605,-1.8299,2.0236,-8.3654,7.9066,7.9787,6.4225,-9.8285,3.4994,-4.4199,6.2126,4.0978,-5.7709,-9.1902,-9.0271,1.6715,-5.6044,-9.7448,-0.9282,-7.0229,5.8588,-9.679,-5.2032,-4.0258,-1.899,5.2172,6.8098,7.1645,-9.7473,6.7526,-2.4148,8.6529,1.0521,-2.8586,-2.7887,-9.4102,4.3904,4.4266,-5.963,-4.0131,3.2876,-3.8912,-0.9155,-0.0196,4.6041,2.7452,-2.8594,7.279,3.4276,6.3496,-1.5571,-4.9482,-9.4324,-6.8478,-4.8596,1.8787,9.0128,-5.7607,-5.5014,8.6704,-9.2706,7.583,-8.1345,-1.9279,-4.6991,7.1157,5.8669,6.1719,-8.7978,-5.6167,1.8746,-1.7518,-8.654,2.119,-0.8006,7.6625,-0.3455,1.0142,-6.4226,-6.5582,1.6471,4.9318,6.5462,5.9788,-8.8494,-4.8938,9.3419,-3.4487,-3.1507,-9.6421,-0.2792
-2.6591,8.6728,0.9523,-6.2825,-3.7269,0.8196,8.1865,-4.6764,7.2716,-3.5744,3.4096,-5.5264,-5.1973,-2.2629,8.5489,7.1028,-5.5617,-4.1003,-2.4663,1.5005,0.8788,-9.4848,-7.1563,-3.9608,-5.6878,5.0954,0.5383,6.3805,0.6908,-2.7542,9.6054,9.2452,1.1242,-3.448,1.487,2.942,-1.5443,-2.2242,-5.33,5.0962,-7.8433,-9.3378,-9.295,-2.6434,-0.244,-9.4493,5.8364,4.2281,5.1986,-5.173,9.8797,9.6101,-1.2164,4.6264,3.6007,9.9485,-1.0659,-0.6359,-5.5387,4.0552,8.4625,8.6122,7.553,2.6916,2.8656,-8.1225,2.0334,3.0285,-4.292,3.0372,-4.7387,6.4597,-3.8371,-9.5776,4.1584,3.5592,-5.3067,9.4444,7.6442,-4.1437,-4.3917,3.6473,7.4365,-6.1982,-8.3971,4.7068,3.1366,-0.9061,-2.8714,-6.5676,-1.2168,5.4524,9.4117,2.2943,-3.2441,0.2667,-8.7807,-4.8435,7.1258,-5.8074,-3.1779,-2.3464,-9.0703,8.4159,3.4554,-7.9333,2.6457,5.4056,-8.1639,4.8119,7.4301,-6.4092,-9.1111,-2.6288,-3.5826,5.7537,-3.6688,1.2118,-3.5407,-2.3425,5.0915,9.2214,-1.6676,-2.3877,-4.5927,4.7834,8.3258,-5.5174,2.0906,-8.3225,4.5001,8.2551,-7.4219,-3.7384,-1.308,2.3984,4.5361,-5.3147,-1.0907,7.9819,6.7669,6.2842,8.8643,1.3054,-8.3706,9.4614,-9.0669,-0.2911,8.8968,-3.8877,-2.777,0.7692,-1.1831,-5.2541,8.3186,4.54,0.5356,-4.2113,-0.6446,2.7595,1.7442,3.0332,-1.839,-6.0809,6.5407,-8.8571,-5.6775,9.7761,2.074,-3.2939,-6.7985,-1.7217,-2.4823,5.3774,-5.3768,2.5557,1.9455,4.3634,0.5603,1.26,-1.5572,-3.0786,-8.6801,2.1795,-4.6599,7.1286,-6.0202,5.1393,-4.6599,-7.0726,1.6627,-8.5738,-7.8857,7.3646,-9.0559,-2.6778,-4.3437,2.2147,-2.148,0.8412
4.3682,-5.6589,9.6713,6.3072,6.8637,1.9828,-4.4778,8.9076,-8.9914,-2.7315,-5.3108,-4.0766,4.3558,-4.2316,-8.7291,9.8601,1.0851,5.0516,0.0715,7.0776,1.1663,-5.5037,9.6307,6.5873,4.7246,-7.9972,-8.1797,7.5017,2.9474,-3.1116,-6.2582,4.0769,0.9658,9.7534,0.0116,-9.3678,-1.7873,1.8557,-0.2547,-1.5351,-4.1691,5.2631,1.5364,3.3062,7.5735,-8.3789,-2.767,-3.6493,-1.3284,-7.0894,-5.0913,-7.7175,6.9753,-6.8809,4.397,-9.9698,-5.9644,1.5893,2.4745,-5.3201,-5.5301,6.6977,6.5405,3.9082,2.0018,-2.5558,2.2605,-9.9619,-0.0325,5.9105,2.8781,-3.9187,-6.7271,-4.6823,4.0314,1.0654,4.6575,-6.0414,6.9132,-1.6725,1.6449,6.5732,0.9391,-4.0183,-2.8279,7.5509,4.5726,9.1541,-7.4989,3.481,3.8997,0.606,-7.8977,-0.7677,2.8072,8.0634,6.2968,0.3038,-1.3022,7.2768,5.9143,-0.5741,-6.8919,-1.4368,8.3212,-2.8035,-9.4632,-7.4503,-1.795,-6.7353,-0.6908,7.4448,4.7279,6.4101,-9.6867,-4.7857,4.0394,8.8256,-3.0454,3.5692,1.8374,-6.9545,-9.3681,-1.971,-4.2154,-9.1971,-6.2344,-7.038,8.2218,9.8943,-4.6454,-3.1398,-0.4548,3.4567,9.3595,-2.4552,-5.9711,2.424,8.2111,-0.5696,-3.8941,-9.2034,-1.4343,-4.6851,-9.4088,-7.8657,-4.2119,-1.342,0.2411,9.6766,-0.2797,9.4347,3.6234,7.8524,7.0574,-8.5475,-9.4763,9.204,2.5554,-2.5862,-0.6204,-4.6802,-8.6155,-6.4129,-5.9993,2.7783,7.3132,6.1848,0.4065,-2.4443,-5.46,-5.2725,-1.4301,-2.9186,-6.3977,-0.6139,-3.3915,-1.6063,-7.3656,2.8868,8.4931,-3.2176,5.127,-3.0284,-9.6531,-5.8484,-6.3294,0.819,-0.4715,0.8865,4.4364,1.3101,2.0183,0.7357,5.7907,-4.0448,6.514,4.047,-4.2189,5.5953
2.6015,-9.8553,-9.864,-3.1358,2.8285,0.0271,5.8497,-5.5722,-9.1526,9.2832,9.9961,-9.2075,4.5564,-3.0582,8.3785,-8.2933,6.8172,9.0626,4.7778,-6.3629,-8.1978,5.0098,-2.1353,0.3384,-8.204,5.6891,0.6481,7.1783,-1.5748,3.1041,0.4684,8.5507,6.5625,2.2012,6.5675,-3.4328,6.3371,7.2605,-9.4419,-3.7626,-2.7811,-2.413,-1.9173,3.2731,-3.827,-2.6084,-9.0802,-0.5397,1.0057,-0.2796,8.5088,6.189,9.9696,-4.2369,6.6507,1.0589,0.7262,-5.0587,-2.7098,-5.1088,-0.0874,5.7789,0.2345,-0.1879,-7.7702,-4.3838,-6.114,-6.2209,5.8543,-6.2066,4.8699,1.0326,1.3933,4.9892,-5.343,3.8351,-0.6838,-7.7239,3.1239,2.8864,-4.2585,5.2817,9.374,-5.1452,0.0032,5.9339,-8.7062,-4.0133,7.706,-9.8656,0.3535,1.8298,5.2036,-6.0109,-6.6936,4.265,-2.2544,-3.3106,8.0807,8.5621,-2.5809,0.7172,-9.6082,9.8336,6.3066,8.6265,-6.9188,-5.8595,-6.7748,-1.6453,5.6221,1.0328,3.8258,-7.6303,-9.4841,-3.772,-1.6309,8.9012,-8.6561,4.8203,-3.7069,-0.5958,6.0284,-6.8942,8.6837,-1.17,8.1364,-3.1575,-7.6257,2.2019,2.364,-7.9412,6.394,7.5206,0.1388,0.2167,-4.1115,0.7795,7.2651,7.437,-1.6507,2.4217,7.4385,9.1497,1.4906,-9.6189,8.8992,5.1974,-5.9028,5.6356,-8.8518,-4.6889,3.5449,-2.6198,7.454,-4.9239,5.3987,-6.8249,-3.5685,8.6365,-7.0688,-0.9835,7.7274,-5.0445,5.9661,-5.1733,-2.1856,-4.3291,1.4354,-5.4293,3.9414,-5.8857,2.0992,2.2259,-2.5045,6.6007,2.1788,2.4103,3.6413,-4.3755,-4.079,0.0846,-5.3972,1.9905,-2.898,5.6914,-1.1012,2.4524,-7.6272,-9.0768,-8.2884,-9.7937,7.2551,-3.6298,8.6917,-5.6972,-8.3166,3.7966,1.1131,-0.9777
6.861,-6.0134,-8.9657,-3.0924,1.5235,0.9571,1.1936,-4.1441,4.8776,6.0629,5.4081,-8.577,-6.6058,5.4794,1.9659,-1.717,-8.9849,9.2725,-3.1265,-0.3816,-5.1721,4.7157,4.9385,-4.4938,3.2476,-9.2399,-0.5952,2.518,-3.3831,7.4982,0.8573,-1.1374,-7.4347,-7.9961,3.9071,9.9673,4.3916,8.8285,5.7573,7.5355,-3.0927,9.4482,9.2771,6.7357,-0.7324,9.6268,4.268,1.3706,-2.2853,-7.5789,-1.3277,3.3693,-3.9315,-6.075,-6.9712,-5.3734,9.8842,-7.745,2.8207,-2.884,-1.0629,-3.3637,-2.1569,3.8763,-1.1239,6.284,-3.5026,3.9273,3.1253,5.9736,5.6964,0.1536,5.6036,-7.8548,-2.007,-6.2013,-9.3281,9.0424,-0.7215,-1.3263,4.0402,-7.2628,-1.8269,-1.5853,-5.6516,5.029,4.4338,-8.0563,-6.0342,-0.5427,-8.7911,-0.5378,2.2272,3.5117,-4.2667,4.3388,6.2988,5.9807,8.6739,-3.7567,-6.2025,0.4143,-9.0309,5.3066,0.513,-2.2048,-0.7086,2.7608,-6.4548,-5.7804,-0.7237,-6.5991,9.9717,3.8562,-2.3617,3.8155,6.9916,6.9932,-8.1841,-6.4708,-6.2911,-3.6058,-7.5703,-4.4207,-1.7361,-9.8658,8.7912,-1.6766,9.7847,4.7165,-5.7505,-2.1512,2.3651,-4.9987,0.0266,0.0625,-6.0502,0.0461,3.1585,-9.8846,-8.324,2.6957,6.8767,7.346,6.0617,4.3706,-9.5249,4.57,-3.2997,-0.7293,1.96,-6.3712,-7.1394,-5.5257,-3.6444,-8.1417,-7.0815,-5.6262,-0.0141,4.8244,-7.2506,-7.4797,2.125,1.7979,-0.6323,1.603,-0.3258,9.5979,6.2582,1.2563,-1.3522,1.2269,5.3238,9.0056,9.3223,9.5929,-7.3672,4.8532,-0.7092,-0.0389,6.8483,-2.2396,3.9425,0.6799,8.8959,-9.5359,9.5999,-7.0499,-6.9402,6.0666,-6.6212,5.8384,-5.6982,-0.6746,4.4063,6.0476,6.5068,7.9645,-7.9104,-7.1622
-9.2878,-1.2663,-6.7662,8.0737,-2.6534,8.5534,-2.6595,5.924,2.0989,4.353,-0.4997,-6.132,2.4435,4.2627,-1.2179,-8.3369,-4.1081,4.2439,-9.2211,-7.3069,-0.5997,-3.2281,-6.1847,-8.0914,-7.7155,-5.4614,2.8648,-4.5625,-1.0277,2.6141,-6.7361,5.4935,-7.0863,9.8825,-1.3571,-0.3111,-5.5511,-4.6199,4.1675,-6.6309,5.1412,-2.546,6.5806,-3.5137,-1.5951,4.2389,-0.2115,-7.4658,-8.3171,4.8946,-5.9558,-9.3188,0.5151,-4.5359,-5.1824,8.8537,-9.4777,4.2513,-7.8588,-4.3651,-9.1608,0.2634,9.5341,4.075,1.1927,-6.1736,-8.1033,-7.917,-7.9638,-2.5519,-1.1986,8.12,-4.0948,7.3941,-9.5162,7.2505,7.5095,-3.3975,5.8932,-3.8458,-0.1413,-4.2275,9.356,-5.6475,3.6696,-5.0143,3.7626,-3.7669,-2.4728,-8.6866,-3.2187,7.5446,6.9018,-0.3654,-5.0283,5.6966,-2.0176,8.2106,3.2866,5.1862,5.4844,-2.9528,-0.0706,6.977,5.1976,-9.831,-2.1083,-9.9713,5.3715,-7.7948,1.943,5.7748,0.636,-0.3303,7.9925,-3.4136,-1.8325,-3.4046,-4.9923,7.1154,9.9893,1.2864,4.8173,-3.1884,-4.671,-8.256,0.637,-6.8341,-3.6277,8.5781,5.5046,-9.848,7.4524,-7.8252,-3.7269,-0.7412,-2.3226,9.4501,6.9752,-0.6968,4.281,7.6311,-7.4175,1.3118,-1.1506,0.5183,8.9409,6.965,7.1679,1.2271,-6.8252,-5.2386,-6.3689,5.521,3.9705,3.4042,7.8158,6.7353,7.395,-3.1962,2.9459,8.4552,1.3286,-2.5743,6.6378,7.7625,-3.6084,-1.672,-5.0334,-6.5325,8.1129,-7.4801,-9.8256,9.9526,-9.0531,-4.5854,-2.5971,-6.9745,-2.8021,-2.6715,0.9463,7.0652,2.2084,8.9218,1.2038,8.7063,-6.9707,-5.6482,8.4757,5.8769,8.7714,-8.9464,7.9374,7.0604,-4.9554,7.915,4.032,-0.5052,-3.5624,8.2982
-8.3426,-7.447,-9.4892,9.7877,3.4284,-1.533,-5.8617,-3.6814,-8.0539,-2.5443,-8.1563,9.694,-4.9315,-3.3183,-4.5309,-0.0953,9.8981,-2.8434,8.9184,-4.2137,7.4045,2.2451,9.6317,-5.3441,0.861,-4.9174,6.8681,7.2692,1.0288,7.3496,7.4169,8.6983,6.8903,-6.6341,-3.6481,1.3263,7.9541,-4.3492,2.1115,9.2241,3.4189,-1.5088,4.8885,-8.1889,0.5068,-3.407,4.807,7.4657,8.6428,7.218,-3.589,-3.7796,2.9622,8.925,8.3636,-8.4112,3.2184,-5.3159,-4.9024,-3.0872,8.8061,1.2523,8.3224,-3.157,-2.2925,1.8678,4.702,-1.9524,8.7459,9.0797,3.4104,1.8775,-2.378,3.9401,2.7222,0.4026,-8.2476,-7.3402,4.7532,-0.4228,-7.2214,-5.1331,6.8565,8.156,-4.5965,2.4254,-8.5262,-6.4497,-9.5714,-9.9509,5.9043,6.3426,9.4785,7.628,3.4811,-3.074,-6.3455,6.9684,8.0228,-0.9574,-7.0661,-3.5146,-2.0749,-8.1926,2.4517,3.5606,-9.6395,-2.1795,-7.1733,-9.8654,7.4652,-7.7596,-2.4902,-7.2297,6.7673,-8.1257,6.5892,0.6355,-3.3603,-7.0854,-1.1207,-6.3034,-8.1955,-9.5195,-8.6049,-9.2731,-2.5142,-4.683,5.2144,1.6741,8.109,-2.5735,-0.2129,8.0876,-0.5728,9.896,2.2994,5.7811,3.6942,-8.2755,-3.7458,-3.1505,6.4116,-5.6684,9.3691,-7.4107,-6.4834,-1.969,-9.572,1.5709,-0.5132,5.9706,-5.5513,2.4637,0.1693,-1.8462,-9.6658,7.6027,5.2592,-8.1474,-0.3697,0.0483,-9.2392,-1.2176,7.4763,-9.6761,0.9928,-8.4098,-8.3686,-1.074,2.6736,6.7604,0.1026,-2.0232,-2.885,5.8875,-2.9629,4.1942,4.4011,-1.5442,-9.1177,8.3565,-8.5546,7.402,-1.2026,-1.5471,-2.0483,1.8805,-7.4702,-8.9352,-4.4687,3.6065,7.9109,-2.3992,8.485,-6.6901,0.7752,-4.727,6.5546,-9.6705
6.974,9.9497,1.6558,0.3614,-9.4299,1.8665,7.8108,1.9876,5.8131,8.9532,9.8873,0.8154,-3.4173,-3.7468,-2.3787,-8.5172,6.8985,5.9896,0.0436,-5.9427,7.5294,8.6431,1.5796,1.5109,-1.0025,-0.5081,-2.8039,9.4197,-1.6864,0.2421,-6.9886,-8.2013,6.2152,9.7217,2.6382,-9.1361,-6.568,-4.1658,4.447,-0.7642,-4.8175,1.1739,9.5634,1.1539,3.5241,-9.836,0.3116,-1.7038,6.6248,8.2228,7.3826,-5.4234,5.2115,0.0271,-1.1691,-7.2427,-7.0286,3.7639,1.1214,7.6522,1.9343,-2.7522,7.9568,-9.9701,-3.853,-0.6808,-4.4868,-0.0548,-4.9772,1.7167,-1.2806,3.0849,4.0456,-4.3138,4.9999,-2.8872,8.2759,9.8237,6.589,-0.7131,-0.39,-1.9195,-1.8033,1.3494,-0.8177,0.4036,4.0615,9.4018,0.6312,9.7942,6.5927,-0.6494,5.4348,6.3355,-4.3756,-9.8741,5.3635,-5.6511,2.2658,-5.7109,0.7034,-6.6491,6.2832,0.21,9.955,-5.243,-4.8708,8.7627,5.1878,3.6349,-6.6425,5.2563,-5.6785,7.9445,0.1855,-3.6031,3.6595,-0.9784,-7.3187,-5.7148,2.2146,-4.464,-0.503,-3.0166,0.0461,8.4857,0.9211,4.8224,-5.6124,-4.1964,-0.658,-9.5305,7.0774,-4.7301,0.4819,-5.2319,-7.6921,-7.0082,7.5183,9.5256,8.2269,-4.8266,0.2382,-8.9758,5.869,1.0566,4.2883,3.9726,-1.142,6.9489,-6.3454,8.2674,-0.6251,1.1158,-4.8115,-8.4968,3.7113,-3.8817,-2.8043,-0.5003,-1.4319,8.5451,4.4321,-1.2945,2.418,-6.1386,5.0465,5.2965,-4.8453,-7.4097,-2.8804,-8.4374,-3.5624,-7.5792,-1.9525,-6.6039,2.8592,5.6398,3.3544,1.0723,-5.5027,-6.2577,7.7412,7.9525,8.6919,-4.8532,5.9322,3.8852,-0.1135,-3.9034,-2.903,-5.8561,1.0171,-5.0447,5.8711,0.7221,-1.1055,2.8912,0.1569,6.4307
-2.3612,2.85,7.7402,-0.8028,-1.9798,0.5086,6.2071,6.6224,1.338,-9.5189,5.8334,8.0682,-0.5831,2.3974,-9.9202,-7.4632,9.7197,4.4037,-1.0096,-3.7674,1.1299,-9.329,-6.5552,7.6433,-6.0961,2.2557,8.1116,0.788,6.5026,-4.8292,8.1336,6.1556,0.5336,-6.7328,0.4746,3.4774,6.5905,-0.322,-7.7739,9.5036,0.6684,3.5625,7.8022,5.7325,-0.68,5.8862,-0.1266,6.1676,1.6199,-4.0494,4.7894,0.1882,3.9754,-2.3003,-7.0567,4.0622,-2.9268,0.5866,-1.6077,-8.7713,6.3025,-7.6502,-0.875,-9.7648,7.6317,-3.7523,2.1459,9.7217,-3.1036,-7.2289,4.9952,-8.2084,4.5865,-3.9908,8.3637,-8.5217,-1.5425,-4.0849,0.2812,-7.3543,0.9666,9.1794,2.8436,-2.8731,2.5147,2.4936,3.1171,-2.6659,1.9469,-5.8748,5.4574,9.0225,-7.8105,4.4029,8.1663,-5.9949,2.5296,3.6632,-1.933,1.8048,3.6214,-5.3701,1.3515,0.1977,4.5951,-5.2157,-8.5173,-6.5118,7.6324,-9.4416,-5.1276,-9.5558,5.5473,4.8429,-7.6585,-0.471,-8.9784,0.1299,-9.9785,4.2767,6.3794,5.0296,-9.5208,-5.6475,3.7819,0.866,-1.271,3.3506,-3.7313,8.1624,4.4417,2.3083,3.4912,5.549,-0.3876,6.9766,6.9934,6.9825,2.738,2.6756,2.2891,4.3413,-2.2201,0.3181,3.2262,-1.811,-8.2434,-2.2157,0.7191,-6.958,4.1827,-4.11,6.2314,-4.7842,5.8471,-1.0159,-2.2361,6.529,4.9271,-9.9019,7.9326,-0.3583,-0.7783,8.5324,3.6812,8.1279,-0.6768,1.0156,-6.0205,7.7868,-8.5733,-2.0586,6.6648,-6.2129,-4.8212,-4.4499,-3.0282,6.1235,-8.5393,-4.4826,-4.0041,-4.1038,-5.0237,-9.4225,-4.1146,-8.8285,6.5784,2.7867,8.3821,4.3674,-4.1135,2.5479,1.0876,-8.6988,4.7065,5.2944,-8.0198,-9.7111,-0.0485,-4.3546
2.1619,-0.6046,-6.42,-2.685,1.965,-4.8362,9.6732,-7.4703,4.8035,-6.0077,-0.0495,-0.1059,2.3892,-0.46,4.1123,-2.1134,5.3981,-4.7363,4.9093,3.3708,-3.1952,-9.6743,-7.3107,3.2773,8.5903,6.6645,0.6626,-3.5507,-0.2517,5.2867,2.9524,3.1658,9.8935,9.6086,1.8251,-0.0696,-8.0408,-5.0708,7.7302,-6.4397,3.2872,-0.1062,-7.9645,-1.0196,0.7132,2.5798,-1.565,5.7603,-4.7238,6.079,-0.838,7.9131,3.2537,-2.6635,-8.063,-7.3403,6.2156,1.5018,7.3662,1.7114,3.8014,9.3675,1.0709,0.6105,-7.2669,-8.5266,2.0006,-4.1105,4.42,-3.3056,6.89,-9.8544,0.7096,8.9983,6.5921,-1.4349,-1.7574,-8.0231,-8.0245,-6.0444,-9.0544,8.0194,8.6687,-1.7129,-3.1727,2.8584,-0.9905,-7.3887,3.324,0.9177,-4.1473,6.195,-0.5008,1.6309,7.366,2.4698,4.3051,-0.5791,5.5477,7.2627,-5.1183,-8.8873,3.8813,-0.2572,1.7379,4.9044,4.4979,5.8002,5.4642,1.2765,-4.4537,-6.1376,9.298,7.1423,1.5912,-2.7792,-2.9649,2.0191,0.155,-3.2208,-2.9589,4.4528,-9.6976,-8.7191,-6.8182,-7.9311,4.5297,-7.734,-8.0367,1.6302,6.3072,5.9072,8.4407,-2.4273,-9.6323,-2.1887,-8.9008,-1.4514,-4.568,-0.5969,-1.2529,0.2352,4.154,5.8726,-6.6265,7.5988,-4.763,0.2937,0.5627,6.9293,1.1208,-5.995,-7.7334,-1.7431,-0.9936,4.8819,0.1749,-5.9402,0.3987,6.8881,4.668,5.8293,-4.3858,1.2004,9.2496,4.6515,-1.5336,-6.2865,-0.1045,-9.8496,-2.2479,-2.8941,4.539,0.208,-5.3367,4.987,-3.932,-6.8598,-9.4121,3.5444,8.0908,9.9133,-1.6637,5.8389,3.3043,-1.0827,-0.9248,-2.1197,9.7531,1.8709,0.4578,6.2308,7.886,9.4622,9.2685,-3.659,6.5949,6.1314,-6.9074,-7.8258
6.8787,6.3374,0.3004,6.8795,9.8997,-8.6644,5.698,8.9151,3.7776,2.1038,5.103,8.8655,3.67,-9.8144,7.1778,-7.2141,0.0607,1.8081,-0.5737,4.416,0.5755,-5.7322,-2.9721,2.7385,3.6653,3.9435,9.8418,-0.5172,9.9713,7.6158,-6.8462,-2.0217,5.5538,6.62,-7.8001,8.3141,-1.534,-5.6743,7.7865,-7.728,-6.295,2.2213,4.921,-2.0875,1.7642,-9.044,6.3381,7.691,6.6397,3.4988,7.5703,9.4786,8.0248,4.2599,-5.9576,4.7986,-3.9318,5.79,2.2142,-4.2395,0.789,-6.4254,1.6404,-1.1018,3.5215,-5.4619,2.1377,9.9506,-9.0104,-4.5637,-1.1212,2.3056,-4.7564,-1.0601,-9.623,-7.7978,9.1824,-8.9695,0.1797,-9.6433,-6.5859,0.8055,8.7258,-4.7942,-9.9382,4.7623,-5.4437,-1.6676,-7.769,9.6197,8.422,-1.6076,9.2363,9.4299,9.6909,-8.4742,-8.5491,-7.2711,-4.0852,-5.9314,-6.4041,-7.0569,9.3383,-5.3538,-5.6774,9.2612,2.3778,-0.4776,3.5776,-1.6649,-6.2414,-3.9652,-1.7743,-4.9216,9.648,7.0078,1.8595,9.1052,-7.1505,-7.1059,-4.5225,-5.217,-4.7156,7.498,-5.5182,5.7037,-4.5986,3.095,-3.3279,-4.9146,-6.1625,7.6436,0.1734,-5.1429,1.2435,7.8384,-2.4433,-5.8108,7.1587,-0.1215,6.1854,0.6163,-4.3251,-4.1527,2.9683,-5.3208,0.017,-2.7042,-8.8147,-0.7517,-7.1385,-6.7869,-7.0033,-1.5037,1.6893,-6.5757,-7.1258,-3.2793,3.2149,-6.6465,0.824,-4.2518,7.7815,1.1928,-5.4419,-1.8097,0.9884,-2.7438,6.7012,-9.5459,6.7309,-7.7202,-7.8592,-1.6603,-0.8857,-5.1431,8.2467,0.0832,-8.3089,-8.5794,0.2983,1.42,-6.7866,1.9904,7.6342,1.5486,8.1264,9.9163,9.8926,2.1715,-4.1713,7.5218,4.7863,-7.9747,-4.7117,-5.1359,-4.0632,2.4067,-5.4325,8.0954
9.1151,1.5789,8.0277,7.4662,-0.1221,-1.1616,-8.1832,5.7646,-3.5257,9.3237,5.1967,2.5232,-5.934,5.375,-3.5824,5.9141,3.3314,-9.5625,5.9292,-1.1389,-4.5707,-0.551,-2.8996,2.1014,4.7586,-9.475,1.7219,5.8106,8.7329,-5.027,6.8593,-8.9902,-1.8337,-8.1634,2.3429,-5.5402,9.4967,4.0599,3.5039,-5.1147,3.9587,-0.7048,2.8711,-3.2233,-0.1703,6.5833,0.1484,0.7473,-2.8059,-2.0351,-0.8946,3.6338,-0.5277,1.5163,-7.9912,-6.1677,7.2248,-5.8646,7.0241,5.3691,1.5774,5.9539,-0.987,-5.7258,9.4681,-9.5894,-7.7992,-8.9441,-7.7942,-1.478,2.7565,-9.4772,0.5651,9.2406,6.9812,9.5995,-2.5845,7.769,-6.3085,-4.4978,-5.753,7.2425,7.6688,-4.8699,0.7557,-0.1455,-6.3153,7.0052,3.2095,3.0715,-0.7093,-8.1753,-3.2986,7.5266,5.5918,5.402,6.7694,6.4629,0.8548,-3.7494,-3.4675,-4.3301,-4.9751,-2.7551,6.4887,5.0447,-5.4857,-6.9592,9.9479,9.6694,9.5013,-8.1187,6.2462,-6.5373,3.1307,-9.863,9.2577,-1.0678,-4.0026,-6.6551,-0.2634,4.9497,-3.1561,-3.0687,6.7995,-6.9857,1.6352,-9.3663,-8.1888,3.8226,6.4925,-8.1427,-9.7072,9.5254,-7.6881,2.1837,7.9735,9.0639,6.5119,4.3609,2.7457,4.5795,-2.9979,9.9837,-5.2138,0.1273,-4.1647,4.2952,2.6031,-4.802,-5.2141,-1.292,-5.6175,-2.1537,0.6032,3.294,4.7365,8.7612,2.7069,4.8838,4.2779,-5.0175,-1.7698,-4.8975,-8.1083,-7.5738,1.8558,9.249,2.7524,2.1071,0.3927,-4.7482,2.7572,1.8549,0.6614,1.9145,-4.6751,-9.5648,7.5596,-8.6142,-9.6178,-7.1442,6.6511,2.828,-9.802,-3.2398,2.9395,-5.3191,2.7274,-2.6487,7.7963,2.9597,7.8421,-4.6949,-0.5145,-6.0504,5.9175,9.683,-7.8575,3.7114
-0.6516,-4.1931,-6.316,2.898,-6.2359,6.4534,0.0309,8.4746,9.3046,-1.8014,8.4052,6.6564,0.4299,0.0387,4.5468,0.1708,-8.1512,4.7177,1.3524,-8.6964,-0.3958,6.4634,-9.933,-5.2696,1.3011,9.0379,-2.2797,7.0223,-5.4508,-4.0957,-6.8013,-3.2643,1.2092,2.5156,6.7351,-7.23,-9.1891,-2.2794,-1.8877,-5.7119,-7.8754,0.5838,-7.9582,-9.7294,2.0327,-0.7536,-8.8057,-0.4546,-3.5191,3.2641,-9.4824,-8.8045,-5.4836,-7.7464,3.5183,7.7784,3.934,2.9169,8.3302,-9.3875,5.4175,-9.8649,-1.17,9.079,-3.5591,-9.0983,-0.9098,8.9469,-0.9596,3.7681,3.3364,-7.8545,0.9091,-9.557,5.3994,6.0807,-6.1044,-8.5833,-3.1442,-0.9359,-8.6685,1.5756,-8.9862,-0.7356,2.0919,-2.8767,1.1622,-3.0682,0.7621,-2.3433,-5.9866,3.315,-8.8032,-1.1869,8.6373,2.8729,-5.0953,-7.694,-2.6935,4.7826,-5.7194,-7.5243,8.9597,2.8474,-8.8676,-7.9811,1.2529,-8.5411,-0.6885,-6.3069,7.7917,-2.6598,-0.5476,-8.6661,7.9628,-5.5087,-9.2295,-4.1906,3.59,-1.4127,3.8808,1.8046,4.5652,-3.5645,-9.5702,-1.795,1.3892,-8.3979,4.4023,4.682,-4.4978,-9.3974,-2.0644,-9.9453,3.5461,7.2007,1.059,1.6101,-3.759,7.0989,3.1155,-2.496,-4.1353,-7.5242,-7.2031,-4.6553,3.9387,2.84,3.4432,3.7989,-8.094,-9.4911,-6.5394,-1.6906,-4.311,2.0867,5.7858,7.1611,-7.8284,2.3843,-5.8655,-4.5959,-5.9088,-3.4237,-1.475,-4.8805,-5.583,0.5817,-0.359,-7.404,-4.4828,-3.9622,-8.8401,-1.8223,9.8819,8.9599,8.9584,-1.5724,-7.0893,-1.7195,-0.825,-5.9902,-8.225,-0.8097,-3.4606,5.9005,0.7006,3.2403,3.762,9.9932,-8.2821,-1.4727,-1.8479,-4.3295,-1.9498,-6.1381,-0.2979,2.1325,5.9942,-8.4921
3.4933,6.6389,-5.7312,-5.8566,-1.1401,8.9122,-0.93,5.307,-2.0333,-3.6276,3.5204,0.3321,-9.8362,-6.9889,8.0462,-8.4332,4.2042,7.9006,2.2139,9.4001,2.7784,9.6063,2.1876,1.2167,6.1495,4.748,9.5606,-8.9412,-7.9063,-1.9278,-2.8396,-3.1715,-2.1451,7.2614,-8.644,3.7122,4.7247,-4.2309,-3.9168,7.0815,-6.1474,4.0767,4.5093,-4.9012,-9.9093,2.182,-1.5761,6.6001,-5.4518,1.997,6.1071,8.5453,1.9158,7.6395,5.8461,3.2596,4.5812,-8.6603,9.727,-5.2022,3.8766,6.2575,-8.8522,-2.7846,-1.5577,0.2218,-9.67,0.1799,-9.2736,-8.8995,2.7029,-0.9133,6.1565,-8.0076,6.6985,-7.3208,-4.9603,-7.6142,-8.9388,-3.2735,-9.1995,-2.9808,-1.5225,0.3557,6.1563,2.7901,-3.4312,-4.3398,-4.1123,5.9707,6.8146,5.8693,9.5195,-2.3295,8.4118,0.0857,3.8201,-9.691,-7.3337,1.8069,-2.0555,-7.6572,-3.817,-3.7409,8.3386,-9.3177,-7.3741,-0.6744,-0.9418,-2.7148,-5.6163,2.0057,2.5536,-1.1424,5.8938,1.873,-6.7769,4.0016,-4.6039,9.5488,-2.1598,-4.0479,-8.9033,-5.5213,-9.5762,3.2573,6.5305,5.8105,5.8782,1.5972,-6.1847,-3.9861,-1.9355,-8.228,-5.7043,5.8992,-5.7561,5.8652,3.2429,-2.8169,6.0045,-7.8068,6.4104,-8.9246,-8.801,4.5277,2.1136,1.2431,-6.8726,-9.3549,5.0484,6.195,-1.978,2.95,7.0105,2.4765,-7.8359,-0.1016,-8.0486,-0.9948,1.0303,2.3427,-6.4697,0.5393,7.1773,-1.2834,5.8707,-3.5154,-0.1184,7.1778,-1.007,0.989,5.5432,-0.2971,7.1015,-6.3112,-4.6001,2.4838,6.1401,-8.1636,-2.1361,5.9928,-5.5523,-8.8024,-9.9951,1.6404,9.6616,-5.705,6.1861,-4.0778,-7.299,-4.8982,3.1369,-3.9265,9.0691,-3.9409,2.4451,3.5061,8.2998,0.0192
3.9927,3.8887,2.8856,-8.2287,6.6889,-8.7477,-0.75,2.8897,-1.5299,0.0832,5.36,-8.5413,-7.0243,6.3867,5.102,8.2619,9.4537,-6.2219,-9.1148,3.3516,1.7519,-4.0672,-6.2069,-7.3039,-2.2936,-3.3219,-7.208,8.3413,8.8098,-6.7746,-6.841,0.7884,8.6104,-1.5742,-8.3994,0.4914,-4.5931,-1.6743,7.9602,-1.9383,3.6666,-6.8507,5.3784,4.3047,5.1805,-8.6754,1.2846,1.9608,-4.9676,-8.2459,4.2248,1.3093,0.6301,-0.7224,-0.4064,3.1554,3.6164,-3.5376,3.7705,-4.6299,-8.0178,6.4043,7.3135,-0.9644,-5.683,3.214,-8.9013,8.3586,2.1373,7.778,0.7913,-0.5056,-5.6212,-6.9809,-9.3473,5.3464,3.1312,-7.0738,4.0895,6.5892,3.6337,7.3884,-3.9119,0.4474,-3.3141,-1.5887,-9.3776,0.5054,-5.8458,-4.2529,-1.9528,3.8415,7.1966,4.3324,2.6338,3.0441,3.9601,-9.1176,-5.3807,-9.0497,-9.0966,-6.6248,8.1447,2.6874,0.4021,-0.1598,9.446,-5.3792,-3.9913,-2.5282,3.7184,3.0341,2.6093,-5.0647,0.9163,8.8789,-6.5549,-1.4048,-4.2406,-3.1755,2.3107,-1.0464,2.2884,-9.5153,-1.9324,-4.9204,9.383,3.5087,1.5891,-5.556,-5.7577,-3.4724,2.7805,7.011,-9.4027,8.5131,5.1713,5.2354,-0.473,4.0257,-8.9341,9.4851,-1.3295,-3.5293,-8.5708,0.9357,-8.4122,2.593,-1.3778,-8.9238,-8.262,-7.8058,-4.7638,-1.2754,-1.9561,-1.197,-8.3978,-0.0105,-8.8651,2.5012,4.1633,5.1247,3.6404,1.8705,4.7889,0.0651,-1.7578,0.7116,-8.2646,-9.8022,-6.1266,-7.6824,-0.1159,-1.0481,2.18,9.333,-0.4231,-7.1906,-7.4654,-1.0639,7.7171,-5.1126,0.8611,3.3379,-3.279,-1.6321,-6.3829,9.0143,-5.1008,1.558,-9.5796,2.2651,5.0162,-5.3668,2.0632,1.2596,8.2901,-9.4491,3.1981,-8.8849
-8.4555,-2.1003,6.7832,1.8855,2.8841,-2.058,-6.4892,4.9255,2.7166,9.1019,6.6043,-2.5041,-6.5995,-5.4493,-2.7884,7.3855,3.2381,6.0591,-2.5177,-6.1722,3.751,-3.4592,2.6967,-9.4254,-1.8177,-1.5056,0.1316,-4.3643,-9.326,6.106,-7.0562,-8.8159,1.6341,2.1834,3.267,-9.5711,-6.9407,2.0184,0.0434,-2.7419,-8.8997,0.6954,3.4052,-5.246,4.6447,2.7807,6.3722,7.3571,-3.3347,-2.0091,0.9276,2.1257,-0.285,8.8508,-3.4044,-2.1896,-4.6844,-2.6614,-1.9276,-1.4762,-8.301,9.609,3.6745,-8.6561,3.1304,5.9818,-3.7718,-8.9633,-3.9464,1.7971,-2.6936,-1.5891,4.627,0.6868,0.2644,-5.2413,6.7095,0.381,4.4422,2.3659,-8.3428,-4.7461,-6.2599,-3.4925,-5.6115,-7.2134,7.9272,-4.119,-3.8072,-9.1192,-9.1692,-9.6121,0.1178,3.1658,-1.6739,-2.1669,-3.9812,-7.8018,7.7702,3.7674,-2.1448,2.19,-9.2679,1.9271,-6.7136,2.957,-6.7105,4.1407,-5.1801,-0.0633,-9.7189,8.3337,0.5801,6.7708,8.0561,1.363,2.6497,0.0459,7.4717,-6.5198,5.6755,-1.2197,-5.9295,-4.2969,-0.7292,5.0271,-5.4171,-1.3273,5.2305,-3.6135,-2.7057,1.9247,-8.7007,0.2272,-8.4247,-2.0588,1.872,6.8517,7.6783,8.86,0.969,-2.9184,-2.8936,9.0995,-1.6208,-8.9647,6.3841,8.2179,5.5514,3.6227,2.1253,-5.9726,-6.9301,-7.8522,-2.5821,0.9273,-2.1815,-2.1705,9.3089,1.243,2.2927,-3.611,0.0525,-4.5885,-0.6816,8.2001,-5.3019,7.6561,8.3146,8.5611,-5.9024,5.4033,-7.078,-6.4613,-5.9201,7.8962,3.0772,9.7055,-6.6031,-7.6837,3.3854,9.4341,1.4045,2.8481,-6.1841,-2.7639,-3.8708,0.2545,3.9046,9.3129,5.0945,-6.9353,-8.114,1.1048,0.9503,9.4716,-0.5746,8.0136,0.2313,2.8051
-9.2299,2.0361,-2.404,-3.3958,-4.7254,-4.9449,-9.6688,8.441,-9.5175,-9.8646,-7.4516,0.696,-3.9091,-6.4201,-9.0509,7.003,9.5538,3.69,-9.6621,3.5411,-7.0541,9.5324,1.5393,-9.8657,9.04,7.1131,-3.7135,-7.4267,0.9715,9.5419,1.8715,8.1661,-9.268,-7.1754,7.1363,-3.343,-9.4112,-3.3904,-6.6218,0.0976,-3.9459,-5.7746,-2.8938,-0.3293,-5.6254,-2.7919,-3.4688,7.8587,-2.3145,-5.4684,-8.7159,-4.1637,9.7835,-7.4176,-1.8523,-1.3157,5.9668,8.9724,-8.3623,0.7546,-9.7348,-6.3406,-6.2118,-7.7994,-5.1465,2.5642,4.8848,7.5862,-3.5716,4.1809,7.6016,-7.0571,-7.8264,-2.0682,4.6145,-8.0954,-1.0683,-3.9857,-5.5121,5.043,9.6314,7.4072,-8.2998,0.6163,-1.83,4.642,-0.4357,-7.9969,6.3645,0.1158,-0.7126,-0.3078,0.8693,9.7619,-4.8726,0.8358,-5.2045,8.5352,-3.3933,2.5929,-2.5354,7.4291,2.5463,-0.1099,6.6866,4.1202,-7.483,-6.2795,-9.3581,-5.0305,2.1931,4.0825,-5.9761,8.7052,1.6907,7.956,6.0251,9.6085,6.0986,-4.3129,0.3231,-3.9926,-8.3084,1.4837,-1.2567,-7.7998,-7.5977,1.0308,-3.4547,9.3681,5.695,0.4854,7.6673,-5.7995,9.5518,1.36,-1.2982,-9.1851,7.1542,-7.8771,-6.2699,-4.2218,-3.3071,9.8677,-4.0244,1.3712,3.0195,-6.3296,-7.9796,-7.3212,8.2398,-0.7966,-1.7773,2.8259,-0.3242,6.857,7.852,0.7509,3.6608,3.2755,6.7207,-5.7614,-4.1682,-4.4966,-9.026,7.1682,5.2248,-7.6692,6.3239,-7.72,-7.2847,5.5465,-5.1588,-6.4095,-7.3657,4.6246,-7.0859,-0.3628,-5.7594,4.1001,-8.9124,-6.9878,2.6117,-0.9206,4.4916,-8.5152,-8.5983,9.9451,-3.8753,-3.6126,6.951,7.5548,-0.4267,-8.3461,7.3796,6.3407,2.3292,0.3278,-1.0563,9.458
-5.129,-7.6048,1.3073,6.8768,-5.952,6.4633,0.6582,-6.1731,-5.3575,-3.1054,0.5985,4.5986,-6.8608,-4.0942,3.3461,1.9112,-4.7519,2.0364,-3.4632,-3.3261,-2.8956,-6.6325,9.6498,2.5811,-3.3371,-8.5175,-7.2396,8.3074,6.776,-2.5857,3.8275,-8.1433,-3.815,1.7819,1.0629,-1.0766,-6.3352,-8.2244,8.5416,-8.2172,-6.514,5.0963,-7.9434,7.2405,7.1304,9.2461,-3.6967,8.3236,-3.5024,-1.9492,-4.806,-8.9009,9.5831,-6.2616,7.4866,-9.33,-2.911,-8.1951,0.5804,4.5781,2.1518,2.0959,-7.815,-5.4636,6.8003,9.0966,-0.1016,9.817,-8.7419,-6.2525,0.5537,-5.2328,-5.6613,6.8121,-9.1569,-8.2846,-7.1993,-0.8631,6.2751,-1.662,-6.376,6.8192,5.1465,8.4089,-1.132,-1.1465,2.2757,1.9784,1.6922,-4.0758,-8.9598,-8.3949,-8.3031,-0.602,-9.9826,-7.2344,-3.6306,-6.8115,8.8587,7.9192,8.8269,5.3097,6.7689,6.0105,3.8835,-3.3548,4.6043,-1.1413,-7.5479,4.1444,1.7109,5.1158,-9.2261,9.0914,1.1105,7.4464,-8.538,-4.5221,0.4798,1.7663,-6.5929,-1.3252,4.4611,-7.7466,-1.1388,-7.4242,-4.421,-0.1416,8.2551,-1.2498,8.9675,-5.1264,1.1209,4.3949,2.9978,3.7823,1.1976,6.6266,-9.808,0.938,-5.4342,1.9171,0.529,-3.8823,7.7042,5.2521,-4.5899,2.3709,-1.7207,9.0789,-1.2333,9.4902,1.0862,3.5916,-0.0776,-0.2351,-6.8123,-7.5769,7.248,9.8885,-7.6428,-6.5723,1.8775,-8.9449,0.6973,9.8137,-7.5642,-4.334,3.0507,1.1818,7.5093,5.3887,-0.044,8.0451,-1.1559,2.1473,-2.7381,1.949,-7.8259,-5.7057,1.233,3.0123,6.3268,7.3556,-2.3858,0.2644,-5.7599,2.3144,-9.1932,9.1737,1.7745,-6.5735,-8.1885,3.8958,4.7519,-5.8244,8.9507,5.5408,6.5384,-2.023
6.4078,-3.5781,6.0855,8.2584,6.7263,-9.8612,-0.2129,-9.2141,5.7764,-0.1986,5.7219,1.6408,-9.0008,4.3475,2.6834,-0.944,1.677,-8.2323,1.5323,-0.1613,3.4803,2.9844,8.153,7.6211,-6.0351,-1.2164,0.4079,8.0995,1.7838,-5.7508,-3.5919,-4.3089,9.1604,-2.997,1.1024,7.2536,-2.1404,2.0893,3.5468,-2.246,3.7308,8.3389,6.8658,1.5111,-2.3179,-9.0984,5.4923,6.821,-7.9388,2.9786,-7.7342,-7.7935,-6.8472,-0.4213,-3.9033,-3.8576,3.3158,-0.9854,-7.9026,0.8888,1.8921,-6.5023,-1.4007,2.1564,-8.1958,-5.1585,-7.6455,3.7382,1.0787,-6.2069,0.2471,-1.4178,3.7794,3.7683,9.7603,8.8017,-6.3942,-3.9159,3.3872,9.5006,8.7457,8.543,-8.1144,-0.7961,-2.721,-0.5475,2.8052,8.6977,3.3834,-7.8482,0.1514,-1.3956,-1.9043,1.2485,-4.4713,-8.1871,-4.2514,2.1699,-0.3862,8.471,7.6453,-8.074,-2.7567,-7.4826,-2.04,-8.7965,7.1331,-4.2957,4.1123,-0.5113,1.8766,0.2777,1.0783,7.6312,1.1251,8.7855,-9.3334,-0.4368,-5.7812,-4.3948,-0.7708,-7.422,-4.2909,-8.4819,-1.7853,-3.2736,5.4722,-5.4956,-3.1637,0.6438,3.3177,-9.9856,7.4329,-5.9786,-0.1406,3.6759,-5.6747,-7.6102,-8.7345,-6.8957,4.2193,8.7517,-9.4954,2.5256,0.382,2.5905,4.1859,-5.5276,0.3634,-3.6237,0.2122,8.8832,-1.8136,4.8021,9.3904,1.4122,-8.5374,-0.377,3.5396,3.9961,4.5519,1.2909,5.8849,-5.2592,-1.4883,-2.458,8.9145,0.1166,4.3002,6.3557,5.4033,-8.6628,5.5544,-5.2526,6.9184,-6.9331,-9.769,2.3309,3.9041,0.0215,-4.1466,3.6144,-7.3612,-1.6356,-9.0789,0.9601,-9.2945,0.7979,-9.7733,4.1265,-5.4762,1.3976,2.6169,-6.5865,-5.1248,-3.1699,1.4591,-6.4977,8.0866,-7.7856
7.6654,2.66,2.497,-4.4676,8.5027,2.4848,7.7986,-3.3181,-1.3121,-2.1193,-2.3777,-7.2904,-3.0899,7.0329,-3.9567,9.735,-1.1482,-7.1024,8.2085,8.4987,-3.1333,0.0772,-0.2153,4.7934,-0.4732,-8.9884,7.7818,3.0484,9.4291,-6.7625,8.7839,-1.9952,-4.0535,-0.009,-3.2481,1.4972,-0.0955,-1.2855,-5.1495,5.1477,-9.5355,2.0761,4.2282,4.5112,-0.0067,-1.2898,-6.9531,3.8649,-4.7873,-0.2018,-6.5781,6.841,2.5851,-5.9141,-2.4143,6.2132,0.3882,-1.6845,5.9377,7.3531,5.9882,-9.3474,2.6439,9.4133,-7.1453,-3.0196,-8.7068,2.4909,6.5199,-5.4099,-6.109,-9.7123,2.4432,4.2196,8.5265,-5.8387,4.9704,-2.4806,5.8756,-3.1409,-5.203,-4.0121,-7.1889,-6.1346,-9.3902,1.9753,6.1658,6.4948,4.6406,-1.3407,6.8422,9.4373,2.8979,8.7058,8.8898,-0.8451,3.7264,2.6015,-3.8041,-7.774,-8.5744,-8.2995,1.0195,1.2286,4.6903,-1.5271,-9.7802,-0.7879,-5.818,4.917,-1.6896,9.0814,5.5097,-7.1193,9.0703,-0.4366,-5.3653,9.4808,0.5721,-4.2319,-6.1556,7.4331,6.9538,7.9551,2.5355,1.0016,-7.1116,-9.1084,-2.7375,1.2753,-7.2499,8.9271,-1.036,0.5505,-8.7696,-2.3099,-9.616,-6.7357,-2.2666,2.8967,-1.7265,-3.3038,-5.7658,-7.1258,8.8006,-4.3923,2.0883,-4.1832,-7.5216,5.7384,-0.7783,6.5303,6.071,-0.0176,-6.429,-3.502,-3.1996,-1.0377,-3.2052,-8.3918,-7.9523,0.982,-3.4855,-8.7469,-5.0632,7.8571,-1.2166,6.9465,4.5676,5.1366,4.0335,1.7449,-6.5978,7.4465,-3.9337,-9.5403,-2.709,2.7934,-8.3651,5.0461,3.375,-6.5066,-8.8469,9.1489,3.4096,-8.8549,-1.2038,0.9678,-6.9393,7.5951,-3.3452,-4.0863,1.3268,-6.5821,4.958,6.4184,5.3549,1.1446,6.2026,3.6337
-3.4354,-9.9079,-6.3434,4.8969,-4.9522,7.5781,-3.6636,8.1,-3.243,-4.6354,-1.5686,7.5302,-8.9559,-0.5154,2.8957,-1.2316,3.2326,2.7379,-1.8592,-8.8052,2.9242,-9.1075,-9.746,-3.8319,1.3162,1.828,9.8879,8.4904,-5.4409,-6.3945,-0.2594,7.573,2.287,-9.6441,1.3096,1.8486,2.4271,-8.4332,6.2406,-5.8361,-9.1834,-0.7975,-5.8496,-7.9823,6.46,6.0017,-9.7414,-9.1145,-8.8874,-2.2233,6.0255,-4.4991,-1.6423,4.0195,-0.7235,9.8688,-7.5733,-5.2719,-6.7298,-8.4238,-6.2796,-3.4546,2.8466,5.4558,-6.5705,2.7903,6.0881,1.4318,0.5218,-6.8896,-3.6429,-9.5879,0.8967,1.908,9.5161,-7.5181,1.5859,2.8815,-9.0194,5.8341,1.465,-8.7312,2.7896,-0.2983,3.3464,2.8621,3.476,5.7768,-9.4837,-2.869,-5.4773,5.6654,5.4348,-6.2108,3.9823,-6.2257,-9.693,-1.6016,-0.4271,3.0145,-3.742,-3.4733,8.7978,-7.7348,4.9855,9.3055,-8.138,8.2095,-7.3767,3.5174,5.4079,-0.3601,9.7232,8.4591,-8.2357,3.148,-2.8236,-6.9156,5.9104,-5.704,-8.3195,7.6094,1.7422,-6.8021,6.4189,-5.5096,-4.0736,4.8727,1.8082,3.8675,8.2346,3.4754,-5.1194,1.117,8.6458,4.6285,3.9713,-2.4244,-6.9059,-9.9363,-3.7466,2.4685,-6.206,4.3642,-6.4798,-4.1962,3.0334,-2.3417,5.3241,-5.241,-5.7125,8.2646,6.5767,6.6468,9.3717,-3.3727,-9.607,5.9916,9.9774,2.4387,0.8477,8.2622,-4.1945,8.2955,3.209,-3.458,6.8648,1.5076,-1.044,8.3815,-1.1278,-2.3348,5.8904,-5.5433,-7.4515,9.6131,1.2515,3.6971,3.006,9.0269,-4.8566,8.8116,6.1931,-6.3837,3.8539,8.561,9.6121,-5.0144,-4.5931,-6.6105,-8.1063,-9.4965,9.3118,0.8591,-9.9056,1.5523,3.666,-0.815,3.582,-4.605
-5.7802,1.6301,0.7151,2.7931,7.3114,-6.2427,9.5791,7.2713,-2.4202,-5.7838,-6.1754,7.1958,-5.1765,-2.6489,-7.8037,-2.4085,3.7629,0.4603,7.9771,-8.8575,-6.7761,-2.3348,-3.6463,7.597,8.7151,2.0846,-1.7626,-1.8607,-9.0704,5.9136,3.8439,9.6423,-5.1083,1.1619,-2.0649,3.4785,-5.4311,-4.9164,-4.171,8.8859,8.155,2.1955,-4.7371,-3.9066,-3.5798,-8.7726,-7.0458,-0.3036,4.3774,8.4457,-3.5362,0.6848,4.7791,8.0876,-6.7579,4.1236,2.7618,-2.4819,-7.6957,-2.0353,3.4684,8.9438,-4.6923,-4.6726,9.0111,-7.8396,-6.8087,5.4626,-5.9478,5.9909,0.0294,-6.4327,-1.0728,3.6659,3.4147,1.6131,-2.7956,-2.6388,3.746,0.077,5.8275,6.7672,3.5153,9.035,-3.3291,2.7048,9.771,4.413,0.3908,-6.2711,8.4296,2.2658,-4.3944,-8.2506,-9.8841,9.9629,0.9422,2.1468,7.0028,1.9816,-1.2749,-6.1083,-7.5532,-7.5017,-8.904,5.6338,9.7966,3.9506,-5.4316,-6.1385,4.2182,-0.3812,-0.0887,-9.4208,-9.4742,-2.0607,-2.0302,-9.528,4.5718,-7.5787,-0.7294,-2.6649,-7.2822,5.2382,3.3141,3.892,3.5579,9.5688,3.3267,9.7925,4.7547,8.3631,-8.5659,5.1338,8.9721,0.8664,-4.666,-9.2308,-0.8812,0.7043,-7.4966,0.6942,1.3735,-0.6329,-3.2917,-2.2974,-1.0913,5.2263,7.7624,-8.2606,7.1941,4.3203,3.3178,-7.6506,-8.4655,-4.5334,5.4981,5.7685,-8.6254,0.1249,-0.5848,4.002,-5.1242,8.6128,7.9657,-9.5014,6.486,-5.4192,0.5947,-6.1071,-8.4223,-2.1674,4.9203,4.4058,7.7497,-3.7562,-6.0456,-9.9623,6.6118,9.926,-5.4011,5.6674,-9.444,-0.5702,-9.0408,0.4642,-9.5771,9.652,1.9672,-7.3842,-0.5048,-6.9759,-0.1752,0.7816,7.5944,3.8835,-7.626,3.3882,-0.4454,-4.2897
7.5865,-2.441,-4.002,9.769,0.3402,6.5154,6.0158,8.5406,0.7595,4.3682,9.5581,-0.1415,-9.1678,9.6767,5.9702,-1.5186,5.5051,-0.7104,-6.5769,-4.2015,-4.7028,4.9268,0.8843,9.2103,-8.9831,-6.4796,-8.4558,0.0702,4.9991,9.3834,-1.7322,-2.0459,-5.1927,4.8585,-5.0119,-6.2003,-4.6431,-1.0782,1.1057,5.9201,7.2553,-9.2606,-0.5102,-9.1953,-2.2335,-8.1001,-3.7781,-2.1853,-3.0939,0.6579,2.6169,-8.7212,9.7422,-9.8444,7.4026,-6.5185,4.1794,-9.5541,3.0593,2.5958,3.66,8.0023,8.8998,4.6612,-7.3947,5.0609,-0.1448,-0.4211,9.0805,2.2649,3.1117,-7.3327,5.5159,-7.5086,8.8181,-9.0521,-9.498,-1.2949,9.3074,0.2327,4.4441,-2.6279,2.5922,-9.8951,-4.3476,-8.7659,-7.586,-4.64,-7.9798,-3.9235,1.3049,2.3662,-7.7747,-6.3244,1.3715,7.9373,7.1886,5.8551,4.0431,-5.095,7.7802,7.998,1.2906,-3.6424,3.1981,3.1237,8.5931,3.4799,-4.8468,5.336,1.71,7.0861,-3.4465,-6.0555,-9.7972,2.7727,8.1923,-9.0915,-3.4134,4.6834,9.1025,-1.028,1.0805,6.3797,-5.1728,-4.8021,9.6467,-2.1241,8.4918,4.8553,-2.8586,1.5368,8.6429,-0.3317,-0.8311,-0.8719,4.5975,-4.2246,-9.9571,5.6457,7.6803,6.6554,2.6022,-0.9593,-1.5415,-5.1309,4.5356,-5.1138,-2.2654,-8.1361,-2.6079,-8.4963,0.0241,1.7846,3.6601,-1.3169,0.298,5.5614,-7.976,0.5553,-1.6796,-8.2222,-1.9763,-9.4879,6.0455,7.6477,-2.3448,5.195,2.2402,6.8219,4.3791,-2.7162,9.0869,0.899,6.8639,-2.8853,-8.2295,0.6233,-3.3734,-2.6787,3.7169,5.3904,1.0367,1.9673,8.8099,9.827,0.0564,6.3705,0.6975,-8.7904,3.4929,7.0082,-4.486,-5.0743,2.4887,5.6685,-2.1319,8.868,8.2295,-2.4719
-6.593,-6.3189,-6.8056,8.7121,-1.2563,-5.5249,6.9907,-5.8923,4.9993,3.318,-3.1225,-1.2539,-5.4598,6.4084,-0.3657,-8.861,1.9429,-5.3946,-6.5497,-9.9513,2.2046,-6.2446,-6.2915,-5.6372,0.7827,0.2421,-4.0074,1.419,-4.2011,3.9021,8.8187,-5.8639,1.3233,-5.4897,-0.3314,-6.8633,9.6717,-2.3842,8.9671,-6.6024,-6.1436,0.7207,5.7609,-5.1918,-8.2306,3.8352,-1.0031,3.2728,2.9996,-4.6824,-0.7205,-6.8504,2.592,6.1981,1.2815,-4.4402,-2.2947,3.9239,0.2353,7.8852,-4.8562,4.2599,-8.0681,-0.7602,-0.7245,-3.4344,8.3815,3.2553,-7.5271,-6.9666,-7.9287,2.6918,-4.2295,0.7597,-8.3531,9.7085,-6.1941,9.9213,7.5502,-5.3135,-2.2827,7.4591,-6.7353,-0.0291,8.0247,3.5652,7.5107,9.8195,3.6305,3.8024,0.3185,2.8532,2.444,-5.2142,9.063,-5.6002,-2.0247,-0.5509,2.268,-7.5263,-7.7246,-2.518,7.0347,2.0795,-0.8459,9.6191,1.125,3.4556,9.1453,-4.3892,6.6642,4.8507,-6.7963,9.9739,7.2538,4.8532,4.0125,0.2009,3.0683,-0.0129,6.8072,-1.2899,8.2668,0.2749,0.7972,9.7272,0.1134,-4.4135,7.5054,2.934,-0.5023,4.7502,8.9195,5.234,6.468,-5.0348,-7.8698,9.7283,4.2258,-8.0264,7.414,-5.7818,-7.8805,-0.3643,-4.6068,-5.0161,0.4756,3.0376,2.5691,-7.6553,-5.6086,3.6677,4.7499,7.5653,0.3208,-9.067,7.9723,-7.8208,-2.652,1.3204,3.737,9.9565,0.4878,-6.5666,2.6847,-1.3713,-1.0477,-6.8975,1.2972,-4.6926,2.718,-0.0686,-1.5593,-2.2681,-1.3485,-5.1405,-6.6463,-5.2624,-9.4125,-0.9114,1.3075,-0.1484,-6.1805,-2.9102,2.3386,-6.5667,4.7868,-9.9078,-5.9696,-5.0778,-0.1714,7.6635,-4.6095,-5.3245,-6.3396,-1.693,-7.0339,-8.0951,0.65,-7.1424
-7.8121,-6.7624,-6.4553,4.1815,5.0578,7.9138,-6.3296,3.9637,3.3461,-8.8514,6.8309,-0.2358,-3.1503,5.4899,9.3672,-1.6573,-9.6465,-4.9623,-0.69,-2.7458,4.2823,4.2806,5.6065,0.3593,-1.9051,1.2703,1.7627,-8.9945,8.8466,-4.5989,5.3077,1.1026,0.9789,-6.0389,9.9887,1.4782,-0.2387,-7.5325,8.8344,2.4233,-0.1376,9.5372,5.9251,4.4123,0.9248,-5.2396,4.1995,-2.6164,5.5836,-2.0987,-1.064,-0.1238,9.1329,9.5012,0.3376,2.6878,-0.8613,-4.8887,7.7185,-3.9743,0.0907,-7.257,0.9653,-1.8848,-6.4478,-8.2887,5.2555,7.3325,5.179,7.2342,-0.6062,-8.2277,5.0549,0.1322,-3.9239,-9.0009,-4.2458,-8.8152,7.6593,-1.5982,-6.2114,-2.3605,5.0159,9.2464,-3.864,8.1457,3.9511,0.4916,2.3431,-5.7213,-4.2897,-1.5088,-2.581,-9.2525,1.0944,-6.8268,0.8581,-1.6637,-5.0795,6.6601,6.8248,-0.2943,-0.5986,4.5243,-1.9187,0.8446,-4.3755,4.6866,-9.3129,-2.2675,-1.8482,0.2731,9.5565,0.4409,-8.7999,5.7028,-6.7122,1.3403,-6.9398,-3.2254,7.4241,-5.3218,-7.9495,-4.4977,1.5976,-5.492,1.5626,0.7889,7.3059,-1.0764,-5.4603,-5.4178,-0.3246,2.3573,3.0299,-3.9988,-6.6575,1.7267,2.2372,7.1102,-3.8621,-9.8244,9.1416,-6.3637,-0.1811,-2.3033,-2.2774,-8.9113,-9.4092,8.9542,2.1402,-7.994,5.1981,-3.3463,0.9957,1.9737,0.9246,7.5093,9.2442,3.1021,1.6022,8.1751,9.6894,2.0907,-3.9736,8.8747,-6.1215,-3.8218,-6.2752,-4.4978,2.4028,-7.5267,8.3823,9.8253,-8.2681,-4.2631,5.7653,4.3012,6.147,-0.6253,6.1135,-9.3302,2.8443,2.4991,-3.8394,4.7724,4.3976,-4.105,-8.3414,-1.7844,1.3688,-5.5959,-4.5241,-2.2963,9.142,-6.793,-4.3478,9.0707,-2.4159,-7.2032
8.5617,-0.4208,-4.9939,-1.6691,-5.7662,0.6633,-1.5044,7.5659,-3.7531,-3.1106,-3.6269,0.7639,-8.5121,2.1516,5.4358,-2.7082,-5.6415,2.0796,-7.1137,7.6666,3.8519,9.6741,7.2009,-3.5904,-2.4874,8.6865,7.2735,-0.9829,2.0165,6.416,6.2486,-0.3454,6.9555,7.8435,-6.6772,-9.3652,4.6927,-5.2395,4.532,-5.6853,-5.8707,1.1296,3.4379,-2.8535,-4.9388,-1.8776,-0.4043,8.8461,-3.7458,0.385,-9.2901,2.738,-8.3729,-1.5985,-7.2715,1.8864,-3.7827,3.0195,7.4463,7.3915,9.6955,-3.4486,6.4756,1.5741,-2.241,5.5727,-7.3406,-5.5834,-2.1689,-3.4863,0.2434,-1.0071,-6.7484,8.1631,6.4048,-0.2352,1.864,6.6366,8.4107,6.9359,9.447,-3.2292,-4.0748,-3.1697,-3.7099,-6.9634,0.1178,2.8781,1.7104,7.0727,-8.1238,8.9836,2.7171,7.6135,4.0206,8.2244,-6.4886,-0.9403,9.9346,-6.9038,8.7503,-2.7335,1.5999,1.4697,1.8073,-3.2346,-8.8183,7.7962,-8.9595,-9.709,8.1106,-8.8435,-4.8434,-9.3054,-5.3953,-2.9103,6.4636,-7.208,-4.2488,5.1668,-4.9086,6.5838,-6.7669,6.4478,0.7656,1.3886,8.7404,-7.6152,-0.3129,7.4589,6.2085,-5.1055,-7.5868,-0.7106,7.3595,3.7175,9.6939,-2.4547,-2.583,6.7608,-1.1661,-9.0522,4.3137,-7.3165,2.0592,-0.9013,2.1874,3.4861,-9.7024,6.3436,1.9556,-6.3633,2.4499,-6.3635,9.3163,1.4296,-0.4125,5.8203,8.3706,-7.3857,-5.5961,9.7223,6.4982,-5.9386,-4.1182,3.121,7.4997,-5.4479,-0.0498,7.6645,1.7917,2.2286,-3.8298,2.1977,-2.9255,4.2535,4.7652,0.7919,6.324,-1.5089,5.1383,0.0242,3.0935,-6.3116,5.9868,-1.8496,6.0059,-4.1178,4.9284,1.477,3.2657,8.468,4.5467,-0.4393,8.6228,-1.1336,-7.1676,-4.3916,8.1241,-6.0582
-9.0467,9.5898,5.2789,8.6608,-1.1993,-7.5568,-1.1381,-2.8366,3.3057,-4.5617,-0.5323,2.3085,-0.9677,-8.0912,-7.1851,1.7205,-7.4458,-9.7566,-0.6266,4.7161,-1.9241,1.1777,0.0472,-5.5893,6.2636,6.144,4.5878,-6.821,9.9997,0.5675,-1.1417,-0.1039,0.8188,8.0152,3.9627,-1.9302,3.9507,1.3103,8.8028,0.0005,-9.07,9.3326,-5.6242,5.8242,-1.439,1.2438,-9.0548,7.0291,-0.6808,6.1063,-3.3001,9.7955,7.1281,4.2765,-1.083,-4.4854,-8.0266,-6.0511,-9.6888,-6.3607,2.2432,0.2238,1.1357,-9.0904,-8.3559,0.7679,4.6413,6.4478,0.6207,9.0686,2.1101,-6.3531,-9.0982,-7.5613,-6.3539,0.4347,4.7783,4.912,-7.3819,-2.4136,2.6264,4.3738,1.6731,-7.586,-9.3544,-3.5672,-4.0465,-7.2057,6.7027,-7.8446,-7.0256,0.2668,-6.1265,8.9481,7.5221,-9.9352,-4.7559,5.2686,-6.4952,7.0148,3.1928,2.628,-1.5246,9.9179,-1.9442,3.2618,9.0785,-8.5507,5.2859,-5.7015,8.5017,-3.7315,4.375,7.1882,-0.0115,-2.0805,-5.7663,5.4367,4.1897,-7.5408,7.4249,6.9984,5.8715,5.7247,-0.1224,3.4861,8.4462,6.3048,6.6848,-8.4324,-4.9021,0.5536,-4.1204,-6.1163,5.6582,-2.7201,5.8707,5.1684,0.3501,-2.4997,1.9259,-2.5627,-5.4047,2.1468,2.4977,0.4813,-5.5685,-1.2684,-2.0163,-9.2121,-4.0583,-5.4208,4.7465,-1.0663,-9.5379,-7.0911,-7.1582,6.407,9.9239,8.4425,6.6034,-9.479,-5.5056,-8.3468,7.3804,1.6132,-6.0308,0.8075,7.4675,6.4055,1.9593,-6.1941,3.2123,8.4693,8.061,7.8249,0.259,-9.2951,9.1667,1.105,1.314,4.9241,8.0,0.684,5.4285,-4.0049,-1.849,-7.8014,-6.6352,-0.3209,4.3071,-4.462,-2.317,-1.0824,-5.3747,9.6813,9.756,5.7492,-4.5043,3.2155
8.8576,-1.9193,-3.5208,8.6455,3.9976,-7.3107,-4.8715,-6.219,3.0517,7.3424,8.3798,-7.1608,7.3928,6.9699,5.9755,2.7198,6.8545,-3.2065,-6.2317,1.6627,7.7897,-9.8813,-3.3965,1.2702,4.6344,-3.8581,7.3181,4.4143,2.6881,6.7043,-3.5809,2.5332,-8.1967,-7.9627,8.9049,1.0096,4.1935,-9.2528,2.7716,1.372,4.235,-6.4993,-2.0239,-4.0092,-7.4543,1.9224,-0.6448,1.785,2.7968,-6.8179,-8.5885,-3.0677,-9.7942,1.6691,4.8749,1.0362,-1.5158,-8.4114,2.9192,1.858,-7.1116,2.3601,3.8871,-2.9577,-0.4356,9.9997,8.4753,-5.9515,-6.1047,-8.8158,-4.9046,6.0618,9.3602,1.9704,7.0643,4.9654,-7.993,7.8047,-7.447,6.4234,-2.054,-2.4106,3.722,-7.6707,-9.4653,1.8922,-1.8951,-8.0026,0.2401,-5.1826,6.4772,3.3175,-9.786,9.4424,0.8337,7.8588,-0.8847,5.498,6.7357,1.6743,-3.1825,5.0357,-6.6937,-0.9082,-8.04,1.5776,1.0131,7.5129,-7.9134,4.8053,0.0745,1.8668,8.4934,3.846,-7.2339,6.2635,-5.2397,3.5742,0.7346,2.5242,-9.2789,3.7219,7.8911,9.5539,4.0969,-8.506,1.8246,-7.5399,5.6353,4.9134,-4.6108,9.6989,-3.193,-3.8082,0.9682,-6.5428,-1.8671,0.5836,-3.2467,-5.1488,-5.0196,-5.1313,6.5579,2.0923,4.5295,4.684,6.7968,5.9875,1.8402,-6.8967,4.0352,-5.7513,-3.5535,3.6627,4.238,-5.5629,3.6896,-6.946,-8.4772,-7.8442,1.4313,0.9514,-8.2247,-4.0011,5.3121,6.1066,0.3143,4.2904,-3.4785,-7.899,2.5611,0.5421,0.631,3.9877,-8.6393,0.5095,-2.663,2.1345,-4.6109,-7.1868,-0.9897,8.6569,-9.2757,6.1613,-0.8835,7.8705,-4.5059,6.8124,-6.5049,2.4542,-5.1896,7.9862,8.6338,-3.5924,9.108,-8.9921,0.4532,8.0886,-9.5009,2.5682
6.7315,-9.9723,5.7842,-6.0084,-2.5225,7.2547,-1.6174,-1.9023,-0.5626,8.4571,7.5893,0.723,-5.9695,4.5658,-3.253,-2.9171,-6.1203,3.0177,4.019,3.2833,-9.0871,4.1955,-4.3168,3.9749,1.1212,3.8991,5.2369,6.032,4.5306,-8.2109,-1.7969,-8.9532,3.449,1.3772,-1.7649,5.1004,8.2839,9.518,-1.7003,6.4619,-4.8128,5.1754,6.3233,7.5787,7.4193,5.9253,-8.7527,-2.0056,3.117,4.5372,-2.6837,-0.3485,1.1325,3.2323,-9.4717,-0.3018,-6.6748,1.5075,4.1663,8.8667,1.7744,9.8499,-4.0504,6.0854,-7.3848,-0.246,-7.9845,-2.8625,6.5265,0.6962,-8.1775,-5.4164,8.7528,-8.1259,-3.5328,7.8633,7.7996,-7.905,2.8855,-1.1106,-8.2085,9.6236,2.5012,-5.7295,5.198,3.1551,2.3274,7.0113,-7.2417,-6.3474,-4.7519,-6.9192,-2.2732,-7.5674,0.433,-1.4329,8.0867,-7.9476,-3.2425,8.2475,6.525,-9.4161,5.5921,1.4262,-1.3163,-4.2678,-2.3889,-6.0536,2.1467,0.0119,1.3121,9.5831,9.6425,8.2617,-4.9748,7.551,-6.7863,-0.1798,5.7121,-6.8647,7.9956,-8.5234,-9.7058,-8.6184,1.8764,-2.3817,7.6155,-5.8822,2.686,1.6612,0.1507,-9.0056,-7.6374,-2.5079,-5.7701,9.0202,-6.3918,8.0265,0.0762,-3.3889,-7.4313,-5.3354,9.4497,-2.2271,-4.1536,8.8622,-8.7409,1.6049,-3.9629,-1.1563,-2.5872,5.0658,7.3306,0.1315,-7.3523,6.1246,5.2791,-4.9794,4.098,-7.7251,7.3376,-7.1192,-7.5379,8.0082,-7.1374,-4.1815,-1.7696,3.6281,0.8285,-5.6804,-4.6308,1.8387,-3.947,-1.0777,5.9678,-3.4681,6.2769,-3.6749,7.4407,3.5711,4.6804,2.1698,0.2577,6.8363,-2.3999,7.7921,4.6242,8.336,3.8938,6.7747,-8.7334,-3.9022,-4.8079,0.4926,0.0256,-1.6473,3.3003,5.1819,-0.1743,9.308
-8.7021,6.3118,0.5907,-4.4715,5.7194,-8.3555,5.1233,-7.2453,-7.2825,4.7743,-4.6394,7.8975,6.7033,9.3431,7.5113,-3.5271,-4.0862,6.8585,-3.6143,9.799,-6.0405,8.7534,-8.3814,-3.1347,8.4833,-1.4581,-5.5825,1.1867,6.4018,-1.6859,-2.2561,-8.5636,4.1042,8.1064,4.9327,3.584,0.4084,8.3572,6.4134,3.6669,2.7432,0.2223,8.1955,9.6926,-0.0386,7.2594,-8.3565,9.0481,2.7181,-6.8763,-1.0386,3.7341,-1.5633,-3.2116,-1.996,3.9398,7.5621,-7.0444,-9.3578,-0.2101,-3.503,-5.3244,9.5463,-3.886,8.2608,-6.8943,-5.6036,8.444,2.9278,1.8629,-6.6134,-3.4893,-2.8524,8.2083,7.4581,3.3184,5.9676,8.009,2.5743,-4.9346,9.3804,-7.3394,2.1456,0.5912,-0.3251,0.2286,5.0449,-3.5889,-8.6432,-1.5166,-8.1206,-9.1733,5.793,-7.9362,4.5089,7.5652,3.0388,-6.4104,2.0499,-2.4818,-6.2833,3.9656,-2.986,2.0041,5.2332,-0.7404,8.5531,-4.2516,6.6041,-5.3464,9.3428,-4.1973,-6.6327,3.067,-7.5346,-8.5937,-0.3303,1.3376,5.5758,-9.6668,9.8294,5.915,4.2913,4.8341,-0.0442,5.0416,-3.2358,-0.9259,7.5854,6.8018,9.4813,9.7345,4.8632,0.2191,-5.5394,6.0605,-4.0836,3.5377,1.6305,-1.9078,-2.4177,-8.2369,-7.1998,-3.8486,-4.0415,9.5336,-8.6279,5.0238,8.5702,7.841,-7.7033,2.7316,9.7496,-9.0503,1.7587,-3.3923,-4.7786,4.8541,0.8216,-5.7859,-9.4078,2.6763,-1.3169,3.2308,6.1512,6.7189,-7.1274,5.3638,0.6791,-1.0003,-1.7662,-5.3833,2.5923,-3.0091,3.9658,-1.1579,-0.8031,1.547,-3.944,5.0191,-6.3701,5.0399,-8.6762,-9.7871,-4.3594,-2.9278,6.7909,9.5529,5.5677,-0.1859,0.7058,6.9775,-8.2429,5.6577,8.9977,0.7061,1.7335,-5.873,-1.9547,-9.2468
9.6447,-5.5183,2.0561,-2.9,2.7647,5.9989,-5.5974,7.3979,3.9381,-9.2726,9.0795,8.4857,-3.8082,5.5433,-8.5204,-1.5414,7.17,3.326,4.2992,-1.4259,-0.6364,6.9295,-0.753,-3.1942,8.1168,-9.1116,-2.3926,-4.6794,-6.3458,-1.9593,3.6953,-6.4351,9.8757,-4.0227,-6.3585,-6.9011,2.7779,-9.5403,2.6285,2.2694,-8.0141,-5.0313,3.532,-9.9353,-3.6726,-6.97,-2.5719,-7.2545,-2.547,-7.994,7.9589,-9.1373,5.1902,-4.544,-9.7706,7.4053,-0.7296,-8.4207,5.2738,5.2571,5.8585,4.2949,8.525,8.4864,-1.5516,-6.4072,9.9798,3.6939,2.7142,7.489,0.7631,-4.1024,-8.0739,-1.4237,0.1225,0.7917,3.7653,-8.4642,-4.938,7.9386,5.762,9.6909,9.2342,-0.6457,6.2842,-6.2543,-1.4846,-8.3493,-5.2737,9.671,2.3108,4.5666,5.9072,1.132,-9.4985,-4.5472,8.6374,5.9035,0.4762,-0.7668,-4.2408,-0.5794,-0.8523,6.9745,1.9921,-8.9062,8.158,3.7631,6.4444,4.788,-7.2687,-6.4208,-5.4063,-9.1327,5.6492,0.2872,-4.6021,-0.4163,-2.3017,-3.0861,-8.0671,9.017,-5.0007,4.5394,-7.4008,-1.5374,7.603,2.3554,-2.5292,-4.1491,3.843,5.1815,2.0914,4.5407,-1.9123,4.3255,3.7844,1.6659,4.6775,0.3351,-6.9864,-9.4527,0.317,9.8655,2.0252,-2.384,0.6826,1.2559,-9.049,2.1993,7.6509,-3.0705,-6.0285,-3.2821,-4.018,-1.2432,7.9689,6.4891,-7.1638,-3.2683,1.5491,5.791,3.3797,4.9089,-0.6463,-0.562,-9.8012,6.895,0.213,-4.5378,-0.8514,-3.9776,-7.4693,9.421,6.4519,1.5861,1.1764,2.4632,-7.188,3.8999,7.5634,-7.7637,-0.5124,8.8844,1.1565,-7.0163,9.2224,-3.6911,-7.957,3.3009,-0.668,2.3025,2.0394,0.5756,-3.9729,2.3955,5.9716,-2.4922,-4.8334,-5.7396
-3.8104,-9.5076,-6.1716,0.829,1.9065,-5.7737,-9.4981,-9.0498,6.4356,-4.0625,-2.6315,-9.56,-4.904,-6.2053,5.1995,0.8988,4.752,4.6674,0.8909,-9.9881,-1.8739,3.4544,-7.238,4.3309,-9.0456,-3.4698,-4.7779,8.6741,2.2432,5.771,1.544,8.1416,0.4804,-1.4659,-7.47,4.7666,6.0561,6.016,-4.2209,-2.0343,6.1275,-0.2684,7.6581,-9.7464,-8.7018,-7.8874,-6.7173,9.0521,-4.3108,0.0092,3.9228,4.5826,9.7345,-4.3785,0.1454,7.6059,9.1358,-1.3687,9.0997,2.3587,4.3378,7.2267,0.9845,-1.2409,-2.2956,0.121,-7.244,-0.8854,3.4022,-0.7658,-4.267,-1.3349,-1.9962,-3.0023,-9.3747,-8.3332,-5.3002,7.5646,8.0541,-9.1888,-4.6748,-9.2572,0.7348,-5.308,-5.1923,-2.7389,9.157,-2.4212,-8.9503,3.0693,-8.3597,-1.3933,-2.63,-2.2135,-4.3485,-2.3892,2.2149,4.1916,3.902,-0.8425,7.6334,-1.0328,-3.6644,-4.4905,9.5734,-0.4094,-8.3214,3.1585,0.9958,3.6311,-3.6024,3.8115,-4.7173,8.4458,1.6266,-1.6185,6.7462,8.2619,2.8729,-0.4209,9.4794,-6.7904,6.1593,-0.6536,8.7427,-2.1158,6.0785,8.4821,-8.966,-7.1662,2.0146,-1.3679,2.9488,-2.7755,5.7962,0.282,-2.4555,7.2375,-1.405,-1.7683,-6.9667,-9.1259,2.0193,-6.0576,-7.1309,0.7083,-3.4947,-4.0154,-3.8587,-8.2959,-1.5056,-9.4597,2.3628,8.3133,5.5505,-7.6431,-2.8317,-7.1308,1.2507,-1.8295,-6.9259,-3.1361,-1.5329,-5.5155,-3.3288,5.6393,5.7622,4.3647,5.0657,2.0105,-4.4305,1.9286,6.6759,3.8016,3.8083,3.6235,-5.6629,-8.2242,-1.5618,4.2402,-4.8366,-5.7307,-5.468,7.0472,-6.9317,-4.6302,-1.7282,-0.1345,3.9174,0.5637,6.5083,7.7897,2.095,-0.1882,7.3192,3.0139,-0.8861,1.2606,-3.4072,-3.9759
7.6751,6.7415,5.6132,-2.2845,-2.0611,8.8227,5.8868,-4.6933,0.8295,-8.6021,3.2493,-8.6949,-1.3361,8.4481,3.504,5.1011,8.9294,4.9625,1.6159,-8.7056,-4.2534,1.7455,6.7257,7.0287,-4.3751,1.1026,-5.3562,-7.7755,-5.345,-3.1062,-7.5256,8.4597,-5.2038,2.4354,2.8177,8.9073,5.9817,-3.7755,3.5857,0.5508,-7.2434,-2.3609,-2.4416,-2.6892,2.4304,3.2215,-7.4445,9.8987,-6.9514,0.8874,1.8548,-1.6199,8.4321,-4.2387,1.2212,-4.7327,-1.3708,8.7737,-6.9504,-0.1215,-8.7871,-1.7402,-0.0396,-2.5904,1.1086,-4.9551,-2.0304,9.8674,6.4955,-7.5758,-8.0166,-9.5293,3.8136,-2.9474,2.2078,3.6267,-4.4498,-2.9885,4.8559,7.5484,-4.0142,7.5348,-7.1116,-1.3599,-1.8709,-6.4278,-9.3127,-6.1923,-2.765,-1.1562,5.4123,1.3058,4.8526,-2.1568,9.4895,9.0124,9.9398,-0.4059,-1.8551,2.2137,3.3753,7.602,0.7388,-0.6082,4.1472,-3.3261,2.0662,6.0883,-9.5695,9.3242,-5.8963,5.7359,-8.4773,-2.8356,7.294,6.7628,0.4516,-0.2819,1.2635,-1.6779,-6.6844,1.5667,7.0218,-0.8905,2.2253,-0.9954,3.0826,2.4718,0.2817,-7.1123,8.6229,-9.413,-8.5767,-1.9304,9.7114,1.782,-0.3564,-0.8756,-3.2846,5.1839,-1.2057,-6.1947,7.9029,-0.4681,3.1125,8.7557,1.3689,7.6403,-6.3306,-1.3453,-2.4454,5.5522,2.4544,-4.8272,-4.9406,5.9353,3.2596,-9.324,-9.1824,-8.1793,-8.075,2.3954,5.4992,4.9228,-0.7652,7.4451,0.5619,-3.6668,-6.8641,4.6353,-7.8709,-9.0463,4.6094,2.3879,6.4431,-5.0517,2.8219,-2.8751,1.4518,4.1933,-0.1262,-6.0797,-2.0977,6.1375,-2.879,0.2675,-4.8425,5.017,-6.2186,6.8823,-7.6566,1.1463,-6.3259,-3.6869,-6.3957,2.8207,9.7569,3.4996,0.0345,-2.5083
9.6597,0.639,8.8432,-5.8995,-0.4914,-6.6042,2.67,6.3791,5.6014,2.1853,2.6044,-4.4284,6.0837,-9.0166,1.1462,7.3523,-8.7039,-8.2715,3.1303,-9.7836,-3.1427,0.7859,-9.9179,-1.7506,-3.263,1.9684,-5.1803,-6.274,-0.5381,-2.5899,-1.2118,4.3484,2.628,6.7434,4.1397,8.8233,-3.0189,7.8139,-8.8306,-2.0748,9.3486,-5.7615,-1.0411,-0.6629,2.5832,-4.9904,-5.291,7.2093,-7.7073,2.1597,-4.2174,3.6343,1.8634,-5.5885,-3.0007,6.3499,1.7129,-9.0802,9.1217,9.4115,-9.2037,7.2864,5.2466,-0.5108,-3.1554,-2.4061,-7.7498,9.8377,-2.0793,-7.7736,-0.8717,-7.8587,-0.1378,1.9507,-9.9949,6.416,-7.0039,-7.2215,-3.1283,9.2767,-3.2074,6.3163,-0.5612,6.6218,-6.267,-9.8635,-8.2083,-1.1286,7.7904,7.1212,-2.0823,5.3636,5.2661,-5.4649,-1.3075,0.4858,-1.3916,-5.2663,8.7026,5.8408,-7.6859,-5.201,-7.948,-8.8392,7.8792,-1.9774,6.2872,5.8839,2.3912,-7.5002,-8.0082,0.1025,5.6352,-1.4361,5.6058,-1.1972,-3.3949,-9.9863,-5.8266,-0.7601,3.5642,-4.4203,2.3716,0.7831,-2.4389,8.128,-9.6123,-2.0814,-2.6153,4.3559,-0.055,-6.8519,2.3566,2.8571,2.2545,7.0142,7.6098,2.4264,4.3776,8.852,-6.0634,1.8395,7.2579,-1.2015,0.1478,0.4111,8.8245,-1.0132,1.7937,-6.5208,7.3541,1.2927,-6.2487,1.3978,-0.5051,-2.7291,1.7285,-5.0401,2.5765,6.8273,7.7202,-4.9593,1.0515,-6.7325,0.5265,4.7184,-7.6043,6.3174,8.2207,5.148,-4.725,4.9034,-2.0506,5.3138,-6.5865,-3.9744,6.5656,8.6103,-4.0303,-2.1365,-6.7239,-4.5709,-4.9508,0.1022,4.1867,-8.4083,7.2205,-9.4729,0.9472,2.9559,-4.2979,-7.0622,-7.1488,7.9537,-0.1779,-0.5395,8.1417,-7.1869,-5.6417,0.3821
9.7078,-9.7179,8.947,-2.392,6.6518,-8.544,-5.6037,7.5335,5.3801,-0.8209,0.2954,6.7745,3.2368,-4.3785,4.6671,4.5846,2.7485,-0.7612,3.0353,-0.3833,8.5125,1.0546,8.8647,3.0853,1.1454,6.9144,6.154,7.2393,-9.5558,6.4308,-3.6681,-9.6898,1.3749,6.9718,7.7186,-1.8111,-9.2167,6.81,3.8312,-5.4511,-9.0709,8.2159,-7.4226,1.0544,9.3231,9.0607,-4.6079,-5.6448,-6.2448,-6.4874,-0.7143,-5.2123,1.4146,-8.5399,6.1724,2.3915,-4.1075,-1.5104,2.5856,-2.4934,1.8627,-3.3352,-2.2836,8.1032,-3.5245,0.1753,6.8268,-9.138,-0.4134,-6.0852,2.2992,4.2174,6.2864,-2.0345,2.829,-4.0969,4.1531,3.2703,9.5957,-7.2487,3.9538,5.0252,2.8372,6.4613,6.8656,-3.1492,4.9045,8.4486,0.3671,-3.063,-5.541,-1.2632,6.6624,1.4588,-8.7726,-1.0669,-9.0021,-7.6717,5.4625,4.2164,3.5028,2.1743,1.1534,9.8831,4.1795,-5.6991,0.7921,3.2798,2.3648,3.9199,0.9976,2.7728,4.5672,4.0044,-6.7659,2.5618,5.2625,0.252,6.243,0.1877,-7.0055,8.3546,-8.2712,8.6146,-7.126,3.3581,3.6088,-5.1051,-1.6551,-1.2216,-9.5157,4.4908,6.3973,9.7048,9.2178,-2.0631,4.1669,9.4715,4.7824,-5.3668,2.9482,6.7824,0.6586,-8.9077,8.9591,2.364,5.0679,0.7955,-3.2051,6.7154,-3.9521,-4.1891,-0.8303,2.0282,2.8398,-1.6478,-1.131,-3.691,7.1454,3.688,-6.7579,8.3624,9.4521,9.2355,5.2276,-2.4541,-9.3508,-1.0391,-9.4623,-3.7711,0.0257,4.9937,3.0297,2.5551,2.7428,-5.0909,7.0394,-8.409,-6.1378,-3.4142,7.9562,-8.9899,-4.9645,7.7649,-9.555,-7.8568,4.3045,-6.9892,-6.4974,-6.2608,-2.0263,-4.9714,1.6735,7.3492,1.7201,7.3535,-0.8314,0.3089,-2.9244,-2.4923
8.1812,-8.9083,-5.838,2.8998,-4.8126,-2.3628,-0.3441,-5.1587,-3.7194,-7.0291,6.5632,-5.4081,-0.7339,-5.9844,-9.1925,-6.5538,-1.3539,6.9014,-4.8957,1.0679,5.5709,9.9769,-2.7411,0.6661,2.5173,5.5647,1.4796,2.5038,4.0944,-7.0513,7.5365,5.6297,8.8754,-0.0986,-1.4941,-8.2724,2.1182,3.461,-8.7783,-3.3972,-7.2156,-1.0422,4.9366,-8.9512,4.2241,-0.9415,-5.9269,4.7099,4.9366,-5.1044,-1.1707,9.6909,-2.8187,-8.3385,-9.8356,-7.2569,-6.9095,-5.4317,-0.8306,-1.0932,3.7723,1.4069,-8.1095,-6.7751,9.7948,7.566,4.6485,-6.3787,-4.6332,-6.4644,7.0382,-2.4497,2.038,-0.1372,0.2365,-5.7501,2.4211,8.8063,-9.3341,-7.1516,3.176,8.0822,-8.2492,-6.8414,-0.0286,-7.5382,4.9532,0.3732,-8.5359,1.0163,-6.1114,7.0217,-3.8678,-7.919,4.3838,-5.3483,-4.6863,-3.8095,2.6716,6.1206,9.0542,-5.5167,8.7244,-9.1165,-9.765,4.4451,1.5914,0.5892,-3.5378,9.1515,9.9817,-7.6535,0.6125,8.0064,-7.2486,6.2661,8.1025,-0.051,1.2073,-7.3005,0.954,-0.2743,-0.0824,8.6824,0.6573,-0.6286,-8.2843,-2.5749,-5.3258,-8.0553,4.0042,-1.9137,2.1124,-4.6068,-7.9087,-3.2361,-2.751,5.3359,-3.2011,2.3827,8.1898,-8.3551,-5.4225,7.903,-0.0189,0.1025,-5.7199,-1.4496,9.7301,4.1789,-4.7756,7.2751,-7.5744,4.6006,4.2044,-8.5926,-0.8238,6.0824,9.4392,-5.8824,8.7756,-1.1037,5.4011,2.7206,2.8074,9.4493,-0.11,-0.6858,2.7707,6.2395,-3.1016,6.6504,1.2957,-1.9229,-9.8617,-6.7173,-4.6908,-1.5784,0.2141,-6.3915,4.0115,-8.6143,3.0501,-2.8632,-9.844,-6.1009,7.9831,3.9679,2.8937,-1.5548,2.7239,9.0619,8.7316,7.0452,-6.8937,7.2526,-6.3622,5.8465,-7.2881,-0.6183
-3.0586,1.1046,2.0012,-1.668,0.2361,-9.109,6.3051,-4.1443,4.9679,3.623,-9.9909,-2.7557,1.2416,1.0151,-3.9264,9.5101,7.1235,7.0628,-1.5565,3.9958,-9.5177,2.0243,-0.3753,3.9332,0.7788,-3.3116,8.0913,-9.9145,-9.3493,6.6269,-4.2345,6.4764,5.6458,8.8175,-8.7061,-1.2196,5.6444,1.8085,-5.5486,-3.6667,-3.1829,3.2933,6.1911,9.6169,0.1936,3.0856,7.0346,9.5243,-9.9013,-6.9523,-7.3584,4.5137,-8.5583,-7.4894,-0.2834,-2.2712,6.545,-8.6015,-8.3981,-3.3543,1.462,-3.4309,4.0591,6.3417,-6.9086,4.0976,-2.2985,0.4323,8.1711,-7.789,3.7256,2.6237,3.9133,-1.7082,-8.454,-3.5056,8.8587,-2.7738,0.1711,-6.5347,3.2659,-4.5554,-2.3725,-7.4738,-5.2457,-0.3961,-3.1012,8.3665,-2.9439,-5.3346,1.9052,5.0702,9.5643,4.6035,4.7107,4.3333,9.2112,-7.8124,3.7913,-8.3,-4.8505,1.164,-6.775,8.7199,0.3275,2.6926,-2.1947,-9.993,-1.4011,1.5597,6.5827,-2.0219,-4.792,1.5382,-7.2523,9.9086,-4.3312,8.7627,7.8929,5.4571,3.2401,-9.9721,2.6445,-1.8858,-9.0698,4.6396,6.7973,-3.9409,1.3912,7.8361,-9.1886,-4.5025,7.1628,1.2982,0.4464,-4.1692,1.928,-7.9352,4.2687,-1.6448,3.9725,-7.5787,8.7635,1.3416,3.9813,-4.3369,5.3553,-4.5375,-0.7117,-9.511,-7.6408,4.968,-4.1439,-0.093,-1.0255,-2.8079,-0.735,5.8675,7.3414,-0.7933,-0.0225,1.733,2.218,-0.3346,-8.1401,-4.2952,-9.6457,8.9774,0.5588,-7.2706,-8.3282,8.7117,4.0764,5.4112,4.6663,3.3586,6.2954,8.5061,9.8954,-7.9373,-8.5357,1.7416,9.9525,0.0524,8.5507,-6.0658,7.7673,-1.5204,-2.5093,-5.8726,-5.8882,-9.0597,1.058,-7.4629,4.5857,7.7199,1.494,-0.3881,9.1213,-5.5721
-3.5294,5.7751,7.0447,9.1697,4.7568,2.51,5.2741,-0.0674,5.6527,-0.1942,-1.5791,-1.0168,-7.6811,5.0393,-6.3536,1.2762,-9.8403,2.0073,-4.6062,6.2162,-9.092,-1.6328,-2.3931,-6.1434,-4.1996,2.2053,-4.8202,-2.1762,8.9499,-3.6536,4.3506,-7.6024,0.3605,-8.0776,8.3665,4.8194,1.9785,-7.0445,1.1708,7.4832,-4.3482,-7.7198,8.2758,-8.8211,-8.1128,-1.2202,-5.3688,-0.5092,7.6151,2.2721,-1.071,-2.699,-7.992,1.1701,9.456,4.9642,-0.8896,5.2853,6.3998,-0.2177,0.5255,5.8979,5.2845,-2.0025,-8.0173,3.7543,6.4296,-8.0839,1.7269,3.6376,2.652,-3.8245,3.8977,5.3456,-2.8633,3.4694,-9.3006,0.4465,3.1579,-1.1523,3.2277,6.4707,-0.1867,-0.9227,5.4971,1.4528,-2.6353,-3.9459,-3.9584,5.753,-5.2444,5.3724,6.3453,7.9615,1.213,-1.3412,5.3341,4.2418,-8.0771,-9.0092,6.0264,0.5546,8.2323,-0.6998,-9.3086,7.6355,-2.2119,3.9128,-5.5942,-2.9858,5.8219,5.0164,-2.8709,-8.4451,8.961,4.8087,8.849,9.5019,5.3954,-5.7255,0.9668,9.5186,-9.7425,1.5242,-9.718,-4.7107,5.8835,5.8975,-4.6623,-8.0268,-8.2025,7.7385,5.9904,3.1623,-5.9817,0.0796,-3.4,6.9693,8.4095,-8.0403,-7.2521,-7.8519,-0.1861,-6.9016,5.9264,5.1628,4.4757,1.6015,-1.9154,2.7301,4.8252,9.0476,2.1492,7.2559,-2.2684,0.6572,1.7484,6.7789,6.9727,7.3603,4.132,9.9805,9.8731,9.7291,-5.3057,1.8838,9.9529,5.1817,7.6968,-9.5109,-1.9217,-5.8126,8.4453,-0.9509,3.1919,-6.672,-3.1051,9.1347,9.4167,-2.3578,-9.997,3.7918,-5.7317,-0.1987,-4.1915,-5.9136,-2.1139,0.5623,-6.1698,7.9123,2.9614,-5.1996,8.1498,5.3985,0.2456,2.7624,-5.0241,-9.352,3.8738,-6.6833
-6.424,5.5399,-0.9006,-6.9149,-5.168,-9.398,7.638,-8.2816,-7.9311,-8.9068,-7.2518,-3.7214,5.06,-9.6444,5.9439,-5.7241,7.4051,3.6658,4.352,8.6959,-6.6763,-7.1009,-0.6345,-6.6604,-3.1363,-2.6438,-2.6261,-5.3807,0.8086,6.3595,8.7859,-0.9281,-9.4116,6.4972,7.4633,-1.0187,-7.2119,-9.7283,5.9031,6.7222,5.8616,-5.1378,1.648,5.2406,3.0051,1.5235,5.1129,8.4033,-4.6737,9.6503,-7.4519,-2.3002,-6.6585,-3.7617,0.4107,7.267,6.8212,-6.0482,5.1814,-2.0461,3.6357,-5.1423,-2.0205,7.4493,-9.7713,8.8584,1.1983,2.7299,-5.9313,-2.2959,0.6969,-8.6257,8.565,0.2392,6.6467,6.8594,0.9358,6.0564,-8.468,-6.8384,-3.7692,2.8191,7.1975,6.4704,-9.7015,-2.119,9.5086,6.5939,9.4546,3.8079,9.9781,-0.7675,-0.5113,7.9439,2.0734,9.7579,-3.235,-6.6584,5.555,4.2642,-8.113,-8.043,-2.2655,1.6683,-8.7196,5.0062,9.2362,3.4886,-6.2341,5.782,1.6119,-6.9641,-2.4575,-7.4921,5.6526,2.8637,3.6139,-8.8314,-8.3117,-5.1869,8.8183,4.1609,-5.8112,8.0978,1.5221,6.4659,-3.7719,3.7706,8.5356,-9.1348,8.1299,-1.7594,-6.6903,-6.0389,1.2017,-1.6914,-1.1783,6.9846,-2.5118,7.0222,-1.2198,7.8363,9.8243,2.1785,8.817,7.9784,-1.1139,0.1252,-2.7952,9.8853,-5.7349,-3.9216,1.9031,3.6061,-9.5859,4.6913,-7.7656,6.9607,-9.3927,3.101,0.0024,7.2726,-9.2425,3.158,-6.5686,-4.6113,6.6488,6.6514,2.9112,2.4405,4.0414,5.9524,8.9268,-5.3787,-5.0423,-7.8682,9.7192,-9.0045,4.5334,6.1042,1.9124,6.0286,-0.0511,-6.2065,-0.9289,2.3738,-3.7825,-8.913,-6.0935,9.3038,-4.6139,2.3895,0.8443,6.0777,-5.409,3.5228,3.8741,-1.62,1.3727,7.2415
-2.1257,4.3033,-3.9667,-1.1566,-7.0432,3.3676,4.5258,-2.4991,-4.4849,-9.5371,4.7208,3.0642,-8.5422,-8.5698,-7.9044,8.5283,3.528,-7.9059,4.8865,-4.7411,5.847,1.3404,-7.7082,-3.629,-2.4029,-7.1573,7.846,2.2053,-4.2916,0.7061,7.4072,-6.7658,5.9427,9.7,0.26,4.808,0.5834,-6.5736,-1.7531,3.8063,5.4282,6.0751,6.7712,7.8098,9.8576,0.5898,0.2004,-1.6354,1.4694,-4.9552,6.5894,-1.8232,6.0309,-5.0854,-4.7058,-1.5602,5.3884,-7.0946,-8.5625,-1.9335,2.891,2.3539,6.3705,-4.6193,-9.9953,-3.8389,-0.9068,4.4536,-8.1722,0.2116,-3.8037,6.485,-8.9082,7.2269,4.9982,-0.445,-4.1632,-6.2632,-9.0204,-6.9654,6.9477,9.3861,-6.5116,3.5496,2.0702,5.9899,-6.9996,9.8786,9.6519,1.6815,3.6346,0.6557,1.7544,5.9279,-7.096,-2.8692,-9.3441,9.0663,6.9218,6.1798,-5.14,-3.4649,9.8646,-5.8883,5.922,-2.075,0.1601,-7.3569,8.0213,6.1976,-8.0619,8.4182,-3.3155,-1.4655,8.387,6.0623,-6.8847,-0.5078,-1.7093,2.8961,0.3337,3.6094,3.0568,-1.6559,-5.4868,0.2828,-0.1658,-0.5712,-2.0946,5.7934,8.6509,-6.8985,-6.2299,8.1594,-5.5271,-6.1915,-0.4684,3.2168,9.2788,7.2211,2.037,-3.5647,-5.3977,-9.1483,-0.9417,8.3538,2.8342,7.6312,-6.6671,-0.1044,6.9829,-0.8884,-3.3409,-0.0594,4.8497,4.8158,7.7742,-6.9853,0.0186,-3.1215,-4.0354,-1.5942,6.9552,-5.9258,7.577,-4.1451,-1.8675,-6.7052,-4.0477,-7.267,-5.3463,-4.9368,-5.0951,6.8819,0.7577,-6.2541,9.8294,5.1499,6.0423,9.0151,2.0466,8.816,-4.8679,5.4276,1.3949,3.2569,6.4421,-1.5837,-9.1092,-1.5703,9.1608,2.6968,9.9081,-3.6933,8.7472,1.7425,-3.7803,2.4707,5.8361,-1.6887
8.6345,1.1126,-0.6003,6.4113,-7.1522,-7.4931,7.2396,2.8071,0.1658,8.5373,-2.2484,-1.895,2.7771,-2.6016,1.7092,-3.5628,1.5832,-0.5625,5.8251,2.3139,-3.1577,4.0525,0.3882,6.1808,6.9742,6.8129,-6.9243,-4.7552,-9.0468,0.3942,1.0188,-0.9038,1.7346,7.4519,4.3699,2.8164,-7.4285,0.81,-3.7123,4.2767,-3.6948,-6.9191,4.8042,-0.0917,6.8873,7.6408,4.2692,5.4377,-3.0149,-0.4704,-6.5412,-0.0982,1.2994,-8.9999,5.7021,-3.0483,0.3516,-2.8996,8.9289,2.5004,9.8892,-9.1469,6.9762,3.2639,5.6455,8.4657,8.4341,7.8596,9.5703,6.4337,-9.1368,-2.5522,8.567,-6.8508,3.2218,0.3641,7.8622,2.5978,-1.3731,1.2875,-6.6229,-9.8191,2.905,3.1369,-9.8597,-6.078,7.8046,-5.573,-3.1129,-7.0173,0.542,2.0345,-3.185,-4.2577,-4.2412,9.7638,-1.5849,5.1046,-0.755,3.8005,-9.1189,-3.3367,7.6468,9.3575,5.9908,-9.8754,-7.6249,7.3841,-8.8672,-2.0223,-3.2722,-7.6896,-3.6824,-6.478,4.9103,2.4096,0.124,7.0704,0.6749,8.8989,6.4126,5.6912,-5.5208,-1.5813,-3.8687,6.1198,-0.5465,7.4046,8.8201,-3.7558,9.8918,7.7298,7.4807,5.079,5.9361,0.44,2.3423,-5.4381,-7.6612,8.8962,-3.4344,-3.9594,4.3799,-0.2869,-9.1393,-1.3826,-0.1081,-9.9882,6.2738,0.1214,3.4977,-9.2197,5.2195,-4.1315,0.6697,4.1448,-3.6044,-0.0934,-2.0446,-7.9248,-4.8249,5.7444,-6.6767,-9.6511,-6.9982,-8.7323,0.3404,2.1823,5.1761,6.565,8.9996,8.2255,-6.24,-4.0196,6.2896,-8.8747,-8.8924,-2.412,-2.7078,4.2852,8.8798,-4.1245,-2.5022,7.7281,-2.5648,4.7449,7.5251,-1.0509,-6.3098,8.517,2.5624,-3.0965,-7.6323,2.7013,3.2359,-9.4888,1.0441,9.8389,2.4063,3.8156
3.4682,3.6103,8.9812,-7.9611,1.6975,-5.9731,-9.0924,2.9704,-2.1041,-2.0706,6.147,-5.9266,0.104,-7.2698,9.9383,-6.0863,-1.042,3.429,9.718,-6.6324,7.0444,-4.5516,2.6209,-7.4524,-2.7779,-7.5995,-4.3142,5.1887,-8.2882,5.7374,9.0267,-3.4036,8.2609,-1.4454,7.8933,-9.5325,-5.186,4.8893,0.9036,-5.5817,-1.3473,0.3372,-9.3751,4.1841,7.612,-3.0725,8.4965,9.1342,-3.2211,-3.0111,5.0205,7.1743,-6.3615,-6.1796,-2.6738,-0.1022,9.0309,-3.7497,0.8644,5.7914,7.06,1.681,-0.4518,-6.498,8.4482,-1.8988,3.139,0.5139,-8.0569,-3.0676,-7.8118,-0.3172,-9.4409,7.2544,8.173,1.325,0.5007,3.734,-8.4903,4.7228,5.2996,7.6432,-9.6279,-4.2451,-1.4626,-1.5961,-5.5223,-2.6136,4.5191,-4.6923,9.3043,-7.8499,-5.8569,-7.5892,-8.4093,9.7547,1.079,-7.8227,-2.1926,7.8126,7.8375,-1.6102,0.5166,4.2176,9.418,-7.4472,-1.2033,4.9995,5.7685,-0.7919,6.9782,-2.5111,-3.8672,-3.8832,8.4626,-6.1519,-2.3153,-9.3839,7.9747,-8.1525,9.5863,3.0003,-2.6196,-0.6175,1.7853,0.8934,9.0269,-6.7631,6.6268,-7.8715,3.393,4.6418,-6.8601,-8.9621,0.2953,1.3018,6.689,6.2754,6.4708,5.7912,3.6487,-3.0653,2.1238,7.6862,-7.0737,-9.501,7.9848,-4.9915,-5.5817,-8.1915,-3.9984,2.159,-6.1905,1.3277,7.3474,9.6155,-5.7782,9.8443,-1.9331,8.1967,3.9469,6.8454,8.2853,-6.9096,-9.058,9.4387,5.8745,-1.361,-5.9631,-4.645,-1.1034,4.0523,5.7214,8.8822,6.701,-2.7121,0.1465,5.6358,5.9532,-8.1114,-5.7664,-9.9331,-7.9806,-6.6703,-5.2073,-5.969,7.3793,-7.595,-0.5986,-9.4619,2.6998,6.8908,-0.8716,-4.2015,-5.7724,-7.992,0.9305,-4.9398,-8.899,5.8566
