2.9587,-7.4174,3.027,2.9083,-0.6187,9.1776,-4.5665,1.5166,-7.409,-2.2681,-4.6968,3.9178,5.2519,7.1856,-5.0364,2.9718,0.1326,0.7071,-5.5032,4.1693,2.4637,8.1317,2.009,3.8872,-3.1049,-6.2417,8.9401,2.0667,-0.4318,9.9709,-4.7027,4.1208,-5.4939,-1.1973,-2.4155,5.0864,-0.6507,-3.0731,-4.1613,6.7626,-5.8307,-0.8138,-1.5311,-0.5744,3.3463,7.7347,-6.8468,4.3323,-7.1418,-9.8669,-9.8415,7.9213,6.9266,-3.4801,2.9808,-7.0005,5.0818,9.9679,8.8934,2.6786,-1.0603,-2.6717,-4.4672,-8.2881,-5.8089,1.1729,-4.5637,4.5104,5.3558,-0.4672,8.1111,6.3056,-8.4446,6.0499,6.5957,-3.0679,-0.1402,-8.5977,-4.6816,9.0293,8.661,3.6583,-9.6338,-9.5215,1.9011,-5.395,3.034,-8.0823,9.7493,-7.7062,-3.2659,-8.0463,-2.319,-3.2714,2.914,7.1853,6.2043,4.6576,9.9564,-9.1279,5.791,-7.3938,2.1622,6.2233,3.2278,-7.7089,-6.3229,7.7401,8.2138,4.9291,-4.1284,-4.9907,-8.5583,-0.6424,-2.1077,-5.0986,3.0043,-5.8584,-8.2218,-1.3534,4.5412,-6.321,1.7568,-8.2517,-4.6264,6.6984,-7.0633,3.3237,-9.7144,0.9794,-5.1516,-5.5501,0.0854,9.7541,-5.3136,1.0357,-2.4178,3.8974,8.5925,-1.5538,8.1734,8.3376,7.4293,-5.0412,4.0295,-3.2323,-6.2134,-0.7715,-0.3737,2.9277,-3.5769,-8.3975,-4.2076,6.3708,7.2729,-8.6079,-5.9377,-8.7999,-0.0038,-6.5382,5.565,6.4385,-0.0493,-0.6924,0.727,-5.2022,3.8542,3.527,-7.1421,-3.8584,-0.4524,8.2292,-6.7458,-8.5476,-7.338,-5.3112,2.2066,-9.3861,-9.326,7.7863,-7.6162,-3.4444,-2.7879,5.8941,8.242,5.4291,0.0266,0.8262,-1.2283,9.6049,9.2207,5.2188,7.6169,1.0988,1.2578,4.8947,-2.9818,3.2297,-1.5426,8.4365
-2.8844,2.7236,-9.6073,1.639,5.5113,6.66,7.5494,0.102,1.7311,-3.6386,9.0705,2.6461,-4.877,7.8376,2.7422,3.6904,-7.4715,-9.5831,1.7497,-6.6357,3.7675,2.0777,-3.4766,-1.28,6.5865,3.5984,-3.7999,0.0328,-0.9164,-9.0341,-2.8304,-7.5599,-6.59,-3.2553,9.9133,1.8985,-3.8054,-6.713,-2.3706,-4.4955,7.4665,0.5309,8.6946,-3.4936,-7.4258,7.0537,2.7862,3.8278,-6.9056,-3.7226,-8.837,-4.5389,3.4583,6.1537,8.7154,-3.0784,-4.8019,7.0139,-2.8104,-1.7941,-5.6493,-8.9415,-6.1498,-6.3158,4.8408,2.7867,-8.6891,-9.6646,-0.5388,1.3446,3.4259,-3.9449,1.2399,2.1066,-9.3859,9.8172,8.9011,-2.4783,1.87,-2.4097,6.7789,-8.1905,-6.5078,4.5354,-5.0983,9.7333,6.7057,6.5887,-6.6453,-6.0043,6.2294,-1.5301,4.8997,2.5085,7.4048,5.9465,3.3934,2.7006,5.9626,-0.0837,0.4422,8.8197,5.8769,7.6272,3.4773,-2.4948,8.5016,-4.961,-3.6468,-5.4681,4.2893,1.7356,1.4797,4.0298,6.5649,-4.7801,5.2558,0.4251,7.8233,-9.2024,-5.3115,-6.4046,-8.8815,3.3692,5.8067,0.5191,6.6765,2.7682,2.9073,-5.3435,9.3108,-0.1178,9.2598,-1.9377,-0.9864,4.1566,6.0645,-5.316,9.8861,-9.2186,-8.9961,-7.7069,1.2795,2.7342,7.9944,-1.0185,5.6793,2.264,-1.7182,1.4728,-5.7051,5.2701,0.8374,6.4742,-2.6597,-6.1801,-0.3144,-0.1681,-3.6217,2.0879,-4.0066,1.8541,0.6493,-9.5675,3.3375,-1.8027,6.0454,4.5112,5.8133,-4.7336,4.9348,3.17,8.4008,3.0362,-7.7516,0.7779,2.8023,8.4058,-4.3679,-2.7767,6.4691,2.1956,-1.0876,4.4436,-9.4017,-2.2737,-1.7016,-8.2996,9.297,9.5693,1.9726,-3.3174,2.992,8.5408,7.4733,-3.5429,4.2314,-6.9207,3.4595,-5.2726
6.2174,3.9472,-9.7759,1.2319,-0.9482,8.7727,0.9682,-7.7609,5.8696,7.559,1.0884,7.5092,-3.7786,-4.1589,7.7051,-1.6507,9.8839,8.7081,0.7345,5.6882,5.9945,-2.8751,-0.7706,8.0625,0.1624,-3.981,-7.4423,-1.4703,-1.0038,-0.1295,5.0801,9.5551,-2.2123,6.1988,2.599,6.9964,-1.4873,-0.7054,-3.9615,4.0059,-4.4029,-1.8143,0.3159,6.4229,2.9732,0.7373,-8.4589,-8.6309,-2.8417,-9.5153,-5.4988,9.0176,-5.6711,5.9882,3.1796,-7.4902,-5.9193,-9.4002,-9.3957,7.7475,9.5933,8.5783,-2.9027,-8.5261,5.282,-4.2993,-6.1087,-0.8141,-8.3858,-9.5067,0.0815,2.5791,2.2024,-9.4952,-8.2599,-6.2859,-3.3216,4.5708,-9.4962,-6.2521,4.8827,-2.2211,-0.9095,-7.9371,-4.0583,-3.209,9.1568,1.1154,-7.3405,4.9756,8.5774,-9.2801,0.454,-1.9118,2.432,-7.8541,-6.9665,1.0609,-0.2579,3.9723,4.3787,6.4505,5.01,8.9216,1.9658,5.4316,8.2829,-0.4649,-7.6297,6.7794,-7.6352,-3.325,5.6755,-5.7962,-5.7359,6.5564,-3.1933,0.1956,-4.7599,-2.6975,5.6509,7.2303,-0.6137,0.015,3.626,-4.3342,5.1345,8.9151,-6.5728,-2.6634,-7.3473,-7.8043,1.7878,-4.4072,-4.7778,-2.112,3.8223,-4.108,0.6167,6.1333,-8.5719,-6.3558,0.5636,-4.514,8.8149,-8.5859,-3.4204,-9.8935,-9.8906,-8.6438,-1.8158,-3.3287,-1.537,-2.6849,-8.4993,2.1191,-3.4344,0.7217,6.0229,8.2128,7.4601,-2.6766,-6.4705,1.1886,7.4409,6.1145,-0.8683,5.4991,-6.2903,-9.4902,8.269,8.9891,4.5262,-3.2526,-8.3221,-9.3038,-9.514,-4.1311,-4.6099,-4.8371,7.7124,-6.5311,-7.6391,-1.9078,5.5931,-0.5521,3.3166,3.0487,-6.9447,4.8207,-7.5894,4.2556,8.4683,-7.6843,-7.4712,9.7623,9.4292,-0.2631,-6.993,2.7659
0.534,-2.2221,4.6196,-5.2211,5.5623,2.9937,-7.6735,-1.4555,0.359,-0.4334,-0.6312,5.8178,0.8185,-5.5123,1.7223,-4.1643,-6.0939,9.8936,2.6585,-3.3815,-4.5744,-1.7148,5.4649,5.262,1.2603,6.4145,0.5662,5.934,6.0326,1.2523,-6.3376,4.6979,6.6763,0.6291,4.1628,-0.2232,-9.8701,5.6234,-0.9659,9.2813,-9.4296,7.3732,-7.2649,-8.3922,-1.8888,-6.3698,3.112,2.127,6.7297,7.003,-4.1528,5.4535,8.813,-3.5888,-2.8381,-6.9438,9.9176,9.0748,4.1761,-9.5249,0.2593,7.4551,-8.2203,-1.595,-8.1434,7.9151,2.6942,2.4038,-3.6646,-1.8442,5.1361,-8.221,3.9446,-0.0612,-1.6586,2.6683,-9.6492,0.6258,1.3489,-7.7639,-7.6581,-2.3007,8.4417,2.1926,1.1839,9.4797,0.7768,-9.4779,6.7355,9.1332,9.4088,-5.7742,0.8658,-1.8722,-1.1795,-3.5767,-9.445,-5.9773,-8.237,-0.2835,-6.3473,0.0314,-5.997,3.6325,8.3822,1.665,-7.9223,-6.8463,6.361,-1.678,3.6289,3.535,-5.7375,-4.1484,4.3934,-9.762,-0.2064,-7.3074,0.225,-0.2373,1.0731,-2.9427,-5.415,-0.5976,-0.6788,-0.6622,0.6731,-0.3316,-3.1696,-4.2752,4.6818,0.8644,-7.8053,-5.8652,-0.6585,-9.3633,-7.4825,-7.2806,7.3645,-2.3706,7.2307,-2.6799,4.1407,0.4402,-5.4214,8.0471,7.5171,4.9673,3.2791,-1.1377,-7.3373,-1.5912,4.5106,-0.4061,9.6539,2.5891,-6.7732,-8.4353,-5.7023,0.8143,9.337,9.7626,5.2704,-5.1558,9.8544,8.7725,3.035,-9.6851,-4.9999,-0.2864,-4.0464,2.2557,1.4101,9.6541,-1.2552,-9.4102,-8.9961,-6.8373,-4.9764,3.401,3.5548,6.861,-9.9037,3.5679,1.2283,-4.8673,1.9759,-7.0697,-9.5891,-0.5314,2.7519,1.023,5.7921,-5.2882,-3.1576,1.7727,-2.2452,5.5248,-9.7521,5.4002
6.2673,4.0153,0.9926,-5.112,-7.0789,7.8441,9.9934,-6.7018,-2.3566,-5.4237,-5.8998,4.0621,8.7164,-2.0329,6.8157,7.4887,3.7607,5.5814,-8.2073,5.8222,-7.0058,4.4871,9.117,-4.3083,-0.3982,-0.5713,-6.2083,-9.6228,5.2587,7.8196,-4.633,3.4483,2.2412,-3.5093,-4.5362,7.4051,-2.0516,9.9418,6.6376,6.6873,-5.6451,-1.703,-7.5615,-2.4733,9.9596,2.6474,-3.2878,-4.1581,-5.7257,-7.7898,-6.6117,-2.6734,-1.4283,-2.3555,-6.9526,-4.3993,-1.1168,-8.3176,-8.9965,5.879,-6.0044,-3.9357,-7.9954,-6.3086,6.7305,8.4806,-1.7578,-5.7462,3.9005,-5.9205,3.6206,3.7157,5.997,-4.9133,-3.5869,-4.9627,2.7856,9.5205,-1.6009,-3.2666,1.6013,-2.9287,-7.7633,-0.0991,1.7204,-1.3516,5.2943,3.5557,-0.8089,8.9874,1.7388,-2.7998,-2.4996,-9.5637,3.4319,4.9015,-5.5396,5.3667,3.5509,-8.9095,-4.6863,9.999,-9.8409,8.4051,6.3461,4.5511,1.1316,-4.9231,-6.7288,-8.8562,1.2305,7.6081,-6.9507,-5.2031,-7.02,2.4583,5.2504,6.8196,-5.2668,4.0125,-0.9947,9.7898,4.0562,-7.9471,-3.914,3.5467,3.9657,-2.1581,-4.0491,-4.8851,-3.5358,-8.2538,-2.7078,-6.7426,-5.5924,-5.3845,-6.555,0.0524,3.2588,7.4008,0.474,-8.9477,-3.4201,0.6069,4.3361,-5.4473,5.1171,4.6984,4.9739,3.3062,-5.3538,1.7263,-4.4745,8.3245,-8.9578,3.5391,7.4207,-3.3017,-4.9296,-7.7646,0.3638,-6.223,1.782,1.4489,-7.4066,3.8351,8.3471,8.6217,-7.0207,6.4642,4.9538,9.2266,-5.0724,1.524,0.7185,6.5704,-8.486,0.4499,-0.992,9.6819,6.4213,9.1106,3.9048,-5.2231,3.2649,6.6927,-4.0991,1.6645,-7.9673,-7.0709,-2.0344,0.3788,-1.4312,-9.257,6.131,-4.0745,8.2691,-5.25,3.2884,-0.8597
-9.5896,2.1872,-9.3664,-8.9229,3.2285,-0.0548,7.6457,-0.9398,9.741,-9.587,8.4394,-5.6098,-6.2114,-0.2858,3.0432,2.4882,-2.9297,2.2968,-0.9796,-5.8354,-9.2629,3.0657,1.9957,0.0741,-0.9627,0.0839,-7.7435,3.6293,7.205,-7.7112,5.4079,-1.6245,5.7649,0.0853,-5.5698,-1.7815,-7.558,-9.655,-9.3885,9.2023,9.7991,-9.2104,-6.2039,-0.2516,2.8983,-6.5523,-5.7477,0.2815,-9.0101,0.6714,7.6609,9.7398,0.8183,-2.5943,5.3762,8.0382,-0.3365,6.9063,-1.46,-0.998,1.5546,-1.3534,-4.9753,7.4843,9.0872,0.896,5.7786,-5.4525,3.8744,-3.8359,-6.5566,-0.2534,-9.3865,-4.171,-5.5183,-0.0688,-0.0781,3.6217,-7.5686,-1.1765,-9.1042,6.0169,7.8573,9.8133,0.3869,6.9776,-0.8175,-5.9398,6.7796,-9.0694,1.8812,8.7276,-4.5743,-4.9518,-7.9031,0.0648,2.7416,0.2084,-3.2368,-1.4102,6.6754,8.8779,-3.4859,2.7403,6.4938,2.6811,7.7743,3.2796,-5.0605,2.0628,1.1721,-3.2264,-8.3755,6.6463,5.8464,-9.4297,4.5083,3.1156,-2.7221,5.7947,6.5774,7.2237,-8.4569,-2.446,-9.3946,4.611,-1.5665,4.9878,5.8821,-8.6778,8.8763,-0.0598,9.3436,-7.2746,-2.9875,-0.834,8.801,-7.8988,0.9616,-7.3433,-5.5283,2.1526,-4.3931,-4.2665,3.3995,6.1662,-9.3188,-5.5094,0.5354,8.1886,-2.5817,-4.2244,-8.1185,-5.8089,-0.0583,-4.1224,1.877,-3.9626,-5.2324,2.8878,4.5204,8.3912,1.3111,8.9526,-5.6729,0.5737,-0.7698,3.8559,-5.3671,-7.3953,-1.2273,3.616,4.3598,3.481,2.9557,-6.8015,5.833,1.205,-8.6353,-4.8969,-4.6812,-7.3434,-7.1783,7.8256,-1.0063,-1.714,6.202,-2.719,-3.6397,-5.8874,-8.2497,-6.0239,6.3721,1.2783,1.7681,-2.6478,-0.1684,3.1783,-1.6721,-3.3765
-4.9708,-5.7689,1.411,-8.5541,-6.8003,1.831,6.137,-4.7003,-9.8102,3.3643,-9.1935,-3.3602,-1.0061,5.1158,5.4584,-1.6548,7.4754,-2.3532,-0.5111,-2.0704,2.3826,-1.9328,8.632,6.8117,-2.2117,-9.5187,0.9193,-5.1544,-3.5959,-0.8229,6.0932,4.9582,1.1515,4.5641,-3.8562,-0.1432,-8.5781,-8.9503,-6.7879,5.0211,8.4422,2.3441,-9.1886,2.4637,-4.4945,7.5795,4.6165,-2.7697,-1.1893,4.3722,8.5689,-4.0332,5.4109,3.7615,-5.2127,-5.0032,-5.7332,-6.5284,-3.7884,-7.417,-4.9645,-2.7801,1.1279,-1.2773,-3.6442,-7.6728,1.2169,6.8023,2.294,1.3381,-2.3365,0.6238,3.4179,-4.1898,9.0689,-9.5632,-3.2954,9.6416,6.2142,-8.8847,-2.7889,3.751,1.0188,8.6865,5.7794,3.1919,2.1036,9.9692,0.0421,-9.9004,4.8491,0.4802,6.8555,-0.9927,-6.7493,3.1192,8.2992,-8.1894,-6.3672,-5.4301,-7.1853,1.2577,-8.4707,9.6918,-6.6231,-9.0049,-3.3178,-0.4777,6.5016,2.3351,9.6702,-2.0019,-8.1272,8.2184,1.4837,0.2184,-0.9808,-6.2448,-2.6431,-3.489,-2.857,-4.4819,0.0107,5.0168,9.2013,-7.65,7.5408,-3.1087,0.3737,-7.6856,-7.2557,6.3079,0.2757,-5.173,8.4678,7.2527,-2.4257,-5.9566,-2.9032,3.8586,-3.467,-0.4909,8.9883,8.8512,-0.9267,7.9916,-2.2872,-0.362,-5.7504,-5.0609,3.9042,5.5829,1.4142,2.8029,-3.7762,8.0223,3.8422,7.3971,5.4459,-0.6275,3.4662,-7.2113,-2.6904,1.9831,-6.5347,6.4244,-2.4384,8.3524,6.532,-4.593,-9.8152,-8.6625,-8.4079,-4.1657,-9.5809,-0.6764,1.6634,5.6638,7.814,-9.4654,9.6811,1.4422,3.0372,-5.5013,-0.4997,-3.1154,-1.9243,-2.6663,-6.714,-3.4136,4.7861,-4.5652,4.8474,-0.697,9.4506,-2.7836,9.2773,-8.9945,-8.033,-4.8028
7.6364,4.6641,-4.5242,-9.8505,6.4041,7.0659,-4.7895,-9.5243,9.419,-2.5564,-5.4484,9.3437,4.8496,-6.6477,-0.8447,-1.5678,-2.1686,3.4868,-7.4102,-1.1822,0.7856,2.455,-6.994,6.6299,1.1312,9.1719,-2.654,8.3,-8.0601,9.4206,5.5412,-1.3108,-8.4833,6.1041,-1.5641,2.6634,-1.2271,-5.4664,-8.424,9.7589,-4.9065,-0.979,1.4204,5.6088,-4.5217,5.341,-7.4965,6.349,8.0772,8.0648,-9.1453,-0.0393,7.8001,5.8543,7.6166,4.312,7.0339,-8.799,-6.0452,4.4766,6.2775,-6.3422,6.0932,-5.4313,3.2866,0.3546,5.3863,-1.3423,-5.938,6.4477,8.5343,2.4841,7.2936,-9.5597,0.9069,-2.2906,4.2294,-3.4256,-9.7284,-0.548,1.8891,3.5569,6.6585,9.9966,5.2498,-3.8902,8.8051,3.5634,7.8937,-1.686,-7.1601,3.6351,-7.2869,7.4016,2.8357,-1.1476,-7.4288,-4.3756,-4.3464,-9.0772,-7.077,2.1707,-9.2364,-0.5212,1.9112,-5.0682,9.9025,-0.8472,5.0796,-5.5502,-9.3173,-8.5362,-4.1508,-3.9194,-6.1645,-3.3055,-7.5676,7.7268,-3.9124,4.6248,8.2857,8.7187,1.3209,-3.474,8.1243,9.448,5.0529,1.5717,-6.6745,2.5363,-5.2965,-6.4331,-1.9881,-2.004,0.1587,-2.3011,-9.2397,-0.3678,-3.9822,1.8192,-1.6176,-1.9064,7.1177,4.8229,5.8356,2.6871,7.6011,2.6306,-9.4233,0.0509,1.491,7.8255,0.3158,-5.273,-0.9915,-1.5443,1.1373,-4.704,-3.4011,9.2177,-0.2332,6.9636,9.2304,6.1997,-2.0912,-6.0343,6.085,2.3144,-3.638,6.1735,1.5124,5.6179,0.143,2.2503,-2.6984,-3.082,4.4134,-2.3497,-1.888,-4.0376,5.9327,6.5585,-6.8551,3.7258,-5.0881,-5.1247,-6.1896,-5.5585,-2.0878,-4.1426,-5.871,2.5588,5.8976,-1.342,-9.8453,1.9755,6.5824,2.2694,6.9073,-9.7682
-5.5297,3.027,-2.48,-6.0501,8.3026,-1.9285,6.8836,9.3141,-9.4572,8.9575,4.4064,5.5355,-6.2944,-6.4696,-0.5346,-6.9455,4.3406,8.0533,9.0255,-3.9343,0.3405,-6.2098,-3.2727,-4.4688,0.3214,-4.7101,-9.6394,-4.6928,-7.2977,-9.2113,-0.5572,2.8259,8.1021,-5.8783,-8.4817,4.5626,0.3485,8.2988,-0.6663,7.3574,-8.6991,9.8804,-1.7558,7.3411,-9.2695,-6.2515,1.7617,-9.6958,1.1857,-4.5829,0.6037,4.9748,2.5354,4.902,-3.0563,4.3316,0.74,0.1655,2.5235,0.0757,-1.0731,-3.6789,2.0333,-4.0737,-9.9919,-8.7497,7.588,6.9269,9.1502,-1.0601,-4.5752,9.9734,2.1664,8.162,-2.854,5.4516,5.5938,3.1601,-5.1461,6.6357,-0.6133,5.0816,0.8454,-7.8708,-1.2531,-2.421,8.5348,6.7394,-3.6574,2.2056,-1.172,3.124,-1.3248,-1.8529,5.5508,8.9974,-9.0928,-9.5685,0.4453,4.4488,8.3213,-4.1754,-0.462,6.5385,-3.173,-8.6864,6.9512,-4.6653,9.7655,-4.9365,2.5499,8.5857,-4.7662,-1.474,-1.4022,0.6342,-2.614,0.6666,2.5608,-3.9356,2.4571,-5.8559,-4.7883,-8.4339,7.2041,-1.4292,-4.1657,3.4194,-2.7416,-0.0939,-2.6599,-4.5696,9.396,-9.8101,-3.5344,3.3015,-0.7609,-0.0725,1.6477,5.2473,-7.9512,-8.7976,-3.3249,-0.8593,6.3537,-9.7644,2.6202,-3.2758,-1.0188,1.3717,-5.6385,-5.8824,5.3953,6.6397,-4.7659,2.5883,0.3226,1.9204,7.2759,1.9582,7.1801,-0.5563,-8.736,-6.8184,2.9192,-2.4153,-0.5784,4.8464,2.4887,4.68,-9.2584,8.5907,-2.7066,4.2176,-1.6914,-5.7996,0.9947,-8.269,-9.0433,-4.4312,-1.4456,-5.0894,9.8014,-9.4373,7.3654,-1.5261,5.1114,8.1805,1.7574,-0.0323,2.6039,9.4616,-8.3806,1.3159,-0.3515,6.3874,-7.8887,2.8213,-3.9893,5.2195
-8.6799,6.7871,-9.9912,7.6905,-0.3461,8.5019,-9.8171,8.4282,0.8655,-8.6737,9.704,-4.3798,-6.3171,-8.6525,0.347,3.5173,-3.9926,3.8978,6.8967,-0.917,9.2925,-7.8666,4.5804,4.732,1.1459,-7.2089,0.8752,-6.6953,-8.2984,0.8171,2.1453,6.0597,-5.9092,8.6413,1.4201,2.8997,-6.6567,6.015,3.1501,-6.3016,0.0285,-2.2784,9.9611,9.6868,1.8236,-2.2869,-0.4663,-4.6929,5.4683,0.0656,1.1322,-9.0957,-8.2974,-5.7077,-1.2363,-1.2423,6.9887,5.5904,2.6883,-9.3706,1.0274,9.6977,-0.0248,1.0355,-9.0574,-4.7563,2.1125,7.2968,5.2243,6.7279,5.8323,2.5197,0.6376,-2.8333,6.1771,-1.3065,0.8005,9.978,-4.341,-1.5209,-8.3777,-3.2758,7.9056,-4.6174,6.7238,0.7364,0.8435,9.6524,-0.6598,-3.9182,2.882,0.0377,-0.5034,7.8495,4.7507,-1.6501,-6.362,-8.5449,-5.0423,9.5208,-7.6886,9.9509,2.6903,-0.1746,6.9708,-3.9506,-8.9011,-6.4586,6.0016,1.6062,-0.6187,5.1638,-0.3927,-0.5618,8.3297,1.4331,2.9845,2.7164,-4.4963,9.968,-9.1816,-3.6367,-3.1167,9.5847,1.9906,-2.5051,-3.606,-8.2347,-9.3466,-6.8593,-0.7956,-4.2273,9.6939,-4.4399,6.6897,7.0581,-5.6862,-5.4637,4.2502,9.2424,0.6164,-2.4776,-9.3868,5.7944,-4.889,-6.0199,-5.7422,3.4368,-1.7623,6.1761,-8.1738,3.7328,7.3667,7.0426,-6.628,1.963,9.0956,5.9765,7.2319,8.5672,-7.7505,-6.3184,5.9089,5.8694,-7.9681,7.1659,-3.8205,8.483,-8.7604,2.1305,9.6856,1.7737,-7.703,-8.2042,1.4505,4.5406,6.0046,1.6449,-3.9063,-7.9741,3.1547,1.1123,-4.835,9.0097,1.3303,5.6431,2.1363,-6.901,8.6175,1.5159,2.9697,0.3361,5.4212,8.874,-3.4012,7.0142,-7.6474,-1.4803,7.9319,1.6623
-9.2255,-2.6595,4.3866,-3.5052,-5.1796,6.032,-5.0659,-5.9246,3.8835,3.8492,-9.969,1.2414,-8.7337,8.1947,4.7661,4.6937,4.8044,-6.2918,-7.8785,-1.0251,3.9885,9.8584,-4.4298,8.1708,-8.4626,-3.9823,-1.7848,-2.925,6.6671,-1.2668,5.3704,7.674,0.1234,-2.3176,-9.9535,4.5835,9.2465,-5.2346,8.7239,9.6207,3.2532,2.7339,6.7994,9.4749,2.4783,-9.5493,5.2026,-4.0192,0.1846,2.4768,-2.6094,-7.6269,0.8425,-0.4587,9.5349,-8.4297,7.3706,-0.1142,-5.7953,-4.1071,-9.8278,0.8318,8.4689,5.0386,-4.1857,-2.9247,-4.0626,-7.4798,-6.8294,4.3302,1.6505,-4.2312,-4.7455,4.4789,-8.0949,-5.6639,-2.9413,7.5041,6.3595,-8.3473,1.119,6.7295,0.8932,-0.7477,7.8455,4.6852,0.1791,-6.4899,-6.4392,-5.2646,1.7263,0.9427,2.6628,-6.0536,0.3741,2.2052,7.1526,-4.4892,-4.4375,9.8558,-8.7533,-0.2359,8.5702,0.9905,1.6037,-4.6343,4.6897,9.236,-0.686,7.3135,-9.3057,6.8293,9.1554,7.0025,-8.2488,2.7258,-8.5103,-8.6451,-8.4535,-7.1418,0.7203,4.9325,-6.7415,-9.8674,-1.4708,-1.4917,-1.2372,1.1456,9.4338,-4.3448,1.4034,6.8628,-1.3007,-9.7023,-2.964,4.0705,-6.2643,3.3299,-8.9592,3.4233,0.0006,4.0521,-9.444,9.0413,1.604,3.3725,6.3077,-9.0139,-6.801,-6.8458,-6.8519,-8.255,8.4004,-3.0313,-7.7265,4.246,-2.667,-5.8892,8.5742,6.9507,1.8368,-0.0494,-7.9527,-0.3789,-1.7429,0.074,-1.9006,0.6375,1.4041,-8.3094,-5.8074,-0.8538,8.0634,8.7874,1.3483,1.4576,0.647,-4.1794,-0.8801,1.398,7.3241,-3.1065,-5.8256,-7.0282,-3.6627,0.1103,9.695,-6.0882,-9.0227,-4.5797,2.2011,9.0865,3.5195,5.7302,2.3622,9.2679,1.7499,3.5602,9.6734,1.1555
-5.2626,8.99,1.0229,6.1562,-1.9485,9.2129,5.7604,2.6798,5.3119,6.3844,7.0901,1.1082,4.0567,9.3765,1.4478,-9.8275,-9.7684,5.4032,-9.0791,3.6537,7.8192,1.2158,-5.3413,8.5729,0.1166,-6.4239,-1.7482,5.3404,1.5086,1.2239,-9.1716,-1.6031,3.7419,-6.5921,9.633,-9.462,-4.7471,-9.2953,-4.8827,-3.7869,-0.3974,7.2699,-3.9945,-5.9584,-5.9201,-8.3021,-7.0297,-4.0612,-5.3885,-8.4415,9.179,-8.4521,4.7502,-4.6816,1.0586,-9.9716,-9.855,-3.2606,4.0794,9.4491,-0.9597,3.6012,1.3379,8.7881,1.2282,-4.5102,4.1042,7.1977,6.9681,6.0358,-8.1572,-0.6986,-1.4224,9.6896,-7.0519,-0.8186,4.616,-8.7105,7.8651,4.1326,-7.2687,3.7051,2.7322,-7.5787,9.2924,0.1455,0.7077,3.6771,-5.9792,1.8774,-3.4806,7.5986,7.9187,5.1305,-6.6065,-0.575,9.2521,-2.7664,-3.5086,-5.6291,-8.5599,-8.4824,-6.5033,-1.7682,1.2324,0.5988,-1.4709,7.387,6.5516,-2.1577,0.1825,7.7123,-6.2529,-2.942,1.9901,-1.0696,1.1571,-9.1925,-0.2019,9.1508,8.8171,3.9023,8.6835,5.1418,-6.231,3.7347,9.8027,3.099,6.1136,3.895,-9.2549,-9.6302,4.9193,-3.8794,-0.3853,-3.4158,-6.0343,-3.8983,-1.2464,-4.151,9.3145,8.8864,-7.8196,-5.2702,-7.5729,1.8617,0.9005,-7.4396,2.9889,-2.9451,-0.6094,4.5093,-9.4438,7.7286,-7.7377,0.8317,8.8579,9.0716,4.9911,2.7491,0.1246,-6.82,-0.2058,-3.3218,8.1616,-9.724,2.069,6.7616,-9.0878,1.5369,0.8438,-8.8815,4.0893,-1.6871,-1.1273,-8.9326,-2.1413,-7.9764,4.3576,5.632,-6.72,-7.7217,9.3904,-1.0059,4.7583,-5.4353,-6.7612,-3.8229,4.9337,0.5769,6.7008,-9.7921,0.9949,-1.4596,-6.7492,-2.8504,-0.1888,-2.2921,8.1713,-2.5944
7.4939,1.6804,6.3456,1.8237,5.5822,-5.664,-8.1128,2.2847,-4.8292,-0.6708,-5.1729,2.8167,4.5067,0.0786,-2.6987,2.2158,6.8919,-3.9838,-7.3234,1.4762,-1.2448,0.8587,-0.8748,2.1404,9.0485,-5.6762,-5.1477,9.9613,9.5854,-0.7717,-0.3591,1.3085,1.1282,4.5183,0.5028,4.7007,5.3621,-3.1183,3.8499,0.8477,9.1266,0.8328,5.6148,-7.7341,2.8849,-7.7494,3.4064,-3.4684,2.6962,-1.3159,6.3843,-7.5458,-5.1327,-1.5133,-2.9973,-8.175,-1.3789,1.4824,4.6734,-6.0285,-4.3341,-1.0217,6.7839,-2.4817,4.5132,7.6748,-6.3145,2.8537,-6.4767,5.9903,-2.7722,2.4042,8.5265,-5.0153,2.7079,0.8748,3.2236,-7.9628,-7.9556,6.9093,-4.2633,3.6135,3.8625,-6.2651,-1.9509,-7.6717,-7.8281,7.7139,2.9853,-3.4628,1.18,2.3857,-9.6185,-3.1184,1.4427,-2.9401,-4.1432,-0.6476,4.6485,4.7734,1.8578,5.3735,-7.1488,-6.8336,5.211,-4.533,-6.0066,-7.6988,-1.239,0.8671,-4.3381,-2.8492,9.3313,-4.846,-1.7721,-2.6845,1.387,6.5065,8.2383,-1.8903,-1.6454,1.4819,7.7115,-8.3988,9.4525,5.3625,-0.8457,2.2404,9.2596,-5.9908,8.8358,-6.2644,9.2503,-9.7147,4.1746,-9.3889,-0.7622,-9.8629,-9.1467,5.821,8.4005,4.2488,6.8133,-6.8892,1.9707,-0.0469,7.1321,1.1169,8.3183,8.1851,-3.1308,4.9143,7.6945,-2.6878,5.4911,-9.9893,-1.4617,2.742,-2.7081,7.6711,3.0455,0.725,7.3108,4.9956,-5.1303,6.038,0.2713,-5.8936,9.5321,-1.9981,-9.2855,8.4227,-7.4601,-0.8827,0.3593,5.2081,-8.4352,4.9727,4.0286,-3.8941,5.8657,-6.3634,9.3289,8.6718,3.2133,-3.1581,-1.5403,5.2542,-5.8452,-3.7645,-1.163,5.6547,-7.1089,-7.6843,8.0709,9.3232,0.7126,4.2226,-6.1288,7.3274
7.3461,-6.9314,4.8196,-5.836,-0.9939,-3.385,7.4166,-0.7002,6.4357,2.15,-0.2669,3.4338,-9.9358,0.8304,-6.1887,5.6743,7.3252,4.9472,8.7786,-7.125,-5.6421,4.2475,-7.2599,0.2059,3.6741,-5.8069,-1.9682,6.2149,-2.7455,3.8159,9.0544,5.2703,5.8866,-3.7081,-6.6397,4.8325,-1.09,3.8713,-3.887,-5.8289,0.0387,-7.6897,1.2993,-5.1114,-7.0076,-0.3979,1.7959,5.8844,-4.3043,1.4941,1.6247,-6.6702,-9.6019,2.1285,0.7659,8.9399,1.966,-5.9968,4.8745,-9.5648,4.0847,6.2524,-6.5949,-4.5074,-8.0738,-6.0593,-4.9568,-4.4025,-0.86,8.8998,-8.5326,-3.1819,-5.6272,5.0731,8.6942,-1.3296,8.0166,7.146,-2.8517,-7.9542,9.3915,6.1925,4.3756,-1.1596,-5.7826,-3.2745,-0.8086,2.5617,-7.7385,4.3093,4.5484,9.7859,5.5737,9.7968,-8.724,8.5736,5.9556,1.3283,-2.9367,-7.1091,-8.6264,-2.8011,-1.7986,5.1515,-4.8913,-4.4162,-6.3101,9.0249,-7.0121,0.5012,-2.8223,1.3577,-9.8166,7.2157,-1.9366,-4.782,-3.7426,9.3559,-2.6256,-0.5936,7.2785,9.9088,9.4618,-7.3088,1.1576,1.9752,5.6584,-0.3059,-0.5729,-2.8123,4.6139,3.0811,9.6832,1.7363,8.3785,9.3474,-9.2553,-9.2447,9.6366,1.9892,-4.3361,-1.1701,-1.1287,-7.919,8.2141,-3.5748,0.9796,7.3907,7.789,-6.2609,-6.6125,-7.2389,-5.321,-3.607,4.554,-6.9622,-5.6598,-2.4467,-9.5331,-4.9603,-0.7119,1.1329,2.6871,-2.1518,1.2511,7.1903,4.5104,1.4943,5.532,-4.1353,9.1372,3.7936,3.4346,5.7068,-9.9215,-7.1728,1.4636,2.1561,7.9405,0.6454,-4.6345,-0.2159,-3.6897,3.6073,2.2404,-6.2107,-2.5754,3.5351,8.8849,-2.0854,4.4425,-1.5626,-2.3864,2.6617,9.2079,-3.5624,-1.1236,-8.921,2.5906,-2.492
-7.6064,2.3957,3.6004,-7.5281,1.9896,6.8803,0.8298,5.9315,-0.1523,-5.354,-6.9117,-5.3934,2.8294,-4.1633,0.9367,6.0741,-8.0256,-7.6548,4.7301,-9.3976,-5.8611,-1.3595,9.3483,0.4798,-7.1497,1.671,-2.4719,-8.8364,0.0782,2.7156,9.2088,4.51,5.6114,8.2385,-3.5302,1.3097,9.4263,1.0578,-7.3874,9.1637,-2.9431,-4.9573,2.61,-2.9499,-1.7738,-5.6864,-9.2432,-8.542,-4.4601,-1.5431,6.5313,-5.7131,3.087,8.5201,-1.8718,9.5772,2.7495,9.1407,-4.1009,3.1003,-6.8233,8.2685,-3.2457,-6.8275,0.5865,-6.6531,-4.3988,-2.3683,-7.062,-9.193,-2.5018,-5.8546,3.4276,-9.9956,2.9549,0.8674,0.4661,0.1536,0.845,0.1317,-1.0727,-3.2038,-2.7379,-8.0595,-2.1149,-0.1926,5.2662,-1.2359,5.3988,5.5859,-3.4644,-0.0785,-3.482,-8.551,7.095,6.4103,-8.304,3.0915,6.9037,-9.2002,-2.1875,-5.118,-0.4977,-6.9221,-9.3211,-9.5801,8.9741,-8.6586,-5.6381,2.5208,2.7707,-8.0829,0.9098,-0.8283,-5.5256,6.1069,9.3124,-4.1109,-5.8809,-2.7175,7.6593,5.3177,5.0248,8.0578,-5.353,7.2712,8.3464,3.9259,-1.8639,8.1576,-9.285,-4.3229,-8.0825,-2.3273,4.8213,-1.9676,1.1707,-1.7349,-9.3392,-8.7272,-9.1016,6.1938,-8.3333,-3.3544,1.1287,0.7092,2.3063,0.5135,-0.1354,3.4043,-4.1616,-0.8748,-1.3617,-2.9065,9.9363,8.0594,3.5052,4.7941,7.4511,-2.8264,0.5946,-2.9243,7.8393,2.1546,1.2257,-0.9714,1.4496,-4.1998,0.293,-5.8788,-5.168,-6.3844,-6.0802,-0.4556,-8.826,-3.3671,-0.4166,-7.0097,-2.8904,0.9145,8.1134,-3.5481,-9.8985,3.4878,9.1782,9.7697,-0.7407,-6.4801,3.4755,6.1475,1.1273,-2.97,-3.3235,-1.1703,-5.9194,-1.502,6.4652,1.1049,-4.8964,3.9982
-3.0073,-6.257,-8.9994,7.3345,1.2431,-9.4043,-0.1076,-4.2983,-4.7767,8.4797,9.136,4.7779,-5.0359,-8.0186,-8.9089,-9.0331,9.4539,-6.5108,4.6219,-3.7264,5.2945,6.3283,-4.7374,-3.239,-0.0959,-8.9632,-9.5171,6.3092,-0.8802,-0.0335,2.1493,-3.4217,5.2476,-9.5458,-7.4517,8.5572,7.5268,-8.4674,1.0843,4.6638,-4.8564,-9.6809,3.1942,5.495,4.6451,-6.61,1.3361,-5.447,2.2897,-0.3573,1.401,-3.7068,0.5397,0.3076,-6.5664,-9.6189,3.1835,-5.1241,0.6177,-9.6417,-4.6538,-9.1906,-4.1107,4.5995,2.543,-6.7102,-7.5746,-7.6391,6.9903,-4.3059,9.9057,1.0957,9.9764,-5.1851,8.9774,8.4547,-6.5847,9.7229,-2.9991,-7.0493,-2.7061,-8.3678,1.9476,1.9935,-3.3591,-3.7183,-9.2813,3.317,-4.9888,-0.5343,0.1252,5.7526,2.6638,9.4134,2.6411,-2.8556,7.3959,0.3178,-6.2468,1.3018,-7.5445,-3.0943,-9.3898,-8.4344,-5.6298,2.4395,-0.1351,-1.3404,1.4245,-6.0906,3.6457,0.8838,-7.2109,1.0819,-7.7449,3.4857,-5.4818,-9.0224,-6.2491,-0.3411,4.2321,-2.5852,-2.6904,-1.2128,7.3288,6.0119,8.5342,5.7119,-1.0948,1.4387,1.0343,9.7702,4.7496,0.6699,2.9128,9.1628,-6.1824,8.8559,-2.9446,-3.031,-5.5069,-2.9162,0.1205,-6.5829,-6.6259,-4.2404,-9.8442,2.9266,-5.9748,7.4621,-2.4309,-0.9036,8.5602,-9.4938,4.1479,0.1163,2.7311,9.4011,-7.4101,3.5043,4.0883,-0.9356,-6.4096,-6.5588,-1.5944,3.5035,0.9988,-7.9412,-8.9361,-2.5849,-7.7579,-7.1982,3.5898,-0.4912,2.962,-3.053,-8.114,-8.7087,-9.6647,7.2612,9.2903,-7.0018,8.9228,-4.7291,2.8986,-2.4064,2.3738,6.8595,7.2144,7.3798,-4.7074,5.5373,-3.0152,-6.3932,-3.831,-3.0385,1.2695,2.3449,-2.0239,6.5456
-8.9335,7.3442,4.6007,-2.7197,2.3174,-1.3871,-7.8336,9.2763,-2.9365,6.8419,5.5745,5.191,-9.2924,6.6737,-0.4408,7.486,-2.1748,2.975,-3.9896,4.4557,9.8372,-3.5873,-3.3534,4.9028,-0.3543,-4.4029,9.4015,-8.6719,7.4867,-8.9652,2.8954,-2.919,3.5827,3.2448,-4.2338,-2.9731,4.9003,-9.7705,-2.541,-6.1019,-0.0604,-5.7735,3.9001,5.8057,-4.0243,1.2102,-0.3472,-5.2796,4.9492,-4.2029,1.8808,7.2223,3.1309,-2.2543,0.6453,7.7305,2.6835,0.9823,-1.8166,5.101,-6.5575,4.308,1.1933,-8.198,6.7244,1.5256,2.2428,1.5609,8.2832,0.9311,5.3046,0.7435,6.0013,5.7164,9.8341,1.9169,-2.7951,8.1091,3.0434,2.2694,4.861,0.0955,4.2436,9.6701,4.3307,5.2321,4.0051,2.7663,2.773,9.7275,3.1784,-9.0672,-5.7565,-4.4881,3.5899,-6.7437,7.8643,-6.6242,6.7581,8.3288,9.8423,-9.6778,-0.3735,5.8151,8.4219,0.3042,-5.1794,-3.03,-1.9127,5.8547,8.6811,-0.8165,9.1677,3.8474,-0.7543,-7.8554,0.1086,-2.1609,-7.4248,7.6711,-7.6031,8.7225,-9.5045,-6.2124,4.272,9.0842,-8.7974,-4.9662,1.9423,8.8558,-1.4797,1.6132,-2.8961,-7.481,-9.5598,3.4477,7.5496,-6.7141,1.6397,4.8247,-4.0245,-2.3293,8.4834,-3.2809,-4.6252,-8.2346,2.1088,-0.6398,9.1849,1.8536,-5.2649,-8.8382,7.9915,4.9297,1.9566,-0.9677,-9.1733,1.5475,-7.4944,5.1568,7.8439,8.4941,-8.859,-1.3661,2.0687,-0.9756,3.2075,0.1697,-7.8349,-6.9285,2.8239,6.0135,-9.679,-3.166,-5.5551,8.9136,-3.3911,-1.0077,4.6319,-7.6586,-4.2887,7.9876,2.9057,-0.1522,2.8532,2.7211,-5.0831,8.9811,-3.2083,-1.7002,-7.7699,0.4894,2.0957,0.0616,5.1614,-3.2635,1.9226,-5.68,8.83,4.8809
-5.0435,-8.1792,-6.6551,-7.0066,4.1456,-9.8151,-4.7569,-1.9605,-9.4349,-4.9635,5.6321,7.0438,-0.6913,4.2729,6.8872,-8.3724,6.1929,6.7627,4.3117,-1.8209,0.3112,-6.9128,5.0161,4.374,2.4578,6.6429,-8.3462,0.5368,-3.6533,1.9043,-9.788,-4.29,-8.2664,-1.2569,8.4616,-9.086,8.4006,3.9762,7.6567,5.8499,-1.4634,-1.0659,-9.671,0.0489,0.0649,5.1764,1.3894,-4.3109,-5.4616,5.4615,0.1281,-7.9923,5.9784,-2.084,-4.4366,-7.7239,-6.1241,-8.9553,4.4224,2.3324,9.2632,-6.6747,-3.8651,2.7873,1.1105,0.8922,-8.1408,-9.5853,4.4375,4.1519,-9.4291,6.6207,5.3346,-5.657,1.3248,-4.743,6.6821,-6.5136,6.6064,3.1648,-6.2901,7.3105,6.5871,2.7096,-0.0198,2.5802,3.3991,-7.9451,-1.9805,8.7171,5.4606,-8.4608,7.1503,-8.7466,3.6891,-3.2617,-4.573,-0.3882,-8.418,9.3367,9.1254,-6.5931,9.1921,9.147,-7.5575,-9.7286,-0.6185,-3.245,-0.3604,0.2986,5.0747,2.6338,0.2142,0.0405,8.7904,-4.0728,-6.1936,-3.7215,5.7503,-4.0405,3.0219,-2.4144,-2.0318,4.8659,-6.2663,2.3447,1.4056,6.1249,8.2693,-7.1402,-4.8558,-7.1563,9.9688,2.1687,8.7683,9.27,8.0853,-4.6713,0.1322,-5.3295,-1.3913,-1.4803,8.2804,3.8985,4.8328,4.7995,0.9331,-3.0946,6.775,-3.0569,0.4188,-6.9665,1.8468,-0.5978,7.571,-3.9433,-3.9179,-7.5152,-0.359,5.3272,2.9437,-8.2231,-3.9946,-3.4989,2.0147,5.7685,9.8681,-4.9004,-6.1306,-1.542,3.5228,4.3655,6.5993,-3.7567,6.8198,3.4008,-9.6156,9.4563,-4.9405,-8.4889,-1.1361,0.6929,-0.6467,5.3584,-7.6627,6.2405,-0.3001,-8.455,9.5036,7.8823,-3.6395,0.0999,-5.1282,0.1471,-5.0238,-2.5951,-4.5359,-1.0378,-8.6457,0.6948
-5.6036,-6.6223,-3.0094,4.5551,-2.8816,5.0805,9.5762,8.878,-5.5806,8.6112,7.2702,-9.4348,9.4276,9.153,4.8388,2.0692,9.8019,-6.0927,5.4963,8.0855,-0.0027,-4.0376,-1.1035,9.4399,4.8505,0.9389,-7.795,3.8339,-4.7093,9.7761,0.3406,2.287,9.9865,5.0551,-0.2718,1.0208,8.0958,8.735,-0.3177,-3.0488,5.6319,-6.8148,-2.0486,-9.5712,6.7697,-9.0259,0.9236,9.8843,-3.4684,6.0643,-7.3018,-7.4119,-5.4726,6.0442,2.5303,6.63,-4.2871,-6.5049,0.946,-9.3036,-0.253,9.1746,2.9736,0.1216,-6.0764,-0.811,1.0041,0.0334,0.9138,9.3309,-6.1319,-2.0358,-7.0299,-1.7666,-8.0816,-2.9077,-2.2589,4.5449,8.2791,0.1247,5.5238,-1.8784,-4.347,-6.9993,-2.1164,5.1606,2.0097,-5.6354,4.9553,-8.2269,-6.8801,-6.3704,3.67,-4.3209,7.6417,-8.1612,8.7334,-9.8999,8.3467,-7.3881,-9.5321,-4.6263,-3.2698,4.7069,7.9648,-2.2846,-4.9731,-4.3952,7.5159,-8.9198,-1.3115,-5.5872,-2.8621,-4.7795,5.6185,-4.9546,8.0134,4.1298,-4.1463,-8.6916,-6.5574,0.4148,6.5183,-2.3242,-1.9906,8.299,-1.4642,-6.5964,-6.3469,7.0021,-0.402,5.6728,1.4494,-5.8014,-5.0236,-7.2615,-7.9812,2.2251,5.8093,3.7038,8.0698,8.1303,8.919,5.3885,-0.4395,-3.0432,-8.4238,8.719,-4.291,-6.9203,-8.3026,-5.1075,7.0843,8.9819,-4.9968,6.7816,1.762,-4.2104,-4.1223,-2.0184,-7.14,2.996,-9.3243,7.8099,5.1454,-3.1269,-0.1023,-1.7027,9.0382,-0.1845,8.9434,5.6156,5.5179,4.1822,3.5289,-2.0675,-7.9652,0.0716,5.6619,-7.5368,-0.5373,-4.9201,-0.949,-5.9357,3.5468,2.9106,-1.411,-4.9681,-4.4223,-6.0522,9.3298,-5.4001,-1.4837,0.0375,3.419,5.0253,-2.2923,0.3437,8.0044,-7.7019
-1.1621,-6.2128,-9.0778,-6.9007,-5.0201,1.2729,5.3361,8.8148,9.163,7.5759,0.3007,-1.5215,-0.9971,9.3055,1.7878,4.9053,-8.7007,9.477,0.4125,2.0533,6.1572,-8.3102,-9.7476,9.1074,-5.7336,-7.8844,8.7142,-2.4936,7.0873,8.6249,-6.0706,-8.6156,-9.2147,-4.473,-6.4346,8.0307,8.5749,-1.1604,-2.9451,-1.8413,6.675,-7.1048,-6.9837,-4.3995,1.6567,4.2463,9.81,-9.1833,-2.8625,-3.8419,-9.1566,5.8376,-1.4819,2.2832,-0.9549,-2.6776,-7.2484,7.8192,-7.6118,1.5701,9.5229,-4.2684,-0.453,4.9129,-4.8654,-5.4975,-7.786,-9.5464,-4.3464,3.5834,-8.4972,5.3561,-1.4537,1.0795,-3.7563,3.1849,5.1212,-8.2977,7.7541,1.7648,2.9901,0.5341,-8.1331,-1.0847,-6.4671,0.2175,8.0267,-0.5758,-5.8173,0.1053,-3.2455,8.5746,-1.4772,5.9389,-0.3641,-5.2783,3.265,-9.6226,6.3293,7.8407,0.9529,-5.0489,-6.5136,4.4296,-5.7116,0.2203,7.2586,5.2813,-9.7063,4.0704,-9.7611,-3.5181,-2.5134,-0.5608,3.0963,9.8209,-6.4592,3.4245,-6.3693,-3.3518,6.2826,-8.5664,-9.6019,-2.793,-1.206,-1.7636,1.7335,4.6964,2.8553,4.7654,0.3994,-1.1638,-7.3818,9.7129,3.1342,-5.396,3.7472,0.7529,-1.9214,2.3019,-5.5455,9.433,-1.244,1.4341,-7.9426,7.5906,3.6081,-8.0121,-1.4468,-4.7851,-0.3193,-1.6724,5.5343,1.3555,-1.1753,-6.5177,8.9084,-3.9348,-8.7582,-4.0684,-6.3289,-2.6579,6.3446,-2.4358,-0.829,5.9042,0.1727,4.4985,-0.3484,-3.104,0.0627,9.5698,-7.8434,7.7179,2.5139,9.3615,-5.0047,-2.3694,-7.8078,-8.9511,-0.7091,-8.2079,2.0516,1.2768,8.9065,8.2289,-4.1009,8.4848,-8.9089,4.6581,1.6087,-2.8995,6.4307,-2.9317,0.6076,3.7064,-4.6446,-7.6711,3.898,-6.2858
-5.7554,-6.0001,4.9477,-3.708,4.8118,1.3494,0.1421,8.0822,1.5598,-5.2673,9.672,-3.7952,-0.5229,-2.4677,4.7838,-0.7132,-2.9988,2.9463,-0.1544,-9.649,2.8983,-6.8182,9.2109,4.8864,-2.528,-8.796,-3.4464,3.0285,7.9729,4.9533,5.4032,-7.3932,-5.4128,5.8089,-2.4727,7.1678,-9.192,2.3401,0.1783,6.0967,-6.6094,-6.0383,-0.1462,2.0848,-6.7506,8.1262,6.8618,-7.4874,6.9908,8.2897,-5.11,7.2921,1.2616,6.0479,2.0507,-4.0387,3.8451,3.9931,4.4233,5.2021,2.9267,-1.3185,-3.3501,8.192,6.2808,6.704,-8.1743,-1.8704,-2.9146,7.5165,-3.373,8.8075,6.1941,7.3732,-7.8714,9.5176,-2.6033,-8.3949,2.4706,7.2918,4.5604,4.1057,8.8234,9.345,6.4778,5.6809,-2.9905,-0.7463,0.5984,-0.4187,6.1405,9.8642,-5.886,5.7748,2.2211,4.5327,0.0118,3.9219,2.5071,3.1148,9.0193,-9.0841,-4.0796,2.8883,-2.3551,-1.0014,-1.4641,5.5641,-8.8607,-1.0016,3.3387,-1.8128,-8.7006,8.9958,-2.4198,8.8064,8.4281,-7.2682,2.7603,-4.263,-5.8806,1.2303,0.7279,7.6947,3.5412,4.6676,5.8182,-8.6478,-2.7472,2.2267,5.5187,6.1162,7.4288,3.4986,-7.1789,-4.4497,2.1378,2.6262,-9.8855,-0.0814,9.5654,-8.8179,-2.6284,1.7421,8.7403,-8.5067,6.725,-3.8328,-4.0239,-4.5599,7.7205,-6.6859,-8.5452,5.922,7.4549,-4.8591,9.4638,8.6529,-7.5737,-6.8876,-2.4098,3.4452,-9.8525,2.2434,7.1184,-0.438,-8.3955,-6.2003,2.3117,2.336,-7.0892,2.4961,-3.8497,-7.942,1.1085,3.6844,-4.7505,5.52,-8.7166,-4.6114,-1.1007,-0.3427,2.3614,-3.7369,-6.7558,9.3569,-7.6875,-9.8858,0.8611,-6.9404,3.2208,3.1496,0.0603,-3.2618,3.7834,1.8436,-4.4276,-7.7146,-7.354,1.4273
-0.9225,3.5301,-9.0972,9.4287,1.1453,-5.7578,-5.9317,7.5088,-8.3298,-7.8521,5.6236,8.9481,-1.1833,-8.0638,3.7865,-4.5598,8.9842,8.0264,7.5895,-9.9431,8.793,3.6917,-9.0295,4.3673,8.399,-3.1076,3.5845,-3.3512,3.1095,0.5383,-7.4156,-9.8505,5.2818,-5.5655,-1.8154,7.8754,6.9291,2.7498,-4.4634,-7.5083,-6.4219,8.9796,2.6139,-1.7316,8.8904,0.6592,-1.9451,-7.4804,-8.3089,3.3957,-8.895,-8.3591,9.2299,1.8625,7.8852,-6.6112,9.003,4.1391,-3.6889,8.1121,-7.9073,7.8956,3.2204,0.1718,7.6091,-9.7274,1.1268,0.1587,-6.8965,-4.8093,-6.3175,-5.0719,4.0767,9.3011,2.9976,1.0402,-0.1509,-7.2012,5.0057,8.2359,-2.5357,-7.674,3.9658,4.9191,-7.1629,-5.1727,-3.1997,-3.5302,-4.486,1.7256,7.0246,1.7334,-6.7886,-7.1742,9.3384,-9.8285,8.6915,-0.6952,-9.8858,-5.1105,2.3225,-5.8515,8.4675,-9.3825,-3.2318,-3.0898,4.0327,9.7265,8.9947,-1.622,2.7435,8.3736,5.0007,-6.9711,8.3877,-1.0132,-1.5301,-8.6536,7.1914,8.289,7.9003,-6.124,-7.8114,-5.5537,-4.9641,-3.2864,0.2093,9.7291,-2.6328,-5.536,-5.8723,1.849,3.7772,-0.794,6.2972,-9.6925,2.1987,2.1101,7.9771,-5.9095,-2.5406,-0.1256,0.479,-4.3495,0.1994,-6.7449,-2.5799,8.8869,-6.2982,-7.2575,-9.3988,4.6419,2.3882,-5.9662,-1.9208,-6.1608,3.9727,-7.244,5.1083,-3.2016,-0.4917,6.1405,0.6347,-2.2766,-2.3377,0.4571,-6.7127,-4.4491,1.1377,-5.9357,2.2655,-4.8543,2.7355,-7.5288,0.0448,5.0027,-3.692,5.272,-3.3927,5.4535,7.3423,-9.042,-4.712,9.3402,-8.1282,-7.4019,-9.6942,-4.6795,1.7923,-4.8908,9.3738,-0.7847,2.2445,-5.419,2.6116,-4.5557,8.799,6.4175,-9.7622,-1.7698
-1.7022,0.8977,6.0794,7.4002,1.5699,3.9429,-4.2966,-8.265,-9.8646,-9.5418,4.5675,-5.8496,4.1609,-8.1594,6.2395,2.5091,-2.4175,6.457,3.8974,6.6922,4.1999,-9.0068,1.3703,0.867,6.4395,-6.4208,-5.4899,-8.09,-0.9706,-9.8979,2.3854,-6.9664,-6.9758,-8.0201,-0.8541,-5.688,-9.2879,-5.5768,4.5161,-9.8912,-4.953,-5.4591,-4.8239,-5.5896,-2.9394,5.3573,2.7593,-3.4277,4.327,-3.3306,-0.5307,2.0047,1.1422,-2.4591,-4.7211,3.1138,-2.0662,1.605,-1.744,5.8341,8.7912,8.8727,-9.2772,-0.5257,-2.7167,-8.1917,6.7716,3.3557,1.3862,8.4006,2.8632,8.4071,3.405,-8.438,-9.6461,7.5155,0.7106,-3.3706,2.0086,-1.2631,-4.0921,-2.989,2.4735,2.7686,8.6594,5.9206,4.9469,5.8597,-9.6597,9.6104,9.1472,-5.3636,6.8317,-2.4141,4.3271,-4.7079,8.8307,7.927,6.3216,-8.8288,-8.6219,0.5659,7.59,-5.6025,-7.3964,-0.8357,8.6759,8.8964,8.6201,0.1844,8.7504,9.6322,8.1979,-1.2557,-4.9883,5.0367,-4.7469,-2.9351,0.741,7.2376,-0.398,-8.4287,1.5976,-8.4472,-5.2524,-7.781,1.5947,-5.0768,2.3096,3.2385,-0.4888,-9.9612,-9.3849,-0.3627,-5.7987,-0.3529,1.5339,-0.6724,0.7557,9.3259,2.6449,-6.0673,-6.7583,9.023,9.6094,-0.8343,7.2308,2.7457,-9.1171,5.461,-2.6124,1.5477,7.8052,0.5352,1.7125,6.1528,6.1238,2.5792,-9.2455,7.4863,2.4855,0.8965,6.969,-2.4675,-8.0286,-4.868,8.2507,5.8074,-0.1965,6.4201,7.4289,6.0004,9.9235,9.1827,1.238,3.3614,9.8045,8.1513,-0.3752,-5.52,-6.6686,-7.2111,-9.6068,5.0357,0.6561,-0.9194,-9.9732,-0.5183,-9.7051,3.8005,9.7268,7.8064,-6.139,2.7975,-4.6686,0.8206,-0.8169,-4.8481,0.7917,3.559
3.7208,-6.3522,-9.5906,5.921,3.2003,-0.918,2.6744,7.7112,-2.6971,-1.0698,0.45,3.7322,-0.1518,4.2763,-4.5195,-7.5608,-8.7416,-8.3428,-9.5695,9.6372,5.1633,0.7575,-4.7572,4.6088,9.9228,-2.7678,-2.3732,7.0188,-2.2804,7.5833,-6.5948,8.2732,-7.2778,4.7071,-3.6471,6.1976,-6.621,2.6913,0.1348,-4.25,-0.2728,9.1956,5.1637,-8.8362,9.5504,4.4069,-4.9464,9.2013,-0.0924,0.865,-5.0416,9.9252,-3.9155,2.841,1.6667,4.2815,-8.5251,-0.0689,-5.399,-7.5531,0.5108,-0.9389,-0.9138,-2.3983,-3.7521,-9.4265,1.8639,8.209,-0.1841,-4.1258,-3.8375,-4.7816,-1.2289,-8.924,-5.2704,8.8579,-0.8976,-9.0685,-9.7687,9.5842,5.6191,-4.7074,-3.3919,5.1089,2.8216,3.1987,-2.5286,6.753,4.1612,4.5381,-6.0606,-3.9244,-2.7557,-3.9073,-5.9686,3.4769,2.997,0.9962,2.2612,9.4559,-8.6309,3.4793,6.1947,-1.2652,-3.8087,0.9698,5.2426,7.3095,3.2454,2.8725,7.9107,0.6543,-2.7807,-6.2359,-7.3208,-2.5616,-9.4384,2.7696,7.504,2.8344,9.6195,8.488,1.8742,-7.3906,-6.0774,-2.8965,-6.5862,-1.7163,9.8914,9.9331,5.046,2.264,7.0452,9.2447,6.9824,3.0207,-0.2634,-2.5017,-1.2395,-6.7943,-4.7461,5.3009,2.797,-3.6839,0.2756,-2.5459,-5.2174,-7.8735,0.6228,2.582,-9.9678,-9.238,-6.2658,5.0011,4.6745,-1.6486,9.9664,0.1141,3.1407,0.7043,8.6233,-7.4294,-8.8984,1.0018,3.0973,6.7611,-0.2013,-6.6364,-2.7629,5.6224,-4.2508,7.1758,-7.6019,-1.5131,4.2372,-2.8694,3.2663,9.6743,-9.1417,-9.3471,2.0406,9.0473,-0.1915,-0.693,-5.4791,-2.6967,-9.9122,0.49,6.3156,5.6164,-1.191,-1.2554,3.5505,8.7123,4.8422,-0.026,8.21,9.7522,4.3365,8.0756
8.8144,1.403,-4.1188,4.6578,-6.6856,-3.3176,-2.0359,6.9504,-1.3267,2.452,7.2877,-7.279,3.5362,3.513,1.0057,8.1346,0.5902,-6.8435,3.423,-1.6591,9.8258,6.2688,-7.2608,-2.5337,-6.8572,8.0908,-9.388,-1.934,-5.8775,-0.9285,5.8457,-9.5282,-4.7386,6.7334,-4.1463,-3.8078,-4.3356,3.6504,7.712,-2.4876,9.4421,-6.938,7.4317,-2.9155,-6.6135,3.5778,-4.9614,-7.2034,-0.1977,-6.4654,0.4313,8.6938,-9.9205,-2.6592,2.3356,-0.2263,1.7977,-9.5319,0.6743,3.2037,1.9721,-9.1491,-7.8992,3.7686,-7.0936,-3.8033,-1.0944,-1.1902,-8.896,-0.9692,-1.5627,-4.3679,0.3475,4.6116,9.8439,9.3817,3.7549,-5.2894,6.592,-3.3297,-6.1554,-3.4906,-8.8753,-2.0944,6.0232,-9.8436,-9.9979,-6.478,-6.0736,2.8798,-6.7935,-2.0331,2.76,-5.144,-6.6061,7.7443,-5.6158,7.8604,8.9411,8.5534,-0.3554,4.427,-5.0659,-8.7137,0.3951,-7.9619,5.5785,0.1338,-8.7259,4.3926,-0.2814,-0.7435,1.2576,5.7754,-7.1883,-7.7295,-6.5755,-3.895,5.0024,1.8745,-8.7504,6.4152,-9.0897,-5.8609,7.7588,-3.0039,-3.1876,-6.2182,-6.4253,-9.3924,6.9661,4.6139,-2.479,5.1058,-4.3421,-3.1602,7.6805,-5.5116,7.0858,-5.068,8.2384,-5.4398,-4.1581,1.0494,-5.9912,-9.4931,-3.9766,-1.3691,-9.7509,5.7119,-4.4201,-6.4872,2.5297,7.5534,-0.9729,-1.4818,-0.0566,-6.8367,-3.7997,-0.8991,9.8947,-2.2035,-8.9963,-4.8765,8.5838,6.8076,2.4391,0.6914,2.81,9.2423,-1.2067,5.9983,7.5415,-5.8056,-2.2719,4.4042,-5.3106,-3.6209,-2.9512,9.4757,3.911,0.4297,-1.0629,3.6809,7.8601,-5.3891,4.8297,-5.0944,5.5395,4.7749,3.8361,-4.6569,9.8374,-3.3273,7.6145,-6.4049,-2.4611,-9.5385,-7.9874,-1.0793
6.4767,3.3732,1.4822,-9.7418,6.6434,-3.4692,1.0232,6.4346,-8.9423,-3.674,9.0956,-8.0664,-2.7069,7.979,-7.5926,3.6756,3.7791,-5.1355,-7.0991,5.2013,-5.4225,5.5506,8.1461,-9.059,-4.4049,4.5613,1.318,0.324,-0.6355,9.1404,5.542,1.0606,-3.459,-9.5247,3.5543,-6.8911,-6.8587,-7.9096,7.6202,1.5541,6.059,-9.6992,-0.4905,2.4904,8.321,1.982,-7.3704,4.2099,-2.871,-5.151,6.9789,1.1866,-0.1478,6.8205,8.8184,2.7767,6.9001,-1.5552,8.0699,4.387,8.2134,7.2785,-2.8904,7.69,0.9022,5.9032,4.1893,8.4854,4.0812,4.4116,9.9384,7.3794,2.2483,5.0127,-4.8948,0.9707,9.6327,-6.5646,7.9317,4.8703,-4.2136,8.9283,-1.4937,-0.5606,-0.3507,-6.0952,2.7618,0.4306,9.6557,5.5034,-1.2352,7.7891,8.4953,1.4501,9.1999,0.4021,-5.6131,0.5037,-0.2532,0.2501,-6.4901,-5.9183,-2.1197,5.1128,-5.3653,-8.3736,-4.6556,-2.0617,-8.8898,-1.7997,1.7408,6.4909,-0.313,4.6212,3.5563,0.807,1.1989,-4.1976,-7.0696,0.5975,-4.5913,-2.5975,4.9856,3.4052,-7.0436,-7.4014,7.1323,-2.2304,-6.3566,2.2612,9.3495,2.0824,2.0351,7.7758,-6.0179,1.2364,-5.1841,3.666,1.3475,7.1184,1.6317,1.9966,-0.278,-8.8984,-0.5843,-9.1324,2.2783,-5.2983,-9.7345,5.2372,-3.4256,3.0242,3.7386,-0.0129,-9.9817,5.9983,-2.5315,-4.9188,4.8575,5.7865,6.2531,5.3812,-6.2895,5.542,-5.1155,-3.8685,-4.8133,-5.626,1.5664,2.3465,4.9527,-6.0361,-0.5409,1.9179,-2.6701,-5.5661,-8.4399,-4.4354,0.437,-6.6316,7.52,4.1393,-7.9621,-5.9482,-8.9698,7.1187,-5.3668,9.345,9.5293,-5.1152,8.5075,-2.9436,-3.3498,8.1819,1.8782,3.6994,-1.6949,0.4455,5.4809,-6.59
9.7519,6.0107,-4.6414,4.0007,-9.7376,5.0216,5.9482,-7.2,-3.8967,2.977,4.1369,-8.6298,-1.468,-0.3999,3.645,-3.0031,-2.8061,-5.6573,8.1896,-8.1036,-0.2133,-7.1421,-9.3969,3.8941,-6.6871,1.6483,2.4925,9.5207,-1.3803,-8.4932,-0.7943,-7.3263,0.3657,-0.4125,-0.911,5.8441,-2.5408,5.205,5.6396,-2.7067,-3.6947,-9.6041,5.5656,4.7071,-6.9813,-6.8625,5.3538,-7.4383,5.9322,-5.576,-0.3483,-6.2153,-4.8993,1.5719,7.0482,1.8331,-5.7816,1.0651,-6.495,0.3242,-5.5741,5.6479,7.0629,2.4865,-2.1054,6.7641,-2.7328,-2.9607,-7.5033,7.3657,-7.2273,8.945,4.6362,6.8243,-0.3049,-4.9716,-0.1866,6.0363,-0.5787,-4.5082,1.1896,-9.3698,4.8401,3.2897,-5.5118,-5.6536,5.4782,-4.1149,1.2997,1.1409,2.1411,-9.2411,-0.7896,5.4648,4.989,-1.3514,-7.716,0.6426,2.163,6.3557,5.3594,-2.5658,2.5026,0.526,-5.5999,-4.6999,4.2093,4.4685,4.3581,-3.2369,0.1844,-6.0627,3.8247,-2.8747,-3.5116,-3.0356,-9.0335,-1.1839,0.6311,-8.6044,-2.5693,9.7265,-0.823,-1.9927,1.7257,-2.6896,-7.5658,5.9752,5.9286,4.6089,-4.5507,1.2764,-0.5966,3.5881,4.3591,-2.1228,5.5405,2.4817,4.7511,4.2305,5.446,1.3965,2.2873,-7.8367,0.6062,8.1479,-4.3083,-2.0313,1.9434,-4.0463,-5.7939,8.107,-8.7448,-5.1392,2.6812,6.8124,-7.3211,-3.7713,6.3017,-6.6926,-8.7691,-9.1746,7.9388,6.3494,-0.6535,8.1403,-8.1106,-9.2542,-0.222,5.5029,-8.5391,-3.0398,-7.2079,4.3658,-4.6585,0.9129,-9.8467,-1.4342,-8.371,8.0172,2.9811,1.027,-3.4103,-9.4804,-2.2943,-5.9061,-0.0123,-7.9154,1.1546,6.5292,-1.7056,-8.9975,1.6378,8.7061,8.7971,-2.4062,-1.3971,-4.2162,8.1631,-5.8034
1.1228,-0.191,-8.2477,0.0588,1.2757,-4.4903,-6.5213,-1.0724,9.3144,9.155,-2.1962,5.9145,5.5251,8.8245,3.2037,-4.0944,9.6711,-3.1295,-7.3252,-0.3755,9.2442,2.9225,2.2873,-3.3748,4.6642,-6.3896,-8.0677,7.473,0.3748,7.7238,-9.29,4.0841,-7.4694,-7.0301,-5.8433,-9.1982,9.7586,3.0106,8.0761,-7.093,5.9108,-8.1636,-7.2894,7.4885,-6.4406,6.0894,8.2542,-9.2441,8.7284,0.9983,2.3072,6.7747,3.4304,9.2776,8.3696,-4.9751,4.8019,-2.2764,-7.6666,-3.9342,-8.9919,0.4865,-9.9259,-6.5074,9.9154,8.8059,2.0384,9.6829,-0.7287,-0.3341,-1.1318,-9.2837,-3.1559,0.5152,0.2741,0.16,-2.876,4.3203,9.0142,6.0096,-3.5452,-4.2777,7.6875,-5.6568,-7.6507,-4.6837,0.7581,-9.8462,-6.0764,-4.8843,1.1634,4.5833,9.6461,-6.0089,3.9402,-5.431,1.9569,-4.8914,-0.7163,-0.4401,9.1415,-4.8184,6.4982,4.5955,0.9442,4.1824,-2.8549,2.5937,-7.0786,5.7751,-3.2858,9.7146,-1.3092,8.6079,-4.8035,-4.1624,6.0471,7.6345,-0.2329,-8.7209,-3.0108,6.1015,-0.414,4.3689,-2.4313,-9.3402,3.5304,-4.0482,-0.2497,8.2435,-5.5601,-3.0025,-6.8723,-9.2671,-1.7512,-8.0259,-4.007,6.983,-9.1398,2.6632,-2.226,-2.1856,0.0168,-3.1036,-8.3697,7.7126,-6.1511,3.6875,5.0557,-5.8628,-6.8179,8.2597,-9.4862,-1.2749,-8.6092,-1.4932,-6.1753,8.3676,-3.7098,5.9515,-2.5207,0.6096,3.535,3.4404,7.0004,-3.6457,-0.251,6.7031,-3.5789,-5.7988,-4.4401,-3.4315,-6.8455,-6.3589,-8.953,-5.5413,8.1392,2.2249,-3.381,6.0232,1.9831,-6.2712,2.4264,8.7143,-8.4684,9.8067,-1.5158,-0.2256,-9.5438,-4.7185,-2.4631,9.3581,4.7673,8.7807,4.6467,6.9529,-9.3653,7.2863,6.2636,1.8765
4.0333,5.4406,-8.9801,-5.0225,8.7668,-3.9921,-7.9313,3.6628,-2.4071,6.5176,1.574,9.8375,4.3202,2.9961,-0.1205,-8.7174,-9.3444,4.9762,5.2172,-5.7979,1.0333,-3.4476,4.69,6.3907,-1.1674,3.7968,-2.7782,0.4469,4.8019,-7.5674,-9.6349,2.9293,5.7824,2.5537,-6.3499,0.0851,-1.8856,8.8855,3.8325,0.3904,-2.0424,-3.22,-7.3047,4.0591,0.7865,-8.4492,-1.8143,5.3265,-7.0944,5.545,-0.8407,-8.615,8.8022,-6.2836,-9.1594,0.6034,-7.019,-9.0246,3.4513,-7.8407,9.3129,6.238,7.4303,3.3795,0.9049,3.6905,1.7255,6.1593,-6.2925,-7.3494,3.5578,-6.0058,9.5967,-7.0018,3.2318,5.9548,-4.3174,3.4163,9.1382,9.0722,-7.0392,-7.7178,-3.9071,-8.8171,-7.1841,-2.3218,-9.7494,-8.6029,9.2994,4.3859,-3.7533,-7.5943,-0.416,1.9447,-4.5259,1.3381,-0.9441,2.7377,-1.6132,0.049,-7.5558,-5.7261,-0.6445,0.6001,5.4684,-6.3516,3.9391,-0.8786,-9.4104,-8.9675,0.4083,3.4982,7.2387,-5.3477,6.3453,-6.4829,3.0181,-6.6019,2.523,-4.5464,-2.4345,2.9312,0.609,-8.2234,2.3535,1.2529,4.8195,7.0429,-6.0634,3.4775,-2.9392,-5.2798,4.2621,0.2787,7.8796,-5.1881,-6.5283,0.072,5.7547,0.3458,-1.4604,2.8945,0.6381,2.7525,5.1554,9.6398,-5.1103,2.0398,2.0324,-5.41,9.2419,5.7548,-5.5307,9.6184,-5.4944,-4.9453,-9.7361,-7.7492,-8.4159,8.6727,7.1349,3.6161,-2.2567,5.0373,-0.3368,9.2228,-9.3425,-9.8513,-2.3906,6.8249,3.6319,-3.5175,-8.0147,1.2608,1.228,-9.3733,6.5878,5.1367,-0.0738,-6.5441,0.6346,2.6005,8.2201,-5.2913,5.6547,0.0693,-8.9275,6.0194,1.5733,-9.0267,3.6486,1.1562,-1.9646,-8.182,7.8134,8.5974,8.7264,2.6419,-8.7359,2.7469
6.6831,9.8734,1.2354,-2.8792,-0.9863,1.4924,6.512,8.893,-5.5123,-5.0097,6.7227,-0.7885,-4.4991,-7.5888,-6.3228,-3.3477,-9.4173,9.4278,0.9348,6.4672,-1.1968,9.1559,-1.5277,-2.0352,4.545,1.25,-3.8731,-9.9798,-7.5293,-4.7966,-7.854,0.3426,-3.2349,3.9895,-0.5088,-5.7837,-1.2183,4.5728,0.4043,-1.4937,-2.8169,3.8598,4.2921,2.5851,1.3921,-2.8247,4.927,7.549,-7.4786,8.4098,-5.3511,-7.3109,3.3383,-1.2365,9.5972,-1.7113,3.0828,-7.0252,-1.6108,3.6285,-7.5818,1.4982,9.0997,-4.0429,2.0411,2.5702,6.7123,-6.9566,4.2996,1.0668,0.8933,2.7367,5.8579,4.3694,-8.9063,-0.4147,3.4206,-9.8332,-3.991,-7.7264,-3.668,5.1847,5.7001,3.3916,-7.2949,4.4836,4.5394,-9.1255,1.0538,0.0541,2.9547,3.7806,-8.678,-5.0231,6.5056,0.3813,6.2904,-4.8858,8.7699,-0.7411,-0.2685,-4.1255,5.8714,3.9371,7.2853,-1.5228,6.3252,-1.1916,-3.9247,9.728,-4.5437,-6.0245,1.7166,5.3205,-7.2263,6.0308,9.4145,0.2573,9.3174,-7.2514,1.4286,7.6824,-0.8643,6.5219,3.0953,-4.7947,8.0071,-2.5788,-9.0851,-5.3738,5.9847,4.3718,3.3641,-8.2316,5.3779,2.2123,-7.3965,-1.1591,-3.6532,4.26,-1.6406,3.6366,8.3506,-1.4442,7.5241,-2.9789,-3.6922,-6.8807,4.5602,4.8865,-7.3754,8.5646,-2.4453,3.009,7.2337,0.0812,7.6182,5.1955,-2.504,-1.0496,2.8307,7.563,9.7542,-6.8172,2.4302,8.1395,-4.5115,0.0207,4.033,-0.5844,-6.5792,-6.1978,1.8759,9.7743,-7.763,-0.1829,-8.2497,5.1633,6.1986,4.0353,3.2492,6.456,4.3686,2.2065,4.3229,-7.8338,-3.0671,3.2115,5.956,-5.8016,-3.3894,-1.0949,8.2494,-2.6334,-7.2014,7.4238,-2.0534,7.2545,-8.3218,8.9187
9.098,-4.2797,-9.2733,-1.9759,-5.384,5.4622,-9.1224,-7.6819,3.1896,6.3084,-9.322,-4.9192,2.1944,-4.3808,3.0139,2.3876,0.1182,5.6655,-8.582,-7.8508,-7.4013,9.5419,-4.4881,-2.1249,-4.601,4.7483,-4.6987,1.3488,-7.7994,6.27,9.0942,-2.8942,-8.0386,-3.0129,-6.7244,7.802,9.2896,-4.0831,5.1874,5.2711,5.5545,-8.1662,6.9776,-1.1839,6.4371,-3.3136,8.3466,-5.557,-6.3705,-9.7573,-4.2481,-1.5125,5.3401,-8.7195,-5.4908,1.9983,5.3404,3.8016,5.3538,5.5356,-6.6709,-4.3064,7.9668,4.569,9.2212,9.3757,-9.9352,1.8663,5.9649,2.99,-8.636,3.6315,-0.5711,1.4696,5.8843,-6.6213,-2.8472,-8.9849,1.4381,-8.238,-4.9576,5.0235,-7.7381,-3.076,5.0309,5.408,4.9795,1.961,3.9345,3.3015,0.9269,-2.2505,-7.7862,6.6362,-0.0285,5.6623,-0.6099,2.7861,9.6295,-8.0977,-4.2101,-4.8495,7.8889,-7.5264,6.7814,-7.9106,9.6421,-7.1065,-9.2556,8.3008,8.5767,-0.8429,2.3769,-6.1159,9.1195,6.7881,7.7415,6.9032,1.0838,-3.3583,9.8656,-2.0347,9.4358,-5.3358,1.9867,1.0117,-4.6802,-4.8061,5.6336,-3.365,3.3655,0.5338,-6.242,-4.3738,-3.5597,-4.5851,-7.9669,-9.8284,5.9963,-4.7135,7.9782,-9.4675,5.6828,-4.0228,3.4217,3.881,-5.6425,-5.9632,7.0084,-5.4613,-7.5843,3.7843,-5.6564,4.4715,-0.8225,-2.7667,-8.779,-4.1123,-4.7657,4.9203,0.0026,8.2529,-8.3589,0.2114,-5.1937,-0.744,-6.0308,-3.8413,3.6566,6.4092,1.1119,-3.6257,-2.7053,0.3006,1.0251,6.3766,9.1238,-5.9925,8.4933,1.5797,-2.8736,-6.2355,3.1,3.5647,7.9907,-3.4687,0.7592,2.7974,5.562,7.0664,4.7253,-4.0082,0.0678,0.6223,9.581,0.7341,-9.1891,4.9964,-2.1198,0.345
4.801,9.2675,6.0979,-4.8928,-5.6688,9.551,-5.7366,-7.2434,7.8855,-1.0963,-9.0255,1.8605,-2.6205,-1.2423,1.9847,9.8359,-7.793,-5.2628,6.7276,-7.2695,9.4752,-3.4304,2.603,-6.078,-3.6706,1.0968,9.2959,-2.4224,8.0593,-5.8317,-9.2891,6.8047,4.0713,-7.6909,-9.5816,6.418,-6.5777,-0.4238,7.0567,1.39,8.0046,-9.2583,-1.5244,-6.0636,-1.9673,5.2241,7.854,-7.0358,-3.0761,-1.1249,-5.0397,-6.0338,6.4338,7.3508,-9.3915,8.4245,5.7974,-4.2263,2.7733,-0.7426,-5.8688,-7.7952,1.8158,-9.322,6.0469,3.2041,2.9972,0.8657,2.3358,8.3489,1.16,-4.4616,4.4533,-3.2864,7.3054,-1.192,-4.6666,-8.4452,-3.33,0.36,-8.4062,9.5241,2.1149,5.3246,-8.4193,-1.8782,-2.2537,3.4227,-0.5588,-4.9856,4.9648,3.8833,-1.8182,7.5177,-7.1863,0.2824,6.9949,4.1255,0.5209,-8.1095,-9.3062,3.3904,-1.2437,-1.6459,-2.1794,-6.5299,1.2076,-2.3989,-8.5336,8.5677,-0.0062,-5.0035,4.0812,6.9934,-4.0041,8.5744,1.8235,-4.7951,4.0563,2.3982,8.4658,7.7102,2.0708,2.6676,-5.7217,4.9431,6.3941,9.8462,-5.5839,1.1106,9.4295,4.3923,-3.3636,-9.106,9.5693,2.8218,6.4168,-8.411,1.5524,8.4125,2.6111,-2.391,-4.0204,-8.004,-9.9357,-3.1374,1.3701,7.9985,9.7062,-8.0357,-4.27,-9.3698,-3.0923,3.068,-1.6853,6.2452,-8.6603,2.789,9.9703,-6.256,9.2953,5.3641,-3.5392,-1.5265,-7.865,3.6566,1.2236,-6.3803,0.5165,9.1323,9.361,5.8852,-7.1514,-2.7318,2.1868,-6.4989,7.4793,3.7981,-4.5187,7.5173,3.7964,6.4198,2.8255,9.1961,7.1897,8.9276,8.537,2.3874,7.035,-2.6336,-8.015,-0.2686,-7.4469,-5.8775,1.7379,-4.8866,-9.7066,-4.1343,1.1737,-0.2129
-3.7118,4.3396,-4.8392,4.3497,-5.9254,-8.5467,-2.769,7.1946,4.78,4.0774,-8.4568,-6.4232,3.1402,3.6667,-1.779,8.3286,9.4309,-6.9379,-5.5377,9.5201,6.08,-5.337,7.9835,2.7756,1.0512,4.8915,-5.5364,-1.8373,-1.4973,-2.0527,-8.1169,-1.6952,-7.0137,2.5074,8.1092,4.8442,-1.1577,-0.5461,2.1632,8.9563,9.07,4.1517,-1.2091,-5.5834,-6.6005,-9.8412,-2.6898,-8.7781,3.8815,-7.053,6.2139,-3.9604,7.1786,-9.6782,-7.9214,5.7096,2.7372,-7.1907,8.0034,3.4655,0.0351,4.5291,2.6032,-9.9663,7.9269,6.6859,1.5605,0.5207,6.0968,-7.1312,8.8823,8.7127,-1.3667,1.9313,3.2342,5.7738,6.5484,4.1329,6.3607,-4.4425,-0.1673,7.7346,3.8144,5.2679,-0.9385,0.473,-7.2032,3.1127,1.9396,9.5665,0.0228,-0.4565,0.4431,7.4091,1.3019,-0.6205,-4.2874,9.9858,3.8373,-7.7175,-7.4299,1.1636,3.1447,-3.4797,-9.7236,2.5658,-7.2413,0.7347,8.1781,-0.2146,-6.8019,0.6375,-8.0041,6.015,0.5383,-2.3032,0.9598,-6.077,-3.9514,-3.1204,2.5788,1.8703,-7.5901,7.7299,-4.9876,7.3494,-3.1191,0.298,-0.5326,3.2884,-4.7625,3.1079,-1.3534,4.7237,1.1174,5.6904,7.685,-1.6363,-6.0897,-8.5495,-3.0443,1.5304,4.0661,2.867,-6.3647,-0.2233,5.3942,5.7319,1.9501,-7.3335,-1.1627,-9.9981,3.6903,-2.4165,-6.0699,-5.4561,-9.8625,6.8139,-9.9104,-2.8898,2.7034,6.3525,9.1166,-4.3862,-9.9768,4.8097,0.1621,-1.6579,4.1351,9.8654,-5.4832,2.5545,1.9209,2.3082,0.5942,9.4862,-4.9318,7.4563,3.195,8.1412,5.9269,3.188,-9.0715,2.0973,-5.5595,-3.2187,-2.0505,7.4791,8.729,5.4326,-6.9643,-2.1009,-9.8948,7.14,-7.2419,2.9656,0.6228,-4.9371,1.6024,-3.9356
-3.7203,-7.3543,0.9683,7.9402,-3.0787,1.5322,-2.4739,-4.3706,-0.1636,-4.9327,3.8174,8.2543,-1.6195,3.5132,-5.0956,0.3308,1.8753,6.7643,3.7932,-4.1462,5.6012,6.9612,0.9728,1.3861,3.5912,-0.6654,1.509,3.8398,-4.557,-8.3374,-3.744,-2.0461,7.8608,8.1421,2.3564,-8.0768,-7.2169,-9.9576,-1.0726,3.4673,8.7835,-5.5087,-7.2638,-4.6272,0.8675,-9.2543,6.5873,2.3464,5.3237,9.0566,4.5442,6.1963,3.0863,-4.4845,-5.7757,9.5777,-1.7556,0.1334,-5.8904,-7.6586,-1.034,2.6895,7.4627,-3.4185,-1.9556,7.4085,4.1701,-4.3321,8.3173,-9.0427,2.8761,9.4454,-8.8229,1.0547,-2.6289,-1.7623,-5.2353,8.121,-6.8144,-8.3544,-7.9993,-9.1953,1.385,-4.9225,8.0083,5.5365,2.2053,-4.5992,9.2324,-6.6627,8.6228,-3.4857,4.0845,4.0684,0.7108,-3.3257,-4.87,-1.3006,8.1737,-3.6793,2.2743,-8.3778,-6.5473,-9.7147,8.2697,2.3501,4.8595,4.4243,-9.5949,-0.6037,7.9134,4.6687,4.1037,2.4154,-4.1513,-2.7478,-9.9802,3.5341,-4.8037,-2.7569,-8.3195,7.5058,-6.5306,-1.0971,-2.7749,-5.9277,6.9585,-4.8792,-3.6799,6.5395,-1.6589,1.3495,5.4308,-2.938,-0.9301,-3.4337,-8.2183,3.6402,-2.5888,-8.9088,9.1279,-1.0472,-9.6664,-2.7907,4.7496,-4.6776,-9.3886,9.771,2.4023,-0.0624,5.691,-4.0022,2.7541,-9.3158,-4.1838,-9.1175,-5.6911,6.8032,-2.5069,-8.3145,9.5528,-1.1474,-6.3023,-2.8417,-9.1799,-1.7083,-2.7494,8.3443,2.8763,2.5722,8.9556,-7.1341,0.56,2.9366,-0.5661,-6.1237,-4.6511,-9.6935,-4.8783,1.1859,6.7953,3.8828,8.8959,9.8757,-4.5483,3.0185,4.8068,-8.9712,0.178,5.4701,-0.6263,-1.6912,0.9831,-7.8409,-8.515,-9.7874,-1.7406,-0.7915,8.9181,8.2136
-2.3877,9.3909,-6.8369,-5.2531,0.3801,-2.5375,0.6085,-9.8877,3.5112,-4.5021,-3.8452,8.2438,7.7316,-1.8716,-2.4686,5.8012,4.5983,-7.2409,-2.0062,-0.036,-0.5469,-7.9461,2.6152,2.7322,5.6838,2.0957,-9.1131,-5.1145,0.7122,-1.6934,2.2259,-8.5732,-3.846,-5.6575,1.6848,-7.5353,-3.2136,6.988,4.1362,-1.1074,0.0495,-9.696,6.2807,-3.6625,-5.0325,-3.6019,-6.0113,6.3429,-8.8407,-0.5127,3.1356,-8.9922,0.5005,-1.8948,4.5077,7.7041,-9.3378,-4.6298,2.9647,9.1243,9.0443,9.9263,6.9933,-7.6395,6.2003,-6.6952,0.1951,1.4458,2.5272,-7.5054,5.2303,-8.5985,9.1608,0.3208,-3.492,-6.04,8.4793,4.2868,1.1268,4.46,7.2908,-0.5715,9.239,-5.4138,5.6557,2.7085,9.9964,7.069,9.76,3.8779,1.5003,-1.0746,-1.4106,4.3306,-6.9504,-4.6058,-1.2867,6.9425,-9.6329,-6.5781,7.1292,0.1959,-1.9227,-9.2525,1.6711,3.3967,-7.4271,3.1903,9.0764,0.9771,-5.5083,5.4154,-7.0076,-6.0143,4.8667,7.3888,-3.7968,1.0588,1.258,4.7994,-6.6402,-8.3909,4.6454,8.9745,9.119,6.453,8.4395,-5.224,-9.4418,-6.3762,2.1304,0.5402,9.3049,-7.9414,-5.6938,-9.6662,-5.0661,-1.9565,-2.6084,-9.0432,1.5762,-4.4582,-8.8512,-2.0121,8.5684,8.2949,-5.9125,-6.3275,3.1513,7.8332,0.737,1.7689,2.0557,3.0949,8.163,2.9555,-7.5099,8.4042,-1.8028,-9.8469,2.0245,7.521,2.8301,-9.5363,0.5424,5.2996,-1.2872,-5.4822,9.0136,-8.8666,-9.0601,2.7586,-3.7084,8.2986,6.2046,-0.3668,-0.5364,6.2715,5.1735,2.6388,3.6441,7.9551,-8.2343,-5.931,-3.6274,-2.632,-7.4692,3.0163,-1.7217,-5.1352,7.157,0.7034,-3.6211,6.54,-0.5329,-1.618,4.398,8.7192,4.3344,8.2944
9.8839,6.7555,4.1687,-0.242,-2.3515,3.8065,-0.6475,0.1164,5.8965,6.2175,-5.5489,2.1966,9.423,7.8719,-9.2885,6.9932,7.5225,-4.5659,9.372,-1.4296,4.9829,-9.1716,-6.7338,-1.7934,-8.0366,1.7864,-4.8216,-4.3135,3.3977,0.0188,-5.6555,-5.7794,-3.3808,-3.6517,8.4983,4.9426,-4.6255,8.9654,8.3207,7.1249,4.635,5.3903,-0.5222,-4.1325,0.4786,5.2324,-2.3845,-3.446,-7.001,5.2868,3.2712,0.866,-3.85,1.0867,-8.9209,-6.9645,-4.0774,-8.0297,-9.4096,-5.4804,7.635,-9.8741,6.0159,1.3984,-9.0185,-1.6293,2.6691,-8.3777,-7.8478,-7.843,5.0861,-8.274,2.5103,-4.0019,1.957,-9.5108,0.5079,6.4203,5.5738,0.6466,-5.7592,5.2404,0.8625,-4.2039,8.5681,0.6452,8.0841,-1.3929,-0.9289,-2.834,-2.4159,-3.1718,5.1607,-4.397,-5.5386,7.5311,9.5627,0.3143,-6.7425,-8.0125,2.2674,5.6135,4.2917,7.9058,-1.6951,8.7828,3.6524,4.9471,2.7362,-8.3633,7.5221,-4.6953,-8.0326,8.1496,-4.5038,9.7761,7.1656,3.2359,7.7808,6.2979,3.1253,1.6895,4.7731,-6.2102,3.2119,-8.8397,7.4721,4.0762,-7.5187,9.2701,9.2028,1.3194,-9.8649,7.3182,8.0035,-7.2275,-0.3924,8.6353,6.8793,9.0892,4.2312,-4.9069,4.2324,-1.3671,4.1037,-0.5031,7.0507,2.2509,-2.4207,-4.6528,4.5063,7.557,8.818,8.021,-9.4585,2.1662,4.3672,-5.6452,-3.8531,4.4532,8.688,-6.0783,4.917,-1.4853,-3.7827,-4.1147,6.4687,-8.8389,4.967,-4.7879,-3.6755,4.246,-0.1967,-8.8457,5.8203,-0.9036,-2.137,1.0753,3.4643,8.9414,-8.7121,3.4874,-6.9136,-9.9219,6.56,9.0601,-3.8633,-0.7935,1.7669,2.0699,6.6728,-3.1207,2.171,-8.2539,6.4448,3.2729,1.9985,-8.8515,-8.9995,-8.3139
-5.3719,-1.4414,-1.2547,-6.8665,-1.1226,0.3194,-7.9985,-7.5153,4.8758,9.9487,-6.2782,-0.7245,-6.2483,-8.8133,-6.3951,-2.802,0.966,0.477,-0.9924,-2.8119,-2.3419,-9.9555,-5.5334,-6.5171,1.6541,-1.0631,-5.6211,-7.3685,3.5169,8.0039,-4.8899,2.2912,-6.7737,-5.1676,-6.3325,0.842,-9.1517,-0.698,8.0199,-7.2051,1.8153,-9.1663,1.0088,5.8592,-6.104,-2.3398,-1.6692,7.2498,-9.1527,-3.6608,-8.054,3.1811,0.2605,0.6667,-6.4988,-2.5901,7.4867,2.3638,7.2318,2.6075,1.4818,7.9717,0.0171,4.36,-7.6181,-6.3052,-0.9054,-3.1327,-5.3304,-3.4015,3.6697,2.8408,-7.6611,9.6984,3.9874,-5.5318,-8.2584,7.7807,-2.743,-5.3965,-4.3623,-4.6366,5.5166,2.8925,-3.0609,-3.3901,9.1371,2.8827,4.4799,-4.039,9.805,4.9283,-5.1925,8.4417,-2.2282,-8.6408,-2.4967,6.1975,-1.3433,0.4145,-0.3477,9.1034,-9.1246,-4.504,5.57,-8.7998,-3.082,7.3588,-8.0144,-6.7049,-3.4738,4.4138,-2.6417,6.5698,-9.9136,-8.7089,6.817,-2.3284,0.0703,8.1173,-7.3194,2.5567,4.9258,-0.7819,-5.0264,-9.6059,1.4458,-6.2614,-5.1296,-3.2736,1.7096,7.7099,4.8803,1.1042,-7.9657,-6.36,-4.6321,1.8881,3.5809,-4.2076,1.2042,4.7369,1.5228,9.4212,-6.0185,3.3074,-9.0268,-8.6639,-9.9344,-3.653,-9.4079,7.3063,0.0757,4.226,3.9485,7.8213,-7.9465,-9.1287,4.2607,6.429,-9.7633,0.8215,-2.0194,8.2267,3.9558,9.6187,-2.9618,-7.1771,4.9163,5.0166,-1.5874,-6.1905,-8.4395,2.8113,-6.0264,-8.5045,2.7408,2.4814,0.6093,5.1222,-2.8562,0.3457,9.0776,-4.6147,-7.486,-2.3259,0.0722,6.1015,-0.2594,3.1709,1.9893,-0.956,5.9678,-7.6246,5.0567,2.5205,8.9092,-4.2071,-6.5762,-4.1953
-5.1561,7.2348,2.8427,0.1546,4.9335,-8.768,-2.4303,-3.0574,8.4204,-3.4886,-3.9866,8.8058,6.5369,4.7785,-8.884,-5.0425,-6.0428,6.9871,8.6982,3.5449,7.0971,-0.4215,-7.2897,4.7769,7.6624,7.3105,-5.8967,9.205,-1.1641,-0.1175,-0.0959,-5.5013,-0.1781,1.5877,8.7086,9.2058,-5.5293,-7.2312,-5.7877,-3.8433,0.8069,-0.9584,-9.8145,-9.0197,4.5934,6.4649,5.7383,-9.9048,-0.7471,8.6995,9.8823,9.5997,7.5564,2.7732,7.5028,8.2042,1.5684,-7.3091,-6.4991,3.7062,2.7242,-1.6457,-7.7736,-5.6,9.9507,-9.8287,6.6331,2.2713,-9.1694,-1.5105,6.292,2.341,8.5161,9.2346,6.5401,4.5099,-7.8342,5.3077,2.7396,-2.4173,5.7522,-1.1266,4.0562,4.1841,5.2285,-3.0468,-6.3121,4.558,-2.0539,9.4737,9.944,8.8972,-0.5948,8.9074,-9.2445,2.9231,9.5561,-9.7591,5.2209,1.8755,-8.6363,-5.7714,-7.2883,4.8725,5.6471,9.4665,5.4689,5.6467,-1.2187,-6.9188,-1.5341,-7.8898,6.9404,-1.1033,5.8807,9.0578,-2.9338,-5.8511,-5.0964,4.8647,-5.1745,-3.3032,2.2078,-1.0821,-5.7392,-0.3478,-1.1055,3.0955,-1.9203,6.1738,-5.2803,0.1092,6.028,-4.6313,-5.2688,1.4625,0.7798,9.0452,6.1006,-3.8566,-7.1598,-4.9811,-1.9091,-8.1962,-4.6581,6.045,1.5503,-9.2268,-9.8192,-2.3067,-9.1581,-3.8543,-5.4,-0.338,1.1146,3.6759,-1.5248,1.9969,2.3304,-3.381,-4.1483,3.3444,-5.4823,-8.7656,-8.9276,-3.2976,9.5363,-0.115,-3.7141,3.3779,-7.1634,7.3775,9.8926,2.4737,-7.5989,8.501,-7.7817,-7.3423,4.3461,4.4869,-5.4803,3.6875,8.5395,6.6844,-4.6935,-3.1076,9.5113,-0.7195,7.17,-9.3754,-9.3488,-6.6716,-4.5498,7.6901,-7.1333,6.4199,3.8315,-0.611,0.4907,1.6032
-3.9121,5.9411,-6.644,-6.6689,2.3519,-3.5933,-9.7216,2.8543,6.1048,3.2935,-0.5153,3.8165,-1.2008,2.8714,-1.6611,4.6187,9.0986,4.9245,1.9267,-7.0813,-8.1941,-9.661,-0.1351,-4.5696,-6.6073,-4.83,9.3012,-5.5665,0.5624,9.6169,-7.2929,-5.1639,1.8102,4.5298,7.0653,3.2203,-9.4469,-5.6783,0.963,-7.5226,-7.3018,6.2496,5.0521,-5.9813,-0.1356,9.5836,1.8277,4.474,3.0832,-1.6145,6.3424,-8.435,2.1201,-1.7656,7.51,2.3848,-4.5583,5.2656,-2.0953,5.5382,-7.7337,-2.6816,1.3644,-7.4916,0.0824,7.6299,-8.7208,-1.2575,5.8746,-7.6272,-8.9778,-0.3266,8.9159,3.1519,7.2005,8.7753,0.2534,-8.5604,-7.9455,4.3124,3.2208,-5.4213,5.155,-5.177,1.2135,-2.5777,4.0556,3.6635,6.4888,-4.3744,-1.9743,-5.4743,0.5389,-9.1111,7.8893,-3.2142,-3.4345,-1.7508,-3.4425,3.1929,8.7312,0.2038,6.1895,-3.461,-1.6701,8.0214,-8.9458,0.117,6.6201,2.1513,-7.9678,-8.7974,7.6322,-1.8785,-0.7349,-6.4087,-0.6088,-1.6848,5.6242,-8.1343,2.7573,9.4245,-4.2069,4.4871,-8.0947,-0.3359,-2.7703,4.3989,9.1246,5.2791,-6.1994,6.3623,-9.3842,3.6608,-9.0606,6.7983,7.8265,3.0057,-5.1547,-6.0059,-5.5864,-3.789,0.0392,-8.9195,5.5183,-0.0166,1.1612,2.9554,-6.8034,2.057,-1.9569,-0.6274,2.0331,-5.1422,-8.2812,-1.7286,-6.9452,-8.4397,4.501,2.2572,-6.8259,-0.165,8.2824,8.217,-1.1478,8.3099,6.9731,-7.5686,-4.4102,-4.7206,-9.2236,0.9573,2.2244,-8.9652,1.9876,-5.7012,-4.7467,-9.4449,-9.7675,3.2089,-5.6751,9.1833,8.0261,-9.1956,6.5934,3.5227,-1.8162,-5.3692,1.3548,8.1895,-7.6998,8.3909,3.6217,-8.5526,-0.1201,-8.8233,3.7957,-8.5726,-2.1679,-7.9373
9.2087,-4.3752,-0.0628,-5.269,1.2453,-7.8088,3.9698,-6.5455,9.0711,1.6214,8.1597,-8.3083,-3.8364,1.0823,1.8088,6.0456,-9.6838,4.1622,1.0477,9.1795,6.0916,-3.9643,-9.6278,1.1136,0.3615,7.4535,-8.0108,1.7335,9.9301,-9.4992,-8.9122,-9.9386,-8.8279,-5.476,3.1825,0.0626,-8.2778,-2.8862,-1.886,2.6803,-4.7785,-9.903,-8.7115,-8.9963,6.4804,-9.6498,-4.3596,-3.0199,6.229,5.512,4.2864,2.9207,1.8247,9.0783,-9.8956,-0.0576,3.248,2.5841,9.5823,5.0289,1.9128,-4.5504,7.9159,-3.5414,4.2855,-3.255,1.9301,-1.4054,-0.6652,-1.8108,5.8032,1.7973,0.0802,-0.1201,-0.6434,6.2293,-0.0286,-0.1482,-7.32,-5.0922,6.1845,6.4949,-2.9902,-6.0521,5.8014,8.3027,4.0078,-2.4353,-0.1256,7.5322,-6.9639,-9.0474,8.1488,1.4466,2.7582,-7.2381,4.5287,1.2726,-3.273,3.3959,8.362,8.3966,-9.3003,-8.1553,0.9256,2.5325,8.6771,2.3236,5.9581,4.1463,-1.3295,-3.28,2.7734,2.9082,-2.8822,-3.8711,-7.7551,-8.0946,-8.2485,3.9952,0.6442,7.4965,-7.7397,9.982,-0.9516,5.7327,-5.4083,-3.6276,-7.5587,-2.9417,-2.5462,-3.5053,8.1362,6.9895,-7.8726,-2.1623,-3.6806,8.6073,2.0394,7.8023,-1.7228,2.3726,-7.2265,-7.6628,2.2583,1.2773,7.869,3.7367,-5.7443,0.4174,-9.155,3.1005,-7.5512,-1.6918,-9.2299,3.3341,3.6813,-7.0764,-6.4924,-3.5502,9.9044,7.7335,-0.7327,6.1317,-9.9189,-7.6688,4.5692,7.9107,-7.7011,5.678,-8.8143,-3.0286,5.3411,-0.4307,4.8942,-4.3282,3.3793,5.7895,-6.0261,-6.2786,-9.0998,-2.3565,-9.7206,0.547,-4.4508,9.7811,7.4381,0.9929,7.9825,9.2557,2.0033,-2.8426,7.6551,-4.6674,-3.4385,2.9987,-9.3426,-7.6531,1.0915,-7.217
7.1251,7.477,0.2574,-8.152,-4.3979,1.6754,-8.9,-2.9169,-6.4264,1.5246,7.4414,7.9765,-8.0458,-8.1065,4.5173,-9.8763,-0.0582,3.1996,-2.2284,-1.4646,-1.1999,-4.0817,-1.5863,6.0654,6.7209,1.9608,-3.924,-1.8893,4.0713,-0.5197,-7.5584,3.2932,-8.1309,9.748,-3.5866,-6.8338,1.9186,5.1132,4.3695,-4.65,0.8038,3.8409,6.2846,-0.3153,-9.8408,-1.5508,2.2921,-7.1839,8.5165,-6.4262,-6.9493,-9.9776,-5.0004,6.7193,4.3879,-6.9975,8.6712,2.7986,0.1235,-7.4916,7.7882,2.0102,-7.2485,-0.3539,-9.2587,-8.4759,-6.2768,-1.4776,6.3565,3.4284,3.6888,-8.4851,-6.0247,-1.1243,8.7669,2.5417,-5.8002,-9.8864,-8.6993,-6.4703,2.581,-7.1244,-9.1666,1.4942,-6.4497,-5.5225,9.3151,6.2824,6.7034,-9.3652,9.4131,-0.3774,-8.2528,-3.7064,-7.9637,-3.4524,-7.4472,-4.9987,-8.6467,-4.8745,-3.1859,8.2841,-6.2178,6.5597,6.3542,1.2214,-1.2477,-1.9812,8.2086,9.0758,4.0216,7.2752,5.6814,4.2865,-5.1766,-1.7108,-5.0219,5.0667,-3.9773,4.074,-3.3846,-8.7502,7.8427,-1.7014,-5.3992,0.7048,-7.3403,-9.776,-9.5145,9.8132,5.9157,6.8967,-0.1606,0.6214,-6.3163,-0.0396,1.6017,6.4517,7.0678,6.3851,9.0603,8.0978,-4.4485,-6.0649,-2.4905,-8.327,6.6101,-0.6912,-7.5973,-0.8905,1.0333,-2.7707,-3.6989,-1.1505,-4.9978,-2.4668,4.1142,8.0674,-8.9424,9.4021,-1.5525,6.8855,3.1849,6.4722,-6.9003,-7.4895,-9.0588,-5.6464,2.9049,0.0596,3.3101,9.4503,-6.7763,-5.5656,-5.5061,4.4845,-9.3696,-3.263,0.9807,-9.7287,8.6406,9.2322,6.4308,-0.5759,1.6945,-9.492,6.0976,-9.7466,2.5758,-8.2099,5.8346,0.5923,-6.8577,-8.6591,-5.0878,9.3839,-7.5789,-0.8874,-4.5547,3.2431
5.3355,8.763,-0.6869,-0.7537,-4.4176,4.9494,9.8445,-2.8694,4.0558,5.4222,6.2813,2.0921,-1.8875,1.8223,-7.991,9.3962,-6.8793,-5.6377,1.9742,0.789,-8.6833,1.2011,3.2976,-0.4094,1.5442,-7.6837,7.9465,9.8772,2.2875,1.0033,4.0155,7.6979,-6.3112,-0.0663,-1.9072,-6.7974,-1.7614,7.5606,-7.7259,-6.376,2.8307,-5.7507,-6.532,8.476,-1.2002,-5.7145,0.1243,-8.6578,-5.3431,1.3981,-6.3679,8.4697,-5.1082,-4.2729,4.1501,7.3213,-8.348,1.1387,4.6721,7.3009,-8.2477,9.895,-8.0179,6.0637,-7.0442,2.3442,-3.1963,-3.1961,-2.5936,4.3891,-2.2417,8.671,-6.0139,-9.8999,-6.491,9.1823,2.822,2.292,9.5516,-0.9332,-3.7438,-9.7975,-4.4183,-0.4517,-9.9682,7.2209,0.9384,7.5837,4.1826,2.5283,4.2133,4.7986,-1.9841,4.3489,7.3417,5.0285,3.494,6.7025,-5.8009,-3.5173,1.5294,-5.9311,3.8912,5.0804,-9.4845,3.2016,-9.3904,-9.0545,-7.0199,-5.4148,7.2679,1.1475,-8.8999,9.2288,-0.6618,1.0093,4.1454,6.7767,1.7909,2.5058,-8.2842,-8.9216,-4.8052,0.97,7.936,-6.5278,8.7985,-4.7153,6.3914,-4.296,-1.9004,4.0515,7.6432,-5.0834,5.4434,9.8694,-2.0124,-8.0452,1.4232,-5.2345,-8.1516,2.0772,-2.964,-3.95,8.1996,-7.7954,-1.0698,4.2684,2.4108,2.8154,6.1002,-3.2136,-0.9582,-3.4259,-4.8765,-2.6735,-3.2503,-1.5352,7.1308,-3.0267,-1.1124,-1.3789,-4.3356,-0.3734,7.3367,-4.4928,-0.2653,-0.3372,3.8489,0.0103,-5.4695,-2.6286,-6.5248,-8.2444,-6.7258,-8.0271,-8.1627,-7.1683,-2.513,-7.1426,-0.254,-4.878,6.7512,-7.6875,4.3113,-8.5392,9.379,4.2327,7.251,-8.1577,2.1888,-9.8591,-2.5812,9.6479,-2.6789,1.508,0.3335,-3.7555,-8.8365,7.413
3.3207,9.5413,2.3642,-7.8796,-1.1376,-4.7065,8.7297,-5.755,-1.1062,8.8992,-8.2708,4.8934,2.8325,-1.3611,-7.9787,6.7484,-9.4538,5.6988,2.0893,-6.1443,1.2139,3.8802,-2.236,6.013,9.1269,4.8544,-9.9576,-3.159,8.256,-3.2391,-6.1985,-7.1196,6.0296,-5.1283,-0.8468,0.0604,9.251,2.9513,9.1928,-5.825,7.2166,-5.8829,-4.4756,9.5674,-0.0996,-2.7805,3.0562,5.5863,-0.9331,6.7197,2.8123,7.1813,8.9761,2.823,4.2421,-8.3909,5.8884,9.5108,-0.5517,-1.8799,3.9837,-5.7597,-7.6497,8.5595,-8.6522,3.909,-3.9708,-9.7885,-5.2248,6.5817,-9.5928,-5.7449,4.7478,9.6614,3.2869,0.6795,-2.2072,4.6394,-5.7355,-8.3563,4.0297,8.1468,7.4435,-2.46,8.7693,-8.3836,-8.6974,0.8881,3.8381,-4.5169,1.737,-8.8716,7.9775,1.1876,8.8868,1.6302,6.9536,9.0011,-0.6014,-3.4018,-3.5444,-2.6007,-4.7119,8.8211,0.5529,2.116,-8.6248,7.649,-8.3938,0.3081,7.3151,-7.9039,6.6259,4.3058,0.8103,-3.3106,4.4855,8.8161,-6.7286,-9.8794,-9.9128,9.7646,1.1451,0.1346,-6.1974,-3.8843,2.162,-7.0253,0.0074,-9.6691,4.867,-5.9942,9.5763,9.2403,-8.1493,-0.4464,-4.2859,1.0271,1.4399,5.1604,2.8092,-6.5844,0.543,8.76,-9.347,-9.1302,-5.0665,5.2805,9.983,-6.3759,-4.1816,7.2438,3.0352,-3.7743,3.9752,-6.4136,4.2226,-7.8077,1.4565,-0.2223,-1.2637,0.9311,9.7703,0.6929,-6.9408,-6.1807,-5.1882,4.6209,-6.304,-5.8564,9.5603,5.1403,-2.3959,1.69,-0.6723,2.3416,9.0753,5.7135,0.4627,-7.0688,-8.7387,-0.259,-8.6794,9.6001,0.1065,-6.762,-5.3269,-5.4512,0.2555,-1.1981,2.5499,-1.968,3.5045,-2.4747,-3.8624,-9.1891,5.9093,0.0448,-6.0353,-0.8372
-3.4114,-5.6876,3.2952,-0.7131,-1.3842,-0.6394,3.0421,5.9673,-0.7484,0.8497,2.9093,-6.4987,5.4236,-9.3385,-5.2529,9.699,2.4896,-1.561,4.7255,-2.194,-2.772,5.0075,-0.6478,-0.5801,-7.7701,6.5032,-3.0784,1.2981,-1.8031,2.1674,0.5397,9.1711,9.1549,-6.5889,7.8635,-1.2319,-0.6356,4.7694,0.1346,4.396,-1.6176,4.4783,-0.1769,-7.7618,1.9735,3.5037,-5.056,3.3245,9.9061,-0.3379,-3.7538,-6.5976,-6.0548,-5.4644,-2.7781,-9.4895,-0.456,7.7223,-0.6734,0.1866,1.4314,9.4982,-4.1797,9.1869,5.2583,-1.1341,6.8453,9.1104,8.7962,-0.9728,8.1884,4.0798,-8.4403,-9.2668,-2.0127,2.8963,7.8841,-9.2522,-4.5955,4.9515,-2.7333,2.0597,-2.0319,-5.8531,-8.7909,0.75,-6.2903,-8.6125,-3.81,8.5215,1.2025,-5.2006,2.3831,5.4106,7.0001,9.8092,2.3487,-1.3506,3.5882,-7.7984,4.7503,-4.4258,3.3251,-0.6811,-4.9388,5.3941,7.5483,1.4136,6.7698,6.796,-5.147,2.1983,9.8638,-7.7051,2.9322,-2.6649,-2.2417,-8.7888,-4.3825,7.0992,-8.8123,-3.8658,9.7316,-7.0903,5.2451,9.8887,7.7937,7.1048,9.9412,-4.5543,9.213,0.8188,-7.8724,7.3097,-7.3835,-6.4583,-9.9877,-2.4429,-1.6703,-4.8181,6.4041,7.6235,-4.109,0.3943,8.8375,-6.3894,-5.6246,-2.4732,-5.1643,-9.2645,7.9707,-8.9466,-2.6985,-8.0938,-3.0411,-7.8351,-7.7756,2.8206,-1.1406,-4.5424,9.096,9.4085,2.254,-5.9202,8.6137,-2.6764,-0.3154,4.7526,4.8341,-0.8141,0.7723,9.4565,-0.0923,4.125,-5.7538,2.385,-6.4381,-2.6763,-1.0287,3.4223,-8.3708,-7.9943,-8.9587,-2.3742,-5.9702,5.3891,6.5034,-5.1067,2.3012,-0.2088,-5.9892,2.7241,4.7419,6.7504,-3.9594,-6.9135,8.6353,8.6188,-4.2805,-8.8736
4.174,-2.6991,5.1727,-8.5668,-0.8191,-3.3523,2.8531,4.1889,8.9747,-3.0447,-7.4166,9.2231,1.4036,8.6683,6.6114,-0.1836,-8.2288,-4.0148,3.984,4.6828,-4.9697,2.8132,-7.9432,-5.7297,-7.5492,-5.9332,-6.69,4.3901,8.3103,9.3282,-2.176,7.1901,-8.1711,1.3811,2.1063,-1.7975,-9.5496,-3.3948,-9.9,6.1669,9.9781,-5.8411,5.431,7.8296,-4.2314,2.9676,-5.0174,-8.6761,1.5456,-4.1844,7.2502,9.1612,-6.4538,-6.9996,-5.9948,-0.6934,-3.6378,2.8146,-0.7046,-9.5616,4.9835,-2.9386,3.2754,6.8019,-7.8255,1.9145,8.6426,-7.303,2.1234,-5.6692,-1.4598,4.6135,6.8322,8.5105,6.0731,7.3786,-8.186,4.0168,3.9338,-8.2729,-3.2762,-2.9372,2.9416,0.8653,8.744,-7.1501,1.857,-7.3538,7.1834,-2.3729,-4.4062,-4.323,-7.6266,-5.8266,-2.3151,-9.3131,0.1227,-6.303,1.009,-7.2729,-4.8563,5.8302,9.8866,-3.0362,-0.5456,-1.1787,-2.8336,-4.8337,2.8566,-5.2937,-1.0154,-2.0888,4.9365,6.3448,-9.5603,1.3265,-7.7096,-8.2026,-3.2154,-8.582,8.5886,3.8603,2.91,-6.6287,7.0149,-4.785,-4.7282,7.8002,2.5037,3.3575,9.4539,-2.0125,-4.5172,-4.6794,-6.0212,6.7338,-4.2367,-7.6748,5.4999,9.2631,5.3314,-3.3522,-6.5471,5.7405,3.2623,-6.0594,8.9505,1.8428,1.8336,-2.0757,-5.8958,1.6765,-1.5916,-6.7278,-9.6126,7.6921,8.6367,-7.9874,-4.1308,4.5112,2.9249,-2.0458,-3.5399,9.7516,-7.7849,6.4375,-2.298,-9.7441,5.9725,9.508,6.5982,2.4383,4.9016,-4.409,-4.4407,7.1804,1.8097,-1.0569,2.6238,-2.3658,8.0163,-4.162,-6.794,-6.3906,8.4866,-3.8404,9.5451,-9.1887,-9.0136,6.4086,-1.9136,4.0771,1.8545,3.7431,0.507,4.0662,1.3973,-1.936,3.9584,-7.5693
-4.642,-6.2488,6.8048,2.446,-9.9703,6.5031,-4.4926,-9.7816,-8.3919,1.0822,-6.3539,2.5807,7.111,-1.82,7.4236,-5.7234,2.8202,7.8491,0.9998,5.6005,2.1007,-6.7964,8.3833,-5.9047,5.7012,-8.1348,-0.2133,1.6472,3.5044,4.0371,-8.8996,-3.5425,3.3618,-2.5059,-1.0688,-8.0382,2.0099,-3.4468,-7.7306,0.093,-1.9592,2.6024,-5.4218,-6.9634,-3.1523,8.383,-5.7213,-4.0838,5.6879,5.1965,-2.1009,6.2328,4.9524,-4.3067,2.4123,-4.7741,0.4238,-1.1312,-0.468,9.0844,5.8493,2.3702,-8.9683,-7.4453,2.7953,8.3707,-9.0281,9.7956,-0.5843,-2.3765,3.6418,9.7902,-5.9191,9.2568,-7.5189,6.2092,4.0706,-0.2486,0.9386,9.5375,5.3113,9.7921,-7.729,-2.0625,-5.0262,-3.477,9.3402,1.0788,6.6765,-9.8146,0.4436,9.1277,-3.1674,-0.1199,-4.0036,4.227,-9.8227,1.4102,-7.7684,-0.9429,0.0853,-1.8442,-8.9867,1.1567,-4.9869,-1.1793,-8.186,-6.7384,2.3145,9.8721,9.6219,-7.7032,1.5972,8.0757,-2.0178,6.0833,-7.1534,9.7173,2.8612,2.3509,1.6205,8.0527,-3.8231,-5.7225,0.6855,9.6936,9.6584,-8.1671,-9.0419,6.165,2.8595,2.5023,3.9864,-9.3739,-1.7923,-0.4111,3.1784,1.6063,5.1109,0.8547,2.6476,-9.8986,2.7378,0.2307,-1.7352,3.936,-9.9581,5.3823,7.7344,-7.7399,-2.909,7.3724,-8.7571,-5.4555,6.1144,-2.8573,-3.2205,-2.0313,9.3409,-8.8432,-2.6567,-2.7646,9.5823,-4.2427,8.8809,-1.933,-0.8688,3.5372,-0.3959,-5.6627,6.7895,-4.3572,7.1441,9.3622,0.6759,-6.5116,-6.7484,7.0358,-4.3272,-0.1178,5.6814,-8.889,-1.3335,3.4135,1.4956,-1.8671,-2.944,-8.4097,2.1069,-8.8385,0.4269,-7.3235,-9.2011,-0.2564,-3.8804,-0.2319,-6.7248,9.3304,-9.7204,-7.2862
4.2231,8.6036,-9.0847,-9.5535,1.1684,-1.1842,-5.9098,-7.354,7.0624,-7.5207,3.907,6.5402,-9.5535,4.891,3.6654,0.8607,-8.4123,8.1573,8.1694,-3.171,-3.275,0.9443,7.5108,8.6445,-5.0133,1.1269,-2.7113,-5.638,-9.9423,-4.1306,-3.4386,3.0914,2.8781,9.57,3.2614,-6.9377,1.7927,-6.6895,-6.9212,8.5445,-6.4271,-0.4578,8.1463,2.1372,-0.8086,-3.299,-7.4842,7.1759,6.0585,8.3672,5.4914,-0.1993,-6.1239,7.6215,-5.9157,-0.6345,3.1736,6.9728,6.8756,-2.7084,-7.5646,-0.2042,7.4589,-4.2145,0.7621,-6.843,4.8633,2.1388,4.7945,-4.2004,3.5287,-6.582,-1.6165,6.8252,0.2269,7.9864,6.3403,0.5489,-3.1958,4.9504,5.0113,0.3846,-7.2541,-3.6003,-0.4221,8.8787,5.4753,5.5461,-5.9131,-6.8999,9.4406,-4.2502,3.1056,5.0661,0.4536,-8.5115,-3.285,8.6313,1.1562,9.0175,-6.7658,-8.6391,3.1907,-4.4348,1.436,-2.6728,-5.016,-8.2341,1.0429,-8.9201,4.3637,-4.7402,-7.1688,6.605,8.0356,-7.4666,9.0274,-0.6133,-7.6091,-2.6156,0.9872,-4.7471,5.6164,-7.6505,7.6895,-1.6529,9.5393,-1.0443,-9.6713,-2.1975,-2.1176,-2.8293,5.0542,1.7061,8.1069,2.5053,1.6906,-4.5602,3.2317,4.0215,-9.11,-8.9622,-5.8019,1.6794,2.717,-2.8762,-5.1091,-6.7042,-3.9688,-0.9306,1.9945,7.4149,2.6896,0.9255,-3.0842,-1.3798,2.8962,2.7405,-5.7746,6.1983,6.5949,9.6322,7.8801,-7.9696,-1.3007,-8.8508,5.3761,7.4507,-0.2109,-6.2809,-0.8123,-7.3785,-8.1923,-7.5525,-7.9689,7.856,-9.3859,-4.35,-5.8849,-1.0971,-4.8995,-4.9986,7.8511,3.2236,-4.0764,-3.5722,-2.6146,-2.0806,-6.2431,-3.0007,7.4821,4.3899,-9.2314,6.1945,-1.8724,4.4901,-2.1377,5.512,3.2767,3.4461
7.6335,6.5109,-0.1526,3.233,-2.4234,3.199,-4.6682,1.448,6.2867,0.0998,3.648,-4.2476,6.3907,-0.55,-2.0637,-9.395,-8.0104,-7.5128,-0.2866,-8.4549,2.4081,-6.871,2.4516,0.2551,-4.3128,-0.7152,-0.7852,-7.3576,-0.7333,2.8241,3.8786,7.853,4.4552,0.6781,-4.0173,-0.6677,9.5083,8.8966,4.7497,-9.3364,-8.7086,9.5005,6.2073,-0.2368,-1.9931,-6.3401,0.379,3.0143,-7.4291,-0.5321,-2.8806,7.7619,4.2278,8.0608,-2.8563,-6.7506,6.6102,-1.5265,1.4613,4.4319,2.4384,6.0526,-6.4753,-8.2538,-3.2552,0.5369,5.1079,5.8135,1.3606,5.4604,1.4542,-5.1242,4.9595,1.9331,1.3482,6.183,-9.2348,-5.362,3.7178,-5.6221,-6.1492,9.0206,8.6375,-0.6171,-7.9398,5.7045,5.675,-2.8217,5.1372,-8.2193,-0.8971,-9.0244,7.6352,-3.0154,-6.6128,-7.0925,-7.8512,-7.8266,-0.5232,-6.5539,5.2541,0.1884,7.4389,6.4857,4.755,-6.5766,-0.7699,8.3428,5.2831,0.8879,0.9616,-3.0953,6.934,8.0069,3.6731,9.9875,5.6546,6.4577,0.0694,-0.5989,-2.6726,-0.2189,1.964,0.8243,-5.9306,-1.2071,-0.0558,0.8157,-8.8894,4.5889,9.3655,-6.232,7.3437,-5.9073,-8.9415,4.8934,7.218,6.8834,-8.2384,-9.8666,7.7419,-4.8434,-5.6833,6.912,-4.1438,-0.1456,8.5058,3.8723,-1.2893,0.0494,-3.4228,7.1405,1.0688,6.3846,9.9571,-0.5744,-9.5679,7.7972,-5.1805,-4.8682,-3.2452,9.3643,2.9011,4.7817,-7.2662,-2.4736,-5.1641,-9.6372,3.1165,-9.7872,7.3891,3.1529,0.6467,-1.0796,-1.2699,-3.7303,3.41,2.1514,-3.7138,9.0208,-2.3736,4.4893,-1.067,-7.7637,8.1754,5.9301,-6.4574,-1.3251,7.0505,4.705,3.1144,6.3242,-3.6492,6.939,8.141,-8.8368,8.2799,9.2962,-2.2713,7.7969
-8.9129,3.9775,-0.6373,-0.2602,8.2782,2.4732,7.899,-6.3824,4.323,-5.3104,-6.7742,7.3746,1.826,-7.1444,0.8327,2.9533,7.9468,-6.1891,-6.2525,4.4029,-1.965,4.277,-6.013,2.7535,-5.9437,-1.6261,8.13,-5.5418,-5.6225,4.0313,-5.1978,1.1454,1.5672,7.2805,-8.9385,8.613,3.4943,7.1648,-1.0418,-7.1595,7.2561,-1.7512,0.9317,-2.0809,-8.4763,-5.5947,9.0812,1.9194,0.197,-9.2222,7.5326,9.6796,-8.7243,4.7254,9.1885,8.6015,3.08,0.8546,-8.6161,0.8647,7.413,-6.9592,-6.9364,6.2409,9.3818,-8.3326,-6.9535,-2.0073,8.7456,-8.2178,-9.2437,8.4854,-1.4061,1.5083,-2.9521,2.6577,0.6315,-9.6435,-6.4433,-8.9176,-7.8888,-6.7766,8.1674,-5.8232,9.8112,8.0586,-1.4878,-8.5059,9.2835,4.9625,-3.5547,-4.5783,7.7165,5.641,-5.8206,-5.7973,5.9987,7.3421,0.5191,-6.9309,-5.0956,3.0461,-6.5468,-9.3453,-4.0022,2.8639,-0.194,9.1353,-7.3116,8.5578,-0.5427,8.8651,-6.4021,-4.7903,-2.7706,-7.5086,-6.1676,-1.7974,1.1725,1.4735,-9.8633,6.0018,-3.945,4.7337,-4.5752,-4.315,1.9163,-9.6615,-7.6241,9.3669,-0.8165,6.5224,6.3967,-9.88,-0.7597,2.4476,5.8798,9.3206,-7.1505,4.073,-1.1968,-2.1178,-9.9788,9.8034,2.3613,2.5891,8.7219,-5.3148,4.0822,-0.7999,-0.2421,5.69,-4.6216,8.7296,-0.2381,0.3283,-2.1675,-8.4764,1.0784,3.1314,-8.9852,-4.0676,6.594,-0.0942,2.0523,-2.6616,-8.8565,1.2078,-4.9026,4.1983,-2.0836,0.1748,1.2296,4.447,6.24,-7.9823,-8.1333,-6.7858,3.1599,-4.9781,5.472,-2.3202,-1.6075,1.1732,2.327,-9.635,-1.7168,6.3321,2.2054,-4.5017,8.5922,9.3701,-0.6982,-3.056,7.4574,-4.3592,4.5559,3.7248,2.6803,-6.7805
-6.4806,-2.25,0.8451,-2.7093,4.6404,-4.4499,2.1233,-5.0931,-1.1775,-1.4987,0.1942,5.0579,-3.1789,2.8951,7.9412,-3.7443,0.2828,-3.9575,6.6029,-4.1954,9.7027,-8.6707,7.8892,6.0408,-6.9135,3.3384,-9.258,-8.9047,1.35,1.7357,-3.798,7.4275,2.1031,2.8679,2.147,-1.9162,-8.6214,1.2843,6.4969,8.1225,-7.2779,4.6677,-5.7997,-5.8531,-8.7018,9.4502,4.9614,-3.2256,7.1059,-7.0982,-3.1843,-9.0118,-1.2669,-4.9161,9.7934,-6.2078,-6.5764,-9.0489,0.0873,-8.4159,5.2613,-1.6399,9.8741,-8.5967,-1.1337,9.4134,-1.3939,-3.0558,-7.2743,2.1096,-3.7344,1.4373,8.4246,1.503,-8.7473,-0.1257,4.1399,1.9719,-7.2877,-1.4755,0.6223,-2.283,8.4747,9.6997,5.2177,8.4292,8.7536,-3.0271,-3.1766,-9.1753,-5.6772,-6.9124,-6.6451,-6.8327,-3.261,2.9906,7.2736,-6.3581,2.9901,0.3087,2.9425,-9.8645,6.8457,-2.1807,5.6796,-3.1672,9.2429,3.4611,8.5657,-1.7161,-4.063,-0.9279,-7.1249,-5.5726,-2.4433,-3.2193,-9.1553,-5.7101,2.343,7.9418,-6.015,-5.7627,4.9054,2.7601,7.7228,-7.0879,8.0448,-4.4339,-4.4848,-1.5853,9.2468,-7.9411,2.4209,6.9999,8.9106,5.3977,-8.7249,6.4324,5.5466,8.924,-6.3958,0.0479,-2.0869,3.8653,-6.7835,-9.1498,-3.6793,4.4423,2.775,-4.0397,1.8853,0.6223,-3.7524,-9.6026,0.0916,-9.8112,4.1547,-5.7183,-3.6672,-7.748,1.1769,-7.6988,-1.2188,3.3166,9.394,0.2495,-5.4465,3.7126,-3.8674,-4.4372,2.6893,-8.8317,-2.2226,-2.6489,-6.9419,2.1228,5.45,-3.856,-2.5294,-2.4107,1.6552,5.3389,-7.1049,-9.6931,4.8494,-3.136,0.4727,3.2664,9.8566,5.2969,-3.4756,-6.3135,0.7671,0.0011,-7.5273,-0.8417,9.279,0.8032,9.8155,-6.0581
1.4768,-8.0191,4.873,-4.1528,9.169,-9.4959,1.289,4.076,-1.3833,9.3055,-4.0067,-9.5291,3.6877,0.291,2.1673,1.0529,4.3999,-0.5307,-8.6346,-8.8449,-9.3963,9.2865,9.1297,-2.2314,3.4312,-8.941,4.1397,-0.8758,-0.0274,-7.9705,-2.1843,-6.3473,-9.8703,-1.7412,-7.9158,-6.2927,-3.8461,-0.9335,-5.1839,9.0531,8.3859,-5.0324,-1.0254,2.1481,-6.2723,2.5664,-1.5893,-9.3787,-4.8616,-6.334,6.456,-0.0496,-6.3987,1.3789,-1.2755,-1.4495,-5.9715,2.7829,6.4059,-0.2989,-7.0245,-4.7675,-3.7213,7.6629,2.4768,8.5322,-3.5611,7.4584,5.8334,8.978,-5.1644,8.9435,3.1889,4.6904,-6.2823,-5.6789,9.8864,5.6797,7.7809,-4.7561,-0.0988,0.5915,-4.6722,-7.1096,-6.2812,-3.624,-1.56,-9.6256,-0.4584,0.576,-0.496,1.8496,-8.2076,7.629,-5.3253,-1.2477,7.1281,4.3133,4.4416,6.0107,9.34,-9.1775,9.9478,8.6982,-7.1643,-4.104,3.1799,7.6095,0.844,0.2598,-7.6067,4.4775,-0.0134,-7.9136,8.2464,-5.2521,0.6543,6.6809,3.4973,-5.3078,9.9924,-8.1425,6.1087,-0.7168,-8.5566,-5.1473,-8.3336,-5.8608,7.6943,-4.1506,2.2162,-6.0088,-5.1011,-2.9451,8.9568,-5.7714,3.1416,-2.5537,-7.1477,1.0906,-2.5425,7.4552,8.5147,1.4034,-4.1302,0.6377,7.7004,3.4957,-8.2656,-8.7119,-6.9075,1.3239,-6.6427,-4.9179,0.5626,1.323,6.4947,-1.2636,5.5561,-8.4095,0.8435,-1.4092,8.4931,4.4057,3.8306,8.0964,-5.0451,5.1566,7.3237,9.855,-1.418,3.3181,-6.2311,1.1793,-1.0891,-7.2424,8.3544,8.038,9.1713,-6.3975,-9.6221,4.8556,-4.5853,2.5743,0.6754,1.5664,-0.0789,-9.7943,-4.655,8.4421,-1.5449,-3.6634,-9.523,-2.5761,-5.5554,0.4164,3.8496,-8.7734,4.2382,-9.5481
3.674,-6.9077,-3.0366,-7.5421,1.0877,5.8342,1.2073,8.0641,-9.3597,-2.8549,-2.4054,-3.6169,-1.5805,1.4315,-6.1211,-5.9891,-7.165,-4.0519,2.9016,0.2926,-4.2559,9.1972,2.6719,-4.6082,-9.0801,-5.2939,-0.2396,-5.8768,-3.5305,9.7661,8.7133,0.1939,6.7578,-4.3938,4.9166,7.9109,6.6624,2.6573,6.5585,-9.8594,-2.2899,5.3745,-1.8653,-6.2625,5.4831,2.209,0.4821,-3.2229,-8.0511,7.2731,-5.9878,2.6881,-4.1255,-5.4013,-1.0633,4.646,-5.3883,-8.1456,-0.2989,0.9616,3.1329,-0.9816,-2.2542,-6.9469,-3.9955,-5.0315,-7.3505,9.0964,-6.3316,1.4418,-1.942,0.9595,1.6977,0.4036,-3.4036,-3.1864,-6.5906,-1.7359,-2.7592,9.8489,-8.1327,1.5545,9.7909,8.5557,3.8722,-2.0613,4.5422,8.7284,0.8448,-3.1376,-9.7357,0.1239,-8.1389,-3.6281,2.4522,-4.4447,-5.5227,1.7755,-8.536,8.5688,9.666,9.7834,-9.8661,-9.9533,-7.9365,8.3446,7.388,-9.6449,-8.5678,-3.9306,-4.4139,-9.9698,-8.3717,3.5632,1.8224,-2.9234,-5.1012,-0.5099,2.7706,-3.9064,-7.3406,8.3458,-7.6845,6.7714,1.2543,-0.6101,-4.8867,3.9993,-0.1828,-7.9417,6.4237,3.7009,5.3981,-5.4388,-3.5696,-3.4307,-6.7831,7.6431,-2.6813,-3.8489,-0.4962,9.1241,-2.6878,8.5996,8.6514,-3.5887,1.8739,2.8474,-4.2829,9.851,1.9353,4.2949,3.8148,-5.5303,1.8736,7.2806,5.2464,-0.8445,0.8594,2.8271,-2.5707,-3.3416,-1.0049,9.9726,3.9966,-7.3335,-7.5064,-7.2699,7.6309,-7.0968,-0.9796,2.8685,6.2158,-3.5451,-5.3738,-7.9327,-8.3976,-6.969,3.7036,-8.6111,2.9845,7.174,0.3597,8.823,-0.7048,-0.596,-6.8284,2.6802,5.2136,-5.9719,2.2664,-1.6956,9.6419,-8.5084,-2.1598,-1.7419,-0.6462,-3.9501,-4.3416,-2.948
-6.7753,-7.3999,7.8476,0.1024,5.6317,-3.148,8.5869,6.2414,9.234,5.4049,4.3295,1.8573,5.9227,-3.6995,-8.6391,-2.8139,5.4657,-7.8769,7.8339,0.7382,5.9922,0.1757,6.831,9.8974,6.1677,7.5436,6.4574,-0.9961,-2.9202,1.3038,-5.8953,-1.1806,-7.3502,-3.9974,4.0926,-8.5046,8.4166,-9.0101,-4.9287,9.1636,7.4218,-8.0661,7.4424,6.9457,-0.3816,7.3841,-0.3031,-7.0714,-5.4996,-3.3525,-3.1914,4.7955,-5.7028,4.9514,1.0486,1.9085,4.2183,5.7779,-2.3103,3.6574,-9.1025,5.4119,5.2501,9.432,-6.4012,-7.3651,8.4364,-3.329,2.1287,9.0858,3.5137,-4.7007,-7.4939,-3.1351,3.3355,8.9977,-8.7246,-1.3327,6.0717,7.4795,7.1293,5.5491,-6.3086,-2.9816,1.7621,-7.3086,-2.1656,-5.774,-4.0691,5.883,3.6999,-9.8899,8.7011,0.5134,3.0925,2.401,-8.5729,7.774,3.6806,-4.852,-8.2879,9.8654,8.7158,4.4565,0.6943,1.8425,-0.1462,7.2221,4.8031,-8.6105,-3.451,4.4979,9.7195,5.1699,-0.0738,5.3782,4.4929,4.24,8.9352,2.3418,0.3484,4.86,7.7272,2.5045,-9.6142,-8.5501,6.6361,0.1,9.7697,-5.6523,4.1487,-1.6397,-9.6044,-2.6693,-6.1227,0.8635,7.3656,9.8459,1.0128,8.5901,7.4391,-6.0692,-9.4609,7.1927,1.4705,5.5369,2.9012,-5.4625,-0.9619,-2.9728,3.894,-8.8762,-1.0601,-5.1079,4.1462,-0.7074,4.0127,5.8739,5.3684,8.4734,-8.0275,-8.3452,-5.3458,-0.9111,-0.014,7.9221,9.7555,-3.2309,9.0061,-4.9076,-6.3158,3.8286,-2.4305,5.9753,8.1234,1.4087,7.4351,-3.686,-8.6819,0.9654,9.2902,2.3682,4.5585,8.226,5.5619,2.0477,6.248,-3.3174,1.6465,7.7083,-1.6136,6.453,4.5993,-3.3743,2.9653,-1.1776,-2.9962,3.9411,-6.8876,3.1736
-6.9226,-0.2234,5.205,3.2899,-2.3959,-0.9967,-5.0906,-1.7154,8.0943,6.8569,-8.046,-6.3426,-9.2633,-1.684,6.5678,1.569,-5.2873,-2.1234,-8.129,-2.3202,-2.5106,-4.6506,-5.7942,-5.6846,-7.1235,-7.2508,9.5784,3.0589,2.8229,-2.1293,-6.6537,-0.2431,-2.4965,-5.1432,5.2,-5.328,4.3876,-7.4728,-0.0305,3.5647,3.7626,9.5954,-0.948,-2.4441,4.8871,-8.7147,-0.1644,7.421,-4.6993,0.0496,-6.7588,8.8963,6.9788,5.3242,-7.0611,0.0728,-5.7221,8.3586,8.5962,4.6038,3.1656,-5.1263,-8.5358,6.7654,-5.2344,-4.6565,-4.8614,-3.0374,-3.511,-4.8769,-7.4365,5.5234,8.8642,-6.9718,1.5267,-1.2069,-1.0249,5.1103,5.0815,-8.7454,7.8381,-9.7284,-1.2308,-8.1244,3.3222,-1.6773,-7.2009,-3.2383,-4.8069,3.0765,3.3887,0.988,5.5796,-9.5535,3.1178,3.0621,-0.7544,6.7643,-8.52,5.2186,-3.7191,-9.3685,-9.53,-5.1052,1.7303,2.3256,-7.7173,-4.1997,-7.9409,6.728,7.0606,-5.917,7.9738,-8.3539,0.7613,4.3461,-1.9906,-8.0905,5.2933,5.7427,-3.4521,-9.5599,8.4065,-8.3727,-4.7675,-1.2888,-1.0835,0.4442,-5.7863,-2.2368,8.6442,7.7202,-8.1797,5.623,1.0163,-9.3294,5.7676,-6.8984,-5.1277,-8.4898,5.318,4.1249,6.7151,0.135,-1.3775,1.0232,-9.8516,5.5518,6.5711,-8.8147,8.1975,-1.7714,-5.2707,-9.2226,9.6176,3.2852,2.3278,-7.066,6.0567,1.7921,-2.8846,2.5173,-7.2201,-1.5039,-6.8553,-7.7044,9.8849,-4.2857,-9.7741,-5.6282,-2.6742,-9.736,2.559,0.4399,-3.1849,7.7649,-5.1396,-8.171,-7.926,5.8407,-3.1818,8.0496,-8.3843,0.805,-4.181,8.8254,-0.4606,-4.5578,-9.3603,-0.2236,-6.9001,-8.5041,-6.9904,0.4544,-5.0682,-1.5429,0.4661,-9.0191,1.1301,-1.0122
1.1195,3.9864,4.2104,3.9175,-8.4891,8.0945,6.2048,7.5796,-6.5698,1.7332,8.6526,8.657,-2.5693,7.056,-0.7495,-8.3552,9.4654,-3.8252,-4.2361,7.9977,4.8745,-2.7269,5.9677,-9.598,1.6243,-4.5861,1.0858,-3.4052,4.4058,2.7087,4.3795,4.1896,4.956,9.6764,-1.1377,5.1234,-5.5706,9.2374,7.0158,-8.0658,6.0161,1.6832,-1.9691,-7.7861,2.4767,0.4626,6.712,-2.0682,0.4171,-1.3785,-8.4061,-0.7594,9.1483,-9.6694,4.6981,-1.5329,-6.4398,3.6361,-2.6225,9.8324,0.3479,-1.7351,9.2556,-4.297,9.4024,5.4909,0.9355,-2.5743,-8.63,8.8502,2.7467,0.5035,3.0686,7.7539,-4.0374,0.3707,6.358,7.6901,4.2245,1.7604,-2.2181,-5.1255,2.877,4.2796,-0.3419,8.9211,-6.8576,0.3586,3.4655,8.8509,-4.7508,-5.1106,-0.32,4.0622,-3.7172,0.1733,-7.4434,8.6146,-6.0687,-4.936,-1.5171,-7.2307,9.1114,3.0987,3.2071,-5.9785,-3.1962,-6.1419,-8.4118,-1.4151,-0.823,3.5018,-1.1495,9.7829,-0.2548,-1.0196,-4.6711,2.2905,6.2426,9.3326,-7.1379,-9.4598,9.5605,-1.6688,3.4722,8.9993,-9.514,-6.5623,5.8567,3.6367,-1.0632,9.1833,3.1888,-9.4165,-7.9668,7.6946,9.1702,-5.0948,-5.515,-9.1296,-7.6876,-5.1563,8.2053,-7.3016,-8.4652,9.5883,-7.8186,-6.5802,0.5459,-4.5723,-1.6841,-1.6632,1.4948,-9.6093,6.2194,-2.8837,9.9241,7.1104,-9.6445,6.788,-5.9718,-9.9971,-9.0983,7.191,-2.9607,-3.4045,6.0677,9.8596,7.9788,9.2559,-8.2351,-1.8328,-5.1239,2.3587,9.3738,9.3263,3.2901,5.5029,7.4668,-1.1802,1.0598,7.5036,-2.163,-2.4926,6.6687,7.4614,5.213,-0.6464,-1.7597,-7.6383,-3.5534,-5.3555,-6.2791,5.0129,3.2023,-8.6319,-6.738,-2.8147,-1.2206,7.0009
-9.2202,-5.523,7.7134,-2.6,-5.5312,1.6576,9.2216,8.6828,0.5118,-7.924,-7.0675,-3.7276,7.2231,5.9838,9.5271,0.124,1.6024,-3.6756,0.2266,4.4723,-9.2046,7.7447,2.2601,-3.7405,-3.5451,9.8275,-4.0312,1.1782,-2.8076,1.079,-1.5293,-0.2382,-8.4062,-8.7285,7.067,6.991,9.5706,2.274,-3.9601,7.5129,8.9542,-4.1374,-1.6774,0.1155,-1.3431,1.6797,8.0641,8.3064,-7.935,4.3307,-7.434,-3.4777,-2.0496,8.1803,-2.7384,2.0298,2.6781,-2.7869,3.9626,0.5422,-3.5234,-0.8736,-5.9249,-9.3229,-2.7022,8.3385,-2.4018,7.7166,-8.3756,-0.5775,-4.1126,-1.659,3.9741,-3.808,-7.236,-9.1809,-3.9817,4.3393,-0.6091,9.7356,-5.4358,8.2417,6.4676,5.5061,3.9211,-9.5858,5.4007,-5.8411,-3.9949,-5.5911,-1.4073,-5.7138,7.0634,3.5985,2.8845,4.814,-3.6608,1.0543,2.8645,1.2671,1.577,-8.7684,-0.8885,1.5712,-7.8318,-6.3534,1.3718,-6.5107,0.2375,-5.5845,-6.4591,5.8566,6.2047,-3.4007,-3.5342,-1.743,-6.0199,0.9959,9.4371,5.2379,-4.414,-2.9714,-6.118,3.9937,-3.2354,7.5118,4.4396,-2.817,-2.3069,-7.3319,-0.5979,8.6626,2.7625,-0.3459,-1.8438,2.252,8.133,-2.0839,2.2835,9.6281,1.9145,3.8434,7.5826,-0.879,-8.7934,-1.2423,-7.3546,7.771,5.8699,5.2744,-1.684,5.0564,1.5615,-7.8823,-6.9042,6.5299,7.5397,2.8711,-5.0431,8.088,7.5117,4.1511,5.2653,-7.8162,5.1192,7.5197,3.5714,8.6592,-8.1869,-6.8516,9.7788,7.5777,-4.8147,8.5978,-8.9684,-0.9404,-6.1289,8.4827,9.9251,-7.7821,7.6611,-8.686,8.7681,8.4181,6.0028,-9.4665,-4.6451,0.7081,-1.042,-1.1786,3.8036,-7.078,2.6507,-7.0141,-4.7066,1.8288,3.802,-5.3895,-3.7937,5.2457
1.5569,-3.783,0.9644,-7.3931,-1.5835,5.7531,7.6004,-9.8512,4.0311,-9.7816,4.8867,6.9914,8.4587,-8.1255,-9.7623,-2.6299,-4.9133,-1.7721,-6.6784,5.4107,3.099,-2.1077,4.0559,-3.1174,1.4142,-0.9563,-3.3557,-8.8364,-3.6887,-0.6697,-3.9482,9.4285,-6.27,-2.2585,3.7032,-4.6095,0.1193,4.3835,9.2224,0.8303,4.589,6.1613,-3.0393,-0.8335,7.3165,2.781,-9.6477,7.9538,-1.9161,4.3592,-3.1521,0.5354,-0.2822,-8.639,-2.1255,-5.0314,1.973,9.1849,5.5887,8.2576,-0.1483,-8.9876,-5.1036,-0.3786,-2.8129,-0.7958,7.4319,-9.7416,-5.7705,9.361,2.0797,-2.6428,-5.9598,-1.4197,6.178,9.6105,-4.7295,6.1111,-9.2264,5.0302,6.851,-3.8942,4.1199,9.252,3.2803,1.8547,-8.3458,-5.6532,-4.5579,-6.6836,-8.1543,7.6118,-6.0818,7.2672,8.7445,-1.686,-4.3506,5.9903,9.573,-7.0681,-3.2445,5.3906,-9.894,-2.4221,-7.5398,6.2944,-4.8272,2.3756,1.4916,8.5805,-8.437,-0.3834,7.8971,0.5857,9.2153,-5.1777,-0.4009,6.0616,-1.0614,-4.9899,-7.7951,6.9554,-7.1584,-7.3222,-2.2635,8.5863,1.5637,-2.732,8.3611,-4.3453,-9.4893,-2.8348,2.6016,7.8579,2.4623,1.6956,4.413,-5.8236,7.7604,1.7924,0.6205,2.8098,-8.0691,2.6201,-7.6165,0.0167,6.4538,-7.0697,-1.9561,2.6221,2.9525,-6.7381,-3.3455,-9.6606,5.9224,6.2664,0.6671,9.5575,-7.795,2.7711,-5.9846,-3.0256,-9.111,-7.2354,-2.6949,1.4187,-0.2765,9.5328,5.9924,-8.9448,-9.4552,8.1355,0.5526,9.7251,-9.2312,8.3779,3.3901,-0.4407,-4.6321,0.2066,3.9632,-5.5207,6.5866,7.0244,2.7947,0.2871,8.111,-2.7793,2.4227,-1.086,-3.7381,8.5288,-4.91,2.737,-4.4481,2.0755,5.1909,-0.9636,-1.3154,-0.1531
0.7142,0.2235,-6.8085,1.9593,5.202,4.6444,3.2352,-2.1129,0.6618,5.7705,-7.2247,-0.3968,-0.6669,2.6457,4.432,-5.6454,-6.2961,-6.96,2.7623,1.9495,-6.4218,1.9839,5.6797,-7.0147,-5.8555,-5.5802,3.27,7.9163,-8.9426,7.1813,-1.7412,6.6642,6.6464,2.8944,-5.1434,-9.4161,-6.604,-3.572,5.426,4.2672,0.4656,-9.355,-7.6494,8.5609,4.3795,8.2886,0.7993,-8.8929,5.623,9.7944,0.2116,-8.2496,2.7847,5.1468,6.6214,5.0327,9.5793,-2.3305,4.8103,4.4387,-2.3407,7.8487,-5.2291,3.57,-1.874,-4.4057,-7.7299,-9.8497,-5.5272,4.3711,-0.5974,5.2889,9.4024,-6.9573,-3.0649,-5.8708,1.7129,5.3249,-5.7183,5.9829,-9.2187,2.9707,6.9516,8.3574,-2.8889,-7.8517,0.0194,-0.6891,2.5067,1.608,-6.0245,-9.0893,9.4071,-1.7559,1.4968,-9.2648,-6.5229,-0.1535,-0.944,-5.0503,6.0533,8.1368,-4.1857,3.8158,-6.7948,-7.9172,-6.4206,-7.038,-0.2261,-5.8119,-4.8777,-5.5395,2.8463,8.4412,-4.45,-5.1099,-7.5231,9.6995,6.4785,-2.6909,-9.5631,0.5861,-6.1156,-9.7201,-2.1547,3.2267,5.7063,-4.8313,-0.3204,4.5565,9.792,8.431,-3.7266,-1.7476,8.5567,1.2665,-9.7789,4.3301,-0.7332,5.2067,8.2792,-2.5871,-0.7047,-1.2107,-2.2786,-0.3397,2.4332,-9.8345,7.3391,7.4132,-6.3085,-7.6156,4.1637,9.0442,-7.0286,6.42,9.0036,6.3927,1.0004,8.4348,-9.7453,7.2492,3.8594,-2.2096,7.2123,4.7494,5.9242,-4.298,1.508,-2.8229,3.1118,4.7993,2.9348,7.5779,-7.4351,1.0453,0.7315,4.9773,-0.3258,-4.9236,-4.9198,-3.3021,-1.6983,3.7014,-1.5993,-5.5994,-7.278,4.0884,-7.7714,-4.0643,-5.7483,-8.3148,7.6901,-8.563,-5.2655,-6.5919,7.0565,7.9046,1.0804,4.0178
6.8721,-3.8286,0.3561,-9.8517,-5.0172,0.47,-3.3083,-7.1498,-8.1434,7.014,5.0289,5.719,3.6227,-6.5105,4.7273,1.1262,-9.6957,-8.9901,-5.6113,5.7589,2.0047,1.9553,9.7441,-0.0866,-0.8011,-0.7505,-3.7691,-5.6226,-8.577,-3.7427,-7.654,-7.019,1.6173,-5.5361,-6.6531,0.5319,-9.8206,1.497,-2.3009,-4.2648,-8.7357,-5.2075,5.1503,-1.5567,2.8536,6.9212,6.8633,6.2026,-7.1903,3.9836,-6.3482,2.8802,-1.3671,8.7155,-2.3927,6.2805,-5.5201,-9.4982,5.1667,4.1459,-6.1775,-5.7548,7.943,-1.3122,1.3728,-7.7328,-7.8471,5.1028,-3.747,4.6717,-7.9936,-9.723,-1.6811,-2.1649,9.3081,-9.3886,2.3582,6.4131,-3.0327,3.7185,5.7841,-4.1884,5.9838,9.3837,-3.7417,-6.1075,8.3155,-9.5828,-7.3294,-2.2429,3.6699,8.6019,0.7378,5.6486,-4.602,3.7572,-4.9399,7.2057,-2.8303,4.5415,-2.2674,1.5649,2.6243,-5.3671,-4.0296,-4.8091,-1.27,-9.0295,9.8357,-4.1952,-1.2729,-4.5185,-2.1879,8.106,3.8911,-0.0417,3.6532,-0.0781,-5.9093,-4.0967,-0.2325,4.7397,-8.9276,-2.6026,-7.3783,3.1333,-5.6368,-3.017,-1.8038,-1.5354,1.0106,-7.829,6.1729,0.9266,0.7318,-4.391,-9.8954,2.1797,-0.4503,-2.0185,0.8901,4.1615,0.9361,-1.3695,9.8219,1.7589,-4.5489,-5.4938,-0.512,-7.3473,-9.4309,1.1815,-1.8203,6.2142,-9.8969,4.2975,4.2797,6.7201,6.281,9.4389,-7.4313,-3.2735,9.1126,6.6099,6.2104,1.3837,8.9986,-1.3369,-3.1147,9.7492,-3.1542,8.0852,-2.3047,4.5415,-0.2892,1.8594,8.0559,4.4425,6.0167,-0.9565,-7.9744,8.4183,9.5424,-4.2904,7.4699,1.1713,-2.7994,-9.4835,6.0128,9.6701,-5.8452,-9.8598,-3.4679,8.2555,7.3486,-1.2299,6.342,-4.1449,1.5033,3.432
-7.7496,-6.8822,-8.3328,9.9179,-2.2222,-3.678,-3.0912,9.3609,-9.492,8.5502,1.4789,0.7644,-3.0756,-9.4247,6.9418,0.5311,-9.8972,4.0708,-1.5368,-2.1153,-8.7716,3.4532,2.962,9.3743,-7.8394,8.9068,-0.4358,-8.9265,5.1087,-1.734,-8.1987,-7.4676,9.2669,3.0825,9.0561,5.5225,2.5218,-7.6253,-0.9953,-5.1876,-6.8019,-0.1236,-3.7337,9.0656,-9.4187,-9.4324,2.4836,-8.1395,1.0804,6.3154,-7.4914,-8.5923,9.031,7.197,-5.0683,-0.3516,-6.9113,6.7696,-6.1565,6.6018,-5.0424,-7.797,-5.7348,0.8117,7.7015,-9.2279,-7.1372,1.0621,-8.1844,-3.0485,-2.5247,-0.2426,4.3673,-5.0763,-3.4464,-1.3439,-2.1539,4.3278,-9.0838,-7.0402,-7.2372,0.7112,-8.3002,-8.504,5.6252,9.607,-9.2734,-6.5628,0.1807,8.001,0.0832,-2.4094,6.7855,5.4115,6.0031,-5.3176,3.0055,-6.337,-0.8743,6.7799,5.906,1.1034,5.3999,-8.6514,6.5985,5.8851,4.8328,-7.1172,-5.7308,-5.6139,3.683,-4.3922,-7.3622,1.2558,-2.8638,-0.3876,4.6116,-5.3637,8.1282,4.3713,6.3642,-1.7398,1.7281,5.6937,-9.0576,-2.6717,-7.7023,6.0195,9.434,8.0663,8.3773,-2.4997,0.4115,-2.2115,-2.6865,-9.7064,1.8145,6.2622,-2.0548,7.014,-1.07,2.7891,-9.7631,2.414,-4.1175,6.0324,-9.972,-7.8111,6.355,-1.0778,-4.6366,-9.6196,-2.8189,5.8854,0.5973,-7.6471,-2.5512,-3.0982,-7.886,-2.6254,-7.2297,4.2387,-5.4689,-4.2324,-6.9696,5.8956,8.5915,-6.139,0.5473,8.2016,8.8649,-7.2296,1.9846,0.0991,-1.8182,6.2954,-9.4831,6.8367,-5.3029,-7.1205,2.6093,8.8294,0.3709,9.2768,2.2804,1.9218,-6.2809,-7.0338,2.6029,-8.753,9.4683,-4.4358,-0.7327,-6.355,-0.995,-5.3778,6.7674,-8.7332,-1.6768,5.3504
7.6873,9.3486,-8.8527,-7.3719,-5.0435,9.1034,9.3734,1.508,4.6735,-0.6186,8.0849,-7.8168,6.0488,-0.4463,-0.9021,1.3705,-0.5042,7.0741,-5.1928,-7.4673,2.801,5.0244,-0.0941,3.0234,-0.3758,6.6524,4.2212,9.2027,2.1116,3.4962,0.6341,0.8814,-8.4363,-1.0797,-5.2633,9.357,7.9456,-1.8085,-7.8326,-2.3047,9.8764,-8.6365,8.0237,-7.8752,1.1431,7.364,2.3653,-6.517,9.9124,7.2212,-6.9771,0.3489,2.9835,1.802,-2.9198,6.3534,-4.4208,-3.9298,0.9402,-8.7337,-8.439,9.3309,-1.3236,1.2792,9.8093,9.5083,5.4219,1.7166,-5.0265,-6.3623,-7.6138,-2.5193,-4.7168,6.8869,8.3944,2.099,3.0511,0.7017,-7.7851,7.145,-9.2229,3.4992,-6.6677,5.6019,3.0213,-5.0729,5.5484,5.6828,-0.011,0.9861,-7.8756,-1.4621,3.201,-8.6224,-2.8165,-0.9877,4.2205,-2.6115,8.5198,6.0653,0.0331,4.2385,-3.7705,-0.1437,1.4324,-4.3351,6.9107,1.0493,-0.7661,-3.6925,7.7638,-3.8275,-7.5221,-8.2695,7.2172,-3.6137,2.9457,9.8749,-4.7391,2.6515,0.9243,-8.6537,-3.087,-7.4509,-5.1618,7.1815,-3.3827,-9.448,7.7348,8.4535,0.8616,-2.9354,6.2626,-8.0214,2.2616,-7.0494,7.1976,5.3457,7.9958,9.3393,5.9397,-4.6532,2.3661,8.7328,-6.1909,-6.1733,4.947,2.5684,-0.9655,-8.1889,5.2338,-3.2313,8.1943,1.9085,5.0904,-6.3778,3.52,9.363,-5.5236,4.8179,-1.8536,-7.9916,7.8955,-1.3055,-3.066,5.8362,-9.7423,1.797,-8.943,8.8375,7.9886,2.9595,0.543,5.5886,4.1004,-1.4372,-6.7704,6.8459,3.8187,-3.72,-1.3249,4.5862,2.6933,8.3804,-9.4098,2.5651,-2.3104,-4.2198,7.9972,-1.4162,-1.5277,-4.4432,4.8902,-1.1719,-2.1246,3.8429,2.3746,9.878,-3.7876,8.6772
0.0775,-9.4464,4.3456,-2.2926,7.5703,-1.771,-7.629,3.514,-3.1413,2.3985,-4.1686,-3.2624,0.4555,0.2723,9.8948,0.7889,2.0815,7.1185,-9.8407,8.8332,-3.292,6.5137,1.8569,7.0665,-2.3334,7.0727,8.6326,-4.0334,2.4147,-5.8262,3.1984,8.5814,2.9566,4.6976,7.5463,3.5808,-4.9609,3.2401,8.5502,4.4628,-4.6391,7.9935,8.4994,-5.2638,-2.6613,-7.7565,8.54,1.5587,-3.5011,-4.5508,1.3173,9.3809,-0.708,9.614,4.8327,4.0904,-6.9305,-6.0977,4.7767,-6.6929,1.0069,0.2548,4.4821,1.0127,-5.6364,5.6185,5.6889,-9.2093,0.8402,-8.3636,-7.6777,-8.8665,5.1919,1.3427,0.1259,-5.7414,-9.5439,-5.541,-3.6033,7.286,-7.0605,-5.8022,-7.241,5.6509,-7.118,-7.9813,0.2015,0.127,-1.1268,7.1023,1.1356,-9.5259,-3.6762,5.5056,-7.1728,6.9198,0.2882,-3.408,-5.5998,-3.5563,-8.9199,1.1736,-4.8774,7.4969,-7.1471,-0.7193,4.4842,5.0506,-5.5825,9.0392,8.9758,-1.6888,-0.821,-3.3154,-2.0781,5.8174,0.199,7.8891,-1.784,3.8701,4.6873,-3.3108,8.2311,0.182,0.142,-9.0053,6.9929,2.2058,-5.4153,-3.7054,-2.6612,6.688,6.1188,0.8121,5.6904,1.3498,-7.0343,-5.5672,-3.5173,-5.4486,7.9945,-6.0945,-8.0702,6.7036,-7.1808,-9.909,3.5783,-6.9927,-2.0557,-3.5036,9.2435,-8.0285,-8.8558,5.554,-3.3353,1.2577,-9.8016,9.7852,3.0356,3.114,4.9942,-2.7345,-1.9665,-1.247,5.8745,-8.3222,-4.2244,5.6201,-8.624,8.9625,1.0545,-7.5614,-6.0622,-5.8852,-6.2753,0.3801,6.1789,-6.7449,-8.992,-9.3171,-7.4958,-5.9686,-1.8049,4.8473,-9.5133,-4.3438,-9.4875,9.8318,3.8717,-6.0205,-7.9605,-4.3396,4.7277,9.9482,-4.6813,6.2375,6.6186,3.5322,0.2743,8.5681
3.1363,0.4118,2.2118,5.4532,-7.3716,6.6594,6.9711,-2.9562,-8.7081,5.5813,7.5043,1.5713,4.9608,5.2793,-4.1995,-7.736,7.5704,-4.9902,-1.3239,7.5038,-3.5891,-1.6712,-9.4239,-8.4708,3.1981,8.9026,-7.5661,8.1943,-7.7299,7.6496,7.7717,-9.3869,-3.0721,-5.6986,9.6693,-4.0926,0.9703,-1.5244,0.5137,3.4983,-2.8129,7.9228,-5.3784,7.2753,1.2805,8.5138,6.7689,5.1087,-3.2567,-5.6208,8.0943,-7.0295,-9.4261,6.7592,6.375,8.3483,4.8799,6.7649,-7.415,2.1662,8.3058,8.0889,7.9723,4.2372,-2.709,-6.1284,-8.4159,-8.0652,-6.8457,1.2562,-9.4089,-6.4802,-2.8489,2.868,7.059,-1.8394,-2.9747,0.3747,1.9255,-2.8329,2.9175,-2.0033,-6.0898,6.9412,-5.8593,5.8099,1.7287,5.1102,-9.8348,-5.6691,-1.168,7.3448,-7.964,1.3266,6.813,-9.6822,-9.2581,-2.0683,-8.1656,-8.2884,-5.7334,-0.4495,-3.3355,9.4481,-1.0506,1.5152,-2.4838,-7.921,-1.6101,-0.9837,9.0329,7.8708,-9.9082,-4.4665,1.5285,4.1316,-1.0574,4.2411,4.3764,4.2166,-4.9581,-9.819,-6.1233,-2.9684,-1.0403,-8.2105,3.8942,-7.1287,-4.254,-3.5448,1.7542,4.6786,-3.8167,6.7588,-2.8942,6.1316,-6.811,-2.8244,1.6612,0.0807,-2.771,-5.7603,0.0842,-8.15,-2.0863,-8.5866,-1.343,9.2559,-0.2905,1.7452,0.0405,-5.6438,-7.8374,-3.3263,0.2877,3.9394,2.9493,0.5548,-2.8927,-4.8065,4.8644,7.8133,2.6371,-7.9938,5.9008,1.8055,3.0768,3.8349,-0.7555,0.2049,-3.7582,2.5188,-0.1117,-3.1481,-5.3921,2.5578,-1.0269,-5.9278,5.5846,0.803,2.6418,1.2535,2.5126,-8.2206,-4.2838,5.4685,5.9656,-8.9835,4.6619,-5.4575,6.6898,-2.2569,-4.0207,-4.1754,3.6831,3.6148,2.0161,9.0232,-3.8387,2.2732
-1.1824,1.3436,-7.0679,8.3013,7.4494,9.1237,4.7512,4.0584,-8.9398,-1.1666,-9.2812,8.5593,1.8032,-8.7784,1.9703,2.916,9.615,3.136,6.1591,5.5124,4.434,-7.8371,-3.3128,5.0682,7.8676,-6.7324,-9.9973,7.0131,-5.2779,0.5268,9.8283,4.9277,-6.7512,8.5363,-5.6862,6.5186,-9.7795,-5.2953,-7.786,1.1482,2.0636,4.1354,-4.1364,8.9789,-9.7278,-3.6128,-8.826,-2.6572,8.922,-3.9685,-3.8943,-4.1402,6.5212,1.7872,-1.6621,-2.6558,3.6625,9.6464,-0.9985,-5.5053,-2.057,-6.4076,3.2283,-9.5615,-1.1877,-9.4178,-9.3083,-2.4182,5.1022,3.3546,7.9875,-1.4318,-6.7543,-8.4834,-5.0843,0.0516,-4.4342,5.1782,3.1919,-1.4357,4.272,-0.7818,-9.1262,4.7475,3.2218,0.4261,-7.0749,0.2937,-4.798,9.4352,-0.6965,5.6993,1.4326,6.4126,-0.7187,1.5454,-0.3479,8.8657,-7.4247,-3.015,1.0206,-8.2086,6.8115,7.4307,-5.8454,8.8075,2.2829,1.8605,-3.0282,1.3924,-4.8397,-9.3047,4.7105,9.1558,-8.2119,1.9188,-4.886,-2.5029,-4.359,-8.6431,9.7326,1.4772,1.2503,1.5543,-8.3373,-2.0871,8.4905,1.0157,-2.0363,-5.7436,-5.0496,6.0936,2.8041,-3.431,7.9558,-9.6006,5.2481,0.6023,7.8926,7.5142,-3.6174,-9.3058,7.438,6.5328,-6.7996,0.6641,-2.4914,4.5421,7.403,2.4918,8.9924,-8.9677,-2.0543,-3.0182,-4.9121,-2.7649,-7.4565,0.0376,-3.5805,1.7905,-1.4727,-9.9083,0.5708,1.0277,6.8915,-4.2219,4.8382,7.5199,3.8212,-7.7737,-1.5965,-1.9958,-5.0052,-3.2138,4.0178,-2.4453,-5.986,5.9575,-2.2468,-1.4824,-8.322,5.7507,-8.3091,1.4355,5.1939,-7.5012,-3.946,9.7794,-1.0779,1.5755,7.279,7.9989,-3.1808,6.8476,-3.5054,6.1563,5.907,1.6068,2.9923,1.3913
-7.8041,-1.2251,-7.5968,-8.9241,-0.1443,-4.7075,-2.9972,2.5401,-0.6835,1.3355,3.4621,3.3864,3.7953,-0.8958,4.1571,-4.6488,5.2706,5.8874,7.9301,8.8706,0.4123,0.6548,-2.4204,5.5477,-4.6133,2.7895,1.2291,-4.4,-4.8241,-6.7836,4.6691,6.4522,-6.3648,8.1591,-5.8772,-7.8622,7.5616,8.4611,-6.7164,-6.437,-4.142,-8.7921,-1.6121,4.3714,-8.3172,-3.9804,-2.8544,8.8339,4.8997,-2.6233,-5.8733,7.383,-4.3015,2.4957,3.8276,5.7851,2.3519,-1.9637,-7.0259,-6.0044,1.7375,-0.2886,-2.3548,0.647,7.1768,-9.1512,-7.2538,-9.974,-3.6049,-6.668,-4.4242,-8.4924,-3.1084,-2.0018,8.5213,1.4216,6.905,2.4808,-1.0622,7.8286,5.455,-9.4512,-5.5963,9.9762,5.3914,-1.7438,1.8306,5.4309,-2.1619,-9.1104,2.3488,-7.673,-5.1521,0.3855,5.9368,-5.5067,-6.1521,-1.5045,-7.2689,-5.0009,-3.9888,5.6116,3.2654,-2.7584,8.9297,-4.4786,0.1613,2.3835,9.1129,7.1027,-2.5242,0.028,-0.8637,-3.8992,-0.3807,-8.2218,-8.9096,-8.6193,-7.2872,-4.3207,2.7865,6.8247,5.621,-3.4714,-9.1315,-8.914,5.9562,7.4349,8.6355,9.33,6.9754,-2.9013,-0.5062,6.6484,7.9636,-2.7797,2.5677,-6.4229,-9.9639,-2.8925,8.4236,3.1148,7.8938,-2.8233,-9.053,-2.8212,-1.4261,3.4369,9.3393,-3.7885,5.1403,7.7319,-5.0393,5.6108,9.088,5.5469,-2.0529,1.6619,4.9103,6.1587,4.1692,9.5543,7.2325,-5.6983,9.989,4.0862,8.2632,-0.0526,7.8702,9.694,6.4487,5.9571,-5.6801,-7.2959,5.3893,4.129,2.4868,-1.0703,-8.7012,1.4164,0.6468,4.3472,-8.2147,-1.9481,-1.5884,-0.7109,-9.3175,1.7057,-6.1416,8.244,2.6383,6.621,-0.1638,-2.5815,-4.8371,-2.0754,8.4156,8.5033,8.7879,5.3201
-6.4241,4.3533,-3.2928,-1.4961,-0.7712,-4.8795,-5.8348,-7.9272,-1.1766,1.8382,7.6474,-9.6474,-9.0929,4.8687,5.8084,-9.3122,5.233,1.1851,-3.6096,3.0556,-3.8593,-1.1943,-0.2499,-4.1218,-3.4359,7.8196,-1.8416,-4.4573,0.1277,-7.3197,1.2908,6.8148,-0.3825,-9.6876,8.0653,5.0189,9.3699,6.1151,7.2082,8.3037,-4.9164,9.7076,-4.9257,9.5254,5.902,4.6541,-5.3989,-3.866,-6.9034,-4.0924,8.3964,-0.8192,9.1442,1.8326,-9.6741,-3.2478,-3.1732,-1.4835,3.4001,-4.6367,-1.8666,9.9543,-2.7505,0.0954,0.2684,-6.0977,-0.0887,-5.5758,-7.8459,6.1608,4.291,-4.5946,-7.308,9.6609,8.3321,-2.7621,2.8978,-4.2535,-2.4802,0.7776,-4.6184,-8.2671,4.3994,-6.1771,-3.9915,9.1129,2.0555,-5.442,-4.2902,-5.5243,7.3942,6.0091,0.9633,-7.4201,4.7714,6.9774,0.5518,-5.7783,3.8912,-3.4679,8.3323,6.6041,-1.8742,-9.1968,8.9569,9.0912,-0.2873,-9.8766,4.455,-4.386,4.9868,-9.4169,2.3363,8.788,0.3873,8.9204,4.4355,1.9288,6.9222,8.4085,7.175,8.3633,-8.7244,-5.75,-4.6557,9.2007,8.238,6.2116,5.9411,-1.082,-8.01,3.3206,0.4408,-1.9229,-2.737,-6.7718,-1.8921,8.4701,-6.0566,1.9775,2.4808,-2.3592,-4.6066,-6.8825,-1.6777,0.0688,-9.2704,8.479,-9.9675,-9.0375,3.3734,5.7628,-0.8497,-3.5548,4.2986,7.4108,-3.7124,2.2949,7.9669,3.2687,-8.3649,-6.7961,6.0726,-0.4569,-5.3574,-8.3283,-8.4543,0.2881,4.7133,-1.691,-2.0277,-9.9429,-2.6945,-6.2572,-2.0492,-9.1186,1.1307,1.5737,6.8722,-6.6731,2.1591,6.8981,8.3264,-6.4919,2.5681,-6.9541,-6.1133,4.3279,6.7808,-2.7451,5.9292,3.6773,-2.7999,-4.4056,4.5716,6.8332,-8.1933,-0.5811,-4.5178,-7.7251
-6.3618,6.247,3.642,9.3543,-3.3684,8.2496,-8.2454,7.4678,-8.9968,-6.4497,6.0686,8.7051,1.8231,7.2095,-7.5409,7.2806,-4.3114,8.7948,-1.461,5.6075,3.9428,-9.6652,-5.6916,1.3515,-5.5313,5.7988,6.4042,-9.5765,2.0631,9.8378,0.6425,6.9303,-7.7844,4.5854,-5.8719,-4.3536,-0.0878,8.7899,3.6227,8.4635,4.7687,5.0606,7.1349,-3.4464,5.8175,6.8626,4.8132,3.6428,-6.2329,9.163,-4.3149,-1.6821,-8.6046,-9.567,-6.6191,2.4281,-4.109,7.5845,-9.5977,-6.0834,-8.3696,-7.953,-5.2383,7.2999,7.1128,-3.4548,-8.4869,3.6561,3.9276,8.4843,8.3815,-4.8264,7.6945,0.6244,8.2957,3.5087,-0.712,1.563,-5.2987,1.3804,-4.584,-1.1649,-4.0548,-1.1336,7.1889,1.3411,-9.0182,3.9526,3.2298,-8.2107,-3.7596,-4.9298,-0.7938,-2.3598,6.5574,-2.1844,-7.635,-4.321,-7.2038,-3.4928,7.0271,0.6578,-2.8303,7.9304,-0.8274,4.6408,-5.9506,-2.6287,0.1418,0.2501,6.0301,1.5882,7.9516,8.3407,-1.3317,3.6638,5.6902,-2.711,-4.3355,7.5728,1.8709,-6.2214,1.5644,-5.5562,-0.7258,3.5955,6.6075,-1.9394,-8.016,5.5021,3.2924,2.4301,-3.8282,-9.1132,1.9177,5.5444,-3.9278,3.6828,-7.4203,4.602,7.0835,-2.2131,-7.2909,-0.289,1.6885,-7.6844,-6.1038,-8.7108,6.9285,-2.4009,1.1411,3.8297,-4.9359,5.313,-6.7026,9.779,-0.6338,-0.1135,1.1173,-4.1847,-0.8987,-9.1939,6.7,8.8293,-2.522,6.8872,2.9219,-3.9766,-5.5883,1.3644,-4.7015,3.6767,-4.7724,7.1297,7.4067,-0.1652,1.6621,-2.8082,7.5393,7.7643,2.4426,-7.5956,0.3151,3.776,8.6694,8.6777,5.5996,-9.7466,-1.8177,8.6677,-2.4714,2.1067,6.6407,-5.9605,-6.0612,8.501,6.7446,-1.2798,8.3465,1.2557
-5.6237,-2.936,6.2844,0.9523,-9.4774,0.2047,-9.7315,-6.6927,3.0615,2.4578,0.8356,2.4012,-1.7479,-9.8752,3.1744,4.4322,1.2265,2.146,-6.2799,-4.9447,0.8119,-4.232,-5.501,5.6132,2.3205,-7.9538,6.7765,0.6647,5.0272,0.9577,-0.5094,4.2213,-0.5312,2.8329,1.3512,4.3263,5.6741,4.1478,8.4406,8.7893,-7.8289,2.2056,1.6493,-9.061,-2.3145,-4.6924,-1.6002,5.4319,-4.2044,8.4901,7.5988,2.6564,9.7304,-9.712,-2.9806,-5.0354,-7.154,5.3539,0.2101,8.4602,-2.0766,9.1838,2.7683,-2.6468,2.9909,7.7661,-8.8781,-1.2823,-8.9469,2.4867,-9.7451,0.2756,-6.07,-6.0648,4.8332,-6.5901,-8.8494,-2.253,-1.034,-2.9915,0.3426,-2.7054,-4.0998,0.1133,-9.372,-9.5769,7.4655,3.2876,-3.1252,-2.9667,-2.87,7.3018,9.439,-3.9966,3.9678,-5.0259,4.7398,9.0167,-9.2639,-8.7212,5.9271,-0.9496,1.1038,-2.2071,-8.9166,-1.9491,-7.026,-3.509,-6.5501,7.1204,-4.9949,1.6885,9.7084,9.8014,3.0939,-3.8284,0.0909,0.1432,7.5328,4.3605,7.6576,-9.6816,9.4718,3.6591,8.6104,5.8244,4.0845,-8.5434,-7.1114,-5.8085,-0.1854,5.4759,-5.2892,9.6098,3.2951,4.7904,8.0274,0.2712,-7.0961,-1.4452,0.6036,9.4211,-8.5659,-3.424,4.912,4.1092,6.7093,9.1505,1.2801,7.0926,9.2527,-7.3998,1.7561,-0.9185,5.4263,-6.0094,7.1688,-1.0585,-2.6923,4.3312,-3.3759,7.8037,7.5135,-9.3523,-6.3304,4.7231,0.7972,-8.3625,-1.7975,-9.2883,-4.8123,-6.4789,6.5229,7.1371,6.5145,-9.4661,4.955,2.1079,3.7414,-9.0403,-5.8714,-5.8199,-6.7637,1.4621,-3.309,-0.8439,4.3835,0.8986,-0.8989,8.176,2.7564,3.7313,-6.4061,2.0589,0.312,8.866,4.8142,6.7743,3.1609,-3.4679
3.2276,9.3778,-3.5498,-6.582,-3.7555,5.5949,-8.2832,8.5953,4.2943,2.1583,-6.4736,0.8828,-9.6801,1.3612,-4.0183,0.7281,-2.7591,-1.1643,1.1619,9.0739,9.6615,2.2551,-7.1864,-9.0858,9.8611,2.6273,1.9584,-9.165,8.8122,-6.8234,0.8037,-3.9596,-2.332,-3.4019,-4.769,-4.7951,-8.3519,-9.5656,-1.9069,-8.3586,-3.0867,-5.1873,-0.0474,2.6145,-2.2185,-0.8315,9.7851,-1.2304,-1.6922,1.3618,-9.3973,-0.1763,-9.1689,-4.4632,5.5867,-5.8581,-0.1768,3.8734,9.558,2.8333,7.6648,-5.9124,-8.4798,-0.1513,1.4078,-3.5708,4.3826,1.0118,1.7828,7.9447,-6.6807,-3.4821,5.2033,-0.0794,7.7397,-6.8479,-0.878,5.3827,2.5402,-7.0828,3.9829,0.9076,9.4518,2.6864,-3.6023,0.8173,-7.3306,4.9538,7.1655,1.7271,1.3411,-7.8121,-6.3947,9.1891,-2.0521,5.5105,7.8428,-8.1743,7.7985,-6.5731,5.4275,-4.6198,6.9572,-0.8406,-0.7093,1.6277,7.034,-4.0216,9.5712,6.6905,-2.277,-9.4582,-6.4892,1.1293,6.6061,8.8696,-2.3906,-9.1755,4.11,-3.7641,1.8825,-1.9739,2.63,-5.0178,-6.8687,-6.5848,8.3591,7.3438,7.0456,2.2541,-1.8204,-5.5069,3.0425,-3.6022,1.9187,-2.844,-9.7185,2.413,9.7734,-0.5297,-6.9606,4.9392,0.0938,4.2259,7.6239,-4.4435,-4.8497,-0.6331,-8.2602,-7.9742,0.1718,-2.0931,-2.0025,2.8755,8.6034,8.7264,-1.9471,2.9825,-2.0219,4.8929,0.0998,-7.4858,0.9369,9.85,-4.5672,5.3606,-4.2776,4.5216,-0.5089,4.2879,6.6704,-9.6217,2.8417,-8.6541,8.973,0.3286,-4.1689,3.4943,3.647,-0.8366,8.0068,9.2808,-0.8295,4.2727,-9.8636,-3.8769,6.7042,-7.5224,-9.314,3.6954,-2.5079,7.7524,9.2908,-3.0888,9.4482,3.8998,-1.0961,0.9493,8.0473,-8.0279
-2.9768,-2.3475,-1.8221,2.1627,-6.1217,1.6175,8.7622,-0.4399,-1.6648,-7.6493,4.7103,3.9033,3.0084,9.161,-2.1649,1.3365,8.109,4.6063,2.88,3.1698,-4.5176,-8.0328,-9.1837,3.273,-0.3056,7.7272,-9.4661,2.6703,-6.5027,-1.05,6.9435,-2.0972,0.2352,5.4773,-9.6317,-9.8661,5.435,-1.9415,6.9322,6.2265,5.0682,9.4024,0.4399,-6.8097,-2.5543,7.7048,3.223,2.0027,-8.8509,4.0686,3.462,5.7429,5.1753,-1.6387,-7.6437,-4.9219,-4.3424,9.1099,-3.1265,-7.5477,9.2649,4.8244,-2.9531,-9.8689,-9.9185,-0.8416,7.279,3.0261,-9.1416,-6.8331,4.521,-1.1262,4.2667,8.0479,4.6644,3.1199,6.8875,-1.1708,2.9378,6.2998,7.2618,-2.5489,-3.2778,-5.7097,7.3366,1.559,1.417,-5.1685,-2.9279,-8.4242,-3.6651,9.4615,2.2016,3.5823,2.2778,3.1022,8.1867,8.5285,-9.1511,-4.6373,-6.5213,8.1707,5.9011,8.5772,-9.2332,2.1119,-9.0312,-6.5527,6.3895,2.5254,0.6817,-9.4501,-4.3486,-2.8737,-1.4698,-7.489,-5.1022,3.4239,2.5706,-2.933,-2.9457,6.4073,-4.4047,-8.6892,-3.5952,-6.9378,-4.388,-3.6738,-6.0163,-4.0813,2.6015,1.3752,-8.7296,-4.1446,-0.9432,-9.4573,9.2864,-5.2817,2.8529,-7.7158,-2.3785,-9.576,-7.3037,-7.4797,2.5461,-9.5401,-3.4429,-6.2858,3.4117,-9.2032,2.4655,1.779,-7.7559,3.9561,-5.7632,-8.1366,-8.6584,9.4125,-4.382,7.0481,0.5097,7.1173,6.0103,-4.7753,-0.2853,-5.5157,-2.7802,9.4017,-2.1441,-7.5492,0.5828,4.2808,-3.3785,-0.7606,6.3058,-3.8182,7.3698,5.4037,5.1743,7.5472,2.2951,-1.1949,7.2765,1.8744,-3.8387,-5.5218,-2.7938,5.078,-5.7265,3.3948,-1.4929,-6.7766,2.8598,9.5421,-9.3686,2.7182,-6.9295,-9.3978,-6.0931,-7.122
-4.5451,2.4305,7.8036,-8.489,-5.21,-9.5685,-0.0662,-2.756,8.2226,-7.4764,-0.1442,6.6837,4.4783,2.2557,3.6947,6.7401,-0.7115,-0.4065,-7.6368,9.3876,8.3099,3.3854,0.3792,1.5071,-6.5078,3.8316,4.5773,2.2742,-9.8641,-8.4924,-7.1064,4.2523,-1.4697,6.2276,9.2789,0.3333,-3.6944,1.5808,-3.4882,-2.1389,-8.6235,-3.3138,9.4738,4.9483,8.7122,-3.7205,-5.5719,-8.5751,1.166,6.2155,9.5272,-5.8524,-8.5874,-1.0981,-2.0661,2.2694,1.5821,1.582,9.2333,6.1849,-0.0895,-6.127,6.7625,-8.9045,-2.6623,-3.4213,-9.308,-3.1226,-5.8686,2.7304,-4.1578,8.5017,4.66,-7.432,5.5814,8.5894,-9.0381,-1.8891,7.8797,-6.8125,6.2751,-7.4978,-4.9919,3.1906,-9.4688,5.6746,3.4711,8.9533,-9.8801,-6.1086,-1.6441,4.3341,-0.2388,-7.8101,-8.9999,-3.0648,-6.8164,-6.4707,-4.0984,1.6513,5.6872,-5.8334,-1.3847,4.4682,7.1943,-5.8204,6.8089,-1.3004,2.9455,-0.7143,4.9034,4.4186,0.3562,9.0745,8.0721,-3.2401,-7.6002,-7.0619,-4.8207,3.0797,-6.2589,1.2513,4.9896,-5.8552,-3.8482,-9.0976,-7.7078,-2.5135,-4.5056,-5.7303,-3.4656,-7.8243,4.5506,1.8744,-4.7563,-7.2873,-9.1655,3.5936,-5.7317,-1.3781,1.8023,-2.8759,-9.2612,0.4833,8.7778,-7.4338,-2.4773,-3.7094,-5.1815,2.6244,-2.5965,-3.719,-6.5905,-2.7311,9.8334,7.3542,-8.0799,2.6455,-0.3481,3.576,8.8077,-8.1878,1.0807,-8.6167,-2.5609,-0.9876,-8.3022,-5.135,1.4458,-5.4897,4.3957,3.3318,-0.0508,1.1824,-3.5364,0.9896,-3.5734,8.1364,-8.3332,-5.9337,-4.9586,5.7554,-0.9562,1.1035,-4.0919,-4.6225,2.9717,3.7229,0.3634,4.0752,5.4634,-7.9644,-5.3044,2.4358,7.4777,6.2246,1.6581,-1.125,-9.353,8.4343
4.8896,-4.3167,0.1158,-5.2161,8.3109,-1.031,7.0775,2.396,0.5045,8.1355,-7.2358,-8.7122,3.2614,8.307,-7.3287,-5.1421,-2.005,8.641,7.0543,9.4325,5.4753,-3.0324,-8.9452,2.3076,7.8931,-1.0656,-2.1543,5.855,-2.0136,4.6715,-5.8404,2.6697,1.3975,-1.2279,-3.423,2.3131,8.952,-3.8528,-8.8795,7.5681,-9.6347,-8.7224,-7.1325,4.9374,-8.6273,-0.0841,-7.2374,1.1198,-0.276,-3.7858,1.4372,-3.8701,6.8097,8.5348,0.3743,-7.5324,-3.5521,6.4208,-5.8387,-7.4508,9.2546,1.0197,-0.7587,8.467,0.7293,-0.1018,-3.9954,3.5135,4.2808,-7.2925,5.615,-1.1559,-1.6172,8.0928,-6.8707,-0.2016,-0.9828,2.0316,-5.5545,-5.0618,-8.9762,6.1951,-8.1082,2.2593,-9.4004,1.8227,-5.4241,3.3084,5.3459,9.5792,4.906,8.9302,8.621,-4.3761,-2.006,-1.7528,-3.0831,4.7883,-2.3307,8.4223,1.172,-3.8857,6.8841,3.6774,-3.6621,7.9056,-1.0634,-7.881,6.296,4.1074,-9.2306,-7.2609,7.8685,-9.1881,1.0004,-8.8133,6.6386,-6.8353,1.999,9.7164,3.2918,-1.9595,-2.673,9.0233,1.7501,9.9285,-8.7715,6.217,-6.2839,-3.1847,2.9789,6.1346,1.3736,-7.9074,-9.9191,7.4464,-4.5172,3.4222,5.5155,4.0372,-7.9775,5.5003,7.8581,5.8787,0.204,-6.0079,2.5001,4.0113,-4.5833,2.832,7.5033,-2.37,0.6434,4.3456,4.8319,2.8924,0.5622,4.0601,6.9312,7.9455,-1.4197,4.2396,-1.9212,7.2196,6.616,5.0631,-0.2118,0.761,6.0169,-9.038,1.3526,-5.2,2.0592,-0.4693,2.759,-8.1188,8.5297,1.6698,-4.1123,5.9362,3.6482,-1.0401,-4.4236,-3.604,-8.9789,-2.3087,0.2515,6.8393,2.9482,-5.648,9.2739,-5.5689,2.3565,-3.4314,-7.5597,6.4678,1.7843,0.4951,-3.9914,5.578
7.0565,6.7316,-8.5517,-6.024,-7.5226,-3.9113,-7.7439,-6.461,4.1258,3.3807,-4.3469,6.484,3.3596,-1.3658,-9.5661,3.119,5.6546,-5.521,-7.6217,-3.6967,4.0454,9.25,-2.1552,6.6003,5.2198,7.7397,3.2677,8.9298,8.3452,-9.3256,0.3331,-3.4449,6.9326,-1.8156,8.271,8.1574,-2.7165,1.4984,-9.4468,-2.8592,3.1617,-5.7737,-6.8232,9.0809,1.6703,1.2973,6.4079,1.1461,2.9251,-3.855,-2.4498,-4.5274,1.9738,1.9089,-6.6898,5.2843,-6.126,3.7036,-8.7428,8.3682,-8.7986,-8.7126,-8.2753,-0.9168,1.0151,-6.9706,5.0161,-7.5321,8.7547,-1.314,0.8612,5.3171,6.6021,5.9404,-3.2695,4.895,-8.2581,2.5701,-2.8752,-9.6576,5.8277,7.5876,-7.4582,-6.701,-7.4308,9.9935,-8.8819,3.902,-9.2031,2.9846,9.3918,-6.5501,3.7993,4.0411,-3.4613,7.6706,3.9415,-5.7202,-7.1574,6.8563,-9.3019,7.3707,-8.1399,7.4365,-4.9027,6.1494,9.9868,-4.3789,6.9251,5.7495,5.75,-3.4581,6.5398,8.9166,-9.75,6.141,-8.2924,-5.871,-2.373,9.7441,4.5114,9.8152,-2.1987,4.4688,3.384,-9.9009,-8.1332,-9.737,-0.6042,1.5396,-9.1644,-5.0385,5.7093,-7.5574,3.7196,-0.9345,-8.392,4.7028,6.9471,0.6537,0.8949,-8.8903,9.0449,7.5661,9.8659,4.7791,2.4411,7.4694,8.7476,8.3934,-9.2765,5.4597,-2.5872,6.2669,-8.7976,0.4453,9.6046,2.0423,-8.8899,9.1999,-4.3577,8.577,-5.4143,-0.1978,-7.4449,7.6128,3.2754,-7.8057,6.8954,9.8462,9.0507,-9.1454,5.8752,8.5024,9.891,8.8612,7.5226,8.0855,-5.6967,9.1188,5.3874,-3.882,-0.8831,-3.6282,3.8424,-7.4793,-3.8273,4.4675,5.7869,-0.0332,2.2404,4.9517,-0.5224,2.4386,-7.4209,9.0961,-5.7054,-0.9846,8.1815,-2.3655
-5.7681,6.95,-7.6859,6.3835,-7.298,-9.4544,-5.826,-3.4643,-1.8997,6.0068,7.4504,-2.9229,-6.6526,-2.1612,5.464,9.1976,-4.0163,-9.3434,7.5714,-3.3673,2.8595,-7.1658,-0.9103,-1.4033,2.1017,2.3475,-0.8487,9.5317,9.3947,-5.8371,-1.0618,-0.9832,-1.7358,-9.3263,2.0325,-4.4445,-9.7754,3.5842,7.3059,-9.3282,6.546,2.2422,-3.3258,1.7696,0.2005,2.9041,0.3786,-1.3579,-9.5225,-2.9213,-3.5518,-5.9904,-4.2654,9.3732,-5.6034,-8.0289,7.3333,0.2902,8.4007,-9.2622,0.9379,-3.8533,-2.8434,4.8403,4.8577,-0.5084,-9.3036,8.6908,-9.8334,0.5524,-5.9667,-0.0971,-8.4317,-9.5469,6.9118,-5.6425,-4.8994,-9.6237,6.2031,1.2666,6.1971,-1.1527,2.8146,0.5536,5.5303,-3.1665,-7.6772,-5.3209,1.1368,-4.4507,-6.6725,7.7317,-3.5562,-9.2933,1.5009,4.8685,-6.5833,-0.0359,-7.8921,-6.1255,-4.8322,5.9119,-6.3764,-8.146,-2.5916,9.6548,0.7914,0.542,5.883,-0.596,4.4064,-8.6703,-4.465,-1.4911,-3.3529,-9.3358,-0.1132,-4.6951,-1.0568,7.2745,-7.6517,0.0612,-2.5878,-3.8803,-2.129,-7.6031,1.3953,-1.1366,7.8109,-8.9475,4.0049,-9.241,-0.6842,-2.9976,-5.6565,9.7063,0.468,8.2827,1.0996,9.2475,9.0262,-8.6338,-4.52,8.1781,-3.5365,-0.2968,-5.6095,6.6945,-3.2061,1.7503,-0.2257,2.8663,3.0664,-6.1695,-5.1828,-3.6188,5.8784,-1.7275,2.5329,-2.6446,-9.9678,0.8155,-2.7997,6.6997,6.6406,3.0568,-7.9982,3.002,-1.0778,9.0141,0.3316,-4.7334,2.0292,0.9452,-2.7438,3.893,-0.0027,-0.948,9.3517,0.6659,-0.0891,6.2604,4.9036,-7.2722,0.1863,-3.5196,2.8632,-2.5464,2.7509,-0.2427,-0.3064,9.1404,8.1975,9.6931,2.9388,4.2472,-6.1614,-8.6328,-5.2205,-3.1337
-8.3656,-1.2623,-1.706,2.2044,7.5191,8.015,2.8853,8.1373,-5.5621,0.97,7.8513,8.7176,9.9042,6.1919,-8.6525,5.7609,-7.6278,6.2165,-6.7314,4.6921,7.045,-7.2524,-9.5081,5.2505,1.4283,-3.0352,-2.2817,-8.1919,5.1264,7.9914,-6.5851,1.0748,5.2698,-3.6396,8.8782,-4.0363,9.5729,-7.8614,-8.8798,-0.2191,-9.5378,5.8577,4.5461,-9.8047,-8.2135,-0.8494,9.4343,6.5287,-2.8184,-3.7291,4.5703,-3.9172,4.0593,-9.1606,6.4964,-6.2967,-2.7312,4.282,-5.6297,9.9517,-3.1234,1.2776,7.1945,9.47,8.0895,8.2599,4.547,-7.978,-5.1642,3.5248,3.0684,2.7002,-7.4909,-4.8009,2.5149,-0.6233,2.6999,-5.0152,0.6834,-9.4562,-9.0701,-3.9255,-9.7519,-1.9405,-3.6884,-0.0262,-8.1207,-0.9829,-6.635,-1.273,-6.0132,3.2436,-6.0944,-9.3212,9.6115,3.9004,5.5068,-8.9837,3.18,0.6207,8.3979,3.9223,-5.8836,-6.7797,-5.4658,2.1547,-1.1089,9.1442,5.0342,-7.6135,9.0105,5.1478,-9.4438,8.0504,3.1275,-2.6358,-8.8829,6.0727,-5.7377,-0.572,9.1066,5.2002,1.1188,-2.4502,3.2046,2.0145,-5.0994,6.0323,-7.6118,-5.7694,-7.1235,2.1621,-9.2767,9.1397,2.4887,8.0093,-7.5431,-5.7969,5.0765,6.8824,-4.62,4.4586,6.8921,-3.9742,-3.0086,-1.8303,5.2088,-2.8877,-7.8661,1.2007,-8.9179,1.1644,-4.0287,3.7745,-6.3309,4.9529,8.5694,4.8646,-3.9892,0.8766,6.7762,5.7629,-8.8927,-8.769,-7.7851,-0.8216,-6.3938,4.0179,7.9539,-9.5578,4.8717,-9.2495,-8.4472,-1.3399,9.9905,-4.0633,0.2412,9.5494,2.5897,-2.7191,-3.4526,-4.3634,-8.3525,-7.9224,4.6131,1.1239,-7.4155,-1.9447,-5.3207,-1.6085,2.4746,-7.5319,4.3826,-9.2204,-9.7881,6.9419,4.2522,-8.3234,-8.7803,6.562
-8.201,4.8849,2.4844,6.8198,-0.936,1.5593,-7.2472,7.6936,-2.786,-5.466,-9.403,-0.9384,-9.9686,2.3521,4.7676,-7.7611,-0.681,-0.7953,-7.2716,0.1911,3.1694,4.0661,-7.4336,4.5702,3.255,-6.9745,-6.0385,-3.5425,4.6872,-3.4414,5.1288,3.4005,4.6177,-8.5168,-1.1469,-6.5848,-8.4365,-4.1233,2.8299,4.4971,8.1231,4.3918,-8.3068,4.1434,-8.31,6.5986,-9.2485,1.0045,6.3942,-2.7294,-1.6729,3.1659,-3.5577,8.9281,-6.0406,-9.2519,8.8047,-0.7693,6.1895,3.4356,5.652,-2.9343,8.9308,-4.6924,2.4783,0.5822,-8.7118,6.2784,-8.1738,5.3952,-1.0199,3.764,-2.2413,3.3006,2.7662,-2.0165,7.0713,8.9034,8.9438,6.1458,-6.4826,9.2951,1.5225,-5.6959,1.8872,2.0917,-1.3828,-7.7913,3.3041,-6.619,-4.7737,5.792,3.3208,-6.9868,1.3209,-4.7431,4.4325,-3.0049,-6.0185,-3.2127,7.5727,-9.0418,4.63,8.6687,-4.8641,-6.7512,8.764,-1.8606,-5.8719,-3.6896,0.3466,-1.6532,0.6021,-2.246,0.6087,8.0571,6.3857,1.9098,-1.5714,6.9631,-2.913,7.6068,-6.2326,-4.599,2.0087,3.9733,8.3986,-1.5117,-1.7741,-8.6481,3.5718,5.6987,-9.8004,2.8211,-4.0233,4.9851,-8.5758,-0.1689,7.4394,9.6251,4.4103,-8.3065,0.8484,0.5563,-0.2266,-0.601,-9.5762,3.7344,2.0095,0.9579,4.2897,1.0463,-1.4652,-3.314,-2.087,0.3666,-2.5118,-1.1907,2.7705,1.0855,-1.2743,7.4253,-3.1405,-4.6356,-3.1963,2.4979,-9.8298,-2.7185,-9.1185,5.7571,-2.6189,-6.7327,-0.0701,-2.7046,8.5384,3.383,-0.4532,9.3708,4.6156,-6.1072,-0.7078,0.0155,8.3,1.1272,3.7278,-6.7314,-1.8914,-6.3774,-1.0078,7.4042,7.0908,-6.9797,-1.7097,9.0573,-7.4523,-6.8374,-8.1572,0.4315,9.9431,7.7579
-5.507,6.1432,-9.4485,2.0189,7.4565,-2.9187,-2.2478,3.0545,7.4777,0.8484,8.7863,1.729,-3.1162,6.875,6.3122,2.9102,-7.254,-9.9512,-8.9614,-4.963,-5.2403,2.3488,-1.3739,-9.4804,7.3148,1.8743,-2.1549,-2.2704,-7.8851,0.2262,9.8157,0.4308,-9.7024,2.3919,-9.8496,8.2403,0.3198,3.8101,7.4944,5.7006,0.8994,-1.9275,8.4803,-9.5378,-1.8764,-0.0111,7.423,-6.6906,3.9887,3.3666,9.1908,7.3727,-0.3129,-8.1614,6.805,-5.0477,5.085,1.2393,-9.0395,-9.9449,-7.4564,-4.5391,-4.5157,-5.571,7.3981,0.6739,-7.6661,-7.9195,1.8214,3.4635,4.2736,3.0703,2.6787,5.6419,-8.4323,3.0208,-6.3389,-6.0812,5.4899,9.9465,-3.6018,0.3272,4.0316,8.9642,2.9256,4.1202,-4.2845,-2.5781,7.9586,-9.1615,1.1139,-7.2726,-9.129,-7.1598,-0.6553,2.2425,-6.7425,0.2532,9.4493,0.7526,-8.7589,-5.0879,-9.2209,1.7487,7.545,5.508,-9.0918,5.5455,0.1947,7.0349,-2.0661,-1.8633,9.7564,-3.1158,-6.0565,9.4947,8.082,-7.7921,-5.6854,7.1227,-5.6152,-3.6919,-3.047,-3.2138,-5.3695,-6.4121,-2.7556,0.1698,-9.5349,-9.1689,1.018,-6.455,-6.7627,-8.6901,5.8459,-4.2873,0.119,0.4871,-4.9689,6.3031,9.4146,-1.3067,9.7702,-5.8851,5.239,0.4371,0.8815,8.173,9.096,-9.9515,-5.2454,-4.126,-0.5879,1.8401,7.0266,9.7648,-0.8304,-3.7011,5.2104,4.0984,-7.6012,2.949,6.651,-8.5791,0.8931,-9.6722,-4.3575,-8.959,9.3481,2.0677,9.8741,7.6668,-1.9409,0.3725,4.2884,-5.6042,-8.7677,6.8662,2.2362,8.5829,4.1424,-4.3901,-4.674,-3.3053,-6.2779,-0.2732,-4.8243,7.225,5.5998,-5.7607,0.268,7.9012,-7.5303,5.8427,-5.1262,-3.156,1.1056,6.2886,-6.1126,8.5233
-0.7262,-3.5994,-5.7132,-3.652,-3.7044,6.2303,-1.728,-3.5224,-6.9396,2.5117,-2.3826,6.4717,-7.0447,1.7418,-8.7664,-7.481,9.6084,3.9717,0.4806,-7.882,-9.7354,-4.8234,-0.2667,-8.4948,-2.8823,-4.8053,8.4549,2.4447,1.0614,-0.2443,-6.9685,-2.4075,2.2005,6.8434,9.1106,3.3875,5.0603,0.2833,-6.0726,3.6909,4.5724,-5.2353,7.8343,0.1973,3.7121,0.4262,1.5541,4.731,-5.4862,5.7302,-3.1826,1.1579,2.1336,8.6516,-6.4586,-1.5073,-7.8812,-1.4395,4.5446,-3.6333,2.6776,4.8143,0.9818,6.7307,-8.7308,4.3803,7.1638,5.1911,-1.8255,-3.7024,-6.4875,-1.7845,-3.9782,2.9125,-6.0355,-9.8931,5.4168,5.116,-5.1252,2.8785,5.9349,-2.8657,0.6352,-4.4048,-4.2041,-1.9153,1.4218,4.8777,-3.599,-1.0934,9.2577,8.3893,-7.7852,4.9102,2.3936,2.4789,2.6572,-1.2636,6.4456,3.0358,4.3602,6.5728,-1.3574,-7.6554,-7.937,2.8716,-0.0432,6.1477,-9.0948,-8.8905,5.3563,9.8857,6.9485,-1.6197,7.5179,-9.2716,4.6537,-6.5333,-4.3152,-3.0238,-6.4356,0.0613,-1.4824,0.6214,-2.6304,-8.1483,6.1152,6.1434,4.4663,3.1666,-0.459,4.8222,7.3728,5.1429,-4.8985,-5.9428,1.3203,-2.1026,-3.0646,8.7223,4.7555,0.0256,-3.1235,-4.728,9.9376,-4.0582,6.9222,-7.3603,5.3106,-0.1574,-0.952,6.1827,-8.9115,-9.8228,-7.8928,-9.0751,8.6194,-7.6314,5.7435,5.1189,-9.9779,-4.4133,6.1483,3.0212,5.503,6.5941,-9.3734,3.4334,-9.3141,8.5693,-1.4576,-3.6136,-6.5342,3.551,6.3956,-7.8301,9.6431,-8.3864,5.6802,-8.6263,-5.8369,-6.845,-6.6154,7.1514,3.2609,9.4363,-5.5501,-6.1978,-6.6965,6.6865,-3.3674,1.9689,-3.0587,0.8101,3.7946,-7.6315,8.0685,-3.8282,-6.7088,5.7511
9.9296,-3.3633,-1.7679,-6.2513,-9.5311,-7.3165,9.1238,7.678,5.957,8.8104,2.6424,-2.1232,-4.7802,5.1606,3.7914,-0.2296,2.4533,2.8609,-1.1691,-5.8916,-5.6351,-7.4451,-7.3906,-2.0617,-5.5895,-9.0622,-3.1612,-7.3804,4.0863,0.0896,-9.2878,-6.7545,-9.547,-4.8805,-6.7296,-7.9476,-5.9957,3.7471,-9.559,-6.484,0.7763,-3.7793,-0.5795,9.7517,-4.6086,7.3028,-9.8578,-2.715,-4.3843,3.0896,9.5732,1.9646,0.307,4.3581,-9.8972,5.1854,-7.971,8.5052,8.0529,-2.5971,-9.8731,-4.7052,6.247,-3.168,-1.8709,3.2573,-4.3701,2.6156,-1.0958,9.9881,9.3709,0.1945,-1.6873,-9.579,-3.3036,4.5513,5.3413,-6.7341,8.021,-6.7366,7.3867,-1.6473,-5.2861,4.167,7.1738,9.2735,5.3125,9.2114,-2.1428,8.0954,-0.5593,-7.5214,9.3102,-6.961,-8.1017,-3.7885,1.1328,-3.5911,1.9779,1.9621,4.9796,9.3901,2.5229,-5.0581,-9.4643,2.4567,-2.7201,-2.7424,-3.3881,-1.5143,-0.272,3.4341,5.3727,-0.8301,-8.2861,-1.1637,7.9577,8.1293,9.3109,5.8356,4.0597,0.9127,-3.3055,6.2638,-6.429,4.7388,0.8661,1.7003,-2.1774,1.2779,5.7095,-0.3514,6.1252,-9.534,6.0415,7.8172,8.5688,-0.7795,-1.2137,-2.5153,-8.3374,7.4866,-4.9386,-6.9665,5.3094,-7.2278,5.2917,6.6613,-4.8421,-7.9821,-2.6424,-7.3191,1.7006,7.9972,0.3715,-5.3163,1.9247,-8.1903,-3.8699,8.2912,7.0231,5.4012,3.6325,4.6752,2.7617,1.3528,-8.9752,-8.0186,-5.362,0.9495,-5.5977,-0.6636,1.6434,4.9759,1.1639,3.5232,-0.9391,8.452,5.2784,-1.0893,-6.3921,4.1934,-1.0726,-5.5076,2.0168,-2.2572,5.5471,-4.3504,-0.6153,-2.9293,6.9745,-1.4942,-5.2923,7.2415,8.5434,-2.6143,7.5607,-0.194,4.6509,-4.5517
-6.8048,0.3866,-1.9473,-9.9942,-9.0885,2.5466,-3.0911,-9.3413,-1.4035,-7.5204,-6.9875,5.2023,-8.4502,-0.7959,-3.4596,9.5813,-9.5655,-0.8984,3.9827,8.8618,-3.6931,2.6883,-4.8894,2.5928,-8.2507,-4.2775,-1.1146,-8.7979,-6.0934,-7.8911,8.9028,0.2414,1.7438,6.3661,-3.1362,-7.9958,-6.6204,3.7571,8.9464,-0.9969,-3.8344,7.6297,-2.0556,-7.4166,-4.8337,5.6124,7.2477,5.8203,9.6857,-7.3306,-0.1784,3.2044,9.5352,8.9696,-2.8575,7.7717,0.3044,-8.0724,-8.8374,9.9838,8.8385,2.6402,3.9974,1.6831,5.9085,-4.3433,-5.0155,0.0275,-5.9219,0.3408,9.1111,-3.8568,2.0658,7.9579,1.4372,-7.9106,2.431,2.0317,-3.664,2.3197,5.3434,6.2213,5.6554,0.0863,5.234,-8.8864,4.5934,-4.9242,-8.2831,-0.4952,-6.3168,9.5738,-6.2534,8.686,6.7879,6.9312,-1.1937,-4.6962,-0.3924,9.0837,-3.9755,-7.3206,5.2241,-0.4459,-5.1303,-9.0954,6.1376,-4.8531,-9.7535,9.6681,7.0023,2.4306,1.8059,-5.8044,-1.5333,2.4469,-3.994,3.6417,2.8211,8.0172,-8.1816,-9.1706,-9.9844,9.5987,2.1274,5.0878,2.9435,-5.3904,3.3489,3.1851,8.1981,-2.8963,2.6419,-2.1583,-6.5128,5.3623,-0.6901,-1.8959,-0.8034,8.1974,2.093,-5.521,-1.4787,-7.977,-3.7042,-3.1302,-7.1617,7.4664,2.4912,-9.6724,-7.9904,9.5152,-8.0242,3.7589,5.1326,7.7089,7.3766,3.3581,3.2931,-0.3731,-8.8173,2.0414,-2.4191,-0.1212,3.0044,2.4716,5.3606,3.6869,6.9501,9.6522,-2.3958,0.1648,-9.5654,-4.9077,0.3652,-2.5616,-1.2668,0.3359,6.5312,-9.1219,2.5013,1.5616,-2.8459,5.1267,9.8314,3.2675,3.4149,-5.3047,7.4564,-7.752,5.6282,7.8785,4.4399,-3.7037,0.5221,7.3223,-8.519,-5.0435,-5.7664,2.7132
-7.8413,-4.6144,6.9841,2.3681,0.5804,-8.002,-6.8076,-7.7825,-6.1368,-5.2949,-1.3764,-3.3724,-9.375,6.4853,6.5044,-2.5846,7.9811,9.3559,-2.4056,3.4708,7.184,5.7055,-5.3051,1.1137,-1.4468,-4.2966,2.6124,-9.8393,-6.7298,-7.974,9.8803,-6.9049,6.6218,7.2612,0.0548,-8.9095,5.215,1.8683,2.8346,1.1769,-3.3221,9.8626,3.8418,4.1874,1.0114,-8.8127,1.7488,-0.4755,-1.6794,-0.6886,7.0494,7.2621,7.3269,1.3686,4.9555,-4.6311,-6.9039,2.6097,8.0675,3.5038,8.5078,-1.2075,-1.6742,7.5907,1.4062,-5.2489,-9.2985,-4.8227,-9.9059,9.7472,-6.8427,-6.7843,4.4452,8.9152,-6.665,-5.6005,-3.0518,-0.1474,-8.4573,-9.1391,-9.9445,9.9229,3.0283,8.018,5.3827,8.1241,-2.0024,6.1522,9.4918,0.2926,6.1692,9.267,4.6922,-9.7858,5.9899,-7.8412,8.8862,7.5022,-3.5486,2.6896,9.4014,-3.4459,5.044,-3.4641,0.1925,8.7758,-0.7651,-9.6169,0.1388,-3.5701,7.1059,6.0993,5.4632,3.9501,9.734,-4.2828,-8.2992,3.865,2.7179,-2.6513,-9.6145,-2.6009,-6.6483,-6.979,7.6253,0.0647,0.2818,-7.1282,8.6972,-2.5777,1.7505,-8.4256,0.7326,-8.3577,-1.1435,7.3678,-9.0663,-2.0441,-4.9315,-6.1512,-2.017,8.4374,-0.718,2.3345,6.7436,-7.6533,-3.166,-9.1953,-8.1191,-4.5336,2.1677,-1.2337,-6.1534,-8.9803,-0.2732,-9.2509,-6.278,-8.8305,1.4569,-6.9015,-2.5307,-5.5835,7.9698,2.7214,-1.609,6.2864,6.3718,4.2395,0.1897,0.3958,6.1736,-7.0461,1.1676,8.4581,6.5395,-1.236,5.456,-7.0108,8.1809,0.2574,5.8744,0.5606,2.2618,-2.2179,-6.6896,0.3995,9.7286,-9.3978,-2.9859,-8.0566,3.7577,-3.4379,9.6359,-6.5717,-0.6821,9.7228,-6.0325,-7.6777,3.1156,-8.4626
-1.9604,-4.2926,-0.2483,-8.1595,7.7249,-8.4237,8.4117,5.9769,6.8599,4.3782,9.5128,6.0184,-1.5703,6.4535,8.8336,7.2797,2.6354,8.3536,1.1287,-5.7109,-6.4907,3.98,-2.9769,-8.1666,-8.6304,-7.4496,5.4635,-9.1051,5.4301,-9.9185,-8.4766,7.4438,6.5112,1.6863,-5.4899,-9.0511,-2.2745,5.6898,0.8741,6.3242,3.5469,7.976,5.2135,-6.4851,-5.591,-4.0668,-4.6798,-7.3183,5.8753,-4.0296,0.1187,8.9085,-4.0889,2.107,0.2173,7.9201,8.9738,9.6918,-5.2765,8.6515,6.9845,0.1563,1.9578,-9.7927,7.4787,-5.2813,0.1832,3.525,6.0886,5.9152,2.7727,-3.8075,6.8385,-4.1351,6.7252,-4.5438,-1.8731,-2.3854,3.899,3.0488,-5.3208,-3.804,4.7415,-8.5031,8.0393,7.6785,-9.6406,5.3499,-9.9272,-3.8502,-4.676,5.7747,-7.1489,-4.0769,4.6137,-9.388,-4.4493,9.9898,7.1204,3.0805,-1.3796,4.8135,-1.7089,-8.5408,0.0719,3.0162,1.5601,0.3722,9.6497,-9.9185,-2.1383,-6.9611,-2.3464,-2.9263,-9.0784,-7.1531,5.3413,-1.893,8.1944,9.9117,7.6677,2.9693,1.1666,4.7325,-9.838,-7.6616,-9.1597,6.2337,-7.0038,8.3769,2.0284,9.924,4.478,-8.2501,-0.2497,-6.5587,-8.3912,1.9512,-2.8469,-0.9652,-0.9764,-7.8206,-9.8938,8.3954,-2.954,-8.6669,-2.5833,3.5759,1.0958,-4.2613,-4.5574,2.6036,-2.3269,2.1029,-5.1872,-2.9904,6.6527,1.0938,-2.1363,-5.8302,2.1063,-1.9204,-3.5627,2.809,1.7676,-5.7379,5.3472,5.5448,2.1919,2.1678,-4.1582,-2.0438,7.1714,6.7451,7.2159,7.1084,6.832,-0.5076,-3.0121,9.1587,5.2444,-9.716,-6.8717,3.6832,5.2769,-7.8096,1.2625,1.2908,-1.861,0.9967,-8.9729,-1.7476,-6.5533,2.3003,1.0289,-9.9342,9.2152,-1.9675,-5.556,-0.0791
2.2244,8.965,8.9512,4.4247,5.0315,-2.9301,-3.5488,-2.8547,-2.3898,1.9355,0.3742,-2.9308,5.3385,9.6143,0.8203,-2.9556,5.0674,-6.2309,1.9691,-4.3494,-6.2179,0.6532,-7.6304,0.8124,7.276,4.7448,2.7039,-8.5446,-8.2456,6.4443,5.7346,-7.1179,-0.4013,9.2609,6.0473,-1.0924,-1.5444,-0.3978,-9.3628,2.8709,-1.3642,-7.7879,-9.733,2.2704,1.8907,5.3948,-7.5558,-8.7366,6.7723,-7.6906,-7.5935,8.7913,-7.5373,-0.8055,7.7114,-4.7893,-1.0409,9.5644,-4.1194,5.3127,2.7175,4.4274,-2.5063,4.3246,1.5258,7.4221,-4.3385,-8.3489,-3.4821,4.9415,0.2826,0.6752,-6.9941,-6.8917,-6.96,-1.002,0.71,8.8791,-3.757,-7.9677,-0.8327,0.6386,1.9025,7.5225,-1.3487,-9.034,7.8438,-1.9786,-9.5507,-4.2562,-0.8924,8.7399,-9.1192,7.4701,-8.1889,3.0957,-6.9862,-3.18,7.2075,1.9107,6.7787,-4.9514,-0.4005,-5.8938,7.0422,1.0794,0.5931,-4.2953,-7.8786,0.5375,-6.9388,-8.5411,4.2897,4.231,-9.2004,6.3809,8.2751,7.4334,-5.7158,5.2393,3.6469,3.3732,-8.1994,-1.4741,-9.8649,9.6077,-5.1941,9.2074,5.4008,-5.7754,-1.434,1.9475,-9.1489,1.0865,-3.0176,-8.3589,3.895,1.3265,6.2366,8.033,-6.0892,3.1232,-3.6066,1.2161,-6.9348,-5.0158,6.2351,-5.8289,-2.2236,7.0955,-4.7293,0.5292,-6.467,-5.9846,-5.2637,-4.4161,-7.825,1.7008,-1.2009,-9.614,-9.311,5.005,6.5718,9.6762,-8.8978,-0.1263,-8.2262,1.2132,2.8091,0.6892,-5.4455,-1.035,-0.8106,8.4056,-5.0508,0.0086,7.5177,-2.3756,-1.7211,-5.2776,2.6133,-2.1272,5.7517,2.3566,1.6805,3.9971,-9.0804,-5.2586,-2.6945,6.0569,-8.6575,-3.5087,3.9601,2.2985,5.9463,-1.7825,-5.1287,-0.7372,-3.1042,-2.9067
0.6529,-2.9853,-7.3571,-9.2401,0.6019,-4.2125,5.3439,2.2387,6.0412,-3.7236,1.9903,9.2067,-5.2272,8.9655,-6.4185,-6.9649,4.6997,9.6133,6.2504,-8.7772,-6.4318,3.8513,7.2719,-0.9457,3.2106,-1.3857,-0.4683,6.8967,6.129,1.77,-5.8438,-1.0397,3.9647,-9.1658,2.1836,2.4265,1.8118,-0.1031,-1.1276,3.2449,-2.7889,8.0598,-9.163,8.0209,7.9269,3.7362,6.2937,-0.88,-5.1393,-1.323,6.8243,1.7365,7.226,5.5989,-6.1731,6.378,-9.8428,9.4992,-4.7496,-4.1036,-3.4484,8.8618,3.2061,-4.2415,-3.71,6.6412,-8.3891,5.8795,4.9555,-3.0548,2.3455,6.0278,-7.3032,8.9969,-5.3673,3.0812,3.3722,-5.8614,-7.7504,5.3103,-1.7799,3.3546,-8.9209,5.5077,5.6943,-1.1712,-4.6243,-9.0695,-4.3741,-2.0369,-5.1625,-9.3275,-7.6814,2.5701,-4.5426,6.8083,-5.9945,-6.9004,-2.2336,2.6122,7.1827,4.8688,2.5489,-3.0087,9.8172,-4.8282,-5.6392,1.9765,5.9087,9.4998,-2.2712,-2.1741,6.3536,8.0977,1.5721,-9.8482,0.1518,-2.0664,-0.525,-6.3557,3.545,9.9283,3.2229,-4.6016,-1.3694,2.6417,5.1766,7.5067,-0.9267,8.6246,8.3432,4.7578,7.6797,1.6151,-9.996,-0.0612,-0.1224,-8.5451,-3.6983,-2.1049,3.2831,0.2544,-9.639,9.5955,-3.3815,-1.7055,2.0055,9.2394,-2.8634,-2.3156,0.9378,-5.6304,-7.5839,0.2569,9.1445,-0.3944,-2.2645,-8.2543,1.2719,0.0071,-1.7852,5.0637,-5.415,6.2985,5.816,-8.2807,9.4379,-5.5677,0.1006,-2.7846,1.8759,0.8155,9.8072,8.4014,-4.7406,-3.0183,7.6464,2.6062,5.6228,1.4669,8.9961,0.4338,0.4253,-6.4166,-4.6732,9.0794,2.6732,-0.484,5.9561,8.0851,1.2985,6.0961,-5.3314,-5.6823,-9.595,-5.8777,5.6475,2.1351,5.8151,0.0358
-2.8254,-7.7279,-2.1759,7.5116,-1.911,1.293,8.1788,2.8609,1.845,8.6427,-3.6248,9.5102,7.295,1.2293,-2.1319,-7.6377,-2.1787,-2.4433,-4.7201,-0.3203,9.5353,-2.4723,-3.7202,-4.4043,-9.376,-7.0261,-5.4166,7.1261,5.3936,4.5842,-6.6143,9.5875,9.153,3.1315,8.9712,5.6275,-7.4602,1.4062,-3.9539,-3.5969,4.5879,2.5379,1.1793,9.8815,-4.7687,7.4837,3.7881,-9.4419,-0.5673,-6.943,-7.6188,3.8601,7.7559,3.5883,-3.1772,-9.1018,-0.624,-6.1068,6.5078,-3.0278,8.0268,-7.5414,-8.7552,-9.9315,9.5909,-0.5321,4.4679,-7.9146,-7.8793,-4.6274,-7.8224,-9.113,-8.6842,-1.4747,-1.4259,-0.0465,2.3414,-4.4899,0.57,9.7483,2.9586,6.3156,7.6066,-5.5696,-5.7088,-5.7387,-1.9716,8.6339,7.3224,-1.4316,-0.6267,7.3554,1.1108,-2.4662,-8.8784,-1.2367,-6.1488,-8.9508,-8.7381,1.7363,-1.4898,6.6755,2.5237,-8.6244,-0.3407,1.8382,6.752,9.2837,-1.271,-5.1648,-0.0744,-5.7624,-4.5265,-7.0738,2.8832,3.9132,-2.6536,-9.8312,2.0832,-5.2964,-7.7044,-0.1183,-3.437,-2.4159,5.382,7.6239,6.7697,1.6736,-7.1196,-2.7808,-0.8138,1.0117,-6.9987,-4.0183,6.7897,9.7617,-5.4258,5.0751,-4.5534,-7.1385,-7.1237,6.7937,-0.8064,2.6353,7.7293,1.9345,-9.9616,2.2971,-8.6376,-0.9118,5.4714,6.7564,-1.6164,1.7417,5.6538,-4.0667,1.5261,-5.5919,-5.6707,-4.9413,-0.5237,-8.1083,5.1696,-3.659,6.1471,-7.6739,3.722,8.8219,7.9573,8.0306,-5.251,0.1785,9.4229,-7.8263,7.0607,2.9461,-4.198,-5.297,9.4691,-9.0709,2.1122,-3.4647,4.5322,7.2759,6.4375,6.777,8.829,5.8976,1.8605,-5.3944,-4.2853,-6.4929,3.4525,-8.5401,-7.9254,0.1907,-3.3349,8.3814,6.5299,-2.0316
7.9265,1.6756,-0.6745,6.3263,9.6855,4.6144,3.978,5.5571,-1.3357,5.1404,0.153,7.9922,7.2087,-7.8841,-1.1755,4.01,-7.8622,-3.4141,-2.8985,3.2534,-8.2869,6.9836,-1.7811,-9.8233,8.6448,2.2716,-6.4549,6.7619,6.2705,7.2664,1.7294,1.8434,6.9642,2.5173,-9.9562,3.3544,8.9125,0.5755,-6.9212,9.9274,-0.6142,-3.2112,7.9493,3.618,-1.1312,-2.5651,7.8348,-3.6714,-1.0535,-1.9306,9.4256,7.5607,3.9439,1.7316,0.0036,-7.9011,7.9659,9.5361,4.8377,-4.2823,-2.1775,6.2351,6.706,-3.8858,3.608,8.8701,4.7134,-1.8343,0.0368,5.345,-9.4042,7.4599,-7.0406,7.7782,9.8618,-8.9786,9.2403,-5.4599,-0.6879,-8.3485,-5.3545,-5.1083,-6.2783,6.917,9.526,-3.8998,4.7804,-6.9632,8.9088,3.9472,3.996,-5.0662,0.5,-1.8577,7.3587,3.1267,-4.4051,-7.9225,6.1421,-8.6844,-0.7614,2.9662,2.0177,-7.6097,2.9492,-5.1954,1.1359,-5.0278,-2.2604,4.9221,-4.9286,7.0439,-0.9251,9.8471,2.2042,-6.8022,4.9777,2.2089,-7.632,-8.6319,6.4936,-0.2511,3.8745,0.0196,6.5539,-6.7744,-7.7794,-2.216,0.3924,2.3933,-5.2781,5.1561,4.707,-0.1842,-0.5574,4.359,9.9478,-2.4305,-4.5147,-0.3906,-5.0844,-8.8023,9.0641,-2.9562,0.2122,-7.9389,4.7149,-0.385,-6.4441,-4.7139,2.3189,7.2445,-7.8377,-6.2311,7.2624,4.6452,8.5392,-6.8497,3.115,-5.3603,-3.9494,0.7764,-2.349,1.3549,-2.3256,5.051,-5.2806,-8.5535,5.6764,7.89,6.4601,-1.0536,-1.12,-3.8244,-0.6554,-9.3065,3.4028,4.0664,6.3566,2.919,-6.4439,7.1685,-2.4949,2.7948,-5.7298,-1.8039,2.5808,3.1231,-3.9219,1.9415,-9.922,1.8727,8.149,0.625,-1.206,-0.5868,-8.2679,-1.5799,6.5817,8.8287
-6.4042,3.9336,0.198,8.8187,-0.9098,-5.6116,-9.0987,5.0256,4.3901,8.5285,-8.791,9.6515,-6.3111,1.2213,1.3042,-9.1825,2.4807,-3.2114,6.7064,0.6502,-8.5127,1.2776,9.203,6.3539,4.9371,8.0648,4.0641,-6.7021,-2.4625,-8.086,-0.131,-4.9422,4.2418,-8.4265,-8.4681,9.0241,7.0011,-2.9352,-9.8765,-4.2953,-4.9687,4.8769,-0.5533,1.3911,7.8103,-1.6757,-9.8551,9.0743,0.6241,-7.7579,6.7418,-6.1543,4.1023,-3.2516,8.7351,1.432,-4.3965,-2.7538,-0.6095,7.8771,-1.3477,1.6682,-6.3302,-6.1911,-7.5231,-6.3925,-3.1947,-3.6049,4.9155,2.7836,-4.7974,-4.8622,-4.3488,-2.2169,0.4362,3.7323,1.5103,-3.7413,0.1588,7.4427,1.4037,-7.8627,0.2163,9.2021,1.0507,-7.3332,6.374,-4.2341,-2.5207,9.4042,-6.0011,-2.7828,9.2269,7.9505,-9.6885,5.5179,-7.8468,1.6563,4.1608,-0.1097,9.9456,0.0124,-7.3085,-9.2727,3.4,-1.7027,3.5126,2.9175,-2.289,-2.4895,-0.3519,-0.8684,-5.6686,-9.704,6.5935,6.7225,4.6891,-2.1751,0.3353,-9.1931,9.0601,-3.6885,3.5718,-1.033,-8.5089,3.8317,-5.164,2.5921,6.8076,-2.8882,7.2411,-2.6623,-2.5965,7.9788,4.247,1.9134,-7.2061,-9.0791,4.2881,-1.6657,-8.6346,-8.488,-9.6085,0.1874,5.7293,4.9162,-4.7864,3.6095,9.0459,6.0354,-1.5142,4.5742,-6.7162,5.5852,-5.7308,-2.4368,1.9852,1.2034,1.2671,5.6708,-5.4579,7.3557,-9.2887,-6.9842,9.4084,5.1681,-7.0187,-1.0343,-9.8518,0.4233,9.649,2.9346,2.1871,6.573,1.5296,2.8508,-4.0506,1.2804,4.6933,0.3048,-1.872,-5.787,-5.0816,8.3791,-7.3994,2.589,4.7086,-6.0031,-6.5574,-5.8204,0.9545,-6.1798,-4.4272,-2.9008,-9.1872,-9.4405,-9.8658,7.6897,8.3631,1.4157
-9.1449,0.5666,7.5558,7.059,1.8126,-7.6535,-3.1258,9.7839,6.5096,4.3519,-3.666,-6.283,-1.4397,-5.322,-3.2893,6.217,-6.567,-4.9885,-4.8947,8.2793,-7.9493,-0.8136,8.6186,7.2146,3.1713,3.9298,4.0004,-7.5438,-8.7789,-9.8733,-0.2259,4.0279,-0.4512,-9.8291,4.0545,-2.0989,6.0734,8.7081,-0.8036,-0.6754,-2.0333,-1.5422,2.3934,4.7599,-2.022,-5.1773,-7.8631,4.6622,-1.7171,4.2299,-2.8058,3.0895,-1.3587,8.7394,-0.4617,3.4537,1.3888,6.6118,4.2762,-1.8228,-6.8593,-1.4995,8.2402,5.0348,-1.734,-2.4416,-9.0097,-3.9366,2.9684,8.0276,3.3713,-9.3373,-3.4846,5.5714,6.6377,-8.1301,-4.7141,-3.5358,7.8421,1.5188,-6.264,1.57,4.5296,-2.7728,8.8236,6.5666,2.4798,-2.4123,-9.7771,-8.5667,6.1062,7.9051,-7.5222,-8.2014,3.7554,1.1564,-2.6307,-3.8068,-5.1132,-6.0059,-5.4465,-3.3781,0.2233,9.569,-9.4254,5.2612,-7.8977,1.0048,-6.2094,-9.7452,-7.4751,-5.5055,-4.1072,-6.2988,-3.9831,-4.0454,8.1664,5.3264,-6.27,2.9368,-1.7924,-0.7515,-3.3432,3.1297,-9.4968,-2.4741,5.3717,9.8791,-7.2936,-3.3136,-2.2557,0.9378,-0.3092,6.5851,2.7913,6.3198,4.3212,8.9088,4.7409,-8.007,3.7926,-9.3409,-6.4656,8.7241,9.1099,-7.8361,-2.06,9.7697,-8.5269,8.2307,9.6569,7.6447,6.3598,1.425,8.2413,-7.9802,-7.7326,3.8288,-9.8243,2.793,2.3506,2.239,-6.5504,8.3027,4.681,-4.3798,1.9705,-2.0555,5.2304,-0.1001,-4.2076,6.3298,-2.0422,9.9157,-2.1566,1.3989,-2.0016,0.6969,9.821,-7.7617,6.2815,7.7664,3.4193,-0.1647,0.8378,3.7029,9.0577,-3.0905,8.3047,-4.397,-1.0287,-1.1966,-6.5166,-6.2104,7.2249,9.8079,8.9379,-5.7607,-4.2391,-7.4832
3.9187,-9.9155,3.5841,-4.7031,4.4068,-6.3066,8.6639,-7.7769,-9.2747,-7.6648,-5.1354,3.6089,-1.2112,-0.7986,1.8239,3.5248,4.3717,-1.5439,-7.4783,-8.1128,-4.8493,-6.5755,-2.2823,9.8363,-3.9725,8.8731,2.909,-8.9801,5.0871,4.3348,4.0695,-7.2394,-9.5853,6.5099,4.9129,1.6592,5.2321,1.5408,1.8525,9.2367,-7.0925,-4.0204,-7.7522,-5.3457,6.8912,4.3657,1.4047,-5.7711,-0.3858,1.1774,-7.4285,-8.5163,-6.3557,5.8487,1.3457,3.0106,-7.8779,-3.7237,-5.2515,5.7234,-7.1647,-4.6322,3.9018,3.0975,7.4862,6.9338,6.7945,5.0721,-6.9942,0.8877,-7.6941,-0.0214,5.673,0.2144,-3.0891,9.9821,-3.8186,-6.3311,0.1946,-0.944,-3.1639,-4.5611,9.8902,-2.6944,1.0759,-8.2745,-0.6988,0.0573,-2.9839,-9.2391,0.5679,-9.1379,-5.5753,8.7825,-3.1062,-1.5933,0.5103,7.5206,-4.8253,9.0766,4.9052,-7.4901,5.084,4.5068,2.4738,-2.0552,5.8746,7.1956,-8.5935,-2.5617,0.7564,9.6141,-0.1392,-3.5165,-8.0613,2.1805,6.0864,9.8062,2.8259,2.2487,1.3172,5.2079,0.1272,-4.4666,-2.8618,4.0742,6.4972,2.3658,4.5741,-9.9764,9.2567,-6.2795,-4.7318,-4.8192,-4.4003,-6.3024,-9.5611,8.9592,-1.7365,-7.024,-1.0634,1.2507,5.0259,0.2304,3.038,-6.0875,7.2467,7.14,-8.3817,-2.5725,6.6563,-4.42,-8.0509,-8.9441,-6.0711,-5.5773,4.9166,-9.7077,1.1272,8.4332,8.8221,2.037,-2.0269,-3.4813,0.5961,6.8955,-5.2401,-6.3837,-6.3533,-0.0572,-3.0053,8.623,-1.9661,3.3486,6.8341,6.4815,-6.3236,4.5122,2.5638,-0.8586,6.5983,-2.7087,-8.7859,-9.5866,2.7252,-0.7453,5.3346,7.9207,2.5847,1.0723,-6.3513,1.2843,0.165,2.1484,-0.2069,1.4391,5.0874,7.8298,0.3861,7.1834
1.9776,-2.9088,-2.6587,5.2747,-0.3412,5.5643,1.4364,-9.13,-0.3106,-0.108,4.1906,5.8759,-7.6186,2.3677,3.9836,6.7691,-0.0537,-9.1885,-8.4457,-1.4252,4.4615,8.9475,-2.5087,2.7963,4.3572,-8.547,0.435,-8.4329,-0.6323,7.5295,5.9795,3.7272,8.1234,-3.9823,-0.9122,-4.3238,-3.3319,3.191,3.5378,-7.5278,7.0969,-4.9441,-5.1889,-2.9197,-2.3218,3.1152,3.7969,3.6342,0.692,-5.2946,-5.1057,8.9815,-6.5521,-0.93,6.3159,0.4449,9.1483,9.3814,6.8225,-1.8677,7.088,3.8385,7.7185,-4.9068,-8.0564,1.0283,-0.7258,1.7762,7.4659,6.7189,-8.4703,-6.9531,3.7314,0.8101,-6.52,-9.5528,-4.1448,-4.938,-7.686,9.7394,8.5833,-6.4695,3.5534,5.5096,0.1352,0.1677,-4.3176,4.2032,-9.8682,0.7744,-1.8897,6.8585,6.9086,1.5009,-4.1074,1.9184,1.7123,1.2557,-0.5007,-6.9683,1.4854,-2.6664,-0.0152,5.329,2.6164,7.1393,-3.8069,-2.5592,-2.4542,-7.5837,-7.302,7.3332,8.5988,-7.2538,-8.4914,-4.461,6.0322,4.1968,9.6808,9.8537,-3.7301,-5.0167,-7.6396,0.3165,6.4599,4.5996,-5.7218,-1.9324,5.9077,-3.0768,-3.7247,5.5277,-1.3821,-9.7237,7.1583,8.1864,6.2315,0.0565,5.681,4.7611,-0.9894,-3.0239,9.043,-1.207,-7.2535,-7.4059,-2.3877,-1.7146,-7.3706,-1.0387,-5.6616,8.2212,2.5208,-1.5812,4.094,8.2483,-9.2026,3.7554,-2.9126,2.3373,1.8792,-8.2706,3.3368,-6.3996,6.2266,-5.984,-2.8959,6.3875,-5.0707,2.1578,-9.613,-8.4375,8.191,-8.9685,-5.0163,6.7987,1.4325,-4.6439,-5.15,-4.6743,-3.5612,-3.671,-0.6976,-2.0758,5.6334,6.7345,0.5669,-9.4179,1.6143,-2.8438,-5.8843,0.1195,9.9653,-3.9639,-7.8314,-7.7689,-3.564,1.4147,-7.3906,5.0805
8.7922,9.8389,1.0,-8.0042,6.6692,7.3971,-4.237,1.7632,-3.8288,3.7285,5.2099,-3.1934,-9.5918,-2.0321,-5.6316,-1.6189,9.6486,-9.3343,-3.3574,-0.0304,-0.4137,-5.8121,5.4472,-4.1315,-6.6203,7.1269,6.0245,1.3327,-5.5262,8.9248,-4.4063,-0.3362,8.0089,5.189,-0.3931,-0.944,-4.1721,5.8544,8.9319,7.246,-0.9799,9.2863,-9.7333,-3.6292,5.868,9.1782,9.3507,0.1912,9.0255,2.0957,4.7765,0.9949,-4.1764,-6.357,2.9126,7.3115,2.3039,1.5606,-1.4255,-2.5481,8.546,-8.6202,1.398,-7.1219,1.5357,-2.9396,-8.042,-8.8274,5.921,-9.1389,9.4807,-3.5367,9.5882,-1.9224,5.8704,-6.5083,-5.9436,2.2901,8.9165,8.0947,5.2698,6.1033,9.9562,5.1938,-2.3526,-3.4447,0.0284,8.7363,-9.6838,8.4598,8.5656,-7.5432,-9.4612,2.2638,-8.6458,4.6462,-2.7905,-4.114,-4.8689,6.6693,8.7794,-8.1545,-7.4361,4.5643,8.3194,8.5307,7.51,-2.0818,-9.7194,-9.8579,-9.9078,0.1546,-4.1946,9.5456,2.8888,6.4737,8.064,-2.4676,-7.678,-9.4892,6.1619,-9.3983,1.3396,0.4889,-0.039,9.412,-8.0192,2.2313,-6.3924,-7.7566,2.3812,-1.4276,-8.8243,1.7924,9.4853,-9.7817,-4.0135,3.7264,6.5806,1.2748,-2.73,-6.8731,-6.7484,8.9256,-9.8786,3.2333,1.3865,5.3488,-7.3789,2.2927,2.2656,6.6212,9.9801,3.5668,2.866,-6.2908,-0.5201,5.1156,9.0935,-5.8853,-8.9175,5.3556,-6.8785,3.0928,-5.1407,8.9752,6.4151,1.8672,-7.8164,1.8258,-9.1559,-8.3631,3.906,-6.9785,-8.3229,-1.037,9.6939,5.0022,0.1606,-6.6028,-5.2053,6.1433,-8.7805,1.2872,8.1208,-0.9422,8.6572,4.7372,4.0172,-1.6191,-6.5548,-5.2611,-6.8541,4.4769,1.7928,1.9039,-3.5017,-5.1483,5.2948,-5.3361
-7.7937,-0.4602,4.4206,-9.6572,-4.8168,3.3572,-1.8259,-9.9471,4.0869,-5.8887,-4.5327,-0.0744,8.2189,-1.3212,-8.5987,-1.1597,-2.6773,-7.6694,-6.9298,1.9908,9.6181,7.6928,6.6171,-5.1212,1.667,-7.1346,-1.3669,4.6939,-5.659,7.1655,4.7082,3.3209,7.7012,-4.5244,8.8805,-2.1542,-1.9956,6.4358,7.1699,4.3274,-2.157,7.8201,5.6929,-1.239,-2.2997,0.3054,7.6443,6.5706,-9.1403,3.7107,-0.0678,-7.1468,-9.8134,-1.5331,-5.2826,-5.0527,2.3788,-0.0072,-5.7982,7.9426,0.0535,-7.8473,-6.0971,9.4118,-0.4696,4.8069,9.9483,-3.4127,-9.4002,1.9244,-9.5323,-2.1448,-6.1074,7.312,-8.3752,7.5022,-1.5303,-0.5636,-9.5279,4.387,4.0594,3.228,-6.4991,-1.2211,6.5146,-9.9005,5.1639,5.0272,8.734,1.3975,-3.5541,-8.6874,7.1974,0.9189,-3.8,7.0133,4.1119,-8.2185,2.9439,6.7809,-4.9046,-5.6289,8.9866,4.2499,7.7365,-2.8085,8.3898,1.8248,1.1692,-4.7632,-9.5063,0.5379,9.6039,-2.1533,8.7869,-8.6747,-5.5022,-4.3266,-2.6007,1.1228,6.7654,1.4206,-7.5013,-9.3042,3.8885,4.3095,-9.9023,-8.2653,7.6568,1.7754,-0.7163,-8.1704,-4.3832,4.3932,1.4019,0.8625,5.9125,4.5882,-4.3056,8.4723,2.0394,-7.4205,0.2329,-1.5276,6.1085,8.5943,-5.6929,4.469,0.7752,8.0426,-8.5033,4.1739,9.3758,1.526,-3.8722,3.212,-9.5359,1.0703,-2.2018,-7.7056,8.2155,-0.4753,7.5922,-4.8391,-3.7404,9.702,1.0563,-2.4816,5.0031,-8.8639,5.3696,-6.9815,-9.6078,9.8778,-5.9691,7.9692,0.0706,-6.7133,0.4243,-6.1209,-8.4963,-3.8745,-0.3112,3.3097,-3.1897,-4.1351,-1.1219,-1.0559,6.5482,-7.91,-8.2126,0.3583,1.719,-4.1033,-5.7114,7.1981,-5.8038,2.956,4.1201,1.6562
-2.0054,6.4545,-1.2772,-8.2278,-9.8401,8.4207,6.5396,7.6169,-4.9063,-4.665,1.8666,7.9302,7.8167,-3.501,7.3321,-2.2461,-6.4004,-6.9218,1.6649,-8.5052,1.2205,-9.5821,-5.4512,7.7279,8.0978,3.793,-8.0982,8.1988,-4.7669,-8.4364,-3.0271,-6.7685,4.1162,-3.4987,1.9515,9.3122,-1.1569,-3.7222,1.8695,2.2284,1.2887,-7.9328,-9.6268,7.3005,-6.1527,-9.2135,1.5034,-6.9212,9.1714,3.7253,9.9339,6.3421,-3.6233,3.7292,-1.4314,-5.2687,0.8951,8.7024,-9.8253,8.4545,-4.9241,-8.2977,9.8845,-7.8183,9.3696,2.0377,7.1025,2.6832,-9.3175,5.1941,4.676,-6.5717,-8.2156,-2.3841,-9.5175,-9.9454,6.6674,6.3496,-0.6924,-0.9513,-2.5203,-7.0346,2.8914,-3.3579,-4.159,-8.4141,0.8509,9.6027,8.4024,-6.228,-0.7157,-0.5909,-2.6516,-5.0883,4.8714,-2.465,5.677,-8.5074,7.9383,5.1528,-3.3879,4.475,1.61,-4.5533,-2.938,1.3761,0.0544,-5.5718,7.0217,8.837,3.5257,2.1289,4.4018,-5.5514,-4.5,-9.5961,-8.8199,-4.4085,-7.4703,-2.2374,-4.0606,6.9696,9.8142,-4.7604,-6.3098,-5.0731,-8.5063,0.6763,6.8388,-3.6256,5.1764,8.3702,-9.6539,1.7014,-4.5607,2.1873,-9.1428,-9.779,-8.3084,5.4657,-2.6001,7.2129,-5.2108,-5.0122,-7.0004,7.7816,5.1636,-9.0366,5.6013,5.8414,-8.379,-7.7328,3.3891,-5.9133,-9.5349,4.3643,4.0325,-8.3295,-6.6508,-6.0822,3.4661,-4.1563,-4.1917,-0.5357,-4.3223,2.7241,-9.3067,1.8747,-7.0446,-9.4527,-2.9635,6.807,-5.6195,-6.306,0.6173,1.3755,1.8419,2.4799,1.5763,-7.0332,0.183,-5.7294,-0.0351,-7.385,1.3722,5.6009,8.0317,7.2281,-6.4104,-0.9852,-9.8763,-2.4213,0.6934,4.6965,-4.4751,-1.853,7.3217,3.1272,1.2635,-0.0624
0.2453,-3.9774,-8.7071,1.5845,7.4768,9.9466,-8.0917,-5.9425,4.0941,1.1304,7.3976,-2.8015,1.524,8.1583,3.3429,-5.57,5.4942,-7.0716,-7.8778,-3.2079,-0.1783,3.7352,5.7763,2.8303,4.9877,9.971,-9.4557,7.2224,1.1209,-2.201,-6.578,9.8208,2.2053,2.424,-6.909,6.4378,-0.2082,-7.7342,-8.6216,9.6427,-9.7213,7.4064,-7.4889,3.8684,-5.6854,0.748,-9.3727,6.8897,-4.8905,5.5891,7.5052,-0.5513,9.2422,2.8907,-5.9854,-1.2793,-4.2336,4.795,6.3209,-7.7596,-5.7852,-9.1855,3.8872,2.6598,-5.3044,2.8115,-1.2528,3.94,6.35,-6.3428,3.0259,1.8909,-1.9825,-2.8145,9.3501,-9.0204,3.2372,7.4024,8.3844,4.2602,-1.9709,-8.902,3.1891,5.3344,-3.7743,-0.8993,-6.8018,-6.3966,5.5483,-4.9257,2.4013,-3.2521,-0.3138,1.9823,5.7269,-3.7985,-6.8438,-2.0439,4.9193,-6.9488,-9.228,-6.1277,9.7785,-4.8143,4.4892,9.9467,-1.5375,-3.99,0.7923,8.15,-4.4069,4.9552,-2.0741,-2.1661,-7.1461,1.208,-8.712,3.026,7.6886,-4.2929,-0.7412,-1.8801,4.5429,6.3738,-2.6573,3.6618,-8.7209,1.6,-0.0669,-9.1201,7.2416,-1.2762,6.4054,-1.3079,-3.4857,-0.8066,-3.6404,-7.0536,1.1763,-9.0564,-9.6982,-0.3137,3.6438,7.8043,-4.4969,0.8964,8.4015,-8.1575,-3.6455,-6.5168,2.4978,9.7102,3.0846,7.6961,4.034,2.5586,-3.3082,4.3303,-7.8918,-9.5022,3.6296,8.1591,4.2341,-5.5256,6.7908,0.5168,-6.6344,2.468,-7.5844,-5.3064,4.7037,9.3022,-2.9798,-6.0888,-6.9793,1.303,-9.7667,4.4805,2.022,3.7882,-2.8243,-7.8785,9.3139,6.6851,0.8642,-6.3424,9.2458,-3.7012,7.7525,-5.6385,-4.2631,-3.2869,-1.8154,8.126,8.6875,-8.4544,6.812,-2.1489,2.0324,-6.8606
-7.671,-0.5396,3.9121,8.3209,9.7277,6.5329,6.4257,-7.5576,-1.4925,4.1924,0.4514,-5.5354,-5.9015,0.8817,7.4432,-4.4421,-4.5201,8.9755,-4.464,-8.2209,-1.9199,4.3094,9.8417,-2.8411,-9.7401,-2.5571,1.0654,-5.4696,2.5999,-6.3081,9.4147,-6.8755,4.5342,4.9919,0.9869,-4.7099,-1.8188,5.0338,-2.0233,-1.7295,0.6372,2.6717,6.2386,8.0002,-9.4456,5.776,3.4776,8.9047,-2.8373,8.2894,-7.7776,-1.9756,-1.5467,-8.8126,-2.5206,-3.8692,6.8305,0.8079,-8.6501,-1.3737,-4.4153,-6.0393,-0.6216,-3.5757,-0.5183,-0.9403,-4.8721,-6.2123,2.5454,2.7018,-5.5299,-7.7107,5.4064,5.5746,0.8326,0.8287,-7.2098,6.9168,-2.6536,-5.4504,-1.4564,-7.1177,-4.7156,-1.846,-5.5277,-4.8578,-0.1063,4.2498,-0.5917,9.8305,-8.2165,0.2331,-1.9476,-6.1055,-9.5157,-9.6683,4.026,1.8891,2.4951,-4.8134,1.8934,-3.4293,8.7584,-9.4311,9.4141,9.5962,9.3037,7.1844,-2.8778,7.7384,-5.0452,-3.1589,9.8848,-5.2342,-3.8769,5.4227,5.9857,-3.1109,6.4371,0.8781,2.8984,7.5462,-1.5413,-7.296,7.2549,1.4684,8.8622,2.0538,-8.0119,-3.7769,5.7285,-4.1917,6.6448,8.3661,-1.1731,6.3757,-5.1623,-1.5949,5.1775,-6.4162,-3.2846,-3.6891,9.0983,-0.101,-3.6493,-3.6972,-2.4323,-4.3304,-3.9777,-1.4617,3.7771,-5.1859,1.6106,4.8743,-6.0575,4.1992,2.5413,-3.794,1.8535,9.9353,0.2872,6.54,3.9775,5.369,-8.2314,8.1027,-6.6457,-3.7542,3.6465,-3.3152,-0.9855,-2.2172,8.0644,-3.5936,-6.4883,-7.2694,-8.3812,8.2541,4.8418,2.1385,5.4582,1.7835,7.6982,-4.8133,2.6987,6.3157,-9.033,-6.9667,6.1057,-9.423,6.257,1.6202,1.7163,1.2574,5.5498,3.8763,-5.1518,5.5922,3.8763,7.0049
6.7643,-3.398,1.186,5.0784,-2.7765,9.6555,2.1866,7.4896,2.9165,-8.7926,5.1246,-5.2657,5.6155,-5.0807,-7.721,3.9872,-1.918,-9.651,8.1391,1.1587,1.917,-2.4185,-2.842,-6.9409,-8.3257,0.3575,3.2194,1.3331,9.6746,4.535,7.1923,-9.4493,-8.6607,-7.668,3.1082,8.226,-5.9578,7.3823,-5.758,3.5325,-8.9598,-3.4318,0.3247,1.6205,-3.5308,-0.9546,-8.2951,-2.2674,-2.7463,-9.3615,0.9406,9.28,0.7049,-9.0977,-8.6185,5.5741,2.3641,2.6308,6.7219,-7.0756,9.8284,2.6601,9.6209,1.3789,6.4838,0.9476,-5.2281,8.24,-0.2813,-3.8098,7.3589,-1.2258,-3.7319,5.3606,-2.7844,-2.7138,7.3693,4.8012,-5.5398,-8.0985,-1.4206,-0.1191,-5.6448,9.9508,-4.2693,-7.088,-7.6577,-7.7073,-3.7682,-6.6372,3.2318,2.9174,-7.7975,6.5709,5.188,-1.8618,-2.9035,-6.1548,-1.1381,-0.8045,-1.9977,-6.9401,-7.5605,6.9699,-7.0114,7.2639,2.7061,3.5272,-2.4562,-7.0438,-1.4123,2.3343,-0.0586,7.6971,-7.6116,4.5864,0.7118,1.9831,-6.4406,3.0072,0.4631,9.4603,2.3613,0.5068,-6.0406,-6.831,-0.7234,3.9999,-7.5847,7.9101,7.0194,-9.7178,5.7489,8.6311,2.3376,3.625,-6.3366,0.5829,-1.0632,-3.8606,-0.3323,-9.5694,-5.1632,-3.2006,-6.3241,-6.9061,0.8892,8.9526,0.7523,4.9465,-3.0894,9.549,-2.8976,8.8082,7.3314,6.7808,9.1418,7.3961,8.6193,-0.1138,-5.3815,3.1764,-0.8135,-8.282,7.4852,-9.9989,-3.7395,-9.4094,-2.3655,-7.9692,4.9415,3.7525,-9.5478,-6.8726,-7.1798,5.8192,1.8654,-0.134,7.8242,-4.8108,-4.3469,5.9219,-9.1902,3.9778,0.9005,-0.6872,-9.2009,-6.5415,-3.2173,2.7806,-5.8398,9.9951,8.597,5.3695,3.8199,5.3576,4.4088,-0.5224,-7.9117,-6.5327
7.0741,8.2477,-1.0929,4.2894,5.4772,1.7556,-8.2904,-9.3081,-5.8211,-4.5026,-6.367,-1.055,1.536,-6.83,3.2316,5.7618,9.45,5.702,4.321,-7.8013,4.5611,3.7273,-1.6896,9.5032,-5.1747,6.1247,2.5587,-3.547,8.081,-4.3604,-7.6036,8.5649,-2.5433,-5.0269,-4.5009,-7.2828,5.2534,-4.4423,-9.7352,9.9436,4.125,-9.3021,9.3215,7.9074,1.6094,0.5989,-1.4873,2.9817,-8.5131,8.4414,-9.6887,-8.9561,6.9955,3.4883,-1.2779,-5.5346,0.9618,3.9265,-6.9229,6.6606,-8.5317,6.316,2.7542,-5.389,-2.4346,2.0841,-4.9562,-3.3499,5.069,-8.9786,3.7085,-2.9856,-4.982,-4.1069,7.89,7.2255,0.1148,-5.4245,7.7515,-5.1643,-0.2936,-0.2894,2.1488,2.8342,3.7079,5.0764,-3.898,6.7615,2.033,9.6066,1.1156,6.2765,-7.9683,-9.2098,-6.1897,-5.0875,6.9776,-4.7307,-7.4256,-8.1768,-7.8619,3.1764,-2.5742,-6.2348,-9.2972,8.9309,-7.1933,0.8342,0.6848,-1.8254,2.4692,-3.1141,-7.5478,-4.004,9.5611,3.7185,-3.7357,-6.8343,2.9117,-2.751,-5.2065,-1.2116,-4.5749,-3.8405,-4.7658,2.5329,6.8356,1.2423,6.8254,2.997,1.6889,9.2523,5.6039,-6.215,1.82,-7.5869,-9.9531,-1.5622,-4.6488,8.4451,7.682,3.197,-9.4193,-7.8379,-4.8644,2.9837,0.9106,-8.3025,4.4603,-9.1158,4.3921,8.9114,-2.5096,6.5626,9.6599,-8.0209,-8.1436,-0.0008,9.4094,3.2432,-5.5167,-3.6051,-9.1125,-6.2499,5.6772,9.7127,8.4508,-4.374,8.548,-5.8092,-5.5377,-7.4261,4.1984,-4.9254,-0.4955,-3.514,-7.5448,-6.2761,-6.8255,-5.5076,-3.1083,0.1599,-5.6667,3.1406,-4.8104,-5.992,7.8534,-5.267,-3.9302,-0.4545,7.94,6.6352,-5.4575,-9.7922,-2.2923,-2.4837,-5.8534,1.1289,8.32,-8.992
5.228,-7.5191,6.9651,5.2563,2.1271,7.3639,4.2657,7.9492,1.8905,-6.2165,-0.2928,-4.8466,8.5272,-3.8581,1.8309,-1.7317,-8.2197,-5.564,-6.8102,-1.7958,-0.521,-4.5778,7.7785,-8.2701,-1.3637,-8.829,3.5553,-2.9661,6.9007,4.7792,-2.8696,9.0416,1.5601,-3.0182,-2.2072,3.855,-1.1092,2.9614,-4.6603,-5.7092,1.9614,-3.5178,6.867,7.1137,-3.3788,-8.3169,-2.3517,-7.0252,8.276,5.2372,-5.3608,1.2557,-3.9233,6.4903,9.8893,2.7706,-6.4945,-6.4793,1.2938,3.3699,9.0953,-4.0574,-5.3661,2.7356,2.0921,1.1731,4.0768,0.8151,-9.2928,-4.4831,7.7581,3.5994,4.1087,-0.1717,-1.3179,6.1338,8.6652,-7.2387,-7.3235,-9.0249,-5.929,6.3043,1.1731,-1.5354,-0.0275,7.4857,6.3303,5.4028,-6.0675,3.4095,-3.5782,-0.5935,-7.1236,-0.2233,8.792,3.4148,-9.4125,6.9667,3.283,-1.3903,-1.2727,5.3366,-4.6686,-2.1767,5.6031,7.6392,6.8304,1.8528,7.0074,4.2352,6.5599,-4.515,-8.6782,9.4082,4.6296,7.2786,2.8599,-2.7839,-0.3333,4.046,2.4237,-9.4998,3.1453,-1.4078,6.0303,6.8433,3.4143,-2.0409,5.5624,8.9336,-5.9882,6.4488,-9.1427,-5.1474,7.9131,-8.7479,-8.0477,-5.5009,1.0065,1.1478,-0.881,8.8724,-8.5979,8.3163,-9.5442,-8.8039,-8.3292,6.3646,0.829,1.2259,-0.4438,0.6436,-7.9796,7.8045,1.6256,-1.4643,-0.3947,9.6229,4.1684,4.9023,7.4493,8.7246,-6.5098,8.0322,7.8624,7.6423,1.5941,-7.3467,3.487,4.9958,-9.0564,6.7061,4.7526,-7.2211,-3.7195,3.4719,-9.8981,3.5674,-0.5627,4.3365,8.586,9.1206,2.542,9.6953,-3.434,8.755,-0.9166,7.6208,2.8579,5.4436,2.851,7.8801,7.5581,-6.6236,0.5621,-0.5229,-5.6698,-5.206,9.7811,6.4238
-2.1586,-5.9123,-3.2037,-3.5708,7.0095,-3.5919,1.8139,7.8431,2.4166,9.136,-9.3277,9.1346,9.0094,0.189,7.4803,8.5851,8.5695,3.5805,8.164,-6.2141,1.0256,8.1857,9.9907,7.3075,-9.2619,9.9864,5.7666,9.2716,4.4319,-7.4483,6.4134,0.2952,-3.6499,-9.0801,-6.0265,-6.5502,-9.7511,-0.1829,-6.186,-3.0129,4.6869,-6.5165,-3.9666,-3.7353,2.3494,9.0487,6.6804,-6.5858,1.8229,3.4005,-4.5765,-9.9805,0.6955,7.5039,-8.2272,-3.08,-3.2485,1.5656,-4.7262,5.5317,-1.1224,6.2806,4.3486,-0.2418,1.1738,1.7069,4.3665,7.8009,7.1762,5.164,-2.2953,6.1846,9.4708,-3.5351,3.1535,4.9966,5.4854,3.0584,-2.1795,2.4951,-2.7679,8.6569,6.6064,-9.7797,-2.528,0.1081,4.7387,2.1526,8.5677,4.9467,2.8356,3.76,8.186,0.1182,0.8296,6.0883,-5.2573,-0.1717,5.6016,4.8604,8.5414,6.3805,-6.5974,7.7088,3.7143,-6.5653,-3.1914,-7.5679,9.0608,0.0965,0.7915,-7.5592,-0.7657,7.2923,6.3676,5.7498,4.2565,5.8199,6.7418,3.1193,-7.0536,0.811,-8.9691,3.3208,8.3833,0.1827,-3.7795,-1.6442,6.0096,0.6407,7.4472,5.1176,-2.6258,3.1208,-5.121,-5.9569,-8.5807,-5.1509,5.9281,-8.2289,3.1122,-2.7799,9.6968,1.9069,5.7731,5.865,-1.1089,-8.5586,-7.5859,-1.3458,2.9121,0.753,5.3198,7.8221,-5.5695,-2.8336,-3.9613,-6.6268,1.0774,-7.1511,-9.1674,-8.6965,5.0521,1.5165,8.9687,8.491,4.5732,7.2282,-7.0492,6.1442,3.3987,7.2553,-4.4114,5.0989,-8.8632,4.7202,-6.195,9.0569,9.6921,-1.7395,8.4876,-4.9499,2.3402,7.3536,6.6049,-2.937,-6.0321,-4.1128,-9.9,-3.2476,4.4434,-0.7691,-7.1985,-3.3165,-4.7938,1.7871,-8.4278,4.6244,-7.2791,9.4038
5.5175,-2.8492,-6.1812,2.7915,9.2521,-0.0074,0.1002,-2.9727,1.9778,9.4731,-0.9895,-8.1735,0.1577,5.1691,8.3807,4.4145,6.6012,-0.746,-8.0997,-8.8911,-6.4137,-1.6199,6.8378,-0.0999,-3.0023,-1.9706,9.2904,-1.2541,3.6913,9.2233,3.3158,1.0452,0.3207,3.0963,1.1952,3.5286,1.8671,9.4965,7.1377,-8.1084,6.5538,-6.4271,-4.5717,-5.9489,-2.1584,-2.9593,8.0413,0.9149,-3.568,1.5569,0.6563,9.4733,-5.951,5.2872,-8.8311,-2.4233,-1.5077,8.7599,-7.7772,-0.5642,-4.4733,-9.9656,-8.2139,-2.1269,5.5427,9.3086,-0.1194,9.9969,-9.1477,-9.5096,-2.4117,-3.4119,-4.0153,7.6189,1.1522,-2.4834,-9.4998,-9.488,-7.4945,-4.9643,-9.3371,-6.3196,-8.9753,7.7607,1.1797,-1.6556,-3.0189,7.6241,-2.9872,-1.851,-8.4891,6.9898,-4.0333,3.3345,-8.2224,-3.6384,-7.1581,4.9926,4.5945,4.5827,-5.6402,2.0847,-8.0501,-6.4694,9.2746,0.1718,2.9122,-8.5028,-5.9477,8.2704,-8.5745,0.6676,6.6226,7.5959,-4.6684,-8.4194,-4.89,1.7949,2.5049,3.0055,-3.4226,0.1305,-3.7668,7.8299,-9.7194,-3.4883,5.192,9.9737,-2.6018,-3.4165,4.8336,7.2203,0.6526,6.5308,7.6631,-3.4007,-4.0886,-7.924,-7.4162,0.9196,-7.8759,4.6788,-0.672,7.2648,3.3276,-2.6193,-5.3755,-2.5042,-0.99,5.4127,-3.6893,-6.6676,1.7316,-2.2065,-2.3549,-2.9948,0.2764,-0.8218,8.5873,-4.4855,-3.7675,-3.7144,8.5729,-9.3858,-8.8725,7.7634,-5.5629,2.0233,-1.8788,-6.15,7.3219,0.2199,1.2776,-9.7327,1.491,-7.4564,8.262,-0.9783,9.297,-2.9463,-0.7297,-9.6415,-9.7053,3.3904,-9.9418,9.0582,9.3927,-5.2788,6.229,6.9858,-7.3586,6.2714,7.2652,-2.5697,3.8699,-4.669,1.5005,1.2001,-7.5795,8.6164
8.7775,8.9524,0.7201,-4.9827,4.7865,3.2315,7.5065,7.0418,-4.4329,1.68,-1.2236,8.5853,-1.8219,-8.7316,-0.2045,-5.3926,-9.7862,8.2414,3.4539,-7.6569,-2.4102,-4.4267,6.3258,3.934,-7.8029,-9.8675,6.397,8.6643,9.237,-7.6206,-2.1783,-7.5536,8.6869,-0.9554,8.1977,-0.9181,-8.1841,-2.853,9.4286,7.5303,0.2767,-3.4233,-6.7196,-7.2426,-6.8855,0.6409,3.992,-4.0719,9.6848,-0.664,1.9117,0.7196,5.4206,8.7125,6.947,0.2968,8.7691,-1.625,-8.5241,-7.3468,9.0424,8.801,8.2744,5.0297,3.5856,6.7524,-1.094,0.9468,7.9664,-8.8644,1.2651,-2.376,1.1113,9.1454,5.7135,-0.4689,3.6163,1.2582,-6.0564,-0.879,-7.7821,-0.8731,-1.2119,3.9665,-4.6114,-2.1397,-1.7683,-6.5659,4.6504,3.3856,-1.9845,-6.832,5.7474,3.8586,3.2838,8.9113,6.0713,7.9745,5.2096,4.9097,5.1681,8.908,0.4997,-1.7901,9.2239,9.3783,7.4484,1.4935,2.5346,-1.0252,-5.7887,-7.978,-9.7529,-5.7412,0.7682,8.0294,-1.6913,2.8171,-0.748,-9.7265,-1.4481,-2.5832,-3.669,-3.8851,-6.9533,1.6713,6.0647,6.6583,-4.6308,-4.2603,-4.3167,-6.7839,2.4824,-7.0701,-2.0371,0.8533,3.5456,9.3467,6.3428,-2.124,6.574,-4.3865,3.5735,-5.8776,-1.264,2.2818,6.2371,8.6221,9.5946,6.9283,-6.1619,7.0116,1.7119,-2.5275,-3.9413,4.4273,-1.3919,7.2675,8.9184,7.81,-0.7189,7.6564,1.971,-6.3163,-8.2371,-9.107,-9.1711,6.3396,-7.3565,7.7356,-4.1262,9.8524,-1.2462,-6.9805,-5.4483,-5.7264,-6.747,5.9197,-7.1412,-0.2988,6.4142,2.0639,5.0143,-7.8149,6.564,1.9565,-9.9101,6.4604,3.1384,-9.6846,5.7309,9.7482,2.9958,6.9337,7.2015,9.9092,-4.9227,-0.4347,-2.0095,3.9993
2.6895,-0.9127,8.5963,8.0546,-7.3943,-0.9127,-9.8628,1.7712,7.2609,2.5029,-3.598,8.361,7.1047,7.6368,4.7945,-8.2693,1.6655,1.1107,8.6264,6.0339,-5.1001,5.1506,-2.4788,-2.3988,8.2533,-8.3974,-6.5993,-1.7093,-1.1255,8.1724,2.6625,1.4466,4.343,-8.6768,0.5563,3.7102,7.0608,-9.6707,-4.7063,-5.7312,7.2512,-2.1184,8.9641,5.2393,7.2483,6.7537,-6.8416,-9.0183,1.7166,-8.5611,1.4206,-5.2741,8.9644,-1.086,2.5488,1.9328,8.4633,6.4474,5.8411,-3.5877,-3.027,-2.4818,-2.5758,7.6401,-0.3087,3.3087,-5.4746,9.7372,9.2295,2.0788,8.415,6.6837,-8.1345,9.3994,-3.9727,-5.9075,9.8103,-7.9524,2.8307,8.652,9.8226,7.4708,8.0091,-0.4212,9.1322,-6.1152,-4.8955,-5.7881,3.9035,-9.315,-5.5035,-0.9577,-2.7083,-9.9237,-5.3759,-8.9293,-5.3412,0.2793,-2.7667,6.4993,-2.4333,-2.0119,-3.6992,-6.8682,-5.9616,8.5416,0.1669,8.2442,1.9788,-3.1103,9.7838,-8.6536,8.4865,-1.6199,5.8333,6.0751,-3.8644,-8.4188,5.7621,4.7139,-4.6889,6.932,1.0579,5.2709,-0.4973,-8.1559,-8.2841,3.4643,9.9796,5.5031,-0.789,7.5141,-0.2846,1.3544,-3.3187,3.5752,1.3963,8.8082,-2.0828,-0.1468,-6.5365,5.4372,9.6627,9.5657,-0.4514,0.5897,-4.0085,9.4136,-7.69,5.5587,1.2027,2.9061,2.6488,-1.2726,0.407,3.9493,9.021,-1.8323,-1.0833,-6.4879,3.4649,8.3642,0.6473,-5.2069,-0.7388,-0.514,-5.2534,1.1475,2.3271,-4.9087,-0.9269,3.0215,8.1572,-8.2099,7.9512,-7.3284,-0.1309,7.6081,8.402,5.8141,-8.1279,-3.7082,-6.1383,0.4171,-2.1834,8.3713,-5.2202,6.9554,-2.8422,7.4272,-4.8444,-1.6324,-2.3102,5.2392,2.414,8.8495,-6.8152,9.9987,-8.2018,0.7075
-5.853,-0.3812,5.2695,-0.4236,7.1252,4.1155,0.2277,8.856,6.1813,9.0096,0.807,8.6932,-7.1442,8.7792,0.1847,-9.9063,6.2111,7.8572,1.1733,-1.0828,7.5725,-8.9734,6.9637,4.1518,2.044,1.7313,-4.4901,-6.0478,1.6554,-2.951,-4.8463,1.4893,0.8492,-3.4954,2.8087,-9.0414,8.2303,-7.2001,7.6223,-0.8858,5.3848,2.8191,0.8292,7.3605,-6.6248,9.753,6.3291,8.6151,9.3663,-6.0801,9.4414,1.4407,1.9559,-4.3198,-6.1848,-6.5349,-9.3645,-2.7165,6.3854,4.7583,-9.3572,6.2238,1.146,-4.1022,-0.0704,-9.6186,-1.1505,-4.2167,2.2743,5.9643,0.6743,2.4707,9.5768,4.6393,-6.041,9.2674,-5.0069,-0.1782,6.552,0.368,6.105,2.426,5.8161,-2.9193,9.5439,-0.7695,0.4193,-0.8069,-7.8032,-7.6778,-9.0357,5.3275,-6.5405,5.7949,8.3661,-5.559,-6.8375,7.2947,9.5883,6.7901,-3.0571,0.6016,-4.014,0.8557,-1.3614,6.7913,8.7228,-3.2767,9.518,7.1054,6.2372,9.3754,-5.2804,0.7704,9.4639,1.3673,-9.7963,5.9075,8.4806,0.4847,5.8734,-2.9686,8.6974,-9.8835,-2.1443,-0.8392,4.9471,-5.727,-8.5587,7.4749,-4.4666,3.0513,3.2321,9.3474,9.0313,-9.443,-7.2123,-6.6844,5.1515,3.1164,-4.5419,0.9132,3.2124,-3.7958,2.3251,-6.5642,2.1244,5.0579,4.1586,-8.4209,-4.4949,9.0601,-4.3525,-8.0976,-4.5937,3.0611,9.7123,6.1864,2.9404,0.1065,-9.5474,-1.3215,-4.4195,-4.9183,-2.8654,8.5235,-1.5415,-4.9428,2.5271,5.7778,-7.6807,0.284,5.8699,-5.3633,1.151,-9.5442,-3.1626,-0.702,0.4397,3.5408,6.3579,4.2967,-9.5855,-4.3618,7.8427,5.6603,8.6535,-2.4065,6.9224,1.4994,0.4351,9.4135,-0.4216,1.2413,4.4541,3.9057,-5.2056,-4.4176,-9.1547,-1.3071
1.8655,-2.6088,1.231,-8.3896,-0.3725,2.255,4.0576,2.0623,-2.7077,7.7548,6.6058,9.8671,-9.8135,-8.7848,3.2997,1.0561,-3.962,-8.6595,-8.8515,5.385,-0.8419,1.2433,-4.1508,-5.7185,3.375,-7.8051,9.0594,-3.5816,7.0701,0.4953,6.9524,6.2481,6.9854,-4.2999,-6.7118,3.9817,-3.9042,-3.7352,-5.2259,5.4286,6.6495,-9.5499,8.6439,4.5433,-5.6573,3.8605,1.4038,8.3529,3.8402,-1.4192,-6.8535,5.9067,9.4235,5.9012,4.2408,7.9497,4.2666,9.3797,-0.6273,4.6584,1.6393,-7.2641,-4.9636,-2.591,-5.1951,-8.2584,-9.9653,-2.1725,-6.7946,9.668,-0.4026,6.8222,-0.2046,-0.8632,4.5419,7.878,-3.8253,-3.0454,5.9599,-5.4686,9.6303,5.3365,-2.2706,-7.2587,4.6572,-1.4505,2.683,-7.6488,-8.8655,-5.1947,-2.3326,-5.4514,-3.8368,6.311,-8.3216,0.739,-2.2412,-3.3831,-0.1591,8.8049,4.9277,2.8686,9.1481,-2.7311,4.8683,-6.5093,-8.7419,0.7829,5.1651,3.1761,-2.5921,8.283,-2.9458,-2.1127,-7.0174,8.3109,-8.2735,4.0422,-4.478,-2.8099,-5.2078,-2.652,-2.8143,6.0507,9.0985,-8.083,-6.4369,6.5801,5.1874,2.3744,-4.1212,-5.5498,8.8602,-5.0291,-4.4651,-3.3728,3.6996,1.133,4.7714,2.2678,4.9605,7.4392,0.9192,-4.9876,-1.9401,-6.8363,8.4654,-1.2422,6.7122,8.8196,-2.8113,-7.4428,5.619,1.8534,4.9133,-2.3541,-9.8692,5.9025,8.7628,7.4662,5.2248,-3.6491,-4.4757,-3.5275,2.4589,4.763,-1.2056,-0.6962,1.7818,-5.4576,9.3881,-4.4525,9.5911,-7.9009,1.4302,7.0624,-7.8396,2.0372,-7.586,-5.8495,-7.3852,-2.6548,-4.8131,8.4964,9.5734,-4.442,5.6453,5.5695,-3.3195,-5.4645,5.4202,-3.7892,-9.8798,-3.3751,3.4658,-4.1781,-3.8917,-6.5756,-5.3562,4.4235
4.2888,7.3374,-0.2704,-0.3912,-0.5013,-3.8791,9.2552,-8.384,4.5941,-0.4433,8.489,-9.0902,3.7198,-1.2345,-9.8107,-1.5396,-0.8551,4.6395,3.1117,4.3266,4.7859,1.1197,3.8909,0.5909,0.5592,7.93,-9.4805,8.4142,7.9735,4.4384,6.7383,-9.213,1.1051,-2.2274,2.202,-3.7059,4.2207,0.5666,-8.3026,4.9097,-3.2967,5.1954,3.3434,8.8012,4.7674,-5.8927,-4.6634,8.1715,-5.0774,1.1518,3.6759,-7.9476,-6.6281,2.3224,0.9776,-9.3953,4.2764,-8.776,4.9311,-6.2992,0.526,2.7022,-4.7081,-2.4458,1.0388,6.2524,2.4978,-3.7218,-2.4488,1.8337,0.5751,9.3983,0.9914,-3.9702,9.2557,9.8685,-4.6116,3.0968,-9.9533,9.1718,7.8759,-4.4444,-9.3682,-6.4971,7.9265,1.024,-0.3696,5.0711,0.7213,5.7347,6.4113,-4.8456,0.6152,-0.7771,3.551,-1.7735,-2.189,7.8087,6.1001,9.2523,-7.6872,-1.1652,6.3416,5.0678,-1.1392,-1.8443,3.0528,4.5812,5.8326,-6.7571,-1.0814,2.5938,5.504,-8.7057,3.1574,-7.801,-2.3056,-5.4206,-8.165,-6.7215,1.9501,0.1793,7.7986,-5.4257,-8.4433,-1.809,5.2549,-7.9051,-9.8137,4.7183,-8.4125,-2.607,-3.0737,-9.9229,9.6935,2.448,-5.0771,-2.4084,3.3116,5.7288,-1.919,1.1645,-3.2297,-9.6328,-5.1594,0.4137,-4.179,-7.8992,7.9421,4.2137,7.3602,-2.2204,4.4114,2.6882,-3.0679,-3.2131,1.7244,-9.7623,-8.1708,3.0065,5.5041,-8.6735,-0.6518,4.6357,-1.9274,-7.5462,2.9205,8.709,8.0096,7.3818,9.2565,6.19,-4.78,6.8809,5.6746,4.3357,7.2799,-9.8525,0.3308,5.7803,-3.8257,-6.4338,-7.2076,1.862,0.2789,-2.4178,8.1685,4.6615,0.7508,5.5845,-2.2636,-0.4167,7.4568,6.7153,3.0583,-1.3604,5.2818,4.8852,-2.2016,-3.1897
6.4213,6.9582,-6.9786,6.1989,-0.3906,-1.2009,-3.3444,-2.5949,5.9185,2.9094,-2.1839,3.4388,-0.5457,-0.4884,8.9499,0.1931,4.4032,2.8596,3.2135,2.2805,-4.1599,8.7981,-4.782,3.6628,1.1128,-0.7055,-5.5596,4.301,-8.6046,7.2425,5.6649,5.0519,-9.2693,9.5641,-7.9528,-2.9822,-0.406,8.2672,4.8212,-4.1367,4.2516,-6.0623,-0.1277,-7.0141,-7.464,8.5863,3.4131,-7.9404,-2.1573,7.3353,-4.8185,6.633,-8.7625,-4.5363,1.9144,-1.6336,5.2853,6.2962,-8.7013,-3.2354,7.887,2.7723,-3.3748,1.7623,-6.085,9.2992,5.8584,-3.2762,-2.1135,5.3677,2.325,0.8918,-6.0108,1.2588,8.7929,-2.7124,4.4652,-9.573,5.7783,4.0932,-8.3232,8.9163,9.7436,3.5387,4.082,-0.0227,-9.8306,0.5774,7.9138,2.4544,9.2879,8.788,-4.5906,4.4685,3.9485,9.9924,-3.143,-8.1326,-8.3043,0.1712,6.049,0.9819,9.8162,6.6137,9.369,-8.0373,-8.0695,8.6702,-2.9934,-8.7355,-4.3353,-7.3409,6.1231,8.8702,5.9163,-7.6732,4.6055,-9.6629,-4.1476,-7.8318,7.3391,-4.0202,8.2527,-9.8542,-0.4962,8.6185,-4.7919,1.1037,-4.4475,-7.5013,7.2194,-6.6679,0.9261,0.9341,-9.7173,7.4482,-8.2705,-2.963,-5.1557,-7.787,-0.6525,6.4216,8.9704,-9.737,9.6919,3.6414,-1.9791,0.1606,-1.2859,-5.0437,8.2561,-8.4224,-0.5141,7.2095,-1.8749,-4.5233,-1.9158,8.8211,2.3035,-7.0155,5.2638,-9.6378,-6.2202,2.216,-8.324,-9.3149,2.4848,9.7453,-7.5339,9.9771,0.0473,6.3224,2.1725,-2.2594,-7.4499,2.7131,9.1223,-3.9779,-1.0526,-0.5257,-7.7732,-9.6004,8.1431,4.2364,9.7453,8.2822,8.3126,-6.5529,0.7727,-1.994,2.7163,6.1994,9.8064,-8.4733,4.4869,5.4516,5.9158,-4.7852,-7.1421,-2.4815
-1.6923,6.0156,9.8876,7.3767,-5.0174,-1.3592,6.4909,-1.6447,-7.5977,-0.371,4.6298,5.8251,5.2454,-5.7633,0.7327,-7.1268,-7.9591,7.0447,-4.6896,4.382,4.9977,-5.7093,-9.1527,-3.2824,0.1149,-2.7753,-3.885,-9.4542,1.4834,-0.5444,7.9847,-7.3121,0.0483,0.5443,0.1449,-8.5621,-6.5831,-9.214,-5.8198,-0.4468,5.1222,-2.9778,-3.3391,-0.972,2.0278,3.4105,-2.6689,-5.141,0.4171,2.8417,-4.4172,-8.926,6.7864,7.9134,4.0763,5.724,9.974,-6.0416,-6.0074,2.6937,9.7589,1.5428,8.7533,9.0848,6.9294,1.2847,4.1235,3.4566,-0.1391,-7.1556,-8.7159,-9.7453,1.097,-2.1505,-7.9574,4.8463,2.46,-0.754,8.9974,-1.6346,0.118,7.6165,8.4309,1.6628,0.2727,-6.514,-9.5223,6.7141,-3.2284,8.1416,0.1986,-4.6157,-8.2996,-0.8743,9.7297,4.5303,-0.2842,-8.3776,-0.4862,-6.5358,-0.1921,-6.719,-9.3874,8.9745,4.6469,8.0059,-4.8968,0.4177,-1.5238,-4.0204,0.4252,9.5793,-2.3468,-4.3451,-9.3296,-9.3545,-0.0007,2.2246,6.4402,-3.3145,3.2148,-9.8956,-9.0493,6.5785,-6.3865,4.8353,6.3693,9.4225,-6.0511,6.6458,-5.2992,-6.3076,2.4362,-7.0689,3.4815,5.6629,7.4377,-7.6128,-7.8588,1.1308,3.3783,4.8441,-7.309,3.915,1.2,-5.1776,-5.0344,9.4534,5.7302,-5.0389,-7.3074,5.094,-3.9284,-9.8626,2.8381,0.2384,-5.8349,8.3635,4.9698,-5.7244,9.8868,-3.1534,-4.9204,-8.0021,3.0552,1.9433,-1.1376,-1.1183,0.558,-8.3869,-0.6573,8.2513,6.7266,2.9827,8.4891,9.5159,4.2061,-7.7448,-8.9841,5.8215,1.5665,1.6284,0.9366,-9.1409,-8.2716,-5.4652,2.2004,1.1529,-9.8626,-2.0708,-7.0607,-2.8799,-0.1313,-0.9891,6.1599,-8.335,-5.6647,-0.0279,4.9423,7.5649
-0.2472,8.3918,1.8596,6.7301,-2.7832,-3.9313,5.0432,0.9158,1.2263,5.6544,3.2732,-5.2731,-7.2853,-9.6923,4.5575,1.1489,-2.75,-7.6369,-6.1436,2.8517,-6.9811,0.9637,-1.3397,3.6468,6.5193,8.1769,8.9354,-0.7713,4.0049,2.8641,0.4231,1.7446,5.3228,7.1395,-5.4682,-8.4078,-5.6828,5.9103,1.2629,2.8781,5.1174,-5.9271,3.6392,-6.6899,1.0563,-7.452,-5.1477,1.9418,9.0153,-2.3884,2.769,7.0079,-4.0663,7.3254,3.6995,-5.4867,-0.6361,6.0778,-0.5852,4.1042,-4.7059,-4.9563,5.821,-1.1558,3.6362,9.7456,9.838,-0.355,1.2723,-3.8003,1.8431,6.6974,-6.7747,-8.6108,-1.4861,0.0429,-9.433,-2.7833,-7.1295,9.5065,2.3253,2.7825,-9.7858,-8.8222,-3.2091,-7.2081,-8.1788,-3.8608,8.9433,8.6744,1.465,-0.3225,-2.6291,9.7453,-5.5838,-3.3927,2.8276,4.7234,-9.8161,-5.32,-6.8326,-8.1686,5.0135,2.6218,3.4162,-5.0659,9.9099,8.9654,-1.3792,-6.7589,-5.1175,0.6997,4.6549,-8.4782,7.0407,-5.4672,7.0974,1.2518,0.646,-6.0205,1.9204,-0.2667,1.8129,8.5965,-5.9919,5.471,1.8989,9.7085,-4.221,7.6591,-5.8462,3.4108,3.4433,-0.7274,-1.8487,9.3037,4.5994,5.2221,5.466,-4.1499,-6.6036,-6.6244,2.1492,-0.9888,-3.3963,-6.7336,-5.165,-3.888,2.7687,2.6679,4.2021,4.9204,4.4768,-8.7912,2.7989,7.9686,9.8184,-9.5,-1.783,-4.7879,-6.0244,3.4945,-2.1433,6.1535,3.5424,-3.1536,-6.802,-8.0366,-3.2726,-1.8462,-8.1495,-0.3242,6.1154,-4.4395,-8.4524,8.2459,-3.7525,-3.3235,-8.0416,2.1769,4.1644,-4.8325,-2.6025,9.1237,1.3996,6.0483,-2.8518,-3.5684,-7.0896,-5.5735,-0.4694,-4.5639,-3.8745,1.371,4.9664,9.9708,-8.5135,-2.216,-2.7491,-4.7998
-7.6805,-5.4985,-4.0152,0.3574,-9.3602,0.0233,8.9238,5.8481,2.9063,0.0748,-1.4032,-4.4478,2.021,-0.4744,5.8042,-3.702,-5.105,5.2236,0.966,5.4007,6.3731,1.5172,-0.0671,9.4064,6.8735,3.7681,1.3513,-7.1059,-9.8133,5.2771,-6.5103,1.1141,2.1655,3.5973,0.384,5.8641,-2.2052,-8.2174,7.4094,-7.8727,1.1024,-9.229,2.2639,-3.4008,2.7382,-1.304,8.666,-4.9659,-4.0747,-2.6857,-8.4608,7.2679,-8.0845,-5.9748,-7.4529,-7.4289,-1.9937,-6.4899,7.642,8.6636,-6.405,-5.6461,-3.9471,0.8216,-0.3007,-2.4214,-4.6486,7.0462,-0.2541,-7.626,5.2622,-3.6413,6.0579,4.7284,-7.5849,-3.4929,2.6192,4.9289,-1.3594,1.2549,-8.2019,-9.9286,-5.3125,-0.0373,1.0851,-8.921,8.5194,-7.3855,7.4634,8.9394,-0.3006,6.2025,0.9523,-8.2198,-6.8148,-0.1165,-3.2071,4.6995,-4.1136,-8.5234,5.9378,1.2383,1.1746,-2.5771,-0.5748,-7.7623,4.273,-7.4887,5.8708,-1.2199,-9.2091,8.2489,7.7768,-8.0752,-8.9393,-4.3155,-1.9537,1.0522,3.7171,9.5007,1.1871,1.3141,9.0897,-2.5714,8.8698,-2.9581,4.8008,4.273,6.9491,-6.3947,0.2007,-9.962,7.2367,-4.9691,7.3032,0.0735,3.3689,-5.2043,0.8675,5.2671,3.5595,3.2569,3.042,-9.2175,-9.2928,7.7339,2.0938,5.3355,5.5566,7.1313,6.673,-6.1193,1.5973,-0.0308,4.5364,7.9385,7.6197,-7.1285,3.5219,-6.5456,1.8615,-5.4066,-9.593,-8.8341,-0.4734,-3.5718,8.5584,-5.339,7.677,2.911,-0.4499,-5.5235,-9.7122,-1.4807,-1.4327,-5.5069,4.3649,2.93,-3.6144,8.8027,6.2083,1.1247,6.2693,6.5072,-0.2959,9.2744,3.1039,-9.4849,-0.8962,5.6921,-1.2091,8.1647,5.736,0.8515,-2.9735,-6.7579,9.0301,-3.8714,-4.9163,-0.8016
-0.0584,9.9532,-7.9562,7.486,-7.224,-0.3459,7.3088,6.029,9.8964,2.48,5.0673,9.0685,-1.7764,-1.7452,2.7074,6.7639,-4.6123,5.2297,6.3948,1.8252,-5.8247,5.9229,8.4036,-3.1401,-6.3659,8.5518,-9.4403,8.2037,-1.5992,3.3866,-2.9633,-3.7617,-7.7178,1.9483,4.3274,-7.4305,5.7565,-5.496,-2.9064,-7.6384,5.7674,-6.7103,-5.072,-8.0098,8.7132,3.3442,3.6216,9.2311,-1.388,0.3293,-6.4055,-0.026,3.7468,-6.1382,-9.151,-4.8691,-8.3489,6.1036,7.5867,-4.4905,-5.1488,3.2456,5.7082,3.9073,2.1096,-3.0347,3.3167,3.1429,-5.7497,-9.4643,3.0476,-3.5319,-9.4528,-9.6325,-7.1459,-8.2891,4.1643,8.6135,-7.2695,3.6264,0.4997,4.0131,-6.3678,-7.4599,6.579,6.0649,8.5993,-5.7199,0.6491,-2.3943,7.1426,0.5548,-6.6334,-4.0345,1.9479,1.0475,5.0947,9.982,-1.522,-0.2674,1.1185,3.9117,-4.8231,1.8259,-5.0578,-1.435,0.1441,-0.8113,1.2615,-3.6812,9.7636,2.6027,-6.4662,5.4947,-2.4779,-3.7937,6.0236,0.5545,-8.9955,2.9177,-6.7651,3.4985,1.0577,-3.6286,7.7853,-5.2785,-4.4197,-4.6106,0.4491,-2.7184,-3.0966,4.723,9.7632,-0.5728,2.9668,4.7186,3.8005,5.6009,4.2965,9.2961,8.1701,2.1806,-2.2578,9.6974,-2.6708,-3.9745,-9.2015,9.3471,7.2454,-5.2477,-2.2331,-5.4875,9.7609,-9.4648,-9.567,4.0674,-6.0361,-9.9616,2.2225,-0.6709,-2.5773,-9.7548,-8.3322,6.9108,8.8068,-3.2869,6.5879,7.4119,6.0688,8.4978,9.9154,-4.3564,-9.8693,-1.8896,4.2014,-3.166,0.3508,-3.1509,-1.9093,-0.5336,7.4063,6.2842,9.0318,-5.0046,-0.7351,3.6576,0.2091,-1.8043,-6.8358,1.3979,8.8538,5.0708,-0.3836,1.8594,-7.0794,3.7686,2.4157,-4.1371,9.5184,-5.2263
-2.6415,-0.2627,8.7048,-2.9301,1.491,-3.8838,-7.9678,-2.5122,6.392,-2.2626,1.7504,4.4305,0.5593,-4.0782,9.8154,-4.6458,-6.5204,5.5232,-9.9584,-0.4096,-2.5804,-4.8233,-0.9036,0.1366,-1.5397,8.2192,9.6401,-8.5605,7.4576,1.0126,-0.8536,5.0395,4.6074,6.21,-7.9073,-8.9481,3.8122,3.0125,6.8455,6.6345,-0.424,-2.8293,-0.4717,-5.3383,-6.565,6.138,-6.0015,-5.9124,-7.724,-4.5554,-9.4057,-7.5861,0.336,7.2901,9.3209,-4.0003,-2.0774,-5.5698,-0.1732,2.9392,6.7948,-4.4592,7.1962,2.9,7.8414,-5.2144,-3.4149,-9.6263,-0.4191,-2.466,8.9581,5.6617,8.7151,5.4425,-3.3086,1.5994,3.6643,4.848,3.9365,-7.0849,-2.2373,-9.2913,-3.9146,5.4136,-2.6708,-9.0438,9.7957,-6.2706,-3.4951,-8.535,7.5398,-3.5203,-4.9851,6.1411,1.2642,8.5983,5.1593,-5.4642,-4.9989,-0.2018,1.039,-0.5472,0.727,9.8652,-1.6675,-2.0376,5.6537,7.5566,-4.0417,7.5796,6.9575,-4.3109,-5.1419,3.9903,4.6663,4.5318,-9.3003,3.8269,8.8511,-2.882,-7.0128,2.331,-6.6445,-5.6939,-8.8453,-4.7359,2.6102,-5.4287,0.9796,5.4587,-0.7685,7.3887,-5.8078,9.5013,-5.7532,3.0806,0.7999,-4.3595,-5.8406,-8.3452,5.8463,-6.7127,2.6442,-6.2279,1.0544,-7.9928,-2.5641,3.0805,6.2408,8.7637,7.4423,-5.2358,-6.0839,-4.8248,9.4705,9.6465,9.7237,3.8607,-1.5047,6.5906,7.3406,-4.0789,-4.2273,9.6749,2.0636,9.9579,2.75,9.8606,0.4169,6.2804,0.0284,8.255,-3.0967,0.5524,-6.4053,6.1365,-3.6222,-9.8104,-5.7558,8.0941,-1.3631,-7.4579,2.2584,8.8023,4.7077,2.7914,2.3826,0.1556,-1.5764,-4.4944,0.8677,-8.1674,-9.5413,1.9186,-3.2726,5.9654,5.4362,7.2428,-0.2916,7.0383
3.201,8.4539,-0.6888,3.4722,-5.0164,6.1095,4.67,2.8496,-7.0522,-0.6924,9.6417,9.8395,9.0849,9.1055,3.7514,2.9307,7.5237,-0.8407,-3.6284,7.4629,-8.0778,-2.0771,7.1713,6.1135,-2.1269,-1.5685,-2.2372,5.1782,-4.0614,-0.0099,-4.5228,6.3272,9.4967,-8.2288,-1.0235,2.7671,-3.3537,-5.4861,-8.5141,-0.298,-3.425,-9.4914,0.8852,2.9122,9.1472,-0.8848,-2.7582,-6.7695,4.6652,-9.8772,8.5682,-5.1791,-7.4904,1.2329,2.1839,2.4793,-5.3881,6.4438,-8.6535,9.7155,-0.4576,-5.2114,2.0434,-2.0542,-8.1346,-5.3328,4.0846,6.0241,-0.5553,0.7912,-1.1018,-6.6416,-1.3218,-1.3374,4.8335,-8.7398,-4.9783,1.403,-5.6334,-1.1327,-0.1326,-6.8283,-3.7358,1.8101,5.3944,-0.5307,-9.7359,3.4283,-2.7406,-0.8782,8.2092,-1.5725,8.2754,-4.5669,3.8524,-1.325,8.7918,4.8005,-4.9089,-0.866,8.3726,3.3022,7.2739,-3.6385,5.2296,-7.2698,7.0589,0.9277,-8.9066,-4.6107,-0.0532,0.3181,4.8366,1.0567,5.7259,6.2567,2.1443,-5.6837,3.106,-1.2409,-8.4664,-0.469,6.201,-1.2859,-2.6815,-6.1087,1.1221,-4.8778,2.4025,-9.8731,-2.7668,5.1949,-9.4246,-7.9983,9.3938,-9.8243,5.2354,-2.7941,-4.2207,4.245,6.9359,-1.2808,-9.9967,7.6837,8.0002,1.8495,-5.1869,9.3619,-1.2841,8.1812,-5.1464,8.258,5.0344,-1.1251,-9.076,-2.3757,7.2389,3.4709,-4.0372,2.0133,8.6603,-2.0773,-5.4756,6.9298,0.7919,1.4274,8.5063,-1.9389,4.6453,7.3132,1.9407,2.1194,-0.1101,-8.1954,-4.3064,-2.3465,-4.9313,-4.5336,7.4507,1.8027,8.8379,-0.946,2.5945,1.4323,8.8251,-7.6439,-3.7689,5.0383,5.4963,-7.8162,1.0819,-5.05,6.9579,5.1857,1.1162,2.538,8.5258,-9.9319,2.6219,-8.5357
9.0186,-2.8229,-4.8069,-9.8995,-9.7769,9.3883,5.556,8.8077,-2.2235,-3.8791,4.7115,3.7336,9.0395,-5.7408,1.3743,1.7634,4.2279,9.3545,8.3847,4.8984,-2.3394,-2.4714,3.522,-2.5812,4.9345,8.668,2.1929,3.147,3.6171,2.2655,0.2632,6.1093,-8.2383,4.2017,-6.329,5.916,2.2948,-1.8062,-1.5346,-5.5322,-3.0828,-6.8502,-3.2887,-0.7531,-5.5378,-9.8502,6.2989,6.0295,8.1544,-6.797,-7.3898,-5.5422,-8.5404,2.8895,3.4553,-4.6793,4.1777,-4.3648,5.4029,-3.8388,-1.2902,7.6163,5.2349,-7.0453,-2.4335,-4.2915,-1.2375,-5.2823,-9.1738,8.676,8.9991,-3.1258,0.3254,2.4915,-5.5912,6.4027,-5.0709,-3.5442,-7.3396,-6.9264,1.8354,9.4639,-8.5264,-7.1919,-1.2462,1.3825,-3.1212,-7.9051,7.5134,2.326,7.9128,2.3372,-1.3722,-0.4546,1.7676,-8.3509,-4.5148,7.4323,9.9741,0.8506,2.98,5.4393,8.633,-9.8126,3.9768,1.0374,-6.7681,8.4273,3.5141,-2.4294,-9.4236,0.7402,6.9832,7.1456,9.4734,-6.1293,6.3167,5.7189,5.5526,-2.4608,0.9968,4.7073,-8.6185,2.1194,3.5767,-0.0791,7.8394,6.666,8.0449,6.1199,3.58,9.2621,-3.5187,9.4951,-4.603,-6.1342,7.4544,7.2335,-5.0772,-2.6642,-7.1665,-6.1086,-2.778,-6.7874,-7.1209,-3.3046,6.0204,7.5164,-4.4131,8.5043,-9.8787,-4.018,1.7182,7.9066,7.7534,5.5266,-1.5297,7.8634,-9.5484,-9.1878,3.7498,-6.1607,9.9089,0.5898,-7.1361,9.0842,-3.812,-4.3789,-7.3596,7.9587,5.2791,5.8246,-1.8838,2.5361,3.8815,9.7049,1.103,-4.575,-7.6067,-5.1471,-9.4918,-7.126,0.2287,-9.8936,-8.0811,-9.0006,0.5414,-9.5101,0.1567,2.2457,-5.5061,8.4473,9.5775,8.4859,8.0807,-8.3924,-3.4849,-4.8281,-6.1059,1.6614
6.7089,7.2698,-5.5735,-2.529,5.9624,5.4451,7.4237,-8.0865,-7.7121,5.1779,4.5118,6.5384,8.9414,9.5562,0.0473,6.4619,-2.2686,7.0587,4.6338,0.996,-2.9249,6.797,5.0324,1.9653,1.5304,-6.8108,0.9441,-6.4078,-6.2832,-1.6202,8.2665,1.125,2.5451,0.4114,-3.9708,-6.4548,9.0698,-1.6964,0.3136,-3.5672,0.4103,8.7579,4.3717,5.0947,7.2021,8.2998,5.2359,4.4187,9.1703,-4.9841,3.1439,-4.0646,-5.49,-7.0594,0.743,3.6628,-2.671,-5.1411,0.7624,-3.177,-5.9007,-6.8443,-0.1769,-1.7012,-4.528,-3.791,-1.0039,-5.3986,-1.244,-5.7672,2.3827,7.5589,0.1859,7.7713,8.4815,-0.4075,-6.9269,-2.6839,-6.2244,-9.2868,-7.5422,3.6781,5.9503,2.7844,-3.1211,-6.0538,-2.1037,-4.2388,7.9066,6.6554,-7.898,2.7118,-0.965,2.2845,-0.2289,-6.0004,-2.0583,9.2623,4.2058,-8.8591,1.7582,-6.0116,4.0249,-3.9028,7.9628,-6.662,6.1385,-8.3613,-1.3073,2.7038,-0.2551,-4.0028,-5.1003,9.8133,-2.3019,0.9168,8.8594,-6.6415,0.5169,6.6634,2.3334,-3.4643,7.0709,5.2771,-3.715,-8.0984,2.5866,9.0453,9.5247,7.0759,-1.282,1.8296,2.7035,-8.0729,-0.0259,-6.9099,7.661,4.4622,-8.2612,-6.8736,3.3639,7.4199,1.2541,7.2235,-3.2295,-5.7011,8.9305,-7.3522,-3.9484,-2.4251,0.2541,-3.8436,-4.8646,-4.9822,-1.1302,8.7928,9.377,0.7057,-7.0221,5.6682,-3.3748,-7.4448,7.0751,-9.4867,-8.9233,-2.7771,-5.6813,4.0741,9.7316,-0.5576,8.2773,3.5495,-7.0406,7.533,5.8499,-3.8602,0.7143,-6.1706,-8.0654,-4.422,4.5226,-9.4736,-0.7694,1.2442,0.1023,4.6551,-5.9537,9.5109,-0.0726,5.1728,8.3452,-4.9936,9.7598,3.0131,-4.6455,0.2416,-4.1452,5.1544,5.9955,-2.2413
3.7269,-5.7776,-3.6399,2.8472,-4.925,3.4006,-7.068,3.3967,-4.4004,-1.1351,1.3851,-8.0087,1.9379,6.7334,8.8677,3.6873,4.5372,8.6513,8.6037,2.3934,-7.5407,1.5649,-3.0422,9.1844,4.8272,2.3544,-4.682,-3.3726,-4.4071,-0.1139,-1.1603,0.742,-7.1684,-1.1193,7.303,-7.8253,-9.984,2.1457,-4.9957,0.6387,-7.403,9.225,3.2899,-3.2095,7.5249,5.1247,-6.7697,8.8468,-8.7697,9.3666,-6.0052,-8.4715,1.3465,-1.2569,-2.0928,7.9921,-9.8294,-4.3415,-5.0667,-6.3891,-6.7289,-4.7956,-6.8534,-5.7612,1.3201,-6.5579,8.887,-3.8836,1.1383,6.0265,4.9273,-9.3339,-1.7999,5.7275,8.5147,3.9727,-2.2671,1.4086,5.2276,-1.2087,7.8825,-3.7687,8.8814,4.054,7.7272,9.2355,-9.5278,6.26,-2.1764,-6.26,-0.1897,3.1362,-7.0582,9.1014,7.7546,9.4979,-4.2611,-0.4831,7.2868,1.7678,6.7882,-9.9911,0.4167,8.148,5.3019,-8.1866,5.9932,-4.0109,2.7236,-2.6538,7.409,7.0637,8.5893,0.8095,1.1711,-7.5019,2.8383,9.3226,7.1475,-2.398,-4.9997,-3.0127,6.5123,1.0096,-5.1894,2.0095,-3.3164,2.0924,-2.9093,5.0863,-0.0225,0.8007,-9.2117,8.8167,-8.9515,-7.4463,-8.0174,-5.9272,-1.3948,-9.0613,-3.5406,5.1888,3.6667,-8.8509,6.2893,-2.3187,6.4118,-1.8203,8.4358,7.3479,-3.7802,2.0569,-1.1566,-0.8866,-1.1822,2.916,-1.8038,3.0053,-3.9898,7.9433,8.253,3.7666,1.5665,2.7899,-2.3803,-1.6001,0.1843,-3.8618,-4.4636,0.5793,3.1795,-0.1725,-5.7837,-2.4978,4.1176,5.6766,5.1652,3.2768,-5.3416,-1.8564,1.1363,9.1932,-6.4018,2.0417,-1.9282,-1.6407,5.0215,3.2056,0.6167,-8.7559,-8.1697,0.4519,6.8642,-0.034,1.2817,9.8744,-5.1231,0.5525,5.3007,9.0389
6.481,0.6322,2.9824,6.2084,-2.8568,5.9311,0.8683,-3.5551,-1.1457,8.3818,1.6699,8.4418,8.7376,3.2051,-8.7377,8.4788,5.0126,-1.7681,-0.8971,-9.4856,7.4303,8.529,-7.7854,5.2511,0.6638,-6.9681,3.4335,5.7103,0.8994,-6.6212,9.3086,-0.3049,8.9946,-2.467,1.0451,0.6497,-6.9091,8.6195,2.9415,6.6912,-9.2414,-8.7426,-1.9819,9.3187,7.3312,6.2802,5.2818,2.6392,3.8003,-2.1928,7.6553,-3.1636,-2.3011,-6.6641,-9.1731,-5.6065,-7.8737,0.5931,-3.8321,-2.0136,-0.7033,-3.7016,-6.4753,-7.8344,7.7363,-3.1325,-2.0336,6.8107,-2.7642,5.2087,-5.6966,-8.5532,5.6385,1.4697,-7.0515,-0.4987,5.7238,9.8844,-2.6093,-1.6934,5.8275,-8.9826,1.6143,0.3641,-6.5286,-0.5262,9.78,5.9693,-0.0523,5.2603,-3.0638,-7.3504,-2.9946,-6.6623,-0.3832,9.5319,5.7691,3.9196,-2.5605,-6.8738,3.6007,-7.4826,0.6377,6.902,7.6887,-0.6752,-9.4188,8.6642,0.8309,3.3693,9.3844,-7.779,6.2499,8.6676,-7.4251,9.7802,9.6325,-5.5163,1.7761,-1.3526,5.4754,9.3801,9.8242,1.2002,4.6281,9.7915,-9.9571,-7.1766,-1.0438,5.5986,-3.061,-1.9449,8.3267,-9.6905,-5.2014,9.8746,-5.6924,4.9541,-8.2745,-8.4565,-3.0936,1.3567,3.2177,-4.5238,-1.993,9.0615,-7.3298,-9.9992,-0.8288,9.2716,7.2624,-4.7317,-7.0511,-0.9964,9.7123,5.1196,6.4957,-3.1746,-3.8732,-9.6875,0.6962,-0.4162,-5.7238,-7.6672,2.9589,-0.4751,3.8125,-6.4036,-8.7304,-6.6403,4.0986,-9.937,3.1294,-1.5834,7.8884,0.8528,5.2462,1.2491,1.9203,-5.3672,-2.7391,6.364,9.6472,-2.1639,0.3236,-4.8365,-5.9243,1.3598,-8.5834,4.6598,-7.8336,-8.772,-5.8347,7.8831,-7.6332,1.8507,-0.9189,2.4549,-1.9702,-0.5857
9.5855,-3.8478,-6.4364,-9.3525,2.6693,-7.4923,7.2414,2.2253,5.8507,4.1939,5.0452,9.6554,1.8704,-3.8223,2.051,0.5589,-5.8481,-3.8369,3.1334,-0.5997,-3.6934,1.6495,-4.4986,9.6466,5.2315,-6.9452,-3.1177,-4.7508,-4.91,-5.2536,-8.0581,-3.4911,-8.9136,5.268,-6.3039,-7.9402,5.0981,5.0471,-1.6074,7.4586,-1.7343,0.2027,5.8367,-7.3591,-8.985,2.38,-2.8079,-5.2952,6.3313,1.9059,7.7888,-1.049,1.7209,7.2921,-1.3421,4.7236,-5.1548,-9.6947,2.4318,-3.6617,-5.7952,9.4294,-5.2993,8.3359,2.7965,-7.2873,7.5379,-7.9016,2.9693,-2.9472,-5.8629,-1.1987,-6.6459,8.3156,2.4575,0.6832,3.8542,7.9138,3.555,9.0183,-4.255,9.1382,3.7051,-3.2184,2.4554,3.5695,-1.9202,0.9135,-7.7971,-4.975,-9.8792,-6.0336,8.9334,-3.9862,1.0074,1.8558,4.1893,-1.039,-7.2962,2.2743,2.8362,-1.8242,9.8154,-2.5324,-9.4904,-6.9968,8.9284,4.9183,6.805,9.277,4.0722,-6.613,6.9243,-5.9548,3.7265,-9.347,-3.2023,0.339,3.9688,7.0553,-8.8206,6.3998,4.9584,6.3148,0.5198,1.7201,-7.7456,6.3631,-7.0894,1.9847,-4.1837,-7.6849,-5.4066,-9.7195,-5.1356,-1.3182,1.685,-6.8476,-4.3039,3.4541,-6.001,-3.6029,1.2305,-0.4784,-2.4404,3.4995,-4.3501,-2.2123,1.0192,-1.6013,-3.2044,9.1589,-4.7334,-3.1948,-7.8944,9.7354,6.3258,-5.9224,-6.0101,-2.2996,-1.4345,-1.8551,-1.5867,-3.4554,-5.8756,-4.6052,-4.1021,0.9452,-8.4618,-6.498,0.9303,-3.63,1.5627,6.7459,7.3425,-7.5545,-5.1448,4.1726,0.691,-8.4652,8.0236,3.2913,-9.6784,-4.6177,9.6269,-1.3452,-5.6142,-6.4525,-7.4693,4.0647,4.2615,4.1551,8.1056,7.3856,-8.767,-6.5503,-7.1928,-3.0291,-2.7448,7.0149
0.1976,4.0635,-7.4319,-7.121,-8.4573,-6.6093,-5.0396,1.4738,3.1966,4.9676,5.5235,-6.1612,-8.5114,-1.8227,8.9792,-0.0813,5.9683,7.9024,0.963,-5.7078,5.1413,1.8803,9.3125,1.9411,8.2462,-1.1311,9.7896,-1.4295,-5.5825,0.3723,-9.6696,4.6298,4.4862,7.3043,4.4047,-9.2797,7.7743,0.6784,2.1809,-1.7162,-1.4989,-2.4345,5.9122,-9.941,-6.3689,4.9663,-1.8268,-1.5241,2.4391,-8.4708,3.7957,5.4911,-2.0404,3.9133,-0.9084,-1.6427,-9.5217,9.6405,-0.3235,7.4596,-1.8357,-4.4427,5.155,5.3988,7.9789,5.2814,4.0473,-9.9001,-6.6257,1.5132,1.4807,3.0734,2.6658,-7.8197,8.9271,-0.9937,4.6814,4.8472,-5.7291,-1.7667,-8.9117,-9.4462,-6.9905,-7.6669,4.3446,-0.1301,-2.2276,-6.6756,-2.1236,6.0877,8.4117,-2.2161,4.2779,6.927,-2.1123,-4.2653,-2.618,-1.6587,4.4637,-4.3961,-7.043,1.3502,-9.5945,-0.316,4.1171,-4.7429,-9.6864,7.717,-2.6951,-3.3291,4.0867,-6.598,3.8096,2.2478,-5.7335,-2.7128,8.1795,4.1279,6.6326,-1.5371,2.6696,-3.8126,-1.2749,9.5253,2.9952,-5.4888,3.866,9.8831,3.8943,2.3772,2.4659,4.6117,9.494,-9.9767,-6.9605,3.6932,-8.8629,5.8737,-4.7388,5.486,7.4666,-5.8603,8.2648,-7.7756,-4.7353,-4.2167,-2.7769,4.2235,-6.2568,-1.2497,7.4879,-9.2771,1.3994,2.276,-4.3562,5.9374,8.8716,-3.0927,6.8375,-5.1476,-5.2477,1.0971,0.6303,8.1882,-0.9726,1.3204,-3.1025,-5.5907,4.1612,-8.7482,7.2349,8.3019,0.5608,-8.4679,-3.3002,-8.8087,-5.3656,3.0193,-9.4566,-4.9654,2.1072,6.4493,3.8235,2.2363,-6.5036,5.6209,-4.5629,5.0969,-2.7538,-1.108,7.9038,-6.6546,2.1401,5.8994,-5.382,-1.9848,-3.8568,5.0896,2.2845,-0.3544
7.0785,-3.7847,-5.8437,5.6874,-3.495,-1.8822,1.0411,9.6766,-3.0615,2.7394,8.2782,-4.4555,5.8132,4.7509,5.525,6.2611,-1.1395,-7.3054,0.3509,-6.3992,-7.086,-0.4385,-4.6565,-2.1511,-6.1331,7.029,4.5727,2.6663,-7.9623,-3.6975,2.6068,-5.9512,6.7173,7.508,1.1671,-7.3535,-5.6121,-9.5849,-4.2906,6.213,-3.9739,6.2853,7.2227,7.1302,6.6298,-6.0906,2.2652,-1.5045,-5.5097,8.3973,9.2755,-2.4738,6.8244,9.8639,8.9437,-4.8234,-9.552,-6.2298,-6.4907,-4.6306,-2.4801,6.1554,-3.0635,8.0301,3.624,-8.3006,9.6907,-4.4486,4.0754,5.9038,-2.5093,7.7134,6.1962,5.4015,7.6834,-3.0741,4.5906,-0.189,3.8392,4.7626,2.6888,6.9249,-5.177,-9.4217,3.2416,-8.6903,-4.9033,-6.5216,-3.0719,9.7947,3.8426,-9.2757,9.502,9.1236,4.2839,5.6203,-6.6271,0.7157,-0.8476,3.193,4.6826,-4.8541,-4.3204,7.4884,-4.487,-2.9251,4.1366,4.3313,-2.4248,9.4546,-3.036,-4.7564,-8.4409,-2.2061,2.4886,-8.2104,-9.978,-2.196,-0.2539,-4.5606,-8.5271,4.4814,-3.3373,-5.4087,-2.1447,-1.9702,-3.3804,4.9875,4.2149,-9.2811,-2.9782,1.4116,6.6696,-3.6501,-9.4466,6.9325,4.3179,1.2528,1.7404,5.0706,0.5489,2.3791,9.9088,-5.5458,2.6501,5.7566,-7.0475,8.4174,-4.1601,5.3972,2.4859,0.9936,8.5426,-1.4755,-0.7726,0.6287,7.9813,9.671,9.0012,6.981,-0.3566,-4.3437,8.9381,-7.0371,-9.2523,0.6301,2.0394,3.6066,-1.8301,6.6703,3.596,6.9154,7.1996,7.7593,1.8773,-8.0231,-5.8169,-6.2423,-0.2576,-6.7661,-3.7875,-5.5081,5.721,3.4811,6.4086,-9.7212,4.0244,-9.7763,-2.5436,-9.9764,5.4963,-5.2504,1.812,-8.721,-9.7127,8.815,8.3772,-5.1333,9.0945,-7.9136
-6.3221,-0.973,2.7276,-2.8944,-1.117,-7.6467,9.1774,-7.3976,-8.7088,-7.0231,-5.6417,-8.0614,-4.2783,-8.9145,-5.9183,-5.739,-9.7879,-8.2093,3.6166,5.4867,-5.3603,4.131,-1.8571,-3.2123,3.9747,6.4388,1.8094,0.2917,-0.7281,-3.7835,5.8637,5.0804,5.4458,7.543,8.3879,8.2129,4.4693,-2.7818,4.0596,8.2311,-6.8765,-8.2342,2.6542,0.8173,-4.4777,-2.9145,-5.445,3.6361,5.355,-5.9473,-1.4064,-7.2975,-8.8877,-8.804,-1.9434,6.0959,-3.2182,3.7794,1.2141,-1.9088,-6.6217,-6.3703,2.9155,-3.4645,3.8015,2.137,3.4205,3.7047,-1.0789,-1.8439,2.8853,8.8911,1.8913,7.1671,-5.5244,-8.3298,2.507,-2.5405,2.8446,-7.1747,-2.0057,7.6183,-4.3223,9.3913,1.5651,5.608,-2.9796,-0.7823,-1.5268,5.0228,-6.9065,-0.3944,-9.1338,5.2079,-9.0761,-1.4072,-3.5684,-3.3608,-7.6675,4.873,-5.4543,0.0222,8.2059,0.9308,0.7225,-7.1458,3.6374,-3.9053,-1.3131,-1.3044,-5.1494,-8.8454,2.9782,6.8896,-7.9642,-2.8142,-3.0044,-8.375,-3.85,-1.3808,6.417,-9.1013,-0.6201,-2.4791,9.3339,9.2886,8.9118,-3.0778,-4.579,-7.6188,7.9766,-4.2331,4.2806,-5.8568,-5.054,2.6201,2.8566,-3.7235,-1.37,-0.6211,9.8841,2.9527,-3.6143,-7.1926,8.0426,-6.1475,9.9342,-3.8488,-1.4804,2.4219,1.4468,-7.9989,-5.6194,6.1011,1.1906,9.9222,5.9949,9.199,1.6468,-2.1039,3.5513,-0.494,6.4634,-4.822,-9.2884,-0.7925,-4.2581,-0.5812,-1.9264,-5.4375,7.4473,4.7355,9.3886,-0.0695,-3.3099,1.5882,-7.6375,0.0008,9.1604,5.5629,8.0838,-5.485,-9.6261,4.8288,6.1157,-3.3342,0.386,-1.8023,3.0765,7.6777,4.0016,0.8165,4.8853,4.2944,-8.71,5.6397,8.018,-8.3329,2.5473,-9.8251
0.1016,1.9957,-5.1217,-7.3844,-4.5317,6.653,0.2535,-3.997,6.9629,8.1171,2.5661,-6.4507,0.1938,-3.5552,-8.6442,9.8632,-8.2026,-3.6656,-4.4728,-4.3817,-5.5839,1.0061,5.4847,-5.9552,5.8375,1.2528,9.9247,0.5444,7.3303,-2.802,4.1209,-5.4257,-8.4593,4.5129,4.0547,0.9661,6.7099,4.1101,0.0495,1.3612,5.3616,-5.4528,-5.0792,-4.0959,3.1693,8.331,-8.7015,-5.7147,-6.3031,-8.5399,5.2596,9.3492,2.8182,0.5251,8.0419,7.6884,-2.9036,-6.6905,-5.0986,5.6511,5.1526,-0.205,-8.0332,5.9726,1.369,-2.6425,8.6451,-6.3672,-4.267,-4.203,8.6475,7.6917,3.2608,-1.165,-7.2518,7.0592,-9.1267,-9.8211,-1.1723,1.3779,2.6886,1.2064,-0.7318,-0.8997,-4.9826,-5.8745,-4.9956,-9.3657,-5.5556,-7.6829,7.2754,2.9482,-4.7031,2.5906,6.4154,7.5723,4.902,-2.6779,-5.844,9.002,-7.2997,9.3674,8.3071,-0.2499,-0.6006,-8.1376,8.2969,-0.1082,-9.6777,-3.2883,1.5315,-0.5983,-3.542,-0.8312,-2.9877,8.3449,-6.0177,-1.9087,7.5705,-1.8182,0.0874,0.0676,4.6843,-1.2667,-6.6598,6.5246,3.9527,7.3356,-3.7447,-4.0857,-9.9779,-9.3912,-1.3608,4.9826,-8.2197,-7.7497,-2.3124,5.1272,-7.9874,2.3992,-2.9169,-5.3672,9.6396,7.0186,-6.015,-1.1922,-4.5545,-0.2204,-5.5248,-8.9448,-0.4281,3.1434,-2.1127,-6.3082,2.2664,6.1317,-3.4957,7.8286,-7.1242,-2.19,-8.9743,4.3981,8.5313,1.6558,-1.4172,1.3938,5.1564,-1.407,6.8335,-3.3485,-3.4305,7.0552,5.5588,-9.3465,-0.1713,7.612,-0.1988,-9.8866,1.4173,-8.6177,-5.9954,-8.9805,7.5986,1.5022,-2.4155,-1.0892,-0.169,-7.8764,-1.5809,-0.8253,2.3021,-4.9278,7.0614,-1.7058,-5.5538,1.4229,-1.2123,-6.3918,7.1324,2.1065
5.5778,6.3849,-1.9764,8.8779,-8.8179,-5.2127,-5.9982,-6.2932,5.4969,-8.2824,-5.6415,-6.0189,5.5947,7.1896,-7.7193,-7.9033,-9.9686,2.5461,-0.5766,5.8106,6.8569,-4.8849,-3.2359,-6.0326,-4.1245,4.6168,-1.5648,3.0761,0.9078,7.277,1.4297,-5.69,7.872,3.9211,-2.3838,-6.1966,3.2349,1.8008,-1.8755,-3.6279,2.7722,-7.8172,0.2587,9.8072,8.3254,-4.3279,-1.985,7.7404,2.5621,-4.7888,-4.265,-9.8975,7.2657,-7.8147,-3.5698,-2.8714,6.8166,-9.6386,-7.363,8.1606,-5.6224,-6.3069,1.1634,-5.3354,3.3233,7.9687,8.2518,6.6546,8.5862,8.4072,-5.925,2.1932,-2.488,-2.1657,-3.7289,2.3369,-2.9575,-4.064,-2.0721,5.8021,4.0191,-5.226,7.576,-8.674,-3.4984,-8.3065,1.4268,7.9128,-8.372,1.9709,5.5402,1.6138,7.3558,0.1083,-2.3337,-7.622,1.3517,-6.1172,3.4606,4.7878,-2.1821,0.6518,4.8987,0.9468,-4.6434,6.285,7.2148,1.2689,-8.4815,-0.1398,9.4769,5.9671,5.4859,1.3851,-4.5876,-5.8825,-1.2733,-9.3057,7.8768,-5.7221,0.9933,3.4829,-3.4393,7.286,-9.1903,5.0398,-0.9173,-5.6982,-3.606,-7.1994,-9.7366,3.138,-9.5803,9.4886,-5.1289,9.2404,8.4553,-1.8437,2.2964,-1.772,-3.5853,9.5372,7.4854,-4.3112,-4.1865,3.9962,-6.0913,2.143,-5.8203,-2.6215,-5.6889,-1.6534,-0.3629,3.1432,-0.9635,6.8861,-8.27,-2.7686,7.5565,-8.9233,5.7343,-9.983,-2.3545,7.0046,-5.8675,-7.0486,-4.1937,-2.4438,2.4947,-0.7234,6.9596,7.8577,7.1215,6.4246,5.8696,-2.5703,6.635,-5.7766,7.9815,7.1937,4.3282,5.5623,8.6136,6.4304,2.1519,9.3168,-1.8493,7.1791,4.5125,8.4506,-5.0902,-2.7785,-2.2646,4.0968,0.9418,-6.3018,-2.4994,6.7756,2.2467,3.3382
-7.492,-0.2889,7.7532,7.9345,8.7169,7.5322,-4.1679,-1.9725,3.8986,-5.5685,5.3118,3.2323,1.3887,9.4774,4.187,-8.6087,-9.343,6.8202,-3.4931,-5.4215,1.1195,3.3614,1.1615,4.3716,-0.4407,7.6314,3.6073,-0.0032,5.8305,-9.7141,9.3846,-3.7976,-8.0088,-3.212,4.4603,-7.3609,-3.3747,-4.5353,-9.7277,-6.9755,-0.0496,-8.1424,7.8455,-7.7275,-7.7489,-3.6243,2.3143,4.6131,-6.1943,-6.213,-5.0707,7.8137,-0.4802,5.9953,7.2343,3.1389,-0.8593,8.6473,-7.0038,-6.2671,-0.1133,-4.9837,6.1225,-3.7419,7.6414,5.2789,4.5201,1.1839,8.8385,7.7379,-5.2144,-9.7645,7.3237,-9.4849,2.7743,6.5297,-9.7444,-5.2562,6.118,4.4151,-4.3992,-3.7909,8.8949,-7.1576,-0.3848,-1.9229,0.1071,-1.5468,-5.8942,5.9492,1.8203,1.0423,8.8358,3.3425,-0.8441,6.5011,8.234,-6.2484,-2.1066,4.7321,3.7788,-6.5281,-0.7099,-1.1414,-4.2326,-4.7219,3.2766,6.5761,7.6396,-9.4814,-3.9426,4.7088,1.403,7.6537,8.6635,-7.4212,-7.989,1.8766,-0.8331,-4.4266,-4.8698,2.5668,-5.0118,-8.1271,7.9654,3.5751,7.2241,-6.5467,-7.493,4.7144,-1.1126,8.4233,6.6548,-3.7621,7.2675,-8.0829,-9.6861,-3.0355,9.2249,2.8333,2.3109,-0.2806,-9.2985,-0.0803,3.639,2.0401,0.8834,-0.8275,6.1703,-1.5377,4.7335,0.2829,7.8534,-7.5765,4.4485,-7.4525,8.768,6.9948,-2.7036,5.5918,-8.3929,3.111,8.2903,-9.6007,-2.3319,-5.3677,-0.3423,5.7135,-2.5237,-2.9639,-0.6232,-4.8722,6.3561,-7.2459,4.5331,-6.5862,0.1147,7.0754,-0.1612,-6.2677,-9.5134,1.2697,0.878,8.2662,8.0761,3.2796,-8.7193,0.5405,-6.7632,-7.9715,7.1264,-6.5011,6.0957,-5.6523,-6.6695,-0.6018,-6.3481,5.1776,9.2978,1.2833
-5.0034,6.5921,-3.6979,-1.768,-3.2319,8.1954,-7.9889,-8.779,-3.4051,3.0714,-8.9973,0.5812,8.7514,1.671,-1.4111,3.8844,6.2642,2.984,-1.6351,-7.3422,-1.8432,0.2494,2.3995,-0.4433,7.9917,9.3239,-0.5267,-6.7838,-7.191,1.4574,-9.6491,-6.4068,5.6209,-8.2713,-7.0604,9.7963,3.2509,5.7202,1.3268,1.7393,-0.7886,-6.3679,9.005,7.8307,-6.2786,4.8268,-4.8357,5.6723,4.8696,2.9569,4.7638,6.1164,0.8208,-7.8018,0.7353,4.6799,-2.9181,8.6675,-0.4139,-4.1122,8.257,-0.3389,-8.7235,-4.1573,-6.2679,7.6107,-3.9376,-0.4655,-2.0267,-0.6874,0.2425,-2.7781,-6.5315,5.1897,-2.0991,6.1534,-1.0185,9.9318,9.5974,8.3338,0.6043,-7.4251,0.8453,-1.9591,-8.6074,-0.3051,4.8896,2.924,6.0835,8.5905,5.3296,1.9811,2.9307,1.8491,-5.1683,-7.2792,2.4948,9.8499,-4.5287,6.2507,-0.2975,2.1188,-0.3786,-3.8403,8.2297,-3.2472,-7.5084,-3.0001,3.1621,-0.2886,-5.1352,9.2092,1.5206,8.8643,3.0708,-9.1856,4.3044,-1.7415,1.8465,2.3769,7.6145,-9.3863,1.8881,-8.6915,-6.8021,-0.9157,5.3757,-7.3912,-9.4378,-0.5971,-7.4767,-0.1679,-8.6048,6.982,-5.5641,-1.7428,-4.7442,3.0535,-7.2551,-3.7975,-4.1108,9.821,6.7304,-4.7163,3.1629,6.9588,4.5179,4.989,9.7212,5.7625,-9.2475,-1.2357,2.3298,9.873,0.1878,8.3711,-6.0287,-1.9252,-5.5731,4.4604,5.3051,-5.007,2.771,4.4259,9.6413,-8.954,2.7387,4.3575,-2.1369,-5.4827,-9.8296,6.353,-7.9995,-5.3993,4.1544,4.4942,-8.5589,6.2714,2.3591,-8.9254,7.0567,2.9857,3.9123,9.4562,-3.8957,5.9235,8.8935,-5.0565,3.3076,-0.1803,3.6646,2.4168,-0.4163,0.246,-6.8025,8.2981,-2.7884,0.1172,1.5348,-3.052
-8.0763,-7.5092,-1.3756,4.4497,-6.9063,9.2251,2.7414,7.2333,4.8815,-2.9402,3.058,9.8786,-9.5753,9.6212,8.7982,-3.2426,-0.1591,-1.5897,-1.2322,-5.9272,4.1374,-5.1981,-7.2075,-9.9564,-9.2432,5.2219,1.6852,-9.2723,9.0832,-3.2597,8.1704,1.7796,4.6606,8.6362,8.1761,-0.3881,-8.8579,9.5894,-2.4796,-3.0866,3.3596,5.1118,1.9263,5.289,-8.9722,6.9233,0.7016,-3.7086,-5.8199,1.928,4.6591,5.2646,-0.4527,-7.1116,-0.5982,-0.4505,-9.7115,0.7407,1.7937,3.6339,-8.9524,-5.6129,1.7218,5.8636,-6.6022,-2.2278,0.566,0.4022,2.3363,-0.4454,0.3033,-5.3348,-9.4448,6.5193,-1.5876,-3.8854,8.146,-2.7476,2.8321,-8.8556,-1.5319,-7.7298,9.9596,5.5766,-3.8193,8.445,9.1076,-2.9394,1.5578,-1.5314,6.4139,-9.4339,-9.2447,9.3477,1.1152,-2.6562,-0.2359,5.9455,-6.3262,-0.7873,6.2291,-1.4405,5.7712,2.977,-3.1937,8.831,1.5106,2.3695,-7.4543,-2.0726,-2.9059,-7.884,-4.6128,1.5614,7.052,9.3557,7.8803,-2.8279,6.4183,6.898,9.4121,7.6883,-7.8063,7.5761,-9.7867,0.1579,4.2194,1.5204,-1.5367,6.6385,0.0109,6.1076,-8.597,-6.8077,2.1303,1.455,-6.4376,7.7283,-7.463,-6.6532,5.207,-3.0952,-1.9788,9.9377,-1.152,-8.0138,8.4766,1.4923,-5.115,-8.2944,-1.3633,8.5928,0.0484,-0.6353,-1.0643,-4.6073,-1.1769,-6.9512,7.3493,-4.8124,-3.4515,2.7957,-0.8504,6.9727,-9.4772,-4.2424,-1.4069,-0.4959,9.8108,-4.1099,7.0726,-6.864,4.1674,5.6792,-5.8148,-7.7371,1.0294,3.5496,8.267,2.3121,-2.2902,8.2374,-0.7047,-6.525,9.2235,-0.7875,-2.969,6.9374,9.2401,-4.1779,-5.0337,2.2616,1.9495,5.9222,8.8502,-9.7437,-4.1042,-7.8336,-3.4896,-5.0745
4.1952,6.416,3.6874,2.9724,5.7281,-0.617,-7.0941,-1.4946,-3.5918,-8.5001,4.7119,1.2401,1.7797,-1.4463,2.5782,2.3984,-4.3946,-7.4121,-1.0276,4.2117,2.1818,3.4002,0.2999,-2.7522,-7.3628,7.063,-7.6901,-4.3992,-8.1904,1.7919,9.6831,-5.3162,0.486,8.5324,2.2698,-8.218,8.3064,-2.731,9.2004,-7.0754,8.1773,8.7631,4.431,4.2098,8.5701,-1.8594,7.1517,3.2841,-3.354,-9.5915,5.1381,-0.386,6.1057,-1.1049,-7.9527,1.2102,2.6119,-0.8425,-6.7541,-7.9084,-4.4699,3.8165,-0.1686,0.3434,-1.7224,4.6498,7.917,0.5625,8.9262,-4.9896,3.8387,8.6388,9.2046,-8.3089,1.6787,-7.8772,-3.9388,2.8296,9.6648,7.5767,-2.1081,-3.4439,1.9419,-9.5413,3.8094,-8.247,-9.2655,-4.9618,-4.886,5.0464,4.0549,-8.73,-2.1128,3.218,-6.8821,1.6414,-0.8895,1.0708,8.9055,1.744,8.8299,-8.6301,7.1245,-4.2265,-3.2808,-6.8517,-2.5729,0.7253,3.2346,-1.1374,9.2517,2.2317,-4.5713,2.9668,4.7102,-9.2789,4.8909,-8.8435,0.1411,-9.9598,-6.8553,2.0932,-2.2023,-5.1943,-5.8081,7.8002,1.532,6.2866,2.1722,-7.8595,2.428,-3.9505,3.4804,0.3438,9.2244,-0.1652,6.9861,-8.2804,-7.3549,-7.0398,7.7057,-6.472,8.82,5.2686,-2.8858,5.0511,-0.3812,-1.8127,7.5389,-7.2964,-6.868,-5.4927,3.2652,-2.9549,5.5939,-6.4544,3.8655,9.6061,9.1468,5.7722,-1.4539,-8.9544,3.2154,-9.9317,5.5374,-3.9516,7.4293,-3.9491,2.0323,-9.7134,7.6764,6.1825,1.3094,-8.0805,3.6204,6.1773,7.3905,2.5934,-5.2777,9.2178,0.9948,-8.2818,9.1658,8.4328,-5.0307,-9.5501,-6.0552,1.0657,-9.5648,9.4694,-6.6656,8.8235,5.1074,9.6708,-8.6462,-8.1448,8.9384,-9.4273,-5.7983,-5.8404
0.5138,6.8184,4.1903,-4.4725,0.1744,5.8324,-7.4938,-5.9895,-4.2924,0.3796,9.5083,9.498,6.7166,-5.4784,9.8906,4.2871,9.835,9.4422,-2.9827,-9.3694,2.5651,8.8804,-9.1892,1.329,-6.7129,-1.9566,3.9877,-8.6362,9.3841,-7.7186,-2.5041,-1.3266,-6.1895,-6.5071,-7.8034,4.6958,-7.785,4.6509,-3.2629,8.8975,3.5596,-3.6717,2.7106,-7.419,-5.1517,-5.9965,2.7482,-8.6955,0.0886,2.1026,6.3106,-8.3686,9.3176,2.0158,-5.1047,-8.3339,2.8545,3.017,-7.4133,-3.7643,-8.0281,7.3516,-5.1615,-0.9005,2.8384,-6.1356,3.8254,0.5305,3.7462,4.7216,-5.2106,-9.829,-6.6787,1.4766,0.7813,6.6205,-7.2705,-8.4822,2.1234,2.3438,5.8201,-3.8712,-9.5363,8.2092,-3.0995,0.4235,-6.4995,-5.7524,9.9039,-7.4239,6.5795,3.9045,5.6402,-6.8977,1.5099,-9.6722,2.8372,-5.7754,-9.4438,9.9245,-8.5737,-4.1906,-2.358,-0.7327,-2.7213,5.2499,-4.8956,-6.5376,0.948,-0.8122,-3.8256,-5.638,3.4611,8.9806,-8.4042,-5.8399,7.7345,-5.5676,-2.9329,1.6677,-9.9166,-9.3957,-6.0703,6.4338,-9.1327,3.4881,-2.0146,-6.2797,-5.4632,-3.0539,1.7381,5.7188,0.8416,-3.3969,-3.7015,5.4046,-9.3258,-6.0859,1.7203,2.4483,3.4391,-6.6793,9.9466,8.1274,3.1436,-4.4211,5.8516,0.5742,5.1709,-2.8087,0.8693,-8.4494,0.9074,-9.2171,-5.0885,7.0731,6.3159,-1.6729,-1.76,-6.6359,6.5947,-6.0751,-8.5764,3.0446,8.1107,7.799,8.4127,-6.6818,8.9545,-8.3119,5.6853,3.1768,-2.6853,4.9931,-3.709,-9.9992,-4.2434,6.696,-3.9067,-3.3788,-1.0603,-0.1036,-8.0241,6.9483,-6.2929,-3.7354,-1.8246,-6.7898,6.0288,0.2372,2.4671,-2.4608,6.1464,-0.9582,9.4478,7.9466,0.8275,6.25,-9.128,6.2736
-8.5186,-3.3798,-2.2841,-9.187,-1.7847,-0.7021,5.2778,-5.6699,-6.7555,5.5288,-8.6292,2.3944,-0.9898,1.912,7.0194,5.0608,-5.1093,5.2317,-5.1263,-9.8653,-4.1794,-8.827,8.3048,-8.2319,-9.8614,3.7735,3.9121,6.9481,7.0555,4.5406,-3.6194,2.5695,3.5102,1.073,-3.2356,-7.9547,-8.3458,9.026,1.8808,-1.7964,-3.0629,-5.41,-1.9855,6.8858,3.6019,-9.0129,4.3027,1.5116,0.6796,-3.2341,9.939,-4.1377,8.3311,-8.444,-6.4376,0.8137,-6.8504,7.705,1.2892,3.0555,2.9127,1.8979,1.7816,8.8935,1.3924,0.4496,-7.7909,0.3869,1.5189,-2.8631,1.6055,5.9318,4.8767,7.5525,2.7179,-8.2696,1.9976,-6.2982,-0.9668,7.9593,-8.3517,5.2901,-2.993,4.9974,-6.2746,-8.0092,5.6958,2.7261,8.8331,-2.5054,-0.7787,3.2869,-6.8164,-9.9183,6.1376,-0.4269,9.0318,-7.8441,-6.2368,-8.9318,8.8453,6.4364,9.4994,8.7844,-5.7757,7.7017,5.0017,-3.9541,-0.0968,0.8835,-4.63,-3.911,5.8318,-2.9982,-2.2924,8.8224,7.1718,-6.845,-7.3239,-4.6479,3.7337,-3.046,-0.965,-9.8327,-1.1907,-4.4693,-3.0105,-8.9063,-0.0866,2.3344,-1.8794,-8.2964,-2.1519,-4.0832,-2.108,5.3734,9.1541,2.216,-2.0897,-0.1085,7.2426,7.0285,6.9894,8.6145,7.7209,-2.2912,1.6426,-0.8035,0.8657,1.0356,6.6865,6.5546,-1.3359,0.1043,0.9428,3.7677,0.3654,5.6415,-3.1615,2.3305,8.9535,-2.502,-7.2746,4.8983,4.92,0.2775,-6.0849,-3.0188,6.5374,4.8148,-3.3848,-5.5736,-6.042,-2.4479,-4.7807,-0.1545,-7.0113,-0.3987,1.3489,-9.4791,-2.025,6.6501,-4.1759,7.8542,-8.6189,3.5832,-0.6396,4.8794,0.4648,-6.2605,6.7939,7.8633,4.6018,-2.2821,-6.0298,-8.1891,5.2559,-5.1164,2.3561,6.3847
-0.3002,2.7347,-4.3942,-1.6783,-1.3995,1.3324,1.3693,-1.2537,-9.3647,0.3607,-1.241,3.2998,-6.3898,9.8963,8.6414,4.9429,-3.1732,1.2356,0.4207,4.96,-1.2781,-0.1908,5.0448,-1.5251,5.2311,3.6522,1.902,-2.4932,5.0143,3.2887,6.1315,-2.2015,-4.6769,-9.4353,0.8499,5.1872,2.9378,3.7522,-3.7345,9.3378,-9.5878,-8.1409,5.2056,-4.6623,-6.6011,-2.9315,-9.7633,1.6035,-1.118,-5.8277,5.7063,4.6121,3.5932,8.6538,-4.04,-4.0363,5.1719,-5.9202,9.0668,-5.1223,-6.7054,-1.4768,-9.4261,3.2119,5.2467,-2.7981,-3.4928,3.6229,0.0993,-0.5814,-1.1023,7.3018,-9.6313,1.0279,-0.2176,-4.4875,-4.5709,-0.8936,-9.6404,-1.0083,7.7592,5.301,-4.5214,-8.895,-2.0973,-3.7922,-8.2197,-4.3806,9.4986,9.5194,-5.6311,-4.998,7.3002,5.5041,5.3409,1.0036,-0.4705,-8.145,8.3908,7.5402,-2.7539,-6.2123,-0.7494,9.6141,-0.8873,7.2186,1.4904,0.021,4.3143,9.0409,5.1892,8.9486,-2.0793,-8.3198,-7.4808,-6.0005,5.2233,-4.188,-5.6368,7.8308,7.7535,-9.1132,2.9187,-2.3432,-4.4173,-1.7283,1.8187,7.4002,1.1893,6.7862,-6.8817,-4.2052,6.708,-2.8787,-6.1302,7.0357,-9.5767,3.6127,-2.5682,-4.541,9.3299,1.4251,7.784,-0.2359,6.1794,-4.9118,-2.1429,-2.7897,-2.9645,0.3804,-9.6622,2.1945,-7.6877,-4.9265,1.4717,8.9335,6.0275,-4.3972,9.8246,-8.9169,-9.5662,-6.1118,-2.7594,7.4772,6.8244,0.8446,-1.5507,-8.4756,-4.8607,0.3342,-6.5285,2.7958,6.2064,-7.413,1.3558,-1.3281,-0.2971,-8.5161,3.423,3.2089,-3.6951,-1.3744,7.1417,-1.4556,9.4957,8.5755,9.1259,-9.8726,7.4975,1.4584,-8.8067,1.7565,5.5873,-0.8947,5.5694,6.9331,-0.9641,1.0656,4.8521,-9.9894
6.2965,-7.9742,3.6855,-4.1985,9.0577,9.6369,-6.8713,1.7262,-9.5639,9.0678,9.3721,-0.9802,-3.3607,2.5743,5.501,8.6337,-1.6142,-1.9157,0.1595,-5.9704,-9.7629,7.3816,-1.1365,3.8051,5.5239,-2.131,-2.2654,9.5754,6.3458,5.0552,-7.1878,-5.2251,9.1052,-1.1092,-9.1486,6.701,-9.2625,-2.6553,-2.6455,-3.6913,5.2427,-7.0115,-6.9502,-0.9209,9.2128,-8.8905,6.1689,9.2627,-9.8296,-5.554,-8.875,0.9434,9.067,6.7331,2.2225,8.8545,-0.7625,9.6757,-5.9263,5.9693,-8.5907,-9.9224,-0.0424,5.7891,-9.0558,5.8606,8.6666,-9.1878,-8.3949,6.3903,-6.8493,-6.8117,0.5492,2.146,-4.2163,0.6688,-6.5462,-9.4605,-8.5578,-1.8732,-6.3535,2.7371,0.9194,2.0705,-7.7808,8.2553,7.2965,-2.6767,-1.2375,-1.0862,-1.4122,-1.7772,-0.0208,2.4443,-0.9442,-5.0193,2.0671,-3.6506,-8.1144,-1.9143,1.8393,-4.8218,9.6767,7.8444,-4.9944,8.1103,-5.5402,6.5611,-5.8101,-3.0671,5.8644,0.5272,-6.7597,8.2237,-0.1571,1.4227,6.827,-2.1607,-4.1234,9.1401,-8.5156,1.1355,-2.0737,-4.5716,-8.423,7.2833,4.5003,-0.1373,6.5552,-0.7594,9.3691,-7.0068,9.1695,8.5412,8.6121,-8.0272,-3.2271,5.4369,0.2424,6.1102,0.3824,-6.4128,-5.4267,7.9088,-2.449,-0.8069,6.1381,7.0652,-3.323,-7.2423,-7.8159,7.7862,0.9862,-2.4122,-1.9108,4.2688,-4.6979,3.2909,-1.3493,-2.5588,0.897,3.6841,0.0751,4.6265,-3.1717,-4.8895,0.6403,-2.8621,8.1567,2.6199,-1.1734,6.9349,8.9197,-1.1077,2.832,-3.0747,-0.3541,0.9567,-4.4252,6.1946,-6.5535,6.8141,-7.3001,6.8757,7.6017,-3.518,6.6042,-5.6384,-1.032,1.8511,9.8402,-2.1151,-6.4759,8.6838,-3.376,6.0388,9.3273,7.1794,-5.4412,-9.508
8.3225,8.5114,-4.8775,2.9708,-8.7376,1.6039,4.4019,-4.529,-6.1844,-2.4288,9.3253,-8.5184,-4.5624,-9.8833,-0.081,9.044,8.3092,2.6305,-9.856,-8.5762,-3.9003,5.8812,-0.2285,2.8616,7.0004,-8.7417,-2.3072,0.3978,7.8648,3.1564,9.421,-2.344,-3.3896,-7.3554,-2.6231,-3.0762,-1.0027,3.6259,-9.2376,9.1182,-6.8299,9.959,-4.004,-5.9151,4.5061,-5.8093,1.8656,6.2857,4.5248,7.3046,-4.718,2.407,-1.8207,-2.7003,6.6593,-1.5858,-6.3205,9.295,-2.569,8.008,-1.1023,-0.5255,7.8431,6.5202,-6.3372,-3.5445,-1.9606,3.8775,1.7721,1.3139,3.5888,-7.2974,2.336,-1.4205,9.6039,3.0622,-4.4561,9.1222,-8.9656,1.2328,4.8603,2.1091,7.4162,-2.071,6.8016,-2.8325,5.5579,0.8398,-9.1681,2.9511,1.338,-4.4539,3.2601,4.9922,-6.1109,4.8322,7.8815,7.9531,-8.5029,9.2271,-4.7969,4.7418,-1.4469,7.5814,-3.146,8.7853,0.4785,0.6471,1.7324,-3.3036,7.49,-6.8727,1.801,0.5765,-0.43,1.8393,-2.0495,-1.6728,7.8946,2.1193,4.3273,-3.8959,5.9282,8.6799,-5.0281,-6.0368,-6.8762,1.5961,-5.4388,-2.8386,7.0055,-7.9382,-3.3358,4.6582,-7.641,-9.5651,1.5401,-4.6871,-4.2604,4.2472,5.9899,8.717,-3.5787,-9.9323,-6.3667,-0.7982,-5.4356,1.9051,4.5005,9.5086,0.2249,-1.0933,-7.4561,7.7338,-6.3769,-9.8535,-5.6359,5.3203,4.7463,-8.7598,-8.8412,6.9816,4.0095,0.0685,-3.6688,-5.2714,-9.6168,7.2969,4.4834,-7.3643,2.3129,-7.8786,-5.2142,8.1015,4.236,-5.9811,-2.5178,6.2366,0.8253,-7.0798,-2.8568,8.5814,-5.9997,-1.7178,-4.4445,6.27,5.618,0.8412,-9.1461,3.5794,0.9154,0.3745,-3.023,-6.3132,-9.682,0.4864,-9.3899,3.7053,-7.7455,7.5105
-4.3104,-8.2869,2.438,4.1181,-7.9621,-5.2177,-4.392,2.5586,-3.9355,-6.5457,9.3581,-3.2994,-9.0877,2.2874,-4.9413,-4.4312,0.4884,-8.8831,-1.3746,4.6803,3.231,6.6641,-9.1547,-0.9174,4.7762,-1.9306,-5.5294,-9.8366,-9.4379,-6.4731,8.1383,1.5006,-3.9874,3.8373,0.1638,4.0752,-4.6341,2.7684,8.5538,4.7579,-5.4164,6.2013,-6.0167,-3.4973,-5.0645,9.1131,-4.7968,2.7269,3.1772,-9.9927,-3.176,-3.5662,0.4063,-7.3767,-7.6938,-7.4243,-3.8022,-6.1677,-7.4734,1.2486,-5.0513,-8.8202,5.2952,-8.3539,7.278,-4.6879,9.9024,-1.0822,2.4338,-3.7348,-9.1576,6.4936,-3.8304,1.3666,5.5451,-8.0883,-7.1718,-2.759,-0.5755,8.7062,-2.9446,5.9783,-4.4891,0.7243,-2.7761,7.6281,-1.6589,1.287,7.2054,8.1703,2.9375,-2.2571,9.0539,7.9899,-3.1144,1.0214,-4.2467,-2.7962,2.4856,-1.2593,-4.7559,0.6066,-4.6492,3.7905,5.5809,-0.2432,-1.9569,3.4354,-2.1414,9.8512,6.5575,0.2344,-0.1832,0.318,0.2283,-8.0286,-1.9031,-4.902,-1.7919,-4.0703,8.2792,-7.0721,7.2062,0.4676,4.6916,7.0415,-3.7915,-6.7744,8.0094,-5.1677,-5.1466,-0.8101,-7.3733,-3.189,0.7271,7.1738,-8.6249,8.257,-0.499,6.494,7.4631,0.4005,7.5223,-6.9065,7.5721,7.0774,1.2234,2.8175,4.8392,9.8821,-1.6439,-0.7529,-3.3378,-6.1106,-4.4443,3.5093,-9.1992,4.1178,8.9584,-5.1531,-4.6232,7.9529,9.2049,4.9428,-5.5653,0.0108,6.8304,2.0075,-5.5438,-9.3117,-2.0957,5.9833,-9.3704,-2.7807,5.8977,4.4075,-9.6935,3.1055,-9.231,6.4666,-9.8797,-8.5645,-1.1305,-8.4213,4.9732,4.9218,-9.6266,-0.4156,-5.1186,2.2679,-7.8917,7.8057,2.3273,9.7942,-7.4067,-8.782,-5.8727,9.355,3.2741,-9.5658
7.6067,1.8737,-6.2304,-2.1746,4.511,1.8971,-6.5774,-9.0578,-5.0024,3.3253,-5.3612,-4.4147,5.8422,9.6036,-8.3275,6.0568,0.7782,-0.3604,-5.2168,9.9944,-5.5486,9.7383,4.1543,6.8727,-3.1715,-0.9262,6.7335,8.2673,-3.4714,-1.8096,-8.7421,4.5162,4.9942,4.7442,-7.8046,-9.5083,4.3734,-6.3092,0.8478,-1.6769,-0.5464,3.9072,7.9031,1.6928,4.741,9.6734,-1.9738,3.9482,1.6799,-8.8481,-6.2319,-0.7466,-2.0139,-8.8036,6.4073,-5.9907,-4.0278,0.5049,-9.4654,-8.4387,4.319,-2.323,1.9587,-0.4199,2.2872,4.5628,-9.582,5.2715,7.4146,4.7784,-2.4177,-6.5735,8.4309,-2.4527,2.5274,7.8227,-6.5534,-6.8226,-9.6178,9.4511,3.3064,7.1518,2.2545,4.999,4.9307,-7.8595,-7.5282,-6.1204,-7.7246,-6.7371,6.2665,-0.0618,-6.5563,8.3346,-0.7984,8.6029,-7.1442,-9.5456,7.3074,-3.976,0.8453,-2.6521,8.9692,-8.9119,-3.0767,0.9567,9.7308,-8.1337,-9.5596,5.4816,-3.9959,-2.6671,6.4408,-2.4524,3.5888,-5.3066,4.4076,2.9399,2.6291,4.5314,-0.3633,-5.9992,0.1459,-8.9756,6.1867,7.1876,-8.1951,1.2648,-3.6984,-3.1547,-5.6432,-2.0694,7.3574,2.5032,9.9534,-2.0513,4.9013,-7.2483,-3.1256,1.4325,1.0181,-0.2762,8.1231,0.7627,8.0532,-9.9521,7.0897,-7.2416,1.8118,3.2048,8.1747,-3.9207,-5.0835,7.6944,-2.9409,4.7376,-8.8321,-9.0964,5.6525,-9.5882,-3.3745,-6.4003,2.7118,-3.8538,-4.5365,7.2675,-9.5877,-5.8518,2.2371,-8.2898,4.7217,6.3565,9.0256,6.5556,5.6289,-6.977,-9.3889,-0.1646,4.914,-8.3584,8.5644,1.1718,-5.0144,5.8598,-7.0417,-9.66,-4.238,2.5584,4.0748,-3.8758,-9.9945,1.8807,0.0933,-0.7501,1.6396,-2.5779,8.3033,7.7692,1.0701,-3.7746
-5.8579,0.7681,4.5552,0.0967,8.8853,-4.003,-6.052,2.7342,-3.1581,-1.4731,6.2584,-5.1374,1.5545,7.9832,-5.5123,4.1753,-0.6301,-2.4484,-4.0372,-3.7078,4.0573,2.6606,-9.8279,1.6994,3.1351,2.5584,0.7934,-6.7456,-0.9189,-4.8341,-5.1483,1.8627,-6.7031,-2.6937,4.6137,5.3214,7.7286,6.2075,-6.9601,-4.8121,-1.4094,6.8712,-9.752,5.5305,6.9331,1.3564,-8.9574,1.1265,-3.8683,-3.7574,-2.5136,-8.9571,-5.4305,0.2206,-3.14,6.166,7.1386,-8.06,6.5653,8.7919,-3.2589,-2.673,1.5906,-3.2386,9.6295,4.1398,-9.543,0.3241,-6.4579,1.2293,5.1892,-1.5022,-9.2261,-1.9426,-3.7168,-5.1138,-4.4213,-6.6473,9.5363,2.5511,-8.5513,4.8984,-4.051,1.1238,6.3778,1.1627,-6.454,8.8025,2.3116,7.9587,-3.3481,-1.4019,0.7608,-9.3923,1.0313,3.4742,-2.3975,0.4489,4.9496,9.4977,-7.3526,8.7384,-1.5595,-4.0773,2.3306,-1.7957,8.2463,6.1313,9.6394,-5.201,-8.3736,6.7336,7.2116,5.6949,-9.3464,-3.5356,-9.5908,-1.804,-7.9885,9.8624,-2.4405,-2.3682,3.4336,8.1837,-9.7466,3.6449,-2.0405,-6.4288,-8.5623,6.05,7.2372,3.0333,6.2988,-1.9046,-9.5255,7.7309,7.0845,-1.3043,-5.877,-3.8514,-2.0141,7.6304,-8.2521,9.5174,7.6967,5.9392,7.2702,-0.9086,3.4606,-6.4517,-4.9416,2.1877,-1.33,8.4135,-4.0818,-7.6647,4.4461,-6.333,-4.671,4.5827,-5.9743,0.3254,-2.1902,2.4857,7.918,-7.6533,5.5136,9.1521,-6.5186,-3.4228,4.2065,3.8817,7.8054,7.6488,9.7616,-2.5185,9.0278,-9.0847,-1.0672,-3.7368,-9.1102,6.5368,-4.9188,4.5506,-7.8259,8.7523,7.0889,8.1319,4.0216,-6.1525,-0.1514,-2.8934,-6.9002,-3.211,8.3617,5.2511,0.62,-3.3341,0.5529,9.8314
-6.1083,-5.5686,6.3497,0.3859,2.517,-1.1459,-9.4329,-6.6822,2.7272,-1.839,-8.7719,7.8157,3.5423,7.5905,1.7465,4.4321,2.4713,-7.9541,-5.7983,-8.6986,1.1253,-1.835,-5.0802,-0.4637,-3.0617,9.8027,6.1102,9.4066,8.7781,5.7515,-4.5949,6.8355,2.7603,0.5412,4.9234,2.3803,1.73,2.1009,5.3608,2.7696,4.7257,3.2976,-7.1892,3.4176,9.9941,-5.6244,0.4224,-1.1874,-0.9671,5.0286,-5.6009,8.8759,-0.4421,5.2257,-5.8341,7.1099,-1.3402,-1.5991,-6.0092,7.1885,7.7293,3.4157,3.5144,1.582,-1.3238,4.615,-7.4562,-0.7414,6.3174,-0.4852,8.1912,4.0133,-3.4799,0.4552,0.7111,-3.6705,4.5744,4.4484,4.1124,1.218,6.3905,-2.4348,4.4274,4.202,-4.2591,3.4138,-6.3032,-3.4579,1.605,-0.8621,2.4352,5.7607,3.9534,-5.4575,-3.874,1.0991,8.6352,-9.3078,-1.0187,-7.7691,-6.5378,3.8191,0.9606,2.0167,-7.2309,-9.31,-2.9271,4.4692,-8.8731,-5.3147,-6.6382,1.5628,7.5574,0.1582,4.3004,-2.4705,9.7382,-2.4308,-9.5501,7.1265,8.3608,0.3153,-9.3035,-3.9555,0.0475,-6.1,0.5697,0.4181,-9.2499,-7.7376,-1.8409,6.1175,0.8294,3.3735,-6.7343,-3.6139,8.5881,4.8024,7.8958,2.3664,-5.5766,5.5833,0.4648,-2.6275,5.6023,1.5622,-2.0157,-2.9804,-5.9578,-4.6544,-2.5238,6.9958,5.3563,-4.0561,9.8653,6.3748,6.011,-3.9333,-2.89,6.3907,-7.0607,3.1484,-0.763,7.7678,4.8541,2.5034,7.7587,7.4977,8.8914,-7.2789,0.0378,4.2049,-0.5191,4.9202,-1.3427,-7.4662,0.5378,-8.7781,6.6898,-8.9993,8.5776,-5.7253,3.032,6.8126,8.0337,-0.6069,-8.3823,1.9716,0.7435,-6.81,-4.8825,7.0929,0.7377,-2.0546,5.5837,2.6669,-4.6909,2.4462,-2.7079,5.7006
1.4775,-9.5984,-4.2467,4.3899,-3.4954,-5.6225,6.0049,9.5768,-8.9651,-7.8005,-6.7762,-7.8186,-7.2102,-9.7338,-4.8543,-3.9976,-0.7429,-5.0502,-4.1356,-8.8862,8.3538,-7.6638,-5.5001,-4.7161,6.9715,-0.6628,-3.2089,-3.7631,0.3119,-7.9275,8.3725,-2.0324,-2.9086,2.8802,-5.2711,2.0793,5.6576,4.6706,-0.1684,-2.7784,1.7884,5.1337,-4.4431,-7.3358,3.0682,-6.6483,-2.6374,-5.9453,-0.8499,2.1892,-1.1893,-7.3421,-8.9026,-4.7846,-5.8546,5.0553,-4.2789,-2.8094,-2.1149,4.0501,-0.2219,-6.0,-6.4386,-3.751,-1.4093,-2.709,1.7423,4.3737,5.0105,-2.0667,-0.8256,9.0536,2.4109,2.0438,1.5954,-8.928,-7.9734,-4.4777,6.6647,-0.8034,3.4826,-6.5634,-0.2259,6.3403,9.2922,-9.2731,-3.2252,-3.8223,-1.4046,5.1727,-8.945,8.6653,7.0853,-8.5527,-3.2617,0.1482,1.4435,2.8234,0.0613,5.9399,8.8519,-2.0099,1.4081,7.3258,5.8237,-4.79,-9.305,2.5003,-1.7619,-9.5833,-9.7217,8.156,-8.1793,6.3617,4.8092,1.2938,5.9839,2.3359,0.5018,-8.8262,-7.0673,4.0991,3.7745,3.6704,3.7395,1.2037,4.1107,-0.6267,-1.825,-9.2762,5.1984,-2.5742,7.911,-3.2868,0.1293,6.4001,8.5581,6.6998,5.9109,-5.2034,-8.8135,-3.3581,-5.8572,6.5587,9.4364,-8.55,4.1705,4.3268,-8.6452,4.8524,9.6834,-5.1605,-1.2055,-4.0774,4.7657,3.7979,-0.4475,-2.4269,6.217,-7.9523,8.0841,-1.7118,1.4448,1.915,6.0843,-7.445,-6.1408,0.4457,3.2091,-6.698,-4.6275,-3.1858,6.002,-2.3332,8.6618,-3.4458,-7.207,-7.985,4.0574,3.8215,4.4708,-2.1982,-2.6525,-9.8734,-2.5627,-8.5254,1.7659,-8.4643,7.6945,0.4832,6.4944,1.6075,2.2934,5.1792,-7.8643,-7.2274,8.1698,-6.9822,8.6235,-7.8094
2.6419,6.1962,4.6664,5.6447,-2.7468,8.4825,0.7046,-5.9941,8.1325,6.6756,2.3694,-1.6513,6.6053,5.6275,0.492,-5.1109,4.4832,6.614,-6.3624,-7.2245,5.2716,7.2267,-3.8882,1.8422,-7.6717,5.5759,6.1756,-6.6404,4.9668,-2.2671,0.4154,8.167,7.2215,-1.4072,6.7589,-4.7518,-7.1498,-2.3709,-0.1267,1.0782,-6.3744,-0.5098,-6.2773,-2.6647,1.7874,-2.7942,-9.8409,3.5649,0.0596,-7.2947,-8.323,-2.2746,8.7889,-2.6704,9.561,4.464,9.4841,7.1412,6.2898,-6.4804,-3.737,3.597,-3.3913,1.6526,-8.0966,-0.1829,4.8789,5.4,-2.2803,4.5212,1.1899,-3.1602,-8.7257,-8.9466,-6.9155,5.9015,-7.8059,-0.6,-8.0436,4.0792,-8.4568,2.4602,3.3833,-6.4499,-5.5847,9.3189,-7.6441,6.1958,4.1013,-5.7648,7.5059,-8.5947,1.0782,-6.847,1.1031,1.46,-9.9818,5.8974,-6.3389,-7.8485,5.4676,-6.6817,9.4844,8.0821,-8.2411,1.0072,2.0168,-8.3369,8.5033,-3.754,-8.5865,9.1836,-5.8484,-2.6781,0.1594,-4.6776,7.1814,0.5154,1.7092,3.8312,8.9498,5.0717,-6.2332,5.1237,1.2132,7.9384,9.0113,8.8289,2.7334,4.5254,-1.9586,6.6153,-9.5072,-0.2685,7.4543,8.9316,7.0868,-9.6824,3.5264,1.9871,-9.8456,-4.1562,-8.7945,0.697,3.2946,4.2059,-7.9287,0.1722,-2.1528,0.3213,6.7994,8.9185,-8.936,-4.5607,8.4525,2.6156,4.2641,-1.651,-7.5554,-2.3293,-8.9423,-7.2989,1.1898,-0.2277,-2.7941,2.2308,2.1877,4.0441,-2.5382,4.0802,6.0799,8.9427,-7.8616,4.6054,-7.6041,-1.8517,-0.8633,-8.7108,-1.3214,-4.5896,-3.6176,1.054,3.5306,7.5647,4.5966,5.5326,5.1825,-8.1351,-2.7439,1.2284,-1.9362,6.5177,0.4587,-8.8113,-6.6287,5.9144,7.366,9.9312,5.3892,5.4703
-3.1391,3.7933,-0.8837,5.6283,-9.4457,2.3175,-4.1041,2.1897,7.7854,2.6049,0.4763,-3.6951,8.5853,-7.9245,-6.1919,8.2098,4.9159,-9.9067,-1.5412,5.6218,9.3166,5.9084,-2.1948,6.5594,6.8768,-5.4348,8.5907,-2.7473,-4.9903,8.7462,3.9487,6.968,-1.0918,1.7031,9.4685,3.535,7.508,8.4059,1.9012,9.6892,6.1494,-3.9759,0.9686,0.0279,-2.4993,0.5718,5.966,1.9884,8.1985,1.9609,-2.0537,5.0678,-5.755,0.9576,6.4754,7.8421,-6.3785,7.645,2.4851,-5.9857,-9.7431,-2.6329,-1.4498,-4.9393,-9.9016,-0.8179,8.5992,8.8537,-0.2099,8.0535,-8.1731,6.9725,1.1655,-8.6101,-8.7161,-9.4799,-3.4873,0.8446,5.569,1.9846,-0.0479,-5.1924,2.1307,9.5008,8.7764,-2.1308,-0.2536,-1.6555,1.324,-1.7838,-5.5535,-5.9387,6.5858,0.0141,-7.4387,0.9585,3.6703,-6.5045,9.766,-6.7805,0.3859,-9.3842,6.4055,-7.6768,4.2256,-3.9818,0.1815,5.4047,9.1163,-6.6207,6.7998,-5.6251,-8.8172,6.8784,-3.8008,6.4214,7.822,2.4402,-2.996,-7.1474,-6.5023,2.5541,-0.1696,3.4191,-8.5598,-4.7884,-6.2282,8.4853,-5.0332,-9.0024,-7.9452,0.5056,-9.5535,-4.5549,1.6615,-8.1496,-0.0952,5.765,5.4105,-5.9947,-6.2539,7.119,4.583,-2.322,6.2689,-8.74,-6.2093,2.3647,1.9176,2.7308,4.1574,-2.596,-4.8919,2.4664,9.321,-1.3624,-8.7063,5.4305,-1.6954,-5.8343,-8.3143,7.5632,8.9168,4.8261,-3.5709,3.5321,-2.9765,-6.3676,6.2798,4.9093,7.3828,7.5681,5.4557,3.5622,-9.0324,-7.1354,-4.7645,-8.47,-5.8543,-6.7377,9.8047,5.9947,-8.8551,-8.8691,4.59,-5.1688,8.105,9.2082,4.2241,-3.7413,6.7675,-3.8583,0.5723,-8.7758,0.0238,-4.4109,5.4701,2.3257,-0.3843,3.0269
-3.8093,-7.9023,-2.713,2.0375,-6.9721,0.0581,5.5769,8.5901,-3.2514,0.8011,-3.0757,2.0666,-8.6184,-8.8958,1.4844,-3.0428,-1.5612,-0.2867,-1.2053,-7.0567,8.5731,-6.4014,-2.9455,-1.1622,3.9938,-7.9024,-5.0607,6.9014,3.12,-9.5013,4.6104,-2.8192,5.7476,-7.8918,-2.3749,-0.4323,8.0081,8.9896,-1.4413,0.6586,-1.6684,-4.9791,-2.9737,6.7047,7.3134,6.455,-9.9639,-2.9101,3.5841,9.5997,-9.3394,-9.2899,-6.7793,8.8515,-1.775,-3.0798,-1.2737,-7.6909,6.8921,-0.3197,-0.2312,6.0542,-6.3871,-4.6835,-4.0633,-4.6308,-3.0957,5.2182,6.8553,-8.0356,-9.2027,-5.736,7.877,-5.2699,6.3147,-8.1137,-6.2862,-1.61,2.5161,-0.5495,-5.8406,-7.1192,-3.7394,3.5738,-8.8533,9.8766,-6.192,3.2061,3.4499,2.1496,-1.5093,-2.8579,-9.084,-1.8608,-4.1834,-1.613,3.4415,-3.0303,0.5892,9.0223,-7.1736,7.0152,-4.5543,-0.5518,-6.36,-5.7679,-7.6009,-2.7589,-7.1712,-0.1929,7.2428,7.4056,8.1972,-0.5428,-9.1283,0.1962,-1.0556,9.7614,-0.6338,4.5409,9.6564,3.7754,7.252,9.3529,6.8875,4.6407,-2.518,2.9498,9.8512,-3.3364,-5.1804,5.3906,-8.6709,4.0869,2.3008,1.9781,-2.2829,-8.9882,2.2384,-4.5153,-0.0013,3.1033,-5.5825,-7.3042,-4.4226,2.6632,4.5543,-8.7382,-4.4062,8.8283,-6.8198,8.177,-9.8371,1.0099,7.0458,8.8816,-1.1123,9.3016,9.504,-5.3567,-8.9897,4.0738,-1.5864,3.4342,-9.4876,-7.7464,1.2905,-4.3873,-1.5923,-0.9577,2.6725,-0.2733,5.9963,-8.4095,-8.1609,0.9097,6.8927,6.6947,-4.8927,5.348,-3.054,1.2437,-8.2486,-2.9707,8.4512,2.6469,-3.3583,-2.6644,-9.0996,-5.2466,3.499,-6.4934,-8.0739,1.0731,-0.2581,-9.0961,9.2474,5.3201,2.8976,-0.0149
2.5519,-1.2432,-5.2639,4.0744,9.5031,-0.5146,9.1129,-2.8285,-4.3497,8.302,2.5789,-0.8715,-9.2469,1.0047,-2.854,5.7286,-2.8683,8.6491,7.821,3.7882,0.8243,3.0759,2.5183,7.9138,-5.3535,-5.8648,3.5049,9.8892,-6.5843,6.9046,7.9749,2.5138,3.0433,4.0151,4.2038,-8.7147,9.2438,1.0164,-3.8131,-1.3613,-2.843,-1.525,6.4213,0.5157,-7.3767,-0.8295,-7.0842,-9.1653,-2.7993,9.2557,-5.809,0.3078,-5.8637,-6.0222,-6.5914,6.1535,2.8671,-1.8792,-9.3129,-6.1291,-7.0575,9.7627,0.2677,-9.3052,7.6795,2.7615,8.1381,-7.248,-5.0595,7.9624,-1.6775,2.2691,-8.3279,9.1263,7.9804,2.1816,2.7935,-0.9516,-2.5393,-3.9374,-5.1542,-3.5995,-1.6404,6.5574,-8.9735,0.2497,-4.7341,1.4197,2.2448,-0.6607,-7.4862,-2.118,-6.6664,5.338,3.9044,4.9316,-4.9416,6.2936,-5.1869,6.143,-5.3614,-4.6908,1.4083,-2.1812,6.0149,-3.2414,6.2262,8.0441,2.072,1.2036,6.3704,1.5478,2.0048,2.5959,-5.056,-7.4331,-6.3458,1.8155,-5.3626,9.9613,-7.0832,6.0068,4.4989,9.0408,-4.8971,6.3024,0.4947,-3.6798,0.4974,1.2285,-7.4858,3.9095,-6.2281,-0.2709,0.7289,-8.9104,-2.2904,2.7165,-8.1773,-6.6181,9.2081,2.3931,6.7489,-0.7897,-7.2473,2.0227,-8.5451,-7.2425,-4.02,1.233,-9.3008,-2.2836,1.765,-0.0208,0.9801,8.7261,9.6671,6.811,2.0389,-3.3674,1.6652,4.5128,-2.0894,0.2978,-0.0276,5.4497,-7.7759,6.7712,-2.0029,1.7084,-9.5391,-1.237,0.8777,4.5372,-0.4447,1.3098,3.2331,1.6373,5.1338,5.3612,-0.4601,5.6868,-2.4571,8.0151,-4.5635,-6.9312,-1.0873,-8.4692,5.9227,3.5099,9.055,-2.696,-4.6453,-6.6963,-2.5555,-9.3937,9.2246,0.9082,-4.0333,0.2794
2.9907,4.6547,-3.1386,5.4854,8.9058,9.9175,3.2853,-6.1447,-4.1251,4.6863,-8.4093,6.9971,1.6572,5.9944,3.1709,-9.9117,0.7034,-6.0301,-7.6956,1.4067,1.2573,-3.2498,-3.2735,-8.074,9.0394,6.872,-3.9294,6.9078,3.6994,-6.6675,-5.6112,-2.3273,3.0375,0.4639,5.9293,-9.0678,-7.1919,2.8849,4.258,-5.8466,7.7241,4.1387,-6.558,4.1986,-5.4154,-6.7086,8.7055,-8.5056,-4.4133,-3.2099,2.5877,8.4325,-2.005,3.8268,-2.3311,6.8626,6.7233,3.6197,-3.6552,-6.7992,-2.262,0.6228,-3.0338,-4.3768,-4.7004,3.4462,6.7597,0.2037,4.3241,-5.8064,-7.8963,-4.0158,-6.802,-7.922,1.467,-6.299,2.4302,2.322,-9.978,8.1922,-8.033,-9.0523,7.8139,-5.5752,0.2584,1.3727,-8.2402,-6.7867,-2.5449,-0.8221,2.6046,5.7593,0.3303,-6.6818,3.1292,0.5558,0.7413,5.1688,8.0293,-2.9322,3.3308,5.5937,-5.0907,1.5193,8.7717,5.0863,-9.3945,-1.5804,-3.2078,7.6878,-1.2709,-7.8772,3.2495,9.1779,1.6016,-7.3328,7.2451,-4.6344,-5.9047,6.9433,4.8926,7.3615,3.415,4.2403,-2.6662,-6.8298,-8.0765,-5.4391,-7.8873,6.4206,0.7874,-0.5904,-2.4295,4.8949,-8.8791,-7.7921,8.8648,-7.4961,-5.868,-7.2875,-7.4137,4.3508,6.0153,2.1145,-1.8558,-5.2531,-7.6045,2.5886,4.1203,8.0193,0.8141,-4.0074,-5.2489,3.0609,-9.6958,2.9287,8.9315,8.8944,1.2946,-0.6896,-4.6562,-3.8943,-3.5427,2.7239,-6.8552,-7.8114,8.3488,-5.0137,1.0453,-7.9911,-4.8366,-0.3258,-2.9552,-6.1129,-0.5325,-6.6512,-6.4882,0.0755,-3.3168,2.2535,-3.579,-2.7376,-3.7144,2.4765,-3.755,6.1762,0.0761,-1.813,-8.7421,3.4966,5.9167,8.0731,-3.8709,-0.3664,0.3595,-1.4301,-6.7267,6.0583,-1.3756,9.0513
5.9276,-7.9936,5.1785,-8.3122,-3.5045,0.0097,-7.1957,9.0073,-9.3,8.9542,-8.4874,-1.9073,-5.0166,5.8144,9.0749,-0.8272,1.1765,7.9833,-4.0453,5.3488,-9.7105,-7.3143,2.5903,-1.2137,-5.9417,-5.5217,-8.6702,-7.2143,5.8174,9.4346,-7.2375,-2.8923,-4.2981,5.7932,7.6638,-6.9587,-4.0714,5.9175,6.5783,3.8768,0.0878,-8.3406,6.5449,-3.7778,4.9477,3.3913,9.149,-4.9934,-2.2171,1.1588,-4.8392,9.9886,-3.3925,3.8012,-9.9572,0.1908,-9.7311,6.238,-1.5325,0.6623,0.7135,-7.3184,-8.2557,2.3407,-2.3393,-3.6514,8.8455,-7.8766,-4.6678,-0.7319,-9.1295,0.2657,5.2785,4.6905,0.7578,9.3477,-9.1419,7.8314,-2.7129,1.0995,-7.069,-3.5278,-0.0301,-5.3456,-3.6812,-6.8096,-8.4017,0.0786,9.0472,2.0659,-8.5824,2.2251,-6.1075,2.2008,-7.3166,-2.6057,1.5517,-7.9682,3.8319,-4.1189,-2.952,4.4073,-3.7053,-9.6512,-8.3317,7.8193,3.0996,1.8794,6.6899,9.6024,-0.208,5.7565,-7.0031,-2.5272,-1.3076,-2.9313,-2.5646,-2.0378,2.8029,-9.9463,-3.1851,3.6191,1.8169,-1.1438,-6.7708,-1.3106,3.8577,1.4116,-5.2928,-0.9964,-1.8039,-8.3253,-7.6768,-6.1004,8.3566,4.2456,-5.4953,8.6808,4.4452,3.7248,9.5072,-1.1298,0.475,3.5931,8.6254,7.4737,3.5139,7.4494,-3.0837,0.5965,5.2717,-9.4607,5.3475,1.7522,3.9309,7.4753,-1.0043,-4.7333,9.2721,8.4404,-2.6088,-9.197,-2.5381,-7.7579,-9.765,-0.5388,-4.6299,-0.5017,0.5267,1.9415,-6.4781,2.6535,5.7174,0.9488,8.9883,0.0782,9.8991,0.7176,6.2299,8.5557,-6.6257,5.5708,6.4623,-6.2844,-0.8704,5.2622,-7.8957,-4.5023,-6.7081,-4.4971,0.1765,-6.5907,-5.4885,-5.9482,8.1183,-2.3039,-1.0344,-7.675,1.5189,-6.2329
1.1338,0.8582,0.4747,-1.2428,-6.9724,-2.9842,-2.5302,4.648,9.7564,4.2939,-1.0016,-4.2219,-6.5218,-7.1059,-6.9698,1.3541,0.2253,6.7005,-1.4845,-3.3287,-9.7569,-5.3275,8.0347,-6.7791,-7.029,-0.2508,-0.8056,-5.8303,-5.3238,7.4536,9.196,-4.9091,-6.8865,-9.3026,9.4198,-2.1226,5.4395,0.074,-1.1275,9.8655,-4.614,5.9548,5.3691,-0.9692,5.2976,5.7243,-6.3784,-8.86,-2.1743,-3.3558,-0.5179,-6.223,-4.4729,4.4412,-1.3537,6.8198,6.2651,-9.6883,0.4302,-8.1919,7.765,-7.0435,-9.6523,-5.9323,0.3506,-2.0763,-3.7935,4.4457,0.3659,-8.5279,4.7263,-2.8187,5.4851,7.2645,-2.9915,4.7478,-2.9191,-4.2753,2.6152,-3.0004,-5.6334,1.6432,-7.1191,-9.8823,-5.8792,-0.6544,-1.4,3.5729,9.3002,-5.6387,-9.6092,-4.7088,-2.2431,1.3486,7.0018,-2.4492,-1.9407,-5.9558,5.8828,9.4705,-2.7807,-2.0134,-8.5714,-0.7942,-2.7434,5.7953,-5.0193,7.5612,8.7711,-4.5412,5.5714,-6.5864,0.4126,9.701,0.9095,-2.0314,-4.4895,-6.4833,8.9812,-1.5063,3.9835,-3.8678,9.0486,-3.9601,2.6888,-5.3596,8.4882,-2.7687,-6.018,-6.2135,3.3769,5.2677,-4.1463,9.4302,7.6922,-3.2152,-7.5219,-6.5683,7.038,-4.9243,-3.8437,-2.7082,0.9353,4.8335,-5.2025,-0.7626,-1.2452,-7.7071,1.4037,-7.0935,-7.8984,9.308,-3.2427,7.8931,1.4987,5.6741,9.5169,6.7009,0.4221,6.1868,6.6206,0.6699,-3.3301,-5.1345,5.3564,8.7794,-4.7232,8.6194,2.905,-1.1055,-9.0022,-8.4698,4.0812,-4.5478,7.1851,-1.1186,-1.845,-0.4209,0.1674,9.4552,-9.25,6.7716,5.5533,-0.8796,5.8595,-2.4463,-6.3089,-9.8201,1.0376,2.574,-6.7643,-8.1957,9.7107,-7.4797,-7.2888,-4.5971,0.0537,-9.8561,-8.3518,6.1953
8.5016,9.5148,-1.9162,2.5871,-9.0366,3.0788,3.9519,1.2668,-4.0012,5.4653,8.043,-5.4137,2.7514,-4.8921,-3.7021,-4.1141,-1.865,-3.5972,-4.138,2.1497,7.2895,-8.643,-4.1434,-3.1333,1.9038,-8.1429,-8.9789,-6.824,-4.2875,-4.079,-3.105,9.3277,-5.507,-1.5441,2.3054,-2.1036,-1.5543,-1.6072,9.1018,-7.8071,-2.8597,5.2123,9.252,-4.6893,1.0212,-8.0061,7.251,-3.6364,-2.1595,-9.1075,2.8406,-8.6322,-0.8049,3.3456,6.9396,4.1772,-6.1015,-0.6833,-5.769,-0.8531,-8.2051,8.2282,6.6749,0.275,1.0041,0.6107,3.321,4.8294,6.0346,-4.1501,-2.7392,6.7917,-7.5976,-0.5984,-5.31,-3.1038,-1.7751,4.279,-7.5784,-2.7084,1.3592,6.186,2.9957,0.961,-4.4142,9.5175,4.6658,-7.8573,-5.6143,2.7454,1.0263,1.5294,-2.3129,8.9117,-6.5183,-5.9638,-3.4343,6.442,8.5706,-3.4345,-5.7589,4.2709,5.8248,3.6623,-8.1125,-1.8466,2.9108,-9.779,-9.8573,-0.9751,-8.6899,7.6642,-1.4526,3.5354,9.8266,-7.7124,6.6005,-7.2065,8.8793,4.263,-5.0887,-6.6582,1.5308,-4.1514,9.659,5.1694,7.4798,-8.716,5.4591,-8.3786,-1.3673,-2.6214,6.585,9.1333,-0.6258,-4.9475,3.1374,1.2459,5.9322,-5.129,0.7765,-0.3426,-5.4201,0.6472,7.155,3.6481,6.0479,1.0898,8.1773,-2.1857,1.8885,1.68,-6.8823,6.5017,8.0901,0.2689,-0.4683,1.1993,7.2691,-7.3749,-7.0151,-3.7704,9.9512,-2.7011,2.5346,6.8001,1.162,-8.2715,3.477,-1.1535,1.6754,3.8018,-5.5044,-8.7153,8.4749,4.9138,4.0606,1.2349,0.3768,5.2881,-9.2853,4.7751,8.6718,5.9192,9.3488,-0.5117,7.5087,3.8331,6.9398,-8.9363,-9.9736,5.5331,0.8571,-8.0173,-6.3366,-6.927,-5.6911,9.8766,0.7306,9.562
-6.0479,-0.5847,0.4445,6.4025,-9.5385,-1.1097,-5.4977,5.895,-1.1037,-9.9623,-8.265,-6.6049,-9.594,-3.5284,8.1178,2.8276,-5.2185,-8.075,-4.6485,5.8745,-6.392,4.8464,6.4049,4.0613,0.5403,-4.9925,2.9808,0.7853,-9.7647,9.5712,5.1384,-9.3496,-1.8977,2.1244,7.3906,2.4379,-6.0551,3.042,0.1679,-1.2286,2.397,7.9004,-8.6621,-2.0697,1.0695,0.8129,6.3778,2.1624,-8.6111,-1.811,0.7025,1.5991,-3.1751,5.8669,6.45,5.6039,2.6369,-1.9814,5.6184,-4.1468,-3.7857,-5.8185,9.003,2.3034,-7.9088,9.8822,8.7597,-2.8694,-2.5087,-8.1956,6.1528,-0.8702,1.392,1.9706,7.711,8.9349,2.4069,-9.8474,1.8853,0.3115,-8.34,-5.3316,4.1925,-5.7359,5.5398,-5.9415,2.9695,0.3566,6.9979,5.6802,-9.1965,-6.3879,2.9795,9.1464,-7.1989,-2.7141,1.1526,9.4745,-0.077,5.2768,-0.9005,-1.7448,3.4433,2.6173,-6.7832,-7.2951,8.7615,2.2525,-5.9216,-9.3274,7.3153,6.0746,-0.4279,8.2671,-5.484,9.4923,1.2807,-2.6197,-8.952,-8.2008,-5.8426,-0.6255,-9.5208,-0.2592,8.6475,5.5515,9.9248,5.3877,-1.1587,-4.4552,9.6591,1.2256,-2.645,6.44,6.9373,-0.0187,-1.0034,8.0615,-3.4893,7.7173,6.5016,-6.5083,-7.1754,-7.8328,7.9391,3.4919,-4.5582,0.2298,-3.3102,8.7505,-4.0305,-5.9988,-0.714,-9.9809,7.0313,2.895,3.7292,-3.5966,0.6372,-5.1554,8.1979,2.7978,7.3687,-9.6657,-0.6834,1.5745,-1.9211,-3.1169,3.5136,9.8209,-6.3218,-0.4827,-6.0898,-9.9021,-6.6061,-7.8191,-4.6926,-1.5327,7.8305,8.1616,-5.9885,-8.35,8.7539,-1.1654,0.7835,-2.9868,9.1503,9.0187,8.8342,3.9111,4.3276,-5.9912,-3.4002,-4.803,-0.0397,-9.197,7.4035,9.8669,0.9338,-1.8312
4.8849,-0.422,-0.4665,5.3668,-9.6411,4.5046,-6.8596,-1.6404,-2.4941,9.7456,6.2201,-6.5054,-7.0539,-5.0936,3.6351,6.8264,-0.4098,5.421,-5.492,6.5951,4.5687,5.3229,-7.3687,-8.0731,-0.1442,5.2068,-4.1615,-6.9182,-6.8823,-3.9404,7.5899,-2.251,-6.9256,-2.7775,-3.076,-9.2723,-4.4974,-9.1529,-5.5,-6.6216,5.7824,-1.2779,-5.4826,-0.1825,8.9871,-9.5961,-1.9406,-2.0503,-3.5527,0.3363,5.8717,6.9869,-2.5694,2.8198,-6.3861,3.9724,6.3511,-7.8155,2.17,-6.428,6.5613,-3.9631,-7.7212,8.8101,-5.1647,-0.0854,-7.7202,9.0782,5.6323,-7.215,5.2099,-9.0367,-3.3691,6.4283,-2.584,-5.6368,-1.8402,2.863,6.0769,-2.8821,-8.0702,7.833,2.2626,3.3458,-0.1498,-1.183,0.6698,-6.6944,2.6566,1.6917,5.1115,9.3767,-7.0996,5.2605,-0.9847,1.4342,-7.1301,5.0047,3.2118,4.415,7.6447,-7.9849,0.4276,-1.2045,5.8351,-7.7132,6.7455,8.6476,3.4934,-7.7025,9.7563,-1.4765,1.1618,-6.3032,4.0566,-2.5674,-4.046,2.9691,-4.1461,2.3029,1.6609,5.0043,-0.978,5.8212,-1.4987,-2.1906,-8.9847,0.7158,-7.0181,4.3864,1.0952,-7.0874,-2.4062,1.3953,-8.946,0.9515,9.0712,-1.4382,9.7837,3.491,-4.751,-3.4216,-6.0285,-8.9756,-4.1106,-8.1702,-2.4267,5.7869,-7.322,8.0018,0.8612,8.2153,-3.1392,-4.6316,5.5333,7.3116,8.0979,9.143,-3.4627,-2.115,7.8921,9.7232,-1.7597,0.3907,-0.5733,5.8999,3.9726,-8.081,-3.2327,0.4716,4.6165,9.0974,-7.2053,-5.6716,-9.8077,-7.9889,-4.031,-6.1529,6.4825,6.3669,0.4051,-6.6166,-2.5266,-7.9979,-4.6906,9.8962,1.281,3.6783,5.1087,-6.6986,7.84,9.4027,1.886,-2.5435,7.9745,1.6985,8.8652,0.4627,-4.4141,-8.6664
-6.9133,-3.4498,5.4086,-1.3923,3.5006,4.3681,-9.4404,-9.3809,6.1336,4.9586,3.492,-4.927,-5.1845,-9.6579,-4.7185,9.6525,-1.0403,-7.5954,1.0426,2.2972,-3.8401,-7.3718,0.1549,6.1787,-1.0903,2.8418,-6.5196,-5.8988,-8.6411,5.2552,-1.0361,4.5783,8.286,-8.9684,-0.8072,-3.6429,-3.9998,-4.122,1.5824,4.6244,7.5018,-5.1957,7.4737,1.1778,-7.4731,-5.987,8.6512,1.2969,-2.1873,-2.684,6.4048,5.5168,-9.4937,5.1828,-4.129,-8.2927,3.306,5.6369,8.2004,6.5355,-5.5297,-3.2939,6.7797,0.3694,-2.0288,-6.5985,-8.4844,5.7471,-4.9451,4.0173,-0.4541,-6.4545,-7.0831,-4.2187,-9.9704,6.5161,-5.4798,8.1455,-2.0337,0.9675,-2.3735,-6.3112,-4.5828,3.2619,3.0098,1.0835,-6.0506,-5.5698,-9.9993,8.9607,0.0338,-1.7535,-6.0812,4.0132,-8.4676,-4.2583,-4.5125,9.6018,1.6277,3.9296,5.8155,2.6339,-4.2452,1.7426,-9.5026,-2.1378,-7.5128,-9.2459,2.4863,3.5745,4.1893,-3.6269,-5.8233,7.8209,9.6166,6.631,9.2795,-6.2536,5.9054,-7.3258,-5.4212,-8.3088,7.1911,-9.4172,-8.0697,-3.026,8.8613,4.315,-5.2643,-3.5582,-4.6952,3.6186,9.3544,-3.7813,-7.4092,3.9799,-0.4597,3.9166,7.0605,5.1282,0.584,8.3182,-4.6853,3.6984,-1.1807,-1.8177,1.9694,-7.1435,-8.0853,-2.8693,6.2106,1.406,8.323,-2.4025,-2.9118,3.4578,5.9806,-6.0761,-4.8149,-6.0599,-3.8536,-7.4384,8.9442,9.4203,4.9085,3.7867,-6.0958,-6.8888,-8.3446,-8.1136,1.9341,-7.2034,8.1741,-2.2324,-9.3894,7.9641,7.8045,-6.8524,5.8868,-5.8846,-5.1599,-4.1067,3.5664,-3.94,-7.3544,-5.4538,-9.5434,-9.1623,9.6926,-3.022,4.2574,4.9796,-0.1502,7.2253,2.3349,8.0987,1.9989,-8.6704,-6.3541,-2.2635
8.0687,7.9495,-2.1474,-5.5166,-3.5391,0.3051,-3.6848,-8.6312,8.236,3.2199,6.7297,-7.3103,2.5112,-0.8223,5.2049,7.2891,-7.5158,2.7217,-0.8132,-0.5842,-1.9261,-9.2607,-3.9419,7.204,3.3955,6.1895,-1.5235,7.5642,3.1603,7.7244,-0.6351,3.6404,-6.1905,-2.7592,-6.9905,-5.9846,-1.8497,-1.9399,7.001,-0.45,-7.1783,9.1285,-4.0577,-5.6558,9.9008,1.4513,-6.1182,-1.9704,-4.769,-1.7781,0.1808,2.0188,-4.7039,-6.8447,0.6168,2.3325,-7.2114,0.306,9.1028,-3.7745,-7.2222,-0.7451,-1.051,-0.0207,-4.8378,3.8274,-6.0332,6.1912,-8.0019,9.9958,-6.3624,8.8039,-2.1619,-1.9465,7.3732,-9.5341,-4.9708,-8.3475,9.4413,2.4553,-0.4287,-2.2185,7.3747,-9.5517,-1.5587,-1.2495,-8.3418,0.4893,3.9453,3.4175,6.039,-3.2106,8.5127,9.7659,-4.3419,7.8388,1.0289,2.9208,9.7917,-5.676,7.5642,1.7786,6.842,7.1103,-8.2029,-1.6736,2.0769,-9.2375,-7.1607,-0.1963,-0.7065,3.5623,3.2163,7.9425,5.1349,-3.4991,-8.0347,-1.5449,-8.5994,7.4532,4.0867,7.2295,-9.1495,-9.1538,-1.5184,4.1631,1.1493,-8.9364,-1.4208,-0.484,6.4343,2.7634,0.6185,3.7821,1.657,0.4418,9.9008,-8.2653,7.271,-0.7918,0.8087,4.1349,-0.5641,-1.261,6.1307,0.8611,9.6207,8.1162,1.1499,6.7832,2.5392,-1.2347,-4.8834,7.8387,-1.1599,-0.0343,-7.0339,-9.761,-3.2857,-3.6982,1.4204,3.154,-7.9394,3.0763,-0.4105,-5.5441,4.4211,8.7929,-0.7753,5.1699,9.9963,9.2538,-1.3738,-9.8883,-2.0458,1.3401,7.892,6.9002,6.8749,-7.8636,4.2018,3.7373,4.2668,-5.064,6.5188,-4.4403,-6.3948,9.6515,6.8978,-0.8944,-0.7697,-7.4969,7.0978,1.2089,-0.8442,1.1188,-4.0119,0.1421,-5.5442,7.0682
-6.7372,2.5379,2.3964,-4.234,9.3144,3.4428,1.8474,4.9949,5.4454,-9.9363,0.3837,6.4367,-8.3758,0.6028,6.912,4.7976,-1.0173,-5.2724,-8.7147,6.3943,9.4675,1.5678,8.2135,-0.1364,-5.691,-9.2032,4.1842,-0.0332,7.725,-6.0949,7.5618,5.8117,8.9446,6.5056,-1.963,5.7739,2.8753,8.4845,5.4664,-0.8289,8.6381,0.5316,-4.7797,-9.3657,-2.5008,8.7555,6.6969,0.3903,-8.8388,2.7899,7.3688,-6.248,-1.8194,9.0825,-1.3564,5.7843,-6.3607,0.1725,-4.3108,-5.5609,6.3704,9.9891,0.3717,-2.4472,6.6537,0.9677,0.0728,-6.7952,-1.0816,6.4602,-1.6833,-6.4659,-8.7765,5.1487,2.1297,-3.8882,-2.2149,-3.3836,-4.004,-9.3081,-1.0527,7.1973,9.5714,-7.877,-6.5165,-1.5164,-7.292,2.4414,3.9155,3.9846,8.6475,-6.8523,5.6799,2.3823,4.9703,-4.5017,-6.2328,2.7033,-4.4327,7.2806,9.9894,6.9971,4.633,8.0733,7.5728,5.1033,1.1572,8.4488,-4.6276,-0.0715,-4.9525,-1.9485,5.2131,-1.3541,-8.1935,-7.3628,-6.3481,-3.3733,-5.6934,0.4104,-4.5058,-1.6755,1.0244,8.6488,0.8083,1.533,0.6487,5.3325,-7.2514,8.3266,-7.9696,-0.9529,3.8644,-0.3941,-9.4532,0.8025,0.3893,0.0187,-8.5417,-1.8113,-9.6763,-6.295,1.905,-4.8675,-8.1331,0.3936,-4.6857,-3.3401,-8.7488,-0.321,3.4618,-3.6596,-0.8632,-5.1167,0.7489,-3.9751,6.3107,-5.5407,1.3186,-5.6635,-9.2627,7.29,4.205,-8.8879,-8.6811,9.7014,4.4348,-8.3545,-6.5473,-0.2972,-1.9394,7.4835,3.1126,9.6462,-4.4314,-4.2844,3.2337,7.8489,7.4155,0.2344,-2.8032,-7.3297,4.3362,3.0457,3.4013,-7.0393,0.7713,6.9183,4.4248,-0.4977,5.9164,-1.5661,2.5347,4.1724,7.7612,-4.2255,4.1379,-5.6495,0.1273,0.1042
9.6902,-4.68,-3.8002,1.9282,-8.8946,-8.2114,9.4813,-6.0895,2.1095,1.391,2.6802,-0.865,6.2556,-8.1935,5.6252,-5.0872,1.4835,-7.3085,-8.0463,1.9531,-7.7545,-5.7262,-6.4948,4.0281,5.8652,-5.7686,4.2474,1.9007,-5.5252,7.1173,0.1386,-3.0641,1.2361,5.5183,-6.7405,-8.0849,-8.8367,-7.9604,9.8672,4.0527,3.3537,1.3222,-2.8178,-6.2104,-9.0498,2.2604,-3.4781,4.2394,3.8343,9.0771,-6.1057,9.0643,-0.0677,5.3148,-9.7838,4.2553,-3.1951,-6.7349,-0.1385,-2.598,3.9175,-5.6784,2.3226,0.5779,0.3719,2.7979,6.6905,3.7734,-4.0166,-8.1602,2.931,-2.5007,2.108,-8.6066,-6.7806,-7.699,1.4224,9.1483,-3.6265,-2.2639,3.2388,8.5813,-7.6386,-5.7701,-6.1855,5.9415,9.1328,-7.6728,5.7656,-4.5141,7.6695,1.6453,6.9449,5.469,-4.4206,1.9569,2.9929,-1.785,-9.1856,1.9246,-2.7171,-5.6086,-8.979,-7.9201,-6.4691,-9.2492,-6.6957,-3.9013,-6.7069,-6.3104,-3.0258,-3.775,5.0183,-6.4939,-1.2237,-5.0608,3.8452,-6.0243,0.0013,9.7522,5.6952,-7.4377,-2.1095,2.5397,6.3462,-3.6093,8.1941,-7.8024,-6.0702,-0.379,9.6803,7.362,5.6307,-3.6948,4.706,-8.2738,5.0775,4.2742,-0.1681,-4.211,-0.8652,5.656,9.7335,6.7547,2.2015,-2.089,4.7852,-8.6964,5.0738,-3.3017,2.9843,5.6313,-9.9433,8.6103,-3.0427,-2.3667,-7.9748,2.9467,-1.5769,8.8942,-3.6717,-9.9878,-0.2998,5.9956,-5.962,-3.394,8.5102,-6.4799,9.0376,2.0267,4.4327,8.8055,7.1246,-7.5517,-7.5974,5.4323,-1.5913,0.1389,3.9118,5.3581,9.2811,4.6577,9.5408,-9.5626,1.9346,-8.5903,9.4235,-1.5414,-2.1075,3.7312,6.1629,-8.2419,1.5436,8.1691,3.2948,-6.6294,-3.6016,-8.0236,-3.0653,1.7291
0.8001,0.7504,7.7442,-7.982,0.5704,-7.4211,-7.5058,2.718,-8.7532,-4.925,8.754,4.6379,7.667,-3.4961,8.3151,4.1499,-8.8621,2.4445,-9.3447,-0.0502,-8.3361,-9.6973,7.7756,4.8695,-5.221,4.9006,-9.8289,9.3158,-2.8368,3.8998,-2.4985,0.8396,-5.6021,8.3527,3.7748,-8.5877,-5.5917,-8.3526,-7.1333,-8.8884,9.502,3.1999,1.2664,3.2354,3.9924,1.321,5.8501,1.6102,-7.1348,-7.1557,-8.2817,-6.057,-9.1657,-1.3669,-6.0117,2.3943,9.3873,-4.3451,-8.4291,2.0227,-3.8838,-2.9609,9.8196,-2.994,-3.399,-5.8955,5.2003,1.9435,-7.7608,5.8903,6.8528,-0.0938,-7.0745,3.1619,4.9429,8.4887,-1.8724,-2.4138,-0.3324,2.1894,-0.2589,4.2476,1.6002,8.8197,-7.1545,-2.0483,-9.8755,6.3938,4.5656,7.8351,4.3949,1.0999,5.0823,-2.2658,-3.5211,8.9118,-5.5089,-6.7958,-1.2963,-8.6345,-1.3554,5.2538,-3.1325,-3.7349,-2.4486,1.0521,9.3721,-5.5103,2.5455,2.5938,2.8574,6.4019,-3.8722,-7.1403,-0.64,8.2357,-0.97,-0.0735,-3.4258,9.0605,-0.0859,9.5951,0.5829,9.0304,-0.7485,-9.6712,-2.8779,-2.9954,6.6131,6.9308,7.9511,-5.5823,4.4903,-0.508,-7.7934,0.8672,-9.607,3.7128,5.7486,4.3176,-2.6891,-1.5471,3.9263,-7.0919,-6.0991,4.3968,-6.8792,1.5556,-7.3404,-2.2008,-0.8257,7.0605,-1.7936,1.6245,-6.052,0.9379,-0.3631,-0.2632,7.4841,6.3738,3.2128,9.2295,4.0678,9.6896,5.8649,8.5392,-3.5656,-5.03,6.289,-2.5603,-3.6129,2.2242,-8.7302,4.9725,-8.3122,-7.6894,-7.1208,9.3732,-9.6129,-7.8799,-4.8291,8.0816,-2.8319,8.7935,-6.5864,-6.2203,-8.9668,-6.6251,7.7046,-1.3481,2.3691,-4.4141,-6.2898,-0.0007,-8.7826,8.4573,0.2207,-4.2505,-9.8094,-8.6559
-4.4618,-6.5427,-0.1945,0.0638,-7.3803,2.9958,8.5201,2.8627,-0.3817,-6.3305,0.5629,7.7413,5.5438,-0.5092,-0.1183,7.5462,-7.5522,-4.9588,-7.5557,4.9786,3.4985,4.9328,2.066,5.7445,5.7801,7.228,-8.4227,-8.7662,-0.2111,-8.2994,-6.2913,-0.8388,8.1652,-3.973,9.4051,7.6436,0.7545,0.0796,6.0015,-9.148,-4.39,-4.4927,-7.8952,-9.0847,5.672,-8.2973,-0.3591,2.3883,0.0755,5.0968,-5.8623,9.2247,-7.4487,7.2461,-0.8293,-6.6066,4.7526,-2.301,-6.2495,7.2214,-7.2652,9.5876,8.1863,-8.7735,-0.0749,3.3541,6.0301,6.3812,-9.3421,4.6125,-9.8021,7.9162,6.8158,-1.1032,7.5841,1.1286,7.3761,0.8232,-9.709,-0.0458,-3.6051,-8.4517,9.0033,9.4834,-0.7037,-3.0982,8.5361,-5.1583,9.7933,-0.3416,-2.7163,5.295,8.6303,6.2077,4.3434,-7.8637,-7.4143,7.2192,2.6976,3.7385,4.5071,-7.8283,-4.2494,4.9885,9.3897,9.022,-7.3659,0.9519,-7.8006,1.7701,1.9608,-6.1012,9.6627,-4.8912,7.4734,9.5088,9.4786,4.5156,5.3677,-3.281,-2.2239,9.3217,-8.4666,0.0054,-5.1092,-6.5397,-4.1385,5.7695,3.6077,-0.6102,-1.275,-3.4724,5.1979,-7.1118,-5.445,-1.2147,-6.5637,1.2191,-3.9059,3.7795,-9.7892,0.3239,9.7038,6.1537,-7.5642,-3.4599,7.3501,-8.605,4.1322,-8.4918,-4.9897,9.6704,7.7067,-2.1143,3.5094,-0.761,-9.1642,6.7597,5.7764,9.1965,-8.3442,-5.9448,-4.2124,2.3305,9.2029,6.5619,7.5993,9.6518,4.8136,0.0976,-5.7468,-3.7187,2.3637,8.7911,-0.5824,-0.0123,0.5431,6.4932,3.0209,0.0073,2.1791,-6.9245,-9.4758,-3.2993,9.57,3.1441,-8.3294,0.4469,-7.2172,4.0874,1.5559,3.561,5.1408,-1.7827,-4.9758,-8.3657,8.6935,-9.7163,4.7753,8.0759
-0.2886,-9.7954,3.5616,-5.3827,-4.074,1.065,-6.8015,-3.238,3.2749,3.8573,8.0464,3.2661,-8.5159,-7.7908,5.8183,0.9753,-7.0712,2.0589,-5.3768,-8.8181,-4.5767,-3.8774,-0.9662,9.1542,0.6627,9.5366,-0.3677,2.3417,4.4651,-5.3244,7.1595,-9.9356,4.2922,1.5264,5.7673,9.1053,4.5773,-3.5754,8.8191,-6.7263,-0.663,-9.2035,0.1248,2.4641,5.2558,-6.121,9.9265,-3.5984,0.8125,8.5858,1.2031,-4.0754,-1.6572,-4.9316,-9.6953,-5.115,4.5953,-8.8356,5.2007,3.2119,5.3136,-2.6669,1.6992,7.3947,-1.1207,5.6464,6.8302,3.7689,1.8396,-8.1511,3.6763,1.2914,-4.8748,0.4331,1.7281,-2.9351,-5.0757,7.2896,-3.7234,4.5904,2.7592,-8.3015,9.9758,-2.8206,0.4437,-3.6765,-0.1753,5.9789,7.772,-0.6162,6.6817,0.3152,0.1403,-3.038,1.5381,7.5733,-9.5952,-8.6141,-8.4021,9.919,-5.6725,9.4577,9.0048,7.0078,-0.8085,2.4416,-6.1723,-2.6369,-2.4214,-5.0986,-0.2978,-1.8773,4.3303,9.0445,0.4752,-6.7857,-6.1073,6.5949,-9.7563,-7.8661,2.19,6.9702,4.2672,-6.7393,8.5873,1.1089,1.8396,4.8647,1.2259,6.8468,-4.4844,-8.0334,-5.3126,0.6009,4.3537,9.0181,-6.4085,-0.309,7.3648,5.6573,3.1698,-7.1208,1.2004,-4.7875,-1.3909,-6.8682,0.7084,0.0798,-6.6221,-9.5936,-1.4647,-4.6009,-3.3572,5.5393,-6.3634,-6.5382,-0.3004,4.9691,1.483,8.0953,4.9765,-1.3802,-2.9646,7.6862,9.7367,2.6529,4.0584,-1.2582,1.8684,3.1248,9.8927,-2.7345,1.7565,-9.6109,8.0618,9.6005,1.7688,-1.9958,6.2397,-8.7207,2.0154,-2.8806,-6.1123,-7.2879,4.9882,0.6824,8.4363,1.2174,-7.6158,-2.7503,-3.2146,-0.8171,-1.4869,-8.1495,-0.3281,3.2508,-9.6372,-9.4438,2.3417,1.505
3.29,3.7946,6.8593,-1.24,4.8845,-6.6956,-9.9487,-6.4913,4.525,7.9576,-7.9783,-1.0901,1.4503,7.7898,-5.6515,3.1159,6.7068,-8.6748,-5.6628,-7.2942,4.195,-4.2062,-8.6185,-8.134,3.7045,1.6141,-3.345,8.285,-9.4781,-5.3416,0.9839,8.9992,7.6855,4.572,-0.404,-1.2807,4.1895,3.5588,-2.0948,7.5713,6.2154,9.7021,-2.0926,-5.7675,-5.9543,2.8432,-5.9926,4.7885,8.9533,-9.4521,7.5265,-5.4147,1.0342,-4.6628,-3.9008,6.4797,-4.1775,6.7111,-3.636,-5.371,5.1795,-4.037,-9.5062,-5.2338,6.2484,2.3931,-1.9561,0.4958,-6.2324,-4.7226,-8.3116,-4.4144,-4.795,-1.2656,2.8954,1.3246,5.1775,-4.6333,-6.4799,3.8376,-8.4998,-8.0046,4.8185,6.981,-9.1073,-4.1294,-2.121,-2.2954,8.0459,-4.8493,9.765,-3.8227,-8.9812,-3.2364,-0.2928,2.876,2.8469,-4.287,9.2001,-8.8893,1.8521,2.2556,-3.3497,5.2674,-4.5834,-5.3178,3.2118,1.5318,4.7968,0.0976,-9.1895,-2.4757,0.3721,8.3712,-1.8339,-9.4232,8.4179,7.4073,1.7951,1.7127,9.2752,-6.9942,4.2788,-6.3762,-9.3772,-7.3735,-7.4843,-9.7697,1.8048,4.0563,5.9123,-5.5869,-1.9352,-3.4389,-1.9258,9.3117,-1.7902,-1.1058,7.0634,0.374,-1.4051,-6.8372,4.3178,3.7491,7.9194,1.2855,-7.3069,6.7106,-8.2398,-3.6871,1.9021,0.4142,3.6729,1.5798,1.3801,1.6063,-3.4534,8.21,-4.0537,-0.8893,8.1385,-8.0449,0.3337,-5.8452,5.3825,-1.3188,8.2575,-2.4867,8.7322,-1.5482,9.9682,-4.6248,0.236,1.7984,5.7221,-7.9949,4.2334,-2.5774,-2.2875,-7.3848,-6.2056,2.6317,-9.3571,-9.8945,8.2549,-9.9872,-7.2833,-0.0276,-5.594,-1.9024,2.6548,-4.515,-7.8073,-6.689,-7.622,0.1552,-8.0004,-2.1621,-6.861,9.8294
7.0452,5.8041,4.3128,8.9067,-4.9971,8.391,-0.8173,-7.6699,1.3151,5.2468,4.7045,-1.7156,-1.1399,3.4084,-2.8325,6.4133,-1.8709,-5.7998,-8.445,-6.7892,1.3397,-7.4855,-2.2534,-1.0308,-7.6059,-0.009,4.9663,3.8322,-7.6751,-2.1031,-5.7508,-9.5219,5.0565,6.5441,-4.5961,-5.1349,-3.7851,3.215,9.3074,2.1845,9.8974,-2.3595,-8.2005,2.289,-3.8061,5.2712,-3.5739,-0.1212,-1.5861,4.9527,7.6397,-6.7239,9.8961,2.969,5.7411,-7.0332,-4.1357,9.8668,-1.408,-7.347,-3.9843,9.0293,-6.3995,2.6639,2.8663,-2.129,2.2998,0.1123,9.3142,5.2856,6.8952,-8.6475,-1.7483,0.8407,-0.4752,-1.532,8.9563,3.6619,5.2392,0.839,2.2325,8.1108,7.1054,-6.6819,2.8471,3.7094,-9.314,2.0844,6.5409,-5.196,-3.9936,7.2611,2.4651,9.2838,8.3845,-9.3471,-4.4372,-6.2235,-5.9811,4.5285,2.5363,3.2599,6.1881,-7.3726,-3.1287,-2.7619,-7.5841,6.7049,6.7993,5.708,-7.2177,-3.7885,-5.4301,8.0134,0.5887,-6.5416,-6.0277,-4.6532,4.1585,0.6345,6.1036,1.7711,-0.5664,1.4741,6.6543,4.1533,-0.1702,5.7304,-7.4597,-9.9653,3.0341,8.2466,-5.474,-5.0678,7.8332,2.2158,4.4456,-0.2694,9.1147,2.397,-8.5575,-8.6905,2.5918,-2.7071,-6.5118,-3.5132,9.374,-4.6251,6.4696,-3.1785,-7.8247,-4.6874,-4.768,8.7423,-7.2444,-4.4134,0.4818,-5.9248,-2.1867,-6.9324,1.8067,-3.3304,1.5541,-6.7194,6.5344,1.9382,-7.8188,-0.9623,8.7512,-2.1237,6.3096,-3.7253,-7.6779,6.7923,-9.2877,8.7834,7.8875,6.1158,-7.2758,6.2713,8.448,-8.9444,7.2949,7.6464,-8.0908,2.3697,6.3358,-9.7299,-3.9033,9.7369,-5.662,-6.7329,9.7078,-5.1277,3.1998,5.3793,-9.8641,0.657,-8.8685,7.8225
-6.0468,6.158,-9.7587,-2.207,7.5831,8.7122,6.8452,7.8246,-2.6222,4.1451,-4.8779,8.0645,-8.9066,2.7937,-3.3282,-3.1907,4.1376,-6.454,-2.3556,-8.9581,9.4466,1.9639,-7.0078,8.4464,-1.5973,4.9934,-5.3639,2.9059,8.7668,-5.4339,-9.537,5.2128,1.6637,3.4735,0.4427,0.0283,5.685,-1.3901,0.8894,-3.4685,5.0288,1.0055,5.4026,-8.8822,-4.0334,5.3859,-5.4304,-6.4906,8.3911,4.4629,-0.7424,2.2911,7.1962,-4.5345,-5.8134,1.6893,-5.0491,-4.6207,7.5118,-8.2496,0.5345,-2.4868,2.2538,-6.7059,1.6957,4.7732,-2.0577,-5.5214,2.341,9.1129,9.9896,-7.5673,-9.7192,1.7001,-4.0823,5.7239,6.9797,-3.1685,9.342,-3.6773,-7.2097,-2.7627,5.8034,8.1736,6.047,7.596,-3.4056,7.1745,6.6696,4.0341,7.8691,-3.5494,-1.098,-5.1138,1.1666,-8.9087,-9.4289,-8.2855,-5.3908,-6.7488,7.2429,7.656,1.213,-3.5974,-4.8517,-0.7649,8.4735,3.1644,7.8667,2.7246,-5.5293,-6.0928,3.5039,1.2888,-3.1707,-4.6076,7.8276,2.0968,9.602,0.0097,0.5169,3.2735,5.0985,8.8916,-9.8522,-5.8484,-2.4058,2.0962,-9.6772,7.3017,3.4229,3.1087,4.9861,-3.142,4.3808,-5.152,-5.3243,7.261,-6.0024,7.0043,-0.1851,-8.481,-7.0671,-4.059,2.6249,0.6279,9.8139,9.7794,-3.9225,-2.4025,-9.6852,0.8964,-6.9644,-1.9653,-4.2709,1.9803,-5.1795,-1.2744,-0.2969,-0.8004,-0.9398,-2.9248,-3.4035,-3.9381,2.0309,-0.9925,1.3717,6.5463,-2.8253,-8.7748,4.6254,-2.861,-1.5505,-9.1203,-9.3001,-5.6976,-3.5384,4.2025,-8.2153,-2.5549,2.2089,7.0244,-2.8751,-5.6367,9.9604,4.7863,-2.7654,1.0395,6.3357,-3.2563,-4.4986,-9.5336,-4.3642,6.9843,7.9442,-4.0616,9.5319,9.8786,-3.7769,-9.5381
4.6836,-8.5869,-8.9806,2.6553,7.8639,-9.1243,4.4546,4.918,-5.4134,-6.3806,9.5828,-6.2764,-3.816,-5.4445,-4.3949,-0.5001,-4.2994,-5.6674,7.5096,-2.071,-1.874,-3.6751,-9.4671,-1.7719,2.0477,-6.5948,9.7639,9.638,5.4631,2.562,-6.5549,0.5928,-0.2466,-6.0138,5.324,-5.5136,-7.7928,7.914,7.2129,3.6195,-7.1144,-9.4218,-7.235,3.6655,-7.5758,-0.6197,-4.3031,-8.8555,4.6751,8.3059,-2.8455,2.9649,-8.7745,-6.5639,-9.6522,7.7172,-8.0613,4.0792,-8.464,5.7771,9.8232,4.1944,-7.9281,-0.9882,-3.1336,0.0283,-8.5746,8.3763,-5.1505,4.0369,-0.4715,7.3223,4.3667,9.8431,6.9306,-4.6614,-9.9255,-1.2095,-3.3171,-8.685,2.3575,9.8011,-2.7312,-6.9233,-0.4515,2.2476,8.8172,-8.1234,-8.3928,6.3754,7.3464,3.2427,6.1661,-9.3905,8.4334,3.2206,8.3676,-0.4873,6.6671,8.1741,-7.0899,-9.9484,-3.2043,-4.5335,-9.3895,9.3974,4.4203,-6.2516,9.6182,-5.6242,6.5046,-4.0567,-0.9405,-1.4918,-0.7325,0.6884,-9.4873,9.172,1.2176,-0.2391,-5.9735,-4.5398,9.2921,-8.6161,5.4714,9.5271,1.5297,2.3654,1.1662,-0.8929,-2.1252,-3.1778,-9.8721,-7.7433,5.7207,5.6877,-5.6371,3.3776,6.0546,-4.0954,6.9881,-5.9431,0.2786,-6.3624,-8.4483,-9.5988,-5.2165,-0.0407,5.6834,-7.2677,4.8412,-7.7546,-3.8742,1.6882,-3.3486,-2.853,8.7076,-1.2778,0.3419,4.408,-4.8527,9.9528,-9.2694,-9.7662,-5.1937,4.8122,3.5001,-6.0494,-0.0739,-3.6227,-2.2247,0.7888,3.0434,-2.2187,5.9247,-8.6147,4.3351,1.6492,4.1005,7.5161,2.9977,-3.9711,-4.8719,-3.5124,-7.5847,6.755,-6.9663,-7.2813,-7.8367,-0.9126,8.1692,-8.6613,9.8684,7.6382,-0.0541,3.8521,-7.4013,4.3858,6.8392,-9.5866
2.9746,-8.1296,-7.5456,-6.1806,-7.3407,6.3484,-9.5162,-9.1022,4.5502,-6.0396,8.7615,-3.4237,7.9766,-2.2059,-9.3699,9.7433,8.4546,-2.5342,-6.4427,0.9069,6.0511,-3.0677,-0.1075,-2.7702,-0.6429,7.2833,-8.9841,-9.372,3.4685,4.0877,-3.6834,0.3185,-3.4046,-9.2808,8.5446,-5.4866,2.2418,-5.8954,-9.4806,6.9905,-4.9768,8.1543,-3.4386,-9.1215,7.6904,0.3044,2.9044,6.1284,-0.2364,-4.5912,6.4749,1.8584,3.8315,-4.4759,7.4657,-0.0501,3.6499,0.7047,-8.5959,-1.0849,5.7474,7.508,8.0678,-2.7496,-5.3844,-7.9505,9.6656,2.6394,-0.7167,4.3244,-6.5861,1.9716,3.3598,-5.4064,-3.0231,-9.715,7.5173,-2.4062,-2.6625,-2.2812,9.9868,0.5615,0.5016,0.3115,-7.4982,0.3095,-6.4769,0.0057,3.1261,4.0725,-4.6101,-9.2071,-1.108,-7.4365,-6.7126,8.8686,4.4925,-8.8915,-2.7197,-8.7596,4.7024,8.2716,9.5844,-7.0983,4.5871,-8.0691,8.0936,-7.4746,-9.7175,-6.0885,-7.3626,-7.3553,5.2489,2.9204,-9.4758,-2.2262,-0.0997,-2.0321,-6.7184,5.1188,-2.4642,-9.0222,8.065,-1.1435,-2.1993,2.4073,-5.2164,-1.3717,0.5291,-3.3309,5.2522,-9.1222,-0.8634,-2.9196,9.9759,6.8145,7.1344,-1.8233,-6.9607,6.6866,1.8013,1.1736,9.5784,-5.4001,5.783,-9.8353,-8.6553,7.9511,0.784,-0.3052,3.8856,9.8901,0.8918,-4.742,-0.5371,-6.6531,-2.9892,-4.258,2.3291,2.2292,5.6903,3.8944,7.2473,-9.5295,-0.9303,-8.0596,-6.1701,2.2636,6.7142,-3.9864,-9.2782,-4.2549,-5.9807,-0.9899,-9.4265,-5.8091,-2.8641,3.5219,-8.8692,-8.5256,-8.4745,-4.1923,-9.6665,9.9849,-3.9733,-4.1076,1.2086,-0.0919,4.2189,-0.9052,-7.2972,0.9589,8.0097,-9.9144,-8.5587,9.2767,3.5174,3.3732,-9.8504,-3.225
0.9276,-6.5657,-7.9106,4.5821,-6.3458,7.7943,0.2529,-7.6821,1.2511,-2.7033,6.5096,7.3583,-6.5885,-2.4629,-7.6811,0.9017,4.9741,8.914,6.9618,-1.9623,5.0842,6.461,1.4956,-1.0509,3.5612,-6.308,-4.0706,-9.3492,9.3277,-3.1637,-4.7308,5.3381,-9.7428,-7.0417,-7.7698,2.6325,0.7641,9.7268,-8.9005,8.0921,-3.0412,-1.2168,-3.8226,7.5344,1.5199,-5.8017,-6.7455,7.295,3.1986,-0.2386,1.1611,7.192,-4.7846,-3.9929,-4.6524,-1.2454,9.2981,9.9224,0.4433,6.5784,0.2663,-7.6387,-7.3503,-1.6704,-2.2028,-8.2481,-5.2847,0.0476,-4.5084,-8.8492,-4.0271,-9.0345,0.1378,2.8596,-8.0273,4.4782,6.0919,-4.4687,-3.4612,8.6176,6.782,2.2988,-7.0384,-2.6861,-8.9261,-2.3177,-9.0056,6.8809,-1.1874,5.8524,-6.8051,-0.2733,2.4218,7.1587,-8.2049,-6.0966,3.191,0.8849,3.8341,-3.8375,1.9333,-8.2085,-2.376,2.7205,-7.5912,-3.1689,-9.4725,0.7246,5.1462,0.2438,2.35,-1.6679,-6.0047,5.4824,-2.7976,-4.5445,-0.3172,-1.7401,-6.8283,2.2904,-4.2419,-8.7122,9.7301,7.7946,7.8455,-1.4341,-0.1639,-4.2959,4.6697,-4.2157,-2.744,7.092,-7.277,-8.0989,-2.3442,0.6824,-0.4505,-4.9062,-6.2115,-2.6539,-7.5005,0.7773,4.7709,-8.7906,6.8544,-4.6761,5.55,-6.5383,-8.7547,-5.352,7.3732,0.6698,6.149,1.335,8.7712,-4.9545,-8.5923,-3.8459,-1.1086,-3.362,0.9856,1.3059,-3.6265,8.2042,-2.5513,0.3447,0.2088,7.488,4.4972,-4.6242,3.8912,-5.9383,9.6914,5.7746,-8.2195,7.0638,1.5617,-6.0803,-8.8405,-2.5414,1.8538,7.7859,9.1693,-3.3187,-9.0114,8.9044,3.8144,-3.8038,8.2274,8.4957,-2.2147,-9.7501,-6.618,8.1814,-9.4538,6.9203,-3.8238,-6.2031,8.2429,4.1711
-9.1924,6.8053,7.43,-8.5805,-4.5097,9.8627,-0.4833,-5.0563,-8.5331,-9.7145,-4.4396,1.5914,0.8314,-4.8707,-8.4385,-5.7936,1.3416,-9.6076,-7.2509,5.4582,-9.5078,1.1305,6.6006,2.7207,3.847,-7.3592,-9.0029,0.9672,5.8491,5.6922,-8.7544,-9.8013,-7.7912,9.5583,-6.7764,-8.3401,0.6516,8.9747,-3.2887,-3.2966,8.933,3.46,-8.8547,0.9189,-7.9073,6.4888,3.7411,0.7863,6.3383,-5.8631,1.8861,-4.8059,-6.6422,-8.7485,9.7899,-7.6411,5.5188,3.8785,4.2731,-1.9732,-1.7126,-2.8023,-8.1398,-9.3081,-1.6251,-0.327,-7.1388,0.8101,-7.4427,-3.7678,-4.7426,0.9526,4.1495,-5.0443,-6.4826,-9.6244,-6.5549,5.9942,7.0724,6.9226,0.3215,2.659,-2.364,4.0165,9.6172,-4.0325,-7.2912,0.7551,-6.9199,9.4966,5.0505,0.235,3.5675,-3.3094,4.3361,-3.184,6.1558,-8.26,2.3549,1.8557,-9.2603,-4.8942,0.5901,-7.0029,-3.6497,-4.0661,-7.7017,-3.8469,-6.3335,6.0699,-3.7237,7.3182,4.0246,9.6913,8.6445,5.8749,5.1441,3.0475,-7.5732,9.4042,-7.3141,3.4158,-7.1387,-7.5826,3.9568,0.3007,3.3884,6.1992,-8.2441,7.1723,-8.3999,8.008,3.1923,-0.3091,-0.7338,-9.5903,-2.3787,-7.779,2.455,4.1841,8.9398,5.2902,9.4147,-5.4465,3.7789,-4.8489,-6.6361,0.1811,0.1185,8.809,2.3832,-2.0735,2.7854,-8.0649,8.2218,-4.0672,-5.78,-0.954,0.7387,2.9438,3.6666,-3.3336,2.6237,-5.3939,5.3733,-0.1957,-6.4705,-5.6779,7.1374,9.4685,7.0334,1.706,-9.5338,-9.2178,-0.0551,-0.2322,8.2492,-3.4609,-3.1144,-2.2481,0.7238,-1.0223,5.9626,-2.0775,8.9971,-4.8978,0.6524,-1.3909,-7.1914,9.6086,4.1528,-0.7747,-6.6669,7.5263,-2.8107,-3.752,-9.668,7.8406,-0.9912,3.3571
-2.0819,9.5373,-6.4195,7.3816,2.518,6.2566,-1.218,-7.3189,0.3899,4.9996,-1.6447,6.137,7.0938,6.2253,-1.0123,-2.545,-0.4698,-3.0157,-5.9556,-3.6342,-0.158,1.8033,9.6834,3.6374,-2.7387,-7.1545,7.0937,-3.5506,8.8411,-6.1224,0.5221,4.137,-6.4395,-7.573,-3.5215,9.6444,-1.6554,-3.3513,-2.617,9.9131,-8.18,-9.665,0.9972,3.7769,-7.6877,-8.0259,2.1369,7.5624,-3.4243,-1.6408,-8.5744,7.4658,-7.8869,-2.7582,-6.6208,-2.4937,8.6689,3.5251,-5.1142,8.1619,1.335,1.5682,-2.8872,-6.0411,6.059,7.7311,-6.0458,-9.2722,1.0086,8.6889,-3.2947,2.5218,-7.0244,6.0919,1.4973,1.2922,-0.2465,3.8164,-4.7927,7.4479,3.3843,0.7266,9.1697,2.11,8.7973,-6.5655,-7.355,-6.3062,6.7734,2.0781,9.8836,-6.6491,1.2484,-7.6203,7.4942,6.9307,5.8828,-5.2663,-1.0658,7.284,2.7073,-8.1335,6.1436,-2.36,-7.8006,-0.9965,-8.8963,-8.5816,-2.2524,6.4002,-8.6929,-1.5428,1.4785,7.54,1.5782,0.5382,-0.9649,0.9287,1.7275,9.3516,-0.6196,-6.5504,-1.7632,2.9924,-3.9949,5.6988,7.8594,2.0002,8.7938,-7.8916,-2.3225,-8.259,1.7194,4.3712,-7.2152,-9.2392,9.3176,7.1085,-6.2115,-1.6412,-8.8667,-3.8874,-5.6497,-0.9274,-6.9526,9.8489,-7.7761,4.5337,-3.8157,7.7468,-8.9034,6.4446,-5.0552,7.3175,0.7238,-8.7696,-7.3315,4.6731,-0.0269,7.7171,-1.7766,8.9636,-4.6854,-3.6108,0.1489,-5.2676,-3.5954,-4.2453,9.3811,5.2146,-7.7714,-7.5398,6.1376,1.2043,-5.9058,-0.7541,9.2486,4.9424,2.9496,5.2236,8.9696,1.8297,4.6178,-0.4578,5.7882,3.0731,-1.1656,9.0126,-3.9358,8.4315,-6.0076,6.1284,0.7301,1.6038,-5.1782,-0.7039,-1.1142,6.882,4.5905,0.4816
6.7576,4.2132,9.6235,-5.7758,-2.8567,2.4725,8.157,3.9798,1.3502,-4.161,4.0638,3.6386,7.1286,-1.1096,-7.5714,-7.3258,6.1525,-7.7737,1.1774,-1.3843,-3.8575,6.4525,-8.1017,1.3963,-2.5125,-8.3002,5.1798,-2.184,-4.6366,5.4398,-6.6348,8.7277,-5.142,-0.5756,-3.8295,2.4949,8.2158,-4.0041,-4.7741,0.9359,-5.4281,-9.4924,5.7665,4.7345,4.5963,2.786,7.738,1.6687,2.208,6.0379,7.291,6.7531,3.5025,-7.3943,-1.8358,-0.9933,3.1053,4.1732,1.2963,-8.6415,-7.0163,-9.0827,8.2531,-7.4705,-1.5696,-7.432,-1.5654,-9.5635,0.8299,2.4072,4.7648,-9.9061,8.8096,-3.5003,-9.8156,3.5627,6.1489,-0.7328,5.9346,-9.4811,-6.1372,-0.8214,-0.7776,3.8411,-0.6901,9.5364,-3.2367,-8.9316,5.4578,0.2041,-2.8645,4.961,-9.2545,6.0348,-8.3726,-4.8029,0.963,-8.6622,1.058,-8.7392,-8.196,-9.7104,-5.8538,3.7131,-6.653,-8.4101,9.6635,9.3037,-5.2697,-7.7769,6.8681,2.6474,-9.6027,5.4978,5.9171,-9.9327,-3.0437,-2.7095,-8.5102,-0.1756,-6.9903,-9.7101,-9.3332,2.981,6.5301,-7.5178,-6.4763,1.3168,-2.3405,-3.0497,-0.8828,0.6014,5.9751,6.0636,2.5302,-6.5903,-6.7818,1.9624,0.7564,-4.6785,2.7721,-0.4628,-3.6359,4.8299,3.6312,0.7953,9.0212,3.1613,9.56,0.418,0.9278,-2.5273,-8.7911,9.3302,1.5499,-3.6124,-8.6318,-7.2048,9.4253,-2.5824,6.483,-5.797,-8.1491,6.4862,3.6679,8.742,5.7569,0.3888,3.361,6.4275,9.1978,-3.0093,6.561,-4.1677,1.6891,2.4069,-9.9586,3.1965,0.0544,-2.8556,4.4025,3.3735,2.8262,-1.2545,-6.6685,3.9353,9.2458,5.4889,-4.3138,-2.4584,0.7274,8.3434,6.9953,-4.9213,-4.3965,7.1777,3.924,6.1265,-8.9774,3.6661
7.8529,0.8673,5.1411,-7.7667,6.3875,-8.9418,0.4201,-6.0107,9.9767,2.649,9.9361,5.0034,-0.2678,8.2091,-4.7881,9.516,-7.0068,0.2008,7.469,2.3675,6.185,1.7577,-0.3029,6.0116,-2.556,3.9209,-8.8307,-4.4422,8.9199,-1.2286,2.8794,-7.3063,-9.4405,-2.0908,-6.2913,-1.5853,-2.394,1.8345,4.8785,-2.3261,2.2832,-8.2781,-5.2557,6.4245,6.0639,-4.6645,9.0927,8.4612,6.1623,-4.2868,-4.0726,0.979,-5.0569,2.1308,-1.3525,-2.2965,4.4992,1.0102,-6.0519,-4.4154,3.0711,-9.5927,9.5107,-0.9536,7.3657,6.8396,3.8942,7.0454,-6.2984,4.7566,-1.5228,5.3162,7.5532,-3.4146,-2.6673,2.3337,-4.0312,3.539,-4.3039,-0.4169,9.7084,1.415,0.8562,1.0177,2.082,0.905,-4.0681,-4.1044,7.8718,-5.0361,-5.3132,-7.7759,5.5879,1.7518,-7.3892,2.7081,-0.2269,-0.551,-1.9084,8.7083,-7.9118,-5.6874,-9.314,8.8494,-5.1127,-8.8441,8.0264,9.1746,5.3437,2.8156,-4.7613,-4.3728,-2.0053,1.2522,-0.8035,6.6461,-0.2323,3.921,-3.0972,-2.6054,6.1872,1.8239,-0.6006,-8.5901,8.4164,1.5466,1.7382,-2.6471,4.4055,-1.4023,-5.1035,2.7662,2.3224,-6.9684,1.1171,8.2347,-1.9368,0.5173,-6.2767,4.3435,-5.8519,2.4743,7.1252,-0.6686,-4.177,7.1376,-6.6774,-3.4538,-9.0475,-1.2948,-8.5196,-3.0764,2.809,3.2298,7.7479,7.5264,5.5347,-3.0738,-9.354,-1.4293,-1.4774,-8.2654,-9.7545,-0.7749,8.1115,0.8918,-3.8105,-2.8617,9.2109,9.91,9.1734,8.9982,2.3592,-2.5434,-5.93,8.0787,0.5205,4.2999,-1.074,-9.243,4.6726,4.8477,7.2862,7.7199,-6.4667,8.3932,8.0223,2.1438,-8.9001,9.1811,4.2651,-7.6277,5.6272,0.1945,7.6821,-6.9206,0.2664,7.5879,2.8117,-2.105
-4.8544,4.5899,-2.1396,3.2307,-1.9819,-0.3447,-7.9282,7.3574,5.4865,9.4445,0.9602,4.7459,-7.9629,-3.0891,-6.0245,-5.1891,-6.5812,-2.1707,-4.2055,-0.2668,7.5515,-7.4436,-5.3943,3.8313,-6.8304,-3.6196,-3.7683,9.4296,-2.3928,8.601,-4.5101,-7.2963,1.7504,6.0931,2.1179,-4.0457,6.3515,6.9012,-0.5886,8.3639,8.4535,2.8925,-5.0755,5.643,7.5924,-3.5213,-7.3195,-1.1335,1.4768,-0.2441,9.8602,6.3218,9.3544,-6.3482,-5.2589,-9.6438,5.2627,4.0796,-2.3415,-1.6623,-1.8985,-7.255,-0.7215,6.0585,-1.4153,-4.2205,0.8824,-5.1262,-6.8821,0.6788,2.3577,-8.1845,-2.4486,5.088,6.3288,-4.0338,3.8869,6.4018,1.4506,5.1457,-7.1756,4.7393,4.9783,2.7442,-3.461,0.9218,-6.3145,0.6946,6.616,1.7169,-4.5752,-1.4995,1.1384,2.0931,1.0593,6.7395,-8.8069,2.1325,-0.8075,-6.9926,-8.8969,6.7879,8.5786,1.6068,9.9054,-4.8968,-8.5227,6.788,-4.609,1.0611,-3.6337,-3.1829,7.8586,-0.1257,-8.8371,2.4928,9.4843,-5.3299,3.8097,-1.3977,-4.3757,8.3611,-9.1992,8.6887,-8.3159,4.1651,-9.9667,7.5901,4.705,-9.1551,4.0416,3.7467,-0.8297,8.0123,8.2848,-0.1762,-9.9898,4.302,1.9979,0.7491,-0.5318,-1.7563,-1.3586,-8.2277,-8.1629,-8.4843,-5.2121,-8.9934,9.8996,4.3406,0.0848,-3.9938,7.7514,-3.7853,9.5279,1.8067,-3.9213,-8.2533,4.0767,-7.1795,-3.109,9.7176,-8.841,-7.2918,-1.3606,-8.5627,2.5109,6.8568,-0.5708,1.2024,0.4127,-2.0706,8.6207,-8.5461,6.1688,5.2568,-0.4199,6.0408,-9.3809,-3.668,8.3506,6.4577,9.0228,3.5427,-7.3375,9.2069,-0.6241,9.8767,2.7388,5.8134,-4.8831,-2.6407,-9.9561,5.5142,-2.6459,-8.7069,-8.5263,-3.9195,9.658,-9.7396
-0.7394,4.8559,-3.8277,-2.1327,-3.1933,-9.0278,-9.1121,5.6384,6.3243,-4.0563,9.6853,-8.4585,3.2805,-3.4313,-0.7269,-2.5331,-9.2087,7.0424,5.9165,-8.794,3.5281,-3.0631,-6.3168,-5.2457,-8.1538,-7.0328,-0.6026,6.441,0.8699,0.8644,6.1771,7.309,2.5238,-0.7998,-5.3467,-7.4814,2.5048,7.4647,7.5686,-1.5307,-6.7312,8.1592,1.6286,-2.6449,-7.583,2.3973,-4.7086,3.4934,5.1224,-5.2615,-3.6612,-0.5393,0.6991,4.1786,-8.5932,4.8649,8.3688,2.9024,-3.9037,4.653,-3.6238,-8.49,-5.3042,4.7875,-2.6229,8.9671,6.0503,-6.507,6.4056,9.4698,6.2597,4.9092,-6.4409,-7.1868,-0.4776,-4.6538,-4.1099,-8.2649,-2.1963,-4.3901,8.0724,7.7298,6.9815,1.577,0.6495,-6.5967,-7.6029,-2.2915,-4.2826,0.2206,-6.4474,4.9055,8.9809,-7.181,2.5962,4.8516,-0.3016,3.9346,-5.9822,2.9096,4.2971,4.5519,-1.0825,-2.913,-7.6865,-7.169,5.8378,6.354,8.7159,5.5986,7.6755,-7.0038,-7.5379,0.5576,8.8803,7.4264,-9.5387,7.6726,-6.941,8.3592,1.9735,1.0003,-3.8667,6.2187,-5.881,1.9909,2.982,-6.2173,2.0633,2.69,-2.222,4.8374,2.3638,2.7814,-2.5609,8.9442,-7.6326,7.8307,6.6318,-5.335,-9.8958,7.3115,-5.6954,-7.4376,5.4886,2.5069,2.5108,-5.0039,9.1741,7.6358,-8.2125,9.1442,-3.3225,9.2812,-1.3809,-1.1435,-6.127,-5.4974,-5.3353,2.8897,3.0374,-0.7526,-2.2663,0.4589,-1.5,-7.1337,9.4548,2.8639,-6.1218,-5.2319,7.8495,-6.1875,2.7852,2.097,0.2066,-7.9445,8.9748,-8.4462,5.1786,3.5197,-2.7829,8.6978,-6.0771,5.5066,7.7048,-5.1161,6.1142,-4.3658,-4.3516,5.8685,-2.2457,0.3403,0.3578,8.7376,6.7138,-4.8812,-6.8861,-9.0004,-1.4063,8.8114
1.4029,-1.8533,2.9347,-1.063,0.2579,3.8423,7.7519,-0.6193,-3.0387,8.5674,7.3453,6.6033,-6.3021,6.0007,0.2102,-6.6325,8.3804,-8.9722,-2.959,7.5731,8.9218,9.4502,-3.4232,3.3365,-4.0701,4.7867,2.308,5.7227,2.6446,-6.5485,-7.7783,-1.2627,6.0698,-6.646,1.7596,1.6306,-5.6388,-4.4155,4.0666,9.2898,6.3407,4.3752,1.2641,-8.4211,0.8088,4.3239,-5.1191,-5.5626,1.3891,7.0099,9.2854,-5.5829,-8.9808,-1.1242,5.8091,3.124,-6.3984,-9.1172,2.915,-0.6885,-7.4736,-1.9587,-5.4496,5.7953,-9.8829,-6.3848,-8.2379,-4.3602,6.0292,8.4367,-0.6035,8.6819,-5.5487,7.2983,1.6492,-8.6393,7.5567,-9.4651,-2.9977,2.6108,5.49,-8.3977,-4.7253,5.3672,1.5325,1.1884,1.9931,-6.6598,-0.1855,-7.8427,8.5712,6.7499,-9.1182,2.4957,-7.9606,8.4951,1.1404,-3.3791,-1.7763,-6.6252,-0.408,9.5469,8.1841,3.5374,5.3994,-0.1013,-9.6225,-7.4441,5.0848,4.7776,-3.2192,2.7169,-4.8314,-9.4427,3.4909,1.0068,5.4335,-9.6122,4.6311,7.0657,-5.6313,-5.3784,-1.2145,-2.2065,1.3457,-9.0701,3.9183,-0.3108,9.3197,-2.7037,9.2971,-0.6058,-0.8625,3.0984,-3.9367,0.2269,0.2805,7.3493,6.8956,-3.0298,-5.5434,2.6981,1.7152,8.9533,-3.2548,8.6838,-2.2234,-9.3607,-3.6642,2.5182,-5.5493,-7.4264,8.1971,-1.9005,-3.7892,-3.014,-0.5415,3.2794,-2.3179,-9.0678,-3.5466,1.8001,-6.3772,7.2887,-2.7352,-0.6884,4.704,-4.5823,8.1109,4.0092,6.166,0.0052,-2.4176,-7.3947,-9.2842,-8.1178,-0.4145,4.1931,8.4152,9.9389,-0.1316,-4.9214,-0.4336,9.0682,1.3524,4.4524,-9.4187,-9.2692,7.2519,1.1469,-6.6362,-3.4541,3.8657,-9.1477,-2.5001,-6.6683,-9.7018,-2.9616,-7.6222,-3.8041
-7.6273,-1.2737,-6.2547,-3.2716,6.7051,-4.6308,-0.6193,-0.4368,-0.856,-4.3035,8.6266,-1.9866,-4.0066,-9.6383,3.554,-7.1681,-1.5059,-4.0925,-7.1752,-1.8956,4.7019,-5.0374,4.1544,-5.9512,-5.6932,9.8605,-0.6879,6.3473,-6.7063,0.9397,1.6238,4.2794,5.6169,-4.5883,2.6008,3.8647,3.7724,-5.5763,5.8084,3.2738,-9.1728,1.6445,-9.4216,-9.1857,-7.7672,4.2511,-1.3536,3.266,9.8515,8.7152,6.0195,-4.0245,5.4522,-2.6114,-6.408,4.6179,6.6717,4.9566,-2.5359,4.0543,-7.0603,3.1854,-7.098,-8.922,-9.528,9.4019,-9.6355,-1.7812,5.2534,0.9596,-8.1391,-7.864,-7.0071,-5.9168,7.0715,1.2387,-3.7169,-2.3276,2.4291,7.3101,-0.9192,4.3137,7.0454,-2.9196,-0.6191,4.5027,6.3863,-2.9343,5.9676,5.6668,-6.6385,2.8328,9.3875,-3.9721,-0.5066,-4.0,4.1831,-9.2086,8.0167,1.1748,-2.2231,-4.9591,2.3714,-3.0521,7.7267,4.2362,-3.4467,9.743,8.445,-4.7212,-6.7017,0.5436,2.0556,-2.1204,0.5613,-3.5563,0.4972,6.1897,-8.7929,-0.0246,-7.8495,1.1676,-4.8738,7.9491,8.2051,-3.1977,-0.6737,-4.0591,-7.4913,-5.3031,8.176,1.24,6.072,-7.8359,4.7614,-2.1504,-0.0579,6.8573,-8.9257,-0.0533,6.0725,-7.3764,3.2098,8.4402,-3.9583,-9.2256,9.2882,-6.5151,3.505,3.5663,6.865,2.9368,-3.095,-7.126,3.6449,2.6995,-4.8081,-5.0861,5.5438,9.8583,8.7656,6.9364,-7.2763,5.032,0.8122,0.6314,-7.6657,-7.0447,-5.2786,-7.5613,-2.0479,9.4266,9.8385,7.3694,1.9931,2.9589,9.6713,1.3903,-9.9268,1.9242,-9.8914,6.1317,6.5408,0.3676,-6.3945,-0.3326,6.4687,4.4713,-5.2431,-8.1265,5.2406,0.2202,-4.9018,3.7044,-1.1508,6.5804,-2.3628,8.1638,4.9684,7.8214
2.6864,8.6972,7.402,-9.8389,9.6938,-3.0936,3.0614,0.8263,0.7157,-2.8908,-3.4817,-2.9306,3.4741,7.8002,-0.988,7.0696,-7.3428,7.3644,-6.5681,5.3553,0.6862,-8.7286,4.9049,8.9796,5.9497,-4.4863,6.5721,9.2918,1.9538,5.8729,3.8915,-8.4004,-7.7727,-0.7823,-3.9467,9.843,-7.8952,8.6913,2.9397,7.6426,-9.0355,-3.5882,-4.81,8.6202,9.8437,4.7519,1.147,-7.1067,3.8588,3.1294,9.0994,-5.8409,4.5691,-5.2762,9.6833,8.8521,-2.9379,-1.497,0.0995,-6.8671,-4.0167,3.5135,-1.5719,3.0234,5.4936,-4.2571,5.0498,5.0736,-5.9687,-9.5306,7.2264,6.883,-9.0792,-5.3529,-2.5382,8.6116,-9.1853,9.4718,-4.5277,-1.294,-9.9414,-7.4172,-5.8069,9.6411,9.6705,-4.8726,7.5723,-7.8436,-1.6129,0.4031,-6.9734,2.206,-0.3001,9.898,-5.1526,8.9961,-2.1923,8.8599,0.7056,-0.7369,-8.8842,4.5789,-6.7254,5.0576,2.4058,7.0621,-0.628,2.2482,-1.4128,0.8907,-2.0483,4.497,1.2361,-5.7033,8.8778,-3.2357,3.2946,-1.3311,9.5411,2.4604,-2.2458,0.9716,9.1961,3.6158,-1.8322,-2.665,-5.7839,-2.0821,9.4053,4.5556,3.7868,1.176,6.4398,9.8608,8.3211,-6.3518,4.6968,0.742,1.8336,0.9313,8.2831,0.8245,-8.1259,6.1562,-3.0663,-8.944,-1.5424,6.3475,0.1864,-8.9669,8.9452,6.2515,-4.5605,4.3722,9.3355,-6.2056,8.4732,-6.2333,-5.2324,-0.9556,-9.7399,-0.1062,-3.7672,-8.6713,-0.3206,0.4506,6.4182,9.9303,8.1621,-6.3805,7.2095,4.8706,6.4429,-4.8441,4.6255,3.6737,0.0798,6.6582,-4.4486,-1.9755,-1.9945,1.4051,-9.3991,-0.5705,-8.1279,-7.9322,5.314,-3.4441,-6.5249,5.7447,-6.6768,-2.3146,4.8796,9.6145,4.1917,3.752,-5.3048,3.5479,9.1619,-8.9195
-2.886,-5.2577,-7.5147,-3.6404,1.8091,-2.6188,3.9765,2.0517,-7.6499,-6.6847,-6.7569,1.6321,9.0538,0.8697,5.9856,0.5443,-0.0597,6.6268,-4.9613,-7.022,-7.8825,2.3697,-5.5965,-8.0505,8.0942,-9.8602,3.6255,5.3932,1.4343,9.1262,7.5896,7.3153,7.6342,3.1884,-7.9063,-4.2014,6.3943,1.7753,-5.8481,7.2877,2.7472,-6.018,5.3199,-6.9822,-2.4309,0.5906,-1.5997,8.3026,-6.9607,1.1989,-5.2243,-4.8915,7.774,1.0151,-3.4237,4.9499,7.2422,3.2142,-9.4697,-1.1494,3.5984,4.7993,9.9265,-8.1909,4.6955,1.4574,-9.0705,-7.2406,5.8059,-8.1841,2.8207,-2.1258,8.5796,0.9678,6.1068,-4.191,-7.7629,5.7124,8.2924,-2.3747,6.3982,-8.8364,-3.0998,-8.994,-7.151,3.2422,1.4616,9.1096,-1.4307,2.3556,7.3889,-4.4055,6.232,3.555,7.9844,6.5061,2.1971,6.9049,-1.2482,-5.8916,-5.9782,-1.3439,-0.1737,7.9245,7.386,-0.5734,-8.6506,1.6674,3.0599,2.9495,-4.1062,1.5155,8.2134,0.7115,3.0472,-8.4823,-0.4536,0.2129,-6.3951,8.4329,-6.3165,4.4234,3.9369,2.5536,-7.9943,0.8237,3.5313,9.255,2.3261,-5.3171,7.6847,2.7112,9.7085,2.222,9.2096,-3.7433,1.1859,-3.6327,-7.9399,7.7971,7.7766,-8.8373,4.0225,0.0534,-5.3082,4.4635,0.6884,-9.6832,-0.2607,-1.7651,4.2608,-4.1308,4.5298,-7.9042,9.4684,-5.9272,5.0588,-1.7249,-1.3825,9.4256,1.3333,5.3678,5.8877,5.6116,-8.1321,0.8776,7.5247,3.2329,-4.7563,-1.421,-3.9201,-3.298,-1.1293,-5.7865,2.6052,-2.9742,-9.6334,-6.0515,9.7344,6.2676,-0.1634,6.7342,-3.7224,-2.879,0.4181,-5.7091,6.3731,-0.6133,-8.0443,-5.3587,1.3372,2.082,5.2895,-1.9559,3.5982,-5.4321,2.2488,-2.2668,5.6312,7.939
4.8271,2.5171,-7.4475,3.0028,0.8259,-9.4173,-7.5016,-3.1234,-0.3571,8.4288,-6.0685,-9.0125,4.7091,4.5416,5.6067,5.342,2.0941,0.0423,-7.5047,7.1202,4.6501,6.3361,9.9912,9.4545,-4.881,7.1123,4.2043,7.9752,9.3576,-2.622,-0.394,-7.1048,-9.8549,6.6775,7.8086,-7.5011,-7.1196,-7.1147,-3.4959,8.5309,-1.4097,2.566,-4.21,-8.818,-1.077,-0.7785,-1.4261,-5.3819,-2.3156,-9.3729,6.2961,0.7542,6.9573,6.8044,3.7448,-1.4742,-6.0156,-1.0703,1.4595,-1.1741,5.4532,7.9707,7.5632,-0.8627,7.5923,-0.2895,-3.0511,6.8778,3.803,-1.3947,-3.632,-7.5773,-4.7915,-8.6551,-2.0178,-2.528,-1.0988,2.0115,3.5706,-0.7747,6.3575,-4.8713,-9.5883,-4.9808,-8.8474,4.6105,-1.2558,-0.1477,-9.5836,-5.3631,-4.3144,0.3731,-1.7568,-1.0807,-5.7712,-3.3602,-3.3301,-1.2538,7.8641,7.5196,9.4334,7.9482,1.4773,-1.3054,-5.764,4.5898,3.8737,-1.897,9.8568,-9.4222,3.4273,-5.6224,6.6728,2.6229,4.8835,-4.7804,1.6234,2.8082,4.3699,3.486,-4.7957,3.4255,7.7575,9.3928,-2.7227,-1.8117,-3.4595,5.568,-1.2726,-9.0877,4.7743,7.6587,3.8245,-9.1647,-7.08,-4.8509,-1.8226,7.246,5.2336,-1.024,2.3292,6.1681,5.0188,4.6356,-8.0291,4.8024,7.8972,-9.2466,-4.2342,8.4495,-2.3233,-2.5447,1.8813,0.4416,6.5516,-9.4339,3.7686,-1.9959,-0.9025,-0.137,6.0069,1.2571,-5.0606,-3.5748,6.7956,-2.0857,4.6256,2.5211,-4.2588,-6.2495,3.7791,0.3802,4.8466,4.4868,-2.9617,9.952,8.4929,-1.0268,-2.9495,-1.2639,-7.2123,1.9933,8.6351,-6.1131,4.2801,2.1235,-6.6236,0.0383,9.641,-3.9195,9.0819,0.0011,8.2717,9.0948,-2.8008,4.5879,3.1152,1.3797,-5.3263,1.4624
-7.9554,4.7589,8.714,-4.0646,-1.524,-4.2852,-1.8734,-2.607,9.5931,-9.5798,3.6084,5.3849,-6.7705,0.5908,-3.4636,-5.763,-2.4513,-7.0375,5.4478,-9.6971,5.2585,-8.4276,-1.1447,-4.7679,2.7617,9.2882,-5.941,2.9861,-0.1293,5.5952,1.0164,-0.581,6.2902,9.1151,8.9959,-7.8386,8.2254,2.7337,8.7448,4.2624,-6.0592,4.8902,-7.1422,-0.4251,-6.745,4.2218,-2.3248,9.8762,4.308,8.9059,9.6669,6.7614,3.0777,2.1501,0.4531,-4.6657,5.2455,-4.0369,-3.688,3.9047,1.0027,6.1914,-1.9269,2.2819,-4.8788,4.3449,-0.0077,-9.6041,5.7403,-6.7111,-4.9712,5.4327,-5.5096,-3.3734,-4.1478,-6.477,-4.3844,-4.6203,8.1088,1.2622,-7.255,6.4726,-0.1655,2.3646,-4.1969,1.223,2.957,-3.1018,7.2029,6.1517,4.9038,-6.9133,-2.7815,-9.6069,-2.0947,-2.1436,-6.5144,1.5912,-4.2884,9.7113,-4.1419,-3.3524,-7.4441,4.7447,1.9212,-4.7389,-3.6954,-5.9581,-6.16,-4.917,7.5025,-9.6581,-7.3803,-7.2765,2.6699,7.652,-4.0577,-1.8479,-6.6267,-5.522,-0.6735,7.5103,6.1103,2.2398,1.075,2.9652,-1.8105,-2.3395,1.2338,-8.8697,8.1107,1.5241,1.3212,-1.5463,7.4546,-8.2004,0.6236,-3.5355,-5.4989,6.521,5.0525,3.5806,-6.6294,4.2604,-3.2277,2.6129,0.6013,-4.3097,-1.7805,-1.9061,0.2491,6.2912,-0.2506,8.8486,-1.0513,6.2842,-1.4491,1.5987,-3.9319,8.9751,-1.2331,-5.0905,1.4521,3.4525,4.9812,-7.8454,-7.0868,-4.6662,0.5897,-2.1543,9.7432,8.5677,-7.4609,-9.2877,5.8512,5.1263,4.7109,5.916,6.1385,-1.428,-3.3256,8.5517,6.6164,-8.2475,-2.9069,-9.9263,-3.5851,4.0815,-4.9304,-7.678,-6.9752,-7.4451,-3.7528,2.1832,-9.8868,5.8389,-9.2345,7.6952,7.8254,-1.7655
-1.8749,-2.6372,-1.6452,-4.9274,2.3529,6.1189,-5.6561,-0.4185,6.5103,-2.2728,-2.0122,2.7004,-2.0878,5.2107,5.9889,-5.1254,5.92,-4.6512,0.6054,6.2377,8.0988,1.5998,-7.9145,2.3633,3.8063,6.7193,-9.7521,0.6134,-1.255,5.2806,-4.7872,9.0458,0.3979,-4.8892,-5.3686,1.4023,-4.1275,-3.829,7.3861,-4.9815,-8.0255,-6.7475,6.2604,2.3631,7.7113,9.8298,5.1138,-1.879,-1.5886,-5.9903,4.5501,-9.8273,9.7281,9.7489,2.5686,1.5307,-4.339,0.8107,-1.4043,-9.4223,4.9665,-8.2007,-6.6276,-2.1548,6.1795,9.5379,2.9822,3.9175,-3.915,-9.5322,-2.5739,8.9919,-4.2504,9.0765,4.1192,-9.2484,5.4772,-1.4347,-8.4128,8.7328,7.4213,7.4807,5.4826,3.1463,3.5612,4.7515,-0.5339,3.3194,-5.289,-9.5972,3.5281,2.3643,-0.8754,8.6257,3.5042,-5.9331,-7.6358,-0.1145,-0.6134,-6.3172,-5.0972,9.7993,-7.7125,9.3446,-7.1325,3.7637,1.6942,-9.6439,1.6853,0.2304,7.3745,0.2061,-1.5859,-4.9762,-9.2653,-2.5914,-3.0222,3.9227,-3.1706,-9.9151,-0.3633,0.8158,0.8496,-7.1393,-0.2665,-9.0235,2.4872,2.0386,2.9731,-4.2433,-3.9933,-7.6009,0.5055,-7.0868,3.607,-6.4065,8.7064,-9.8097,-7.9614,-7.9917,1.5458,-7.8985,6.3359,-2.1233,0.0243,-5.8336,9.1271,7.0482,-8.6541,-2.9673,-9.1051,3.8033,-8.4717,-9.7877,-1.8527,-8.8597,0.3876,-0.9079,-2.07,7.1196,-4.9372,2.843,-5.3135,-2.691,0.9979,1.215,0.0875,7.0004,0.4248,0.6245,3.6763,1.8428,8.446,8.2726,6.7452,8.7404,-7.7677,-6.9269,-4.4606,5.5873,5.9086,-3.1734,-1.4354,-4.3135,-0.1204,-9.1994,-2.947,7.6049,-2.3284,-1.6686,2.6564,7.6897,8.4243,-4.7877,-8.3794,5.188,-2.937,-8.0979,7.258,5.1947
-8.5678,5.5806,3.8656,-6.7425,-0.5539,0.0257,-4.1588,1.1027,5.5825,-0.4311,-1.8389,4.6365,5.8165,-9.2739,-1.5149,-1.9957,5.7653,9.2201,-1.1572,-9.5469,-2.1238,2.9473,2.0506,-0.0394,5.3196,0.2672,4.7752,-9.1504,-8.0822,-0.8768,7.5868,9.604,2.2837,5.2137,-2.6753,5.6543,6.6729,-1.5768,-4.0196,5.9182,-9.5693,2.1108,6.2157,9.2054,3.1629,-5.5464,7.2336,0.6396,7.8491,-9.7392,3.2536,2.3686,-7.1088,7.3891,-3.0974,-8.071,8.2342,5.3925,-7.3483,3.1559,-5.1378,-3.5565,-2.7804,2.4344,4.5487,8.6169,7.4963,7.7896,7.7876,-2.9022,-1.1479,-6.5003,1.2654,-2.0788,9.4267,-9.1576,-0.2926,6.4384,3.1239,7.2857,9.2478,5.4147,-1.5938,-6.1954,-3.9803,-9.884,-9.4658,3.1555,7.5896,-2.9262,0.7125,9.6852,6.7486,7.5105,-6.1878,3.4079,-0.9876,-8.9976,4.449,-4.8975,2.2957,-1.4654,-7.273,2.0753,5.6111,-4.2512,1.8391,3.548,-0.1043,6.6299,5.9038,-5.8896,-4.5934,4.1959,-4.6045,4.8155,1.2989,-8.9053,-8.5944,-9.257,-2.1346,-0.6816,5.4645,7.566,9.0411,-0.0077,4.922,4.132,-3.971,-1.3779,6.3109,-3.0595,-6.7186,-6.7725,3.2852,1.9668,-6.7486,-0.8825,5.6134,5.3357,-1.9999,5.0162,4.1103,7.6215,2.6331,-1.3668,-4.9436,7.8913,0.4809,4.9383,-6.1178,0.8442,-5.6425,-0.3518,-7.8857,0.4012,-1.41,3.2365,-5.7147,4.0067,8.5574,3.6355,1.5768,-0.2893,3.9701,9.7768,3.564,-7.4625,-9.0219,-8.2055,-9.9306,5.037,-2.1317,-5.3338,2.4603,7.7844,-9.1678,-5.7001,-5.9447,-8.9262,-7.5447,-3.4234,0.1554,-4.5352,9.0783,-7.4843,5.7943,2.0632,-9.1639,-7.4848,-1.8757,4.2311,7.7228,-8.5725,3.4489,-1.9613,8.0222,1.3569,1.8641,7.2338
-4.6883,2.0363,-5.546,6.7696,8.0329,-2.1412,8.6907,9.4376,-5.8354,2.1757,-4.635,-5.1149,-1.8507,-3.1189,-0.604,-7.6817,-1.9201,-8.9451,4.8041,-3.2815,-2.1876,-4.41,-5.6981,-3.0372,-9.2576,3.2251,0.9617,-2.9004,-4.208,6.1045,-5.9586,-9.7194,-6.9424,0.5702,7.5241,2.9786,-8.5672,5.5345,-4.7778,-0.4235,2.6233,0.0593,-3.2891,-8.3126,-8.4631,5.1308,-6.4635,8.0908,-8.2275,-4.5587,0.6335,-0.6016,3.2253,5.8787,2.8705,-5.864,-7.9388,8.0134,-1.3157,4.0307,3.1223,-0.6923,-2.3053,3.1405,-7.0444,3.325,3.9955,-0.062,4.7324,-4.3744,6.3495,-6.3571,1.2803,4.2708,1.7999,-9.883,-5.915,-7.1061,-7.5486,4.7859,6.0462,-0.0312,5.8146,-0.3728,-9.249,7.1974,3.9186,-8.6005,6.4133,8.7278,1.7359,2.3882,4.6558,-2.795,-4.0721,-6.1139,-9.7232,-5.3653,-0.8795,-0.5305,9.3611,4.0549,0.7189,-5.6716,-4.7364,-6.7738,-5.88,-3.6489,2.6559,0.6273,-2.9384,6.345,3.0534,-5.8166,-3.4288,1.6863,7.1345,-8.6316,5.3053,-5.1191,1.3261,-4.4543,-8.5632,-9.3102,0.3521,6.6691,3.9859,8.9631,0.3807,-0.1909,-8.3077,3.3158,3.9057,-3.2051,-7.9447,-0.5932,-9.0988,9.6726,6.7896,5.6333,1.1468,-8.5034,5.4304,-8.1996,2.5956,3.0602,-2.4027,-5.5509,-0.6601,7.3655,-5.6398,-7.5771,9.3922,-6.5222,-4.8946,7.2178,0.3463,1.9537,3.2866,-4.0188,-6.7387,-1.4655,9.6859,-5.9116,9.6653,-1.9439,-2.9834,-7.8413,-8.7767,-8.6906,5.797,8.0644,4.6332,4.5252,-2.2403,-4.7971,-1.5745,-2.4934,-8.8694,-5.5925,-8.5348,0.7839,5.2398,0.1357,1.5002,7.1698,4.9447,4.8665,2.2436,-1.5836,-8.9634,9.0127,0.9819,-7.8757,-7.7915,4.1213,-8.5567,-8.948,2.6495,3.0012
0.5887,1.7339,7.0874,-4.1553,-6.9884,6.0428,-3.2611,-7.1482,5.5382,2.6032,6.6392,-0.3669,0.8198,0.7283,9.4487,-3.0606,-8.5796,-7.3067,-6.5269,-9.5344,-9.2098,-7.8739,6.9366,-5.255,7.1981,-6.8695,8.6361,8.1035,8.0128,1.8877,-3.2997,2.9663,-5.4137,-7.7642,7.1741,-7.1144,-4.5018,7.3376,6.2924,2.4349,-2.9463,-8.9569,6.0379,-7.9775,-1.0631,9.6669,2.3091,-9.3425,-9.8542,5.4358,-1.8176,-3.8735,0.2867,-3.2374,5.0647,3.6432,-4.1235,8.803,9.5193,1.4143,-4.5815,0.7969,4.7085,5.9609,6.9487,5.3291,5.7822,-2.6608,-2.8374,0.2841,6.9452,-0.5329,1.3907,-3.4663,-6.562,7.9098,-4.9176,0.5663,9.5562,0.2134,-1.6574,-4.2259,-4.1757,6.6157,-0.6799,-4.6208,5.6594,2.6897,1.1263,-3.9756,-9.3562,-0.144,2.9526,-3.7536,0.5671,4.5107,-5.5937,-3.7204,6.4809,-1.8868,5.0976,6.2066,-8.3292,3.4814,-3.2813,6.7514,-6.4053,7.6839,-7.6642,6.7092,-4.5404,-8.805,-5.507,-5.1109,-2.15,-2.5511,-4.0076,8.2565,4.6009,-4.597,-3.8972,6.0367,-9.9109,4.8659,0.1637,7.3662,9.385,-8.5627,-2.567,-3.07,6.8884,3.4583,7.4851,-3.7837,-7.1928,3.5883,-4.9435,6.7737,4.7851,-1.7096,-6.2938,-3.2531,1.1731,-0.6424,1.7981,8.8663,8.666,1.4403,-4.4244,-7.3624,-8.9797,-6.5443,0.0856,-8.3605,-8.3486,2.5064,-6.2684,-1.9075,-4.5979,-0.9349,6.3303,6.6162,-9.8324,-4.7116,2.4671,-0.1224,9.2791,-2.5995,2.4106,-1.4518,0.9854,-7.6217,-0.1145,-3.0536,-5.8457,-1.4137,4.8531,9.9727,7.1115,9.4646,-4.1197,3.9134,5.8279,-5.1465,2.6143,-7.1056,8.9449,8.9565,-6.8724,3.8658,9.521,-8.5341,5.7777,0.0884,-3.2529,-2.9563,-2.761,-6.2241,-9.4394,0.99
-0.0413,4.1835,-2.0103,7.6704,4.6573,2.8709,-0.403,-6.9295,-8.9689,4.1112,-7.9996,-7.8335,-4.0066,8.3635,3.7482,4.0481,5.2238,5.7995,9.9039,-8.3085,-7.8566,9.4143,-0.6018,7.9959,0.8216,3.8784,0.6773,8.7571,-7.7391,-8.2823,7.6697,-6.4595,8.082,-9.9538,9.2816,-7.1792,-6.6772,-5.8083,6.045,-2.6693,-1.0531,-3.0676,-2.375,-1.9021,5.3229,1.3404,5.7627,1.4327,-8.9132,7.3104,-5.7686,-4.721,-1.7315,6.3147,-4.2026,-9.3577,6.4738,0.7738,-6.6246,6.9022,7.6585,-0.4372,6.9716,-2.4627,7.7644,-3.6636,9.0998,4.8986,5.8233,9.338,4.3986,-6.3251,7.6687,1.4972,7.6599,-4.7872,-6.4425,-9.6642,1.1851,-8.3573,2.2797,-1.4133,9.1686,-6.4581,-1.0045,9.3208,6.7466,-4.4993,8.8541,6.3746,-8.9959,-7.7654,5.8223,7.5136,8.0066,3.6647,1.8219,2.2605,-2.5961,9.5804,4.5066,-4.9999,6.6752,-4.4821,8.821,3.0886,-3.3843,-0.3789,-1.4294,5.7541,-1.8926,5.6082,0.447,8.6527,3.1516,-1.9964,-0.7401,3.6683,6.2108,-3.9913,-6.2398,-4.6964,-1.7794,-7.9591,9.8067,-3.206,9.7522,5.0919,-7.2896,-5.7689,-0.6367,4.1413,2.2477,2.0811,4.1523,-2.643,2.4168,8.6912,-9.8325,4.1277,-3.8314,7.84,7.9889,-9.7554,9.467,-9.8275,-0.667,-6.7811,1.4684,-0.6605,-2.3667,8.0487,-0.3804,-6.5534,3.2165,-0.3404,-5.725,-5.5798,5.7622,8.6356,0.428,3.6323,-7.4909,-0.9781,-0.8422,-6.9324,-9.455,3.4596,-2.616,-2.3825,9.0617,-6.5741,6.003,7.9724,4.7936,-3.1718,-2.6522,-7.2506,-9.0843,-4.388,-3.4446,-6.3915,5.7794,1.0761,-6.8405,-8.8884,9.5416,2.458,-9.8537,-4.6305,3.1988,7.3211,8.1536,2.7398,-9.1457,-8.1796,-6.6364,-3.4698,7.2108,7.7668
-2.8336,-3.8231,-0.4451,-4.2818,8.7164,-1.7021,7.6222,-9.564,-4.9128,2.4045,6.0322,-2.8937,-2.3764,4.6053,-6.1469,-9.1547,-7.1716,4.604,4.343,-7.2657,-6.6585,7.7819,5.2793,-1.2515,0.8826,8.2275,-5.1584,-4.7375,2.8688,-2.0759,-3.5233,5.2362,-9.8912,-1.2814,-4.2066,8.9231,0.0679,5.8485,5.2081,6.8981,-7.6566,8.6052,-1.3686,-6.2096,-0.8654,5.9401,1.4156,2.4254,-4.14,7.1841,1.6161,0.2249,6.1642,0.201,-2.9995,9.3067,-4.8442,-5.4968,3.7055,-1.9861,-7.1742,-6.5108,0.9078,7.1213,9.9421,5.7701,-6.0175,3.5636,-6.0232,-6.8188,-6.6208,-6.8022,-8.7257,-2.2186,-3.9785,8.349,7.1897,-5.3675,0.2647,0.4868,-1.9931,-1.3675,-8.3679,2.1716,0.1677,-0.2731,8.5472,7.0537,-2.3295,0.3414,-2.336,1.1775,7.879,1.1529,8.8877,6.7917,-4.0121,-0.1298,-1.3233,-7.983,-4.2507,-0.9815,6.7004,8.4306,-1.9888,-8.6636,7.7323,2.0698,7.3434,-8.1074,6.3569,-9.5829,7.6237,9.2749,2.9033,0.5879,2.13,5.2483,6.0395,-4.5921,-5.0125,-2.0056,-0.8004,-4.1002,-2.5982,9.8833,1.964,-0.0232,-0.3066,-1.0535,-9.8788,-7.3228,4.1717,7.0081,-0.2404,8.702,-7.1655,-9.9111,1.0441,-6.2942,-4.6529,-0.6188,-6.0935,-7.7773,-9.1622,-0.4708,8.2921,4.3664,1.9136,-8.1167,2.2596,2.5255,-8.5094,4.1297,0.3253,9.8536,-7.1526,-7.7011,3.4079,2.2107,-4.5803,1.352,9.6723,-6.568,2.2586,-7.7905,5.8373,0.3216,-6.9467,-3.9517,6.0917,-1.47,9.0514,0.0762,0.6111,-6.5351,7.7204,5.0127,-7.6436,-6.6818,0.4566,5.5728,4.8314,-8.4807,3.8047,9.4366,2.0813,1.0626,2.5845,0.9092,-5.5554,1.1787,4.6513,1.7694,-0.481,3.7507,7.1897,-9.9125,7.6606,0.4546
-1.9649,4.1084,9.8581,-4.129,5.9317,8.0566,-5.9091,7.4499,8.5959,2.0231,-6.0674,-8.1765,2.0494,-6.0288,-6.1226,-0.0129,-2.2748,-4.6591,4.2266,-1.1938,0.526,-7.2108,7.7253,-9.0137,6.1477,-7.1857,3.3762,-9.1464,-9.6566,-6.1998,1.9055,-9.3907,-4.1908,8.7166,1.4421,-2.3523,-8.9201,-9.0706,1.3192,9.944,-7.2783,-5.3596,9.2999,9.2468,0.5736,1.2889,2.3787,-7.6116,-3.2531,-9.8541,-4.2193,-0.7887,-9.1794,-3.5302,-4.7551,7.7131,-8.2799,-3.929,7.3848,0.404,-4.7148,3.9973,-0.8195,-9.6554,0.9071,-8.7104,-7.6993,4.4727,4.2784,-2.2052,-5.4446,-9.4212,4.7274,3.9352,5.2642,-7.8393,-8.9813,-5.9363,5.9335,-6.8565,2.0579,2.8375,5.6045,-9.9148,2.6225,8.4937,-0.8758,4.9094,-2.1956,-7.386,-3.0819,3.9016,-8.1552,-1.351,-8.8142,7.4885,7.9941,-1.4867,-2.5714,6.1847,7.5178,2.6409,7.7572,0.2056,-7.0721,9.9179,7.9022,6.2845,7.9722,-9.9512,9.897,-1.2859,-9.4106,2.9364,-7.9957,-4.262,-3.497,7.7788,3.6084,9.2538,-9.5301,6.8297,-6.5374,-3.6415,7.1022,-8.9202,9.8235,2.8884,-0.477,9.5232,2.2567,-5.2454,3.0165,-8.3756,8.0525,2.9446,2.9333,-0.9433,6.2488,5.3437,1.5885,-0.1555,-1.4778,7.1775,8.6173,3.5962,9.6317,9.2179,1.9251,-0.308,0.4195,-1.5736,6.6745,4.195,1.9304,6.2036,2.0312,8.1945,-9.7133,0.8197,5.265,6.6403,-0.6262,-4.5344,-5.5393,-2.5657,8.2668,0.9792,4.5634,-1.4486,4.0055,9.4148,1.5482,9.1381,6.4049,-5.2359,-5.4163,7.6405,-5.0497,-5.3685,-2.268,3.4949,-4.2503,4.4831,-6.4995,8.2599,-5.0155,-5.0913,-4.2461,6.9568,-8.0039,-1.4699,5.7601,-9.2788,0.4729,-9.6005,0.4347,5.5015,3.6713,-9.0871
-6.2788,-7.7703,-1.6567,0.7075,-3.8906,3.3302,-9.3647,-7.7574,-8.2697,1.8799,-9.2489,-5.0004,9.7229,-3.9586,-5.0283,1.0654,-9.8768,-7.0978,6.1861,-5.4692,-7.0076,-8.3095,-1.0544,8.0202,-4.661,0.6609,5.2737,-7.9989,2.8082,-8.5489,-4.976,5.3512,-6.3314,9.9991,-1.1933,-3.4587,-1.5959,-8.3521,-7.5498,-2.4484,5.3084,-9.9617,-6.9335,-7.5922,-0.862,-1.632,2.4422,-3.4663,-6.4722,2.8982,3.5999,1.6232,2.5831,-2.1645,-7.1178,8.7543,-8.0831,5.9378,-0.6387,0.4852,-4.9252,6.5953,6.4842,3.591,-4.0255,-3.8161,3.8806,-9.5678,9.9383,-9.0249,-0.5236,6.7384,1.7934,-1.1107,-2.8215,-5.782,5.3801,3.9127,6.6425,5.3145,-7.5227,-9.7218,-6.161,-9.5982,7.5589,-3.0402,8.8807,-7.4063,3.2909,-8.3039,4.0462,-9.6445,-8.292,-4.7649,1.239,0.1766,2.7398,6.2255,-8.3806,0.7659,-4.6535,-0.0544,-8.4049,-1.4457,-2.8417,8.4145,-8.2131,-7.9792,-0.9217,9.0386,5.6341,-3.58,4.2944,-8.4127,9.6536,-6.388,-6.7028,-9.7768,-4.12,-8.6794,8.5982,-2.8702,0.602,-4.884,-6.9969,-8.6789,-0.6985,-3.2408,1.1054,8.1525,9.4626,8.5041,-3.9437,-8.7898,0.6071,2.6838,-7.5669,4.2589,-8.9477,-5.3327,8.9171,5.0697,5.6835,7.8671,-3.3757,2.2634,3.444,3.0088,-5.9677,-8.8441,-2.7092,8.2802,2.7192,-2.5842,-2.5695,1.9707,9.0326,-4.137,-1.5803,9.9265,0.8688,-0.0229,3.1772,5.1694,-2.436,6.7914,-5.2509,-8.4468,0.8561,1.9202,-3.8245,-4.3105,-0.622,-0.2449,5.798,2.7101,6.749,3.7704,-5.4673,6.5846,-5.3667,1.4604,-5.1928,0.3212,-2.2915,0.3655,-0.0225,-1.566,5.6805,5.7091,-1.5917,7.0333,-2.7065,1.5417,-7.7556,6.8048,-6.5565,2.5275,8.8516,-3.1849
-5.7715,0.8511,7.0139,7.7876,-5.4875,9.4633,1.7017,2.8548,-5.0213,-2.8595,-7.804,4.9527,-2.9244,2.2176,5.4653,2.0834,-6.6808,-7.488,-1.1129,-1.3413,-3.3783,-8.8497,-6.3474,0.7077,8.9124,-5.4805,-9.2568,-6.6877,1.8695,-6.3459,-7.1034,6.8526,1.6398,8.7892,5.1454,-3.7774,1.5638,-3.3445,-9.6159,-1.2827,9.384,5.9504,-9.8429,-2.9002,3.7428,3.571,-5.1333,-1.9466,4.7085,9.0173,-3.5262,-8.1127,2.5845,-1.6439,1.4557,-4.1263,1.8873,-6.9045,-8.827,7.2176,-9.3959,-2.1474,-1.7385,-0.6142,8.8021,-2.2985,2.6704,-0.5061,3.0569,9.5035,8.2333,8.4013,6.009,2.7363,2.4148,1.7792,-5.8269,6.0451,3.8509,3.4738,3.9897,4.2418,-6.7451,7.8574,-6.0352,2.6649,-0.0041,-5.6956,8.2133,-2.155,6.3796,-1.9608,8.5403,-9.4117,7.9133,8.6908,6.9183,1.4333,9.7412,-3.4331,3.7658,1.3755,-6.6185,1.696,-2.086,-7.2749,-3.926,-9.9416,9.6629,-9.58,-0.8292,-9.3906,-1.2643,3.6576,1.761,0.4878,-7.3483,-0.2055,-6.4691,0.54,-3.6845,-0.5668,-6.511,-4.4385,1.8965,-5.3309,0.1323,8.0777,-9.9887,4.229,2.1469,9.1832,9.5744,6.3046,7.086,1.7198,-1.7918,4.1061,-6.7411,3.8477,1.6848,-6.3476,-3.4972,-6.1177,-6.9311,-2.1362,8.3435,-6.1348,-7.9081,9.2852,-0.8721,-3.9184,2.468,7.9609,6.2858,-5.6178,1.9945,-1.4772,2.6958,-7.5445,6.7374,6.2572,2.2427,-8.1048,8.0677,3.8527,-3.9294,2.7008,-0.6975,2.9796,1.5233,-5.6957,-0.794,0.7869,-0.594,0.8401,-9.1329,7.7998,-2.2248,3.2773,1.6857,8.2559,6.9798,5.4135,1.31,0.29,-3.0504,-3.1121,-6.6787,-2.9613,5.591,1.2512,-0.433,6.6378,3.3292,-1.5188,-6.7719,9.2089,-5.3924,4.8771
-9.58,5.5948,4.2095,2.7734,-5.4006,7.924,-2.907,-4.5786,-7.1355,1.0489,5.6182,-6.2857,-0.1986,7.8827,4.5356,-5.0402,-1.9377,-7.8079,-8.5496,4.1607,-7.8143,3.0904,7.5318,-8.2231,-5.6463,-9.1248,2.4659,-4.6492,1.692,5.1669,-2.6456,-6.8343,-8.514,1.805,-8.7004,3.8241,-8.831,-4.3664,6.0431,6.0363,-4.3106,-0.2698,2.2523,1.439,7.6996,0.625,2.3103,3.3725,-2.3019,6.7989,-6.7122,4.2099,-6.8136,-5.5284,5.9149,2.7646,2.5192,-2.7871,8.9371,-3.5406,-6.8606,-3.2723,-7.0383,9.5901,8.498,5.4586,4.6002,-8.3098,-2.3131,-4.1495,-8.2751,6.8292,8.6001,3.737,-6.3623,7.2905,4.6302,-8.3159,3.8294,-8.3247,-3.08,-9.1819,5.1946,1.5684,-0.9557,6.0217,5.881,1.9593,-9.9576,9.9082,8.2158,-0.4877,7.427,-3.0194,-6.162,-3.0815,5.9371,-9.134,8.1058,7.8994,-7.8561,-2.2262,5.8565,9.4095,6.321,-6.818,-3.8899,-2.7476,-4.5951,-0.1332,1.3946,2.6091,-7.4174,-7.7493,4.8302,9.2694,-0.3974,6.1702,-7.8634,-5.6484,8.5658,7.0779,-1.0455,9.6984,6.1698,-0.5004,-5.6086,-2.0305,1.1823,-6.5393,-5.7238,-1.6806,-4.721,-2.8174,8.2521,3.2945,3.0509,6.0961,1.0008,-0.0447,-5.4953,9.9885,4.4472,3.6407,-3.2581,-6.0312,3.9371,-1.3993,2.2619,-7.648,6.9689,5.3986,5.685,5.1345,-5.4324,-9.612,1.8806,0.8164,0.0345,-1.6453,2.2054,0.7904,5.104,7.3162,-6.5141,1.3804,0.5019,1.9798,-6.4289,-6.1689,-3.675,-0.4203,-3.63,-2.1712,-8.048,0.6405,-6.1943,6.4423,0.6132,-3.6937,-3.5853,-5.6277,-1.819,7.1756,-0.7152,2.6419,7.0967,3.1898,-8.6754,-1.7722,-6.3148,-2.9398,2.3544,-6.7328,-1.7999,3.2795,-0.7379,3.1923,9.858,-4.1264
7.1992,-2.1864,8.8675,7.1002,4.5549,1.6963,-2.421,-2.4699,5.4405,-2.8841,8.617,-9.9183,6.3043,5.2118,0.2522,7.6113,-9.1486,-0.5048,-9.7999,-5.215,5.4681,-2.3054,-2.3846,-1.3903,3.7624,2.5408,6.8823,2.6311,8.5402,6.5606,-6.4893,-5.8979,-9.0331,5.6445,-2.5316,5.9469,4.2572,6.8599,-0.1517,6.319,8.5718,5.7937,-6.5913,-5.533,0.3897,-0.2867,3.6334,-4.2466,4.4609,5.3412,4.9282,2.3,5.624,6.7869,-8.4845,-0.4737,-6.7285,9.4211,-4.3266,-8.3239,3.7275,-3.3391,-7.5012,1.3905,-6.9224,-6.9261,-4.3737,-2.4862,9.7685,-7.9294,-9.4395,4.4997,3.8643,-9.3693,2.3947,7.1441,-9.0008,4.5265,8.8968,7.3864,-4.4443,3.1688,-5.0929,6.4012,0.5775,2.4498,-3.6791,5.6959,-6.9424,4.3304,4.2307,-6.8826,-1.992,6.0595,5.904,8.3963,8.7949,8.3274,3.8549,-5.954,-9.9765,4.7843,-9.4383,-6.9082,3.0725,1.4352,2.9541,3.9422,7.5789,-0.2381,-2.9367,3.8911,-0.9636,-9.8345,-5.6244,1.7411,4.4447,0.5901,-7.9496,3.1638,-1.9035,-5.4439,-2.5273,3.6814,1.3505,-4.0534,7.2049,6.4074,-9.1519,5.6279,1.361,-8.7016,-0.7063,-9.9252,9.3526,4.4146,7.6575,0.3163,8.2622,-5.633,2.5373,-7.704,7.7812,-8.1348,1.5137,1.1681,-6.6338,0.9376,-1.6421,-9.1503,4.7325,-3.3398,-6.7788,-8.2672,3.7602,-1.608,9.2303,9.124,-6.1302,-8.0089,0.0061,-6.3007,-0.9023,-7.5393,-1.1059,-7.6304,9.7736,-7.2469,-6.9858,-6.8495,-2.8106,-6.5844,-1.0699,-1.7415,5.0756,4.1209,8.1645,8.6184,-4.4153,-5.4406,6.2981,-3.0673,6.5787,9.502,-1.1744,7.4603,-1.8932,0.0687,5.7936,6.9367,-9.844,-8.7161,4.1934,-2.0848,2.6582,-2.7994,8.3023,1.1332,-0.9671,7.7847
-8.5003,3.7692,-5.1298,-5.9482,-0.7369,6.8727,-1.5605,-9.1999,-0.3144,-2.351,2.0392,-0.7908,-2.8487,8.4698,2.6145,4.0712,-5.0909,-0.0893,-4.9753,1.0027,-7.8619,8.8166,-7.2862,-3.7023,-7.1687,-4.0222,-8.1474,8.2024,-3.0902,0.9381,1.7934,-6.0689,9.5732,7.8084,-5.9157,8.9654,9.0775,1.8611,-8.325,-9.4112,1.0013,1.3946,7.7905,4.4507,-2.0725,4.8148,4.5874,-2.5524,0.3771,2.4757,-5.199,-4.9454,-0.0299,7.2435,4.1862,-5.9014,-9.1799,8.7269,-3.5716,0.1784,-9.2163,-2.0374,-4.7847,9.3435,-3.1078,-6.6187,4.1148,-2.3064,5.6887,-9.4857,-2.4015,-9.6107,-9.1909,-3.5703,-7.4093,0.7008,9.6303,8.0847,-0.0908,-1.2078,7.9929,2.4576,5.0847,0.781,-5.5332,-3.111,8.773,0.7256,-3.0766,-9.8116,-2.1981,-3.9739,-1.6699,-0.2747,2.7804,8.3678,1.3452,7.6756,9.665,-9.1599,-8.8576,8.568,-8.6014,-6.203,-7.0879,1.1962,0.2736,-7.7538,2.3394,-9.693,6.9778,-5.7762,-5.5479,3.7793,0.8189,3.2607,-6.8797,-2.8966,-3.3725,9.4005,5.3037,9.0952,1.8328,3.7839,-5.0418,-7.7406,0.9502,4.4562,2.9735,8.3008,-2.6748,-6.466,-7.0468,-9.244,1.0409,-3.4193,-1.2378,-2.0008,0.7417,-1.4956,5.5027,-1.925,9.6071,-0.376,-4.6195,6.0118,-3.1478,-0.7396,-4.5657,5.9938,1.2997,-3.6999,4.5149,-6.1732,-2.2734,-3.5945,5.5889,4.7544,5.0203,-8.8067,2.9501,-5.3122,9.2713,0.7758,7.7987,1.6464,-3.7572,8.0183,-0.4856,-9.8893,-2.3539,9.0042,-9.4052,-6.7412,-7.4359,2.2345,6.1195,-9.8426,6.535,-7.1477,-2.6572,4.796,8.6213,9.2866,-5.2476,9.8077,6.2287,-0.1544,2.6155,2.4497,7.7825,-2.0563,6.9479,5.7345,-7.0514,-0.4078,6.6439,9.3952,-8.3423,9.5121
7.4974,3.6672,-2.5447,7.8059,-4.5812,-7.8317,-9.8889,-1.863,2.091,-5.5761,-8.991,-9.422,4.5585,-2.2768,2.6986,-3.6274,-6.9425,-8.2919,-9.9792,-0.9252,-7.8858,9.0408,-2.5267,7.7189,-8.39,-7.6796,-0.0717,6.1582,4.8906,-5.453,-2.112,1.9437,-3.952,-6.7753,-1.108,-0.6416,-5.5923,-2.5996,-6.6828,0.3012,6.3413,-5.3871,8.2929,-7.6117,9.2499,9.199,1.1867,3.5751,5.648,-6.0639,-3.3634,-3.4444,-3.9417,-4.0722,3.3377,-2.3671,-4.1041,4.5792,6.1335,-7.236,-0.4589,-3.9276,1.6342,-1.3408,1.6357,5.667,-1.8092,-0.0361,-3.8589,-8.2112,-5.2073,-5.3598,-0.2242,3.2404,-1.7795,-0.9439,0.7008,-4.0565,6.0763,-0.5508,-0.8362,1.0572,-2.6913,-8.0071,-1.2377,6.1107,9.7645,6.5182,-4.7987,-5.5764,7.1677,3.3969,4.1643,-5.361,-4.9188,0.0056,-3.4398,-2.5861,9.8556,-2.4562,7.1809,6.2251,0.0318,8.917,-2.1516,-1.3948,-6.325,2.4988,-4.2954,-1.1079,7.1374,5.7533,-7.8633,5.0541,2.8058,4.9068,-9.3112,1.7481,-7.8381,3.8796,-8.6175,-7.7756,-6.8224,1.9765,-0.3536,2.2366,-2.5213,3.1527,-2.0266,-0.3332,7.8736,-4.0906,3.4138,-6.7713,5.4319,-6.9391,6.6383,-9.1504,-4.2139,3.4534,-8.1047,8.3503,0.0256,-1.5856,1.2335,7.5951,-4.9965,-1.0448,-6.727,8.3038,9.7787,-2.8903,3.3284,4.1368,-2.9416,8.0603,-0.0463,6.866,0.6485,4.2452,-2.78,2.1158,8.7925,2.0635,-3.8664,4.0536,5.2613,7.5356,2.2579,-3.816,1.9236,-3.2226,-0.0056,-5.2073,-3.235,5.9575,1.0912,2.6053,4.079,-3.5147,-5.3041,-6.979,-6.6725,-5.5743,-5.0103,5.0514,-4.4802,8.1261,-2.3752,1.2263,-4.6109,0.1056,-9.0699,-7.5828,-2.0222,2.7412,8.0021,5.5432,5.2816,1.7188
-1.535,8.463,-9.2401,-9.3381,7.2369,7.6269,-5.1742,-0.3719,-4.1479,-1.5104,0.6463,6.4137,-9.0188,3.866,-8.325,9.9819,-0.0946,1.2649,2.5815,8.4176,-6.6944,-0.0407,-1.5909,7.2489,-0.9793,1.0732,1.646,-6.3623,8.2495,-0.8678,-0.6133,8.4025,-6.4115,-1.0396,-4.1264,7.8835,-2.7483,4.2364,-2.4414,7.1472,2.155,-9.4588,0.5628,-7.5523,-1.1889,-4.3721,9.451,7.7066,-6.1115,5.1506,-7.1427,2.8757,-1.6619,0.0453,7.7368,-1.036,-5.9063,0.2577,1.8776,-5.6317,-7.221,4.5851,-3.8284,3.0604,-3.8756,-5.7248,-7.8623,8.7813,4.1546,-8.1082,-8.1229,-6.938,-0.1367,-0.9812,3.7941,2.6705,6.3961,-3.4065,7.349,2.6698,-5.5046,8.6051,6.5687,-8.5993,2.9356,0.2102,8.1133,-2.4192,-3.477,-9.8596,-4.9663,4.1303,-2.888,9.9502,9.2218,4.3704,0.1752,-1.3483,-1.2355,4.9897,-2.6754,9.7674,2.5872,4.2313,7.8654,7.2382,2.6518,-3.6846,4.6595,-0.1823,-8.7856,0.462,-3.9891,-7.3254,4.5754,-9.573,-1.7498,-8.0988,-5.3533,-9.2221,1.8671,5.5647,-4.4563,0.3599,-4.8661,3.524,2.8835,0.9812,-7.114,-7.0187,-2.6932,5.2737,-4.1604,2.6978,9.275,8.5629,-3.5006,-2.9479,9.5049,1.3815,1.7663,-1.0346,-7.9584,-9.4842,1.3027,-2.9618,0.81,8.5037,8.5549,-5.2483,8.5071,-9.4803,3.9064,-5.0861,-5.7394,-1.3276,-6.3254,6.1422,-5.7882,9.8459,4.485,1.2044,-6.4261,5.7145,1.8002,-5.5009,-7.5864,9.7758,1.5443,1.9454,-3.6864,-4.7639,-3.111,-6.7042,3.9945,5.981,0.3684,9.5432,1.3163,-4.3107,-3.2277,0.0339,6.4763,9.8011,-9.1314,-0.0052,-8.1912,-5.9843,2.1459,-8.6589,2.2493,6.3294,-9.1679,-3.7536,-2.8456,-5.6044,3.723,2.0076,-1.7945,-4.8032
-2.3709,4.9492,6.9827,-4.4479,8.5901,-7.1667,-7.2914,3.6652,-2.7075,-4.4711,-0.1167,7.1306,5.6727,5.3454,2.4034,-1.1701,-3.7867,1.4356,6.001,1.7856,-9.1533,3.5294,-0.8926,3.0231,8.6875,5.84,-6.2341,-3.2453,9.8822,-8.8235,-9.3366,-8.7955,5.4051,1.7974,-6.0347,4.1721,5.4458,4.4984,-4.0574,-4.7879,-5.5059,-2.333,-8.424,1.5202,-5.162,0.8363,-9.529,-4.6289,-9.5304,-3.9265,-3.1064,-1.0412,-6.3728,7.2648,5.6111,6.6216,0.9345,2.5492,-4.2766,-3.2556,5.8622,1.1662,5.0736,-1.4694,9.679,-1.8844,6.6443,-6.606,-7.6609,5.8116,-0.0902,-8.3056,-8.1091,-0.282,5.0777,-9.7761,-2.2978,-4.64,-0.1016,9.6765,-2.7087,1.191,7.5336,4.3798,5.4168,-6.0171,0.231,8.7952,-3.8297,-3.9847,-8.4094,1.6323,0.1626,7.5219,-0.5259,1.8745,3.593,3.9651,9.9498,-6.1067,-3.9188,4.4055,0.9265,-2.5008,-6.1847,-3.4814,8.8407,1.1504,5.1452,-4.4497,0.2387,-6.3176,1.2574,-7.0436,6.7086,-7.4269,6.1523,-8.6011,8.424,6.8642,3.9312,3.3796,-2.1662,9.9181,-9.9148,-9.051,4.365,1.937,-4.8136,-2.2626,1.9762,-1.7521,-8.754,-9.2879,-1.1258,-0.512,3.3671,9.6858,-8.4342,-4.4003,1.6417,-3.0433,-4.0905,-3.8552,-5.6987,2.3316,2.6793,4.1386,-7.3471,-6.4027,9.9377,-5.0789,2.2545,-8.2556,4.7968,-7.2229,-2.0049,-5.5911,-1.4646,8.5932,-4.8228,-6.4712,-8.4662,-6.1372,5.6582,-5.8098,9.0377,-4.258,-5.0065,6.4516,2.0183,-0.8636,-6.5164,4.1924,2.541,8.944,9.2644,2.0197,-4.3994,7.9468,-6.5011,2.0291,-6.4315,-0.7651,-6.9214,9.8113,-6.6107,2.0153,-4.1237,8.5095,8.2391,7.2334,2.1233,-2.4748,3.0481,-8.2954,-9.7856,-0.2763,-2.3209,7.3103
4.3223,8.2732,-8.3765,4.2827,0.6857,-9.9947,-8.9056,9.588,-5.101,-7.5554,1.5801,-7.4538,2.9859,-2.5684,5.0367,-0.9259,5.4702,2.3369,4.8333,7.99,1.6714,-3.6191,2.8827,-4.1019,-1.6366,-5.0061,1.7978,-3.1063,-7.2151,2.5049,8.5961,-8.0981,9.967,5.3269,-1.9696,4.8514,9.9278,-0.6922,-6.2329,-7.7089,8.1033,8.056,3.4925,7.7867,8.8847,3.5313,-9.919,-3.6278,-5.9569,1.3108,2.3218,9.0371,8.756,-8.6857,5.0256,-0.6998,7.3624,-9.8339,-0.295,-2.9324,-0.0462,4.9612,4.3166,-5.4143,-6.9128,0.8516,5.3789,9.9816,-9.9946,-4.1339,6.5684,0.3895,-7.9305,-5.6304,-2.7127,9.9592,1.2983,-1.7716,3.8672,-3.3467,-3.5696,-7.3763,0.9481,6.3837,0.2053,9.7974,2.7377,0.8175,0.1239,-8.428,9.6278,7.2591,-6.9196,9.6112,-6.6583,-8.5769,-0.593,-5.5293,-8.3101,-4.7857,-2.5948,0.6831,8.2777,0.1323,9.9645,1.856,6.9065,0.5986,-3.9849,9.9918,3.3361,9.1069,2.7842,-9.5977,4.3945,9.8164,2.2499,3.0666,-5.7374,6.7498,-9.9307,5.1716,-4.5843,-5.4015,6.1557,-3.323,-2.0706,-2.286,2.5679,7.9147,6.4508,3.6469,5.3957,-8.0512,9.3298,-3.8565,-7.6873,8.3314,-4.7844,-7.0681,9.8119,-9.6134,3.8456,-2.2002,6.3604,-8.676,-3.6571,-5.1671,-7.4741,1.6088,-3.6587,-2.101,3.1189,-8.5115,5.9409,-2.0253,-4.7403,6.2883,-5.1344,2.6743,-6.115,1.1742,-1.9895,7.2398,-2.0229,3.7048,9.6555,-9.9528,-8.2181,1.425,-5.0388,-9.8782,8.8828,-4.2985,9.9342,-5.8087,8.5068,-9.9254,2.0711,4.885,3.8771,5.7138,7.3248,-3.2085,2.0171,4.2597,7.1532,-9.5396,-9.5047,9.8753,-7.5118,-4.8484,-4.3869,-1.7749,4.8554,8.7534,0.8934,1.4704,-2.0509,1.9523
-9.1732,0.7486,8.5603,5.5607,-2.2653,5.7628,-5.0946,4.2274,-4.9489,4.7224,-5.2472,-3.1827,-4.3201,7.4257,6.2989,4.2788,-5.5545,0.5144,6.1256,1.6658,-5.0685,-5.3169,4.0351,3.3354,-8.8631,-7.1645,-4.5056,-0.9693,-8.9074,-1.5347,6.7691,7.6115,-4.2755,5.3199,4.7228,4.0441,6.446,7.1019,2.0742,4.4879,-9.6872,-7.1135,-8.5854,-4.1117,-5.3651,8.1902,-4.3504,-7.9222,-2.2723,-0.773,6.912,0.2899,-7.9095,-2.9531,8.738,9.5334,1.0063,0.2812,-6.3324,-3.4287,-2.2145,-2.6674,-0.9107,-6.2486,5.6673,2.6476,1.1384,-6.3166,-9.0852,-0.5345,0.068,1.2319,-7.8096,-9.859,2.2262,8.1832,-4.8784,1.8558,-7.0903,-3.3823,-7.6558,-4.7036,3.1984,-6.4716,4.2077,-3.5261,6.5559,-2.0263,3.7273,-0.1064,-1.9798,-8.3381,-5.0173,3.4226,-0.3586,7.9156,4.9675,-9.6483,2.3262,-9.7396,9.08,-0.0812,0.9939,-3.4254,-3.5059,4.5017,-1.2633,-8.3991,0.9697,-8.595,3.403,-2.5279,-9.9558,-2.985,8.729,2.1703,1.8965,6.4093,2.317,0.5257,7.7997,-9.3129,5.4117,8.0193,-9.4023,7.8359,-9.3018,-5.6651,8.2479,-8.088,-8.0071,5.7639,9.5686,9.4517,-9.4269,4.1982,-9.9378,4.1275,8.1081,-5.2305,-1.935,-5.9811,-6.2485,8.2835,-6.8342,1.6486,-8.6057,-0.8188,6.0334,-8.2948,-3.3636,-7.5523,1.1855,9.6016,-4.7021,-7.684,-6.1492,-8.9303,-5.7409,-1.5933,-6.9345,-9.8608,0.661,-4.1692,6.5872,0.4088,-0.6237,7.6449,-4.1398,0.8232,-0.2661,-8.5477,-3.0361,3.6919,9.4348,2.054,-9.2539,-0.6488,-6.1249,-1.3397,8.7275,8.081,-2.9159,8.106,-8.9626,7.8231,4.0217,8.5089,-2.5228,1.5001,7.0249,1.8034,-5.4439,3.6815,-6.2615,-5.6667,-7.0916,-7.6679,-3.1948,4.7275
4.5171,0.8614,8.1654,-4.4168,-4.6784,5.0754,4.3086,-3.4021,8.3244,6.2995,-4.6835,-0.8689,-4.7675,-5.1169,8.2345,2.3557,-7.1523,-7.8064,-2.2994,-3.0318,9.0107,6.2786,9.7023,8.6443,5.3472,1.8555,-2.1777,6.3373,-5.8511,5.9219,-2.2717,5.1948,-0.5292,-0.9667,8.0918,-6.3823,-8.415,-0.1937,-7.5438,-1.3754,-9.7492,1.5543,1.0898,-8.6485,-0.581,-3.37,6.7803,-1.7487,-5.0778,-6.7742,6.6775,-6.4702,7.9427,-2.6636,-2.5483,3.595,-9.6033,-3.9971,4.3859,7.7224,1.9413,-8.3924,7.7106,7.6207,5.9812,-1.7947,0.0597,-3.3982,-4.9395,2.1223,-3.0866,-7.8298,-9.6482,2.0188,1.9227,-7.6034,7.7521,-6.2813,-1.7575,9.7286,-4.1724,-5.721,5.7094,5.9368,-2.1132,6.2639,6.7908,-9.149,4.6391,5.0431,6.9479,6.2447,-7.4224,-7.0871,-4.8899,3.2963,5.8197,1.323,-3.4889,9.3601,8.5307,-6.855,-2.3152,-0.847,-5.4201,2.7798,-7.0506,8.7994,5.356,0.2649,2.9913,-7.0416,9.185,6.5272,1.6809,-8.9217,8.3744,4.7077,-8.3563,1.7484,-7.1812,-7.5828,0.3613,6.3688,2.2131,-5.5957,-5.8892,-2.6469,-1.3154,7.2415,5.9297,-2.1054,5.4321,7.2476,-0.0327,5.2658,-3.8646,-7.4879,5.3801,7.3918,-9.1859,2.9485,-0.0734,3.7314,-4.6044,8.0823,-1.3223,-8.9425,-7.8958,9.8307,4.8405,-9.8503,-1.6193,8.5293,-1.7222,-0.6873,-9.7946,6.7813,-1.6253,8.1311,-9.8456,-9.7528,0.1474,-7.4593,4.0713,-7.9202,-9.6131,3.2528,-8.7993,-4.8981,1.6882,-2.604,-4.4204,6.2579,0.1316,2.1841,-6.2511,0.3954,9.7113,9.8157,-5.3088,-6.7168,5.4136,3.435,-6.6786,8.4036,7.5839,0.4064,5.8508,-5.22,1.811,-0.7256,6.6046,8.0242,5.3794,-4.5332,-9.5918,9.0612,-0.77,-6.7049
5.678,6.3226,-1.1073,7.0298,5.1718,-1.6868,-8.0563,-2.5628,8.9884,1.1643,-0.8429,-5.989,-3.5697,-1.5462,5.8964,-9.4338,7.7199,5.3616,-7.0794,1.9587,9.797,9.4904,4.6319,9.5068,-0.3323,2.6451,-0.1389,7.0076,-3.7367,-7.0839,0.3056,-2.7276,6.4359,0.2415,-8.3297,4.2692,-6.8407,-1.7519,-4.6531,-1.1521,8.8948,0.0308,-4.492,2.3866,4.3396,9.7024,-6.8111,-2.7532,2.7749,5.4068,4.0492,1.8201,-2.3051,8.5371,6.0991,1.6815,-9.6058,8.1421,-9.3038,7.365,3.7114,-8.7152,-7.4791,9.7598,-0.0852,-1.2241,-5.7871,-6.3481,-9.8048,-4.2745,3.4632,3.1849,4.4638,4.047,-0.6904,8.8018,-8.96,1.0508,6.9833,-2.8535,0.2152,4.0556,6.613,-5.3693,-3.8466,-9.7608,5.6698,-5.1685,-3.5249,-9.1556,-0.8021,7.9577,-6.4006,6.4084,-3.3877,-7.9964,8.3548,6.9487,-0.5232,5.3435,-5.5869,-4.33,5.6633,-9.5935,-9.6153,1.5225,6.7115,-5.6163,-8.4518,-7.6692,0.1203,-9.9515,8.5343,-5.33,8.3915,-2.6147,-6.0201,-6.88,8.834,3.8727,4.1954,-5.8767,2.6214,-8.3151,-7.3382,-9.3869,2.1282,7.8733,4.7381,-7.9655,-8.5456,-4.3285,-1.1216,-6.0448,-9.3364,5.3708,5.9823,-1.74,2.5505,-8.7383,-4.3162,-5.0104,-8.9564,5.3073,0.1849,-1.2258,-8.5006,1.9266,0.5953,1.5964,-1.9351,-2.9065,-8.6788,5.3407,-0.6227,-5.4945,-6.478,-3.7751,9.0057,-0.8586,-0.8517,-6.9388,7.3894,-1.9785,-8.1847,-7.9393,-3.5886,-6.2235,-0.4258,1.0167,6.7756,-3.7113,-2.1299,-4.0227,9.0983,8.0649,-5.6659,3.131,-7.3928,4.8538,6.442,-5.1269,9.4513,6.612,-0.0608,-8.0611,-2.0877,-0.4647,6.7761,-1.3117,-9.7203,-2.7118,-2.8314,3.3341,-5.1118,-6.9314,-1.7552,2.1202,-4.4585,-1.1745
4.0005,2.4626,-9.9498,-8.7396,-0.528,-8.3421,6.2914,2.1484,-9.1558,0.7623,-2.6887,-9.2526,7.2751,-8.0236,8.8108,3.5876,1.9165,2.4224,6.1715,-1.9061,-9.4924,5.5398,-9.751,-7.9778,-3.8965,7.9375,-9.911,-8.0576,1.9746,-5.4611,-4.3679,1.9809,-6.4312,3.7646,1.6523,-0.2476,-0.4858,6.5503,-2.7912,-0.9513,-4.8725,-3.814,6.3989,3.3082,8.8236,-9.4288,4.986,8.3722,1.249,-3.7288,2.6512,-7.8584,-8.1949,9.4256,5.8272,-0.0625,8.0219,-3.4835,9.5713,-8.556,2.6299,-9.6296,2.7875,6.8915,8.2632,7.3739,7.0615,5.86,-4.4383,2.555,8.7517,-2.8454,-7.0851,5.1442,9.9313,-9.7763,-0.1112,-9.9269,1.7907,-8.7172,3.883,-5.435,5.6462,5.8608,8.8987,4.2565,-5.1038,-3.3875,5.5569,-0.1833,5.1618,8.035,3.7615,-8.2948,2.6951,2.1847,-7.1267,-0.7421,-4.1667,4.8893,-8.5143,-7.9334,1.2752,5.051,3.5681,6.0402,-4.9489,0.8214,4.6778,-6.2779,-2.0055,0.7956,9.2996,8.3886,-9.4246,-2.6859,2.4511,6.5681,8.5209,-9.0495,9.6564,1.7603,-5.3581,6.0532,-8.4565,4.2398,9.6881,9.2256,-9.5533,-1.0848,-4.8325,6.4179,8.5959,1.2646,-8.3268,5.857,-3.6378,5.7282,-8.702,-3.3746,8.1242,-7.19,8.1062,7.6092,-5.7364,-2.9653,-5.2725,8.1363,8.7105,-9.6583,6.4576,6.4544,-3.1945,8.3102,1.1424,-1.206,-6.6018,-7.9303,9.972,-4.063,1.2648,-5.7337,-9.5586,-5.1874,5.6395,0.6789,8.0727,2.1802,6.257,4.7473,-8.4433,-1.7968,0.0532,2.4564,6.1406,-0.1404,1.949,7.1999,-7.9475,-5.7238,1.8457,-1.283,5.9948,-0.8364,9.8066,-1.1055,-8.0895,-0.5738,5.7829,-8.9437,-2.0527,-1.3157,9.0431,-8.1533,-6.9552,-0.2677,7.9412,-1.1632,6.5639,-4.8975
-6.4716,7.1809,-1.767,6.016,7.2009,-2.7416,-9.6228,5.9253,-2.9477,4.8838,0.7763,4.0545,0.1984,-1.6166,-0.1249,4.9733,-3.3895,7.3704,-2.4749,6.0505,-5.6978,-8.871,-8.9961,-1.4283,9.8569,8.7374,4.7205,-9.2487,9.9396,1.942,-1.7658,2.2705,-2.5949,2.0927,-8.2736,-1.2253,5.8784,-5.249,-5.129,-5.7905,-2.305,4.527,-4.4853,-1.1671,-0.9592,-0.5228,-1.23,-8.8662,1.159,-3.7346,6.4954,-9.2686,-2.3833,-5.8066,-0.2752,-4.4939,-2.9153,-8.4085,-7.4932,-4.8085,3.5805,-2.9151,0.1477,-9.1086,4.4653,1.8165,5.6319,-9.724,3.6231,4.1689,-2.6132,4.5343,8.3816,-4.6393,-3.2402,-8.6663,5.6513,4.4579,-7.1025,6.2598,5.695,1.1812,8.5513,-1.3942,-1.4694,-0.3838,0.1067,-5.1567,5.9034,-4.2345,-9.5774,2.9717,7.9268,7.6031,-8.4502,6.044,-3.9639,-6.5821,6.3554,-7.547,-0.3439,-8.8652,1.7162,-8.0312,-9.1784,5.6332,6.7227,2.5702,-2.3342,9.2348,0.4623,-2.0126,6.0931,3.0959,8.1613,6.7533,5.7421,3.4926,7.1032,6.7687,-0.6368,-0.714,3.2526,-4.4226,8.2696,2.8672,-7.4401,7.7478,-3.665,6.214,-6.1939,7.9281,-8.8718,-5.6112,-3.0005,8.3042,3.9857,-6.4173,9.6836,-4.5132,1.8971,-8.8568,6.7938,7.0314,-0.3047,-0.9593,6.1733,-7.0312,5.4017,7.4851,2.5845,-4.8642,-4.3107,-0.4035,6.0627,-6.4346,-9.6267,9.4839,-1.8235,4.5564,1.9957,5.2471,-8.3186,5.4661,7.559,-8.7413,-0.2579,6.9376,2.231,-5.6284,-6.1177,-4.5112,1.7002,4.7561,1.8123,0.2405,-2.5185,-8.4213,7.4013,-6.6958,0.7614,8.1342,-7.8618,-1.9341,-7.6441,4.5114,2.9589,-2.2222,5.7703,9.4351,4.1799,9.4704,-1.2263,-3.1127,-6.0222,4.4768,9.1859,-2.682,-3.008,-8.3288
6.9873,-4.4135,-9.1302,-1.4126,-0.4681,5.9035,4.471,6.6648,4.7084,-8.9793,5.9312,3.5202,2.4689,2.5905,-0.3573,5.5314,-4.2949,-3.991,-9.2215,7.8565,-5.0247,9.9527,5.9742,6.425,-7.3528,2.2018,-7.9865,-6.0399,9.7907,-4.6111,4.1513,0.9787,-3.1815,7.5688,6.8422,6.3494,9.2507,-1.714,-2.8777,6.4387,-0.7049,8.8196,-9.6773,0.5756,-8.3172,8.9466,-1.8616,7.5013,-0.681,5.7146,-3.8215,-3.8199,6.0283,-9.2554,-5.8785,-7.0613,3.584,-1.1451,7.3376,-1.8681,6.5681,-4.3312,-0.3287,-0.3948,4.3083,4.4824,-2.9292,3.2574,-0.7455,5.4387,9.0544,-5.7117,1.7435,8.0464,3.346,-9.1616,-1.8456,-3.637,8.0949,0.849,-6.1916,-0.1625,2.9841,-2.4178,-7.0871,-1.7918,-7.6725,7.5413,1.7728,-8.5445,3.0303,-1.1412,-5.2908,-6.0444,-9.975,-3.1368,8.0548,-2.778,4.5121,-9.4219,1.1439,4.8833,7.2307,-2.9525,-5.2424,-2.4409,-6.8294,0.6453,-8.1769,0.7338,-2.1889,8.0424,5.2814,-7.3495,8.7723,6.2793,5.3041,-3.9506,3.004,1.2009,-8.9601,5.4001,9.7301,-4.1657,0.3169,5.6631,8.1182,-9.9233,2.1237,3.8448,1.4944,-2.8017,0.4705,-2.856,8.5386,5.8274,2.1157,-2.51,-5.5281,-4.4794,-1.8528,-1.5346,-4.5254,-4.5375,0.8986,5.3265,-4.3475,6.6815,2.0983,-1.4084,4.6358,-5.7021,2.1025,3.9445,9.4209,0.0995,2.0172,3.241,-7.6531,8.4121,4.0035,-1.4352,-8.3164,-0.6028,3.8118,-3.3653,2.0748,-5.3122,-7.6161,7.8538,-5.8535,2.636,2.9547,6.8967,-2.3855,-4.549,-8.1816,5.8145,8.417,-2.0174,-4.1745,-4.7243,8.2183,-2.1329,4.634,2.4186,-0.2212,-4.3612,4.5591,-1.2514,-7.3076,-1.0495,7.9355,-0.1706,6.8378,-1.4065,-9.5156,-0.4225,-9.4704,-5.7102
-6.31,-5.2426,-5.2523,7.2135,-2.4113,5.8202,-8.9256,-7.9745,-6.5648,-3.8911,-9.4699,-9.5134,3.0814,9.7569,1.861,1.5963,-9.0845,4.1293,4.4068,-1.7427,5.6377,0.4204,-9.3266,-9.888,-8.4849,-7.5407,5.774,8.8467,-8.6158,3.6289,1.7638,-8.0206,-2.2058,1.8518,-8.0818,-6.1513,-2.772,-9.7079,3.1001,-4.2677,-8.5718,-8.0036,-5.4906,-2.5284,2.4282,7.5882,8.912,3.7825,1.9881,-9.3662,-9.6773,-7.1206,-8.1864,-0.7069,-0.7642,9.9065,8.4843,-7.1289,8.4961,6.8371,4.4654,-0.3511,8.6967,-6.1452,-8.7629,5.494,-0.3298,-0.6256,-2.2769,9.9276,-1.7444,-5.5062,-1.2261,1.8863,-9.0985,-2.5112,-3.2056,1.5707,2.0194,-1.9394,5.7891,3.9924,8.9261,4.036,7.825,-3.6758,8.5588,4.6337,-3.6437,1.8073,8.689,4.9301,3.3141,6.7704,-4.9732,9.9175,-9.7499,8.7021,-0.0222,9.2055,-7.5032,7.8372,2.7564,8.8972,-9.7916,2.0856,4.4345,4.0824,8.942,-6.3926,0.3142,3.7345,-1.1392,-4.0285,-0.3778,1.7895,6.5187,-3.506,-0.9514,-6.0072,2.1285,1.5097,1.6788,-7.2368,1.1235,5.369,-5.7751,-5.93,4.7285,7.2154,5.7448,-2.8885,-1.4062,0.3757,-1.5997,-9.6313,-3.4505,6.0588,-4.8972,5.713,6.9601,3.9077,1.3758,1.2874,-2.6378,0.5474,-4.1073,3.526,0.1891,3.9419,5.6507,2.3845,-6.8718,0.6268,4.4582,0.8725,-9.8737,-2.5004,4.4166,-7.9954,1.6863,-7.1025,4.1511,1.1738,8.9668,-9.8233,-3.2233,-2.4046,1.6393,8.9793,5.35,5.8466,-5.3925,-6.1277,-1.8442,-3.9259,5.0717,-0.746,5.2445,-7.7521,7.8409,0.2048,9.8253,-0.3066,-5.2554,-6.6862,2.6716,5.938,8.385,-6.6021,-6.197,-1.0346,-5.2275,6.164,-3.4703,-1.6647,-9.8091,-9.0212,1.6339,7.1533
-1.0339,7.8016,-9.1133,7.8498,1.7118,-3.2106,-7.9916,-5.266,6.5541,9.6883,-8.5741,-6.871,-2.627,9.5535,-7.3684,8.7542,-3.9454,-0.6238,-4.0834,4.2002,-8.5006,6.8672,-0.1075,-7.6091,-4.742,-7.8411,1.3111,8.5551,-5.0896,8.551,-4.9345,-6.7639,7.2233,0.8666,-3.0001,3.9438,-0.8338,-8.6406,3.2787,3.575,-0.0115,1.1682,-9.5264,-4.5341,-6.1146,6.2921,-6.269,5.2437,1.5106,-2.2189,4.8838,-1.0072,4.6736,6.494,-4.4867,6.4717,-0.2563,4.3832,9.2718,-6.0306,3.755,9.306,-8.0171,-1.9283,-5.7949,3.7646,-9.2859,9.1452,-6.1259,5.1424,9.5363,-1.9755,1.9896,7.1093,-5.562,3.5866,8.1456,-7.0159,1.6957,8.1304,9.9135,1.1438,-0.1279,-5.5225,-2.3471,4.8316,1.7192,6.7843,-2.4081,3.0619,-6.0506,-8.318,-7.465,5.7336,9.7472,9.8354,6.6152,8.0177,3.5878,-0.9696,7.1433,-7.7099,-6.5477,-1.3834,3.6095,4.7918,1.9676,1.4849,-1.3834,-0.9802,-4.6596,4.7032,-8.8864,9.91,-3.388,-0.4566,0.3737,-4.4551,1.6756,8.8195,-5.4868,9.9049,-0.1865,-9.9293,-5.8187,0.6697,-4.2622,2.685,6.7191,-6.2001,9.43,-4.0649,7.4814,-0.3084,-5.4912,-5.454,-7.6924,7.5414,-4.2794,-1.8002,-8.0234,-7.0044,-3.4928,2.6679,4.5987,-6.0713,7.7538,-2.8784,4.8151,-7.62,0.7736,7.507,0.3766,-0.8307,0.349,-3.637,-6.8362,1.8653,2.3793,-8.3153,-0.5367,-7.368,5.213,2.8811,7.68,4.8359,3.2704,2.5393,0.1672,6.9712,-1.2169,1.2009,5.9275,6.6211,-0.411,7.1106,1.142,-1.8988,9.2473,3.9785,-3.2452,-3.1521,8.5422,-3.3639,1.2902,-4.5149,3.7649,0.6718,-1.5726,5.0396,-5.7864,7.086,-8.6282,-7.1786,1.0776,-0.5192,-1.1857,9.6513,-4.686,2.7207
1.6155,-5.2805,1.2973,9.8313,-6.5874,-6.4145,-4.4438,0.8028,-0.5577,5.266,8.3846,4.1094,1.1737,-7.6385,-5.7954,5.0722,2.1081,-9.7087,2.5473,-1.4239,6.6634,-2.0874,0.0791,2.428,2.4688,9.0123,-0.6313,6.4828,6.118,5.9284,-9.0952,-0.8485,4.8251,-1.0479,1.2618,8.8514,3.2429,7.5988,0.8614,-8.1069,3.6175,0.2327,3.4923,3.943,3.7379,5.7678,8.2485,3.5119,-0.2887,2.1587,2.7467,-4.925,1.0485,6.6623,-6.6344,-6.989,5.1547,9.4321,1.561,-3.8845,4.8125,6.5022,-7.3697,-1.304,5.3842,1.9315,7.3292,-5.6834,8.9173,1.7234,-4.6099,4.3634,5.0197,-2.5777,-0.0091,2.179,8.984,1.957,-5.5647,9.8322,7.4421,-3.6993,-7.1812,6.9167,-7.2253,-2.7977,9.1977,-6.687,2.9175,-2.8432,3.023,-1.659,8.2472,7.5595,-5.6321,9.7431,3.2111,-1.058,-7.2348,2.5833,-0.5349,7.1345,1.9944,-1.0873,7.4379,-7.4918,-3.4432,-0.8096,-2.6582,-0.508,-1.5309,-1.6837,3.4621,1.0635,-6.1417,5.6839,7.6543,-8.4525,9.8373,5.4663,-1.1861,5.748,-4.5293,-5.8237,-8.5653,4.7241,4.4346,-7.4964,-3.3779,4.4299,-4.8619,-0.2075,-8.7006,-4.1294,-6.0098,9.5257,4.9074,1.4226,-7.3561,1.3208,3.898,-7.783,2.6951,5.202,0.7367,0.0035,-3.5315,-2.43,5.6702,-4.5378,5.694,-4.2708,5.8617,4.4642,8.9293,-3.1836,-8.6847,-4.1786,-5.7033,-5.5286,4.0684,-9.6826,-1.9172,-6.4839,9.1211,-9.7217,7.7935,3.3849,3.8512,-8.5002,3.4018,-1.7333,2.2604,-5.2991,-4.9072,-6.0993,0.8439,-4.3957,-6.9781,-0.2004,8.6828,7.764,9.4083,2.2907,-0.7794,4.5896,-0.411,4.9131,-2.6973,8.2453,-9.6342,2.8398,1.2789,9.7962,-2.8974,-8.3457,-8.3916,4.5003,-9.3984,4.4511
2.1173,-3.9546,-6.1824,4.2154,9.4284,8.3585,6.3914,-8.158,-2.8594,8.6065,6.2458,-3.4884,0.1371,-4.7124,3.299,3.7283,9.0395,-9.7627,-4.7876,-0.6867,3.1787,6.0959,-8.0755,0.4698,6.0913,-7.4657,-1.353,-4.1339,-4.5631,-4.4154,-8.0837,-7.5755,8.5404,5.6036,-6.6112,0.7495,5.2603,-3.8859,-8.5778,-0.4579,7.4252,-4.2478,1.2782,-6.9162,-6.8846,5.0164,-5.1213,-3.1998,8.0354,2.9073,-0.2474,0.2605,-5.3929,-0.6293,4.4802,1.3944,4.24,4.8248,-3.7282,3.0056,0.9981,-3.0342,-2.706,9.5469,6.4607,3.506,3.4977,9.0208,-7.4445,-5.8139,6.5032,5.9652,7.7276,7.1986,-7.038,-6.7421,-4.7288,-3.576,-6.906,-2.1847,4.5785,2.7187,6.0317,-8.8115,-9.8309,8.3284,-3.1234,-6.304,-5.8204,-1.6674,3.7744,-1.9007,2.9042,-8.962,3.3169,-3.2254,-2.4982,2.6052,-0.2832,5.3851,-0.6634,5.8458,-2.5323,8.8896,-7.8728,-8.3529,8.9059,6.7032,5.3304,2.5835,-2.8354,-6.5065,3.7602,9.7834,-1.848,6.9564,7.6036,-1.5551,-1.2177,-4.8709,-9.221,4.015,7.8059,-8.2727,-5.2935,8.2252,0.1627,-9.2039,-1.4996,5.1079,-3.1351,2.9924,-1.4766,-7.2177,-1.5452,-8.8789,-8.2358,2.6212,6.4823,-9.4581,-1.8118,-2.7417,-3.6699,-6.387,7.8834,0.3406,2.972,-9.1715,4.0526,-8.4328,4.7345,3.0079,-7.9824,-7.0363,0.9746,2.0818,-5.156,-4.9644,9.7682,2.6331,-2.5658,-8.4746,1.7798,3.0345,3.6648,-5.8054,-2.6834,-0.8341,-5.709,3.5762,-2.9963,-3.9589,1.5189,-6.3269,5.0855,6.3676,6.6222,-5.265,-5.6766,-8.608,-8.9274,-0.5042,8.3008,2.1291,3.2756,-9.3796,-3.3258,6.3395,0.1328,-1.8289,-3.3292,-8.3244,-8.3256,-2.3083,-2.9778,-2.5227,6.9564,9.3757,-5.1236,-2.7189
-5.205,-1.5696,-1.4563,9.1604,-7.5536,-4.7124,-6.3961,8.3186,5.2541,1.1917,-9.1349,8.3854,1.8852,9.6136,3.8389,8.4466,-5.9556,8.9133,-2.1486,-5.7877,-1.678,4.3024,-0.0994,-9.2825,-7.0905,1.9362,-1.4095,-4.9388,-9.2133,-8.0226,0.9801,0.3012,-1.4941,-3.81,-7.6046,4.3894,1.4836,-9.9563,8.6365,-9.7521,8.3044,5.0152,3.1103,3.9485,1.477,9.582,-7.6276,3.0888,-3.9923,8.8353,-3.1572,-7.7895,3.857,8.9362,0.1914,-6.8912,-5.7154,9.6456,0.1936,-6.8426,9.9165,-0.0592,-0.1388,-2.4053,0.0554,8.1084,7.3713,-1.8145,-0.1776,-2.0583,0.6242,1.167,-7.281,9.8583,6.7886,-2.4874,-4.0289,-5.2806,-4.8682,-3.9488,5.5588,-3.772,-7.9387,3.8919,7.2524,-4.423,5.51,-3.4873,-1.2565,-2.1643,-4.5472,-8.8783,5.7658,5.2889,-5.5277,3.5761,-6.9811,-9.5319,-1.1784,2.8879,-4.3291,5.5816,-1.6612,4.3449,7.2186,-4.5996,-3.8218,4.7447,-1.8766,5.86,-2.0541,-9.5436,-5.2037,-9.5949,-2.1949,8.5777,-0.9771,0.6465,9.6795,-8.4268,-2.0718,-8.8295,-7.8795,-2.5259,4.5824,-8.5453,-9.3762,1.4547,0.8396,4.0531,-9.3761,0.5295,1.6691,7.3507,-5.3164,1.9823,2.0305,-8.6196,6.7526,5.5566,6.1172,-9.7121,-8.6234,-9.4059,5.1181,-0.9439,-3.2467,2.1818,-8.8813,4.5056,7.8286,-2.6483,2.7642,-8.0107,2.529,1.3419,4.0144,1.2202,5.47,-7.8488,9.5595,-3.9971,2.8893,-5.2915,1.7899,2.2936,3.7214,2.2166,-0.1931,-1.4368,3.6373,3.2658,-2.6047,4.2862,1.9414,4.6416,3.2784,-0.7178,4.2032,5.2211,9.7147,2.1402,2.6462,-5.8164,1.2961,4.1105,-1.3063,2.9202,-7.4205,-3.9162,4.3316,8.5622,0.1614,-7.7074,-2.2222,9.9565,-5.1429,6.0299,1.4337,8.5875
0.8793,6.2002,2.3975,-7.441,0.4223,-0.1931,6.9321,8.8452,4.2518,-1.5665,-5.0627,-4.0769,-5.913,-6.9001,-8.2823,1.6136,9.8646,3.2504,8.9263,0.1078,3.0369,-6.2074,-9.7763,-8.1431,-2.7737,9.5051,-2.0258,-8.7073,-6.0327,0.1745,2.2791,8.1085,6.1414,-1.8529,3.9539,-1.3894,1.8749,4.5187,-7.4647,-3.6613,-3.0122,-3.536,6.9098,9.6491,-4.022,-9.427,5.0859,-1.4242,0.2798,-0.9508,-7.6484,5.3051,7.9741,0.2257,0.1126,-6.138,7.5567,3.8889,4.4955,-1.3205,8.9192,6.8701,-5.7436,3.6728,3.2194,5.5983,-6.8701,0.7254,-0.3007,-7.1386,5.4908,-9.3868,-8.3934,4.2532,8.3624,-8.4949,0.8522,2.2301,-1.1079,-0.4738,-0.9472,6.7068,8.2084,-8.5251,-7.8641,-0.7881,2.9844,2.9389,6.5811,8.0043,-0.489,6.5226,-0.3881,9.6087,-1.9984,-3.9182,5.2474,-7.5402,7.5378,6.0677,5.484,-2.6616,1.4936,9.4988,-7.3097,-3.9458,7.5392,3.5574,-7.6976,2.1309,-4.8298,7.8741,3.8896,0.2995,-1.0567,2.7953,8.8119,-5.6882,-0.6891,-1.1927,9.4201,-5.2699,-4.2824,9.6293,1.6679,7.1018,8.5907,-7.4348,8.0474,6.2659,-9.6211,1.9454,1.0352,-5.4706,-0.754,-5.1908,6.9105,-9.1972,5.4444,-5.3869,5.3939,7.582,7.9523,-1.939,-7.9646,6.3585,-3.9466,8.2142,-6.1691,-3.9966,1.7135,0.5828,2.4883,4.3781,-0.2608,8.4668,3.1401,-8.88,8.8776,-8.178,8.8257,-9.169,-0.8864,0.0179,-2.9813,-5.505,-3.0237,-2.4771,-5.3377,-1.5958,2.5701,-4.129,8.2576,6.8732,8.4234,-5.942,8.2699,-3.1488,-3.069,-1.9259,1.4207,-8.4711,8.9806,-8.6038,-8.1362,1.3118,-4.5807,-1.5058,-0.1497,-1.6463,-9.6514,-8.7948,-1.7311,2.7629,4.1462,-0.2194,-1.4999,0.1396,9.3684,-0.5646
7.1417,9.3304,-4.0478,-2.838,4.8286,4.1497,-5.3864,2.504,-0.294,8.2113,9.7866,-7.092,-6.279,-2.7965,7.063,9.8769,3.1551,7.4186,-2.152,-4.3948,-7.2248,-7.0125,-2.1045,-7.8733,-6.1828,8.2209,4.7003,-5.5895,-8.1155,-2.6884,-7.6211,-9.4994,6.3053,8.8888,0.0952,7.0663,-1.6823,9.1416,5.7162,6.7487,-6.0424,3.4407,9.9151,8.1843,8.9992,9.6459,-1.9104,-6.228,-4.9683,0.8745,5.1999,-2.6551,-5.7584,-9.7137,-3.5763,-5.457,8.7727,8.2033,-4.2602,-2.8756,-4.588,-3.1643,-2.1242,-5.5102,-9.0008,5.5651,-5.9197,7.0277,8.7574,1.2887,0.9142,-5.9139,-1.3028,-0.9447,6.1644,-2.9158,-3.4712,9.7209,0.9172,4.6705,2.8512,2.4621,0.6715,-5.7747,-4.7014,7.7189,2.5433,4.8071,8.872,-5.389,9.8482,-4.1824,-5.3078,-6.8054,4.4186,1.5956,9.0512,-5.6766,-3.2794,-6.1253,-3.0111,-2.2808,-9.5155,-4.2043,7.0072,-7.6849,4.9974,-7.196,3.7397,-6.6378,4.2972,-5.4811,-9.5115,-1.7811,-7.4471,-8.4631,3.276,1.5731,4.7747,-8.3411,-5.0947,2.0731,6.5384,-1.97,-0.5422,-3.1483,4.7633,-8.4643,7.6175,8.3987,-4.1484,5.054,-0.4832,-2.1182,-6.4922,9.6424,4.9383,6.8639,0.8034,0.663,7.0394,-1.5059,9.6259,3.7431,0.9018,7.5408,-5.6103,-9.1194,-1.9811,-6.7408,-7.4527,-9.1502,7.3065,-1.111,-3.9139,8.1618,-4.4147,-9.5198,3.9781,-6.5978,7.659,5.4729,-8.0685,7.691,-5.4566,-9.7553,-6.2915,-5.3013,-2.422,-4.8861,2.7217,-2.2636,-0.9971,3.6083,1.0537,-5.3526,7.5719,-8.8853,1.1566,-2.0553,5.8318,9.8896,1.8058,-1.613,0.065,-0.2745,4.6735,-9.8909,6.5137,-0.2599,0.2329,6.6732,-9.4091,8.467,-8.8022,-1.9003,8.3286,8.0906,-3.6758,-8.6644
