8.8542,3.7665,4.2773,3.5162,3.3531,-1.244,5.0247,3.249,4.2316,5.56,-5.3661,8.4062,7.8056,5.024,6.0427,-8.8739,5.7373,-5.5053,-7.5836,-8.5141,-7.0119,0.6426,-8.371,-1.6091,6.1368,6.1454,0.4691,8.7984,-1.7634,-4.1081,-8.0706,-0.5021,-6.8927,-5.0843,-4.0787,2.3484,1.5936,-7.7022,0.5078,-2.6747,-9.3315,7.7125,0.9162,-5.6899,3.4327,7.8233,-2.2605,-9.5414,4.3606,-4.7548,9.1214,7.4754,2.2258,9.0336,0.0136,2.3982,-5.2675,4.4509,-9.2078,1.9616,-6.1816,-3.5834,3.5662,6.0641,8.5341,-9.3069,-7.2795,6.6011,3.4486,-6.1938,4.6468,0.8621,6.3383,-0.5729,4.5122,-9.5425,-7.1049,-4.7199,4.3954,-0.8954,6.4079,5.4398,2.033,-1.4484,-2.2683,8.4704,-0.997,-6.968,6.9719,-0.7549,-0.8549,2.7644,-8.2525,1.038,-5.266,-8.237,-9.4044,2.4726,5.7879,5.9294,3.2379,-0.7941,6.5059,8.7238,-3.0102,9.8652,-7.3608,-2.4385,-8.0023,9.1449,-5.3085,-7.6167,-4.3459,-2.8158,-4.5063,-9.3988,8.4213,-8.914,-2.3176,-6.2187,-5.5549,4.51,1.8984,-0.1728,2.391,-9.5768,-6.4145,7.954,8.5702,-0.8444,-8.3279,-3.1273,1.4965,4.5834,-8.4657,-6.632,-1.3628,3.8713,-5.9302,-6.4622,3.0129,1.3836,-2.5784,-7.9845,-7.5186,-1.7171,-3.1079,3.0026,0.6468,-4.5779,3.6209,7.8342,-9.793,3.0662,0.5649,-8.246,1.7478,-8.4216,-6.3691,-8.9274,8.4932,-1.9512,-0.8061,-0.4152,-8.235,-1.694,-5.6482,2.4692,9.3216,0.3903,-7.7598,6.7677,8.5639,1.5122,5.575,6.3027,-2.2514,-2.16,6.9406,4.6671,-0.9605,-6.6988,-7.8528,4.0209,-1.8886,-2.1734,-6.1034,-5.2116,-9.9434,2.0174,5.7462,-8.9909,-3.1425,7.0839,5.5399,-3.6658,9.9682,-9.4901,0.2366,7.9149
-6.8222,1.8533,9.7298,5.539,-5.5245,9.7566,7.069,-8.2572,-5.4232,1.5473,-2.8468,-7.3298,6.7929,8.6919,1.9475,7.8815,-1.6517,-2.9672,5.8577,-6.8972,-3.6953,-6.1418,4.2019,3.568,6.9147,-8.0954,6.3125,-0.3569,6.4804,2.1156,6.4583,7.6706,9.7181,2.1997,6.7524,-7.4046,-4.3305,8.0025,9.2701,-5.9468,7.014,-5.5782,9.0433,-0.7288,0.8218,-9.0586,7.6252,-3.4012,9.3371,-2.0956,8.1567,-3.3244,-2.0715,-2.9853,4.2683,9.7051,-6.7476,-2.6873,-4.6714,0.4881,3.919,-1.4343,7.2444,-7.8369,0.6712,-3.1949,1.879,9.0249,-3.3817,-8.6586,-4.7468,-6.2477,-1.146,5.4024,-1.6296,5.5167,-3.8156,6.1083,-2.5922,0.4645,8.5187,5.9126,-3.3904,-8.6926,9.2701,4.1013,6.1359,-1.4246,-5.3257,-6.4459,-4.8271,3.4621,-4.9094,-0.9334,3.3263,-3.0271,2.1396,-4.57,3.5273,-7.2576,-6.1507,3.1363,8.8733,5.1159,-8.6098,-0.1325,-2.552,-9.8341,4.3979,1.1519,-9.7085,6.8328,-1.7944,5.1278,7.4461,-6.8942,-7.9438,4.2104,-9.7659,2.7674,5.7175,-5.3166,9.005,-3.1106,4.4761,4.7723,-9.9959,-8.7451,5.5444,-7.663,-2.6369,4.3555,-1.492,3.1323,-5.1965,3.0673,-5.4151,-6.6956,6.8956,6.3591,-8.5722,-4.2378,9.2721,4.6888,7.0547,3.9114,-7.209,1.4289,9.0262,-8.9554,-0.5529,3.0794,-6.285,9.9344,2.2223,3.8646,7.859,9.2467,1.0575,-6.3714,6.7727,2.7697,3.1912,-5.7879,-3.5396,7.4853,-2.2912,-8.2816,1.101,-5.9817,1.4502,6.4815,-3.6798,-3.9237,-5.5933,-9.5259,4.189,2.3004,-5.3213,4.3923,-1.4916,-5.6569,-3.2374,3.3786,3.3388,8.5419,-9.839,-3.1252,-3.3661,2.5668,4.6936,7.0626,4.2993,-6.7717,3.731,9.5142,6.263,-1.7501,8.7174,-9.5823
2.2514,6.75,8.3923,8.8468,7.5573,7.3266,0.8734,-1.9299,3.2937,8.2184,1.9758,5.1015,-7.1553,-6.6545,8.6361,8.1053,0.2141,-5.9672,0.7955,-1.2841,-1.2958,-1.1593,-0.31,-5.3281,-8.893,2.6766,-1.7802,-6.1387,-0.3223,-3.4005,-3.5809,-1.3195,5.3538,-2.5541,4.9214,-0.1316,-4.7581,7.2708,6.4795,-0.1228,-4.6061,-0.4896,-4.5904,-8.639,-0.0965,-8.6452,-1.331,-1.5087,-3.9309,-2.502,8.7957,6.61,-1.8469,0.2642,2.834,-6.5297,-5.3953,-2.1791,-3.3748,8.9615,0.8646,-4.0069,9.8429,1.2547,6.6658,0.289,2.1957,-7.3151,6.2063,4.667,9.9192,-0.9903,-4.8408,-2.951,9.5687,-4.795,-8.6747,8.7039,-9.9895,-1.7191,6.5637,-0.971,-5.5192,4.1074,1.0074,5.1488,-8.7102,0.8841,-6.684,9.7292,3.5602,2.0964,9.438,8.2118,-3.6435,2.2132,6.3628,7.6839,-0.4883,9.5868,0.244,-6.8297,-5.4449,5.5273,6.6751,-1.7707,4.1182,-8.3226,8.467,4.3196,-7.7497,-4.3194,-1.0918,2.8743,0.1556,7.2572,7.859,-4.6068,-8.3433,-4.365,5.1915,-4.204,8.6639,6.293,5.4777,9.5711,4.3853,-6.2005,0.1581,6.9857,-7.6859,-8.4145,-5.4946,-0.3796,-7.682,-9.7557,4.1128,-6.5561,4.9061,-9.4051,-4.4117,-0.1115,-8.3361,1.7505,5.3971,-7.8616,1.2217,7.4904,-2.5693,-5.4866,2.7824,1.5726,4.0452,2.6342,8.8789,3.8375,9.8687,2.1024,-5.7897,3.2092,3.2762,3.1927,8.6936,-2.0895,5.4825,7.2894,-7.6736,0.2574,9.1265,-9.6398,-4.612,-6.9946,4.779,-2.2719,4.448,7.2357,3.0295,8.551,2.2906,-8.7348,-4.0656,7.1409,-3.2735,-6.9684,-8.8627,8.3867,5.2346,5.359,-7.9847,6.9862,1.67,0.2818,7.7688,1.4902,4.8224,6.184,-2.7441,5.6123,2.7012,-2.6467
0.4365,-1.1836,6.1887,0.4736,5.6381,-8.5618,-1.7574,8.2025,9.6431,-5.3545,-9.3744,4.8638,-8.5533,-3.9346,-7.5924,2.9833,-4.6851,-6.8538,7.7865,1.4152,-9.2793,-8.7209,8.6788,2.8134,5.8796,2.154,-6.7517,-4.9402,-4.1869,9.4273,-3.9149,8.8481,9.8306,9.6606,2.097,5.7273,7.8479,1.7537,5.6196,-5.1638,-9.8531,-1.8965,7.8207,-6.0172,0.0749,-3.8882,-0.0049,0.0113,9.7935,4.8784,-3.2426,-5.7737,-0.3845,3.5275,4.3001,-6.985,5.7367,9.4724,-0.59,9.3749,-2.7185,9.3554,-3.6092,-9.6673,-3.6661,-6.9625,-7.6784,5.3447,-1.4983,-6.0246,4.2703,-3.125,-4.7209,9.5919,-8.8821,1.2021,-8.3139,-1.1348,-8.1516,1.0232,5.4008,1.7211,9.5899,8.4219,4.5473,-9.284,-3.3892,8.8157,7.4681,7.5884,-1.8797,1.4614,-4.6622,4.5609,1.2905,0.3882,-0.0189,-1.7016,-2.2609,-1.8713,5.3845,-1.782,-1.1913,8.0468,-3.4739,7.7703,8.6221,8.1644,2.9229,7.7461,4.151,5.2211,-3.406,2.4564,-3.9755,2.296,-9.5878,0.4827,2.7056,4.967,-1.655,3.8589,-5.5221,-5.9053,3.3128,6.4286,5.1495,5.8922,8.4234,-1.1606,-3.2196,4.5063,-2.7089,-2.8522,-1.0486,-7.1267,-7.493,-1.9673,-1.6921,2.4474,-0.3059,-9.0233,-4.2883,0.0678,-3.5328,-3.2447,5.5076,-8.7743,-3.4791,2.661,5.4012,1.2005,5.5823,-2.737,7.3944,-7.9254,-3.5243,4.3077,-9.137,-5.8889,-2.6201,-0.9159,3.6027,0.0676,-0.9709,5.0916,-4.9681,-3.153,0.5645,-9.7441,0.6006,-1.1512,7.9845,6.1102,-3.4571,-3.8006,-8.0731,9.7337,4.0292,9.4551,-3.2226,5.2567,-2.2476,-3.2173,8.7658,1.3161,-2.1157,6.0624,3.4277,-5.6442,-5.7413,4.1165,3.3883,6.6452,3.8486,-9.0924,7.9396,7.9304,-4.9944,5.5319
0.4752,-9.2934,1.9983,9.8502,-6.9939,-3.6436,9.8448,-3.6687,-8.8011,-6.6703,-2.5246,-5.2168,8.6962,-8.1644,7.071,4.0242,3.5181,-4.865,-8.808,-5.1154,-9.0734,-2.4286,-4.3029,0.5148,-8.3939,-2.1125,8.4768,-9.1625,-8.7295,-0.9381,-5.9778,2.7991,-6.2046,2.0524,-7.5776,-5.5077,-3.1339,8.777,-0.6509,9.7699,-9.0369,-9.0158,-4.9579,6.2755,5.5495,-2.5597,-0.4475,0.1644,-2.9767,-6.5657,-9.3071,8.3553,-8.9393,-8.8086,-2.9236,-2.0795,-4.5605,3.9266,4.4954,-5.596,1.869,-0.2537,2.4717,-2.3317,-1.1996,4.5591,-2.8564,-6.8798,-2.7358,-4.4659,2.2007,-6.3188,8.5175,-4.7625,-8.1654,-5.3681,-8.809,-9.4172,-0.4384,-0.4416,-5.845,9.1212,-3.7288,0.8323,-7.5302,-1.5883,-2.6306,8.941,7.8335,-1.6521,8.2317,-9.1989,-9.5483,1.314,4.8228,-5.748,-2.4496,9.1542,7.2476,3.6379,0.2516,6.6588,-3.5895,-5.2868,-0.7393,-5.512,6.4291,-5.2353,-2.8227,-8.9162,-0.9474,4.2962,-9.5544,4.5208,8.2015,-0.2421,0.0979,-3.3482,-5.5828,3.4829,-2.1886,2.1971,6.6358,-6.6836,-3.5531,-3.5477,9.1926,4.5336,-8.8952,-5.1574,4.8182,-7.6154,7.5672,0.0301,3.6935,8.1094,6.7441,7.6628,5.9121,-8.5201,-4.6493,3.0568,-5.4424,-9.3976,3.7888,-4.3607,6.5005,-9.4275,-3.1442,-1.3591,-2.2282,-1.7124,5.1295,-4.9161,3.5415,-3.7332,-6.7829,-3.8737,8.4536,-0.3238,-1.0756,-6.1795,1.5245,6.9704,3.9839,9.2618,9.695,8.0218,2.9264,3.2572,-4.438,2.5119,-2.4098,4.5308,2.5468,8.0782,0.2978,9.192,-0.5716,-5.4795,4.8599,-7.7335,3.6079,9.9841,7.4381,9.1573,3.654,7.1114,0.0939,-0.0456,2.3818,4.8777,2.9745,-3.0604,7.691,-8.0767,4.8926,9.5503,1.1748,-2.9682
-8.3978,9.4374,-9.8531,3.4199,9.8207,-6.1098,-2.4098,-4.7004,4.3204,1.9443,2.2243,-2.9623,8.0758,-0.9377,-5.3408,2.4056,9.6972,-2.3967,2.6914,-2.6996,6.3774,7.4352,1.3787,-7.9646,6.0215,-1.7934,-9.2313,-8.1025,4.5745,-9.7244,-2.334,-4.3999,-2.6062,6.7209,-3.5498,-5.2669,5.1425,-9.5611,-1.1053,6.4456,5.8177,1.522,9.5048,4.7716,6.5313,-2.433,-4.4866,6.9239,-4.6538,3.3931,2.9786,-6.1004,9.7437,-5.7088,0.8091,-4.6209,-0.6111,-4.3304,-1.4705,-2.2587,-1.0559,-2.0109,8.3506,4.515,8.0694,8.8936,-8.3677,5.4065,1.9922,-0.9141,-2.8851,2.5191,-3.9497,-2.9055,2.3952,-0.0488,1.2348,-2.9796,9.6788,7.0467,6.237,-8.1458,2.5443,3.1524,-5.1685,-0.2281,9.8765,1.8189,-5.2125,-8.8967,0.619,8.7957,6.6951,4.8895,-4.5368,9.2387,0.1384,-1.9056,3.4684,-4.3056,1.8941,-3.067,-1.4118,-1.3802,-2.0589,4.7337,6.2135,-4.2316,9.992,-7.9095,2.9718,-0.8675,-1.1968,-1.3998,1.4742,3.9142,-0.8617,4.7619,-9.4049,-3.2932,-6.628,-5.9724,9.9125,1.2739,1.6032,-3.4903,7.6683,-6.7735,3.1581,4.3992,5.4353,-5.5574,8.1599,-2.5042,3.0374,-4.9772,0.091,-6.394,0.6306,6.0367,7.5242,-4.4473,1.8507,-8.6416,-2.0779,5.219,3.6932,3.8815,6.5814,8.8495,-3.2007,8.8634,2.4649,-2.205,-6.9809,5.5101,8.7321,-1.9137,1.0085,-8.0073,-4.6556,4.0402,-2.8018,-3.7212,6.0118,0.7962,3.8831,-3.0002,-2.1807,9.2443,-4.6632,3.7442,-0.9298,-5.8639,-6.4245,-2.0916,-2.0486,-3.9235,-0.0356,7.7103,-3.8813,3.1967,3.1009,5.823,-5.6162,7.618,9.0422,4.2025,4.8448,-3.3477,2.089,9.4702,5.3062,5.6203,7.0498,-1.4602,-2.3052,-0.1769,-9.7205,-6.913
8.4642,9.8904,8.5136,-0.2456,0.3695,5.0332,-3.6526,6.7514,8.2363,2.596,-5.58,7.559,7.8066,-7.2315,6.3822,-9.7958,8.2338,-6.3796,1.8679,-6.8893,-8.8234,-3.5866,-3.7113,-2.6338,-8.6153,1.3825,5.3307,-9.3708,2.088,-3.7683,4.4021,-4.153,6.4252,6.172,0.4501,-3.3498,6.1808,9.2063,6.5431,-7.724,-5.216,-7.4832,8.3856,-1.8308,-7.8714,-5.198,8.2109,1.7644,-3.0913,2.9426,9.8988,-4.2848,-4.8687,3.306,-8.9998,7.1346,-3.8275,2.4044,7.3039,9.1453,-7.8247,0.5534,3.3636,-7.2702,4.0196,-5.7756,0.9437,3.442,-9.3557,-4.0558,3.0735,9.1639,-5.2374,5.3767,2.2976,-7.3406,8.9947,7.3142,8.5395,7.1468,4.576,-6.1623,-0.5877,3.7952,-1.8469,-9.127,4.2845,-0.9026,5.3976,1.9157,7.662,-4.5232,1.5577,-6.3671,-6.2622,-7.7859,-7.2917,-9.1316,2.3011,-4.5906,-6.78,1.3685,8.246,-0.9668,8.4007,8.1124,5.5042,-3.5357,-7.979,-8.5986,3.6028,-6.9251,9.0034,2.8075,-9.9419,-0.8664,6.2941,-4.3946,-7.304,-3.0432,-8.42,5.7183,8.0562,7.9554,6.048,4.6356,-4.7376,6.4785,6.6777,-5.6668,5.4279,6.6234,-8.6293,7.9473,-9.5594,8.9393,-3.8357,-3.6597,-6.9878,7.7318,5.1663,-6.3018,-0.9915,-3.8399,7.5429,9.2314,2.5168,0.2355,-5.2651,-3.7559,-1.1198,-0.4191,3.7933,0.8312,7.329,0.0065,-5.404,9.2624,-9.8202,5.8125,1.3373,-9.0528,9.8185,-1.3051,-7.7667,-6.7386,-3.421,2.6798,7.1546,-5.2039,-1.2882,2.43,-8.5602,5.224,-5.3307,3.1492,6.7184,7.995,4.1489,-4.4728,-0.9832,-6.8418,6.1813,6.3973,-3.1723,9.2726,-9.486,5.516,7.8929,7.9714,7.3557,-1.8893,-1.3996,-8.1448,-7.6822,-4.566,8.5508,5.8881,-3.6056,-2.9327
-0.0566,-8.5676,-7.1497,3.0712,-6.5513,0.3712,9.8653,-5.3203,8.2826,-7.1344,8.6759,-3.1559,-2.3283,-8.413,1.0289,9.68,2.5469,3.5302,-3.9398,2.9404,-2.8601,-3.2707,-8.3927,-3.3658,-9.9028,-8.4197,-3.9023,8.8479,6.209,2.063,-2.2398,-8.344,-5.2818,-5.7536,4.7036,-7.4829,-9.301,6.8188,2.4671,6.0218,8.2423,-9.3759,0.3384,3.2946,3.2171,-6.5899,-4.3767,-9.5863,8.183,0.6474,2.1652,8.3548,-0.0743,-7.6875,4.4861,-9.569,-9.843,-9.1924,-3.5703,-8.6999,-9.5666,2.0393,6.7533,5.1691,1.5104,-7.3564,-8.2921,-3.493,-0.5671,7.8246,2.7176,-9.503,-4.7145,-1.4234,-1.566,6.5541,6.8224,-2.9771,3.7956,3.6126,2.5982,6.4572,6.5076,-0.8529,3.7708,-4.4246,4.0354,-1.5007,-7.9011,-0.4821,4.2787,5.6638,4.3721,-5.5082,-2.2702,4.6837,8.3684,1.0478,-7.9772,-2.4882,9.3348,-8.7584,4.232,3.4329,-4.49,6.4877,-5.6865,5.6061,-7.9006,8.2271,2.8955,-3.23,2.366,2.3039,3.2552,-2.566,-0.9199,-7.4603,3.3013,1.2992,5.9433,-4.5767,-4.1362,9.0402,-0.7263,-2.7013,2.7685,4.3261,4.2871,2.963,2.9422,9.5168,2.5393,-3.7552,-9.2515,-6.8016,-0.8365,0.3551,-2.556,-6.5207,6.8601,8.3717,2.2271,9.3555,-4.5275,2.3705,4.6532,4.4283,-1.1771,0.3498,-5.7857,7.5758,9.2518,0.627,-7.3484,2.7408,-9.5328,-9.0194,5.7981,4.575,2.5855,3.3074,-4.8636,1.9631,-6.137,2.4791,-2.8806,-9.8662,5.9445,6.3991,2.0111,-8.3678,0.6445,-4.2675,7.5094,-9.415,1.7662,-5.9941,-6.7831,-4.6758,4.5329,1.0734,9.4473,3.7964,6.4783,-0.6197,-2.8858,-7.1821,-9.8421,-3.8496,-8.6074,7.1725,-8.5947,6.1218,6.1233,8.3391,7.4761,9.8217,5.7054,5.1212
-6.0009,-8.2681,-0.0872,9.7606,-7.7943,-7.4928,7.8793,0.2743,3.1353,9.5839,-6.5537,-3.0615,9.4948,2.3035,-3.1742,-0.5307,-8.8524,7.4999,-9.1754,-1.3145,4.8851,-1.6915,-6.1273,1.3967,1.0615,-9.042,0.1183,7.8876,5.2805,8.2563,1.75,-7.9487,-9.7,-7.437,4.1535,2.6759,7.8559,7.2977,5.0637,-3.6511,6.7197,0.4069,-7.0198,-2.766,8.3488,-5.0291,-3.0893,0.5272,4.3191,-1.795,0.1869,-0.2038,-3.5678,6.8669,-1.6994,6.4758,5.1352,-9.252,3.153,-3.2715,-8.9209,5.4363,0.8128,1.2998,-0.2276,0.8368,9.7711,5.4333,9.8138,3.4946,-0.8198,9.2505,1.4834,-0.9116,-1.0965,-6.1253,-7.7189,-1.6342,5.7097,7.5187,-2.5385,5.4451,-8.8924,-7.1209,-1.1998,7.3873,-6.3954,2.1311,-5.433,7.0931,1.1627,0.0987,-0.1296,-3.6565,6.556,-2.0564,-7.217,6.2255,9.8911,-9.0162,-0.7056,-6.6583,-0.3928,-1.837,4.2314,-6.8788,-2.9538,-9.2111,4.5048,-6.6679,-4.7749,0.3562,-6.5416,-6.9278,-5.425,9.0372,-5.3601,-9.1671,0.7928,6.8254,4.3576,-0.6476,0.5734,2.7457,-6.3707,-8.6683,-0.0684,-8.7171,7.6172,5.9515,-5.2709,-1.7735,6.3013,8.3755,1.8366,-8.4209,-1.4237,6.5334,-1.1626,3.0542,-7.1569,5.687,5.1396,-7.7312,6.9249,-2.6158,0.733,-7.6216,-0.3194,9.5996,6.6952,3.8216,-7.6843,8.7506,-9.014,1.2269,-5.8785,-9.5827,-7.346,-2.588,9.4051,-7.3989,-1.6413,1.693,8.4049,-1.2829,0.8587,-2.7047,7.08,-0.7675,-8.7647,1.1966,-6.101,-5.8934,4.5927,6.1077,-3.4249,-1.8792,9.9361,7.7977,5.0078,3.1335,-7.5963,1.514,-4.9446,-3.2165,-3.0192,-0.929,3.2568,-9.5905,-1.7171,8.8147,-3.9957,-2.6726,8.6481,8.6257,-0.1435,9.2585,-6.5452,-8.1735
-0.3693,-2.9851,-8.2892,6.2007,6.1739,-2.4505,3.1648,-6.9886,8.0298,1.2241,-1.6958,-3.9459,9.044,7.9352,0.9725,7.0984,1.2586,-1.9444,6.4794,5.2189,-2.19,2.1698,2.4153,-9.0413,9.5577,-9.049,7.9496,-0.5137,-9.2168,8.9058,6.1035,-1.5757,-3.0968,-6.674,6.0912,-2.8203,5.3113,-4.4723,-7.9839,-8.7515,-1.6269,3.5833,-0.4134,-0.807,2.6513,9.1743,7.3086,8.4394,-7.2971,1.918,-4.9786,3.0203,0.4565,5.5131,-0.3108,9.1846,0.2721,-9.7437,7.5794,-3.0924,2.8886,9.1319,7.3083,4.9502,-8.141,5.103,-1.1455,5.1333,8.1728,-4.907,-7.2655,-6.1356,1.1091,-4.6826,6.3153,7.6692,8.3717,0.5294,-0.6474,-5.3506,-0.4173,4.5583,-3.5953,-9.4252,-3.0321,5.2512,2.7454,-5.3137,0.4692,5.7127,6.6637,4.5132,6.5848,5.6049,-2.0243,-4.0787,-0.5065,6.3313,9.8124,3.4451,-2.9403,7.7561,0.1904,-0.6269,-3.813,8.9411,5.3337,4.7273,2.8749,-9.4657,1.7952,-0.9099,-5.0513,5.4584,-4.3188,1.5071,-9.1529,-0.983,2.908,-4.8585,-7.3399,-3.368,7.1882,5.0801,0.2443,3.9634,6.9164,5.6647,-5.3202,4.4333,-6.3961,-1.0705,-9.6005,-9.4928,2.8583,-9.4106,-9.6116,0.6953,-6.8843,4.7619,-1.5333,0.2137,7.9048,2.2283,-0.5464,-7.6157,8.257,8.4699,7.9918,8.5582,-3.8883,-2.8133,-7.9324,-1.0547,9.2336,0.5984,-2.695,3.5371,-7.1832,2.2201,-0.2652,4.603,4.3915,4.5488,3.7998,9.7738,5.8832,-1.688,3.3721,7.9327,-0.1579,2.1824,6.1977,-7.5273,-2.5244,2.4196,-9.3918,-7.0355,1.9851,-2.5776,-6.834,8.8151,-5.7954,1.5801,4.8497,-9.5035,-0.2244,-2.3581,6.7245,-7.146,-4.7174,-0.4977,0.434,-3.8836,-8.0721,0.5915,-7.9435,0.357,0.1738,7.5203
5.6094,-9.5684,8.2737,-9.248,7.0113,-7.1772,0.4416,9.1649,-7.1294,9.5712,1.2159,-7.1319,9.7394,-5.8943,9.9878,-0.6904,2.7134,-3.9306,-6.7913,7.6802,-9.8589,-2.231,-9.52,-1.7691,-0.6347,-6.2426,-3.943,3.9678,0.8349,2.6766,5.4408,3.1498,-8.7207,-3.4531,7.1371,1.8343,1.2951,3.7459,3.602,-6.7065,2.8077,9.4017,6.5989,7.9137,-3.3405,-4.6414,-5.0394,-3.0806,5.8716,-1.2779,-7.4055,-1.0494,-0.6213,8.6868,8.4003,0.0144,2.6799,-8.3053,8.5891,-0.0674,6.2038,7.1895,-2.585,-7.5422,-3.324,-2.1417,9.7043,3.5491,-9.8352,4.6279,-8.416,9.2882,-1.4535,7.2602,2.7925,9.6905,-4.6704,1.6332,0.8949,5.0754,-9.078,6.9512,8.0264,-4.3968,2.1844,3.915,-8.8452,-2.2602,-3.1566,-4.3595,6.7058,-1.8225,9.3677,2.0117,-3.9613,5.3373,9.3899,-7.7578,4.0843,-0.721,6.8462,9.384,5.6765,8.4569,-5.6856,-2.4208,7.1922,6.3704,-8.1959,-4.2071,-7.2181,8.4522,4.7068,-1.2249,-3.2689,-3.2274,-6.2483,0.5305,2.6129,6.9887,8.8446,-1.8129,-3.1955,8.4208,-6.639,2.1567,1.6179,5.7295,-5.8373,-1.9717,-3.8884,-1.8192,5.8447,-4.7304,-5.0258,7.1246,2.7125,-6.4779,-9.137,-0.6231,-9.0899,9.8035,-8.3128,-3.4658,-7.882,2.2767,4.6231,-3.3006,9.8372,-3.5075,-2.6426,-2.4081,4.914,-9.8546,-9.4872,2.2389,-2.3439,-0.2386,-1.9316,6.4154,3.5348,1.082,4.4869,2.0726,-8.816,9.8776,-9.4393,8.0558,2.9475,-0.2328,0.82,4.1371,2.4916,3.2415,-1.4088,-5.1607,5.5347,0.55,-2.7886,6.8358,0.3207,5.7135,-4.2135,9.2624,5.7921,2.5959,-5.1632,-7.416,-9.2192,-8.1325,-1.0728,-5.62,6.622,0.0084,7.9125,-8.0618,7.0035,2.0622,-5.8286,8.9941
-4.7572,3.0254,4.4463,0.0471,-7.1517,2.6946,-8.8552,2.879,9.1447,-7.9878,2.111,-2.7959,7.7386,-3.7774,-5.4009,-9.561,2.9215,6.8844,0.5159,4.7876,4.1451,6.5435,-8.8012,8.8733,9.9477,-7.3792,-1.7878,5.0214,1.5308,-4.0367,-9.45,-3.8711,7.6987,1.5646,-3.7479,-8.8292,-8.7668,-2.2203,7.2943,-9.8438,-8.202,-2.5653,1.5636,4.2495,-6.3526,-8.7064,-8.7654,-2.2068,3.152,-0.8024,-3.4066,3.7858,-0.0237,-2.8268,-0.1478,7.9385,-2.1813,-2.7711,4.9923,7.9703,-5.3161,4.7389,-6.2204,-4.1862,-7.0143,6.4187,-5.2265,6.2958,-0.2138,-7.1233,6.9903,2.0558,2.1677,-0.8899,-9.9509,-1.0648,-1.3192,-0.3752,2.1634,-8.2191,3.2309,4.2534,8.8189,6.0385,-1.2124,-9.163,1.4119,7.7169,-0.6625,-9.522,7.9335,3.7085,-3.2774,-9.4622,-0.3352,0.48,2.6149,9.9973,6.5734,1.6356,1.1683,2.7981,-3.1065,-6.6124,-4.8342,7.9296,9.4049,-2.4875,-7.0538,-7.7976,1.8969,-2.061,9.8915,8.0267,3.5516,-0.4123,-8.716,3.8148,3.6097,5.9788,0.6731,7.7421,-7.1812,-1.7928,4.0377,-7.434,1.33,5.2321,8.1867,-1.7384,0.7081,8.1771,6.2734,-6.1217,9.2905,-6.0683,-3.7529,0.4921,-6.1738,1.9252,-8.3943,-3.1437,1.8625,-3.2484,9.7606,-8.8909,-5.8834,-7.7188,-1.2944,6.106,7.0249,-1.097,7.8607,9.7031,-1.8268,-7.6359,6.0619,-6.3526,1.9532,-1.6554,7.7475,-1.434,1.435,7.7507,-7.1854,8.1765,-2.1414,-2.806,-1.7819,9.0602,1.1279,1.9041,4.7648,1.2141,6.5707,3.2109,8.7894,-7.0419,7.0986,-3.7342,6.7798,1.9375,-4.6423,6.077,-6.9792,9.3854,-8.757,0.2397,-2.3014,7.3566,-3.385,7.1564,-3.7457,-7.1923,-5.3243,8.0212,2.8201,8.1606,3.339,7.6114
-9.2345,-0.1166,7.9328,-4.1729,-3.963,0.3927,-1.2845,-7.2814,-5.4132,8.1977,3.4464,-2.7228,0.9454,7.7011,1.0392,2.2156,2.5774,7.1724,2.1834,-7.361,0.3859,-2.3454,-5.0,-3.8864,-9.5815,0.3408,2.6102,-2.4324,9.4555,-1.3436,-6.3241,-0.4665,-1.1736,-5.8429,5.9379,-4.5073,-6.7984,9.5001,-6.9513,-7.384,4.2844,-0.4668,5.5425,-0.1379,9.8677,-2.0476,0.3959,5.1502,2.1185,8.3799,-7.3976,-8.7275,3.6027,-2.6732,-5.6084,-7.181,-1.166,2.9222,9.075,6.8196,4.82,-8.5465,6.0311,5.9467,-5.1202,-1.2465,3.9117,-0.162,8.8723,4.1852,-8.4539,-2.5897,-0.2592,3.6223,-6.3089,5.8128,-1.4878,1.7089,-4.9866,3.4508,2.7899,-0.2015,2.1111,9.6616,-6.7492,5.1793,-1.0815,0.0706,0.3859,9.7597,-6.5404,-1.5978,0.8581,-9.71,1.5524,-1.5578,-7.4394,5.004,6.9783,-4.2984,-8.2789,-0.1818,9.4301,7.5455,8.2073,-7.3078,5.5939,5.4156,2.998,-2.971,-0.1425,2.1657,6.7089,-7.8588,9.2269,-5.404,-2.1996,7.3618,0.751,4.9157,-2.6521,-0.8685,6.7406,-4.7432,4.2606,-6.0269,5.7971,0.0503,-6.1865,9.5181,4.4959,5.556,6.563,0.7198,5.7703,-1.1287,-5.2251,6.388,-8.811,-8.7771,-3.9027,1.954,-7.6547,-2.955,-3.3584,-6.2748,9.7076,-1.0913,6.5011,7.6711,-5.681,3.0204,3.5119,-8.6737,9.7487,-0.1982,-9.8823,4.6634,9.2657,-4.489,9.1932,3.5265,5.3152,-7.9313,-0.946,2.8147,-9.4864,1.142,5.297,-4.3024,-3.1623,7.7753,-1.1351,-2.1666,-6.4151,0.3323,-2.3529,-0.7182,-2.764,-6.5199,4.8852,-7.2087,4.7138,5.9399,4.3186,-2.2961,-1.7103,4.2425,-4.9348,3.7312,8.2926,8.5649,-8.6047,-9.9277,5.8517,-0.6889,-7.5025,-5.3613,-2.1524,-6.8242
0.0643,-5.0174,-6.5411,3.0309,-0.0495,-8.6879,-1.295,6.7988,-3.6284,7.5077,2.1325,0.2634,-6.39,-7.636,8.086,7.2901,-4.0565,-0.1584,-8.5142,-5.3642,8.3052,-5.0686,5.3041,3.4034,-7.1927,-7.0459,-9.4962,-6.4339,-9.1391,-9.4916,-5.3102,2.2635,-0.0881,0.9068,2.2263,-9.5266,-6.0695,-5.4294,6.9399,-6.1552,-0.8248,-2.0432,7.1454,0.0371,-1.1492,5.3529,4.7267,7.8969,8.0659,9.1471,2.8162,-1.8563,9.9255,1.9125,7.0777,1.4498,-5.5505,-3.4688,3.8411,-7.5106,-5.9401,-2.5764,6.2407,0.3197,8.1154,-0.216,-4.5812,4.6156,-2.3473,8.9052,8.44,2.015,-8.8855,9.9833,7.5412,1.5359,-4.2066,5.1478,9.9227,2.4524,3.558,7.4694,7.6829,6.8937,-2.9362,4.1382,-5.5936,-8.7181,-3.6694,-1.6113,1.2024,5.7015,-1.155,2.5547,1.7407,-3.0296,0.9897,-1.6338,3.1086,2.3025,6.0102,-1.9174,-2.6598,-1.2587,6.6689,6.776,-9.0392,5.8823,9.0093,-7.4402,2.8514,5.8426,-1.8463,2.3809,-2.2722,1.8365,6.9731,0.1443,2.076,0.4149,8.5057,-2.1639,-8.9448,2.8872,8.7733,-8.008,9.3106,-2.7555,7.1869,-9.3365,-2.7671,8.3295,-5.1766,-5.3511,2.4964,1.3682,5.1658,7.2198,-9.1756,1.8638,-6.5383,3.2005,-1.2262,5.72,0.8759,-5.3874,-0.2183,6.6234,-5.3363,-1.2226,-2.7084,2.0528,6.8021,3.9939,1.1599,-4.9038,-7.0859,0.6521,5.6172,6.5278,-9.4465,8.2444,4.9185,1.8323,4.453,-0.7038,-8.0311,-6.3262,-9.8434,-5.5477,8.5462,6.4911,1.4267,-1.5111,0.7973,-0.0769,0.4022,-1.2053,-5.1302,0.4357,-1.3635,-3.1143,-4.6411,-8.5805,-3.4835,5.0826,-9.5544,8.9984,-8.9638,-7.2583,8.5086,7.1013,-5.4861,3.2739,0.9493,-6.0064,2.1553,-7.8969,6.4593,-2.5943
-9.4085,3.4965,-6.4998,9.1521,-3.4838,0.927,-7.6343,-3.5061,0.0787,3.4631,6.2158,1.6678,5.2347,-3.9041,-6.8556,-5.4117,-4.878,1.4365,-1.2936,4.9208,-2.6296,-4.3396,-2.7307,2.0038,6.2002,-8.9977,-1.5176,-9.9393,-0.7731,8.3955,0.7541,6.156,3.2055,6.3535,3.6482,2.4307,-3.2482,2.06,0.469,9.2868,9.2713,-0.6649,-1.1872,9.8438,9.3989,-4.6814,3.3889,7.67,-1.039,-2.6709,-1.8051,-5.5707,7.2491,-2.1692,-6.3716,-8.5257,-6.6525,-7.107,5.7907,9.2171,-4.1827,-8.2218,1.7117,-2.6817,8.8553,-1.0758,-5.924,-7.5524,-4.5038,-7.1749,6.7987,9.5877,5.4514,-3.5026,2.708,-6.7532,5.3973,5.3833,-0.9352,-2.1355,-5.589,4.6229,-7.9225,2.4172,5.0927,3.7256,6.6247,-0.9931,-2.8785,-5.1334,-6.7199,3.2661,-5.1889,-7.6585,3.2287,-9.2001,-5.1512,4.259,0.1504,-8.3138,1.9518,-6.9267,-2.1263,8.8699,-7.3424,3.5066,-5.0416,-8.3109,3.1206,3.6403,-9.6197,6.1323,6.7399,-3.2015,-2.8403,-7.3655,-1.4732,7.5458,7.7703,-7.6984,-7.5855,-2.9616,9.1394,-7.1439,-4.4003,-1.4963,-0.8183,2.3566,9.7545,-8.965,-1.7553,-6.3736,-6.9779,-2.7532,3.1638,-5.7796,5.6118,-8.192,-1.4524,-1.0043,-9.1572,1.3821,-1.8077,6.0747,-4.5997,-1.0986,5.315,2.471,1.3379,2.7216,8.801,4.0819,8.5944,-1.6324,-6.6958,-1.314,-0.7749,-8.0913,-8.9381,9.0331,0.7454,7.7142,-0.5684,2.0905,2.63,-5.0819,0.8867,3.5677,7.0018,8.1909,4.9546,-7.4254,8.555,-2.9174,1.4365,4.6422,2.0323,-0.7311,1.5399,8.2694,-2.6548,2.6721,8.7044,-6.7685,-7.388,8.5066,5.8781,-0.6324,6.367,-9.221,3.9764,-9.2481,-0.7406,-8.1356,1.3524,-5.5714,-7.5546,-0.8936,9.4533,-4.9904
-2.5939,-2.9793,5.6614,-6.0657,7.5508,4.7128,6.5761,3.6683,-7.6331,3.4296,-6.4922,8.0271,-1.3136,-7.0219,-5.7445,-3.4343,-1.648,1.8599,-5.2303,6.8835,2.1952,7.2128,2.5573,-2.3675,4.4681,3.5145,-7.4598,-7.9862,-0.5164,-3.8237,9.4442,-4.0838,-2.8517,3.3897,4.8923,8.0788,7.8805,5.0057,-7.7598,-4.2481,-1.7376,9.4289,5.8846,-4.5855,6.5502,2.6816,8.0766,4.3348,2.9824,6.2207,-4.5642,-0.2032,-9.7214,-2.0997,-9.8125,2.3179,4.6685,4.9831,4.3171,6.1147,6.0307,-6.5708,7.1168,7.4825,-3.5724,6.3341,6.636,-6.2986,6.3316,-7.7804,0.1297,6.6892,-5.1246,-1.7273,3.9596,9.4296,1.9373,9.2267,2.1183,-8.9722,0.3096,8.3966,-2.4126,5.0438,8.4739,-5.8218,-7.2366,-7.887,4.747,6.429,4.0539,7.5043,-1.2904,-2.6975,3.4245,-8.2315,8.2987,-7.6741,5.5487,7.7652,4.5529,-3.466,-8.376,8.295,-6.6627,1.6064,9.0575,4.1425,9.9529,3.8708,5.0339,-4.4134,-5.6631,4.927,-5.669,-0.9788,2.1596,-8.7868,7.1846,2.7314,2.279,-4.3271,7.6533,-2.281,-1.0373,-0.5064,-9.4873,0.7014,-8.9428,1.9534,-0.818,1.7572,-9.1695,7.4182,7.6191,-7.7588,8.8103,-3.9509,-4.2548,-7.1102,8.8572,0.3889,0.6482,-0.9162,-4.6973,-5.9836,-2.5557,3.2691,-2.2524,3.0708,2.5874,9.9226,5.0412,8.1754,5.1434,-8.8546,-8.7739,-0.185,6.7799,1.9014,-8.6649,7.4518,-1.0197,-2.9231,9.4741,-2.0748,7.115,-0.9604,-4.5727,-5.9624,-2.4895,9.438,2.6946,1.902,4.1775,1.5478,6.8629,8.4692,-1.519,9.3401,6.1495,-6.4389,1.4219,2.9631,-7.2364,-3.0026,7.6765,4.7366,-6.5236,6.5222,-0.0849,9.4019,9.3761,-4.2573,3.1103,0.3301,-7.7814,6.7027,-0.1186,-5.1009
-0.417,6.4081,-4.2321,1.2894,-6.4743,6.383,5.3551,5.2998,-1.2035,5.4321,-2.6123,4.6993,1.1959,8.4017,7.2128,8.3972,3.7689,6.7665,1.8731,8.9288,-8.1148,-7.046,8.6982,0.9969,6.7037,7.0436,-9.3993,-6.3014,2.2075,-3.7132,3.6521,5.9924,2.1983,2.5684,0.9856,-0.2726,9.6594,3.9864,-0.5791,-5.6945,7.6713,-4.6459,7.2552,1.8737,0.9709,1.4171,4.6452,-2.6782,-8.9967,6.9572,-1.6098,-7.8078,6.3975,1.6357,1.9385,7.1514,6.8473,-1.1979,-5.4065,-3.2607,3.1505,-4.705,-8.1891,-7.201,3.5727,-6.7317,5.9527,7.208,-2.0367,2.5185,-1.5768,-1.4864,3.851,0.9109,-1.291,5.0445,-1.2848,-9.0929,-2.6443,-9.7323,2.0135,-9.532,5.6628,-3.1106,-5.2436,-6.8473,-7.1752,-0.3517,3.9445,-7.0951,-1.6916,3.9557,8.7349,-6.3393,-4.6789,1.2218,6.5209,-2.5989,0.6714,-8.6117,9.296,-5.2288,4.177,-6.4881,3.6151,-7.3173,-5.2036,1.2548,-4.4155,7.4928,7.3462,-4.9004,-9.2188,4.2008,6.5509,-3.1044,0.5747,4.0617,5.1187,-2.4499,-5.8386,5.8636,-6.824,7.1093,0.1737,9.3554,-6.7344,-3.8485,4.4997,-3.6307,0.2154,-3.4218,-9.3325,9.7951,7.231,-7.8034,4.2858,5.6472,9.7816,3.3374,5.8971,-5.8745,5.5506,7.7781,-0.4728,-9.5719,-4.8242,-8.0007,-5.307,3.8152,-6.7675,-8.2579,-2.0434,-5.0012,1.4362,-8.6397,-9.064,-7.3365,7.1543,0.2209,5.2771,-8.7143,8.0567,-1.7404,-7.9288,7.441,-1.8945,7.6265,6.8871,5.4613,7.944,-6.4759,-8.601,-5.8306,5.3861,-4.1082,3.7162,3.0908,-0.7405,-1.2654,3.6292,-7.4731,-6.9839,-9.7595,-8.4475,8.4945,6.8023,0.1196,3.9755,-6.3432,8.9445,0.3176,6.7451,-3.1718,-4.3291,9.7825,0.9541,5.3262,4.9063,5.3786
8.6832,1.5867,2.4723,-6.0264,4.0512,7.2107,-8.2647,-4.1204,9.3123,-6.9608,5.6571,2.8945,3.6029,6.6158,-2.383,-0.358,8.7667,1.5593,-6.8305,6.9978,0.1056,-8.3091,-8.3374,7.4583,-8.1205,4.2221,6.2431,-3.8795,-8.5821,-4.9501,8.9306,3.695,2.2311,-6.0505,-7.7365,-5.8962,7.7826,-7.2416,-4.5689,-3.5295,-3.9241,-3.7517,8.4767,1.8899,4.0886,-5.2586,6.7899,-6.5703,-5.0144,-4.233,6.7588,5.2842,1.0509,1.5273,0.3352,-2.1904,4.1452,-1.8573,-2.3178,6.5253,8.1679,1.1318,-5.5742,1.3602,6.2842,-2.8642,-2.1718,7.0294,7.2546,7.6043,-1.0622,9.9252,0.3531,-6.856,8.8321,1.7226,-0.4833,7.089,3.9367,3.6319,3.1507,8.2511,-9.743,-4.5107,-2.1583,-2.3601,5.511,-2.1099,3.3357,6.5789,-9.6145,-1.52,2.7335,6.6169,-3.8102,-5.171,-2.8637,7.674,3.5094,-5.3491,9.1383,-5.4519,2.9867,-2.1644,0.2165,-6.3956,-1.3677,8.9353,0.9552,-8.7656,9.8947,0.8424,-4.8381,2.9515,-2.0924,-3.436,2.7788,-4.5888,8.8709,-4.1285,-0.7746,4.3188,6.8155,2.5614,-6.3481,6.8348,-3.1928,6.9066,-5.2816,-1.3919,9.7245,-8.63,2.505,-6.1332,1.9903,-1.7469,-2.4142,5.8764,-2.7284,-6.1435,-7.3821,0.2273,-4.967,0.1729,5.4682,-7.3862,-4.193,-7.6945,-8.2992,-7.8526,-8.1735,1.0219,-7.6598,-0.2832,-8.2465,8.602,-7.7904,7.9921,7.9409,-6.8426,2.03,8.9664,-5.2287,3.5846,-9.4021,5.5533,3.6558,-0.2851,2.0259,3.9519,-6.8054,-8.36,2.9136,-8.671,1.22,3.0635,-0.0171,2.8463,5.293,6.0755,0.1665,-0.3568,3.0685,-0.6734,3.6043,-5.218,-3.2879,-6.8886,-4.2337,-1.5635,7.9637,-6.563,-6.3547,-3.29,-6.1011,4.9929,3.2016,5.6347,-6.1109,-4.4326
-9.3869,8.8564,2.032,0.7691,2.4726,8.7855,-4.8276,9.6747,-4.6829,-8.8614,-1.6817,5.1242,3.1861,9.8908,-5.0567,4.2088,3.5934,7.4922,-1.2015,-9.0591,-0.82,-7.5923,-7.4176,1.0874,0.4253,6.4911,2.4888,7.6082,-5.3523,-0.0788,4.461,7.6256,1.9698,-8.7574,-9.443,-3.0383,-4.1479,-0.2525,3.088,-4.102,-0.6083,-7.566,-9.6714,-5.1647,4.0431,9.2014,1.8216,-9.3575,1.8419,6.5218,-7.64,-5.7504,7.1615,-4.1279,-0.2346,-8.7538,-0.2924,8.495,7.5114,9.524,-8.6587,8.6674,-2.0615,-2.8745,2.4206,9.775,-4.1892,8.9753,4.9646,2.8793,-4.7936,0.2445,-3.1034,4.4655,-3.6321,8.5354,5.6321,-1.6008,-1.623,5.8411,6.9866,2.2089,-3.2116,-7.5977,4.3432,0.4685,-1.5358,-1.209,-1.3554,6.9656,4.4074,8.4748,-8.7381,-7.4457,-0.086,6.9361,-7.9433,-2.9955,-8.8984,8.5398,-6.9027,-7.6378,6.6207,0.3675,-6.7701,2.5922,-7.9038,-5.278,7.2988,7.7392,-3.113,-9.0078,6.2958,-3.814,-9.6689,5.5641,7.1185,5.6002,-0.1392,-2.9075,1.9926,-5.7431,-7.7741,-0.0881,0.4747,-2.3456,-0.5344,4.3866,5.3252,8.9815,-1.9869,2.092,-5.0578,-0.5377,-2.5535,-9.0698,5.3046,-4.0487,-8.5862,-9.4097,7.4078,-2.9806,-7.145,3.0138,8.5542,-3.5315,-3.1762,9.6015,6.0285,-9.416,6.2227,-3.3311,-5.3236,-8.1892,-2.5431,-3.6496,6.4314,2.3057,-2.3718,-8.282,0.3254,6.4108,9.6956,-1.0667,-8.5371,2.7148,-1.1457,-2.8203,-4.7294,-5.8986,3.9683,-4.1461,7.0716,4.6064,-8.1284,-1.5836,7.0283,-0.0488,3.0229,-3.0789,3.6687,4.0653,-5.645,-8.2739,4.8134,5.3498,-4.334,-4.8541,3.1312,5.5502,3.4039,1.2009,-7.1205,-9.7097,-4.3617,9.7014,3.0191,-7.0952,2.9251,-7.3251
8.542,3.3563,5.1732,-3.2588,5.1127,-5.3651,-8.1865,5.4554,-7.9939,-5.8358,-2.9084,4.3172,-1.0292,1.0724,2.9815,-4.8473,6.7551,7.9852,7.178,-1.1507,-7.557,0.8178,9.8186,9.2533,-6.3154,-8.7677,-6.6385,7.1389,3.9598,-9.7126,3.6112,0.3947,9.9648,-8.7768,8.4265,-5.121,9.763,-4.8112,-7.8735,-0.6332,5.9774,4.0057,8.9191,-7.4605,0.2528,-9.5021,2.0964,-3.0137,-5.7738,-9.0718,-1.6187,-0.9982,2.9185,5.7922,5.4589,-7.103,-8.0274,4.0636,3.8588,0.6817,-3.2743,-0.1157,-3.4162,7.6561,3.6431,-3.1785,-6.4057,8.6849,5.0844,-4.7507,9.1438,-3.7252,9.6523,6.3185,9.5626,-9.5659,4.7995,0.7919,3.3316,7.2399,-7.9023,9.4332,2.0904,-8.9573,7.7065,6.5317,0.8297,3.2503,-4.479,9.8922,-3.7789,-4.0839,-8.323,1.2284,-2.2253,-9.8868,0.2403,-5.7861,6.1137,-6.5744,4.0775,-8.5271,9.2991,-6.7244,-2.7123,-8.2595,-3.0953,-5.9872,-8.0715,-5.4608,0.9712,-9.6356,9.3944,7.2302,3.497,-1.181,9.3586,-7.2793,-4.749,7.2417,-5.3625,-1.7328,-2.5404,5.2926,-7.7606,2.9059,-3.2171,6.0547,-3.378,4.0584,5.4591,4.395,3.6752,-3.4637,3.0445,-0.2617,6.201,2.4247,0.9675,5.3163,2.7242,9.1358,9.3923,0.8371,2.1231,-4.7303,-6.0705,5.0745,-7.2168,-8.1323,7.0705,-8.3375,-5.3185,8.9426,2.9617,1.2557,6.9296,1.6311,1.8427,9.5883,5.342,1.4342,5.1807,-8.6985,6.7747,-2.6615,4.5286,-3.325,9.6586,-4.7091,1.3108,6.708,-9.5526,0.7921,5.9523,-7.2772,-4.5755,-0.2513,-2.3177,-0.9898,-7.403,-1.652,-1.4334,-2.9177,-8.666,-3.1013,-9.7746,6.8763,-7.9639,4.8551,1.5998,2.3038,1.0803,5.2542,4.4498,7.028,-5.4873,-2.0403,2.0183,-4.3033
-3.3919,-5.0156,7.7931,5.7066,4.2795,1.8464,-2.5199,1.6874,-3.2172,7.3603,1.9669,-5.7853,1.4943,-1.8505,-0.7994,-4.5756,6.194,-4.9641,-5.0307,-9.1594,4.1357,8.4266,1.9174,0.6888,-7.1263,-0.4941,-1.0895,3.2276,-4.0489,7.1744,8.7643,3.8579,1.0035,-2.6412,-1.8553,9.1328,-2.6896,2.4936,2.4074,-3.2759,-1.7545,9.2994,-3.5224,0.6413,7.6891,-6.4278,-3.8489,6.4368,-6.6329,3.7744,-6.3852,1.0447,2.4975,-7.5998,-7.8892,-9.617,5.6064,-8.6111,6.2374,4.739,-3.092,7.016,-6.3831,7.4682,-4.2921,-8.4191,-6.6406,-7.294,8.9787,-0.0506,1.4804,1.0923,4.5075,-5.0882,-6.2806,-4.0482,8.7226,-2.4547,3.5665,-9.934,0.2457,2.9164,-8.6387,6.4266,-6.9508,7.559,-1.4227,-1.0229,-2.5874,9.9628,-4.249,-5.0364,6.4859,6.5284,0.4561,7.8674,4.0855,6.8361,-8.0469,-1.6238,-3.2832,-4.5026,-8.472,2.8494,-7.4874,-1.906,-4.4725,6.5451,7.8816,-9.7923,-0.0373,-9.2011,6.3158,-2.0492,7.8157,-9.6885,-5.2965,-5.2337,3.4868,0.6732,7.7098,1.729,-0.0632,6.4862,9.8224,7.5859,-7.8593,7.4939,-9.2335,-2.2595,5.6271,-0.012,6.4975,7.8416,-1.9956,-2.9718,-1.4991,0.3558,1.9354,-0.3848,6.725,3.9041,-7.4663,9.5968,7.1754,4.5295,-3.4258,-8.6346,-5.7943,-3.5992,-0.5126,0.6916,-3.6275,-0.929,5.9507,-8.4636,3.7851,-9.494,7.5498,-1.321,9.2611,-5.3458,-6.9253,-9.1617,-3.4037,4.1204,1.5975,3.866,-7.6374,8.7169,-1.1429,-1.4234,-6.343,-6.8103,-0.4522,-2.0841,8.1237,-8.3167,7.936,1.2282,2.9548,0.5398,0.4084,-6.6104,4.2585,-7.632,0.665,-9.4984,-4.8141,9.5362,7.4956,1.1269,3.2751,5.0304,4.7048,-2.924,9.4541,-6.0808,3.669,-4.6081
-5.5662,7.6657,-4.6129,1.3124,7.698,0.6429,-1.3493,-1.0127,4.2425,4.8553,9.9109,-0.844,-2.7914,3.3849,-8.4991,-9.1408,-4.1752,0.5769,2.1913,-3.2882,9.3955,-0.857,-1.0031,2.7862,8.0738,-7.9524,8.7905,7.4217,-7.2485,-9.0992,-0.8255,0.0267,-5.5724,-8.6026,-6.4273,-2.2501,-7.7639,7.7882,7.8693,-8.0237,9.7479,6.474,8.0397,8.7398,-1.5398,5.7628,-3.2813,-6.9795,-6.9406,9.1532,7.2898,-2.3006,-0.0566,7.63,-0.6195,-4.3012,8.1063,4.7186,9.5779,-0.422,8.2544,8.332,7.8147,-3.5121,-8.5888,1.8211,0.8266,-8.1908,-2.0886,7.5984,4.5745,-8.1466,4.8666,3.4856,5.3622,9.3553,-3.796,5.4722,-0.9767,-5.7426,-3.2353,9.8747,0.0215,0.8294,8.9123,7.1764,6.2228,2.2173,-7.6919,0.5632,-1.7055,8.5165,-9.8008,4.0425,2.9653,4.2856,-2.0801,6.5594,3.6062,4.3642,-1.3603,3.5157,5.7401,-5.6824,-3.6931,9.2899,-1.6441,-1.1428,-0.3692,-0.0958,5.6526,3.5918,6.3365,0.8,1.4286,-1.4623,-1.5106,5.1568,5.5506,-0.1528,9.8233,0.0262,-8.282,-2.5017,-2.975,4.1797,1.1827,-9.2587,1.5591,4.0578,-8.1633,-4.0798,1.3182,-9.7565,1.4111,1.839,-0.1299,-1.4628,-1.723,7.0259,-6.9369,6.931,-4.2332,1.1789,4.4676,0.3649,6.8949,-9.5327,6.2308,-8.9265,4.6026,5.486,6.2677,5.0693,8.0072,-8.7857,-9.8562,-7.1474,-1.6117,-3.8944,-1.9121,-2.6247,9.7683,6.2101,-6.0129,-6.7085,-2.7799,-8.0164,8.8571,-4.136,0.5858,1.0967,-1.2465,-8.7816,4.0006,-1.0073,2.313,-8.0881,-9.4788,-0.0226,-9.3752,-4.9682,0.2734,7.1364,-4.3183,-8.3176,1.096,1.8079,-1.6426,9.8928,1.9557,-4.5849,-1.4952,3.1995,-6.4849,-0.0031,6.7445,2.9039,-9.6934,-3.5396
-5.2119,1.576,-8.4149,-1.307,-0.0917,-3.2988,-2.6993,-9.57,-8.2208,3.5746,9.7972,2.0391,-6.2585,-4.8904,-4.7176,7.2025,-9.077,-0.1534,0.7082,6.7963,9.768,-3.2664,9.1674,3.1443,0.1883,1.837,-4.6809,5.1411,-1.2672,-2.0662,5.8012,7.5535,9.1653,0.1781,-6.7675,0.426,-0.8776,-6.3706,-0.5512,6.5091,9.0102,-2.2628,-8.7166,4.638,3.729,-9.7325,-2.1927,-3.7196,9.1959,2.5492,5.0487,-4.7855,-5.469,2.1072,0.9232,-5.8981,-6.1453,5.9167,9.012,5.6926,1.9115,8.8158,-2.5746,-1.4865,1.0952,-5.3797,-3.8281,1.7169,-1.42,-6.1594,5.3271,4.1421,3.5749,-1.4116,-7.1154,-2.9078,-5.4687,6.16,9.9025,-9.4452,3.1896,4.7939,-0.5545,9.0443,6.6729,6.6537,6.4044,-1.4736,-2.2819,-2.7285,4.414,-5.8266,-3.1847,4.8516,4.766,7.8374,3.5982,-3.9725,-5.5587,6.5556,-8.911,9.9283,-2.3581,-3.7198,0.1177,5.5105,-4.918,1.809,5.9357,-4.8008,-2.5709,-7.7428,-5.3303,5.0652,2.3755,-6.0921,2.921,8.8701,4.0678,9.8725,-0.1933,-0.8196,-5.0872,3.312,-0.2222,3.7037,-2.1518,-6.5438,7.8772,4.5015,5.8387,1.5145,-7.2058,-8.9718,1.0226,6.9028,-6.7666,6.4081,-3.7301,-7.5325,9.1081,4.6996,-1.7289,-9.0247,6.2924,-8.5149,4.2227,-5.3587,6.5632,2.7884,-3.566,7.2565,-1.7787,-7.2142,-7.8339,-6.1283,4.3786,-1.9343,7.3816,1.1047,6.1067,-5.1603,9.7153,-6.6802,-4.1651,-3.7915,3.8195,6.9885,-4.3105,0.4958,3.3383,9.2523,-9.3244,-4.6406,4.2957,-9.5166,-3.0773,-2.3646,1.2923,8.5028,4.0329,-5.1681,8.9681,-4.7572,2.1282,-8.4728,4.479,0.8655,2.0054,9.6286,-8.9807,8.0294,-2.6546,-6.969,-9.8942,-0.9254,-2.9778,-4.598,3.1407,5.9682
-6.7599,-2.9034,-4.7479,-0.9512,-2.8917,2.5412,-2.977,8.7805,3.1246,-6.393,-6.6497,-6.7242,-0.6311,6.3543,7.4023,6.5867,-9.1724,9.0301,3.5525,6.5621,7.3453,8.3846,-7.247,7.6425,4.2377,-8.7822,-9.5585,-4.6707,-0.0715,3.1226,9.92,3.8733,0.5728,-8.5472,-6.7867,-4.5221,0.8194,8.9326,2.3109,2.7485,0.054,1.5478,5.4089,-7.4098,-7.1164,-8.3918,-6.0922,2.6911,-7.0987,-2.5648,-5.323,0.4015,9.5992,-4.6959,8.5315,-3.1214,-6.5863,2.8477,6.059,7.9962,-3.1299,-3.7045,1.7773,4.8936,-6.2146,-4.1493,-8.6693,-1.7339,-0.9746,2.8902,-0.8156,-7.1905,5.6324,3.7013,-6.0645,-4.9898,-1.2909,7.0927,6.4362,-2.3191,3.5799,-1.14,-1.5375,-2.607,9.9423,-2.1827,-6.2999,1.4888,2.8276,-3.0779,-0.101,3.4008,8.2217,8.8165,-1.0679,-9.1736,-5.6966,-9.2488,6.286,-4.1379,-9.6393,-0.6149,2.5739,0.5161,-2.185,-1.4244,2.7725,2.7688,-3.6185,-5.0041,7.9186,-4.1078,-2.486,-4.55,2.2008,-0.7408,-2.7821,4.1269,-1.8656,-3.1411,-4.7472,3.1057,7.4626,3.8487,2.3987,-2.0226,-6.734,-3.8811,-5.1865,-8.3525,-1.2808,7.2389,5.8709,-8.7322,7.6178,3.3043,3.3941,1.0894,0.0338,4.6754,-4.7955,5.8615,-8.703,0.0121,6.7258,3.7451,1.7523,-8.4907,-6.6608,-3.0226,5.7092,-2.8468,3.5434,5.9241,8.0995,-5.8256,1.5905,7.0713,6.7823,0.1603,-0.6438,-5.7328,0.377,1.9748,1.4649,1.1527,-5.4434,7.894,-0.5075,-0.4381,5.788,-0.5102,1.9061,-6.9439,-1.5858,5.3983,3.0533,-4.008,0.6899,-6.313,-7.0815,-9.967,-9.9982,8.227,2.0591,0.9961,6.9415,6.3484,2.2324,-6.7214,-6.8767,9.6603,1.7426,-5.6727,-7.8284,-7.2731,-3.4232,-5.6081,-9.3551,-5.1298
-3.1346,-9.554,6.2458,6.902,4.4522,-7.4969,-6.866,-1.8831,-2.6393,-0.0243,9.976,-1.5853,7.7975,-2.8495,9.9952,1.079,-1.5061,-4.0361,-7.0511,3.1803,-7.9932,-2.6603,0.9597,-9.3379,-7.0911,-9.8719,0.3969,1.0221,6.266,2.1219,-9.7749,6.0378,-1.2738,0.3776,-0.0131,-2.4783,-9.2223,-3.7932,-1.2565,4.8149,-6.6128,-0.3086,-5.992,-8.3717,4.7912,-7.898,-9.3907,1.5373,-9.0893,1.6067,-5.825,-1.7267,-5.9685,3.2926,-5.6317,6.8902,-8.464,7.9476,9.7092,-7.9905,-3.3727,5.5306,4.0042,-7.4541,-6.6425,-7.7171,-5.3106,3.4272,7.4444,1.5862,-2.7467,-7.7947,3.9723,-6.6876,4.9364,2.9958,-5.1849,0.8406,9.4813,-4.3729,-1.0731,-9.5518,-3.9224,-0.7044,-4.4411,-5.7364,-9.842,2.7558,-4.0829,5.5109,-7.9286,9.1023,-5.0192,0.1881,-7.5168,-7.1631,-8.4941,-0.2344,-1.5031,-6.7601,-0.0512,-8.7477,4.2915,4.2333,7.7126,0.6172,8.0266,-0.2816,5.0483,1.2193,0.5891,-3.2021,-3.3786,4.7049,-5.8589,4.3179,1.9726,-9.9381,2.9662,5.4274,7.5124,-0.5598,0.9422,-6.0864,-7.1195,-1.5189,3.6725,3.0845,8.9117,1.6612,5.7087,4.9535,-7.6942,0.7641,3.7105,7.9534,-1.0931,5.8907,-2.0615,-9.5777,3.0976,-0.0366,3.2292,-0.7782,4.6634,-5.2352,3.4788,4.6833,-4.2013,4.9353,-2.5812,-9.5842,5.7325,6.9095,3.0328,0.3137,-4.5373,-6.6887,7.8025,3.1189,-4.5913,-1.6576,-8.7792,2.0322,-0.4973,-7.5718,-8.124,1.5985,7.5888,-4.9444,1.7667,-9.7774,4.1984,-6.1755,1.8342,-2.004,4.1706,1.6175,1.8217,-1.5893,1.9542,3.4608,-6.5774,8.9349,-3.0847,2.1915,-8.9516,-8.9843,5.919,-7.5616,-4.2097,-1.9897,-3.6144,6.4194,-7.5806,-3.1559,-7.3051,7.271,-1.5314,9.0659
9.832,7.4093,8.5874,3.9886,1.777,-9.6127,-0.4314,5.1072,-7.8231,8.3635,8.8992,-9.1578,9.8266,-6.0287,5.4366,2.3546,-0.9946,2.4102,7.8918,-8.6632,9.365,1.8237,-5.5002,-4.7242,-1.8662,7.6203,-0.7448,-2.561,2.4455,9.1815,-1.0039,-1.7211,5.3153,-9.5571,0.0711,-7.7944,-3.3211,-7.6064,-6.5621,-3.2881,3.4921,-9.1778,-9.4784,4.6548,-7.2486,-9.997,-6.4975,-9.0213,0.8368,-2.3468,5.3786,-6.9946,5.2345,6.4582,-3.9454,1.9542,-4.4679,9.8612,-3.1948,-0.986,9.719,-9.1271,8.0853,2.092,-8.5457,-0.2723,-4.7843,2.0818,-8.2265,1.4282,-0.8163,-1.619,2.9097,5.6683,6.2735,8.3846,8.8491,0.9982,1.3242,0.3586,-2.1718,-7.0809,2.8002,2.2506,4.1351,-7.5493,8.9308,-6.4484,-9.5246,6.397,8.1203,-8.2082,-7.1013,-1.2155,1.4431,-2.2634,9.0408,9.5924,-1.2921,9.6284,-2.8669,-7.6069,-1.8799,-6.9744,-1.6082,4.4374,-2.6562,1.0795,-9.3923,-0.3922,1.8271,5.1587,0.1648,2.7434,-4.9204,-6.3837,4.2217,1.1424,0.7166,3.6424,-1.7737,6.7395,-8.8136,-9.4441,-9.4944,-2.3819,7.7591,7.51,-4.6032,-8.1961,1.774,-1.6011,-9.6968,9.623,-3.4283,-7.6644,-7.6447,0.4853,-4.7776,-4.5652,0.5641,0.3831,-9.5187,-3.3574,-3.743,2.7698,-7.9453,-7.699,0.2717,7.4784,-1.7256,6.2416,-5.5071,-0.6113,-1.2835,-7.6626,-2.3013,-0.7287,5.4404,-4.8155,-7.4718,4.8536,-1.1561,-4.7077,-5.6696,-9.0525,-4.0186,1.8941,1.4948,5.1328,6.7909,4.964,-1.7632,3.2293,9.5038,0.308,-8.4735,5.5895,-5.9294,-9.5676,-8.3172,0.3575,4.8437,7.8721,7.4218,-2.4573,1.259,9.4109,-3.5067,0.6998,4.4005,5.2384,-5.8687,5.739,-8.4302,1.882,3.8309,2.8312,8.0825,7.8041
-1.6731,7.9577,1.25,-1.8025,-9.1972,-3.2002,-1.0208,-1.9237,7.7689,-7.5243,-3.9206,-3.6139,5.5965,-5.839,5.4581,1.8155,-0.135,4.3521,0.9447,8.1495,-8.3005,1.988,-7.1633,0.1269,-6.2935,-0.9006,8.7733,3.4731,5.4371,-1.3346,-2.0246,8.518,-5.9004,-5.2511,-9.5365,0.8878,3.3726,-5.1874,3.2922,0.8069,-1.859,-2.356,-4.3563,8.6278,0.0555,1.0934,0.9844,-3.7847,6.7608,0.0719,1.6756,-2.6884,6.1225,9.5397,5.5443,6.6142,1.0421,-4.4436,-7.515,5.3529,-5.4984,-9.9968,9.3447,-1.9612,-1.2975,0.0126,-9.3507,-4.2134,7.8316,-6.2853,-3.3972,3.4853,-1.3493,0.9171,7.2623,-8.5618,-2.8883,5.2862,0.7347,-2.8558,3.3253,0.1337,4.2889,-2.7626,6.7706,7.6609,-1.9598,-0.1328,3.9102,-9.8675,6.3932,6.6518,1.7941,-6.8977,2.4664,-0.1609,-2.0933,-5.2983,-4.8404,8.5029,9.0181,4.1048,-5.8402,7.4012,9.2222,-7.6921,-6.9099,0.6166,-1.7448,-2.917,2.2371,1.7857,0.4514,-9.6821,7.4408,5.6231,1.8814,7.9225,-1.5875,-9.695,-1.5616,2.3087,6.5268,4.9873,4.299,-5.156,-5.9781,9.1758,5.6075,-7.5506,-2.8225,9.8088,1.5977,-9.4565,1.0716,4.1772,2.8822,6.4783,-8.3566,1.5691,1.3934,1.242,4.9263,0.1724,-9.6103,-1.6732,4.3894,2.0169,6.7189,-0.8245,-4.0056,1.5209,-1.5947,-0.1692,-0.6339,7.5919,6.7618,-6.0209,-0.7687,-1.5532,8.3356,1.4912,-4.2609,7.5612,2.3431,-7.2554,8.6219,2.2644,2.9016,9.0143,2.7907,8.8865,8.4723,5.3696,-5.3248,-4.8655,4.8323,-8.4669,-6.7848,5.9341,-4.424,-8.3084,-8.1142,9.9984,7.5153,3.3939,-6.3231,7.721,-2.3362,9.5453,-5.1721,-8.0322,5.5473,0.4144,-5.9327,-9.5232,3.4099,-4.3139,8.1154,6.5953
-9.591,-7.8558,-0.2362,5.5229,1.6786,8.4307,-2.3632,-8.1751,-4.2896,-2.6711,-8.3554,-6.7773,9.6194,8.9836,2.9966,-9.5434,1.2696,2.9108,0.9907,-8.404,-4.381,0.4924,2.9028,-6.7305,1.9929,-4.3124,-9.7943,-8.1959,4.7155,8.3429,-6.7552,-6.4366,0.7064,0.5334,-8.731,-9.0907,5.4739,3.2259,0.7778,8.4172,6.3563,-3.9271,7.4996,5.5899,-6.7745,-3.2434,8.7431,-1.2832,2.2535,7.624,-6.3028,-1.7446,-1.7467,7.6704,-0.9506,6.1668,4.1646,5.4096,3.9609,-0.2348,-3.4957,9.0939,-3.0875,8.2339,-8.9957,-4.4755,0.2781,1.6664,-7.0628,-5.501,-2.1712,2.3242,-1.3,-2.326,-6.6017,7.2481,-6.8235,-6.3239,7.9077,3.4693,-5.015,-5.161,1.6913,2.4196,7.3701,7.3519,-6.6993,-4.3484,-3.7488,-8.2035,-8.6079,4.0628,-8.421,-7.6707,9.5642,-7.4557,-5.4036,1.4529,8.4566,-8.2448,-2.3966,-8.9655,-7.3919,-0.0604,2.4535,-4.6081,-4.1643,6.4454,-2.8474,0.5843,1.0654,-8.2403,-2.3461,-7.8419,-1.6961,-4.0321,-4.1024,-1.6587,-9.4158,6.0212,2.5184,-9.4719,1.3106,-2.8701,-4.195,0.7936,-4.3475,5.7467,6.8548,4.8119,0.4704,-2.7295,-7.9448,-6.0428,9.6474,3.2795,0.4336,-8.3786,-0.6433,8.4247,-4.2667,-4.2253,3.5198,-8.5141,-1.8061,-4.1248,-8.3644,6.0853,-1.849,6.936,4.5949,-7.5941,9.6012,1.9084,7.1611,2.7224,-9.0068,9.5327,-0.8375,9.9406,5.0939,-5.9665,-7.8744,-1.848,3.708,-1.5164,9.6809,5.03,-7.8043,-7.8678,6.8006,-3.0538,8.9947,-8.7947,3.5654,-6.343,1.9788,-8.4656,6.1875,4.7434,-5.5995,-3.3506,9.8966,-8.3303,5.3106,-2.8162,7.3983,-0.2888,2.9252,3.7769,2.1129,6.0415,-9.2541,-2.9359,1.9392,7.9567,-6.2926,7.5001,2.6073,-6.6266
-0.0577,-6.8239,-1.1104,-8.2519,4.2564,6.8631,-5.8751,-9.8828,4.9377,-6.1832,-0.3581,-5.9126,2.0101,2.6076,1.7254,-9.5216,-7.0925,-8.5436,3.569,4.9497,-1.4569,-0.8147,0.5869,5.4897,4.231,-5.1665,2.6621,-5.0646,1.4789,9.1295,-5.8052,-0.962,-7.2127,-3.1408,-9.2848,-2.3008,6.9188,-5.3036,2.7648,-7.5009,-1.3532,-5.3535,-5.379,-8.8259,-8.8976,-3.788,1.9814,-5.3064,-0.6134,2.2961,0.3501,3.539,0.0344,1.4775,8.58,3.7858,-6.3411,-5.1805,-7.7826,-3.3395,5.3426,6.7716,-9.7596,6.256,3.4738,-3.0323,-2.7851,9.0013,8.6725,1.1904,1.7256,7.1587,6.8367,-8.7515,8.7896,-9.5224,3.7002,-1.1414,3.2583,4.0261,8.7825,-2.2995,5.6903,-4.6898,8.6874,3.9287,-8.5487,2.3912,3.8665,-5.6961,1.5158,-7.2924,6.1893,-5.0201,1.8993,-4.7684,-8.521,2.1485,2.0796,8.1925,3.384,2.8264,-7.8993,-6.5203,8.0938,-3.8836,-9.5934,-2.1847,0.1912,8.3319,-6.4537,-8.3279,9.7561,-7.8636,-5.6513,-1.8997,-9.8907,6.7525,-5.9799,2.9334,-4.3646,7.6946,-9.5365,-2.9456,-1.1633,6.2686,3.8275,-2.4272,2.1109,-9.9727,-1.9094,1.0348,-8.787,-7.068,7.5429,-8.291,9.0189,0.1743,7.7636,-9.4877,-4.3724,8.0115,-6.17,1.1568,-0.4927,-1.1621,-3.4801,-8.5395,-5.678,8.76,7.9354,4.5311,9.9605,8.1511,7.2355,8.392,1.082,-6.7322,-4.6049,7.0597,2.3491,9.9416,-5.7106,9.243,-6.6004,2.9294,-3.7152,0.0108,-7.1475,-3.1431,5.4976,1.7036,9.9343,0.0545,0.8036,4.2011,2.1955,1.6558,-2.9988,6.5918,8.9706,-2.5863,5.3279,0.9441,-5.533,-7.2659,-6.5979,8.0338,-5.9733,3.751,-2.602,-8.3813,-8.7621,2.9138,-7.9617,-5.4425,-4.2328,3.5047,-3.0429,-3.001
-0.6421,-6.4309,-8.0974,4.3131,-7.9725,-7.6432,7.6984,-0.1652,1.1839,8.6851,-3.8637,3.3488,6.9771,-9.7255,4.1413,-6.2037,-2.0728,-2.1995,6.5702,5.3928,-8.9151,7.6932,0.8656,0.8611,-9.7204,5.6269,-5.6533,3.7782,-7.1568,9.3083,9.5785,-5.9087,-1.2885,-6.8236,-6.054,-5.8044,6.8118,0.3953,-4.5723,6.6874,-3.909,-8.9453,6.7145,-1.1811,8.4348,-7.1389,1.3902,6.3179,1.9385,-2.6006,-5.0876,-0.0612,-0.0229,-7.5526,-5.1691,1.3604,6.995,5.983,-1.7465,8.5892,5.3382,-4.5949,3.6802,-7.3637,5.919,9.3599,6.3661,1.3023,-7.3648,1.2128,0.0781,0.6735,2.1375,-9.8791,6.1319,8.2337,-3.1933,6.738,-8.6573,-0.5539,-6.3879,-1.6191,-5.5522,6.8484,-3.8741,-1.4271,-7.046,5.5943,9.4965,-0.3982,8.5016,0.225,-2.1853,2.8159,-9.5904,3.3416,1.9489,-2.0529,8.9781,-7.6864,-8.1155,1.8795,-0.6514,-6.8099,-8.5034,1.4577,-7.5028,-3.2118,9.1754,-0.6678,-3.4987,-6.8515,7.0762,-3.6079,-9.5564,8.7782,7.6866,-9.2747,2.6536,5.45,8.3459,3.913,-7.5496,1.3616,2.223,-4.7101,1.3471,9.2428,-4.4678,3.9143,3.6763,-2.7796,-2.67,-8.6335,-8.0207,-5.2357,3.9447,8.1139,-1.6473,-0.6463,4.1903,3.7393,-7.3179,-4.8518,-1.7786,3.377,8.9898,3.892,4.0759,-7.4448,-6.137,-6.4673,3.6446,-3.6055,3.6745,3.2894,6.9346,-5.6091,-8.5139,-5.1211,8.3975,4.7472,-4.2595,-9.1565,-6.7398,4.9422,-6.4246,2.6577,7.7485,-1.2085,-2.8331,-7.0626,-0.7291,-1.4288,-2.1109,-8.6831,-9.0474,-1.5895,1.7803,8.4753,3.8067,-2.3775,6.6972,-2.0928,-8.442,6.8565,9.9163,-1.8891,7.3781,-1.5416,-5.9139,4.3287,-7.8732,5.726,6.4136,-9.348,-3.6927,6.2435,-3.7221,1.4863
5.0971,8.759,-0.179,-0.9029,1.7025,-2.2083,8.1623,-3.7481,-4.4044,-2.7186,-1.7565,3.5776,-2.9972,2.0928,-5.6245,-1.1364,7.7068,6.217,4.5822,9.9051,-7.8414,-8.3975,8.2661,0.3551,4.1276,-2.2931,-7.4646,-0.2383,6.5762,1.3412,-7.541,-2.5729,8.1338,-9.6336,4.2206,-1.1002,1.8153,6.1505,-6.6945,-7.4864,-0.738,-1.4436,9.5866,9.1664,6.0784,-2.8229,-3.4561,-2.033,-3.1662,0.6973,7.2196,9.7589,3.1124,-0.1371,4.1569,1.1393,9.5911,-4.9614,1.9733,0.0218,-7.8789,1.7543,8.9105,-0.1813,-5.0926,1.8426,2.7106,-0.8793,-6.2105,0.1192,-0.6569,-9.3351,-4.0424,-3.4302,-3.0805,1.0175,1.7212,0.3736,4.0557,-8.7787,-2.8205,-9.2735,1.3634,1.7792,5.82,-6.1272,-0.1745,-3.724,-8.593,-4.5501,0.6318,-0.6022,-2.0821,1.5659,-4.076,-4.0299,7.5584,7.7956,7.4937,-5.7386,0.8145,-0.8196,8.0804,5.5902,-4.3731,1.0261,6.3085,5.3018,-0.0858,-3.2898,1.739,-5.6112,-6.6314,-9.7098,2.9897,-6.9706,-1.735,3.5382,3.2964,0.0424,-8.8534,8.9628,-3.0391,-3.7627,0.8232,-3.273,-5.6599,4.7561,6.7886,-2.2965,-0.5839,5.8849,2.7798,4.5519,-1.5371,-7.6133,-6.5001,0.6769,-0.8715,6.15,9.9002,4.3143,0.3677,4.6557,-4.017,7.7496,7.7752,-6.3306,9.4877,5.6659,2.4171,9.5496,8.0109,1.2951,8.3454,6.8697,4.3118,-3.9419,8.8933,-3.1608,0.8558,-8.311,-0.1486,0.1711,-5.9324,-0.5224,-9.4868,-6.4102,-5.5504,8.6884,-8.1788,-1.4455,9.9999,-7.6849,9.8841,-7.5396,2.6795,-7.8224,3.0146,-7.9453,-3.8862,-5.6599,2.7486,6.7457,5.1339,-7.9508,-6.3947,-3.1634,-9.0222,1.0417,9.9689,4.3478,9.1391,-6.7129,-0.6453,1.4271,-4.3481,2.3152,-1.6831,6.2463
-0.0035,-9.4454,2.8265,7.4077,-0.3515,6.3784,-5.0926,-2.3499,7.4207,-6.8832,1.4779,-7.2424,-7.2296,2.2809,1.8058,4.8104,-2.3071,-4.3611,-0.8948,7.6051,7.4923,-3.4576,8.715,-9.724,-6.2356,1.3249,-7.2927,-8.4361,-3.7338,-6.693,4.748,-6.1152,-0.9505,-2.8,-1.7072,-1.7377,9.8683,8.9513,2.6982,6.5644,0.4479,-5.3666,6.011,5.7355,-3.996,5.3648,-5.3016,9.1113,8.2809,3.8995,-7.8375,-3.5548,7.2606,-4.0498,-3.8415,9.7572,2.9583,-8.9359,-2.1299,-7.4356,3.4056,1.6584,-4.7048,6.1065,-2.5431,3.4954,-3.5983,9.3638,1.3027,3.0814,-6.7114,-5.4331,-1.9074,7.5395,-3.8997,4.0992,6.0311,-5.2736,-3.1832,7.6049,-8.4174,2.3427,5.5426,-2.1286,-4.0433,8.4253,9.5683,-0.7546,5.4014,3.892,-2.0606,-7.949,-6.104,-6.0976,2.4967,1.9995,5.1291,-2.2214,2.822,1.7632,3.2579,9.8408,-7.7987,-8.3233,-3.1779,-7.0581,9.9719,-5.984,-9.1751,-7.651,6.4543,-5.4094,-3.8684,-0.4416,7.1444,-8.6038,3.8908,3.2553,-2.876,-5.5353,4.6164,-3.4912,-4.7968,4.7741,3.9476,3.8802,-0.3809,4.8884,-3.2677,-9.3728,1.2829,-3.0479,1.8948,-1.3754,-1.9604,7.9294,7.7467,9.2455,8.5334,-4.3874,2.3885,-2.2501,-8.5607,-7.6275,-1.9122,-6.3227,5.341,5.1787,-4.1094,1.4962,6.7524,3.103,-5.2964,-4.6463,9.9348,9.58,-5.0947,3.9533,-1.8252,4.2096,7.4988,4.049,-9.0917,-7.1486,9.7259,-4.3385,-1.2647,-9.6828,0.8236,2.1007,-4.4949,-7.9298,2.0463,-8.3275,-2.298,-2.2948,-1.6283,-3.8028,2.8208,-1.7655,5.3281,-4.4146,1.5611,2.1447,3.8269,-3.4991,2.6677,-1.9604,9.3596,4.0989,3.997,4.2341,9.5654,0.9621,-7.1755,2.2679,7.8613,9.3676,-0.0315,-7.7785
-7.0202,-2.6644,-8.6,-0.1498,-1.2762,5.2072,7.2563,-5.5386,2.6261,-2.2284,4.0685,1.5952,5.294,9.4493,0.1925,5.6975,1.5731,-0.8475,7.1558,9.6645,3.7478,-7.4865,-3.1672,5.5044,7.1914,-4.6672,3.6093,-2.6022,-4.6847,8.3839,-8.2986,6.0985,-1.2379,-0.3128,7.8643,-9.3294,-4.9054,-9.2132,-1.958,-2.8952,-4.9613,-4.1294,-7.1185,-0.3127,-3.0318,-5.0705,-8.7288,-9.0332,8.9037,-5.7772,7.8564,-8.4054,0.2608,-3.1705,-5.1583,7.1876,-2.9249,-1.6098,8.9756,7.6769,-6.8698,6.6436,-9.1056,-9.2922,3.5245,4.8868,9.0295,6.2329,8.4018,4.6365,0.497,-3.1784,1.4253,-7.7482,2.9929,7.6896,-4.7323,1.0893,3.0501,8.3777,-8.3955,4.2665,6.0811,2.5782,6.409,7.7042,-1.0582,0.7506,-8.7799,5.225,-4.4903,-3.9379,1.09,8.8253,4.8796,7.1662,-7.5298,8.6929,-4.1067,3.5545,-2.659,1.9303,5.8128,3.1149,1.0361,3.1911,-1.0682,8.1878,3.6331,-6.5118,8.3361,-7.9547,9.8825,-2.9364,7.6561,1.0252,2.4518,1.326,-8.9643,-9.9122,-4.376,-9.3828,-2.1078,9.2599,-7.8983,8.7624,-9.4207,-5.8999,-3.6865,6.4023,1.4805,7.6661,-0.1105,-9.9708,1.0761,8.8151,-4.9337,-7.8891,8.7844,-6.403,6.9539,9.1808,6.1961,-2.1826,3.5081,-2.6628,4.6276,9.1461,-7.5581,2.7342,-5.6298,1.7115,2.973,2.0269,2.6735,-7.6483,-1.7109,1.6011,-4.1119,-6.4159,-5.2186,-2.8531,-3.994,-3.4453,-4.1263,-7.2609,-2.3912,7.1444,8.8839,-9.6038,-7.437,-7.5434,4.0993,-2.0517,7.603,5.9253,-0.1794,-0.7724,-4.5245,-7.0321,1.2972,6.8795,5.4923,-0.3391,-1.652,4.5786,-4.4745,-8.1856,-1.5482,8.1765,-1.643,6.5729,-2.9981,3.344,7.4356,4.9786,6.543,-7.5543,8.6576,-2.0696
2.9602,0.8764,8.1535,5.2931,7.9593,-9.1433,-9.1032,4.7727,6.8261,-1.9223,2.467,0.164,8.3158,6.1884,-2.9461,-2.0369,3.3641,1.6806,-9.2667,-7.7559,-2.8361,-6.1596,-5.493,-0.2515,-8.4552,-4.6602,-5.995,-5.1578,-9.0525,2.6356,0.6029,4.6179,-9.3561,-1.9134,-3.2514,-5.5498,7.9856,3.0484,-2.5965,0.8877,-1.5894,-4.6365,-4.4853,-2.2582,3.368,-3.087,4.5601,9.6273,9.6757,5.0224,-3.1622,-0.163,-4.5678,-4.2405,-7.9433,8.3772,6.7556,8.1247,-9.2923,0.4414,-9.5561,9.9203,-2.784,-4.5854,-0.2225,-1.0641,-1.6147,5.851,-1.8832,2.0939,-0.5856,-4.8265,1.4023,-0.4501,1.7048,2.0519,-8.5836,2.8744,8.1257,-0.241,1.6974,-4.7854,3.6335,0.0345,3.3072,-6.5569,9.9241,4.0941,0.1158,-7.2176,-1.3846,-7.6968,4.8324,9.0757,-8.9584,-0.8186,-2.9896,-4.9946,-6.2794,7.8609,0.2248,-5.0928,4.3886,-9.1023,2.9396,-0.5496,-6.9635,-4.1093,-2.8618,4.2715,8.1323,-2.5517,-4.9054,-9.2709,-2.6378,-0.5761,6.8587,1.2506,3.1202,-7.2532,6.4419,9.3926,-8.3667,-1.5524,1.0414,-2.6777,7.9872,-1.3957,5.111,-0.3918,-5.4387,5.7154,-6.5445,-0.0834,7.9765,-9.6799,6.3894,-5.7893,-8.5804,5.8957,7.2039,-7.4669,-1.015,7.8152,0.117,3.9077,9.7894,2.4971,9.7878,6.3867,-5.9955,6.7067,-4.5092,-7.0413,1.8659,9.0941,-1.8162,1.9239,-0.0126,-3.8225,5.3773,-5.4466,-5.3901,6.4738,4.0745,3.6213,1.6463,-1.1771,5.2742,8.8698,5.9766,-1.1946,7.4163,8.829,0.8491,2.0136,-5.877,6.4664,-6.5992,-9.4297,-0.6406,8.0207,-0.0035,1.7159,-9.0968,-5.7155,5.9989,-1.4515,-7.9702,-4.4367,6.86,7.2671,0.8014,-5.4418,1.3881,2.8412,-9.1031,-3.1522,-7.6744,5.1963
-0.8817,0.7585,1.5706,-8.5146,-4.349,-4.1285,9.2417,2.8682,8.8633,6.0664,-0.1466,2.1559,-2.1534,-5.2486,0.1577,-1.3381,9.8019,4.6968,1.4501,-4.4336,-2.8763,-6.1736,-0.1709,-1.3928,4.4418,-6.446,-1.4185,0.9783,-8.6697,4.7971,9.0277,-6.7095,-9.9483,-5.3957,0.5814,-5.2142,-2.6589,-0.9226,-8.413,3.4892,3.7045,0.9493,6.1524,-8.8047,3.3117,-6.2574,-9.1425,3.5579,-0.9603,-7.1556,1.0738,3.5354,-5.8406,-1.9813,1.3186,-1.2626,-1.7877,0.1474,0.0845,-4.0046,-9.9577,0.4138,9.2272,9.4239,9.5926,4.7501,-3.0552,-6.0062,3.7123,7.1384,-7.3766,-9.1711,-6.5755,-7.7905,-6.2708,7.1811,-0.8618,2.4279,-5.3792,2.5039,4.6763,9.7272,8.4465,-4.7607,-3.4881,-2.5842,-8.8664,5.6249,-6.038,-6.8789,6.0824,-9.8411,6.5336,8.9813,-1.9777,5.574,0.5751,9.0859,-6.9401,2.3367,-8.6766,-8.3872,-8.126,5.5905,-2.6206,-2.7064,-1.3955,4.2505,-4.0171,-3.7278,8.0972,2.8386,4.9907,-1.3134,4.3053,-2.148,6.7421,-6.481,9.0394,-3.8226,7.9387,6.906,4.4562,-2.9356,3.9992,-3.0152,6.6124,-8.4388,-4.3725,7.1443,-8.5281,5.5033,-3.6036,0.6853,-4.8965,6.5514,4.8548,-6.1945,9.4443,-8.4619,-1.6071,-8.3634,8.332,-7.6262,7.6649,-8.4184,-4.566,7.361,-3.1393,2.4546,-8.9598,6.4841,5.8619,7.7183,6.7146,-3.0107,-0.0505,-9.0145,-6.8054,2.675,2.7614,3.4586,9.4004,0.2647,-1.0622,5.6694,0.0911,7.5151,0.908,5.3103,1.6777,9.8584,0.815,8.2422,8.5623,3.7071,-8.6467,3.5275,4.243,1.1738,6.3897,4.5944,-6.6072,4.797,-0.7387,-7.255,5.4638,-8.9515,-9.5167,-5.458,8.6755,-4.7638,-3.0669,-1.6652,-6.0275,-1.7998,-6.3315,2.5597,2.7813,-1.0385
8.0704,2.0527,-8.8055,5.8055,6.7122,8.0034,5.4565,-0.1103,-0.2708,-4.9011,-5.0078,7.8639,-3.5765,-0.0025,-1.2829,-5.9991,3.6213,5.8857,9.6378,-9.9401,8.4074,-8.2155,-4.5017,-8.9285,7.1813,-1.6519,-5.6166,-1.0928,1.151,-8.5915,-6.0038,-9.6053,6.7437,6.4226,-8.2838,1.6802,-1.2001,7.7147,3.3424,3.4117,-8.334,2.8041,2.2962,-2.025,-3.0112,3.3365,-5.6105,-5.877,6.1307,9.4073,-3.9345,3.1823,-4.1376,7.9776,4.2004,-0.3076,-4.5896,-1.8077,-7.753,-8.95,2.2747,1.8517,-4.3814,-4.5475,3.9674,6.3632,7.9349,-9.548,-7.5239,4.5429,-9.8341,8.4203,8.9584,1.0985,0.3797,6.218,1.5082,9.8475,6.3935,8.4775,-8.6213,-1.3269,-9.7278,0.0096,-5.4575,9.231,-6.9182,9.2313,-8.5896,5.8628,7.6297,8.4918,0.2664,1.7078,-5.6138,6.1395,7.7806,-8.4618,-5.728,8.3785,5.6683,-1.3328,-0.4127,-7.4565,9.8132,-6.1072,-0.1436,7.4593,-7.3128,-9.2034,5.4195,-2.1009,-5.8407,1.3053,9.4179,-0.0411,5.6151,-5.8167,5.2349,3.7165,4.4243,-5.8404,-0.4476,-0.3815,-9.8138,1.9256,-7.8048,-5.1737,0.3663,-4.3285,5.4087,9.3486,-2.2047,-7.4295,1.3319,0.1322,1.0001,5.1033,-2.6677,8.0945,-7.3519,9.3251,2.3829,-1.0958,-0.6813,-8.16,1.6617,-7.3509,-9.0485,9.9765,-6.7525,-7.7681,-6.0372,-2.9738,-9.011,1.4804,5.4551,4.0105,3.1014,-5.4326,7.4912,-9.3263,-7.6379,2.102,-4.1108,-2.9013,-3.572,0.6529,4.5346,2.956,-7.8056,-8.3614,5.4722,-2.0779,-0.6984,1.8627,-7.5518,0.6251,5.9858,3.8834,1.55,9.6437,5.5513,-7.8099,-6.3122,-0.8897,0.1889,-8.1964,-4.6296,7.3507,0.8272,-9.0024,4.3368,-9.0507,-4.9007,8.2344,-0.9532,1.4366,-8.0958,4.5364
3.7659,-7.7091,-8.7051,-5.4275,7.8313,1.257,2.3362,7.7733,1.9435,-2.6438,4.4612,-8.3653,2.8519,2.7403,3.8255,-3.2337,-3.8141,-1.8275,3.5314,9.5583,2.2121,3.7406,-7.9191,1.6195,-3.164,5.8,1.7165,-7.0354,3.4938,-8.0719,-0.5168,3.1971,-2.6533,4.2936,-6.9908,-4.4925,-4.3373,5.4775,2.7834,8.796,-1.0631,1.1335,-7.1994,-6.3934,2.6657,-3.535,-8.4439,6.3836,-3.4642,-2.1872,-9.9231,-3.6688,-0.0858,4.592,-2.673,-9.731,-5.3286,-8.0349,9.5993,0.0657,-2.8082,-6.728,3.2346,6.7655,4.0633,6.6804,-7.216,-6.4167,0.8936,-6.1137,3.2409,0.0463,9.0025,6.215,-2.0384,6.6654,-3.0323,-8.3042,-5.066,-1.7297,1.1318,3.5759,-1.4196,-4.8366,-3.6726,-4.585,0.8852,2.6431,1.7658,1.3665,6.165,-0.2449,5.0896,2.9817,6.5354,-2.2175,-8.4146,7.2592,-2.0386,1.6525,-0.6632,-3.5087,-8.1649,5.0516,3.1669,-4.7313,0.9489,2.3435,7.6888,-7.7717,9.7571,-4.1596,-0.2089,-8.471,6.4927,-7.0628,-1.1041,-0.5444,-7.151,7.3122,-2.4006,5.2963,5.2885,-0.7449,6.1508,-8.9072,-2.5271,-2.216,9.3851,-5.6931,7.4279,8.9981,5.3562,2.7969,1.5965,3.0296,4.6828,-1.0141,4.9005,7.3514,7.233,-7.3843,6.6256,5.4907,-9.9681,-9.2468,1.9463,-6.6016,-7.9925,-0.9571,2.1602,-6.5657,-3.1346,2.9182,-4.076,4.6813,3.635,-5.8633,0.7201,-9.0256,2.5413,0.3818,-3.4041,7.477,-6.443,-0.1609,-9.0263,-7.6267,1.1963,9.8539,2.7644,5.6736,3.4816,-7.5559,-0.5719,3.0039,-8.7071,5.9848,0.957,9.2876,4.082,2.5132,1.1992,0.6896,9.1828,-4.3197,-9.711,7.5914,-2.1472,-9.0847,-4.1592,0.9566,-8.5331,-4.097,3.4389,3.9286,2.8272,-5.9039,3.7184,3.7052
4.7391,5.0154,-8.7565,3.5335,-7.3544,-6.8495,8.7169,-8.2488,-7.9715,9.5719,-6.1373,9.3572,3.6534,8.5701,9.1055,9.0615,5.0961,7.05,3.9571,1.486,-6.5226,5.6925,3.7378,7.0131,4.2411,3.6159,-4.4104,9.8329,-3.4597,-9.5323,-3.3692,0.3539,7.8466,7.3747,-3.3079,1.2089,9.4596,-4.2109,5.8838,6.6316,1.5419,3.4015,1.5844,-1.0789,-4.3863,1.1316,3.277,0.6873,-3.3355,-2.4747,1.5897,-4.9201,-5.6274,-9.8889,6.8268,-8.161,-6.6849,6.4847,9.4051,4.7043,-2.1916,3.687,-1.235,-2.1534,6.4382,-9.3535,-4.3468,-3.8325,-1.9111,-8.7188,-0.9918,4.9357,-1.2457,5.837,5.9889,-1.801,9.6826,1.5136,9.2366,9.3749,-8.763,2.6483,1.0382,8.5698,9.5267,-0.2007,5.2991,-0.5224,6.8439,-5.3656,4.2952,7.5849,6.3394,6.4616,-3.9461,-7.97,0.9568,-0.8783,-8.6074,-2.1838,-0.0544,-4.4917,0.467,9.9488,-6.6093,5.8519,-1.3307,-1.3512,0.5727,-8.9596,-4.9321,7.7254,5.2368,5.4409,7.8326,-4.4865,9.6005,-3.9274,-5.3955,7.9316,-8.5075,7.4747,2.8398,-0.127,2.7099,5.4264,-1.8498,-9.6607,4.9085,-2.4822,-4.4003,-8.4431,-7.1009,-3.6188,-9.6022,-6.053,3.1144,1.2466,7.0445,-0.823,1.1683,4.0305,-0.8381,-3.6851,2.8351,-3.6819,5.8197,8.524,-5.112,-6.9208,6.3043,-3.9289,-1.834,8.3392,-4.0608,0.0942,-7.7577,-4.1724,8.7058,8.5344,-1.7334,-7.936,-1.373,-4.2102,-3.1644,-4.5102,7.5123,-0.9122,-3.511,-0.645,9.3562,4.4069,-9.986,-8.3198,9.803,3.6196,6.8601,9.0403,3.3596,5.1714,-5.5128,5.0025,-1.5846,-0.2243,-4.198,-8.5888,-4.6113,1.3152,-9.4487,-1.2069,1.1415,6.7471,-1.4794,5.1335,1.0893,1.4086,7.9536,-0.7491,9.7802,4.8061
3.7777,-7.367,-6.5048,7.4674,3.2112,2.9983,1.1582,-9.0754,-2.5145,0.6763,2.3548,-1.4819,-8.2761,2.9632,3.8436,2.1501,8.7876,-0.3239,5.7006,-8.2428,-7.3737,-8.6157,-4.9056,1.2715,-8.3019,5.0492,-8.5368,6.5315,-3.8066,8.2639,9.3396,-7.293,-3.9994,7.1612,4.9085,-0.4467,-1.9658,4.1276,-4.7939,7.7059,-7.7202,-7.4934,6.7003,-6.8353,1.1013,-1.2024,0.116,-2.0331,-8.4147,1.7717,7.653,8.1462,-6.7241,-1.2095,-7.9836,8.5023,-7.5374,9.1025,0.6418,6.9068,-1.8881,8.8021,0.9738,-9.7845,1.0112,9.0394,0.2932,-9.7107,7.3061,7.4204,7.4954,-2.4794,1.4563,1.3886,9.3584,-4.0134,4.0167,2.4742,-5.9076,2.3211,-2.2085,-8.1925,-1.7212,1.0232,-8.7159,-6.7716,3.0889,-1.3855,1.1215,-7.1849,0.0448,-6.07,1.963,5.3356,0.0594,3.7049,-4.4117,-7.7553,5.9229,-8.351,-2.2104,-8.4485,-8.9003,1.0855,-9.5376,-5.7984,4.5112,7.1712,-2.0342,-4.4977,6.681,9.8774,-7.4483,1.722,8.0873,-1.3688,-0.3961,-7.8721,5.601,-1.789,-7.2532,-7.4228,0.7627,-5.1573,-0.8298,6.9184,-1.6196,0.176,1.8585,-5.6287,3.8817,-0.4861,4.9886,-7.0481,-6.3288,5.8238,2.2916,-8.5392,2.658,-1.784,4.8121,-7.3763,6.7853,5.9889,-4.6996,-1.4519,5.9223,8.7894,-5.0753,-8.8302,-0.1211,-4.6253,-1.8186,4.746,0.835,-3.9168,-5.566,1.1382,-3.6993,-7.142,4.1158,-4.6078,1.2337,-9.5427,4.6511,-1.897,4.7431,-6.1133,9.676,-2.8349,-7.3329,7.6318,-5.4373,3.4262,3.6601,7.9216,4.053,2.5379,-3.0071,0.7354,0.1368,3.3612,-9.6092,3.4219,-0.3216,-5.8207,1.09,0.5171,-5.7315,-5.0014,-2.2735,0.4069,-7.5904,4.1658,2.5689,-5.6104,4.6247,-9.2771,-9.769,7.9957
6.1005,8.5481,8.8554,-1.0817,7.1911,3.6103,-1.5394,-4.6824,-9.6612,8.913,0.572,-7.9357,3.9834,-7.4275,3.6147,9.2898,8.0152,1.1231,-8.5204,7.3595,2.2192,2.402,8.5383,-5.9347,2.3152,1.7952,-2.0568,-8.7472,-6.4845,3.396,-2.2758,3.6612,-4.7782,-3.195,4.342,-8.468,-9.1348,1.2929,4.2728,6.4015,-6.1859,-9.1845,-8.1021,6.8157,-5.3013,-0.5608,0.7944,-5.9936,7.7084,-5.2962,-1.7453,-7.4869,2.7076,-4.1606,3.4779,-6.4085,-7.7625,-3.2136,-0.1283,6.7221,0.5869,-8.5033,-0.5312,-7.6067,-4.8479,0.2005,8.5039,-2.7705,-7.0028,-2.4332,-2.6381,-0.3346,8.1989,7.8955,9.3512,2.9335,-1.1457,-1.1123,5.9067,5.1216,3.1099,7.216,4.9427,7.5829,-4.7213,-5.1032,-2.556,-3.9211,7.5634,1.1479,-3.0693,-5.4516,-8.2656,-2.4771,-5.6031,0.9463,9.8035,-6.4563,-1.1258,9.8816,7.3385,9.2154,-9.3517,-1.0639,1.116,-7.6129,5.6255,-2.1614,1.3143,1.1322,6.9453,7.3851,5.3658,-0.6678,-8.8226,2.3514,0.5124,-2.424,8.8783,-5.5121,8.3859,-6.6606,6.467,3.8541,-2.0426,-0.5665,4.7038,6.7666,-9.271,5.3495,0.5425,2.9285,-4.1834,1.2683,9.7841,-5.6339,-4.7731,5.7372,3.1034,2.0348,5.253,2.2101,-2.665,5.4538,-9.1555,3.3683,6.4857,-6.7003,-4.4677,9.9889,-4.4681,4.2484,4.873,-0.2282,-6.0716,1.0516,8.9521,-7.8472,-6.8068,-6.3161,9.2266,8.1197,-7.8737,5.7931,-6.0391,1.2815,3.9473,-9.8999,-2.79,-7.0035,2.5647,8.3802,3.4101,3.2949,-3.267,4.1413,0.5318,-0.5667,4.8988,-2.6903,5.6445,-3.8214,7.276,9.1555,3.8503,0.9211,5.0641,6.3079,-2.5377,-5.1136,-5.133,-6.9273,-9.5774,9.0718,-1.1148,3.6372,-7.3291,-2.2027,-3.8387,4.2329
3.6646,6.2837,-1.6331,0.275,-7.0878,-2.6423,6.9155,6.5768,-7.8051,-8.8894,-1.352,3.3502,6.9244,-6.0188,5.6839,9.4862,-5.1364,3.9782,-9.9016,-4.5687,2.1951,7.9753,-2.0702,-6.634,0.6385,-0.4018,-9.5849,2.0806,3.1177,-1.4933,9.7546,9.3391,2.1404,2.6177,1.3545,0.3453,-6.2399,8.2875,-0.3451,-6.2487,-3.18,-5.8423,7.515,-7.1987,-9.1997,-2.7692,-6.7084,3.731,-3.1332,5.736,-9.4668,1.8812,5.8259,2.9536,1.5476,-2.414,-5.5419,4.7771,4.7472,-0.2422,-3.9657,-4.9597,4.1726,-9.1769,-3.1112,3.5762,-9.0968,-7.0507,6.4902,2.6726,-9.9431,0.6014,-8.9731,-7.6065,-2.8389,8.9874,4.4624,1.5997,1.2344,2.7007,7.6774,-4.0148,7.6909,1.8708,0.5918,7.5569,-9.0629,-7.1563,-4.4713,4.2391,3.7099,-0.8549,0.5889,0.5673,0.8055,-1.0795,5.8947,8.9723,-7.2417,2.8473,9.1417,-0.6998,-9.5237,-1.7092,6.048,1.9572,8.7239,6.9251,-8.0204,6.723,5.125,7.2647,6.7788,6.1263,-5.6298,-5.2473,7.6444,-7.4064,-5.1188,6.203,7.376,3.7383,0.5224,-7.5099,-3.0503,6.2779,5.741,-7.4942,3.3085,8.5027,-5.9065,7.0379,6.9679,-7.3404,5.7717,6.737,7.0117,-8.4506,-7.2745,-2.6829,8.6892,-3.1015,9.283,-4.3678,7.7356,1.722,-5.5298,-3.9597,-6.076,8.6508,-6.7912,9.8586,2.9401,-6.4981,-5.3292,-0.1126,8.2416,-8.7369,3.4712,-7.5492,-8.6241,9.1731,7.6379,0.6866,-1.2462,2.9191,-8.0073,-9.1014,6.8207,8.9258,6.2965,-6.6547,9.3638,-2.9513,1.8426,8.3564,-1.3581,0.8587,-7.5071,4.3562,-0.6768,-5.0181,7.6167,8.5692,-6.5296,-0.456,9.0606,-6.9498,-5.9151,1.6049,1.884,-7.5033,1.8848,0.1203,-8.3859,-6.2017,1.7001,-6.8877,9.6308,3.644
-4.2848,0.2201,-7.7804,1.6206,1.554,-1.003,4.483,-4.7529,4.1332,3.6194,-4.463,-5.5072,-1.7259,-4.5453,7.8038,0.6354,8.0694,-9.3451,-9.9541,6.9781,-3.7489,-6.2299,-8.1417,5.7918,-7.2565,-0.0808,-3.889,3.9405,-6.2498,1.4151,3.8756,-3.2038,-5.4294,2.278,-3.5995,3.2683,-0.3934,-0.4879,-0.8774,-0.6717,-0.5217,9.9501,0.8663,5.3915,7.0807,5.1795,-1.1167,-6.3339,2.2256,-1.3665,0.3454,0.5413,-3.4004,8.869,3.5467,-8.9868,-8.9883,4.6684,3.4987,-4.7284,4.4902,8.67,1.0537,1.403,-9.5064,-6.4404,-9.1376,-2.6326,-8.0,-1.8357,7.7831,-1.0195,-6.5485,-0.2422,-6.4343,-0.2455,3.2385,7.0792,-1.5989,-6.7937,4.3669,2.9705,-5.8175,5.409,-7.6581,0.1872,-1.9736,5.6434,-8.1391,-8.3668,1.7949,-1.2331,8.7695,2.2559,2.4147,1.4375,5.1106,7.3052,-6.8026,7.1701,3.0539,-4.925,-4.778,-6.9793,8.4354,4.638,5.4765,0.6964,-4.1742,9.8845,-2.5902,0.9995,-3.7395,1.4684,1.0919,1.9626,8.9118,0.2339,3.8835,7.6749,2.4063,5.8926,-0.3311,-6.7216,-0.4953,3.0546,-8.6115,-1.5303,4.6839,6.8051,-0.754,9.0727,-6.8646,-6.499,-9.5835,3.9003,-0.1695,6.2533,-6.5669,-1.3672,-9.7976,6.143,-3.1655,1.6769,-2.3688,1.2164,7.7201,-3.0838,-0.2219,8.828,-6.7212,5.8435,2.149,0.9498,5.9098,5.4848,-1.5365,-1.7118,7.4144,9.1494,-1.6626,-3.7999,-4.0955,0.7547,-4.3276,6.7238,-1.9749,0.2728,9.5655,-4.475,5.1814,5.5974,9.5082,9.0417,-9.7059,-2.464,5.8774,8.0083,2.2018,8.1967,-5.2622,-1.6623,9.1306,4.7198,-0.1139,-0.8309,-0.5587,-8.3132,-3.3513,-2.3849,2.0203,4.4988,0.2524,-8.8563,3.3251,-7.4643,4.5861,9.2603,0.343,8.8523
-1.9453,-6.2269,-5.7884,1.9275,-3.5899,-3.5408,-5.2141,9.6176,0.9388,-9.5812,-0.8808,-3.5637,5.7623,-3.1825,3.0574,-8.8963,2.6794,-9.9261,-2.0167,7.5017,-4.5496,-7.8537,-4.0444,-5.2384,5.5344,-6.5245,-3.6142,-5.7588,-7.8093,-8.7017,-9.0835,8.3599,-6.8645,1.8428,-8.3927,7.1705,4.0471,-0.5948,2.2516,-2.3891,-8.3787,2.762,-2.9656,-1.4103,3.7031,3.0851,8.3909,9.8326,-3.0543,5.2458,9.4595,5.1477,-1.6532,-2.7293,1.1343,1.8244,-4.0834,-5.1894,1.5355,-9.6839,4.5458,7.3196,1.9497,-7.9732,-7.1219,2.7313,-3.5034,2.9713,-0.9087,-3.3104,5.2133,1.8661,-0.4064,-5.3907,7.259,-3.7251,-8.5346,-1.3824,9.0363,1.9404,9.6885,-0.08,8.0554,1.393,2.1002,3.3788,8.212,8.2235,0.1164,-6.9225,3.5478,1.7578,-5.6437,-2.6425,-6.1178,0.9269,-3.244,1.6763,9.198,4.703,-2.5514,-3.5992,-1.7514,-5.4348,-3.0554,1.7741,5.5157,-3.9693,-8.3277,-3.5373,-9.2534,-2.7031,0.2758,-5.8233,8.0811,2.2066,-7.2394,-2.4398,-9.2887,1.8512,1.5198,4.8772,-9.8613,-7.7478,-8.4121,-9.9345,-5.0213,-1.3342,-2.7391,6.4607,1.2485,-2.2531,-0.8759,-3.0883,7.0042,0.8621,8.9414,9.1399,-1.7252,1.3959,-8.3479,-6.891,-2.7327,2.2052,-5.4254,9.6036,3.9549,-0.4091,1.1745,-8.7287,0.3717,1.4496,-7.6846,6.331,5.4324,5.2575,9.7787,9.3806,6.57,9.1084,0.0911,-5.7797,8.5137,1.6032,8.819,-1.2941,-5.8457,-0.5319,5.7625,7.5251,5.2064,-2.9594,-8.6781,-3.2476,-9.7954,8.3104,-7.6971,4.2953,1.938,-5.0772,4.5504,9.0128,8.1569,-1.9176,5.1165,-4.2847,7.7472,6.6789,-2.4381,-2.1091,-3.8991,3.262,-5.7487,1.1742,1.0674,-1.4133,-3.5644,-9.9112,4.949,-9.6962
6.5716,5.8587,0.4121,-0.4416,-9.3929,5.0893,-9.0454,-7.4778,9.2908,-9.6243,-4.6365,7.7254,-8.8875,-3.9409,5.2845,-2.2611,-3.4628,-9.1124,-8.0423,-2.8531,9.1838,9.7122,3.9517,-4.9517,3.2633,6.4621,-3.806,-3.8659,9.2226,9.5042,-1.474,2.6909,5.9522,-6.0521,-9.9299,3.2336,4.564,-0.623,8.0386,-0.0868,7.7828,-0.7677,1.4629,3.0018,-7.5067,-7.6865,3.1561,7.2585,6.5674,6.6654,-4.3443,-0.4497,5.2828,2.1577,-9.1604,-2.6699,1.3021,-2.0589,2.5192,6.9639,0.4349,-0.6294,-8.5389,0.839,-8.2843,-4.2278,3.7222,-4.6493,6.6874,0.0065,0.3501,7.9261,-0.8094,3.5848,9.8251,7.8451,-1.7992,5.8545,1.2892,-3.1416,-9.2776,5.7245,6.0685,1.2388,-8.5708,4.0828,-6.6593,9.404,-1.2277,-8.68,0.4977,4.2167,9.5734,1.1822,9.8865,2.4593,1.7923,-5.7894,-9.3779,-6.5679,7.3785,9.0943,5.0986,-8.0252,-9.3611,9.5609,4.3604,-2.4801,1.4233,-9.5348,4.2087,-8.4543,-7.7672,3.0448,-7.4808,2.5113,-5.2883,0.6597,6.245,9.2445,1.7367,4.6209,8.1971,-0.368,-4.8005,-2.9664,0.4634,2.9485,1.8299,3.0471,-3.8089,8.7556,1.1348,-3.6708,-4.312,6.153,-6.0199,4.4108,4.2525,6.055,1.6275,-4.7096,6.7578,9.3307,-0.4234,-3.8131,-6.5323,2.767,0.5416,8.7499,-9.4785,4.2292,-7.3018,-6.9961,-5.429,-8.2187,0.8065,9.3716,3.8866,-8.1665,-3.2053,5.5421,-7.2349,2.6567,4.469,0.8807,8.7469,-5.3529,7.5245,1.5335,-3.7252,2.0658,0.9845,-8.9998,0.5127,9.6595,-5.7123,2.6141,-6.4533,-7.1811,1.015,-7.3791,1.2334,1.0909,7.508,5.1104,-3.5178,-7.5296,9.2267,-9.0082,9.3838,-7.652,4.3342,2.7518,7.3981,-5.9336,-2.7227,-3.2878,-9.0081,6.3942
6.6668,-5.7012,-0.504,8.3162,2.2657,5.0954,-7.5613,3.8134,0.7791,5.8542,-0.0535,7.0283,-3.0759,7.5961,2.0513,9.9802,-5.5188,3.5892,-1.1571,-4.8892,-6.8651,1.4869,-3.8586,1.7381,0.4275,6.305,7.1632,-4.4137,-4.684,-4.3637,9.9512,8.5577,-6.1801,3.3237,1.0821,5.3702,-7.2079,-4.8596,-1.1849,9.2838,-3.1364,5.5547,-3.8043,3.9606,-9.5365,2.5836,-1.6679,0.9972,-0.7649,4.2789,-7.9579,5.8888,1.6671,-7.4184,-8.6339,1.284,-0.7613,3.2208,7.9766,-0.5258,-2.215,6.2637,-0.6254,6.7368,-2.3346,-5.656,-0.5888,-8.8942,-4.4196,-7.2367,0.194,-9.4966,-9.5511,-9.7554,-3.1927,9.4305,-9.8857,4.1086,-0.4767,8.431,9.1644,-1.2187,-8.5734,7.943,-8.5513,-8.1635,5.3378,0.6566,-5.146,8.462,0.1501,9.9045,-3.2815,5.1066,8.0143,3.96,-7.7483,-1.0344,-3.3127,4.3378,0.1396,-9.6901,4.158,-2.0527,5.2085,-5.4564,4.599,-1.9712,-1.0331,-3.9255,-8.9469,4.6321,-0.6195,-8.8793,1.7349,2.5826,-6.4167,5.2507,0.9429,-1.2814,-5.5947,-7.3135,9.7508,9.244,-7.1829,-3.2439,2.6254,-0.3234,-0.1006,7.6917,0.1664,-0.1166,7.7197,2.6956,-3.7711,-1.6345,-4.3319,1.8909,-0.8272,4.6977,4.0519,2.353,-8.0849,5.2459,6.6129,1.4995,5.5538,-6.8014,7.661,-6.095,-6.184,4.0247,0.9775,6.2397,-1.3376,-8.475,-9.7107,1.6085,-7.5945,0.1128,-3.6087,-9.3528,6.9316,6.5524,-6.2137,-7.992,0.0342,1.4285,8.127,5.4539,6.5725,-4.2829,-7.7498,1.0015,3.3984,6.7417,2.8299,3.5813,-8.8134,-9.4418,-3.8556,-0.3334,3.9813,3.1908,-7.681,5.8977,7.3044,2.7402,2.9886,-4.5757,-2.7817,-3.0012,6.2407,7.1434,-0.8481,2.8496,-9.7359,5.1005,5.8033,-0.3411
-4.33,2.7748,8.3844,-8.0346,5.2856,1.8541,7.1587,-5.6544,-7.2147,-8.1651,-8.5511,5.2565,-9.8654,1.5159,8.7127,4.4539,-8.8323,4.7628,-7.6481,2.9259,-2.2685,8.5887,4.2191,3.9782,6.4251,-5.1611,-5.9427,2.6149,6.9488,-0.2559,8.1749,7.0037,8.2632,6.128,4.8794,8.088,-8.1662,2.5315,-0.8398,-2.0778,2.7361,-7.4984,7.0693,6.1195,9.0337,-8.3569,4.7754,-9.7219,4.7063,-5.5223,-4.4803,-9.5066,-9.5941,-6.0714,-4.6255,6.2905,9.6086,-0.278,-6.2345,-7.6424,-1.2183,4.4693,-4.1282,-1.6221,8.3926,5.5774,-3.3135,-1.7628,-4.0225,-0.2388,-7.4669,2.2007,1.4914,7.0742,-1.5923,-4.0181,-4.8242,9.4011,-1.4955,-2.7713,-6.9157,5.4013,6.4826,2.2588,1.8668,-8.7511,-5.815,-4.7812,1.118,-2.4764,-6.0942,2.582,9.6172,8.2849,2.3479,6.2962,2.2954,-8.8758,9.3902,5.518,-1.0874,6.2353,1.0352,-7.7295,9.4548,0.8298,-7.8856,-6.9247,4.4169,-1.6715,-7.6636,4.3334,7.1008,9.4787,-0.3156,4.8919,1.0317,-4.6851,0.1037,8.4619,8.6006,-5.1245,-3.3051,8.7914,-3.9804,7.8706,-5.8695,4.4608,3.8357,-0.6513,5.8035,-2.1136,-1.6738,-9.0371,7.7062,4.3867,4.9192,-2.8231,-2.2085,1.8926,-4.0815,-1.4312,8.3259,1.0713,-2.6915,-2.3708,3.0997,9.8129,8.9877,-2.1733,4.9525,6.8135,-1.3289,-9.9855,-2.8433,-2.9019,9.0709,6.0813,4.8925,-6.0396,8.8569,-4.1031,3.9374,-1.1944,6.0915,4.2515,-2.222,9.8494,-5.0756,-5.0392,3.473,-4.7217,3.4843,-9.7777,-7.834,-8.2516,-0.5887,-0.7336,3.3955,3.9768,4.935,7.4208,5.3698,2.9283,-1.9465,-3.5744,7.9672,-1.1495,4.5303,0.2895,-4.958,8.1595,-1.1692,-5.7707,1.2372,2.5458,6.4481,-3.5586,-8.642,-8.808
-0.2436,-5.8159,-0.1257,-4.0136,3.9545,9.7511,-3.8268,6.6019,-7.9297,-2.8544,-4.4133,-4.7297,1.0902,-3.2738,1.4728,-1.9933,4.75,2.0411,-5.2316,0.3759,4.4609,-0.7495,1.3849,6.0384,-3.1266,-0.4472,9.7506,-5.4165,8.5376,3.3629,-9.8906,-7.773,5.951,7.8322,-6.5178,-7.287,-1.8198,-3.7991,5.6599,-8.856,-6.2873,9.3973,-5.6787,2.0794,-7.4204,-3.4845,6.2818,4.3185,5.2482,-3.4523,-4.4926,8.8437,-7.2573,5.1628,-2.869,-5.5498,0.5071,3.3696,7.0812,9.5374,-7.7384,1.6987,-4.2236,-6.6441,4.3823,-2.599,-9.2977,5.3118,-6.0328,-4.5813,-1.9965,8.7867,-6.3825,-6.3648,1.6018,-2.9304,-3.8826,0.168,6.9683,-6.1612,-0.9186,-8.1207,1.4762,7.1049,-2.5121,8.1533,8.8721,-5.1477,7.5453,5.2563,3.0193,0.432,7.353,1.8743,-3.3359,-4.9814,-5.5725,-1.1653,0.0656,5.1327,2.1916,-6.7267,5.5276,-1.8698,7.6326,-6.7987,-9.419,-0.4893,7.7252,0.296,-9.911,4.0338,6.352,-5.212,2.7042,2.4001,7.0961,-8.6416,7.8714,3.776,2.5694,9.0495,-6.1244,-5.7255,9.1405,3.934,1.2957,-9.9647,0.1548,5.0575,5.5677,7.6636,7.3918,-1.3684,0.2279,9.1255,-3.052,1.3071,0.6168,-6.6312,9.6103,-7.1091,-2.2787,7.6102,3.0644,-4.8604,-1.7757,-4.8905,-9.7228,1.3077,-6.9492,-8.3249,-7.8896,5.8362,-1.3612,-0.9411,0.7365,8.0763,-8.0983,2.0698,-0.5641,4.8453,0.52,-9.0975,-2.1333,6.8398,-2.899,-5.4259,1.4034,4.078,-2.2858,1.9524,5.9249,6.3891,5.6585,7.145,0.696,8.0882,4.041,0.0101,7.9214,-7.9077,-2.8619,-3.0302,9.1063,6.1935,2.2033,-7.2038,-0.4762,0.1027,-5.9743,7.3377,1.3188,4.2947,4.9679,-7.5431,-7.0735,-6.1915,1.7202,2.5715
-6.8172,-1.2082,1.4312,-1.29,4.1016,-1.0523,1.5767,-1.1143,6.4218,5.8788,-5.9716,9.1759,2.2045,0.3825,-4.1241,2.582,7.3837,-9.3001,9.9821,-6.7461,-9.0099,5.551,0.9211,-5.6796,2.7089,8.0776,-8.0267,6.796,3.2121,9.2428,1.2122,-0.0363,-0.8366,5.0782,-3.0525,-2.9608,-7.0294,-0.9638,1.4018,-4.1671,-2.7395,-9.0351,2.5178,0.4284,-6.7809,2.5252,4.923,4.3193,-9.0113,-2.8153,-1.9165,8.7156,3.7766,7.3806,-4.1384,-7.9094,-7.2294,0.4109,-3.6158,-6.0218,5.3965,-1.6906,8.765,9.2446,0.0657,5.8044,6.5765,4.2645,8.3491,-8.8482,-5.8442,-6.9254,-9.9806,-3.9554,3.2314,0.9955,-1.5037,-9.8159,4.4663,4.7238,-1.4074,-5.8382,1.7648,2.5168,2.3945,-9.425,-5.1995,1.3503,-3.2547,0.2652,-8.97,3.5588,3.6042,-7.7795,5.946,-4.2609,-9.4994,0.6522,-3.6225,-6.9541,0.4977,9.3624,7.0438,-9.3939,-2.0962,-4.6368,-6.5345,-5.815,4.634,-6.6524,0.4994,-6.052,7.4505,1.64,-1.5441,5.1559,5.6889,2.4244,-6.7692,-4.3379,-7.5557,-2.4642,-4.2925,9.479,-1.9324,-5.2332,-1.8195,3.4759,-5.1439,0.2028,-5.0983,-2.4282,-6.9175,3.755,-0.7559,-9.3529,4.5708,8.3874,4.8055,-2.9111,1.1699,7.1104,0.0276,7.5544,5.9436,1.2497,7.7771,-4.2859,-0.623,9.2697,8.4664,-2.6659,7.1834,7.1993,-4.1172,-3.5589,-6.169,-0.6915,5.4945,1.2734,0.3247,-2.8864,-2.0396,-0.37,-3.0303,0.7416,-8.3824,-3.5873,5.1687,4.0965,-2.0013,-0.2763,-8.5559,0.0557,7.1815,-6.3162,-3.0713,4.2466,7.852,0.9947,-4.5484,-7.5971,-8.068,-7.7188,-1.744,-8.3775,-3.3647,-1.6521,4.7104,-0.3607,-6.639,-4.8903,1.3242,-6.0513,-8.4257,4.3054,7.3049,-9.1588,4.7495,0.952
3.8092,2.1216,-8.047,-6.3879,-5.3085,9.3103,3.9748,2.5749,-9.2146,-5.7468,6.9603,-0.41,0.7996,-3.5995,0.1059,-0.0341,8.3713,2.6238,5.6317,6.0673,-3.3699,-8.2757,-9.1076,1.1367,2.9957,0.5127,9.9661,-7.1198,-4.35,0.0756,1.8882,3.2159,9.0741,6.5831,-5.4158,-0.5583,-1.1518,-5.7067,-1.6001,-8.0578,3.5276,-0.0594,8.3437,7.4339,-0.7809,-1.642,9.9494,7.2254,-6.399,-3.8326,-3.5326,4.0969,2.8038,-2.9342,2.4769,-5.291,-7.4383,1.3237,6.6096,9.1429,-9.3076,2.2979,-4.5313,2.2687,1.0799,-8.3442,-3.0255,8.9714,-6.0362,-0.5047,4.8814,7.0421,8.7831,-3.6065,-2.6743,-3.5911,-7.8067,-9.3755,6.8221,0.3482,-8.9729,-6.6328,-9.8496,-5.4847,-6.6309,7.8796,4.0351,8.4416,3.2789,-2.375,-9.2455,-3.5669,8.6775,3.2691,-1.2441,-7.2919,5.9309,0.0099,0.729,-8.3761,9.6126,9.0522,-5.6481,-3.5053,4.7183,3.0677,-8.7361,8.5102,0.5449,-1.1181,-9.7849,4.578,-3.9535,1.7529,-1.0881,6.6221,-2.7152,-1.9658,-1.8725,-1.4197,-9.6661,2.6056,-0.9049,-6.0231,9.5379,-1.8529,-4.2361,-4.2624,7.5023,-6.6039,-0.7009,9.344,0.5362,-7.6227,5.0657,6.1139,-5.7177,-0.0379,7.7109,-1.1717,-2.6031,-3.5229,2.0696,-1.5946,6.5726,6.5113,-1.9672,-5.3205,9.2857,-7.1376,-7.7995,7.7421,-6.2032,2.3237,-9.138,-5.1316,-9.5041,1.7012,3.5176,0.6723,4.126,6.5152,-8.4003,4.8376,-9.5967,7.5921,9.1459,-9.7284,-1.442,-1.7554,-5.4496,3.3599,-1.6552,6.5272,-1.9933,1.505,-3.0073,-4.2983,-1.6472,4.2258,-7.6546,-0.3191,-5.8461,0.4811,2.4361,-0.9273,4.3824,6.5897,9.7583,-7.8204,-6.3486,-8.9292,8.6788,8.1083,5.2719,7.8555,3.5115,7.1041,4.7607,7.3676
5.2997,-5.6967,-4.7454,7.1811,-4.447,-8.6229,-1.9531,-4.9558,-9.8966,4.5822,-1.4467,-7.8946,-3.9689,-7.9124,-1.4554,-8.4912,4.6095,3.5532,0.5734,9.6957,6.2956,-7.1242,-8.984,-3.7937,-1.3266,0.5415,6.7569,-2.7358,8.6756,4.8691,3.613,0.3795,8.6394,0.7656,8.4157,8.3301,0.4553,-6.6216,5.4676,-9.9497,-5.3202,-7.4708,0.9542,-2.4391,7.7297,3.5167,-8.3625,-9.0441,-2.5767,-0.5447,-3.1656,-0.0422,-3.996,5.3754,2.1903,-4.2087,-1.6157,-0.9596,-3.5971,7.9107,-5.5926,5.9615,-9.4016,-4.4336,8.5789,1.797,7.9881,0.5371,-5.4058,-6.1351,8.599,3.8203,-6.668,9.1184,-3.1911,2.4171,3.6877,-6.0731,0.6346,6.6679,-6.7963,-8.6997,4.1211,-8.4797,-8.318,5.3667,-7.5172,-3.502,8.7253,2.8545,-7.1619,0.722,4.9638,3.5731,-1.7089,-2.3736,1.2508,6.7158,6.8275,2.1034,-0.2151,8.9091,-0.6372,7.7774,-9.5014,-0.5468,-3.9847,0.4902,3.0916,-6.931,8.7717,-0.1399,8.104,9.4607,-5.3625,6.0167,0.9083,-9.886,3.158,4.209,0.7116,0.6915,1.3536,8.2373,-6.9981,-8.5877,3.2767,-2.1684,-8.8762,9.8629,0.9627,-9.9223,-5.5896,7.3573,5.7565,-6.2371,-6.3536,5.4819,-8.9779,-9.6014,-7.9507,9.9387,-0.8984,2.7019,4.5568,-0.6181,0.1541,-4.934,0.4879,-5.6175,-3.9484,2.4178,1.1602,8.4551,0.9737,-6.5488,5.0293,0.7923,9.1841,-5.4325,-7.8609,-9.1376,6.8151,2.1265,1.6182,3.9503,-5.0926,-3.2199,-7.7016,-3.5205,-3.6818,-0.3155,-9.9102,-2.1,-3.1237,-4.5817,-7.5673,-0.0452,-4.7585,0.5928,1.2405,7.5449,7.8199,-4.3272,-4.1929,-2.2646,7.0758,-4.1189,-4.3188,0.9836,9.1157,-8.7411,2.9639,-9.0992,0.2495,2.6401,7.8394,7.9784,-0.197,-5.5759
-4.0587,-8.4928,-2.0194,9.6934,1.4082,4.3921,6.5775,2.707,6.086,7.4899,0.1447,1.241,0.7097,-1.8656,-4.8221,3.4913,7.6244,-8.032,-0.485,-4.4199,-6.8229,-7.6883,-1.3914,5.1928,0.1652,-3.0777,1.4062,0.216,3.8324,4.5883,-5.5889,1.0914,5.9547,9.1637,6.2919,-4.4615,7.8921,1.1688,-0.4651,-1.4337,0.6331,-8.5549,4.8327,0.4488,5.913,1.7433,-3.7047,-1.0708,7.7814,-6.0009,5.2822,6.8643,-5.0526,6.9139,1.2473,-2.5866,3.7885,-9.6867,-2.3067,3.2453,-3.228,5.5115,6.528,3.8407,-0.4298,-9.6119,-4.2866,-3.6695,-0.7897,-5.2861,6.9702,8.225,6.6755,-1.2989,-9.2763,-7.5362,-3.8867,0.1617,3.5353,8.4889,2.9943,-5.8384,-2.1485,8.9816,9.2495,4.9492,-2.1758,-8.9932,3.9389,0.9341,-1.0206,-6.7669,9.448,6.3763,-2.9358,-5.3964,1.508,6.828,-8.4574,5.7241,-1.9423,2.4078,9.0342,8.6811,1.3591,5.3504,6.5657,-8.7558,0.755,-7.141,-7.8372,-8.6063,0.8528,-8.0054,-2.2572,0.6979,-8.5058,6.7035,-7.9362,-0.7529,4.9615,-1.8052,2.3903,-9.7712,-7.047,-8.7182,5.6154,8.6721,1.2728,2.4923,-1.028,-7.8599,-6.9792,2.1568,-5.1798,-6.0218,1.9204,-6.3127,2.8294,-9.6828,5.3,-2.4741,-7.8262,-6.055,1.1586,8.4713,-8.7816,6.4147,2.5331,8.6654,8.5949,8.3452,7.9342,5.2961,-0.4185,5.5858,-8.7007,7.5305,-9.5817,-8.3844,-0.5075,8.4352,3.7283,9.3205,-2.6767,-0.4675,-9.2507,8.4846,4.432,-2.2243,-7.9241,6.1237,-3.8845,-9.6096,-3.9273,7.7994,2.267,-1.4216,-6.2231,-3.0192,5.012,2.0587,-2.7527,9.2116,2.2886,2.3688,3.026,9.277,7.0438,4.592,-9.9828,-8.9191,0.7401,-2.7291,0.1407,-4.3837,-4.7376,8.6213,3.8997,4.1015
-4.0452,3.3696,0.8969,-8.756,0.1692,0.4065,-8.7537,6.0299,-8.0608,-9.6044,9.7931,0.9171,5.7296,9.3762,2.232,-1.3945,0.1476,-0.3026,-8.2688,-4.3964,8.6638,7.8218,-4.1121,7.2669,-0.388,2.1126,1.2188,9.505,9.8066,-2.9881,-3.3589,-1.9257,-5.4568,0.438,-4.9173,-8.4307,-0.2213,-2.7162,2.3116,6.3932,8.8513,4.14,2.8156,-3.0164,3.0252,-6.932,8.0313,-6.7241,0.3807,-4.6054,-2.1701,-5.842,-5.9311,-9.1659,-4.774,-7.6815,4.1681,1.0305,9.5371,5.0901,3.2541,-4.6397,8.0108,2.9483,7.0937,-6.3635,6.0492,-5.894,-2.6026,7.0547,7.0447,1.1385,-7.3261,-4.3521,8.9342,-1.0059,-1.241,-4.6012,3.5697,0.3562,-6.0424,7.5725,7.1299,-4.1805,5.048,8.3086,-6.5823,6.948,1.4881,-1.9235,-4.9936,4.4774,-8.8158,-0.762,-4.0824,3.5237,7.8898,-6.6224,-8.2899,-4.5039,-7.4835,0.3541,5.9292,-0.1535,6.3911,-6.7809,8.4193,3.8962,-1.0609,2.6224,0.8735,0.4187,-5.9443,4.7815,6.4173,3.0682,-9.5591,8.124,9.9324,4.5386,4.5156,-1.0162,8.9339,-5.1723,-9.0915,-1.8634,-0.4181,0.3019,5.5219,-6.392,-5.6978,7.185,5.0874,-3.4102,8.474,-1.017,3.4639,3.7081,1.1355,9.9644,-8.1438,1.3078,-6.1061,1.2487,-2.6101,5.0659,-0.736,5.0707,-6.1382,-6.0376,8.7823,-8.5186,-1.4143,9.5535,-2.7382,-2.4547,-5.8481,-3.9444,-5.2988,1.4039,9.3748,3.801,-0.2134,-6.8269,6.288,9.9498,-5.9355,8.1502,8.7024,2.2546,-2.4388,3.9899,4.7854,-5.3215,7.2672,3.929,9.3784,6.5949,8.3843,4.5304,-0.4465,6.7544,7.0725,-0.1977,-0.6389,-0.1905,-4.7638,5.8095,-3.6619,2.6822,-3.083,-9.6023,4.2922,1.5678,-3.8988,-5.0777,-4.1197,-0.6375,3.6325,-9.8111
6.65,4.7166,1.9014,5.9927,7.0881,-7.6045,0.1259,-5.7215,2.5326,-4.7263,5.5318,6.8111,-0.0826,5.4429,-6.8604,2.3078,4.7385,-9.1264,7.5641,-7.2104,-0.0387,4.0127,-7.8531,-3.3728,7.7847,-4.578,8.9454,9.2785,-2.7287,-7.0681,-8.2347,-4.4033,-5.3665,-8.7444,-0.4952,-5.4524,9.6712,4.9307,-0.7624,-1.5425,5.0317,-6.8002,9.3479,3.8236,6.1447,-4.0616,-2.156,-0.4294,-3.9817,-8.6406,4.4425,1.6377,-7.1859,-5.9385,5.5714,-5.0661,-9.1541,-2.1617,2.3927,-0.9712,4.7883,3.6325,6.0786,6.844,7.7139,5.9358,-7.0663,7.6249,2.1357,5.1095,3.9207,-4.4164,-8.0973,-0.6781,2.2758,-6.644,1.5055,-9.7934,-1.6528,5.0901,-9.4751,-9.3741,-0.8289,3.7936,5.9313,7.2645,-2.1055,-7.6507,2.3369,-1.3511,5.7982,-6.9472,-1.1428,-8.6939,7.1421,-4.3929,-4.7006,2.3871,-1.3434,-3.3575,5.3694,-6.3337,9.776,5.8224,4.4612,6.7698,-7.9785,4.1513,-2.8278,-7.4958,-5.839,-9.8588,0.1668,-0.6583,-5.7886,1.6139,-4.5017,6.2176,-5.0341,8.9182,7.819,3.0669,1.5565,-9.5263,2.7315,-9.8967,9.8681,6.2537,0.7532,-4.4625,-2.3762,2.3224,7.8461,-4.3926,0.8453,1.2933,3.4727,-5.3339,8.0922,-7.172,4.1854,-0.3598,2.267,9.2841,-9.6012,-7.9724,2.0416,8.0023,8.168,8.7921,1.5869,3.319,-0.8457,7.5182,-3.8954,-7.6813,-6.1992,4.015,7.9455,0.7782,4.4296,-4.7656,-9.3769,-0.969,-2.9539,0.1623,-3.0624,-7.2948,-9.0616,-7.6527,-2.1974,-1.8546,-3.7269,2.5114,9.9855,-2.4408,-6.5984,-9.2962,-4.1237,-3.8556,-4.4586,-7.7235,4.1505,-2.2663,-3.1488,1.4615,-6.3512,5.6778,-3.1983,8.7815,0.9386,8.8557,2.7337,0.1264,-4.4804,-8.0157,-2.2421,-8.4244,4.5772,-1.3521
-8.1032,-2.4742,0.2864,-2.0476,7.8453,2.6746,3.3071,-0.9711,-6.7622,-8.2259,8.2636,-3.9552,4.6851,2.7243,-4.1955,-4.2284,6.5331,-1.7181,-1.5606,-5.2832,7.5796,4.7232,-2.6181,-2.9123,1.1625,9.9018,-3.7741,9.7862,2.0538,3.0513,6.6729,-2.4511,-5.8167,-2.9507,-0.0363,-9.1147,4.0921,3.9498,-9.3676,-9.276,8.5596,-9.2684,-7.0231,-0.5781,-6.2413,7.8552,-6.3805,6.8013,-5.2555,2.2963,-1.2294,4.0917,3.5947,-7.5488,-0.4774,-6.8618,-4.2834,2.9182,-8.0484,0.324,-9.8008,-6.9452,-4.8341,2.8713,-3.4852,0.9315,-7.0738,6.989,-1.2673,4.84,-1.1556,7.4594,-0.8356,-4.3163,-4.2512,-5.2445,-5.9034,9.8773,-6.2746,2.614,-8.2903,4.9662,-7.1051,-0.6339,8.1199,-7.8018,-1.351,3.6582,-3.7168,-8.9378,-6.7492,-2.4767,-9.0535,-3.5904,-7.261,7.1248,0.825,4.0217,-7.0795,6.599,1.5781,8.2726,-1.9679,5.0653,6.6221,-4.793,6.8169,7.3686,-2.0346,-2.8654,-9.439,2.9071,-4.3089,-5.3461,1.6047,5.2169,8.3371,1.8332,8.805,-9.834,-3.7301,-0.1566,2.8343,-0.5141,4.0198,-5.953,-1.7087,-9.6328,8.66,-0.1467,-5.4096,-2.9002,7.4241,-3.6137,-3.8419,-6.2657,6.0282,-2.8766,-2.1977,2.9439,0.814,-2.8641,2.0549,-9.4465,2.5214,-5.8032,-5.5721,-7.1648,-0.0533,6.5839,9.1449,3.6812,-0.6571,0.0921,-1.3462,-1.6924,2.2183,-9.7161,-4.2404,2.7662,-7.5602,-1.3773,-5.7481,-3.6704,1.2892,-2.6227,-8.3995,-0.6134,-0.6799,0.1001,-9.098,2.7322,-9.8846,-5.6153,7.8803,9.675,-7.4099,-1.3836,-0.0568,-9.0964,-9.108,8.7327,8.7991,-6.9894,8.9245,9.0993,-0.6793,6.3556,8.5156,4.8151,2.2051,-5.0247,-8.3553,4.9291,-7.4826,-1.4222,-1.2404,-0.6699,9.2701,4.153
6.542,-5.8839,2.1673,-3.4175,-6.9906,5.5024,-1.5396,-4.3366,-3.6226,1.2164,9.2808,-9.6188,-5.7728,3.2418,-9.9859,-4.3423,-1.1066,-1.9234,3.349,8.1935,2.63,-1.1765,-2.8591,8.5365,-0.3516,-1.021,-6.1695,4.4342,-2.9232,8.2839,9.4073,-9.4475,4.9322,-7.5856,-9.8003,-4.5478,9.7684,4.4689,-9.8736,9.6525,-0.862,9.6555,-6.2486,8.289,-5.4633,8.761,0.1055,-0.138,-6.5601,-8.9847,-5.638,-0.0952,3.7344,6.0845,7.4827,8.0972,9.8461,1.7259,-2.671,0.8452,-0.1708,5.6619,-1.7558,-3.6704,8.5869,1.003,-4.9411,-9.3612,5.8533,-5.4229,6.4837,-7.1387,-5.1061,-1.4206,-1.0443,-4.6813,-4.6018,-9.7737,-2.9536,-0.2846,-0.9183,2.6243,9.3429,5.27,-3.9209,-1.1189,-2.5724,3.5178,-4.7215,-3.4568,-0.284,-9.2687,5.4479,-7.0409,-9.4108,5.4329,-7.3297,-7.0477,1.935,-0.4111,-1.8078,-7.6665,-2.2591,-3.8007,4.9427,8.112,-1.5656,8.8551,-3.7612,-8.8409,-0.51,-4.843,-4.0248,7.2733,8.8939,9.5011,0.6076,-9.9402,1.0398,-5.1303,9.1803,0.9542,-4.4377,2.984,-0.1555,9.7152,-6.1337,0.8429,-7.3915,2.5641,4.769,2.2489,-5.4651,0.5079,1.6696,9.302,7.3097,-0.2212,4.8837,6.0649,-7.9998,-5.3814,1.341,-5.4039,-7.8367,-4.1646,3.4398,-9.4771,-3.7276,4.1984,-9.4294,4.9874,-2.2037,-8.4985,9.6355,-8.1542,3.7444,-0.2222,-4.4824,2.752,1.5725,-4.471,-1.1393,7.7838,8.8222,6.3007,8.4449,8.8151,6.6218,2.8739,-9.2168,6.2963,0.4616,-6.4012,-5.1185,3.1581,9.3983,4.6953,-6.0219,-0.0373,-0.7157,-2.3995,3.918,7.5915,8.4242,-7.074,-9.073,-1.1138,7.513,-3.8045,-3.4024,-7.5572,6.9768,7.2049,4.5519,-1.3259,-3.489,5.2175,2.2664,-5.1639
0.8565,-4.1027,4.2783,-0.2048,-2.2861,-3.6412,7.9985,-3.8804,0.0398,0.1489,-0.8036,-7.9172,2.4029,-3.0215,-3.4654,6.0272,2.3062,4.6644,-4.1894,-8.7916,-1.3716,9.7222,6.3576,5.6956,3.995,-5.185,9.1041,4.7383,8.9018,-2.4223,6.3684,-3.8646,4.7688,-5.3133,7.9993,6.7607,9.235,0.283,5.0711,-3.8649,-9.2222,5.3673,6.0082,-3.8228,8.0043,1.6552,-2.0261,-2.1902,5.6071,7.5406,2.7692,-3.3959,1.0639,9.4988,-0.4333,-1.7776,-4.0442,9.1187,-3.8113,-9.7103,5.4999,2.0094,8.1136,-7.9944,-9.2765,-1.5036,-8.0133,-9.2944,-4.2696,0.9407,-3.8678,4.6829,4.685,3.226,0.7346,-5.9462,-8.3559,4.3559,4.7091,-6.8615,9.4232,1.4638,-5.5489,5.0869,-5.0897,8.9012,5.6605,4.5515,-5.6645,-1.8239,9.8459,-5.9222,6.7177,5.7826,-2.7709,5.2075,9.0524,1.9677,-4.8976,-3.3359,9.1045,-1.4573,-3.8717,-5.2781,7.0083,-9.9078,-2.9226,1.8564,9.2911,-7.5138,-9.5983,-1.4966,2.4106,-4.3985,9.7204,9.0158,2.8063,6.9658,-6.4203,0.3674,1.7119,-0.6542,9.2017,4.4556,4.2536,-0.5956,-1.1126,3.1573,-3.0023,-9.4618,-1.3353,0.5241,-3.8184,-1.1747,0.4444,-6.4697,-7.5014,0.7087,-0.6704,4.5443,1.0065,1.9453,9.2073,-5.0958,-2.5666,-1.4809,9.4766,-8.902,4.8246,-2.977,-1.5412,-3.152,-3.551,-7.4316,-0.932,4.0789,-9.6617,-3.7441,7.5379,-1.3667,6.4959,0.0043,6.595,-9.657,8.5453,1.6537,7.9604,2.8111,-4.1082,-1.9685,-6.6658,-9.0194,-5.3105,-3.3267,-9.8787,3.632,3.2496,-7.848,3.1078,-8.4169,7.1929,4.3396,3.8098,3.9255,3.9965,7.8999,7.2182,-1.1183,0.9907,9.0912,6.7348,-4.0369,3.3878,5.5289,-1.9144,-8.345,9.6849,3.2986,8.773,5.4098
-7.8805,8.8226,-3.6758,8.4823,5.3846,1.2842,-6.9258,0.5928,0.0637,-4.5786,4.1857,-7.1493,4.0385,7.8409,3.2287,-4.794,-8.7578,7.8801,6.1337,-2.6739,5.8245,4.8331,8.3215,9.353,-2.5646,6.3272,-6.7107,-7.7222,-3.9861,-0.6045,9.6133,-0.2779,-1.3854,5.5112,2.8344,-7.4373,-1.5439,-0.1164,-7.5245,1.5873,-0.5713,2.47,8.7075,0.0772,6.5113,3.2095,-0.5065,-5.2781,-2.5024,2.1008,1.3972,-8.6591,-9.7145,9.9731,-1.7518,4.9841,-4.4039,-9.5485,8.6716,-8.0224,-7.2733,-6.9394,1.1949,-8.9167,1.477,9.7862,5.8678,3.5772,-8.0589,-5.1562,-3.0892,-3.2154,-9.8143,-5.1812,2.0639,-9.5159,-0.9451,-5.2339,-2.7153,-8.1639,-3.9553,3.8944,-6.1907,-4.3499,7.233,5.3846,4.4489,8.8308,5.6323,-0.2862,4.8012,3.1425,2.6022,-4.4362,-0.5795,-7.5812,-9.69,-5.5243,7.5915,-8.9501,7.6702,3.3593,0.4114,5.3099,-8.9201,3.0339,3.838,-6.7311,7.7273,4.3324,-2.9044,9.5186,1.1996,-3.2803,4.016,2.8682,6.6853,6.3898,-4.4331,8.5725,-7.2869,0.3078,0.1932,9.3575,2.3262,-6.0366,-0.9926,-0.516,-9.8872,6.6278,7.9367,6.5993,4.6141,2.1853,-5.5974,-5.9451,-2.5027,7.1723,-4.2856,-3.7394,1.6839,7.4149,3.4004,-0.1019,7.4697,6.3816,-5.1335,2.5357,-9.0188,9.802,-2.5096,-4.7482,-3.7333,4.3994,8.5581,-2.2029,5.1443,-3.6991,1.5733,-0.0744,7.7206,5.5793,-0.3708,-3.8745,-5.5188,4.606,8.1087,-7.3427,-7.0702,4.4113,-1.0711,-5.6146,-5.6879,0.6819,9.3646,-8.2128,2.3654,9.905,-2.226,0.1251,1.2163,-1.4534,5.9611,1.2099,0.7116,-2.9149,8.2016,-3.0746,7.4008,6.5108,-3.1887,-6.8216,6.4704,9.1011,5.8555,-4.1304,-0.9307,-3.9123,9.3693,9.0043
7.6012,-8.9792,-1.6009,5.3898,-7.2657,7.1653,-2.8532,-3.7759,0.3197,-2.1981,0.9989,-3.3581,0.1026,-6.2895,2.9551,-6.6854,-2.6175,-5.9106,5.8908,-3.8945,-6.6049,8.3192,-8.3219,7.8336,-8.2243,1.5491,0.0067,8.1144,-2.8675,4.4556,-3.9894,-7.1709,8.214,-3.8448,3.7944,5.2444,9.8095,8.8702,9.8311,-9.2303,-5.7613,-8.0188,-2.7266,-4.7864,-7.866,9.844,-5.5679,-2.9037,-4.2199,-6.1201,-1.2136,0.3387,-0.6414,1.5248,-4.0972,-6.1586,-5.0833,-0.3636,4.7803,7.9913,6.7801,7.0619,2.5329,1.3972,2.6158,-9.9015,6.0592,-3.6594,3.7406,-7.5363,-1.1562,2.2335,5.6124,5.1983,0.7395,-1.446,-7.7441,-0.5072,-5.5109,-4.996,-3.9543,2.0825,-3.1822,-0.9123,-3.4642,0.133,6.0886,8.7786,4.6685,-7.4242,-8.4957,-3.7166,7.2424,9.7815,-6.9607,-3.6759,-7.658,3.4734,-7.2039,-7.3771,2.6894,5.1734,6.8958,-0.3758,-0.3895,-4.2546,-1.1705,-3.8417,4.6754,-5.0288,8.8558,0.117,-7.1753,-0.7105,-4.3298,9.295,-4.0357,-9.8748,-1.8938,5.2071,5.2427,-4.8724,4.5431,-1.3233,4.7896,-6.1985,7.1785,-9.0836,-3.4866,-6.7213,-5.6477,-8.9408,-4.6304,-6.2914,-0.7185,3.1726,-4.479,-8.7943,-6.4459,-5.1911,7.1909,-4.1918,2.1445,3.8961,-3.2526,-1.1097,7.048,3.8864,7.126,-9.7871,-1.364,8.0083,-3.5744,9.2161,-6.1528,3.362,4.6972,6.5394,0.7523,-2.1881,-4.5489,5.7063,3.9411,0.3761,-8.898,9.1661,-3.7021,1.2136,-4.5034,3.7212,-6.5718,2.4474,6.4101,8.6908,4.119,-9.1437,8.901,-5.2793,7.1925,8.8777,0.6107,-0.5131,2.535,-1.1829,-2.4422,-8.583,-4.1405,-4.5866,5.9475,4.4473,3.0649,9.5844,0.0935,9.813,-2.87,5.3963,6.6634,-5.007,2.7573,1.8582
0.3369,6.5626,-5.7696,3.2455,-0.3774,8.667,-2.5069,2.3899,7.8799,-9.7201,-5.1598,-3.5774,-8.9607,8.6241,-3.4544,-7.8911,-1.6531,-3.296,-7.1207,-9.6489,-5.7919,-2.6267,-1.6736,-3.1191,-3.0112,1.1385,2.5602,-4.9547,-4.7493,-8.6869,6.6941,-9.0684,-1.122,8.4196,5.6284,8.6055,-5.3603,5.1055,3.7979,2.7557,1.4341,9.6736,6.6793,-6.3687,3.1613,0.1305,-6.6383,-7.7014,6.5424,5.1995,-1.1679,4.6617,-8.2751,9.8467,6.1524,5.9296,-8.0335,4.8559,4.6112,9.9587,-2.7969,2.806,2.0836,-7.3005,0.1806,4.4086,7.9705,6.2463,-9.049,-8.2658,2.6825,6.8142,5.2076,-0.9604,-9.2876,-5.4001,2.2692,2.3952,8.4268,-4.8704,3.6431,0.7823,3.4521,-8.5846,-6.947,7.3738,-1.7163,-8.8677,2.9752,4.2146,-8.5424,-4.8288,-4.883,-7.0622,-1.3431,0.2117,7.5147,-5.442,-6.9077,-2.089,-9.6145,-1.9792,1.8827,-6.2731,0.3007,4.3456,-0.5769,7.5659,-5.8948,0.7691,8.5907,-8.3031,-2.1624,5.0509,-0.4189,8.8034,9.1661,3.3577,-7.2277,6.2295,6.485,-6.7484,1.0294,-0.5368,-7.1384,6.6493,-4.3793,-9.6158,-2.8525,-4.0731,-5.8171,3.5001,4.171,9.2644,9.2408,-3.9149,-0.0256,-2.1847,-2.3313,-6.8434,-5.6018,-9.9829,-6.1357,-8.8278,-4.3005,-6.5307,2.0265,8.092,-4.1726,-6.1936,7.1574,5.2019,-1.2744,0.3721,6.6593,6.3065,-2.4906,2.5678,7.0254,-9.0023,9.1334,-8.8813,3.9813,4.1266,9.0376,-2.492,6.5681,-0.459,1.8757,-2.0042,-0.0257,-6.4384,-6.9225,8.2075,0.4419,-7.4322,1.2861,-4.694,-7.5479,-6.1187,4.2385,-8.8288,4.1853,4.2773,3.054,-5.0443,1.2527,-6.6401,5.9338,-4.2496,4.0716,-3.3159,-4.2211,-0.4024,8.4342,-4.0119,-8.1414,-6.0298,-3.587,3.2835
6.4474,0.55,7.3977,4.5403,5.1323,1.7534,-6.3647,-6.4021,-4.5443,-9.3372,4.7116,-2.0135,0.2367,-3.3027,-0.1259,-1.1028,9.9385,0.1499,4.1729,4.3265,7.8612,-1.3744,8.5137,5.2193,2.6463,4.77,-4.7961,-4.7985,-4.5176,6.5021,8.6864,-4.3717,-0.0509,-8.3042,0.0146,9.6522,4.5656,2.1804,9.7108,-8.4077,2.3327,-9.6767,-3.3679,-7.4687,5.1295,-5.962,-3.627,-7.0447,-0.6618,2.5099,1.7283,-8.1166,-8.3124,-9.0983,-2.438,2.3139,-5.0233,-4.9733,-4.8329,-1.321,4.2032,-8.3644,-1.0533,-5.4118,-5.4171,-7.9401,-7.3957,-7.0266,-4.769,2.6851,-6.0587,7.8581,-0.9243,9.0,-8.2509,-6.9026,9.793,-5.4781,2.8929,6.6425,-3.7654,1.8721,5.7025,3.3856,-3.4532,4.8999,8.8927,-5.5559,2.4935,5.693,-9.8752,1.1672,7.1886,9.8354,1.4981,7.5704,5.674,-4.5348,4.7321,3.0022,-5.8942,-0.8544,-6.4679,-3.5724,-0.3041,7.6434,-4.477,3.2765,9.925,5.687,-3.86,7.4686,4.2433,6.4873,1.8171,8.261,-1.7898,-4.1716,2.2569,-9.5498,4.1718,-0.9927,0.5727,-4.1964,-3.3305,7.3793,3.0239,3.2374,0.9303,5.0498,7.9869,-8.8299,-1.458,5.4499,-4.7721,8.283,9.0468,-8.4709,-4.5942,-1.365,4.5497,-3.1264,-9.2712,5.5109,1.1331,5.4803,0.2553,2.2643,6.1284,2.2106,-0.8835,-3.0264,-7.189,-3.5065,9.0712,4.3101,5.621,7.9996,6.3495,-5.8792,-9.58,3.5127,9.3395,-6.7354,9.909,-2.0656,3.0327,-2.5253,3.865,1.0528,-4.1244,2.8647,7.1874,1.1114,9.2148,-0.355,-2.474,-4.2368,-6.1769,7.3419,-8.515,-3.3422,9.3121,3.6422,3.0835,9.6529,-0.7824,-4.9975,-8.5679,-0.6427,-9.5423,6.7347,8.8369,-3.3405,-6.9116,6.1293,-5.6281,-3.4743,-8.1671,7.165
7.6511,-2.0781,2.3859,-5.5155,-2.331,-2.5798,-7.9128,2.7474,-9.4673,-1.0547,8.7762,-6.6723,6.1755,-4.0515,-9.5726,7.1808,-5.6585,-5.7735,-3.3291,4.2999,4.934,4.1308,-7.4339,-2.9968,7.0909,2.2648,9.6975,7.9125,3.6828,8.6269,2.3077,-8.3832,4.0131,2.3925,9.6097,-8.2828,-8.4536,-1.5885,-0.896,3.3804,-4.2123,9.4996,6.2102,-0.4591,-9.2611,2.292,-2.7084,-1.7681,-4.5827,-5.9647,4.1027,-8.4879,2.5557,-1.8227,-8.889,9.7451,0.9799,6.3906,4.8917,-3.007,8.0532,-0.8221,-5.6073,-8.9511,-3.7956,-5.2617,-1.1985,5.2214,-9.0907,-3.2641,3.9273,-2.9243,4.7492,-2.2126,-3.5353,0.1194,-5.6187,9.3917,-7.029,4.4461,7.9342,-7.1941,3.5691,9.1191,-7.2899,9.0233,7.9467,9.3603,6.2476,-6.9232,9.4269,7.1447,7.0403,8.9039,7.8372,-2.5574,0.2582,6.137,3.0373,0.2258,-8.6048,2.7798,-5.3274,-4.1295,-1.231,4.3732,4.3025,5.7849,-6.7171,0.3287,-9.3969,-7.4073,8.0855,-2.2169,-7.4159,8.1554,9.468,-3.2953,-0.2472,-5.4307,-1.261,-8.5426,-5.4827,5.9596,6.4929,3.4491,3.0372,1.1094,-8.4676,0.0988,-2.0498,-6.8998,-2.5523,-2.5317,-1.3102,-6.1348,-3.6391,-9.7797,4.8364,-0.3666,-4.2165,-1.7122,6.2394,0.5648,-4.4104,8.5854,7.4365,-6.3789,0.0692,6.4935,-5.6364,5.1455,-1.6181,7.1669,3.1671,-7.3305,2.0063,7.8949,-1.4045,7.9683,-6.7047,7.2749,-2.6543,4.8195,-8.4471,9.1164,-2.9364,-2.9719,5.6487,-3.5706,8.5458,0.1922,7.0403,3.5369,0.5501,-2.7825,-6.5464,1.2578,-5.7383,5.2752,-8.1623,4.4206,-9.4748,4.0747,5.6058,-1.9992,-0.9136,-7.7571,1.4257,5.9297,5.984,7.9821,-8.8734,4.1095,8.5371,1.3405,-1.6955,2.528,-8.6396,-0.4055
9.3778,9.9923,-9.031,2.5476,-9.1442,0.7941,0.2433,3.1266,6.4217,3.7377,1.2491,2.571,5.8101,-8.2017,7.6482,0.5668,-2.4782,9.7575,3.0679,-3.3537,9.8365,-4.3596,-2.2873,-9.082,4.3555,7.4088,-4.6665,-1.4546,7.6747,-6.2909,-1.548,5.0794,9.4581,2.2118,1.1052,8.2735,-0.3791,-9.8834,9.1449,-9.3995,-8.9819,6.8151,-1.2058,2.7899,-4.3625,-0.4415,8.9214,0.9511,6.8798,-7.7684,1.2388,-5.0402,1.6445,9.8762,9.0088,-4.0199,-3.7514,9.3304,-4.1056,4.2529,5.6312,-9.1779,0.2898,-7.0284,3.1997,8.5778,-7.6791,3.4342,-3.6604,-6.9289,4.9781,9.5006,-1.9477,-4.9346,-9.1396,-5.7892,-0.0307,-3.7943,-2.4898,0.1236,0.4852,9.5077,-1.2184,-9.6989,-0.9442,-9.5134,-5.2797,9.8036,2.9877,1.2878,9.7622,9.5289,-6.2974,1.9875,7.2734,7.4224,-9.4236,6.4252,-8.3618,4.1243,5.4004,4.3584,0.4963,1.5045,3.4451,-9.7332,-7.6931,1.3491,-4.7049,-9.887,8.008,-5.2847,3.0901,7.4079,-9.8415,-7.2822,-2.425,1.8246,-4.9282,8.2885,1.2364,-7.7825,7.9735,-1.0582,3.4675,9.2779,-2.2559,-2.384,-4.1209,6.4863,3.1378,-0.4354,8.8759,6.1379,-5.6558,4.5731,7.5761,-4.9517,-9.9324,7.4825,6.8742,9.0204,0.3927,-1.1775,-6.3584,-5.7355,9.2201,-3.7728,5.3197,-0.8666,-5.8349,-2.366,-9.9376,-8.5457,-4.5216,4.6135,2.4487,9.5629,-5.5691,-5.324,8.9413,-5.6305,-9.1682,-5.1752,5.5197,1.6932,4.4753,1.492,3.3026,9.8746,5.9371,3.4109,7.8827,3.0361,-2.2585,4.6174,0.4394,6.3285,-5.351,-5.4327,-9.5096,-9.3427,-2.0701,-1.7613,-5.6377,-3.5651,-7.5327,-8.9327,-7.9584,0.1738,5.9198,3.1907,3.7304,2.5254,-5.1415,-2.7467,3.598,-3.0235,7.6527,-4.5279
-7.1625,0.4982,8.0726,5.1426,5.6488,6.4476,0.5775,-9.4498,0.8,-4.2772,-3.0108,5.4153,-6.0623,4.4091,8.1345,-0.3056,-9.7817,6.7547,-3.9103,2.436,-8.5235,-0.9248,9.7006,8.343,-7.0791,1.3264,0.9973,1.5715,2.3948,5.8937,5.6013,2.8222,-7.1482,3.6427,0.3065,-1.1132,-3.6163,5.3812,-0.9077,-2.9605,2.1111,5.5297,-0.2398,2.1655,8.6195,-2.5652,-3.2357,-5.3793,8.9937,2.4406,0.7679,-8.321,2.7097,0.5273,6.2303,0.3252,2.1974,-3.9284,-4.4549,-8.8683,-7.5147,-2.978,4.8388,-0.4036,-9.5664,8.3584,4.2628,-5.4514,2.0145,5.305,-4.1606,-8.3899,-3.5433,-5.7986,-0.3832,1.9225,-3.6568,4.7375,-7.3563,-8.949,7.3642,-4.8348,-5.3724,-4.6478,-6.3895,1.9464,-1.3881,3.885,4.8814,4.172,-6.4633,3.9409,-7.3393,7.8223,-5.8816,9.8967,-0.7309,0.1343,-9.9083,4.6072,2.1674,7.0054,8.5156,0.9714,5.7508,7.3535,-0.3442,6.6969,-6.4741,2.841,-0.7868,0.9575,-4.4601,4.4617,0.4448,-1.8101,-2.7755,6.1958,0.6615,3.4351,-7.7356,7.3892,-3.6212,-6.0152,-6.0411,0.1989,5.2598,-2.723,4.4071,3.412,-7.345,0.6257,8.1235,-8.2783,-8.2454,8.512,-4.9804,0.078,-2.0256,7.9796,-9.0982,8.1155,-9.1122,9.5831,-5.4861,-3.7548,-6.4714,-7.6958,3.9369,-1.5583,-2.6521,1.6227,1.5046,-8.4032,-5.1001,9.3419,-7.5103,-7.1787,-7.7019,-9.8999,-9.7177,1.3526,0.0945,-1.7266,-7.8629,1.2035,4.0698,4.8227,3.9974,-8.8629,7.4174,-6.291,-9.3454,7.9308,-5.1796,1.7401,1.5617,3.0308,3.4858,6.1553,6.3681,-4.9389,-3.0306,-1.1694,7.4496,-7.7952,2.4672,-8.0134,5.6815,1.0314,-8.8155,-9.5578,2.8259,3.5017,7.4587,-3.2028,-3.9667,-9.9856,0.2229,-5.503
4.5057,1.3841,-3.6817,-6.1724,9.5696,-5.4709,8.3967,-5.7483,0.4719,4.1132,4.8284,9.7564,9.061,9.6938,-3.0,9.007,7.7421,-7.6125,9.5962,6.3099,8.982,-3.3115,4.7209,8.4041,1.0905,0.4329,5.1287,0.8047,7.0607,7.9572,6.9129,-7.002,-3.2223,-9.0856,3.7171,-9.063,-1.0543,4.7777,9.7137,1.7829,-8.7359,-1.9867,3.8781,-6.3508,-9.9112,-1.886,-3.0106,-0.4698,-2.8839,6.7275,5.941,-5.9686,6.8916,-6.4708,0.3583,-9.3302,-4.7424,8.6469,7.0508,-0.9972,3.4178,-3.2514,-6.7252,1.4607,-4.3785,-2.4951,-3.3815,-4.4473,-5.7379,8.4962,9.7113,-5.7424,-9.1908,-5.8742,2.8774,2.0481,3.6775,8.5154,-4.0322,-8.6701,9.0604,9.2822,5.3756,0.7738,2.4456,-5.9215,8.9013,-7.1617,-6.5247,-0.0383,-8.1976,-2.42,3.3657,3.2336,-7.5371,-3.5683,-3.1656,4.7853,8.1418,-7.9453,-0.644,-6.2665,-4.0874,-2.3966,7.3469,7.4985,-8.4359,6.7341,-4.5887,1.802,-6.0989,3.5612,6.0062,-8.7212,-6.9232,2.5871,-0.2042,3.1414,-2.549,-8.4935,-7.4554,-5.1392,3.2171,-7.3887,1.146,5.8516,-0.5914,4.5019,-5.9044,8.4888,0.2772,-9.4047,3.6603,-0.4263,4.3956,-8.8038,0.852,2.5642,-8.9797,-7.5804,1.8011,-5.1299,0.1509,-7.6208,-1.231,-7.0348,0.1324,7.7352,5.3853,5.7447,9.18,5.61,8.6284,4.9752,2.0862,1.1702,-0.7599,-9.3472,8.3649,6.1831,0.3837,-5.4865,9.3764,9.1468,-5.3671,5.9202,3.8253,-7.2286,-4.4762,1.1351,-5.2918,1.6207,3.535,-3.5907,-1.5348,2.1499,0.729,-8.8482,5.8576,-5.9183,-4.0419,-6.2976,-0.008,-2.4222,9.699,-1.7444,4.5073,-5.3068,3.1643,-5.7796,8.8819,4.3497,5.625,7.7988,-2.8433,0.7095,1.0318,3.378,-3.853,-4.9621
-2.5297,-1.5193,-8.9714,8.6844,7.1327,-1.8911,3.3001,-5.7801,-4.8991,9.5081,-0.4866,7.5113,-7.8637,6.6141,0.505,7.9239,-2.878,2.2394,1.699,4.45,6.3503,9.2014,-0.103,9.5752,-4.5259,-1.7643,7.2574,2.3935,3.0085,5.4352,-8.9599,-3.6069,-0.3774,-0.5346,-9.6402,4.0109,-6.3768,7.9598,3.8956,6.4995,0.1281,5.4185,-0.854,-4.3892,3.3391,-5.874,-6.2652,3.305,-6.4951,2.9268,8.0196,-2.4204,-3.2956,7.6465,-1.0571,-2.56,7.4748,-5.1774,4.3471,1.3742,-0.6176,3.3507,3.8523,-0.6582,-2.4324,-3.6668,6.1485,3.4948,9.9399,1.891,4.0125,1.7618,7.1478,-6.5938,6.8293,3.2525,2.9965,-8.5388,5.2,4.3579,-1.8206,6.2574,-2.0934,2.7699,-4.2313,1.3163,-6.8072,5.7074,-8.0409,5.5751,-2.1441,-9.6591,-3.8852,2.6075,0.4419,-3.5417,2.5808,4.2876,-7.9782,-2.465,6.1962,2.2223,-2.1425,-4.9047,3.5906,-0.7813,-5.9321,0.144,1.0138,-4.0406,-8.852,2.6428,-8.4143,1.7714,3.7957,-2.8965,9.7252,7.864,1.8736,-7.3632,-3.6436,-4.5632,-5.5205,1.571,6.7105,-6.5729,4.2111,-0.4568,1.6208,5.4117,9.9461,9.4855,-2.1356,3.3471,6.8495,4.8701,-2.6527,-6.0707,3.7243,4.3108,0.0203,7.7706,-7.0532,-5.1345,2.2326,-4.6435,-1.5567,-0.3201,-7.6595,3.5918,2.7661,3.5683,2.2803,-2.4525,0.1984,-7.3109,-1.1855,-6.2304,-6.1458,-8.641,7.4497,1.0926,-5.245,2.0122,-4.9803,9.5048,-5.7129,-9.5668,5.6795,9.3346,1.41,8.1083,6.1498,-2.6167,7.4983,-1.6333,-0.8405,1.301,-7.5523,2.5745,0.7592,6.4118,-5.75,-4.1272,9.755,-8.3772,9.7842,6.3687,3.132,0.4254,0.9482,7.6131,2.3917,6.577,2.8251,0.2865,6.0581,0.2405,-4.3873,-9.7287
-3.9409,9.6394,-1.2328,-2.3696,1.8644,1.5293,-1.0945,2.0191,8.3546,-3.3791,4.3626,7.8721,3.2872,-7.6626,-4.0385,2.9993,-5.5797,-7.4868,9.7595,1.3636,-5.5491,5.0096,7.6057,3.7051,5.422,1.9459,-0.1313,8.4891,4.8153,8.599,5.1705,-4.8248,5.0863,-1.1484,-2.9063,7.8687,-1.9995,5.9735,-9.8854,-6.8351,1.3296,-1.3818,5.4628,-5.108,9.332,7.5924,-7.9231,4.809,4.7374,-0.6663,-7.4003,6.8954,-1.5617,9.512,9.3079,0.612,5.9252,4.4642,2.792,-6.4245,2.2719,-3.1326,-7.6682,-1.7083,-7.2956,-0.0523,-6.1038,-5.1858,4.7308,-2.5118,2.5187,-8.5077,-5.1378,-6.2547,-4.758,0.391,5.4141,6.8484,-0.8711,-3.2499,0.8699,5.782,3.1238,-2.8033,-3.6482,-0.7408,1.884,-6.6712,8.2541,6.7746,-2.598,4.2954,-8.1989,-4.5387,-2.7071,0.9398,4.7338,5.2574,-4.6737,-1.6914,8.4071,-1.3102,1.7552,-5.081,8.2203,-6.5503,4.9327,5.6027,0.2615,1.9307,2.3635,6.154,-4.0606,-6.0879,8.1836,-3.1737,-9.3582,0.5692,-0.9537,8.8859,-1.242,-0.4476,0.4403,1.9621,7.6598,-8.1904,-6.1364,2.6789,-7.4057,2.9568,6.7693,-0.7611,-9.733,6.0637,8.3976,7.3753,6.3886,-8.4103,7.4999,-8.9408,-6.1533,6.2491,0.0767,-5.4067,9.6493,-1.9396,-2.714,6.4805,-7.3441,8.7948,4.3849,-0.1733,2.276,4.1353,-7.3705,-7.5538,5.1247,1.4348,-7.0443,-8.1979,-3.2639,-2.6396,4.1021,-6.5115,6.2198,-9.0742,9.0735,-8.5099,9.6316,-6.3918,1.5147,7.1664,-4.2457,-6.0315,-4.9721,3.2247,3.1187,-9.7743,-4.2654,4.9177,-6.0931,-9.6975,0.1311,-7.0909,-4.9246,-2.0652,-4.3744,-0.1047,4.1186,7.7252,8.0692,-8.2835,-1.9115,0.0948,-7.2127,-4.3485,-6.0637,9.6485,-7.365,-6.1766
-5.0326,5.483,-4.4384,0.4051,-8.5133,6.6652,1.4491,-7.534,-8.0962,1.3683,7.916,9.9158,-6.9854,-5.7716,-3.7691,9.1069,-3.0159,4.8149,-9.9832,9.3349,4.3381,6.2872,-5.1691,-1.416,-1.6397,8.2149,6.2885,2.0915,-1.3197,6.1567,9.2501,-0.1259,-9.4608,5.2031,-2.0659,0.1769,9.2457,8.9922,0.5667,0.3994,6.4147,-9.196,1.4795,-0.0956,-1.1766,3.4038,2.8697,8.4088,6.7419,-9.8241,2.2677,-9.4542,-9.9504,-4.2229,-7.7006,-8.893,9.3704,-8.3038,-7.4262,1.8262,7.4657,-4.6903,-5.7459,-8.5101,3.961,2.2438,0.7456,-7.3048,-2.4743,3.3099,-6.5082,-4.751,5.9328,7.9828,-7.213,-5.2746,4.5382,-1.2768,-1.0651,9.7281,2.6411,6.5029,9.1393,4.8022,3.1573,-3.8518,-8.4536,6.2424,6.031,4.9665,-9.3563,-4.4331,-9.7236,-7.5727,9.0768,-7.6313,-7.2359,9.6202,-4.5607,9.134,-3.2204,-1.2348,-6.4547,6.8638,-8.3208,8.9631,4.3881,-5.9593,2.8912,7.613,-4.9561,-5.3659,-7.9995,-2.616,-4.9099,9.1184,1.6918,4.6659,3.345,-8.7483,-9.4126,-8.4306,0.5969,3.4935,9.2162,5.5982,-6.7999,5.4464,0.6098,-5.4835,-0.0612,1.7185,1.7193,6.3161,-0.8442,-0.8515,9.4217,7.6578,3.4369,2.0449,2.1865,8.1445,6.751,-4.1718,1.042,-7.6138,-6.5278,-3.3426,-5.5201,6.9375,-2.1161,2.1541,0.3437,-1.4103,-6.7458,-7.9029,-9.2779,1.0198,9.3471,7.2024,-3.5855,-5.2942,-6.0277,-9.3325,6.8964,4.6734,-4.9159,-3.7554,4.5421,8.6405,-7.3891,-5.8654,2.5743,9.9151,-3.8007,2.2869,7.2574,7.2441,5.8107,3.8288,4.2007,-5.4375,-3.0326,4.5249,-7.0385,3.6104,-8.5446,-8.4425,6.9513,-2.0364,-2.0218,2.1054,-2.1773,0.0009,-7.9335,8.8006,4.7245,-0.6691,-1.8525,-2.7917
-3.4937,-3.3253,-3.1134,9.1127,-8.9989,-1.3923,0.1152,-1.2989,-4.1519,1.3971,-1.269,-8.3552,-0.2034,-4.6659,6.7671,2.9184,-1.2504,5.517,2.2266,5.779,-0.5853,-7.5335,7.8356,-5.998,-2.6109,-4.1145,-8.898,-4.5604,8.0639,7.3217,3.8369,-9.3549,-2.8613,-7.2286,-4.5763,5.3248,9.6386,-4.022,-6.1358,9.3184,0.3915,0.2931,4.139,1.1474,8.1554,-0.3556,6.0833,0.9825,-3.8555,1.5481,2.4628,-5.2366,3.381,8.1907,9.5307,7.8548,0.5218,3.7508,9.25,-6.0422,3.0893,-2.0759,7.8688,8.8611,-8.375,-3.1698,8.2369,-5.2355,8.7797,2.9478,7.4952,-6.6358,7.3037,6.4951,6.9502,-6.5526,6.2794,-2.876,9.3648,-0.0057,-1.8301,3.3392,8.192,-1.2608,8.9325,0.4756,5.1682,7.8199,-5.4778,-9.7809,-2.4335,9.7312,-7.2785,9.4669,-4.9485,-5.05,-6.7898,-6.3696,-1.577,-8.6605,0.6128,3.2362,-9.5959,7.613,-1.7081,6.8307,9.1723,-9.475,-0.3495,6.6243,-3.6917,9.0239,-7.5806,-5.0724,8.619,-6.0014,4.9832,-4.0279,4.786,-1.7869,0.2609,-7.0003,-6.9213,2.6988,2.203,-1.5475,-1.9566,6.9425,-8.5101,1.4735,-5.5701,-6.0557,-0.5998,8.6129,8.7207,-6.0511,3.9396,-3.8505,-0.1396,0.1981,8.4139,1.2309,-3.3728,4.8654,-4.9359,-1.0493,2.1591,2.2996,1.1598,-2.4283,-9.8893,-1.9511,9.7344,2.3222,5.1198,-4.615,-5.1032,2.5138,-3.5353,-9.3104,-7.2968,-0.8134,9.9793,3.5588,8.6402,-6.4562,-0.8415,2.9617,2.7691,9.0531,7.6055,9.6509,8.0746,4.0183,2.3449,3.4436,-3.0493,-7.2153,-3.1201,-7.1101,6.733,-3.1027,6.6022,-7.4875,-6.8288,-8.0736,7.6503,-8.1214,1.6269,4.6733,-6.4851,-4.2625,1.4352,9.2874,-1.0601,-7.3926,3.9543,3.4078,7.28,4.2336
7.7818,3.0415,0.9366,-8.0076,3.2389,1.0268,-9.1259,3.7528,5.6079,1.2294,-4.541,8.0922,5.7089,-7.4778,4.6742,-6.2674,-8.9818,-1.983,2.3016,9.2865,2.5824,-7.6323,9.9232,-8.453,-4.4703,5.7008,4.5995,-1.0122,7.5655,8.6341,-9.3978,6.0624,6.8666,4.3837,0.7445,3.2702,-9.5662,-9.4356,3.4939,8.6667,0.6146,6.0008,-4.8706,3.2362,7.3901,-7.3577,-6.0425,3.8923,0.7722,0.7045,9.9766,-3.138,6.4129,-1.2473,-7.3746,7.1063,-9.5139,0.1923,-5.636,9.2641,7.6749,-5.2435,8.3252,-7.1529,3.7399,-4.6433,-3.7935,2.8215,-0.1829,-4.2133,-5.6281,2.5681,2.5079,1.2603,3.2413,-2.3837,-6.5025,-3.8105,-8.7284,-9.6942,-5.9451,-9.4991,3.006,-0.1915,3.8756,-3.6249,-9.1869,-5.4758,-8.8412,-5.9514,-0.7979,7.2554,4.0322,-2.7414,-7.4597,1.1777,9.3742,-0.2883,8.6857,1.8228,0.5309,-4.7481,5.9658,9.8445,5.1485,-9.7311,3.1502,-8.8569,-6.7763,-2.1675,4.991,2.6553,3.0635,4.384,8.6074,3.4504,5.1124,7.4358,-0.8788,-3.659,-3.0582,4.065,1.2631,-5.1069,6.0191,7.3997,-3.2153,2.726,8.284,-3.1443,5.9535,8.5945,3.0887,-7.1736,-6.642,-2.8962,-9.9436,-8.1951,0.9429,-5.0983,-0.4473,2.4712,-1.5173,-5.6919,2.9805,9.3621,-1.8903,-3.8023,-1.83,-5.3826,8.1099,7.4589,7.0908,-0.8809,-9.382,-1.2502,0.5024,-2.9681,0.3661,-5.5526,3.1129,-6.3319,-0.4611,6.0941,9.0042,0.9093,-5.1376,0.2552,-3.5969,-1.407,7.4068,-6.7544,-0.8071,4.2965,7.6254,1.4167,-5.8203,-7.5282,8.4034,8.8518,-2.605,-8.0989,8.6108,-2.9489,-1.7738,5.357,-8.489,-3.6138,5.8738,7.6927,-8.6485,4.8358,2.3361,0.389,-7.5021,-0.8863,0.7845,-9.7918,3.6873,-3.3556
5.8394,-1.3288,-1.9213,-4.0146,-0.5685,2.6381,-9.3643,6.5648,-8.9596,-3.966,-1.669,7.1527,6.0904,1.7659,6.3844,-4.1441,-9.1247,-0.9249,-6.2146,7.0159,-3.814,9.2227,0.9545,1.2512,-8.2054,-4.6335,-7.6669,1.3687,-7.6999,4.4221,-7.1432,8.4873,-5.2305,2.1079,-1.6663,-8.8986,-6.4829,-9.3333,6.8914,-3.773,-7.1834,6.8457,-5.2339,4.5674,8.921,-1.6644,2.585,-3.5572,0.7508,-0.4671,4.3533,7.8804,4.9194,-3.3829,-6.7871,-5.3406,3.9841,0.9926,0.5576,6.3747,-2.4752,0.0955,-5.8597,7.8612,-1.4353,4.8442,-1.0705,4.7003,-1.1977,-4.8582,-8.9464,-2.351,0.0418,2.4103,9.42,-3.8305,5.9751,-5.4158,-8.4935,-8.3906,2.1602,3.3359,1.9767,-6.7774,9.6761,-2.5188,-0.1174,-8.826,-2.1046,7.8008,1.7876,4.5003,8.6436,2.5488,9.6857,4.6824,-7.6385,-8.2233,-8.7875,-8.4811,1.2205,3.8746,-3.5301,-0.3035,-0.2993,9.0894,-9.6032,2.5016,-1.58,2.4288,-6.5819,2.2398,8.5778,3.8817,-8.3141,-9.5767,-6.9141,-6.4082,1.5306,9.6602,-3.063,-9.1113,5.3642,2.9103,-9.5818,-1.5271,2.2443,4.2693,-5.1451,5.7143,6.2452,-7.0849,0.3512,2.7022,-5.0172,3.586,-9.5478,3.6232,0.798,-1.5852,8.7817,0.0228,-9.3657,8.9796,6.007,9.772,6.4852,1.1114,-0.2224,-9.7806,-2.3372,8.7583,-5.1482,-1.2679,3.5636,-0.8958,-4.6402,-4.4665,8.1845,-2.8981,-1.4717,-8.2967,-2.3942,4.3174,-4.9328,-0.6397,8.7181,-4.2982,-8.0816,7.4824,2.7451,7.7491,7.9384,-6.139,7.9191,-1.7235,4.4541,-7.684,-6.2236,-6.0628,-3.6747,3.5454,-3.2481,-1.8999,6.3863,3.2488,-0.0371,8.0226,4.0396,2.8889,-4.2957,3.6779,-7.0983,-9.534,0.3147,-9.7032,1.5954,-2.3161,8.8911,-3.0436
-8.3688,-7.5897,4.6416,5.7054,0.393,-4.1596,-5.4522,5.0874,-4.7267,-2.9135,-3.4251,-4.3734,-5.659,-7.2285,-6.6194,-1.3477,3.6769,-7.4237,-9.8784,2.9223,-5.1585,7.7334,-5.2941,2.1783,1.4256,-7.4519,7.7126,-7.3306,-0.8888,-1.6891,-9.5839,-0.904,6.9401,-4.1027,5.4285,1.3238,-0.7143,-6.4427,-6.4257,4.8,3.0347,-0.3202,-5.8885,-2.2586,-3.1827,1.391,-1.4424,-2.3258,-2.3319,-4.4608,-7.5834,9.8329,6.8837,-2.0595,7.8351,-5.8321,-8.5116,-4.8004,-0.464,5.1001,7.3241,-5.6765,-7.0646,3.9512,9.0294,6.8686,-9.2606,-1.3101,-5.6129,-9.9571,1.4151,-5.3207,0.894,-4.0088,6.1235,7.8117,-6.4315,4.6529,-7.1308,-4.6877,7.2214,-5.7168,-9.6779,0.7813,3.225,3.5624,7.3844,9.9047,1.7424,-8.6989,-3.556,8.7059,-9.6864,8.7879,3.2095,-7.2408,-1.5088,-5.8661,6.3858,0.4588,0.1249,-4.7228,-8.9306,-8.1951,-8.3549,1.2837,-8.6221,5.0579,0.6941,6.7085,-6.1158,-1.0192,0.9251,-3.6873,7.6605,0.7028,0.7064,-8.6308,2.9789,7.0231,-1.7847,-1.3009,7.0726,0.3989,5.8857,9.3408,8.6421,-3.9801,-0.0624,-7.2556,-8.4955,9.7445,9.4902,-4.7496,5.3209,-8.5088,2.283,6.3395,-4.5307,8.0868,7.6862,5.5213,-7.5039,1.5247,-4.1849,-7.9424,-7.7059,7.829,-6.3459,-3.7519,8.4997,3.5658,-4.7185,2.3328,-7.1071,-6.8783,4.0242,5.9502,4.3562,-0.1645,2.0733,-8.3774,1.7427,7.3447,4.314,-8.169,2.9533,0.7726,5.115,1.1599,5.3219,-8.2989,-7.1745,-8.5345,-7.8478,-9.115,-0.641,8.8179,9.8252,5.7022,-8.9259,2.7862,-0.8855,9.0936,-4.4563,-0.2383,-3.8563,5.2388,-5.9038,-6.8216,-2.4835,-9.8759,1.0046,3.5643,-4.6836,1.5846,-7.5879,-1.3232,-4.7375,-7.7212
-2.5468,-7.3981,-9.528,8.3088,6.1055,0.1595,-7.5731,-5.1543,-2.8486,-1.5499,-1.0806,9.77,-7.7559,2.8546,7.2801,-0.2968,6.4449,-1.6119,8.7679,-3.1077,6.1796,9.5347,-9.7208,-3.372,9.3347,8.0596,-4.3906,-3.6504,3.9288,-5.7435,8.4765,2.3835,-4.1812,-4.3274,-3.0778,6.8948,8.1535,-3.8511,4.0399,-3.7425,5.9001,-6.3788,-8.6885,6.6953,-6.8343,0.1039,1.7086,-1.8023,-8.4797,-8.7565,1.0612,3.1598,-6.4021,4.7005,6.6438,-6.1013,6.7557,0.4421,9.3381,8.8808,8.0427,-6.7102,-0.923,-2.8995,5.2712,-7.0502,-4.9924,4.5156,8.6643,-1.5301,3.0521,7.5291,-5.9077,0.1121,2.8537,-1.0172,5.8686,1.6877,-8.3471,-6.5929,-5.1187,1.0089,7.4326,1.5811,-8.2423,4.3105,-2.3531,6.083,0.6189,6.8733,9.1897,-0.0047,-3.3546,9.6326,-1.4331,8.0359,3.5458,7.6733,-0.3198,5.4363,7.4937,7.2414,4.3984,7.7979,0.2831,1.4838,-1.4004,-8.8453,-9.6828,-0.1752,8.9,4.781,-2.9922,-9.094,-4.847,-0.8475,-5.7807,-6.3879,7.7431,5.647,7.9493,-9.0273,-9.1805,3.1153,3.596,3.0973,4.8528,7.9376,-7.8993,1.3011,8.2649,-7.2935,1.1051,8.9899,5.2654,-9.9071,5.3879,2.6736,-3.5039,-4.0306,-1.6108,-7.2361,7.2958,3.2084,-1.1993,-5.7108,-7.6808,-3.8536,-0.9115,-1.6169,9.8787,8.5627,-8.672,5.2664,0.3479,6.2225,3.1149,5.1738,-2.5097,-1.9496,0.8351,4.9825,-4.8575,4.3721,-2.2668,-3.6425,-9.1195,8.813,0.0113,3.167,-6.3333,-5.6649,-4.1105,8.9643,-0.2346,-7.8713,-6.8421,5.8394,0.7185,2.5197,-2.4264,7.0922,-7.8377,8.6556,2.0323,-4.2133,-0.1012,-3.992,-5.8254,2.9617,-8.5607,1.484,8.7935,0.3885,5.0633,6.703,7.3595,-1.0595,-1.3816,7.9858
8.6906,-9.4683,-2.7466,-0.9366,9.878,2.641,-0.6196,-9.9308,8.2478,2.0578,-5.9512,7.2719,8.0956,-9.646,-2.8024,-0.9725,3.3685,2.1439,-8.829,-4.7852,-3.922,-2.0776,3.8383,-1.334,4.1926,1.8947,-3.88,8.8285,-4.3818,-4.9198,5.0366,-0.1644,0.5021,5.4607,8.1267,6.3472,3.6129,6.4588,1.8078,2.9948,1.3874,-2.7593,-6.4518,1.3519,-0.7483,5.9851,2.9343,-7.0214,6.0775,5.7805,6.323,-3.0295,-5.2805,7.4669,-8.2754,2.4962,-8.1543,-8.8719,-1.7346,-3.0911,6.3364,1.7522,8.8041,-4.16,-6.8085,-5.578,-9.5156,-5.7244,8.6817,-9.984,-3.5366,-8.102,0.0017,-8.6593,-1.2007,-1.9139,7.1123,2.8795,-0.7356,5.5285,1.6255,4.6011,3.3882,-0.7258,-0.8358,-4.7468,-9.9485,0.9208,-1.1478,-3.6501,-5.0551,-3.6051,-9.162,-1.5752,-6.9684,-7.9222,-9.7714,-3.2219,5.7257,-8.4523,-0.4115,-5.6232,-7.2192,5.8296,-7.3865,9.3468,2.3657,-7.3744,-7.882,-0.4237,8.2346,0.3504,-0.4386,5.0602,2.4219,-5.3309,3.1852,-1.3353,9.1408,-2.5161,5.9598,2.2225,0.1837,8.5753,3.5972,9.6557,0.1347,-8.6496,6.0618,-0.405,-9.1737,1.7811,-2.5081,1.6755,-0.2773,-1.6157,1.8163,-7.2524,0.8012,4.306,-7.4122,-1.8263,8.4515,-0.859,2.7856,-2.3903,-8.8969,0.4753,-2.3729,6.0724,-9.8077,0.0165,6.152,9.109,6.6751,-2.8353,8.5911,6.678,4.1072,4.642,4.5432,-7.2444,6.9263,3.572,7.7275,1.3244,-4.2603,2.4857,-8.1329,-6.0438,-6.9349,9.1823,-4.1737,1.1355,4.6799,-8.8146,9.9757,-5.4549,2.1223,-9.4848,9.257,-7.8092,-3.6696,-5.3563,-3.487,-7.4149,-0.2638,3.3821,-4.2394,2.1323,9.763,2.6228,5.5472,1.4907,-1.2783,4.3917,-4.6155,1.5003,6.3619,-4.5492
-1.6611,9.9387,-8.4086,7.7361,-6.8943,0.1053,-9.6023,-3.1669,6.6731,-6.8656,9.1489,9.974,-1.1567,-0.1781,-1.6957,7.3728,-4.0668,8.9632,1.5752,-2.4845,-0.4488,7.7728,8.115,9.169,-9.5647,-8.3671,1.5234,1.649,-8.0417,-6.9248,-1.9109,-6.4185,6.9043,-5.5798,-9.5004,-7.487,6.6211,6.8128,-5.7062,-4.9445,-4.2434,8.1049,-6.2859,4.0062,3.8288,-9.8738,9.3152,0.7575,3.3774,5.0121,-7.6174,0.2409,-9.3124,-5.3055,2.1433,2.6186,2.8909,-8.1429,-2.1018,1.7318,-1.0253,-3.9503,5.2011,3.2557,-2.1298,-8.2965,-3.4264,4.6207,-0.188,-9.9246,-0.4433,4.2843,-5.3552,5.2969,8.6039,1.2915,6.2935,-9.3886,-8.2297,-0.963,-8.2257,-8.2752,-7.4278,-0.9665,7.9943,-9.1059,-0.767,-4.9913,6.7087,-7.9517,0.3906,0.3066,6.8828,6.4729,-0.3524,-8.8587,-0.5434,-2.6201,0.8549,8.3122,-9.207,-3.3165,-9.685,-9.5767,-5.4011,-5.0314,-1.1794,2.7021,-8.9968,-8.1888,0.7823,-3.6427,-7.1301,-2.4613,6.4334,-8.4706,-6.7627,-5.2913,-5.7255,2.7171,7.6421,-4.4175,-1.3314,3.9738,-0.8628,6.959,-9.2765,-4.2535,-1.5819,5.9466,-6.3491,8.7607,0.9896,2.3917,0.2948,-3.0171,-4.4724,-9.3278,3.8834,-3.24,-2.2344,-6.3164,-1.6387,-4.5431,2.7385,-2.5269,9.5375,4.5077,-9.6527,-7.8488,-5.4561,7.0542,3.187,9.5382,7.6695,-8.0447,-6.9355,6.2245,-7.1591,-7.2957,2.9735,0.7698,-8.6603,-5.8047,9.4598,-3.5447,-1.7081,0.242,-2.4094,3.2017,1.1631,-0.6492,5.0907,-5.8791,-2.7409,8.7658,6.5192,3.3635,-7.0444,8.6831,2.4744,0.0114,-3.7851,-8.3118,9.6878,8.1109,-8.415,-2.1543,9.4137,7.4819,-0.1335,2.6762,-5.2751,-9.8167,-5.7797,-3.8425,-2.7603,3.7304,-9.0324,-6.1985
9.5662,1.9033,-0.5268,-8.2652,-9.346,5.0573,-9.0779,-5.481,3.7254,-4.1218,-4.9818,5.8452,9.6381,0.0185,2.7425,9.285,-0.5653,1.9088,-1.8875,2.522,5.7045,6.0671,-9.0993,-7.9849,2.1795,-2.4423,0.2992,-7.8081,-7.0284,-9.9186,-0.2744,2.3969,6.3919,-4.6027,-7.3412,7.5929,-5.5519,0.1392,0.5624,-3.7294,-4.2454,-6.8231,4.4182,0.7873,0.408,-8.6587,-3.0807,4.9132,5.4616,7.3612,-3.0817,-0.7501,-3.4843,7.5806,-8.0262,-1.1032,-1.5952,-1.1677,3.4355,-3.055,8.2349,-6.1553,-3.0813,-7.186,3.3235,8.2281,-1.3314,1.0392,5.2728,-9.507,6.1389,0.984,7.5537,8.9373,1.0424,7.2165,-6.3296,-5.8343,0.7946,-7.826,3.9405,2.6694,6.935,5.8936,4.4477,-8.1154,1.0241,7.6886,0.1682,0.009,3.7647,2.4695,-4.5986,-8.8752,-9.4349,9.4794,-0.1426,7.9722,-7.3327,6.7718,-6.5087,5.4775,-7.6738,-9.1548,-0.4439,-9.672,-8.7183,4.2916,3.2389,-8.9269,-6.8479,-9.8588,7.574,-5.7161,2.2963,-9.3321,-4.5543,4.621,-4.988,3.4651,-7.6192,6.2379,6.5825,8.6539,-9.4978,8.221,6.8545,5.9947,-0.5857,6.8227,-6.0048,-3.6123,-3.2296,-7.6019,1.0915,6.0204,-2.35,4.9804,-7.1691,-3.5608,-4.3186,5.2747,4.4885,-1.3487,-9.3771,5.3051,-9.7182,0.0321,-0.9811,4.5535,-4.0968,-2.4625,-7.8108,-4.5033,-5.2517,-1.2774,4.2564,3.5272,0.0221,-0.8883,-8.6909,-3.0077,-7.622,2.4082,-2.6571,4.1985,-8.4503,-6.1805,4.5432,-3.7862,-0.881,-4.3768,-2.6426,9.3629,3.3432,-4.5268,-2.6804,-7.3929,-1.8985,-7.346,2.4186,-7.3905,-2.1731,0.3221,2.46,-9.3914,7.8277,5.2079,5.4559,-2.3959,-9.9596,-8.8887,-4.7691,2.4175,9.903,-9.2338,-9.5099,5.696,-0.0243,-8.4467
5.8332,4.1069,7.5957,4.0825,-0.1116,-5.8669,-3.2155,2.9386,-2.1983,9.7438,-5.1992,-2.9381,-5.4565,3.3989,-9.2199,-2.2312,8.5907,-0.8864,1.4455,6.8877,1.4283,-4.3102,3.4238,8.0674,-9.3664,0.5547,-6.518,8.2372,-6.4813,4.8592,-7.006,-4.6666,-9.5228,-2.1006,-3.0819,-9.2016,-6.7027,5.8252,5.8784,4.1672,-6.2023,-7.243,9.2693,3.6449,4.4708,2.6399,1.712,-0.2938,-5.2045,-3.735,0.5089,-9.5823,-2.5733,-4.8704,3.823,6.1541,8.9616,9.8998,8.6352,9.579,2.8688,7.9697,-5.061,7.9811,-2.3913,-8.8768,4.62,-1.0792,7.2499,1.2807,8.2281,8.995,1.4944,-0.3986,-9.7675,-5.1939,7.597,-0.2771,3.6097,4.3639,0.2806,0.3678,-3.4598,-6.2973,-6.6908,-9.044,-2.0357,5.8162,6.4407,-8.5381,-3.4778,-0.9767,-2.582,5.9892,3.5401,-6.8507,-5.6435,-0.0292,-2.7558,-2.5831,-2.4621,-3.8356,0.1072,3.5865,0.8318,-0.0449,-6.2021,8.5,7.7785,-7.9721,-5.0185,2.508,3.3424,8.5453,6.2319,-7.0677,-0.2427,-7.9099,5.5516,9.1209,7.3715,-1.2247,8.8173,-1.8881,6.2723,1.177,-8.1262,-9.739,5.4643,-7.3008,0.6595,-9.2427,1.6605,5.3205,6.8921,4.6362,-5.5113,-9.4479,-9.2248,-2.8733,8.4054,3.2964,-7.5766,2.8774,-3.3857,-7.3589,-5.9799,4.8215,1.0972,2.1396,0.2859,2.9296,4.313,-4.4476,-8.4075,6.6905,5.7783,3.1765,-4.9596,0.5932,-8.8889,9.122,-7.9801,0.731,6.5539,-2.4876,3.0239,-0.5687,-9.2387,-4.3756,5.7319,0.8779,-1.2657,-7.532,-2.6303,5.4583,2.2929,-9.8439,-0.233,-2.2288,2.7726,6.772,-8.0045,6.1082,6.3917,7.9813,9.0989,-5.9321,-2.7492,-7.8742,1.0428,4.6772,-0.0235,4.4866,0.3274,9.7317,3.0261,-9.5488,5.087,2.6891
9.1479,5.6024,-6.1124,1.562,-4.1651,-0.436,-5.8128,-1.3051,-3.3346,-8.4998,9.4559,9.308,5.4104,6.6387,-9.0559,9.8439,-9.4663,6.4564,0.2184,-5.6606,-1.436,-1.917,-3.8601,9.6256,5.8152,4.5984,-3.6305,4.9243,-6.2794,-0.6451,3.2647,6.6647,-1.539,-3.2839,6.7931,-4.1297,7.2468,3.5384,-4.8399,-8.3161,-8.5812,6.2677,-6.8282,3.421,-7.5518,2.3485,9.9128,2.3689,-8.1817,6.0408,-9.9743,3.4377,-1.0731,-2.5771,3.7265,-1.8004,-1.7917,-5.039,-4.4551,3.0609,-3.4337,-2.439,5.5818,-0.1211,2.7638,-9.4043,5.983,-5.766,-8.4524,-6.6648,-5.8795,1.609,3.8697,7.3884,3.1865,-3.5423,-9.5876,6.8508,-1.4521,6.7357,4.8281,9.0196,7.6793,-6.0447,-3.094,5.3693,4.7175,9.0038,5.2239,-3.5936,-3.8914,2.1231,8.9481,-3.3368,2.4682,-4.8443,4.832,-1.553,7.1364,-3.8404,-4.316,-3.1216,5.5375,2.2407,-8.6582,1.1606,-8.3718,-9.5286,-4.7466,-9.1246,-6.7032,8.7956,-8.524,-7.024,9.738,-2.4515,5.9452,-5.028,-7.4298,-7.2156,1.8598,-6.9326,6.669,7.6509,-4.3097,-0.5963,0.827,-1.31,2.4626,2.3634,9.6948,-6.5263,9.1156,8.2505,-7.0153,2.4837,3.2034,1.063,3.3487,4.7204,-5.9732,-4.1686,-4.8721,9.0653,2.6811,3.7314,5.3758,-5.6073,9.7311,-6.0292,-0.665,5.548,-6.7889,-7.0197,-9.5432,-2.0824,-2.6979,-1.1739,-6.2193,-0.7407,-3.4514,5.79,-4.3858,-0.0726,8.2397,7.43,0.496,-4.5632,-7.8248,-5.6101,-1.3466,6.7138,-5.4366,-3.4777,0.3957,-0.8139,1.8858,-1.4221,-5.1615,6.3117,-3.8191,4.0,-2.1707,5.883,-7.1898,8.8526,-7.3839,9.3485,-4.0945,-7.8872,-0.1293,-9.0913,1.5319,0.8933,3.3894,-7.784,-4.9087,4.87,7.9158,8.0092
2.89,7.2778,-8.0745,-7.339,-5.9572,7.5579,5.7403,4.1579,7.0915,-7.4076,2.5048,4.8905,-0.9445,-3.5527,4.7946,-3.5181,-8.1431,-0.4954,-8.9382,-4.8454,-7.8063,-3.6279,6.4444,0.566,6.0416,1.3702,-9.5134,7.412,4.1677,-0.6201,-6.1433,1.8401,-2.5782,6.4493,8.3968,4.1116,-1.244,-1.8229,9.7892,-9.7422,-5.6328,-1.8107,-1.7727,3.4094,-9.366,2.7222,-0.7337,-6.4332,-9.2212,8.832,-4.9029,3.869,3.3923,-5.7423,1.1578,1.7672,9.5811,-6.284,4.6366,-6.4278,-6.6836,-2.165,-1.3743,7.5931,7.338,-9.0869,-1.0407,-2.4702,-2.004,-6.1298,-0.0296,-6.5099,-1.6581,8.1183,-1.8098,-9.4236,9.3169,-1.7991,-7.6689,9.3528,9.0017,-8.0559,9.6965,9.7569,-0.0392,-0.1722,-8.2864,-5.5096,-5.3626,-2.3896,-1.5304,-7.4654,8.3008,3.5338,2.907,0.9819,-3.2173,9.6792,9.797,-6.5734,8.6125,-2.6609,-1.4058,-3.5962,-4.3379,7.627,-5.9881,4.4365,2.3975,3.972,-5.7117,-9.953,3.654,-3.141,2.7971,4.9308,-2.3586,8.5606,3.6764,-2.3848,9.6732,-2.1583,-9.5099,5.0052,-8.6067,4.14,-1.9268,-1.8374,-0.3617,1.764,1.5925,-7.4922,-3.1898,-3.9024,-6.8308,8.1253,-4.55,-8.8218,-5.0398,7.8172,0.7599,-0.0261,-6.6302,1.7264,-2.27,0.8432,0.7351,-0.0174,-4.8697,-1.367,-8.0508,-4.5905,-9.269,-6.2088,2.2702,1.6842,-5.8314,-3.1055,4.5763,-1.8861,-3.654,4.0413,7.6381,9.2505,1.404,4.3376,9.5006,4.2244,-8.5609,5.569,-8.1051,8.6452,-4.2006,4.6367,-6.5904,6.4327,2.505,-5.9325,9.6837,0.1944,-5.2484,0.7397,-0.4123,0.8353,2.5645,2.9584,-0.8573,9.7958,-9.6242,-6.0906,-4.4921,7.8312,4.0067,-1.9373,8.0919,-4.4776,0.3453,-1.4439,-2.7266,-1.0963
0.0773,-0.5017,9.364,9.4676,-8.1319,5.0714,-4.6403,-4.3534,8.3373,-4.7102,4.9174,1.0037,3.3839,6.4348,5.4136,-4.3814,9.8567,-7.6955,2.5503,-4.3444,6.5101,2.0518,5.3462,-0.5468,3.0549,4.4037,-5.8498,-0.3845,2.6355,-7.276,5.4682,8.3902,-0.4027,6.6369,-8.4305,-4.014,-0.0848,-8.527,6.0107,3.9625,-2.3057,-5.9428,6.0872,-4.045,-4.0617,-8.4959,2.4968,1.9179,-8.1326,9.9969,1.7639,9.9433,-0.0121,2.6903,1.6441,1.0453,-0.7043,9.0622,-3.316,7.3293,0.9822,0.757,-1.7704,3.9395,-8.7424,0.0359,6.0887,0.8049,-6.4378,2.595,-1.2662,-4.3909,-9.1839,2.139,-5.5637,-8.3429,1.9349,-3.9342,0.2743,-6.7484,8.0561,-4.6881,7.1835,-5.8129,-6.75,-2.7689,4.7337,-1.535,-7.6908,8.2543,-7.6932,3.6285,-0.6318,6.0575,-3.7982,6.2551,-0.2213,-8.8566,-0.7088,0.5985,-4.0867,7.2875,2.4021,8.3621,1.605,0.5431,3.4703,-1.8323,6.8082,-6.0059,6.7808,6.3021,9.4216,-3.7136,1.686,-6.8786,9.6165,-8.7493,6.5933,6.6422,9.3984,-6.6865,-8.0833,1.2174,1.1957,-4.5234,-8.9309,-1.4128,-7.887,8.4728,6.1332,1.7704,8.3333,-0.6092,-7.1296,0.2429,6.3385,4.9731,4.8177,7.6188,5.1743,7.9516,5.0728,-5.6992,-4.8109,-8.9207,-8.8689,5.8119,-9.1675,9.291,4.1771,8.131,7.8185,-6.5594,0.2934,6.4244,3.5994,-3.7519,-7.6658,-5.8993,-8.7228,-7.879,3.5741,-1.8043,-4.1474,7.3399,7.5085,-6.5423,-9.5831,7.9731,-2.2418,-6.0138,-4.9148,8.9459,-1.0768,-6.0675,-2.2595,-1.1028,8.3006,-4.2303,0.5655,2.6109,7.9423,-4.8283,0.8775,3.8478,6.62,-1.5188,5.2534,2.8474,-7.2497,-7.3482,3.5608,-6.1153,6.2554,7.293,-6.9206,6.3084,-8.3615,-2.9558
9.7582,-9.1282,8.7381,-0.0398,7.2492,-2.9138,-9.4402,-6.9392,-7.0035,8.8503,-7.2952,-2.2347,-1.9539,3.8446,4.5398,-7.2787,9.841,-6.1024,3.008,7.7876,4.9188,0.4826,-0.5377,-6.8107,-7.829,3.0361,3.0123,8.4173,-0.9826,9.2274,5.2121,8.4992,2.1566,4.0493,-0.4764,-0.8529,6.7564,3.5033,5.0419,-2.644,-3.508,-8.8558,5.9312,-9.0701,4.2776,-7.5588,5.9511,-3.4763,-0.4762,7.6886,-7.6826,-8.9128,-9.0803,-9.4557,-4.7326,6.2646,3.4256,4.8069,-0.6775,-2.9755,-9.081,-6.2997,-7.538,5.822,7.6057,1.5,3.0452,-9.8138,-2.3961,-5.7889,-7.3231,-9.0433,-9.6835,3.4061,9.0089,-1.5,7.7912,-1.7631,0.0457,9.0698,6.66,-5.2313,5.4563,-1.1673,4.9687,2.6918,4.9154,1.432,0.8093,5.6206,4.209,-4.1558,-2.208,-4.0712,4.9784,-0.0695,2.4433,-8.8536,-3.4579,-7.1272,-4.8522,6.3479,8.7829,-4.3614,5.786,-8.4621,8.643,4.3045,7.4245,2.6676,7.2032,-7.4033,4.6364,5.9493,7.0028,4.2561,-6.0767,-4.4364,-1.1716,-1.8951,-3.533,2.7936,-0.2101,-4.0402,-1.1865,-3.0938,7.9693,7.2093,-4.0666,6.9149,4.2737,3.0051,0.5287,-4.6795,2.4147,-0.4917,-8.1889,-5.8148,7.2088,-7.8987,-4.546,2.5024,-8.8797,2.3912,9.6067,-2.7459,5.7838,7.2725,8.3679,4.0675,-9.6708,1.2539,1.7529,-8.488,-0.9205,-2.1427,-2.7698,5.7644,-9.8779,2.8598,-7.3505,0.3029,9.802,4.2432,-9.433,-1.9315,4.8485,-7.5923,1.3676,-7.4649,3.833,2.6554,8.9453,-9.51,3.2605,-7.1352,4.1479,0.1842,-8.8521,4.8166,1.837,-6.3499,8.4241,-9.7118,9.3762,-5.536,-8.766,-9.4751,7.2384,2.8873,-2.5133,7.0714,0.3376,-5.2159,-9.3573,2.276,-4.7555,2.9597,2.3565,4.8945
-0.4937,9.8302,4.9609,3.4607,-6.2619,-4.3001,0.5662,-6.2157,-1.83,6.8862,7.8285,3.7188,7.3608,0.8871,6.1078,4.9509,9.6371,-0.0858,7.2466,-7.0093,-0.9355,3.2437,-4.2541,-3.8715,1.8851,1.9123,-7.8499,3.2303,-9.0909,-7.5401,-5.7095,-1.7693,-2.9182,1.698,5.9347,-9.8651,-9.533,4.2249,-7.0538,1.0326,-5.1298,2.1472,2.4214,5.7932,-7.1147,1.929,-2.4966,0.2705,5.353,6.4494,-8.1967,-1.7802,0.5267,2.0525,4.458,-5.0558,-5.8328,7.0767,-1.7735,-4.8094,-3.5542,9.3821,-2.0298,-5.324,6.3122,9.1269,-6.3427,4.6812,7.9036,9.8392,8.5441,-1.318,-3.8204,1.5967,-2.6303,-6.7764,4.7929,-0.1864,-3.6337,4.0447,0.1374,-2.7094,-6.5608,-7.0197,-1.1082,9.1122,-8.82,-4.864,-8.5714,4.4782,-1.6668,5.4379,-5.2731,-7.3504,-0.4563,2.1706,-6.9739,6.422,9.9004,-2.3938,-5.8576,6.7173,9.9769,-6.9779,-0.2511,6.0427,-3.0406,-6.3144,3.8344,9.292,7.999,-1.4766,7.7002,-8.2181,-7.7043,3.7158,-1.9477,-1.4139,8.1181,9.6654,1.8326,8.3595,2.4978,-6.4904,9.8362,-8.0589,6.1654,-8.5022,-7.1456,3.8919,-4.3724,0.7916,4.5553,1.5796,-5.8047,-6.92,6.8633,0.0899,-6.7333,-3.7771,5.4765,9.5424,-6.859,5.7903,-7.7759,2.2773,-8.1309,3.8254,7.7759,-4.3795,-3.4138,9.5983,-6.647,-8.8355,5.5027,1.9015,6.5635,-4.3763,2.5892,-7.9184,-0.4695,7.539,-6.5099,-0.9877,-4.1394,-7.3774,-3.5213,9.2528,1.0836,1.4265,0.7099,-6.273,5.8871,5.4989,6.1849,0.3018,-2.1211,-2.9547,-4.238,9.6925,-7.8049,-2.6619,7.4626,-3.4294,-2.6556,-4.3703,2.4456,-3.9278,-2.7594,-4.6557,-5.538,-3.3411,-9.8865,4.3413,-4.8138,-6.3535,-1.7418,-8.0973,5.0935,-4.895
9.3531,5.1636,-0.2826,5.4834,-3.6403,-1.4586,-2.3728,8.4764,-6.9444,4.5143,-5.4951,4.8127,6.6371,-8.9299,-6.0234,9.7736,-0.3593,2.4414,-8.3753,-1.0409,5.013,-6.0997,8.5859,9.7995,4.492,-6.7187,4.1587,6.2488,5.2534,-8.1431,5.6795,0.2704,3.4237,6.3217,2.0613,-1.9435,-6.972,1.3174,-7.4893,-6.1976,5.374,-2.7026,-8.4608,9.2168,-5.8762,3.4509,-2.7227,7.145,-8.6353,-4.6293,-0.5108,-5.6377,-0.6524,2.3651,-6.5329,-3.3563,-3.6293,-6.9109,1.2476,5.0011,-1.2257,2.601,6.5804,-0.5953,6.5776,-4.2598,9.3686,2.7775,-3.694,2.9241,0.8061,-1.8788,-8.2976,2.7745,3.8737,7.7171,-3.0802,2.6188,-1.1428,-7.6715,-4.0413,8.9963,4.9085,2.3004,7.3327,3.728,3.5742,6.6645,-7.5432,-2.6002,-1.6232,7.1808,2.5809,2.0957,2.7147,-7.5925,-9.2486,7.4826,8.0655,-0.6666,-2.1659,-2.8496,8.9785,1.5906,-3.1498,-0.1975,-9.7928,8.0012,-4.9274,-0.4777,5.8297,-3.8107,1.2775,-9.5141,-6.1014,-3.4914,8.9326,1.4707,1.6505,7.0135,-8.9245,5.8692,-8.9138,0.5773,6.4476,2.2027,4.6452,-7.9743,-3.6248,-8.1082,-6.3814,-8.4278,-1.771,6.2629,-3.2382,3.9637,-8.5869,2.8788,5.862,3.2628,7.9255,-8.9516,-7.4893,4.5468,-5.1071,-4.5795,3.8391,-2.1201,1.1768,-7.7607,1.516,9.3208,-7.0461,7.5919,-3.4388,0.688,0.3514,2.6647,-2.9831,-5.8432,2.6037,0.8439,-4.9245,-0.9382,-6.7198,-7.2198,-8.3838,-8.7938,1.4987,3.6609,-0.5272,2.7773,1.2174,-0.3008,-0.1607,-3.6202,-6.5739,4.986,-6.9541,-2.1713,-7.4819,-0.3366,-4.9674,-7.7382,1.7905,5.2789,9.819,9.0232,0.7504,-5.174,-7.6396,8.2945,-8.4415,7.4707,2.1091,8.8772,-1.718,7.3374,-2.2644,-7.0225
4.3305,-6.1262,-3.895,-8.7328,5.4819,-3.4907,-1.7222,4.253,1.5484,-5.8986,-5.3942,-9.0053,5.628,0.8724,6.0528,-4.8258,-6.6507,-5.5048,4.7243,4.8607,-4.01,-2.7977,-1.3691,-4.8853,-2.6042,-2.1074,-2.6663,3.9154,3.3829,4.4261,4.139,8.2144,-3.1456,-4.1069,2.6505,2.7366,4.2033,-7.5436,2.4673,-2.2108,-0.938,5.9674,0.2504,-5.0949,6.1971,-7.6966,9.3275,0.6136,0.7546,5.9871,-3.2359,3.8456,-3.6782,0.6361,4.8368,6.6983,9.4268,8.6214,-3.3663,-1.5562,1.3072,-9.1884,7.7526,-9.7754,9.9782,-0.5874,-7.9254,-0.6082,-4.7084,8.7662,-6.2716,-6.7488,0.2365,8.9185,-0.0281,-7.6856,3.8609,-9.398,0.6166,1.0069,5.5982,-6.2892,-8.7168,-7.0959,9.5095,-2.0117,2.0092,6.5831,-5.315,-2.6594,-8.3652,9.1604,-2.0794,2.5539,5.5918,-5.3372,-1.6876,9.5266,0.0621,-7.1258,-8.2676,-0.1186,5.444,-4.421,7.9958,4.0431,-5.9619,-4.6518,2.3147,-9.8825,-8.044,3.7179,-1.1725,8.1839,-0.289,9.9842,-2.0571,-5.0447,3.3988,9.3648,-3.1458,4.9269,2.4284,0.2404,9.2753,-1.1916,9.6897,6.4344,3.781,-5.8153,5.2731,-7.0846,4.0654,6.7017,3.8531,9.9293,3.357,0.6921,7.1676,0.864,4.8869,6.6799,-4.0167,9.8034,9.349,3.8294,-4.7171,-2.0003,8.9531,4.6094,-9.9988,-4.7636,-6.0061,5.2871,8.4198,-3.5742,2.5862,-4.8835,-7.5407,-3.1259,5.6737,5.6838,4.1505,6.996,1.6455,1.8431,8.3209,2.7868,-3.7761,3.002,-8.7922,1.7204,-7.7841,-2.3609,-4.0573,-8.7965,4.3092,-6.2326,-3.8827,-7.4385,-9.8476,8.0207,7.1702,1.1349,1.7023,7.2352,5.4983,-9.3044,6.7684,-9.3544,-3.8392,1.8941,-2.9574,-9.3244,-8.2741,-8.0904,-3.5359,-1.4645,7.3558,6.4356
3.2702,-0.9405,9.4758,0.6495,-3.3405,9.7525,5.0563,1.7869,8.4105,3.6067,0.368,-3.0175,9.3121,0.1982,-8.8358,3.0801,2.3769,-8.764,-3.1175,7.6134,-2.7901,2.0099,5.3786,3.237,8.1603,2.8567,7.1901,8.9391,-8.6204,6.0837,7.7239,-3.689,4.6525,5.7676,1.8383,-3.6293,-9.7149,-9.3181,7.0149,-1.404,3.4369,-2.3209,5.3256,9.4454,-9.0631,-6.2649,-8.3905,5.4008,-2.3419,-0.3613,9.275,-0.4897,-9.7111,4.7411,4.113,0.4945,-4.182,7.2874,-2.2454,6.8639,-7.0444,-4.1785,5.2267,3.4988,2.9307,-4.1119,0.1824,1.1468,-9.334,2.2509,4.6432,-4.5931,-3.122,-6.4694,-0.5671,-4.2051,9.4282,9.9262,-6.1111,-7.015,8.5575,-8.1432,-6.2408,5.9628,4.9188,-6.4829,-3.7391,-6.2709,1.386,-2.1635,4.953,-4.0704,5.8111,-2.0401,-2.8354,6.7041,-3.9779,0.9986,-0.919,-8.6526,1.9609,-5.7044,-5.2014,-8.2642,6.1716,6.1603,-5.9494,8.4774,-8.5843,-5.2035,7.0921,-7.621,-0.0134,-1.216,-3.1726,6.666,5.2486,-2.5845,-6.4517,7.9685,-3.8469,2.5708,0.5037,-3.913,4.7815,-6.6562,5.8751,3.8003,0.8196,9.4718,2.1136,9.5706,-5.7343,1.3076,-5.9044,-6.8838,9.6196,-1.663,7.0553,5.0544,-1.4868,-5.0665,6.3938,8.651,0.7064,3.6956,4.3269,8.8076,1.9642,-1.1533,2.1589,8.38,1.8238,-4.9183,3.3542,7.6366,-1.3814,-1.2463,-8.5012,-4.3352,1.37,-4.1493,-7.5562,-0.4005,-9.2577,-1.9676,-9.8893,6.065,8.51,-2.2056,9.1946,-6.3589,6.5543,6.1273,-6.89,1.2047,-7.0812,7.2608,6.9858,-7.1373,7.8983,-5.9326,0.55,4.4307,-5.8526,2.4904,-4.8599,5.1632,-1.1349,9.3044,-3.593,-8.3158,-0.3029,5.9228,8.1313,6.3772,3.2199,-2.9512,-1.8083,-8.3466
-0.2374,-2.7047,0.0138,-4.0043,-1.7029,8.7281,7.228,-1.9124,-1.2835,-3.8731,-2.8509,0.6264,-0.5521,1.8028,4.7783,-7.742,1.8512,6.5968,-6.9997,1.3664,-5.2328,-4.3456,-4.3692,-5.6504,2.659,-7.8364,-7.9778,2.8061,-0.5525,-0.6752,9.1757,-9.79,0.471,-8.9506,-2.789,8.1661,-3.9384,6.5095,6.0184,6.0604,-5.0504,-4.0756,4.7084,7.3207,-1.1859,-1.601,2.9832,-3.4154,8.4449,6.5012,-6.8299,-4.9436,-3.7502,-3.8366,-2.5407,9.7846,7.8325,8.6235,-1.7487,-0.8178,6.0638,-2.6265,-3.4468,-1.2278,4.0355,-3.057,1.0574,-3.2238,0.6602,2.6034,3.7377,7.6388,-4.5985,8.7101,1.1281,-8.9353,1.4829,-5.7594,0.2279,2.276,3.398,-5.4393,-2.7689,3.6876,-1.0666,-6.3708,1.48,3.9821,2.5126,-1.6871,-7.034,-8.9613,-6.9281,0.9142,5.4342,1.0972,-7.9734,6.7249,-4.6943,-0.6899,2.6244,-9.9125,-8.4201,-9.1692,2.7854,6.472,-7.1217,7.6523,8.5674,-1.458,-0.6681,-0.1854,2.4945,6.5186,-6.5341,-3.5519,-4.9129,1.6502,1.5894,-4.8592,-8.9116,8.5935,-9.5262,0.0623,8.0655,-2.0717,-1.0143,-2.5181,5.8936,7.5901,-3.6781,-5.1169,-7.4905,2.9856,1.0036,3.6768,3.9548,-8.8565,5.3435,-5.0133,-7.9648,9.5236,3.625,-1.5777,9.324,-8.9609,-9.2451,-3.2752,5.7209,-9.9284,9.399,3.3834,8.0395,-0.988,-7.3123,-7.6991,2.5942,1.2724,6.0051,-1.6302,8.1458,-0.1141,1.48,8.839,3.9156,7.6125,-1.3603,-7.3439,-9.5417,-7.8517,4.7878,-9.5718,-3.1101,-0.0515,2.2988,6.9915,3.4441,-3.4074,-2.5418,3.0786,-7.0728,-0.5936,7.5038,-2.7253,3.6388,1.2755,8.4297,8.4106,-1.3506,-5.4919,5.1558,-1.2826,5.6125,4.9256,-6.8284,-3.3061,-3.0269,-9.0938,-3.7288,-9.0412
5.7971,7.9734,-3.4088,5.3323,6.165,-7.8718,0.3621,-9.553,-8.8447,-7.6084,9.8535,-6.4355,5.7265,8.9957,0.4559,-0.3537,-1.8961,5.34,-2.595,-2.7249,-3.1733,-5.61,0.7536,-6.9052,2.8039,4.328,0.5284,5.0933,-2.4604,9.0649,0.5664,-3.1814,5.7526,5.0848,1.0025,6.295,0.0088,-7.6746,-7.4732,-1.4369,6.1213,-4.6278,8.377,3.4124,-5.6062,-2.9626,-8.2368,2.4189,-9.2405,0.2679,-0.7863,6.8595,8.815,-5.143,-3.0225,-2.0155,3.4947,3.8124,1.9984,7.2782,-4.7346,2.0401,1.5626,7.9423,0.8471,-6.4288,8.7156,4.1386,4.4951,2.6225,6.5961,-2.6558,-5.8811,-2.4785,-5.8596,0.9932,3.6961,7.3992,-8.0882,-5.3288,1.2544,8.478,-2.5905,9.9527,-0.3224,-9.0164,7.5138,5.844,-2.9018,-6.022,-0.2523,-0.0493,0.7753,8.9522,-7.5678,1.3456,-0.3226,-7.2495,1.2063,-4.2734,9.8954,-6.8598,6.2806,5.312,-4.8695,-4.1431,6.1587,-7.9981,7.128,-1.156,-0.8998,-4.7282,-5.0141,9.3929,-8.0042,8.2384,-7.4233,-0.263,-4.1286,-3.7252,-6.0595,2.2791,6.2485,0.0088,7.439,0.521,0.5261,-3.1905,-7.7224,1.2739,-6.8744,-7.3532,6.0779,5.2022,-2.4937,0.3072,4.3726,3.875,9.1309,-2.6957,5.8791,-2.7912,-9.3798,-1.4113,0.464,-1.887,-4.7129,6.5586,-8.9242,5.9639,-6.1127,-7.78,8.3875,-7.2973,7.5748,5.0681,-2.3339,-8.637,0.7473,-0.4342,-3.4618,-3.2861,2.0367,4.6418,7.1122,-0.9719,-4.4467,0.2701,-1.7974,-5.0751,-9.0681,-7.1637,-5.3501,9.3693,3.6919,-1.2174,3.2235,1.9006,-8.5855,3.1996,6.2297,-2.1176,-0.0247,-8.5437,1.0479,-8.7551,-7.1213,-1.9948,1.4992,5.333,-5.4275,-1.5843,-8.0295,0.9403,-8.9979,-1.9462,3.4668,-4.3839,-0.7633,5.8798
9.6879,-3.2844,-3.9025,-6.0668,1.5033,-9.3843,-9.8814,4.0593,-5.388,6.5418,-4.6398,8.9393,8.1283,3.303,7.6278,-6.2136,0.0192,-7.7002,-7.7207,-0.4976,-5.2187,-8.7753,-2.7829,7.1835,-4.9719,-8.8466,4.3105,8.6841,-9.3489,8.6359,4.72,7.4223,7.2036,-5.7832,-5.3145,-2.2865,-7.3209,-7.4201,6.7588,5.8526,-9.4329,6.6896,7.1724,0.312,-9.4032,-1.9665,7.2201,-7.5603,1.4589,3.6329,-9.2104,1.5085,7.7756,6.9,8.5414,-9.1084,-9.3275,6.0249,-4.038,-0.1397,3.5176,8.423,-6.6556,4.717,-8.1485,5.7895,-3.9585,-4.1395,-3.6696,-3.3615,7.8418,-3.4709,-8.4783,7.131,6.2381,2.209,6.639,-6.8742,8.6865,9.5137,9.4034,3.5282,3.9261,3.9177,-4.796,6.1065,-5.8536,-1.4105,-1.1751,6.2901,-7.4657,7.591,2.6518,-2.0079,2.029,-9.0563,-1.3086,5.1852,3.9197,0.9912,5.4114,5.5032,6.109,-6.4605,-9.1829,-4.736,-8.5561,1.6309,0.3403,2.3658,-3.1948,7.8779,-3.7852,-1.5444,1.8171,-7.1647,-4.0367,3.8374,9.943,-7.1533,8.8683,-0.8923,-8.4414,-4.7985,-5.8241,-3.9383,-3.2914,5.1322,6.9124,7.0526,8.0748,6.85,9.4667,-0.3395,9.2794,-0.5458,1.0318,-8.9431,-7.0993,6.4201,-0.2363,9.5092,2.0049,7.6128,-9.3168,-5.7641,-1.26,2.8014,7.8363,1.8583,-3.6946,-3.3517,7.5988,-2.3767,7.5318,7.4528,-0.0353,-7.6614,8.7964,-8.0344,8.6964,8.6334,-1.1797,2.0112,-4.4322,-8.3108,-7.7564,9.966,6.7663,3.8863,3.7803,-0.5748,-9.1229,-6.4312,-8.0688,-8.0596,-8.1183,2.7709,4.9562,0.689,0.739,0.3452,4.508,-2.6495,8.5118,1.8622,-5.693,-8.1256,-4.5549,6.7259,-9.0252,7.7602,-0.8502,3.5913,-8.5998,-2.3912,0.2,3.7253,2.6522,5.446
-4.6402,-9.1158,0.0031,-3.8039,-8.288,-2.5368,-2.5107,-7.0122,7.3002,-7.3818,9.7255,6.2031,-1.619,9.0984,-4.5571,1.6928,-1.818,-4.8311,9.472,0.7821,-0.3148,3.5196,5.4619,2.2583,4.4627,6.5532,6.4588,4.7452,5.9196,-2.753,9.2226,-4.8633,-8.0355,5.0403,-7.2666,0.7677,-5.6801,-8.8347,4.0776,9.0871,4.3242,4.5812,-3.7418,8.2499,9.5193,-8.1925,-0.5383,-5.539,3.8111,7.3377,9.1759,-3.9381,2.5351,5.7931,-6.9202,7.6585,-3.1598,7.0426,5.2595,1.7066,7.2872,-8.3048,3.8581,-6.3614,8.6537,3.1536,3.5063,-2.2582,-0.5318,-9.5212,1.1908,3.8658,6.5469,-8.3804,7.971,-2.3063,7.4521,1.7999,0.83,1.6867,5.1737,7.7924,1.1498,-3.2403,-4.639,9.1266,5.3954,2.6796,-9.9388,-5.5079,-5.9179,-7.3369,-9.912,1.3556,-1.8954,-4.225,-7.314,0.8429,-9.6323,0.9681,-6.0786,-5.4662,-5.3962,9.7808,-5.5059,3.6066,7.907,4.881,2.7251,-3.151,-5.2113,8.5951,-6.0215,5.8716,3.6877,-5.3445,-0.7374,-2.4246,7.2477,2.1429,0.5534,-6.2916,1.0509,9.1029,-4.2121,2.6573,8.3525,-9.4902,6.772,9.4867,5.5648,4.3764,-9.5294,9.6858,4.2754,3.8818,2.0256,0.8627,0.3705,-4.2639,1.4759,-1.8083,-0.99,-5.7144,5.3719,7.7351,-1.9202,2.5154,5.0863,8.7733,3.6716,9.8549,5.5176,-1.7011,2.4927,3.7803,-9.2676,-2.9833,-1.3248,-0.3534,6.0571,-4.4572,0.6525,0.9345,-0.9442,7.2409,-6.4378,4.0304,-8.2419,-9.0322,-0.4606,2.5389,-8.8188,-1.6497,3.066,7.473,3.3202,-2.3114,1.7037,-9.0454,7.725,-7.7584,-6.0909,1.8518,7.0065,5.039,6.79,-6.5694,-6.0228,-4.0335,7.9735,-2.0739,-8.4788,1.0735,-3.1117,0.1363,-3.038,6.9888,6.0825,-3.5076
8.5482,-1.8078,-2.6194,3.1872,5.4226,-9.3376,-7.8045,3.0068,-4.5445,0.685,5.395,-9.2431,-8.1692,1.3494,3.4701,-9.2536,-5.1645,1.6235,-3.9381,1.4121,1.9335,1.1614,3.2485,-9.5033,-1.48,-7.0999,-3.0397,7.9348,-0.282,-8.8749,9.4915,-2.0033,6.1789,-1.3719,5.0359,0.0463,-7.0171,3.1789,-2.1925,0.4407,-3.084,2.5753,-1.5778,1.2622,3.042,-9.6956,6.6317,1.1738,-6.0017,-1.184,7.0285,-1.239,-8.1101,9.4162,-7.3231,-2.0488,6.1829,5.2469,-4.1018,7.7923,5.6467,-8.2424,2.2543,4.8853,-5.7442,2.7234,-4.5662,-9.241,-4.2458,9.9021,9.6252,-9.0862,6.7346,-5.8636,-7.3343,-3.5451,0.4334,0.7029,-8.9611,-3.9492,4.2885,7.281,-9.3904,0.544,-1.8905,-1.9524,-1.037,-4.8287,5.1591,2.7303,8.4886,3.8094,8.6041,6.6078,4.1669,6.8187,4.0434,-8.7167,4.632,-3.4879,4.8283,-1.119,7.5552,7.1338,-7.5695,6.3377,-1.6941,2.6228,-5.0423,-3.4398,-0.35,7.4259,9.763,8.4837,8.8965,-0.4076,3.003,0.4769,6.852,5.078,-2.6446,-0.7797,2.8666,-0.3024,2.9634,9.6295,-3.4818,-4.0775,-4.3077,-9.5279,-2.9948,-3.1831,6.1233,5.3266,-0.3272,4.0721,-7.2967,-5.7378,2.6129,-4.9404,9.8512,-9.8769,3.6207,6.3742,8.1814,-1.9717,6.7259,7.9877,-3.2629,-3.5832,7.0588,2.0761,-2.4525,6.6139,-7.284,-1.122,0.7132,-6.7545,3.4884,-1.0375,-9.9451,-3.5687,-9.2183,4.0397,-4.1309,0.1646,4.6253,4.5494,4.1243,-3.9136,5.5603,-0.9047,8.8129,-3.4457,-5.3013,3.5449,1.9364,-3.8132,-1.4588,-0.0302,9.7406,5.0659,-5.7141,-1.6645,-3.1114,-8.4075,9.915,-9.9371,-9.7284,0.3136,5.9827,-6.7959,-6.6137,-1.0813,9.1454,1.6858,-4.5443,-0.8874,4.4706,1.9076
-6.6029,0.2552,4.0395,-3.4405,-8.5204,3.8207,-6.5834,0.9561,1.5731,9.3871,-6.7686,-4.0849,-2.9624,2.2378,2.6059,-9.7043,-7.1114,2.3612,0.8566,-1.1361,2.2186,-2.1755,0.8681,6.1807,2.6829,2.2684,-5.4178,8.2613,-7.9282,-4.3833,-2.1566,3.3772,2.6057,-0.7633,8.8945,1.504,-9.8038,-0.035,7.3636,-2.1538,-2.8835,4.4269,-0.5571,-1.8105,0.6375,-0.0565,-5.9489,-9.9633,-4.6262,-3.5063,-0.0507,-6.6721,-9.0606,4.7745,4.9657,-8.7435,-7.7608,-7.8873,4.0323,-8.9612,-8.7425,-3.016,-6.9126,-3.2306,-1.5826,-2.1923,9.3775,-0.1419,2.5323,5.1151,0.9135,-7.5409,-7.5984,-7.0654,-2.6321,4.622,7.4278,4.6368,1.4069,4.3121,7.1752,4.4369,-8.9854,7.2574,8.1085,-7.5961,-5.5132,-5.0246,-6.3702,9.0329,-4.3925,6.0292,1.5273,5.7762,4.5615,-9.6935,-5.002,1.0222,-7.4937,2.9504,-6.0854,0.1202,-8.1798,6.8023,-9.0722,0.328,4.2077,-6.5187,2.109,5.1223,-4.9578,1.1947,-7.456,4.645,4.489,-6.6643,-1.1375,3.9973,5.8316,-3.8567,-6.0864,-3.1433,8.2682,-1.1224,-2.8577,-6.4585,-5.1346,8.5238,6.6088,-7.1302,-4.1049,1.2363,-7.6492,-3.4902,6.1352,-3.3136,-3.6799,8.5393,-0.1632,-1.9009,-4.0191,-7.9746,8.1635,8.3921,-2.5359,1.6345,-1.6913,1.6019,0.9555,5.4165,-0.8094,6.4745,-3.697,-8.3258,6.453,9.3758,1.4082,-3.1964,3.2299,8.1636,-6.276,0.156,6.1218,9.6359,9.5173,4.5175,7.3397,-6.9111,9.3717,-2.7924,-4.0253,-3.7312,3.4851,0.0602,-6.2069,-0.422,-5.2424,-7.7405,3.5464,-8.3816,4.7694,3.728,-8.8829,-5.7644,-4.2447,-3.3902,-7.3526,8.7897,6.374,4.2422,-9.188,-2.7676,-2.8949,-1.2102,7.3682,8.1556,9.477,-0.1246,-2.4811,4.3819
8.3366,9.4652,-2.9147,6.0877,-9.3722,2.0558,-7.4097,6.9079,-7.7518,-1.5761,1.0885,2.7178,7.682,-1.4825,-1.7732,-3.2458,-5.1931,7.921,-4.1284,-9.8664,-0.3505,3.7513,-4.2324,0.7675,-9.77,-8.2214,-2.6905,-5.2421,-9.4532,1.8276,-3.7979,8.5638,-5.7403,6.1757,3.0594,9.7364,1.8386,-9.1038,-2.9214,5.2958,-6.4896,-3.9975,2.6962,7.4866,-1.8254,-5.3977,8.7525,-8.7596,2.1627,-3.2786,6.9444,4.6747,-2.4425,3.9067,3.9926,3.4668,7.1957,1.159,7.097,4.8195,-6.3288,-6.7659,1.7594,1.7208,0.8976,-7.2696,-5.9568,7.0474,0.2411,-5.9994,2.2324,-0.4624,-0.8825,4.4017,6.0535,-8.5384,-7.8971,7.0521,2.3818,2.7638,-0.8584,-6.3877,-1.0589,-1.8701,-2.4298,0.3964,-1.7508,-0.3858,-2.054,-6.5873,0.2036,-1.6226,-6.0285,8.5292,-2.1547,5.142,3.9918,2.2257,-4.4803,7.0256,-3.1535,5.3047,9.1916,-8.1395,5.9856,0.7783,-7.5924,2.7728,-4.0849,0.7247,5.7232,-2.1295,-0.3598,5.1675,-5.7723,3.3384,-3.6601,3.7337,-9.7379,-1.8983,2.8254,-5.8194,2.0391,-9.2017,-0.9969,7.2833,9.4776,-4.6714,5.1451,-2.8535,3.5505,0.9487,4.5546,4.3185,-3.1501,-8.471,-8.8265,-9.0058,2.7959,1.9612,8.4611,2.2341,-6.8332,-6.7404,2.0175,0.7797,-6.5815,-7.8124,-1.1063,3.3713,-2.344,-5.0206,6.3007,8.3231,5.8057,3.1658,-5.7886,9.9156,4.1914,-2.0369,-1.2076,-0.6716,-0.3757,-4.4859,-7.7782,-4.1857,-7.774,-8.6127,-2.4187,9.064,7.0327,3.3031,-5.2616,4.1835,9.8883,4.5459,1.0246,-8.5313,6.5998,2.7629,3.517,-0.7951,6.693,9.8756,-9.9646,0.0088,8.9121,4.2727,1.6807,5.8776,-8.184,6.9604,8.8903,-3.521,-9.027,9.8825,3.5245,4.8399,-4.6083,5.6079
-3.1137,-8.8427,8.7975,-2.8525,2.4023,-3.4803,8.8227,-8.1087,-1.3468,-8.4565,4.5183,-4.0474,-4.1767,-5.204,-1.9946,-1.4064,6.4056,7.6351,-9.0213,0.3156,-0.7666,0.1884,1.2426,-9.4982,1.5718,2.7821,9.2921,0.0364,1.6156,-2.0601,8.9119,-9.1221,-9.5123,-3.2846,3.278,3.9701,-5.0882,-3.7745,-3.856,-6.0234,-5.388,4.3782,-3.4856,7.9468,8.8862,-6.8872,0.5892,-4.7057,1.8431,-3.4268,-2.4192,-0.3018,1.96,9.1616,1.5231,6.9159,-0.6546,6.2629,-0.2988,-4.9185,8.8107,3.6527,5.6383,4.6664,-5.0145,-1.8919,6.9224,5.467,-3.2231,2.926,-9.6488,-6.4904,8.1442,-7.5567,-3.2866,3.0419,8.1004,9.1587,-5.6096,-6.3839,-0.3217,-6.0878,2.8565,-9.6249,6.7282,-0.276,1.7389,6.6936,9.2317,7.4089,-7.8736,-6.2491,-5.5119,5.5372,-2.2673,-0.0059,-6.9007,-6.0869,0.4767,8.7527,6.2537,-7.9997,9.4832,-0.8302,4.2359,9.654,-6.9993,9.8514,9.5839,7.8078,9.7648,6.9215,-2.274,-3.1959,3.8781,1.2911,-1.3333,1.2333,4.6885,2.9048,-3.151,4.6974,5.2438,-8.6471,5.7523,4.6209,0.6519,-6.6639,8.7199,-5.4342,-2.1651,4.4766,-1.0322,4.3785,-7.0072,8.5245,1.1761,1.7331,-7.2042,0.7445,-3.1762,4.1494,1.9576,-9.2626,5.7312,-7.3054,6.1403,9.7488,-6.4486,-2.2022,-7.436,-9.0594,-1.3245,9.7774,-0.5266,-0.2556,-5.7107,9.4569,-1.6418,-1.328,-8.2068,7.7078,-9.5879,6.3945,6.292,-5.8441,0.8226,4.8861,3.9728,-6.8637,-0.1734,-8.0074,8.9897,0.4021,-4.5629,-8.4769,-2.7848,-7.0964,6.1072,-1.9592,-6.719,-6.3856,9.0874,-5.9403,-9.6086,3.2244,8.4589,-0.3164,1.1834,3.852,-9.0427,-9.9209,1.3114,-5.3352,2.6894,-2.1126,-2.0192,-1.7574,-7.1446,-6.2279
-4.5935,-3.2338,0.3819,-7.9598,-8.7074,-4.4413,6.1291,9.2764,-4.8796,7.924,-7.3885,9.1692,-8.8371,-2.2323,-5.1289,-2.365,8.738,-6.0798,4.2091,2.6356,-9.3745,0.1914,4.6714,9.1714,-3.2818,-4.354,8.7398,-6.87,1.5776,2.8664,9.2198,1.021,7.8788,4.3043,0.1891,-4.1284,-0.892,2.3775,0.3279,-8.4976,1.4032,-5.7077,5.1522,-6.3499,0.4273,-1.3343,-3.979,-6.2584,-1.8472,-1.6285,7.2677,-9.0467,-4.9529,-8.5444,1.7658,-4.9656,5.1301,5.2532,-8.8087,7.4647,3.0282,-5.0051,9.0243,-8.0015,4.0001,5.6027,-2.1782,8.1175,2.1418,5.8427,-5.938,-7.3477,0.4067,-5.3729,-7.3737,-3.2335,-2.2178,9.3454,0.0805,-3.8375,-3.908,5.551,-3.0702,-9.5712,-3.4527,-5.4477,-1.2325,-2.9262,-6.3796,0.4164,8.7115,0.9989,1.9107,4.956,-7.3025,-8.7706,-4.9331,-8.7505,5.4343,-9.8363,-6.6707,5.5093,2.6707,-8.3873,1.1214,-3.1782,3.5628,-1.5922,-6.3392,4.8848,8.8671,-4.7626,1.5083,4.2011,8.5725,0.6612,1.5835,0.755,8.3617,1.1589,0.4019,4.196,-5.1655,5.4588,-9.614,-8.7096,-3.4211,-2.5974,9.9108,3.1422,-5.6271,-7.2887,-3.8035,2.7744,4.0856,-8.3627,-3.9252,-3.6832,-2.4582,8.5615,9.7901,5.9291,7.4107,-8.1629,-5.2591,-4.377,6.9414,-7.523,1.8463,0.6353,6.6276,6.0406,4.8404,1.7775,5.2207,-6.4399,-2.5574,-9.2098,1.8433,-7.7034,9.7951,-1.0189,-8.9687,4.9461,-9.73,-0.0551,7.7847,-5.9567,6.0187,7.7353,-8.9897,-7.8298,-6.3607,-6.1436,-8.0313,4.9968,-4.6912,-2.0296,4.2242,7.9331,7.5745,-4.1211,-9.7883,-5.02,9.5675,7.2279,6.94,5.4997,-3.4422,9.5315,-6.4429,-9.6016,-8.4479,8.2004,-8.1031,8.9596,4.2996,-7.3789,4.9053,-3.2659
9.4187,-2.8756,6.2583,1.2424,-6.1624,-1.6288,3.2207,-1.6412,-1.5152,-6.6315,-5.9685,2.608,9.2599,-7.0272,-6.8777,-6.7604,9.0999,3.415,3.8811,3.3547,-5.9774,-8.8499,-3.7132,9.5338,1.7558,-9.1736,2.3818,0.7997,-3.7198,3.1595,-4.0156,0.1748,-0.6904,-8.9601,6.3188,9.2747,-9.0342,2.4333,-4.2446,8.2529,-4.3701,-9.9046,-5.3514,-7.5741,8.2016,-5.0045,1.3116,-5.1819,-2.2557,7.8046,0.654,8.7541,0.3112,-4.778,-4.5679,-6.0505,-9.2176,-6.7462,0.676,-9.7222,3.443,-4.3523,-7.6514,-2.967,-1.9544,5.5506,-5.4809,-1.1362,5.5205,-3.5277,-0.1155,-6.3025,9.6382,7.0917,0.2531,0.7727,-0.4066,-8.5861,-1.5089,-1.3254,8.4424,-6.4692,-4.7683,-0.2792,-4.6969,6.3198,9.8278,-1.6092,-9.8076,3.551,-6.2236,-6.7594,5.6476,-7.4791,9.3866,6.2768,2.4147,-5.8391,-3.7704,8.1796,-1.0789,-4.71,4.281,9.7347,-6.1393,-4.7197,-9.048,9.1543,-8.4495,-8.0577,3.8274,-8.9585,6.2673,-6.5902,3.7698,7.1476,-5.7923,-5.9955,8.5828,-7.3575,5.6966,-6.4366,6.1338,0.5023,-1.287,-4.925,-5.028,2.4681,-2.8612,-0.1733,-1.1688,5.1952,-2.2318,3.3644,-3.5754,-4.606,9.2788,1.3727,-0.3021,2.3159,-1.2611,-0.7549,-0.884,2.4818,-7.6989,9.0649,2.5389,7.9594,7.0556,-8.7126,9.4989,-2.1674,-4.588,4.0048,-3.8022,-8.1814,-7.2721,2.4965,-0.0685,3.1041,-3.9075,-0.4635,-4.6789,2.6901,3.8024,2.621,3.5453,7.8447,-5.3828,4.5838,1.7512,5.5108,-6.5193,-9.9306,0.8438,6.8856,9.3383,9.1156,1.6287,7.0077,-4.9919,-5.6057,6.2618,9.3534,8.0021,-3.0691,-3.2222,-8.5149,-7.3648,-5.1445,3.9557,1.2363,9.259,9.7242,-8.2959,0.8354,-1.0017,-7.3913,8.3721,-9.1161
9.3029,9.3197,0.2254,5.2839,-9.3984,-2.4949,8.6277,-8.18,-2.6039,4.117,-3.4666,-9.6164,-8.5183,5.3916,-0.3799,-6.9816,-2.8902,-6.3203,7.7508,-7.2038,4.7167,7.0642,6.7639,2.8487,-5.1569,-4.2986,-6.1811,-7.4125,-0.3298,-2.4868,7.8731,-5.9803,3.9388,-4.8154,-3.8592,5.6797,8.2965,0.2357,-6.4897,9.4255,-1.3103,3.8603,-2.1692,-3.7354,8.9641,2.3272,-5.9883,-0.0143,-3.8205,-7.2121,5.9528,1.0071,8.8364,-8.0772,-7.3315,-1.1622,-8.7534,8.1608,3.7223,-6.9528,8.0943,7.7365,9.5939,-0.0019,-0.9666,-5.0978,-9.5178,-4.5461,8.8259,0.2661,-4.0971,-2.2369,9.799,0.3237,-8.3823,-5.8009,-6.7035,7.2549,8.5613,-5.3661,9.6742,6.4837,7.3115,5.0124,-8.878,3.7774,-9.727,-7.2783,-8.7524,-3.5262,-0.0675,5.2536,4.3991,0.8586,5.243,6.8424,-8.069,-1.4423,-8.6679,-2.3425,2.0175,-9.4881,-8.4747,-4.1641,-1.0696,-0.9033,9.8635,-6.4999,1.9918,5.9023,-0.2502,-6.508,8.1011,-4.7315,-4.2771,-8.6432,-1.4762,8.612,-1.9033,9.6655,6.1825,4.9902,-8.4889,4.7004,-1.705,-7.5742,6.856,-1.5736,5.7359,2.0772,-2.7692,7.7619,-9.1212,1.8877,-6.8257,8.8302,8.6022,1.2069,-2.7411,2.0062,0.3005,-3.0491,0.2453,-4.2066,4.5834,0.2225,7.3813,-5.6406,-3.3726,8.6204,3.8916,4.5811,-7.0467,-4.0247,1.6118,-4.4118,-5.1268,-6.8296,-2.7113,-1.0649,-8.8772,-2.9407,-2.4237,8.6579,5.5845,-0.8729,-9.2364,7.8849,-4.9443,8.6063,-5.216,-8.2557,4.9225,-1.1445,5.5439,-6.1846,-0.7501,-5.3317,-5.2579,7.0395,2.4313,3.3284,5.261,0.6146,-3.5833,-8.5187,-1.4437,-6.5051,2.1643,4.3734,9.9337,-9.3311,5.8322,7.0752,-7.0505,0.4321,0.3701,-3.316,-1.2675,-6.9696
-4.0054,-6.7448,-0.9118,6.0176,0.2245,-0.4631,5.4832,5.841,-3.6694,-0.5895,5.6587,8.6553,6.9872,5.9326,-3.677,-6.3864,2.1223,7.3251,-2.0896,-4.6351,-3.712,7.3216,-2.5554,6.3658,4.7347,-1.2289,6.8019,-9.1197,-1.6489,-5.2486,-9.382,-4.3446,1.569,-2.4716,-0.3282,5.8933,-1.0503,4.3823,1.0041,2.9729,-7.311,-3.8798,2.3737,1.3527,-0.1374,6.2933,-6.4609,0.8512,7.9053,-4.789,8.1082,-4.2003,-1.3043,-7.9886,6.5859,1.7745,-2.9355,0.757,3.188,4.7552,-9.1654,8.2119,1.5598,1.3281,-6.0877,7.7278,5.1648,-3.7119,-1.2567,-2.5644,-9.5876,-7.3877,-7.9132,-2.0776,-6.1732,-2.8172,-2.4044,3.3805,2.6515,0.5732,2.614,-9.5014,4.9465,-7.2935,2.4652,4.4335,4.533,-9.4676,-9.2895,-4.0385,5.2441,4.527,-0.1455,-0.1356,-0.4897,5.0507,-5.2291,7.0187,1.4188,-0.8812,-2.3528,3.1798,-2.6876,-5.1564,-2.4565,-4.126,-2.8233,8.6055,5.3647,-6.8444,8.9933,0.7968,0.8519,0.0759,1.5434,3.3004,5.443,9.8021,5.7626,2.1516,-3.6055,-5.0611,9.2955,-6.3987,-1.8517,-1.4943,5.1198,-0.2591,6.8331,5.0575,-9.4565,-3.3551,3.4106,6.4708,1.0479,4.2184,9.8786,-1.9557,7.7225,-0.3004,-5.6443,-1.4221,8.5635,-5.1852,7.6845,-5.1796,1.6648,5.1847,-4.425,-3.6627,-3.8932,-9.688,-5.1539,2.9782,3.8279,-2.617,5.3528,1.6182,-2.7679,7.9522,1.579,-8.853,-4.71,1.4311,-8.4679,9.908,5.9225,4.7441,-1.1956,-7.5026,-6.5757,9.803,8.7346,-6.7027,-8.2712,-5.8618,-0.8541,-8.0249,9.9097,-1.4992,-0.961,-0.9059,4.2724,-7.2275,1.6075,6.9718,9.7287,-4.8135,0.2381,-3.1251,-0.474,9.936,3.7645,8.6258,-0.6382,3.9539,-6.8902,8.7958,5.4747,5.9102
0.4498,-3.2355,-6.4581,-6.9543,0.616,3.4443,0.4605,-4.1467,-6.6732,-5.6781,-6.2041,3.7476,4.869,2.8843,-2.7102,-7.8334,9.977,-3.3781,-3.6201,-7.1185,-6.8121,-0.3039,-3.5276,4.2774,2.0684,-1.1156,-6.4911,4.9499,9.3609,3.5042,-5.7932,6.1857,-3.8706,9.2519,7.1846,5.4877,7.6645,6.1389,9.0879,2.2308,3.295,-6.6433,-7.2477,7.4779,-5.0283,7.3599,1.6642,-4.2378,-2.4829,-5.3905,-1.2536,-8.0492,5.9275,-5.1741,-8.7373,6.6848,1.0999,4.0973,2.0142,-7.6888,9.7413,-3.3848,0.9155,1.1741,1.7045,1.6939,5.8818,-0.3173,0.6153,-0.6304,-6.4196,-2.4483,-1.3791,-0.6697,-3.0651,-2.3818,2.961,6.3722,-9.2314,-3.9042,5.7497,6.9133,-8.689,1.3961,-6.7527,-9.4973,9.1537,-6.3051,-2.6257,3.7851,-0.8432,-3.6274,-7.483,7.6474,-4.2212,-9.4594,1.9432,-8.3037,0.0457,7.2283,-8.9743,-7.701,-8.2835,5.7128,-0.1539,-9.8734,8.1785,7.6697,7.5238,0.3746,0.9758,-1.3066,6.8305,0.3452,9.9864,2.7686,-7.1551,-4.2949,-6.0392,9.7781,-8.4653,-7.9644,8.5696,8.3148,3.1507,-7.1763,5.5332,2.2894,5.5597,-9.7585,-9.9354,-5.6407,-3.7663,1.6711,-0.2,-8.5152,-1.8092,-0.9294,-7.0611,-9.7231,-3.7813,-1.195,-3.3614,-2.8317,-0.4641,-6.6373,4.2008,-1.3817,1.5102,-7.0634,0.1061,5.661,4.2642,3.9553,-8.8217,-2.2286,-8.9815,-3.9249,-8.9251,3.9636,-5.5511,-8.8622,-6.3878,-7.5043,6.1361,-6.3133,0.0166,-7.5226,8.8333,1.6576,0.4095,-1.4745,6.6361,1.4842,3.998,9.5031,8.0157,5.7147,-4.247,7.5655,4.1707,6.0092,-0.3294,-9.2513,-3.2295,7.3251,3.6015,3.407,-7.1635,9.4924,8.9381,-5.8607,1.3247,-9.2031,-5.2489,6.2908,-0.3814,0.2212,-7.0722,-0.4059
-2.6904,6.1963,-4.4732,-9.004,-5.2489,4.9019,-6.4503,-2.645,-8.7839,-4.5721,9.1284,8.7359,8.1972,-7.2959,6.3107,7.3725,1.0001,5.5328,0.7775,-1.0926,-5.3388,5.9292,-0.711,5.4953,8.5663,9.79,0.4945,2.3088,-6.0317,-0.0308,-5.5204,0.7637,0.5766,-8.3932,-3.3721,-4.3251,-2.561,5.3399,-4.8637,1.8686,-4.4092,7.7958,-0.4374,-6.5347,1.5837,7.402,9.1019,-7.2922,-2.5606,-6.1467,-7.9913,-3.4096,5.083,0.4685,-2.0863,-1.7585,9.0926,6.5461,-6.2716,0.0413,6.7809,-0.4062,7.5824,-0.6677,3.5398,-6.3013,3.3952,-6.1847,-8.4159,4.1898,-5.1545,-7.8625,5.2926,5.2152,7.075,4.5622,4.6221,-4.5564,6.6993,-9.043,-7.4072,-5.5733,8.2704,1.8563,8.879,7.297,8.5715,-3.7609,-4.6383,-1.2493,-6.9075,7.6245,-2.2257,-6.2469,-1.965,-2.2437,-1.4011,-9.5691,0.218,5.0291,-7.9847,-5.3158,-1.8038,-1.7057,4.2507,-8.2682,9.9378,7.7266,-6.8507,-4.5241,-3.2853,5.2564,5.4636,8.718,-5.8789,-6.4941,-0.1364,-0.4249,8.362,-1.5173,-1.2347,5.3725,-8.899,0.1406,2.3569,-3.6828,6.0132,-3.5079,-0.3311,-1.9276,7.9726,-1.1757,-5.0195,9.6339,6.3522,3.5007,-5.6116,8.2167,0.3765,0.339,0.405,8.13,5.5414,-5.4856,-2.6995,5.5773,-3.7254,4.9144,-7.6516,-1.5942,5.0238,4.0625,-9.3967,0.5204,-8.4818,5.1824,4.168,-2.8683,-2.1808,-3.9791,-9.7555,8.155,6.793,-8.0383,-2.4334,6.0384,-1.5613,8.9485,6.5198,-5.8201,9.0368,-1.3871,3.9284,1.5734,-9.8755,6.0404,-7.1504,4.065,7.0229,-2.4007,1.8762,7.2208,-4.3235,-5.1618,-7.6747,-0.8107,-3.956,5.7133,-9.0452,2.5836,-4.339,9.4967,-3.6825,6.9329,-9.9115,-6.2913,-8.9776,8.7639,9.0696,-8.6882
8.2029,-8.6095,-6.2983,6.2554,7.6368,2.5209,-6.5201,-7.1306,-7.3719,-8.5344,3.971,5.7934,0.0849,-3.9591,-5.8749,7.9947,1.3675,3.1625,2.5157,-5.167,2.6624,4.1979,5.7696,9.1839,-7.9003,5.4949,3.8851,1.4848,9.3624,-3.1686,6.0814,3.9085,-1.5965,-4.5871,2.2611,-9.6655,-1.3684,2.6352,9.9094,-9.9509,0.4185,0.6254,8.1332,9.6445,-1.6106,-7.759,-1.9603,-5.3625,-1.0335,-2.5865,-5.5453,-1.7977,8.3905,-2.5537,-0.2175,-0.466,1.8375,-5.8122,-5.2687,9.4018,-4.154,-9.3681,9.689,8.5513,-4.442,-9.9733,0.8823,-8.5524,-2.5912,-2.434,-7.0129,-1.982,2.3607,6.2452,6.7054,6.1483,-7.6797,-6.1843,4.7358,9.794,0.4131,-6.9653,7.2071,4.6846,1.9382,8.758,-7.8012,7.7109,7.5314,6.2005,5.1135,5.0637,-8.2168,6.4684,-9.4725,-6.7534,-7.2915,-2.9626,6.9021,-7.704,-7.825,-9.8348,1.504,7.2986,-1.5877,-3.9289,7.3782,9.1886,-8.8367,-0.9972,-0.2729,6.5383,0.3199,-8.5769,-3.362,3.2321,-8.5444,-2.7568,-4.9382,-1.7807,4.44,5.2005,-1.6229,8.8697,6.3812,-5.788,-0.698,0.2891,9.8572,-4.0967,-7.4929,9.3327,0.9477,4.7411,-4.1184,-6.5134,-0.7586,-6.2337,-0.3165,-8.3134,9.775,-8.4852,-4.0969,8.4944,-2.7588,5.6535,8.3517,0.0826,-6.206,-6.3873,-2.2632,-3.5802,-7.7012,-4.7842,1.6089,-2.4,-9.6296,-0.3713,-2.8987,5.7388,-5.8393,-4.8302,1.0715,1.595,-0.6675,2.1798,2.7372,-1.9459,8.9189,3.7848,1.1041,-6.286,5.7083,6.3981,4.1917,4.5597,1.8397,-3.0771,0.1218,2.3729,2.1551,5.894,-9.5451,-7.5955,-1.0269,7.8743,-1.4357,5.3207,-6.047,9.2522,4.5334,-1.9693,-0.6667,1.0899,8.1851,-6.9039,-0.6428,6.8752,6.2459,-9.024
4.6804,9.4626,2.5557,1.4699,9.9764,0.4684,7.7446,2.7736,6.8563,4.164,1.0121,-3.6558,-0.6807,5.7971,-0.3414,7.0007,-0.44,2.971,-9.4981,-0.9341,-6.372,7.2348,3.3805,-8.3658,-9.0293,7.5254,-1.6132,5.6253,5.6118,-2.8617,-4.6809,9.7589,-4.0557,2.7517,0.4855,-1.4447,1.5709,6.601,6.8579,0.2947,-8.1292,-8.9757,-9.937,5.3453,5.3662,2.0471,-9.614,-7.1848,-9.3144,3.9976,-4.7545,-9.2,-3.6963,5.4458,4.1856,3.2503,6.6048,2.4049,2.2768,-0.43,3.7506,-7.8214,7.3994,6.2569,-6.7092,-0.3501,-7.6282,-4.7153,-0.6227,3.3625,-4.9246,-8.649,7.0191,-1.1951,-0.6167,1.2189,0.0608,-1.5132,9.4675,9.2201,8.9985,6.2366,-6.421,4.4195,-0.9484,9.1984,-9.9772,5.0782,-7.4147,7.0334,-6.5779,-1.6508,-8.6919,-0.8728,6.3022,-8.9493,5.1636,4.2329,6.4573,0.8474,2.8206,5.4945,8.5965,5.1244,-3.0429,8.0491,-0.8306,-5.5349,-1.6567,-4.3884,-7.0086,9.5109,7.9025,-4.4033,0.4945,-4.5852,1.6356,-7.779,-9.0119,-5.6569,0.2549,-0.9746,9.7572,8.5144,7.0927,-4.8455,4.9449,3.3227,-1.7235,-3.773,-1.9585,2.0276,0.7603,9.5322,-5.5097,4.1188,-5.6539,9.1761,-7.8391,-1.9026,5.7744,5.7891,-1.7458,2.6406,5.935,2.8669,-7.6804,7.3827,-3.1732,9.6873,-3.5819,9.5309,-7.7867,5.0953,-2.6463,-6.1037,-4.7373,-1.8291,-5.0236,-3.3426,-6.9657,9.138,3.1462,-0.0128,-3.3391,-3.532,-6.413,-3.6584,-1.5211,4.8679,6.2153,6.782,9.3727,8.2887,-4.7177,4.2133,-1.9373,4.512,8.7776,-7.7946,-3.5037,-0.7816,-2.8995,3.5087,1.8834,6.093,-6.555,-4.3829,8.4309,8.7017,-5.3524,-9.5585,0.4677,-5.9866,-7.5642,2.2334,4.7086,5.657,-5.5348,6.4891
8.8139,6.9419,3.349,-6.6681,-3.79,-0.1377,0.3326,-4.3662,-8.6334,-8.2445,-7.1865,-9.1885,-5.8761,-5.25,6.0291,2.2283,-8.4776,-9.664,1.1414,9.7233,7.4924,8.1341,-8.1853,1.4257,4.147,-0.3305,1.8062,3.8395,-6.1141,-3.8859,2.9714,-6.8371,4.6808,8.3758,-9.4702,0.601,0.2522,-4.6341,5.9789,8.4281,3.1379,4.2693,7.7619,-7.6578,-1.0237,7.3953,-1.2033,4.7832,8.6593,-4.4361,-6.7071,-1.0599,-6.5792,6.0328,6.1228,4.6381,9.3371,-5.1633,5.1018,5.5269,7.0321,-3.2889,-0.6067,-9.8225,-0.804,-4.6721,3.6703,3.3409,6.5854,4.6083,3.8781,8.4744,-4.9824,-7.723,6.5264,-8.3373,5.7586,-1.6524,2.1373,4.8756,6.918,-0.2569,-7.8111,-3.5075,-4.6875,6.3881,1.2951,9.9661,4.2724,-4.8843,-5.1452,5.7216,-0.7645,4.7639,-8.9086,-6.9397,9.9746,-5.8176,-7.3399,8.8151,-5.9018,3.5397,5.5735,-7.6615,-9.1571,1.6084,-2.38,-2.1443,9.8516,-1.9706,1.3882,-8.1291,1.0275,6.3704,9.1246,3.326,2.3442,0.2715,0.0931,3.1891,-0.7179,4.4549,5.7991,-2.3166,-7.1802,0.7443,7.763,5.1563,9.7714,-3.2602,-4.4781,8.5985,3.3498,-1.2162,1.8747,6.9519,-1.5258,0.0629,-9.6445,-7.4238,4.2562,3.3029,6.5876,-9.325,2.2234,-7.9906,8.9651,2.53,-1.5953,8.4107,-8.2314,-3.7915,8.4425,0.7678,8.5899,-0.5901,8.321,7.1982,-6.9087,0.6158,-5.0251,-4.0375,8.9256,-2.6528,5.9539,-2.1465,-6.9195,-7.5378,-9.5185,-4.5131,-6.7428,5.725,7.9827,-1.4521,-5.0893,-8.1644,9.9936,0.9341,-6.7379,5.573,9.9807,3.8764,7.6858,2.1974,-4.5556,1.9305,5.7773,-4.964,2.33,5.5835,2.864,-2.6557,-3.336,3.0993,-2.5832,-6.831,8.7337,8.8431,-3.8997,6.1024
4.5347,3.5419,-5.0112,3.6723,-7.7684,7.8109,-3.3724,1.0269,-0.5989,4.4845,-5.7774,-4.0939,-1.8439,-6.9611,5.4915,2.9591,-9.5614,2.4121,0.4376,-1.0882,6.441,4.9727,-9.0669,-3.7462,4.4612,6.6065,3.0595,-8.2196,-5.7018,-2.6316,-1.451,6.4361,0.5938,-7.5795,4.0225,-0.3576,-9.689,4.5164,-2.207,0.7441,0.3483,-8.8019,-5.7126,-5.8674,-4.975,5.9243,-2.2521,4.2757,6.5336,5.7188,4.4851,-9.5178,-3.7523,-3.3518,-2.1877,-2.4028,0.0866,-3.6548,8.0828,8.6968,7.9238,4.3113,1.9007,-7.3529,5.8719,-4.8695,-9.8739,-3.9419,-1.6829,-8.3645,8.6878,-9.2915,-8.9705,-5.8497,-8.8958,1.8699,-6.9254,3.5503,-6.2219,-7.4341,-3.0541,-0.7072,8.7045,2.7939,8.2867,-6.2683,9.122,-4.5937,1.7428,-3.3073,-4.4908,-6.7291,1.4561,6.8808,-2.3837,1.2296,9.1314,-0.437,-1.2501,4.7838,8.2621,-7.0899,-2.6086,-5.2298,-2.1494,-1.6962,2.9444,8.6834,4.031,9.4879,-8.6352,0.9621,5.3548,-4.6039,3.983,4.9953,-2.4027,1.4923,9.0717,9.1516,9.138,9.2994,6.7842,6.7879,4.3451,8.4808,-3.3381,4.7749,-8.7224,3.3684,-3.7454,9.6563,7.8666,-7.938,6.5135,7.7892,-9.4813,-6.5538,-6.4109,-7.7645,3.4988,2.4523,7.1084,6.6512,2.7053,-2.0854,7.3478,3.5837,6.753,-3.239,-2.5473,8.8852,7.1567,-6.1227,-9.3868,-0.8196,6.5542,-8.7986,-2.3222,-9.0922,5.3085,1.6792,-5.6089,-9.0714,3.4803,2.6506,9.1113,8.637,7.0228,-7.0853,3.889,-7.4977,9.7148,2.4177,-0.7257,-7.0554,-0.0114,-0.1662,0.5586,-3.1652,-6.0389,-4.7223,-1.7639,-0.6613,9.2494,-8.7703,-2.2606,9.9905,6.6328,-5.8481,-0.8846,-8.09,-6.2632,-0.2645,1.7744,-8.2734,-3.1343,5.6215,-4.824,9.3691
2.5936,-7.5801,2.9419,-9.6243,-7.8996,-4.3017,3.3042,-2.9147,9.5327,6.2514,-8.4142,-3.6234,-6.8101,-5.0586,0.9496,-4.7745,-4.0725,-6.0592,3.7787,-2.4711,2.1798,-6.8744,-2.993,-7.3678,-6.5877,-0.7824,7.5794,-6.0228,-1.409,-6.5998,3.9109,-9.7475,7.9227,-7.2545,4.2904,0.3393,-5.6862,-4.9908,-8.2299,9.9602,-7.398,7.027,5.7812,1.2016,-3.6742,1.8152,9.1102,-9.0935,-6.6244,-7.9771,4.9081,-9.1047,-9.5869,8.9201,3.1235,5.9604,6.586,-0.6517,-1.1365,1.0197,-4.8257,0.1963,-5.4893,-0.4717,8.3097,-2.095,-5.0641,-0.4733,3.885,-3.8118,-7.6811,8.6368,2.1869,6.4211,4.1442,-2.9992,7.5826,-3.6071,-7.6966,3.1136,-1.3973,5.1814,1.9927,-7.1893,8.6635,4.7112,5.262,-6.5212,-5.081,-0.8064,-4.5925,-2.1963,-1.7045,7.8325,7.3047,4.2262,-7.4545,0.1078,-3.5229,1.9293,2.0334,0.6766,-6.0522,-9.5342,-8.3308,-2.9435,-1.6326,-2.594,0.35,6.3271,-5.1857,-9.6245,-5.6644,-3.4078,-1.1033,3.2286,-2.5229,2.8573,-9.1285,5.5598,-4.1424,-5.618,-5.4902,2.9323,6.3364,-8.6225,5.8764,-9.1814,-7.6632,-4.7149,-5.2843,5.5285,7.3193,-1.5332,3.7412,-1.9104,6.831,2.6696,3.5669,1.4851,0.1716,-5.3537,-7.4747,-3.1361,-3.6194,-1.4275,8.8856,-9.6964,0.6771,9.4301,7.5309,5.7237,5.591,-8.9631,-1.8576,3.1465,-8.2005,-9.1429,6.6741,-5.1,6.2804,-8.9726,2.8957,-9.8719,5.436,-1.3031,4.7713,-4.0252,-7.6854,1.555,9.9686,4.0301,5.7397,8.5915,-9.0033,-9.4988,-4.7275,4.5275,-6.4064,8.2064,0.6624,-2.2145,8.2302,7.5951,-7.6785,-2.8193,7.1305,-6.4193,-8.0232,-9.5345,-0.7767,-5.8921,1.2429,-4.8355,-8.6294,-2.264,-6.5637,-7.546,-7.0044,-8.0261
1.8367,1.8595,-3.3524,8.0804,0.0459,-8.2211,-8.5868,5.22,0.8646,9.5159,-7.4103,-7.4843,0.6912,-3.1401,-2.6158,-1.5678,4.2057,-0.1136,-8.1493,7.2033,-6.8157,-1.1663,0.3839,0.3299,2.3053,3.8171,-7.6682,8.7366,0.1881,7.4312,6.2863,6.2366,0.6427,1.162,-8.5307,-4.9407,1.9006,1.0798,-2.3119,-8.9059,5.6461,8.5958,6.7391,-5.0138,2.5187,6.933,-3.5839,3.2218,-1.9146,-8.63,-6.1404,-2.8619,1.4953,-8.8631,6.1635,5.3599,2.7001,-7.8159,2.0324,8.561,5.6505,-1.3008,-6.8345,-9.8526,4.757,4.1282,9.9673,6.3016,-8.657,7.6248,-0.5394,-9.679,-7.8277,4.8323,-9.9279,9.2569,-9.6637,-0.0312,6.5863,-2.8863,8.4584,2.1789,-7.8915,0.373,3.0758,-2.0057,-9.2773,-1.0594,-1.1639,-0.3914,3.3144,5.8232,6.2005,5.3402,-6.4572,9.414,-7.0132,0.5539,-5.0327,3.6076,1.3916,3.2539,-4.8909,8.2609,6.5153,8.197,5.3452,-8.9938,-0.8782,6.5069,7.5946,-1.1952,4.6633,0.4366,9.08,-7.3844,4.0545,8.5029,-8.5847,1.942,1.5611,-6.4017,-7.692,-2.1923,2.2397,-0.8797,-4.1878,5.8987,6.2644,4.852,-6.3306,-6.134,-3.517,-0.9257,0.2823,-7.1558,7.2194,1.4736,7.3823,1.2523,-5.9941,-7.0144,0.9049,-7.4435,8.4103,-6.8314,-4.3678,-9.3045,6.4948,2.8625,9.2286,8.3286,-4.1115,-2.7803,-2.2444,5.5018,-9.7196,-8.8563,-9.9627,2.7771,5.6213,-5.5664,6.7063,6.4742,4.8253,-1.2243,-3.043,-4.2357,-7.2907,7.1791,8.0018,4.2621,-4.6129,-4.645,3.0483,3.3955,-3.3124,1.1136,6.9055,-8.0456,2.1049,-1.5968,-4.5517,3.6114,2.2861,-5.9211,-2.3348,3.3316,0.1938,-6.5782,-9.8227,0.1447,-6.3349,-9.7882,8.2823,8.2624,0.9229,2.1078,-7.6143,5.4235
-4.1248,-0.3669,7.1209,6.0854,7.0988,-1.5713,2.3549,7.2183,8.7264,2.1514,1.7818,5.3042,0.9394,2.4786,-5.9728,-5.6901,2.5468,-0.4385,6.8342,-3.5955,7.1912,4.4275,-3.8896,0.1008,5.8096,0.082,-8.7643,5.4087,-5.5801,-1.4559,4.0472,9.0354,-7.9772,-4.3782,-4.1344,1.8636,0.0564,-9.9234,-5.1461,-9.5233,-6.5731,7.3704,8.3946,-8.5866,-3.1848,4.8857,-9.3978,-1.9472,-4.4062,-4.6384,8.2064,5.7385,-9.2135,6.3873,-6.9955,-9.5702,4.2387,-7.1803,-9.8181,8.948,-6.6718,2.9056,9.4862,6.6545,-6.5862,0.8485,7.6112,-9.0605,-6.2937,-8.2844,9.7742,-1.8116,2.9008,8.2234,3.9949,1.3283,-7.6755,-0.5988,-3.9514,8.1227,2.3104,1.2607,-6.0077,7.4212,-9.4265,0.1425,9.8135,8.1158,4.031,-2.7824,-3.0484,-6.2459,-2.9386,9.0265,-7.3028,-1.1671,3.4834,0.2564,-3.6348,7.3609,0.1578,-1.6921,4.2503,-6.2462,2.7852,-2.0835,-0.5012,-3.3039,-4.7036,5.3012,1.812,5.2294,5.1108,-8.6884,-2.6244,-6.6999,-9.6359,-3.9913,-2.1514,-2.3164,-3.8085,-9.3116,9.5766,4.2321,-6.6109,6.0335,-6.6987,5.2576,1.818,3.2453,0.0162,-0.9941,7.7181,2.5711,9.2773,1.6019,-8.1437,9.1085,-3.6957,3.0445,5.6507,7.3222,6.6643,4.62,5.8828,-4.3169,-4.8634,6.0568,6.3701,9.2519,7.4862,-5.1228,2.0795,-4.5191,4.8335,8.4477,1.7745,4.3135,0.1427,0.1993,-8.2429,-9.8995,9.3455,-2.7646,-6.4378,-1.6801,3.9141,3.844,6.3279,-2.0833,-9.1548,3.5288,8.592,6.5755,-4.9244,6.7309,-9.6247,0.9836,4.5581,-5.6126,-1.7527,9.4975,-5.065,1.7367,-1.0399,-4.8564,8.2288,-3.1511,-7.1364,-3.2916,6.1253,-3.8163,4.5111,-4.6439,-8.3138,-1.723,3.0009,3.8665,-2.7585,2.4585
-2.3121,5.5999,7.032,-9.5132,5.12,-1.8752,2.6215,9.6897,6.91,-0.2568,0.9297,-5.7371,-4.8084,-6.3658,-2.87,7.47,0.976,3.4414,3.785,0.1384,6.4047,7.2837,1.0295,-9.0895,2.399,-3.4477,-0.7757,9.5189,2.3841,6.2062,-3.9606,5.3147,9.1694,6.0716,-9.6241,-8.8487,4.6662,1.1608,-6.841,-7.9724,-9.0486,-0.3506,-5.3681,2.3364,-7.5619,-8.4992,2.7378,-2.0469,-4.1288,-5.7454,-7.702,-8.4118,-6.1665,3.2484,-1.2767,2.0903,6.5019,9.1387,6.4463,0.591,7.2023,-8.6259,-2.2891,9.4504,-7.6492,-6.3514,8.7719,-5.3176,-4.6711,-9.4808,-8.5493,-6.0375,-8.2106,-1.1584,7.6619,5.8306,3.3916,-4.4828,4.6692,-2.8416,5.4741,-3.9606,-3.5804,5.2518,1.7666,0.204,5.5111,5.3345,-3.9431,-8.5588,-4.8863,-8.1779,0.8683,-6.8494,-7.2089,-4.1987,7.7668,6.5152,-8.9096,7.0237,-5.788,5.0293,4.9463,-1.7549,-5.6033,2.2927,-4.091,4.5001,-7.2348,5.2429,-9.5812,4.4921,0.7405,-9.4347,-5.1854,-7.9769,5.6866,-5.6555,8.1152,6.6604,0.4216,2.0463,8.5638,-2.4725,8.5804,6.7988,-0.4921,-9.4749,-2.7337,6.9736,-9.5236,7.19,-2.4012,-3.9881,-4.3406,-0.7267,2.9943,-8.8958,-2.5936,2.9419,-8.8523,-5.1238,-0.6162,-9.1296,-4.9882,-0.2624,-4.1135,-0.9647,9.3406,-0.6554,-1.8948,6.3288,-6.1531,-3.4222,-3.2905,-8.3828,-5.6122,7.6663,1.7189,-5.3815,8.8022,8.3095,2.0172,6.1505,-7.0965,0.7507,6.9509,-1.6425,5.4844,-2.0729,-1.2458,-1.001,-1.4117,-2.8837,9.4371,-6.8438,2.4769,1.1572,1.803,1.8486,5.9991,3.5962,7.3294,3.1491,7.8178,-0.7659,7.8866,6.019,0.5355,5.9087,4.6646,-3.1276,9.5682,8.4065,6.6855,2.9189,5.1775,-5.7937,-6.715,6.9408
-9.5885,6.8718,-9.9724,4.7672,2.4954,5.7354,-2.3367,1.8322,-6.4392,-0.0547,-1.7793,0.8484,6.1147,2.5475,-5.6833,-2.0064,3.1347,6.166,-8.4395,8.326,-0.2311,3.676,6.1741,3.4066,-6.5944,-1.8868,4.7807,4.307,4.5263,2.223,0.2196,9.1592,3.3476,-8.0382,-1.1044,-7.9454,-5.8102,-0.7445,-7.8573,-5.4296,-0.1574,-5.71,-3.2545,5.8133,9.2079,-4.2986,5.7084,3.9142,7.5098,4.5963,9.9526,-4.0607,1.4274,-7.0605,0.5625,-8.331,5.7674,3.2818,2.9472,-2.4185,-9.1897,-5.3038,5.8071,7.9272,-9.6362,0.284,-4.5447,-7.5422,9.7261,7.5378,-0.245,-4.8184,9.864,-5.0613,-8.5371,0.1828,0.1584,0.3116,-6.5519,9.0077,-3.2483,8.1742,7.7053,8.3379,-9.9444,4.4705,-4.5458,0.7223,4.6846,-7.1457,-4.4005,-4.7989,3.3916,-0.093,5.5912,-8.3046,5.587,4.4076,-3.2952,-6.0097,0.9371,2.2626,-9.0425,5.7563,1.4832,6.8565,-5.2028,-0.0533,8.163,-0.4013,6.5869,4.6339,2.0972,-0.6144,2.8678,0.5116,5.82,-2.7141,9.5346,1.1562,-1.1959,8.519,-3.7066,6.5499,-7.8926,1.3633,1.3636,-4.4371,-1.1021,-4.3807,-7.0735,4.0403,8.4238,8.0765,4.6479,-2.3923,-7.1385,-3.8775,-3.0863,4.7357,2.1139,4.0201,0.1327,-0.7988,0.8472,-7.1473,1.1214,6.3978,7.2114,-4.9322,-0.8441,2.4465,-1.9162,1.0719,7.8061,9.8064,-3.6952,3.3143,-6.4552,6.1337,1.8258,-0.1828,-5.3168,2.3507,-9.3493,-8.6192,-1.166,-1.3529,5.2832,1.4187,0.6286,-2.3625,-8.6001,-3.1397,9.9396,-9.4707,5.1915,-0.6973,9.0212,7.1194,4.8031,-7.4326,-6.2014,-4.9971,3.7997,-6.6386,3.1749,6.5848,7.9933,0.0132,7.6535,-8.8651,1.1588,7.293,-7.5896,5.5546,6.3923,2.9977,-3.2109,-2.7879
3.4689,2.9611,-7.9638,1.5715,-4.9852,2.0998,-9.7299,-7.9658,6.0132,5.0229,-2.9978,-3.2925,3.8385,-1.5699,-9.5031,-2.6896,-4.4133,-2.8016,-7.3405,-0.1802,-3.3847,-9.169,-5.9033,2.4232,8.7753,-6.9952,4.0387,-9.5191,-3.7497,-3.6106,-5.2352,0.0328,4.6992,-4.4149,8.3489,5.1518,2.813,9.6755,-9.8906,-2.4056,4.4288,-7.877,-0.7791,-5.9305,5.5037,2.2751,-2.16,-6.9178,-0.4856,9.5479,2.1203,7.4641,6.7039,-6.5928,-2.7848,-5.1149,6.9176,3.8726,7.4232,6.7693,4.2708,6.2526,-9.798,-5.2428,-1.3172,3.0273,0.278,5.581,6.8627,-4.9398,-5.2917,6.7068,5.6421,8.689,6.4767,-4.4974,7.9433,-9.7475,2.2813,-7.3663,-2.5651,-5.1971,3.1868,2.9975,-8.7237,8.0326,-2.8116,-1.6092,-9.9295,1.2603,-9.862,2.4068,-4.4977,-3.3052,-0.0154,-2.2206,9.0699,6.3012,-9.0545,-9.6507,-4.1316,6.3683,-5.4192,-5.8639,-8.2515,-5.0823,8.1177,-9.1682,5.5145,2.7877,4.6186,-1.9465,-7.4309,4.8581,4.0787,3.1199,-7.0447,4.8355,-9.4724,1.4507,-2.9636,1.6209,-1.0485,-7.7516,-1.2876,2.178,2.0067,3.021,8.2326,-2.2897,-6.2133,-7.9073,1.3536,-9.754,7.1186,3.5939,-8.6695,0.9406,6.6278,-4.9067,-4.6156,-0.6242,-8.8002,0.4947,1.6975,-7.4917,-2.1549,2.9105,1.4762,-2.9607,2.8465,8.0996,-7.3988,-8.0426,0.5385,3.9385,-5.9924,-0.6303,-5.0276,-9.6667,4.2014,-4.402,7.2765,-9.1271,-9.282,6.2083,-4.0688,-7.6355,7.075,5.3086,3.7871,-5.1158,6.1,1.0182,-2.9391,-2.0936,-0.6698,3.9912,-2.8678,5.2614,-9.9537,-7.3388,-2.6176,8.5317,5.7879,-1.3124,3.7395,-4.2977,1.6441,-4.7477,4.0049,1.1146,-0.8109,-8.0767,-4.0271,-6.1511,-3.9391,-4.3663,-2.3808,-0.6481
6.3985,8.6571,-1.4537,1.1896,4.0515,5.7863,7.3674,-4.5429,1.2339,-3.0492,-3.9525,-1.6641,4.9081,-6.6454,-0.3439,-8.733,2.0059,9.7845,-8.6413,-5.0395,6.3166,-4.0773,-2.7724,-1.731,-3.6845,2.3833,6.4995,-8.1183,-4.2534,-8.5741,-7.1156,-7.8403,-0.1815,6.4203,9.6259,7.4758,5.199,-6.458,-4.6934,-4.1968,8.1752,0.6916,-6.8237,1.2518,5.5524,9.7493,-7.062,4.8848,-4.1874,-6.5364,-1.2188,-9.3043,5.7734,9.5952,5.6664,0.1924,1.1605,2.2231,9.2178,-9.2094,8.1365,7.1495,1.5681,5.9063,0.1549,8.4352,-1.9471,7.9027,-1.7281,-1.4276,7.6544,7.8284,-7.347,8.3407,-1.7015,-6.7912,4.8507,7.6998,8.9275,5.1596,-4.5312,7.6411,-5.1259,-0.2912,7.0039,9.5645,9.6555,-5.4754,5.9121,8.282,4.5929,-7.3678,2.0596,7.5917,-3.3269,-4.1832,-0.4263,8.853,0.1915,-2.0561,-2.735,1.8002,4.6154,-6.2501,-3.7892,-9.3768,-9.1654,-4.8845,5.4195,-3.6119,9.6972,-9.8466,-3.6629,-0.3519,-7.3846,-3.217,9.8932,3.3524,-9.5614,7.333,8.9209,8.9455,3.4643,-3.7674,-9.401,2.7844,-0.092,1.3958,-7.1823,1.2887,-6.9363,-8.3833,3.4686,-3.8282,-6.1946,-5.7074,-2.4571,-2.2924,3.3865,6.3594,-7.0124,-1.7519,-3.7293,-2.6289,4.6204,-9.4416,-2.1969,-5.3596,7.9364,-8.3159,9.9115,4.4141,9.0855,-1.8519,0.6254,9.0154,-8.7415,-0.9624,8.8176,-0.8594,-2.468,7.5269,3.4788,-4.6163,3.7529,-9.8986,5.2807,-0.0046,1.6787,9.3339,-6.9451,8.1171,7.5654,4.9973,0.1435,7.1917,-5.7425,-1.2176,-8.6444,-9.6677,-3.0505,9.8869,-4.7818,-6.7151,-5.9941,-4.8615,-0.2733,6.263,2.2549,-2.6711,-7.2302,-3.6277,4.3625,3.3541,-3.6524,-9.594,7.1121,-6.9324,-9.4675,-3.6875
-4.273,6.8932,-3.2164,0.2896,9.8335,8.5901,4.2308,7.639,3.5314,-6.0395,-1.1026,5.5736,-8.07,7.9082,5.2813,-9.7505,-9.8864,3.5426,2.2493,-2.8241,-9.6054,-8.5952,-4.2331,4.0985,-5.8555,-5.7735,3.2703,-7.1523,5.0651,-3.8845,7.2941,0.1419,4.3005,-9.6038,8.1543,-8.4384,-0.7589,-0.6376,-4.2423,5.9657,-6.0818,7.6316,-1.6563,-0.8303,-8.4501,7.9453,-8.2491,-0.4042,2.9749,6.1186,1.7054,-2.269,9.5925,-3.617,-7.6853,-5.6157,-4.4452,-0.7119,-2.6985,0.6066,-9.0723,2.4745,-2.1516,8.8815,-5.5733,8.5081,-5.2281,2.0442,-2.283,-0.7849,-6.1001,-6.7273,6.6563,-1.6035,0.0978,-2.3386,-8.5487,1.3796,7.1974,-4.7736,0.3956,-1.2705,2.7853,5.0833,-6.7168,6.9247,-7.9154,7.5852,1.5184,-5.8997,8.1805,1.7524,4.4484,8.666,-7.5516,3.1056,2.7194,5.5918,4.7365,5.2148,3.7896,9.6155,4.6186,4.7787,-9.8182,-0.2233,4.3701,3.756,2.3234,-7.5202,9.1461,-8.6061,0.6818,-2.5228,4.1258,6.6778,4.5678,-9.4805,-0.6775,0.788,6.0206,-8.9005,4.3295,8.3837,5.5749,-0.2091,3.3611,-1.5856,0.9728,8.3316,-7.1809,7.6401,6.1106,7.5144,6.655,-7.1238,-9.079,-7.7879,8.4487,2.9183,-2.5989,-2.7619,-5.8269,1.7669,1.9614,-6.1716,7.9986,1.0123,-9.1438,-7.8986,1.874,-7.8145,-4.9425,5.3767,4.9602,-6.3641,7.1807,-3.9841,-9.7086,5.2099,-8.4719,-1.8363,8.9608,2.3495,-9.7107,8.3388,-9.5594,-9.7605,-3.4788,6.7796,8.0712,-3.4422,-2.6064,-8.1514,3.0086,-3.4159,0.763,-3.2993,-2.6012,3.9862,5.7519,-5.8597,-6.7549,4.7643,-2.9331,5.1128,-6.5263,-0.439,-2.212,-1.2276,-0.7815,4.7209,-8.0629,0.1117,1.6207,-8.6147,-1.3528,7.4088,-5.5541,1.1062
8.2003,-9.9569,-7.8676,-8.3892,5.7352,-1.6804,-6.2244,6.5999,-6.0591,5.2237,5.182,1.0723,3.3141,-1.1258,-0.6345,-8.6821,-0.8558,-5.0739,-2.1782,-3.1378,3.4112,-1.8741,-8.3688,-6.3886,-1.5615,-2.3014,-6.6875,2.6194,3.9218,7.672,7.7169,-1.4079,4.1806,5.6161,9.4814,0.825,2.515,6.9545,-1.4348,-7.2629,-7.9444,8.1883,-1.553,-0.6706,-2.2184,-3.356,-3.3813,8.7403,9.2492,-2.6729,-8.2021,-3.4536,2.7028,-7.4126,-0.4856,-0.4023,2.2396,6.1327,-3.308,-9.3023,7.6307,-4.4281,-6.0793,9.4082,9.7844,1.2008,1.8547,-8.5253,-4.2269,3.322,-1.1927,-5.3411,3.4255,-1.6315,2.8854,1.5589,7.423,-5.4008,-5.9228,9.0347,-5.7103,-4.7472,7.8437,-3.8355,3.4106,3.5491,-7.2085,1.9511,-9.867,4.1996,4.8781,4.359,-2.3394,6.7893,3.6048,2.4751,-7.2612,-9.7785,4.3599,1.3862,3.4933,-7.3462,-9.3295,-4.4051,-3.2397,2.5202,-2.6453,5.4276,8.5698,-1.6502,-0.5153,-0.5742,2.0263,4.9452,7.4601,-0.8494,2.9555,-3.6456,-6.6848,6.5718,1.719,1.4088,6.2654,1.6693,-9.3335,0.5246,-2.7381,1.6479,-8.7641,-3.3833,-1.3612,3.1262,8.9395,1.5308,8.3779,8.9483,7.5537,-6.5988,9.7357,7.8045,-5.5183,-9.8581,-7.8737,0.9552,-9.5829,-5.7447,-6.4416,2.164,-9.3327,-4.4519,-5.8365,-3.1579,-4.5257,1.3035,5.2671,-8.0154,8.803,-4.8755,8.7836,-3.9876,2.3595,4.1991,8.2943,-4.7786,-4.7034,-9.8167,4.2268,-3.1663,2.1972,9.5109,-3.2171,2.242,-2.7224,-4.2043,1.293,4.2532,-2.3931,9.695,6.1662,0.1271,-6.4231,-1.1664,-3.6944,7.72,4.8502,-5.2627,-0.7301,-2.0741,-9.7377,0.6245,3.5052,2.2268,8.2647,7.6736,9.2571,-0.9517,-2.978,-4.991,-1.4089,-6.1105
9.5491,-8.3055,-4.295,9.8151,-4.8314,2.6532,-5.0978,1.879,-2.58,-0.0683,1.8515,2.5516,-7.1766,3.0576,7.6191,-3.3858,6.2547,-7.3917,-1.9541,-7.0172,8.9511,3.4719,-1.1944,3.6991,7.6537,7.4437,-0.5675,9.0534,9.1248,9.681,-1.8981,6.9972,4.6191,-3.0684,3.3321,-2.8604,-4.1068,-7.3799,-1.5623,-8.4116,-5.0034,-8.7878,-0.3073,-5.9377,6.2176,-2.9461,7.9569,-0.5583,-8.7979,3.9969,3.0149,7.8319,9.6281,9.6303,-1.1561,-8.7903,5.4704,-3.8768,8.6147,-6.9311,-9.7254,8.7975,-2.1685,-7.7035,6.127,7.4234,4.2026,8.691,2.2384,3.1647,-1.1116,8.977,5.1379,-1.8729,-7.5718,9.961,9.3978,-5.3596,-2.4596,6.6695,-1.5009,6.8131,7.8063,7.6655,-6.7502,-4.7152,-7.6984,-4.5222,-6.3085,4.3923,-5.1399,-6.5329,7.9524,5.485,-7.969,1.1295,2.1246,5.3023,-7.5305,-8.741,8.1657,-5.445,8.7711,2.2847,8.6789,-2.1647,-3.8902,3.5106,5.675,-1.6022,-5.7139,0.4881,7.6991,6.323,-7.1744,-4.5683,-6.4881,-0.1797,-9.889,3.2087,-5.8655,-7.9928,-5.1129,3.8881,-3.2011,-1.392,-2.8505,-5.5661,7.5764,-7.4787,-9.5498,-0.3983,-2.5683,7.6447,6.7853,-5.8832,7.5083,8.9335,9.4172,-3.638,8.744,2.3482,9.71,0.6064,-7.7392,2.3588,7.011,-2.3808,8.1035,-3.1482,-7.4511,7.8916,0.7291,-0.3672,-8.6743,4.8468,9.3889,8.6699,1.1456,-3.4439,8.3756,6.3869,8.052,-9.7957,-8.9128,2.7843,7.7785,-1.9889,1.235,-6.2227,9.4109,-1.056,-8.8578,7.8067,0.1836,-4.9257,-4.3814,-7.1375,-8.8449,0.5949,-6.5959,-8.7511,-5.8729,-9.4297,-8.4561,4.7022,-2.7485,6.3659,4.614,-3.0301,-0.2005,9.2586,-8.0474,4.1621,3.1672,8.5753,6.3289,1.4826,-4.5185,0.062
-2.3197,0.0604,-6.8613,4.3235,-1.5722,-8.1853,1.7114,7.7121,-6.261,4.9892,-1.9374,-9.4698,4.0755,5.6735,5.1908,-1.808,-8.0251,-6.4538,0.7507,-2.0489,5.7384,-5.164,6.9668,8.4123,-4.3864,-6.5896,8.3755,-8.7856,1.1236,-0.9885,-6.8638,-0.3809,-4.8944,-6.9852,4.598,-8.3319,-5.6175,-0.5248,5.3017,-8.2057,-2.143,-8.7414,-7.7229,-5.808,1.2335,8.4387,2.256,-1.1716,-0.7539,-5.7994,8.6581,-2.6969,-2.831,2.4542,4.3868,7.2733,-5.1435,-0.9107,7.4119,-2.7765,-3.948,8.8301,-5.027,6.2999,3.5272,-7.8825,-7.6698,2.9371,8.8501,-3.9946,9.7471,1.9578,-8.605,7.92,-0.8328,-8.3885,8.9686,5.6993,-5.0412,6.7932,3.159,2.1661,3.1822,5.3611,-3.2874,-4.8526,-5.6518,6.842,-8.4931,7.1167,6.7539,9.1792,-4.4078,-2.9718,5.1824,-1.7563,9.3595,-7.1729,-6.7405,6.0936,7.8207,-3.7992,2.4556,-6.3861,7.7945,-9.4813,6.9031,7.777,2.8103,6.2502,-4.8487,-0.6016,7.4945,-9.2909,8.1913,8.0517,6.0211,5.9226,9.0549,-9.1103,3.7412,6.5969,-2.8604,9.8371,-5.2494,3.2495,9.7065,5.8706,-0.6277,1.7314,-2.3897,2.9444,-3.9695,1.3223,-5.2563,-8.7108,-4.6008,4.8878,-6.3325,3.4475,-9.2957,9.2204,-4.7347,-0.4761,-5.8036,-3.9355,0.6074,1.4118,8.816,-9.5845,7.7564,-5.7039,0.8544,-6.0525,-2.1602,0.0849,-6.0011,-4.9782,6.7992,6.7367,-9.4789,2.6793,-8.4213,-7.0201,-9.6957,-9.481,3.3706,1.7252,0.64,-2.9528,1.7117,4.7024,-7.151,1.8991,-8.6161,-8.2326,-8.1967,8.5496,-6.9825,0.1295,3.8822,5.6635,7.2806,4.1979,-0.8103,-3.3694,3.0145,4.5522,-1.6615,4.451,7.1683,-7.1774,-3.0335,0.6868,1.8026,-1.5915,-9.8863,-5.504,2.6364,3.6656
9.943,9.2221,4.9956,4.7313,1.8283,-9.1675,-3.8464,-9.5555,-0.8673,-7.2929,5.4235,-9.0754,2.6677,2.0863,-3.7248,-0.9039,-0.7032,-9.3851,2.8462,-2.0157,-4.2018,1.167,-3.3251,-9.0289,-6.5481,5.9065,-9.14,8.2876,5.1337,-9.4883,-6.0708,-3.0866,-1.7145,-8.7087,8.9333,0.8837,1.4671,-1.6917,8.7146,-4.0163,-8.3185,3.0892,1.125,-4.3164,-5.5377,6.7015,4.1503,7.167,3.8208,9.6055,-1.7744,-2.932,-6.135,-4.2053,-8.4808,0.2305,-9.6028,-6.3313,-6.0369,-3.6746,8.1955,-0.8206,9.5741,9.0958,6.5924,6.6242,-4.164,5.6488,-4.3612,0.9081,6.2218,-2.6481,7.2716,-6.4189,4.5883,-8.3046,4.5468,-6.919,9.9377,-0.2619,4.2054,-0.0182,3.118,5.2317,9.129,-0.4834,-7.1445,4.2793,2.6121,3.2577,-8.453,-0.0919,-5.0604,6.6454,-2.7688,8.027,-8.972,-1.5759,7.7545,-1.7288,-9.5733,0.3564,9.6824,-5.4475,4.6657,0.5911,-7.7043,-7.5184,-9.5512,9.8394,-1.3556,1.5672,-1.4528,-8.2681,2.5781,7.0777,-7.7816,-4.8789,1.0419,2.8092,1.562,-5.0225,7.5659,-3.6888,-1.6142,-6.1324,5.6346,-9.067,-4.6585,9.4852,-8.9812,5.9008,-2.5073,6.4885,7.3387,-5.5623,1.7548,2.9694,7.2586,-1.2555,-2.7321,9.9904,-5.0272,-5.3488,-9.5183,-2.3954,7.6457,-0.1136,-6.3875,6.6563,-1.3358,-6.5313,5.8143,-4.6474,-1.6539,-4.3919,-0.3098,-5.1594,0.02,5.711,5.1648,3.5275,4.8307,7.3497,-2.6943,-2.8029,-5.6089,-9.0798,-5.3429,3.6448,-3.9913,-9.485,-1.9275,-5.1199,2.8704,8.1281,3.6437,7.0406,3.3555,-0.2648,-1.9572,5.3587,-3.5938,3.0356,-0.1984,2.2986,-0.3776,4.1896,0.3652,-8.5348,-0.058,-4.5916,2.9219,9.489,-1.5372,-5.1192,-9.8751,1.713,-9.2499,1.2617
-7.9363,-0.1355,-8.3831,-5.7462,1.3956,3.5937,-0.9483,0.4658,8.7924,-7.1443,-5.8568,7.9219,4.0108,2.8466,-3.2998,4.1393,3.5824,-4.8133,-3.909,2.9931,-4.7544,7.0584,2.6526,5.6711,-6.9741,1.8656,-3.3325,8.3338,-0.1776,-6.3556,5.9262,9.7182,6.3374,8.1615,-2.0974,9.4164,5.6401,4.4874,-5.9575,-3.8664,1.8186,-6.4234,-4.8655,-2.1624,4.1162,7.3367,1.4537,-8.4875,-9.5846,8.5756,-3.0101,6.6743,-1.0233,3.9788,-8.0141,5.6319,-4.9707,7.7785,3.5952,-9.6775,5.6087,2.1076,-9.3171,7.8968,1.3765,5.0184,-5.387,-3.37,-7.0881,-9.8939,-5.7461,-2.7398,1.1917,-2.1395,-9.8517,3.7165,0.726,9.3282,-0.8793,6.8679,-3.0062,-7.99,-1.9058,-1.4985,-1.9228,7.2946,1.5984,0.1923,-3.8947,3.9646,5.8761,-2.6823,-9.05,7.1158,-1.2476,-4.3577,9.3804,7.7136,-1.4915,-5.8291,-1.6688,4.5094,6.8785,-5.6355,1.5306,5.5315,4.8178,2.0495,-9.7308,-9.2582,6.09,-4.7267,-6.7996,-2.3114,-3.3726,-7.0121,7.8072,9.9753,-3.4579,1.4075,-9.0191,-2.7152,8.4288,-1.2682,8.6731,1.8773,-8.8115,-4.0896,5.952,9.0901,-0.8146,4.2209,0.1539,2.6812,7.1414,3.4929,1.1861,8.9861,7.9892,3.3934,6.1096,-5.4989,5.7693,-5.4521,8.0446,8.4832,6.3286,-8.5187,8.8017,3.0966,-1.4788,5.0001,-1.3335,9.193,5.889,0.4443,-2.8207,7.298,0.0727,3.6565,-0.1872,-9.2648,3.4098,-7.3574,-9.0278,-4.8282,-9.2318,-8.6055,2.2974,-8.0011,5.384,1.8926,5.6002,-8.7898,-1.1758,7.1323,6.7227,3.7733,-9.4695,-1.1923,9.3381,-8.3512,-3.676,8.3272,7.0629,1.19,-1.0966,8.4768,1.5119,-1.3475,3.1454,3.8471,3.4426,-6.0618,-6.1232,-6.7943,8.6517,-7.3961,-5.4049,8.29
8.7171,1.2912,0.9216,-9.9738,0.3442,-1.0226,1.3281,-1.8503,6.4345,-7.8008,-7.2699,-2.0026,-1.5392,-2.2996,-3.8245,6.5599,-9.8463,-5.7899,-6.1507,-7.0156,-6.2371,4.0513,4.8329,4.6348,9.3774,-4.4592,6.6022,5.4902,5.6379,2.2206,7.9386,7.5112,-3.0803,0.4942,4.4175,-1.2189,-6.9802,9.4725,-2.4002,-6.5376,-4.8319,3.6191,8.9862,-6.2327,-2.8397,-7.4305,-1.6916,-1.6348,7.3367,-5.4951,7.8209,-0.8008,-3.9219,-7.3666,-2.4989,-8.3482,-7.3954,6.1878,-4.3907,-6.2735,-0.133,-1.9119,7.656,7.9266,8.1721,-0.1742,6.7988,5.8666,7.941,8.5212,-3.7315,7.2727,-4.9122,3.3329,9.5555,9.045,5.1212,-5.9314,-8.1753,-7.8817,-0.1316,4.4062,0.771,3.3103,-4.9993,-3.3457,9.7102,0.613,5.5666,0.6302,-0.5986,-0.0359,-8.7492,1.2154,3.4897,-5.3077,-8.285,7.3862,-2.3047,-0.2668,8.0417,-3.0715,9.4406,-8.6491,5.1103,-1.7767,-5.2383,0.2817,-6.0555,-1.017,-2.9447,0.1621,-1.6483,2.0677,-5.0385,-2.6879,7.8364,-7.8877,-0.8434,-7.7827,8.1265,7.7372,5.0172,-6.0897,-9.0389,1.5848,2.4525,-7.1146,-3.9019,4.3119,1.9101,9.8421,-1.9985,2.5273,3.435,-8.3531,-0.2602,-4.9073,-7.1379,-4.0224,7.8526,-6.6955,9.0914,-3.3351,3.5215,7.3994,5.0073,-4.5405,-0.4595,4.738,-5.1239,-0.0974,5.3112,4.3535,3.9757,8.5674,-7.7751,-2.2451,6.579,4.797,-0.6035,5.084,5.6749,0.4559,-2.1538,-4.8844,2.2057,0.0015,5.6962,-1.407,3.245,6.1091,-4.7641,-1.1661,8.8225,6.8431,-1.6258,5.3711,0.814,5.144,7.058,6.6958,7.9439,8.8182,6.2686,-1.358,5.0653,0.0057,6.9913,-4.7306,9.5588,-1.206,-1.7518,-3.0101,2.4352,-2.9784,4.7136,-7.6052,-5.7894,-4.994
-8.5032,-4.1019,1.475,-8.5436,-6.4616,4.5798,-0.614,-2.1749,-8.1539,-2.6787,-3.1272,-8.4298,-7.0227,2.4802,0.2445,-9.5304,1.4389,0.685,0.7876,8.7505,2.8881,-5.8655,-4.0333,6.5081,5.362,-9.2177,7.0903,8.2379,5.5581,7.8992,9.7811,-1.7196,-2.2898,9.6288,7.4298,4.6895,-2.2295,-4.3971,0.7215,-1.3008,-8.4101,6.9682,0.6476,-3.3956,2.2961,-6.4607,6.0348,7.0216,-7.9027,-2.7101,1.4653,9.8816,-5.8258,7.3663,-3.1912,6.5451,3.7005,-6.848,6.9633,7.5196,-4.3228,-9.3914,-1.9446,-4.5137,-8.8343,0.4298,4.4437,-7.9678,4.0007,-9.8808,-3.5618,-8.4178,4.4454,-8.5903,2.0759,9.9363,-4.9707,1.6749,-5.3757,5.823,5.8861,5.9641,-1.9109,-8.7849,-7.5819,3.4242,6.4182,-7.8635,-1.9981,5.4733,-4.0026,6.7047,1.8567,5.465,-9.3541,-1.4728,1.0276,7.3576,-5.9101,-5.0875,-1.1633,-4.7689,-3.351,5.9829,3.1178,5.0407,8.6944,-8.5625,6.2654,-3.4605,1.2929,-9.0082,-9.8375,4.6862,-4.268,-8.2204,-6.4094,-9.6419,9.7857,-0.1193,4.7158,-3.534,2.7911,2.5179,-9.6024,4.5206,-4.9003,4.313,5.5925,1.6302,0.4045,0.1382,-0.646,-0.0305,5.7904,-1.089,-0.1035,4.9337,-0.1299,0.8902,6.7835,-0.6604,9.3547,-6.6361,2.9367,2.1591,-7.3644,6.9317,-1.477,-4.6321,5.8269,-6.7984,5.162,-2.448,1.9952,-5.4908,-2.2015,6.9388,-0.0737,8.4348,4.6708,-5.939,3.1858,0.7391,3.7206,-4.0434,-5.4647,9.0768,-9.8115,1.8663,6.0712,8.411,-9.489,6.5385,8.0733,7.9438,-7.5202,8.1293,-0.6436,9.9246,-8.1685,-5.8835,-2.7019,9.3872,3.8364,-8.0942,-6.4118,5.9212,3.4515,-7.6597,-8.9155,-0.355,7.1112,-1.9044,-2.1012,-5.9681,-0.7765,-5.325,-5.4308,5.586
4.4978,-6.4191,-8.5686,-8.5085,3.0237,1.3355,-8.2241,-8.8722,7.5989,-8.48,7.3015,9.3181,-6.3807,0.2874,0.1294,-1.5124,-1.95,3.3632,6.3715,-8.6651,8.8334,8.3758,-1.4587,-1.82,-1.8982,-1.238,1.3592,6.5955,7.5028,-4.3981,-7.0978,-0.8543,8.7314,2.959,7.9552,-2.9051,-3.3353,-8.7196,1.639,-9.8645,-0.8478,-0.4087,-0.5523,-9.4461,-1.8799,4.6164,6.187,1.1543,-8.6992,-4.6034,3.44,-6.9174,9.2029,-3.3552,0.4001,-0.8894,9.4448,-7.7642,7.7104,7.4321,-6.4533,-4.0149,7.7478,8.308,1.8489,9.7861,1.2766,-1.5228,-4.5894,6.8076,-4.2433,9.3684,-3.0053,-8.8507,4.6799,-4.646,-4.0558,9.5133,3.7215,7.962,8.9728,7.1929,0.6105,-5.6323,8.4103,-7.4853,-1.7326,-5.0447,8.8698,-1.2077,-6.7337,-9.133,5.1111,5.3356,-7.7942,-4.286,5.7362,0.9439,-5.6933,7.5056,-4.3149,-5.4594,-5.5061,-5.5377,9.3847,-6.421,-2.0702,4.9173,0.1295,2.1233,-6.3145,-0.1055,6.9127,-3.0173,-6.0241,-0.8122,6.6657,-2.8527,-4.0735,-5.9378,-1.1317,-2.6012,6.581,7.7682,1.7597,9.0494,-9.6953,-1.8265,2.8269,-4.296,7.6095,-3.317,-4.5939,4.9594,3.0427,-2.4691,-6.7159,-7.6533,-6.1407,-5.8232,1.2361,-6.0339,6.9699,-1.5069,-3.3724,9.9021,7.6819,-3.4648,-6.5508,-7.1597,1.6901,-1.1724,6.6906,7.222,8.959,8.1588,5.4287,6.9605,-3.5963,9.2652,-7.3276,-0.102,-9.0851,-0.3218,7.0885,6.8609,3.9062,-0.7689,5.5123,-5.0957,5.6782,-0.1518,-9.4547,-0.4983,3.0955,-1.1639,3.248,-0.5078,6.7767,1.8906,3.2102,8.4848,-0.5247,-0.308,4.4202,-8.5543,-7.4549,-6.5972,-2.416,-6.6492,7.9093,-1.8317,-5.8672,9.7977,9.1179,3.7423,6.0583,3.8428,-7.113,4.0927
6.3041,3.5731,-1.8301,-2.1831,-2.078,7.4772,4.898,-2.75,-7.2495,1.9417,-2.397,2.7747,9.3007,-3.8393,4.349,0.2643,5.9065,-0.7357,6.6576,-6.4355,8.8051,-5.5424,5.5023,-4.0316,6.5899,-4.067,-4.1612,2.5023,-2.1308,1.4386,6.9399,-5.4401,-3.7499,-0.3543,-6.8427,-9.8206,8.0391,-5.6534,8.8341,7.5077,-6.3442,1.6632,1.3563,-1.2728,-6.0678,-2.0725,-3.6028,4.4053,-0.3912,-8.4254,5.6132,-6.2583,4.5506,-4.4618,-1.9732,4.4137,-6.1589,5.2179,-1.3762,-0.8045,4.8507,7.4181,5.4418,-6.3856,6.9405,-6.5134,-4.4991,-5.9089,2.0108,-8.9422,-7.4021,7.7422,8.8804,5.5173,-5.3674,-1.1474,-8.3122,9.6342,-0.9549,-1.2371,-6.4116,-8.1782,5.1668,9.5242,9.0185,6.7354,-3.6667,-9.9591,-9.1627,9.3815,2.2624,7.5673,1.3205,1.1127,3.0628,0.8263,5.4408,-4.5384,-7.0747,4.8349,-2.4352,0.9962,-6.8965,5.4459,-7.5839,-1.5177,2.4554,4.6625,3.929,-9.9184,8.3166,-6.6704,7.1541,9.7416,-8.0431,0.6959,3.1444,1.6158,7.1387,-7.3613,3.223,8.1796,-2.1851,6.7364,9.1403,0.8331,-0.6308,4.0502,-5.3624,-0.502,7.4888,4.9135,-5.1485,1.075,-3.7698,-6.1101,8.3777,-6.3351,5.5922,4.3139,-8.0207,8.7666,-7.5726,8.7505,-7.1995,-3.597,-5.9326,-6.244,1.5479,-8.1488,-5.7076,4.5235,7.3195,-9.5156,8.8965,-4.4688,-8.6212,-8.7398,-0.2708,-6.4549,-5.9584,-3.8577,2.8337,6.4545,-2.084,-9.0895,6.9122,-7.4301,7.7867,8.2262,8.8925,-8.7737,3.6049,-9.6565,6.8685,0.1286,-6.4802,-1.1165,3.225,-1.8196,-8.6687,-8.9577,-7.4973,-7.3663,-7.3175,8.0985,1.1971,4.9104,-9.1158,0.774,6.1651,-7.8246,2.926,-1.7096,1.2539,3.6861,5.3668,-2.1929,-2.7001,6.8313
2.9561,1.8279,-6.6948,-4.7928,-9.4594,-4.4334,-2.8419,-7.4125,-3.0758,2.294,-6.7933,-5.8587,8.3315,0.0573,-9.1942,5.9576,6.0382,6.4252,5.2737,-3.9359,-4.2829,3.1759,-5.1994,-5.6371,-3.9718,1.641,0.1476,2.2175,-5.1797,7.0151,-8.4796,5.2585,-6.9754,0.9677,8.9488,-4.633,-0.9118,0.0811,-1.5697,-7.6239,-2.3309,1.1624,-3.3512,3.7972,-2.0888,3.9782,-5.1784,-6.0234,1.741,-2.1428,8.4644,-2.5292,-6.1753,9.7616,3.3252,2.966,-2.6902,-6.1025,0.4263,-7.9062,8.6042,-3.3362,0.9569,-7.7079,-1.4592,3.675,-9.5612,4.0528,5.1137,0.9491,3.7197,7.611,5.3195,-8.5443,8.2273,-5.1073,-8.9602,-7.5032,5.9368,5.743,7.5677,-7.5998,-7.8328,3.5293,-9.6348,-0.7027,4.3324,-2.5393,-2.7317,-9.6381,-8.6215,2.9295,-1.1671,0.8975,7.5433,9.1828,9.5412,1.2886,2.2315,-5.3622,-5.33,7.8307,1.6425,4.1169,1.0686,4.4043,-9.6072,-2.1939,9.3813,6.7177,0.309,-3.1429,3.4121,6.7711,2.6921,-1.3347,-5.2007,-7.6516,3.2084,4.1751,-6.1507,-4.8392,-6.3007,5.1185,2.1785,-7.5828,5.6423,-1.7691,-0.7186,5.7825,2.8788,-8.1887,-8.7586,7.0097,0.8789,9.191,2.0488,-5.4331,-2.8562,-4.8994,9.5738,8.1496,-6.1445,3.2316,6.7277,-2.9211,-8.7362,-5.501,8.1694,5.0794,-0.4534,-7.258,-0.4095,3.7893,0.0537,7.7596,-2.1353,-4.8437,9.926,-4.2054,-3.4507,-8.033,3.0044,-9.0413,1.3404,-0.771,-1.4172,-2.8812,9.1964,0.8428,3.8226,-3.6665,3.08,7.9864,-3.7763,0.0037,-4.1133,8.1625,9.7421,3.9706,7.2922,-4.9726,9.8847,-9.7441,-5.1144,9.9728,8.5072,5.0006,-6.87,1.148,-3.7511,-4.1783,-8.1494,-5.0702,-5.2326,6.1842,-7.1808,-2.6199,-9.1359,-8.9467
4.7195,-0.0265,7.1584,-6.4741,4.8567,-9.5737,4.7507,9.2659,-4.134,-9.4706,-9.9399,0.514,4.1035,4.0544,8.9457,2.6575,-6.0013,-1.3,7.6281,0.2423,-9.9304,-0.2148,1.0581,-5.7806,2.7127,-7.8928,5.4121,7.7961,9.6658,2.7901,9.1493,7.5198,-1.4903,9.408,-5.7931,-5.956,-9.6058,3.9143,2.5373,2.0546,8.4372,3.5588,7.0972,3.3711,0.8057,-1.5262,5.1545,-7.6656,-7.0366,-7.4516,-6.0768,-5.5899,-4.0413,3.9092,-3.1148,6.4,-9.7391,9.9833,5.1295,-4.944,7.8279,-0.696,-9.7684,2.9708,-5.6411,-9.4416,-8.0309,7.9805,-4.8033,-7.7715,6.1939,-9.8866,1.5979,5.0925,-1.7919,1.2997,4.861,4.1871,8.1523,8.0606,9.5414,2.7162,-4.3846,-6.2164,5.4324,1.5764,0.532,7.8337,8.3479,0.0322,6.1308,3.694,-1.4776,-6.9056,-3.5994,-6.1188,-5.5704,4.8526,3.8719,4.8897,-3.8264,-3.1586,-2.1539,2.778,5.4785,4.648,-4.2768,1.0175,8.7893,1.3395,-1.057,2.1463,-8.7529,-3.2208,9.3071,1.3139,2.1118,-4.4449,8.3972,7.5318,0.8035,8.1807,-9.0316,-5.9338,-5.3981,7.7329,7.4287,-8.0532,0.4308,-2.4903,-0.1892,9.4628,-4.0722,4.3516,6.8597,9.2746,-4.2796,-0.7636,-3.5099,-0.2423,3.2959,-8.3957,0.9003,2.7538,-5.946,2.2501,-8.8842,-0.9838,0.4373,4.8233,-9.9981,-1.6864,0.3351,-5.2963,8.1675,4.3877,-1.6124,-9.6942,8.9462,-8.042,3.8296,6.7455,-2.193,-0.9483,7.8068,3.5591,-2.8836,9.0479,8.2143,4.639,-1.1634,7.1103,2.7369,-2.5603,-9.0526,-0.095,-5.325,4.9611,-3.9608,-7.1,2.468,-3.6827,-5.4277,6.4779,-9.4327,-6.862,5.2784,-4.1536,9.3882,-5.9029,-7.1738,9.2642,-5.2759,9.5385,-8.428,-1.7901,-6.547,-6.8478,-9.7197,-6.2596
-6.6778,6.0897,-2.927,-4.5306,2.5478,2.5508,8.9714,-9.136,8.2481,-9.4791,4.566,-9.8321,-8.249,-2.8646,-8.4395,4.6169,-6.5121,-4.1088,4.2162,7.8468,0.1172,6.376,-0.1959,-3.9987,-6.1155,-2.8998,-8.8836,-7.2202,-5.0491,-0.9263,-1.5791,1.7206,2.9848,-6.7808,-1.1499,-3.6095,-7.3969,-2.5662,3.9791,1.3289,-9.6692,-4.2862,-5.035,-0.9268,-0.4924,8.5947,2.6872,2.6469,-0.0895,-2.7312,-9.8754,-7.7187,9.7167,-2.1355,9.0025,1.3867,4.7614,-7.559,7.537,4.9226,6.6049,-5.6652,-4.2557,-4.3833,-4.695,5.331,-6.8298,1.4749,-7.4924,1.6002,-7.2533,-8.1795,2.2809,6.0169,-6.3404,2.1859,-9.5499,-5.3473,-8.6245,1.7168,8.6395,4.6792,2.8628,1.2378,-1.0944,-9.6321,-1.9368,-1.8127,7.8297,-2.8104,1.7492,-9.9337,8.3802,8.1996,-4.7162,3.9011,0.1054,-6.9233,9.8293,1.5605,-7.8899,-1.3118,-0.551,-1.5873,-9.4349,3.4164,-5.5385,4.0122,-4.5272,-4.2508,-9.9224,-9.5604,-3.9908,0.6061,2.6553,-9.8132,4.316,4.8097,-8.6139,4.8788,9.9596,-8.8057,-6.5164,5.5881,-2.8543,-0.1405,-6.3908,1.7539,-3.566,-1.0485,-1.1408,-8.4923,-0.4196,6.1428,4.0832,-7.3069,7.2654,-3.6937,-2.9964,7.5646,5.4054,3.4249,9.6741,-8.8071,-2.4579,2.8395,-7.8402,3.8804,2.0888,-5.1274,-9.0252,-2.9343,2.5624,-7.8469,9.7129,5.46,-4.2127,0.3939,1.4273,2.9619,-6.2204,5.7696,6.1651,-6.7714,-0.5468,2.5776,7.5581,8.5489,3.332,-1.1225,-8.5306,-1.785,-8.8227,-5.9839,2.6886,7.9623,2.2944,9.9108,-0.7074,8.1145,3.1291,-2.2916,9.8515,6.4557,-0.559,-4.5063,-7.1602,-2.57,6.2445,-6.7263,0.6781,-9.7579,-0.3371,0.5937,-2.8344,-3.647,-0.9351,8.7504,-6.8891,7.8335
0.7356,3.2477,2.5424,-0.0066,3.8729,-7.6409,-4.7903,6.9459,9.7078,8.1742,-5.1186,2.0679,-5.4268,-2.837,1.0218,8.5984,-6.5325,7.951,1.2414,-2.9617,-9.2403,-3.1202,-1.4759,-3.9797,-4.9029,5.5298,6.8338,7.3888,9.7878,9.9356,-4.9233,-7.0243,-0.0521,2.4156,5.1952,2.5315,-5.3422,2.8076,7.8213,8.5782,1.9562,9.5578,5.4883,1.1117,-6.4883,-9.3349,2.4706,-4.9736,-3.0176,9.0108,8.3937,2.8731,-9.7638,3.4922,-5.4057,-3.101,8.6791,-0.9871,-7.3339,-5.7626,8.05,5.0264,2.9027,-0.0547,4.0131,8.6957,-8.9495,-9.1438,8.5027,7.1547,0.9696,-6.6577,6.2554,5.4247,-8.1906,5.1195,6.4396,1.6595,1.0021,8.7333,-6.5623,-0.5897,1.8313,-0.6889,0.58,-2.8472,4.5312,-5.7966,4.0985,8.5508,1.6792,-2.2255,5.1819,-2.155,1.8669,1.7447,-0.552,-2.8423,-2.0541,-5.3694,0.5627,6.5575,4.2811,1.496,7.4328,0.8083,-4.5676,-1.1937,4.3294,5.0111,-0.948,6.9466,-7.0459,8.027,9.9075,2.1535,9.6913,9.1292,-5.1832,1.7022,-1.123,5.8984,-6.7016,3.9836,-5.6025,-2.3556,-4.6411,7.0388,-3.8262,9.948,3.2306,-1.3641,0.2391,9.7983,-3.3108,-3.9279,2.2961,-5.0478,-3.9193,7.0441,-2.5813,-8.8137,-8.0968,-8.1212,6.2021,-7.1824,-1.315,-8.8403,-2.5975,-0.0278,-7.0313,-4.9709,-4.8581,6.5463,-8.8278,-6.4254,-7.3727,-4.0054,-5.3214,-9.3685,-8.7884,-1.0898,-7.1813,-2.4654,8.3282,8.0866,-3.3995,-5.6897,-2.9307,7.047,6.0066,-7.7096,2.3582,-8.6861,4.9368,-5.0023,-5.8189,-3.6293,-1.5533,8.9261,6.4111,-9.5418,1.6288,5.368,-6.8085,-0.7667,7.1965,-4.3274,7.2807,3.3352,2.5898,4.1401,5.4794,3.1871,-6.2982,-2.9541,-5.4543,-6.6528,3.5341,-7.4752
-2.3481,-2.8127,-1.1472,9.3952,0.8838,3.3936,-2.7654,-0.7012,-6.2285,8.1266,-7.0916,-9.6544,-6.1679,3.7248,2.0007,-4.1082,9.9687,-1.4079,-3.4231,6.935,0.8555,9.9163,-6.7258,1.9955,8.051,5.4126,2.4796,3.6737,5.7779,-2.8332,1.4619,8.1067,-9.2732,5.4358,8.2057,8.4464,-5.5591,-3.3053,-1.3526,8.333,9.6507,5.5635,-7.4072,-7.2403,2.6433,0.0664,4.4755,9.098,9.4057,-0.3479,-7.3758,3.5445,-9.9885,7.5404,-1.4842,7.7346,1.6629,-6.6005,9.5944,8.9256,0.4286,1.3918,-4.0465,4.9635,5.5252,7.6876,8.0665,0.4932,4.6294,-8.0321,-9.5084,0.5571,-7.547,-6.7326,8.8796,-4.8542,-2.4051,3.5062,3.7264,3.1214,7.7642,5.8545,-7.1871,3.5318,-2.4988,-4.8955,-8.4867,3.0316,-0.3618,1.6829,-7.3439,-9.5557,-7.6113,4.0827,-8.2009,-4.0818,5.4081,6.2688,3.8705,5.7739,-6.5792,1.1565,3.332,-4.6823,9.8602,3.2411,-8.5569,7.5313,-3.321,4.4573,-4.4483,-4.586,3.6746,2.9216,-0.373,2.7247,-6.2179,-3.5866,-0.6781,-5.8432,1.1726,-5.116,6.3588,-6.0732,-7.8836,7.9018,5.9437,-0.2116,5.3023,-8.3323,1.776,-1.082,-7.2076,3.1058,-3.6359,-8.5543,0.3405,-9.8577,9.1336,4.437,4.0247,-2.0589,-2.754,9.312,5.7817,-3.8834,-7.9403,-7.0048,-3.1799,2.5759,-4.2602,-1.1156,-3.1229,3.5681,4.5604,6.884,-4.8636,7.5554,-5.9766,9.4994,0.8946,0.7244,-0.8358,-5.5357,0.5922,-4.4104,2.7669,-6.2904,-2.6985,7.1335,-9.2794,3.2534,-5.0056,-0.4886,-1.4126,4.2131,-4.3545,1.0281,-1.889,6.1194,9.6516,7.4787,-4.7733,0.9048,-7.0047,8.2961,5.08,6.6136,2.6373,-4.7742,-7.7459,-0.1998,0.7357,-4.1663,1.6738,-4.57,1.2597,3.7958,-8.8352,-1.5152
6.3531,2.5594,-0.9727,-5.2133,-1.7878,-7.0028,-5.7866,1.9008,3.9635,-1.4234,-1.0796,-8.0243,-8.4022,3.7397,-4.1207,-9.6819,1.9399,7.1606,9.8559,-3.6273,2.1344,-1.402,0.3334,4.843,6.3523,-9.7514,-4.2826,-3.0262,-7.3637,2.3087,-6.2708,-5.3734,9.5616,6.5449,-1.545,5.4944,7.5173,9.6203,-6.277,9.1181,-2.9428,-3.9604,-6.5282,8.5942,-8.1601,9.0034,7.3263,-8.2884,-2.0233,5.9996,-7.9453,-1.1289,-1.6591,0.7653,-9.4677,9.8699,-4.578,-4.5521,-7.7802,7.735,5.2548,8.4128,-7.9961,2.3787,-4.4595,6.5553,0.1581,3.7207,3.6977,7.6149,-6.0718,8.4039,-6.1541,0.9819,-9.6477,2.479,-6.6129,-1.6274,6.6174,-4.8696,-7.6542,-5.4857,-2.3809,-4.1729,-7.6567,4.5801,6.5453,-2.5658,0.4904,6.4885,-8.4752,0.0041,-2.1402,5.035,3.8697,1.5166,-7.3441,-1.9776,9.3435,-8.4569,3.8089,6.4179,-5.322,5.1096,-6.816,-5.7953,1.6355,-6.1595,1.2605,8.1119,7.8876,-9.2995,-8.0078,2.6226,0.1269,-2.1988,-1.1921,-6.4652,8.6736,6.8259,-0.9876,4.4716,-6.9688,-7.8122,5.709,-9.7468,-7.2627,0.9839,5.3376,3.8034,-3.0856,8.2033,-7.6779,-5.4248,-0.414,3.1561,-1.7572,4.1764,-7.3925,0.2662,-8.8226,-9.2407,8.0532,1.945,-6.4226,-9.9668,3.8492,-2.2649,-2.691,9.212,-7.0464,-8.6639,6.7909,2.7983,9.6171,-0.4894,-3.4387,-9.1038,7.6844,-3.6633,-6.9615,-6.4234,-2.0585,-9.9158,5.1614,-4.4495,-8.9328,4.1617,0.1218,3.6262,-7.3729,6.0232,2.9036,5.0464,-3.2623,-4.0581,9.2835,-5.9795,-6.563,-9.1037,-0.3043,-1.9073,-9.1769,5.2273,-4.0065,-9.3432,-7.8417,7.552,7.3634,-2.3425,1.0779,7.3442,6.4397,-1.5925,-3.646,7.2053,-9.0032,-2.3451,4.4904,-3.0013
-5.8298,-8.3245,5.6194,-1.875,-0.1725,-1.7168,-8.8476,-3.7848,-5.6249,3.8567,-2.1306,7.9778,-0.3803,-2.0437,-9.7966,5.2423,-1.6055,8.1757,3.1087,-8.3898,-0.0561,-3.5706,-7.6626,4.5101,-0.9307,6.7394,9.4923,-9.7279,-0.4012,4.3072,0.5231,6.3483,-5.2536,-5.2264,-7.8682,8.5067,-6.1993,-2.0544,2.4867,-2.5653,4.5513,-1.109,-6.502,1.6862,-3.4337,0.626,-9.0475,1.9447,2.308,-2.2959,8.9653,-0.811,-9.9629,-8.3526,-1.9962,8.7048,4.6765,6.857,-4.6085,-1.6342,7.0108,3.6942,-3.7087,-1.983,-8.2542,5.0473,1.8391,9.7142,-9.195,2.2789,8.5718,-2.1338,0.3713,8.9177,9.6179,-3.1035,-3.1421,8.744,-6.9332,8.4501,-3.0571,-2.8351,-4.7998,3.1699,-7.5764,-8.5276,8.3908,9.1729,-9.9443,5.4511,1.4585,-8.0876,0.4563,2.4271,3.3526,-4.8951,-7.6394,7.3208,-1.8264,5.5436,-3.9147,-8.2383,5.0236,7.7576,2.9037,9.1066,-2.148,4.1296,4.1639,-6.9294,-0.5895,-5.3837,-5.2041,6.507,8.3503,2.0508,3.872,8.0219,5.496,2.7093,9.3268,2.9632,-8.4673,-1.9685,-4.2132,-8.6633,0.6999,-8.0908,5.8949,6.0688,7.3876,5.7012,-1.1517,9.9946,-5.4515,9.1519,-7.0493,-1.6943,-2.1572,3.9056,-1.0165,6.8318,-9.5544,-1.4999,1.9112,-9.4946,6.089,-3.5939,-2.8315,0.6981,-1.2896,-8.0647,-8.6559,-5.2982,-6.6501,-3.4404,3.345,9.2485,8.7625,-8.4664,1.8536,-1.9095,-6.3821,-8.4949,-8.6297,1.9542,-3.2405,-5.5448,7.595,8.4521,-5.4938,3.0831,3.337,-1.5347,8.443,3.3095,-3.1591,1.283,-6.1861,-4.0292,-2.6678,-2.5151,5.7037,-6.7374,6.3493,0.1267,-1.568,-4.2943,-6.3037,2.8311,3.8044,5.1697,-9.7083,-2.3375,-9.31,-5.0252,-2.3258,9.3906,-6.7036,7.714
0.4832,4.04,8.954,-4.9009,9.7328,-0.0852,0.1788,-0.7241,-0.9294,9.3927,-5.2816,-4.9156,-7.3996,-0.6043,7.6371,7.1001,-9.6546,4.9782,1.9816,-7.0332,0.4296,-6.2675,0.8025,-2.119,-4.4573,9.0499,-1.056,-6.5164,-4.778,-9.9803,-4.192,9.0467,5.1173,5.8112,8.6579,-0.0739,7.5451,1.5792,-2.4229,-6.1211,4.7363,5.8424,6.7956,2.529,-2.2145,-2.6,6.2904,7.8197,-2.4005,-7.9564,2.6727,0.6312,-2.005,6.4904,-6.145,-2.841,-6.944,1.7303,8.8951,0.0186,7.7385,-7.8456,0.9478,-4.3358,-5.5897,-1.9797,5.8916,5.7664,3.0229,-5.8698,-2.3599,-3.2674,5.7676,3.9579,8.8281,-1.2181,9.0973,7.8424,-5.3736,6.7866,-4.5812,-7.8568,-1.6121,-0.6063,-1.7908,-3.0287,2.0379,2.9941,4.5578,8.628,6.8736,-1.7883,-8.584,3.1067,-0.1217,-4.0093,-1.626,-8.9621,-4.6632,-5.7184,7.9169,-3.7917,-0.7683,-4.0918,2.3297,-9.1501,-5.2052,-2.0352,-6.6229,-1.1559,8.8526,-3.9685,2.1886,-0.9351,-8.2904,0.9612,-6.1857,-7.0514,3.2142,-5.5295,7.6615,0.3415,-4.5757,-5.381,5.6548,6.562,2.6718,-6.8893,-6.785,-8.1231,-2.8227,-8.9892,-1.2747,2.645,-5.2257,-6.3216,-2.6292,5.5868,-3.7665,-5.2435,-8.7382,0.1788,9.2142,-5.1335,-9.9462,-1.9688,-9.3905,5.9689,-5.7964,6.0186,-5.6568,-1.311,9.3852,3.383,-6.2724,7.2382,-4.6532,-2.0176,2.0693,5.7331,-0.3781,8.5234,-3.8288,-5.5887,-7.0969,-6.172,-6.9732,6.3031,3.0955,-4.7652,6.9764,-9.3438,-0.7831,-8.9307,9.2813,8.5371,-6.7004,8.8918,9.4404,9.121,2.8523,-8.7076,0.2166,-2.3336,-1.3198,2.5621,5.8363,3.9692,-0.9563,-7.0861,-1.5075,-5.7611,6.5515,4.8774,0.0136,3.5799,-5.5088,-5.6694,8.0398,9.1617
8.9672,9.3605,2.0167,1.8273,2.3459,7.3097,6.863,-8.4952,-6.9159,-2.2334,2.9298,8.7933,9.6105,9.6189,4.7747,5.0601,5.2418,1.2049,-0.7345,-0.5004,-7.3767,-1.562,-6.1664,-1.8826,0.1185,6.0552,-1.7261,5.0959,-5.8194,4.7417,3.5872,3.5566,7.7606,-5.2792,-4.9303,3.532,-3.1721,-7.0344,-6.5545,-7.6393,-2.0749,-5.8845,-1.557,-2.1889,-6.0992,-9.3284,-2.032,-9.7596,6.571,-3.4743,1.4809,0.1026,-2.5018,-9.2435,0.6709,-9.6154,-7.2747,6.7424,3.6572,5.0882,-7.8676,-9.0121,-8.5653,-5.9417,-2.5663,-4.7598,-1.8372,-4.4882,4.6674,-1.8013,2.7292,-2.6444,-7.4556,-2.8312,3.6548,7.8694,8.2204,7.5413,8.3845,-3.0268,4.5566,0.3816,-7.9076,-8.5553,-7.8392,1.0264,-1.7359,-0.8231,-7.6853,-9.4232,-7.2306,7.2137,7.6039,9.6877,1.0281,0.6795,-5.4757,-7.3719,8.1443,-5.516,-6.1587,9.1391,-3.9389,-6.5445,-0.7211,7.5413,-4.0798,9.4561,-0.2195,-7.026,9.5462,-7.7106,9.1603,3.6963,-1.1369,-1.4101,8.3378,-0.8816,2.688,5.7296,2.3793,8.4313,5.511,6.411,5.2804,-4.7416,-2.4389,6.697,-6.972,-7.8152,3.2599,9.6415,5.7369,-8.5525,-2.7854,0.5724,-7.9074,9.8214,-9.6278,2.3316,-6.338,9.1151,-0.7226,6.1667,-4.4439,-4.2331,1.409,-2.9618,5.0071,9.5309,2.2221,2.3324,1.6136,-0.0708,-4.0843,2.5485,1.9772,9.6638,2.0531,8.3904,0.6019,8.7845,2.7096,3.4692,-0.9968,8.9723,-4.7008,7.6478,-3.7957,1.2145,5.5073,0.7491,6.7615,7.9486,-6.7688,2.3049,-8.6639,6.0022,-5.8625,-6.3658,0.3783,-3.3892,-1.3525,8.0329,-8.7838,9.3432,-0.6399,-0.3922,-9.3471,-3.3715,5.1401,-1.0476,-1.302,-4.3776,7.2716,2.0104,6.3718,9.3243,-8.8673,-8.9421
-9.5449,-6.9636,5.8196,9.5806,-3.5116,0.2101,0.4329,7.0234,4.9164,-2.285,-1.7147,9.3195,8.5347,-1.2333,6.2601,-3.0927,-9.9489,1.0749,6.0741,-6.9846,5.145,-9.7723,-9.9618,-8.4388,5.6708,2.2391,-1.3609,-3.4113,0.4363,1.7904,1.6817,-3.563,-3.4402,8.9004,7.983,7.9905,8.1148,4.0399,6.2055,-8.7972,-0.4233,8.9092,-5.2475,-7.113,5.6166,-9.0221,9.1057,4.6738,-5.7097,8.9626,8.3369,8.7645,9.4505,-3.709,-6.9248,0.565,-4.2983,4.6427,9.7138,-0.4868,-5.1705,7.8733,0.107,1.4663,-8.9235,-9.9636,-0.6654,-2.7095,0.5304,1.2202,9.894,-0.0441,9.1775,-0.3056,-2.2357,-4.0037,4.1445,-1.7817,-6.7898,-5.3267,4.7273,-5.6992,9.6711,5.9102,8.4405,6.781,-5.6606,6.0984,7.8197,-9.1936,2.7796,9.7557,-4.4023,-4.263,8.6339,-0.6142,7.9659,-7.6423,-3.439,4.6959,4.1311,-1.6899,-9.0909,9.2811,-1.4893,-0.367,-7.0066,-8.7222,-4.2337,-0.4804,2.6005,-1.2568,-5.7634,7.4306,1.6811,2.8561,-4.9479,-7.9438,-3.2727,4.3241,9.4942,-0.2543,-1.1275,-8.2177,7.5479,-3.122,5.453,-6.0656,-2.3405,-6.8076,6.3545,0.7784,0.1271,-5.3319,-9.4675,-4.3344,6.8789,9.2678,-8.5505,7.7524,4.6622,4.9338,6.0539,0.8224,-3.9471,-7.3032,5.8296,-0.4659,7.4648,7.4911,-8.4562,-1.2864,-0.1182,-2.9559,-0.7545,7.7279,4.3227,-7.9082,-8.4466,-2.8862,5.396,-0.9834,9.7872,5.636,9.1624,3.584,-7.2202,-6.9359,9.5583,-6.0658,-2.3263,1.8749,8.8545,7.734,1.4071,7.7247,-5.1008,6.4172,1.3706,-8.1681,5.0797,2.8657,9.894,7.0331,-2.2563,-4.8244,2.3178,5.5342,-4.0744,7.8983,-0.1401,-1.9468,5.5659,-3.451,6.9058,3.8555,9.4362,-4.6459,-7.7845,8.2874
-8.5409,9.474,-6.0656,-6.0288,-2.1846,5.6433,6.3944,8.0069,-0.3104,5.8144,1.2206,-5.1038,6.7499,-1.5803,3.239,1.3876,1.1626,-7.4333,3.7632,-0.2322,-2.4668,-0.909,-8.8174,-6.6464,-3.3689,4.0908,2.1124,-9.0027,-5.3271,3.2345,-8.8305,-8.1076,9.7495,-3.0222,-2.5683,-2.2169,-9.0606,-1.3506,1.2967,-2.7775,7.0352,-0.9652,-5.8238,5.7036,9.5687,6.8069,8.47,5.4028,-6.918,2.3675,-2.0839,8.861,9.6421,2.0779,-5.3145,3.1539,-6.6564,4.7011,-7.8019,-3.308,-5.4041,8.1308,9.8343,6.3765,5.6076,-8.9463,-0.3106,6.0603,-2.6737,4.2937,4.7552,9.25,-0.2557,1.5823,-0.872,-4.8817,6.6676,7.7142,7.1586,-5.6818,1.6505,5.3417,-5.5967,2.0833,0.5829,3.8446,4.7699,1.598,-2.6298,6.246,-1.4143,-3.644,-5.773,3.5113,-6.9404,-4.7575,9.2625,-8.5518,5.8431,-3.912,-6.8374,5.4452,7.9199,-8.1045,-3.6397,-7.574,-0.937,1.1534,-5.5498,6.1534,-2.2992,0.3249,2.5863,2.374,0.3886,3.5681,1.3888,0.4381,-4.2431,2.8729,-8.0854,0.3312,1.3795,-8.0677,3.7114,-7.1888,-9.092,-8.9252,3.7884,5.64,-2.6335,-6.3882,-7.8006,0.4141,-8.4443,-0.324,-0.3595,5.8763,-7.8643,-8.7405,-8.8422,0.426,2.4293,-4.6262,-3.2686,-2.2972,4.4867,6.0156,-2.1695,5.7817,-1.7638,-1.2531,-8.6553,0.0842,-3.4122,5.1501,-7.5325,9.7362,9.7957,-0.035,7.4588,-5.4091,5.4391,7.824,-8.8592,3.2548,-0.024,4.2955,9.6367,-9.0636,4.5651,-3.9536,-5.7248,9.8794,-4.4564,9.0439,-2.3413,1.9033,-7.0187,8.6863,-2.8238,-5.7639,-6.7518,-9.5704,-9.2735,-9.8558,-0.578,6.2274,7.0952,6.016,7.9554,6.5593,2.5946,-9.048,0.9092,3.3075,-9.2129,7.1153,4.337,0.2408
-5.2132,-7.1908,5.6603,4.3361,5.8113,0.4675,-0.7315,-8.2921,-8.1974,9.8565,4.3328,6.5804,-2.6109,7.5469,3.9842,1.9772,2.6037,4.477,1.5777,3.8991,7.9169,-9.4218,3.4263,6.3685,7.1059,-8.8244,-4.6715,2.4698,-3.3968,8.1192,4.8557,6.3719,4.2333,-7.1107,4.8444,-3.901,-6.6612,1.0585,-8.9656,7.4255,-1.1471,5.9242,7.2005,4.1377,-9.6277,9.7541,3.0362,2.6345,6.5587,-8.6097,-7.7185,3.8862,-5.4361,1.3105,8.4455,7.7003,-4.3557,5.5669,-5.9972,-3.7115,5.3479,-7.7304,0.3269,1.6466,-7.2952,2.6968,-6.3809,4.7728,-6.0255,-0.5826,4.241,6.5721,-3.7052,2.2242,-9.526,-2.599,2.376,9.9076,-4.1147,-6.9764,5.2318,6.9601,-2.7176,3.481,3.8748,-6.4286,-9.7977,-1.7599,6.219,-2.8937,9.7496,5.2999,4.6652,7.005,-5.2027,1.7254,3.0803,-2.2613,-8.9046,-1.0442,-8.5566,2.3752,8.3018,-4.885,8.1936,-1.5493,-7.3265,-1.9352,4.9439,-7.6705,-1.0927,9.9835,-7.657,3.4469,9.734,-6.2681,-1.0783,0.3804,2.9142,-0.1945,-5.2432,2.6069,1.6795,3.5635,-6.5595,9.5444,-1.7431,-4.7096,2.3337,3.3263,6.5021,-3.2592,5.6936,4.5092,8.6955,-0.0752,-0.6546,4.7102,-3.4534,-1.2778,-1.5814,-9.6878,2.1269,0.6767,7.7158,0.7275,8.302,-5.2576,-8.0464,-7.41,9.0168,4.4641,-8.1896,-7.6602,-4.5703,5.6079,7.4475,6.9766,-5.1585,6.3493,5.9678,5.1723,2.8591,9.4446,4.4488,1.1274,2.3931,1.0844,-3.3145,-4.2212,-4.1724,1.2855,0.639,4.9262,-5.3833,0.8767,1.3173,-1.6576,9.6135,6.0246,7.5755,-3.953,-7.7202,-9.1445,2.7004,-4.0894,6.6217,-8.3761,-1.3084,0.3044,0.1027,-6.9794,-5.2307,-1.1366,-2.1026,5.4019,7.6844,9.0557,-7.9616,-9.9014
-8.3631,-7.9493,5.7729,-0.7469,-4.2284,6.8448,-5.7616,8.5004,8.7857,0.4273,4.5949,7.7668,-4.4094,-9.4531,8.5567,5.464,-4.4463,4.0451,-4.1784,-8.5117,-8.0911,6.5375,-7.916,-8.7361,-5.9477,8.3232,-0.4466,-9.5345,7.2213,-0.942,-0.183,8.6253,-3.064,-1.0871,8.3434,-1.04,-8.255,9.0051,5.3248,4.3754,0.5669,-3.4782,-2.365,-8.2115,-1.2724,-5.2146,-0.9072,-4.0313,1.994,7.9802,-5.3894,-1.2135,7.2616,7.9617,-1.6447,0.1625,-8.2357,-4.3827,7.681,7.6539,-5.1542,9.7684,1.3946,3.0059,-1.8169,8.7446,-1.3847,-6.5601,9.8244,-3.7035,-2.7342,9.5231,-1.1598,-6.7929,7.1388,4.5006,0.4705,-0.7165,0.8243,9.8424,7.0681,8.905,-9.2617,-8.5007,9.7267,-4.4906,9.6031,9.1176,-2.4943,-3.146,5.2694,-3.5477,-1.0077,2.3599,9.7319,5.6478,-0.9312,1.5509,-6.8764,9.0985,8.5983,-7.8077,9.4723,0.8654,-1.1399,-5.8398,-4.4982,3.312,-6.334,8.2729,-5.7986,1.1285,-8.3181,3.7627,3.9713,4.156,7.2332,-8.4272,-4.6551,-1.2957,5.231,7.5297,-5.5651,2.7743,7.8412,6.9695,7.761,-2.7372,4.3233,-1.6544,-2.2816,-3.2711,-2.2378,-3.2681,-1.5545,1.2072,8.8097,-3.7787,4.7612,-5.1179,-7.6108,-0.4575,6.3968,-9.7993,-0.374,5.7253,-9.1038,-9.404,-1.6831,5.0766,8.1328,-8.9072,-5.1343,-2.8973,-4.3568,6.1735,-0.3822,-6.3324,9.0528,-8.5003,0.9903,-7.0858,7.9136,3.6993,4.6527,8.2369,-3.4364,5.0663,9.761,-1.2754,-3.6576,-5.241,3.1078,5.9907,1.7648,-9.8531,7.2542,-0.2633,0.6135,2.4297,-1.6054,5.7397,-9.8246,4.6987,-4.8825,3.2835,-6.6746,2.4435,6.8073,-0.8396,-6.1124,2.534,-7.4203,0.8621,1.0703,-3.5438,8.3993,-3.1787,-7.0239,-9.0843
3.1324,-1.6289,7.4512,-7.779,-5.6742,3.9927,-7.4678,7.9279,-8.4221,9.6502,8.9459,2.9113,4.1545,6.4924,7.1114,5.505,-0.13,-1.5533,-7.6935,-3.3325,9.3693,6.4822,-9.2858,6.6145,4.6706,4.3042,-1.3791,2.1178,1.9131,1.6997,-3.9452,6.6659,1.9206,-3.3885,0.0398,2.2492,9.556,-0.8712,9.3881,0.9787,-2.8053,2.7789,-5.4249,2.5457,8.218,5.0203,-1.1399,8.8598,-9.6518,-1.4293,-6.0604,5.3451,7.1815,-1.9197,-0.3899,7.6626,2.7076,5.6336,0.2466,-2.1041,-3.587,-1.4977,6.2955,7.2682,-8.1753,8.1652,1.0275,2.5241,0.2287,5.4686,9.688,6.714,1.9775,3.3722,3.1255,3.3548,6.9042,-6.061,9.1888,-0.6505,4.1699,-1.1715,-1.6683,6.4592,9.6327,3.1966,1.9052,6.5073,-4.4403,-8.8221,5.419,8.3238,-2.3063,-4.759,-6.7215,3.4106,4.7309,1.4843,-4.7477,-9.9298,6.1978,8.7741,-1.432,-2.86,-2.1951,-8.3461,-4.2001,7.6041,6.1313,9.023,7.782,9.0249,2.9435,-1.0694,9.6395,1.7479,6.4635,-9.0086,-7.3463,-6.237,-1.0797,-6.2398,-3.1461,-6.1616,5.1852,9.4009,-7.9169,-9.8441,2.8453,-4.7955,-2.1035,8.9885,-0.4088,-6.3902,-4.7869,5.5446,-4.2985,6.0839,9.3025,-2.79,-9.4529,3.6916,1.0489,6.4787,-2.7843,-6.6355,-9.3013,-3.193,3.3156,-2.2201,9.4604,4.7948,-2.8575,-8.4428,-2.1455,-1.2263,9.2383,4.4644,-5.9195,4.8288,-6.9284,6.5359,-0.4453,4.7563,2.2764,2.1569,1.0498,2.5127,-7.4582,-0.0989,-9.6377,3.0629,-5.2906,-8.2997,5.3728,-3.7016,4.1482,-6.9671,-2.551,-5.606,6.9524,-1.3643,-7.4325,-4.5454,-1.1795,-3.2761,-0.382,-9.5362,-8.4727,6.0155,-0.759,7.6609,6.5747,-7.006,1.1784,6.3202,-2.3295,-4.1117,9.9501,-6.8779
-6.933,-1.8767,-4.347,-3.3816,-4.8942,1.9157,-6.6362,6.4805,-5.5818,-5.426,9.4337,-3.4389,0.1252,3.0195,-9.7347,6.2074,-6.6904,-7.6257,1.2792,6.0104,-1.5056,0.6076,-8.1772,1.9259,6.125,7.6847,5.6744,7.1002,0.6878,-7.2969,-0.5972,6.5784,-0.2135,-1.5557,6.875,-7.392,1.6016,2.8906,5.5825,8.6294,7.164,0.1485,7.8401,-9.2016,7.3476,9.6669,-0.9711,-8.1933,0.1589,5.4861,-7.6117,5.959,-2.2598,6.4479,-4.4918,-6.6442,-2.5834,9.0831,-5.4112,-3.9062,8.0093,9.9567,9.8827,1.7341,-7.1863,4.5518,-4.3197,8.2836,-7.7087,1.0807,-3.7652,-0.1547,-1.6713,4.9578,1.5416,-4.7384,2.6285,-5.9785,8.8217,-8.4184,4.8134,-6.707,5.6238,7.7843,7.8942,7.0521,6.8415,9.0188,5.7241,6.9369,6.6797,-9.5666,-9.7797,5.6567,-3.1959,5.7021,7.6248,-4.6063,-2.294,3.956,9.0419,-3.1105,8.3396,6.3735,8.4432,-9.3551,4.52,6.6749,-2.302,8.0283,3.1753,-1.7738,5.2231,1.4218,9.166,-5.2491,2.4142,-6.3609,1.0972,-2.4338,2.4976,8.4325,2.1517,4.4665,-8.1796,-5.1445,1.9556,-5.4381,-4.4773,-7.8539,7.4565,0.7309,-9.1361,8.4512,8.5558,6.6509,-3.299,5.1253,-7.4412,2.401,1.2067,-3.0532,-0.1588,6.733,6.76,-6.5351,-2.8804,-4.6061,3.2178,-5.3328,2.7948,-3.2357,3.621,7.2917,-7.9083,-8.1089,8.4882,-0.4855,-7.8161,-4.9405,-3.0717,0.6608,-8.8473,8.2413,2.3312,1.1044,0.1358,-8.6832,-4.3869,-1.3132,-5.2525,-9.8954,-7.8231,-8.452,9.2556,-5.3824,9.5887,6.2042,9.6423,-5.491,7.7883,-9.6405,-8.0104,3.2453,1.3679,-0.7292,1.8251,8.4077,-0.592,8.2265,1.031,-1.6977,3.7234,-5.9923,-4.502,-0.0716,4.2315,-1.7465,9.8738,-7.51
3.2953,-9.1238,-1.4094,5.4591,-0.2244,1.3466,1.4933,-5.5963,0.0166,-2.2602,6.6207,4.2617,7.3607,3.8779,4.8273,-8.7498,-5.2105,5.8644,1.3537,4.0,4.9632,8.9638,6.6103,4.5808,2.5093,1.0654,-2.5348,-1.981,7.5761,-6.3492,6.3419,-6.4702,-0.9294,-4.9849,-5.6398,-7.5994,8.5098,-4.0517,8.3336,-4.366,-0.0547,9.7452,5.7112,-7.7115,-4.1983,-5.8608,-5.3542,8.7635,7.7949,7.2246,-5.9391,-7.8706,9.8985,-2.4614,-1.1233,-2.464,8.5201,4.7815,9.5869,-0.7787,-8.6321,1.1042,-3.5861,-2.6804,5.5265,3.9498,-9.4511,-1.1794,-5.2366,-2.9593,-1.5829,5.3439,-9.3571,6.7261,-9.8612,0.78,9.1226,-9.4812,5.3625,1.538,-1.0346,4.0457,-8.9182,-5.3238,6.5259,-8.1176,7.9556,9.7191,8.6518,-3.2254,-2.5808,-3.9269,-5.3779,-5.5559,8.3562,3.8496,9.832,-0.4607,-3.9717,-4.4991,-6.8436,-0.3651,1.6615,3.4119,3.0572,0.6066,-9.311,6.477,1.8265,-3.3914,1.2324,3.5352,8.3902,-1.4817,1.5616,-4.2854,-0.0863,9.7595,-4.8758,-9.3453,1.1461,7.744,0.383,8.9284,-9.8628,-4.7421,5.0079,0.1764,2.5467,6.7872,-8.2885,-9.2716,6.5882,2.5493,6.6661,1.6033,-8.9309,6.1162,4.6886,0.7615,-6.8729,-3.3396,6.0592,8.6898,-2.7205,-6.8556,2.249,0.4563,-0.2482,-3.081,3.6868,2.7049,-8.2514,-4.2086,-2.7107,0.9879,5.9306,-2.4226,8.4091,-5.9387,8.229,6.7449,-8.3307,-3.8593,-4.1996,3.44,5.1191,-2.5721,-4.5366,-2.2565,-8.5449,7.6606,-9.7462,-9.0226,3.8821,-8.195,-1.8026,4.6051,-3.5921,6.0656,4.4643,-1.9181,-9.6576,2.8797,-7.3895,1.0912,7.0912,-6.2639,9.988,-8.8284,1.3367,5.471,0.8966,4.6125,1.9724,1.0248,8.2152,7.374,-5.3249,-9.9187
1.577,-2.1395,-1.8772,-0.4678,7.9744,6.1714,0.9431,-1.364,-6.342,-4.7902,-6.5268,-0.2293,-2.7388,3.4497,-8.2495,-1.2226,-8.9501,-5.8246,7.3801,-8.2167,-2.0411,2.3523,-7.7071,8.4518,8.9865,-7.6294,-1.2655,6.4077,0.9116,-5.1422,-8.7924,8.5534,8.6396,-8.0932,9.4847,-7.407,-3.3011,-9.888,-1.7981,-8.8397,-9.5583,9.7628,4.6014,-6.5738,-8.5916,6.3174,8.4124,9.6726,-0.6135,4.6323,-9.1212,-1.9338,9.3527,-3.5156,-0.5326,3.5323,-2.4593,-6.7233,6.2625,-5.9302,-8.4973,-2.6987,6.4991,-7.5144,2.1969,-6.5058,-3.9132,5.1119,-0.989,-5.9697,8.845,2.4737,-2.7408,-3.3446,4.1147,-9.9586,-5.6236,-1.6636,-5.8955,9.9246,6.848,9.4233,7.9438,-6.9541,8.3467,-9.9364,1.2197,8.8058,-5.8787,5.295,2.6956,-0.8335,-4.5075,-2.7511,8.8496,0.5932,-6.9452,4.2943,7.2552,7.3736,-6.2981,-5.6986,5.4876,4.4926,-5.2017,-1.897,-0.8617,-6.2834,6.1693,7.1388,-8.7537,8.2297,2.7234,5.9784,-3.885,3.175,5.1462,8.9798,7.3753,-2.7806,7.4275,8.134,4.3715,9.3068,8.4077,2.1009,8.0236,-7.562,-7.4791,8.3872,-7.7287,7.1684,-3.6133,1.1797,0.4876,-7.2367,8.3045,4.1533,1.5378,1.031,-1.5462,-3.2104,-5.5922,0.4645,-8.1544,-0.8064,-0.4343,-2.0737,-9.1587,-2.3624,-0.5507,5.0908,-6.0513,-8.45,6.9937,-7.099,-1.053,5.1485,-0.6829,-2.8624,1.8144,1.1684,0.0581,-3.9782,4.5528,-4.8088,2.1976,0.5611,-9.3861,-6.0094,-2.9672,-9.6884,9.3049,3.166,5.5435,6.3668,8.3491,-5.2238,-5.0306,-4.5008,9.382,5.1765,-6.9944,2.6629,-9.577,4.9818,0.6181,0.0403,8.9576,3.029,-7.6272,-1.5653,-9.6797,-8.6546,-5.281,2.0118,5.5449,9.1916,4.458,0.2657
5.129,6.8501,7.3131,-7.4868,-7.2024,1.1499,5.5976,9.4804,8.4428,-7.6431,-9.4945,-1.4864,-6.7638,-3.0955,5.95,-9.8705,-3.493,-0.4269,-5.5566,-6.1034,-6.8996,7.766,-8.0151,-2.804,8.1803,-1.1385,-4.5074,3.8351,-5.4507,-6.6894,9.1072,-5.5714,9.6047,7.4163,-6.3687,-9.2731,-4.1561,1.8638,-1.9073,-8.7818,-1.6529,-8.2791,0.1325,1.8505,-2.0681,-3.2888,-7.2834,-8.6077,-4.4197,8.9773,-0.4089,-1.2512,9.9514,-0.5971,4.7605,-3.5099,8.988,7.9979,-9.1208,-8.3556,2.606,3.0685,8.3836,6.5273,-5.9692,-4.3495,-4.9093,-8.8326,2.3443,8.8981,5.5085,-4.3661,1.5894,-0.6255,2.3253,0.3773,-2.8873,-0.287,2.8533,-1.2914,-3.0225,6.6508,-7.6778,-3.0208,-2.4547,6.7603,0.5286,0.7523,-9.1063,-1.1835,0.8395,5.0956,2.1507,-2.5477,2.8273,-8.2229,0.7618,-7.2521,8.1768,1.0878,-0.4774,5.3504,-0.2218,4.1455,-6.583,-2.1838,-2.5619,7.4863,0.1405,-1.3961,-8.2636,-3.1218,7.3405,-7.8698,1.8686,8.3767,-8.205,-1.7746,4.7586,-0.9205,6.9514,-0.0324,8.8603,4.6488,2.6819,-0.0939,6.3018,-5.2782,-7.5168,9.5966,5.1343,-8.9713,2.8681,-1.588,2.3989,6.4824,8.2846,-8.0385,3.1416,9.7191,5.2372,-9.2913,2.0888,4.4735,-3.5478,-2.0374,3.6571,-9.7673,-7.801,8.6457,-2.951,5.143,3.6217,5.2744,6.2332,-1.6132,1.6645,9.8862,-4.1909,-9.028,-8.0005,-8.5858,-8.597,-4.9357,0.0007,-7.7992,-6.4553,2.5888,3.4461,-4.2464,2.0003,9.6041,6.8633,-3.3198,2.0776,-5.3736,-7.276,6.872,-2.2298,-8.4162,9.0761,-8.0878,6.3564,7.6523,-6.8881,-3.3521,-6.8648,8.063,-7.3714,0.6591,-7.575,0.4375,8.2317,2.3718,3.4042,4.8403,0.3075,8.7169,-6.1394,1.4473
-2.5919,9.858,-7.835,0.8707,3.9177,-7.6287,1.1274,-9.6715,9.9982,-4.8495,-0.9913,5.5793,0.2734,8.1881,1.4132,-4.0054,9.9302,0.345,-1.3394,1.2018,-0.089,4.7136,5.7922,-8.6121,-3.7163,-2.7203,4.4397,6.9919,-0.9417,-6.5434,-0.845,-8.7428,-5.3617,3.231,0.5456,5.5645,-2.6421,0.3609,9.4644,2.6735,1.7154,-0.897,6.27,-8.4638,1.2151,5.9816,8.8758,-4.8269,4.7019,3.6774,5.6859,-4.7246,3.4469,2.2903,-7.6192,-6.4239,2.8539,2.9934,3.6458,-4.1871,-4.4851,3.9265,8.8201,-7.7116,-3.3464,-4.9074,-5.7287,4.333,-1.3922,-9.2244,0.5094,-3.7637,-6.4919,0.877,9.8554,-8.9897,-8.5397,9.8636,-2.3632,8.9189,7.3463,-0.3416,-8.3271,1.1479,-4.1914,-4.4874,7.462,-7.8362,-1.5462,9.3556,-1.4453,-5.3703,-8.5403,5.3795,-3.0136,-9.021,-0.0484,-8.1014,-9.1138,-0.0265,9.1348,3.5797,1.022,8.8005,4.0141,2.7985,-7.584,3.4946,5.0882,-8.85,4.3294,-5.6755,9.2415,-3.0022,-7.9887,-1.775,-9.0063,-5.2515,-7.4251,-1.4282,4.0158,-4.3601,6.826,3.0953,4.7021,-3.4271,4.6624,-9.5897,-8.8511,7.2222,-2.6492,5.2882,-8.7821,-9.2507,1.5754,-8.3807,-9.2607,-6.7608,8.4698,5.2614,-6.2186,-1.4645,-6.705,2.5972,0.888,3.7538,8.6742,-4.5951,2.5655,-3.3908,-9.1371,1.9669,-2.5238,-6.9827,-9.1935,3.8411,-6.9535,6.8224,8.1925,6.312,-8.466,7.6181,-0.054,1.9165,5.5048,-2.2316,5.1166,-3.4156,-7.1993,6.0035,2.4988,0.2122,-0.6641,-1.2027,7.8435,-0.9096,8.6843,0.0833,-7.1815,-5.5122,0.0409,7.4443,7.8306,-4.1975,4.9984,-9.2981,7.7648,2.6722,7.3284,-6.502,-0.2025,7.3733,0.9322,-6.5789,-2.0782,-7.267,7.8881,-1.5449,-7.3256,6.7857
-4.4574,-6.6014,8.4997,-6.7456,8.9658,9.9727,-6.7623,-8.7603,-2.1122,8.2108,-4.3762,-8.6238,-7.7116,0.5563,8.2462,6.26,-2.764,1.7023,-2.4363,-9.6255,-5.5809,-8.1162,-5.7417,-3.6338,0.2437,0.1386,5.5103,6.0815,3.43,8.6953,7.4726,-1.8244,-4.0543,6.5017,-3.2449,5.7024,-4.6821,3.4673,6.7438,1.4281,-1.7901,8.4832,5.652,5.0725,8.9628,-3.8949,2.6664,-3.1392,-3.6407,-6.3259,-3.2307,1.8718,-1.9786,3.8436,-0.5099,-4.1862,-6.7817,-7.5821,-1.5032,9.1991,-9.2017,0.4282,1.8155,0.9991,-3.6977,3.6985,-5.3361,2.6244,-6.0032,-7.4054,-0.0476,-9.5694,-3.6723,-3.7496,-2.105,0.4383,-8.2696,-1.4285,2.3806,8.7001,1.7807,0.1049,-9.0548,-5.465,3.8397,-7.5046,-6.8393,5.8011,6.2317,-6.5164,0.1051,-7.5044,-6.2097,-1.7209,4.1445,-4.209,-6.7136,-1.8103,6.7354,-5.5742,-2.9233,6.918,1.5618,-6.2067,4.1215,-5.9832,3.6611,5.4097,-2.9032,-4.4186,-8.2699,8.8956,9.0485,1.5346,-2.3811,-8.7251,-5.7323,2.419,6.1845,9.8636,8.5793,-3.5324,-1.2636,-5.0535,2.9784,7.6568,-0.1297,-3.84,1.1382,1.8781,9.9711,-8.6616,-1.3856,-0.4425,0.381,-7.0982,-9.4532,6.706,-6.5569,5.7408,-3.5507,6.544,9.511,7.8729,5.4196,0.0866,5.8413,-8.0998,9.1463,-4.7983,-1.6093,-3.1974,4.9193,2.985,-2.1879,5.1732,3.143,7.7129,-4.2595,1.4126,-0.2397,-6.2281,-8.2957,-3.3972,-5.6776,5.3975,4.1506,-6.3534,-2.8802,-7.7022,1.3171,7.1286,-6.165,-1.3206,-5.3413,8.0517,2.854,6.642,-9.8047,4.2953,2.1494,-4.3286,-7.3051,-5.5178,-3.3637,2.6869,-1.0049,-4.8182,-2.3496,-7.0394,-5.4745,-6.9461,6.755,7.6621,8.4314,-6.0855,-4.6321,-5.8477,-9.8633,-8.5966
8.3204,4.1437,5.0721,9.627,5.8544,-8.1427,0.8122,5.5234,-6.4183,-6.7213,-2.3675,1.3914,3.1128,0.7322,8.12,0.809,2.7832,-0.8413,5.3376,1.379,-7.3376,9.7893,-9.4104,8.519,-6.9981,5.9583,7.6081,-3.2995,-6.2784,-5.289,-9.8215,2.6098,8.6662,4.9916,-3.817,8.9734,-6.152,-3.6676,0.0989,-2.8338,1.0652,-1.8414,6.5465,2.2403,-8.4328,-8.7548,5.3582,8.7253,4.7124,-8.2796,-7.2475,-4.5587,2.4109,-5.7672,6.5053,-1.7587,-0.0298,-1.5419,-1.7078,-3.8431,6.2805,-2.0542,5.1764,6.5453,7.5662,5.2601,5.0759,-1.234,1.7961,0.4755,4.3954,-4.1022,0.6847,-6.8775,-1.1419,3.2133,9.5888,8.2424,-6.5674,3.3401,-7.763,3.8358,7.8787,5.3714,-8.0177,7.6536,-7.6996,-8.8588,-5.906,0.1533,-5.2141,-6.5725,-9.8881,1.0785,5.9704,9.5986,-2.395,5.9887,5.0115,-4.7373,1.3301,9.1677,2.0656,3.0274,7.99,7.0671,9.0257,5.6508,-4.4203,-5.3766,9.0029,-4.8193,-0.2599,-5.8471,-6.165,-4.0313,1.0099,-7.1505,4.9746,1.6644,0.9927,-5.2778,6.775,-2.4827,-3.0861,4.998,-0.9728,-8.0804,0.0426,3.236,-4.3395,-1.9222,0.9177,6.6879,1.227,-2.7676,9.3825,-2.3726,1.591,7.4885,-3.9828,-7.2634,-6.1315,-6.3071,-4.7866,-6.9584,3.4305,6.6828,-3.284,-8.9477,-7.2461,-1.39,0.3476,7.298,-3.9565,-8.1285,-7.9709,-6.5115,2.5531,4.6517,-6.1932,8.6257,6.3231,-8.3458,-2.0741,4.1043,8.9138,9.9748,-7.2841,4.5482,-5.9771,-5.8328,-6.1411,2.6173,3.4357,-6.7967,9.4093,3.2927,0.6949,-4.8347,-7.9664,8.0771,7.27,1.1533,-2.3152,-6.8293,7.718,4.5842,-5.7277,6.434,-8.2537,-7.2317,-3.2261,-3.5495,-9.3246,-2.3785,-0.4033,2.6329,-8.4909,3.6748
-2.9807,-8.659,7.5497,8.3536,-3.6036,-4.6123,-4.972,1.9201,-3.0483,3.9929,-9.176,-8.5685,-4.5565,1.4737,5.9847,-1.7772,-8.0878,5.907,8.1773,-0.5586,-7.6185,9.4579,6.2458,2.4612,-6.4254,4.8693,-5.851,9.9728,-4.0527,-0.9236,0.6019,-9.6693,-2.3605,7.8939,-3.8501,-7.3326,1.9883,5.4865,6.6768,-7.7637,-0.258,-2.2286,1.0846,-5.6243,3.1726,-0.6877,8.9011,-0.4133,3.496,-3.9149,-3.4062,9.8325,6.8467,-5.7642,7.5855,7.8395,-0.7718,-4.599,8.7739,-6.8074,3.1994,1.2424,-7.3698,5.3993,5.9605,0.8625,1.4093,7.3308,-7.9114,5.4671,-4.3186,-7.8885,-8.8483,-6.0251,-9.8656,8.2495,-4.1489,-9.4686,-6.121,9.5035,-9.4555,-6.6719,-0.2419,-9.7762,1.5926,-3.1967,8.8079,5.7849,4.1873,-3.5796,-3.5243,-8.5833,-9.8869,4.0597,2.4482,-5.2206,5.1533,-8.7128,-1.619,-1.352,-3.7118,9.9696,7.8088,-3.5676,9.0553,-2.4205,0.8619,8.4911,5.0153,-4.5312,-6.4108,3.0311,-2.1547,2.2843,-0.0233,3.639,5.1839,9.628,-4.4926,0.0633,3.8636,4.0398,-2.3569,6.0907,-0.8061,2.7049,3.0334,2.0034,4.3746,3.8342,-2.1271,9.6847,8.0456,7.6235,-2.0452,-2.2618,-6.687,-0.2211,9.3894,-0.5709,-9.4409,8.6244,-4.9965,-4.4281,4.5882,-7.1498,2.6205,-7.8017,-5.227,9.1352,2.9172,6.399,-3.7776,3.6736,0.5985,-7.5061,7.6839,-5.9026,3.494,4.893,8.1085,9.6205,-5.07,7.693,3.9706,4.389,8.4583,-8.884,-0.9929,7.948,4.6504,7.7725,4.6424,-7.3958,4.2934,-6.7195,-5.7168,-6.568,-5.5904,4.3255,3.6989,3.2793,9.8755,-5.5945,1.5115,-9.4905,-1.7017,-4.4228,-9.9541,3.0087,0.2825,-2.404,-9.396,9.2207,4.2847,3.6009,7.0088,-3.6566,-5.1132,-8.2288
-5.0335,-1.5144,3.7851,-7.9323,-7.7798,-3.9301,-0.0183,2.1433,0.4176,-0.7232,-5.6938,0.1079,-7.993,6.3922,-7.8782,-9.9109,8.9929,3.0613,7.5017,-4.3887,8.7793,-8.7743,3.0705,-3.2797,-5.7226,-0.4637,-4.8387,8.496,1.1489,4.81,-1.0589,5.3666,-3.6807,6.6038,-6.8434,-2.8084,1.4864,-0.4899,0.9034,0.6851,-9.0447,0.2039,5.7807,9.1689,1.6017,-8.5992,0.3807,-3.028,4.0684,-3.4151,8.9094,4.2286,-2.1491,6.0566,5.9651,-5.7141,7.4394,6.0507,-7.7689,-5.2993,-4.6022,-9.4901,5.5889,-2.2926,1.1377,-7.9601,9.11,-1.1176,-3.837,-5.8519,-4.2513,3.4274,-0.4912,-2.263,1.5942,-2.603,-0.7641,-3.669,6.8848,7.7054,-6.7364,0.2781,-0.8244,-5.1925,4.9425,-4.929,-2.7967,-5.7965,5.935,8.7404,-5.9538,9.4899,8.2909,3.203,-3.9238,-3.4184,-9.7177,0.6977,-1.3606,8.4519,9.7821,-3.5834,-6.9424,-7.4774,-8.7102,6.2015,4.4137,4.0878,-8.387,-1.8118,3.2943,7.1241,7.8447,-4.4165,0.652,1.074,0.3161,-6.2982,2.9796,2.2098,1.3723,-9.9508,4.6283,-0.8323,-8.9655,-8.8131,-8.7387,-9.0468,-2.7234,1.1081,8.8757,5.4107,9.5537,-9.0697,-7.2247,9.8649,-6.6952,4.7957,-8.2271,1.5707,1.5035,-5.431,5.7098,4.6129,-8.3775,1.9649,-0.0458,-5.9939,-9.2102,4.3632,-9.0345,-9.3331,9.9925,-9.7107,4.3967,-0.5275,-4.0178,-6.0756,4.1259,9.5192,-4.1399,4.4971,8.7068,0.8773,-9.7168,-2.264,-2.6851,-7.3773,2.7774,9.669,9.4264,6.7375,0.5482,-9.2836,2.5609,-6.9562,4.8542,-0.8345,-6.6848,-4.2665,9.5687,-8.1259,-7.113,3.9986,5.5287,-8.03,-7.0421,-5.7879,-2.1231,-7.1649,-1.0752,-0.4409,-4.653,-2.7262,4.4627,-7.9722,-0.6155,-6.9623,-1.9965,-1.668
-3.373,6.8024,-6.5882,-1.3095,-1.3256,3.0687,-0.8634,2.5165,-2.6584,9.7718,8.655,3.8716,9.1886,4.9401,-6.6267,0.9574,-8.3598,3.8742,3.9901,6.2383,3.6555,-0.6914,5.6894,4.9942,1.2766,-8.4211,7.0798,8.9394,9.6723,5.8655,2.6343,-0.1684,-9.3094,-4.4912,6.8176,0.0528,-2.2209,3.1176,-6.1753,1.9433,4.5693,-7.9664,0.242,-5.6003,8.593,-9.0291,2.1106,-0.2421,5.0553,3.4077,-5.9344,6.3027,5.0999,-6.5433,-8.6912,1.0418,-5.9091,2.2133,-7.4764,-9.2136,7.3157,8.7019,-5.9614,3.5289,-2.0635,-0.1635,5.6686,4.638,0.6497,-3.086,-6.334,4.4322,-6.1036,5.8765,6.8597,9.2816,-6.5669,-4.942,5.0617,3.4224,-8.0349,-8.5125,-9.5405,4.6489,-4.17,0.1568,5.8665,-7.6597,-6.4765,-2.8103,-7.5207,-9.9173,-9.0479,-3.7572,4.3385,-4.696,-0.443,5.6136,1.9584,-2.5652,-6.1277,-0.8713,2.1678,-5.1685,4.955,-9.7618,3.1681,-2.8414,-9.0772,9.8671,-7.7058,-9.0429,4.4123,-6.271,-6.7871,8.2546,-3.0412,-8.1168,2.2468,-6.7993,-3.6234,-2.4048,-7.464,6.2655,-5.6643,1.2853,-0.7196,2.4973,-0.8963,-3.7906,1.4757,-9.1692,-4.5706,-2.3523,-8.211,-5.7196,5.8896,9.1249,8.1913,-3.0475,8.592,-6.0353,8.7542,-8.8436,8.784,9.36,3.1388,-3.7249,3.7637,-9.7369,7.655,0.6394,-5.5059,-4.5091,-6.5757,2.0491,3.5887,-8.9289,6.3639,2.8928,-8.6031,1.2897,-9.558,5.1513,9.1024,7.8351,1.6497,-1.0079,1.3212,7.1329,1.4214,7.9743,5.4913,-1.3281,3.3569,1.57,-4.6361,1.1952,-0.6788,4.552,-9.4383,-1.3308,6.6328,-1.4283,7.8835,9.8619,2.8671,-1.9857,-8.1175,-5.2281,2.5941,-1.1868,5.9285,-7.7679,-0.7277,-7.3317,4.591,8.1657,-5.4432,-2.8646
1.8682,-0.613,1.153,2.9887,-5.7132,8.0391,4.6163,-6.9904,-9.8669,-6.0039,5.3958,-0.3123,5.5827,-5.5779,-0.6335,2.5065,-9.8778,-5.5003,-8.2803,9.036,-4.0598,7.3332,7.5725,-5.858,-5.7524,2.2922,0.4142,5.5244,8.8226,3.8082,-7.3329,5.3708,-1.6574,-2.5528,9.3244,1.7131,-9.419,-6.7633,1.6448,-8.8316,-7.2794,4.6844,-5.6594,-9.5363,5.913,9.7439,-6.3151,-6.7406,-0.1997,-5.8071,-7.9266,0.2794,-3.4239,-5.0826,-6.4432,0.5543,-4.1619,-7.7071,-1.7646,7.8794,1.2622,6.0473,0.0876,-4.0718,-8.436,-0.5744,2.8886,6.1954,-1.4141,-3.0656,-2.0686,0.6161,8.2451,-3.0628,-0.7435,2.05,-3.1037,-8.5184,4.4526,-5.1076,-0.5191,4.0697,-8.0371,4.8679,3.6923,-6.9301,-1.6947,-9.1051,-0.2803,0.6368,-3.8422,-1.0874,6.3288,-8.8185,3.2949,6.1344,-6.3329,-4.3121,-8.9498,6.4153,-6.9593,7.5752,-5.7964,8.1001,0.5431,-7.9731,2.9294,-3.966,1.6535,-8.7345,4.411,0.9756,-4.114,8.4648,-2.4593,-7.2141,-6.9714,7.3295,-2.0841,-6.908,-0.3341,-9.0538,-8.5533,2.7618,-9.5397,6.7656,-1.6706,7.1359,-3.4085,2.8815,-2.8952,-5.7134,5.3093,-1.6701,5.9514,-5.1166,6.8204,-1.809,2.3378,0.0491,-2.4952,7.0466,-6.0781,5.0957,-4.4281,-3.7465,4.9625,4.2523,-5.244,-8.1884,-4.5957,3.9194,-2.4003,-8.7149,1.5976,-9.1763,-9.1657,0.0697,7.1758,-4.3599,-5.4665,-0.4027,1.8601,-4.4922,3.4949,2.147,8.2272,-9.5309,-9.8792,1.6262,-3.1503,3.512,-1.3821,5.3922,-3.4095,5.4672,3.549,9.3774,-9.5638,-6.1575,3.2536,-7.5523,-3.1233,1.5098,-5.482,-2.7244,4.896,7.4002,5.1448,5.7331,3.5813,2.4674,-3.9282,-3.3657,8.1781,-8.9287,-5.9815,-6.7895,-3.865,-9.4792
3.3867,-4.9934,7.3159,1.8634,-7.5803,-9.3004,7.338,-1.207,3.2337,8.4029,-9.8738,-8.0536,-7.4344,-5.6391,4.3598,9.0098,3.8947,1.483,-3.3668,-1.3648,-5.7107,0.0407,5.4244,9.3228,-9.5947,9.7286,8.0605,-4.574,8.8322,6.4414,7.9682,-9.272,3.4224,-7.2813,-9.5297,-1.9468,8.5959,-5.6958,-4.276,9.3153,-2.4152,7.7472,7.3241,-4.4768,2.375,-5.5117,6.748,1.1569,6.5682,3.1936,2.5118,3.143,8.9184,7.3023,-7.4451,2.135,2.3607,9.5211,0.9637,6.8521,3.5126,-6.6663,-2.6155,6.69,5.8937,2.7504,8.0547,7.3654,7.9631,-2.6745,-6.9292,-2.8999,-7.4317,-3.6777,-6.751,5.4497,2.0423,0.6494,-2.2029,-8.1654,7.1156,-4.2097,4.8042,-8.826,-2.3533,0.624,-8.3742,-7.8636,8.421,5.7448,9.5237,9.0996,-3.4893,-1.8086,-2.1576,5.9651,-0.5243,8.9483,-0.5281,9.11,0.1963,-9.7597,4.5487,7.714,-5.7137,7.5632,2.784,-4.5355,-1.86,8.1831,-1.3853,9.6649,1.2334,-0.3903,-2.1627,-0.7736,2.1017,-0.4742,1.5447,4.644,7.8154,-7.3898,-3.3978,-5.5458,7.5394,1.2545,-6.7283,-3.2159,1.8704,3.4001,5.8729,-0.0791,8.028,5.0406,6.8283,-4.8351,6.5064,4.1761,-5.434,0.8053,-0.5483,-9.9693,-1.8876,-3.22,-6.944,-6.0301,2.7066,-0.7968,3.8052,-8.0318,5.8961,6.454,-9.5964,0.1675,-5.1041,-3.632,5.99,-7.0359,-9.3557,7.2949,-9.4893,-8.8475,-2.7716,-4.5055,2.16,4.3008,2.2695,-9.9976,-9.3309,-2.3075,7.8694,6.175,8.2017,2.026,-3.4119,6.7879,0.5664,8.7422,-5.8565,-3.4786,3.8604,9.9146,6.1655,9.7307,-8.4023,8.4748,7.5051,-6.1303,-7.8975,1.3638,3.051,-0.4053,0.1256,8.3304,-0.2224,-8.1214,9.6433,9.8134,-6.9572,9.4003
-8.9486,-9.8239,2.978,1.1495,-2.5622,0.1448,4.9259,7.816,0.1252,-6.3864,-8.3144,6.2392,-5.8648,-2.0773,6.5339,5.1902,-7.3525,3.6217,8.4155,2.9953,-8.1384,-6.7453,-1.6031,5.7059,-2.2017,-1.6752,-4.7563,-2.9589,-7.7012,3.432,-0.0736,-7.518,9.9163,-6.6862,-6.0364,2.083,-4.179,1.8938,-6.0577,5.3697,-1.0503,-5.7497,9.4953,-5.6992,5.6669,-3.9654,-2.3436,5.4618,3.4661,-7.548,-7.8674,-1.5661,-8.6053,-1.0747,4.7134,9.2155,5.2587,-0.0945,-7.469,5.8935,-6.8072,-6.8039,8.6975,8.3598,-6.6878,-2.1112,-0.0284,-6.8365,2.838,-1.131,2.8725,5.5773,-0.9543,-2.4599,-1.7971,4.9329,8.7516,-9.2751,9.4959,2.6298,-3.7437,-2.8704,-1.8582,-4.9303,9.7198,-5.0503,8.9365,-9.2485,7.943,-3.313,-8.1806,4.7688,-1.5291,-2.7909,-7.6194,-0.9339,-4.9023,-1.1469,-3.8922,6.7482,3.4772,6.0374,9.8688,-5.758,-7.6247,-8.9848,2.7485,4.4004,-1.5318,-0.8239,-5.1539,7.4561,8.1001,5.2711,-0.6831,-6.9459,6.1075,3.4001,5.2131,-4.2445,2.5389,0.1196,-3.2006,-0.9769,-2.7821,8.9601,2.2866,-6.0722,-6.1022,8.269,0.6508,3.9364,1.6436,6.9179,-9.475,-2.1691,-8.4768,-9.0242,-0.5271,-0.2304,-6.7358,-6.8408,8.1919,-9.3864,1.1237,3.4114,0.9439,9.6007,-5.9607,-7.9472,4.7036,-4.9123,-5.2691,9.1787,2.9898,5.1444,-3.739,-6.1366,-4.0753,1.8999,8.8482,5.0194,6.3832,-2.7481,-9.8156,-4.3106,-0.9566,-9.1517,-1.2227,5.6665,9.0135,5.8993,-6.9085,2.9162,6.7643,-2.8881,-3.7134,-0.7527,-5.9144,-0.2482,-1.9267,-5.0239,-3.6094,2.1995,1.2371,5.8889,-1.1041,4.3464,-3.4117,-2.2399,7.0408,-1.8219,-6.5447,6.2327,5.4742,9.1785,1.6077,9.6643,-1.953,1.8324
5.1171,-9.9426,8.4011,-3.2547,3.3469,-2.7998,5.1729,7.6764,-3.9342,-9.645,4.2066,8.6648,-8.9807,-1.2571,9.699,-3.2152,0.676,-5.0005,5.1837,-7.2902,3.8226,4.4696,7.0647,5.2597,-8.7657,-0.4395,-4.6982,4.4758,6.4412,-9.4702,-2.8525,-7.1222,-2.8203,-2.2517,7.8405,1.9169,-2.8951,3.388,9.8252,2.6467,-3.2785,0.9693,-2.2788,-9.0448,-4.0965,3.2633,5.0082,3.5823,-3.0565,6.5833,-4.8969,-9.1438,-7.8354,-1.6907,-6.641,-8.1667,-6.6101,-3.1195,7.974,9.7553,0.6628,1.9643,9.3381,1.2658,-1.4014,9.0413,7.8725,7.279,1.6255,-9.8132,6.0356,7.2586,9.1781,7.4168,-7.2152,-0.0587,1.736,4.1228,0.8318,-6.2228,-5.5059,-3.4831,5.1636,1.9419,-3.694,6.7924,-9.4245,-8.5661,-0.5778,7.2771,-6.6105,-9.2297,7.8912,-0.987,7.0736,-9.2979,6.6579,-5.5315,-9.0143,4.8882,-2.6165,2.217,1.5408,9.5044,-4.4881,4.1923,5.7707,-7.8583,-7.8063,5.3591,7.638,-6.2533,0.6856,-9.1967,2.556,-7.269,4.2064,4.9146,0.192,-8.3654,-3.7354,-7.2693,5.4603,-2.0032,4.3476,-6.672,2.6236,-3.8883,-5.1064,9.3118,-0.9931,1.5763,3.0845,-9.4075,-8.0065,-4.2004,1.8796,-8.663,-2.0307,-8.5751,-7.549,-5.1641,6.1636,-6.1426,9.6152,0.7452,-3.1539,7.3451,-8.5466,-1.7012,5.346,-4.9727,-7.2318,5.1574,-4.1151,4.6682,4.5969,1.1013,-8.0168,-4.3672,-4.037,9.3034,8.4761,8.3411,6.3257,0.5131,-2.9103,3.9755,9.2789,4.4596,2.7182,-0.6195,-2.7368,-2.4641,7.2005,6.6343,0.721,-2.5968,-9.9488,-8.3746,-2.992,8.3811,-2.9593,-5.5547,7.0883,-1.7301,3.9229,8.8827,3.3717,-1.8824,8.7151,-9.5677,-7.144,9.8554,-2.9616,3.8286,4.3351,-5.7506,-5.5145,3.1516
-6.6738,-7.5254,1.9945,-4.6592,7.6715,-1.3759,1.0734,8.0804,6.9554,2.3996,4.4012,0.7492,2.993,-8.1137,3.4439,-8.8412,-8.4292,-6.4868,2.3813,4.0551,8.1774,-7.8218,-1.9465,4.4034,-5.6672,-6.7568,6.2553,-0.0295,-0.4901,-7.7685,3.8502,1.1299,-7.0518,0.9699,-2.9135,9.8082,4.8757,-1.5394,-6.5792,-2.0015,-9.9321,1.9569,5.1966,-2.6441,7.6474,-8.1486,-1.7617,1.1152,1.7272,0.9883,-9.55,-0.7756,-4.3143,5.7796,0.8286,-5.8473,1.2005,-3.8572,4.939,-7.8439,0.245,5.9098,-0.9181,-7.423,-6.9371,0.9673,-4.9695,-0.8166,2.8558,6.084,2.973,-6.9297,-0.335,-5.2161,-3.7221,1.6318,5.8236,-5.2265,-0.0493,5.7238,-0.146,2.508,7.8999,-5.9495,-1.3985,-4.0082,-8.4587,-1.0096,-1.3374,-9.0286,-3.4244,-4.4767,-5.9833,-5.2063,-1.4513,-2.5929,7.0186,5.3542,-1.1941,0.5073,6.8919,-6.6868,-5.7984,2.9306,-3.2837,6.1273,-7.7896,-4.1766,-9.919,2.821,5.267,-7.1597,1.0812,6.1808,-5.2248,-4.5388,4.49,-6.1308,-1.9097,-9.6371,8.8493,-9.4062,0.3088,-6.1584,-9.0109,3.538,8.8233,4.9974,8.3138,-6.6596,0.4261,9.907,4.4172,0.6995,4.9445,2.6141,-9.4537,-5.4019,3.3309,-9.9561,3.3909,1.5434,-9.7274,-2.7585,4.2838,3.7708,-0.8756,-8.1035,5.1358,-2.8312,-1.3785,2.5571,-4.0513,-0.1784,-0.1815,5.4113,8.2059,7.4932,7.9959,-0.6744,7.7299,-1.0142,-3.9293,-9.8217,9.9079,6.3352,-9.0261,8.027,-1.6079,-7.0638,-9.0403,-8.8499,1.2452,-4.6377,8.9691,7.3537,-3.4377,6.8885,-8.7639,-6.5123,8.5688,8.4862,3.6746,-9.7733,6.4595,1.7757,-6.04,-3.9528,-2.6637,-0.5477,9.8855,-8.5638,-1.5068,3.4753,1.1485,4.1062,-9.309,1.5565,-4.3471,-4.098
-1.1548,-8.3513,-8.6797,8.9687,-9.9906,-6.3115,-2.8035,2.2739,7.156,2.5743,-2.0381,-5.7705,8.339,-3.9893,-3.1236,-9.6535,-3.9522,-5.8281,-9.8529,-6.7761,6.9879,-6.0099,1.3895,3.3449,-1.9529,1.9286,-2.6262,1.5351,-4.0294,-2.369,-0.9973,-1.7627,0.8984,-5.9975,4.0155,2.0126,0.9195,-8.7736,7.8947,7.6491,-7.0905,7.61,7.7508,-6.6126,2.0336,-4.7583,-5.0297,-5.6229,-8.5911,4.2845,-8.6202,-4.1456,-3.7585,-0.7165,-7.8849,1.9727,1.3484,8.392,3.1312,-6.0641,4.6328,8.6918,-6.382,6.402,-9.8436,8.1045,9.6239,-8.3868,-2.5533,-6.3142,-0.0477,2.4845,-2.6833,6.7673,9.4503,6.492,8.7213,3.2757,7.3138,-1.855,-0.719,2.8163,-2.8468,-8.2718,5.8122,-8.0707,-4.6058,-6.8098,4.2936,4.9499,4.8395,-5.9281,-4.5558,6.6682,-0.6648,6.1382,5.7515,9.2644,4.8184,4.4445,6.0127,6.821,-2.5507,-6.8145,-7.2029,-2.9184,9.9899,-7.469,1.9593,-9.9135,7.5271,3.8082,9.8179,-0.9025,-1.6057,-6.3951,-2.0209,9.3445,1.5713,-3.026,2.1172,8.303,-2.5151,3.5242,-8.7715,-8.3755,9.2435,-2.2712,-5.6093,-1.2652,2.6605,-8.1371,7.1862,-0.7756,4.1662,9.3645,5.5207,7.9084,6.294,-7.1579,-5.4595,-1.6348,5.7887,9.051,0.9489,-4.8643,-1.8054,3.6232,5.1981,-6.7778,-5.4601,-2.2081,3.9853,-8.2555,-2.3115,7.4374,1.4285,8.4182,8.4968,-2.0922,-3.7981,-9.2607,-5.011,1.5052,9.9805,7.0902,-6.0484,-7.9342,-0.9961,6.0472,-0.9709,3.2674,-7.6516,0.0564,3.1172,4.9829,-1.2404,0.2084,-9.0048,3.2388,-0.0827,-7.2262,-7.4703,4.2595,-3.8679,1.2645,7.3164,-2.1333,-3.2203,-6.5778,-0.0099,-9.4023,2.1273,4.098,7.3125,-7.0396,-6.6528,-1.0155,0.4151,-8.6555
-1.9281,7.0361,6.7219,6.2878,2.8679,0.7,-7.9361,-7.5626,7.1405,-2.9494,4.4921,3.3358,-9.7526,-7.7013,-5.6804,-2.8584,5.5714,-0.7381,1.7205,-0.4053,-3.4468,7.3728,-0.2721,5.4925,0.8587,6.8889,6.5405,2.4394,-9.1178,-2.5554,-5.1115,9.7345,0.1356,9.868,-2.479,-3.313,-7.6129,-3.7606,-5.1855,-3.714,8.2922,9.0378,-8.2034,7.2225,-4.7903,8.7205,7.3731,-3.1887,1.9113,7.2172,4.1218,-8.6669,-1.5363,7.0108,2.5459,-8.2504,-8.5912,8.1164,-5.334,8.6018,4.0288,-9.1276,2.6056,4.3894,6.7247,2.1156,-2.8826,8.455,4.8911,-2.3346,9.2121,2.5446,-6.7489,-8.8272,0.3859,3.6768,1.6767,-2.5792,-7.9324,-0.2611,5.4855,-8.1108,4.0752,1.9827,-6.4283,-0.2544,-4.3076,8.2549,5.9628,-3.3782,6.4862,5.279,3.9414,-8.9478,4.4896,-2.8066,-2.1392,-4.3091,-6.2886,7.714,0.634,-4.6379,-3.3818,-3.2961,0.9943,-4.7759,-2.0065,8.8047,-2.3487,-4.9941,1.9361,6.3847,-3.67,0.1442,-2.1881,-5.225,-6.6395,-4.6092,6.4739,-5.6243,5.9284,-1.7572,-0.0404,3.526,-7.0165,-2.5472,2.5132,-0.3374,-0.9431,-6.1722,-1.8391,9.2163,4.0609,-8.49,-0.067,2.1678,-7.3316,-3.8413,-9.4755,6.5713,-2.3538,-0.6311,6.3321,-5.9047,8.6316,-9.5796,-7.0771,2.0121,-5.5577,-2.7301,6.3779,-4.6577,3.9614,1.0889,-6.2924,-4.8602,-4.7268,-3.1493,7.1894,0.3986,9.1066,-7.5371,-6.1641,-0.3934,-4.818,9.7701,4.0376,3.4623,0.2154,-2.0284,-4.7348,2.581,6.0892,-8.0972,7.2658,-0.7175,-2.439,3.3995,3.9497,3.7688,-1.9058,3.872,-1.4555,-1.0782,5.2806,4.6937,1.3785,-0.6105,6.3093,-7.4276,8.795,-1.4976,1.1718,0.7483,-4.6566,-3.3788,5.5314,-8.7116,-6.1135,-3.3899
-0.4875,6.4828,6.0493,4.0918,3.4151,-9.4787,2.7849,-9.8359,7.6218,-6.2993,-7.7127,-0.3743,-7.3824,-8.0849,-0.1346,1.0009,-0.7228,6.0361,1.8722,7.0919,-3.1488,-0.3036,4.3235,8.0795,-6.7128,-3.4011,-7.3704,-6.8712,-1.2797,9.2848,7.4455,4.8073,-9.3013,-2.379,4.9216,4.6162,4.2647,-8.7935,5.1956,-7.136,1.0772,-9.8957,-9.8721,-3.4082,8.6321,1.2242,9.5104,5.2496,-5.7956,-1.6633,7.7018,1.4737,-4.854,9.0615,3.7679,-5.9008,6.8033,-8.4004,-2.4637,6.1999,3.5609,7.5919,-8.6224,-6.4216,-5.5247,-2.5685,-4.1494,7.9603,-0.8248,-5.5999,2.1561,-1.8285,4.9968,-0.9179,-6.9443,-2.6712,-2.0267,5.6633,-0.9009,4.598,-0.0043,-5.5569,-2.2505,-5.1574,0.3052,7.4245,2.0384,-7.8439,6.6601,3.0537,3.5489,-0.2691,-5.8943,7.4612,9.1459,0.9898,7.0023,2.4354,2.8547,-1.4676,-0.3613,-5.4657,8.9978,0.5128,0.3936,3.1191,-8.2523,6.2216,-3.7859,2.335,3.1221,-4.6562,3.5352,7.6207,-8.1028,-9.6206,-8.5593,0.1204,-3.0572,-1.1287,6.5578,3.7347,8.047,-7.6203,-3.4456,8.2384,6.1736,-7.7259,-9.4622,4.9291,9.3745,-8.2015,5.9599,-4.2884,-1.9586,2.1953,-1.353,-4.5192,-7.8752,8.5643,-6.64,-7.3092,-7.9493,7.6063,-8.8269,-8.5139,-6.4783,5.7556,-2.7622,1.0266,-3.2775,9.7658,-2.6354,-4.1594,4.1378,5.3694,-1.4998,-6.5869,-4.3376,3.8741,-9.9667,-4.8282,-0.7295,7.5033,5.9868,4.6199,-8.3285,2.3759,-4.1084,-2.1338,9.8732,4.2083,-6.7412,-9.3176,-6.6873,7.142,-9.5708,-0.844,-2.1822,6.3414,-6.4911,3.3553,8.2659,5.7377,3.0508,-2.274,-7.3292,-0.8823,-4.2954,6.712,1.5274,3.754,-6.0181,9.2316,5.3143,-7.554,5.2717,3.8849,-7.9481,6.6829
-5.7524,9.8497,9.839,-6.419,4.4311,3.0454,-2.7077,8.38,7.1667,1.6186,-8.7455,-5.6447,-0.9571,5.0293,-7.7224,6.7007,-0.4609,-0.4561,9.2053,5.2117,2.8327,4.6168,2.3929,-3.2857,-6.1319,1.7773,-5.5881,7.8481,1.924,-0.3447,-5.7721,9.3048,0.892,0.2194,-1.2263,-0.6583,0.8108,-8.9395,-1.3163,9.975,-0.0184,-3.1743,-4.9689,5.9368,-7.5919,9.2819,-9.5909,1.5997,-3.1252,3.6497,-1.2533,-0.5587,-4.526,1.4667,4.0542,6.4059,-5.0359,5.2728,-2.8126,-8.7504,-0.7345,-3.5339,-1.5933,-6.8192,-4.547,1.3286,5.4299,1.8851,-5.5247,1.4157,-4.3548,6.7649,-0.7979,4.7254,-2.602,4.503,-3.5818,-0.2845,-7.2061,6.1239,6.5851,-8.8847,-4.0251,7.423,1.7891,0.4602,3.5618,3.9191,9.9701,6.5135,7.7573,-5.1395,2.581,-6.7932,-1.0525,-5.9763,-7.8449,-2.52,3.2431,8.8222,2.776,-9.694,-2.284,-9.4344,0.5152,3.2718,-8.7294,-0.6372,-9.9819,-2.8664,-3.4744,-2.9464,-7.8986,8.5815,-6.6115,8.8841,6.7068,-4.6199,-4.3102,9.6987,-1.4962,-6.724,-7.7367,-5.8884,2.672,-8.9379,-2.0385,-7.5556,-0.0776,9.7533,-8.2039,-6.4424,-7.2479,-5.3906,1.4481,0.096,-4.1221,7.3997,6.7687,-8.9914,-0.6093,7.7017,-2.9511,0.668,3.6878,-1.0723,-5.318,-7.2643,-7.2743,-2.1245,6.0678,5.8986,-9.7979,9.3829,-5.697,-2.5132,-2.3727,6.2869,-8.1402,6.024,-7.9068,5.5636,0.9643,-7.2505,3.3047,7.7845,-1.1814,1.5359,-8.9042,-9.0052,-7.1261,0.6841,-9.5226,4.4051,-1.3961,3.6867,-1.8803,0.8139,3.7082,-2.1331,0.4017,4.5981,-0.9038,-1.6816,5.8164,-2.2379,-7.902,-9.4093,4.5331,-3.8625,7.9898,1.9075,7.9616,1.0618,-7.5208,1.2859,-4.1214,-5.5959,2.1873,0.5586
-6.0511,0.1046,-5.0443,-8.9831,5.1949,4.2331,-2.5497,-1.1516,8.8431,-7.4367,7.4127,3.1504,-5.3529,7.2371,-9.3632,-4.1392,9.5929,1.7874,-9.0216,9.9539,5.133,-8.994,-6.5474,-8.972,2.3746,8.2777,1.8347,5.6763,4.2039,-5.6469,-9.595,6.4399,7.027,6.6167,-2.8478,-0.6527,8.5598,9.7404,6.414,-1.8222,-8.4938,-3.2335,-3.3129,9.2836,8.0768,-7.8625,1.5025,0.2646,-9.5649,4.2116,5.2979,6.9432,0.5578,-5.4404,-0.1219,-9.4164,0.3877,-8.3894,-4.2087,6.2345,-6.5702,4.619,3.8214,-0.1545,-2.7359,7.7624,6.778,-1.9681,2.9675,0.7571,9.0071,0.9253,4.1636,6.9494,-1.9441,2.7599,-4.1359,4.9095,-8.0114,-9.9122,-0.601,-5.7182,-4.1416,-5.8875,0.0033,-0.5182,-7.6983,5.4441,-8.8314,-8.7831,-8.4785,9.8081,6.1194,-4.0752,9.8883,-6.5585,-6.7307,-5.7144,5.1756,-8.1468,-0.1241,-4.1599,6.8175,2.8027,-2.5864,-0.6442,7.4519,-1.3594,-6.0795,7.3305,-1.6188,-7.2973,-5.3891,-4.4169,-2.0034,-3.358,1.7925,-8.5665,-6.8423,5.3293,1.2472,-8.9559,-8.3582,5.705,0.3975,6.9443,-0.0632,4.2448,-3.6253,-8.7331,-1.5496,9.8649,-8.2674,7.2392,-4.3865,4.4591,2.3038,4.301,-2.1225,9.3943,2.0492,1.6436,-7.6831,9.406,2.3501,-9.6091,2.2934,0.7153,-7.609,1.6433,8.0138,-9.5755,-8.1543,8.9441,-5.891,7.4736,-6.8793,9.7195,-1.6644,-1.2988,0.8277,4.0287,-3.5714,-7.2904,-8.3936,2.8802,-4.1133,7.1977,-8.5681,2.7732,0.2202,4.1166,9.9769,3.9805,-9.8676,-2.5624,-8.3515,-2.3719,-8.1336,7.3959,-4.425,-6.2963,-4.1828,5.7388,3.6949,-1.1449,-6.1987,7.6244,2.9689,2.7366,0.3452,6.3138,5.4703,-8.5517,8.2272,5.8981,-3.0285,8.9979,1.3185,-2.5268
3.3275,-9.2336,7.4193,5.4406,4.9628,-6.5133,7.0632,-4.8318,9.1558,-8.1374,6.9967,1.8413,5.7941,-3.8528,3.7373,6.7838,-8.2264,-0.9604,-5.6681,4.8718,-3.1912,-4.7439,-7.5985,-6.4598,9.4226,3.0365,2.0396,0.464,4.6339,9.4497,5.1396,-3.5044,-7.8273,-7.1601,1.566,-2.3781,-8.2063,8.7096,7.1975,4.5444,9.2183,9.2012,-4.9438,-3.5591,1.9397,6.3727,2.4594,-8.3053,7.5792,2.1529,-7.3992,-2.8332,-9.5773,-8.4732,2.3357,7.0205,6.7452,-8.177,7.0993,-2.4788,8.2522,-5.6174,-6.0662,-2.7823,5.624,1.1688,1.8108,7.455,1.9004,-1.7753,-2.5888,0.9403,8.2197,0.6967,-7.3038,-4.9824,4.0657,0.6101,-9.5807,7.4843,5.9076,-1.5974,-6.723,6.4718,-1.0188,-2.9199,8.6652,-7.9297,0.5933,-6.6682,-3.5997,2.0046,7.8834,4.6344,-5.9186,-8.1613,-8.9449,-7.7796,-9.2301,7.2574,-9.8871,6.5434,-9.2172,-2.9883,7.065,-5.3927,-6.0024,5.0022,-7.4837,2.4812,-2.9636,7.6084,3.4306,7.4783,7.6842,-9.5834,9.6623,-1.5953,2.5246,-0.6376,9.7007,-2.4629,1.5045,0.4315,0.044,-9.4952,4.5013,6.7323,-9.5637,4.7366,7.9677,1.4428,8.4745,-5.3633,-7.0818,-5.9895,-5.0028,5.2002,-8.8446,-6.2715,0.1713,-4.7462,-4.5618,1.3802,-6.6757,0.7559,-7.0685,-3.2652,8.8434,1.0344,-2.589,1.8345,-7.9538,-9.9548,-3.6957,3.4833,-5.8153,6.6075,9.9356,5.4095,-9.0646,8.5198,7.4743,9.5154,9.359,2.467,-1.7192,-3.6765,9.0199,-8.4689,1.5734,-4.8588,2.4596,7.1353,6.5982,8.412,1.3854,-3.1961,-8.3516,-6.5706,-3.8237,-5.9503,-7.3715,-3.9783,-3.4285,4.6674,2.1947,-1.6056,9.1579,0.3519,2.1111,3.7262,1.9292,-5.4315,2.511,-9.9995,5.3845,-3.8361,-2.3219,-2.362
4.7433,8.1812,6.5431,-4.1281,-1.5926,-4.7975,3.3237,8.6673,-9.6186,7.9755,-8.3705,2.0079,2.9149,0.8443,4.7929,3.3649,-9.9305,9.3241,-8.91,4.1813,-4.2173,-8.1065,6.9055,8.3928,-9.5499,-2.1225,-6.5026,7.0597,-7.5355,1.2101,1.6031,-6.9863,1.1482,-0.2763,1.6104,-6.8489,-2.3492,0.6426,-5.6742,-0.1302,7.6855,9.748,8.5294,6.8608,7.7882,-4.2786,8.2695,5.5223,-5.6933,-4.426,-2.6247,-3.7068,-0.5714,6.1634,9.2329,1.8268,-0.0107,-8.948,-1.4761,-2.6964,-0.5653,0.4867,-2.8852,3.8358,7.6761,-1.3082,4.7367,-9.7007,-3.9937,-3.9803,-4.4352,5.5449,9.2731,8.3147,9.1663,4.072,2.4467,-9.36,-7.9288,-7.5815,2.2266,-5.2494,1.5683,-3.4184,-4.9816,-1.4783,1.8188,-2.8802,5.1038,-3.183,-9.6496,-4.8911,4.7939,9.782,9.8969,9.3309,3.4994,6.9563,-7.1928,5.4666,9.9221,-9.1313,-8.6139,1.5516,-8.2943,2.1473,8.4253,-1.2161,-7.7337,-1.6197,2.9525,8.1162,3.0949,-7.7098,7.7121,8.249,-7.4302,5.3534,-7.805,-6.1962,-0.9406,-2.4575,3.2588,4.0185,-7.3222,-6.9697,9.3431,7.2666,-8.2186,1.7182,3.2312,-3.5193,3.2824,-8.8868,7.6966,-9.0816,-0.8277,3.3725,6.7859,5.4392,-2.3048,-6.5848,-0.7029,3.5334,5.2133,-5.0046,5.4545,2.3211,1.9799,2.9652,2.3752,-5.4018,-6.5996,7.3062,-3.1723,7.6016,4.9722,2.3483,9.3767,6.4225,-5.7174,8.2519,-9.5783,-4.7378,-6.8307,9.5108,4.2993,-6.3075,-7.7237,1.3197,-2.5828,-3.9025,-2.1991,6.3522,-6.9891,8.8283,-0.4331,-8.7241,8.8695,-4.2719,-9.5424,-4.9142,5.2753,-9.6585,1.6535,-7.206,-6.4831,-1.8417,1.1461,2.0346,7.5863,-0.625,-4.0999,-9.7165,-3.6641,-2.0002,-2.4964,3.9195,-4.2372,3.1252
-3.5322,-7.9039,7.844,6.2721,7.3242,-0.2469,5.9008,8.8175,7.6493,8.5114,5.0809,8.7221,2.0298,0.3788,-0.9972,-8.3937,8.6413,-5.4364,-4.8792,7.7222,7.4616,9.4016,2.3088,-0.4356,1.3081,5.7032,-2.7726,-2.936,-4.6662,1.6962,5.7315,-7.7949,-6.3913,9.0512,7.5201,-7.8292,-9.2696,-7.4252,0.6022,-8.8884,-7.3863,-5.391,-6.4122,6.1,9.4245,-7.5255,1.2362,1.6853,9.5882,7.3993,-0.1917,-4.4203,5.3976,-3.4404,-7.4288,2.5095,6.1619,-5.4164,8.2254,-3.4474,-7.1014,8.4199,-7.3439,-2.1472,-5.469,-7.0787,-8.0454,-4.5915,-0.9272,-5.3211,-8.3472,4.8455,-7.2059,8.9141,-5.4552,-4.2713,6.8534,4.6239,7.1608,-4.3288,-0.1718,7.7401,-9.4182,7.5852,-0.7064,3.5604,-1.04,-2.0264,-6.8593,-4.7683,1.3731,-2.187,-9.1847,8.3616,-4.256,-9.3719,-0.6704,1.9828,-1.3815,-8.2062,5.0013,-0.6598,5.6508,-0.6444,3.2653,-1.9576,-1.8242,6.9543,8.9779,-1.8638,-1.2766,-9.8627,9.7659,-4.5481,4.5854,8.7252,1.0429,-3.0715,-0.7691,4.0155,4.7818,3.0386,-4.1107,2.7562,-4.8899,-5.5376,9.7107,-0.5145,-5.4513,-1.9771,0.9284,6.0563,2.5812,-4.7475,-4.6236,9.3746,-9.3954,-1.2404,8.1458,7.3598,-9.6646,5.519,-7.5243,9.5019,0.3765,-9.0432,9.4438,2.4081,-2.1634,6.9222,7.9334,-5.2202,-8.8856,1.937,5.3165,-5.0681,8.6497,1.6695,9.2013,6.0636,2.0265,-2.5713,9.518,4.914,6.3218,1.9489,-2.1549,-0.7392,-7.4141,9.3939,-6.986,2.3593,-5.9866,-6.3458,4.7624,4.3749,6.5489,-0.8082,7.0315,4.9258,-0.2546,5.4701,4.0065,4.9935,2.188,2.971,9.2331,-8.0603,6.6633,-4.1138,-2.1739,-4.9406,1.7697,-7.1531,-5.0802,6.5285,-6.0146,-8.9528,7.1543,8.0412
0.5082,9.0933,4.1939,0.7766,-2.3059,3.7347,-4.5795,-4.6118,-1.7386,-7.7664,2.0508,2.4298,0.3952,-7.9376,-8.0477,3.6064,-7.1935,-0.9104,-7.3788,-3.2836,-7.323,2.068,5.5619,6.5083,8.4154,9.2972,-3.7616,-6.0843,-9.6406,-8.3921,-6.4977,9.3061,-1.0963,6.3231,5.6377,-0.0653,1.805,-1.0077,0.558,-9.3748,-1.5311,-0.6505,7.6374,-5.9377,-1.0253,-6.9733,1.1321,7.2398,-8.5305,9.8159,-5.9671,-9.2643,-6.139,-1.203,5.2392,-5.6323,7.0574,4.9531,-3.0019,0.3515,1.5625,4.8006,4.7793,5.6121,-7.9434,5.606,5.2865,5.9307,1.9212,-4.6274,6.2528,-1.864,1.1002,1.6185,-1.5421,9.8885,1.0752,-4.9417,8.4028,5.8724,3.3878,-5.2051,2.1015,-3.9871,-9.9758,-9.8797,-7.3687,1.6388,-2.5278,8.0858,1.1809,-2.8572,-7.9137,0.7395,-2.6651,-0.6358,-0.8754,7.7381,-0.1508,-3.4262,8.7755,-4.763,-3.8093,-1.3203,4.4854,-8.9971,5.9614,9.1848,6.7044,3.4287,-3.6854,-5.2801,-7.4518,6.3723,-7.2955,0.9442,-0.3654,-9.2849,4.6229,6.3942,-4.3313,1.3501,7.8618,-7.3302,-9.1295,3.6967,9.0581,9.5179,-5.8789,-2.0678,2.3961,-0.6357,-5.3937,3.0796,8.5895,7.7894,-2.7173,8.2451,-5.3253,8.6838,-7.5215,1.9044,-1.2598,8.9019,1.7967,7.56,-4.7958,-3.1195,-1.4451,3.9311,-5.6857,-4.3905,-6.1644,7.9946,4.9411,-1.9773,-2.7405,3.4415,-6.498,5.6775,-5.8529,-8.3879,-7.431,6.7372,-4.2947,6.4142,-1.0678,-1.6582,7.6657,-1.4688,-3.9849,3.4568,-5.1006,4.8267,-2.9127,6.7924,-8.9499,2.3788,-1.9895,-4.3753,-4.661,-1.0905,5.7539,7.1002,-1.8503,0.1387,-8.3564,-5.7948,4.5467,-2.9976,-3.2136,0.8347,-1.6448,8.0926,4.5189,-5.1712,3.6705,-5.0902,7.332,9.7333
4.5239,1.3755,-8.9355,-1.0692,-4.687,7.7382,-6.8401,4.1135,7.1942,-4.3514,-3.7444,-6.9314,-9.1701,0.9441,3.1836,-2.2307,-8.4503,-8.809,-0.0094,-4.3597,-8.3728,-7.4551,2.2395,3.7156,-4.1607,7.9331,0.7734,-3.0318,-5.6319,-9.549,-5.6142,8.9739,-9.4516,8.0167,-6.6065,0.8478,-0.5209,-6.4364,-5.9394,-7.6617,6.8788,3.4214,-5.8122,5.2913,-8.0749,-2.5568,7.1258,0.8019,2.7856,-4.3867,8.8475,-5.2731,-1.8296,-7.9584,8.965,-2.71,-0.1124,-0.7404,-9.1945,-5.2294,9.6871,7.0292,2.6576,-4.2505,8.2044,7.8946,-1.3129,-3.3643,9.8911,5.4379,4.579,-6.2099,0.4566,-2.5483,-1.5474,6.6449,-6.2738,3.7463,2.4001,6.7237,6.6939,1.273,1.8966,6.8982,-1.874,-6.2121,-8.5335,4.6359,-2.4439,2.0252,2.5898,4.5222,3.313,6.5913,-3.8819,9.9851,0.4867,5.2511,3.1228,7.3997,8.0722,-7.8295,-1.2908,4.8874,8.1476,-1.1648,-9.2372,-8.1469,-8.0212,-9.6514,-2.8368,9.5267,3.2859,2.3711,-2.9664,-9.8825,-1.5706,-8.9871,-3.9717,-6.7774,-1.0275,8.5423,1.044,-3.6396,-0.2155,-0.9363,-6.9127,8.3595,-1.2568,-8.0611,-2.239,-9.9665,-4.2867,6.3379,-7.0184,-9.7315,-3.0934,-9.4569,-1.1068,6.7482,2.7304,5.3039,7.8475,-6.4202,4.3399,-0.0293,0.5111,-1.1128,-0.0747,-0.852,9.4455,-0.3885,-5.706,-6.3899,1.5565,8.6791,-3.7971,5.8729,0.2671,-3.1157,-0.7584,1.5933,-6.303,9.8698,7.6127,1.1057,-2.814,5.5664,0.8205,-1.1487,9.7061,3.2765,-1.3832,-8.5798,5.4646,-8.628,-7.6997,4.0983,-0.5339,2.2818,-4.445,7.7041,-1.4202,8.7375,-1.2496,-1.9031,5.5852,-6.3543,-7.6961,0.6749,-4.2025,-8.6251,0.0572,0.9929,0.3329,9.6547,-0.2688,3.226,-6.1624,-1.5244
-5.7218,-5.9874,-9.0454,-0.2359,5.7698,6.8399,7.8978,9.4049,-3.5682,-3.6993,-9.3863,-4.8136,9.0858,9.4285,1.4065,-0.6631,-1.9575,6.9204,-7.9947,6.2885,7.3469,-0.0091,8.0459,1.5161,-1.6014,5.7575,7.4922,-7.8858,3.2977,4.0266,6.9536,5.0668,3.6513,-0.4839,-0.1752,-1.4407,-4.1929,-5.9423,2.5185,-4.3058,-0.2732,-6.9075,-8.7685,0.8611,5.889,8.5358,-0.6577,-3.5938,0.8359,-7.2755,0.5637,2.4846,4.0241,-5.3247,5.9128,-1.3722,1.6774,9.7662,2.2867,1.6383,-5.2412,3.4777,3.6613,-1.8321,7.6882,-6.0834,1.7251,6.3922,9.5812,5.8286,7.2068,4.21,3.9941,7.7839,-3.5874,-6.5181,5.7207,-6.8932,7.6541,2.4509,-2.0375,5.5039,-0.5947,-4.4125,2.7915,-0.6915,-6.8306,8.9269,-2.1467,-7.708,0.1758,5.5729,-8.6982,-8.9773,-3.5625,3.9894,-7.5415,-5.5983,-5.895,-1.7291,1.4294,-4.1847,5.3985,2.1932,7.4071,-5.2969,0.477,7.6021,5.541,4.1244,-8.1556,-9.4196,-5.7064,-2.6627,5.9486,-3.3481,9.3712,5.6029,1.563,-8.0428,-5.0526,-2.8297,0.3246,3.4928,1.4846,-4.6483,-2.0943,2.3798,-5.9093,-9.8099,5.7402,5.4341,-7.2356,5.2898,8.9698,5.3986,-6.5912,0.6716,0.3628,3.886,4.5837,-0.0243,-4.6027,-2.8003,-9.9923,1.9427,-5.9361,7.1824,1.8272,5.3065,-2.7036,7.5762,-2.8864,5.3584,-6.0047,5.3872,4.0118,3.0514,3.136,6.9791,5.4348,7.8977,6.4745,-2.5312,-5.9342,8.0772,8.9151,3.2513,-2.3014,7.4208,2.5852,-5.8087,6.8911,-5.8687,-7.9191,-5.3043,6.0465,6.3474,8.4605,1.4053,7.1227,6.7684,-6.2541,4.7462,7.7293,7.9419,-2.8702,-1.0014,4.9023,-5.8186,-6.1029,-0.7738,-1.4487,-2.6852,0.6813,-1.756,4.3268,-4.417,-5.0838,8.0988
5.6538,-2.2761,-2.3716,-4.8449,9.5131,4.7054,2.2515,-4.2744,-2.2544,0.9996,7.9147,7.0751,-3.1726,-8.8943,2.689,-5.5883,2.8342,5.7202,-0.8356,-1.6598,0.7174,-0.8451,7.4671,3.7834,7.2548,-1.9097,-4.3274,9.0312,2.5588,-4.1571,2.8223,6.3342,-3.7383,-1.5297,9.7663,2.4204,-1.0518,3.1584,-7.5661,-5.1906,8.1272,-9.9726,-1.1126,4.995,8.7598,-3.2296,-0.6712,8.5212,5.2932,-0.7867,3.648,6.8242,-2.9138,-7.1552,4.3753,9.0425,5.539,-9.55,8.6616,2.5024,-2.8892,-6.8926,-6.5882,-9.0266,-2.2231,-9.0577,-0.5427,0.4424,-1.2065,-0.1287,7.385,0.8403,-7.356,-6.6914,9.4171,5.5858,5.124,4.9891,-6.4991,1.0689,6.2369,0.7704,6.6429,1.2337,-7.301,1.8778,-7.7593,-7.1473,7.7377,-6.1376,-5.7198,-9.4497,-2.6033,2.1921,-2.1144,4.1107,7.2591,-0.8168,5.345,8.0073,-1.1083,-0.9206,-1.1232,-1.2435,7.7928,3.8087,-9.4602,0.7442,6.1374,1.0587,-1.7741,8.8751,0.234,8.0155,0.0726,9.3758,4.2911,-7.3801,-0.0137,-8.6634,-4.1395,-1.3882,-8.2909,3.341,-7.3352,7.6304,6.0829,5.3763,9.299,-1.3733,7.8832,-7.6261,5.0633,9.6898,1.4993,5.1942,-1.6601,6.1952,8.6759,-0.3117,-1.2461,6.132,-9.0196,6.2243,-6.9052,-1.1501,3.6312,-1.6482,2.9866,2.7876,5.4604,-6.9914,7.4072,9.2699,-1.1846,-6.2599,0.786,-8.4493,2.1046,4.4293,-1.4914,8.5539,-7.7017,-4.5677,7.9494,-7.6797,-2.71,6.0905,-9.66,2.9758,-7.1801,1.9004,-2.219,2.945,-9.9414,1.3293,0.0109,-9.9525,-3.2089,2.2371,1.2573,1.115,-7.8785,-6.3175,-3.531,3.8542,-3.9533,-2.849,2.5269,-6.966,-5.9913,-8.1824,4.7332,-7.6739,-1.9035,-0.4475,-6.5905,-4.2613,-2.0528,8.5851
4.8051,-6.635,3.9071,-2.5569,3.14,-7.3101,2.8401,4.9568,0.8229,-5.4694,-5.5286,-9.3097,-5.5136,-5.6035,-1.6847,-8.4842,-3.251,6.398,5.7584,9.1982,-7.9905,-4.3594,3.421,3.3934,-8.923,-1.4177,-2.535,3.9044,0.1458,9.4171,5.3405,0.165,1.8031,-2.1296,-2.422,1.7842,-3.6906,-7.4388,8.0981,4.603,-1.4911,3.2016,-1.4196,3.255,3.7215,-7.6079,-0.8915,3.1687,-2.485,-4.3992,-0.0238,6.8864,5.1073,9.9871,6.5103,-6.643,9.2456,-3.174,-4.6621,-3.6964,5.4296,8.2117,5.6578,2.4867,-9.4726,8.7872,2.1429,8.6717,8.0362,-5.2942,0.8942,-6.6114,-0.6715,-0.9121,2.3546,-1.9585,-7.7707,-6.5372,-8.1603,-6.9147,-7.8776,-4.4829,-8.2536,-5.7162,-5.1868,2.7606,8.0283,-4.4412,0.0203,-6.6847,-7.6213,-5.2487,-4.7773,6.3971,-2.7474,1.8862,-7.8078,-1.8157,6.8699,-4.0851,5.4,-6.2163,-2.6727,1.636,0.4655,3.8253,8.224,-3.9163,7.3296,8.9299,1.5643,2.3561,-8.7844,-1.6941,-0.0278,8.8679,-5.8767,-3.631,8.4752,1.0363,-8.5269,1.9605,9.6822,-3.1026,-6.9166,9.4297,-7.2746,8.9194,3.6359,1.596,-2.5825,2.2324,-0.8665,6.47,-8.8805,0.2626,-5.2799,6.2481,3.5914,4.5593,8.9079,-0.8044,5.3625,0.8054,-5.4392,-1.8747,2.7281,-6.9865,-8.4268,5.5423,-7.9567,2.1019,0.7213,-0.4392,2.4545,-4.7062,-0.2437,-2.0237,7.468,-8.8822,0.2302,-4.8045,-7.5163,0.2845,-9.4533,-3.3118,7.9891,6.7157,-7.626,0.8567,-3.6237,-5.8176,2.2324,0.5301,-2.1808,-8.9305,3.4825,2.8133,8.3637,1.7874,-5.4178,-0.6363,4.2651,-5.7428,-9.7052,9.8098,-4.6874,-2.7742,3.8808,2.1765,-8.3253,-9.9939,-0.2456,-5.0089,-4.8057,6.0562,1.2265,9.923,-6.1687,7.0177
-5.8915,-9.4399,-3.7102,-8.721,5.7419,5.1356,-1.6846,-9.6096,7.0101,9.5796,1.6406,3.3681,-4.8618,5.4902,7.7247,4.5452,-4.3812,2.2582,-3.9749,-2.5153,7.6902,-0.968,-0.9565,-4.1295,-1.0858,9.2942,8.0069,7.6337,-7.0979,0.1724,1.9267,-3.8365,6.703,1.1407,8.4626,9.8614,-5.172,-2.4078,9.1255,-3.1608,6.0925,-5.2468,-7.2418,-1.3743,2.5218,-5.8933,-1.6852,-0.2353,8.0637,1.7272,-5.7728,1.4802,4.5054,-8.6706,-7.8819,6.1193,0.2396,-4.6617,6.0427,-9.4001,-1.8349,4.3608,0.2504,1.4391,4.8128,0.616,0.9633,-2.7534,3.8678,-8.0874,0.4132,-4.1623,-9.8842,-9.7715,-0.4647,8.5895,-6.9987,9.0276,5.6526,-6.0861,9.4617,2.7621,9.5116,7.5875,-9.2941,-0.034,1.9198,-2.1358,-7.7081,4.2866,6.6196,-3.3864,7.7896,-1.7812,5.0266,5.34,-0.3321,-0.7277,-4.685,-0.5467,8.8213,-8.7355,5.2985,-8.5529,-1.881,-2.3049,8.0968,8.771,-9.2394,4.8447,-3.2182,7.7037,2.5474,4.2179,2.809,-1.195,-5.6174,-4.0382,0.5366,-3.1002,-1.1414,6.5121,3.7976,1.3658,-1.5568,4.0085,2.0069,2.5899,-6.2374,-0.4554,3.5779,-1.3834,-2.429,4.8705,4.7291,-6.7892,-1.0596,-7.7149,4.3389,-0.2917,-4.4613,3.8164,-2.1479,-4.022,6.1882,2.7086,5.7893,-0.4942,-7.7601,-6.588,8.5572,3.9953,-4.2385,8.1644,6.5285,-0.0461,-9.6066,-9.9392,-9.1335,9.5232,-2.3491,-8.6156,-6.2337,-9.3462,3.4521,-5.53,-6.9289,-5.8152,0.6941,-3.245,2.0251,-5.092,6.7608,4.1495,-2.5659,7.0438,-9.8335,4.2038,5.0471,-0.9341,-5.578,-8.0919,6.4497,-6.0003,-7.141,-1.8558,2.4434,-8.9499,3.4737,-1.857,9.8857,-8.7851,-9.4501,-5.5685,-7.4316,6.6831,9.9993,-2.0773,8.7119,6.4691
-7.2778,-5.41,-2.311,-5.7488,8.7417,-1.1996,7.567,-3.1066,-6.69,-3.2578,7.1543,8.9035,-5.6356,5.516,2.4466,7.7598,9.0083,-3.7673,-4.1539,-6.4707,-2.8949,2.2508,-6.8507,7.3589,-4.593,-9.9181,5.6448,7.8163,-4.1521,-9.647,3.328,6.8186,5.4597,-0.4032,1.1929,2.6992,-7.7034,-3.6377,-0.1108,8.8454,-3.7789,5.8943,0.8253,-9.5753,-6.6732,1.0022,-9.1841,5.2674,-9.835,-7.5506,4.8408,1.0046,3.1443,0.481,-7.6622,-5.8377,-8.4889,3.7006,6.8059,0.2808,4.2688,6.6603,5.8984,2.6433,9.5575,6.666,-6.0795,1.3265,5.014,0.58,-7.3227,-7.5462,3.5821,3.9238,-9.8446,-7.185,9.8462,-2.4333,-3.7152,-5.1017,-3.7598,7.0672,-6.1766,-6.754,7.375,-5.9906,3.7429,9.0642,1.4206,3.9551,-4.0676,-5.5037,4.4078,-7.2472,0.4555,9.7242,0.4772,-9.3955,2.4772,-4.1667,8.1616,4.1839,8.2162,-7.2636,-1.5591,-2.0005,-0.7141,3.2274,5.9248,-8.2114,8.7946,5.5648,2.6594,-1.6105,2.4611,1.6125,3.6367,-7.7231,7.3801,-0.3699,3.575,7.7275,7.0899,7.4584,8.9199,0.5351,-8.4037,5.5279,2.8343,4.0537,2.9803,5.5063,-5.8906,8.5442,9.3958,4.8339,-3.3313,9.2825,3.8428,3.9934,-5.1212,0.1187,4.2254,-1.0105,2.9424,8.2866,4.5044,-9.102,0.1693,-7.039,8.6561,-2.5739,-7.8323,3.1482,9.9423,5.7135,2.9391,6.7928,0.4563,-3.5854,-1.7219,-2.4269,4.4649,-4.1876,-7.0024,-8.7074,-1.7912,-6.5014,-4.1525,1.2218,-9.6879,5.0937,3.3174,-4.3361,-0.3314,-2.8421,3.1334,5.0308,-6.9051,-8.0807,4.2207,-3.7514,7.0087,-1.7741,-1.3203,-9.5211,-9.2814,-1.3391,-6.7495,-8.2465,0.1226,2.561,-2.2645,-4.091,8.3718,5.4375,-9.8044,8.7077,2.903,6.518
-8.0279,4.4905,-0.7541,1.4203,6.5743,-7.9738,8.8032,-4.7253,9.3593,2.6128,-5.8668,8.1132,7.4119,6.2037,7.8613,1.6481,-1.113,3.7636,-6.081,7.6043,-1.6732,-5.1903,9.5046,-5.9127,-6.944,9.5587,-4.4604,-4.2013,3.1198,-6.2276,-5.4236,-5.405,7.4272,4.5047,-6.4623,4.2623,7.7152,-0.86,7.4171,-4.3358,5.3272,-5.8364,-1.0733,0.3943,5.1724,-5.1534,6.7297,-9.6073,4.9864,-5.1858,7.2291,0.5154,5.7973,-7.51,-8.8504,2.1521,-1.131,1.5674,4.5222,-3.8924,-0.675,-0.9651,5.624,-1.4813,-3.4037,7.4655,7.4649,1.8897,-3.1308,3.3211,-9.1597,8.5793,2.187,5.4047,-8.3792,2.1294,1.4215,5.715,7.3207,4.5747,-5.8767,9.6003,-5.5567,5.0866,-0.0425,-7.8846,-2.0401,-2.39,-2.8765,0.9742,1.7348,0.7358,8.6728,-5.8807,-8.1515,4.2059,8.2842,-9.026,-9.5924,-1.5812,-1.5092,-6.0339,1.8777,-8.4847,-5.1264,-5.2974,2.3033,6.1756,-8.9174,-2.6077,3.4799,2.9868,4.908,8.0933,-3.7159,5.6564,-6.2099,-8.4634,1.661,2.7571,6.8446,-0.1927,9.1676,8.8539,-6.8633,-7.8813,3.0005,-6.0946,-4.4607,7.3749,-0.1206,3.5471,-2.5024,-3.6122,2.0512,2.5478,0.5455,-9.7759,1.6177,2.0105,8.2651,4.1312,6.5844,9.3862,3.991,-4.867,5.4639,-9.0085,-8.2237,-5.3594,-2.3987,2.1383,4.9806,-5.0114,5.9309,-6.0982,-2.7583,6.3249,0.578,5.9359,-2.195,-4.154,0.5965,-8.7731,0.9906,-4.8408,-8.5094,4.568,0.3176,0.4609,-4.197,-1.6211,2.1985,-3.1757,3.986,-9.7922,1.7067,3.2044,9.4285,9.9189,9.5374,3.9873,-1.6479,-9.2209,-5.7384,2.5463,1.1535,1.1123,7.4473,3.6826,2.9121,-6.6457,9.1906,-0.7088,-9.9298,-0.0071,-5.3179,2.8238,6.8118,6.1321
7.4162,4.8527,7.8985,-2.3779,3.5683,2.0876,-7.8271,8.2045,-8.0263,7.5096,-6.5442,-3.2321,-6.5536,-7.8592,2.5487,-9.6588,5.5458,-2.0508,1.5481,6.8592,-8.4422,-4.1162,-4.2728,-9.3229,8.5649,-7.9649,-0.7874,6.8929,-0.3997,2.3725,-7.8113,9.0649,-1.9795,5.1146,-4.8452,-7.9116,8.0427,7.737,6.8761,-9.9215,-7.8995,-7.2256,-6.0577,3.3653,-9.8984,3.1561,-2.0631,4.9682,7.9674,1.6219,-8.8688,9.2255,4.0743,-0.073,-4.6753,-7.5783,-8.1322,-7.7864,-8.6539,2.2663,-1.4714,1.9842,-3.749,-6.8424,-4.2901,-7.5393,8.6555,-7.5849,-9.025,-4.1145,-3.4573,-9.8427,-1.8198,-7.8496,-0.9065,0.5769,3.6142,-5.5152,1.4417,1.4351,8.4709,-6.4201,-9.9038,-7.7532,-0.8459,8.1542,-0.232,-9.8293,-4.7073,-4.6144,3.3774,-3.6661,-8.597,1.7203,5.9074,-5.6078,2.7868,1.7468,-4.6253,3.4763,3.2203,-7.89,9.7267,-4.0553,-3.3289,3.7852,-8.2224,-7.4447,-8.2272,-2.2574,-4.3408,0.0594,-9.8053,-4.0954,-2.6803,6.935,5.9757,-6.9947,7.7296,3.9075,-5.5999,-0.3327,-6.5222,0.7369,9.4109,4.7278,-0.2436,-4.4572,0.5633,1.944,7.8481,9.9049,6.0246,3.4791,9.4775,3.3951,4.5107,-4.8101,-9.6839,-9.3412,5.4296,7.0008,9.202,-0.8245,7.686,-5.0605,-8.9936,7.4775,-0.8914,-6.8271,-4.2092,-1.463,2.8435,1.8825,-7.6361,-8.5967,-4.6188,-2.8436,2.8758,5.113,0.8622,1.8441,-9.7072,-1.079,-7.9396,-4.537,6.2123,6.6686,4.8176,-2.0511,-7.3694,9.4686,-1.7061,-6.8469,6.5713,-0.7308,4.8906,3.4558,9.8602,-8.7676,4.5973,2.3856,9.4523,8.2033,9.1746,2.0702,2.3454,-7.2878,6.3602,8.7242,-4.8214,4.9376,-2.8519,8.5218,7.9138,-8.9209,0.3292,1.386,-5.0532,9.211
3.176,9.9258,-3.0328,9.9689,7.1097,6.0242,-2.6042,-2.9561,5.7821,-8.221,2.2832,6.2095,6.4684,0.7508,-0.559,2.44,-4.07,3.4729,5.093,-6.9694,6.7801,7.9282,-2.0242,-6.3658,-0.3137,2.1401,8.6524,4.1645,-5.7653,3.9057,3.6897,-7.0852,4.2722,8.0053,-1.316,-6.4511,7.8409,-8.0493,-0.5758,5.9715,-2.1642,-2.9182,-0.3646,7.8178,-7.1709,-5.1327,-6.669,-2.3041,-1.8864,-8.3054,3.3963,-2.1263,1.5238,-2.0159,2.1759,8.27,-8.2337,5.5284,5.6203,-4.7025,-5.8147,3.1188,-6.5073,-3.6953,-9.8247,3.9696,-4.0773,3.1495,-4.9003,-3.529,7.3105,-0.2781,3.6465,1.6636,-3.0063,3.4126,2.9528,3.7881,-9.4977,8.9358,5.7881,-5.0632,4.0625,-6.6087,2.084,6.1138,7.6331,4.0587,1.8328,-7.0722,-6.3304,-9.1123,-1.6221,-8.6623,7.5302,-5.5608,-7.6689,-9.669,1.5686,0.1087,6.9236,1.9603,-8.3613,0.3401,-2.566,-4.2149,0.2995,2.9675,9.7689,-5.0488,-2.7114,-1.4138,2.4593,8.644,-2.7381,5.9406,-1.6941,7.1778,8.1538,8.0593,-3.8721,6.4381,2.5129,5.7987,0.2826,0.9815,7.6047,7.3124,-0.56,-4.8902,5.2344,-8.8246,-2.8634,7.1059,-5.5667,-9.3826,4.2107,1.8696,4.3171,-8.6153,-9.133,-5.7387,-4.3618,-8.5521,-8.9624,5.7832,1.5022,-8.0578,0.9464,6.6672,3.4855,-5.945,-2.9416,-9.6506,0.1142,-7.3724,7.7499,-6.6175,-3.3278,5.4817,1.2901,-1.12,-8.5041,6.2715,-6.0097,-0.5364,-5.9539,4.6758,1.311,-5.4517,3.7677,0.0138,7.5753,-4.9291,4.1404,7.1426,-3.3665,-3.0163,0.4567,2.5741,2.5697,-4.249,-3.5416,-5.0443,2.5754,-2.5942,2.6975,6.484,0.7169,6.4107,-3.6692,8.7658,-2.3421,-5.0474,-4.2332,-0.9621,-8.9901,8.7659,-8.6545,-5.6346
-4.7112,3.1922,-6.7897,7.2756,-1.554,-9.8115,6.2806,-7.6428,-4.6401,-6.628,5.7321,-8.4021,-2.0749,1.2903,-7.1215,6.553,6.6442,9.2692,0.8478,6.9344,8.3091,-7.3001,-4.1304,-4.5773,-7.7292,-7.9517,-4.642,-5.5339,9.6424,3.2428,-7.8234,9.2092,4.7245,8.8893,8.0091,-9.3969,-1.9111,-0.7914,6.0255,9.438,-2.0542,-2.2795,-7.2516,9.8604,0.6354,-3.5681,4.7858,8.7558,1.2762,7.7954,4.6235,8.2774,-3.9868,-0.3885,7.1313,9.3117,6.063,5.0358,5.2665,-0.8799,5.3065,-4.7572,9.2393,7.8759,-1.9981,-2.1261,-2.2651,5.5616,-9.488,-9.9411,-6.2788,8.6412,3.8152,-8.9022,-7.7645,-0.7976,-4.24,-3.0634,-1.4271,8.0787,2.3224,5.7757,-3.6536,-4.4702,9.923,-6.542,-6.4772,0.9258,6.6351,0.4321,-9.621,0.6589,8.0551,2.5493,2.7602,-1.9138,-7.9239,4.4475,0.8525,8.4105,0.9291,-7.4353,6.1014,5.9125,5.7826,-1.7018,-6.232,3.3812,-2.6461,7.2753,-2.9451,-1.6802,-3.8438,-2.8458,-7.0156,-2.6473,4.3734,6.7472,2.195,-4.3924,-2.8162,5.1436,5.1119,-6.5381,-9.7861,5.3095,1.5486,4.8918,-1.0438,-0.7519,2.8609,6.1556,-3.2458,9.8936,-5.7651,-2.6031,-4.8892,7.9466,-7.7587,-4.0401,4.7093,-8.7995,1.2344,2.8802,7.6429,-6.0128,4.8637,-6.4404,9.4897,8.5674,2.8657,-3.0703,-9.6753,7.871,-1.1242,3.5163,-5.1866,4.3615,7.412,-9.0256,-1.892,4.403,9.8338,8.8933,8.3552,2.0417,-5.5135,-6.1796,-2.9136,-8.72,7.296,4.9232,0.0649,-4.7771,-4.6019,-6.1491,-9.4381,-0.998,8.8403,-2.7561,-3.6246,6.2909,4.274,-8.242,-9.6775,3.7201,-6.4235,2.9199,7.8273,-8.2693,1.7043,-5.5317,-3.3646,1.3285,-9.7032,3.2187,-6.8317,-0.8834,9.6146,-8.6114
0.0153,-5.1329,-4.6376,-4.7624,-2.5681,-0.6672,-9.1846,6.4936,3.3856,-4.7316,4.5722,-8.7479,-3.5718,5.446,-0.0994,5.6059,1.1811,5.2636,-8.2231,6.2299,0.7698,-9.5996,9.064,6.1298,6.1871,-8.5351,-8.06,6.4311,2.4518,2.2665,8.8332,-9.991,-7.8772,2.6294,6.2846,-7.9946,5.6102,5.4439,-2.4433,-8.7819,8.7269,6.3524,5.0304,0.3821,8.9297,0.1854,6.3897,9.9803,-4.9294,-9.0894,-3.2929,-3.661,-7.9047,6.8119,-2.682,-0.4842,-4.8649,1.6671,0.6122,-4.3843,-3.7964,-2.3771,3.6338,-1.1575,7.018,5.1503,-9.6379,-6.5414,-0.9564,7.2972,3.6218,7.7505,-8.9354,3.5559,7.2804,3.8359,-4.3227,-0.0283,-7.7959,-1.0933,-6.9199,-8.0606,-5.1031,3.2908,-6.4474,-9.484,-3.4673,1.085,5.1455,-7.705,3.5213,-2.1521,-6.67,0.0349,-0.7386,-0.5287,7.2567,-1.3876,0.4222,-5.6537,2.7315,8.7816,-0.5475,-3.1352,-1.2617,5.3481,-7.9569,-8.8213,2.4993,-6.9425,4.6308,-5.8587,-6.0435,-4.5912,9.7805,6.5827,-7.2816,1.8589,4.7787,2.6392,8.2683,8.6466,8.3331,-4.065,-8.0028,9.3238,-7.6634,-2.8539,-9.1395,0.4996,2.7739,-2.3201,-4.605,-9.3421,3.2698,1.0393,-0.4055,-5.7594,8.7457,7.966,-7.992,-3.2048,6.5621,4.5623,6.278,7.4187,-2.7931,3.1629,-7.6183,3.4226,-8.7647,0.7658,2.4815,-8.4303,-8.5172,-3.9928,-0.6593,7.4799,8.3572,4.5644,-2.7291,9.8388,-5.7433,9.1493,8.1882,-8.0173,0.5049,4.1392,7.702,-1.3895,-7.3453,-5.7529,-6.6168,-4.2097,3.4342,2.8876,-7.8419,0.5597,-2.6336,4.2017,4.3668,-8.3162,6.3582,1.0825,-7.4474,-7.8523,7.4995,2.6869,-6.6159,8.9865,-7.7305,-5.9785,-0.4901,9.5663,3.3707,-9.5665,-5.1755,-3.7251,3.3414,2.6439
4.9443,4.0234,4.8007,-8.9893,7.059,2.9762,9.3128,3.6366,3.6198,0.2955,9.5058,-6.1089,9.7759,4.8429,-3.8455,9.5008,-4.2521,-0.9657,-9.0424,5.8807,3.6391,-0.5951,-0.6801,7.4051,-0.8746,-5.7356,-5.64,0.6435,1.1067,-7.4149,3.338,2.9721,-0.9378,-8.0719,7.1109,-9.217,-5.9556,4.2891,-1.9496,-1.6415,-2.8856,4.539,-4.3247,9.1345,1.8809,2.6536,-9.7409,-1.8413,9.4583,3.0377,5.133,3.3907,-0.5811,6.7076,-4.2378,-0.2097,-4.6453,7.6701,-5.2564,-6.939,3.4157,-7.3128,6.1707,-0.4099,3.506,-2.3841,-0.292,0.2587,-5.58,-3.1895,-7.3869,-1.2342,-2.8482,9.7085,-7.2494,2.746,-8.6265,0.8966,1.0681,-0.2808,6.1571,8.2332,6.1865,8.5705,-4.9513,-4.1011,9.559,-0.4679,-3.0907,-9.9199,-7.0515,-6.0689,-7.4266,5.1063,0.4031,0.591,-6.0867,-6.713,-3.3739,7.4948,-8.6254,3.2768,-1.8604,2.4726,-4.6962,7.5693,5.4892,7.5996,5.1601,3.9739,0.4424,-9.8794,-7.7986,-7.8342,-5.7281,-7.4372,-7.1869,-0.3695,-1.7987,5.0524,-1.8505,6.4974,5.442,0.892,4.6137,-4.9617,9.5583,9.8368,9.4263,-7.7509,-5.6968,-9.8873,-4.2546,-0.2126,4.737,-5.241,-9.6514,-8.2763,7.7813,2.2153,-3.3938,-0.1354,1.189,-7.6906,5.4723,-3.9971,-4.2312,9.8166,9.4223,4.7332,1.796,7.8063,9.2293,1.7259,1.013,3.374,-4.5313,-7.6418,7.8673,9.5061,-6.3002,4.8428,8.4678,-8.466,-1.2107,-3.9212,0.6216,7.4075,8.2666,4.6668,9.5136,-6.0107,4.029,0.5949,7.5942,-6.9668,-4.5176,9.3552,-0.4715,0.7673,3.4419,6.9193,2.2774,-2.8878,-3.8424,-9.0803,-6.4865,9.1488,6.9175,-4.9316,-1.0123,-5.2724,-6.978,-6.1509,9.7462,-0.1011,6.2736,-0.4102,-3.1586,-3.1554
1.404,4.426,-4.5085,-8.1136,5.1783,-8.0564,8.8397,-3.8713,1.6559,0.677,9.0423,-5.5422,-0.3475,-6.8304,3.0921,-9.5529,-9.5657,9.1039,-9.1615,1.9047,-8.5583,8.5849,-7.9458,-1.2693,0.0498,-6.6133,-1.0277,8.344,9.2793,6.9205,-9.4906,-6.6445,-0.2989,0.1299,5.2794,5.503,-4.4548,3.6927,4.1963,-8.1202,-4.7181,-0.969,-2.4036,-3.4798,1.6205,1.436,-1.1513,-5.0214,-4.2394,8.4281,-4.0238,8.1928,-1.2293,4.9629,9.1456,2.6306,-6.5961,-5.9401,-7.595,-5.5118,8.3988,-0.5548,-3.0717,9.2376,-4.6159,8.9409,9.6679,8.5038,6.8412,-8.1723,7.7336,6.9356,-6.5696,1.1167,8.1361,9.8499,0.5575,-9.4888,-9.5079,-2.9478,6.6478,9.4511,-3.4278,-6.8885,-3.9383,-2.1869,4.7786,-8.9043,2.3329,-3.6359,-9.1825,7.9671,-8.3451,-4.6445,-7.1901,8.7,-3.9464,9.6412,-4.4546,1.6844,-9.729,2.5301,-1.2683,0.6391,-4.3174,-6.4021,9.2868,7.6365,6.2645,5.6804,4.8908,-2.2839,3.6218,-4.9784,-8.2745,-7.9581,9.5623,0.7869,7.934,6.2722,-3.7958,-7.9965,8.3045,-9.4115,9.9165,9.8905,-5.6657,2.926,8.4681,-8.1124,-0.2912,-7.066,8.8419,8.9556,0.843,-4.4877,6.6078,3.3604,0.1658,-4.6775,-5.5175,3.052,4.1668,4.9058,5.6726,-9.674,-2.8136,4.0524,1.3944,-5.1194,8.1688,1.5589,-4.1186,-4.4965,-9.0854,2.5229,-8.4199,4.0013,3.7243,-4.6641,-2.4359,-1.8725,3.7394,-4.3915,-3.463,-7.1195,-9.5932,-4.8566,-7.0398,-0.0218,6.4809,1.7502,-5.2135,7.8892,-8.1427,5.2574,-2.5897,7.8542,-4.3098,1.8737,-6.4864,8.3495,-1.4418,-8.8576,7.2523,-1.4822,-3.437,-1.22,3.1408,-9.8437,-8.8902,8.041,-3.4149,-6.9912,8.8249,-5.1599,3.5237,-1.7822,-1.6545,9.3525
-0.8056,-4.4328,-0.3025,9.7226,6.5812,3.6298,-9.8032,-4.5424,-4.7418,-2.9194,-7.4335,-9.494,1.5466,8.2655,-3.0648,1.2771,-7.1188,-8.0051,-5.5518,-1.5755,4.6822,1.7303,8.0625,-2.4921,1.5931,-8.7877,8.3879,2.5785,6.6433,0.8817,-5.8162,-9.0195,-2.6823,5.6691,2.4138,6.2883,8.1223,-0.0428,9.0542,4.1926,1.2668,-3.1408,-9.153,0.978,-3.933,6.2291,4.4943,-5.4757,-0.4257,6.0153,-5.9777,4.0312,-9.5746,7.0904,1.5118,4.6832,-8.0999,-0.6995,4.2231,1.7557,0.5214,-3.6869,-5.9126,-9.378,8.6717,1.9693,9.4069,-0.8426,0.3268,-8.0235,3.1332,7.6037,-2.0758,1.1396,-8.1324,1.1652,6.4087,-6.0867,-0.375,9.1423,1.9212,-1.6825,-8.9737,5.315,4.4371,7.9205,-3.8684,-9.4383,-3.8041,5.7534,-1.8913,-1.2916,3.2752,-3.8674,-6.9725,-2.5025,-9.8042,0.6788,0.3291,-7.6503,2.8854,-4.2179,-4.091,6.1068,5.9506,8.2825,0.6582,4.3037,-3.8755,-6.0175,9.8375,-0.6552,-8.2839,-5.5621,5.4693,-8.0271,-2.7888,-5.6136,-2.5795,8.4296,-8.8672,-3.2514,2.0067,-7.2196,0.7953,2.6431,-5.8496,2.5896,-4.4365,0.5989,-7.7791,-0.1178,0.116,7.1942,8.2829,-4.9594,5.7534,-6.4732,-3.5211,0.0208,7.0018,5.2427,5.5286,-0.6584,3.5622,5.8571,1.0671,1.7629,-8.1016,-7.3228,-3.0629,-3.2285,-6.0602,2.2331,-0.0851,-9.4502,-4.3808,7.1359,1.197,-8.0718,-5.9787,-6.453,0.544,-7.4744,4.254,-5.7067,2.1345,6.2905,-3.6365,-7.9081,0.5884,6.7159,0.1943,9.3472,-7.9818,-0.5881,-0.7872,7.8634,-9.494,-0.091,8.5977,-9.3978,3.3734,8.8727,7.6819,1.5236,2.64,-8.3709,-6.6338,1.4487,-5.5165,5.3954,-1.237,6.2784,0.7862,5.8539,-9.2987,-6.6822,1.3441,-7.3727
4.2354,-8.3241,-5.1794,6.2535,2.2884,5.3077,8.8088,-6.3624,-8.3073,6.0044,-2.9948,8.2943,3.2874,7.55,8.6181,-8.6689,-4.6927,2.7469,-7.0426,2.2723,-4.2772,3.1729,3.1947,-3.5364,5.5596,3.6638,-1.1468,-4.9574,8.6915,4.1713,-0.1105,5.7511,-1.9575,9.3455,3.1511,1.3721,-5.873,-0.6955,4.001,-6.8115,-8.5389,-1.6651,-8.1628,-8.6654,5.2861,4.3046,-5.1214,-5.0835,-3.0663,-8.2501,-5.7895,3.3678,6.4575,-7.4352,8.2792,-7.7422,4.6345,9.9711,-8.3189,9.9966,6.3072,-6.8651,-9.7364,-4.6813,0.529,9.8005,8.1578,6.8248,-3.6042,-7.2595,4.0009,-9.2327,2.121,1.2979,-2.0692,6.2282,1.1346,-3.2778,5.9876,-1.7817,-9.0867,-7.4342,-2.5201,5.5168,4.5982,5.9281,3.3191,-8.1531,-1.326,3.6767,-2.7176,-3.6045,6.383,6.9192,-3.4954,-8.5822,4.9983,-9.2402,-7.5401,4.7562,-7.117,-9.241,-8.3716,9.0437,-3.2364,-7.0299,6.3116,-0.1492,-1.0167,1.1081,-1.1184,6.9104,0.3181,-1.7389,6.6056,1.4738,7.0214,4.061,-3.417,5.3523,-9.5517,6.4545,-8.5682,5.6385,4.9856,-2.5459,6.4625,6.1822,-8.7951,0.5259,-1.0893,-3.3861,-1.2167,4.648,-5.9967,6.5425,-1.1673,7.1277,2.9805,-1.0135,0.1043,6.6867,2.4664,6.4712,8.0686,8.1979,-9.6122,8.1736,1.5597,1.0402,9.3667,4.0298,-0.107,3.9883,-1.1109,9.6803,-9.6454,6.273,-1.3145,1.6356,1.2935,-3.8092,-0.3908,1.7944,3.8714,0.5013,5.6817,-3.4936,-4.285,-4.6147,5.0224,5.1757,5.8351,-1.5496,-9.0401,3.2619,-8.485,0.6309,1.2821,2.3962,6.5081,-9.8951,-6.9919,4.7144,1.4046,-0.4353,-2.408,-7.0776,-9.9232,-4.532,-0.0174,-1.0359,-9.5518,2.48,6.2839,-6.8141,-4.8929,-4.931,9.2972,3.7881
-1.0736,4.1725,2.5811,8.1937,6.4177,-6.5371,-1.4828,-8.3604,-2.1296,4.348,-9.7764,-5.5221,8.2948,-3.46,4.9387,7.6533,3.2571,2.9267,1.6388,6.5096,-4.3372,-3.2173,-7.9017,-2.3842,9.9827,5.8382,0.1786,3.4656,9.1287,5.9837,3.5143,0.9127,-6.7969,6.9018,2.2869,-2.4331,-4.4717,-7.2291,-6.4893,-9.7343,-2.0368,-4.3312,-5.5969,4.733,7.7328,-8.5937,0.5919,0.6476,-7.8103,6.0781,-0.9665,-4.8509,5.3612,1.8692,6.5356,4.9489,4.998,6.8555,-6.4314,-7.4116,-4.9829,6.0705,5.823,3.4007,-9.4755,7.7502,-9.3471,9.5249,-3.3498,-4.0269,-4.2545,-1.4007,7.8103,-7.2669,4.2047,-3.4552,5.1563,2.6108,-4.8365,0.4018,1.9821,8.2802,5.4066,8.2103,-9.0816,5.2817,-4.8089,6.3991,-4.1409,2.6172,-9.3236,0.1177,4.949,2.4799,8.6854,1.3443,9.2006,-8.4207,-3.4293,5.0214,-6.0042,-7.389,-2.4404,1.6458,-0.0827,-2.0733,-3.0331,-9.001,7.4421,-5.1529,-8.7718,-8.2773,-5.1813,7.5924,-4.7908,-1.0278,5.7125,-6.6329,-5.1662,-9.8648,-8.2915,4.3987,-5.8259,-0.7119,2.7075,-8.7697,-7.2531,-8.3027,-9.0553,-1.6595,-2.3168,2.2578,3.6995,-0.8202,-2.5729,-4.2919,-5.1555,-8.6567,3.6322,-5.3766,5.0773,-5.6791,8.9826,1.3265,7.0947,-9.5478,0.0189,-4.4428,3.2832,5.8601,8.3207,3.1176,1.2104,9.4082,-1.6842,4.5009,-0.0178,5.3005,0.6302,-7.058,-5.773,-1.2039,3.7215,0.9677,1.7755,-1.7586,3.3117,-6.9538,-3.7429,-7.8418,-6.614,-6.2333,9.6926,-0.0526,-4.4979,-4.2862,-7.6754,-3.9268,-4.8192,-6.9452,-0.9659,-1.2236,2.4972,-3.6735,3.6491,7.6878,-0.2453,-1.2259,8.8901,-2.8173,-9.2254,6.036,3.5253,-6.2972,2.56,-9.8618,3.0037,1.0926,-5.5488,-7.7637
7.1387,-0.3745,7.3158,8.3944,4.0815,7.2641,0.7833,8.8581,7.6566,0.9696,9.6413,-4.7427,5.2735,7.1261,9.0561,-6.2904,2.8593,-1.4736,4.7235,0.6322,-2.6281,-5.2657,9.6545,7.0891,6.657,5.5394,-2.2321,2.3684,-3.5323,5.7189,1.5794,3.9988,-2.3991,-3.343,6.5903,8.0775,2.5237,2.8102,9.8954,-7.7775,-2.2169,-5.1567,0.5106,-8.8959,5.3329,1.5776,-4.9729,-6.4152,-8.649,0.466,-8.267,-0.1982,-7.043,3.1553,0.0606,-5.9549,-2.0953,6.7239,-7.3847,-6.4568,-3.253,-4.1932,-6.8041,3.5238,4.2182,2.0149,3.1399,-3.8557,-2.7549,-6.4786,-6.7771,-8.9972,6.0212,-7.4391,9.8758,6.8507,8.3871,-2.8037,-9.0331,2.2879,-1.4734,-7.9645,7.3944,-7.2588,-9.7579,5.2578,4.6908,-9.0018,-5.9355,8.2779,-5.3578,-4.3365,-6.3687,-8.4966,3.7793,-5.8956,7.4432,6.6473,-2.0635,6.2259,2.7105,5.3059,-4.8285,6.7013,0.845,-6.72,1.8596,6.9289,-8.3748,8.3084,3.6968,6.6376,-8.1204,2.3273,5.561,2.1726,5.8038,1.7063,3.4318,-1.9068,-1.2119,2.5266,-2.6779,-6.1109,-5.144,-8.4986,-2.1263,8.758,1.2245,-1.9857,9.1589,8.6456,-4.5435,-4.5019,2.7612,9.1043,-2.8312,-9.3685,4.4707,-1.261,6.1187,-7.3573,-2.5549,-1.57,-4.3233,2.5615,-9.6059,-4.0543,8.9533,-5.7338,-8.237,8.9831,-4.5298,3.1742,6.235,7.0839,-6.425,-2.9159,9.2489,-2.4359,0.7121,9.6214,-4.8968,9.7643,-2.3386,-3.1976,-0.1912,6.1707,1.343,8.6961,7.7128,1.3461,5.6971,6.2942,-9.9947,-4.375,5.1539,-3.0883,2.8989,-7.2879,-6.7638,-8.0181,-7.4238,7.3435,3.2219,7.1857,7.579,-5.8432,3.6386,0.4513,5.1203,-3.0844,2.856,-8.8181,-9.8629,-7.5947,2.8105,6.3777,8.4167,-4.3473
-0.7724,3.6407,1.7326,8.6656,-6.2872,-9.793,-8.3999,8.8479,9.3659,-9.4457,3.7973,3.8948,1.2053,3.319,8.7885,8.3469,-9.2136,4.9857,-1.7401,9.2772,4.2881,-6.3075,1.4989,-5.5773,3.5835,2.4277,-0.7734,5.1561,8.3497,-0.324,4.7475,0.5742,-9.2352,-7.3031,8.0397,9.7154,9.2928,9.2594,7.3171,0.4107,2.3035,8.4912,0.312,-8.2933,0.0844,2.3988,-6.0679,7.5156,-5.9153,-7.0615,5.2822,2.4174,-5.0492,-9.1924,2.6189,-2.8299,-9.8368,-4.7267,-9.8046,-4.3679,9.4803,2.6359,3.955,-6.5995,8.7037,-8.3527,7.9398,-7.9676,-3.0169,0.0023,-4.3161,-6.7481,-6.1699,-6.1848,7.4308,0.7441,-7.3263,-3.8493,-9.9123,-6.5804,-6.8808,-0.9415,-6.4927,0.6716,4.6819,-2.6267,-6.0461,-8.4089,-9.1218,7.6832,5.6225,1.0196,9.6373,-4.4942,7.8117,-8.152,-6.4966,7.2077,-1.4348,-9.5286,5.4032,6.5143,-8.601,1.5004,6.5372,7.4183,3.13,7.1618,-7.8688,0.6293,-8.1372,4.5267,-3.7348,-8.1721,9.7257,2.6122,-5.5473,-9.1483,-2.8309,-1.2554,-3.6021,3.6794,7.2094,6.1565,-9.6137,-6.4379,-9.5749,0.7103,-8.9462,-6.6857,-4.9419,-7.982,-0.2794,-7.76,2.3052,-2.996,9.6593,8.0221,-9.9006,-7.183,7.0541,1.5041,-8.1381,-2.0106,0.3894,-8.063,0.9782,8.6232,-6.8808,-0.9441,-6.9756,-0.2977,3.7083,-4.9454,8.9604,5.1622,0.3438,3.7295,-8.5505,0.3417,-1.6163,-1.7387,4.7591,1.6282,-8.4247,5.0942,6.4987,7.1996,-7.2937,9.5754,5.9032,9.7914,9.2157,-3.1389,2.7851,-8.6065,5.0425,-3.1122,-7.5416,4.3594,-0.2376,5.0912,3.2988,2.0023,-4.4481,-0.1108,-2.3367,1.5445,-3.2402,-5.7005,-2.2079,-1.7474,-9.4813,8.9431,-8.5273,-6.9219,0.8452,4.299,2.9926,-2.8147
2.6373,-1.6076,-2.5983,7.019,-3.3418,-6.4766,-5.6497,-1.9016,-7.4946,6.364,1.753,-8.3993,8.276,-4.5323,-5.7542,9.7969,0.4435,1.4493,2.733,-1.1534,-2.1447,-7.883,7.7107,-2.1309,3.9418,4.0077,5.6709,5.5633,-7.0479,7.1081,-2.9527,-5.5608,-3.7836,7.5767,-9.0138,9.9106,-0.4571,6.9283,-0.5787,2.2091,4.6251,-9.2555,-4.9005,-9.9434,7.7241,-1.6418,-0.7257,3.7558,0.4678,1.4001,-6.8904,-4.7578,9.5073,-2.2026,1.5512,-3.4374,6.7339,4.5632,4.7606,-6.5691,7.0338,6.2213,-6.588,-2.4871,2.0729,7.7429,-4.1497,4.3403,-9.6543,8.1916,-3.5489,8.8791,5.7922,3.9121,-0.6846,6.8428,-8.2929,8.2929,-6.839,-1.3674,-4.0422,-7.5964,0.81,-1.7151,4.8897,-9.6328,3.5684,9.2388,3.9158,6.6868,-1.8179,-0.8369,0.2327,2.3837,-4.5292,8.7828,7.3609,-3.8345,-7.4092,3.9667,-1.7613,4.345,8.9111,-9.627,-9.198,-0.4316,-3.1485,9.0452,-2.5253,-1.5473,-0.421,-4.2216,6.0752,-8.2771,4.1052,-3.2165,-5.0584,-4.4349,5.1266,4.7418,7.7827,6.0898,-1.6416,-6.9216,6.0879,1.8563,-9.801,-4.4785,6.1905,-9.9052,3.1848,1.372,-8.8787,8.5534,-4.7846,0.0449,6.1427,-8.1477,-7.3373,0.1565,7.4554,2.6592,-5.3628,8.7324,1.5237,9.7065,-6.2397,-4.75,-9.7717,7.1155,-1.325,6.827,-2.3493,-2.0703,-8.2065,8.5865,0.4576,9.4225,-1.5381,0.3543,-5.0263,-9.3891,-3.3887,-5.2006,-7.2011,-3.6593,0.8832,-0.8173,-3.8989,8.837,4.1626,-3.4114,5.6412,-9.1644,4.9819,-5.1266,-7.4427,2.4661,-1.6091,8.9009,-8.8205,-5.7338,-5.3549,-3.2425,4.6275,6.383,0.8959,-5.6798,-4.4406,9.3525,-1.8525,-1.9769,2.2572,-3.9824,6.6286,-8.8643,-2.725,9.2901,-4.0671,-2.6503
0.316,-6.2242,-6.3348,4.6494,-9.1786,0.2888,-5.0169,6.5583,-6.5204,6.4626,-3.0717,7.241,-0.5502,-6.3199,-5.4698,2.3493,0.7225,-6.2796,-1.8962,-1.0503,-5.9116,-5.2805,6.7669,-6.0707,9.3647,-8.462,6.6453,3.8136,0.1513,4.6946,0.2451,-9.452,-7.571,3.0609,-7.8726,5.4884,9.6716,-1.4404,-2.1716,-5.7851,3.8853,4.2826,2.2266,-8.7487,-5.3066,6.1244,-5.3646,-1.3097,3.8227,3.0083,3.723,-7.683,2.4994,4.1825,6.3318,2.3154,7.0381,-2.631,3.1002,-7.7499,-1.8414,9.7002,-0.2593,-1.912,9.2666,-0.6078,-3.7568,7.1597,-5.4257,-5.2724,0.9305,-3.7725,2.3424,-1.7775,4.7853,-1.9625,-3.0508,4.1358,5.3357,-4.7803,1.574,-4.5634,-1.0812,-8.8248,9.9853,5.7005,0.667,-6.0998,-3.6706,1.6089,7.6655,-3.4408,5.8233,-3.6236,-4.3658,-5.1012,7.4324,-9.3374,6.9208,8.0304,3.1387,5.0149,9.1021,-5.8623,6.9997,-6.5988,-4.6818,-7.1627,0.2702,7.5883,-5.5024,-5.297,9.8449,7.0758,-1.5453,-0.4261,8.5841,-2.1986,1.0994,-6.9294,-1.1094,-8.4193,8.9336,1.4835,-2.14,6.1845,8.9062,4.6582,5.7005,3.0877,2.5661,-3.773,-0.566,6.4857,2.8499,1.317,5.0447,-2.5128,-7.0309,-0.0905,9.0893,-0.9782,-0.9715,-5.2757,-3.4578,-9.9375,7.3067,-2.1727,-5.5454,3.0258,0.8077,-7.0426,5.5263,8.0522,5.2686,8.6439,5.1961,-9.3765,2.8237,6.0307,3.1269,8.5978,-9.647,-7.1037,-9.9168,5.5439,-8.988,7.8314,6.0975,4.6541,4.2079,-7.2365,-9.6634,2.6106,-9.1369,8.897,-1.7595,6.7923,5.507,-9.0545,-7.0135,9.9154,1.1916,8.4157,7.75,8.3305,7.4575,9.0707,-0.2199,2.8705,-5.4253,3.0496,1.7389,4.5671,-1.8223,3.5484,-6.272,9.9377,9.942,0.4689
0.3762,4.2273,-2.6382,-9.0274,2.0992,-9.9619,5.1984,-9.0299,9.6082,-1.2536,9.5634,-6.783,-3.8916,5.3324,-9.9112,6.3501,-3.9821,3.7068,1.4674,4.2408,-2.9131,-8.0548,1.1182,5.0082,-7.3885,-3.889,6.3155,-0.0375,-7.9918,-9.8897,8.8528,9.4067,3.3302,1.0781,2.8971,1.9417,-7.063,-8.514,7.1628,-6.3923,7.0425,4.7002,-2.4186,5.627,5.1469,-6.9323,4.0025,4.8271,9.9175,1.5827,-3.8367,-1.4575,2.311,1.1006,9.0407,-3.6224,-7.3136,-9.859,-4.896,7.2253,8.6274,5.0258,7.3196,-2.5992,-6.6654,7.8536,-2.3428,3.4993,3.3193,-6.1227,-2.7255,-5.2091,9.3533,-3.6265,1.8284,4.423,-4.9716,3.3859,0.8834,3.2515,-4.7038,-1.2141,-4.9677,-9.3183,9.9305,3.5381,8.535,-6.7165,-9.0542,-6.7778,-4.8175,-5.3795,5.4988,-4.8683,6.9609,-1.4826,-7.273,0.2597,5.4768,-5.6986,7.7165,3.7507,2.5584,3.157,5.2242,2.6409,0.46,3.7117,-1.6939,2.7688,-0.7809,-6.403,3.308,5.5304,-1.1959,6.8266,-1.7109,-7.0579,7.6929,-1.3884,-9.7766,7.8735,-1.6989,-7.8765,-2.3099,-2.6928,-0.4442,2.6993,9.7108,6.0685,2.3168,-0.7494,-6.4932,-5.6157,3.946,7.7525,-1.1502,-7.6545,-5.9468,-2.0886,4.8636,2.3476,-6.8367,9.9342,-1.2879,-9.9694,-4.4289,3.0302,7.871,7.1869,6.6002,0.6435,-0.0386,4.7908,-0.8991,-4.5419,-8.4619,-5.2028,-3.0619,2.0748,7.5951,-6.2787,-3.9526,0.2176,7.3196,-7.7907,-2.8495,-4.7287,-1.2581,-4.9451,-6.9913,-7.7741,7.2076,-8.4884,-2.6755,4.053,6.136,5.5924,2.0716,5.9481,-0.4785,-8.9493,-6.2391,-0.8638,5.1134,-7.5191,-8.6429,1.6865,-5.8257,0.6565,-6.2518,-6.1075,8.4077,-2.6542,-6.8209,-5.8803,0.6333,-7.7151,-4.9119,-5.0046
9.168,-4.5982,7.6305,-0.9153,-9.0427,-8.1267,1.6427,-5.0612,-5.6901,1.5498,-9.5142,6.062,3.15,-5.6591,-6.1445,-0.0686,-4.1444,6.0526,-5.5031,0.2064,-5.9816,-4.5718,-1.2337,-7.0858,-1.4291,-1.5652,-7.9879,4.8504,6.037,-0.8854,-1.7407,-0.2737,-1.5364,-9.2577,9.045,-2.4107,9.6641,-4.49,1.2808,-8.3048,6.1671,-0.2367,-0.7892,8.0088,-6.0765,4.3826,-5.6046,-5.223,-3.4718,2.9006,7.97,-9.5576,7.0194,-7.3408,-1.8403,1.8529,8.0463,-7.3125,6.9841,3.8253,6.8255,-4.1167,-9.6102,9.9325,-0.9832,5.4771,1.9887,4.1223,-3.9697,9.3014,-7.2783,2.1587,4.3568,-6.9938,-4.6667,-0.2296,-7.1539,5.7133,3.6855,8.0023,9.0154,-4.0799,-9.7149,-4.3409,0.2269,9.7019,-5.9067,-2.5262,7.9629,5.9536,8.4701,-6.8653,-6.291,7.4777,4.988,-4.4622,8.6249,9.8869,6.4203,7.1175,-8.1749,-2.7952,2.8019,-0.2481,-5.0484,-8.5175,-9.5185,-3.5189,-6.128,0.5781,-6.793,7.1813,-4.4334,0.907,-8.0702,2.511,-3.1128,0.9811,-3.9834,2.9175,1.8367,7.2494,-3.7174,-2.2333,-2.3694,-2.4584,-1.5721,-9.7481,-5.3751,3.9962,-0.9603,-7.134,2.2675,7.1699,3.1846,3.3917,-7.1284,-6.572,-0.6929,-3.8137,-6.7627,0.4743,5.4412,-9.7733,5.271,8.3089,4.2165,0.5786,8.5597,-9.2356,-2.3714,0.1714,-0.2266,-3.0145,1.4235,-1.1975,-0.5435,2.9385,-6.2565,-9.9436,-1.6169,5.7648,-3.4117,-8.0022,-5.8134,-4.107,-4.2008,-0.2068,5.307,-1.4361,-4.1723,8.6372,9.5655,8.2529,-3.951,6.8323,0.3018,-4.9077,4.0562,6.9106,5.273,-2.1719,2.8431,-2.1721,4.2332,-9.5725,-8.0202,-2.4978,-7.9898,-5.5295,-5.2301,7.7176,2.3158,1.2882,4.249,0.6213,-8.8649,6.6424,1.1876,-9.518
-9.4,8.1604,-2.9462,-7.0971,-3.9628,5.2331,2.1302,5.8061,-1.072,-7.5587,-5.3753,-9.6002,-0.0714,-5.3866,-3.7036,-6.0553,0.8802,0.5127,-7.0009,6.0157,0.4394,-0.0652,7.3753,3.4615,-2.5498,-5.4999,-9.9991,2.7345,3.3849,4.6778,3.2204,-2.1083,6.9473,5.4286,-7.1268,-3.9898,5.8311,4.2593,8.2487,-2.7681,4.4017,-4.4409,-6.3746,-8.4759,8.2986,7.1256,-3.6048,5.2638,5.4651,-7.788,-6.015,-2.1759,-9.3396,0.8705,4.4348,6.0771,2.9422,8.4943,1.9317,-3.9629,-0.1829,-5.4726,-9.8602,9.2623,8.3073,7.3872,-3.2697,7.1025,-2.7395,5.6125,8.4133,6.8621,-5.6871,5.425,-7.5752,7.4968,0.9999,-6.5557,-6.4366,6.6059,-6.3089,-3.5625,3.2025,-8.5222,3.2056,6.196,4.6264,0.6288,9.4853,-5.5142,-1.1879,6.7528,7.8752,4.8381,8.0532,5.2987,7.9693,-9.4086,3.0295,-4.3983,-9.1373,3.1997,-2.8088,2.5918,-9.7374,-3.2402,6.9332,-5.4493,-6.7115,0.0979,7.7223,-8.7424,-1.6485,3.9535,-0.308,7.1384,4.2396,6.1464,6.3459,-9.6378,2.3793,-6.8307,2.8602,0.3862,3.8539,-7.2487,7.8734,6.7334,0.2079,-0.4866,-3.2638,8.1102,-7.4392,-2.466,-8.4973,-3.3403,7.1109,-5.1651,3.4888,-8.527,6.6898,3.3795,-3.2445,-6.7562,-2.2462,0.705,-7.8846,-4.3678,5.1653,-7.6776,-7.2258,-2.1333,1.8414,6.5027,7.2962,8.6779,-1.2768,-4.1338,-1.2575,-1.2055,0.0731,-2.6481,0.4541,2.6836,-6.1332,-4.0113,-8.1092,-6.9457,-7.6736,-1.1332,-4.4195,1.5541,-9.5548,-5.4591,8.7539,-8.8416,-5.0927,-1.5363,-5.5386,6.3485,3.3991,8.3253,9.9561,4.5354,8.501,-0.7165,-1.7448,6.0126,-0.3496,8.3202,-1.8002,-7.8007,4.7916,-2.9226,-4.8272,0.1963,7.7444,-6.9408,-4.6142,-4.5627
-3.2024,3.4761,2.3418,-1.6018,7.7072,4.134,-6.1581,9.4172,-9.5431,8.0511,9.6521,2.0774,0.7256,8.7631,-8.1424,-9.8435,-9.1382,-4.508,9.1347,2.4828,3.0891,-4.8522,0.5336,6.6698,4.5557,-5.6456,-6.1761,2.5319,-7.3437,-5.2968,-9.3787,2.8186,0.9581,1.4479,4.4761,4.8988,3.3419,-5.0737,5.6377,6.4532,-0.9386,2.7834,-3.4999,-3.5195,2.0816,5.4277,-8.6761,9.0342,6.1824,0.2742,-3.2924,-6.9103,3.5208,7.4281,-0.1629,-6.2337,-4.5823,-7.3887,-4.1998,-3.3848,0.7704,6.5463,-1.7566,5.874,-7.0476,0.9113,5.5257,-5.3808,5.5333,8.5452,9.5334,-2.6681,-4.0525,5.507,-2.6771,1.1948,2.9492,-0.4761,1.0047,-9.2357,9.8837,3.6738,-1.446,-2.2901,-2.0085,7.1061,-5.1421,3.5295,-3.7949,5.168,-2.8759,4.2352,0.0885,-8.3216,-6.4759,9.5101,-3.0982,-0.027,3.1381,0.3577,0.5292,-9.4457,-8.3244,-3.2158,-2.3005,-8.504,-4.3025,3.6406,0.1571,-7.0176,-1.6431,-9.1685,-7.3833,-5.246,7.9001,3.7135,1.6135,3.4966,-5.0425,-0.1712,4.3234,-2.5242,1.008,8.1954,2.1154,7.4741,8.5131,9.5646,1.2216,-9.405,-4.3537,-7.6058,-0.7433,-4.7375,-0.5378,5.9366,5.9364,-4.1446,0.147,-8.5385,-7.7821,1.7546,2.7824,-3.0025,2.3606,-8.7988,8.1109,-9.4405,-6.393,-7.8022,-9.671,-7.2314,3.8124,-6.7432,0.9033,-8.0014,-8.9231,-0.8374,-3.8963,-0.5876,5.2232,-7.0078,-7.8536,-2.0702,3.5033,2.924,3.8363,0.0079,5.176,-2.0255,-4.2736,-9.4136,0.8084,-4.2787,7.5898,9.0501,7.788,-3.3746,-7.8218,-6.6516,7.0864,9.8053,2.1306,-1.244,-6.85,0.4711,2.0819,5.3618,-1.6775,-6.3675,5.1449,3.9743,9.8442,4.8902,3.7276,-7.2893,-7.3381,7.4787,-9.1752,-8.1368
-8.2343,-6.9926,7.2537,4.3799,-8.0342,8.7221,-6.0194,9.6707,-3.1246,-2.4031,-4.4576,5.0846,3.1279,6.0005,-9.9016,-2.7172,2.5637,-9.4988,2.3822,5.5612,-7.6108,6.6308,-4.4825,-6.3751,8.0255,-5.7778,-2.404,3.1175,-1.1924,-3.5621,-7.8553,0.2546,-4.0616,-5.6389,-7.1108,-7.1041,-8.5433,2.6235,-1.3438,5.5409,9.5203,8.1445,3.3149,-2.1808,0.3928,5.2173,-1.3645,2.8017,-5.9287,-1.8464,-9.1214,-4.0843,-4.0814,-2.2762,-1.1376,-7.6307,8.8308,5.188,7.7094,-7.7371,6.3987,0.8748,-8.926,9.5275,5.4108,3.9851,-9.1772,-7.899,7.4211,0.4353,-7.3574,9.9341,-5.6215,-4.6045,3.235,-2.6201,0.3198,3.1118,-1.1342,-7.3901,-2.8939,-0.3708,-5.6041,-3.9284,3.5298,-2.2808,-0.0713,-8.6234,-6.743,-9.362,-1.9547,0.3908,4.4524,4.3845,7.3306,-9.1164,-9.0815,9.7159,-4.6048,-2.9897,-9.5583,-6.9661,6.2015,-8.5283,-3.2334,7.9079,9.6085,-5.1315,-8.0472,7.2863,-8.4157,-5.1042,7.7961,8.8734,1.5844,3.0931,1.0403,1.5455,-4.331,7.3443,-9.3033,-8.3264,7.0497,4.9554,-0.3853,-9.9425,-8.1136,-4.4074,2.0765,-0.1102,-1.4313,-3.8488,9.9452,-1.3301,2.9386,6.8672,-3.7197,-6.8482,0.6349,0.7107,-1.8419,-5.7364,-1.4363,-8.2199,0.3241,6.7761,5.3178,7.9064,-6.2276,5.7691,3.0163,0.2411,8.6515,-0.3578,-3.7235,-8.7043,-6.9184,7.6049,-9.8845,5.127,-7.7397,0.0306,0.2621,4.6296,2.9215,-6.7124,-0.7028,3.7691,-0.6407,-1.614,-0.9909,5.6715,-6.1083,-3.3084,8.3219,2.7474,-4.1961,7.2887,-6.646,9.7317,-4.6141,1.0014,5.7207,4.7718,2.1431,-7.4915,-1.3127,9.3219,-9.2598,4.182,6.1301,4.0571,-2.5225,8.2067,-8.7504,-5.8523,-0.0033,6.6604,-8.3898,-0.717
-8.2896,-7.8294,-6.0992,-0.1432,-3.1806,-1.9873,-3.447,5.9535,-1.5916,-8.1643,7.3936,-8.0697,8.0903,-9.249,-2.087,-5.5905,5.1237,-7.0834,-8.1855,1.8744,2.502,8.4162,-0.4378,3.0558,-9.9691,-2.8887,-0.1397,6.0529,-4.3697,1.8368,4.5544,-2.8774,9.6434,-3.5923,-2.0123,9.305,7.5356,0.6816,-6.2651,-7.7306,-9.2736,-0.5223,1.373,0.222,-1.4174,-7.8291,-8.5852,9.9947,-8.3459,1.7095,1.1039,4.9156,7.3206,9.3358,6.5936,-5.3661,7.8145,-3.3219,5.7473,-0.8998,-8.886,5.1357,7.5256,0.8125,-3.6968,-2.378,-5.9903,-6.1481,6.6341,-6.3974,-2.1863,-8.7545,9.7523,-7.3605,1.3254,-6.6974,2.2527,-5.453,-9.1091,-9.4139,-6.9342,6.1244,8.9395,-6.1821,-4.6275,4.0578,6.6505,4.0334,-2.2337,-4.9989,2.9737,-7.8712,6.4484,5.1249,-5.4053,-7.1397,-4.7177,8.1185,4.9746,-9.862,7.5271,3.9526,-3.295,2.662,-4.8563,6.8136,6.7671,2.1212,0.1105,-5.4107,-7.237,1.8145,-6.3698,-5.2034,1.8952,1.3481,5.9211,-4.7808,0.717,-7.8652,3.8133,0.3131,-6.7505,6.2165,4.4652,-3.1644,6.1587,-6.8617,4.2171,7.4569,-2.8908,-2.2447,3.4611,5.5405,4.2849,2.5839,6.1917,8.8313,-2.7003,-2.4845,-7.678,-8.6979,-9.9924,5.443,9.6644,5.2499,-1.5294,-1.0977,-7.9419,-1.6156,-7.8518,3.4296,-2.0422,9.963,-1.9098,-4.9627,-7.705,-6.4115,1.5108,8.3947,3.7504,-2.5801,4.613,9.4768,2.592,-2.7905,6.112,-9.8277,-0.886,-1.8315,4.9942,6.0531,8.5404,0.3664,-2.0028,4.4298,-1.6262,-1.5968,4.294,-1.6405,8.3778,1.3601,-5.6314,7.2437,-2.2275,-0.3815,-3.0848,-4.1073,-6.4635,-6.1722,3.98,-5.7571,-7.2314,9.5597,-8.3348,-8.2444,-9.9416,-6.7135,2.3611,1.2266
-8.0505,9.8262,0.0769,0.6207,-3.1297,-6.8854,-5.0877,4.5126,-8.4702,-3.8975,-7.7974,-2.7763,5.1329,-7.6599,1.0147,5.4571,-6.3125,-3.1362,-4.9559,7.1845,4.087,1.601,1.9024,9.9869,-7.2844,-1.7286,7.742,-6.424,9.5968,-7.8767,-9.4629,9.9684,6.8133,4.4179,3.1821,6.262,-6.8445,-9.4867,-1.2331,-1.8692,7.7901,-9.233,9.2935,2.5071,6.4857,9.6748,2.4658,2.7965,-0.6298,-0.6586,3.865,-8.9014,-5.2529,9.7753,-9.2498,3.3313,5.5196,3.8914,-4.1939,-3.0298,0.1761,-3.8138,-0.122,4.5378,-5.9942,8.5571,-3.0197,7.7466,-3.7496,-0.4184,-4.0607,-0.3767,-6.8158,-5.964,-5.8962,-4.008,5.1159,3.5082,1.0132,0.431,-2.9486,7.3243,8.7491,0.2825,6.5691,4.1826,3.0891,-0.5738,0.9346,3.4914,-6.8373,-7.5769,6.5871,-7.6555,-9.7336,8.5938,0.0944,4.7249,-5.0149,8.2925,-7.2283,-6.2057,6.2587,6.1388,9.3179,7.6381,2.5217,3.0853,-0.4497,2.0434,5.3905,-0.5128,-6.1894,-8.3531,0.9747,-8.609,-8.9983,-4.4539,-3.0476,7.8848,9.4227,0.3463,-7.4759,9.1987,0.9421,-8.8346,-7.5165,2.1469,0.9376,6.6254,-5.1773,7.5014,3.264,8.5735,1.7489,-0.7018,7.0415,0.0451,0.043,-3.4311,-1.4119,7.1508,-5.6503,2.7137,-4.8052,-6.0078,-9.1974,-4.0699,1.5763,-7.8434,-7.7478,-2.8856,-1.7817,4.837,7.0271,3.4973,-1.6966,-1.5727,2.3467,-3.1778,-8.1482,4.2126,-0.4838,-3.4585,-0.286,2.1854,4.8628,8.381,-8.2258,-8.4975,-1.7461,3.138,-3.3249,-6.8506,1.6247,-8.1466,3.6568,0.4498,4.9385,-3.4224,1.8496,-2.3942,-4.7513,2.108,2.9549,2.7816,1.5169,1.0331,0.3014,-2.54,-6.0882,2.4005,8.3795,1.3439,6.4149,1.5068,9.4763,5.9388,-2.89,-8.6382
-8.3426,9.6798,-1.6546,-2.4719,5.2164,-5.4583,2.5937,-2.4043,3.9204,-5.1835,6.7585,9.0224,-6.9291,4.5835,0.5196,2.4526,-1.2419,0.8079,-8.7924,1.8138,5.3111,5.9923,5.0572,0.4912,-8.9353,4.0298,7.453,-9.0873,8.6799,-0.7365,0.6254,-4.3397,-5.8787,-2.0063,0.3629,-2.1888,-7.9754,7.07,0.9957,3.5908,3.2409,0.4098,7.0698,-8.4971,7.7051,-5.4014,-3.8,-1.618,8.479,9.1647,5.6517,7.6103,-5.5991,5.8904,9.531,1.3771,9.0309,5.1964,1.6931,5.9091,-1.56,1.2744,1.2358,-7.8517,3.1609,-0.8404,1.041,-5.4794,4.9864,4.7998,-7.9894,-2.9456,-0.6214,-2.1116,-7.8178,-2.3577,7.8198,9.2472,-6.4535,4.1854,6.458,-6.0748,-5.3395,-9.0901,-1.979,-5.0103,6.4265,5.828,0.5349,-2.4177,0.7689,-1.3165,5.1913,-0.3009,-9.8908,5.1813,-6.2308,0.3827,-8.035,5.9306,-7.0455,-4.0896,9.9046,9.2539,-2.8806,-5.2955,4.8048,4.0789,-5.489,-4.4845,7.8005,-8.1491,-4.5399,-4.3253,-0.5426,1.2747,-1.5027,-5.2316,-0.8106,-7.1227,-8.0623,-2.0396,-9.3328,-8.5117,9.1348,3.9855,1.6638,-5.8483,-6.0438,-2.4759,-2.3239,5.9647,4.8379,-9.0655,2.489,0.8737,-0.0523,1.9234,-3.9135,9.9844,6.6934,3.5332,-0.8076,-4.1541,-1.6372,9.495,-3.3936,4.6067,2.9682,0.4088,1.8305,1.2567,-5.4728,-4.0488,-6.9462,-3.0567,5.1376,6.9011,-8.835,-3.9586,5.9688,8.3129,-8.5109,-2.992,-3.6896,-2.4303,-8.6176,-6.3489,4.425,-3.0961,-3.0613,-3.9368,-8.769,4.9257,8.8573,1.608,-7.2255,-6.561,4.205,-1.1729,0.1368,0.2877,4.0186,-0.0154,1.5386,1.967,-8.8594,-5.0324,6.6221,1.1592,-5.7232,2.1063,-9.7198,-1.0479,0.6508,-5.0021,0.5296,-5.0005,8.675,-4.8099
6.8589,-4.5841,-5.5475,7.8962,3.0985,-5.1573,8.8287,-1.4839,9.5966,-0.0244,2.42,-0.4429,1.1535,1.8761,-5.0433,-0.6489,-7.8985,-4.0245,-8.1915,-6.9469,5.4818,-4.8215,1.5689,1.0547,3.3382,-8.5429,8.3911,-9.9541,-0.1727,8.8113,-6.6465,-9.012,-6.3912,5.4658,3.5613,6.5067,-1.3433,8.419,3.1029,-3.5429,0.4824,2.9872,7.2337,7.052,3.0149,-5.0468,-8.5323,-0.3052,-0.3091,-9.3202,-4.8939,-1.6125,3.46,-0.018,4.525,-8.3991,9.1773,-8.5547,4.3628,-9.0025,4.5517,1.0787,8.2513,-3.6176,6.3857,7.759,5.9904,5.9577,9.1203,-4.8722,0.6389,3.1225,2.6378,9.8973,-3.7351,-3.7214,-0.2598,8.031,-3.1403,3.9685,1.5572,-9.388,-5.9749,9.2102,-1.0916,-0.2363,5.0392,2.9455,2.8331,9.1479,-2.5554,7.4569,-5.6833,4.239,-0.8525,-3.9826,1.7858,6.8726,6.687,-3.9583,-0.8092,1.355,-8.3289,2.6443,9.5387,-6.2728,-5.9856,0.0655,-9.325,7.3621,9.4274,-3.3383,-1.8778,8.7511,2.2864,-4.8393,-7.7395,-6.6461,-5.5701,-3.6426,-2.0846,-3.2386,-5.2156,9.3716,4.9414,-1.3939,2.529,-6.9065,-6.9359,-1.0546,-5.6936,4.5516,4.0133,-1.5608,-8.6218,2.4966,-2.1163,-9.3394,5.1719,7.9509,6.2428,3.8504,-0.1066,-6.2262,-5.4233,-7.7789,8.3497,8.9319,5.37,8.783,-7.0178,0.5193,-8.6576,-2.7556,-9.5772,7.6885,-1.7332,7.1364,-2.8005,7.2333,1.9208,8.9348,6.5629,3.0857,-8.397,-0.0639,8.3111,-8.196,0.6863,8.3749,-2.9257,9.3376,-9.0348,-1.8353,9.2523,-6.7256,3.2863,-2.0735,2.8079,9.4702,-6.3988,-0.542,9.4085,-8.4143,-3.546,3.0853,-6.8182,8.5003,5.7717,9.942,-1.352,-8.5096,-0.8343,0.6613,9.0219,8.6041,-2.4986,-8.8801,-0.3439,8.3657
-5.041,-0.8808,9.8464,1.6447,-2.6452,-6.0684,-4.062,9.4514,-8.7516,9.0001,7.6464,2.1519,2.3734,-1.3444,1.523,5.1887,7.1329,2.365,-3.3717,3.6102,-4.556,4.221,-7.276,7.0478,-7.4878,6.4032,9.727,-5.8352,-7.8421,0.7842,-9.9646,0.5896,-4.3284,-3.7337,-1.4866,-6.0542,3.4533,-7.8914,-3.3134,6.1125,-7.8848,9.9458,-9.5272,0.5979,-7.6123,-5.8399,7.3527,-1.0918,-4.4673,-4.4318,-0.0353,5.1237,-2.8003,-8.6153,-6.8222,-1.2444,-4.7709,5.8936,6.2091,7.7941,1.2819,5.2077,4.0041,4.2425,-6.7709,7.2304,-3.0531,7.9378,-3.9662,7.9913,0.6978,-2.1624,2.9087,2.8003,8.4524,-1.0155,-4.2524,3.6799,-9.4322,2.5648,-9.4485,-9.7284,7.4369,-6.2692,8.9862,0.9528,9.9284,5.5406,0.8975,-0.1112,8.8084,9.5737,1.1517,8.6886,-0.5977,-6.244,-8.79,5.2872,-8.4476,-3.2586,9.7159,3.5185,3.6922,7.9118,-2.5726,-5.4017,7.5717,-3.405,-5.9943,2.4356,-4.6746,-4.5923,-1.9924,9.9781,7.8822,0.231,-6.3848,-7.938,1.5764,-4.0453,3.5508,8.4931,8.6514,8.8884,8.7984,5.6266,-1.4593,-0.5423,8.6083,8.3607,2.405,-4.2329,5.4608,-4.467,9.9636,0.0084,-0.2105,7.4541,2.7782,-4.2081,-1.4192,-0.5831,3.962,-7.2379,2.9901,-8.0453,8.2581,4.7365,0.2749,4.8672,1.0429,7.7926,-4.2888,1.5564,-0.7802,0.8298,9.2715,-3.5925,6.5095,6.5054,4.8953,-3.1198,2.1639,-9.5584,-9.5311,-9.0464,9.8899,-1.3811,-2.602,-0.3894,0.4562,-6.1317,2.4903,-4.4752,2.5217,-8.5825,-0.9269,-2.7516,6.075,3.3719,1.9167,0.5675,7.2035,6.2419,-2.3573,-1.2726,-5.319,-7.7044,-0.0318,3.7224,-3.8087,7.4895,5.7621,9.98,7.5927,-9.8315,3.1183,-3.1258,-2.5389,-8.9643
-2.3437,1.6467,-4.3511,7.8711,5.2632,6.7313,7.9899,9.4417,-7.9014,5.9542,-4.0495,3.2651,-0.4345,4.5808,-2.1814,-6.8989,-4.9922,6.0784,-2.781,3.3399,-2.0136,7.8407,1.4357,8.1559,1.8775,2.2617,6.0845,-5.5074,3.029,-0.4297,-3.2946,-0.9724,-5.7927,-5.3187,-1.8707,-5.2428,9.1227,8.8816,0.8226,7.0438,-9.78,7.7303,-4.0516,9.871,5.2967,-5.6755,-4.7232,5.1083,-7.642,7.3388,6.5749,0.4796,7.2304,9.5969,-1.9541,-4.5961,5.6218,-5.9304,-8.9535,-5.3085,7.0574,-6.3332,-5.4956,4.9905,-0.3542,6.4596,-0.1134,-5.0514,-5.2076,9.2497,8.7023,-6.9335,-3.3197,-5.768,1.6791,-6.6656,4.2707,-4.9166,-6.7608,-9.5799,-4.5823,2.0231,1.5487,3.9318,1.3869,2.3635,-8.1217,2.231,9.9514,1.672,7.9745,2.7214,9.4936,0.6139,-4.9407,0.8722,2.9379,-3.2711,-6.6321,-6.943,4.6538,-8.4071,3.3941,3.8628,4.7865,8.9162,3.4016,-9.641,0.0455,6.9713,3.2454,6.4378,8.0018,3.2486,7.2843,5.7549,-9.3707,-9.1338,-8.0097,-5.3239,5.7824,2.1105,-4.715,-1.3373,-2.1694,-8.9169,-9.0392,-5.5882,-9.035,6.7493,7.5389,6.9448,8.34,2.1891,4.426,0.2054,0.3841,6.6279,9.3371,5.1854,2.8875,8.8693,8.5586,1.6654,2.2754,3.4821,4.5998,8.1232,-0.1241,2.6356,-1.3487,-4.4551,-4.3484,9.0857,5.2347,-9.973,-9.298,-1.7443,1.4983,7.0483,8.9348,6.4341,6.9907,-9.9497,7.3988,-1.439,-5.5113,-9.2344,-4.1818,3.1636,-2.2968,-1.3221,-8.3728,-6.9903,3.9213,9.3098,8.1964,7.0269,-0.1214,6.2689,8.7544,8.5598,4.4942,-2.3043,-9.4488,-9.772,-4.2189,2.6685,7.5389,4.2971,6.87,-5.4491,-6.2713,4.4859,2.0183,3.0473,8.8887,4.0125,-8.1544,-9.8028
-2.8387,8.58,-0.581,-7.0365,-5.7879,-5.2838,-0.8833,-2.6958,-6.3058,-1.3605,6.2428,-9.2205,-5.3201,-4.8971,-8.8883,-1.9068,8.8186,7.4127,0.3769,-4.4641,9.2159,6.8489,-6.3327,-1.8655,-7.1065,9.938,-2.7239,-5.0381,-0.0892,-8.2088,-5.3908,-1.5411,9.0623,5.5283,4.6556,1.9252,-6.6062,4.0217,1.1494,-2.5711,1.5416,-9.8744,-8.9214,4.2456,-3.3742,-1.8759,-7.148,-8.2686,1.0006,6.5612,-3.1552,-9.7647,7.3399,-9.7176,-1.4812,-7.3413,5.8957,-2.6751,-5.0439,-0.3445,-0.8345,-9.805,-6.8234,-9.8787,-7.3657,-6.4822,-3.7483,8.0971,5.1718,-1.4813,-5.8968,-4.0154,-2.3668,1.2351,5.4641,-0.8078,-4.5087,-6.8991,4.9309,6.9685,6.2587,5.3327,6.306,8.5472,1.0457,6.4513,-3.5497,6.6834,-1.9268,-5.6029,-1.9868,0.5494,2.9225,-9.0327,-0.1768,8.0493,-1.1863,-1.6581,4.666,-3.0192,-2.4301,7.4582,6.2285,-7.4712,-1.1618,2.971,-0.4544,-2.3401,1.6403,-6.4905,-0.2497,-1.0169,-2.1279,0.7375,8.1843,9.5411,4.3307,1.6839,7.0433,-4.3731,-4.7957,3.4667,4.1849,6.3228,5.5568,4.1741,3.5897,-9.829,-9.2025,-2.0641,2.2809,6.0614,1.725,-9.4323,-2.1328,0.3386,-9.2788,9.4368,1.9049,9.892,-1.4766,1.1864,-4.5938,-9.0666,-9.012,5.0765,-9.6226,7.8773,-3.7453,5.5527,-0.4767,-7.8979,4.6211,-3.8718,-4.9074,6.9601,-6.4637,-9.2276,-9.7148,4.1988,8.3107,8.2172,-1.9149,7.3951,6.1132,0.1287,-0.0442,-9.8009,-1.3741,-4.9613,5.4665,-6.0926,7.2731,5.5598,-0.3676,-5.1057,-4.8465,6.6636,7.4945,6.9504,8.3853,5.5037,4.1075,9.7651,-0.4752,3.3262,-9.5704,-1.3488,-1.5174,1.1443,-3.227,-2.3565,7.8572,5.7681,-1.8743,1.204,-3.2396,1.1881,-2.2018,6.2369
6.9007,-7.7834,2.2063,2.1666,-5.7046,0.8981,-6.1112,-1.9494,2.6444,7.4408,9.1892,7.1073,-1.3136,1.4559,-4.6408,5.8246,2.47,-2.6126,-8.5587,-4.4804,4.541,-3.9,-3.1313,7.0875,3.7603,-1.3795,-8.5356,7.9733,-0.8114,-1.7481,3.5702,-0.4028,-2.6141,4.3063,-1.4262,-6.6704,-1.5312,-7.6131,2.5443,-4.2651,-6.9058,3.6051,8.0528,2.967,-2.5957,-8.1523,0.2212,-2.73,-6.4715,2.4326,-6.1672,-7.0842,1.1648,2.393,8.7743,3.4614,-7.9453,-7.804,4.9028,-2.5202,-8.5986,-7.5709,2.2054,-6.778,4.0405,-3.2824,-7.0207,-0.1678,3.0959,2.6076,-5.5996,8.884,3.1091,-1.7922,-0.175,0.4765,-1.5876,4.8375,-0.2365,-4.8118,-0.7361,0.8132,-1.4324,4.9078,-6.7278,-6.3048,-7.0241,-1.1036,7.4968,-5.5362,-9.1279,8.494,-7.4673,5.9405,5.9047,-9.6172,9.1664,2.8425,-8.3407,6.71,-9.6772,3.1404,-8.7988,7.5321,-3.9077,-5.9306,-1.8562,-9.3192,3.1694,-6.0798,8.0891,-1.3934,-9.8878,6.9097,-6.9479,8.4236,0.6929,-1.7107,-6.5775,7.2575,4.444,2.0211,0.3346,-3.8965,6.6313,-8.7246,9.9987,5.2494,2.0685,-9.9898,-5.2825,-1.9755,-9.8285,9.7701,7.6341,-7.0809,0.3922,1.1965,-0.0537,-8.5254,-3.7285,-6.5946,6.5242,8.4158,-4.5093,6.7895,9.135,-5.7142,-6.1375,-6.865,5.3687,6.6893,7.4817,-4.6424,-8.667,-1.0222,-6.1821,4.8195,-7.8105,-9.2206,-4.8271,2.1267,-1.3613,-6.6351,5.7767,-3.0301,-2.1971,-8.2355,-4.2321,-9.6385,-3.1847,-6.9857,-9.2232,7.8168,9.4386,6.8795,3.0309,9.9427,-2.0467,-2.3283,9.5585,-8.8278,1.29,-7.9574,-3.7248,-5.2766,-2.5708,-1.9144,-7.0342,-9.859,0.0634,7.5226,-4.728,-7.024,-6.6896,1.5754,3.6469,-3.5233,7.3637,8.8025
4.1836,-6.153,0.2212,-2.7338,7.6856,-4.9891,3.3367,-7.0325,2.6672,5.1731,5.1768,-9.9025,-2.8686,4.7491,5.8143,-2.0051,0.5919,-3.4723,-5.6544,-0.6935,0.6499,-2.3845,-5.171,-3.6787,-2.4407,0.5612,-7.1496,-0.1881,8.39,-1.1934,-7.6118,-0.2293,-4.0177,-9.1126,1.1959,8.4939,-0.3639,-1.9862,9.7201,6.6259,-7.0592,-5.7891,-5.1594,8.0757,6.3097,9.9676,6.0005,8.3603,1.948,-6.7207,-7.3851,-8.3757,1.1288,5.5568,0.0767,8.9187,-3.0132,8.3684,-7.9127,3.9142,-8.6376,-5.2868,5.4078,-7.1023,-3.8086,4.4521,9.5775,8.7834,-4.7499,2.1874,-3.5577,-7.8737,7.6683,0.6134,-2.8347,5.0293,-1.8288,-3.5208,-5.5658,9.7218,4.7924,6.4704,5.1834,7.5071,7.9018,-1.2559,-0.3259,0.8907,-4.3277,8.8357,-5.6093,-6.8018,7.7419,3.8217,-2.3819,9.0981,1.1574,0.9945,1.8317,5.1224,3.1583,-1.4963,4.9,3.9792,-4.553,-8.0959,4.5138,4.4406,-2.9593,0.9897,5.8505,-7.8514,2.3792,6.3437,-7.6896,-5.4326,5.6553,8.7024,2.1965,6.3653,-0.9653,-1.3113,-0.6335,0.8307,-0.1247,8.9803,-0.2962,-7.7052,0.8222,5.1709,-9.4144,-7.7254,-7.8183,4.0332,4.6085,-1.4506,-2.0143,-5.0603,-9.3975,-8.7609,8.4234,1.643,-5.7696,6.7596,-7.9957,-9.1776,-4.182,4.9094,-3.3428,1.2353,7.827,-8.4034,-6.2292,1.9503,1.6444,-7.7565,0.8504,7.6224,7.4352,-2.4386,8.6733,1.134,9.2301,-3.8833,-4.5353,-7.6835,8.8591,-2.3702,-5.7802,6.4441,-9.2223,-8.1373,-3.7506,-2.7157,-7.5811,-8.6564,-6.9546,0.5232,-9.432,5.8171,-2.125,5.2183,5.7271,-6.2553,-0.807,1.3359,-7.551,-9.7196,-7.0486,5.8861,9.9364,-0.094,-4.5815,9.7241,-8.178,5.2592,2.3636,-4.889,0.3942,-9.1602
-0.0581,8.6757,0.8157,-3.2958,5.913,-5.186,-3.2439,-4.3482,4.5702,-2.3718,-1.97,-5.1797,-3.4223,-9.2217,8.8104,-1.4655,6.6917,7.2132,-7.0463,0.5033,-5.3739,-5.1945,8.7542,8.0797,-7.7583,6.692,7.6805,-5.8668,9.9685,3.4639,7.7896,4.9646,-6.1609,4.609,5.6982,-8.4223,2.3905,0.2416,0.6436,7.5632,-9.0718,-5.9471,-3.227,5.8901,2.5895,2.3337,-7.1182,5.45,-8.1869,8.5664,0.2926,-4.3264,-4.6516,7.5779,7.0589,7.2123,0.1171,6.0225,5.054,7.5,-8.9197,-8.8748,-0.937,-5.2455,6.6588,-6.9425,-2.5634,-2.6875,1.0337,-3.5955,2.5842,-9.6252,1.271,1.4424,-6.9487,9.2499,-5.5651,3.5831,-5.475,2.7882,-6.5645,-1.6549,-5.4883,6.84,-7.9461,7.5648,-1.1991,-9.7162,-3.6805,3.429,-7.6679,-6.805,5.3789,-1.3077,-4.3698,-9.4736,1.3382,6.9477,5.3727,6.9471,-7.8648,3.2165,3.348,0.4023,-5.9593,8.8903,-3.6249,6.0483,6.6045,2.2384,-1.7891,-3.4988,-1.5442,9.0046,8.2874,-1.2356,1.6612,-8.4905,4.8033,-2.289,7.0907,8.2922,-3.6729,-6.8908,9.7265,7.8485,8.5506,-4.6527,-1.8181,-8.5354,-4.3032,-0.4901,1.4134,0.1894,-9.0232,8.0915,3.5463,-3.5468,0.2617,4.1794,-0.9356,-1.6078,0.9739,5.5461,-2.0358,5.9311,5.8804,3.6833,2.3351,-0.2177,-5.7373,-8.0756,6.2114,5.3203,7.6435,-0.1701,-5.8284,-1.6806,8.7023,-9.5232,1.2091,-3.3313,-0.4677,1.5141,-2.7132,-9.7035,-8.4118,6.1054,-5.342,9.2297,0.3149,-0.6432,7.1361,-5.3154,-1.1775,5.3166,7.1224,7.0601,8.7369,3.8285,-0.6258,-9.5676,-7.9193,-1.2165,-7.937,-6.6396,2.3138,2.5097,-1.2455,0.5204,3.3667,-1.103,-4.3078,7.6506,9.8697,4.763,-1.7712,7.1047,3.4134,-1.3793
-8.9473,0.6217,6.4895,-5.7671,9.8043,-9.6957,-6.3906,-5.1098,-4.3858,6.2797,-6.7042,4.0524,-8.3744,2.5175,-0.1673,-8.9344,5.5834,7.8126,6.9148,6.1517,1.3,-0.5599,9.3421,3.0038,-5.1988,5.1677,-6.4997,-2.7046,2.4552,3.8646,-6.5255,-3.4472,0.0815,-1.5186,4.6813,6.4508,7.028,6.552,-9.0014,4.4944,-2.3756,1.2797,-3.2777,-2.9606,-5.3624,-2.1982,-6.3592,-8.6111,0.0248,-9.5444,-4.9053,7.9424,4.8633,-2.8555,7.057,9.6241,9.0577,1.3676,-1.1594,-9.7949,6.7007,-6.2682,-6.6357,-6.0197,0.0369,-2.4723,2.6003,6.1462,8.1093,-4.9686,0.9427,-9.2637,-9.1227,9.3186,7.4496,2.4737,4.3923,-8.3458,0.9601,4.3734,2.7401,-1.0654,9.3566,7.4096,4.4246,-3.3533,-1.8065,-4.155,0.1275,0.6859,1.1208,8.7821,-4.0059,-5.3953,-4.8381,7.4568,5.6407,-1.8086,3.2606,-4.567,2.7462,-7.526,-8.9963,-3.7688,-3.2392,-3.9009,-3.2008,-3.867,-3.8025,-0.148,6.0338,5.2858,3.5234,2.3269,4.2143,3.202,-9.1507,-4.5229,1.139,1.1842,6.4401,4.5935,-2.0329,8.8825,-1.3495,-6.2208,5.1071,-3.8114,6.2984,-1.8068,5.1875,6.4224,7.8062,7.1519,4.2414,-9.7021,1.1412,7.8906,0.5133,0.09,4.888,2.9184,-7.4646,-5.2034,-0.9112,-1.6156,7.0419,-0.8293,1.7931,7.4646,9.6166,-8.5868,0.3972,-7.4616,-6.5298,1.343,8.9001,-7.6624,3.9301,-9.6218,-5.1051,2.5518,-7.2475,0.6064,-5.4057,-6.1277,2.7825,9.6595,-8.6748,3.6547,-4.8847,2.9477,0.4893,4.0951,5.9988,9.2235,8.9272,-3.7658,-8.7108,-9.3943,-1.284,-0.3025,5.2596,8.2746,9.0104,8.7614,6.6923,-8.5096,1.0977,-8.0235,2.9153,-9.2986,2.1812,-4.5326,3.4036,-4.4926,-9.6886,5.6612,7.4473,2.9745
8.3401,-9.6991,0.8543,-1.6847,-1.6584,9.971,-8.7819,5.7643,4.6483,-8.1474,4.1191,-2.3429,6.811,7.087,7.8766,-6.2999,-6.2113,2.9164,-6.507,6.8324,1.6825,-1.6086,-8.961,0.8709,2.2738,-0.3986,-6.8442,-2.221,-1.181,-9.8741,-2.3926,-5.5632,5.1306,5.0207,-0.2754,-5.2778,-8.919,-3.3826,-0.7053,5.3594,1.9157,-6.3783,1.871,-5.346,7.4732,-3.9877,5.0826,-1.2317,-3.4158,-5.073,-4.5867,-8.9861,0.613,5.7946,7.9106,6.0226,0.7574,2.2718,-1.3806,-2.3138,-0.4615,9.4434,-8.5794,-7.6658,-4.0995,7.3469,-0.8907,-9.3708,8.262,2.2329,5.6997,3.0932,0.792,6.0752,4.3212,-4.8232,-0.4213,5.6728,1.1184,7.7101,-4.709,-4.651,-4.5318,-0.213,-3.5772,7.5651,8.5625,5.3044,-6.622,-7.6644,-3.442,-3.1887,-6.2745,-1.1726,5.8906,9.0875,-8.1399,4.6855,2.8617,5.6073,-1.5753,-0.4052,9.8478,9.0848,8.5205,-3.2398,-4.5968,6.7251,-9.5972,8.9449,2.5344,-0.6821,6.1609,-8.8802,-1.2875,9.2157,-9.711,-3.7721,-1.3656,-7.6224,7.1437,-6.6659,1.5881,6.0835,0.9606,5.6238,4.2458,-0.8721,4.46,8.2312,-9.152,3.1083,-2.5377,4.464,-5.5172,-1.6769,-7.1377,8.7253,-8.3457,7.1798,-0.9157,-7.9008,-9.6128,2.7133,-0.779,8.4674,-8.5393,6.7394,9.0583,-8.5578,5.1057,6.5878,-2.4754,-4.3939,-5.4749,-7.6386,-5.7653,2.4054,4.486,-8.024,-1.2634,-9.3114,-7.804,5.0058,-2.4228,-5.2258,-8.3484,-4.3283,-0.0266,7.365,-5.859,-7.8842,-4.4251,6.6911,-2.4721,6.617,9.3856,8.8754,-4.6643,-1.4263,-8.8833,6.6027,-8.1228,5.5424,-7.5848,1.3981,-9.0159,-7.4964,3.4426,-5.1409,-5.462,-3.87,-5.6615,-4.9752,-7.069,-2.5807,6.9308,4.3137,5.1528,-8.8839
8.9317,-0.9985,2.0205,-7.7894,-5.1328,9.1792,-8.2859,-1.4411,5.5123,8.5464,5.2032,-0.5648,7.2878,6.1944,-8.5459,-1.1982,-9.2864,4.5997,3.456,5.2544,-0.3752,-8.0696,-5.7411,1.0133,0.7962,-5.8742,6.0436,-4.8104,-0.7358,3.271,3.7443,-1.7104,-4.9802,9.917,2.6863,-9.9642,5.1714,5.4591,-5.4823,0.9271,-8.7968,-5.9594,-8.9543,6.7524,-0.6034,-4.8252,-7.0636,8.0929,4.2462,0.7886,-0.859,0.853,-1.5462,3.1405,0.3587,7.6984,-3.8525,5.7256,-4.824,4.3719,-9.0186,-2.8891,-4.8498,4.2651,2.2862,3.2992,4.085,1.2254,7.1135,7.1692,7.8432,-7.3708,-4.5231,4.1426,7.117,0.1731,-3.498,6.0444,-1.1262,-2.7224,9.7007,3.7438,1.8054,-8.4849,2.1127,-7.8258,-3.0633,4.2601,8.14,-5.5262,-7.7451,5.5648,5.8009,-6.3569,9.461,7.4593,5.6071,0.5768,4.1414,0.7966,-1.8732,-5.7981,0.5358,8.2272,0.1245,-6.4268,-0.5714,-2.3076,-5.8431,8.4236,0.1228,1.8684,-5.4877,-2.7244,2.4777,5.9286,-7.201,1.3029,5.1594,7.3108,-8.0835,-0.1059,6.9806,-3.6855,-8.1814,-1.3836,1.0745,8.4332,-3.347,-4.3203,7.0292,7.1661,-6.6637,-9.909,-7.8338,8.8803,3.8621,9.1909,1.4221,6.8934,9.8221,8.2506,2.4859,-4.119,0.1072,1.7397,-2.0745,-5.0814,7.1238,2.9789,-1.3359,-8.9736,7.7475,4.3268,5.3907,-5.2704,-3.2252,-9.899,-3.4326,-3.6671,1.3207,-7.5952,-3.9207,-9.3612,6.2955,2.6204,8.2439,-8.0431,-6.7025,-6.5516,5.2521,8.6871,2.0661,-8.2754,-7.4266,-2.1733,3.9864,-7.7707,4.5358,0.0688,-7.3525,5.445,1.9981,-9.6863,0.3332,-8.7466,-6.9745,-8.9472,-7.9965,1.8096,2.5423,3.6343,-6.0796,-0.4629,-7.3161,9.1218,-4.7833,6.4553,-7.4318,3.3157
-1.5513,3.698,4.7413,8.854,-8.5781,-6.7982,3.7652,5.7666,-7.003,-0.3677,7.2126,8.8637,-4.6462,4.9176,-4.3938,-7.8185,3.658,-7.3544,9.1805,-7.7094,-8.6456,-6.0041,-7.2011,-8.0424,-7.6908,4.3855,-1.4307,-8.4305,-2.1237,0.1198,-8.2391,-8.2165,9.6273,-7.2361,4.5824,9.8187,5.3844,-6.6629,-3.0771,4.0651,-1.5859,-6.2439,-8.527,-1.2679,2.9588,-6.6953,-8.88,-6.2146,4.0292,-2.1078,-1.7317,-8.2006,-4.6434,-8.5237,7.3884,0.0822,8.7537,9.694,1.942,-7.9492,4.9744,-8.134,-6.5901,1.5631,-9.1909,-3.0442,4.9836,4.6006,-4.8129,7.0222,-7.253,1.9149,-9.7316,-5.7696,8.2255,-4.6291,-5.1063,6.8396,7.9769,-6.3632,-0.3692,2.6412,2.7938,7.7285,1.4885,8.108,1.907,-2.1938,1.1492,3.9743,5.5353,-6.7035,-4.4869,4.3255,-1.482,5.6032,-6.709,0.3081,-8.7225,5.0462,8.239,6.5801,8.5978,0.7258,8.7147,-7.7861,-8.2385,1.5793,-8.098,-3.0539,-4.7231,9.1553,-7.3863,5.7211,-3.6412,-9.5954,1.9885,5.3235,3.7961,5.8302,6.09,-3.0644,6.6165,6.3439,-8.0694,-2.6705,8.2407,5.778,-4.554,-9.502,2.7059,-8.7943,-5.4464,4.7518,-8.4039,1.827,5.4286,1.6595,9.0303,7.3311,1.0518,1.8572,0.2809,-2.1829,-2.8025,-3.682,-3.4159,8.9594,4.4106,-2.3636,5.1665,0.7895,-4.3969,0.5883,0.3336,8.0381,3.1437,0.3943,-3.8189,9.1486,-6.9979,4.2727,9.3263,-0.1799,1.5791,-1.8611,-5.0869,5.9338,4.9196,3.7798,-5.1089,-4.5411,-1.7683,-8.5693,4.7553,4.4395,6.2942,-9.4955,-7.6979,5.3571,-7.7416,-6.7649,6.8699,-5.4026,-7.7114,-5.2138,-7.6465,-5.5079,5.6629,-6.085,-5.2956,0.8071,-3.9512,-0.8079,7.7474,-0.1369,9.8825,1.1407,5.7898,5.371
-8.9114,-0.2228,8.9916,-7.8783,-8.5071,-9.6408,-8.6797,-2.5313,-8.9814,-8.9642,-4.8361,-1.9444,-8.055,-1.333,-8.5571,8.0748,-3.7398,-3.536,3.019,-5.899,-7.1015,-6.9453,3.4272,-2.7119,2.0308,2.3994,8.6382,-1.9534,0.8551,-5.2496,-3.9508,6.5712,-3.3629,3.1681,8.8948,-2.8159,-9.1901,-9.5696,-5.7621,0.4214,-5.7956,-2.43,-6.0262,8.1821,4.3415,-1.2452,-3.9802,9.3489,7.7355,1.3606,8.2247,9.1942,9.678,1.5402,-0.4697,-0.012,7.0432,4.4416,-5.0658,1.0195,-5.1738,-5.0286,-8.1702,-3.7759,9.1876,-1.3255,8.3818,-3.9084,2.8907,-7.3386,0.4053,-7.336,9.8735,6.2432,-2.6864,6.0514,-0.3231,-9.2506,-2.8315,-5.6171,0.8101,7.9169,2.0683,-0.6645,-4.9447,7.2619,5.5729,-7.2353,0.0626,-1.113,6.6939,1.8008,-2.9117,-1.7633,-4.3497,-9.8586,2.6317,9.9641,0.3801,-1.9649,-5.2801,-8.1236,2.0384,6.832,9.4116,-8.6923,-6.6791,-3.2065,4.8754,5.4414,4.7314,-8.681,1.1111,-3.227,-4.1205,-3.1077,7.4246,6.6307,4.2904,-2.3938,5.8252,2.5891,4.5468,-1.5516,-5.6805,-8.6331,5.964,-4.4918,4.8837,-2.68,-4.6507,1.5179,7.6691,-7.2354,-4.1741,6.5607,2.119,-6.5845,1.1727,2.7737,6.4576,-2.0104,1.1787,-6.4141,2.6748,1.6411,-5.8253,6.6031,-4.0695,-5.6208,-8.3521,-9.5194,-6.563,-7.5108,5.5929,-6.0199,9.6349,-6.3098,-4.147,8.5425,-1.4318,-2.9284,-7.687,6.156,-6.1755,1.2311,0.0942,3.6522,9.9024,2.409,3.9836,-6.1658,-7.5516,-0.2225,5.3822,-1.1795,-8.5425,-8.9816,0.6429,4.474,4.7293,-1.5512,-2.955,0.7756,-7.9026,8.9937,-1.3897,4.4663,7.2733,-0.4679,-9.5844,0.9875,8.3673,-7.482,7.7383,0.9855,-0.5511,-5.2011,-9.3377,7.0327
6.3855,6.7095,-5.9834,-3.1715,-3.4041,7.3576,6.5104,-7.2396,8.4995,-4.0244,-5.6627,-1.0069,-0.4328,8.6517,3.226,7.9933,-9.0278,6.2227,4.9545,-9.2703,-3.1943,9.3835,-0.5294,6.7226,0.4079,6.0221,1.5095,-7.1642,3.8259,-2.7836,-8.0072,-6.0977,0.1421,-3.1254,-0.7387,8.6963,5.8417,1.5866,4.0874,-8.5655,-5.1308,3.0874,-7.2206,2.661,-0.1103,-5.3525,-7.4142,-6.068,0.701,0.1081,-1.4187,-9.9758,0.0472,4.1605,4.617,5.8029,6.1773,-1.409,7.7525,-8.0994,5.1054,-0.3441,9.0326,2.7279,-9.0089,-9.1634,1.3777,-5.1072,-9.9592,-9.2242,-9.6291,4.8496,1.5527,0.1941,-2.2266,0.6051,-4.7217,4.1379,-6.7419,8.6739,-0.6785,-7.2561,3.4282,-1.4885,-5.7688,-0.596,1.2345,5.3024,-0.8562,-1.8931,8.7616,6.3444,7.0351,-3.6972,3.5455,-2.4951,4.2496,2.0846,8.3901,-3.5043,0.061,3.9737,7.8401,-9.6398,6.7233,-2.0044,7.5718,-1.6383,2.922,-1.5582,0.2953,-0.6418,8.7771,-8.2031,7.5794,-4.2284,-8.8898,-5.6503,3.2036,8.5217,-2.1856,-8.7106,-6.9521,9.1055,-1.8927,0.4707,-7.9762,5.2219,-1.3397,-6.0404,9.3069,-6.0363,4.7647,-4.2864,-7.5172,3.8711,9.8697,5.1137,1.8853,-9.5237,-9.5106,-4.1258,2.6895,0.1707,4.7447,-8.0349,-3.6714,-9.0934,-1.9785,9.7817,-4.6423,4.0309,9.7938,-0.8607,-6.2446,-1.3723,3.2634,3.6554,7.0978,-0.7205,-4.8828,-6.1442,6.1735,-7.3939,9.7343,4.2962,2.7701,3.7812,1.2223,-5.5578,4.1055,-1.6887,1.0023,1.9864,-6.8362,-8.759,-9.5739,-7.4973,-0.9233,-5.9063,-3.5545,-5.5846,-2.5086,-6.5265,2.783,-1.5354,1.8144,-0.2715,7.6278,-0.0913,0.4995,-7.3456,-0.6694,-6.2622,4.1167,6.4743,2.2176,-5.0345,7.3201,2.6058
0.1463,-8.2673,-0.4372,-4.6707,-6.118,6.9536,-6.8167,9.7439,-9.2141,3.3074,8.102,-4.1002,1.0645,3.8066,6.3705,0.264,3.3814,7.4553,2.6427,2.4949,-5.2674,2.9323,4.2551,-0.3098,-3.737,-8.1319,4.1561,-9.7021,5.7678,1.0309,4.1947,1.4216,-0.1873,-8.1388,6.7086,-8.6493,-6.1529,1.706,-5.9123,4.8192,5.5081,8.1498,0.1635,-4.6852,-9.9253,-4.66,-1.2512,4.6482,6.4675,7.6351,-2.0061,5.2424,0.1407,-9.9373,3.2266,0.1169,2.3396,7.3459,5.2574,0.4112,5.4151,-1.2232,-1.5,1.9825,-0.1248,2.5272,7.3905,-7.694,-1.9369,8.1655,-6.5788,7.8523,8.5124,-1.6861,6.2368,-2.2317,-8.0079,6.3784,-5.2245,-7.7139,-6.3629,1.3952,-5.4208,-0.0459,3.2136,7.3361,5.9619,-7.4448,1.2405,-5.2019,1.7889,9.6813,7.9693,7.8059,-3.3944,5.4183,4.2616,3.1614,-2.4007,-6.5936,6.61,-8.8886,2.3661,3.5982,9.5713,-2.8067,-4.1797,-7.122,2.2562,3.7398,5.8973,3.0012,-9.4138,-1.3224,-9.6568,-6.5397,-9.0838,-7.9023,6.2495,6.6222,4.9541,-0.0983,5.1869,1.3454,-5.5759,-3.6927,4.6157,2.7414,8.4693,-5.0161,3.8565,7.039,4.3292,3.5129,-2.9424,2.3169,7.1884,-4.6732,-2.2184,-4.181,6.7504,-8.2039,-9.5023,-4.7034,9.058,1.8422,-9.3162,-9.4163,8.5556,-5.5492,7.4361,5.5568,9.9961,0.2755,2.3254,4.4136,-9.3603,-7.9796,-8.2164,-4.4442,-4.1774,-5.6091,0.7281,-0.0542,7.2659,1.9864,-2.7091,-2.2591,5.5496,-1.6956,-5.6874,1.6624,-9.2571,3.3795,8.2191,7.9472,0.8244,7.4348,8.9783,-0.3178,-5.443,-6.9495,-0.5116,1.6215,-6.6663,1.0808,-1.6552,-3.704,-3.0848,2.9338,9.0542,-0.2616,0.9263,-5.2739,6.0036,-5.1996,-2.9955,-3.4379,6.4816,-7.7899
-9.7012,0.4564,-0.1921,-6.3864,9.6484,-1.0778,-4.3982,-9.1129,-6.2405,3.5074,8.5363,-8.6289,4.648,2.1853,-1.5823,-5.8303,3.1641,5.8377,2.8577,-7.072,-3.6263,-3.6084,-9.7771,-9.118,-3.4679,-9.4964,-7.7079,-6.1857,-7.7313,9.8611,2.3927,7.3677,-0.2226,-5.7801,-6.158,-9.3463,-2.1987,3.0997,0.405,-5.6953,-6.919,-4.7326,-3.8044,-7.7055,1.8531,4.7939,0.892,0.3917,-1.023,-6.8963,-8.0708,-2.617,-8.1226,1.1948,-4.9497,-4.1919,-7.7439,0.0029,9.0117,8.5705,-6.9764,3.2769,2.5974,3.1198,2.2752,-6.3773,-8.3779,9.861,-1.2994,-1.7303,-0.7191,-1.1424,-5.1584,4.6644,3.1038,-2.4482,2.904,2.0475,-5.9611,3.5405,8.1236,7.6903,-9.3047,-1.0686,-5.6814,-3.2855,1.4723,9.458,-4.8762,-9.1863,-6.0592,-4.5206,-2.8047,-6.5391,-6.622,0.4504,-1.6242,4.4757,4.8732,-7.3404,5.4948,9.4442,-6.4776,4.3472,-9.4638,-3.9583,-9.0923,-4.6852,-4.1748,-3.8965,1.6913,9.599,7.0971,7.3025,6.9279,0.9279,-9.7212,9.2853,-2.579,5.0004,-4.99,-4.8892,5.1796,7.95,0.9328,-0.5892,3.1575,0.9536,7.133,-3.295,-1.8703,3.9993,-1.8581,4.5008,-4.6232,1.8254,5.9963,-7.5951,4.2771,-0.9277,8.3458,-5.4171,8.0501,1.7591,9.5458,0.6238,3.8734,8.9632,7.2536,2.7296,-7.2431,7.0692,5.1702,9.5545,-0.9231,-0.1595,-3.0481,9.8323,2.1991,8.6211,-3.6202,5.3572,-0.4947,-6.5006,0.2123,-9.7193,6.7689,-5.5098,7.6086,-6.9135,-4.2551,-3.1931,7.7994,-4.0509,5.9124,-0.6082,-6.5628,8.9571,-4.8095,5.0391,-3.2376,4.2206,1.088,5.5624,8.0435,9.2831,-2.3007,3.9091,3.5735,6.3719,3.5061,4.865,-5.1239,-4.4003,5.9505,-4.4794,8.9042,-2.3625,7.9348,1.1397
